52ab012f
fae007e7
0bf3ef09
eeec2df9
091815f2
25ebd3f1
08dbd60c
e2e952d7
05f2fb11
eaf90b02
d41702ab
0bd9102f
f10ef50b
63f4ee1f
cad914fb
132907d0
f007e537
1523d4f6
e3fbfcbf
c6fc311b
cf32e5cb
15c0bae3
176f5a08
362d16dc
e2d85ef2
200efdcf
181bffd0
e6be40f0
03a71bed
ea0c4cf3
0907f9f0
dd0a08f2
09cb04d2
f1080b0b
0efddf04
31e306e1
221bccf0
e5470b3b
e3221909
fbdecf35
330ef2ec
bff51407
edf32ce5
0628f500
fa3c0ef6
f713f5ec
fe11dae3
2ac432d2
0d0c4618
f01afa7f
140d080f
0f060e23
df51f10b
161d7f0c
040e29fe
1d041c0d
260fd21a
ea010d5e
fd1304e4
1f1ff535
02aef508
14d99127
eed60ef3
0719fcf0
ebe4cf35
0f3bf831
fc0e085a
d202dc08
d91e3a12
13d219fd
3fdd0ed0
d60dcdf4
d5f0af07
02e31330
e7f7fc18
e43543db
16ae0906
0dfacdfc
fd180529
b6f10be1
c1d9f01d
f619de1c
11132121
434eea0a
25e9ff10
190720ca
e13f0a26
00ef0de3
bed4e710
ff06ff01
daf8f9ac
0812e1ec
0afb09f0
260a1c3f
32fade0b
4de7e750
092c7f1f
04eac2e5
d3fa1006
2b0afd2c
09dbf710
1ddc70de
0305eaf3
fff3dbf3
0ee6fa2a
eedf220f
ebfb270b
0d13e181
f9ddc7f6
eff56b2d
d73a1016
f0190315
f2b53ad6
fcbdff08
bfeb14ed
1e14f0f4
2314cdec
ffd1ea05
b129ddfc
23c42154
31210248
423c2e05
fbe9e31c
17ff9fd8
be0afbfe
083efaeb
c2ba1b13
ff37102d
fc12a62f
e84cc50c
04fc0b35
eaf1d51c
fb03e412
eb1ea5c6
1a38f019
b4f01119
13501ce6
d8efdb00
0f13f900
dd1d04ca
07eb08f0
fc8ae603
df010cf7
260bb9d7
f314f623
de610b13
30f9fb24
fffaffd8
e8dd9501
40b509fe
f0dce920
07022833
08f3161a
e41114b3
f2f90104
135ae42d
d33f121c
033bdad9
e0221c61
db1a16ed
06faea06
ecec0d22
1bfb05ea
d5f9df1d
1b3d08e4
fa132314
1fe6e7ec
1b15f82f
a825f401
c62dfb0c
fb1406c2
d239ddde
fc17f51a
ba0f3702
f3070deb
0ef930ea
f5e3f8eb
2038defc
e30012ec
fcf2f2b9
12f20af9
ebe201c2
07cb2608
12d2bb70
413d060d
c8f0d8d5
fbe20c08
2ee933ca
ec24c403
e0faf130
e520dde6
2afb1216
f4f6110d
f4ddfbd6
45e4ed20
dda60f23
f9ddf3f6
d9eee4d2
1c27f8bc
ececf61a
d21dfaec
c7d715e1
2c031912
021e0a07
1bc6b0f9
47d522f9
0ff102de
810ecfda
f12dfdc1
e116c714
dfeae5d6
bade0016
f96937fe
0be6d60c
0ffd14f9
45290e2d
0a0817ea
b7390ee2
06001ff5
f3f9f217
f32b070a
07390f0e
02150808
382c14c5
48d11819
68363aef
22ed0ae2
f7da07fb
13340bda
f221d6e2
48fcf944
df210323
2baee0ff
0bd1bbda
d819bcd1
c0432618
d4d52bd5
ee2317d9
f1d3ebbb
06340a64
e4f218e7
14d71b20
e9f2e414
f2eee70f
21b7db03
02e631db
15f3fb29
ce0e2003
e7dbafdb
fa140c14
ff0203ec
0b20c7f0
f2cf0b00
09e1f118
e202f5fc
0000eff3
3102d00b
06e743dd
f42d021b
eb0bee0f
0b143c08
0d2af0e4
355b07cd
a1c92cbb
e900f4fe
4d7af402
fcf816dd
ffee4b09
fa000b19
073c30ed
dd07dfe1
a6e3f520
f2fe1aa3
f004d2d7
14090410
4befecd4
e2b30ff3
22f106af
11e50af1
dad3e317
42ef09ef
0e2029e6
fbf7fae5
e3c82c1f
19cdefef
17e617ba
2d470519
ca101551
fbfd0310
05d07918
f1fe26ce
b00cef0f
30d9f701
c9cf3c0d
161ef421
222be5db
eacd5ee5
135d153b
1e16d714
123908fe
ec0d1628
f1f72a01
c73ced28
00072521
2413f106
deaaf403
eb011f0e
f1cbd9b4
e40b0af2
14c93ced
2f6e18c4
d30de0c2
f1fbd005
167ff8f3
ffebde22
060000f1
2d0ace03
cdf0fce0
e5b315f7
2e11fc1a
443701cf
df0552f7
01031118
a8f936d1
3317d70a
f218163a
faeec718
d9dbb11f
e1b011ee
11df67f4
3613c027
d6092704
27d8e311
e8fc1a05
76e923ca
05d30007
02dd07eb
f91adb02
05f2fabc
03f6e5f1
cd2d3a14
0def183f
ffbceae1
3714e02b
f9d8e34d
fd04d508
00e40121
520d28f7
09eb22e5
2b10e121
f01112ec
f4dcfc1a
d84bd524
11030204
f5e1ff02
f916f61c
d7db0a12
1305f820
13d6f816
0ee1ee27
c31aeb23
f8d50fe8
12f8f20e
ead4d9bc
e414e925
34fe02de
d9331ce6
d9313cad
0c18e0fa
e520bb06
54eebec6
c309f9f7
16efd4e4
143717fd
1d111eeb
d914f6f0
1d0ec7dc
25f3a920
4711eee6
3df3170d
f02009f4
d140d1ac
1705f8cf
21f7dd32
1c28f5f9
f70d04fc
eeea1517
ed2e4226
f308ece6
e2100f0b
f6f3edec
ffdabb24
3916352f
fbfbe037
ebf704f7
0af9280f
2b1735f5
e90037e2
1ee1e2f2
2100e510
bf2327dd
f49a3004
46fb0615
d0e2fffc
45ba26f4
f6da1318
cef6f5f4
f3aee32f
0ee7e52d
c8e8e4dc
13e32cca
e7e12fa4
e51501e4
fe262ccb
d2c742f9
2901251c
e425dfe0
e60ceb01
d7f929fb
1003eff0
e2ea24e6
e4100909
15080ae1
e30cdb31
ff14dc20
e8c80edf
f6fef018
032791f6
320df917
09ff50f2
10f82621
e7fb2d1e
c0001f00
cb37f600
e5f0e5fb
cad83424
f2d9d407
f26701d9
26c9e405
e8f9e1b2
35d11632
1f13fbba
0a003137
075c2c05
ceff39de
dcf92556
0e422f24
99da000a
1041f7de
00d5faed
f113f51b
0cd6223c
d210d60c
e8e40c0d
d6c4002f
0d0c0dd5
00ffdd29
f7f7098e
01000c0e
0219fffc
0132fe1c
1301950c
03001ffc
290b2024
0a360c16
00f6abf0
290e2ccb
ab2dfc42
10fe1b14
d50edf2f
11cff9ef
d2e71107
3cb5e935
ebe6d1fe
4801331b
0b35fdfd
02201203
ed02ed08
f211dc0c
dbfc2133
3d0707e9
0b07d0e8
e70ef926
d3d4df07
f9ccdf16
181520f7
b8daf302
2ad91d64
37dd091d
260905f7
10f81fe9
eded07d4
3a202cee
c837f9fe
ee18ace8
f12b9121
0fd4f6ea
f112dfdf
e210e6f3
4802f906
e8daddf0
442913bd
e6d7d2f0
db110f03
12fa075c
e7090708
fe0810d8
ee1e1c13
1c0771ec
17e547d8
e9d21ae4
dfd91f2b
02ff1af2
2904f3f0
1dde5500
24ed19fe
041d1908
1c240f34
0302fb14
1026f030
b5000ac4
12cef9fc
191cd1cf
a9f30515
01d14fe4
0c191bfb
3803d518
e60d57f9
ecfced13
d8ee1803
10fad021
3d180acf
1125c403
10d2e908
031ad71f
011cf73e
18f2fdf2
3301fcfe
0b260705
d4bccbcf
f30e3ae3
2cfd2225
f90e0331
1402f932
f823edd5
00fec8df
1ae60514
3ecf0f29
e6f33141
19c404ec
f82bfd0d
0bedefcb
0bfbebdc
22cfaf17
1cfbedfc
f31c00b4
40d3ce03
fb24e0fb
280af02f
fe26351e
fe2dec18
f909e9f5
09211316
0efdef0c
0e151e03
fe1c520a
ea4207e2
01fdf508
1d1ff617
0726000a
c2dc2907
37a6231d
13010508
d622e3ec
f9faf90f
130a1c0c
f632d932
f1f02a0e
ebe90afe
1af21200
09f0ea01
e809153d
c3fcca26
f7eb09fd
27f82add
19f6052e
1a3748b9
fdfc2c2e
0403ee06
f11712f9
e0edea05
01f60ba6
daf400e3
0d16da16
0be1e8e9
0d23d3f2
030c1d13
3406edb7
cfcad4ea
3eec0e5a
1114f513
d715e911
25551c15
4119f406
f7eef309
152f16d7
c7e5edf9
da10ae08
f6c80ae6
05090314
2507eedc
210404e7
14de1bd6
13eec60d
101713f9
13380db2
ee05fe25
0216fa19
112dd6fb
fe30fef4
1813200b
f7e4efc5
e4daf536
e41df9aa
f71a0d3d
1502e8eb
2be30b3f
1120002a
18f808e5
dd1c0f21
13ffe803
0cffe323
de160919
1de4f70e
2acc1ff7
432ffaef
06da2cec
ff04db02
1e7036f0
c6e8ce18
13dee400
0717fd14
1dcddfd7
f61907aa
ff080def
2e100ce9
22bbdde0
f01e02eb
f4dee6fb
32ff0121
eb23fe36
ee050ff5
1d0c020a
e83f06d3
143bfa19
e8f8ba04
ed0f061e
d6240201
20a43320
ff110ad9
1afdf32e
1b2df2c9
3e080ee5
4cf7fcb4
d8da0120
f0d305f9
ea1b1fe3
1ef1d4f4
2cf52220
11f7cce7
fb191edf
f9041c13
03f803f3
0733e819
34ffed11
1e10e740
efddfb00
0ce8e908
f8130a22
44fe0ccd
1f0e079a
ef0ad30d
ece0ecd2
090f1903
0de300d9
0a0929d5
d4d9260b
2a38f8fc
e717e0d7
26c819e3
1b2acdde
d4ff11cd
f9fb2f2d
0bff3b0b
fb19fbde
250cecd1
0209fc11
1215e102
381620e0
ff0fe4e7
031103ff
1b0bf916
16eed60c
39f3ec12
d21f0c11
08cebbd4
d354f4fa
1d0419df
1c12d3dd
12b40e43
f5b30b00
e8e81f02
1d0efd2c
e81209cf
2dd6040d
094ffe12
060bdf01
10d0bb03
62f8cf4f
440cf90a
d3ff0c15
20ffef01
f5fce2d0
3d31280b
ebf20cf7
29ed0649
242c09b8
f8fbfece
edf708f2
01fee308
0821e6e2
1111f4e5
d5fbec27
c608014b
065c0819
fcfee01c
d3021b38
fc24f8d1
feb11a16
02020bf2
11fd1505
1400c70e
d921f92c
0f14fdd0
0ff802f4
f8dff122
25252d10
01ffa557
1624f309
f0fbec0f
fae117ef
fe130b1a
ea0c12cf
0e0deae3
252c1ebf
0a1aece1
f307e7f6
071618cf
e23b12f1
e8f93706
f41d020f
19d5ca07
2d1b2b7f
ec1f3cf5
14fbf717
fae30c03
07f003fa
33fbff00
fbfa11da
fdc706fd
f8df9ef9
d2fe12e3
0532f911
0025e503
18f8c8fe
fdfedb28
07f7fffb
e42610ee
34250d13
f4f7d4f5
03d5e205
dd160bb1
fbc0fa16
ec06e005
a0e7080d
2cf8f91d
0b08ddf2
d5f50ab4
05d8280a
0039ef13
f1e61fcb
0efdee33
fd1204da
eee30dc9
fbe40242
da00120f
0a08deed
1bea5ac8
26f7fa2f
07fe2714
eb1a0ff4
0f202104
fc0be2ee
fb03ee19
f737fde3
1ad7180e
27b4cbf3
fe27083e
cb14e40e
d023fbf3
ded0ddd2
1f0cd4f5
082b0fbd
e46e0f0f
0d4614f3
5219dcfa
0205ee03
b6ffdafa
bb2afa32
11fbd6d1
fae8fbe2
13364217
f61333be
e9e0dec8
4febf00f
1f092805
01f9122d
1eeb17c1
f914e0fa
f5c80a0e
db09f605
f5fa0fa2
2911ec2b
fdd5100d
30d1d712
26faf3c8
d5fcfff6
2ac0bdf5
e32a19f9
cf18bb33
24d0f3d4
050426d4
1c201cfb
070ae138
0b24e7ee
20e323ca
11100d07
15ecfef5
fdd4f3f7
e20ede10
19242608
fb1beef5
0a02f916
ed160317
1a24fec4
de2fe3e8
14f7ffef
fee3060a
da3115de
ebe20819
11e2f8f7
eaf20af7
1d22f8f4
1e114f64
0c3d10bc
da3906f4
eb3202e7
1704e6ea
f3fbde2f
f4fce206
302112f0
131806f9
4c10fb0e
f3191205
dfffd0f8
fdf9d663
0af927ee
13381ffd
3a2bc2f9
0d0ac3f3
ea26040b
f048e7fb
f80ff400
2402221a
f40c3f32
0be400e1
ed051ef4
e90aec29
f44103f4
1f31fa23
00390ef0
e302df42
cf1d42f7
1bb1ff2b
eb2bf3b1
f3dd078f
201fee03
fc19e3e8
04d1d3e4
24d7acd9
ff1bce0b
1729d223
0fe5fe08
d012f7a7
a3e102ed
e8e01a0b
fc1a40f0
fcdeee17
0ac4d51b
04d317e6
f5f20acb
0c1412c7
e0d20024
e02a0ffd
202528f9
1a0e3217
3711cffb
ea05db07
2a290d44
2e0cf04c
1214ff0a
20eafb27
10f8dff7
dfd0fdc1
f7c126f2
05ddf1f2
fbdef7e3
d406fbef
211b0bea
d328fb0e
2feafe05
cd1eeb31
1334cb29
002416f3
fc13f90b
1efae8ee
0519e12a
0dde00ff
0fcefb15
f105f1ee
fcf3e739
f4dcf22e
cc09f126
09ed14d5
fcfbfe31
27e5f30b
2d15e802
fd0f1ef1
e1c212e0
05e121f4
284a080c
db15d5dd
ee32f6e8
ddfabd16
00ca25d6
6232c3f0
f806eceb
e6a2f1b2
132affdf
20cc23e2
172bffed
23edc416
f3fae303
d0c5e402
daf4f415
3bc1f843
fbf7e0fa
cde1c29e
5f23ed36
0d5202f0
f53912f6
051df308
fe18c6fc
f50bb917
122818d0
5016ecd6
fd081937
141c42f5
2503163f
ded537c9
e81904f4
ce50f122
d7dfea21
2a0ee4cc
31e1120c
f8caf421
0500f526
0a080410
ec14c01a
10d7fbe8
c647fde7
0df4eaae
ca06ee03
0f070222
1101ba42
eb1ce9f9
f0f0f7ef
0d120109
1401e4ca
03142904
d713d6f6
3dfddbfe
f4f4dd14
e91010e4
12020ef7
fd0ce907
24fc38e7
03faee33
d90cecfc
081b35ea
09e9d6f4
01d035d5
f22cf40c
07351d26
f8e91eec
4dfccd6c
faf2f4e4
24bc0ad9
fb1ef011
1601112e
2ae0160a
ee53d9f0
f2d812ed
d11bee0c
c00a4508
fc1da0e4
0cec0bf1
0936fe14
e8febdce
1dec19f4
04cfd5bb
d0c91a35
210fe6a6
42f014df
ad060ddc
edff0fe2
f41fe6e8
05d91d20
17d0ea06
171bfcf2
d601d2fb
d606d0ee
ecf0beec
f51ae0f3
05efefea
a7ec32f0
d8057ffb
cfbb47ea
f604fd53
2341d9fe
3003dbe7
0ddd2216
15432ed6
ff20b2f5
35013e0b
3310d9f2
1dcf40d4
021a0e38
3bf74837
e503dbcc
f1ef4624
ed0a0710
f9ed0fdf
38dea4be
2f06bcf5
f4f7a41e
0036e2dc
4ffee9f2
f531e20d
1d07d449
c303f2e3
dfcbf536
3a2edef1
06ccd015
e308220f
2124b90c
c8ebdc17
dd2e0f3b
16021b0e
1bf21f07
810f2a40
0a79e6f7
1dff1aef
10c61b08
2a1429f4
22345c43
2b14121c
dde0efe2
a6e73025
ede7f323
de06e98e
0137f554
3bfaf6e9
de03bad6
1b31edfe
3c1b45ff
0fb5dce2
0912372f
0910e76a
0fd4f85a
eae2f90a
0b285781
3c1de730
fd1de21d
19c610e1
fc0512e0
edfee80f
761dd2dc
1703e7f2
1af63d09
dc1fdee9
81df44a4
e216fc2c
2fc7e3f0
c206ec31
2cecc4d1
f7194303
fab7fdf5
eaf3d4f4
e4d6391d
f30603e7
0d0a01fe
1820dce9
f72aedd2
c9320ceb
44bfacfd
1ad2f212
4f0533ee
1151efcf
18e1f620
faea0be2
81f41d18
18f8f10c
fcf48e26
f104240f
3331fb11
f1024703
d2bf2a8e
3f131307
15fdd000
ffe0de02
fb210cd9
d3f31613
2df8e300
17e32c21
dc30f9c8
0605e432
2662d540
dcdd2a0a
c308c402
deebf32d
fa2296c6
fdf03bb8
fd0dda3a
d0e846f1
251d34db
bd1341fb
e4db46e6
cb51230b
fcf9d63a
17f81b1b
f71408fa
20e701bf
b8fdb933
dbee12f1
f8170c40
1cce2dde
081c03d1
02d60f20
05f6b6db
f10c0af9
5ae006e0
d602031d
e5fe39b4
2604c5d0
e2092e2a
033030fc
fefc4bf5
1de25e06
b316e8dc
e916f3ee
edf71408
cd320907
e90cebf3
1281171b
d10b621c
fc16cb1e
c01dfa1c
0dde0ae7
fc3ccf51
0c7306eb
febf18ea
14f8fed5
3fd4b9c7
4f261d31
d725ea2b
1128eaf9
b7de27eb
2d00c1d5
f0f91f0b
4cf62d41
f83345d1
e9ffdd31
250f0d45
eaf10cfc
1e331d3b
adf90a0c
38de26fc
4e20f50c
2249fbdf
f4120be8
45200d06
01036cf3
e510f639
17f5004e
10ecde1f
f712cabf
efb8cd1e
f304081e
be3df22f
eeeaf119
131bc5c8
bc161b22
c214974c
e504f3f7
e11702ae
f6effbd8
bb390c2a
f830fa23
e0bd4426
0eb7deca
8e091df1
1bd2dc42
f1fff7f6
cbf8d5f1
e5c0ffef
103df809
fb25008f
12cc3d0e
2cd81ac3
36f9f301
5def18df
0d05061e
a7bbe8ed
e90aec06
230125ef
30ef07e8
f3fffabd
4b0d5125
2afc8f08
e0131fd0
cfd53c1c
130e08ff
4f5cd5e7
0decf9fd
231a401a
17d4e027
f6d4d51d
ff0d13d5
10212701
dbfff52d
111ecaea
0f2debdc
d7071c09
e1cc1a15
fa0417ea
f3fc2cf7
b0fd1b2c
10f4d3bf
1cfaeaf2
1a05e5fe
0a2220d4
ff195fe3
1721e6d9
f808d30e
330a22f2
281de8e0
f2ba532b
16c809f4
ff1ce324
b212ef18
fa1838e6
1fe4e801
cb09d4d3
1b174137
e3fd1139
f03d19fe
d0e60b9a
c5ca0dc1
f3a5e2ae
130a0ad2
e8332be9
ce1fd4f8
03f167bd
f313eccf
1c11320f
fff1fe19
da0522f6
1207f70b
3fef25ee
d00a3602
101b0e00
3dc93205
020698d5
39ebcad8
21158e98
0ffbe135
a21bb405
bae01fe6
d7b109f2
d308071f
e7002207
12dc12f7
05df0313
f2eb1af5
bc0719d5
f608da21
13299acb
04f80244
2cd5e53a
1bdbeb42
2dffde2d
f2f5d149
5dfa230d
2b155aef
04c3fc3f
fbb9e2ae
18fc2b2b
10b7f8fb
1acd4c11
46f7f4d8
faff2930
efdb08f6
2cdab8b0
15152510
dffee616
1d3634eb
264eadf2
e2091a06
1bd317f5
09f95909
f50fc82f
3b2534e0
c535fc13
e5f9d3e2
212e9cec
cdf9fb23
c8e495e4
19cee600
220a19bf
dc47e6dc
0d200f35
bec9032b
ebf22e66
faf7e727
1f043e3a
37196926
f0dbf7b5
eb81eeb9
e1e1401a
041ac8d1
f6ca19eb
cb29e3e6
09de3864
df0bfd08
b3412507
2c38add6
43db46c5
fb2aed15
18201a43
09081322
1b1caffa
1d0533f8
cff14d22
f4c10707
4b03d74f
0b04dbdf
01e51c0b
1ffdf928
2737d414
e5f3d4e6
22ea28bc
0efd1106
4fc63514
6af3dab2
b5dbea04
1911d3e4
eff336d7
dd010dfc
0117fa31
1284061d
fc060c2a
3aedf4e7
7029e758
e31505d8
d845eab4
0cfcf5fd
44301bbb
b8180a1a
7c293d07
da08e133
f500cabe
eeecf367
4c4d27d1
f602def2
06e4e948
24262f0a
fd11b2b4
050eb816
0bec07fc
12fa1713
c5bb0fcb
4c161ae1
d1c4dc6a
0b5bebf8
ffea05eb
cae3dcea
d145e7ee
25012b3d
08041001
00e7dee3
12f4f2cc
21d1ddf9
e3e91b1d
1825fc2f
05b4d1fe
2deedb38
279c0f40
f43ce40e
7f1afe32
9615002e
ad3fd201
f3e5d503
1705211d
7ffa1c2f
3e0d15e1
d6ffee10
f8fbea11
06e31207
37e865b3
37ea39ff
eacfd7fe
1d020436
2bf3ca13
1fcf09eb
d6c5e837
85dfd107
31ccca09
cc3807ee
18e927c9
cdf3ff16
cde2e9e5
fc03af14
0b2b03f4
1c9e043d
35d8daf4
a6f0022e
81f5cd10
05fe14f1
4c241dfc
f3151c02
f0bfc107
fc22bd03
1afb1201
b9b10031
1f0006d8
de0e0a93
2eedfd08
20e618da
d9ad39c4
d4e6d91a
3ac5b756
110d1e6b
f0e81d19
daf8c6ca
09c218c7
02130817
fa143317
0ff6e34c
0af178eb
ede2d914
f81326ee
0df10ff1
fb08f9f2
287f26ea
0505e21a
2dd1ffe3
73f1e3fe
d5400d4a
0bd1350a
3300f324
eddb1561
ea132a00
1bec164f
e4bb0c0c
39c9291d
291a1216
eff3204c
f4090ae7
2d07030f
fb00fcdd
d3f8f5d9
4abc17e3
09f24df5
f5c81f04
f6e51914
ede31de3
370e0924
4e09d814
592e06e8
3db3152a
14d7acee
4807c0d2
d1192c68
e5f0fecf
fa4c3edc
1ab6b6ee
f930c852
05e0e93c
ff1102d3
d34118ba
0f241430
e3f41d6f
31c24472
fbff1601
1203e1f6
00e6ffa3
d6f9b923
05b55db6
df18c625
2907e923
942a2dee
dd2dffff
1fe400d1
2cee1be9
ede6fa1a
ec13f3f8
dff919ec
1fd7202a
fcf52c3f
3209edda
fa070513
0aeefe33
1bdedeec
e90af119
343f052a
eef4c918
09e4f4f5
f1f2230f
fc28f0f1
16ef1393
e0f1c49e
e5edffc5
22120201
011b0305
0be5e7ea
0e1ef613
16f40ef5
d8e401b7
d7e01f1b
bcfb11d0
fee315fa
fee8d33b
1721f6e1
15fbd9f8
090016f8
411d0b02
0004002f
e5bb0220
d8a4d6ec
3ac2de0e
e2fc14dd
1ae62e1f
eb282be4
dd0ffe05
2006082d
f711ea2d
34e30413
23042cf0
dbd8d7de
f8092b1a
ffede9cd
e6aee806
140dff62
2c081020
0aee0b01
bccf12cb
16131408
b5fa151c
d2ff0309
a91702dd
d2f00da3
ca4103c4
0f41d5fa
54cec2fc
c53e070b
000215f0
2839f906
fef804fa
3511363f
c3f83fff
52ece724
f5d4dcde
46f6f3b9
2b0516f8
d8ccf6c2
dabd107f
3403f123
3a22e6fd
531ab808
ef3b0460
0b0bf9d9
cdf23822
222cf0c5
e5fc1d0f
3539c89a
424011df
250412ea
1b4717f4
f6db4ad4
1becd70b
113b200f
d36409fe
36fd4820
1901e132
bbe800f1
a31ae71d
9b0a14c4
dde4170c
ec16f100
2812e81d
21c3c8b6
43e628f3
080d12e3
f9c1c6ef
fe2cdd26
02090608
21dd2efb
4f0b009a
0827ef06
e112ea07
0ccdfbf4
deeaa2eb
dee201f9
140c190b
24f2e264
e011b43e
e9eaa9fa
1108fcee
1805f9fa
02c63f38
f4c9013f
dfeed1da
aaf015d0
f039f815
d2f7f7f8
bedbfac6
1af718ec
eff10508
0ced26e3
1612a708
fb102a38
edb3fb15
fa043a63
dd060c29
18100130
07190525
e31fd006
edd9daf8
06ece32c
39c030f6
fa2b2fce
17e3f528
f90ce2cd
fa173b2c
f6f4d4ae
291ef0cc
ca1d1aed
26e10f5e
b010bf21
ef2d0b15
fff618ef
d810c00e
0a18ec45
e5ef06d0
b2e30bc4
f6fbef21
0cf91302
bde51408
29fd0be7
b4f4f1f0
cd0ae235
f9071f4d
cbe224bc
088df7ee
fa07c3ff
21132e0f
f4fe2831
271c3308
512ef13c
170ed60c
d11bce43
2b03023b
f8fccc52
f72500e0
33d30e46
4c40e809
dbfbf8ee
f9fa1e0a
efed0bf5
1915e3d0
170ff70a
cffb1ade
1e01eff8
1536e616
f00dede8
380c35d6
11ea1c2b
abbae605
d9272a36
f4252af2
f0060e19
1d2afadb
f9f91eb3
0dfd0bfc
00edf3e3
7f4e123d
aff604ec
143f1854
f4042ff8
5810f44b
53e02b0d
1bfdf3de
1106e52a
e2cbe6f4
f805054b
0cf90624
151bfd11
3716ef13
2d0707ce
d3d809e8
2c41f519
e02c07e3
ebfcf11b
fd48f9ed
ff2c022c
df2c1818
effefc01
a3f714f1
1502fefe
d9d514e6
d323c317
f0f82bcf
3c0000f7
f1e4d729
30e10957
da15bb00
e3c5300a
10272236
56fb29da
d9db183b
d5010f28
ecd7f5c2
88150e12
f7eaea12
05121c39
e94ad8fe
fa0ee715
27caf2e9
b4f52eff
dddc11da
39b92fde
e50f1402
280a070f
5bff1772
0cf82efd
d318fb46
1c1cfe05
661dec2a
1622ed0d
d8f01304
171611b5
ea27edd1
f4f50bce
cf0102d4
4adcf61f
d61dc51b
e308fe06
08dfe433
fc180fb1
1a4208c7
27341b86
3918f91e
d710f111
f7d614cf
3e20032c
ccfaf7ce
1507df09
e4e3d9ec
041fc20d
1fcc1a12
02fd0a0d
6cf9081b
1ee4cbde
02f2e3f9
f9f70728
0ef9efd9
0f0c3237
32fbf509
fff91416
2bb8ea2b
2913ef28
d8e9df7f
2a03ddc2
f94dd5f8
09c4e640
d7cf32f3
cae34512
4feeac4e
0614e804
fb0256e8
0f43d40f
f9f7ed36
ed2719d2
152aef04
1c211d0a
230d0031
e715e118
251df9ea
2909c30c
e40fdd1a
ede22a33
c1fe0914
fa4dd52b
2170e100
0319cbe9
12e8c20f
ffe1f41c
e2ca1aec
c3e7c0d2
122a07a4
f7fc04c7
137fe829
1ec6fb2a
f32103e4
ef200d10
e7e6f915
e446e9d9
5222ef39
2021e9de
f81ec9fa
f6fe0b04
000408f3
e7c3dd05
fcdf105d
c2dd0fb6
06ee2be0
1307f00e
12d37005
d3f2d048
4df406e9
1bd700d7
ec0111d4
02033b15
fcfd02d1
09f8220f
c8e84526
ed1607aa
d20e26f7
f6c4cd35
c61e20d7
caf7e3fd
f8fb3234
f9f9ea05
e424ffe7
0cde00ab
f7e7f5f9
24c3f765
341afdb2
d4e8e116
edf7f7fa
2aeb1d16
efb3814a
110f44cf
fa12cbe8
e5cf1e27
080df8d0
cfe5deea
eee9fe02
010ef6e5
43cd16fe
e959ffd3
0f08e60c
5820f8f3
a81b0e38
ab25c8c3
f5030431
0dfa2423
cb212111
1ffb0ed8
d03cb502
2230e73c
26260934
d1f4e1ef
ee000bd6
1ce81601
0e042ad9
1dc7d503
f512f2eb
080ad108
c4132acc
940224c6
fcf9181d
1ef90207
d1e80fd3
9e020269
0e0172f6
edda15f3
02ab2df5
f1e70286
27efd9e3
fc20ee13
56e91306
0af0f932
10063607
f9bf2ad9
1f4dfbf7
d6022b28
0f15f6e2
c0ec1eef
13151a19
22540a0c
c719d5e5
02eb0ffc
1361de06
fedcf9f0
2330fdf8
f2ef1819
dce5d9c5
0201eac2
8af5c40b
ee120039
fbb011f3
1c2bfc22
c30f00fb
fe282000
2e25260b
9cd01722
e10210f0
1733cca5
c0d5eef2
d8e9dd34
2e09f615
c7f0f516
e220e2dc
f5eaf000
c308fada
f1f32208
b5daf20e
d707dad1
14fd27fa
1c09f003
f7fa3317
d0db27e3
0cffd5cb
0451eb48
f4321523
2c08dde8
43e7ede1
bd21e509
0723a8f6
eaed0013
f9134641
18150f00
ca3136f5
ea180004
33f0e523
ecf0f511
dc8b1e0a
c2ccf992
eb11f228
29224500
e2ed23d3
2aebd5e7
e00ddc55
13af12d2
172df410
f0d904ed
14d8e6f6
e8bf0fe2
0bf40020
e4f4cbb4
f8e626e7
f52735f6
e021c403
0ef1d31f
00e7ddf8
04db35f9
aef9f015
f40b14de
2a02f7c2
111ff7d9
4fdb14fd
1b19cd01
0cf32dd4
1511e505
011df14f
f6e398fc
dbfccc03
42281d11
38bf5115
d2fae523
17ecfa35
0bfaf51c
dd0cf2f1
71e012bf
12e01a19
e3160d1b
e81adb05
fffec903
de01ca11
ebea1010
e92d10f9
e411094c
d41cd3f6
084c23f2
02c5fa08
e62c31f1
1aede022
2ec626c9
cc0bfaff
272522da
bcd119de
c6ee0dff
0b2dfa11
2e08d83f
2912085e
f749e1fe
ffac0893
99fc1717
f5ec0605
c2cefe4f
050df922
d8152955
163338fc
1c42d7e5
dbdaf1e7
18fb0f45
14beea3b
e42a3df6
dfeafbb5
bd18febd
1ae21000
eb25f3dd
11d717d4
fe13e3d2
27ecea1e
13181246
0e121fb6
d261f552
c51e8145
f7099ab0
2f31fca1
a80e37e5
b5f8e9e1
fbd308ee
3e123d0c
1f2fee37
3128f2f2
1c06c309
46f50804
1ad5894f
390a0022
d5e015c9
1bee0dcc
2e1debf0
e405071f
f63814eb
cfef09ef
fb1ad717
0cdff92a
59f50e1a
081df50b
28be241d
1525f42f
03411928
3a10ea20
480732d5
b7c2f3b3
14d91101
cb02e50b
114e392d
1fe6bdd1
1fefd22b
423925cc
ebed2be2
e8aeee2b
2a141847
16f1f7ce
30e2ce3a
6a0c0fdc
a00efd18
d5ce16e7
1fe08151
bf1bd2fb
140bc804
0df3ed38
522d1833
1b10fc0a
3d0c0b54
f41c0fe5
e304ca0b
0e01e724
f4190ec9
070b2f1d
08e106d3
1af9bb11
faca3f2f
fc1007e4
4be8b326
0429f6f4
0de82a02
dff5a714
2df8f44c
29090446
06fbf862
c4f91729
1ff724c5
00f4360e
e43b421a
2df2ccf2
ce14e7ec
d2000cf8
1103d2a1
4cd00b06
d5e34836
191bebfe
f9fd06f9
15fdfa4d
b2fdc802
05f9d3df
04b302ec
eaca0912
d424ed3c
f3ec1012
21c60112
1b0dd01a
1fcb0154
1e06ecfb
d0fece98
fcbaebef
06db283f
2312e8fc
17f27fe0
9405f41b
dfee1d1e
f803bb23
dd09ffe9
f600fffc
f720ed64
fb1c1526
252439f1
f8ecfdea
ae49f9cb
fd12e822
d56533e0
eb100d31
02d8facf
c61b0e31
dcf90837
10e2fe4d
1ba5064a
cfe4fbf0
efd80ed1
fb1d14e7
1305d081
fccf0b36
f4161bed
0a09e3dd
3e1801fe
09060fff
ee1eea13
1edd1c40
c23217f1
27d90413
1bf92604
e7f7fd35
e1f61b04
3ce42819
1febfed3
2b122610
392219e3
f5e929f5
26faf0d6
231d0625
dd02430a
04d424ee
e1dffbeb
cce12aea
a6dfbde0
cdffde03
3afb0735
3305a6d5
bf2e0e2e
ef27f9f5
09bb2cee
072cdef8
d03129e6
01c71a0d
dd3c04ed
1cdf1249
d4302be2
1c17f2ef
e2102620
23cc058e
05f863e1
41000835
e8d0a5fe
000219fb
0b19b7e0
14075ef8
32f7d6fd
0c2de9f6
fb005144
d10400ea
0b2414d9
02074be8
9517f473
f61811f6
f5f2cc17
ef070456
1f74a1dc
dde10f1a
eb1aefda
55e3e5f3
0812e526
e81ee7f2
42eb2237
f8db0f24
e1f7d732
ab19fb22
26d2142a
c3ffe6e8
1ec9d20b
110525e8
18fddf10
e405fed3
08d232d1
ec130230
be0014c8
f7130503
06010e20
fceb30f5
e8c91d51
edea52dd
21e21126
e1e51533
0917c6c5
e6e0fac4
d2fd1ada
04020700
eee7042a
ec041113
24215519
0214fef9
410222dc
1000f8f7
2eee1a83
44411ef6
acd6e92e
3a20ea0a
e042f3e2
9f08f002
0de5f222
0cd84714
bcec30e1
021b2236
ba03082e
0e021efd
1537409d
174ee6ef
28ff1b04
0df2e4d7
1bf9d0a8
e6ec0cf8
fde1413e
c213130c
41181b25
a50bfae9
c6f9c815
2601f6c2
d9e40107
1febe6e8
29fcdde2
d390130b
370bc7df
42e812f4
ffacfe0f
c7040842
301aa4f6
cc3ce1fa
ea34d305
1a32fcfe
66270daf
2c26140f
df13ef0e
f0f31acf
cbe617d7
d1ed0812
ec2db6f0
1bbd3e02
cc001a28
f240e6cd
d14d0c25
f1f8f4e2
45eee4ad
2119cce5
a3e91544
f6092f12
bc092ffa
61fb0c7f
fa37bdf2
a9f826fa
af192e25
f21a10fb
051aa5f2
fbcfd708
090a3324
01aa0f18
2fdcf900
01172023
f5dbd6a5
05d320f0
e5f106dd
022aea57
cdeac040
1d23d8c2
d23f2120
cf01ff11
d62c59e7
fcf91016
10381afa
1e24f61b
c828021d
0ffc040e
681b58f1
1b17fcf6
f1f3f8ed
060c470c
d5ff031c
2d27f8f2
6d200f4b
f20d08e9
080acf43
d7f328d3
f5f6b4e2
f208deed
1a07e0ea
3102133d
f415271f
fb07fe45
f7f7dfd2
1d06fdcb
ecdf95d6
081218f4
12c0b9fa
2f130bed
2d241208
f941d9c3
1b274811
dfece249
36f3fd5a
1009130b
f6ff2f3f
e6f5f7d3
fdd4fe1a
07c8e6f5
551bf912
1f25d4e3
1cf6063c
f5fa53fc
fa0cb513
d40efdd9
4adfdc17
202200c0
160ff1f6
08f6fcf6
0f08e9b7
170c393d
b5cd2204
d91c181a
1ce9d44e
3f16eff3
58000848
d60b141f
e8c3c4b8
f60b0ed3
151b16db
0ef80be8
fc0fc792
41d0f49f
23e5eef5
f9fd2aa4
0d261cc1
3000fb08
1120ec2b
e753fe02
fef4d4d1
152e4fda
b239dae0
d0f22514
152b2290
e8eb2cfc
1c37f9b4
34f535e7
2f2f2e4a
0220d934
e109fff9
e2f2fa1d
1ef0f7e8
c1f5211c
a1f504b6
04060a28
1bf2fcfe
31c00424
e817f4f2
f703f02a
a823bd0a
d5f1e421
0ad30b39
0cccdc2c
340aac10
e9e73ee7
e6c9d703
16fff4e6
c5e6a8e6
1bf1ff23
d9befa04
00d5130c
0a1139f5
c2202700
171d9a1a
e3ecfa07
09f8fd4b
1509ed0c
6c1c32c8
3d200bde
173cb237
48e1ecfe
14ef21e4
60160323
d3d512d8
0d041608
5b29e734
1ffa0000
0ae713fb
24110fdf
fb141a13
1edf29e5
6251be60
061e07fd
1009cc34
e0fc3960
01195212
fb0ddcd1
6a29ef36
01f6e7c0
c5da15f7
c5edc1cf
e7f40e11
280a16f6
f9fd5667
ba1a1dce
fce3dc0c
bd0319f6
001922f6
0c04d012
2dc60af7
5015cee5
f7fa266e
f1f3d849
122e4610
fdf40d14
d120cd6f
f0ec30fb
fe0a4c38
50651435
cbfadde9
5001ef01
491ce3dd
1eec08f0
2cb454ee
fe0841ed
d51a07d0
21c9f22d
3afa3bd9
1712f911
f52518c3
0bf7d619
47d01c0e
06133a15
0fccfee1
ab27eff6
d90213ce
d70aec03
014dbe00
37f844f8
da2937d4
12def41e
ba2206a4
aa3539e6
1b31ce39
403c21c6
ef56c816
ae0c0b51
38b91824
f4ed1cf0
45f1fbbc
15130601
3df618e9
0c10f11c
dad33708
bbf7cdf9
0def3ad8
1215e8ec
12f216fd
660ddc1d
191b0eea
4bfacbf8
e420d633
100d32cc
77ecfff4
172a7805
dc9915ea
e1390815
eef6d649
c207c916
0eff1bee
12f1f43e
eacf1126
da0af1f7
da06c8e9
1eaad321
130f0018
e2ef3839
ee1c3ced
ed1dd746
e81ff404
1d1810ea
caecafdf
16d92405
100ebaf3
e0be1b4c
b605dfb6
2804c0a1
09cc1c0a
1b04ec16
0034366a
f9edff0f
e3ef34cb
031c1ae2
1d05d5e0
250ee82c
d4f20412
f4ff11fa
68ffe2d7
2c3c2fdf
fbfeda1b
07fe0519
f6db15eb
d52d2862
d0c3fcd4
17fb1811
14ca1d95
d9e6fbfe
c18130d7
c428f111
efb6a1bc
fdb0e1f8
00261417
ec4541d9
f9084a2d
2bf7e404
dde3f0f4
1110f208
d6debbf3
21dd0cf7
e414f555
28ed1917
25b30eae
282fe5f4
feb4b4e6
16fc1618
47f8a41e
0cf4b7fe
0ff4fac4
6236fde4
024ce70a
3c0201f4
1cdcdac9
2e222a25
fd1642f8
021e4e66
fbca103b
d4002cee
030a1bd0
f2150bcb
d0ff1af5
2c41094c
0b1610ff
febfc729
ecd3f93a
f0f9f1f3
fffaefcc
19e90221
4e1c00d4
26feff0a
21112af0
df0318ba
5b2d3704
b518e4f3
e0b1e9f2
0b17e61a
bcced9ff
40e0d21e
51f8d9f8
2edf0c26
30b028e1
cc190800
1fbf3259
070003f3
fcc6cf49
5ee6d3de
27dedffe
d4e21e86
1ef1f538
c9f8e8cc
15d01d3a
3e4a14ce
cf0512c9
fc4df9e0
1117f606
ddd0c0e1
35ded721
f40708ef
e04cdb11
fef4ea81
60e1e4b6
09f3050f
07ce520a
eef60440
f22aa50c
f71303f0
cf981e07
37fbeedf
a3c7e645
3a2a05ad
0042f30e
0c2619f7
fc57faf9
bf09f01b
0107e349
1f04c20c
f3d9160e
1808f924
cef7e822
1cf220ef
3081ffe7
04e90ef3
f21905f3
24111f11
bbfb07d2
22ed2def
0c0ef130
d33ee4c3
13ded4f8
e84ce314
cd38e6c6
0fccd2e8
38f4ca30
cce524b9
fa1ce0e6
eaff112f
0001fc37
ed032ee1
0b18210e
0a3616ed
d6f64928
333307d3
0d35d7d9
190a0026
44edb114
04d2df42
0740edda
34161a0d
fbce0f25
1d16f33f
50efe4e3
f9120f6a
fee2ee46
de19f8fd
f6441d3a
d209a817
ff031d1d
c9b1efe0
ff18f000
0100e2f4
3a1cee19
22d0fe2c
f632c266
f85263d9
ebbfe6d5
3fe5cd2f
e73037e7
ee18a436
db1cee1a
051a1cea
1fc92a17
2602eafa
42545c31
201106d8
341d172f
d9c8dafb
d725d4de
f909e73d
efc7adb9
9c0917fd
1700052d
f10ceffe
edf10513
f8e6f50c
1501fa3a
7f17e0a9
180ecbf0
061b1c12
2ded0b16
1ed1fc28
d3c74135
21a7fe1a
fa1dec25
133410fe
26101a33
1035d6fe
23fc0dea
d5910f1a
e80a19ea
0cafd512
d9a92ab7
1ddcd901
e55148c1
0be0f618
e503d8d0
e4ee0ed8
d80f3318
c2e1e431
10e0030e
2203eef2
002205ce
0430d3e0
cdf4c107
96b507f6
09edd731
f119fc34
fbecfbf8
39fb5af9
e222fe42
2b3efe02
4f0210d1
1225f8d7
e63c1519
e8cb1c2f
ed111110
45e6f2cf
b94b0d4c
4cce02c2
4f41be1e
d9060b0f
cbfc43fa
1a3d284d
f1ccffee
0a110b17
eee7ee0b
c8220ae4
e22710d1
d41b031a
df04e7df
1cd1ed2f
ebd8e29c
02b5c310
10e8d3f8
0c19f521
9eded5d0
cafae1e0
f2a85d08
130c0e3e
350c309e
d5e727bb
325613fb
0d0d00fd
0619f147
f0f8fcbc
5dfc3ed4
1acb03d8
2008ed20
1616b91b
13fc0a12
e9e7030c
44082920
27d2ea1e
fb1d0e03
ddda490f
02d0d823
362ae749
ed4413c5
00ee0c1b
4b0e3dd7
0a27f2ff
194fdf1c
070308fa
11140d54
e0424eff
0d170d49
bd2908fc
3ffb19b6
02cc1918
1cd71ceb
e50c19ff
3f04e1f7
29523b05
2aec1b25
d80b09f5
33060dd6
f2c610e1
18e6f5f8
0d041537
dd1ce4c7
2dd40418
06e012d0
3627010f
6e0a04c8
d8e9db3a
ee9bceff
180ef635
1afbd7cb
0d0f2f02
1a370700
fd52fcef
fb170406
2b370828
f2f92d0b
dd126df3
004e137f
f0fee241
f0a21e33
c6d6e5fb
26f718c7
3dcb0b07
d5cf07f4
eb2ef715
31ea17b9
efddd50c
1ab21c96
f1a9eef0
fd1fe5bb
f52af6c0
cc03d73a
e10dbdaa
fe2ef0e6
01ce1ed3
f8fde5c9
b60f1a2a
eef123cd
01dc1c15
aa32ff2f
e230d4b4
cd46dd5e
f81dd8f7
ee1b19e5
39fad711
000fe66c
09f61203
23c3caf6
1bfbf6e5
09580625
2ad8ebdf
f4d61ce4
ec5011a9
02010308
edfd03a4
403b0a27
fd34c71f
ed12f1eb
e226f0e0
36d51dd5
cbb327ff
df0863ff
b005fa20
2e4f1fe1
d0c503c9
2c3608d4
d3df21f6
d14b1303
16dcfedb
0739061b
1b282aef
c81cdaf6
116728ef
0ce5e617
2f28e811
1dea2c22
1229fcf9
fe06f23a
1800d9fa
d2e1120d
d71d34ce
e907a6d5
0ad8171a
cc23f426
e50c3d99
e610cbe4
0c202024
17f50dee
14cce2fb
e1f9fc14
04f22d21
f2c8d5e8
1441e730
a42914c2
f6d1ed0f
d4eb1bde
c8dd1e08
25edc4d1
ffd3ddf5
1048100e
f6dbe80b
fca5d13d
d80c13ec
010a2120
f4c5d4af
3dd09f08
f62c110e
174ce022
fb0c02fc
2a09c8bb
f42cfc45
18faf22a
2b55d6c6
c8011ae6
22c4ffe3
d9110848
e0f90bfa
25f9e3b9
4afb0a46
e2efe00d
fe0007d5
e10ae307
1a0d41d3
de2127eb
1df52d07
d21507f4
d0e7171c
09c309e5
1324d62a
00fecab9
d9d70904
0ee7fd73
cbc9095f
0816f94a
be1dfde4
0d2e0ee7
f7e92833
1f1a42ca
1a00ee0d
f5eeefe5
31082625
5311e04e
d70813d6
f79b2010
081bf1bd
bf0aede4
0fba0613
d0f6f0ff
39f8e8af
a1b9f9a6
b617141d
c7084d17
0f03f841
1a1ef6fe
fb15e3dd
cd25d7f8
dfbd0bea
160a10f9
0ff1c509
dec80919
1afbe1f4
342e153a
0212080d
19cb0ab1
04cbe9f3
ecfe22ff
2de0dffc
d1d83cff
fc152328
f9c91166
fffd2b0f
f201f404
fc2a11de
d5dce6af
02f20530
f1cff42b
40111d07
103c7ff7
18e30011
c91c0c62
b52f1a09
fadc0118
4617de3c
fae0d905
22f9dc1f
df47d4af
04eef721
0f4fedd7
f3e8d2d5
1e2cd263
32aa1207
04c51a01
d800e2e7
e0e3e528
09efe1fe
fe12dc30
142cd803
f11613ca
ccd9ec39
26decafb
e23b1623
000d1a30
e1a338db
cc7f1d09
f9f209fe
b4e3ecf9
46590550
c4b0c8ea
ca200a15
341bf0bd
10de0bf4
1995051c
bb9dfce7
dc0f76f3
1a1de9fc
e9fff8e6
cbe619b4
00d521ca
d4f86804
110ffcb3
d33c24bf
4b39ffe9
dd4afd17
ef9ccb00
e0cc110d
d41003bd
13c0f804
0bc4fa30
1725152c
e4da5ce4
0fcfe336
e7d70cff
c248b9ee
14fe19c2
0c1e0e06
ed0502e2
bd1107cc
07fb1de3
1cf002f1
f80e3df1
e3122e23
28150718
f3f3f010
d4471b16
1113d9ea
e7021ff8
16071314
e70bd60f
c4f9d4cc
e6270de6
fafa0ffd
fce208ea
ffe41aff
d22f2601
2d0b15c8
efbd3ffb
f2eafd02
90ede1ee
34f80822
221e19f8
49d4e7e1
e0eaeae9
fbef1e1b
1a423504
f6f4c7f4
ebf0f805
e40f280f
debcfbe4
f5dfe5fc
ece23928
eaf708bd
81eed021
ec12d1f7
2fd329f3
2c1dee25
f80bfcef
46fbfbd5
eed95021
c11a083d
d9e10cd1
44210a57
ee013b3d
39050ff1
142722e6
32f590fc
15fade12
07fe8af2
da01f8ed
e8f7290c
05dff806
13ffcccc
12f3f922
07f2f2fd
05fe36f7
1a11b9f6
b3edf2f9
fc24d914
f7dadf11
b8fc810d
ee0208ff
f40e1115
01471e25
d9fef2db
f60021b8
0903da19
1e16101b
d7fd2a2f
efd1f632
32202f29
b4e5ff02
1ce4ab60
c117effc
c5efe2dd
e5041e27
39ef9cfa
0430e9ed
1d0514fc
05f4ffe3
1227fae3
0a100c0e
10060df7
22c10a0b
32fd001f
e6170312
2ccffffc
19ecec01
ec0cf139
eafadbd2
c70efe19
3dec7301
31ff2a39
1f190c18
92ebdf08
af0e0111
06fb12fd
bfd4d206
d615eb36
f5db0621
07f54fff
d4e9f305
20340707
09fa7fd4
551e0011
10fc072d
ff08fad3
0ed016f3
f80af00c
4cc416e2
1436d5f9
f702cbf1
e02afbd1
53def8c5
42ec16fb
bff86216
b80502b5
f1c8ffd6
f5f2110b
e20d1727
3cfe13d0
04f526ee
f12009da
0cedffed
dbeadaff
09fe1726
e03ef3ff
18cc1734
d7f9193e
fcfe03fd
e4f6e409
0be6bf1e
e402d5de
efcf1d09
f9ede0eb
d1b966b8
c9fafe2c
e81af4e8
07fed3d8
15c82c01
25fec361
e320f9dd
15e81716
0df21808
16df15ec
efe2f2fd
0c21e8f9
59f31705
1b08dd05
0ee8edec
1799cc12
f006c136
032b03e0
d61408fe
29c6efe6
ffdcfa26
ec2511f5
7a482aed
0f0ad600
f410ccf6
ef16eedc
dde0c4fb
1e1004fa
fc05e9db
2319df08
e828fdf7
f226e70f
18d3bef8
2df1f706
eed905f7
e0222016
1fe6fbbd
cc00eefb
fc21f4df
c00ad8ff
f25bd9cc
1a08d6e1
fd3d0028
f3ce3524
d00e8a1e
f90be1e3
c940f2e5
1b3b0a1f
f326dd1e
c6420d74
ef04b4ff
d8e71803
17132e04
b1ece03b
e30dfd39
410957f1
240938a9
1ef71849
f9ce15d3
e302c6f6
f7e7f6d0
0cf1fefe
29c1013d
d6ed10ef
f53458c9
f502003b
b8d7d8f8
da210f01
09ecf1fa
06f11e15
0c5bf00d
3413f20e
1e3b122f
f4dff804
ccf4e7ec
f737ed3c
0fa9f8f3
3019f031
4de10efe
5cf5ecef
09ee761c
f4f6d5e0
b6d3b204
fc1bdf0f
c7faabdc
15fcff0f
dd0210fd
25ff1503
180b3ad4
98f2ec4b
efd3d1fa
0f0cddff
fbeae706
1e02e614
e40201f9
e6eac630
4c6709d2
faeb1c12
06d5ba07
f308eef1
0d5edf0a
39e5e851
080b1126
4b510921
0efed3f8
f3fd812b
5805161c
01f3e8ea
f0fc1104
e4ffea10
05e00b12
e9ed1607
ff12e53b
0904bf07
d5ed01f8
010a0a0e
f8fd13fa
13ff291e
1628fa00
12110b03
1908f3fd
0aeaf3e2
17d020e4
cbd340e3
f7130af8
3e00da19
0bef1fff
25e206c1
e022f504
1cfaed8a
12f83b07
fd121230
ec0315e8
0afcf847
dde328b6
2523101a
f0230d03
07f3faf1
ffd001f2
e71a20fe
c6fe0139
3e1636f6
23fc12c7
0305f6f0
f81ef5ef
22c120c2
eb01e424
e62ce00c
bff8eb2a
2a00fa01
21f417ca
c809eef4
d3042b3f
d7ff1ffc
f41ffbec
ff432d3f
f01d21e1
f4ff0daa
29040538
03d826e3
c51ece13
06eede2a
d5e4c4fa
fcf535f0
ec0dff0f
f70c4321
0e5116af
fedef9f0
c607bd26
23b6f113
f60ce2fb
d91ed8f8
14081cfa
910df3e7
0506fb0e
280338d5
cdf711ed
d60318e5
eef8e20d
e3f50226
ca1b18e5
0200ee0b
f90ff6cd
0cfdfcfc
2f19f0de
0ccf1f22
d8fe1607
29ccf7bf
fee05af8
b7ed14f6
22d71913
d007ffee
07dfe530
23f61f31
0d3eede2
00251117
21beead9
2103040d
43e1dc20
dcf413f5
0fe3c7fc
f431fd4f
efe7fbd8
f2f3feff
0d240b36
bb0630f3
db13fff4
e110110b
fefed803
1820fed7
31dce5fb
07c3ffee
33022505
12132d1f
1c10e1ea
ca0d9b00
e0e63802
acd9f2e9
0ad5dd29
ec03cbff
e01354e4
d906df4a
e3acfd34
d5bef62d
0614f046
0a2bff0c
d43601dd
070fcef3
083bfdfd
53ff01fa
08380c11
faea0c17
17b526ea
2703cb0b
cef8e7ee
1f0fe5d1
12090c30
3dfa1504
2471f0f7
27e812f7
c609bed6
17dfe19c
660af205
1c0f1d19
db271def
26fcd0f5
cdd6f9f2
e0e0deef
f009d438
c6f0ebeb
06d721bf
16df6409
fd0ece20
c8032705
12fd22e7
ecad1f24
fe0d1ae6
f116bcec
46f33604
381fdf30
f3371acf
f202f422
1a350df6
eee016d6
f0e298a4
e2ebf108
e91800db
d80510d7
15dde505
42f427b0
f706153d
540e0024
d6022d06
afe8ec05
f3d8e1ed
1028f31f
96143d06
fc1e003c
e9b60224
04ef0bcd
31bbeddb
38eb1a1f
0ff00a0d
ce190c05
f5f8c599
1bff2dfe
08130b0c
f9ea0902
f8dcf187
01007134
d5f2e707
faecf207
e118f812
0106750a
02490cfb
0bdffffb
f903c836
0b0be422
f4dbda20
e9e5da37
fe151508
fc15f8fd
0036fe24
110b113e
f9d0ee3d
e5e4feff
30ffe8e5
0f20d7d1
eff20203
c70162f4
f319090e
0be225ff
021894be
13120521
d9dbdad6
171c4045
e0cde4db
26051b04
eb2bf9d6
25f138de
1a01fec6
f9048f13
d000ebee
f800191c
04f7fbf7
d90ffde3
f21c011d
f7f6ee16
09ecfc10
050ad619
d902d1e7
15d6dd19
c934b6f9
00001318
e9fdf709
07f530fb
1aea161f
2214fe08
e918f20d
01f416c6
17ff0a2a
28f6ff46
cf0bf726
a51e2d10
ef2dcef1
4605fa10
beedede8
1cf6fe59
041c06d3
23ee1016
13cc0df9
d0dec92d
44c9cf04
ef4bf5d3
1af1e3c5
fe30c8f7
f8b8cd08
6de9feec
cfe716ee
030fb8c4
f9110bd1
f722f91c
c810fc05
dacefce3
0d0600d0
14eff314
f324ed0e
dd20fafb
e903f0eb
e3290e33
e1d201e9
5d132bdd
01dad8eb
e70309b7
f3f0ff1c
2d02d600
04f725ce
1a4ef9ad
10f6ed34
df001212
c2fbd0ce
c3f1e5e6
c525f407
f22a3aea
c6f622d6
05f3fecb
0ae4eaf2
0219d5ff
dbefefe8
d7f9001e
0ce23212
e01b070f
f3d5ed0e
43f7ffec
17f2ee29
150512d8
32de1e21
d55cf0f5
2b38f8ea
dc3c1ae7
19f902f3
30dfebed
3306f907
e7241df1
04222805
ede12a33
d41ad22a
3822d0db
b03ee105
f01d0d20
0ef0ddc9
0b0af0fd
f8ca1113
ef10fff4
e8da3eeb
cb1300c4
10e6ed0e
17f1f9fb
fa094321
2cf2b70e
d9e441f9
f2d6051f
eb0bf9f0
05d81dfd
19f512f2
0633f402
01e7e500
e7f11a1b
b8eb09e1
e52e09ec
ade5bdca
bd0adade
18f525ee
1615f712
fa0848da
011f17bf
10e73b16
1b6224fe
012ac924
e423c205
fb140a02
d1f8ffef
2cfcf408
051d0dee
e014f9cc
ed05eed6
3b1dfbec
f318d725
c3e0d31b
18f9f808
04090102
de0f1ab3
e20efafa
d1d82b22
e733befd
47f836b9
25ef15dd
d708d4c5
fe291d52
03f004bf
24e9d2fd
f1ed1dd0
07d9de09
e7150af1
f01a0303
1b1313cc
ff52e207
2c34e5e9
33d0f30d
24f2000d
bfe5d5b8
d50ff536
2ffdcce8
91dd073e
0ae6ebd7
f4fb2107
1113120e
08fe13fb
0b403be1
0431e405
244d3423
e4ecff1f
d711f42f
12f8d64b
f4d847d4
f4170234
e520efe6
3508bde0
d7191ef1
fb0e0afe
e20322db
040301f8
c5e0d1f4
2f290c11
c7273b26
31cfcc12
cd1f07f3
27fcf6f9
f355fa0b
e7dafdf6
3c1633fb
160726c8
f7e1ffe8
042ce617
d005f03c
22fd09e5
dfe704f6
051e100f
391ce4f7
b73603f4
04f5f3ef
23cdf9f0
f9e8eed7
ebf2f70c
08fdf011
12eeb9f1
bf1a4bd1
ff600c07
efe5271b
e901f225
b4fc08d0
1cfd080c
1e10f81b
ea3b25ec
243016eb
1448ef39
f9f802e7
36f7f6e3
fce0e106
1be81119
f7e2f21b
d9e71808
360300d1
08fbd71d
0a141e0c
e7ee00f8
f821e93a
1f20f92b
00f8ddc3
dafcff25
c716e819
0810f6fc
c2f3b724
19ec0400
3bfefb34
0d1ffd0f
de0eec05
d307df0c
dce3cb11
f438ed25
0a1623d8
d2f51ed8
fcf11904
1de3fbff
ce03100d
0122cb15
06beb8cd
cf07ce1b
e3f52409
f2cc2624
0ef8d813
ea200f11
20ffe6e6
10f51e29
b219e921
d3270c10
fdd735f2
140f0f0f
e83fea07
4f08ed0e
f314f702
07f5f9ff
34dd5913
40e7d3f5
104c0c11
01f40e34
f5cefa2c
18bffef6
1d0afd35
f8df301e
fcf005fe
25fbcce0
5cd10ecd
cc140eea
f7d013ef
1ffaf81f
46e9f7f1
d3f7c41b
b2e5e8f0
24ed0a1a
30f0e207
e9f0ed12
1bfaf5e0
f4da0d05
18f8f60e
f9f113c2
19c9ecfd
01e1e3f1
a2fdbbf4
2212f8c0
47f6e8ee
ea1204d9
e3e709ef
08fa0d2b
edd604e9
f526fcea
ec2dd01c
39dcdbfa
1329faf9
b4d302d3
0e1dca00
22f0021b
e6013ff2
180b1ff3
2d09182e
f408f6f0
1cd72804
13fb12fd
27180ade
112626e5
11f6b111
1210de14
6b28bcef
b1ee9fd1
ec23140a
fc12f02c
e5d9effd
0c1e1cf4
30d7c436
deeafaf6
d70aeb13
373fe3ed
40dcd71c
d201fe40
0fd6ecef
d10f0c01
1beef1f3
e00008b2
fa22cbe1
0347d913
ef0ff022
dc00f5f6
e21e2322
df08fbfd
f2cbf7f1
ccda0af0
ee28aaeb
4bc00823
e4162ddd
08fff209
120607f2
17071fcf
fcf0ef0b
19f002d8
fcffede2
34e30620
de2d1be4
1b21fb04
faf90840
01c6e520
ebfafef3
5009e4e8
f22a19dd
d2d7fef5
10f1072a
c4110007
f4cf3ec3
21c2e248
49ead4e9
08cc0025
42c3d0bd
06fff30a
1f14f909
16fc0005
f51ef505
d7fde5fd
d9e5f6d9
f8e7f4ec
f7dedfe5
0525b31c
e310f5d7
151df032
f8f8f9fb
f2effaf6
f8bb1f04
cf41f618
3f3534fa
fc18e716
f128ee2f
f039fdf0
ff12e315
08e01cd6
23f1f31a
f9be12d1
e6107f10
3fe4dca7
3d200fdf
fdf9fcf3
ed031ce0
19073837
d6d712dd
e3c1f1eb
0c0a130e
b34223ed
1b00edef
1ffef0fc
f718f33d
0e07200c
31e804d9
b0ba041a
1627d2d4
29dd03e8
ba1722ef
4deff631
373b1319
02093efa
d3fba5f0
d3a6f608
08f33132
dd080ce2
cee928f5
f2f908ea
21211d2a
de1729f2
cd05f816
14e0eeef
c12325f9
d4f1f21e
bee5f724
02caf724
ee0446d1
e7cc1bde
012e03e8
10ec09de
9709470a
0fbbb0b5
e408f721
c9df16fe
f4fbb4df
e91a0001
f312f909
46bff722
d00618e8
0c1d2c11
1005dff7
e7fef84d
0be4ff05
f6e9f115
d6020f03
2e39f7e6
001c51e8
29590dbf
042205f1
05f90404
f02def07
e0081e0a
3a0d0feb
185c262d
edde0b42
22ef0ff6
daf0d6f2
e2101012
060f1a12
4af51cdd
08fbbf1d
2531fc13
0eb9efeb
d0e11416
1f1b3501
fe16fe01
eae82e30
0b0be107
a700d3fe
1a05080e
2fe5f81c
080a06f1
29f3d503
0617052d
f72112ea
0e071dea
cceb05d9
f4f109e5
e2f16107
1213bfe8
f00fdbfb
01f605f5
20e2da1d
102115fa
dffd1207
fd16e00e
d33b0804
0e1bfbe3
d527fd22
fa01efd0
f0cbf9e9
053206ca
412426e1
11c8efee
df0a5500
51d4c04e
1411f2c6
f800f0d8
e405e3c1
29e918f9
c41106f5
eab70e05
11e5d6f1
f502b8ea
08031115
bf41ff1f
f712fd04
fff2cb0a
122b18c9
b4e5d7d3
1cdefee1
26120404
46f2112c
d923f6e4
02cddd23
f7d3ede7
041265ff
ff082816
33f3f29e
50f7f512
dbb5e015
1b1b00e0
240c3615
08262306
ebfcf802
36160dce
cff63447
30f41ee0
23f11ce4
431d1c15
0dddfbf9
f2c212db
14f91714
ffe4d4da
2e02d53b
fecef8f9
0b0ddef4
eefe0dfc
29ec4b05
e60ffc29
0c04b6e1
cc33e8f3
e60bdc2e
ff0e2cfd
dbdf1bee
f3d5fadf
efbfe8d9
fb2004d2
f14717d2
1ec5fa11
e6faeeec
20f51213
20c8daf5
521802d8
040f043b
0c430e0d
f309eebb
0a13fc25
f8c54cfb
b11204e3
ff2c09f6
cf2dfd37
f2cdee3f
060af50f
20f223fd
ec152bfd
09e9cae0
0302cfeb
0fd801f5
d9ef0af1
dce4d31e
0aaae345
cb0d121d
c0daf0db
0aec01c6
ceff40fc
0de5cd13
2513f622
0b250127
eb0de0aa
1105b4ff
0c320602
17f2002d
0c5308e5
091af013
e3d0ceed
4d00ca2b
0ce2ea4f
e70426a0
c610e816
bedd14fa
b6b00f12
07072e1d
3c0ce652
173d1dde
f821c11d
f690eb43
1a0f023f
04b51420
e5d0d825
1afae8d6
eff5e117
1120ead0
d7ba4f20
aa0618de
c7fddc29
1d0aee14
5dfee522
44cfe8b0
1bcddebd
d6290644
1ff8faf1
0dcfe7cc
ef0939a1
9c93e0d3
fa21e432
07372937
d4f6bc1d
26c80f14
25de3408
0bf2d80a
2112d025
f05009f3
1a31e013
f8ebf31b
fb9f0cc5
16c82c07
e9cbc7ef
f529c0fe
d8f50207
2915efdd
69aae2f5
0b29eae4
1cfbfc22
3dc8edd8
1d0b0b52
545add05
ffe0fa4d
44bee446
e8f133f6
4321f0de
9af41df4
1bcef4e4
4530095d
295bf50f
3305ef25
0516e746
0aec1909
dbd621cc
d3d21052
3039ebd3
15c9b4f3
1ddc1f15
ba06ffbc
130426ec
d5f6fa00
7cfbb217
d604bce1
241801e6
de1a0019
5281fe06
f8edd9ee
20290ccb
55e0c805
0621ef31
1ecff047
291dc7c3
c51c041b
53fbcbce
1201b829
1eeb023b
9a08351b
cdefbc19
0a09c2f8
19230dc3
fe33d014
fa70ad54
e90f01c0
e5fd1996
2f13e1c2
39dad602
5dd811e7
fce5e9ed
31fbf11d
f64e0678
15ec4739
23e304fa
58da21f4
810036a6
e3f9b528
ea1513d4
f0f31334
0e0c1a04
effce80c
fac30559
0cfc242e
2929f2fe
e0b8ec3a
12c8fb31
ede3ebef
31bf3ee7
f9e543e7
27f70c49
d4d1b305
f33ddf8c
fdeef6cf
fd34e8cc
4a15cd0e
00bffce0
6eeadce6
1d02020b
b2f7f331
efe30f18
61d20ef2
d00d29eb
e9f5df45
d6e758e4
0e1620d8
0c1ffd1c
3181de0b
f7f1ddfe
230b30ea
131b0707
feecec23
abe6963d
c010ce17
883e0fcf
27f7fbc2
fcd33deb
f6f15d4b
e00840ee
1d0b0d29
ede0f911
140c0221
2f19f5e8
022fdd1b
3e21fb27
1c15e82f
e3cd09ff
bf0101dd
0bee1e06
1cfcc432
1ef7e706
982ddd03
26ecfa20
351201cf
e6f7e8fa
34f90011
ab053418
e8f91c3e
45fd08d0
0c159a10
09923604
eada32cb
e919c8e9
f5ea10fb
f39e2149
d9e77248
eafe28e9
e1df2c2a
3a1e0728
a6dc2c1b
db2ef8ef
4c12fd13
14d33ded
0e19e412
d6f3efdd
283906be
dadf24c2
e7eff20d
081e23d0
24f21fec
ebfc00db
19109ef1
d21e182b
bbc1f003
24dfef1a
1939111a
5a111129
f9eeddfd
4a340a1f
05094ce1
022319ef
043ccfe5
0e0931ff
271304de
ee35ea20
cfe61102
d4be4415
4dedef1a
3430092e
f844e1e8
dceb0e40
0119fef9
196e0cf1
ef00272b
30c21225
e3e7021b
25e812cb
3b3baddb
e606902a
37b11cb1
edebaedc
f2a91fc4
09e0cbf4
0418f82b
0bb5f620
0e11cf1e
d5103410
c1091d1d
f3f3f3fc
f8edff01
c3ed0f12
ffef7cef
1bb61801
d6e62100
30cbf332
c3e48b59
012004d5
290600f5
d5f41a3a
fbffd1ee
2e0501d2
e40c00e1
eabe2a0e
150bff1e
05d63b1e
fbd23b15
0a5f1421
12101218
e7b6ec03
f6ffd81b
fa2506cb
47fbac02
1433ec1c
f51dfae0
e3ffefca
fa01f8f9
01ebf80f
11db08fa
042107f4
67db0bf6
54e92dcf
480d5f0f
e11007e6
a8fe07ec
21fff33b
7f01dcee
ec1b312b
ce0d12b4
1419f6f1
190119d2
e075271c
180208f4
d8a7f9e5
4e0ff215
b947ee41
22beffe1
2ff01b1a
8207c70a
d319f225
050015fc
fae00125
42fff404
df129738
fc1af11d
dc1aeffe
32fe14ab
20df18e2
e1fdf10a
3e01e824
c91d441a
701d422c
d4edeb18
3d09e3d5
3a1fd2f5
bb27cfea
09f92f29
283ff44e
e5e00dd6
ab1c70ec
dff0ffde
f350abf4
d13f1df9
09103deb
b9f61df1
0dea1209
cffaf7f3
f7dcfbdd
12300402
270c1e32
da02d7a6
da2df01d
e7f7ffd4
210fefe1
110427ee
d328f9be
10f8eb24
d81edb4a
e334bad5
e2ec1815
cd0d0b15
0edb0512
f0bbcde8
e020e1eb
db20154f
16b2d203
db183f10
a51e3fe9
d5fde80c
49e6f328
f23bc91b
dce50f01
fa02dff8
ecafe303
c2022c44
adf9661a
08edd1ee
f5240d3f
f80d101e
f12d7076
d7f9e643
dfecd002
ffe4f554
62f239f4
16fc1fc7
0436d521
25d1d4fe
e16f48f4
a812ff78
0729dd12
d9ef0b84
e815ff59
e2f22cc0
e20fec1c
8fb201e8
cef7123b
59151705
f9f17f46
f0f5f0da
17b5ea09
bf1035cd
e9b9d5f1
be0f320e
3a332ba7
34302b3b
1d21f40b
f9bee7ba
cee636cb
06fd05fc
25d8114d
d3a0c8dd
01354ad6
0801bee7
dd0103d1
15ebe7ed
a6f4cf37
ef07e8dc
1e200ccc
d8e6c0db
fcfbddbc
f80e0d08
161e01f9
0207103d
220e59f8
9518f230
e411fda9
3ddb27cc
bff862c7
b6fb0909
f90d18bc
152ef9d4
48cad5d1
2cfd53ee
d2fb0cd6
ea021307
f4cd2df1
27f6e5ba
c038050f
1835dded
f8e01cfe
09f4f03a
e3330434
38f72d19
0cfcc3ec
2ff7ed61
f1ff2c2c
2f09cfce
f727f650
d206f1de
ecf104d2
dc9f0d25
ddf20840
462ff91f
e801fff3
f2edefd2
0c2aadd5
110cfff7
22d601e6
5afee906
0bfa1a1f
29c330a6
ff21d2ea
d4e2f1ee
060358fe
01230601
f013f25d
d646e52a
36232139
f4d1f324
1f0bf4b9
1dc10702
f31660d6
1afb18db
d9dcf222
f1092c0d
66f23051
0ae208e6
f6150f17
ebeec418
01b808d9
55e60201
c101dffd
1100b1f8
50cafffa
e216f2de
e7d51d0d
d9f91a47
21dcf4fa
1316cd1f
1cea091d
dcfdffd0
98de090c
0f0dcfb1
cbe821c6
c5e7ece0
f2daf7ef
ecf21711
031ff01a
105e35e2
1c3652c3
04fae6dd
151e2724
ec3ae522
0b0f26d8
3802f414
fff90b1f
1c270c0a
153e1101
09da173d
0b26ede7
c509f3ec
df1431e1
07ee1ddf
f3d104cb
1db1ddd4
d2ba1aa2
03260ae8
e7f2e622
4bfe1119
b6012afe
b8f6dfb6
08fee4d5
024c2831
345cd3e8
81ff0e11
f50547fa
81f91017
c7c4fffc
050325d7
0ce3f714
ffe12eba
3e36d920
07aeef16
e8f050f0
e3e53ff2
f84b261e
f809e4f5
f1cbe6fa
0728dfd2
190206d9
23fbdbea
09ab030f
f1dd3fee
7fcd48da
21052308
13fa061b
9c0834f4
ceb72a81
ee0ce0bc
ee12effd
12ea18f1
352efffe
1401043a
1734fafd
c5fa3a14
dde95f0d
4ff9fedc
1b3727e5
eeda13df
1056000c
00d51fc8
270fdff7
39d72f37
c0d2ff46
ed21fc16
fc220920
fbce4af3
0ffefaf1
fb14fb31
cc0af10f
56911151
ca280de9
0bedde20
1e2e0b04
1bdaf4da
ca03e512
18dff809
24572bf3
98fe1e4c
ffef2aee
a9f1fe1c
cccdfbf9
03e4fd13
9d9f0516
ead70bff
f3233cba
08192212
2012dc03
b309f3f3
daf8470f
ddfbf5f3
f1faec1e
19180031
29f701ba
02c3deb0
3be10adf
e41517d6
f2df272c
0b1fff3a
dc00cfbc
ef9ff2f5
fe02e1ad
262b5b3d
d82519f7
daf20df2
1efbda19
f8d442ee
2ee52bdc
fcbfe41d
10060e37
41de2259
dcd03208
ce25e544
192f11f6
dade27f8
5b0b3a31
e52cf008
2ceb14c7
25c720d7
2809f71f
05de0dfd
11fdfcad
de32c504
36e73aea
0ddbf422
0e1d0723
f513f502
3c1aefee
e4dd145e
254015f0
0df328f1
32c84df0
e7fad7e9
36eaf118
fda040cf
02d4d7fc
fae7ea33
35f9eac6
ea0b04df
d016f81d
f9dcf417
033cd9d2
faf1011b
d21147f3
ceed0226
211a4317
1822e2d8
e02854f3
04870419
1a051ae1
ebcfc50a
e5131cf5
fffeebe7
ec1329e3
3006f7f7
dc26a43b
16f605eb
e1e61a12
38e6ee07
16e8c1d8
1c171210
122dff27
dd30251b
d912c210
0aef3705
03423831
f6be0209
c5d82efe
07e9f637
f21213e0
fbe301fa
223b0a21
f9680ff4
3cd9e7f7
2df0d6f8
fa06fd13
dd28fc56
1a17fe12
16c2e658
cf0e2ad5
33b32d2e
d2c90441
ccfef9e0
b5c62f12
c2eafe2a
0301ed0f
fd20f63f
39216f03
f8410430
30f62806
09c1425f
110ef1ca
1c2ff8c7
dce4fe36
1b91fbde
d303f1f7
142eee0d
ff2c1607
28ab2742
dd4c222b
38371211
3f1afa10
12f2b8fd
2b2c7f06
46fbfae4
0bf402e0
22fc122b
20310f13
e109ff31
d2c3d91c
ffe014fc
f5fbc958
c62013dc
e4fffdb3
091606a8
d0ea13f1
def90d04
131416f5
f90c31bb
ab0407f8
190106db
0934fc16
9ad33ae5
c0f9f114
18370726
cc25fa0c
1ffade30
f81848f4
2ee31715
39b512c2
57dbcbf1
d8e51afc
bdf7f2e1
ec00152e
02ffe4c7
abd4b6e0
0b05e306
1e94e9d7
2eea020c
1efd40f7
c82c15f6
10d0b7fb
3208550e
fc79eea4
0508d01a
0ce6e122
12f424e4
21ea771b
0919f3b0
fe05f6ca
07d936b8
07d60acf
dad8074d
37061a17
39cca7fb
07ed2939
5002fae8
0021f8d5
0546f5db
09130bfb
087f0ae1
d6e10d26
dcf5fbec
11df13fa
0f01f426
4ded01b5
221bfa16
bf18eeb9
1b27350f
2f39eedd
3060b929
ba05d129
0b28008e
d0e5360d
e805ecb8
2a23da09
1f0f13f5
21080eda
fbb214fc
0900f01f
b6f60e0a
521a1fbe
be0af949
ed101315
081ee4ff
e5ee0f1c
60ddfe53
ebee06e7
060d27fa
e427d8d6
d7dc10e2
f4bc0b06
c8faf9e9
35eef3d3
48ff4fe6
f1ca06f2
2a0df7f2
e412cff4
f332d41c
e828013b
f40513f5
f0eedc2d
e02713d2
b03904da
1c1005d7
f9daf424
d809d325
d2bee3e2
18f2fdf5
174501fb
b7c834ee
4f2f292c
0617101b
fee3e330
0c152a3f
2d0656ff
f407f8ec
7f3d2310
d418bdc9
0e124cf1
29c6ddd7
cde7e8ed
e5f33121
d25ad40f
09f407e0
3dce1bf3
0ef8fd00
5302e7db
e0ed04c9
d507f81f
3bd9041a
1de626f2
1423d13a
efdc18dd
1508dc14
250fae01
dc000256
0f0c090a
fdcfcb23
dc16f705
f9191af1
f6f1f0e5
f7fd5611
e408dde6
e3fcff9b
b1231be5
e53906cd
0f280905
412a06e2
e1ddf924
1521e40f
420ca336
f0fe0732
1e240522
f4fd2d2e
fd0058d8
e3971fec
09e1ecf5
05182027
13f7e106
f1400f21
e21250d8
03dfdd00
1228d9e3
f1211b08
14dafa06
7205ded5
6b315307
b610ecce
1f0bc536
283714e3
2ef4bf0a
0d1901e2
06c50bd0
cafeeedc
e408140f
c6f2070c
26ede426
fcdb0a1a
20101a2b
dab4f640
3b3b44f6
93ff07e0
01ea0df5
2706fb25
e62ec205
1214103b
adf923e9
030bfbbc
4811da14
acb57830
3b062f06
00dfd7bf
1ee162f5
f5243612
f3d4db01
faf1f2ce
f8def749
42fba825
e5deec04
19fcfae9
ffe4fd2b
f441d22c
11f90aeb
442cfa2e
ebfdf1eb
0b63b3e1
1d17fef2
230407e3
07cdeaf0
26d7f759
154c4cd6
d11b03f0
d7f114bd
2408cbf8
1ec247f7
0af5ed3c
e6d9fb05
e8ecef1d
06121f26
fcca09b3
29f33ce5
a2faeabe
f7f902ed
242100d9
f828cbab
dc0ae2da
eb1a2c25
1adcf84e
0ac520c1
bcbb2802
38e60a1d
150f0636
0b07dcd9
fef11dce
e4404ffa
e23ae1d3
cae4f8bc
154900ea
1adfd816
ff1400e4
ea174681
141f14ed
d0e61bf3
1c1118f3
fd37dcd0
33fa353e
c9f368e2
15ee0e16
f3d734e2
ed382254
b8f4b901
bec901d3
eab7e02b
4ff9f411
eee4e45f
050601b2
01ecffd6
2b06d8cd
2deb880b
f86a1ad0
0a1cfbcd
04a7dff3
1cecf3e3
f5f61ac5
b8e845ef
f01c51e4
650d2509
3128f216
2db112ef
fae540fd
f3f8acfb
faf3fff1
11e52058
d8f607e2
74710502
1edff52b
2ac705e7
4b5801e8
ee33340f
0a0a14f5
d2e409d9
fe0aee40
0c122c26
f0ec1203
bb08f423
f30c3b09
1605cc3a
2d1cfdb9
e72093f9
1f12e805
d0f1fb60
ccfdfc16
f401f5ef
0df2fddc
16021d15
5015df0a
2a1b450a
14fed1cb
efc8e700
08e600fc
13a9092e
f7412450
1ff643d0
03f7f8d9
ee1021f8
f1e8f30e
1ae0eadf
38fd1231
0b150a0b
bc0602ff
2f40f6f3
bafcfc01
1ee0ea08
19d5ff12
50e2cdde
0e25e1fe
da11f4ad
061ae013
48e39ae4
1613fe00
e316da93
2ee207c7
09e44d00
fae00309
d717faea
51e7f21a
09aeda0e
e2fa2121
25e5c529
f433400a
fa2d3a05
f0220eff
470deeef
50f8e2f1
cd20ff03
240f0db5
081d0df1
d6e8eb32
f50b0e16
d3cced0d
c7441743
18b4bd81
f5e11838
2e34edf5
2aed09ff
c72801db
ed0a0ce7
01fc13d8
f53e4228
bfd50b03
0a1330fd
f3fe163e
256719c7
f3ee33e7
3d13d9cf
0d01ca1b
4551fc98
4017f438
2120420e
1908f0f7
f00a2307
e519dbca
cda72f10
0be125ea
e2dffc9e
66d91428
1b11cc03
d4fd1b03
0cf92efc
392d0112
a8f92430
1df60709
05f20cef
06fe19dd
e209e7ce
fa0b0d00
ee1c3eee
caf40d0f
0e18c544
fcfa50d8
cf9ff7ee
35e539c9
06fac5e5
fd09f700
b6202238
dfe3cb05
e82f2eed
a00324f9
3d0af9cf
149c7ff8
fb004cf9
cc0cfbfc
0e29052a
fac51a1c
f6ee0310
dfead6f6
f41bde02
0b130a2c
0cf30ddd
35e715fe
dae8eee8
af0719e9
0b212bc6
e90cd9c5
22b7fd49
63d211e2
1b37fee1
fbfc26bb
b3123801
14f5e519
0dc83fa0
f11f0d0c
d83822d4
f651060e
1e00df0a
ad1a0dce
ec02f539
c7ef0acf
c4be9cf1
e8fdecd3
351f23f8
e3dfde04
0d190313
175b20b7
12c83ae4
dc071cf3
12edf8a1
22fb2929
ddc7fea4
05bdfa3a
25b4b109
d6efe5ea
f1f07016
2f3d0c7f
012dfce4
0e07dffd
0c320b0b
bff007c7
5cde195d
3705f928
e6da20ef
f3ece3ec
380b22e9
0adcefe2
10a90814
f73c76ea
ed0304f2
2da7f6ad
fbf52856
2afbf7cd
5ae5eafd
1015e4fe
23fffb04
ee30050c
d20056f8
1003d1df
05e20331
f1fafa09
2963cb3f
dc080be9
1cddef15
4400be23
0352fcf9
e7e4f4eb
4004d810
29efc011
f5493503
f4defce6
f721ddf0
d3b2d822
2611eced
ddf2fad4
e1da2009
e9e1d634
36f5f713
f9111ba4
f910f5f4
0c1f640e
1713e7df
75eced0f
1bf53910
e023f730
04056024
911017e2
0d0806b7
85f5142d
e8bcf1ce
12e80b65
f4ee421b
0ae7e6f5
17242e7f
f5f906c4
f5f10631
d3add430
f508d60f
dcd6f0fb
0422d2ed
edea3ba7
2cf746ed
f1f123d6
2eea0c95
05dfda0e
e809c1ed
0628077f
213919d1
f504e7f0
d41d9e30
0ed6e4f5
cd38e0c1
bc1bfeac
be816fc9
0fd307b2
e33249df
2036e4f7
2c27da00
f6f11eab
9d08ebb0
b6e8e5d0
e7d4d3e6
f51126da
f7e30813
76e3d01b
9a1f491b
babc0ffd
b80d17d6
0e2de0e5
e401f803
19c00323
c1c6ca31
02f0e2d5
ffac04ed
d0fa0607
d1b30c1e
c2221910
4739620a
d0c431de
06d4191b
d03c03f3
f2ee3018
fcf717aa
fbefef63
15dffc02
4cf2070b
5c39f406
f3ecef08
4205202e
cee41811
27f43f46
daebfc73
0518c538
d2babf20
dadc0438
30c712b5
d4faf4e3
0fcbfeff
0d03e4f3
ca39f7dc
ffb002dd
f928fed0
7d350005
c10fd708
4ed123fa
edbb113a
feff2dfa
c5631734
e412fa1d
dbd50808
1f280104
4fef0ded
d2100c2b
fdefc141
d70afa2a
f913e303
3deb39e7
d9f102d8
01ef03f4
f250eb0d
f615e8da
41452fd5
d0070b15
25f71ef0
74daeb1e
c6d2f5d4
2fdfe1f9
02d601fc
e8e9f3c2
eb732df0
f0f939ea
0ac708d2
4df6b20e
202ee9fb
2ec0f347
f21be729
29f102be
e03dd814
e7f6031e
cf4dffe9
f7250a08
0c001808
c21e02ed
e5107015
e8ff0b20
3815179f
1dd0f0b7
14efed2e
1755fe06
44fc04e0
30080e40
ac6bccff
180e11ea
f0f0d0e9
b6fd2906
1797eb14
00c7c0f9
d616c4d5
e2ffe2e9
ec1feb53
f53bc8fa
fc2f023f
2ffd00f7
45dd01ca
12f8e0f1
fe2ddfd4
c51305a5
df0f37e3
fc03fb52
02ca36d2
ead40e7f
331b06f0
4ad710d7
532b04e3
4e000cee
d439e20f
2b1d0b37
d6d0df17
13ec2225
07810721
fdde2f05
dbfbdc16
14d81217
161a2217
3ffc35fc
ef29ffe8
07191af3
0bdc30ea
f80a0906
4c4730c6
ea25fb1f
f63cef00
d5e705f7
460d154f
24f9f50a
2edf0ef5
485cf9e8
2af104f3
d60fe059
fc2736d2
2511f7b1
3051e9b4
0eec1910
e8fe1d90
dfe64521
05261927
bc04032a
0bf14714
ee2d0b03
2bca540f
0bf817fb
d6fbf602
cd23de02
ff1e291a
caefe2f7
16fa00ea
00c4e03f
d4d2fad0
0ff22dce
3d150ac9
2165ec16
f4bf3718
0afbd82c
53dcbcf0
d41b2407
5fbf3419
23fe14ed
ea2a15d6
30d2b506
12117d07
bacff11f
d20f09d6
2023251d
21ad2b55
ee05fdf6
cd25ee16
f58de814
3c28e1e5
1ef901d4
0a1312d7
22fa0dae
b0edf6e2
e5ff0807
4223f8fe
ceac1b26
2fe73df1
da1af035
cfcd1725
08f00c23
04eaf2f2
02e71906
141e070c
44ef3d17
362a0fd4
cc180ac0
f0e6e6b5
19da18f9
10171708
0af7fee3
d9130c45
dff918fe
d5341ae1
073c2433
0fc505fe
23e32cf8
cc0ae41f
d306251d
0407dcd9
e5b21af0
0af3792e
2f14ec2a
ef0de4ff
fed611cb
e4c7ceec
16e21202
bac1011b
1acfb5df
d90cc41c
3aeb000b
33d91ee6
1ed7c737
47dce63f
e3161bfe
0dea25bf
4fc2e8e9
24fbd216
c1ca0229
f813b4de
62c4c0b8
0cebcba1
0c15f5b0
e9fc0410
32232c10
ec19310c
05030c00
eaffcf2d
eae2f38c
efa8f41a
27033f04
08e50b11
efe5093e
1dd60916
e53df516
09191e08
fddf23c3
0500dd3a
10f2f936
dd052154
08e412ca
574123b9
efc90dbb
d8fb0134
c30cfec9
234adfd4
27f739eb
030cfec7
4b20252f
d6f015e5
f6001b37
1efbe216
f919cf04
1b17bae8
5b1905d5
c81407fb
b5a7dfa9
f110bf03
032702ac
10ecfb27
ebfaa70c
df1fecfe
1207d0ff
bb39f57f
ba02502f
cfef38dc
f0dd0bf7
f3de0118
f0190e00
0fdabffb
cc2704ef
19c91ed6
1740f9e4
de2903d5
6a071a58
178129e6
040be90a
19eb143a
09f24223
03d00082
e9e407a5
0fe50abd
a815d5e6
e03a3a19
f0fc20e7
11101009
d9f3f208
2a0e0404
1701dd09
eceb192b
cf211107
10c7afec
0de3fe00
f836fc21
27ff24f9
f22bf61f
b6300b47
2d2fd1a6
3d3c0710
e403ac2d
0b2afc0b
b71ae105
e008f6f7
2a0f0bea
1d114c0c
1839f2fb
023adcea
d710db39
e6fe09dd
01f5489b
1feb19ce
4ce5e941
baacebef
0617fc1f
0c4edc0e
03a9efef
e936e7fd
0a4b9e08
fad21615
211318f1
c3541f26
ca0db5dd
d8dfecbe
e30ff9b6
dd3ad111
ff3edafc
17162f2e
dfaffa26
0f320bed
4241f8e8
e10415d8
3c4104ef
ea2e2833
24c19221
ddf631a5
0130f800
04f50a0d
04113f15
dd29eeb6
f1c21d16
5d07d92f
e2dd191b
19fc2400
00d301c0
e024f3e8
51f71de4
96f5e000
e53edf10
2c122627
0c26a000
23e7bb61
bcd50a11
f00ce30c
21afbcff
ef150228
0cde0504
fa261216
d8ddc815
46fcfef8
20b9db24
0de503ba
1f5ff9e6
4e46ef08
fd182e23
07500bdb
ba1565e4
d5450cfc
dd153fe4
f7034dc3
e03521d9
fa2af1eb
2205ebb4
2fff163d
45fbf1e8
c479db0a
312426fa
b328ea0d
c6c41405
fdccf4dc
d0eae30d
cee99934
c7f049ff
e72f0dfa
dbd70b17
00e62c04
00cafbd9
0d34fd02
f1e3aee5
0be40dea
15232e2e
163401e8
0ec0b700
73ff1b22
5c2b0206
160effe8
030109d0
a9035932
d09307d0
5d13163d
f630c9b2
31ece7ff
0a091b00
d90f1dd4
bef916fc
2d38cb3c
dceea9fe
bceee23c
050ee31a
faaad14c
e467023d
1011ef35
dffafde6
f3d51e15
2d200cfc
240a0bf6
2bdf7bde
1a14f11d
f1250128
21c91806
33dcbbe0
1e132a43
dc94e9cd
fc9f06de
44fd70cb
e74ac005
32fce9fa
d422f541
4c00c920
d71a0f03
cc0daa01
dbef2543
e7e0bcea
cdfefbeb
fffe92c9
1512f9d4
1019d611
2d0b3312
44f5e806
e9f6d8e6
ff0bf740
fde6000b
4b0403db
007feea9
efd11112
0d04bb23
d41420dd
e1f024f3
0e910ef5
05b9b602
fcab0700
02efffb8
e9e6c4d6
f4ddfbf7
3500a9fd
c8e6fac4
b2d73952
2237dae1
0316c332
f9060059
17ca2fed
e3a9c7fa
c02712f6
baedfef1
0ff119fb
e234ee0c
f92f120e
b209f90b
0e073215
353bbee8
a2e2c804
e7100c2f
27d6e705
d8222c18
3017dfea
c5fce5be
f8260d06
ec25210a
d83bb2e7
ce3425f7
17241356
04fc1951
d632f22f
dff40b18
25f4d5eb
00d5cea5
1b4d0bef
05ed11e5
eb0274cd
7be0fafb
d6caf530
33f604ec
f352bb02
1300ebb2
22fd0d07
5e08070c
a6e62852
a216eb43
43c8aff9
ee19ed1d
151bfcec
fc12dcef
c11ecee3
583cf0e4
cde23518
022fd3f5
260bf7fa
51a4061b
07f6ebc8
0127d319
02fcfd12
29e5df75
25f31d02
fe983ffe
eefb271c
081a0129
daee1ecb
f1cf5c2f
d1d3fff2
282121a6
450508ff
130140c1
36ffb1ec
8a2cf816
f9e03215
1513dc22
2a29db0f
37232d7e
db2a29f7
57e8e002
bc2e22d6
fc3802fe
f6d500e4
171725ee
2c17069d
d7fcfbea
1e00d2ea
e6e3d21e
7c1b04d4
bfc609dd
07e80fce
257f0591
00d9f41a
fb1c1605
c0f37467
24e72610
11fee8b9
56f11720
be22c1b0
22fbc00f
c31233e6
731721ce
f1d21008
b7e92320
0eb5f1d9
19050ffc
28fec4bd
15fcff02
0053bbf6
ccec15ed
fcf1f83b
f9032eff
1ae2e201
07211002
fd102ad0
dcdddcf4
e4e807fe
7ff7e43e
280131eb
16da3bb7
bc03d6ef
e2f313dd
0ae1e1ce
e52431f9
36edfa25
77ffdc18
44db050b
10e00015
391a10e1
a706f7de
d535d4f6
fefbbd20
1e561cec
f9290ff9
0bd000a5
49d9f7ff
0d162b19
09180f35
2320d0f9
df2bbfdc
d6b82cec
ad37ed93
6a2509c5
073ffb11
d45d17e7
fcfcff32
f00bedf2
e2e8deb4
2437d006
fefbf01a
2a18b506
ee2abc16
5227dbd8
1b360003
fa13f413
eadf0716
ca14ebf9
df09f2f7
0419d01b
e7c7040f
bdf88fdf
affdf00a
ed15c1e2
f5e2e2f4
ea0d5dea
0303ff16
29e0fdbb
2ee801f7
3719cf0e
e10fe923
eaf527f5
20c30abf
17182d00
1b3137f1
2f3d0de1
2801da15
1b57bdd6
df20ec1d
f21cf440
361c4eec
6434d600
4fe80f42
01f2f4d7
ffefc2d4
ae1e0de3
bb00fae0
f013e1d0
e20be825
4541e9e5
0defebda
d32e04e1
bc39f5b1
02cbe430
37c1f513
11fc04fe
f720d333
20eefed1
ef1bde06
e6004541
1824d1f9
33ca041e
dc03150d
e8f51c02
fd2ee41c
1020e115
a918bbe4
39f6dae5
c60908fe
fef20337
e725f8ef
24fde417
e730c60c
ee0a2d12
29e712f7
e4cbf42d
440230f7
321be208
cedc0611
00bcd31c
fd020aef
3be8fcac
2ef2e411
43e8f1c8
a74a2832
f14b10e2
00fb1500
1bf1cff2
be4281f1
2d22c6fc
07f9fe5a
3011000d
faef1413
23e1f5ef
06f63012
fff0e200
2bdb21cc
15012702
2fe3f7ee
34eee71d
d5d22af0
44e0e1c7
0f1c0c1e
ba361f08
ef00fe05
1ff1b4c2
09c4fa03
d3f0fdd4
dbe9e02a
2331231b
4a020af1
010cffc3
03030531
22ddd848
1f01f4d6
c9f0bd07
30d2f9ff
ab1ff945
09baff1e
010a13f9
fa09ddde
390de70c
060b0f1f
47143cf5
9fe4e3df
d105101c
a85c2509
1ddbf339
e3fcf224
eb0f18fe
cc42d2ff
15053df3
971b3eda
f3f8e216
1b0014ec
1debf837
f51f15f6
1f3a46ff
2c45040d
f0f6d4e4
caecc62a
9b481d01
c74afc36
efdf01ae
1e0c0319
d7ce1e0f
4f0b05ea
f2c0fe2f
b21a05f5
46282e2a
da0afcdf
dadf0be6
17255cc5
e20be543
fa2308cb
e9e3783e
b80ee82a
efdfdbdd
550322f1
122108fc
c70a19ce
e1fde4d9
ed3de7ef
1dd6f118
ec010bef
54f7eb0a
ca22080e
d61a17d8
3bd7d826
64dcfcdf
2febd3b4
051ee815
18cedd16
27e43108
141913ed
002be466
1be8f943
c9e62fc0
c753f7fe
f3c03fd8
21fdd60f
de2c0337
bfd213d7
26e677c0
3107ef18
492405c5
b1f61016
0a10d60b
0bfcd9f6
2a2dc4f0
a91c0421
1ae514e0
c01a4502
031915c4
26e6dcfd
f32fc2e7
0a33f715
06aefc21
f73ee21e
170be3f2
ebf8dc62
26eefd08
d2dd06e7
0c053f22
481cea30
f8f2eaed
ce2908e9
eafb233b
16f017eb
1229120e
f4eddfdc
1625fe08
64ea25ed
283c2355
1e160b41
c4ef07ed
32e6f2de
3d90e1ed
15da27f4
31ccbcd0
c331f5d7
0d101213
de040e95
1bef20f4
d3af4fe7
c9fae955
df0cf9b2
3611e908
9221c5d4
cd09edfa
eb1a06ca
2cf717be
f6120ad7
2e12c90a
2dd60026
02c3f142
f8fa3c29
a0080adb
e339f417
114b0251
e4ddb728
c0ef2b01
ed0a0013
112eec33
0e23f12b
aee7fdf8
0ae20318
fc4b301c
03033413
fae31df2
e83306f4
490f1626
173910f6
cb002539
06e503f6
c2e6b3ec
110444de
e94616f7
23e80018
66f4def4
dcc1230b
e9a01f07
1e110e13
25ea08f7
d51116c4
1b2c42ec
0e2406fd
15f1eb39
c80f35c6
ee0f1724
22fc0829
0faf12eb
15d6d40e
f720e60f
f20ff10f
eae21707
ead20624
17dbdc54
3afbf60d
b2fb02d9
09f0d932
24e3d2f6
d31ff30a
f3301502
00f0fff5
e727dfe2
c5cd190e
b40016e4
01e1f3d4
0eff11d0
1c0b08ed
e7f3def5
2bece8ca
e50f01dc
180ff4b7
18331428
f109cc16
0b4d1fe2
2df4c910
eb2723ef
11dfe705
32ebfa2e
e0f4db48
ef0514ee
fcf7f246
f7fd13fe
082015e8
2117dce7
1c28e2e9
08c9432c
ce11075c
e7eaf7a4
1df7e923
fed00714
1c1d50f2
0dfd03da
ff382bd8
201028e6
ff19df2c
dc20fbd6
c8e20b0a
dc14f429
ca2cfefa
1509f30b
36d71112
db811840
fae9f803
f6d70a02
1312f83f
1e0bf10a
06171719
f05a081c
16eeed20
f312fbdb
062313f0
0f102607
faeff9d7
f110dfef
06fa17f9
daa91402
e3f1ee13
0905d32d
f7e5b807
1131f8f9
e2fadac8
10fd289a
f10f1cb5
f300f509
fec7da07
b009f9ab
0fcee5fa
0528efec
f20b00ac
00f700f2
f80aea01
1803ead5
24230515
f011f351
073559fc
3dfdce28
0ee4f9d7
080b11fe
ced2d4ff
06eb091b
f208072f
21172c29
f22123eb
420ff213
d616eaf4
1ab1cb20
d53509e5
f5992414
fba70f20
32082ade
ed1613f8
3308e818
d60de35f
11f7caff
e2ec17ec
ff7308f1
2a01d032
f2200313
2d140217
c404fa0d
cd14c129
05cc0427
22f7ef10
e7f8faf9
0429dcde
efde0604
d9d4eefd
c3ba28e5
01efcffc
09d7d5f9
0b0420ca
281cf9e0
17ff0f02
0fdb00eb
ea3ccdcb
2f14e806
0c0fee0f
350bd1cf
cdf2032d
fffce3f4
2e29cdbb
e50dfd25
e3f0041b
1509e1ef
fb00cbc9
1418f4fe
1425370c
269c06e1
191fa51a
f0f71603
e959ed6e
0bb31d2d
0d244bf1
aac20f0b
08bdd110
e309026f
f2e31924
cfe4ddf8
fff02c16
291b170c
e211080d
dcfca9ce
08abf9f4
29f4eee1
1206bd09
1f130fe4
43fe12be
e6e303e1
0a13dde5
f5e5eff6
b4d421d8
35512f23
dcd40b73
180ccf06
f0212320
122a0a04
e9f7fbf8
07f3f7db
0ffdfaf8
0108211c
ef38ebf8
1de7e8bc
fafc0cde
ea1004db
3907ee2d
381330fa
1bdddce5
f3b818f6
fb070d08
fcbaf62f
c104cc0b
30f321f5
07fbd3f4
07590e04
f907f2d5
12eef816
0ce8e6af
30ff1a34
25dd1b59
050d1637
c91fd1f8
c3174206
1027f10c
fdeb2825
0623e6b4
0902051b
f821f4fa
00dd16e2
f4e70830
09f60c1d
cf4f2efb
ed010c24
0309fc13
0e0c68cb
0107e427
0b27eafa
fbfcdf00
1526e7dd
19ff120a
41fee000
2d36dad9
15e4c1f6
1cf81ec6
07f3e202
e3c61913
0befd7e1
ee3cf740
fbf530fe
0e1f1c0b
e31921ac
cae2e73f
4ad43430
dfd54041
e42ae2f6
0a0c20fe
f908d922
0f20ad0c
1f01b93c
fd1febc7
09144700
eb1ce6dc
19c10a20
c7f8de72
fb0bf62f
2608ce13
191ff200
2ce225c1
01ca3a0b
f6f4fd15
f0360dd4
cbe9ef04
f04ef7e6
fbcf30e3
f811ef2c
05190915
09f8faea
12edfa4e
e3ee30e6
e12ae6f7
066fe5fe
04ea0e0c
ff0f2228
01e2f6d3
0f0cfc14
f1061719
e111070c
fc2a08fd
f65b02e7
fcfb13e3
12e4d90c
3bf33cdb
19000eff
40e3def1
daee27e9
31230ee3
c602c9e7
1016ede8
0409014a
e036fcff
ebfa41eb
311becfb
ef09ed06
0bf12514
04e50a0c
ef4d2725
b9fcd8db
eac4da17
ff6ed1fa
ff25ded1
e4080bd2
5b3a03fa
0fcfea30
05e807df
072a0f2b
180f1123
4bfdfb1d
d90b19f6
f8330b04
24c0f1c5
de110d12
f2b43125
ff06fbf1
10f7b55d
ebf81232
df1802fd
18dee8a0
eeeffd24
bbec110e
01e9fbf2
4f07f936
19ca14da
f0d0eeb3
02fff333
0ffc27d6
fcf7ea09
f51913f6
ed2c30e1
dbe6a9dc
0ba947d3
ebfd08bb
04d0141c
e5e80543
0eff11ed
23bedaf0
0a08dcf4
fd0a0026
03dbe2a7
2dfe01fc
15fe2327
cf26ae20
c5f7120c
079bdae4
024f2926
33bd12e5
f508e6d9
ec1b13e5
daf20fc8
c3ece3d5
f5c802fc
f14d0c17
1f03221f
0b0b0e07
34cfc8dc
dcd5c4f0
1c1fcf25
b0e4eead
e1f3ff0e
c6e3e918
1bd4ce17
210fe4fd
f0310910
c3f82ef6
02bfc900
d924e0ee
2217b6f1
ef05082a
cbb70b60
de07fdef
bb141e97
07e1e129
1ff1b505
e414f703
03e3faf2
ee3ecda4
0cb7f01a
da1ae130
fae7f7cc
fc060c06
e93b0c45
372de5d3
c50a83a1
1af4e7d6
08dd130f
acff1215
2ba70fca
e3f67319
fc2624fc
d1b5ed1d
ac13fe3c
ee410ae4
1c3e01bd
be230506
f1f209d8
e11ef1ed
13dc0210
060fef0d
05eee8e9
07ad1df5
ddec0720
0c2281fa
f410e426
2ae515f8
0506f4d1
3ae1c8dd
050509e4
f259fb1c
0253f005
070c23d4
3e3a27c8
0a0111c6
ea05e1d5
1be6e5e2
46d9261a
151ffc3d
fff8f617
d81f1d18
caf2e00b
fa32f421
07fee6f9
ec21edee
140df901
0a13070f
ebd0fbd2
f41301da
f1ebd7fe
c9ce4017
16fd4000
2c24d50d
25072e06
0deb0a01
e7cacdd0
fafcd405
21c5f1f8
f718e20a
ddf0dcbf
dc1c32df
d9f4f338
f9513930
234032fb
e1f6e2f0
f2d3286e
f645060d
0314302e
0c22df9e
c30642dc
003b0d15
08b6f219
c4fef13f
d4f9eeec
f7fb08e1
1dfce0c9
fce7e8f0
f3e1e0f3
f911f320
e50d2528
d014a22d
fbe6dee7
bdcafe3e
ec0418f9
27ce3ad9
050a3cf1
f20b4fdf
0125fc01
f9ffd312
f3e1321e
2b3aff20
f5011207
e9fee224
6e11243a
01d3ffae
f606fa0e
18f4faf9
c2f5212a
f4153903
e6f4dcc1
2c55f41d
b60bab65
f4fcd3cb
0effef56
f031eaec
e905fe0e
fa0eecf6
0312ea4d
0ffae6f9
0415fc03
ef0e1310
e51d080c
ee00d7db
e637da50
daede420
1c46dbf1
edc4f441
e33607ee
2306d0c1
effd44c6
11def6b4
b0edf183
2231dfed
d5eb0707
5807ff20
e1d9ec06
de39f5fa
0b351121
04131cdf
413e2be9
a90d1535
fbf51b10
0a011e28
072afc22
e4e609e6
e6eeebe8
e522f625
3e321afa
811dfa32
2ad01a15
35f50f02
b5e5eefc
0927161a
fbeec52a
32ebdee5
011be0e4
07d236db
f4102a3b
dbad0b34
0bd20006
05ffe816
e2f7fbdb
04f8f0e7
08e9ff07
e40e0401
fa09ecdd
ce130327
e8fc27d9
1bbfec04
d9263cea
1b27022d
fc2414ff
31eaf0f1
00f0eb03
ebdb07ff
1f07acf8
e1f30127
ff06cf00
e1d6fa06
032ec437
ad341411
d4e5e920
070430aa
defe0335
11fcb0d3
28280fe3
16ce010e
2e210a3a
e4f91720
2ddf31f7
0e132c1a
f61504ee
26e4fe10
0805f202
ec0708f1
fa32311d
19ee2afe
b8cdf5e4
1aede2ed
d8df03ca
1aaffdbe
31f7de57
13e527d9
f8e44544
28df19d5
fef3f6fb
d609030e
1c140506
d34f13f6
cc2d2cf9
e4fe09fb
5d132810
12b5fe10
0ffcdef1
19fa0031
f4d81f03
3109320e
190ed40c
07efec2a
fb21c316
1a21e3ed
241d06e3
e9f8f3c8
c7f4faf8
20f8fc12
1300b809
fc0f0ce0
ec03f2d8
de0fef29
2803f4f8
62cef41f
fe2503f5
ade2ee05
0a2e01ee
0b160a14
eae19ae0
741b1d1a
30010308
16dffaf5
f0eef4e6
fedceee8
242712ea
e6271016
0fade831
04ede4e0
39f9080a
eed9181e
2226fede
4cf3eefd
01e1e1f8
ea001e23
0c0df70d
14f3ea30
650303e6
010924b9
18dd0f21
04f1081f
b3f826e2
120605ef
04cd0224
0f1a1b05
41f63300
30063258
0ff927f5
d0e0cbd0
18e122f4
f8fcca03
e426f312
4ed80f26
1ad6c305
0700e621
f40af809
270be107
f907ccef
200c050c
f2fb92f8
c4240314
e4e600fe
da1409dc
0008e23a
32f8211d
1ef6e22c
0adffaf6
ee010cdf
af150123
011a19e1
f82b0c01
07cac8f8
d33c060f
0fdea7ec
efce41fc
1704f923
02dbe5c9
11cbe714
ef2a0d13
0ed82fe7
1d03f027
ecdd33e6
e7f01401
3cdbea04
f451effa
441c3629
30d723d9
f80d21fa
fbf3cccf
24ee22fe
f3f50deb
2de9ecee
e4c2021a
39eac9fc
ec00f23b
f601ec0c
fb1f1ce2
14eb19db
3c00f514
d3ff1814
f4d12408
0c254933
04dbc1cb
e90b1df0
fc31ef2b
114ef9e2
010308eb
21e74238
d9caebcb
fb03ef37
e80e0501
f7fadf03
0a2de3d1
0cea6609
ede60007
dcd75831
fcce9fe5
db0622d1
ed14e10c
c92f0026
daffeca2
03abdf11
f618f805
c9f3fdc9
2a162306
150be701
41b1f32b
1eff141b
e10be1fc
ec32bf0a
05df244a
47fa0120
9fcd310a
e1f81112
1615f102
eeef14d8
321efecd
264430f6
fd1712da
f002d526
38cbf2f6
6e0d12d8
c4fd0a16
dbe7fa0b
ebd0ec0e
f4cc00ef
1ae20afb
24f8f5e7
19f91af9
bd17f311
06120bfc
f6e20703
15c9f2e1
01221105
1a0afeec
fad2feba
f4e0d8f9
ceec0b09
ef2c02d6
c105070c
d9f6e039
e7eb48f6
20de0407
03f032f7
f7b409f2
fddbe8f4
f80c04d5
cbebfd18
1d211428
d30602e2
e7eccb07
130a0003
660bdd12
e4203e02
c524fd0c
f0f70f15
462a0fe2
f7eedc13
dcdff706
0933f737
ea14e3c4
05fe25e4
fc092ab2
f9e81c0a
cef410b9
e6ee1de2
f8d02be6
f233d9e9
3d230b0a
d30b0711
d8f921ff
01e11128
f0d42b0a
013af808
f93c10fc
c82a1ae2
9af214f5
381e0ef3
ef14ebec
f00c1e40
05b9eb05
caf2f943
dcc4280a
e931e1da
e428f7d8
f40b1d05
f7c2d7db
02fe3e06
3fbf0735
07ade628
44e7f9f8
0ce813f5
0a19ce0a
1b08abf2
36fdf9e8
fa1dfdf9
13f51e31
42ddca12
0efddc0d
0226f2fc
0d290ae6
fb0000fc
1e213314
11dd0328
f206ec14
2e4040c0
e6e211e7
d6055605
444e14cc
c6d9effa
2becf2ef
e10011fa
ff15ecff
f5f90026
160cfd06
0d2419ef
dad1e805
fcdae409
453cd209
081acbf0
ef00432f
112a3316
f528e400
0df52c05
1ffbf2e9
fa0fb8f6
2bf809fc
2004fde9
f624daca
27030fe3
0802f7e4
ecf74205
091fdc06
25054e2b
06e9130b
02fdfafe
0812d6e9
1d38e50e
1922390b
27151bb4
202bcaf5
cef9efe4
0a454020
fef2f214
b63be121
f0cc0fe1
c7dd302d
1812b832
09feac22
f31d0b29
ca2a3bd5
b2f304f0
d7bdf601
26d2d106
280cfffc
39f80bba
03000616
080a070b
151714fe
daee10f9
f115d8d6
32b42321
01120a1a
e1e3b9ee
0ff45efb
12efc5a0
d00bec6e
01fa0f3b
21f50c12
232506e8
1df9f9d6
ed19e738
0ff0d1fd
0bbd1211
1ff514e6
c3fec0d4
e8feda1a
fefcb5ed
0af20d1e
0a13f00e
59a7d312
f9e50d2d
2b22f3e8
e40b0bea
1701f03a
810dedcf
e90dfdef
ede660f4
0bc81a45
e808f8d3
25f2f509
d226e6ec
d5030708
001bbc2a
1d2dfe37
21162005
01efdd06
fdf80706
f815afc9
f1e7cf41
39f813a1
d9fedb28
02f0fa1e
0cd7e9e6
f40111f8
aef221f3
fbefdcc6
24df0c0c
5ff5ea14
eb00f805
0ee5470a
d31df001
00fae004
06e3ee16
4e210a21
e9f5f3fd
004af2e5
2711e83d
fff7f6f3
ee1a2b00
1513f20a
8708d00c
1be313a2
04df08fb
23ccf1f1
4d09e2d9
fbdeda1c
f7f03a0c
e3dfe03d
52214217
dec8e933
fec0fdf0
deff071b
cd1004dd
c707030a
040feacc
dbf8f804
40271c14
0ede934e
0de53544
350704b0
ef0914e8
eeede8be
e003cb0c
6381f0f5
ea020601
f5364fc6
13c4071d
f80fff15
e14512fd
d41b0900
f81e13ef
d329e7b6
d00bf8fc
1fd9f410
e2e002ee
ce2f1502
f5ec37cd
e33ef9f8
f619ffec
43dbb6db
4510f9e9
0d310e1c
13fdef1c
ba01cae2
fe0ae702
1ced361f
15fbd4ee
1904b1b3
26d44131
2b1b0e03
0c14fcea
b4dfd829
27161b31
cbe2fd03
11390cd6
0b2fd236
cd0bf818
04e60624
fce3132c
e906d309
16dcd238
f80eecdb
df10cac8
fe1725d6
ef02cd26
32edef0a
01d232f5
bf363db4
c4ea201f
f4f7ee14
fe14e11d
bd42fec4
140cf031
f0c025f2
dd07fbfc
174a2552
e3e9e3ea
e1f0fd14
02dacc14
16ebef0d
0e191438
0321f1d6
0406cb1b
d000effb
de18c8da
fcf1070d
c8c9f1de
2226db36
14d1fb05
e3e81303
16f621f9
3eedff16
391865d6
dd042bdd
25a422df
0dc9ecd7
f214eb30
ec3fca1d
10fdec0b
04bbf4df
f918ebf0
31e5f3e8
2527da04
fdd9000f
030c0402
0b171403
eeff1c08
e804deb9
d51652f2
eb0bec11
04e0f7af
1cf6c22c
2a16eae5
ef00e81d
ee07f81f
35c8f8f8
0a20ef0c
1cdadde7
21ee2759
c4ccfb08
f2130b16
15f7e00d
1012f3e3
d54aea24
35d8e41d
f409e9c6
a0e937f7
ecb923f5
4be6281e
53d5f7ec
2ce872f0
ff03de03
0005470f
e507f74d
26541c66
f300bfd6
1935e9a0
f572da0f
26cbd2d0
5be6e70f
c1a4a161
06df09ad
75ef1f09
551525a8
12ee0a23
044a2004
30fdf8ed
db20f6db
1d9d13a7
e11730dc
fa4620fc
19c54ed9
25e603c8
01a4fd23
f64f3030
ff5bf7ce
14f74a39
b905d7f0
d4cdf26c
32411a24
00e7d66a
f73734fc
08ea2301
e91152f3
03deb9d2
38d6efe5
d6df02e4
19b95b0c
dfdcc7dd
a850e01b
e6102933
fb661ed3
bd0ed205
2f2aef08
ac3cf8d0
f0e0c916
30fee642
1e0b5fd7
3ffc03a2
de171f55
5939d79a
0ad9e8fa
c6001bd8
99d3f9cf
17cb3c13
13f6d5c3
c5edea1a
47fcdf1c
1a2d01f8
2e0502f8
100ef4be
bab4e0e8
f4fff1fa
4ef1345b
6604ae2a
0307edf5
011a17f7
03c1e4d8
29f0c7d4
5ec9fc3f
3fe20dd4
d3fd0615
342e1f01
fbf53b23
ebf813ba
eb2add2f
f2efea4a
e70b1ff5
f1fef6d1
e835e816
4d1905ef
01edde16
fe66c8a9
e6ccfd0d
291be8e2
eb292a02
d1301d81
d6b21ce7
e3f90813
fc32fae5
d0de3c3c
eee726f1
d32fee6e
d539bbfe
fafee501
0df0c54c
51dbcc40
c7fbf918
f5e1bfd7
0127fbc3
57b1d6b0
c6decdf8
a60bea2d
dcfd10f5
0d1dfb6b
defdeb15
f3e61b31
0ae70c20
54fbed19
ff0baa33
0c2be505
faf6e9e2
be2bf7eb
001edcd2
213ee8bd
25e721e8
ab3feb75
31e5110e
420c3216
f3cfb8dc
7fd5f701
1761251f
0e22e728
38d10916
0237ff44
acfb06cf
de10eac6
15ebbbc1
1a21194f
0c0418e4
ea3de4cb
03fd04d3
201924c0
2658f701
0bdbead7
07e5fac6
6938eef7
f62cf229
fee23a21
0afef71c
adfd91f0
c9e6f910
1414fa0e
ebee1c1e
1bf344c9
bddc0712
e3ef3b22
0fde194c
df04e9b8
2401c5e4
36284f94
e50523e0
fce43741
2c4112dd
3e17affc
ee03f805
2bc6f3fa
0edd4766
eb0d8c4b
add4f8cf
1df50deb
db36e6c9
16edcc2d
39ea3ee9
551ef2c3
fde13eb0
ec1b152a
fdfc0788
24de225f
1024f447
0ae0280a
e2143c2a
fedf38d7
f1d214fe
200342f2
e7334be4
f51ed502
e1ee0ff5
e8cf02fa
eafecd0f
dafac305
ed13f620
07de3514
dbf0fba6
3005050c
e72ecc1c
20fdc426
f9fa0dbd
17bbc592
a8d3ff19
b1fadd1a
f03f20d1
e2fa1d1f
05360621
1a0303ed
d32b3e10
0fe22bcd
ccf9f7e4
28041a30
dee8fb48
e524bbff
f531f729
0f09302a
01f8e2c9
1a732549
dccbe20c
0402d642
f3dddd98
0be532d7
f0b0ca15
19f0d5fb
22fce7fc
06ecebec
dfe6f729
0e2216e5
bc06bc2f
9ad12d05
e13c0210
ee2de6b7
280900f5
f4c20bf4
09121808
d3c65327
e9071e35
acd310b7
ff491109
f224e02f
f92732cf
ba2406cf
aaf00acd
052d120c
0927ef0a
e65924f4
e4ee0125
0322c7f9
f6332f20
34d0db56
22da14f3
13fc1cf2
0f1a252e
30272de5
1016ffdc
0dd110ca
ea10f5d7
25fdf716
e8e70a21
f7090f1d
d9c1dc23
0020e10f
ec5ce1f5
1db13228
af01e8f9
67b760fd
8104c00c
4825d916
f3112fb2
dde4e443
23ccf50b
0535061d
170a44c0
c6ce03c7
14bb0ab1
042924f0
11620236
674bf41d
144308ea
154dc542
0b17e728
e4e4badc
ea32e5e9
2adc0a24
f56a150b
c1b8e814
13dec4f0
2feadfda
2dd8d625
e0e3f873
3dd843fc
171debf5
f2bfd312
12ac171b
1c594ae3
fb262414
1813f931
313bb1ba
fa0b2bc3
f11a1813
f3df1beb
eeeb3014
1be5212a
fb0d47f9
e2d6b308
23c6d941
ce1126bb
42e5f62a
34da0828
93eec716
04bbda01
fe34c834
f24cdb04
1e10f207
c91040e1
f8e3e93d
19ddfc68
12e51cfd
d2fcff10
e3284a48
fe22d613
cfd1fa18
33d02ee0
0c29e0b4
d1dc162c
72e6df06
ecf5f7fe
16064106
38f90e1d
22f9c381
0e29011e
e3ec0ae0
e5f3d0c8
3726d60e
cb4624f6
d7d3f445
0afaf021
f5f10c17
673db814
e9110fa6
f9bdf8ce
4df0e7c4
e5f522ee
f92701f1
051f111e
380a08de
1a1baffa
f406182c
100a101a
29d834da
daa4d8b5
f1c112e9
3df5c82d
21fe00eb
edb7063d
c6fbc0f3
31170afd
22bad9df
ebdeebf7
dcf33003
dbeff605
f7cee867
162b09bf
ee07c5f4
ca9ffd4d
df092be8
2095350a
d504fb07
0edb01e5
1aea00fa
c2fb2c00
2b07251d
0b56f53e
ffacc4e4
16b50cfc
08e6dcce
f0f0efff
29da001b
d423ed16
0527fb3e
18fcea03
5de3ed24
2607f4ec
cf512d43
13edf41b
96b6f8ef
d90c0506
faf809e3
54c80c35
06c52e08
290203fb
0fd927d0
19fd0fda
06b9df39
cfead0ef
ee3dfb0b
20e7edc3
2ae0d6c3
d93d0238
24fa43f7
d30de73c
17f1f566
cf26f040
1d1eeae0
f80307d2
f206fcae
eccef932
e7ff77f2
e7d13503
e808d5d4
fa32d881
eafa1811
b2f3eeb0
cc001213
df3b1e21
14e3f4c2
4d47fb0b
c14a1c06
d8075e2c
02122dd5
f1101b1f
30ee09e2
0a4d03ca
e215f83c
29f10ecf
500a043b
ea1bee17
3faae00b
eed5f822
2a2f2028
f2160313
f4002502
0a2b0d37
29b49fb2
2a0442be
faa81cec
0e999eec
3520d0b9
28e7eded
03b7164f
01ccfcee
1e1be516
28f1e70e
e3b1171e
0cd90b42
ff1df3f8
c7132cfb
25d6f61a
19c5f9e2
fb0e2adf
d2e21bc6
e8020618
1ee2ed3a
abe5caf1
f413ec3d
24ffc906
37f7e704
0908f3b8
36043cda
22310267
13ff3cf8
f305d3fa
485adc1d
bdf82bdd
131903c2
f4ebf409
ec2617ef
da1b3c0a
d40f38fa
06fff704
140eebe5
f8fde0ca
ff1c0fff
a7e913df
0727ec01
cc7f1dc5
1722cdd3
1f0622f4
25d11320
0fd408b6
0212eb2c
0e17c499
15f63811
f4fd1311
f200ef4d
fab4e9f5
ccb20b03
064dea62
de3040cc
33562be8
df4e1a18
122d0d03
ba020dee
3b1810f1
0002dcd7
0e32c4f5
1201edda
df3f11d7
cf1c152a
e8d5011e
fce102e2
2ddc16a8
13dbf3ed
f9e84209
1cfe0be8
491bbe2f
05283c38
13b3e70d
e5f247bb
282ad825
eb0541e7
027d0617
0bdc8cc8
345ccba6
fe0d0402
17e405d7
015437ed
f745edf6
f2eacd16
e4d4ce30
370d4212
0f2f00f4
37ded829
e1f802fb
f7efe1c7
bf31bf1b
ea17ff19
e7fa0a08
0cf31908
e61717a9
1bd1cd04
c312fd5f
093f0ee5
382b81c9
e82747ac
faffe30d
f8051802
f3f91bde
d7f11328
540b0efb
c40a09d7
f51fef1b
f53521d7
fed81cdb
57d30cfe
fd41f89f
cf12b82b
bc1310fa
fc0333c8
34d8e440
540aca51
5e011c21
11da1011
c2b4e411
e950facd
17e91a1c
e400ca2a
1219f3f5
f7391dd2
9ebfd4e6
070f0bf2
23d945e6
46ecaa1e
b516d4f7
243dfb0c
09e2cbdb
fb0b4ab6
2bf72336
fd00cd27
c71503e9
4d40d60a
0ae4e001
f0fad5d7
c4e63a15
09ff15f5
1610324d
f6040a2a
dd356314
daf9e9fb
10edf6d8
f6ed8116
171f13c9
1fafeb4d
5fc2fe5d
18f3e429
acf255c6
9308cff5
17f7dd05
0832365c
e21718ae
53f9f512
1409d9da
28e70efa
060ce458
04c6c323
1feb2950
c745d50b
f8cdd4ef
124eca56
e627f202
32def529
0ec4c5cf
e4da050d
c20b35bc
0d13f408
1402f1d2
cdf4ca18
0ecff9d6
0cd7083b
291240c1
f9f936a6
e0e9f61f
0a2b11e7
023f1d30
e12b03e9
fd341722
2b2aea06
3208351e
020bdb15
3312faef
161f41fb
d7e26001
2aa2eb9f
33e42f12
ef0e15e4
b1f80cec
3708632d
f8f8e527
f7e7104b
edeef9d5
04dadcfe
48a1febc
17c4de25
365d39e3
99e7231e
fe1d320c
2126e00f
14efed15
dd240353
f31b06e0
fff6f1fa
3befdf9e
34a0a82f
c524f806
13119dd4
fa4bf328
02daee11
f431cbf9
f902fcfd
2e1d10fc
0eef20bf
a4fe09f2
c1e61d47
17ff12c9
e9f9fdd7
0600f9db
1d260ef6
fffae0b9
43ce81e4
0200ac18
ee404c19
ef19e8dd
f2c60c22
fbedf3d6
d4dd27fd
1319f1eb
143ff215
dce42e07
d1fb10bb
f80b5319
f71f08d5
11d1d6fd
c825c0fe
fad634ff
3937d607
1f103d16
19c8ebe6
41f70939
e2e8f3cf
e807f603
16021241
fe9eebca
3ed22c21
c50781f5
cf330f63
c72c26ee
b324a9d5
29550130
0300d9e3
edf0c723
e33401ea
22cdffd6
5517e2db
f4223dfa
2a05d1ea
9e061300
c6d32346
eaf233e4
e3180e07
e2eccc18
dd27f9fb
2503f0eb
16451ad6
d10eeabc
0e50de08
f7260448
95092234
42fe1e17
24eef6c7
2138cae6
eaf0e6ff
04022a24
040ac304
b9c3f910
f8fddb11
f803e424
16e92dd1
47e6fdf6
e8bc357f
0deb33f9
bde32923
00f3ef37
f127ff21
cfddf703
101d02d6
134044ee
fad8ea02
28d06653
c514ed07
e5c333d9
1df3f9ed
eae231ee
04f8d952
e9202312
06fe1912
fb1eec07
10d61609
adee1c3e
18d2d742
3217d3f6
29da536c
2d43cd15
24051630
cdeef2fd
691ed5e0
d73aa1e6
1acba4d8
3444480d
07f505e5
f505ecd0
0c7218b8
18e4ff25
df56c0d6
dbdbf4fe
e6040918
0bdf291a
c513ed19
f50a29ba
19421528
081c37f8
d3fd0239
08d44a22
fe2b2c24
0703e2c6
e2f0c602
11edcef0
ff150eac
24cd0dca
1efb31e8
ddcad516
09f30bfc
0b2f0318
e9dc29c9
252df6e3
dd0abf2b
e904df20
061655fa
e7dac91a
b8cbf029
7ff1a409
b6111ee0
5a1712e6
fef00ad4
bc420924
030b2be6
021a1a62
be172d16
01dc2415
05d1b8ae
e821ea09
4cd2f94b
f1e3f0d8
bb2bfe0c
1bfadeeb
4bde4534
260dd227
f412e3e8
0de527e6
193be1c8
edcdc4df
00c3e73f
37ef0eed
104d46cc
2df0de00
fb1bfde3
0ded1e37
2539c31b
13fdccfa
0c0222cf
031522fc
45f910bb
1611220c
fe172dc8
2cd41ef4
e818e90b
0b0111f9
132907fe
d5fd0506
100121fa
0a0619ec
16f6bec4
d0cb0213
e96126e6
da223b10
980e14e8
0122e9f0
43ff8e10
2b0dc6e9
5afaa1ba
2d00110d
dfeaea0b
1b060f44
b9dacbdd
9ac3f5e1
5ad513dc
ebb500ff
f33ddae2
f0fa1bfd
fce34137
ceccce2f
af0305e0
ea4eeccd
d420cbf0
1bf3ecf6
1ffbcbdd
350f178a
06d401c6
f500e6f4
d902feee
b52f54d6
141c151e
5f1f0507
fafb222a
cce92ecd
db3c4860
ef090fff
3bdcd705
ddbe0bc5
e701d3c2
44e8f802
d4072834
06f5ad23
dee8fa3b
ca2417ab
e8190d09
e048e6d9
18276cfc
04d3ffd3
12faf3f6
12fefdf8
e6fcf4b8
bada0f11
27fbf8ee
ead5e0d2
f015f2ca
f6ef26e4
e1061b08
fcf411ed
0e2ccee3
d9e5fedc
06f6da23
e5450db9
f1076e18
90e1d907
f7e225db
f91fea00
f4fcffde
0b15e5e3
c60e0feb
ec9532f5
b42bec27
0b0aeb1a
e8fbf2e5
143b3ce2
e5df1fb6
bd07ea08
09f1f0f4
f119d695
1f00f5e9
e711d0e0
0c02f108
f6e7f3c6
efd9db1e
e5101130
21270d0b
eb4df7fe
1ac3d31a
cf0cdb02
27e0e4c5
363578ea
1b110111
e81dfdf7
093014fe
c228dace
e735d3d6
080a1fce
ffc0fc1c
f0dc11fe
ffd1f3fb
d1dadffd
fc0ce407
fda6f8df
5f120042
dff6e5f8
40f517a9
cd0cfad9
f1fff0ea
24fd0419
a2221a2a
edf532b4
1c244e41
fa072306
c92c0a48
420e0e31
fcece89b
34c0defa
22260c29
49fbf5e4
69f7de2f
df2c4c1d
9f18bc53
f3d5ec04
2f13e515
fccb39f5
f2addeee
ee39e057
2133d910
21e9ff01
1f1c340f
930c4f51
f24295eb
b4d4c217
1ede080e
194d1228
e0f1e4f0
d5fad6de
09d62904
0efd0006
d341ec15
c20b9eec
d00fdecf
14efe0f0
051b3803
faef01ed
aced1bfd
fcda19fd
17c3e962
0bc30904
1d33dbcf
b41bc630
333f1537
fdcb26ed
c91935db
e22a2f28
21d6040b
0e9c24e4
ea3b1b81
c50fdff5
28e99cfb
ebd0ca23
df0d0f5d
1c031e33
23f7cdd5
e626fc33
eef10ae8
feb43da8
d5ecc3cb
d4e9c823
eb2d25ff
efff2b0c
e6f91ed3
28c5192a
0d210ded
00cee3ee
a4f596c9
1af10b07
b2f51ae9
e4013706
1a093ae3
41080ff5
ccb005fb
ce39a8f0
4c3351df
4a08cb24
fcba191f
ecee28fe
c4ca3346
39101c25
24dde207
cddd1734
0ac3e469
dae33ccf
e7e9fa00
1d081866
da172531
b31a26c2
f0020505
f70718f3
e10f0932
f93927dd
fb0524fc
0b2b0346
ecefcd0e
06e6bb23
c50b33d5
160001e5
02c3b51b
f3e13307
1bfacd0b
08112eca
1d00fd1d
080c3513
23cb140b
d21c1708
af17ccea
1bcef905
f0d7d961
5c13f2dc
3724f74a
fa0b1bdb
fad3c932
c335f118
13b542cb
00c0e61d
ba0ad60d
2e13ed77
d9be18dd
1258daf6
f836eb06
a72c30fc
c950c32a
f3e6e6e2
25c91be4
ca3b1d06
2b19d9e8
c55708f7
1516e808
d732dbca
edf24629
04101e20
ce322cc6
1940d4e1
dc421181
cdec81ea
1021ecf0
ec0242ea
11c3d021
cef83e34
02eefcde
0a272309
d0110c1f
f8c1ffa0
e0de0229
e0b10bd1
d5b8f425
19b5dc2c
9e232f06
210bf323
014ed321
f5db840a
480a2c17
3ef711f5
07d5c2c3
0132c747
c5efd9ea
17231126
1908d6ed
d41f0f04
b63c07db
d2cbeb11
5b03a8e5
fe1dce25
19e42fcd
032d10fc
1dc6fed7
051317f3
14035e11
21def5c0
2d02fa53
f801d8f2
1de607cc
4dd24233
e9d2f925
00f0071b
0af6eb05
4706e49c
c64e11eb
460e120b
fc121642
15e9066b
09eeb0f2
0ea52deb
efef0e08
33db0aee
0a2c5ff4
c01aa5a9
d21bb81b
b7dcc022
f146cfe7
fb03f1c0
e4fb0cf5
4cb204ef
ec31da0c
32c81dfb
ed06d8d2
3281fbe3
07ef3c24
f9dedbfb
1d131627
ec04b3f5
e013cef3
d6d8fd1a
14fa252c
eb1104b5
dd53c7e2
fce53cd4
1b121cf6
ee2eeb05
4420c604
07e202f7
1af2013a
30d1d525
d80fcac5
0edc1d40
ff1621dd
2be918a5
0f19f1cd
f90d26ec
3af6faf9
f02328df
3603f32d
1d25e6eb
da1038a9
1b12f9b6
1bbfe0fb
f13c20de
fd1eb61e
f0defc03
0d55c825
0102d8fe
314c2127
ebeaf63d
01ca2913
0b0af9ca
18ecea20
f550cc84
e03bf8e1
e8ffa843
cf16e8f5
0414f1c4
3eea9f43
cbe909d9
2117ca23
11ffedfb
07f81ccb
1ae969bf
3d0ced37
2a12fd0d
10faecf0
c3e5ffd0
0bd0fc01
0212282b
bd2c041b
3bbe05ca
ece0f715
0a3a12f3
3a462afb
0a1c0224
28f3c305
1527f6d4
dc0cfe2d
13cb2b1f
b3d82ff0
e1361524
0b151ef0
30f8c50a
0a04353b
f63a0cc8
380313cb
0c203e10
3335ff01
d2d4e825
d6bf1cf5
f6b9d1da
2b043113
102e17a4
0dcf1e0d
1a190f03
f83529f1
05cf43a7
cafc223a
15f1be11
e9d3d7ce
084c0f28
ef24131a
4d02ce33
1bdb14d8
5681c9fb
2b32ab1e
144001b1
e213e5e3
e7f1e847
f9570e53
e2b1fee2
18e63ef0
e6e4d4f1
f617fb66
5c1a291c
f4db0c81
68f31e0a
ecf0d40d
10181dcf
23f7f412
0fe7de21
6153671e
1cdb10a1
d4f9ff1e
2d14cbbc
ed08f1ca
3c113a06
f922c7d9
f250b65d
191f0af0
fa44e6fe
f8f032fb
1611b2fb
1d19ded7
b7defa49
11f7b814
32bca8f7
dcc802e7
0ef0e40f
06def7d5
3fedfa1a
c0e910f1
022b265a
03410e08
81fbd03c
d81bdbff
0c33fd1c
25cff62d
a4ee29fb
2feac10f
079d1403
18c711e5
c226c021
d4b30646
e3b900a9
e43824e2
251d00c5
f10037e2
f323eaf4
caf72bfe
ffffa510
a8b6de11
d7db3802
183ef309
fad5392b
de08f93d
23e5ee16
f719cae7
1864f3af
06eb0915
311d0ae8
b8d141c2
341ae4f2
2430f8ad
2803b6ad
0ad5ff0b
c98a4317
f6eed524
3c0010fb
16f8e9f4
241e26c8
fc36cb12
c3c0f649
2fff1de2
d2e9e6e4
fd0b55ee
ea17e82c
3a00fcf3
4c09d7d4
e18acc41
fa04b0f4
f2fde210
591b0944
4a12e0e4
13d4b82a
e2e595cc
f3f9ef1e
43f2ede3
1903354c
11e6e307
3321c813
b6efed42
e53fd3fb
0a2ee404
eddf0981
f3fbe1c8
f7a4d21c
4ef41d27
00e7ed29
cd16ec46
f7061322
eeef4df5
3debf6e1
d0dc5331
fac43228
fdfffc1c
26823dde
1afa15fd
f919f2dc
2b1514b7
47c6e5cb
3a7fc2e8
eb1cd218
da359ef2
cb024ae5
dc00e71b
d9323bfd
fad10043
41d0db0a
e2ade3ba
c62cd9fa
443933ee
4f23e4e4
03f1cf19
1a0d1e09
05fa2fdc
e733dc27
16ce4de4
000631d9
12ebb623
0aee109e
e5fe63c2
d0d3fee5
110d0e13
26f0de07
272b06e1
f2090015
06c1edfc
cf41fdef
17db36f0
0917f200
030109f7
3e28143d
f0effd38
00f6e82c
f12ac31a
bf2df733
d4e7d116
f4f04ed2
1ff1bc2f
a978f92b
cd14810d
e9c20332
5d0bda19
1613ebec
e02bc5d5
2136d6e9
0013c7e7
0e01d748
07e5d735
ce11100e
e2f8ebe3
10f7130e
a0d412d4
214308fc
04375122
b302e90b
185ac3c5
c7262b02
f42f3b09
13f5cffb
0d152dd3
0ff6f1c2
ea18f4f3
5d27cdff
0ddef8d1
1f21eb9c
e9ea0c0c
0cfbfd1d
b91b04be
fe3902e8
24fcd9c3
bb0be20c
f1fb2ce2
e837bdf4
feefd731
f596ecf1
47d2cc0f
27fb0df3
23fbe7eb
2d02cb13
0beadc2e
1a1d09cc
1c36f9fe
11cb0fb4
130057bd
b0180ff1
e7fab0d3
44f7f4b4
14a9cffd
d79df0e5
07fd4711
f31c2224
dbeae006
16c8a9ff
09f431e2
cf0913e1
15d2c2cb
04f0f711
1ff3e9ea
5c17f506
0705faa7
2d0bda2d
09f91ce6
c1b9fbc8
df121614
cb1cd2d7
27d0d519
c250a4b7
e1bc87b9
eb15d914
0b1807df
29180dde
133ce31c
06f0feee
f7feec07
d9cd9ccd
d520b8fe
10d44212
05fe25db
f7f246bd
f846f1ec
1deb07c4
19f1d2f6
00071a26
afc2e4ea
374418db
ddef2cb8
eafea25c
1935ee30
51be252e
fd0908ff
c8f43054
282142d9
0125031b
17e6f4ee
56e9f2c5
139f12d7
d9012adf
d7e9de27
51205aae
07b0ea10
2cf20917
fe25d82c
322c1c26
07b1f635
0c2538ae
cd17f504
e0d41101
d910fc2e
211a121a
d205d20c
1cc2e02b
f21beb19
d5e6cdde
c51032f5
18ba3b08
e5f568f6
fa15e034
0800e0d2
bce0d5fb
d10bf3ef
248d230c
c827f0ff
4fd91708
01e4feff
3137f516
f3fd0ebd
e64844fd
010f3501
13e503fc
cf0a0120
af314303
f1ffec4d
07effad9
20f207fb
af185ed0
fd2018fa
0d0bf80c
db691410
f9112518
1fea0119
0e30fae2
ca5019e8
e6e7dc03
53fd1c10
4c2b93ff
15fdcd0f
2ef5d4e7
11c312b9
5d20031d
f2c841b7
dee408fd
e942dcf8
dcdb3142
e82ceb34
07fbeaf6
a7212f1c
0411cafc
302929f4
e1ca35ce
26951d1c
edda342f
07e928e2
ca01f32e
c109d154
cd09c7ea
38dee2da
24fafcf8
140c10d5
06ea16bd
f6ff38d0
d41fc5a9
bce7f0ad
f934d102
d304e0f7
9dfd060b
b517f2ed
e1020738
26d309e1
09e909fc
0e0227ef
03e81cdc
dd20336e
96261399
d8f41624
dc0e07f6
3dff02a2
1b2d0431
cf0311f2
dff5d7f2
06dff3f6
fa00e51d
2ee6d4ce
2e1913ba
0333230a
02f2f0f4
25d8c509
6cf320d1
fd170238
1114c103
64293b14
07c90437
2b380dbb
1b13dec4
50402436
a5fdd604
e130fcef
5deb5306
3b4c0f53
4501e71e
afdbebde
ed02141d
4f11ec03
e8ee19f0
b40f2996
dc07fd13
ee49b4e9
fedbcaf8
c6041ade
f61a05ec
082b190f
380f0215
e71e4412
fb03c033
c3e40b03
0bde0614
1d02e9f5
04f8be26
ceff81fa
1df7d70c
efd9e747
0c11f3dd
c7db2e41
230e08b9
0fdc4e02
0515fec7
49030ff3
16b3fbc6
fd50f9b0
2004d8fc
dfded111
10dbfb0c
072d1824
f3e5ca77
a3c63c13
a8ff0627
37ddf6f2
d7130913
63e8e8f8
61ccf400
122301e2
ddee36fa
13e3ee23
c90f0f1d
21471ff4
f32fe5c5
010cfaff
0411dada
e2c4fd1b
3e22213d
e420ad18
c8671692
d761e539
d4d2effd
b543b926
fa111156
31f202f7
b82ae9b4
1100e01b
17041c07
e639ea1c
dafefde7
7fd1d3d2
291f0961
c1eb050b
cb9430be
e0f55525
e50cedfd
35bffed1
c8311914
f7caf2f6
18b01a12
e735d3e3
11b014d4
e2d466fa
5f042634
fc1beffb
4bfd161e
e4062b17
b37f2d15
cee6e50d
0f08a5c1
18e8fbff
f4d0d1e2
1b0cfbca
0cd325ff
2dee3c3d
06f80a00
2b1729e8
0919d224
f6db3feb
e6f72907
cbd3fffb
f6da4239
2800fc0b
edfd09e2
12e10d3f
412b02f9
44e5110a
bf214006
021cd855
b9e91bec
d83e0cce
00e14aff
e8f9f0c1
c50316ba
160ccc0e
b40934cf
0224f2ce
29f51c90
c75fdcfd
d1dc2bfe
8127321f
0b180a1a
10d30f45
dde8d0ed
c019f103
ddecd818
03ba1be0
104a2a2d
040f0915
3856cadf
e804edf1
1134c214
13fadecc
c22238f5
14fa1be0
f8174e0e
181a111f
ecd907ce
33ff1c39
dd27aa22
e3eab519
0608ee06
e303fd02
1ff5e5ef
e217d2f9
f1b70fcd
64f5c41d
0f3b13f8
11ed1b18
0128ea25
cccecbb4
1f2a28ca
f610181b
1516cfb6
e0f23a21
3c0c45df
72c4d3d0
eaed543e
8e0242d7
ff215a01
0c14241b
01f00fff
e2d91d28
e5fb2032
eff6d716
14e22448
0e053ddd
f44b1aba
39e5efd6
f02a181b
4fcc9719
d8e1c200
d3321add
13f8bc22
09fd1a14
04912ccc
47f2f507
030433c3
36bc011d
f0f3102b
30d2d2cd
ec07d7f1
f51cf403
fc35d50d
f62b18f3
0e250805
23dce1e7
d60b1b1d
06dceb42
bece1916
c264e4f8
c121e6da
0b37f0fe
f02201cc
0228e3ea
d9d611fb
dd1a0dde
f9d830dc
1d0701f8
2651a90d
7a33d9f1
122bfaaf
c3251cb3
060ef0f8
0dd7d4ff
14f3c531
36faebfd
5508f6fb
cd0e2505
c7a222f0
f6f84320
600f3b0f
3de5d9f8
c52a20f5
17e9ef16
2906fbef
dadacab8
183aff0c
ddecdbeb
5e254d06
ea81a91f
caa507d8
2526215b
f82f2f00
dc201ff8
d632dfea
ed0dfc5c
57ebdae7
1c1af5f5
ca0e0714
a4f3e0f4
1c0ff3f6
0ce70138
f91c0fb5
b8313512
17febea4
199f2a28
dcf9f502
fb1b17bf
d21447fa
eee11b0d
34e4fcad
381abd08
c317d9f7
2308414e
d61a0311
332a1bce
1fdcff29
27151112
e50735e2
1fcc25b0
fe06d502
fb2c2809
ecfb10ec
eb39f8c8
14f5000e
1738e713
f7eff10f
00d6d35f
48f8e2e1
b3dcd1eb
dd17d110
18d50db4
060a2dec
defcd70e
e50cbf5c
0de4defe
35eb96f8
1f1cfe61
25f2ee2b
dc37f023
e836f381
d1fa22fd
c21b3c3b
18f8af1d
fd2cdf01
15a9cfd5
03f64809
efd41bd8
1915f019
02ed0cfa
032608f5
eb18fb04
34f7e305
e5e3d9e5
dd23eaf4
2cd818df
121d2101
4b080119
2606d9b3
824d152b
e703083b
0e26250e
e43a5d05
2d26f011
0ac53fc0
eac9dae0
16f9f6f8
cd02dc17
0108090a
e3f4fc37
e1054ecc
f51a0849
2ef5091b
4a31f00b
fde37f25
dcaedee9
0d1a500a
d7d2e207
ee15ff16
d816f4ed
10f908ed
f5e2f70b
e2d3092e
a714f9fc
27e7bbf5
28d3e1ce
0ffe05f2
2fdcee08
fb5df739
fa131828
dbe34051
ab3ce9d5
bdea7914
fc012c23
20f9f5e0
fa1c2e28
180c0724
f22d1bd5
5feacada
1dfa02fd
e138df40
0cdce695
eb1dd4e5
25e40c39
cc07b14c
2e10cb1b
f2f62a3f
dee9ead4
e80b2527
08f0defa
0a22ef0a
b9c62de8
e6e00c51
138728e7
0203dc32
fb1c13e2
1d31030d
f71a5696
e2bfeaf8
150eeb1d
10cf379f
0a08fef3
d011f9e0
0b26dbee
1235fa20
1effff17
bcce0bdf
0c06a0d1
fd0f38bf
58c0eb2e
033ff6f9
f1f328d8
ede32806
f6f154f0
1f10dc19
c8fee4d9
dd231c13
f3e50804
ec661e09
c22e28e8
b92f1f04
edc05003
f10f56d5
bfde0ac0
3a0f2ed8
0c1b18ff
ee4611ab
270cc718
45ddf7dc
ee383825
e7f71041
e6d102e3
d5f8fffb
23ebf5fc
01e9e5f9
e316fb0a
58fd0026
e826182e
140d34e6
4a04fe41
31043f0d
fef9d81e
d020e718
3512d401
410b2d2b
c2f70c90
d9223710
200cebba
19e90de1
d52d0625
da0edc01
2318c100
50d60201
7fdee739
fafbdcac
95f7f3ed
360b2429
0813e805
24240ddc
fb020f04
e4241e24
0746f71e
ead114f2
f94a2b0e
fd141025
f4f3e712
18b83104
affaf410
611744f4
cd30e7af
38dc1603
d5e0ec1c
e900f82c
feedfadd
00411322
5b03fc0f
73102038
3bfcfef9
a42c29b3
cf02f722
fec8b813
08fe1f16
07ed499c
1bda1edb
15e0ffed
22d5dad7
eafbe3d4
d7120005
ee21e7cb
ed00e8f2
e61cd0ba
fc04031e
f906e5e6
e4f9fc38
09f6cc0b
e412221a
2caa094b
08fa06f1
0dd5d3e4
2a04c704
061a222e
d04e120a
18c7f5ff
f1c6d412
1ddcaaaa
f92907e7
c4b62c3e
f5f9f3f9
0fede3e0
0fc72211
ff10e7fb
1b43f743
0cc11145
fce40df6
54362327
1af5b219
fffa0d07
331cfb5d
e6fc2b1d
ff1012cb
1df515bf
37d0faa7
31094e4f
2ae9d7e5
0f13b517
060ad82c
19f859d2
1c2203ec
05df1df3
dec1f1e1
0b090f43
e4fef02d
06170fd6
f70546ec
e20515f5
083937c7
fc2eeae1
a843d9f7
b922138e
39c9dcc3
fd0cf2d3
03191bcd
d900330e
06fbc926
dc1a1101
38e9f5fc
da07cefa
e5d0400d
16582b02
0bed1941
28f40ce8
eff2d0d0
2b2511e7
dec9dff9
11faf21d
23d8d361
3013def4
0a4617e4
f9133403
0128e6f9
fdeb1112
358b1814
2d2810d6
4d46dcec
cef84ce1
e820001c
04f82acb
ea03f0ed
18baf5d4
08ed15ce
03ff3c0d
0fbe4033
f302e404
0f2dd6be
1b0bf4f6
3515fdf2
1920e3fb
dd40fde4
f3fb070f
20eb00c0
f6e2f8fe
10211216
05fe2ffb
1cfac613
0706030b
2b3de9f9
f4f01d04
1102192c
06f41129
061c042b
240b56fa
df01ced6
f3c907f5
e509fde4
2c0befcd
d70defbc
e6ffb7e3
141fc24f
3e08ff20
21bff109
0715030c
24e0091d
f5f2faf9
0fa6e23e
ee13dd07
11f0fd21
effa05de
1b11d229
e80eec00
e3f3172b
c90b2bfb
1aabb832
24a23905
e6030ec5
d9f5084a
51dcefe0
0ecb0fea
37261412
0b25363c
c00fda2c
cf1ddfff
d60b3ffb
e1f60eda
c6f2b5cb
100becac
283a0229
e8f1ea05
10ededf1
04deb625
1b2a093f
33055610
c8e0c111
ea25f705
ad08fadc
2300e8d8
a62fbc10
07cf0cfa
0402f4d1
bd170800
ef10191a
e80a12ed
fcfaf4ae
be05c70a
f925e7c9
12e2644b
2f01c635
e4f40013
1d032cf3
04031347
b617e1e8
10dc2cf4
59ff05c2
2109ecea
f406ed21
b408e1e5
4fd9f90a
d6021946
f6fc153c
f2060a09
fc35cadd
4401dbf5
025a0f17
2d065f07
e8fedbf5
f3fc1015
30ebed0b
0d03ce00
ae1200ec
0cddf10a
ed04060f
fff1dd3a
0405e5b8
fdfd0c46
4bba2b2e
b4f600ca
eff61726
16bc2f38
c1090afd
d1fdc4e2
d2fdef18
0e1f07f1
09f70536
c034aedd
2427d203
ea2e0317
07e908fa
1514e40f
10f605fe
f7ed10ea
e1be1ad2
e71b0800
fc08ee0e
221e18ec
c6e02cd9
e611fc0e
3ddd0cff
0f0414fd
04dc07e2
08f6f704
10d4eb38
0800f32c
18b0dd1e
c5d82555
ec10ef36
0055f905
e7b80901
e21202d5
3b2c0431
e8fb0813
d2e9dba8
2c06ec0a
d7d9e607
dcfa03fc
ba2b3d11
15e1f4a5
e5493ee8
c6bb05fb
014401bd
151df901
f0f6e1c9
02d40402
b42f160b
03f807ed
161bfdd5
f42b0bd1
2758e84d
fc094104
5bddf111
f00ef7ee
aa6f202f
ffd905f5
c3f3c1be
c2ddf8f0
23f9f0ee
ef0d2908
37f6c72c
d8e510ca
0ce4f427
f9fb14ef
0400341a
ffc61ecc
044901d4
481d6344
f000a231
fbf82b2b
11d8fb09
2a0b0b19
0a010ad0
143327e0
def1f8fc
0c1356d2
f71bd2e6
11e5fb0e
1a0d2fea
e317dacb
e73a31ff
13fdf4f2
e33deef6
d4fbf7ee
423fd615
f6ecedf3
14e0e4e4
f5fe4c15
3adfa941
f4d61300
fdf1db44
f30efdd8
01050e20
02e903a6
e9d91cdf
0aef03f5
eaebff02
fafc0510
f921ce0d
e8f6daec
d812e5fc
030501de
d3c4f1f1
00130902
090a1b02
0716f200
12d61ffa
22080308
1614ef06
fbfbfe16
ee001c10
3c1600d8
374ff4f2
080af2f3
010a285c
24130b20
33481d05
27480107
2b1cd728
c5e01112
0de21c21
cb240f1b
d8d51b2b
21f109c4
160c1a2a
0ae2fce7
f32de722
e7170704
f9430e0b
f9e01df0
dba6129a
c712fd35
bc381620
0f2aff14
61f205f2
3333fbfe
df0633fe
e514be2a
120bec29
49f7ff17
4b22950e
1e450019
e325fb02
23defad5
31cde6d3
ebf3ef25
22f904ed
45fbdd1d
1a3cebe9
1025f9e5
232ffdd2
f3301bf6
1b48f2e8
1f0cd6e0
fcb0e9f8
ef0fbb1f
3b130e0a
1cf11b01
18e60725
25101fff
56172039
04410ccd
1cf002db
2408eb1f
f3fb4cc8
fcf000ca
0aea47e2
43fe25d8
2436f55a
ba15ced4
111d1b60
5d13fa1f
fce607df
e20f27dc
fec6c240
f8ee190f
0edaebd1
2116a735
43c1cda4
e3defff8
e8ca3125
fbf201d3
0718d257
d70a07d1
42ab53f3
e1ecd8f5
0de81e02
1d09fc0e
d7051a0f
06ddff35
1a280c01
e81c42da
1ea7fdfa
cfe220f6
1d0515f0
31fbc305
e30fcc36
110cfbe9
3f3abddf
290f560e
bc0c3400
3023d01a
ed2626ba
23e95104
03e3e203
e0f6f801
de01f516
2407d50e
1ffa2409
f6ca08b3
d5fc0a1e
0eeb09f6
e7c213f5
2915fca5
ff462bea
e0131b20
eb40a2f3
0db7cdf7
d6ec250a
29e9e9fb
fd100bfd
ef03f20b
111d9ff1
070016f9
1b2aeef7
18fafefb
519fe4c4
0e04fd2c
f13b070e
fbe20f0e
f837dffd
0917f1fc
0d0ffded
fcf1c2d2
fae5009d
fb0d8110
f4144c1c
062e1bf6
e31fe8f9
65f3c142
fe0dbeea
f0cb4008
e913159a
1af7490a
1cc01c24
1546e8ea
0cda1817
3c12e9eb
f70bf9cb
fd0d3b04
04f7c4e9
0ffd861c
ea0529f0
e90708e6
07d20514
f5fe08d7
394bfde1
13103b05
0614354c
5c09dbd0
f607b602
d3e2f81f
25f1112a
c8e33025
dc32e92e
041ac100
003801f4
a3ed2131
d1081300
1f09f8fb
67521cee
030b2de2
25fc05c9
5b20bc1b
33f7d706
cdfafbe8
ff190739
320c2118
fde5e229
0cf50703
1ec2ffe3
ecfa2bfc
f69532fb
d400edf1
0afb070a
f5e6fdff
e6160cfe
e2f622bc
b6bde91a
38264517
c9ef1e31
30f5d3f4
fae5e2e5
e01edd4f
1af4ef0d
34220ff9
da261e30
00240e9c
d29fd1e4
39f2b1cd
eae42ce3
040bf7ee
e402f7e9
13ece3b2
6e0fc1f2
08193b3e
00ed0747
e806ccf1
0c1e3814
04ed0d35
33410c97
e9051000
14ec010d
06040f04
f5e9b901
e1fe2103
2af3dd09
17f50408
1106ff0a
defce1f3
a9ec330d
33e70c09
f3e4001a
2b01322c
ffbb150d
171306f1
2939f4d6
1c34b3f9
23fe2ee4
ed0feb0c
26a6f4e9
3307da1a
f4b3fffe
f70e1946
d3a3f82c
b6fce718
e7110928
181c05f0
15040cdb
d6fff20a
af393757
05e31cf6
01f7e215
fef72210
1200dc0e
210309da
caeaf216
fbed2412
f8052708
fbbdf2f5
11cc0c14
bee617d7
d7fa16f9
16ec0db6
0bfe3523
6cf61bff
4a3314ee
054b10e4
ea14c8f7
ee2a15d0
ee4c290e
f7a731d1
f205daeb
25f230b7
c70ff8dd
f2ecf304
19f7a220
22263edf
12ff0411
f2d61df6
ec0c090f
33020819
af034ce7
f309cb3d
2e1a14fc
10f8d92b
44e012d9
e82ed5e6
e605ee1b
07cb1e01
152a08ee
daf1edee
13080dca
dc0ce2ed
05f4e4cf
173fd0f1
fe3904bd
c1040f11
f311e11f
1a11c346
fbed03dc
f10addf9
26212a01
f59208f9
f12202f5
f10f1025
33d8f800
07063429
e30a1b09
120508e4
08fde60c
2d0e0fe5
e8d8ee3f
12eeb220
1d18ea08
05f7d02f
1bf322ed
1016150c
f61c1fcd
2116f91d
f6e9f0f4
ee3edee9
01ffdc2f
f80be74e
daeaf6f1
41f70fe7
c1021104
f816fa03
defef01b
c681db0f
d8f60bf2
090b41a4
a822eed0
4644b73f
12011b0c
07d53005
12ebe9f2
0c060b0d
eeec9e0e
13ed24cd
ee07e6ff
28ffd208
e2f2e3c5
d82ff4c6
e70a013b
f65429e3
0102e6e4
300ee123
9f2cd633
cc140643
3812f5ef
15102520
fe1536f3
3f04130a
20e8ea29
271a2ffd
fb290ae9
03e2c5c5
2a09d9e2
da03e51c
052b0fee
c6dc12f1
10041911
dc2305d8
230feff1
f8000709
1ceacd14
f50ae112
f905eb13
2719fffe
2b2d1ac9
ea1d1f05
3dea0f22
00c62116
17df3824
07e808fc
e8f73ac6
b81be009
014100ef
de16ebbc
4af313b6
f9052454
d42c2913
1ef6fa05
dfbdea1e
020cc72e
fcf7e6e0
dcbf96f2
d4180554
1df70e04
17211f37
0a2912b7
0fd4e621
1ffdd1e4
2113da11
1013fc38
0fefedfb
c7ce2ad1
fdc0fb24
01d3fb17
03061a1d
e7f4fc05
e3f20335
26eefbe4
1df4e503
51ec18d2
23e2f224
44f83b23
fe13fc1a
05ae0cde
2820d40a
fb1cd7e5
1c0606fd
da06ca3c
fde9ea18
1ffded01
fc08d324
c9d00af1
172e0adc
dddef3d3
2f18cae6
0be6dcf0
21efe908
0a050423
0304f4e2
fe0c14eb
03edf8d7
1222c72b
cc131210
d211075c
f1e30bc9
0201fff1
121b14d3
ddeacf3b
1ff8d7f7
0d30eb38
09d810f6
f108b30c
b20f0d24
2a1a02d3
fe200cc4
f617dcc2
060831f4
080bcecc
bfe813a3
f2dbd3d6
c5102d05
1a06f605
dbf70815
cfe8d6f2
131c7f17
2d237c31
0df91458
fa1726ea
f4b51d1b
c80d0412
ea242823
091f15f6
e6f50ad1
11c23510
0d152104
2d1c1f07
fa12d7f2
cee62306
06f2fdbc
1dec3a17
ecd0bae4
0bf400c1
f6d91108
d1f332e8
02e7d203
03dfc4f0
092dd4b9
0ff5ec11
05f6e025
f61ce2d1
e9ece4e1
fa0409f8
1022222a
dc29e7ed
21d6ddf4
fb06221a
322b1013
0fe96f36
2501e2d8
efdbe5f5
451f18f9
17f1e105
fd37dccc
fbd20f0b
1423f206
f623dde1
0d0f2b28
38103823
f4131df4
d2e4fcf0
1c100f0c
eb131b14
10f21037
0f0d590a
f1f406f3
21f42d30
d8e9fb2d
11142d00
0211fb01
0d44d1f9
f6feec34
f1e738b4
c00edde2
f710eccc
fefb163c
e60d231c
04ffe727
fdf41b48
db041c0e
0210dcee
13271ad8
271eecb7
d2311ed3
ef291a01
d5f12521
1e5f0d27
f0050906
e807da04
f9e2e2e4
d912dc17
d00724e1
c5c9de0f
03edf544
ffec0a10
31f6ee08
ffe0bd1f
e70af1c5
26ede205
39f10a2d
1c33fdf6
c0f8f9e6
ef41c809
12282e07
051e15ac
31230900
1bed3a35
503eeaf9
ff03f0ea
0ddc17e2
f8f4fae3
12013e42
13d98d26
190d0316
f720e622
12091b32
f64a2811
e425160b
f4de0ec4
4d0ffce2
f4f14604
e80e01fc
141635f9
0fead821
f50ee612
0d1afc18
1006f211
ed012c05
eb22480a
ae21f345
ce25d60b
f5f62e04
e50bfd34
d9d02cfc
0302d6f5
1f21d3eb
ec34ce6f
37190306
eb24f44d
1f00e112
05062bcb
f9f703a6
27220a02
de1eec20
2be7e7f8
eb11cff5
29daea2f
1df3d117
e9f12c0d
f5f4bfc9
1df307d6
dce3d7f7
fb0bf3f2
43260c1e
cbf326d6
54221226
0cfafc19
0303270e
a733e5d9
2d182cf8
e1f4f532
183a21d9
0f15d123
41e6ece0
f1c00723
10b00def
2fca0914
d81f63e7
e4352cfc
d0150c1a
2023e8f1
c40effe3
0a110eed
011ddf25
f201f6f5
18fc26d3
21fc1b81
2cff0cfc
2be50822
11dd15d4
144cf404
f3d208b9
e20dfc36
2a0fee32
d5bb3213
08f014f3
17e5ed43
eaef101b
dd47e112
1a0b2d2a
01c6280d
ea070dd2
1e3ed0ef
e4c4fa40
02e2c905
0a33052c
eb1604b9
100c2afe
2812df12
200107d2
0014e1da
0c160cd3
e5151a4e
dde15a1a
02fff905
02dbb9d3
2f29df04
17e7b006
2af930a5
d81f1e15
102f07df
13e13912
e228d118
0ae80d20
0ed70ed0
c20c2015
03fcb038
160009f8
1e1911bf
bdf4ed14
f55a0ff1
0919f7ad
fee4261c
40ec3f18
ea18ea13
d624cff4
13ee20fd
fdef12fe
2a1d1fdd
f7d32131
1dadd149
fb0ed942
19e51061
5b2c0afd
ffdf0600
dadbe7e2
27f2d017
eadd0720
cef0130e
efe7ffd3
f9e9462d
f7ecf007
cd16f5c5
152c4ded
610b1d05
000304ea
17ef0b4d
0ced0e19
000a03d4
0a0aea35
bd11e92d
17f0d7b7
32e0ea2c
0f3e10c6
0b3bcef4
13dd080a
c91b44e6
2bc50126
0bfbdceb
0ab2fdef
1cfbd5fe
00021b17
0c08db00
20e61035
ff1f040d
db0d2606
faeb2c02
0405eafe
cd16110d
233d1510
e4e507f4
190fe3e8
04c6f41b
f22df832
14211507
fbfdc898
ef2107f3
df0b01aa
e12a11f8
213b32ff
0a60ebf3
38e20fe9
ee212c09
0f04f911
173cd802
0163e381
f710f412
29d725e4
da180e42
fddb2827
c8fcf514
feffbcfb
fad23709
09cc0407
e11d0c2b
1ce8fae7
1b1e9206
05f31733
0dc0d80c
0e11ef6d
1af82c13
d807c635
11060bff
10d7eb05
e127e92e
e30e07e2
d209feb8
fc13f5dc
fd17dd1f
11e63405
f0d93ced
1ce33b02
0ad6fa3a
493a145e
23ede81f
fc0b1b24
fd402009
f516e111
fbdf1414
1d1f2af9
f316f863
050ff5dc
58e307f1
cd37e102
03292a31
1b29f42c
192c14da
d7e417d6
340c0dee
05001215
22001b27
3bfeea08
08ee03cf
eef61823
290a0ae0
f60c370e
d51532db
0009e7f0
e7daf425
dcf216bd
f5f21df0
1936f9a1
e3391944
26161444
e70c85a4
da2d0a18
b10d3921
3eeb2ae4
c9d5f606
2524e1de
d722ebae
d7e70e18
09f1d0ed
f9b4d118
cf1f18e7
ffd9d7e9
0f1fffef
fef41a4b
060cd4a7
38da17fa
e1cc0207
d44002f8
ee213203
e348f505
121f05c1
0fee251b
f101cae9
f52f4202
06f503fe
ce16f92c
ee0b4707
b1fef046
09f8073c
37f3d91e
340e0a12
14dc09e4
1cf8f7f8
022cf3f0
0a47230e
a4a4fe15
051be80d
22b4e4b1
e5f0229d
ed1a0c30
031c0b30
c6d80b17
27f01f02
3219e1f0
f1063702
0538d6c3
060305e5
0428da03
29150838
df1602e6
fee314f1
09061809
181b0ed8
3e5d2330
b5ecb2f0
cffaed14
f231f814
51d2f30d
ca432ff5
fde1d836
eab0cddd
1727da17
11ec3a0e
d6dc0844
33dbe2d9
02d5efdf
1cf80e09
cdebf428
4fd4ec1b
f0ea5513
26f905e8
25093001
16e6f929
23eee431
13fce249
49c4125a
2205f526
0443fd26
e811f4d4
59eacc10
17e91ae7
32429e04
25090a20
10ad1c0b
2bd6cfe7
18232930
13f511df
49ac6648
31d4f7fa
67310e9e
24133ef0
40c4cd2f
b3ef1c06
beef7fe6
d8fe0ada
ebdaf714
06fefacd
fbecd0ef
31bc0dfb
892238de
0856f2fe
0eed0b32
fd103b14
21c3e142
002e17e3
f0dc0515
ebebf24d
1d24124a
08d8e409
1fee0ed6
f00efce4
11bacd26
00f8f503
e51909e8
ff16c9f3
21d6e2e0
f31303f0
c024202e
e40afe17
2553f6fe
220a01c0
25d6ea23
07061202
ccebfecf
212cb7d5
3c020430
f80c0f22
fde8fb26
d1fd08fc
f3081cf0
0913e413
f6e91f3c
ee090a12
e90e5cde
0df608cf
1dd603fc
bd600016
4ccef0da
d9c4fed4
18d12972
e20ca0e7
04ef29a7
bbf93c1a
fe422904
f1ef15f5
253f3319
23eefdfe
aef32042
3e16cd2c
363fd8d0
e5f21c29
0bdbf00f
13b4fae2
99c4aad3
e3effcea
cafd001f
2bda4e16
02e258bf
18fded1a
f8fb1714
1114ee22
ad25f3e5
2919ff17
9025271a
e4f8e121
d1e7dc17
d8fac802
e2d3170b
f0f9f30d
1c061a38
d91545d7
d6beb824
e7f32439
50c908d5
81051b02
fb2eecec
21ad00ce
f3fd262c
f8110732
f75deef7
11eb27e8
c001c111
36fe1fda
f8374704
27150ceb
c7b631f8
da2120f1
041afef5
2118e2e7
0413e540
f207f02c
ffa8232b
0b1d0bfc
1ed6fd00
04dc2919
24fb1d1b
2f317cd4
05ee1dec
e8fcf313
e70ae907
d3eb1c16
0daf15e9
bad5351b
ff1233d9
2efae727
0ac4d783
180a13b4
4c1dd515
fec406e9
da15ae25
3e0d0800
3f3fe5da
e5b537b5
2a08ffaf
22082f40
c840e458
cb1ae9fe
e512e8e2
28e7f914
1d15017a
0323dc07
20282fee
e227ee1c
e1b62313
fb7f0004
670cff05
43c0ed35
eff0f8cb
15e4e30e
2de9ed06
2800d624
bfeee7dd
ddc7ff11
d93c2120
200bb7d1
ecddf70d
2441182c
28eaf206
f20bd3e6
f9f7f8e6
f2e3fbf5
140921f8
d8e710ce
cf75e126
34f16602
ee14e5a4
fbec0cf4
f638c80f
ee0ff713
e44df114
1af6ea52
36f22e03
08a342c4
e8e82c8b
230514eb
e526ecff
b71107e0
360c14e8
02102b2e
ff281ee2
19fbfdfb
1c0ccb26
25ed17f8
c0f8ce02
f23d01fc
e6e814f1
b91004e4
0d1460be
0d173851
cf30df26
120222d3
faea31fb
ebe400e6
0730cefe
190ff2fe
242aa9b1
f1b22cc2
e8e9dbea
efebe13f
4d0df918
23c5fcfa
ad19eed0
0a0abbb4
17058ee8
f3eaf335
b0d4bc44
f81a0a0b
0fcde33d
240bf6d6
e7f0150d
26a5e707
19b5032b
d5e39007
08f72fad
2c09f313
2006c40a
3ae3150c
ec4514d2
f6191021
e3118123
c5d34ecf
35195325
4cf8ed30
2a0009f7
2110effc
dbe02c27
bcde0607
0d3c1e2c
16dc00be
fde3f9ec
030ffc20
ebc34428
fec11328
f087d4c1
f225edfc
da430f18
10f0eef8
e915ec15
f1fce941
d725eadb
080b0af0
592a0f2e
1200f6ee
e1f3000f
b6c8fbf6
2d00fcfe
b2f4d530
27d5e030
31a7073e
f121f535
04cd3509
6924ed4c
13fcdd22
e2df19c1
0eeb21d6
e2e12116
fce5f600
8af8cbd7
c40d1d4a
0aefb022
ee00eff2
25d73dfc
1404d00a
f62924ef
f4edff07
10d3e610
2e09fbe7
ef312ebf
a1cc1a07
e6fda702
3c28f01b
df2b07fc
0c15f709
10c0fc0d
151cd01d
4803cc2d
3234eb15
040514f0
0f0ee217
d60a1105
0e2ef539
b428e1a3
08e6f12c
063019e6
2cd618d9
22f4d59c
f70b0b2e
101f0196
24f00e02
77ed0b15
fd48ce33
e1f5cec0
45514bfb
0e13c42a
2df5d3af
f1c22314
efe40efe
9ef91511
fbd0f5f5
0e0f36df
c9beb610
4a38f6f4
fdf6fdfc
d88128f3
0a210e1a
20df0e06
07e72ab3
61400118
f610f155
0b030a27
dd13101f
d3ccb7fc
f218f6f1
4dd629ce
e2003ab3
0ae8fbe4
13f915d1
48271128
ff14fa21
f03e39f5
fa070d14
220fdc55
fe13d7e7
14c85631
29e72a1a
ecdaf5d9
1210156b
ec11f8f0
0b27fcef
ec080633
d22907fa
d5eb5021
cf1ae91d
5f09100e
011a464c
2a0e28cd
e3f705fe
ca0df4f6
000941e9
28fdf948
4b3406f4
f8e50e32
0b0207d4
27b95802
08a107f6
c9784dc0
fbb42cf9
d1430c0c
90320701
2ae1eeb6
fdedeaf4
2bcfcec5
e59c04c9
d73dca46
022e0343
f549c110
074cd5e5
41282114
d4f40106
c3003c4c
f3b60035
2dfa0115
030ced15
41056ccc
39009820
1bfdded2
21faf3d7
f6c20924
372dfb0e
d3e71003
ebf1d8f7
25f021da
09e6017f
28f2ceb0
fc09e7a5
06b510d2
2bd70208
edd134ea
04d8ca24
21c10342
e81400fb
bce4fae4
070eb213
dcc4fc25
f1c9fb06
079cf6f9
f3ee17fe
01df0600
e9d6a31b
f6fd0cc8
0b08f5fa
13fb11e2
f90cfbf0
057f0f05
f90eddb5
3c1a34fb
03096902
f6210ceb
f1f6c2c8
231bd71b
ff4c1be3
fb060b13
e2ccfde9
f717e59b
1020faed
7ff425da
0dffbc00
06e8c4fa
090a17fe
171c3a0d
18f354c0
d6f8fb8e
520dd6e4
e2bbf9fb
2f072ad2
1008e831
3f7cf7ed
fc6225ff
f806db2e
0905cf07
3ce5d30b
3a2910e5
df140043
dbd812df
e3180401
f31a0b0b
ebe35ec0
a90bfcc6
081a0f01
f4d7e6f4
f20a0413
2aed0c0e
0ac9fdf8
a32ff910
16ff2216
cbe409ae
43110403
e9d43ec1
d4091b64
103b09e6
1d26f9d5
ed93a019
eecdeb15
ca07f8fa
ed1a1325
2c213306
181b58e4
f7ed17c5
78cb1b30
ca1b0f40
f50cf743
362bf2de
170e0fff
c6f6e2fc
0bdb27fa
da16fedd
da100af4
e6d02a13
34dad7e8
040dfbbb
e301e00c
e1fc232a
01eb3517
ecf125d4
1f1bf5d4
d609f7f3
3ee7275b
11fb1e08
1e28062a
d7eeed2f
fbf1ef24
0ae1f0ac
20f42dfe
0e03174a
2e32f3de
acf3040c
cbc5e114
e61d00e4
08ffe9f1
e405f0f4
08e7fb0c
dcfc02ad
09e6fff9
c128f401
02ae0435
ede9f002
defc23e8
ffd90416
fff6bdf1
d30554fc
3c2025ef
101822c4
d866f6ce
cffe030d
ece5130a
11fdf57f
2d0ddaea
041b2561
b3d80adb
ebfef4e5
eb2a1a29
f3e6f5df
1dfcf6fa
fefbeffc
04f1fcea
d10d181b
dff807d7
9d121f0c
f401f8ff
10c40bd9
2c0245ec
fa0ec50c
efdb2b2e
dce0ff5f
e72f0de3
bbec2c45
18f513f7
e2ac1fc4
03f60cd5
5300c9cc
0737f9eb
1425032d
07b6e803
cec6c526
f9343313
e8fb41c9
04fef2d2
bcecf639
1a2115ae
dee618df
07f4c421
e5efff38
44ae0cf1
0cf40427
2613de59
00d5b7d9
e1f9fad5
26c9fb63
fcb8f009
b0f109fd
ec46e6eb
d7cae5dd
d2290445
db2ee3ed
f442e2f1
df2126f2
03c7d402
deea19df
c02908f1
1e232235
0c03c9d0
f9f14411
1f2ff1ed
e61ccf06
4ea2e010
c91f26e8
01e7e603
07b3eef8
e3e6d4a8
ec19c92a
bbeb14d7
3037fcff
3a2d1a09
03401cfd
0d1b1fed
eccb121a
a82822da
074fd8cf
f4edd833
2cf5ec00
bde811ec
1ec9eb19
ac27f5f1
dde721d7
24011af2
24224d4d
ca2000d2
e90eddf9
d5baf21a
0213dcf6
92dfd820
1433060b
ff04d416
020ee430
150bfc22
bfea1216
3802ebe5
f40ed921
fa93f2ed
28042b35
04d6e3fe
2d05e5fc
50f408e2
e4f1a223
ae1bf0ef
0720ccde
1bccf5f8
2afd1e4f
2016d8e9
44c1159e
f8163ded
220e214f
5cbbf2d2
1a19f1e1
0552f513
ecd30621
35ea0339
c9faec03
f1d2eb24
d0310dcd
37fceb0b
0b02e826
0954fc16
f9d611fd
1e3905df
1ec7cce5
13c2d716
d303fd0e
10143829
0fd7013c
e61703f8
c2cec815
1c04f3e3
06121705
db07e116
f50c2bb9
d458d1e7
e317b607
e7f4d700
011a132b
fbf6ec13
17d506c6
27de0301
e72600e6
e863a7f9
24d7e7f8
e7121a19
bcd61f3e
ddf6df2e
2dc825db
0d273423
c40cd8d1
49e9fd01
ab4cf4ee
08066411
1703fce3
0c18ecf9
feb8e1e0
1b17c7ae
4e14e13d
1b45fdf2
46233e01
f7daf504
ff1e0fe2
f4fdeee2
182ff6c7
f0f8e607
370378ed
f1470fcd
251b27fe
1fd4eeed
011738ee
dd1c1443
e301071a
11bc03ce
ed25f435
e23ffc08
b3091ee1
220aed13
17af0226
fc15fffb
0bec02c7
bcf503db
ea1b2db4
0111c305
01e93907
f2fed9e5
10eec6a4
f5ea1e2c
f020c5d1
110706d0
c4eade2b
c1140ec6
f02e9e14
d42417ff
f91cccb3
d2e93010
db02bfc6
15e5251d
d326ede5
f3f4f2df
c8cc01f6
b8fb07e3
fafad90a
1bd6a616
f0df0416
e8f5b9fd
d9f5f411
310fc627
bad3c9ff
f818f212
f900fbe3
1d15ffd0
0b1dc434
33de1ee8
fd2a0ca1
44eeed00
13fdf505
221b0c00
10fdd0da
3318d5ce
de1b1b24
7706d916
220cfbde
084332ef
cbfe0ae8
f5c2e929
26fd1bdf
06f1a9e9
39ede137
5023013b
e5de1421
4fe0d31a
de050bed
d8d105f5
e2e8e925
1a12350c
e922d33d
2ed5200a
b51c008c
cd2ac66a
1f010c32
e6bb1325
e361ec04
08ec09d2
ebd2b510
ee46df08
ee0d1a04
f5200dd9
9ac63cea
e7c3fde3
0b1ddfef
fcef2296
c1f1dd1d
1fe83942
d6f1264b
09fa18e4
f2233c12
fcf810e0
f6d616f5
24fa361e
c3faf6e8
773308d8
e3f31e2b
04eff6f2
d1231cf4
fcf8e40e
2efd024e
d8f41219
f64234cb
b0d1e4c7
f9f01c08
fd193cc7
f3f1f539
bbf717fc
fcecfd2e
1625d5f1
dbdbecca
0deeff07
fce21603
2bd9cbad
e10fff12
36fbeb11
f21bffa7
d02700f8
fcf92341
2876e20b
09f90120
09fff3f9
18e79eec
f9f31104
b9ce380e
da09faeb
070c051c
40350204
e2d7bf1d
0b5423f0
0ce0270f
1c35fa20
00ea17d4
14e2ff0e
c2e8e3ed
5a0de90f
faf6ee20
dbbeecf9
0b4825fa
3cc40df7
f7733621
23f8ce1d
10f846ec
565a2a16
0cf039f5
112ab228
df3802aa
14bbfe19
15ed10f8
0cf50a06
c9eeec15
e5a20a28
4227fd31
ecfcdd07
0dee14c9
d8fdf700
f8e1f6e3
0eef382f
e703dbde
082852db
4ff104de
2cdfe91c
bd04f742
e43810d0
d82bddc6
fb00fef3
7f3a2ddb
7f07e1ed
e3edf514
3af114b7
e0f1cdc8
fb24c509
e5ece92c
d70ba33a
fbea1c04
e3351d01
130f13d5
eb1817ff
d54137ff
24432116
17eeb705
2afce2dd
1bf8b9da
0f2e2acd
23ece723
163422c9
e42cd8e4
fe3f1a14
29241900
29e6fbe6
ffdcf3cc
ceeb06d3
b1124c22
ffd9e810
390d37c2
f9d101f3
cfe8ed12
f3082b2f
241a0dce
fafdd528
c808f2da
183415e1
dffdce07
e140ed12
bebddae9
2cef9333
c0ef0930
aaeb01e7
1afce2f9
e4feed12
46e3fcfc
f1d8fbff
00e42415
f5f8d8c4
e9f0cdd1
e3e918df
1efd1918
1fbb4df6
1deedf45
36f00814
10fff217
ecf3dfc6
d9152317
261ce30e
cce9210a
e011f8e2
0be2e3f6
fff10109
f2effaf2
ad111be8
f6e5f6d5
2c0b3a2a
e7f7dc1d
00e4d4ed
25ff06d9
f13d30f7
031622d8
fbe5eeeb
250034e4
02fd0c13
e3b30703
d8de160a
ff05a90e
16370ede
f6e4ce0f
fe1f1c1f
a90610cc
54f4f525
6930d015
d67f40d8
0b030cf4
0b0b00f6
362617e2
16f5aa3a
c8e916f5
08f2dfde
15042af3
2b17fbf6
2e062510
dd131be8
9bff1e27
220c1836
e1cbf4cd
fbad0ffe
d7f106da
59002c0d
bd1bf8e3
3a062110
b317e610
06fec4e2
12ea3207
e4d70100
13ff0da2
5128d0f7
32101609
01dbfcd3
b4f3d000
f1180aed
21d8c8ef
2adaf8c5
4233d208
ce1a0edc
273c1ad8
38fde4d9
13ca0dd9
02eac100
f13d9b44
37b302e8
4f0708f5
11bdf3c7
012a1cff
f9e4060d
07171e76
de29f8fb
fff906fa
db191b17
f0fcf1bd
18c52a63
32c9bb04
ebd72fef
0546d6e5
eedd33d6
e5d63ae9
d9bff926
1e2952e9
2929def9
f200e2cd
dbf91324
f0ecfc5e
cffcef12
1dffd7f7
d2d00bfd
e71db701
33efe6cd
43051516
eefd1a5e
ea171e05
d50dc612
f6f5f1d7
456ef40e
fc190f46
f9b6fafe
2fd5d5e7
1b4811b5
d015c8ef
ec04cdfb
e40b122f
c637eed9
09f8eb02
f127f40a
1bf41e05
01fadcf7
0a16ef09
fe07b8e6
abec31f2
f1ece9ff
16160fde
fe1102ee
2f07b7ee
efdbc710
ed191e76
cdfbf5ea
f40ecbf7
13c3fdef
15d21203
fc25e10b
cef838fd
ee4afbf6
e1f0350f
fd080627
26f1f137
09f4ffe4
18fd1101
10c7f1db
f3f73e3b
ce33f1f5
f6c9c708
f6eefe0c
f2fcf56d
efe8e808
ea0dfa2c
25b5fa08
1e48d6fc
3de4080b
e81fbf34
020023c2
e6d7ebe4
1c20f6e7
200521ef
f5043cec
04f52afe
e910ede0
0cb7c5e8
23180aec
2c1bd02d
3c4412e2
58e9d2d4
280b1af2
2a12ed07
2ee14cf2
d0cf333a
cc05d61d
080fd01b
f56a0014
fcdcc3f5
12e9fb19
59dd20ea
365bf2ef
d2123d31
d4011c00
17295320
d22ef505
05f52ff8
0c15df3b
135714d1
14f7ee0f
34e9f941
06037a15
cadcc4e0
21d70c09
22c6d90e
cf0a1b0f
ad32ffef
f432f13c
dc13c929
fceff6e2
fddd27cc
09a5ea1f
ca2f10cc
f8cfd415
183e13f1
8127de00
f6f4da1c
e4112124
fcd80da1
c311fefd
63fc0524
dc1d2f01
280703ea
2c1cdd14
e2cace1a
ef0c3d23
d0181302
ce09030b
0308151d
b217210b
97f01be3
e7b2ec25
f1ad3bff
26fa4e18
0b04300e
0520ebda
a8ff39e5
3004fabc
b4dee611
fb12de03
24d7213e
d9d554f3
0123f018
fff1f002
da0bf6fa
e02639f6
c8ed2a30
05f0ede0
032706b3
f6f40fe1
081a1de3
f0f804dc
d2c0c43c
00e7a611
e7ec2be9
440ef6d5
1323ec52
3fede616
2fe6d2e0
292c0122
0c29acd2
0112ea19
33181dff
fa31f201
b6c03138
f31ae9e2
14163a18
fc240201
29e90ada
811e3c19
04ef2008
18e20918
153c3fe5
fbddd4ef
e7e1b11a
fcf111e1
1d14e5f0
103cbb11
de39eecb
09371cfb
c74af3f2
cf08fe22
15f7082f
f84e07e9
acff24f8
ca254806
36e8fb18
47100703
fee3e3f7
35f11903
2bfcfd33
dfbf01f3
b02c20b5
fb250ece
11f2d8fb
cab6fffa
3ee9044b
190ac141
f7d61030
e8040b2f
595124e5
baa12aed
dcd41b15
03cef701
00ece63f
161002e3
b2bfb8db
e83ef10d
00d8f6fe
35eb5235
b211c31a
00631f00
050e3d45
4afcd7ef
1f291b56
31fefdfe
1518d3f8
e18b2717
bcbedff8
f72a1ef3
bdf2002a
fff8ee26
1a09b0fc
fdf60236
0ffbffc8
fafa2bc8
1e2a270a
300b0437
f804e83e
150bf0ff
06171427
35f8ef21
ecdf293d
1151f4df
f3391f1a
f521e6fa
f6d60ae3
e5f4061a
f2d815da
2ae908fe
3cf65c18
f2080cd9
9cbb3b4d
1e04c230
3debe515
6e1acbe1
45fd17e0
4c28d5f2
e81df70b
2c5e58ec
f404f624
00010ee1
362ef9f5
28fee331
d9b21e65
e8c8e31f
cb32d8e5
1734ee38
e83dd2b9
c33106ee
d6120523
edf5e1fc
2cf92ceb
dd4e070b
eee1c8fa
1019fd07
06f81608
182521e7
1b352b34
f0f7e307
ffd227e3
f91906f0
30df230f
e9b0e8e2
25cfeae0
f40609fa
24fbc8fa
fb04001f
ab2527eb
d3f608f4
c8419b1d
2afbdce8
b5e81dd7
000901d6
0e17fa16
fb0be804
ed16caa9
132301ef
3c1cc8c7
a41cefd6
e3dacaed
b71427ff
fc59fb12
4008173d
06d033d6
ae0008e9
fbfdf3f1
0dd414fc
0623f9e8
d0fee91e
dc08d962
05045a0d
e1e7b801
de12e0ff
db4014de
f3b00981
d1eb27f5
d6d720d4
eaf3e643
19f52ce7
1eed0b0e
2fe4d7d1
221d0a37
d30d1a49
d603e4d7
b31ef5f7
fe3bddc0
10f9de81
1b322818
0c2f1afd
5b0cb6f6
cee220f8
3a2d261e
d972f5c6
d73ff9b1
44ef100d
0d0adeed
f5ebe51d
33d9c0ee
1e2c1911
6e01d5d1
0bff5f11
034d14f0
0822e615
c93bbd1a
cc2304e0
e80ebf0d
cc0139f0
17a9e428
e20cec03
05e6103d
e2042b04
ed0142e3
46e806ee
d92dca27
135cc9fb
252fdbf6
d7190329
d7dbbbcb
2f01e6c5
ce27c215
f7002321
c61d1133
e52ce926
170e09d3
004f0d36
4ab1e696
02091afb
cb6814ff
99eff316
0f2ee908
1f011fd4
192411f4
9bffe10c
1892e7e3
bc011826
06faf200
20071c23
0747f8b9
1760cfef
7f19feea
e11602ff
01eb3a25
d0fe01f0
190bf50c
e6cb04cc
260cba15
1df8c6b8
30c10ff1
dbeeebe4
fb54253e
5200f80c
0001d81f
a7240b0f
3c04c3f6
d3ac1b00
010608da
09214a08
e81909d7
fcf9ff31
41271e0d
151605e9
05cbce1b
0b4d0def
bfc5c5f8
34dd10c6
edeaf809
08e6fab7
c0eefcd2
fd0af920
f70d4dc1
01d3f415
3a221bf7
d5f211da
db1ab553
31ff1241
cd12f42d
18daf0fc
210f2630
c0fdd8fc
f409abda
04cd13c3
fe023513
1e013ca6
5b33fdbb
1400f829
0ce540cd
d8ed2a12
311b0de9
e0e714c9
cdd5dfdd
00f9db31
5d4898e7
c97cfa02
d9f633e8
a4ab562e
ed151bed
3efd04f2
47e8dfad
f9e507fa
2a163934
ddd80ded
7ffd2610
32e0edc0
eaff0eea
8ac2fd35
f7162a40
e71708ce
d4131218
f52e0de1
08c4e61a
23ceedfa
cb171449
a8132a10
e2cdb5da
0718f7b6
06da1649
0629100e
f50604bb
210bd509
3e0101fd
ce04f815
181ceca8
acfa3fe2
d500f13d
466e1212
5c06efc8
1830dbcc
d706f421
e881e3ee
f24b9620
2e0ed904
4bf9e9f8
00f5fa2b
19000a05
09f1e5ed
e5dfd500
10d612f5
bfed17af
09e81008
1505e826
1606fafa
1b4e1557
fe301eb5
4fec1ed7
b538f600
08f4081b
3b0deddc
d4f42e34
d9faf731
17cbf839
2bc5505e
ff21e7c3
1e08ebf7
e0d21510
e2fe13e9
114a34e3
d13ffa1b
ffe7081d
df394b21
16204d01
d4c113f0
10cf13eb
190a5cff
f910ef9c
2b21170f
f4f10852
1c1069cf
feecd8dc
36be09cb
0e57f3a3
c80127e0
6504363a
12e20ad1
8d44e2d2
eb38c20c
32e50332
c9051424
d5f3e2e0
d30bfcf9
3638dbe9
cc190318
01e4e532
09ef5107
d12cecd2
db0615d4
0fed10f2
35fa1112
f3f11843
f317d423
b8d80012
291ddbe8
eacff8f8
50170615
dd06e002
fae1f201
1fcebd0d
f2d1e733
eadc1801
f2f3090e
d1d3f5eb
0bf4d00c
e6cfe935
0e080cc3
c91d29d2
22a5b0f5
19061eee
dbf8c138
0afab5ff
62450a3d
10f3010b
3eedc12e
ffe91d0c
e313a9cd
0a06c4d2
f2100bd2
e2f3fcdd
e0f7d515
f2fedef9
12dbc915
51f4ed06
d63a4317
6fffef35
d3fd2642
f20f052b
c8286eba
c10fe6ae
1a09cdf8
fab104e9
1b27e74e
b9ec14f4
e907f8be
14b1d015
0a27150b
e5ecd42f
f36ed705
2d21aee3
edaa5bf6
05edc51b
ba374801
757a08bb
0ed33d0b
e6ba0725
2d2b17bc
aeebd7f8
e512d9f9
211d26f9
e2bd0a2f
2a1eeed6
f5e80951
ec9ae9eb
c6eb25f4
f216973f
2f32ddd9
f3dff406
b91bb304
ca0a38fe
11effa04
12252704
e9010dce
4517fed6
203b5d11
b7fee7bd
fed2d7dd
0641e617
31286cda
d039eff9
18590ef4
ddf81cba
f90802f3
bdde34fa
d60be8fc
0528a0c9
a2ecefd2
fe37b512
d8fd4dd2
ff15fffa
ddd5f400
41fdf3d7
dfee3c1f
36431f0b
2135f0d5
0dee37ea
ed40172d
4ac61c29
1af8c74b
c012e339
bd27b2d8
18f53b14
d606f8fe
0cfa0d0e
041ec4e1
e728e7ff
d5c6eaed
464212e7
14141cd3
35f50fc1
1fcc6139
b7e32228
55e457cc
03222ef4
50c40904
41c1e823
dc2d0f03
eb440623
cae0073e
087f464e
edf6e7e3
00f61bf6
2de12da2
ccbe0ff7
fcd90bec
fd451416
1bed21f5
3527ed00
d42eeff3
50f4f309
1bedc539
18da26fe
1b1ef744
de0ee01c
d4fc213b
09fdf627
0a1ce834
d3e4d007
1b15ebe1
fee8812a
19d5dc06
11e50018
ef03eb08
d4f1e238
e0fce0fc
13fde4fc
e70a632e
fad4fb2a
3cf530d4
013030e5
c2d749cd
ef1a0abd
ddf3ad46
def2bc0c
fb393610
6cee2010
131ae81b
55f708e8
c0363f2c
07e3294d
f70501a7
ef2f37dd
0f3b2259
51d1ec2b
eefa1133
bc47fa0e
2c8e19fd
f7e5261a
2df1e3e6
010122f8
2cebce0e
04afdd7f
02fb81c2
3c10049b
073a1642
042453b1
f6c01850
217216e6
194c9d01
151129fc
c926d13a
ffa6dff4
fcd2e1c3
f9e42ce6
2a3adef0
6dc6941a
1317ea34
4026d2a8
21ea494a
ec810d26
d034feeb
47b61939
d9fbca1b
15df1911
ac22e52a
3cd71d10
9ff90406
eafa3612
b9f9cd42
d6d1cca6
6312d208
dbecbd2e
eab01b10
4fb70c38
3dd8f80a
15ac3c0f
e6d92ad1
1ed1ef70
40d4e1dc
d32a041f
12d829ff
fb08172a
f6ddd7d8
df2ff026
ff272f15
a9140f01
39fff7f7
f7c941df
191d2312
b20116b9
09e409cf
fcf0043c
d754dfb7
ae3cecd8
d7ecedf5
edfd200d
09dd36ab
e3391840
c63ce0fe
4210c8ee
d3f6fb45
010ff8fc
af3a1d13
ef16db28
2cd52801
400a1fd4
0800e00d
fa137422
d90b08dd
072bf80e
2310c2fd
0915c916
e627a41f
d6f0ed1c
eef030f3
0735c5fc
e3015133
1507f027
46b76327
d2e0f0ef
f2ea280a
c7b1cb04
50c91071
1a0c1d05
04e628f3
c9f306d9
d8f90300
301337ee
ec2b152c
279a071b
f1f0f6da
e6cd07b4
a43412e9
24fe002c
e6321331
3efeb5d8
ed4217ec
ccf0f4f3
ca0df607
0e0f750f
061a7f42
dfdd26cd
364bcb1b
1eea06e9
9bde1025
451612e6
22e7d3dc
fcec23db
1fdbf60a
45da20c5
314af119
965146f8
3e3b28c4
2422f30f
f515e5f3
a1d321ed
e80309ed
0303c75d
cfdb211f
1ee8f3e0
f9b13fca
ddef3bf4
abe11111
d229db0e
e1c9ddec
f9eac031
b513f5e4
1d0437eb
e20dfecd
1d3328f3
ecfa21f8
08d9d21e
f200ba0a
ec0ce0e0
d24208f3
a3d305b8
e9face25
b9561800
31df43c2
ff0818c5
035503ef
dcc9fd35
17c40dfe
160fe7c1
1c3915fb
e5b3062c
06ffb9fb
2fd9f623
f9b8acdb
0718daef
18f5f9e7
2241093e
dbe2fe0e
f33efaaf
08040703
fd270110
30fb58f0
e5261cf9
db01c9ee
07f1d6de
ecd11be4
f7afdc04
5d032b38
bf270ad1
d737be1e
4a0d0fd9
27fce302
ef213822
f8f266dc
c709dc04
fbfabf0f
36190cad
f9de451d
f70cee35
37f6b3fe
e3211bfc
e514ca20
119d16b7
06031ed6
e1b5feff
9bc8cb18
171ad03f
1a3b1b22
37041ae4
fefd8104
fcd4ddf3
08e1ccdf
54f513cf
1ed6f905
cce10edb
fd1b1735
e8f73103
0623f627
d6381317
f6dd14e7
effdd647
e9c6f6f5
1ad80a34
add401bd
9dbdef5e
1ac77f33
a4dedad8
070e10cb
ef3105bd
0e014c23
fdfefd22
38e2c7ca
25fdbcd9
03f5d000
5bdf2c9c
e72aec54
0033ea14
271c0b2c
e7cafee1
fa8d1df0
efe8c3d4
fc07ff9d
fc19ef3b
d6ce10e1
10c1c31f
bd1021ef
d3fbe4f7
cb19f7c5
2bd607e6
f620f0ee
fbfde6f9
e5d2de4a
4cf1da17
0fd409c8
d7b60017
4ca4cbcf
1b1ce9f9
fad4195d
19111ea1
160fcdd1
ebf0171c
f53b0ccf
e81b1eb9
e9de19dd
e72d22aa
e2f983d0
e0ecfed4
16bf0f08
07ccce32
f00acd17
22f0f70b
271218f4
f412e80c
d6213c10
e95ce3d4
d0f3d12f
2b2ceedd
1a0dd2f3
0afde2ba
e432df07
f2e6ccd9
0a0da0bd
ededec6a
13021e1c
7ecac266
0ce3d820
2bee9182
093edaaa
50372104
e8052d0c
d24a1be3
c0e33120
cb05de02
dcc1b706
0ac21ebe
3eece0d1
c0dcfd08
ea9302f1
c7e40f0c
e019cbe3
cc8de2c8
1641dc0b
e6e40408
e63fd2f8
85090af2
18ec01f1
f7f7e2f9
5d1f3544
2febcd0e
eec901bd
050ec5ef
22e91c21
110ea608
0b20f9e6
f4e10b1a
01e417ec
22e5d87f
ea31def8
f614ee34
ca0c0140
0c06ecc4
48149465
1509fa27
e9ebbf0d
f211f635
e6e2df18
16f406f2
0c101f31
ba1827f7
0404d2fe
2b3dc12c
d2f7fdb0
e8351937
a330a72a
3f1df5d0
01eaf10e
ff18fcf6
14f5f663
f832eb36
47fe0812
051fcf31
321119e1
34280118
d9eae376
1afa3f0d
13fb0d23
2fa8cc07
02121f10
0039fb3f
45f8d920
0a31c9c2
d432ffe6
1b0bf710
04a333e6
f3361839
f3e4f404
ebc5d32a
de36eff4
e42de4ee
f601eac5
3000b3f9
1302b32f
c1fbfb26
f33513ce
e6fe1a1a
f32bf3f7
f60ddf4f
010ee015
d5e2fc14
ce45fecf
51f40721
fcf7137d
f1f62e0a
fdf5e31c
f1f3381c
cf21400a
ea29150e
f8194a12
0d20dfee
dde7f624
0d311716
20fef7e4
cde0db18
e4161e1d
f81a2cdb
cf451b12
fad52bbc
1e1a00ed
0713840c
0011e0e5
ff16de21
03352328
1402001e
0ac40bd7
500e18f3
130b0407
1119fcf8
e1e2fd15
3ffc2e12
f9f9e2f0
e81402c5
0d04d0c4
3826150a
3623f3fb
f2e7cbea
90ea3912
f8f72fa2
eead36d2
38ec2e19
25e7ee30
301421fc
0418f100
0500fbef
f016e612
02fd0bf3
101234ed
0a0de3e3
e4eb0fd4
fc01d913
db12ff14
1814a4f5
2ad6ee06
06e11ff3
b7e2f1f9
46fcff12
0c0cec3c
f207e50d
dc1feb13
10eff164
e434d1ee
2d0ae7f4
f7d3b605
cd59e00d
38ecdbe4
2fd9233e
0def0126
f1ef350d
000614fc
d80ee12b
180bfaf2
0d0511fb
24ef392d
8eecc500
45b122e9
bf1fe41f
cdc20bda
d22cb44b
faffcdf8
34f6f217
ad0be408
4bfaf826
0ff7e8fd
1ae4e01f
f7220232
3f24fdc0
f42ef242
180c1f00
101ce4d4
e844fad4
cbfded27
20cfe0fd
e210fbfc
e8fc1112
d8e8d2ed
49191e01
0d1f2abe
58fea4ec
dc3c423a
d21a2012
0adbf110
d7a83f3b
ede4ee01
b619eefd
22ecf5f1
fc28e022
de0aa2fd
ce0d0105
0828fc2d
f5ecc7dd
001e37ba
0731e0fd
2c25d0fd
fa0afadc
21d00a0e
1503d2ec
1aa9e709
ece61cf8
1f160ae3
090225f0
fdc1f33c
d22ddf02
101c23e4
20e8d7e7
071507f7
e90002cb
06f012da
182f120c
01d4d321
2008daf3
0c25dd05
08fdd843
0638020c
ef22d410
adf52677
edfbc921
07af2edb
c7dcd342
dd46f31d
f30c4314
16c107dc
b3fdd1d7
f406eb4a
aae721e3
0ae40cea
1f291020
ff35f8ea
d00708e6
e4132bd8
eced1c10
f510c027
dfb6e214
0c0f0c32
e623e314
d6f011cb
fe042701
ee3eeaee
0715f6e7
2c08e21d
fdd4091b
0f42c418
c2f700f9
e3ef0228
1f0931e2
42130609
a90b4df8
19300450
980918e3
2bfae535
100dacee
6717f6f8
ceee40d9
d50e1967
1aff2cca
f210f4e1
07051010
2b0aefcc
2ce61c14
fc0b091b
e4e439e4
e4ecf01a
123de3f5
fc05d7cb
0632c8fb
fae70613
f236db13
1ae0db05
c8f5031e
eb201c05
f4cb132c
17e0f3dd
0ad2d910
2a36fa2e
3ddee31e
e72ef71e
180002e6
0845fd29
0d071e05
2c091d19
f606d51d
07253fce
f3e0ddf0
101cebca
17e71018
0e022a09
0b2ffc33
0d4cf4ea
083a3e35
1702d8f2
35ff94e6
ef11ef2a
09ed35d9
0bf6daf0
11fa05d9
3709e410
50df1ad1
13d41213
030aa700
dae902e1
24045217
c7f90522
12e4fd10
fa291453
350a0624
d1e82cd8
07da24ff
dbe40afb
f931fafb
07d41ec7
b442a8fb
1d0afeee
2e22ff09
49ded6fc
34290111
11ef321b
05103514
22d1090d
f71503ec
f80107de
d50c1f16
2af40647
f0040df5
fcf9daf5
f6f1e608
fe06f5f5
0ad1f93a
00f1d6fd
10f102ef
dd210331
aa0214f6
fd1610a2
0f183322
16fd18ca
30c8ea21
e107fded
2be6f200
2c1d1610
07320207
0a0acd7f
1d0c4ee2
e2fb060e
d4fd00cd
eacbbee5
4e00cd20
f62ad5f6
f2eef131
e8f80df9
f108bc02
d9c4f9f3
e6f02a12
1b81aa19
1a202fd6
09c9fe4e
ee03fd28
10e5191b
d705af04
3ae50c03
ffd2bad1
20dd0142
c606e00e
ffdb0537
0f24c8da
eeeff3e0
0a2a03e9
f1fceae4
181c1ecc
3227fd18
e9133bb5
f919e9f4
1206290b
25fa0de8
e8001702
4518c71b
f8d6f0ff
e5efea35
f81018dc
f83400da
e3e5f507
fbfbc361
f9fee2d9
d90326c1
f9b83623
15cddc0e
0ad5f40a
d9010ed8
0afb2add
ce13001b
2321fefe
2b08d9dc
042d25dc
352648d6
14f91f39
e44933c1
27080b36
fe5106f0
10163cf3
17b3ff08
133808d9
14cfdcfa
f4ec1610
071e0a1a
2cfcf9d9
1b20f535
ea0e2311
0c13171a
bb2b334e
eb1e1de6
c4f4e9e9
ce96eaf5
d2e3fcb0
033c0e90
260becff
fc3037f4
e4f8b2ee
332451c8
21c5ea0a
e1e91f24
d8405c2d
0bf2f2be
ed25fefe
dac8f002
441f020d
0dd7fe09
fd40f637
1ed0f60e
e92cf908
27e7eeeb
f22912ea
1c261907
f3ade5e9
2141dd1a
2938efe9
0012dbdf
3fc8eee8
e9312146
09061115
f617f7fe
e238a607
a9dc05f4
fd04fe1a
d6f01731
fa1b3cdf
13171416
d9f20521
3706e80e
fb18e5ea
fb25faea
2024153b
dac6d8de
d62ef300
1914f829
e50a1004
fa20060c
28290814
fc08132d
1de4e00d
e1152973
d61a21e6
1bf7bc38
f9145ed8
0b13eebb
1822f5e1
1b27e1c8
0cc126c0
fcf732b8
0e1ff201
0efe48af
060be8e2
063313f5
07152b18
45f1f300
f02df701
e136e901
da3563da
fa05103e
173336d1
8ef7f4c6
fa3113fd
c410f94f
e1042831
ee3ce5e2
f40602d9
1e2c2dfc
0ede111d
f414ebf3
41f7cf03
ef091c3e
0edbcf1b
4bebee0e
f00d37f9
122fefec
1e45b01c
f7351302
0f0af740
c7efdfc8
02d3c106
df0bf710
08f5021f
0eea3711
daf9fb05
09fee510
ec0411fd
09e10805
0826fdef
17e1fde6
ee01d307
e5d1f518
12dbd71c
f4351bf3
15c8eb34
012403da
044813f6
102fda06
12003508
2c17c737
0306f9e0
00f7fd13
09f00b1b
f02fc4cd
e5df080b
0f1ee4c4
d8f0070a
1719f7fa
3f1afd1e
26f7d07f
4f0c2f16
1c15fb21
481aa656
e15d34e3
37f9caf4
f8ed09e0
f304fe02
f81d070d
06eff7f7
09e82004
1013fdf9
fd0cee23
d0fa000e
0aebf521
f1f7c92b
18b1e529
deeef1df
0e2233e3
d7e4ded2
b3c3ed07
0d070220
d9f5ccef
06021edc
c4ef11f5
53f4f405
28f4ce1a
f7e6fd02
f52ef1db
10113554
49fbeb11
f5a3a3e3
2818040b
e6da44f9
0a072d0a
1a2ed336
12e5ba02
0c013915
072705ec
17d6f80e
f213fcff
e2dbd681
daf2f1df
cd28ff12
17332bf4
e6fde3e7
0df0180c
f1082d26
12cde4f3
19215e2f
fe1814a1
f40cf20b
1ff441d0
d9ebde12
19fafae7
202037e5
18cbece7
2a13cc00
cbeb3611
f1f2d4f3
15351fd7
f21cdbf4
43f6f4d8
0a15fb28
2c03250b
0eee0fe6
eecbe5ff
e4f2150c
c9d1cde4
3a051dfe
1ff1282e
0f1c2e07
15f816d7
edf8e0f6
08fa070c
ff72e9fb
00f92205
140ad71e
f300f716
16ebf5e1
f30a0a07
110c2629
fb03c546
37efe9d8
18212702
f5290af0
ecfbe41c
da1222dc
1ff5f31a
fbf136eb
32480bc1
e905fd0a
011a1700
06f006ef
0344e3ec
22d80033
1f32f213
db53d6d9
2123e732
0522ba03
ffcffddc
ef300ff9
dce82a17
2809f834
e2f200f9
13ea0426
0e0e190c
e03033ff
0c121e15
f6fddad9
da0e1201
1bf3f122
ece1c8e7
2b1f03e7
28faf4e6
3605f111
15442ff5
11f8fdeb
cfd805fb
11071a38
0dfded20
f80417ca
f0d701cf
c8c10bf8
0f1eeec2
091d1602
dac5efbf
24fe13b0
f727dc11
25031fc0
f0b69d27
1502eded
1516f0d7
17131403
022102f8
d8f20b45
060100fb
06452eec
c6b3c6db
f8bbc4e4
d31ed84d
bbf92115
25d9e110
23e9e63c
d1b53be9
ddff590b
dc38b500
15e7f31d
f10311a6
3e22ebff
dae8e2e8
e8e6ec0d
fa382703
03104707
0b18d50e
e8d92430
0bce010a
1d0b150a
d2051820
1213fb04
daecea01
0530d00e
01f7fd0e
2fcaefdc
112af310
fad9ec15
01ffdece
2aea0726
0012f50e
df3008dc
dfdd0ebf
1cf0e212
d817feae
f0f8fadd
0ae9fbf7
e2ca289c
e3151df0
f3f70ad9
07b702fc
34dde7b9
14d7e513
e8f9fdc7
1daf0f1d
cb240b0d
f00b0906
ee231ce9
de143dda
f2f5f233
e725c51c
cde4faf7
3407261b
ebf8f91f
3a10fe25
1fefe3f1
f7e6e1eb
ea260530
eae7f63d
03e6e9f8
3910291c
f7f2e522
13dca926
f1e7f1ff
e40e32db
e20adf39
10eb2f0c
2812e9ef
0ef8f0cf
dbbef6d0
c7de2be9
0ceac503
15ff24d1
f3d0ef01
0be22d0e
1cfdfbfa
c1bdf30b
04d0fe09
11e6f1ee
dc00a509
e8181ec6
1ae711f5
060602e1
0b0e10f8
e726f025
28ed10f9
210d2412
a7e81fea
1cee0a2b
27e7e9d3
2c29ffda
0ae1e8ee
f7f1db18
17f6e4e9
03e3fb06
13ed1cbd
0a29fa16
ff3bff00
1ce7e414
0dc0eedd
fafa14ae
1109dcdf
1af5f41e
03fcf80a
42e2d3d3
18f3f3d6
f7f60726
141c22df
c501e4ea
1cafe0e4
bfb611d6
2f2b2fbd
1f3ef4bb
182612e9
eefd3c1c
dce5f81e
fd3c2d08
07eceb0b
f5290e09
05ecd63b
0de106f1
e7e94117
2c3124ec
0d0de2e2
32e4ebcf
10ecf2f4
1c000df6
db00f10c
dcf0eb26
1c43e3f6
f30a05c2
0320e7f9
d712ffea
290cfa2a
05f90a06
0df2f721
e8eccc13
f60a11f0
dbd20f17
4801e6de
2d02deba
010d20f1
13e41911
0ae71603
c5161c07
d072dfe8
ed00100a
2a0625e9
2be6c5f1
071bf2ed
23f318fa
30d6ecd6
ccecdf05
13be0f29
b6351fe4
0dbf1de5
15f8e9fd
1c2608cc
12de24f1
efbabed9
f7081cd7
fde30825
06ded0ff
e3dd11fb
f2e32812
e3ebf513
e629dcf4
d3d9060a
df0016f6
f632b822
f8143a1b
0b040a28
e21ee4fc
1e280502
120f3235
07d958f9
f30ef66c
1b0f4705
0efa0719
2707e410
2718f724
19122ffa
de052b17
42ef0012
f81b3d0f
0524282a
26f60de7
1430d9e6
20161be1
09edf5b3
35302017
eed5fafe
cb1af3d0
041923f5
1a0b1df4
d3020d21
140c12bc
15cd0dd2
261a040b
2ac4bb0d
0ae047fd
ff9b061e
13f607d9
d5e3c214
021be628
1be4d72a
e34ddeb8
25e8e4f5
f6b41f0c
ee0cd10a
19ec19e3
ac18ff2f
1d31fadd
001df6f6
f80f02db
330be6c3
cb051308
3314ebce
05e227f8
26d90905
e80afef5
1e040c05
0652e6ff
18bf1a09
290ecb2f
00371116
f82c28da
de0f0c34
3e12022e
12f63f2f
0eeb42ee
13180926
06f8f1c3
231a0af6
e716f10b
13211b0e
1de8051a
f60afae5
00161e19
02e333ac
0f13ef0f
e3c2dffc
de48edd4
ded5e90f
f60eec1c
f31614ca
f448d5e0
02e32604
f20a183c
0de4d62a
ebf0f612
0cecdb01
f5fe07d2
d92f4b81
fa373512
01bfe8ed
21092506
f6dd1919
b7051104
36f1fc09
e71e17e4
1de31c3c
d530e709
450fb9e8
10f9207f
25f6dfab
ea00fb14
ea12ff12
3dd00b09
2de9e9d9
07d801d1
ecc500e4
def94a50
e1ba1e0b
19fa09e7
d7f922e0
ebe3f6f7
fa0bf81a
2becf906
21c80ccf
faebfa4b
f346f008
f8faeaf1
fe3d04e6
24e42241
f40af9d6
eef0da10
1d1b033a
29f6b7bd
2725ffe0
e4f5f9e4
e1f42216
cdf12ae1
fc36ef12
e533171c
e0d6ad0d
ecf313d4
f94910d6
14341913
fa0513fd
2c17e507
090b1f92
d9da0b0f
0c1d2eff
fce3ed04
efdee3ee
c7e3e2ea
e80bf607
3a1ce80a
e6fa5119
0713e900
3310ffdc
e61cd0d3
f5a602fe
00ddff4c
0b252a0a
fe0032e7
0b1ce7f2
afe83104
f3cced19
ebf61453
09e60601
01fede19
ebf5dd1f
0746dbf2
0b54060e
df0b1607
142c42f1
fedaefc9
2aee112a
15eb19f3
3be90b00
06fa18ff
192bf41a
29f4e71f
0e1d28f8
29efe21b
f209a907
4800ff29
fff1ff04
fbcef0f0
ebcadf40
d62b4b1a
ddfd28b0
a5cf1ffe
f0023def
f4042ef3
55f60400
de1939dd
08090ec8
f317dafb
e9e71dfe
1d071102
0526befd
f401f5ce
12183e18
c121fff5
0c1c9fff
2cae33ed
eef401cf
c303fbe2
050013fc
fec01503
eaf6f9dd
e0112101
d935f33f
041523f9
22124f17
11d937e4
ecff10f5
391b112e
fd2802dc
03eee7ec
1436041d
f21ceff0
1d50e908
fd164516
db20d8cc
e82021ee
e8dcd93b
1917f406
f50828f1
24388ce5
26ccc424
090ec6f5
b60ddc24
10be365b
f5d8ff28
071edad8
e008f7bf
295d11f6
10c8e52a
dcf14536
dae52508
e3ebf5d2
e6dec51a
f0de3b19
fee91406
df1820fc
0af8310b
15ec9ff9
fafb192f
e5f21cd5
fd1e09ef
b812db05
d8063cb9
231d9b0d
ee003e08
e90b1213
fcddfcdd
b70ccd49
0ff7f41c
df021ab4
1de3f726
dbba15ed
ae39e2df
f4ce2421
22e020da
effde1ff
d1f3c9f6
042427ed
2219f7f1
001320ed
011619d5
1acb01ed
f7ee07c4
0b0ff128
0b0cd5f5
d8030724
b8c9eed8
81e500eb
1d284de1
cf0709f3
eef5d2eb
f4f5fef4
fe1ec82e
f12b2414
20c942e0
140507e2
320b5828
bcd94cd2
ce97130c
ed15cc50
f50bff0d
f6fd1adf
fbeaa505
e316df07
4305c8fe
da479de9
4651f1f8
02d901d9
13193eef
0ecf0f2c
5110e021
d7c6ee08
6930cb41
2feae030
c9f10cea
0fdceded
210f0f1b
2e19205d
020ee80c
e5d10edd
e4d4ea07
431cd55b
61eff124
07fdefff
e6ee4d22
efbe1238
153cacf8
0e580ef1
fee609fa
31d8c7dc
13e9fc35
11fc00f8
cdcfe500
f819451e
1ffe0bda
3a03112a
3b1cc2f9
c3eefd2c
01c45817
f506e24f
cccd20d6
0916f9d2
faefb9e6
e90ff611
a2b0e935
cf24c920
efac042a
38211d98
d5f80424
f9e3fc10
b3034d15
274a1831
13485fe6
f410f122
fc000720
15d000e8
d80df011
1ccddbf1
e8f3f6ba
bf2b1c03
30f41746
0b2f43d2
250b0103
0bcdd5ce
d8c54913
eafbc90e
e702f634
f9a1f919
4f500302
09ed4907
f7f1f9de
f8cc0a0a
dfe118eb
cf2dd91b
50ee10ec
0d1033e8
eaed1efe
141422d0
2640f100
f74d1e38
d61ab5cc
dc180ee8
facef821
14c232d2
f9c2eeea
04c1032b
cef8d61e
0c23080d
270d0b31
c1c813ee
24ab4fe6
e70ef403
fb13fa40
4dd5be46
2a1f16e8
e33df6df
1a33c72a
e41f03da
27dfb0e4
ee09e03f
e30148fc
060006e0
7f1acaee
3a1ae157
d6ff1f38
03e603b6
2a25052d
2ccfdb0c
e0e8e712
051a1fee
e4f8e6fc
525cfb6c
edf3d6c0
2afe5c36
d9aefefd
e20a17ed
8126e209
dbf5301e
bf02f0f8
3b3842bf
1f8124ff
e306c5ee
1ded1f3e
e929d20d
0c122914
172d0b41
feed3007
0d1d2636
0ff9e90a
06e80446
1ff0cce5
fc3b3ce0
ed233813
981d2fd5
20e205e5
e213dd6c
8fe92822
272a33d5
1621a0da
eebdb616
13f1d306
eddcdbc5
1416dce0
0a07edfd
2ee5f114
57bdcdaf
1cedfea1
0411f002
2c45db2f
e1e3fc5c
ed254a36
c4a204e7
de0e0532
1eed1330
28deca24
0fea1b2d
effed02d
24d44715
b7f703db
f6073bba
382f1d38
04dae8e1
09b61921
db1819e8
49fed6ea
00a82151
5d1ff630
f4f2080a
f90ab829
95f8d6f7
e030fe18
f7f0ee04
c6edf4fa
3e5bf34a
1be31e31
e0c82fcd
180404e9
35e3dfd7
151cede9
fce0d3dd
2236522c
b8e7b5e6
42f41ac8
f6f2011f
6526140e
1400eaff
12d1dcd2
c324d82d
210cda26
e40463b7
42000613
2212e2b5
fc360200
e7e73ef6
e7cccefa
155eeaea
542a280b
0b090422
d8d8f7dc
230cf3e5
10197216
8124c3e7
350ffc13
20c23f43
f200e911
05e6f706
efdfdac5
0ec73b13
c9e2f6e4
39ed1329
540989c8
3027c604
1ad3de92
1134f6d2
04f21a2c
f31beaaa
b59f251e
383011e7
26c218b9
1c96edd8
2e5cff1d
f21ede32
c4302851
d6def726
1fdf01fd
fd0a00e0
01e57ff7
f2fbd214
4efceb20
58e501fe
f7222401
b9191b0d
c024f0ef
dd2f0ae2
c7fc9bc2
fa091208
2df1cc33
58e8ece7
38ca040e
50b02f2c
da4a57f5
10f426eb
27192a03
f3f7e816
ebe3ece4
eaefe02a
0bf52ee4
ffe7d0e6
47474800
1d20d725
e7e610fc
13f3f4e2
44df551a
f100e13d
710d02e5
e2a2f2b6
18f7d5da
fcf0fdb8
053d21ec
dd3e0fde
5ee7a708
1a31c5e4
3126fc03
3de6ecf9
1bc3fd0a
0401f708
00e23511
6ad0f1f6
c8ebd127
f3b206ec
6df21dcb
e601f3c3
231322fb
ef112327
e2de0ed7
19f943e1
fe2ad537
fcdf18e5
f42d0824
e618db36
fdf7f813
c5012fb0
1802dc0c
02e7ee0d
3d8115fe
faa7b90b
ec345168
e8d7bc22
21fffbf2
37f0c5e6
20f4ee22
0f19040f
d8ef3420
de107656
ca2eef3c
45fd0a31
c917590b
cb2f8112
2412aabe
17e2e1f4
d206e570
ee50eaf7
de2fdb17
330ff810
51e113f0
db2605ff
1ff73206
04c1e525
fec82104
fbc15a0d
33ef2036
01d3352f
2bbdc8dc
1fe6ae0b
def03ac1
191b2ef3
0ee12fee
02c5b24e
47f418eb
e7e1e162
2cee7f81
1cc72105
21d00fcf
340909f8
c1facafe
e7cd2618
37fe4b25
2344e742
fcedf519
2a10ef48
9a0e064c
e5e1eaaa
02d7d813
18aa4f07
ef1bea1e
31de10fc
27cdf5fb
f13527d9
40fc4835
083b0004
0224fd6e
1505fe02
131e2c28
ed70e43f
030703ee
02412022
eecffbe6
0120de0e
14ef28da
e3cff365
7af9c692
edc91117
150d58dd
edef12cd
0e4109e5
b3cc25f0
410b250c
dc0e49c8
1bf0220c
24f42936
e4feafd6
07e7fdf7
9b0713ef
07701c08
503cf5eb
b82ad3dc
d8feed9e
1ee80eb5
f105d1ed
e7092623
2716edf4
1a0debdf
72d422c5
1fbeeef1
e6f235ff
01cdc513
062fff10
4b0803e2
214331eb
1462cd22
e32099f8
e511e003
ed3a49f5
2313aedb
f41656e6
11f102e7
37131817
eae5fdbd
ece28dd5
e82c0847
e622fcfa
09f3f868
daf4c5fb
e00e55e8
283afbf0
03ab1f0c
1109ba05
2bfe4209
f1e5c1d7
dbbf261c
0d041a02
cdeffde5
e1dccf50
28520200
3255c6f7
eb2be3e3
101d3a3a
0ce0ff08
ec1aca33
e1cecedb
ed1bf405
d8fa00e5
06d914f6
0b00d322
e9070b15
012bf716
fb000504
02e8b11f
aa59efef
f217de32
fc22bc41
122c1f51
0a12bee5
31fef910
2704a1f7
ee0dccc3
d4fe20f1
2b1cb125
fb1ab70e
33e007c8
fd10ad59
f645071e
fdaf48fa
d41d1908
bc1ed1e3
0d20fb33
f9d8d41b
fa4d19ff
88294013
d3e0d529
eb29b824
065ffaf0
e70ac0db
f4f1fb04
29f614e0
e70216dc
f2f6f2ed
1b2514e1
e6dfe6e5
d8162aea
1b33fd0d
d3f60107
d9d90fea
e90adedf
2af5e021
0c065009
1cd3e7e9
f7e12f3d
f5eeb398
c4dbd0e0
3cd0bf0d
02fa08c1
2cfe0ac8
d90611fb
e917e61b
d6b5cc23
d0f1f45d
11f3eff4
13c50dbc
c434f319
406ded12
e8c6fd0c
a909df13
e5fe04ec
ce1f2ef9
0208281b
2129aff2
1ed1d7f3
e4dddfcd
e91ff7bc
451a3df8
10f52ca6
eaff2eff
d03418d4
ea1f10da
dac10ad3
5f4a27e4
ff3c0326
f1f3ffde
0257d6d4
14fe34da
0ffa361f
fce5e60a
0d31dadd
0c31cc1a
0413c7dd
3efde51d
21db4643
c55f1819
16104cd6
18e9c00f
b806f41c
2a24d1d6
2252fe04
b4e4220f
49595bd4
4702e208
01e7f210
01fbab04
0de9c7df
0719f00d
8909f3ef
e313d0df
cf3c0ea1
ead51119
f2f53909
f7f0eae9
010328e4
1e1ad502
d5a22ccc
e9050003
eb05dfdc
21d6b7d4
35f5080a
e9de1915
fd0b1c29
c6afc504
e70efede
171cfc06
04033ae3
b2da1adc
de25ff2a
f0edbef4
bc1b1fd8
aca6c4f2
ddc6ef3e
1be72df3
3b000ecc
03dfd402
bc28cf0d
26ebcc18
3b0a2ffc
ed581926
390be04e
4cd44afb
1cdc1a17
f512f914
0612ce31
331e4afb
d6491bad
faf0efbc
d9b9d4d8
0031f200
431902b4
c72724c5
49d41205
d23b12f1
c5d7f11d
9432bce6
16e6f708
b4020311
31c1fa0d
3cff132a
01eff8eb
050bf219
adc0a2fd
fd0a443e
0b0206ef
01c5ff17
050ed401
f09609cf
f2dcf20b
1ac23d3e
482d40ef
1ecde3fe
fcc8d9cb
d40c7be3
2a21180f
0de8361d
c408f5f0
1c0c02f6
4ccf16f2
010af0ec
fe942001
fff7d208
d90e38f9
0cc2d41e
cb1ff50c
fff133f4
a6380245
f2decdd6
04b9433a
00fed7e0
dc2a052f
09da0818
da04e4e2
cc17b837
c5e6fdd8
cbe82b0c
3b2942d3
e105f0f7
2bec0915
fa4705ea
02b905e7
04d9c311
04faee4e
5081ee0a
f03602f6
ca131301
3c272d27
02302c41
e3090ecf
51003504
21a42c56
202a32d3
b5eae13b
d329cafe
fdf9e264
e53d2814
011d06e8
f40bfbfa
af44dfa4
0d25ea26
0c24f10a
ee0929fd
eccd3915
1017f8d3
21e8f1cb
fc102931
fdf52f0b
0af53915
061507d6
ebd32330
0d0b490a
e5d8cf11
0819fcb8
1234e0f6
a71f48bd
daed23c0
a7141244
1deacb04
de06d9f4
f6e6e5dc
d11d03f8
d6d10510
c70bc9f2
0ce1d90e
ddd703f7
f0eb0bf3
04c2122b
11cadcfb
f4ec030e
12f03319
2b3f430c
be4f382d
efce3418
ba31480a
3fe7efd9
4fe0f138
49f22df8
fff5c8f2
ef0210f4
e8dee9dc
0ed6150d
fa0447fd
0822dffc
edb6ed44
ec250b13
d8d52604
e808e8e3
040ae447
004bcc00
0ed938fa
190d040b
18e0fddb
a802d0ee
a711f1db
2202f4a4
d9facd12
2c3b204d
e6bbfcec
b7fd100c
ecf30718
041b3ef3
143b2c0d
29f94bff
14f3eaea
ed100e03
02fc36f9
0bd8f400
e3d701e3
20e8fae1
400642f3
afedf605
08f69bf3
0aeeeeee
e7db3e26
cf0d0662
0ae32213
0a08e0f5
24d767f0
f201e9df
20d428e1
1a19d9bf
1b0ada16
fbf8def0
1c1fe0e5
00ee0ffc
cde839d0
c62a0819
d9af2a20
a0a60111
f402dbfd
ea1150d5
a72223cf
43d50502
0b04c1fb
05fda0e6
5b01f7bb
31120b90
0c01581a
ed01dafd
034b08df
3aeafd09
ec4671b0
223fdd16
3de528f5
1dccf41b
171af3f7
d4d6c2ec
e2f9c8fd
f7d1094f
f921251e
202cc7f0
330ddbf3
351efb06
f0debb02
0818a9d5
e304c24a
0ef642cd
2a10eb37
fefc0b02
34bff8f2
2b0944ed
c824f511
f52538d8
c1ff1504
1cfbe6e1
4df32100
dc4655c6
2613fd25
01fef50a
3d271ff0
23e2c9d5
ee7fd1d0
f8c0e9f1
eeed1306
fe06b528
32da51e5
fd470e01
e0eddced
421527ff
f208f8df
4a4b06d2
0626bdd4
db1bd92b
c0f1f51a
24fbf8e0
ee38052c
e900f72e
050304e2
f91a36e8
76222e0a
25f03723
0ef7b5cf
e40810d6
e5dad20f
05b8d6f4
ef27152d
1b0dfa01
0e25e8ed
014a16da
2b471e16
e5322021
061214fa
1bedf600
50ce14fa
03c70416
af2e0e02
fa04b211
11d5c4a3
f8ea000c
bc33f828
441f2e13
00170305
1e81fcfc
03da5b16
c9ff3026
06ca0f1b
3ed115b4
d0ea6824
2edc250e
0d01e414
fa170228
e2b8eafb
040b3045
fb0602fc
3c4e0413
c91629f9
0513f8f8
cc2c0efc
3f3af706
fbee180b
bdb4f00f
d81deeec
eeec08fa
0b022c01
c7e91cd5
eb9c1a20
3601032d
ed2dced6
19221723
d5f429e4
f308e122
1eebfd12
fefdd818
29055d2e
d506ff18
daff19e1
3911b40b
25db0515
cfdfe844
27f425f4
ea08d916
02deede3
fcadd1f9
ffd7a613
cdf427b5
05dc2ab6
ff2901db
fdf716fb
49c0f423
f9ead711
c003fcf9
0902b3f2
c831cefa
f9444631
e581cbe1
29181cfb
bb2c2a41
1594d6e7
d5e3fd23
29021eee
e7f4274c
bff5f2c0
81fbe6f2
050524f5
d332010a
fa4015d4
121cc5dd
e0181dd4
01d0a0f0
27f2070d
eedad6f2
0cf23d07
5204d3b6
fdc25fde
da00fcef
0316bbf8
e7ffdbbb
20e62319
f008e801
d8f528c1
0ec63603
eafd07e8
095e06cd
4f58e80c
141451e7
3a070d1e
8b2eefc9
00dcee10
e4feead2
c9bf20dd
02f82209
f7e5a1f1
55134f04
0ef9f7f1
522bff1d
1303baf9
bc0febf8
05a70ae2
f018dfe8
ea1b07ea
3fe95c07
1b2304ac
2de60001
d9e9ed1c
100a1bf5
4e65dbf4
23561e0f
32160ff6
0af03c63
05261def
3625ef25
1d051311
2ae8ee01
35150af1
c8b2dfe7
e2322cdc
43ece223
dab181dd
ed201701
1b1b03fa
f5fb3d1b
aec2e8ff
eeff00f1
0d3872fc
4f09e034
031be01a
fd06d934
1ef72ff9
1412a725
40430a1e
f3b31f25
f9fbece5
26ecf2f7
12f1241f
ccf90129
d21233f7
0444c0dc
e5d51e09
26ebf9c0
16ffbad5
f80ce4c8
fec539fb
dcdfd72b
0ce8e710
48e90443
f01b47fb
388a163e
de202012
2f1c0a06
06c3f7f4
5921daf7
7ffc0722
42ed03da
e9c5e02f
f65af9fd
e9c216db
7f1b2016
a4cd1c12
17e513e0
24d2e504
d50401b3
35080134
eedac7d8
d823d817
3313121b
ddd2e007
0ae5f90d
ec03d61d
d608f90d
b2ed1bcb
f225050d
461aef0c
1f3af10a
10ccd503
f6ff03dd
02e9eee2
fc0aad17
eabaeaea
ee391a1d
e0f90dea
e901661a
c62dfb4d
41fbd511
2208bdf5
ddeb0bcf
160d29d4
0218d31d
0201f7fa
13f755d7
e6b9f101
ca07121c
fd2f14f5
0915c2c4
a7c73ff6
46f533e6
69dddeef
0cec10d7
11f22322
e8f017ee
fbee193c
2a5f0208
e206f80e
e7211fee
d2f8080e
f8240428
2b205426
261f0fe5
5c181505
396bde09
edcf49fc
04d508d0
f8ffe124
781fa7fb
dde7dead
edd91f25
2417d648
051908b6
e4f01ab7
18bb242d
18080ad5
dae4013e
ec42e6db
e932fa2a
e7430831
15f6fab1
d6e2af36
c00ede05
c71d23c7
31036175
fd40cfec
285d1d33
e1d5d918
290a192c
1fe31cc8
ed001ddb
16174558
f3e84a48
cfe00907
11fa0edc
f0f2b2f8
1b18f3ed
2bc42b04
bafee1d9
cef4daf1
c70c35d5
ece90d20
e9dcb7df
da270e0f
dddf1ee2
eee0e75a
ebeaedff
9302e029
f64ee2cf
2c0e2804
f9cc05a7
2be5aeee
5fc228e8
c7272bce
0938b8d6
9201dc2a
46e2f6da
bacb0de7
0fe9f3d4
d13bd6fa
ae10f965
502aeecc
ef370006
b2dba019
11105104
d011fe13
e2f9fbca
d7322007
0810ebf0
18131c64
e4390107
f673ebce
b810ebc2
eacdc6d2
f5e0ec0b
221c0b0c
ed17eb15
075e08e8
eaab0a12
dcf32ef6
040af118
22f2f950
45230318
d3fa4a05
e5e464b6
8112282e
fe390c29
2006bff9
09001df4
f3f8570d
2aeccdef
1e0a1b0a
f91cf11b
fa40ed2c
0925fdf8
c2fc2de6
6c083dd9
dfe41bd4
f533caef
cc2114f1
fa022ba3
e7f61bed
3869e3ec
f9ed46f3
4bedf40c
e7e504ea
4719e4f9
36da2b0d
cdf1247b
55ebc203
0afcedf0
c7151b15
ae0ef513
151fc5d5
f4150014
192aef18
ef1a5216
f402ceea
c9921cdc
de0f2bcd
0a40dddb
0611c60f
e21529e4
0cf809de
f703fe0d
dc70013d
1603ebdb
4e12d4da
fe37d206
3640f34f
2956d204
0af6b928
0813c7fa
0da6fd11
20e93622
aa0aef29
0c1c2a24
2b19ea20
40ac23c3
ddf0510a
ba1e2cb6
e5ec1c1c
122ed102
04e02afe
e3439823
3de41427
01dd0030
b226f7fc
564ecb31
09210d0e
0200cd0a
5ac69ee2
43f9dd16
37f6da01
1a2f2df9
16dc31cf
de3dd1cd
d6ef9908
eb420208
dcb3751c
1f02e5b2
ea1cd3f7
1417e8de
20fe02ef
47e8e033
1617ea32
f216062d
b500fe0b
13fcf523
42f93be2
25e1e1fd
0e22d3fa
06cab4e0
cdf3e40c
ff07d8fc
2502f0fd
c5f0f2df
30202a17
8fc81028
f720fbfa
145419fe
9bf1f1fd
eebc132b
be1e25f7
e4a0cede
e52615fc
f38302f6
ae18493b
021c0209
3016c5d2
35263721
080eedfd
c7acd9b7
194d131f
e001e402
b00f0509
090b2630
da4d4238
e103010e
b9db0320
06ead0f0
121ed3b1
ea26f20e
0028f349
0fd330ea
e6d80bf2
05fe3b10
38fb00e5
2cf64af5
16f2d4bd
e064f1d1
3508fbf8
04d5f226
b05f01fa
dfeb281c
9ac7e91d
ebf62b00
3424d410
16b3fe2f
52e2b3e7
150a11fc
30b19f12
29692b01
ebcdbcb3
cef1ef06
fab9c400
d3d7f7fe
f7ffdcee
e0f8f41a
17c6eac7
e6184bee
33dd3e05
120c26fa
391fadf1
312407d4
f33d23e8
4918050d
f21a2034
f82e18f3
e7120f2d
2101b601
292a050f
e7c3192b
65dd011f
07ecfe12
27c045ad
08fdda21
1334ffec
1e05e7ca
2f32decd
dec7eadf
4afebc08
d416c4ec
00c7003d
0ecc3f09
1e18170d
debdbd2d
d1e2c2ca
0fd61717
fd0b0405
29002b09
3fc8e8fd
e32e0ec2
f23cd7fc
093df0f1
bdcf3115
02d912f7
e8fd0f33
fedaf0d5
b2e209d6
fb37dbe4
23fafef8
08e005dd
b4f319d4
c7300316
300b0804
11fc2be6
11e0c5f6
26a8e40b
fa2af2b8
091cafc9
f40a1618
08f0ebde
e211140e
18ec47e8
fefd13f5
204c46ea
ef4f3cde
c90c1b2e
26ee04d1
215a1701
052e170f
fff0fdb5
e4d2eeee
10eaef44
25e61d1e
0fcbe7c3
ebff0df0
fc3cebe0
c3e10bcd
23e020fa
f00dbccc
1e082b06
dbb210dc
1d11dcc5
20e4ba15
ded7e9cc
d6fdcef4
dc1a2da0
0ef204ee
12a8f9ca
39dacdfa
ba27d026
01e5ccd0
2cd5fd02
17ebe903
2ba81e10
3322e7ed
ebeed507
d50fe221
98ce380d
bfeee726
30f9dbef
f50a211f
0fdac4e5
ee181561
272be203
2ad7c63c
580ff92f
e4b739e8
eb0b06df
f918f2fb
1ace2431
5e400a9a
2009b5e2
ccfb051b
f9e7343c
f40a0aca
dae50fe4
04e05c08
d5dd02b1
e51e12c3
f0e7e5e7
94dff6d9
401721e9
f0e6ced4
de0401fd
db009b54
1de8f6c5
e259be14
0b301cd8
01f226f2
634ba112
ffcd0adc
d0c028e5
3aebdfe6
39c8122e
3215cbef
1d060810
db3eed09
242060d6
ffa82476
08fcfa2a
f0be0346
e120e9fa
62e3d3ce
0d261f05
c3facef0
2e3113e5
dd2ae616
cc43ebf5
fdf628bd
ffeaef2c
dc1dd6e0
1f563c08
2a09ffce
1919c4f0
27182134
12e6dfef
e41ef804
91d8e1e4
f50f3627
3fe203ec
01ce03f4
f02e34ba
09fb0b3e
1dce0858
f3f00ef0
361305f7
edbfee12
fb39e923
5bcb060b
1854ade2
25d2de56
d7d3ce51
2ef404e5
f35ee119
0ecc04bf
00e6ff14
3e23f622
000e03d9
28b13cdd
fa3f1b20
b6e6decf
02efccc3
1201ce5b
cc011deb
f514eddd
efcd1e0d
4f07f306
f16d17fe
d8f6fdff
0d0adaf7
fe95eac0
ecd620fd
069b192f
dee0e570
330d0ff9
5716f82a
00fa29cf
fa01f704
282112d4
fe11220f
4cf9f1e1
e3b62008
d89cc412
38baeacb
c901e002
b906eef0
4f9f350c
0540fe17
dd1b29fe
000dd9f8
08073225
e2d02e2b
f5fb2531
dae8fafc
d9fa2510
d0303edf
4c10b0f4
0ef9e5c9
05ce07e0
1e0e1315
16fc1114
1ded16ca
1ef3349e
f5bee119
3b1c0e1b
cc14de1d
27cda938
b1cae6d2
ef122e24
affb2a02
db0526df
c8e005f4
fb2cd6f7
c1d6f6e0
36ecfe15
27c803f1
fc09b8f5
c626ef35
c2f60a24
ffadd8d6
c5f5160a
10fc1d14
e5f7cd23
d2eff13a
fbcb3602
0c27010d
f4d8a8e8
023f28e8
f51c8108
0c0e1309
2f03f9db
29151f3b
edec263d
ee30f00a
0f2c05e7
2c1cde00
07145317
fb160405
1433f912
00cad1ec
cee91412
a41db4f3
cd15fcd8
e9000a08
01f51bf1
f5f65347
4021d435
1f093381
1942e0ae
31dcbd0d
1df4c108
fff12908
c206c02b
05af61dd
edf90b33
fc450ceb
47e7b025
0058d2c3
35c23d1b
17270df7
fceafd0c
11c72815
31eef444
1bf31688
5b061200
e129e4d1
d5041a12
e0ca1b19
0ee9300d
35d010e9
201f2681
f0ca17ea
1b18dcf8
bf3bdd58
fde506c7
d00fe3e4
0a5fcd0f
1ffc2fc7
36c9ed00
12211009
f21d440e
c1ed4d1e
27df19f0
d4fd93e5
1b1d1443
2fd37fc1
eeecebda
d4dbe1b0
2ef8cb1c
e5e0bef6
ecdaf234
e5f51a1a
cb1a2715
cf44f6cd
2bfdfd09
ca24fb0d
20e11632
f4c33879
b4a7310c
facbe7f1
bd122e2a
0e04b1e2
10f8b21c
1413e424
e8edccc9
e6f3fbee
0d31fe22
ee0f3f0f
ebf5c362
e408fa07
eb64f604
0e100503
180be300
aa34cfe2
0602ff0b
b33cb313
ab46f51c
1df1ff4f
1832cfee
e4e3fe49
ee0ef93a
96e213ca
de2200d4
fb041e0f
3427db39
19db3fb6
f8d532f0
11feed62
d43d0cbe
0dcaf337
24f9080e
40ee23fe
71572824
28a3821c
f0001040
1075e9f1
cee21fe5
06f4c2c3
f8d713d7
e42210e9
09e355df
cedf1e06
211917f9
1417d4ee
2730383f
22e7fd0f
ff2af027
53f3e603
0f16540e
0026cdee
dae5e6fc
eed7ec27
eded330a
df0cf71e
18b70bfe
f70c8211
f822ff3d
fa17cdde
0015f25c
fad4eb33
d53a030e
fe12f259
f23314c7
f0c39f14
f0ac38eb
0b4f1de4
f80e1ed4
1b110f32
ffdbf1e8
45daca07
ad0cfba1
2631f102
40f4ee03
0b0a1a61
0e0cfb0e
19c0b83f
fcecf111
0d7f2b31
dadb1afc
fbd813f5
cad003b7
c3e53358
ed350c00
cfe8ebd5
f2fcd60a
f10fbdd7
ece0fffb
1c5af4f0
54e66008
06e402aa
d92b232b
f022e7cc
012b204c
eb102ef9
06f9f344
de42ee22
06bbfbf0
0e08c5d4
44600f3f
2a1e18cd
e9bf413b
0de8f6d9
11e61606
fbe41f25
0ef626d3
0223eeff
e9ec0d2e
04c3ee26
ee0901e8
1df1c104
22de4ec9
ed1408e9
2dce3071
211d04c9
c09fe414
0bfeb304
12193e30
3dfff34c
d121f0f8
10d60000
e6d4eeda
05212711
ed1606e8
0fd2311f
fe24fef4
2c2309dc
0fedca0e
d608ec1b
411dde1d
f900f606
00b7f327
04b903dd
db30d908
f7dafd1e
bc08f05c
ff0f0d55
07230a16
e715de3e
b169dc05
06f8f5e9
17cf8b45
07252423
2213f00d
4a0f8104
1239e803
f025a446
3f7de123
e0eff75a
2d262506
24e7e0e4
d1f65084
2ce318ec
f5c6fb06
c0e23608
fceaef52
c173dece
0d03f820
1d3bd317
d9ecfcd3
3f19f303
eb13d9fe
0f0340d7
ebf80ddb
dec9ab24
e107dbef
e503d243
e51b4f54
2af0f0f2
1ef61c32
deed1dc1
01c7feea
1decdfec
21caee14
fef6f7ec
db3813ef
e5f23802
1310d8fd
dfdd25ef
08251ad9
b30617dc
9a1ae5d6
26f9d935
3fd1f5ec
094bdd42
18144613
f0dae0b2
b4a11513
4aee260b
06eb2ffa
33ecdcc1
f22f41fd
f2e433c2
01f74fb7
0a1e311f
4205f846
13cf03e9
001600f2
d229dfcd
fc2506ce
141818ed
281a389e
d9eae7ed
f2f6c112
4f00f805
1035c809
18e7f3c8
fb17d9dd
b7400df4
a8cbea40
0a0490e1
5ed148e3
1a25fef5
03eb0727
d040174a
06d3c9c8
95b3ddb9
faddf218
2f02ca1b
da441207
320e3ee6
3b6512e6
0ffcd534
07c1c7ff
c45910c9
3fd2ea27
1914f210
16131acc
d8d9082e
e9e0ef27
fdf8dc0e
40ea1bd2
da2a0217
22e40fc5
fd3ef93a
fdc82e0b
fb0d22d7
ea0508f1
130a2eff
e03df7f8
1bd704f6
cc334ffd
eff113e3
0722e2f7
1151fa1e
f8643a30
f5cb15da
11a52ae3
28c4fe14
2d19c2dc
f7f5e353
280803a6
e804bf9e
16fd0401
e0f123f1
fd291113
ed19f4f1
5e0c2306
d5a5f72a
ef3c03f8
1641f8b8
d31f0d0c
c6eae7b3
2700e40d
cd014907
274ae1e2
eef96952
e6f3da62
ed2bf21e
29d3f608
cde80642
eaffbb07
22b50bcd
dd05232b
24d91da6
2d17dfc0
27ebf4d8
ff10cedd
302b1423
28d3e600
bbd729f9
047211d9
ee32e7ac
05e3e219
0009f23d
222c0ad0
ec431319
06079c0c
fbd9ba26
f732f8e5
02ec15a0
ec10e106
2ee2fa2c
fb014427
cde11547
3a26c30d
ebf63b25
cd2b0a1d
0928ecd6
f131ede7
f56f1cb8
0c0d26f8
d8fbdc0d
ecdbf7db
29e71e03
58341dd0
fe4010be
252d5b1e
d8ed1f34
2e12f6f3
f502002f
e90b003f
1d0f1b08
b232f72d
24daf5d4
c2011631
eb1203f4
eeea04e7
dde7fddd
040737cb
060fe504
0ef8df15
f50fcc11
f011f0fe
091a075e
fe20f433
d80af3d5
1cdbe702
e8ee1902
1713e0fe
1df7e918
0507d62e
f9667f11
e9ee1bdc
0c3ef320
f9f5f60d
32fdca08
2403e110
2dfd26d3
fe2d0e2f
2920d635
061ec200
f300fcec
fff974c4
d1baf2dc
110b04d6
091d29de
0eb3f8d2
3f0a0933
fa3c3788
1027e016
22183247
cacdc6b5
29eba345
c1acc462
fe20d506
10010fcc
de121df3
03fde221
35fdf20b
1ef6f312
e7225016
e01c22c7
22eb1382
2f2000fb
d30de8f3
12e8ecdb
fa320a04
f90ef529
4d33c01c
1b2ac3cb
2007daf4
d5e3fe00
1f0614fb
06ddfbfd
07eaf6b2
b730ccc7
d720fb10
e6efd517
343521b0
1d6321f3
e8d5330c
fde12700
0eec04ef
20e4aca1
00e2b10b
4b303214
3d53e1ed
1ded13e5
cbf7f91a
2f20ebcd
1ff90140
def011da
f7d8930b
110e21e5
e045f2f4
352925e8
f9faf609
d3e2f8c1
491f1aba
fd20ff05
4df70c06
2bec2d13
1b330b31
1aefff14
0ccdf610
00dfec4c
2312fdcf
4ad00a0f
050401ee
05e8bdce
d1183414
c9ba241a
fb12ecd9
260d022f
fd2fbb1c
b807d80c
e2bd5ed2
e1fd2427
02b7fc5f
d4fe19f5
2a05b314
e4ebedb3
060cbd02
0c171df1
e548fdce
f035e5c0
fdb11cae
dfe712cd
2fe8b4d7
f8fae116
18ef13c6
b83b16d7
ee26000f
1516231f
09fdeb00
e4c20c2d
16fdfe25
e110f2ef
3218cb26
bdf110f5
c128391b
3ad4c41e
19c816ba
25f8cf1b
f821d9a0
daeb1031
c8ca1afd
08daf3e5
383521bb
2a061b59
17d7b8ee
3614fcb3
0d34baff
a6f21ed5
f6aed99f
050ee9ea
d3d6d42b
03259619
ad30003e
c5d1254a
15143009
3b230825
c8f7ae00
fcd0d8db
f4e0c212
d321f4e1
1af2e46f
2801563d
17d5e90a
1bf72efc
13c708f0
ee2011db
daeb331a
efdc370a
d84dfb25
33220c08
0e53f7e9
30e717d4
dd08ad20
cba94304
f4e6eaef
ec23dca9
320cf651
bcd410d5
176045de
3f3f2006
f004ca5b
ec2c94e9
123ec316
565fe5e9
b6f8abf6
04321146
06d7f628
d52f150f
3c0821f7
1b3dfff1
3614fc2c
c6fb2d0f
d9f7efa8
13d8d9e7
4f259e15
285039b9
f7333503
dcf030f3
f8e7daf1
2ce7c32e
0434a1f8
f1cabc53
c3df3e27
221d13bf
e4f301e9
19da1107
05e6fde0
130efe50
e30ffb15
c6cd2831
071e3b0e
2e3e0a0a
1917bfc7
e81cef30
e81bdf03
fc06aac0
361628e6
cd03f828
0af5fd15
c4d6cfe5
eaf4ccd2
040e331d
d91be8d4
f3ffef24
e8cf05de
d1032fe7
d3e401f3
d22630f0
32ee4a21
cb250e3b
df15c8f0
01feeafd
20ed1807
eb07e701
020d0fdc
d2eaeef0
cbed14c3
0207f22e
491ff916
1adbf40c
f8edfb35
52a3ca23
e9072804
2c0b0516
f9090efa
c47fe503
f813f110
1703e610
101616fe
ee11040b
1e14fa04
eeece5eb
13feebfe
d81e22f3
06dc05d2
120c0606
13da1a1b
0ce3f611
fbdf09f4
23552508
060a0d01
f7f00915
db2be70a
daf128fe
fbef21dc
18d5fbfe
d60719e0
a8e9fcf8
0ef60000
fb1e0314
dadee4fe
e9010116
ff0b22d2
06eb15e4
202aebf8
950afcd5
ea0bccba
24342833
e7fe0bd2
0404d51a
d70131e5
39c31ef8
f204b5cd
22235f09
d411dfe3
1813dbff
0ff9e931
04300d04
dbe321f1
1d2bdd12
e4d4da2b
08ec1f18
f9e3fc15
f01f0fe9
0713ed0d
f21102f8
0bef180a
11e0d6dd
062c37f6
dd1ce4fb
cee3a802
1502deb6
f031f5ff
2f2c19d6
f4e92ad7
2e0cecfb
184d0523
d10db2f7
0e122ce0
f10824c9
e7ffe61e
10f318ef
e8eb37f9
d9c71113
100824e2
d1ff1eef
1b21dcde
1b19ce03
10f3fe97
40ddfb27
0b3430c8
f20cb819
dcf8091e
f2effb21
13fd0608
f5b127f6
c40115e2
160206da
f3040103
f514dfdc
edf12907
2fec13c1
13e2082a
e40ee64d
e7023216
b42b0e3a
b107fdfc
ff0b18ef
d74c23eb
05e3d704
e4f10db6
f9b7d356
0b0ee635
0b551a2c
f105b8f5
dd9fbbdf
3a1afb0c
05101a23
04083abf
2b232f09
0df7f5f5
3c19e5fd
c2fdf3d4
b62241e8
f0eb010b
6b1bfff8
0604ec09
1f1c251d
05ebeb0f
f60520e7
fbf00108
ee09edfd
bd0b1be6
c725ebde
d4fe1a50
300213e2
eef531c1
d4d000ea
e60d14f7
0dfb001d
cc1f0ef0
493d4b97
de1e2cd1
ee0e16fe
113c36d0
0d05f405
130314ea
05fe0eee
4abed914
f30fc28e
1a151dc6
3e22342d
06010123
e1e7cfde
e01b2eea
312319e0
02bf10ea
0a0320e9
f1dbfc23
22f00bfb
f5ea18d8
ddf9dd1b
ed20dfe3
09cb1fea
0935fe08
1a0e42d7
0bdd03e7
d6f508db
092cee12
fcf5ebdb
d1003104
360f1144
ddca24f7
d7f0d3df
05e0e115
0110e91d
10fadc0f
0b26072a
06fcdde0
e518e313
26e7f7c0
df21f2ef
c423e104
053f3006
3a130df9
f0f718e6
14dc1afb
ce2dfb0f
dae5fdce
22b1f9f1
d70ef92d
e8f0d748
23f0101f
d8abf6c0
f3fb35c1
e71df203
040c03f4
0ed117f6
362a4cfb
fbee2148
ecfde815
36240bcc
dde5e5d7
15ebf94b
01160feb
d0f710f4
18f4e91a
f939cee0
da0d1b04
03fdf6eb
031de3fd
f9e20713
f0de0106
d3eae300
f1f101ea
d0bb2220
140afc10
ec08ea0e
00e1ff14
11fdf4e7
f912f903
56d10fdf
fc33e1d8
47d0cb26
141d1735
0c0300f4
ad08291f
fc24ccca
c0ea0717
e2f1f5bc
14e531ee
253d040e
2eeee314
f2d622c2
1013b8e9
bac7010a
cbf3174e
07fd21e6
39000d03
2a0804fa
22e5f7fc
030525fd
d3fad2ef
25f91510
080fdae4
1626ef36
fa0b1a18
da31f1b5
f80afffb
dd1f0cf8
dedef515
e929a211
f1f6e6ec
e6bff78c
45ab59e2
e9f4d1d5
0deae9d0
021ce8cc
2b0e1909
ca07302c
fcf131ff
14dee317
130900f1
e2131940
16ed1b04
e82b08f7
fe16ec0b
08f606eb
100efff7
e7d19722
17d209fa
f4501814
b7f61200
4e19260a
f021d7f8
2815e71a
fee2faeb
009fde12
a4ed3ffb
2aff06e5
1710d5fb
1719e318
11e1feff
f3f6bafa
242a05fc
120ae24f
e91027f5
f91f5d12
fb0cfdfc
4e21c33c
fded4c2c
ca2d01fa
2a0827f1
f3212df3
fbf9eee9
03de1d2d
1b11e427
0de702e2
17e6e909
1b1602fe
1516cc28
e4f2dfa4
cee3df31
06121c18
0e0cef1f
1711f539
00113007
f362f0de
b0ec0709
e7184cf5
e1140fe8
110c10f6
f6032c11
da2315dd
1206e4e5
dff51030
c2f40f1d
cb1906c8
28fb0bda
1218feaa
29f609ce
cdf20b13
ff22f5ff
fe0d0410
f0f624f1
031213ac
fe0a2eec
fef409d7
ec2322cb
c31704de
21e02d0a
1424c523
d62feb13
d3ddc1de
0a0625ef
f1ecd4f3
c32300cb
15f10436
f81aeaeb
06de0313
342106ed
2d1a00fd
ff07fc0b
e6be01fd
0a0af2fa
071f1117
f600ede1
bf07eaf6
eaf12a3d
1e1314e2
0912c32e
08280101
1e001d1f
26fb1545
f4f6e9ee
00dd27e6
ed5681fc
eafe2af3
210b1be7
eb3722e4
1af239fa
f2fb170a
01fb3014
1016de00
0adffe3a
fa10ced5
bd16f523
3b22f9dc
8c02f805
daea24fb
fbf6190f
35b7f705
19382b2a
1f1ace48
caffea3e
fff9bf0f
f9f5e32c
e5d8e6e9
06f8e81d
02df12f1
dbfb3b18
eacaf3e9
e0272d0c
f726feca
26ce1045
fb2e07df
38e900ed
3b07ece7
ce05d4e7
dee8f7e3
0e08fce7
0ba8d0f9
fd0d1c01
0c13062d
351d23eb
1ce20bfb
20f9d8eb
11effe7f
ce05cfe4
06fc0a24
04fee7b3
3f313421
1dd42aed
fc47d5c4
f606c130
ee47ed01
0f0d1e37
f5fb23f0
d8e80fe1
35f51303
f02b1302
dcf4c20b
00f00314
21d2ebf7
e7d4fcfc
3f14153b
9bf203dc
03fb36f6
f6071f19
ffd63ff9
e7fc9fed
2bed1c0c
030613f7
1440fb08
0c14040b
fe1eed13
22070b0d
1914f7fb
fd02fff0
2e63f320
30f2f21a
1bf934f9
341a12c3
39080dee
14f60bfd
2303aebf
002ce23b
dd18b4f4
24f9fc1f
091dbe05
10dcb6f4
0e221e1d
1bdae80c
de453c18
003011c4
2cd3050f
1a0a10f4
0a470724
e3eadd08
ca12f2fa
c21ff9f1
c9f63200
e233fa08
23225d0e
e4f607fe
160a26f9
3dd903f8
0d52d3c7
d11847de
39db7fc6
014ecefc
beea1801
0bc6d119
f1f7120c
19123d0a
1712dc00
d9041015
abfb07f1
faffd5c3
45181a53
fbf0ecdb
cd07f2d8
28df2211
1debe532
fe1d22f0
fa1d06d8
c714f100
1e17f5d1
0b00233e
2811e32a
e1f401b9
e1082110
fe1526dc
aedbd41d
20f50207
e909dbed
05fff6f3
1af01500
31cbf902
fa02e8db
51f708ff
25eff2e4
2923d9e0
f2d7aec9
1c05e907
f7ff2138
fee00f1e
e9ee27c1
fef7f911
eddffe1e
1325e8fb
06ebd98a
110a2bdd
22461df6
321713f0
0bb1dded
c2dff8fd
f7fce3f8
dd10b9f6
13ff11bd
16f7fd27
e6f84f23
1dfbf9cc
ea381e0d
d9f239f0
4b0de1f1
0be0c211
bdf2dbe0
3cfaf4d6
1ec800d8
e70d2b01
22f60f0f
d6101bfd
e307ddd9
ce1d09ee
0bdb0d13
f4fa4de7
0116fefe
ca18eb11
05d72d2a
29f30512
27ffe4ee
08d60e07
29f3e001
ebe2f4f7
00e61a16
32e7162f
b90b0f11
0226ec0a
edd1fa1b
0be5bc06
f21121fe
28ebf017
e3fd12ed
26ee0df7
fa422f0f
13d9f235
1fd617f4
1bdf142b
f9250619
11e8f627
0cf7000b
fdd4cbe8
3a25051f
e40106e3
012cde07
e7f62e03
1cd71306
f8f828da
f0ed180b
2ffbd11f
0f2afc30
e1191a10
60fd2a04
e8ec0ef4
2cd31236
e0ea1405
e50e10f4
ed1905f5
1514193c
d81718f7
1bba3801
2cf4061c
e1d607cf
da0619c9
0f1f08f9
01200fc5
1fbad8ee
071417e0
2603cb0b
e6d21bf2
0c14ec1b
ff171f07
ec172beb
c6fb17ee
3930ecf2
e4e1fdf7
1807eef7
44e80612
47c6e336
2422d432
dc11ecdf
dcfe1aeb
ecea27c6
26fc2216
f726a519
fe13f71d
110f0cd9
f21009f8
33e6c60a
e420fb29
dd11001b
db273905
230f26fb
0cf0de21
37395b46
cfff3515
0647e2b8
e8ec03ce
ec0edbf6
1701f305
cb09ed24
f80e5017
e2dcb410
10e11508
f81412f4
44030221
1c21eceb
fe0ffa19
fef5321d
951709e9
f121ed2a
1924fb10
f6fc02d0
c0f508b9
1bcc1e08
0b3913cf
b514ffe5
f905f0c4
1fe6cc18
1ff3f0b8
f317defd
dc051149
020a0424
0600daed
15f5fc09
27130219
0558080d
0ade1231
1306e520
142efcfa
301b0de2
09c0220b
00eef711
e81938c4
cfde141e
ce271a0a
fa07f4f4
e2051ecb
b421d30d
ceeaed15
e1cbe9da
3b001707
161feb09
20036707
5bfdeb4a
e0f1e7d3
3311fe14
18322e0a
f2d8f603
1ffcf3ec
f002fe16
e4d9fce4
011313f8
2c012628
fbcf23fc
f5f5cddd
11ecfbde
bf1b1704
23c5f302
0f0328f3
23e4e5d3
1e17ffe0
fe2906f9
ff07faea
1fd5ff0d
490520ef
1dee0209
bf102efa
08e5ddf6
bffb0cc8
fd111fe9
08e906fb
f5f72400
f4fe0106
21f4f4f4
df030e0a
23dbf6ee
f1f4ec60
f80fe23d
240210fc
dff44af1
f3f11dfa
0d1706da
37faf82e
0dec291a
e4131f34
f4191f07
f3f5f4e3
f222e90d
12361af0
13e62a3a
29d3f5f3
20f13928
2de9e526
cff12020
2729e5c6
3ff72610
2ae00bf8
18fb02c2
c0ea1527
04ca24db
effeea42
08c502ef
48073be1
cef2151f
dc11d1e3
32e30400
e3eb0402
f3f3dcc7
30e90c5e
35f80412
1413ef0f
ed031aee
31f700f8
ebf5060a
f3daebe3
3cf343ff
fa0affc9
d4e701f2
e709d9cf
1336cfef
1e2a1307
fb42f618
fafa13ef
18170423
dbe3ed37
f8ebd934
e3e4d7dd
16f72ae8
f50c41ed
14dd1df0
e20c0420
110ed7f0
11f3e8e2
eaec31b9
10adebf7
052b04fc
d4181c02
e2ea0e10
1afee0e4
27d7030d
e3ed12f8
00f0f20f
bf02df18
e5f805f7
6008f342
0bd2d2c2
2df8e320
120fffdf
c812f707
0cc40327
37ce2616
260abf0c
f606d8de
31f8d92a
13ee391f
1123fc0e
17fffe18
e115f40d
0f06ebd7
fc2cc22c
f501d7fb
4e1840dc
cefeccfc
ff432ee3
14081fd5
0624f0d2
0111f530
da47f52b
0deff203
f749104f
08f12318
ecf10704
f5fe1fec
31e91717
fbcb270d
d7dc08ff
12f126e4
f6d301aa
fb11f6fd
d0dd0241
0b05e92e
1c2f0708
0bfb1436
d3f3f41a
1809090e
01f15a11
10242311
020603f5
b0f00035
d6d0dd08
131006fc
04ee4edf
04f90afc
f8fe0810
f71603fe
dc2137f8
2adf0c07
0ffcf407
f0ecfcf4
fae315f7
cd24efa5
f750120e
01051b17
e0190321
10de0231
cd09c30a
ea1811d7
3d291c09
ef042925
1606cddf
d8f715fb
ef33f2d2
ec0e29fd
a202f723
001af2f0
fcf4e629
530f0af1
180f12f1
2b14f1f2
df09e5f0
2af9f20c
d0ddebca
fccd1feb
bd19fbea
fa060aed
f2b8f94b
390c200a
eef8e5ae
17daf8aa
ecdfdc16
112200fa
c60500fd
1e053221
0f310132
eaeafa1d
e6d0f807
04f0f700
0fef0a43
ff1ffb04
310123f0
fa0de1da
2b21e1b7
ea1ef3f7
0c22112c
e5fffe2f
fdb7ec37
d622ed18
ff1d4304
e8cc1cfc
2325ef38
0ae8c9ec
0613d6ff
22e4eb17
03e9210f
edebed2b
0c2a1ce5
f8d523d1
f304d8f6
0206b83c
fbffede8
d31af52f
3f0ee6ad
ce15e2d4
e3de0b0c
d216ddf0
0a0f1eda
f9d0f50a
feea11c0
0ce80306
ef0acdf4
0126f6b2
1df5e925
0fec13fb
12fbc324
1ad413bc
0bf2f8d0
c4013012
25eef8bd
ebe2f8fd
02dee8fc
d5161a06
1c2cf003
13d9caf9
0ef20efe
18f6096e
e812e0f4
0ed30fc0
19f9de08
2522fee5
08370d51
ac06132f
fef418d7
0afa2b30
0de9c415
1541f7d7
01f5cb0a
e5f0cba4
faf6142c
dc16e110
ca1130e7
47e60b03
02eada03
250bf7e2
f224ef28
f706c5ef
f5010925
f613e2fa
0dfe070c
381720c3
1770eb03
0a161110
32e20414
efffdfff
111eeb3d
ef031201
27ec0efb
21dfe0df
24010bf8
f2080118
2e040b20
270820fe
f0f13e40
4e1ad622
fa00081b
0f050939
ddf0ead5
08f7c620
4901fcf3
daf4d61f
fecddcaf
0301440e
0e900122
ca12e2f4
1f0a08ee
1ad741e6
000ddffe
31e60619
fbb6da09
fae3f0ba
f1dd18c4
1d09fcc8
e1ef06dc
0fe10606
f6f71d14
1b2af228
dadbc7e4
09cbf8f7
1b2329e0
c20a1d47
ca4126f8
b50fbde3
091eefd4
df0bf0dd
0c64210c
181b0405
e62c200d
360515fd
def502b5
be27ffe6
2ad50128
dd25a9f3
22251fd7
0ff9041f
e8e6e70c
ec100128
d7e40328
e913111c
fa0e4702
f112d92b
0df2e833
f31cf5e4
f0faf2d7
c912f409
f1e2d6af
051ef2ce
24d63325
0efffd22
5bb8fa89
37203238
db44db27
f0e710f6
500ddb36
13f0fde0
ead319cb
09f03aae
3f10d906
05f33e0c
19eb1703
1beff8d7
ce54e020
1cfde1f8
abc5d0e8
e806fad7
0608dedc
f2ebdefc
ecf1361f
cd14021e
08060125
f201250b
02f6d6fc
471adbfd
ecb6d919
13fdbfc3
21e1e2c3
12f42906
1421c3f9
f9e7f54c
bc1e4cf2
16d4bf06
f29a230d
2efd24e0
23110218
302ef4ed
f81ce5ee
e5d9c80c
ec7f0d04
f51611f2
fb42eb28
03232352
2be7f41c
faf1f7d9
f2f9ea1b
040803ed
1134eb25
4afb0b22
fae9ebfe
fc09bc03
ee2319ab
04ec00f5
bd191932
bfcd2004
f1b0f02f
7bf4fdb9
411fe80f
d2e2c807
091ae3c8
e6cb1202
070b180c
c70c011f
fd59b516
2d050ee1
e83806f3
d1f8f528
08f5262d
8134e5c7
e21c01e5
ef021333
e9cd0717
d1f645c5
ec1e3219
0beddacf
f4e4e1ec
372dedd9
ca232ede
d115faf5
e6dbc7fe
0dfaabe4
27fd2010
8125f4d6
470719b6
1205e71b
3ff5f1f5
f41a2ffb
dabfd1e3
c9481927
352c22fb
cbe0e0f5
effdd6db
f11c273f
ce113120
0afdb60c
211710f0
d0fc0b0b
050402bd
e7d6e5d9
ffec23ec
ef4407ea
1b36396b
2002f900
cae5421c
e2f7eba4
d3e1995c
eaec0315
e91bf29c
f32d5edc
0ffff5d8
01fb1a0c
1b1c570f
3c32d619
ef12101c
faf847f6
071aed1f
4ed535ee
bc00f40e
3725ca3a
e6eeda41
00f8fefe
e56b0013
fd004c0e
00c6e81a
caee0117
e746a612
fe06ca0a
05d31d55
080cf20a
e2e3c50b
0ef51cad
03e9c1d8
f3d321fa
bad831bd
2f29f8e7
02f71bd3
2ae21704
3195daf0
201e51ee
e2080b18
4b2315ff
d72d0034
f2d6fbe7
05f9e639
47342313
e722082b
a81816d4
173bde37
f8143825
0a24f0cf
f1bfda0d
ef0ce92a
5703d2f2
12cc666b
f21af1e5
22092826
1cff11af
1118b56d
efcfe9f2
e5dce209
2ed4bacc
db10ff26
d3fcdadf
121724fb
12b22ad8
e21820fc
dfee3b40
31e6cdf0
10dd0dc6
f3cff7fe
5ed0db27
14e9f206
5aff11f6
02e9d00a
ccf82e0f
02e4fa0a
2d22ef19
dd12eb07
bced2be2
07f824a2
c61ce3f6
15d40b34
2b0bfe11
db10e82f
ab20c636
9338ed94
cde759fc
f0e9171d
3cfaf207
f4fa2590
eee5ab21
c93af4bf
0419f11c
e206e209
feee0a01
100839ff
1c362012
5efb192d
0adb1efb
ed3800ff
e611d8db
f21f0738
f50235ee
dedfbbe2
eef8fef9
e908bffa
d2327028
03070707
dd0bf51d
aef613f9
d0301f00
efe91e0d
d6fa28d1
183b1445
07e21fe4
23d64107
04216919
2850253b
2eebccd2
282d2004
e11c2b07
e551dfc4
e1e61fe9
17e20512
41280f38
06f00205
0c3af82b
0914f6c1
06510209
f428d8e8
e5d6be02
f2dffcf3
28dc16ee
db2cfbd2
d6371e19
0523f501
fc0ffe2b
fc11240a
02f1f6fd
160becf6
0702f8e8
aef3d53a
063929f4
1b06233a
c9ab0547
e407e549
10df4200
fc2ce22b
ebfd56b6
1c33f024
d1e8deee
f3591b51
ed20eb2a
1fecf11d
14121504
01f3f105
f412fe4b
d4e8c569
eeea9ed0
8311b6d2
0bfd08fd
2615f471
81f6e700
1a0df312
8611ecfe
fe51e7e9
2dfed7e7
f024aad1
a71815d1
0c242319
1ed1e303
ddf72512
3efe0c2a
e0d8150a
2d130812
031cfd1e
edb3fa1b
f30ce216
c34415dc
fc07ecfc
b114d206
4144f9ae
2309fdeb
29fdbd08
1906fbf1
f34002ce
d4d7d500
04cf1b3b
3908ea23
d3f901fa
ef34b7ef
02c640e2
ea34f4e5
f111fb14
f1f305ed
1b1b36ef
e207ffcb
ec0fc5dd
161cf2b4
5fe5dee1
1a14eef3
2348ccee
c612dbd5
f8fa1804
17f21e11
f70210b6
f5d3f33a
4405f56c
cbe033e7
12e527c0
ecc3f52b
fcacfe1d
1809f145
f61304bd
3d032fff
dec1d0cd
2c0d17d9
090cfeef
ff172131
371f931d
230806bc
c72e1215
2fdeda0f
3f44fe05
e2f7e039
cbd8b0dd
200b0637
0600db04
c61921fe
f6cc893b
d624df6f
d848fadd
09fe180f
58221f30
fbfef9e7
f7c4e9fa
33dd06f6
1ef54fdb
cefafc37
4c13f6fc
ee2a14dd
fbf5fe1a
e1d79d21
f3581101
f8d9f1e2
02bf9c02
c835d7fd
102f30c9
e1fde5e5
b3c833fb
f8de141c
330928f7
0ef9b8ee
ddf80944
d51129b8
27310fed
fe730a5b
d2ecdf17
150cfc15
04fbf50f
fb2808f7
dff4e6ca
d4e2bac7
000acd77
22eb450a
f6ef0a15
fe1e21f6
d4bbd704
052bff20
13161ad1
d813e4be
34282014
02d4ceeb
0f030d0c
ebf71fee
8110ba29
100b15e6
13303dc3
0728e7fb
3ffcad97
2cbee512
41bf01d5
06e3bd2d
d3130ddd
1fe13e4c
f5141aad
0300fdb4
10f20be1
f30c0a1c
0dfcd0e2
2924fdb8
e8e5c8f6
f1d606c2
fb372524
12a321a6
bfee1311
c80d0917
e1e6c8d7
2afa2e15
fe12da0b
eadf171d
19c6eedf
4feae4c0
e248d700
dafd0de9
17d5edca
1806d7ea
c0072309
b7d903ee
05dddb06
bfec04f3
b12118ca
fa0badfb
05c7af71
d812f01a
ecddc6fc
1602f1bd
18fd1529
f926c242
1608e5e1
20dfdde0
ff06f65a
d625f2ed
fceffa2d
a714c6b9
05f21336
1ff007cb
b30cf018
f001fb14
1219feee
33ca0410
080286fb
1c130608
19264000
9f1a2114
ce24f7d7
1af4f7ae
d31c0618
b32257f9
e0da2edb
cae7f4ef
37ec1265
4a12d123
d9113a20
f550fc2d
e97ffda2
4c15f826
2fe9f001
ff153205
bc58f6e8
2445f4f0
d677e2e8
11c0092b
d3ebc8ba
0a0233ef
28db1917
33f2fbf0
7fe6cb10
f611f0de
0b0d0331
0afcd21a
18ef13ec
b601ec08
20d3df7f
ef1a07f1
1028f3e1
1f2b182e
f3c8f1df
23f5fd3e
fb110dbe
1841221f
e0097dd0
1ee91600
bef97ffc
001cffe6
3211dffc
07d6f614
f5e66b47
fa23f11f
0202d621
f00642cc
140df09d
0efd12ec
11111209
fb280c23
e119fbc4
e3e4eb2e
de3223f6
f2fc2dcc
f5fde010
19d2e937
0ed337f6
ece5df11
3d30b1b1
50d5ad0a
0af92a12
b10ef438
e30e1a3d
03110913
1b272b16
e7f3f941
2af60e15
0425ec33
15d3ee0f
f007f824
01e4cebb
06dd4609
e8e60ab7
40d3cfec
cad8f1a4
e316172a
110ee8f9
da19fad7
fcfbf8bc
c3f6f0e6
c111e920
47310703
05b9e0e2
14d2f506
03ebf8eb
350b4121
1332de51
540302fd
22f3cfd1
10cefd42
4624f8dd
3619040b
dafaf1ee
c9f82cd0
2a090432
edc5f0e7
dce4ed18
fc5de3eb
680f2dc0
1302ec1e
0816f115
fee836e0
f532c736
4606dd3f
001ff8e5
f0d20e2a
2bdf152a
0cfb9ffe
bcee2a20
01d9b618
ffd4f1e7
f9d1eccf
15f209f2
faf3dfed
1e6a12cc
ef5f1024
223220fd
190b2be9
efe6eaea
d91a0f02
f726d802
00e8090c
2de41922
1b1b1a28
1e094fe8
cff60af3
f9e9e33f
f208e6f3
1ef2e123
c9f80709
c4070c0f
092850fa
ea0502d8
201ce30d
f5eeef29
18edec13
e404e8bd
ad218edf
11f8fbac
ce1e0bcb
0b09e4e6
ab04cae7
d6140de4
3e12cdea
2e03cef9
e9fcf216
e4061210
08dffcf5
201328e0
090deb26
03aed23f
c2d511e9
101e2fe2
62ae0eee
2823102d
e4e4c0fe
ed17ddf9
1d0120e0
eafde637
111c071b
4de0c5e0
efef0429
13ceb81e
d627e73e
e112e930
ef2029f0
f6e70432
f325f9f7
11d627b0
fa13be23
15ecf8eb
e41b3006
0feff3d7
251bd7e1
fbe730a5
002ae2a6
35e0013e
d5d8f941
f5c73b04
13144822
1cdbf10f
fd00c8d4
ef21f7e8
0afa14f3
181d24d2
2a0b14de
50231722
d8db10fe
06d7e208
25d00e81
081be1df
d8ebe909
d2e10c0c
0a12de43
59eb29f1
1ff31bf9
ff2dec04
3a04cff6
ed26b9be
12de05db
19fd1200
fbb63ef3
b2fa2608
412bf219
002ec503
27e7bca8
f3d9e3f0
2781effd
2de4c806
161a084c
bcfc42fa
b72cfada
38f62e1e
da02c942
02efc40d
e5e52fe0
f10e1f0d
3d20ecfe
f9296d49
1b1e23fa
2e010c02
a1080d26
f5d6e3f7
fa08f40d
250b436c
2bdc1d33
e2b6e1bf
e1cfa2fa
36f01710
d0091d05
2229ee12
ef140b2e
1a1b07eb
29f6c9fe
a4ecb3f1
ca53c0e8
30140812
0723024a
fefd12f5
dff2e807
fc131118
c0c35e1e
3ee5edc4
e8dcf2d4
d4f6052a
cdcdf2f0
ff30081b
1af330e6
00320529
da492ce6
1d3c0ef5
bcee1931
b8fefb0c
fc061429
0d0204de
ea3e1043
06f42519
0340f335
f718f5eb
26e711ce
f4e9faf7
bb01c1eb
f3dae8f1
fc070f10
f0fd0011
0556e6d1
cae8f950
3407841e
be0d1e2d
0306ebd9
1cf6ffc8
e1010226
0ff81dcf
f80720dc
c8cf1af7
4afaf004
f3e8fae7
c5e6da2d
f099ff44
09d624cc
ceeed1e8
343e1367
0bd1ddd8
0eed192a
1cf41df5
e91fe8c9
dd1227b1
dacf27ef
ff225ded
fa32feaf
fae7e919
ce2f262a
492e2e2e
f8ed4115
01e4fafd
aaf5f7e0
2efad037
a20777f6
b62bd71b
13d74424
22ece3ee
fbf54756
f5ece399
16050ff4
11d925cb
d40010c2
2eb0a47d
f2cbd815
e4eadffa
000e401c
fe4007f3
1ef52b1a
c0f61565
1ef91bd4
07eb37d2
a61f82f3
15c2190e
31dea432
c0fac2a0
e9f422e1
3bb02df6
f8dad7fe
14f6d70b
06c43de7
edf6bb1a
ff1fee0b
0604e91a
ba06daf0
0b0b4a17
e9e89337
1ff2f6cf
f32fc781
e8d0f2fa
9bccc7fa
d0e6172e
0e0dce05
2900fcfe
ddd22225
d5e5cf2a
e10bd3fb
0815cd26
20fa01c5
f7ea2838
370529df
fdda072c
f7d0cad5
e810e3d5
0111d033
d1f8db19
f9152f0d
e2341305
01f8142c
2ceef813
f61a0349
e724d67c
0daed0f5
fad107e4
bc22e8d3
1c35f1cf
ec07d5f9
16043520
cc27f6c8
15db09db
f4c105d4
382eeabf
a5e55d3f
043c3529
16c30000
e1dc2bfa
ebd02bf0
18de3d23
1aef0004
aac4f3dc
10fd40ce
00e7e6df
dbf42acc
0f320c03
1335f024
f50309e7
d5f70be5
49d3ece7
051415d3
280c21f8
e10dc9ec
070fc706
0fd3c5f8
ed0ddc13
1aff3b15
d81e0c0e
060ec2e3
1e242cd9
d3f5f91e
d42a0834
2404e404
5a2abee9
26c3eb25
1d461efd
04fec709
12befd14
1ab42803
e2e97fbd
2cdbde27
0b22bf37
511ae71e
1e340120
bbef2a0e
1f402297
feeee97f
1102119b
fb3ceadc
c12afd2d
3e03fbfe
bb21c7ed
d7ea472a
120ae610
d016f209
f324e631
eadead1a
06d01603
1fbaf7dd
edf414e0
33e745da
eb04d92f
e61607d4
07094515
13eb48b0
0da720fa
0256dcbd
f9fe230c
f005d50f
41072933
010eedd8
042553e1
b302e12e
35de3ef9
0b16281b
360bf626
4405c50d
ea2708ef
00d5fd29
f337c53f
4edf08ce
e6f300de
0c8aee1f
0df5f5eb
03141713
13e50626
db3310e9
dae90cf9
f8dc2db0
6504f9d4
162d41cc
d0dbd6fe
370f00f8
ebe50602
ce0348e2
f0e3d277
e62b4ef2
1a6014e1
13fa1618
0121d1dd
f3e00007
daf205fa
251b08fc
17dc00de
63110fd6
ba01ff9f
d70c24ef
50022902
d62605ff
10fb1603
17e7fb33
e2f6e9d1
4aed02c9
a9e60e01
04dbeaf5
4b47041d
07f12123
dddad626
19201624
0cf1e41a
1de1c030
f24e3305
fbf3ef14
0aed0dec
4ef23208
090409c4
c10d0314
e5ef11f7
2518f1b7
bdddf0fd
ea1adcab
37211030
0cd4fd23
e5f307e1
0b2e0e15
f010014f
cfe4ca22
fb3e36a4
010418dc
f7eb140d
ed0157d1
f7004b3b
19172ad4
ebf9c229
133d0901
8141f6ec
001d3322
f7cf00f3
bbf60c9b
f65bfc03
f6eee6d9
0d48d31d
dddd4d7f
2cb00d1a
0acde7ed
c0001cd5
3c0e2915
d5cc22d2
e8ecebc8
48e6fd1b
473000cd
2c1d1831
1300343d
18f1aa4b
531db8ec
94253236
0c1be548
dde8250e
e605fa0e
f31e0720
f6054c1a
f6090b0f
d37ff4fc
092b03f6
08eb2838
d823f4bd
0a3bd230
3702fd40
05811907
1921f518
2f09fbbe
ff0116e9
de0f3626
f942e50a
d026f5fc
06c4eaca
fcd9e6f4
2929d2ff
ede3ea4b
105eea11
fb064313
0c1c1009
0efcc6eb
200317c1
f0e9f7f1
a8f103f2
030b4e81
fffb0df3
bbd411eb
01fc08d1
11f7064a
4708f8f4
0616f0db
2e1943b1
50fe10fe
f82d3111
17f20cf2
2b0eea4a
d1ebbf25
e4d8ef24
fadbeb43
23ef0dff
d10708db
f6fae603
1422f1d3
e9cdefce
b8ecb832
162ef9d8
02ec12e7
282f32f6
ef1c3cf2
e324d708
0ee70628
342a1736
c1d8fa06
3e95441f
f0f729e3
f54e0de9
ee16aed3
28c14416
fceff1de
312bd0f8
130bfe34
27e01f19
04f0cb3b
0703e031
430038ed
13c42deb
e1f90de4
2bedf3d5
d9ce24ca
26e96742
2622ef24
f709c114
c10dfcee
ea2c29d5
eb040c4b
070b2325
f9cf5302
eb0cff40
e215c005
ea2103f7
0df5fcfb
0b0a1c00
20f205b9
c4d3e0c1
063ad117
f6fe2c21
ff498139
03dffc38
c903da51
3b0f2ae5
0f360417
570bfecf
0dfdf01e
ca5bed50
d0bef518
22130c1e
e9c7afc6
1017eb1b
1b07ce2e
3731e935
1a19810b
092416fe
d600aae6
d7220cee
d8f53e2d
25d70de7
375d3cf3
28ef421e
f4461cd9
353efdf8
4824f524
e912f5e4
afeb2aef
feca11e3
09dcf6fc
0503dba3
f72e0d11
43fb3113
d9faf7e9
c01dd8e0
250892cd
04c9ea07
0a16100f
dac0f96e
5d81ae45
0c06e527
a90bbcda
e4cde5d1
e3f2b1bc
0ac9dfc0
b9050028
ebfbe3f0
0043fe0e
0fa7df81
cee3d8e9
c20cff07
ad063da6
1e22f71d
f9d2f206
d43a1e12
fc1ee0ee
f90ac0e5
d919f3f8
feeb24fa
1021d810
f346ffe6
ee0ae2f2
020538de
051819fa
b71019ca
e521cf03
f815c20e
5717fde6
032d3c2a
26ff0cc2
ecf1d30d
d0da32d8
c0382d3b
f9d02be4
16f8e207
65fd18b3
f8334fee
df0fd7f1
c4362cc7
defbfffb
08f28b26
fed9fc1c
d8e4c602
241e1523
f912ecb0
6134131c
b2f91894
fae4f02d
fc0fbc34
cab0d4e2
500cd0ed
d0f318b9
e4f80815
cef319bc
2705f1c3
e23427f7
d5060625
aa0b01dc
02f5d90e
d4fdd7ce
12040343
17deffc3
491ddcf1
10f50235
18ce2e1e
fc1e3618
09cce933
0414e0f9
f3f446af
0def512c
0bb2f737
f5080be0
0bfc01ba
de09fe1a
ccd3261d
0cf0b6d2
dce9e882
e44f1fd0
15383ffe
eefc241c
4c48f7fc
104822e0
080dfc06
0e0bfcef
ef1cdbe6
edfde32a
fa2c0832
0d541dea
e6302b0f
c01a4e4b
f8d00a09
d1e907b4
d7c72901
090a01e6
e9001ade
1b49d5f4
4ad9fa33
ec12e1ed
15d0280f
21040a9b
19124308
d635df52
b855f3a3
e4db2ee1
0b4d3544
2412bacf
4ffe50fe
ab0bf02c
f43e0523
0b2414dc
c1e9ecef
f42a52c8
fde738e5
18e620fa
c22e4207
07f71e0e
0ef82987
aff7131b
c03af6d9
28de1409
ebfbf934
9d2884dd
b8f8f803
2915eaea
12f9bc15
e71be9e5
0c1de9c9
bddbfe1e
12d9e5eb
f336b5f7
b313d806
251e4113
0403dd09
f60be11f
68f71ad5
f6dad8f6
2c1b1739
ce1cfb1f
12f90528
2e04f4e9
111b0c1b
092bd600
21ef05e8
20273551
f12feed3
35e2d9d3
10d1d7cf
b3ed070a
ffc812c5
e5222afe
f00fc77f
eedc1bf7
5ffa282e
eac5eaef
242dd83c
f6f719dc
f0c8e4ed
18b80f25
07260eb8
18e80102
d5e805fa
e11c16bc
e9e918c9
13fcc40c
c1260025
afdee4fd
f41334bc
ff402ab7
1162e46e
f4dceb0f
051e1d26
23f315da
d21af332
f5300b10
03d62ada
fef44a1e
13c2f523
d5d3fd2b
f12f24dd
15fbf7f5
ce112523
12e9292c
e00ae5e3
000ecef7
dfe08103
05b739e2
efcedef7
53de23dd
3891d5d9
f6bbc7ca
1c29f41c
01db1b55
3c4d350f
04fd3f27
eb1d00ef
36fef2cf
e9fa96d3
edcf3416
0610db2c
10fc14ef
24efb01d
091beff9
01d0ee01
02ebff1a
13c147d3
1102f63d
41dc361b
291f09eb
f0eb9aee
1ef513b9
a808f313
0fea14b3
2b19e7b8
28d9feca
2610faec
1be6240c
56e7020b
130fcd05
b31d2327
320b052b
e2cf060c
c2100a0c
f12b15de
0617cf32
03322b12
142af2d8
e2abe1dd
e4ee4356
0beae5f1
0ddee2de
8107bb03
d27335da
e9fbef30
21e11ae2
3bcd20e7
22fcf0e3
0e290943
1beabcff
d8e2f219
1fe92b13
1f122d66
092505f1
3205d010
e4e65cd8
fbfd05f5
d90c6edb
f0dc02e5
11f3b2d1
e43a37ba
1be6c00e
f3052019
e4f1e4f4
ea170214
23ddd9c6
58031018
e2c308db
535a15ff
4af2d6f0
080de40f
e32a3c13
f412cdfe
0909f610
e1d3f0da
10ed0618
e12b0e1a
21cf21ef
02d8f9f4
22f1daf5
17afc6ef
240e36dc
c224becb
1e5907dd
1ce5d1e2
16e1120f
e809110c
ff262258
f0f1e642
1b0001ce
1736ad61
1109e4ee
f60ddc5b
1b2740ed
3305e6d3
27ea09cb
cbda8d27
abd1efdb
463c0a09
e8eb21b7
84c90b2c
fc251cf9
2f2da916
f6ffe01f
13d63287
bffa3523
03c124d6
22f8f012
f4080d29
500d3807
1f0c04e9
e5f838f3
faf3e601
2110f40f
d120fe31
063bbb1a
15d55449
fae3e7e4
cac10100
f912ced0
24f7f22e
38da05ed
30f7da23
ecf2effb
e9e0f83a
f4ef40d1
1ce4e005
e1e2ba60
f8df0b5a
2aff08fe
01dff9fa
e4dcf920
fce3e13e
09f00619
4ee80027
b3f2d451
ebefb77d
5024bcf4
3cefbbea
411ba9da
f5dd0c2f
fb001018
2cfed50d
d5f0ad24
122aef0c
65c134c1
abe01ada
06a7e0e8
ea351009
dbfc42ea
ffe208fa
f91bfc45
068a1842
0218ebff
33ef04c0
d4e525e5
50f1abe7
db0dfef0
fb464bd3
110df11e
0a1904ed
00fef01e
0808f66f
142a50ec
47b0f447
1a2b3afd
d5f610f5
1aead6d6
e319c3ff
f5cc4133
24e80ee0
e150f9e5
0b4ec90d
fd06fc29
ec203ff1
12eadbeb
2eec014b
a30840ef
075d1243
12e24b0d
044ad708
d7151ab0
c9f92313
ed16210b
f3e5422b
c2dde41f
32d5ff37
fed1e1e6
da27080a
1e6228d4
4b28fdd0
efedcff4
f71a3228
f5e01bd4
474fd5e6
f9eb09d9
0221e013
05e70440
fee90cf5
fd10f3b6
f69b3118
35080300
27dd5438
d6def8f1
08120745
fdc7def9
db0cddd4
fdf8f8f3
ace8fcec
30f5eee9
01170815
cd0e2003
180df029
d82f04ff
d821e525
27f723e6
1918f501
c4dce4ff
28e40dea
17e3a8ce
0bfe29bb
ced4feeb
d3f70f00
2fe60313
1efe1804
ecf6cae0
3ae2f833
3ce82703
f1e20d31
61e00118
10b125fa
42fee3f8
10c2dfea
05f1c9c0
0f0ebff8
3510fa5e
231b131a
25f71619
5d0e06e9
ac020cc1
17fcf9cd
0d31151f
16e6c8df
4eafd03d
bbf34e0d
1ee820fa
bad9adfd
f0f4cde8
cce0c916
faed1929
25defef1
02390118
de320de6
2ed2d2d0
c2ea44fd
f61310e4
2df62b1c
e80a17fa
efc0f416
14c7d71a
dce2215d
2ed1bedf
e6f4701c
113ddceb
03ed37d0
050edcce
f50c2007
0805f0f7
163535fd
bddae10a
5bac0bf1
de00f433
bf320909
24d102f1
34121461
5de746c7
f6680b16
f02c2c29
06e339db
eded09d0
b1cbea25
fbdc0bfa
d2044b2c
c7c5d5f9
175915e5
ee151c0e
1ade02fc
ed0533c4
e91d2ccf
1e01f2c1
17e9d0f2
edfbdbbc
e4f6f6eb
a9d22509
1ff4e31b
2b234521
e93f2f9a
dd1af312
f8f0161a
03030693
1d22ec19
26e2cd09
bb2eeb1b
e8ea3215
2dc50f58
22edf22c
0ef60cf5
4d10fa3b
002d190d
eb19b6ee
18fedcee
3d2816fa
1a0d1422
f313e2dc
d9e5c82e
300b0b1c
3733a507
3f2dd901
e7d2dff8
1d1bdf39
07a1ef06
150aeb00
eff31905
b315f529
d00e1e12
e205f411
0b1ec1f7
51e84232
ebec054e
1cf6c4ef
d60e1a0b
40e0a62c
0afd1d16
ef1b0904
2fbd12c4
7f1303e0
0d23f824
cf170c02
eff02925
d711eae7
e4ed2dec
15f7edf9
0731daf9
0cc304f6
2440543d
c6240afc
f416eb29
1318ea47
c7281fca
06f2131a
efd542e9
252ccf4d
31cbfd3a
402ff70e
dad2e3f1
fe0204fb
281e1792
6def1545
244fd802
451a030c
001a3022
e8c4e7df
e2150ed1
ddf8f5d4
e0ee00cc
280acd32
c4e8382d
a0f53b2f
f1e9ffe7
ccdf0319
e12912cf
24f20ee2
15e2def0
dd210e15
eb185104
83f4fb10
eba40538
18f47fd7
eaf74601
0cfdf5c4
b0cfd517
242430ee
07fcbcfe
fb33f3db
9b2d2cb1
3e069eec
e6fc2fea
27fa4b9b
14e407da
131516d1
2a0ac34c
b80bf21e
1be517ce
09c4ea42
1034f4ff
06f11626
0af21816
bd27df26
48dadcfd
06d80b38
13280cff
2b00f52c
fd193f29
0cff1ef2
b2f00c9f
0724c3f8
c6d40a10
f8fb2098
ff9631c8
d5eb3cc7
0129cef9
d30d64ff
e79a2118
09f6ad25
0035f2de
d1fce9ff
c0acecf9
e4cd531c
1ffe321c
f8f10147
25c5152b
c814ea54
b2292bf2
f8294644
e3300014
c130ec19
f914feec
b4ff10d3
f30c14ff
ebd7d92c
dee8a21d
fc22f836
fa083305
b8e7de1c
f80e2fff
32202f4e
13fd8ae0
bc01b2f5
0413f601
212b3ff9
e430e4c4
ccfc0bfe
c8e9fddb
24fdf2b6
1d0b00ef
44146cf6
b4660b36
050901df
f4ff000a
20d0e813
c33b28ef
12edb6c1
e7083111
1a0f472b
08dc010a
012c21e8
020c1401
b5c48105
0c0643f9
010e3b22
2129ee27
386535c8
16ca2606
121d2cf3
28023a50
12ff38f4
e7eae5d9
f3f7e9cb
3105c9f3
f8ea2122
351ef7ef
33df0af7
cf10db03
ec080b1c
ec050f1d
d209281d
1be32815
0bee0718
1de81b2a
d501e71c
c713f60f
fd38e0f5
f0f70010
4e07d7cf
61d2ed17
f9e72151
3edb1b07
f50023f9
ca1024dd
4afe0c43
1e29f712
ebcf05d5
e712f530
d90412ea
d5cb16ef
f5dd0400
090fde33
c8190c07
ff2c0ee4
01c417f0
da02e711
2920eb0c
0a3210d9
e8d706ec
f0fcdeb8
5322ea08
16f2012d
e91d02d4
d7affccc
2ff6eaf9
e71510f3
f2fcee05
00f72eec
ca0f1526
beea0c31
3d0422be
de3eee23
1d52111f
f7dd4b00
d42412f3
c0dc0216
36f9d4f3
da02e8ec
3901f535
071b133b
ecf91b24
05e41cca
d406d5f5
ed380816
140bebda
f82f0645
1abd0c1b
f0ffa8d9
c700eff2
f2180fc0
d3fd21b9
edde1212
f02021ea
e11a2ef4
0b032e37
22f0cacc
11d604f8
080547f1
b1081c34
052fe4bd
12f0f3f3
28becc02
1af5f92c
e3f12450
c42607fd
16c12af8
d2cd0b49
f6cdb130
080c20f5
d90c1af9
fb2fdce4
f8edf281
c9202ae4
eabdf72f
d5d92a17
e5fc1cf0
32d9f7dd
25d00000
222cdd10
f00e38d7
ded8c624
fbff43e4
86eed4fc
d809dd6e
dc054dfc
06fb07ff
ffd300f2
e93c0a3b
13d7d1d8
f025fc14
46010921
25e6540c
ef270b0d
e8fde9e7
db05e806
f40fd310
def5e816
21dc1114
3bd5e73c
dc10c119
0f08f72b
b742d1f7
f3b3f5f2
f739dec2
1e2b0850
10fc43e3
b91f48df
f6c72736
d1e0e108
fb2d2313
d507e7c3
0fd30c19
f7e7dce2
d427ce07
d7e21302
3d232622
1bd31ef1
fc2124fb
511c1520
03a12743
e0eee64a
a7272cc0
3fe41a04
04ee3afe
1f0ed7f4
d4070215
14f5fb0b
0ff8dd1b
d516121c
2a2ff04a
3ce2f709
d309301e
432e1fd8
ea35db19
b5f504b8
e7230f0d
27430ae0
3bfa25df
44d32ff5
f83712fc
c2160bed
f2382911
bb023c15
3d1c1ef8
29034163
f2d21705
e2dd000f
f6bff73b
40ea0be9
1c20e6d3
032532e9
1dcf1118
171550f0
4644ff05
e3d0030d
a381012f
e2d5e50b
07ef2ed4
e90406fc
eff2fb2d
d8ccf319
03d6d20a
11100b09
ed070de3
da2de8c4
1158e513
0f07fd10
15eb0410
cafef9fd
2bd926ea
29180a00
ffb302e2
dffc23cb
f0031d35
ede801e6
ee0805f9
21e61105
0d47eb21
25fbde75
0440fbd9
eeef01f8
0916fcff
f9ea2738
90a511f2
33f9fbf3
32ff300e
e5d60fc0
ebf327d8
fbf5c2a1
06102ad3
cb120aee
fbda1510
e7e9e50a
fcf7f0d7
10fd241f
c5bf2fcf
2e021895
170c2eea
0e1406e8
0f10e312
33ed1add
e5d73016
e707290f
ee61fb65
ff1b1101
ff032300
290824d8
df0efd0b
2bf4e6f5
3915d622
eae5d8ee
d7281119
07eaf94c
c0f2c202
0808f30d
f6d2efff
f7f919dc
0b1afd1d
a904df08
b6101cd9
f3f8f919
e4d8d22a
cffde531
2f082bef
f7e524f3
c3dde2d7
040d0414
db40310d
13ec2190
d55b2bdc
f917081c
1d08300b
19e7180f
eeeafce1
b1043ff9
06e4b1e2
1216e406
f5fe0709
27121af4
fc1bdef0
e20d06df
f8e61609
c2d9d309
b2bad840
edf80f29
1626d3b1
030ed5f9
5ce033e5
4c032030
0c0bfa1c
09071aef
f80c2c14
d80aefed
d7d125c1
c1e8f4eb
f6e92c0d
0e032ddf
15f10e1f
65eb30cf
f81321fd
e824ebdd
eb4f0104
17edf606
0d191c07
3d18ddf6
350f2cf7
0719f6f5
eb491bc2
e9ff101f
10ccfeeb
5bf6ddfe
f44bba21
c04cfe0b
cff7d3ed
bd02c202
1b010e40
fa0130f3
1433e639
d740e6df
ddfad422
fb02fb19
efe0ecff
161a121c
2ee7210b
fde6c00c
0ee5dbe2
fd0a20f2
f0f0de03
2915f514
e6411bd1
fec50ef3
3215d91a
06213429
361e3e0d
e1f6f208
cd0b3d02
0cf9ef11
012aedf1
ed1217db
1009db26
be2de24e
caf12816
08ecd10b
06f18cf1
e23234e0
ce2d49fb
e222f83c
fc12e0fa
1708fcf2
d5161f1a
c62debdb
bc1bdf25
190d0431
d2e13515
130bf1ec
f9d5fd0b
0de90323
07ff00e7
de0af505
01f70110
dcc7210a
3a19d21f
00fadf05
0a10e702
fc110c0d
0a3b0509
3e12eeed
16ced2f4
ea041d03
1af4af09
22cbcd2a
18f7fdfb
01ff0bee
06049def
fd2803e4
fce2f59b
ea0ae560
1610f4e2
09e1fdf5
d4fef616
fe07f8ee
0bf1e3fe
ffe5cbf2
11d10807
12f2142d
0c280322
060406ec
0d191d00
fffa07ca
02ef0837
010ae9e0
2cfb00e0
fb0e2bcd
cd0308f5
572302bd
3a24efe3
f4ef250d
d502a2dd
f9f534ef
37b214ff
161ffd37
ed322624
002400f5
f5ae4705
0a0a1d25
1faf37eb
e7e7ec3a
e02222f1
db10f920
ffd4faaa
1e03fe1d
e426dcf9
0016e01c
2f0a044f
1bf2b2f4
0b080bfd
3dd51827
0bda0cfe
c4f7faf4
18f9c7fb
2301fc0c
d8fc23d1
e1fe18fb
b8f61728
fbfa0a14
009816fc
e42608eb
c00558f0
cb0d53d1
021716ee
f5172319
2a04e21f
340412cb
f134f4f0
e9c2fe22
3326ef13
deeb00f6
f3e9f42a
08f6e518
ecfd2613
0533e607
e1230712
ef17fa04
32cf022d
0501d210
1818010b
e3e90606
1e25b51a
d22617bf
f3d1e826
f4261c55
e302c704
26f412d8
e20d2801
e76fece7
ee3808ac
060ef32b
e0691800
0cfa1910
31eb2df7
1e1cd2f3
03f0f7ee
2c20173b
ef170702
2627d20b
30fafdf5
e92604fd
e0e306f0
30f9241d
0220e6fc
eff82019
01f53e26
b8260beb
1bf42612
04300634
e936e314
2004d0ff
0c14e1d6
30f8d615
f9ecf3e6
171111f7
f2fae2f1
1333e205
12d8f305
1d0ce307
f900c232
0ad52ff4
e5130081
e2fd08d6
1105f0d8
2104fe1f
0df12c02
fa009807
052d3aea
c4e709f9
0c030d02
09f6e709
a42a3002
dff9c3ac
fcf0bcda
3716ae1f
e61ae2dc
f72a140a
f4300e23
03d5f6d5
fbfb95fe
0cea4134
45edfa09
df053feb
e9f8cd08
f2e8fbf8
0a27d5ef
0dd923e8
ecf6d53f
12030c1c
2d05fcf6
1af60919
22112d28
ae43ee26
e1ebe7f2
f61a1049
0413e208
ff09d224
e4530ff7
19001708
f94210ea
06f6180e
f0f42900
1b0be7ed
d9d51d13
cee03349
c6e7fe12
1afc04f9
09f05628
d52801dd
e6fdfae7
ebda1d14
133eecf3
2b0d12e2
0507fb06
0c0602d9
17f8043a
014a27f8
fadfff34
ed0d0a28
10d601f2
00f21b0f
03fd1201
f5feb0e5
1f1d151c
f20612fe
ceeceeef
10fc07d0
f00fe9e3
f425e700
06eef6fe
c8f76701
131e0103
ff1a38fa
e9fdf4fd
21fc0c06
ecd7fc17
e3ddf018
e51211fa
02fa091c
effcedf5
fb01f834
5cfc03cc
2502175d
0537f739
e6131f05
1905fef5
07131300
0afdf91c
20e414ef
7f52fcb2
de12fbc5
f87f11e5
1209cd05
5b1cf109
11fc260c
ff200de1
0efe023a
fa202400
6410ffc7
c9cec9f8
161be4d4
1164f6fa
113a11ff
c7f94a1f
125be0ff
02fbc8d9
1c20fcfe
c9d8f908
0a0822ae
41b22b13
f008000d
0a22ef1f
e9eefa1b
eaf204ce
05db2133
d4f8de2c
0435c802
473231fe
27d1c9e6
f6160ce0
cbe323d5
d30333f8
ff1a0323
f5122cee
0510f7a6
2906f6f7
310f930e
24d60904
0f44171e
e819c400
cf14fd23
3ef705d5
150d19da
051a0717
feff130b
11f89923
0be0e0e9
0ed50146
de070ee3
f082feee
1cf70b14
1020f7e1
f7f0ecf4
025600c6
f4b9d9e5
35ff0cee
50000df8
d622d00c
071637b9
f9bfecdd
0815e51d
2ad5cf0f
10d900f6
0afcfc09
f60c1439
ad1c19e1
b23b41e3
54ecf6ef
f712efe2
e1d7072d
4b2ac0f0
2eee3de5
1a1139de
54053216
f61fd839
1f00e4f5
36e236e6
1b24bfff
f4fb4224
49e2e815
1b2dfe1d
a9d508f9
132f0f12
18ab240c
0bee401a
b71538a1
c4002300
f9f61f16
dcf903f6
0a0e0825
1930e917
10d303c3
2dfd9f06
1306d0f2
301f06d5
0ceaf805
28f00f17
e0d42523
1cd301fb
eb07c926
18fef830
f9f315fa
341903f2
e11b350f
c3030ff4
0019e713
eae5d032
fd224101
0cddf6d9
d1200cf7
d10e1dec
d8fe341b
24f927fd
ce23450f
2cfcfbe1
e10203ef
fdcee900
d60ff7e5
4df52318
33f7e726
2504f4aa
13d0e420
e603e6f8
1cdd0205
0cf1d50e
03dc2114
deadf93d
25fa01ea
ebfd34e3
1b5dc5cf
eeed04ff
b721d6e2
f1dffa23
15daf3d6
1c27dc24
34f0c905
29eb090e
bc275c08
e9581515
f5f60cf5
0dffe8f7
22f4c300
fbd1c4fb
2481302a
00f8f6eb
1610451e
e8070827
0723eefe
011f1422
0c0f0d1e
2ef1d6bf
e5e2edf0
fbfd11b5
f1fa3139
1331e0cd
1ce405d7
45edd719
1de01bcd
f400fd03
46f7fa02
ff23d910
52d7ec40
fbd5061d
f7342808
bd0a1517
e0ef011b
18021af8
fdc026e7
08d9e10a
0a02a8e7
201d1ced
f51d07e8
dcf0fb05
f102d2dd
24e0daee
b94709d4
1d1617b4
16d3fb35
f30517f3
20081cf3
4ffe4115
0aee01ff
dde3ee18
070011ec
171b31e1
b4f3ab00
fdea09f8
04f1fc02
001ffa03
0aa8ea12
36a90d17
f7d8271c
f90a15c4
09cfe4f2
0cf3f410
dadef6f0
30ef0ffc
2fe337fe
1507e8c6
f119fdee
57ea21fe
ea061d0a
0cf6c6ed
f904f708
05fdef05
020851e5
16f4f6dc
78e1ff35
e90f0603
1cffedf9
16fd13f9
5a2d280a
d00bfd0b
0f081ce1
e713e123
15ecb9f5
06feea14
f41a1df0
2f51ef20
08c2f417
0ef102f2
ea2818f5
06f620e3
19121af7
01f4f0e5
f8d1d914
46b7d803
caf025e5
02fe21d6
0208ed27
e4d8e02f
f9fcfceb
0c060317
01beee00
c5ef272d
34e9111e
d915ef28
f703123a
19fa252e
3303e5f8
de05e6f9
d0fbfa0b
e8e71ac8
3bd7def8
4beaf22b
0df00f09
1322b9c6
0d01e5f1
120220ec
25f71e20
dcea1b2b
d9fce702
e410f512
f8fb21bd
c6103302
d30d1de2
f31ffb23
02f2cd1d
111ccabc
36da20f8
23b50dda
0118f91c
31f807e8
eeebf3ef
d60c2ac2
e72fe912
ed3c1a08
03e70137
21d033e8
000c0acf
eed4dc1f
07eff119
3efa37e3
2e1ce22a
bf2904ec
fdf603ff
0b51e003
c6e90840
fafacfea
17fde508
f6f6e2dd
b908f80f
c0f8ea1d
1b410f04
471247f9
facce89f
1efb1bed
f2015e03
27f0e7fa
cbe231d9
0c0c05f0
06cbd1ed
c4e83020
09a9f6d6
bafe2106
0608dce8
0f080001
2df9fd0e
2fd430ec
1f290644
f2d9140c
37d5e6bd
e2eaf408
f906e317
edf3f50c
621440f1
f5fe2133
d3f00126
d634fbf0
16ede710
fa0b0b00
0018e513
550affe2
ca21dcf8
bce31e23
dec0ecfa
fb19070b
26e104df
db0af80c
1617ebe9
db0605e8
ec03652d
f4ea150c
123b0feb
1ae7f1dd
0108fbe1
e106fd18
fef10130
e3cbdb2d
36020c06
cdd6edd0
f9d918fb
cbf50709
45170007
f93418f7
070c3b31
c61c09fa
f6edce1a
33d9edcf
f240da02
05c722eb
ebfcf3f9
f1db435f
13fd2cf9
3beb0ad7
fe120905
b4fa2630
251a056b
421213ff
041e1a1a
eedd2af9
d3d1e6fb
decfdf12
00051412
2515ff1b
10501857
ffa7c202
2ff1e919
e83e1c12
18234103
d305e30b
c202ed17
d20ae121
fb4b07f3
e21bd919
281b04b8
d4140b06
ee210514
020de706
f308edfc
0205dc15
dff92a4b
0ad83a24
43df1312
30ff5305
1c120e10
fd11cf10
ad091ff1
cb1f15c4
15e9d4dd
0f0a09f1
1c12e9d7
ea051b35
f7111118
1519f014
d40b1001
fb07dc18
11d30c32
11fb20fc
3cec1b32
fded9408
1d0c0eec
c7edd6df
2ede0e0f
e1c5fd04
24bed8b5
15211305
2203130d
04094a1a
01e64914
17f31e00
fae5fbf4
eed1ce18
f410e3e5
f226c516
02fbfd1d
f11efc86
e6e50603
f6f30830
0c0001fc
441d0e28
0a123120
ffe508d8
f62b000d
30ebef0b
dfff1a0d
1cf2021c
0b2bf8fc
03220709
e50a1931
e6f22eeb
0e1ceeca
0a15f9fc
ec00ed1b
1504fe0b
24e9d0fd
1d5932fc
230ef8b6
0bff01fe
c641d4bf
2307e100
0fdd3f2b
97f1080e
ec211803
f6dfea15
0af02798
c723c92e
c0eb0cef
c1f3db12
0a340114
ba130127
0f01224d
eebc0306
0bd90ce1
d5b53100
f6dbeaea
fc5623fa
07de4ae7
30f519de
01e443d0
c835fc5e
ffabf5cb
1f044101
f9aace08
f60ddff0
e520ad16
0816e40d
1a171bcd
1e1a030a
41fe08e1
221136fd
ee10cdcd
e2f2f9fb
f900ebf3
ef17e309
35d41c09
f70b3717
f6c0f67d
f06d2705
1311ff81
f6daf79b
f5070df1
f70e141d
c018eee3
5dff04d4
f6bf1737
cec39414
c613faf2
29f71be9
27080ded
13e2e71d
3ffb44f3
f6f3d31f
e113e9c7
f222dc08
3627edd9
091fd81d
fd002d0e
18fa023c
f22bdedc
5ff013ce
110a4cd7
051de3bb
0c450a07
d4cc050a
0fd6d4fe
24bc0cf0
1c2ec904
1914ff10
19feede7
17f6e802
e2e706c8
1e3b4205
10e803f9
0427eb1f
fefbeb38
db122de7
d91615da
0e1be4e0
4614f225
162a14f6
e915f2e1
191a1301
e6fafb0c
10f3ebd7
253726dc
d80b3a05
e0c5f2fa
1e08cd39
0de0edf4
1005fbe7
c8f60ccd
dfec03cf
d34a3ce2
1a0eeaec
e63e002f
e0f40b09
15e69de8
2801f20d
b9d534ee
02b0151a
130e21d7
f4bc1602
2a00ffef
1f03fcfc
21169ff3
0ad6f617
dcd4c3d9
d8270a1b
fb431b1c
1921fa09
ee0d262c
08aa0701
eafcdcf5
02ec0e23
14f5cfec
2714dff7
1b04f5b4
d7393d09
2f0f1dd9
3316e325
07ef79f9
ed01face
3028e804
08fad6e1
f8f5ff21
21e004ea
29fbead4
05e3193c
ed15ac1f
f3fa3c05
32110400
c6221bf6
0c16eebd
efa8ec0f
38f436db
f51ce50c
f80a4ce9
b411153e
e2f60011
f3fc240a
0feb120f
f90b23f2
0dd706ef
0315d1d8
03f2fced
de13fffd
e2370c21
3cc520e3
1af5e8bc
2cf4ed0b
35052fd9
da131dc5
fae5b2da
3ff0fbfc
27eaaa2c
03140903
fcf11f40
0be1da32
2a0a3912
dd0bc014
fbffd8e2
e102f70d
09d408d2
ef303703
22f0d6c4
13420919
e3bf06da
01d60716
c4090400
0a160bf7
bde614f8
f90dff18
f61df6e9
0402e513
0923e3e9
effb1b22
01fffe3e
f6efe1c9
0920ea49
0c162c0a
fb2cf4cb
e54caeed
28f7f524
d52f0d08
061e150d
3cdfedf0
eef620f4
2b442f0e
f3f6fe01
1a2951e2
194a0721
b40d103b
fbffad01
03e202dd
f21fd7f9
43b1eb20
0febf1ee
01f91deb
f6cd02ee
f79c2626
fb0d12f2
bf01193e
dbf3f3da
33ffe103
fdfc071b
1293f5f0
271bfe5e
fe19eccc
0eeaa416
f11c09f0
3de010c7
41f7c200
43214d24
f0522221
07efe1d3
e13e1b18
18f002f3
0dc5eb2b
05e0fbf4
39e82e06
0b04381c
0b0c57d9
08060e0e
f40ad83b
020f08e1
05dc05e8
0be0ef27
0610e001
281b1dcf
16de34f7
c1f50dea
05ff0dfe
eee725f2
1d110c47
08fc0a00
fee030fc
351c0ff5
e1db1802
fd0e180d
3ad9ec03
f7051bf5
0bd01deb
f7e1b62b
0b0516ea
14fed125
fbc30f04
fb102604
0a011f33
f603d2fc
02ecf5f7
ac032604
ef1de822
0c07f531
14180cf5
b2f1fc21
14f421dc
d807fd07
09e8ece4
c30b3808
efebe42a
cff2f9ae
e20f43e8
d4e53329
e6e6240c
0d0539d7
efe8eac8
1a0b3201
00fc0fee
f2f011ab
20f614dc
e938e9e4
e630eff9
fc05150c
f1cef4ca
d9e8f4fe
da00fdc0
f402fa23
0d25ef24
0c40f500
fdef2a05
03f61d03
eb1df6ec
e911f3da
9deae1cb
d21215bd
eabee5de
f1c60733
24c81bc5
e6152007
efd6fe15
f40e1fc8
bf0101d8
204beb66
f6fb1ef4
14d6c9d7
3e2dee56
25e2e903
01dd10f8
35180fa6
2e330019
134def3d
08210be4
a9b60dd2
1e2a1c68
fb05fbee
de1312f5
24d8d337
3a051d0a
d8152686
13da54fa
d03a01e4
180cfd47
221affe9
40fa1203
09ff2cd2
f92cffe9
1cf3e51a
15753cf0
f930002d
fce816c8
ef0e16fb
f008072f
2f01f8f4
01ef02e6
fbd1e6e3
18f12704
dbf8f009
1bfe2e0d
120d38f1
29f9ff1b
eae7f83b
f9d7c511
1bd612fc
16232105
df09f2c3
1608e01d
fdfaeb22
f5d932ee
30fccef8
dbfb25ef
10de01f5
0bf6e9fc
1ac60e42
3c01dbf1
dffd1326
140f34eb
c8051a33
bce40de1
3b3dfdfd
1a0ee7d7
0031da21
1b1eda03
17ecdbef
2fd6ac2e
310cde17
1cf03122
e530e1ec
04dbf205
e8e818d8
055100f7
edb9ac02
e5e1ee05
b4dfe73a
d916fb0b
a606f6fb
d2fed9c3
ef1be914
fd1b1f0b
f2f838db
2ffce2cf
4242aadc
fbcf71e1
262701ea
f60ccbce
d8325617
2a1408fd
1bc52ee2
f01c20f3
22c30501
35282022
21d4ce1e
cc0b3bcd
ffcd16fa
300ba8db
d9f412f9
4b15e826
f8330ed2
baef28d0
69433fc0
e603d810
d443f207
ffd20dff
090419d1
cffb2f4e
470038f9
1beb27f3
dbfbffe1
2ffcf7e4
02c2eae9
4101b6ee
fdc3d537
0de1df45
9953e010
a21bbd24
342d11fc
18d9cdce
0afa0401
f5e94bc2
1320ca26
1c143501
95d0af07
f20cf7fb
b2b91402
2608441b
0df83819
07efce0f
f51f3b24
f6e407e3
3d0981ff
c319fd04
162406f3
cdffefea
f30014c0
130bd7e6
ff00ee4c
14bcd921
e132ca25
26d72e14
46fd0f2d
0020ade1
1625c709
f0fd0217
240b2e14
fefb3c19
2b4a230c
09d73212
20b70116
c91ef1d4
0e280600
2cf5163c
d31be3e6
ca18fe9d
d320851a
03f4110d
19cbc605
0de8a4f7
0d03aef1
2d1eff33
3ce00a09
e3091db1
1b06ee20
0ddbee17
29334dfe
edf9150e
0523b1f9
1830eafc
002f0ed9
37eaf6e5
f7ba05ca
dbfb04e8
f9db1cec
3dd1f307
fad7d1ec
f7f848c0
2d2cbc13
0405d916
3a31fa15
2b0cf8c2
1adf0b01
defa5d02
2bdc110c
ddf04010
f5dff746
00e51059
11e82bf0
280746ea
126ad9fc
220ce62e
b0ea24db
e5fa19ca
080700ff
2da07f08
4e0eefce
cae1f2e6
201d14f4
fe001beb
c1600928
ef051801
a32b0dfe
181e38de
0cc0d6f5
502f08f8
c9d10df2
0af23206
00d3031a
2dfa03c3
b4ec0a21
fa00094c
1929fa0e
09efeadf
0ae9e126
3deeffbf
0b32c8ee
2923274a
2e1b1706
f7eccfc8
ebbc1911
040529dc
e128f4f0
a917b40b
023ccc0d
323bf4ea
bffa0cfb
3c03f408
bc0ed611
f8c3e3fb
e5ed2df5
14d8ca25
ea33f1dc
baeddf16
dd2d151d
d9f761e5
2afd3ef7
b610e513
0f39e002
f90dbd0b
f73e2003
100d07f3
e613f5cf
f70e3b07
c60ddcc0
12c4f909
0e3cd806
0a260ec9
0b30cef1
1a0295c0
0af9ea01
5fafdd07
fff37174
dad50ec0
060cf706
d6063005
e1deda15
c6001fd0
f141611b
16d601f7
ecbeb8e9
255412c4
d71aeb0a
010bb1f0
2ecd18c7
c3ce0302
e5f5dcda
48282003
3cfa4900
ea11cfe3
bce7bc0b
56efec1e
2ff904bd
f5f70b03
0dec8907
2af40514
0c1f1101
e7291c22
3a0e8212
f101e90a
d60dbae8
e9fd8cfc
24eafbee
ecfade2f
36a248f7
f51d1623
def4edfa
0cd94e0d
011fddd2
dce30504
7fe6d0df
e60af53f
f15cea0a
324cc4ea
14d12a0e
0d0e0fce
fbff3fd3
202cd0ed
2e00c438
2cdb03f4
f32724e1
05dc030d
02f51301
ecff2105
e4d9d50b
f8fef6e2
09c70e20
18fac45b
cd92f4e6
e2f10bcd
feeb1ff1
0435ffee
f720e7c1
dfc6e4f1
2f17cd44
cf0fca24
31f4e605
0a9c0b17
2cf01d05
43fcf211
0fe9e9d8
180a1eb8
1e1dca14
44fedff1
061ae1ea
39c80bec
42ec1129
42d3e029
dd05fedf
012809d7
17fda5f5
cb39e43e
13303e1f
24ea5c79
e20118fd
e3dd0019
d01de0b9
f61014d0
d6e9cb04
2b0b0827
10faf305
15f7343c
3bcc3ddb
fc154f3d
f5dffb37
22370f35
e727f918
0cedcd35
19dea75c
070fe931
4dea0b3e
133111de
4e943b20
0045ef09
140bcfc9
d7fa1b24
f4c76415
cbd3f90d
f5ec0304
1eedf8ab
cff13be8
32e60101
10042b0f
cf02b61b
25521c35
fc09f9fd
0e0ef115
effaf203
da2bc5d3
f43434a1
fbead7ec
09f5d0b1
fdda4ee2
1a0fcfe3
dff20fd4
48321531
b5d809c2
ffe8cff8
fb1c53e9
cfebd609
79e84623
fef0c3ef
1307e402
fe22ca44
14102b14
22f403ea
fcedf0f4
f3f8dcd6
360d35b1
250f5705
060b18ff
1ed03aef
f117e7d8
d9fce507
0430f2fa
21dd0559
bde52419
f8fb2ffb
fec80ed9
22df908c
14234fae
f248c3c9
28f645e0
23201721
e9130e05
e30ff5cc
b6ff2a07
0bdf010a
3f97e012
0d03fc16
f6e80dd0
f6f5c908
16d3c729
49290732
191231ef
b8e71def
0c0b0cd9
f6d0e0dd
41fde4c7
9f131342
c60a23fa
5ffc1701
f939f50d
e01e4c20
20427f25
e63c1914
fcdfcbdb
331219d9
3fb8f1ee
feedcb52
d502e9e1
05f6cac2
fff1d950
03d8e1c7
2b20ecf4
210ef81a
201752f3
fe0813f3
eff6ee17
0ce4e768
39214f11
ebc91246
faeefe14
d8dc142f
ae094d9f
e4f70ff2
451365ed
f317ded7
cae203eb
c602ddce
571943f3
43d0e95f
b95b161c
d53904da
d8323514
f0fbffee
ef08cd00
ea0629d8
30e71613
43042cef
d50612d5
1792071a
e70f1909
f61bca25
1fea220d
f0d0ec3f
15c4123a
dde6cb3a
20083be5
17dfbcd9
e1fdfbd3
09fce0f1
ee25c959
1608331c
1c0f1400
302ddb53
bce10502
cce51133
1bc9fa07
fae2e1cf
f42636db
2a1eec12
fec06919
0304e203
ef35cd2d
47dd2b19
38f226e9
0ded342c
213529fd
0301d45c
38c8fbdf
c1ffd7f9
05bdd846
e404e7fe
4635f106
eef7e8da
e1e5bb25
ec040f07
0630ec0b
dbfe14bf
fc2e4206
18c8eeb2
f1f7dd13
f64af7f3
1b10b10d
cdeb1617
c0f2df24
fafc3831
112c1b01
1bf70113
1acbd2ef
0618f424
05d705e0
18f1eb28
172209ec
fcf5f8e3
e0fc0cfc
f80df6fb
0b061bdf
0011d3ec
f29d2fbd
febcfdf2
eced7c33
e6fdfbe8
10e89e35
27e5fb0c
f8d716d5
f00f2cfc
e4d3f9d7
f50f01da
e809d71d
0de5fcf7
0e3ad41b
f214d8f4
e312e7fc
13f2fdb7
15f521f7
30f7fefd
f5e4930e
f2e913c4
2bf760e7
ee13b5cd
d30c22e6
0d106707
581c150b
25372f26
14d8460e
400cfefe
0ecd0fce
08cc18dc
fc2ae6ff
f9d5000c
e71f1fdc
f1b9ec11
d506a814
ffd60e43
072709fb
e20305e4
28df2feb
06ee0a07
eccf0efd
bc36fa3c
c507c2fc
81e148d7
60fb0ff6
4347e5f3
1f23f94c
f3f31802
3337f1ff
13e5cd58
24d69209
e5142193
e819b461
42d02502
b4002d1f
f0da14df
192f13f6
0ae3bdd8
f9d4eddc
2243f913
32e5f4da
112bf101
0de62cf2
d530e3b9
eb632dae
ff2310b4
c5dc19f0
2de3cfd9
eaeaed22
edd04714
fafb02f9
24e403e8
2fc72948
db37c213
11eddcf7
38ecfb16
e60b4a03
d4f20fff
0b0bf72f
d9c54d32
d301fe5f
eff5046e
00ceefee
03d615ed
f9fa1e9a
feb1d5f0
dde3272a
f5f52b37
0f36dcee
0f22ff03
3bfc84f0
eb0227c7
ef234416
15fbf7cc
ec22fe19
1fef98ca
fd0d0803
2021040c
e20af12c
e0faf617
161f9faf
0bc4c103
074df924
fb09030f
e46c23f6
07d9dbdf
b230c915
1adc1a85
09184948
0710e00c
3a43d915
e32532b9
e3acf29c
15cf07e3
2705420a
19f20fa7
f71feeef
3e12f05f
f038be0d
1b0322e5
091d15df
da030943
2af29812
1fdff4d5
d4e3f108
1eead21b
1fe30415
1ce6f9e6
9fd4f871
0bfcb9ec
f00c061f
d32912b7
00e65205
e01ce4f6
10f00814
f3032900
f01de6e9
e8f942eb
f10301e7
0b2c23d9
1811cc0f
34fe03c9
232a181f
07d31939
08e42b15
ead8fe14
07eb33f7
f1e4f511
35c9d318
e4003cf0
1ad9ea03
1306f5f6
eaf6db08
26efe3ed
13003303
1a0aee38
f5e7c5d4
ca5f0ace
f61ae52a
e1d7ea81
e4e116da
f2452708
feedf001
21ea081a
ab25e308
1b0726eb
c722f20c
c722aa28
2e041afe
bd5218bd
17e55aec
1f3603de
71f4fae4
0bfe2044
0f36df58
380d0eee
e81fcdff
fc1416f7
1f16260b
5012ebf5
09071de2
06cb00e3
362c2cea
1ae9072a
ddaee3c4
ce31fd34
eb051ff6
04260b16
24ccf2e2
5d01cf1f
eff7e941
dafea7c9
e4d0068d
e10ad71b
0ff070f4
c8fe2124
e0e14c21
0bfec7d5
cffa0112
b5d422d9
4361ea3c
53da0fa0
eeee0228
f9cbf531
db1d0ef7
fbd8fdcb
242b252e
060c37f4
026d292b
f41958d0
ff0bd90d
1ebc07cc
31de12de
de07f2fe
ff1f10fd
100dd2e4
1f29eaf4
132e00f8
f3009212
539fd1e0
07f81aeb
06dcbf34
0d221a01
124c292f
043402cd
ebff0c23
d80da011
d0042908
faf1eace
0709f7c5
ee120204
e30b2520
379c392d
f6f110d4
fe05f1e0
271c17da
19172310
d509002c
ef48e10a
0214d602
2efcdf1c
2e0208fe
0efa48fd
ebe4411d
2408ca33
04e1fdcd
fc08fad6
f71ddb05
25ff184b
5a200532
f5f8ffdf
e735289f
f40ab9e6
290e4fd0
182ce729
3104d4de
941c193e
1cfa25e8
f30797f9
3131fdfa
01172601
f2e31226
c7fadfe1
e2f453ef
a8032528
e8d3e1f6
21ecb812
351d01fb
33e24911
34d7f4f1
df1409b5
e30421d1
f6471cfe
c32417d9
1bdbe6f8
2131c6dd
c7f003f1
020731fd
2e2c3d04
b2f3ba1d
ca1eef27
4226e0d2
e0e422ec
13151e2f
f113d0cc
e5032324
e83ffee1
c70eec01
5efae788
c465ee3c
3cee2af6
ffce3700
06eacff9
293cc067
dc0c023f
05f1b4b8
02dcf009
0a0a1403
442724f6
e608f9a5
0e0c1441
aaecf124
da162510
2a1a09eb
2c3fec37
38b236f7
09ed47f4
e9fa1ae8
cb02e7d2
2b09f2f3
c7effcfa
0502d090
f613d0e3
e5e74830
b839c819
2a0a0d47
f5210c7f
e6fee45d
13d8f419
2741e1dc
e74922fa
d1e8e246
e4e80504
06550c25
17f0ff67
120fdadb
e8da21cb
e911eff9
291f275d
24e5bbeb
0f2143f2
2a0be1e2
14f547b9
d52d1e1a
cffb3edf
baf9a412
2d2502f5
bae027f8
d4c3d510
e3fbe0fe
052812c2
1ae5fef6
b9e1dfc6
f8e23031
d21e160f
0c0ff51c
f0f35106
193b06e9
0d0df8c1
eb34e4ec
2b111a06
f4f01ee6
10e7d134
db1fd0de
2ccb4824
2c23e3f7
fb2ae3ff
1323f6f7
d9554102
08d50215
d3e5decf
f3e9011e
f2161bf4
1afb0299
d6e3fa4a
0101f832
e606ef0d
01f9e4ea
1833f2d4
e20edb0f
1a1fd6f6
d120297f
28e4e023
c111fef5
e9f4f005
e40c4524
600b162c
100b18c0
13dd4af3
f74aff27
09f1fa0e
11ccb424
fe03e7cb
eb1cdc0a
2940fcda
beea03ff
13040316
2c100d16
12e225ae
d5fd23f7
e339ac03
40c8f23a
ecd9e72e
237fefe5
fb16a302
1c020d2f
d3e6b995
1b19d500
f10eb902
b8f5040c
f11c0f86
b61ff8a5
eefb12e4
fcd4e3e8
1ced09e5
050eecee
fc16ed36
e4efeff8
30af02ee
dce719d5
e22bdb27
f8272feb
f0dfc3dc
ab0920b7
e1e634e4
14040e11
0938f6d9
f022c8fc
fbe92cf6
2506d7b3
17fff621
df1f170b
c2142800
dd373901
deeaedf7
2325e7fc
1b3c44fc
0525f947
352317d2
c5d11cdf
d9f605fb
02bacf19
df2ff6cc
dece1b03
fdf7b520
fd2cf742
d10de82b
8be7dacd
05e64427
08f6e6e3
d8fa15ca
254df6c4
f3f9480b
095f1bf8
2d1817d6
d40e32dc
391cbe1d
0bf20d14
0c22bfae
c5541ae8
ff063114
2a0a0fea
1d1e3246
cc160529
0018f4fe
04ef4129
16e3edbb
23dfe3fd
d9e8f2eb
1344d6d7
34e5bb36
0924e9ab
2004d6e9
edfefe0b
2434193e
cefcaed8
fafcd5eb
f40d132b
0cdcee0a
2bf62f06
22ee2313
40cfe4f7
2d7d2af2
35bee391
e6df2107
2fe50731
9a2b1cf7
23001cff
3910fbef
ecfdee1d
34500d08
1e0fd0da
09113a18
14d214c5
b715d23a
21e0e319
f416dc23
d107e223
01f7f81f
39f8f9e5
0506e7d6
2a3a19c2
01fd44fa
de08ee2b
1e521efc
0f01fd27
f338f0fa
10f71bde
e2e6bcdf
4ff9082b
4bed09eb
121adaf3
dd07d31f
b3fcf90b
01f121f4
01d127e6
d9ee36dc
e1041a0d
3d0e4ae5
f029f7ec
f3eae9e4
3c28dcc8
f206ee6d
e960e522
d3efeb0c
0312f4ee
13e8eb08
fc2bed0e
43f90ff3
eef6fdef
e5d7f2f1
d025dd0d
1bff193c
e4021b0d
1fe0060d
fb155a1b
2d0fd3ee
251ed81b
eec90cf6
34f2e907
f1f926ec
d7d80210
d3e72ec8
56ef1308
18490307
d50fc325
0af1fc94
eb35fae6
25089f1a
f3f3ddfe
dfdd0aaa
091d24ee
f34af1dc
211cc334
f2d71416
45430fdf
fedeabda
c813170d
1ac3db02
dbbd11d9
0c22e702
08e71704
03e114ed
0edb5505
bcec0a18
2c7f1953
ae0f09f4
2de3eb54
13fe3be1
fe39012e
09cffc4f
c601f1e4
0435bffc
16efff21
0b06cd09
13edec28
f13cd2f1
dbcb5721
150e9226
032fffe4
0847c1f6
fcf6e651
1be30fea
0d03e809
f10b010e
a20bbf17
300bfd1c
cf0231f5
c1fcc650
f91400ed
c602cbf4
05d2e308
d6255e12
f9d91be8
fb1ef621
0b4506fd
fa082ee7
df1f1008
36f13e0b
2048e426
b31225ff
040a0212
d12e42d3
f131eb2b
15d950ed
d40707d6
28dcfbea
d000e451
1a031607
ede617e9
06f83cbd
f218ff6f
efe4efc5
1026e3be
e1120244
49ed0ec4
040b0cf7
01146ef5
2de913ed
38db62d6
07f4f6e0
03e3f2ed
0a0741c2
d3220ca0
be0a0c23
7f10e6e4
fd01e1e5
211e2cec
fef4f2fd
f221c711
e6e1f0dd
e708ddf7
1bf632f3
45ed3edf
fdf7fdf7
4c1f2af8
db36b71a
170e2102
b607fd26
f807fdd5
d10118b2
02f3d40a
e6f9c632
d63a1a14
e91c0021
0af7de2e
ecf732e2
44f6ec1c
17813228
ce04eafa
eb3c032e
d1170ed7
390efd32
d102091e
1f26e724
093ade0b
bf0aed0c
0f17dbdc
0c0b1f2c
230bfae2
ffe737f4
06fec668
0defca3c
02ebf6f0
af5927fc
f3fce80c
fd6de525
1012fd23
f4520cc7
524cf859
ede4343b
2bf2d5f7
d758ce21
ddde14ce
3f10f0e2
18050de0
1ff64adb
e10103c6
a4c2ad17
453400c2
19033327
20e22b19
ebf9f730
440ad508
bc0425e8
23ead807
0e15cb15
1d40fbda
254cf801
a02550da
cc3037f2
3bd7f7ff
dd0d052b
f7e91913
0228fbef
caf2f607
fbf7d41d
f1e60cff
e5174321
1420fc4e
c9a8d7e9
bff5144c
f5dc18d7
c7e0fdfc
37fc0af7
15d4fc41
31ef26fd
7f131b38
38dfb9ff
18021130
e2ebd93c
e207e23a
ed22dad5
ea0de6e4
faece5f8
fa56f011
2cf828dc
e8dd011a
0614f513
81047320
1c4bf803
d9c6280f
fcee412c
10dbf0e1
3cde30ce
1f30cc14
cfc9ca0d
041113f4
04cff90d
011cd2f2
235924ec
e0f4482e
f2d8add2
0a32f89f
04ebcbe6
c0ee546a
d161e4e7
f2d508e1
f822f106
12f3f01b
4c08f7fe
01fb3110
f00006f6
1ad8ff48
2210eb37
192d3b0f
d50ddfbd
c60aeb03
d800e414
e0f42a1a
ccc3c909
eadbe44c
1909cb15
fdf4250b
0abaf111
093cfaf5
f1fabbfa
f71109d5
c0edefd4
1407c94f
2a0ad008
08f407df
db0eeec0
11ded1f4
1513c706
0c080143
39f523c1
8c2ce6fc
2c48fcde
fbef22f2
f54fe4e0
8dcef319
ef1afe04
2f04f8f3
cf03d82b
1519e342
d6fb55ea
211b0bd1
221e4506
25ec2311
013326d1
0e14f3fa
f4fbc81c
47dda026
0cedc527
37f5011c
1d229daa
0dfafe23
c2ef372c
2324db2d
6b420e18
dc0003e7
e8f1de2e
20cf0114
17e12aee
e8b0f2dd
13f81bdb
20e5f0d5
1e120319
e00120ec
da06dde3
0919120d
eacae5ee
08c5fffd
eb3cfb43
14efe1fc
16461e31
11141408
35fa010a
29e83e21
ebdcd80a
acb2406f
f73625d8
1b2c0e2b
e242172d
103a19b9
0adef1f2
49f8ffff
110cff10
1afa3d0d
c1cffa1f
13fce219
c5040d1b
e80b2707
c6f5f110
7618be15
e3e4c022
1cf332e8
021df023
e91e221d
15264708
0becdb0d
0500264a
f9deba23
f6f6dd27
17dbebe4
f4e248d6
ee2ce5f8
becd1fee
01e4d600
c4e500f0
fdf1e8f4
cc3cc9b5
0dc4e50d
0027b5d6
fae3241d
bd244cf8
f314a5e6
1e08ef03
152129d3
080bb800
affe00f6
0a292532
4115d038
cc28dcc1
02ff200e
220e35f1
20ed1159
3c1d261a
23222dfc
f3060f24
2fe61642
bde4210d
e0f604e6
1209e41d
e012d708
cd2dccf3
fc212e08
09011e05
c4283b24
21e0faf4
24d126c1
2b10eff0
1519e4e5
dd454534
0b180102
2db61809
f61d2524
d3d110fc
f6c31a08
2046f312
2aef20f8
0ac21119
362f0bb4
e0110f1b
163b0dfd
18d822fe
e5f01d06
e115e003
eceaf7fe
27e33202
16b51d06
c8044a2b
12d91bcd
bf01fa39
08db5434
2b0df1de
0232bbf0
c6fcf6e8
361fcde4
eeeb0cdc
1cfff644
2633b5cf
2827f3ed
2cf9dee7
d0e142f0
fcf635c6
000cf3e5
1a0c18b4
2cf02639
e8ba3f0d
1ad72bf6
25f63d02
5500c239
68cd78ff
c42e410a
dbd5be1b
26081afb
1a2db003
2b3bdcbe
1ee11522
2b06d3f7
0b28a612
23d41723
fae9edf0
06fbf436
1800bae2
efaf7fd5
effecfff
1c042d21
0fd2cf34
1032e0f5
ff14eafe
23dedf17
dd2bf73b
3c10e8f6
f6e93aec
c10cf1ee
f3f6ef35
e9d11226
1df3360f
1115dce8
bef9f329
9626ef18
f502ea15
2611f505
0111ec09
27fd2627
161f2224
ebdb3fe4
53d8dfe0
ecf8fa81
1252fee6
31fe2023
22ff15ed
2e1f22d2
334a1e33
28fef801
694de84e
dad12bbf
00282ed0
f501000c
00c9fb0c
323835fd
4f176ee3
fb1a12ff
29dbea25
ddf7f50c
f6e91911
e8fb3505
deacd3b3
05231136
ff1d2bd6
2aaa0010
bd1803f2
1af11d2e
bcc3fa3e
10ec14cb
06e80ffc
dee7122c
2f0e7f35
15fa184a
1a07f902
f9edeb22
d530f2d8
0d1a00ea
d4c344e3
14e80b4f
fbfde1e3
33eef63f
2e99fafd
08d8be1e
812eec12
33edd30e
f6b9c013
14190627
ee040007
d32b3418
fe28a6ff
bb211ff0
57c903f3
38043cff
fe93d0be
f4360605
3de23cfd
ca1a3059
c129ba7a
52f5fa0c
fb59c144
b1c01015
f1edb40d
03fde403
cb242ff8
e60c033d
e9de9512
abcbe00d
d336e3f0
0504b652
e5f81374
1f211537
f7f920d9
dddf2df2
d9fb4a1a
c4ec10dd
ab071a3a
0f02d6e0
2204040c
cdf828f8
f11be5ff
14f3004d
0f084b0f
e7e70362
fdcd0325
eddc3b06
13d21abb
28e51af4
0d01e2e5
f7dcd6bd
0d0a37d0
f2c5c0c0
f5dafe15
e0f515d4
1700fab5
f321f5b1
e00d03f6
fc2b1fae
3c353ed8
de03efe8
02f63bf4
c302d23c
22ec332c
f9f1caf6
23a924ce
c4f7fd3a
1fc702ff
0df704e5
c2e805fb
081bfe0d
49fbc829
d2e7ee13
f3f43b1f
f9f014ff
37f1f56d
c9ba0ee2
e0d80b1e
e4fa2717
fd21a7e4
dff104e8
2e651009
fdc4d9a8
470d2ed7
11dce93a
33ff13d8
12ffb428
20fb2f5a
18c90afa
02ebccff
17ef3c31
4bd3abdb
0fd35405
ed9cc0c3
00f61b03
47da31e7
0eab1b83
16f65dd9
0f182835
ff334902
2ab901e5
50150eb6
2fef4344
0cd0f8f9
25fde61e
17e7151f
071df800
b0cbf319
fb1af6ca
24c4131e
e5e2d4d9
d62df0aa
b639d8da
fd2948f2
d0040d45
25e056e8
18d41efd
05c4d75f
051fe809
22075206
11a1081b
f21d06f6
e2073a1a
5df8f5f8
33f81770
381f12c8
f53c5626
ff26f3b3
e81d0907
38fd1afd
f0f7d3e0
c419ae1e
beefffdd
0adb1b40
000d00f8
3ae70933
070bd4ce
fe08f908
131a2610
3b18ea16
0dff12eb
4002f5d2
03ed4010
e102efd8
0d0b2862
dc031118
0eef0de3
14f75525
e33a3002
2df8fadd
b2fa3a47
070417e7
c84e1988
fc1431e2
d40608d4
efeee8bb
dff51af1
15d7c5f6
19385af1
13ea065e
bd0c7f0b
dae1850c
d0d4f630
e019fc12
3f1bd13e
c630170a
fe2236f5
1a23e02b
2a2cc8e7
d5dd5b13
d7cdf418
08e0dafa
43d009a2
3911fdd4
14fdb81e
45f0f70e
de1ffb0b
f7ea0201
9f03e0e8
dceff9f1
bfe02af0
05e71d9a
2df52eea
d32607f7
ffd6e822
47ffb705
53f6f6b8
0b0d0f26
5c4829f1
07390560
f6c1fed1
819c17ef
fbf60813
00fcf9f2
1a101503
0c12270c
f3f513fc
1a200e88
1523e2fd
f30a088f
c412dd0a
fb1e1ef4
35ec23ff
e2e1d123
e303309c
593af1ec
3d1df508
b242f6fd
c31f3214
04f1ff00
d6f84ce0
27cf180c
28ca1b0f
d2f1e60b
1bb62703
f0fc001b
e7d7cf52
f9e4cdec
ca0eef93
15f8fbb1
f82cf8e0
dd25dca0
d7a709f3
1cf10a21
29c9c2fb
dad134e8
2ec31af6
17f6f803
d23520fa
1cf011dd
050a2c3d
11e340aa
1414160f
e3e8cdf7
440243df
7f1dee04
e1abddec
36f6cbe7
02fe120e
e11202e4
fd992602
fb3b60f9
12f4efc7
11ece1f9
f3e8c921
efde03cd
00f3e104
84b32326
12d1f20e
182af1ff
dcf4cf0c
0bf80cfb
1be3fc35
7dee0be1
fa0806b5
bb370e31
41421809
d5f7ea03
f0f41953
f21299f7
1212f315
15287f15
2ad62408
55f8db3d
0a1dffde
de13f3f0
1c09e3fd
1efd3786
38f501fb
3808133c
e7cfbf15
e3c5febd
24fd0851
f30e3005
d6e0fc11
28d2f307
ab17ced7
c7f42efc
181d1cde
e8f81a25
0d1e1251
10fb3039
3d08cb0a
1c09de48
3bcddfe3
1c13d004
0cf37fe8
3c91f4f4
d3e13295
43f212ed
1132fdf1
0b26242a
e3eef1f4
24b1092e
eafa23fb
eccce49f
3d5529eb
f8ec5cec
35b129d7
b82224d2
e77ff4ff
02e9f6dc
f8e9f4f5
171af6b9
f0d436fb
171c1527
f2f5f714
31fcd830
fc633440
022814ce
f7fa0ff8
0fa4f003
ede95cd5
0d09a810
1e0ce622
0500e0e1
36e9370b
0d1f1179
ed573009
c205ebc7
00d347f7
e7eddad7
d6ec172e
1b1bd9ff
dc03d3fe
1515eec2
2815ea1e
1330f6db
0bd234c0
0913262e
2af81d18
064234ff
dbe101cf
e0f1ee0a
ed56fbf8
d2281fc7
ea3cefd1
e5f4dadd
fce119d5
c6defdfd
53f8eadb
bfe5e5ed
1049f6b0
d4f10342
bb1dfeb6
d9f11409
230bf7e3
0ce5c13e
24f80310
cecac3fc
351817f8
0f22ed13
182c0433
ff2b4224
07f90bbc
0c0c07dd
d1e1d8e8
0e1dcef6
04e5e403
3111131f
87f5ddd3
e7f79420
db0214ca
23231be3
fcdcd30e
ef20f9c7
20d4c815
dcff2717
28ea0bce
08e4edeb
c527d3e7
cdbd2ed7
1611c93e
1443030f
f336ee13
fd5a2af7
19430fe8
fceb26ef
2af517d5
d02cf035
f9c2c302
d1cd0418
1740cc11
29e8da20
ff132cf0
e813270f
ef071417
b91a23da
2b5bf117
483402de
c9e40bfa
eabf0bdc
7d3d2b09
04e437e2
f00f0605
de27014e
19de1802
13312fbd
30c3030c
c5d9e6e2
10012afd
fae1eafe
fcbedbf1
fbf4060f
faf738ff
1231308a
ee4ef429
c42e2729
d8d8daf5
edef5919
1aee06cd
ef1b09a5
8aeffefb
ae1a032a
f7e233c9
ff7ff609
06fd3714
f1dd0ffb
0f2906f2
a211d331
cd1df91d
beeb4a6d
0de8b808
33ed07f5
f6df2b02
0bba0e05
e2deed40
76eaed4a
9b02d9cb
10dd30bb
edc9a4fe
0315e6f5
3a03c4f4
e6d5f2f8
f7252126
eef4134c
172923dc
fcc50a0f
26c2fce5
35f8f79c
0f285620
16041df7
602205fb
eff90108
e50bd708
e801f9b4
0c180cda
f212da3b
2d22edf8
051a4603
e304174b
f5eece03
bfffbc48
d7c70da2
fedbd110
0015e4eb
1d3c1c7f
13f1430c
fc2f23f5
4435cce4
3a22a0c4
d118de41
13cce70a
fd4ec40b
6c1925f3
e720eb03
0906f730
0edbe306
dde6b40b
353f2a7f
d5fcd735
284514ff
ecced718
f2dc04f5
b7e220d7
1119ec02
ea03f007
1aff1cd5
d6ae0eed
e01b35f3
fb1abb3f
ea0acf0e
edd9303a
e9260d52
c8e3c439
2209fa2b
dcef5e10
daf613e8
1b2bf6d2
0a1fedfa
69fb1809
6c2a08dd
e13d2d25
1c26f4d9
3e7f0344
19a31de8
45cafc2a
210dedd3
ea15c9fe
ed0a4af8
05d7f1ca
ccfb10d3
e5f624cf
c60cf43a
1b0518f6
f4d8f6f0
170210f4
3af7e92c
f526363c
10e2e4fc
cfe803f9
2dd90a00
f858ccb8
28f6fcd6
1de61147
3ad6d2db
15e3eae3
ea0beb04
d9025c25
6adff1fd
d3fa0f50
110b12f2
05f5e6cc
28d5b940
30140b22
110febcf
3be840d2
fed7371c
ea083fd5
c1e5fcf1
ea14e0d1
25233221
d1e93514
c915fa25
20baa232
09fb223e
f233fcbc
ffeef0f9
17ebd5c8
b42f24e8
f3ec0bf7
fcfcd300
ee1a4eeb
c01218e4
19078e53
35f905f7
2f012207
07ea58fd
0af401fa
d2be3563
1cdc0a14
4e8edcf2
29ff223b
fc066e20
e30dfe14
920cf08b
a64cfd4c
c7f80745
1b192232
e914dae7
2bf247de
2909fbf9
42e401da
ae0d61eb
c321fadc
03c91ae0
650ed9bf
02ef33cc
28fdfe07
fbec3208
f7f8eeab
d700cbe6
e20cdae4
231feb2f
fcf8d323
b4fdfe10
fde8dde8
20ecb2e5
10eec703
04fe2ce0
cffd2521
0513e1ca
efc2fad4
c8ca07c0
fe27f935
101aec0f
3305f0dc
35060c18
12f4021b
da2d2496
df53e2eb
cf1701eb
09e10005
04f01dbb
3c100413
931c2b2f
e5eae4e7
3311e815
c81b06ec
ebd1edca
3bba0235
da2a370a
c90ad42f
64280ef2
f31334d2
03b5201e
f3250bc8
25bd1212
4228f2f6
1304d7d0
ec2419fd
07237819
030b23f5
0ee70dfe
1cff210d
c9f1f316
2a06d90c
cb32e319
21f0cff3
d6030711
1ad94109
01f414c6
f1d5dce9
1ee1f018
262fdef8
0cf61325
25043dee
e1d94830
1f1ee0d4
ef051e0e
1e0ca00a
2202061b
2719d3f9
e214ec23
440a09ef
e8cc2df1
d9fce8e4
35cf0408
0c0c2cf5
c528dfdc
0ce612ef
ec30fa0e
2b12bf1e
b711de1e
2d0c06f8
e9df1aff
0304d1e7
d8d6132d
f8ef0af4
02e80a2a
09d1da12
0d222920
020014e7
0df10d02
e606ae22
ed00f709
f4ebf5cc
0110430f
e6f7c4ee
160ee2f2
c5030a08
ef04d51d
18102f21
31eceffd
083c00f0
eb0cf152
35e329fb
0701fd1e
a02c2410
54411fee
fcc6f806
232dd619
cef6e009
e7185a46
e8fde6d0
26432e31
07202314
e40739eb
0dfa23d1
efed1203
17e5e2f1
0ae4cbe4
3e2a0f09
261229f0
f01eec11
fa1b3ac9
2727eaea
f7fef013
de11fb07
0c07ddff
c705d023
dcf00f17
28e81fed
e50d28f8
ffdff6fb
dfdcf327
f5faeb0b
0e06d7d2
bbc4fcf3
43fcc2fc
d4eeef48
ecf2bef5
2017c50d
12e505eb
fb01e7e6
2905d40b
073720fe
16e6fa10
161c3430
e120dbf3
121f00d1
02fc04e1
ff0b1bdf
23f771e6
521de5f1
d5ec0c09
301b09f7
ccea7f25
f2fe00f1
d3e2e5f3
27f81a19
eb0ebbd6
ff281abc
1712db12
ed090de5
0925061b
b5f5e923
e7de170e
f5f7460c
1a1c1910
81fcfcf3
11180c26
3d2bf559
1d19e8f9
fb037ff9
0cfbeb11
f1f6d620
09092137
fa1d1cf3
0ec9d410
dfd406d8
0ffa0ef0
d91e032e
1a0dd414
08fe480c
d6f70048
e0e8eaf3
18f8ae03
e4b900c2
1d9b3521
e6dd01e0
f4490e0b
e50e2006
ccea2225
cbfe1a02
f34d2ce5
cb20d23e
ef2df921
f504001e
e8f214ce
fdff1502
11ebc20e
28060309
0614f0bf
d7fe2b25
09b89d1d
0fefe0f6
31012a09
e8f72f04
15003cc7
dd20fa02
0517fc16
45200a52
d6e222d8
11f70f29
0308ee24
30fbf3f9
39123711
fc14d12a
d0fab41a
9907ba0e
f0a9d70c
1eeefaf5
410d15d7
da0903ef
fbf3221a
cc2dd6db
37120c03
0ae6166a
18ebfb08
132df9f1
d8fecfea
1ff7fd1c
15301416
e2f0f0e9
41e811ff
f0b35805
2d34f311
def5e9fb
2afb1a21
fbe90fe8
000238ce
01ee0c1c
09b6d2fc
f6f32d5b
edda34e5
f30a2dee
cf01c608
11f1f606
0fd908ef
1efb3f16
16f831f1
1dfb04a9
dbe00b29
25051e24
f709ff2f
ed2c11e4
0209e5d3
cdffdff3
04c9e8fc
fe17f8f5
f41f100b
efd80d0b
fae2e72e
eefd12e6
fadd0fcf
31f00f33
0df8d332
5b0836f5
0e110b01
4c020909
f1e8e52e
edeb1005
fc08ce2c
dd17fa1d
e7179438
26130148
bbf7d2e6
d82e13d9
182ef2fb
ed1311f7
eaefe0e8
fa10f9ce
0c0c0cf2
0aece581
f11034ee
250dd7ec
f50601db
090011f0
dcd5bb0f
08f11c06
d9dc1f0d
0e0a1eda
f1200004
da037bfd
0a041912
091ff41d
fe0ff2f4
f100f90a
ff0e03ff
16cbdd07
dcf3eded
eb06e7ee
eaeef1ae
e8dce5ec
ebd72601
3dede1e7
0d193dec
e5f8b31b
f711fff2
050b000a
0e21d91b
073aebfb
fd2be92a
1f0300c9
04f7ebd2
2b1dd614
5a172b10
3306fa21
0109f44e
ee320dea
ea12f659
05372817
51dc1efd
b1d22ff1
fee63701
10df1002
0c0b1fef
eee30212
ed01fc1b
abee0c29
2f022de6
f64110e4
02ebeb19
e20d1815
39cadcf0
102223e9
e8ea03e7
25030efb
eb172103
17f444f2
271800f4
25fea73f
23ef1729
f3ff05cf
21f9fe1b
c6e5dc1f
070c02fb
ed14ce08
d5db19e3
ef0cfc0d
f31a03ff
ecefd10b
1f1bfa57
070d36d9
0dfe24ea
03ee0e07
26efedf3
19f1e509
04f2edfc
dcd30d1a
cce1bae5
ff03f6d1
e5f7d1f7
5912071e
ed00380e
0afaeb08
06f8f43b
fac6e9f8
2d0518c9
07ea02f7
13d5ba3e
f2f92f01
0e0f17d2
f812da03
f6ed02e2
100dda15
f201fce2
ff083623
e1f6f509
f30622b7
cf182bf4
12030ae8
f32035f5
dc0f54f3
f81afd67
b418161b
d7b72c3a
0ae0fc3a
fed1dd1c
23e8f126
f1f1e2e0
fe08e8f4
13f1081a
10dd1e17
b1fe21bb
4fe13101
4bef25c7
0517f8f5
262a0b1a
30fcc71c
020d5ffd
172217e4
56e852de
2afd0345
0705d3f8
dfd7dcf9
eff72beb
b8f9e0f4
da0bf2fe
f0ecddf9
0f13d104
f3071de6
3409f307
2c17ea26
07d22c02
263de206
121b1f06
0d1414da
fe582211
fbf411eb
1ee222ef
2cf41fde
f9f6230f
f6e0e8fc
55dfff17
d0f80f1e
b8f6cce9
593b331d
fbe9e5d9
edfe1739
ec250010
0e0e1610
e809020d
1510ff25
e9093f1b
fc0725ce
4c200220
fcf1cb0f
fb1c0400
190ae3e5
0e1302e2
082027df
f302dbef
11d9c018
2be0eef4
31d60ae7
f4bf0dfe
15241805
08dc350c
dc3654cb
0aec0d03
792c00e6
f3131e1e
dc14fa09
0f1b0de5
de190316
f5f5acf7
f5fdff22
7ff100f8
d4220121
dd31b213
07e4d715
fae22108
4ceab907
e4e9e823
24fced01
ef2fea15
c8fde6dd
0f032606
2a063501
01f0fef5
02e5f844
f9dad106
05050f07
ff23ecf7
c2060f33
a9d8f801
4533fe10
e531d306
e5f90f13
10fd3ee3
b1bd3be8
fa1976d0
dd2fdea3
bd643ff4
e5f6d9ea
f528f814
f8c7d418
fd1a443e
5dd0fc14
173dae16
dcf9deec
e8f9f9e9
bacf00ce
d9f106d6
fcf5ecec
defbf800
1e043325
232b1416
2bc9caf5
12d4dc09
28f33207
130ff1fd
f9e2fbf6
fb0818f9
bd05e000
0a08e5fb
f91b0f1c
e3da3d16
ffe1f1fb
ccf90dfa
20f007e9
33101514
1b18260d
0840dae8
0be1c70c
e31039f7
232debfc
11f928ef
2935f1f3
dd230c0f
0bfe1e02
36cb05f2
2eea17f4
310a1fe5
e6f613fa
29f40dc5
f8fa04fd
d5f9d5fe
fd0bfed0
eef04513
960e451e
1f4a42ee
de0514db
da22e514
082c2def
001fec5e
ffd9dee2
f0fc43cc
f3f6dedc
d2d31807
14ed0a3c
2eddf4dd
0a18fbf1
1505224d
fc0021da
0ef7ea0f
d711f21b
35fbe919
32f51a0a
be0bdf3a
fee71801
f8f9dcf2
3616092a
32e0d2e7
edfc0625
d70fd201
b50706f7
f8faff29
fcd92308
1bed25fd
f310d201
dadf6134
631ce533
4f030f18
e5f4fe25
00ee0918
daf9e60c
08f42dfe
03d0d527
37ec22cd
e4cdfdd8
1d1a1e17
1605e5f3
112dead9
1511f819
d31fddd6
180306e1
3bc9dbec
cfdbe5f0
d92211f8
3c071528
02f1e2fc
4716f50e
ffcdfde7
fbd1fcde
ce0afa13
f30706cb
05060edc
1a040106
e43d072a
eb1a2af3
c514c517
10072028
c2e6e3e9
16363e1e
01f7fce1
c913e2df
04fb0efc
1bc9d7f1
ed042110
e7eaea04
e30cbb14
c9f3dffc
f40ce3e5
04fcfb13
1afbecf5
151fca12
0a1e2e03
f031d522
cd0bf710
1222d419
281e08df
dde30711
f8f6ede2
090afded
d70feb1c
dc0437de
171d18d9
2508d6da
40112928
2a0c04eb
0509ddf7
11f93418
0ac0eefa
13030abb
0323dbf1
d30826ed
ff22f30e
091d09dd
e6e80205
06d04419
480000e6
17de1039
2a123406
d4ea25dd
200fff11
1516eef1
eaf9c9fb
070fc70a
e5eff3fd
2812bbe5
67fde503
f3f5460e
ff16fe09
1cda0fff
1c160bea
0a930ce5
fdff0dcd
e6f50a0a
f9db1b0b
ff06e6db
ebd8eae3
fcf1f9f7
e6e428f4
f7a2f604
fff62ac3
ee160ae3
ce06e611
d113e0e6
ccfefd24
da0bf8ea
e213cf2a
f8dffc1f
15f8c340
2619dde0
e7e4cc17
2005e53c
19b10c1b
32ef00c9
ff00ff05
c8eac60d
d2391219
071bda0f
251b4622
351bfa4b
f007e9f2
f3010606
10ea12fd
f8f7ebf4
030f24bd
201418ed
feee0422
c31fe31c
f50ee9f9
091bf003
ff0af103
dcf5fd02
dc16a002
e7e430e4
e316f8f2
1dd1f1e2
fcf7071e
b80b1d08
efe7142a
080adf0e
fffd17c2
0c1dff22
05e20805
3109ef18
040a0a14
e3ee110d
0e0a09e9
0ef915f1
18ea59eb
e40adaff
c015f114
15cdbff2
d227c1f5
f6f6fd19
f9d10b12
253130f9
d9030609
18080b0a
3bc6fdcc
c602f3e9
02f3eef4
0be110f5
30d21df9
0609f318
e529f6f5
f2f00d21
ea17cfe1
f3effd0d
d10913f3
0cfe0afc
ef05cf05
04de4918
232cfd1f
0c2a0fd6
32fedb0e
cd06dfef
0115f6d5
13fdebf9
24e9fed1
e3e50500
081b05ae
0fe6dc0c
ea064a08
01d228f7
f5b2f008
0f24e8e9
ec002d16
14352c08
e605b6fd
cf120de6
0b17f809
2ded2bb9
ffe1dbeb
031b06e2
090b00ec
fa15f112
13d81bc6
f2f31cfb
f2efe811
bc0dfb08
eb01e518
0c2f08e5
dfde0fed
fbd43401
1417d52b
10151427
17fd3d07
49fadb0f
aefae5e2
e51c130f
09b4fbe3
e5d0e00b
0a13f3d7
1ae04ff4
241706ff
ff0216fe
31f10cea
f1f611ed
dafb170a
0acae8f9
f7ff4e2e
e5f8f515
fd16f9ed
ce0a0f12
0af70e17
d106f418
0905022e
a3bf08f3
df1229f8
06ef0821
12002afb
48f605e5
3d053509
14f9ebf8
171df2da
ead41104
2917ff13
f7e1f217
3615ef00
2c1cce38
d502d5ff
0bf9fa26
08f60017
0d0d1406
ebeabbfc
f9dd0cf1
dcececee
010c14f5
fa35c520
0efddf00
e50d02cd
1ae9020e
d9fc1122
2cdfc30e
c71c66fc
cdf82329
e9f40eff
0d280cfd
391111fe
df0d03ff
f00c15b8
1413e7ec
f3eac5f4
100e0a4a
fdeceff2
09fef507
ebe61007
04f23407
0b17ec06
ed29fbfe
07ff09b9
ee030cba
cd1bfd13
3343fce6
d6ff13fc
1eece70b
e320dde9
07f82527
0fbb210b
b7dc1115
fa0c1f19
f6110713
ffd3eb04
0a29e21b
ffc6e2f2
0dfb1116
a6ed16f8
41c607ad
f5e1dcf6
f5f00800
1d0e09da
1a2a0d08
d418020a
ef21100c
d7134218
51e7f8dd
4800ea11
ed02f2da
fb01f7e8
ec0220f8
33fd19ed
f2082807
d4191cd8
180e3ccf
2ee1fdda
faf1f011
15051311
04f3f213
15edf7f6
42091f09
cdf813f4
0df511ba
f41cf7fb
0008dcdf
d6f3edf9
44092dfb
0b0edc05
f80f040a
21f307e2
1010296e
32e6fcbe
faf6f923
ca0b120f
11da22f4
241e0311
f9d0eac8
0ff2d2ec
09ff0fa9
e205d504
d5ccfae4
f32f030f
1a17e9e9
021bf2ce
031001f8
e306f20a
1cc9dc1e
08eae31b
dedf0a38
10cdf405
360d1902
c421ec1f
f807dbef
f4e0d404
00f2f7be
ccf304d8
28c41e02
0aef16dd
f32d0803
b5010812
d7142be1
1c0009f6
bce7ea14
09f5eb1d
1b15f40f
0f17082c
f4dc01f7
06f30f62
f1da2a0a
0cedff34
2ef92429
0d10121b
0601f9f1
1c07f70b
0011ed00
e3d61c18
24514cee
53e3dde7
cf03e708
21f810e2
4bfe0122
ee08fff1
e50217ff
0e1aea04
f7f20906
4c49e7d2
2cdcf5a8
dd0b0b10
0bee1ded
3006effd
e4e500f6
031009f6
deea1e17
df01f222
f7260cf4
fa28eff7
e001e2fa
040c030b
1d04fbfe
12e2b4df
da1bc8f9
05eb1303
a60700f3
f3f6f00a
1f091f22
091cf327
ecf1e7ea
ddffd5e9
1426f010
f81f0bf6
eb190c0a
f10cf40e
ce260af8
fd08e9f6
10529df2
f90ce3db
edeac501
b4e2f835
e50aef36
0dd4daed
3f080120
fe01ff0c
fd2a020c
faf9ee02
e7fcf61e
aefd20da
e4fe209d
17f8c519
14f3ee0e
eb0f00e4
fae9e30a
04e9f6cf
e10f140e
e114ba13
fb36ef29
f1cdf9f9
0609e9f4
1afef2bd
e617461b
10da1a38
2fe332fa
0d07deda
0b30cadb
ceff090f
2214f807
1e051ddf
fbbef213
2c0fd902
f8012bb8
fced072c
0ff93217
d8cbf915
fedcfd2b
10e91019
0ecefaf6
d51706ee
d915f6c5
e6050af3
09e72900
44ef0712
d321fb28
0bf5e706
fdea1bf6
2f16f909
e917edec
e4ebc0d9
1dd2d9d1
cfd6edf9
f1cedefd
f102fadb
f0f9faee
dbf230f3
f7e0d52c
2c070712
0dde07ce
34210400
020dfa01
10f117f7
f91728e3
e304ef45
d207fecf
041512f0
3ff24622
efc619ce
0fea1009
fc111137
cf0016f3
1f05e6f4
de003a2e
f6eb8125
da200a34
ec1c49eb
e203f2d3
e2080403
e6f6ff15
24070149
f10d190f
14fac5fe
da1ac5e7
2be334e0
bfd9ea03
1cf11b60
da0bff05
fed31b08
d42efc15
dce5c334
17c8143e
fae7e1f7
39f1fbfb
1c031e31
181001f4
1420e00b
b5e000f9
21ff28f6
1e44e44d
0cc424df
f701ffdf
24fa06d7
1902ecf8
fe0c411e
121e4f0c
03c8ee09
ffea2502
ed4cfbcc
150603d9
2be8551b
051300ed
f6f022e1
2d26e626
260ed0e8
482311c6
ffffb410
f0effa3f
1e0a4516
e2f8f1f4
0703121f
ee24f92f
1de8e425
1f1a00fc
24fa3a51
e31405c1
81ffe562
2dfc1942
2004d5ff
b2f1f8f8
313dc127
27dc10ed
09c2ec03
12fd150e
e6e9fcf9
114ade1c
2203e621
0cdab9fc
fc0f21e6
edd6e62a
0e8418ed
c1e4cdde
13e640ce
f63204d7
e4041054
fce3e2f9
1ee61d15
ece436e8
e8e00c05
5a123604
a916ca2d
f3221ae2
f3e4cede
1c34cd0d
69e63348
3513f1d7
05f1e72c
353214fd
e7f525ff
220a0ff5
fafebbff
3830b500
e0fde3dc
d22e0451
28af1720
0d0fc807
d4fdfbca
eab821ff
ed23f0cb
22282918
080dcbe2
20081f07
f103dcfc
e9db1c26
fd3e1fc7
f1fe06ff
ffef02bb
11fff5f8
e8984cfe
60d9fed1
b7f4fe18
bc1ff22c
9253f70a
10c024d9
c9d7112d
d51afb10
2be934eb
14bfd623
0611ee52
23e2c91c
aef3a4e2
08f9ef37
01e70510
37f518f1
290704f5
18ebd301
c8e413df
22200700
1441faa4
1fb52c0b
f8e11531
d7f91e13
1da0f4fb
ed35f0fb
db111d0f
dff3e7f4
fa140cfc
de7703b1
093a7850
b0d7e3f8
fbea03e7
6c2b1a13
fd010108
48f20cfe
19f3ea29
070d32d5
0624f996
f3ff050a
e1eefbf2
0ef6fc91
2ad82609
fa0c0931
d01eeaf8
ec1a1cef
050c6c11
eb2be6be
ccb04400
2939defd
2fb6ff2c
1711dbd6
1739dc41
c41ee1d0
f8fd04ec
c51e05fd
38efa1e8
c585320a
ee03f3fb
1a1fc8ed
061809c0
ee1e6706
220af7e2
1c10cdf3
e00ed6dc
ea281304
d41704d1
18161008
d8fcd611
f6d8efe2
1cdc51ff
cce407c4
effaaad8
25efdff7
d9e6e818
e7effc03
f1140f15
d0ee0d2c
d2f0e6fa
04fdfdf7
ccf92de4
e507f2f7
2b1928f7
040a0d27
002b312e
4729060b
441a0d0f
36c3072d
05cbf007
2b02b793
e02113c8
0e0bf42d
e8f4ceea
07b70b01
11fd47c9
2ed4f8cc
1bf80b12
e03e17c8
f4a80d0b
3f3ee9e4
6919ead2
cc4606c8
0fecdc48
1e0f24c8
fe1ef9ef
b6d6bae7
0ff7fdc9
11f7f524
45b8f1f9
32322bf0
16357fe9
f50bbe04
66de1704
084c0f09
109eed21
01f919e1
e735e1dd
fe1b15dd
1de83c52
e006f60f
0605fec5
6506021f
eb1620d2
1d1ccf14
e9ae2fe7
15dc491b
23f4ddbe
10c502e8
f102f9bc
d0442f21
e6f90d22
38b326f6
670530ed
0a090001
f200e2c3
e5411a43
e6c406c3
c3e1f1ce
29f4d503
d7fbcb25
230c2e01
18d7dfdb
ef0c30ef
e0f5185c
2230432d
2fe01ff1
c1b4ece0
1af403f6
5900e2e3
da02eaf2
41f8c933
f116d943
0b083af1
3121fd3c
ecf81f25
3504e552
e509fa03
12e9ecef
e8f7f524
ee05e608
b536b10b
2dead50b
08f411d1
eafb2c20
1210eff3
fa1207fc
eb0120f9
cf2902ea
ce4bd3d6
d90de941
e8acd5cb
bf06fcfc
2a26b5fa
22ce15fc
f7e6fddf
072ce921
416bdad8
35301a2e
0d50f826
04fa94ee
0e10d62f
0105ebca
02f8d5d9
cfdf28d4
25e612f8
ce1ff90c
bfd50fad
d5f8f81f
2408101b
d4fa3b3c
d7e2261b
af1cc84d
ce1cde43
0df8d029
2819d429
e0e9e653
b0f8dc20
e9ca1ed2
08ecfc1d
c6e72602
3f212103
d42235fc
1c03f8e3
301fee17
c92c0edd
09661af6
271303b2
0ef90ed6
94b5e2e5
0a3d330f
1d3eff12
e9d8011a
0cafc315
e4101444
050d743c
3fb44e29
0bdafe35
0c22d126
101f39f2
ebee01c4
4420ef1e
d2f9162f
2102c534
00e222fb
c9d1df11
f5a54bb3
010929ec
c90225ce
f518ce0f
e4374e44
24051d15
b0e8da11
1203edef
98e5d624
7f0df867
ad11e805
49eebd28
edcd37cd
07f32f08
282ec20a
b0c9c202
acd3c7f6
0cc5e0cc
a5e6f326
af04e9b8
c85b2822
f80338df
29103142
d025d9ed
f5e51e4d
fff0e7fb
fa091ada
01d061f3
e6fe2fea
ec0d652c
1812fafc
fd12bbe7
07f9d326
53fcd51c
d2ecf1d9
1f00e309
23fcea26
06fe3933
c0f7d9e2
b5f6fef4
ef361c02
042209ea
300efbc3
ab2ae50f
f314e0d9
1e152f50
55382946
d734bdef
df0cbefa
f1f23216
0b1bfaf7
0bf8ea2c
badb440b
20fd25d6
2a0a0222
b5d7f508
ebdae115
1807fd39
f60d0921
032a32fd
341bbb06
04d7060f
fc0011ee
1cf4e6c6
3e02190d
5f0c291a
14dc3d08
db0e35e4
c4f0f9e3
17ef2e29
f8ac001f
eeebdcc1
abf9e2fa
f80e0d06
001e13f7
163be8e2
e2df2e34
db1206c5
0227c6e2
fce90cff
ecd313ec
39d1cd2f
c503121d
fbed19cc
100fe91a
e0f69b4f
af0338c8
56ec0904
2af3390c
1d080fe0
1b0bf542
d6d7432e
465506c5
f6e4e908
22e3c91b
24fc0a0e
fad70ddc
d10b201f
021719ed
0af8f7f0
c1e922dc
100afbe5
ebdcf7f5
d2ca2a14
e246f3ff
0cf3cc1d
00f2e1f2
16eed9e3
074dff13
f405d330
1e24fc0e
0d0a0dea
3ff9e9e7
fd2d3a31
d6050327
17ea15a6
13f2e31b
baea64eb
2b0b50f5
f7ecebf1
15c542d5
42661737
e1490bfa
edeb25d5
0dc6eede
f6f1fd05
c357edfd
f4ee00bf
fcf5fce4
60ca0ec7
0e041a20
18fdf4aa
01fd23f8
fff307d0
fd2c1701
f4be32fc
e6f3ed06
14df05e1
0fcb1507
41f419bb
e74c51e6
0909c70f
0ae3fa02
47f82c46
5ac91115
100800f8
fa552d01
6ff1e82d
ee212411
1be91119
15c81f4a
1be6c70b
a6fd5505
eca6fef2
70e9c9f8
d6f407fe
ea03daeb
31e51442
f1dde314
e8000f12
2cf2f7d1
06c6a7fa
eced25f7
0b010f1d
ec210d00
efeb14bc
2c291000
e8f112f1
97cf0ee4
1ddfd40f
1e16dc0d
ecf5f6ed
17ee3215
34f929b1
28d71639
df81cee1
e0c1ddeb
170df80c
42e2e30b
f0ccd115
24d40fd6
0cfc0fb7
32c1c5fc
11de24d5
05bb4c42
4815f919
291e2381
dc38f60a
3806efd7
cb17330c
dcbce7e0
30ffec26
0aeb30cd
9d3b02da
ca01b7f6
05274ef6
b02e1c37
e3021551
f4073757
24cbea1e
26bddc15
f5fe141a
34ec3008
fafa6212
c914071a
e4fc22f6
42b1fbfd
060ec01b
78e4ed39
381413f3
e106c5fb
32f601f9
be02f740
cdfafa0b
241df60f
fdef310d
b5f614fb
0aeff40a
e403d8f7
fe2a0b01
000d1302
0a19c1e7
132be021
0de0cb23
04e2f320
f729e21b
dc3700c3
04b9fdfb
d817312b
fb2debf9
cd110b13
f1b1b418
29f23912
09f9edbd
30f407fd
10b6141b
0017fb08
e809fa29
f9fc061f
feff13e2
3cd91016
fdd4f4dd
17da0819
f7fbbc15
3524d603
e22500fc
f5f3e0ef
2e340781
c817cc1c
ed1ce502
04021442
36e0fac8
ab12c227
0f40f2db
1818fee8
df483402
dc3e0b16
f613f7f8
20edd7cf
00190bba
d68604fc
091717d5
e4fd1620
6100fb03
e929c911
da0f0b03
d9000130
1b34da00
fd0403f1
e7e9a518
e3de0e88
d425260b
10f447e4
e51e08eb
9c0cebef
46d0e346
dd01e1e6
0a052422
f11405e0
16dd06ef
18165007
0a17001e
1cd5ef1e
4c5beeff
bf200f18
120cf817
cc01e5dd
c2f2be2f
1ffcd501
f5e2d848
f4e01505
0309fb00
03b2d7db
adf5435d
f6f4e3fa
b4d91325
012fef25
2de20006
252c0d15
39062404
dd0b7bf1
1800e8df
12e703fd
1129f9f0
cfccd9d7
00ede929
0318e534
eb10f3e5
31530df2
2938defa
0b9fef38
d21c03d5
e2f9e7e1
33db2f46
02062c22
12eae73a
9b3fbde1
cc36130f
09d21bf1
e0fe19df
05e80e0c
0421fcf5
e5e7ff38
44ecfc0b
e6da22e2
183d2c16
f3ece7f4
30f0020f
0f1eecdc
f7db150e
22f6051c
33ed2ff9
3681ddfd
f84c21f7
f1d5f23b
f1ebf612
f501d229
d71927e2
15ea0e23
d1fa2cf6
e620f7dd
12dcf841
e200392b
4b13df0b
2b13e720
08d3f716
fc06fee2
0710f6ff
05c2fb11
23eeebd7
1f161de6
2a3d20fc
d622f0f0
133839e0
d601143e
fe0e082d
16fe1d0f
1005302d
ebe31529
000afcf2
dc1df1e6
06f3fce3
12f31a0a
32060ef8
d55c1ffb
f6fff41b
d01d26c8
ed1cf1c8
ffd57f03
0d1dd6ff
0ffa1236
08f31ed8
0bf206f1
07f61907
06e011e6
bae41af9
18eec621
e8dd0102
d4281b33
1e272e0c
1c163c14
0106f408
db1ed5d9
aaaa1b06
11f50202
0a0ff1d9
04fd022f
28f35c24
19bbfe46
ef0305bd
db05dbef
e50eeb1c
e6b7f3fd
051f1d2a
3fde1cee
d30504cc
1454f3fd
1617bc12
08b3f496
26f804f1
b3c723d9
3d5c030f
100701da
0525dcc0
2f88c4f9
1f3bdeea
1ab0f1df
dafdf9dc
d80cbd1f
f01ce981
13ff15fc
1bb20416
05e1bd0d
2f1e131f
efcc0e2e
160a1701
d0154a02
dcdbf1eb
58e0f92e
e857ffcb
00becff2
04f4d929
ecd8fe01
f7ec4a16
10141750
1846081e
33ce1bf4
e4ee10e1
413823e7
19c04fe6
dee9154b
add90d0c
e10b09d2
caf816ef
d7212fdb
c83c20e5
20001fd4
b62ae0f6
0fdddf05
2a3e09f0
26fbf1ca
192313d5
fa0d1b05
0e1927d8
c347b113
0a1b03d8
e8d750fc
74211d07
04fb31ff
15d80608
81e805b6
db01e7f5
194230fd
ee11c9e0
f33f2850
c10556f1
ee2306f5
36be15fd
30f1ede7
03ef342a
20e11c09
08fcdd13
fae720fe
c7287805
e8080d13
01f00f50
1719f724
f67fdfcb
34f52510
4613fc3e
ed070b4e
39e61a01
dc15f209
edfd13f8
f9e2f2f5
d51b1eea
12222306
047fa5cd
fb47f40d
eaf7f0ef
d80aee0a
07c5ef48
e8120bef
0ac1d5ed
1f311217
f5fcc8d1
fec9fc56
09dbc707
f122eb13
b233f30e
09faffde
ecdb2369
1df9322b
4d0114e5
12cbb30e
f0fbee0a
133bf73f
32261e31
1138fadb
f5ff14cf
09a7feff
e0c125ad
1e3adbde
1df3fb05
16faee0a
ef4512f3
e114d646
d16afd1b
c4ff412b
273712e7
fbea2d13
18eb29f3
34a7dce5
c8b022ff
20eb0eda
de0007d1
c80d29ef
05752403
293a192e
03f205d5
07330cb7
a90d1209
fde30435
fed5d402
2819efff
fa91e4f6
db0300e4
e6eff1f2
26fd0ef4
c81e0f21
fc31ee04
f3ef1e3a
12e5bf07
1230f9d9
334331ed
ef201dfb
eff5d6eb
04f32a4c
ded8022b
1b07e50a
142e37f4
f9acd9e7
1144a7e1
d91318d3
d4bec130
fff2ffda
5255efea
bd1dbe20
3658d1ff
f9eccefe
eefd12e6
db12fa09
2cd7e1e5
fd30ff5f
af1c37ef
0ca117d8
f6fd020d
330e17fc
0b1006ff
ebf31df6
e2e0ef03
0be73020
2b381afb
f00ce109
01e91d02
2afa2120
f2000229
cd01d119
e8aef90a
2ef30e43
e6fa0bb7
da190998
16d235e1
11fd1df5
f9fd1a14
12f11f24
ecfadfe9
37171af9
30db0ace
1d000810
dfef220b
fac7d60a
e3f915f2
ef38c833
2e0fc9fe
1935f719
180b0007
dc5a22e8
bc50f714
3fcce738
011c1508
c700e00b
66240006
0ed7ddfe
fddefafc
c6f51921
e80f1e06
1202f914
fde4d501
f20923e1
f6371b3b
c8d4f2e0
2ae8f1de
1bfa3be6
ca201300
ebe410e5
03f2cff1
a10cf10c
eae6ac18
1c270010
db0aec11
1e072722
0fc3e7fc
1a48f928
d9c0dbb8
ef042b08
00040516
9ff42de8
24ebecdf
10db0928
1134f61b
e3130f1a
dad4e80f
0ce2d0d7
dd0a22f8
2cc626c7
f4c60110
f9bfe8fc
ea0f06df
2ff9ddeb
19d4831f
cbe09eeb
0319da1a
2fede0b9
131ef524
cf45d7df
75fc1516
d6d0b4f9
0702de1d
efe35602
effc41fd
2106e11f
e60304be
33f2b7e5
a9e225f5
17077707
e0f9dc2e
57f6fc04
e013eb04
031afe25
d0b90904
06f3e3ee
f1f710e0
0416c2c2
112804d7
def7f7fd
1e0ddefe
100fffe1
e12cfd33
20fcd8ce
53060f03
f6ccfbe4
1533db2c
d2d460f2
251ae720
f8283112
b7f902fc
04dbd724
cafc2a10
1e01ea3d
ef1404eb
ff0ef905
0529ecf1
31c213c7
e50111c2
544dd235
e5a93627
16f2e605
201c50e4
b5e9d50a
edd3e1e8
14d0ff0d
d12d0f22
0408ecd6
26cb3408
e6e8082c
dcf7186c
b318e11d
2015820f
f422e5ec
ffde0031
0a43c72c
9f6907dc
f216f11c
08dfd4e0
f02bf301
1d382d1a
2218ebf7
d2060ef1
0dd8ee23
fd435eed
da340ae8
120ffe09
f7efbff4
16f8f643
b3f81643
10fbffef
19d2e715
1099fc05
29c834d2
0de32bdd
f5e4eabf
20d81821
f4f10606
d61ef30a
e32e1bc7
ab400719
1218f02a
02cf03ff
520fe11f
02ffbb1c
331d2d2c
fde9edd2
d5d0f2ae
072d034b
30e1fc15
01de0de4
dfe42301
e9f5fb00
ffd53db7
06f9fafe
17f8cbec
dc0206dd
0d2fe543
fe182934
44feee0d
13e4c648
39cf0dfc
231ffb14
140fcb1c
02ff29f8
f414fa02
2a3740ec
38d4c206
06ebd0d1
f6d80dd7
b329e4d9
1530face
f12bdad9
070ebf0a
042f32ee
f5fd0ae5
da4c22a5
632329fe
f5051421
b6f719c0
2111ea09
daf11aea
2c52f5c9
3f342d0a
0c0ec3d2
95fe02d4
f1393419
c8d7e301
fe1df5d2
07e055e5
1216e6a2
dc2e11f0
090a932c
2c15d5a9
f6e50458
0cdb17c6
4edcedf3
03d000d6
36d41dcd
50dc0a03
0528eae5
38fe1f0a
d714fefd
0743d4e7
d816f20d
defefdf6
93a3082e
25f40a1c
d80ce4c5
e8f0111e
b6fa132b
e310464b
05050bde
39fa041a
f3e8e823
19b4dff4
11e80501
e8163802
0bf2efaf
ecebd016
e6e435ef
16d6ce07
e1c605fc
d7f9eff6
f248f133
01ece517
e4fee904
57011124
b9f4c649
0ff80228
cf411d10
0eeb19f8
18f0b1f6
aae10103
b3160118
22e80dec
d9472a5d
0bfefdbf
2d1fdaec
b3fb1ad8
f42734db
ddd8fbc3
3e0fd7c3
e73a8114
0002ea3b
2110cbb6
43030528
dc19f211
f7a9d8be
063b10b7
630a03dd
fc0b2107
4eefec22
07efbcda
ea069e05
22d20a0f
f82814fe
d8d007da
30ed07f1
2613f210
0869e6bc
f207e2f0
cb03dc12
e6061414
2f17d1e3
c424f203
26cd1ae8
e8d6dca1
1461f3fb
10e51eca
1d090812
f2372409
25191f2e
e0ed1123
f3fe0ffd
3deed4e6
130b34ea
390cd302
0796d2b8
3a11ffd4
043235f0
2e2ee7f8
5fc9fee3
a9b6883e
d6dee33c
0918f43e
33e223ee
10fd1b3a
4c10081e
e908442a
e609ec1c
0a1d1be7
c5e6ede9
fd4308ab
612949d7
aadfe63e
16c4f8ee
0f07391b
f6401f11
36b305f7
180b32fe
36f8ea14
07f23302
390521f0
4de7f8bd
dadd3eda
13e50fc5
d3f1d30c
f9645510
c1f50cef
e4e4f0e8
14000e01
34f7eb50
8b7f1410
3ef5030d
f22ed530
22e918e4
ec05171d
d4fc0acc
da2fe9ec
0bf72004
c30bf93b
86fae9f6
21d4f9d1
1fc1f31b
d8d903f1
052417f5
dc295cee
2b3be2c2
183c0a00
d80506d6
0100eb0e
0cfe33e3
05ec0ac1
d7003681
f8ecdc1b
f5e8fa29
0a410e0d
37d414c4
0a1bccfc
3349f8ee
f8e719d2
0bd0edfd
12cdeaff
51e9f70b
edf7e907
0ef4eea9
e8e8faeb
c1f9cce5
11fe4b28
db2b16d4
24b5dcf9
0c46ea23
09810e1c
d606eec6
2edce55e
0e53eb04
07043a37
00e2fdf8
341ae5fb
fe22c901
2f60d706
0cf40cfd
31e8dbfa
ce160881
e80bb6bd
02e100c2
092108de
e5df50d9
ded2d6e6
e0e31111
2d1024f0
112626de
fdef1601
0125ddeb
c30bf1e7
cb13fe20
ecfffae1
f0f10d3b
3614002f
fefd7f02
f9fce109
ebc32ed5
2dff2305
e6efda20
203205e7
09f2e507
5fe7aed4
e123efdb
1e124f3f
e8dcfc1f
060517f9
3d1cd20e
ec3de80b
f6e3d3ca
3f0104de
18f41d1a
1f32d8f8
e806e9fc
d5ea2efd
0ce7f2ea
d5e60e0b
fd080cc9
edd220c2
2238ed1c
201ff10b
2ae33b0c
122504f0
ff14de47
4cf7e70e
af290cd4
c7c5dca7
f72cf208
fdffed03
21fd19ee
d8fa28e9
1db4f9fa
6835e40a
c623ff59
c5131ee9
1d2fe9f9
3e13e6c4
bd24e600
24111ada
4cfbd316
181507cf
d00ee100
f6d41bf0
d69eeccf
0b1ec722
1a1b1efd
e1040118
2bf4e516
f6d9cd15
35241704
10cce524
e8d41711
0143c803
09db06cd
e335483c
e6f7cb27
0bf8fb04
0cc914e3
3ec21308
96bd1d16
2ae1ccf6
e6fbf401
1ae507af
d6c9fe40
09e1f31a
e4f40106
b31f0fd2
eda60308
140ad7d0
0cd4eeea
d7e5fa02
5d1dde0a
2d021bc8
1113ece8
180240f2
f8dd1615
0016fd07
09dcce15
bf45f8f8
02baf4ec
f32af7f5
45ccebf9
2b180dd4
291613d7
2c0ed334
10fbb638
2ce5d9dc
ff7fe1cc
d74a3804
014af73d
4a2b5204
1108f61d
161801ea
1a082710
020af80f
d619fe31
2705e0f4
c3dbd437
02c6ad1d
f2a8fd50
f1fb2df1
e82be8eb
065d2ef6
010be311
1c0a09f3
3cdcedf0
c508bf25
f71c042d
eb07fcf1
2aca07ff
cd931ed8
050d4aff
e41c4b36
1adb1437
35eab1b9
11c93ff5
2624e0cd
0b100001
172e8d03
6efefaed
e634fe9b
ea0a0ee7
4c28d9eb
5bcde1ed
fd0e1bec
d31d03f2
4deb1626
cc393506
2100e6ea
db09f1ce
1a12cae7
c9a709e1
23028bec
04e409d8
e542e70b
4823273f
d010f210
043405de
3428d12a
050438d4
15f0090d
d7297ff9
38e11ac3
2ef20cbb
11171fee
00d9d2e2
07ea4b78
18453019
000af5ff
fddad0ec
b7c14129
ccca0cf8
c8d3e9e9
0e28f3f7
2f31f9ed
019fdaa7
1af3d328
decd2802
8f22d8fb
e952d6ec
e8d51a10
2a32f827
1e200c18
dddbf023
34f9a416
f1eb1dbb
fcbbebfc
f732321d
1ff32a03
c0fcdedd
dfd7d025
1dc82ddc
fbf9550b
0dde3035
fc17f31b
3c051eda
16f2fd0f
fadee6d7
e4f8e52f
372a12e1
1f2b0e15
fc58c6e9
0b14cbf3
f6f10ff3
f4fee92e
d71c1b06
e31f2f17
15120c2f
3f051d46
02073f1e
ee3be8f5
081ce0f1
38c7ca3d
07031ae0
f7e6eae3
ee0bf61b
d6fa21dd
ce00ff16
e90013da
46d6e60a
20e4081e
1e05fd28
05511ad5
0ab8bf59
0f00d2e7
320518f5
461abfbf
d71c42f6
d2ec1050
1f02f620
0efbfd17
2b36df1c
16213a17
c6db2513
01c73b07
28d0eaf1
f6ffdc54
1f0709db
ca1c027f
11edcba6
c7f34923
24de394f
b7ed03ee
d70c15e8
dcbbd8ea
49bdf50f
08dce2f4
ffe3c50c
27f0ba11
3c0807fb
27162f2f
f1e8ea04
3919f6cc
eb08119e
38022820
4a061445
f30d28a0
1ef6f504
f4302bc7
fffe61cc
fd48eceb
dfdbdfba
9b17fa14
f2071119
1a272a08
17e832d1
d01b4a07
ddece61f
fa5de2e5
33caf2c8
17c3f1e0
1be32607
f7e31c55
b4ee06de
b8ebd3de
0b25ae4c
b8f5d202
e5e9f10c
1754fbef
ed07c7d6
0ad6290a
3a17ff23
1804ca04
d4182050
38c41801
e2def664
0df7f81a
ee2b1bf8
110d6afc
19cb1abb
2c0510e0
0605dae4
1c09f7fe
f3f42f0f
faf5e807
e4f3060a
26ded4f6
e60facf0
ff1b1a0f
390e25b5
380a28be
d943e3fa
0cf20d29
1b1429f4
22d03d2c
ffb42c0e
e80d5800
1c182a0c
e0420e14
0bea17ce
210be33c
2e2bfe04
f10e9e0b
3e1a38c6
0dd1fdf4
eedfc707
f107f9df
c3f315ea
3bd734f2
d710f8f3
2617e3cf
1901f818
0541f1ec
e3d2b6e4
101f1c32
cacdedf5
0c19e0dd
dae3c1ed
d3f416e7
e1e24435
2a06dea4
e50c1576
d746d629
32e5f804
eee2e4f4
2de803f7
c91ffeda
39fe0a07
e8b742f9
d23e51ca
f0f50622
6ed410fa
250d19d8
21a72811
4c60dfe2
c6040c3c
d113c0dc
1b1602c2
2ff0141f
ebe000da
0d2604ea
13c001fd
d8ebfd37
f4010a07
ce0be70c
dcf9f652
b10e0015
19e4e5f3
f0ec32d7
590328f9
140d14b9
03e7263b
d550e015
77441f20
3616d6eb
eb2fee37
02431af3
8bd6eb0e
f8e5f400
d6101fe8
b114b4f1
d8fa31e2
eef5eff2
b3f008df
36f3eacb
1132311d
e8e22a14
f2e117f1
3a17d7d7
facf32ff
31b535e9
3e81fde1
0d1eeec7
0bf41502
17ff40fc
e0fcf327
46ec29fe
46f507ac
f448f323
eef0ddba
012620e0
29f61d2f
25f44e3e
e2070b06
ead1b907
10261406
ad0af91a
11f9e2fc
f9f7fff2
f0d0c4f9
7fed34fc
2df3e325
eba822c7
04081c28
cd0fef2a
312afc38
4827f2d3
0b2bfa08
1308e11e
32d70899
013ffecd
14df13f5
e4fb3cfd
cf122bfc
ee00e821
d5fecaff
5204c110
c4e6fdf1
270ef52d
0e0714e7
def924e3
6f1509f6
000204e1
a4030c0d
04d9eb01
34e3fcff
2428e40f
c5d1bcea
17ce0f2e
c0e4f614
da0c05ab
e50830ef
0bfaaf3a
df06ea2e
1f09091b
b7fb4e1d
d0c22d46
ad012001
0b1801b7
f91303d5
d7f3f61d
06f0ebee
df0ded01
d934fcb6
081f1bdf
e50d0034
f6fdaf53
c3f0ef11
fa0f0d17
00de1240
1eedf910
001832e5
d20337fa
18fadeff
dcf6cbe6
0e2a11e5
e109c807
07f30ff4
00cae0eb
ba38dff0
fcfc03f6
f1e10c17
08da49fc
1eea38df
211af3fd
e4cbec08
2e18bfec
d5d3e517
a6cd4f30
f222e7e6
f447f05f
b4e302ff
eb32fbf4
10fccf02
e8e8e621
27164613
cefe0c38
fdf40d09
d5d3ec9d
d608e1ee
59eac0e8
e8e008ea
1b13df2a
36e626df
212e1908
0e1c0615
12cf310e
06f11ef9
1d263afa
ee2730cf
dbfaf1ec
43f8d725
fef73303
f6eeeff5
0209f6c2
f6303201
ead6159f
eb3cdc02
23eee0e3
ee02ca87
ef290d11
17110d10
e1ebee38
0322d815
ecd7d4c8
17f03ac8
01d9d8e4
c11c3209
c426e908
efd90efb
dee314b7
080767e9
d9e9f7e2
b7e60ffd
57f518f8
2a0ea78a
f35b27da
19fc02f8
28131399
e0fce9f1
f8f4faab
06f104e2
1120bf39
280dff10
281deefa
210afcff
1608e1fe
22b4dff6
303708e4
ed0fe60f
31d814f5
29f2ff16
db150122
0bcad5dc
9c1611f8
bd26dbfd
0c0f27c8
e0e9e2da
d4060d0f
e42c4d3a
bcd10509
cdf203f8
13f3daf1
182b23f7
ff121a00
d8cd14e6
09db0a0c
323dd440
39fbf703
08e90f43
f8e6f8ef
d72cfbf6
0d013bed
13d5eadd
b20b19f9
bd111415
2dac1a13
f7ddfefe
bfe0fa33
f7ae3913
0b1b2609
db09f9cf
37fedde5
6f16101f
02f40a20
09e30919
d601e51e
05e821dd
e2f21d35
20f9051a
4bb7cff1
760f3ff3
e8f5e10a
e9220bf8
2002eec1
7f07d009
f8060629
c0e9f60b
f3ee393d
b3bec9f3
50ce0dee
0ef8f006
221c14f1
fe31f8ee
0feb0611
26f020df
ebdfdafb
2d02dec0
aaededf2
1ff6f5eb
fff2fed5
03f3ea01
02fff40b
edbd1af4
d115d433
3c0606de
dfea0cde
ccdbf1dc
32f7eff8
c5060a16
d3ed005b
e31a35df
eadef24a
e5040211
491e0be9
1520010a
2612ce0e
1fdef5ff
3eb81b05
e70b01e6
321be6d3
d7eaeac6
cdc8f818
cfeff4f3
2aeb00fa
3601021e
090a11eb
08fededf
0bf6c508
031e98f1
37f3deff
caeb1518
dcfff0e2
f1b72f08
e4f4b6f3
0410fa4e
190c3ed8
2217f2e4
5cfaf61a
330214e3
c8154f3f
083e2119
0deece17
2302011e
f20a04f8
25fd5d03
0debe919
37e70efd
dd250ff9
08f00b05
e21fa1de
2b29245f
af2c07f1
0efd4aeb
0419f312
d610112a
e5171dd3
21e6080a
d2e1dac4
00ef0c2c
ebf9cbdb
2de5fed0
0e2705dc
28fbeefb
0c0db528
380dca12
e716b41a
41dbff00
ebd90d23
0c28de21
f839dfe7
080b0408
0f16e4d8
f13c3019
1dd5290c
181ce0df
27a7fd08
1ff639f4
e1300a13
f225073d
f8c5beed
18ee2302
f4c80206
e03c06bb
191e4e1b
e118eae7
eafcfdd3
e712edd7
eecffee1
0536fc29
3d0c0517
de03f70a
f50ef10d
090e0e0b
1bd1f4de
0c12f8cb
ea2b0cc4
45ddfa05
17013423
d0164b35
0bf35bcb
e91032fb
ce11f9fd
0707050d
f7e008fb
eb2b20e7
efde3221
0cf630fe
9ceeed23
28c5f897
07f912fb
e723df1e
ca30341a
1af4ebf7
e4f5e8d3
170501a9
e9ca3aee
46b04b12
2218e2fc
2814ff07
00081721
cc0e3d01
da1811e2
e9ef0cfe
0118e129
77dd04ef
0bf5f100
e61e1209
eb1725d3
daa12eff
0f0d0633
cbe52e04
c912f004
c525f6e5
2d062320
d91d10e6
00af07f6
1c260b1c
e0dd33fc
1720f99f
9b1ed418
fee3eb2e
b119e312
eff9e623
5904cdf9
292cf827
f602a6c7
0639659b
dee1e105
28044c8b
cde7eee7
fae7d616
ee04faf0
58d21c0d
e915540c
1a2f0ad4
ee08f7f2
bc0e38a8
eee8dc08
5afc0703
3228d41c
e61a4803
cffccf18
0f7f1d3f
37d3ba01
14513aee
0ddc1301
11240429
5be927fd
36d007ed
cbd3f221
eae3b1b0
fb1120f7
7f8822d0
f92e05f4
5d1afbe3
f7ece6dc
f6cd1a1f
b405111c
130256e0
5f124bf6
f6f301f0
eae8d8ef
d60c1812
1edde302
26bff2fb
32f2eebf
142b0eee
e3db54ed
fff5f1fd
3dffde0d
f421f2cb
f612f5ce
27fb1efc
2900d30e
e11c2d91
0456d7cf
9a08ff34
e8d803e3
d4250c1f
f2f7fb1a
d1dac0f5
07ddc481
1fb0e714
3debd60d
1b02ef17
eef30a10
0423eb41
faf9d00c
eedb1b11
f0f1a5cb
e2ef25dc
d423e7e9
bb11dead
0ff7f82e
520a0207
2df508f1
08fee810
f800f33c
0ffe08f0
d82a19ff
012c2b06
98cf3625
fccc3006
eccfdd15
1600d1ce
da11ee06
ff362414
dfd2e4f7
f1c5ee27
330c5228
3f36c9e2
03fc03d8
06e8f506
131feb11
0806e311
07e80909
03190ef3
f323fc12
d3f903d1
fa2d05af
f314022d
dff106f8
220412dc
d5122832
1aea08f5
0b0fee0d
011ae742
1ce6dbfb
f3ffb625
0af20513
f7ff2d15
1a1927fc
023fcdf7
ecf2f2f8
f730ff1a
da24fbe8
ffc21aef
d2cf03e1
4afddd04
de452418
f53a0f05
e227fa0e
2ae6bdf9
21ee2b03
0506f4ef
cfd112e0
18f22715
11fa0f2f
0d072015
18190c0a
04d1e1f1
f82cf6fd
f516caf1
ce04fa15
12f52512
bbebef16
0fe1faf1
05e5fa07
ec0ce457
160a11f1
3113e401
b1f6ffd4
173f400a
2ded2c05
1c030d20
f2d2e9fd
b72728dc
0e0bc5f6
0bf1f764
c706063b
f2cd20e3
fc1324f2
fbd90f59
03281309
f7121006
162913ea
cd0843e3
0ef8ee20
dbef0cff
052df6f2
0a00f8eb
e4143235
ed1d3851
1be5c90e
f11629f8
1fc6e628
fdc10ee1
1323f7b3
dcbc171b
4e08def4
3bf3fd3f
0def2d11
0203def9
dafd0738
e0e40c05
1b36f105
cab90236
deed0ff9
d5ecfd2a
fc1310fe
05faf1e4
0df2f81d
e20a0002
220af424
f505dbd9
060a1d25
03c9073a
e8ef0f0d
e6120622
afe9181f
e20c02ed
271808d9
06dee8f0
1edf0531
e22c0727
0457001f
f2dd1bfa
2ff700cc
12f6d6f9
153c1f21
eb240509
dccb2fdd
ef3ddeef
f70e2133
14c30302
0afcefc3
c9fedc04
f52dff11
e2fa00eb
fb06f818
22f4e9ee
0ce71e1e
f419dddc
01d0fcdf
22181d1f
d42dc000
f20e16ae
ce0c11bf
f4dfe13f
280231e1
fc3001fd
252a13fe
ef03fe14
141df51c
19c0e8ea
e321cef4
3cc5f9ca
fdf613f1
fc0ce6f2
0bf31507
ddff7f11
bed50231
19c3dd03
280ad918
07e7e3f5
14f4dece
eced01f9
2b12f916
d7140901
efdae2f5
eaf4fc3b
03dcfb09
ef28e92b
e60c4fff
22f5f0f3
f8ee0af1
2609f2d7
0912f505
0e4914f7
dbaf81f8
f70916e8
ec1f0327
d9ccf9e2
22abfcfd
cb22fd10
e5422be1
19e51612
ff030d30
fccc270a
ed0ef30e
ecc8f40e
3ff4f7dd
03e9a80e
0fe4f8e2
f5e9f79d
1a07e2f6
fd05d239
054512f0
f4cde002
3ed9f1df
9fed11f4
e91711e5
f92cf25e
24f8f6fe
3800d709
030a10eb
de10d2b9
280bf3fc
081a0602
12ff3adc
f3f80bec
f2e8c6e8
ff16431b
f9df021f
eae3240f
15cd0f0c
fa0924b8
50ed3a06
03320a00
cbcc42f7
b7f40dd3
f42b0304
f81ef4f9
ade205d4
f4dc13fe
ffcfb71c
ee19f5dd
f3eae01b
0419050b
eff8eb19
e7f615d0
29e9002b
24e5df20
e7fc0ef7
fef2ea24
e0d5f2cf
e80429e1
ff2206e8
14131210
2734fc31
010e2e0e
a8e60f04
f03700b5
3c0925fa
14d6e90c
1005f7f5
11efbcc5
09f4ff21
e9d30313
271326f9
04dbf283
ed09f3ee
091127d6
22fcefe5
0f0beb0f
23df0037
0b0ef0d9
331ddbe4
e318a314
03e3ec0f
dddb01ff
efcdbdf0
ece53604
330c0007
f0ee1506
36eb2b13
17fefb2c
eb15fddf
bcfc0817
e1c2f519
d911d2c8
b7481afb
ffe92de1
191931e4
d9caf801
dbc120e9
f2061328
28e82e06
e7491ad8
e7ebedf7
f2b3ccce
f9061901
d13df4f5
30faf1f4
ffd8eff5
08fa0de9
f302e325
edb3001f
122501e6
c705f622
29a4daf3
1de03313
81b8cb08
ef0d0ef1
1213ebe4
3edcfb00
32fa4609
0608a2eb
fe0d09c8
c9f2e4f9
a6efeec6
0af41f2a
fb0f22e6
eabdeb2d
ea12b1ff
e1000b2a
1221eff7
020d260b
f813f3e2
f73c12fa
0adb41f5
d3fbff15
2ad91228
d8f5fbe7
faed1d1a
e32916ee
2dff040f
fd48e144
0a1f1cdd
efc90023
ef324b36
1d0ac9e9
3c3afeea
f8b910fd
332becef
221de30c
e34e08f3
efd0041a
2fe6eef3
021127cc
ea050bec
01fe0731
d8d0fce0
ee3af40a
0fe2ffe9
fb2bed21
cffa04f4
0022dd1b
439ae21a
ede9e3e2
16a6bffb
230303df
ea04effd
e2eed2ed
fc0bfb03
f9f809df
e4270c1f
ec0cc10b
f0f3d8de
03221f01
0008fb31
c8e30727
d64604f0
474ed6d2
01e81414
ebec27fc
1412f1d6
cc4a0afc
fae31d07
3efd0c02
e6daf0f3
194f10fe
4b670fa9
e9b6f041
0ef128f2
1219ceab
0703f9ba
a020ffdc
ebd24c03
0bdfcfd2
2ae702de
d6ed370c
9ef122b5
e9e3f301
f52a0937
eb280102
4109ded2
3510dafd
0bee0ec0
f5f746fa
2615bd05
09e2141d
ed333ef7
4041032f
25363ffd
2c15fe06
ecebd6d1
0507d8e5
13d3ca38
09e6a425
00e708fe
e30ce9e4
fad11be9
ce011d1e
f22e0a2c
e3dd10ea
b8ceae14
0df8d0fb
1cc5071a
281a0cb9
f7c2f4fd
11ce0437
e24c0dde
ffbff9eb
0f111ff9
fa0441fe
f7ed0f23
b8fe0cd6
e713de19
031503e3
15d5ee1a
13290908
22d981de
0ce4c009
f33708e1
14c6fe12
230e2013
1d17ef17
f8cceae7
0f09fd03
2af4f7d5
204bc811
24d703b3
d81215e3
1b070922
02f0fce8
d7cb20d4
c2a8e405
23052724
db0d1000
0f02fb0f
4c3c08fd
0f2b29bd
18273006
dedd16e9
f4f6bbe4
0e17f709
19c827e9
fcff3002
ecea0bc6
0a0e2a19
d904e5e2
fddd4303
1cc6cd01
065cebc6
1017160d
01ebf414
f6040fd8
13f42812
0bfcf5fb
f00112b8
2d02062b
c80204fa
12dfdc0b
2d4332f3
f3c2dfd7
fa06d2fa
f8f3f0ff
1efd0ade
ede4de16
2fdce897
04f003da
f8ffe006
e1f5052a
3dd41c04
241a27cf
31e8f80c
0bfafaf8
f913e412
ffd441f6
13f1f6f8
eaf20a72
25f5c012
c1edf508
fdf38106
c2f7d1e2
1ae7fded
e21a18f4
160fe60b
e206030e
05c2780c
003e35f8
ea3cfded
f717ecf3
143c1af0
e7fdfd4f
e117f820
cde1f2d7
1e431140
dc3c2a15
1f2e10f5
052fe1ec
caff0dbe
060b0402
e800fc04
2722ffdd
1d093413
fd2018e5
fc1aebf8
c625c021
334313f5
e11ff709
0e3dd505
110c10f3
e10b1df3
e8e9e0e8
35c706e9
fdf6f9ff
3f023ceb
07ece93e
11d81326
27ff121f
eabbcbb7
d3e5f4f0
f6241e58
e5dd78fb
04e6cecd
f931382d
05e4dee1
14f90d3d
e8beffff
201d24cf
fb0c0259
d80e4ae6
1407d206
e8f9f810
17dc0dfc
f0f507f3
ecc2e907
e9f5f615
d9e700f5
01efe009
d6f3e6f8
23f7fef6
e90cf7fb
ddc16ffa
0d0bdac7
ff031314
014818ff
391814c8
09f10004
d0df0dea
fcfddf49
631811d6
02d5108e
fddde5d8
f512070c
f237ece5
c60f170b
d8f5e201
05e8243a
f9d166fb
f11416ef
eb08150d
e7d41225
1ae4f728
10212ff8
e9e521fc
03e8e0fb
05a11d34
bf261feb
ecead2e2
14ed0e16
fb30031a
f6eedf17
15cdebec
ffe7d8f4
fe01fe0e
eafcf860
06103212
e2c7090d
071ef73d
1c0b0aef
e90bf013
ede91713
dfeb7ff6
4a04f334
0218f122
112001fd
fcf5e5f5
fcfb00c5
f111f702
ec36fea5
d3dea33a
fbea1c13
b7030cfc
2d031d3b
08d3ed13
0def14f1
1ae7dd20
27e5f87f
0ee30502
d4071d10
2221e6d3
f41902b4
0b0af90c
27c8e3f5
030c1209
c8d51afd
3cda25d7
d908e7d7
0a151989
08fffd00
ecfc0e3f
e2d4ecee
f8e82807
1613f004
150ce00a
bba21510
cbc002f6
e34211e3
d14bfbf0
e1cdd9f9
e50fe9ed
15d40ecd
02f11517
dbdf0121
3f110802
dfeafc57
09cf1ce7
fadc0815
ce0f1b08
0a01d2e4
36084d1a
9061e431
1327d3c4
12fc0741
d5141ef6
1eddd0e4
260ddef7
f6e8d8e9
f21efb16
100120cc
ff1ef94e
ebf1102d
13330b4c
3afddfdf
fa0e080c
f1e6f331
15fbb7c8
fed91bec
f0c81be2
e8030504
feede0da
03fbe812
f904f940
e8cfea08
e5d71ef7
36170d23
d8fee5e0
f1140c18
f9e503fb
0c1320f2
f01b1e35
19e7e713
f781ead0
1922f9ca
2610d7d0
1d01ff43
f70e19bb
2ddde301
0509f5e5
e3f13f50
0ef9cadc
0226fde9
1014f4ed
0431f49f
e3e1c9fc
ffaa05df
e7e8fb04
1a03510f
151e5aed
f211002c
06eb1bd9
15da0204
181cefd3
24d0e4fe
18f5431c
0b14fb0f
fdecdbd5
e32128ca
c513253e
2fe1eed1
14ff43a7
f3ff0dc4
2ad61b11
08fcf1ea
fb24ef0a
26b2114c
b4f8e7e0
f2410c0e
0a08311e
fb15fdd8
03eae9ce
e9010b4a
ed22c3e8
28ec28ca
f12dffd6
ead2feea
1df5d102
370cd4d7
f1ff3b37
0de11e10
e9dc97fd
3c2cce71
e31601dc
d8eb05ec
f25fe8e0
f121fee2
11daf40d
1deb0805
06ee8c59
30dcfbc1
0f0b1e0c
d8c00733
ecd03c03
17ce29ec
edf5da05
05e80ef6
22edc7d4
ddfe0ce1
150608eb
1563f892
d5f02e05
faeb0617
0dffcf05
15fbc4de
fd514405
fab31d2b
39e3e608
fe0b1004
f2f2130d
02d4e307
17e7da32
181a0f2f
3315e602
2823e6d9
e5c600ea
01be1204
22d1f8f1
23e5321d
f2f4fa1d
dae9e8e0
ffe6f6ed
e919f6ca
d5f6e0fe
f20eeeeb
260b28fd
f41538f9
f31fd3e2
f3f30d14
f9e029f3
200be7c8
1b220d29
17fffeff
d5d6f315
e9150cde
f12428ea
0bd9df37
e2e3bdfc
fd29f7fa
10d00ae5
3ecbf8f5
e8d10725
ef11f1b1
0b0a2008
150b1d10
e9f0f1fd
3110d314
2db2dec0
00edfb12
de17daec
d91c060a
ddd1faf6
180ae80a
c6fbb1d0
0809f3e3
ebe3d617
fb8df636
02ebb20b
def2e41c
f3fff307
d50c1df4
f610c63b
d3faf12f
f7e9fcfb
fe070910
dfcf081e
3208e2e6
fad2efef
f732fb00
05e149ff
0efdd441
10e0f810
33f90f0a
24dd350e
fde0f11c
19f6fffe
08c00c2c
b7ee0eee
d4efd90f
f8e71ffe
1614f5fb
051032f9
e613f3c5
f5fedd38
b9f2fe19
09ccc4f7
b621e40d
ff29e7f2
d21213e2
22ee0ff7
b810dc0b
e4f423dc
b6faf929
cd0621ec
fdd0e7e3
26b9d000
dfd201f7
bf22f922
e8df1841
d0ecfd28
fdf52610
0024a909
1ec6c60f
b9e2e6fb
1df4fe2d
0112dfcd
f61d39ee
e1e0db09
e01f05e5
bd2055c6
d818ed0b
fc07010b
d2fd0ef2
e0091011
f4ef010e
0afeeee9
f9e7fb0e
050a0119
1701db23
eac2fa05
483501fc
192bd7d7
f8e42637
06f8063d
df39d13f
1a1ee215
ec3af1fc
381fd70c
0fbc0512
f70910ad
1e211314
eef715e7
fa2707ef
162efeea
22e6f693
11160de8
e109fd26
151ef0fe
e8f9deb7
07f01df7
0d1bea15
d90dd017
140f2529
02062cda
16fd06f3
d2520e23
2b3d1f0c
d119170b
0f0d04f0
f8f236fb
03f204cc
0312ed24
f8ea120f
1cf1270f
4d12f625
d0d1ff12
d6da2f12
1c091e28
e8ff5e21
14f5e8e7
e2c6ed36
08ef1e02
4b0b1aef
d2f511f1
e8ffeee7
d81a052c
d7d512b5
e311ecbb
f3faf4fc
38b106c1
1706d002
0bd0fc11
ede209ff
f90b0c3b
c8fc01c4
2a202e0d
fbf1fdc8
f70df71e
dc1c2714
ebf31ce3
ef0edd38
de41c5fb
0b25e726
07d0ff51
0e0c0f11
faf11ae9
faffdf18
e6e5ff13
d3e922de
0812eafb
0719eac3
eb0a3ded
3d3cfdde
e41afa08
dc010605
e9e1fc18
e315f026
19224464
0c06f735
d67fffe4
f7d70df1
04d11cf9
2af305fc
dce2f91e
15d70500
0e1600ec
18ef0b31
10cc0eaa
1244f31a
f7fd0c11
fd4bc6e4
12ea0706
00f108ea
0924d1db
0bf90720
2af8d629
06cae821
fefcda06
e7ead5c6
02ea370c
e706ea0e
faf328f1
123407c1
f703f2ba
0ce70800
3b4cd9e5
fed3d909
e8d62d00
fad8f12c
f4ed5109
30fc2ec4
02dce9cf
fde2f3a9
11033429
f3f32426
f1f90304
e50b0ecb
06e1dcf8
e40d3c17
0c34f9e6
c937fc04
222204d3
ece3ffee
27c71940
dbd9fc10
fa0c0eea
d4d1e7fb
2400f820
2efd02fa
301415f6
21e5f722
faff21f8
fe09fedf
3f1b19dd
edce032e
fb330225
ec57f8ee
2ae8dd13
e0121cdf
2a1ffadf
ff0f0443
eb0c321e
26d4df56
e0c5dec9
1be3121a
01cdd18c
07e50bf1
e2f4060f
fee1190b
f702da30
230ef0f5
301119c4
f1f9f508
23173300
ef21c502
110220fc
f6280c36
01f3c7f2
06fdf214
de06d1fa
f6f1fe11
fccede08
0610fbf7
e81bd001
1826e5e5
e7f22e15
e506bff3
ad061900
eb021228
e6ddeb06
2c4600f0
de0af804
08470fe7
f4dbc517
31d50bc4
f001feff
d217fbf1
030c09d6
1e3030dd
f319ed12
141f1bfa
10f67420
4dc8ddf9
1ff71ceb
08d6f80e
04f352e1
d119f6d1
1bedbbfa
2d271321
cdeb7ac4
230156db
be2c25f7
30f80ff2
1a0c1519
c3c60b04
fccee4f1
191df652
12ed03f9
31974d07
2b2413da
271af6e3
f5e3ee23
152ae919
22080b1c
ee0ff15b
ece3f439
812f46ee
d5f9f3c3
f88d051f
deb0ffe9
dade8e22
1757bbfb
f2de02f0
e50f10dc
27e544d3
f3d2e363
4fff4031
f43422e9
112f2922
f81eeb3c
098109eb
075805dc
f722f418
c0431927
fdda1712
020e09ed
f8f747d4
2b330410
f2f6dbf1
ce0ff623
5fd3e8a9
130cc2f3
0001f4fa
e41bf6ff
c90a37f4
f0cb1bfe
2bf0cb02
ea2300fe
22e8ec01
dd17f320
afbbfe00
16061afb
24d8f8d1
fb5725f8
c9f208d1
10210ce9
f5eb181e
27e7190e
0901d054
f7372c00
0c36e1e4
1feae812
f70c08c3
c5c71138
f0e6b3fd
dcbb81e3
b8070905
dc0e3dad
1459253e
10d80020
09e1ec22
bf450def
1fc51a0b
2fd50419
f6d9f5f1
b526d0fa
0524f718
14f11af2
ecb3cbf5
f5220a2f
3c3bee27
d706eaf8
6133e1da
b1dc0716
f818de18
0edc3a14
00d9f1c7
16050514
2de1fd0f
2837f603
d133070c
08ee0a36
bf1012de
ef062c23
f004facb
3aeaf64b
08e41314
4e0dbef0
f72706ed
050735f9
1c035fcf
efe43995
eac7ffee
f9ea01d1
e46df309
160d13a8
f0aa06c5
c020fb48
1cdf114e
ffecf3f9
f8dbefd9
abe502f1
0e0df8e1
e7fc0f1c
ec35e0e4
f0272428
d7eccc39
0ed52c15
1df00f1d
30cafbd1
faf1e401
01cabac3
ffd4f501
2d0a30f6
07174ff0
cf0f4f7f
01f91a09
f0080b3d
0f024f30
f8fd201d
ba371408
e42a21d2
b5f5d63f
ceb9d5a3
ec11c91f
e310f124
071307d4
2a203b66
f2420b14
1c47ea06
1379e70f
0696f7e3
070dedfe
eff71216
0dd5eb13
0a0be0d5
cdc7f328
d92b3103
2fe0da7f
0bafd619
ffcc2b07
c4061106
ad14fdb1
d6fdb1bf
4a16082e
35d6d804
4ec20537
e9aeffd7
d9d6e7cc
f022eb0c
ff5c2407
d9e903fd
31fbfa6b
1ebc20d7
bc05fda3
f71a1107
02264f97
fac1efee
1e0f4a1e
ef0a0db2
0e0bdc11
24e51b12
e4fb141d
ff2dfd05
4ab9f3e1
14f0eb0c
25d9e4f9
d9d004ff
a8fcfc2a
2ff0f6ed
9609f3ca
15f6e8ee
e71cebf4
dcedde05
39041120
ed0dd2c7
fddb0fa0
eaffbfef
53e5cd54
1adcf3e6
023a2af8
162bf406
0aec2330
e9644021
24c80335
1af51a12
380cba34
12670d1d
08e22522
ed4911f3
56d7f22e
b61909d7
ef2a179a
16c8db31
062bfcec
1f4713eb
e808c4dd
91c2f6d3
0f4eee03
600e0715
2235f018
6928f507
dad72819
ef7fbcd8
e6e107cf
e9df0fcd
2b00cdcf
cc1c360c
0fd8d8cd
2601e0ed
0221c536
e884f3e2
f32935bb
42fa1110
c90c25f2
35e7da0d
36521703
b4153410
d9fd381c
043bc4d1
ea1fe2d0
dde2dbc9
3deddd0d
f0391bee
1a5ef404
21e730ef
f005f3f9
140fd9f8
150833dd
271af10e
ca34e7ec
23cfc4e1
0624ce1f
38cac7ff
d248fbf7
08b32fdc
1d05da01
e11f050f
d3d23700
1a10cdf7
eff913ea
f0f8f5e9
2748fafc
eefffdf9
0df9fb12
21181926
dc15db39
000a0b08
f1a0d016
def2ce08
f7210c54
17213756
d5f20120
df470dfb
f619fcbe
e0d55413
db3003c8
33e0da4c
f2d7f5bc
d44defeb
e7161dcd
16f6f6d0
e957f2fa
2aeb2406
2101f7c7
ebfd5a26
d6f587ee
f3320ffe
080b10df
aefa099f
cdf3f0ec
8144b265
02ccf2d7
142b351c
f4f8c0a0
2ae326ec
f611e711
efcf00e5
fecdbe19
d71a0fec
1e3ef3b5
0d0f0609
0416ef58
f72c180e
eaed091c
1ee221bd
282ec726
fcf3fd09
17b70308
2d5edb13
bcd03dc0
032f37fe
f8272515
fae5f1d9
a6de1404
05c51502
d823f50b
d6dfc2d8
d31db22e
ffdae53f
e00d0ffa
10ed21fa
eceb27cb
2dafe123
db21e948
3b1cdb07
bae717dc
2736d910
2efce7c1
1ef3fc56
def1f73b
31051b1a
c90d17bd
df4b1634
f8ecab01
faef37e6
fabfe7b3
d0ea04e9
24d8f92b
0529fdd3
ae28c7e6
f7fcd30b
e1b26324
fea8c6e1
d5111142
f8d8067f
2f0608f9
f2e11b9e
c61af0fd
4c15ea13
fb9ce32e
e8eff00c
0c0cf722
e9db0bf1
eddc1ded
ebca171b
3232f8fa
f9fd4600
e1c2e830
1e36fbb3
03ac0c1b
e1e2ff2e
0fe00201
e41c0ef5
fb030dd8
5f9ffaea
1c33a7e2
022b39fc
0da0e2c7
de03f1bb
12c22ff9
b7fa1500
35f6defc
f30ada03
ffedbbe3
f206d8f6
0e081b20
de130449
1822fd34
ede087fd
ef7ae4c4
dc02af0f
2bb41d3c
05557310
c9de21a2
00ff04c0
f8f4df55
e7f52f0c
2fe2dc1c
afff0e25
8a2655e2
dfb81fe8
11d80de9
fed4120d
22f6f0b0
d4dcf9e1
33e001fc
d9caca23
e4270915
ebe204cc
09d7fcdd
113b12d0
06f14203
10fef320
0cb9ed1b
08ccdbc1
ef50d315
ec1fcde4
ecec24fa
def608d3
27d0d9f2
c30545e2
1ce7f1e3
f66301f0
d9debf2d
f60902e1
04ef1005
e0a8dff4
ee1420f7
1c34fcd1
3842c643
142105e8
e1d35d2f
ca44b6df
21dbf41a
dae6021f
21da6e09
08b5eb3c
e7082411
daf1eae7
037fbeeb
163df800
09f00e0d
3dfb0012
0f64feee
ec2ac3ec
1deefb1a
03f3091d
d80ff3b7
ffccf7fe
e1dc1207
531610eb
09f4e2f5
24fd34de
f8a8497f
f3d6232f
4dfedf04
f132cc22
f05b150a
2dd2ede7
e5f4d7f3
ebf2512d
a82ef105
ecfbef1a
a7dbcc2c
17e60cd1
ea5d8126
c6f60444
3b102bf7
100e1de5
4212f107
33d0f221
f806ee36
e6e630f8
26d9ff37
370b1b24
e1e20a0d
f7161312
00b7fa19
f9e54f15
0e0a130d
fa02b8d8
fd0311f6
4de6f2f3
f90587e8
0e2df414
10d80b2b
04fbac3e
fd081b16
d96d11f8
25e4deaa
5614f8c4
0f21c8f0
0903d5f4
fc28236d
dd24360a
25f9e7d9
08c710eb
e52eec24
caca1226
d702f5cd
f31e3604
3a56e648
96cd0409
0730f6ee
1a2bdf09
f1fc2039
34390cc9
00d7df27
271e2905
031d140d
ef2be5fb
b925dd1d
f16da3f0
e80eeaf2
f102f3f9
1ef8fe18
18a4e115
244d079a
1bfce638
13f81814
d21d0b03
0be60318
e7f8fbdd
38f60bd2
fa23cff4
03bdf812
dd1aac32
e8d40ed7
ffddc5f0
0406293c
f4191f08
1aef0c14
c4e22d38
17ede0f2
3fc9e9f6
22ffdbd6
f9f2e1f7
0dc73610
0095eff7
2bba281b
ffe20832
1ee20dc9
05fa0523
31f6fee1
e8021019
d6352f2a
c4585cc6
0de8f2e5
e2d1ecdb
f859f123
1320e5e2
0ab51627
ecf1e904
1d52482f
1dd42406
10ed2e1e
22e70c67
2bc9fe02
421b18ee
f8fef61d
ffd1eb24
f5d30eb1
361bd81e
2211f0f7
112eed27
7fd412fb
1b0d30db
c7ea220d
271e010f
f4cc2910
22252bb5
4df00005
3a0813c5
1129fbca
2ee7e721
2118d139
12ec12ff
3bf217b4
ddbd2ffa
e818d708
d11d0c21
d1fbf408
0efddfec
f1e1fa6a
041208ef
10f0f9be
d4251a03
63071ad7
01bd1a2b
0f2d0111
27d6de46
ee27d312
17fa0c02
f9b8ff26
f4f2f433
f1efdc09
f0d2d107
defc095a
cff02c9e
eb01fefc
0f130e0b
13dee3be
07e80719
22151bdc
e004111a
3aeb1433
02c31de9
adcd31da
0a402a21
0539f8f3
030c1422
0dbf0130
06f0e6ed
ef950200
2af449c0
eed603e0
1cd902ca
27123e3b
fbe91ad0
34f7f5fd
1f13e2d4
611adad1
e22edefe
fed7c904
edeee0fc
1522fe29
2146e340
15f8d4bc
20edfdf4
e61902e2
0f24f120
04e51be1
07fe2f18
d251dde5
fad930ff
ebbc0527
f113dd19
092517d1
080cd60b
f40c2de2
da30fc03
e538eee5
2315b322
00120615
051deb14
cf39ffcf
0fff107f
d1001617
ff10e604
0df9fa07
f0e298e0
01301106
bb1405ec
0d09fdfd
50ed292f
cdfc062c
0b1cf93c
fd2f0643
d2f1d9f9
17c429f8
ee0e3df2
1263fe0d
25eb19eb
eb1af526
1d2c1605
a119c0f5
36f8d60c
dc18f3e2
68f403e4
e99feee7
dcf2f8e2
e312262c
ce0b0114
f32ef600
b4edc4f8
56e41404
05d2ca2c
0a3affdc
ca1f2260
e2292921
140403df
a90adf1f
2dd744f0
fd27f463
ce11aaef
e114f312
1ae309ee
14d518e7
39fa5d0a
e42012a8
e21bc0fa
ce9f3b0f
c0fbdefa
0bf9ee10
48fb2000
f9dcd0f7
f7fb2a17
cfd4c7a7
a50be9dd
12282319
fbe71f4a
12f2001f
e6ffda16
4ae61aaf
fc0c08f3
69dcda3c
dde50537
152122b4
f83b3227
e1f0f313
2602d93d
26c8c5a8
3808d702
e916fae2
f5fc0633
e037e8cf
1ee90fc1
1cbb13d7
07fed91e
f8e52e07
c5ee06f0
c8001e02
32e4dc22
12d907e8
2df1ebdc
e856ee38
ea25dfed
e8e2ebc3
1905edfc
e64df91e
f7e838ff
b2efcac7
eddff34a
d6c225e9
fedaf90a
ccfa22d6
29290a14
cfffb8e4
f3e01aca
00fd1cf8
30dcdd27
ded4f86b
d6b9ed04
f6061d14
c82823c7
e7f0e4d1
cc111414
f5f3f804
aafee531
1d2a02fb
2ae2ba2b
22f2032f
f7ef04ee
d369f914
1ddcf308
15eee308
dce6bb48
f1c918d6
e3392fd2
291f37df
f619ee13
2fe1d8f7
33ec0625
ec40febe
db07ea3e
df281300
2811036a
fee03bbd
1b43fe15
ef0cd511
f11d4905
1f08f8d5
030621f5
02d7da1d
091e0dc6
ea0d070e
e8f8ffe6
fae00cfa
1fe44302
d34a0c0e
24d1b816
c6e2fdd3
0bca0817
182af700
d81fe0f9
d9e1fc05
dadf2be6
00e84727
ed26fe7d
d215f8c2
f8ef4cf0
fbe0e3f9
e8f8f80c
45434a0b
ecec1227
afccd418
1cfe2753
1fb5f013
041e39ac
0918fe38
2ff7f128
d32107ac
dd2ad7f1
d4f41b09
e9f01648
cc4f0e19
f77ff9bb
f4eaf001
da2d1714
0b531b08
ebeb12e6
fdf8e1e2
faf2d7cc
f94b09b8
2df905e3
bb02fe26
07ecd811
1149b438
2c2ee2f5
f40dfbb8
add5e7e4
fd270cf2
adb0ecd9
0edeee24
44d60ef0
1a2bf4db
e537e705
c8fb29ed
0613df8a
5f18f519
051627da
fd06f3ef
19e43ff3
c6efb6d6
e6c1b7e8
f7de1222
fb1d01ef
59ff00f7
07f23935
010426f1
fa140dd9
152928e9
f40617f1
ed05f7b5
0ed303c9
0c2d01ad
2d3ae61a
e0e9ad1c
d2e3e729
d30eecea
23d9ea0a
3af9eff2
de263559
09fe1b00
e640102c
1413f6dd
ddcff21c
ed20e60e
fe3241d8
da7fda1d
09f1ccb2
141bf20e
28f0ea36
f812e5da
05c8bcfb
c9dece13
f02f15e6
e2fd0814
d901f191
e60d2504
1df0c40d
161009f7
2fed12f4
e2df4f1c
600b03a5
1c19202e
361aaf3f
e0f8091f
1be14d0d
122422c5
dce0dcf6
c728ed17
e406172e
ebfa20f3
0af715f5
f2fa0001
f80a19f9
eef5cef6
27dcfd1e
0cf41031
f0a9f051
eff53607
edea16f8
f4f20d04
f906e80d
0115ccf8
53effa1f
2026f270
d94218f3
012c3df7
0008160b
fb5ffeec
e339c81c
c52d2106
18052f00
3cb90ad5
d9dc9510
060bc8e8
de1d00db
fb010734
f6cebffb
f1e2e1b2
1fd8dc11
322d4e14
d636ec3b
ea270815
e2f3d70a
0510fb28
e5d20de2
170516e5
20f440e0
fa01e7c5
45f6dbe4
1e5ffd10
4109e233
22ecf6e4
2ad8e3f0
fe2a081d
df01d820
3222d917
c005240c
2db01fe4
f8f9e8e0
fb1f0431
f8cde9c8
1b18f3f9
faf4f5f6
7f6a1207
fd2bfdf6
14ebea1b
170610b3
3403e0f2
55221bec
09003513
def1d3eb
4ebed25a
f3170102
31e2fef0
fedab501
111fea18
1bc843af
f6151310
ecdadae2
0a03d50c
05e9d20a
f4eb20e4
553f0dd7
d50714db
2b03d811
15030a09
00fce9fc
ace44125
ebe00fdf
304defc7
201f1a0a
f5f9feeb
1401080a
bd414031
00e916f4
c646ed66
d324d7c0
f2e5d4e1
0503d2db
0d3000ec
d8160a20
05f8ebed
20db1520
0720f506
2c01ecfb
bc10eaf7
0807f912
d8fcf2c6
270e3708
d6383e00
d7ff041b
03fae4d3
011cedfe
cfcbf16d
ed27c209
e89eda21
e5eee125
4aedce17
162316f7
33f9eace
3be1e10d
ffddf6d3
1604e4e2
164708fe
fdf22227
0017f20d
39fa2f02
ea082e7d
1918dff3
dcc91725
0bed0406
1bff0813
4613da16
2a1d9bd4
15ee41ee
cad7df03
c7010517
0ae3d5f4
d1e3090f
d6f2ec18
17b222fa
250713e3
fec02704
74d500bd
aecd0d2d
fa360e02
bbeef4f3
2717fc2f
0fe0dc33
111ee2da
f61fe525
4ee9d703
0632c9d0
054a05e0
e518ee0d
1efe20ed
b63a105d
1611ed1a
d4b9f30f
c4bf0f11
ffb6e66e
ec2c39b9
f8e710fc
0acbfdf1
d3f9d6f9
dcc20b21
81d60109
e909331e
14ebee1e
350fc334
f8f42a1f
cc2a0925
29cf9920
db372fe1
ced241e9
340c0211
ec30df0b
e8fd11db
5bd4be31
357ff5fc
fe111ed8
249dc042
1c0d1afa
e0b3f13d
eb272212
f3331047
2de7e7c4
1d29d62d
bb04cfda
20bb1cd6
1ad8abfc
cf37df27
f5eafa10
fe05dc2a
f028cc02
210e131b
3a0f08da
d6f81423
1b41e7ed
33280b28
f539ebe0
b81bf9fe
2209f833
f70a210c
e5cc210a
24d811fe
e5e6f404
f7cb1225
21f0e835
e5cbea09
031bd90d
2a45f420
e3e01113
01f5099d
151d3b1a
45e21e05
463f11f1
2215040e
010ddc10
00eff10a
15f616eb
262517eb
f3142e1d
f4192dc9
0ddc0622
0334c501
dab0fd32
fe28d81f
c80df71b
1a16e0e8
f60ee422
3e64dbf9
e7f0e24b
f8193ee8
1ac80ecc
0315f60e
fe49bd05
1509b91e
08f6e4fc
04fac9cd
e41700c5
eedec230
fc140351
13e5f501
2d0cb30c
f2e9faf6
04ed1848
38e72611
4a2b0402
dce4515d
0c0aeefc
1cd514c1
0802e605
59fec5ea
091e2de6
0c05f7e0
bfe7f7ee
1cebdb12
d60ab144
331ae3ff
22d5c3b0
69d7c6ea
d1221527
f24a11c3
1fdbf4fc
c4cb2aff
27e5fb1d
fca01f68
0ad4db2b
1a17f996
ebff0806
fd13371f
2a15fb11
2e260d1d
0e0fe631
0e0ad94c
1830fc17
3206f90e
00db0221
5ddbe2e3
4029ed04
cdfed0e7
f1d420ba
ce5834ff
e8213715
8856de10
e21d0105
acbc0cda
01dfff00
c60c0101
e713efef
3f07ff2d
30d0b718
1d0102e2
18e30a0a
e009f4b0
14ab1aff
f8e526fc
312aaff5
1903ebe5
fde2ed08
dcc7c9dc
25d8fc17
fd02b799
1ce7fcec
b207462a
1bc53632
c9b70874
1f39d6f0
c510ebf1
200cf430
f44fff31
12f00af5
f8a415dc
51c2ef04
ff15fbba
1b1106ca
fed931ea
0ce7feff
2f3bd222
2be023df
06154bfe
21102514
fcd0110a
ced72f0d
ef1707f4
161ddd1e
fb30e94c
dbecdae5
b13af40a
023811db
f505fec0
bcd6d807
d2faedd7
09061cd8
62121032
2ff80bdf
0dfecf03
eadbfcd9
1fdc0b02
1333d8f1
232df8fd
e4fb1ab3
134e10cd
250a05db
ecc426dc
14bd0f2e
3f05e112
f7f3d009
171e33e6
1d0ccccd
f8e71505
f7ef11c7
0319f314
ec370eff
2af11140
dcb61f0d
0ef6560d
ecff55fc
22e55805
f601fdd9
e415244b
e7d8064f
eafcf1e0
e1f51b18
ddf21d36
08e3f11f
36b30201
d406ec27
fbd134dc
0ed4ee4b
143109f9
12080721
ecf308fe
16df6219
14eaeb38
efc0ddfd
0512f226
0714b905
27f7ec05
fb0dd5a8
2decd013
f809c934
0a9ed3d2
b4f10b06
fa0fca1a
14092532
be17f620
dfce2e0f
05de23d6
d0ad1bf8
030b3fdf
1725f7f2
e015b2d4
19f6a4f5
d2aa1ec1
2bee3f42
1bc9e467
102e0f21
084441db
0518eab4
c55c0b1a
dfd5e235
31d5f55a
12dd2a0e
344c15e5
0d0f19ff
05d51eb1
bea71a05
e606cc10
f1dd0f14
bcdadfe1
ef01fc16
2a42d46d
12130302
ebcfc1db
d82ff2e5
113114a7
20080aeb
0ccbcd1b
d902f22e
00f41ad8
0c00cd2b
f112d3f9
3712ef79
c825d02d
1e14fdeb
fde41ee4
7af80c32
052630cb
13e815fb
f0bdf4f9
1a1206ed
16fc4bc6
4e14f209
c307011c
d5cc1243
cff4c6de
1ff328fe
1344fdff
0ffa1d19
d2fbf3b4
e7160721
20b9eaea
d10c390d
44000df4
24330ec5
e8d81bfd
4fd0f704
3cb4f5e4
251c28cb
dec01031
9b2ccc06
f6e432e1
1cea1e0b
170f0ced
24dffc3f
1cdffe1e
e470f9c8
361506c6
afddde20
6d2b1632
fac51319
080cf528
d6e2fde7
d35d13cf
d0fd23bf
21f510f4
10992acd
1810f313
e7fcf54a
ff71000a
20160bfe
ee30bfe9
24c718c9
ec1226eb
f5090d18
240a4031
fb0cb30c
f5080b03
ccc302d5
595d301b
e2fb321f
5db74901
01e89602
f0d6e242
e4d4dcfe
ed032105
4dda18c1
d90afbeb
f641dea0
03333229
05e32c1c
2ed7e3d8
afe735e2
eb17d9d1
e515f403
163a0f11
0c1a3fe7
a4c4f505
990b12ff
ec2d2411
e339efe5
f9eecdd0
18e91122
efe7c7e4
1af3f810
38a30519
eef8fdf8
dee60112
031d81cf
18e5f2d6
f101feef
21d33206
2a309ef1
efa70d16
32300a27
0309b91a
02dfbce0
48f1fdf7
ff19f8f7
edd700e3
10035dd7
4ac304ff
09f618a8
f903febd
23e44733
01eae443
d3460603
0f20240f
fc3127ed
c52ae6ff
81fa0630
43effefa
f8faccd8
217c1c11
0e04ff04
01e7c83e
f30cee55
54ea2717
ff3611ff
232a122b
eaef0621
6207bce8
ebe3031d
17ff38f5
1ecec9c8
c142ed2d
f917eb04
2f0331ec
08f23011
24ece035
e74dfee8
2cf71a52
f6ecdddb
b6e2ebe1
f413d9cf
e71a08e0
e50c13f3
2b1deb04
12eff1dd
f8031b2c
fa02fa15
f4e1ee18
f5222cdf
1406bc20
eb202c19
0fd43bcb
2207f6dd
e3e0fc00
d70ae217
021e2ffa
0f241974
0b3e3d19
2027d723
1f353618
db08ddee
daf119f6
fc151ef3
d9caf300
2b0e1404
f12442f3
e5ce15e7
4c3cff3f
05cd0545
f8f8eae9
de350b01
162a11b1
0dd236fd
529f7014
2eedd9d5
ddf3de19
f3030bf6
3ecffa11
e334f9e7
bd09fa37
0c3f28fd
f30b4132
14071c00
e525d733
c505fa20
06e0ec15
040d1109
22cdecd0
fd0309e8
1ff92ee9
fc3cf80c
4816d626
f1f3e8d8
ddf84037
0bdadc09
fb0fd301
fea300cd
31ec1b0c
fd2fd8cd
28c71647
1bf0e4fb
4e3335ea
32430f08
222310c5
d2200eae
1200d60b
232df4f2
eff750ea
ebda0dd9
2018feae
21fd144a
03d407fd
f5e601ea
fa11fb26
d101111a
e6f2d40e
cd4ef2e6
e2fc1abf
efc4c27f
e0ff0408
3d53fc38
30e4ffde
fb181519
5f12afb2
ead80bed
43171201
f5f80def
f0072bc0
0117bfdb
16f5f22a
def83110
2dc30809
d10c13e4
2ef00c2a
cd11eee7
29f1e7ed
1cdcfe42
e8c51ed4
d70627e0
e3d41f34
3fdcf92a
d840eae8
c22afbcf
0813fdf5
f4d7fd4f
1dfbcefa
0b0e1edd
b200fa3b
fa6502f2
2dc4091f
12e3c5f8
40e2fbee
1f261927
d7d703f6
3ac5b00a
c319f8c6
c20a00f7
d9d72cd8
e1fe1be5
f128fcd7
e548db64
09ed0915
19d61f2d
dfd1d3cf
1210fbe4
2107dfe6
fc33dc41
f5e44b1c
01b9e701
ad035bd3
e80800e1
f8f1199a
f2e299de
4f1c30f5
e1ee0649
0bf30ff5
3e530e01
421cb9e4
27f60eca
e602ecec
1a1b34b6
18c311be
1eed31d9
36f11432
edb111d1
e82c38c9
f708ffc1
050d3dfb
24a419ec
fc0cde83
1800f604
08f80b03
e821e2f7
f4ecf005
1d10fd44
e6541620
55e0da0a
d103caf0
d74f2115
1212f999
4df5e147
4243d512
f5b9041b
e2f5fd5d
3cdec7e0
ed52d0c1
1fdc37f2
06150fd1
d950190d
cfd1f8d9
f9072622
ced525e8
b4ccdfbe
ec1508bb
eaf3c535
23b7fe18
e941d7d2
caf4e002
f607edce
1d0520dd
d9fef603
272df02b
bbf0eefe
d90bf6e3
ea4cf848
2eb0f473
1b00c31b
fb08de03
1b49ab25
21b50058
f9e3e4c3
fbf412f3
0927cd23
18d41f4e
f1f2f0d0
0fc8fc4a
15047d32
cc09d7e7
fb0501e6
f8fbd9fe
1b310733
db52bb02
f0e812c6
fefe38e4
21dda418
22fbeb04
e8e1eff5
e0c5f424
10e8d336
fa17fb0b
f6fe29e9
16413221
df40e5eb
edaefd45
fbb1eea2
0df104ff
b9dd0623
fd02d6f2
0e1e2413
07cde5ec
d94411db
2be107ae
ea0cd75f
0b1d116f
26a4fb29
561e0dd2
d6bb1deb
e5dcf623
ec1ae005
ea161618
3bbbf0da
212df202
182915f3
3e14e0f6
23edd8f9
bf24360f
19efc245
07ff4e33
fa4d23d8
2908ff3b
d4da02f1
f9e1ed3d
08e70144
f9e24f25
0dec9529
e005e545
da0fdae8
f20217f3
2236131c
0bde1716
01b7eae5
f101cc33
b30705f9
f60612c8
d1ec1ad5
a01403fb
33dfdae4
deeff6fd
10e92d11
060100fb
17af400e
df131ce5
02e71fd4
d6b40cf0
282e26de
faecf9ca
f636d815
36fc1af4
22d5bc37
ca33e5ec
f82a043b
f7331bff
edda19ea
1b2b17fd
0a2c41fb
1709dd34
e70af7fc
f7de5ef0
0e102edc
ce14f7df
0ad1c462
fce228c7
09261713
f9f7db01
28e598dd
3b09cb13
06073804
0fdb0320
1986ed3b
e421f037
1b163ef7
e04af8d8
e106fc02
d50d9ce4
ec20093b
fd08ffae
d5ca4942
da161059
bf00c10c
09ea18de
d4140f1d
0106d921
b12f0950
dbb7f9b1
be31f419
08f00e04
fce20521
d8e3ec0c
262dfd3c
e12fd8fd
05231fcc
e04cebcf
411ade01
f3020925
b70a3f13
091605e6
443f00d9
e9afd7c0
1a16faaa
e8dcfd06
ccff1877
05fd2acc
d8ec3a05
0a20c5c3
f2cf2e2f
d4f23a7f
ebe703e8
bc5e1eed
37002acd
df23edf8
310bdcda
d623b303
0032e7f5
169a078c
ddb02dd3
1b22f31a
df07e4e8
f78a4ff0
dac30034
f1fdfa46
cb1b7bf5
d0fccefc
effafcbd
43c3fa27
48d4bbfc
d7eff012
ee28e6f7
2dff16e9
eb282d01
fdf7d448
322df2ef
2c0f03c7
c91fe89e
fcfbcd3e
1422fde4
04e134d8
2f2ecd0c
14c21ce4
f414f8f8
052107a0
cd03f43c
e218f609
121808fd
34ee0316
de14f3c9
13a2d80c
100634bf
ebcee530
15d930ee
d3f64df6
07f2dc17
252016fd
d46174f8
12be06ae
06cb12b7
35e123eb
1614075a
0e1f04e4
d2ca0c21
300f0817
eecc4d03
4bcbe428
de09dfd5
aa090b15
e218d62c
211503f4
0115fda8
f2e3d6ed
db1c51f1
07f9dcfa
14f6f124
db03010a
7007fbfc
d3fb1810
d9150dc3
eed8f921
e11cd811
980cf1dd
120cf22e
edf2ff14
ac17fa36
50d1fdff
05000def
0617feb6
130621bc
0ff42853
12fcfff0
e25d09ca
0c00351b
061d21fc
e9051903
ef03b417
f20328fb
05d9efbc
1be1e521
f0ddfbea
fe035754
340cf104
0ec408d0
d52414d6
f339a9b4
f2cf2239
2c2818fb
34ecf3e2
062c13d6
1e1d1cf9
e812e8c4
e43d050a
f23c0f01
002640b8
2c09e82f
9cf3edb2
311c544c
bc0d0131
3301d7cf
def32f25
4227662e
edf72a0b
142b3d3d
2de0f3c9
111800dd
d8bfcee8
010a1a03
1c024903
f20e13e1
d3cffeb2
f2f6fc18
cf0deade
dd142d50
0dea03ef
14f203ef
2637dafb
46e9fbd1
dd0dfe12
1fe40a02
dc0c01d7
e2c91cca
0c291e17
f7cae6dc
f317ede0
ab0ce00b
e739e9ed
fdf7d90b
040df033
0ce3f44d
0e18dfe8
fa2199e4
d12d16f1
7f27f6e1
07ceddf2
3906c027
fcc5e7e4
080400aa
2f20bc1d
cbe1d7e9
0d10e092
15152405
04fd1cc1
23f5b6b2
e2ba0ee6
0af31fc5
ca42e1d6
fdd4e4ec
ece115f6
fbd9e4df
2f2ec92f
1a31f21e
ebd1f4c7
08cb1031
03fa25df
0b15e712
12f3e7f6
41ced945
f3fbef3f
f800e346
fbc30ec3
3527d007
1de12ae8
0e21ffe0
08fdd932
f02ab72d
e8dc1a36
dfed50e1
3fbe0ae1
09e8c3f9
a120a9fc
01f0e3fa
1de6dece
c7ff2f1f
daefe660
fb14c815
38f71007
f70f0532
e9573f0c
f32e3824
eb0dfdeb
fd08f1ea
4020fde0
f0d5dddb
20d20aee
e210fcf6
03421eda
020410fd
052a37ec
17dd6914
270c0e1a
fc4c1706
2d25f3bc
1154352b
e73c422a
f9f21ced
e61a250f
e8e8d40d
e5db3325
0405f613
3d22fbc4
f979df38
1ffdde11
f2e814d4
03ec2948
0400ad14
d3e7d0ee
1bb7fd0c
dcdef230
e1220100
f4e524fc
190326c7
1de5ea29
14e311f8
f82f1708
02021e30
1fcaef1d
beddcf0d
2b2650e9
b8f1061f
e1eaf0f4
162689e7
e0db1c70
46f942ac
fbddf6f6
f0c52bd7
8f2e20e2
06f1e70a
eaffc7e4
e9aab0b1
e13846da
f612cce7
1eee01f3
115cf2b4
20ebf2c9
ef0af11e
0d320cf6
430b2721
23e5e720
e22b7a42
f93e020c
26cbf9d4
1bfcc9df
0c130c0d
f0101d11
fb01f708
32d62f08
f6d2d1ae
b733f71c
025bb3fe
cb0c06fc
14e709ef
02961adb
e4dfbdea
11d74907
3e58e83b
b4d3fc38
272a3264
23301717
cceb2b1a
0431c03a
27e0c72e
ec0e1ae1
f3d5f4b4
19ef0fdf
dcef3cf4
ebefe714
1fecda11
f5f10d13
3d2638b5
08ed0b1b
4616ef14
ef41f802
1d18fc9a
22ca153b
ce111e33
f80ffaf2
543af3bc
ef38ece1
f80cf508
adfefbcc
7b26bb31
f6f6da46
ef2f1534
08170bfc
ca101412
f76c49f7
2320b2ec
e453f3f6
26ccd1dc
2e1207f2
c7caf230
df280101
28223a11
256dfa1e
f2e01fff
0ce103c2
521ddfc9
fbfbdaf1
08d602f3
00e74645
ccad37dc
19da0f5f
defe2a02
4817ffa8
ef1936b5
fd08e123
fef70e2d
22cf2ada
1de9f4fe
f806bad4
c1face05
bd13bc52
f3e606fa
ee0c2fd0
05c60ffb
e3430084
0b2301fa
18050ffa
f423eb0b
39fadc2a
ca143fea
210dc6ee
08ade805
cf0619e8
d41de802
ebe709f2
fde9d221
54231ff1
380bd803
d729d8c1
023a08ec
f9f802c8
03f7e5e2
070be226
e8f92316
25ece52f
f0d9def5
f3fce60a
0627f9e3
10db4248
08ed26fa
080c2b09
21d51816
02252af8
49141d0d
f21ac9e4
0d03d7de
f045fb39
053708bf
cffadbfa
e7421ee0
1d1d920f
e1ff090c
fada0e11
ffe4f90f
ff0a19f1
c2df0415
111edaf9
0f04f1f2
180831fa
d001f91c
0a0feafd
002dfeea
06f400c2
03eafd0d
06e12ef1
01ee08f7
26e60922
d6c71be9
e9f6f3e7
ff38decf
2dc80a08
08f6280b
f6223014
0e1ccaeb
0df504e9
36131d1b
fcf409f3
fff709fa
f60d1edf
2ef8fd02
f1010614
e0fe2806
0c11f0ea
de00042d
f9d9e808
e7dd02cd
160227dc
12efdf44
d8e306eb
c3f220d3
082a0bc9
be092a04
1d25d8ff
fbefd3de
0ff30b64
ec47e0e7
0c30ac33
f4e82dfd
e3f9d719
25130e5f
2d01092f
13e8fee6
e804f9dc
fd1c0905
ecc107fa
f300e1e9
d400c605
cae70421
c42fea14
fe2cf807
e9227fa0
052d0818
e3ff3fe7
f934d506
37e80c02
e9e10345
09ef321c
0318f702
06f4f2ff
02e5b107
e7ffe441
00042204
32f37806
c7cdeeff
13084c39
fd201315
f3a901b5
ed2a05a9
1803e3d0
faf3bb21
d93113cb
040104f3
b70e1fff
00edee11
04fd13e5
db04d0f7
07ccf3f3
05f511f9
23e1e01d
50f9f9c4
fc0402db
f518d602
05234700
0438d8c5
f520dc17
13f31af1
dcc614f5
f3082321
990510e4
0cfdd505
e9d2f98a
3529d20a
06f8f4f2
2a1fd9f8
0e28223d
e40c21df
3be7e7c7
08f902fa
fa0c315a
dc16f1db
0bdc2035
02e3f60f
17f31d1f
e40dd1cf
35f9f0f3
14f7d502
11f3e772
491804f8
dff0ee05
1614dbe9
28eeceef
2bfd0933
e7f2fbde
f0d8210b
24ce11f1
10cd6be3
ed27e526
1d1ed900
080f0336
23efe105
10f0bd18
dd16fde2
f5db54e2
e804f3f6
001ae123
de3201ea
ccd7bbfc
de0e1b0b
0611e620
f116d70a
f512181d
049ce008
fc183721
10e1e6f1
1d05dc1d
f3eaf9c6
cfe4f822
f3c9270a
e1dff31b
01001af8
00f9d900
05d517e3
46fc35ee
e1fdd4c9
6ecbbeef
04f5f0db
0a471d81
03f8c5fa
d51122f4
42cd18dc
41fcdb00
1e1ce3ed
1ee5c8d8
07f4fafe
fbfdce50
f709dff7
0504fffb
e93cb102
c800021a
bdfdf1d5
4311b03e
ded7251f
0629c515
e136e701
eee32f03
c824320f
081423f6
1707e11a
01371dd5
fa2000ea
e4e7f140
ff170352
f6de18f9
d53f03fe
0ce44018
3a1ee90d
dff3f6ed
010c34f0
fcf316a8
f21efa16
06f41118
f7fa2df8
1b11ce17
05113de6
ac02feeb
fbef0cd8
f3f00603
c11ff7ee
e6f60b00
ecf21c1a
1bf1e211
0806e000
ea20f90e
02290c14
f704f4ec
dafcedf4
17f5df0f
ec1003f9
df16f3fd
e5f2db06
0b03fab8
06d20c13
fec6fffd
c8ee021f
edd41aff
cfc018f1
de31c1dd
f41900e7
f72407e1
ea11d61b
11f8511f
d819e31e
0705edd8
082903ef
fbfde1d7
eedefffc
1a086323
e8d5e8eb
f4ff2072
f3dd16e6
ceee13e4
20e71a2c
fd20e7e8
ba2a0ded
e2c323fa
0431251f
0327d251
2af0decf
efe61d41
4cd122dc
411d3009
fade231e
fc220326
ff53f31d
e6653bda
c3f2ecf9
f121eeeb
e4e0bfe2
fccdf5bd
0c20f0e4
65281b16
021a0d07
05241dfb
0ed7e6f9
fbf617fd
0513edeb
d2e6ffff
ffee0bd8
f212e2f8
0aee08f7
f4f6f4dd
383a0937
1510f6fe
faf0080a
d7ec1d23
d41615ae
08072535
0342ec2e
05242417
b3f606e7
f80d26f8
e8151b0f
0bd715d6
23f3f4f9
04f6b317
ffed03c3
06bd4812
16439bef
f4f13611
14a71bf8
da27461c
eef5e80d
170803fa
fbc80500
07e4daeb
e6fed3e7
18e83af9
f3efe607
fcf3e930
39e6e82b
e4053aef
0bab2302
0f2e1512
dd36ec1b
e81a0603
e9fddaed
bd192d10
31e41b48
3e380a06
04c91017
2a30eeba
11410bff
0c454feb
b0ad100f
fdc8002d
3f010205
18eafef5
000f0620
ff43fe10
060641ff
fadc3408
3bad381d
e8080c27
2831ea2a
062450e8
ecfc12fc
ef0610e5
08dbe9bf
fcc9fe3a
3dd9ce2a
1a32eff0
23fc170e
7109eef8
0c320908
dcf9fc3e
f4012924
1f152812
22ea03fc
4755ed19
28261707
a507c765
fdda29d7
0f422b12
ddf722d7
fc1c1b1d
04c90712
f5110312
191f25d7
ef131f23
ed1dfa05
26e2c5df
0022ffd3
f5e53ff4
fa1c12f1
caf0dfe8
0a1ee709
b326e80f
f5eaf63b
f810efcd
0622fe00
18e706f6
1e3110fc
413fdff1
2d3c0afc
f8e037fa
e7dae70b
20110c97
e3da4e1e
e1f4f3fd
e2f7f6f2
ff49e000
bae61cfe
f606c921
e916fcec
fed3cee7
fe12dc1a
39be5f02
09ee43e5
600808c3
f51f10a3
ffe60511
062d0019
3a2b1a18
f4e0262e
110612c8
4307fce6
2ae2203b
0535101a
4a02eaf1
f7ecf5fb
e81409e5
f010ff1d
f3f40c01
053ffe0d
541503fa
1cfe2910
ea28442d
0adc23d7
dffdeeec
fedd1b00
05342011
d911db00
b937f9e7
daebfee7
1107adff
fbf9f300
eb4e1160
1ebb41fb
2207e712
e6c516f9
00f31c22
050e22fe
a72ceb0a
ef191f14
13e61be5
6fd0dcf7
0b3dec14
e8e6d3fc
0d08fa11
e922e41b
d8fa17fc
0afae7ff
270cfdea
2eeaf2fc
03ecfef3
1109c8fa
300410f0
ee1016cb
54beb22f
f03a0801
e0ff23f0
38171fe7
c4e21dea
dce11aed
d4002bf9
dc2b1712
d9e4e0d1
03f90604
edc20b42
f028c3f3
13d8ef07
f10bf3fd
b8e8f113
0908d00c
e3c41c08
10d0fce6
f766ff17
d42400fe
000cda18
f31dff16
ab15fe2e
d81008f9
dee71dfd
11cc00e1
0cf8de63
0809f450
03100d2d
68a7f60b
dffaf20c
45e8f319
24ed3a04
fed5d2e4
0ea4ca01
19f9e020
e642ed3c
df1528e5
da050aef
e9d3fa1d
ae0f931f
f6f20cf2
f22a1569
2a02e3ee
3a172bf7
e1568f11
d80c2ff0
290228f2
f8c8400a
1bf9cdf0
121825d9
f0edd806
27c519e9
38b1d200
280bf128
f8110801
1921c500
37eda2da
ed1a0200
fd13dceb
07dbc216
0740ed00
e1e3352b
11c3ed28
292af8e2
d70b1a10
dd0debd5
2f10ede9
b50712ae
210f1c15
fdc319e4
fa04fc00
f012200c
c7e10503
280cd1fe
fcf316f7
d5eae1cd
5234fc03
e0eb1601
fcfecf27
11f8fc05
16f30cee
19e5d80f
e9011cf0
4efffe5d
f5fc09fa
eebadbe2
26e3f713
e3fbf1e7
f6d0f407
d7fd06af
3ad7ff23
2fd1ff16
2bef20f7
0ef919f5
1af50120
090c0efe
ec0e2709
09dddf04
3eb32e08
14ece0de
d7edea08
1433f0bd
2cd0a0ea
1fcfd016
41e5dcbd
1716fa01
d91c5035
ea050e1c
1d01fcef
e400c6f5
040602ff
e3e01803
1e0dfeca
fdde0205
120e68f3
751ae40e
1e1df60b
2a0408e9
c6f8e603
e5ffd02d
db071dda
1108c733
d206021b
3f2504de
11f70011
0c0ffbd6
b6183b0d
0d14f8ea
301f04d3
0307fdeb
e3eddb05
01f21bf8
220a1108
d91de344
f110e9fe
e0f3f8f0
23140c14
1f151b1a
12109424
f7cdaddc
d7de1514
0d20df0d
114ad3e3
0fd81f0c
02dfd305
0d0d0b0f
cb1f2ef6
ee40753e
fc1ef91a
0f11f414
31040709
df0d01ed
34f21103
22f10df9
f9d1e51d
f24fa8fc
15012511
f4b701eb
d41fd7ff
e02bfde3
0107cf0b
ff3103bd
e102f20e
c4ef04e0
db170804
03eefae6
130af6e4
f6fbcfea
5fff1120
e401f1b4
0005f8fa
eff4f8d1
a2fee8f7
f5d82a16
0def39e1
fc12d411
0306e1d8
fcf10ef0
ea120727
f72b0527
00e3d2ef
d61a28da
c30bf2c9
191103f8
d22ae0fe
edf7d6e2
16de2931
5c292f30
ec010bed
14f7ceff
22ffec09
1c08ea22
5f1df80a
0d07f5ff
07fe09cf
ead222e2
16d01b09
372ef6f9
2104181b
14fc1ec2
c40dfc00
0706f6b2
f919d9eb
110a5cc1
30e4fb11
150116d6
d6f90016
f40b24f8
35142dee
e504bc21
b50b0b2c
dffbe3e7
15201422
e9e402dc
d2f13607
06e4f9e6
2828d31f
0fddf513
f8161af2
11fb3c0b
3a13fe0a
e1d12116
c9c9f8c7
170524dd
e1ca0324
0c3df9c9
1b2b1017
ef031ff8
20ebf2fe
c605dee9
fcddf923
efe4fb0b
34b70650
f72dcde5
26e7e50c
43ecd05f
0626e7e2
ed360feb
58e8da08
0e0f1a0c
5be601dd
030928d0
e01e0de6
14150212
28141de6
f82506f4
f7f714de
f00dfd49
bfce1cbf
12cd0bda
a122ecff
0900a547
1301db0f
dc28dde3
e803f80c
d710fefe
fbcdfe18
04441332
2b03e9fd
27130b39
02350700
2023cbf8
13ec2010
e84dfe14
2603c82a
1ae64114
fe0f35eb
c11c2c10
bd0412ec
c51303ff
16f811f5
47ed2119
d8251801
fbd91003
09ea17fb
311ce125
dc25ecff
d3d9f5ed
1213e22d
32f6ecf7
dff54a25
0c1709ee
3918d40b
ee0993a4
d5e5da28
070644d9
3518e72d
e021c020
e513b10e
feca1db8
ee0ef4dc
05ee2fe6
f40914e9
0aebed0e
f7f519e9
f10dd4d8
ee1c110f
d40800f8
06c316e1
67ff5a1a
3a1cc410
f511c3f5
0bedfd32
fef8f4fe
c6eee8fb
f7cff982
21ebc7d8
0313da23
3f091bff
0605f419
ccfa13d3
0df6dd16
17251b21
fcf3cb14
00cf31f4
dee0ef13
3d20c2fc
ed1e1002
040ef66b
3413242d
5ac0050c
fb21fd37
e1f228ff
223514e6
00e91405
e9ace1a6
e30f0003
d7075100
3df1d3f3
fe9f03f2
cbecd90c
0905b6f8
c50e1902
2628fcd4
262121fe
f90afa10
5c1b19f9
03e90cfb
13d63bf3
0dd25fed
05ecd9fd
f9f61bee
ee3af21d
1ce8f3f7
ef07f01e
2717e1f6
e0facee1
1707d6fa
ee090ef3
fcb6fee3
fd0fe626
f9ccfef4
d405b1e4
f90df5ed
119cd12f
c2e90123
fd1514e8
379fe022
1cf2fc02
182619e5
3816baf8
04fef324
17b84ac9
1041f6df
f5d9d6e8
2a2dd8fa
f204e3da
20e1d71b
080b01fa
16faeef0
02e10ee7
30fc2e21
20fa3b09
22d2fce3
fd03ecc9
13222f04
1738f0ed
1d02ede5
01ec490d
10ef2a24
0e05e2fe
e9d00912
3deb08df
d90ce9e4
3eec45f1
17001726
0ad52827
b0e94ac9
f0fdf013
d6172aef
22f80509
ec03d2ef
e7fb01c5
e816080e
03322d01
2022e945
3f280afd
dc4a09df
eef83cd2
32030a20
3603192a
f20a0b08
0816f7f4
28cbc001
ff1bf3de
e1d3e61e
e7e5161f
e2eb0012
07feff03
fd1d2cff
17b20bfe
f1ad2cd3
28031ed7
32f9e021
00deedf3
f7f622ea
17fd2fbc
1bd3f0f7
f7020a19
ff05bc14
1309281c
07d41611
26d327fb
e5e7010f
f9e1f4c8
fc160e16
ea002afa
4de13612
04f6fc12
c71dfa18
27fde8ff
d7fe1513
d7fa00fd
1602051b
ea0d0f07
23d3d5f6
d8063de7
fd23b75b
460012fc
09383925
df1006f8
0f37cfce
deda152a
430e3d15
0de4fa04
28aa09e3
e0f80de8
21f0bbf9
f3f8f2dd
e411e0dd
e7d319ee
ba14d6f8
0b28010d
69ced812
0dff07fd
0001061e
380022ee
0703f0c1
3cd1bcb5
0cd99809
13fe21fa
1034ed1f
0320fd01
f917de04
bc13ceff
15fde0f9
182032f2
fee124ec
22f3e60d
def5f426
f0e42626
11fb460a
f6160de9
d329091e
febcfdef
14060c34
fd01e01b
f6f9e110
20f104ed
1a19fee3
d9eb012f
f629efe7
e2d22a11
ea35e72f
ffeb0d09
201a1922
2000f83a
c6ea07f2
d4d11c0c
e1e8d503
0fe7c135
da190e1b
0cff310c
0372de01
e5df0716
1fcff313
e40a171b
15b20de4
0fd432fd
bdeb2ad9
f60d040a
dbf1d8c8
fbcc09f0
ebe90f1f
e515c409
1ff70dfe
c1fde4ff
2e04320f
03410e19
f7e8f62d
0a07e2e3
02dedf00
e3fbef19
03eef6e0
1db5e0d7
df04f8f3
ec2200eb
13cfdb35
fbe04cfa
06cf0412
40170ccc
2a130fda
43f8022a
90ee4fea
f01101fe
f43dc40f
e0081407
0b100518
2129f5f4
09142e12
ded7f13b
e4d9f7ea
d83f2b01
ee030fd7
f80a1e34
daf7f719
052128f9
ed03eb0e
de9a4cd4
e0f53c27
0219db34
e807193c
f923df03
050e30ff
e5df17ff
1e62e2e1
fe30f41c
da1bd213
abdcf8f9
f9a5e02e
13f21924
00f230ea
e2b7192a
f2e01802
fc1c14ff
3830f202
dde30d0b
f0fdd101
2becadba
249ec600
04b3fed3
2ddf170e
1add13ee
d84d10e6
63fcf81f
16151ad1
d5ebb50d
d7a7d923
fbe8fff9
f5e1d8e4
1112fc34
190d4814
c1fdea2c
4647f027
dae6e9bd
c03a2dda
0c2a13fb
d7d02de4
bbecdc0c
fdde0512
0711e4f0
0a602f15
fc2a14ec
dff61cfa
01ec31df
fbd725e9
1d0e36df
efda2df0
060714fe
f6c2fa09
2ff3fb16
c5433c1d
ea050aee
ff1d28c8
293322fd
fbfc9705
e831e2dd
190e1f17
3ff7e4d0
2212ed4b
ec20eccd
b4a2d096
482c0c1d
fe18eb2b
c8ec23eb
06f91726
d2f5e529
e5e9f6fa
ff2837f6
efef06e9
f6caec20
31eff1e5
0a3cfcd2
b7fe34ce
0a1e2c56
f63ac7e2
eafe4be7
17de3a05
14ee002b
2d0d0b2b
f73d3fc7
1a4b56d0
e90d3bfd
cc2016fa
20b4121f
04ecccdd
0bfff708
19eee527
eff04ec7
e6521902
dbc9ce06
debc0115
f823f70a
be271ec9
b4e9b5c0
13253def
181de510
d700e3d8
c3d0ebfe
370adf2c
fb03e3f0
0d200ca4
0d193e19
efde1618
ffba2455
f30ac302
ed00dff6
7211fdff
08caf445
2119ee1b
ea43fbf7
013e54fd
f13a1ac0
e2132e09
9cdd2e06
010eb2ca
010335d1
0f0540c7
0726e8b6
e9d5e6fb
e7f9f326
f1f90c32
da19f815
0303fcfc
0c033506
f11a44e0
e71ec223
08cf41db
08200c54
d22a0c20
ed1aee16
0cfd160b
03eb2724
21fdf4fc
2feebe5a
52e6582d
ecaadbfd
f803eae8
a8f80c40
2455e8f4
00ebd91f
c7f6b3d7
37fde4f2
ead32603
39649bf2
2c13c713
0e270002
27480406
0cc51f28
c8d3254e
ede72a03
fddceadb
e5b4e9cb
1d333410
0322dfff
122c0ebc
ff4aeff8
b71e3123
165b1709
07230605
24f3e2ff
c3f8faea
e55bcb16
18dc440f
06e22212
d51a23fc
2d5105ef
d911dac4
1c6b3218
fe241f2f
fd1de6c1
14354132
e7ca1801
49fbfde2
0fe2e703
20090d14
cb23120b
030503fe
1ef0ec1a
ab1928fc
fff53507
e5bf0c07
ff2249c4
2bece40e
660feed5
7f0327e9
501deb8c
1efb2c15
f943eae8
ebb54826
f3e1bf58
e1ce23d9
b64945ea
fa1cddfe
0ad300db
0b13f814
04d6d1da
99d5f80b
e8f8f721
e3ef30fd
001e0af7
f743bde0
0917fef7
fc08091a
06281dde
1a280800
0def0721
0f0a230b
08e4ede0
a4e927d7
efe3b6f5
e00becdc
08f903f6
e826bbfa
8148bbfb
28181739
e410e136
e0d730eb
1b0e18da
fa0bd411
e2dfcd0f
0802062d
f81038f2
2411fa04
1362f0fa
a2e836f2
a3e313e2
3408c525
f23c2a0e
2d0702ea
db12dc21
d258d7e4
10d226d1
11f82b07
23bc13e3
2f10fb46
fa211f26
1d34e8d5
c2e811c5
d5e961e4
de021f11
01196a07
b9f7300b
7fdfdb3e
0d230716
e4d404d2
4912ec00
0cfb3516
ecf2c5e5
e1b2c8ee
d61c1bf5
cb0df329
fa22f707
edd1eb43
0013fb13
dee0ecf5
f2f90cf8
192adfe6
bfcf1fca
0d2f1ee9
fb1a2201
e6cdf6e1
40ef9c1a
294b19d9
2917bce8
da951b29
13241204
21e238fa
04fff51b
e1e6f729
fd0b0811
03f418e5
fbda0ef9
ddc9f754
ce20dcf4
5defde0b
1146cfe6
ecf727ef
e7f2fde5
d60de81f
fcf0c6fa
0922def9
57b8f8e8
23d3e927
092600ef
0394e010
f4cbfd1b
bdcdd12c
2a1bc6dc
e3f8f7d8
0d11f8fe
033f501b
0518ece9
17f303da
f71ee61c
df51d4fd
fe0705e5
f9181b19
c5f40305
cff32a00
05cc16ab
f1001c6e
1394dc3f
4212cf1a
f0081ef1
2c24f605
3faf0d0a
fc32e5fb
fa0dc7f7
dd16fc50
b428ce01
ddb729fa
f9dcff18
d4d81102
12dfd106
e622d70a
f7dbf81d
db81cee8
170fe93c
05d2a9f5
dcf9df25
2289da03
2cdfc4d2
6f0cc9cf
f0c622c0
01151ff6
1a430b3e
f7e8cde5
d30326d0
fe1fc988
19dfd8e8
f52420fe
f56a09f3
24e9efcd
070023c4
d323f3db
f813e03d
4b1d28be
2e281450
ff0d3cfe
03f80e28
2939f230
cf1b01fa
1bfdccdc
3de126f2
d306d533
3cfa36f8
eec90df1
f8e437c6
c6e4c905
b1f2f8f2
fd4a3c1f
38d50bd0
5925e4f7
f1160ded
ede5eef7
0decfacc
dada0cef
225a31f8
20fb13fa
9e97ee2c
002ced44
ecd903e4
12f01f09
fdeedf15
02e4bb00
1e05eca6
e7164604
202e2736
100fae1e
2f212fd8
1debe9f2
ffea01c5
e5f296dc
f20231f8
1b000c20
08dd18be
f5262d00
f5f746be
234a64f1
07fe25ef
f1120111
ba2ffcd7
3e0327f6
0e00dcbf
421e4318
f9ebcee0
09e22011
03e5ecfc
e8e12cb3
481052cd
f2ea2b03
1434c4e9
d92b1c36
c62408fc
dfef7fa6
0b0ff714
15bb00c6
050efa1c
03e617e2
bc1b2547
edfd092c
e5e0aae3
540e34ef
032820f4
fb3e203e
17b5512d
ff110316
1d33182c
ea43f3e5
f8e30007
c4eebaf0
06050108
28c82bda
22dc1ae5
e1cbef1b
f228fd00
50e21ab6
ca163ab0
d3af9a13
0818d1d9
1ccccd25
cb06d8e4
f84dd8ef
5a05632c
b5e12813
e32206ee
c20a3cc8
04d3d1e1
f97b2441
cd381325
e938eae5
16a3d905
9399e7f7
3cd51d05
ba38191f
f22fdf2b
07d74528
ebedd8d1
eed22df0
41e7f831
0d002a2f
e1120335
45a4271a
0a1baf0c
f9e9c327
17c6da10
f8daf705
ec040312
13fa0917
5cea1c0c
440ecddc
04021bfb
dd5a2102
ebe8ef28
17ff9e09
fe370a49
e2f1f1ef
ffe0d113
2539ec1b
0e210711
c0d65ed0
24f43fd7
ece4d400
ecdb061e
38e3e134
e415faef
d329dfd7
f70cefdf
195bbc2f
d413f4e9
f5f7e70e
d4222f36
fae60bc8
2cfae205
fffa2d4a
fd2a0a0a
e5f2056e
303111eb
2bf013f8
22d11ddd
e4f20142
1d0d300c
ddfcc5ed
12314bc5
03022e07
3a1cf839
100d3afb
16eee3e8
1be00334
0f012dbd
d44f23ff
160ecc08
0f02fc05
f1addff0
2f335803
1141d73b
ed13fcdb
e6f6ff0c
08f7f318
f97f0ff9
19f9d322
efca0a34
3620cc0c
0c2b1221
0230baa8
fff9c42a
0b08f027
063ce70a
f2cf1017
0d14f805
f5d30807
efe9200a
13e6da30
1d10f6d3
c8f50a05
1b21c8fe
e619e5f0
20c704c4
e610d302
0d512cb1
110ffff0
c5ddcc02
2df11d03
f0fff3e9
472cfaf1
eff2f1c7
28f140ff
c08142ed
fb277f18
03cae8e3
dee42ef3
06f181f5
46e0f4e9
13f54f03
02dc0a0a
f900d4da
2704e4fb
81c5bf20
284f11ef
c602eb00
f92d1c0d
eae21134
dd0febed
32252df4
ae3a00c8
b545ed19
ffd8eb09
0ff817ed
10eefe04
48140bfc
1fd204e2
2436f923
d1e3cadd
2addb811
e6eb1f02
09d3ea25
f5f0dfc3
d30d0627
e1f3e01a
bdd317e9
ecfdca24
e60933eb
e002eded
3225e423
080ac2fa
1524db16
ff0452e8
fc0d2811
e8000615
e8ea3bfe
0c03f2d9
29eb4303
0b11fb0f
21f6ae0c
1adcfcdb
d8eb1d0c
c90025d8
f229f2de
11e6f3fe
0b2007f8
edf2190c
38e2ac2c
fe03e230
0ecdc90a
1dff2335
df01c80e
d910e8d8
04fd240e
f508da06
bb04fbee
e817030c
fd0158ed
40273cfc
d5e308fe
e1e4ee0a
090b06f1
da3b2f10
dd5a0f13
fde33ae8
edfcfee8
ec18002f
01063e25
33bae400
fff9dff4
d6aafed0
041522e4
debdfd09
24dd02df
28e339dd
18a6e408
e233e62a
114b0de9
dbcf31d6
093af0b2
0c0fcd0a
e71304d2
110e0c17
3d01d405
09c41b15
38d1f011
f608d811
0caa1006
ea15131d
fddb562d
eff0e22f
3ebee9fb
00fece05
d71529e2
0521e4f9
eff6f0d1
e8e7aed5
1bffed28
ecf700e6
060dff03
d218f607
ffefffec
1cbdf7c3
e2fdfed5
07ee38f4
d81dee21
ffef25df
c632eefb
1ee62113
f034fc3c
14de1ef5
15feab3a
f7fc37de
1ceaef04
f30807f4
f731f4c8
1517e407
ee0fea03
c8c1f0e2
fe184f0b
eef4230c
22a3f4ec
cd3c12e1
46e0da1d
cccb9d01
e725100d
f3e7ed09
7fcc17cf
fc0edc30
f3f901f0
c6f2344b
d50d33d1
31e2fbe2
280a4593
021ce1fa
e410f6e6
1d142bdd
d642dbe2
da0c0424
fb38fc11
2ffcabe0
ed321dd8
dcb20be9
3317fbde
da08fbfa
f20415f8
1bf7fbb2
d0022a4c
0822e6c4
145442f0
3808f0cc
5313020d
0419d71f
4cf1cf04
ecc30c11
ba2158c5
cffafff6
14eed205
d2190321
120f0116
b9edbd01
fb12fe2c
1646f201
fed33a1c
ea21f412
ad272d20
3714c4e1
0cfad60a
e6f2fedd
e5eae8f2
fa05fb17
d62b0bd1
15d9d80e
cce68f1f
1bdf40f5
f129c3cb
0d4c0b24
ff57fdd4
eee62ece
e0ff02f9
f609e005
ee30a5e8
e31ee3ed
10164033
08fcb00e
e208fc43
d84ddfff
e40ec634
b4f6a9fc
01020ef7
52edfa0f
ff53110d
dc052ce0
f30dea0d
1cd60226
c88a35f3
f548e30a
00e407fb
2c39c00f
d416feec
eafd1e08
f824f1f1
0019b3e4
2be91fc9
00d4aef6
f8eab8be
24e8f8e8
efd04537
fbddf8df
d7fc1540
24e919e4
33cdf1e4
ccf801fb
f708d323
070dcb17
17fccdeb
b21a05f2
dee40a0a
16dbefe5
e6fb0a2e
e900eb0a
2f12050c
e3fffc33
ed2d6c06
2af7d2c8
f8fbd6ce
13e3043e
00f0171c
f2155237
3206e260
021bfb3e
fc2226ef
fae4faf1
e561b60d
cceeccd5
3217e7e8
042df4ec
14fed94b
ce23d779
abe7b8fb
2616aa01
efe71a1a
f70addee
26fa3b2b
41ef4b01
03e81b13
47fc19ee
62117f11
0adb01eb
041e2fc4
2df20dfe
4f1dfb1f
1c1615e3
f3021fb7
bc2de810
df280307
ce19230a
d5ff17d1
a8e1d3c4
ef01e5ea
e0087dd9
08b33e15
bbf3c1db
3f50c215
d5f9e105
3c08f018
240fd51a
fdc6bde7
f805edf5
2a07a00d
dfe0f5d3
0ceafd15
50ec8dec
f024e2db
091afbef
b5da01ef
31080430
20fd5a03
fe2bc805
e2212706
18eef80b
f4050205
e7dc0c01
2c1f2d1e
2a1719e7
ec23b31a
0ab904bc
c32ce3f9
021e01e2
f2c8dfdb
1d13f1cf
ca13c6fb
2b0e1a04
f50d346e
1adf0ef1
32070a14
0c0fe70f
f4e51112
16ccd4fd
1004e5ef
fc0505f1
22ec1702
fb1ddc10
02b7fbff
1d12c903
f30607f6
e5d92900
18d7f6d7
ca2c23f9
f21a2f0a
0cf0bd03
a330032a
4724f7f3
dc19bade
00ebf0f4
36fce33e
06042efd
e20ac91c
f72442d3
f19105f5
f4e234ec
dcdfe115
05f619ed
1a042fd3
f42a0a15
fee80619
f5d531fa
1d05f318
e603faf9
1407d3fe
f907de0d
0cd92925
27fd2610
f617f018
df471b2c
2acd0624
091006fb
edcee12d
141af53b
dc36db49
0dcd2ade
18e0f6df
18ee0d1b
1115b7f1
0b3828fd
fd1ab301
0d1311e4
38d7292b
fbf8c5ea
fef40645
311be8e4
1218f3f1
05f60fe5
aadf02e4
f7cc41f9
e2cb04df
0701fadb
01d712be
3a241117
d2ed3cdf
1633c2dc
ff27a9e3
1b06076e
20bbf136
efed06f5
f207efd7
eb3bf1c4
fabef7c1
16f8371c
17470df1
1a9efbeb
ebfcc612
1abeedd2
19f8d104
ef22070d
eba523f6
07daf8ed
0ac21322
31c5e824
4ccbe4f4
47f21016
0d0717fb
d1dbc4e8
fafe2422
06ea3015
2005cee4
25370ef1
23cb68b9
22d4cbcd
d5a909e1
03e0240a
defb9322
0cec40d2
dc26f016
d7cfe9b1
185434e7
f909f022
f0f9c244
f73720f9
5fbe1814
14011c1c
02f91a09
0c482a11
f33817fd
fd241e0a
ff096617
09d337fa
19d547f4
ff010bf5
0ee0d3c0
ee05c70a
e031c71d
e53b0ff8
ed1cdaec
d706e413
eb053637
ede242e3
fd420701
2b04f30e
107f1110
ebf407fd
0dd9e1fb
1bf5f0e6
1e04d5e1
08e63cff
13c3b508
10f7d3f7
32a7d5da
c9fbcbff
2409bab5
f0c70f08
24f72a1e
0e024fd5
10141a09
03332f0c
d92432de
0cde44d2
c0e6ecee
f429ce1d
0ee844cd
29f8fee2
e8fbd8fc
04c60f2e
fa20ced8
03df22fc
f01bafc5
affd4943
e8ec23fa
e709e911
eaf01bf9
0d161b1f
27211e18
ee0c0110
fc2743fc
19f52aeb
beec5a01
ce065fff
161e3328
f40866e3
e00d05c2
c1ff0918
d22b0eff
0ff01115
49ea1d11
0110fc1d
e13ebe09
ccd505e2
ff0f58fa
0ae6defd
0feceb94
01390200
38ac3829
1740d400
f9e5cb2d
8bed0d34
f9eed3f7
e0bbd5bb
dfcb0f7f
11ecc816
facafa41
26000a1f
0f0e86e1
0b5de927
d9fee152
ea23cc12
1e164536
d5a8fdd5
2a265c00
18172e57
cc24fa11
fb36ecd3
582023e1
d119e1f8
eff815f4
e8f021e1
e50cd41c
3c18ff22
f945dc19
24b70fec
d70eecd0
1014d8d3
e1eb151c
e2520a0b
150702e0
ecf51b00
e7f0fdef
22cf1f46
d14135ef
e509bb00
00c894f8
eaff33e8
ef8e20e2
2b0d0adf
ea1902cb
b70ce84b
e42ef1eb
f7440ecd
fbf001fa
22f893fd
1ed3be16
c51f0713
33d3e808
1601f01a
53d31712
202310f4
09d4c905
6057090e
1d2935eb
0beacbf1
02df0a08
dbef0309
e7f222f5
f319e4c9
01e112dc
1dfad7f3
1633f7eb
f92fd3e3
c5e90a00
b4bee9e1
fffbe8f8
655b27e6
01e50ceb
01cbd618
ad1ddcba
1bfd170a
422bf222
2e07083c
42eaf118
f23e0f2a
ed1634dd
fd2915f5
f0e24f0e
15ecfefa
ff0ce633
060fdd29
cf1ef5ef
01f1c1ea
e2e732d0
c3f2fd18
1c02f911
0b014400
c4e409d9
e0213437
122714e5
072b44d5
f53a0f16
c8fed2f5
c5e12a1d
e4eed505
13b913f1
2c010306
101033de
0fee0cfc
fdf250f6
f0fee458
6507b3ec
2ef702fe
21bfdfea
23e7eadd
244631ca
dde313fc
0208c9bc
13db0716
dd1c010d
18f0dd04
11ddd4eb
d1c6f425
052fcddd
6bfccf09
f3ed600d
de2b2ff1
dde115fa
2508e523
dafa3ff2
f0462810
482202fd
c40af5f5
06124a2f
15a4daf5
d9d5dbba
1aeff718
3618f7c7
c3f00d46
e4dbf945
60fb0ddb
0ed9df0a
d1133319
28e3cdf1
1c0aeac7
eaf12b1c
9dec12f2
31e5c113
1af0cde5
ffd1452f
411f12f7
c8f040b0
1fe3170b
dcfc353e
137332d8
01d8f3f0
2ff7ed0f
0ab0fe12
fd23d12a
09400517
16c5e7fd
072e14ef
49221715
042adab4
feebecfb
01f0cb04
7fd71d08
df16f929
163ae604
15451ee2
02591bfc
20fd1810
dd3f1bec
00fb29d4
f9e237e7
f4292df0
261cda01
01d91314
3adadafd
9be5dcfe
a2fdf6dd
ef154c00
d330f0ee
1945370a
1debffe8
083a012e
017f0ff6
531640e8
321ad606
fc0fce0c
20bf15b5
21310afe
0a082208
cfe12b81
fcf1f5da
fc24cf2a
d810a213
ff233525
17e7ff06
29020f61
f808f30f
05b2e1ca
0e0febea
c1bb181a
c6fdead6
02f41aca
28c7eee1
f31d96ea
02fc06de
f9c44af6
002605c8
fa3dea1b
1ff5ece3
05d95ff4
08eee818
0d09f907
c0f4dd18
e1f7eac7
e902cd1b
2918e82e
20d82de1
02f5fb06
c5a0fa13
c23e0914
efed170d
1e1f991a
20f60f1b
c42efe24
0b16e406
fb21ebd1
0527e51b
2a3c32f0
18490215
09012644
eabdf1cf
ec23de23
dd24e0ee
feb64de3
2a032f10
bd440326
0e07fa01
043b37eb
0de8293e
fb123511
eed23b1b
032d4a04
ce05dbf0
0726f61f
fffcfe19
05060355
2c12daf0
be29decf
2fc71605
07f8dff0
d800ed40
0c2104d1
18b33efb
ece4e7a8
25efede9
efd1cfd3
1b376f0e
1322f814
1e2a11f2
06f6bd12
f316eb19
f347d9e1
eb0413d9
3f27e023
10cb0bfa
fef136ce
cfe94cfa
e7bd9f2f
10fafadb
d7eff103
86dae8e5
ec490207
3b0a0a01
f8f9f6c4
9a26a732
13383bf0
0d1b370e
e6e1ea14
eaf02000
c41bfcf4
090f550b
03f30203
06ec05d1
38ca16f9
2b3a4102
01f9241a
fbdb2414
57ef240e
0ec7d722
f53326cd
0e3ef814
14e2c833
e904e9e5
fc490005
0e17f908
069de7f4
ef10c322
f0d50dfa
5a392616
0cd9112d
1f062406
0e34f10d
ec2f14e1
0b07b322
d4d5a115
fe2a56fd
3ac9ddc7
6b340cca
2cdef8ff
eaeeb021
09e4f20a
062d2138
ecfa05e5
f32528f0
2bed2e28
17062518
cc1b00ff
f8eada28
fdae3434
46110dec
29b39c1e
13f9e2f3
42fd0ed6
1c2b1525
d4c7c01c
0e311bd3
f80301fc
48c62521
10d7be07
0fd428f9
c2d8d014
d80504bf
c3fdf128
2827f80a
0cc9120a
16f866f3
14d73bf7
02dbce05
0748dd1a
e9e99bef
090aeb17
faedcd1e
151eb612
ea4a26d5
f40413cd
00f6f7fe
05e33326
42f543c7
d7ea14fa
4047ea25
27eccee7
13181006
abbc091a
0604401d
1cf10908
66310c1d
29efd200
d9fbdbef
1ded18ea
dd1e2dee
d081c2de
06e80f11
ebfce41d
d65910d4
3b00bd01
e4ec3518
e2626ed3
efca1797
07ffe9fc
01da02fa
36240603
004a4a23
310946eb
17ed1e50
29fb0ff6
15160b25
08fd1ef1
f82e232c
aabdd7fc
ec034e40
fedcf3e0
431638dc
2e01d4a7
0bdb39d8
3adee9bf
fdfe2a01
ccdb00f9
e56bdecd
a0239f2f
0c3ffa20
ea1da817
e2eadd07
0ba82c13
04fc2ae3
cae122ee
1a3eedef
1ceeec18
16fc20c2
e51bfa02
fbcc3b18
034c0b03
f54509f4
49cfe419
013bf7ee
0bea34fb
211ccdea
08fb3307
45fbf847
fbde0e1c
04e5fee7
e66a0917
eb04fc00
d9a5efc2
2a1c0732
ea10e420
20b41b3b
2a28c80a
050bd2f8
2709f5f3
5c1b1847
09e722f1
f44ad4a9
c10c0514
f4eb011e
1aed9d08
f870cafc
e9360f04
ebea15f8
f20ff7f0
22120d63
2009f323
1a4fa916
f4fad82a
07e4f8ef
18e93bfd
40da4113
1e0604f9
d215e217
c1c23025
1aec81f0
de080c00
f5f92900
fd0341f9
f809f700
0d21fade
33de200f
ba0111f3
240c1312
11d209f2
fdd82c31
d4ee2600
d310d014
e7e10e0d
f6dac32b
edd4d10a
28fb2711
e437f51f
071af802
abf9dafa
b124f70d
2fffd5e2
2610c7f4
15afd9f2
18c6f217
1b0de6ee
02f5e30d
17026535
e12414c5
f9ecebf0
e836c110
ed6ddc2f
e4f7d404
2301e1d5
fde6e402
08dff228
a5c3cced
2515f6dc
aff116eb
46f705dd
f6c9dd20
33dc981a
f7f01204
ff311bd1
be320c34
35e3c20f
e8f7de02
0eb9cf12
481c510b
1109a3ca
dfe118e3
0aedbb0d
029c08fc
03d20209
341b28dd
2a6bc4f5
092b13eb
1f18f0fb
09dffae0
1bc40a07
0f2e4606
010dcc0c
c80de8f8
fb47e3a2
22e9ee2c
1be5051d
09321d29
d6e4cace
ebda1f07
2abd2607
fac2e2f6
f60aaee5
dcc90ccf
f1c8bd1a
f7230518
462c1443
2be4f1c1
0cf133ee
c01b32ec
08170fd5
eb0432c6
daf72a04
030bfedc
4cea00e3
e220d404
021918fe
ebf5dbf8
bfb309d7
332aed32
abe30a01
0919091b
f90f28fe
410fe230
f1362e06
10c6e3c1
271af804
070963d2
04f71503
0822dce2
02f93bc8
18652dcb
e20368fd
0f3f26ec
0824e003
c821cff5
2235f715
0d130a1b
05d1d221
bb261e16
e90d4b19
e6d12f23
f947f40f
03f6e0d7
03f6e318
48201133
1916c753
38161edc
10d01520
f032c5fc
2923fb2f
1bfbe6e3
11f30db6
18f3d0d8
fb0fd124
2004ed15
2df6eeec
16cae2f1
35061e0c
d5f5d00d
d805e0cf
d0131d05
10130cd9
54251f20
bee57f0f
18c5f900
11cf4567
090014fc
09feecfb
effa450b
1017ba34
0df22bfc
42f80d15
dec012fe
e29f1a29
16031c67
4fe12dfc
e1bf660c
f4cb0c1d
8c963522
d4e5fef0
c8a80805
1511acce
f411ee36
20e6d6d9
d8d917fe
fcd31be1
062ada43
d2d4c0cd
0eca00f2
41e2e7df
1210b002
f1ff12ff
880bee3b
ef1523ff
3cf1f221
e4f7e7cb
cff6fd00
27eed512
bcfaecc9
20c4ead8
d308db19
f12b3cd9
3d09c02b
2040fd19
360feec8
12f2f1d7
4426d7f4
71dca102
012a430f
1df4ef16
1429f810
49dd14e5
06e0f8e4
feed26cd
e4e4302e
fe0c1ed8
02320cd2
f829e522
25e47803
3fd7232d
271d3603
e726fd24
0b0c01d6
58fafa1d
51051a32
1e261f19
0512e40b
bbff66f7
f233f0ff
0cfe330f
47f5341b
da0e110d
ed201e03
f030cf11
13e8e5ee
d8810c40
ebccd0e6
203b2d2b
0ecef4f2
290fd2ef
1d03f3fb
1486ac35
27f904cf
c7fbf0ec
0cd4faf6
be12f216
1ad9d591
e5e40f09
4bf31ef5
df09e58c
0bdd357f
ba0d16e5
eb0f252f
3ef10eed
e0fcd307
ecdf8a0c
c21318f1
2113bae2
d448d8fe
35a51341
f40be108
3216b226
f9e94dc7
07e90924
291d4c07
43e2035b
26f8d7fe
ebb927e3
3e22da10
d66fecb7
04252805
a30cbe1a
da31b8fe
e8da09d0
dcfb55d4
3b0ced06
e92f2c34
fef01703
0abae724
e7eb0bf6
7fd2f1f2
03e82146
49e22231
d0daf7d2
d6db2ff1
3f0be83a
1ef21d12
1aabde47
bd2dfed5
f00522e8
d70a10e5
171ce41c
46f74ef3
3ab5c62f
dd0ef83b
fddb06f6
ef26a428
306f1d24
4b48c5da
c805ef05
f031e2da
09ee01fa
f90ffbdf
e90d672c
0238f9de
051914c0
de26e4d4
3ef55bc9
e6e8d810
f3dc0320
d8f02aff
0df8f306
2f331def
165cd9a6
f655dff7
03f2eae5
05314412
f89d3a19
e04749e5
f8f42c05
0010e307
0322fe3f
242aedec
fc3ee520
ca12d3e4
17e1ea08
01fd23fc
f53ddb28
f135f403
f431042a
7e17eeee
a81f17e6
08c6b1d9
14f7fcd6
db2d4b19
e4ee1900
acd426fd
ed0844b8
d9bae906
14c4f619
cb603813
e32db8d8
e520ef1b
f621e5f8
0fe5fbfc
f72fe5ef
13f81a13
f00d360a
a7183706
1bf412fd
e1380fc4
f5f63119
4b41e5cf
f0acc34c
f70e41ec
3c35e111
f1c6f8d0
0ab7f414
1002dbfc
f4070d58
cb06eacb
0befdd17
2547f502
eb09ee1c
c1dd161b
1d123718
cb1925f4
f814f828
4dff12fc
f8303e36
fc7f202e
3019101a
1df50fef
0a610a45
e01ff526
2f0a2ef5
20e89123
e6f1e6db
d62714f3
4303c705
12e20112
090b40e9
4edccdd0
01d2d122
b6f610e3
1c37d11f
3a0511b6
2fdfe730
21e0d0ee
2924def9
15e9e1f8
052effda
302d45fb
0251f450
e3470b2c
edfbebff
2e1cdaff
041d0ccd
01f208d7
c5f50202
18caff13
3d04fb5e
11e34704
2ad0c401
f3dd3113
1e2ff12a
34eabb1a
f7025838
fef5f5f6
49e2fc06
dff8d5fc
5221e12a
d75bd504
feeb0ed4
2e53292a
c8080b03
50c402e4
eef6d31b
d91cfa0b
15b832de
0bf3ed1d
db2a26c1
0c1a37ff
25311df7
9fdf2e1e
d4e1330e
42d9d1e9
e4e3d106
eb00bc15
0ae8147f
221c1781
06124a05
cbf83307
35f9019d
f42c28f2
27d8ead9
f2ebda0b
d169bdd4
15d00f08
151ff4f9
4b14e02d
01e90a8f
20c030e1
04d92e03
1b2e4a14
26d5001c
e9241f4f
fac7d50a
19f7ac17
f91a19f4
f2cace00
ecc79de2
2e030923
1725e617
1df01800
eb17c4fe
0420fbfc
f5d33e1b
0912f42e
c6150ae0
1f15eff3
ce2735dc
d558d90b
a415b71d
1271d2d4
e5eed8ef
bf18041a
bbee2f01
3b1a1f0f
2713f03a
932359c0
19170be3
d917e1e6
4bf1f71a
162efb2d
1704f905
28dd0e03
421b3cef
fbe404c4
f7062c00
0ad5fb1c
26df4736
cc07ffcb
15e22d22
0bf2d1f3
be310a14
0b08ce04
00cc44f9
d0efe0fc
293d16fb
da3f17f6
2acb1a11
7fed81d8
baf83739
2af72121
1dde230f
13e43431
18e81c3d
e7461fe3
d62c1cb1
ffe334fa
1fede5ef
2ed409d2
c4bdf8e9
b2de07d7
0fce3a14
b91dc80e
24d3f4f8
eafc4806
3010cbf3
3344dd4c
d0ecd181
e9e6d1f9
1d9bedd7
621de90d
db0d01e6
f4bf0925
d90942c1
0c18dd15
ff0426ce
4b11f5f2
f81b1dfd
c7e1dfe2
01c49feb
ffd2a7ee
14e8d6f5
1906b51f
1ef0cf01
ffc7d9e8
e679e1cf
de01380c
32e7f916
f11afb06
55c9021b
f617de14
e7fa132e
f51bfe07
2cda17eb
b0fdfc1e
13e609d6
d2e7f8d8
be482010
f9021bf8
2e31fcfe
12f34b45
05c5fb1f
07c7dfcb
19dfcf3b
e6e7fc0f
d4d50a20
90fe31e9
1eea0af3
0fc5f311
07eefbd7
30e3c70f
3e06287f
0304d41b
0c210614
09e92407
23b1c435
180ce526
06274809
0e3b3ad1
360bf653
fffd13fc
2a24dbfa
4505b834
e4feb22a
2cf10306
18fee2c6
24ea26c5
483a2714
0cc61fdb
fa101f04
e2ef181c
13d468d9
4208f0de
f403eff9
b4c35413
2e42143a
3cfbfc15
ca311ed5
55029c1e
06d3dddf
d465ee2a
f9fff445
f0e6ec01
3e3761fc
08b21200
4ef6f321
f9dff61d
d7ead8c2
5409f9ef
f401369c
fdc2b804
18efd0cf
d7e7f5fd
cfa9d01d
d2dce3f7
efd9e246
ed18df38
f538e415
2ec4b7cc
f81bddfb
294e074a
d4f42eea
06d13ed0
d25e371e
fdf8d729
b4ff55d9
ae0dee27
7fc83416
2e18f2e4
d11b030e
1953fddb
e0da1df5
dcf0cb38
b630cfcd
00fd2818
281e05e4
e811e9da
2b1ef812
00ebfc12
ccd908fb
f6ff06c6
ef1801e7
c30b23ea
e0fff430
10021bd6
4817b0fd
fc1cfce0
07beb1fd
1bd4e5f6
f5f9df91
112416db
521b4d0d
04b02807
38ccf139
e2c7f1b9
fdeced0b
ea16270d
fbe3d7cb
05d2fdde
faede804
ddfc11c6
05f917fc
e60d3945
d6050fb1
e40c08f6
10e8ecf8
d2d33d08
23136b0d
ef2129f9
190dd9e3
6d180716
1503ecea
fc165629
0b1d0202
f21ef6df
f9dfe107
45e5eee8
c807203b
e3d10fdc
1dd315df
f505d9dc
0518e622
d0df0024
20c313ce
2cecf6da
ceecd327
baf215e1
f9f5c800
e7130c0e
d9e9f34a
0e921ff0
e0d4de28
f0e52cf4
521847b7
f023f2f9
13f2f404
c6f30316
52092fe7
e513feb9
fad32d0f
f11303ff
fc05ff06
0b290d22
01f6d6ee
20fa202d
d50524e5
3bd6df0f
d001012c
0cf12415
f3ff30e4
02e3eefe
2211c2fe
3c0eeaf3
212722ff
ee32e52a
edf7eb2e
122af626
00f101d2
c5fd04ff
ebe905f0
3219fdeb
dcfeda23
1c1e02e8
1af50b11
f1040e00
0ceb274b
081800e6
ddd507f7
0d0239df
3827f0bc
161217e4
02f80a13
fa0d0b00
0e21f9f2
261b4503
0f0009e7
f3200301
0ae5e1e5
f217e8ec
c603ec17
eec7ba2d
11fdfb0c
0e1ad4fc
1acefdf9
e9ecdf1a
32fc1dfd
0ab20f13
0ef8fcd4
0eeadc1a
ee28f203
f2215bee
d2181501
d537430a
3cc5f6e2
f9e0fd1f
d31d3d35
ff1f05df
e5000111
cfdffad2
0501f20d
31dc2f1b
46ead9f3
ccef0a03
313d0106
d91222f9
043c041b
f60dbfe2
00fbf3ff
0517fbe0
0df81108
22b305d4
12f9ec02
0eeb0afd
0d241904
3be6d5bf
f5391c24
15f1dc1c
e9160acd
180cd4ef
25df44e0
f7f1c62d
d3db0be5
04fee32e
f6f21400
0deb672d
c107f110
3a20d5e4
2ffad4f6
14f71349
e60701e0
d6fdfcf8
33ef4e0b
eef323f7
0d07c128
f6e8e3dc
f72c0540
08f70204
0c1d29e8
d408f0f2
ff38d51c
1a110c1a
d0f007f3
3b4af8fd
d30d3b11
f3eb120f
f7f12528
d8eab6f1
18e5eeeb
001f3b25
be000f1f
130005f7
edcafb9f
0d461335
1fdb1fc1
39fbed2a
efef130a
06382907
ed070107
03e712fd
1f21f618
ef27d8f0
4a0503f3
2b1214e8
0cdfd814
cbf5e5f3
1801d501
0140f6f3
e0f01312
eaf6ee1e
103a1ef8
36ff0228
13f31d0d
25050afe
cd0ff9fa
2625d1ed
3d032c0e
13fe4302
fb0808a9
5505fc17
fefbe707
2f5127f9
fc21f62a
270d221b
03f10fc1
07200205
15d7d74c
d7fa420e
ef2713ff
ef241d1e
2e0ccd03
fe2def12
1ad9de00
01c6e027
0f103430
2dfae3f5
41050cf5
1dfaf71b
3c000f17
c02721ee
ecf4e406
e81bfb3a
f706d2e9
66d93404
0454dd1c
fd012001
a30ff6e4
fddce70e
ccf5dfed
491ddb0b
f9faf596
c7f91807
f0cce40c
0929140e
2200e9ea
1817f9ec
deeb0447
f6f811f1
0b02d909
e6ed173b
e0f41ffc
14f7e423
a33332ee
1be00b16
4e2843fd
0203b314
1cf9364b
30fbe728
0eecf1ff
eee12cd3
e9f3e753
45f1e508
fb0110ee
15d2c20a
0ee0f40b
e641cff5
ee090400
1a083ff9
ebf320a6
d7f1211b
fed70a03
38cd3930
bfdaef00
fe24d80f
20f13af6
c96f0713
eafa1807
ff3d1be8
eb25f02f
e4ce40e9
eada08ee
1bf6fd06
1746e6ee
f4e8e504
35070e32
e3d4258f
effade06
05fa03f1
f908d9dd
1003f8de
e8c70b19
e7f90b07
04061616
f5fef79c
02f7ea2a
0518e902
f418fadd
ecf12e0d
d2feca08
cbf4e50a
10fb0918
26dc0334
01040525
10230d29
cc282cd0
e911ea06
53ffdcee
d215cd05
00cfdce1
06dade23
781fc430
ea1d2004
34f6f3c7
1c1ebf1c
07e62a02
fbd204e2
ae191ddb
3800f2f8
e0f32ffe
fed533b9
fd08070f
8c21050a
2cfb21fc
f1e5eedb
0232f606
46f3ffd3
11139e03
f8ded7f5
ddf4e50b
bcfae6e2
21f56125
010ce72f
7fe300d5
f7d9d51a
a8460ae7
dccb0240
12f66a13
e7f803e6
06cadd17
fae00a1e
0e150dd4
1344ebe4
f3101ee2
f6f300d8
ec0aeae0
f7fceae8
1f002609
dc2609f8
dff6f43e
f0fa0ee6
b70911fc
eee31d39
05f0e0c2
c6121101
0ed629fa
10ecfb57
1416162c
fb26130f
f114c809
edfef6cb
e457dc2d
1efc02ea
ed0917f4
cefae9f7
0f1b28fe
f2e73301
e1e7fdc4
d010fcea
dc0ae2c4
03091321
29f50b1b
f0fe0d1f
1840aede
f7300622
0a11e053
04f6f522
ecf8db66
241f0ae1
e2cfc0e4
31fe1506
1ee5c6f6
da48d9f6
b2b7f81d
f8c9e720
061df4e5
1aec1b1a
eab1100e
32c6d5d3
e119fffd
049719f7
e5fcea21
f309df0e
082bbfc9
32f0e009
ea0d0e11
2ad1100b
2035ff28
1f59e5f1
ed13291e
f2fb054f
f22e15cd
1011d602
c623d3f3
29efd732
2330e3de
cb0b0434
dc1bd133
fefe1945
fa1c0d0e
12e2fd11
2bd4f101
0601d305
e80bd9fd
f6eadebd
d51819d3
12f816f0
d0dd0f02
c2e500f4
3d1dc4f3
de0acbe5
160009fc
d5e9d323
06f90d00
07d505d3
0bfcef0d
bef2cb06
bdf119fd
ddbae0d0
dc3ac91f
f5c5f800
cdd4f040
280c3e38
e4ff17d1
fade1cdd
08f70b0e
d22cfb05
d30228c6
ed12fe06
1f0cf822
08110521
ddf603ee
4feff2c2
fa01d6fe
e3000c12
cef50fb8
d706fa1c
173409f0
0221c204
f4fddee4
0015d10c
d6d3e7f8
f7fe2216
31141323
00e6fed2
bde8074a
0a06ed26
e90807e5
41ccd01c
f915fbfb
28f7c8fc
10dc30fa
26f2e101
471ce022
e302123a
2204f804
fc06f2e3
fdccd6f8
1cedf507
040e1add
0ccf11fe
07d8f2fd
19fef515
fbfdecf7
140e0222
5d3129ea
670ef81d
4ce0c7f4
eebdcd06
24de3435
c710070d
e7eaeb06
ee033f18
cadd1cea
151c2df9
a10cc0b3
fe1a18fd
570c0e08
1bea02f8
f31723fd
f7190e14
f7f712e0
f2cffbf8
b1dcebd7
d89de9fb
fb0e1034
c8fcf2cc
c2274033
db1604f5
e5dfff09
2ded1507
f519ff30
270df37f
18fd17fb
030c0f01
00ff0f15
0d27f0ee
f611100a
ef43280a
1ec21cd7
b608160f
d60cac4b
0ba91128
14e2e5e8
cae8c400
0e16d20d
f130e916
00fa0106
27cf2018
dcfebf16
53ee0823
e7f3e4c4
8808310d
05dba60f
060fcc16
292516ca
1b2e170e
fae9ed0c
12132f13
f00df0be
f30a0810
3a02dfda
0d0b031b
d02802cd
cf25c9e1
3e11fe0c
34251de9
c615ce15
19e8c810
cb3e43f9
0cf20901
1c362919
493e0a2c
c0171420
ec0002dd
0cde4517
c7fff71a
172ce7f6
020c40cf
f81cd43e
0d2ef5d0
152b05e4
f2073b03
ee0407ef
28dcdbf5
0bcceee2
1a11f40d
fae9fb03
0915cfe8
1701fad6
f1eef8f8
e514cb40
f6fefa0d
0bc6f8bd
eff2fb1d
3613f507
f6221215
3bf5f9e1
e7d6c210
1a06ebcf
3a152210
26dff9a4
18c8cf17
2730e510
ddf4e4e8
d606f40f
e90acc1a
09f5e007
e2e4d523
10370018
d620ad39
b9fa2cf8
0228f61c
c4efdb24
f2e4e906
35f12e02
e801f10b
331109fa
ecda0ada
df2d291b
072a4012
e6e8101d
f428dd37
060743eb
2625c11f
c8e73bc9
f0c3c60a
fa5b0911
110913f6
3bc7eaff
f40e08e7
1927f3ff
fef6ff17
cef4f4a2
f940f71e
13160dfd
0ff71000
ccf700f8
06e9fbfa
031f191f
ee09d302
400512df
d21913d8
f8ffe624
1e28f01a
1ce5eff9
d0210f05
f722f21f
1f04160e
f706fec7
097f011f
fcef05d0
ffc80e00
db04ef06
12f60dfb
d3d0f23c
a530ecfc
f7dffef7
e0f4141a
d52dff0c
03ebe00e
11f1f8e2
d1fa0b3e
d60ffef9
023b1a27
bbec1c43
36141e17
ca1e22e3
81334e1f
cf0c2b4f
fe000dd3
1c012dec
3d0c0cfc
0b17eba2
e89a0f23
dfedd037
1bc404fd
28052f04
cf0fb9c7
d7f1f632
1025e5da
18f5e1dd
c9ffdffd
efe52103
b2dd1717
04de13ce
44e92bee
010215f5
f9180400
38082534
0feffe0c
09e9d856
d616e500
ce07e807
d1e02810
201222d7
2923aef3
2f2db92a
e5fef614
13291bf6
3bf602ed
1ce6e809
d714cd25
ed03e437
dae714f9
f2cf1de8
2103c32f
e6370610
1fda310f
24fa00da
f8001285
e9e8e0e8
26fbfbcd
cbfa4937
1d4beef9
faf029bc
1822e50b
2314d7e8
29e5d605
2edcfc39
1ce0f905
1ae60e00
f0e1f41c
1ec52c17
d7e01715
e91247f7
e50a0af3
ff0918e5
0be8dbfb
f20d2213
eef6ca2b
13dcf90e
13eb21cd
0621cde0
aff3f83c
ffff1d2d
ef0f061b
e3ee22e0
0c161a20
17f61fdc
c20a0111
c1e4e711
01f22100
ec042455
1ce0090c
16f63058
d502b9ff
0afd200c
f404040b
cf16139d
ec150b1f
1012e7d7
2125f41d
ee2aef09
dda6e031
fa02072d
fed5f701
4dfbdeda
07d6ed03
010df13d
1915e116
29e70c02
02ca033e
0e2dea08
e60d08f8
f10fc303
25baf3f9
f01af0e4
1307151e
e0f3ebe4
1ae2e10b
f8f51f01
2c31d709
f8100f00
39fc2522
d710fcff
df11182e
4cfaf22e
082ed4a1
fbf60dfd
fd351cfc
e1f0db13
d60011ff
0ffa0345
c4ef17fe
161805f2
23eaf0f0
1f11261a
f905120a
e60cdde7
06f0d8f1
12101910
eee8d700
4d2018d4
11f4ff0d
0301fcc2
eeeedbf9
e11918f8
201eef15
cb0c2eee
bde61304
fa06190b
fba4251f
ed8104d1
cd08bbfb
02f11616
caf5f7e5
f4062af2
c4fac4eb
b7d4eaf1
0ee5d8e0
f1f62230
bff7e519
500728f9
082e12e3
f5f4ea12
cd0af313
31f110e9
fb4432ea
d50a23f7
eb19e0fa
0113faed
502ad73c
f8c6f9e9
f8fff8c5
f1ddeceb
063e1039
14c8f21b
de0f3010
ffe7c31a
24ffcd1b
3205f83d
e30ddde3
2fe8af43
f8fddbfb
f50217e3
fdf610df
d40fe4e6
da1aecd6
ff01eff3
33e70618
0914f6d6
01feeafe
e308cd0b
5a2e330c
dfd3f833
1406da02
17f70af5
e02c1408
060608ce
01d0f8c4
14082805
e10f07ee
f1ecdbf2
1d27fc26
fde0ef00
2bd80408
e5fd13c9
3b412a00
07b918e2
54330404
e1f0bff8
11f5e72f
d9f31efd
f1d90905
dceff752
2ebb1208
eb17d1fe
b912c51c
1ce93307
f415faea
16fb122a
15ecf4f1
401524ca
23ed3034
ed0ff315
1ae5dbfa
2013dbb0
27270840
1f4924b6
f00f2406
c4f52414
dff6c53f
b01319ce
e018e003
4fea0ae8
ce2beb1c
e4f9f9c5
440c4805
2aef14ec
1cfdf528
f0ede9a8
20e8d005
0109f2fa
0b2ced04
ec3a14bb
10020107
f91e16cb
e9f1fc08
0beaf440
0b05e324
f5fd05e7
27e1040a
fd05190d
1601131f
0607233f
150808f4
0408ff04
0d36fbef
0c0acaf2
b9131928
f0f4511f
0d04e6f9
a1110e2f
0c4c0e17
2330ecf5
44f2fadf
12e601e6
fc1c1f33
eebbfcf6
18d21e08
dec0e42f
f21bd4fd
f1000408
0608e2f0
ea091c06
2418eeed
f7e1101b
ce17ccf0
2ef1d655
0ecd0c2a
bdfe1208
08172404
d0d73323
f816e6d1
e2fa06c5
3b01e704
b1fce0c8
18f13bf9
c10508da
f008f508
fd3af511
d8dcd7b1
eddbf9ca
db36bd03
151ef51d
f13c18de
ee0c051f
d70204ed
fa0026fd
3d1df4f1
0fd8f621
04efe1e2
02180ddc
f9e8fec6
cef8e700
286df4f6
e2ed1cfa
e9d61295
1103f804
c8c61715
e31f03c4
d4c038a6
f01ffef4
e01e2403
1104d9c3
05d3fd0d
02eceaf6
181c10ff
c2ec236e
c1f5ec21
d2e4ee2c
2c102df9
27f818dc
20e4d424
e7f5f4cd
ff14d608
d727f9e2
06cabff0
01bb0017
cecd31fe
17fddcfa
d8073811
0bf7e20e
de03d914
e4036fe9
d8b7fad9
dd040013
f4091806
1d1a12ec
07cbccd5
ecf7ea32
130cd3dc
440b0232
f2f52116
4235ec05
21df27f7
2ff2f504
0e23e4ea
2409e6d3
372e1a0e
38fd1a12
0f251ce1
59041c14
42edfa22
f312f6fc
dff31af5
df40c029
fe2de414
05eee618
169e0ed7
f819b8df
0c04effe
131905e7
feeb5827
040e220b
faff01dd
d30fe466
163fe421
450d0905
fc08eeec
42ecc3df
2de20af4
f11328df
f00a1d2d
28ccd6e8
e41317f2
ff2d0dd9
ceb8e40c
fb081e0a
39ee0323
f90622d8
ef22ef0c
050fcff0
f4c0d1ff
e91bfff0
f1ea06f1
36e52212
0a1ef2d2
e4ea1c28
292bec4a
0514002f
081228fb
294ff050
e6f8e3eb
0103150a
fbd3ef0b
2d052916
55fcd9f9
323f0509
21e401cd
194a30eb
d026eff6
e420b810
52e9f2ea
f7ec1500
b3e631d2
e8010a0b
ffc0d3ed
eae4fb20
0fe70002
f405dc1b
1ef7ed40
e7ff29dd
080acfe7
20f80cd2
b71916cf
e9dfd1b2
1c13df32
26091c0d
291fdc23
28f7f623
4311fce1
e2e81ca8
eb1df115
f911e1fd
c6372600
0f05e60e
04f8bbd1
f30d0c67
f5f91eeb
f111161d
24f00227
19e323f2
dfe0fde8
d0f00311
1528fff2
1c130f27
042a19e3
fbddcf47
e8092de0
c903f5fe
122bfb0d
0500ed16
fbf4e523
c5fefef9
1c1330f2
f5e9a920
f1c64904
d4d6ee3c
ff010c30
eff8ecdf
152200d7
120b30ee
ec17de0f
d8e3fef7
193cd9fa
cef80232
529cf1d5
f14709f4
0281e22d
12ed15cc
e31224e6
0b099816
c8e2431a
0d18c049
ff0adae5
1dbec839
0f01e0f5
1e4ded3d
a50b1e04
3a20bf0e
f3e4e79b
d042bcff
ff13ffeb
4711dce1
eb42e8d0
1be32076
c9f802f4
c7fe2be7
0d181c14
df07d60d
c6060014
221cda2f
a914f1e6
d9f4ead6
ff09f001
fdf0061e
0d18f8e0
1aee4fd1
2b1cf8ed
1cf1021e
13384b0c
e2ee50db
e41c04ed
f7da39f5
1a08fbee
f611b4c3
e5d4fdc0
b6dc21ee
ee2a1b20
04191104
e8051b0d
ca272bf5
0cff09ba
d1fdcaec
f2f1cc28
9d11d205
dd14e1fd
c2edef07
192213e7
0ad316f8
ed64eaf9
0443c72c
0b1906d1
fc1321e8
d803332b
170202c8
fc102814
d6295f00
d0230221
e8c204a0
f1d0ea30
07110c23
20ef11e0
5ad01a1f
2ad20626
0c10dcf1
2607f717
28090324
18dee4ee
2dd9447f
013234ba
fae74337
12e7e9e7
0b0c05f7
2efdd70c
ee28dc10
07f4eeed
02d813df
c825c819
1a23fe0a
e811f10a
071cc921
d4222c27
f8fe0910
020a49f2
6216aa18
42543bda
17220a4f
d4edd219
ff2fe1f7
1c172002
35044431
0d11df4c
96210eeb
d0e7d322
06de0a1d
151d2d9f
16080801
ffdcc7d7
cef897ec
111b12fa
1606df55
fc1ad8e1
d9e9f20c
d30405fc
ec3ee617
0cf51d0e
d016e321
ffdcd7f8
f8e1c904
a0bf3bcf
ea23e99b
0e45fdce
04fc09dc
5120cfd9
20ede91b
022d17f7
e415d6d6
2eedef42
2ef2f107
0cb52f26
1e200409
03f99ff0
e8f8dde2
55eb1ae5
0e00c4fe
00131c31
dd21b70e
e9efc324
e6e7d611
2b0be709
b6fd1ebd
1c6d042d
06033031
0ae807f9
eee70ff5
d9e8ec1f
0c7fe111
3b1e16fc
cef4f31e
0af9f42e
efd7d82f
fbd00bf9
eb1cfb18
3c05ef0e
0410300b
ecd528ec
feea2899
1fc5f6e9
441914ad
a103282c
dadb2504
b42fe6fa
c5d34fe5
d132e31c
25fafdf2
2ef0370c
1d01b209
e8ed1ec5
08db11fd
e91fbafc
ef0ff8cd
e909ed0e
c00911d8
2b4edf06
bde0430d
1d12fed1
23012504
16160ad5
22f7f5ea
271ce4da
bdfae6a8
0b20d416
19cd0023
20fa0e0d
d7e1f740
c11cc9c2
c7e9e4f9
5c0f09de
1704da2c
32270eea
f8fe26e7
d7f0f1db
2deba9e0
4b192423
e118ecee
04bafad1
09f1bce2
2b1409fe
c9edfee1
f344d7de
2a3daf0f
0f0488eb
13e5b9f7
f5f896a3
3cfb0b30
bd121833
f3fe13dc
df16e002
e5dced3c
effa3f06
5310efc8
d80df50f
14ccf615
2a26efe5
41200224
54d95ffd
17e1feff
0e3209fe
4b0dc6e2
0253e51e
fb200ffd
c4cfdaf3
dae9d925
5202e02e
c41ae929
30eee106
d30cc406
dcc3eb16
081f3a0c
2e11faf7
2fe9e5e2
34e837e7
d3fedbf1
00340c0c
f31ecaf2
e64eb60f
f1f3cced
e2311836
0a04ef16
0610caf6
381505f7
fffffe32
46e60e01
c6e2f3cd
11f00ceb
003515c5
77ff28e7
23050e01
31e80cec
f501130a
2931140d
f8132e10
efd5e842
18b4ca0e
25d427d8
0710fbe0
2d1ffdfa
19c60837
4f283c1f
4be6fdfe
35392cc3
111bef0f
fd12103d
f4fe072c
b026f066
0a0e1901
19edf41f
e124e938
dffdd26e
25a50af6
6d1c1a0e
11fb1740
0ac93ab3
422de7dd
0513eee5
0628a406
d2d9f907
15dbf4ef
0a099e90
0a2cc1ed
48da07f6
cbf244b4
17fa24fb
ebe6e5da
ddfffbe6
113ded1c
f80a0fca
f8ff1c1c
28a54e11
b5fa3919
ede521f6
282ee005
0cf01ac7
5064e0e7
e8fff0f1
f816e518
da0ff525
e910ecfc
e929ce06
d83461de
9a0b2c19
fddc2129
a6e8f208
0d2a05ec
f10dc8f7
01ecf959
ecbd1010
391c105b
c4351503
ffd4f211
1705e8b0
e639e0ac
d5eff4d5
412f002a
25d31901
3f293ccc
e42146ec
e83aee08
17ea14ff
d12afc1c
3b0724ee
150d2036
02f23fef
f639c110
e2ffbf28
e30e3102
0eea2ff0
1de3c4ee
25e4cea7
cfe6c8a7
19acdaf9
5bcddd43
eae81413
c73020dd
fc7f0f47
ed3e372e
093a15ed
3fea1b24
e61f0725
b51dd40c
fbd5a1d7
581629ee
2eeddacf
ec222e08
c81ac6f5
000de311
d94f45e9
62f01df0
d204effb
c4cf1ee2
0bfc22e3
0c042442
81ed0720
f702e6ff
38e96103
45ff0611
01fcfaea
b7431001
d3e03acb
55e82c17
ee3eff49
cd000ace
f6f5f612
0bfcc406
22f029cb
e5fa07e5
26ff0a27
1113aa02
2e28f223
b31bda35
3bf42f0d
bffff6fd
3aedfef6
cf4a20d3
29ee062c
2cb21c30
db04d1f3
e0ec140b
21d628ef
040805ff
c210c42d
dedaf4fa
32090a90
49151fee
42013212
ae411109
4fe317f1
4b4e0938
eff7c708
094e1231
f7333606
1432ed05
e52c1e30
2b030cfa
159dfbfe
322418ec
efe9ebd0
3d0626c1
d8ea2c19
e4160eb6
022816d3
c932ffd9
fc0da102
edf7ddf4
dc31ffe2
17300f51
f813e327
2710ecd4
f4c1dee0
fcd3e89d
f2f8cd27
1fd5d22c
e03f30c3
25d40437
05023297
c7fae549
fa34f019
151a2113
1109ecce
33f41c18
1def2066
e5df03f8
7f1705cc
12ffdd1f
fcb5f4f9
15f5fdf7
2f200308
0035f2ed
e1e9cfd7
19402ae8
eefec64f
44f7e80b
f141d7b0
41e806a7
0ce0620e
e0061618
c104d5de
effd04c9
f9dd1f09
1222b6d1
22010e38
ebd60ee6
14fcee0f
3620e319
42130b07
23470600
00f30aba
0a0c323a
fc36147f
1c24edea
03ebfcf0
fb19fe17
0af8f8ee
c8f9fdae
1eecf810
dcdc1f2f
f003f2e3
f2192c0a
f4bfed22
d9dd1c1f
48164d20
153af102
c6f2cada
cde206df
1f0f1a16
0b42dbe3
f0cb2100
e3de14dd
e711c27f
0b5fe5e1
090ffceb
280502d4
13bbee0d
08fa4401
26d8d30d
2ef9081e
16d083fa
15e3f808
f5152be1
fdf0fcd4
09320805
12f8bf43
e4f6be16
24fe09f0
ed00ca04
fe130cd4
9a1ada58
f31814bb
e60900a4
fc2feafd
ace51bdb
c020af0e
cae04902
e38b01f7
12fdee3f
01df4a08
c71ad8bb
eefd15fd
5dfef11e
180525fa
c81e17cb
3ef601eb
d0f8e32e
f2dc25fa
e82702f0
e6e81210
a12821d5
f9419c38
26f9fe11
351612ef
2af22600
1ce606da
d2db1801
2cd2f1dc
3202f9e1
db1df0e3
2bf9c9ec
fe3b0802
d235110f
c804ed19
22250117
fbf72024
4508fafd
d3c64029
f332e6d8
d824bcf4
f3163324
3605147d
01061aee
21e716d7
e6310500
fe273720
1fa916e2
d4be0cf4
e70a1a0a
18f015d9
25463ef4
b7e323ef
f31202f4
bd4688b2
0f024212
b51711c1
1923e2e5
23ed0514
0826d65c
07061952
f01e4317
15e73bd2
f6161cfc
4504dff3
fff1ff00
0e08101a
fad4e5d8
dedc19c0
0ef20513
383e3a2b
0afff7e7
4afd0ef9
01fb100f
5cde02be
e4ccd139
f6f12a06
1e1f1943
f7c22abb
c7d0eb14
c1fb110c
ed0f08fa
e0275870
f5daef1c
1025e5d1
00f30ece
d8ad6bd9
1159d635
4b1aeeee
fb095017
cc09f0e7
efed043f
b9f96bd4
cf20ef1d
0c0d2720
ec4b38bf
d923f3f3
e0d725ef
2001cc1c
3fbe3bc1
ca1521ec
1b13baef
48cbfe14
041c20ec
f604330d
fb06f215
c806f01c
dac84435
0615d7e1
fbdeede3
f6daba03
dd0b1ab9
1cf50b09
0ce9140f
151b05f9
2f014248
0bf2b611
da1e3f19
f82bc612
f2102e1c
f4f501fe
1edbf5d2
1d19e6c5
09be1e55
45fa0cfa
f3fed7ef
c00b3fd5
209af1f5
4f2704fb
e00916cb
21282929
f9fe2501
d4f7332b
070d161e
0d1369f0
ff1534d1
3ef9f4df
fed9d9f3
14f71c27
dbec3c1f
f52efef1
18e3f3f9
c5faf21c
0ae920a6
0903f411
03f61906
ecd6f816
1e14f8ef
f800c6c8
a9f925d3
d51adafc
29081516
13fdd5dc
5b32fbed
27fabc03
f212fa03
2d0f06f5
c411fbd8
24de9fd2
08d32733
f725f53e
ace2119f
20442bcf
46ec0620
0ae40d04
c1fa0dda
28f9f539
10b92109
ffe5b2f7
fcf8022a
2507b2f3
1df5f248
151e18dd
e1300da7
36fb4c18
f3fd21ec
3f2ffef3
f5e1fa08
fa281134
f8c0140d
c653100c
dbdeece7
bf16f03d
05f12df8
e01cc41b
4de72249
f218060c
f2fcf52e
3ae610f3
c7264628
31c2e7c9
0ad5dc12
271bf3f9
10ea1d09
13fa180f
31ff2df1
0ff3102a
f903bbeb
fe3117f9
e8e37fdc
28230c12
1009f31c
ee1f28f6
eaabfbfd
0d1deec1
c408d41f
1042f0cf
1a5b010a
39fe1e12
36f113fb
07f22385
17d00126
1c482703
e2e231f4
f22eaf28
0b24230a
be22c0fc
e2f948cf
fa13da14
de170411
da35d729
031afebf
21f15928
09d73002
edf6eff8
b233f225
eacb02ee
efe71b0e
b9c4d9e4
d23c020b
f60de4f2
ffb71c0d
f62b19f9
171b080a
2b0babf0
ce130cfb
f008282a
c0cecee4
2719fac8
e108d2df
cdc21bff
de12ebec
d001d427
0a5b0deb
61eb46fd
cb031106
0b00d849
09def3fb
d7e0bff1
1207e9ab
05f3fd49
11d3ea27
f0060510
f61b2ccd
e10af8db
041bffdb
39f009d0
41140ccf
19443604
f3b6dc0e
373aec15
0f05d6f7
37efca32
da03ebe5
da1c5913
08e707bd
000f35e5
ef051af9
f2121c06
730d0b0c
e217c320
0a0ad1b7
2522f215
3ded170e
d1ee512f
d72bf8fc
150ac1f8
0943f807
1b02ea28
169745e9
13e92cdd
0ac81ae8
fbf5c213
e0ebe4ec
a1e4d5db
cce0eccf
d4c19b09
162617c6
31ea092c
f2251dfc
e91a0305
14e5e238
d604065c
1f42e1c4
df370cef
eefdf4e0
1c1ecdf0
1be91222
0cf8e91c
f6f22a26
cbbee0f1
cee409ed
1f14d2d1
db2b5bfb
1cf81204
0c092a0c
12cd2404
0af826cd
17d127f5
e2e3deeb
06fbe407
2e0ed6f7
2de82a06
38fb13f1
fef03e12
ccf1222d
1a132208
dfcf1e11
ebfbd6e1
1d0c203b
d0fcf414
e30d21de
f4e8410f
012eee18
01ee1504
d011d8b9
c90e64cf
28fb1434
f9ded8f8
e018be17
fae82754
e04de9d5
d0cdd8b1
05f917e4
e31c267f
0e280b17
6a1a3912
e70315fd
10f40d59
070720c0
ecadd408
e0991106
3f08300e
3e222d1c
09f7ef05
24efe6e1
0827fd08
07dc02fd
1e0d0027
13202a05
dec6ec20
fcc120f1
f21dfa25
dfed08ea
b5d5db47
1b06d809
01049d28
cd1e1926
0de548d6
288c1404
490827e9
e22ff8f3
e4eba177
19f7edfe
01f834e9
09161c31
20d333ff
fe390af2
db003a1f
001528f4
15ffef23
3ded21c7
eb427f0a
3bfcffc8
eff0e044
f8f4ed0f
120732f9
11104dfc
e127e8f7
5117e3f0
cf3a5006
460e331b
4041d4ce
cf1713d1
d15af734
f924e9d6
e2ef1e72
fb02df37
e4ed03fb
535bea17
210ebcdf
2237df00
20dade0b
06ede82f
390426f2
39d9ebd2
d325d6f1
d6cb0731
e9fdb714
eaf5bfef
0ee9f80e
ec13ec17
c0fb480d
03d10328
2b1a0525
3ff81b14
efd3f0dd
21f10a09
dafd40f8
ec236529
16f19579
07f7d3eb
dde810d1
b4fdee01
e902b631
d70d0a0b
eefc0000
29083b21
2b14e11d
1cd2e9d7
20e308ec
f5dce515
34e4e9e4
0b0747cc
0bef0605
0b321a03
172089b8
fe120000
0aefdb0f
12b610f6
0a3f3e04
1409c423
301e1cff
29ed3afe
f4e6c7f7
3438e9f8
f87ffe1c
ef02fdf4
fad50507
19121120
e0192ddd
0def0b19
f220db36
fbb107a3
19e8c91e
3b02f602
f720c753
132b3e07
edfadf17
e7e21e2b
f1fcbab6
f1eefbe9
1340b6fd
e7e2db1a
d8ee27fe
0cf8e5ed
02c5e202
1d07160c
4211e9f8
44e4c9f8
4c2504d1
04dbf9d3
ed1e1604
d2e926cc
2704f4fb
d3061f0d
b40d2eeb
123fd3cc
0b2eff30
00db141e
e3160bc5
bb1003cb
e181dfbe
1ffbc2e7
0a08310a
f2d620fb
fef71bd2
3d1147f1
0cfaba5a
d333f0f6
f4dd37d5
561e30d8
ef17b103
c632e8ce
e3dd023a
29ebec1e
c7cbf0d3
000b2d17
0ae7fae5
2ef0fce8
2c0d0ede
f74dfc21
2009d2f2
deb0221c
0eecff01
122c0505
023deff9
1dfed448
efe2fc41
be340832
da0a18cb
e027ecf2
0e10d489
dd2036ed
d927bcfb
2c08fdf2
56011cff
e423f720
14d9b01a
03d4fcf6
1deeb8e0
2528e91f
ae0cdec1
eae6cc06
ecc537bf
1f980ab6
e5290ae3
d9ff3fe8
42122304
06b6b4ee
e3e924cf
10f8010f
fafbf794
0004d435
bf1816f8
1e06df13
34ea1f47
323319df
1720f5de
0b0ad2fd
bedd37f2
00fdf807
ed35fb2f
fcdeedf1
b910ece6
e423ebd8
e4f23009
14ff16dc
46301815
d4218ad6
0eebfdd0
f929fdfa
0051f04f
c7efee0c
9f47e40c
26f1dcf1
d3c7d8e0
19470ae5
d50047d1
265fd00d
efe619fd
ed1622f5
0528cf0f
01010e17
13e43003
19efceea
133dfc81
f5f0d506
fcd42702
e2ebff0e
2f014108
e3f1ffff
0cdff663
0a240022
de3d53ca
1c220ee8
c0f5db02
ecffa7df
23fbcdf9
0edf23ba
375106e4
390542d6
2ae7eb0a
fc250a0a
d2edf5f0
efdb01f6
112bd8e6
33dfc7c3
edd417b8
f5d709b6
2c23ddeb
cf0bf5fa
23f70d17
17d23e34
09e3fdd0
01fba59d
102cf1f4
13fddffb
0c41f20d
0cff9f0d
4b4f41d3
b024c300
fded400f
b2fc3422
09d04a3a
f212fb0a
0fec26c5
f6aa7ffc
c15538da
1c282803
f229eae4
03f0f732
0cc6e82d
280b0ffd
1fafff2c
10cffeef
cdfdddff
eef618dc
672bf412
ccff16d8
44dffc15
16bfd905
200b0a1a
f4ef00f1
06ee12d5
e512aee2
9ebef705
03241b23
fe4a480e
e219e6c8
33081803
fadcf811
df3022f9
0c083913
11c0e3e5
21090fae
f6b3e024
0305e2ed
def8dee8
a0f7ff26
d4ecdccd
c3dcb090
d9e61bf2
070b1bc8
3b0310e4
10d7511e
1623342e
57f8ce0b
ff26030c
17cff8f1
f0d32c11
1afed0e3
9def9901
f9e2141e
0a35023b
fa65fbe4
2b381ee9
f60d38e6
c293081b
d6372e92
0a4ae985
fab1f8dc
17e8260c
dafa0618
c3bd812e
eb03ffff
250544ee
f5dde85b
facf4ee3
f0b7e9f2
030467f2
e00f0914
07e6d0ba
ac3b2e07
2d4c02d0
03120330
eb041f3f
d7d20f14
1f184d45
eeb022df
0b20f025
9fdaf1f7
d7a1f1db
cd1303c6
07c6f8b8
0dd9ece1
bbfd14d7
03fef7f5
d4e11102
f20ec905
e6a602ff
5e01f3d4
fee624fd
1751ca2e
23e50a14
fed7e805
53e7b4d0
1509d5fd
1e3a231e
d736f322
c3fbf3cd
d912072f
d4c110ce
1b24b924
00d11241
0d1b190c
e5cfd4fd
230bdcc6
fc0ff8e7
037ff910
5c02b408
39b23e0b
a3a61b18
0fcf28f4
003a49fd
ece4c5d3
4cd8041c
e0cae8dc
1c5c1ffc
e6cf53e4
4dcbe6d7
e0e0feef
dfe505f7
2ce2aefa
21f6afc1
22e9e1d0
0202f25a
0a4fddf8
29120a10
1402fefd
2f08ca1d
13df7f08
5c150fd5
fc0705f1
ff0ab032
c8f2e0e8
60ce0d53
e63415f5
be08fb1c
dd4242f6
020f3a39
f4001b0f
f521fc09
e7dc9807
34bee664
11c1d3f5
4ef20bf2
ffbb0b0e
d9edb9a9
1f170be8
fffd2515
00c90527
f4d6ee27
0b091ed6
0020f813
eedb59d7
0df9c51b
ce0af646
e3f4022b
0e102c01
1be03805
0d0f053f
18330020
29fdca1b
fd0142e6
ebccfb37
af2ef718
ef25f3f2
ae1f1800
e6fb452c
d419e2dc
28ef0eef
49efdac4
1729a7a8
cefc0017
d03fecf6
230529b8
1ddee6e9
36fee71f
b846dcf9
e1ebce31
fefcf33b
2f041225
490125e9
e12aff14
e4dff70d
c2f800f8
173b50f0
23ebf42c
ef1d0433
27b73a09
ecda4404
29ef531d
eeec1620
1fbe40df
1f1d2b19
26d8082f
d81a3d94
e3adbaee
4ec4fd14
ee532f1b
f216ed09
3610fee4
2a110afd
07e5b5e5
2fdad20a
09fc29ff
fafb16f7
3eb4a6e7
01f5fb2d
c600f60d
08f4e4d2
291dfdcf
54bf15f3
d95a4b0b
b3d62ee8
07fbd6fc
f937be2c
1002e90e
271fedf1
1d05f62c
0de1c844
4d062e79
efebfb20
0b0a4ba8
1f04ecb7
9a380127
edd2f4b0
c1040111
2cfbcdbe
2de144c5
12db46e5
f116c532
c50cfff7
21f9ce20
b6cd500c
1cd33f01
ffaceddb
e6f809f2
eab8f40c
d3f11a06
34d43aee
d5c1c416
f923de54
43e9fc0d
ede63ae4
edd7df15
f20ebefe
be0ad4ef
d75ceb13
d3fc353d
d8f6e0e0
e6d4bbfc
e816aa3e
f3060929
3162ce17
f7fca5e5
eb03bd2f
e02be901
b71df330
ec4190d8
e119e1ee
c4c9370d
05085d28
09004beb
13ef1e08
f31ff51e
1eeee556
ff0fde00
d221d12d
01e2f1f6
1806dd0c
f937ece1
393006e5
d7f5e6e8
1f29ee03
1ee5d981
f370f0fc
3a07eada
fb2b7712
0f1b4ed6
0d02bebe
c20508fa
d7eb111e
ce1edfd7
d322d6c7
bd3b2100
19f316e1
f7e51b14
f4be15ea
fda25226
160c1ad3
97e92c21
e839c110
0ef71cde
f0dd1fed
12fe0207
05dab6fd
2bb2eeea
07093625
ffd4d812
31eb0dc3
1933220f
2c34060a
880a0408
d1c0dbe2
2307ea1f
edf1c73a
3818daf5
ee0be800
1806f3d7
f9187e10
eafc03e3
d0270ebb
15f20e06
e010cc99
18d80519
1c0920e9
bcfe1147
4804c6e7
dd23e1ee
f7fb1de3
00211607
2910c1eb
0e0afd16
e3f3f808
2c1afce6
13f523fa
044ac9ed
ff21e710
09da1323
d62f0400
eb0d4d01
2cf7ddf8
15f20d03
faffce1a
1c27c5f0
e6f1143c
0928fe0f
f19badfc
3ce3f721
c9f52807
21ce2ae1
0b2c02f7
e4d5a52c
03e1fac7
cff23925
3e0ed0ec
fb1e3534
f1ebf63f
f0c73928
1dcc90f5
3cee31fb
ec20e6b9
2905e8fa
1a2dadfc
e1f6e4ed
14c80bcf
29421a10
1333dbfb
e9271817
17e70ae2
bd6222bf
fbe1ec0d
0729e6ea
ebc3f4ea
e25ac91b
b8f2fa16
0c17baf1
f24411fc
14cdd2f1
14dbb3bd
43e31908
2ec302fd
a74ec4f6
db40f7f9
03ffc1da
c800e2f4
25df0608
caebecfe
b7e7ebf7
f82414f4
2506d017
f21268df
e4e83237
f6c4ddfa
02f6d437
42185107
e8058129
f7cdefe3
0cd11d37
f90918ed
e0f906d2
c3ec181a
f902e308
bcfbcef6
11f705cc
0a35dcc6
fde25fc0
bff2ede8
240fe3dc
fffec32a
2837fc03
15fdb0be
3912e616
18f8fd1e
580649fa
08ef1912
b42ad9f0
25f9045a
e6ccfbf3
c90aa8c7
0925e1dd
6f0fd5b2
2c01fd28
d8cb06f4
37fc4dd6
ebe4ca07
0b29f7d5
2f2304dc
3f2d3bf8
2df2c249
cb04a90b
f3ee2815
712621ff
ff26d0dd
d80523ec
38fafffc
17f8201d
28fe1f0e
2d172ecc
30bedbf4
c1cd02ea
0df5bb25
dea9ff0f
49dc09f6
d306f2d9
e2e3fbf6
2fd4df0b
c7f7b6ff
28fce4f6
cfff24fd
68dd1221
c20d169e
cc212135
f5f124c2
05193cbf
a2e8e7f2
2cf015eb
1337f721
ef0a5ee6
1209f81f
ddf22434
0be0d4e7
f3f606c4
0134333d
29450900
04ca2609
e8070d11
3507140c
280125c3
f5cb110b
1acd4011
274701ed
0ce4fb2a
0921e954
46e817c9
b016081c
e7f9e8f1
e1da0b29
7f1319eb
f4e7d2eb
d6029a25
1503f5e4
40b809ba
e1e6f110
5b01221c
e640fae1
fcc9d2f7
e6111ebc
59f71525
fb5d1f07
b1eb1408
24183717
d6f0e30f
0df61814
050cb5f3
ecd1e5f8
dc4cd83c
e220e4cb
32fb1025
12de202c
48f7e5e4
0f2525c1
9634c825
c6eb0003
46021f1a
9821f4e4
e7b881fa
1a2fd4ef
f1e40b27
2f422e0b
f2042d09
2727d30c
0bfa01da
0cf81d0f
309efbf8
2d03f452
eb280d55
ebf2dc0a
2409b7e4
de071010
c11d0ee8
ed43e575
2f19f7ef
fbf40c11
f6e0f6fe
05f81b21
f4144801
da15e6d7
fe3a0c12
d0f118b9
070f3120
30e8f9e6
491c28ef
0802fc1d
ddfbd435
e52de800
0ba6f42c
e636e0c0
e0a72406
bb280ae4
11ac4aff
32f52234
d5d44b19
2b04d131
2a1c2a02
180c02d3
fe03b2e8
59f0c9d7
073fb7bc
06dbe367
35f730fb
a9bcbce3
f6442225
111509bf
1849ea08
e907bac0
0223f243
0f07d11d
2a09163a
ba19f99d
14ace7fa
1a12be2a
d81b250b
1eddd503
e0d0fc1a
3c1bb405
29233f1f
05eff5f4
f7211a52
ebfcfc1a
11271818
b2d9f0d6
34dfbfe1
f517e0d5
0001003f
b01213d9
fe03b82c
fd331a2a
c553f50f
08232e34
d9f8e128
1bf20009
3329f627
bcd8ce38
db1629d7
e13aff28
2838dcfc
04ff1845
1222de2d
fb142799
1316daf8
0bfbb961
023b42d6
0be1050a
ee0eeff9
f8f20908
1bbefc16
3cf71db5
dd00a5c9
0a0dc412
b8d6e81e
c7b2e0f1
fdeede06
22bbda40
d20e090c
e1e2f071
58cd17e7
8cf5ee0e
e0dd3e12
c73319e4
e397df09
2500142d
c8e1facd
d014dd17
1a1d27e6
fa1101f2
02fe4bfb
0900cdce
04310b25
f315d3c8
68d2f54a
152d1815
ccc4190d
10163df6
20dff205
17ddc611
e92d29f1
47fbab04
eaff11f0
fa180dea
20d2ed1e
c5521af0
e01130fc
102733e9
00bdf734
25ba0200
0c07d113
07cdcab7
4119f2b9
f7cd077f
19f10cfa
16f60297
bae5f51f
4315e7de
f915c4e9
dd3b19ba
b53a07c0
ec1dd4f1
1dda1a21
0b060a02
31f7f1d0
0a1b45f4
0012e6c9
0ee62624
0b173e04
1cc8d3f9
dc9df0f5
f9f50f25
e714290e
021ed20b
7f2605d1
c4f5ee01
ffd61008
18ca27fa
f3c30a1a
dadb0149
d74b04e8
251a27df
2210b722
c904d95b
cdeb9012
f7275a32
ed03e422
d9262013
382c08fc
3745dd2a
eef6ffe4
15077f10
f4f7fb0c
2009e689
0b2531fc
f550da14
fde117f6
4ff703ef
6612d402
d7c71024
21e31902
e901d530
ba07da11
c0dae20b
c6d6bd0b
f7da780b
0de705fc
ccf7e4ff
0627f8c8
12a61bd9
e9d9e642
169df7b9
e4e63cf1
f728e2ef
be41ec5e
d6ddd9d5
fe223407
b92f0f44
ff210c0b
14dafd46
2317db19
14e1e5b6
101df83b
2f03d300
34b935c9
0a2bf6eb
0dd2bff5
1804d601
b7d5f8d2
e91af417
04d0f023
1d0ace19
f629e0f9
22fce883
f1bf251b
35c8fe31
cdc40f02
310b2aea
1e0f0124
fc1e2ee3
3aeb0211
091200dd
ea2824ed
211b3312
af17b91b
e6fc43e1
013cecd1
42ecd108
f1f11800
c39ed5b3
122f1a23
d8f207b2
2695ef39
ee27ff25
e3f7d320
29235004
1c05c1fc
4f452912
e4dcf304
090806d1
dbfbfbf4
1ef1d510
2d05280b
21e3220c
c2df1021
2736cc68
e13314ef
09e4f1d8
1de55317
ca280fd1
054e34a9
18ec0f18
591dd7ce
f4deee39
1bc31637
f6f6d028
fdc8fcf5
010a07eb
01de2d16
2b381d13
cb271b31
e11a062d
b1c9d134
f7a93601
fbd63bfc
07142537
bed94ef1
1b1e0327
02e52408
d42727f8
7fe13614
fcf8f0e5
dccbdd12
cef6fbc3
bc2c1ba0
11d2334b
0c10d1f0
160816ca
d2ea0a22
e6c0e3d1
bc2d3efe
5ff91d0a
b3ddf80d
2b14e808
09fa48dd
b4220531
0414fd0e
c69dc7f7
28f8f81b
ff01d9fc
ff241f00
16d8fe7a
1b000419
9bf3effc
01ef1432
46eb1d0c
f4f6dcee
0608e2f1
24eaf9f7
ce2603fe
1ed801ba
3ae7bddf
b911fdd1
d523f228
073aa317
e8df6706
b85006a1
22dbace8
f5f2091c
07f0e0fb
e5f3c706
b9df210a
f2a6f002
3f46c249
ff063812
e2c61daa
0500ec14
2bbcda15
050be5e4
e901002d
b936db18
def00fed
17a9d5e8
0a0bfc56
ddd4111a
0f1cf1f4
426fe000
26ed5829
e11fff07
6ce0f0f9
1a061f04
262620e2
22014d06
e84c2ca4
12f61cd9
010feadb
fcf42a1c
c8253014
5400e6ea
0b03e821
0c140b1b
110a0e10
14ec2018
d2d563fb
4dd85a09
070def1f
002b002a
2521e8e9
12110fe6
81f6e52b
e772d232
163feff4
e31c2905
e0e9da0d
e7ded028
edf0d2c9
2cc2f716
dbf9e247
fccfcf28
fdffe125
13fe0bfc
f336e601
9fdec359
082f41cc
f9bf1916
23e1fdbd
4eb6e3a8
261f02e5
211925f0
50fe0ad8
bef0f6a1
0cce1de6
67f1cbf1
0522dbbb
2c0821e3
b8070005
3adb16cd
27f7f4d8
de15fefe
27ffe0ae
1d122d23
fdebdbf3
d069f10d
e51907fa
e7cf13ec
f50ff129
fff85d53
da022b00
f1162702
28133238
f153d2eb
2d31e30b
24cab229
211207ef
edc25a51
a8dce80c
492320ea
00f1d703
0fe00ff2
effaeccd
f50de9e1
d7242d07
94da03f4
e8e73921
492cd8e8
301ffb4a
e2353201
44231618
f801290e
9f05f74c
3f20e1ec
380f00de
6f490524
09f9eced
d5c8ea43
ee11aff6
012210ea
f13dd256
37d8b12e
0b40e937
3b0ba4d7
e303b91d
161036ee
08003716
e6fe5af3
06d6e5e3
080b3ef6
d619111c
27ddf2de
113fd9cf
2730071b
2313dcee
e4c62505
16dd06b5
64dc3123
32e2eff5
c91b3b25
fde8ed03
f9a3cecc
c6fa291c
d305e0ee
272dae3c
e5de0018
d4040d4f
af041927
c7e0cdfc
4149f40d
cb0010f1
210e5ede
3cdbf855
ffd53514
c3d80518
c709ea0c
19b9268f
eeee07eb
f212d5d1
bd09201a
42330503
e744ff2d
22e8e522
110904c8
251b29eb
09a5cb28
ffeb2ea2
04edd01b
31f015db
110fe930
b9f70cf0
2826ea95
f7361bde
d2f5f0f4
fafc171b
efdcc2d8
29e50ffd
2bf309ce
2a05f7f8
00dbe83e
e1282220
f0f80d50
0a031ce5
ee1f2101
2a040cd6
f91cc904
f1fcc9ba
17360cb6
1f0bfa2f
06003d01
ed352f26
e7f2c4f1
06e2f50c
03d2c793
0d282a7f
12fbeb1a
09d8dcd8
0a120521
dde4ece0
f40af810
0536f341
13cdd50c
ebef10e9
fe38dbeb
1d02ead0
ec04003a
fd0cf8bf
ec1fdddd
0415f8ae
f1cd1b0f
0b11daf7
fd1d36ce
a7bcee2b
d0ddfbd5
1bf9e0cb
0facf2c1
e1f8f501
ed0a1505
190415ff
fff003f6
12e209a7
28f205fc
04040f07
fecf7c25
0c0f1201
f9b50024
f0b0f0d8
18bcf8f3
373afbf4
c7321c13
0a0af3f6
12f631d4
eae8ff15
dc4ef8c7
26d0c505
e90f2b10
1cff00dc
bedfe705
16d1ddda
1224f91e
20f114d6
0437f83d
2ee90312
f041db1e
081fe7ee
16020f16
fb08201b
e92cfd1e
1318dd43
32661a0a
e77ad71a
0bd4dbf4
97f51fff
3b07e2bc
0f33fef3
d4ea0baa
24f4f5e4
16003805
60fcfadd
f711dbd2
16fce627
0df6e0b9
10ccdc18
f638e934
27bb091b
f725fb05
e4ece323
f754ca07
1a0f0d8e
e0ff181d
0e14f8e1
fd19f00d
280ae6f5
0faaff01
6541b520
0006c0d9
fae71c1d
f00500f9
2015f915
e5cce73f
ba090d2a
0a400c33
111dd714
e20cece4
0f422159
eb0431c8
be2bea1e
8e3603f4
f3cc0b1c
f7d163dd
db0d0d30
14da0021
3df8b105
03e8d8ba
c91fed22
f431ffcb
0e1723cd
ffff1d2f
fac4d4e6
1c47e803
0af9093e
1fedfdf2
ea09e8ec
03e41ed5
02200c20
f11deef6
4acdca25
012e100b
ba3d49ee
f51608fc
234ee819
c9c4ffee
41144700
ad21f594
17f601e7
1df00374
2afae509
0e29f51b
e0f200ef
130838fb
f0cef50f
09e0d475
e21c1b28
08ce2eff
d2f30ab0
f3c707f0
22161402
e1200b3f
bd13def7
113b04f7
00def3ef
f952fcce
1f1ef715
c6dc1207
26fbde2c
003e3fdf
d5f60bb7
fe11fa00
fc091d8a
e8de1acc
d80dea11
dafce7e1
44f7d3f4
2d241d1b
f31318fc
1f18d6ff
27f4343c
0ac3fbe7
0e071430
0640f00b
39e02820
222e16dc
1d2320f8
010442fe
0ffd1054
eb010237
ea12fde8
fdc125fd
35fa33df
33e619f9
cad4bff8
2201d8df
d0f8f02a
17acf5fe
2ed53017
ed05cef9
31f002e1
ed11f913
ef29040b
dfef080b
9af51125
05e8f90b
1c2cf1ae
27fb0609
b9e3dd20
e8bc00f1
f6460e39
15154411
db2cd411
0eabfe21
18f40c0d
e0eae637
e503f6d8
c72bed2a
e936f306
3a0cedde
bfd8c2b3
05f3070f
fe3023b5
edcc3ef8
321826e9
d602161e
14d1f6bb
f8f24e2d
04f6bbf9
fb07ecff
ddf1c2d5
e1194da0
e2eec8ff
c2f94816
fcb32cdc
03ec2de4
e5d53d14
0ffe32f9
06d1d6b0
20e80cf6
26150f08
032322f1
2edf3035
f0e9e8f3
2f13ff15
f9fe0cff
031709e2
e120fb0d
f117f9db
f5f071fc
df02024c
26f31d1c
2a391a2d
1008070a
e710fe11
000efdfd
fdfef72e
0a057f05
21eef9da
e9e8e2bf
01fd003e
16eaf152
404311ff
d2072c48
38f2dcd8
dffd13e7
f1faf81b
02d6e6d4
ca03f5d5
0535f7d8
4c2af210
00e8e01a
409c122b
acf40dd0
0f08b0fc
e4d9d308
62f900f0
f106143c
220b5d12
291cdcee
e60010f3
41cee1e9
dbe2d322
c8e41ffd
fa183b25
18d7b6dd
8113c0ea
df4fd6ee
3bfa2cea
76fdd915
08e85709
4ab9fed3
220bd1e9
f7fc0d39
f71e412b
23e307e1
e3e1f9d9
1c14f81c
dc0be8f7
d628bc07
01f80031
0a090ef3
1545dfb8
28080102
05fff926
3f12efe7
0a060d1e
f40df7e3
bec3f338
fa0afbec
3610f0ee
f3efebd2
ef0fc31e
40ff0b42
28d41416
d9223ec6
e84cfafe
0d3f1205
fdd732fe
beedcd21
003f071b
2081fee9
c1c414ff
efec13dd
3ae22413
0fdab9f1
182e04fe
fef6213d
e8f60620
03901502
1018db09
0cf2d3d0
36080edb
0167d9f0
db12d83b
a4362d0a
f821d503
2a092007
3f251222
0719db0c
ebfb100c
0e0ceb23
4a29fd0d
f7efef0c
c8fa331e
c019e1ff
c90cdbfe
ed1b34ed
b60ae3c3
faf803cd
17cd43ff
f014d7f4
d10bdefc
04350310
ebe07207
f7dbcd11
fdf8071f
d4ffe7eb
f51ecb11
4d92f93f
33f118f4
bf922124
2701ab01
161a120b
cc15f8de
070b2cfe
4fef1112
d3121432
ebeaf9f9
09e4f52f
352c210d
f9d813e6
e0ef3a24
e8e0fbed
f82bcddd
f20ac618
cbecfb3b
daf5e42e
dcfc0415
fb02cffa
5214e6e0
06ee0ae8
efb4e84c
1afc17fd
070214ef
112a07fc
3e16e913
0d1af902
09e67f06
10ffcf0c
0ceb1d09
50e3ec00
f5fb111a
4f16f128
dac217ef
15fd0016
cfeee739
240116f8
d9db2700
08d9fc14
37e7d823
e54c1fe0
0edc01bd
c704d31e
12fc1902
1fcaf72f
1f1301d6
13ca01d0
f6f41317
27e020a8
2313180a
2c33f735
01fbf252
0400045e
b10cfa33
01f8afd9
c524fb14
3825fbec
c21aff15
31f3ba68
15f9e167
0acdcc50
ecccb50f
181612e6
b324dbe3
f8f0e2dd
23d2dede
f21c1cf2
1e1ffae9
eefcfbed
111e0ae2
e1fa2f41
1b160411
ed1ee51b
13fc025b
098b02d7
f4ebc20e
f9b4deec
fe0f2e08
fc3823fb
07e81a04
dc90e409
00e8d10e
08ed2bed
de06fc55
28101907
f0022adc
30ccdc01
e4f6ff59
590011e6
f9b8ffda
01d9ca2e
14d12b1d
14f6f5a0
13fd011e
ea35efee
0b1d0fe4
23eb1603
f6c02efa
262529f7
ed0534c5
f61efcf2
edeffbe7
f8f41a08
1105f003
20030304
0a050a0d
f70eeecc
dbbcf6ce
0fe5081d
05dfe93e
f9acbf25
0f18ddfc
242809f6
03ef1602
fd12d403
0ff1ebe1
0ecdfafd
22cd19eb
18cc14e2
d13725d5
cea628e9
40120ff3
de1ce526
8f18fade
ed30fad9
ac261ff8
2c2bf5f3
a9dfb600
1af7f1e3
47ea121f
7a2a16c5
0505d632
0100db14
ea00f519
ee930737
2df7fcf6
0538201c
13f87ff5
e304e415
99cb2d43
30f9ef01
cfffa7ea
030a57e8
fbee2cfb
d40fdff9
15341a02
eae61c50
3efddf01
01fcd2ac
f7f0f811
052bf120
cee0ea13
c2f0fe54
f4f8ffe9
182539ff
f22808f6
7ff10232
1a0208ed
f92218f7
d014e92c
1a1409fd
210322c5
080cb9eb
1413eff3
01240df1
163ced3f
fbd927dc
22014c26
11fe20de
f3ffee47
263a251e
ba0c020d
670c04f3
e604fdf5
10fadfc5
f31f08ff
e5140d3a
0d160d13
1efa0e1b
23fcf90a
29e1e4f9
281df0e5
e8c702f3
34f51118
411718e5
14e7e1fb
e61c02f1
260ef91d
f1f1f600
d100a9dc
1d1729ef
f3e1db23
bb0a07e1
17dff214
d740cef2
130ae602
b3fbdcf3
23c71607
061f23e5
15f307fb
27c4f81a
e6fd3647
d9d0e0fc
1103c25d
dc0740e4
0706db26
fa390111
f3f6eae1
b600e823
021a6ada
fd153c04
0f13ea33
21fcf90d
190235dc
ffe9e605
ea06f104
3d27d91c
12d10bf3
00232e0d
2c011d2a
df0cfff7
2700ea9b
ff0af544
f5f4ed41
cf0013c9
fc1e000c
22c30b1b
d601e346
d10cff06
35fe08e1
f3ff4bcc
3de2babd
e830fce6
10b522df
c81a53c8
eb0cfbf6
c6141000
fd3b17e9
f8fcd746
0a20f4da
32f4e02a
e4b3ecef
fe29d4e7
62f516e9
d6322c16
0a0e040e
060efbc4
ba250101
f5020f2c
e219ddef
eabef7d1
bfe504ba
0e520af1
109817f8
f728d905
e1180f02
2ae900ef
0a1bed11
f30a4224
03f30df7
2e470fe4
394e28ce
d0df0230
1d051fd2
ecdef512
fe2a1aef
c029f7fd
ef113ad8
efe207ec
25f2f4c9
0adf4803
e42ede17
f3090507
fee70903
3514d400
0619cf20
3aec15e8
040df4f3
1605ebf1
42eec100
f7d3f828
332fc74f
19e8222b
fa1cdc73
cf310412
1ff6291c
d7f1fb02
1d24531d
0047f2c6
ec5db6dc
e9f20ada
0b0eedd5
d002be06
51c5fde2
2bd90afd
19f3f4e9
14010fca
fff5e832
11db09fd
4711f925
d1fa1522
ecef2113
10cbcb12
35fcd121
14fd010f
f8da1bf9
fb0af1e0
06f9001c
a3ed25e0
0800fe19
2615125c
c7c1d511
fae21309
1236e13f
1ae6f3f7
100afe24
fb2d1cf8
1dede6e2
100bf723
d62ee5ee
2a0303f0
02161a1f
09af1418
fb012c11
ec0e48c9
13f5f128
160b2efb
05fcece5
3701ffea
050c2dfe
08af1f1e
19e510d0
0e0d0bff
c6f61120
b1ebef08
fe06085b
08f81822
3bfcff0b
012bf80a
1109fed8
f4fd1cf3
3bf7212c
211ceefc
def6bc23
9c0704c9
2ce73af7
09f10401
f0150ef7
0f020728
ed20ec0a
e521fafc
ebf71214
bacb00f4
eff44d3e
ffbd07df
162124ed
a2290c02
bf1f04e5
dae6022a
12150025
f73df9fe
38ef1e03
fdb5cf05
dfe6180c
1d0d20e3
09b6e8c2
01450d35
fb1a023d
34d9000c
3aedf005
1b2c3900
fbf7fb11
eb16d91a
222104b8
f3d0d143
efe30d47
fa27eef6
13e868f5
21e80a05
ff31e81c
44fcc143
cd031e2f
0c0c1819
fc0c023b
edf422d0
f4da40dd
d0d909fe
f305fbf5
ed0ffa3e
ee17dcf4
2cefdd04
1b3547e8
1305f4f1
e0ee22f2
e9e9eed1
120cecc1
2b260b08
1748f323
0f070617
ea34fe1d
be01200c
fec0e908
05f90f15
ecf3db10
ed3a2c0f
2e94103b
d9fefd13
22100c11
09ed070c
2225de3b
240fe7e3
d408e433
27deefd6
14ed0511
2c110e23
df3af7d1
f5ca0828
01f42035
efb80905
d5240707
44c90af2
20e9e94c
39eb083c
a940eaf8
63fbfce6
0f3b0ce6
30041b02
1a120c19
ff21f8f7
01e10d03
f1eb1eec
0be71e1d
d0f3f604
f1faca14
13fd09df
21f8112f
f3e403d5
1aeb1e15
10482410
e620fbf5
b9f708e6
2a36ed2b
fc423023
c90fe91d
e4ead407
d4dbf1de
f4f7eded
db0ad1fd
1c14ff37
e5cf12cc
f810fa4b
f7f4e7be
dee13532
ee10cb19
122e1f02
22ec214f
e91df31b
ca3ae6ad
f51c2fde
1cf919b8
e91015ed
e5f4fada
18fcf7ba
29f5ffec
f307fd1b
1dd81e2e
e52ced30
12121a22
cbf802c7
23ea2004
033affe8
2fc9c2d6
efebf665
1795fbf2
1325f8d1
e9feec12
510f072a
15f10a00
07f4e216
ff0dadba
e8d10f0f
bc2be2fb
f8c120db
1017f6fa
cdf1ed04
cdff1a35
11cef8df
1116df4c
db0f022a
1a2dd2d2
24f80503
28f2130d
cfd5e72a
2708f304
fa06f312
fe0c1418
4bf5ead8
18efe7dd
19e50ff6
2400f223
3afaecdf
0ff6eae4
ff15ee13
2bdf1a1a
eadefc7f
d229140c
d3c404f7
cff5df07
eaf308f3
edc00923
27e4f60e
4fc3ceff
043d09f1
e330eaef
fd4c0034
060509fe
0e0113ce
ef0d2b1f
24ecbd0b
e9f8da25
0556e51f
ff23f903
50e5072e
2717de02
c40e13e2
32150113
fa222be0
f1280f19
f1ece715
db22fed5
fdf84057
b6fde7ea
f92804dd
095cfa10
0b1515df
2209f717
26f0fe37
000e20bd
e2e4eaf5
10e706d6
231d24fb
cf0fd2e4
10080afb
fb11f827
00f20416
ded104ed
1f013ae0
0f06f80a
3811dae5
1bd1ece3
3bf4dc03
27f8ff07
38e6ec0f
0afedd41
3322e054
c9241616
22e3e6f7
fae6ea1a
d515f618
ccfaf96c
fedd2909
f7fa46e3
bf202834
2de418cf
dd9902e8
17f1d4f1
04111af5
090d45ee
cdfa201d
11380c25
e906d80f
d202e02a
f5091ec9
34ffd830
db150d1e
123b00e7
eae51edd
0c0ee8d0
d9fb08d4
2f0513e3
1cfe1629
2b4c260c
df1903fb
07471927
03edfe10
d42c063f
eb11e2da
631e1e60
03ee1742
1e14b7d6
ed23eae3
f01204fc
21b4e70d
ebd9191d
e83fcdc1
dcfbfe1f
1fd1e6ee
0a12191f
33f6eed9
15f7d40d
d518fe13
f60e0e1d
1e253213
f8e3d6da
07f3d0df
063fdc11
ff092f24
1722eb36
fffa0000
bfdc0725
5f52eda9
ec0f2bcd
13fdf61b
11ee3df8
0425e3e5
2605f816
daf4fadc
1cf1e0e7
15f61eeb
01f3f0e4
f7260820
131df1f0
0bdb1605
0f02ffe8
220e06f0
1d1df3eb
c21afe2b
03f2dbf2
0c0df609
37cb1727
161208fc
52cf1dff
e4020e00
dcb85604
eecdf8f1
fd1cff02
1b08142a
fe15f911
e9d60243
0c2b39ec
d44aeb21
1c2ae8e2
fc021ac2
c8f4f950
e7df0e29
fdda07e3
2fff180e
14dbe7ef
ec09effe
ee26031e
e211fa39
3cf4e9de
ecd419d8
12aff1e8
e0d80047
0cf1ddce
ed3906de
24f3fc00
deeff3e3
31ef1cea
bcc7e6dd
013a1123
151b332b
eee1151e
e4f6fd18
f1082a25
23e11c1f
391bf337
0b0fff1a
41e8b1b7
d103fe2b
31df33ec
1beb3ff2
fd31d7ea
2b48ebe6
4e22e4c0
0ae0c5a7
302c1915
99352d3c
0c10f7e5
14f53bd9
0033cfea
444bd9fe
47d9d62d
e14d0f10
4deefff9
112020f5
4824f33d
df3e0cb0
c60042f9
0bedf8c7
2c020229
f1b40c22
eeec14d3
bf221963
38f1cae8
f73117d1
4ae4fcc5
fe5101ea
22ffee26
16fbf416
f10d0981
e838ae0c
f7ebf0d1
29de1bf6
0d2f1de3
f9c718e4
13cb080d
20c3f6ea
eb39e82e
6fddea38
d424cd42
68f5f905
1b2d17d7
e2f030cd
d2e304e1
fb1d2786
f8d8d9c9
1d330600
d40eca25
07f9e8f0
24ea3729
e061f34a
00f114dc
f6fa13fa
fed6fcf2
e4a6d304
2e15c906
22233404
06c02bd4
ad08e42b
c4deb82e
09fae506
002cecb8
4cc03cf1
191a160a
dcb804ae
5bd9fd19
a3cf5be5
2f26e6ca
005304ef
034ae6d1
193117db
280a2731
e42d165d
c5cd2411
e0d7c2f5
e6170525
18da13b7
d3c52040
f018060d
01b71210
3f1b112f
0ddab713
220301b4
3535fa16
069dfe4f
63d7eb60
3ad6b70e
e3cbe9fd
070721e9
c4f6b0fe
f9ad18d3
aeeae0db
29331dee
bcd0f720
44d4f6af
fbd5e12f
e862d902
fb3ae7e6
f31b2ec4
e1e11c0e
00f5f7e1
22bdb738
cce3aec8
e23ee739
e21a3906
fede49d9
241a07c7
e6c91191
f7ba05ca
e4322725
bc1a0022
0408fcef
361cfdfa
2207a019
231051e6
9afc2761
f43ff9fb
bcf5b937
151ee617
04fb0407
d93ff6c5
05cc191e
0c0ccde4
29e8f5ca
fdc70a0f
3d19f8f2
c8159beb
04f7f52f
1715ec04
339f9ad3
1c9616e4
150d05ca
f7352600
01380e16
1136d1fb
0016faba
493cf901
b6acca2b
09e1093f
cc2cf6e9
e1f30bbc
3a2be5ad
2d2ec0e5
0e00fcf5
d8f5c1e7
26fcd6e9
0bf0d4cf
40d90110
03d41111
aaf1f9fe
c1190cc5
b7f514d6
43711237
81c1f8d3
effa0404
5ef7e60a
ec053405
ba28c051
0a171320
1705b6e4
f7efe332
10441209
de1ae31e
49111ba4
04f947a0
eaf7091e
12c25739
fdf4dcc8
14d40ef6
c6def6f8
d236c9c5
351f2302
1f050bf7
18c6d9ea
df25f601
7effe3f8
7cd51a12
2bbeb112
f910ee39
ec183f59
131819f8
df29e30e
01be5bd1
f8200611
37de0140
ebe90a85
0b3721f7
eaa1cdad
04f1de04
ccfa1df0
e76951ae
e6230b05
045ed2db
a8ece602
27a00569
0b091c0a
07dd1ebf
fdbff050
1dc8e4e1
7fff0d31
d1ced51a
d4f803ea
0b5cef0a
18e30a05
f9f839cc
e914323d
071a39ee
d02c34ee
9f5801ec
212e0df9
f31c2009
4c0195b4
ed230917
09dcf9fe
4e1ae716
d0f5eacd
130afea5
19f91901
b118ff42
0bf325cd
1f25fdec
f302c5d1
09eb15eb
ee29051a
ec04e9ee
f70cfdfe
16f20613
c4f023dc
06f42cdd
d4151701
0df6d8d9
0af0ff0b
03f416ed
44069c2b
e0ebfb43
1a392728
fa35e408
2e21ce0e
f3f4e2ef
0cd6373b
d6d1e0c3
f7e800fe
e5e3b9ac
d7e2e3f9
efdd03fb
1df001a2
29f021e3
e2fdd510
0e12f222
f6f73108
f5221cfd
f211f1f1
0f10fde0
3e2301fc
d1090930
e0f6de26
53e5f4de
eef5fcee
ce37fc5f
01e7c9b3
08ca050b
b4e0e936
eee22729
060734de
58e9ec42
fb21b7d4
eaf0171e
f3ede608
1441083c
cc26242f
51f6080b
432124f5
eda006b5
fc38e5ff
11178148
43f2c074
10ef0b03
1fc3f0da
f413eac3
f9f2c521
24f51b2a
4d31a418
d75ee435
e0141b18
fdc5f508
e037c25a
e4e91413
0afdfad0
79e9d39a
24bad9f1
032d0720
fad91bca
07a0eaba
03ebf3b7
2ee6f89a
fa286e41
4b0d0e54
0e5efb0e
f6c106fa
4904f6db
0a620aed
4ff332eb
273bcef0
29cffc60
faf71dda
f9e1e815
f41a2d2f
350af731
2a0fefc5
60e94d14
1afbe404
d61b05da
d6ebeaf4
f8e4df23
1adbc933
cc0d3d02
010f0011
1f262c13
cd3225d3
dd090309
bf0e37e3
07fef11c
f1310c25
e7fef741
10eff117
eae21911
5ff83e04
00f2ff1c
c79819c1
eb81b1e8
0ad924e0
0bf21061
084a2db8
c92c1f1c
17d9d1e3
3fae0607
1110ee8e
f5e3fc1a
0c6bf53e
c82cf009
cd24e5da
0e030dcf
d845a92a
bdcc07ec
33e6da22
262d4c23
4006e528
27fd01b8
2cf8e0eb
1410f7df
4bd2f6e3
c8c21ed2
f8e60315
17c52df7
0aed3c2a
cf0c1a1f
13083ecf
241815f6
8ee8081e
cbf5c4e4
0932fc2d
e50206ee
511022c3
541cfdd4
f4f23b17
0be31805
ff051b11
2cf61ab4
ac011edc
e41da702
fd05d543
cafd4e19
e5070be3
0b3014eb
ece3f1e4
eced13f9
ed5d1440
0bce0aea
df77fdfc
010a3c04
07202cea
afe41d52
29dbe481
d82e1da1
cafffff2
0a13edde
ffafeaf4
0afbc425
022bd5b8
3516dde6
484c15fc
040c1fef
3cde1af6
f7f4e811
fe6fe5b8
e9e5306f
102c1af9
98faff48
e2133567
e3083314
16dff58a
1dd0260c
1cb44178
302400e2
033f2594
d324c3fa
410d1ef8
65fad4e0
eb17f101
f44658ef
cd81dab2
e9da09b5
0703da0f
011dd8fe
711df908
cdc80c60
4ed50edc
f82f001d
f40bf2f2
8125e80d
fc1161ff
faf21921
22310ade
9e2be734
de0fd110
d2e24006
a103e3d4
261f350a
ea14e121
6200d42a
52fcdc1d
d0babce4
e3e3271b
4c093618
1901ffe2
f626f824
05011a11
dafe233f
00ccbfe6
16040414
03cb09ee
100e45fc
02291a19
cde31eec
fb05e8d7
05501ad9
31c11ceb
2a23edf7
0c112314
bb23debc
0537ee25
14db3fa7
e707f0bf
0222e5f7
ca1e10e8
160f13fa
f6470b25
d41d05bb
f0faf2fa
b851f0b5
18e71cbb
192652a2
124aa10f
ace72040
d9010be4
f35cfafb
0bef0fee
a8f2f3eb
f8f620d9
d4054fd9
00d81a50
f31e5ce1
48340915
1bec11f9
fbd3d6ca
cef2f106
f203eae3
c5c00b10
e9a5b008
e547d6ea
55acdc12
f501d3e7
33ea0c4d
ea051ad2
050c3921
32e928c8
19daf814
1e03e819
edcc1477
17f5dd44
20b69cab
ec1bd129
07382617
1bda2137
1aef1629
27e604c7
2d10ea19
18fd33de
3afcbf04
f4c90c98
f72231e8
2bfddef7
d3d119eb
e0f83111
e52ae3f1
4bd86fe5
0a9d0abc
c5daeb43
efcde003
0f0fe42d
1d01ee1d
23f41a39
0af3e3f3
e62113f6
ea150994
54f0eae8
3c3b2808
10e1070f
fa0bead4
dc001a0e
c833fd04
e50de7f4
360d1416
3505ef1f
bc3f81fc
ec195813
09ededd3
981ae2f2
c01909ee
16da0ffd
2c20b104
ccef0ecf
250ee818
32dbd616
de2b285d
c4d8201c
042cf415
1531e80f
2914fdfc
ea1ce90f
134bece2
081bdb18
1021170b
001f0908
f0efec3d
f8232922
e0f71ae6
b017ab0e
3bc42014
efd22706
28ff103e
66edeab6
f115f0e2
fff066e6
efebe807
c7f51aef
21f2050f
e4f9d003
1415ff0b
07ea0527
15f30c4a
22f9b0ed
f3c51200
e6f02d59
e500bb0f
c4fb2a33
eb0aea3e
364fbb4b
311804d9
322cdbfa
adfff125
2fe2ff2c
e644f8f1
0dfd0e29
1ce52120
cf331ebe
e40af9c0
132df9f6
450ff3ce
35f8f427
15f5f913
5237f635
c02d232f
2ede0b08
033301d9
fa05e7f4
c1ae0151
071b0a03
d7f01de6
f616e322
ed35f168
2523c7c7
d520fe0e
4e982c21
17d62af3
2416e5e4
dc39ddf9
9e2b3800
071b1ef8
5a572605
b5e7062a
eb131123
d83107b8
1c1efb0b
01090614
0a3a2d22
d6dfe461
e1ff0dcd
aadd1304
080746f8
5ff1ddfd
2100e0f7
1ff34a33
08e3863f
c4c42c1e
e70de308
09ec0ddf
cbe72ff7
5fd70e01
00f506f2
103401b5
ea3dde0b
1b0b073b
dee00acd
d214e9e1
11990df4
c9e22103
060c0d25
fcc7f936
c022203a
e2f0f7cb
b6d0b0d8
fa07e6e5
f72924f5
9af30a05
27e51809
e6e70748
fd29f7cc
ed171bcd
1ffeccd7
1ea7fdaf
1d08150d
10c234f0
060a0bc6
dcf3f941
ccea012c
f80ce6ea
49132144
e7010910
f8e149fa
beed1679
04f42918
000bf2f1
380249f4
ce3dfcdd
e6131603
60da05dc
dbfbc21e
030de70e
d923d7ec
08ec0b49
fde90e17
12cfde00
0e25ed42
b8041000
f0040af1
1101fae9
04060302
16122bea
ddcfd39e
3f33f7f2
1af10907
bb170917
e7c2c5d9
19323b3e
42e4cde6
d7fb0cdd
0bf3a4f5
00eb04f6
f005272f
00c20620
d3db04f6
1503f10d
3512fee0
ec15c658
79191c12
3119da11
c3f42451
1211f9a1
291c5104
b510322a
03f132e1
0e21dc08
0e46ef17
33e0c1cc
a720dcf0
034101fc
20070c0d
1529f01d
0d10e5e9
2a0218ee
e9f116bb
7fbe2609
23e8d3e7
b3d00513
090e1cfa
04dbf3e4
0a05ff20
fce4011a
fef21d15
02e30cf4
15352d44
bc2fdb6e
f7f3d51b
b5fa0bd7
b610f522
f1e7211d
271027df
df0cf436
a713ddf0
0bc0d006
f7f947e5
3efc010a
1bead216
d6cd0421
c7f2defb
27e33f3a
d82ed13d
11410a21
f3e5c1ee
1402fa33
dfeb0ce4
f2283228
15fed7e1
3a0d0f2d
2c270ef5
ee0bfcde
fa1dd5fc
fb0a1246
e8fc1bd9
e5ce243b
19f6ea18
bfeee3d2
dbb5f02f
450ef7e7
dbf61b04
e1ebaa1e
14020bcc
e5fffe2f
c05bd12b
07ce6f29
2414e125
26bdffe7
3e5db009
eb23ddfb
d2250534
e4ddd101
07ef020c
da0e3f03
06f30b1c
0dfaf8eb
132540fb
40080fea
fef8f7e3
1412be09
eae03023
30e7d6fe
e61b00a6
20f40fc2
111cdd00
02d83003
d031030a
3410e7ff
23fa2dfe
e72f411e
282c2230
26ebd7d5
ddce230f
fac2cd31
f20f1edb
04d5ead7
a824ecef
f4ebc9e3
fe09e5d4
e9040922
f2e32efa
bdd4e3f7
e9dee616
001aecd3
12e6b9fa
db1bf52d
bdf52de0
2cd30edd
08202623
ef680fa8
462c063a
0fc6eb00
01f62014
d8ec29f5
44c581ee
3b08010c
29d7fdf1
44eef60d
dc00dfe8
05e30be4
e000e018
ec012ad4
872815fc
f700f54d
2522e108
b9dcff16
2309f8d9
c91024d0
d21f1e2d
e104e80e
2bf81cea
4cef1dec
cc242cdb
36081d09
d8f236e4
1d0f2c11
fd3b2911
b8bda609
0007c8ec
f60cfb56
371aa90e
3518081d
dbfc0312
e7f7147d
abe5ad20
2c26fed8
d03bf328
1aeef652
08eb1406
2b2d16f8
ecfb0116
eb323ee5
1727c326
f82b2306
0f134527
e6f20607
06d636fd
ecc4eb0b
bfd8df4d
e6eef40f
e1f328a7
4d1d1626
04f3f71b
0a15f9ff
16273e0f
1b25eaf4
2b0117f5
f3fafeee
cdc027ac
0a2bd40c
0a0c14ff
d71af40b
10cf2aec
fe031c1d
19eb1ed6
48400b0d
f5fe0bb3
c6e5f0fc
b9ee180d
cdb90dcd
eee1e803
2f06cad7
0e023fdf
1c010238
063909e3
edc4e278
0d242930
081505f2
fbd402ec
09aff757
cf010909
38ecf2e3
19fb40e6
1f2f2a2b
4a11e412
20e8f24e
e0e92efb
31fffe49
e0e0110b
161aec2e
18c83bf1
fcfaeb41
162d6081
f929f6e2
6f4928f9
3ffff41d
f700e505
21c09803
d94bfc3a
4f0133f1
14edcbf5
15db0918
0336e90f
3a49f8db
0cff0a15
daeefcea
ffeae425
38e45f10
2112e2f9
9c3919f2
fcd2c5ee
5ce35234
b3e90205
15f9fde3
0ddf1d08
1c0e3229
e321dcf5
f805fb15
c4e8e6f8
a71ef908
2d020be8
f24b290a
1f1f0d21
0cf44636
e43c1de3
d9f92d32
d71ce0f0
eac7d7fa
fb0b00e1
0a24d014
37fb2d22
490cccfb
661203e4
14e70020
f23b090a
4525cbf8
d00eb9fe
e2120f0f
48395a01
da12caeb
0245abd4
2af42630
e70aecfb
ebfeed42
12e9261f
fdf2d508
de1cda1c
0be425bc
0a040532
f5d9f83d
090c21e9
dec2e00a
38fb3500
fa04f2e7
27181809
f70801f8
43cc0dfe
e7e9e731
151ad601
ea321e0a
2a191c1b
e6511310
da3fd927
fdd1fe1f
ffe728d9
dab0f3ec
f01cbf51
18f225e3
03fc0ad4
0614d673
e1fec813
1f31fa1c
45c0ea20
d602ff11
fb0225fe
b2223e1f
c5f4da2d
05410e2e
21ff1c1f
0412bbe7
31e900e6
fdf31a9b
0554e8f3
2cd318f0
e9dacef9
f413cbe4
0f0bea1b
31e0e61e
32b2133a
d2e90ff2
18013cf7
0cc5ebe8
b8d93c12
f7e91b37
2b16491b
fd371f06
24e1081f
f4ec04e3
04f039e8
012707fb
f3e3ee38
031d2fe2
01faf223
28cbd0f7
f72b14ee
d1fd09d1
f5ff45ee
1ad1f809
ea08fd16
fccef300
07d4eb02
d1d831e2
4e0b06ca
fa2113f8
eaec22ec
fd1ef00d
05030fe3
f62423da
00e3251c
06e5f8f6
33eccceb
fb0d06f2
f2c704e4
b4b90512
980309f0
f3d2eff7
241b0ac2
2e23e5de
013ee6d3
55dffb27
e6c8e11f
db490932
cef7f508
38912823
05c510d9
22041afa
0bf91337
eb33e720
f4f7f7f6
36291302
12fe2ba6
f5e6e42b
f0f7f613
aeadc5e2
e90d0d3d
7e165522
0bd907e8
3ff51605
15f9c842
1928d739
f2c31a02
aed9e419
6ebd1f2f
5004f020
0b14be1b
f4300b43
2ee3fb04
ff7fdbe8
24f84f33
b4f4182b
20faeed4
c01817be
efee380d
1a18d7fd
02121401
10df1d45
de383117
191715dd
4eebe6ed
28fe0832
0ade1226
fe34e1ca
cd0aed08
f01b1810
d5dc15f8
ff4100d8
5422381a
b7f8e1e6
f8de42ec
0abd3066
12ea1b06
cbe4b4f5
ea1131e5
b7ce3e06
e2da1f1e
432fe952
0bd7fd0c
bb0e35ef
caebce1b
edfa3bc3
d30e2ad9
1da2f4b9
1fd909fe
34fc0d1c
00161408
23701b1e
ff05dff3
24f6fce6
0ef01af3
f9f7abc3
5d5006eb
bf08011f
fff628f5
0dfa01ed
1501153c
fce632ed
30a92543
1506064a
1ff1f5db
caf61b08
dd83d7fc
f3c72834
2bfcacf7
f043d81b
fc14e207
c21b4e24
c0c00e4a
14ead6fc
3015180e
26e429ea
cd2f1fda
e4370706
1a00f5fc
0a06ff0c
2b592b68
0cf6eac5
ded3061e
ee73202a
d7f9feec
d0c72006
50e62835
f723c553
26fbd54c
d3e2f7ce
f71226fc
efe70ad8
1a1a072c
0404eed9
cd0be8b2
15ef06ae
fd041501
0e13f3e4
f5dd1cf1
3a14d6c1
350d1f2b
2f22e7f6
c901dcd2
25e206ba
5bfe0d34
e112fe40
f73ff423
fd09de43
f1ff2819
0a173a00
09b0120d
e009f41c
470b01f4
0d1d1af3
0de7deef
3027ece1
0f0ed80d
f70a0c12
0b34ea24
c70f05cb
dfdfbf28
091236e0
19f71445
eb02c951
0ff9e716
f4260e35
aeaa3511
f7e163de
f8f207d0
b3ea15ba
09e9f704
460fd1d2
2b13de18
031c28b1
b34b28da
3a3de10f
f323eff1
49b60bdd
eafe0af6
29f70b7a
e5e6ea09
2a253307
13e548ec
c7fe10f0
b7e21629
2e1df50d
0e1645dd
0f30d240
07f001be
f9e407ea
646409e2
f626a4c5
2f050612
a128f4cb
16d6c60a
01dc0b33
fefe15f5
2615e4fa
1c081014
cbd606f1
bbd1faed
c24b0bdc
e3fde4d2
f23c05d5
a10bec0c
1ec1f8ec
dc34f4f2
f800032c
0af60913
7f3623d0
04f5d9c9
e90b053e
dbe911db
04cc217f
0ddba34a
1b15fa9f
acee12f3
5437f7af
2fe9de1a
f6faf1d8
ea1a06c8
cc2cdbed
50e6e839
544122de
ed26f1e3
cf04182f
0906d318
dc5bc706
2003fd19
dbf0fd1d
1dca4146
eafd18ea
d85024b9
89ea0113
f3ea08f4
fd3afd2b
13fc23ed
130e0e19
abedc013
49f4c3f5
05fbfbd7
bd4ede1b
0e5cc6d8
09e11bc5
4adc02e7
ee3f255a
27fbd20d
ba04262b
ec0f19ed
2607cc28
35e7b902
0cf6f014
31061d0a
fe45fe42
e5012b27
e3d43b32
e502bf0a
1b2e11ea
260104f9
1cf906ad
d3f2001a
1b36f049
2ae21ccc
28299ae6
018117d0
fc341683
081b09fe
c455fd05
d0f796f3
05f0ae3a
16086c2e
33d7e6ca
db071226
11000dc1
d5c9f8f2
09c605d1
e7f910d2
e91ee4d1
14b7dcf2
443804f3
952517c7
57f5dfdb
cbca0e05
46af5ffc
d2ff04fa
16ead71a
c4311c19
12e441f8
48142708
dafef4ee
222c22cf
af1c0201
18ebb6f8
0d43f727
1101ed07
eb1e4452
0d081902
441707e7
1bccfef8
eb0945f0
f706cf0c
062e441d
38f009c8
04cb73eb
2cc63e15
6d1ef83f
c66948e6
0207c52b
c3030517
0c4117de
270ded06
ef28291a
e8250448
e8e0e5fb
17fa24ef
0dc9160f
d6da11e1
fc273e0e
4ee3ea3b
4f2efdbd
28f70c93
240e18f8
1bdddd02
0a43b522
3df81fcd
17eee60f
fc3023ea
f0de0dc9
3ed41ce2
b5631791
093811f1
81bd1ded
f4082ddd
12ec2740
3ebec1e2
d7e6f44e
3a21f626
262fedcf
febaf112
aee0ed1a
f513af22
231007da
cd04e33d
1bf1ce21
e0e4ecc1
c6fccfb9
11fd11f1
f5f8e160
14e904fb
e2e7cbcd
f5d1d117
2732d307
10fbfc3b
0d151618
2f3618fb
f0f11dd6
f6f1f0dd
f82be1b0
043afe28
1bed09cd
0317fd0b
b42fcd01
18f81bf3
300519a3
decf13f9
28180df0
b5a313c8
bf0f3713
07ec2417
11052c34
14f0d1f1
39cbf519
b609eef7
eef238d0
56dbe416
0dd6810d
c23813bd
e5ed1100
113224f9
d93102c1
2d0ee316
f525eae9
4c0be4f8
2f09b4ef
e72cdd96
9901101a
1af90b18
43e10d05
e00f1b25
ebdecdeb
591edc23
fee90ce1
11ee14a5
1531e614
5356190f
2dcd1401
0d0cbbff
0af1ecbe
8a213c36
f538f0ce
ffdaf728
dc191eda
fd1a0721
1747fab1
4cf8310e
32e223ce
f208f720
1fed15cf
dac6e71b
440d10f1
d1b72b19
1353fb31
1412c0d2
182eec08
e7e6a0fb
c8e7a424
12de53c9
d02fe4cb
c3ff38df
da0808e7
38f51cff
1a0cc9e7
c119f836
d61cf5d0
433d40a1
b81e1ebe
e239c7f0
4833fc2b
ae0ff70b
1e2cc2d6
c898adf9
d0182f04
55fbe510
0bfdfb2b
f41524f0
fcf917cd
16dd2a19
18f91e27
3d251ad1
5ce418cb
f447a75c
23f6c520
e1f6fde7
e4b30e33
16e7b921
f62d1601
0cb6f7ea
3ad1fa17
4cfc19e3
e6ebed16
35a7eefb
2347e1ff
d2012222
f5a2f2fd
103e1e33
cff2b12f
add85927
c9f007d9
f9212314
df43e2de
0108411d
0db3f21f
db2ce427
dbffd06f
38120de1
d8e52139
0848050f
2d14e7c8
e409edba
2a0b14ef
4cf00715
d4cdc80a
24dd4ccc
0abc1510
e5d31e04
c50cffcd
fe01e7f1
efbe961e
2a253374
007fd803
c315bfe3
69fbf10a
08f000ea
c6ef077f
29052421
fa3d17f3
16eecdf9
d2b6d4e3
42cbfb22
7d09dff9
d7eba905
d13fd977
20e90cd3
ec000005
ef3724f2
e0141511
f9271f30
8a21ec50
f80bd4fa
d736790c
020c0ffd
10f7df02
1437fa3e
c2bfe15c
e60a15f6
cd1bf0bd
cfdc00e4
03d2fae8
22d3eb11
e8e51dd8
4964c81d
b7b610ee
0bf24533
f2e3150a
1017c6f9
53e2e3ca
c0ef3418
182c2ee4
2503de1c
0dee0916
e410e421
a2d524e0
334b4705
d51ff6e9
c6ffcf5d
04b62c14
1d0e18f9
fbf8bde7
e1040eec
31020a60
0efe22fc
f014f9c9
580c56fa
e7fa0611
d008e9b0
08243472
18fbdd2b
172106e4
2ac233b2
e64fd9b9
fabdf7ac
dafc17f5
ecda0d10
b93b0ff6
1c0910ed
e5dc00ec
360b0c43
95bbe4e0
a22fdb50
08e21cf0
0dca5003
3ff3f1d8
1711e32d
d51413e3
51f5dd44
31cbfe09
3738ec17
cc29312d
cd300bfc
331401bf
29c04ae5
a50adf55
ddef2413
cb1f1710
091f1df3
fded1421
cbb12701
e61bf7d9
1f0807b7
930ad10d
dbf8faf7
00cc07f4
6addf32e
45da15c4
042ab1dd
26024ef1
4c4807ea
d9e1f148
153a2dd6
1f423ff7
eb812de0
52a1f3f7
e4e8dcd8
a2fd1212
12139528
d9fb3e1e
01b304d6
eaf9e2c4
e8b144ea
0b96230f
0cc4d627
2f5712bd
c8e617f3
02bdffe3
f9a9e6ab
3336e6ec
e4e8e606
001405d3
c9fc0af5
e83e0bfe
070eae15
fd302fc8
3223c4e2
3d26f4bc
1b00f126
ec4f06a7
048a1714
fa0aeac4
1702ef30
fd201aff
0e211b3f
2e281905
ff33d704
00262a42
a3621f26
0e11921d
1ad70231
3a5b0413
0cf65097
21bb04ee
efa108ed
0ae62b0c
1e1eccfc
1baff313
fdd60006
31310ac4
ef5dd831
3220f326
1d22b216
d30dffad
44162945
dd4202fe
2c0dc7f6
05131be8
2c11fdbc
f930f23b
e3c512d0
bed415bc
1a09f1ef
31edfe42
01cabfed
3bca030e
cedcc940
f7334edf
25321b1f
e6f6182a
191bedcd
fcfdab0b
cd13ce34
2358d8f5
27fda6a0
12fe2b1a
a4b833d4
f5bf1cd4
f0560cfa
cde90212
f72739e4
fd14ee6e
ef0c06b3
095cecce
dda7eace
de08fa1b
fd0433e9
eacbfa2a
2c26b6fe
bb101fd3
bc18f341
0952c3dd
4c26bcf8
06e8d0e3
4e14e5e4
e3220b10
cf3b1a22
e521ebb4
06c03841
1394e2eb
021adf12
f8f5f8ca
513c0917
def1d42d
01e3330e
e6ae08e5
38fd314c
fefefc44
ef3a43fa
ee1039df
b9db082b
21fdec15
cdf15408
d5f6101e
12cddedb
e8ea0fc8
23c4e4ce
2ff8e193
02f2ecc4
53e11cf7
1c40f9bc
15b0d9ee
1c0ee1b5
1ccb5eba
13a5f809
16fd2bba
14cd0507
1fe907e1
ceeef5ea
e5240ae6
d9fc2abf
4f3ef4dd
d0d123e9
0719fdfa
1dda4319
c41a1815
d5534209
3d18ff0d
170c2fb0
b510bcc6
d3f7fccd
cd01ee17
0b0128de
ba9e1d38
2debfa20
05ed16d5
d3e719ea
3d3133f8
1ae10cd7
4c3e08d7
c12e0a4a
ff1ba528
2227f5da
3df8c8fc
2d3de10a
47311ae0
110b08ff
1700c7c0
e5162dea
24eb2bf3
110b13e0
032f04ce
16f11e38
20e7ede1
b842d349
fde91b00
02bcc207
28c90614
3efbee19
6332f1dd
f10d0db7
16f65a58
ffb8b912
f8f31f0d
f8f1ce00
e32901c6
f93afbd2
e316ff45
1db81f94
3d0c1c33
e2fdf0f2
d8df23a2
2bc1150d
461bd4fe
f40fce51
32df0014
e1f9c150
3c00f306
c94a0915
bf2922c9
fae30b47
0ee842f9
fc0b19df
b6efeb57
2d111f45
dacfd0fe
1b080cef
301a4b23
a9ff121e
21342f03
053531f9
e8cc0756
0bf912a5
05f31ff8
eeba20f5
48b51607
e4e60cf6
c0eaf518
2af8fdba
bcf813f6
1ee057be
f80e1efd
50b905dc
cd16e2f5
c41a11db
52fef921
121d17ed
c404d0da
0ec52681
f3fdef55
16beecc6
1fea08d1
ebf8ed23
ffdb21f9
1cdedafb
fd52f5e8
f5260498
16f44023
d2c3ea04
9acee6e6
eaf4fafa
0bcff13f
fceb10de
a9da1698
54e4e201
1f122112
bef4f224
94cb0d32
e9d9bb12
fed70635
c4fdfed3
2f0ee11a
0017245c
e303e13b
062dccf4
ba141be6
10fafbd9
fdc13a23
09da011c
e3e7f2b2
110a5613
ddd319f2
f2d3f5fb
2cff0a01
f92afe0e
e41732f6
d80ae8ed
11130fd3
1b172b63
ffd41b31
1444e50d
44e4e605
4f0bbf2c
142ac6e0
e900fbec
b5e70ade
d9e8435d
f1b7fad1
e057e903
1afc15d7
4a7f1b20
c3ea0ffc
2aedf7ca
09372120
1d254ba7
34f10902
08da1d0e
e4064ad3
fd0a93f5
fe05281b
da21e3d1
a80b0fe6
ff00037e
26123ed7
9c5db633
e80902f8
11f2feea
ee151ad5
17f3e3b8
a219fba5
082bc88b
1cc335d0
d6a601d5
b0f616de
03120dfe
e5501836
2feca032
003f07da
f4f434e1
1ada0e28
1f2b1957
32282fdc
d823f741
17232a11
dd0b2e39
2c0109bc
daf6fca4
05243b43
1bb1f2c2
7325ec01
e817d3e7
feb108e4
cbec1d09
03d10c15
1837bd40
eb39eb4f
e7671119
35f4cce6
0f0033c6
e90bf866
04141bd8
c22ffabb
1849310d
edf53100
c3e8e7eb
f0491530
cf1f20f1
ec112917
d712e1c5
f1e70cbe
d5e93cfe
d842ddef
f0e1f13f
f4f819e8
c05218f6
b5f90932
f6265537
2e48040c
1e00399d
f1ff35dc
edb10610
e919103a
1ee9110b
17122d3d
abeaf7f7
bade0df0
f838d13b
ff1c01dc
d50921f7
96b2db2d
f0481016
3ae2ffcf
ecba2907
efcdeabf
e4b9f35d
fd0e1ef7
d42f02cc
48f3cef4
ceeed92b
c5e432ba
ccdfeefb
d000f415
d4b5f135
032bd840
a212e6e4
3deb1020
d9ced2e7
154f3110
f4340806
dcc82be7
affa24da
36e1e425
f89b13e3
231fd011
3f10311e
17feeee2
00135515
1f12ed05
ffe93770
a02d99cb
b94bb8f2
15ced4b1
1225eaf3
212bd8f9
02edd6d5
ef4720d1
0f0dd245
03f05703
0721f0ec
e71a0b0f
1f0e060e
ef2908dc
ed4b35dd
10ab12ed
e1079538
0100e304
fc092f0c
0708ee86
4382fd1e
2ef1f123
82f0dc13
aff31242
fd3fc869
d004f5f4
c32b0b3d
02fa0c44
f2e47f0f
fdfcb71f
ba13d905
e0fa062f
27c2a45d
e5ebdd54
f830ea08
e5a45024
eeeb1310
dee1bc0f
f912c723
04f2ddff
0c13df08
2eefdee4
f61bf324
21f8fae5
4d3bedd5
f8edfd34
01ffec0e
e2eaf12e
0b38a55b
fdf6fbc5
5856be45
391fb915
cefa32b8
fbba17d0
0b0f1632
3fd604a9
25f1bc65
39e3e11e
e46ceede
ab1a03d6
f22634ea
e71ab5ea
0cf0d533
c2e80edd
ff075262
2951cdf7
6179f828
2502ed19
090df314
08d7deef
10dfda0f
bec2f6f2
eb134a2c
09cce021
3ef707ae
4eb6e332
3deae7d4
4d0304f5
d310e2e4
c72e1eee
d714e365
f273f0e7
fd4ce93b
caa4ecf9
f8abc7b5
f1043020
08961f1b
46f32f05
26cce653
2802c113
c5e7edf2
