dff01036
29062023
dc0641ee
f9d8e50e
08f9d7f0
200eff17
bfeec9f7
e41f0517
fca1e40c
4a13f2a9
c8fa05e0
b7c6008e
1719cc1e
10e31ee8
12cf1a24
f0e41046
f92f2815
64f5f42a
dcff0019
21d72714
f4ef21ee
e50f2f49
fad6f5cd
dff6f913
40cd1fa7
f5adeaef
e3e42dec
ce1604a7
0d00fb04
e2f31111
063a04bb
d20d080e
43ca01ee
bfc59b16
e80f13fc
b32126c9
0df0f10a
1737310b
c1e2d639
eff7010a
e4c82508
efea1f8f
f9e3070c
8e1bf6e0
fb0539e0
0c08f227
e9d207e4
be26f500
81fef90a
d30d624a
d507b9cc
e1c8a3fd
f7febd43
1b81f81f
b8acd60f
defdf286
2439840b
0eefc0e2
390ff0c1
1a2315cf
e4deeafa
fef52f98
49223efa
39a6eab3
280bef3d
f13ef5d5
09ede4ff
f224f502
fbd814f1
fbb51008
16d84ff4
e222f601
a8e56b1b
d2eaca1d
0a10fafb
fe0450d4
0725f0f1
372d23c1
ddf2bb1a
6f1a0603
e0fcc9b0
dafd040c
ff18ff03
fe101711
02e0f3f4
21d20a1b
20e71f00
03b6fee7
fbdd39e2
9bebd2e8
e4d6f11a
c9f43c9a
00dbf3d8
0fe1f917
bc071e0f
def0fe37
3d253122
b5d8d206
f6fdd513
11114806
f3e92446
bac41dfe
38f92e08
f7e8f311
e7f13213
c5f40b15
a1bee022
f6f70f17
04cf1562
0728192f
ebfc53fc
e6fa0203
d3346707
3aad2eed
e9d6e90e
35112137
f0e43be0
08e4e621
df33f2fc
f0fef71d
fb27e434
71d40e1b
4909f70c
24f5232f
f302f35f
cefe1444
37f51618
ced1f935
04ec6230
19e851b5
0bf9b718
3810bc11
13fa2af3
e61c40f6
dfb6f6ed
26d71eb3
eba14741
31c41fae
c73fb8f6
d936cffb
1cc2562b
b8404f3f
a387bbd0
f8bb17d1
bf131deb
0abe210d
e1d70607
30d9f349
03ea271a
0ee5eef7
e9232765
160c0822
0a452b0c
290301f6
06e2b41e
4afb0173
f8f907d6
14201c29
ecf31c07
1708fa32
c626d6ed
2a58fe0f
26061a0d
19e6fe37
f70c16d0
01252f06
eaf517d3
dc1ff813
064633ec
39ce15e7
1121a508
5b35e019
f30805ea
ef14ff35
04182645
22f5022c
22180be5
41f22aee
eff0e31b
2328eb32
0206eec0
0991d85e
ca270cec
ff10053a
efddbf1c
dd4aff22
a3251408
df0504ef
06ee0144
e9d3cce0
073fd5f3
061c0203
08ff0a00
29f0dbe4
64dee708
022c28fe
03d516c9
eb2004f7
06e427eb
19eb0228
c0f24241
09f9f500
dedbdd07
01ebede9
06f01018
3b062412
ed8e35fc
17040443
1614a10c
2600ee0f
1efbf70c
27241524
000b02f9
ff33d9eb
07ef0b25
23d8042a
1513f318
f022f70b
eef7f01e
fde10be7
f40af239
09eacd3e
dfd20909
c4e4f616
e4121502
0ef206be
eb21ffff
f82cd3d1
f6140ee1
ed0ed039
dbdbf130
dc0bf5ce
e603d9eb
e7e50afc
fd0523e6
f1eacee1
fa19defc
f6cad2fc
b907cf21
f511fefb
36f8b608
3a3111f3
c0eeffe2
f40ce301
fefd27df
ecd217c8
1710f7da
fccbffda
f1ba200a
0e01e3e0
81f4540c
cc28f5ed
15e31a0f
e50dca0c
d8f03a1c
142c0b27
0abfde42
e7e30781
21d618ff
ab0fee07
12d4fb18
253001f0
3a9fe6aa
d91b03fb
0a331214
cdce2f43
cee0000f
42e1aa37
fd0cf3e8
f9d8cd21
dd351bf5
c5ef0527
d127474f
effb1537
ba124b0f
26face01
f90d17f6
001bae2c
cdc9c9f5
e219fbf3
0d35f704
0fd9339f
1aeafd0e
1e2e0d16
e918fbf6
1e2edc40
d8d50be5
d6b6f120
34fef4f3
7ff5dbcf
f3269ffc
ea2c3adb
f90b1417
e4ba252b
9db90c81
0afaf5db
061d0ce3
130dd02a
47430316
31fa2a03
ff060c12
f20dfe02
39082831
200102e2
0ecdedf3
6c9fa9b9
313c2eef
cd104de0
0e0f16bb
f73e380f
c816e1dd
1bda0702
16f4f63d
ebcd0cbf
07dc3a03
e90dd31b
01f545ff
eea0f2eb
180c15c1
f215fd26
efe42e50
270ab41c
b3e4a5f4
c8dc34cb
01a81916
f2af2b19
cdbde906
f4dcf701
dad1f6d1
09fa29c2
1fe84ae5
cc1dcb01
08c704b4
0e2b06ee
095003b8
d01101fa
de1af0fd
c8161609
db13fffb
2128e7f9
fcfef421
e61fdf06
f9f80fcc
f8d8ffff
e015e6e3
f6fcc511
07312630
41034803
030121f2
e71fd2f3
15141b66
710f10f1
0f27212b
cce813f2
2502fd0e
2a3007d5
f1e2d038
f714ef03
731de96d
2394fa10
04d60854
27c3f2e2
1ae9fbf8
cf0721f0
0be607d8
07001b00
eaf1d2df
f3f2041d
e4d0f4e8
cfec070e
c3211505
dd02ebe9
0e27d405
f6ebe3f6
07011b2d
20ef0ab2
fc09c9ca
fdebfd28
e316a3ff
1de9ed2e
080c0323
4d190e00
c0d5f225
f5e10b22
293adfe7
fc38ff95
dbe32410
43feeefd
f324f2f4
eb0a2ae3
209a2dd2
0427fc1c
040d0bba
0604f6ca
083337e0
f70eedbe
f9dcfb71
e13518f7
f615d72d
fd31f9f9
1e0920fe
00ef02c4
baf4fb21
0b1713f1
fc40ef23
0f42132a
f0f3f705
f5e8ff21
e2354f00
12f20ae2
fcffe7fd
1209e112
eafa13fd
03141011
00e10107
f212e61a
18eab1dd
d53c2d0b
0cd5df01
f4ecc730
0801cf00
29e1f4f7
eb0feca6
d21a07f7
0f03e2ad
fe1e2d19
e3fde7f7
0802dd26
0302f62f
f0f40404
2569ec14
ecf4040d
2bd11213
53041cd1
fcf3ee09
e819f9c5
0bf108fa
ccdc0448
d4edfec4
c5f10d2e
f02afef2
2b2624e4
fe06ac25
14d3f308
f2f82710
d5b63550
b4a5222a
8140f8fe
f907b5d8
f93b023b
ec20b912
0bf7fc15
ff13fcca
020bcf2a
a9e929f5
100aff24
fae8f011
2026d90b
1a33db06
f2cf1e10
090f0dfc
ff0608f7
f4dee52d
230602df
0e2aebf0
3421dca0
cce40a33
2be42913
f8d22dc4
d9e25438
d7332706
c801ff0e
13151015
31ffcbfd
bbf2ed21
11973ffc
f82f292a
02d4ef13
bb3f0229
3000fc25
1efe4b1f
1fe7efef
de02ccf1
f4020dd7
fce8e8f1
f4e41d04
e5383f07
1503fcfe
2afbeb11
f4c9f2f0
22f7bb03
fa1af9e9
030831cd
18e104d9
17182408
052206ff
f3ffed31
05f9d8e9
fdee57fb
effd2ef5
01b2e9e8
25eb3afa
cd0e05c0
ddfafb1c
df072922
4eff2b34
2dd14ed1
00e2dc36
01fb01e1
e21aeb11
1560dbf2
c511fed4
f3dded45
1cbee30b
f9042707
c5e0240c
04d92b2d
a2fadbfd
e80211ef
f61afbdb
080b264e
0dc41df0
efffe1e8
e9feb6db
f9eef120
18f03c33
e2a604c7
c105f4f4
2c17e3dd
44e10f04
fb0214fc
14c6e003
fbf00608
e1e92822
ea200635
bde70100
ff01dae4
540516ff
0e4307ea
f32c0509
f8290a0a
02df190c
d4bcc6d4
14dff5ce
32f40b02
25d0e79b
21d1f202
e10410ec
fef5072e
0c1e2115
220eff2c
d2e1fe58
02aef6f2
0cfc0d27
f808fbe0
b0eece1a
1307ff10
f7f2bcf0
2edffe2d
e9fb08f8
00c61f0e
22ed0f1b
06f50cf5
d1edf30e
16e5fcdc
cae5ca0f
05642bc9
cb150b03
e0f9d84d
19ed1ff8
0539b5df
f40bf7f4
fce6d51f
ed083842
ea1ec5d6
e3c5ffb9
f213fc30
11ff2a63
cd0f1203
43be044d
0929ea1e
01d515c2
19f306fd
5af90983
24deec05
f9fafd02
e20702fa
e6110200
08fc05fa
f90af4ea
f80bfaf4
ff050415
36e42a58
dec4f6ca
dbe2e3fc
d8040fd7
03e5111a
07a62109
eaeb02ec
f803fee3
e2f5cde8
14bcf8b7
d2020905
f61e21d0
03c0e8e7
fd09db21
bee8f9f2
fef70300
07bc2409
55e7e50b
b4f34cd0
acd8e6ce
12f0e46a
070a1ac7
05b1d706
05fe0416
fef9ff06
f1f8fd0a
ff02f402
fe0706fb
02fc04f9
06f9f907
fdfcf906
01020201
ccd7dae0
06f3791b
080b36c4
f22390f9
011f0724
1500eb90
3908bee9
1f1605e2
d50ffa13
0c0cfc22
6f24fc0c
0eec293c
fde8e61f
f8f84504
f448f20f
122ffdf5
ea302cf9
0e2102fe
21ec090e
21e5f1ef
f1f82c02
ddf11c20
001c3415
eb35f5ed
08191f13
ff2045fb
f7cf3303
20eed734
faffd210
0ece0419
ff28f09f
f625fcfe
bdff13ec
0e1902ef
f5001211
08e0fc15
0302e7e0
0df12631
f627fbdd
0e120515
f6c8d5e2
f3f80328
2904ebf6
d7fefb12
151b03d1
ecb1dafc
aee5c4e2
f2420c2a
1c0b2d08
cfdbe2dc
b3f8370f
07341808
f9fa2a0c
e9fb03d6
38e73dbc
2008f9bf
fbfffe01
fe0005f7
f8000dfc
fe06f907
fff0f706
f90206f9
0df5fcff
fcfeff01
13f90ec9
e0d4ea0e
3222eded
ee1615e6
fe0b14c3
e4c2fb09
27200c06
e4f2fdba
dedb1c0e
e5f8ef13
120f0201
c40c18f5
081201fe
14fee421
0103e3f2
fb18fe1e
2eb8e5e2
2bded206
442126f4
d1193201
190e20f3
f433f6d1
1c1e1b1d
22f512f0
0bf2e633
c5f96641
c0e0f0e9
ea08810c
fd05d801
f9dde201
e8f5e8ea
d3e8fa24
2972040b
2af737f8
0003d3ee
4e2fd624
dc0a0255
de0e1621
1cb3f302
8f9ee8db
06ebf1f5
180b16d3
d4fb21ff
eafdebf8
0408f3e6
060ce713
0228e601
e610051c
d8fb20c9
23e6d1f3
f5e35ee8
ec0b1ed0
fcc81422
c0e1e2d3
10d41607
0835f91e
02fe4347
f5d2ee61
020be403
0ee4e927
0343094c
ddfa1ac8
d69dc616
5142001e
f707d2b0
24080431
29e0ff0a
2a1efa38
081f172d
2b0aafe0
1ad820ba
51fa0921
24bff2f4
09f8e715
23ef02f4
dafd221b
1e06e9e4
05f6f6b6
250f1e1e
180d1313
1a330eb7
eef924e6
dbe069fd
1b0306fb
eac0e3db
cb4bbdf7
056010b7
9b04f62f
e6f0e0e3
0313cc0d
f733aafe
d82140da
0100e5ed
fc142602
fdca1425
01f9faf7
eee70514
f41cfa02
0bf90601
e306fe11
06ff1709
1bffe30d
e005ddf3
0a140014
f8250608
32ce5d1a
532dc2ca
1310a7f7
eed7ffd7
1ae33f0a
f61cf7d3
ec0ff310
e6133e3a
2adc1215
ea09effd
08010704
f6f73407
05242c25
fc26232c
06cdfae3
fefa491c
15e3ffdd
f1e9ec10
fd0f2717
03ee0811
fa44e924
433b0c1b
f10e0337
ebfd0ff9
022b160f
ed0c00f4
f4dc1601
fd09df1c
15ad0b34
2e01ec1e
bdd1fe2e
fe02f302
fff30300
09fdfefe
03fb020a
ffff02fb
0af8fb01
0004fcff
ff00ff01
ebfc07ec
03fabcbb
fd0133e9
fffe04f5
06deeb10
ff294ad7
5bf21a1c
44e30006
d21dec14
e515441b
38fb0f16
19ffe065
f7ed1f0b
e2e7032b
2d4a23d7
e248fa07
e11f2525
3c3f21f5
3dee1525
350a221a
fa15f9f1
07fb0715
18220319
1d03051a
f114d828
de11f814
4913fc2a
10222f42
fa0345dd
f105e229
3495de1a
d6d7fa0e
36f2fcf8
d71ee50b
e9082004
fa3024f3
03fe1133
1424e4e1
3a37070a
1cda03f1
cd09cff3
340f1555
0b010ce3
1132e913
01b9e900
2a2efa03
cf17e4bb
09d4ff14
eeddd90e
37f4315e
3831ecb6
d410b3e1
031dc9f1
0639f6cf
32bf12d3
03ecffe7
f0442523
0307d212
160f172f
4919377f
fa060ad9
ec12f33d
0c07e915
f807f8fc
33d3cd14
44ea1436
fd1715d1
f51ae1e7
0d0a05f2
0104e6b8
2c3b13f0
18da0f03
d6bcf2ec
b812e6ce
22f008dc
a0050bdc
0cc9ebc8
120a32a3
4a3dee33
000affda
050102ff
01f2ff00
f6f7ed01
01fd07fc
00fb0401
0504fd05
fefffffc
f3040203
0f031833
2c07a10d
01f5f209
ee0b42d1
fdcd2f2f
03dcec0b
dce1ed31
12dff903
25d79eec
e41732f3
c61e19f4
d4f8b533
09fae9ea
0ef6bef5
edf805e4
cd1505ca
f0e3ced8
10e4c4e2
340cf9f1
d8ff37e2
065016e4
0f3833d1
c6aebaba
16e9ff3f
e70bfe1c
3031d7cc
d411f11c
0ace382e
fdeb4761
f73e3110
0fd01936
25f4fcd4
e8f6f0d3
3f0dfbd3
cd01a20f
e8273011
00e729f4
d5ccef5b
f5fa78de
b11afc09
140b1af1
25e71c5b
d6fc14fb
2ae7f0f9
0252d903
00e513fe
23fe11f5
12f206ec
0d01260d
071f28d4
cce117fd
fecffbfd
fe11e6f7
44e91612
e032ec14
e501ffd8
c3382c0b
140e0f4a
3109ee16
2ec80c45
f00201f5
1c474058
950ae2e5
f231f322
fd26ef3a
ebdce5db
f8f10228
28e42011
f6e206eb
021210e6
04df0821
17f8fefd
1c07b920
335e1101
fc35fcf5
efeefdff
fceecf44
23153f19
c7ffab14
edf9f7da
017fca0d
cc0001fb
47111bf4
6409dffb
d0051ceb
ed2201d4
1819f5e4
1fe2e4a9
e6e6b0bc
d81ee0dc
310102ec
d50601d6
0704dc1a
ff19f302
3c6e05f0
d2e901ed
02410fb7
e9c2e7e3
ea27cb03
3e31f7d7
eff10ccc
d15206ff
38f81247
f1befcc6
131afae6
a119a310
47f31601
ed035222
e502decc
17fef5c8
2a272713
6c03d3e8
0c11c9a5
10310904
c116c6f6
0c04dffc
fdf91105
dfd9ebf5
d6f62ae1
f31efccf
0f13b5c3
3d157f23
01f9f3d8
2323ce11
f003ee7f
d5acdcb0
350354d3
15e3fdf5
c844f6e6
c2fe2644
cd330e05
42ecea61
ea2a1c59
f9eee812
d6defa25
03d7f4da
0efc2017
97f8f151
db32bb12
ebc60ffd
fd33ddb3
fe21e728
d91ff730
f0f7fcec
0b06464f
38d2315a
01ec44f4
03e7f3fc
fa16f0e1
e2cbcd1f
2e6ef2e2
0038fcf9
30162eaa
f81d0ec1
b01bf5e1
2f36c4e2
fc1000f6
d6d730d3
797cf203
05f90605
f82bfa47
de3205f8
f7f8a3fe
fde4d5c4
ead2f0c1
1ace1e1e
bc262503
fbe6eadc
0ff01ad1
5df22bf3
d1fe11fb
02fbf7fd
01012423
0cd30be2
e6e0fb42
33110322
24c2de1a
d9e8b9b9
e00edcfa
c21612ef
15bbeb1e
f4e7ee15
cc18e5e2
ff0c0808
21afa9da
d1109b47
0204fb07
bcfd5114
15fc2902
d1d8b5e8
e2092ae8
14100a1f
16e60a47
de8bf9a5
e1f85500
df090507
09eaefde
1fe12b00
f0dfebb7
e948030e
f3481808
e4fefe2a
0afa040d
4a150710
eeecdee7
f25322f6
d715f706
1520f71c
01f81020
dd21310d
d932f102
f7fecde0
fdfa300e
e60efbee
cabef510
dd4102c7
3010fd21
5a1bfb36
1f0105f8
11dcf8fd
feea061a
01ef1afe
f7e905fa
1ad5ffbd
f5044739
263b2512
ee14da1c
19fe242e
ffe8dc50
09fd1e17
f80c152f
450101e0
1df4160b
5cdba2db
2724e3f2
eb1154e7
04e1497a
034748ef
05b91f43
21f40007
040a0d15
35c71027
eddd2ee0
1318cf16
fd143038
dbd2dcdb
3cd042df
0324002b
c2eea8eb
05fb2726
0f2a3dfc
f8fbd542
061ef511
fd0ebdf2
f3a0da22
ce2104da
d217da92
e218fad6
e3f1ccea
f90dfcd7
f4fc20ef
24f500fa
e2da310e
cef2f40a
d3160302
05376605
cee23f0f
2c13b73d
fdd7e314
1bf5d750
e803f1db
be080617
d3f61c19
02b519f8
f21fe1f4
e114fd09
fcfa022f
e5eae038
df061316
d90dfa25
043f02f3
0afa2bb0
f1dec924
471af9f6
ebb72feb
f0e2020b
b1be2ddb
e706fd35
10f229e6
05190ac8
e913070a
fe36f6ec
0202012d
07ea14f9
4197f91f
2fd101f0
0eef3135
981815f5
abec37f5
cd56d1db
01e61ff2
00ff9a15
7e1f0420
af01fa24
08d5ec28
0544fe34
e11f250c
ddf110e8
0500dedd
0416dcee
fb991008
1bfc02f3
e3da0bce
0e15f601
33fa17db
db25d1df
0bd4fa3d
3b0a07eb
0ef9c414
1301010e
2418e2f7
1c41f71b
e833d112
17f02109
fee31306
dc151422
c8edef17
011701da
f1f6254a
db310e72
cef60f05
f6ff1c16
0201c545
2d31a119
ec0d0de9
1c18fddd
0dded003
3ecd3c51
cb1ff6ff
ed00f615
05120118
0ddef134
b90fffda
f5f60503
3bf2ca06
182f0aff
cdf52eea
eef2da02
020b1114
e3cff5d3
1cfde6cc
012401d3
f9032d2c
141a3ce1
0ae6bbf3
032acb1e
01ebfce2
103afe16
1225e9f0
ac250150
fd01d214
f6e02331
1219a5e8
0329eee3
fd1adfdb
19b8e426
c806f9f5
eaf9003c
fe350ac9
ace127ba
e7f3fd09
250bdcd4
eaf50621
04e0120b
0adb2aed
e8e5f4df
c51913d4
240ed641
feffcb03
1fcc0832
05350ed9
f6f72c04
f6efc6e5
f44503fe
102afb15
a717e442
a9dae207
1f13e9e6
f5dff7fe
ff31fadc
d5d110c5
012af7fd
a8f026f5
f2eee9f4
c5ebb11b
eaf11ac2
00cf0807
11ebdd22
b338170f
3604fdd3
0713e3f3
2c14281c
1d06d2d9
1b2ae7fa
f916e600
040f16f1
d227efca
f622fff5
e9db1810
f5f11830
1ef1dcf6
e804fd30
0716f4cf
11cfc7c5
c8261220
4731041e
f53a2811
d9f6fbfc
1d22e40e
3c530ff8
f0d638f0
e70320ff
44061920
05f6f919
c510ddfc
d16b1728
f103fcdc
08f1b9d8
fdf2e43f
fd02fbeb
0e17dfe0
d209fdc4
ba02f0b4
e4e05f08
2aff1edd
050f9a07
fc05d920
2dfb21f6
112df2da
f500001e
4bd297e9
2122d1aa
0b28e818
d80d3edf
0d1806ac
06cff4ed
dbe7ac30
1df906fd
e5e4e2e7
a83dfaeb
c813d218
ebdaf81e
0c4a112b
04f3f9eb
10e23a4c
f23406fa
b2ea2a19
0a021118
03f02ff9
d5e0faed
0017f1e5
1009f90f
0cecf7f7
ec10fcf4
ed01ece9
c7283930
b111ff02
f414ecf2
f43a230e
e107a1f2
0519facd
0a25f6dd
19430112
45fb681e
4201eae6
3e1e9917
ec0bd60d
f8e9da10
19fb2727
dbd6f829
00d11c15
f34f17c4
d00a3dda
c31dddb4
0a9ff715
e2f0e7f1
04000b04
de2003db
040f26f4
02bbfbb7
e7f217e5
f92ef9ec
f6f5e72d
2559152e
1c12dacc
d7cef6f9
db001cf5
b807f61b
f0fdeef2
d3f1091b
f727f012
e822f614
0248c728
bb18f31f
e82505e0
ebdf0823
e221e70e
2b092536
fae2f75e
e03afa32
cbfe13eb
e0d600af
cbe82513
a5fde23d
eef34a04
dffded09
0be316ce
fbfeb6f9
fc03fa02
eb3a0107
2eefecf4
ceec02fe
01f801fc
f5fced06
0709f9c0
c7060fe0
16f4f1e3
fd06050d
1fedd3d9
29e90bd7
52e735e2
df0ce7c6
feeffed0
09eb14fe
e209f2b9
df04fefe
dcefddce
35f01734
14061fcd
e022dfdb
fcc01024
0cf2dfd2
5f323ada
22f5f7eb
e1eba4cf
cc3bf4b8
d61630ef
ed04dcb7
ffe3ed32
2047f2c4
d9f0edf4
091901f3
1eebfa0a
f3c60b34
fe2f43ea
e0e3e1da
021ed2f1
113d34f9
ebcca9d7
dff6fda7
21270def
3c102bfb
1e0a4601
3717f1dd
f3fcc5df
fa29defa
185e0f23
34f90012
1df11d07
0836e92f
e0e5021f
f8d21a1b
090d35e5
00c8c318
b4d7eecc
fa120401
211beb21
1fead2ce
f0eeed21
10c83d05
f8dbe0f8
17014842
ffd3fdd7
d0c8fdf9
0427f2b4
1016e341
012537f7
40f20ee5
fd06d902
01f9c8e0
fdf20311
45c40412
1636f63b
10ed266a
f9e2e40c
4e02fe23
f50024e7
e8e726d9
0e0becf0
3cc1fff0
0f0208f6
66fb08cf
0e18c3f6
fcff0de2
f83014f0
01073c47
cee7e7dc
2a95fa07
d4e5fff6
e5060ff3
001025ff
ee180af3
0701fb0f
f11302ff
f623eb09
f11d04d3
29a2fcf7
0417c626
e3093be2
a0cf38d5
1817eae6
db09cacb
1e5808c2
001a0904
142415ec
12074841
2128f009
13fbeb02
ec1612f2
f00bc452
11fdff04
e1f7f3ee
07f3f902
ba038fbc
06160b14
e71d4eb2
fdd830f2
db0e11f9
d90801d0
1f0cfd07
cc0c0ffe
e70e4fcb
46f015c3
ecfcc99d
e0fa1106
02070e81
fadcf0ee
2316eac5
02f0ea2b
3d1e0810
f5ef2029
0cf2306f
0a110010
242cf72d
516304b6
06fa091f
ece46a21
22bdcd4d
ef080701
f0c415d0
0c2f20c7
dd4410f8
1b47ee21
f5140a06
0b341d13
92f8c835
bb080411
2de222f6
f5d2d22d
0b4ffefe
cb25f423
26c4fa36
f8ffee26
dcbff9ee
c80718ff
f01eddf3
06df0dec
f9b5cd0e
dd1ff711
c66202fd
02031601
11da0bcb
010fcdde
f108cbe4
ff3629f6
0b071102
1ef10514
edf1fd21
fa3fefde
ae19ee4f
cefe1bfc
34dc0e1b
f113d747
def2cbf3
cf01e417
dbe4f6f0
060802bd
d1e806fb
eae541f0
03eddefa
fbea0f55
eefc83d3
2cd026f5
e8d8ffdd
f16603db
c8110a26
fcfed43c
77ee2a0d
e2000905
d005db3b
051a2b1e
f0cdf91d
19a5f02c
00fed4ad
050b21eb
8d0c2bbb
0eddf9e9
e61d28ee
d6f5e3f1
da0f021f
de2440db
3bf0f614
ff017400
3acd2927
fe0bdd1c
dff80e0c
f21c4001
26e6043a
e61bf6ef
d50919fa
0631dcf1
18011be2
ef2fe101
0c1e0d10
edcaeb13
00e6fac9
e101ecd4
ecfe1e38
fd2a91e5
f809d224
0232d72d
3fc7f117
f4a7e5ed
df06fdf6
cf061822
02ecedf3
db2009fe
01faf2ca
f3c925fd
ecf3fe15
d4fbda30
f415fb0a
25fdf0f5
f8e6fb3c
20f70005
0df11310
05f95207
1dfbee26
00fde00a
cb2c050e
35cff3fc
09f4d712
131477de
d9fe17a7
0beae112
d7e3ddd2
ee0ad2bf
22f7051c
fa1c4efc
e916f42d
eb1d06fa
1e1efdf1
fa0ce9d8
e1de07fe
bef01b04
fd57fcf5
502ed6f9
40281428
f6000004
3af0000d
f6cc002c
0ce53dea
f515d1e7
01f4fed7
e3e7eeef
13070805
43f312f6
f51506dd
03ff0fc1
f4d59d01
e6452595
1d16041f
442bf608
0c36f2e2
f5152111
27eb11f4
f52af9dd
f8e3f20b
e54be127
1904fcad
f80ce2dd
fa3efabd
0010fcda
e918ded7
f6001cca
fd144ac1
27dfe2f4
d64cf3dc
f2ea2604
01f719f4
fbce2bdc
e308be4b
07d1f035
1010051a
0353bc07
e8ddfd21
e0fe181f
2ccd21fd
e613970f
00ece309
00f705ff
1303ec38
aaee0900
012aff08
05d4003e
b2e819c6
12a9cbee
ce09ce07
05d20bd9
412126b4
01eae736
0f2a0153
27078b1d
bff8130f
0529cb06
1b500044
061ce3ef
02e71ec5
1633ede9
1b2f09e7
fcfce7d2
3cd60626
15f5e1d7
0703e40b
02de00c5
18eeffdd
fb31e415
fb17030d
ebd3080c
34d3f4d6
0eef2eed
dae1f62b
0f1bf201
dde316e1
05f51cfe
004107dd
e6fb23c2
edcf05ac
e5f81aed
f1f4e8f1
002de42e
fd521eee
1a17c82a
eee2000d
1808fcdf
0f1502ef
c1f30610
0beee9f3
000d0b18
dadc2814
f8f9fb1d
e40f023c
0df8fc10
1e0713d5
0220e8ff
f70ef2e3
02c118ce
134cef15
06450331
f0fb031b
3307d8c1
f20bf1f5
e521b20d
09081b09
033b101b
02077fde
d9b300fb
f91004ed
21f3d721
31be0af7
38f4e4d0
f1fdd104
05f60c09
18f840c7
dc03a704
07f501df
1736fbdd
1afa22df
222b0f28
3ff02431
f43ae8bf
1e123144
c5defe31
ec170127
e5f9f12c
38fe03cd
fafeab06
f12a0d17
fdd01210
0df90d26
aaddebd7
f036f93e
23351917
f11de0ed
c4ec320c
19cf13fd
eb3b2a14
fa09f5c5
06e6fd3d
1110f107
18e50cf7
0cedeff9
f5feda0d
e1fb1d21
09f3ffe3
06eefd20
f9031223
f800031b
fcf7e94d
c1fce2f4
10def015
dbab0a0d
00d2ecf4
ebec361d
b40405d0
cf29fb30
22c081ab
cefff205
0c212203
df0d0103
163cf313
d6f2c1cb
2bf8ff22
1ade1114
f3dab4a0
19e2e7d5
4f4204d6
d92c06e3
07f50140
edf126dc
5a76e94f
131f0315
f7072bc9
d8f6150b
dd1103f1
1225e7cd
fee10877
ffc9ace2
e9f0e03c
182102f9
fa2f2e0b
d80e40f6
bac8b31e
4430c64f
f90a2ff2
13d1dd13
18f52df6
ec370451
05fe24e9
e59feb1a
e8d21acf
e807fec4
fa00ecce
2808b7d9
216cc8cd
0cd0f816
dcfe1b5b
07c50c3a
e0f7d1e3
fafee90f
fd17f015
27c018f8
f2bfe4c3
0908f9fb
3e104305
1fda1dfa
0af4a811
0404f307
f9e017d2
e2c72156
ca2526de
c005fbee
fecbd118
e9cfe52d
01120001
ebd01b0f
12fbfd11
d0f9f0d7
01030e22
1fea0ffd
ce05040c
0ee01b24
f1e91b04
23b2e50d
041bde08
1834e4cf
180426f3
54fc0706
f0e9e204
3e43f913
12dc14fb
09bbe21b
0cf41c07
f61c0bc5
11961407
27050d42
e0decdb8
0549c91f
dbe6fd0a
00af2a24
19d7fc04
dfffe5d4
fe2c3443
0c1c1315
f73df606
3336e0e3
08f4b02c
42031831
f0332df0
e928d647
e3fa18da
13ebf952
12f1ad37
d337d0e9
2d20c61d
d1e5321c
02ccec0f
0a1d1528
516332f5
15fef8f5
014a3ad5
e713fbe9
e016d808
2f2b01fa
e9dfdd3e
1f281336
e1b4f946
e9e0ee1d
ff31effe
0ffe0f43
f611f3f7
1aef1024
ec2fcae5
1e00dc0d
c9f7c6fc
29bceec0
0cdab6d3
01119532
bf0515ee
9eee4de0
000fdff8
0deeee19
fd2de8ef
e7f4ed53
d81a4c51
eee4da16
f2fb2001
01e02000
f50211d6
0eff30f1
10250c28
ee39f510
e8f413fd
eac514f0
d61e0fea
d6dfe5ab
f7f9d9fd
191ceef4
d707fa1c
16defac0
150dc212
d8e0e813
d03ccee4
fc61fa18
001df218
23d51de9
fbc5c3f2
07fff8db
ef4c2524
4baafc1b
db0218fc
4ddc0f1a
e80d14da
cc5eeff3
e0061403
0adef4e6
26dfebf8
37c916dd
1df3b7eb
d41fd61b
08e30fc7
17c31219
e8e3f3e3
cc24fff2
20da2b2a
03c7d506
e7f601c9
d6fee99d
08edec1a
f10828db
f12ffbe1
0bed03fe
d4fb1d09
c9112d49
e10de2cd
bbd8bed8
ec1c0629
0fd91bf4
03d0b926
b329e2ec
eef8dafd
ec000c05
2909b0e9
fef8cdf4
0806f23e
06fe0b0b
dcdcbb03
fff30519
1bdff2c5
df1d11e4
2cfc030d
f20e1e2c
0d06d6c8
0b14d9d9
0d571d05
202e0c0e
e821fcdc
67d81e3b
211509dc
2cfada00
f83d021a
d91fdef8
08da0115
09d402e3
0ac2fd31
0b9f11f2
d20af2f3
c5effafb
0e0ffe04
f9cd09f7
191207e9
ec0e06ee
1804ede0
db2c0af1
f0f75308
06d0e502
04e3cd04
2af542ec
28ec1e0c
23e103d4
2006230b
ebf5fa09
3ee8eddd
fe02ebef
ffe0f201
c9ee35d5
73323200
f50200d2
ea566f2f
33ff3fe6
fd042222
4817f72b
e4e9f7e8
0516e05b
e70edccc
1a2eed09
e8d8ea29
2c0b0a08
11fdb205
c8f505e3
ff0207df
2af60e31
cafef9f5
f8effd0a
fafddbbc
d63eaae8
e220070c
edec30eb
ffed2bea
ddf2ddbe
1cdb1d22
27f8f99f
393619d5
14fc1e2d
160bd101
4027e205
f03a1503
02e20cea
2b07fd0b
53f8fb10
fd0f4754
7344fbf0
f3d9d610
f3f81018
fbe118f7
2117373e
d4c503e8
e005f736
03f1f822
0bfa0e1b
f9fcfdfc
f3fbeffd
0410fc06
19ead4e0
2a0814e7
14050408
04fbc6f5
d6d5e2f9
3a352eee
03040cc6
02f1f6e4
03ec29b6
d04baa24
280d03d8
08122ed9
ec01d4e9
d1ecf13f
25ed40fd
01cffa16
fe461438
f54c3825
20d70842
3721e003
01e6ebd6
f7112712
25251dfa
f9eaeae6
d0cffae1
cbb9ee0b
1332fe36
ecddc8e4
e2fad5ca
2417e810
d509431e
0a01df1c
0f131d05
0cfcd1fe
f3f803de
26080513
eb12f1ee
dbfa2609
0a1508fc
fdbd091c
070bf5fd
2132c523
0903ff0d
fc0ebcd0
240705dc
ece926c1
f331a8a1
f6bb0545
eb22ffb8
3c1bea35
d0f0f9f7
050005fb
fcfa000a
fdff0304
040403fd
01f902fd
fa01fe02
02f50b04
fd0a01f7
f93e0de8
f90919e1
0ffdf814
40f30c21
f1ff18f8
1a05def8
0cbe0713
0c11fb11
12fbf0d7
baedeaba
fee80ce0
fa02f0ba
03ced9fb
f2c727e1
f94cd101
b8e40130
263712ec
e0cde6cc
ea1be8f0
147006e6
ebed2ef7
e327cc05
c9d1dbe6
cd0dee27
f84215e4
00ebe2e7
ef163f1d
40192746
f603f5fb
e134fd47
ed0fff03
dcf5fc1a
17170d0c
f526f850
f20a600a
1cf3f215
ff16faf6
dff5defe
12301bd7
1b34febb
d4faff11
1df00df7
f8f8e101
00e4fc10
000df5e8
f9fb07f8
e3f304fe
29fb000f
18e71dda
37d3f8c7
2b0ef5da
d5fa20db
001f02e2
10222be3
f63ed3ee
ff1afe25
f00bdefe
0a272afd
defdf9ef
1208be1d
fb2afe19
0c01eee6
d0c7dcea
1a26fe1e
e4dddaeb
06d6fb10
f112330f
e9e1231b
0cfbdc14
021ff308
ea7cf4b7
0e2007f6
f6eb14ca
e511c22a
f911f705
e00d14f5
0adcfcf4
ec23ff01
050af941
302301de
e62cfdfd
1de0f21b
e90ba905
2dc12c18
f8370518
1a4c111f
089817ea
1592fbcc
22f1c8ce
fa00f4bb
3021f6f2
f23fe9ee
070e20e6
0d2ffee4
65f4f913
ecf606fd
ce1b62d5
2040a9f0
19e82623
08fa6ae4
f83c17d9
f4e20d3b
270fec13
e51ef757
07f50fef
f7222df0
d7301eeb
e412ebf5
fcfcebe6
e7f2da05
203a05d6
ecf6fab7
0e321df0
19fe0f84
e0b81418
2c2e271d
f2fa18b0
24a0052f
ccf7f7bd
e625fa40
0dc5f0fb
1e26e3f3
39d1d7f9
cff0260b
13dde30e
1ff846d9
fbdec3e1
1edf07fc
b8def8ef
f9040b6c
e5010eed
d6131850
0a1426f4
df0a273b
ed0bf10c
cabd0103
0ac20562
28bfef21
2e121efe
c6030d18
110a3806
bb12c704
0bd6e7e8
f50f05e8
f0eb3d41
f0c3d3e2
ede62301
dd0c20ed
03e81515
f41e09fd
474bf417
c620fe3b
e634eef0
0d0f3dd2
e92caed0
0e129699
e6e5f014
fd1f3114
c9fbd4fd
f0c5ed81
ff10002f
06cb0fb1
22e00bf1
e3f604e9
f4e0f247
eafe252a
e911e704
a6f3f2fd
0ed91c3a
3bdfefb1
0be713ec
cb1ff6c9
09c6f8f7
b52a3d2d
2d4e3ecd
ccc80440
fdfe0d1e
15e720ea
11f6fbf6
f927e00e
ffbef2f6
e711f808
f5cedf17
e204fe1b
cd16d720
1c091538
142cf7f9
190e19fd
f50bf3ec
041ed910
eea2dac9
21d5f9dd
16f32b10
cdeb01f1
d1065b17
f30b210c
02eefd08
efc9ca17
01c1f230
030eff3f
4d29cbe1
14dd11eb
0902f7dc
3038dae2
f2cc00f5
d81b29d9
3523320d
06a0fdc6
49161639
14ed06fe
f60f1cf5
0c38d2d9
f814f2f9
161ee111
ee0bcb0d
08dbfbfc
2804cde7
fb23e93d
d82c2009
eefdee04
00ff0ada
c2ffd116
ef133601
fcfbfc13
1c00c710
fc31e102
e22dfefc
dd2624e9
f50025c7
09ba24e6
06d9ea19
e62df2ea
fcf5de2a
0703b803
31fcd807
d5ef45ef
fe0e2e14
ecfa1cf4
0504ddca
faedf610
3ee31f31
fc91c7e8
f3350600
d0bf55d6
020f1128
bc242222
bef23502
e7fefbb4
100a1c08
0102c83c
dc163b0d
effb08da
f8da192e
e305e404
15c6eafb
0111f4e5
f4d6fb29
30ff2530
2308abfa
f40de718
10e2da1e
011831f7
113a0bdd
46070a36
1dfa050b
1ad72cf0
f2074110
ff1b0ee6
fe23f6e6
e112dd21
e728eee2
ffea02e8
1ef7d912
f860f1f4
b406e210
03fae9fe
0910141a
1a40d403
21ea1921
16cd06ef
db13ffdd
da3addfe
0807d6fd
18133105
fde3f240
0ada1b03
12effd32
11c0fcfd
f007f62b
ee4e0523
e407bc04
102f11f7
0014ed5d
022d0801
20efd110
fde50013
05ce96d5
c33630d2
16fb40dd
dad097c8
0ce4e201
07e5a598
28f602f4
29250ebb
f2eb3043
0908084c
d627e8fc
e021ebf4
01f500fd
19f02b12
c2b3d3f8
1ffafce2
ed0afdde
e0dae6a5
e7f8e7fb
061f09f5
fdea0fce
117901f7
08efed1f
11c0fc2b
1004140e
9558d512
fa0bfd39
0fe00fcc
04dbe8cd
de18e310
f407180d
171e04c6
22e713e7
d107f842
eae96705
fa0e012d
0dced413
f1f4b3dd
1f20f6ea
3b1508e5
09fbfed1
f60cfdfb
fc051708
08ef0a0f
070d1f3c
16f3e00f
0f35f313
060307ff
e00b050c
cdc6c41a
ff0bc3ea
111d1dfa
fc3af836
241605b6
1ae2a934
5ce8fb17
1dd7b5c4
f10f2510
effa62f2
fbfee2fe
0ff5ce16
ef93e9c9
2c34f22c
03dc120d
d8e9dc21
11082833
fe232fd6
f0e2940d
0b21d10b
195a13d4
440b060f
ec270813
ec080604
04050d2f
0ff94608
17fe0131
00ed2643
01def2dd
08121ed5
2b59030c
03bcf7e9
1ee0dad5
ff271de9
a103f1f7
141606d4
c9012b1a
d1ede5de
ec36ff03
0a082c24
e1c8b700
da05d0fe
fae832d3
fa09f0fa
28042f03
d1ca0127
28bcfaf6
2709aa1a
c20926ec
10053912
021cd20a
fd0e1aee
0715c524
152904ee
a6240045
e9170725
09f52cd7
03270214
172c0d0e
fdedf8e7
1ebbf636
d43ae108
dd1e01e3
d2ef5340
27fdec0a
42f50e0e
f30e2112
01ee13b7
0f032726
d5b0df03
0e33fe45
22ffab0a
2e09ef5c
103f23f6
0cba0429
0738f5f2
06fb2fdb
0f50e2d1
3ce2049b
05fe23fb
551fd2a0
12e30514
f3183214
ffe44819
f40cf309
08ab3224
1523fc41
cf3bef31
280f3501
11e9e9ea
35eae90b
ebe6f5fa
1cfde7e3
0eb5f413
fcadf619
02242d58
f81cd50d
e216110d
1c2023fe
f43b0b2a
fc1c0a13
efd1f302
fd06f60a
fcda1638
2ed1eb4d
0efbeddf
d81d23fd
08edea20
ff0ffff7
0a01d405
0cc90029
e11ae2df
2edb35d9
1ff11fc8
0ccf95db
f02d1bd6
f81d0fb9
3d14cf2b
eae0f7f0
ef04f0db
d62013e4
21021af8
f71cdde8
fd121bee
09ee0f13
1d0b04eb
dc1cfefb
da0005e2
08e70bc1
3328f2da
de09f0b5
f7eac9e2
2f3e021b
1718da6a
e7d3f8f5
bdf0ffdb
02de0d1e
2f04d9eb
e4dcdad6
fef101ff
fbfbd907
b7d3fafe
20ecff01
04e61055
42d6f70d
34ef18f4
e82b0f03
06f6fb3b
0f1336e0
3faffe08
021c023e
f63f6a30
5ab813cb
cdf4fefa
15e0e4de
e5cf171d
f021fd55
8dd208de
cdf4edf9
2c1a02e9
49f72019
ffee3df1
1cebf819
f8fdebf5
09c4071a
e12408c1
dfe4fe05
da06603b
f1df390b
b3052007
0f17085a
fe2ff814
fafffbee
23d2f3f9
0332fef9
c83f2d18
90e813ed
da0f410e
4605f627
f211ff25
0d13e5fe
5c650d23
0b1efe12
ffeee1f1
f7030915
f30129fd
f80cf603
060e12e9
fb0c0fea
fe08eaf5
edf70610
16ffefd0
02f2d8f3
db12e3e5
f9340fca
000d0715
0e38ebe8
19b01011
f8c2002c
1fe8e11d
36fd02e9
530f12e6
0514f1d5
0cd0d125
afcff8fd
e9d6d9cc
36d70905
fde6091b
1b00f52d
f8d5c6db
deeee6c7
02e70d5f
0c2e35d6
0b81d6f5
0cc0fd3c
3cf7e7fd
021f0b90
2a19d406
f808eec2
00fe0dd7
02272f11
2b203210
cfe10500
eeabb4fa
ece6fa3e
392cc5cf
9ebaeae9
13fee1ee
fbe818eb
072deb07
f6f703f0
d101e1df
0821d23f
060319f0
13122101
08e9c82d
012a17e5
ffe0d50e
2acf07bc
464bf9f8
f90ce21b
d3febae7
2817f3eb
e301f526
0f18ec03
06efef0a
dccae811
ede3352c
11dd2a20
e408f011
1819f01a
181bf53e
fee5f331
260af2e4
ef202037
06e70b17
19ededc6
efda811d
ea1425ed
0708f207
2ef90b19
daa00cf1
1af20115
eeb01861
3bf1ea1c
6dcef7e1
b5f9f31e
18add008
312d4ce0
2ccfaf06
2ed70704
a0032d15
fd0adbdf
34d9c10b
03cc1d19
fe203044
032acffd
1feb3df1
390dfdf5
fc04d8df
31013929
f60219d6
01f3c9ff
fe13f514
173dedda
b3e1a9d4
e8f900fb
34260a1a
0ff7e3cb
cd190610
202a2303
f9e42645
afe5f725
1228361b
ddf4fcf0
17fcf70e
2dd8f19e
1616f3ef
e2ef05ca
fb0407e7
e4454f20
fdf71106
ddcff7e5
29fbeeeb
010cfaef
01f23dfa
f2f107fe
01c4ea1f
e307dc2c
f8030723
dcbcfe27
305dede9
163603ee
181c2231
7f172732
e9f71f29
f6203025
1c350b17
26d6ff0c
08f606ee
fa06c731
1ef6b1e9
efe813ea
04fa011a
06f64af2
0226fa0e
26f1fef9
d0e83f10
c4c2fc0a
f7ed86ef
f303e1d6
071f0e40
114400da
2cd80d1d
0a2e0515
f03710f8
4125d937
ecf6c2fd
3ff233ee
ead94b23
e01ef1d5
cfee0602
2709f631
01edef19
06f7d425
09251b02
e8fa3d12
02f5d214
0a2206f1
caf2bf22
40cbfee3
fade29dc
cfb4e1e9
f7f8ceed
ee1709c1
041b0209
275bffc7
0aea0e46
64ef031e
c1f3ffeb
f5141ed8
1d041efe
0f36efb6
03fc000f
ec1b13ce
3500020a
000f07ff
29eefaca
dbe410f6
03234afc
ec07d4e7
0604f317
d11f0d12
0e3a2be0
c45506ed
f2f1fb09
f1f40418
070000fc
f20b0a13
04001b07
f2020c0e
fcfcea09
e2f40107
13c8e311
ed2aa6e7
d5e5fcfe
c4fc1bfb
13170006
2542e7de
31fbec11
1cd0051b
01331f12
02f4e604
0811affb
1cf6270b
f01505f7
16337cfd
32b2240e
07d3f6fa
19f10b15
14f90d07
140cc7dc
ebdde601
05cff4e5
2dea5df4
0b18031a
e8db0129
fff30cdc
fd1d4e10
2ae81a03
070fbfe1
01b3dedc
fb0fe9ef
0a6a1a1d
12f908ea
ec2e83fb
4020e44f
201b44ef
21d3fbf4
f32c1d11
e9f5a0e8
dfa7110f
04caf81b
1f17efcf
322306b6
02e9d311
0ef40ed0
f1e933dd
0a0be218
06b02a18
f3b6fcf2
fd10ec22
ca0010fa
bd160f2d
11f41f36
f912fc23
394bef09
dfe3ea1b
0542fef9
fe242f40
31dbfe5e
0206ed25
31f53e37
fd0b0711
1013f126
e8cdd7dd
f9e700b2
1000ea1c
f9e80801
0c14291e
0bcb2d47
07ef07d5
ead6df1b
f611211a
02ee04f6
13e9ebf0
1311e4fe
e221250e
e81c0917
08ee12eb
ede6de3c
c7d6f5f7
ea220001
49a6cc81
a57fc95a
6481767f
05816632
7f7f818e
7f81989f
7f7a7f63
727f7f63
f720eaef
e20e0e3a
fa0f0a14
34f6011e
fde7f1ae
d3f9dadc
e5ecf3ed
160b02e5
0e0dd7ce
07410628
00065f00
1c15c407
ffc620fa
d709e5d4
32201eef
e32d0618
1ee6cdf0
c2e7d400
140c16f8
e1f531f3
001ef6ce
eef9ddc5
f1f617da
0aeffcc5
dadeeaf3
b8ef000c
310921dd
bf4309fa
05d2f610
dcf0ee0b
0db9fce5
b408fcf4
25dcf536
ea1f335f
fb04ccff
ebddb016
0d35fe27
03ded6ff
c6f9e9cd
100308db
232fc815
b7f32fba
d8f31cfb
22e4b62b
f53d16a7
2b232ae5
35eb05eb
bc0afbf6
c7e6e6f3
6b0dedb3
12df11e3
db3c11f2
05b7111a
3f0b2626
bb01dbd2
da230019
10f30ff4
ddc9aeee
c3fdda0d
da0c2fd9
00d4299f
f8ebcb09
a914e5fe
2214f6de
fbd61b2a
cc210b06
de33f0f6
00ceb5f6
1818dde0
0c182fd8
14feff08
04fc0323
2bf6d5d1
152edbb4
e9f530c5
c732ea2d
5f030895
ff0afe27
37f4f322
5127aa21
ee23ce13
dbe0e6d9
0ac2b7f5
01e41334
cc083018
10ddbc35
1ef20cfd
28dce029
08c9f6ee
d6e5039f
0f2e1c06
d40401ea
bf2ae9f0
01e3f6c3
e4f9daf7
bff0a2f0
3bfb2ced
a6e4ebd4
367eefe8
4ae51eb5
d0d9d62f
fecd15a9
b606eccd
f9450201
fb2f08fc
eef9ffa2
05eaf206
127ffbf4
d4fd1119
e1e505ff
f90b0e00
e6f806f3
cbcb02d6
3535c7f9
1edb0930
36cbd54f
0aa509d0
03f51e08
13e9db00
bd0e165c
78f0d1f9
1f45f319
21cf4419
eedefc0f
160505ed
de3bffc4
1ff2da24
0711daee
21060a8a
e503f9e4
18192afd
5126e8ff
ec0a0516
f74001ee
e3e4e6e7
11252ce7
ecfe28fb
4901d42b
09e601f9
a1c2ebe3
e1bafa37
00db22fb
2d2b1327
26ceb217
0714ca13
f6d6e108
18f4070c
0ce5ed30
05dc14f0
fdf40906
43d50ff6
062bf640
00dcfeba
d3d5fca8
e538c50b
d319fdf2
11fed126
f1e5dac5
fb0b0a02
ef1d8dfe
e2ec271f
1fd9e2e4
fff026e8
ece00125
ca0d072d
f2d22cc4
33fcf11d
f4ddc0f1
f8ff20ed
e1dec7de
24ca22ee
f8233eff
f5092035
00230bf1
f7fcfffd
d65607eb
ed140037
1700e90c
e9c60ffa
bdff281e
da107404
f8c52b21
fce83e1f
de04e204
58210407
ff2aefec
ff3812e3
ee101612
57eefd23
00f8adad
3cf11617
49eef03c
0033dffa
0c1fef2f
07c6de04
da53f912
e0011d01
1ce30ef6
16f9efce
ace047cf
2c62f249
3027bf15
44d4839b
eb39f63f
a7ce38d7
f9c34abe
39bdc61d
9cb90a19
c5ecf6dd
1425cb40
f7f60146
f2eceef7
19f9f1e7
0b00ca19
cddf271c
d042290a
e2eef2f3
e3ef0b63
e30becff
5a0716fd
f534f300
0505eb19
af111ad8
f50b7fe2
d648cb33
05fc17f7
f103b928
381df5e8
04eeb60d
04efc159
2f0b0cec
5eb03a03
2b1710d6
56110332
ec24520a
ea11ffe8
e01804cd
0d0ec7a7
f01b1008
c6f2091e
e6db0503
320f0a3a
eeed0b0a
39070d1b
e9152a23
0beeac0a
fbfc0fe6
e70b4a27
161c1aec
f905dce3
258fd207
ea200ce8
08d3fe0f
03022941
1818ff1a
46dbf5fa
effb3d4e
18f6ef17
f14e0e2f
1007f2ee
03f5ff1a
fd07d122
f5f912dd
f6ef07ed
eb5e2c22
aa03f7fe
13c70ef0
05273e10
29f418e0
0c2f37da
001816d9
03080d18
3600031a
201cf82d
1bdf12d8
f2f9f7c9
60fdf629
ff2620ef
f5e51cff
1b2c0ffc
082b0be9
18e0f2c0
de41c509
07231dee
49e0da09
00ddc3fb
1b2618ef
1de5d82b
f31902cd
47ffddce
fe29d8e7
362cbf02
f0f8e8ee
02082ec2
f8f501ca
9e22f530
1604f3db
133dfff2
0b19defd
1b1514e7
1fd908e7
01e7e0d8
eef8eb04
fb010916
2d0415fa
3e2fd910
2519cd02
dbf2e00d
1625e9f4
f10bf6ee
e5e3e036
dddef4fc
3e23d811
ec0de20a
262df4ee
1b223c26
0acedbf4
0108eaf6
e4100013
00323019
ea09d020
3fd6f9db
fbfaeefc
3160e605
082830f3
00f0d504
1df2f6ee
12ba36e8
e8240cd9
c1cefe13
f02b89f9
3cf3f3db
12f3c5ee
0f20b7d4
0afff1eb
e6124207
d3430f0a
c00df2f3
da1793ec
13de1507
e7f112f5
16ec28e0
1b0a09e7
dfbcf634
e8bcfa1d
47fc02c8
e4cb4935
e062c8d5
d5250b24
f31201d6
0b0a1002
d81be9cf
0ae38423
f41708f9
11cf03ec
ed050c0c
cb1befec
ecd20c19
27f51000
eed4d7fb
f337d62c
02dd1e0f
fb3c21e3
e8cc1b35
f909eb0b
0c0906df
25f716f5
20f7d632
50230de9
2530ec18
dc16fedc
12fc0fcd
011cea04
f5e6df8f
550a0c0e
efcff036
20552863
f6f000fd
17e71bff
254e7f22
0e001220
fb491fe3
d7f6fa10
e9e93be4
4912f816
dc36dbdc
3bdec8d9
20e40e4a
34de34ce
ffd8f409
09d6e700
01fce924
f11e0f53
eb31f0fc
08f82309
223eee10
100827da
f2e32ee6
19e8eb0d
f0fa2f11
2f1e07bb
2fe0f812
ee05adec
fcee3fef
0ecdbc19
05012ad3
2d0008f0
cfedeb2a
ebfd262d
e102fc4a
170e430a
b9d3d1fd
ddeb170d
0e190005
00013127
fc21de0b
5de34d11
311af9ff
0d16fe07
c50b2af4
f6dd1129
f8fbd9e7
2217f900
eabab809
50cbf40d
fbeff5e5
13100e2b
de02d7dc
dc0b0903
ff0c08e5
a8ea1811
dd52d8f8
fb05d000
f4200f06
fc13e505
f2f71afe
0deff7d1
08fadcee
4b230ef5
02dfff25
d334fb5d
b0091b21
255ae4ff
05ee05d5
13fcf3bd
15e0d7e4
d5eb10f5
18e52313
10340811
e5040bf5
1b0c39cc
f728eff5
40010e05
06270e1b
e5b4fae4
43a3fcf5
cb0f186a
dd1915eb
2dfb4718
2724100a
ffba29f6
07ea2135
1ef0e9e7
0bfc0217
f1e809e0
f4fc07e6
f518eeec
ef3cd5e3
f310f63b
fafda5cf
2b270204
09bef8ec
f63dff15
03e10308
04e8ea05
3b1e080d
e9e9fdd5
f4da0a0f
1208fde6
eee92b0a
f4fd09c8
e7162111
09edbcf2
201c39c2
33170aec
ffd5e118
c200e6ea
1ab751e3
f7193eff
02fdf309
2124e9f7
0104051d
15f00e13
05e5fa01
fbede60c
fef91c10
18ebd81f
0b0f1f9c
0bf8ebb2
b03cea01
ee200ce3
00e80aeb
3201e80a
efe0a701
c34107f0
cff11a94
1926a00f
f940c727
f0eed106
08dad4f4
e00819ed
4004e347
12e1cf04
e5071e18
02e11708
21f518dd
e4cff0ec
020dd954
090d0df8
182c28ef
0528eced
ea03111b
18eec3f2
08f3f818
d1d5f4ee
00e1ff58
fe0302ff
4ee21801
2d39c9e2
e7ca0ea8
2ae5b7ed
ef62f8d8
be1fb8ec
0b1d0403
fb1f1fe6
1a0ff0f5
ee25dff4
d1e7fe00
fd2ce5f7
c3f70cfc
e804e72d
fb32f81e
0210360e
fc07d301
1ccaff2a
d61c1d07
15c3480f
ffef4422
1dd00ed8
fc074544
c40e09ee
f91bf307
87faeaf1
12eee01d
e60cbe0a
18f2e61e
251b0afe
fcf7d724
9bdd1bf4
c9f909fd
18f2b031
02040de0
f5d9fb29
17f00bf7
2b10c102
01ef0be2
32ea11f7
1bbee724
db111f0e
f22f0bef
ff0fed14
39d9b736
f40a200b
0b45f004
24efcff2
0a082e10
330a0f45
e0ecedf9
ec12f9ed
22ed1613
f8ed3917
f43b1425
eee21818
00f114fb
e9dfe841
22d824d8
e8a8c402
4a0d4838
ec09efe5
fe19f4f6
e30ee7c0
9bdb1a20
de1e3118
21d4f6cc
f8f7a2e0
12020b11
0b03ff04
0a08d60f
0d0bf0f8
1123f936
46fbc60a
0618fa19
15d0401f
f7f3f3d6
c5e81df5
efda0f20
41ff1413
fb34f50f
0b0fe125
35090db7
f4f5fb10
0959e309
19fae520
fbf804eb
ddf7fdf2
29eff0f5
1af71f20
f04f311d
0dba26da
32e83a42
10e653d2
fafde206
f8ebcf25
18f74a0c
f4dfe119
d643290a
dcdcd8e7
36ea0a66
22041e18
0804de2d
16c6e711
2fd62e09
58f3e607
3444e8de
1cb90bd8
f5fef01f
ead530d9
0ef231dc
42ecdb0e
06c2e72f
f7efd6eb
1205e77f
08c22212
d38bf623
05fffcec
0cf6221e
2e0a121a
19ee280b
02090501
02faf503
15fa0202
000d0307
fdf6f416
f5e90304
ffffee0f
1ee909ea
0eec10d9
3a28c8f3
f3c43e10
081e1d33
ef1d0c18
f41144db
11fafaf1
c52cecfe
3cb6e928
fc3cf8de
2c291a32
d020e3ef
20f4d3d6
05f9f9e5
e9d82eec
c60dc429
fef62c38
f1f6f1e3
0f0be40d
26db0706
06fff0cb
02f40911
dc0ae2ff
120d061c
ff0000f1
0700f902
fcf4fd02
01f7f20c
01f8fdfd
000803f9
06fd0003
fd07fb02
1e1c36fa
2d2ed246
fa021c22
9eeff409
1fe31bde
edf1f0d8
0cecd55d
cdef0813
f6ff0a07
ed10fe2f
2ccbc7ca
09fa54ed
f4df053b
fad52c47
fb001105
4afe2a0b
9522ebad
121af4f3
2709b0cf
16ef1f2a
0e1af819
fcc8ef01
c9dff8ec
cef9f12a
ffc1e6db
06e02317
edfbe004
eb08f514
f327e32a
fb1613f9
fd1ae706
ec0226eb
0204fdee
f9ef0b29
fc10e4f2
19111905
f603f4ec
06fdf10e
f81211f9
f6de2d20
11fc00d8
28fcfa18
07321af5
1bdc04c6
52d40de1
09b8b50a
cdd50916
1a031410
2c31254c
00f9cc16
0ddb1ffd
00086804
d6edf713
f1f341eb
6c1305f9
eedd10ec
fcf70c25
fefa0100
05050303
f9ff0002
fefe03fb
000215ff
03fe01ff
00f4ff07
132a03f4
0b0fe6ce
fa1b09e2
05ea3f4b
19dd0ece
fed70df6
1df2e003
0917e414
d2e5f3e3
f4eff7ef
ed0b0708
34f2faf7
fff40b0f
01e4e727
f5f40ffa
fbeafb0b
fdf3260c
efee1d38
fc255208
ffc806ea
121e1617
fd080ee2
d4e925fb
f94e10fe
e6fbfaf1
1d14f4fa
0209b301
140a0c0a
fa1610f5
f6c9fdce
f906cb07
efd828e7
7c1de8ea
09df06b9
f01ac308
0a0ee4ec
27e7f6fb
fcefeccd
fafef5f5
fa10ec12
f6e50cf4
1c0be4ea
05170d0c
0030d403
f70cfafb
fd02f110
0bf5fd11
00f905f7
1911d2f2
c9d012e6
fd1bfc2a
05f8ebf1
b9fd0fb9
f9f3e22e
08f80503
1540e6de
32390494
00d6ee62
d00ea3c6
1cd712ea
1df8fc11
fc08b1dd
0327e61c
14f857d5
ca23fbd6
ede0f96a
0fd8ec13
f9fafbd5
222303ff
01d90404
da0319f2
e63149d4
efe40ff9
f8e11e22
f00b111a
fad9d3f9
190ae817
030efb10
da0b0a02
4b1f1af5
fbe35621
cef427a2
e8b5c8f6
e01ce9f7
e8192419
f2e84006
f7f7ec23
5a15c6f3
f6db01c3
ea0905df
0bcd211b
21e4ce0e
f3ffe6f0
fe04410e
d0ff18d8
30e5ed0f
031119ed
14e6e71d
0730ef06
18070fef
1befe513
fff8ecff
d0040706
e10f2206
1e0b0f5b
4cc70e1c
03de420f
eae03034
21d32ab1
fcd3e624
c5e2f023
af08f84b
e32061f4
cc2ad0f5
1aca0b37
faf586f6
b5f91b2b
fc1e15df
15100307
ec12f111
d00f1bff
09071cf9
d5dff5fc
fa121111
ec231306
0325cf1f
3c1d11f1
23a4fbfb
1fdeb4d3
36ccefb4
d7ff0ee5
ebf8bc3b
0bf3f7f1
00f70a29
38d3ed1b
472fc921
0c07f9f6
f7fbff07
fd120104
03000c00
06f9faf6
fd011106
07040800
051109fd
0b09fc3b
3f1bdf31
2dff5412
45ed003e
16d410e0
05052c0c
ecdefdde
1bf73720
cdf60106
10ff0a22
fcf616f8
33172a07
1c19f105
fe0bf31a
f5f60b11
eaea5df5
3ff6cfde
12f10f00
e22f14d8
8a1c07c6
1124192a
003c012e
e6162f2a
1736c4dc
3c382212
3b1106d6
10e3fca9
ee0238f6
cf0a6f2d
00bdefef
44fb102b
35f4e305
e7f703de
fc0bf100
03040403
edec0508
ea18ef37
f8f91afe
1e10eb0e
02eadfe0
14ff1e3f
0ff7f222
2ee1c318
08d2fbe2
1efbdde5
06d81fe4
e712f705
e9041023
280f0516
3411f9fd
10c4303b
21ddfa0f
33c8c9a9
02ebade9
3321c306
3bdf1327
ef0dfa23
e1241b4b
e7f4c8bc
68e40cfc
ee0e1600
0acf1efb
5c2219ea
3ece7401
2d05000d
1a05f12e
e914f2fa
c8ce092c
210bf501
f740d6f3
2b00dd32
09fcf0ff
faea29d8
f72efcef
00f90530
17160f10
f70def19
f12b3011
edf5e4f2
14f505e2
07fc0df8
ff01030a
02fd0404
0afdfc01
05f9fbf6
fcf7f902
0ffa0200
f5fd0701
28431a14
eb13e4ed
1547baef
1beefdff
11df0619
01edecf6
fce0fff3
f9fed513
5c13e73d
f8d92026
1326fcd9
3014010b
18e9d9e7
fa161ed9
e4ddef17
101f601f
212413be
49bfe0eb
ed921e02
0b0cc687
fe04210a
f71200ea
b6f81504
3619e6d8
ff21d22a
10082819
109e3e0d
f91ee13b
f0243df5
ff3beb1f
10fe1726
f50e1bff
fbf181fd
c130f3d0
05ff5ef3
1417e43e
f3182697
f8f2e033
35cd1a14
f925f810
04e9ecb1
f12ce315
0bd62ddb
dcb1f728
4a0d1f2b
09e7ecd4
18e5f105
1cfde722
0a0f15cd
e917f0e1
df36fc07
dd343bef
2219fd19
000ef0f4
110d04e8
0102f503
d6f32129
aef23e17
02f1f5c9
1edf17f7
10fb0b52
080c1310
e5f814e2
fd042f13
00f90965
0fe4f9f7
12c9fffc
eb1ef4f4
11f002f4
0afe2cf8
f51d3001
19fc080a
f8f5eefe
fd1b0c18
e92dd70e
3af8e7e9
e22c06ee
f9ced834
6800f0e3
0aee1c10
290cdcd4
012dea04
0f083b1a
ef1001ce
f30d0ffe
ef18e4d6
10ece70e
cdf9e9c9
212becf3
2d01fcb6
08270d17
321c140d
25c50526
0d32d9e1
4301faea
4000f349
20f7b2d2
22f8f2c1
17fb04f4
eaf1d40e
cc09febc
07d81fb3
e1eb07fc
c91cb51a
dec43b08
06f10e73
f51a5a1c
7ada1e03
f117fc35
cb311617
f30f03dd
052d5ebf
be05d1f0
f3e1f10c
feebff09
2bf1d729
0a1314b8
01010a37
edfcf7fe
df3f1cfa
3e03e2e3
6201ef3d
13304021
99de0318
3aeccde4
dacdd5d0
2bf1ed59
fbf8ea21
1c3b16a2
f503ed41
2000fae2
04f150ed
d4e419f7
f7e304d3
3efa0421
ec373601
dab9f5f4
f2ff04fa
eceeefcf
26d01142
deebec00
f80c0216
e7fae404
19f206f8
e2b3e21a
1ef61dfa
e9c4fae4
ceafe256
e1202037
fe3be50c
3c17ed2b
f2d2cf16
4b15f8e2
34ee090a
12f62ab8
d5ea0244
df1510b9
fb0f2dc9
14f6cd2a
bcdee01a
e8f1feae
152aecef
35ec82f7
32f7291d
f0ebde1d
f0ffe42d
edd9e3cf
afdee914
03e80e24
1efdd828
e2f0440b
a5fa4e11
1a20f5eb
f4032218
e60e1a31
b725e2fb
56f3bf12
0a130607
0e1005ce
571f450c
0cf3f6ce
071f17df
ffdfe4e9
f9f741f2
00fdf8fe
fb01e610
221a1ee3
28d119f9
4ae0d00c
f7fa0cef
d4eefa20
43191ce4
20cdd70c
e7edf306
dd133cfd
34163ef0
061cea02
002f0bcd
f2ec14fe
e7052a09
0fb010f7
ed160b1d
1df51208
07d4d6c4
f4dde74f
ff251ef3
d3f80cf3
1624fbf2
da272e35
0ee7e1d8
1422ebff
d3fcf31d
edc806e3
03c73520
cdfdfa30
e807d511
f608fe1e
080af618
1042def0
e9b83802
1e21fee3
06b41be7
f0070cea
cf12ea32
09c1100a
27fffc55
153b1eeb
d1ea0515
e3240209
f1dbf21e
0d140825
da0609f9
c71c1d2b
32ebcf05
380d1b35
23e0e8c8
e7caf9eb
fcd7f11c
caea24f5
08eef314
2647ecd8
0affd320
2e233711
fee20c42
20ebf410
0007d79a
d6c3ea34
f820231c
3351e329
e24a00fb
044faff6
0c1c2300
3ec1caed
0a19af01
26e0030d
6ff94122
f244f119
cfdf08bf
1f0bf00f
0e29dafc
25d8f4b2
f4fe051c
00d3f6f2
edf3e1f9
09f5f425
0708ffde
174cdbfe
e633e11c
f8f7d000
0fed1f08
eaeef7fa
f7f21d14
0003e0f2
1f1a05ed
f3a9f2fb
2217f322
facc16f6
03a528f8
1dfe060f
28f81a1d
0700d330
eedd00df
fae6f2f7
ac5e15d7
0c0d280e
f9ed182d
fee93419
ec39d4d2
2211ffec
0613e803
eebf2117
ea58430f
f90410fc
fdc42f08
122e04e6
f9ed0ce6
0307efb8
0eabe0b1
d56dd70b
4110df3b
cefb07d6
0410001c
d7dbd703
d40ff7dd
4deefbd7
01dd130c
fef709e0
f1cacbf6
0a00f212
f3f2efdb
09ec001a
33e1ed24
fd05e1f9
c8214123
e310d712
3909fef2
da0808f5
ff1c16e8
4916e4ce
bb173502
d0bf3618
431bed04
1fe9f7f6
fed22310
f70001e2
0dc6e862
d507f90c
edf8e804
0fc7e281
f8f5e026
f7080116
fcd12102
dfecdb1e
02c60438
242afbff
203710ea
e9e1f5f0
e110fc15
fed3f30c
e3ca0ce6
f3261606
f6c3b3ed
39040c25
e4caf419
2736320b
b6030218
0465e2d4
0be9fe07
f41c2107
fe37f3f3
34e9d509
fced20f5
f0e5dd3c
17122cda
c1eefc0c
0635ac24
d81218d0
061bcd49
3c18e010
20da1bd1
11b8e4fb
1926ffe5
e6fb372b
def7b5f1
1fd7cce9
ff09e3d7
2e11fe19
040fd50a
0119ed05
f7ed00ca
1105110a
e13340e5
f6f314ef
fc0129d7
fbe70fe2
b8fdce04
c947f3ea
de16e0ff
ecf9ebfe
35df0c30
15f7eaf5
22fd270d
fb151be0
56332c35
9ada4dfe
ea15c7fe
2937e310
3dbcb804
3301c026
081bedc1
ddf9e3ee
f0fa0200
fd0681fb
efeef5f8
f4f8b4f0
e2154af4
21f5f0dd
fd0f171b
2f243ade
8ce3d410
0ce2ff15
15fb04f7
f4192903
caeed0cc
f8f60808
01450100
160ce909
fc4fe0f7
dfeaf41b
16f10d7b
c616fe1c
f9e8f1e7
0fefe6fa
e606f317
f5290e2f
0e3247cc
0319f031
33eafff2
ea0e1715
d1f9d316
da1d1dd1
05f9d6f5
02f0051e
d2e3bcef
eb1f05a5
de1c17de
2ce5ab08
13eac61a
fff605e2
0f1e12ef
c9d6cbf3
f9ccfa21
e9280aef
011b211c
25fcf519
09202fc5
28ed07f3
febad4e1
fcfbfdef
f1bd2c2c
e2aebe4a
1444f402
1b250eeb
f4f3b7c9
041e31f2
f7c8a81e
ebba1f23
07bcc9f5
d23bfd99
02bf0b28
cf2c10da
2315fece
260bdcb7
fff626e0
1f1a2700
f82a37fd
ebfa0624
df10edc4
f0d41f14
fe08f00d
ee052100
01152201
f71b0f00
0df7e71f
d7e521e1
0c19c013
12f212f0
e1e7fe2e
fef41319
e4d50841
20eaf645
cbf6e8ea
0ce5203c
01023012
d1e1fede
0a0cf4e6
100c40f2
fd150cf9
f8eceaf5
ed321fff
fee3101b
16dffac8
165800fb
fcf2d236
d8f72daf
02f04b4c
bec9d10e
cb0bcf08
03f942dc
e740f0c4
13873b2a
383ddcf9
dfe13d29
020befc8
4b1ad9de
20b20e17
190939c3
feed17bf
d6c0dec0
4513fbfb
f2e63346
f8260af4
0518d50e
4b0e22f7
09deb6e4
1be714ed
08d8fa39
e305f501
efddceed
10e02d21
11121508
0c38f6f8
c64d4be8
b3f61709
fc1dae1b
62ed22fe
c8ea26ec
0de8d52b
1602f5d8
2c0147f9
1ce4290d
01fafd0e
f613fbf6
1ae6d308
09ea3026
002ab91e
d2d6e50e
270611eb
3325dfe5
07f511cb
e71af0fb
023d15c6
292bfff9
f630d9c6
05e9e9dc
ed27f4ea
1d1dd0eb
1ff3cb14
14a73e2f
0eeb0d3a
03f624d1
f1ede4fd
52e7db23
dc09021e
222bf2fe
0cfc0aec
0ce4090b
df3c17af
0c05b8b1
fdfd47c9
eeff0301
e9efdf07
01dbf220
c306fbd5
0d0813e1
15cce8fe
1a0c25f8
05d811c6
02f6edf0
11f9e426
d9891749
1958310d
08e531fa
a2f3fbf6
401ff306
01f31316
bf18fc09
eaddc016
f7f30404
e2e81e05
12fdbbbd
f5bf1b1f
fb14ea29
04e3191e
b6f7fd18
e913ee0c
3deca8f6
0002ffae
070cffc8
f025111b
1436f3f2
06ece3d9
330511fb
30ffcf27
0ec4cf07
e9e13c2d
0823d80a
c6a3dafe
bbf2c9c9
0100022b
edf5f70f
ec21bafd
2a111efd
fbffeb31
18afb4f2
9eb9e1d5
33192d30
01f217f1
f9fd012d
efedd2da
1ae2e116
4b1e0d13
1efc34fe
bffe2e22
e11208ec
f3dfcce3
1c02f910
83bcc808
eafbd6f8
fb1609ec
09ff0209
e3f5cee9
faf82509
05eaf307
25e90e06
02f5dd13
e7d92707
d6eef4f9
df432111
1cbfc625
16f3c4f8
f222fd3d
4ef3ee06
4b01f300
c3d91cf9
17ea1bdd
ebf409d7
ded4fe31
f31c2206
f5ffdd0d
07eff206
c3ebc01b
ef0af146
0af7f2cb
211d18f0
eb281d02
d2f30eff
f71137f2
fce904fc
d0f7bbdb
13fb12ed
44fcefd5
06f4394e
812bb6ef
1ad0f603
d0ff031e
d9faeb48
df0d95de
0c04d6e9
c8001352
e108f2f1
ec02e4fb
f84beb2c
fa05c103
5e173026
36c33c0d
dd2dfcfe
e5f7d8d1
d919a6cc
e8b6131d
edfd12fd
0f16be12
320c0112
2000c222
06ca2be9
03b10304
20f0b211
18d702cf
ddccad29
05fd1b0d
b21afce5
04ecebef
132bb9e1
d1dcf1de
fc1ebdf9
4819110a
01d00ccc
1313dd11
dede08eb
0118261d
f55f4900
f118eae9
e6f92414
2e291717
c6f63cda
060af4f2
03f6f0e3
ebd20f06
f509f387
02e5fcf0
f5318506
0bd8d6e8
07d9b30a
02ee30fd
1600ebfd
3b40f1f3
3d4a17eb
ecf120ec
0adfe0f4
f92034d6
32e2e9b9
fdbc21ee
1cedeb09
18f901f9
f4001e14
d9fd1ed0
1b22e4c9
8ff5e6f8
e4ec0831
04130ff9
14ea2214
171d8f0d
4ade39ee
f80314b5
f8e51710
f128f4b6
d6eefe0b
f1ff02fa
f910f41a
20f3c5f4
e50b011f
e8e80d32
c9230510
00e5d801
05effd00
07fde41a
7e191803
5b27140e
ebeef9b4
46fee2d0
fcfa2201
bd09a621
dadffcfa
f5180906
10f5e70f
12fab1f6
af401b13
f5fb0805
0eddd917
4e01185c
e2caf9e0
0b081c12
df08e9cb
49fe4c24
162bed58
1110f0c1
1ce9ccce
ca111742
efd521e8
06da2ffa
2bf0f526
f0f9bc36
09181bcc
faf21b01
04e4290a
06ccec04
0bffeee8
ffd3f81d
49e3f7f8
cbe100f5
42dbfd5b
e90142e5
0cc545d5
c4da5306
0af84810
fe1845f1
f7d7d40e
02daa9ed
07f9f1dc
c7fe0015
e5550ee1
12ccf2f9
0de3e2e5
03d941fa
dd05fd04
1768f710
01b508fa
e8c91924
2644e21c
b6b6e4e8
de52bfe9
fef5f812
baeafb07
a606d5f4
18e0b1e4
2ef5390f
fce52cf0
b5f40713
e7ef1414
f3fe1331
22e51429
d71cc7fa
fef9edee
21312102
f10fc6cc
e4063f00
ed2b0629
00f31220
fe17f4f0
f6e9ede0
25fdf827
e12dfeb6
4505691b
121fe5fd
08d9faaf
00f11525
a3f6df22
1efdf2f3
dd0e2a08
ea37f22b
2128ca42
7a1b35ff
cbf42406
fff6ca19
e6ffcbd7
e1be7de6
030ec025
fdc70a0e
f6b1e7da
0c18170a
e3f91ed4
07f20807
df131ff2
d5f92a1c
2ce3681e
1435fe17
f8ed3d1b
0f54e7df
03103418
eb37e301
9107c430
03225581
fbe7fadf
1b01e63f
f02fef23
f201e7bd
f61daf09
06220bed
ef150b0a
21d133c6
2915e5f2
c42a031e
0acc240f
04fde234
05f1fef8
fe104bf7
fedceefa
24602905
fe39d71b
ee2a1b1a
efda1901
39421f26
fe0e10f2
0122fd09
3610f1e3
4cf670dc
fb373da8
2dfdbce9
dbdcc30d
1d37eee7
f9d92b24
0303fcf7
f804f0fa
2c170f1c
e8f419ef
27eaeaec
1f1102fd
0b0a0ddf
23ffd7e2
0308cf11
bffafafe
e4fcf6ff
0102e137
e50df4ef
0d1a0725
e603ab0f
cb0b1ce3
03cbf310
d0c2070b
e3cbda16
a907242a
a703fcf3
23202811
e9eff1e3
fa01f018
06fe07f5
ee0f02f6
24f1ece6
04132a10
0136d91f
2513dd27
1e11fbf0
1afdf319
fe04e9ca
d0ece0ed
e7fc33f8
dec7b6e5
f1fb07d9
e12325d2
d539f7e0
fc28d31c
07f60e24
e7f91fef
3835f7e2
291de75d
0e14f8f0
24250de2
f14c14e5
24fcf7e1
fcf20ada
1105180f
08ef1902
e534fe10
def3faef
e4ee010c
fd2bfb00
01fa052c
ef1a1a36
1222020c
41eb05b4
fae7f122
e8020e0e
03f113f1
14fc0423
e1131bfe
fa0eff06
ebef04fc
071621f6
d2e50f4f
d4eb39de
03faddd9
4a1310ef
28ffec16
041d24f4
d9f70fe2
16de2b0a
3d1e44d2
0a180811
0d3f26d4
edf8ff8c
2eee0ce3
03b5edb9
35100125
40ef0af7
3922fcf9
2be2de06
dfe33edc
0621f6dc
0ada14e3
fdf87ffc
4c0b0405
09720e18
cb06be49
20c62bff
e350cd03
a0d6f93d
c6f0dcfe
020839e1
0cd9ee1c
90dea605
f2151603
09fcf80f
12fd3a02
ea3913fe
0b172ec1
0aecba0b
b60ffe2e
ecf232c2
f8021104
fa02dcfa
07162058
f5ccd41e
ffd92601
f7eaf8e6
cedffefe
e3e1c818
340cf9f9
1402ee21
109d12f6
1ad71514
13e005e6
f9111ada
11fcee08
03dd2213
eec8fbce
1ff4f9f4
f8e4d5e3
21fd373d
da261d28
f8f7ddeb
bfebf0f5
a3440808
141410fe
fd05f62d
1708e701
d8cf0203
ebdcf60a
ff16dfe4
0eef041d
33e5f60e
c7e72100
d0e0fe50
07dc2831
f0dbc3dd
250bf1e2
060c2f10
c90c33fa
0009270b
f82ac316
fef91032
1521ded5
e8e8cd1f
210c06d5
0210ce17
ffceec2c
44f621e6
df0aeae7
e90c0c2f
0251dad6
f8bd1011
5406e6ae
15f8182d
f0e12211
3e391112
452707eb
d51c1417
083743ad
022af6c9
0a100713
f904f0aa
2a09211f
ede91905
0dc5f028
eac51327
22293e0f
56fa1723
bc021413
f631c248
08091cfc
ffed3f05
c7f71e40
0eee0fcc
2de60f0e
13201b14
d1df0edf
05f604ff
f017ead5
0519edff
10896208
3f44062c
02c111f3
02adfbd6
fe1c1744
ee0421cf
e81cfffe
c7f0fcfb
08ef16f5
f1f901e4
fe24ddcf
3dba0102
ff17f6f6
dd0ee7e8
3300fb13
3deed92d
ed0cbf13
eae9f8ef
c70accd5
22d20f0b
15f0efee
04083341
e8fe2305
2918f011
07ce0708
ff14e3f9
03f4eb3f
fbfbfef0
11c7e2dd
f6e2ff04
dc0d0a06
cefedd27
1a07d43c
f417eb28
256afc2f
58cbbcea
31d1e4bf
07f5e2f1
d3e3fdea
0ddc3712
eff22416
002abb07
0100f90d
e7d69406
d6fd1cfb
f420e4fc
3b040f2c
1458ea0f
23feedec
0830ff10
fde818e2
4d154922
38360de4
fcec09c5
96d3eae7
c70c4f08
1d2e3104
3105ccec
290fd9e1
07e1063b
18e0f804
fe2bfeac
0bddabed
dbe3d81c
ee0727ea
effc01a6
00f0ec08
19c5e21a
f7c417f6
f6d9f327
f901d624
20ecd425
0a110205
13cf2506
1c52e6f0
11fcc3c8
fce015ca
0d18fbda
d5f1f6f0
c9080414
e0de4e0f
fff42549
ea002417
f11205d9
030ffb0a
f61bf32c
c60e0b00
271136d0
0d1dee04
0c45f9e3
1cc41c16
d5e1b7ee
26cc10de
17c8f1e8
f808f31c
3bf2da2d
2c04d610
cb01100c
10da0efb
f3f9ee09
02ef05eb
f90216e4
25dd0d1a
11dd0d15
fbd0cf18
cc1e1e1f
03c4130e
2b0450fe
fa2419fe
0419e247
1ffde9d3
f9e229eb
d5c71fc3
34f6f1fe
090a10d2
17d2f33e
f31f0be8
fd1c4801
e1e6cee9
d83efdfa
f1cbf92e
e9002014
efc426fb
f71bfe13
c7082b27
05f23c2b
1a291ffd
e0f01207
1fdae2ff
f81f09ed
fad0f803
f10f0600
14100b02
f313cd0c
c9191a12
ddfdef1a
f3680219
edf6eb10
3319bb01
18ee0d3f
d9c910f0
f4f20e5c
05df0ef8
4a0f030c
e5f12329
45d6ff58
fac048e7
d6d33822
f8263f27
f50c15e8
d60bf90d
9a18fdf0
d7e93014
eb07e4ec
0a0cddfa
3d15e7fa
f232f803
fddded2c
c705ffe2
f4d724f5
f61c172b
f8e8fc08
f8ee1d00
f10bfb17
05051618
02002601
0619ff0f
2cd810fc
e51a1038
da340a0b
c4e299f1
e0f911db
000e191d
004028f2
41fbf2f4
18dce1d4
def70111
d6ca2201
1104daff
da180ef2
de03d92a
091df906
1b2a2aec
07fae104
fcbdfb0c
2509f5fd
0ff60af5
e405ffcf
22ffda09
fee412fe
c9e812fd
22e2e7e1
331dcef3
29dcf9f6
fc1cf7d6
1324cde2
0dfb0de8
fbff15ee
2d041d01
460c110d
2aef1b13
14ddeb02
1f22ddfd
fbff1d1f
e9f0ea2b
fe06180e
e0f7f80d
0003fd03
3c2fe408
4924e7be
1712d322
f90e1018
35f80cae
01efc5dc
edecce10
d10dc733
01070d0d
0603fd03
f9fb0501
fffa040e
08fffcfd
00fdfbfe
07fffe00
ff040009
bcf21a2d
eff61411
0df6130e
cd07ce03
c40a140f
fee9fe14
eedf1e16
0d0ae6f8
3a1f2319
10fe1bb7
1610ccd9
fe1f18db
1dd1ecf1
feed06d7
26e2c3fc
20c5c807
d631272f
00fadfc3
f307d502
2432d8e9
c5edfaea
f7e659d7
15fcedf2
fa14ead5
0d082a1c
120e11f4
14fdf9f3
3f1716f2
f7e9e906
13f904ea
011a09e7
34fb3509
b2f5f11d
2709f10e
fbb5f4f9
34d7422f
0f110d20
0f080547
0c02e7e8
1bd42cf5
0e152212
fc03fe13
0706f901
d91b0ef0
f6ff0c08
fe1decf2
ef120a04
04dc0cfa
ceee080e
080edefd
ddf66a41
fc10af33
eee71c17
f2eb0f19
0ae2fa19
2813ecfd
043bfae9
08ec0926
ecfcfcd6
072ce9de
1e2113f3
ff2e12d9
e200e90c
f9f341d3
d2e5f2ef
e8eb1b1b
029a0224
0410fdf5
da12e812
01ec1d0f
323a28ff
30ed210d
abc7f504
eee4f725
0824fa1a
65d3f0ee
d11005ca
07e1142b
d71100c4
c4393eeb
aaf61c17
2014e0fb
02810825
f2e4cd1c
f51d03e8
0918fc0e
230815e7
07dbd80b
2f42def2
12f92002
e609f6de
0a0a393a
f1fd2dfb
feffeafc
13e6f608
06f7ff16
e433f5fa
dfd637b1
f64ccda3
f1f2e129
08ee1b21
03f4212f
120724ef
5effab22
faf008e3
07f70804
eed90d1b
fd040747
c90102e2
f3ee4d30
2d13ee09
f5eaf502
cdc7de0f
3ae600f7
d0051d12
dc49c5ef
f248fbfd
f8f62919
e1ff2200
b918f0c9
e6dec40d
290c1b20
06d9bd07
fffeda09
e1380f09
f3e6db22
18fcdff0
15b91acb
0e0adefe
eb0ce9af
0a283024
e9cc2eef
f01620f5
12120dea
c5fcf311
f9f4dec3
073aef0e
0b080b12
deffbee3
1ce31a26
080b25fc
01eef605
e9e6090a
12f120f7
212c0500
e626e2c6
cee8f5b9
1322172d
23262e07
011533af
12e6f708
1ff5e80a
d9fa11f6
335cd1c6
38b0d60e
0b19e72e
f8d826e6
05fa3cf2
04e3cfcb
82eace2f
e9dc33e4
3c17e4c2
e926ec38
3c3d081a
2cfbfb37
f943cc0e
e1e4f5e3
ef2907fd
780bfddd
22dbf2c5
2a090efa
1b1fd92c
f7d0df0f
010124c2
e2e8f5f3
f723f23e
2ede1f17
122401f1
0ced07f0
1316000c
f50328f8
01000ce6
e7eaed03
010f1602
34eef203
4514c8f1
02ef0ae8
afddc51f
390e06e8
fd00f4df
05ec012a
fae1af17
b8a01a6e
29e6dcf4
fa315217
f206e620
cdf803ea
f8ea2238
f8edf91e
0617edc5
500005fb
1d1ff1ee
1fe7fb00
dbf90010
fb0c100d
fc2018c0
e1e0ccfb
ea00d9f2
66ede4e2
201d1c07
1b1201de
08f756ec
11f7160a
fed402f3
ba04f5e3
b025fb0a
07f3dc00
f2dbfe01
f924e311
4ee51f16
0602b1ed
08061b24
aafbfce8
f53d2a01
04dbcf34
dc1c02cf
230a1ef7
0be6f20b
f313fde0
edd8d527
e8e1f231
1bdfd5f4
cd1e7fbc
d11bbcff
e32cc7f3
45e2bbc2
0d1e1a39
efff1fe8
25ef1efe
16f1fa05
aacc9d26
faedffbf
e3ca440a
07eadd23
e900e5f9
fa042f0c
38e209eb
0602c1f5
0820cf0f
cdc30cd6
2144b6fb
1abf1312
e000e7de
01d0ddef
f0080bfe
f0e6cd3b
fda33b38
4815f976
1dd828f0
e6b22eeb
0018facb
fde6e5fe
cf100521
acbc1821
12b61741
f93ae9d3
220e6341
961a1fed
f2dd0935
01c0082c
f20b2f14
ff23ab0c
f416ffbb
e708f629
df4de51a
2af2c7da
1918ffe7
0a18c809
fded11f2
d9ef1d0c
07fbd8a0
0d211d0d
18d105f7
03d6df01
fcd41033
fe093af6
46cf02e5
2712e324
2af82dbd
27efe4f5
fddbd4b4
e3ebb3d5
23f520f8
01f1241e
0f12f61a
10fbdaf7
f7feccc6
f5fb2421
09fdea12
ec1dfbf2
1b10f3aa
0108131d
9ed1e2fe
c0ff12f0
f0001029
1e2db827
3b07a1f6
1ece143e
e8da1ad5
f89eb80c
0f1bcf14
d8ca1c1c
080f0c68
2bd5edf2
030b1320
f426d6dd
b7ed27b6
f811edff
141f0516
e1ebe8e2
e7f0e41a
e5ec1cef
f04ab8c2
04e90b1e
30ff0e26
0f1beb0b
12ff12cf
f4e6e013
efe0e7eb
03ebfc44
075fc72c
1fd01f15
c4fffc00
02c5e038
3921f7f7
2a1f3ee7
bd1015e5
19daf20d
f314011a
fc02f50e
dc0cdf1a
05110b06
040209fd
dbf906fa
2c0a0d42
1f07dc3c
072016fe
ffd3cb1a
32af0827
fe0f17d5
e40b061d
1ef20df6
2ff9cabe
1c2d020a
e4d9e1f4
c2f722fc
181ce8fa
03e114e3
54f0e31f
2ff9edfa
ed104de8
eafae81a
1bb4e6dc
45eed0fc
fde50cef
103b1bfb
caf5cc0d
3b404f29
b92ac923
d9e50e4a
e4f8dc0b
fff64d1b
f02cd801
ffea190c
0f100813
f9d03ae2
1af3be0a
5de0f8f2
14d119f6
73f21d09
d3e0f5fb
07fa1b1d
c6d7ecde
ea06351e
e5d00d2d
1a1fe0f5
28b80fea
14db1831
ecf31ae2
f608160b
e209ebed
fafcd9f7
f10bf8f8
e9e000b9
f72317ee
2f3fc9d3
2e03fef5
0b0002fd
d0e3fc0e
101617eb
fdedbf41
1a00e1e0
0902f521
d327fc06
e3e3ec0b
0cd119fd
07001e09
ecc7df20
3000db2e
11ef1108
f6372ce7
fa031f06
fff20600
f906e3fd
e8121418
130dfef9
ebf4dc56
17eef95b
0bc30fec
06892003
03121df4
043dfa39
500e0915
050c1622
1033c63a
ff1b20f5
d9f0301a
0b461f1a
091afef5
f904ec1c
e20a1c07
0bf912e0
2de53509
dc5514f7
ece00919
d3fb9806
27062de2
fa2303ea
d4e6f732
2cdfe5f2
fff8d1b9
3e080ae9
faf6babb
e9ece713
dc0cee29
fc1d0ffc
e805f023
2138d5ee
28d9f0fe
ff15f9fa
dddd05e6
f9adef03
0406390c
fc0c1cbe
27fde825
fcf1d019
135ee5e4
1e00fae6
e7e2b0d5
e823bd04
1d0c1dd7
f41f07ea
0bccd00e
cf0bee09
fd2be7c1
fc0dfbd3
fd4608e4
071b3d06
06110610
08ec0dd3
dbd9f4e6
d3dcf302
0bf906d6
230b00b4
eff8f7f0
172bba07
0dfb25db
01f443fa
ddeefad6
021cce31
f5172711
f4080b24
35f9ecf7
0ddc3804
ffd525f1
f5d422da
a8cc05ee
9eeefa2d
faf1e51f
fcf3f5f8
17081d1e
05fdd524
dd1bcd3c
fc35e7ad
dffbf108
2dd904fe
fa0a241b
fefbcabe
1b02121a
122aee0c
caf21705
03df02d0
e8e3faf0
aa05e030
290d0108
cedf0ae8
0913dbf4
dc0a2ce2
1f0ad2d1
01dc16fd
e62bebf8
0c1cfa02
03f73010
27fec930
f3e72919
e6f9bb21
bbe3f408
f5061910
371cfc41
44e12be6
dcfa531c
2dfee123
1c282afb
ecf5f212
e0cae2fc
05133505
0d0e181f
eaf7f927
ddf6f60a
e504f3ec
09fada01
ebf2e6e5
0b100c09
0211e0f2
04f8001a
0b0debed
0f0a09ee
e90aefe4
da1a3316
fff8d2dd
0710fcbc
ffe51aad
39e5f5fa
f1f2d2fb
44add128
58221919
17002bdf
cfdf1e13
17f724f5
08e639e9
fddaf3f6
ca09cc14
2a1126fc
0be8fbe8
f5e7dc13
edd614e2
3bfc17dd
fe0af4fd
b5feed0d
eaf1cc03
f90f03f4
050922b4
e4e505bd
ce49fc11
dd402dfa
fb1a26d9
1f05e7f7
e6f1c8f5
e2e45ae8
0b2bf20d
41a502f4
52d724fd
fdc623d1
f6dc0531
e1e2d9fa
25fb2b1a
1cfed0e8
411fe119
0c21c10e
09b7d508
37ea081d
120fdcd9
5801fff2
3030ee35
260bf9e2
00f502d9
f40bdae1
18e60b00
21fae3f9
f4fd12db
1305e0e9
07f5e1ff
e002e3eb
051ef314
ecf3f9ce
dcee0820
02020bdd
21e7f6d7
5d0bf91c
00d60425
01dea1f7
3304f206
30f44318
f427c82a
05e4092a
fbe0dce8
01e722ed
0004ff0b
5b14f443
431c0d3d
0d0ba008
3ff1150e
0e0c2000
06f7b5f8
141bdbe8
35de5a0e
b23d11ef
0e07141e
ffb82bd0
0719ee07
ef073a13
fd436315
17042cf2
ec1a0e02
c814fc10
f60cdfed
060dc73f
e703a4f9
f0f7f511
04f0d6ff
00eed916
25e5f8f0
041eff31
f42704f1
fff30b1b
120e1747
cdef1525
0219fffd
4cf0fffd
05f7f20e
01011b18
261222ce
01f43615
002ed91e
fb14efee
f70612eb
190e00dc
e2ecdc1a
e9ffd635
2cc92cdc
e81abdef
1a04f128
fd21f51e
fd2f24e2
20e5e9e0
f418eb02
2c182545
07eb1e1c
341217c0
89000af6
f809f32e
02f633ed
1a0c141c
05ead706
cff4f729
093ce507
37e718f7
22cb1708
2dde08fd
08cb3811
e8f2f3e8
07f6f818
142448ee
d4e0e4f6
13f44df9
02fabfd8
07b10ef3
0c1137bd
de0304ff
ed1a040e
05393051
05e5d3eb
16081e20
9cf0e401
10dde1fe
f710120e
01090445
1e07a5ee
34d20c15
e50d2a33
37dce115
ead8c4e0
c6f3d739
f00446e4
dcfe03fd
1bda00f8
d2f9f1e3
fd08ff2e
ea00231f
d6fef000
0a15f914
f133eec6
ca06fffd
c6e5e4da
131cecf7
231105ec
051be80b
96f60dfe
f7e5f813
03e7fafd
26fa1320
06e49c35
cdf3f02d
d60520d5
f6f52fe5
3d172a27
2bec1f06
11e31817
e6e6ece2
26182711
050303fb
ff0801ed
fb030a08
f6e601f9
f50707fe
030100f7
03f1ff05
f1fbf2f3
1c0406c7
19120c0c
00ec00f8
35f2f6cc
02250fed
faf4e2ef
f81300fb
02d813f9
00e022c9
f2faf2f9
2e89541c
0ceaf104
c7ef04fc
faf5fe17
c90af60b
22fcf206
fb023239
d6191cff
f4c40414
0af46d16
f5ff02b8
04071238
e3f5d9e9
0afd0c01
dfce2217
e12a061c
0d1eca19
d2030705
270d152e
f8dae30c
d6fcf60d
cf07f40b
50531210
dbd90be4
284dff02
f0d7dbba
26d2e3dc
080d1ad9
dbe3180f
2f47d911
fe2e4618
e41be8b1
263d42f2
9b48e806
0a411e0d
f5ef39ad
d1cf1af5
cb11a205
2cfa0cf2
ddd1e006
e80906fd
e94a11cb
ff03e80a
ff16dd4d
f52c2421
45572dc5
f00ff44d
f205ee07
fe04b7f4
cdcc030f
ff08221e
09dfc80f
652b2813
2f05da27
d0d619d3
1514042c
1fc11c01
fee9340d
c91013f7
fff4184c
fada19fc
1bfa19f2
1aed0d00
ff01f603
0b331ae8
49031501
cd0afce5
fff3f2d7
f9fdfdfc
e2253106
81815b8d
81817f59
81667f7f
1ce44a81
7f7f817f
7f7f877f
817f7f81
7f7f67b6
f0fcf831
13ede003
02f5bc05
d2e2fee4
f7da08d2
0db8ef4e
29170a0b
49dff4ee
2879ff37
b4c52a03
f655a6d0
070655ea
031409e7
07fdef08
2cf2f705
240b190a
0ff811fd
fb2d11fc
10b703e8
f5ed0fe4
20e9fbea
e8e127f9
22fbfd11
3302eceb
1f06eab2
fcf0febb
e600060d
530cedfe
ccc22104
00e131ff
42f3dfea
45481bef
0d1ce6d0
e1c31c33
f94cbce9
09dc34e7
e6edf62a
07e209f7
ee2104fe
cd2a3708
27154fb6
db05dbf5
ebda25d3
31271dcb
fa2b2602
fd2712e6
bfd4e609
ea013adb
211af72c
0540eede
3115f42e
123dfbe5
f7f0f8ef
0600c314
22f90101
051f051a
e5e20123
fa10be11
122d0906
51f3e72b
0f011015
f5f81ffe
c3d513ec
ba330efc
16eb112a
e504f72f
92fa23fe
dc29edf0
0fe3f8f9
d217ec1c
0ccebdf5
47ca0b01
ee07e610
080c1f08
b82cdbd3
25d0f9ea
17e81be8
f3360018
fefb14ed
119ffcea
ec29ef3b
01f0e9dd
a72b0103
f1fd1d1b
dbdc172a
e9dbe40f
173ff1fd
f1240edf
ec08fec9
26ff23f4
5f2ca3b9
0be4e312
f026e9e7
4ff2202d
122be512
0c1fdcfb
de1f0a2d
061015fd
2eff2801
e00230c3
3441f0e9
ff102afc
f1f732ef
09310df2
f1063707
191d1600
55ffde0d
0404fb2c
16f2ec05
02e91100
11feee0c
ede4f513
e2be14e3
18fa1738
ce26dcca
ff021603
081611ce
460e1be1
f4281020
02f60fd7
06fbf3fe
e604ef12
cef609f8
01fcdf0e
0cf801b2
f2e9f2ea
ede2ec0e
f21002df
04f20013
0d0822c3
11b3aab5
23e90de8
0329fcf9
02ea0fc2
d7cfa6dc
dccae806
230707d2
02063e10
f3d601f1
e2e9f6f8
09070b39
e60019e5
000bcdef
e5281ff1
00f8090a
0c10f9ca
e0442502
e8031ad7
25ec18f5
dae9bbce
02133727
ea1c0a07
c702e5f7
1414183d
ed1d0df4
e40618e6
d0220ed5
e8fa09e2
211e3ce2
1cebd704
01f600fe
0be9c81b
13fc1900
381b0310
f3ffeb00
32e721e6
21151a16
14c90529
d9f206e4
0af70504
1afd04c6
e9082ecc
13eff01c
d2193cfa
e7e0fe01
d51c13ec
25fcfcc2
fef9e2f7
f6cd1111
eef1b302
e0f6eea5
2e230802
e2c6f0d8
14e32a52
fe0af2ee
0005f5ee
ee10d811
130219fc
10de0cc9
bff2f8e3
0e18dd13
e18f1704
babe355a
7f81f1fc
7c27f50b
ab1f9016
5cf0ea7f
d22cfd47
d3c1e54a
31f5447f
f9bda436
31470810
50fc010a
e50cbcfb
73f67f28
07f8000d
efe7e61a
fc0a1c5e
d2edfbe2
f7f7e111
eefcf218
f1ff15ed
43ecf5f2
f84202f7
fbf80eba
f6f4f902
e8ea0a14
e9e3e2f8
ea0a0908
002c0401
26f5ded0
0818f716
1b050514
1cfdfe13
f5ed0b07
e400ab4a
02f0f32b
27e1c0cc
1d32e8e0
0fec4216
facd13f2
1ac09b34
2e1ee3e3
050116c0
d9d1d826
c81e0df9
eded1a28
f0ded401
d8469a56
ff5a29ec
cbdef113
00e960ed
e5c536e3
d72dfb02
f4d1f7d8
3603081e
dee12915
0a1800ce
f911ebe3
12063800
0105d3f2
cd15c226
0aec1af6
cbfe00ea
f306c885
dcff37f7
cd13e5d9
1cfcf6bf
e80e122f
d014dd1b
cada03cf
0a062602
de47da08
f404e803
06291401
0410bf0a
e7e70408
fbc517e8
06010a01
c10706f2
e9e2ebe2
1cd305f9
efca08e9
211b480a
fc070ff5
08e534ef
080c0fe3
d5ca02ce
412ed622
eeffdffc
e8f9dee3
1a101a19
a2bfc808
c8261dc2
093e16e4
f60f0108
3001032b
a9f7ddcb
d5b8d02a
29fe19f1
fc0fe4da
1cd614e1
d6c02fe1
1808ecee
5edf2738
e7eed31e
f40a03db
05f64811
050d18d4
3105110d
dec203df
110a0d21
fc2e233f
2a02ef0e
f3e6ff1e
0600f404
08c5f3b7
32321bde
15e506f5
3bfbffdd
e3f1312b
d52f0a1f
b818cef6
f3ffdec4
28dde71a
4dd704ef
10ce2b04
20de1027
33e4132a
ff009b1a
23d3efd7
f4021efb
edf0dae4
3dcfcedc
aaea03d2
1114f9e4
02e05d13
1f0bec0b
cc1904f3
0efbdb1e
e214f7d4
0d012d57
0fd8071c
e312e0dd
0a18121c
25d6a706
0308c6d3
01f33a19
19c8ffcf
edc809c6
0d33fcd4
ed091a1b
ed170013
1f1efa2e
e2d9f82d
0e0dfc22
f50ebc19
0c1c43da
141e0d22
371703e3
02e0251a
052602ff
0305fe1d
fced14fa
09f7f0ed
ed2cd0e6
0ce6eccf
e929ede8
e01723e5
f610ccf4
16dce723
f0ecf9e6
eaf9f72c
442a1bf5
27f70602
ed45e3e2
181dee0f
33ddf3fc
411cec4e
15fe8dd8
0ecdf7ff
140eeb33
e5fc00f7
26ee1411
fdf4c612
20cf452b
ade3f9de
fe004c47
2a23dbee
5ce211f5
360cffd9
0ceb19be
2c40c9ff
e6c214f2
ec0117f3
f0ff4802
0612f0e6
f2ebdfdd
25e6f212
e9301119
e6d90211
ed0c1520
9fec0410
220c4123
f31d11df
1fd9270b
ecea03f1
eb0cf7eb
0ef6dcd9
1314e904
fbd81e02
f1f009fa
00d11e18
ee00e9cd
3c28d9ee
0353ecfe
c5c30ff2
f200ee01
0145c9f6
f819cb0b
ad0b0d2a
04cf501c
c7de3cf8
ced1f3d7
095d280e
121c05ae
0306e610
11ff1913
f0353af6
46b2ea03
bfad30d7
16e3042d
ce39affe
2cf0571b
f2cf3edb
f5fbf11e
f1eaf225
0f0531c6
450eda19
e21f0ce5
21cae623
ec02f317
e118d518
0901b6a2
0c9e0329
fbe50bb2
0fcf1e01
3ffa1315
0bd9433a
db0bda39
ca1ced1f
0905d2b6
db28004b
1e170b28
f9cb09fe
fa1cdb25
f7f215e4
06ffde1e
cf1be2f1
0cf6eaf3
d8f8e0fd
1be413ea
aaef2312
3adeede2
f22a1aeb
f8f20b14
1b36efe6
08fa0605
222405f5
25e2f527
bcf9030a
b6211112
d31ec9db
16b841f1
ff10f8fd
f6030b1d
0d0d3fec
e22a2623
4623031a
fefbebf8
c6ef3db1
d8d51ee7
e8fa1296
10fb2ff7
1b0d0c01
3eaba5f7
eebbfb06
ea0fd7e8
d9d95dde
1af9d332
17fef8cf
fc14c5f4
f7081917
cfe3f7e1
01f01606
f3f51bcd
06bb1808
0004e003
47ebf903
e8f6ec03
c207efec
b230f7e1
ef090807
34d1fa00
ecc422d4
fafddff2
113f0df1
130e25d6
14f1120a
fff70a05
05080b3b
19e41deb
df38dfd3
e41c06f6
450ef3f6
f7f81af1
f9fa2306
1ee142f9
f7fdf9dd
f7d9e2e6
13152a4f
01ffe307
b11e060a
fd07462a
1efb33c4
b5e53ced
fdd1fd16
d2f0edf9
190c5edd
3f7fd2fd
1e08e115
06f1181a
db423c17
b40bf009
212401db
05180d06
f929f8b7
040206bb
e2261412
0bfaf70f
24d70af3
fd1b5110
2f0ff320
faf50fe4
fd3c16e3
1f0d2cf7
1402e40d
f9f2f0f3
e4ebe80e
2c070e08
fd20f9be
f818170e
fef1f303
08de08d0
ebf4f633
fd10c4c2
f300ed5d
e1170808
1517fa01
c40bdc9a
0c0a07c2
d4f307fb
c911080f
f301d6e7
0dcc310e
f2fa25f4
24d6eccc
bc1cfdb0
e0f70925
e310f81e
de18e7ee
f6f70d01
e4fc1b2e
f8b931e4
dd10fad2
e204e197
eaf31b09
d50b271a
df2212ec
dffe14ce
eae2ec4a
d9edbd1a
c4d8f918
00e1e231
1bc60dc6
f732d6fd
6810f9cd
fffa32fc
f0231981
8a16c616
ed15fcc2
d703eff0
0c0ef0bb
dc081eeb
eff804ff
0af613f3
fbe61aee
1ce6f9fb
28d5fe08
3ef3f611
f5e62c58
f73c0b37
051ef3c6
f402e6bf
c7f428e3
cde33bee
cfed100b
249406e8
22603438
f0f9f9f1
01022918
fd00fc04
e719d526
27fb09f4
00ea03f9
3802eaed
fffbfcf4
0dc7f812
f3fdebb0
0bfd2f5c
1b03fad1
3908252d
e807fee9
410ed304
f5292327
0258e316
0609aff7
ffffdc2d
caeee5d9
070cf2e6
a70d24f5
38d6d704
f81f3ee1
24db94d6
0c24fcb7
f40a4544
084112d7
fc2fcf32
d1e509fd
2a1a1c12
d6e912f4
20053bf4
ed0ce0b2
dbe90520
a1eecefa
03d91be3
d0e7152d
dc4202dd
fbe237e5
fe19febe
f1d8d908
f7e7d9c0
cf1b0d29
1e08e7d7
03010bc9
f822f405
ede22703
19ece5fa
e1fff7df
f9fdd20f
d23b0d14
03050517
00dffffa
f704f709
fd00d9db
05f4cde3
c217f9c0
19fd2f24
3fecc524
1fb80226
d5d4050a
c6222903
311ddc2d
e5d91020
29f9ef37
f706e1f4
f4190a4b
cf3b1de0
121416ec
fbc3f7c9
2a1d2052
f4c32610
e310ee15
e5f03cde
1ceffeeb
37be0f13
1915eaf5
cb07260c
03d1ab48
051dad02
0203ff0e
fa02f101
f9f900f5
f602fffe
02fb03fe
fb04ff0f
fff4fe00
f50108fc
19d9e5be
e90108cd
13d2d730
25f000e0
21130902
0ff11aec
30075004
c6d9f0f8
4f0d13cf
e3f80d08
b2e40b2c
81110d25
1bd1f012
fb182225
f80cc7e8
ebf009bd
db21d727
09f31fe6
31e3e807
f2bdee07
f6deef0c
d41f010e
fbf0ce07
c869030c
faeaeaf3
df0916ce
0521f23b
fb0c8d17
f8e30ff4
271bf62a
d600ebe2
faaaf6fc
f419cd1c
0804cbfc
ec05ef18
1704ebe9
d6123714
07f5f3fb
f8f3f002
f3eb08ff
2d44d714
020b11ad
ed370534
0baa01ea
ce192dc1
9eb31624
1340e7ab
25f8ea11
352afbe5
09fd20fa
ea3a00fd
07d8d551
d298fe02
f20ef5f3
fa1c0941
d6f92e03
010df912
fb030903
f8ff0ffe
f7f4fc07
03f902fe
15f0091c
02f80cfc
0b010207
f12809d9
e0f2d6bb
04f60540
17fed4ec
afbbf9e9
25dfe507
c1f86fda
d0130d29
e8fdee03
fbf5e61b
f51be49c
d70615f6
e328eef0
cc0d1ff8
2fe6efd9
ebda19ee
f214f129
df12e6df
ffef19df
31f6c003
1146f1da
fc3c0a26
f0edeebf
33f515e4
b634def7
19ee144b
d7f21e0c
bb071af6
edab1614
24c8d2ba
e316198e
b530d7e9
0cf33454
07c8bb13
33150ce5
d524f310
010fc74d
02f3f707
ff0cd535
3d0ff939
0f0cf8fc
f906f514
dbe602fc
0505e822
e7e40417
e4f30b04
d9fd1210
efd4e4ec
eff20abd
12fd5e05
4f1c1ae9
4bdac3f8
eff1ee06
d008210b
29f5bb02
c6001815
f5f5fded
eef6ecea
f9d6ca17
261b042c
1ae6e705
fc3a22ec
1212eef5
f3dfdbfa
e0e4eaca
060f317f
23350f10
15f01303
1b040e0f
1025f7eb
15c10af2
db324ff2
08ce3231
cc2ef70c
ca0912f2
ebe6c1e0
3ae1f213
f9e2ed31
ede9bc39
11300924
13f60c04
0904cc12
333fe226
20cb31cf
2828f5d0
f50416d9
eb77090b
1b8fb60b
3023e80b
1e090828
ded4e31e
a6c94400
f64a162c
f9ee140c
d1fde3e6
c21a2ace
dc0c0b1a
f710f400
f6e600db
e2e6e9f9
0115f5f7
06ea0c2b
e610e7e0
0efff802
0828fede
e3e9dced
eee3dcd1
0e22f11a
cc11dd1a
d8ead004
16d41620
d4e40610
dde1f596
1b006012
26112128
1d061912
eff60b16
0c2101ea
18ed04db
d21022df
e627e2cc
ebfce512
1206812c
2eb0ece8
30e516f8
bcce0ab5
1028122e
ead0d6f5
17220b0c
030c39dd
dce6215d
db18243a
ccd9160b
2ac33e14
0807e619
32e1ade0
faf8fef4
03fe08f2
fdf0fdfb
faf608fa
f6ee0604
f5f8fd0b
080113e8
f901f300
12371258
f706883c
e401fb18
0b1fe5ec
e4c4f5fd
3f14e1f0
8116fa94
68f8140e
e3f905e9
e5efdc12
ece7de1e
100f1525
dfd0efe7
1ef4fb1c
e30fcee3
034a261d
042116f3
da01b20f
a5af0c20
c7e82cc3
1af9fd15
04d7f5cf
edf805e5
f129e600
0d2405d4
f9fc1a04
0114f1f8
200afcc5
2efb03e8
fa170ae4
32364be5
d9d52915
d2d90bca
f500f715
03ff05fd
0c250d1c
ff18d9ff
232ef4ea
0fe5f6ff
0c12e4c0
2ad8ea0a
05f428f6
094705ee
cef7ed57
2aee011c
1a19dced
5cfbfd56
9b3f4b00
e0cf2a16
e6fe4447
0b29ebf0
e1ed01b5
2dfdfd02
f20c2c05
d9f80e12
6e1209d8
f9e7f60e
f7e8e5ec
fc140832
d90be001
2de5eddd
d52be2eb
06ea02f9
fc0e0022
1a10ece4
df0f0927
e2f8ece5
0005d312
0e04ffdf
0e151702
16081503
fbf300e3
d4a6171d
ff001239
132b05c5
0ae918e1
0109d4ba
b81a3bf4
f8a1b4b2
6d00e9fe
f3e6fbf1
f601fef8
2f02fd06
f70aebfb
f6f9ff43
02fcfbfd
fdfbf8fc
fcf0fd11
16de05cb
fffbf71b
13f73dea
f51a42bb
e113e0e8
382a250d
e7d6ffc6
dbe9f3f7
601bf62a
f80bd12d
26f823f0
122d02f3
19e60d18
35040af4
c5301cfd
2086132d
f4f703c2
13ef0ffa
03e1eb17
ec1fccff
cee40011
19eb04f6
e800fae7
06f40ef8
eacadad7
f8067f2f
df0f28f4
3c52fede
01f915fe
3a40f93b
0febeeb3
30a721e1
fcda0109
0cf4f4e7
c92309fa
d2effcff
23d4fad0
eac5cbf8
4c1bdfff
d638df0b
2fefebac
0ae550cb
03161a43
b4f701eb
b2bff917
1df132e4
e8f0ee1a
f930f9f9
f7ebebf6
f803d3be
b5010633
a8c00fdf
e30a110b
d004d7fa
f695cc19
f665c8ee
140f06d8
050211fe
38d1ebd0
3ed6d417
dc0df926
3114d828
c4dc49e2
e11cb92d
0513cf2e
040a27ee
21cdf645
11d54619
022925fa
23e90ae0
c7403a10
0453e410
2211defe
f3ef2bcd
d8f0fd15
e7c6ea1c
aeda0610
04f9d6f4
e6aa23ea
0549e5f1
2ff5c0eb
10de0806
05ffebf7
0304f201
cc2c08c0
0ef20b07
0d0df312
f9ec05cd
e8c0fdba
1bfd2a68
d9e50ded
d5c4390b
14fff8cf
140324ff
1a24ab1e
f7112dc1
ff3e1059
e410f8fa
1cf31c12
0c210ef3
0502fb11
46e2e906
b2ff06e3
251df60d
dc98e504
363310f5
f8e32801
1e1522b6
3fd031a5
190cecde
33a009bf
14e5eb09
460dd52e
0c012545
180b5ea9
12cceb24
ce1f03f3
f30e00d1
dcd566c4
11d6fbf9
02fe361f
ef0803df
f133eb21
101604eb
4f89fabb
1dc7e90b
fe4daed0
f6eaf31c
0430e511
f3020452
104ac8bc
2ffff8da
de2efce7
8cf1e6f9
012f3496
5aa730d1
14f8ece8
11fc1602
eb1801e1
f5493007
07350e09
dcf9fed8
12170601
d0c7e3e5
eaf702e1
e4e927ea
e8cdfaf4
0d101ffa
1a07ebf9
d81ffb18
500506d3
1a0cd7c6
19123947
eb17e4c8
2b189f0e
2b0619f1
752aedea
aa0bc1b7
3c392040
0316e2fb
0cf3191b
08f618b6
44f22cc3
180924dc
ec16f42e
0e0ae210
dbd50705
31f43c2a
bbfdfb15
00fdfc20
f5f4ec16
15d0f9da
0ff8e7bf
061b2af1
eb3231d2
e2e5e0e7
3e41f4d6
f808f014
f50e1e08
d202c42b
afe101f8
d313e0ed
b1f8dab1
2ec5f9ea
b91ed3e6
fd0d07b8
322c1d12
1900ff21
cffb10d0
091e0648
201c1f13
5ce6ebf1
080ef6ae
ebf90c12
d31930a1
e2caf311
d1e90a13
f9f401e3
f8d2f822
e23de013
0e21ca26
1406010b
f50ee805
f4ec3445
d04c0c05
ec1404dd
17da1132
f91021d4
e510fc09
0b0fde34
5f11d91b
061d4318
00f4fa1b
350aebe7
203d2c3e
d4df291c
3b17e62d
e9ffeccc
d0fd4d3b
a9fab9ef
000209db
b1f6c71b
df14e8e7
f932e4cb
d9fc000e
03041afe
0821c315
f6fecb0c
06ed0010
b6382501
f8add2b6
ececc8f9
304c16fa
e926fbfb
2312324a
2417d814
edcb0e1f
deeaf012
f0e041e6
f8c92a04
4afcece4
fff808d8
2a2e2d33
f8f3c734
13020af5
17ffea1b
1b06fbf9
e6f00526
bcfcfd17
0618af2d
d0f731db
3c0b719c
5c1f18c7
19ed010d
c9537a04
0b0311cc
0c0820c0
0f003031
306459e9
cd1431ef
e1f4f3fe
f3e2d0c9
2c3172cf
e43024f1
b811fff4
010be0e6
18e5ecce
e3ed5910
25e60e15
f9c202bd
fb1b04f8
f5cfd007
45de11dc
e4f9f4bd
fb14d6f2
9131e9b9
ef32efea
c8b409e4
24fa1be9
bed6ded4
180bf2ef
ffffe4de
10e02ddc
3d2fb53f
10fc02f8
08e65548
ed18bd20
efe1e83c
b0f12241
11083508
1b03ee23
e60bae06
1ae0e9d5
4f340cc8
d9f281af
105f002a
eef5e9da
0d00e31b
04d9f53b
ef4affba
1b111717
3cff2111
f6313dd9
08dfe601
de111b1c
f6146efb
15cd0e22
f5d20dce
31f40d04
e111360f
1a2bd744
38d5cbfb
b7d30808
2016ec3b
42da25c2
4af50c0a
28f7f0fd
cc6517db
e6e10160
f72d163d
c31e0cd6
dcfd140f
2f0c23ea
09ec1cf2
e10ce6f4
c826ecd5
c9073618
403b2b3c
29f2d2e4
0bf1fead
0af70f22
d42ee9fb
ad1b0103
ca1e4131
f417c248
080bfbde
1026f207
f1003d41
d94f2a07
0a2d231d
efec1622
e3e5fee6
d544dec8
253c33a4
11ded759
0201ad30
bfa4e72a
e30405bf
0e231ff0
46f2e1e5
da062703
e921121f
432823e2
0e151924
1f134331
ee4fbc7f
cddd062b
3dd1f715
f01c01ac
2af25e3a
08d6f081
2d07deb0
0bc516a3
000149df
fb031218
abd0d6e4
0615e219
bfc1f41f
161cfcd5
fbf4e7eb
06eb1e0c
2a210930
cace1114
3bbe0024
f70745e4
26391515
fbe7e454
fbf32d4f
e0ee1cd6
fefff1f6
bfeb0c01
15dddd22
cedbe617
68ead1fb
be06e50c
0305f809
221f2e0a
fa811bd1
132915e4
a7c906fc
1b1e200d
fce3ccea
f7f831e3
f9f707fb
c9f1eece
c7a008f6
3ce7e0f3
d9180602
13bddcfe
f65cd8f3
e6f6fdfb
1c050bc4
dc0400d2
ee075a0a
290a1756
3ac5ee01
19021be2
2157dac8
0cd8e3ba
e8143a08
f20514d0
0a03ff1c
38f212fa
0305eb04
11f32213
0ce4d3d4
2efa1137
e701f727
1107f734
fb3b36ac
3740ee08
ed40f313
dc032fd2
3ae8f0f8
4bf1e91e
0fef29c9
2a16f913
d6c28f1e
9039edb2
dc002825
31f9b1ff
44b60a17
ac120639
f8fcceb4
f1f8c11a
ff121dbe
fde80102
facb0be8
ec0d0d12
df21af04
cf092005
e8f5eb2c
e2181b24
f3f4150e
e4d1dffc
e80fe0b4
d3cb5bf8
270581f8
d381dccf
1b03e539
fd2900c1
d42232cc
241f11ba
eb2eddf1
06d2c8ea
0bdcfed9
e205e00a
11f4f633
10fe05dc
fff9f9dc
d4e406ef
fc0f10ee
e301f8f7
19c56322
fdf50f42
030b0c26
22eccdf0
20db09ac
421eedcb
0b3239f1
05c84df7
66aac8fd
50edf624
030ad6d0
efd90bf8
ee001210
a3df10fd
35e71d55
24a3f3fa
55f614cf
161af7f6
ea02d0a8
0ac4c937
5edf2006
c8ee05ff
2df524fc
0b055e00
1a1bec38
07fc07e7
0cfb08c3
33d5f9f8
2400bf15
24f400e3
4a013042
034bf816
fd07c408
57111111
060df905
f2eb29fe
0917fc13
f1e50044
f90b0ee7
ebe9f11f
0ed6061b
f315f408
05f7c3da
f12bd1a8
c9521442
bccb0d01
1f03f306
e906460b
cfdcdced
1c05f7ed
03feecc6
0015e4dc
57eabd0d
cf230ff8
19ca13d6
01e63315
d1e4e1fe
3327f711
eb22d500
d504f2b6
fbd225e9
221817f8
d1fc07f2
f515f136
30c9e413
011f0c18
1d0e03f6
f1ff0107
df0cf610
ef00051a
e0e0f210
cee222e5
faeddff5
debdf2c9
1d0f0202
2b24d4d5
390f23cf
ee2817e8
d83cdeb9
cb213021
e8ecd3e3
c9eaf3f2
f209533d
241b1bae
1c1d34b8
242004d5
2beec405
f2d633f0
f2fc11fb
1febdb1b
1c05fde3
3d1dfe13
3ed904e2
06391b20
1626e0ef
de11170a
5216dfda
e202122d
fe123519
16281647
c2fc18c9
102ce9da
3a2c1ff3
01d44cf1
3b32efe9
c832f3b2
f9faf7e0
2ce0007f
3a0331e2
f9e507ea
e70d1219
f9ef5c19
cffb2707
0b0be825
0c0fa4ed
c927cb00
112036fe
e8fd1cfc
03ffc1de
0f461211
dfcc27ea
f300cde2
e9ffcdee
c71c4c21
d74a21e8
2be21c0d
b20c1c1b
0ad7cbe0
abdd31fe
05d0e011
00eef33c
0ff43202
e9090ed9
e3ce0df8
13cfd8d3
10df6522
1428e7f4
16f3e9f9
f9fa4a10
e80cd9d7
ed030df2
c0131316
36bcf01e
dd1d31ec
f4e7e4d5
fd1e08f8
0affeee4
17040ced
fcd5091f
e0dcf301
fae6fe27
c4c94218
16d8f8ee
feea002f
f4274726
b5f00108
d34151b3
0d1025fa
14d1f72c
3accf8cb
27ef1193
3601e1c2
f3fb20e4
1ade0010
3d0a0edd
1d4b0406
2c283021
3a67ca11
4a03cbd8
14ffcbd8
0c013817
3506fc0e
4bbaca4e
9bfe0bdf
e01947e8
ddc9baf0
f30b2a06
2ef40811
ff062e1e
431c06d3
1c0bc9f4
f920fcfa
f4b10f08
14ecd72b
19ff2718
39efba0d
f5f5fcbf
c4d8ec5e
e906ed0c
3e0023c7
5ce02f26
0726e22d
dec0e1a2
001cec05
0cf21e2a
d75def93
c2d8ed1f
f9f10119
e0d6ef15
1537f3f7
e21ce19e
150d12d7
ed162630
08f23de1
d9fe5403
e33ceedc
f623f236
d1d235d8
1c0621bf
f914dfeb
0d091907
e8e50818
e5323cfc
002207fe
f9f8efde
d71cc608
ec2e510a
17f6e218
0fe9cbc6
cdd90202
16f8b808
bbe508fd
ba0b0d29
34b2cf02
e895f61e
2ce5ff0c
e5f223fb
f4fb3b2a
c7f0e714
d6d00412
00bde6df
16b4161e
f000faf7
041912ef
fb09ea12
eafced37
13eeeae2
e6c311d1
29de12ff
c67fac04
070bd2fc
33f3f61c
1613f404
d90332d6
06050f21
eb2c1802
1df200eb
210546e3
d7e258f7
de100a04
fe1ad730
e8d10c06
fef54795
511bf9cc
db181014
f60c0705
f9dc0ce6
2a02f747
fff2d6fe
e4e20837
e7c925e6
35d7070a
ebfa2002
cee1fd06
090c1ae7
44301032
fa09baef
ab2c0515
c90cff05
f3f8fb1b
d81bedf7
0bdb1fe5
f4f60ff8
1823f406
070621de
061e1a11
4fd8501e
ed070805
10fbf1cc
fce4f031
ee12f3e7
e34ad6ee
ec071b28
09bfe10e
dfe2102f
d520161e
00c71b12
d22bce5a
e43df9d5
f3041a0d
d1f60302
f90bfcec
fafceff3
5006de13
f9360411
f9050ffc
f8e30f2f
21f50d09
e916e2fc
29fef33a
44ea37a4
393112f9
0bf2fae6
3abf38de
feebe20d
2409174c
f509f3b2
feeff544
4dfde011
fc1acff3
b734f9e1
26c3bb23
aaf90ffc
531bb3d3
fb01260a
01eef7e6
24f3c02b
a9e12c23
02e5fef4
11ee8feb
de1b75fc
ea25ef2c
f70ef762
e12d1ee0
f8180629
c9000015
7fddfb05
f8f2cbe8
c3201516
f8deea75
f708cdd2
d6072823
fd080607
e81018f7
bb289835
16e03044
53050b17
eb1615f2
130aa517
2742effe
2a370206
e7e3ffef
1a020ef1
d62e4bd7
d82a0428
00f5ec85
01f71224
debdc805
30f0e837
e1a9101b
460608f6
f4c5f330
db0b1a22
d421e8e3
0e17fdf8
0ae6df1a
f2e2e2eb
13e71bf6
08f1fbe5
0978d12c
ef28fc17
24f603d8
021c0e10
26f713ea
311f601b
1f3e1e41
0df4150b
1314331f
f6100602
dc0f02eb
f806cefd
f3091ee8
1f0154f4
480b01f6
bde4efd1
ec42282c
d30bf801
e40d0dfc
0e1150f7
4a3cc0bc
39fe14fd
edd5f7f4
073aeafb
040d0a0f
fa171927
c5eb0b3f
e9f9fb24
b52fd1d8
2519ecc3
2bd8f3df
fc0bf5f4
0708240b
ae0f34d5
ff142130
ee04d1f8
aaff331a
dce8c425
b0e3edf4
9a27e6c2
02d50b08
2d0d01f5
18031d0f
030ed21c
ea2d050c
e7f2fcee
270bf8e3
0617f508
d61101b1
eb363b12
45da0d40
10feb59a
05180432
fbe023e5
2501ebd3
d746f1d5
20d5257c
e824da25
0442b5ec
1701c6df
fd20f0ec
02f2f24b
bdd23713
d4ac81e3
0cee4707
ddfdd81b
25cf0fb6
ee00f0fb
29f812e8
27f9ebed
551af1cf
df0fe2ea
20093249
f022eced
d4030ac8
d8ff1cea
130e21da
22fd3edd
112fed02
c42f0e0f
381c2d02
2af535ec
fc081d8b
fc042545
5916f7d8
0533bb47
17d4f712
21c702e9
211329eb
cdfe111d
1505e1ec
07fa18e9
2be80beb
26ee1c22
d502121b
079808e6
2ae8d7d6
0c1d0dfc
1814ee1b
f6fad735
eaffd30b
040705de
f5ff010c
d3dedeb8
dfdde002
e5ff15f5
dfeeea00
fdf100ce
f52e30b0
0bb72e09
b2e9e8e3
3515014c
0cc70ef0
de5d04fa
f9f6dbf9
e60cdfe4
fde7fef1
1affe01c
18ec2907
47f3104a
0f250743
1303d219
03ef10f0
f3fd2224
fbf62801
36bcf1c6
00f6e7f9
f6f9ec26
17dbff0a
1acdf702
0a03e9ee
0ceacd3f
fb2c8bff
06f5f6f6
f9120112
54f9e10a
173f07e8
e8ffcc12
112c29cc
ed0dda19
35efc0b7
16bcfecf
0917f039
14e94d2b
3aeef908
e9e1f709
2ff7d8ef
f8f7e427
b11610ee
1c1512af
d6f5170b
18fedd32
fe0910d3
f8d516f3
e30bceab
10ee3ee6
1002151a
11e449c0
180531e5
dce30bd7
172268ca
ebcefbf1
282a06ec
f303f01d
fdc2d73a
bb3e0103
fbc00c48
30c9ee13
ff1de237
eff3cde4
1326c917
fbffdcf7
e3f30a12
eb0c0afc
07131bdd
14e81622
2f0ad8df
1edbe5e8
a1b1f617
080b3bf9
eee502e5
021003fd
0d160702
eb3718cd
1ef3ea13
09ed1810
3528de26
ff0b19ff
0cdd1c09
fa19281c
06190009
f5e6fa06
df44e41f
fed1b1e4
49f10ddc
dafcf51a
042674fd
cc3047d4
2415dbb5
342ad400
d4ef4d07
222e14e2
2044fc11
040b1c0d
3fe51466
fe2fe432
cfd30bca
61eb1d10
172414de
4de6ff1f
d606d302
09f3f1ca
8106e305
ce1d4dd9
a4041fe9
08cdf803
1f4124ef
ec3623b7
49161410
ffff0df8
0a0b00d7
f0f4e9f5
1911fa21
e9e0090a
e3020d10
ef321c11
dceedd14
ed061205
d630e5c0
26e60ed8
e41d1e0c
bbdbe318
082eceef
272ed609
373921a0
b2480215
ade903bf
0dd840ec
e001e698
fffe0fdd
0bf926d6
e4e409b6
f60d0af0
f805e1df
d2041135
bdc41401
c40df0d4
bac9e208
00e41117
e90fe4d1
fbe4120e
0604d4e6
f92d1ae7
3c0a7fca
ef1cfe03
d00dedf1
fc2e35ff
f80e5edb
30e6152e
f109fedb
df1ac1e0
6bbf05d9
0e25f622
c414f7ef
48950e26
d1e642fd
0526e11e
f000d0e7
aff5f7e2
dbd3ba29
1cba14fd
ee00dfe0
13f1fa38
db29c40c
d8f42503
1007f51f
f7190feb
f1113be0
0ae4e3d3
dc1cf2ee
13da1c06
00c2fef0
2efcf818
f0e9d7ce
e00e1d01
082efe0a
faf8f7f3
463dee65
fbf713f6
3e1cbcea
0df624ec
dd10f227
470bfcf5
f0003ad8
0a33e800
1ec00ff8
074cd30d
2b240f24
edde03b6
ff0f3e22
167f23dc
cdef0d00
f4ee11e9
1dface07
fa182711
f95a1201
13f90802
fb2bf1eb
e825e618
00040116
ff1b13de
ff14d0f8
fff2060d
060b1fdc
3215fe23
e1fed5ee
d0f71b19
1316173e
fd3901fe
6be8f74a
0715d74e
c843ddd5
dfdb0adc
eff428ff
04d32bd7
0fd25bd1
3f15f522
09de08ef
55c84113
f0f1ece4
0205df18
1b02f3f6
c3fc2adf
c1021709
cbd116e6
db1c10af
cd44f2d4
17faf6df
fd21fe1e
000ab8de
11e7fd29
1a301ceb
f755f0e7
032b0ff4
141129f9
f7d63129
df01ecdb
02f31820
1dd3e0da
f9fc18e9
e7f50a22
2506fd0b
f1d2d602
d03e251c
f9e90bfd
fa102c29
0a061738
281702d6
4100151e
dde709ee
1c09021b
10f12426
150f0663
f90ad8d7
12e3fdbf
0820cf1c
0beef7f5
fe17f54b
c805cdbe
2715da0e
3515f314
dcfd3747
f0f0130a
bc00c93d
e1c60314
38af0638
ebecf5e0
531cf5da
e7ff28ec
f5f6f6f9
1007ff4a
17cd9810
df81e3fe
08305cfd
d8ead013
3e2be40e
deebefea
00f7f821
f6f314f2
3deb28f8
21ea0efd
ee0212ab
0ef604f8
0c2dfcf9
0802f006
fefc91bb
da161787
f71404ea
fb260600
f6bccb54
17fd171a
e4fde1fd
c411ecc6
eefa210b
190d07d8
15a8fc1f
f90c052c
02f30ce4
190ee80d
b560f5e9
293c0524
f40ff0c6
faf0be1d
b418b02c
edff03f6
e30b1220
f9399cb6
1afce7f9
14d520d4
dd0510f1
c935fb1e
e83e51e1
5f1d06e0
4af5cee9
05134a13
a2152be2
1c0bf5d7
00070a07
f2e2edf7
07fd32e7
02400cf3
24d2f3f2
f5152de7
22ebf4d6
39ee0a0e
fae50a3f
19f911a3
122ee9f2
2c06dec6
99e61b16
48decfe9
efed360f
0500fefe
01fffcf9
f906fcfa
0dfd04fa
fcff0307
f804fc09
fc0109fc
03fcff02
1719e1f1
f6f60b10
ebfc020a
42f2120a
d2fd09e5
bbc6060c
0a1dd2f3
47eae0f1
1233ff2c
0c07dce9
ef040106
cbf008ec
3a1f13f4
e0cc18df
f52614f9
b62b2615
12030f0b
0e0701e8
1225e11b
ed00fe10
fb4cea0a
0c04e8d0
f5f636f7
f449de07
fe2db20e
f910f9c9
04f7e8f2
03f4d7e2
d6c85900
2de00011
ef262a1d
0afe5124
2ceb05e2
fcfd43b0
2cdc3d29
20ec1ff4
0216f6ce
1e1e3cf6
0ddd8cb6
cf5a35e6
d81de71a
fdffe51b
f8f011e3
05f1e4d0
ffe6200e
41e20bf7
d805f6af
210be126
3127110f
f3010317
fecb425b
cb18af2d
cdd6e7cf
1116ea11
eaf0d200
14d8a233
270d03ef
dc071d26
e1290be3
e0fa12bd
0b33fb06
13abfa1f
fbebd3b1
ffe80aeb
25dcdfae
eb002e14
f2013e2c
f0fd07f3
0d050f0c
31f81517
f6a5bdde
81cc38fe
fdaf0913
0105020d
f1f206ce
e415b1ea
2a0eeadd
ee5b520a
2ae6b20f
15d810e0
ddeed6eb
fbea0bdc
ffc62710
30b406ea
d801fcfa
1c0a1e14
bebde902
2403cf06
30f3f8c8
eefac71c
16db0d41
6aed0afd
0afa03f6
08011301
25e1375a
2f05e924
181d183e
0519e00b
451ed13a
001b1e12
2113e8de
353bf4ee
303e2be2
41aaf623
3808dd00
08f1fa29
060d2d30
3bf8ec03
e3fe0d09
0127ff24
10e4def1
14fdc329
f6f417f3
0afadff0
fbb8190a
071a0afa
edeee6fa
2613350f
08d0e402
ead2ef39
1ce926f4
f404aee7
fb19be65
051bb8e3
03f5cadc
f874e4a0
0ca74bb0
a7d2e504
0ebf7ff7
0735effd
12fcfdf8
f716c0ec
dbe9119d
02a0f60c
06e9fefc
0704f623
dc3703aa
f1ffc9b2
dfe8f724
4ce0e9e7
fec20604
b7f8d6e5
1f436900
e0ddf003
e4fbfa14
05fd0aff
e4ed08fb
ced3ecd6
fefaffdb
ac1bcfe4
08bffcc8
f9f7b0fd
3cdd1fed
01f1bf3b
ea15f507
150117be
f2eeea42
1e18d9e7
0b9630d3
d822f70f
09c8fac2
01f9c5be
96e5b499
08e4bff8
d41a0acc
fdf8047f
4ca60b3f
c99324ca
f9d5f0f7
1ef0fa44
da0006da
eef1f119
d7fe0a1d
edd91e06
0c93191a
fe73e7ea
f40901ca
13fccef5
130d4718
10ea11de
26f914ee
ccd20e13
f101dccb
03c31c02
f300facf
0bff4dfc
0f10234c
d01e07c3
f645f0e3
f7350426
141e58e1
e1f0d5ed
35fedc13
0e0c110a
e3f73e02
025d1f19
c0f61602
b61a1f09
05f1caaf
6e1f41d7
000ccbf7
fe08ec02
2105f2b7
081ab20d
20202903
0bd2fcee
1b50e20b
def705e5
12110fef
080f2c2c
f508e49e
1cf5d21f
392003f7
36f5f660
28ebdd08
a9c915ba
05f90a21
d8ebcc91
d2b3e916
0028ff28
98bde7c5
efe6be15
ecd61511
f4dadefb
34fa1cfb
10fcf6f4
5c33afc1
20f02434
eff3cf05
df37d8bc
2d110507
dcf41705
fffff3d7
02192623
e9cc12cf
f9f50be6
0d45040a
e82f3e2d
d6b0d215
e1d4d4fa
f601d530
250c0b05
14221a0a
2116262a
c73003ee
ee26efff
0af12e20
282e3f10
f338e9f8
0a0622ff
2053fe08
1f2a092b
11f50813
3417df41
162e53ef
f4c6b0fb
d5deedf0
fc02fe36
1a23e1e1
6f2aeaee
1d1f0ffe
5102f4bf
e5cb23cd
3fdf09e8
390b19f2
03fcdcf3
fb0727ce
de26dd0d
f921edf3
03d6ea21
f93d1024
c39e0233
c498feea
15033cfb
f45ed2dc
1dff3116
1323f7d2
be7fed09
44d5d25d
0ab907f7
e7f6dcc0
0803fcbe
d8c30018
05043bda
a7fd1f2a
510a26c8
c4f13a0c
e93d2b07
b8fbe90a
05fbedaa
21ccd710
1d47122e
d7c91b45
1feb2715
f9af3135
f1dc471c
b3e0d1f9
0c08e234
f7f225f0
19f859ad
fe38230a
4f05ea0d
3cfb4fec
332bb3f2
ff25f60d
f1dd1ef0
efeff308
c1f614d0
d8ab0936
08d0fb0a
12ec2997
f1f2d3d6
000cf5e2
05ff4c1a
27dee745
34fb0f06
d1f5ee09
d42c3114
ead92406
1801e2ef
eadbe2f3
2307165e
f0290cf9
bc0f52b9
312f1912
271dd4f7
ee24feca
1f16f503
ddfef8a5
08f912fd
29fce5bb
f3d71c1a
0b1bf2c8
3b2252f7
205ff515
023b38e1
08e4fbf2
02f912f3
f6daf3f8
50011c10
0405e9f2
0733110e
ffffe01f
1e42dbde
090006fc
d7fd3f58
ebf03422
0a16f901
3834ef0e
412b1113
e90815b3
354213e6
e61de799
f203f3d7
10ccfbbf
3437152f
c0e40d08
f403fcd5
ff280e13
3f402eed
060be33b
f8102b2b
db25dfe6
08082832
c30c06ea
f000051a
f5c4f6b4
1cf5f3dd
0f3ba918
16eac8b0
3810f90f
3cfbd945
b1f030f9
11fcf7f7
06cb2ab7
1cf1f6fb
b808040b
dff7fb1a
0e13da00
e61efe07
fee8e1e2
1135e319
d3f03ad2
350af3de
4c28e9c9
f7eee29d
e94206f0
50f7ef44
81c60620
3ff7f8e6
1405d211
f540dd26
e3e1dc02
0afddc07
18e8d5b9
5e1211f0
b4110700
08160232
08e8ffc3
3cb7f6e6
c7f4fadf
f8f320ca
ead5081a
c72208d1
2adbf0fc
0af7ecfc
e70cdedb
d127ea0c
ed1912e4
00faf225
0f05a815
77e2fbfd
0eccf1f5
751008ed
ad2c45cb
fb01d0ef
e60db710
00e8d9ee
b8ebdf15
24fdeafe
00eb2ce4
eeeee703
fa13240d
131bf8ee
fb03fa03
f907ee08
e91d22ef
24eff9da
0cfdf2da
e04813f8
0c2619d2
3216010a
41d1f127
000021e1
08de05d5
321e25fc
c05405df
2edf0a1e
fdf4d8fc
30e7f4f8
3d1ff336
f8f807f1
c822d145
36d106f8
f6f2f815
18efbd28
cbbaf1da
ac8ad907
e0d511f4
ef00f039
d7ab04b9
f3f60ed8
3cdff5c3
d3fd0821
51c22a7f
ee3a0ffe
b7eefd34
2104d7f1
cc03ea2e
ef266bc8
12021c07
f5e19f0a
fc085d15
dd2de7fc
0bee0000
fef0ff22
fb40171b
28f0f9ca
0415f2fd
e3f716f9
35fcbfcc
000bfb0d
ec03efda
0d0a2130
00eefd0e
26275cd2
d9480424
ea0b151f
eff8333d
fce044ea
e310fa12
1b07ccce
041a0bfe
bd30dd3d
b0d601ea
0240d405
0d0623e3
20120b0e
b3ead02d
13ff0222
bce5d6f7
12130ae1
d6e325ec
e4dddbe4
ce16c9bf
f30fc0ea
233af93e
14e507fa
de270efb
0006180e
9ced0234
cedbed04
051cf703
09edfeda
0d1a0b42
f302dffd
1617d512
07c9dbbb
0804f8ed
08e50112
ff4d140d
0ddcb108
4e0d09e5
e20c07d9
0a6241e3
27dbd2f1
12070c3b
d0f5f6e1
06d9cdc6
d3db4702
5713f704
fa0059f3
a3d50901
bf272823
db1efedf
19111d25
e14993ec
eef205e5
fb1af505
fe06df03
fde1c5e0
091ce701
ca0ae5f1
0e11e204
f6f4bee6
0a0dfee3
5328f31e
fa00fa1c
fecdf0ee
123bbf3a
f709f319
bc310acf
feed170e
d4e82029
81ab10fe
11090c3b
281621e6
eceeebdf
4120f9de
001941dc
f30dbbba
7552d9f1
f721eb2e
05fe1e27
07240fec
0627fdf8
edfd0ed3
f5feec3b
9afba0b4
69cf43d7
0fe8ca10
190003fe
df1419b7
dc1f56de
36362c0e
bdf4062b
5d1b2b57
39a7f4b8
0efff8e7
07f3b010
f9e2c0bd
25f13636
acd704f8
101e322c
30d1f774
0935e8f9
1b2d012c
e103d8e4
e1dbd401
d2d0cf19
d2dff62f
c7fd0be3
afafbdef
e8e4e4f7
3524083a
f2fff612
14edffd8
feffb9dd
1532ee39
f7bb0f1a
f603c110
ff03db36
e4feef15
e2ffdb01
af0b2cf6
07fad827
d4e60705
f5290821
0ffde70b
322ff4f6
f7decaf7
0a010a13
f8f002d5
092d20e2
cf5c1414
e228d921
07ef41f9
4b2115e2
00f511d2
f50004f2
0bcf2866
f412eee6
03a6fc20
fe1d17e0
ebcce70e
e7ed221f
f2ecc6f2
f9f00302
09ec0be3
54b5cfe4
f50815ef
360815fa
f9db200f
0be7234a
f51cf3d1
fa0443ea
341a2f23
f7f30e0e
11eb073d
dff7dfe4
32015bec
fc19fb18
250af9f1
09edfbfc
d2e0cff1
f805d726
0c07f701
2e23d9f8
f3d402b5
bad2db12
27f8f40a
fd0efded
ea07f229
e820cdd7
3f08250b
07e52314
0723abe5
e80e0717
fa4811c7
eb05154f
f92208f2
0f084605
08fef61b
faed1715
d4293dfd
38e2bcd4
3e2bd434
0901ab04
1342f061
f545fc14
0d1121cf
0df91825
2d2c142d
dbe36de4
e102fa3a
10fea5cd
f3250447
0e420517
bddcfecb
07ea1425
d6032a0f
1ad9e6f5
e0fcf90b
fd0510ee
dbddb8de
bccffb09
b6f2fde8
e6ff21f7
06fddc02
f337c6ac
f0ec160e
08f7556d
d0f6cdfa
e1defb0c
02ccf7ef
05e508f7
1905d0fd
0624eece
3d1af114
01000af8
f221fb09
cd30f11d
0e1dff09
effdebd5
f00a119a
c41d40f0
fc0806eb
0618fd0c
e6e008ed
c8004701
24210d3f
06f206ea
0340d711
0b0302df
fb10ee04
04fa4619
040bf2d8
19130502
ecd61208
0ddd15cd
fd13f7f2
fcc607fb
adf7fbd5
020bfbc6
fcf0e959
fa2d4dd6
561d09c4
0214f105
1f3f2728
c90ffbc5
0dd623fb
fa10ef00
ee0004f0
fbf99df6
f209f418
f5f51203
fb0413f6
000dfb05
0ef2f8dd
ff12f224
02091b32
f7dbd400
f90df1b9
f72d07cb
26e76407
0ccbe605
2931fee3
f5fb151b
efeaf1cb
c4f3e312
cbe0f919
f2dd390e
0b0abc17
ef21d5fb
2a20efeb
08f8fd0e
f21e1357
d80430d7
f20c04ed
e8ebd9ce
f4641497
ecd21305
b1fb1209
16162bc2
41edfbc9
c8d22103
3311f80d
26f61707
3cf12012
d311e3e7
f7090a16
e9e805e0
fafb03f8
2d0320f1
e034ebe7
efcfdc35
43c74f4d
1ee6160a
3ff8fd17
160e37c0
4cc7a821
06eb19cb
052ef3c3
d5f4140d
3bfca530
edfdf81b
163afbf4
e50b07ef
e70ecc1c
02f8cf20
f4d60e28
1f082e17
1703f711
f11215ef
1e03f6e8
f6045506
f723151b
c6e203e7
0ac7130b
ff10ec0e
c402a9ec
ca5245f0
38f709b4
f8fd29a5
090c0143
b1c141e3
4c27f5f6
ea0c1a08
3fcfb21a
a0c83e09
ddd41007
fc053bd0
c10af1db
f2ea49eb
67ea01ca
f4fce0e3
0e08ed2d
e41300da
ea487418
10cc04f4
eef10821
01035742
cc0ea862
0a1afb03
f531fd1a
000a20ef
311bf08a
eaf3bd8f
1e272901
dc32b619
d710ecdc
eee300ae
fc392bce
9f55fbf6
080ef5cd
0202d31f
f8fb0365
3b2715c9
ff09fbe9
d920f412
f9432450
07f1c1e4
f0e2465e
ed32e41f
db1f31ec
9ad116cf
4a05da9e
da4bc7dd
e9ce2af7
f06f2c21
aa0cecf7
02f81122
17e5391b
12fc03f1
c5fffd0e
5105190e
c6d82cb8
264af127
e5d5c0bb
f900fb25
e3d711ab
191318ed
d82c1ffb
fad5fd1a
080f0242
19c1b0ec
2ffe0ed1
02042023
1e26fcec
e9070cdf
4126f513
c104f6e8
fc36ff22
ec0124fa
540a21fe
fb01e5c6
ea1fef27
03fbe4ec
4500eddd
003bfbb0
f72125e4
a5ff07e8
fc05e6ee
0d01031b
1ef1e437
19e5f50d
ea021123
f61c000a
e707f606
1228c1f9
460343fa
02b1fefe
48e2212e
182ffd01
1b01015b
c4d836d9
cd4001e6
c5dce6c2
1c053d03
0500d91e
46d6cac6
060b00e0
e2e1df05
f8e5eafc
15f00402
35fa041d
fafb0a0f
02f627b7
eff7e2ee
1e14f6e6
ce19e8e3
dc15f013
0ad7fe10
54cb1bf2
01fe0cdc
f9133706
ed3b04da
d21de80b
152449ec
1c1bba28
2dc8fef6
f309160b
1c0630ca
06d9e61e
f8e106d9
dfb7b7ec
d42c0ae0
ea3fe0f2
0ef20206
d1590a08
1209e5fe
00fed2e8
aced3ae8
e9e21419
e7181410
061deffe
30eafffc
b3e7191e
e0fedcf0
fce3e8db
dbfb0a2b
02ea20f9
cdf01fe4
19d4d9f8
ecfc011c
48d21bf4
eb032a0a
0afce105
cfe6fe15
d803d105
e310fcfe
e0de01df
f34a07e5
042502f5
ab04e613
06fbe7c8
08cef4cb
aa53fe17
12bc9c29
06e59635
2c0e03df
e4301a04
0a01ee16
fd0c0913
0d0e081e
0ce7060c
d51021fe
efeefe18
f002fe14
251df7f0
260626ca
f94bbb07
a00c0638
eef519ca
51fbdaf1
05be23d9
fe3703d2
38c90d24
0f09060c
fddf15e9
2ff5d8c2
df19f409
e825eafc
f4250cd5
efcc05fc
e039ecbd
f7f8c51f
f8d06ec5
3bf306f7
e808e510
f108f50f
12ecf120
e0fcfcff
121b17e7
2ffe100f
f9d61708
0fb40f0e
0b17c50d
dc0d4fcc
2502ea11
04f60001
0aeef70e
e3ff35e4
04fb063e
4c07fe11
0343d9e2
e0079942
f1e22510
c526032d
3a081c01
fe0327db
03eafb23
d310fa44
07e7c811
96f05a39
e2e40f0c
fd2a04e5
0fcb09cd
3381d434
812cb8ea
e4305411
7f6b2315
264a3fa2
0d0643a7
7f9c8138
a8cdef2e
0112e004
f004d3eb
ea0b8c7f
22280f07
053216da
01fe11b3
38d30246
9bd806fb
fefe010b
03ee181c
0eee0632
40151d04
f1efd3e0
06d91905
0e2901e1
97ed1809
faf705f8
050c3ee9
1af41805
191012eb
2eebf7fe
0106071a
fc2dfe06
d20f14e2
e0ff2dcd
ff48fb20
0af71d2c
fa04173e
0f273431
dce628e3
223afdfe
8a31ef9c
4400240c
00bc1108
5e05d6f7
1024f616
2dfacd0f
bfc89a04
f3eeff05
47ea2951
10f8feef
fedcb75c
04d7f21e
fcca00f3
27fe07f0
15030af6
cd38fedb
da0c2ffa
3203c4a4
0840a7e0
15fdd1ec
e2e5fbd0
14340a31
bfd82d67
c6dc031c
33ef0b00
2a0119e6
fd00f8c0
ed60d7e4
023fd801
912d0dda
eed6d214
10ee04f2
70f341e4
da052ee1
fd17f8e5
f0300a13
0601eb0b
c90110ef
f7ba0f10
24330050
4a0d06ca
de0b0dce
fd49570e
1515fde3
bd1ef200
17e80610
d614e606
cac305e6
e4f5f43a
e907fdb1
0139e3f0
55e9c8ca
ba0e1658
1ad2bd21
204f1aac
d9d00728
2c38e94b
e900b104
f5d634ec
36d9b1dd
df0a34e8
fba4eb11
321607ed
f3c90503
fb1becd6
e6fdff02
01ace804
43ecfbfc
f2d911f2
18f903de
0ebecf3e
fd0d0005
480540d5
ee00d5e6
feacfd0a
1001082b
fcdef334
def13106
fccec727
b5f301f9
1bf5f1f4
e1ffe312
f93ee7da
40fbbb04
eaf823f3
1fefe3ee
da342acb
ef18ffed
dd27c414
f1021240
002f050f
ced4f5f2
f92638ef
d4d1d3eb
0bee1d12
d31604d4
5909dd19
a3ff06ec
fe2f49dc
1f18fe29
10200d19
10f21bd3
e5d641ea
040b0036
03d524c4
e0fdfbcc
fd1cfb3b
27e2c100
cc31bd44
58fd1e0a
e6bc06f5
91f9020c
0641f44c
4505c0fb
fa0b0613
dd03f92a
f40c2e0d
1fdd25f1
3bfaf227
d8ed0103
e40f0902
d9fa1a03
fe2ffe1a
dbf80006
fad225f4
2823e5a6
ceeb342a
f62dffe8
24121626
15fad30e
ffebd30f
13b5e8f3
3bf92806
f8d4ef2d
d8ec123e
d4e3ffe3
0514daec
4500131f
00f20206
e0e6e6ec
e00f093a
2cf8ba32
e4ea010d
15eb02ff
f9f22946
05011808
0447350c
f7aff8f4
fea31af5
fb01f8e5
22f5ca06
b5ce01f7
fcd9f224
ec001c33
052cc51b
0dd72148
08d51bff
16f4c508
19540b09
bd2f0216
4af802f8
be05d709
fcf232e6
1eef0308
f041201e
e7ed17dd
fe0e0402
e6f004f4
e9ee20e9
f9fa3508
03e1d9f5
22f83659
37f31724
2409f511
0e47f400
d01cfd37
07f5f71a
ee0cd70c
0cfa06db
04c8aef4
dceeefec
17e10b43
f80601f9
f51d09ed
27352d0c
08ff0504
f23cac44
00eed203
0de801e8
dfc4d0e8
e9f116ca
faf9ff0a
56c2e2e9
08fefccf
02111606
ea165f66
3418fefe
e9095853
e7e3074d
e32afe21
edfd0adc
1801250d
fae8f107
f81dbadd
d02a0c1b
24df1db4
ebca253f
ec01020b
4efb072d
1302df20
04280c20
1c43dabe
f8d00df7
1a0c3417
d4d7d832
b8db0200
35ff0917
d5fde924
f9cde6fb
eeffd20e
f8250606
e0050417
f003162b
231901df
5ac80119
1afe141c
03dc6b04
0221e500
fdd7f5f2
340400f9
fefde712
051b0104
3e080410
f401b732
08b29a3c
2cb8f7ec
d6f5e7c2
92eae80a
0d17450b
cccb0105
de0cd9a3
3dfe0808
f93f190f
fd19193a
10dffee8
3f1cf3e1
e4e81d15
f73201e8
ece01806
06080e11
07e727da
fa35f82d
fa23f713
c4fe2133
ffd80432
3f47061b
f5e4f608
22fc410d
00cf0f0c
fe22fbec
f3f511eb
ecfb1324
09eee223
f217fe13
ec139fea
1e040112
fd17d61a
bffa05ef
f1f2da07
df0be7e0
05fff2f1
21d7fffe
44e2fc38
e5fee833
023215f2
23bdf711
071425fd
b229c625
68daddf6
201bfef6
b00341d9
cf03010f
02fe2dd3
e6950e0e
00ebfef2
d909f5be
f1f20904
2833012b
e82b4507
06fb1834
00070321
42f3d6d0
eee32be8
d0fde30b
1b1f12cf
eae8fff3
e6280a17
18ffccf8
01db1fe8
b9fa1c03
01f8e7de
d51031d9
eb330136
3fedff05
cedc201e
f0fc0211
07f01702
1006dfc8
f9fb1508
e2d60df4
f7f5e5e2
1ff301f7
e501f3e0
db082f11
0eeaf52b
e8c8f5bd
ee04fcc0
cbf6f917
b724390a
13ce04e5
d21509e9
e9025611
08fcc618
27df1429
f606e013
c6cb0bbf
f91a5efe
fb3304cf
e6e02cf5
d8fe2d4a
06fc0315
0610dfef
e515df01
43f91304
2630e7f1
e93b02c0
da180212
fb00fce8
0236e3f3
d2282e5b
161efc0f
2522e813
14dcff05
ef7801db
00c605ff
0cfef044
0303f226
01f8f7f7
fed746dc
e21a8eff
26140105
3217002a
2524181e
edfae00a
f6d40407
161c041c
fc0ce514
05e5dfe3
fd0feac8
d8fdfc18
f4fc0fe3
cf00eca9
f7e46c0c
3d16fa20
db31f014
f7f13005
7a1c14d6
1008fdfe
05fc17b0
fe001209
00f4300d
feec2b29
0e0628ff
2a10e23a
ec1bee14
e231010a
0cfd0d0e
01ff19c5
002fcc54
210aef07
0be9db1c
04fd4423
0febc129
efe1ffdf
dc2813c4
1a0258c7
fffd5802
d52e9ee6
e80be813
1efbe9d4
fdd9a614
04ec04f7
1307e8ea
ef05a72f
07d08106
494ffa08
f613daec
b72af1f7
fa081238
09250523
4b0700d7
effbfc09
10d628ea
edd5e454
45c0ee1a
f9dcf824
0b2cfa3c
a4430620
4eb5f8f9
e2f80eff
fe0b0cef
ef24da2d
21280803
0e021e0e
fde711fa
102d01e9
eaf7f8f7
ea00fef4
fffd283a
0f00fe14
1303e4fe
fb0af623
14ecfa25
e61b0211
2d17d70a
f4ffc527
fb1e8fd9
fedef1f1
08f51f1f
a8d9fa21
e10e2f1a
0deb00f9
51e22100
e002d5ba
fbf33af0
d943f948
eef7f7ba
8801cd0b
ba20f9ee
da140014
4707f0e3
ecfb3b54
0634c812
bed4f0ea
0407cffe
0d0415de
0116e4e0
020affdb
c017d7b6
fa0108f8
02f8fc07
fdfc0102
030aff0c
040606fc
04f3050c
0a020002
030100fc
df00d7fd
0a001119
fcd9e806
13b5dc16
c7dbee32
060cfb24
aec80012
e1dfeceb
0ffde927
05a72f30
3af72a4f
5b50d3ef
9d11e74b
2e0714ec
12340018
cad91bd9
18fcfd28
0750d404
18f6d0d9
06b1c61a
3bf73ccd
01ae895a
d0e30028
4a294116
0c034816
05e8df3d
c30df32b
3fe90c18
c0f51cdb
05edfa13
fb080109
fedfcc3d
100339cf
fb29fa2a
f407b817
e4a104f6
24f505f6
0505e835
180a050a
5f12b90b
0504e8fb
ef431ce8
351ccc07
c0161cc2
2e2cfe26
d9cfffe0
de3e0095
2504bceb
0f01f90b
03b742d5
050ff2f1
0b151de0
3100fba8
2055be35
222404f7
7fc9422c
ed0123f7
00fff708
fc08fa06
f304f60f
eb05ed01
04fc07f6
000400fc
f3f605fa
07fbef2a
ff01b912
e0011e42
2fcce310
e1312e0f
19ee0709
3747fe09
25d70708
fefc1ea6
02dc300d
cb2af7f9
0116fce8
43e2fad3
e7df1005
de0201ef
180cd2fa
130724c8
0ceb0001
4ef70d27
08dcd910
5bf609f6
f3dffc1a
0e2204e6
f7ffeafd
11fbea20
f71fd903
03d7d3fe
eaedb619
b704e4f8
1d36e51a
fbf0ff18
d40417bb
f4e80208
e8dd53ec
2b04571e
375dff13
1f5c18e0
2b0f0bfe
54d5f006
b5a2edd1
e5020503
00e93616
13f8fb17
fffff6f9
fb1215de
11cced10
233201f8
300b0808
ebfff706
fd49492b
43ee10f0
fcd905f0
ce1c33d7
e60c0c5b
ced8ff0d
3d2900fc
bcfe5114
0dfe20cf
cef703f5
4128e60e
bfd3fdfd
a1fc3827
fbf5011c
1c092401
3906dffd
036cbff5
5458e5fe
06de1cd5
3ce42e02
0904ed0c
da2005d6
f537e909
19111e1d
102be6f9
dbeb44fc
d3562d2c
fbd21905
0ce53245
f42105e0
02e92b31
8e0265ee
010e46f9
3ebf1213
ff0015f9
a3f0225d
7f2fea03
1ae902f0
14ee0f0b
1202d4d9
fbf9fb03
4152d6ec
cc331d1f
05fb7ee5
08f0e2e2
e7d10028
1e07fad5
19051de2
fefeee03
19031b10
dd3cfefb
36f5f9f4
02e925ef
0e1800cb
e2f00bee
d8f90bb3
041f360e
122a1820
0a10f62d
1ef7d1c9
cee92206
fa20fe08
ffdcf70d
190015ba
fffbc520
0f4de4dc
fdfbee3a
11bddad9
e71a001f
bdbd02eb
08fff967
01fe1cfc
02081b13
b9d4e745
efe89381
b4f3d9ff
1f51f21b
463200de
f906fded
fb041116
fcbce52b
0fcf0609
ef2222ea
2c1df438
06f409e3
1b27ffde
aed711f7
09000afc
fe010d06
ec02fd01
050b08f8
0707f704
1c0102fd
e8fe01f8
f4f5fe12
e703671b
009c730b
22d31922
12ed04ea
bb2a1c06
0bf1cb0d
1f5d021c
69252f06
1efa03f8
04071404
b7ef1012
30f60805
02bee513
f2e3e841
e334fcd1
a0e113fd
240051f2
020e3b09
10e82125
0a4904b6
27f309f6
d9da2c09
175efded
e60303ec
e1fed317
0120e0eb
281e0c45
11df052a
2a0ac904
092d210c
3317ff2c
22da24f3
0f0029cb
0c08d727
e617251c
3c08ec18
0ae52119
ffcc2212
09ed011f
f8070de9
44fcf8f3
04fee105
be06ee06
10db6abe
d5d4f2b6
1f1b381e
e3dd02d5
32ff0832
e0ff1007
04efdd2c
29b83d78
17a862bd
efe11d3b
4a211526
f05d00fb
f9b4ef06
08f822ed
fffa0a01
1202ff11
1508fbf0
f5dce4f6
13f72809
1b30fefc
f2fb1cfc
da05032b
0800fbc5
eee6073f
12f7d421
eeeccb0a
f1221fc7
cf290114
e702180c
ea01ceda
04ce580a
0bf42801
ebe729f8
dbbc1856
fee408f6
ce2e02ec
c62e0bc6
0000100b
0704fa00
fa09fcf4
07050bd6
01f8e507
0401f4ba
ebf800ef
490014fc
09ffef18
030edd37
06000bee
fc37f422
e4c130e6
0a11281f
ff03000c
2f413deb
0a04ec0c
03db3b0d
44f0ff28
15010b0a
d70534ff
3f33f922
50120322
0dfe2834
32fa7f9a
fcec2406
100efee3
0501f9d9
c1f62614
0337ed0e
f8d5fe00
18d4d2ea
050402b1
fe1b0f06
0cc9d621
24112824
23b73de2
35f00b17
a21f05e9
2627e8df
34fd0dc6
ff0160eb
e6d6f7e3
dfd11cf7
02d72426
fae5f3e2
c40400ec
fe2c22ec
00f615d5
fcd9fc6a
4118eb0b
13110fee
e5024e7f
28bf0341
f018fd11
21241f03
1401480d
033acf1e
b25ae607
fe3bdd15
cbc1e628
cbf2040d
e805011d
2010e70c
defff713
0103cb1c
afdb0e29
fde13642
f5f152fb
d9abd766
e022ffe2
2d00261b
bb04d705
03fce102
fff7c1f6
caeb04d6
ddf32e02
2a1ac6fa
c6d802c3
dc220cfe
09f90e43
ff5ef004
f81bd807
0a0e3ff3
420d2ae5
ecc14414
e940fd10
112a111b
faf505fd
fcfa08fd
09ebb8e0
f5fd04ff
e508f217
fe16fbbf
1cf4fff2
001aeb10
45ffdcd8
ff34c640
f617f3cc
f8ea032c
fade7548
3ddcf3bb
93b100eb
d70ef150
0205eadd
06090240
14f81f28
fbc5e122
282a03f4
e7cec6ea
ed1a0012
ecf70f15
e014e4d1
fdf50df0
00f6c929
a700ede0
f281fd37
f5e7f40e
dd5c0e10
157f4eb5
de000d36
062ddef0
ffbecbe3
eb13f911
aa2b0098
36ba4cfc
24e80123
152129bd
0503ebc5
f32c11f7
16e14a7f
19dc0421
1d1b3f26
1f1abff2
dc7fffda
d98d0af8
1401f40d
036b0702
07f6f50d
e7d6b01c
d9fc14fe
e5d20020
110d00e9
fccc0269
02ffff20
03c6f9b4
0ad6e1f3
ea0f1c0a
b8d0aa0e
e31018d4
ebe301e5
17f723f7
17face02
0908f208
e2ea1200
1be603c1
1af7e610
df11f562
14f800f6
d501f0eb
0e070e19
021ee9dd
dab24e1d
2dd722b8
1745ddb6
cdbcfbcf
4e01feef
c1d7070b
f1fc4b02
fc310423
c8132423
03c304d3
1bd6e4f3
e4342a3e
1509fd17
1cdbfbf2
1d0060dc
07061200
18defbb1
e22687d7
e30bdfd3
ca47fa1b
ffcd01e3
2b11261e
36031b72
0404080c
e306fc15
18102ecf
cc2dd313
d6293c2c
5d3b020b
0f121af9
0805fd0b
ff56f838
0c43cdf4
02fcec12
67172bd5
e8c9311f
fa0e03fb
1bf8004e
e1fe0cef
01f35c81
2619f217
0f40060e
eeffdbdd
0eb4c725
012e0134
200ddd05
fd03f7ea
03e0ebec
1304b0aa
e9392303
dbfaf317
09e109cb
510503da
e2370d1e
e3060712
03b2f419
f8f9fcda
e3edf20b
cfcbf601
3a171239
2dd301eb
17fa451e
29004c1c
033de9fe
f845eb3e
f40334f7
402112d6
22481ffb
d64802d8
02d6232c
060124e0
fc1efc06
012c0436
190de0e7
4d34b4c7
24f9d4f6
0b3601da
c9d5f62c
2a0efc22
0819fc27
1620180c
f0c7fac9
37f3d2ac
00364500
2c3e04e8
c1dc0e00
16fe0dcd
0421af23
cd25e6fe
f5e94c01
2bebdb1d
159f0068
ebfa02d6
42d1f566
f608b7cb
010cb821
d13fedfb
dce6e3e4
e3cfe1c6
e2f2e7b9
ede302fb
29f13a49
4d03ac09
0153c528
d73b24fc
f4d8e7c4
e24e16da
edc8323e
0ce90306
5ce521f8
ef04e806
ffdc0910
e1d90743
f3faf5ff
dafa4f0e
33e0f7f6
361b01d5
84af10cb
e2fd1c04
fffbef04
b8e22a2f
dd24eff3
eb2cdb55
160a23f4
352dfde6
ceddfcfd
dffea812
fa3b2cb0
ff10f0f3
e8462d44
052223ed
02242412
0df7fd08
ddecd7e8
260353dd
fd08f948
fb0b29e2
0ce7c6dd
09333e02
ba1dd322
e5e601e7
0823f8e1
1f011ad5
01b8f2e2
ed19d8d0
c2dbbf01
dd09f213
bafbed7f
c5b6021d
5c15ef44
cb064adc
f808fe12
0d0c2345
0bdf26e5
f026f5f9
f933dfe5
f62d00f3
19cdd824
3509df13
09b90eeb
27c505de
08cef825
eddde1d8
01f4a648
fbac0726
111c3dff
affeb716
061c1927
f7db2740
37c6e90e
2c06d2fa
ced61333
be1bfd2c
18f6016e
2cfc2318
fedfedff
b51bc9e8
020f4c1b
401c1202
510612e1
edd801ce
06fdecdc
1e00e2da
0281e922
dc4ced02
03c1dbd7
e7f7e33a
df1ebd18
fe0e00db
ecdce226
33002d01
ffdf23c2
c0dfcafc
fa562f28
d9f3e5f7
e2ddedee
02e3000f
ede2002a
1107b8dc
03bd370c
474c271f
f6ff31e6
2f5d1614
e4f8302e
fc0f0206
eebf2c3c
e503b0e1
fb35351f
5befd9da
c2255517
1e9e0837
230015fe
11ca0112
01df19ee
08fcf6c9
fab60b26
231bfd31
fce2f707
14303c1a
e8ee0607
cf2dfed8
dfc6db04
fefdfaef
fc04ef1b
dc2bea4f
efd7f11e
d71b4a39
34e7b7f5
cf3d02dd
f600e5d8
e801a5e6
f912042d
c80cd8fb
d3c2f00b
c7eaebfd
f4e8f0ce
1a0300f9
1418e720
fefc0c49
0ad3fee3
49e934ef
fb3417f0
3afa1217
faf3fd13
0625ff0c
ac1b18ef
1202acdf
fe30dee2
e11cf901
cd0b2815
62cd1e39
33e7a633
ecf202df
f1d9f046
e007fd2b
0c2ed43b
f5ede3ea
0bfa1ae7
feba0cdf
fec43d2c
d4ef03ef
9e1203f6
2f02352a
0724dce6
2cef234e
2ae8e3e8
3259fffc
3bf1c42c
c23101d3
f707281c
eafa5acb
f7fffb19
2ef6edec
de380b26
6b4c286f
181518df
f2fbfee1
2406cf1e
c0ff32f0
fffb0808
f5090713
e010b818
310d200c
132cf91b
0e06feff
dfd91de5
edfecb0f
09eafff6
00183410
0c0fc2d3
e445dd2c
e7301019
db2d0100
f535fdc9
f803154f
031b2317
f6bfcaea
f326d6e5
cda60039
0ceed519
c8dd0811
0047f040
13fe0cd8
ffedfe17
131ccad9
e3d5f520
f8c7fdf3
fc0f201f
e7f20312
24e5f5e8
de041050
042dfb0c
f402122e
f7e4ee2e
f33324fc
e6c023e6
102f0305
9a1c2a36
20040aff
fde5662c
3422f438
f914e502
5be00428
3bfaed04
2b5d0224
df15102f
0b03f83c
0aec2b1e
edc2fb09
0fd9f401
0718f649
1729f202
19fe0401
e6c5ecf8
dcfeda24
0211fae3
c206ffee
edf72ef8
f52ef6d7
18f7eb17
3ee1ff15
1d0431f1
26041df7
01063fdc
e4c41a3f
10ea0d34
e6e1d327
2000f316
012d011e
1dfc2927
b0fdc621
f8fbfd1f
0414e910
1d164510
422f1bdd
2cd4fbf0
1c34ff03
24d00008
b4fefdc6
ffd727cb
ddfdecff
c7d713fd
c0f5c5ed
1dde1f0d
241d0004
514bf5f4
220bee5a
04705e84
0e0ff116
e83a0922
cfe0f9d0
fdc822e3
5b300243
080e09f5
0005fd08
ff24f202
1c01fbb2
c91df1e7
0513e4d9
dd1a3ce2
14c50123
0c30fb12
03061ef5
025fed03
eb28e210
f5f822ee
2bed10ad
13e9082c
17da0406
5f1a3828
e604c641
0919c243
e607f1f5
e3f5ceea
8be4a3e8
b651e40c
bbd5040d
e32fe6ca
04004fe4
fa031a19
12e4d822
1be0311b
7612340e
d6dde61c
1ad9ffee
d9f5f078
cc07f304
01faed17
e3fe17f1
da04d5e0
ec21d3f3
4443efde
fb2604f9
0f5b0800
4ffed300
ffeac2e0
b6feeaf8
f5acf7bd
3eead3c9
e522df20
053800ef
281a0efa
cf050941
02b22cf4
df06dffa
12fbd924
adcbea32
0256f2b4
2bdd02f5
1700270a
27010731
06023f0b
016cc10c
0e45cace
39ecd1c1
d8250603
b7fb0417
f1ffdebd
09fb232b
fc3df606
d1e8df11
e8f212da
1bf5eedf
19ff0a3b
e11600f2
f40ef622
effefa05
fe0d3822
d522e50f
0ef2f9cf
86fe3ee2
a30ad237
eae9fe04
29b2ded6
43ff2eeb
01eae4ea
03f00f1a
0301e3d5
31ff21f1
f050e41d
f71fff03
a6f02ce6
e40f04e6
09f0022b
fc1df61d
d2e5d2f3
e8c1dd2e
f339c690
d725091c
0524cfc2
f6fefced
061435db
1ef8dbf3
08d61826
44d0eb31
ef010b23
ebc5fd2c
1a1500f8
01020315
0734f0ec
edfdc3f6
fff3060a
d21007fd
1b21f528
e71305c9
e0301217
0e031701
fe020d03
0cf90deb
a606fa17
021a14ff
fffd18f4
040502c9
aee9cb14
fafc36fa
ffbacf29
d1f6a8eb
ecda1adc
0cb40311
2234faa6
e91501ca
e336daf5
0efaff14
04d627f9
f1dfe2c0
dbe5d5ed
b3ff02d2
b71dd9f3
13bcfe07
250731e4
ce08fa3e
0a1adc12
f31017d2
071902ad
a5dcd0c8
10440be1
3d210122
fa250ddc
f005d31d
03def502
dbfadd0e
02172e0f
9d1df31d
d0ece705
f90503e6
df1d1f1f
c9f8f0f5
fb661ac8
0e31dd16
f82d0a5c
2a07db3d
da225629
cb0a0028
4bebf925
fffcceee
04ebc8eb
da1f0b34
001115dc
d009dc0d
e0d0124f
e336ffec
f2cff80b
0a03f81f
f8fb0b19
070d0b05
eb421205
12205cfe
280d0518
4e15ffeb
53d21e44
f707b61b
fd2bcecf
0aeeef1e
eef0ec2f
f904e1fc
43fe1ddb
d3fc04f6
46f01f13
140bfc18
070a2d18
192000e2
c90015fc
07cf22ee
e521fc01
e1fc0505
da351cf3
01fb051e
0007cedf
39b5e7da
fafb08f2
11c4eb35
040bf81f
f017ffe3
e7091e1d
1c040ce7
03e10adf
ebf7162e
1be9f419
071d0a37
28cb0cf2
29510217
41e60bef
d903b8db
0916de12
ecf4e6f4
f9fce726
f1d7451a
f9defb25
14130312
1c151bef
fa012550
03029528
ddd9d706
efd12e16
e737d7ce
1428edb6
04dafdff
cb0fefef
05fc00ef
17fbf003
09ff26df
6cd6f726
080e0eff
120c04ce
11b8fc7f
d818f619
ef0af700
1036dbce
bbf71253
cdaed9fc
d103276f
f1e8dc65
f0610af5
0e380cea
22052afa
0d3b0cf5
f6f927ba
f5e90226
04ee2cfc
dc18040c
dfec03d5
f60201e0
4802fc05
00ed55d8
382aa507
0115f422
1ed7c724
0c67d713
e60e05e2
f9f8d3e9
e906eef0
02f714d9
1a02fb1a
dd40ee27
f301f7f4
f72620f8
cb2503f7
30f907bc
e301277f
00dd0cb3
d8c1ed3b
22d7380c
1517ab28
d3e113c8
dd26fffe
01132600
fb05080f
fc22cdfb
aede12fc
ef0eefed
025ac300
0aa3d22a
1d1702d9
38e22932
39fc01f0
011bf601
e854e20b
00fc0c18
ebbf37ff
e1ea505a
be1e00f7
eb0013e4
0008f60b
fef71ebd
d012d9db
dc070406
ff0be3fa
be5c0c22
1aa80143
3e152922
cb098e10
02e511ca
f31101fe
e7d41d21
ced0cc0f
f739e537
fcd703ee
bf18e01e
1104e31c
08343802
02f100de
e93022b7
1bdbecc7
0f02e90a
d0cd04c8
bfc4e827
ce09cf20
0c3a05d9
27250d09
07fc1b1d
211449e5
d7050659
25100902
33d04f29
2afed943
06e3f015
07d81a19
24ac11bf
b3f0e7f2
f655cef1
f60e00f4
31ed0dea
1801452c
01362ff1
c61f3135
2d4b12f9
1a280af1
16e53cfb
2143feeb
d9d8171c
0c0419e4
01051d19
39081a02
25fae0c6
3d11e6f4
dab8d9fc
eb06fe26
fb14300e
e5014c4d
01fffa16
30ab0cf1
f82512f6
fd00f529
57e211f4
080d03ea
f72f3ced
feff3919
f3010d0c
bb25a3e1
d505f3c5
30f6eddc
e7ea0c21
3c15fecb
0a0be40e
f7fff8df
0549ebe4
ef291e25
150a11d3
f3f5e8c7
f1d02329
0604ff08
0be31812
2dffe6c4
0af8c5fe
30fe1a0b
2af434d4
f6db240e
f19a2930
fffafefd
06d3ee2a
f102fbf2
0418231b
0400302a
ecaf0bec
f707b9ef
19331f3c
0b0a0101
8ceffb2f
0ffee4d9
00240105
dbf6dbe6
c51006ea
0df9ef2b
ecec0c31
eff000df
c703f1fa
1bff2cd4
fe2e0c06
4e15e7d7
b90d1add
7feb2708
0a05f521
172802f0
211bc703
c0fccfe2
0822eaf9
ff32ebca
0b350912
b6b306fa
1216eb21
feef021e
51dc1cdb
e4041ad0
0412200d
1600db3d
1400272e
1100460d
facc0543
c7f50116
dbdbf22b
27ff3107
0824142a
f9021eec
f6e5fef0
b5d5f707
c2280b2c
cdd300f3
f9d4ecc7
f8f820cb
f6c512e4
e02ceefe
1321dd34
52145220
3916b95d
ebc4fcf7
faf1d2fd
c9030003
021377aa
1f273924
06062508
3a10c8f7
ee3b00ff
693efe36
1adff938
42ffde03
fc54fe2f
e81bd010
1507053f
2ee0211b
3e213d0c
15e80230
3cf2def8
09f9c0eb
ede2ebdd
1814ba1a
ffd3f0d5
fbf3f511
d514fadd
a7fffde8
0c06b1f2
02004146
fec42918
f42101e7
0e2638e0
d614d8ee
d65e0e1f
14f5fd23
0beff61b
f5ff3023
f94d3121
0724c2fc
da0cd003
390e1523
24fb0bf4
d61700ef
ecf9c300
b006f52c
0cc90c07
ebfdeee9
f9e2d053
bdbd31f5
edd71e3a
ddd008f5
00102016
ef051c31
08f30704
bff9d7c8
e120f634
be0be6ce
0f3e07f6
e9b902f9
f9162e11
1100f319
0afa0a35
5e201f03
101cf9d1
05fee5de
1dd9fd14
e4340104
ec1e2b07
da051c02
f90b0f0e
5620f713
f4e2dde8
5c4bd912
fb3aff0e
355301f4
d0000bd6
fffde0e7
f9a12110
3011c0e3
e002c717
75091923
2424d1b6
97e001ee
2c0fe5fd
e9001ff8
003aef27
1ba71504
dfe4c430
b816f624
faf315da
cfe80114
34ece258
fe04f3b7
04db1ee1
ffe4cde8
d3ef1bfc
04e0f91c
f703e502
eeed0407
3b36f1e2
fa261df1
3eef1b0d
0cfe2809
b0e5d413
e9c7d429
ede6ee3e
bc5c1d04
2a1844fd
0f002904
013dda12
e70b0fe4
e532e6e7
e804ff0d
fb001687
5619fce2
8c083be6
e002f4ce
fe011225
e0031822
14cc1bee
1eb904fc
3afbecdc
260901ff
32091fdb
e503a205
0be246dd
dce22312
f0ebd720
e4d5c31f
cbf3da24
2d2f030c
190efe18
ec01f5d1
031b4203
f4d0dc28
16e22307
2211e4bf
daa715f9
04270341
48ff0506
f402f5f4
f9f714f5
2a052bf0
f550cddd
0de0c9e6
d61e1ef3
e1200010
38072a1e
12f91726
07d9dddb
25f3fb1c
35ed28dc
1a1be62a
2025f1dd
ea1f0016
440f01fe
d506e803
02081d0d
0c163a10
d629fd08
20ff1d35
20ef1c1b
0c00fef8
bfdf03f5
ec070ec1
0225dc31
124ff3e4
e3451ef8
eee24fab
08e733fe
cae506f4
42e2f5f3
2d1003fd
08f5cff3
170909fc
001c17f5
16db03fc
dc0202dd
2a0e08e5
fb01fc10
f4ff1719
0315b921
3ff20b44
200f0616
316e15f9
45b2cab8
0438feda
00edfaf3
05fbd5e1
00264f06
0e29160b
110031b8
f7d6d2cd
bd0ef5f6
d2fffdef
b009dce0
f703130e
010122d9
0508c1c0
e8fc0a12
cbe62cee
03edf30b
09db040f
1c161dea
d3054116
ff0122c3
3e060ff4
fb3ac140
2617fca5
010e20f8
fbe402ef
e1fced14
eafc1137
08c618e6
ea05dae7
f0dfe904
f0c68cf6
ea32d134
e5fc0135
1316fef5
e405f8e8
ffd317ff
f036fefc
cda91d1f
c5cd334b
e8130b42
c00700fc
f82ffae3
d60304eb
01220312
c2e809fb
feeee9ca
3af50ab2
52eff1e7
28fdff19
2216feda
f1ff08ae
030d2007
45dc012e
ee0805f4
4c0854e6
715d27d9
b6250048
b909dce4
1ffc6e3c
00cb30ed
58e53301
5024cec0
e513f1ec
e446032d
0d0efd22
50dd0cf5
0efe0bde
020b0ecd
0f06ea0a
08e500ef
d9c601e2
e0eef423
b5ef0200
f1eef3cc
d5ff1edc
ff010b18
25ccecda
c0f4452a
47f60b16
1bd116bb
05f00000
0df9c707
fbfcc405
07f2e824
23eee4bb
f8a437e0
efbd25cb
0c0ff7ff
16c9fd18
061bdcd7
190609b3
06e1cf27
ee1908f2
09ffd0ec
c93af749
a8e0e62d
29fe02f5
12eef01e
ef02f1da
09b5c303
c1012d4d
31d40ee2
caea160e
26dee1d0
e43701ef
bef6ed03
090019dd
fd2913f8
e5f4f800
dd260cbf
1a08f40d
2916efd7
fbf8fd00
e70cdf0d
1df7fcd6
fc42f70d
f0001711
dcf8cfd3
fe3aa8ec
ecd418f2
ac13fedd
0006ead3
050005fa
fffb0f09
fefcfcff
fcf9f90a
050100fb
0704fb05
fffc0008
0801f9fc
0ffdfa1e
fb2a4f31
32d7dddf
f626f2c1
2325f117
eee4ed18
f1f5fedb
f908d5ef
f903ced4
f9f1b7dd
e512f1dc
b422fef0
062a14cf
01ed0dcb
321702c4
2c09f540
0b02bb10
fffad4ac
f10b1ff3
f05702eb
fa53e6fb
05eff405
2ddffff5
f302fb0d
140738fe
fecdbadf
3cf587e7
b3f4ec09
3ee1fbf4
faed1f13
d21407d7
5504f32f
1e00dbb7
0b2cf225
3c310004
ec1efadf
6cd7fbdc
d70ff146
ac1102e6
1b2a3e2e
02001c5b
fb001016
fec3d6e2
bc00d11b
0ff6df07
33e5dc26
fb1602ee
0c07dd25
1a0151fd
02083211
f817221c
394e1ac3
02550917
e30c07f3
1a340110
f11005b3
440414d3
0b43e1fd
eeda04ef
c42f3314
09222f01
bbc80522
0d3501fa
03fce4f2
0501e9f2
07070705
0b5bd803
eb51ce21
fcaa3316
503a073a
163103e8
bb49df9a
c902023c
032841d3
5fdf1413
2d38180d
e2fade24
0817f7fb
b6e70126
f6291ef9
37f8edf9
fff3ff30
d93bd9f7
0cc701ed
8fca1823
fce7ce58
c6effd18
4a16de0e
4bfe220f
fd5b11f4
f4e5fe25
29e20bf8
2f07c507
e8b6fa01
d51cfeef
cdfcf607
ed0b1805
103b01f3
3cf616d4
dcebe821
c8eb3b29
06f12449
fcf007fa
2d2b4b04
e3fd18de
fe0227d4
380dd51f
0f20fd24
120cb113
f007da30
e3fa0317
36dccb03
c2fef025
fdf71a10
e4c62525
fd1f0a25
eb0cde2a
4013de00
e52d0009
163918c6
4a0221d6
09ef2eef
fc253c1b
432bd403
f0401e19
0ccff138
172502f0
04d82d15
0a130c09
02021301
ff0b62ad
922c0de9
0120f812
01f7031c
fee804fb
bbebe8fe
1301f3fc
03eb1c0e
f82d061b
0c81f6ca
a8ed1b35
e116f222
fb2e02de
3b1319d1
0f003807
04c4f7fa
f2ecf82c
f4dcf2cb
0de4fe13
042fed26
d629040e
0c230de5
eefb1c4b
04b638db
ce1a303a
1d011e33
fce9e11c
134d0661
f01dff29
09ec22f3
a5fdf8be
00fa09f1
0743f70d
eeeefb59
e3c5242a
35d733ce
d8180229
31f9ce2f
42f937d8
f8a82301
eedae2d4
f5ff14c8
3a2bffed
ebc5b62e
a6bafc11
e201dba9
02ff1703
f817f9f7
a2d5eee7
c9fbf717
d6d40ae6
03e90ff4
ec0d0018
4006d406
f2010810
041bc00e
0c7ffaf1
def11842
420200d1
024f0c4a
94d103e9
2eda182e
0e061a09
feb0d4f5
4becc3d4
f037dbec
39e1bc31
1b100ae1
f72006e3
261a012e
290207f9
f7dee613
05e8caf0
e7daffd2
1b1ef8b7
030cf904
46a80013
4be9b3ef
1105c6e7
08f69ff8
fde60f06
eb1fdb23
cbffd6b5
a5ef0bfd
31e70417
06e508ff
d7f9ffd7
030af4f8
ca2f1720
210dede0
e7ed2207
e2c700ff
f057fdee
00ed03e0
d9ff11fc
045442e3
0ed628cb
14ddf7e1
1cfb2efe
24ecfa37
1dc6ffff
00091cda
c4090cf9
026757e2
330fee09
ec4a0d4a
17ffd6c2
1319e0da
c00f043c
f640fbe9
360503dd
fc080601
140acbcc
e825d917
170441e7
ceb104f7
a5c002d8
f51426f9
f802fbdf
fd6c973a
f727dde9
f8eefe2e
012d2bd0
e5db2c0e
c5d9ff09
0bf51ef6
db02f013
040cea12
54f5ea23
f62a23b3
4e03810f
e8e1e424
212704ed
da00d62d
bffed2b0
faf12af5
095722fa
d21b0303
cd345331
120c250c
00e8fded
0be2fcce
8102a1de
fffe517c
18600125
233ee0ea
24b01732
f1322c24
ee0804f3
04380f24
fb03f819
00d83b96
1300d00d
0b201b23
28cf1ef4
48f79c05
ec320500
150b1823
f6ff1414
00e3c228
8109ea4c
11e981ec
c6e82ed2
fef4241b
dd22010d
15f113b8
e805fdea
fcf44204
f250cb41
e3f4f81d
07e7683f
fb19e4fc
ed1908d9
f41adf81
f0f40c13
fae75115
1301f83b
24a50aa4
b7edca31
2e71f31c
033dfc1b
06eef1c1
f700f131
fbed240f
f514fcf1
00d1bcfd
f301eecc
233eabf3
ec1d01f1
16180811
e7022e2a
f703175a
51f3cadd
e80ce3d1
08ccf511
3850f3e6
20caff16
0320f4e3
13fed4bd
02fd30da
42f9fcfc
2a12d6c0
fef9ebf9
e90dd209
24d9000d
0fdc2f17
0efd20fe
042713ed
00250c2b
340d14fd
32fd19ff
f10be514
f9f600e6
f3f41ede
fcfdf8fb
04b3c707
f2ec2757
35efd3fc
fd3fdf1c
e1dedf28
b62bfdf8
e229f912
0e0350cc
059e26fb
3fcde608
28b9f722
09003c0d
e381e909
f00b0304
02e8f2fe
f707b6ff
09df0b17
d9d8dee7
e41ce7f9
a802e716
b4efddf4
093505ec
ef3513fb
19f9ffcd
fc52e7f4
d212972e
04f3e4e8
2543c5d5
d8990c47
2f3d03da
24c0f33b
31fecc25
09eaa932
c5e01400
18f70ced
ef0bfdec
dac60d5c
0a3d01f5
051d1b63
c8fa0117
02ca67ed
f52be8f9
14fb0026
1ce8f138
fe260b31
2f2cffff
2efbf704
eb0041c7
feee440e
edf5d5de
03bef006
c3d4c9ed
1f16cde8
ebf503f7
3008d926
1cfdeefb
030fb715
25c5010c
fa200f16
0fe8e705
21050d14
f6080100
e40719f1
f3fd0317
06ebb31e
c6a616f6
3887dedf
8ed9e54a
bdfbcbf6
13f3fd02
fde331cc
22f7e825
f5edf4cf
0ed4a712
09c009e1
eeefcceb
01deb8ff
0929fefb
4b15e910
17051ac9
071b7acf
2fc9f9ee
24100120
4a13f2ea
cb04fff7
ccf9050c
211b1b56
d50100e9
0524090c
e9fff415
cd500449
3c0f2c3e
16f505f8
d6f303d7
e5e4fdde
3afdf60b
011bec58
0b03f6ec
d8d30e19
f4d40744
2733c40a
e70effcb
e906f5d5
05011ad7
05f439f5
1ce31c2a
fee6db01
f10701ce
19fcb8d9
d22f033a
d3120431
f502eb2d
fc42b5fe
a80dd9cd
c8d63c2e
0adc0fed
dd1428ac
a8ca02ef
f5f701f4
bbfbfd9a
f93d340e
080c040b
eeed0802
06f7e95d
f4ff0e17
ff21fef8
2830d7cd
1603f939
fdcffbeb
e6efe9fd
e6ec0024
d6ef08ed
e71812b0
fa03fef5
ef3e3fd6
fc0472e7
ffde3e15
0d12f0f3
12e5eef3
323029fe
21ea1e32
f4060417
620b1c05
0b0125dc
fe32f007
ac07b8c7
d60f0819
d6d02fec
f313d80a
f1c204dd
e1f6d5e1
f1f73afb
f6ef40be
06d8f1fd
ea0e1729
403706ce
0c1b0d14
0b20fde9
5acaf30b
b60167e9
011a44f7
e4f61826
ee022e0e
ed1c37c3
c1000601
31080101
48e60f0f
ea05f9d5
0603f1fc
37dd133d
08d20b18
fac9c53f
0f030533
134502f0
27eae364
090141bc
01e4350b
71daf910
0919e900
f102f7fd
1d24ecda
c5fb01ef
f4df04c6
08031f12
055c2f47
f01a0602
f2ded823
e7faddfb
11f40de5
460c0310
0bf8f9cd
2602e9fb
07cae500
d74efe19
1306ee04
f92c03c2
e8e2f44a
14eb0219
16051eef
c904a32a
00054ce6
110510ff
de121ac7
d41e0e4a
fb19f62f
d0ed021e
ee05f2fa
0fffeeb9
fbe7eb5d
6410e921
f6e3ae0a
f914f945
af24bce0
f02d020d
18e9c82e
3401d80b
fff5adea
f9c6a7b8
d19a132d
e7a51615
e7d734ac
0eae040a
eb03cdec
cefdc607
00ef1e22
0635f60a
2617effc
13036764
4fd0c431
2a14030c
dff5d49b
c0011832
06d139e9
f6f81b48
1734d917
d9fb0e05
1c2bf9f7
2949010c
fbd9ed08
0fffcb27
fae5fabf
0b0c14e8
ba41e95e
fa31fef6
fc0becec
1ddafd00
f7dec20a
14000e12
0ef7eaca
15fff10a
410d0d58
130bc719
0fea0de4
afe20104
fdace63e
6601c626
03f2c19d
c714b5cc
eb18db34
08d9f3e7
dadfed19
13d602f7
3239fe5e
2b02fcfe
04ebfe53
ec021843
2cd53aef
040be902
34071f4e
13400413
0afb19fe
f4fbf7e7
fcc91f06
3bd6c521
07cf1e02
3f121533
28b8e114
bb1201fe
2815dec6
f202e71e
fe0c2b16
3028fb1d
0106c7fe
430dccc2
1c4a6906
f4f80005
dce5f66b
02f9b7da
fcc52d20
c318013f
0d02f513
36ff2221
2e27e1fa
01330019
0d280fe7
14051fad
038d08d5
02f7ef2a
ee170416
2906de1a
f229cb26
f3000310
0cfa010a
0402faef
01f52506
500612fa
f7d502d8
0ff610e9
06d9f3cb
262bfff6
d310fdbe
2f000c1b
f5eecbd5
1a4ac7fa
db1fa1d6
1f11f7f1
2d2f1cf7
160200de
3de1e4f4
eb011642
fd01ab3a
d8c7f002
edd906f2
df241424
1dfa0eef
194804d5
28f219d1
e403052f
07a45a10
f0f4fcfe
1232d2f4
11203807
c5fddadd
35fe0415
f7ee0fbd
e8fde2ec
03171e38
31e11a18
28db04cf
e4355245
f9f3de10
de03ff3c
f9f807c1
370112eb
07cdebda
d018f3ee
0bcaee12
ba0d3132
002ef7f0
08d702eb
9bf2f4cb
0f08c344
02d309d5
caf501ff
f0230f24
0eda1329
291b13c4
25ec0201
b41815bd
efff0929
02e9fbed
22f9d8c6
e2fb02f3
e6f903f2
f600f808
27f802e4
01e2f708
3305e4e3
0ae5b92a
e508e8e1
f1b632f9
44c918d9
c6181b12
c3bc0213
ceeb35ed
0f06e7f5
04001f02
0afd2aeb
ecd1f319
00fa06fb
eef90ce9
01f802ec
d1fa0afb
3d072acb
00cac5fe
fcd7fbea
feedf003
0d070a09
13bc2af0
ec2205cf
18311308
e3fe4e91
fddf16da
e50801f9
f63bc524
03fbf9c1
b8232117
1b0ffe1d
37fbfe00
10ffe60a
fc12b438
13dfe1e2
f2d116fc
cf1be161
1f2545f6
01f701c1
14e5fe28
c807cefb
ff1f0d19
28e317e7
e11e20f5
15dd0fd3
10ec20c6
3dbf0119
b2f613db
bcf728fc
fbca0d03
22cb2348
12f41616
f338fbe4
a39c2a0f
0855fce4
ecc2e0d6
3d051809
fc472c17
ea2e0811
e9cad217
ef143343
633b81ec
32ef0105
e1291be1
e3032124
0835c917
d11b0027
17f6a106
13f4b520
e2eef700
365001fc
11061ff0
550236e3
00120450
f93bf33a
1ef354e3
330f3fcc
30aad339
f73102e9
12dd0ee7
1efe2ab9
03eaf3dd
192f1541
35f3e820
e0c91359
1101ccf8
0533ff0a
c6eafbf3
a801bb23
0640d631
13d202cb
f2e006f0
20d1100e
12ccecd8
c8ed000f
cc1e10e1
00eae114
ecf3c4f5
f5057f8d
2cfa04fb
01f303ed
0505fffc
13d8efd9
4e29f1ed
1dfcf3c5
049504df
06fefce8
ee00b4fb
7117d4ec
14050434
5c25ffcf
01f71d49
4f01092f
fddd0f24
03f0fe0c
21d8ea13
ed2edff8
ec26111d
3af1ffec
f8f33307
fa13e61d
14fde615
2ffa6235
f8090d0d
efeecd03
2506ead6
fe490925
f71a7f23
23fdc005
f424ac4f
0604f60e
ffdf09f9
f6f0ddee
fbedf421
d016fde4
1cf6beed
ad01e920
fa136403
1c12b3ed
cf5d2922
1fe8d0e4
4a1b0ae6
e6e602ec
b118c1e8
5901d214
ffded43c
62281d13
1822e5d9
f711a9c4
fd15f421
39e0fe12
05ce2366
f3ff39d7
03debb3a
16c625fd
4de618b8
0b34cef5
23fdf5e7
2bf9fdf6
15050622
670264af
041ebfe1
f205d2c8
db1238d2
600d23d1
1bc6f641
fae603e7
3b33160c
fea413de
f5eaf608
36d5dfd9
fc02facf
05f809fd
fa04191a
ea2556ae
1810000e
15c8e810
201602d3
010832db
021411ef
f9060909
15121118
f3301ae8
11e31cf3
0a0b17e8
44f62fb7
eb0d4a23
171bb8fe
f2fef6e5
231cf2db
0beff601
13f7d3fd
f5ccfaf1
fdf5fc4f
f01c08c0
fa1204d2
f60808e5
09f6f3ee
c4e6a11e
07d5dcfc
bb36e8c5
d41e19ec
e9191806
0208f9e5
fcfa0601
d4dd04ba
0deb0c2a
f6a6fa19
053b30fa
1cd11273
f3d9a0f8
fe0c4b15
07f60006
fce01cdc
19e4ccdf
250c8ce3
e302dc0a
db111fb8
15f825b0
de2725f4
1301e70e
2a08f3de
a1dff81e
ecf6da2a
05caea0c
f0daebd7
062feb18
e8ed1a42
0c05fc09
c4fce604
f207e1e5
e9f7dc13
122c04e3
1adc171b
10160302
09dadf07
060d06fb
1dfdfa0b
dcef06f2
11f0cc13
120fff0d
0c001218
07fc1501
0c05ebfa
fe0efff6
05f0fce9
ef0df9f1
e9ee0208
d2fd0afe
fa1439a2
e5f7edf9
ef1426e7
0607ff10
d7050cd9
d8c6f51a
09d91012
0f1200ef
1dfe14f6
e9ddcefb
f1ef2ce5
01f60c0b
b600d2bb
f61a102d
0eadf5fb
1b2ddf1c
012bf4ee
1c1f4e27
fce5c8fd
0e1e0512
36f7d9f6
0e05293a
d8d451f9
22c40e01
faf9fac3
17fdcc1d
0601eff9
faf5f5e4
0bfafb03
c60f232b
f4e197f4
017b1e1b
fedb02ee
ed09fbf1
06edfd15
100b0af5
1afbfbff
dffec53b
eb49c92b
2c60f604
2ffcf009
050c3007
1501051e
f301fc08
1e1301fc
f40604f0
131d08e3
f86db931
de00dd0d
0038160a
0850d9a4
2cebf319
ddb8f4ff
14d02452
f127840e
ea1ef926
e71ae423
164040e9
1500e62a
0c0e0ffe
aa0adb0d
d316f021
c6fab726
1ac32c0b
fddefa2a
fc060204
29fc0126
f7fb09f5
0107f903
3f05efe6
0615d80d
f50af305
fcf10ccd
0f1d3c17
120edb0e
fc0c090d
2106effb
f3ff2c1f
ff164907
f6c7de30
18feed6a
36de2c94
ddf83d1a
141fff03
1e010219
b918f6a8
0b1659fb
342ef203
300cd919
19fa2aef
05e0f90a
0e0a00ef
2a110101
f5ff1adf
ff2114e9
24e1f002
fd0ed402
11df26e8
04eb2705
f9e2f8fc
290be8fb
f01e4110
d30cd40d
fc1707ea
29fd2ec1
f60b0a1d
00fd122a
f9fafb24
cd1ad7e1
41e7e4fe
14ec1d13
1edd0027
21f6de2b
eae0e517
e9113207
1407ff09
1002280a
040abf18
fcff17ec
d8c8ef36
e3f6d3f8
11f607be
e62a2403
00eee8ff
3c082018
bc01ddd0
e81efa03
edec0f23
b5f7e6e7
0d33e11b
02cb1944
002e0101
c9eafb30
27fbe005
0bd0d90b
04300f0d
0129ff41
0cefdeef
06e801b6
01e8f9fd
f21d0f17
0be54cef
f613b408
02102c09
fb062b17
f7cfe814
0e12e7f7
fef20002
1df8e7f4
1bef21d7
d8f3eb2d
ff02e1cd
44311339
daf81bd3
f6390edc
0fda020a
130806db
f2f746e8
021011c7
e6e51505
cff813d8
fa19a810
fb04181f
080bf601
f0ec1c1f
0fdf44f2
271cb9fe
fc24180d
d5d20b24
ed1535ed
0a14190d
f9d31313
09060603
00d50698
e84ee931
f5faf2e6
28f8e6e9
04f11d12
fe29f520
0cf40911
df05efea
1219ed28
daed301b
21c80f35
25e9bb0e
bed6cdbb
f2f444c6
f8ede3ee
f0402b33
e4161c68
dd69adf7
20081ff2
ee0afada
f9f5eb10
14fda6c6
04e81602
280df512
feff0221
e9f2ed3c
1a55f30f
42e8051a
02c92bd5
d7f43bc6
0713ff1b
f825040e
dad40dbb
13154e04
e53d0905
d700f4be
fa3ad31a
f4e8fb26
190bfb07
2bf8060f
02091818
01eaa31a
09bc14e0
d7fbf7e6
201a1410
15f0d303
f5190706
1e07e4fa
25201c2a
feb32823
b727f0fc
1009201c
e5122cdf
0220fae2
0ae30104
def403c6
f8edfda5
0ade02ef
fc3910fc
f70cfbe3
e11a3f0d
061ae501
e703f2de
fb0106d5
d0bfa8c1
f3e2f71b
e8ff1c02
f822f3ea
2300eb3d
0bfd08fb
0115f904
5bfc13fe
390311f6
09e4c0f4
3c28ed27
05f40d24
0226fe03
f0ed331a
ff17fe01
dd02d702
e9e6e6ca
fcd8e8f1
f2120f24
d0f8e3e3
f501082d
0effe60c
00f701fb
200ffafa
0d1bea47
dc050011
eae91c02
e004fcff
0635411c
20edb127
e1fb0cf3
c611ebef
340f001f
ee063212
e1bdda10
140a15e3
0723fee7
fe01060a
ff1b0b21
161efdfe
ef20f839
1cb01b14
0604121f
0f0d0a2a
ebdb41fc
0bfee8d1
fffefe00
1c2ccbd5
13f5f6e4
cfd33a07
10df10ed
1cf8fa20
f0f5cacc
0b151e06
f9da0bf9
f6f80f03
f80701c8
fe27e210
28d13d08
0afeeefb
0dbbe00b
0e24d0f6
e904f2d4
eb030f17
1213c513
f32bedfe
f90f2eff
1f1a0f0e
f7c60218
24f7cfd9
e6d706e6
f7190e06
12f6ceab
e431f708
07eb2811
19fe1de3
d5070f03
0e0df3f9
050efe01
1c1c19ea
c3fde7fb
03d4bd02
15ed2010
e006facf
f74ad5f5
21f1c700
fafa00e5
22eeffff
07427943
192094f9
d5f5de23
d517d6e0
2afbbac1
e50c45d3
0924f80d
7fe7f348
db06f254
d0e7d627
ca15fefb
ec2803a3
ecf90a23
0a1be8cc
f2e2ffe8
cbfd1d10
0e11cd16
05f0fbdf
1ddc1015
090202fe
fef6e7d8
f6f3dae8
0b1002fd
f9f5fcf7
e31d0732
12fa0c00
f6ef0af5
de02ea4b
ed00bfad
f00f07fe
ffc9faf1
3900f3e2
d1fee61c
e20fcc04
1ac31107
091805da
f9190d00
1908dc0c
fde704e6
08fbffc7
ce023ffe
1301cfbf
dd911ae2
22f30cd5
f403daf2
0d22fdf9
05d6fdf6
ee0efdde
ef15d1d4
28d4b9eb
ef08d7f2
e4f1f720
257f57f0
05ac0045
fd100923
1f0b000a
170746ff
0f072fee
e50f06e8
08052aea
cd1f2d22
1f2df2fa
f5d81303
1303f4ee
eb08e6ce
2ddeefce
ecfbd4ea
eefa0ed6
fc1f0eea
f7edea03
10f9090d
24edfafa
d41f0315
05d91910
d90e0fe0
06f026ca
eb12ff0e
0df220fb
050d0c09
02f40700
f5ebf9e4
08d7d306
e7011be9
dff5e1f4
f40de72a
fed6e900
060df3ef
28ed0e03
271a5211
1b06d1fb
feee10e8
f8140fe7
04e9fc17
1606e22d
fce6faef
1b02cddb
21411e13
e6d50e09
c8ebecf0
03eff80d
3544f7d4
03394a12
05351115
47faee36
e31bd107
02d70417
fcc6fe0e
0afedffd
10dbd119
f101d164
fd07030d
d6e9e802
5536ad38
ea345403
07ebe602
e5f8fada
0b1eddcf
f8ea1231
fc10fa07
4bfaec0d
f7fb26ff
ea00f134
e7c103f5
fd0006de
32e6d8ea
ef0b1ef3
08f2fa0c
0412f3ee
dcf25ec4
14f8d4f4
f00f10f4
14effada
0ae70c40
0beb0505
edf0fc03
e8170d07
10eded0a
12fbf40b
ef47f0e8
e60133ce
f503182b
ee181e20
08edfafa
ecfebb97
dfe914db
228ec8ef
2c0e0428
f3e6f4c8
f4f0dedd
1f19faed
fe06171b
e3fd201c
e32711fa
df36d350
0aebe00a
07f7f3d4
e5171de6
fe080b08
09fd0200
1af91604
d10bee0d
000bdb03
e5fd421a
1706fb06
06e11270
21feb213
f0ed00f3
d42bf6d4
5e33f607
f4ddfafa
e5aa012f
c3fbf58c
f528232e
14f8ca3d
f3020805
011df328
0d1b06e7
e4212128
0fe02bfc
e50f04e4
01020cf9
1505f708
f2030300
d8fa02f9
f8e90c00
001cf5fd
e72a2505
04fb2930
caeee3f4
081334eb
eddcfd0f
d7fc0ddf
2ad00f11
193000df
1afb04f6
15fe200c
0cdef3f9
fa181616
0713f304
00fcf2ff
06cd09ee
02e7f910
29e6f2e9
140200d6
001b02fe
fdfce6d6
07fc0505
31f7effc
fae22130
f9e5e1f5
0215b7ff
02040af4
fdfd02f4
dcf81304
0b07faf8
0202ff01
490ef80c
030400f9
0e4a1d02
ef0b0308
dee4141c
0fddeed9
fd1fff08
af0614fd
6b02fb0a
1bfb24f8
fef113f6
34291c23
08d72813
17de02c7
edf40202
2f23100f
e5210de4
170401c9
c4ea1d1f
c712e1e4
08eaec48
15cfcb08
f5140904
0a02ff12
6000e02e
e1fb4212
093efae3
17f6f104
f22af724
19f30507
fbe105fd
dd01fd0d
28cd0820
1b20c1f2
ecd31803
fdfd182a
f8092512
03fcf82d
fdd9ff06
ee16f0d4
f900d804
fefeeef9
e2effdf2
fae91bf8
dcf2e301
e2d61905
1bd6f702
dc0fe5e4
d00afe30
e7f4d912
dc05e6de
fdfe07ec
22ec120b
e9141403
1c110010
0bdcf10e
16131038
fde52bf9
f700fdf9
fcfff506
05030606
fbff1504
fd010105
01fe040b
07000311
060900f8
f711e205
1a0cf6ed
19e7eee6
f9135a01
f6f20200
18120b4a
010c052b
cf3a1d06
fe03f616
f3f11ae1
f6ff0710
03130b06
fffd0307
010af2f5
d20b33fd
16f4e800
1cf008f6
1cff01fc
fbe4ff14
11fdcff2
eafd01f5
c30f131b
0b270b26
f1313c07
cd05f80d
d826e7b9
0728daf8
f4dc2a0b
0215fc17
fae9fe02
0f07b9fb
18cff3fd
cb281513
f0d5f3c7
eafead35
12fa2f3c
0cfbf6fe
2cf10001
07f81a12
0c168e0d
000dfafc
e3f708f2
ff1a101a
0d03ea28
04f500f8
e3f804e4
1d05160a
05f6fa11
1f12f416
1722f40a
1612d30b
00e21b2d
0a15f907
33fe00e6
dd261107
11cdc7f0
f0e1ef13
e40deacf
13f62b21
f014ec25
f0e001fd
d7ee0707
2e1d1618
f12467f6
f41802fe
f1062d03
100e22f1
00fc03e5
041501ff
ea20fa34
19de1514
e5340902
3a14f9cc
d3ff01eb
fcf5f22b
441001f1
e8141407
d2fd13e9
fdd050f5
350aedf9
f10a5406
f1faf060
08e7f240
1dd4d0ef
f500fdd3
ee0620ef
14f7add8
e92eb50f
ca0c01e6
dafcf1d2
e00e0bf4
f425fe0f
07dc0719
1edeeff2
13f3d41e
fffc20e9
12ff16da
fbf4fe14
15fae8ee
f7d1020b
0c04fbde
e610eafa
42060e32
0b15f2f8
06ee1ee5
ecf11503
eef0d410
1de80d1b
f416f2e4
23ed0bf2
fe0001e3
1ce7bcec
2d0a0633
090aff04
cfddc50a
feff1b38
fb21fc09
0204f600
003112f7
0de3e9f6
cf082bef
1b1107f4
e3ddeb02
ff29c8ed
fa0304f0
eb0a2626
2a0fb628
e91419fe
19d22302
14fefcf1
e4cbdad8
e8f303f8
01f3e0ed
1a091c0c
040deac9
f232dee3
00f302fc
f70605fd
fe010202
01f8030c
0307ff03
03fe0602
fa080c0e
f00aeefe
f2c61213
09fdf315
0e0311db
0523f6e5
010004f7
2c01f410
e42e3ff0
eecbdb16
1a3821da
14b92df7
dff60e2c
1c03dc25
ff020ff9
cc0702e3
f9d703c3
4019dbf4
fced0cf8
250b1ad8
01a216f5
f536fdea
fcfaf8e1
ea0af8f2
dcddb80b
f7092f0c
e9101ffd
1f062cd9
2efff52c
1512f8e9
f40a060f
e00b02f3
31f0c7ef
37adc1dd
122402f8
0609fedd
101a1705
ff01d7fb
0014ffee
dcf5020d
6ef2fb2a
111309fa
1008ef0a
0d16fe17
11f10b1e
f00814da
09210302
d9f009fb
103b29ff
23d626d9
f41d09f2
f100f63b
10fa03f7
1315e5ed
02f40602
fa1aedf7
20f50d28
f91605f5
eb17fe03
00faeeaf
03252d15
150ecef6
05f40921
240df601
29070c38
191b20f5
ecee02d8
cf17fcdb
f9fccb44
ffe6bcf9
f406f9ff
accf22f1
47f3f21d
eaef390e
031afeec
03fb1781
01060926
f522e8f2
02f5f2ee
0de20ef4
ca0717dd
1bc0d7e9
110994fb
02fffa18
fee5f901
7b081402
5b0bfa81
01080407
fbfe02f9
0c00f1f9
12be0407
201606fe
4308e7ed
07ebf52b
0d0712f7
3ff10309
cf08e30e
e70bd820
03f213f7
0a02071a
ffea1a1a
05e91bf1
f7e8f8f4
c91d00e8
1f0c0f19
1ae1dcef
0826f2c8
ea1f0de5
0a181e0a
f604cf1b
0bf8fa06
00f7e2f1
15f1fce6
22e005d4
2dd1ed28
25ebe6cd
e100e0f1
fbc42704
fcf9fdf9
322f0b2b
dc21edaf
e702011e
d22eecf6
011512d2
e74a1af7
ff05042c
09fe03fb
11f6ec0c
06ea1521
050f06e2
e30e03da
e013230d
1004fa03
0909fb11
04ff04fc
f1f6f2fa
f2ccd9b8
11c0db0f
dc302bfe
fcedec11
d4edbe2a
15ec47d9
fdfd0606
00421a1a
250144d4
0b1cb01b
21170415
f8f1fe2b
1325ded4
f8ea4204
0e14060a
3c180124
d0e810cf
07fed821
e43ef20b
f3152604
12203de2
efd71702
0e1eff0e
f7f2e9dd
08def1e2
f4dd230d
d9e9f3de
0c0003e8
f4c9f60c
f2f70601
f5df040b
f429e6fa
1202f7d6
1ce525dc
0a06d90f
012d0212
05fe06d0
f7ff1c04
f8030315
e40ceafc
10080521
f8126101
1b3a130a
12dce636
13e2f638
0de5fcfc
f20efbe8
f3240406
0620194d
121ce713
090d12fa
ed150e0f
f30000f3
09e0f5ef
fee8fdf5
2211fe0a
05daf5fb
2016fede
f4940c66
dbfe8cc1
69c5e3f5
06d14260
fa62f5f6
5c2f9f60
1573ed02
b096113e
e2f3f006
10280020
0f182308
00f1ef14
fd2e101f
14ff042d
eef1b618
0fff53dd
12df29f4
27e3c9cc
f8d5c92a
091205fa
fdf1f709
eb23fa51
480b1524
eb42b914
1f1f231b
10020c29
e8f80222
1c09e4da
eb0200fb
f7283207
19e9fc14
0d30d803
3806250c
0a0ae009
e6f80b28
19fe0518
e4fce1dd
fd2502d5
100217f3
f928bdfe
dedafde9
c1fd15fd
e63b0bf3
ffbbff1d
f6f703f9
ecf5ff0d
0a072bca
1bf329ea
f9220315
23fdd91a
f048fbde
13dbf809
0ff21b16
0b270d38
dbe4cbf4
e921020f
eafe081c
ed0d1607
e5ece501
f70f0e1c
05dff4f6
10fddfc0
2f0d44cc
eff10b15
fdd723fd
e9fded1c
02ef0419
05a7f813
fb14fef4
221cf821
0a14f7cc
02100e09
02de09fe
2409f530
02be19f5
060bf301
fdd9f1e7
fc1ae8ca
25261e14
ee1528e1
ff0cf801
09e4ea5d
280d0b07
00e0020d
fee40815
c3051508
061927e5
ff4e1f00
cfde1419
f50c12f9
e70dd2f9
06d8fbf5
f41bf70b
dc07050c
1820321a
f8e6c6f4
1dbcfcde
e5fd1d47
fb0f02ee
ec1eed22
07e004f9
36f3eb15
f7f2cf22
120521e3
370319f4
26001e2b
d924ff09
12d21337
ea171201
feec1f01
0debebc3
232107c5
0d010ffc
ef05f6e9
2314151a
13e1e3f8
ef3405f8
5608f82d
202dfa1a
ecec3233
e6c6fbf5
0de8ce3b
2ef5f6da
e6ea1ce3
07eb0811
1a23133a
f80dce53
142d0b01
f61f0fe6
e3dadf35
fd10030d
24dfc9f1
e317f3da
1f0a0d10
f7dea35b
ef1ad229
d43ef6cb
1a102912
040fff11
f70928d2
0815000a
effc0503
e8b3cc20
07d1e4f2
331a03da
f2fcf609
eeeee3d6
fe012aee
f2e803fb
cd0f0319
06f3fbae
0b1ede05
041b053a
04fd121d
06ccdae9
e52a401e
08fefc0f
fc06e9df
fd24fb06
d729ed1d
0e4028f7
10ee0bd5
f721f146
27f302ee
fe060df5
db100908
20101e1c
17f7b8ea
e42604fc
fcf61024
ed071b14
0b0df6f7
0ce30f0e
26f5ecda
17f406bb
efec0407
1d3ac0e9
12fc024d
f2030e81
eaf73fe7
01ff0a0e
31e112f9
8c29c4c2
1c1815e3
04a8f124
0dece9f7
0115f2f4
06180e70
f8110cfc
3316ca11
e9330abd
e1e02411
f9650218
faec0d66
f5081417
0fe5141a
fc14f802
110b07d6
24e2e0f9
010a150a
c3f018f9
ff080c0e
2d03d1e8
f1e41b21
04e6000a
f4f9ddf2
1ed8aec0
f4e1fef7
dc1ff121
12f223e0
22391741
0deff312
01280f09
f608f0e6
11110b25
3e9f0ed5
f81bf302
24172114
efba2f25
fa13efd9
fce9fa1c
c80ff4ba
28f2e1fd
06135fd6
02e9f62a
d5cdcb2c
f91bf828
0cff0631
fcdb1d0e
e9ff1419
291939dc
ff432d1d
f42431fa
1e03ff26
c3c8ed0c
0c26fce9
faf300f9
c1f616ef
4cfbfff0
f2540cf4
ff10e307
e8f6ddf7
d8f304d1
f32153dc
fae90213
ff140f2a
d8ddf130
fe45121d
212ee01c
1a12ebe0
101027db
fcdd4327
fb200c1e
f10aecff
da00e8fd
f1f5251f
0af813f6
2c00e843
15110ef1
131519f8
e9dc0a06
1415eb0c
3608f804
f8f1ea12
02fcf9f3
241d2522
1fed061a
f4fad6f2
02fefb04
0de616f5
201b1412
060a29d1
12280800
230033d1
eefe142d
02f2fe14
f2250109
0c1f0d05
340a2ad4
05e73e00
0efbe2ef
4b19f117
15f521f5
ec0015fb
0a24f801
0114ff3c
0b17efe9
03fc14c2
f9db00ef
1604f603
32190fef
04fb14f0
f2effbf9
3bff011d
16fff9ee
09f4f9f8
033cec0d
e7101b18
0d162ffa
f9d419d3
f1510502
22fc05f9
d3fcfdeb
0db3eaef
2b02f5f7
f6e0fa14
19073f06
06d82ddf
ea2f03fc
be0be519
fee9d3bc
09d01707
f02926e3
f4140afd
24fe1150
24cfb0ed
eafbf9e0
2e000b0d
48e80826
30eb2de0
24e7ee15
fb20fb02
cdf9ffab
fe0cfd12
01df07f1
16f0dfe2
a62b20fe
cf4be502
06edfef2
e0fbf6db
ece714de
00210ded
0a02ff08
08ff06e7
d5cbe3d0
f2f2000b
e40e10fb
d1091805
f4174c30
ff00c8c6
fe14f3fe
ebfd03ef
faf8d855
00d6c1ed
0550e1f1
12e5f306
06ea2c4e
fff515f9
fa04ef04
d2f6ebc3
45e528e7
32ce36ca
23e6ef23
1ffef941
03f60eee
fce91222
ffdf0405
2414030f
f7293bee
0b2800ef
e51ef1f0
f4ea0dfd
e8010819
0cf01602
fce1ff03
dd17d1ee
28f9f4dd
f5f3f204
1509d50b
23eff400
1a181fbf
f213dfed
031709f6
6adaec22
bd290f20
f0d426ea
0517ed10
c303fff5
1414f00b
0ecbe70b
03f00f00
0feffe0b
e310f415
fbfdd12f
2308e811
230dd914
ff2a01d2
ebee1b44
f8f4fb0f
2f1aef1c
0e01fb8c
e74718f3
12ed34fa
ff07f11b
fac0e219
0e0fc9e1
f3e8fef6
080e31fc
31152fde
1c3ef7d4
0fd7e92f
f8e7f410
102c120c
1f13cc0d
f4ea1513
2b15cee2
0c21e348
fee61700
260c1311
10150226
dcedef0b
00191bf5
0b0a01ff
e9010deb
f81d09d3
e505b0f6
ecf3fae4
1cff1709
efd309d0
fc06d38f
fecc0103
c5163525
e902d11a
0131e706
f807f1bb
34defd12
fa12d7d0
faf22c3a
08e409fe
4ae6e9df
df0900cb
1bc4dadf
17352ae1
14f01aec
dbddd821
1b190205
f8dbeff6
1513fb0d
22bf27ce
0f4fcbf4
c3e30a02
0404032c
3a08030e
fffbde1a
11fb0713
e214f402
3acbebd5
fc102b10
48f03315
fd13d434
05cc0b1f
1b06e8ce
e7140cfa
e51ffe20
302d15db
e4201605
10e20913
fe2525fa
daf80128
f8ebe200
03060707
fcf1f1e4
3ffaceff
f4a326f3
060800e2
f80429ca
f74e0e1a
08ffee00
07f00d08
3001f003
dae6e04f
0ae4c3fb
ef1a3111
0007111e
1be4e823
13fb4afe
eb2e0206
ed0d1dfe
34e7f0fb
260cf0d8
11fafb07
101800b9
062ffbfe
06fece19
00130206
01fff124
0201311e
fbe6fced
0d250116
d10316cf
11fbfa24
eeff0001
0329ff01
c8e6fe09
0329cd03
ecddec25
f5fcf5f6
12e51008
b106f1c8
fe0c3f16
fbe8f7fb
f416f1e0
d8deb4d2
eefed541
04f7f4f5
070bf1fd
f1e5e701
fdfe09fe
fce102fe
f1f7070c
f7111ed6
0d0d09f7
fcd4fb18
0d08e934
3c1fe2ed
fbda09ef
072c0306
d5ee1530
0b3630d1
fcbe0d07
de291eff
faff0a2e
f4df09dd
0111f2e0
07200614
fa021915
19daf101
f7083afa
262fec17
2f14f510
0be4102f
f310163e
00fbfefb
cbf500d2
fb043dfc
0d3a57d8
091d18e1
06ef023a
fbd9a504
ee0a33fb
0d01fa0f
e4da2713
2fe00ef2
1c43e9f0
32b20dec
eff409f1
fd240819
1004adf9
02010101
b7f60840
6dec1017
fb0b1e16
e9ccf40a
f2e71309
0c1afefa
f521e4fb
f8430207
1eef0810
daddcf1e
f9e229fc
1ded091b
fdf7f2e3
f2241fe3
f8e1de1d
05e6fdfb
3713fbf3
dd19fb2e
06300ff1
c2fc06ee
e20d150e
1efe0800
ffc6dcf7
042a00f4
25f60f20
0a15eedd
e9d3132a
250115ef
180310ee
00fce4f4
1f01f1d1
f7f609ef
2d1415f9
f1184f02
05edd401
231e40f7
3825fb0a
e5a5ed3b
081005cb
f5f0ffef
de2cf712
1bf9fbe1
d84003ed
22440811
2216d841
f4d50fd7
eb243aeb
0a0a000e
2b0d1302
c50ad717
e43bfafd
57310810
2c13fa1f
15ee2303
f60808bf
fe1ff3f5
0737fe31
f6ee04ff
fcdde8f8
0235ef16
1117ed36
07e910f2
f91607ee
f8010420
c4f9181e
f5d3e1e1
f6174319
25c4f905
0cfcff1c
ecfe2bde
f8f40de3
fb2d0a04
3413f43f
f81bed12
de003b06
06f0ff19
e80eebba
01ece60c
fbf0f700
010bf0f6
4e0ff4ef
e91b4508
06d9ee06
04f204d3
00f3f218
ffde2904
f41fdfe7
03d3f6f9
1517cdea
0800350a
e3f51a14
1524f3f0
37ec3b2e
dd22fff6
f9280a1a
0dec1310
f0e325c1
dfd8dfe9
341dc0e2
f823b4f5
fdf6fa12
f1d20b31
a40181e7
60e8f86d
e008fa11
f216eaf0
fbfa4111
db3112fd
0224161b
1af84619
2c1eddd9
f02402e5
e00aeff9
12f7d5f0
c3d4d725
33f2e908
020802c8
223d20f8
ee09fa38
071bff01
1fedf002
afe30638
fbfa0605
3cb3e811
f82bf603
131c1405
e8f8d4fb
0610fe0b
04ee193a
e901b14a
f9f213ea
ff2c082a
a3100b15
fb32da1f
1ce515f0
fe2e15fd
0be20ff4
ccf80240
22efb2f8
c4f8f0f4
13effaf1
ee180717
0cffecfb
f91c111e
21f81b15
12f6fbfd
070455f8
0538ef0a
0817ec2c
1a085ee9
f5e233db
fc1af80b
3f0a061d
cfe119af
01f125ec
1c39e21a
332cfa02
cdf738f1
f31a1709
ecf7f911
300bf9f3
f9f8d10f
d4f13ff6
eec8041c
bfc5faef
ff36e9e9
07e42543
0b211711
05090b0a
e5fb0adf
0711ee2b
1ec61b18
f01b0954
08f4d9e7
f1073412
0f01f80c
c41217ee
efed2bd4
0b52cbfe
e54737cd
e802edd9
24f6d14b
07eee5e2
f529f3f1
eddb1421
4ef3fce5
27c2d9ec
16ff25f7
f9fffeb4
0cf2fd52
08fcf125
f9070605
fd14f0ff
43fb062b
141611ef
0a1ffdde
cdf3e4e5
15270237
13f9e034
f30d00ff
25ddf3ea
1d4c0628
f4a81c10
f8cbf4fb
06fdedaf
f7f3f9f7
fb180d1b
0302f1fa
fcfdf006
ff2d0419
01f007f2
ff40f20b
0f0f00f7
f3e64dc7
1009fcd3
fc2d1104
431ddf17
bad7ebc0
edf7352c
faf7f3e8
0a0213cb
0f273507
08fedaf9
00fafefc
25f7e002
eb1c5576
fbf3eccc
fad91fec
101214f7
fcfb1e48
1228bbf8
ed0105ea
ec03e1f5
f8ead50b
f8e020e8
c5070915
e8f9e5f8
0706c1f6
f7ca02f1
11fdf3e9
1a080c1a
1e09d4f8
f30de00f
ec14feda
410622db
14d245ec
1a209d81
fec20bed
0b1627e8
b706c301
fcef0a21
c9e10af6
f112ff04
f9040103
fafef7f9
0403fd0f
f2f41af1
0100e4fe
0b13ebfa
031feccd
fb2c082c
121441d4
ee0d19f7
02ec0307
31e6ffe9
ccd22298
f6072e00
f704fc01
cf020ce6
f60910e5
fdfdff10
fffbfa08
06faf1f6
ec07e017
fa13d90f
46f6dc12
3e1bf6d4
16f5f4f9
faf72008
fe0703fc
15142414
e4263816
444412bf
e712fb03
211e0420
e2e24b19
1131f7e3
ecdc0f08
b4f917de
30f809e3
062464e1
e8ec0ac7
fe142408
07cfe816
1333facd
e8dffcf1
d0eef2f6
19051b0d
06c9d2f3
f20c18fa
29170b08
3b073c2b
192196ce
011009f8
33ff1bfa
b9fa0c00
0a0fdede
19b612e5
ccecfd32
ef0324ee
0e1ca3d2
fad805f0
12f826fd
eb00ac1c
edeee81a
f2d0ec08
f62708fc
1d01f0d2
0e10dcc8
011d1413
3608f928
b7022105
e4e90a16
c0b5470a
fafed718
1005dcf2
ea0aeffb
16f0fe21
13f3f617
ea19ef1b
c5030822
efda280d
e5f0f524
f8f5df0f
0acde200
0907fce1
1f07f803
2c30f7f5
dfca0915
f6f5fd0c
d90dddf5
f8fde3d6
f0d908ea
f9f601fe
b7f70525
00100619
ec3221ee
e3e5fe04
e1ce0aed
eb31301d
1b02f72d
e6040000
0a030f03
58073707
23141c0d
c3232005
cffae4ea
ea33133d
2f0bc9f4
dcf2fde8
d2e512f5
3be3ed0b
0be9d906
d705f701
c201f6a4
ee0c305c
0ef4990c
ee00f9f3
c208fce7
16231442
f6f91e22
03cbe7f4
d028ca25
350005d0
edf13407
00f3180c
150de551
ff04b315
e7e029fd
d5dfff1f
d5e7dd09
25f1cff5
0a0d1106
f90dfffe
0302e518
27fff138
0a0a0c09
04e216e2
0034db51
35e90416
1504d5d7
f9fef9fa
3515f630
2ef4f643
0206d300
e7430e08
0503ee45
fdd61136
072901f8
f1ebfb0e
e2ea08fb
29d1d0e1
ec2914fd
daf217ee
eef3ff0c
2ee4f4fe
fae61d1c
f60a05fd
451b01f2
0210cbea
fec6161f
0c0adc14
13f009c7
fc3112b9
01e73030
fd0110f7
3efedcf1
b00fe0ca
ffdee336
0dc5030d
1f00f7f3
f5cc01c9
e1140d04
09f8f601
0805ebff
e0230b09
d60afdff
c9fd2cb2
f51c27ef
dd05cf45
06fcf108
06fbf60d
dd06f20b
7fba13f9
f7ecf1eb
e7ea10ff
000003cc
24e9ebfd
fa09d2f1
0914050d
0bf9152a
1609c70f
e5fe164e
f02407fa
c1100201
25d6f925
fef0feca
01fe03f8
feec01e3
00f8cf26
f7d1f8fd
2206f51a
1b0c19d7
e9e9ed2e
fb0c000c
0426fb0a
e5ff23f7
1808df35
ef14f704
081d2acf
2ef52e0f
04f1f8ed
f92216de
14d009fc
34f70edf
a8d618b0
17048ff2
06fedb02
1505fa26
02ec31cd
f90a14f0
08200d02
15f60103
b61ce1e0
deed2614
ffc11308
e30ceec7
0a05f0f4
f70f0d08
fe0afaf5
bd10e00f
f3e8005b
f7fede0a
171e082a
f3f0d1d9
d647fe1d
0cf50319
fe10fbe8
2df70e0c
dc2d523c
faffa8fa
9af30005
ccf3f7ae
fe01effc
e51911ef
0efc0301
f2d90dfe
2709e620
f1ed141d
ffcdf834
eaebbb31
1ab8bcfb
f301fb0e
00f3f3ff
e1f3041b
15451603
da3af822
fff41d29
c602fce0
b4ebd901
0bf6101f
f7e204ec
fd05e5e9
d90cd7ee
dcfadf0f
e21a341a
0fdd1f28
fa3234fe
20eae91d
00150904
42e806f8
1ef8eee4
09e520f5
d7dff2fc
31de1436
0dfef0e4
f8163d26
06e6ff0b
040405e8
01ee14df
2605e6ef
1ae8f732
07fddcd5
1419d9e8
fa21bef1
072d02f2
48e3082f
ed2ad118
e3e50a21
3ad60700
bc0b15ff
e110e2e2
08fa1e0f
fd1cf7fb
e6f2f313
04e62b19
d929c616
d81d02f4
1efdecfb
2b0b0ce5
080413e5
03020b08
5b031b0a
cf0c0824
1a0c00f8
e506c126
df03fb19
020af435
fcf10a2c
070bfa12
02e20601
4921212b
09f507f9
03f3f003
e6fcefe8
0d28f3ec
f1d00009
0df4f8f5
0cef04f6
840e27c0
f4e6ba27
f1e213f1
00f8dc1c
fa0e0117
290bb600
fcd91002
0905eff5
1c110133
181dffde
e946e817
120ef7e0
fc3b1f10
0ddfd91a
f9edf503
0b0002fa
0c1fdd48
0700eef7
e7fd0a07
f7f4eaca
0725111a
06e8232f
03f50211
ea17dbed
021c2ad3
0eb2e70e
ee2f00f7
f0fa08fe
090a0721
13f8d900
03ecfc12
eef4f4ed
f3ceff10
050ee3f9
d502e3f7
c418e3ef
1944f915
f2bf182c
120a0502
56f10c0a
f302f835
0cc9e00a
04f23101
01fffcff
ff1d09cc
fcfcedef
060d01e9
03fffefe
33030404
f7081908
0a20f4f5
eb01fdec
0c19ff17
030adbdd
060a0a03
1ff4eb01
cf0eeb75
f5e721ff
fbeaf9e3
d7160ad5
ff17cdbb
ec141de8
13fe00ff
1d09d40a
c3e319ec
e8fcbe2f
fe62f5f8
c913e94a
090aedf6
eef222dd
1bf902f7
38fce2e7
bbdfe729
f7f996eb
1bf80ef5
1b13fe19
defb2225
11fadc00
faf10608
f4090be8
24f50d06
0a1b32d5
53e10c03
eff31436
0bd031f5
020bd023
011d0b03
f7f9edc5
0d2307df
f8ed5723
20feee11
010ae00b
fa03f7f3
f1ec0c05
ff1df903
10fc042c
090afbe6
f4f60900
fdfdf0fe
03d6f002
e903f5fd
01e814d8
fe19f8f9
f7f42407
1cf5e725
f4ec1211
0b0a0cf7
07fa1368
e0ee03ed
f81aff06
09def8fe
f00108ed
2503c9e7
0d350de0
38f6f80d
24f4f629
e60a3113
fff6f519
f8fc0708
e6f907f6
31251fb4
01023ae1
e2ef141a
0cefc4dd
fde7e62c
1117f32d
021df1ef
eef7def6
2a0ff508
f6d30501
1aa1e601
ef0618ee
23ee27da
e3dbfc06
0c0fefe5
331105f1
980ecdfd
0812dd02
08ef0203
d8d6c9fc
f712f9f5
eede4c1f
fe0df6f7
d5290d29
f511011a
e915ee2e
f90915e7
2510001e
1afe0d02
0217051c
f9100413
4310f128
f5e21dca
ff142cfa
cffefa28
08f206cf
02e11202
fc04fa1c
02fe130a
f0f3f202
f329fa03
e0ff4c11
e3b9f411
1517111b
08e9eb00
ede701ff
07260507
3cf910fc
cdf0ccd4
1bb326de
f62fede1
d8d2df19
033c4849
0bbcd90c
01e60a02
2b28e816
f007a05d
03f5121e
f1079fff
f1fcff1c
fc1728e4
f2fcf8e8
90f181bb
dff8f8f7
dc12fe0d
fdfb0b0a
d1f5dbfe
08e9fbf7
302b35fa
0403da2a
0c0e0b1f
05fed8f9
1812e236
f0b44d13
f15501ef
f9fbf717
0dfa0e1a
ffd7130a
04290afd
31f7e7fe
fa1d1307
d9c23426
fb2e1b60
ef38ecf1
14c9dc1f
f7e83304
ff250210
650ff40f
ef3e3ce9
f0d825db
0f11f505
e104fd00
0e460a0b
24e91156
ed040601
25e2c2f3
1c2043f6
e9d0eefc
e925f90b
2b12f21a
1b30e2c7
0be13f13
ff250dfa
3cfe0924
d8f60dfd
18fa1be5
05f00615
05fb0919
18ff1cde
f1f426f5
0b1ffcff
1f15ee10
f0f9e001
f3e9db02
faff2113
d61d0ef6
27df0024
1b11d900
fe10f7e1
d6ef06ef
0bdad320
010fddff
0de21201
21e7eb25
f002dfe6
fff60921
fc02fd02
17052614
1b2a0434
1364e509
e6c7f200
b7ec021b
e828c2da
e0e82b30
0c0400fe
e3e60808
ecfbd407
fcf5dd0f
03c3fe07
f8f5f611
defdcfe0
f8e61520
fcfbf4f1
1dfafc06
0428eece
d5eee72b
f0d8e7f6
16e00e0f
260c2bd1
fb26d5f7
06f4fd08
2cfc20ec
bcfb05e9
ff13e813
2731f815
1c1cfa4f
e50c4302
04040ce6
fc08060a
050c12fb
13f9fde2
21f718e6
e7ea28e6
db30efdb
14e00309
17f7eb04
fdf01509
f0fbe314
1de311ce
e1e9250d
eef4e1f0
fe0206b7
2e1e0c10
0aefcf08
f30d1104
40e0ecfd
d42be538
0caf23f3
dae806f4
f6200cf8
12f610cf
f1001405
0add0b11
15e825c9
f5eed2e6
1a1125ff
1a06e4fb
0d0103a0
f3f448f9
ff1dd5d8
f105f209
fc0a0328
f1e92cf6
0a0037ea
d3ce28fb
02dc25b9
d910cafe
1b12dc08
03f1fcf7
e5171e2d
fe11db0b
04078d58
ff2417eb
50bd0527
0bdb0e12
0c16020e
080b0a02
f20cc0ed
2b070a0f
f1b5f81f
c9dae5f9
bb4d0ac8
13071808
ea021e04
0de4f8fb
f3effd15
2efd12cb
ebce3304
ea25f611
0c1016fe
110d4534
1503b1f8
f40108f3
2111f705
12d681db
fed333e6
07da0910
0522fcbe
10dbed22
0803e1d7
fa1bf1eb
c3f4211e
1b293506
fdf0fbde
03e502fe
3d021c45
28e04fe1
1729f3fc
eb120404
3805dff0
23faddea
01f830fc
d7c3d32d
da0deef8
261311f0
f3fef734
0d30fc11
10d1ddfb
f502231c
e6ab2bf5
e2050dda
fddd0d34
e2dcecf8
fefacdd4
fff8f900
e911f21c
21ea19bc
013026fa
f506efe6
ff12e51f
ede700c5
daef2ef1
05f40413
d7eddd08
0e06cbf9
fee244e1
f1030914
feda03fb
080f0228
0b150d2e
f80206fa
f6f310fa
f6ff2bf8
1a01f6fc
091a1e09
0b1d0ef4
e107fd24
15e323e9
fb07f507
1027f206
3add00d6
f4e7c8f2
1930080c
1ff7ee10
eb22f3fc
02022d0e
fdfdfe11
e0ffec0c
1f033427
e608edf4
19d10f08
08fb202e
2e1af8d5
fdf8fc22
17f90212
08fafcf1
f6e1f0fc
2f1802d9
fe58fcf5
faed12d2
fc482736
1bfcf024
05020bfb
15f8fae3
030bec16
f0dfb320
f32304ce
d7c51d1f
10043133
0afecf16
f706faf3
15ebe8d0
2cdbd210
03e11d2a
20fb0516
dc1006ed
f225d83c
0a14e3f4
07fb00f6
19f70205
040afa32
0eeea9f3
251522fb
36f9ff36
fae01112
0517c7ef
f5fcf9ee
f7f30e19
1b0102b6
f83609db
e6de1efd
04f9fdda
0efccb2d
25dedc35
f30f00ef
0904f30e
3f0ae7dd
e7dfd722
46db112e
200208da
08ade92f
f00cf922
fd1bfbfd
d2fb0ef0
2a14c449
003c4809
e3f2d025
f301e6d5
0e2e3bd7
f2dfe909
0c27071b
0afe061b
e2000336
05095314
2cd30231
1aed303f
39c618cf
ebd50af6
0a0b02fe
2c2dedfe
f6ed3e8c
fd103719
2bf11515
f4f3f931
0d142df3
0218da00
0e0cf9e5
0b060501
d7e12f81
f717c20f
fdc620d0
b6ffefe5
ef09a427
1f0ff81a
f2e1faf4
dfebf0fc
661250f7
fa07a8fc
e91a091b
f90c01f3
e00fb0eb
f8dd08f3
0b1d0f0e
e4f2f028
fd2dd900
fbd09812
2d530125
cb18edfc
d1debff6
fcd848f3
f7f3eff3
2e1e232f
02ce10dc
dc47d929
1e2410f7
4df41c5a
19c600f8
ecf6ecf3
152502f9
20020cf8
ec1301be
13ee28ed
02f6f5e6
0fef1be8
141ac9e3
010cfc0a
0fe30806
1aed0cfe
e4e440f3
1d01bef9
f40ff424
1420e3cd
f7d51404
07e606eb
f517fff5
12192003
c40a0af5
f3ef43fd
17d0f023
fcf3f4c5
fb18d804
09f50a53
f0361004
24f9f251
f549fd1a
01fe1114
dcf00332
e213dce8
0633cbf0
fcc62f14
0710f7f5
68131942
16183026
e338b312
082915d3
0efc0ce2
07f2eb25
0de1c2de
0400fcfa
ec12f612
08d6002e
e4fde21b
02d02204
fc06ead6
f8e9f205
2121b4c9
f6d503e6
0a100c13
f80bf834
ef29de16
041dee3a
0d0be407
090b14ee
dfe33d17
0f12fb26
c70f1e08
07ed0e10
1cf83ff3
0c00f802
e0f714cb
f2f60118
fedeee19
f4f7f9f7
c603f8f3
e9fa00eb
05140211
dc0ee4f8
ed18fadb
f80efa05
faf22712
fae70e19
1efbfc00
fe493435
11ff21f0
dd0017fd
06fe0b14
f6f011ff
11d6dfe4
f501fff3
e016f41b
240d05e3
e3fa191c
fcfdf0e4
fc1012fe
070a19d2
f6181ccb
fee00204
e315030e
dddf112b
ec01cbeb
e5f4f807
02f0f620
2307e5c6
ffe42ef1
f80606ff
19ff031e
ef1130d4
14fb020f
1844e6fe
c6fde9ff
f6261d35
eee205fd
fff00307
e302e4ee
0232273e
05ba1700
f3ca380f
eedfdae1
0df3b42b
fc07ecf8
05e5f3f3
e201161c
1b082904
0a3eb114
ea1719f1
e615d2f5
f4f2a5f2
f3cb1dd1
0e03faff
6e040631
19fedc21
1603b8f1
e736dd13
151decbe
16e9d435
f2ee32de
f6250c1b
9d0e3333
f4f406e5
0ff91406
0202eb2b
db16dfae
0700d3f3
fff607fb
f924f504
eddd1613
d5056945
0a26d5f1
f5e30e1c
db160cdb
1fbf1e09
040acaf2
03eef8fc
f301efef
0e1ff613
d3111e31
da2209fa
00ebfad8
251310ee
09ddff46
0204141e
05f8e3f6
0d101201
fc104d30
f4280725
050debdb
e410d00c
0bd8e8be
f52303f3
cfff1a30
f804b057
e2eafff8
dfc3ef1d
cb40d5ea
dd0e120b
fbedec2e
0010f1fd
1407e600
0e32d844
d8f116f7
10c1fa15
0205f30d
1cc8d4f4
fa1310ee
fa1e06ff
05f61a13
062a2de9
fc041f18
1d20f323
071201d9
10cb00f4
edfc00c1
f70001ff
22170b13
deeae143
151939f8
f13cebe9
0200ed16
073a0cdf
030721ca
0510ff13
f90f0c12
13cb0108
0d10d5dd
2513d904
22ece4ff
f20b2802
ed25e334
0cf6050a
4904eaee
d319dfe4
e2001e09
0df612f6
effc06bf
1d07f4fd
0dd70106
fd0206f9
31fd05ef
c41c4eff
0ee8d015
04eb0011
020301c3
fefe2c05
0a1cfaec
f61bfaef
2a080507
c30af6f6
f8e4e41d
f3b20dfe
fe0809e7
120fe5e5
1b11f109
03e70c0a
d8f41909
020114f3
1132dbfd
fed3093c
f204d3dc
ea05d8e1
f5d329f2
f415050e
ef0efb0c
060bf9d1
06d9fbec
ffd2e300
0014f8e8
fcf706c0
f41524f1
f2f10107
3206f71f
e5f928e0
f81b48fc
323404f3
2be00769
eceb4afc
0e0918fc
ef1805ff
240e03ef
17ea1fad
04084a14
ff0e7f06
fb020404
fc021608
81fd11ea
7feed5cb
f501fefd
ed0dfe06
fa02f605
d6f2ebf9
ea1df1ee
060920fe
f3fb0405
faf20a0a
e208eb26
ff0ce0d9
0ae249fa
f2d9eff1
1910eaf3
03eef4ed
f0f420e4
fdfafaf8
10040a1c
d61de800
e0f506f7
e403ff23
151dee25
0410d6de
0f122804
fe2b0603
13fbf406
e715f015
dcedea26
ccc6e9dd
d9ec0316
fd3aedde
09f2f5f8
0d09fd04
e1f0f2f0
ebe5f52f
23dcd5ee
1ef5170d
2206011b
f9f32129
200bbbf9
eff310f0
3714001d
24fdf8b0
e709220b
dcb6f1e7
ee2519da
29f60ff5
f705d81e
f1fb03f4
0bf11afc
0ff0de12
05fd7f12
2e9f32e5
30f1fc39
05e0f1f9
2323c8cc
f6e60ae2
e423150f
1118e70c
fa2caa04
e71ff91a
172501a5
fef2e8fc
f205fff9
0f05fe17
e70a12fb
091af620
031c210a
d5dcfa15
f12c1bff
25fd47fa
0608bbd8
f5fafbfd
02e80b03
24f5e304
f00b3bd7
0f7fd6e4
0af1fa18
1e3b7fdc
f7f4f6fc
0af4f818
0a11e206
d0e061c6
f7084d1b
7fcebe81
7f817f3d
81d7bbfe
b97f32a2
e681f8e8
a6817f81
e1816394
7f7f1d81
fc0ad0eb
e1140d1d
12443b02
ebd0031d
0926071f
15f5f70c
c6fdcdd9
01e528e9
1f22e5fa
0efb0c31
04132bd9
ee002519
03e9120f
280ee4eb
d115d9ff
ecd21e02
0a0ffce8
ee0b21d6
04a3f5ed
f72211e1
01f903f1
2d15dede
acee921e
f5cfe10e
e2fa0bff
fb140528
29faea24
04f20ee5
12210b03
2311071b
f60dffb3
f7e60bfe
03000225
0d08fe02
2f33eeed
13fe1920
fb0a0d02
20f9041d
c3fc1c09
1110dc07
d806d50a
c414f74c
03ec0ee1
f8f31edf
f802ff04
f3f5f608
f0fae346
d8f3340e
2bdf163c
f802f822
04efe8d8
04f2dff5
ff19eee2
f9f532f4
e80fee0a
f534b90e
e014ec18
dc03ef20
fb0c1cd3
e2090b0c
05eeff1c
23ec21df
e80c101b
ef29400f
ffeffcdb
2af2e9e5
cd1415d8
1effb607
ec130905
f727ec07
f823f846
230c1d2f
da212007
25fcd3e4
ed150fea
060904fe
0a2bf301
12f52af0
03e8041f
f10b151c
f1f0f3f9
33ecd220
e01c1aef
1afa31ff
0613201b
0cf1dfee
0b08dbda
08b212c7
fb433519
252acfec
f8e6e41a
d000110e
f41d14f9
de081305
ec1d14b0
080fefef
08c328fe
39f9ff0e
1805fb20
070d1227
16f7f8d2
fa440c2b
1027e914
0b37d5b8
12071e15
81194afa
20f91013
ccf61a23
17071405
2bd20344
e61ad120
08d6b6d8
20ecf6fa
14fff904
a9f320f1
00f70cee
0010f013
3ccfd224
06030522
fec31954
01f9e6f7
36f022f0
fb16261f
1eff09f9
df13f91d
eb0fe7f6
04fd1feb
10e8ede5
23220812
c80ed1fb
03dff201
fff021f7
1f0b15dc
d51308fd
d71516b6
fd04f2ba
02ffefee
0cfae117
18080af8
0af40109
260c0c22
1b1501f0
fef8f3ee
05f7f0dc
0029080f
330f1c2d
f5e11916
f40d06e5
df3ee4da
0116d21c
ef001e03
f4d0dc1f
07ce0c00
65e01dcf
1ff61648
1607f820
09ccf1aa
0119084e
f80ac84c
2e3bf8af
1204ee1f
4cfc020d
12f31221
08f21f01
01d4f0bb
ce05f6cf
0fd81a19
fdeaeff2
f4ef0525
fdebdbc0
f2f10c03
06eff00f
1a281ce3
de0afbea
e9fc0afe
e6f3091f
2eece9e3
bdf2c634
ee0aea1c
0e061fe9
12dc0dff
0ccee630
0629d904
21400fe5
0019f004
fbeeff0a
13fb1cfb
0201c104
20eb0e06
f4e5f3f1
ffe4ee02
e93811e5
2be4de19
3e2e0d44
d7d5ca36
06ed570f
d7b3d659
bf06eed7
1eeb3624
388a81b3
f407d8ee
efe29618
ca18f0ee
1bfbfddf
0407002f
06e6f8fe
1ae23105
e82a1c04
e8f80eec
00ff05d9
db0ceeae
ecfab417
00e9ffe2
f7dd0bf4
0a19d0f1
e4c9301c
fd0eed04
3affeddd
d3f9f7f5
fd0f1310
c1e7ebf7
cfc9d9d7
0106df16
03ed2511
00d6f9d5
de0317f7
c124d706
0e02fb09
15f7f039
efda1cfb
171cee18
1d1c0b1f
ee0f0113
e4fdeaf8
cefb1e11
03f0aed3
ff250905
bb17daf6
07142d92
c4eb1deb
00cce01f
f2dffcd1
b7092ddb
1e00f9dd
44000e19
00191d0f
0be5120e
ddeb48e6
e5f9e2e1
50ec31dd
3c07e41c
060de8d7
f431dd24
eb122df0
e8ca1e07
092e0ccc
f816241a
d1092bd8
f430f80d
e20d6e19
dceae51a
25071c0e
1913e1fa
e2c9f0f5
16fc08de
e0ebdea8
121629ed
10f31f17
05eb0126
0ebb08f0
25f7fa2f
e708e04f
00e610e7
e2050122
f51bd1f3
f80bcf12
2aedf5f5
16161c03
0b19f9ed
e524f01f
11bceaee
b814fd19
05fd32dd
0ff832ea
f8ee1b09
2d131a0a
1c01f33a
1ee3111a
41b6fdf1
e6f73bed
1711dce9
17f823ea
e615022b
1b0efb13
04eee313
18b6edfe
e5200227
1c1111de
0fc31afd
f002f3ef
c5cdef0e
05e9f30e
f6f724da
1ae610fb
eaebebf2
de250c4b
e5d8f10b
edf7a406
f90b0a02
0218fa00
e7191708
18ed1958
24f40cce
03feddef
16f955f9
090dbb12
17330656
f914fe0d
17eb0e13
1311bd02
d419f92c
28061906
e10818ff
e405bfd9
fe10e526
11f8ff11
fce501e6
bd0d5cdd
e72edc26
a7dffed4
aff90710
02fa2ace
e7fe0cf3
12e31412
02e01c15
d0c62f3e
11fd14f6
fff1ec12
e8e60bd6
0b06ece1
f71807d5
4035d814
1608090b
00bb21d1
282c02fa
f60a10cc
21063906
14065403
e720031c
d41bec0c
f3f6f5d0
f6d8e5e4
e01d00f6
e8f2df12
0b0c0203
02f2eefb
05f7fae2
221c1814
0614fdef
e6fd38e4
fc15180a
2ff90ee5
e601d6d9
00fedfe7
fb30fcb3
1604fbe7
07fbffbb
d0c22209
03f9100d
190f171b
c4fffc03
f90907f0
ebfdea24
34eed909
0814f113
21c7e8ed
123005ec
07fddbe8
e7d17823
fa0633f7
f3232bfc
2cffc4f3
092039f0
06ecdacf
dbf105f4
2b04eedb
1509060b
fae7c409
f5fa0c11
e9260c03
06fd1309
eef1000b
025a0c19
f002fdf7
09da3d2d
dcfb06ec
f2200209
f8fb06fc
e4f13aef
f539dd04
0df7f2fc
15df0d0e
f022fd17
13fbef04
deebf0e2
08cbdf06
20e0f30f
d3f4ef2b
01d7f0e8
2fdf0510
e01eebd3
1414fa07
ed1116c5
f7f0e8cf
1a06e6ec
e2f323f0
d1f8f9dc
5103152c
cafbcae9
0b0edffa
ea10e1e8
27030d02
0e07f222
07f815fd
f401effe
38051700
eb1902e9
f3f9e608
c2c2f64e
2624e3ff
12e7eaeb
f5c11725
f7180b0a
e4f816fc
200d24fc
06060402
1240fef7
f7f90016
f5f30aee
e1b30ad0
0a4a0b02
a0d9ddc0
e0fce3e5
f3f531e8
131635b4
0898eaf7
fb042113
ddebfa27
12aafcf8
c6f0e7f4
2f030fdc
18ff10e2
1c1717ff
eef8f81b
13ee13ff
1801f605
11073408
1604d741
e511da07
f4f6c3ee
e7200308
36f9fdf8
0c01f9e3
e021bb1b
e2e8e5f1
d101c7f7
d6f9dbe0
fff8220d
0afc2502
fb0011d1
dd30e116
31d4641f
e428f60e
29140141
13eef1f7
f7eb04f4
fff3fcec
e5e80f0a
16fc2510
f8e4f90c
d0fc0c0a
f1f5f533
12171c04
1a1706f6
28310e21
3fffe3fc
19f1151e
0408d81b
23100313
e306fc11
d1fedb18
fbf51dee
fe010bdb
0ff6ed0a
e806f030
22f01026
ff03eceb
e2e21810
06f527fd
f9fcf405
04f218f8
0a0afe19
01ff1726
00ea03f8
e0df131b
14dad486
d1e300e5
f7f6041c
c90a0ec2
dbe5d3fb
fe2ffdda
f3eb0d18
b5ba0b08
31d8fec3
c8fab608
f500e805
e812f9ff
37e50b1c
0911e412
faf612bd
03d1d6fa
20dbf0b6
f91eea14
08040910
e4e7e402
dd2a2acf
f1fce910
f02a31e5
dae90d06
0df3cd13
f90df4f6
ff070313
e7230b37
75fce10b
08e8e22d
2820fb02
14e6161a
130ce5e5
02e4dcfe
0408100a
0603e9c6
f50c02ea
e0fdf310
0f0f0def
0ffb031f
2015da1e
1cefd722
fdfe02f4
0811f507
0c250209
dbed0c01
1021d0fd
e5f7fc0f
de12e22a
c7fe2c2b
fdefec0c
25111fee
eb2b19fe
ed2bf21a
221235f3
e5eff4ea
13e01e0a
f1f4280e
2ffbc7fc
fc29f814
14de02d4
fd0be411
17ed2501
cf5a1201
310ee5df
02e7c409
e10313fe
da1ef3db
dd9c13f7
f9fc1f1f
0d1d1d09
f02af4df
0fdc50ec
5428e5ec
0d021823
17d1f281
8d8133d0
0807ea0a
10fc30d1
26fbefee
2ffb1b26
30f2ed07
0af6e8ef
2006f2db
d80e0900
f5ea1306
faf012ea
f2ece8f2
18ff1cd0
eae619e3
07fee500
081305e2
dde5d30b
fefa0a3f
0ac7f715
27d9e9fe
1afdefdf
2514e52d
210616ea
05eff718
1f110a1d
00bffb2e
ed56d2ea
c10c0deb
5000fe02
bed8652b
ec09a919
fef90bf7
1914d938
fa3dddf6
1c4122e7
0ec52fdf
f0f7f413
f7fdcfb6
03048dfd
3e22f6bb
fbd10625
251fc91b
fd091a08
f9121e20
fd33d52f
d1f00cf5
f502e000
f50cfc06
fdece0f9
020506d7
f3e9f222
e4ebf5ec
e9cf2fc3
ba2be3ff
2101d6ea
ef000ddd
15d9e322
21fee531
eaf12016
f1f1e8d5
26e1d225
d12606f1
2902e3fa
e21ef1f5
00cee0e8
24eb1430
fdeb1f38
f8e3f9f9
ee060cf2
fff12415
eafe140a
0b17000e
11ed0403
f606fdf3
f4d4162e
01310522
d20438b6
33dc2025
d4154511
fdddedf3
ffe32023
e2ebf82c
14e9f10a
26f6f9ff
de26452b
fa06f2e6
f10137f6
19d90532
0c230d17
000ee2cc
fed61ff8
f8f0f51a
6919e203
06cefa09
f1f604fd
e3e1fe04
ee27fbd2
fa0511bd
03ebdbba
000d01fb
0afeddfe
05010ccd
fc041002
faf31305
0308e02d
ef0406fe
070ef9fb
e7f610d9
09f041f6
08110ee3
0905c324
2ff9fabb
de1a13f3
1021e0f9
0bb5f0ff
03d3e11a
ed02ef38
d605eef4
2bfefadb
06170f11
ec070adf
edc8212a
17fee052
e3ece0ea
f7fb2bfd
080adeee
f80622fe
e90eeff2
15fc01f5
16ff09e8
f6b51fff
fdf6f218
ef25ec2e
f6e226ed
f70300e2
d3f00a2f
1f20f3fe
00160dd6
0a0319c8
f4f4fbfc
f7ecf811
c21a0908
0f01eaf7
e20b02f6
f2fb1412
13f6f917
f942fc0d
25c01532
f30dedeb
ee0ce0d5
0af809d9
9a12fdf3
f302e1fb
e9f5dfdf
f40cf729
1b23f533
29053237
110e0000
1901fff2
4e08def4
e4e2ff07
e3c31a41
05f4e809
f9fc0003
07f2ff10
f6fef204
00fdfdf9
fcf8ff0a
0af70706
f90f02f4
f4030409
f21dd623
f5031106
5b17f51f
0a0cfacb
fe0fe070
13f11919
f28a1efd
c1521c33
f00b08fa
fe13d7ed
f813eaf0
ee070d12
e723ff0b
05f1000a
f0ffdd19
00f9232d
1a3ef612
be11f526
14e5f603
09fe36f6
01d5fbdb
e8c41dde
e2fa07d8
ef1e182e
cff50805
37f94338
07ed184d
fd05b8d4
362ceacf
0aff091d
0bf25203
0df2eae9
ebd7eb0b
b51e1f22
db0fe018
f5fff409
f6f2fb1a
0eedec11
f50ed20c
0ab538fc
09e1f9f1
ec0af912
f00d2704
0603e21a
010af32f
171feb00
fffdf61b
fceff511
f5ea1003
da020e0b
dd00eb32
06f2beed
d9d0fee4
b70d0116
012a0dfb
f440eb19
13fff1f8
18e82410
173d3d17
221f3a0a
38ebf007
19d5fef7
21e2f92d
f6fe1601
203b000c
c3fef31d
0af502c8
fdfe40ec
2f2b07e5
bdb216f8
f710faf0
edf2245e
1041d7d2
210d06d0
1fd83b08
f5f92033
eec7daf5
292bef15
dd1b15f9
fac3f711
27e91f06
98ecd3cf
eee2d8e8
f6faf0e8
f647399d
c5d2ce0b
0e1325e8
f823afeb
f2080717
27ec08dd
420b0c15
f201f80a
21fae52b
16ef1603
07df04e5
fb07f1d8
1aeaeafc
1012f1ff
fa131e17
07f00e02
d1ee15fc
070bd02b
e703e6f5
031a0eff
f2e5edfe
cbfc0231
e71c20f4
14f02d42
1cfd1fe7
35f9fdfc
fd2dd8e4
14b0e705
09162ae4
b3022b1a
0113cb19
11fc0d0b
de010fd9
22d5fc10
112cd6f6
23f6f124
f47f1711
bf02fc40
460afd02
04003212
1de60692
019914f4
fdf50224
e9f7f736
04e4cc01
bfd31edb
011218f8
22ee1f01
36092723
1014fcf2
dee42328
0a9df225
04fdf60c
02f60407
fbf7faf9
0400fe01
09f702fb
010602fc
f8fb08fa
040bf8fb
14f813e6
0410e827
cc3011f1
26fe21f8
27e8056c
380c131a
301ad919
24f30008
1e28f1f7
ab06e417
c2e705f7
f30cf613
13f40e1c
1f0dce21
d037d5f0
1b190ef0
eb23f505
0302e32c
f0fa1c00
f20b0af3
16130722
f40be830
f4f212fc
e71e0d0e
d61411fa
29f212fa
020cc9fb
ed05c0f9
1a2001f7
12e1f61f
03e2fd29
e10dc206
020ae5f3
00060317
00ff23f6
f3fb3301
1ee5112b
0710e815
ea1208f4
04b11cfe
cd612813
3f14000b
0bffc31d
e600c712
17e1e5c3
fad02ef5
ef11fcd4
ea540f24
ff35dde9
f8d1019a
19ede4e8
f4f4f3e2
cc05f00f
12ceec08
fad41d02
e502ef0f
d900e3ed
49f9dbe0
d7f7cfe7
fa05cd06
ebe3e114
02d3f3e3
fef7e816
f3143bfb
1ffff41a
1bf439fe
43cbff18
00fa1908
1bf201a4
f02dfcdd
dffc3d04
04edc1e2
eb0c0f21
ef0ad1d3
08052e0e
f1f54819
3afd1a34
4516fcf4
e50fdff6
eee21403
f817faf1
f1fe1203
0600080a
ffe80503
09fc8105
11fafaeb
ffff080b
0008f502
0ea4010b
fb17d400
ce06f1f7
05fcf8e0
03000610
df080f17
0e2906f9
092438ef
e2d91a15
e61807ef
cff90b07
fcffc6eb
0a2a050b
e805112a
fc0306b6
ce07072e
fae60ce3
13e60fff
102203fc
1403cc12
3aea040f
e720090e
1c1b06fa
1828f6df
f3f10e00
d8ead9f4
0a101a09
21f318e3
b93100f6
3f1de8f3
1affeed2
e4d7ffe9
cc31ce05
2aedd409
2bf7121b
1303f40b
f9cfeee9
0cf122d4
fbea021e
1f364bf9
08280bf5
e0081204
f1fd0ff5
1106f0f3
250a01e0
01230911
fe2429e0
08f0fd08
d5fcfee6
e412f12e
fd09edfd
f7ffb9e6
b738ffe8
51fdf232
17e9e216
e615241b
f34209ed
d90feef1
f2f3f8f3
e001fcda
d8edfafd
4a2f160d
0a0cfae5
e52a3905
0abe0e00
3305f4f8
1feae22c
ec04d6ef
190fef08
e7fd0301
04ea08e7
1654cbdd
0110f7f5
2fd01e01
fd162608
2d0ad8e8
fd04fbe9
c511f521
f8ef2c2f
130fe1ff
01f2f7e3
11ec7ffb
0bfedcfc
081c1dea
fa0ee5fb
f9f608fc
0ff40c00
0ce512fe
2e33fde5
c504e3fd
e5fed315
0f0709d7
f60a19f7
00ddf5fd
ee01f5e3
eb37f1ff
1ae6e200
cc0aff0b
10ecfcf1
15fe08fc
e6e5021c
f12dfee5
f0ec24c9
00e8cc3c
8120b5bd
13ac41ea
826dfed5
3fefa2ef
0c1ffc3c
e8e7010a
43012822
a69c7310
0f0ff705
1e0cea42
19fec8f7
05fb20e1
e0f1f7e3
edc80bde
0bf22aeb
1337c917
d00ee22b
acf42216
e1e923d7
10f804f8
092a0feb
ebb7e11f
0be2ff1d
e49d61fe
15f3f6de
ad03e3f1
b1dd0dfe
040816f4
e316220d
24f0ed04
0a0a0c3c
1ffcdf1f
e508f2ff
f9e7f8b9
e8f31205
f8f3baf6
bf0125ef
f201e1fb
02e32dce
c4fe0b0c
fde50100
06fcfef3
16f5f305
1109ec16
faf4fae4
262b12e6
e811f3d5
2310182e
27f8f713
e107d405
160bb8e5
160015cb
81bfe4fe
34f2e8e7
2aebf7c3
d91c04ee
1ec2fcf8
f2ed45ba
13e2f31a
f9fd1a07
0707f8f6
1a0be436
ecddeb61
2ac82a03
1bcd0ae3
eefcf6d9
1c32e4fb
22fb201a
ddfb0ada
cf110ff4
070ff8e8
06e80714
ede5d6fb
08ea37e7
be0d0ef5
0efae8dc
d6defc33
f0e7f9f1
06f7fe05
fbcd1009
3198f2f9
ea080d21
0332e7f8
0efcd0fc
baf4021b
01d9e4ee
0be1cc16
ef2bee16
ffdde9fb
d7fd150f
fc24b3f3
12f6640d
c9ef0ae8
24c90bf7
f50ccc07
0f9df632
1e0ffffc
de01db12
f7e5f3e4
f9fe2701
e7f91003
54e212d5
fef3100e
2527f31c
e545fd2d
c127d118
27f22711
d90b1116
0ace15fd
ec1823fa
de0c18b2
fc40dffa
f119e7d4
3df6db09
2508f3ed
0a0a08ed
09ed08f4
151b1ec9
0aef1012
153210de
d91fd4ee
1b19eb00
d911fcfc
1ffdcff7
cff5f221
d70d24fd
08df19e0
cd3f0f22
1a24e6e4
c2fca7c2
05d2f005
f6f318f0
edda2311
cb2421d1
e21b21c4
f947eff0
ff040034
2705021c
2de3fb29
ec042ae4
fcf9f3c2
ed0f0927
01e72114
0d50ced4
f03eff06
cee011d9
4bea50f6
0d09ee0d
662f0cd2
fd0f0d22
f9d82f01
eaebf6e9
fc0000df
fbf32b44
072e0608
0200d701
3c0505dd
ff83f148
2cefda2e
031d0921
c709fc25
d2f5c6d7
ecf3ec0a
e507ebef
eef40307
071a17fb
ea03e60d
f646210b
04f3f602
1208fdec
fef208e9
f3fd110c
e4fafe52
4216f2e8
f6df0319
21ccd1c4
fa39020b
03edf412
08ff0104
0806e5f9
552003f5
00ff1501
e0f42c1b
202abfe0
c8ffd2de
eeec021b
d118f0f3
0efdf2fe
e3f5f554
15c9ee02
fd0c00ee
f1e15011
3211f9fa
dd172f21
0811f10e
eaf9edf6
c7e20500
1d02e0ec
ffebf1e5
f0f6c108
f8d3ee0b
1fe639f2
5026f1ee
04fad2e3
2b0ef8e1
f7e71101
16db03e1
d6f5fac7
d317f9ed
51ede9e8
d920e63d
f30ef60a
eaedf219
2d0c0dfe
ff20d909
155806dd
e32df60c
35fd34d2
09f8010c
f110f51e
0edce3e6
81eb11f6
f8da083c
062fe103
16030bda
eb20e2cd
182df501
1703d133
aee8ec23
0b05e7f4
15f9cf15
f529ff22
060fe702
eafc32f5
6303efe5
fb04312c
eeef010c
d1c5e7fc
e3d203f5
02bbcaf9
0c49f208
2e12e4ce
27e1ec00
ea10fedf
d0c9d7f5
2703141a
fead3119
e74c0b19
0006fd03
1213ff17
1a0e12f8
0d1404f0
0a1dedfb
c60404fa
faf518c5
d6fa07e7
f818fa10
1a0a04d5
f2ebf9ec
ff0521c1
f01b0152
5e021c13
11d50d09
f1fd2cc3
fed9ee1d
e1fc0cdf
2ffe0101
f3ff2b16
3305103e
f90e1bf1
d6edf929
1614f006
1739eff2
e1f8fe07
2c0bf90a
140f11e4
15e104fe
2a05fef4
e8e8f225
0d33ef1d
d4220227
fcfdff21
130507fc
06fc20dd
2beef6f6
f7d134ee
19f319be
eb1f15f7
0a01e61e
05eefaf6
efec16ef
0f0520d0
36101320
081c1bf6
f8e62b24
0cdb11e3
1a0a05e3
2dfddd17
fc1cd50d
0706341a
24fd1eec
e435f4fe
ff1d07f7
17129301
0619280d
201507ec
c6f72dfd
f50d200d
0d380e00
eb28fef2
022d10ba
fccbe9e3
e9cdf4fe
cf0bf8ee
edf21b17
0300ebfd
01f92022
e86812d9
f229e3f0
12234713
f0ecfb0e
03e2c4e6
ece101f8
0d00ae00
0e020ad7
abe9fb1b
eef82a13
28314c1e
f73e0d11
0efe06ce
f9e536d7
e101cb07
07fcee1c
212cd915
faec35e8
c8e6da12
0d01fdf9
52f8da3f
ce14030c
11f4f50a
09f41817
eb1705f5
0f0e1ae2
16109b31
e3e1f506
45f04eb1
06040538
e90ee21a
1ee2e64f
f54cf804
fd03e8df
f4f9d99a
0ed306e9
b701f610
ec1908e2
0d08d0f3
0def0056
120e27f9
07f7e119
0a251c15
c2ecdfe8
14dd0ef2
c9f722ef
1506f308
f72cf911
f5131706
031c0aea
10da2abe
2406fe2a
2ee4e443
03fdd5ee
09fe1a0a
79b80f0d
06121de5
ff0ad3f5
0d081ac9
0be01bde
fa05c9f7
0d09eaf4
18fb97f7
062c0801
cf3c060e
031810e7
f865e10b
e919e3ef
bfdcf888
3a0e1b07
25fc46fb
d3d90b02
07ca14dd
20041dc7
07f242db
121621e8
dbe619e1
df1b1ade
22f0c916
e9232c9e
c1cecbf3
0a21093a
0ca4cd3c
d218edea
69da09ea
c00796db
ef09b6e6
d103f111
35f8e6cd
1cdf011b
f00d05ea
e8f719f6
c80dfa24
01f7191c
fafb0113
11f10416
23dbfc1f
220bfe0e
0f15afff
2ad0f004
f607ed57
dff9f1d3
32fc0cdf
102e0b2a
0ef9ed0c
f5ed12e4
08cabf29
04e30b2b
fafe05ef
3325051a
04fbe6f9
2adefe24
fe453517
e707de00
0b3d1e8f
11ffd6f2
d7e607de
2ccc0300
18f7ccf6
0bf5071f
f41308f1
f2e518fe
20fdf2eb
16eaceeb
17034917
050ee9ea
0af917dc
ef17df07
dfe6f205
06e12efe
f1c017ed
f14413dc
fbe51f13
1510e8f5
1004f313
341c09dd
d7ca0016
35ee13ce
c8ddd400
eade3504
1326362c
120323f4
f20b2c37
10030200
033e31e2
112ee3f2
21bde0ea
f7f10f11
6115bd37
16f20307
f102daf5
e517fdf1
030515dd
02f108e2
fb43ecea
f50602e4
11ed0fc0
21f7ee03
eb09d709
fd1308d6
f3d80a0d
08e9033b
0222b318
e8e5f00a
1000e837
0e27bed1
0df7cdf8
aee31120
191de0b8
0cfae2cd
e103231e
150936f7
fdef1c1d
0718ec22
0a0aec0e
4a100da0
08e3ee29
211bec17
1a05df16
24f80de0
2f151e45
12e91ae7
0e1013f6
f70ff5f4
22fbf61c
0712f6b9
21b3ffbc
07e70711
f7070907
0d02ff07
0b06eaf7
1efbfc10
071b0509
f7f710fb
0f041ff7
ecdf0305
f7030408
faf5d6ec
fd07ec08
2ceffd06
451528d1
0611ea24
0b2309f0
18281410
c7063828
1e09cadd
eafd1619
fed1f2df
2fd1ec17
130dd1d4
dba3f231
17e7f800
e50e0f10
0b0c052c
f40d03fb
ebed0331
edede1fc
01faec17
037ff8e7
110e1314
a62c730d
5aeb130a
daf5251a
ff0706f9
ebf20516
e505fe0a
13d6cdf4
1c02ed03
0f133651
03ff13c3
1201180b
19e8f9f0
223715a6
04ec041f
268d1c07
107ddaec
41e5fae2
21fdd714
e70a7812
04d4fde4
eef612c5
edf82727
19e7a8e3
1ce6dff5
1adcd5e8
da20f5eb
22fc21fc
f3de07f2
26e3fcce
070ceb08
061f230b
03d5f302
eb20d71d
282cd1e9
06ef0df7
ed250d41
154d07ea
e2d20ae6
ef05e628
050912ff
d4f1e4af
e3fd1ff7
0d0731f8
07290e0e
2729fd08
f218ee2b
0ec52502
f50be72a
be0b105d
14ea1326
02fcf1b4
ee251913
09c5cc0e
07af48ec
e9e7dd24
0f2e250c
d20802eb
0df80915
fbff20f9
0ef501bc
df950434
30fc0eec
d70fea10
0922f6f4
d2ffeb0f
ff0cf5f8
10013bf6
f8081f4a
5728e207
26e000cd
d808dc1a
2603180b
d31c2901
3ee80c23
ef023009
f013dd00
07f90c15
0cd91610
ddfbeaf8
0e33fd1c
0713eb15
0313dae0
03065c0a
f5e9fbf8
03f115d8
01d70e02
04d5f126
cf0ef7db
0be8edfc
db132dfd
16f4e50b
0df20bff
0b370e00
1328e711
000a3a00
27e9f6fa
1be60d03
e4ff02f7
1c0111e7
04e8fe12
17efe3f6
17effa13
09f70cd3
20312516
132ed224
1ccb081a
d4fec6f4
1c1b04f0
f9ed0406
dbf708f1
1f67b0d6
f51f0ff2
bef8f3e6
1201103d
0f81e1ff
fe17f60b
13042f38
f807fdff
09dd3802
f72710ee
f1f3de0a
ec0511d2
0d0637e7
12191214
17ca03ff
271618d3
0cf00000
330ee70a
190bc60d
ff0e191e
0bfd6001
f9d80513
fa0af6f1
ff1408f0
f4252205
46ec1402
0219e936
130cfff5
0aec64fb
05ec0d06
4ff82cbc
0ffc11df
0604ce24
fb1518e8
de12a6e4
e8e9e811
d8fd2831
d2fe0dd6
fa14f527
f233fb23
3058de3e
edfee518
3b000a35
190ec1f9
f90cfe02
eef2f0ed
ea22fde5
02e0022e
1304fed7
1ac123fe
0f0debc9
38080934
03f7f515
0f24fd55
e8360dfa
1ae0fedb
f22eb602
e325f629
fd0a1b1f
12d50d1b
e807e1d1
01f9f85b
252816e7
eecc32bf
cce415ee
191fedc1
14fcefff
ce1606e1
03060611
c204f1db
0000eef6
f5250117
0fd9fb21
f3f315e0
da1d10e1
f4fb0309
e0ebd913
c5200ab1
e4b5ff0f
19010a31
0228f350
1cea1f20
1512f23d
3716d333
f2ebbc07
20e22193
d912f314
fcf6fd21
ee57b6f3
ca3cddfc
01f8f3d3
fdf4460c
eb050dfa
0c2004e1
bc001dfc
dfe9302a
f02a3a14
0859100f
fde1160f
1d21ea29
09fdd107
3fcdfae5
2a1a13e7
eef3ff0b
cb2b06fa
e5eff70f
2cea0724
e2190306
18fce9f3
080ff7fd
ece1f7fd
02f20a26
06e40c0c
051216da
0d00b321
fafdeadc
fe0d2111
02fbf8e8
dcfbef1d
271beaf8
0f1213ca
ffebf849
0ce6ddf4
c7f10dfa
16fa38ff
fd1e001d
d2f0f9ed
e516f0cf
fcda3b1d
f11b0d1a
4902cf26
0701caf2
e504faff
c1fc13de
0ee4d8d1
0ae90fe0
ed49f0f5
ece0f708
db18faf6
1017d2eb
f7e7f112
c7e90fc0
f5fceae5
fbfbf413
e4dc171b
06e5221c
2004d333
bde93af1
1a021cf2
04680d0b
fd0bb80a
020bec22
f2ccdfe7
d5d607e6
3106fd0c
01ec0f1a
f6f2c721
061e05fa
ce03121d
ff09162e
1833db07
0ed7001a
1b18e8fc
28d33409
f3fde0f3
0bff063c
0541ff01
ead233d9
f33af9f7
f9fe07f5
f8e8efe7
f2ff02df
fffcfe12
0c0cfdf7
e9ef0812
f70b01f6
f9e21b19
d4ce0203
02f5eaed
e7110b19
ff0df702
f51f05de
dadde317
0a0df410
f9282aff
03f31b1f
0f1e0810
06eef7f9
e712dafa
e30fec15
f9d6dc01
fbcd001e
f91ee713
090d0b18
f9202550
e5bf11f7
1302dcf5
1f21142b
32fdec0c
e9f00e0a
21c0bd1e
05e0fd13
1602a215
d1e203ed
07e8f600
f6022af4
d9c6ccd8
0e0e0d25
0f26d31a
4b1f34fe
c109e2f9
cb0103db
06f36a31
0b0d17fd
3609f3fa
0424fbf1
e1a4b727
1210ecf8
1900ed27
fa11cae0
13fd37ef
e815f4f0
0208f8f7
04e91e4b
23d40b28
ddbafd26
f7ff2fff
ecf2af24
f9f6e7e5
f037f008
dbd324e7
13e3ff01
eff425fc
1f0af502
13ef1f0e
0224c9ea
19f4f2f5
eedf0cdc
1e2ee8ed
f1f2f613
f6e6f11d
1bed0510
eafc04e6
23fffdf2
0e07f0fa
f1ee0bd5
e8eeedfb
02080707
0f0b0b33
1333faf4
0514f5f9
d4faf8e8
f207fa13
1cf3fd06
fdee10e0
d804eb1c
07ef2029
eef815fc
0af6e9c7
f8edf408
ed0edc13
140b15f6
fa19f7e6
110dfff3
efffecdd
f806f7e0
36f2f444
e705fef0
1811022d
f82105b1
dbdfcdd8
030af815
ecea06fd
f8100ff7
05feea2b
1a1136f3
250ce207
26f3f5d1
11ed210f
3ae02634
ec57fc29
e553d6d5
37e524de
e0e1e1f3
05faa7e6
f703f6c8
ccd4e7f4
00f0313d
0ae6f71b
e4e7e3f3
fef7f21a
cbf4d9b0
12ee02df
f1261ced
fdfa06f0
2cea3b22
eef703f6
08f8f30f
f20a2500
18f4100d
f007f9ff
f8e5050d
0ee0e60a
20d91b1c
0308c3de
f71afddc
2feafec8
1e150dfb
05fac9fd
0821ffcc
11f1fc23
f5e60714
b91f0213
eeb00ef6
29f2bdef
e8072216
06180af4
343b0121
1a380f2d
0203e815
20424b81
dec0fa16
efdf0815
da0017d6
07f5effe
2b271903
edef0126
0ce4ef0f
f4d034f2
0cded51e
fbf5597f
33dbdbf3
0cf616f3
02d0f5ad
27f0ffec
06fe1af1
139dedf4
1cee08de
fc1a1015
16fca9cc
1cff2cff
1825f4ec
e5ec0afd
05030adf
e5c1eef9
02f512f3
39f414df
08063cff
00ffe832
1df404d2
c81bfa1a
0c1a0e01
ef05bf11
023d11fb
09171dfb
351af514
fb0001fc
e0f9ffff
be140509
f9ee1ee8
f800c21c
12df2031
d525b9e8
fccf2804
e5ee08fd
d7fd1c1d
3aedcd45
e708efe5
00fff101
f9fd2b18
0b08e140
e8f722f5
ed06e608
1834fa07
0fecdf13
01000c0a
fb05e4eb
d9f7e4fc
19fee9f6
cce30e0a
fb05f906
070704e6
caf40d19
08051418
f1134328
001c0206
fcf6a6e7
102f1d4b
0af44d14
ea041c1d
280bfee6
04f9e32c
0b1cf6e5
df0b0a05
2ae8fde6
e9eae6f3
f908f1e8
1426f3ee
d501eb2a
f3151c0e
07f2f9fd
0798f8e1
c6dd2006
cc2ad3de
1df8d616
140014f2
0cc1ec0a
3310cd63
15e500db
05db13e1
d0ebed1b
f5ffec15
0407a9ec
e2f5ff2d
301fde35
10fd0108
0c24e636
15fd0906
f40509fa
0223e137
f801eaf0
1d22f26f
1d2d24d5
f2fedcf0
1affe6f3
08d20601
05101e03
f40efddf
f003f209
f10bee18
e7df1314
f4fccd17
ff0e03f1
db50dfdf
fff4d7fa
f829eaf7
fdfd5e13
16b40e50
193713e5
fd2d020f
0c023ed9
1fe30f04
e70600d6
24cec5e0
d9f10023
ece9fdd2
cf021815
e90d06a3
f2ef1e5c
e1130017
0204d9f2
c70900f2
f407e6ee
d2fb0501
f5ffeafc
fe22e809
e8fd34f9
e2120b01
df0210f6
f808de81
e808fbfe
ed0703f5
080bf4ee
fefc011e
04eff3f9
33982003
f806d1f6
f10bff10
20f30804
f82918db
131fe8f9
1420ecea
0a1deed5
df0e0e16
f801edc7
dd0ac6e1
eaf7eef9
b803fae5
dbcbf4df
0a01eded
edf728fb
ecc6e8f4
fdfaeffb
111b0706
100e2f10
35eff811
bb0643d7
f607f5f8
f81f38c7
d5bdfdf8
29f201f3
c11ce2fd
160f8eee
e3fcf64c
5445e915
17ffd30a
e53243da
1906f628
e2f610bb
f6fbf1cd
f3021be5
090501d9
c9070de4
f3fc250a
fadc22e7
cb080200
491be659
f81a0123
09f48104
e229f8dd
124f01e1
08f31bc9
be2e0b00
02f0f8f4
1efff400
0500fe50
01f5f303
0a040306
fbf7ec1f
0606f7ef
07fd0504
f23a071a
2f00e50b
f2ead304
ec0a02fd
d9dbf9c8
fbfff7d8
050df801
f41a1305
ddf7e3e7
2be7eae7
36def6f2
edfc26ef
fa19f3f9
0d2d1417
fae0360c
04f836da
08e5e9f5
ee0fd10c
04f50309
f8ef0d02
f0e9141e
0509e124
180427c0
f608b6f1
e5f1070d
ff0802fb
e9f6ff11
fafcdc05
bdf506f9
0708ebf7
1111f3f3
0b2508fb
2e5c1adc
05f64507
ef140fd3
f60ddf1a
3701eeee
00f8ed00
f314f3cd
e3c9fa0e
fafe0610
dce4f615
08f90ff3
fef6f30f
20e80add
0e1316f2
0ef40c16
f22c00f1
36e10015
0a131827
11ffd926
f7012af7
09fdf133
403fedfe
f3efedfc
01d28dc9
0ad407e1
c8010ee6
070fe003
00f7e41f
e4f90c3d
1cdef01c
10fff610
1ff6c413
231a0b17
ef11252a
14002f01
00051e0a
460c040a
0cee0ade
f3f60101
06efdfcf
c32cef12
fbc129be
e426d0e9
effa1718
fd06f6f0
dc02f301
f70cf5f3
ce9f64b0
0bfe0dee
0d0ec800
981c4df4
0cf409ef
0e2e24db
bcfffe03
013f18fa
15250d56
0a4713fa
f2010b32
061c3110
1f05e7e8
ce1dfbb0
0dd9ef0a
2ef101a2
bb1ff731
e1e1eafb
d402de4e
04ec0ff2
04ff0e0b
eee60b07
1fd51205
2a10d2f7
133561f7
f1ffef03
fcf6092b
e7fd00f5
071908d5
0f25e722
11beedfc
fbf9f9fe
02110b06
f2c400e1
2b010a2d
ec40da22
06fffcfa
03e40329
0574201c
1a2cea0f
282ce5f1
02f3e8f0
2a0bc859
ba263431
2600ece4
d613f53d
033c16d9
14070baf
e04900e1
fd060efc
240302fb
fafdef2c
fee9e303
e5fe4ff1
fd041b82
f502f2f4
0d390bfd
fe51f312
28f42d10
de2417e6
050135ec
ffcdd8ea
07d116e9
fe1bddf6
e3f466f0
f30ce4f3
f7070d42
0610173c
120df5ea
0ad8e732
063b1b16
fa0efeb9
fd4b1ee4
d8ed0cf1
d8d008f6
1415e919
0902c4ed
160204fd
0ef2f62e
29f6fa32
0150f456
f9eff715
e9ea25df
15fb0efe
0806220c
2305f529
20f713e1
fcf9f0e5
0ccb34d3
dc13e515
effff0fe
420adbfb
eb07f2e0
10f4faef
de1034e1
e2fbfeeb
e8244f0c
f5fe0a08
fa01eafa
d309f2f0
f4f7f4e9
f30a0613
04f30518
110209eb
f00aef1b
0f0216f0
f601f1d9
e8fb1a0e
f4ecdc00
ee301bba
abddcc0e
09072c1d
ff15c646
e0f7d5d5
0d0df817
0522f3fc
06f6c101
12180c1e
a10533f5
e1edfc11
ff1d2908
1f2412f9
18101d01
360911fe
03f81a14
ebd6faa0
f3fc1604
f71314dd
10ddd12c
36fb0702
e6fc3328
291be2f5
27ff56f3
30c0fecc
3b0131f0
0b09f4f2
1eb018f0
30f30305
f904e802
b80609eb
05f81803
382711fb
d2d0e8ea
f81cfb38
0eccf001
de2818dc
220bf0e7
0af42310
f20ad11a
18fffe12
eb342df2
0bfe1106
0a1defe6
19d30d16
e5f5eae4
2608e9d1
0efe0ce2
fef4f7de
2a0cfd15
18de0714
f6173711
eaf2fc0c
4aeed4fa
f329ec0b
0f051113
ebff0626
e92ef0e2
ec14fae2
ef1decce
ffab25f6
2f1805dc
eefe0f08
e80da8eb
fd25e509
06110726
060df2fb
f83a0609
ee0cfc28
17effd11
e80148e7
f90aeaf8
5026ff31
0031fcea
faf20924
f6ed3616
16e616e2
d41be45c
ed03afd7
16f0f0ec
ee620510
41ee000f
e3fbdbfa
06d4342e
103cf826
fc17263c
b802d2e0
f31105cf
1abeecf7
f7cffd14
f41acde7
f0c541ae
efbf0301
0d0e1a0a
1ffd2b21
1506efd9
181dd958
60351205
1cc63828
0201e143
f81bd4de
26f4db13
1a12070b
1bfe030f
26db0834
e22e09cc
0de0370a
0038a7f0
dfb9f71c
e8f70625
d82403ee
0ff8df16
1df6160f
110ef000
060ce628
fff6155b
ed17fc0a
19fd07ce
c301ffd8
f1020dee
3818121b
e8c125f4
03fb0133
24f32fe2
f2e8f008
43fd39fc
d92906e8
faff1633
fed8e91c
e91bf6f2
0d16e631
fcd91004
0f1de3ff
ecec1932
24f7e1d6
05f40325
fc010dc3
e5ebdcec
f5e40528
1ea2dfe3
11241925
fbe33c05
2502f40c
110b32f9
4df3f2b2
f4dd1b19
08f81509
14e9f3cb
ff2305f0
fa18f715
f21a02ff
fc0bf50e
f9000726
08fc00f3
f510d806
fd050f22
fcdb1723
dc0e0ce8
f6f3f10a
fbf30cdd
c107fdee
f3080808
0e0808d1
01e50c2f
0bfaef2b
07ff19cc
2203ba05
f1fa1fef
b6cff919
33e7fbfb
f6cbe6dd
ca0121fb
f6d7e0e7
080a13bf
e401d7ca
e2f4cd05
dcd9ef2a
0e021ed2
f210e2df
f1dc2b2b
fbeb11fc
110fe34b
fc2d180c
0d02e50f
f12d042d
fbfae4eb
0d0cebc3
d820d5db
5f160504
230213fb
11fd061e
f6ff390b
35dc02db
bd14f60e
eb020403
0d17bbc4
d2f5fcdf
1b1fe048
df12f11e
f4f60226
c7cf0d11
5a0bf3f3
2a16ed27
0b0eda03
141f0315
c0d0f2a4
2c0dff02
04023e12
22232916
dd0203d4
f3ec0c3e
2702ead3
fae8e602
deeef819
221edcf5
08f800f9
222107ed
ce070bf6
e8ef1714
e8e403dc
ff0d0de5
161d2c2e
2e05261a
f303043f
fd05fbb1
adc3fa02
0feeef24
fc02dc07
d7edf9ec
46160642
d421ea00
0905ec29
d101dc13
d609fbdb
152dddcd
eae12f08
30c5fed2
e8f21706
a3183be6
20f804fb
2c2e0fee
d40ef027
2029ce34
18d91a29
1ce911ee
bf00c9db
cbec0adb
e9ed1519
ff1429fc
4dd6c7ef
1f15fb07
07ba09ff
d20ffbfd
0ee713b1
18ff0ccf
f7f6cb0e
f2040dc6
f70808fe
f7fb1c32
09d32006
f4d8fadd
fbdbda09
391f85fb
15f8fe04
270b0bfb
2d1b222a
f2e6ee31
2732ebd1
2cde1ef5
8f04f7ce
5cfd1316
03fbd4dd
cff70be8
2f40fd2f
2cdb08f5
e93be646
3522260d
e7fa0e0a
102c050c
05f1330e
e1dd14d0
e3fbef07
f520d328
14ffd1e4
22ff0c13
fcfdee92
3df8defd
f3f1d8dd
fc1ef53e
f54c0b04
d4e40c02
fb0cfff3
efdd0bfa
e8f0f310
e21bfd1b
1612fcf9
eeedf7ea
e1350210
2221ec01
eb331717
e638fbe4
c7fad92a
fa18d7f5
131115fd
160f0802
04e61701
f5130216
1422440f
01d4dee3
c90ad920
241bef17
22ef20d9
e90d0a12
e4fc15f1
12ed2afb
1203ef43
33c5ee17
0ecbf625
30fbdfec
12f9eee6
270507e0
e059f80c
f5f4faf9
ec0f19b3
14d60efa
f3f6ccf7
04fbc9d2
03f7e8fb
f01f0bf7
01e6dffe
0de8f826
f4e61014
e1120a03
f8163ad0
ef071811
e60ddc01
c815def6
460bf605
0cebe3ff
c4f92928
20f0e5ee
eafa00e7
0efe35ea
130a3d13
15fa0afb
f81a00f0
e50e1100
18d50d02
def509f3
2214051d
390ee929
2408d90b
f52ee230
eaee23ee
ece201da
f830f722
49101020
c4080a07
3328b6e2
16026ee6
fb0602fd
ffeffcec
f6e2f6e4
fcd0ea16
02fbf430
00fbd509
0af015ff
e8f414e1
0516ff3b
61f7f132
fda724e3
b625e926
f8f60ef6
f80a1cfe
ff13f1f5
0f04ece2
103705f4
09f90cf3
0419e7db
06bc2f04
ed391903
1df31a1c
eff54558
0a09b2ec
1213f3ec
082e12f8
fcf527ff
eb40ef07
0dfad9fb
c2f4e9d3
fbeeeaf6
fbefeece
2e03101f
ee080613
e8e4211d
f2fd201d
c3f9dfef
030605f9
2eef060b
ffe8040a
eaf708da
06271df2
f4fb2417
02b811e3
d8040df8
d705f327
06f8203e
0e260dfb
e40febdc
2225f126
1e280119
024d06fc
c7f2e4e6
d0fadcef
f80613ea
f1fe422f
340610f9
eded17fb
0940d212
0df736fb
2dea1af0
edf33bfd
0629fcd8
13001bf7
372ef411
bcd9f114
00ec0300
d7abfb31
0beff4fb
20ec18f8
4021cbf0
08149aed
302fdaea
b7f205f4
e7d5deed
d13b40e3
ec090220
e701f310
190acd27
f70057f5
c9f004e6
2503f3f7
0d14f5d7
f5efe2f8
c517f9f1
f0e50ee6
0b180702
0dfa5916
e40ff8d2
05b51ee6
18f724e5
f5e51e24
17431ae3
1f12201e
2d020af4
fa020205
26fb03c0
eace0704
07f8112b
11f7c208
07140aeb
faf8e9e1
06d21b17
010605d1
de0e07ea
df12e710
09011e10
0316c625
d944fd10
210a101c
16f032ec
e8fcebf2
f10c00ce
d4d6fad9
1af02dd3
e9dccd03
ee54f9dd
48ebef1e
1c22110f
1bfbf124
fcc7f2f0
fadaf8f4
24f902e9
d73af1aa
0cfcfd07
fcf5d5e4
f10702d5
06f9e7f2
0d0413fd
2d43f0f9
d2f8f01b
e0f2271b
170c1edc
2ff7d21c
f91af8e8
1ffe310d
1c1b12f7
0beee7eb
1a0bf600
0fc0df08
07a50af0
020a1235
e813bacc
0301b2e9
0f28f10c
01c8fcfb
1305f907
04e6f81b
bce6f7df
21ef0993
fe0704e8
fe05f41a
cdc50907
173f16f1
1423f0f7
0cc00c03
d9f9f301
1703f9e5
13fa07f7
f312f8ef
0e1beb3f
ff1c2304
ffe51ff7
fa173103
2b4b0df6
d21d01fe
f6cb1ff4
f50b43fb
05f3040b
2deafff6
fe0cecbf
01e5dfda
05fe1406
0d0df9f6
01faffff
fe34fa08
f90013f4
f8fd1181
fc01f8fb
0121050e
f51b0ce5
3707e82e
41082bff
1a08f702
1519f8e8
0ad420db
0cdb1c0a
15410908
ee09eb32
22f20040
ebf90f14
21ff07d9
ddeeff0c
1e25e804
0ae43fed
edefe1f1
d5e80ef2
1c14f32e
ffe3c804
e4fed0f1
d104f4b2
ddb0ff13
1c14ff08
041e15f3
16dffb0c
2404f8d8
bde49bf6
e8f015f5
bdefe9f9
fa0efdeb
dd1e0906
1eeedf04
fa08f70b
dff7dd27
01ed17e1
0301c0df
1f2f1d23
0a25dcea
07c5321e
05fefbed
1513eceb
0a0a1e49
08e75ffe
0f0d34ed
2e3fff07
21fcf5f4
ec0e2204
0de81b16
e714f1ec
e3e4c6da
bbd4ead5
15f5f0eb
09331ae9
f7d706fc
ff092c0a
0ad6feff
e3eeede5
34ecfbf8
4307bfff
fe03c4f6
da03e0d7
d6e1fced
f6d6f645
fb381307
fabee606
05faf5bf
06ede5f1
f6fb1a04
0c0b0172
e41005dd
f0db1f0f
16d0d334
4802f413
14f7fdc8
2b011940
13ff05d4
04ebe249
1022fae7
ffc4fafc
e36126e5
73f57f7f
007ff899
7f817f5e
811e3f7f
7f810558
c57e7f33
817f8181
7f4f9184
0305f1fa
1b01ea1a
12240911
08004711
02d4fef1
28f610e2
0b031def
102bd4f6
10171204
0ffd01d8
24191c06
1503fcef
f610f721
1b170317
09d5ffc6
da2af8f9
0b1c12eb
0ef5e42f
021f1cf8
08fa0a0d
34e60db5
06c8fd59
1d06ec07
e62ef91d
d91702ee
0d02f915
1203edfc
fef0bdf0
d24a03f5
01f6e8df
09e81b16
efffdd1e
0cee0115
ca0dcfd4
ddf90506
f90638e4
e60405ef
fedf0418
071df619
0b2c5320
1325f5ee
0ef52af7
09f5eef8
060923fd
efefecf9
0e180907
0be924f7
fee9d817
2d0620e9
be0cdde9
d926d0f7
ebeafe16
0aea25e0
db0a021a
062bee36
03f4f138
0ef5fcfa
05eb17e7
01020c11
010c0127
0ddbeef3
ec0b0b06
06f3f231
fd080113
fdfffc02
0307f7e8
0606ef15
1001fdfd
fdf40307
f8f0fbfc
edff01fb
03d4dc02
fe000204
ff07f4fe
0010f7fb
eff90001
03eafdf8
ebf804ff
fc00fff7
0215ed02
03fc04fc
03f8e908
fa4d080c
0806eefd
1500051f
04ec0bf2
ce010a15
fc29fcf8
010a01f8
fcfb0ef5
04fe150c
f4f808f0
eefc0c05
fbf20412
eafa05fb
00e90c0f
f503fef1
05e2dc15
0bc8fbef
def4251a
ee0a09f8
0c091c0f
0ef7fd0f
0c011412
ff01f401
ff000ef5
03fe05f1
f4f9240c
f6f6faf6
fcfbf729
37fcf9fe
031bfd17
0200fe01
0500f115
fe49dd00
0bff08f9
0cf703f8
eef9ff08
eef813f5
fef8f505
07fcffff
00f9f407
fa10e5ff
160008e8
201c0214
11130bfb
1604210d
f84d1df9
fffefafd
fe08e505
051619f2
000009ea
f2fb08f6
f000f50f
fc05f5fd
02060a09
00f80706
05fdf709
04fefd07
1506f2e2
eefaffef
0be409e9
000c1204
ff0804f6
01020407
0008ef15
00f50328
05feffe5
f5060014
fbfb03f5
e9fe09ff
ff0105f9
f2fffdfe
0201e8ee
0ee91202
f7f2fff6
ed1b0d1a
0cf80108
27f6ec03
0f25070e
0103ffff
0004f2fe
030ef6ef
fcfbf004
06fa010d
1108fbff
01fcfef6
fff615ff
0103fd0a
010f1aee
0702f413
1c01fbff
05fbfbfc
f603f10b
0c05f80a
00ded40a
fdfbf802
06ff0c01
0601e805
e9eaf00f
230bfefa
f41ffe07
b2f205ff
03fdfe08
03fc0201
fdfbf4ef
fb1ce2f8
1c0cf5ee
210dfb0e
221d0af7
080e04df
fc481af6
f312edf0
f40911f8
0eda14d2
fc1ceb36
d6d1f7da
f0dfd2dd
2afadefb
0eefe705
ee0ee0e3
e903da26
1733e221
e0000fd4
362b1a2e
c8e62450
91f526fb
161d2535
00fe0b03
01f7000c
fc060517
fe03e905
edfa07ee
df1ef4ef
e407e6da
ffeff5f7
0501f6fe
01fd0a07
fe01f2fc
0808e708
170900f8
0c02f218
c4051215
fb27fd08
0109ff00
f90e0f07
fbec0604
05fb0cfc
04fd03fa
fceaf81d
e7efeaf4
0192080e
00f803f1
010b1817
0113e9fa
e5f2231a
130f0209
fe1efde8
19fc001a
ffea1cfb
fdff0814
fef5ef12
f300e2fa
240cef1f
1000effd
e7fb0c08
f7131106
0202f20f
fc010503
04020701
010fe4fd
fd040c0e
130cf305
10fa03e7
05fc0c0c
0414e8f1
0101f906
020e05f6
ff15f711
f4000102
efe6fbe2
d4e7f4f2
2aff07d8
feefedf5
fdfefe0b
030af516
ffffff0b
fa07120c
0301fb02
f619eaf7
1a04f805
031303f4
01fd0404
0100ef10
fb181af4
e0f5dff4
080bf605
fcfded03
08fbeb10
fe2fec01
02060101
02fafaf3
04eef2fe
1f08320a
f5fffdf8
f8ff0318
2b0904fc
ff1a180d
f503fc00
fdf8f902
020a0319
01fce80a
f5fd000d
0b0f060a
04fb010b
0cc4f50d
0802fff5
08f7fffe
08fdf708
daf1e5f1
f4120600
1ef3fffb
eafef0e0
f7e70ff9
fffffd03
fbf9e9d2
00fdfb01
f0fb1a03
f8ebfa34
13071201
f9ff0123
02aaf103
fcfc0005
ff05ec11
00faf6e7
04043411
fcfdf8e7
dc0f12f7
0b011c0e
04590dff
fa00f906
fb04dce7
0308f2f5
0f001614
0b030700
d9f00c0d
f5f90108
0832f70a
ff0301fd
fe00ef0e
ff0308fc
fc00e40f
fb150305
05e7fff9
2d01fbfb
01e7fafd
02020405
01130bfc
010f0108
0801e20d
fbed03fe
0408f1f3
d6fdf803
fdfcf4f7
01050500
0a0c0700
0ef5fb10
e2f50df7
dce5fcfc
f2030cfb
eb0a08e5
ffbc0700
0aff0b02
00f6ed02
fa0f080b
210ce4e9
ebf60bff
03f811ee
e5050a08
f5c31ff2
0bfa050d
0809d719
04111e0b
2007e3d3
f408fff5
eddacff1
e90e0003
f402ccf2
ff010104
020208f3
01251004
faf7fa09
09eb0112
f8f5f005
16f5f00e
010bf804
fefe03ff
06f0f3fb
05fcfdea
f5fd1700
0701fd04
181906fc
f20403f7
0234fd02
02fefdfd
0bfa0107
0800fdfc
ddfc05f4
2225f803
0a0e1900
060422ee
fd1cf4f9
fffe01fc
fcf606f9
fe05f206
fe02e6fc
050c0007
fb090004
ff05e8f0
01d91007
fd02fd00
02fe0ce8
0329f815
07ffeafa
fefa0217
1800f4f7
0efaffec
03f20cfa
08fd01ff
0afbfe20
06fa161a
faf9ebf4
0128f7ef
f6ee0205
f6040d0f
f848f204
f8f9fe09
ff090cef
001aef04
0200f111
01f5fefe
0906f8f3
0b09f8f3
090ee5fe
010303fe
0af32e0f
0814f43c
fafeb6f4
ec0dfffd
4819f2e6
df010305
fe1be8f1
09f9f408
001526e8
040bfa0f
dbefe505
02fb0218
fa0309fb
fbf3040c
f7faecf5
05fd0e06
fe02e2fd
f512f2e9
1205fa27
f8fefd12
f518fed7
3a00f1f2
f9a4ebea
fdfaf90c
0106f9fc
0106ebf6
0a00fbe6
f722f9e7
fef31cf5
07001407
03f5eaf7
00000812
040cfc09
fcf80305
01fcf303
0315f601
fff504e9
17f9f416
ffdcf8f1
f8fcfdff
fe060ef7
050fffea
fdfb1f0d
10f50409
f4ee0603
2bfff7ef
0920110b
0a0c0af6
f801fe0b
f2f4fc09
020310e8
f700fd0f
f50c201c
ef031ada
f6170110
0dfcfcee
04f60de5
fef3fefb
f9001612
eddb01fe
14e9f806
09010402
f3dbf601
ea01fef6
0de8dc04
0bfaebfc
def6f009
00f308db
072c08e8
f8fc1126
16e7f2fa
0001f8fd
00ee01fe
08e4f8f6
fefb0bfc
01040bf4
23e50018
f8f704dd
01c71b0c
fff5fd00
0905f9f0
0cfa1702
f3f70bf9
e60f0301
31e8f0e2
2308e00d
00e617f3
fcfefd08
fe1deefb
03e90e06
11000aee
f7f4fbfb
e70c0504
eafbef02
0403da04
f80501fa
05f5efed
0818fafa
06f9170b
0ced1119
d1e8fe12
e3f11017
08e90f12
fe00fd02
fdf711ea
03edf804
f9ffe3ec
0507080d
12f81009
f80801ea
03150206
01fcfbfc
fef60e0c
ff0f0a08
13030c05
ff090805
07fbf828
e312f014
001be81e
f7fc0901
06eee80e
ff16fdfc
fefbfa05
020a03ff
12e9fcd5
0bf804ed
07df1bec
fafff7fd
0103ef01
070dfa0a
eefaf7f8
080701fe
dbfdfc14
15f6f203
07f4e50b
03fd0109
0507080b
0106f4fa
01fc050a
1016f4f5
160702f2
27fd0afd
fc0d06f3
fe010201
0009f9fb
00f8f8fd
f5fa03fe
08fc0506
0211eef9
e4f7eef1
01dd03fc
fe0302fc
fafc111d
fffffb0d
0800020c
08050fed
d9fafe04
fcfd1317
0209fb07
f90601ef
02efe211
080afcf8
e7faf6fe
0f0c180c
0e081afa
05eb0efc
07fb1bfa
05ff050c
040df002
fff0f8fa
150307ed
0609f72a
e8f51208
f90e0aeb
fb3f1508
04fa0001
020300ef
fe10fafd
f2f90e13
09f8fd00
fd06eb09
0b07ebf2
fc43f205
fe000306
05150c23
080c12f6
ecf7110e
01fcfa03
ee040301
f8fcfc07
02072702
0e02fe03
fe000504
fe12f9f7
210af8f8
ff06f7df
15d4fb25
fa0ffef7
f303e910
ff01f9f1
fcf808eb
0208040d
f2fe0a16
fbfb0afe
e81d0811
e5fc06f3
0224060c
fd03fe01
fc030405
0916df0b
270bd8fb
2423090f
182d1afb
e50212ef
03f002fa
00020b02
040dfcf4
ff0a0204
15051eff
0df109fe
d1eafbe7
d7fb07ed
ff09f8f4
f4fb040b
fcff10f8
f8ef0afe
1302ee05
0cf9f8f0
0bd7f1dc
09ff0951
0c81f2f7
fe01ff06
fe00f514
ffebf605
f9fbff0b
fffefdfb
faedfbfc
0dfa0601
02acffff
01f6fa02
05fa0b02
03f602fb
fbfcf106
032803f3
e3e6090c
1d000afa
ff33f206
05fdfe02
fffcf606
fde7fbf3
0c021c05
00f80103
fe1cf5fc
1505070a
fab127fb
fc030ef6
f906f8ff
fc0bf6fd
3453eb05
02f3e5fc
1404fdf3
147ff901
05dd07f6
01fc00fe
fe0a0ef9
0010fc0d
f7fff418
f5ec0301
e3f30400
030af705
ff17d704
fef9fb17
0002f80e
0123080f
2007de02
0deff30b
0725f6f4
010b10fd
023df0f7
00fe0711
020cf316
fd01f70c
0cfeff14
fe04fdf9
e50908f3
1909feee
ff12fffd
fe00fbf7
f9f7fdea
00fc031d
030a08f9
f60b15fa
c50c05fe
c6f60e15
020a02fa
06fe1200
0effff05
fd20f701
441bea08
0edc0801
f3e006d6
13100318
f8c421e7
07000503
0f07fb0b
0b0114ef
ebf9de08
19fbfafb
2eede5e0
4c07dc21
f8cbf6eb
03f9fcec
03e3010e
0307f516
f6fbf7f0
0dfd0ff5
061cec0f
db050ce3
fd1dea0b
06ebfd06
81f705f9
81f80705
2e10f9fd
fb05ea03
02fe0101
0afa03f3
f9ffed08
0401fdf5
05fb090f
09fcf109
fbfdfd00
1a120904
09021308
ef021c05
fd18ff08
050104f9
feeffdfe
feff0f13
fcfdea16
f4ef031e
30fcf303
ef07060a
fb0af704
0a06101c
050a100f
092a1cfb
f6f813f6
ef0d06f8
ec09e4ed
28f20f1d
f6511ce6
09060403
0d0efdf0
0e1904ff
0c01110e
01ec0413
c107f505
f4fef4f9
f6d509fb
12f6242a
1011fd02
eaebf2f6
2813e510
ee01d8e9
38d2f690
601df8ce
e8ffdbbc
08020401
fc080423
fc0002ff
0c05f60d
0f4201f1
0211f7fb
0208070b
f801fef8
fdfb0305
05fc1702
06faf818
f9f8d3f9
0d08fef9
180cf3ea
1f020004
0311d2f9
00fffaf5
00010614
07fbfbf4
f2fd1312
02f40afa
e0f5100a
080119d5
00271408
02ff00ff
05fd0901
fff20016
f601f0ef
ee05fcfe
23f6fcf2
de07f4ed
fdf0eff6
020c1910
eefaeff0
fd29f5fa
c0f0b923
e7f80ce3
52fd0290
35ff0ed4
fcbafdaf
01f1090c
0a13f10a
fce80603
03f30bf8
fffef70b
fafe00e3
2b06eb0a
fdd5eef9
03000805
03fd12ff
fbf3e3fb
08fd0dff
06130100
fddf04fb
12fe04eb
fce409fd
f702040c
e90ff11d
f11804f9
0ff80ff7
fff2f608
2317f2f5
1ef70217
0a150201
00010807
0002f60a
fc09ebfb
0d04dd12
0efa00ee
f30309f2
fcfff6ec
ffd2ecf7
fb02ff08
ff1dfc0d
0416041f
e8fd3002
f007fb12
e80af9f3
2bfcfae4
050f0bf4
00fe0902
0202f6fa
fd0601f5
0f00ecd9
ec16fe01
31ec1aeb
ef03fa03
ffe6f2f7
f9fe0006
03140014
050509f7
fffafb16
1afff519
e1e3f401
13fdf330
07bcf20a
7f0af5f6
04fffa02
0403f9fa
0b040bf9
05070a00
01f2016c
03030106
8119e200
01fdfc0a
02fbd207
fd20f6f3
0cfef4ee
f4f0fe0d
0ee9fffc
f9f4000a
ffa31bf9
ff000302
02faff0b
ff0c0201
0701e107
0810fe0e
2309f6fd
f102f8f8
01230cfe
fc0105fd
faf50cff
f9d2f5fd
e2f9e5f0
000705f4
0f09fef6
edfa04ec
03ca09f9
fe01ff00
03f1f80a
0411120b
f3fce40e
f90afffa
09f800fa
0bff04f4
0238f9ff
0d02f7ff
030d0dec
0bed0602
f0ef14fd
f4f40101
00e70a1d
e8f10915
f40ffe0b
0302fefc
fcf81204
fa00091b
f6fce7e6
0e0d12ff
d21e0410
c5f7ff0a
fefefc05
030606fc
04f30efc
0004f514
def902fb
1607000f
fc02f8fa
03fdfcf7
fdaff8f8
ff0001fe
03fafc04
02f305f3
00fef909
edf901f5
0cfc0206
e8fef0fd
011c0e07
f2010600
020812cb
09ec08fd
e6001709
fb040326
ca5a13fa
1f06f9ee
0e372cfa
0205fbf0
00fbf500
0b010dfd
f4040cf0
fff00804
e509f228
c215ff0c
ffe51819
03f8b900
0d7ff505
03000004
f8ffda01
fffb810b
fff1fe01
87e4fbe8
fd0101ef
01000400
03f3eb10
020500e5
edf51a02
fe1d0601
220d0f07
f3fcf9fa
001d2600
fdff03f7
02030afb
04e61800
0006d900
f70b0301
fcf018f2
1402fc05
03f8fff8
020403fe
01fe1b00
03eb1d28
e8ffe7fe
fefcfe0d
04edf4f9
02000802
fe02f3f8
00fc06f6
01f71ef2
fe06df16
0f07f305
210208fd
d70901e9
f2021a13
ff01e6f6
fb0c00f4
fef8f7f1
0514fbf8
04fd0611
0efe0b07
e9fafb28
e3f9f5d2
06f70e1c
00ff0905
04fbfc07
fef001fb
090101d2
120d03f8
02d2f9e6
060511e5
ffe406f3
fd02fbf7
0301e9e8
07ddd5f3
f3fe19fa
ebfe06ed
e1f01011
0703f8ec
039ee90c
fd060704
03151900
01de0708
fafef3f4
1111f804
e01b13f5
0201031e
03a1fbfa
07fbf9fb
f603f6e9
f61d13ff
effd0b0d
1fe8fe1e
f327fc13
0df9f813
fafd0e07
08fb01f4
04ece408
01fff619
01ff0718
e8f7041d
1b0b0cf2
280810f8
f7f50ff5
fe0cf0f2
f7fa020c
020602f8
f7fe2521
f7010a08
e806112f
11f3000b
041f3718
fd000501
05fded16
01e9fbfd
0efdeffc
13fb000b
0cf612fc
0b02021e
03e2ee07
fb0103fe
03fef813
060cf8f5
f3fbf9da
090607f4
fde600f6
e805fceb
050b0cfe
0cfe1918
0704fb0d
eb00f00e
e6f816f9
fcf6fbf9
e70206d9
39fc0bce
f1a7fde2
0000070c
0406f1e6
fffef104
04ff030a
f3f5f61b
15f80ee1
f801fb01
00e5fcef
fdfe0afc
050e21ec
0205f00e
2408f2fe
fee404ff
11feface
170a0ee8
0191e2eb
fe0c1003
0409f717
fef30005
0d040318
060af6f6
0a1714f6
fe01fff6
010ff0fe
0002fdff
fd05f50d
00100507
ff00fff1
ff120406
030ffd06
1ffbf2fd
011bf402
01fffcfd
fef209f8
fe0afe0d
3f07f8dd
0c041306
03e7f80f
dffc0305
00e5000d
06fb0a09
02fde9ef
f9080902
f302edf9
f907f820
0c1605e1
340aeffc
f91910ea
07fdfbfd
02eef707
fffffa20
f7f8e2ef
fd0c070a
090e03fc
eff80100
f9da0dfb
fffff8fc
fb06f212
02fa040c
fafc13d8
06fb030b
1109eb05
e5fd09ea
0238f601
fd0305fd
03e82cea
0103fc0b
13fffaf7
07070e07
1ff21cfe
f0fa16f3
033819ff
fafc1114
1723fe21
12001803
edf60100
0103f80a
101e0dcb
39071e1c
0455d3e4
fafb010a
ff0cfaf7
fdfaee05
fdfc1dfb
f113faf9
f301fcf7
f90103e1
0633f700
0bfa0b04
04ffe10f
f82bfcfd
f600f206
05fbf707
0011fff0
0c0b0109
f464f4f3
08fa0810
0ef8f408
040cfaff
f406c9ff
150ef708
12e704d7
20020510
f64fe0db
fb01fcff
ff05f80f
fe03f701
0f040305
040efefe
05f808fb
0ef908ec
043b1cff
04000c06
01f8fc05
f8070df7
0304fdf7
130efa10
10e8ece8
faff091b
faad0ff0
00ff0808
070906f6
0709f5f2
f8ff1a11
0ee5f901
1805f9ef
460d0822
001cdff8
fffffe06
fc0b0006
fc1c05fa
f0ff11f8
0904f7fa
1cfe09ff
1c050df5
0135fdfe
fa02f8fc
f6051ef6
000c030b
080420ed
02f70518
1beb040e
e6ff0c20
07270209
01020001
fd03f420
010c0406
f7f91917
f01dfefe
0512030c
f5feefe2
000f1809
fef80e08
fe04dc2a
f8ec00f8
0801eeea
f50102f7
22fbfdcc
2803f6f9
002ff1e8
030501fd
0109ebf0
fbfaf2f8
250b37f9
0217eefc
bbf11618
04101709
fd43f618
01ffff04
01f8e6f5
fffc09e8
e9fd0911
eefa02fb
e7e20b04
19000715
fef41803
02fa0500
04fb1713
fe01fa09
0ffff611
22f601f8
fef3ebee
f7060900
fda502fd
0204ff00
00f6eae7
0321dc03
f2ff09fe
f9effdf9
f9f3f804
160309e5
fe0ddf01
05f8090d
fc01fa20
f7120602
fa00fd09
ef0bf90b
1bdefddf
430710e9
fa5800ec
f9faf802
fb00f602
fe0f16fd
f6f8fc03
fd01fd0c
0afe010b
effaf7f7
083ae90b
04f70e06
0605e6f6
fb0503fc
f901f8e6
fefefd05
0b04fcd8
0f0b0404
fa17fde8
010104fd
01030c19
fe0e18fd
fbf905f9
0b150203
0d16fcfe
f3fd01f4
ff061500
fe010205
04ffff05
0206f50a
07010318
0ff0fe0f
fcfb08ef
f6011730
02cdfcfa
fffe0400
fd05f1fb
fcf005ff
050404ed
000f0601
0902ece0
12ffebdd
00e40aec
f904fb07
040320ef
04f2fb11
f8fc0700
01ffee0d
17060512
fd08f706
07d1210b
01fdfcfb
ffff0ef4
fdfc0a0a
f5feed0b
120e040e
0a04faf2
27f81116
ffdef9f7
01000505
05fb05f4
011a0c0e
0000fd03
23f4fa18
110200f7
1606031b
ffe706fe
04070bed
05ef1407
02da031d
effeebfa
e8190c05
050014f8
f5fdf4fb
fbdceffa
06020502
06fb0207
fef608f9
0a06f002
0915fff5
f4de0b00
1600fe10
f90cfefc
02fc01ff
01f1fff5
0113e8fa
0b03de15
0ffafffa
f5010606
e60a04fc
fff7fe09
02ff05fd
0201e119
fb08100b
fb0211de
eafafa0a
fbe4f1fa
17080907
fde4f700
f3f900fb
faffedec
fdf118fa
f2fb1900
f20109f8
d40904f3
10fbe80a
0d32ee03
fbfe020b
f801f809
f615fa04
effcebe1
fbf702f9
0cedeee8
e2f4f4d0
040f05ee
02020f06
040b0017
fa02110a
01fe02f7
ff16fb06
df0307ea
0afe040f
fd2510f4
fc03fdfd
fe0a0210
fffcf511
03fe15ee
000b0202
faeaf70c
f1feff12
05bee70d
fd050006
f9faeafd
fdf7f5f9
f4f7d2e6
0001010f
13f1180f
d6f9f9e6
04f40e08
01fef900
f9f910fa
fd1af6f2
07ff2600
060c07ff
1ef6070e
effe05d5
000f2f07
f4000bf3
01f8f0f5
fd0df5f4
0a1915ed
18ef020b
0504f1f8
d62700d0
0c110304
02fc02ff
feee030c
f907f8fb
0b05e9fb
0e0c0002
38fa0002
e0030400
fe08f400
020100fa
00f6e80d
0019f2f9
06020910
f1f30bfd
db031413
db021cf9
ff35100d
04fe0105
01fa0fff
fdee0f1b
e7fdce12
06f80019
f60513fb
ed010036
fb0ceaf9
03fe03f2
fff3f821
fcfdfff9
f7fc21e9
0d120df2
fffcfc09
1c02e812
fd0a1907
0205fdfb
ff0011fd
01ebf708
04000b09
040b0403
f1052107
11ff180b
fed70505
02fcfc08
010d1f03
fffcf30c
0104fc1b
1207f0fc
de3618fa
1909161a
fe2be7fd
ff030b06
0408fb10
faee03fd
04012609
fd01f702
f0de0afc
05fdf5ee
00f61ffe
fe00fbfb
04eff0f8
06fcf0ec
fbfd0afb
0f1303fd
ffdbfd0f
fefd1206
031d0707
ff06fa02
ff060905
03fdf9f6
f3fafe08
01f8fbf3
0e24fa12
00faef00
02f10d08
fefe0e15
070105f1
faf6e5f6
1b05db20
1700f610
0b0e1ee0
ed02fbe9
01f71ded
f9fff607
fc04e2f8
060302f9
fffc0b08
01e804ff
fe14120b
fff91706
08350c07
fefc090c
07081a06
f9000121
2205edfe
ebfffb07
e7e007db
f7fb141d
00230cef
fc01fd09
ff0eee11
06f10efb
f6fefaf7
0813f9f4
fa220402
00ff04ec
052713fb
fe01030a
fafd0d15
f8151507
0904f902
ed04fff9
f1f7fb00
fbfb01fa
024eeb00
f9000208
fd0de612
fcf30208
180402ed
fef5ff31
d5101009
cf021f3d
071f0908
fcfc0202
01ff0305
00feeff8
fbfb0d15
1ef305f9
101301fc
e9040306
04260103
0103fe02
fefe0efe
fe12f20f
fbfe04ef
fc1408f0
cffcf60e
d5f90e02
003df408
fe00fe01
fc0a01fe
fd02f402
fb04fa11
0010fc09
ef0d1002
df00fd21
02f41200
fc02fef9
fbf523fc
03f0e2f0
ea000a16
14ca05f7
f31bda14
e6071ae3
051ff90b
fefcf909
050c0fe9
05edf7f9
f8f91a10
f5e7f4ee
e403ea0f
d1ff0a11
03efee09
04fd01fe
06f71807
0107101c
0efc10eb
1a0d0006
16de071e
0f060ae8
fd10d41a
fe04f8fe
fe0cf0fc
0310fef8
e4fb28e5
f802fb0e
e0ff0717
01faf917
03f03408
fe05f8fb
fc0812f7
fffb15fa
f4ff11f9
fdef01fd
ff08fa0c
26f7fb0d
03e70500
fcf9ff04
0802df14
080808f4
08faed08
f705f9ef
0df80101
ea07fd04
0423ef06
010a0807
010fff03
03000e05
1d07ecfd
fe12f813
28040203
2506eafa
ff0ef700
01f8fb08
fff9f801
fb1d0705
edf9f614
f1ff0008
eb20fff8
f7fb0628
fe1df7f5
020103ff
060b0307
040ef80e
0802fdf3
14050524
f9250501
f7fc03fa
fe3a11fc
000106ff
04f8e105
07e4f5f9
12000208
ff1b0303
1ceb1cf0
30fe02f7
001cfff9
01fdfc01
fd0e1e0b
fef1f8fb
05fa4afa
0f0d020f
efecfaf7
10f31bf0
ffc211fb
fd08f9fb
fffe07df
0303f20c
0802f7df
020106f8
fdf8160d
ecf816db
04130105
020709f7
05f5faf9
012aef05
ddfe0b04
e800fd1f
0e091dfc
0703fcf2
fde518fe
f108fa0f
f0fffdf7
03ecfdef
0e040616
fafdfefb
13010824
d704040f
1201191c
fffffbf9
070f0508
0809daf6
0afe09f1
1e0c06f0
040601fd
e9f90fc2
00f801ff
fd000906
0307e719
01160902
02fb1002
090ffc1d
250af5f3
4b05f2f8
02d023fb
06f80206
f7fa150a
f1eaf0fa
0cfe0fff
130007de
fee810fd
06fe0202
f9b91100
04fd04ff
02efe7f8
00fc16f4
0700f8f5
fe070118
00f90d0b
1d03083b
fc2a2205
fcfadce6
f32af207
fcdbf5f8
c733f9b8
0af33e14
87cde494
a6a7e6f7
0425da81
fefa0309
08fdeee5
06fef8fa
edf80c05
0000f023
2cea18f9
1014e4e7
02f41f02
00030500
fff1ef02
ff0d0af2
e9fefcf9
0905f909
38fefdf6
0c02fb05
00e60bf7
fdfa0708
0008e701
022817f5
0e0415ea
f60afe13
fdeaf5f1
1d0cf603
030fec00
0afdf8ee
fff9e904
05fb03f7
fef91502
0f0605f3
e42a0821
f804f3fe
f73ff611
00010514
04f703f8
fcf1f716
06fdf309
f304fa0f
080c07ee
41ff0c28
fff3daf3
f900fc09
0608f7e7
05040106
f6f8ffed
06fef50f
2af0fcfd
fafbf5eb
082209fd
0006ff0a
fdf60009
001de8fa
0e0906f6
00fc00e2
fdf30a0d
b9021002
00200a05
fbfdfe02
08f7ff0d
0407fe01
0f01000b
12fafeff
05f20ffe
09fe0afd
05340c00
04fb031a
f701e502
f9020de2
03fde5f8
180d0600
fa0706f1
24fdffd7
fb662cf1
0701fffe
040205e5
04f0f0fc
eef7e90d
05f20c02
f72005ff
1af0ded6
f9b3f8f6
fffe0607
02040302
00f70dfc
03040c0b
f9f8f9e7
efef07ec
fd08fbe7
00f4f7f6
f904fb04
f411faf6
f703ff0a
0d032717
f904f9ff
ca3fec17
16faee07
0805e512
fc01fdfc
00fc0203
0400f809
0702f301
0e1403fb
0f0b0405
02fefbfb
04eff402
fffc0509
0405ff13
fc18f4fa
f7fb0fea
09e7fafd
1bd4e0f6
1c04fbea
00eb07ff
fefd0208
04fb07ef
01e801fb
f6f8f2ee
e718f510
27c90b02
0407fd1a
01d30008
06fc110c
0a10061a
fdf50002
17001ff5
0d09f303
fdfaf9df
33090226
f949fbf1
04ff00f0
0cf5fc14
07fc0202
ddf701ef
01090cf3
f616100f
f301fdec
fc131604
050100f4
fefbf615
00fa080a
dffb2012
ecf8010d
1b1610f9
0ffc0619
fb2f16f6
02070508
faf3f1ef
fb050efb
eff212fe
f2eb0117
01d9090d
13eb0737
fed42909
0002fcff
010406f2
0000efed
f0fe180a
0df300f9
eef4fa03
fefdf7f1
01d01102
03fc00ff
fef84106
f8240d26
05ffcb20
ea060017
2308f3f3
fafae8f3
fc48e7f8
f6f5f8f6
040e010f
06d32d14
eaf602e1
e906010c
15f003ec
03fbfd0f
0a09f4fb
fe0109f8
fbfa0ef7
fc11000e
ff000df7
dcf80502
dde2dff0
060dfce5
021e0302
fe00f806
fd0409fe
020f0007
fdfa2002
f8f5f9f2
fefc001b
1b00f0f8
0330f911
02f91823
03160615
f101f0fc
0305f8fb
030fec00
0709eeb2
3d0cecfc
fafcfed2
01fd0203
01faf6ea
00130120
0dfee304
e8efff1e
23f701f4
eb031701
fe42e8fb
0005000b
f818f10d
02f2f718
200e02c5
08fefe00
11f70eee
ce142df9
00a4ebf6
0eedf706
f6f9ffe7
e603160d
2b0afad4
f308f011
ceed0011
ef120218
f27bf512
07f2f2f6
f400e622
f621fcfc
ebf82a11
eff905ff
f2ffe712
fefdebde
fa3a0309
0ef3090c
ec0e1d01
e2dcf302
0604080e
1cfef511
28f900cb
3206f6fc
ef92fedb
010208f6
f9fbfafd
f50af2fb
f60104f5
f5f905f3
f3140dec
f5f10602
fe9e19f2
01f8eefd
ff0101ff
07fd16fe
f6f9f100
f50f0202
feff1916
ff01f819
0046050e
03f4fe0a
f606ebff
f5ba1a10
0d0ffa03
d60dfaff
fffe05f3
cd18e61f
fd9dfcf8
fffcfcf6
03fb16e7
02e20108
05fdf7ff
fef80e00
f2fc1714
fb05f9f3
01df0913
fe0907f5
04fef11b
050af101
09010100
1f150704
e81bf907
0afff9e8
031b0105
f60405fc
06f51405
022af617
e9050321
050e03fe
e61fe4ea
f008ff1e
0ae1fef4
ee000106
fef5d717
0101fc0b
1403f7f5
f9f7fafe
180108fa
d7051105
1201e609
05fc0102
06fcea16
ff18df15
02ec15f9
1518fb0c
130f1f24
ea0220da
fc141416
0a0bfff1
03f302df
06f90bf7
ff0609e4
03030812
fcfa062a
f301ff04
f81f110e
04ff02f5
0803fde3
06efff09
10050be0
f6020406
07ed1604
ff0309ee
fcf50701
feff03f9
feef1413
f91af705
0e08030a
0701feea
2921f7f5
d908120e
023910f9
01fd0501
08f50afc
01eedfff
1b07f405
091a02ed
01e810fd
180503d9
fe0df301
fafbf900
14fefa15
14111e12
e7f7e9fa
e7f5f900
1aeaf000
0a110934
061fd905
16fbfafc
04ef09f5
050206fb
effffffa
09080415
0fde0a27
f3111604
ea1f0b0a
02f801f9
05fb1ff5
fd07feef
0afc16f4
1810060b
2cfa02f6
0dfe02e7
fd3f35fe
fefbfbfc
000ef20e
01df10f1
09060df5
f9f704f6
0bee0e01
f2020315
030a07fe
03fff8ff
02fc08de
0317e5fc
faf70ade
fbfd05e6
08fae3fc
0ae1efbd
fd1910f4
fcfdf408
000c05f4
0418f603
eff925da
f212fdef
f2fe0210
f0f6eb04
0436fa05
f7f5000e
09020627
03e90e18
f8f4e7ea
001501df
f8030bd3
fffe19fd
086c03ef
140503f2
0ae8f6f1
06f3e901
0f0bedf7
0e030a00
ee100226
040c04f4
eb02e109
00feff08
030300f5
0511f7ec
0700f50c
20fbfdfa
0e1df6f0
17fef3eb
000211f4
12f9f223
0313e9fd
02f300fd
05f91d11
03edfdff
b0362028
bbf80215
efebfa03
010308f8
ff051ce9
fb00f5eb
0d09ff0a
fd29fcf3
f8e609f2
080ce8eb
feec18fb
fe0200f9
0106fc05
fd0ce904
00030a16
04ef081a
d6260701
06f50413
01f6fbfd
0004fcfd
00060000
02020712
0bfe08f8
090e00fe
f710f316
0afcf5ff
01ef130b
08fef3fc
fdfb0306
fd010a21
0605eadb
11f20719
de00040d
b4fe2b0b
f8f00ffd
faf406f4
fbe8e9cc
f0000a0e
dffde5e2
f5e5fe12
fa00f7d4
effff613
041dd8eb
0003fc07
030c1cfb
05f11105
1504f8f1
fe0afaf0
16e8f906
0407fb0c
00ef1104
ff01080b
ff07ff00
f6fcfdff
11071900
0afafbfe
c2feedfa
1c00ff1e
00ecdffe
fd02fcfb
fef60101
00041907
0106e9fd
02fefd0b
0be8f807
0f0503ff
0416f307
07f8fe01
03f4f025
00fa0811
110310f7
f71300fb
e2fdfc02
030c0e12
f9e22a02
09fbfefc
04fced23
f8e101e8
d8f228fb
0d08f1f1
eb100801
22f1121e
f6420bfd
0303fffe
ff0bf907
fee1f715
05f8f4f4
0c14060b
02f60f13
fef3ef25
feabdf0e
05feff81
08c1ff05
fe020101
84f0fe0e
04f52a01
1306f80b
fbfc0911
fbe61015
fffefc09
08ff0bef
04dddf0f
0004f9e9
1108f5e9
f501e100
ec0ff7c6
0014d8fe
00040304
04eafaef
00fbfdfb
07fffaf2
fcf1fb0e
31e2fb02
2005fd03
00db0f01
fff701fe
05eb0311
fd260806
0f043f01
f00bf817
15e8ef11
4317f3fc
01022c14
02030c13
0501f406
fa24f51b
e6f9f5f6
f503f40a
eb0b04d6
f1f81af4
fc760de0
fd01fff9
ff0def16
09170b02
eef80e0e
07090906
e704f304
e9fff5f0
03d50107
05fd01ff
04ffba32
012040ff
000216fa
0d1bfe0a
f215e8f3
1601177f
fab2f8f6
00f8fc02
f8f5f000
f71df601
e2f0f7fb
02f70a04
f112fff5
f6e505fc
0014fbf9
03fdfcf8
05e604e7
050bfcfe
e4f5f0fb
12e00f0e
0cff0a06
cef60f25
fdf4f900
fefdff00
02041df1
06ea05fb
0d03fafc
13ec04fe
0e090101
dd07050d
02eb1301
fa030203
fefa10f7
fe11ee07
1a0601fc
0b070201
daecfa04
15030e03
0637fd0b
02fbfc04
03f3fc14
021bfbf8
fbfcfe17
21f20d1d
f8fffdfc
f3f81d0b
fec010fa
02f90100
050afc0e
ff09e500
0f0600f4
08eefee4
d306f7f1
000108fa
fddedefc
0002fc00
02fd09e0
02f70afb
0600f10e
0f030a08
ea11090d
e5f2ed26
00e60903
00fe0303
fb11f305
fbfc0b01
0604f6ee
f5fefc06
ebf81101
ed0df4f0
00f90404
fe02ff0f
fb04dc0b
fbdafb0a
f3fff6f6
e1f3fff4
d80d0cfd
de02f5d5
01bf14f9
ff07f804
fe06ec09
01e602f8
f80305f3
e4fefa0c
faec1812
e0f70c07
02c9f903
00d781e9
fcdaed18
fe0b0103
317f11ff
0b06dd06
f4eef66a
f807fe00
011f12e8
000707fa
040a181d
01f8000e
0e050d10
ffec02f6
e11107fe
ca070e12
00f20702
0000030a
fff60818
fc050306
100000f6
fbf5ffee
0ef1f801
f000ff05
00f81c01
000805fd
02f9f716
00fc040c
0503fde4
0b0307f6
ecf90fff
f5021b0e
ffed04fd
fe0204fe
fef7feff
fe010721
0e010ffc
06f00309
ebf80f09
07022009
03e3fc0d
f90604fe
00070316
050ffdf6
fafc1700
0105fafd
0c02f9fe
0d030504
08000205
04f90306
02fbdfce
f6d9bcec
0efffefa
3b1afc13
07c510f6
00ff0d95
fb30eeff
0102ff06
02fbfbfd
fc01ff04
f8faf4ff
0505060e
fd070b0d
d7f812fd
ffe2ee05
fd01f902
01020706
05ece4fd
f7f9fdfb
ff19fbfb
0dfffe10
01fdfff4
033def09
0001fef3
03f3f8f2
0101e906
3b10ebfd
1e0f0d06
16110500
f70010fb
010200fe
fe04010e
fd160317
0111041a
26070ef3
fe17f911
f500fb0d
fb00fe00
0319ee07
fafbfc0d
ff08f300
03e9e90a
090114e8
ff1a01fc
e4f00dfe
f3020c09
07c5f505
00fb0404
fbf30b00
f5e3f905
fffd02f0
ff11fdff
16f3faf7
fafd0811
ffe304fd
03fc0107
000af207
feef10f9
0cfc1d14
f9eef9f6
cf0dff0a
3303f9e3
fef41408
0afd10fa
f807ff0e
edf303f3
f700020b
0116f8f5
18ed04e5
0703e9fc
f40cebf0
ff01fffd
ff07f3e7
0107f7fb
f8fc1003
1205fe17
1517f303
22f8e710
01e40002
0000fd02
01fafcee
05f3eef8
0705e407
1004f7e1
fc05fd02
ec060afd
01210901
fa08fdfc
ff0e1bf9
01fbfbff
01000ee9
f40001f3
f9dafe04
faf3fad9
07bb0704
010500f9
fdfd06f1
031905f3
01fee824
0aeb0605
12f0fd0d
f3fee7fe
00ccf708
f8fcfdef
fdf50406
03f704fe
f1f511db
04071500
171ffdfa
fbf000c9
08091900
03f80700
ff031711
ff09fc05
04fbdf07
180a0608
30000cdc
46000b0c
fc1bf7ed
fe020601
070ef0f8
07ef08f7
effbfafe
fd04ef11
2aea04e4
27fd0a1c
0220dfef
06010a05
04fee41f
fa180507
fefa190c
ed04fffe
cdff1dfd
f4fa0f17
f925f3fe
00000100
030ffe09
030af104
f3fb280a
eb13faf8
02f509ff
160805e4
00d70f04
010007ff
07fdf411
01070a03
0cfeed03
030b0000
f8f30dfa
07030a12
fe16e800
fd0703f7
fc0b07f1
04eb0b06
f8fcfbe8
e70007eb
dfeb03f9
fdfd03cb
03d6e702
f80203fc
06fbf9ed
062b031b
eefcffeb
fef0fb24
17fffcee
f6100631
08b3e1fb
02000504
02fc14e7
0304fe09
f4ff080a
0a07000b
df1bfe05
fb00f2f0
fd1de701
fefffd05
fd090112
02fc1dfb
fbf90605
f70cfcff
1cfb13fa
08020816
02042300
fefffc01
fc0ffff8
0200fcef
0e03070a
0b11fe08
f608fe0c
eb01f104
03200a06
f2ee1d15
11130ffb
f50ce902
07060b00
fcfae7f5
35d5fb81
7f11f7ee
09fcdaca
fffc0504
ff04070b
01ecfc1b
f3f9dc01
ea11fdfe
18f1fae1
0e03f4e6
0007dbf3
03010303
010dfbf4
fff605fe
fcf8fdf1
fd02faf8
f2200006
ed01f313
fdf60603
ff0205ff
0405f9ed
05fd0607
ff010afb
0819fc0d
e4f707fd
0a030920
00f00601
05020501
04f80003
000f08fa
0a030408
050dfefb
1cfdf2fb
2002f2ee
faffeef9
f70504fd
0100f806
04e60d0b
f3fceddf
07150007
251a1700
ddff07ee
09e31102
fe0003fd
fcfd0919
f70b0a0d
0a0324fd
f7f60b03
d4f2110e
e2f4302a
0332fb09
ff05f9ed
f9ea03e9
04f2081a
ebf8dde7
f50f12f7
f7ea0c19
d2f602e8
0228f110
fc0600fb
05fefef1
02fefffd
01fc0f01
110a00fd
e5e6fe0a
faf701f8
04fa0f09
01fd03f8
01fae616
fee604f3
0901ebfe
0a22fdf9
1117fdfa
040709ee
ff2be7ff
0704fbf5
00de0700
01021c1e
fefaf4fa
fdff0e10
1c15fa21
ecff050e
fa030f10
fffffbf9
05010c20
0505000c
fcfc06ee
19140504
160af116
fd00e213
02d5050c
fa0504f9
ec07df16
ee2e15f1
def7e801
f905f6f2
16f7fafd
f0f9f220
05050305
f7010c07
01f70b24
f9f0fd03
d0f4031c
1522ebf7
060203ee
26090efe
092402fe
fff8070d
01feff09
fc11e206
07fed40c
09fafbf2
2adef7db
0f0bffd9
00c0efef
01060df2
08f5ea05
03fef8f9
f6fbe7e0
1afd02f7
e3040c09
e30303df
ff2cf80a
fcfc0f0b
01feeaf9
ed0eecfd
eff803ff
fcf6f311
1bf909d1
30fdf1e7
01e1fae8
fd010100
0400ffea
05e7f008
fcff20e8
ec14fd07
feed14f1
1f020dfd
02cffbfd
fc0001fd
0105fc09
05ed0205
140603ea
f41a03f3
052001e9
ecfeffea
04e602f5
0103fe01
040a04e6
07f91206
02fb11f1
e8f8041b
fd08fd14
e7fbef14
00c61009
0007feef
f3ff1206
fbedf5eb
f7051216
110006d7
2a0d2c0b
fe01effa
01a90a07
ff01fffe
ff080008
0209eef2
02041f01
06fc0106
04260604
0700040e
01fa21ff
0300fef8
fef6fbfa
ff0c06f3
f9010d15
14f8ff1b
fef91010
f7051e15
fd240d0a
04010cfd
fffbe606
fbf51216
110610df
05120401
0aeafbee
14040000
fbb705f5
f9000304
04f8fc1b
02160309
f1fc0304
0710ff0c
eaddfaff
07000ff7
0842f107
0000fa0a
00fb09f0
02e9ff19
fdf5d706
fdfa0403
2d0df801
c3f0f1f2
00d104fc
f800070a
0cfdf00e
0af8fe11
0800eff9
1b09fa26
fb2404e1
e5002b13
07d402f1
ff09fc00
fdf0f912
020f01f7
02f93a1a
04f70501
f205fe2c
00f7ff16
03defc1d
f307eaf3
f3191701
0ef30c0a
dc00360c
fe0a0700
d0050a3d
ebf50115
102a011c
fd04fd02
fdf4f702
fff81ef1
e9000c11
fff7fdff
f5110e1a
09faf833
040b0d09
f6fff6ff
fbfa140d
01ee020e
0c02f2ec
ea13fefc
fa0e1816
fa050dcf
0b050612
ff02040d
0314f0e1
02e1fa0a
fafa0a05
f8d5fd0c
06f20fe4
06f9fdf0
008ffdef
00020204
fe0ee7fb
00f40300
eff726f1
e10cfd03
eff20b00
0efd00d8
00cbf600
06001307
0a040118
fef7fe02
06fb120e
040eff05
e90ee4f8
1309e9e8
f9d711ff
02fb0402
04001201
050f03fc
1608fff3
0bfd03f9
f0ea14ff
f61300fc
fe480e01
04fefffb
05f607f4
00f9e1fd
f7fdfeee
fdf207fd
00fcfd08
df0608fa
fceffa06
04f70204
0700f516
fddd1c09
ecfae7d6
ff1bf9fc
0eeb0efc
f802f60b
fb01e1fc
02fefb00
ff01f906
fdfcf5fc
01fdf9fc
0dfcff09
17ef1303
fc0009f0
fee81506
fe01fb03
00050806
0009e702
0f00101c
1d050108
cf2d0611
e7fe0af7
0324190b
01f9090a
04fff415
fdef0710
15feeeeb
fb050203
12f11de5
e80513f2
fe1afbf4
fe04fefe
00ebe4f1
0009fdf8
1d08d40a
11fb090c
0c07110a
cefc03f3
02df2700
fb07fcff
fd0412ed
04f9fdf8
fafe39df
19ff02f4
e60aeb1a
f5fefcd4
071c0b0d
ff04f700
00fcedf6
02edf4fb
f1fb0306
01fe04f1
fa080518
f1fbf5da
02effa0d
0005fbff
f704ed07
ff160b00
ee03f200
f3ff0406
ff100109
fcf7e912
01e40efb
f57f40e9
f715f912
03060d04
7f4ee506
0604d703
1508fe20
ecd3010b
0b0af9eb
02030f00
030a04fd
fef1f5ef
03fd1401
f1f4fff8
f6e1fdde
260312ea
fdf21ff2
fefc02fb
000110fb
00fe100e
0e07ebf4
040d04ee
ecfa05f1
f104052d
02fee9fa
fd040007
ff06fdff
fe0ddc05
0d07e9f9
0906fef2
e4fa0dfd
defbfe02
0218f8fd
ffff02ff
fef9f2f6
fef602f6
05fff304
0adc05fc
ee20f805
ee00f919
0107f406
04f80d07
0516e22a
000e07ff
02f911f1
f808fb0c
fcfb02f0
0706eaee
fbdef6fd
01ff0104
010af9f8
fff9f605
e9f8edfc
03ee0407
130e17f6
0bf702f4
ffddd5f6
f90300f9
00f713de
050a0009
f3000ff5
fd0003f0
e202fc0e
e7fcf81a
0822cf0c
02fb0609
050407f1
fdf5e808
01fff801
f9dcf617
2ee30ce6
0d050d01
fdfdeeef
fefd01f9
ff04f00c
04d11efa
f7faf2f8
06100606
03071a0a
c902f800
02e4fa0a
ff01fb06
05f40b01
09e0fb09
0cfffa08
ff2004f6
00fd2009
d6fb1213
02450803
00f60f11
02fe7f81
ff817f81
fa03817f
8181fc81
7f7f81b7
7af88154
fd8c81ce
fe020005
fe0516f8
ff18080d
0b05ee00
08fbfd0e
f6201500
df00111f
030b09ff
00fd04fe
fef6f115
00f414f6
f9fdecf8
030c0a05
1eea12fd
ce051125
ff400702
eb0be8ea
dde11efa
faed12ff
27090f1e
19fd1ee9
c3280f7c
9901022e
1bf31f53
fef80204
04172103
03e4e419
f1f908e8
1f02fb03
faec08e2
050810f2
01f3dcf6
fefdff05
00070a20
ff070cf6
020100eb
f110fbf2
ff03daf4
eafd0421
012107f8
fd02fbfd
fafff1e9
02110d13
0c02fef7
f3f7090f
2109fd01
eb05080d
040c0504
0c05f9f8
feeb0706
03e8f106
e9f8240f
f70c08f0
f4160e2c
cbfc13f5
f53f1f10
fd04fefe
00f4ed09
feeff7f8
0304e1f5
071505fb
0be70008
0af807e9
0301f803
020303ff
f6daf6fb
05fe02f7
04e1fcfb
f6e1f211
1df90b0d
fd020cfd
eff5fff8
f1fdfefd
1df103ff
01fa2f00
00f900eb
0e00e0fc
0503f002
03fffd00
06050100
020302fd
03f9f505
03f71e07
0912051e
ea133008
14f6ec02
05040efa
09f4ff12
fbfafc00
1208f6fe
fdf409ff
0515fefa
0bf50c07
f800eb0a
f0faee08
01ed03fd
40fa05fe
ef14eff1
fae71712
092bf6e0
1a072f13
eefd00de
fe0317fa
140eef0c
12fd01fe
f2f912fa
fa0808fa
fd23fff4
15ff05f4
e408030a
f6fdf402
1a0ef4f2
f00105f5
06ddf701
06f80dfd
08ae0105
cc21e202
0ef6fde6
040518fb
05fefbff
e5080328
f724f707
0412fef9
04ed0714
e0153a20
1af805fa
030314fe
17f70100
f0fd0009
121409fd
041204fc
f700fd12
fd0a16eb
0b0400fe
fbfdf803
17f900f9
080403e8
1d04f702
04fc0101
0919fdf6
e6102c11
07fb05e9
0404fcfe
fef7080c
0e020005
deeceb01
07f508fc
09f50005
fdf3c9ff
09fbeffa
0201fb01
11e104fb
2ff904f8
0012e9ee
08f4d9fb
0c31f60f
18f0fef3
02f1f7f5
0001fbfa
1f07f5f7
f403000a
070c1602
00fb0900
0614fd16
040f0ef9
01fc0505
fe00ff04
10ff08f9
fe0302f9
0a1009fe
07021cf1
05cafb0b
0803170d
ff00e407
f8000703
1af504ed
00090501
e12306fc
fde70201
17fdfb0b
f1fd0704
0ceef5fc
000419fc
fcf2fbfd
e206fd04
e9fa0105
0213feff
fc230515
f61f0ef9
2202fdfb
03fe1801
06f20801
1af1f4eb
dadb3bee
15dfef11
f412f2d1
33c9eae9
b90c2121
edf2dd0e
ee2b0eed
13e7ec17
e3cde3de
18ff1ef6
eb1ef02a
ce270427
3211dde3
d7e13017
1dddffcf
16f9fff5
21110e05
06fa1d04
000102f3
f703cf0a
19ff04fa
090217fd
fef00314
fffb0217
e9ea0402
031003f9
f6c4020d
05f30dfd
090b0d03
fb010701
0905fbf8
09fdfb15
fae209fd
03f613f4
0b0c0600
f9eddde5
06f702e5
faf8fc01
0eecfaf1
081300f6
e9d3fa02
f4f11a17
120100fd
101b1a10
01eedad5
020117fe
0d130716
0e01fdfe
eddc0bfe
010d12ef
f7ee0bfb
fa151008
0013fe09
0bfd0ff4
f908f1fa
e20603fc
e1f1f6ff
fdf80409
00cefd1d
ed1218f5
0c010316
0c05fcfb
e3fb0003
fe0001fd
2df61404
fa0917fd
f5d3fffd
fbffe219
f30901ef
03020900
eded02fc
06fa030e
f31209ff
050b0bfc
efe4fe06
01fced06
fe0b05f4
0e05fdfb
0804fbfc
2b0100e6
0ae10704
f9f00008
033502fc
f9ef03f3
ff040a0b
0801e1fe
2410fb08
13030318
19f9f3ff
001605f2
f716fef6
01051820
0209fde6
f7010f03
f7f9fdee
0ffffeff
040a13f2
ff011efb
02c9000f
1507f2f5
07fefdfa
02fc03f8
fef8f2f8
eb0307ff
faf11c0a
f3fae70d
0211f8e9
07f1ea04
09fe08ff
f908fb08
f6fc0c0a
f3fffaf4
d2fbe7fd
02f8e301
02e100f9
feecfc03
fc04fff0
fdfa0604
070502f8
040afefd
ed12e7fc
fc030d02
faf400e8
f113f808
e5030bfb
03fe09fd
ec0cfc00
2ef5fd06
080dd2f6
0cffd2f0
0216ff18
02f518ec
06faf8fb
fbfa08ff
ed02f7f1
f3fdfe01
1aebff00
01001c02
fc0f01f7
05000311
1402feed
00ff0702
fc190301
000200f3
05210205
02f3ff01
04e2fe19
0007e3f4
07fa0506
0002f502
e8f70904
f90008f4
0fef0502
fafc1908
fbebf3dd
17041c0c
f50debf2
fb080708
05fa0cff
d904fffb
09ec070d
000b05fb
fddf06f0
e5050207
fff907f6
fe010703
eaed0c0b
060307f2
2523fb0e
09ff1af6
01f9fcfe
0ce9fb08
08fdfcfc
fd08ec06
f4fa1301
f5ff0202
05ee10fe
fef7faf9
081eff08
08f71705
06f7eb0e
0102fbfe
f4f9fcfa
f20005ee
fce9f7fe
04ed020c
0a30fa03
f60f0503
10001b0e
070511fc
180fff09
c5fc0aff
08f60105
fffaee0e
fdfdf50e
ec1c20f3
130806e4
030c0c03
fbfe0308
edfffcf8
dcb71aff
ff05fb04
fccf02f9
010fd1fc
0204ee14
01fcfd00
17fffe03
f40202fd
fd0f10fd
01f9f100
09defe0c
f806f816
08f50105
0002fcff
f3f80100
180909f8
02d9f309
f5fb1806
0928f907
010a0200
1200feff
fc090304
ebf30506
0afdfff5
0d17faf7
040afcfb
f9e6000a
fe08ecff
fa05030d
08fff8fa
f80efaff
140409f1
f1f10904
fafa0608
069df9f4
e21eedfd
11fb0bee
050bfafc
09f10609
c4fc00f9
e8ff100a
05f1e9f8
0ac8fc1f
0c140410
f2f4ee11
f601fe10
05f313f5
e40bfcef
fa09080c
fdfa0404
07f208fc
f6f3f615
fcf7fcf1
0c011dff
f5130d0d
d1ff01eb
0f0af4fe
08fbe5fc
07b2fefa
e3163702
01fc04f9
0702fbfd
ef0d02fa
050203f0
f8ef0a04
02f4f0f8
08040100
fd063d15
03f9fbed
0f0602f8
fe06fefc
fe00fffc
03fb02f4
0002fcfb
fe01fd16
fe1edff5
f5fedb21
fdfcf7fe
f7fcf9fa
fe04f7f2
ef1ffa0a
f0fde70d
00d00d16
fa181cf7
e70f0dec
f8f60305
32f8000c
210b04ff
03ebf70c
ee050a0e
01f403fa
17e0eefd
f1fe1b1b
f203f407
ef0d0512
02fb0d0a
262b08ed
fcfb1814
ffb7f4ff
f216ee05
05fd24f8
1a0f18ea
ff00ec0f
16f90208
0c05f6fa
02000ff5
02fefc03
170518f8
faf9fbe8
f1fef305
0403faf2
2d0408f9
fde0f500
ff0af600
00fcf6f0
19f31d00
04fbf2e7
0109f101
0f0c0801
ff06ff03
071cecfa
06fe10f7
053900f4
f3e60af8
01f900f4
00fe0ffe
0be1fdf1
eaf80712
fffb01f5
07f50ff6
0914fb0b
03f3db18
04f11217
00040cf8
defceefe
f5f2fefa
f21a0afc
0406d9fa
fb0afe05
06060002
fe08fb09
fbfdf302
03f9fefc
17f80006
efe4fefb
051b05f6
f1ff04f0
fa02d7f7
000f0203
f8fcfbfe
1d0ff4fa
14090402
090b0bfb
fdf52008
0c20ff02
0406f109
00edf416
1308fff1
f40cfb10
f7fe0302
010d16f8
fe00ffff
fefefb13
f80aefe7
1bfc0df4
ff010ffe
01ebf7fb
fc070504
f4060306
00fb10fd
070ffe0c
ef06ff01
fdfbfb0c
0607fe00
0d0803fb
f3fd000c
07110000
05f917fd
01fb000b
ffe91401
0ffafefa
0600fefc
16edfdff
fefafafd
fd02fffd
04fd1ffd
fffb0211
f9100a0f
f6fceb14
fcf90602
ecf90104
f0f9040e
f5f4fdf9
03f0e90b
0706f806
f009f6f7
13ebfdf3
00031200
0301fd09
e90303f4
e3e51004
0303e5f5
0246010f
12fcf116
0607fe18
000312ff
22fbfffc
18ff01fb
05170305
fc030504
ff260101
09f6e400
fb08031a
ff02f602
0b0c0006
0fff04fc
fbee08fe
01f40b00
ff31f7fd
0c19fceb
f702feff
0104ee02
f40f02f9
1e00ff02
232df80a
fc1703f2
f5ef0307
e80212f3
ff1101fc
edfce80d
fefe07f2
eb01fd1b
0602f4fc
fc040006
fb130003
f3050514
05fff11a
f5fb0a05
f4fafffe
cefafe11
023201fd
110704f4
0227fa0f
e422f405
1df6fbf0
fcfe2006
e0f70df2
da010319
fa22e903
0af2f5fe
07ff000d
ebeae3fc
0bf4010f
070508fc
caf00206
1608fbef
27edf4f4
00fdf4fc
0981070e
fffd3f15
f6f8f5ef
13fef5ee
e5fff502
03fffdf8
050211fd
fef617fd
05f80000
0df5d3f9
fffe06fd
00fd0400
e5f0fffb
f50106fc
0dfb02ff
ff0af7f6
fe26fe0c
f705eae5
03f9f6f9
ff05fbfe
eefef8ff
0403ff06
fae8fa06
0010effb
fdc003fd
fff8d207
f7ff23f2
ffff0d02
fb0504ff
01edf70a
04120701
f67f0612
81fb0102
fbffff02
027f06ef
09f90503
f4f90b12
0e00ff08
fbf9fe02
fe0b0801
f71101f0
0ef0dce5
0604dcf9
fefe0801
ecf90403
070100fd
03030bff
0d0e1eea
f9fffffc
fe0cda09
0907f800
070006ff
03f705ea
1afd01fe
08180d02
050506f4
fd1602fa
fe020910
040603f4
060213fd
f80001fe
0af8fa17
100adbfd
050aeeff
f6c90305
eaf61cf8
26f5fe0a
fbf91102
ceed0004
1b0a0df8
14b4ef0c
031101fb
fe120214
e50fdc0c
0af4fced
0c1122f5
e3fa0613
2f000def
ee00230c
fcfef207
02caf30b
0e0b320c
fb0510f8
0411f905
221c0f09
16050506
fe0afb02
f60f290b
ffee00fd
fa07c6f5
0ff90505
f9030400
0cf8fd12
f92181f6
e8040208
e7f9000a
2aff7f02
05021df8
f9f2fe0b
fc81ff04
0a00031d
17fe05fe
0115ec02
01f60f03
080af903
f7150a13
00fbeff5
f2031806
0bff0603
13fffefd
dbfd0705
fb03e802
03250326
13efe6f2
00032703
fafe0f05
01fd0604
deed04f2
1b01f210
12ef15e6
fddef5ff
010cd6ec
e7f90010
fc07cf12
e5081bec
00fa0c06
1709eb0b
0af113f9
ff11f101
02f3da1a
07feea06
f80d000b
f40110fc
151409c6
def51b25
fbf1df06
0afe0be5
09e532f4
e90a26fb
2616e3f4
ec1c1a27
e9fefcfc
03fbe90b
020808ff
fa9c03fb
f9f2dee0
0207e1c7
fbfd0609
fd000d02
fe0604f3
f8160dff
f9002800
02bcfb07
121c0000
fafbe320
0506ebfe
fdf80503
0300010a
00ef02fd
ff0202ff
fd2afbfc
0c15fbfc
f3fdf8f6
f5fe0a05
ee0801fe
09030409
09fb0604
fe032a09
012b00f3
1cf40809
0303e21a
0705f7fc
1cf00108
b0eaebfe
7f5d2512
02e1f003
ffde0002
e5e264e8
3d0e0cd5
02f3f015
94e63408
141108ed
d2f9ff05
fdf8f702
171e04f4
09e5f7f8
f4f010ec
0e0b13f4
20fdfe13
f80002f4
08ecfa05
fe01e0fc
04db030c
fe04e907
0bfdfef2
040304fc
f705fd03
ef07eaf9
f0110af5
01f718f8
1218100c
f9021aef
05f809f3
06e809fc
1dedfdf0
02fd0001
f40e1603
04fa1efd
0306030a
f00dfded
18fc04f3
090218fc
efeb0005
0ffbfe00
39f3fbfc
06f52102
f91bfaf2
20010020
0407dff7
03fffb03
ff0105fa
ed0a01e7
fbd7fa02
fbffea01
070403e4
e200220a
02f9120c
0502f0fb
11130006
000703fb
04d917f7
03f3f8fe
0c24fc0c
f9f6e202
0cfaf2e6
020110fc
f2fdfbf9
04fd04ed
fdfaff7f
f10bfae4
fcf2fd09
fbff04f8
f80905fd
8103007f
08fd7fec
ee02030a
e3d60900
050116f4
07e403e6
e8eaf80c
04f302e9
060305fb
03eff9f7
0b000206
e1ff1f00
ff09f5fd
fd390103
09ed1503
13011803
06030afc
f806fdfe
eafbfaec
05f50c00
f9f9d50c
02cc050d
12f1f9fc
f6fe1bf0
08fbfffc
fdf7fd10
1bfc03f7
0ef6fdff
00f01b05
0929fb1a
0a08010f
f8fff5f9
020302fe
03ed0106
03ff04ff
2908ee09
fff101f4
0e10f70c
0d0a430d
f4f4fdfb
e702f514
fb000fea
f3f8fd1c
f916ff02
000803fc
fbd8060e
ef06fffe
14fced0b
01fd0600
07e2fc03
fdf80305
ecec0706
fafae708
01ddfeff
06f2140d
ff06fde1
04050d00
10fb0109
0104030b
fde406fd
fffef7fd
ff20fff0
eefe1f04
04fe050e
ff01fffd
0102f9fd
baf7021c
f935ebf5
040eca0a
ed21f618
1112f608
020bd724
1004fbfd
f8f8fc04
07f70002
ec0208fd
ff150005
e726f8f7
04e710f7
011dff04
ecfc050d
0df604fa
fc7f0b42
0e1012fb
b6270c1c
f1fffefe
0d06fcff
060302fa
fe0900fe
ecfafdb0
f5fb0309
0cebed00
02fe0401
fe0dfdee
07193907
02ffeaeb
0304ff00
1b16fe00
f10202fc
f40c14fe
fa0beb09
f61efc09
fe050fe4
f6010910
0203fdff
f2fe0009
02fb0005
1bf80c03
fdf80006
fa16fc0e
18edf5f7
0807f610
fc01ee06
dce30503
e40b0100
e2010103
feff1208
06d8020f
f113fe0e
13f30215
060312fc
d1030510
2ff80111
0a050bf4
020019fa
fc4bfe14
0df615f3
0f03e60b
f6fc0f00
15f8f2f3
ec0503f7
fee10403
fd06f9fb
fe15020b
08f304fa
05fe0bff
0905f8f9
f2fc0106
01fd0406
e413f7fc
fb060406
ffe1fbf8
01ed1c09
06031f07
fd0314fe
08fffa04
d7020201
13f50700
fffcfb05
fee2fd00
e80505ff
11040502
0b040cfc
fafc0001
f106f717
07010605
fd032305
04f60a25
0c11baeb
0ff9ff2b
f8f60508
07fd0302
0805041c
db08f10b
f60eef09
fee300ed
0ceefa0f
01fe17dd
fd050c04
d9080a10
1af1fd39
e101f8f6
080b1af5
f71801f6
090ef701
ed06e803
f1f70706
0f05f2e7
120406f0
f5d605fc
ff0018fc
01280003
eff819ea
0ffe16f6
060513f6
10faf600
dbf802f3
f2e60bfc
05f50505
0112fafd
fbfe260c
fe03fbf7
0303feff
0cf00206
0dfd0503
e20efa18
f8fc0301
fc920dff
e708e703
f40706ea
1d0dfef7
11f8021b
120302fe
e508e403
05f3f101
0601fffe
f5f20001
04ffe10c
0905fcfe
00fd0600
e00e04f7
03360602
ff04f204
04a500f4
e9ef110a
f7f517e0
080707f9
d8f70b0a
11070304
16000401
fdf32a05
061c00fd
fc0df400
140607f4
0a0519fa
1005fe03
effbff0a
f8191bff
020a0dfc
f9e500fd
0b08f300
000405f1
ffff0703
15fefff8
0505020f
1007fbfb
080c02eb
0ef407f9
02ffc91f
fbe8ee0f
f9fef6fa
01fbf6f8
0201fff1
09c8050d
fefd0308
ff0f03f6
0ffa081a
0b06ecf1
0c04fc01
1f030b10
f1ff0208
09031e08
00f41103
11000104
05fbdb09
0ff20ef8
fd030f04
0ae60609
ed01fc03
ed2d0afc
03ffff01
0018ff0a
0bfa0b09
0afe1b02
fbfb0105
0bfb04f6
edfd040c
0eeff0fc
0201fdf8
0a2f0102
f81d0413
fef1f40f
0404fcf7
eef8f606
ecfc14e2
d8feeb02
08f2f7fe
fcf1ec0b
09274ff8
ee042200
161afaf8
0b1b0901
0a05fdf3
0411e4fb
fefbdefd
00b202eb
1202091d
f100fbdf
08fef4fa
0018fbfe
020801eb
de0b0011
f204000b
fa1305f9
e90ed616
ee0a1111
0705fa02
030f0915
f6fe0cfe
170b2311
05fdf900
fd04f816
0401e3f2
05ff0811
0e12f200
f6020f09
f3040022
14140dfb
030304fd
02ea0212
0109e900
0bfa07f5
070007f9
f4ecf8fa
fa07fff4
06d2fc08
fff60203
04c80508
06f8fdff
03fcfbf8
0802edfd
011a0608
17fc05e3
0d08ee03
02f8fc03
0001f708
fe03f800
f50c0804
0307f502
0e160805
e3fbfbfd
26f6f001
05fe1c00
013a0210
f60f0df1
0b08f800
02fcf903
04f504fc
ddfcf815
03e5f9f5
0a03f7f9
002303fa
f9f4d907
fb01f8f5
f5f4f605
01f3feee
2d00fdfd
032500fe
01f70bff
071afff3
fc050201
0002f7df
f9fb0a04
030501fb
0206fde6
12241904
02fd2102
06160705
100ce4f8
f0f421f6
0f00fcf9
20fc0711
3d1200f8
f527cf01
f30aee07
ff0f0606
07114309
f70efafc
fcff13fd
0f18fa01
fef60103
15f00703
03fbf000
fdcc00ff
1403eff3
eb07ecfa
0302fb00
030bff01
1d0603f4
ded40404
01010000
09e202fc
f0fedcfd
faf71001
04040bfa
e20e000b
f1fc00f4
fe1b0c02
fffc1f05
fc1afc06
1c000d08
fe0ae71c
fc000f05
00f306ff
f9fffb01
faf91009
020117fb
fb050700
080e0e14
ef04080a
08fede02
fe090a07
0e01fbf6
fe0aebf5
fefbfe00
06f10314
0604dfec
f7fced05
01f9f1fb
1cfaf3fc
d10903f2
0e0c020c
fa0a0e09
f70a0311
09031110
fa03ff19
1009f6fc
09f50915
fc060104
06050101
fbfa0e04
073102f9
04090710
f4fcef0d
0301eefd
0e0dfe03
16ff03fb
fef3ffff
02f417ff
08ddfef9
1bfcf70d
f5feece6
060514fa
f3ffff05
e101fd19
f5f4fa02
040c02fe
f71204fd
fdd8f50f
17fcf115
07fff6ff
f6ed0601
0501040e
fa0507f8
f90cf900
fbccfc05
140605f3
0611eee3
0502fbfb
08f1f4f4
dd05ff03
fdea0803
fcfff804
03ee0305
02ffe804
05f40509
0301fafe
e60c0107
190003ec
28fefe02
00f90402
0401fd06
080ee603
0104faf9
0404fffe
00080107
01000404
e2120808
f5fced12
030efe0b
ea0026f6
10fb1e00
ff060d00
00f10315
dffb0507
08e01608
03fd00fe
01fa000a
ed05f9ff
02fffe04
030704ff
e7e90006
1e0300f0
ffe20501
fc061301
00db0104
0812e704
0102fa14
fdff03ff
ea05fe09
f10700f9
10fc0604
f4011c0d
010c0301
0df3e5fb
fe07fbfc
0202f6ff
13ed0110
1ffdfa08
f930e8f2
03f8fd09
041d0410
02f503e9
00f7f907
0bfa03f6
16f3f50c
e3fbf7f8
06151c00
06f321ff
0607070e
06f8e1f7
01f9020b
0efaebfa
04d7ff04
dc070203
e5f50707
fcf5f607
07fc03f9
0014190e
f4fcdaee
0e05effa
fefa030d
03feff02
ebd8fbf9
02fc09fe
03f801ff
ebef0f0c
080406f2
fffd01fd
12f3f9f9
11f9fa00
f1fcfefb
fdfdf7f5
010a04fd
060107f2
0002ebff
fef7f600
17eef8f3
11fcfb08
1112f8fc
0608f3f5
000704f2
fd04d0f9
f0fff9ec
f7f8f603
ff13fef5
f2f80001
160ef0f5
01201616
da28000d
fd00c1ff
23280c1b
0d01fff4
fdfbf218
0b02fef7
fcf9fc02
fe03ff01
010207fc
f008f205
06fe151a
00fef8fe
0c1cfd06
1bfd00f7
f617e700
fe0003ff
ff050004
fe1cf911
ecffff05
faff0a00
f71bfb08
24f700f7
22ef0007
fcfef400
f9050112
06010b02
0b0adc04
03010601
0bf00008
e5fe0014
02071102
fe082109
05e505f6
f5060b1c
07fee2da
ff000bfe
26e6fc12
e5000001
e3c9f901
fd03fbfe
010200fa
f8011207
0001eefc
f9ff2302
07f401fb
e30601ff
e9190104
01fef905
01f9ffff
e71e1505
f206eb0c
06021400
fafb0602
0c070314
f9e70700
fcfe14fe
fb1e03eb
f901e606
fe030309
0a04f1f7
f000f402
12fc0508
08dcdcfb
ff00f6ff
ff0bfb16
f301f1f1
10fff501
fc030000
fdfcfafb
21fcfffc
091211fd
fefbfdff
05ddfd0a
0c1217f2
ff02fff3
fdfe0d01
2708fdf7
030606fe
e0061703
0602d8f5
05f8031b
f914f8f1
07faf800
160915f3
f5f9fcfe
15f8fdff
1322e9f5
0afefdf3
0308fc0e
040f0f00
edfb0101
fcfbfe01
fefffded
f80b05fa
ecfafc02
06edd8fc
16d30410
f9150505
f6ea0bff
1309f9f0
daf9fb0e
22feff04
0934f3fc
030811fa
f52dfb13
071221e6
f805fb0b
03fff502
11fa02f2
fdfcfb03
fe2201fe
0002d6f7
fb2307f3
000208fc
f103f702
05fbf1fd
e905f8fb
e6fffd00
edf4e9f8
090608f5
fef70420
09f8030e
0f001ded
07fc26f8
10eaf6f7
15ff00fe
edfffafd
0101fe01
00fd0009
fc0d0304
08ff0a15
040110fc
f308fd03
d9f8ff0c
da2e04ff
0600f8f5
ffc40216
dd02250b
fa00fa13
fbfe0300
f4e5faf8
ebfefc18
17e9fffe
040605fe
f9f20202
f509010a
1805f201
04fd0c00
ef03fff8
e1f5fc08
d51213fa
ff0b0b02
f2abfe16
280926f9
f40f08f6
fbfb0c05
fefcfdfd
210705f9
0e2adffc
fefef7fd
03c3fc09
11fb15ee
fcfffa01
0003effd
f713f9f8
150507e9
0ec602ff
f90916f9
0548020c
140ff9ff
0402fc04
f80404fc
10fef400
fefaff0e
de08f8fc
ff020a04
f9f7fc02
e90c2703
050af60a
fdfdfb05
18f7fbf8
f5fbfe1b
0b0c12fc
000dfffe
f91401f6
f6ed1ff3
0402170b
fffefe01
08fffaf4
270908f9
0f0bf9fa
fd010eff
01f7faf2
f60af70b
f7ff0a13
0307f5f9
121bfafc
eb030202
f7fe1400
fd0ff8f7
f510fe05
fd05fe08
080c0bf7
0001fb02
04fd02f0
f7fdff0b
e00dfa04
0601fcfb
fe0d0310
f900e4f6
effb0110
070101ff
fa0001ff
e20006ff
dbfa0002
0400f201
0111fc19
ff0ff701
13fa0006
030617ff
19f80001
180404f1
ea00f100
01f5dcff
0a1efaf3
fffd0f05
fff6fee3
fb050c03
f9100700
c707fe0d
e3faf4ff
05ffd8f7
071a0318
ede505fa
f8f10cfe
fbfd0e02
e9fc03f5
e5fc0114
1904f7f9
0406f0f8
000cfff9
f1001e0d
0bfdfdf5
fcff0800
f2f1fbf1
0bfb03ec
efecf105
f6f1ef14
fa0cfbd5
ef06f716
ee0ee8ed
0304f301
17160312
2cebf1f4
0df5f0e8
1104efe3
f00a00f2
09f82409
fb180a07
f7eb0202
0413f4d6
eb0a0807
12350cfe
0000f702
09e8fa0b
f710fef5
0def1aee
ff070bfd
f50c00fd
01ff0301
f0c80900
02fe1600
0103fe03
05ffe908
0b03fbe5
0b05fefb
1a0c00fe
0f00f7f6
f6ef0106
03fdeff9
0df60f00
cf1d2907
fff51208
fff710ff
fa030008
ea030300
230dfb03
fd08fcfd
feea0112
050af2f7
0afd0005
fe02f700
fafafd03
7efaf5c6
9f8203f9
05330beb
922102ff
1f01a20b
b9e71831
f6f6f407
613002e6
3bff06f4
eaf7f1ff
fe04f103
fc1df9ff
15fa20fe
fe13e906
0506ef00
200b02ff
0afbfdf5
02cffd02
00f5210b
fe1efef7
0601f8fe
010cf60f
03fff502
250a0305
0a03ffe8
06e5dcfd
050302fe
fd3afffb
fdf50f00
0204e0f1
04ffe6fd
0a060302
ff090012
ee27f308
f30f0608
fe08fff1
f909110a
09fdff12
eafe0b0f
fc090c02
08fc04fa
f9e3fb05
0004e8f5
02df0308
0aff0ff8
0a0001fa
0d060af9
0307fefd
310106ff
1410fdf7
03f51400
072ffa1e
16f616eb
0c01f019
0806eef9
20f2f7f5
02f4fdfc
03e500fe
0d050aee
f607fff9
e00f310d
000c08f5
fdfc1202
05f2feee
0905090f
00fd01fa
00ff08ff
0813fd02
0613eb14
08f80203
070806f5
f207f502
1df0f7ff
15010907
1101f4e6
fe2f0613
011bd400
04fef815
01f9fd08
16070ef3
eefb050f
ed11140a
01fb02fb
06ecfded
16efd201
fdeff4ec
fc061607
10ff09fe
09fd00f2
0d04fb03
00fff404
fd34fefd
ff03d1e4
f3080914
0602fcff
d9000509
1201f505
ec29eff6
03fcee00
02db0810
02f81efc
050402e8
02f317fd
16fdf7f5
fb000112
0cfaf6fb
030114fe
0004fdf6
de0702f7
15f901fa
ff000300
f0f5fdfa
25ff02e4
11ec1301
fdff0701
00d80210
0af9da04
f3080cfd
0903e9f9
1c08fa07
0eff03eb
dae2fafe
fcf7ddff
09fcfff6
f2e933fb
f609fcfc
0202e6fa
17fff802
280e08ee
e8f0e90a
f801ed00
060602ef
fcf7fa0a
e6ff050c
090bf5fb
0114050c
00fd0d13
01f50605
fdff160f
0014f8f7
fa1114fb
0affe7ee
000d07ff
32f2fd12
2403fe13
03140306
f7fc1f0e
fd41ffee
250f280b
ef02f7ee
f9fe0009
0b020b07
1ff9faee
13c5f001
ffdfe4f9
16e70402
08f703f9
f9f5fe02
faf9f502
0706fcfd
fffd020e
0bf605ff
01030bff
fc14fe14
ff0cfd12
ff04fc11
020102ff
0601fdfd
1308fefa
e3db0704
fdfcbb00
0a2207f1
e710b817
05f5f5e1
02ff03fd
fa060005
e50e040c
14fc0cf4
fa03070d
0124fcff
11f928f6
0ff312ff
0704f4f8
faf4f902
0702fafa
0108f400
f40eee09
f8da0402
12f0eb13
f80aef11
01fbf0fe
eaf60210
1dfeff11
1d1efefa
030431f7
fe4300e5
f602df13
fe07f104
fcfcf8ff
1af3f7ed
f203fed1
dadc140f
06eded02
02cf07f2
ea03e91b
fc0905fc
1e07faf8
15061211
140501fb
ff24f602
01fd0efb
09140212
25f62611
f4fae311
ff00fafe
06f20302
ddf8f6eb
28f0d001
0d03fff5
f8e5fff1
f4f22001
1f13f4c4
f7f6060b
f0e515f1
0c11f5f2
dde1eb0d
f910aefe
08071a10
f303181f
f702fb0c
fcf4feff
19ecff0c
2d07f611
0507fa04
fb034107
05480bf4
14f9d400
0df6f7f1
f4f30606
0a08000d
050fe9f3
06f8fb17
f5ffd008
09db1af7
23fddb0c
fffcf5da
01eff90c
d51e1c17
c807f8fc
0bea0304
f9f00610
0bc00908
e41614ef
18ef08fa
04fa10ff
ebed0410
ec030008
f9f20cfd
000beafc
0115fdf4
0b11090e
f2fdeb01
f2fdf807
0a0302f7
16fdf4f9
0d15ec03
060fec00
f1ed09cd
00c7131d
0b130ffc
fff50103
eb04070b
12fb0508
f8ccfcfd
030ce0fc
02120008
f7fa1ef5
11ff0f04
fe0212fa
18fef508
08010506
e6f806fe
00fb0706
02d6fc0b
0112e604
0cfffad8
00051bff
1d03ff02
f2f6050c
f118f7fa
fe0d130e
eabffa07
00f8e106
ff14cbeb
150809f4
e3f7f80c
2401fffc
00fcf3ec
06fd25fc
040b00fa
f9f923f8
11030a04
0ffd03ef
00f6ecf7
ff0e070a
fd18ef02
ef1129f4
070d041e
f324f30a
13fffbea
fe041efc
13edf3f9
e6fa0401
2104ed07
f70af301
f6f8fb02
01f1ec1a
010afc09
eb01ef0d
13fd04fd
fe0509ff
0a0ae704
fe07f004
021ffc11
ecff27f5
0df716f4
fb08ff00
00f10007
f306fd14
e00df9ff
ff0b0a0c
03f80604
fa110ffa
f902fbf7
08ff05fb
fafbff0b
07000808
e8e80102
0605fbfc
0236ff0e
e30118f3
14fcfa04
060916f9
07e8fb05
fd0013f7
f6020ffa
f90e3606
f3f6eef7
29fa38fc
df11db03
0513e1fb
2002faff
ecf604f4
fedbf815
fe0fe7fa
f4edfc1b
0d180df7
0410f41e
e303e618
f6091202
d70d0504
e5e60f01
0006d102
0e340507
f1080e0a
ffee0dff
010503f9
1206fc06
10000206
1b01eefc
020ae300
fa0f010f
f1f708e3
040111f7
000000fd
0bfffa02
fe0a0407
0803f203
fdf6f7fd
0cc9fff0
ee05f112
05e4071c
fd03e303
f70603f6
f4f801fb
0a26f0fa
0af6f0fc
07edfceb
eb0a16fe
fffcf9f2
0100ec00
09fefbf4
020307fd
f9ff02fa
09fdd2fa
07e9fcd4
ff0cd614
e3f31bc6
170bfff1
ec07fc03
f4fc0bfb
e4ee0315
fa11fa01
f4eefb05
f40a1106
130a14f8
ed0b170f
0e090d09
120201ea
01f3fe02
02f20800
0df7fb0a
111ac909
f0f40007
02030201
09150800
0dee03f4
ff15f011
1cf517d8
0437fd05
f40f1313
08fd0414
ef022e13
0bfe0de0
e908fefc
faf0f003
f605dd0e
fddf04f4
f5051d0c
0206c6e5
01fff6fe
f80a0311
e6010213
f5030000
01fb1308
01fa02ff
f207dc13
02f4f30f
070314fb
faf8fb0a
19ff0213
192ceefe
0006ebfa
02fb000c
e4052b0f
11fef6fa
fc000000
0af6f9f6
f1fffd0c
16e4fa08
050b0bf9
fbf5040e
02eefb1e
10fefd19
f6fd0808
f9e706fb
d90ff902
0f320201
eaf9e424
08f00d26
1e012c1d
0bf7fc28
17feedf4
e7e4fe28
120003f7
25fa0afe
0109f1f5
fdfafdfe
fd020b0b
0406050c
fb02e900
0508fff1
e6ffff04
fdfdfd02
000705fc
f7090709
03eed80b
fc07f62b
0d0101f7
eff5f705
04fcfe05
060712fb
fc08f505
fd070111
08e9cafa
00071507
fdfdfcfe
f2f0fa03
310402f4
f9f6ef07
fc09eeff
fce201f2
eefee112
f8041de0
fb020e03
f30c0408
f31303ff
0d0cff0c
ecef0115
0ee805f1
060fedf3
e7f50dd7
0305ff01
130a0012
000500f4
f9e60e00
fef725fa
0f080418
0df712fb
15f1f0e4
fafe1bff
25e9fcfc
f81e0726
f6faff07
ae01087f
fff6030a
03fe0706
04fafd02
f50703fb
fc06f47f
0afb0807
f7130601
0318fcfc
effffb11
0ff7ff0f
0e14ff0f
080907fe
10eafdf7
02ff04fa
fad103ff
fb07ddfc
fecc00f0
0eef3114
f70909ed
0203eafb
0b0af9fe
340605fa
d5dbf0fc
f51f0d02
f41005eb
09070819
e614d9e5
0303f3f4
2509ec09
faff01fe
42fef10c
00e30106
0a1400f5
090fcc16
16fff5ef
1408f6fd
daf20b0c
12fbff05
092ffffb
03f62106
00f3f8fe
0af4deed
0101efe9
f9fe0205
f9fb04ff
120803fa
20fbe307
fcfc2609
00e0feff
00e914e4
05fd01dd
00050103
f51a0809
0200f7f8
0e14ff01
03e21402
1afc08fa
f3ffdc02
fbe10010
01f9fa01
faf9010b
faf805fd
e2f1f802
01f8ea01
05f0fcfd
fd0207ef
fdf30106
fb05ff03
f8000007
f5fc0309
1717fcfc
080804fb
ff27fb0d
f506dffc
01fe0d10
000204ff
02fbfffb
0afffff8
17e0f3f8
0400f4f9
01f302ff
e706ba0d
0500edfd
03fe02fa
fbf2f8fe
cef9051a
e7f21702
0b051df1
faf1ff11
f9f9dd07
02f50002
00041200
e3f9fef9
f00c04f1
f3d7f804
fffa2905
0af7010a
ec050f16
0df30b01
04061efc
faee030f
f1fd0303
00dcfaff
0204e4f3
ffdfff0a
ecf9c9fc
14f30905
ff0219fd
f409f9f7
f401faf9
10f50601
ff08f4ff
fb1b0502
03ef1eef
1a0bf8fa
01fa06ff
01ee0202
fcf7fa06
27f9fe01
050019f9
f92003fa
0ffe120a
0e08f1fc
05fb0a01
fedf02fd
edf9fffb
fbd0f7fc
06f8fdf9
f80bfe01
ddf93a16
070a180f
fcfd0103
0dfbfdec
f1c00234
e0e5fef5
7fb90242
3411f507
f2010904
04f5fcf9
ff02000c
01fafc2e
03010410
f331fb01
fc000005
fcddfffb
ed03fe0d
f40806f3
010414fe
f0efff08
0afefefc
09f40200
06f515f7
09e003ef
f50d0a07
f2fbecf3
00fff600
faed00ff
faf90201
1f0dfc02
01020602
fd05fe01
00030502
fe05f2e9
01030d00
ffe70107
0d01fe05
1905f9fb
fe051afc
02fc0303
010efa05
0dff00fd
fffd0cfd
effdfa00
fd04fff5
11f2faf8
faf61a09
011afbed
fc10080e
fb06e8ed
00fffaff
090efffd
330c01f2
dfd8e506
fef2cefe
12330914
27d7c1de
17f3f608
0402fff9
fa0cfd0b
fbfa030c
fc0e0401
0302f7f3
00e20412
fdff03f4
0dff0e0e
05030dfb
0300f6f7
feff0202
cdf903fb
03ff0afb
011cfdfd
01e91303
040206f8
fd010c01
16f9fcf4
170b061b
f50de8fc
0119f4f7
00e4031c
ed0ef002
15ed1406
fe0413f8
0407fafc
12fffe00
1816f4f9
0eff17ed
0424001c
0102fd07
0bffe9f7
fcfcff02
15eefee9
0ef800f2
01dee4f7
12ff00f3
00e4fe00
e70026f8
22fc00f1
04ff05fc
f8f9fbf5
fa03faf0
1ebffa02
01f81401
0d0c0906
130ef002
06f8f10b
08fcfdfb
16fdff08
0d070003
1e060702
ff0709f9
02280307
0afde8f2
fe00f700
feff1901
02f3fefb
0111f6f5
f125f510
ecf30417
073910fa
ece934fd
0001f2f7
04faf403
06030b1d
e8040007
f7f701ff
fefcf706
0504ff02
01f8f301
10fcf6fc
00ff0501
0d0001fe
01030101
0ffdf200
0200fd01
00e0fb0f
f10bfe08
1303fa1a
fe000003
e1f506fd
f00000fb
21fa04f7
fef80800
030200f2
fcf9ec06
f9fcfdfb
01fef2fb
00f5f5fb
02fdfe0c
13ec0eff
00ff0bff
022cff0b
fdfac7ee
13fde9f0
f6fc1205
f2f801fd
f302ff0d
fb12edf7
00fbf408
0b2a00fe
f802e7eb
02e8fee3
01fdfbfc
10f1fc08
f307ffeb
fe030b06
fb02fa00
09df030f
fb2bf701
f2effdf2
01010001
f60f0e09
dd0d05f1
e6fbf101
f6eae810
0c19f705
14eb24ee
fafb05e3
0307f202
ec040a04
040502f9
052ceb08
fded0802
09ea04f4
e411240c
e6fbe9e2
040405ff
f9fc010b
1e0402fe
05fbe900
fa001403
fd09fdf0
090e0cfa
f609d9eb
fe02fc01
000802fe
110806fd
fbe6f002
fa000202
00ee00fd
f5071107
02fc0002
0407fefa
0509fd07
f302fdfd
2d21f7fd
f9fbff07
fe25fdef
06e422e6
02fff107
fcfcee03
e3f30602
e7fc0504
d839fafa
fa09100e
f9f0faf8
10deebfa
e910e2fb
0a07eff8
faecfd08
f8fa01f3
df14f904
03f40600
fe22fc0c
040a0b04
0506e20f
0002ff05
0bfa0504
0202fcf0
11e8f3fd
ff00fcf9
03dfff01
f701e107
e80205ff
fbfcfd03
0a0303f7
fb05fd12
040802fb
050ef1f8
f72fff07
f5fa2103
1100fd13
fcfc0603
ff0800ee
ea190bca
11fd1701
f6f3f219
0dbe04ec
fd13060b
e9f917f4
3d16e3d9
e412f932
0d03fdf1
0f0d0f02
fafa0a05
034cfff2
0bf3fb00
0cfff407
00fff603
ebf20b04
010300fb
f936fa05
fa00fe02
01f30100
ee07130e
f40507fd
01010601
1cf70300
0b0603f7
070bee00
fcf9fb06
0112fb1a
04020a01
1101f30c
ff030001
ebfe0302
090203f2
f701fd08
fb04e605
02eb0011
0f02f2e7
fbfff4f0
0005fe02
09060605
16fd01fc
09fafaf6
fffb1606
fe0dfcf9
f7fe01e7
120511ff
050001fb
29f7f9fe
d5fdfe0f
f4cce2fc
05fc06fa
00e10808
e1110a08
faf70cfe
05fd04f7
e8f6f101
1bf7fa00
072cf2fc
faf8f406
0325ff04
ecf70509
02fdf922
f0f7ed07
fbe9ff03
0f060508
080f01fa
fdf5ee03
090cfef7
02f1ff10
fcfb0607
0405fef8
f30ff400
050c0007
f71b0102
f609f10a
fd23030d
01f9ffed
0e011b0c
020107ff
f7040309
0ffb020e
11f1fe04
fa0a06fb
00e60202
0befd906
030100f8
f0ff0106
17eefdff
20000710
0be114fc
fe0e17ff
fdf9fdfb
eef8e3fe
2002f9ef
ff0504fc
1efaf5fd
1407ebf6
281c15fc
eee92419
0d0c1009
0bfd4400
ff060705
06eaedfc
1109fb10
12fefdf1
0aec11fa
f4f21a14
fd23030b
14131afe
0317e80c
1300fff6
0f06f40f
1305ffef
16e01004
fb0613fc
02f104fe
fe0ecf03
090001fe
0a02fffb
e8060507
eb040704
16050603
f6f9290d
0122fc16
da16f51d
13030518
010811fd
20dbfc0e
c50afef9
f0e11d05
f7ed0511
120f0cf6
10fb270e
03faf8fd
1f05fbee
00fdfa1d
e7ff03f0
edfeebfe
00f7f006
04e0fbf1
f2053014
fa020afc
020400ff
f7fc0306
f10801f9
fd14eafd
04fcf404
06fbfdf4
e9fcfb0a
06f50bf5
02020eff
02fe08fe
f0fe0505
f7e9edfd
0600d4f6
02dffbf9
0af00dfa
09fc00e7
f9030005
110501ef
0cfdf418
2520fefe
f80a2d0e
f64006d1
dc08e3e4
f00a051b
f7f20706
09120207
0fff0105
de0cf1fe
0404fbff
fe19fe08
031211f3
ec0005fe
00000801
1f0c01fa
0601fe06
d410f002
f606e808
fbe8011b
06fb1ce2
ed0bfa07
fafdfa03
f60cff06
0903fef4
24f6e907
fefd0004
04f005ef
03f506f5
1afb09d9
01fff7ff
ebff060e
14f904fa
eb0efcf7
01f5fb01
01e8fd20
040cee0b
f503e71a
0704eef8
fafff306
1dfe0109
fc3213ff
04fb08f0
09de000b
12eed6f4
0af21bfa
000001ff
03f0fcf0
e80109f5
f6edf1fb
09ec1301
090bf420
fa050d0f
20fb0e10
120c19f7
fcfafe02
16f5ff0a
d405fdf8
07f719f3
052aff02
00f8fafa
ec05ede8
f3fa1104
21fbf3ee
d7edf624
0c1bf6e9
0c050cfa
e854f4f9
0afdee0e
fb13fa0b
ecf0f80f
d402f8e3
05f6fe12
01f0f1fb
fb0b04fe
f10100fd
01084ff1
f50de508
01fdf101
f104f6f9
edfbfcfc
09ea09f1
0508f3fb
fcfa0007
eb1911f8
00070d04
00f906fa
15e6f1f6
fe0201f9
2406f602
fcf800fa
01c9fdf4
10ebc7f8
01fc11fd
0603f4ff
dffd07f9
f6fffdff
1127e101
00f30100
032800eb
08e90a14
fa02f3fb
fffefa04
040405fc
260008f4
d4e8f80a
fcf91200
02fefffe
fdff1e06
0705e7f8
080af9fc
0a03010f
f3fe0408
11faf602
0517f0f9
ef34fced
e30fe116
fc0bf810
fe04fa02
ebfa0402
effc0602
ed000504
fc06e204
00c6000f
07001dff
02030b00
020604fc
12f6fc0d
010605f0
fdf0ff07
f9f80508
032301f9
ecf73bf8
0a01090f
0507e3fd
1af3ff0c
0602ffff
05c70101
0101fefb
04ef03fd
f303f306
04ff0fe8
fdff11fe
1700fdfe
25fe0117
e423f2fc
0606f3f9
02e9001b
f61bf6f9
0dfefde1
020028fc
0d02f8f9
270302ee
f41dee04
06f5fdfd
0f250206
ee0f450c
fcf50ffa
0a0502fa
0a00040b
09fe011f
f524f8fc
030ee3f5
fbdc0216
f3fce9f8
05fa0c10
fe0009fe
f201f9f5
fbf60022
2c34e5f7
050605fd
fa22fd08
08f6020e
050adb10
fefdf201
13ecf7f4
0ef9010e
fde704fc
03050ff8
f90ffe03
07f30ee6
0505fefd
fc000102
0ff6faf4
f2f5f807
202f1bff
030002ff
f7fc01f6
f7f9dafa
0b0508f3
f9f7010a
ecee05f5
e9f6f6ef
ecfa03f9
fc9b052c
25f3f301
fc01160e
041bfd01
f8f9090c
fff00deb
f60a01f7
fbe4f007
f6f7fb05
03e001fd
06f905fa
edfef5f9
0503eefe
f0fc090b
f10100fb
26f4f5fe
03ff0005
03fd01fc
ea0beffc
08faf216
030101fe
ecf9020a
07feff01
f8f702fe
07faf5f8
00d801f3
e1182a1f
0dfffbfe
04000cfc
f203fef8
2dfffef8
f51afaff
01030601
fffa0304
03f8e1ff
f0fe1421
01fe09fd
1a06fc06
080a02d5
db071106
00ed1107
0c31feea
040b14fd
f7f90ae5
0204f900
060f090f
ecfe01f0
192c0d04
fbfefd00
00d70009
fc100309
02fd2a03
05030500
0b0e0303
f2f901f6
fa0cedf7
01fae606
ff01fb0b
f60240f4
0501e102
020001fc
fdebf702
e0060402
bfe30805
feffe402
04c30201
04fa1df7
02ff15fa
0a07fefc
f6f70305
ff02ffff
0012f0fc
fefd0105
0029fefe
00f10fe9
08fcf600
fbfd0801
11f80003
06f90604
141af4fc
0bf908f5
0506f90c
0c0e0e0b
0bfaf518
fc040d01
f402fdf5
8106fe81
757f7f0f
e9fe810b
f6ecfc81
7f818181
81ec7f7f
11088103
817f1d15
ef01fe06
030dfcfd
0503fffa
00cb020b
f014fdfb
0301e8fd
01fd08ff
01ef00f8
03fcfdfb
1bd4f101
01ff19ff
ff280115
1f0604f1
0101ea13
fefdf100
06fb0205
32e8e63f
161cf7d7
0e3517dd
e43c0f28
d407f8ea
11140412
e6d732fb
1be0d2d5
fb0102f1
f80ffe00
04f50707
0904fc03
0900f81e
f9fff6ec
070410fd
18f00409
ed040003
f9e905ff
010000fe
00c60108
f50cf5f8
fcfbfc19
0501e5fe
0e0100f9
04fdfb0b
0403e8fa
070712fa
fff20103
0df8ff05
0203f8ef
f9fafe03
13f304f5
3af7ff09
e828d808
fb0100fe
fce4fee6
02090e10
f307f4f1
eafc0b0f
111705fb
e9fd0102
fde117fb
02ff0bfd
000a02ff
041100f8
11fb0211
010103fc
0405f7fd
14e1f914
26b4c413
feefbfb6
e7fb001a
fff5f7f0
2707e0eb
0301fd10
d7f838f9
ef0cf0bb
2b1fb51f
0dfc0802
ff1523c0
1b093ebc
31022ced
d6fa0b40
83fefe62
30fcfb35
bbd52eb7
d3efd806
fbf8b8ae
19cefb5f
dfcbd2ea
0f21d0be
f8fd29a8
262f11e9
f7cfc8e1
faf60939
26e1b904
1deb03e5
331cf11d
f8e7ae31
371cf103
f5941b2b
0bf5f5ee
e0f71015
f01005f2
060fcb05
2bde0204
22f5d5fc
00f81215
0bd90526
e01ee4f6
c01ee4e4
fdfd0815
22e0f517
d50c00df
dcf9fb21
0e010be9
acca28fd
fc1ce7f9
1908da19
15094410
f40ee332
15e91507
34dafcbe
172ae1f4
fe15b626
16f811b4
e31e2ee2
16e17c00
1b3241c9
d6def603
f4ee059e
0c0be119
ca4212ae
f5fe074d
ba02e1f6
ff191ceb
f6322bee
17e227de
e2eabb2e
240dfd05
f90c0f5c
10f61cf5
c83bec39
100df015
a7273423
27fa0029
2b17e508
f3313d11
17eccfc8
0c1f1bc6
d8fcea12
9806a34f
0a0c152c
1e31ddf8
f9331f03
0ae3c951
0b12ede5
39254230
1afe1be2
19f71ae8
ee050269
f6e5c600
011e05d3
f6e413d9
caeebee4
f634fc04
36e80adb
35f5f4e3
afeee6ed
eb2728eb
fe08f5d6
ea1fd44e
b3b9c467
eaf6e291
e4211217
16fde600
291ef4ee
0a03e6f1
210cf932
fc060a43
f2d3dc16
d1b2d7bd
1b0f4afd
e4e927fc
17f2f2bc
eb07011d
ca17fe19
d6ebe5c7
2a11d63d
f7d0080b
11fd32ed
fc0f157f
fe2f334a
ebffd407
08082d00
b3d02147
371801c7
09c0f835
1de0f44c
1e4626e5
1bd5121e
e8d8091e
ff390306
02fc1729
02e70cf3
e610f803
080d23eb
04421611
fb071d14
fa15fd09
fa0302fd
12fc0b12
19d91d00
0bf3f2e5
282501d5
14eb1fdd
0dee3cc3
040c22f6
f7ea38bc
3238cbc6
f6e5d02a
dc17050a
ec0c1217
0bc4f91b
de1807cd
0bdf1a29
5e36feec
321c1ffd
09c20e10
aee5fee8
ec1205f5
c3d842f0
06e87330
e507001c
3903f60b
f9eb171b
39051c04
01e400f6
17f7d628
c3082ae8
3cd9f7ba
fd12d52f
18deeaf9
09f2ebcc
f515c14b
c4321e32
12decf1c
6312edda
12f507fd
16fb2306
0ed2d5de
ca050efb
21f032e7
01250018
abfb3dbe
f5ff1ef9
eb1f11ca
0901bbe4
274d281d
f71e183b
eaf9f22d
0c11cd20
c81ee012
3602ecec
0000d5e5
f9fb181a
ffe64be8
dd1ce41f
1af1c036
173823ff
02ee0cfe
b205d233
1c10ca09
ecdde219
e00deb1c
fe10ecf5
c804c809
06d51aee
e8f14b35
5d04e419
020bc211
f9b1d719
2bd41060
683f1dee
da0416d2
4805ed06
e81226f8
27fae5ac
cb072522
e8e10635
4127061f
0824ffef
0516f6f9
fa37f7d9
1ff5dadc
f7fce6e9
1010ce1f
e7a3bebe
e80fd4b2
1629f724
ebf60d3d
072cf508
29daa3b6
fe08e617
2d254d1b
46ed3612
0c0ce3d2
eec7f2f4
d302c9dc
bd2de022
f3e122fa
c2f808ea
e81cfe2c
d9243410
28edc704
a5f4d415
1cfb0a07
ebea06f7
14fa25e9
260efead
f4fa272b
f617fd06
1808e2b9
15484745
0dd636f9
0007ed2c
e53ac6ce
0ddb1af7
05d3b835
0fdbf61f
ba0f170f
fe04e03c
ece1d4c7
60d30bd7
c3daefdb
183207c0
e817c3e7
e114e50d
5274f717
2f3e09f2
ecd9c11f
1ddaf30d
e5cef0d6
bfeaf62f
dbd53913
1849c0dc
172001f4
33de03d6
df0829f5
d0ebe024
e21937d6
c8eef032
4c2614e1
1bebd300
4d0d0400
c514cc09
f7dcc438
fb1d14e6
dbd30814
61edb5df
b3b4fe90
0f11c2da
07d2ba28
14e5f0d1
ea0a2201
a41e0842
13f3b627
fc0e2205
fa14fd04
170bcee9
01f3d159
3241c9a5
04f5d72a
e1bae90c
24201944
17f43dc2
0e4925fe
fa482821
a5d809dd
38073797
5c07052a
ee1709c5
17ecedbb
ca12bdf6
e9abc20e
fc2352df
fd00fb1f
3d1012e3
e1fbdcea
06ea104e
0617163b
eef5f8d1
f40cfc0c
0dea1dde
e9ebf9fa
27be0be7
1a0be230
eefd0909
32f7fcd6
2614fab6
050bdafd
e7e319da
352dfadf
fbd9bd2c
120813d9
bad1c20d
3033f8ba
fafe0201
b90c99ce
b3dff826
ebfb300b
20d2290d
0fb80ed5
dc15d84d
c0f1dbfe
d61e9fdb
de2eccdd
01ec38e7
ba46f803
470df91c
34301e35
10d101fd
4045f7da
000a39fc
0de71f0a
ec1c15ff
0604e9cf
3e17e629
b807b7fb
ebff1c20
15001a07
f4230e05
1deef21c
2923f2d7
0c2bff4f
fb1ff3ff
bc0c06c6
37f4eb0c
1fea2d2c
40f5ef0c
2febd34f
29ebf310
154ad71d
d73bab07
d5fabe48
43fe1e34
f947f426
f8330eee
fa1925b6
13e0f519
50da3365
a1f8fba7
fcfe160b
db102d49
dd34dcf7
31193dcb
29f55ae6
0f0603b6
eaf90cd6
e407131a
e4d33410
da100120
0b311530
dd0a14f5
06020a0a
3026f52e
de0914d4
ff0ff0b3
d2e8cef9
d20ae0f1
12e31622
fdf6b3e7
de0ffc1a
f61d3508
50ede500
111742f2
0d0812e1
46efe12e
0b0012d9
2aeb4426
0c1e0cf1
b7f62eee
c448d43e
fcc1f44f
120a18db
400a250b
e9f32113
0cfcf043
cbfce4e1
fce0fc21
f9ddec05
fff05130
fe0bfae0
0827e41d
1bd813eb
0d0deb23
fc0417bf
fa2c1fe8
d6eaf1f5
33fae90e
e2250729
2a181af9
0bea0f0b
d50411ff
3a2e0326
1fee19e7
fee9fcef
ea10ddd5
01204023
f7f2fee4
01c008f0
a82101dd
d11eef1f
f36936f8
c9eee510
e5ddf5e5
27272e22
c0ea0cfb
fddc23ce
f2ecea35
ec0abbdd
81063901
200af1b4
c9fe9f13
1efc2cdb
0fd4142f
0f023df8
fde3081c
04082519
f1ea251b
eae70b13
b829de41
eb00bfa3
ca35cdd5
f103c60d
ce08eb0a
c1321108
ef3bf200
41273324
df40a741
40e0dbf3
10f72112
fff901dc
1a1be419
fd371e03
14e521e4
19d701df
f9fb1d04
e501d3db
21d61007
264f3626
e902fbf8
2b0e011e
0af00f20
181cedfa
da18dcbb
bf4ecfea
1af507be
3deedc19
47282b31
f933f7f1
071726ac
532ae8f7
fd001321
0e12ef36
fdd2c40b
330aeec0
5304dcc5
15c0343b
e9d5f115
9a13e71d
e2cee715
fb27000e
cc2b3dc3
2a1d0093
0619e5ee
eace2b23
e1cb6e0d
3135b511
ee367ff7
ee04ff0e
f612201e
e923f404
2ae4fbcf
fc1c53ca
b20b2f11
090807d2
e320c5cc
2fac51e3
f7fbf4e6
ddfae0be
ddf8e205
dfff18a4
185ed0a6
bc1c04c2
fa180ce9
16203fdc
cbde184b
ec23e0f5
f5ec2cc4
ff09e9c6
2bc4e5d4
f2f5f1d5
d2fb22fb
f908d4bb
2f02fd4a
c0410fe9
da1a0116
1613fdeb
fe002a2a
e7130b1d
f1f94311
fbf81d01
5d4909e0
ed14f7fb
0c0f3911
11eec92d
e9292be4
1435ee0c
38d2fbeb
0bde29fb
1eba270e
131b12eb
b019330d
cb21f8fc
1c1b12a7
ca68ecfc
0b0bf5ff
0f0ef4ae
ac071a30
16231f07
bdf41465
fe04d941
d4c10ed9
0801fc06
a003f99f
ffce7212
e8cb181c
18d3de0b
fa443039
f7eff732
15f624d8
d9262a41
051afffb
09edf302
f7d7091a
b6021ad0
daf2145b
13e21df1
0d1836ea
fd0ef8d5
2515cbed
f2090917
1ac82100
2533ae20
da093214
0c07c52c
aa44f7f5
12dce241
43fc0232
184f2cf8
f1cb32fc
c01a25c7
a40ffee1
e311e5f6
f2f9ef1f
030ad216
0b2ad7dc
1ffadb08
f513d6f2
290ffa0d
5708e84a
fcdc00e7
262317e1
f111fe21
151d521e
1a2518c0
d3eee7fc
e2566cfe
fa0c0cc6
f9f0f839
edc6fa38
06e12922
3816f22b
02fdfc00
00fffe03
0200ff01
ff030304
01fe0200
0003fd03
00fe01fc
00ff01fd
00f5d629
ec0326ef
120514e3
97f72424
ebeae1d5
062d3ded
0e7fde14
5415aad5
0926c8cf
0fd5fe28
26a900e2
1cebcb24
fad50b0b
295b14c3
10a2cabc
c9eaf442
1253d11d
16273f01
0212f807
b20ad8b2
e60420d9
2a10d52f
6bc1fe60
3dfd11d5
9cf5a538
ff1e2130
ee1cf8ec
10fa9bfa
ea1f0512
fe2f05e5
d1501c0c
e10ffdbb
f506040c
0be8f7f2
0aec1b3c
ca2329ff
0ed9daf7
c5e519fb
22f1f611
fa0c2233
db0a170f
00f608e0
ff0fedd9
ea0b1716
1b04d91f
f6e4eff0
e4ec040a
33d70b34
0c302cf1
e213e8ef
b6c80a21
3af77f05
0ef3eacc
53eae1d6
f216cf41
17014033
fe000204
fffdfe01
0201fdff
f9030300
ff03fe01
0302fb00
05fb01fe
ff010203
0554e907
35e7eadb
38fe01a6
061108da
dbc107fb
32b74ed0
1411f227
b32125ef
13f1163a
4633ced4
35dc36c7
08f5cfcf
c1261db1
ecafd7d0
e8f625d2
0809e1a8
3dd85add
23da0855
07e312d8
f83fdae9
e7fb1b13
00301d05
251eea03
a91f0c13
ec28e7ed
022306ea
021323f9
32f90a1a
02f60514
cf4cec0f
d63503fc
b7d40de5
150d64f8
e90b3e4a
17e3564a
4b7c1edd
def52620
18d8ce29
86c3ea11
f303f8d8
14dfd9e5
d8ce7fc9
fc7fb2ff
330a2511
0a13b4f5
2142ea28
03d3dabd
95f3f926
523c1adb
fcf43ef9
d81af0e4
f10cc828
30ceef06
cbda060c
d2ef4715
24eeb0d1
1528c0f9
ecf0f01f
2a091349
4be207dd
e4301d24
e1f31608
36eb0e22
fff81226
e54815d6
22eb1b27
f3d95214
4e173ab6
0fe00a0f
d909e0b0
bec805c1
0dfe22f7
22de00eb
f907e81d
0fcf0203
131a2702
f3012d11
e1f9ed19
fbf404b3
0bfc0ed2
e301f6f8
23ee0c20
001cda12
c5310026
a4ffecf7
1cfe1716
fe20000f
1db0110a
d32fdafd
f725db01
121ff211
d4f8fa39
01fefd1e
e8cbf1e4
22c91ad7
dbf1c5c9
f4ee2424
fd16d735
17b527e8
d310e008
0e0c1fed
febeedd7
17e51798
292b32f5
2f15e0e8
f5f3f1b5
1bdc0a22
a32f0ffc
fb29bebf
20fd2430
dc1819e6
f51c032d
d22c27da
50fc1e2b
c9152716
abf104bf
02efa3de
002208fc
2fd9142f
e40eefed
00f34c00
0603e70d
cb0ebf32
191f18ce
2d2acce1
035229a1
ed9f20e4
f3f52451
d80118fa
2e022a34
ceeaf822
1f081e1f
df2f1a19
d22228f7
fd09165a
de0c16ff
010104fe
fd02fe02
fdff0303
fe04feff
fc00fc03
fe0000fb
fcfc0101
0100ff01
28f1e417
1d1df2ea
f3cb1f2b
3c1ce4d9
090308cd
1511fe30
42fcd82b
1ce51402
010402ea
3614f40a
39e5fe01
f12706dc
f1fddef1
5330fe08
bc090fb3
d4defbec
dbfd1f0c
bf4e25fa
2f27e4b6
10fdd0e8
07fae0a0
e023e30e
0b36f71a
fbe90d17
17fb0d12
c3d81300
16fe10fd
53ee2912
2917f617
083a01e7
dbeffd16
3527f49d
020df60a
0bfcde16
07edcf05
dffd1f00
0305261b
b60906f0
e4e60031
1d080dec
14c4bdb2
c4e6ccf8
2317af94
1028f92f
19d4d9e2
2ef00400
04f81733
e46004bf
06adef01
1dda0507
dbdb36c1
f3cf2d10
0630151c
1304fdca
0b0b2c03
1818ec4a
1907007f
01d8fd0d
d0ec0d03
ffec0e10
e4f80737
2edfe014
f0f717d4
dd07e30b
faf22c31
174702b3
dedc23a0
cd3a14c5
06102737
14e4f821
dbcd2532
c6d0f2bc
ede6e50e
c32f06f9
5509eecf
1ad9dfde
03dc2ff2
f937ced0
e81913dc
ff3a2436
0102f700
0003fa02
0301fc00
fc020805
fffdfd04
fd08fb07
fd01fff7
fd0307fa
2a261647
03051c36
06fed11e
dcef04ca
0d444820
22ecda1f
3fe3fcec
15f4fa40
bbdcd80f
ccfd1a3b
0103d6fb
1124ecaa
cf1e0a37
45f83108
d4d4deb5
b5f0cf28
fe1f0c14
58170ae2
fb0c4222
3516eae1
01081718
05621cfa
0ad2eed8
fec971fb
c6f4c1e4
04c1d7ef
ebe0dfc9
26f2e31a
23dc16fc
1fcf5028
ee3108e7
381dd4f2
cf1abae6
e709dbe8
082a3fd8
0a021fee
7102e630
e82cefd1
0d27f2d2
12c63d05
1628da97
02fb0730
15d52a35
08fc1308
e9351be9
02cd9405
bd0f591b
29f8c273
01f606ee
d400e406
fd152b4f
0607fb27
2bedfaf6
0b15ede0
2f3e3512
e6d726aa
1a08aa17
06e1f3e5
cf03bff9
c617d9fc
213711fa
0106be29
d5beb306
31ce15e6
f7ee4fe1
11070d2c
fbf831ed
1b15eff9
dae0eaeb
c94e1df4
3ee40dda
f500d9dd
2ae5214f
2d17f4d3
0edcea14
e0e1be15
29ea240a
0714b51c
ff1c252a
012be355
ee0bf001
050d07d3
d21f23e5
18eecf17
15100905
e737f8fe
e61af1ad
45030cf9
fde73324
1494f814
0bd11a0d
0ef876ef
15f8b2ff
e63f1529
f90304b5
0525efa5
fdfdf2a0
d0faf6ee
2f11e80f
0504ecfe
14eb2623
1e0f6efa
17d00a28
41521924
03e3081d
f315f0ee
0c2837ed
e8ee1125
f72b4429
d1210ad5
f5e9ec06
33e5f158
1c1cb5d6
32fa0fc6
dc1efeeb
0b2d12cf
18e513ea
40ed111f
baf4ece0
4420041a
eb2135f2
c9e5f5d9
3b1a6207
f6db3d1b
faec04e3
3b032ef9
e70509e9
310be108
0854e8d1
07342145
e3350c35
f91ce502
25f4d3c5
2827d0f5
c7e4060d
0db3f708
fa3c09c6
350d122f
1711ff0a
b11b2dd3
a6df29e3
36ed0ef7
f90e0512
31c126cd
1af6350c
f135c852
e1dff619
58f935f0
10c2812e
efeafe2d
da31cf22
1508f742
bd072310
f31f6625
ddedd112
0df44ddc
de1d1117
15fa14da
0d270aa5
31dbd1e1
dc9bd506
ebbdfa06
13fa3302
0e0bfebf
d812091c
b8f6b2f9
cab9f01d
0c1bcf33
29f781ee
08d6e0ed
041bcc0a
38e50834
0f1ddddb
5517a5f4
02fe3636
15400234
c2fb18bf
c51bf0ed
cbcbc6f8
dafe0733
ae1cd110
16d7c2ce
2307f397
28e4192d
2f053ffc
052013ce
f4fbe8f5
7333ceca
d032edbe
ededb2fc
10dffc02
1c0199cc
0fd93722
2828dd0b
412bc2ee
f0080705
e6c7353f
c4310840
e0f61219
d103d03d
0ad41ae7
1eaed3fd
f3090b06
0303ffc6
1a30eb3f
54cb5af3
ff4630df
dfe1ec93
02d412fd
fdf4070b
e8ddfb36
e7544824
b318ec04
f020bbd9
f5fd00f2
dd13c1ca
e549f7fc
1f3cfdd4
eeee1e15
c1e8eb4a
fe3bb8f8
e1202c18
1dfc00b8
12f3042c
07d33818
f209300d
103baac3
ed1802a1
dfd8110f
c2c3000c
d42746f6
b81ce345
1ee80cf6
15f703ed
f7040ada
a730f1db
fdf5b406
14209519
e9ddee56
cb14f8f8
1ad714dc
170524d8
a4ecf9e2
eb1bbd5a
c2d4f901
09c4ed3a
b00ac9ef
ef2ca030
0a1dc92e
c815e603
d9050796
27df1ade
36f842ff
18230af1
f41d0e24
46d31500
e1fbb9c7
e62237fe
381e0ef9
f316d94d
f21cfdf9
0a360c0a
d701ce07
fd11ecb4
f526f813
0d32e3e4
e1272702
cb43c445
d8060e06
2486254c
dab8184f
2bdb4331
4ae45428
e6e51ef5
0cfc25f2
0af419c5
3a170b13
1c18e72b
332b1345
0b23f2ea
ebef19cb
df1ae51a
1b10f530
e8fe1cad
cfe90db2
1df30d01
25442c55
25fb2ffc
1f00c9e7
17481518
faf54f1c
23fc0306
f0e92506
b7040d18
d9ed2800
0af0d3ec
3e1cab53
1a0ce4fa
f5bbdef4
24e3caf2
fa17563d
ee02273d
d625e22b
e72d0d28
d92aec32
8105f112
38e7151a
5e2e172e
06d3154a
46f8e731
f9e52b09
2ef944df
16fdfaf9
bce3fa10
e3f9e935
fdf9d2d5
05306911
21d40405
ceec10e7
08dfbb26
08ee62f5
13dce502
fadebe13
eb3bf012
04e6460e
19fe7026
1a38fc2b
e2ecddf9
03d70605
13c1bce1
fdeaf5fb
ff01ff6b
e8e51012
f1ed1bf9
bb14bf31
fd03f5c6
ccc0fcdb
30f8e6df
1cf0ebf3
0a21e069
451533f6
00d3ec3f
2001ba38
e229cafa
15f1f7ec
f1ff0917
daea44d9
0cee2209
15272bdb
bbf2ce14
b110e724
f71ccb31
53d6ce03
d0f31d04
2fdf2bef
991ee7ff
00fd28f9
dac11a2b
f71bdee1
eb24083e
f3fc01fc
160f2a13
f7e11740
39303eef
2efb0341
d20df8df
951f4e44
0ebce451
fff02803
fd19e203
5e1d1f31
4a23d636
d4e00b1f
efbdd206
fa02f462
ee001eba
0028021d
ce010e13
2ed6e309
3f0a6512
fc1f04fb
c82424e3
2f1d3bdd
43e3d306
07d00b1a
1fcc0cfb
05f0d720
bf15efd9
e5dd0b1b
441a13eb
fce00507
21b3fd3f
fab20847
cbf7183a
02f20f0f
e7f04303
eed553e0
47eb4dfa
cfc7cb1d
ee01cc0d
14f61d26
fada1ced
e9ca05f7
7f12cae6
e2f40dcb
ed003c09
f5f30d55
0cac1ac9
f61c7852
1ad6c6f5
fb15d6b9
32e7f43c
3c1bfcf8
e8f2f6fb
19fad0db
c5f9a223
10dcf606
7423262b
ebdc10de
f5fc3bfb
16ebd7e4
ef4f33f1
e1fdfede
e8252495
305b2e03
031908f8
e00f2236
ff189e04
d8e50705
2a351d1e
3eed333c
e2f628c3
fe10071c
dc52eeef
5744fd17
fb12d0d7
09eb4ddc
c20c03ec
47edfa2c
11e1de07
d8001ae4
cf112912
e2f8fb35
e5f5fb0a
16cbf7ff
fbacc5b3
f71b2f17
cbb5ede8
4418c2f1
e5d7f0e5
dcfaf2c0
a7e9125b
16141fee
f60c080a
de24e1dc
251216e7
2706f6cc
cb04be02
edf83811
faf1f103
011b4ae5
1bd905d6
db1eea27
fbf713ab
d8efeeb6
11c8ff10
ecf5f9f0
25100afd
2615eaf3
1607f113
e9c7f7c7
1d12c0be
1321f6f3
ab16e406
e101bc3b
0d0f10d5
1907f0ee
e316b42b
48131de6
d5dbde1c
f8ddf22e
06eee822
fb09e6c9
201104ad
fae80a35
b3f50418
1ed12505
e7f5fe51
081d1504
d80b1f18
df0ad9e9
000829a1
07f1b22b
0cc8e6ee
d1bddefb
b9f51b44
f6b40946
e30bf216
b0010ccf
68ffc8cf
e9ef4c00
ae00f0f3
34bf07e7
d13015f7
0525d02b
13261739
39de28e0
2ce75a02
c9300306
2a3348fd
2cb1065b
d114195d
ddecc1d1
e40c1bfa
de0be71c
1311b2de
e3003559
1f05a3eb
e9e4f2f8
fffb20e0
10160cf7
1ce401df
08fc2c4b
11e8fc21
ffde44d2
ed08f712
bab7e7f4
4b1eb3f2
ffc4f3d2
caf6fff2
28053513
e71605ee
fcd62ff5
f60d5f24
edfb113c
e91b14de
e91d01f4
d3040324
d9f7f409
ff023733
a70b1b91
162e2af3
d8f0e405
16030947
d7ed18df
d6b4f6f6
ef15265e
7de9202d
3345dbf1
0e2fd6d8
f32825f9
16fb03e3
003841fe
03edd200
fff6ed0b
1a1b170f
dc21f048
110ed82c
1ee4cec3
fb3b4caa
dceaf711
0dd904eb
1ff019ce
c6d5b3dd
ee34eff9
dd5101cc
37e02a23
e32f6be5
f5ea002d
07f425eb
0afecebd
a6fbc205
01ff099a
ca181f0a
d829ca32
18e9d08e
e9e0fb31
311ef4f7
1b1cf21f
ebfef8e6
d3bcefec
003c1bed
c32d15f8
16d5c5da
08141216
d1d0213e
ade2d21f
302036fb
ea331eff
b7ac0e0e
4058f83b
f3ddd4cf
e954eb00
07fc010a
0beee4e8
f5ef0616
dcf63b42
e7f00fe9
d0b7d926
dceecd20
3f3a1f02
e50cd201
101fd531
0ef901bb
23ffe2bd
0148dbe7
26d90c0f
e1ecf212
f3e505e7
fbdbf5f9
f6d5d27d
cffb00cd
47d75e05
a00e2f25
322906aa
db045e0b
e2e3ca09
aefb0b1d
00e81bb5
db123fbd
f0fa3de3
0c64cdc7
040a17b7
e8f60cf0
26da41f1
2df7ef25
dffad2fe
edefc427
f1121056
072ae302
e400071a
2ff939e6
15e1f639
fc322ce5
1b10291e
fb2e0dec
2415e1d9
40d42c13
01220a06
0819f7e0
f207d1b5
1d1503fd
17381003
0edfbd14
f71e4638
fe3b18e6
f631e1ba
26040a48
1126f606
d512f909
fe244220
e0fbc50f
f6f1e506
e6efd10e
19f9f408
f0eddbee
21104cb2
ebed02cd
f712083b
1a29d227
17dc2190
05f40027
3e001b51
203c90c6
e6df4adf
27f63207
e22d4702
ed175a11
1bd012bb
d20cfff3
c3c6ea3e
d24141bc
f81bcffa
000ff31d
d91d2805
e2f1541e
2339e7ec
f4d30239
0a231b00
fcd2e80f
e40fc127
07f8fe2c
0bdcf6bf
34103508
39150ee5
fdddfd09
0fc1b626
fdf72893
ecb1d808
fbfc16db
e319e9f1
d5e642f1
36f9c7e1
ff1c11fb
0135ed0b
0303f2f4
e6f01806
e60ef714
f30c31d8
0fda5808
1ce51c2c
f6d7f5e1
3a06dbcc
0fe91b14
dd09cef3
def705b5
09ef2d32
2021f9cf
110ddaed
dd21b418
4f25f1b5
d3d8d118
63080df0
22d00385
46f04219
e79bf744
fbec11f7
ee2e49d5
fe23362b
13df3fe0
29041ef6
0a18220e
130e3b11
33ebdfcf
cea607e5
0353d5f6
d9f30442
9e27e807
c02611ff
11f10b1a
042d3f12
d12cf5ff
130d2346
21adfedb
d8e113fb
ef02670c
021f50d8
26e4e3fb
15fc0834
f20aba1f
141b40d4
2a5121e8
40e7132f
20b0eb00
cd203200
f00ce5ff
fae73f19
704150d0
10e7b412
23de2bdf
0be9fffb
2e0838be
04fcd4fc
ff13f016
20ebe205
edfb3417
ffeffe0f
fe25d652
e5fc04bb
f6052ddf
ef07d0f4
1938081d
bde220ef
26fcd549
0b05f2f2
d9fc0925
4702c328
090cdf06
f014beca
32bbf323
0507f5f6
19ff183a
34ef9708
03c62f1d
b7f527ea
d113e4ae
203ff43d
c8f3d22b
18c9e024
def5fffb
cf03d843
4e49131e
bb24e3d0
3ae2d5d9
05f7ddc9
342f2948
f8361af4
210f2c5a
d9e136ed
edc8a314
2c1d37e3
0cff6399
ebecade0
3700ecd8
e5d5d609
f647eadc
fce90101
2e4b23e2
fed5e7ed
2deae711
0ac20272
dee50cce
f0f819dd
5de806d5
e6003b23
e707f7f2
6141431d
21ffe24f
3911182d
27550130
0319fb04
c3f0a048
310cf81d
01252ae6
14f2f926
ebcd2340
ee1322f1
fd1a3903
01f231fb
bbdbdafc
c1f5be3c
e7d8f710
29dd131c
f1ee0efb
e2e2c1fa
11bbfbde
09ed1934
f73d0021
ed04ebee
1927f9dd
1609092f
1fd60b07
4d2009f0
d405ebc7
08f5f518
ab0d4b90
f634f512
2acd1bf2
280728cd
5a201918
39f5ea5e
dfefcc19
0bf92b02
47d72b16
f1db1bff
23f1fe15
e3f90b19
f6162751
1b10b0a8
fb29e9ea
3c03ef39
03e71333
1a1a29b7
0cd3dfe4
1cd004e8
ce02ec18
134c3708
c4c9095b
2320fd0c
4af7fcae
1628f2d9
1ce6f824
f2e836c8
2e05cdf1
b51130c7
c726becc
9fff21fc
c4f4eef3
160ed701
bfee2223
3ab8d4dc
0cf6b9e6
f0e81601
d903ecf4
31f604ec
cecf5020
cdf804cb
e3d4ffc4
29f4fa1e
e4faf8f2
29e31d30
f8da0508
19cb2ffa
2811d3ce
0619082b
ed40c904
021e021d
f8031761
ebe62608
02174dc2
f6ee047f
31f83217
e203b605
fd03f9fd
e30544f7
f0fafad3
ded01700
e21de80e
1805e5df
ed11c1ab
e0c8de2a
3b0a212d
2aa44750
0f142a2d
e615ecf5
e12d0d0d
d5f1322c
da0136cc
0819ec00
240f0210
d7b2fee1
e829f36d
2219c210
b5162616
0af1f603
f2f4f925
e1fdd807
18e620e8
04c34637
f70c38a8
b14cfb42
d418dabe
c2040302
eceffdfc
fcda44f1
2e193602
b5382bc3
cc23ed02
f8f9ae1c
d804d1eb
081be6e6
daf23bca
c91db12d
10a3f8c1
c62cf943
f703270d
1010ecf7
36fb33eb
c5ece3f3
ec19f2e9
daf1b6a2
d11c11fb
2507ebe0
f9e8f9e2
f1b4d628
140cf0ac
3aecd31a
d6fce63a
c5ed4821
fcd1f9ed
facc90f7
542200f1
011139e6
c0d70a34
eceafa10
313f3d7e
282fc801
eef700f8
1f24fde9
0a0731b9
051a4e31
172fe354
d5e0f602
541657a6
f8f2f41b
2b0f332b
efff0b3e
fbf538f8
d0140b12
1a031127
a8070cdd
1adb0efd
f9ef9fc0
eafe28ea
57f01100
01f929a3
def9d70c
071006f1
02f60903
e8dfb1ee
080ada31
d30408b9
d029042a
ff26173a
25e040ea
1deb3500
ec1a053b
1afa0b20
d6ea18e4
effadf00
1de7fdef
d3f9e934
c526631e
defeeae6
ef0744d8
ca4d0c21
ff04e732
52190317
201fff3e
30de1501
ec21dc19
43f9e6ea
02082a2c
f8220218
f300cf58
09f0c608
aee5f733
b221c41e
032514c7
cc2ee7cc
e90dc3e0
14270321
290203f5
fd09cae2
e904e10f
f808eeeb
db2d3215
ddd5b6ba
3a05dfe2
0deffcc5
ec1df8d4
eddd2525
f61201ad
00d51e22
03eb07a7
f8fff614
d81626f3
f601e623
2a150e17
f4ff1701
0632f20f
f116e5d7
07c6d20e
252ed533
f10efcf2
eed161e3
d9fc00fd
03220cf6
182de6d1
4b024756
02202927
d3e1fbe2
2cf334be
f5ed3828
070edc4c
343fd9f7
1b2bce22
afeefe47
04bffccb
171013de
f113c9cb
c613f643
01f43105
0a9dd0cb
204c3e0d
0c1245f5
0cff02e8
f0062dfe
1ff6f10a
26d2d2f1
0bf9e414
1ac951ed
ff14009b
2613fad1
13f8f2d6
403b51c9
bbe3d916
14029b2b
eefef215
f7cff5eb
9834f1e3
f6d9c974
ebfceae9
0f1b2e12
1122ecef
be0bc8d8
fbfd51c1
0bebdb05
f6d4e9fb
311dcc01
d401e102
f30ff206
201ece23
1f03b6ed
bf04dff5
ec1e01ec
102bf559
21cf1cca
0210dc1d
e92127f1
010c111c
1f091106
26dc27fd
34ed00e4
e50dc873
3a18e823
e7c82de0
24cbf738
f005c521
ea001b02
d5052e16
fa720226
fad42ce2
e6d832fc
290fe7d2
270bfc21
1101f202
e1fcd1f2
f9040d16
f430d139
e1e12b12
ee12d30d
fd36d415
29e736f7
0302c617
e5ef1436
213efb14
cf20edfc
1a5d342b
1e25159c
3a37d7dc
3703dae3
04ca09c6
e704f508
3a1bf007
fc2e1acf
51bc3c02
153ed34f
3252e0db
e0d91ab8
0104e71a
1d1950ec
14f15ca1
152bb5f4
26ecf252
10192809
0f2fe914
091d0403
311b12d1
e62a301d
fdf1c525
c1cecef0
f34ee0c1
df1a020c
efdf24d8
d4ed1cf8
1eff250b
21059424
e2f9b4c3
011adfff
ee17e5b1
b90c5145
defc1036
e2d51506
ff1159c9
e3213338
17d8e8db
ed501800
ec2eea34
371a2a04
0bcbef2b
ec35ffdb
ef0a1f4e
d329522a
10084def
0fb5e800
cc52d6e7
21f802ff
03fac918
38f7dbb3
eef505ef
e6dc09f5
39c31adb
fcd3eac8
44b82bf5
30b8bde9
c4481704
da03d3a5
ef24ebda
120a3836
ab1a0eec
0f3203e8
e5ae080d
0112fae7
fb0014f1
b9ad2fe0
35a90af2
ce08cfd4
0ad11fff
24dd24de
30efe51f
fadcd804
f0c01a08
f930eaeb
12c2102c
5f004b12
2a22cbc9
2f2dd5ca
25061219
ea260f31
21ef0a90
e334e02d
fd0612fc
a1dd25d0
00ddfb10
0ed3dfec
30efd381
e0fff439
1a01d3ff
13feef0e
fdf1e524
f11c47ee
17ebfd30
c2f708fd
11d0fb53
37ded5f9
ce48f517
15ec24fa
fd0634fb
0602efcb
38ec03e5
11d641f8
cf40b6ad
0fda57db
0f1823d7
c33bb21f
3055e5e6
3b19bcc5
7ff9f60a
03f01d1c
24170ce5
fc381b0b
d206b00d
170c170b
30199ad8
d3fade61
2ec3230f
b40238ee
50bcd919
ef2111e6
022d2d1e
1c1bebcc
e811022b
5cf9fc47
181bffe6
d3ee62ed
eca32508
172825ee
d7ec7af6
eb0ce626
0fd32804
be2fdd14
132032fd
f2fff2eb
1bedf6c0
e21c56f5
ebec23f9
e1ebfbfb
dceec726
17fefd14
23243ddc
150328cf
0309bcef
cce9170f
00fffefe
01fefe02
0202fe00
fc010103
ffffff00
ff0500fd
fefeff00
000001ff
f11e71fa
040fcfef
fe0beef7
f006000f
e2dbe87f
ed32d8e2
f1ad2f16
ecfbd7e4
ca03c8dc
e6f9f7f2
ec28410e
d9e8ebd9
1ced1931
e8d0dae0
16a6fd10
3e0ae9f4
dc2e2eff
3615ea18
2de6edfb
d2f534e7
28dc18a3
db40d206
f749c3ff
00e4cd36
33da18e8
fa010d0c
1102f025
2212c0c7
29f929d7
f4cb10f5
c9fee926
dc160afb
de030ed2
c64800e6
3aed451b
2d0df75b
31ff0f04
fe0edddf
1af41b42
b73aff14
fcec154a
30f44572
341e2806
f211d114
0bf4ac05
172fd4c1
7aed00b1
7f35bf50
2025e406
b7c92937
18d71cc5
1e01d6d5
14e9dcf6
1c1b040d
ded45645
4b8111fb
1215d616
fe39f01c
fa38adcf
c601f011
0cf32df1
fbfed439
6129f5fa
fc0f4b26
ef211409
0bd1c734
2200eaa1
0315f2f3
0bdc0229
2915321e
08f9de26
f500c9d9
29020f13
c90d51d1
f2e4fff4
8200ff37
02fdf908
d9312078
fa41cf40
15def114
2e2807ee
d00e2f0b
dde7dae7
0212e8ec
ed2c0d34
e9ff02b2
0ff1d39b
acf0261c
f033ebdb
180a20f0
cd0ae1e4
ea072df6
ec0f001c
15f9b6e1
e123133d
d414123f
57175948
3127d825
e0302322
3edf190b
00e8a72e
0ad6352b
f106ec17
fbf4535c
38f10c4e
0df50be4
01e9c121
4d113ba6
f4ea01fe
373ad2f2
e801f71e
1efaf415
4a0d01ed
ff3cdbfe
efc31332
21075d3b
e921deea
05de34d2
c1f00af6
44f33453
cd1538cc
491517db
1fdf05df
1cdbe628
1bf6272e
ed4014cf
153c1913
331aff2f
cde83ad8
ee0d44e8
1dddf4e7
07f419fa
090a0800
06f5f345
f1e9051f
1dfc1f20
e2e2e405
0000e219
ee27ebc3
b20cdd47
0902ed1e
e4f0fde5
06c63727
c6f7fbe7
deda5bf2
ec07c91a
d60024fc
faf30c1b
1cecec3e
cbeadee1
18f1e802
e3f2210e
3b07f2e4
eff7fa10
fa02e72d
bc052ce4
e3eabc21
34d6f10b
c9ede406
3d3b0eea
d9c9eb00
12f0f117
2ae8fc49
e70003df
0e050bc3
0129c6dd
ec03e433
05e1d3c9
e9edc70e
bffa114c
def4cffa
3a00b030
fefe0dcd
ae0d3836
18e5151a
f0058d21
79b1d281
1f411ac1
ec0e2fae
5ce243e7
f3301262
0a393bfb
4804d132
d7afeb8d
1f1745fc
05dbed3e
bc08fbfa
eff2f0f5
13191117
1742e62d
e1040ffd
f300291c
ed2accd5
e7eb0416
33fafa1b
1109ce10
08fc1d24
e9b3e013
3724c616
02deaeb3
e11dcbbf
e8e2e8ea
f4f2f804
37eaf6f9
e5e60f2d
cb15fae2
f52027f1
01f6040a
f2deecf6
2af7d2fb
ca09011c
ff0417c5
260ea3f8
2d0cf533
d34a2bec
24ac245b
b1ba991d
1b18fd30
fcda220c
cff94423
0afed014
11f949f5
b7d628ea
14f3241c
dd2c3cc0
1a17eecb
f10cf3fd
ee1f02b4
f4fbc9fb
f20c3326
edfaf3fd
ed3c1ac3
3a282d5e
084329ee
16e3afd5
73fb1ddc
fdd9b9d7
df00eae1
e8e5fbf2
19eef4df
21c0892e
0020ddfa
0604ec0d
b91b43d8
ebe7e3e7
12f41ec9
130bf00a
e4f61deb
361f3009
d43b0b1b
d30fde06
f318925d
34d81bdf
f3f90f02
ebe42c44
f3ecdf34
e55b2a03
f30bea05
051423d5
0ce308df
f4f8be31
cf0e1bea
4840f910
2cee2fc6
f737fe0b
26fa0d21
0bedf2dd
2fe01129
0d17fcd7
1e06e9df
f6f9fceb
ffaa0a10
1117fa16
2723f5c3
54e095da
feef2208
05ee141b
edcae093
1a06ffb7
fbeb21f4
f809de38
3c28c7d2
3c1a1a05
ff04b8cf
3c1611e1
4568331f
08c8f2b1
092f0320
fcc4d0f2
f3df4613
d0eb2ed2
e832ec96
c0ddf0f6
cb430cd2
c9ed7f2a
fb1de240
18ee3a29
01fbf1ec
1a24ff5e
cd4b1900
e227f606
cc1f3ff6
0c06ccdc
0a300ad8
5006f726
f008e708
0fced0db
0cf83821
ae04ec24
08993a00
145223d2
14fcca3e
007ffdf2
1f08124b
2118bccf
e5f711f6
fa083bf4
f6ddfea2
f54201d2
bf0d22b4
ec06091d
0a28f119
d50e0bda
45dc223a
ebf7e1f5
d1f0c611
140e3d01
17fe2b9c
0058d00f
04f524fc
11224c05
a004eee4
1ec1fd04
abbda5bf
52f8bf3c
f5e32725
2ce6b5fd
ffe42a13
c1fcfed7
1a1a3c2e
25bde017
6bef331f
7fd414b9
f0eec416
f1d2033c
24f81234
0cfd2116
e1080614
b50ecd09
d6e2f1d4
dece0814
eff8d50a
eaeee657
e11c141b
b4ef1f27
220a03de
f7eed639
200dc2ee
2231ffbd
21d0ecdf
00b8dff6
f24ae3f2
0116e1c0
33f0e42d
bfefbdfc
369bf028
ccd9ca2f
28ff0f3f
2ecc0b34
5146567f
c3061724
447ce614
250b10d2
f9fdc448
dd2849c6
2b30fcc9
140e1a0c
fbdae922
f80902e4
2001ff52
e3d84d0b
0d133d36
61fd060e
0d14ab5e
fe9fd647
dc10faf5
ede1e42a
3f1e1a06
0b5716fe
c4291bed
d7c1124c
4431042d
2015d22e
f9b5df03
0142e8f0
960dc33a
2319e60c
f3c70209
d1f3f3f1
f5efe417
f25031e3
3536ce4c
2029b8c5
150af1ff
190031f7
fff43c20
09f84428
0dc81ee5
c7f1d0f3
3bc3f0de
22f530e6
63f5fbf7
eef8e913
2df9e5e9
e216d543
3120470b
08cdb739
0213ed2f
cbe0ffd7
17df1923
ea345103
b9ba03e9
f7bbe6d4
c8060a26
e4f9f710
000e0bdf
e928261c
ece69239
301506e7
f6fe2bfb
fddb14ee
e8f611d2
4f27f2e2
09f64dd2
fef40c4a
1e4dd52e
d9e5f10d
010243d1
ccea49dd
fedf0e47
2d97f8fe
3bf5d5ee
26e3c614
cd22e3e9
1c1cde09
cd1636ec
babd1dfb
f6e1d5c2
f7232742
e633fed5
00162f52
efdf0f25
021010c7
1136ed31
f61d37a3
f2d2ef26
14e22214
d445a4bb
132ff947
1be1cf1b
f3daf740
3fd801dd
0ed52bf9
09e5f922
0efc19df
30def8ea
e0051627
09f744fd
daff323b
2450db21
1a220a21
f610a4ed
1a0d4a63
e6ed2521
1dedf3d8
2614d206
f6fbafd5
214ad4f5
d1d7f116
b82428db
dcca1fd0
ea36a72a
f0084ee8
e22a110f
10f3efdd
1a2ac138
19311a15
ed0600ea
dfee2bd6
f7d7aadf
f814d20b
dee9bef6
a910ce2f
5b2ceae8
46e9b538
370f1e03
fa3f434d
1d81155a
efc7dbb1
3e70a5bf
c4f6f4de
0710076a
100b4467
b044fcda
f666e1ca
ef892d28
ecd5edf0
ef0102ba
c31217f0
eababa0d
13f8c8c3
da1acb08
cd27e9fc
18ff1b0f
021e070c
fe033bce
e715e2e3
deb30ae6
de0417f8
f9d73c29
12d8e50d
08daf523
e5d97f41
27f5beec
d620d9ea
f12f0613
f3bf046a
c60107cf
33eff1c9
cfdffb30
ef0015f1
44e5b435
1afed9e4
1107ecf5
ede4dfd4
17f33d3f
bae41536
fbf43711
7ff9452a
d1ebbc0c
f3e5e220
250c26ff
03efcde1
b7b3afde
13c2ec17
1007e91f
e4ff2ae2
e1f4150e
062013f3
24dff937
f4e2ee2d
d9110c0f
0a11fe06
fcd8df0f
ef0f311c
dd02b519
b5dc10e7
fe06d33e
13f8b7b4
2d13c2b0
fd191fca
5fd2df34
f03c010c
14f3e2f4
ecf8fcfd
2917e4d2
c1fcc02c
3ada4661
f71edb00
21251bee
cfee1931
13ec3220
eb1302e1
ebab2212
f3a50201
11483516
22e84a02
e40a92bd
fea6b74c
1cfffbfa
d107dfbd
cfb9fa08
642d0bfe
cfd9cbec
290a08e0
dc04ecf3
d5e8ac1d
eeb0efe9
0df5df1f
f93fe4dd
f0dbeef3
f31115dd
ee0c3309
50e1f811
fddef8ec
0840b1ec
ee1bcbfb
15d9c731
00d203f4
d5ed04bf
19f57105
f7402fed
0e16ec20
2efc3f16
f51df7f7
0c0425d1
f82616a0
f50016dd
09f2d3c2
f4fa1a15
d3fdf0eb
a6f33413
f7d1298f
14dcd936
e629fdf0
0ad9ffef
f40b330a
02bc030d
25161000
ff16d343
1c21510a
de442504
072c08bf
e0dddae0
36e50155
d412d231
0d2fe64f
3b130f0d
23e838f3
d6f5cbe2
f6dacc9e
09ca2a99
ecd9c238
f0bed3e2
08cbe6f0
e5080b05
302519d0
2ff3ea28
69ed1d18
d5b3042e
3f27c7ba
e3e7f2ec
f6d4ecb7
c803bdb2
3942ca23
da1e1636
e3123eed
243606aa
da2a09df
20d23bd3
05f5fdc9
2918ce4c
2dfafa06
19a628ea
cd160bc9
0e123e13
fc1a2733
bf3a063e
23ef3f34
d4f14c59
bf10d301
0b27730e
ec06db15
c1c7e003
4dfbccfb
e7e6d6df
341d9df7
bd0af3f7
e1130e03
f681ba0f
390a1a8e
de02e730
b80424c7
fae5f7da
0426ce13
ecd20829
cbc3523f
00cd35dd
04f5fba9
13f2c8ca
20110c12
272501d6
44f1e1fa
2122ef11
d2d50533
fdceb347
0d1414e8
0d26ffdd
1236eeef
3a33c403
f71513d9
f6e0ef03
34ff4c04
16ffe60c
18fa2350
4328383d
ebcfe62e
eee4ccfc
3b4ff4da
50e217c1
452a4a24
0cd5c209
023dbb01
17b5e44c
cee91c09
3bc1c4f4
1a3216d3
f4fc3400
cff029c9
d8cefb15
39e8f706
0af40f23
f0ed1d02
f9db2202
0a07ee24
32e3bd20
e71128ca
eac8e015
ca1315e4
e7b01f8c
f5f709f5
f9070eff
0af3f9f9
02fc0e01
00000301
0202f61e
fcf901fd
06000c01
d8bc1acf
303eec22
2227e328
4515ec23
f8ee02e1
d7ce4623
0de414f2
28cc88fd
fed6e012
040adc1f
17c3d930
14082c4d
4437dfea
f624d9f9
e9e0e12f
2308c9e3
3628190d
0af6331a
15fb40e6
badad3dc
f70e49e9
e32fb702
00f01714
f5c6dfed
3efc0948
e5c331f9
fcf56100
cfe9efd0
f71eec1f
c0fc5748
850ad804
2a05e60e
011deeea
1f31d823
fb0918eb
ff242e26
1019d91b
fae3c217
113bced2
2c24b8dc
46e6e70f
f305eda3
11151921
e62ae4cb
fcf2de02
19f6f119
2029e4f1
30281bff
31f707e3
27e90f29
15dc0213
c3e72ef3
adfe6c05
44f7f825
feec11d6
39252614
2d101d06
02bed2f0
101a330e
331c0a03
eb01caf9
ddb62134
c9e2ead1
073b9c35
7f702de4
d126031a
07d921ff
c6fddd31
0108ec04
0027e3ef
d8ccfda4
3804f0e7
0a1d04cb
3fdf42f5
260a05ec
8d19ede0
e10cc1c3
2b090cf3
f50cf8e2
bdeefef9
f20003fe
21fe0cd4
0703cb2f
e586d9bf
44deb8d1
26c205da
2810fc34
bdf704f0
0613b80a
f71b5607
ee1de3dd
44ff0409
f381270e
f2f5d7cb
10f71716
0cf534c5
f9e5fef7
30de104e
190cffdd
e3fb0418
d5303ceb
c520e809
c6e4fffd
f207e313
d5cfdeaa
302047c1
11130722
3d81ff11
11f4285c
14e28181
f1f322d7
e940003a
44ebf71f
01031001
29e12b23
eaeffbbe
d6e8110c
450c24ed
df0a301b
efe229d9
02fce605
29e6f8d5
e115b02b
e83ebef4
f0182bec
4142fd42
d0e903fb
19edcf2c
cdd4fffe
e9dde702
0901d91e
e413d93b
0c36efdd
e3dd103b
e1e3fecf
d1dbacf0
1b1fea48
201c16e8
ced7c0c1
46ecd940
0ef71cfd
edfffb1b
2e50fa0d
f0d01c7f
f557dd0d
0019f5ff
ffdcfbd3
0edf0f13
0a1e071a
d9ddde07
2e072f60
e905c22d
98154850
c4f5fae5
29ec1dca
23101109
f33409ef
fb202f12
eb0cf2e4
e3084e15
3decfebe
0313ffc7
e4bf0e01
f5f15fe1
ea2bf716
e4e5207f
1be2f406
fdececc4
fed9b9d7
d3ddd9ca
0ae015d9
b25526fe
fe31bc1d
b3280648
1004c902
d90cd1cf
27f72628
05191822
15cabaf3
dce4e7c0
ad245004
f5f940c2
e4e92d10
2bf71ffc
aef21815
050bd25d
e0e31816
33e604ea
109fa5c9
00cbf9eb
48e4f423
fd4a1e20
07140ef6
fd101fdf
03e1e420
00fec81a
f3e6e001
00d12ff3
2bee1ecf
0ee6fbed
022af21a
f60febed
9d0a412d
eaf71532
5decf7ce
09c8a7d2
220709e6
ef0d1507
ae1a06ec
f1eb4600
b80a0df6
ee07fd15
1901f613
e9e04d2d
e90914c5
1f0ca134
c5efdfc8
0fe7043b
c8d50626
2e25b925
bdf0dc05
f4e4040e
2ef63e2a
ff3629d6
e7e027e0
03f7ef0a
453ef0f8
452dddfe
1aeb2ab3
0f0a33e5
d4d527fb
e9090630
d018ddf6
08edeafe
ddf8fbe0
11071bf4
30f3f80e
df251349
bade1c3b
2021cafd
1656e628
eb0131d0
0c0c2d03
db3a11f1
2e43ed08
1dfae511
bf23e2f2
28cf0506
fdef2519
1205e5f6
56f50e5c
06090dbe
473a387f
2c3117c8
09fbd8dc
e726dafd
3ae002b1
dd1c091f
113521d8
b4f81615
ec264e20
f0fded27
efdc02f6
f107d1b7
051fcf10
00ebc723
09d31af3
26f1e612
0ee631bb
2406051d
39141340
dcf5cc0a
f4ceb101
25f9ef0e
52443739
e2fdcf10
2a383615
00d1eb02
04ffe10f
fed62dc4
2128af23
1524f6ec
32e72dd2
cfcae5f1
f6ebe801
d9edc609
35e61302
321f2deb
f1191502
ff1c0c0c
1cf41700
110107f5
fe03f6f3
08f00712
1fd80008
230d16ef
3c05030d
ed15134b
47cf21ef
1c55a0fd
f61110da
050324fd
ac0a9bd3
aa2de6d2
c7efd4fb
0fe7f015
8fe82c12
db06262c
e7f014ed
ff111af5
e118041a
e6184fce
c2de1a17
1d06ca10
081cf5cd
f8c83728
f2fc3dea
d7f0c3ff
e7c9001a
53f7d420
fe3cd8e6
fd9edf0f
3e19e912
4b0f400a
bc39e7a5
fc04b60e
daf5eed4
001a48d4
1ffb1949
e602e5de
f4e8dc12
e9da2cc2
4dc614e2
061ef406
c7f1f61a
e7c5cafb
c9ff09ef
2c4ce4f3
d7f3ed21
140aecb1
1f260a4c
d5faefd2
2926eeaa
fdfd1602
ea13fd01
e3e62026
060954bf
15dd2825
d9f7d2d3
fc3748fc
e82cfaf6
fcf61f16
40fcb324
0715e4e9
fa1607ef
14f004d9
0f1ef4d7
e5fc1a19
acf1d0fe
11fa05ee
e93adbcb
f02217be
f6f5b62b
56eacb46
4714f020
de18c9f3
d60aff13
c34ee8c0
fe3b18c0
2be52318
e8fc4a2f
11184813
c513ddea
fee6ed16
c5e6b9ef
e40cfc1e
0f24e004
02f804c7
23013c31
14d8490f
a90169ca
dd14eb26
611f3fd2
f2f11d23
3333b9b1
f701e227
314211a2
0f71e3c9
d6ed0d55
1caccb31
380e3932
cee2f8c0
1804e7f2
2fea3236
45094027
e629f31e
062edc8d
ed01b316
f1aef120
bfa5f2f4
ef02d116
c9d2ffea
faec16f1
2cfedf22
2b251302
17ffe6c6
01292b48
ef22f619
f226d51b
bfdba524
131fec08
c0abeae2
7ff4e6cd
e2f21af3
28dcd6f7
f833b614
0ee7eeda
f331ffb7
0ff909b7
3cf509fd
39f7d032
0ff8faf8
f00cea00
0bf6ed11
1f3bf853
d90bd2e2
ff0cf815
2d1a23f3
1b07200f
d52cf405
2be7fec5
fdd3e6cb
0709ced3
0724b54d
252fadd5
c725e5f5
0bf30cde
fcf704f3
cbe6f9cc
25fcde36
c61c00f6
ddfe191f
07fbfd07
041665e8
c1f41fb0
dc0b020d
04020cc4
26cd4be7
f2db210a
e006f737
5347f0f6
ceea641c
393bcf05
fdc6262e
5e4fbde9
e12fcce2
0dcd4d14
23efe8b0
09d1f612
d71bf808
185a2ef7
d10ce6fb
c614d4d5
032fe4f6
eafcfc2e
2525f904
efe0e8d7
1f092009
1204b22c
32053b02
ed04e8d8
08f900f4
b1059ece
ed21deb0
60f7eabc
ece30b01
032ff1bf
f8a2ddf6
fe1d0c1c
f9b60451
c5ee1728
0e62b03c
380747fb
45e6044b
d8bcf605
f1d30a23
db39c621
2d08f50c
f327deef
121b54fc
510a2506
0cd4d5e7
0f29d70f
0353e5f1
411417da
f33cea18
ac1bc849
d60c0bec
0a1b0f06
f0fd1709
f51e1e45
f60b160c
f0d22f08
f5bbfbe3
06d812d4
082124f4
e00ad4f5
06c7e8f6
2517e8d5
4a0f08e4
d9c71e19
4dfe39c2
c33be338
e8f1fb2c
b3d4ea04
fef58dff
8c0b9710
27173808
c2da1beb
2f1fe306
08ec0a0f
07f8b025
e0f70ce4
f40026b3
c718ea02
04250206
0ef22216
323735d9
f3fef51d
03e9f013
f7f01c2f
38f8c1d9
e11edadc
311d0ff0
faf135f6
0bc8bde0
03eceafd
0748e62d
16100402
b602cdf1
fcda381e
e9e4f204
c6cd2706
05f2ee11
360dfe13
3a18dff8
f1d9100a
9a24ed08
06deaf21
ee37f2e3
e84638e2
20c80599
06f01e23
2613060c
2ed0f4e5
09cb44fa
02e9d1f1
0200d2cd
4918092f
fdf1f3ea
d915032b
23acdfe1
cae206f6
dffffbe8
31e60bb0
f3130817
25f8caf2
5df3d629
07f63f57
d50c4f49
44e9ebd1
c474ffe7
f47f1b2c
f94dcb05
dedae4ef
e627011b
23ff17be
f5d614ca
0e43f9ed
0cf3010a
26e32207
cadc1b05
05140f17
30f3f8db
180e40ca
f41b7f24
0916e00e
11c226cc
ee0109b5
bbec35e9
9c230624
f622f4fc
25d9d7eb
7f4df2b6
e8e63918
073ee90c
c61c0707
f7d832f1
1a0fe5e5
f6e4e242
c80c2104
e7fe094a
4a14e00e
04e21e20
3900f7e3
1ec8c6ae
1d1028fb
35f5dafb
d72e0ada
f2df1637
c4d91346
fbeb2bf9
fa311fde
41f4c0eb
3343172a
2ad916f1
7142a6e6
faf1f6ac
a8c62746
0af0a5d0
ecdb07b6
2cdd1727
f5190813
16e2fc3e
810ceafa
08e5f015
394b2a05
d810c79b
dbc3d2eb
1114febe
eb18ef04
e6eefe33
fdfbfe24
c60c1a0e
e2521af2
ee493510
1610da2f
2031ea16
c5cbc9e6
d1fa04f1
d118c33b
eb1bf51d
d3c0ebf2
0913dc18
28061b0b
42ff1be9
052f0d14
1a23ed26
b5331a3f
dccff5c6
ff15fd78
24f82e14
ee053ad7
dd03edc6
22c03111
b6f6e731
34d8c4c0
12d10af3
f4dc1f0c
a8df0be3
d80eef36
f1d8df54
de350d01
0905ea32
f9c01cff
08e6d7fc
07bc170b
d8d5d6d9
020ad1e7
dcf20fcc
011c25f4
3ce5f017
efc91cc4
c60948e5
b6efc4e5
31373dcf
31d33de3
230fe45a
1706e5f7
a404f018
d1361ab8
ef1cea20
3301f118
0bcfde1d
1c385003
f51ae9e0
fb2c0afc
06d8d7db
ced20cdb
1b3e24fb
04091101
de09e4fa
261911dc
c915020c
111bf20e
03ca18da
eeee3bf9
0aea1808
a35417de
d727ccf9
df1b18fc
3cf3e0e2
41e2cf31
1017e417
fb341cdc
0722c70a
0b30f2e2
f1f02efd
f618caea
f5f6fff5
f7ff3800
0adc34de
bf180df5
2bd801e3
02e615e0
de4be5e6
3a20e3f5
bf363c20
e809f3f9
5b18e9ee
d2df02f9
cb07cc11
28fdd806
02e1293b
dc0020ee
f4d20fac
160adaf3
e8e813e0
d7f4cff4
10f0dbea
c8130511
d507dffd
fd120f10
10f30622
07f10308
0d050ee4
f519f4e9
05eff33c
e4c12709
1bfd12b4
14eb032a
f2f2eb41
e7fbfbf1
c7a60c0b
20d601b6
150d07e1
f22106ca
09254904
12dc1211
2ce30b0e
130bfafd
11f041f2
14ead4f0
050407d0
3af61a1d
28d1ffda
23fdeeec
16242b13
dc2be544
c5bf13ec
03e03d19
220c3f12
813cd46c
f0f026f0
e6f6394f
01d7d70c
fb12f410
01171337
fe02fffb
0101fd00
01fc0100
fc020400
ff01ff01
01010201
02fd0204
03030101
ecf8ded4
c30d05ee
0cbfcb06
1cf71129
29e67199
31bce2f4
efeaf1d5
ff2d24f0
ab052425
be07dacd
f6dcdbd7
1202e41d
64122f1a
ec11de17
2101e9fb
03f500d9
4300acde
0a01f810
ce11d0f4
ca34cca1
296d2503
e1f2ebf3
06df0319
e95ff0d4
dccdd904
39d5bf39
d7facc06
09d91ef7
f13b2458
3b10fbf2
f32aebde
1de4a2fa
4c316afa
dffdf3fe
18f3fcf3
042cc401
f7140a26
05f603ff
f31212f2
d7f11304
bc202e16
19e7d9f5
d0e94a09
0ddf0bdf
140de2f3
f3eef31f
daec1200
ede6f2b3
35f8dd0a
3ec7f912
17c3d80b
0ffc06c6
fa42fc16
fd25fedf
1bdbd9ec
02ff0c5c
ff010105
ff04ff02
03fdfffd
fcfd05fb
ff02ffff
02030505
010101fe
00fdfefd
e6ecdaf0
2a360026
0a0b0f24
fbdc110d
0ee42514
fab24b15
e240e4f6
10f1e10e
f40afe21
f4d1de12
072a8b02
add3a01d
d802f428
ce242a1e
18c4ed42
10ce60f9
5c0ab011
0df16a06
1dcd21de
16d09929
1fd11e39
f31fd950
a9b326de
147fdb40
372a77eb
17fe0bfd
03dcf113
1e0ac802
3716caa3
ecd5c7e8
f4eb1022
edf6fa13
5032f438
ed1ed2f1
36abf7ec
f9ef2c0c
e96f513c
1ceeb70e
05f5decf
12e9f6d3
0f1f8d5e
5705180c
d1068fdc
31da540a
c622d614
ebdff022
45dfc528
bcd0fee0
3dfe3fc5
042a0b28
ed240005
04000f11
0608a8db
3041eb26
2c11b505
f304040f
acf21032
d7fcd1d4
1e19bef0
39290e09
ccbccb64
acd1e724
c3f9091b
365bf71e
28e4bf18
f3db3706
1f060108
f3c813f2
44e11ad8
fd060fd1
edee120e
c7daecca
f900feb7
ea12e81b
13f11b03
d9062d00
f7020914
04ed35ef
fdc4190e
270f0a1e
f2133442
e42f9a1c
23f1e8f3
2af1b007
214ffff8
daa3e60d
e9e83013
28580d26
5feafc5d
2aed171e
d7543e19
082500da
eff446d8
042c1fe2
07ebdac9
0ee30e33
ee091619
0814050e
f612d2e4
090dfc1b
0916f3db
08102f08
fb29ff13
0403d308
cff8bdfd
d49fd1da
3fd0bd36
2133271b
3b2ec3d2
abe619e6
e9162fee
e51df8ed
e94417eb
09f2d36b
12632a46
3efa1d1c
dbc7122c
0e17f3e9
289c051e
0805d8c4
d238cc01
ee041224
caea10f7
ecd8deed
dffe22e7
cf0e28d0
eefd360f
75fd0efc
02100d08
edec2acb
e7dbd0ec
ebfa2d0f
e314f1db
f2d312c2
09080cff
faea26f6
00020300
0102fd01
0001fefc
0300ffff
0303fe02
0300fdfe
fb0001fe
fffffefc
cdea47a5
22832c11
c2a62417
f11bf606
040c21f8
2ff605f2
1f4a8108
0147eddd
04ec07ec
d63ffe10
ff2b451a
08c1fded
3c4efef7
07d7ba09
24c728f5
ebfb2752
4dfe56c5
1d1edc0f
0dc1c0f4
cc7f9942
07e51c04
d92f20d4
29eac403
e11919f4
fd44d32d
e529cbbc
e615f2dc
20f1b5dc
dd332bdd
14110611
fadde53e
1024e43d
f8f5f8c0
e910ed2b
01e436f7
141403d7
1de30e0f
fffcebfd
c203f3f6
fee2faed
c4396121
e9c33c11
d70a07c3
f2fd00e1
2bba4425
d71517f4
0f260a2b
e7d0f629
390612cb
205cdee9
f423f2ff
e6ed2894
05eb2616
ecd5f1ef
081ae705
38031c09
ee10f2da
07eb0f1a
c5100129
2e21f611
ec1223e8
0ac52708
c6fbfde3
dc122101
30322e35
f01ecbfc
1bc6d2fe
14e40f12
09dcebe3
0f55bad8
e3f9f150
32aa3fd6
06ef19f8
cac1e4ed
d1fd1d30
1fd7261b
fc360ed9
1d0fdd08
d747f815
e816e835
ff01f5f1
fc050106
fbfdfb02
010600fe
f8fefe07
fe0200fd
0600fe04
05000005
0bf800f8
df2402fc
d3eacb0f
dfd8f608
eff8f83d
3fcfd2b2
280e08e9
31fc00b6
363c4fd1
bc81f11d
d9d916cb
f3310e25
60c3d72a
f51939ee
0f1cd6ed
150c0715
2b12ba18
be9b0306
13ff0311
81173afb
e8b949fb
d5e60111
29ffb3cb
00fddabd
280309e3
f013df4e
0ad1c707
f0e8ee08
2a2f85cb
e6f9e200
26f22de6
d2bbda24
e2b22e02
1c9b1cf5
aef11aa7
f306be05
d5c6c955
d57f4219
0ff01b36
f258f501
201ba135
f61b06ff
39990600
f31b4a31
fb4adeda
235dcbe3
d1efe0cd
e3291525
ec14af39
c00e0029
2be7431f
f4ecdaee
24d535dc
eb130505
30160216
d5e489ec
670a2e03
1bd90d02
3f2e2213
d9ebd9df
170dff02
f625d907
6802e6dc
cd16c91c
71e83c00
202a401d
55eb4301
04d6dd07
2ae3105c
d2e4f3e2
ddc1e92b
be22181b
35d9142d
2722fefd
15d6e2ee
f326491f
0c2916f2
f033f0ef
1ee16103
f53dd533
e20b10f3
f80a040a
ea0d2a2e
fef8e218
0d010009
fd150808
15e90805
110ffc1f
3df80230
0cf4b20c
fb36e2eb
cd3ef8fb
28ff06e6
2c19ccea
02ff00de
55e106fc
d2ffdf22
03a6352c
de00e8bc
b720631c
082738db
2a09f1b6
ffbd080f
26c02a38
413eff40
fe0bfc13
5ee619ce
291b2c11
f02ef2fc
f0e42a2e
1811ea09
49fd32c0
26150a25
0c16f65a
c418e8da
ecd9cbec
f707e9f3
fbc927f5
057f211c
5b181967
193f08e6
f32d0626
12ed1618
fcd33904
2116eb14
fae1120b
4dfeeff8
02f718e1
3d25ea2b
d80dd5ee
54fbe529
1ce3f2e1
ed11d817
1d054204
db0a13fd
21183100
6110f844
02ff0332
ed07fd15
1ad814fa
02c0fb20
20d4f7fd
3dc40bc0
1917df17
f40a81fd
35ce3605
fc0c2446
0808bc1b
191dbef4
031a1128
0f41230e
15162392
4224158e
fecf1cf1
3bf30ac9
edf72bf3
f131ebde
0416dbfd
26ae0f17
d200e7e6
dde22510
e0222f11
faf6f8db
0ae2d917
0731f515
f444b4d8
f918f0f0
0720dff3
2c4404d1
19eaf1c6
2a26ff59
18f1db13
361e35ca
e5f63119
d1e9e219
24e93817
34cbe15a
2c01e529
d4d0133e
0d1125fa
0aad2635
d9d7d9e1
f630e6d7
1b542827
cbd2f21f
0a38e10c
f6eb0bed
bd2021f2
37f2f318
ecd62730
23b6dd00
c5ac6f40
2f0041e4
1125cfaa
f03afee9
c6ce2d16
dbe70ff5
ded9c6fc
c2f1ce07
f5ffbc37
55e028f5
e824dede
eaf5ea24
056de59d
213edaf5
e9e73655
fef3cbed
f7e32ff8
74d42d26
fc24c921
3c160e06
1391cb17
f42ffd11
f60fabf1
10c8e1fb
0acbd0e4
2e08d52e
edbcf80c
e4d6ded4
f4f00ddd
09f7dd3d
0bf01102
d3d7fade
e123ebe8
df026810
0113a40d
022c0e0b
13e7772b
c009f639
e2d2fafa
ecd033cd
ef310515
05370a0b
12ee0bc5
0d094f0f
cc150e04
002e62f6
2f29e513
4407e00a
f119cfaa
ef365ed1
12fffe43
e00e05ed
f1ecef23
be16ee18
e10fd907
b40fdadc
07fff93c
27cf11c0
2f182809
08fdabf5
35320eb1
31f5bb6a
0df60d1e
25e023e0
06d71523
de2d2b08
15b125d8
03f0f8d7
c66026c8
25ab21ed
ee01fd19
0c3449ef
ee0400de
1be6df20
1c26cf1e
fb1618e1
02c814fc
cb591fe2
b9d952fc
2415fff2
30f46731
30150ad2
08f3d2c4
ebdb623c
12023aea
fdfd2fdb
1aee0a35
48fed21b
ea302a54
ebff0500
df17ff4b
efdbf39b
ecfd162b
ec4b0c23
1206d703
f305041d
31d6deb6
ffe0f007
ef1205c6
dc5406fb
120cfa07
00cc810a
f11e0136
1522f911
cef3d60b
4dc7271e
ee11142e
0be59eed
022af61a
6ad6ccea
12f0c8f5
0ccc20f5
02b6ebcd
382ceb78
1b04f102
194bf930
b60f2713
29fdd61b
f9d60212
00011bca
e8902bf0
36f7f6d0
0ecf1100
dffe03fb
39f7c6c2
f7fb1d67
eafc1d3b
b5c0d60b
11f4120a
ebef0200
d7111005
d5e0fa1e
210f0615
e50fe3ed
f2fb06c4
3614f209
fa85c7a9
c1f9fa36
141c1b2e
35bc18d6
f427d004
b626f523
5c130b19
f1aeee1e
fcddd244
4c172209
fc02cce2
1204c722
44190ce6
32d2c542
0133f1fb
2330e5f8
cc5ee128
c10b2530
cd1d2a06
f9fcc212
0ce148c9
f1dd2931
f2cf05c6
19c01e35
bf32de4a
2ade6135
14e7fcd5
dd35ca37
10e60dcb
ec2720e0
0d28cdde
1a30ef37
c5f6efc8
2abb2125
22e81116
d517c801
021a332e
02e300cb
17e5e7d2
e20ede25
d41f1451
d22321ef
d8cdeed0
3be5e626
4db34710
13faff0e
eec7cb33
b0d9cf18
2442d668
e018f120
f633d9ca
d934db23
ece31925
ebdddf16
1afce5d1
f8e12732
f6e518bb
b0ed1ae8
161014ea
8a0908d5
a8f52765
15d70c28
0d260e00
defecf1f
f72ccd99
29342cf1
35e8c933
e536ec26
260801ec
bbff1909
0a11fd23
e30701e1
3124ff46
3215dfea
06022365
c81712cb
1c56c3e9
adeae305
f0dac53a
b20bebee
0902e770
133adda3
d2150b0c
2e16510e
eda8bf39
c71ae440
d8061e2a
1bdb07f0
050adae0
e8122828
1934e9d2
d86835d3
452b18bb
c9f7b7d8
f1120318
14f2f7c7
06f236e7
d90aeb12
a23601e8
41e9f7ec
1403e4d2
f113c72f
37f23f33
bbf1e1f1
feba1be3
0fdec4d0
c6ea3cf5
f4661513
24f419ea
030a0cdc
0d3d4bfe
21fb253c
dc101fa6
d9d1fbd5
0337f9db
56c8edec
382c2b07
10e3fa1c
f83054fe
1b021c3a
b80cf0ec
bc03180a
34b9f8d1
f1f7eaef
0923c006
56f5def4
f7e330fd
ddf9dfe8
15d11712
e50508d1
09d7ea0f
dc3e05eb
bee60015
1423fdf1
1c093102
042413e8
f55bb1ee
232838f3
f1ec1ff6
b9b1e9ca
1aefabda
4bb3f4cf
0cf7e8dc
1aebfb03
e527e1d5
27062912
1ce703e6
045efb18
0620090c
4b201202
d633310e
9730be0c
5fdf09df
9fd02b09
c907cded
f1fce2cd
0ee0f748
f80ad418
f7bef2de
f53cdc33
bf5d020b
bd0c791a
e836f00f
29afd8ea
cc37121a
17f5f008
45dc30e6
09062333
ec1a30f7
018beab9
f1cdf8e4
09e607fe
f3ffe8ed
fa33ffd7
13d5cb13
405b27ed
e09e2d13
f85cdedb
0d21f0b9
010ee4e0
b81a00ef
0ddaecd9
03d6bdef
38f210f1
c5fad605
b8fc1fdd
3e412cdc
d1361b19
d96ad32b
1f41f4c3
e216d4f9
e1380bf1
57a72c2b
2ffb2124
32192700
a1f3f4cf
1043fb0d
a6ce4c04
4efefcf0
402260f7
fcd509e4
f5c52aed
3f120016
f10d0d5c
ea01f832
faf601d1
09edd9f0
011e141c
ecca0c22
09141de9
eb500dfc
b906b91e
fdf15124
e90b19e4
0646f54f
d31f2d09
ebe6eaf2
d0fa54d2
deea0b63
07171125
03dffafb
f8305527
295e17d4
eafce01d
49f508df
02081522
1708e21e
eb0dea0e
df15f5fc
c7b0ef24
eedcf304
d80fffff
060e1baa
1fdcd90c
e80d0cd5
0590052a
cdc7f11b
fbffbbe7
e90bdaf3
13f31ada
fc1443eb
ec281819
3ff70617
04200e19
2b4a5239
fee1ee22
0ebef7f5
debd380e
1c310738
d4eec91a
0e47cde6
17d3f9d7
26c0ddea
32b1eab5
efc434f3
f1190318
b960b741
d6bbdd10
04152b0b
bcffef21
2f29f306
ed01acde
f03424d9
2ce6e42c
fe250e01
2e080535
050af5ab
dcde42d7
fff7581a
10631dbd
fc5364ea
432aabf7
dde81d58
97f22437
ee09f4e3
e8ebdced
ed27ff0e
b00711c3
2d252df3
c914befc
49f21c32
c97fca30
482a0f1e
0a1ef2f0
e0b80ae6
57063b0f
1f292651
440c0edb
cb4c683a
2b16111b
001017e7
f12efddf
cc16eaf0
1200cbf3
e5f60afd
e00b0ccf
0ec41128
49fbfa14
10100807
3fcde931
e7fa270a
f8c10bc9
13e5e724
1deaeb13
260c19bf
e3fd01e9
db1f07fb
dd0b3712
4310de37
4035103b
fc0ffae7
26d906e6
12ddea58
03e61de5
f3e4fb49
28272609
0c17ea17
09cee3cd
e60de913
041af317
241a2e07
cad8e7d3
f62912fa
444836ec
b62908f0
dc39e906
e240191f
f8e31b0e
f94afbf9
2000ae16
f6f9f353
fc04cc15
2d0741c5
fae9ead5
da1fe5df
dffd1c24
240d20df
3af605e3
1512a6f0
03eb0ee0
99bde80e
fbe742e1
e92df2e2
0a451326
17cdaf16
def81c56
ff0ae3f2
ea18d90f
dc19cbd8
e20546b5
eae61002
faf7e2ff
f4240def
e805e148
d209f2f2
0ebafef9
35300b2b
2523fcb7
dba4a91f
1cdc063c
af26431d
05e829c8
dde7e7e6
4dffe3f8
de240ccb
c8feb003
1a504100
b8ebd80e
ff331518
bed92032
f7240931
cc01a51d
aefb0af8
e9ddef29
3403c1f8
ead6f7fa
d41b98a8
d4da49cb
ddfd19ff
e808f214
01c6f8ed
1d11a8eb
20fcdd10
2ce0450a
18ec30e2
d6f841d6
fd01210e
0bfd163c
f03301db
e5dfcedf
d0fc212c
4737de2f
0d1ab0ca
b74022d7
1cf5e307
181125fb
40bfdec8
00cd2527
f6e632e7
043cdd16
fbd0ba0c
5ddcf324
e703f000
44f2fc3c
06c823f7
e7dae56d
06fe51fd
0ae5f0ee
b8fb14f4
f8e1e1bf
ee2138d2
a1f4faef
35e6cf40
d814fe19
1008c4f4
2fe20cfc
f2d91d27
1e16aa14
e711ee09
ca22edd3
e70d15f7
19ff03fb
de15dafa
d4bff6c6
ce10f42f
ebf0bea6
df20031e
e9ecf019
0b1a0dfa
d8f00316
001714e8
22efef12
27f80624
a52531ef
00052d12
17e8e4ec
380d3226
14b862de
e7bb1ed1
48000311
fbce0bc0
47ca3d11
182fdaed
0335fb02
f91ce419
1312110a
520d1445
f530122e
2d1850f8
33071a42
ede9d9e6
e8d516d9
01ba364f
f8d2f108
15142311
0b06f4cc
d40f1931
661641e5
10212a99
ab2af828
e8cf01eb
29cfc344
15febc38
a721d7da
25e6010e
29eeff50
15061211
ad1c1eea
1ed9efb8
2e333b1e
de3148d5
c4dac325
5f0835e6
0aefc4d2
c7c91d3d
f539f60b
e8fa1ad5
eff436cb
2ccef9fe
3eddf4dc
13fe1ae9
c4203eb9
2aeceb98
0e262bde
c50c16ef
ceccd761
47204527
dd27fc26
1704fee3
58f4c80d
fb3be20f
fd1af705
d4082efa
edc1f8c8
befcdee7
0922f0d4
09f5d3f3
081020e6
c4f015e9
507fabea
3e0df3da
1e1536f4
f4f0f5eb
fb04fed2
52b5080d
d3e240e1
2901290f
34f9f613
23cf36c9
35eeb53e
f1390cf8
6ece3d08
e5ca9085
fae86ff4
f076fc02
4508dafb
18f7e111
2637f332
11e21317
33f6ff25
c3c00fd4
05fd2a19
e3d91812
f702f1ed
0b2d0fdc
2ad24128
fde7b627
35fa3f0f
06f4f2eb
07df4dc2
090b141c
f9f7e5f0
0df6cd37
12ba2634
11120a00
f23714f8
080832e8
0266f706
c2151ad0
3b40ff3b
da207fd6
c2fbf03e
36f73eec
d5e1e21d
34dce358
0bc93822
1de21610
fde819df
10d92aea
d31504c6
33fa17eb
31050605
e4fa3739
f7edd0fd
14c6a1de
35e1c3d2
0af91505
071dd407
f426acdf
aa2301e3
ebe8e317
2a300207
14c4e6ec
3ee5e908
ff225700
09fb05d2
1023e124
051beddd
01c3cad5
2e070ec9
f3f40a16
bf1fdee3
d8ca59e9
0811e7ac
f1f91eec
03e8c9ce
0d1b3704
0f0e1813
fe30d1f7
30f30b07
ca5af002
fe570fea
330030ee
e3f2161c
dd1622ed
17221dd7
09fd3f2d
e1d722e8
1db8c701
dc1431bc
da120e0e
05e2ee07
0a16f523
b80ece4c
0b025aca
692801e5
1addd6ff
e3f70405
f71581f3
3210c41e
52473db9
0f0143d5
180932fb
c4dfd6ff
dc13220d
cef2dada
ff2f05eb
14e6e0de
0ffe25fa
b94333c1
f72514d5
d742ef29
f9f3f9f4
4622fcf1
09bbc4fe
e1efec1c
04f7fed0
4500c118
0b4533d3
c51ae4e4
dccbf203
cc19c00b
0944e1e1
c21a05e8
c907ea33
1b0704ee
01bc233e
fbcae30f
f527d449
0752effc
f0dd85b9
f7f507c0
f0b574b4
ec1d2d42
dcffeae5
efd3e0f9
2938f3f9
febf0ef6
05c40afd
372deb07
8116de27
b2021c81
f81620f7
04d2d2ed
f8a2fce2
201bc60c
f4c926d6
170ef02b
270902eb
ec150920
01170f0b
f4121af9
26ded7e0
1de9edf7
16ffdb23
baf60ad8
1bf62eda
23fec6d6
05dfa6fe
1fe33203
f1f00a3a
ecf756f9
1513f90b
0e17130b
2dee13f3
e20f53d2
fccddabe
02bf0218
f92826f0
ffdb1cbe
1c74f219
3c24f41c
ed0db819
c8e8e4c8
1c00ffdd
19cee2ae
020a3325
650a26c1
efcaedf4
22f203e5
11e40601
0e21e8fb
cfed1829
1df70724
eadbd5d2
c721e60f
f2efe803
cd221ff0
f5e30f07
2ce6e7eb
19e8f8e3
051aed03
0e0712ee
b8123cf2
15efdd07
fb140809
f207031a
b2bd080b
140311f3
c2c5fae9
151dd2ce
db0201e4
e0f1dfe8
25cffdce
0ecd34fe
e901fa13
1f9ed5d4
c4f9e9f6
32b62d46
19facdd0
d903cff8
c009d8b4
dcee1433
fd15b3dc
35352a05
1fcb2aec
e0f3c5f9
00d2c63f
03f6f0c9
bd0d0bf9
c9203a05
0d2eb1f2
d3180efc
16371625
1a0dd9fb
12120bef
d1d3d9e0
fe19dc18
fedfbb2a
e7f9efd6
ddf9b90d
eafbf9d1
202eca0e
c6192bed
cd2be021
080c00f6
06e50807
dc19f8ee
e910e404
f6171cfe
2d4cc9d8
090af312
db420706
f4310d21
123bcd26
1109fcc4
f0fbded5
f9d5ef25
5abb08d3
e22adf25
001400fa
d23a17f1
074613eb
13eeeb41
d40915c8
d504d418
1b2cb7e5
f99949fc
03e03d07
eee82225
303bf710
3920b200
f6d325fd
e40641dc
fe05c700
f513fef8
fe5d3800
1801015f
d42e1df5
ddfc222a
37ce131c
38c937e5
4f07ae40
32dae424
fceb04d4
f001132f
2bf4d0f8
f4f24e27
072d1f27
1419f5e2
d90fcc0a
15c5abc3
ef3b0ce1
e8e6223a
f520ecc4
1402411b
fd19ffdf
18f3ed06
0de12604
14ed3e22
28d11ee9
0be00415
1e1bd6c4
e3c300cf
5d01dd01
44690307
59d6012e
d920fadb
04d511e7
f9f7d702
04f12f43
fd0bfc2a
e40bd2f4
0c2760ee
8cdefdcf
e8e1bbe0
02e0f3f2
5eeb0ad4
fe27f627
f2ac9213
1dfeecd3
1d3138d8
322fca22
2431e8be
1621fe33
e6083ef2
0e132c10
680d070e
f4e407d2
db4bd5e9
031ef014
cb26d8e6
1b9e40d0
23bee418
f919f60a
36ed9409
fef6f4ad
f7403c16
e7f905db
f9c35729
01184acc
d643ff1c
e8fa5ffa
d1ed3b26
273107e6
0336e220
2626fffa
e0281725
ff07d611
baf242df
d1d0ef23
072a2b24
eedffc01
e2c64835
c32715f6
d607de1e
15b325d1
fe05e811
dcfb1eee
eddfcb27
db0bdd23
f0171cd4
572433e7
e3d90d22
0c30d7fc
be36d9fd
bbfed1d6
1c03fec7
ffe31415
0b31e818
312d57b3
f4fabed1
f15210e4
b9ea0d0a
fad71edc
0efcc5f5
3c13c7fd
2fd6ef19
1c2517fe
0cc007d9
cef3d2f4
e94b0ace
430a36e7
c7e51f04
0bf80af0
d51317d9
0de7c8a9
d50a1d19
f2f3d8fc
cbfad830
fdfd2b83
03053ae4
dc13f01f
3cd74811
e1f317db
1bee1735
f7f2dd1d
d1df25ea
18d927f3
1bd4eccb
2ac64a14
33c00f18
deda590c
bff1f22b
4ba85c2b
ba1e1be8
19bd0f19
d500fc2d
273ae0fa
33e8f0bf
19e70129
be163019
1afdb3e5
c6ff6022
dfdbee03
08dbce11
0705f9b8
11f38f11
c71fe416
373030c3
0513ee00
b9dbfd02
0319f4a5
dade4508
0ef60301
9de9ea42
3072ba46
ec17bf76
0217eb25
68dc14e9
4a3202d1
3943080d
1d04f120
d02693dc
2e150f29
1d16d3b4
28ef5be1
1b4acd17
b300b900
1bd42bf3
def10403
00eaf703
0eac0b0f
27ff2c31
0135d6e2
0cffa2a7
1fdd1514
000100ff
fe000000
0202ff00
ff010000
ff01fe02
00000101
02ff0100
00ff03fc
f4b7b3fe
09d21125
f42de41f
3f2dc1f6
294610c5
15defd29
032b57f7
ff16fd20
e207bcd7
56e9d4ea
35cbedca
07efae0c
44c9161a
33ee01ef
39bcd4f4
33dfea23
09d9c535
d2172414
1608f500
eef11a03
4012f913
e7c41e20
e617d6fa
210d0ac2
4d0bc10e
fd1a24cf
1a13f0fa
1134e7ff
2ac0d7cc
09d0c2e3
24e2dfee
3b2ff3df
d5eeecd7
e6d5f0e0
04f0d504
dde621c0
e0dc1ae7
2a121203
9ac20703
0031fd2e
15ef006b
11ff4411
1fd8a03a
e915f60f
e408f603
e7f80e72
62220c26
1db7d565
e62fcdf3
e6bc00e0
d715c418
131ae312
34e82f4f
0fa8f5fc
ce0af32d
effb5ee1
08f9351a
e202d6d3
ea111be8
1dfcfa52
f725f423
ed2d3d06
a927fa0b
f000f61c
f01bf910
f4e613de
a3310608
182ce1eb
270eee10
0c2304fd
40e7f4fa
bae202f4
0ce3b4f9
0214e01c
9800d3f9
9667a901
3921372b
cea8eee6
e419ff04
fc0a17f4
f0c113cb
d6f2e11b
61e71b0f
f0efe61e
e48344f2
0be6c109
e52dd8f8
eed10c32
01fe220d
0a642902
f4f1f7ee
c6241237
52e1611f
ddce50db
1707e1e3
f6fcf1e1
1d03f1f3
0f0f03eb
ea3ad9e4
fae2f69b
e3d345de
fd3930fb
26e4f3df
12a7e4ff
1b59432d
31d1fff8
f20de806
2531ed16
fdea890f
1b05f4d7
211508e4
2705c6b9
229bc809
1fbaf9bb
1ac8f09d
2d0eead6
cdcdd211
172ccb1b
07ce0ed8
c3f41843
c7eaf1f3
26c90913
fd0a00c6
302b3812
9a03a251
e61cffaf
da26c6d1
e32a2e1a
e5e82126
f50508ed
161111f9
17dcce05
fffe07ed
0cf22427
01f1fee8
11e9ffe5
13e639f1
efe8025f
db7031ad
fa2e154a
21cfeadf
2ffb3354
1115ecf5
1e392711
0db8fd36
e817c500
bdf0002b
08f6c7cd
f71d1407
192fc930
ede1e746
2c4dd513
ef05160a
050c04ec
e7ec0ef9
0bbb15e9
1dbef5ee
1a0315fb
1adc0809
d8d1ece0
11012828
3eee5dfd
f1bf2c0c
53563638
d0f2b8fc
cb4f3fd4
09ca1ef9
f5e21cc9
31282b0f
c5f1f512
dd12d817
f02902da
58d721ff
ee3822fd
17cbf8e2
05d2ebb5
1e12c805
f90ee432
180fa903
0db51350
0b253008
12545aef
da3061c2
ee2517d6
232ee315
f712d1ff
2eeffe10
0d05caf3
002f2020
fb092135
dd05cff1
fce7fde1
1a001544
fe15fe06
09183c15
3c054935
19e43012
12f9fa10
10e601fe
ffd604f3
180b53d4
2bdaf802
160fa90b
ebe6d5f2
a2c90cc8
f4e91d25
0a2001ec
dd0debd2
f1f34b07
e4f60108
4d03fbad
be424e2c
0ab3edea
3d06ee22
f419f5e8
9ce8060a
0ddda151
deecf963
f036facf
ef0324e2
1b0d2da4
c609eafa
ffdd0a20
c207ddef
1f003529
f3f1e3e7
f3d21005
f2e15305
0737e4dd
f1d32410
c0e6de1d
1e18cb3e
041cf49d
fee7e5e1
290feff2
feb8f3f9
502df2db
26edcc1c
ffda0d2d
e42dc9fd
1fec056d
082c2251
dd31470c
f1148c2f
11d40016
1ed93314
1d0411e3
f4e7ffb2
f1fdeed2
ecfffa27
edf0ffee
3fcb0f6e
1d0ce421
f21a17f5
f8f1d2d9
e3f91202
06dff40e
1b2608ce
f2eedc04
3401efd0
b91823e1
fbdf1df1
f0f2462a
2a4931ee
0ffe36c8
44f32317
0128ffec
f808eb1a
f51c5e2a
efdde731
0a392005
29191ce8
d1ea1f17
2fd315ea
07dcf111
fbe34b15
05190d08
3a02fcf4
f7f81303
213bd240
d0f672cc
27fb0430
2a3e1d40
c4d52ef7
fc020bff
ece7150b
c60917f3
df10f4b2
ed0fa5d6
fe42e7ea
a9170800
fe2333f6
ecd7f431
03f11e1b
166b090a
132313ec
dee702fc
d823b7d3
43bbf527
0bb11f4d
155ac506
07a8dc23
c9e3ba05
f100f781
0a210357
530f1748
dcfa11c8
e22efa25
12faffd7
7fd1f402
11091236
35b704fc
1a012fff
2cd1d7c1
27f121bd
45130835
f3011c3c
ffd954e0
f5be1bed
20ef221b
4ffa3f21
e3fc0508
10e01e81
02e438a2
0b0b023f
0ed80b2f
1b33167f
eb2e0107
3cd6b81c
390dcd32
3002f636
50c1fc0c
d5f25e9a
f713edd5
27ffed04
f009dcec
08cc1831
f40a44be
60c6070c
e910341a
b9f71ef5
051fe61d
140002f3
2f53c20d
0f1e33f8
0816f7c5
f12f0c2d
2be94309
dc222110
071602ca
7f061fc1
2f2136ff
5403e2b5
d1decbe7
001b31bb
1bc4c6ef
ede405d6
ffe3f510
13d3ef0c
ef23f5ed
2e2c4d9f
3102fef6
28e200e3
d0f11dd7
3ee10b57
010eac07
1a4f01e8
da5b0f15
702c612f
084fc9d5
16dd3889
c7b406bb
07751e21
f04bd9bd
11e20ace
f8cffc9d
20f629a6
23f00dda
b13ecfd9
f3c0f8fb
3f05af30
046410d6
f0b6f11d
d9f41028
5ed9f90e
1e3b29f8
d4e2e6ed
e9033b0d
b9dcf328
06f8c8f1
b5381302
2c40343f
2cfadce9
bef6edce
f00ded15
01d5dc08
07b129f2
2f182e13
d4ea112e
fd3e09cf
f7261130
f63e030a
f40ffefd
ff47291b
9d0f35b1
e8cdc8eb
100123e0
e7d61412
e61c17d9
06182903
fbe4070a
121b2f29
1b04191a
40153005
082dc66d
0f112ee9
03f4caf2
2ee2f300
3be41ffc
2a120fbf
d639d0fc
fdf00549
120a0338
d521db02
a9f5f925
b6e423f0
ecaaff3d
c1f00e11
ad1b431b
dfb9d2dd
4e450aae
b7e80128
0acfe3ff
e412210d
fee4fef1
e1d6f0ee
0901dd06
2a342a19
270e250b
f4ce1df5
ccea0f29
0bbd48f6
faf2f7f5
02e702f8
b33139d4
fbd5cece
1bd610f4
debd101d
df01d2f5
23f2e91d
20c00fbd
e4ccf5f8
3707ebd2
54fe0af5
031335e6
d1c2a61a
fe281328
dc4e1d26
c2d5f9b1
00ff16f4
1b232d27
cac50a18
001a0bf6
60ffbe25
fcf4fc0a
e6c921f1
530e39f2
b5eab00d
fc3bba77
eb8543d7
1d010d2e
eed71269
c8fbf819
58f60859
450b0330
eddf210f
3d2efe29
cc3cebe7
b8c91a35
e0282798
26f5ddef
ecd11b34
05a31198
cd2b0907
be42e0fb
16eae847
f1cd13dc
cfa61ddc
3dfdf0c3
4bfef6d7
cb4103cb
a827f2c0
17fe0d1e
f1f5cf11
02f0f92d
0d353bcc
df04f451
0c59d514
bcd83803
d5ff59e0
e239e9bb
140df40a
efe51fd0
e4d945a7
2614093a
0746d1ef
14e5384f
170dd17f
f90e18ea
ef6b0be7
1bfbe407
2be409fc
05d2c85c
c9aa247f
0f02f232
c80723fd
19e0f8a6
0c2c19c4
ffedf1ea
06160209
d30f1e01
d4f8302d
1a0b36e9
2325d814
eeec0af3
2c1e1c1c
5a24f4f7
e2faf600
48dff002
eb24f3d4
c6127ff2
2a3a3bff
f446cdaf
179e1a95
baec25f5
1e1f81c1
ee30ebd4
0129e732
e1f933c6
eb1ce3ee
af03cc0c
26260509
47f422ee
1018cac2
e7300ff6
dac3e9eb
ed08faea
c3f70df2
fe160bc5
c0dcd525
29e9effb
f2e0f5d3
140d69fd
130bd7de
c90c47ce
40bdc34d
0b0001ed
d1010def
32f505fd
b106231c
fe161bcc
f233d60f
fff7bdf6
eed0e500
bd0505d5
4e4ebcfd
18fafadf
1a0a0134
34f6b5c1
0200edf4
29d4e816
c8bef15b
272ecb27
07270341
e1df1544
ee10e5f3
e301cb2c
24fbc7e3
deb207d1
4220ec18
a90b31ed
fedcea35
1ff41001
2597b000
fdf94d23
e5d624f1
42211605
dc012700
e5e7e1f6
061ef11b
f51c1a53
ea140c41
ddb7c407
314c05e2
d406ea25
d1050900
06d0313c
201f10ff
bbb8f9d1
e4f9061b
16f9e4fa
fee5c9dc
27a1fb3b
f32ef400
43092ddc
edd1e6f1
fef3f8f3
b3150002
f1f406f1
47afc312
34f1e83e
fa182042
23dec8bb
22f3d03f
cacefc62
ce21d22f
e1e96d03
e33423f8
b9db0209
29e81519
0b3ab3dd
ef19fed5
f51718d9
0ee20246
c1dc1462
ffe7f487
23f7f91a
3bddfde1
eaaa15ed
e50bfe27
d3ec10e6
f9da14d1
38ee1bce
134ae81b
4df2dfb1
03e3080f
d53fd505
dcf7c029
ed1efb1d
e5d4dc14
3bfc0d4c
06e5d605
041928d9
41f85708
d2043955
d9f00dd9
5ff6e612
f900cc32
4600bceb
accc042c
42e1f336
d5d947ef
51e9cff5
411bfa0e
f5282e08
f1b90f0f
3bd5615a
1528b3e6
e918e411
f5f54ce4
13bba239
18fdebfa
e8cd05eb
22593842
01010319
cffe1cf7
ae12fa12
f7ccd7ad
ee4850dd
1ff403f3
ecfc1110
fb161090
2ff2f81a
ed67e2e3
a9d7daee
02e7d607
4410f20a
e22612f0
1f1d1114
f3e7ff01
e259f2ef
66ab1107
d5d11204
cbe912fe
ebda092e
f8d9fbf9
ed1501f8
221894c1
ec00ef23
ed27f046
0eff00f1
69d80be6
cfeec404
05cb0cf1
091d0725
bf0323ec
0d174df8
0dff3320
0623092b
1bf8fef5
e0e914f8
f0380dff
f1fde30f
f9230e07
ffff940b
f2cd26e2
20fdf1bb
044c450c
1ec1f232
e71725dd
021224e7
3ff9fbc9
2ebd0dfc
42e30509
31c10f2d
ebd82cf8
f1c5e921
15d428f4
e83d042a
29f223d5
f7f701fb
fa0502ff
06010100
04fcf602
f9ff0200
03ff0f08
06f6fcfe
09fb01fe
a60599f0
4b3005f0
5cd30422
ecfba3d6
fe2afcdb
0aad268c
fc0aab10
d9000cf6
ea1dfedb
131bf9bc
e333defd
00d6da2b
cef81b24
dcfac404
e408ec0f
f0f5d2cf
9beb26e7
f8d61c33
e095cfc2
2f22ecde
2452daf8
3f0cd620
fc1ec8c6
1736cfdc
1013ff41
ca232c12
1902fef4
1414211b
cfc81e00
0131f018
0b1aed0a
0cceea13
37eed63d
fb0124f9
dc171ac3
1cd3b7e9
c1b237e7
ff04ebee
022400e6
d401e7d5
e7f901d1
071ffc06
1140a82f
fd6519bc
111a140c
eef8df56
d20300ee
1a08c3c1
05fe1438
f3e703dd
07d3ed2d
26113ee0
e65fd944
e4f6d0e2
d3172e20
daef4cef
180bb621
dd0dcc03
daf2160b
dad81950
f8b60ae7
34f11a35
b2da18e7
280628d6
dc0a24d3
33e016f3
e2e9cae6
1eca0e11
2608e501
1512d01a
ca00f502
15ef4e0c
8f1a33c6
1bc5f9db
f9141916
0f1812f2
05d81aad
c1183df0
21402ecb
42380301
f1d7c3f9
fbad30eb
c1450b1f
edf3d701
13d5002a
ec26d8c9
d6572e14
dbf0e84c
1a235bdc
23ff2b0e
0b1219df
12f15133
2dff0209
d0ee1e03
051a031b
d6db21e6
061907be
fa1324d5
3b28f02e
df2cf258
aa0404cf
4418ab21
08f0fdce
bbff03f9
9a0a188a
cdc4f205
b0070b2c
1d56ce14
a3afcd23
ff031d0b
4a39e9f0
ef271b0c
b8020564
081cefd4
e89e0418
0e4641fc
fde22621
0ba01fe2
0be4f4eb
e90322d8
330047f6
ee1fccfd
edd3e705
0520c8f1
cbd6d7d0
19043407
5bf233d2
cb3724e9
1adb2de7
20d1ec04
04c7f9de
e8dbfdbf
e239f70f
e4e3df07
2b0644d8
2243152a
d91701e2
01d2f70d
fbfd0b07
e6182615
140f0dde
f65749e5
1bf7e508
26e3d512
2fe6e502
192dd10e
2e24b4c3
361b1aec
d3fdc9d0
18e7c805
36e13efd
191ccf3c
00b9cc0f
031fb5eb
2cefe8fa
30490bef
083cf224
23f90ee6
f8172811
f6403e07
c20b0724
dcea06ff
f832f6e4
f53e0a01
fcf3f5ef
11d14102
2e222013
f0051533
fb030e13
f7e3df1b
e82a0d03
0cf702f9
eb3a11d0
04d8342d
2a340aed
0a1d1222
013d2609
265be1ed
0ac2d703
d3210831
c9130a18
21d4f9fb
e6fbdf30
f4f8e90d
230627c7
01bce20c
daf619e4
152ae719
f009f607
dbfd01e6
e3daa3e9
06b12214
17edeaeb
ecff1a17
f203e92d
27e61bf9
c7eced00
fef3faf6
e9e3ebf1
15f8f1e7
0801f113
0123bafa
35fdfeec
e3f61b33
1427e70d
02eef52e
2ff50eef
ef0ae8f3
f7bb1e17
f02613ee
0208dae2
5a0ee608
d11e15fa
1cd3f2c9
de3821c5
cfe71600
253a255b
144af0be
ecb10311
ad00fdfc
3a2f0b38
0dca0aee
14c32e29
1324cc0b
310ffff3
17fbf2fb
02f417d2
f5e5f416
ebeb19eb
020324f7
f10c10f8
f8f52013
d7d117e9
19f5c32b
ee07e43e
00e2dcfe
ef2f16cd
c2b967c9
f416fb11
f9dd27f3
d7e30302
07e30a0f
134104e5
d83de42f
e136ece8
e9c9e6e9
0742d2cd
030d1f19
101bd5f4
f04b4414
15ea1de1
e560eb94
26f3f910
cf54d834
08f4f518
1120e7f5
190233e8
dbcdeb34
dc0df9cd
e51cf8d8
080a0de8
312e9bf9
f3a6b830
08fb2e21
f6131605
f41604ff
c0001c26
bc363d34
2bd7ef27
faf71649
33f5f82a
3914c1fc
3bce1bf8
fef4f1c7
d116dbed
414af2f7
ff333513
e930cdee
0320e0f8
fc11f5f0
fff8f83b
fe19f51f
ebfccf17
1247416d
decddd0e
e2fbcc04
e7a00af0
e0e5f9b5
f50afaf6
04130bfb
02ffde9c
0a21fa08
0302f203
00dcfd04
81f6fffd
96faf4fd
e4ca2226
1eef1ef9
0deaf50b
28f9190d
1e1ae9fb
061916ed
ea0109f7
eff31d03
f1fcf3e9
1d1c29e9
32d6f72d
1d4227f7
f93dfdf7
01092f03
15cce310
0903e4da
c8d1eb22
3b1f564d
28261230
f64312d8
9706c2e4
08311fb1
0500d30d
eee23bf2
11360e04
201413f6
ebf62cf2
e1c5d6d1
10f20a4a
2e0dee1d
2e12d3f2
0945bac8
ca3d2916
d29921ef
ccd8f71b
09000537
f13d6ef4
04a8eaca
08eaee01
31f8edda
0d15e702
fa0d2ae2
2b08ebef
2bdb14e2
f816e0fd
fee70210
f8f05b13
0b31e704
e713dbd8
de261edc
3eef03f3
cef60e27
c314d2db
05d8cf33
f9e60b79
03f7b40e
0cf4e7cd
2c1edfdb
1d340602
37f80a09
81f3dfdd
240545d8
31d4e125
09e00f25
24e0d537
f3210601
fb1ce04f
01af2d26
fb12eae9
120c26dc
ecf0e74c
0ef333f7
1bf40c3d
0ce7c219
09de0009
dac83f17
c50ed2dd
e10a31ec
021fead9
f3c8f6f2
39dd10f6
15d01e18
08ee0eea
fd07356b
2d1a2012
18b12120
01f50228
2edb3205
f4cdc957
20d8db12
e803f50c
f5bc17e5
0dec4030
25bb39f3
16050811
0503e9e1
dee2f0c6
053bf945
06f5d623
1df8ffe5
2e23aaf1
271009da
fe181c15
f63c25cc
24ecf4f4
090c1af1
d7f615d2
131cd8c5
e2e7fc3d
1f0f21ce
f91da50a
08eed027
081cc705
f85d1cee
10e81dd1
e936c21d
23fbe317
c90a0967
ed303ec1
fb1f1625
f705510a
1cee05a1
041ae5fa
f8230027
4ff0f433
dceef931
062af73b
054c0712
361ad4fb
1b10cee3
40eb27b6
ba106b2a
1039c709
1023122d
08fe1145
fd000d40
14f331f6
2505c4fc
fad3161e
edc33026
210dead9
221fd31c
08ffe9fd
fa14cde5
be0dd20d
1f1f380a
38c8f206
2f06034e
05e3f0f5
01e72af8
1af4dec6
20d2ebec
0c090dd0
14e32ae4
fef8ee18
eb4400cc
1212ea04
fe16f6eb
e7ded029
00f837f6
08e92535
f004ee0d
f125fdd1
56f3d5ff
9a06f42c
1f0d08e6
f034562b
f73b3617
132bc8c8
f938150b
2204bb0a
de0b0dd3
0b04e209
36fc19b7
f30afa05
eb14dfcd
08f0e1c2
0b3fdcee
f5150fef
070f1aa9
0ee8e12d
e41f0410
1320f1f0
1e582e0e
f9a9e729
201bf4e4
0ceee9f5
f649db2e
de160614
2130e4fe
f80bc401
ed1e02df
0cde1dd5
f9e1e1ea
fb00eff8
1c050740
e3f910de
0a1fe416
e4f3050a
fd13ecdf
190fe3ee
132a0aec
252e33c1
4d8dcef5
3035fa0d
16f81a2b
f6506026
eb11f545
1e45fde6
f821dac9
fef0f7f1
250b2d23
0d2ea028
c4f3ef2c
fae10147
0a27450c
39d3f6d6
2a2897db
f5d103b7
181a21d9
34dd2c1a
c266f939
e91702df
df101a36
cf31271f
100747d5
0ec703e1
ef220464
d40be5f1
feecf600
ebecd4dc
07f3e309
5adb1db5
0f2316ea
ff02eeed
2c381600
0303f80b
19190319
f7b95224
0315b7fb
b50ef089
390112f1
1c3535dc
eddb001d
b9d9d1f5
262ca905
1b09acc3
eb2dae10
e12a0853
f1e1a43b
c9e31bce
bde6fd3e
483cf7ec
0319360f
2331fdfc
fbfd2810
f63747e6
f2210b0e
e4edf4eb
d2242c2a
c2b8f2fe
f103f2fe
f5efc2fc
ea16170b
0b28f427
0709f441
01000dcf
d91843d3
e6ded5be
d21d0b2e
21d416d5
05181112
0ff1bd44
d72ee3fa
f806d605
4f34f32c
9a29f71c
15fef20a
050f5c28
b15100db
c74b3f0e
c8e726f1
e91fc60e
ebece431
d83108a2
efc924d6
ce10fdff
e7f1fa01
431200e8
0d04c3b4
eceb07d7
dfee04dd
0ae1fa21
f8e8fe29
eded47af
0a04db17
d9f50213
003e082c
bafae8ed
ded042ab
2275d424
f7c627db
f8fc262c
025b2b1c
85143ed3
220fef37
3befc92b
2df3ff24
e60e2bf6
2fda3ad3
f8e82f2e
fde8e2fc
46d51a29
ced40d3a
e22d0119
1c2bf80a
1a111202
fe201c20
f01e06e7
0be4f205
dbfef027
3113f50b
dbfc0012
49de9fb7
f5c903e8
f30100fc
080d95b2
f5b616f4
0403eded
0bfee6f8
f0192dea
2e462acf
32361510
26fa2019
2ff00111
053cd826
033012fb
f02f33fa
e22710fd
25d1cef9
1cd13ad6
eb12d4f7
0cf0fd98
11e9caff
d4fe0009
380162c9
f2e3f31e
f814c3d3
f9d9d0f2
0000fe14
fe3be1d7
211d2d0b
18d39b01
0e23121a
1dc6f3d3
273d1746
d905061d
f518bfee
020053df
0bff08dd
0f15e70a
2f2c09a6
16f2f50e
3215e43a
53ea4a27
fe07400d
11f4d007
09eb0016
1365d8de
2bfae4db
1c160b09
46e94db3
04e11ce9
1a100315
1ac316a5
0d03a2dd
f43125ea
d8e709fc
0725fd09
00410755
be00fbf4
e200ece9
0fe303f2
11da00b5
c545dce7
29111bd6
dff6092a
e5ccbbed
1dcdc1ff
d2e832c4
0deeb7c3
06b5d0f3
17d55849
dbd70afd
d22fc00d
fd456cee
42f34628
dcb7152d
f6c733ed
e70909d0
04060ce2
e9ecf6fa
f4f2f623
edf815dc
c2e60ada
0ac31cba
fe080efc
05d1ebf3
273b1b1c
1fcae04b
031ad707
d2033eda
c4ed1c1c
1bf654f6
d3daedd6
cddd1207
0c1f04e9
052e5711
0319021e
15bcdd00
020409c4
10da1f1b
ec0413e2
0e12c40c
f3f2d022
d215be28
0019eecd
f6003001
2b091320
fd58dcf0
eb7ffbf9
c5ef14ca
f2032ced
daeddae3
00f3d5cf
cd59e351
d7ede2d5
24e6f800
ffbcee3b
eafe5d45
dfce1124
0a240604
050d151e
12e90ce9
090bfef7
e0131616
e4f8f508
080d0c16
e13e3420
fffe46c9
e6290607
dec027dd
210533f2
27cdc00a
eef3c312
1213fcf4
610a0eac
f5d7f0f4
f21ff7e9
bc3fdc05
edcf59dd
08003021
00301dc4
de27ec09
0d3713db
f4030fe7
f1adf1c8
e6120b04
391bf31a
f9a6b3fa
f7cddf3d
04f6290a
010b03fc
01040502
03fbfe01
ffff04ff
0102fa04
0000fd03
fd050003
fbfbfe06
d7365cf7
19fb5908
fb18012f
0c02ce3b
ddeff0f8
e917fe09
fa40cb63
e00d5117
fbe6fe1c
b8251303
d52fef20
0f20c0b9
c7aedb22
104be4eb
f9f525d8
0fe80cf0
dd010b08
da09f81b
faaa1fe9
12c3e506
cdfff112
f11316fd
1ae302ec
f5170a15
f5f102fc
22002109
3726e615
ff2ce12c
cf2801e7
052f1ebf
03f80005
e008f2f2
fa1a07fb
1808e905
e60df1e9
0b1d1219
032d141b
080825e3
fc0ce614
d714f00a
310819f9
d9f6f28d
0ad4d6de
eb27dbdc
244805e7
03bfde46
cac53b52
f828bd0f
ca32152d
10e3fcf8
0dfee3fe
d5fff60e
0cd2114a
e7cee916
0beaa2f8
16d91df1
01f7ff06
02120200
07080507
0609fdff
fe120402
fdf900fe
fefe0700
fe050902
0a312502
e2def0f0
f1d4db0f
e332ed0c
ed1afba3
29f0ec32
fc100a00
0ff5dfdd
dc250b24
1414e40d
da1600f1
ea0ffdee
0604d9ee
08ff0c1c
fd1bedf1
0e1b1326
3413faf8
f5eaffde
1de2f9f7
aa380601
3c0d461a
0c120c21
e0e0ee3d
0425ca08
cc232809
e6ec0c48
00cdc327
e2bf1b01
0cd9d8ed
e904f608
defe3af5
ebe205e6
b6ff2d33
e728d241
e036cf2d
15f236ef
281adc1b
2cf6f2f0
28d6fee9
fedeebbb
0afff41e
1118f126
0e09f004
fce00f1c
12040524
000e140e
fb20f600
fc230a16
0a3201fa
0ec90722
13fbfb9f
c2e94bed
2b3ff0df
f1e5f80d
0fcffafe
04f64150
f4ec01f3
ebf4f525
f14616e6
05d84521
410af381
193306f4
fde5e403
eff60527
1aea015d
fa05040a
f4d6ecfb
10c6fb25
223bfb21
090e01e9
e2fa4829
f3f4d5c6
132702ed
fa0ccbed
ef14f546
e2ff0cda
061dee18
111b23f4
e9d5fc02
1819021b
01021d2f
34c6e82c
aeebfbf1
fa3304df
020def2c
f503120e
08c8e02a
ce0439f9
f62bf842
bcff00ae
22f5e936
dbf50ee6
e117d311
07c31ddf
0cfa0a12
052ee2f6
0446050e
ed1eecd9
f800ef00
c60ad402
0525d9f1
0dc9d612
edf9db47
0f26e123
30baebff
ec1c29f1
1e880307
101ef0e5
dffa1bde
dce30d08
22f5440b
f9fecff5
48bd19dd
3f2adf07
18d825eb
e81618eb
e012f4ad
fe3ce9c3
02f8edf1
f51f26f9
bfebdfc4
05c637f6
2111331e
0aeb0fb0
13d3cb1e
c924e936
09e2c6ee
0ddce80d
f1fb32d3
0e150ec3
130be938
0d10e212
2e065214
efe87fcc
0010c511
ec1217ff
f30bfdff
fd09f800
07030003
ff03fdf4
fdf8fff4
03fdff05
000000ff
fc0504fe
1928120c
e2b4ee30
df5807d3
142e0397
c1e4d3ba
0315432b
171221b3
ed01014b
02e6eb1a
09f1012e
fdfc0b23
31c4f0f5
2c022cee
1130c1fe
012105c5
fc14f4bc
26cd102b
08f1efd1
13e23bc8
dcf41501
09e11719
fd232f1b
1ef01ee7
e00a0848
02d1f3ca
d628100f
3802e748
6ad3dfd7
e41315d6
eafc0b05
fe291c5d
eee6f2c8
d2da0d16
1b1afb3d
fd08270a
ebfd0cca
23e8eae1
f9160101
ed20e3f3
0d0c1e07
e9cce9e3
1ae80407
0dbf12d8
1f69e422
99e4cae0
f06e9ee7
e70d03e4
050d2dd4
c4fdd357
ae110312
f3e2ad3e
eae60f03
dae60615
dfb5f6e6
d83021f0
efdc26cf
d7fe0b09
f7170703
d802f010
2451db2a
2123f002
fde7e1f9
1cb3eff9
0d120dcc
f1ee01ea
0a15271d
4626e91a
00470c29
34fc05d9
ea742b11
dc040202
f4f608ea
21111336
f21b04dc
d534e51f
092cbbf2
d5dc15d8
f70e3b05
e0ffbc0b
1ef5f919
fdfcfeff
00fbfa05
020307f6
04000402
fbfef601
03f9f8fc
fbfff603
fd0409fe
fe08e7c8
1003ef28
ffe707ef
bae236e2
33340b05
071ccf04
0304d6e6
21e4d9ea
f1d74818
300ca1d1
f9f1dc0d
e7580929
3ff3f324
f4262554
ea132622
e5271006
c8dc0ca7
32cbeb08
043114ff
3adf0237
1e03ddbe
09e7f5e6
ecf30329
0e0d2709
6c0bed0d
f43306a4
0ee70cd9
00baf9fc
19cee1ff
fff453f7
fd08c0c2
ffb30b2e
18020309
19012d27
eb180228
0c20e80b
d6b3e62a
13080c33
041af4ea
18dcbbeb
15daf839
0f2b072c
100ef8d9
cfe9340c
1c0abb2d
14e54e1f
0707f601
e9db070b
beea004c
0f14c5f3
1d11e7e9
ec251fc2
e336111d
f4e52afc
0a2d500a
f51b3527
d5ecebe6
3606e3f8
19f2331a
dbc8ec48
d9ffd7f9
f1f1efb5
2bf8fb01
fc221ae6
e51edfaa
ebeb2c0f
13eed110
0c43a670
e9fec109
d1e4efe3
fcfe0cdf
f8f010d5
290d2920
e194f8ec
ec2c28da
c8c1f921
1aeb1bee
fb118ce9
131824cc
15ff370e
1613ee00
04ff10f9
08f838dd
08eae8d4
ed0b10ee
0ef695f2
332aee0b
f7f0ebf5
f615f136
e2c4f75f
120c0214
fff51b16
1d54d728
e70018fe
1332f3dc
f509f3eb
f2312c10
12f53ae7
f7431b45
8e11ddf5
531219ec
e4512a35
0423daf3
ea07ccba
c67f0701
e2634309
36470ba5
33feec90
9fed27ae
1cb2669f
dff2813e
0dc4187f
29000857
faec5be7
08ce1ffb
d0d3fdd9
1f28d8ee
187fe320
0cd5bb01
f00fceeb
6131c746
0cf0ba11
f40f8136
03ef7e05
402b4573
f71ecf70
c19b06da
cdf0fb84
24e0ec4a
e8191f48
ffc0f004
34fc30f9
63422b4f
e5380fff
fdf97c20
e22bddda
0d0a27d8
d2edf223
efd10bcc
f6d71dec
c5d5fb06
080df3f3
e7ff62cb
f509352e
17ff25fb
e6c100e9
01363efb
3dc7d8fc
fc1b37cc
e3270ce5
221fd3f4
fd061c31
efdffc01
ebfa4ee0
1940e805
35c811d4
24c01e29
b8471b14
f6f4ed1c
db1517dd
a51c1109
07160b1a
f2201cf8
c6ed2b09
e610e82b
ed25eed4
0b23e62f
f613fcfb
fb0fe717
faf90624
1fe5fedd
4503ca4c
ff0efb37
fadcc928
f9e9ead3
03e3f712
0421ec3f
0f3616d2
1bdd1e91
343cc31b
07e0381e
fce7f61e
fef7def1
ecf1e32f
ee38081a
131d1e27
2400e10f
08f7e6f6
2b551ff7
5916d5e2
beedf2fb
ec18baea
60f5f2d5
353aab08
4310fcef
2bd34c3e
1323f905
0bef083e
09f4fdef
1207f712
1c2d101a
dbf447c5
1c002fcc
1ab6fa3d
fd1229d7
ffd823d1
24cbf31b
01dff01c
02e00201
cf25110c
00dabe14
0fda0e14
04ca05eb
1ccc1e0c
e8013646
e7f1f2eb
2215c224
dcfac102
38d6cd3b
f51fc1e4
eadcf91e
310afd48
03f51017
ee15eff1
150d0f36
db21ef14
f909e1f1
c0fb3a1c
340f2d16
ffe6f1ec
06ec18a8
e40f12fc
65c1f903
f9c10fde
f30a27e4
cb25f7f0
2c1f3d4c
23eafdf9
03cee511
ccf030f9
e42a2a0f
4b23cb0b
38e6e3fa
f4b502ea
1a0d190c
ebffb835
01005c1c
e934e8e6
0c360ec7
2e03d7d6
0ce2d92f
f6e9ed11
d8edf307
f3c8f0fb
f0ecbbea
f30eede1
03ec1cf5
e3b7f455
b6ea23ef
dd263891
b6e1dac8
ef37f928
0f06f1cd
f724e5f7
ba08e843
2231ee5e
1af7b835
fbf9200d
c9d831e0
2465dff3
e103c017
d0d521b9
f22b5032
03051ef5
13f5fbf5
03b1f9e9
4a2a00d9
2bdf2ce6
0cedee11
1320e317
df1beedf
083301f1
fa1ce900
a50ef95f
dee346e5
05a5e428
1bd1f27f
0118fd14
f126c012
dbfd7915
f318f2e3
3238f2bb
11f5ff21
dea23702
f4d51ff5
fcd3061b
ae330701
23142d1e
0b5b39fc
e1e4db01
eddbf509
cf1d3528
0b2edbd2
f3e31d52
ae1b051e
05f1d632
1e16a21f
31a01c4a
16f71d0d
fca214f9
d7223516
e3ec0ae8
19d7e915
0021f150
2309f0e5
dddb2cfe
efefe855
f4f2f810
ebe1ce1b
0efbe914
d30717d7
eafef118
f423e5fb
10f411e6
06051dfd
030003f3
052b3c52
152e080b
0b5310ef
f510be00
e90e28da
c9c920ef
1915f522
08df0b23
fa31f031
07f61849
95060404
03ff0a4a
df48f229
100ed6fa
ecfb33dd
1ee70007
ef42fcc0
ebe2f602
d94cebd5
d1072f34
eeeb0b0a
f013ed09
c31501ed
f910e305
0023f6d0
e706fffc
0734e9b0
056af9dc
29fefc15
0a20efd8
0eaa15e6
02f8382b
0b1237f3
e117abf4
2df70cd3
001d10c0
0a1c12e2
dcf02135
0600d41c
d7ed19f8
0611e311
ed49d2fa
e9b704f2
1702f1c4
1efc1205
09291049
01dce542
fcfde2fa
1cf92e0e
10e4fce8
21d6f362
397ff3c6
7f17f5f3
74feb8d7
9ff57de2
e919e414
05f847ef
0b11aaec
2bcb2a7c
12b75cc0
f8e31ef7
15042014
d74dd11a
e303e40b
1201fbec
2619fcfe
09d40524
becaf4fd
d91906d9
03fdfb41
e8ed92ce
25f3e51d
1818d9ef
15f41c15
ff9a0d43
0808b706
0bdd1efa
1fd6edfd
b7f2f533
f20fdeb8
10bc1b01
f1fe3909
2a0723d7
d5b40d30
e5fefb01
bcb133f1
3d2f26f1
032bcccc
d8b4175e
f63c04fb
be1203ce
21cd1215
f30ae301
cfe023c8
44e4b9ee
0c300f00
011710ca
09c90cff
07f813be
02abd5f6
04f012cc
e2efe336
4a25d8c1
f502fbd9
2dda0103
100ef61c
f2f01a3e
00c93c09
e02ce013
fc51f102
f5fde1de
fff22f00
04f3bee6
de121d09
29affaf3
fc041eff
e1d3fd20
0d2feed1
32cee722
ced1725c
d54719f4
01111106
14420a04
331c1014
050010f0
edf3e5aa
2d000521
04fbda00
eff526dd
2917f322
1fd2f8e3
3dd1fc20
0ece0f02
f7131348
d90bf0fc
f807e71a
050ad4c8
eed80602
def8f012
c7fd2041
df0fffe8
f2400201
4326f1ef
4ac3dd09
fc311a32
fb242011
b6e5e75b
f9d9353c
e41b30fe
cdd22116
09e3e515
1c162bbb
1839eada
22d514fd
dadb0d1b
0f11ed27
022405fc
dc36b81c
06b3ea3f
01db0f02
051ff82f
04c1f101
1ee8cbfc
c44307f8
2514eef8
ce5b0650
b517e9cc
31a339de
200f3538
ed0aeaf1
3cebfbd5
39f8f9b8
db1022ee
2ffaecf4
20ed31e8
eb1df11e
1d040c22
0f1a31fc
3301f6ec
edffefae
31dfe7fb
db60fc29
0a041a01
f4f8f232
09154615
0123d0e0
05bae9c9
100a7505
04eb34f3
0814becf
c3d1ee16
f816ffd8
f5d5d1e1
f9e3d8fd
fbfc28f9
2b2700c7
4f34f723
e5c5c556
3008efba
ffebf107
e9f307f6
f3d5e4e4
ef171424
16fff6e3
eb1614f2
f821f112
f7f7fc25
1ccbef12
1f021e11
190424fd
bcf7163f
25ffbf4b
f5cf08d8
eeb1201f
482a153c
f61523e6
1a24f02b
f2f20014
1a03deb7
04d60307
0c0e2fbd
1abc10fe
0314b8e9
edbfdbea
0cf53d01
1415e738
2908ce37
e61ff1f7
1bcc15f9
63aaeafc
abea0c3b
f82d34e1
e1291513
dad81223
03cef3f1
f2cedc39
e41310e7
1a2ada3a
d60aec03
1b00feef
f916c805
0dccff1d
2cda131d
23f51f30
0bff07ef
250106e6
29fc4d04
e82b0133
02ee1205
15082c03
36e5c70b
01083ded
16d4d61a
0651c8ab
a6ef442e
f0f1f9f8
fa22f602
f1fdd2da
00a70829
05db182e
efc20c1c
fdb4ebf1
51fde6fa
f5f51900
fafbf5f0
f1e104c7
c72a2f1e
f2d2e50f
04262cf3
e625fc10
b402dfe8
fd71f328
01eefa0d
f6d2f6fa
f5101f16
fc09ced1
fcc60c0b
23c22022
2308e500
e8240200
02efef14
e4fab7d8
f8f91115
ec06f90f
f5f504f9
ffe4ed0b
faeff0e1
000f0cff
001216ea
f909091f
2222e4d3
03beffc2
060d0925
db360e38
be2a081b
32f8f7a0
e6d9c036
f8fdf9e8
bf44dbe5
0d26fdfc
00f02b06
09deceee
1eccd815
d02e6f02
ff14f705
dacce111
e6ed1512
f3411829
f3fcf1d6
e10de0bf
e7cb082e
0510a013
edf9d110
f1f3c7e5
57e00a1b
07dd0fe2
edf73f12
11e0021b
00f5170f
fce6ccf6
25f002e1
04060314
cd3fe8e9
22c60d09
e1fae82c
1f3cb903
e4146314
f3e53ccd
f01de626
f0e727e2
15222993
16080806
d7f913ea
dbf025f9
10f6eedb
f4da4af6
0bf5e2f8
eafa2a28
f20f01cb
d9d2c9dd
2b150ff3
f406243a
0d0cd8bf
f805f7f1
1e000f21
00fafcf9
07121407
0d0a03dc
022727c3
ddbe26f4
1990331d
ed59ee2b
082a59f0
16f8ce34
d328f0f3
1ac133be
085af80f
192f14c5
2241ed37
0fdb05e9
f813f028
15f5fde3
05fe4034
1b16e8cd
30c9e5fb
06312517
332175f7
ec30e50e
f5c72b2f
eb3bffd0
f0e5d3e1
f3312cdf
37f60a03
e6131c0e
d606e50e
1d09f32f
07f0eb03
fad481d3
de002810
e0304188
f82600ee
004c21cf
da21f8f0
e11cd9da
0a1fdbf8
db10e5d1
32cae6ec
012e3fb8
66f4071d
06fffe7f
f003e301
e7e7e617
ee0f36f8
1402fff9
0c191604
07c748d3
da4632ee
5be8c719
01fc3500
16e9f8ed
10fd041e
09060422
1ae820b7
08ebe023
b9e81cc7
0f0ae5dd
cccaefe2
afbd2a19
fd3af5ee
01084734
3b1f4730
22a8eecd
f3190de8
1ad7b4ab
0b314a2e
1bc6250e
01e3e031
1623d63d
f621f4fe
cda31829
cc19ff16
fcd6de2b
2b2ff00f
07c0ebf4
0b0e1e1b
0ef968e1
fadbd907
f309c705
ee3e4814
ea0e171a
eadef51e
f9cadef0
ee00eb0e
0103f7d6
edf925c3
d9e708fa
fae81ce0
0d3bf7e5
bab6c40e
f509dd03
e1d4e100
01d5fbf4
0c06f1ff
f0e11b0b
15f4fee5
291a11c2
293039ec
fc50020a
100624c1
0c315001
3be00df2
0bf005dc
22501432
48030ef2
fde937dd
06512923
1b0b0422
ea04cad4
10f5ed91
c5aa12f1
e8eaee09
9a34d103
25c31343
1229d147
e7d0c4f0
d4fbd2ea
fe0ff406
f629faf8
ebf924c6
312de9bb
28ef0c3e
f138cfe0
f7f7070f
e9260e03
13b7dad3
1cfbc83d
0bf2ff06
17fcb7f4
01f1c00f
e704ed12
17f60bea
fa022806
b2e0ec05
3a131d2c
273fff0c
48f3fd29
e7dd1107
1a4923f1
f51df63c
10b32504
3400eb28
05c3a1e3
df022b09
eeab4c2e
07002048
d005140a
24d808ff
0e064210
23be02f1
2dff0cde
0cd4f4d5
ebfa024a
111c1dee
e1f699d0
dbc8f314
d8f432d8
1a22dbc9
ed2ff113
1d81d844
ddd31a36
dfc1ebe6
111d8ce7
f1e844fc
19f6c1b0
14eeb90d
040b2cf4
05cd02dd
e3d5d8c8
1ef909eb
f41de1e7
0003eaee
eeebb20e
fc4abcc9
ceddf823
d008ee09
19572ddd
d0d75124
f41801d7
08f3edca
08063412
03fcface
afeff8b4
050ff2de
eb311ae1
05e822d5
0ac7170e
120cbb23
fc053d37
500600fe
23f0f705
d91920e1
1e1bf2b5
3707e5f5
feff261a
06d9ffec
fa1e1f30
c6f43554
e8e92cfa
1409faee
ba38e1de
ea100126
ecece446
002bf80c
173f4335
2ddf352c
e7eff411
fc0c0fb4
28151a0c
bb1aecc0
fb6adb0f
0cfa49c3
e221f610
0d08bff7
c8dcc61a
fcdc0100
f6eb45fb
0505fc20
e03be2fd
ffeb6716
1dda141a
95fe3613
f7f10200
253e0efc
13c2e11b
44cfd9e1
fa1850ee
f221b809
0420351c
f3f60da0
13f4c4e7
f5ffe5f6
04ed3e14
b3a5fc25
f829e918
fcdcfaf6
e7ee11ef
39df01f9
e4d72e09
eddc28dc
00cf05d7
37c1f60f
f9bfe3e2
2de504d0
f7061131
f2010afe
f120ebfe
f8d7f006
20e505d6
d3030c11
f1d40af4
edf7fd10
0ce3f624
0ed9daf5
132bce1a
fbc41613
d322f734
2c41ab19
06b10eea
2cebe6f8
1105d50e
9d5bfae2
d0f1d7ef
0d16ddf4
11c3cb28
17d5bf13
2d0fe80d
cdff1a6b
e0031815
3cdffe0b
c5dd0343
edea0ef5
1801382b
ed1606eb
0b21ccf1
06dc2203
20ee1203
10c8b2d6
25f1d9fb
35ddf8e0
1a1f61d0
14eafd24
db4764f4
17c96e11
c2e9ff12
0a07fec9
0c43def8
cd3e241b
23d0f3ca
00f340b1
3a1c1df6
11222b1b
f7f8c206
ec2ebe2b
00f728cf
eff72e06
d4f036f0
41310614
d006e0df
1607e34a
09ea0905
cef2fd14
0d330fe9
20bedef2
002dee03
27fd130b
f31bbf24
dfcb1b32
fd0d1ac8
274145e0
0ff8c5cb
dc0904ca
da1ffa2b
cfcc18ec
c6fa310e
09c21e04
c50f4828
12e5052d
0df51ada
15fced04
1408fe2c
3d2f0909
f7d6140d
d0fa10f1
f9b9ea08
d2fddbcc
03ee3041
10000def
0505f91b
f8f0fd0a
112fd0e8
120fe0e0
fe040501
c5190801
fa04f4e7
1b01d7f3
31ede4f3
0cca17d5
ef1b310f
ef1ed7be
bfe53025
070eeeac
f21c09f0
dcee19d4
cde2cdd3
4edf14e4
fd3a0b25
dc2020f4
e613c12f
c7540633
e0ec47f6
feecf01d
0b3df3ec
e330dc13
261de301
01dff5ef
e1ede1d1
e1458114
fc1ae54a
e1f1de16
f5266b9a
2335db56
fff405d6
0fc55618
03defcfc
0e0d13f4
beff25de
e21e0ac9
20cd06e6
db9ee717
ddf2d812
11043335
19d21c31
0ae41a02
07cde9eb
d81d16eb
e5fe0618
67270f20
23e2f613
0a1511e0
0a22fff7
f2faff09
0a02d20d
090305f1
02fb05e5
e10301f3
e7e33820
dd25f2e9
0208231d
53d42481
55f4ef10
f8fc402a
f4cae311
562028f4
08dd16f7
25e6ad10
3a0a2326
33fad530
fc11ae33
d8f140bf
f7f2de2f
2504ed35
07f31cd3
1902cfe5
f9c2072e
fdfd4bdf
ba237f03
c923f80b
3febd992
092eb4c0
2f16fcb0
f709021f
0debeff0
e8ffe2ef
ee232de8
31dce71d
d6e53107
2ef10a41
f20d02e6
230721ed
f3134ce8
cff2f0f3
17f2d207
ffe40be0
2a08f9e5
ed25e400
f1f7e709
fbedfceb
2bfe0815
06f42ffb
0cfccff2
f2fb18c6
ec3402c5
e10df6fa
32e925de
0b2e1600
0522f23e
f7eaf905
1318bcff
dc280f35
06e8c5d5
5d22166d
0ef133f2
11d30ef0
0ff0e1e3
2ccb0afa
08cee5ee
191113f7
fdfc58fd
2cf0042e
f21ae30f
13b1ec02
23eb0c16
0b2d152b
e9fcdbdb
eefbdff9
d5df05de
07160af4
e519c626
cce2ea14
0621f40a
054a1de9
05f194eb
07ffd600
f809070c
e91706e2
f0010f23
ef12ed10
eb120a01
f3e8e31b
f913ff18
07ffdf0a
fb0d23f7
15d7f70f
0d2303fb
e7f43bbe
042017fc
ebd1d408
3afc2c7d
f8de1efc
11290154
e93dfeeb
fddb03ce
15e6e4e5
f088f3e8
eaeffdbd
fb35d438
d50d0ce3
f4ea1d2a
25a7070e
2325f309
fb0a35a1
d9171014
39e2d404
dcce441a
ed6717f8
19fc2f0c
dded01d7
03331ce3
5605d8c1
00ef15f7
ec31fae7
0ecef2ef
d808ea1a
1cd4043d
d6fd15e4
17f02ed9
0a14d6bd
e10b0cf1
f7bcd4b8
3a1fd30b
36f1f108
249a2cd9
1fd53acf
12322be2
09b8b83b
02f8150a
1afe1c02
ddcb2412
d3e301f9
a4080615
ede200cd
0227e52a
efe0beda
ea150df0
becae313
35191b2d
0005ff04
ef210f22
4c0fe5af
3de228f6
1cf52b2a
16161402
f7bdfa12
28002346
1ae2f91b
00fc150d
43030e01
fe5a0a08
f502e4d9
e9121fd2
c6cdef03
0f0fbc48
1bf70ce9
cbf40eeb
c508d130
06eed4cf
0103342a
0918ed1c
f02efee3
0d18f608
c7dc0c0a
e0cbfee5
47f3b5fc
18e4e607
0fbe201e
19c5d7f3
1617ecb6
e1ec50da
f71135ea
0805c531
e6dddbfc
f729e323
ffe7f0f3
e939ea24
17e7030f
ffe5fa31
11c5c222
25e906cd
b7ef3135
e1fedac3
cdf22ce5
e6f744cc
1cfd0b02
e11103ed
fa1ff6fa
03f6f5e8
2916e6e9
1be801fa
04f9f614
0800e80c
15fcf1ff
c9c6f92d
bfb2f20d
401af505
2c31effc
f7ce0b0b
1b2671f5
363e1de4
01f6fef9
0408f504
02050400
0003fe04
0afdf8fb
ff06fe04
fffff906
fa0204fe
0ec9f6f0
e70bf4f3
15f20eb1
e301dbbc
56d4efd5
f4110f42
10fa3e07
0204f63e
25f50d19
d605ebd3
1318eb0c
0fe3bfb3
e81108f5
2490e407
12ee2210
091dcde4
fef7e40a
4024be14
08e81ee8
1db9f5f1
cf330f00
11e7c215
00d6170c
2909d909
f7310af0
e7d8fcdb
f004f11d
28d7d925
1b062700
13f432ec
0e21fd14
f6f203cf
be3cef05
01e5df2f
10f00fe6
e8f6d4e7
f63330c9
17f3dc09
0cd6bacd
060b0cff
1616fdd7
00f623d8
f7fff41e
03f10435
b4dafcef
e8261df2
fbf30bc7
eddf07ea
22a4fd05
d5d2e230
1e06ffe9
4f010126
0d0314d6
22e65e17
021f43fe
ea051c56
ed24afcb
fd3ec801
bbd8060b
23ca40e9
20020902
02c54be5
241361bf
0bffab0b
16f7fbd9
05f518d5
2301f4de
45880730
311fbf9f
f8f8dd0e
efe5211c
f0ff1e1c
070b10f7
0f2adfdd
eb221cb6
1ffaf7df
291101c9
ecfe20fd
11e315e4
04d60e34
ec1c3e42
ee123d0d
26a3e508
ecffdb0f
1bfc15f8
13c1f603
0215f92e
1addfff7
5cb92d1f
eb9c0ffe
0f18ed01
0b0b181b
ae0d0db9
e8f1f618
fdf941fd
f40215d6
1114f6f4
11b61fd8
efe031f2
d8f0199b
f3c402db
21362623
02d6a7f9
07f1a722
31adf92f
18f8e606
dbd2f9e7
ee193411
47183cdf
d8573a24
06fd3dfe
e838cfee
ebfc07fd
f11b15fd
0406fce0
1caefbe1
fbddcbed
eee811ef
1705d9c7
0712452e
ebafc9f7
ce232c2c
13e61fd8
f61c0237
e7dbdef8
fb20fb1c
000b02b9
02f02030
fb020608
090504e6
f9fb5a7f
fde2f6fb
07110ffb
f4231cfe
ee410e04
eefbfade
4618f2a8
0814f0c7
ff2c17d1
fc2b3abe
199f1fe5
f129da6f
edbd1959
0d6b562c
0b13d40a
ead9043e
0b0803c3
dcec0ac9
1de621e6
2c1af5fc
fdeef4f1
1e150e30
e9c30126
e1d60cff
fde829a9
f93c1b41
949d15e6
815820fc
3135bec1
dad6341a
1e561acc
161fb30e
f1dd0031
dac53642
37ff04ec
21d71dfe
ff28fa48
19f809df
1c071128
e0eac418
236af2ba
aced6436
ed0724ff
111ee6e9
fb0c2307
db13071d
07ef140e
05140f01
13ffff06
fcf80aeb
f70d0300
f6e80b0b
f8e30af4
07f7ec03
f9141d9f
03e7cbf2
f9a9e4e3
d5100a1c
ecd2afb8
e54d18e4
ef1f1a05
d11b2611
e7e8f618
f4f013fa
204212b1
ecfad845
2138f615
1798e903
f6160de1
15ef2b4a
d513e5d8
d6160409
07f9dc12
f6321c18
e2ffc000
1c0a2ee2
e9f53329
d0d7fcf0
10271ed9
06d0e1d6
f0422ed2
dbf5fe0d
d9d8110a
e026d307
0df4e01b
ea10241f
2ad6012a
f20bf6c6
13eaef15
3b3dcde2
2f0ce9d8
f90f212d
051bb820
1de1c4f4
f6d4bce5
f4480944
0e11c92b
20cdc6c1
e7bdd2f6
1e24ecde
fb5eed04
08d729f1
9748cb06
271dcf22
cf17e4f2
ef142de6
36deedda
0240dcf3
11e402b4
132ddad9
16cbd5f0
02fdbcec
0b18f8df
ed014f1f
5d2f542a
210beef0
04f83a17
1aea1727
f4eeedc3
18d5f112
13e6ef00
c80b1ef0
301ceded
fcde2d2d
15f0534b
fd16dcdc
04011ce6
1941dfd8
ff1fffe2
fa31d2ed
13b6f2d8
0333180f
0115d3be
fe3bf631
3b192fdb
fc0fc903
1a0208ff
a8e533fc
f7c8cccd
fbfd2162
09ed8c2a
faef081f
57e5ebb9
571a66d2
0fd646eb
b41df3ee
5b002002
f81a22d6
0d07eff0
110bea07
01d5f41a
1f291a14
31d9fae0
10efc3ee
210a3a17
dff9f40a
ec0de504
fd44ea19
ef210902
eb3541f4
d8f91618
34c61b18
39f481fd
ea220302
fb1f04f3
1fe401ed
23b9d624
39f93d12
3e2607d8
10470846
bfef12d0
ee5aeffb
f623ffe9
b88f40f7
d6160748
c6f81704
c522e533
2d3cc8fb
d7c2f114
0932f907
fcffd7c9
dac939cf
e1fae4f9
d1223a13
356e02f3
0e23b96f
cbf9eccf
11c6efec
fc10e3ec
f7ce1805
4fc3fb1c
09eeee2e
f5e0181f
17340e3f
160af217
054f5616
f719f4d9
f7ddd9e7
e2763ae1
f0ccf814
0f43d515
d92fb9fb
0aea1402
05d0e41d
f0d9f529
0fec1d0c
f736093f
f3f92226
21e7e6f8
df1912e9
3bf10afa
00fbfbfb
fc2ebc16
031c2cee
133740fa
10daf0bd
e1b9e303
0709d5d1
05dd21fc
e4eee509
efe3c0fb
ee1c0f01
03f80019
d6fd3b1d
de09d80a
9d240725
04142aac
e7d90029
e40ae1df
e004b3e2
f43f130d
fcc70ec3
0b37cc4b
abe63dfb
2c0f2ec4
0ce736da
1df5ff0f
f61e19cb
1b09e7fb
0526fc19
ef2ce5f1
2605319b
171c3105
2c130106
1e026819
f017dbed
f1f817cd
d92f4424
0d0d24f7
f5e1c342
1fe339fd
f825e929
f8091aff
1240e013
29f2c0aa
e6191cf8
e6dc13f2
edd8fd07
d014150a
d6bb02e5
0c0a1718
ed400e03
9aeb283f
2ebe0513
eb131b1c
2b14fb03
f527fbe9
f00d0b0c
0a2504ea
17e61cea
e6f8d523
ed3c0800
2ed409e7
e704e802
de020eea
16ea1e01
0e0419f6
f5f31a20
bbf32b93
03e5f019
e6d80dde
393e2bd2
11f4cde7
f7ddeb37
eed2ed05
fdea243b
01c623c6
1b09dd12
faca24cd
e96e0805
ebd1df06
1339e728
fced28e3
edfd4a04
34bf1800
19e9eeef
21ee31de
46ecf0d4
e1e8ddb8
1122ec01
0af494d8
3224f93b
0d11e9ff
0efbbaff
fe08e41a
ee76d4ef
04361b01
1bd412d2
0fe4160d
d8eee9d6
6cdb1efe
d5b23f02
98f00009
2f2700e9
460b51e9
ec2ce8bf
0dc81bb1
1fd4f8ca
b8031da1
33ed9c62
ea34f026
12132cdc
fd40c9ee
1716d6dd
fdf20bea
2c1c14ea
76a9dd0a
e197f025
02de170c
eaf82502
d51b0e1b
f40b0ff3
1918fc04
f31d32d5
fbf90220
37f6dba6
de201c13
f35a30ff
e2210a19
db392605
2200f50a
0602beeb
dd26e732
e1ba37f8
e52809fd
d2cfecc5
2301240c
f0b960e6
2356cdc8
06f6061f
13d71345
0f2afd19
1725f0ce
0b2fcb18
c7dd2018
22c4340c
0b2942d3
ed070a2f
f1e4bf3b
f4f5062d
5ad9e9e3
f8c97f62
25114e04
f31927db
f3d346e5
fc124514
68d2e32f
010cfe4e
e9e913a8
e93cefd3
fb273536
183c1ce6
430ed4d6
b6130ff7
0bc0e144
3040010c
0b0bf015
12e5fc19
d22ef0ef
fc3738d4
fc04f32c
c3b138dc
1d3125f8
f3a8efc0
e7450c04
abe14b2a
45cbf2ee
1514df49
fbfde506
09173a0f
ce211a22
f7141905
fd2fe14e
f2c8e4ed
55f7d519
1825e8f9
fa2be309
230008eb
09f80c15
022beff8
0900001c
fbf2e7e4
04ede6e8
04051a10
ea100302
feeaf521
d50827cb
e8dad907
c30f0fef
45e404d8
dfc80df8
db02e0e8
05e43114
0dec1afe
0f042b20
ed09f1c3
0c5ecec8
0b7fdd1a
11deedad
e907417f
e51544b3
d8121727
e200171a
e0ac16e7
110a0df0
0662f4ee
bf390d2b
2e02d3e3
112ff63b
04fec50a
ee0e21fc
f4db133b
ed0e1afa
4bdedeef
b717101c
09eaf092
fe1209f1
0e261907
19a22604
0af6ec03
c5e91bdf
de081340
21e0d80c
f520bcfc
e312d102
1429411f
e3eb2117
112cf581
18fcd9e7
ecefa34f
39361607
ffe52a15
012af050
e87f1610
e4021907
1602fee9
08221647
05ecf12d
df041812
f2c2f60a
32d3e9de
250c1fe8
fdabde0c
fbc9b128
edfe0dfb
dc195843
ea370118
f73baa33
f9303500
ff4039d3
1ff9f2f9
1fedce2a
16eff8b8
02df1dc9
c8f723d0
0b3ef73c
f3e21203
f723f332
be402e22
d804c620
ea20e4d8
e93de4f8
d0ed03c3
1cd6d924
f21b1fef
fdfa0ef8
312bfee7
7f3419ff
e811eef9
e70a4bec
3bdcfada
de62f0e3
02c6e5c6
15e0ecea
fdf811e4
190120f9
fcfc0107
0846d32c
1b0e5800
0af72b16
eb343c1d
ccf21203
1e1a39db
f646faf6
e21f12f6
e66727c7
fe032f16
f4212546
1d170ef7
e413edd8
09da091b
19c1ba2d
050e03f9
f80efa07
c8eef60e
dee90bf9
131dadd0
f72f2f14
f1c00ebe
10fd03f3
f9fe0ad6
ca192321
63041dfa
00dd181e
0415e2ea
ff170d2d
f7fcfb0f
e9092a31
20b6e22a
f5f9e3be
4536002d
03e2ef04
fff3e90d
0d1abeb1
1e10d905
b718100d
b4e726d7
f3302bd0
eb2bfcd7
162532e2
07011f0a
192be900
ffe9c1ec
fce00e03
03d61df2
0111ddd8
383a2513
f617ef03
f1d3003e
030df011
131ac31a
cfd3eb31
18e21ff9
0d1722f5
fb1e03e7
0d1510fc
1316b12e
e2df21f6
52fc13f4
ebd1d851
ea0ee613
26e40401
f41ef9df
23173bcf
d4e92b2b
d7d42f08
fbec27d5
0ed438d5
eee91cc4
113ae6e8
a5d102c1
effee4dd
dbb8cc9c
e1e43111
e3faef1a
e8e82429
db0d0700
f0ce05bb
32cc0107
f6042aff
1fede9e5
f61f0706
dbedd7d6
05ea270d
fbf3112f
ac09fbaf
2581f547
0041c926
ff00e4fc
1521e7f1
fcfdfc06
0700fefb
ffff2029
fdfa02ff
f9000703
f90510ff
f714f8fe
fcfefaf2
81170f0c
05f204f9
0410f913
0d40071c
c8ebcbb0
eb05e5fa
dee2e5ed
fffb5114
dfe24318
22003cc8
c7dd2ddd
fcec320a
f626c6d2
cff6fbf1
29dde5e3
ffe72310
1bd6ca06
ef2eff35
131019f7
0109e1de
c3fdf705
f44e03dc
0d02ffef
00c2dcf7
02f4df2c
3431fce2
fdd0fc02
b6e31408
e34ac23d
0e0109d8
f9cad714
e403f121
27c1faf3
edbe0600
1f0cf9e3
fb2045f8
fc11e330
302fd9cc
280b1b3e
f6251419
0be9e700
1ea213f2
0e08fa0d
274309c2
c30db7f7
fd1335f3
ec21ca0c
01f10c1c
412a31b9
f802e3b2
d1f111d5
ee17e7d0
e9f12cf6
0fc0f6e5
ff19e72c
f0f6123b
35f5f2e3
4709dcc3
30240c20
f3de1816
15c73630
d7390bee
0b1ffff3
f2cff3cd
bcb33c0d
fbfc0f0a
1ffceb0d
0ae3fe3d
3bf2d228
010f2eff
f614e019
fbea1a07
abe0cf06
4d163318
10eb2109
f61cdb16
590a2709
f6e503cd
0412a921
f40604df
fa160bf7
f5091be7
0ef0d87e
06cfd6fa
fe13f70f
0def02f6
1d132211
7ff2cdfd
b3132501
111ddfce
220d0428
fcc9c81c
20acb20a
08e2d94c
fded1040
28ffac08
ceebd2d8
13ca0b2f
23f8fa1a
ed0024f1
eddce314
e4f04a0c
f9f1cde1
f4d8f7e0
06e91edd
bbe0e534
dce2ee0d
b7171925
fabbbedf
35bdb01b
f2da45e8
2ae813f3
0babc40a
f0fbb531
211dcfd8
e323da2b
d00b3400
19f4ca0f
f0325f24
f70c1902
a8451dfc
eb02ebe5
042ed3fc
813c521e
180a2f28
13e623f0
f8d4f4e6
dd18faed
e7e3e8f6
0622b320
e1bef901
c5d40c2f
e3e9f7b5
119ffde0
00130ff1
e5e5eeea
62c1e2d5
0ac4d71c
034e19c6
37c13243
c6e12cef
f6e601fb
131315b2
f8e11733
14fc1af9
189ef023
ebfc26ba
ef9ecdf8
312821fe
129f01ff
0fe8e9e9
08022c44
e1abec4c
db0b0b0e
06ccdee1
33f70333
f3f9fb0a
022b2426
f6fadecb
70e707f0
d01cf229
1409fc18
29ee0811
e2f7f80f
b803081e
0e0f0ddf
1b060312
f20dba20
ff0f04aa
e714e1f2
f1a9160e
f915a9d1
36e7daea
f1fb12c7
1b07b8d3
a80ad7e2
0c25e0b4
5c0435fb
2b14cb00
aff9efea
ef5e18ff
0d2be838
05ff1a06
1df92657
a2cbd200
1618cef0
2af80cf8
1d1dae13
14f815ff
09fdf4d3
f228b4e9
d3de2ddc
0dd20002
11e4dc16
f21b270a
25011b18
e50019ed
e63be612
1bf8050b
e02a2dfe
1113cc12
8f2a5613
0140ef2b
cf3cc406
e1c5c7dc
ebb8101c
530c05e4
1017bb16
fa4e200d
0ce50d14
ffe005fd
f7b5fcf7
2810cc3a
fad31423
eece1eca
5e111bed
1a15020e
000446dd
fa9ced49
dd18e71d
b9d43ff8
243dd40e
0a07b1a2
03f2ed1a
321f00fe
4de0d2d4
04f31233
000f04df
0efdef36
e01b17f7
ee05faf3
14e9161f
cb27dc3a
03eb0b0a
1522ff3b
fcf851db
ef20e9e2
ca2716a5
6beb1f49
cef20ed9
00c73caf
f1ea1bfa
1ddcf4a6
e40712f4
fed8ebfb
06baffd6
d51718fb
0c13f7fe
33041702
0b19f8f4
011e3aef
f52edeee
f8bc550b
2eec0aef
d62ff0e3
1708fb1c
26fbd20a
30ec1ab8
f34a1ce1
bceff0fc
0a21191e
f9efca16
bc1c5d01
1a081165
57bf26e8
350ff7f6
d9aa3158
e8131ee3
ef0e732c
d23cd9fe
e503ee24
bce3dc1c
debec50f
d7334d04
edda19df
010910fa
0bedddda
eed83d32
0b05be1d
2cfcfc0a
36f53312
28cfe242
450626a6
191aec77
e82043bf
0471a206
2eef1312
c6eb175c
05f50d05
f7f7f307
2eeff4f5
0cef0607
c9fb0f36
f90b0f06
f0b903f8
f4fa7f04
08f84b24
121c09e4
dae0c61d
f1b4f3dc
f3d6d02a
f610f6b7
25c7f5e1
fdcf0dde
07da0512
d6f3ee10
ffcdd5c4
07d4ea28
02ca391b
220800ee
2af62201
0cefe6d0
08fc140e
277f0931
39ace6e4
29d2fe08
ece324e4
13f7d2d5
15e4fbe7
09fff005
150809e4
ffd2e2ea
b132c5ee
e70afcd2
de2d1c1c
dffd30cd
ddde1810
cb11d312
e8d2cdf7
49ca3112
ab0e9cb0
ea0beaf0
f8f40613
0218d6a3
1117663c
19060fed
f9ba1302
1ad82dc5
e8efe748
9305e6c2
dc000c0a
0c0f1bc8
0b09b931
fcf90c1a
3d0beee9
ec08cedb
0aeb1df8
f0faedda
2e050601
17f2f4cc
e9fe03d8
cd2a090c
d908df16
0fe920f7
2832000d
c0121f15
e0451aee
e627ea1f
392b2010
1d02c710
dc1000d0
40e10124
eb3f3af1
16e7d1e8
cb2e05e4
df04b31e
2bea9db4
b3062024
c4edca29
29b61b15
ca39fbfd
2bf0db04
f139c9fc
e5fc06dc
2ae1f52c
e4e7fabd
410015a9
e637aa26
161a2f16
391e69f0
0b1d5726
1204e030
d323f7dd
e70d0ec9
ce280ff2
e1cfd11c
fe06ceb9
0cf8d7fc
1d26d4f9
d9101f22
3df3321e
dd04ede8
07b8c7ee
d916381f
f40829f4
f30f0dbb
d5b50bf0
0b2e2004
30e5dbd8
2e010250
f9032fb5
4710f11b
18cc1d26
12282ef1
b0d50d0a
813feeed
f411e5ea
e8ff10c1
55132516
9effb1fd
ef9bd703
42f4fb21
2016d739
1deddd0e
c1fc0904
41c917a1
01e6b118
161924d8
ef0cc826
d806e4e6
cd1aea05
26f51738
f906170b
fef8f520
0d140d7a
fff4d3ee
2cbcf406
de143c06
0ff92844
0ef815ee
bc162c31
0bd9f426
1e5b26de
231231ed
c33e17b0
17e30af6
0da1c9f3
1c05ca2a
f9c426e3
b1e8f60b
c6f71e09
30fefbfe
f4fd1a2a
e4182ae3
d4c34c27
ee19fb1e
13130f05
f8d9f307
fdf60410
de3018fa
38f1dfd1
d91828f6
d82018d9
f3f6d11f
37321504
19e31437
cde0140e
d2c1bd23
022d2a41
3dfd0707
0c21f30b
43363806
c0e4d919
1bef1def
b4edd1e0
d0e62819
12a519d4
1615f7fd
b73f1cc6
09f728e6
35f8fd1a
f7f7001b
21310609
d3cdc6f3
f3d8fc02
f92fd2e9
ebeb2913
040c302c
e61801e3
1810fffa
edcb2fdb
093ee23a
090a2ce6
3a01d0ef
dc172bf9
20dc2b2f
fedee204
e3050601
24bef606
f4fa06e8
dfe8292e
1afb1bed
0411e0fe
d84e00e6
18ee00d5
cfed23f4
002d5a1f
cffdbdd9
cdc3f23b
100600f9
2b18a81c
231b1307
cefaf6eb
e0ef00a9
3411f6eb
c206cc15
281f1211
1503ed1d
407102f9
0c192af3
010adbdc
f8e808d2
01c7e872
1a08380c
1be937b3
b6020d05
14c7002f
d4e42ad1
da0204bf
1c060d39
08e2e1f1
f619e9eb
dcfefee5
230500e8
f9160e22
f4fed40d
e6ed1f19
b9de1ed2
21410a07
ef1d04df
f626f5e2
cc0b2cf4
f3fa1b19
28c3fb4b
2c206018
fae00b14
001524ed
cef6fceb
fa0fff15
f30cdff1
07f3daf7
1a1b0658
dff9164e
df19d308
fcd7f108
41fd0a04
dd23fa20
06fbbb1e
1235d13e
fa013b8f
e8fccbc6
eed7d8e8
f6f5cdd5
ea0907fb
4024e469
de283203
e51111ee
5b03e13c
24281f06
3413fc34
0c1d0edb
1ff8b9ef
fff30717
fce41102
fcdb3a37
29061ec6
c7ebdc1f
1f10d905
00be1d44
14e70d3b
1374192a
fcc8bc4e
ef1fddfe
29f332d9
37cafbfb
3520d61c
f2279d02
1beb0dde
0318dbfd
02ffe2ea
0efcb1f4
f63507c9
3bec2212
15d638f9
150aeb0b
e3f5a5de
1e4027f3
0d11f5f7
42f3ebf4
dd2f3af2
f30af418
1af728d5
fa1e0f05
ccf817fb
d2f5df1a
0debfac4
f0e2d218
1ede11f7
11ebffec
07090abe
d12dcd34
2a0939f6
211bc63c
bae90838
b1223fe9
b5120ee9
3a09fd17
fad109f2
22f8f2ac
e12cf01d
072717c7
fc0e140b
eaa60210
0aca03c7
2122f501
1fef141a
ded91981
ec00fb27
02ee32f2
3ce226dc
15dbdade
e50a0708
1ce00726
1118ece5
33212411
de19e4f3
f531e0f2
05ebdbf0
e8ed1137
200ced05
04fc0222
ebfdc0f2
18ee03d8
0e2810d1
ca032310
fce8d107
f3d6e411
23baeb01
d3f7e1e2
f423f4f7
2f255c02
39c2e630
bce1bed1
f20ed9c2
e73e1014
1cf7dc07
02063ede
29f70cdc
f2c83ee9
dbfce905
0da6fff9
1af33e3d
1f1807fb
1fbc0726
be07bc03
1c030014
dfecfeea
f311effe
09b607df
f6f7eb29
0ec9e517
2411f030
2103fc1d
080be90f
20041c04
07eb00f6
19020826
c515fce3
d82869f2
f2e71425
141add15
e435eb46
0182a922
faeff8dd
d318fd0e
12f819e2
0406f60f
022b0ddc
1ff4f313
edecf903
aaf4fb93
fef22f02
cd0a19c4
16e1c81e
e0ffbe03
22eaebe0
5cebcffa
eedcf8c7
12c9db2a
25ee301f
260da30e
eeebe63b
0a1521ed
2d2432f2
36ec1426
1cce0816
ca04ec0d
08fc0f24
1c05d916
2e072200
d13426db
3017fa09
22f90612
f811fef9
2d0ddbf6
0c1e043b
7ce0a112
c3f8ddf8
f24240f5
03b630d1
4d081815
2214220b
0635171a
dfd11d0e
e439ccd8
c6ef4acd
e0dd0924
2eeaa67f
f90d5261
35f824ee
c40c18dd
e00912f6
f0b80502
5a3707f0
20d690f3
1cec7f28
0ce00fce
11f60155
f12cdd1e
232202f3
4004302a
adf91417
eed51f21
0904e7d7
140efafe
1ff9f042
24190eb3
05fb18ed
f82c1100
02e7050a
ebea1917
fc12be17
e502fc0f
2bff22d6
1f4dfdc5
1cde17fa
ed210de7
110418fd
ebcdf0d3
fc3cd0d4
f2fa2db3
b9ef1a25
24f9ee3e
d1ffc82a
24f12900
1910fffa
1fc2e604
17e415e1
14eb2ef8
0217f2ec
db051bcc
22ccdf8c
fbc2075d
b1f0e837
22130c14
020022a1
dc01f50e
becd0c1f
0904090c
08020508
030ffff9
fffffefa
02fe0605
fc01fef7
fc0303f8
04fc0206
0afb2793
2e27092d
ed04fc38
0fe44011
10e8c1e1
2b01d11b
10cce80d
f50ef4ef
d501d9dc
00f6e8cf
fa304d0e
16f61f08
e6c5fbe1
efedec0d
fd19e7e4
20cf0e03
e8273628
10bed716
f7430de0
d6052ee4
eef12433
ec09f912
f0fd2a13
2d0ad60c
f43c1f10
3aed1e15
e00bf22d
fdcbea22
c12bf71a
091a08f4
26c8d309
271beddc
09fcf90a
f3fe0209
212328fb
f4050e04
09cde901
07fe2606
2ef2f107
de1ff115
3138b94c
adf3ebdd
0cd3f4d7
e4ec1f0a
4d061c00
bcf83207
e4033e47
20da3ecf
1ecf32be
3704e8fb
0e3405db
c50be0f8
0e0b17fc
05eb282a
091612f7
f337032c
0305f9ee
ff08fafe
02ff0305
0afd060a
fdf90604
fafef70d
fafdf5ed
02f201f5
f2e9c3e9
cef5fcf6
ef27200d
0d08d8cd
0ded05e9
eaec09fe
0ff4e224
fd01080e
06e0e1e0
f0001c00
050beee4
061be4fe
fef004f6
29eef2ef
f5241fdf
02e402fd
0108f716
f43af80c
eeebf6c3
1a02cc14
03d32b24
31dbd821
e502f0e1
f0022ce0
08dddfda
17c60b39
ecfeced2
f9c409f8
1ff8d5f9
14c11ecc
11cfcfdf
04f82417
e2ff10d6
f5b027f2
be21ee39
10d3310a
d4ffe1f4
e7fbdf0e
3cca23d4
d407d029
16131a01
13040911
0ae90002
e109f1f2
f8fe15fc
e90cfef9
ef01eddb
01e5030b
d8061d10
f005f6f9
2aa3f811
aa1720d3
3805f70c
222f17cd
e61d04ef
f4cbf509
fa24dba6
26f41de8
09e83f2c
0b080f09
f6d9f904
16fac317
edf61df0
bb27f81a
e2e31ad0
2bde0718
bd35e920
48d38fbf
f73ff416
28f600ec
e6bdde3b
06fa27a8
2f04da0d
f70f04eb
23fe2606
dff41705
130838fa
dde8f1fe
fe2018df
4d122a0e
faca47cb
2203161b
1030d7ec
01d52ed9
fd35ec0e
3220c3ab
2bd90eb2
eee3e024
f4eef2f0
e3093b08
34bade29
de17ccfc
c22b36d0
1009fd23
3a1dfeff
2ffbf1ff
0513b72f
f30cfbf4
fce1fade
e40b1747
10f21cf9
d5d608e8
de0a3afb
0b071e14
1d1dea2b
0bdc0103
d898f9c9
02ef521c
19f70b12
0dbfdfe5
09e83029
0425d0e6
3c00ceef
e5d91ccb
26e6f7f8
35253527
051ebbc6
4318d0f1
0c18be09
1b28f208
bef83260
18f2f7e1
b9d200d8
edc5fc06
21a4ec15
0934cc3e
f5e2ef34
f108f9d1
1015db0e
f7ef2fed
2be9e4d1
d805c8f0
d51ec1f3
d810dc08
7b0a1333
1633fe1c
0609fc0c
07ecfffc
fd0b07f9
f9fd08ff
00f70901
ff0403f3
f9fe0200
05f9fc01
d40c04e6
1926110c
42fee84f
c70506d4
eed21b1a
0ba703da
f630cecb
6effdcef
02e826f3
14e42b07
c1190118
4a01ee1d
fdf5c7d0
1438044a
ecd4e801
0504fc1a
1e072d23
2026dfdb
39d521f0
ebe8f0f9
4dbee126
de2d14ff
e200dade
1901c704
091d1e89
f9a9130a
d8f006c5
0fd82e28
15eeddda
fd21203a
47c80fca
e707f8dc
f40700de
14ec2301
e51ef8f7
0a191ce8
ece51d0c
070eb70c
db132001
1efe1c00
dd87eb1b
de27cbe7
f0d24fed
4b01f9d4
25b50306
33de1b08
c7fc0d57
0cf523dc
c5170ced
febf2a0c
f2dfe2f3
13d0e34d
ee3bbabd
fd221cf4
47c8f0cf
cdd731e3
f6180eea
faf2ee38
1e2c13cc
11051017
ebd34ef3
debde30d
06072602
f807e113
40dbb611
1e32120c
d2c019e8
1ee6fbe5
0f1f001b
09cddff8
19ebeb23
18ec2ee0
dff8dbd4
de56fb16
41e3040f
29170316
d4fb3df0
1fb8ce1c
073ff70b
5a0334e1
080afdf6
faff02ff
fdf90b03
0408fff8
fa000807
fdfa00fe
070104fe
070001f8
16e8eca0
17040808
02dadf14
4920d8ed
1e32fbcc
d3ce13fe
d019a698
ed170ef1
21211569
0b39d621
110308cb
2cf9092b
26c9ea05
e51e1f32
1fdf11e6
f0261bd6
f6ddf6a1
2f1018ee
0f5bfc01
f602e824
30d0150b
1d2f0cfb
d806e9fb
f1141c10
dff1fbfb
031afed1
f5b6ede4
b303d7cf
d944ea5d
f011040d
11180f2a
3dc6060e
15c11ed2
161ddb0b
f4d20735
eb196dea
feca40fb
db0423c7
1d050837
f51c0003
dedeeb19
33182222
f560e913
fdf4f8e2
ed11fc1c
0056d73f
02e6dbef
04dff8eb
b337126c
12daf428
28351901
f5fb16d1
d3d9f1f7
e3faf6e9
0b0733de
0d2ce5fb
da240ef8
071a1112
ddeae713
02f2cf2a
0dee0cff
1e5ff40a
ead50602
11d4ccdf
2dd4b714
c93afd08
f1d429f1
f81105fb
fce3e5f5
01de0ad9
3df3ec19
ed030405
fafddf27
3db73602
dad5252c
d5f4031c
26d2e812
f4e225e6
8301892d
1bc6ed0b
f4280409
ff0c0d1c
e30af1db
12eb0116
282f16f6
fef4070e
83e0fd08
06fab505
2209ff0b
f1140525
170df9c2
01090f15
c619f807
14b70d0b
0d05eb29
1655df4c
211207d6
a90a1209
ca0a2c1a
2beef6f5
eee4d905
37ded817
44dfed3c
e3f6f7d8
104e9d2c
0f3ca228
7f2c32e5
2f2afb23
d0007f12
bf1b01d6
b9374024
eb7f2f81
29c422f9
de284903
c2e90a49
e8f204a0
ddcfdc10
f493c2fa
2d02e9ea
e021e10d
c00c3cb0
1ed6037f
dd242f12
fd81fb37
ec223303
f2c72731
6681ec94
fbdf440e
f9261cbb
06f916f5
c8cf61c1
0aeeea1e
fbc8f90a
0c89f9e3
0bd5e21c
eee4f60d
252be10e
f01414f4
08de0003
e32fd7c4
3612f200
05ea0600
e922e5e8
2ee91be7
f117d825
1d1c0003
c5fbf2f5
2de43118
11e4d61d
ef0d01ec
d2e22eff
17fccdd3
d8c6ddf8
f8d1f515
df09401b
f8e51d23
f5e50411
d10f5bec
2ecfb8f9
ddeeffec
d824151c
b80e051b
f4c31e02
2bfd16fd
03b7e600
0be60d0b
ede70812
10e9f4f1
21d810a9
420fdef3
04cbd1e6
0f15c008
22f9df0a
1d28e906
e2110f86
13fb0513
38392dc0
0f41acee
41e0092c
1528c731
31182f1e
080620f2
b3110efd
08de08df
122ceb3d
0f2812ee
e02dd7f6
09e00530
f53f33fd
e4f7e6e9
cfe32208
f3084d22
05def9ec
f0cfcfac
efca12f0
8106f71b
1efa4734
03de4f32
da112415
f215f954
ded60e04
daf3fbc8
14293213
05073110
e7efc803
fce7ad09
fb1dd534
b72bd5ea
0002fe13
fbf21800
e3ffe9f1
d1f900fc
fe20c108
f4341a0d
53e52914
eac9162a
d614ed4b
f3ac0afa
f01c408d
c9cc060d
b7ef25f4
dcb0dff5
22df240e
f216ed43
e8793907
48d61dde
fc03f33f
bded8157
f4ebf709
0d1f1d6f
0de3d000
11e0ed21
30d00336
fa1ff9c8
25e8d5eb
c2fff7d4
3530e118
bb45f607
0d0025dd
23e4e73d
eb5103fa
02dc2a00
d6fbe50f
cfe0d0e5
1adfc3d7
27092615
00cb1310
260df3e5
efe6fa0b
f3f323f4
1615accf
d9ebd72d
e5ea06c2
05ea21ef
46e41910
f4f20c08
0503f7f2
f3ecee1b
05fdd3f9
18ffffda
1f0231fb
3cd43cca
faf1fb0b
e70aeae5
082b12dc
e2fa2b11
f904d530
19dd10db
e751b0c7
2cf9d926
57ddff0f
0505154f
1d1b000a
102254e8
c508b31b
c90e350c
cbb8132d
dfeaffcb
f2041729
28fbfd05
ecfee6cf
26e7f8e0
1bf0e513
b7140e0f
eb0bedd3
1628c618
14064bfc
a8fde04e
f210f0b9
2eed0011
46fe2c2b
e50afde8
fa0c220b
f6f2c9d9
2924fff4
22f210f9
f6311c2e
f838e828
20b1fc38
ed0018e2
2603ff30
f1ffd8cb
e20bfde1
3a01f200
06fafe98
30bd2408
ddf2003b
e5e54d5a
0d20b2d4
d5403ebd
58cf4a43
c1e12ade
1420f0fe
e006da2f
40391f0a
0732c8fe
e72d45e5
f8811919
e32bb5bc
b20920fd
ef63df37
f3f5fbbf
d5efa0d6
befef41f
19dedd0d
f91a61d2
e902360f
ecfd0d2e
01db34af
1ee00ee6
0645f665
d714f631
ecbe2d23
dee20a14
a219a4f4
0fef08e5
afa40906
e2f40c11
ff08e552
13db1c07
01c6f7e0
0bda030b
fde3f316
e6e00fdd
35e4f0f8
15d600ed
17f23ce0
cbf2f2f5
2ac018f8
f5d501dd
ebf5ffdb
12f4ef1a
041e02d9
06ddc9e8
19d30620
27efd02d
eafa0ff7
f819082a
14d8e1e9
c817efdc
e202c929
e71648f4
f818d4e5
e21f0757
b627150d
10cb2a2d
03ff1e2b
25fff1f8
19a7e228
fbff24da
e100f309
f9222de5
e60d0811
e7120223
091d3112
1302db19
d80fcb12
8104d2e6
fd134ffe
f72dfe03
01811ccc
919f4522
ff11db30
0029fbf5
19a836e2
f23714f8
aee8b621
ee0611bd
fdc8df18
fbd4e611
fd0a140d
ee21fcd0
1ece16d9
2c1acb02
2b472b17
dc2ec6d3
feda1706
c9d02be0
dc2cc7ea
f6f7ee3b
05061404
c6dae5a4
e9564731
0be10500
fdd4bbe8
e416e8fb
24edd028
c721dedf
450fe6f7
faeae0e6
eedc07f8
03d6ee2f
2c0ffcf5
0d9c14dc
ddecf215
bc102d00
d142320e
1ffd34de
c1f8d828
e20ce497
e509d2ff
2dfb0704
1e01e712
10f0feff
f1f805da
2ce25701
ff0bfca3
ca2b0831
c30eee19
2b36f306
f72e24f5
1b0aca29
38cece1b
dc13542f
1a81dba6
e6f30910
d9c9c8f4
ce16dfb9
63fbd3f6
21dee92a
e8fcd327
ebede646
23e1eb37
18133903
01e33d23
f6010850
2e17b328
263e3abe
454427cb
061ce3fd
faf7240c
fc1c53f5
f5b61d06
e7ccfcfb
c225dffd
462627e7
fce5202a
ff20db1d
2fdd05f6
110a140d
11fd01e8
16e8f711
08f9cd07
cb01ee36
25341aa9
f70d21f4
03e7e24a
040b1d49
03fef402
f261ee1c
c3fdcef0
3ae20015
c0c62b4d
f042fcc2
d731e662
41027cfa
ebfa9f22
e129fac5
fa231766
0c24eeda
dc870714
4ff11001
f902d342
11de5434
bf361840
e52705cc
d6e50c08
e7f9032c
19f3f7c7
f4aefde9
13cf0c27
0c22dc46
e1170207
373301f0
3df300de
febbd71d
08fde80c
edf2e2f0
d0dc2834
fa0613bc
0204f02a
03ec0c14
f700f1a5
e5fddf01
3ae21e1e
3707f6e8
ffed1ff2
e325eb10
10e3f8fd
0d10400d
1e05fb3b
e421f226
fcff1426
c929eef4
1bc6da5d
07032208
32dd1605
0c33da2a
fd0ee708
11e814ce
d1f5cb3e
16023fe9
bf4aedf6
fdbdf130
e70be206
eee2dff3
00c4d107
06f71be0
f9b128fc
f3cae006
013401e4
ea060305
1afc04fa
f03d0922
e510f635
ea02eaf4
d61545d6
67df6128
0d0cef2a
a32421d3
d5fa010f
ea1d101f
fbfdcaf9
fcfbdf35
db0b290e
ef16d4f3
25d41f19
ce3de5fd
3fdb0f05
18021a16
c229f10d
0c0ff2ea
9e350f35
4701c005
120b1220
15dacf2e
f317ea2c
e8311816
f7df27ec
13f117fc
fdf205a8
eb3debd5
dfd009fb
3dfc170e
01d1c51d
11e4ebf4
ec02d81a
fff511c8
3c03fb28
f8e7c926
edea38fc
1a00e5e1
561ce8ff
11faf8ea
0211edf7
e3f907d2
280a0610
cf21f910
15f724ef
0ef912ec
cf0af5c7
e2f611e9
4002ebe3
fa01fade
1efc32c1
42ff0deb
d43be3d3
0bd850eb
e9da1519
e69ef0f2
09d60acf
ba0205e9
430318d7
1fe3dbf3
e71f0bf9
25f8d3f1
0cace627
203bcfe6
eeeeec05
152ef9fe
0c10c0e9
25e81fef
cc4fd1bc
1aeccce5
1d3cbf06
fa301210
1bbd1853
e20bfa0d
f215101c
fb100228
0eed2aea
eafeece1
eae80d12
0114fe08
edfe0e17
14e20007
2c85eae4
18640117
19df17ae
35f70e4f
e6023cf7
c6c8e5a2
0f03321e
07411beb
b31ef70d
231f1904
e134ed10
37fcd113
cbf4cf15
f232c0de
37d70be6
01faebab
e21ff3fe
1f0909f7
1b22c917
f23917cb
eb380fcc
0616fe04
dc1657e8
e514144c
1625040e
0527f60c
bcd21420
13b9eb37
28f8133b
17e0e812
a5c7f1fa
2615cacb
ee021b8c
2cceec52
42f0fb03
3af62ced
e54d23d1
17c0e3d5
320815fa
da1b0eea
24e6e98e
f0fed508
1fe50cd3
eef2d7e2
2ae0d316
0f19ecfb
27f4e8dc
f0eaecf9
eb24d323
24e419d2
f2fef6de
f619f942
ddfeeb0c
11ecf815
05133bf6
ea01e044
02ca1845
f3e7cadf
c0e03235
fc0c31ff
0ce3e028
08ef36ba
b4fced48
cd19ffeb
d80925b9
cdfee7d1
fdd6f5b9
36015de0
f3efd5ed
1238ecd1
220cedf4
12051710
620ded25
da0a1721
ff1100e4
0717ede2
220c0af6
df2423fc
1fefda15
18100612
310f0a22
fc30f5f7
d60cce03
21fff1b2
fdf0ef13
f708df62
25e062ce
eef1f5e5
ca0ae350
f91a42e4
201938fe
190411e8
e30af7db
e6e618e5
19ed131c
0f11e136
2f031420
fd1197be
e9b81aeb
2adfad5c
3be6ec12
1a341717
d5e4fdcc
eaee22d9
151c4fed
0de4f9e6
d0120d02
d9fb20f9
e800c72c
fe09b8f6
f50e16fe
e4feec10
e60fefdd
eeb9fcc9
f4f0d325
ca2c41bb
1141fa20
012e141d
ea140c0b
1fd101d5
0cf7e45f
c7def4f8
0ef90819
e82e22d1
01fef7ec
deeaf8ae
1f3719fb
e6f905e5
0ace33c9
efd3e705
d5a5c639
fd01c7f1
ff56ddff
340cf0e8
12fde2d2
cfddfc19
333007d4
dbd1240c
d8f81808
dc26f8fd
fded082a
d90df8e5
2c0e12ef
25ff14c1
eb17e406
feeab5e5
011d3528
0b17d9e4
0ad26428
ede813e8
d105d124
c40827d4
ec1cfa3d
00daeaf3
f2144ede
eef837df
1e8c0007
e6de08e5
de17c502
32e5f416
0241f9f9
0b190813
e2ff16a7
efd630f7
e7072622
038aea07
12e32e21
1142d426
e78814b4
edc511ff
3702e0bd
fbf515f9
fdccf9d8
55f5c611
04fc18c1
f5f80841
32a9bbf5
b82c28f1
10f1d90e
350f14f6
25ffe902
100413e2
bb0c2102
08060df5
b726da44
2a1bf115
4faf2bfe
d7ffd1eb
f2025bf6
dccf1e33
d009e3ca
0bfee233
02f5d7e3
e020f1f7
d7242b0c
21ec1bd4
f34fe420
0707eb28
0ffe082c
df2516df
1fc0f7d2
22aac204
e90df9d9
eaee662a
3fe6c01e
e60d14bc
0ffdfbbb
d3f2e22d
2dcc1a0b
17ff10e4
ee030ff0
f9f63325
2707c3f9
f4cef4e6
01e2d6d9
ead4192c
181df2f2
01db04a9
d9ddfe31
e3021721
f4181dc9
01081dc2
f5fef2f0
d3fb1651
ff3e38e3
d4f71013
05197ff4
f125e7d8
18f302f3
faeb1821
060b99c0
03dbfaf1
f40e113d
e33de331
3bc835bd
d700e811
ffc25c17
31f423e8
051c5806
3afcfc44
e8ebd321
1af5de0a
37ca0d17
04fef31d
e900fc13
0519fef7
f30cf2cf
0027e32c
2a10f030
1347effa
48c403d3
ebf7ee09
12ea330c
ba4912cf
e403faf0
27aef4f7
f950ed4e
befec1ed
ffd20807
f8f2f8e4
f7d50e25
f59712e2
c11ad805
220f06f2
1205ed64
f4f4d2fa
f8c51cd8
f004efeb
1c04ef29
eabe2ed9
cf031c40
f525e221
1a160027
fed3e9c3
b2d02004
c4fa1611
fde00146
00490def
ed1218be
18cd0712
be0202ff
0dd9f5d1
d43ddfd6
1febb637
d5dfd736
1b1a1eb4
fcf60458
fff310d3
07ac13d6
4a8bcd10
1c0addf9
c2e11809
f34c241f
1e144d18
07e61f02
f619fa48
db081e2a
0f414307
f91f15ee
a8f2d219
f2282b18
f33fccf7
ce03dc00
1cf4be1b
ef1504fb
f808f1c5
0222f223
e9fb0df5
ffdafcef
f132fd29
08080cb3
dbed14df
ff0ce32d
c40de7ed
01d6f6c3
2506317f
1ebf0e07
491af616
03053cca
2417cd12
ad020e36
20111c23
fe31ec24
f7efdd2f
be211315
150d22cb
f5e63e1c
d9ed3312
24f60531
0b1bd7db
d018342c
ebf6442f
30e42722
cae30be7
c8058d0b
0ae90a1e
d920d3fb
bee70bda
26def231
d5ef31fe
d92e0334
171c2035
48f7af13
0938cf07
f26221f4
0d3815fb
db0dc9f8
0acde7e2
1d0ed613
e101dfff
f8db4823
fa0af002
befefe1e
1a594006
02dc0df9
efea0bc9
eff4fc16
1a31ce89
eaffc6f8
0ddfe73d
22ef00bb
ec170de1
e3eef415
21e01e00
dc190701
e604f7ff
f8e2cae9
04ef26df
46a5d5dd
3b09f630
50190307
affdd5d0
13092827
efe91eda
14f830fd
2502e11b
f1160de2
0e29f7f1
d1d905fb
38cd2627
21f7e528
fbebf4e5
fedbf6fd
05fc39bc
fdd005f9
1b1634f6
ef0edf36
e61ae305
d8fae305
fa00e7f7
f517b5d3
0e24e745
fa1ae7bd
2a21202a
18eeea0a
e6d616e5
f8dfaffc
091f1141
3cdc4326
45f8f5e9
d621f259
1902e30a
c93f1b1b
30ecb6e7
02fcd73c
09cbfd1e
d9e4f7e8
cff2249b
06ff0115
1de33f27
fcf4e4bf
e9dab8f3
f1cdfdef
ebf0d5cb
34e5f23f
144ff50f
171313e3
ee222bf8
0b0734fb
e3f01737
070e33d6
07e60ee1
3b0bf7fc
f8cfe8fe
ac2be639
5226e512
eee30763
e9130fe3
07081111
0bd618f8
bc0ee6f4
e2effc05
10902e09
0d183e17
05f2e30b
f50becf0
fb1d181c
f2f60912
ce13cbec
1eedf8f7
ade2c0fe
bf0aeffa
1b380d2b
f5dc12ad
f6e62937
07e4390a
e9fdf400
29eb36d5
5501e5fe
a3460106
f9a2faca
f01424d0
25f0f8f2
dc1dba22
1428ebda
e108e7f4
19190048
1470dafd
3008fc04
0a28ed02
f2e1fa4a
d2aa15d0
e71ceeeb
1c02e11f
b928f258
c9d82dab
9b1ff02b
0ef00df1
05d3acf8
ec0cd519
1b011019
fcd90ed4
b3ea5444
38fe6804
e6cffa09
82ef0ae6
beb6f511
30f4f22a
3efe28cc
7f1cc856
0bd024c4
d2dbf2f2
d516f8d7
36fe42fc
3ee1dff3
0400dd07
d80df0e5
0bf817a3
3328ed25
1c37ef00
0a18073b
1932e4c3
f3001c1c
dc461b07
cc0a08e0
f73af7cd
de2b0b3d
c5fd1a0d
b210cc20
65c78c4f
a80ef21e
ebffddc6
37c9e09e
d7def4b5
1ff8ffca
cc01f0dd
06cfdac1
cf0c4f17
07061c20
00e71625
f72c1efb
1fe6f828
132dd24a
05f3f0f3
e0b2010b
0ce8f9f8
191bdced
de9308d6
eb010f32
022b3dc4
ffff8111
e3127f22
10dcdcdf
cf11b4a8
b826edf4
2dd1eaf8
3311cb11
36ff040e
ebe910f1
f9200208
f3101403
12efc90d
cde11212
082508fd
fdfff4de
0fed1be6
3c330a1c
0e25f613
1bf3feb7
e8ff2019
36300d1b
dd0de8c9
190f24b7
f7d7dc11
1422e306
b31be9e1
05ff1c09
2fd41c15
1d04bf15
1e23ea78
d3d618ff
0c1cf006
00950d0b
16fe0404
fd062d3e
f714d6fd
cdd0cbf3
372f1111
3205d418
a2149843
ecdd21d0
31d6e61b
39fe121c
fee9eff5
eafed2f2
080ef501
39e600f1
e419ec24
e9ed18c6
40034628
217fe212
be0c4392
ae5c40fc
e907e847
271f5542
fc0cf623
1e8de8f0
3abff512
fb082b0c
1ff95bca
1c1c0ffa
1620bc14
f1ec1df8
d4ed0af8
2c561e36
ee26ddef
15bbded4
0710c8da
e7120d16
1a41d9d7
050e2232
eff5ea3e
32de13d0
15050631
e2241007
1bfef2e1
d114030c
0ffef715
24efe604
0817050f
dc34d664
cd1406e7
1c1ff90d
0118e240
d73d37fa
fafd2734
a516d122
032b0203
b116f6c2
f01435d8
e307fd43
d81d2af8
cfd804ee
12f0a324
1a25efd0
defaf525
f905f958
f0f6c8d8
f5f72cfa
e9e50725
36e4f826
2d11eb03
def35034
03f6f702
e71a1ef1
f9b7fa1e
36d11802
0ce01b37
f00b1ecc
f8f143e1
24efd4f6
230a2f0a
e506e91b
14f405f1
e9f1f7fe
fcf9ea38
f2d4ec04
f52302ff
00fc27fc
f3fdfefa
0febeed0
f0bb2021
b3ae0a03
093215ae
f9234429
fecdf612
e210d028
18edf8f0
f9fafaf7
ff0902ff
05f50407
fe0202fa
fffffaff
02f7fdf7
05fffefd
0308fd06
ef52ec28
1325fbd5
04e8ed30
f221f0b5
ef1cfd21
1312ff02
ca1d05e7
0dd3e5f4
00cd1c14
92faf9e7
ff04f007
1dde1524
021715d0
e33543dd
f5ec06f6
de0af3bf
0e1203bb
c8faefdc
d301f5ed
190002dd
20000ff8
e2f9ed27
a6f7ff05
fa0516cf
dc2617c5
f60efe01
fc09d610
fb051c0e
0101e9f4
0ae237fb
3bfe251c
e916eafb
40ad00a5
d0f61112
1e21e5b6
4f27e423
0be7d3b7
f50bc8e3
0c1af2d7
ca37f3cf
05ede0e3
0bf9efe2
eff11a15
fde7f7f1
f621f403
f9dc11f8
37eefcd9
f209f9ec
f335f048
371bed3c
0bc315d6
dbddeae1
2bdd075c
e512e424
dceff825
4ce7f6f8
cb3d0618
2bd017dc
eed1f338
f8f61c29
df1a1518
3b2aee17
0bfc25d9
0ffbd706
27d647b7
47313c18
0c02d61a
bf0704f7
2036ef06
f31af5fc
ef0be0cf
501d1327
290cfcdb
0e31f2e6
f428f5e8
1a0531d3
0dd9b92f
eefbe50f
f10b51c8
3410f8d4
d6efb9da
16f52bdb
dee9ff55
f30f1cef
fcdaffed
ec0dfeed
04040e50
dfd20a10
05ef062f
e6daeaf1
0026efff
e8e93dfa
17311117
1bcc272f
fafe3346
08f0fbfe
b642fde8
eb16e503
f300d1e5
1119e7c8
fae21614
fdc6e210
0b132548
e63303d8
50d11dd3
10fbe833
ec3d650a
500260fe
e8db1317
e4ef15f7
0fd1fb03
b948f3c8
e5af0048
f6ed1dfc
1b07dc13
c1fc17c1
01030211
1715102b
e014ed25
3d23f323
54f2f927
2f2be6f7
07cc2345
d80afbca
1ad53058
d104f522
bc13daeb
56d30426
e2ff03ea
fe1317ea
5f1b0501
ebddf6f1
3af943ee
f9f8e3eb
d907000c
1dfa0e5f
41bdb51c
c459ee10
00f6e05b
ca1d16d9
05027432
011032f0
ce161011
1cdb1b1a
f4de1aff
f038c2e6
09cef5f0
0631ddbf
08cd1e12
e705060e
af24ca04
f91014fc
c0b5c502
19d90cfd
26193ed6
053334c8
c5c8a724
f2b5021e
1516d83b
2130af23
46d6ecc6
aee30500
e53acfac
ff016531
e2dc141e
e3c619e4
04f723ee
cb0a0d33
f9a6dddf
f2f90529
60ea14df
d615d919
2b190af6
0e2079fc
cb082837
0dfd024f
0d000909
d7e0f7e4
ff010416
1cef12ff
081af1ff
ef0af312
0afbe1f0
fb240ada
f22ed8fc
08c61f16
292011aa
da0f140f
f605f203
21cd3d03
2dec06f1
0503fe29
f4ca41e4
f4cbe0b9
f4120049
cf1416f9
03e4ea2c
13cbf0dc
b324d220
130515d2
11d0f408
e1fc23f4
1edb10ed
f1c31ee3
226a0612
05e9ea18
22da1207
fce7050e
23ee1613
fbd8e0f4
0ef91fcc
e6f3dd10
451cf207
3247140a
d7f43be5
e9f8e803
0636c2fb
03072038
f1302488
0a286215
cefe270b
cea322ed
281cea11
ed0d0515
815ef6d6
0eeeff35
06021f0a
0311ec06
d91cf0b2
1cc3294a
0c0cf291
f7db0822
d3fceaca
27ec5a1e
e3062515
0b0f1c0d
81c441ed
ffa6ef27
01053028
db01f3fb
d81cded4
114721ca
fcfa3704
ec1e03fa
ef0decf7
2df8faf1
f02512be
bad70241
db1c09f8
10caf62c
091ec1e2
fc12040f
dd1728f0
0c421329
1cec201e
aee3edea
3447e042
fde305ca
07e55c2b
fafa131b
dee5f122
1ebf07fb
f0101602
fa24f7fe
2417f7f8
3921072e
0159df12
f301330b
d7f82b26
ffea1a18
0ae604da
ee0df32a
3519002a
0f1ef804
bc03edc8
4ceb230b
1419e94e
360be2e7
dbee500a
f6f904b4
edef165e
e5281a18
32fa0c1f
0214c11d
ea3b14dd
2fa2fec0
e828c1f6
0bfa0ecb
0ee11e99
20eb0ed1
cdfd0c44
060d330a
33e2ff17
ff1f32fb
f0f9af19
ece11fff
fa34e1dd
395bf75f
f0422002
4bc01408
fae5cd40
f2bbfd1e
f6bee3cb
2ffcf3ee
f81b12b2
08f70aed
e5d2fc0d
16d4b8de
ed17abfc
1a25d2e4
62d71f04
12d2f825
e2bae8d5
f51be5fc
41322ec2
fd07f75c
efbf05f8
f8b0eef5
de1d3937
1c21ff47
62540efc
0732ae13
023717dd
230f10f1
17a31d35
e9f1f12c
17f70e05
ef070e12
0a24eb43
11c402e1
eb51e6e4
affebe1a
f3eb1a05
db111cff
0e05f11a
ff061820
0000f00a
3fe80925
020af2d3
14290523
edf208ec
15eb17d9
fd112efe
03fd052c
ccecd11c
070e31f0
19d2c12b
ccf935e3
e2ab01db
f2e6f5d6
1f01c0de
0c0d0f0c
f315bcc4
e52bf022
0f29091e
1815e0f0
f6f417f0
32900511
2ee806fa
e3171811
e6ffbb26
19cb37f1
ddff0e4c
ebd6e130
d626d1d2
ea150b03
7fe4007f
be21d30f
d1cefc2a
eee632e6
bb28f41f
cd0723de
d4d2ddf4
df0925ee
36f1ede9
d1e6d43c
40dc09ed
ed02031a
fd0ef809
dc22ea16
e7b34029
0fddd5f8
ac250507
210d0f18
b501eff3
1cada5e1
33d7f251
e600c4ff
0a4c1e07
052f13e9
f0fa2bce
f8f7ec22
ecd753ed
054522f2
cf2fcf49
3df425cd
0be4e6f9
c0fde207
fdf481fb
fa3ffac1
e9de1ef4
e9ddb910
2bced3eb
f1fed8e9
20bbf429
0c0e25a3
020ae0fe
45fee61e
371c0e95
fed7dac8
41f1f05e
db0e3d2e
65c934fb
f85a2461
e91002fb
ebc01303
230fdd4e
ca3bfce7
1c24f709
f40efdcd
1ba6381f
beed0e31
d703e8e8
ffd6fc19
025de931
f61f9cd1
10120da8
0b1cfcf9
40da3910
03dd0422
96315606
00010b0e
ea50bd4f
d2d15cf7
2ac605ca
cbe72431
cb3a3309
f8e2e7fa
39f93a12
3de0e030
1e16ebed
5122f8f2
be1ad3fe
2110f6dd
0bfeecff
1d0fe11a
1b0effe9
13d5fdf6
3715e6fe
ffe865f1
de4aeb06
e50f0af3
a0d523ec
12fbe43c
f911d3fa
0432151e
18811acf
f4d0f837
ddd04503
fedb38ee
ffe22525
0fb828e2
06dfc724
01fcd4c6
20d3ff2b
fcfce0d7
2ce117cf
1c0e16fe
eef9fbee
0d0a0ef3
241705e7
cc1bd626
04216a34
f42d093a
1d1adc13
ef01f5d0
cae9ca20
240d0906
1d15ecfd
1c2bd3f5
f0e3ed42
a919fd10
4e2dccf1
af32eee7
f92a001a
29173214
15443eee
49d3e71f
6de0fdb0
fcd9e201
2cbf2204
e4052f1f
de2a2231
f10df313
f919c0ee
2606083c
0db6ff8f
01d81251
f544e6ca
f501bab3
f9f9b533
fe0a0618
22ded7d4
41149329
11ef2949
0036f23c
cb4e39ce
4ab4afa2
1af18316
f02af9cf
6a9a24c9
ece6f0db
fe2cff2b
09dcdab3
e9f80f04
e5f9050b
03e3d212
270709f3
f9fbf70f
bdf2003b
e12325e9
182807db
a2dc1109
4bf0441e
e3d5d8d0
2accedf6
0ae4e8b8
0cee0fe2
e70ad428
06f819ef
0de8e4f8
f0f71201
1b180ff9
ece7e323
eafcfa18
29f3191c
eebcedef
2ff409f7
e237f3f9
feeefbc8
fd67440a
21f015df
caee2804
c7dfffe4
2befc0bd
ec25262e
3601121f
f606f5fa
ed0a1a1e
4aad0a04
0c071500
63ea11f2
de442035
0f1626f1
d9faf839
1302f2e8
f5f7ebfa
0d4a07ca
dceb0f72
e2ebecf6
17230c33
c4e3ce01
f9f51a11
0a0cf10b
0035140a
20c40e14
da0f0349
064e06e8
15efe84c
ed20ca06
2b2518eb
4619232a
141849fd
f7ce1e3d
84135106
cc0d2909
ecf6061b
03e21220
004bfd0a
e41add02
da2be417
f4291d10
11fd0304
2918fe06
e2ea07c6
07e91b04
d332d61f
feb6f216
d90c2007
f0fdbf42
e9ececfc
080dcddd
adee1fb8
f899eada
cc29f208
48252ce0
1bf4acd5
190cec2c
effe0cd3
f5ea0a40
210408ff
ee070a17
132e0033
ca0b2fe7
fbbd02fe
e6ee0507
e31ce51d
e03209f2
3ff8d91d
0dddf901
07dfd91f
2f01f224
014b220c
ff0b36e4
d5e9ba25
f1e613fe
0bf41304
67370606
e46d4625
0003d2f8
d5fe2cf3
35ca16dc
1102c702
93dc0b1b
04f31af2
2511161b
fcf92bfc
10c5f90b
13c8c423
0d4be3d9
0cc5d4dd
1ad001e1
5aaac519
f1f712f0
24f4e434
e80b2cd3
ec3a340a
0ade0b06
1c0928f8
e920d045
e8f106f0
28d101f1
220af0d7
d6f0e015
c81e0911
16f708fe
f002eb00
001be01b
1ee7ef2c
06f3fa0a
1acedcf6
f111eaf8
0424fd18
3ef1f31f
e51630fc
f111fdef
0dd4060a
d0021ce9
bc2485d3
29f22cd2
fef8d4e7
e6ae131d
1eed1d23
fa1f04cd
35d900ac
0d04bff4
0d3e030f
563bd6c2
d6062b17
0428fed4
e91bd4f1
a4140ae6
1b432c1b
0a29fed8
11e02516
de162815
142a2112
e4f6e6d4
f82b0ad3
15f9191c
1dfef4c4
3b07d4f3
43b331cd
ef12f0f5
4dec0efe
001f20bb
100b23e4
c82ada59
f51cf0f1
3c3bcb28
48dd2f3f
16d50c19
1af22716
2ee10fe0
04ede632
3c122a0e
2097fabd
2bfce7f4
382c09fc
2fd70106
0a2b2411
ec05bd27
b3fabecb
10fb23c5
00f12204
fb271115
1b16ee00
eafefa0b
dfec0bfa
072b12e0
1f081110
1616cdfd
31cf0f11
c0201b07
f3e1fcd1
0a160bef
df1e00d5
f2f1cf2d
f40dd3db
ce280533
01fe01f0
ff0804f4
0e0101f5
f6f9f2fd
0c0b1f03
f80afef5
fc020408
05010a15
e54cfa03
4bf20105
48f7f30b
e4e723fb
f4fd51fe
ef25cd20
d6012746
1e0c2919
f0f8ef29
1d622d15
ed39de34
e100cdb4
25f1f11c
cef4e50a
0808dadf
1416d2f6
05eab1f6
e114ceda
dc0629fb
56fbc1fb
fd391104
04cb1bc3
f6f60b0f
efe4e3be
ac252e38
fffeeb0b
0f1e1df7
00b8d821
eb09ce00
310eabf8
0bdfd9da
f50b01f2
e21cd179
f0012a3a
151432a6
c9fc1917
fe000e0a
eb2843fd
e0091ef6
fcebc249
f719e737
151a1c49
f70c1281
08fbe6e5
da15391b
a9e60606
0cfed642
112115f2
2550e513
0f26d5ea
2cd0cc3e
fd02070b
5200e4ff
1b492725
e0fe25fb
38f3f9d7
c6180730
3e380526
d71e171e
fcf3b8fd
d2450e0d
18195efd
2bd5fe1b
dbdef105
e0fa16f8
0efa1cde
e1130000
fbf02523
def4f214
eb360efe
16e80148
fce50aec
ea303133
fb32fb2d
2d3f3011
210ee904
feec10f9
444ffcd0
0ffa2529
e900fe28
13011621
e40bfcf8
f8fceaf9
3a44f201
5330bc81
fd11eb13
426e070c
000625ba
fe1cea0f
e2d2f7cf
b310cc16
1be3f526
0ff00225
07b802ca
cde7e72c
f60716e9
1b0f54d5
1bafecff
f83dfbaf
130826e6
f9140ffa
0b01f73e
49ec1fe7
c2ee03e9
0602f651
f5f5cff3
0c1a0df4
f60cfd41
25c238f5
fd19f70b
bf163d40
eee7230d
f5c2f99c
e1c7f9e9
27e2f90c
041b07ed
f70ec9dd
1d2c1e0e
d709bff8
12020a37
34d7e1e6
0ec0270a
1d2cf314
f411d2d3
c1c903ff
e3d210ca
52f7e321
e71af731
dde6ea18
23fc1df6
efe1f1c6
00f0cacc
ffefd6f0
f72715d0
20b90a04
cfe9f527
27c8033e
31e6d42b
3bc603f2
b8fdfb4e
472a2b34
0de74e3a
b613d6ed
2403ec2e
0f081bb4
eae80210
2ff5e5db
b817cef1
23f51311
0a00f712
bf2fe712
071bf2e5
