c3f6f030
09e9fe00
e6340e1c
ece112e1
dcd3070d
cfec1015
f303e9f9
f2f1070e
0405fd00
1206e90d
1c1f06ff
03ddf8fd
06d604fb
edeb25fa
06f22407
fcf20e05
06f60426
ff0528e3
0d20e5fd
09210efb
e7f624ff
fce1c515
01e8fc01
04114004
0b01f813
4fd1f501
f4f20233
f1eafff5
09fee5fb
2b4afc09
05040308
04f01b05
fdf8fefe
d5d312d2
0230f0e7
0c43fefe
10dd18ff
00c9d80c
01f64002
0a0022f0
01fb060c
dbf61204
cbf2f7e3
12eafd19
f8c305f6
01e71d0a
0ade302d
e5f3eaf7
12060bf0
ffeef4fe
d2ece7cb
fa1bf602
1bf122df
09eeca07
20e0d219
eb3a1702
08ed0f12
1802e807
fdf70c21
ec1a0115
0bdefa04
e1d50a0b
fcfed202
e90510fa
fc1602fa
d33509fc
fae10531
fc0cf600
0bd0f0f7
f3efe805
09f5f0fc
14293403
101bec01
2b18eb03
13a2033a
fcf314de
e5fcf20c
fee5f201
f5eac200
fe141cf2
c1fbf9ff
cee50d22
0be2e31c
061b0a06
050a11fe
0df31ff4
020300f2
0efdcb0b
1900fefb
c62406e6
e514fddc
0abdfb04
01ca0200
300fe903
0103e204
14074109
0eeefa0f
ebfe1cd4
11f4e915
fa35fc16
f4eabdf5
10e30c09
0b08dff9
fff5da02
f91204f3
f7ef0b40
13021706
0007ee17
f9fcf5fe
15f11efc
01f407fc
071cfc15
f1f4f9ff
d8e2ee08
0405fcf9
1229fa23
fe12f5ff
ff12f1f6
010619ef
f3ebfd09
c5ed10f6
f923e80c
1352fdee
d7e700f1
1d08df00
102919fa
00150c03
fa1025f8
dcfdfdf1
1c0fecef
f900462a
fe3ff8fe
03083703
15e920ff
fdd30103
e9f206f0
00f1f71c
fc341113
fcef1046
04e2faff
0afb1301
0bfd1101
fe00c20c
fe11eff1
7111e300
6704e1d3
14e61018
20d004d6
f3647be9
57e4d618
18c134f8
e4217f12
ec1110e5
fa2df2f1
08fde2fe
ea350b0d
f2de07ff
42344bf5
01e6d901
e7e2c004
fe03071e
fe130513
28e0db0e
f4ea1c01
fcd0ee02
fef3d3ff
fef4f9ed
0d0ef603
fd0f0115
f8b9f712
1ceadc0c
dbf5fff8
f12ffa0a
f51715fa
f71de903
1ef7ec12
e1fbf202
2a071e08
0eed1f13
f6070910
ffe0f8fe
f7efe101
01f60ef1
0af40afd
fdf805f9
10e114fb
102b201f
07f60300
020ff405
032a1a03
fc0902f6
fee812f7
f5f2fa02
060eef16
eae6f609
f529f8f7
f4050b03
220119e4
fde0f8e3
0a02f21a
f50ffdff
12d8fa0c
fff1f113
f3de0b00
0c470b03
3629c1eb
fdeafdf5
f70a2c09
f30d0403
fdd8e50a
16333701
2400f6fc
fc1bf403
edd3af01
fd1640fb
faf52e0d
f80902ea
2509f5ce
2cf8d8fa
f8ec11f8
ef310afd
f511d70d
0312f9f1
0812d7eb
0421fee8
df3becf5
f6c8f80e
031800fd
fff1f5ff
12f5580d
00060fff
05fd20ea
f2070bfd
f1310720
2c39fb1e
0a1bfdf7
0dc8e7f1
cef701fe
0f2d0ef7
0805f7ff
f4f0ffda
ff30ecf5
000efc33
e2f80411
fd06fe0a
1bfbed04
f6f40805
0afc2406
0d1a06d6
11e9f4c6
bbc901df
fefd0efe
fc18fc03
083ae6f5
feddd9ff
0ae61203
091d0824
1ec4ea03
ec30edcb
f6f9fa0a
f2f70ffd
f303d808
0202e101
d624f90d
fefc0404
04fefdf7
040411fb
051301fc
f5050103
07f72606
fdf204ff
0405e602
1bf706fb
283cf1e1
04c0fe20
eff609fb
fde1f9fa
f0e2b6fa
06f70620
04e2fbed
f3f7fd1c
04e3f9d4
e206dbf9
0dd911fe
fcec2409
2317e510
f8dceaf9
04182d06
001bf802
ffe90639
fbe20611
00a8fa0b
10d6d2f1
e61cebfb
0e2a2be8
010ee708
dd050a0f
dccfef38
ffdf19eb
fde4ff13
05043e0b
02c3ccfd
f507fbfc
1509fd01
1204fe08
f6b601fc
eb0edc10
0de80302
f804db06
1b37eded
fa20c416
ee0de404
1e05fd10
0bce1c0d
f2e8ed0b
f3c5ff12
00481cfb
34bffef9
050004f5
effff500
dbe1f428
481ef820
0a1ce3f8
eff902fc
19f4ddfc
16da4cfe
0411e307
ee1201fa
f407fe17
015efeda
1900fd01
ea2dfe17
12e72f06
35d9d401
fad094f5
ee1838fa
bb050009
fc371c06
00250ef3
fae00300
0917ef01
11f6cc05
ff13ee06
f5f7c20e
f60003f1
1ffc0104
07ef2af1
ffef04f2
f4312e02
0609d70e
fef8eff5
fa051c05
09fefd1a
0d08f0f4
1a0f0730
e9f8edf3
f9f700fc
04f7ffe8
041335ea
0402e6fb
fb2a1128
11e516e9
fead03fd
d805f50c
f81245f4
fc20f721
0be8f7f2
0b2309fc
051001db
e70ffbf1
001d1a07
f5210d01
f10e1b09
fc0315f8
f7fc0f0c
0cf600fc
1228ff00
ecccf7eb
2dfb2dff
263502eb
ff13e212
f5fd03f5
ee17eff4
0b03ddfa
04fa04e6
f09ad826
e20c02df
02d6fefb
fd352905
292304fc
fbef000d
0cfabf05
cdf305e9
f903fcfe
e8ff12ff
de15f7f5
f7dd0ffb
04fd2bf8
05f1c202
f3f95fee
fb020415
32c9fcfc
fcc21c0c
042af4ef
f5e126fa
0ee42306
06eb0408
08e90cfe
2cf10b6c
23affee5
fdd7f5d4
f9f3e9f3
0be855f5
570f18fd
0be1ffef
c90412ee
04df0c27
fb6b0f14
de3503e6
0abf0cfd
fdf2110b
11c3dbf7
f5dfc816
030c1d03
07e8050b
022b1310
fb3512b8
fa13fee7
02d136fe
080a3907
022223f3
0bffdff6
f50ff522
f6e1020c
eceb0006
07ffffff
07dcf3fa
e4e4e108
06f2310e
f8081005
fa010909
de380c1e
0d090e0e
f2d1f2fe
2c23e8f7
fb1b06fb
0af51b0a
15110eff
ea0bf51a
1cfa1cef
e4f218e3
e7f617ed
fed13c05
24fa0300
fbf6e1f7
ea0df2f4
02f813ee
cd24f019
07da23e8
16d0f013
0450dafe
e119c2f6
01fbfe00
071bfef3
290afa2e
2444e7c7
0ce933eb
0306070b
15ff19f9
1acade0d
06feeb0d
f117e1f9
400400e8
f50ff9f1
d72acf24
022d0a1d
e425eb00
d8495306
00fe26f7
0ee42304
ff1605f4
2fc9f3fe
13d3dee5
f8ec0be1
06d83007
0e38fe04
f9e7141d
ff159af1
1507fb01
fde1f0cf
1ed8faf8
11220607
04002106
eed7110a
faf723f3
fae711fd
01ec010c
16cefd0f
3d3fd4ed
f728f5f3
1dd4f6ff
01e04101
0122d501
f31be3f4
f90308c0
1acd11ee
f4cfd8f3
f9e7f605
0e052cf7
e2153606
090a3dfe
feef08f3
3f000a25
e508fa0c
2333ddce
0cc1fdfc
f8f10205
050bd208
fb0a1617
0613d9f9
f6f703f8
e7d7020e
08bbead7
26e50700
fe2b1df9
ebd91ae8
070edafa
f000fbf9
ed0efafc
c717ed24
0adaf7fd
fbd1f5ff
f737ebfb
bce8d913
05fa10fa
08f3f5f4
ddfd0c05
f2f41305
e73febf7
0d0bfe10
13ec00fc
f9121007
051ffaf7
070af803
f205ffe4
ec2ef8f6
0f01ea15
eddb0c25
f6ea1606
12e2ea0b
faf501ed
0503f802
3bedfdf1
17f00b02
e4defee5
f559fbfb
fbc74303
18eeef04
fd0737f9
ee1432f7
e8080300
1fe8c6ee
03e5deed
f897ebfe
fff72e09
07f70503
f7efb903
ea05da0f
2809edfd
4adbf8f3
0b40fa10
0af310f6
f509e005
feabcdf0
fb1dca11
ff302700
10ee00c4
060cf0c9
bfd2030e
162608f9
edfbec06
12eeee02
fae540ff
faf2d2f3
dbf776ab
b0dffe7f
97357fb6
a381b22d
0ad807d2
74d654be
2ded3bc9
d5b030e0
ef1209fb
ecfbf3f6
e90deede
182ffb07
f8120207
201aa603
f9f60603
fd010a13
021c01fa
21f71005
070fdcf9
db0c19ed
fd1d0e03
2125ba08
fdd809fb
0dee0a04
eee61a11
f1b1d736
fc0bdff2
0de6feed
14eb2efd
ed1be20d
0314dd18
f5002ef8
091302c5
03062feb
1fe50b00
f0390012
ffec17fd
e5c716fe
03fc4415
16eff104
0af5ffeb
27e2f617
1f1e0627
03e8fa07
f512e605
1215b6e7
fc0612eb
f60620fa
fc0af3f9
e5f6d72a
16e1f50b
0e04f718
12ecc6fc
f62a18fb
05162b01
080cde08
21ee02f8
f667f5fd
0ed2e904
e21807ed
05120005
feb8e409
fb1af007
fd061207
f90cee15
f8f5e7f7
1323eada
07af0e16
0f1802f3
c0d93c10
0d16010c
fd18ed05
d2fcf607
f60006fb
09f6cff0
0323f607
0ff0f4f5
ffea570c
0b132e15
05e30708
f5f3f4fe
26f7e026
22fa0f19
f40204ed
e011eb01
d8f72fe3
ffe4fdf2
e11bd1f5
fdf1fd03
fc042cf1
11f1032d
ed2702fd
08d803fa
f1f0e002
06f5defd
f519fb00
f5f9ee2c
f9f8f8db
0eece4e6
fe3209e6
fd0c000e
11f0f602
f3cdca14
faeb50f1
e6011119
d23cf82b
cd3d0213
f3b6fd18
0400f009
df1104f5
f6e920fb
f5000df9
fbf9ff30
050b20fe
14073c37
fc5102f7
f02df402
11ebe812
fd00d6fc
09fa15ef
0008fcfa
07a8c4ef
deea1910
fdc918ef
0e100e04
e8131f0a
fb05b8f4
facbf7fe
c10b06ef
16290212
1c461d01
f6f2fd04
09dffdff
ef1f2bf9
01020df5
f9f4190b
1df100fe
ece4ec27
1445cfe1
ec13def5
ffe5d900
02f8ef08
001dce13
ef1f1912
0006f5ed
fb02ed0a
09edfbe3
13e30701
28e61806
e65613fa
fa18fd08
00f5da05
0501f50e
281ee52d
f93bc603
27f7ee0d
0f11f101
fdfb1f08
ff0b0f08
ed0d1013
db04fd0c
0be41720
fafeeef8
03d0fbec
0021e0fc
1422e700
0324c3f3
fe0be407
04f30309
ed01f659
13fcffe3
1ce2fb00
04fb9ef8
bc0f08f8
08053cf6
02e8a4fb
1203f1f5
44181af3
c7ecf4f2
0cf207f2
f90e0e03
48b80af8
fee0fcfc
0ddb03f5
0cedff0b
f6e8fbe9
0f510ff1
08c5f1fd
fadbf902
e810f716
feed2bfa
e3fc11f5
cadafc0d
033c13ff
f301d3ce
0121f70c
10e3ef00
e4ec1c10
01110dee
f2fb25fe
16130022
fe6107f0
04f5251f
0d1bfc02
1fe40efe
ecaa49ff
0228d4f3
0114edf9
2610fef1
cff5f416
f216cdee
2dc4f412
fc2d0b00
d9fbfefb
004a20e7
f5e8c6fa
1f110006
e1ed0de5
dd0ae8e0
f816f909
05ee3efa
f6151e15
0505f7ff
e4240806
f2fa012a
fa1eff1f
ff163d1c
f0f200fe
011ef6fa
f51321fe
06263008
1303f504
c2e402c3
5f28fef4
12f5c9f1
1538ecf9
1141060d
d7422a0b
f404c004
0b132b0a
0adffdf6
eb95d921
faedba21
ef16f9fe
080efd0b
ea4fe0f8
f50ef8e9
1dfa2406
f10307fe
150517f5
09f10805
00fd09f7
fcd7fe0a
043c06fa
f6182819
02eafa09
270002f8
d530cae2
d1f60ce6
ef3411ff
fee72b0d
dbf0fff3
f3071c16
090b04f9
1706fe17
fe4c20d5
1ff53c07
f0f118ff
01e7020a
260c05fb
f6e2ee0c
15080503
1ff6f711
083539e8
fe0e0339
d504fb01
06dd0afe
ebe524fd
020ef9f3
fffd08fe
f9f6f6d9
c3150af9
0b0a140e
26321ae8
2ec6d4f9
ef121922
0837eeff
1520f103
f300fa1f
080ffeeb
1d02f413
02e4f6f8
f6aff7fd
0d0d0204
0303100f
061c090f
13fa020a
04dcf8fe
e1cde01a
e5e300f9
0de232ff
efd5f603
0100ecf0
fbdcff01
fbf9f319
2921f91a
f0f5c205
e7ed090a
fbea0ff6
33e0db0e
0beffbf9
09fd0905
edfffdf3
d7cc2011
f3371f25
07b5f50c
06bdf505
e320e7fa
fbf10d04
f8f6f7f8
fc090505
de0a0924
37ff20ff
eec9f614
fb160bf9
0cf1d1fb
0722f0f9
071812ff
f9ef0814
c406ee16
1436fb0a
f50af8f8
13d90c02
06f039ef
fe2c15f7
fa13f7f4
1e1bf3f3
e81ae9db
36e9fdfe
f4fbf8ff
ec0a04ff
0ef1040a
0110e003
10fef30a
f8ef02fb
38bc1bdd
d600ca1f
fdf90d02
ef03fe02
30c8d3ff
fee51cf2
f0eeedee
f60610ed
dadeda20
f5e00d1d
e5e6fd07
fd2f14f5
091806f8
0a22ea09
f2f7dd04
15f5fa07
190a2cd5
fb390a3c
ecf70206
f0f5edfd
0a22faf0
03e5f009
05fef90e
e5ed051b
e745f202
18ecd012
1e39f819
ea00d306
f3121b05
f9e52609
faf0f5f5
05f91207
e1e813e9
0efa2809
f40406f2
0c02eaf8
d2082cf7
080c3709
e80fbb01
1b15fff5
04290df4
db32ece3
060e0c00
110de105
e3289ffb
fce72c0c
04fd0600
08edf216
371af5fd
0fef2a14
fc4102ea
0618070a
e025edf8
f605e40a
f705ebf8
f813fa2a
d71120c4
ecf7ef0f
eb1f090b
12d4faff
09d329e9
012e2005
fbdd2df9
e0270013
edcddc02
fc02090a
14240603
0118e7f6
012b0812
09f4e900
fbddee15
0109ff1e
ff1af2f8
06f31e39
03170204
fae8eafa
1c21e4f0
061219ed
f6f50e0f
3610fdf6
d2b02d2f
ce08c4d0
ee26e707
ddb844e9
28e5f7fd
193ea724
0ee9f123
fb0a020e
24f8ef17
efdd1c25
033e0afc
20f5cc09
f0ea0afe
f6e7fa26
211ff5f8
bc160138
0e0c0c26
05fd39f6
16040402
150159fc
280c2d0a
04e1f60c
d9f01f0d
dc050bf7
11daf901
e5ed1628
03eb0007
e2e2fcff
090ee0f3
01eeedef
f9d9f5ff
f60701f0
e4dfe6e2
f1fe08e8
0e2204fc
fb16cc08
ef1b16ff
f8f1f502
0a14f415
1a00ebfb
0c0cfef2
fbe51139
110b0504
07092502
2f221103
fee408ee
f61110fc
3110f1f7
29fce315
fcce131b
e5100916
fd1b1bfc
d0270b03
04f91a05
0ed32f0e
efda120a
095b0a2a
0cd51325
0513050b
09e8db07
17a81110
f900c6f7
f9eef8f2
17e309fa
db101319
0a24140f
11f0f902
08fbe300
0f4c0907
00f73de6
0d1621f7
1e05f60d
fb0705e4
05f60af0
fe3002fe
fadbeefa
e8d5fc01
0602b3fd
00e721e6
1dee04f3
e4fa0d03
d9e9ef07
043013fa
f2e7f605
1ffdce10
faf86103
f0dad9fd
071700ed
0dfae2f7
dee11303
06e40af5
f5f2edfc
fa16d0f7
04fc39fc
09edfd10
f6f2f9e7
0a19e2ec
0ed0d60b
0fc90300
0deaf709
15000c11
f7fbe401
0df5fb03
eb010611
040206f6
011234f4
0a38fb13
0bc10bfe
f5ed3f11
02e8b609
0eff3f00
01030bfd
0d08e8ef
e4dcc6fd
ed09f0fe
01bff6f9
f20bc4fc
07d53019
f125021a
f60efb13
16ff12fa
0e25f9f2
19b1fdef
f3da0700
f1023502
00e9f315
f30c270b
fb080de5
e5d50b1b
0822ebd9
03dd02fb
fe042503
2afa3605
fe082af6
fde9e105
f7f9e7ea
f35607df
fefdeebf
0c0310fd
f7143805
ad05bf0d
fbe30b13
f4071ef7
2b160b02
e8ff23f7
0308df1b
ef3210ea
f2bff9fb
0dea0c01
04ee41f0
f117e8f5
df17fc21
02e4fb18
35f9f502
e413f903
0ac20002
f70f441e
fe24ee05
17fdd608
f6050e17
f90c0a10
031c021a
084d06fa
09c7e906
da011202
fa08e3ff
ef17ff02
ef0f0819
d609ea05
0cf8f0ce
0caffcff
fbf3fafe
ce3509fa
02daf6fa
f3ce12fd
0dfcf73a
1c410c27
f7f0f215
ec1af801
ea38b404
212005ed
fd043aff
f9f5f3fd
2308ff24
1a13fbe8
0c040ed3
05030c14
03f6e203
f9f30816
fd11dc04
1c191401
2809f3f9
f5afec0d
0cc30e09
03f7f7fc
05320df4
c1d30801
0c13c00b
111e1e00
ef06fc0e
053004ec
0b2aeb26
f823fe05
05cdb6fd
1955f719
04e9fa06
0e1b30fe
16f4f8fb
edfd1bee
de1b1228
fa5dfffa
f2f2d7ff
cc0c560d
010ec9fb
0019e9f3
f4d40e81
d0f7e8af
ecdbabc8
28210923
fb21f613
f20fcf03
edd64aeb
1b0134f3
e8f6f01b
f7fc1405
30f11601
fe0e01f1
01150e06
e1f423fe
fa22130b
0a15b109
37fa020b
e4e4f5ec
e3f302e6
0de20bf8
e5200d03
0ff5d1e8
fd20efe9
fb02defd
00f90913
04f613ee
1236d11c
03db0bff
0ffad504
f6e3d4f7
fc04b8fd
fc14f90b
1afcf7e7
fc250405
13e919fb
06071214
f8fb1202
fd0ad802
fdf70516
f1e72000
e20300cd
d7fa37f3
1ce4d607
0b1d130c
fd2a14fa
03cf460b
06dfe5ec
01ece904
d2fe0820
def20222
05fc2be8
f4ebf416
ec0c35f8
ff22130e
08fb3907
081501f7
0b00f803
e00b0314
021fd1ea
02160b0b
06e2d2f9
0cd502fa
070ee905
e003e715
14f60afb
d9d4ed22
36df1715
04b3000e
fdd4e3fc
0d2ec300
04ec14e4
f000b100
fcf20321
f00809fa
0cf8e9f1
10cb04f1
16f8effc
04021905
04ffebfb
f8fb16f8
defc0ce5
f6b1f032
0811e947
f49805d2
42d6c9f9
d8472503
070ee40c
15eeebe6
0ee7ffec
1941fec7
10e63ad6
fef40607
f52210ff
20fac9f1
01011714
fe0b4ff6
1319fd14
2212ed09
f92df50d
fbf903fc
0beaee06
130b0bff
fb20ce13
f6013313
e90ef512
211e071b
0fe5eff7
03cf0200
fbc9d303
0df14117
fe190af9
0effc107
f425fefe
1831d904
e211d226
07ea0504
11dcf401
271bfeea
ffeed508
ef16dd0f
eeeffce6
ca16effb
1325e81e
fd00060c
042200f9
040ed30b
07f5cd14
0102370a
0500fa05
e5d10a11
e515e0f4
01090a09
fce23ffb
f2f2ffff
052273fe
fb04efff
f10b0e1b
e0050505
2124f51f
f7ec0403
0d2cf1ff
e21846f9
01f71601
0707ca0e
7f81b529
7c06818b
7d7fa646
624c7f81
81bc7c34
b5eb251f
cb810f7f
fd7f6a37
fc08001b
eeb8e809
e9f7fa07
0c22fb13
05f2fcfc
09192613
03ea3bf6
f405fc05
cc0204d0
f41c3021
fbee20e1
08d2020c
0c2afcfd
fd0163ea
0319e7ec
fbfdd10d
5d47b791
07d6db3b
8153d377
4a04160d
6efa227f
2a7f7d29
8112a2b9
7f25df81
e204f913
0921160d
f9072207
01ccf5f5
1af3ecfb
f7234302
0610b213
f9180c02
fa05132a
1ef7f72c
fa2d2ffa
f7f113fd
f1b7e606
151e48ff
faf9c613
f813f4f8
2c19f3e6
18cc0fce
0ae21e57
ff0300f7
fc3126f9
001c81fd
0702f914
19dcfaf2
f301fdf4
eaccf2fb
17f9fef8
031b00fc
09f81904
0c16fff2
fcebd4f0
0c1be706
d6e8fe0f
1b1dd2f9
23cec527
07080313
040d570a
ebf3f1fa
f71addf9
13000a03
13f70d08
d90eef03
d2df3eff
22d6eef9
07e5d0f6
1bc80f14
0aee0108
f9f3ecf0
0d1600ec
17ec0b0f
1fda03f6
00f905ff
21d8e7fa
f92f28ea
060ae206
fa0aff0e
1b080c12
bfcaefff
f4f90ae5
f2260af5
f12516ff
1ac6080e
01cdff01
eced1c05
1606f1f8
27d0f0e3
d7130e18
ff08f8e8
eedc2304
c82ab9fa
fccd1ff9
f3e2c717
0d0c0ef1
2b270113
d6c1f603
fcf5f0ff
e13114f3
09fad6fd
0cd50a03
eadd0d06
f00d0308
b92c000d
15031be0
fae8f801
f4f002fe
141b310a
02fcd5fa
e6071bff
e01efde0
e840fad7
1210f9f4
022b0f0d
0ceacc06
07f5280c
faf3f511
18de33f4
05050d19
ea5430ed
f704fc09
fc07f9f0
1c171bf5
19ee16f2
0afae806
f314c300
07f705d1
094f04f0
04d40307
fbd7f9fd
f402efff
fb13db11
01c1db0e
0b03ebf7
0efd0403
dc070816
272ed8e7
fcacfbf5
fccfff06
da2ec2fc
fb0c22ff
0c0d2f0f
95d4ddd2
40c30949
f3df14b9
42fff0d8
1ad8ecf7
1df209c3
0b0300f5
14fe0701
32fa0009
eef31afc
1c3d162d
2bb402f1
ea0e04ff
f5f3cb0b
01040be0
1acb0af5
220600f0
dfe9e1f6
2019d4f5
0f01fa1a
0eddf305
e5022512
fb0c19f5
16032604
29fa10df
a12ce302
f043fbc1
1ed1f601
eb67f8f8
16ffcaf8
08000f06
fe124611
daf2fe0d
f8d1fd26
dcd4410b
f4ce01ee
13f3db04
d6ef1f16
fc09b70a
fef9f6f7
e610eb08
e6d0f6fc
1902f7ec
e92902fd
facc0b03
0000effc
fd08fd00
f81214f3
0a0907f0
04411700
d2ccec10
f03305f3
dc1529ff
1bd819f6
01f819fe
ebe7d8e8
1204070a
cdcefa0d
fc16fa1a
130df501
0e34fef8
d81503e8
0817f6fb
f8ee0317
17f50207
f83837f4
01fde30d
ebf50611
192d1703
091116f3
fd0ce411
100d0110
23f6f9fb
261917f3
cffe160b
11f3f403
f7630eff
07d5f211
01e0fc07
f70c18ff
2a0ef8d1
29cbf5e8
f2da2908
ef3afc03
fff32b02
041436ff
fee31e07
01ebfe03
da060709
dce1ee21
121302c8
fac1f3fe
020325f3
f5cbd5ed
0ef12308
04ef0a08
010808f6
24f2fef6
f2da1537
f9f1e905
06fc06fd
382804ec
03ed06f4
f5e50cfd
1be9fe04
44200512
fd0aef3c
ebf7f1d1
f02db80e
fcdc0e03
f2f3fc23
101d1e07
1c0efa13
1ff226dc
2602fcfb
e22d0105
e4d904fe
07d9ec0c
020707f8
ea06d704
01310cf6
1a70f90e
e0cd4c15
f4100eed
002fc8f8
e31ecd0d
08e9ea1a
fefbf8ef
02f2fccb
1ef4fc09
e9f4f5f6
03ed05f9
fb45d7fb
0df6ee07
05d7f5f5
eaefe301
15070524
ff19fd0d
fd0c1c09
00edeef5
050805f8
2ad400f7
08e9fef3
f2fcf9fd
1ae6efe4
0e0421da
ece6051d
fc23fe13
02d4fbfc
2b15190d
04e60a0b
fafe53f3
dc0bf704
f9f6f7fc
01e00df1
0114ed14
f3f60af1
4804f001
0f16daf2
e8ff0007
0e0bfaf0
1d061cf3
e3f24305
f73a07fb
fbd4fe00
32bb03f4
fff4e2fe
f8e202fe
18edfbe2
062bf1fa
1d0c2401
f8200d19
1a050808
02cd0a01
f8f807ee
0e1213f8
1305fedf
0cbd0ef4
f7141522
0a470703
10220203
cb2f23ff
fe030105
07f63100
d906f6e9
1f4a11e7
e8d61228
fb390bfc
04101f04
ebe7fbf6
fc1b1d02
110c35f6
1bf9f238
421c130b
efe640f0
fc17f9f1
df0a2b06
2c1de01b
fabdca0c
e41130f4
e0161cf1
f0be031d
120c1bf7
fd0af312
0b2ddcfb
e60afdf2
052b2616
1712dff7
dffcf418
04fef40c
d20d01ee
01d6fcff
dcc80603
fbd27b0b
fe0ef707
f1fcdbf7
ef0e000c
01ff19d9
10d7f0d8
01c5fcfc
fadd02f3
2eeaec00
0def4609
161506fd
09fcfb1a
051ae7e7
020dfbfe
03ed0904
ffd6fefc
071fedff
04eb14fd
fb080e0a
e30bfdec
fe0af6e6
e806c130
062dfe14
022dce01
f1d6e109
ff1ffe04
06e9e112
d210f9e9
08f2f71a
3301d7db
ffee12e2
fa1fe10b
e7ee4107
f507ee00
17080a00
efeb05d1
cdf4ef03
190ff5ce
eaeafb09
132efc06
f82112fe
fbeb21ff
f6e117ff
fe0d0719
fd6200dc
2aea2f21
f4ce11f4
fb2de505
071d28e6
fafefd11
f5ec0af7
01f6ff1a
06000413
f40101e2
200000f6
00051108
c206e0f5
f91215fd
05f80403
23f2fe39
27eb11f1
fbb4edf4
fc1e0706
e2fc1602
391d4f00
fef340f8
05e61f06
f6eef6e3
f5f82513
2c0fd446
10310907
ec38f3fe
00312ff5
030a14ec
17cecc09
0e0504f8
04ef0b06
f206d5e9
cf3200f5
04d80401
10d1c0ef
fff50e04
fbfe34f9
300cfd03
14e815d7
fd31d92f
d5f108f4
0509f002
3fe3d1f4
fff9e20d
0cf81afc
ff0505f9
0128e311
0dd7fd02
f8e9f70a
1904f2fa
e813f208
061af70c
fc120208
eefb01e7
fbcdfa01
05131b06
f3d1fd0a
08eb06f9
ecf615fb
08fe2618
f6f11af7
e5fc04f5
26f212f5
13d218f2
180cfafd
11d50402
f2ae2207
ffe70af4
17eeeefd
f804fef6
cadef61d
d631f1ff
1022fb15
f023d6fe
d52118f5
01e0f9ec
e9ee0315
0214f42f
f11ed5e3
1b00d322
02e9fafc
0cf6e802
05feb3ef
ff24eb00
fbf9df04
1200fe07
032d0b13
12f7f1ff
f8190aff
1109f2fd
2228ff01
03e7de00
f5f9f0fa
1618ff13
ebe1f9e4
1cf9e8ed
08d2fb06
054a0a06
fafff208
fa062ef9
ef0f5914
fa190d2a
39f60c00
30251511
fb01fcf9
ec07fbfe
51e2c8fe
02fd37f5
11e915f2
2208f616
021dfcec
f915b1e7
0614f9ff
240cfaff
fbe7f6f9
01e6f3fe
02f1f2f7
1213fa1b
ee23ebe0
18ef1dfb
0e400dfe
ed310e00
fa0cd4f1
fffc4800
fa18e7fd
6921a345
6081758d
2704b7f1
7f2ffae7
af5c7f25
817e9a7f
dd587f36
0465584b
07f9fad9
0cff0cf1
0c372219
15311be5
021efdff
1921a5fe
01d211fc
0ad4c802
15f9d20b
1239f1ef
52c5f51c
1f1127ce
edfbe404
b74719fe
fe2a2df3
2dd9d5fe
12ecfedc
fd3d12f7
fcf51112
00d0fc04
1b33c004
01fb22ff
fc170fee
101931f0
fdf5ffb9
df1f19db
00ebf6e6
17241212
07180d01
cbba1211
ff06290b
0ed9fcfd
f0f608ec
0812e30e
1c05fe11
0738fd01
07f5c606
ca2af70f
fb2c01f2
13f7ee0a
ee0506f9
051cd51d
13170b0f
08f9f2fe
0bf3dcff
0713f3fc
011414f7
06020f14
330506fc
e12414aa
0807e2fe
036a1111
f90dea00
1838ec10
fff8f9ff
0a162308
dce40003
ec0cf600
dbc72725
122afeff
180bfaff
05e604fc
011cffe8
04ded8f0
fef9fdf0
0d31dff6
0d04ffe4
071a04e8
003ef1ff
e6f70ff9
0105f1eb
02de2bfb
0bf0fe07
131205ff
022508cc
f5ee0afe
0321dafc
cd270d09
04f1ddfe
0ff8f1fe
0308f8e0
0aed0dfb
e7fc2001
13adfc08
e41cfb05
f530d200
fb09e5ed
fa0ae600
ffe0fe15
1ede09f7
1e260039
f8f306fc
e7e7f6f9
c5e20d0a
070b09fe
11e7ef05
d90309f5
0de33203
0a41ee17
0d02fbfc
0d1a0dff
142f1dfa
0001bced
f4fb4412
e6060c08
34da0f08
ceea2a33
ee4f0403
00026c00
e30501ec
00f403f6
00f309f3
05100ee2
edbf1049
111ff31c
e1e108f9
f838e2f7
e71538eb
090afdf9
06f9b814
0bf2fef3
1fe20511
f6eed6c2
ec1f020a
06d734fa
07ca0e01
05dd32fc
f218cd01
12f20202
1e530be6
1accf1fc
290207fc
e4190802
0ae30b1f
ffc6d007
f416f6f9
3af60bf3
e443fa17
e6f8d7fa
0e1f01f5
02caf4fd
f6059b16
03ed230d
fd1eed04
e10efefb
0c1710f8
01ea25fa
0e13ec07
edc71600
dc1173fd
002502d2
240105f7
24f9ed16
021ae7ff
f809be3d
005b0fed
cd10b116
ded1dff0
eafbe2fe
1ae5e8fe
ea010301
03e81bf2
e7ff16e2
f745f309
022a14fb
0d0cd800
04030005
f2171cf8
fe05ebff
e6e019e6
d52adc07
eccc02f9
05fcf600
e707eef7
00f4f4f4
2501d2fe
2517f708
eef1efeb
15e91cde
f9c0ff17
0a0cf5f8
24123bfe
07021607
e8241104
e6dc11f4
06d4d50f
022dffe7
f1f6f611
f4f4d703
efcef70d
fd23e2eb
fa0ee6fa
eef5f717
f00ae4e9
4312132a
04d6fffe
0b13d501
dcf40f02
fe231df8
ef11ef07
01fc0516
fca119d1
0a14d3ef
f4beff1c
f5db1aff
173d15f2
01fce7f2
00e0d803
32f3f6f4
f2d5fbe9
faa0f741
147905e3
f61e0b04
08eb1deb
fc06cf03
101ce6f8
0df9050f
daddf019
ee1fe611
eefc0312
f91ef10b
041724fc
f5163305
0ffaefe4
091c0d00
c74a2fe0
12d0bff8
e96e1dec
16149a17
2cd4e0fa
e9f7d10f
03efdff6
f406fd04
e72a10e2
e22410ea
0abdf80b
011f0f03
1cf5d60c
fd05eff5
001ff40f
d5f8f609
fffc0e12
2616e82f
11dc0017
010409f6
e5350b06
090819fe
ff10d10a
e0f50cf7
eff000fe
051b17fd
e615f729
e41feafa
2f060c02
05e502ec
edd210f4
09e4f90c
0b3f0622
11101ef7
060201ed
0d24f506
fededd0e
fbeff4ff
001dc10a
f61bf221
cdfbf810
24f5fbee
37d0fa0c
00b2dafc
d85f2b1a
040ddc02
05f7ac19
e7ec0c1e
05ef1702
e9090829
0b1c0901
0af3fa03
19c912f8
fd22be15
ff28e2fc
cf061f07
370cfa4a
ff010ce0
03daf105
0bbff2f9
ec090ef7
0723ece8
f9ef0c0a
03fa16ff
3730f641
0b144504
0cfcfc0c
f61ec300
0c3f4ddf
001645eb
02f2eff5
e1fd01e6
ed05f90f
1d05dbf0
e9d600fd
01f4f508
e2ff02fc
f801e2fa
0dfa1403
06edf1e4
fa0118ea
dd1306de
16d60fee
fe2719f9
2a2fd2fd
08c72afe
15e423fb
f9f6091d
1fc11ffc
cbe8b8c8
072efe19
0dc512fd
14b14ae7
040fdb11
f417f8f7
ceee09c4
c6e4e50e
ebf70ddc
00d8f413
f62416f8
0c042cfd
080846ff
0c05e1e0
f019fdff
0ae60210
45f7fd1c
09dcf909
1ff00efd
e8fecd01
0404df04
f4f924fe
18f2f2d8
135a0bdf
0acf13da
03e302ff
ff513205
15e5010c
fbd10504
0804ebf8
35ff02dd
e1dbddfc
f015d2e2
f132fafe
06042e05
1fe3ca06
fae8c81e
ff192b00
ebe805e4
041d2f2d
e5a94b0b
0f2ef40a
f11aeef6
0e4b63fb
0a0226f2
0dc1e5fc
19f0ffee
001a1908
2efaf7fe
fedd0207
fb061600
e2fe25ff
00f31efa
0fdc1afa
0ae8f8ee
ea0ff9fb
18ec03be
0805f102
1bfce3fb
f5e80808
06020efa
10d262f3
e71b010a
05e3fb1b
f8f22306
26ccfee5
e823f5fd
ffdaed0f
03f215e5
f0f0d900
0ffbfc1c
f2fe2d14
25d01d0c
fbf0000a
1c0f0df1
240bf506
0e06e7fc
00ebf403
eb13fbed
fd060bfc
0917f008
f1d211f3
ef2f26fa
280db91f
06e2c007
fef10703
0f00f811
0a9f1de3
08f6e9f3
f42af7f8
f71719fb
18e51405
05df000d
08ec2707
12ec05f6
0a010ae3
fd1cfff9
29b3f9fb
f52009fd
28dfdaf7
03db3c04
f70bd8f9
fff8f800
15fc142b
f9e5ec0c
fdcff4fb
fbe8eafb
02c802ff
05f20af0
fbe6f101
fb0c030d
03e1d304
fb4beb2c
04e20116
00c30405
17f6ebfb
fb23ece6
f814e100
e8fc061c
ff0f0b15
1e080a3a
e9f905fb
0a21d007
dcf22ff8
f90cd3de
02e5faff
121c0313
dade1b18
242fbbf1
faf50ce4
0a2afff8
d705ff0b
08210cfd
f60dd202
ff0cfcf5
f2e405fc
f20be400
fa0d0115
faf214fb
18f71004
050f0702
ed090101
ff1d04d1
ee39cb22
e7ddfff8
fdadf8ea
0f3c4c03
e40ed116
fd040af4
f4fbc2fb
f111faec
f0160be0
e725e9ee
f8ff1108
fdd2e9fb
3db70015
04150b0f
020246f5
12fefbf6
11211605
040224f4
09c600f4
ee000d00
0eb6ac0b
ffdefde7
04051e13
d91405ee
ecd4f905
fa0927e6
07250211
06eb2af4
14da56fe
0b0616fd
07e849f5
fb20fdee
061dde52
05073601
1264eae8
eb60edfa
03cbbde7
07dbe2de
0ac91eec
2501f9d8
21f7e611
fce810ee
fff00302
ed7f2c08
f801e6fe
f8f1f309
0e14bf02
06f2070a
d207eb15
e71e02f2
0fc60017
07353107
d5f00b05
f9e6ffff
05150608
f31e7f47
81f7f5c9
35aede81
b5d9c932
0cf6c06c
c796ece8
932d4b28
d6260a1d
070c020d
d213f9f1
0f0a2dbf
25440426
21e4d701
e0034117
ff0ce30f
0b0eefec
f2defec7
ecfe08ef
fd0ff5c8
03caf311
f82531ff
f4c51c0d
0005f9e4
f30be4ff
f9020ee6
ed24fd10
0418dff8
15e5fb0e
f50fdffa
152f21ed
0501eb01
dc110f02
eaf0022f
f3dfd10e
0d1b1734
f908f208
f038fb09
f0032e04
f703e2f3
fcff0b06
22e805ff
02e717de
f5bddb15
fdf50602
f93313f7
1afd0f03
08f20810
f92ab2ef
0ff8fafc
35ef4a1a
fce30915
ec6405d7
f026dcfc
e74621f6
04f71cef
0fefd104
1aeb0703
f1fcc1fe
1800e72c
fff7ea14
fd220eff
cd17c7f2
0112beec
eef5e309
fa00ed0b
091d0bfb
e9302822
d6341002
08f5f104
0fc6e709
fc05faf5
e721010d
da1006fe
0fdae31f
21d8e9d1
fa29f91b
f805d7eb
0a2f67f2
1530510b
07fdfef9
08100711
f2c210f2
fae23e2a
f759f90f
08cb12fc
f6ed0ff6
040801fd
16f327f5
e90307f8
11efff1f
051f2fd4
eb06fcec
fde907ff
080ffb12
010226fc
f30c00f4
2307fc15
01371cec
e6d00b0f
eeeff702
07d0fdf2
e8e70be8
0eef0616
04fcf414
0c0903f3
e7f0f90a
15fa28fa
15edfefe
f5f01af9
cefbe3f7
07291ef4
f4ef3808
13fafd24
e001d3fa
154c02f9
0ce01205
fea60e07
bc13daf8
f9f113ef
f613e61a
020c0126
393015f8
ec393330
dc16f6f6
0dd103f4
fe1def14
0c1ef508
f600040a
32f80522
f8b8ecf8
eee410d4
e725fdff
064511fd
07f71cfd
03fbe007
0a07be05
f61103f5
26f5e3fe
0be8c810
05fa03e7
304705fa
11dc3ffc
06121e06
0a08fefd
1bf3080e
0c09fdd8
e1f727d8
feec1115
07273afc
f0feebf8
04e90c0a
0700cbf2
01f9f8e1
fef9faff
0239d8ec
0e0dff01
0607c900
ea3d2713
0009d016
fbe4f5fb
18110dd8
1955f408
07d422fc
f10705f7
ec38ee04
30ef28fd
fcf403f3
10fd0afd
1ff6f805
03fdf7e6
f3c3f509
07b6eefe
eb36c7f7
d9051803
09054b04
02f7350a
1be4ffed
07292c06
fd02e8fe
fd2e070d
061cf409
f9020afd
f714ee06
01fbe70b
ea170015
09cb19f5
f1e2fc20
f523fd02
ffeaffff
03dcf5ef
01fc1ff3
12e60c03
3803fd19
0af106f4
f725ecd1
1bd9fd02
ecf21802
0029e417
fe0110f8
fc18cb06
32f3fb21
2d072ce8
dccb0e1a
eff427f9
e4d4f6f9
1947e30b
08eff10f
faef2702
fb0d1103
22fa08fe
0d1035e5
e1f70801
15131302
0dfadcfd
fdf801f4
0f05c201
b8050bf7
de5aef14
0941eeef
f532faf6
17ec1503
f6c117de
fd2e0308
0efe00fa
e8ecf414
dc3bfcf5
0a173518
0ef9090c
000ef60c
b7280f02
f4f6fdf3
e9ecfafc
11030720
00dd15da
31a8f84d
07d701fb
0c00f204
fd0035f1
fbf0fdf8
0f1007fa
03fff929
e438061b
17071fe9
f9081017
e7100bf9
030bfd14
061ae70c
0406c612
dc0f00f2
13fce3d0
f9d7e308
e7140215
e2222bf7
0cf00603
090308ff
2bcbfff4
10faff15
0c2ef42c
ca17f8cd
04fbfd10
edca3304
ec20040c
fc30f702
f906eb0f
cdf7f92f
dbc8fe03
3d1bd131
1afd0700
07c5f015
df13d513
eb0832f9
1b12c709
c1ec0710
00f5e80a
f30320f5
01edf613
fde7e403
12dbeef5
fce1e2f8
f300e602
fff706f0
1a3c0912
0fe9071e
ed170ff9
043ac7fc
f90912f0
040d160b
02f628ed
db050714
0e25040b
220e0ee1
fceb00fc
27d817fb
f5fa19fb
0525b706
05f7fefb
1d09f908
0117fcfb
f8e2bc20
f8e3fdf8
efd54003
f734cef4
fdeef8e0
0a0eea08
12fbfa0d
f007e7fe
fb1e0801
e5010019
02d6c9f8
fdc82319
0800d6fa
0619a908
ccf80d02
f49deb0d
b8df040a
040afb07
12d906fc
10181bfa
04fc0903
05f90a0a
06fef90b
f111f4f5
02070af5
fce90705
061e2e09
0105fbf5
f7130a16
1301f7f9
0900f6eb
fc032804
d1ca09e5
0ff81012
f32e1704
e0320bf6
fc0e27fa
f8f1fdff
4ae4f3e9
2ad413d7
f2094e0f
ffe308ed
f9e505fd
3eeddbff
03fc3bfa
0becfff1
1b06f410
fe1c32cb
f6ee070d
010000fa
e70a0b05
cbe7010c
fbf80d19
07ee04fa
d60affff
2df4d31a
083023df
12bffd07
0be0d103
f11c350f
fdfff408
0620e1fe
f7f407cc
f22f0d13
242ee427
06d9fcf8
eed329fe
fcf72200
02f6faf9
fa0e5c03
d7000bff
d7f1ea01
d1f817e9
0d10fd0c
fa13fdfc
f90b2bf6
03f625ed
fff912fd
e310f5f7
c9021516
170d17ed
dae302f3
fc25e601
bd262001
ff43f9fb
fefcc4f4
ff07f601
fde10c11
0cc7e10a
1c1009ec
10e40901
e13328ed
ff2b1603
1017d8f9
edf70c02
f703e236
ef4d11d4
09d2fffd
e60e0d08
e72aee03
f839de0a
08ffdb11
08110e04
14dd0dc9
d3000ef0
0b4707e1
f3150701
05f3e907
fff00a0b
050911fb
f013013f
1a2e39ea
1424292c
f0030f03
fc0ec808
f2d7ccfb
f8eaf9fb
eb006aef
faf3fe0f
0666ffd4
fd05f6fa
eb3dfdf1
f41de7f5
f1e40d10
0b03c811
f2f916ff
14eafad6
245007f5
f5160400
f715faf9
f90f1b01
1f26edff
ff0de105
fc152300
050400fd
ed2ed2a3
3b15cb1d
162d1bf9
fcf8c30a
d10ed104
f6053412
0f04e702
f3e911f5
f80bf622
cc104adb
f902f50c
1d500ffd
1e0f3502
020924f7
efe2f2fd
270ffaf0
211507f3
e1ec3ef6
f8bff803
161af9fe
d900fe04
022004fa
fbf2def5
0519ff1c
f3c60e3f
eb1dd4ef
0bf6f300
089afdff
dcfc0515
0106f5ed
fc1dd50a
1803f100
f823fadd
1c0bd112
f7140a12
e23ed500
e2d617fc
00060801
140811fa
ddf645f7
bc4d11e2
1ced163d
a53008ff
13bfb017
1fbb16fb
e8f7ee0f
fedeefdf
45f0fdf4
f3c0d403
e9fe16f5
fbf1040d
01e3ca06
0f06e115
fa0afd03
05f3bff0
fb15fffe
f6cff4f2
150708f8
15ccfb1c
1517f3fd
ef072a05
03fa2408
f80f3e04
f90c02f4
1902f2f0
fc08ea1b
0048efef
0420f801
1037f7f1
ff111914
08f637fa
1007fd15
14cdfaf7
05e90ed4
0ad1030b
031a14f7
1408f1ec
09e80af4
0909f9f8
0302fe26
3570f316
0aea22f9
1303090d
ece2ec08
e5d62ff9
f9f5e2f8
0e280cfb
03fef20b
12ef05f4
f7ed1beb
01250af7
0d12bff2
fb350f0f
0e2524e2
090a29fe
0104fbe0
0744ecff
0911cf0c
15f6f40c
fa2c12fc
fbc09c09
04bfd9ff
fcff10fd
d01212e6
170dfd11
1c05d3f9
0c29f2f9
221514fa
f5f1e0e3
06f4b609
f334dd02
05071102
fce8e015
fd26fcfe
d6e4fce6
182fc8ff
f6f0f6fb
0130e500
fbe200fe
daf2181c
bee423dd
4cd5083c
fec9e408
ffcc0236
df10f615
ca58610b
04ff0c1e
200afde2
fcf2db1b
efe8aa21
e7fe0ffb
152fd50d
07f5b704
f30c360f
fd0d4c1b
d5030a07
220dcd27
0214d50a
e8140200
07f807ff
040ffd0f
02fcec28
14e9df08
0efd0c19
f8332715
4239d60b
020af209
00290f00
2cf9d10d
00e4f10e
fb0c09fa
04f103fe
fcfae709
fe1726fc
0efa0206
f00912f9
deecf405
0705d5fa
10ec3e04
1e0eeaff
e8e40ed8
1bf4e8e4
08610d12
f6d51e04
f9f1e807
fcee2afb
05fe3509
c60907f4
dc390f07
131f09f5
f3deef0d
1eaef0fb
e805580e
0521caed
f814bcf5
f2110de3
07c20c07
f70c0c0f
09f1faf0
f725eb02
0611c3f0
fe0418fa
fcf4d0ff
f9f3f702
fc1a0231
c5f12ae8
02fbfcff
080e12f9
eef40505
0707110f
1302fafc
09e107f3
14231517
faf31ee0
f9fa05ee
f411e1ff
1001f3fc
01e3e20e
fd01eaf9
09d4ecdb
5f35fb03
d1e4270b
0de207f9
e62a1bfc
3eebcdfc
04ce020f
f8e652f6
e401fdf9
130af2ef
0f111106
0817fa16
080ae1f1
2f0b17f1
0f07d408
dffefbf2
1405fa16
f918e507
14ff02ff
f90efb06
180045d7
07fcf4e8
f8080704
16e10efa
14fff7f7
050f0803
f80e0206
fa0efc02
09040ae6
18fefb08
06040200
ec12fefc
da091703
0c3b17eb
00130511
e7cedde5
f80b22f7
aff8f4fa
01ef0313
f9fd03f6
2df9defe
021808ed
06a305f2
0f20e615
ee00ff08
0dff0efc
fee709fe
fae1093d
fc020304
0522140b
0b1305fe
fb01fd0c
100f0708
f4ff0603
0202f900
f2020b06
faea0cfa
fe270eff
0dfd02ff
ef1a1402
e40aecdf
ecf1ffe7
e60a0e03
f800150b
230328e4
1b13bce6
28250fe1
f00beee9
0a12f436
ea020efd
08050821
060208fb
151725f8
fbf3170e
0c200704
f5f020e9
09fe2d02
01090d0f
0d0902f8
0713fd02
3c0212f9
0dffdc09
0e1bfb02
170af613
24ff2810
c70bfaff
f2fc01ff
ea0aece5
19fedafb
f5e7a7f6
e62507fa
220019d2
0c040d11
c7080a1a
181008fe
1a100a14
f6070af1
061ed0f1
fbd602fd
10d1091c
000d32f6
b2f1f5ee
e8020001
11fe00f4
e10df0ef
0bcd1cf9
080208f6
09eeeff2
fff8f9f9
e0f2e711
22000cf1
0308efca
0202e701
0ef31901
fe5e0202
19f6f4fd
0f071804
fbfff4f6
eaec0e01
f10cf81a
eeee1113
fceb18fc
1007f5fe
ec350408
b6fbfa22
1df1fe03
170a100e
f00d08f2
f1f8d306
001d13f5
02e9fb11
fd1d0712
f001f906
06fbfdfb
00eff1ff
1705f1e8
2efc1ef0
0bf210ff
fbcff30f
1710170c
f2f70118
24100e07
0c070bfa
f0f7f3ef
0af9e0fc
f9ce0504
ffe8ff0d
fff622fd
f90bfe1f
f30d1205
3905ec03
0500fc2a
d9233ef5
f6effd0c
ecf100fe
0fe1f8f2
01fc1821
1ef3fcf4
23fcf9fa
e9e10d28
01104ad2
0bbbd1e9
cef63de3
27edf4d1
f31ffc81
7302203b
220af9f5
0e4606f9
09f31701
02f4d6fc
fed1f605
f6fe130e
21062920
cdf6fa01
07fb0d12
f7f70d38
230f120f
02fe1dff
08bfff00
fe03fc07
2604eff3
e21801fe
fbf30b08
f702ede7
fb04f3ff
0a41f20e
0922fefe
182606ef
05fc1ffe
eb03f1fc
1300f50c
fdeaecdd
e309c40b
fdcff713
0130f601
0c141ef9
fdf60905
10eeeb04
160c0108
0cfb0f1b
10131c03
06020517
ef19fdf2
ff1efffa
000a0916
f6f30712
f502f60e
ff10ffed
df073310
fc4c0514
0d71f60a
1de6d908
f6fc0024
fbf8f7f3
fe022200
fb001ce6
20fba404
03f7e3f6
0507f7f4
2920ebf0
faf0c9e1
12eee5fd
04000103
08f201ec
0bff4efb
06e8f107
f91a0803
2de204f2
ed00fdf4
0104f208
060b1cf3
1114fad5
12f614f7
fedff5fe
0fed06f1
ea16fcf0
0f02c3e8
11f5f3ef
e000fff5
f309f829
f6f1fc13
fcf5dbfa
f403f807
19fff6fe
ea08f336
ae01e9fe
190b00f8
efe3ee0d
fffedd04
0816290e
fb1bfcfe
07d103f8
eefeedf3
daf804f8
08fd0105
e51305f3
07f93105
f609f7f7
f9eb0600
271800f1
ed00f903
1bfe06f0
2bfe0cf4
fbfb0d10
c4072b08
001bd204
03e3fef7
f101e0f2
18f5d4fa
edf00e00
fa020ff6
fcfe043b
eff91b44
051af6f0
0804fd0f
e4f3dcfb
06030704
e4050902
0a062303
ed1114d1
04f40400
051eff05
ff180004
fefffb0e
04fdef04
e7f60502
ff03f203
04fa05eb
2af8f8fd
04feebf2
02fefd02
0605fee6
d5041113
f701fdf0
fd01f506
08e906f7
110ffafc
02f8effe
04c9ff07
0726e210
0ff3d8ed
eb07fb1d
12090400
160f0ee4
e0153701
efcc02f3
f3dbfc10
f821fe08
c6ff07d0
5af6fff0
fee6040b
07090607
2b09f10a
ee29ddff
f604fb08
08fa1807
09071f16
fbfe0006
0102fbfd
f70902d7
111017f8
fd05f5fe
0c11fd14
0e3511fc
f703e107
07fee801
0f0a0709
f70bfae2
0d081406
08e5020f
f9ccf5f5
f7edf1f8
04f2091a
e9f903fd
10fbfd12
f308f11e
1c0e120b
f719110b
f2b5020d
02f3000d
34fbcd0b
4b0a03fc
e60e0b0a
0d0613fd
0d05e80b
ec16db01
e5f40307
00cce3f3
3d081d22
2ffdf321
2a030710
f6f4fa22
1f090a0a
0dfcea0b
ec3bf510
e2f708f9
2702001d
08f5e7f8
e005fe04
02fafefe
5515170f
0c02e0e0
f9db07ff
07140b01
1afafc01
eb00f609
f60a19ee
eefa073b
3af7e302
01e5f40e
f911ff0a
13e41914
1a030901
d6140403
1afe0105
f6150be7
f20811fa
1eebf8ee
0bc4f7fe
1426f807
0efe13e2
fd000cf8
df06f904
010e02f2
000ace07
fe120105
0e3cf1fe
151906ff
0b02fc30
0d01e60e
f804f9f9
ffdf0aef
ee050105
fb511701
00ee07fa
e7e60a27
240134fd
3afa1601
0c07f509
0a0e07ae
fd031cee
fc2110fe
0655fc0a
18570ffd
e7f8daf8
f4f9fd02
080902ea
01faf8e1
f9f30a01
0117e8fe
ff0cf401
fae602f5
e1f9d80e
f2f8ebf8
e1020a03
020e1806
55ef17fb
04e4fde4
fcc20ae9
e5d800e3
230b190a
f70cf407
25050504
05fc1227
00eed80d
032107ff
008707ed
fe73c6fd
e9ffe5f3
fde5140d
05fb070b
f2f02bf8
2c0bea06
f726f412
0abd0b0c
10e81d0d
00021404
23f40d12
100903f2
0df2f5cf
05fcfffa
0c0919fb
01d1ef0f
17f10c06
dff8f2fa
e2160a05
ef03040a
12ebe90f
ccde0800
01f61602
fec2fb09
e80608f2
d003fd03
f2f4f512
210cf5fe
09f80309
290114eb
fe000bfc
07afea19
13ce2415
fcef26ed
210be4f9
000bfb14
07fdf116
e325ea02
02e5f3ff
fe3ef905
fb0fcdf0
15f9fcfe
6003ddfc
e80cf407
0c05f8fb
0dfee612
f2c716fd
fdd1f204
1a071118
03f2dd17
2e080213
1004fe12
19100103
18efe4fb
05eadff5
f28f14f9
fc310e12
f0030a0e
1ef91911
1009f9f1
0012030a
d4f41c00
0efd1afc
ff3909f3
d8e0d507
22041cf9
1cfcecf4
000101fa
050302df
2b0fe7fe
0709e30b
0730f7f6
e70fd027
d7fe0452
56ecfe04
cde80103
e8d40614
eaf8fc07
f50f0806
04160af9
061311ff
090508d3
cafbfdfe
1001fb09
0108f8f9
c5c50e01
0ced13fe
0b0e0cfa
13fd220d
e10e0c1b
0911f2f8
d8fef80f
f000f8f1
040bc6eb
fee60de0
0b9efdfb
0f1f1dfe
dcfed1e2
1f02020b
06130205
f9f1f208
f4f805f8
0be12aff
f6f80106
0c23e6ed
0203fa2f
ed0c150b
1ffdfb07
050eefdc
11f410ff
0bccf30d
f3c90807
ff1f17fd
e905fcf8
fb16ee03
0fff0029
0817fb25
1904ecfd
04e10af2
08e30802
03142909
01f2eff5
180af301
e7fbf1f8
eb12fa20
f0f9fffc
fb0c20fc
03d8f40c
040c0df7
18fdf60b
f5fce9f9
e9ff04f2
f9f409ef
0c01e90b
f3f4e9f9
0a19f903
f3f102f2
e804ee24
bd00fbff
f50203f4
0bd4f5fe
fef3350b
061ee515
f00a0d10
f7effa03
1109fd16
16030e07
08f4fd01
02fa15d4
f7f13a19
02e6280c
00e8f803
0503f6f2
11f80bf8
441711e8
0f090723
faf2f2d0
cb074405
ef2ae3e6
1ca90dfd
01eefaf8
0d0b0ceb
3509f304
25f4fafb
1313050d
fb0008ff
0ad90ef6
00fe0808
d6daf302
06feebf0
e6ede8f1
fc04fef7
fdf50b27
6529d20e
1ce448eb
1f628120
fb42c03d
f1a9a0f4
e4f7cbea
a2d51112
e6c320ed
28fe1404
024c3518
011df9fa
dcc9d9ea
09f821f6
48fb07ee
0f000719
0a00f2f4
ea08f7fa
edcab20c
f83efaf7
e2ebf8f2
07f1e615
ea02fc04
f4fa0101
e6020a00
e60702ef
fc071105
16a2f803
02ef03fe
d5081308
910c0a09
e907f91d
1704fac7
1214eb08
0703d3fc
10caff03
f121f206
fe00d819
02f800fa
dbf7ffef
01f21902
fcffdef7
0818fa03
fa350209
ff26e113
11fdebed
e6020a18
fefffdf4
0602f9e2
df0129e4
f7da0ef1
d90704f3
23fd0fff
1c01bdf7
0c03f004
f20b0413
05fef907
c9e30401
0e11db0b
f63d0202
fb271d07
1cfff600
52f4f7f4
02fb0209
14e8f507
0cf7220b
fb0a12f5
07f1fe05
02f315ec
1f03f810
17fef6ef
f7f5f405
f2fd02fe
ea16eaf4
06fde408
13fa05f9
fcd300f9
2605fa19
e6060602
14121710
ef08eb3d
2224e5fe
18d314fa
decf02fb
fff8f508
320d0d10
20feebfb
07160dee
060e0712
edfee906
06e8d4f5
f11005f7
fe0a0ff8
00fefb15
25f8eefc
f70c0108
03f9facf
f8f13803
101ae915
0cd71008
ecf2f0f2
3403f00e
e3062909
faf702fb
1bf207d2
baf22b1e
ef17f6fe
1beaedfd
0bd11202
1fef18e8
defa02eb
faf90511
f504f505
e602e60c
e906dd15
0373081a
f0111eec
1302f70c
06f8ff0a
f4ff0003
02fa030d
d9021619
f105420a
f818fffc
fe1e2ce8
fffbeef5
3cfef202
0b0a05f4
d312eed5
fc19f0ff
01f805fc
07a5f200
20d7f12e
f002f1f6
1d0d0deb
f9f5fc06
effa160f
2cf31b0c
0733fe14
fce1ffef
de12c309
20f70320
1f19ec0d
230a0b0c
f61d0ab4
161300f7
f716f7fb
fc070203
fe372011
f9ffece3
1e0d00f9
ed0708fc
09ff0815
edfa5705
e6ff0d05
e4ee021b
eef925f3
1ef912e6
350a0116
fd03f104
0810fcc0
14001a06
05e501f3
f92c0004
2912fdfd
110521f5
1d0c0001
ef0007fa
fb0117ff
c6f12ffa
f3e4f5f8
e8f7fc1a
07f31c02
06f6e904
8e07fdff
07fff7ea
fb0dffec
27f2ddea
f8e6e0ff
05d6fc01
f8510a0a
13fb3536
03f91bfd
fbf3f6f1
1715fe17
d6f6ea0e
fb203704
042c020c
da16c5d1
f702221b
26e829f8
27f6feec
f409fff5
ca08f9f6
0d3813f1
fb17fdff
f4fc09e3
f2f9160c
15fbf3f6
da000afc
f6f6ebcb
0ae33604
f8f5010f
feb800ff
e1cb0407
04fe0308
f50a0202
1503f606
0003f9f6
a9ed1603
0ae9f804
faee0508
f6340a13
f9fce0e2
53f00507
18f70f16
01121018
d9f3f61d
fff8f4f0
f2a20906
fe3aeef3
eeff29ee
faff0701
25040b06
091b06ae
1622d3d5
fdee0b08
1823fbf7
09121626
fa000ffa
340a0004
0301e6f1
06e4f700
58fd0e01
10d2050e
12340b10
e49211e5
7f01cd2c
d60508ef
0e130df0
eaf1f2f4
d4f11b05
f0ecf8f7
e999fce8
150600ed
ebf8e5f8
f904e902
0e0509fe
1405f51a
0b003404
04373600
084b02fd
1e07f51d
effe1203
290bfc00
21e7f319
04f5eff9
fffaf5fc
f945e008
1017f9ee
f022ff0a
c3fe0742
daea08f7
0b06ecfe
0eddfb15
1ffd0604
051a0f0d
08fffafb
eefdf525
0b031414
c3031500
f9faec0c
f5f5fee2
f7f4110f
050820e8
23f3f4f1
cf0f0f24
34fe123c
f9fafce9
d3fcfffc
fbfeeef2
0b11f5e2
05e05b0f
07980a0e
f3ec180d
2105f814
eeff1201
0decf127
000ef6c6
1910ee00
0cd61f03
10d30ef7
fc1a0103
0d011ff3
0200f7f1
17fc0cf3
ef13fa38
26fd0506
17f713f0
f02e0407
214af108
1cfb2dc3
5b08f3fd
e5fd000d
f5f11fe4
efe31afc
0800e8ef
08ea0af8
f1f90a05
f70a2720
eb090a06
eafef9ec
edf30325
ef050906
f80d0b0c
1231f106
0f17e2fc
00ebf2f6
ccfe1af4
dd010de3
f9fd010a
f3f804ee
07e30e08
fe12ff11
fcf71509
f3fc15e7
0e09100d
22f70cfd
fc0ffa13
ed07e800
f725fbf9
ea12fef3
0fe91621
fffe0523
05020a0c
f405f8ff
0707fdf7
ea0fd4fd
01e7d3e0
08f6fa00
0e0d0c13
23002327
cd0af90b
f105faf6
fcd4ef13
08022409
fdf713f7
fb3bfdf3
f5c60ef9
04fafb0e
35040efc
f6030608
eef7f908
33fbd603
f306c7f6
03e4e406
184bee11
06ec09fc
18eee30b
edf70708
fa0e0a1a
0502dbfb
08020cf3
1424fbf7
f510fb01
1e0efef2
270408f8
eafb1705
e4f30e12
f604000a
0a09fdf8
fff10108
f00705f5
f5f60630
fd070407
02fd1800
eee6f8f0
eb1bb3f6
12e9e109
022c0102
e3e60a15
1ffd06fc
f4fbf607
f6fff311
f1f60df2
f8f000fe
f40cd408
02f609fb
dfd4ec08
f7040803
e0f80ffb
0206f6fc
fa02f80e
01f9d30b
050fedf5
159b060c
0fd2deff
f80d0814
d211eff8
f90709fa
0bfce7ff
00e20e0e
03f90901
0bd1f603
f2d8d514
46f0e71e
1e04ddf5
c8fd02e5
ef17f13f
082dd1fa
04111ff2
fa11f8fe
21edd7e9
f1fd020a
0bf401fa
f3f2f60c
ee0a0b0f
ec21f705
0f10ecfa
e110f500
ebdf1ff3
1b02061c
e401f7f6
e20815f7
00210901
5cdc0e93
19aa90f0
fa6df61b
d71513f3
2d011a04
ff13ff04
13f2f1f3
f9eb0726
ee020605
0ceb0ff7
1718fdf6
10f1e314
29ff4218
ea01ff19
0bfef001
1500f8d4
0bff0a09
12f4e1f1
00ed0eff
fed3e50a
1a03580e
f907f5fe
08fffdec
08f9110a
0b05f604
0cf43b03
0e5cf6f5
f8ecd31d
f2f722fc
230614f3
e5f312fa
fcee0809
fef210ed
0ecd0902
0a530104
f9dd2112
1a01e5f9
b0fce801
f5fde3fd
09fafb13
06f90d0f
0b0b0ceb
0e0c0905
f7d707f8
3202dc25
150c1106
2ff912fd
fc18f8c7
eb0d08f1
00d3e50a
f253f601
180115f0
1ffde903
1f0ee707
f3080107
0dfffe08
d302fc0d
f4faf106
12faf609
e8b6090c
360f04f3
0300f706
09f3e20e
f3ec0fe0
f405020b
fd0731fa
03f3f2f9
0808d603
f9ef1e1f
d2fffcf3
03fd0c0b
fae81433
1bf5cc0c
00f7e3ee
f749fe0c
eff9f9fb
ef00d815
18fdf9f4
d8fefdfe
03e0162d
efffea1f
09f6fd05
fa38fce8
ff21f311
fc0304f8
10ec111a
e60710f3
f1e503d5
c2032708
f2d641f5
123b03fe
4026f304
fa00dd13
25f8f100
0ef30416
07000108
acf7fafc
f600d9f0
fed9f7f5
1c1d150f
f0fce902
220412f8
0ff501ff
fa24f6c8
3336cc0b
ed1044e2
06c4f6fa
11f6fe06
01022d2d
ffea1c17
20100106
01ff02ce
4c10f7f9
06f4ea00
060ffc02
12e1e0f2
3704ca1f
fff9f70e
f2fd02ff
1907001b
fbfbb9ef
04f04d01
0fd306fe
f515dfff
1101f801
d5fff70d
f5f1f5fc
04f0ec16
edf8210f
f4230b13
ff49fa1d
f301e413
e5faf20f
ec010ef4
faeffe0b
0afe1318
d7eef8fc
f411f606
e3bd0ef4
e0f2e105
e113f7fd
33fcf411
05f6fdff
03fff212
2204e50a
170ec504
ffe7fe02
fd1fef0a
08fc0202
1cfa06fd
fafdf411
14020ff9
e0f72902
f81e380a
fa26060a
1c1c1b07
fdf914de
fbfd1005
f70606fc
040ffeea
03fdfe10
032815fc
0cbafcfa
0fbe000a
090bdce8
2dfaf7f3
ffebfcf7
fd1c0822
e10a0b08
f7cf2c07
fde5f50c
06d8fd16
f908da17
310afbeb
14e7fc03
091307f3
f9f306fd
fbffef04
06ecfffb
e7fd18f5
e1fea9e7
27f5fb00
e31507e7
0ff00410
17fb26f6
ee07f6fb
16fd13f2
e7a5eaf1
050df8fc
af110619
0c03fe0a
0b17f8d0
fe2511f1
0efa37f2
0150f905
073b020f
17fde8e5
f2f40003
02f9f9f6
f602fa14
0d1b11fb
fa00cbf8
fa4e01ff
ede312f5
07f5ef3a
e2fbe8f4
fc000014
03f6fd17
efed2cfb
f136fb0f
ec20fc07
f115fa0d
f001e7dd
2c0814f9
e2fcf310
0016f8ae
81c8861a
f82314f3
05d1fee9
012b04dd
cffbeabe
a6d9e900
10f8f8fc
f3f5e310
d7020cf0
03f2f609
08190bf8
ede413ea
0300f1d9
02060108
220dfd04
03110b02
f800fc03
fd0df505
fe0003fb
200217f7
09f2f4e5
31f819fa
0a02f8fe
e2070f17
d9031bfc
f4012a04
ee060305
eafedf13
f6f61532
fdfc07fc
130710f4
090bf9e8
e71bdf07
ec16f708
06fdf800
e116ea07
12fdc535
fbee0eff
26f9f7f9
f0ebe9d0
22e2fa00
07f4ff20
0343fa0b
ee4209ff
1703d9cd
04feee11
f304e40d
03f604f0
2201e307
0adb01f4
0c46f107
262af7fa
eefd14e6
2cf7e904
f8f90c04
f014fa01
fbfb24f6
0ce8f6fe
f228100d
10fa10f0
e9fcd7f9
f801140b
230b0509
f9fc0a4a
18edbf09
fea719f1
f20efcf1
251b2dfc
e708f1f3
e90ff717
050df510
ef1c052b
f6d61df4
1700e402
0bec0413
f72cfaf9
e3fe1220
2c0cf802
0bf7f003
020d08f6
d306e9fd
f6dff0fa
0605e701
f5e2fe03
c8f6adca
4918d2e3
e5ffef09
0df6f2f7
410aeefd
ebfef2e0
060b0907
0411dc02
1709fa04
e5f60a05
ecf2f2f9
16dff52a
fb0d48f3
00030814
f5d106fa
ffdcf501
f30e0ff0
4df9040b
0015070e
0118f4d0
220201ec
0724e7fc
0143fd02
19c719fe
07041a04
d718e705
12f8f3f7
f516002f
f5e2f507
e9e82c01
fb11fbef
29ecfe14
23f60302
defefffe
ff02fc12
030607f2
02040fee
fe2fd105
f621050f
e8fcf1f6
03fae03a
12f708f1
fef9faff
fbe101ec
f4f8d8f3
02c80afa
0b400906
1bf733f6
dd04dfdd
05fafa00
fb0bf703
f807f81a
dff6ceec
0de11d07
fd420407
00ed1008
d3fcf6e9
e9f8f309
e702fa01
2301fff8
d881467e
81698157
b5c5b0c6
81f06369
17815a85
5711d27f
7f101bb9
7f538117
0bf90c08
f8011903
f3db05ff
fee0e715
dd0f1509
e9f61006
f208f902
0eed079f
ec02e911
ed0bf808
f91bfb06
e7081710
01f70f0f
0102fc09
13f70c0c
f901f7f5
4ed36056
14ae6281
7f445a7f
c5167f81
2b52ae7a
39814b36
f5817f7f
637f07e4
e70b14f3
14e92801
eb1f0109
eece0a08
24ffb4e7
ed0405fe
00fe1301
e8f90625
4625e0fe
0920fe09
18fc01ec
00fd070e
1bfc14e5
1bfa00ff
d8f702fd
0111fb3d
0b10e9ff
fbfff2fa
02f4fdf3
263b1cf1
d700f8e3
4400f2f7
e6ff02f3
eaed17ec
ff0909fc
ef02effb
01f5fa00
1ef5e901
dd02e000
fe0406f3
1f04fb10
1616f116
e40bf7f8
1e0d1003
fc13fcf9
f9be0810
00ff0be8
010eecef
fa0507fd
f215051d
e0fa17fb
0fe4e7f1
0c41fc06
08d508eb
14f726ec
22f20d0a
0bfffb0b
fe19f311
21011bfe
f4e419ed
f80cf503
05b60efe
23f72ee9
1008fa01
fa0d1a11
0001fbe9
0afae406
101609fa
f7180e04
d6f3d9f0
ee18ef04
05fb0613
27090503
fcfb06f6
fffe38f2
0b10f802
faf302f8
f01a05ee
e202db14
1efffd08
0e060603
f5daf2f1
3b06a7f9
fef32802
e6f4fd12
25edeff9
111641fb
03fbebfc
160e01f1
0c011a49
e7fb1a04
f5e81d0d
1406f5e9
ff1b03fe
ed0141e5
0fff2302
18f60103
f204ffe5
f0fef5f6
e6ea16fe
0691fb0c
19fb1a18
e40836f1
1fef12f5
dd09f7fe
18f9fccf
28f732fc
02cad804
0bc3ffec
2c10daee
00fd1b45
ee0315fd
4610071f
1d21fccf
24f9fbf9
17f7e902
fef803f6
09bbeef3
2cfddaeb
f60f0219
1f08f607
f7fff4f0
260fe1f6
0bd3f408
09ddf902
11e129fe
26f9e802
0f12010e
e6f10a07
180207b8
12ece2db
0725fed2
d5e829ff
1cebd3e0
fb26bbc7
8937dde0
da1c17de
19590118
e6fe08f8
03ee5302
f5e90902
1e3210fd
130725fd
24fd0702
38fffaf8
1003fb1c
d7f228fc
000a0202
f8d3fc0f
fbf8eef5
0c04dc0b
0202f0ff
ff0500ff
0306fb0f
0b171501
eb11fc00
07dcf415
0d31f4eb
e101c2f4
cff836f7
17f21df1
f3ddfb03
f501fb13
eb28f913
f901f5fd
fb18f5f8
0b0011df
d104f7e4
ecfd09f2
020902ec
ecfb180e
f1fa2612
0631feed
e327d605
000107d0
f601faf8
e90a0311
fe0402fb
f00cfb09
04fc1004
f20901e2
0eced9f3
1cfaf5fe
ec070004
f1e8050a
0afa07fa
e906e9ee
05fa0a0c
f524f907
f4121315
ea0ed8f4
34f712fe
e211fb0d
082407eb
f3ec1cfb
071ed80c
05fe0b05
f0042102
09f9151e
0af3f1fc
fe02fbf8
09ddf4e0
01fff402
0eef17f5
05fefcf4
e903ec01
09001307
e200ebfb
1200ff0c
fc010cff
cc134304
f3401d10
e7e60102
fd5107f8
f00000da
de00ebfa
dcfc0ced
eeee0220
1006f6ee
05340ff6
02faf408
1f25fb09
ff01efea
0b0e0309
04fa03f7
fffc0b0e
e8fde004
fdfe1803
f11fecf8
040414ee
27f8f427
12fcf500
bff217fb
f9db02f4
1cfeda0d
0005f0f9
16f301eb
070c1f06
fe12f905
e9fedf0b
d70704fd
fcd10af1
d8efdb18
fe2adee7
10080301
e1cef004
f30904e5
f403f5f3
f7ff0504
f0221807
2114dfec
f0a2f3fb
161af216
16ef280f
1afcfc13
bf0309fc
11f5ea0a
f0f30813
121ee007
0523ff05
06e6f4ff
0203fefc
e7f7dd00
ce06f6f9
faf0fa0b
0ed90130
f20111fb
000f000a
ecfcfc03
ea0ef70c
cb0bf8ff
d2020807
fa1503f9
0a18fd09
03deddfc
15f9fefa
023cff01
e7e4edf4
05ff0a17
cbf208f4
0cf7f9ff
faee03f0
fe1215f6
09f43bfb
f67e06f4
05ae14ef
e6fc56cd
06ff13fa
2c050afe
f70e0e03
35e6f40a
fe100afc
0530f20a
ddf2d205
fc000b0f
2eff12fd
effe0aff
fa0110ed
15f3f402
f81510ff
fbf5fb0a
0a0deb01
ffedd5fc
04ed0b00
1ffa00fa
03fdf504
fa10ec03
0bfceffe
083bf702
03e404fc
faf51407
0ee40201
0ffdfbec
0bdb01e2
effac70a
fbfeea0b
f5f0030a
f6e211fc
0cec3df1
1e0100f5
f4fdfcf3
ea140f2e
000f260d
0820020f
0ae6030c
eeece904
4b0bfc09
c11410f7
190102f2
100efe03
dd130de5
f3d8100f
0ae0f60c
1654f202
bbeecbdd
f90f2511
0c03e7fd
3204f1dc
21162aef
12eff616
fa5a0209
d1fbf6f9
e8fa10f4
250af221
f301f51c
f8fb07d8
e4078102
09290efd
1b2f0009
eb190520
08fef513
1f031105
caf0fdfc
ed0e0bfe
fcfcd4f8
0c1b05f5
f7f20f05
f5e314fa
0509fed9
0efb040a
130d08fe
0df81322
ef03e9f2
f5ffdbef
fbbcf717
f6f11f09
ef02e4c2
d6f60f09
0500fe0c
00e2f0d5
fef80a03
fd1dff04
0681ffed
0e040402
25062c0b
e6060dfc
1100fc0a
13120ffe
fb1016f8
f21ae6fd
04f7f517
f8fd1c06
0af1eafb
230cf800
06090515
0f0501db
f700f603
0117fa06
0719fdf9
0a200106
0e00d9fa
1103ff00
17f8f905
fbf6fe0c
0300f2fc
eb06120e
08fcfbf3
144111f1
df0018f2
d2000705
e805f623
140203fa
05f7d6fb
fce3e5f9
050f00fb
f5de0b19
fe051e0c
e20004fa
bd0b090e
f4e507c4
01282ae9
e3183210
ed1aea0b
04ee120f
0ef2f12c
2efc05f1
ffeff3fa
f9e8f1ba
fd07f20a
051ff9fe
ff0405ff
0afcfa04
15ff1203
f2f103ff
f70400f6
f2111008
f5f227f6
0529d5f4
001408f1
07e9fef7
21f9faf4
00071ef8
dbfdf4f0
ebeefb03
e819c8f1
fdce0aef
f6ab0005
10f606fa
ff01fef9
ff04f506
2afdf501
0a0af203
0c04deef
03f4ee0e
f1f8fb01
f1040301
fdfd0c06
1bf6f7f7
0dfb0c05
e61deeeb
060e09f8
ff1e4503
f51d1012
f3df1003
0c0b3e0a
ea00f40c
1af3eff7
012005e8
dc03eb03
f108e6f9
f6920211
0d08fbfb
08050cfd
f20213fb
20f8fe03
1b1b0426
e9fa1900
f8e60a01
fe37fc12
f8cc18ff
e5ff2df8
eff2fc00
f200ff01
faf3f9eb
0722000a
05e40308
f42cfaed
0917e7f0
f0040ce2
1f0100fd
1a0af80c
00ea070a
00091c08
f4171afd
fce5fbed
fdfafdf7
f802d5e5
3401e3f3
f5fd0d0f
f50ef305
051719ff
073226f5
0323f2ff
fed8f015
56021c05
e8fe06f5
ccfc1df6
01e00010
0320f406
01f6f207
023d02fd
f113050d
ed060cdf
ed07f1ff
0ff90af9
0801010f
11f8fd17
03e8beec
0f1a06f7
031eebe4
f1f84c04
e0f8f90a
edf70eed
e4080d20
fbc624e1
f5818b36
d4e97fd9
497f1098
015a43e7
3c2b7ff0
1c24e2b9
191fe807
c9e3e1f0
09e50a0b
f8d7ff17
f6f22edf
1606c1f7
2ff807f9
ddfb010a
16faeb34
0c01ebc9
f9c92621
d5d0110f
12fb26fc
2e070af4
1e05ebf7
defcebeb
1610e01a
f9fd25ff
e91918f4
fac2fb0d
ec0118fd
f304f11f
ddfdfd02
f9fff5fa
0a02f3f8
2df80aff
0df609ff
07040f04
f6021a0a
fa140f00
0efdf7fc
1500edfb
fb040b16
d3201403
080601fa
ed5506f9
f3031e0e
1202d310
1d09f6ff
d5f51a00
0202edc7
de0505fb
f72513f9
f6fdfe01
0cfde9fe
fa0ef9e8
230efd0b
10fb0616
04fffee3
f6e40bfe
fc0be3f1
009b0bf5
d923fdf8
10123ef7
edf3fc10
3d06fa06
eef80c38
ee03f61c
ee101efc
f2fff0f8
fc21d4f6
f1fc1e14
1000f4e8
e5ff0efb
ebf90505
1e08ffe9
fae010f6
ecea0d13
02310b08
18fabb0a
00000219
1407f4e7
28d60ada
d3f70efc
06140517
12d9f60e
d90f12f9
fd07e9d1
3404eb0a
eb020802
fb010538
0dfaf105
d6fac6f3
14f80af3
fa58f405
d2021901
cff4e606
2c02ebf6
170cfb2c
ed13f800
fedded05
f9f40709
0aee13f6
050b0aaa
eaf8020d
1efd0cff
06f90aef
000403f7
fe2cffff
faf505f1
edfa0dfe
f206f9ff
fef81104
1df7f7fd
f7f70af5
2407dc02
fad5defc
13d8f1e4
fb140219
21f4d61a
c107fee9
f00302f4
f7ecff5a
203ae6f1
f413f3ec
ee4cf805
22d71303
d704b304
f107e808
f806f107
02f813e7
1bf4ff05
fde0fb05
f8ad0208
e612f1f7
bbfdce11
0efb11f9
ecfc08ec
060d0713
0f0719f5
0eebd900
0e03190c
1de947e7
44051907
def51301
2aff0305
f605f732
e6f304f8
0503f9fc
fb0108fb
fd2619ef
ff060b16
0df91100
1a03f4fc
1512f0f2
ce044df5
fd184714
054ef002
fcda2315
e7f5c80e
cffc08fa
f2fe0305
f60908bc
daef4f03
f928ea10
ffd30efa
e9d1000c
fa0b2202
fd111b02
fe11f102
130e06e0
06ff3e08
0413edf0
0de40003
e906f706
0b07e9f9
d20105f9
eafb0af5
e8fc134a
f1ef0a0e
fae9d31a
03bdf1f7
fe3aef08
f905042b
d0f6ec0b
0e0303fe
dff110e3
e50ceb17
00f408fa
001ffdff
f8e2e6f3
d4f8d018
43f6faed
20fef9f4
1301ffdf
eff6050c
ef243cf7
f727f5fd
16e616f1
0cfb2331
e702f003
2807fe0f
fdfaee25
2f140919
0efb2803
f8fbfb13
f7d601ff
21fffbed
fd020604
2b0e0a05
0e2207c9
ece81fff
fafa070d
0508f5fe
f50429fb
e7f6e1f2
dcfaf50f
b9ee0301
fbe00217
d60e08f6
e51801f6
f04905f1
e1d409ec
fdf301f7
f8e90201
f7f50106
0c14e403
13e0c61d
f837f1fc
0c2cf503
042e2709
180119f1
1603e8f7
0cf803fe
fdd614de
bcf9d11b
dd122a18
19affd0b
00e0ed0c
3803ef01
33ef27e3
d9faf2fe
00d6f917
e5ece80f
ee0e07fe
0d34fa10
09d5fe05
d2f81d16
01110008
12fd0614
0d06fce6
edf0e401
fbfe1b03
03cc02f8
29eef909
f6fc2015
0102f507
d9ff020b
04020cf8
1704f019
f61a2905
f742eeff
1804faf1
0df42be4
16f7f8fb
fdf01ef9
f4e00ad6
02ef11f3
0dd303fd
03cefdfe
02e4cb09
2cfcd3e4
1f04081b
e30110f8
f9fbfb3d
d21413fa
0ae94902
f8200df4
f8a6f713
d8ffcf12
1cf2f812
04f5f11d
130cf5f1
0304110b
fc01cc0e
11c80703
19d400f5
e40d0806
59f80816
2107020e
0b0ff9fd
04090404
f5ed00f0
1b26f50e
fbe015fc
33fcc3de
4c110d04
f10c08f4
1119f82d
12f5cf0c
09ce310a
0245f809
3b081515
dffed2fa
f0f40603
080e01fc
14f6e0d7
f4efe1f5
f120cd08
0206fb08
11d62410
e30cf2ee
e205fcff
fefc0300
090be5d4
18fbf6c0
ff020407
f3ae0cf9
0f34fbd3
ca02b1cc
e8eb03ff
f1fa02e3
1a08f911
1cfafa01
e8d9f4f3
fb0502fe
05270400
07f50c0a
1b05fff0
0f080110
f109f419
f400130b
0713f1eb
ef1df908
f9d9e9ff
e100e214
a81d09f3
0cf7fff6
f905026e
f80013f7
011c01f2
ffed0303
18f80706
0aedeb02
ec07fc0d
dd13ed0b
f80af62d
fa1b57fb
fd00c50c
09d014ef
d1130511
0805f51e
0c020df6
e615fa0d
1904fe3a
2def2217
f2f6c9e6
07d4fe02
0d2eeddf
e800f70b
070619ff
350418ef
f8fe00e1
221a9edf
ff9cf80f
09dcf61e
2df8ed0c
11fbd8d9
0ff9f3fc
0cf8d802
0ef00fe4
e8f8f606
fd2200fc
f72bf80d
e60cee02
d3031330
32ea09fa
f0060204
f8ddfcf5
f703f3d9
fdf1e610
f51d0bfd
0202ed0d
c606c5ea
cbf9f618
2e02f006
1d15f015
e1ff09fc
000a02fa
ef6808fd
10f1ddfa
f30d4312
d11bfbfa
faeefaf7
0b100919
e1ea0207
ee08ebf9
04e4f2ff
0345deef
f7f6e6e4
defdeaed
fcf4ef0f
0ce8f40f
230dfc04
011d2cf5
10fefcf7
eac3d9e2
02ffd30a
02050c0c
e707ff15
f7e3f92f
fc01eced
fd10fe08
042f07f6
0413f2f0
f90f12fb
f900ecf2
f8f409fe
e4fefeeb
f506310c
0de9f41c
020a0117
db2dd810
ef00ae16
7fe50b02
f3090ddc
fb0601f9
0c06320e
0ac8200a
0ac0fb04
18f7da21
130018ff
15f5f6f1
060b13f6
f0210d0b
cf062f0b
0a1347ed
fbdb0302
f0d3f10e
d505e8e9
440f0f14
2201fbf3
04f5e5c8
05fc1bfe
13e50d1b
f7f2fb07
07020cf5
1cec0fe1
36fd1b0f
01f5f3f0
edfe07fc
f6effdf8
00f9fa05
f98e16f9
0414f910
ff0c0efc
58021413
f905ee08
fd1c00c8
0bf91210
13fc0cf0
0b29f309
f9e21007
e0f61601
4a041609
ed070afc
ffe70702
0402ff1b
f1d9f3ea
fd040106
2e71eff4
1efa121b
f6eef607
1f03f9fc
0300010f
23e8d017
fbf71b04
04f800f3
f336ce12
d9fc1633
fd052cf8
fdf605f9
01f50b7f
2dfa3d0e
00f4e917
103b05f0
e93409f2
eb03011e
f4ebfaed
fef6f5fb
d9f81843
0ef8bd02
fafbf11e
0318f219
07f419ef
e902e609
c80d0aef
e2ff0fff
080a0e33
1af2fed1
00e65908
f0d006f8
142f0bfb
fe13cde9
030819f3
dff7fb07
270507d1
e2034806
fb11e2f8
ede7fdf7
fe06e3f6
1b042fc8
d804faff
fffc1700
04011208
bb050d02
fefb1316
ff08fc0f
0a1701f9
f0f70b01
f3f4fef6
1a19f6f1
0e160219
da1a9d7f
3de8b5f4
17f944b1
f213b952
a9312bec
dc1ea6dc
eb30820e
85901f1d
ac00b800
edf80308
1fc8fa09
e3beef13
3005cc18
1df70608
00fcfb0a
facee313
2608f814
0d24ec04
fc08f510
fbe90af2
d9fbf834
0006ef02
1afefbff
05ebf51a
0c001707
ede23707
fc18fe06
f1f4e1fe
eef2d00e
eaf40c0b
f7f102fa
ee03efea
e820c9fe
01cde20d
00f9fa00
0c08e5ef
fbf3ee11
38f304f3
13fd13fb
0b010f46
0ee24912
08dcf907
0dfffd0f
eeffdf07
0bfd1beb
dff0e30a
d9fcf908
e3ef0a24
08f404ee
fdd83806
fc44fbf7
f1fc0c00
1700f900
e1ef00f8
cf0ee915
f7ef0812
daf4010e
09351818
f3340501
f0ea1cfc
cc01f2f1
14fef2f5
e4f7f2f7
191aecfb
23032c08
0435d10e
12ed0b10
e0e81bfd
21f90f10
0c0a02fd
09f1f9fa
eef20bfb
d90005f9
f830f8fe
f21cf307
f61cff02
ed0b1f2a
cbfeecfb
f2f304f8
f1f7fa2c
f41d1f0b
f50e0801
14f1eee0
36060e13
0dff52fb
04f7f5e1
0cf203fa
e70f21e5
310925f2
01fc1400
e70e030c
f914f51e
1101e309
050e0c12
040eff04
06190305
0f0214e3
07eb0900
16ebfffb
031a26ff
f4fce7e6
06060108
ef10f0ef
dc0cfc24
2804c5fb
ff041f00
feb2fe0a
fd0a0802
fb0e1cfd
e70901fa
410203f8
0ae50c44
d4030d01
ef0ad40b
e4e713fe
f8f63d02
db023a02
05000517
1ffd0b04
ffff0aee
341615f3
171f0d0b
14eb0909
fefed8f7
f800011d
db080006
de030ef2
d401f5f3
01011009
f139fd07
04df05e6
e410fffa
fefcea07
b60113fc
0d08f5e5
11120aef
d4fd13f4
fae30c08
ff38f7f5
0ef8ea07
fd02ea07
1609030a
d203040c
140a0923
27f5fd0e
05d6d71a
f2acf7ee
07080006
e8060ce0
f3ea04f8
f7f60e02
e5071714
01df1f0a
f22ef51e
f2f10218
faf20025
cb0ed3e8
e3f5f5f5
1413e71b
14feefee
1afa22fe
fbfcf306
1a2f00fc
185517f9
e20f0e18
b916e009
1409f604
0ed6f2fd
1d0725ed
ff07f5ec
f1fb05fe
40cb0a08
f502dde8
d2f6fb07
07fdfff3
ff16fb10
e2f3d3fd
e8e00911
fde7ff0a
f80e1a0c
f1ea0a2d
daf30cfe
f1f0ef20
fae1f8ef
15fffb02
0dfff90b
0be2f306
0c03f80f
f403090f
46f5f2f8
e5f50ff8
e2f5fd03
0bed3a06
e33af3f8
01eb06f4
0ef7fcfe
de003cfb
0df20b09
dff9f114
ff0d0d16
1327e8f1
08ec09f1
02e70ce7
e4dfe8f4
11fc07de
16f4e0ed
f712060e
e4ec021b
f70dd80b
01100bfa
06d2f8ee
14a70b0c
25f428ec
2ffbf9fe
df010906
f5070612
05130eee
fcf22ff7
0dabf407
f6d41015
f0ecfefa
f509f305
f9ff0001
09ece925
fe131c0f
0511e80c
f9f6060e
28db0cff
fc01f5f9
e701f10b
1c040403
010801f7
e5faf007
0afd27eb
fc3606eb
0dfc04ef
11fc34e9
180bfe01
edf704ff
02fefbe0
081526f7
111f0402
faf30b13
d30e0604
270914f9
951c11fe
0f050df9
1c2cec0b
1c0de9e6
2635f6fb
1052fe07
e7d91005
e4faf5eb
1cfde5f2
d606f002
f100000e
120a31f6
fafb1513
e13403fd
f90cff03
e5fd0327
d7ff1c03
2709f9e4
2104e8d5
faf0fe10
f3271807
04e10ff0
08ef02fe
41042a18
df00fe03
1408fc08
09fbe705
fbf3f116
fbf0e6f8
0ede00ee
e6f6e1f2
17fff0dd
fc0d0ffc
1af2f8f2
0ff40405
f01efef8
0bfb00fa
08fd04f0
1c300f10
0ef2dae8
590b07f6
f6f5fdf4
fa1bfad1
fd07fff8
02dd04e6
00c7f817
0a241b1a
1ef3fbe9
ef130808
cd110d05
0a1a1a20
fc14d605
f4eb320e
f8f3fb09
eee305ed
fcfe0e06
20f60408
07f0f800
fc0c040b
ef0ef3f3
fffc1500
0de2f806
fd29f911
f903fa13
0a05fd16
03ffffff
08f3fdc9
1e05d6fb
06f1e0f5
1a5deffc
e01c4418
2aef0336
d9f1d807
0df7fe09
f0f61046
290d1307
09df09f8
fe14ff09
0af9ea10
f6f7f6ff
25f6faf0
1fff05fe
0af203f5
df141401
100809fa
f66df90f
f8071805
ddfa212f
3bfbe9fe
f4fe04ea
f8eefc2a
edf323f1
f2c91108
1435fef6
f8f4040d
cef9332b
25f6faec
ebf0f8ec
fafc0d0d
d2f6e902
fe262e07
f73207fc
cb0208e6
0807f6e9
39f2f600
d0f21201
05fd0bcf
fe0d11f5
113f0f14
ed1209ec
f6d50ffc
030d0908
06030efb
feff050a
fffc041a
f015ff0a
08211807
f033fbf3
f3e0f1fc
1ef45912
1405f107
05f605f0
f50d0c0c
d303f801
f5d3e10e
0313000c
14dff401
da01fee8
e3011104
fefdf8f7
fcedf414
d7f8dd0b
0af3270c
f516fe06
0e081b07
d8fc1c11
ddf30004
11f20604
f40ffa17
df020a01
f6ff2e03
22c2fcfd
f4050003
b000f9f5
0cff00fe
f102f003
0b0efbfa
cc0dda0b
0c15fa17
effc0303
f7fb2716
ecf9c0ae
2e060b0d
e9eefc06
fdfff9e9
f0e6f905
fd00d8f2
151a0b02
f038000a
f20212ea
51030000
f810030c
13230704
f006d117
0b0eecfc
fa770205
f2ecf2f5
e40c0e2e
e7f604fe
d90806f7
e602f4e8
fffe0cf1
0e0cdf09
fbc407f2
e7d136f4
22040908
d50aeef8
0604ee0e
1117041b
11f4160a
fcf0f2eb
05fefc12
0d02f5ed
1df91cee
fb080f10
0010fe02
04f10ff9
04e314eb
f11a06f5
f3b117f8
0a0cf8e3
ca131ff1
18fe1dfa
d3fada12
1aeaeddc
1706f110
01f90510
fd21f809
0be10c07
d6f7e309
0404050a
1e0300e9
03edfce4
1319df08
02e9ee04
08b7f0fb
03e302fe
eff4efe2
2cfaea15
ec03fef4
ff0c011a
cb054004
07fe0e1c
f2b5faee
00e0f703
f2f611e7
dffc1e10
1c070307
0bf3fbfb
fa00fdf7
f8e70307
01f609f4
ed0c1be8
1cfbedfb
14f3db06
07f5f50a
07f5e3ff
1124f12f
f320e723
2f02c4e5
f0dff352
2fd1481a
10fef6e3
c1fcd334
de980731
f204dc19
042600fe
f8e70005
f51f14f6
fff31100
3afa1f01
20000106
ff0302de
fb0dc2f8
010f1cfe
f0ff0e05
1d2eeee7
f7001ce2
f3feeaeb
2406f503
fa17f1f6
1ef2e50e
0cf71eeb
fbdbf6eb
17033e01
f3f01134
bff7f6f6
f3f3ff00
05e2f9c5
03eaf9fc
04c70200
08fe03eb
fb28f715
05ec0ee6
11fbf506
d8040e07
f30ef62b
1119bb08
04160906
063b06f5
13bc1f07
0ff81e30
eaff11fd
1e0620fa
fb150cea
32faefdf
13db140a
f5fa0805
fbd209f1
ff0be9f5
c5fbff10
2213fcec
fd0eedfd
09eae8f7
0ae606f2
ea0e0a03
09ea02fd
ccf9c930
a715fe05
1309f10d
1007f747
06f7dd00
0beceefd
eab506f5
0c04f2f7
2304f9d6
3e020615
2d0d0a09
1c1efdeb
f60a0b07
f80307fe
0d04fe12
f64eeb18
f3f70d0f
7cfded00
e0ff0805
f20dfde6
b61add1a
f2fde01e
c50425d4
1d180918
f6fd7fde
122827e2
f314d1de
d3c6ff1a
f5dde20e
0733c4fe
ff1413f0
f60205ed
15fc2c10
f1f9fd1f
fb040702
0f140bf3
f80a4af2
fbee0bef
050903ef
04d21701
26fa2e0c
ca1804fb
0d050016
f709fbdd
ffea1111
ff2106f1
0c32fcfd
f4d709fc
f3f8ef16
eb0312f0
eefc04f2
00f601ed
e70f19f6
0eed06f8
ef181202
fbf10806
030c27eb
0601f4fc
200509eb
ec1cfbd7
ebef1dff
17391dfd
09fb0500
f2f613ec
f4103132
00f508ff
11030807
18edf9fa
23f10f04
0cf2ff16
06e6efff
198d1e0b
f4f61900
14fc0efe
030bfd0e
07fef212
321318fa
05d7420e
eee0fa0f
17e000f8
0403fccc
f819f712
fdfff30f
1b04e3ed
23f1ddef
f3ffbd07
ffaffcf1
2207f108
f8ffce25
0501ec06
ff08eeef
0d0a05f7
07f5f300
f5e7140d
02c7030c
f306f70d
0206ee05
fa010610
120a13f3
23f50400
2df9200f
05f0da04
f802f6fe
fc0eeed6
0cf9fcf5
faeeff07
0c0e29ea
12fb0d2f
fefdf105
eeb7fd08
07ec0806
23ef07fa
090337eb
d7060ff9
18f9fb15
edf8fcfe
06eb03f3
110718be
d612d0fb
fee334eb
b50119ac
fa25fba1
042017fa
0ae81d2f
12d410f2
1a06270a
f5fd0d04
14e9e2e7
14f0ea26
07e916f0
1b38d211
ffd8d4fa
f223701c
f330dc20
cb17c302
1d01102c
2bfef0db
091dbebe
03e900d4
0802d6e8
3f12047e
34e60824
33ffdae7
1f00fc3b
e9cc1ae0
dfdee904
f5fadc2f
06d009e4
163c18e5
f225f51d
ee04e10e
ff053113
e5cc071a
de4216c7
142d15fe
1de3ceca
e706110c
26433620
1137f3e5
f4d53fd9
fdc6f3fa
0a022ef6
3afd1604
1946130c
0f14fb33
0ce61602
27ee1eba
090cd1ea
faf21e00
d35019ed
fdcac51c
4401120e
1eef2908
eb1f11ea
00f10520
fdf9f1e5
013afdf5
f8aaeb25
ea49e132
05131a14
ed00eadb
c90c0b0f
e5031fdd
fb112057
4be3017f
f4e40fe3
e2e005ec
11d6fd9e
01cbc10f
15d20be9
14f408fe
2aece905
20f827fd
29910733
daeee3ee
04d3242c
10ee1be0
079e13ca
e9f7f1ec
0c194acb
0e7af52b
ffe5d740
1418fbfd
054230d0
0dd5fa13
3601ebfa
e444e3f6
fed92cea
11cce20a
39c5effa
e427fadb
0c0114f7
eacb01e4
fced181c
09d8dbfd
151c2812
0332fbfb
050a10e6
1fdc00ec
fbe7ff0d
efbe13ae
4ff515ed
b7ec04f6
039fdb28
02ccbce1
cf266233
0ffefc2b
0d0ad93f
fdf6f900
fbfb153c
13f41dfc
f4ee41c6
f8e112ed
14071338
13e20860
0b16fd2b
252cc52d
30f71232
fde9ff28
e1fa2f10
b21bf8ea
e5180e18
fbeffc00
ff0522a1
ffaa3dfe
cc17efea
0e2ce31c
f20fd814
fed015e9
df10d0c7
18f00729
0cd1c106
14f024ce
fb2a1f2b
e61ce1ea
06f5fd18
12b5bfef
1cdde2cc
3fbbcc00
fe983ded
280929f4
26f5f503
f9d681fa
7fb709ba
00c734d5
1ce021a5
310666f7
093ffffb
fff130c1
4a00d53e
221aebfd
09cbfbfb
1a38f8e1
f8fbb63a
25f8d310
ffb4ec40
c811e034
e3050012
00d11e0a
feee16eb
02e5080a
130be30d
2ad11808
0fbe1313
fde0f023
0028d211
3a46f010
11d412e2
e55e023a
bffac60e
f4deedd6
04eb02ef
2afc5c61
c21edc2c
1cef0511
03bb2bea
47d9fce5
fd0d3ed8
f9ebdeab
fa1823e5
1cdf24d1
f0fbf004
ef47150a
01faf80e
f426f036
d0c70cdd
0a06f9d4
0af8043d
ca582c16
eafa0229
e6e6ec0e
17cf03fe
235de5fc
01182902
18f40d03
f701f39a
d6142156
ffc02bb2
ff1ad7ce
07530dd0
28020c06
0c0df128
ff0f0d05
0b09f903
db123a49
e90b1545
01d80102
1f24ed0b
cb13bae7
94def1c3
b6f2eb08
04c694d4
f318242e
bff23702
2e401307
ed60ac0c
edf81d28
e4bbdaeb
091df3f3
08caf93a
04fdf5ec
bee8e608
bc2bf4f5
1dffeafa
3b510910
ad04a8f6
eb03fbd9
08b8fff2
1d2a03f7
fa10d302
f100f5d6
fc0b1139
0820fa15
15d308d3
e73e1427
14030edc
00e0323a
0835ffc7
0e13e4f0
09ff06d5
e1c726f6
a7e5af8a
313fe5d1
ffe4f712
e7b84bf9
f906cb0e
f9150330
23f723c3
cbd2ff15
28032be7
fa050f13
01fb2e01
eb270424
15ff0b08
ecfb1ddb
2c08f6fd
f7fa0bfd
0917e701
09e80102
09e7f7f9
fcfe150d
0f0f0201
2be502fc
0b19131e
0ef5ddee
dcea02c9
3ac5f0ed
0223000b
08c7d928
fbf81ec6
f3cf14c9
15eb21f5
fd30fdf7
0ef43664
106004fa
10f716f5
e31bd717
fabb4701
15d3f512
e7df01e7
e6191315
f4e4fddc
0a2b079b
01e932d3
0977d8e2
470cc3fb
d5d506f6
0c4631ce
22ec21e2
ae9f0010
fbf8891f
f8f342f7
38f11113
e5112cfc
eee2100a
f1c31017
e807e92a
03e70a15
0927e035
07d71fdc
ac065e2f
fe5adbec
09d511e5
27e1c71f
2305f1d9
57221dec
eb601018
02f6ee0f
f1f637df
280c0814
21df0924
eafedecc
5d0018fa
061809d7
f641d603
fb04e024
09eca420
f01127a7
e6d20b40
01e56ed5
e92513d2
0312e82c
275a18e1
003c0d1e
12220e0f
04c739e8
393ff304
08fe0111
12e1fdff
f7e1c4eb
015622e6
02483620
dd3204ca
d6200ed0
0444fc25
e5401848
e1060912
e1fc2d20
f7e8f1ee
fdb8bc19
0b23edd3
15ecbd06
23fbf7f8
1ddc0808
e44122f2
fae9f4f6
e6110a22
0eddedfb
ec04fc9f
d6dd1cd0
2a080a11
0804f3f9
0a1e2324
b9dbef0c
b6f6dcd7
fe1d36ef
e5e8fa28
0711ece3
1dfd03e5
d6281608
11db12f3
e31913dd
1e325a3b
23afdc04
eaddde1d
c923e267
2611fce9
edeb060f
100807fb
1de7e2f8
fffd020b
0e1027d6
be344b0c
9e26d900
f0e41409
01b9cd20
ede6220c
f056c211
f4aefab0
020a0710
1ed82a2d
3609f520
df16dc0f
0949b5fa
e3ac150e
0b19d5c8
daedf5c8
04fcf6e4
c50ac05a
07400610
bf0ff8fa
fcd3fde9
1557021f
25e5c9f3
0c15e1fc
000e12fe
2ed0fb31
f0181601
ca1afbff
13d0cf2d
0107e5d7
4503eb06
09da1922
13d4eb45
ffc2743f
3c15f1a2
01fc25f9
37050c2e
0410fc33
43813a21
c5be2610
164df63e
fc1a0d0a
15241f18
ea36c433
ff0ae414
c9d4acf7
b92ac316
d6f6ec43
0209d3df
fbb22ef5
dffeea11
e11ed005
e84fe008
0b1ae401
b925acc3
c9480cdc
152bf9f4
0352eedc
e0ccf9d7
20cc0e2c
f8e208e9
082ac6f8
1d142714
0fe632fe
044c0bd4
ffc4bceb
0c1e0b53
ebf50d09
efed23e3
2032d91c
e72ee813
08f5cf28
06eeb1df
ff76a6da
09eb3004
18e0ebf5
13dd0514
0ec21fd7
410ee84c
d3140222
02bbe30b
ffd40cb1
1ee80b0d
f9fc301d
07b811fc
aefe1316
1dd77b26
c0f9f03e
0833bdb4
eed6c948
16b90adf
09f40c0d
252d62c4
1751f950
31df13d4
08f7f1dc
06fa01c6
fe26f7f3
f82ad218
30f14809
1b4443fa
39d10c02
22e3dfe3
d19df6c2
fc98e03a
ebdc1bfa
f0ea090a
030df3e2
ef19f712
0ff2f317
edface0c
fda2f509
0dd7df07
01d8fe07
dad2e60a
191e2913
fd24153b
f9ebfdfd
38e72618
e328d7f8
02e4e625
2617f8af
a3140245
5b2c00de
15ecf308
0514d6c1
302b5247
070d04f2
0d16321e
ee0cf429
fff9fcfe
d50724df
f639e10a
e20efcee
c1e5e80a
16cce410
0fdc2254
f2e3dee4
4b10f602
def5d11e
02b02622
02fafc24
b814f0f5
d1a30612
022bc01f
2ce42e15
f4ebc81d
c5e5321b
ecef9b2a
bad5d82c
23f62312
ed20c117
0a04d2e1
e6b211b9
b33af7cc
183e0607
f4130051
c53ed1f1
b909c9e7
2a7e04ea
050df91a
ea1bf9df
0b2e34ec
f2f90914
dc0904f6
f8cb15cd
100fcbfb
fee00418
0603fb0f
fb347f03
d7dd39fa
f6f11511
d6faf524
ecedfc01
2b09e3b7
03f91f01
03e6050b
f7be5e34
25efdce2
0fefdc12
0d15220b
13181c2a
35031cda
1014f6d4
00f90cfe
24bc2ed7
e04ae0f9
0b04caf0
eed3cdf0
ffe5d9e5
e145f5c9
e93c127f
04161f19
35a519e5
49bc1607
bbfef9c3
3ce436e3
0fe1bbdf
09d5e5da
0e2e16a6
0bde345f
0618f51d
32d9e6ef
17eb27f6
ff3b27ea
e44a1114
05f94351
fe03cf58
130611d0
f41cf412
f60ffd01
050a066a
bbf00503
dc160bff
eb26f2fd
0ffe6409
27110fef
291806bb
03bed91c
ffe5d009
1720d419
fc00fae6
2e45efe2
37fc21f5
0143d22b
58c6c40d
ee263801
12c6d21c
1acb1e5a
03f208f8
bdd019e9
d94300e2
fb1fdc17
030b2af7
10deb9f7
baf815f9
eb0514c7
defe130c
21fec210
0ddd091c
0bb923e7
f20af0d2
f6bf450e
e3fdf8ee
ccd7ede3
208f2bd6
f42a2545
fbeae212
10c94226
20d73452
ce070916
e8eef5f5
00f44706
05c223e8
24efbdeb
e5e8e8c6
fbedf0fd
0806ca0f
1ef2f414
efcd34f9
03010901
0610f8f9
c8df2034
31eff248
001b0e81
afd61135
d3e50ee2
eea3f31e
fbf60629
0ea74708
1b0a0210
051500e8
04064812
c50c1e07
26ff43f8
d3f8f9ee
26f3edfd
dbd7fb03
e6d7e9ff
efc600f5
020e28fd
0ac5eaec
f91b0cec
fd421c05
0532f5e8
ea0c12e3
c3d50847
18c3fff8
031ef71c
2d81760d
11dcf9f7
f6d61003
29c6e63e
531d02fb
2705fc83
c810e8e5
03d7f95b
d1fdf7f6
f92dcee2
df1e1ffd
f0fafb09
01c7f715
c6a6f60b
eb01b11f
fc01b115
e30e2614
c920c97f
f026e9fe
f42124f8
1f05e9ee
2dedca0a
f6ef12f4
0c001aa8
e8306306
e130ea2f
c640cf1c
e2ac7c08
fbe707d1
123a21c0
323b250d
124714b0
ebd02300
fff2ffe9
01051d21
f2cc1214
20f64012
22aeebd3
19def5fb
001833e1
ce2600f2
ff290212
361dc0fb
fbcbed05
0b1ee701
db25e6f4
11dec43a
01332a10
0de8a101
b3aa42ec
16c3fbe6
dff4fce2
fc42b509
dc40233d
09104050
1152f303
fa10ebff
2937fecd
25253e22
1b21de34
08fd0afe
04d420ef
e5ec1109
f80dfee6
ea05b658
e6e90e03
fce8f804
2e201a0e
34c22912
34f6c821
d1dde004
fd1ce61f
0c46a60a
f251ddd9
d6200516
ef3f0b0f
f2974509
12f22955
25e307da
feb13115
ec1315f7
2310edf1
f128e418
16f8d3ef
4121230c
f6f6a681
41e5f5b3
f7dbd90c
340ab4c3
2814bff3
e1c8310b
fb5a1a08
9cf92e06
e8084ff3
fcff07d2
0225fbb9
dbd999f3
4a1de8ee
ff00010d
fef910da
45110ef4
5002f56b
f5d9f6c5
f9f109f9
0cfb4bf4
4bc0ef1c
0b51cd08
f9d625e0
60d3f7c6
59c43d09
22f50fff
0623df3c
1d281bf9
0820fa23
ff2307e7
eff8351b
24f90817
eb1c2a0f
35d9f7fe
122712e5
f4252815
deb8e6d1
3ddad830
fa171706
0f12d405
1af70b01
fef10142
05e1e2ec
012ecfcd
4f2a1f20
ddd3fc21
0119d0ed
e6ea13dc
02c33b09
35f1f822
0331eade
1efa2bb0
28e10821
c0110204
13f427e8
06ccdefe
fefb240e
e2ceffea
0de2f418
f711f5e9
4520f914
131ef33c
f50af9de
f423ed08
15f5ed40
f1f6e209
00dbf8cb
f700472a
7f17f314
f37425f0
0e3f1225
c181e33b
ecf215cf
fda6fbd0
efcbef28
f8f7f849
fbf9e4c4
f122db07
0d1dddf0
1e19ec21
0bea0415
c9dfe9c4
06818322
0928b6f2
f9c415ea
e8b620f3
f003fb1d
ea34fb28
ea13eb0b
f12a12de
075a4eb9
f6d20cbf
c80e1ee0
412109e5
1811e2f1
fa1db63a
b211ed10
13f93cf1
11d7fbec
0d0dd3d2
ed0d10da
381cf206
11b1b017
1df0e712
21b1bce6
05c9eed5
ff2108cb
12d5f261
bd19d2d1
f017fb17
f1f4f700
a929bce6
382e1e3a
15e0da19
fcd43e25
16ef03a4
131efff8
e5420f24
1d0833b5
4512f8df
3f20f9ed
1503c7ea
1ae5f2e7
320c1a84
1f061d1e
0832e112
f5c7da14
dbe23305
3efe4f12
e6d9d20a
01e3f4d5
09e62d28
d1f5e6e9
182d0ee3
1bfce529
1bf4ff33
1df2fc88
fe30c020
06eb0f51
d60a5000
f3dc3abb
c1e90000
fbd4e4dd
fc051def
3f150f4f
d509efeb
05d52fff
d6041dc1
ecdf12bc
eaf61d34
f5e47ff1
e01e2adf
f7df1904
c913e01e
fb04253c
3c28fe17
e9e5ea2c
085ef60c
d91a58e3
39c3e71b
bbebdff1
f5c8f250
07fb2c37
08390ff5
ff183803
dd1009d6
ddd732fd
c8f2ce06
c3c01315
f94f0710
0def4aea
bffcdcfd
c2d3f9cd
0aa83df4
06171bdf
b600f00a
1dc2e729
58aceadd
0bd13ad9
1e23f6e0
fe26d30e
1229fd0e
fafaf409
d4dd162e
c304db12
ee3bff0b
05e5dd0b
e5e1eafd
0f05e03f
3ce82c02
03d1e304
f443fa59
d322e8f3
31deea0e
0432d32b
e1dde60a
e434fdbe
f9050e03
06336cc8
f801fa00
cae7dbfd
08ffcd55
08402f6a
fb31fc1a
03e12a04
1723fde7
ef0a0bf3
d4efe823
10fc2f22
fb51090d
07ea16b4
36f516f3
f0e7cfba
c6332826
df67edcb
d020db29
ffc12708
3f33f3f5
1a0d13de
0423f21c
2e0dfee4
f506e5ea
15203118
eb240000
1beffb16
f81efbd0
0403e703
bac31be3
f3fed2a2
1cd72621
eecd17d2
ff1e2bf8
ed27deea
f8391332
fef7e1e0
e632f7b4
2209efdd
ece61bee
e9420b1b
fd202115
dc1f3611
f01d3bf0
080f29c3
1a20d303
fb2ee7c1
131e02f9
0106dadf
250fe507
e016e906
f9200ce6
06d2f3df
1124fb29
00cd1f0d
54de2803
120f13e7
3252100c
0deedec7
e1271106
fb06dccd
2242f41e
0e4d2201
d816ea27
b017fdd5
d2170e02
eac523e3
1009e53c
07e9011f
25cbffe7
0eef3c13
36081ae4
e946d000
0d06e523
13cf003f
ee1ee70e
11ed0d09
0a20d54f
6aece80a
0b2912f4
0518f3ea
d3da09fc
1dce2951
0503b903
0726122e
0b0a49cc
e81bdfd6
e61ad30b
e6dce64c
02e91cf9
0730d4a9
d344de19
f80fa441
fbcc2fb1
eeeefc08
0a221205
2a23020a
f51dfdfa
33ff1ffe
0e0420f5
16a9ebca
e8df54dd
2d2913f2
fbb90dea
28dd062c
059c0cf7
231793da
31dbc7c7
162bcffb
3806fb1f
d52d0151
0f09d5dd
e0dbd0ed
e9b61418
ee931e9c
f8b0e825
fc220e45
22fcdacc
0d152712
052103ce
e2e9fd1f
22e400eb
1fef1fcb
eb225f05
15ff2a15
16d2e3e6
000be212
f802f105
0acbe1ff
1debbedc
e556f3db
1516e2dd
02f2f51f
3c0ee6f5
15e40b0f
e2162b0a
1a20c9ea
f3c12b0d
0dfb4029
15f5ff43
fdfa5312
f6e7dadd
be402548
abebdf17
f2decffe
bffc2eeb
46e51421
d924e31a
07ebdffc
fe2bd2e1
dfd881e9
c5cbebe8
f2c7c7e4
da04eef9
e70a1f6a
e72905cb
0326cbf3
d3f7c6d8
dcbdbe03
2ce30228
1c33fe55
18c41703
fffdf6e7
004ecde9
002fe2cc
19d71308
51d3c408
e543e30e
f835c211
fefbdf2a
2b0cc13a
cdad06d1
0b1d4825
0ecddbf7
32e7d82c
270ffb07
0853d530
41f3c310
ba12ece1
e0f625e8
061a1fe7
092d17e9
26ebf412
fc18dcf6
1b030a15
1ff7f0db
2521d0e8
5f58d4e9
04ac22d8
15da101e
e6401125
f3dcdf1b
10e121fb
1b0907d9
e20ef0d4
32c31aef
02b1fe2c
f20af306
efffd607
021b00ee
13bcec13
d941f308
22d4e73b
24fbe51c
0ad714ec
fc6df892
0d192a07
d7e013ec
f65904d7
e2e53a06
81e4f91e
b5282537
121ace11
17fbc50a
1b031be6
de1feb02
10031617
280c24e3
baf20b02
092ef6f7
0c0fe733
094cdec8
2938d8fc
1fda1006
1b3721fd
220a01ed
044efd41
f40c14b0
12e11abe
02d5a5fc
ca2c0e97
dff5251a
e4782106
e00e1619
ed0550ae
fe264d0e
10f61b30
0ce1fdf4
3216c303
e0d226f2
11aa21d4
1c34b7d6
12233933
c8b1e94e
06f9f1e0
4d1a1dff
d93bc200
cec30b03
f0fbb6fa
11f8cc02
08e90d45
0fbdee27
0d1cee14
c9b5f627
22f6f71f
05cd1ddc
2b05b900
03ce3bec
4bca2040
1dc2d221
fdf91eb0
16110737
eededf27
33fbf51c
ff32fe32
0ae1f19f
e91fb8fd
0af8de03
fef1ecec
f21d2e02
6925bfcd
1dddfffe
0b01f4f7
eb24fcf4
c7f4463a
1fdb0bfd
065431f5
db0a04c3
d8f51224
fdf1e9a1
a0e329b7
e806ea16
de2dda2d
fa56c7b0
17cbdbf0
fecdf976
271831da
fd33ebef
ee2e28f1
0dd512fe
f5e802db
f72007c2
fa291c21
0df7fe0e
0603242d
07c400f5
06ebf4dd
e0340322
ed1d3105
f7e92412
01d2ec1c
e934d7f1
f6e7e2f8
271becf5
fc442eec
1545f2fd
de2a3819
040bf3e7
08d91ed9
1a24fb10
3a26fed9
f906f325
1126211e
e81806e4
06511a23
f9ed1a2b
0f02f0d1
14cb14fc
1a11a9e6
c1030e26
f327fd01
43e7e2b3
20602f0d
3fca0715
021ed440
e00f252c
f800e70c
d71befff
12e6f416
0f36fd2f
0205aded
fff3fd02
1203d810
0d078b1a
3f130a0d
15f9f008
110e8e2a
3e0cfa04
36a8db21
edb8dfcd
fff866c4
ede4daee
fe2ef9c8
1816e318
1ceadcf9
314d0df4
fdf6f7e3
2202132f
05022936
2a05fcde
0905f4f1
2240081f
fa573614
fcc91ee0
22cc08fb
a624f9fd
0442f3b5
0c33ed31
1dd81cd6
372f2dd7
cb7911c5
ea1e1a1f
d80412e9
0bf1eb25
0cf432bb
ffde33cd
5516f8f8
f5e5f217
0d07c0d1
f21702fc
121ef416
bb07c8af
0500364c
0715d4fb
4cb50200
ece70a1e
0b3d301d
dde7d712
10fc1ee0
09b9f6c3
044f2f15
f6412c0a
43bc250e
f5c10540
f7a90a33
0610020e
331c0004
1bd903cb
f1d33103
04d84903
165427d1
fc14f3ef
0904e8fd
1eeed6dd
39e030dc
0f1b25f5
0adce832
0f1b0fe9
e720fd16
d662d6fa
fdfa24f1
3c170010
1a0fcbcc
eeededda
01d115bc
fbeef1d0
07fd3b3d
ef2719f9
ede10829
ea00fab2
e9250df7
0bc107b5
1017cdf6
f3a2ae20
3ce1f8f2
3102f6d0
0e1b3ced
00eb3af9
eac10d1e
dd5702cc
064e0715
fe02f901
f013f9f2
070718f1
ee09ed06
faff0a16
fcf80b02
fffe7019
f4020911
21f107ab
e5291628
babd24fd
e5d7edf7
d6daf1f4
ddfef51e
1224e229
11acea09
f7fdf21c
a328fed6
f4bfd71d
f6d508eb
28d40e4b
4035e2da
f044e4f6
fdd31835
fcf904f9
02080b03
00130004
f9f6f8fc
0ffc0504
f5def6f1
04fb7704
e6e9050f
eef22e1b
e0dff506
eee2eb3f
1cca1418
41dc0bd4
0219b1d1
f1d4efdd
fef6191c
ed07c20b
40ef103f
f6f1ede9
eed1150a
eb03f3f7
2ada0f47
01fe3235
0f0ad4d6
f4dcf4fc
0e131024
07ba0cef
303b5fdf
531b3411
16b3e7df
e8f5e2c9
00e2eaf4
0027eb08
07e10a0f
0f0a0502
ee50c81b
04c81d13
fbe3bb02
0011fb11
0928e7ec
15e7cbf8
0db30ff1
dceb0f0d
1e26ee17
e7f9f4f9
fc2b131e
32eed6cb
f70a3534
f2361304
e50210f1
f9db2815
fc17e3ee
d6002ae4
ff3b091c
12fe1328
0f00da3f
21e5f7ee
2728f512
15cae4da
0a0809d9
02c81111
dd0c4bdd
f7f1093a
0cb4fdea
01d02e07
c1d2e4d4
475203ed
16f3c6e4
eadff2e5
fc01281d
f7fb34cc
07390eed
f33e06b4
f2101220
14f4db07
070febd8
23c716ee
1103ccdf
12fef517
0be240e5
81dada11
0c9d1c9f
03f1f1ed
ffc7aa2e
c4cc05bf
ff01630d
3d360efe
fd3c1201
2a204350
f1160343
d95de412
14ff05f0
03b1f9ff
39fbfa32
312ad724
083937fa
1fecc642
4ce1fd65
e556101e
f21801e6
f611f50f
fdf2434b
0a00f6f7
03c0453b
28eca7f2
31c2062b
134eeee6
1d532923
e3f6e3a6
1df15715
0a26fec7
040a1634
1efd1935
d6e80efe
04fdfbec
ed1d1a17
bddbf60c
24fb46d2
412decf0
05d0f26d
061b1a04
b9edce05
081d140e
12e12adf
3913e2c6
0527e7f5
f9d4eb15
0ac3110a
0000ff05
f0fb0600
03f9fdc7
f1fd03fb
fd0008f5
082f0ee2
06fd070a
d3160b08
e5dc3741
0f151de1
eaf1380f
fd18c60b
ed17f414
0ed524f6
e7fcd5e6
ff14e6dd
1dcf54fb
d1e8ee38
1b0e0d0c
0610f3f8
2abb08f5
1c17d1f8
b31a0bda
09f202f6
0deee61e
dce50705
fcff0eef
e553e0f4
ed12dde9
f9f1e7d6
2fbd13f1
0206d6e1
e7cb17cb
f432fbdd
d94afcf5
09bd12f0
fd1bcde9
e43a1ed2
0bcdf9f1
fac9a859
e3e01609
dbf319ea
1cef0cfb
01240fe9
2344f9f4
0ef016bf
00f80299
0301feee
e901f9bb
fd390507
cfe709dd
19f7e306
0201ccf4
ef0b08f3
243f032f
0202fbf0
16eb4003
34ccaae5
e4fa21eb
f71ce6ef
263109fa
0af7411b
fc40fa3f
06cbf748
06eb112b
dff10a38
3921ecf9
f92ffced
12e10f20
121bd017
080eeee0
062004dd
1a110803
0def1300
43fa0c12
0df62e28
dde701fa
0313ce2b
f912ede9
0127f2fd
de15dcf6
091ec016
3d18f625
0e4f0735
0bfefe16
d11eedec
e9c203d6
070b5706
2b51fe2d
ebe92a1b
f4ebe8db
ef030318
1b1a190e
12cc08db
a5ff1716
19fbc143
31062be7
061f152c
1e05e306
0e00287f
2efd430f
14e8c8f6
24c9e7e1
fee8f6e6
f4b2f5f2
c5c1f4f9
1db31617
f80302a8
b70ceae7
c21bf2fa
02fcf3e6
0e454beb
d24d0621
250dc3fc
f7111cfc
1f43000b
0713fed1
ba094401
24b91132
0f2a04ec
eccdeae1
0d071411
0fff1f46
05ccc510
48d10c09
3d1fd906
25fae128
041ce1dd
fd05f52f
20000def
eace0407
26e32b2a
ce081425
1005d602
bef703d2
00091aea
1b2bf325
4c01c4f7
2fee1df4
0c17e70e
0501e5e1
ebe23d24
17caea14
022810db
09192ff4
1017f528
211220e2
eff5d02a
984a0216
e0fd2a48
3cd6cd30
11550002
d9f0b71e
caf615ee
1ccfeb0f
0be8f1fc
08ae052c
38200861
051fd96f
0509f225
e30f405b
2af3eadf
2bfcf211
0909d70e
25dc2acb
ba220e05
0bdce52e
0127e758
f4052bc5
3b2e1905
25de1b18
0bccd3f2
e533b902
09f4350f
fd22a0f8
f70205f5
0f0ae6f0
f604f7c6
1514e202
eadc31e5
d8e83613
22f5fc16
19270216
0a1cf93c
f6111535
f3dc200c
41f91509
e34623b3
044dd3ed
f10de50e
f5dbbf01
0c1ebcff
07ea2f36
f4eeb4e4
300fde2c
0350c6e5
c3e03c0f
0d1605e6
fa14f4d4
ffe4e20a
bff6ddfa
b9fbde1b
09ea0af9
ec43d82f
1503e2fe
03a3f21f
072125fe
1cfbe8c7
ee342921
e9cc2a21
3cf8011f
14befaef
17f7eae5
383eedc1
f9d2314d
08a21ed8
0045a6de
5908b1c4
eef51cf3
070809e4
ec46c12a
fabf5348
ec59cbfe
07edecc6
f00dcd32
2734ea1a
f91700f9
30ef0143
c3f3f03b
d8e41d24
2330b7ec
06d4ab08
d4f9f508
02af17e6
dc100207
0cdd2325
10f60f10
a61f3a59
e04edddf
0612ffde
fa31eeeb
a3ac22f0
0e2d2417
dcf021f1
1e24e52f
e8fbe16d
115617d2
04f1c83d
251ee606
ed49d905
2108e2f8
f2ba1224
12e5f1ef
22fbd1ef
311af9ae
0711c806
10ccbc99
2fb2eff1
edd90802
f1fa0303
13ee1fd1
1dc213f1
df4aecf7
036171e6
14e1ea34
e319092c
ed4306d7
f93adff0
11f50939
0422b1da
08cc02c4
0c5734ef
1eba12f9
e6edfaf9
1518f7fb
0fd72cf8
dcf4fa24
f4e014fd
dd411bd1
090c234e
e7c1f0ce
33f0b7bb
faad40f6
d90a2811
1601e617
c6d6462c
1ce325ee
0c38fc1a
d412d60e
4c690437
a0fb02e8
fa28ef20
bbe70d08
e0fae3cf
06e60b03
02adedfd
0fca0f28
fdf83ecb
cc11ebed
fbedc12f
37b7df1f
1218ec15
1224efdf
0113bb4c
11e3041b
00fd0306
072c22fd
113748e6
32110a2e
060f0b38
3f1113dd
0af306de
01f3ec00
051309fb
0133fc03
f9e206d4
e0222e09
0cf611f4
2c07e3f4
0607f023
eaf5ecc9
ff3d14f3
dbd90914
ffacd3dd
e32812de
f244110f
0dd6df35
fc1dc6f1
e55aecfe
1509cbc7
3f29c5df
1bc91cfe
e42b0e01
10f10430
2508df3e
073cdbf9
cc141ef5
ed070fca
4be00a11
fffcd3df
fce3fe2c
4b23ce2c
f324cdc0
fdc823e7
fbf1fd7f
e20d06ef
00eae71b
04e21b28
07bb2f11
d2eb03fd
12a9f5dc
fd1a12de
e31a380d
22ffd11b
2ed8f8e4
3132df04
2001e400
1604dfdc
09c51a11
06cdc317
dc0b061c
e0f0fef0
38f50ceb
fd0beb41
0b0ee0f1
b1eae92b
00eff43c
0ec5b5f4
ef021eff
fd0b080b
05040b01
f700f301
e409e2f9
0d0af6f3
fe0a0716
01fc0b08
2bf4f73e
eb81fcdd
710117fa
121543c5
4a4926ef
369df8f1
b732eefa
04b1261b
06022cfe
11040014
ff17f811
56fc060a
0d11dbea
ecd2d8ff
08f729ea
94deeefe
ed19c6ef
750dfbe2
0005ea07
1008ea03
26002b16
27c6f4f5
189fd2e8
fdec062f
2cedd3e8
f806d945
25ebbbf2
ee2113db
fc11e4dc
05004903
d327f37b
f65cf1d9
32dcffdf
5aeff814
0df803f2
0b3d614b
43c5ebea
343e1105
0457e8fa
0503c8d8
f60558be
0acacded
f3fe00ef
10290815
28c8fee2
981528f9
dee708f8
11f1fa00
04c70554
1402060d
e7f4522c
0de60420
dc38042a
a61afa10
b7c5d6e9
fafe36c7
21203816
dcebf0fe
fae210f6
1aacee25
47f4daee
e703e705
0dacfaf8
03eb08dd
180625e7
cdfe1504
d644d4ef
1214dbde
f700030a
e0471dbe
f1e9e0fe
fcd0f242
cec2c7ef
c6d5d000
0b11ddf7
1afa0d31
0303f10d
a9ffd9fd
f135cffe
f7ffcbf7
2a16d300
03360719
c7ea23d6
002ce103
0fd2080b
11db0813
0d0a36ea
05c504e0
002aeccb
d8f6c3ca
f8eeeb2c
11123f17
150226bb
dde941ff
d952dced
f50ecff7
ac00da25
69d02305
403efee9
f5fdfbf2
383d06e2
4e39d6c2
cabfe0f8
06c316dc
1ea2e62c
1713f92c
0b12fc1a
0614dd17
e0f2f4d5
2c16179e
f5ebe2f9
08e41e37
03c45c0a
6c24b521
d737e6fd
05f5cee7
e6bfc9f0
cef70d07
be26f0ce
0506d5e4
cfee00dc
e5090ee6
13090dfa
eea2ecf7
1cdcf8ef
f6f9262b
e64ff7c4
0726cdbd
f714f42b
b21e4d24
290ffe0a
fa1703ba
5ae6ee17
c90aaecf
1dc6f2e2
f9a710aa
f522d618
13f10d26
eab5ff1f
26f5d5f2
17f90e01
fddbd2db
180fe91c
fe0c1de4
1cd147f5
be08fdf5
411e14fb
288aa31f
4900e5e7
1407fd18
f049260b
1096effb
09b6ecfd
2018e3cb
f3f400c9
0deb4635
eff70025
34f627d3
2d19fc12
123ed5d4
370530e3
0b2fd52a
0237dffc
e705d84c
1fbcfaf7
f8e80bc9
fde81dfb
14c4fd1f
ede5dfe1
0edeebd3
02bbf018
0adbde0a
2ca6f803
e9fad702
cac92cd2
0507e91d
ee1d0d2f
e500f620
f1e3bce5
13d6f1d6
1c040fed
1729aed2
daeb57fa
111802cd
0dae37ae
e7df39d2
ce27d5ee
0cf739ee
35cf29ea
e624d502
14e3119a
fef0f8dd
14ea66f0
fdbc2195
620f02ea
0627fa0e
0e340afc
00c1f831
db0fed02
06000833
ff06ffe2
bbdb2423
04fcf218
c83aedd6
e1d0d1dc
f7fff808
f1f2022b
061cf9d0
2d39f12d
db271813
2313f709
04fbe5ff
bf31e2e0
5e010efd
f405e7e4
12eff25f
f82d110a
e53aea36
1fdff537
11032ddf
061f1f4d
faf8b328
0609f3b3
09fee6f8
ff021bf4
91f112f2
03edfe02
eadbd2f2
3408f4f4
d400f8f5
19fc29fc
1e0be7f1
0bf64ad4
cd18e3bd
17f1c72f
01d04f48
23dd2ff7
fa19b3ea
ecf0eaa9
fff21a3b
124ec763
e2d82701
d6f904c0
e978deda
41ce2907
0f08d552
2ff0eef0
e3eaf1cf
fa351ac7
02df3026
d830f600
0e110ef0
3e10fc32
f00f0cca
ff0a0912
07cafbf8
dee1fce4
26f9ed1b
ee270e04
c919e213
cd03e84c
b206e3fb
1c1ebaf3
080ff92e
03ed3a58
e84cf642
e2ef203a
f91120e8
b0d52cda
0b20cee2
22f1f4ea
f21c2f0b
020cc758
060e351f
13f1241a
0ee3010e
18044b01
1ae8c91f
05f8dd24
f7e31cf5
07250fff
59f120d2
17f1f3ed
0801f1fa
39ec00fa
0ce2ba1c
3f9ef433
0cffe636
11f7e4de
3e27ebf2
0709f7fc
f867e12f
da200c26
f50b0943
b029e90d
074bf7f3
09e8ccd1
fa16ed2a
ea183726
edd437ff
ea35dd09
fc25084d
d724f7eb
0e56f6d7
0a05082d
0337f01b
1c16fa31
03a1f007
0429de08
01fae0ce
ffee7000
2344322d
fa18dda9
e4e5ee1b
e8d50027
17001b14
f53edacf
0216e8fb
e25a0031
fb03eba6
e0d72a01
17c30b0d
14fb0206
0ae829e2
1219eafa
f40de9f1
0fe109c9
f6030c0d
29cfd0d7
4428e623
7ffdfd01
06eccae8
25b7e7fc
18dd30cd
2c14e8cf
f8f4fb3d
064afe18
120a0ae2
1129e519
cbcde205
b047e20b
e2f815ea
1b0cf4dc
082b2edf
14e0fd0b
2b281706
090611db
08fc3cf8
02a0191f
8a0d14dd
f3f8fdcc
08d92ee8
fae607d3
cb482c0f
0145f2f7
2cfd36f8
05ca0c08
eafbce3d
e448ed13
ffebe54a
e61aedf8
f3251fbe
04eb46f6
26e2fdc5
0ef2f8dc
27cff024
19eed748
f8222002
01223fc5
fde8d1f1
cef0f601
eef60000
0bbd14f4
02e2dcf2
f8fc7fbc
06f5d9f4
f7f721eb
c7d4eefb
0102c2fe
01ce2bfd
d81a03c5
304ecaf6
d9d91b05
101f1206
eadef2ff
210fef35
df1a2b05
da3af81e
0318d415
d4c0fa36
cff0f225
0bb83d20
1c1308de
0cf3d8f5
3cf60de3
0fe4ede5
1463f3c5
0dc97fd3
24f9fb2f
00f1fde8
060ff6e0
dd01032a
e5f10eee
edd3f321
e7fbfee8
f904c8ca
09f0f205
11d12aec
23e80708
9dd2f5ef
2133e304
19181028
e10519e8
f734f518
01eb1cfc
0533fb08
0bd80414
ee2e1cf9
fb12fd0f
02e5db0f
f9fde80c
431d1e08
d145f3f9
00fbdb51
0d14dcdd
28d2c9d0
f9312e17
15f1df02
2515c802
3aec1730
e337b801
fcfe14f2
163e040a
41fcf7ed
cc81f0fc
140f1341
21e8bee1
e5dd16e2
0a2ae44f
0645f402
1ade6eff
17ece3d7
e0eff10a
14eed508
fc11282b
42e60902
3af9fdd9
0bd3ca01
ed29ce5e
fa08dede
d3cbd71a
fa2d0002
230616fd
340609f1
22462b2a
f5174512
fc33feec
184ef7d4
24f332fe
11e3e0d2
d8b9fae8
07d1265e
120bdc13
0bd11200
1928f31e
e00be32f
fdfded07
ddeafaff
d1224c02
001500fd
f311e91b
0cf0f8e1
cffd3704
17ceefe6
0404f0ff
0dd006bc
0aec12e1
1a52acba
00130513
021f11fa
16dfbf3d
f29e000d
0703e8d8
f2d9de0b
181b07ef
e61a2f11
e40aeb07
0ae1fdd6
ea04e618
f7f11612
cbe6df15
1fa2f4f0
21090fc6
064afbfe
1dd2ea43
f4f138ef
2ac90401
f02e1a0c
d518fb11
d22ce5cf
06301f24
8cc8f0ff
0b1be8d1
fefbe4d9
f0d20f05
aee93dc2
18f026a3
283ef628
1fed110e
20039fdd
ed2efdd6
f6dfd0f9
10101317
3bee04e8
f812c502
090322fd
e623e6f5
28ebce13
4703f128
fbf11223
ddd839f1
0de7161e
d446f5e5
fdd34502
c6c3e023
0fbce52c
4920031a
08d41218
faf7fa1e
0ffaf8f4
01f208e5
dfebf900
f4060312
0cf70c04
00035810
e20d04fa
da12b5b0
24d516da
d2042a1b
17ee48fc
dae1040e
e5f61f66
18f9ed3f
060110f4
4af5fee0
a8ece002
092af701
01361a05
0e1d271c
0fdff40f
f757ff2a
0ffdbc1a
301904a4
344138fb
c9e11b1a
07bade09
0be6fbef
40580130
cbe80b1e
08fafaef
1cd033e3
dd0a1cf5
0c38e92f
00e4e3f7
f0ddfdfe
3b03e1cd
0e17f9f4
f3fe14ce
ee1ff4e2
0a0b1ffe
f4e40512
f909c6f5
dbf3f106
111f1d0c
24c10cf8
1511ff6f
03f6e83c
3a36d8e7
e6fc20f1
f03a3a1c
1cc03e2d
0fab1204
ff4e18e9
0bf80ddc
02e0e7c7
fd091a04
48ffed09
f5b4e23e
dc1d060e
151b39c7
d70204f9
120a1417
d2011d2e
e5e616a0
e2f1db15
1aed3004
1cffd819
292d16cd
3d260821
fc072bc8
c108272f
06dcfa0e
eadf1c1c
e10835ef
39f23b16
67500026
32961138
041e16d2
06cddbf2
1107aede
d7daffe6
0a2efb4e
d6df221a
10bb5d25
0e0e1815
0434befb
dfed94b1
f702f809
c5ec1200
0b2edaf4
130915e6
0d0d2443
0b210efc
0229d2ef
1507e450
4fa852d2
d6053617
e74fefd6
d3133b34
0ec95bdb
fd1aea51
02133500
4d43cde7
1d020932
acf21af7
03f60cee
b429eae2
e8eb2d2b
c47fe13f
001a9e02
15130c01
07230528
0c0a090e
16efe8df
16d242f8
1ee40505
210ec419
073acb12
e12eff33
3dc20bf7
f9c8f706
00ec2700
dd061df9
ee0715ec
d1e8d3fc
03d039c6
f2fcefc6
1329f11d
1004f2ee
17c601ed
dd11def7
e81d1af2
13f52b0f
0de616bb
0802e1e7
c5ce1db5
f8a10cf8
d220ddf0
f311085e
21d5f7b6
010bf209
07e9219e
e5fadef7
36e71b0f
2d153ce9
0419d211
174e3d0c
63e5be09
3f22f3f1
07dbead8
2607dae7
f522ea5e
eb2bee20
e93019c3
f9c90910
0dfd32d5
30ba0005
01c7cced
30ef1a19
070306f8
1003e5dd
102ce3ea
40ebd6d1
cb17d5da
cce52acb
0518e8ee
e5efff14
57f70917
f90211e4
05f7f2f6
1015f0ed
a6c406ca
c9d808c1
051df62f
0cd9df00
ead91ffd
2811dde9
051ad40e
0eed0f2a
26dcf2b5
e9dc17e5
0c0928e1
f2102f0d
1d042ee7
0f1ff0ec
13fa0207
1d15ebc6
fe2033ee
14f40406
07231205
daf1c2c7
15f8f22f
ebeba9ce
0cb4db1b
e62c81cf
fc184300
018723f1
0a4bdaf6
0a0f1201
f9c40d0b
26d8f605
152d13eb
11110be8
0cc90af2
d2f1e9d2
fc2cbadf
cddf0cfd
c4ebcfd4
ef17cbed
ffdafa05
014110f2
192bacd4
d9e7f7ad
0fe6effa
e10cc10e
ebc3f39a
d5b913f8
f627201a
13e0effa
31bfd801
3b1cf915
17124bd4
630cf6d3
022cf927
03190500
fa07ec0b
c62acff2
b207e60e
d0f8c2b3
0cfa1c46
f110a1e7
c91bde0a
ce1b0ce6
fd1ff410
e116065c
21283414
2930c3e2
0a0f1e0f
1721c936
ba2601ee
f4cd0517
0ae22913
d73441f2
eee11fff
ff1ad50b
06571d0a
f204373c
e9eae734
e81cf9e6
c41ee12f
d7e4d734
ef06ebd9
fcbbff27
06f53f28
0c1410dc
00d1fc00
fef1f236
1e1bc022
e7eaf1ea
f1b4f208
fd0fc813
eb1111c4
f404f7ce
e402ecf9
03eff824
f2a43308
010ce2fa
f717f83e
0af3c301
030512ed
ca1a2202
e6c0d4ee
2e191ff8
15071120
f9160af2
351f0b29
df151dc3
0df8e431
2241ea0e
17f600a0
e2bd061b
f8d3fe0d
18f625ee
107107f8
ec38c316
041be2d7
1fdcf3c1
b1fbf6fa
d4ee16f1
fe0a0ee9
f14eea1b
fc1d2c2a
e105fc02
09e9fcfe
f4c030b9
20ef21ec
0dfde3f7
0735d42f
0ce300f3
1addfddf
16201103
0df4e7d0
e2ea96c5
1614fbff
00e7f523
04f6341b
f323140d
e7482b3c
07271712
0028f6ff
2cd928f7
d82feaf8
56260724
fe00171d
f300dcfa
992ef01d
f7dc1adb
08ecebf8
1edccc06
22cfdeec
ed3e1f01
fe070bcd
1926c010
33f5ff66
c898dc0f
ff15b51d
5c30dbb5
e8e81226
04ebc9fa
0ce3cb18
1363ed13
f5e7eef1
fbefd4f2
040bcbfe
d13ed5f6
0e0df925
041cf5fd
edf9f921
ece4151d
e9d33848
0fb6b83a
04e7e10c
eef616f1
c50df31e
4a19d91d
f6d6fb02
e7d7fdf1
00591e01
360acf20
f33d30e7
d4fb3f01
330fe70c
f6f72f21
e001d5b9
b5291cda
5708124d
f3df2def
05d7c5df
c636e0ff
0b02e1bd
1fc5fa3c
1413f2d7
12dc5417
ec2a263b
c6eec954
07f524fc
f4d4f827
fee11afd
0a13f8df
f2001ccc
09fbc8d9
0ce017e7
fbd3fd27
0c3dfb05
0cae2ae1
f9d4f60a
3534e4f7
f8de0ed7
4d182ae6
1ae5fd8f
f199e3d6
ff2a3224
22fcf41d
38f71018
110de6ea
03dbf6fe
2bf0fffa
e9e90fbc
c01be510
0cea0fd5
020e0df6
25330a3f
22cdfa2d
ffbb0dbc
29392ef3
f41ccd12
f3d81108
0cdf2ad4
09bbf254
5f33fd43
0f2302e8
1efdf4dc
cfeb2708
c9fa20e1
e702f242
0df71e20
b9c8df0f
d40b33fa
2ef526f4
f2e91519
d930f902
1adceff7
d600c630
fd2914b8
fe051730
bb2203f6
302315d6
07fa081e
18fce0f9
02fb03f6
e522e7f6
02cceb20
ecf108fa
fffaebea
01eff61b
1cf63714
0f37e0e8
3c0de3d0
ede7101d
01ecd8e3
20dbc349
15e11f15
edf90dcf
eb66bd0f
0bccd913
e0d807d4
01c832fe
15108122
fd2cf534
1a54ea04
0ae90c0e
f00004d7
f741122e
52d1032c
d85af433
162a16e0
091ddff2
e7e41ed0
e8df29f7
ff130d10
8109ddde
d706313b
010efdf3
101b0ce2
f02fe3df
28e62be4
f50addfe
090114d3
064c1de2
2cc9f905
e1c3fa04
08659920
e22823d9
eee3dff5
26d40931
ff39d1e6
0cfdee18
151935fa
ef28ed16
01e7faec
0a09da05
d8fddd1d
f3dce903
cf13f50c
05fc2014
08250408
fa103513
1800f4eb
e12140eb
12d5fff9
0fd7f603
16f7bbea
46f311f9
fddbe7e4
8160f6ce
0f1918ef
15fa6037
d18e0302
2a31e6e8
11572d19
32e023e1
e9b7ddee
ead3c703
08f2f654
2e2efbf3
e7cad11c
df052001
fe4ceb26
0fd5e809
dcfde7c7
0b0cecb2
02f2e243
1c2cd94e
2eef00e2
d0091bf3
090a00d2
e0d327e5
5cc71018
0af6f527
12fe34f0
fefac9df
fb09060e
e51bf523
e7193cd1
dc17ecda
e408fce1
dc21fa0f
0722bd02
e8f3c0e1
07d138cf
d6f208c3
0e21e8c4
f3bbcd35
f7c22e46
1d2bdc0d
18b3049b
ebc62621
51127c12
19e9f309
21f5f9f9
06fef0f2
04eabe3a
f432eeec
02f928f0
03e21411
2017d0cd
da1619fa
ee32f947
0b2d0417
dcd9c40b
d023eef8
0bc6e531
2067f523
c2bd0e25
e0d26613
210eef2c
a2f8eacb
2ee60027
f03b1529
0012ee05
0e27d1e7
cd1b17f4
f3ff037f
da2407f6
ee00280b
e8390026
e71a47e1
81f403f0
0ad244c1
233c31d9
d9fce2e0
20810d18
1024030d
f1bce9e8
d72304ec
fddb052d
f41a1230
28ef0a45
0eea0203
f0e3070d
0b073df2
bad1b2dc
09dde9f3
0120f916
222bbeb7
2dfeec37
1d20e12b
1c89dd69
24fcfae6
120a5747
fc58f141
07f9d22f
ac130732
bfe22d31
240aecf6
14c82f28
e178c822
0add022b
d321f13c
04c026e6
0cccd40b
0531e6e2
150c04dd
1317cbba
e2f4151a
f2eaff3b
1aa5e501
1619f914
efc733e1
b23ed52b
05fe282c
dc23dbe6
eb18d93f
dac2fcd6
01d50739
0b55f3e2
0b02f61e
e712e7ff
000914f1
f91ac3d8
fe09fd15
adb72216
ebd8e9e0
0ba5ffd5
07c8f7df
12e90918
3601ecd6
e5d8f41e
f7dad7f0
210c3414
f73025f7
fd0b5707
00f30e2e
02e6f41c
f42f1021
1aff4c07
edfff8e2
301cd5c9
facaf5cf
fe0814e1
d52f5d36
ff0bf7f9
11dcf350
d3f1fe15
ee150c0b
d61905e3
3d39fc13
f828440b
1a0dc9de
fdf9ffcf
da231a0f
1ee51213
451418f3
20e14217
eb07eec4
0968b754
da2d2aef
f21625c3
07d83e21
f2fa0c19
0586b81f
fa0a05c6
f6121bf5
19f813b7
1f0feaf7
041aeb0a
f511db29
03c4fbdf
46f7140b
03ed270c
cafa17f0
0b0bf6df
18052509
fa00dd19
16ff2c28
2e245802
00c90d00
0ab434b1
f72403be
580228ea
00d9f6e3
f61c1615
f47a35fe
e50ecf07
ee1423cc
c7b70d05
cc4b171a
0a9608ec
dcc13d11
0b051407
d8eb3402
120a0712
e7b6151c
16261815
ea091a47
fbf3250e
f70b04e6
f31bca04
0ae7eaf1
e2271be3
51c9deef
d2fb0113
d8cefbf4
3c35f717
f5f4fe3a
ff17141c
5df60702
f103fbe9
d6282ed6
f60ec0d3
e8e216ff
01f6ea27
1501f8f2
fdf50413
14140300
38f0001d
52e7d9f7
381d2cd9
c2dbc113
c318d9f5
f0330906
2cf0ea2b
c81e11c1
df2b0adb
02d035c7
010a1611
841efc14
1e1615f4
380b0e0d
0fe7f21e
bfb706e4
fc10e230
1a14fb35
1d08ea34
3dd10b22
e327010c
edcc1fdc
c43df026
e411fd49
f8fcdbea
7deb1c4c
e0071b1e
f5fde0fa
daef3c05
c6de00ed
03f71e1d
07d133d0
1332f1f8
12af26bb
4abf20cd
e80110fd
12ea1605
f5fbe2b4
19d7d5f1
f724271b
e612ee06
f7fadf1c
21f6fe39
5e110a08
04f630f7
0e1edb11
ec41020b
2e13b5f8
c6f4f5c2
3113d6f2
16cb30f2
13cbf6e2
d741edd4
0a22e3f1
1032262d
0f03cc24
f1030dfb
f101f2fc
e7dceb0b
21e43237
0ebd2ffd
eff8eb18
dfd2e228
1b0ae0c9
d9f1ed32
2a11f510
e8cdef1b
c9262117
3018ab17
040ff7f1
230cfc03
0b2126e7
24267f03
f72806c8
26bd0fdc
98eabe1b
f0db00e1
f3070af7
dadff818
48eddafa
37d21612
08074ce8
40e8eed6
d9ff14cc
d8ea47e8
d82f27e9
f1774b4c
81aa5601
deb6fbea
0bd0420f
d00eede1
527f1ab8
edf31d6f
d6f3e1e4
f515e4cc
34c9ff55
facee7e0
c2c0c9ec
14e94a24
9a61fb17
1203fbd4
05fffa2c
1507f60e
0f58c72b
d72d11f3
ca03d62e
dbdb0265
31082058
3a00041d
18f8e20e
1897e5c3
ffc83a14
2c440a0a
fedda8ed
1bcd14f3
f503031e
d22326dd
c4d5054e
09ea0a2d
05d1171a
c20bbd31
d9f6d01d
e71cf92c
0537ecee
9b21d0dd
e689152c
e9040a37
f2cc292f
e01cf5fc
05e936d5
fa16e5c1
09e5e7e4
c914d7be
de03fcc7
e6c7c7f4
b02dd211
05f5dffa
1416cf09
1fdadd1c
fbcd192d
120118e3
101e31f9
f5cdf3e5
02f0c611
011ae0f1
0926faee
ef5a1ee4
b8b6d71c
b1c921dd
3d13d3f2
1cfffe0d
f6d4e308
3f5c09fe
fb15f3f1
3b3ffcf8
2110e2f2
1fc40c27
e5d3db0b
dbf62d5a
dff27fe7
ebf3300e
1ddb19f2
392741e0
ef092d07
ef16fdda
fd391fed
e20d21fc
fcdbfadd
20e2da25
eaebf614
c6fd0c09
bbf7f530
de16d0d6
5a29269b
08a913c7
100cf4ed
2e2ff2b3
f1ddf845
f1c30af5
1a3d18f1
ccf53139
e9ff3f41
d7094316
e0fe21f3
110bf306
34001cf9
c1c4e7f0
0220e513
9bf9e0a1
f2dc4915
f53df4cb
010409ec
b6db413b
1ef9dbad
1e0b07eb
bc21f2de
0b0e13ce
f6fafcf7
000c0a08
0c15f511
0beee5ec
fa19e33e
ef0d0c1f
f12b1a1c
fefcfa04
fdf600ea
f018f0f3
0d12ed39
dafa1e29
f8f6d2e7
f8ea062b
2712e71a
0d0705f0
38ed0dfe
20dc50fb
2911032d
ebee07c7
e8f112e9
0d131200
be19bdea
0649fb1a
e405d1fa
f7ced7dc
0e110def
b007d333
1bfbcfef
08cd064f
ed2921d2
e147e314
0328d4c3
dc5de833
33f0362d
2e2c0326
bee6effa
0df4efef
65f363f8
27e7d7ef
f0f120e9
1309400d
fc1ff139
eaec0e0b
15f2fe14
ebc8ddfc
bfd60623
0a34ea1f
1fdad3be
e0dc01c3
fa0f1007
0bd4ee05
fa48de25
9dc4dc04
a601e8ff
3b0d7623
e5101dcf
011f0fdf
3c0bebac
c2fcf862
05edf14b
de68edf0
41d9181e
3ff6fed1
16fd1dca
e715e2b8
de20c4e0
18f0dc19
1608b611
ecc6ea39
261a2866
caf32d62
ecf3ed1f
05b3f40e
e4b3372e
f4f7f206
caeb29e5
e34cc9ee
100017d5
0507e4d5
e9d9f5f1
cdee14e5
0f26fc06
1a37a82f
c7f1fe10
042ccff2
cdd9f719
d20718fd
34e8d3f7
0afae7cc
f0ccee0f
44150aff
3c21dfc6
1ef03401
f8d0e615
d0160b38
ee02edf0
2e07d030
ebc9fbe6
0eeb0118
db26e511
fef4e625
2f32d415
ede6c9fe
e8fbe80d
08041918
bc0b1bea
06f6f811
eb17f112
f90ec6ff
da0647fb
c51aff29
f7fefb2a
f5b0f4da
213c01f0
00e20ff3
180429db
0b3ae3c4
d202e0da
f424eff1
1e0c0fdc
f0d80f2c
f8230412
18e7d3d2
e614042c
eeaee50a
0d270e16
204bd8bd
f1db31dc
451cf816
e5eafeca
cbf00f3c
012dc6dd
1ad42c27
f0edf731
e7e70013
dddcb530
0ad9ed0c
e2e54c29
7fd81ad1
fef30e3e
192e51d3
a914230b
2ef13d05
1cf2f110
c3012c0a
c0ecec30
03201e19
e79c391b
fc0430d4
cec90fe3
eb1afaed
c2f6db32
03d90dff
18ddf516
f1f617f2
14dc1f18
fd28592e
0fe1cbea
fa13dadb
04220ae5
cae6fbfa
21e90f52
f7d12921
17f9e2e1
05edfec5
1e311e12
f6e122f0
fbcff408
07bef6f3
23c7dbfa
250b1f17
2f0330e2
09e6fb1b
3deadd15
e5f2eef9
3bdd0dd8
252bdef7
2123d3e7
0fffe524
afed001b
eeecfd0b
e1da34b7
0820c93c
01d9f6ed
de26eee8
07fc3b1b
3bfee70d
f709f9d5
1bb80ae7
07cd04fe
20ca1b21
0407e1ea
00371fd1
ec0ee42e
43f2faf6
f53707de
d73421bc
fbfd6f4e
d0181102
f8ccfceb
067107fc
f934ac31
def9c537
180d22fe
b6275425
10addbfe
f60ff617
254120e8
eee4dd2a
1e0ae52a
f9f70513
faca0b22
002a09e7
d92afff5
e211f436
efc8d200
21e40934
ddd51308
e8f7082c
e6280f12
04a1fbda
1b0eecc8
11ec36c6
0bd7f607
2bd704d5
06eefa0d
fe19f91c
e323ead7
06cc090e
f202d6f5
fbdb0ac5
f0401310
202df9cf
18d20752
f6ef2b43
fdd71ccd
f0d30409
dfd80ad1
22ef8fb2
f10eeec0
2832e007
4535dff6
55130017
112e38bd
20ddfdce
0cc7f22f
8c0bd80c
24de3430
1dece6ed
03f303ab
071de91a
19e541ea
e719e812
4ba9f613
27f8cf39
100a1bc1
0d380ccb
13043831
c2bf00f4
21c3ee02
2411050c
f5161a01
cd158af2
de0b22e0
184adc31
ef1bd2ec
ebd12ae7
f9ce411e
fbeb1bdd
540deed5
10ffca20
09fc10f0
f1ed3bd2
e9d20bb8
eaeb0632
1ddfeff3
2619f4e8
271de5f8
2c5acfe7
23c6e5e1
f705f2e6
0d29eac7
e3ede906
331c3725
c634df00
f5f5cfdf
09e6ecf9
c9efd819
dcfcce1c
fc17e333
23d207ef
1758b215
dae40434
fb170025
2107eade
de0ff145
03160b20
12f73758
feededee
e3eefaf6
e7da043d
cdedbbfb
430d30ad
f4f6ff2c
e8f7101c
e1000433
28f62dfa
e7b1e3f4
e729b3f9
fbf8be06
f1191481
fa2016e3
e721cb17
eed0f027
330f07ed
2fdd10e1
515f16a8
2c10c3f1
17fb00fc
2218e428
2994f93a
05050813
043b1618
121a4de8
06ace3f0
6d110af6
0ff61b0e
f7f50900
0ff00af5
ba0ef5e1
01e80b18
f105f707
f4eaf00d
0c131c0e
110ff914
01ed0d0d
e3e8e7f8
e6e20bb4
0e2624d4
ccf8f20b
51def9fe
123d0cdd
0d420de5
fed21810
e6f6ff26
f546e1c2
12f117e3
ca1b19b0
06a1dffe
beea223e
ad07cdf7
e7dbbe07
e703de11
fd32d10b
ec33bfc2
06f729ec
ea2a15e9
0e05400b
ea1ef240
0019dade
ff02fcdd
2714f4d6
d52721cc
18ed0bd9
e3f5dacd
f9da1e25
4325e901
0804dcf3
0100ea2e
f5ff02b3
e9d7defb
d4f40742
0dd5e910
045620dd
c51cfee2
12e607d7
0c0ce2de
17b1d3e9
16d8ce11
3a5808e2
051916eb
fde81916
eacf0212
f640e555
e54006c1
4fc34301
fc3d25f6
de0913ef
f8261c02
0edffdf8
ed16cbf5
080f0a0b
0ed709f2
fdf8ff0b
efeb0e03
d828110d
f9f6d8e1
0d062d12
fecf1afb
2808e7e9
212a19d9
1cfe0300
00e9f1e6
015cf4f2
f045f2e9
212a0706
2d4410fb
cafd064e
e1b6e41b
bceb2235
e9cb332e
5fba20f8
33403e1a
5e41def3
e1f7f3f5
2beed635
c110f2f3
18de1dc8
280afff1
fbd100bd
0f001daa
fa02ffdc
1c54ec07
eb05b2f0
08d5411a
f3422038
ec1509fb
45291804
c406f412
fc36e730
2d8125f8
f908d3ed
f8d510d3
17ed341f
c3d4cce0
e528e89b
d4e9f423
6dfb24ef
29e0e50d
d905fc25
02e30f00
ffc41605
e3d6ef07
eeeee126
0de8e11a
1241e606
01f4fb07
07e0101f
0197042c
3d34f527
0c1b38ed
e2e5e225
0feb1ff1
d0ff2b23
403c33d1
42f5d6c1
ed24e306
0fde0aee
7de94bd0
d94ede03
f2d513f2
e9ced21a
c424cf0d
0dd7bf27
303321fe
f3e31d19
e8c4d902
1ff9e4d0
04fc0662
e0ca2d07
12ebbdfe
0224c601
2b38f618
c8280e27
ea03ed1a
c523e517
e506f2e8
1a440301
efff17ed
dc12ffbf
f12ef2ca
0d04eaee
a4fbc5fc
114e322d
b414df08
4812f407
d8e7c434
debddef4
e7023b0b
dad42b06
2b1ccb03
2202f218
1ec22717
d60ae2fc
f73a1ebf
2a20f2f8
bdf922d5
0142c2cc
e2e9aac5
d80beb21
f6da3718
6cc8521f
10d6c932
1b51fcea
12360f0a
f504ca00
001ffcc1
3c02e725
f2e713fd
01d6f40c
0cd5022f
0d2823f2
c4e91ef8
333fc104
0ceb0523
1e1feedf
30c20d18
09212049
14f12cef
36e6f0c2
f9ebc51d
f3c3f4ec
4104fd1f
1e19f2e2
02c27aeb
06b3adca
e0d70334
e3e5f7f2
44010afc
1c08f13e
be2800d7
aecef1ef
ddeedd1b
4c5d0ae6
11f0f81e
e6e60e01
e0eafe0c
4e20d3b3
efbdd414
e3d80903
d20fd107
0b08352e
4ae2a505
060cec03
e1f5fcfa
fc23f207
0b07fdfe
31052515
e61348f6
1af5f6e4
2817c8cb
fcd30d18
f4bdfb0f
02e8e51d
f3f1dcff
dd1a00da
41d1eaf7
dcccf80a
fbfa09d5
1f181051
7fd422b6
1e971f17
b716e4ef
d7ba6525
264e110f
fff4b0e4
f6f2ebc7
0c1a1208
c4d30abf
04e21310
0d25f51a
63e9d2ea
d936e017
f13af0e3
02d4ed1b
14fcdbf6
d4ede6dc
3c3ac0bf
0d14f618
dc1caf23
f6f9cf1c
abef23fa
f31008e5
e8ed2e15
f6f6ebe1
25c22b07
17281b24
09c0fce7
190215dd
effb01fc
f105f8c7
29f51830
13d3e9db
43eaccf3
fad43ef8
5e3311c8
eae61c11
e7d4120b
e2eef5a9
e52806e5
e205fb31
4104f010
dffe5c04
34e4401f
223a111e
30c3ed30
0bf522fe
19ee6023
15e24bf0
4a1c0b47
ecfa26d8
ffc9ee09
3cbd4e7f
c0413581
ede8b50a
f99fc90f
2a1234dc
10c9f445
eb3ef63b
fe161908
32dbfcea
24d716d9
b4bcfccc
e336fc52
d8061018
df9e1adc
0eee0100
150b06e4
f01dfde1
f4222bde
2819f8ed
13f80240
f513f8f7
f80fefee
1ef6e04c
0a3ccdfd
db6f3335
e7a11221
c44acc31
01fcdb15
13dee922
11381317
1a220702
5cdd111b
0cea5cd2
5ce7eee3
fa38f8f6
dcdc07e1
2006fa09
21f82126
fbf43c36
61f4e6b0
0933fd06
b51f0b0b
2adad4e5
e61ae80b
f20cece9
02250801
d2cbaf09
da16f1a8
deffeece
bce20920
1ae22304
ed06ee1a
f1feefb4
c710f0ff
0532ced9
13fcd1d0
10d01602
cca31274
1221f9e3
e05ee8e3
0c541715
1cce11ea
dd21fc12
0724e21d
ed181623
22fd28c0
0e12d209
ed24dee1
ec09ddf0
06f6fd47
45481e06
ef22b50e
0d5b0d30
472bf721
141a1cfa
342bf9bb
cbc1e717
1b140720
e4d401fe
4915f511
ddca4438
cdd74634
a31712fc
f2e9e7dd
082fd82c
084ad8e1
07d713f3
df1dfff3
e4c9d20e
1db708dd
0dae20fc
21280c3d
c0de47fc
28bbf2f1
eef6cbeb
08dc0f23
4ed53d49
c8f9050b
fafff313
fcc9e735
0bf742d9
e64c3a7f
e20412e3
f8c60508
d315e9fe
0ff9fe32
f6de2520
f7dee91f
005e35ef
ed24da1c
0aef1219
e9df98ea
db27ce02
0af51226
cb2bd4ff
13f706dc
07f40c5f
fe32c911
f015eef1
ddf21ae5
d7eee1f2
21fdf413
f7c5fe26
05f4f3a3
dde6e7e4
ec49de20
edfdd80b
0cf6eaed
cde51802
b7542132
efff28fb
23dde712
f1ff09bc
1e3be5a2
240006fa
ed150520
da4ffe1e
1604020c
26c2590b
0002edfa
da060ff5
262afaf5
2c26f501
f012e31b
d203fffa
1a0f2539
fafdf22a
1af6c056
fcfd081e
fcf6e4dd
1fefdcdc
f72751e3
13eac73d
dfc4f912
c9fe03ed
2103eac6
df02e922
07212608
05ddfbf8
28cd0be3
49e710f5
2bddf304
03e657fe
c52ef501
0fd1bc04
02171e27
d6005cf8
f5e53dd8
fc2ddfd3
0f4bef07
e63046b7
4d1ce0f9
fc3938de
15270f1d
14f2ddf7
18f4d737
168f4836
2feed1fc
fde5e50e
c9b8e532
0f6125b7
e62d21cb
285f320c
eacaf9e7
1aa83b22
ef304b9f
18d70017
cd12dca7
1e9d1ff1
38d34e4e
fcca10f1
4012f7e1
2f022dff
e140ddca
0bdee6f7
f412320f
f7de31d3
f724f607
30030de0
0cc90448
1538250b
f7cfdce2
10f9070d
d1f91804
06e638dd
09210a23
211b05fd
f21b0617
35e5f81a
2025cfce
ff0206da
190b2702
2b441ada
e31abf9c
ce06e215
c62cfae1
ff2e0d16
fce9e9ee
e2f2faff
05f00505
e3f8fbde
542af6ef
0b02163d
361aea30
07ee2c07
43b300e6
f004f5db
15210cbc
dd18f8c1
18d1ed86
0fc4aa30
ea05fd1d
b7236206
f63d1811
b4ea01da
3403073d
01592ef6
e504e8e4
1a0e281c
1a0debf3
ecf7f6b0
0a01f30f
19eb06d8
fd063f38
e5b22ddc
f232e1c1
df1931f9
5da521ab
f907d63a
3cd610e6
e9ea1ce0
04f4ec11
1d0f25ed
0bc60450
47dd3bf6
48031af5
331feff7
f91af7ee
1dfa7fdd
f2d6bff2
1be90deb
f827dd29
e9b7c600
4101a200
0328c8c7
2ed7ed2f
fd1103f4
fdeef9f9
17e9f82d
12fd4002
eb0c2c15
f32b19f8
0b411c12
0f34f5f4
1bbfee82
21ec06d7
e3f9ddf0
f40ba6e5
583f09d8
f11136cb
1ccbeba9
b6eaf8da
43f2c5cf
28de1de0
1138df5a
1b05e610
f3d9a122
0e353ae3
d5b10e1e
ebce7ff5
0a06ff63
031136e1
d9fdf832
f9ea26e9
094aeaf1
3716f8db
d62124e2
bf17fcb5
12edfded
0ba3eccc
f50cf311
f44cd708
e90ed052
0b404c09
f5d60b18
d2e8f85b
f712100c
02f21f04
0005e041
0329f3c7
07c31838
e7dc24f9
0b0e1e3b
a8cf99c6
d51be814
69fff0e2
fdffcc09
ee13ba36
19012de1
2b1a30cd
1720e0b7
f293d809
7f8b1bfb
2ae51ed3
1af40cb9
fca705f8
08cbe436
57050fb4
73ed282e
feacbae7
2af92110
40ec2aef
00360a01
d11c10d6
0723bcfb
433207ee
15d11913
45203106
d5df503a
e835e209
0dfce5b7
4617003a
29066919
38ec06ee
e111172a
e3c01318
fe1e24c4
21e542f4
0fedfde8
06d61d44
dc37edc3
e71e14bf
f4e111ee
41cf080e
ebeee519
f749cfe2
af96c081
3eefd30b
0d0eddd0
e936ede5
1ad83e28
4bb2fde7
33d81203
d414fd51
eb0c4ada
e0f9100e
f7e2f60f
28aedd06
eb0beeec
e62403e9
0dc529ea
12e3020f
1c203bf4
f9c019da
f9becef9
f5060beb
1527c50d
1b12f721
f9ecfe0f
f1e3190e
efb50f0e
0b4bdc91
e1ede9fe
08cb4abd
21e2daec
1a0c030d
c725ff14
efebeedd
37d7fe0d
5f2eb2c3
0725fdf6
d12cef01
fef5f904
5feff4da
381816f0
04e21ef9
16dd11e0
2411cf32
efe203bc
23f3f046
0616fdee
d527cff7
17e807d8
09dedde4
f615fd02
10e5fae9
350928f4
2ff2ea19
46c1073c
eddfc3c4
1a073adb
f40fdfed
0519f3f8
fce8fe22
07590d06
f042aa3a
d73e0627
3b31e557
e9f4d9ea
2ee6f43b
d3fa0a20
d4ddfdf0
32f42327
03eb411e
e1c7410b
5800c0d5
ee02cbb2
13e32b01
2603f407
0d20fdfc
ec13021a
6a051b01
0cf53d12
e5c7503a
062bfd1c
140f071e
63f02814
160eae0b
cc1ef6fb
ed20fada
cd21c41e
0decfb02
582c813a
f09a3b21
2134a931
fef00d07
aa0fc3cf
fe0d2d16
edbdfe58
3d22f9a5
0bf303ed
e39c2ce4
26e0051c
f1f9f42c
f202d31c
e413741e
24f736f9
c5b70e09
d335f2d6
d60e30d2
3310ef29
f21800cf
04e6eb32
d1c5c717
b3f2a72a
200e2acd
ef0930d6
cef4220d
0f4721f1
e6f22d08
e53a25fe
19a223f4
ed0bfa24
033f9cbd
fc46dbf9
f1e9cbf2
27e9f0c8
fb06fc30
f12aeffe
0004e4fc
081d42d8
f71bd82e
332009df
f305e8f8
051409d3
eee9de57
dc2f2ad8
fcbe1e2d
0e2722d3
d803a0da
d534f2e4
05422529
ef3ceae6
04eadf16
c92dfa11
c527ee1c
0d4d0af6
ece7f1fd
f30715e4
fefd0006
f5f6060b
befd04fa
0f100902
f8090403
0d040201
f9edfa07
ef06ecf9
0b07472c
da33cf12
f9ebea29
172204fc
fd2cd60c
f95afa27
0db81a25
cb1ecb03
d7142003
eaece309
2bce2a45
fba4db36
b116c227
04e9d20a
fa0c12c8
fd1fa9d4
06f0fa03
ffff060e
2f050308
0d06fc03
f81005f4
fef6efec
ede2fc0b
f4f90613
15dde02c
02f1da25
ff0702af
1100ec30
e5eff549
19f9fd0c
5716ee0b
e102030a
13eff2c9
21240a07
d7f7acd3
23fb02c8
ff103006
06e51e09
d1d51630
e6e6273a
ff0113da
0307fc67
15e5071b
100cfe1a
d757f0d3
dff1f7fd
1f20e79b
170e19b3
0017da1b
2dffeedc
e3f8ccf4
f8e4f1d5
d5edf417
c015ea0d
d21af004
4100f609
fae220dc
e529ee10
f516f0e1
1aebdeea
d7221c2c
ddf3530f
dc10f115
14eeefb3
22fa4de2
37021d2b
1711d4eb
e8251ece
ede4e812
f9ea13dc
4e06e5bd
24f3f1fb
023ff63b
08f6fe2c
2dcd15ff
ec3ef601
e4f468dd
fcd5e1a5
56013501
2bc5b3e3
f3f73510
d0e71e05
d93723de
f8fcddca
d6eb09e4
0dd3680a
ba65229e
060fd8cd
3726f71d
ebce1e07
141e070a
2bfbf106
a9bdc0b5
ead818fe
fdd6e1f6
064f2de0
1c114b15
1b1c2f26
e21c00d0
b5fdc0e9
dd4d1708
080abef1
0b1c3818
0607dc24
ec7f25e0
01bed8cb
54833910
02d0e61a
fe04ea22
f65803ee
230d06fd
cfcadfa4
2bcc04c6
13d4b814
0f04ef03
f3f60af7
1dfb16c7
ef4eb82d
d09cfc40
25fb06be
1f32fe24
05daecd5
0128f74e
025afc01
c7e7169d
db02fa02
33bb2cc6
d4150c18
22342a0f
e53029f4
2a162b16
fe00fec9
db00f8d1
0c592501
382ff19f
1a3cf2ff
29ecfb0a
2be2c7ae
ebf70aed
f6d7df1a
d0cbd3ee
e3fcec03
1510bcbe
31bddb0e
f30a05fd
080c0ef4
ed0605e9
060a04fc
f6fdf70b
0017eefe
0310fbf8
0404084d
0af507fa
3253d632
1cd50205
bf0ae3de
30e33a44
2d0e2a4f
16e6f620
0209f719
0dccee36
0ef00d12
fef6f2e5
e333fa1b
1bcfd6d4
08f21612
f7d0dfdc
e2fbefd5
1cfd9ce4
260881e2
302bd91a
e80b070a
fffd60f2
ce28bada
04b6b4fc
ddbcf5df
e4f6d3f1
f1c80afa
d8133418
27810c45
ffca574d
14e8eed2
d5dcc637
24fcffe8
e917e111
e7b4dbef
f53120e7
b3e909e4
ff1b360b
43092d25
1ee6e51c
fcf825d0
05e7cf16
db0feedb
cde63cdf
eed9fede
01fec715
eab6e8e1
c61003ef
2ee605c8
292625cb
f62dfa09
f01d07d1
e615e809
c1c80965
d6cd2f0d
df0ce70e
d722f321
f3faed33
01e6f9f4
34e331fc
f615011b
f921011c
c1c615ea
0a36bcd7
afe3e901
08f213e6
06190e1e
0ce3f5f7
f3dc0f06
02de0b07
22f8e436
15fcf3d1
03f32cf9
ef2d1333
290ddc9d
e93623bf
c0fb3a11
03bc10f9
ed042ff9
b8293206
0e2224e4
f80de128
13f5f3ff
d3fa1e4d
f1eb29d2
0408121d
f824f4e4
021ff3e8
04c93d1f
dbf9e541
eff0fe3f
f8f426c5
de2ff5f5
e2d6de02
c2dfdb17
260e51d0
1b2dca15
faab1b03
10070a23
d0d8b2d2
d541e147
0698224f
7fd9b405
00fed90c
d7e83b1c
091409d9
f2252420
0026c221
3af8d204
e0d13026
e51401f8
33121104
e620c2ee
1202eed3
fa9fe2d7
4ebb5731
64f6fe24
b1dffaf4
0dffdeff
fcb6e71b
c515efeb
3233171f
d60c1dd4
d9df48c5
f5041314
c728f810
10120526
0c1aedd7
d90e2bd8
0130ebdb
203af1f6
ce19f50c
d8eddbd6
2dff43db
e7113915
423318fd
2211dc08
fbfa4c29
0bce39fa
de07fbdf
3b3f24da
cd0ed5e8
2c07eecc
eabd0217
f1dfc80f
23e5e3d0
541f13f6
e59efed1
f803d5f6
0df8d218
1d14ff0d
301f5108
fb3ce708
d7110d13
06f8ff34
c513f8fd
ba1510d7
0bc9240b
cb19aa15
4131e91a
0dec1429
02cb33fd
ddee55e0
ed32cfdc
c8f8f4ed
09c62dd2
0be42d15
f5e0040c
4dbf26e4
f1f2f80a
0af11305
51eaf50d
44f51ef8
f9edf5e7
193802ec
2302f70d
db1d11f6
fb074a11
faadb3dd
37c4e20a
082e280e
daf6e8d1
4307aaee
0ee0ac33
30293b11
ec0de410
ff0d1324
2418eac8
29192f24
fb10fae9
e0e53d3e
3828efbe
151b13fe
21f9f7d0
1314e825
1a290a01
2a38e9ef
e74ff5e7
02ebcfc3
f2f4fb06
3905124e
cfffedcc
f1f0d904
ea3f13c4
390c5a11
f1d0b313
e3b8f829
342a02c4
1f281f18
3ee81fea
d22e04c1
3722c8e7
23f9cd23
f1002ee5
05abe8f6
dcc41233
50f31713
e5f5f5c4
011a0109
ff1826e0
fdf721d9
38fa0000
081bb3df
1f2439c2
03ec26dc
f8d5f4e2
efb4c951
0900dbd1
d20ee4f0
1b232f2a
f0061538
f9baf8fb
c4d313fc
000be609
fbc204ce
feef1cf1
f2beb3ff
0c2c3140
34f65406
f62336ec
270bf9ee
f3d1ef0d
edf225fe
d8e5f00a
bedb0447
f9e42404
1bef1516
f8c7f2b7
3a0de9ee
0d07e0f2
1f14e2f1
18050f43
df00247f
222debb5
f1d438d7
81d2010d
061267e2
0af2fb0f
f0f4ee3d
f1c60bd2
f6132711
36c3b104
e1d31824
0ff8ca24
ea07e416
09260021
03d72b2b
0dcff922
1fa406fc
e8fcd22a
3ad732dc
26dae849
00f6e6df
1bd0feec
e3290dbd
d7fed1d5
f70b030d
f62addfc
31def603
0bab2ab6
f2623905
d9e6224e
0017f7f8
c0071239
f3112d0b
edf1c918
27462dfa
2629f106
002d0423
0d10f3e1
f3c63741
c62f1228
fcbcf4ee
1e21f900
09fa14e9
abfafe02
fc20f1e3
0815e1fc
2f19f6f4
ece5fac0
2d01b62e
f42d08de
0708fe1d
eded1e03
07e9070c
012f05f2
eb132207
15080bfc
35dc14df
03fb251d
16d515d7
ca011ce8
2b2804db
18f2eecc
05effa13
004108dc
113ce8fa
2e23ffe6
bf0cea06
2d3806a2
e708f0f1
18d5ec06
ed1b1027
ca08eaec
d21ee9f8
16d7221b
ff129a0d
09e8e60d
9feef125
01d3afa8
0afc061d
260efeff
3ae5083a
b91ad5e6
1e1cc8d1
ccf8d016
f7f019dd
d51ed223
05e80fea
220701e1
1c17010b
ed1dc9f2
e925ff08
cc1700ff
2ada29d5
491de322
08f81746
ea100807
182b07ee
30462520
d9cdc719
d2ec10d2
0dd03c08
1d14fe07
dcfcfe2f
ba0715b2
13cbb1fa
39c8e2ea
d90edd30
bdf62755
deb13a03
140c1d0b
01fbfed9
0ee708f5
0af018fa
f5fdfd0f
f7f905ec
1b130301
09050afa
13d312ef
1f3917dc
135001da
030bf1f1
e1e5f816
20fe1e11
03eff93d
f8f958fa
fed50916
fa01f008
fcfff10a
03e209fb
00fa1300
f2e60df9
f3f000e7
1bf4fbf7
04052026
1feedee7
f421fa28
0eebe757
c82cd003
db6bd203
7944321b
3a3a0b2c
1567ecd6
f2fae627
d9ba1d09
65e95ccc
02d7fc81
016315cf
02f4b01e
41cdfb31
31f22c01
f624f3ff
11dbf4ad
fdfdf70d
ed074de3
14323334
19fa19eb
0c190ef7
f6f50cc8
e914d9f1
20fbee44
f4b631f0
011e1229
19feddfb
970ad6f7
2bfc11c2
0906ee06
2eddf6e5
ff02f018
d605fc32
4cf8df11
47e5081f
fcae1726
e209110a
14d8e63d
ffec1e11
f204fa4b
20210428
f3f82034
c2d61be8
ec0b2b47
0be8080a
bc32da04
cd48fbfe
35e75175
12114f0b
e40908e2
c8f4dccb
3433d2cd
3be5f291
26ec03b6
ef470e49
f8e406fc
06160cc5
f008ba0d
f51e1e27
a8b7f1ad
b11614e6
0d16f617
1cf2ef25
f4efed04
02efd7fc
fe0538dd
f218e9ff
b1eb0527
5af3f0f7
110e16ab
19d80ff1
fcfc1a21
0df7baf9
2e2eec05
10f714d3
dd2729f1
240f26bc
ec2ee944
29f5c43f
18e50be5
b6113918
16f39f51
2029f3e9
f70e0ad3
0a0301e5
ef0d1f1a
3acb0400
0fed1e09
e61440f5
28f40712
2b08d10d
fcd2a6e2
0fd737e4
dd53f2db
21f5c525
fd1921ff
02c50211
45e0cef0
f1fa060d
d4e6f153
09f5ee1b
dee3f71b
05caeefd
ebd3f24c
fb1ffa14
f50c26f4
ce57de29
d097d7e4
07423924
01e622f6
19b00d01
ea1806f3
e6bbdbbc
a0404d7e
c02bd306
c00c3348
9c4ef8bb
04d5daf1
3917d721
e5043136
d9bed4e2
3bebdf02
ecdcd6f4
440f19da
03de0402
122cf62c
1cc2f7e8
0d1cf1ff
2ff4243d
090b06b5
07c8ddee
18c5e9bf
460821da
0bea1c26
19201546
fffc002a
064d1eb8
34532e22
0ee87ff8
0e080afe
13e0084e
f2d6fe07
e1e2d6ca
03100203
0410332e
f7d307e1
211b204a
00d4b130
1eef0705
1711d602
eb41ef06
10ca2a2b
0c2ffcd2
fe1ea458
134215f6
022ef41a
dd14e0e7
060ae5df
e708ec23
fa080feb
26fa0bdf
04ecda0a
f40df009
c606eb09
f6e71d0e
f8bbfd07
1cf80ae4
14ff2c0d
9f2a0c08
f5810511
e542f31a
edbbc4ea
d64249d4
fd1ef22b
fce033ed
db0fae26
ef3a19a4
08def7f1
012ce606
28e421f0
f02cfae2
f00c2346
f9f937ee
0940fd3a
fd193cee
13162647
f13ab5de
28f5e4c3
eff02ae7
f60df630
f41a13f6
e3270de2
cacf1024
e9c7f108
26bad511
270f1314
f7e8f7f1
f81b0120
221ecdd3
07601181
b51b1bd3
23f9d939
cdaaf5cc
1a571a1e
f4100fd5
e5e9f513
e8fef3db
02c219e7
0f27f828
29fd2b28
1d100c11
1cf63e19
de3ed618
f0c0c3d9
0e530afb
15485143
2d110ee7
c0069215
d047edaa
0f3406ea
bc131e9c
f42015d9
40110ed0
40e5123d
0727e81b
2014d1fb
5111fff5
1b36243b
c6f606cb
f02d1b00
002be618
0d2c2afd
fab80000
293037e1
f8f92fc5
d2dfedf9
02ff0cee
de61db34
d7a6fad9
5be600ed
061d31fb
0a2cebdf
db2222fa
0f3bf4de
f31dced5
f31d0f19
2e2014bd
1508e704
edf907f9
382dea2a
d3400332
15ed2cdb
e8011ec0
d71600e9
1f16c802
e5eef0b8
d594bd2c
d82d1f13
f206cd0e
071a1d04
1202e62c
f5f9f320
3802fce1
f2302695
f403fe1d
19dd2312
f04cad46
fe2c1b28
012903db
08e10a15
031de276
27e1040d
1fcbd5e7
3727f920
4109e12d
e927f804
1b07ee34
112803ea
fafddae1
fbf5b9be
12b6e2e0
2b1b28f1
2d0a2a2d
02e1ec11
d83bd841
f50128da
efc7ebd0
c0ee06c1
09154efc
f42b1515
12e70ee5
291bc60e
08f3fd27
e9fa0be3
cfcd1bcc
e7e953ac
05ed2519
eb101f06
f91918f1
1622ed19
f934d4cf
07f20304
f8e504e1
d71007f4
f6131e07
0805f710
e710ff03
1b02f901
ebf9f31a
0a090df3
fc07bf25
28274816
c30921f3
371a24f3
005bd704
0643c336
18f32305
00e52b1e
091d31c5
00da29e2
fdd4d6ee
ccc4ec3d
fc4d21fd
11f6e20e
021fcbde
fd19e528
fd062425
e7e61232
c1f2d3f1
c6f22723
dcf41005
e90acd95
f1141fec
1b17812e
fc2fef5f
0ced31b2
d1ecfb27
e710e923
1b60f3e1
ece51e2e
042615fd
f704fac8
c4422df2
2748bf22
edbdd9fc
e0fde318
cfb8f104
272e5a2d
63e7ba00
dafbdbe1
df131fd5
c2450d39
aeff0ce9
b6c4f82c
0818d71d
0162cfbb
fdfd2852
18c3c308
3ef00205
07911aa4
3bd271ed
ce3c27b4
d681f017
1afbfa16
f0210ae2
f5582dea
d681df01
1500e208
1effdbf2
262117bd
3719021d
bde5ffe6
1ecbcdf2
fb03e3d7
f1351320
b223b913
061ec6e9
0dfe75bf
05e4ddba
2fec24e3
fbf402fe
db0a0e09
05ec0d45
f7fa0de8
dd0d1dd2
f42f0bee
dee900c8
fbf40b19
0b1bd8f5
09ffdde9
ffd50de0
33f70eb5
122ff101
d724e706
f72e06f8
1d492aea
c21ed117
d4020d1e
c9d2df05
f4effb10
0df5132a
c8ea1131
ebfe2b17
07e2fbe8
ff13e4b5
160b0227
b802f908
fffddd01
0ce44cea
3ecffdea
d7153bdf
de07e90a
03060fd7
12c6d28b
fb13d206
2328cef6
f90cfef3
1443e116
2428de04
0915062d
f91900f6
da250c0c
f3f21636
fbf1262a
20f1efd8
2d292607
09ed3dda
d53be6cb
b5dd0c14
1524fffb
0cd8044b
01e9e839
3de1d3f0
523120c6
b0cbc7ce
07d244b5
eefa26e6
03dbf5ed
f948f41b
ff14c127
f7cfeef1
bd132215
a9e1d402
2806f527
f7271942
062d03ef
e5f1e9e0
1d0c01db
f807362d
ec160f05
faf444f3
2af2401e
04eef620
2210fee8
d31131e8
e3d9ef11
e3dbe933
083dc811
d0402804
10491fa4
0af2e7a4
fafa0d2c
36d5ec23
57290722
05fe1fe0
c6eb3e07
06fbdbf2
08032f1c
23fb22d1
15d5dbf3
f5ac1ccc
e602201b
2651fe01
193fe312
18def700
fae9fd13
f3fff2c7
f111fb2e
1cba1710
003efd07
f413f1f6
cec6240a
f413ed28
d2f8d8fa
2120cc1d
dcdd326d
0b30f224
2bef1b3c
fa1cfdf6
f2f606f8
fdf9e42f
c1eabe0f
b40a2228
18f7e516
ccfd191e
d4cbf2cb
280a1012
d71f653a
e1beec12
300e3425
fc1ebdd2
dd16fa1b
f5f50317
071ef40c
230cbd2f
c5bed9e1
fa1e22d3
cec8d617
dee6dfd5
040a1012
01f0070b
0d030703
000511fc
fffb0afc
fa0206f7
0b120407
f500f8d8
453432d3
e4330864
1b76bb15
1a0800cd
181f16b1
0e304ffa
f7ea0545
cf2d13e5
fe25041d
d9061dee
fb400209
17bd093f
3b111632
08ece9f2
091af8e3
08fca4ff
fbef30f0
f826dcd2
ec16e82b
b833df4a
1bdd28f9
06d91128
53f42b2a
5411d120
fc232b2a
24fe3d1e
2bc712ce
263e253d
ece9dfe5
f23707ee
06f0152b
f02df2aa
29f8f6e7
c81b08f3
1bf0f00b
110cdddd
ef0ed834
104526df
c42612c0
2006f101
cf37fc09
f716f1dd
0601fcd0
eed5fbfc
23001d0e
08300efe
f6bb17ec
f0f10d38
e4e71d0f
ef2ad6c6
d4d5261c
1319fc0c
7f2fb22c
0ff4c319
f73130c8
17e8fd01
cb011c0f
19fd2c0c
1e00f104
0ef0dbc2
0c09a214
f51c02cb
d9ed0cfe
e7060bea
d3ed2681
0ceb0a99
2454e118
ed3bf3e5
cc33a958
e23cf258
6e6efc0b
7ea474e7
ed270bfc
ea393118
26c622f2
1838f4f7
ed3010f9
e4ccf001
031033c9
e4e415ea
130811ba
16340104
eaf6ceea
edc2d416
01eb23fd
f4d21301
3ee935e3
1915f220
2b2757f8
1ecdeaef
e60dd2f1
0333fc3b
fc033db8
14b80f00
0bd919f5
37061439
07c3f0f7
003b0721
ff08dbb9
ade9f2d4
e81cc1ec
020be1ec
2f1711db
1dfec005
220dfa16
13ea08f8
f6111030
e7f20b06
1c18f0fc
0de216f1
cc03212e
efd116c8
fedda5c1
02e00058
072bb9db
f704191b
3ef83df5
a1c5b014
3414393f
b1f4222f
e11bd2e0
2afff043
f52ef9d5
ec2c2f11
0ebf23ab
e7bb19a2
0dd6ff29
12ea0718
3038fc00
de434cc9
08df2901
0508fedd
c20ce627
10d4f706
c340f6dc
dbe0d927
1fffd101
e6ab3a25
f2de54e9
1c402af4
290504fe
ea341707
f632f7ca
e93c1ebb
e7eae420
e5eef0ef
441c1120
ec201de4
fadfef29
fceacee3
0c22e010
0bbeedf7
0414edff
e5dcf1cd
f50ede2b
52f83bec
1534fee9
362156eb
bafbb212
a6253bc9
efeaec17
103ee0f1
d819d71e
1709ef36
223d51fd
e324f129
15d6f6f5
e5a91ef9
e7140c08
3421f100
341ffdc2
c10a1059
ea0124d2
054833fd
d8bcbde4
f1ee04e6
f8bd29f2
22eee52b
0925fa20
da16faeb
0b251a1b
d721d8f9
d90ce71e
49da1405
e02e20de
fc021af7
1b180e46
041c13eb
2009ced7
0b1c0eac
e3dbd611
231c02c3
0514fffc
390bea03
f61609e6
f30919a3
25c8f9fb
11230800
00f6f93b
ddd10df1
d1012ae3
f7d2f0e6
f8fd331c
4bcd221d
d604c422
f81d03d3
433def3d
d5310b04
dcde1f01
d9fe051d
de2bca2b
191acdf6
dd22301f
c0e3da08
fb271a0e
f9e72b58
c8ddf131
ec1e084d
048108ef
00d80823
fa1108d3
dedb4702
06afe990
39ecc5d6
140705b0
0021ed0e
2efb16fe
ba16da24
ebe5f210
cfec163c
3830301f
d91aee11
34f13f06
0db11137
210ed5d9
3516d4bd
ee1b0a00
26fffb1f
9e2ae81a
ddde3530
d2e81054
0fd32a43
dae5342b
2bcb3506
f6c93592
06ff0909
b8dcf5d8
071b241b
21fdf6e8
fed9e904
14c024c7
d0021405
e6d20cf3
2c201516
f3dcb72a
c7190ffb
07d619ff
fdfa04ee
62ecda02
02111225
1adfedcb
1fd33900
f8040ac3
010ddac5
edb526e1
0317f6fa
2241e623
e943d905
3c10fc10
1403d6db
d929101a
26bd2b27
ef1f38e3
231aedf8
dd11e60e
acebfa27
3e2becdf
46d7e7f2
0f1c3e1c
f3e1e605
fbf503ab
274ccd1b
d70cd649
cad006ee
32e1073b
e1b246b5
280b3330
2df01a35
2200f634
02e619f3
16d82b05
1619d1f9
7acb231a
3dbf13f8
fe24b6b4
262025cb
df2f1fda
03131236
2e2909d0
2ee3ec09
e31ddde8
cdc11305
42d019d1
d70d57fb
e019fff2
f8222b19
39ee1ae1
13f02bf5
dded0e0c
1aee12e9
ab33e8b8
e5ef27bd
03e5d7fb
2db7f2e3
f30bd3de
f7ef14ee
6d0906f4
2a1507c9
d2f5be3e
121e3df9
52182cd4
e13f2fb5
08ae2908
dedd1cd4
f9c5161d
3e440819
f300f8c4
db16e7e4
2feb3e27
dbcafdfd
11b2e2e0
f542f900
cd0f2af0
fa1fed07
2deaebeb
fc21e2f5
01f91cc6
1607111e
3ed71609
f6e4012e
f7f217d2
42fd0dfc
f51601ad
fd12e6b8
2ce1f1e3
0816003d
f8e6b7ea
4525d0ec
b0713c0e
f81c1397
f9f9ed29
fcfad508
1e2621fa
02ff34f7
3be21209
020401d3
e2102ab1
fd02cf19
de15e204
0901bef5
f8b73a02
09f81719
e3ecd4f3
fd3dd0dc
03fc3cf9
133d0637
e3d2e7f4
4907190d
e22d3a00
fcfa1ffe
0dbb47d8
dcc8462a
f514e9fb
1e20fe07
f01dccda
dcf723ca
056504f8
0c062b1a
fa1829ed
eddb203c
e3c1e4fe
f60135e2
33020edd
ffeebde7
d9ea464f
32ffb219
ecfff3a1
25da3027
cbff8122
36ff1b1e
024f0b1d
8cd4fef0
3c1727fb
ef111d0f
f8a9e9d3
c7faf00b
ede347f5
24f5cad1
f0a9d9ca
f415db0e
d6fad81a
12f2da58
d8f6ef14
0b0ff40d
e0f8ebf2
19e714ad
c8d6d706
0632ffef
fa0c2429
f9330c13
e71cf216
08e91bee
4aecdc23
13e5fefa
cb06d3e6
dde7f1df
e30df4f4
f0e9fa26
ef0444f1
f5200dfd
0728041b
cff3192c
fe7debd7
f4dee211
0523fc09
f6f2f64e
070b1aea
e8bf1209
aff873c8
0a23e9e2
18ddf7fd
1bd3aefd
0e0800e7
04d7dd20
f701e2f3
2dea2710
ff20e5de
1d2ce706
c2d204e7
05f7182c
f4c2d106
fff0fe10
0f40b8cb
010305d4
f73f14f9
ec42cd02
37e3060e
00202d2c
0310cf06
fd1aecb6
1f071ff9
1101bc06
ff3606fb
1910d6fd
4921f633
f8c2c50e
f00ce200
0c21f2f5
22f60927
191902e3
c7002ef8
c4d525e3
293d0211
22be15f5
1531f2e8
15fcf4fe
ffeb032a
00f107f3
0ceaf401
0d1eecfa
2109f333
15ed0402
ed2af926
0ee80939
3234e396
f729fd20
ebc7ef24
d64318c2
1bdafc16
07ed39c5
fdfbd808
b6f0e701
fee43604
2bb21fea
f40f1cf3
33bc10ef
b11af0bd
e2e607c6
1afef720
ab2de82d
d7feed0b
0808daf0
f9fec115
13a51ef0
eef20c4c
1f06e3ae
2fdd4105
022c2f11
f3d41422
0910f12e
170ee1bd
eef009dc
faf84fee
2cd6b850
32bcf6b3
e8fefcf4
fe1e1b04
0dbb10e9
c9371ad8
2cbef429
fa0dec1b
e9da10ee
f13de501
fc16f0cd
2427e022
fac244b6
fef8e8ea
5ee90b0e
f897ec0f
fff2d543
f216f254
db26ed32
bf973d08
e4f12218
000c3ff5
f16cdcf1
6ae20ec7
d063abc5
eeffd323
f66c0afd
22de44d6
d5d3ded7
a233dae5
21f5031e
1370ffbe
da0cd832
438ee913
dc10e9e9
fbfef808
0a21db05
18c3fde1
14e413fe
c3031625
1306272e
0af7fcf0
0b31e7e5
bdffea03
d9f3c80c
0f03e606
07eff330
23f82b12
10fe1006
e3e4c744
ec1b0125
e5ed03e8
012b0412
e4e728cc
e40609d2
02e5efdd
bbeaf0cc
0dff340a
29ed13c9
ceccd0e0
30bbd616
dbdd0c2f
d9eb2cd9
afdc4ff5
ca0bfb2e
efc5edd8
12e50132
1e17d2ff
f804e12d
211023d0
03f4190d
04b23d0e
16fc1522
8156e6f1
21e5f9fe
28a02cc9
1520e0d4
2610f403
0f1e5613
9eed0511
ee193004
4701fde6
cbd3ff24
0fe7fd2f
0fdb22a0
c9ac2f94
11f6ded3
3ca7355f
d0fbed13
1c284c43
27e5e4fd
2e0618cf
0507263c
a7c50832
49f3cdc8
41b8e8c5
2e2deff3
0af3f8e4
f40ee411
ca031011
0db7aeee
163c0731
10fad80e
c51b1cf1
d613f5fa
ecfc0afb
d519c2cf
e9f8f9d4
194ad1b2
cd2b1cb5
29012410
ca1fe9ca
28021932
0e03df05
19490aef
18c405c5
c21be5e5
ffe64003
f7dc4f3c
dcf10a06
11edf2f7
1d142f04
19b51820
12134b52
13ea3e48
ed0c2d22
170ccff7
0108141e
5824dcdd
20dd09da
fefaf009
0b45c5c1
e82bd006
fbf6260e
ddddf118
1301e4b1
42ce02ec
dfd5f823
eed12b36
220b1a25
e8311523
3404e30d
f3dbeed6
0abd0ce6
f9ce34f5
ee22350a
01ecbeff
c8df05e9
08ea0726
003cf1f8
0f1f0204
f5192b1a
30daef14
d0223028
03348824
2e1c01ea
fd25f1f6
15f507ee
50ecd814
fe112317
1e0f030e
0a17d2db
25f30b00
02ffe856
d20ffd01
0fcbe604
36e32fcc
d229c4de
fff0baa2
11131105
f9e4b002
aa0914c0
06c02014
ed23cff1
26e20c18
35dd1afe
e73019d0
f015f762
26bef7d6
1b5a3420
f8df16f4
34550e17
effa1502
12e1fd0e
f909ca08
e2f720fc
f7093fc9
8de90002
f1c4de06
0e2a0017
d23517f1
dcd40b13
141614fd
33f10020
f91e4910
07f7e2ec
1809c7fd
28f6e406
c7041b09
f2cbf7d5
0f07ea09
50cd1aef
0d05148c
5bf407e7
f9fa3719
b2caf905
4bf6282d
cdcb181f
0fcf349d
0eb8ed1f
f70cee17
b649c716
ff2ed3cb
12ff0ef8
082a23e0
2b04cf00
18f38405
f1e51add
d41a9708
380af8aa
04fcdb31
0dbf11fc
22ddd91f
04f30908
0a9d41f5
2e14e6e0
4100f351
212e1f31
0f03e819
b3284c08
d7d2ec54
0b36b8fc
15c432f5
27f5fad6
fa1d0cf1
ff2705b3
0fff211a
2dc7fd10
fc0a1609
f4d00233
ed81e907
05d3f81f
f5e0eee6
3afd1009
01e11102
121521f9
be0ae0ff
19032313
dc3c0af7
0b3f2ed2
cbf403f6
450803f0
2bee111f
c8ee0a07
1c1c092b
13dd0b33
11bb1a13
08a42db1
0a1b07f3
aae212d8
0e0a0e21
12fc0805
2ef40e13
0ee014fa
22ee47e6
2c0843f5
1c269f16
3e0023fa
1c23d8f1
e2c044ef
dfeae614
4caf0acb
0e591bcd
0e55cabe
20102bff
8d79d2f3
1c2e02d2
9d132a0b
141ad9e9
06111adf
cf29bccc
f2f7c7d7
35ff0bf3
13e9e828
d11f24f6
1c00f0eb
040712e5
f0f2e80d
d6dbfbc0
e0ebef34
e70e0e51
3509ea4c
e703b6fc
30bf24fe
d90005cb
f749e6ef
1110182c
15f6eeff
d4e83a18
fa1501f0
030cfe99
2b08ff07
2227fd18
02211427
0814e311
2aebf3e9
dc492320
03fd1bde
0f0120d8
00eb5102
d814ef08
fffefbea
e542f7d8
c435cf0f
c5b54022
20b08be3
dd2d02e8
37ede513
262febb4
f21536d2
ecde3104
05e5fee0
c41ae60f
e43a001b
020ddf13
e6f902f7
361f1b0b
49032f0e
0a2ab9fe
13ea2a11
e00df44d
0c3e1107
ea180ae4
f6fbcbf0
23e5ea08
f9f225e1
29edc2ee
efdf34e6
1804cb3c
240bf0d8
15110a09
7fd318f7
36fd2514
ecf00afe
f2044e0d
4fe8c8d5
dc3dfb00
5be210a1
03e256d7
fcb805fa
c544e5f4
2a1bf907
0627def4
f909d9f0
e80cb921
1c552e0b
1a2067cb
c4d2b804
4bd7eae2
405905ed
d22d04e2
ba001c20
c40ec5c1
5d0c0102
0e25f7f7
c53d1312
efdef801
ff1258da
f3325916
1cdfc2f7
06e748ff
2116f845
db331ae0
f4dc1c15
d3e11c22
00d8f206
fd600323
07bafeec
eabd3b14
0b11fd34
f30df403
01e1d708
3e221a27
ece57fe2
f225e460
10e0c5dc
d6e6f308
31f42509
10f521d7
03fde40c
fce3ffd3
f023cdda
d0e01b35
cfe71715
13f454db
382c12f9
fafbffe8
c21d143c
e20dda0f
db1ff869
0014231e
e9f5fde7
0bfe2703
f7fe1bee
0ced1a08
fbf4f0fe
05131608
f40e2909
0a16fafa
4712b4c1
e000411c
020e1806
f3fdaed9
0e10ef26
0e1a15de
37df100a
f4ec1246
f2de10cc
fef51e57
a6bc42d7
0e05100f
00152902
08412c2e
47f1e234
3cd4b7cf
0be7c3c4
1211e028
28edb41d
d91df135
0da94503
c113ebc6
d0199516
e2f3ccf8
caa81bde
0d07d73e
f3d505bc
dfe9f5d0
f8ad1100
20100be2
fd04ffed
280b6add
f1f504ed
f51c1421
befe1f4b
1d2bd2fc
df2dfefd
f8292700
f9203a09
14474911
c3d8000d
11f503f5
ef05d712
07f8e6da
e5325b03
f4fcf1eb
edd9dd17
dbd40a01
f13f18fd
fd1d0af9
c7f62e19
08f80b0f
d05ff2f9
13ee1423
dee10cf8
0e26f3d3
4adacfca
021f38ea
02dfdb53
13f80129
ffe14e0e
cafc2ad0
26f5f1c8
f12e6bf8
35082515
fd07f516
d408f0e2
03122326
1bf218eb
f5ede5b0
96ef09ed
0012e6c9
f1cefc17
0f15ec09
fa05e12a
d3c02808
0f2de6f1
fd14fee3
2a1021f1
0523ff46
ff35122e
b9f120e0
2012fbed
140bcf10
d4d1d9fe
fc36181e
401feb38
fec50f0f
291b0e32
fb12c461
4c050f07
16176bfb
29bc37e1
e3da2bff
fdf5a315
000d4be9
cbc90cea
d9eb18e3
28df1dcd
022ee7f5
311fec0d
f21922ef
05031fe0
02520f04
0d05f21f
bb1aaf13
e95b0c2c
0dd1daaa
c0e1b60a
371fddf3
0c00aff3
01ed4a0f
08e11bfd
19c7ac5e
89a8d1e4
ebc5ec2a
05dd2bc4
3206e7c5
e91832b8
242310fd
26f910c4
2f2bf104
b43e067f
e5f51c60
0e57f6ff
e1f9f0df
f4fdea2a
f4031135
e8152408
f0fcba1f
c60012d4
e7b0041b
1b39f106
b9c74041
3dfcef0e
09fd38dd
e9e9acfa
59d5181d
24f2d5e5
dbd00fe4
e4573ceb
16f9fdc9
c1f7e4e0
ddc900f0
4a0722fb
ed3818e9
3e010c10
09d80900
f52023e9
d7e706e6
3a0e0ef5
36c792e4
2705e803
bbfaecf0
2504b2dd
42f2ebc5
fab40bf1
1715141d
185afbda
eeda15f5
26001dfb
083b0b24
c82409fb
280e57ec
dc33e4f7
ebfed406
0beb1007
ebfb37ef
05eef70b
d5eaf12a
ebf50fb6
5a2bf7e9
e516e1fe
f825dace
1d2807ed
df062ca2
2ed92041
b71022c9
f8e41024
037f041c
d12912fe
20e6ffce
17ba1fd6
150542ed
fae72105
1dd70ccf
f9f00caa
f3cc15fc
ffabdc07
1e0eeb1b
ec20261d
0acbe409
0347363e
fff9147f
cfd5191f
f0e6e7fe
160a010a
52db14d2
2ddb10f4
1aece21b
1b4ae500
e708b7e6
f6f7fcf1
27c1c643
f7e1e317
b550e5b3
e2460c41
c9ea16fa
040539d3
d21fe001
87e3e30c
e540060d
f4ddfd05
40b9e9f2
ccbcf82e
06353581
1b33d32c
b1e904c7
e7daf224
0f170d01
ff0d3cf8
31bdee01
2e33bee7
e9b0acfa
d32afb0c
cd01fc03
e5bd1b08
24f3b20c
e1c62b04
9026ff2c
bcf3284d
14443afc
2dc7dafe
cbf356f2
e9dbdc16
05cad6ce
27fbe91c
e43115f6
15d534f1
df3afb30
073c0f38
a90ef012
f247d9b3
17c30503
3824b6e6
2c16fde5
312d6700
13620e21
f8180913
cf7fffbf
c310dece
f8bed80e
9315040a
d8f5df4a
f4240809
ea18bc17
1d100c07
f0232af0
8c08fff8
ecf8d6f8
3147f702
fc062801
36e5fa06
11e8d9ec
e7c8da3a
f6fa18e2
f4f9e931
0fe6e2b7
2a1e2efc
d331e4e9
f24efdcd
00020a0c
d4230235
13f62323
fe08233b
2b341ef4
f3e6fc14
211a08e3
ee0c0a0f
0c6be210
fdf12200
ca31e2c2
d10018ed
03caf1f8
14dfdf07
63d6251c
dfe80cdc
017fd6f1
16d3e805
4b1e53de
e6e116f7
0fd4bad0
f249ed1c
cbde1a7f
0839fddf
faf1e5fc
f0eae3fb
0504e72b
0a36141c
dbe323f5
04cf0416
fcb1e703
e87ff1ff
d9e5e860
10290700
1cf2dcf3
37c70208
f7d9faca
ffe43205
eddb1028
e5042e02
eca6e0f9
f12208db
0b0fc0fc
09d10bee
f5e4f428
e7efd7d2
1120efea
ea0f0200
e123e2df
f0df36fc
1911c513
fac6d026
073405ef
f8d249d9
1fbbc207
00faf0e6
112e49c6
dcfd23eb
2bc7ff41
d6cfd238
eddc3b12
fb09fbf6
362528f3
b546a3ef
29d7e21b
21cedd24
e5ea2fdf
0db9fd59
0ff31b1d
f5f0d506
c6d80c0b
db180aef
ff31f518
dcbc391e
ff26d12d
1e36eafe
de3915fd
fc3602f3
36ea112c
00db20d1
293fd6d4
092e209c
0702d904
eaee2608
e9108119
d5b3eceb
382402f3
c4fcf6f6
2f451db8
eced0518
181ac516
dad133dc
06c008fe
fffef302
3ae70829
19eefeef
f33badb9
e82c131a
f434b0de
3c44c6d8
2acaefe2
cffee2f4
1a260248
ac2e0a02
f92502fc
fe2bde02
34fd42ba
1fe1f030
1905b603
2a130113
0716faf6
d50405f8
fc0b0ff7
4524f71f
dd0be4db
cc0809f9
3409c1fd
d336c509
061df922
e2050920
e5d0d610
ef54f4ec
eae64fcc
2d1d07f4
d000fd09
0b04190d
0acf14f9
0809f7ce
042adddf
0d31e427
ca0f78f3
9e520e26
135df4f9
ca580f1f
f632f6f8
0cfbb12d
0728ef29
000d3b13
0bd9922f
58e5df64
07e809e3
e21eb7e7
feddc703
e71df1d9
0790ea20
e2030627
3c031306
70305d11
0a19321b
1afe5ff5
21340d26
03b1200f
0feeeffc
2bd8f3fc
f9120f04
f911fcde
3729df0c
cec90c25
0c2408f5
07fc1a1b
ecf4fb02
10eff600
003f9f0b
45d108c0
e2ccfecd
ddc1010b
fa111510
af1f22e5
15ab4939
ac812423
f2f7b6d5
d00300bb
d4290f09
0c28f7e0
072213e9
16e5eb13
4efde2ca
bcfd4bd5
14f5383d
113e274b
09170514
f33ddf15
77360701
3adf75f2
fe18ff0e
db28efe5
1ef320fb
073d1649
ef4d1600
0cf50a0b
250d3921
d2fef3ee
d84336dc
290dbce2
da175bfc
c214ca3b
231bcdfe
6724e825
de601ffe
d7d7fccc
e3cea005
10d40ef7
5413fd31
17f311cd
eec8fc14
fb023cf9
00f6cd34
d2292c08
03b5272d
f132e7f9
fee415ae
56e009e6
1914421e
2f19e200
e45e33f6
183ef114
f8349a36
bd032774
dfa8d337
44ebdd2d
f1f1b6db
57e5c9ed
2404e1f4
0c3e3509
eeaefe35
db20eeee
3c05dc1c
95c64420
1812230e
dfed7f0b
cb0cc7f3
07d51522
0a0b3510
f60db52c
f40d12e8
21e41402
380ef2d1
39d53d16
a7f406e5
07d7d411
d22b0059
2a0026fc
16eedc18
181bce0b
32b71707
dfd4540b
fe2ad33e
2306c323
01d9d210
0817fafe
1809fe17
03095a03
e2da04dc
d512a71d
4f27e6c1
22d4fdf8
09e8da34
240e2741
e72307c6
ea45e636
17e738ed
fe54cd04
e2fef6d8
170920f6
21fe3527
4e2f33da
b912f327
dbbedfe9
1ee7f118
2422d1c8
370900c8
fdbe1e81
051b0acd
ea823287
0b27edcb
bee61d1c
fcd3ec0d
083d01fa
0f35f83e
8d1fea2c
1221a22a
daf8d41b
3309c31f
771d01bf
13c024c3
cfba1602
1025dc47
fec6ffea
e1c51d25
ff0aeef7
fadbff0d
5319dfec
24c9f50d
d525cb0d
eb0ff21a
e51bf6eb
d5e81316
0db13604
1e00fd15
f91cfb34
02ee3947
c71e01f5
25ca26e6
38ec47e0
034964e8
eded0533
d7092314
270b1bf8
19011ae3
f5d4ebf7
f3ebebfa
0df9f6ee
162dfdf9
271224d3
2d1432f8
f42f2aa5
0c01eae4
fb110a14
3029e90a
19212622
0ced18ca
e411e80e
fa092ad2
e301e11b
cc0c23ef
eee6cc0f
3e1efa1a
f7362328
10c3de12
cbde1a1d
050131f6
2a124f1d
043606eb
093eec0a
1d1b26e2
0308cadb
230f1edc
9c0b0126
10f731f0
b9d6f7f6
dc0bbfec
10c0e80f
f918ec10
bf0d2806
1bfb1524
fe49c753
0db832e6
5d1bf72a
f0de1ece
09de1b15
25da15d7
d834dffc
da943c23
ff06e501
1eef75db
4bd9e5e0
19e8c52a
f2c61403
2d1ee8f0
f7fa1b05
1cca1817
17e016ed
e52104d1
c7c8ceb2
0cfb0234
13231bee
c6ebe3f0
f3f5da19
15c7d1a4
273524b5
ef1e1369
e2534428
41e5e9d6
0136080e
c3f603eb
0a91d625
0b8e010f
2b0534f4
f4d10218
3df8f321
f6d7e21b
2a2ef0f5
14e5ece0
e3e3fd1b
04cdee39
272cf8f3
57ee11df
2441cdd0
f7f0f7fa
080d0504
28e2f308
e5ebeb01
02f3f305
2dacdff9
16041e1d
eaef0a08
cd42e401
01ecb2ff
c8f10be5
0c373a1c
ff1209d4
d3b2f9e2
f0dd3211
1bf9f6ec
06f907ca
2003c507
12fae432
aed815e0
03eecc14
f907f406
22d6120a
d1c30408
28eed720
03dc21fb
0d2923f1
07d90d21
181cd3f3
2c3115c0
c071fb07
cf5f1f0b
f719de47
d4e8e208
e605f6fd
eaf9fd0d
0fe61c9f
1e17dbf0
20eff90f
e2f41915
003b03d7
f5fe27fe
7f230a12
19f947ea
fc3c34dc
1f07361d
d30fe412
36ffcec2
2abf1192
1eb200fe
16520b03
30b45014
1be8cde9
0f10f40d
262cd331
dd1a2adc
f0e5360f
fae7c312
f5d51910
20cdec23
05083324
2be2a8c3
23dd7fb6
16143100
d548ff04
440a021c
95ffdea7
62cd0204
c50dfc07
cf08e5f5
e80f0309
cf152bec
1cc7ecba
dd39f814
0e18de16
d8e61715
f3052105
031dcdf4
f41d0633
c6bd7ff3
2811bf03
5ccbe57f
f954551e
5dd99b62
ec0ceaf1
54301aba
cae43c46
10ff131b
26f7d0a3
1501aefe
b3e603d8
13e1f1d0
1f1b4ec0
81c944f1
1d0ae6d3
46e2f9c2
e5ecf012
014ce5ff
1fbbc90b
e8061513
f4ca16d9
0aed014e
ed1c24f2
b6bec1f5
f6d7ece3
0d0a4fed
cab7d7b2
f7e0fad0
055e19ef
145ad97f
ffe72d06
e3f60805
1803e5d0
0c22ae02
221f1814
181a2aeb
dffaad17
f31aea1c
eefd0fce
2fe50592
0aace915
d21a2c10
3926fcf9
e000bd0f
f6ab2d20
73c92ff1
1b2be4e6
cd3e09e2
0e1405fc
0720fee8
f40234da
2fb3f1f4
1308f2ec
f09ecb11
c127dc1b
0c103f34
18e9e9de
edfda81e
cbccd24e
0c07c210
d50a4824
f3331105
094adedf
450cc33c
24c2d130
e1130d04
0bfce32e
d62d290e
d0c003d8
08fec4e2
0411070b
2b17edf4
fbdbe102
fffdef12
d8daec10
2403e51d
b423e825
adefe627
dfbb2dc0
ecc0ed14
10bddfd7
fe412602
e6fbb60e
1b2fe8fc
07e9b359
f532fb26
f602aa2c
f2c736c0
df2dfb09
08f0e9fa
16111f05
e500ea0f
1c081216
1225bdd3
f7f2acba
de0cdf26
0de82dfb
13dcf4f2
350fec26
fd5c12d5
d3fd0322
02feebca
144fb004
24c71340
12580333
fdf7bcfa
e714e8df
c410adf9
1db5e024
f3e952f1
fae824c0
1b2503bd
20dd3754
df051c00
3e44f419
0ffaeb12
2c28ffed
ca030de5
f8b032c6
5d13fb26
cf33ae10
f550c60e
badf1ce0
eeec0314
f3130be0
00f8d2fe
0fe4d1a4
4f12100f
4d33d7db
07fb4e10
ed0edd33
0d23d726
c7fa3aef
38c7da02
462cffa9
572ad70e
08ffe2fd
0607b90f
fb81db2e
e7e8f5d7
d2eee2d2
b0d927ed
05e8e10c
bff81825
f8b3fdfa
25effd00
da21f4f0
0f18f303
eb1d18f9
e5ecba1f
07da31ee
0a18ef49
071de909
1500de19
d0f9fc1c
e8fbfde1
da07cf0c
aeef3af8
e1f701f3
14001710
12003aaf
f1ead504
e50aed0f
ee14040f
f401da03
da2baa0b
f91316fa
0d19301e
071311f1
ce18f21f
c1f4fb04
0e15d9e1
d1dd3b25
f2f4010c
1a00e328
3b341bc9
f137411f
ec10e30b
3cce35d0
0c23c705
e0e62031
d8163716
dd03f129
f90313f9
15ec211f
f9e713f1
16000826
0b390fdd
14e3d91b
0cfbccd3
fff92e1b
d71eece8
d7ebcd30
db19f5f9
0bdd03e2
03ffd4e9
ef5ae4e9
441351f3
ebefd547
0506dd46
22fcfb20
faf0d60c
d31038b4
09072006
03dffad1
3c5aeee4
06f8fa00
1cd703c6
29590a40
f8ffddfc
31f721f3
01f8eb47
f919f0de
340ff725
dc118ad9
e7fc0ce4
2fbae408
ed16fcee
99e8da08
1e26d7bb
0431ea0a
2f2127c8
c618ea00
1df32209
106d1f15
ce2c3b0e
61f31b25
f7c7f303
f3d03005
e0d9d8f4
2b1f1cee
02f727fe
e03200dd
f736f105
e5d9fc44
0c8dc9ff
bbd6faf5
f549d6f9
1708d908
f12819fe
2ec7f9e8
e9ffd923
f4e6f008
26ffd127
e71a03e7
1a48ec1c
0ffaabc3
fe23f624
fecd16e2
e7eec1f7
16dee52d
f80b0fd0
e6fce53b
f3e2a218
ee07fc02
d0fc2bf8
033bfcdf
06402f1c
d02efe28
f340c103
c3defe3a
d5a8220a
8eefeb04
53f821d1
07fb9620
f1309617
0e2320d0
1efe0804
ea3b052a
f5022e52
4929b03e
e9c3fd39
d2253465
25e627fb
e7cc7fdb
ff03f61d
19c55ee3
f8182d0a
efe1ff51
dee221ab
11d83149
0a460c0b
20bf23f8
500cfd04
0de1c6fc
ff08eef2
efe924b8
df0cea10
f01e2cea
fa24ba11
23dfdaf9
da3604f0
081620fa
142faef2
dfe9de2c
a4dc2a64
df21e023
03efea48
272a30d6
5ac2b24a
ecd52bfe
f91aecd0
e2ee1def
a604e011
05f2090c
024a15f4
dbb7f50c
e914e400
00961511
f3b3dcb5
d71db5e0
beb43db5
de1024fa
17171bff
d5122dd6
d03610f6
257141e8
04d207fc
2affccf5
21ea2e15
fb29df0e
c4f6dcf2
2ada0bf6
221f1de1
f80af713
37e112d7
3c0ab029
315a1edb
2af21c0b
e0ba2219
e822d0cf
e0defb08
e5f26725
0708ffeb
1dd84bbd
0e43fe07
18e42cfc
0e1ef80d
1c0ffe17
db010cf1
fef0c52a
efc1091d
dcc40a07
16dec824
fad020a8
205a14e5
f11ba710
083205dd
f22b9a19
2f07b1e6
1fc833f1
070ac1e4
fb3affec
011eff05
fb3fe6fe
000d30d9
d0e3f0da
fafc08ff
05232f2a
dbea1afb
07f3e1ef
f904ee04
00feefd0
19edfaf8
d9e60400
1222ce2c
01adf3ca
32721d21
06f1211a
13f0fa14
f9e82223
e3e21af3
d19f0d18
e0bfece2
27e91ac0
0313f1d8
debfc82b
08e3f413
52b6f114
972eede8
faf1ebef
ed0fe51f
18f82522
ceeb02fb
ff01fe28
031d12f8
f902f3e3
33fc000d
2602d820
0d28e0ea
2900dc16
ffefcdce
f2080c16
d2def5f0
1edeafed
c73043f0
faffe6e1
f30543e1
2532c234
c1fcdce5
fbf52b58
dec253d8
ebdcf618
caebf0e1
22df0ccf
1decd8f4
e6e02f31
bbc8ee04
c710d6ef
240cec16
04c9eacb
01f6f906
f0161dc0
00ed1729
0003b0e7
5a30eee1
2245f62b
04fcf0f9
00f4f035
071b08e3
0bd9d50e
ed3b130d
28111926
960d0ad3
031fe905
3f32440d
0f1cddfe
1e36cf2c
f8d8fa16
dff5eee8
dbf142bf
1ffb33ca
4401c4f6
f5dd2029
d02ded05
1df9f733
fe25fa1b
cd19f3f2
d915d8fb
38cd08ed
d9001cc0
c4bb20f5
0306ca3b
bdf906f6
f86304f9
d3ef173e
4de9edcd
25fdc2ee
04e30e1a
1b5a3fec
5dfebe30
0928061a
12a2b806
2ae41922
03ce4fb5
1403dfdd
fec4e781
08451b10
0a3508ef
cadaf5e4
f431fb06
03b6aa05
4abb30f8
57d9b303
faee06f4
02bf3cf8
51f002bb
cbf952cb
e705e5ff
dd620f04
06150b09
e8f45533
10ecd20c
d643170c
fcc1dc0f
e1e5f8f5
07a50847
1f05dbd9
d9e6ebbb
36f71f33
1df3e9e7
2116f008
eafc1ffd
0b65ffd9
ef08f40c
faf129c5
2cfbcc51
d4b3f42b
dffc0618
ee9117f1
e8dbebfc
c4f920e5
1e1c59c0
f0281018
e0cb19d7
05e02334
f4120812
1cd83c01
1ae902a1
f3e9f4ea
16db19e0
0c3115ca
22f6db45
dadcce16
e80314dd
f8e60fe5
e43f20e9
c51d02e9
112039e2
09047ffc
5bd0e3fc
0204fd1b
c0273510
0ecef49b
ed041f40
18012b4a
7f1b19e6
f005f4e9
f41e342a
24fcd00c
24e0ef0d
08e6fc07
3d0dcbd7
2d192005
01b2462e
fc0fe429
fef01710
d805fbd5
d9c310c1
1fd00c02
342eec1a
3d320df6
06ecc53e
0eeacae5
3034c614
cbfd1a1a
26eb4df6
03c513fc
3350cfd5
012f11f4
deedf03a
e90f033b
1110c5de
c52709ea
1dfee3fa
3b981513
e5051eef
ebf044d3
0b2c002f
fd0b57ef
12fadd01
3ad31128
0e0e29f8
e7231ffb
2807d509
f8d3290c
0fd328c6
f8235020
1b34eb29
cce83ffd
0324ac15
31014802
ceec1f1c
e8cafa12
2e5a3720
f137edef
4623ccfa
170a00de
e7ee31d1
e99b000f
4e1e1cfc
e8f50400
e2cf09ec
e7fa16b3
ea18441b
02242ee3
4941502b
fa22d616
fc30e70b
c9d80c19
f716162c
dd0f0601
e20dfdf8
19fc0009
0e33ce24
00e7270f
ec141bf5
611ed133
1818ede5
1add0f16
e7ffc925
e3e8d8b4
f60cfa3f
e356fcf6
d4c3ea1e
0a1eddea
fcd0ee01
d2062223
2929fc12
28b1122b
171fef02
db0220fa
f5f40b01
0103e613
19375d0b
fe19e10e
212af40f
defeb0cc
3df7f817
062910ef
f551e025
8128eef2
f43231ed
091cfc09
edf9ee30
cbeaf1ef
e3fef0c5
23d04c07
e1323191
08bc1903
ea099605
c7d70c62
e3e221fe
4724d7e9
f7eedff6
05fbbb1f
1dfd1d0b
02e81a34
e0fdf741
1bd82623
c81bbcdc
aeb5bc16
04fafb0d
0e052ad3
140918be
b11e03d2
2205aa2d
fc0601ea
d5121805
05e526e3
22ee15f4
e120e504
362813e6
00f72cfd
0e50c901
f1b9261f
061ac161
14eb0cca
11ee26e9
14dd40fa
0cf4d00f
10f4f114
1ee419fa
4c3d1426
02e9f9e2
d3f4e2bd
2e0d21ea
ff14ee0c
21e73e20
ff021a25
eab40c29
f9eae30e
d732fdd8
9def30dc
d637f024
0b185914
edc407c7
27b58e31
021305c8
43ff1ff4
40f4eb29
dfe41be1
0743061d
d3f40908
050f18fa
0de41113
1d383e16
f5ea39d2
fb0effe0
ed2111d1
3efb0dc3
096b16ec
15d1042f
39c606fa
06f7d1de
f1f2d826
dc084bf2
ebdd4308
e929fcdf
ed0af904
18b546d9
2ce4ecd2
0f0e04e2
5ead1517
fa2de8d1
286536c9
2369f932
e429421a
540201f9
59ef180d
00fd2aa6
f0f1f828
9f0640db
7903c1da
0d0cd6ed
0bdf09e9
e6dddeba
d624eadf
2cd4a5fc
3de504eb
f7ea0e5e
dd65f31b
030d04ec
fa1fa9f6
0e09ff48
4a032c0e
16530548
e0bf122b
1d030dd8
0cf3e0e3
e8fcb909
1f25eff7
e82ffdf4
e2301f0b
f72ed5a7
012922ce
cde935bc
eede1320
ecf8d9e9
00f44525
33db1e06
e716d60f
1a291bd4
230821c4
81f9c463
13d3efd1
fae6f818
01830bfc
ff1300c7
dff92bda
1bca28ea
390cfb0f
e51cd12b
1947da15
0b27f3d5
1fc203fa
15201600
00202510
1fe7d10f
d0213a38
e9dcda50
2fbc1238
fa00091d
36e709eb
2b0f161e
ff31ec11
303517eb
01c2070f
2cfb1a05
10fb07d9
20f301cb
da0505fc
22e9da3a
26ff2a14
f5c9faf9
d8f906cb
0407d503
f9041660
e134f71b
4cdeccfb
a0fc3108
e7480fbf
03c9ffdf
093fe919
ee07d121
00362adc
f60fee0d
feb5fdee
0dfd0f24
f0e1ffde
179d171b
060d0372
41f0b8d9
531ae32a
fef9ec0d
161c2b04
ff04e4e6
e50833eb
fce3ea15
4d16a4f2
f553cf0f
10f8fa18
e067e038
0c81120f
b7efebc7
01bfa00c
df27f5c3
ede4f8ef
600b0bea
d3180a23
0e3a30d9
ea4af208
0afb13ea
3006f017
f3e232d5
100bd90e
d3050051
150701f4
1723c198
f1eafa02
eb130b22
19d5e7fc
121b17d0
2e1dd1fc
fdebe1fd
33f2edf5
0815002a
24f3e903
1f09da13
cfcc1af2
f0e6ebe6
ef100834
1cd3e9e7
cd03f62b
fee4befe
fe46dc0f
fe0b1c11
d1f640ee
fef60436
3c06d8f7
010e0ec1
6006feef
0cc1fe11
edf8010f
ed000fec
e908c206
0d2cf4e8
17d4591b
f7e7bf1c
27f62612
3ed1dee0
0ae7e802
d8ef21e2
06f54206
1d3adb04
0a031b28
00e80ffa
413f21d6
1302bd08
0253d71d
a413e92e
e9f8c933
f0fc292a
f335f9d0
da2ae91f
4509cefe
f318020d
17ec13f8
de0fc1f2
21144ce5
fbe301b0
fda7f8a5
f42394fb
08c41315
ebc00b1c
0df4ddf3
0513fe1b
f23e2ccc
ff1712c8
15fceac3
08ea0918
29fd0a3e
1b0fee0c
0bec1704
0a170ff7
f316e900
051f33c6
f8eaf4fd
18fa1319
f1f31404
e2f1f30c
f207fd02
f00605f8
fddc0103
0425fe1c
34e2cdee
1b2030af
0051fd0e
f4080ce2
05100309
32df05c0
180324e9
14ae02fc
142bcdd8
08e52de4
51e8120d
e0fe06e9
fed2f8e3
e7e00f0a
172ff0e9
f6080d23
fac0b7f3
1dc9150f
e0fab903
f5181bff
0de40108
0adafa0e
f8e8c905
e7bebb3d
07dcf6f0
5ed2dc15
4b43d71c
2a633016
4542f3e8
abd3ed21
de14e50e
dfee0dd3
c6110b30
db39f4eb
f6e64606
17dfcbe5
f7ea15fb
1a2bdf22
270125f0
0648483c
e4d4e0bd
0714d0da
ddeb2fb3
fb0a0bf2
f236eb17
10c1e9ec
2401dd18
cd231229
f6dcfafc
0545cb03
e8151309
c90cd7fe
26d8ad04
1904334f
f712db2c
f7c3d90f
feebb619
101721df
4b72fff1
30fbe6cb
e8bdf30e
0b33cff8
4bdcd514
e0cf1b3e
c734f41f
e80327d6
d1f504d7
23e72ac3
11fad919
ff2820e6
02160b02
0807ddf9
2e24fa43
0513faf9
d567c76d
0fdeef28
e218e70f
e8eef5d0
40e92eeb
c8fc0ef6
01cf1d0b
b735eb2a
1ef7f0e5
16e4dc0b
3455e6f3
e2052cfa
e201e411
141ee81b
e12001e9
ce0912e8
d3ffa6f5
1b25fb10
fec4f805
9d020b0c
d82906f9
07e80226
380de306
e418f31f
261615da
029ded0a
fcf6e7fc
262bf0ae
ff14d600
e92c8123
1c25cef7
10ece4d7
efdd120c
daece924
4b26c302
b6d63bf3
cc14e8d6
d12bebec
1208f621
f123e1c9
affeeeee
ff17e217
f6d142f5
e6e6d706
fc1712ff
f709e9f6
252d26ed
13fe0322
2c5aebcb
0d0c26f9
edc424e7
062ce6b4
251801d0
1e2ec1d8
23ecdaee
133b0126
b212b4e4
fe23f80f
280c02e2
d7f4f90d
f1febe13
db38edd4
cb34141b
f1f7c91b
df3a0537
0007ed50
12040df5
ccc236ed
f9292904
e8ab09d6
3af0c006
d6142dce
bbeaecfb
dde323fb
ff0d2dfb
01e9ff06
303e2de1
0416c2ef
fc2f02c0
17cfb4ee
2ceae7cf
fdd239ff
0ad33cf7
14fd0f11
dc384cde
d8ad221e
28f2ffe3
e928a835
19fed5e4
0f100dcc
1b00e8ec
cc2beb14
0c3e0002
f12bf1f8
7400b6ea
eac5e6e8
5927f9bf
e2e9f9c3
663ef206
4043d739
18b2e50d
ce04e140
d0ab2239
e9c006b1
1427e40b
f80c05bc
365500fd
e90b120c
fce7e233
2c4c042a
ccdf011b
e7fa0ed1
d3f40821
fbfb2f04
f010260a
23290fca
fbd0ebe9
ef2be3da
0ef915fa
f9030cfa
3c501ffe
0be3fed7
e2ffe41d
1310e7e7
f52aea09
ecc5031a
1238d9ba
252cd8fc
0aff03c3
20b3d67c
dacb3707
cefdfa4d
f40e0318
ecf63405
ebe8f2c8
0b052418
d2d9f7e7
f5e90d03
123d321f
170116e6
f8dd1800
ea3ae3e0
eec1c639
dfd8eb1b
29bb0514
f6f5f8d8
23270601
f9190dd1
bae916d7
cc22ff4c
4125d8e4
0e4518e8
b447cb0e
d92fbefe
d2b6d9f0
001e15ef
03abc92a
f2331ac9
1c36041e
dfe0dce7
1dc20c31
fd2bdf07
21edcef3
eb45de0a
ee4406f6
0302380d
e5c609f6
ec001d03
e00314f8
0c0111f1
e4e9cc0e
36f70725
082707e6
fb280602
f8dd57d6
ec399b17
fcbaec26
2ec7f021
9e2f15fa
e12800f6
c5ea0923
122a46f1
f21f0f0d
cb36fc0f
defc0103
0020edfc
eb003ff7
fcd40e28
f408c8ee
27e2f4fa
4103cd20
311450d0
dad60d03
fb1111e1
ed70eb05
b22ee624
ec0fd105
eb09f26d
18e418d7
33ef071a
e7c50eef
0318f914
08ebdbfa
f4451400
f8b8051b
e7f0b917
f117f123
d6c73313
0631d7d0
f90dcff0
1809c51d
00effbe7
e4dc270a
f410f224
1914f7d5
35137a12
df12f318
e41513ed
1cf120f6
e3f8ed00
d1fbe416
0129fdc9
3630efea
2af26ec2
3116ecef
eaea2104
eaf5d9f0
4af0e5ec
2234a206
f600aff2
c7150409
f9f6c2f1
0af6f8fa
06121915
0617f4ee
f5fc0514
26ea2912
e6e50322
290cee27
2fc63b0d
ea1ebc47
ee1b0935
e608e008
00002802
f4dd1b06
f117fdfc
dbe0051d
0ccdb8fe
23d91919
04d00cdb
272108ba
e4121fd3
0bfa27ac
f1f6203b
d40a03c3
f72e0e19
c5d91cb5
eceffc1e
f1faee05
1e08cef7
fb0edb1b
08fc89d5
e9255efd
2b1b12cb
3c59f6af
18c82135
fd44ea1b
47c0f70d
321c2114
00b321e3
282bb313
efad180e
0a4fc522
21e2f4c5
c9ecdb13
4130e926
070e43f4
ced8c377
afe0f9ed
02e1fbe0
34fb2e63
ad08db30
3cc5e81b
c4d1f1e2
e3f4f313
fff3d7ed
06cc620b
2c383400
0c2140ae
0a1708e4
2965340e
300ddeff
0dd2c932
25142afc
19d6d6ed
e924d4f6
110efb01
ef5025f3
1be501fa
dfde191e
66e60126
074f0ad9
e8b4f3de
043010ad
29da16f2
3ee00af7
43330b0a
05ff1737
f0c4d802
ff0607ee
08131907
dd05d4de
e51be8ed
3601debf
db070e09
b5e1eafc
30272fd2
19fca642
3b2d0b1d
1810e7f7
fa2df833
14011bef
dcfc23fa
d10bdc01
ffecae1f
0d03e3f4
150632ee
3a15e9fd
2b15f939
ee01d1f5
c9f01ffc
16faef0e
0b02010f
e6e5f315
eeaef71b
15e7f0e5
ebff0510
e13be3ef
2d2ef6ef
f2dd2219
c2df09fc
f427cbe5
1ffff122
d8061ede
1d2411a5
1beb03ca
07e821fe
291af4cc
e117f0f9
04e9d8e8
a4b0ec26
e1f4f3c7
63a1d8cb
0ccff7e7
304e2c1f
fe0dcf36
11020616
d30c4a19
0d26df2e
07d1032a
1ce820ba
f51e2500
0dfee712
21051a00
ffff25f2
fef41204
0927124c
220a46e8
465ee045
de15f20e
26dd48f0
0f4019e5
db01e4e4
0d230218
ce070adf
5a16fbd2
b9850206
1105142e
1d1c21eb
c7f318d4
e118d0cc
080d2ebc
ec0aa2f8
e3d251b3
34e3fefd
b9e5eb01
1d09ef15
5bd1e836
c949dad6
cffa010e
0ceee822
240f4fd4
0126e80d
03ec07de
f605440a
c5b8041f
d8e4dede
ea280bc3
bbdf1c13
fcdf450c
f0fe19bf
1bbc0aad
113a0cff
410e08c5
4a052ae4
22da0e29
051a150d
f0fbe4e3
e5e0f5d9
0b33543e
d6d43efa
e7ec16c7
09181920
08bef73a
13df1d1a
260ffefe
84e41acc
f427f6d9
01fb3d0c
ee33fdf9
07d3d32c
23a3a308
1930f84c
14ad096d
054ffa62
14e93c05
2e011603
1ce4f0ff
0fe503d1
09a0442f
c0ee19ca
28b90214
f0c61816
8172154c
a2bdc8fd
f32329af
0beeda2f
2ccd456b
faeb0511
3e21edf5
0bac1c4e
e32dee1c
ebf5a4fd
e3f5ff01
ca41bb1b
0a080a02
f239f5d2
eb2bd5e5
380a350e
020cf11e
eaf2f708
db12f4ec
11f037d2
f35b0214
f3ee0017
ba0bf5f9
0212130a
15e70f05
011a0bf8
0bea0af3
10f5f8fd
e40bdafa
4211de30
d5fee0ec
efd0c304
33d70a30
f409f508
f5de1e2e
f71bd6dc
dd4ad232
e2422234
27e3f8fb
1cebd3d1
fa89ee28
e7ddfa05
5afef215
f8ec26ed
0d265c35
9dd7fc08
d7eb2ae0
ec00e206
f00bfd05
19f10c0c
eef20a1a
fee82006
0de2e72a
e2ecd518
f62b2cfe
e806ddc9
28cfa5ed
15280703
d70df0d5
1501defb
d4ceabed
be19c3d8
a4e34017
8df5fdfa
fae32de4
2b462524
be3f0bcc
f83b0eff
f7e7d844
14de19b2
e9192a21
0218e8cd
fd03ace5
0312160c
a70233f2
67160a24
1ded10e3
2332ef32
0a070124
b313fee8
eff6db24
0d33e704
0e34d815
f9fb1706
e6ef083e
fd07031d
061efef7
ca2a07dc
11cbe52a
122810fc
01fbf501
be13fccc
ec0144d8
0c31dbeb
26363414
cf23f7f9
1dcc0655
f311fb06
eb21fe3c
c4e61400
f7e71403
0d0ffe04
eaf4e13c
d6f210f8
0017020c
0fa1e002
fdf4e919
ec090b2a
0be7f4f1
2506bd24
ecf726e2
fe0f00e5
0c1be130
0e1be706
e212020e
031ee108
dbf82c03
13f309e0
dfd428eb
edd308ae
fb0f040e
1e46c202
22d337f3
23d4fbf9
0cdee2e7
ed02ac1d
bcdf17f8
5805f10d
f6dc21da
f331d808
e1e003bf
e2e60ec7
dfd514e4
fafedcf0
d3203d67
e52cd6d7
09dbd81e
ea290300
fe191feb
d2eee9ec
efbbe510
0f0101cb
1d2f66a7
16fded08
11dfedfa
eee30d15
22f31ade
fee9de04
071050f1
fad645fe
1d1af1d2
61fa2432
f6e23413
f4c909f5
17f2e913
1bf9d30f
2b30cb0a
c4cb00d2
2007f2f2
81f844e7
eaed10d5
26c4290d
effc2029
fae9e02b
0f3136d6
bffe0fef
1104df34
f11e3e16
ef4a0926
fbd3c018
12fffbf6
f5eb102a
dbd7fb06
e4eaeaef
e1fe2609
450041a7
261931c9
1f055428
a22f2712
0feee645
0a27511b
f5daf9f9
f4f32416
2cc3f6d2
1de8fb15
0ae209fc
d4f5f91e
31e919ec
facec739
2afcd5fb
e3d727f6
5e0419fd
f8c1f0e7
e318d40d
ce230603
1ceca9e4
e90aeacc
d332bdd5
e3e8ba1f
2debe7fa
07f45f18
0f8cf916
57f406d6
b21719c6
e635c3d2
e1d6d2f3
09eb191b
13c31131
06f7fde6
f4c43b14
031cfabf
f8ead8d4
080ac7e6
34afdf56
26efbcf2
efec0afe
16ccfe0c
eb09d1f4
2bf71c08
051205b0
09afeac1
1052f118
ebf9df23
1916ddd0
e1d411e4
1ac62401
26031115
be040ac6
efa9110c
fcf5ecec
ff2315dd
e604fa01
fd51eeef
f90f2c09
eb39f802
ebd9100d
f81d1fef
064c1d07
fa14113c
ef12efbb
31513013
f915f3f5
be4bded6
30ef0715
f102fee9
07f6e75e
cfcfe613
037fc4ab
2a40f0d8
1c0f33f3
e021f6fd
44e81b07
01b0bd2e
f0f3f6e3
ce260119
f5182358
ec36c3e8
0733ea00
190af806
ede71d13
0607b8ef
dc09fb13
e2076b01
f029e9e0
e925df21
42da0e0e
eee4faf3
e6270212
2c15bfd1
be1ed7fb
24fd18f8
280826e1
28570ef1
46ed4dff
0813044a
28f603e9
01b8b6d5
fe1517cc
4407f2f4
33da45fd
05dc34ed
05f0060b
3be53258
11d42ad2
e91adc34
f32028e2
cc221f1c
07f2dcff
18fef5f7
e7f627f7
260fdaf5
26fc2fd5
13b80d03
9fcb3cfb
f3f2f8d9
1d0de007
09bd2cfc
1b00de08
2107130d
fa1a0815
111b2f00
d8fefbdf
38371fdb
98f4fa2f
d50d1603
e13a17f0
3013f6eb
2812f7f2
07f1d4f2
fff8ed0c
3d180811
b9100d05
1a15e419
1426df12
fa39f20e
12e02621
ec2302de
fef1d8dc
3af538f4
c5fafd00
e9133847
f029ea1b
5232d291
f0f1dada
ff1ee9ed
e9220a69
15ef2923
d9eadefe
29f6f210
f6ebd202
53ebfb10
fc291b07
010ab545
cd18f15b
0a331f00
c0e5e9ae
bad021f0
febecc0a
d91d0ce9
42c423ef
0121e030
a6ed5a21
dd07cd2d
33022700
0502e628
ff4d1fed
4ef8c1e4
201f530e
0acf13f1
20fda900
d6d73307
dae6e2f0
be03ff29
d934f103
1dd1fbfe
022de3f6
e9a41aec
e342f8fe
0ee5d5db
a240ad06
eac608e7
d707e2f1
eeceea1e
2effe4fd
e5102113
3c0c0aee
d8d51dfc
15d9c9a1
e4e33df1
fbdefd0b
ead2f4cd
01351bd3
f417f2f9
0b0ff9dd
10d338fb
fc04140e
fbc817f0
1ede62fd
dbd50ce8
40ffd6e3
fb121703
20dae9d0
f3232a06
182bfeff
e1d2e2e8
28b1e319
d41bf6e0
e61bf51f
ee0f11dd
bb1f1e34
9e0e9b34
c817ceec
1c09df0f
0dd804f7
4fedfb0e
da4914ce
06feff34
2412c0e8
0bea170d
e4060310
0c471719
3ae32e1e
e9edf4f3
1c33fe00
ce03000b
2132160e
f5013c4d
d3100339
e81e25ac
e4f8ecfe
f2e63697
07e9d0f4
1a0ff8fd
202dbf21
d3081d2d
2ab4c41d
d030370f
ecc7fb08
142d17f2
fb14de18
c3dee816
49d1112c
e603d42f
2a0405ea
05f5f229
df170804
e7aa00b5
2117e70e
0d9e1b04
3bc62621
13cd00ed
1cd901ca
ef4b3224
4fd6d31d
21e41523
46ea360d
15d7c6f8
1535e2d4
07f90e06
0e02b45c
eb13ee28
d1c937f3
9cb028d0
1951ffe6
01c7e1f9
200afe2d
2eee11ca
f81d211b
040ef511
c5091704
18e2041a
11cfdb02
13db1000
cdf0012f
e8c71338
60fc0931
062918e9
3fe1040d
9be23a1a
2a3a11ff
26f02539
c6e62ced
290d13e7
1af8f9ed
f6cd15ea
d8376704
37d1f311
180725d6
ff3308fb
127cd609
f8e02102
ef0241fb
25fd0f06
ec0d0513
fd23040d
371806f9
ff15d9ff
02071bd5
0bf3395e
861b290b
14be21fd
cc45fb07
43f423f2
e9c3ce01
0b3f1206
e2f917f2
0f260b1a
04b933f8
1329ed15
dce214fe
fad021fa
f0c3d8fd
011fa9ae
16ee03f8
f439c8e3
c5e1e90f
050d1e31
05d34cda
2ddce021
de19f4db
1f56ed8b
1e1cc800
d52cdebf
cf010517
14eae7df
1037e413
b7ced909
0b240909
d2fcc324
ee0df40c
ece92bbc
45e9a4c0
e3d0120d
e6052408
0af9cd0b
ddfb19fd
08abad21
e518001d
e1b54410
ed2cb007
0804e6a3
edded4ea
1531edde
f6013ee6
1c02f911
2b49f1f9
2e1ff0f8
0df804ec
f326f8f1
fc1b03f9
feb705f3
f506daf6
f09e32d7
f10f172c
2802ccfd
4714f363
d822d604
18badbf0
dab50305
ccd207f1
16c00c07
3311d126
fafc17de
de072d28
d6400d0c
36b9e502
dbbf4b16
eca5f9fd
12020df8
06f3fb0d
ecdef625
ede7c10b
27f5f2fb
21db12ec
c1fb100f
e8e415e6
fe3b573c
f7fcde1f
ddf64ce9
e9b1bc0f
ead50acf
e209e7ff
010304d5
233719f9
0208c511
2131d906
e2eefd0b
f9b6dd42
df2c1133
e8c82306
0a0f03f9
152e1034
f7bdf036
460801f8
1d1c04cc
ee3a0820
d2fa1f1e
0a49d6b5
11dbf04b
0cf1d9fc
081cf0d4
23e3e6c3
0a9f79d5
f630113b
10eefaba
06e3dd1a
07061826
42e61306
eeb8e6fe
26fdd7b2
ef16f313
dee9e0c6
1ce5cade
220a1a0b
c82708f1
043ec912
f90de6eb
e70f2619
2bece233
faff40c8
06ce01c7
cf364013
b9bc2508
1ff4b5fc
04fc43f1
c2e606ec
f20bb720
f78e353f
0538ee25
daea0c00
d6e50a1d
c9c320fb
0717490e
3702f609
2eacd91a
2023d4b3
fcfe1d2f
26cf0df0
f1dc0cff
1de8fdf0
07dccdee
d0c31bf2
bedb12ee
0e06f7cc
f7d7f607
c51cd8fb
28000b23
f9f42812
e7fc0c27
e64cd916
f9c874f7
49d3cddc
150ae1d0
e601dbfe
fe3bb615
0fe3c801
fa29dc35
e626220c
04f9e837
d3f70037
ea090615
c5cd1ef0
05ffebda
28f9e3e5
16c2f20d
0d3619c5
ee1f041d
25ee1054
1a452929
e1fa2007
18eee4f7
09dc2321
0757fc09
a5d83b28
0dcde905
39212ae3
03e4e4e3
2a3bfbf9
2ad2034d
00fa0e1b
0258daf8
0907e224
e52eede8
4c3a0436
0f0de4f3
06099a20
dacc0a0a
3a09c818
f2d82910
e5dfa50d
f01f7fda
14fe9de6
fdeb16da
f401dd1d
bee3ef13
e2492e02
ef0b071d
03014914
0705ea0a
ff070512
ddfd3309
181a18fc
0f0ac5fe
f0db0d1d
1a0d15ec
e72fe4f2
3a05fae8
faed2e08
fe0317f4
e6f828e7
fc0a1bf9
0dd71915
ed00380a
ebfaf4a3
11e4e31e
0525e8f4
16fbec27
345ceaea
10c8dd05
f530c8e5
0213f3e7
f65448ec
000708ef
efd919be
fd142f08
0e2bedd1
effc09f0
f8fc3d10
d614090b
eff3d90d
f1defbed
21035ce0
d2dc0cdf
d8c814c0
12d9fd20
cbfe21da
01022c2b
1717cb2d
65db0a2c
0bf9f544
44f81cfb
dcff091e
035fdb0d
01d5d3e7
ca110f1f
f9dfe448
ffecef19
0208f7f8
2800dd17
a25cd700
d6e3d302
faf622ff
df0fe9e1
f308f134
2b0fd8f4
f4ef21f7
cd14e0ee
76c121cc
0a2ec5f7
dbfc77ec
0edeccda
e5fcc622
bf0813f5
02c9f2e2
dafc310b
f5d9e214
bbe12701
0a0aed2c
023f7f28
fceaf8f4
16cbe8f5
0636f4fe
10f61cfd
0cff1a11
ea051804
29debbff
06d2dbf7
d3324607
26130c0e
04faf7f4
dffebffe
cf35f3e9
defa2205
f1cbf704
e01bcd16
f3ebe5bc
15dcfc09
07dfef19
13fbceeb
17ce0d35
a9270408
f105f905
4a0c0117
633e190e
40271202
f8eae80f
2c0ae601
e51220ce
ef0bc3f9
2ae8e7f3
d3f005f9
293ff4d8
1113ddcb
061aff18
f9fc17c1
dc2207c7
2b1efd06
18dc2f18
3802da0c
fcfeefb0
08e11313
05f91d26
d8fc3519
3bf7e326
56160805
240413ea
26fec1d5
20d8180e
2a0910f2
fb097fe6
0f03f316
011fdd1d
0ddd0efb
1ec805d2
f404ccdc
9cd90521
c0370d14
0452d03c
23fef914
6dd3f91f
f214fa05
3e1802db
04e5ea22
17f409ef
2defe428
f2120dd7
f00c033b
1cf21622
119c14f1
1d012eef
08061909
b8f6fa3c
e21323fb
00e0dfec
fbffd108
0a4af22e
b70b8eff
f5db1be1
0bfbfcd8
22f8cfe6
d3110be5
0bf5e515
13f33adf
d8e8f32e
f803400a
f003d936
f10bdf24
0afeb2e8
ea0634f4
fa17fbe4
100ade02
ffe8fdea
16fb50fc
3c0113d3
d50b04f6
01f40823
f733fa16
122405de
0bedd006
b33ce927
bc071311
fd17b8fd
0fc8eb15
d7dbbcf2
dd0704f5
f3021a10
120d2806
f8e21109
cf050bf3
e1ddfd26
3513f8fc
3be40214
f614e712
ede305dc
fc143e29
c9d4ecff
22d412ee
d8d9dcf9
0f18d000
0b1ed727
0fc4fc18
f12ed5f7
400fee24
0a3110cf
292218f1
23c932d9
250eeff7
5a06ed20
ec2deb1f
059710cf
05f83b38
16e9eec4
dc9a1e04
e2232d03
fc06fce7
4701f90f
00ff33fb
011e0ed1
3202ef0b
160bed1c
f1103203
60f6feed
0323ec0a
52793628
eab4f8fd
12d7e3c3
a3efecef
eef4e744
24082214
21e3e4d3
c212f2d2
0a0f14ce
c5372026
132d0d45
03ec5216
45ef14ea
0ef5f613
c32ee432
00f011ce
db230d2d
de38e427
05d0da15
c8fd101d
c90bfdf2
fff4cd08
04d62c01
c7232e1f
1a12321e
c3c00448
081bc916
23f5d042
0bfbe638
05f30708
03e6cbda
f0f602ec
e3060f03
d71ef7cf
2e16d517
f1d9539a
06dd7ff1
074ede30
cdf8250f
0ef2e916
f3f3fd1c
f2fb1a12
fbf9f600
00053400
0e0a00d4
f00cedfb
ec120b3f
16befa1a
ec2b03f1
a31e2137
1eabe224
dae3340f
cdfefcc9
fc1ad01e
dbdfc040
fa0ded0b
bef6e634
00f40bde
0c1afe19
ecf13fe0
e3a72b0a
4e084b0a
031ac700
dae5f114
b21ff2e5
01443000
fe109fea
ef02060b
00f6061b
fc0218fe
6f08ccd0
150ce1ea
f6fedb0d
ebf4021c
fde6d4e7
cc041528
03d1f439
f30910fe
dff84b2b
dbe2c825
0420c1f2
ca3c400c
f01e1f52
b1123a04
30502ceb
132bfbf0
d0251e18
10c0ffc3
032397fd
f4f5d6eb
fe1997fd
0905bfea
185c07d1
a4fcfbff
dde239df
f6ce3cfc
2af00831
3df50300
f8fc3dd8
de0b1c05
17242b05
2fc5d3fa
1ce323ff
16f4052a
e01a3425
2e333508
21e216e5
0bdb0117
dd1db02d
40b42921
f0061fb2
0800f6ef
1ed2daca
0c26f8c9
e96ce218
d019f8df
1a04e720
d924e6ea
214bffeb
08dbf51d
4c121643
1efce606
f70bf309
f0070417
0ff2ed0a
b0decaf7
03d6e8cf
e1fad8d4
3b9abed8
f00ffce4
00e6dbe0
22fe18e3
fc011701
ff0ff0ff
e027e3f3
1c04f5d9
dd0501ed
131f0ac7
e7200dd3
c1191700
2ceaf52b
2ee170e7
e6cf57c9
13f9f1cb
ffdae9d9
cf17f116
09ea1932
edf8fd05
26d7e816
133d1f0a
fff8df0d
ed1c000e
dc06f22d
a7e1bd11
15d20605
18e4f81d
fca9dc24
da09dd12
c6f3a111
07eab70c
29cd520a
3b812b47
c7cf17f4
0d339e7f
e11be121
faebe0c6
09efb1db
c421f724
02edd5f4
21ed04fc
08f41228
38f813f3
2813f2fe
37051608
f909e806
d1f03807
c30829c9
c6ca08db
0bccfbdd
c0f311e0
1bb605d6
04ec3a0b
eb3efc11
07ff4ec6
3e08b745
351e3df0
efff0c05
bc130f06
3d07eded
44ca1ff0
26f2d9c3
e8192d02
cde81bde
102605c8
f91efd09
ef0200e2
08dfee29
d4ee25f6
22d8ef18
f6ef0002
eff6ec28
e01926f5
f0f20f02
f20eaa10
18510202
2ffbeaef
16f24aea
1811b143
08fa8beb
d735d2ed
f8fc0800
050911f8
03ef03f5
1b0b00f9
c0ded2e2
fcead032
2bef1637
ed15152d
f7293116
3709d42a
114418ee
cce4d3f7
f41e1201
042e05fb
e5b642a6
1bf015f4
fe2a18e5
2202c400
d2acba28
00e87fff
46144fdd
1df014ef
21fa2fea
2719d5f1
01efcacd
3402e2d5
17592f08
e621f603
dc0de006
c2dd1a20
0dbeaec7
f1e2f407
0ff0081b
03f2430c
cdf6eb5d
08f2d80f
01ddf103
e40915ee
eb4a191e
df1b0e22
0de21824
23f6210e
f92b5c96
1809fd0f
32fb41dd
07cefb0c
da43f8b9
f7e1b3d3
012a271b
0d03e6d4
6f21497f
084cb002
ef3031dd
4b020905
ec075516
0f26e3de
05c8ffe0
0bf7c6fa
ee110409
2cd41f03
170748dc
20cd0b0a
bd5cf32c
0234eeec
08c6deda
0cf556e0
dcd916c2
3eee4006
cc3e4fef
42f6fa2f
06dcdffb
fd084315
0f0b1525
0cf7dbfc
bdf4d8fe
f22f1912
2505defa
f9f0450f
13cddb0b
3c222607
e2ed26ef
151c1522
2410f5ea
e43503e1
f60ad5e5
e0ce31f0
ec3715ef
3cdbc3f3
0b111df1
32f4f0e6
ed31e7d6
f81a180b
dc0d08cc
d1141008
b3ebbdb5
d4f011e6
0be32cfd
22f211e1
1518e7e3
c316ff0a
fdf9cd01
2901ff07
00b1420b
1d2026fa
ffd4110a
1901f2ff
2b44e7e9
d116e8ff
0efcf8e1
e5f1250c
d608f8f3
d2290a13
05dec6ee
e2002cfd
c9e72f09
f1180d07
211b0e2d
fdf21304
6e4402f7
10eef7fd
0f1801fd
1eef0108
0b18c041
e8b80c0f
e4053ed5
de0e3a01
1dcf1ff8
c811dc0b
1818fd33
c0ebc6ef
010fc600
e302fa1a
bfc71bfe
00264ec6
20fd6187
acffb82e
1808bcee
f8e6cb1a
e24b01f9
0ccc0617
ef1a3706
100de2fc
271613fe
ecf7250d
0c380cd8
def0fe0b
270f0b63
3fe8550a
280046e7
dde6d5f3
1cec42d8
55dfd527
cbfff9ec
e836de51
0e3313fd
31f5c1cd
eb1112c2
ff24150d
fc1906c3
6caf1fe3
f6680eeb
fe028c12
2d33da44
41d718f3
2c17f0d3
ccffe2e0
04cacb19
faf23f05
f2c30c31
d80f3007
e5e706f1
0a3708f3
cfee14f4
0aced70e
2f432419
1d32ea0c
0b39d506
04f5d008
bce5e3d9
e2d04d0b
b83c2c59
d4f01e19
4bc7040d
26bc01e5
fb1809f2
eb05f7f5
e5faa138
ef2509fc
09ecba3c
0cfd34cb
da0b31f3
cfd7d0fb
ecdde20b
d212ce09
36f20922
2df6ebeb
eb0dfccd
0056d8f8
33b3f5e6
1cde1c09
06f73bc5
03faf70c
f0d7fa97
f0e44406
e512def5
f7eddbf5
dd20fc31
08e6f1ed
f6df39de
350711fe
0c18f4ef
e0171ff4
cad40de6
24e90919
5fbb4010
ea04f307
0a261a10
33f918fa
0eebf5f6
10f9f30a
0a0631f3
323301f5
0da2195e
0612dde6
fe332eef
21050bd6
050e42f5
f63bebfe
1616e5fe
111dfc0c
4618cdd3
edeb4d1d
0cf914f3
e4f5b714
09cad837
dfcfee0d
d8fed217
0fd4db12
a8579d28
f169f0ea
0c13ff5a
ebf956c7
cdd31bfb
03433a0d
d3e80c0a
1117eb0b
18b60c0e
21e010f0
fb1b42d8
f0ff0313
19cfc533
d5dadff8
17cadaed
c8caf5e5
d706de45
4d121ad9
f33cceec
e50b05df
1fd60df2
f40936f2
fc2631fd
2ba205f8
0210b5d4
81311011
1a33f50e
16e9faf3
f5ff1001
f7fd151b
e7311253
0a13ee09
2d1bf120
11abe71e
10f4f1e3
f4eed520
01f7b424
05d9f90f
18c017f2
e6c9d0ec
5f23ca06
3ab1e2f7
f8ff32e6
03fe2018
6031cf18
eacd56f4
d3fcf521
d2e50402
d5fb3ebb
ebf12710
0f140e3a
fef4fbed
ff8913f4
6328d811
1ad0e912
e0f4e5f7
f7f8e7d1
163cdd17
0314fb22
ac00b915
29d9e9c2
ffeaf705
d95a28f2
221418e8
e6d5393e
c1462924
270c1443
20d7000b
afccfc22
1d07aa26
e9e2cac7
491df822
270e28f4
2adcd628
f7fcfa0b
ef08081b
3cd5113e
e302c5f7
f8fa030d
02ebf7eb
dfff29ff
022a0ff8
fae706d5
c50510ea
d0fb27cd
f708f6fa
1a4ed81d
dd1c5b18
debfc6b8
e8d79bec
f1e0a4dd
0809a7fb
d87f0614
100ce3ee
17282b11
fffb0f40
af36dd0f
ec121efc
15e1dff6
11e96a00
10f906cb
67cc5114
d91a5600
cdfae201
171ee4fd
e9121c31
0ee5d21d
10f23215
e11418e1
1901070f
d7f2e42f
33efd627
f5093cdc
17ca001c
0a040802
3df6fb0d
d7e6ff18
e9350e0a
10d5d4fb
18b1b614
0dae9a1f
c52e20f9
1b153333
1be545e6
c614f214
f213e41b
04fcf625
e80debc5
3550274e
2e1227e3
04274304
d2ff26e7
e12bffed
e80b7305
04c94bac
d0022ed1
5beafce5
39c32d25
ccf92220
0f329c6a
222a955f
46dac6cc
3fe5b2cd
ec22f012
179bf627
77decb21
f5f7ed5f
270b7f04
eb1f48f1
024fdef4
e10febea
09f4c223
1df73115
6f943d2a
03f8be81
f1fd0532
e1d7c4c2
f8d95403
071ed9fc
0ffefb0d
f203d61a
ccd0c6e0
1607f2e8
1ae8d8dd
f431d137
eeead415
e1f304fc
fdfffc16
fd1ceedc
e8051109
e601f21b
e41fc71a
24dbf8f4
2c30fce9
64dc07f8
2b3cd3d3
0dd2cf0c
fbe003e7
fa2dcc28
eb05a8f8
34da05f8
f10dd8fa
48022235
23dae8e2
39addb28
d5d7d220
031d0c11
2fffff02
3cf2510c
f63cd303
a102cabc
070ddbf8
e7d204fd
dd1fdfee
0bc01b0b
28f504d2
143a3ece
cf1ffe0b
ddebf624
23e5f9d8
eddaf51f
f8302a09
013fdd1a
df03f8fc
58ec1722
09229b03
d7c0fd15
02f50bb9
10073804
1ce2a71d
04f5eb16
b6fce3f9
b50c0ae5
e336f304
03ebeedc
f204c6ed
dad7ed1e
f7d0f417
12eac7b3
0eedf309
f3122732
0adb1112
050b3ef5
dbf2e0f4
d3102635
33f50aed
000dc00c
1500ccd8
d23b0cda
cc080aff
e5f9dd05
af3329cc
f609b3eb
f56cdbd9
f80504e5
fa0404f4
3f1d06df
16e8def6
011f15f3
12dc010c
bef35213
f530fae4
0efaf946
e3f372d8
32091319
4441020e
078831e1
253c09ff
2ccf16f6
04bffaf7
f4dcf1f5
d10dd7ff
dade183e
210cd2f5
c9ce2ff9
1fec090e
42f210f9
01150301
105b0b0b
bbeb4904
27fbdaf5
12f10c0d
f70c4607
17f9f9e2
0df01ee3
dd2cf0e9
fc1ed7eb
cf04c7f4
52d447de
efefcbfc
2e233b02
23fbf905
f0d4f1e0
21d9d308
0907f759
0ef705f5
1347fbad
3b11ff09
1801eff8
df0cda11
f5fec7fe
012bffdb
f906d505
f10654df
00c601eb
f60e18f8
173e0f2f
070b2708
d50003b2
f9d8d1f0
05dd2a09
19fdd3f2
510e1832
2d0aeb07
2cc7e3c5
e42bfbe9
1f0e2100
101d2ff0
03fd0a0e
01fd26f9
4132daad
e5ed1103
eb4df214
e9eaec08
f112b4f1
e7d5fcdc
0cd3d0c1
0af0bfed
12fbeb1e
27fe480b
530ef421
f6dbe812
bd03310a
db041dfb
17a5e3d3
fce86cef
159c090b
4001fe16
a8fe3f0a
27e7cff9
e30b3c04
cf3cef18
0ce9ce0c
fbf90bf7
19ec05c6
da1b240e
ed3c0327
ce13cc0f
15eda41a
0de0430f
13dcfd01
29ef54fd
f21cf4e1
25191213
0deff7ed
0af5dd10
8bdde435
934802fe
7fcb1e5a
d181a58a
0eaa4825
c97dac7f
dce2d066
f14cdb39
feb8c1eb
ff293d20
fb232009
00060226
27f7ad02
e522d6fc
d90fec1f
37f5f2dd
12b7a597
fce3ccdd
fa24dde2
1408bdd1
30df1d4d
e241cdfb
f5d4b1fa
12db0eed
cc3ab000
191b3805
f51bcb20
f3069e1c
311ebdfc
ebe355f4
283c3201
bbec33f5
5ac012f8
ecc3e012
00ffe21d
1901980b
0bcc0f28
4cfeb300
fdedde04
e5fb060b
18048bea
1418d51d
04212bf8
d3fc03fd
e500dcd4
0411e204
ae31e1e5
51a3c8fd
0fddfbc1
2a0f12f5
eee76415
09123410
14aff0f5
32f9e7ee
14f2f9fc
550002f3
ef21bccc
b45ef0b8
3750e403
f0c330c6
f9cad3fb
e5cf5434
ce3d215a
3fe31f2d
3828f7df
09abce23
0608e9f5
55fcb61d
1ac70a01
16fdba07
28810fdf
d4e7fb0e
42dfbde4
eb3f3ff1
11dee0e4
1bf1fedc
f22cea0b
ee162b12
1512e4ec
f2d9f02c
9f0a2722
ee1c2006
02c40b24
09fb79ff
ed0526f1
faff1c01
2f1ef723
d4d9d3e9
24290e20
d4182afa
f5ec0ee8
070b4205
ddf1b825
eeeefcf5
0c100507
f60a23cd
fcdec139
64ff2b25
f6ee1605
6408ed35
cf27f7d7
db06e2f5
1801d3c4
eaf6b929
ee324f7f
e0f9ff07
02ced6c4
d8fc2916
a852d009
b8bee001
d5f936f8
a2ee23f5
2caefb0d
43300806
f1f61c17
ec131bf3
efe61817
a24ce6f3
1ff9ccf2
22c7df09
4de9d117
ece7fc04
0f37d321
e7ee1ceb
100d1b33
50100a0e
0b09c202
380eaa01
1c1f23fa
b3ce2df3
05411940
16fdd7f4
fd0615db
070c1805
1efe383a
b02b1626
0281d6c4
c50405ec
13622e0a
feecc3f3
2506e23e
e5f43113
ddfafd30
1d00f3e5
dc2cdea3
e307ca14
fab927ec
1b08090e
28b01911
1606cefb
f02931f2
1e24c930
6c1f0208
f91d2652
0dc74720
e1f71542
e1d8f4ab
03fdeb0e
390cfb30
281101fd
ec49b4d1
eaf010d8
0966c6ff
08f71bda
1202f927
cb02f908
f31940e9
fbc7e5ea
c734dc3d
ce3d0126
22f80cf4
08de0415
bbe3d9dc
ceb40222
cffb0e1c
f12ed902
e3f12931
cafeff1d
01e30bc8
00032c16
c31b2246
0eec0903
e1fc2115
bad5faf7
0a0a10ae
040810f8
f3cff8fd
df0ec702
0503ff44
35fa03f3
dee8d5e5
061bfb05
f0e2034a
cd2f2c2b
e7f9fd3a
f81c0632
dce80e13
d7f3c8e8
d8efcc2a
0136f601
fbf8e1cb
c7230c02
031230f6
0aff02f0
37fbeee6
c357db04
e909cbfe
2999f3f9
061bfdfb
e155ddbc
040d61f7
faf929c1
3afe143d
f2ea1e02
eb161608
5cc53eea
f90d2833
1d3acaf6
020f53e1
4ff90514
e674c7fe
0fe5fb00
4be5c1a7
1557fc0d
3f15e025
372bfcd4
130d1c03
faed79d2
d0ecdc18
3a0ef713
f5fb08d2
3227e7e1
190ca3fb
f4ed1b1b
040aea14
1ffc1c21
1dede318
0206d004
0af30bed
4ee6d9f5
d6372b0f
cbf63300
256507f0
fbdaeae6
220616f3
14ed3324
b5072d1d
f00dfbf4
3b14270d
0fddfe1a
fed920c1
1c01f529
d573e20a
26e3d3fe
24e1dcd9
b81ed422
1f010c21
de3d392e
0cd60d42
1ff7eb0e
18e521c6
d919f10d
c407cb2e
1912d339
4edb26ff
e3f0d907
1e4e1920
f9e022e3
e72117e8
2e15f01e
1debe2f5
d2163af8
0ed95de2
04adbdd6
ff2de3ae
f002a4d2
48133b05
bd27ccff
0fbf0d07
4ce50dd9
f8be1ae5
203c0be2
0fee0ec1
fef23cd7
c4d9fada
1803eb0f
30160af8
121938d5
dc06e8ce
de204b07
1aed5e32
f4e5e2fc
0949f902
ebd7fc1a
eaf9072c
d5191af4
dfb01aea
ceff4425
44020a45
00bbc4e1
21060ae8
b74ed343
b2ffac7f
1b2fedde
df27dff3
e6db19e8
f1c9ba27
1d0efaee
0b0bd514
c7fdd3f0
f207c90e
fbfa1816
4824e74d
fa1c4612
05e51d46
0ff80f19
7628f1e6
deede605
e2260d0d
e83c1abd
13fcb40c
12170318
f8280222
fe052321
f4eaff13
31f0d8f7
1e0b3e01
fae91f38
e6de3e1a
fc16c826
10f6f229
31f6f508
080a2efb
2143b312
c6b9c2e8
f0e106ff
46f82beb
3ef10e2d
00fc114f
0407d208
1422e801
ce23d804
000c265f
ede7edd1
e7300cb7
d32724ef
ec27ff57
1d122514
e811e722
09ebdeeb
4932c502
fcc43ce8
fad1d62d
ad26f229
fc08ecea
51051428
ef31fb0f
d9efc8fd
d8e38908
17f1d51e
fe0cfe0a
c0f60df6
eff8140c
fe17fcdf
00fc10f7
1648f7f0
f402f5f9
f1df2809
15fa14e4
e7efd732
0bb9fa07
bef9f41e
1cdd21b1
d60afa0d
37f4f7ed
0ade11e4
f118da01
0bd6fe35
0ee52df4
3cf10f13
ee081c09
02ef1c0d
05151007
121ed30e
d821e50c
f2d202eb
f805fb21
0003f4da
2526e912
1a1aeaf5
e50bc406
28fef010
df384826
42a8e21b
fd243ed3
2500db36
0a25ed53
f89f3ffc
c22311df
02ee16e7
f643e2b7
59d6d600
e11e26cd
1c1de82d
da20c61a
34ef41e0
1ce900b9
fdb81d34
d0edc9dd
b8dffc06
210ce648
f0db9001
15f7071f
06dced20
1206eded
0afbe614
1ee73fb9
07cb081d
fefc10d0
13fecf27
ffc2d5f0
1a0b15fd
27ddcb24
13d9f022
54eb3df0
2ed9d60f
060b2e41
fefaf6f6
f8270731
ee470106
271113df
f819d4ef
ef1fd133
214a2102
2935f11e
20d53dd2
16fe3431
0714f728
0ed70106
f80ec820
fef82416
32d7d600
f1f927f7
fb0ebe05
0e09240f
440a21f0
d6f4f2b3
2ffc0242
b7dbecf3
282bf7b2
f6db3b1e
040727cd
ebc00fde
11f435f4
0c0bf003
2cb019e4
c6c6df32
0bcf0a1a
0d34e00e
1bf5fd07
0cf7f12c
ee12e50e
1f0a18c0
19ccd0ef
0ff3792b
06d62d3b
0518fdef
18f6d73e
e7f004cd
c39cea04
1ffa1129
3edbedf0
0baf04e4
0b4300da
0e463e00
e3f25bd7
3c0df571
742af30e
34cb0a00
3a1513ee
f2c90bcf
bbd2e52f
04222a33
2cfcfc25
3fdde1cc
f6131404
1fddc628
cf30f5ff
cee20fbe
e1f8f811
f504eaf2
0009e62d
34edeaeb
e7d7f4f4
e9f11f07
2f04f908
f3ce0fd4
2530a30d
0404f4ef
e3f9260c
3ef8f20b
d0e51703
d651e72d
1ea236ee
c8e213f4
0c52f707
dce9d405
db27d620
1e2803f4
522ed2dd
df07e501
c62f1712
10eb05d4
47141981
c1e554f2
d839f987
d3e221df
e0c775bc
4126466c
eaf429e2
dce22011
d8f849f8
1506cefd
10e7d8f9
dbed07d7
03ebb713
05bc2206
0fdee8ff
f2d9509d
dc10d620
08c81001
22f6e321
b3d1e9c9
0ee4de07
0032d527
0ad93ff1
13f32133
ef06421f
ede4ea27
1819171c
fa1119b9
0b24d4f0
abeec4e2
9f02ecf7
1767231a
0dea2d19
1ad90ae0
cee6130c
fa0813e3
3cfe0b1b
50114b2e
fa28f620
e6bf07ec
21c1efde
f42dffe4
350ffae6
3c3c1318
333bc9f5
fccf07aa
fee797d2
c4531718
2ec4ddf6
0c2bb825
e0f44cf8
dcce0500
031e1b0c
010b75d4
fae31fe3
2af72301
bfe2e11d
0bf1f0df
09f6d813
121ee034
ea21f00c
b0f81002
ed12001a
1bb5dd2e
0818d704
01e6e432
020762e0
f6d42bfd
19460104
e7ff01e5
f3130a0b
fc16e9d1
e748b0d0
1414b1ed
f5eb21cb
0af509d1
351a0e13
e316e902
451cea00
0e0f0ef3
42eff8fb
f60174d4
35090c09
2117b172
fb18fdf6
38e4f319
100dddf9
c72d4e18
311be601
fcebc638
e105f5fc
f622f711
2c00d6fc
fb2c1cfd
cd34f5e3
45e6fa18
47ea030d
e5f3e53b
101d071e
d626d7d1
ff18dee6
f505edd0
01295d0e
0dd70347
08e1f243
fdc0f7ba
0704353f
cd531860
bff224fe
1b27f9e1
e7e50538
f2151313
efcff7ef
1d12cdf3
06e39ada
d8213905
7f10301d
f0ef720a
22392515
62fa2c00
1bcffa26
d0ea3506
d62eed42
11fc0c2c
142df6d1
08ed87ff
fe2d0c13
07e3e224
09f6d907
0255001e
e6fedef9
2d19e4fd
fc0a0e02
df1cece2
23040507
1b1a06c7
01fc10e1
05e30c0d
19f809ee
e5fed603
ff132a03
f5e815fc
f0e7ff25
0aed57e2
13e90a0b
01e209fb
140105f3
d0601712
334ce202
09da20ba
56d8fafa
523bf6c8
e31cae06
16b1d7ea
c6e804f2
11141909
d3f01515
ea3c0601
38e0fffb
0e0d16eb
d7f8be17
0718f43c
e8fae9fd
3d04e5e3
181ae907
c1144524
2cccb903
ce30071f
42d9fc21
ef002723
20100223
fc1bf300
eff02cee
0be93c00
ecced8f7
c034cdf8
d22001d8
0925dfe7
f7f702dc
fbecfa16
11cc1809
1f150409
fa0b1d09
0123ec14
cf22d5f1
12f00e17
2bf3e3ee
32b917ed
2313f414
e7b82307
2113e2ee
c3cf44d2
f7d3ab03
fc2a08eb
2bf90522
3fd8f537
f0a33df8
ec0cf808
6ed404dc
07e9c2f7
fb384409
fff72c16
4dff771f
8d09c6ed
11ff0dfe
0ad7e215
214535d9
18cfbab6
2e09eae2
fc54e9cd
350201f9
5601ff1a
0feee7fb
4034a0b9
1c0be2e8
ed1ae536
1ce2d523
160e1642
bceedbf3
e5fa361b
0d3f0818
28e539df
d545dbf2
28fa0522
eabfc9f8
060000cc
23f8ed0d
fe3ae3c6
2ae6e206
491945ba
1c2df509
0f295f3f
0ef0f3ed
06351a17
e9f517fc
fcd320be
f7062d03
38fde213
4363de03
0c19422a
1607e4bd
f44506f2
f30c35da
21d52512
f6eee0f4
d310f70c
fcf93dfa
031c26e8
3dd9de17
fe154ab1
0c01dd15
d6f90c0a
f2f724fe
b2f40324
25f3df19
d3100715
cc0028ee
fef4e4f3
eb02acfd
27cdd9c6
24e0e3ff
ea2b03f4
c603111a
d3f2001a
d4e3ee02
fbf900dd
cb00cd26
ccc4f660
26ca15f9
18bce6dd
f3f21c16
09e844f9
23b6d129
f8ba13de
b10be220
173427fc
2c33fff8
a32488f4
b82e08e1
0e37ff05
d3459f25
161be804
d3e7bd2c
effaf4fe
e0c3ca15
ca47fc27
4311ef22
f30bde15
d2dd2403
0830ff2e
39f834f4
36dc3bcf
f50cd008
0ad40d02
f202e5f2
1d08d829
25b4cb22
0a10ea33
ebf15922
3f20e5e4
d3e71c08
fbe7e629
f82b1303
35de07d0
e9daf6fc
07f53be3
19f9f208
f5f1e2f0
c6d9f307
eb01b8ee
defd2805
07015ff4
0ee8d915
04f9202c
f100e6f7
3d281301
ee23d906
03012dd8
ca2039eb
23f0e847
fff20019
17e003e4
e1e6b20c
fa431425
e6dbfa16
38d9d01b
f9e8dcf1
c7f1e929
01decdf5
0414cef9
defb08ee
ebd925c3
78281103
09fc65ee
d2571eff
16ef05fa
0fd1c928
0c1dde54
2df61df8
c6e71be9
d358c60d
18d7a514
f228e1e4
32270b21
081af605
03d31600
f9fad319
da39c046
dcd90202
f7fbb0c7
f9e0fefc
4900cc2e
edda612f
fe283201
f9fef53d
d6f1c2c3
24cc1cfc
23f8ceac
0ee8e9e2
eef7b112
f53c2cf9
03141745
dcfefef9
20fa08d1
eeecdb04
ec0d030d
4d0dd206
0ff4fbfe
0707f510
04120dfa
02fb020a
22fee6f1
01f61104
f010f40b
fff91d05
fd3323df
89ec190b
08a4e515
0afac308
7f0deb54
e808d708
26e29d52
e2ccfabd
1bf722fb
aa22f404
e5e71ce9
ed18f41b
c4bcfdf1
fca637e2
21de1d1a
d5253afa
31f6f6ff
2f082021
13212804
e3ea321b
014201df
f5e94211
620fd811
2801ecda
3abee4e5
c7c19aef
f93302d8
0c055613
28df1008
b2adf8f7
29092629
20d23fde
16d2e033
04fbf50b
fdcdee04
47000314
e8ebf5c6
f9fd06fc
07d32e01
081a0a24
df301000
eef61f30
11e301ec
d2f12014
1eea25e7
fa1eda12
181bf0f5
de12f50d
16e93c0e
e6ecdf07
fefcf7db
e1013203
0b0024f1
ef2f8ffd
d7fde5ff
23eb1406
f4dcd31e
dc220f25
060c13fc
17fa2916
b8c310d0
21280f06
f105bb3f
1afed610
9402331f
dcfff0eb
17f8350a
02e91bd9
d30a1c39
ef2f0118
f818f40f
e1c40617
33001ecd
03fc0ad9
170fedf8
e1ece1e2
fcf3e419
ebfff219
59d416e9
20f222f9
0a10ca45
13bd36de
fce5e817
540118ed
ed09cac2
e4faf4fa
07ffeafa
f32c12f6
1708bd18
28de14e9
0b06e725
12f3f3df
4dfcf4cb
fc30ea0a
c32df9f1
ebc709f0
15d9a801
120c33fa
fec8e817
2b012d00
be15bdf4
b30ff9fe
0c1ec801
cc1b4e22
f4fd34ca
1737f522
fe161d10
d7051a20
1add17ea
fcf2c600
511cc8da
f666d9f7
1a1604d3
41bffb0b
fa0521d9
1d06c015
f02110e5
f1f0f8fa
4024030c
cf0c2e20
db0711c0
ebad080e
e7d407cf
1c1bea2f
15e0c10c
0b1005e8
d80bcf0e
dcf0e201
beb7c6d8
4e280cca
df72edf2
152128ee
f6fdfed8
df0b15df
3954d21b
5009fd22
56f4f5b2
2fce23e1
efe5f7d6
ee1205ed
17dd19cb
e415f8f0
07d5b4f8
02e5160e
d2f53bce
a85606f0
fad822b4
0305ec10
fbf4dcf3
bdbd48f9
ca4dfcfc
39146efa
c03bf2f7
07f1193a
e751220c
f41e0435
fc0b2912
e126d2e9
24d3e9d6
080be508
092e12e8
22dd10f0
fb054323
36030705
c533dac6
02fe5ff9
3a2bcd02
cc340817
dbb4c728
0a515117
0dc72a33
3eef5f18
d1d0da8e
f9eff90b
fff4812c
03f3c70d
0101a34a
cfe0e9dd
04f30062
d3f949d3
1acc3819
ee300902
89e5173d
f217e713
fc00d544
15de1606
0321c31a
0fffe100
ccf207e2
c915f705
14f4d60f
8bd1fd1b
4c3240df
d909c2f1
18e20de9
0bed3ee0
0689f81e
070ec91a
eee62e15
e9442816
431ada23
302758fd
10cfffc2
f6ee0efb
f018f0ce
c0ec3f0f
f0f1b7dc
e6f23822
eb10dad6
e22552f7
28ad2714
fdd847df
19dcf6f1
0eec0529
ee27bffe
3e1df0fb
4fc7e768
2feef44b
ef44ef34
1a15cb4c
c91de016
f41907f1
1ae620de
e403fd0a
0b0503e2
0be2e60d
e7f001dc
291abf17
343bfd3a
090c00e8
ec02c80b
231bd70c
ff162329
06fdf00e
e9cd0fee
d2182320
e0000206
1c00dae9
224d2eb9
0cd6bbfd
ececc726
930f07d4
070cbd34
31fad1ce
17dff7ee
e528fb07
f7192e0e
0deee006
13cdd611
2bc0edd6
ee43100d
031704ce
fb2bee15
3365f3f0
3cf6fef9
ccfb2213
f71c0234
d512e206
ffe806e5
f4fe050e
fd1a280a
d9e7f8fe
dae9130a
2f1651f3
44fd26f4
e90f0536
fe81de1c
c304411f
c3d9da01
d6f0dd00
ca080105
d3ffd901
f3a80bfb
0a14fb09
f3ec9317
1a112107
f7e7e714
ed2ae4f4
f5061a15
bfc3242f
b3ec3814
0ce51106
19d8e019
03e635db
defb05dc
e4311619
0852d60f
db271b0e
be0620c1
58441bde
f1fe1bf2
fd120fe8
37ff02fa
2c1921f1
df1550ec
e9391d40
fde6e4f8
2a4cfa0b
e11007d7
fe230017
e1e33c20
2df1e2e2
d5203ce5
281dd812
f91e251a
2ff41f11
edd40ec9
0414fc1b
e34526fd
2aeef3ed
25ff15e2
18080d0e
f8080c01
f5031e07
f8e4dd00
e20ec1f9
ed091bee
042320fa
dee6e40e
e532dde8
2e112c40
1bc32542
b4f500ea
ee4a956f
f422c1cc
03d32cb4
1caefdd9
81d9f3e4
f5f806fc
14d2dbf4
05c509ee
f1fbf7e1
de33160c
b9293305
ba1db5e6
dcf95d7f
d7f2dfb9
25c7acf1
19011cc5
56eb2bcd
121210b8
e93c011a
c19f2bcb
f4c40828
f0cb0524
bef0fc27
152c031f
44e83a17
d221f0ec
150fde14
e6ffbcd0
fbe2f116
0438300c
20e6d615
27c7b5bc
dbd40001
c5da2dcd
5ccb3625
115920f0
d22deb42
d7ff050b
64eb1109
f8190350
ec1120e1
e9ac1ddb
157fd6fc
f1e0db28
dadc18f6
c8451ebc
c901cddc
0f2b03ef
02ec18f2
0307051c
fba2650c
fd581b6a
1e2e42f0
42b304fd
14fb0708
0d111608
15f2dff5
12e2fee0
e1fd050d
c4e8d221
45f638f1
3afe1ce3
cddfe416
151123e5
04e7fb15
8a2fc94a
12f21f14
10a6ca05
a30d1cf8
ee1dc1e7
db37f9cb
01cf28fd
d5fef8df
3cc311d2
fdee0100
e5f12810
e20a0f0a
211dfff4
efdcf9f2
045ae4ca
10fdeff4
e3090119
16e6db04
f7df28c8
26b6f3f5
1811c7f5
31cc11e3
ef4bd009
cc1000e9
21f7ec05
f9feedee
f0502216
fbeac411
f9d90ee1
05e2ea02
fdfb0fde
0f04cd09
0dd01358
0eefcffe
edd2f0e0
00103e05
6f1eb22c
ffc80703
1820b323
10eaa1e5
ef1df5e0
f5370218
3bf5fbf4
1481cbe1
053c0b12
d00c46fc
1bc50bab
16e61ffd
022fe334
1bb6291c
f4fc32fe
b8eb1e10
d315f8f9
2b2c10fb
eb19b91b
e516e70f
fab4d9e3
fc15f6eb
17db0cc9
16d3fbfd
2117faf9
383f1311
eb1b0bf3
d3173429
3fcfe119
edd2bfeb
1d3a3106
3bf53bf6
1d1be4f8
01414c2e
23da28df
2fd90c23
1c0ae1c8
f69e1722
f70cc8c6
ede5fb07
0b133ef2
3c11d20a
ff3810ec
ac07cf01
11d10bf9
1a121602
ecfc1ad3
28183014
aed844e0
c9eee501
fb32d9db
10034ffd
15e3000e
042608fa
b2edd71d
d1ddd905
a74d1bf7
d21b0be4
f209edfd
d2101cdf
0f043502
e222c8f2
ac0a3a03
b7f74cec
d916c611
e807e0e2
0ae6e83a
10f652cd
fbf92d13
1f51d90a
cf08df1d
e702ffeb
03952028
ecf20803
0fab270a
b6edba13
1915d61e
cee8050e
16c9c6ca
f9da08cf
10366af1
c1221104
f503af3e
810be7e0
faff27f3
11f8d3f4
ec132623
c730b29a
34f6e1cc
d20ad9f9
fbb8f4db
0806ea00
46dff70d
2bf217fc
b401e013
f24b2a0c
162678e7
faf01a2a
01cdf8bc
1604e01c
dae0d5f0
450cfe03
fbebc8e5
d4230d30
e20007f2
023203ee
f0fadb10
fe0efcf9
120b0919
ff0ffbee
e00604e6
fc03fc13
15df2e4b
10bb1429
ff150c24
4404b81a
bc27e513
ad52f801
46c2b00e
ca221104
10e13a12
25baebf7
05f0f8cb
08fdd2ea
dd55fd0b
2a2d0b06
0fd8bcd8
d4f61f1a
ff302a08
f7d61313
07efdefb
e7f8eafa
f01d291c
dc2a0a06
f006ef11
f011ffe2
091ed711
bb2801f7
0505cbf9
dcfbf9fe
e306000e
fc050906
d204c82a
edcd1e0b
e803e84f
131638e9
29e60de5
23d671ca
c4270030
dc03ee29
2835c700
ddf5fb25
c00e2316
d6ddd4e0
0f3ce32c
3beef2cb
34221212
1546320d
fcb2d5f0
172e1a1c
9d0d2ed1
011447e3
0db3cec3
def1f6f1
d3eec1fd
cfbb050d
283333d0
f1cb031f
180dc61a
3acafc0d
f7d3f0f2
310cf31d
044bcdea
35e2e8f8
fb1d37cd
bdecf439
4447011a
17ee3110
03da23e5
f802300d
b80d1fdd
ffe0e305
0fe7edf3
db02240b
a1c21af1
da0aa3f2
fa01cc17
c306f4f4
2e0d4a03
f223d8fa
121215fb
4431c2ad
cf11fdeb
ef2d0f12
ffe3e627
ea020511
0bf610d9
1ee0d5fe
e8452af6
23d1ffce
f2c24236
06fff81f
f9f738fa
2907fe0e
302b5315
0122e8f8
f6beeee3
fa22cbf3
e11c1033
e201101c
13d703e4
d2ebd922
3ec5d3c1
ecc81712
eeeee715
ea1efb06
f4292130
2623f51b
fa0cc90c
e60a3d11
e10ce2b3
1afabdfc
f6f00d27
e82c08ed
d1085050
04d1abf7
0940b825
1dfd9fe2
f6c70943
1822220b
d8b90fec
e2381d1c
d0faf2e1
2f1622ee
f0e119e4
2313eafa
eaf1ece7
eb0ff4f1
29f41c04
49f710f4
23f727da
f8b21311
0ec80cd8
20f2f505
1ae31716
e914f90e
1df923f4
063c3300
19c21113
eeb1f203
0e18be26
1af6dcea
24c23054
1451d110
eaab41ca
d4ffe5f7
e209c01e
ba01fc18
1dfad836
eee6f0e0
d8d740d6
25252d1e
19001b78
0922f220
acbc2401
da03f8f4
faf0c9e6
d604fdf0
cf0ff129
f608f2f9
cf40f848
00d9dddd
1f0e051d
1614052a
030012ed
29003227
dd46eafc
3ed2e305
15070a0c
c80be526
cbf578fb
be09e848
18d14dc9
1ce8ba3d
002d25cd
0aab2419
1c08bbf4
1cce19f5
e7e2d00b
fa265a12
17f1f828
0ae7f209
d5f7dfff
d7eef216
e409b448
17fee6ff
d6deef2e
fa183bf0
f72d3de7
0409db0e
2ccdcf0e
e4ecbff8
040f190b
fd246620
131d480a
23c7f112
041fe4d8
d0fd9814
f22dd902
b5dd2106
d9f3fba9
06f8f029
2cd1ea09
f8fffe09
0754e148
15fb2afd
37f20e1c
d702f008
23e7d30d
f9def211
b7c804b7
f0190e00
f027f628
2d10270d
2ed218dc
da1501f0
1fffbcd2
edec0eef
d3411fe3
0713e8f1
f910ed06
14041dfc
c410ef9e
22091cf8
121bdc25
2c120523
e8dbd105
0d17d8f4
00112d05
1cff16ef
01091f01
2c042100
f3fad6fb
6af40210
81387d02
d34bf4ef
10bd8ffe
e4effdec
db28290b
b5ded10f
f5307721
121c0911
fbf5f3e8
f2eceaf7
fedf2a19
1c03c5f7
0f0922e8
e00503fe
05f4d533
22dfe617
30ea59e6
dbdf2028
0aff170f
fcf90326
04ac0030
fbe1bd0c
03c2e3ff
f8191307
eb20ad24
e1321cf5
f83003f2
e2071305
feb7ea22
0618ebf7
25f00918
3fe0feec
182e1fee
0cf7c9eb
071ae3fc
1ef937df
f41d2920
01011006
2be719f3
10eb1bfc
f114fecd
18453329
e7ba35d7
f519f230
fc2101f3
0af0e1e7
da26e1ff
44e8dfef
1bda1d26
1dfffe01
0f1439ef
f8f3fef8
f3272d1b
f40dd10f
3beeebe9
fb06c8f0
9efc3924
d423f744
1bdbe402
0ae5cf30
1e00de1f
dce2081c
e651c01f
2ebe0708
0ec1cc03
0eee1d06
f8bafdf9
140c0df3
beee13fc
fb38f3f9
1725f827
d61efc17
fa18521c
e6f1e616
fed1acc4
f305c70c
1137d9c8
1137e1ff
db301501
ac415837
ab2de9eb
e4e527c3
f0f308f0
380f13d4
0f01fc1a
edfdcaef
edf81af9
dc14d1d3
11231e1a
f3eefe1e
040c9af1
08fbe217
2d43142a
1bcdec04
fe24f10e
faaffaee
214a1f12
1f1bf8f0
ffe808c6
e5ffb502
e1bf0323
0ae60aff
1a03ecf9
27dc0d2e
f70e06f8
0e0e032b
05cefadd
f6fd9924
d31decf7
0808ef06
f61530b4
e7f5ccef
fe489d20
0132fd1c
08f1ed0a
24f8f62d
14b1cc0c
eec9e408
b5db180e
ee19352a
edffc7df
1933dc27
1139d53e
faf0fa16
eb1e24ee
95ec9912
f32b2920
21170cdc
22013def
00dc3912
fcc41eeb
3201f225
ef32e1ea
e2f22ffc
dcd6def1
eb1e3d02
28020f3c
dc0e0e32
19f8ec0c
21ea0c10
2ded3be7
120eea1b
e8dce2db
d81bcd03
d30fd8ed
db53e7f8
f0271932
d616fff3
d5e01c37
143eeaf2
20f71336
633cfa08
2016ba14
fb5526fa
050ee6e1
06fd19ff
f40cf3d8
d0d30b06
01624501
3fe0cce2
11f916ee
d010141c
03f9f006
0efafc16
1a26f709
fd1cdf02
b8e6b12b
0fdbeae0
f4924bd6
ec4713f4
1c1b0703
fbe7ede2
0fa3301d
cd3b061e
01f51830
210250fa
fc150afa
f4cf0e07
f22de3f6
220be317
e32208ea
e2eab3f1
3cdc0ef8
133be007
e9eb2f1b
25e7100b
02221d06
e5fe0909
dffa152b
10ef1802
f6dd27e1
e6c4c2f6
39037f3e
c7201cfd
0b2adbbe
b7f35dfe
22bf0ccc
2225650a
b7fde808
324028dd
081615fb
f8d4c506
ffe7eac8
fc042b04
1b190c08
fa07e901
e6f4e2da
a920f0eb
cc01fa17
e4fb07ee
19e2240a
f8e9fce8
f80fffc1
ecc70e1a
d415e209
ca091020
f8faf931
2fe9ff09
04270812
30fe51fa
e3eb0532
2e221d05
f8080707
19293e21
bdd5c9de
1734f9fb
f70629c7
010d0df2
f8080fd2
13f9d9f9
fc2313ed
4807e304
eb3da90a
5dd5e1d5
e94ffa18
41142413
2c04c1f1
e8d940e8
26541ccd
110c14fa
ec48c0de
020a0c0a
1a36d620
1ee33009
1534ccf1
fefe1019
08162bee
c7000c00
d6fb171b
2310edfe
0aca0ceb
16f2ddf5
acff0503
28044a09
d9ededee
2cae1f0c
bd2215ec
bc07fa10
ded5dc25
e023141d
de2b12d5
f00a1fdf
1a29fa26
23f02011
1b09f60e
2b0518f6
f81544e0
df080908
15c41503
4de7e8f8
02032ad6
55e3f2d2
cfdc0be9
e6eeca06
f405d2a4
e00a4e26
01cf2210
43f3abf3
f7dd41fc
0bcbb1d9
e85d1d26
cf0c1912
f8e90e82
d00add19
fb282108
35d714f9
fb124618
38f2e309
1a0e2ec4
0aeaff1d
ecfb0bd0
ff15232b
0110eff4
42f70aee
1f08ce04
f11a2efb
ea32a9de
172624e8
043ff949
5efdf5e3
0314f1da
dcdf1603
5b160330
381c38d5
032e07d5
f000031d
f7f7c607
ff09ec12
dc0404d9
f317c6f7
d936ff1c
0402cc1b
3801c2e5
4345c69a
c8321319
f33512e0
09c3cbe3
fbb833c6
301337d4
022f32d3
f1ba3724
00351f33
13f4151e
eeed0111
e6ab3bf7
f211ca13
faf50138
21efc7ea
f7c5b6f4
a91e1109
050a1060
ebfa2afd
1715fc12
a92a0b05
0c22a94d
fa0d16c9
e52e3003
d9d60111
150b12f3
d8eccf06
1b0e2650
33e2e516
4eb44901
c320eee9
0c002cff
1310d008
04e6e7c3
cffbf904
000df7c8
0cebf503
efef050a
02e5e3e2
2030bb18
0d00010c
ebec11f7
ce17f325
b93a0d37
17ed00ec
7fe720dc
f006da1a
f426bde7
320618e6
f4f7fdfd
170f04da
fbfcefa9
333937f5
1e13e6ce
ede3e80f
8da79157
1f402bf0
03131d20
0cfbfcf0
b135f8ef
e2e11f02
0b132904
f4f41c23
c21c3cdb
09ea360c
f5d6f6d3
d9080423
ded4d426
0ce1e1f4
ff1f0cfc
fd32f120
e52828ad
fb2dc0fd
01fae736
c002f8f0
efe416e7
0f260303
c013e233
1619e212
6f221ed9
fbcb07fa
fb9001ef
2d06f0f7
35fa25e4
faf30cfb
ba9cff1c
d73015fa
4a15bc38
e0f4ebf7
252411f0
44dc14df
d916082f
ba092e25
f099fd09
2bdbec04
12ed461c
0d0dfb24
d217d7dd
081efad3
f1f7dafb
dfe21757
e7520130
fff83d12
0403190a
dfef0309
0b02d7ea
13f70d55
fd12f403
1ff51014
ff50f3d9
080bfce4
46e7f2e8
f8210fee
39f6fef3
37c0f9f1
f70606fc
0b32c9f6
eb011323
fe15b704
f3fafbfe
e5bcd514
0efb000e
291049f4
44cf1621
18e8c423
61c7f5df
13f9550f
14eebd0f
05090b07
feef241f
d1fcd0f1
2d0123f1
1fe0ee04
fc9a0a21
fafced1c
f33024df
0626c121
0b0711fe
ddf80dc8
fa1fdce3
02fa001f
f9352a0d
f90d1522
3dcbfe05
bfe6dd14
f69ef4d1
369dbbe5
0de84af8
0305f0e0
31fdcabc
09324a0a
ff090f43
edfee7d2
e4f2cfc4
070ee7f7
a2a5e2fd
bd07f615
e01cfde2
fbeb11d2
ea223ce5
d8c54eeb
c2f2f3d5
c706ce17
f4060d18
0520d014
13fd0712
0c093a11
3755de31
f4e21d0c
26f82499
cff4fde2
0be3eb10
fbc51fe6
00180a0b
210c2206
0f2e0e07
0e260942
0c09471f
0adc1de2
ca16bf02
2c060cf1
bed62320
f23efd1a
e101ef4f
f5380ba5
d20305fc
082015e4
def8ce55
0d0ffdbb
10dcd42e
e8e9ec53
34f8030f
e61716ce
12ffc5c5
fff0a4fc
f51c1bfb
173ae8fa
f903fde6
f7fdfb08
e2083cf1
dd100e0a
fdfc1cd2
260f2b32
3af63101
0040ecd5
4fd31cee
e7f80d06
f302e7f1
0b1dd3da
05fcf330
15ef2118
190de8e5
b915fe0c
20143013
e41d1500
eb3c33cf
f6d1dfea
ed010be3
25192fe7
b8291c17
d25712fb
e30205e5
11c2f448
3f0ce5c3
fc1de427
2af00209
efec08ca
21cdfa1c
d0fb1bef
03b8ec1d
1608e331
17f4fa18
ededd5f6
3ef4b2dd
26ffd1d9
1529392c
08071fdf
14f82ff0
02fafcc0
03e9ef12
f1f009e3
012c16eb
f1a1df05
fb09070c
1ddedad3
f5e8f8cd
1a7f53dd
f71c0314
11f0c209
020af241
fa094314
f7d9e6a8
1a23fa55
ee36ecf1
f60404f7
0508eb13
faf1eb1f
0cffdb05
fbffd83e
a82c1210
33fad03b
9b0cd34a
cee8b3d0
132f19fc
1d04f2fd
d4ffede5
f81b2b0d
0de116f2
ef190de7
06bc04e5
e9dded1c
3006f016
12deffe1
fefc370b
28fe23f4
fff70444
0ef21403
ee4ef030
fdeed02e
0f2d01e2
f7222b05
49f1f72a
d2f30fc1
f1fb07dc
3a37fdfa
e714e1ff
10261011
fd172ddc
ec255928
1d1a2e14
390dec18
55161e14
04532b15
585cd3fa
f9063e06
bb141e04
05dfdf36
c5f49819
e2ed1134
0ddb4526
b5062e4a
fdce123a
fefce662
2b5b0bfd
16e3fccb
ce064b01
f90e1005
cd00f73a
03131181
d700e019
a8feefb3
1c5fee2a
01152a45
2de84808
17f8d043
49d8260d
b4f0faa8
3918de33
09fff7df
37f5fae5
0e53d3e4
f3ed32b3
f804d8cd
e3f3e228
1adb2ded
c32b0eff
f6d7a6ec
fa011001
ccf14b1e
f50ec5bd
d0f91413
2731c0e1
d310da25
293ffd99
081342d2
bfb0031d
f010350c
f00515df
e511d0f0
3beda81a
e4082a03
5b1afee6
09ed240e
cbf2ec26
0416ff0b
a8ee2016
09011506
1bf34914
100b4e9c
4cbbd8da
00134211
272407f5
81ef2afb
e2bedc81
12ac271d
120bd62b
082f372f
2b304a27
f8262029
ec0df9e9
06f5e9fa
01f81f1b
e9fbfb0a
1702fdd9
dc041b1c
012ff713
1304f409
3a3f10df
041ef6bc
09e8bfc6
10cc6fc0
0e34e2db
21250e0b
f1d815e6
ca1fc78f
0e180eda
0c2602f2
4c07e3e9
41df2206
dc12e9e9
d77f3ef1
cb563f08
0117da09
f2f7fa13
eaf8f207
21f12014
341ed819
18d7e152
26ddb603
13eaeccf
f1c9f4ee
e52113f5
06cdf901
e10204ff
ec1a12e3
e8f0061b
d4b90521
d105dae5
0dfb0909
fbfafb02
031000f3
b6ed3020
03ca131e
32014901
ff0405e7
3228cc03
26342de2
1525f806
e70f0423
26ecbbe3
02e3f60a
1704f8d4
012810d5
05faef23
e909e518
f5ef19d1
ea15d7e6
090100db
e7cce1df
2012ccf2
0626fbd1
2dfca50a
103010d6
16f82e3e
0910bbb3
e1cff7cb
12d2e02a
f30411bc
c108baf1
faf2f120
280cead0
f1fffde3
200ebeec
c0051b2a
d0280d08
c0f8b81f
e432f3e1
db421bd5
02d3e50e
1bc4c302
110148d9
0f18eefc
ff0cebcf
2513e4fb
1ded3ed8
13fc1a0a
130bef15
3ef9d7eb
f8272a23
2d08efeb
0a10c2fa
a25941f4
331bdbcc
bd140e04
24fe00c4
032cc1ee
e8e010ce
e1eef9e6
d4e1f203
2608c8f8
07ebc81e
33f100e2
f01607da
d805123a
1607d717
e8f549ea
e4f0f313
08fe18fc
e3e3d0e4
fd2803f9
f7f8ea31
de13299f
12f1e135
22f2ba59
bcf229af
08f510cf
11bad4fd
02fb0bf1
bc3b18f2
e72bd007
2eba17c6
0803e713
381c22fd
27e372f5
fff7ef3a
03add7f0
42fd17d1
3ee00805
0efee934
20f007f1
f7100808
dbd01d03
0cdb1f05
fad907e3
f9ef1731
df74f816
ea51e5ea
18fc18c8
ffd9edf6
0005099e
021bed09
011efc12
0111ffc5
dace0537
d7330321
190c0d18
eac2f745
d9ece7dd
b7051fd6
e5ffe9d4
da35ea1a
cadb2b09
f613ff25
f9072d1d
f92be502
3607c054
e42632e4
4c110e32
03ce1d30
df2ce100
18f5e60b
fbf0fc56
e61313f2
02fdc4ea
92fefce5
1638d94c
08dfe118
edc401f0
01081f01
0105e4fe
0bec1d2e
dbefc921
f42429d5
0ce9f204
0b1cf718
fde3da15
1b172119
0b06222a
24330430
ede3d411
0b1c25dd
ef0825f6
00d3d9f0
f431e502
1204ef81
2e0fe5e7
d4eb0758
f604c6e4
10dac3e3
e704e60e
240bd215
13490212
ff190220
d50610d2
17faf83c
07142bf5
1bd708fb
e9d2feed
edfce033
069cefc9
ed222f13
22f0ebdd
1edea6ff
de180301
ea07ed26
f505e3f0
3ff7c0f8
0c1913ff
0815ed62
fdebe506
f9e7e5f0
e728272c
301e24ce
da0924cd
4002ade7
2634f41f
43100bdc
16d64117
40c1d708
f20be300
dbadd41e
c71b1c4b
2e0d96f7
f0140603
021d22d5
32fd2d04
02fbf428
e82a04d6
c0edcde3
00f800ed
d50ffe0b
3fee40fe
fd03ceea
ce0be8eb
10e9422e
c2dd1ee6
04641819
d61835e5
0c170625
cdeaef16
e9041d2c
20e3eff2
2b0636c0
fe0b2d78
2bf6e210
fbb9dc0d
fff6fd19
27e4f9fd
02e8f4a1
300edbd6
ecf44f09
f30f2dcc
b6480633
e1cdf618
0c06ddc3
e9dce0ee
f90e2e0f
ed0ce5f5
b61f040c
230a2529
170304f3
3fd20403
f0ed3040
e0db17e3
fedef63d
f3033b0a
e009caf5
10f92d2e
e51108ed
22290b36
faed28f1
ca1bff01
f10ca0fd
f9fcf51c
e3fc0dc6
2ff8e402
c7c50a18
1d01000f
e5fb0603
1727ddeb
1702080b
14f9eb0e
e7160122
5fe0ffd5
f715f81b
501ffa35
d3f20dc9
16031b18
f1413bcf
c3f3c2d3
e8db03f0
c203fcf7
dc2af619
dd130a1c
e12ffb28
db172539
dcf322e7
deeb65ef
fdd0b9fd
09feef34
2ca2de13
07b715fc
e90dd9e6
1b1dce12
f5175003
e0f615d5
f5eaf81f
3423051e
253718bd
131cf504
041c18fa
05ec0df6
022205a1
e2fc05ff
cc17fc07
c9121511
a913f924
0e202306
2cef1c0e
e804fef7
0ae7fa08
f121fddf
0eea1710
45f3eb13
f51b2029
2ae806ff
f61c1c0b
f0062913
16f986f5
a2fce8e5
13165509
f80dec11
bff1f045
e6d838ea
00e71c62
b71e16e3
f7e0f4f2
06fa66e8
b4f1d824
fdf76702
ed0c20c6
eef3f8ec
f503e30a
03d7d71b
251c1aa6
e913c3f4
f7d2e3ac
1545f809
1df1e60f
dfe454ed
e440ebe3
19cd0509
fd063d1a
0cddb10c
e1fd1cb8
0d24e90f
1aacc6ee
06f6fbf9
d9e8cf13
f4fea5d7
08ff18a8
1004e40c
d2fb06e9
e71a5648
bbe8b90c
e4efe1de
1ff101d5
ee460623
0616ed27
23eef220
d718cae8
f6070a0b
63d619e9
01331328
0a041733
0cfd16dc
05d4ba4f
dcf1ec34
160bdeef
230f3803
2119f464
2a03e00e
1ff5ed3c
dfd7ee0d
edd3edd8
d8fee5e7
2b21f8fd
3bfcee0b
d5f21e74
3016e727
fdcc2155
01ece8fa
fd33f32e
e8012823
effdf9cb
3128edfd
220117e2
301ae319
03fdeed0
ff040ffc
f3d71d9d
2705bec8
0cd802e1
ee3cce3f
b23201f2
d82df4d5
ed14e8fb
e533ebc2
e6fae413
fcf6f913
f0181c28
0ba70835
edfe0621
28e61c0c
ece21ff1
c9a6edfb
15ebfc0a
0afdea10
e902db11
20d8ef1c
d8deb9f0
1220f5d6
06152db7
3231fad7
0ced04c0
12060f26
f90cf718
18d81a14
1515eeee
f71216fe
e00b10c2
f301eb2a
fb25ef1e
0cf01208
0de00eeb
f012e1c9
2be7e720
d95dfc51
fffdc912
b9e22f25
07d340d7
faf624e6
e129dd39
c0e31523
0cded8f5
ebfa13b7
00f2f8cd
05440b34
1ee60f36
20fa2120
42032216
17f92ff8
2b0801fe
fccc0cf8
06f8c81c
250fefbd
e20b18e1
1df4e6af
2520002d
dcd01fd5
f3f0fe21
e814e9f3
09ca27e9
e81018fa
011f27c3
defd0400
ec120ef4
c0270107
46050c02
d7ebfd33
e202fc3b
20d6e2ef
14cedecd
0d000837
33d9e419
5f17d412
32f4c12c
362af2a1
2a181c0a
f5d6f0ec
f1f6261c
f7002e16
ef143abf
0404372b
2b2703db
28d6e8fe
1af92f00
bbc237ba
ec3cd3d5
f1fd2527
2a192ebe
ed2b2afd
fd510f29
08f40bf8
0dfd2b12
1e09021e
3225f128
04053f49
2ccebd10
14f718b1
06a5f32a
c9070318
3540f3e4
191e13f2
d40043bb
0df2b4ee
c3cc173b
0d09f6a5
da293515
1bf22223
bd360faf
b2c44126
fb3407d4
15f8002b
65f730f8
e5fbd92c
ce42eb0d
ecb21ae0
a812e2d0
f72706f1
df02ccef
06f8c00b
030804cb
32ffd132
241cc515
5bfe18cf
c60848f7
f26e3007
fc221906
fff03d32
02e901f3
4fdff202
420f2be9
2f540c0e
1517da45
d6d8dedd
bb06ef15
f0e61cd7
fed00f00
e0ee2ad0
08faf129
1e09f117
1a271cf8
d60a0ff4
5a25f134
0932405e
1d1ed915
d0002df9
efd2fa0c
d61aa153
0209f836
cdf34ce0
ec20e00d
81eb6ef4
1e0b27db
cdcbfd17
14d45641
cf2ae87f
d6ccdb5a
d7dff9ed
29fccc9b
1b091604
de451ad1
ba12d9b9
4ee806e3
c1d9f4f6
fac2e458
2fed0c04
43e2082f
f90b1a3a
dd19fec3
032421dd
d2d8f035
e704fb2e
24fcdcfa
1e12dddc
070bfd09
10da2be7
c50bd2f4
07e404c9
f8440bea
0c46fe17
e5c3c5e6
11011105
0c05f445
4ef72aed
09f8f669
f1ebfaee
c9304ff2
f9b5ef1b
14f6cc01
dc0d08dd
f80930fb
f1f5ecf1
1722ece3
4cfb11f4
c5281b52
564504e2
13da4105
eb111cff
e5f93a2b
34e9ce26
f308bc01
04fd010e
c934050b
1f9ddffd
e81734f2
f50138dc
ecc81ebc
d10cc8dc
060f4ae6
240aec0e
de47522e
14e11353
e4fa0a57
2cd9f515
eddce24d
dffedade
19efb8fd
f9d6031d
f6abea03
e421c4fc
09f8fbfc
520de322
ebe445b1
2cfbcea9
c50cd109
57016724
3fe4481c
5ad9ffea
17e748bf
d8910d10
e7e30832
ef06310b
530dc62b
f9f30535
dcd6ff2b
07e6f00b
04f10124
300df604
e8e4fc1e
f20ae3b7
ebdbe713
fce5f11f
0f3bfc04
0013231b
100ef2cf
2bf52dbd
f437b114
050fb8e8
17e7fcfc
09c4dce5
ae1e13f2
0bfa0dcf
29241ceb
0ffb1ed5
e62425f5
26e5e8e7
04db0e05
1f1ab238
2936cc1f
15f3221c
0e09c8d8
dd21d4e4
f8171e19
14fcb6f7
cdf3ffbb
3a1ab914
d80df1f8
3fee080d
32012f16
0c0f0bde
ebfae948
2307fdf2
0107133f
d3efe1db
f92e30f8
e12e20b6
d600160c
e727401f
ee0ef513
99ff18fc
05f3ec7f
d1f5fadb
d61f3623
d7ddee27
db0bde3b
e3e0d70d
fc22eae5
fa01ea1a
bce90710
2d02bdfc
bd002318
30cbe7f8
09191810
2bc403d5
06e85027
360cec12
f60eb004
16ed040f
e304eecd
2ff50e0f
d0fc1005
e60f131b
0310eab0
e8f8d404
d9081df3
bd080cb5
d6f016e4
c2160b07
ebfbdd20
010b0cde
0ce60b40
34f50928
fada32e3
2226dfaf
ed4b12e2
10e817fe
c93afde6
0760efd3
f2f7b3f0
e9f9b7ea
cbf3e6e3
b2cd465f
0a0402d8
e538ee24
27120532
024807ea
f0e81644
f6ed2b0f
f3e02ce4
12170744
f1e625bb
02233cd7
e01bce4f
18c713f5
feeaf9cf
12f6bcde
de14130f
f430ddf5
2a0f37c4
fdf50dd8
1adbe622
fc0efd09
55f5e515
0927ec2e
0f4bf3c7
061c031e
faddd3e0
01ece0d8
0dc72bff
1c0dc72a
f81fd2ce
fbe636d8
0fc52531
f30d410e
f7031dd0
de17d7e7
e81ccd02
27d1e80c
0833020e
12e514ad
17fa3122
3208fdf9
1b39f642
0a25d01d
fae3ede9
088ed902
233ff824
ec051a0e
f1fe2bdb
f20f07d7
a41f3afa
e7e8e1f0
d51efcca
f8fd01c6
09eb0bf2
090bffde
08e30c1f
d512ddb8
ecd4d639
c42306d6
0426e5df
d71a1386
ea12c1b9
bef33ee8
08dd21ff
0529142e
100ce670
07427f71
141914dd
2a22001c
04f00ace
29f0fbe0
e402e41c
f1161a08
3313ecc6
e6ecedfe
02fddf05
1601fd49
152e16f2
f0e94fc7
0cdd1808
213a282d
fef21f0e
de2a2a26
f3db8122
fbed0024
fdf11ec5
2bfcd8be
28fd1e31
eb272343
262722dd
f312ea20
0af0e11d
fb102cd6
f4070505
b6f4d5d3
d20a1e09
e72033f5
15edf0e8
f6df12c6
d3e6df43
e1f31dee
f1d30942
130ab605
00dcf223
f81cdc19
e8301813
005d08c4
fd3108b8
da2f0037
090616fa
e9e9083c
e10e1e5a
f6d873e8
4ce814e8
13bb0a25
fcf5e412
f4e5d1d6
02e5d9eb
08eb2c11
d1eed208
26f62d41
eddc0a09
10f6ebb7
c007e8d9
d3ea1f00
e4ff45cd
f6ea35d5
f40c3315
1ec7a2dc
d1e1ed29
2e1afbda
d9dc17b7
dae0ceb7
070cfec6
e402f7fa
d90214df
f5fbfe1c
1ffecaf8
fc0b14d8
eaf10826
16494201
05ffd5c5
21ec320f
2002df53
34bae604
e59a0ec7
42340016
34edf5f9
f4dfd503
07eaf22e
0ef6db13
e506e91b
3cbd0f0a
0fdd240f
20fcec09
fbeffdeb
ee02470d
0a040a0f
eafdf5e7
c0170720
b5ec2cff
451afd74
ec190129
09f822fa
1f5ffe31
1600bb19
f7feda15
d4ecf7ba
2ff7ecf3
17e0d71a
0e353404
181422df
13f8fce1
190c104e
2bf0f84b
1e0205c2
051781e6
01282a1f
faeeef01
03fec1f9
fb3d392a
1024b8e4
eaf83be0
df012d3e
cfcbc4e1
fc0c03c9
d9ee16f5
2a0b0f06
0506ea46
21041575
dbfb3115
daf7fb0f
421d16ef
30d2e5ab
fe15e3ef
cfefc6f7
0c24caf6
f20566c1
ecd71ad7
f6fad415
131100c5
1fddf910
1c0ce00f
16fd14f3
f53013fb
d739d6cc
1af91201
bde548fd
0e42eaff
2622eddd
20211cfe
0c23281c
dd28e9d6
0606f032
14fa0e0b
1322591c
40c4ebfe
35f10120
38eef210
04e11f04
e637f5e9
0deea8e6
ecf6fe12
2bf71739
02cf00eb
24e9ed0a
15042331
3a03f8ec
251300f3
07f4d3ef
eb022127
28f9d3f4
c9f813c5
d6d0ddf7
db27ea02
1218221e
1d31e20b
14eee223
f2e2fe32
e22401b9
290707f8
ee08080b
250f2932
0bd0f90b
13bbfef3
1adef42e
f5f0f74d
082581df
1ffb1cfd
60b4efc9
111ff8c2
4fed1017
2072003d
35d9df11
0eee022f
2f180de0
27ffd348
3c4510d6
20e62cf5
fcfdf441
14d9e721
fe251ae0
0ee10fe6
12e4f0e1
fc3dd7e0
3b2a112e
e8dc08fc
e6f6c4db
dbd7135b
fbfc1817
fbef0bf5
fad918ec
1de10907
f3fe26de
fcb2f2de
0f05b3f2
1ce6083b
04ea07fa
1df0d3f9
3a01084d
32e6e326
bafe2c44
02e107f6
e7e3ee33
f3552aec
1a43bf38
dcfde7d9
23d90044
f221fe17
cbda4b5b
d03e2b16
fa0cd6f6
3eecc1ca
0c0c1cf1
18f20a01
0a3de9e1
b3e5f814
5306ddda
c8dcfdeb
f4d2d208
c93b06ca
e30af504
19140001
1412dce6
e4ec012b
553110e9
f1dc0aaa
24f6effb
e2f8d7f9
08e9fc20
f5eebd18
0002f4ff
2d081107
03fbd950
2b38d3f0
bff0e7f8
f84fe201
141516fa
42f40cf6
1afc2533
2b0beefb
7fc9e0e9
0d1dddda
e9e2ca06
dedd2926
f2f30d05
f71400ba
2cf3132c
edf4ea24
effd2e02
eed70f15
db3216d4
dc1b1d0e
01350c28
ffff07fc
c6e426e0
c1f21e1f
ee1422cf
bae4f6d9
1933f2d2
fefc1112
f713ee4d
260c0bff
d8eeedec
1e14f901
0ecf3206
fa12d40b
081607d4
090d1104
14021246
26eefcec
2d042507
5129e8b5
042f261c
191603fd
e1f6d3ca
fa0e30ef
10f9f6fb
0bf11431
f6eb23d1
d803abf3
e010eb39
d403ebd9
e217e9ee
050a0f1a
11f61073
dde05d1e
fa16f80c
30cff608
c404f220
4208e42c
03d62c66
fb3fed24
f01af9f3
0202d3fd
f0fc09cc
0fd6001f
0bd62ac5
12f31ae3
27f7fce5
0809e90c
03fe020a
f410e8be
0b07edf5
48ee0502
031620fc
21f80b03
03d4cefe
fd7630ee
eb0ae9c5
22efbdce
ddadec25
0cf6f4e8
2dc3ee1d
151efefb
3131e7d4
fcd44e26
00022012
e50ae805
360d01de
083fdee7
f945fc23
f5020c00
d5dcee09
0c15e300
f7eceef6
f705eeec
0524ee0b
1f00030d
031d121f
0ded10f5
05cf0e26
fbd1cde6
f5e956b4
f0f70e2e
28eacd1f
27f0a52f
41d804f4
1c5b150b
ce2af714
2dd6f918
fe0a3aae
140bd4e0
e2e9c7f8
ff0ed7ff
1f1a23e8
fcfcf0fd
ff2b0de9
d109081a
200b022b
fbe2fcea
19f10621
061a3458
c7dfdbff
e7050b1f
04eeabd2
0605112f
13f5cde4
18f1ec17
d11913e0
02f9c5fc
0ce80cd2
fc39bd1e
3af407ee
3ffedc15
06e0fada
0de4da02
e6f2e0ec
f2120913
38e6f2d0
e42df19e
fe02e31b
df3533e9
e141dfd0
e5f0e1da
ddff32b9
e00be3e8
0af22b20
dc271acc
15f0f027
ea33d7c3
081d0eb4
e7081aef
d8293de9
062abd33
b52efad0
163adcb0
dcf41b35
0a2706ff
cedcf5b4
b013f8b9
38fafa3b
ecd2173d
3143d458
06ef0826
33f93b04
dd221341
1ae4c94c
d506d4d7
2014cc15
fcf22d1b
2b88cf0c
0fd51ee4
110831cb
d0bd0df6
eed9ff49
4318d0ec
0de83323
05320d00
f5f4ce37
eef1e6bd
25fadd0a
45b902ea
e52bfeec
3606d1ec
d7cdf021
1f0fd9ed
01ec4303
0e021bbd
f92ef7d8
dfeefcf7
fd262301
f8e8f41f
bfe540bb
6210460b
f12365dd
3412f203
c70cd2fa
fa4515e3
e32ee11a
ede903f4
e8e3d1e6
fed70fd0
25071104
092a0127
c72715c3
ec3725fa
13140bbe
de081cdc
38fc411d
ee283104
0a2ce42a
c8e40118
fee4bc32
ee03051b
1df2e622
200f0221
f3cefb41
edee0d39
1eb0fa0d
dfd4ea14
003de52c
f8c3f203
f5eef4ff
f65d1f5c
087403e6
81f4fbeb
f2ecf1a8
9b16eff2
ebd42ee5
0b09d8f3
24d823cb
0102e004
001c483a
fe1d0f30
1aefe533
ed14f2ff
0bd3ca1e
070c07f9
0cb90beb
0e06fbf2
d6eae1db
040cb6fb
eef0f151
e81c30c7
de00bdd7
0c00db1a
f3dc3d26
e6e0191d
fa0b2c1c
2e072030
1b19c993
3481fbd9
11ef3122
26260301
141d1e4b
00f0fef5
ddf6100f
d2d7e00c
962312f7
d1e4eee9
ef00e5e2
13e7e7dc
05ebd9e0
14f51423
2a0505ef
11d0e332
ef0e0fba
0d00ee07
1d1a151a
11ddffce
e84ceb2b
f8fcd92b
ead0e710
0508c9d5
edf0ed5f
10580a0a
15261f34
57fc0f31
0d0722d3
e1e82e26
fb0b0dc2
1f13e541
3b0b13c7
00e2cde4
ce04f303
12d2c6d6
f61156f1
2ef8a413
0215e1ff
241ad801
1913fb1f
29fc0407
02cd01fb
181913c2
fb07b50e
e8f7e9f0
ff0601d9
f919e3e6
0cde004c
f425171d
0fe2d619
081af630
06f5f5f6
01f349f1
091b172f
25062910
33e1d804
1cf4f5f6
0ceb0036
fcf4f53f
08ede304
e407e205
30f60211
ed021346
f4c8d9e6
17e0eaff
f3110fdd
f8bfd7f4
06cd39a6
34f215fb
34fad0fc
4808144b
ff180e29
47f4b521
19edfd0c
0c391008
0255f643
ec1117d5
cbb605e6
0cea15de
d209f6e2
fcf2edf3
f8633ecb
211ab50d
d0f846a6
07da27c7
f9dedd1c
20caf1ea
f5d509f5
15f01f1f
fd06f630
f3ec1ad1
fb1f37b6
e4f43af7
4ee7ddf8
f92c365b
edff1006
dfd40c39
0a0ded1a
ebfc12f8
fd121952
02052e3f
f5e02f16
4222f5fe
e1411919
2a012225
f518fcf1
23edeff0
fd07d8eb
e2f1161a
30191b1f
001d3b10
f110169e
1d17091e
d8e9ec70
ecccf1ce
04e7129f
e605ffd6
2afce11b
060515d1
130a18fd
00ce13ed
1108ff1e
15021a2c
0d12dbff
ef08d8f7
4f0c2106
94fdec02
142cda06
d1e717ee
e8e5e20e
fb1bd7f9
fef832dd
fdf62a06
08e6db08
10fe2f22
fa2dfdfd
07151522
f818fff1
d5380f19
f60c11ed
31ef1b0e
0a01d91e
c2e826e4
23d1fcf7
f60bbf34
e4151f15
fbf7db3d
fd0cefdc
300904f3
e8eadf05
f1e90f26
bfdc24f0
01e70afe
1b101413
1638ebe9
eb08e5d9
3cdf1903
f2f9e923
43def1cf
062720df
54052833
e3e3eee4
0ff6ecb8
14d8f9bb
be051503
fbe236f9
0ee3f51f
abba2cfa
f6fd36fd
142702c6
fe073515
0109b32c
ffc30f26
eaafddca
5003e99d
d0f1d323
28d6f9cb
3132e9d3
000dfd11
1e00bc2b
1b08f41b
1b22f416
1d371e0e
16f1eb02
f60935cd
0de7f2b6
1cb2c307
f62329e1
30f02dfe
d8d2dfd0
29150b18
da1407de
3ae2e316
ef02d1be
00072025
06deca1e
c8f706f2
0d0dfb30
e8e108da
f9ec070d
f63fee2b
faf3fc40
06d00afc
ff33f1fd
f6f43b37
f3ecd1af
aeeb0efd
05e327cb
c80f19df
1326ff1b
0be9cb05
06e52570
cf0d5c26
0bd20af9
2f281bdd
08180931
fed3e846
e32f07f7
f7d0f9f7
15f0cfeb
ee0dbc1f
1afc1efd
cb2a01fe
34e3f771
b9d40510
261efe11
027f0b3e
0133ef02
fed12a19
bbeaf904
49ebbf2d
54e733dc
3638220b
16feb589
02b6172a
1011200b
33fa4229
02e0db16
1edd1d09
fbfb2d06
fec8033a
ec27f2f7
04ba4a04
0a0f08d9
10ed430f
18dd0699
0cdd02fe
4a2512fb
0fb4282f
810eccc5
1e400cf8
3c15d2fa
0024e4fd
1ff212e3
cdd1af0f
1ec71711
b8754f0d
a018d901
18dffaf0
1be0d015
ec0081e7
25fe39d5
dff511e1
1a27d043
f4def1c5
19f2f2ce
0c1be406
05c41d3a
2509bfb8
02fee521
d7a704a6
bec1affd
dcf7fc09
c8fb2146
32d1ea12
08020827
1dfc1105
2a01d814
1bfde104
0220eaf1
07dc120d
ddff11ec
eaec05fa
f6f50105
18fc00dc
e90dfc0d
2ae0dff9
fbe41309
080b04d4
f6eef3d3
fbbd1bd4
02de1a18
1303e42d
e8114ee7
bed0fcf5
17fbe112
d713b61b
0efb05ca
0b0432c2
1a00cb44
b604f115
ed00c7f4
f006d7c3
c9d10b3e
cde33425
2e15132b
1517cffe
0aecfdf9
d2ed0b0c
fe04dcf4
1ef22e20
f8d5f9e1
2025d4e2
0a001b25
162113f6
09ff4bee
19f60004
2010f527
0be8f425
42e8e2cd
4fef200d
1bdf0c20
ecde24df
fe082315
c6f1dae5
fafb1b14
25d3fe30
151cffc2
26f51206
1d02fcdf
e32624d3
f6ffe2c0
e4ed09f2
fbcc2cb5
fa12dd21
e3231655
e133f631
ae23ddd8
e8fc0d0d
0308fd13
0b00f003
0ef5fd03
19f8f3f4
f4ed14ff
240c0efe
fe01f8fe
16ff22db
fc0f62cf
58e911d9
fe080227
1c290381
fc1df708
18e8e6f7
0fd0d9da
f4010ef2
d2251e19
f23e2611
e611f0fd
cefc110a
04fc0dc9
e017ef29
f501fd16
31dd0718
25db203c
f505130d
fc1835ec
d60f0fdf
ebbe04f5
d1b21dfa
f809fff2
16eff801
60c91a19
c5192f44
f467962d
045656e7
40de81c4
edebc4eb
5beb52d7
f84803c2
0924d713
09f3ca01
edfd251d
11e12be4
1334fc03
06fe0839
0207f7df
410c18d4
12d50532
dbe832f3
d9f01796
48f52ad5
210210fa
1effffae
fd0bf189
d8fb24e3
f80608c9
31f10a1d
da33cc0a
26dd0403
2f2dfc19
5525c7ed
2ade3d15
f32f15f7
11d30a08
fcf64a3c
e11c1700
22271be0
f80e0b36
1765c841
1503120d
1db0ec60
fff3cec3
02f6fc00
d9dec424
f11a0612
14e5342d
0a521aeb
1f3c4315
4c1a0f1b
0af50147
3be61707
2ecff2b3
0a0c05db
06d41806
d8f901f7
af189ef7
12d6f5e6
0504fc12
f3ebefd2
19f8f5fe
13e91dcd
16dec8e7
05d5d1ff
50f4f1e3
fe101e0a
07082914
dafde21c
1603f4c9
c30fa0e2
20e62e13
befe1726
ef0efae3
f7f3ed48
0adcde0b
66f11524
050ffbff
0afdcc30
23b1e0f2
ffbd22e5
f3e7f43f
0be1f2c8
f31b0ce8
070cf0d3
f4ec16d4
20fdfd52
180621f5
20dd09d8
0208e9f7
2ef3fed4
fc0834d0
f3f512e0
f8f8fd00
d918d31e
e4edd122
d4ae28f2
16f6dfdf
db4b2912
e72d40f5
2ee2b023
cbd6620c
4019f3b5
0c2c0aef
29f2e449
1c09a10b
d5cdccec
05e6d01f
f314deec
f9f34221
094541c5
67ccf763
0ef0aff2
431b15fb
0bd5fcf2
140bb3d8
fb0342f1
1f0ed8fc
0af5cbe2
300128eb
e103286b
3100001e
e60edf7f
bf1af283
f5e467de
e6c9f7f7
eec20614
f00c29f7
11dbed18
3216fd0e
14e5f245
1115fd0c
e9f30f06
d523cc0c
20dfe834
1b01241a
2165e621
23c5210c
0703d213
fffd1f18
18fa20e1
0b02f2d9
032a1505
24eee8d6
0c00e604
d7ebde51
d915dc2f
16dd8140
0efcae2a
b32f0bd2
f6fe0fb9
f1dfd1c9
f3edf783
e6f9222c
2515d80f
d0d919d6
0cdedfb8
efa0fe19
14061307
051afb10
00dd2920
ec31d937
e94efbf7
19e9fc7d
05faba14
c80d3e9c
dec732d7
15ef19fd
dc0d0914
b90c1337
fcf41dc4
f2d8cf10
ebec14e9
09112b03
47f1de38
ff12ec0a
6816ebf8
52f13613
31f7e0e9
f32f07de
33f116cb
e93022cf
fbfac3c9
374011cb
04fbf2d5
e2b9f7eb
e21340f4
e900ef34
10dee7ed
d6c558c9
0d28341a
cf0fed65
0860271b
f62ef539
e1e709dd
19ccf632
d215a10f
250803d9
1d04e9f3
fffd2d31
1f03fef5
0b01fc22
3412e1f1
f910e108
203504f1
47f61800
0104f0e1
370f0dfd
04e92bf1
0e1a20bb
cafc20c5
150cf756
17070a0a
e30f033b
cbf3d3f1
1cfaf611
d31bca48
10ffed02
f2020c07
16123701
11dbe009
ea620e05
15e5f506
dd150dfa
1e09fef8
f89cdfe0
dafd3319
05c8de75
03f01306
fcef380f
f3e10ec2
0c2d1f07
fcde011b
3403c807
e6081de0
f5401908
01fdf9f0
f0eb10e2
c41a0ee3
d01e0f26
e50020fb
f82004ff
da230f0a
d31bb04b
dc0a110c
e8f3fe04
0205f3d7
f4cbc650
1bfbdddd
030a6bd7
12e81b49
10ef280f
14f7161b
fa31b750
f406dafc
a9c3f99d
0ee5f4f1
03cf2223
25081139
e714bdf4
faf0e1aa
f2fb1dfd
d7a8e4f7
f9e42ed2
f0dc4a19
dbff0bfc
1828e332
0d0df046
f9f82734
18d510db
3f220fe3
f0ddfd55
04e60928
d72cdc35
e707e2c2
dfee160b
2af9b7f5
130541bb
1c28f233
08f810ed
19f9fae3
18f41129
0cf4f9fe
f91af71b
f80f2dea
00c6efe0
2e22ddde
0624edde
10e316e4
01320d11
e910183b
30e6d119
f6ff0f41
1af934c7
e10fbdfa
14f5ec00
bff63cd7
dbffc1fc
81da26ec
53ebf82d
b37fed64
e17f3ceb
d1813fc7
822e26da
c9ba35fd
e4f41e13
1f1a2c4d
ff37bae7
30094cf6
7f0711f5
fad7eb09
c52af0f0
010d24f1
14ea1b46
f9143a24
f6ead113
30061208
37010823
0e170b01
fedcf640
0f12fc24
da000c65
00ddcb0a
022325b1
1edff617
07e3b04f
cb05c00e
43ffd4a8
d6f613a2
180cbaf5
1ef5e4cf
ef3b3dea
02de7007
e602d016
0f25c41d
def518ea
24d7053f
edf0fb17
031406ee
acd7130e
fee9e6a6
18f12309
05dc470f
0e27364e
3cd9da46
1ae02610
240f1724
051005fc
da2a1700
fee02503
052bd0c5
03efd911
ed170b2b
14303d32
e40408d0
fb1020ef
030ce4fb
de03fd0b
1a3de2bd
04f5f02c
0b14e2ff
dcf5defa
0d04f405
f1edf333
07e81a0f
03fdc505
09f5191a
de15e1fa
fce2e7ff
f7fe171e
0c3f00ee
0604e8a7
02f50200
aaede8f5
063c252b
f8f0010e
f222fcb5
dc19ea2b
0d09cee7
e146fae1
08fe4dc1
1deee11e
01062600
12f30cde
0f16ece2
650d0a06
d5f6f9ca
f60b1961
e915d5fd
e0db05cf
f10a2b27
db18211f
f6f54be3
fe1ef2ed
fe0d15e8
f6fd22cf
02ee320c
1de71b05
241dfffb
f61cfbf5
fbd4c021
270cd311
c5292e11
f7da3204
edd43af5
e5041a26
12f64344
d4071a2f
310c1e74
0cef0744
f034e31b
190befd9
e4f70f36
e237d2ef
fe160c01
2eecdfc3
15fff1d1
1cd60814
c9e11f2f
d9d9bab8
e9ffdbd2
07dc70fb
e8d42f03
db11e67c
08fddce5
120e1a2d
ff02e943
0ce9cde2
e70bcddc
0ff600da
f2b4f03d
58a0ea29
eed801ac
17f5ebbf
f0191ec1
efea02f7
e5dfece8
b3c705f5
344dfb33
10e404f9
22f806bf
d22c0dfd
1b441209
00fbf7ff
faf3c9eb
fdfa16ba
e8f4fe07
0153dfef
ec2b1f00
14e9d8e6
b208f106
dfd84ea6
04f7f81d
e2e14803
03f22f21
141c0656
10e5095f
e112ddce
e1def0df
d6f501f6
d9edacf1
f0093312
1cdeb142
1c5b164b
30cf16d9
dee90c43
f5fbe5dd
e8fcf01e
01e20ae9
31031712
1bf3c602
b9180a06
1c3c2417
05dbdb34
000de227
f203320d
2706081b
f5fcb549
0be23327
15c3f9cb
1e28fe18
451d3a25
eaefe621
2015c538
cb12183d
640b35b7
ac0e30d7
c107d212
a1f51b21
5b00eaa3
b50ff8e4
fce824f3
0cfc23bf
e9d9d528
38090810
0609edfd
0ee20ae4
bc1ff0e8
2ec0f904
2cfea5a5
17023806
f5091812
d8ee061a
9ff6e9b9
ccff2dec
e2e1ae32
061f00f8
fbfcfdff
f30cf3f4
f211fc06
2e000b0a
e607061e
2aec0011
04db080c
e410fff9
f14cf81c
fcec20d6
1deecd02
1aecfcf9
f6f9d3d6
1add1600
06e907dc
20fa091f
02fb1cd8
010c1ec3
270d36be
e4f90df8
f9ae9634
e3051d1e
f0e302fe
eeeffdbe
da1932af
e802e4ce
3eecd6f2
241ca5f6
e517e701
30190df9
fb1a29ec
0df0ef0b
05ed221f
15ea0126
25eff4df
5d10c633
0d0eed37
469d1c09
11f8f2be
06153314
e4fcd21e
fbf436eb
f3fb06f3
d0ffd8bc
01eae71e
d239fe04
00060723
3de7f506
180b23e7
ff0edbe5
d915c915
25461924
45d5249e
1ff1fdbf
22f222f1
fa01c9e2
16e1e52f
1619e70a
f700d8b6
08e3f6d6
1cfb0a5c
ef2e1dc0
f617068e
eee80ffa
0d1b1516
0701b1f7
ccfc0904
16df0605
14f928fa
12f4e2ec
1112fd11
3cc6f99c
e1da47f2
090d0aaa
2607311a
1e0bfe2f
c2355f20
15f31617
2900154b
2c0bd039
1a1709c3
cb02d111
0100cb1a
250bba20
e2ae19d9
f40606e7
e201b8ff
f5152820
0fd9be62
e605121b
0cce4300
c4eb0fe1
0917de0d
d0d7f503
f51cd8dc
b5c4232c
eff52b3c
0519010c
261e1516
171166e9
ec063bf6
1ed9ef28
f204241e
1706f9fe
fbcf0820
4d0bc5e5
de0115e9
13253901
0000ecdd
24dc15d9
e10e21d5
f5f1fbfb
0ce0e703
1110c80c
01080d6d
04f9b3ed
0af2242e
2bf3fff6
241024f4
13eec329
e10469a8
2ad1d1d7
27d1e3fa
270e5216
1a0be6d7
1af80432
e82907d9
f0c01102
e4cdd7fb
fcf7d1eb
21f8f917
13f4c83e
2a162801
33efc845
ec09413b
fc04229f
f312f931
00ee30ea
f7bd141f
ef1531ab
4922eb03
d6cfebea
3b26c901
1aa8190e
fbe759ef
fde08ded
e6faca31
1703d6f7
fafb00d6
0a32da38
cef0d730
170a0a00
00f909be
c5f52de2
03e932ee
d20a06cb
c3fbff1e
d9320c19
230d091d
0ae9fd18
141c1a3d
160639f1
15e2e932
153028d2
c519073b
e5e51022
ec19c7cd
eeff11ec
f9eb0d0a
f8ed8ed5
00fe29c9
0c14d8c4
0cf60724
f5a2f93c
1deae101
f40effbf
fe0b1df2
24eb0b00
18fbcfc9
ea003bc1
2428bd2f
ebc204f4
e0e8c205
f31613fa
ff3f46bf
14fd01c8
37e519e2
2af8d640
e9400de7
00ff0418
c300dd52
22dadb0e
10122521
61fdefb8
e2d99e3e
02ef0dc0
6fadf9fc
cd18eef7
1907a3b4
d0c312f2
2f2d13d4
e50a05db
0d273ddf
0622b42a
c5372d15
1bfff20c
09e8f410
15efbf55
f4f0fe0c
0c06a193
2ce011c7
cc173336
f223fb0a
ddecf991
c600e3d6
e6fcdc31
11c4e0fe
e20d9f0e
2f1211e3
fe0723e7
dc0e016f
e9ac08ea
10ef10f3
261a2eff
07dedefd
24fd012b
1ed5293c
d3ea06d4
34372313
d1022d49
d73efc27
e3d4e1e1
050ce1bf
eb1103dd
27e6f7fa
f8cb1c00
f1f738fa
fbf9ef04
0127faef
eef10c2e
df811e42
1106a312
fc2aec06
2ec708f0
19fef93c
5b42ec1b
0fe55f2b
fbb8102a
fc560ad4
1afabe24
ff290ac3
1417c4f2
39090412
1a1226ea
00db0ad6
f002f5fb
12022ddd
d50adcf3
f248bff6
f2160fde
43fbe907
2120ddea
25d74ee0
d5f10f02
1920bf07
30081128
0dffdef6
0e231dd5
d7fa1954
f721e708
fd0cf4cc
c4e0fd0a
fbf42cf6
cbfa0d0a
292b2715
eae2cbf2
f1302256
03ca043a
2abedc52
f42be814
f2f0e6cc
1b03f011
3213ebf5
002c0033
411c11f4
0d12fbed
1be903fb
1d3b35dd
f3d2f401
15ffda11
3817e1e8
1a3638da
3814fcfb
10fad719
edf5fd13
3421d306
0ed80fe7
7ae0f8db
13f4e5e9
f0f8e618
ebe99500
d2cc2ce0
1afce59b
22ed2e42
0a0524f5
06fbfa15
25f50ce6
dddeb2e6
15d2eb35
e7c8f4fb
fb0aef18
34690e0d
10ce16e6
20f2bd1d
e30f1ded
17052dad
b3fe14c2
0dc8341c
baf3ce1c
cf2705d1
121c0617
0e01f712
fd1bf449
c4e5f3f8
30f40026
c32d0f4c
14f4e34a
2adce9ee
2ba62640
2ceae144
ed29ec1a
443af3b8
2d9e2c58
450cd95e
1dc91a2e
2a04e4c8
072c29cb
2501ffe2
19dd12de
e317c346
0dea001d
cded0f31
fd24d529
e516f611
1c1206de
1ff1ec3a
17461612
f3f7c3fb
fb02da1a
f2d9f3c7
cbc9d7fc
1df617e9
05001f3f
dff3f912
f5ee21fe
0309fcfe
b1fdd8d9
e446f5f0
e91b01e0
0ce730d5
d504f708
e80a20f3
efd8f6ff
e70100ff
18ec1e3c
0cd5e6ef
162624bd
ec4c1d8f
0418c209
fde3dd2c
e6beed10
0ee5af00
2eece9f2
e7ed11e4
003ec512
f9a4e1e1
30f3ed19
dbf6d813
1d4fc2e9
d82925e0
0a34dec4
ed0df5c1
2dd617f4
3a08200a
eb0e0710
26e5ea03
2be7f324
44fc1465
0cfa2e05
4010eb06
ee0af026
1919abf0
f4ce36f3
0317c9da
2e19ed37
3d08eb07
f5d9f2e1
3c220093
2cf73756
f6fb0ff9
0d1c1f1a
06e73708
07d9e139
0f22ffd4
2d091915
0e05f464
120bedeb
06cbe0e6
013efe05
07fefd01
f80bdd22
1031080a
07d707e7
25de0524
040506f7
283ac4ed
d80b02be
11f409d4
c701cfd5
32fc143f
23e4ccbe
24e8fdc4
cefa4e00
1413fe02
fb21153d
1616bfd4
14e8dc0c
0a1e031a
f3f0e90d
fce90f24
1f1c14e2
06d1d30a
fffc35fc
1ee91acf
bfe4dd58
11e227f9
a52218c9
013710f1
2a27f008
e33e1f18
031afaf9
de06e6e7
f8224aec
3203f9e5
e0eee823
48011910
57ef5515
e881dcbf
f0433021
3fe7f605
d1f1ab08
472a1906
052005d8
4b0bf227
161d19ed
05c5230d
1eec9346
d6011132
3010b9f6
c1faf7d8
deb42b01
e6f9f0f2
4f134732
ef270d1c
06d5030c
0306dbe1
ee15160a
000527ee
67e0d801
ef24f106
eef01215
0f00fb15
1e0100e4
f0b3ec09
d9cac713
510a0ae7
1403f10a
3008f7ea
11f39bdf
0130e50a
fcf42d38
1aead138
c2f3dd13
1711f9f1
f2be09d4
041025d6
f612ffc1
e2bfc009
f701d0be
2af138df
3319b256
ede6fe42
e2df190e
0708f001
26e50214
bb52e913
fbfccaba
15f424e9
d7f9f4f2
0a1ffcda
032fe215
20f707d2
ffe5c300
1da1040a
f00f242f
28f2f4fa
210bfe0a
5b182725
0b44fddb
6ae0d42e
07e72aec
f3f1f82f
f20dd0f5
1ef4591e
d3ce1b30
4ae7df15
ee22f7f7
7f1be43d
fd283ff4
e8b9f00d
0fdd34e1
00eb361b
e8f6f807
22dd520e
c32dba95
38b70a21
f2f9f821
fcb00e09
e1feddfd
12f60edc
0ce40fc9
ef311af3
ff0b0a2b
e8d016fb
d41706d1
0144d934
f1cd2d28
1ee4b3fa
0fe70126
e81334e9
0526389b
f404dffb
d6f8e9c9
d9ebcfa9
091a0b38
030df11f
15314e26
dadffb1a
573ed51f
01e9fb1e
08e5122d
07bf0ffa
0104e0ed
12540229
dd5004e8
9ee6ecec
140d0aeb
d60bf7d7
fdcbe3d3
e2f2ff17
f60ff6f5
fbfbbfe4
0de5cc07
d4c3f2e4
03d5f9fa
d10b09c7
3014f2ee
d7f300f7
16eadb28
d00949eb
13fdf4ac
2e000bcb
f2f91f1f
220f2102
f1023181
0155221b
0afddc0f
ed09f1e0
fa11f7e7
eb16f4e6
d3d3e438
e2e60c12
26f509ca
102b10df
1cfe20fc
dd191c2c
38070a25
1a24be06
f72d20e1
051dd5e1
e22411d9
da4e392e
fbcb111a
11f00a04
fee55e3e
0de13511
b609ee3d
0ee33f25
4e14074a
15b3ff16
d8fbe306
03e5000d
0e032717
0ee66101
c81b21e2
131f2300
13fd322e
17debd25
e5f51d9a
0a10b8f5
edfe21cd
0811c11d
dd100f2a
140eafa1
df0bf8d3
4dedc4f5
28e91cad
f1ec3ef9
e716c223
2d063959
40ded7c4
0d0be4f0
0cef1344
f41e031b
0cfffb3a
02210501
18f41652
f62c0a2a
f118f24d
fa05112b
e11527ba
094b7fe6
e3501b31
c6f016e9
0ce83e07
dafb12d0
01111a11
c9b42204
defcd53b
0b0ed738
d1fb36cf
2adffee5
edb21305
3b07de0c
2cd61bd2
4ce01d0e
e2360044
062f57d8
fe161bd9
02efbbc5
ee25f4c8
0bf3e914
2e1af7f5
02e61902
c904fa44
00f2e5ff
dce3cf31
14e32bda
0911f8f6
4409fe03
0a02ec06
072bef40
2e28d007
d8f3e258
1bd0e324
fd4dcffd
ad3e4e26
b8e80af9
30f5c9e2
bdddec29
ebdbccf9
fa185a01
010d02f7
342af6a4
fc0575bf
e6f505fc
cdf8e73d
f644e2e7
2d5ce4fa
27fffce0
11481cee
0cefe5ff
99ff2830
bb0411ed
fbf2350e
351bdee6
fde40515
e7eb0d11
280f05f3
46ea08ea
172ccd01
cadef904
100c0538
fd08eede
0c7f09fb
4b5e1aaa
1433e122
5d2b4b24
0e0a1bf9
fe06629a
f3a427ea
0f068110
3429c922
db2e222f
d00df00c
0317f6fd
263636e0
b5010ef1
0af1001f
e9e0bc23
20b4f727
15bd201c
81e4e812
04e4f3c7
32313b60
fed30ef0
0cf13905
192debcd
15fee5d7
f9273fd0
14dd06f7
251a173b
10b5014c
b4db08f6
d7f91726
dc30fe1b
1a04ecff
fbfcef37
fccefb04
daa69ef7
ce40dc0b
05f3f705
da1210cf
0f9e41bd
2be83b00
d0fbcd57
c79ce615
f0f1292d
c540349e
630efd03
02031fd6
f728df39
071db5c7
26f02523
cde9e21e
da14daf6
1d3ddfef
0e130100
e4002e0f
ee0effaa
1e03e7cd
fd1aa05a
03e5e812
4af104e5
ccfd15fc
2beb04fe
ecf9f9fe
9704decc
e819be27
c6e8b834
ccdd11ef
c9f41bf1
d831f92b
b93804f8
1c05d83c
f02b01f4
3416fad8
def42fe0
ef18ea1a
0222c423
02491ce3
00ffff04
c3fe18fe
fbcfdbf6
340241ec
0f1cfa06
2fd9f908
f21e9dd7
f70b0c0b
ea2310f0
21f6fe00
ec1cfe09
e724c3e7
3c18170e
411bf50a
1d2701ec
ecd21725
b3fe0cf5
60f0f6b7
f541d319
4f35b03a
0ef104e9
f3def502
17f9fceb
f8e7ecff
0b2ad42c
0a2819f1
081b170b
2322e21b
03e7b9ff
efec05fc
22dde4e2
2e11fc32
ddd4f60a
e30abc03
28e50cf8
cd22162f
d4dd5fff
4d4ed13c
dd2204ed
082501d2
422c0104
33f8fdde
371106f6
d4ce061b
2e0d3afa
0ffa2fd8
fc03f7f5
d70701e5
eb0501fe
2d0016e9
cdfff20d
1603e51c
31f3a7ee
43450203
d53beaf1
14f9ecd9
920c04fe
2df9fcb5
33f02454
b58f02db
0bf80922
03eef30e
0df8fcf5
27f9de27
d1070ff0
35f0aec7
1dec22e3
e7131be8
d2093912
f40af7fc
49c6b0cc
fbe4fcda
7f4ee61a
2b190408
afe4fffc
1cd7e1d7
cbd9432c
fd040905
f9ea01f6
5c02f8e5
473b0cf7
ebf0577f
159dfaf5
2c6457e7
2e03f1e8
cbc815ec
29cce2ee
df2fd6ed
58f2fa06
f1052ef0
e60a1206
1b03e8e8
3d08bafa
5fe513f2
bddc3dd0
eee40b9b
b6e418e6
e4ea5dfe
09f1ff27
e9e4d3ec
2f0a2e10
45380203
1c0cc827
f810e627
c5ce13ec
0df3fcdb
1bdd1d0e
9ff0f1fd
e80c30c3
2bdad916
0a09fcc3
0a32bf16
32bef20d
1211f7e9
0e2fd5ed
c5e4a226
121bd3e8
0ddf03ec
0ec006e2
08d9f81f
8fb5fb04
1707e1f5
1adfd9f0
ea2be7f2
0d211ffe
dc2925d5
1dfbf630
1007fde8
f3f612e9
f3f62fcc
fdecef08
0d1d0d18
c0fdea17
ba0f817f
4fb7f3fd
0bcd0ddd
25f442be
cfbd130e
d0309d13
c8c88a03
f5eeda01
f30707f7
0ce705f0
0afce4fa
0e1008f7
14fc08f7
15df10e0
ecd500fa
f312c3ed
37240203
cb2902d9
09fbe23c
c82d18e7
13ecf8fa
26fd1fdd
050bf6ea
f513fff8
1202f313
f127d000
f0f6f4f5
e3dbf908
2109beba
13e7352f
e0ef3bea
025c3cf7
cb29e81a
0e290d3d
dd513e18
cbeb0ff5
c1eceb17
0a1ad303
16e2fef1
d2d74f42
36c9ff04
e428e2e6
bb17f02a
0c41fe00
2301e411
f20d1c26
1ceafeec
fae9c0f3
f7481be7
eb0336f1
0714f964
381313ea
36f2da14
1a0af213
fc060506
242bd835
13f8f112
fa0918f1
cdfae941
30ea14ec
03f0dfff
d904d2ea
2713e928
180946c4
2ddffa00
111e1322
efcde8d2
08daff01
f4ff2df5
9706f1f8
11f5b817
1d25afcf
65081bec
f32cedf4
1dcc0b12
03f331cc
0cd500db
2bf0e4d2
38d9f748
2f02f918
08d913f0
f2541325
fa1813e1
d6a0fb07
eb051604
a200ffc7
ddf41ef8
24e724de
1a1b1fe2
e40bfc5d
1dbce8dc
23e4e818
f0146ad2
1518f948
02c0df10
f618ff1b
06e7d82a
3e4e1f08
22e211d5
eae7f809
1a02fa07
2f36f7f0
d9c9e70f
fb0b35ee
2806fd09
e8001d1d
e7d0f4d3
f0cd12ec
eef31940
0f0be714
fea6fcf2
2ae6f5df
0b2725df
f9e81e12
08e7e01e
e7eb0bf3
0df5d6f7
070cfdf7
1b0af00c
eee81921
c6a110f3
fa0e36b1
ca4302c7
360c0ef1
eff2a536
cb2a2d25
ec0505ff
14f91034
bc154bb6
d43cbbd8
3fed3149
d141fd02
fa02f31e
2a012622
341140f5
08060f1a
230d15ea
f5f737f8
ded6f60b
f2f110f0
0cecde19
fcfbf108
0136f916
c9dde4fe
13f5e51b
eb1b044a
f02907f7
2cf604fb
dff9e354
dd0ff11c
d9fcbd0a
21f63820
11a8c540
e3f9d432
e334ee07
32f2f40d
ea0dead0
c8d4feca
d10301f7
0014ea0a
2d0f02f9
fffafff2
baf1fbe3
07fef908
2403fded
e10fd82d
f53417c5
d4b6fbe3
0b0a11f3
eae20106
d5d02fbb
231310f1
e4eee5e3
0318ff25
cfe102e4
02ecef12
121406f7
23131617
fdfe0db6
ca14fb06
f40539c6
ee08dced
f212bb10
06dfcb38
34b205fd
670beb1e
2c060b0b
badcfa07
000603ef
09d018de
11212801
410d07f1
db2f10f0
bcc6a504
04fffde9
c214f10f
011028f6
b1011928
ffc906d0
ca2d0807
e3eef60b
cfdd2ee6
ec0e1834
0e08fa07
01050f1e
05f41817
fee0f5ec
0bf02ef0
ee36e221
0928eb2f
252e07d0
02fb10f2
fbf331b7
25c1d816
210fd519
01dcc32f
a2e0f719
e7e11d2c
9cf4ce2a
1cc615ec
f1edf106
d3fc0804
17750f0b
3e3e300f
ae0c4ac2
d13aca16
f3ea08b2
da192ad4
22ddcf01
10c14034
15013ff3
1605f6ee
c8f3fd02
dbebf509
b90decfb
08da03fd
fd00dff7
051df306
3e360305
0deaace9
cee2f313
33e5dac4
2309f50d
0e21f50a
000dffd3
9b2ed3e7
14dbe21d
08114a21
f116ec13
06ffbce6
2c290d28
09211de2
bae6e5c1
eebb04ea
3839060c
0ae5172e
c20aff03
09f6eb10
ae0d0ad1
363cf20e
33110ec5
45e611fe
2af30809
f91ddcfb
ffe50df0
52b8fe11
c5d023d4
fcf8f40d
dd071633
bd4bec05
f62eefd8
cfc1f6ff
0e2b09f4
5b0957ca
edeabd2a
23cefd04
3200e1e9
f918ddf1
cef82514
f5f7f7d5
21f0ec10
26f65f29
fc2c2100
31e704fd
eaffe8db
f7e306ea
e7fcff0d
fd07e8f7
17e630cc
110312c6
bfa72406
56d007f6
38ff0b2d
d105fef8
e3a1000e
23e20d42
f722ed14
fa07aa09
ebe00d28
e4070df3
c5f41622
f70cf924
2d0ae8e3
86f12eda
f2fed02b
39e74a15
333ac6c8
ec0515ea
c9f1d5dc
2bf7e332
211fca12
e0062beb
ceff07f6
f9ed420f
1cbb1cf8
102f0af6
e2f10a0b
030437d2
c7cf09e2
afee05f1
1b0501fa
fddefa05
1ee71b02
18e104fb
fafe07c8
0a0ee201
f2c7f207
f0d7e21e
eeea15e0
2becf1f5
1ec401fc
02ffdf21
e020df18
d90d20fa
041ff7e3
e1fabe1e
ee8d1ae6
30ebf1a4
fffae6ea
fc6404fa
ddfff42e
0431fa22
27f80c09
1edcc3b4
0dadf30e
143d0d1d
d3f42d0f
bfdc06fb
d2fce7bc
d3170a30
d0c81ae4
2e4cbd0b
fb1229d4
b80636ec
d1a7ba42
dee6ed0f
f4210423
0c28450b
0cbffb01
3ef30c0f
1924ff05
1518031a
0bfe0aec
f8d524db
04dee8ee
e6e7e0fa
091dda2d
e7c23003
200407fa
1267e2da
f164ddda
28fdfc05
1e09f4c8
23d1fc06
3a171e16
fcfc05c2
fb250ff3
f9fef603
fecee517
3c2812ea
e0f3fc39
0533ea31
c9e4ef0d
cac0b633
cc080301
2e4aeacd
e801034d
1ffb0ff2
08edfff8
e217ec08
eaf1f5c7
bc0242c4
16eff801
d4dcc934
45bbfb31
0e0502ff
eef9cd2d
d21be80f
0bfff612
c8170326
f9fa02fd
f22311cd
1fefe3ae
5e0eff01
0e02dedc
f41defd3
021bb81e
e3d10be4
f9e7de23
cc16c1fa
cae0d1eb
e9d8fb07
eb00e8eb
ff013611
171204d7
ee120e2d
0a0fed14
3dbd2b04
1039c503
50130af8
faf1fd08
b612d60f
f8070aea
24e7d215
08ec2dcb
11dc45e3
f6d709d9
163003f8
30ffd4f0
2028065f
d3a6fb04
48edf8d2
e3e911ef
f5e61b08
f6cddb2b
0f25fa05
10061d8a
27f6300e
fd13fee5
0621cdd0
0005ed1d
031525e7
2c1cf038
08e510f2
caf0c814
279614f6
aba31530
d9df3810
012507fb
f4ead825
e5152106
08000af5
06f63ce8
15dd02db
56e0fe3f
df050413
25ec17f2
fe264af3
f2123110
ce2b06fa
15fc394d
48c32919
f22c2bcc
ede1d0ee
1efde215
4ce539ff
0e17f90e
da2e0cf5
fce8f9bd
4d19c424
0bf4e41c
eb364720
075104fa
f0cbff21
01773824
d90703fb
05fd46bf
1fce22de
e1322cf3
0314ff81
244526d3
dc727e02
17f8032b
ed9b00ff
080281ec
3a3b19dd
f42c29f1
f006e82c
c9e2fb01
2c07e919
33d6e91e
e7260001
99f83c02
00f6f415
e617f2d9
eee20d2a
11dee617
24f209cc
215bd8e1
c60603fc
1d010020
252c091c
d9521beb
412b0609
182e2bd9
9a020c40
2de1fe6f
cb2afb05
c60aecee
cac479fe
085772e6
f11fcf0f
ff1bdb23
dcb2ccf0
4b08ff52
270c0ef3
2eefe3ee
b4d4e991
0fe9e910
06ef0bee
70e0ea1b
fb15f2cb
c80305c1
c3e008f8
cffcf9ea
d6de29f1
4613191f
f60dd9cd
18eef00c
f13becdd
f3ac1dea
171c08f8
3ef31911
0845c519
7aecced3
e3ecfb07
d22408f8
d3ac2c8a
060b062e
2ce310ef
c6f41c0a
d7df0a0e
cec4e7fa
16e8050a
c609c63c
06b7f663
1826ece5
fdc71ae6
bde72229
1d10ac4e
ee03cd1a
093c18f2
e41e57aa
eb50f745
3d2802a7
bfdece31
fa32323d
04c23008
70f17ff3
b1404fee
2e49dd2c
47e906dc
e64e0b1d
47f915ee
21ece92f
91bfe9ee
43e651dd
02e51af9
041b20e3
2439b10e
bf010d0f
221af708
12053bec
35c81d19
02534319
f8e5362b
06ff4ebc
d3cbe7c4
e1ea16f8
c603f50a
b40d1844
0deb360f
271a3404
03cc3b25
2b5a12f7
201a0338
3eeb0b2a
e30326d8
48db30eb
249ce7f2
f9fb45e3
fd14bef4
19100901
b220b443
12cefac4
3fe709f8
fdfb3041
37db1b9f
e6b73803
ebc4e1ec
e31317e0
2fe1daf2
180d1dd2
d8dd0bf5
f1f30a0c
e61ad213
2335eff0
f708f41a
fdeaf40c
ebcf14da
131c0ec8
101617e8
35e7f4e6
f8fce9f0
28e90413
d4ebac4c
18ebf802
f91efa1e
22b0f821
ea15f40c
c50d320c
e8e2ea45
131ce708
d00b6eef
3b12e31b
f6270104
3007062e
4fff02ff
19ffdc29
1116e6f8
0cb60011
cc24df0a
193e16e1
181beb17
5eac28e8
041f05f9
d8fb3f61
1664c6dc
3003d2e0
aee1f0fb
05ffd828
b316d8e5
441102b1
0b08fa07
de0713d7
3af5eff2
200d0430
0b14060b
30c8e41c
150121f1
df1b18fd
ffd7f60b
3309d407
0126cb0f
dcb6bd00
071ad91a
4647fcfd
d6082121
de1f080d
2aabf10e
f21100e9
815cf954
f7f1cf02
0c00e007
dd06e41e
4a0333ed
07d3e1df
ede81be7
f0e5e412
d2dcf6d2
d7c1d3fc
c4e7ebf6
ef010eef
cbfcc49e
010815d9
d92204fe
f1fb0617
d71eeeff
e3050fec
c41a0904
0c07e122
350009ff
fe19f4fa
ef12f909
d901eff2
15d4f8f2
f60a6114
d504e829
e130de27
9e021bc7
fb540436
24e801ff
fd022050
bdca0fcf
130224f6
ff0fdde6
58c808fb
cb04c735
c4df0a21
35d3ff03
310202de
d7fffae6
03eb12fe
2912fe18
c1ed16e7
1ae4e7fb
eff8fed2
25fcf40b
dc0f09fa
adefed18
1ee8ec08
c5e9d80f
11f5f511
0a21f0dc
0b05dcdb
2a2808f9
f6f3d1dc
0104fd18
1cdbfc23
420cb1e7
eee90ff5
c6f5b7f6
bcdcf932
1eef0bf4
42f7fdc6
ecfd52dd
c5d521c9
c8c6fade
bcfbef12
eccdf727
e42249f9
25e607f8
c9f7174a
e11cd4da
e0a2cae9
37071308
d9f5e71c
fc0f12ee
08f1e5bb
2fd613ed
eaef29f7
dffff2ec
02fecef6
e720d4dd
18f50305
fef31202
edf4ff02
5c030af6
fef41c18
2afafff1
e022ee13
04f016f5
080e58a0
fbeff6e7
f3fcf5e0
08fbd927
1021dcee
21323309
fe090b11
4d19ffdb
1906e622
a14f1932
d923fe4c
c4f11ae5
d6ed3afe
e6ec3100
d7f70fb3
d301380c
002a17eb
03230dd5
56ddd451
4f3b1be4
2ee50550
f4c4182a
d9d910ef
cefa9be4
dfd11aea
d1dff3e7
0c14d7e7
e0f1fb05
290707c6
c9f556f8
1ae04aff
ece0dce9
0c22fa01
cf1305f8
dafb4bdc
25fff509
260de5ac
cff236d3
2a0cfef3
17f32e0f
1a2bf20e
05e80d17
40d5d4f4
f3fc0df2
f1f81f10
e80ff5ec
1d270d04
271a17bf
2d2309fa
dcbdf0f3
b9f9e1fe
010a10ef
3aed23dc
e00426b4
50f406d0
e91d31ea
d3e50600
351cffbd
0ef6e23a
1fe517e9
02f0c0ef
d2b43706
ce64fdf3
d3054df2
19cbf10f
dfd914ca
c2cb0010
1c1a0400
e6f2c7dc
081d01fd
2fe2b70d
402fddf7
2629ed12
d5fc22f0
caceeb45
d6c70cf5
1bf312e1
f5ffe9b9
f4c8d009
e6fcfee7
19ffeb0d
cb1f20f1
2f0df60d
f4c5f607
29131993
31efe9ed
2ddade2d
03063010
191e0a01
f3d8b8f8
d2f7061e
fc2717e9
fbea2b3f
ef1809df
d813e4d2
24e4f3f7
f7fc0208
f2331403
afca03ff
330215ed
cce61504
2d151bea
3f1211f6
182e6914
02f6ed0a
21fd0039
e2f44482
0abd16e9
36f2a106
fad8fce4
19380f21
03f9200e
dc1e0ff7
fbfb1445
cff3e5e2
3c1dfe02
f00317f7
2affe927
2902160e
0a451cd9
4a0a02f9
f017ddff
38bce6b0
37dc14ec
1eed09f1
14d101d4
e316dc22
37052fd1
f9f617eb
ddf704c8
0ed41929
08250af6
caf3e107
211d0e24
a20ee606
bdf2e7e6
323216e6
25d52bf8
e1371fbd
a51303fb
cc014215
10f7dce0
f6042d43
463d12cf
ecf631ce
f518344d
0acfda1b
f4da02fd
15fee8f1
090bf2d4
f5d8000c
00f0facd
0d0317f5
dfdce7e0
ed2728bb
04df10ee
32f83df6
e0a11c26
fedc4df6
12efe135
bbc411f0
f3c9e7cc
eafa0cf1
1c0c08f8
2cf8da17
081d2b03
fc041be9
140514c3
eb1d23e5
1eb5221e
10a3fdbd
3d2905fa
d2fffc20
232348f0
cc3e10c2
f907ea2b
07f605f8
dd05d23e
26f60e29
c5df29d4
c1da0d31
15f9eef1
1802e70e
cacf3059
c714dc22
27f71c0f
afb61d03
ca2e07fa
0df42124
e823eaf0
ff19f8e4
faf42af0
2fb717e3
4427cb0f
50e3ee65
e40f06f9
06f7d02f
d107ef2e
1a20fced
ed181ef6
d9f815ef
19f346ec
d25517dd
e1f50af6
1af30ac8
06dbf218
ef062207
27100502
e70b09f3
04094524
ef6ac221
e4ddfe01
b40707e3
e6fbea4e
f3281937
f300132b
394023e0
f2a81f50
03d4db4c
efd01ee0
02e6fa16
fb01efed
e5f515ec
10531710
232831d5
ef15e3e6
3fc128ac
101f10ee
f4ee0de0
163a0518
e705f10d
e3d61b4e
d2e849bd
faffb814
1af825fc
113312ea
e0f11d3b
0be91a4e
0b37e1f6
a6f104f1
170ce81c
ee1df2ef
f709ef16
2dcc1fe1
2de4b3c9
f0fc35bf
e4f304ec
1df6590f
f01dfc0e
e6d5e50f
18f22ce7
cdf511f1
bef1f81b
e7fc1113
f3e7f2fc
0402b227
d401f809
e3d1af0e
ddf4caf1
4bda10f2
45f5efdd
d6fb45c6
e32025f5
cd1bffff
2a2108f7
2b093c09
d628fbda
d3db03fd
e003da36
04e319c3
f90a01fe
43f2de08
f10af510
1c050634
42f30edc
2fff0ef4
48eb1ae7
3619e745
dbc3d742
f51012ed
17c5cd31
4527dc11
104853fe
20bcec17
4a12c003
a618e80c
f4cdd8ef
4aec1a0d
1ef30df9
d1f9bf34
ce06273b
fc4b12ee
e0ec3f16
33e6ff12
1af5e9c4
1d171286
bfe909ff
007c5a1a
46cc08fe
1ce40cf7
0bf1b92d
3c1e2110
affdfb13
1cf03641
2ef0ee0b
d4daafd1
c9eff404
aa2bec14
26121b30
d6343104
5f4fe9e5
36f3e21b
c4effb09
fde7201d
08dd1819
17cd0100
16fd2dc8
37ce161d
3b16f51a
1901c7e0
1be0ef0c
c6fbf6ef
d3f10e24
f8d9f40b
260ddbf9
1c0c33ce
dfe51fc4
36151cfa
fedf1de2
0a3ba939
01b50a28
e10512eb
02f412f2
d5bd36ea
db19ed07
13e9d43a
0e1505ff
9dd70dde
fa1aefe9
e8250fef
f2f62513
0ac83dec
e0eb25d6
b5e0c401
13d02ed5
7b2e16d5
e12e0dc2
0aff20df
0fdfd731
da04cc1a
e4cd29e9
41033413
c2f7f507
14fc4feb
0c46d2ed
f7ecfe02
d906eddc
0ce1edf0
153af2fe
27f5fe09
1af711ef
20f51ff4
02e9f6f6
0cfbf014
f112020d
fae5fbdb
f201f1e3
17ed2efc
0113ea13
bcf10bf8
0853163b
c5fc11f0
f7efa938
f9f8f4f0
c4e2dcbd
f90edb16
1329f20d
2a09ed27
22cdf3f9
fa39f60a
ee0ceaed
deaf07cc
070c33ea
10e8fe07
fb03f110
190317fe
16defebf
f70dfb09
15fbf809
e2f3f3ea
050b30db
41d9a113
16f40005
28e3ce30
21f715ea
0cf009f8
11f50ff7
43e700e2
472ae534
27f6e7f4
100b08f8
cdf6e4fa
3ce2f3dc
df25f50a
470a2725
f8dd05e9
1edcfb10
050e16f2
07561cec
070d1ddc
f3d7d1f0
1d2a1ee2
08e80ef4
07a60b21
04d23b26
d8ffce08
f31e1fe5
e5ee2bfd
f2e7c901
282d0ff0
f2ecfa1e
2c150beb
edd610ff
292e0951
da260508
0707f9eb
dfe7f710
fadd1ce6
27e1e9f7
e9f906f4
58fe2f01
d23d1e24
faf3d030
06dbe9d0
e9eef8e5
10c710ef
edf3a7fe
003d1aeb
f63efae3
a6332324
e20c11e1
2e261607
0b0bdfc4
3229f805
f40c25ee
d0e00dbb
53d413c4
babed904
e8e9cb30
08dab486
3028ef3f
284bed14
c710cf1b
e726cc2e
2f02d8ed
1729fe25
ecf936c3
0cccf855
b19aec0f
3c16fa02
dd08f337
0821f113
3227cd65
f32143fd
cb3fdb23
ea37b9f4
b50741f2
3a7fe81c
d114eeff
50d9fe0f
96f9fc17
f44129f9
f61ae31e
19fd7ff6
f4f8de07
19f2fa07
3e08decf
2508f72b
fdcefc09
422379ff
4e370df4
d5d82ed7
18d1fd5d
bb1218e7
d3ec2feb
17a21bbc
fd64ecd0
20321809
ebc4f40b
18fcfefb
36fa0605
1ddd17e7
0fec2409
f5eddfd3
53acf413
0345e5e6
211706f8
d81f5e02
de34eb01
4fd6f80a
300dedd6
f9caf8e1
4c270911
e40017de
e5090df2
e71d380f
ca1c160a
1bd3f110
d011c9de
3d024131
ca861b0f
d9fb18dd
11ddaf52
bd1d07ec
f86a0221
0b48a35f
3c5721f2
42340103
05f129fe
1dd9d1c4
24031be9
e7fbdcf1
2e1e08f8
050bfe04
c70200f9
28cb3904
ccba3dea
c1c41404
b80bfd0a
e4eff524
ec031110
cd18fa0a
edff8a08
e2d93c1b
e2cd15d3
f4b4f12b
e9d902fe
5bf5efd3
020b06b7
b11b20df
b7df12d2
280af481
e9180008
fcfa2dd1
2eee19f0
063ff729
e5031311
d9e310ef
bff12618
02dbef44
02f40e11
3fd6d5e9
cec206fb
ece20302
dfe9f5de
43350bf3
fcf30fe8
4b1d1c17
d001d806
1b23eb00
17c6ea18
f927f23a
0c53f3eb
3cfc04fa
ef09f801
0137b1dd
d2b8fdfe
0bf5da24
f5eb11f4
2b0730ec
16f5f520
e3fc18e7
03ec17cd
13c83210
12e310f0
e43ced12
114101f8
0c2c4726
172cde3e
0ae408f8
feff2cb8
0df9c9e6
0edb15d9
f0f997f0
1bcdeb1d
2aeb24ed
e8f2d657
1fe909fb
15eec4ee
aa0cee59
031df0eb
0d0c750d
fe291ae6
17eede0f
fb95e321
d4490df1
04f31741
01f4e902
32e2cf21
c8fb36f0
dce009f4
ce152bde
ddfeff08
251af907
fa03f40c
2913102c
01f2eadd
0bfddd12
d61017e5
26073ee4
d90c1ad0
6a1a0ef0
09f9f73b
dedfe92c
07feed02
13f60e12
d1d717e3
570a1fff
3cf2fde8
cfeeef11
0c0cfa02
a3d60feb
3f5bfe17
0ac8c204
ebf9d62d
51ddf923
0f071de2
c4c826d9
53dada19
f4ddde1c
ecf4f8e9
ec4eb9ff
5a01ee12
dc59ef4b
485d1b11
d4d40cf2
ebfa0604
e7e938f2
d1212bd6
ef01d710
db3e06fe
2e18c9e9
29f3cce7
adedfb05
060affd0
f8ccfcb7
052d5cfe
f001e716
fde0f80c
1707d8e4
f418362b
f0f90ff0
f6f03937
d4f7eb10
18f4f408
1de89afd
f43b07f3
180e2123
230d1925
e81efb03
1e092611
27041806
f22313e9
2ce1e70f
e43afa0a
ff0bcf2c
af271238
eba3f80a
c809f2fc
d7f5d215
fb23fc39
e6f9da26
21f605f8
f913fd07
160e211c
d4190af5
09fa010e
04edf3ea
0f0df2dc
092d1109
3c00ef0a
c7c42724
b91ee422
292011ee
e9ef08e9
1adee91a
2b0dfc01
1701f029
e75402fb
12f41108
e814dbec
381bf707
ff0cbf1b
0903f0df
be190a1b
0c2ab30b
fc1cfc09
10ecc714
e2ee18fb
15ec21df
10de392b
06e6b7b8
04e7edda
09073333
0a4d1ce8
f4eab136
4bd6eede
d406fb05
f30410ec
0bfa44fc
20c22915
0ef018d9
340c1fe8
f0ed1915
c8f31b6b
54193dc1
feca15e0
08f403f6
ee1feb08
130ac8c5
c5d21ce6
32cf0cd4
0cd303c2
2908f80a
be03d6df
f002342d
dd52141c
11fee0f9
0d03f50d
e3f90e45
0ff8ffd0
ce9f11f1
f0f413d6
f2e6d5e0
1edfdcf2
3ff9abe1
1aeb0af7
05eb10ed
f82542d3
cdf709f6
18fa2927
e814d929
0305dc17
18f81f02
1f26ec1c
df070cdf
0cf1e3b3
16ed0cf4
e9f4ffdc
2400f909
0ef61c3e
21371601
05a002ff
1c05090b
5226ecb7
dbe0f30c
e616eb02
d7c6441e
81f15aca
f4b2f31d
d51805fd
05ca9fea
b327fb23
fa3af30d
c51036d3
1c1a3f0a
e9472000
ff16f10f
f9c30206
efd33bd7
5ef4eba5
2cca2fd0
2ad515f9
02db2bf8
fcd8f3ea
29fbd10c
f71a13f0
f2291703
ea341900
232d06f8
1cfde1ef
1c264d0a
d2e926bd
00cb072a
015010f9
5c03ffe5
eaf004dc
e0c713ee
f6ebe31a
fb140720
2831fe04
161d22b3
493826d8
adcede2f
1817bad5
f79ddc24
fc25b70e
d6484424
3c1429f4
f6a3abf1
ec451de4
42cd210a
c0312cbf
e1240000
bd00160f
bbdbe1c8
17260b31
2ee5f8e6
f9e708f1
fc52eae9
e927ea1c
05f5f707
ec0ffb0d
e00cedfb
2ae220f6
f10f22f7
01c715ef
452b0f0a
010006ec
dbe304fb
03fc0a1a
e52a0e3c
07ea12f3
f2010e06
02e8f705
06ef1b05
0c051714
2dfd04fd
01fc11f4
d6190f16
1721e60e
21c311ee
d1edf013
e72cf9e1
002f8ee9
cb2bfd03
0004e5dc
c62c04f5
1cd71311
f5cd7f2a
dedd16e3
dee40b0b
81141639
b9dcfcff
510e37c5
312d20ba
202318e9
e3ea2142
be2512ee
e3d23a13
1ad5f80d
3cf313ec
2aebf111
df1d0bea
5dea2805
e213af1c
04fd10ea
22f6270b
1dc9d7e7
e1c60af5
2ef8c33a
f605d308
24e3f6ee
e8bfddf8
dad214ed
39e511e2
25f3e104
f5350ff0
07f337e1
0efaf0ec
340ae102
1f03cd03
d80eec14
08ede002
f11dd921
c5f313ec
f7f2fde9
e0e636ee
efe525b9
f3e81215
f90107f5
f6fce813
e2f5f913
e0de00ff
0301ef06
fee600f7
f3f6e803
d91e42e8
fe2803fc
1d10e4f2
17cdfa28
e41917ea
ade5e5ff
2bb3f7a5
0750fdf8
0c2af60b
20ffb949
d0fa131b
112f191d
fefec244
f3342c01
2804dc02
e5caebec
cfb30c3b
2b3b24e0
e4f4f0c2
15a7e73b
e607fb07
d1ff1513
1b183008
3b36fc54
23cc3cc8
f4e46d89
1e1448d0
1ace0a44
077fe714
281b47f5
531e3404
d6d42f24
1a12f111
02ec10f3
f7b3e111
2bf82156
fd1f0df2
61f5fbf7
c10b0de4
03ec02de
28002e49
420d2cd3
ed03acc8
f8d0f926
4f0c18e5
1beae9d0
e9092e9d
f932c708
0ec6f8d9
bee910f0
4d2e5502
21d23a0b
25f60ff2
f3e9fc40
eb1bce2e
e899fdf7
09efefb9
14b113f2
f2e56b02
c80bfbc9
fcf90af3
f0f6f91a
190c321c
c5e723d0
d1e54118
29d606f8
33d4e0c0
ee2f21b4
f83e0af6
30f8d4b8
22350846
e31cf80f
0d1ef7ed
e81de91d
f410cd0e
e1070927
d3c01ae4
f6f00512
abdb4fad
fa2000d7
45e202fb
2de413f3
d5f61415
0dc7d502
161215ea
09e70613
1de3fe06
e9e5fd02
055031cf
effff80b
faf4021b
28ef0601
1af203fd
10fcdbd8
1b0229e1
06a21af7
292a10cd
29b10601
343dd91b
d7ee2e51
032b0ff1
97ef14ee
c721ee21
020ef7d7
13eaedfd
0f37fc03
d6081aec
f8b9ecfa
f8e2f40f
960722cd
c825edfc
241cbb1b
f80be9ff
e4eaf015
f906b312
1e5c0abc
99db0bf6
3cf30d0b
bf0a15e7
1163edf1
0a01c225
d5e4e51f
efef12d5
04fb3a1c
070f1ee2
12eab9ff
f0acf5c3
bce9f2df
1408e512
59440cf0
d8ff0de8
f127080b
1f3dec12
f21a062a
01ecefe8
0c24090e
03efd3f3
d40d23df
192e274d
3cbeece5
b8fbfd01
f5fd03d4
eb2f194f
b9fa1228
390c1b12
0c47ca3c
14e1a6e7
b634c9e8
34021ce6
fde3130b
27d0c218
d849f1f7
2d03fde2
f91b2bd5
fbd9fe3f
f6d6f138
11d80df4
f5eadd20
5a02f5f7
b2e70af9
26e11512
0cf600ff
eff3e4fa
c8d1c4ad
f2d706fb
10f2fccd
f103c611
4432983f
1af8f0ea
fcfa18ea
bfd4ea1f
c4e70619
1c3e04f9
c9f801c0
242e12df
01d1f629
0cdcfb20
d938e027
f802f819
11ddff35
ebde22dd
f3e3eb44
e907e6ed
f63cdee8
12e7f3f2
f3461de5
0238bce9
e0030044
1b0406f7
1e01f01d
ef0c17f3
c4f443d5
1731ce12
11db11e9
293ae4b1
07e621dc
f8cd14eb
d3f0253f
b00af8ee
cedbf5e4
0d2fc8b3
04cbfa0b
5729f1e5
f481fd31
e1e20ff3
e4ea03fc
f250ef34
eed7f2e9
dba935fa
c4ffef16
21cffed8
f2eee0e5
57d122dd
cfe0bf02
a0f00727
dd09d233
eff5f33b
014a24d9
dc20d9fc
f02dd40f
ed1beb15
451708f3
fdda0103
f72a20ea
155113ff
1042f6fd
e95a250a
331bf511
0feacb36
2433b4ec
c1030854
e10beb12
05ff57d4
05c50401
21fb2234
eb02f7f9
2a2df907
38083422
19ee0d46
068e4fef
16ffe702
dbec23df
14fffcf1
07f917d1
f6f525db
1dddf7f4
22d9e7fd
ced90428
010a3a3b
03bcf90f
2ae8e8f1
d2171af4
cbf410f1
f5f1260d
23dbf633
e1cfeedb
f4012a4b
d101ea12
fe11fc0f
2851f000
e3da03fe
1dffe903
dee40bd4
193ef9ee
dd15fbe1
301ed621
2708be87
1f49fde1
e802f60c
e609d624
df4ac71d
0d402609
de29c819
e8e419e3
1ff93f00
f4bf1ed0
cbef09f7
13f0c2e7
092100be
37f4f81f
f8d305fa
c8c7e819
37afb937
5507e821
f10010f0
10ee0c0b
dd2cf2f4
33e5d903
ff390d18
cc2812f2
b0e9c2fe
a9c801f6
abc808f7
1dfd3526
0bfd17fb
f600e3f1
10f232f9
f806d923
cb2bb7fc
00eaf4f1
32dc07fc
ecf4e316
0e2c0cdf
ed0adcdf
01f2fb09
e9f6fd00
2002f12c
0abdf8dc
0313f10f
340d0bf5
0af819c9
e629ecf8
1df1c8e5
d21422ee
e9f0b713
02effcf4
23c50101
e90107eb
42f349f2
1f304f19
1381ed52
2e1845b2
d3d3fc1b
2b46f32f
c300817f
2f7f3408
18dd3afd
241c770d
10e9fefc
dd14f7ff
7fcfe2ab
d71205e0
e5f5f70a
ef08b69e
af06ec39
2508fb0f
191e42f9
29f7f20c
2bdc04f3
d3f9e7e7
0605fa09
f9004521
4811e9cf
102dd4fd
0c12c8c2
05fef911
a21446ee
cb1618b5
faee21df
d4e2cfca
47e7f9bd
2a02fc16
cd0312ff
a4e9f612
13f4f80c
13fc05d0
f3d022de
31dd312e
0df2f131
dd510fe6
f0fcf21b
2a38a94f
36cebe13
292ae01c
eaf516ed
e0e01a29
06269706
dd1cc3d9
d30308eb
220d0bef
15f416de
eddcdb28
0c18d629
f327d516
b61015db
fd2b0a0d
39f305b9
41e4e717
fe0227f6
08af1327
e8fff40d
f00d06ef
e8dc25d2
d1fa05ef
d10c173d
2bf7f111
27075bea
051e1b1a
e10e18e6
fee9cb1a
f64bf616
0fec29e2
eb1b1de8
0fe602ff
e724eeca
be1bf501
47f30af5
a7f7e729
f82a42fb
f923ebce
014edcd4
008ce910
f72d1aed
253bf10c
bfe702fd
ee00ec2b
f430dedf
efd99d0b
d51d02f9
2210f20a
043a19d9
f6db0729
cfb8eb15
d016f303
f4e9d4d7
5457ea13
6ef50cec
15e7f514
2edfe92d
0ef304ee
fed412f0
d5ec1822
00d828e4
f83df2f9
d3e10953
ee0c14f3
d59bf403
21e448ec
f9392cd4
c1d02a53
23b7d8fc
f9f51df6
20e8ddd2
f83e20de
ebca0af8
cf3305ca
0fe009f6
bbf72ce0
3401fdc6
a950e42a
1af90ff8
bb2ed728
0828e3ea
ed1cd3f0
ed140101
e201d524
c7cfd20f
e2cb1119
1bfd42e2
3e1212f0
1e1de5f9
191cecfa
ece8f50b
f20cd123
e3f3d43c
50f4e743
d922d2ec
fe0506fa
2430e618
f518be18
2f1421dd
28dfbdcf
0033f10e
dbe2ead4
fb0d05fb
ea3a0201
2c20f0f1
212402eb
ffbf0df3
00f50df1
ebfebe10
f8fae521
0ce5d913
be59d330
c10ef4c7
f139dac9
001f09f8
3afbd3d8
2cc1f6f7
c2bf1ff7
09d62fe2
3aabd22f
43360ef2
c9d13630
b5d613ef
a2ecfa33
de07e7d6
9af3fec4
b3ffd904
e823ed16
e12a160c
150cfe15
28dc1ee2
29e607fb
2039dc0f
fce5d9ea
09c0fced
d2aef503
cc2d4df5
2e322104
fa08fa05
e008f411
371ae344
b2dad72b
e1210b48
3b3a0306
ce7a177f
133cee1e
cbb2ee13
3813a50b
028f296a
d1066b63
10231c10
e3e902f6
fb01cb00
f9da28e4
3f0704fb
ff044330
fb0246f3
e1fe04e0
3007ec2e
29331ee4
46261a2e
dbea2917
37e9fe02
1a05efe1
c8bf24e0
eefa2906
2206e404
f60102fe
06eaf012
01b90bf1
ef05f411
00fcedf0
fce7edfb
fd1bfaf1
f61268de
321cf905
e56e152b
1dfd53f2
a01014ea
03f2ea01
3525db44
c8fcdde7
e5f80b2e
e31904f6
07421a22
1840e202
152af40d
150b082b
25efcc2c
1ea8eb2d
dccd1a27
07e5e115
c8f12527
3606010b
c9dcfe01
e4fee1ed
1ff30839
e6fde000
0fe5bb27
e0e310ef
23fcf9bd
2defcd1f
c4b516ea
ddf2f3dd
ecdc0700
192822e6
e0fbe535
e23dd529
30fbfabb
1211ea0b
0f7a0cf5
d5ee03b0
d20bee07
94b2c506
0b5c1a09
037f27ce
e7ef4813
b5a3ec39
d213f20b
7f12e789
eaf219cb
f3da090e
04d4eae9
b32718ea
2cffaff6
2416bfe3
effae719
d91420d4
09e6143f
f6f61438
5a13e8ed
ef171fdc
dbc2520d
2fddebee
f20cff00
19076009
26f0f4dd
23bffd00
0bfbac17
1fe3ec10
160febec
2ed440de
0d15f30d
ea0f5443
e430ea4b
f332c6ef
f1480114
2ee112f3
b7fa4c68
c5e40ef6
35fafe02
f4031412
06de2b1f
ebd7e4f9
dbc31314
0a02f911
1c05ca0e
c4173022
f7f9fb07
c206d315
1dd60ce0
ecf446f9
e5c28b26
314aee0b
fad6ec10
75d07f17
cf42e71a
1312fef3
f538fdd5
0c1bd91e
e50be518
2ae700fa
03cd0606
dddd16f3
05fbf50b
e60dd605
cc3dfd12
172fd90a
04fdcc17
c7da0fe7
bdf0bacb
fb194ed4
2cf5f010
190fe4e3
f642fc00
fc25d90e
242d3cfd
1b14f30e
c70d313e
f8bbe454
c3e82fce
0fd90930
11d9f8f2
412edf20
db04e1e1
dd16f803
d8d45c21
f3c00cf4
352309f7
07f2d954
f731f401
e42d10de
3a1ef2e7
d320e322
f111dec9
16f14744
050012f0
16f3b4a8
bbd92edb
271b1aec
3205d4c2
d5f60200
c4def131
c2b5ee36
26a320de
26e912c8
d9f50908
07c40914
e9d4b615
fc06fd07
e8fee625
35151a22
d2220bf4
e0f7081c
cf010e31
c4db28f5
f2f34f16
22f60ff8
cee2f8f5
18dc250e
fceefa05
0b08f30a
1ce94d02
e2b338d7
ba0d2201
e8eefd04
e6fdf0e4
04d7070d
ef2813ec
2feed327
fdd805ed
0f3df516
f1efea11
2123ee17
0843d40f
54f30935
ffd015ec
d4eef430
f9e6ecd9
0fcc0f00
3a11ecae
3e0ff9ff
12f81eea
28f617fc
63bf03fb
2e09cfeb
f6e62ed4
d30eedf2
420bd49e
200308fa
c3ff631c
b6152608
def303fb
fa021aba
2fd80927
cf34dcff
f1e807f1
ff0e49b4
25f7d22d
17f1f9ee
9839f60a
de0838f2
cba31023
28660818
fe293be4
240bdf1a
211c06d1
981428d3
08b9fa08
0503c41f
dfdae5e7
0dfbdb2c
e6cbf03e
130a0bf4
48f2aa07
d2edb3eb
12dff30f
240bedfe
fc2a03cb
32bc0853
101ce504
0423f70c
ecb6022e
c3320e7f
5ae503fe
f800d600
c9d23a18
ce3c53dd
1d0cc4c9
df1c0cec
07272319
0317fd02
100aef11
ce1412f4
2f050afc
1504d6f4
d3302918
db0cf301
37b820d3
240c6e1d
4702fa05
f300b946
0c22b5db
fe9f0efa
fa1e12f9
2c000af2
062517e4
5015f12a
27ea06f8
25fe48b0
14fde7c0
6556ee0c
ecc23712
c30f23d6
3e310207
48aa4f29
a4e1f60b
e2fff40c
2b42dc16
4de0df3c
090fdbd2
21dc10f1
e313cbf4
df0e0d06
e316f809
0105defd
4cf036f4
fb121cdf
bbb80f25
e802f111
e3e4d733
0e57efc1
152306fb
42f91df5
f7d8e91e
afd308f7
edd61af4
08eee91a
2e241dc5
2b0b08d3
000bfd07
f9fad4f5
2bd50911
123d1ef9
fd011dd8
1ecced12
19f618f6
d9ffefd7
5ebc01fe
ec011124
e31d00fe
08eef114
04f7c5fe
f6ff12ed
3821095f
07e6aafa
25ff20de
efe419f4
2bcaf4e0
1603de60
07f20b3e
0f0c0201
c31aaae6
181b07bd
e9ef05fd
cff8f9d4
23070d1a
0ae3ff09
2e04fc2e
f4e113f8
da16e710
faf5d925
caaf0ef2
fff11d03
caec0307
fdd6eef8
f2f1a822
f305ff00
ef8100bf
d7281808
315bff01
f5ff201e
f40607ec
c71decee
c3db56ee
d8f543be
f4252118
04c9d11a
c71716e9
d7ed1038
06fafddb
0334310b
e4dcfe21
ede5f80f
e928f81a
fc0de0ef
e313ff03
28fcf31e
16e52320
250d050e
2df9f311
bd100ef4
f7cea91f
f02a06c3
fef70ff2
2af2e0ec
082320ea
ef0bffe7
47e1f606
0fd50304
38c64ff4
c3d7fffd
ed260df4
eeec1905
d3d0fb01
e9ecda4d
d2131bf8
ebb2cd35
2c15f9f5
383800aa
2611f60d
1004e239
2ecff0ce
22290f1d
100f1225
3ad9ff0f
d9f80a46
d7aec903
d21d1de2
e3e32214
e202240a
1b25f1e3
04cbc2dd
13d735d0
0c160f2f
05b05af6
bedf0af5
4ff21d08
4f490a00
f8d11433
26275f28
1620ed11
c41a05b8
0a04f3b0
e4f01be2
0cee1bb1
ced20efd
20ffdad7
ea2ac1dc
08f40cf0
f4ffffed
2da909c9
38cfe919
e10efd36
f74df119
0af3cb0b
f42ec7ef
02c816f0
1bf9ed35
221100c4
e5f219e5
ecedf7ff
0aea15e5
e83142cf
e8fdceff
0ad1fa05
f6010b31
10f10115
d2f902fc
170110c2
d10a0132
d59eda29
341a3eac
0dc0ec0d
1517e899
32e0c3c2
f8260cf4
d9ed16f5
357fdd22
5ebbe1cb
22fc2ae0
0b0b00fa
e817191d
02cd09ee
19d1ea16
dc170312
1319fd37
f7fcfb0f
74b4e3e8
fcbf0ff3
d7123209
b4b24d18
3b1517e4
1bf150f8
28db04f9
ed27e6f8
bf0d230f
180a32c1
62fa2b92
1aa0f939
e8ecfa04
d704f918
ee3bb13e
2eeac640
561ceafa
47f810f0
08fbe7e7
16b1d815
99f719e5
f9e9380e
1521f8b5
f8f3f8e7
df2cf9df
fd2629d3
0cc7f417
0ce62bc9
23e0fffe
2dfdebfc
1701dc3a
0ef7097f
2403e5de
f90906f6
11c43374
1fe005e5
dd1dfa05
ca06eff8
ce2c07d0
f71f0306
2a30f4d4
cd0841cc
04020ae3
fdd2edf9
1f0a4db0
e3bff2d2
17caf7dc
050716e2
4e285ac7
fdac0009
f5e61a64
0be50115
15b016ea
fcecfd38
191d00fe
0632f817
c1030613
0e00f210
f4d3ee11
1a05f6e1
cc240ff0
08f00243
512e1324
17d305d7
de0dad11
0a2bf40b
01e603f8
1844f8f9
e70f0cf4
1dff322b
0fbad3b4
d9910ade
07274222
fe1412ed
2c54031b
0fbdf0cb
f5130ef1
eaf16913
300ccadf
37c0f6e8
d1e9dcc4
fbf30bf1
fc2c2c21
ede806fc
2ee60cf5
13f7c41e
ca12c4e7
f0c5fcf2
53dc3510
26d930da
201e4155
3910faae
c9de15eb
02e82454
facdd9db
f9052325
f90bcf01
27d3d827
e538f542
14e6ecfe
ca100af7
e6f3eecf
2f0ef6fa
fbfcd433
f237e1f8
26f3e620
ef0a1418
0200f4fb
2d1e1ce5
1fdce9e3
1ae7e10b
fb50ec09
d4153abc
b60f0eef
2f3ef5e7
222d02f7
fc1ff30d
d30812c3
f80be42c
dcee10f2
f82af6dd
f5ecd827
f7faefe0
0272e30c
341fac58
f6512ce2
09fcbe14
1906f5fd
232213ca
1cbfe717
d01f1ded
ba141ad3
1a0305fb
2efca3f7
69fff124
eae8fc13
c1f6e8da
01fe2bd3
1012fa1d
20e9e700
9114f707
2409adf5
2d2c0e12
5adb3ef5
d800ee34
e5ccfcfc
f90287f5
d39a371a
5b35f707
ba0bd926
b6e92a1d
9e14e532
d5123004
02ea22de
e2f60001
1c192aec
2907e718
f7171f14
f0253758
faf304ea
e403d80f
08f203f8
e8f5f52a
05f7280b
34e311eb
10010642
e012ebea
3c20fff3
3407f42f
2703de24
23df2bc6
fefd1814
f94e1be4
f7e4fdea
0327dfdb
b523eb0e
140dcde2
1b1ade21
d0f3d9de
ca30e805
baf9f015
0109ece4
e2d80a1d
efbeda0e
25e6ea1d
ebec3ac5
f3fe2427
0ce310ff
e0f714e9
1ae90526
001b4bcd
f4e119de
8105fff9
cb2f02f4
f40d17ed
30f729ef
ef1fdf21
ea22df17
08232119
05521ce9
d8c26128
01e7ce38
fa05d7d1
2b20f622
42f810f3
1cf21dfa
d6faf908
0d1ee527
00cb8c3b
22fce21f
3aeff24d
dfcff8f7
07f121e0
eedd0e2e
c0f9cce3
cc1fa901
d3e91d18
e6dc1944
e40bf805
020cfbc2
d0f31bfa
f105eddb
f6c9021f
dc04fa17
f9f7f2d1
0318df22
e9defa02
00f304f0
180ae500
28f11209
fc040213
f8f20a19
06fabf1a
02dfff13
dd25fb30
fff80e42
39dfe9fc
1205bdec
1e14012b
ea0aef12
3ee9f127
d50109f3
3d000b40
f8faefbf
271b0afa
14024df5
f8110c2a
cc09ef22
2ee7e534
ec23f524
121002f7
fd18de40
3be5eef9
0afde30b
d50407eb
4b00047f
caec56df
23501125
01060510
01d5f3e8
3702bef2
d30ce9fa
1c0c06f1
eef301c3
d2dc2111
eb1526f2
0d120200
13fd1d34
fcf70b08
030c180c
0c0dedf9
12fb22dd
efceedf2
fc2700fa
1d04f02a
fd04c8f3
00090a07
0aebf9db
0bfb020f
13f807e5
cffda040
9308e10f
da1e1012
f40f2e07
4800fef8
0afd1115
03250cdf
f81ae5da
2f112416
35ccfde3
ecc9013f
0016dfb3
3e14ff17
e5f9e50b
fbd2010f
f8fee019
d3fdd707
e8e6ec11
c316020a
fee923cf
e3e50705
0ef611f2
33e402f8
fe010bb5
f519fffe
271be0ea
11fe0f1e
fae9e612
f60b07f5
dfe2fa06
30f8fc1c
18f91d26
e7003247
10dc02f5
08e30113
fde007e1
fa0acff8
071a1708
d41e040a
1a00f8f6
32f2b20d
de051d29
bf030df9
09f6e116
ed1418f3
05f90211
1303fcfc
13f90324
df0a110d
de0d12fc
efeafb04
fdfc40ef
f2faf0f8
48f702cb
ece307ed
fffaf91f
0bd031f1
f41cba10
ece7082d
0a2232c5
d20cf8ff
d1f60f0f
021af701
f5f10ac4
d30701bf
0dd4ddfd
0c07ff13
f70be2fb
07fedd08
effe04fa
d101081d
fa001b2a
cc0322f3
20f20be9
0cf5f805
f4f52843
0efde702
1dfb05ee
fbf70ef8
fcfcf116
4f31f612
3cfd1be7
161301fe
dd00ef1e
2be7ee42
1ff8f20c
4333241c
eef90ce8
ede201df
f6f4f805
f2daf8fa
fe0707c7
0412f1f5
e1f8d005
27fafadf
070a1ada
cafcc919
0ffc591c
0eebf615
f916fbb4
00d208f8
051dfe19
0cf40b13
ee110a38
17f7e0ba
f6c6ecfd
c82dfa09
fd0a0049
0609d503
09083f05
00f200e5
f0fa08fb
a62ee015
4400f0f3
1221f9da
00f33119
12da17f7
c5ff42fa
0b06ff03
d8fce4ef
d3180efe
fdddc0df
0603f5f3
fdeaf814
05fc0dfe
e0f6ece1
26010ff3
160b002b
042d10d9
04c5ff25
eacf0205
f701df96
010dfff3
03012f17
fe0a0ed7
e4f506df
fafdd0ed
4e04ea1a
dced16e8
fa103109
0d10e6f0
e0f70ffc
fad50c08
f4001640
1efce910
be2e16d8
33c217e1
00161405
cbecfd0b
19f942f3
ecffffe3
1af5f3d2
23eab8eb
e22fd313
d01f0cfd
01f2fa0f
e4f80a00
fb07040a
12f4ff1a
210d062a
efc31668
3fe3dcff
eaf100e2
0ed43a1a
12ea12f3
0c01effc
2bf3f6c5
02f1f314
09f3e8e3
5625efed
eddff70d
fb13eeb8
e1b926fb
ebf4bf10
f7120806
0f060513
061ed6eb
44033b31
cd1a07f8
fdfdebab
11f1d803
eff106ff
1f2b00fb
f2031ace
f529ebfc
f946d6f0
2cdc01fa
f1fbfa49
43f40ced
fd0bfd06
db2f123c
e6eb3606
32c808ea
ab3ff845
2705fde2
1315f43f
1acf63f8
fcf1d619
3fd5ead0
0a0fe8e3
f907e50c
dafdf4fc
18fb02f8
00f6fefb
00070701
fbfe17f5
08f50108
0f000306
20db2714
05e7291c
00deeae4
f60cd7cb
f4fa05fa
0f17e6ff
f5e808b6
0dfc3010
3de60928
fbecebf8
eefbf81f
071210ea
190ae802
ebf19806
4be6fc14
fefe0b07
f502a915
47a80ffd
fcfdfc14
fef7beb4
201dec07
0a1e0fd7
130e0418
fd04e9b5
010546f2
e9f0faed
f7f807d4
01ed2a00
c7f2f2f2
1ffacdf7
e8fb030a
1afe18e8
f8c83abe
fd5df0de
120502f1
09000006
15e9e3f9
fa00ff34
e110feb4
03f2ebe9
e21b3902
0d19d007
0113fa17
0203f8f9
fdfef802
fae60ee7
fddc0407
0f0be621
ea2522e5
fac7e810
1e11e90c
f9f11e46
e5222902
2d0a3907
f2eb092b
000ddaec
452a03f3
f91f11f1
dafc081d
0409f234
ff14ebf4
0cf0e9eb
2cfffff6
1ff4f52e
0f106ff7
c01e0eff
fb200310
f4eb19ff
2dfbfefd
04023401
ccf508b7
fb03181c
072dcf1e
bef30921
1609f6f0
f9ee17ed
31021306
f9fef9e9
041506c1
0404e4fb
0818bfd5
c6e9f738
ae24fe03
ff0aeff4
03090800
1b1b0dff
fbc50616
ef01fdfe
1bedf731
d80b010c
e00d0be1
1016aabb
11ed0bec
35f81500
f8f1f5f0
25fdfdd4
e803150f
f5172a04
1618f5c1
01d3eb0e
2617f5f5
eff5fffa
12090008
14fcf7f9
ec02f0fb
e01624d2
e6f10cdb
fe07e832
0decf006
4105021e
eaf90207
36fe0f0b
ff4b0c08
0e2acc29
0beb0e48
f8f816cc
01f5f6f0
3a15ec1f
03180c0b
e800f227
f6f60edf
e528d3f5
f21bf51a
f7fc1b1e
1c08cfed
2ff4f301
e001080a
2ef102e8
14e3fc05
f4d1f529
1bfdfb11
010f09ee
23d9f108
3216e702
ece1fb29
fdfd02e3
1fead3e9
621717ff
f3cdf836
0e244317
380bf702
fbfb2ae1
17b9f225
fa0ee9de
0bfdf22e
1cfbfa1e
b008fee2
f9ff042b
e7ed0ef8
1f0f1208
02fe0c08
eefff9e2
edf1ccee
bff1f40b
d8f002be
0308c715
312020f5
f3fe20f0
fbf3fbff
1cfd07f5
ea271f18
06ee0e0c
e40d1115
070a1e4a
0514140f
d1ecf41b
16fbf610
1403f4f7
eec422fa
04c5dcfb
e50710e1
f605db26
0217ebed
3212e4c6
230407e2
1b0afd07
f2ffdc2a
05172529
2f1ff905
fc0bdd3b
f7efd5f4
f303e60c
0f1003ec
fefb002c
d3fe4c2b
26eaeb0c
db00fa0b
042425fa
a4111ff9
01fef3db
1e02fdea
ed0bf327
03da52e9
1c173ef8
1fee03f2
fff7e137
2103ea06
2be81c0b
23f00413
fa03f60a
f50cfc0a
d303f706
0c13ffee
01fbfbf0
1e310308
fc00bbe7
46dcf9e6
160813f9
41b76be2
987f2ee2
3904002f
fff617d8
05eef8f0
f7053bf5
faccffd3
0df8031b
26f421e3
e0e3340b
eefcf1eb
ff14fbf5
01d21806
f80406e8
d40b05eb
ea0eff1f
3cf119dd
efea2ad5
d7090403
06fd293f
abfaea06
f90c00e2
f1f2fbdb
f1f8fff0
0705fbe2
c605cd26
e5f110eb
fb150d0c
f807e200
f505e31a
170a0a35
ed0e1ddd
cf2e0424
2fadba12
e6d800fa
11001f16
eff71106
d30b0de6
19ddeffe
0ffbff01
def9b124
33fe2e20
04edf807
fff9f44f
eb081c0e
0fc00ef9
e9b8f8c7
e61ef0dc
fbf2ef25
f8e9fc09
dbf60a03
01f7d5d7
0c0df9ff
25f3f805
d20bfefd
19ec0bf3
df1741e8
db0bdefc
12cb02e1
fdf9fe0d
e405f7f9
07efe00e
ffe60512
fe0a0afd
feda17d1
cddeab1c
0716f7f2
fc04330d
17d3c9f1
f60be4fa
e518093e
fbf1e90e
3006ea07
304e0c12
fd17ee3d
0c0206fa
2b12f70b
e1ffe019
2a04f635
0efc0408
18ebeeec
0adfdee9
5812070e
032ae725
fd0522f8
02050bf5
f9fe01ec
0b06f5e2
3d110132
f9dc22dc
9501090d
ffffd97f
2bf2f708
e9faf019
fb2b00e6
fe1cdf33
130c0ffd
160bf206
10ff06d1
0ee412fb
eaeb31fd
effedb03
04e6f402
f703f106
e2c8f5fd
f14d0036
ff0a1515
02e91ce9
a411de90
f92cfee5
bfeb0c04
191313e0
1c03c4ee
df2408dc
fedd0601
fedb05e7
03261bfc
0a0811ec
f8e30103
0e04e221
feec5214
18feced1
f8d9fbe4
fb050a0b
0103e7fb
17f7f800
25e20906
21e70b0a
1eff34ad
bff8b6e1
eaf30022
0f182618
07c2fafc
f7fdf403
5207f42a
fe0c0aeb
ac420845
e23d1f28
0f1210b7
fdfbb8ec
0a1039ff
f20bfff8
ff070000
16020c2c
09be2417
c8d6bad6
f811e331
fbc60bf5
ecf952fb
1b173ee6
5132010a
ee0b2109
0c05c80a
2f16ccf1
a6fd0ede
0afb06c4
2be6fb07
02ed4612
16e7fe07
1bf122fa
df1edbf7
3bfbf9ec
ef15ff10
000bf3dc
f9d6f0ff
c6f01dfd
f011fff4
e405eeef
e8aa48e2
26f52c18
cbf0fafe
0905e031
07f30efd
f0f8f2f9
0232fdef
010410f0
fc24f7bc
0a0ccefc
3e27f5f4
fddf490a
f4fe1d10
07ff1ae7
2cf6ff11
d6f9ffea
05f54635
c2e70125
d6f9fa27
fad5d914
132a0f08
fe003c08
0413ff2d
d107fdc3
dab4ff38
ec0901d1
db12f8df
fcfbf9e2
bbea0803
d0fbe5fb
f4e4fe40
ecfd18cf
0feadfe3
2a0ce5d1
203efa05
0203e51e
de020107
10041a08
072b02dc
d107e52c
d2dbe435
27fd7ffd
ffe71026
fde8caab
980d16f8
2014d2ff
fee3043f
02ed0fdd
0cd433e0
d1bb25f9
a9edf825
ff05e600
fffb1900
f0f7d11c
20ebfd15
00e311fb
faf4e4f7
1a4b14f3
dcf508ef
ed02c9f6
ef08f0fb
ef08e30e
fdf70f18
e0000a1d
e91ea0e8
02fbd8e3
d32e0a16
09f83ce1
f5ea0bf2
00170515
ecdf0302
070a04d7
d52bf5f2
e10bebc4
c61504f8
20dbfe0f
30fb0805
1c232d0e
3804e4e4
d003fdc9
0ef90504
102c55ee
160905ef
0ce828d3
3ef90af6
ecf9f202
f01ff4e9
f5020e12
ef18eef4
b826ec09
0d0feaed
0611f425
1efb1d07
f71223fb
f719f90f
0d06061b
dfcfe6fc
21f402fb
fbff13e4
00101ef9
031402ff
160816f0
fff8fdde
d3eff911
0bbd2de0
110bcfdf
3a1dfb31
ebeeab14
ca230efb
050ed5f5
f11d10ea
0fec1621
4f40191c
1cef0efe
25e50312
f4fe00c7
f6fdfd0b
e3f3200d
b1fa093d
02ff10e1
26db05c8
ee011e02
e7edebef
f31c14a4
01fce508
4cfcd10a
db1004ee
dc06131d
04bfe8d3
27eccfff
cae813df
f5fafccb
d5e00cf5
1ff90eff
ebdb07c7
ec10f8e7
faccf8f3
1b0a2921
f6fbfa08
011db144
f2f41600
16fb030f
e907fe0e
32140208
4719eed6
1ae9f802
3111fde0
00d3fbd1
0adaf8f5
280cda00
eb05ff00
e10319de
19e1deb8
39da1f20
12ef04fa
08130a28
f4ec2d06
e403f1fb
fb06fa0d
b7eedecc
eb0f38db
a8a3e5c0
0ae610dd
fef51c15
0ce8c1f8
1f12261d
31110507
2df40f1f
f2d85ff4
c901f207
03f2fcf8
f5f6fd46
e3120903
05f1c1fd
c404024f
f902e4f7
1f02ba0e
f9dafed0
fcf20406
00045d18
f31e0df9
e6083302
b407001d
0007ffe6
f6bf0bc8
eae6c4fe
23f510db
0febe6ca
071922fc
190627fc
2201f634
fc0ce821
f51df20f
0bd9fdf0
fa0ee91b
fe10f928
18fbdef3
0d200bff
18bdfccc
defcebe1
3cf0e7e7
11000bed
e42105f9
ff18e4ff
35da03fa
f8ecef11
0ceffdf2
2801e6de
a9de3cd6
33e81f26
1b21fb02
fb201340
1611d5f9
0214df0a
e3d50211
0e0afce0
28110a44
072dda24
d40c02d6
fe152cdb
2a2af000
f803f3f1
0125061d
00021c22
f7bb0ef6
f6fa4f13
03000be6
02d9e4a7
17081406
1bf916fb
f3ebfcd2
f9f408f2
d5ce23e7
ba12dff3
de0d03e2
fce3051b
ec23e3f8
fd033309
e70c0734
11f70cec
f4d10601
d005edf2
0dee00e1
f515e818
c72dd70d
ea0bfb00
16f70b04
fe04e22e
1bf710f3
e324d2e4
c8070bed
eef8023c
ef0cdff0
fe14f7f7
071912f3
f90c271d
1af9cadd
f6eef552
f4fe01f9
01181013
c8f620f9
12072dfd
1100fb1a
e6ec1a03
10ae31cc
ff26fbfb
d4ea0e1a
f8e72aed
e6151a02
0af52df1
3cdb05af
f3fff9f5
0d2759d9
ad2b1250
4e1807cb
02f31557
0e20e4fd
ee02db09
26cb01f4
0001ebe9
dfd9e535
06ca4322
f2ee06e4
ff08e4f2
f80be3f6
1204c7fd
030a0204
faf80b0b
0e0dd604
f3d3171e
f5d6fe11
fe10e6c6
f7ed04e8
fb180119
180b0706
0803fdda
2015e8f8
a00bfa25
1ff4f914
0326f41d
d8e8e0fb
10fcf7fe
22fdfd3b
2dfc0006
2404fff7
ceeb05ed
18f60107
fee52a10
d9db18fc
021a030c
001303d5
c7fbf9ff
01fb3305
ea2808fd
1023f925
0418ccdc
10ee15fb
fb221806
4116fef4
f6e823ea
1615e4ae
f4264bf6
f803fa23
0803f029
e804f006
24e3e8ec
0818f7dd
05000215
155bfbd8
db00fdc0
1afdf0e8
f31d3102
ef10d40f
f2f92ff4
07ff04d5
f8fee609
dcff1423
c7d32906
f0310c1c
fce902ef
d4d3f2f0
f70dec23
f70a0828
040eeddf
01fe1bdf
c227e257
13eb06ef
fee95b39
261f4904
211816f8
d21a0a05
edf302cd
17c710d6
0a0c0609
de210710
ff110b23
36fe0606
ec11eafd
edebfe2e
190102d2
e8213411
25f40f05
caeefd09
04f7e5b7
e72cf1f1
f90724f5
f10ef819
e50901e5
fa30d919
40f4eee5
eff4f80c
10fa16b3
de1d0101
09fde719
07eef0e9
1b05c9ff
cf18ed49
5ffbaf23
d71dfdf9
0a16e2d3
cef7e4fc
1106e1f0
172cfbe5
0e0312ef
f90932f3
cde8e1e6
2a09040e
fcde4eb4
c603e1fa
05f8090a
e4070308
140328fb
00df14f7
3727f819
07fb12c9
092410fb
f30ad00d
081bdb0e
e124f6ef
2200f640
222a16e5
22fe17fd
ff15f02b
00f51525
5c193805
c51bf7da
d3020810
0525fb06
f81edefe
f8310fc9
c6050d29
faec0a01
0c110205
effbd622
2f10030a
fc05fe08
fb027fd7
1edf3207
faea13d6
04f7e60f
2820eae8
ef1edff4
35d700f8
d30a0a02
f7e013d6
cb9ee0fc
ccea04fa
fbde0bd2
3ee3f8f3
ddf4f6ea
f8f6041b
1cfd1500
ebfdf209
1cc83b11
e2e5fb23
04fd1bf8
0bebbdfe
0e0cf30b
053801fb
f2f402f9
3928ecfa
f5ead4d6
17f901dd
f9fb03b5
fee8f5f7
e60519ec
cbeb0fe4
1bf90bf7
feeeb135
fc0017de
cc2e0536
021fc8c0
f0dd0f01
f3ff03fd
c5fe0411
01140cd1
f3ed18ba
ea1997fe
27fa1503
f90d1cff
110ce708
fcf5d5eb
d5f30903
cfededdb
34de05eb
eae7281b
fee209f7
f50cf431
e90fdd00
fdf4ec16
00c60e04
fa0ff207
d0fb0014
e5d7d8ee
5f0d0719
0008e3e3
44ef1f05
e60d2e2c
f21400e7
f807d43a
2ff70da0
acbdebf3
e024031c
0405eaf1
09160904
f4f5020d
21e0ff22
ed10d6e9
d6cfddc1
e418f10d
21f6f522
ffe937bf
eb04faf3
1dcdf914
f50b04de
0505151e
51d1af00
3a22d40c
18e8f62e
010bed38
1426fc0c
fcef1b1a
e0f2f9db
ccf01530
dfe8fc45
f300512b
0bd6f536
0bde2116
2d10fafd
b9ea10ed
c8f7f205
0d1002e6
1aded128
02110a19
0ee40a43
fa09dd03
01181609
00e94800
e70004df
19fdf2e9
fcaaf7f4
17ed24e8
253f0308
080510fe
3817ed00
d2f93308
b52ffcdc
250f14c1
0ae912fc
f00eef14
21010623
11f20d06
e8fe1ce7
0aece101
e902f7f3
e410f5be
093c162a
01f72545
1af30016
edfb2d48
eefd0b05
0d034006
442611e0
edfee025
18f31a1f
22d7eff6
0aed0ebe
0904cd23
0df61afd
ef0af316
4f57f712
e505fd11
ec340023
e4c2f915
021f0409
f9df2705
cbe0f7fb
00f2fbfc
eff705e3
03fcf42c
06da06ce
fc06e9ee
c2e5e6e7
0feaf0ef
081c0207
0101ed09
1ed7f2fd
0bf42bee
e80d4733
5de33af8
10141011
0103f1c8
1b2416f9
3de9f9f6
04dd04f9
0df3eed7
f9c2aee7
2bb0b9ee
fcd8f92a
09110ab8
1308fee1
81dfe5f0
a6c7f814
990af203
7ff31812
7e12daf0
e422f7f9
f01ae430
09101a08
07e5fbfc
09f90a23
36fe1025
cd271a14
18d85002
e919ff18
f7ec053e
baccf8fa
ef04ed0b
0b250908
d608002a
09f6e4f5
be3a760b
06caf9f0
ffe1c2f7
e00fdd06
e5063aee
2101ff42
0ef9eee3
1beaf2bb
04fb2d0c
fc0ef535
fb100e00
2a0beafd
ed0135f4
c83603c6
e10b011c
066bc5e8
5e08ee0a
172e03fb
f6eff8b3
3bfd03fe
e7f93c03
c4e80515
ff12ec02
e316e610
ef162013
3ce40f1f
0bed2d04
1ce912ef
ff08deef
2bf7fcc0
24f01008
1426fe11
383c1e07
10210424
05ffd6db
041a1706
191e2702
18f2fa21
0cfddaf5
e4db1cd2
40172404
b4da09ed
0fde3202
0e05d5f6
f8ff0412
1af0f7ba
10ef0318
2808e716
08fd1cfc
b5ccf0fa
0802dbbf
e1f02afd
0b1d32fc
f1f9f71b
11f407f8
f328093a
e336051f
3ce7f517
0eddadbd
e1dab6ea
1320f00b
0603fae4
0905f0d2
e7fa96cb
fe17e810
03040702
05fcedfa
1835f5fc
2bf71013
fcfbfdd9
f208f21e
06f8dbe3
4df92fd6
120a0de9
0405335c
e5fb1403
f2ff0d13
f5f6fd44
0506f415
e4b8e7de
1523e002
030f0cf1
fdfa05c5
fce90306
f4f91e28
4101ff23
fefc0928
1fff04bc
4feb10db
0d05fa33
0216d6d3
fd2504fc
130518db
fe370013
530507ec
23dceff2
46fff0f4
33d905fa
f2fafdd9
dffae6f7
0d0e0511
171d0ffc
15fc03f1
0a149f9e
f3f7e1f3
06fffbfb
faea10df
2313d401
02ebd405
2a170136
0b07dd35
f9fcdfda
4ce9170d
2bf30a0a
fcf6dc06
fb0cfaf9
f8f30aed
0fc00608
221015dd
1c19194c
f2816e81
d9368111
307fb20f
7f7f7fd4
d281197f
7ae7d54c
aadd9d64
c8c1f40e
14ead9c7
30d5ec41
06eee524
e4e30bfc
00fcfafe
04eefbfb
23f20c16
e0bce928
290dede9
f50a0b06
fafef50b
f70306f3
1a10f0f8
cb11013b
dc06f718
3200e618
cf4a1afb
5e811025
6f1a41dc
5d01375e
4de89d13
c17f8174
817f7fee
4ee713ee
1f39a2ce
fef61132
f4f8fc18
35db0afe
47f9e900
e8dd0905
e600fcf2
da0e0393
fe14fc03
f4ddffc8
ffe010f0
faf0d2f3
ebfc050d
0004fefd
eb0bf204
d52bcdfa
fd43f1e3
f3120e17
0505f240
47dde2f5
bc122300
1a080412
c8ef200a
1ef24846
36d103f7
f008fe14
02f621c8
0d091505
ea1ef10f
ccdefb22
05122613
f9fafac7
ea072f22
f30110fa
02f42812
15ecfb08
16eed6f9
27effb35
2a0ff558
f72fb028
1a16d7e0
e91cfc03
06e70720
cc0927f6
18f7100f
c90bfd09
e00226f7
c509e050
1013fb21
24e816fd
0522ed24
faf009f5
10ffd6fa
0c11f31a
f404d6d8
f40fc913
13212b13
ed48f2ff
0af9c3fc
1d0c1cfc
e4fd11f9
ccd6f61d
2dfb16e4
1942eb30
1e2c0504
0dfcfbe3
fe350a03
ba09dffe
0ce3ff0c
f6f50962
f0f60381
e72503ee
1eb0ff25
060506dc
f600f822
01e5d9fd
fbdce10f
f10105e5
1c0cfbb7
3ad502dd
bf1d0ccf
a42c08da
02e117d7
2e0ae6ff
1916f6f0
060bfa0f
fc00e02a
edfa1ce8
3bcfc6e9
24ff11d7
f532e8fe
c3e01104
fcd92902
f5f10517
f616ecf5
19f00b09
351fd9ed
d807e1cf
fffbe807
f9010908
13fb0d23
32c2fbfe
dc1ff2d1
0e2027ea
3e17f4c9
ffe9f7e3
05e107d1
e5041b08
ed0ddce6
e71dfd1d
fa060dfb
0416e425
ebdaec16
4ae601dd
f701153f
11ca25f5
fdf0ece4
ff0808fe
f5eb02e9
cf3819f6
d8f1d4f2
fb0702ea
0ded1ad5
e6f4fb3f
0bfae614
0320e9ea
15f002fd
1be005f3
cdc95411
22eefce0
f9f5cbe4
15f81c01
3014e107
092606d6
10060e31
f8d5370f
e501c32a
07170412
06fb0318
1b271501
14fa1be2
06fdf602
f0010622
f4252d32
25dfc030
1b1cf9ca
f1f74629
faeaeae8
fafded01
edf41209
f301f1b1
050ab268
d0fe11f7
460ffcf2
ff03b795
f405e9f5
f315f00f
f804ff1b
27ef0344
55f2b343
27f7f601
bff3f90b
00125a21
0e09e902
dafee6ee
0425012c
eb01e503
0c01101a
e1e7de0f
d6f6f69d
f41fd060
1a231a00
2f21dcf4
dfd40a20
04f4f91a
13ec2cf5
0edeffde
180dffe9
feea2925
071208f6
0516d8f9
1707fed8
f50515f4
0123060f
ef0b31dd
0b14080c
020eb409
17f3f5f8
18e5370b
ef01f9fa
fff6e000
1b08ec4b
f3e71713
3631fffe
0610f009
cc1b1807
e7080308
f1effb01
f51305ea
10fc2105
28f600f6
fa10012b
0316045b
2815fbf6
f5ff131a
062e02e3
f0fe1eef
4c2610b7
b1f8da10
0d1a07ee
f71510d0
d2f912e5
200fecef
e7f60a00
0cfa0900
0d0422cc
18094ef3
7fe6fc0f
ef03f124
ef34e7fa
3a272b04
daf30b23
d7eb0ae6
df5fd12d
b4b6e82f
a952f60f
0d022601
f402effc
dbddd408
abaff3b8
130425bf
1f03facb
f3d03423
0a080139
05fee506
173203f5
0003e701
fdf2ffd4
f9080225
11101116
d3c7ace4
3fec0406
f8fb31db
15e9efef
f7f2e015
f93606d2
e7fa0316
f903120b
dcdf0605
1b04f3f6
f7f727d7
0b3803fb
2916e7f8
030b0b38
2a01fcfa
df152eec
0b062bfb
fff6fbf1
fbf4f5ff
0ae9f4f7
f0fbf40e
13ef0617
36000701
2201d1f8
f7ff10f2
07110b1f
061d08a7
bad800fa
06e7ff02
200dfbf0
d809f8ff
e2f7ee06
0de93400
f2f90522
fefb362f
f8f011fc
e9edd823
e52103e7
140810dc
0510f5f6
e0ea2d03
3814f014
f8e7f5e6
fcf800f4
e5202117
dc39061e
fb070d1a
df260c1d
df234dea
37ea05fc
faf9fce7
f50ee003
d5fd04ce
f00b0229
d00e0715
31370be5
e11f19f2
2607fe0d
01ebed18
1ff505f5
06f22ce5
19f0ff0e
2107f9eb
05f92c2a
db2dda0a
f2d8fbe4
fe26e8f1
5908fcf6
0ff70501
15dafede
15e42041
e7270727
0bd803fc
14e407fe
f616ebec
3820260c
e2f9d8f6
382003fe
eb0309f8
35e507d1
06d5df0b
c00b0a20
f404f821
f1f909e9
fa13240b
31ed12e6
09101303
46da2027
22cfd8f0
14140e06
010dabf2
190b04f3
cf0643d1
2dfa0001
07011801
da062ff9
fe318301
2b1df507
f402ffd7
52f40002
031bec0d
301010cc
f507f300
30defbf2
f6131f04
38df072c
07162045
27e9f5ff
32f0fcef
7ffff711
09fef0f2
15ee3df7
f2fff318
30da0e00
fe0cef14
dd093904
f0d9e309
f5faffef
33fadaeb
1506ec06
07100607
e1260409
ff0d1106
31ed1905
fc05e802
2811fb09
f904f9fe
e615180b
2f26e2d2
1a0d0906
fbee28f6
e5fbebef
f7f90bfb
3dfd040e
e2f108e2
f52e81bf
fedbc2e7
00f20bfb
fa0df4c4
15ed20f6
1407bd06
01fa09c5
be01f4e6
1fee54ea
eb07f2dc
eb15feff
fa244105
110b0602
f7210201
49d708dc
0fff00f8
05ca042a
0707f322
2913181b
fafe051f
fcdd0c02
0fff08fa
2c020607
fd07e0fe
e7e838c9
cc160e2f
09f3fd39
edfb0cfd
1e0730ea
211b00ed
f92017f3
00f6fe15
2ade063f
08bee222
2cf9fd13
f7ef1ed5
ea1cc8f9
ec040300
f9fa0a28
f8071304
ffd3ea06
09dc63c1
f7f0022f
fb11cdea
fc2aecff
f5f731dd
1dec09b0
000bfffb
f90b3ff5
16e5f82b
d9f90afd
0704f74f
ccff0902
0a12000f
0906fe0b
f9f8fcd0
0503f1da
0201ee17
f8f5fa14
04f502fb
180feef9
0ef5f6fb
fde702f6
06ec030b
d2f23208
eef9f9dd
e40417e4
f62a9b49
01f8ea04
44fbf50f
dde90519
0bfaf108
faeccba7
2be0fc00
e9fffffa
0216141a
f609f2f5
0efde3f4
d916ff1f
fefbf8ee
36d5d0f7
d222cbde
0cf4f30b
07ffdc44
d2bb03fc
09040ff2
def1fdfd
f514f020
f4d1f432
f5fcf8f5
e6010402
030bff24
f0090df9
ff09f3fb
200103f3
e6fafcdd
c2e8c20f
19f4401d
2b0f06f8
0306df23
22e4ee0c
f503f2fc
faf7ff45
f6f5dc03
0ec2f410
ee25eefb
3d0604dc
fa053cb9
ea0fdff3
20091808
08010225
f3fd0afb
f8fcfb05
0a010207
f8020206
fbfbfe00
0105ff04
fefb0905
f9fefe07
02ff0102
2613c7d2
14d0d10b
e82eeb16
0306b94a
21f02405
0607e2df
fef8fd10
26f31cfe
143affe9
10bce6eb
1b16f0cc
052ae96f
7ae13e7f
edb31d20
3bf0ee1a
efd6e71a
2947ce01
12c6daf2
35e51214
e0ef0526
1e0bf40a
dee82eee
f2051e6c
fc00ef07
fd090267
37770402
cf30f60d
ec06acc7
e0190733
2af4121a
f0180fe1
01e7f0f2
f52c54d8
dceb0b1f
e5ed0722
0148ffea
1be1eefa
b50ad2e0
f325fe29
09fd0cd7
f620f307
0f19de1c
37fefc0a
0c1fc312
fe09fb0c
f91eeb05
c409f720
1702f72b
2de02ede
f2f807f0
6d250201
f80de4dc
0601f905
12e1afef
032406ed
0d09ed25
05345a0c
ead31216
0318fbf3
ffeefbff
edea0700
0100e904
dff5fd12
deef14f7
400bfbf5
3612081f
59d6ffe8
f0fa0b19
1dd4f603
dcf8170a
2aef0b0e
0906ff03
0e1afcd9
09dab731
043dfbf7
f6060bd8
00f1edec
0c02f2f1
34fc11d7
0f081012
09f915f2
bdfcf504
d701f513
f310072e
df300d07
03f131d8
fce10a07
c3070038
f621f030
fe0d2306
00f9fc14
090c0def
daf2f401
0eee17f9
3319f51a
0cfc0cee
e507e10c
0a0e18e3
d724f7fd
0c13eb05
a806f415
ef18a6f4
1003f507
eb07dc24
160408d9
2be6efff
f3f315d6
fddc2912
eeff3e01
fbeb2a10
260504f5
f9f20d32
1a01dfef
193eddf5
d93e0623
fc0f0a0e
daef2205
11fee201
e709fd12
fef8e61e
23ead5f2
d8d4cc17
340903c4
fff7e8cf
3ff7eaef
cd0ef6ef
1506054e
27f9c9f8
f5faeed5
a5c33d0e
eef4fbf5
fc04e23c
06fed6f3
da27f9fd
ef1c06e7
1dfc17e4
30dc2319
b22b1be7
351710f7
0525f3e8
ebf90405
0d032614
311afd03
2b12edad
07fb0a0a
080b08e5
6219f4f6
fe13ee05
23ce1f02
1ded15ee
0318020f
d30711f7
f02ae321
21f2ed2c
eecceff4
1026da04
eefbeffe
c4e6faee
eb1ef10c
d0f90ef8
1e0cffd4
0615f70d
331c03de
f4f1e12b
15f9fff9
3afcddf4
fe13090a
07120bee
ea311035
360629fc
d104fa28
051efd04
2b0ce906
0c0e250e
3200fdf5
eb03ea13
16cb02fe
f50420ed
1e1606d9
fbf34636
0a13f8f6
f3f923f1
054b06f7
0e0212e6
e4eed31b
1be0e501
dc1e0bed
f6f3d131
0a392000
ff01befa
d5210900
19020c39
d2f3f837
20ff4114
f306f300
0f2bb71f
24f013f0
31161b07
f9f1002b
1e0e03e5
ffed1b08
f59f271c
d7e208f0
00101029
02c0d5f7
fef3e0f9
d3f20132
51fce831
17d949f5
28dedbe8
f62906e5
fb043ffd
02f6e7f7
0ce5fe11
2517061c
ff2cf1dc
0512e0d7
3932fb29
f4e2f87f
f5df35fb
f327e9fa
e10ffa08
f3fd08f9
ecf426e9
c9215525
fbca61f7
ea1ef735
fe182cb1
fe4103f0
010b0b15
e1320714
17f81505
e71e0f0b
fee3e309
29fbfd27
0cd6eb40
cde3deeb
0902d40c
e9cdf61c
fe06ec30
1cf03b13
d7f4add1
e7d5f3bc
0903310b
1310dcff
170c1410
0c17fee7
fa06eb49
fac301cd
afa7f7f8
2504f1fb
071d0b27
d4f51201
e217d6fd
f0dafc31
14e50b1e
f2eaf6d8
151e32ee
f009f821
f9faf529
fb19e4fb
ebef13f6
ebf7040a
240bf226
d6e4eeff
1efbf401
e5e6f6e3
f2eff3be
ded7cdf2
f90819fa
151b0de2
02fcf81c
faf5bb35
a9144b1e
b71103e7
fd03daf8
f9030a0c
eff9f3ff
402a010f
eef00ca7
d8e6f5ce
e106dd0f
2fc703f5
04f7e637
f51f08fa
110fed12
0900ffb6
e0030df5
fcffd6fb
05e002dc
f3d5010a
0bf14a26
3904fd0d
0400dbfc
ffcdf508
0d051504
cef612c0
ac34f015
18f3f0f2
f30cf4b9
db0deef7
f700d50c
db030ff5
06070de7
d619fdd2
f25a10ea
0fdf04e2
f8323a42
190132e6
000cf7f8
f7ea08d7
23fcebfd
04202e16
ddd0d4e5
2401fc0d
07fb0bca
df470d03
d4eafcec
08e6fc03
f7f310e7
0e5acdf3
2ceeae18
2ffff719
df043025
cc0aeb08
ccccf1dc
ac071e34
d1011c17
c816f3d1
df1c2421
30fa0c10
00e5cdec
1916190f
04ec07fd
0be7ff31
160cf50f
0303f60b
f00fdc3e
ef14ff3a
0ffef823
030f1fef
0ef3da01
340cf1f3
2c04071f
f1bb0aed
ed0d0e01
4e01f417
ebfdff2f
05cffc0f
030e02dc
01e50e07
ee0e1107
ccff3b15
07ed1308
0512e90c
fb10d7ff
34024810
03f90807
d90104f9
df0b09e2
e50d18f3
d3e9ea3c
df060621
072849fc
f91d030c
02f02105
0704f9e1
0f1006eb
e1283ad1
171fe902
02f403e3
07efdcf9
1a2c18f3
2bec02cb
061f0100
07f504c0
144803f3
caf1faff
09d8f90b
ff19190b
e1d8fcf2
f4fbe9fe
06e100d5
2c0b04d0
0b2bebee
f11820e8
edfffa1d
0bed1815
d52325fd
dc010ef6
e52af71b
cd0df903
e429f608
ef12c4e4
d7e9fe06
f71fe405
f2e4f50d
c7013af0
f20408b9
030afaf8
f828f717
13d930fa
070ffa35
000517c7
d7e2f600
081c0915
06e8fded
00f7f8f5
f4f40ce6
f2cfe4ff
411a0700
061af764
e106f3f7
ffeaf106
0a050234
3c0c1948
eed30c02
4ef602d3
e1f2fcf1
fd090dc6
1205e207
0ffc1cee
f5f405e7
14fefd09
09f5addb
1a12a425
0dd5f503
01fff72a
17f400fa
fc01eb19
b701fda6
fafc133d
e2cbd6ff
2041522b
9e0b04f2
050123c3
d5fe310d
d519080e
d60bfbe7
f106de04
0c373601
17073715
241a0cea
01fedeca
3ccff500
0207de13
11e3030c
f9fff822
f4e90136
60d0d602
2cda0008
f1fbf4fc
d0331b04
1df914f6
2c061104
f9ece71d
2121d438
231508fc
a8fffb0b
02e6c826
0f0fe305
e5ffcef1
1a12fe0e
edffe3ef
f114112b
322bfb09
3708030f
060bfcee
fbf4faf4
f4f5e4eb
fad4fb04
edf4050b
1a20b5f5
39132029
1211f0fc
fb020504
010012fd
ed0cee0c
fd1104d6
f8f21ef0
24c8e810
fb1d1708
fd26f9ed
06c612db
070ffcf9
27fc1116
d9190112
e8fbd8fc
020cea55
2ffb3723
e0eb0a1f
fa09d41b
ffeff706
04072221
15fa06fe
f317eeed
eafadcf9
d6fdf107
43fafaed
f90edc37
081de7fb
e50db9f8
ee1005c8
0202fbea
f51cf4f3
81cdb4ec
57f002e9
dfdb1722
4304cd05
5511d50a
2f0d23f5
fc0210d7
d3070545
e2eefbf2
e410fe0f
01500f26
02e62603
10df7ffb
04e9fd3a
e10cf948
2f3ef1fa
cb313e15
15fcf628
03fd250f
e2dcdefc
ecf850f6
ec1eff12
daf7eef4
14ac3504
2b070258
c84829e4
7fc6d47c
b7afc21b
ef3533c3
c5928f81
44e605f4
010005ca
cceff80e
2ac90101
05fbf240
fec623f9
fbf6c7f0
02edfbf5
f5f3f2f0
f6d13309
181206ff
f125f3f6
05ff1bce
07f810f8
05e6f7f9
dbdaf81e
0e1ce0e5
35f6fae7
b81eb6ec
e001f330
f6f336f7
151721ed
f8ef0af3
bb1508f3
e7f40808
fb810736
2511f6ec
4705f9f7
f2eb39ca
13f8dc02
04fa0eec
0c060df2
f602ec21
cf04131c
11e13a16
1d0f0615
1913ebb9
fd1309f6
f01520e8
3813eb25
f715f418
d82ddc0e
193b2609
f9360902
04fc25e1
1e06d1f3
05ef00f8
f7190330
f0f805b8
fc20ceaa
561111e5
e9ecf810
02dfe50d
2703fbfc
0a19efff
eff600ca
dd02e20c
da39e627
20fdf915
fb23040e
f330e018
0315dc06
e40deaff
2afc041b
090c0e38
ebd9f226
d9041023
26090d16
fff2012e
d008e6ee
12e4f80c
e61905fc
eeebf905
e324c2f9
32f14f10
e9f212fe
fe20d213
001ddcf0
1e09ea03
f8f105b8
e3060ce9
e9f7fecb
cccaf013
fdfef3f8
01f40f15
0b041700
0de6e6e9
eb05fe02
e3f5da15
ee129dff
4ae60dfa
18130bf1
fd20b61b
de0cec07
fc08d921
d01504f1
d5010d0d
3ef49709
0635ca2f
ecfb04dd
02081851
ef19e202
19f800fa
c1defb19
2804ecfa
1df23f20
29d0f8ee
0ecefdcc
f9d581c3
c606f704
06e7f903
01b40850
efe8fbcb
15f10af0
f80be0cc
faf405ec
edd713d4
26091e08
1a2d0de3
01030d29
e20b1b0d
ef3606b4
2af96b1b
0cfbf6fa
fef4daea
fba017fc
fb1202f8
e91100ef
43fc02fd
db10dbe1
151bf0ed
0eddfc29
f91422d6
e7ff0b02
d6fd06ee
e1ed0c1d
fa08ed25
3925e247
094e24d9
15d8fd23
00f1d9e0
11dae601
0ae7f60b
2bfa0107
e0ef03fc
3be3200d
0a045103
08f5f3cd
01133708
f8322a03
0ff427ff
3c08feb6
f3fffef3
f3e7e3cf
69f81e07
03daf51c
fd13de02
4da7c309
fefc0c18
eceefd47
fdf8e61b
d9fa35ef
d4a5f7d5
0b071534
ff012901
14e81904
1a03e5fd
dbfa02f1
0305fdfa
06ebcd2e
c221e710
e3fce70f
0110e2b7
0d240701
09eaf4ef
f0db02c1
dd03f013
0df60612
e5f913fa
19d107ec
f6ebdd01
cee912f1
dafb1afa
f5210de2
20f4fe20
19f5e602
34f71adc
b4f5fff7
021841e1
e6fdfcff
00070105
082afd16
25f8f702
10e6c9fa
0a272bda
dcec0ffc
10020e12
2a2114f7
220a37f1
2bd1f6da
04080be1
0d04d006
f62605ee
ed1c0216
07faced0
0cf3d4f7
e30d1913
be01fce7
16fbfef7
342be1e5
e813c629
f401ffd9
070309c7
97f6d7f7
21ed1200
5aeefbcf
f8031031
e3022821
f23d34e5
cd0202eb
fbe1c123
03341401
2af9f106
f41904e7
ea03d137
4b4eb00d
09bfc2c6
e0e405ff
031c1720
fbf60f01
2df1f0e8
f1fdfe0b
1b03e4d9
ffea1b23
bffffe32
301e0906
00f8df0f
36f00901
0ff6e20c
1be00404
f6fb162f
062f34b4
d6fddcef
0ddefec6
edfe05e9
16f9f7f5
2c1012f3
d2020bf6
0809f4f4
0a0108c0
52f63c22
261bfcf7
0711ddca
07060105
19f6d325
d4cdfa02
3df3fad6
44e8d1f9
63cb3bc2
0dec0101
070a4501
ba0c2303
bcf13ced
00d9f5ee
f5070051
f8e8ef00
0dcfe9ea
e2e515e1
fafc09d4
c9211ff6
f61a0c16
2b1202cc
0df7e401
c81658ef
061901fb
e4f2f801
fa06dcea
04f80204
ea101af8
1e2605d0
bd040b11
e0fac8f9
f51decfa
30050b35
00faeafa
dce523fb
0604d9f3
fef200d2
36ff1900
05e73f4f
f3131d00
dcf1f1f4
f2101e00
f90a0903
050218fd
b20e0a1b
d40409b8
04140132
d6fcec11
d7fc11f4
000ee755
de13e002
1f0af615
0dbafd1b
050af6e0
d0f8dbf7
044df821
0d10ff0b
0104521d
d623fcef
01fdcd18
c81003ef
2c001300
2b03b912
0026000e
3eff01a2
010b0aed
d2ef1dfc
26f8e5f5
2ada01e9
eb1e13fb
e7fd1436
f11c2d11
28f00106
faee07f9
cbe80cf3
0efb02e8
f11c0fdc
08f1022e
df080e3b
f20b2ad9
ddfe01d4
f4f222c5
2714edfc
bf0808ed
da4106d9
270ded03
154bf417
3b47dbe1
f622f925
0df1f459
e305f6fc
d2e3e017
d90befff
0b14f9c4
0d1600f1
f2f327f6
e02002e2
fee9b442
e9170c05
dfe2b50b
11e209ef
0d0021ed
f4f148f5
fbf1d3f5
c0f80d37
fcdfaae8
381f4c01
ef1df9f8
faed04cc
fd111500
2eeac848
c7240325
dcede7e6
fcfa1027
efffcafa
dde7200b
07200b0d
45fc0add
07d8f221
3d220efa
ef1504fb
f91ddc2c
cdfef6fc
f808db0b
2a0707d9
c5f8fbdd
04309624
d543e3e6
eafdf8e1
ff1226fd
48e31901
e41df6ee
c2fd01ff
1006f71f
f61a0e31
0d1d0008
fe06ef00
f4f4eebf
c0fa12f3
2502180a
00070dc0
030103fc
f3b1e00a
d8e136eb
d62bf2d5
0302db21
1bf41302
fa00fd22
f70af8dd
f1011ff8
049ce94d
3705d325
d2dbfe05
05e62124
b83dff04
04f425f1
16eef7f1
ff04013b
10e9ed32
35efc5ff
ce2005f4
04dac613
d8e4dd02
0700f913
062afbbd
cd08dfe3
f20408c9
25311a21
d6fcf805
0208f702
ddf40503
11fe1e1b
fcfcfc3b
dafefe4c
09d3b9fd
0cfb0ad9
eb35fc02
fdf9efeb
f4fb0510
f4f847eb
f8df0013
d30c0c0e
0e301eed
3404e8eb
16f303f7
04e405fb
ee103bec
fe08f900
f9fb03fa
000c07db
02081836
f831e60c
a3f9f5e6
030135f9
160925f5
edfffffb
db13ff1e
03070b11
2a30f165
341fddcd
25f5fb25
03fe190f
e2cc14fd
da0423f2
0eedfcff
ec00e7fc
ddd3c27f
14fb070b
d40403f1
050eccfb
08d9f804
f2041cec
1737fb1f
f702f4f5
e4d91aff
2b1950c0
e4180303
181643bd
cb1aece2
f74411f1
16e0ef0c
48f00a2a
231fee3c
fcf758fa
acf11015
fdd5dd13
e02749fe
fe1fda16
16e904e5
01100be1
12f50ce4
fbb2eb19
05fefae2
04f3fc1b
ef0c050a
e2ffe5ec
f32cfc2b
f402fafc
cbd81c43
d4e8ccfb
b704071c
fa00cdc2
18343301
060b231a
e3ef02bb
36101232
05f5f04c
e4e1d700
27f606f1
07fe04f3
e32a17fc
de24f715
f4d9f92a
00030a47
02232fc2
b6eb1fe9
28e7fcd7
f9eb2206
4c001ffe
11fcfcec
f4c808f0
dbf3f4b4
f7082e1e
e50f3313
29ed08f4
f414fce2
08ea1c06
ee063c0d
c5290d19
f7f30149
fbc8f1e1
07f0c0f8
2c0c08f6
f51dece4
cd06170d
dff1e2fb
e0ed0dbe
1c132204
27eaf459
25260ce8
abcb05f5
0bfae61a
f80d0d06
14e9edfa
ed01fbf4
e108fbee
dcf0e71f
f74a08f2
ebf3f1f7
f4f4f218
d1f6fb00
fe1505fe
ebfe10dc
0e0efdf4
db013cca
23e416e8
122e08d1
1d0917d5
3a1bf833
1b4327e9
10f8e2e6
49c4fdf7
1a305a0d
43e52836
011a0915
fc3e4e00
fed9fc09
e2f9deec
1e030116
18f10001
ee26c4eb
1047ded3
2bf8f1e5
fdfaf834
f6fffe00
130023ef
4217ff1a
f5fb0a06
15f71fe9
d324ffef
2fe7f6f8
03fdc601
e0e628f2
ea1926fd
222000d5
280e1530
f10eec13
d6282d06
03fdf2f2
03dde429
12f1fdfd
e1db28ed
e8100015
2dff1405
dbdfe1a8
401428e2
14ebe91a
07ef403d
0816e305
10041c14
ef0bf931
000df9c5
1d033626
1e441305
323101ff
f4f944ee
e020dafe
f50006fa
fdf00514
f8f818cf
042612e5
2a18dc0a
e1e717f2
05e8a72f
23ef0df6
effbec15
f11e0113
1b0bfaf5
0bf7a64c
05d04fdf
0d1208bb
ffd1b332
ea1ad302
f101eb06
060005d2
ce010635
f92ad2fd
e406dee5
e7deff0d
0818440d
fa0b0a03
ff09ef12
220af8fa
32031e1c
c64ff4f8
f5373704
0ae7f0f2
f81f08de
0a3f2007
f9e80904
f50702f1
e7f0fd03
11ee33f2
283de20d
fcd3f4d1
f71323ef
20c9fbf0
cbed0713
f60c0ee0
d516ee27
7df0e967
fe000820
fce70bfe
c2ed3f0f
b7eff320
020533ed
f6c01a0f
fbdcce13
f8fbf70f
fefd1512
f90de9e8
fbf9dd23
bafc0e0f
040af306
f23ef22b
fcf3d513
f4fd1edd
ff06b808
f81ce306
090d0502
0900c9fc
02eee5fa
f1f408e9
160ac950
61f103c6
f4fdee00
ef01f32d
d9ea3f15
510eeedd
0306d0f2
d313ecdc
f30100a2
0404d417
f93745f8
fa0ee012
e612dbaf
43fb17ec
0702fe0c
0129f517
02063edf
e4fd1407
faee1ff5
16f02814
15fbe0d5
24f41913
11f9132a
ec69fdf7
e627f0e1
ef1810d2
132bd504
f8fb24d9
f3162fdd
07efc51d
fa0b31e6
0f4503e6
0fb317d1
22fefbe7
fef5efe3
01e413f8
0d10e3ff
f5f5f70e
f7020a13
03f3fa0f
facf1bde
ee0317f9
f4da0efa
0af1e3f5
ee4cee3b
f5004dc9
040bd2f2
f440ef13
e52f31e7
17001112
00c73ade
f5100dd6
0f07e7b0
15230c1f
ecf8ef11
121cfd04
0c270b38
34ff0a0d
fed73a09
05f0f7c2
f63a00e7
070d1a0d
fdf4faef
f911f8b5
ed33fced
f8ef12d8
052beff3
f806ee12
00c6f217
08f70004
07fa02d6
05c4e6e0
e40b01f7
1909f2f7
fc440c1a
f718e919
0d28e229
050a17ff
05fffd10
09e8f807
170bd7e1
950a00d5
050ddf01
151b0245
f4e9fe0b
e601ef24
0f0409fc
fedefaf9
160535ea
fef0e716
f902eddc
f0faec22
36b10b26
feffee0b
06f92a07
f9110801
fa132812
d5f9eb00
082132f8
05ebfd26
fb13f32e
38e2e9d9
fefdeee8
f10211fc
e7e204fe
f309dbd3
f9c81a23
0102f44b
ed3e19a3
a602d01d
f200fd05
ef09fd02
eae6f523
f00608f5
f1e441fa
0b191003
fd10e90b
3a01dc03
f7061bfb
0dc21206
02aed1db
4e021a1c
dcf3f01a
0509f1f9
aff402e5
1b38c32a
c3eff22a
4e0103e1
c806e508
13fcf2d4
061c1d01
c4f60919
a90de612
30fdf0b8
0de8cdf4
e70200ec
0d10f329
0815fffc
f5eed4fb
10f0fc0a
09b1c419
1efcefe9
0909ef0a
11fe15ea
f6bf0c38
f008ff0f
00f6e944
000f0118
fdc30122
08eed5eb
fc08fe05
f608fe02
f30d0bf9
d40f3d18
011b42e5
e42f041f
f912e706
f3fbd04d
08f60ef5
f6fafd04
113b2fde
e700eff9
f0d31519
dd14f6b3
13d821db
fc0f12fd
ff0308fb
f7d6f6d9
0018fef1
d3effe34
f2cf11f2
ff161042
f2de26f1
e80010eb
0c0f13e3
133a06e6
1f080ef3
090b10e1
f4e0ebf5
20fef8d6
1ff6eb40
18f7dce7
1200000c
e02001ff
f3e0e127
be11e209
011c4a0e
1a0ffde2
c7ebecf2
0e07d52b
f1ecec28
19fb0f03
38fc14c5
ee14ed2e
0131030c
f5e8f70f
e4d1daeb
c9fdd9f5
01f91d19
2b1d06e9
052ae7eb
dc1de0e9
0a04260c
080df7fb
132705ff
b2f3f110
130029f3
1d350321
090723ed
29fa09d9
f8c917f2
e810f239
005df326
2e01e5ce
01080103
0ce308f8
45f018ae
f001df07
00c22ee8
eee90b1c
f50a000f
fef21ecc
faf6e625
fcfd0be1
1d300634
fb08ffcb
ed2db202
11fe0032
fed9da11
f505ea0b
0dfefa14
17040a1a
f9f00a39
36f8e55a
16de1d0e
00150166
08b4b816
2a0115fd
0e0ef9d8
dc08e0f5
fcd710d6
0d03ff09
fffaf806
0405030f
04ed0016
f9ff19f4
00f90509
f21b1203
050ff9fb
4ef215e2
f9db322e
3af512c6
19d0e4e7
2610be9e
0715e1e2
f4e1e6d1
f652e208
01020205
04e0ca0d
f0fde216
fcf82631
fef4e7d5
0001edef
0822fe1a
f721d0f5
ac06d3cc
fbe8bbe9
f20deec0
1f1efacd
f0fb0619
f508feea
0e0d02ed
f01a0ce5
2701f00d
fde51b24
fef1fe52
daebfc1a
e8fb07de
0ef2f30e
e9ee0bf2
0fd3d0ce
1af6ee45
02d2e9fe
0001033d
0ee7f3df
f8f90cf0
0508f9fb
2212e5e8
f1ff060c
28fe08b7
fbd6f301
11f802fb
0cf922e8
29001315
fa0b25fe
07f50001
f52cf41d
0f0ae5fc
f7e70e1a
03011d08
c2fd0c21
480d1bdb
f9012003
05e90704
fbfa0bc2
780707de
001604f7
f7251ce7
df042a48
28fa12bf
0bf3f4ff
1e1e0023
0ac4dc2d
ab0509dc
f9d51c1d
f614fbe0
c4c1f9fd
e5051002
03f4fa19
e325f5dc
fb151acd
0a0ded45
fa0fef02
e7f901f1
c527ceed
e5f5f8f3
fb03bbfd
fcdc00b6
fec52238
1a1103ee
fa321bf1
16ffeb2d
00551400
380ff129
ff070815
eb06ffee
051a1a02
ea0a0be9
0aebe617
f321ec21
f223f6f0
bde01a13
160803dd
e1d717d5
ec21d359
eefcee08
00e6fe26
f308ffb0
12fbf4ff
f3f5092c
090af6fb
f7cdfada
110802ea
eaf81024
fecc021f
dff2052c
00fd100b
7000f625
f6fbf01f
fffef921
ec0cc601
ca202df9
f4d5e9e8
26030b62
390dfa07
adf230dd
0d07ef1f
0ef818ff
fc14f4ce
db0bd523
f9cfe5e9
ef170532
261ae9f1
06f6e436
13f5ef0c
0d1004e5
fcf63424
150dd011
06dbfd0d
14f1fa02
08de2509
fd061735
fbf3ef1b
0e1bee20
17eb05ed
0c00fdec
0dfb0b3a
17290a44
2fe2f20f
1bfe2b27
0014ec0e
dc09f5ee
200a05ec
17f5e019
f4f31ef1
06db1150
ebe52228
24fb0b33
04f50cee
0fe1f8fd
f00ae20c
201e0f0c
05f617e9
fd09f31e
052e070f
0af304d9
0b09f5e5
1405ea2a
0818213e
12100cf9
0af4fdee
1dfe140b
08190901
d2f2e500
f014dd1b
f4def9ee
faf30cf7
f01de113
f9c01137
2316dd18
c748c5fa
aef038f0
0ff72418
1c0cf9fc
fc001fdb
5ce90336
fd301104
e9f8e6d3
001efcf5
09ec0add
0a1a180c
0cd5f8f1
0615fd60
44fcdbed
03d9ca09
020a0edf
2202f906
25f91837
060c04e8
030310f5
0ce0f328
ee1a1b05
fc330a1b
180412ee
1afaff0f
9d1b0304
f9ffdd18
ff030cce
250ddbe1
e7e5e8e1
0721da03
fef508ee
16390116
f406fbed
fc00390b
21feff48
f9f5dbcb
7ffbd427
01d9a82a
dff0f512
0b0963dd
f0f78b0e
130dfffa
2a1c27c4
15c6c8ea
1bec2e33
fbffd5ed
0bf6f9f5
e21bdcfa
f00af23e
f8fff512
11290013
03f60a07
c2fb12f5
04ffccec
0926ef45
080c0823
2c001923
fcfed003
dc9affdf
ef0502fa
eff30cef
f6eceb15
07f4e9d1
dff80ee8
d50c2803
000815e8
00050509
1ddc033f
bb03f8f9
12d90beb
0719f1e6
2dedfa12
e7fe2506
02f90b01
4714fbce
f9f4440d
0a0206ec
082a23fc
1513e0bc
fd9c1901
28fcd0f4
ef19fbf5
0b1fd729
f404e1ee
c50bdf0e
0106292a
d9ece839
3bf43337
eff5fb18
ff0714f0
dff706fe
0f40d9dc
9800fd0e
fb15030b
e60bf50d
161eea23
fdf2fa0b
0afde1fa
0a1d0701
fede13f6
09eb03f3
f72a25ea
160f200f
ee02e5dd
ea08ea06
1203f5ef
ece2fed6
fc10d729
40efeefb
0adce31a
0100fbc8
1e22173e
e616d6f1
f605ffe4
1828efdc
0b1af0cb
df0620f9
ff1c3719
14fef9fd
34daef29
bff61d18
0b08f417
de1fece5
0400161d
02fbf2fd
00512223
f720ea0b
dbe5fbbc
230eb6cc
f8f804e0
15c8ff03
d102cfb1
0c06d913
0cd924ef
0d11eed3
ee1a2df5
3bfc26f1
0c020015
fd25f70f
0f1b3e03
be13ecd2
f203ff0c
e8fc34e7
3732f605
15982dd6
750416be
b215defe
44016a10
0af5f904
ffe1f702
f3f5f1c4
0ff8eaf2
17f835ca
02ff1a0c
3504fe2f
080c20f2
f209fb04
f7212f44
e8e7262b
2d2b1243
3311242e
07ed050c
1f23f7d3
0133fbf8
f1f8f0d4
0c251708
da01068e
ffd8080e
f6f6c020
01f8e7f3
fe200d0f
e4e02ef8
d20913f4
00152308
e409163e
07e00447
14ee2308
fff5e8f7
fef3fb1e
2b2907f6
2aef0ad2
ff07c609
f1f719f9
1b9a141e
d10dcc10
050aef11
fc29f7de
083f2c07
11fcef04
022f08ec
fce4022d
1c9202ed
35050000
fd0113e4
fa24dfcf
e3fdfb17
fefd21ec
02092347
1622f30a
db27f001
02fa1609
00f820f7
0bd9ebec
06bceb04
d8091011
03fbc4d9
17f5fd12
d1eed61b
13f70611
0712260f
281a0f2c
f30912df
c80c0a0b
01c3c519
fcfbeae1
f22b0226
03002a12
eef5fdf9
eb1a0708
2516012a
26f2dffc
0207ebf4
eefa0704
eb0dbef7
34fde74e
f9081af9
0df0251b
1c4215f6
110ce8fd
0206c3f0
f8eefb63
0df00bd6
20fffacd
fbf70406
0e0413f4
f232fc3e
181cf3ee
ff0b10eb
1adb03b4
ea020e13
fd090603
fb0322fe
1a36fdcf
0417fa08
d4031cec
fbd0de27
140007b5
0b17200b
e1e9340c
03f9f6f8
f44619db
043e082f
cef91927
031226cd
fb151830
f839fed7
780b0110
ff092905
e9fb14f1
0805ee02
d6f10043
f0f3400f
10f2fe0f
f009eb20
38062914
fafa05fa
06d8eb0c
1614001d
2e01e2e5
fd290713
f8020eec
ec24f8d8
e7fffbc7
11fa01e1
16cffc1f
050813df
dfebd400
1cf83522
06fffcff
de2a15e5
21f147b7
fef1e4fd
d8e00106
10d041f2
17f40624
0c10bae8
1609f0f5
d51adee9
f50e1929
0ff3e3e8
0912f834
0dce0505
060d1118
07f51609
f40c13ec
0a240304
0506fe01
fcd8150a
04f60f05
ea0d12f3
0606ceff
034eef00
0c18f2d3
eaf91912
0900d5e5
05060105
f4f8f10b
fa2c24f8
f4190716
f1d502ce
08f8ebbe
0fb5375a
f906bbae
03ffe211
f468f107
0ee6d5ce
f6fdc2ed
f831f736
fd03fe25
04be34e2
a0f98128
f0f7e20a
05c1010d
001ac53c
f7f1cc0c
fc20c019
f8e5fdf1
3ce5f3de
dbf7bcfc
f6030513
21e90530
12cb2802
0804d7e1
f9dec503
2116061e
005b125c
d0e8fafb
0405f4f6
13d20410
d60b0ffe
fc05f9e6
02f6f704
160a0808
f2ff0b2e
ee04300e
ff04f30c
0e2bfb37
0c05fe13
cc1a08fd
0113b90b
18f5f327
efdff2fb
e701c310
12ff02e4
fcf3fd3b
e5f1cf08
d6fb09f7
06082bf7
f216f515
09fef317
0c02c8d9
f9fb0af8
fe0507dc
21eed0f8
5cf31ee5
fae4e619
f3ee05d8
1a6e1033
d8f0fd7f
07071ce3
f90a05ec
fdf0e3d9
e503060a
ff1febf9
f6f006f9
11372cf0
c3faeb2e
f8fbf31c
00fcfe37
02ead41b
a9faea23
00fff73a
ec17f8eb
37ae401e
ce08fbf9
0bff090d
09fc1d0f
f9fffeba
fbedfa16
0a07c304
15e70a2e
3532f706
7a08ca3e
0a0401d5
e61b141b
f9310c16
0020f313
04ec0b07
02f52a06
010218d3
f6f9fac8
0e030702
fe071cea
420309ff
97fe0f11
02b5ff0c
0910172c
053305fb
46f11e0b
0506f7f2
1a2508fe
0ad8ec08
42f1ee23
feb901bc
e51ef91e
29ec0521
f3f7f026
020501ff
fbfb0243
feedfad9
ae09e72b
f903b312
13feefc8
fa204b94
3c0f0719
fdfe11de
2beafb08
e9ed3d36
0901380b
04ca08fb
0ff9fbc8
0db40701
ee06e72a
f902d709
f6c601d5
0df9fefd
e70f0a1e
f9edfafe
fc0df8b5
ecace30e
16fa35d3
0407f4ff
e70bf60b
05b2d414
db10e6f2
f6170bfa
0af9e708
37351528
d61211f5
f20bfe03
fff306e8
e1f809e2
f30216d4
ee12169c
12e3eceb
efbcef0e
d8fe19d7
0ef507ea
0ff805e4
1617d5bb
610f09f8
05cef22e
0602262e
e60ef7de
06fcfd15
06fbf70a
0e21ec28
f606dedc
39f90b37
fb1d16e9
ff10f611
cf26f1af
22fc2b13
fb01e7f6
e910f4f3
e403342d
faeee5dc
ff16e412
09ff0012
c4b3264c
da0429f1
07f70300
f2f5effb
0c260a14
3703f3cd
fe16defd
14080c2f
cadf2702
c2ecfc19
091dfe0d
040218fd
e534fdfb
28012338
f905f4ec
f6070dec
151e111f
dcf70cc8
1407f9e2
00e8f4ff
07122b22
b9e80e21
0356a7c9
ede1e4d1
a6473116
cbf260f9
0508ffef
0ebffc06
0e17f91f
190be8ec
fdf205ec
1eeffc21
233df41b
1a05f7ff
0afadaf8
05acffed
22f0deea
fe050dd0
0129dbfd
f3f41402
3dae0ac0
0dfefe27
070731d8
eff80eec
17c9371a
54fdf105
08efef0d
fbf7e712
fad1ebf3
aef9e803
fbf2ebe9
0b0ee913
f8e4e0f5
ebebda05
fcdfc00e
000c1a0c
234ae529
2708030a
e7fe31f9
0ae5f70c
0f02f339
d001feff
f707bf02
0edef811
00c439d7
46f6edf2
11091408
150eee03
140141e3
e40414f7
f6e11809
fde9eb18
c41640e0
eaffd7d2
fe0013ea
13a31af1
250de30c
db13e5a7
02fdf41a
0c1cece1
e0e0f3ce
ea00d51e
f7eb3200
26161907
07ef1bf4
f40304df
080f19de
fceb09e4
fd404aed
2c060c0e
18fd1201
fafc18f6
06e206e0
0bfb0ad8
10d81c13
f1311df9
e9e77103
19ea270b
ff1b1b0b
17e215f4
0f41ea09
1cfb1840
04060a2b
ff13f620
e9b5f4e3
cc09b0f9
07fbeae6
0ff0f9fc
11edfd04
f5f409c1
feba0212
ffff16f5
ffcae5c2
e3021410
0801f9f6
fe4907f0
02210f47
170405ca
09e1f7fc
05ee013e
2f09fe05
30f8d4fa
f4f012f8
fbaf0afc
f9101f1a
010ddd2c
f7dc1600
17f808fc
95dee95f
c908e8c4
f903f229
0306eb12
de3c21e3
09fce7e5
fe0807e8
e2eddf07
2329d701
ef0a0cf6
01ffed0a
05fcfb0e
fe0d04dc
c0001ed8
0023d908
e1ff21f5
0cbb0c17
d2e5f9e8
1af815f7
0dd30819
ecc1e5ed
02f9f8c7
fcc9f5e4
dc03e3b0
e5e0fde1
0cedf0c3
0c04f7f6
fcd6ec03
efd209fd
eb01e6e5
ffcf2e01
0eec1216
35c729f5
f7042aea
08191a0e
fb2a01fb
04f30511
3ceae12e
f0c932e1
03f6020c
16b0ef29
04fa10cf
02f3fced
f4f1f915
d6ef01f7
dceb0005
fc1f130b
2909efe5
0053e005
12ff01f1
fef5ff07
ec76f8e4
ea1df357
d50f06f6
f705d1f9
19f4ec19
26f713f5
c2fdfd24
f2f71318
f31316e8
1368d01a
dc0d17f8
f23bc1e4
f6ff0c00
210aeef5
e2fa280c
fff61b20
f7e9f4f6
f7480fe7
1cfde2d9
0013d4f3
ddef15c4
ee2dcfeb
06ef12e9
fa03ec04
094bf314
1fc817b9
f8f81908
014604ff
e51103fd
0c17db23
1a06fa19
0112f506
fdedf913
0900f902
e60816ef
fcff0cf7
f7fc0116
0b18dfce
fb03013c
0f0ddafd
0e1ce62d
36280cda
7df1cccb
0715261c
f11a190c
12ce0317
2f07d71b
f4fd07fe
27051c1e
fcfc1afc
05e7d406
0e290dfb
060208de
fc06e9bd
1eed23e0
05f409ef
0d152c1f
3e29d81b
f3040110
fcd61701
19060cf7
432fedef
0ef809f4
f8fd3406
e6e605fc
0001e3e6
62effcf4
04eef10f
ce121133
26e0ca0f
49f5ab0a
0304e208
fcdef7e1
ea4518e0
b1f806ea
081b24f0
09fcda0d
bb3dd82c
3ff4f7e3
1d0200f4
150301ec
fdc648fb
eafcdbf3
ef0f2505
18e507ec
623fd7d3
09ff19df
f3040bf2
ea2ee0b4
c2dafcff
20ee20e6
09f20d1c
dc0e2437
f9f1f8e9
fc0d1041
0afff31b
f10404ee
fbe0c840
bd14301b
fbf11dfb
ef0027fe
06ecf523
1c0116f4
02f92f11
15bf00e9
efc002fc
150b2be5
0eeee5f9
0514e0bb
04dffaf3
f2fb1dff
fdfdfaec
d90bf3c1
da03f2e3
d60ad422
fc14c516
07e4f7d5
a90917ac
e1fc1907
08f4e30f
ed30d8fc
edcade9b
b8ecd8e7
0851caf5
08290e0c
28e2f54d
f3f111ae
23190124
faba0d4e
0efa2420
f2f9f41c
f73c0f07
03f912fb
d03fef07
2d082dfa
f616d0f2
38f2eff1
0b121bf3
2702f9f0
f717c223
fbfff800
08ed062d
02fd39ef
04fa3105
0309ff05
fcbdddfb
c7fcd493
012a1803
14e7fa14
f5ade204
f6fcba32
f8f8f506
0fb2fde2
103dfc22
5301020c
fd1f2302
170bf92a
0ebd33f7
1bf21bf7
05060706
133bfbfc
00f1fe0a
100600e6
fcdf09ff
00f90e23
b8e8e8e3
b1f7c601
00011bf8
1361022d
0af7edef
1b03f626
03271c07
f00610f8
fdee1ae7
dff302f7
12f7f3ea
ee18ee2e
f9f50ee3
27080401
0661040d
11f4f90f
dc15d9ef
3914b40d
fbfc16ed
1512efcc
1915fbdb
d30ffce1
080dc611
150910ee
e8e90f0a
1f05fcc3
13f117f8
19c4fcf9
01c30b04
fe0c0201
083df8e4
fb050c14
2f2202d0
14f408bf
ff0fea0d
090cfcf3
d50f03e3
df0c00fd
05c803fb
ef0ff83f
ecb01626
fddcf900
1708e3ea
1fe5f622
dd1c2e05
7df105f7
03f81214
f806def8
e7f8fcf5
2e04ef0e
070326f1
0eeafc10
f8e8f615
2b01f73b
03221117
01fbf1f2
f1f408ff
49f7f230
fcfcd8f0
fa09fa05
e0e610d6
6e02ebf2
0122d7f9
0219fbe5
fdfe0ad4
d0fc20fe
fbfb060b
ebd4f707
fd87f3f2
30ff12d2
0005dc05
fa0ef0fe
224d0cfa
4a034419
06e91409
f8fd14fb
010efbf0
e7f3ed17
f1cb170e
1413efd7
0ff6f4c8
d001265c
06f8ee0e
0faf080d
fdd1f410
690df0d2
ff1bf20d
fe021119
2c52d128
0bf7bdd8
fe13ff21
030203fa
0cec1ce0
f6fb16f4
faf8e13a
041ff701
015a1ed3
b602f249
06f200f7
0bd9f91e
fb27e4e1
6cd7122d
2bfb7ffa
7fcac706
0bc23b06
ad81e12a
3881f37f
7fed3714
df44e710
c1fc1027
041017f8
f90af136
141df208
08ff2820
02092cf7
ffeb0111
2b01c5e5
0cf921de
ff33f702
1206e9a4
010421d9
dafdeb0c
09fb00e5
e9faf123
ddf5130c
a07f816e
7fefbb81
cb7f7fa8
a3171d15
5262e242
b5157f19
15ec8181
bd32922a
180c0efe
f7ed2c12
ea23f4df
f3fde4d5
17eff0fb
fefdfb06
04e311ed
e7f02611
f815face
02fe54c6
f7ef0541
0114f1bc
cb0408dc
0dfc0ee8
26e80109
2705d727
1bfed026
fbcb3f03
0af1002d
d75523f3
e20e1202
0dfc14eb
f1130044
fc3d12f1
fdf5faec
064a3ad5
1109f6db
d72d030a
f1fb39ff
fe02cb22
fe0ef4f0
11c9ef35
ee0323e7
04c31429
0c00db18
08dfd941
d702ee1b
f91213f5
f6f2090a
0c07e42b
c2002e1a
0229e4d9
fa110a0b
e251f4ff
fcf2f21f
09f11a06
f3030014
20c4f3fc
2dfb0e03
0edc0729
0ff50cf4
ecb52d02
bbfc1cf5
11001900
17fde21a
13f7fdf6
18ffe1e0
0a3dc611
0efd1afb
1af5e729
11fd2305
03fe2412
e9dee5e6
f735e3d3
440af4f9
f656afd9
ecf414df
11b4eef2
19f82803
02f7f819
f1fb213c
302b311b
e8e4f20a
fbe7be0a
2a24180f
fd0003e6
ec0dcee6
03f0f413
e0f4fde2
11061ffb
b61204c3
06540829
fcebfcf1
2add0117
12f9dcf8
010bea11
edfbe9da
ef0521ea
3201f823
fb2b28da
1113025d
1e700712
19f8d8ef
f709ebe4
e2dae7f6
f50edafc
4b03fbe8
053cedde
08e5050c
22efedb2
20fe0c2b
f618000f
0826dde7
09e0f83d
1e02d8dd
03150007
0103e8ef
01470f05
fbf72a31
f8fd012a
070b091d
080523f0
fafdfd0c
f8df60e5
d20b0e07
16e738ec
e50aecc7
0a06fce5
071200c0
220d1127
df03060f
17ed22ec
f7eee7fc
d7cd0cfe
0232fee2
c102f711
07e10113
e407fb33
de0307ef
fa2721ff
0207ece0
091ed711
c804f5ee
fff6e50f
e2ddfcf4
ce25de31
0c03f303
0a0be5e8
f715e006
15f2d724
42f8ef25
00f1110f
0fdfdf0a
0dd70ae8
41230fcd
ee35fa03
0f04e93a
0afadde7
1bff1f5f
17042608
2b22ee2d
d6fd07db
090d2728
013be9e4
09e2f9ef
02f303ff
25081721
100b0913
db37f70e
081a03d6
220b0d42
ff81552e
eee4ed17
2c6c02d3
1d029bee
fcffe2f7
c21eef29
e1d60ac3
ee0606ff
f7f4e6fc
e5030fde
f337021d
68f7c7f4
01facb07
fd02e7fd
08d8f621
f205fadd
011cb8c5
f506e512
f8fe1232
45f30f26
08fcbae3
111b09ff
ebfd27e9
fefee1d3
07d9ac09
0124fb00
11fede12
2c042fc4
08f8fef3
10f9f6f9
26f4f527
a20515e9
06d4ec00
ec0c00e7
0c081006
f3fa2404
0006fd0a
11271b19
fb2fc9d2
f6ed07f7
fe22300d
f9050d09
2630f5d3
ce04e9d5
0a0cfa0e
f3ebf4cf
0eea04de
bafdf6f3
f6faeafe
1ce7022d
1af1d3f4
f7fef40c
22fc0300
e5c605ee
fef2171c
faf8f4e8
f6f21bdf
effceb1d
14592ddb
ecfb22fc
040e1710
f4d8f1f8
dcf53a08
41f4e942
0c2c13e4
150f0597
fd3ffe2c
bcfd25d4
050815f0
032b0621
090ca9fc
fcf62d20
0069ca24
eff61822
1920c6e2
fc06e8fd
0a07dcf6
1cd6e903
e1f90eb2
fe0bf0fb
facba13c
dc00fc1a
f6fed4f1
f2e9b22e
1006ef07
08d9f023
fdf731ef
0d0b1702
f6080b00
08fe13e0
36e90d0d
c5f90ddb
04050b04
e7e60cd1
f4e1fc0d
01150407
faeefbfb
0d100415
fdd9fc08
dcfa26df
0702160d
13fe1309
fcd014f9
e700f2df
04e80410
ce1002f4
fee8fb17
21012937
03f5e00f
02ee09ed
faf8fff7
be061e1c
fe2ecc22
e9fdf423
0e4d061a
110feec6
06fa14f5
02f90712
1f41fef5
e01208e3
fb08fee5
01d2f0fd
1ac321bb
f0041adc
0b041e09
032ce11e
000cc82c
2a001aeb
ff16370b
0b22de1d
dbf8ffed
dffcd9d1
fd01f00b
0312fddd
0b03d249
1a00f133
01eee713
eef70cca
21f800fb
18090231
0e060f08
fef2fff9
fb150df6
cffe0914
02e93bf5
f004fe21
b7eb2dfc
09ff3608
0b0403f2
f1f2011c
2c311008
e5f4ebe1
fd22f515
1100ef24
fe1e08f1
50fbf906
f2091019
17000e11
1f110823
c807fa05
edc60efe
feef1ef5
07b2f3cc
01f627e7
12f0b2e9
f2ca001d
dd2bc3ff
d9050e0b
00e21ae7
09f3ecda
d14d38dd
34f2e1ca
0b0c18f8
f524e3f3
edebffd9
16fa1ae9
f00fb313
f006fddf
0aeb1034
08fe1cec
fa11f6f3
f2bceb09
ffc61b49
2b0f1416
09feda0b
08ff1521
da03023f
f4f3f63e
01f3f814
da0df323
01bae92c
471819fc
0204f9fb
140313ef
02ddfb2e
f9fcf234
feff13e9
d30810e6
eb47f1d7
24fcf2ed
05fbe5e4
edf2ead5
2824ede3
e5f1dc30
f9f9fcff
f7e303fa
0812f832
1b0a1535
fbf7f2ec
fdf5e1ef
3fbfe02f
11f4dd00
11fb07f0
e407de05
0913053a
6af41b17
f7fdea14
e4dd1eb9
0f97efe8
0807e1f9
0a07e4eb
ff020c04
17fb33f3
e2f8f616
f80bf70a
f300edd8
fbd7eeff
f3072a0c
f8071c19
fa00e016
05f9fe3f
4df92c10
fa05511e
ecf512f8
cd6003ce
dc0b3912
fefaff0c
0b140fd3
dc304802
aefff03e
e9df0b1c
deee0139
a653203c
52f4fed5
15feda29
10bd171c
f117f7ca
f7e1fa2d
f6e01607
f1ffe3ef
f830e11f
1decc303
03f925fa
020b10f8
e9ff21cf
460a23e9
f71b0600
f0022625
d03cfe04
db09e100
0203fdee
18f00108
e2cbf42e
05091afe
01151a04
ec0d00eb
ff1b04f5
11fc0cd8
fbf60416
15ffee0d
0ce2f70b
e9fcf200
fd14fd09
fa12fddf
fa03e90a
e9fbf7ed
0a01e8fb
0112ef18
03fa0320
cefb081a
fb47fdd9
f519eee2
0ee8e24f
110432e8
fa081cf7
e9d80308
e67fdb36
c4fdeece
01e4c6e1
f6fae9d3
0424d404
07f8f9cf
10f7f614
f8ad1be3
daff0705
17e8f4ee
030fef14
edf1fb05
eef71109
e7f8d922
03fb1324
fcfcfeee
0b0b1038
c1f017e5
fc1dcb04
00f40823
fb0c39ed
d4ff1101
0a0ded07
0935ffee
f4d8f316
9cf10805
01ebcf02
0f05f59b
04fbfa08
3b03f7f2
f5ffe9f4
0bfdfdec
23ea1ed3
bbf7272d
fec75b06
1500f302
1ce71d16
14e888f6
110f09ec
fbfbfc0f
1721d802
fcff0103
02010cf8
040302f0
fcf907ed
fb0bfe03
04ff08fd
02ff00fd
01f809fd
180b083b
03cd35d1
f305083a
f7e3f7dc
2906f62b
fb07fc00
1e21fa11
1c1d1804
50e01122
1322e90f
2904cd4b
efd7fa28
be64e026
81f7e663
3b213ff0
bae4acd8
05000d27
e3fea6f2
1b302012
0af832c6
b21f321b
efe0e506
fd1af0df
db29011c
46030c3f
f1e01cea
24c8e7e2
86ac1fdb
2d37cf29
c9f7081b
332bf9eb
e723d3cf
b10afef7
01472320
15080cbd
6b19eff5
ad04ddfa
04f22716
ffebec21
d512e4fc
f4f8ff48
08dae6e6
11f9f75d
dafafbff
df0dead6
f817e3f9
e449f5ea
14420a12
f709e902
fa240df0
00091918
fded3b01
1bfcf9d3
f504dbde
f7290b12
d2ad18bf
bceed10d
03ec1b1e
e1000c01
17360627
25f617ca
05fbe6f2
f40f0206
e806ebfa
2df8f3f9
f6e4141f
eaf2f41e
26132ee5
e21719f5
fe07df14
311bef20
faf20312
c810eb11
ef2f1efb
df07f0d6
f504e6d4
0a02ece0
16f80f0b
f7f4f81a
fce6f7fb
1d090b27
f7cc23c5
fd0100e6
3b24f301
100dce08
f8f70108
041510ca
14c9003e
eaf6ec16
0b2b371f
11f6fb07
c924e1da
fbf6f2fd
0102fd08
03d2ed06
ea040ed9
08ff1af6
0c131beb
e9fd160c
1028fffb
cb13f809
effa0200
0c01f41a
d7181a0d
fe0ee6f8
fcfe1feb
fb14e3e0
13f2e3f1
1e0af9ec
01f20bfa
fef70f2b
f039d109
f508ffea
03210e1e
171710eb
d73e1be4
27f80c16
f704d213
e0d9f50c
130cc91b
3d07181e
fbd5eaee
ee0d18f4
f1b6fd0e
f7e6d210
0b0eeffa
eafb031d
fce32f11
140ae8fe
fa2afde3
10f4151d
2e0d1ac2
3afa274f
0cf9f5ec
21dff9ef
17e800b8
0212250d
03d61218
0a10f7e9
593f0c41
440504ea
fdf81a02
2603ff08
0110f5e2
b3061522
feece000
e9eddd16
13a7f13f
dd042836
fa04f429
fff4ed01
f0f7f0ef
b800f7f9
0f0c20f6
0d11e6f7
482210f8
f3f7f504
05ef1719
f3f807f8
0de22bc1
1a041111
f7151d1d
f00e0829
e1cefb14
f8ecef2b
08ff1be2
d3f616dc
10f3e4cf
40f51f0c
0330fde6
0a0efecb
11c81714
0918f220
f901f602
fee0f2f8
0d0b0bf0
2b07e23b
fa45181e
0516150e
ecef12f2
29ff171a
0dfaebf0
f5191042
13d8e64b
ebfc3dea
f7f62bf4
141f182c
01c30a05
00f95c28
fe0c0ce2
251a050a
07d8f3e1
bbf5e216
ffbca3ff
1ef81d17
411f011c
1d0fa8dc
1208fe18
f72e010f
0ce723d4
d0000112
ff41f5e3
050f21ea
15cc7b12
ecfbf396
0bedf4f0
d20bfb0b
07f3f90f
e6fd0017
f9b73604
09f90055
28e818e8
2e0d2437
09130c04
df160b3d
eb2116ec
13fff0f8
f9d799f1
0de1133a
19263902
98fc3606
06f91228
241f09fa
33d90804
e116e006
f90d4806
efe21192
d37b42db
3bf4c6ad
1105ec0f
18f71414
fe0c0623
7414ee0a
0a14cf34
ef1ffc27
00cf2f45
10f91421
19f5f110
f019fdbe
f9d8202d
55f0e9e9
02f91efc
24e9d8fa
4547dbda
351d3a0c
020408ca
14fd0cda
17afb9e5
e3fd0c01
03f9030c
120d1429
d50fee1c
e3011e1d
fb05f4e4
0732d2e0
051201d2
17f9efe5
fc01eafd
0609fcdd
e2c522ee
60031514
0600080f
fa04fe07
13e8ade2
baf1c105
f3d920e9
00e92318
14df1007
4df1fef0
0c05db0f
e2e30cc3
17260ae5
31f32802
00100bf4
02f51ae2
f3321fed
c2082623
f3fb151b
0bd4f0eb
1cf4f5da
f2f10f05
013fdf18
1a080a16
01dfe8d0
4109d415
070e0d10
0dd00ced
f9e3f515
16062405
0be9ce07
0c04fc1e
d605e7e8
c70a4403
f5f2ffe0
090b0afe
dc240a0f
deebf2e0
f1ff0ae8
1a0f11f4
ea15f408
dd04e3f1
010409dd
0dfcfdee
12a6e9d9
d814f9d8
f8c1e4f8
e4f7012a
e1d22233
09f7e1dd
19fa0112
e10de9e2
29120cf6
2c09dcf9
040643fe
07f9135c
f348ec10
020d3cef
00f9e3fa
f31bf126
fcfc035e
ff0023f0
e318b8ec
372500bf
4e0cd0d1
8d040dcf
eff90d3c
312709f9
f11de0fd
f1f202fb
014dc600
08e50bf9
ce25fe01
e6f70f19
eefbc80a
da25f5f4
06e0be27
f60904d8
0ef3b7f2
f4f2ece1
f529fade
da05eaed
19fc28df
ecf6ec1a
04d8fb2c
0012fcf4
f3f90a00
07f9f614
fc22fbf6
03f61af8
ede90111
151f1b34
0d1b17da
16ff0a0a
fc0df62a
ee09fb19
341604de
240b0848
ee0b0c02
f02f0af0
fbdfe8f2
29fef019
070d29d3
1314fe01
07e317fb
1b003921
f203ddfd
f7ef0c1a
e82e10d5
0d0f04f6
fe103aef
0a0fe907
0d36322a
0705db2b
101011e4
dadb0100
e9e705fb
2c04e5f5
00de2e12
0205fce4
ef09e0f8
1ff6f208
0efef229
f92104e3
2cf9011a
d7faf813
0925100b
1528f754
20ee15eb
adf1f0f2
02fc180e
e2220ae5
02ee3af8
10fe30eb
f9e7ae16
f8f724d0
dcdcf101
170dd2eb
f0fbff20
fcf80011
1507085f
eff61e11
030beffa
f81cfad8
040f39dc
2ff90dad
01f80b04
eafef5f8
040bff0a
b3e9fc19
fd17fc10
13170e0a
fceafaab
0205d0cf
0afefe0d
02afe406
11f11445
01f8f223
fbee2ffd
eaf126c2
e3fb05fa
180c1833
fd0eeffb
11cf17d6
1025ffeb
e50bfd18
0307c00d
25fee2a4
04170eeb
dbeb231c
07012303
1e1211fd
cbdffbf6
1302e400
050f0a00
1dfc0ddc
eaeeffd9
1005f101
f40a2bfa
eecb06ff
00bedd0e
f10df323
fc15eb07
fcfa1511
01f2b704
01eae9ae
faf521db
0b0416ee
ed5df52f
c60c06d2
effed209
cb0b06f7
0249f2e1
e9f62926
f7fa0cee
09161115
04181a3e
3af70920
02fdda3a
0f0f1412
f712b4d7
ee0d1af3
f80ae616
f60407f8
e229d611
b2fdf3f2
05ece519
18f80f00
ea030af6
f0f7e32e
0e0805f5
06e502f1
070106eb
0fecdcd4
fcd3e0f9
eb0d28f8
1d0a21ff
b10216eb
fdfa1b1d
0e120108
0cf40525
b0f5fcdc
ffe410e3
ff19e74b
192d0101
bd09ed17
0802fcee
e7280f0c
fb04fd2a
caeaf9ec
fa0ee01e
e7fcfff1
25f9e2e3
0efeef2a
fd07e90c
2e2ef8e1
f9e43a56
9a1e2718
fb07cd00
14df0b20
f306e9f9
d202112f
02fe2ae7
efc5ef05
fbed97fd
0bfd0b41
dedb0bff
dd201238
e92a021c
0d0fece4
f2ece711
ecc61d49
0062001e
ef03e8e8
03d4e6f0
ebf20d3b
0a34efd9
e508f8cf
ff09f5f2
df84eb10
d61af7dd
f10629c2
01e61af1
2506e8cb
fcd6db41
3cf6e10f
06072316
ee000df6
f4b226de
f6df3798
6d25d04a
ead7022f
7f41adfe
eb163abd
f428ceb5
9d183c5d
7fa07f97
640f120a
05f9f6fc
022ef128
e9e7ff25
05f01f1d
0dffffe2
f9020801
2e2bd5d8
c0052f0f
081cdce7
02fd09f6
d42509f6
b0f2f7dc
080212d4
f92b0121
2d06a881
e1f512d3
f816e8fc
05160fee
fc55e49c
f2e7ecd5
11020808
1bdd08e3
06da24bd
f8062d08
f34102c8
0f21fef8
0d211b02
cbf809eb
fbf4f0f2
0db608e8
2ccdf2d9
abf12106
15302806
130d05fa
0ffbbfed
33042502
110a2fe0
295dfcfa
fb0019f7
dc0009e4
fd3620f8
050df0ae
f864f5f3
16fbcc01
0df81024
f66c15ea
0904090a
06011381
ffdd44c6
04f90a16
2c271ceb
59f71ff2
01f41d2c
f3f0ef1a
02d82603
220feeef
fcf8d71a
18f3f8db
e3fb062c
2801280f
f9fcf2f5
e7560bc5
fc0ffad1
dbfaf418
fb00e00a
fe0af3ed
db0cf23a
1203eb08
120af708
ea12f411
1aef02e6
0cec2605
fbe7320b
cbf306d3
d3bfd7d8
46ee4916
0d05f210
f1fe0701
15d50120
e8010d0d
020fc3f2
fbfe06e2
ffe821e6
0ff7fd0d
fff6facc
faebfbf2
fc001cf8
560d07ec
fd1cfaff
14f1e9d2
0cbcd307
01041f30
fc01f115
e9dfdff9
0ce257d0
01f30345
05f6d9f3
dae7d809
1ab62c26
1701ddcb
fafcf3ee
344efcd5
f0ce200e
240d0225
f8ef07f9
0a01f914
e3bc81f4
3d08e5f2
f9f008f9
16fd001f
1927fb14
fff04023
f4eeec22
23f8e62f
0e040acf
1bfc1cf4
f60129ff
dd0dfa29
0917131c
11ece930
00396bd3
1dfcfff4
0cb92e1f
0eef1f3a
02fc1ffc
f51d0de5
f30c05af
0501fef2
f43a1311
0e130430
1bfb15d3
00fe1705
f708edec
102dfe28
eef8dd2b
3a04f3c1
ff1b0b2d
0c06f61e
4ad5f381
fbf75e01
0002160a
ccdd14f8
0af2ced5
1fefffde
020af20a
0c0efb19
d285faff
c10b0ede
fafa30f6
0326ef06
efd213e1
dcf309ef
0302f820
1df044f3
b5f6b57c
d0fb2ae0
f80108ed
efdbe217
f31d32f0
0ff7e511
fefdd8dd
f7faf622
18a21e03
d007df01
fbf10801
0f0a1301
10de17ff
eff2f1e1
fe0047f8
f8110502
3ac0e8f8
fc041718
000e29e4
00f9fbff
ffd4e6b6
0d0ffe10
f3c013f5
fb12f101
ea25f3fe
e0ff11f5
0b0405ec
e1070302
00131030
5c030f13
0303be25
f608f2b9
f7e602fe
330aea03
0200fc0a
0ff4f428
0a21f9be
f3e6e100
090bcdf6
1af9f4e5
f23a0ef2
ebfafb19
0a05f405
fc211b0f
e213d4f8
13001748
042fb2f7
06ff01f2
fdd000e9
10f80b4d
10f603da
021c09e9
18f9f2e3
24fce40b
05cf0ef2
fa1bfe1a
e50f0acf
43ef0316
0c05e5de
ebdef1fd
13381a24
ffeffd02
fcb9c7fb
f5f90707
0e2bc5e5
fe062434
fbfc100d
f0420709
f936f0bd
cefbe9e5
023f5205
fff20f1d
02cbfbcc
050348b1
040317f0
07ecff53
10f5db06
0ff6f3f7
fbf311f1
09f619e6
26065138
3112b0f5
fdf92216
fbee0d3d
e8dd0222
36fe1d2d
f6eb14ff
f1f01129
e0120f27
0cf4061a
0601ffd3
e41ae80c
fa1303e1
47f1f203
06fad8e5
f7050d3e
1c7fff1c
cb0df621
00fbec05
160ff4d5
da11d927
d2e70bf5
0b49c2e8
f011e1d9
20e9c9d6
e2f9e6ff
fffb1a17
04e61904
f20bdfdc
dbfff509
fe1b04f9
d6dbffd8
1d24110a
dafcd4f8
06051c11
0a2df238
02f8f3f3
fd02fefc
fbdbe205
f4f00824
fe0dacaf
19f8c8ea
f80104f5
fee50af1
d4fc111a
e00908f1
00d0f1e1
00ea043c
d9f3ef02
12faddf8
05f40809
0ae80dd6
eadd0cf9
e6f51813
f7ee140d
0413f185
1f5e0cdc
9d0812c9
fc0202f6
26b7ea10
15cefff6
12031447
03dc16ff
02f2ff27
de5904f6
48f54507
fcfb1209
0a18e9ef
0517f0d0
2a0c2d3c
fd0ef53f
fbfa23de
29b10dcf
f2edebd3
15fd27f9
e7ff17f6
130efc18
54f00709
ffdbdae2
140b04dc
f440cefc
b8fe22d7
0002bef7
1500fbd5
f8f3faf3
0a07f9c6
f011511a
060713ae
c93cbb33
a303f30a
0ce4fedc
12f2f739
fceec726
fc0be806
fbfe05b5
02f31622
d700f8d7
faf6d860
0308e61b
fd231619
0e19021c
2d0cfc0c
110a30f0
26f812ac
2cc706d4
e905f7e3
0706fc0f
0c030204
ef011ffc
fa00fdfa
f7ed0aeb
00f5ffd2
e2bcfadf
e706d5db
f70f2af2
01ecfcdd
f4dd180f
08fc0717
fcf4192c
e9eff6ed
eadef21f
f0f6feee
ff0ae916
f8d0ebe8
22efe73e
e5e40ec7
f423a702
f005ea0a
cc5b3244
d0f65e02
0212eef9
f009e710
ed0f0639
1b190117
f923e8f5
f501f4ed
cf49062b
3c10ca12
030e0b02
d61211ea
1fda0058
1f03e81b
ff1f3639
08f2f8a3
36f8d9c9
d6fcfe43
020f11f5
0be111ed
cb1df106
3c0c3bf9
f4f167e1
ef0ffb31
f846dd72
21071c21
0b0cf7f9
01810233
fadfda21
1016e921
09e6e9ec
19f809d6
d7f50be3
d002150b
030bf302
fa2f0522
fc3d13c6
361818ed
0a08e402
0a0518eb
e0cd1b09
ce1cdb03
02f30007
f0e3081d
f0eb0cfc
e207ff1a
04fdf610
11f3f8ec
071832c1
290f2c48
feedfdf0
0942f11d
e936f9ff
ee01e7fd
04e6420a
e211ebe4
fbe92100
f3fb1b18
0007f602
14110107
f10e0cd4
f906000c
014fe0fa
0affebf6
02e316e8
de093a07
ecf1f611
1fc401fc
f1e507cf
11fbee15
fc0605ef
f5ff04f0
0032f521
0bf8f2ea
13f318ef
fcfafe26
1eef2ad1
14e0f9fb
01190e1c
f3f2322a
f5b5d504
e3f203d4
09fe39f8
e2f604d9
03dbfa97
e408fdbd
040f3ff2
ebf0fcad
f4e2ca54
f7fb07db
06fd16da
18f61df0
f61dec21
e3fbf007
04fb1ecf
11ee17dd
2fe311ed
f6faf3ef
fbf6ee0f
ff3bf819
020ee610
ff14f0c7
1003172a
ecc603b5
29bf0bd8
1cd812f8
220603b1
e10f00f6
44e51b08
01f22608
fcfc2ada
050310c0
53b1f41d
7ffc1b1a
fd03ef0e
f331eed6
dc300202
0bf42eee
05f7dff8
f9f5f6e6
fd40c8ed
0d0324f6
fd091f03
0b1d03d8
00ab0a25
e1fdc90e
fe0f1b12
f3f916fd
1cd2fd16
edfb2df8
fefc0913
f5fd03d6
2717082e
fe0000e4
06fff8f9
23120d0e
18c8eed3
effacd47
0405f3e8
e825fe0f
f5b901de
2120fcfb
f8d9f92d
15f7fc08
dec20f22
0708e81b
04fed9ee
180ffdec
0925302d
f6081bfa
f3bfa5ef
ef0206d9
cddc1044
aa090ef6
f5050027
032df90c
11cae4e2
14f807b2
f311cef9
0a0e0b09
ece7244a
20060a0f
edeaf213
111810d6
ff6608bc
370a0dec
04e13def
fef6b416
f328f00e
000ff912
fbfbebd2
fff207c1
00f42053
d910092c
f0f02e01
f1fc0822
11261121
df01d4ed
fe07eee9
13ecf205
fe2a0bf8
d9f00ce3
1eed3e29
d9b5e911
ffb611f5
322147de
d5f5bce8
edd13630
2d031021
f5130af7
ffc2c6f6
0b05d9fd
ee0c1e0d
f30aeb06
f3f3fb14
ee1705d3
030af4e0
14f32239
01020d00
fb091e1a
12f50322
f1e8ed12
0309c6e1
f2eafeee
e7f4fe15
11fd0be4
00f200f3
0711fdf6
474eb7f6
e9f6f108
15fe13ee
09120e1a
f023cbf5
1200e74e
010bb5f4
0419da7f
d558b4e8
fefd1bb7
0a000f07
13de09f2
f7ff2404
0cf2171c
06eb19ee
060e384a
0736d67e
ba0bf1f8
fa05da1b
ded411ce
f6180a52
f9f7f6ee
fb1c1fe3
0a070f34
042cdadb
00ffd022
01031cf5
e339f818
03001810
c8f71113
fef47ce1
0bebfa15
f1e3091c
1bf7d7be
0811f402
d7f5f611
01190453
24f0ffee
fbef2bfb
0d0b020e
da530c2e
07f5e4fe
fb052d13
051d12e2
f2ff17ca
edfd2823
09e206f9
fe0a1120
1b8fed19
eef7e3f8
feff1701
02071601
dffeee0f
ef020930
fecbeada
08fde6c8
2ac2f10c
2bfe2416
f6f6e218
08fce80c
e434fc23
fbf221d5
f124150a
0c29f1d4
020aea09
42054913
0e0aebe5
fd090af3
06f6f01d
2d27dfe2
0c0f1cf2
31f81c05
ea2a1b06
07f2ed13
e3060dbf
fb1e01e5
08fee30d
cbf8f6f9
0cf7efe2
f8180c01
f81c11ca
ee17fdf4
efd2fb04
e7edf8ef
19f5ef08
9426730d
54e41d1a
c4cbfee2
1bf002b3
0601ec12
016010ee
ddf113fe
2228cd14
ca0b22fe
07f00519
1611dfef
04f408cc
202416ee
f6052f24
e731f4f8
fc1a0909
0f06bad8
01dafe1b
f2f3f2e5
fdf82519
00c819f4
dc120517
d1fef4dc
1df1e101
fad5031a
0e05e609
04210e25
e3fa1efc
02f7e110
e507ef0d
f4eadce2
f10bf4ed
200100f5
fe1aed09
15ed0d21
0f056026
e10fe0f2
a509fc0c
0afe04a0
f81c1d05
e6230804
042e020b
1a050126
f8fe070e
120d08fe
f7f5fc0a
1fe6e2f9
f5fde0dd
f63bb310
1df2ec04
fb2cfc2b
041425ff
06d42e07
d7d1fef1
14ec1fdb
f4dc0b21
fb27faf3
0ff43be9
e80c0cff
b7d8fb09
d53346e7
0312e9f7
39c51505
fbbc1a45
574ea5f5
02ecd4e8
f302ee09
2402f8af
d4fae2d0
0b32df0b
4ff0bb08
2f6dd305
e0bf31cb
2f0d030e
dac3dbfd
bcc7f514
13102fc7
0ec4f1e8
338bf40b
06f7c22f
edbdcd7d
a4fe3dd9
0d332a75
22500235
0ef63c69
02ffce2f
1935f2ff
0ca52e1f
d92d143f
eeebd700
faddcd45
bcff17ec
b2eb3503
eb0cd6e1
f60a19ea
38e5e21f
e0172103
fd22f70c
ecf510de
fbf10ce9
e7e00f28
f3e82522
021e00f4
fc0d2511
b0fc42da
25f34bf2
85f0d7ce
ddf5e900
032bc801
18ccd40d
d11cf017
d9d6ecae
13ecffc9
f8c22f04
171845f9
f5fd0505
0d18c6d7
fb2112de
d849c4fb
2fc9e303
0a282b0e
d10bf505
4ad0f106
e2fbedee
d9f02f3a
0f37283b
02ffdf12
44fbe827
edf6bbd0
0f1df301
0e0123d2
050bc010
efc1e226
41f80609
1f250e40
08e91208
12432823
db33264f
0b0612d1
11bd1ddf
d0fd29d2
defca41a
1cd812e2
0b575622
f43ec029
e9e609bc
c039dd39
fec706cb
e8fbeae1
f7afe73e
aed3a3f9
f5f2ea02
2a1a2adb
1defde02
f7ea2bf0
fac0fd12
0bd60c0a
0328fdcc
e705d703
07f31be8
cb001d07
0d13f3ed
e8e6f800
eff90003
1608fbfc
fe290108
0af2fa00
16cee2fc
34d80f04
14ccf539
0af515d4
2fdf1d16
d32e0ed8
e4e21ddd
2ee0e7e3
16d40306
9f37f1cd
edaae12b
ff3de105
c1e1fe3b
0142cb19
ff14e7e5
f7cf0a02
e9e10e23
d4b7fed2
c44dd803
2c2122e9
2c040e27
ed0e16c6
efc70601
0000fcf1
c8142c15
280907d3
ec0246f6
13d9f6e9
375100ca
060aedc9
03f3261a
0af32e01
ececd5dd
3615dc40
5e51e1e6
370a4d18
3fef05dd
0bedf910
f6320cd6
3c1f19fa
f20ac80c
05cc130a
1715f728
de35151b
13db1c1d
eb421a03
ea38eb0b
1e3204e4
3315d5dd
08ec01e1
19e7ea16
f8f0f1e8
150c10f6
f909ee05
f00b011b
e9f926f0
f7081717
123824ab
edf415d9
cd00d143
fbbdfaee
26a4cbdf
032f2cf0
a91ff006
e2cd0f23
45cffc1f
0d25351a
440610f7
1f0a15bb
efbee887
e45ac4de
acf0ecea
26f7d3f1
34160cbd
e82d08fe
f611112e
172d0f13
dd41f906
f025edf0
ecc31cf1
e61e1bdd
f70f0cff
11fbf6fc
e0e9fc0b
f1000ef8
f90706f9
f4fa0dff
f9fdfbf2
fff7fd09
180c09ca
f02c101a
f6ec08f4
00f60e02
eef5fd23
f2f7e50c
0907fff2
fefffd0b
fae8fb32
f2f114d4
121c09f8
1106f8ad
d80ce53b
083528f6
3700ea08
3825bfcb
3dad28ea
03eb05ca
f20d2ef4
4c23f30d
e2f7e923
0db6ecfe
cdf0050d
e4ebc552
fa0a1a25
1b0601fb
05f5f4e7
f108042e
01e6f9eb
fdedebf8
261715fc
020f0b2d
fef2f8ff
fee4f31f
05063eff
24f5f63e
1941dec1
0ed71afb
e5f4e10b
f8e537e3
24e431d1
20e1ecfa
1702dbfd
081bf820
17d7ffeb
09e7df02
0021de08
17e80722
18b4e2d8
fe0be6d1
020d0f3d
0625e82d
dec90d0a
19a91ed5
3d25dd18
0213fee5
2a11f612
0e1ef2fd
1fd117f5
f5f40deb
09e61ff9
f4eaf01c
20e201f3
ed0ad90c
4c3be6e8
fc345348
5dff19cf
2dfa06cb
0d3ad719
f86fddf2
2233d0fa
3014ca18
e9b8010d
0fa7a620
08db1410
024df339
02f4d414
0919331c
eeea3e0c
160e2152
2e00bbf7
27180215
12a9dde2
c5150fd9
e71829c8
efba1614
b227f9f0
12c4fb37
e802e20c
fbc7e5f2
2f0cef15
10391d06
e8c21b35
e221e025
03ed2ee3
1fe00cfa
c92b11fc
d8fcfaf2
f402170d
06f923e1
eb05f20f
dc15e002
f7ec13dd
f6f311fc
da3e0929
fc021d0a
1af600bf
f8d01af8
efd92501
e30542ff
25f333e6
f60bbd0a
f812de02
f9e10bfe
2109fcee
20170a09
fbb20920
efcc1a0a
2ffa19f5
eeeb0430
e5edf108
f4e039e9
e6fc0de5
04211949
d815e8f3
e61cfe3e
16ecf7e7
eb2612d9
d40d4bdd
d62af8cf
f623063e
d61afa45
fee2e70e
08d8f23f
4c1e0f06
da86f8fe
16deefd9
09e4e501
c81ed926
00df152e
3732f22c
ef240fcd
fef216ec
e30ff5bc
d5014bff
d836f602
dd003b19
e8fc0831
064fe6fc
f7368b19
bce217f8
ffe413e5
0f1aed2e
d307e32c
c76eebd1
03e90bfe
01d81548
f3490aa6
69e304f5
cf03f8f3
ce120c0d
de13fa06
ef09f23d
ee450803
fee9f7d9
fbbd28f8
08b815f8
f724077f
22cae821
e3f9f907
fcff0f01
0cfe0ee8
14f1db21
eed7c313
fcd5ebf1
3a19d129
6c2e0426
1e4bfdb1
d7f02c13
911801c6
0612f9da
fb3f3c29
f8fbdafe
525856ad
271fd2dc
1ce808ea
00081fe2
13041316
28e0dd07
ea120002
2b12fced
ff0e1027
1de11a28
7f320323
03f6c52c
8eca07a9
5a60ffd0
fb651dcd
5de517f9
f5d91cff
dcbb12fc
1fd502f2
d96437f6
edbc0b18
0a0bf631
f9161ddf
0bd613f5
dfeb00d8
d904f5f0
1bd5ff21
3105f714
ecec2935
e0fd22f7
dcdb0109
dcfae4d8
e21b15df
09f900fd
d8d91f21
f9553500
2c09fe0a
ed19052c
0117eb02
07ecfd02
21ff2cf2
0d1f0ae9
c8fef3e5
fa02fa17
ebd1fc1a
020e002d
04e8f8fe
05e0e504
ecfcf53f
32343d2e
fc5bcbe7
0ce6cf18
cae5080b
f9812514
faf12001
3ad825f9
09040ce7
2010024e
daf32a05
e1c4111d
fa30022b
2ef8f0f4
fd2c04f4
c10fd0fd
d2fef6d4
180a1b4b
ebf20611
e4f7cdfc
fa0c0df3
02df180c
f5f920f9
1befeaf3
24df330c
07f4e7de
1d160d15
064b0f1c
33380dc8
1aa823e8
f450d7e3
bcf9aef3
dd22c000
1edee0e1
0a252c53
bbb59b64
61fbfbb6
1bde263e
05a74e19
0722e105
33d378a2
1b2c13d5
e2cf3f04
c928891f
ec5a0c06
0b98f23e
f2e3d11c
4e200cf4
1ed524d1
665cfbf8
21eb21fb
bdf5f710
151d04dc
2904fd69
ffb3fdf0
130afdfd
d1e8ecfb
0bfcf520
0a8d02fa
2cf9fcef
02071f0d
143fee7f
e20836e3
d9ba01e1
e267d715
1b2a20f2
f5182908
0609110d
03de0bd2
e9ff0512
f2ce09df
e92510f5
ec05142f
e63b07f6
00ffe1f8
d1e00f1b
30e91fdf
24eed730
e2f5f2d9
02f500e1
120409ff
f2fc22fc
02fafffe
fffff604
fcf35300
0df4fbff
aef809fa
00f900ad
12e8f6f9
df511ded
0a190100
01230d30
ecd12917
fafb0813
dcd30b11
3d05efd8
08a1f2f8
153d0ef4
def91bdf
b3df53e8
e71ff3dc
f2c71305
0df41113
1ce0f80d
edf7384a
070c35ff
ed032511
d011e725
0fe1fbd6
d208f8dd
02470522
b7f5fb04
defdd9ed
0b092ce4
f0471af1
61fa2ee7
15f5fb23
150cf8f4
06b7e5f8
11fbd705
f203050d
1ad51131
23fcde09
221eecfd
05e40de8
15f9e811
f225f2f7
f0ce2bf3
1aef2ef5
c8cd0e41
0732043c
f0d72ff1
07cb101a
fb13d126
ed9cfbc9
b03f81f0
541c7f12
08feaff1
092a08d9
0770cc1e
091218dd
1afcf0ec
ec0be011
db1507e8
a9e40ccf
575808d9
edff3a0b
f829e6d3
e8381c2b
20e1a2e3
de1311b2
2bc1eae3
fcd4ea3f
1738151d
07e10ace
f9011ce6
16f71afe
24f0f60d
e7f5f710
00070be6
f0f2253a
0b100ec4
061d0c1d
e4ccd82d
c7eb05fc
d5c803c7
f9a5fc20
3a030bfb
180af0fe
ed610dee
abfd2b08
d51d3b33
17ec121b
a5cddb04
ed002219
32f2edee
12d6e93e
039321e5
062624f9
e933c41e
122d19ed
170cf92b
e8b419e3
0e0dd6e7
02e3f126
1c04f20a
ebe7162e
ef1a04cf
0d3f1a10
2805fd16
e4aeff07
07d7e4e6
fcfff600
fed0771e
e31402fc
ffe03a2a
ebdef8f1
fc01ece5
0819f6f4
c814f108
f9d011cd
cf4aadf7
051c0d0f
d1defd32
19ef36f4
16bd3f26
cb633c1e
ee2ea8ca
ee132f12
4f07aa96
dcd22414
00f0f508
f20213fa
07f818d0
ed3cfb3f
fa0420ed
29cabbf2
1eeff9e0
2acb0ced
0becd9f2
f9fffee1
0ef71707
040a1928
e24d2a02
d9f7eb03
a0d6f0f5
10d805e1
ef0f43db
2a021afb
c90bc9d0
e2e10ddc
ece22de6
01dedc03
f41995f7
1802f5d1
2ff524f9
e4174521
fcf50317
b3dc0132
214625ba
190fcf39
e50322df
2905fdff
f412f727
d2dc0100
f32ad2dc
fef9f4dc
29d916ff
03ed03b4
f10afc15
ff15b2f4
fa11dd1a
2230fdfc
47eaf314
07bcfdf0
ff09ea04
ffc0f826
ec09fa11
40a40c11
fd0bf2e4
0412fff4
e6e326fe
fefcdd1f
20f21d00
0af9e409
2035171a
e503fdff
d702020f
0a031ecc
fff8f32a
dde5efff
e7e6f6e1
d70bfa00
21ee1528
edf91900
e5bc02fc
b5a4ef00
c0e7e0d9
0d47fffe
bddefe11
3820d1bd
22cac801
02efef0c
1dd807c5
aa420309
4855e9a9
fc5a1310
e40028fd
3c11f905
0eff3822
e3039308
1fb59810
e5ec1bd3
f4e77ff6
e804ff15
58cd29e5
afd80f26
fa41f830
0a1b1f15
1124c641
c431f9ec
191beaa6
0f2d30f4
b7de0308
1a53b6de
d813f8ee
33e62e04
17e619d9
2517f6fc
eba500dd
0afd0df8
12f6e30a
1de70e0f
1dc6d10e
02e70dff
062cfae3
fe23fa0f
e5ff1111
0405fdfd
1fe8de06
eb2eedd4
d8233315
25ed1018
e828eb06
dbe9eb22
29e7f5ea
15ce36b4
fff0ec15
e1f8efeb
eef60705
07ef0d1e
0d1cf2fc
fcea10f9
120f120b
f0eb12fe
f70b12f0
0025fffd
d6e916d9
0dfdfa16
dbe204f6
effa2401
daeb2af3
dcfbe4ef
defd10dc
0ae2ea3e
2cdd09ff
1f0203e0
f42fcbfd
2f131123
1cdaea12
ecf0e002
0104e8ef
0632330f
e300131b
0c181709
1a21fce3
14fb0102
f92417f9
fcd102f8
1b09e6fe
f505f509
4317fb02
0c1e0708
141fe92e
d4d42726
f9fadb03
d912f41b
163308d9
e7260cf3
390226ff
001f20ff
d030071b
f9e40104
09062efe
fb152f0d
041c0fff
f1ed27ee
1409cf19
f5ee0d08
dbca813d
b4f00b04
0333ff12
f434fbfc
ee051af5
0d252fce
642cbd0e
20e119ec
dbb9240c
c6d02d13
0a09f549
cfba5ef2
e5c6f3d3
0ef7d607
d60af0e9
effa08f5
d2fddad4
dee1150e
fce120cb
e8190dfa
1b050deb
15fef429
30ad02c0
c9ff021f
e82cd2db
c606ff58
e0ec400f
fd4210f0
3bd11900
d2e3379a
08d71581
00c50e25
0b06ed16
3d151e1a
ddc510fa
e013f1fa
da0ce4e2
20ccdf55
e0f9fbe1
ef22fcf5
01083adc
0f10131a
f7060cf9
e80000ff
03f612ec
1a11010e
4a24d5da
39c511ea
2fedf379
ef2cff17
fe21bcb9
fef71111
cac9e401
2de8ecee
151cf314
151122e5
141cef0d
17dc040a
f1f70dda
fbf117f8
fcccf9fc
dfecdfd9
ef01f3e4
030519fc
fe13fdfb
210f0107
0c131723
fcf2192d
e705f2fe
02121006
88293b3b
106c8b03
ce60f6f0
0f0afc91
d64d2402
05c40e0b
e9ede804
f6e8cf1f
0ac72f02
f6031c02
f4f209f5
14e024f7
064601ea
e217f906
f30307dc
0915f4de
3becb7c5
e1177de9
c8fd05fa
ed7113fd
ec1854a6
ec64fff8
dd0e05ed
21fbfbe3
081a24ff
35bd1f0a
40fec7f9
0513ed1a
fed54a21
14353102
57d73813
eac9de1f
35e7bbf3
e4c713f2
28dfc0ea
e5471f24
3a0f4423
e5fd31a3
e804ede1
f20b2205
1f550d37
20e02ded
00151707
f70c13ee
34c71459
eb0f1af4
27ddeeed
c4c0fb10
c0404105
ca41f021
06b90bfb
c107eef6
352e11de
12f5d2c8
6a1afc12
351a45c3
ff041909
05fa1409
11fefd07
f8021809
ee09e711
ec15fc0e
0ae7ede9
04fe0f06
fd161508
1fe9fd18
f81224d4
f51bfef3
ddfa0708
ffdf0b2f
0124e802
1bf30320
02e417d8
e6d7f5eb
934301c1
04fa02f5
313f15df
fdd541e9
0b142dfe
1f25f8ba
e011f8de
ef24b91e
f8c50aad
fe50f933
0910fed5
05e9eee8
0dfbd007
2444e8ee
f58c37c0
db20f813
09fef6f1
0d301b1b
07f007b2
e51df517
0dffebe5
fdc91910
280fcbec
0d070221
46ecf00a
f6010df5
05e5eaf8
f0e80fe9
c3f90af2
f43802ed
02f5ffc2
04ebf4f9
8b051df2
f7ee0ccb
0b3af902
f45c14fd
d3a916f4
130f3067
08272c3d
e4f6f531
ff00feff
cc1529e2
0a0c0116
dce10b1c
0a07edd7
2818bf0a
1931001c
19f2e4f4
f1f31ef8
eecbf730
fe09ba04
0a7f0916
065a4e09
ec181fde
dbe700f7
efc10537
2fd3cc03
090bf852
28d8f543
04b02cde
d7dcf607
00e50fd6
db29f905
fac545ff
b90610cb
f4381922
f9e406f7
ebe32a8d
251d41e7
fed513c7
18050f15
e7e95709
d6e7e8d0
060604ec
ed71fcc3
fb11053c
191bfdfc
c4fdf1c5
e5f4b715
01d127e3
3618dcfe
dfd611d1
23fefcf4
ec25d136
efda54ee
e78108ef
c5fe4b01
f2f7eadd
f1e3e3e7
ec261c0d
def120fb
e4c256d2
080ce9e4
f30f3fac
fdd71909
26f9daed
f11df9ef
040610e4
21fce522
f1ec02fc
2200fef0
0e08f216
203127b5
fad10b1c
b4b619f8
e3e30a22
0104bfe7
f307f938
ffcd01f6
0bb00df7
f609e5cd
0afc213a
000af0f3
13022b2b
fddf174b
d5350810
efd8ded5
08113c38
3706f0d3
d3e6f6f7
3d33daf7
ef242343
0b06ead9
dc305bf6
f4662edd
f5fbe4cc
1b412ae8
1207bec9
e60af301
14d200e6
1b3f22fc
03071acf
e3031a01
def4d807
12fc3b3c
04320b0c
ea28f9db
ef1801f0
e5eb3519
fafc0bd2
0bace0fe
14cecf4d
030c0116
f8f8ebe8
f21cda13
f4d227f5
fc170afc
ddd20d03
011530d9
fff9e006
03cbe5db
1c08e41c
0128b8f6
ba0a33d4
fbee2718
cb2bd727
062c04cd
00fdb541
383945f6
052e0000
0052e0df
e63e1ce5
22f7110a
e2010ce6
2a0327e4
c73908ee
9eed011f
140ff8e4
f93428f4
0715fa89
03a91133
061ed304
b828ea06
e2fd51da
060cf516
26f11fee
1b0cc21d
cbbf20ce
e713f3bc
db10e52d
c70734e0
ade02fbc
0b076b07
f3cb40f2
2ee2b8f7
e3e20400
04ac17f5
f94031c5
230629fb
dbda3dcf
16eee922
17f5f6e3
f0f5e627
e3f93109
f113effc
cd34040b
0af5f6cf
f81af9f6
010d27fb
b11cec04
daeff126
001de806
24fcedf8
1a35f7fe
dd1bf718
fc36e4f0
fddd2b1d
271235cd
f204d2dc
3dc1f7ed
ef12530d
0bfed836
13091009
0eb921de
cee52042
174119e1
e3271116
fba822c7
f02a0e29
de1702ed
d5f8eade
e33701c6
23dc0430
e326e2e9
f6280918
0e0200ff
1818080b
03ebf21b
10be1d01
e91efbe1
41180c25
f7f508dc
0cd4f30b
47cb1e3d
27030fdc
e5f144ea
f8e3f8e2
cbc2f8ec
680a2114
0ae5e1f9
21c6062b
fae51dff
0b25f5f9
e61df7f9
c4f8f2e3
ecefef17
ca060905
fa1e30ce
ff22f3c7
dde0072f
2e5a04fd
f9260413
cfec18f9
ea15f3dd
e147d20e
235bf126
d621081d
1a12fd1b
2e10e918
0155b143
fa1c1803
1feff519
961ce71c
eed3fac7
1113d915
9f3f14fa
3231052b
ebc91ad8
01420aec
f42e281c
c6e7f2b6
e0ffa822
1a180f3a
d03c0831
c6f90ac9
fbd7f032
d74b14f8
3562f702
25eed7fb
1ef4fb0e
180ff3e2
e4381ff8
06d907e7
e113ff00
3d34e8e1
0303b7b4
2a1d2530
ee06d22a
25eb583c
363b11f9
f815d6d9
ea15dadf
06fdffee
1fd6f82b
b700cb14
faab0e0f
f8fceb0c
f7faf31b
ffebd816
10e9d417
e7c5d30d
7fe1f6e8
09d53515
eb06250f
fef5fb0f
d6e10524
fb1a160c
fceff60b
f2fe2dfb
41082617
0d401ce4
ff1ae6f3
e1021120
130b0f13
226d07e3
ef1df613
342017f0
dffeeed3
d5481c45
c950fedf
0116f7ce
abf6000d
0aff015a
011e2d2a
e7312d00
db422f33
bb127ff4
db241136
1439dfef
dfffefdc
f0e61af1
1426fc09
30040a12
2f040206
f5f541fb
370819e2
4fed3714
0e102235
130fc423
db991107
211632dd
f6451a19
f6fc0cf3
f9fcf70b
fbf9f603
fe05eefd
04000713
1301fc0a
f7f6fc12
fb0ef3ea
2c2aaaf7
f421d417
20dff6f2
812a27f5
fbc9f1ec
e0f2ceda
00de32da
071200de
ede0d5bf
fae78239
1a4bb018
d5e42d20
0c172fc8
d40f02f7
1c281dd3
e7da0724
f8fdfbeb
edfaf20e
17fff0f7
0003eeec
0704f00c
1005140f
01f0f812
fcf1fcfb
0e03d060
f807d013
f0bf4bd7
22361c2c
d2eb02f3
e23efe0e
0edbcbe4
2ff127f4
2693412b
1023e800
40fc097f
05cef38f
4303fa22
0ae32fed
e2fc000c
fcef1618
fa20e91f
efe820f4
efd30620
d2f015f3
fae72d25
ecc6f5e7
08fe01eb
05010002
07281c18
fcdbe2eb
1507f0d1
f10ff716
1a12f516
07041cf7
09fbf909
f3e9fef9
07063569
fa01ebe0
16e9d82a
1df90af7
fdf4309d
f3fa4de6
f3b2eaf5
d7e2ec0c
b1073a42
f2dbe630
ff2b0020
3bfb26f3
4230faec
de1dd4ef
f60c14da
e6f7cd0e
1cf4ddfe
ec15f92f
c9e52612
edde1627
fd04f70a
eb6b2cfe
f20efcea
0f3e06da
eac6d2fb
f4fc0800
ec1a0411
b2162e15
d9d2f224
d4eae807
0c35f4d3
02f92305
1501efe1
e60e0d01
e52622f3
03fe23ff
1a29f516
d8f30fe7
b0faf0dc
01d80c09
d4cbf211
190aff14
2bd618d7
d1cc09b2
0508ddfd
f9d2d7dd
05faf0f7
d1440824
f7bc21fd
fc1903ed
d7f3041d
f2f02808
22250f0b
d9080a0a
08fcfdd8
e31d0ffd
061f0fd7
20dc3609
cffa0206
f4ed1bf5
1ad0f401
e3fff110
0c18f2e5
e201f108
28159d11
e3d42107
d7f3e124
d30e120b
cbe42724
ed451105
dcda04ee
1afacc42
65fffb14
06dd152e
2900cf4a
300b2105
2ff1d81b
dd001bf0
dffdd7df
f4120239
e90a6e3e
4e0fcbeb
e10b0525
f0e51eee
e5ccefda
ddfd030d
29ea22e1
181eef47
e7fbc31e
05f6e806
01fa0404
01018504
00f6faf5
7b070303
0807f47b
f90303f4
bde70c29
e0f5bae1
e70b12e0
0ae41a0d
0ff7f6ef
e501d910
f2f011e6
18e71d03
ebf12362
e31a4d00
f8d150a3
12ba0942
1106ced2
fd09b614
09e8c9f8
2dadf24d
43283806
1250e0e2
c2070cff
cee71ad2
0108ed2d
e705f511
21e00be6
f81af4f4
1728d342
0cfe20fa
000fdf12
d9fafd43
273dee41
02ddfa1e
29062f03
fb17e500
07edeaf1
eefb150b
1ee8f9f1
f1fa0102
08fb06f6
fbdfe21a
1d0a05ff
1c0b1521
2417d0e2
fada37f3
1c18caea
0048061b
cf062f03
fd10e59d
4b2b1cfa
e20af7d9
89f2021c
21d04015
1e032220
da1319fa
0b2df3da
e7e008c4
cbfe16e7
29b4c636
f01749dc
115e1d55
2ad00b22
c2e6fa3e
f2af10df
0946d53b
2f07e106
00e00bde
5428a8d8
24ee3a38
2246f901
e6f501e4
f689cc61
ff93d881
0929ebff
cd5508f2
e20017c2
17de0605
c22243ef
25050e37
faf50220
f0091605
dceceff2
fbf932db
0bfa250c
f8f11ef3
4161140c
35cf1cf4
42fa45d9
e215f0bf
ddfeeae4
ffdef0f1
29003807
024f38f0
d0f4f31a
182ce9e7
1934ea14
13e4eefa
ce2a0217
141aa123
1cdae3cf
070726d0
2b1f0118
02dee7fd
fc0ae9fe
1bf1eb07
e51b0b19
11fa39fc
101ff20e
c8ff19f8
2310d028
fe0117f8
34f324de
eb05fcef
de24eee9
ec0a24cd
f5fdebf2
0b1d4911
3541170d
09350908
18f7e810
f409cce8
47d9eff7
0d32d7f2
2e0c0d00
02efe919
0fdcecda
390efe26
1814fc15
01f3131c
f2f01302
dade221f
2fcd2118
f2e4f4dc
2f00f203
07e30cf4
fe9e1cac
f5341a12
49fbe4f4
b7baf3d4
3fb5aa23
ecee42f1
bfe5eeeb
cbc51b01
04f7f00b
e527fe34
d1d93ae5
ef206f09
e9f3edec
e922090c
f81505e9
19f30e0f
2c5d05cf
f6e50219
40f7fff3
e018e7cd
0cd695fc
cee2e9ea
19ced8df
0f140dda
cb1b0f08
f32825e3
e91a0af3
f000f9ed
0811e3da
14db0907
f31ef305
ed1100ff
d7e8f128
01d33f25
16262500
2e11243d
dded1fc4
f3e8c311
02fd0ba6
ed101b26
e62709bd
e96feceb
0ceb2ae6
f6e9e0eb
0fe12bfe
0b0207f4
f1fa1bf1
2f1015ec
f0050cf2
ee20eced
37e50aeb
ff06f509
95ed46cc
22300812
58ff940b
3c2b0eff
d6f7780d
f2ef170f
d72cc1f2
f6be0948
e73636f3
06052000
14de1c04
f6f02cf8
15f20e1e
d4ea1df0
fc2afad4
fe110507
18101617
05a723ef
19d50ee8
0ab5075f
a4b40e1e
fbfd7f31
db000ff9
19fe0dc1
e3052a14
24f143fd
efc2000b
3ab0f8c7
d9e9ece4
08c50ec7
fd03db08
0d0af6f8
f815e505
100a16fd
ec0ce3ff
fa0e2403
f62b0b1f
d9db00e8
0fdb48db
f2fb0df4
b2e241b7
e11bfc81
3e84aa1a
f259f0e7
7ff2ebba
0dc102f8
c6342010
25ff44e7
f5ff4914
0ef7ede7
08e13a06
15d11c2a
e1df000c
e71207ef
e0fc1fe5
bfbd2811
f8e60202
fc0ddc3b
2ef6b11c
f61200ec
34ec18f7
fe41bba6
08f93e00
25000c0e
02e2f40a
e8dae8eb
05e006e2
fc001bef
f21f0a0e
e40818f0
f1060be5
1310ffeb
09202a34
d89af133
0812201b
bd4509a6
26fead40
f6e2e7a6
44f208f7
394d3891
e9654000
0662dae9
cfdff004
14e10889
19ea0f03
f8040afd
220cf6f8
ecec16fe
0a0e25e9
12002a0f
0e26ffee
f9f416f5
f8ff1622
e602eef6
182cf9e9
dcf61ed8
2452f6f0
fd44f7e0
c8f3c2e5
0b2006c3
07db0f0f
fce019ea
093ce3fa
01001df8
d00de611
f6f09908
23081d07
184001ef
2649dc10
fbefebf9
f1dfecff
f8dcfa74
310b2b11
cd133b2c
043504e7
12270af9
37f8f544
f5ef12ee
2c111bf6
0e452922
01f1fee3
0cd60bf9
05260be3
ece90eda
1afe0be2
f1010b14
e4f1eaf2
2e121b08
ee2d1403
fe2ffbe4
e6171219
19fffafe
fdead304
04f20b0b
10f4f506
00fb0413
19062ac2
2614e0ed
98d2c6e3
f5f11135
ed103605
eccd21f8
57a9faef
e9d0b602
030ff1df
13ef1fd6
efba181d
edfdfdf8
03f2ee12
05f30b1a
3ad6b403
0002f7df
51440bec
05cfb11f
cc090ee1
f81e0724
f30cf8fd
fbaa1bee
1e04dcf9
0d0204e0
460e1023
f8ebfbf6
fef2e4e4
fdee020c
22ca07eb
fdf03c02
e8101cfe
16161550
edb6da06
0afc140a
05c8202a
f0d12323
e50bfbb5
da23fc15
e1e0f2dd
15e243fe
1011ee16
f1d9d504
e5122b10
07ef0301
20f009eb
fe09ee14
020d10fd
18e8eecd
07e52f0b
fe0bec04
23210d1e
effceff3
2132d0ed
16e82004
cc100f11
00f3e115
100f06eb
fd0604f6
f5071009
06fca813
ed0c0a11
5606efea
fcff0558
010702fd
d426010d
fbdb3e1f
4e370816
ee3ef502
22f0e6e7
08d505fb
c119db0a
eaf1e4f4
f704be3d
0ae8f31f
dadf20f0
fb05faf5
f1c031eb
040d161d
d401f906
e7e83347
d0fc3aeb
0ce7020b
132f191c
17e7fce4
f0c4d90c
04e0d7e4
ea2b1d04
dde5e802
3911d81b
0937dfd9
231c16f6
d9d31bee
051902ec
e806fc07
eed4f4e6
c334c2ac
07fd1934
d4c2ee42
f8c056c4
1e2d181d
d9f6fecc
e80c15f3
49ee1de8
3afec009
f90fb7f0
e6f65c42
fc3ec376
5e110710
17f719d0
ff2aca35
03c8faf9
0b13e6a3
07c314bc
e63e19e1
bddfeff2
0e5a043c
17fae01f
fcf2cb1c
fafde1fc
bdefedf7
d5bafbfc
dae4f602
242de4e1
f12d14fd
f8fd04fa
ead4ef3b
0d26e0eb
10214208
63cd1a48
e00a1ff0
fb1abfed
3736f681
c903dd87
0e1b0205
e1da080b
2311be06
e7debeff
042318b3
dc4bc2f6
da8e0f0b
cd471da9
f112e3d9
1df5a5f1
10dc06fe
9dff26d6
d9e70f0c
fd520e06
0101090b
f22815e0
f9fd38b1
bb22e7f7
03d1ac01
0100f920
b328ff44
18d6ebf2
15ff00f0
cf142906
fcca116b
d9e2e200
3b043943
c0fb1941
132a4a03
7f64d525
d7c2f5fe
f2f03a1f
0cee1bcb
f6e3130b
e5352124
e9e7095f
011f0bf7
2e1008da
2d1c20ee
0b2e0df8
e1ef0218
d3c5dbe1
f312d0f6
1539db1c
fdac49b4
e8a5ecd1
fde4f525
eb561619
0c1e2c16
a405060b
1ac416ee
0a0f040c
f381dacb
3841d1c8
f03f1d4c
f5eafd20
e41524df
140332e4
e4dd242a
030014d0
27f8f5fc
e4d2b1a3
ebc4fbe2
baf34405
07ea00f3
36470d05
24e0fdd8
3904a8be
db50eff4
11d505c3
20f12b0d
31351802
d62c12f2
11131bd5
2018ccf9
2b2107e0
1e14290e
2486001f
2be50e37
01eef51a
f2e7081f
30f5f3f2
fdcff5dc
0ac2f6d1
25ff2f02
eb2410ae
ca151609
03e4dd08
e9f813f3
3a00dbea
03042cee
160f2fdb
221a0207
09eecefb
2410f707
10fb161a
0b2a2712
2906fb09
ecef2e07
1b86c6f3
0bf81edd
26cd00e6
5be4fe53
3f2ef631
03bbf2f0
9cdf1802
c5d09df7
0f2718f5
f81dfa03
25e805b1
2aff2def
c5120ed8
d1e2ddab
d1d9dcd3
cb23300b
261b17f5
ec37ecee
07f503fd
efef11d3
dce0edfc
f31ed700
1310fff0
f2f2d4fc
37f8e8e1
fffc141e
16140c25
f5110df7
08fef1e3
f31cf50c
f3e60ef3
f5f6d60a
ecfff6c7
13ee160d
140c07e2
28f10c0f
f1d2f008
f5090107
202af6f4
170f1305
e5eefff7
1631d814
fdf70004
e5e7f8f5
01050422
09e4fc22
fae71708
07230602
f805ebd6
1307f5e7
ef1bf0e8
fc18febd
1302e614
0100fce7
eb250602
fceadffd
0f0de0dc
e8ea202a
c5fbf7e6
8b1314f0
fb393ee0
eaece361
c0e2feec
2c1ce571
dd8d3fd9
1029f3ce
4a394c15
0b68fe22
04cae6f5
04bafc17
55d7b903
0b0325ee
49c50209
09d5e6d0
04d9df05
d526f60d
e40cfde3
087c1b43
feed410a
ed0f1c25
5d2f0140
0d220c22
12163f38
0342f51d
3300ce15
0c07eb09
e3f5000b
11fdf32d
c30e09f6
fbfd1c39
15ca92ac
37520501
fafc22eb
faea060e
f21c1ffb
f0dac314
1101ab0e
180be325
36d33513
210c143f
1d20f74c
eb05b411
91c6f2ec
c3c6f651
16ebde29
19d2f7ca
2581c7ae
c02cee1d
230ddffb
16bddcdf
1edbf613
d4fdf809
e9dde8af
232335be
f9a8f5dd
29020b11
1d153405
f4112620
d67f13f5
d9e0e3cb
1bdd170c
fe0b1e1c
f913f00b
f3f91efe
05e9f9e6
e7e202fb
0009e1e3
da20f8f2
41fd1bef
0f0a242b
f02f0244
600aea08
23f63e39
14523009
17010f16
3aeb3429
d8f4100a
fcfd20fe
fdf7e7e5
f3cbcdcf
0bdbf2ff
30e31204
1237ec32
2ef7d80b
0d38dedc
18ebc517
1716fd1f
f9fe0f4c
e20e18c8
f3effeef
e914e5f1
e6102013
c7ccdd6f
e0f8c4e2
89e0e0bd
02ec00c6
f2cc123b
011b0cff
f79ff000
0b4233cf
81efc1fe
d2140317
163419fb
db1e0802
4df1f33d
fb22b4ea
d1dedcf8
fdc5f4ef
ff1638f3
f01bed25
f72d2917
03f111e5
08f90345
f25ef823
0a28dfef
1f0d4806
48f412f0
fd2b111e
d8070cfd
672c10fa
e5153b32
eb280903
f4b904ef
0f200afd
14f8ef0e
0a20f500
d625eef6
08f00dec
f3fe1d1c
f00d05f0
f6fbddf3
11e0ede8
ef712514
ffa1d3fb
45edf311
57c90ae3
444bea13
f90319bd
d72f2df6
f042e843
159ed2f9
e5e5f9d9
dffaf6fc
1fed2404
e4fa0b29
deede0fe
f8dfeddc
fb010cb9
0b17dd11
c2ff04f7
01ae299b
fe431ad9
100be3db
e3f1b5c8
bb4aa3e5
d90418ca
ab342031
0c44c3e2
edd9c7df
1357fa6c
264910d0
05f2176b
60cfc306
eae712e5
c801f1f6
0718e412
ff5dc1f9
307f04dd
fbca0ec7
f92fe9d7
ec3d6dfb
0f3c592c
ce072fb5
23b8db10
fd1aebc3
a00707f4
2f57d1ca
fbe1e2da
bac5e2f9
0e644ffd
e8129714
0af8e308
05fef753
f80f08fc
ffd4f0d8
f852e7f1
b7c40af8
020de903
10daa90e
fdebc3f1
e2f902fa
1eec1dfb
ef032415
e2ec10fb
b8fa08e3
1d1a3a35
f347a0fe
d6be2c0e
61e810e2
fb360f10
0cc90c4b
eefeeb17
1df904f0
34120d3f
25dc07ff
f4fa1109
1b0cdd0a
04ed06ef
200ae6f9
f9200001
e93206fa
ed0617ea
44b0ec20
ef01d4f4
facce7fb
4fcf34d3
d60636ff
d108bf0e
ec3104cd
36eb2f25
0d00f0ea
f320e7f8
0ef1deff
edeb0703
f108ee0f
f8390014
0e1922f9
fdec0909
3124cce3
04e933e9
d214cbe9
18acfe25
c7f103f7
fcf0ea4c
3ceb2301
34d0de0f
eec1de10
2817ea13
391be9f7
11151e0a
d51b1c08
e200dd2d
2727eae2
d62107f7
5318373b
fbd5db11
11e949fc
23ca08f7
e15dbfd2
faa818c3
2e0f06f8
1b2b2d1a
b7870984
021ed5df
fc12f301
17e113ad
0c36ece1
ed06d919
d6dee2ed
111dcfb6
07cc0c0c
fa2412e3
00f70607
f707d2f5
14f1f7e2
2bda08f7
f5dd002e
06f1e9e4
10f9efe7
14ff09fe
3eccf824
1708fc09
09010517
06ecf709
f4f60d04
dcf4f21b
1edb1ce1
ddfffdf1
01ff0720
05072602
eef4fffc
d403ddfe
0f10f5d9
19e8ed3d
0dfa25fb
030cf803
07fb0008
fff3dd0d
0eff0700
24fdf900
fa020223
f906fcfd
19fe2c04
0a130204
c5de19d3
050e1a28
15e7f7fd
e60ff7e8
4dbceae6
fde308df
fbe1f2e3
0857f4e9
dd251d25
dcf908e9
d11cea17
fd08ee4c
ca4b03f8
39e4e414
07bf0610
e505ecef
3df50d11
f1b50bd8
1818a90b
fafcd5b9
220ff6f6
0241c4ea
2581ff01
101e211c
c3d815f3
ed15f80f
d81e0542
0be5fe00
f3d5ce09
3ff52111
0ef2f0f8
03e2d915
1cdeea03
e1081201
1b190c08
f0061b0b
c8e40dee
01251a03
cddae1f6
e9e30110
d31bdbf9
e7040725
0a39e1e5
f517f02a
edf934f8
f615f6db
19fcff0c
f344e9fb
ea011401
ec150ffb
ff13ffe7
f1dedddf
f90106f1
fbe3f4df
b93de206
f52b22ef
10ce10de
eef6fba7
d2deff0b
06f3b823
e406df05
d5201803
21e400e2
0baff40b
f81af1e4
3e17f5f3
2beb0d17
0c151c0d
00e4500b
0d29f11d
1b09e413
149bf404
31f5d20d
fc0b1419
0c1710f9
ece7c2ff
fb3033ec
fee8e5e7
0d5d3b06
152cf603
e2cd0815
ed12094d
4cde070d
fad0324f
7fa9eff7
ec3ef523
2a0cedd1
294010fc
c9db0a12
04e1fef2
fbe1ead3
00f5f130
0403f702
230b3b05
ff081111
030c1a30
1106e5de
09e610d5
0cedf8fe
f3010d10
d4f307f0
fded251b
dffa12f7
f10f17e6
041532f2
20ff0c12
dfeffe16
f1fb18f5
d4e415f4
eee8e4f9
f2cee8a3
0902f817
c3160bf5
f8050227
2e31f1e1
fce02af1
e0e018fe
0611170b
16daf509
e206fd1d
e8070617
0ff01708
e505fef1
e70ef8ef
ef0bd5e8
290b24f2
d9e129c4
e5fc2618
180718cb
32c9fc24
d3300bf2
05ea092f
4f461304
4030cfe2
11ff2d04
eeecbfef
2feb14f3
21d01af8
d7050eef
e8cffbe2
de1017e6
e90b14c0
9be9f52a
e9e309f9
37e816e1
45f10404
083b4630
fdd80723
d01613fc
d412dcff
0e210b17
0febf4f8
fd0de0fa
06f109ed
f10ffe21
f7f8e6f8
11e30ff7
1afaf004
b5192fdb
4d48fd02
01fe33ef
3e390718
240919ed
fb18ce0f
aa3e31f9
2f0d89f5
40d14524
f5e6fcc2
d7c63cfb
0d110928
1e19022a
f4b328c5
02b40ff7
06ffe297
dcd821fd
030f02ca
ca57ebf6
f931120b
f701fcc4
ef451c1f
1857cfee
a0f5f0ae
3a54091e
ba36f9a8
01c4d60d
45aa03f3
a2e3fcc1
faaba116
09421ffc
9bd50c03
4d454116
da84c5cd
16dfb50c
3ffb0d35
c3bbe8f1
f0d787c8
490e07f2
0c959efa
c8d2e0bc
58e9dce0
34461b0f
ea1005c9
8fc9f2f9
fdf1e92e
fdce41fb
25212033
cf5fb83b
151a1c22
21f910f0
07ec172e
1606010f
e8b70aa3
cc201ce9
33bb17c2
1dfb09de
f90ef3fa
0523deeb
e0ef151a
ed0c0800
e91102fe
2b141deb
d2ffe504
08171401
1300e3e1
c119d911
e6f022c6
0526f2e4
e29a0fe1
25e7d4df
d523262d
1852ebe5
03f732f8
02370c1b
3c0719df
13eedbc4
e5fceffe
2d1ee4e7
fc36f9fb
10d201c9
33252318
0e4a4616
0df7f556
cc35ecde
09011a39
3c06050b
eef6a30b
09250710
14ff18f8
cdf4fa2a
cde70df1
dcf825f9
ee0100f6
f6fd0af3
ea081011
19aad45e
10e1fbce
193ede02
1bd5173c
f55b2d18
e8f906df
24cd12e9
be23ed14
07b60d2c
cb00d8ea
03a2dae2
0fc125f9
f72bedab
da0a15c6
f206eedb
eb3036d4
c2dee50d
23ffe802
fa22ef10
0301fd0f
1d01dfe3
05ed100b
1218fb03
db0f00dd
dc0fc015
e1ff3500
d1ed07d4
28fa0ddf
ffcde2ea
f312f9ed
8a0218f3
f406d648
1a223f10
f70fff17
19f50c05
fedc19f9
f70a1402
e8ef050e
fcf4f7e7
d9e8d739
04c53ad5
d6c081dc
32335cf7
e4aeefce
cfbfbb23
155e2b09
461a5b12
252cfe98
d1fe16e8
17ebe901
fd01e106
0bbd1cb8
2400f6ff
e7201acc
4f2417e4
10d7bbf3
ef133e15
f1200e04
0d13fff4
fbfdfdfb
0204ede7
0105edfb
0ed8fc03
ff02f2f2
1c0a0bea
e6e1ede7
bbd916c6
10dc19e9
e7fcf5db
e8270be4
fd361be7
c4c8ff12
f6eb13fa
fdb8b6f7
ecf4fbfc
ef22f7fa
e3f2d6ed
090a02db
111ef009
22501df0
0dc3eeee
e909e9ed
1d2aea12
1e2110bd
0f1c030e
f3e706ea
d331eef0
df05abf7
bd2c3fc5
16cfbeb2
98e74f11
03071ee1
15e19bd5
e54bffc2
e82dfbe2
ef0b12d0
11150c19
e848ff0d
edf011d6
05061ff9
e925001e
e63e1a1b
0a040ce2
024230cc
ed0310da
f2d6ea13
13ebdd32
fa262516
1efaeadd
de24d0dd
e92913db
ec1d0016
ef123cfb
d52fdbe7
2667f4f7
e42915cf
e4e5fcda
e40ceb1d
4a13efea
b60d3611
efd6f4d5
47ec101e
c845451b
e9210508
0d1deefb
fbf83dc1
5e170ffb
f9daf40b
c720e0e4
0b37031b
fa0337eb
e0f903f1
ffddffe5
f917f9f6
f403fcfd
24f0d313
2602e0f8
33f524f9
d9bdf619
150f1bd0
21170864
e524fd0e
e51df2e5
330aff66
16c44412
ed20e9dc
150e3101
49ea0be9
1e3b1328
f4440ef0
30b21af5
18e0d909
122a36e4
f41bd70a
dbc912cf
ffe313e4
00ed0310
eaeb2419
b4be12ed
bbfbda53
d8fa0a02
f832edf7
fdeff2f6
0b2bf512
e820e8f4
0bfbe7f5
e000130b
e4fee315
44863ee9
db224304
01eb6031
f6e6143c
ea14fa2b
ed00f311
ff4fd1ec
0108efc9
e527161e
cc3055d1
37fd1f20
76d11901
3131e56c
eafded40
100f2ae8
12fa2049
f4381319
eff125f3
14c507cd
e1f52503
ee1cecc0
dc1c21fd
e51deedb
f5ff06fa
e5f544e9
e6151c07
ff101202
e0ea2cfe
f0f40714
d7300dfa
d419f2d4
28f7113a
ddfbea0f
bf0107be
06ac32ff
c925f612
38040f4f
0c5eff70
31fee80a
332dc4d3
ee0406f3
0903ff06
190312f7
fb03501e
03132612
b1ebfa18
f80f0cb0
fb07071d
1436d506
eb05150e
f128080f
06041f05
0208ff08
dfeafbef
da0010e1
101319ff
a60d0aee
23e7fffc
ad212516
1ae1f224
0ebd2d27
0df31527
d6f20a0e
ebd313f0
21192702
1d061704
13d0dbd6
5539e9ca
f4e629ee
19f71800
37112a17
01f32e18
eceb4315
d61c2e27
4dc62a07
28de1dfb
ea902055
dfce01f1
a9ffd6e2
213b06ee
d3ce381b
08e10eb1
0b0700f0
290afc10
0302d8b0
07d6cafb
addb2d04
d0e51ad9
e4e4d3f9
13fdeef7
d8dcd800
e0f02006
f516f0e0
ddd5dd04
f3f212df
0cfd0e0a
08e3021f
01eff6fd
0f27ff24
e7181ee2
fff8e80d
e821e404
faf910e3
edfa1028
0e44c331
d82336f9
233c49ea
fb350bd3
2409c600
f9b6f311
edb612f6
e15a279d
dfadd1bc
eb0aed0f
29fe2608
180b09df
20e70327
f8d4f820
a20410f7
3226df1e
f5f60b11
141bfbf8
1aec0cfe
f3fa81f3
0c040efa
7f01f4ff
2c1cfc7f
1d04f1f8
4e1b501a
01f0c815
d2fe1102
57f11cf0
f11b100e
e729dc11
17271ce4
01cc3223
eae3311b
d432b3c8
05e5feae
e9451403
ccc324dd
eb3225cc
c44300ec
001ef820
fee1f8e2
eb2a12d3
1b1021e8
250d11f9
dff4eef6
ef040836
1324c0ef
5bd828e6
210fff1b
11c8181b
04e81910
f3ccfdfc
dffd07e5
00e0f7e5
2a571402
16e5ded2
fa1ef5f4
01e1f507
23c011e4
1fec3142
e418ee41
cde4f806
d81709cf
ea17fa20
0c31d1f6
400e060c
e42733e9
34122311
0d32eaf3
e0db0c07
41c330dd
e82a240c
35d70d1c
15082107
28f4c2c3
031515eb
2e0f000a
eae13c0e
f010b3eb
f82122d0
eef9afea
0ef0450f
e3164613
eeee164d
0bcdff2b
e609090b
0e02fbea
28f72908
d1cc20ef
1512c8f7
d5f82800
25f6f9fe
fa4ae6f3
07e61cfa
0be2ec07
f0e0f197
0d05d223
050cf5f7
2cd310d8
d7040215
eb2713d6
00d1f6db
361bf8ff
281913fd
15d5f3dd
dfd2f001
11ed0e2e
de001519
f81c16f2
ebf3f5fe
0bf2eeeb
20fd06e3
3e0fecef
d6e5150a
1a1808d0
0008f909
16f2e1fb
dad3eeef
e5da0ff6
de13e6f9
10e110ea
fe1902f2
030f2805
1410fe10
00eaffe2
1b273222
f0f8dc0d
f803ef0c
7be1a2d9
f13de2f7
f6814912
fefdff55
8148bcef
64ed33ff
30fd81da
3555fd32
e245e607
e0092512
ba42d30f
d0b11aeb
16fa1d3b
0621202c
f410e103
120df90d
e6be03ec
05e6ea0d
3deafd17
fc0c01d5
142feefc
0412fbe1
f309f6f6
0d10db25
30d40d1f
3408231d
fc0bee0b
cbd71206
1f03f915
15fe5705
d5e323f5
e8eae021
04f413e9
1cffffe0
15f8f7fa
f1120e09
f809091d
03fd480a
fad0fcec
efeb9e01
c023b0fc
f312effc
fe3df03b
f429f215
06f40fd5
f31fe407
270dfc11
f5e6fa04
cd1104f7
dff6f2ea
e0edf405
faf7dddf
0efb06e1
01ffe2e0
e9ea4f11
f925dcfd
f53936d5
ccfef0bf
080cf7f4
382317e2
efe6fafa
e303ace6
18ed4520
0d1b06d5
1ea9e7c9
a9263a23
b40cbe48
4c07f6ec
2f1f486f
f640d42c
4416e5ca
fc12061f
621691e7
10d62f1d
1048b4af
322b04e2
26cddc17
a8ba230c
27d2c7ee
28c309cc
49e96eb1
b6075120
2a506c39
edb8c22b
fb9ab614
00190b55
bbc9d3d6
2a37fdef
c9c127f1
b833e8b2
4dd74af4
3fbfcfd4
f6a0190d
2740d720
c9d03553
fe15e9c8
ea0012fc
0704f9ed
fadf00d7
e3db2310
e4e7c712
f8ff06ea
2a1f0ff4
f2e1f3f9
47e0dc3b
6a24ebec
fdb13a4c
11f93310
d4d418e1
253a36f5
bed1cedc
dd2a1793
28052908
1cc16066
1bfef0b4
d6ceff09
0e0df42b
b30813c3
bfd83bf8
ec24fbe0
b8f51406
12d03cd6
ddd803e3
04a41c2e
071fde09
fe0a0216
f41ef53c
07d61506
0a14fef9
1cf3bce9
efe2e821
272b0cfe
c8270c0c
f1f30d10
d5f4004f
06ed3ee9
0d1d37da
3c08c301
05fb1413
f20d3305
f590ffe5
d6b3dce1
cc0bed01
2fe6e6f8
e2421024
14f9cadf
d1e11417
04f11159
4205313f
03fadf29
4ef4b4f7
01d4fa38
fe07c523
f4fff720
f6df11f7
fff4ede6
1506e2e1
d404ce20
0cf60c30
19d703d3
e6152309
f3e6ebe4
faef02ea
f3fc090c
12fe01ff
e711eb09
090d1cfe
13e301dc
34db0b0b
d0120a07
d1301512
03f31508
f30304fa
f71e201b
e3e00c17
27ffe1fc
aa1c09d8
ebdbc5f0
c5f9f7bd
fc18e30e
eb1ef4eb
c42ae6ff
18d2c511
2515041d
d3f7064c
1221cde7
db1cfc07
d905f405
cb0206fd
0a03d8fd
24e00927
f212f304
a6c4dcec
b045cfd1
14290848
eb78191a
fa11e9f5
7f17f89d
2d1c0a40
3e0effd4
3a0e0c0f
c544cbdb
27fe36fd
0c00f9c9
1ef22db0
fe1ff043
0c1b1a15
d82bfdb5
181218e8
04ffff1c
fbcfec10
efe20302
ecdc1af2
37f408fa
02e416d2
0dc4e01d
0ed5f513
0f0bf105
220a0fe5
ee1e0515
18010a05
400e0409
0910cfe9
e9cbf0f3
fa5bcde4
1ff7d408
2f23efc2
84e9e7ed
2811c26e
1ee60717
4bd138bb
2b200810
d0491412
f8ff262a
fa1221fb
e60ef30a
bbf6d402
ebe9e6f9
c71404d2
e8e5eee5
23dff0f5
37fb18f5
f5fb02e3
f7e9fe04
04cd17ff
30254d17
1efcd8c5
05f3f1ef
fefaf7f0
ff15ed08
02000f14
0f02fa06
0bf71305
1b010c0d
e1f0f315
070bf20e
310ed72d
06fe132e
eafdd60a
0f21fa00
001beee1
29000d0e
fa17bae3
f4d0f2fe
ed03ff05
f2fa18ee
f0e91581
05f3d2e7
3e46adf9
d03df3ed
574f10ee
f5e20826
46bbda30
451d20fd
bedc0e46
19fd0409
f942f602
dad745d6
ee06e8eb
efda0ddb
24f4140c
12ee4b1d
0b2effdb
f229d82f
10c0e2d2
1ff9f7fb
fd192206
f40dfbe5
f7fff601
fde4e512
b41e2bcd
fb0ef818
f6dcb6f2
db03ee64
d6061afe
180608cf
45df0117
f8fc1225
f3f6f0db
edd7cb0e
f9030bf2
21ec19fd
f2ef08ec
fc1d0802
111b06f0
d7d2d6f4
24e3a14e
42a4fcf5
de483ae4
26e11632
00a7fa07
f2ce180c
1ce8be12
d8e024f4
172becf5
30030917
1e1cfdda
26f51e0d
01ec1ef9
01faf3fc
fb019016
d4ef370c
4e294003
dd0324f3
e5bf1109
451c475a
0b8eba23
d4d0fc1b
bccacc0e
3fdf1c00
e426ec3a
ddf6f1ea
16e72d0f
eb2d0410
d373f7f2
ed130f4a
48feea05
9413b3ff
35e20ff7
98b7b5cd
ccc66152
f050c395
7fe70bb6
e82cf2ba
f1194918
f5d01127
0fe8f408
ec0bf81a
0d0026fd
081cf3e1
43772fec
092de4f6
be1c31ef
de1bfe07
fa0200fd
071cfffe
04fce611
e8edcb09
11ec0204
06f1de1b
c0d90ee0
f5c8c9b5
12e615e1
f50ff3e4
1ec4dee1
07ee0723
f7dc080c
22f6e813
cb0ffc03
f02424dd
09feee44
051c1715
1ae8f4f2
1b0b9405
ebfcdb20
fc40f912
25020bda
06f3ea15
2ae8f2ff
f1ca1802
fefc153e
ff1f32de
110bf6d9
f70ae73e
ca0d0739
50e6e122
d7d4a8e9
f547041d
fa0fe414
a72b2012
c652d6f7
032605f7
f9de24fd
5205ff12
f0000bf2
eb15fbec
0eea0c36
13fb17fa
f0f9040b
e2dae908
ee7a3cc9
4c4fcbbf
40c8bc0c
0931e116
c0950cd1
c8ca39f8
02f41b4e
fd03f84d
bd2e3a26
fc1afce0
a708fb25
08151456
2ee19ba8
e4fb0016
d981de4a
d9fcf627
bb034fc8
dbd20d17
f6d85d2f
a3381bd4
c8dbab27
07f91ea4
11baf613
0a0ff70e
0811b528
3dee0e07
1dbd0744
0a3421ec
0e060819
0becfdf5
e701edd8
e0d6f30e
d7215ccf
1a045433
262aece2
f9ec1e06
fde8b324
c1d1e0f7
f5115d03
f8160181
252021dd
e62efc38
dfc5cbdd
fba35b15
f31a20fc
11dda703
1f1c0302
0032ef02
1a3bfdff
e60c22c9
e76f92c9
f7ad2901
26c04fe2
e8240fe4
f8e44c42
dbf5f8d0
11363200
d4e8f822
04b815c9
0cde2edb
d915f8fb
ddfa1731
0ddbf7a0
fccaf357
dc403f04
efe20d0a
0efafe17
f612f7f2
0bca1bee
f4f5dd04
4d0101f5
1836d4e6
e4eef505
1525f725
0c1906f0
e0ed29f7
ed2ff0f3
e53d0f1e
d4e1200a
01d70201
fff408f7
e80214ee
f113d9f8
23df1ef9
0d32d70d
c9061813
031af7e8
0ed2040a
fb42f2bd
ca0613b2
beb9f7ff
fa12eddf
d6e7bad8
7411f758
bb1aeb1d
1501f8b8
1f51de20
c10717f2
ce1bf662
0dbd196f
f4e82007
06e8290b
1d47e9de
f820fe6e
02eb31eb
f306e913
12040cf3
eeec1a22
00df0118
f5db1ecc
e9e6f51f
0c35f1e3
f481d84f
fd11f913
3df211e9
7f0cfce8
1b2cd4d7
001295d5
c0f61d34
f875f4d4
cae2bc57
d00a573e
e2612932
07271f54
0d11d017
b3142cbb
4e1249ec
06a20491
d8d24cc5
3beb4554
3fe16650
e60b321e
371112b9
4ff02f46
07e5eb1a
f913f4f5
f4c9f75e
4c2195a7
1e0c7dda
f2f9cfde
2201d246
fe063dc7
e83e46c7
01e2fae1
ede6084d
eace3f05
6a39260f
fce7011a
bff42602
1d5ec1b0
2007e623
f037e105
f8f2fffb
21fc0ee3
250bfb06
ec2917fd
000503f7
010548fa
d90f24dc
e70df621
d5f6c7d4
f7130c15
0bd1d6f4
30e5fdfb
0a2725e5
f3091517
11e6f51a
1d0ae02b
fcfe1212
fb00f1ff
f3f3f817
08f6f30a
00fcfa02
f7fbb701
fd0201f4
0b08ac03
e310e2d7
c2e0030e
ddf5fc0c
f600231c
fed50dfc
1c14e90f
f1cb0909
2015d4b6
e8ee40b7
e0bbccf1
f7d72907
31f915f0
0e200ae7
aff9d1f2
05d2cf46
210d0c3c
1ce816fd
e7fdfaf4
d818f3bd
3e2dee25
f0e60821
ce273afc
ef21daee
f4d506fb
0ddce6ea
5b0735e0
4edff6a8
2cfd08d5
cc423613
c8fdd50e
d51fe833
04090411
3c0df4f6
f0f73e23
e409fbcf
1afe0016
eae8ee10
fc25ece7
de0de51c
07fff4df
51dc1405
f9350611
0f0e3efe
23bae6be
a93317c1
3410e33e
1a0d220d
f85ef12e
1c40e544
aad3123f
9c2005bc
2267ecfa
dde91a47
43fc0147
214acbc7
12fbe6c6
c4e908ea
e2e25705
28dd8bae
eaf9e9ed
b45be560
1a08c7fa
22ff084f
1027e7fb
1de42713
1623f5f1
e9ed1af0
d1fde022
0debfe06
071f02e5
3313ecf6
cf21e630
0b0eea08
f8fe000a
0b0cac52
f85f191c
251aee08
22e63afb
f310f5ef
f2e3fc0a
fccd25dc
d0dbcc1e
f0023db2
deff0e1f
cdfaf4ff
0d4516e6
28de3dff
110eedb3
eeefd709
26e2371d
524420e6
da1537c0
26d80903
292d2fe8
04d101f8
b70fe7fd
09f0c7e7
ef081eff
13e6be1f
fffc1106
f8fb2a53
22fb06da
e903e3c2
05fae7fa
302ec515
4303f336
cec50f1f
c1fafad7
f714a119
040525bc
a7f00bcc
f0da08cf
25f3e2f1
d707161e
f4e56996
30cacacb
cfe5ed27
c1071120
3139f9db
1547c9e5
0a1bfeff
b6e8cc17
fbb4fedf
07e40320
e8fb0751
b40bbfa2
2ddb1ef5
1d08ecf5
e3b2e2c8
19fcd1ff
d634fbbf
0eb4e721
fe1d0f3b
f00d231f
12e10bda
d02302c1
cece23dc
d5132f2c
0345fffd
104218fb
f6ba02af
0c1bc1e2
00eec915
be0de916
29f2ebe5
d715f706
0eec0629
24e83803
f51e20e9
f91cce43
421014be
05f9bf34
1a2bbf01
06030efc
4de2cae9
00d4efbd
d93b3bd6
0b04e603
07f3f52a
f6400039
ee23e1f4
feede23c
c8e8ea01
f1d70cd4
ed061055
a519d424
e203d3e2
01b702d9
db0b26e3
f4fbef1c
3207d1f9
16f2ac0c
ebd91efc
33c4ffe9
1f04f5fd
08230219
da14e40f
feffd30e
d806d8ee
0f08e2e7
030bf1df
1ffb0f02
0d0acfd3
0be3e403
2c13b5e6
21fa28ed
de1fca0f
2a09c328
04f7d2d5
f9080d02
8be4d7ba
0afa1412
f4ff0332
be40f9f0
e7131a29
e017fedb
f92ff1e4
ebfa07f7
ce17ff0d
ee01fee1
a4e03c1b
02031518
00eecb33
f9d41ecd
ffe211cd
dc1b00df
ef2fd039
04dbe3df
cb39e7d7
36e4ff30
0a5003e9
badf0d1f
2a022900
f4fb26eb
15cce1d3
d1f5031d
c119200e
caf61aeb
01100513
18240d06
f5fc04f5
05eb94c3
09081e44
f7250bef
0c01aa2b
08d7f501
dc0a0c11
0a02fe09
17d100e0
f00639e8
1b08ec26
ff0d07f9
0c21e41a
52fdfc26
0d07462b
bcdc00e4
f530b325
fa0ef51c
e013fd1e
e9f91623
1df82ff1
d2060efc
ed134511
1ce5050f
0e02150e
16deef13
e8f1ff23
f910ef2f
dcc3070b
2301f70f
d8251401
e609e8c4
20ef0f14
0618d831
f14007f3
0c01dd13
32dc3612
fbd43718
23112217
3cff0f06
002d7fe7
fceeeeef
2a061b02
1859f0b4
f1ea191c
fdd6fc00
c90f2819
14ece1fa
06f8e3e7
0af11203
b9edcccd
fb07001e
12030fc6
26f738f6
1d31e2f2
f7d01c18
17f30dea
0e0b3137
cf0b32d8
ed0bd9e0
14e90302
16e501dd
fcffd9f7
0fd00c2e
f2251716
b8f41e0e
f5f938e2
11fc0202
d830f3e7
07141bf3
2bdeff77
f7d7d4e8
cf4200b4
fe222a2a
dabfcd2d
f216f624
ddeb32ed
e7fd1ee6
c1bb53e9
2b432606
d807c6d8
19fbe115
f0e6c44e
d8f1d605
e6e21cf0
3510deba
fbe5f0cb
20cfe814
e5fbf942
07eca7cd
18260bee
131cee04
1515d318
1c06e815
01070013
eb14f5ce
ff25c5dc
93282205
ecb5eb04
27af020a
2706d6ed
1c01d60b
e6f3f1b6
20d1efb9
fef4fb44
dbf9edf1
14dce20f
16dee345
e514fe1c
d5fb0cde
00220cf4
25f70312
0ceeff0d
e81ad402
edfbff11
1c1cef06
b8581ed6
277f8dce
0d7e150a
d93c2938
397fec17
d6ddebc1
d7190cf4
0de60103
051601fe
ebf4d3e3
1e0304c2
3decf40b
100502f1
f2ebdcf7
24fb4117
1d10fdd8
e8020210
0ed1fb15
f30d0b14
ebef0df3
f01e1317
1c060727
f8f6f3f7
f21400e5
b2d3d526
f4c5ed1c
d2d98132
d89ee712
f0373be6
d72f1af8
44dd54da
afdc0312
ecf033f3
fc10ecdb
23e8db14
1b251514
05fd1ce4
28ffdcd5
140f020a
f4f5d919
f6abfbcf
81040afa
19cb686c
d209ada2
fe2e0ed9
8c04d9a8
d5c30206
eff2ee3a
1c35ebe9
fbd41d06
27dd0e07
ffa73f0d
15e3260b
aceb1def
16db9bff
01f31213
dad8591d
3510fad7
ebdf56de
26ec31f7
ffd9f8dd
bb14c5c3
0509090a
eac5dfcd
e7ed20fb
f42aee06
11f90c0d
1aad0d17
e0f6fdfb
4af4a8e3
ded9c632
3623ef23
e25ae8de
ed2b2807
1c13d409
1041fcc9
33aafcf9
1006e522
d53de91d
fa0412d8
fb02d2ea
f1f40dd9
f8fc170b
f4081003
0c040800
f0ee1b06
070804f4
f7ffe6e0
dd1feb09
22faf02b
a6071122
eece0721
07f419f5
e6e6def8
20e509d2
e7fd0409
b9dbe6c8
2bb4fa00
1ef2323d
f8ee0528
3ef2eb27
fac61703
bdfb1a25
3f04ff14
e808c025
f5e6f6da
2bafcf4f
2ce3d9d9
cbfad8c6
10b9fb00
1c1d37f4
0f2b091a
ce0fca0c
f6f8f733
e5f9ed27
f8eefbf1
d70f1809
0ebaa01b
02e1dafa
0115e5e7
032fd500
0616f404
d6061e46
e6f507f7
ee2ffbeb
2d030338
1219d938
0502f412
06e02e03
ffa60a32
ebeb0bd1
d34107f2
2f0302b0
e3bbfe0e
4c0efa17
14e8f55d
f6d70816
0c010001
eef7fd16
04f417fb
f810ea09
1c1220f1
e81239e4
0cd5d4d5
34b6c259
5abcfa23
beda14c9
2ae3e3f6
54f15881
cd28e3f0
c410313a
d3430803
af061c0a
1ae0f60c
1b50cbf9
1bc50c05
e3f6194d
1406f1ce
1d3ce615
0cd90bb2
eb1032d6
302d3fa2
501c2dc4
f5062127
0ae62562
20141f32
c8ef398f
bad1e5e4
f30c5208
ab28300b
e718bbd3
1c24f934
ccdc18e4
e903b4cd
22ff060b
125afd4b
db08fdec
d915e20d
b429c1f3
1c1adf08
17f35a3e
eb28e8de
0905dc38
1605f0ea
f7030a14
b4dee8b8
acf7b247
f2b91e1f
f74908c5
3c1b1354
edd845ce
1f3ce4e8
ccefed13
252726ef
f4090723
050bf606
ed210f0a
3bfeeed6
eef9fb06
0423f006
e9dcf813
f90f0012
cef8ffea
072cf4f1
cae6050b
4d290bca
d9c5f527
00e1f8f8
c6034609
0616f8f4
16cdefb9
d6d923e9
ebbb4436
13f00bde
5d02de30
d526d53a
e201f9fc
e4f4cf0e
d8ec10c9
ecdb280c
3d212aec
fb1cf5fc
efdcf92e
d512dd01
fd5c2adc
e702cbec
f0e601dc
fbeef5fb
e71eea26
ecac0839
d404e8bc
13d3fef5
04d72914
f2d52e0d
1905c904
f794dd17
e7f7e414
f7cedefd
c2def8f5
fd0602ab
d7f829eb
e9e6d51f
13f10c20
ea05f6e4
f9e106ca
f61c08f1
f70af522
0506d726
1ab42309
e320090e
bc1227c0
0b1ee1f4
0110b9fe
08fe5c29
f9ded9d0
e413cef8
caec16e2
0208f3fb
b321c4f7
00f123ed
21d40de6
e612e3fb
d426d8f7
1c31e50b
eb04f2c8
ac06a209
f8f7f100
2b9bf430
e9ff17e4
e40219ef
0b0cd5e0
3331052b
240e1d06
e0280a20
d73ad851
0cfbf82f
261948cd
d635c4be
37fe0634
1901e40c
f32be7a7
551e36ff
4d31c9ea
dfdae0f6
f66be11b
e3de1fc2
04fdf9da
fd0bfe27
0c1138f8
0e13f4fa
d809492c
011a1305
0919dee3
0be80717
12160007
f5f1d01e
02bfae22
fb06da19
faf5f4e9
10fd081e
13e2e5ff
f8f42ae6
101902d6
0feb170f
0502a324
14fceb0a
f819025a
fa9eed28
271e00be
1cd4f3f3
fcf92829
e903090b
00e0fae3
e4dfcddb
ea452bf8
30f6cdec
19fbe4fc
2401eadc
e42afb46
2236de22
23f406f5
f9f6070c
552dfce1
1b02ff10
16ee1726
040f22f8
0f0700fd
03ddff21
0f260cf5
db2cacfe
e734e7f5
ed253418
df0e1a2d
d1e8fe0d
11222401
1bf9e0de
fc1d240b
140de9e6
f8c6070f
ec02f8f5
dbfde815
bfc6e201
f8e30aef
11f1e1ec
faf64c18
08ce22eb
310ed72a
0c21eb38
fee40ded
00f703f2
09dbf70e
f3fffaeb
091ebb24
3030ab33
e4014fdc
ceebc0f1
16fdefbd
d6da5740
18e9ebf1
ecb10417
03f242df
f6fe1d02
104307eb
2ef4090b
180b1707
fd0ad0fb
110df8fe
f929ecf5
d4f2f3c1
15021418
9eec12fc
31d0c309
06fdeab1
aad71adb
f00545eb
fa31f611
1a2230f0
fcfff02b
0ae5eeba
04eee50b
f9f0d8b5
2df6c7fa
efd5f7fa
fd0ae1df
bcf4a9e8
f300141e
421cb4f6
fcaa043d
f9fb2027
032906f9
0a063732
10fff117
d61bf53b
2cec0e2d
efdc4906
ccc0e93e
e8ecedd4
341c3e3a
0e4311b4
fa120bf6
16ee4009
f4f60db0
af04e0f2
0a3514f8
1be2051f
f40b1fce
d0fd2bc1
141afb20
f2f327f2
1b2fd1d9
5947119d
410703e1
fcf1cb03
eb1c1b2e
034740c5
0bfff1ed
0d1cfc60
ccf4eba8
cdaeb950
e36041cc
e604fb1b
fe3716b9
08282fa9
ebfd000b
c4f9d710
33ee0723
c907cbef
ffebf214
fceb25f0
14fa0ce0
1509ce2b
0ceb1003
50f30cb3
2cc746ff
e80b3c2c
ee2920de
fad8430c
32c4a2f4
e778fb18
1afedf23
11f604fc
ff060b06
fafa02f1
ee0b030c
fbf21300
f9f9850f
f1fb10fd
04061205
0b2cf81b
b0d7f5f0
fa238dfe
ff2ae421
1ee51b03
40cd2229
14e8f4f2
2db5d50c
073cff05
1a1da212
2fb95cf6
b7811806
edd22aea
55f71b31
430c211f
1804d102
23fb22f5
0902eff8
07fc0f10
1101f8fa
fff105fd
fef6ee07
00fa11df
fc021300
ea0e4e0a
e3ec1122
3830f405
e9b7244d
ead4f64c
c6f7f41f
190b2b18
edf0e507
4c6ec804
024c2417
a510c342
fdd618b9
ecfd550f
e31dd03c
bd2db039
31ad0e46
d84b081b
d6e532e6
f3c3db45
0e2eef0a
0402cdfc
c4eec60a
fd21f9db
ee26ec39
f5f712f5
e1ecfd15
fd03d9e1
f1d9040b
fbfdf0f3
e1d8d8f8
1b0a0522
06020a15
0857082b
c1d92dbb
bb200819
0549e602
c24dba1f
19b9db00
ff3056fc
0704f731
19e81e2c
2e11fc40
f8d2ed28
dee7f4e7
f7c72e08
18ef273d
db0ceded
3d0dd82e
0021d1da
0d0d0010
10f1e109
040bf3df
dff9fd10
cd0c3bd6
f71defc9
03f1e81d
1b4cf318
09213102
d0ed18f6
d9ea19f1
f8bcf10f
da084213
dce9eaa5
eba4d1e4
cb11eb1d
fb061411
0715e608
f10106f0
151a330a
000ae8f9
e3caf92b
e400df1f
51fff006
29120023
4c2704f9
fa151117
fe3bd7f1
f40008cf
0810b5c7
e111f716
3ae9fa02
1611ebf0
f731fcf9
2b150113
fefdde0f
10df3421
2a11fc04
fefbd80a
111e090a
df0c2bfc
fceef9f5
25f1eaed
02f2f6f9
ee2d16fc
0b0710d8
fd36e712
caf83c2b
fc16dfd0
ce2133d0
1f36edfa
1a14e5d3
fa05c879
1d2cde27
05dfee2b
fadee305
1cf0d4e6
c13e08fa
200af3db
443cf9f9
3dfcfc27
291f4555
2b17e017
15233813
23f0d9ed
511c2325
d1ee15d2
3fcbdcb6
3c1ed0fd
fdfa2842
1b16e41e
2002fc02
11060003
0ce6f7ec
021304fc
03fe010b
030629fe
f7eb032d
01f57af6
fb03e50d
23f6d646
26d5031b
07bffae5
0ada0422
45f9d419
012cfb17
0e0ce705
13d6f41d
642acfde
c2ccd6c3
d4b1e8fc
58f53413
16d6d605
faa82f04
0a2bf5e5
02c7d4c3
ffe5cabe
21efcfcf
32d9f320
ebe6c7f6
fee420db
fde600ec
0cede51b
62ebfdef
254b1aeb
37f0d2e8
f4040101
021c1805
550145f0
f8f8ef00
1c01030a
f705fae8
140a2a08
092bedf9
05f42104
1ee90c0f
b717fb0c
de12fa07
effa02ea
100323fb
100cebed
2a10fd14
24073226
1ce631c0
15eddaf7
04e7fbce
fae1f9df
ff2606cc
033165e4
e3f1edde
e32f1e38
fa14e9e0
de0ed194
0ee3209a
ea24e734
284e9a2b
4c10f8f4
2129c6bd
ef04c3d3
f5110c0f
3dc23e4a
10400acb
e5ca04f3
1e38a2d2
cd1023f4
f031c4f5
3e1bb4e9
12c440c9
62b5b081
5ec3f89c
d6e90028
e3cbfbc7
380b0829
013f3702
29f6d728
e922fae3
cdb22dfb
c8db1905
ef0bf3fa
fa19e2bb
3cf41ff3
47d121d3
33b016e6
eb0d082d
92fae100
af0d1965
2cdae5df
4802f801
11cf3dad
1af403f9
ff4502fb
28e8f313
0c2233ff
d0cd0df0
d3b219dd
1c212bfd
f207d1ef
51002abd
17e009da
e8ef261f
28dfe4db
bbcabbf1
0f111804
e51030ec
c400e71c
03fbfe00
f10213c0
ec09163e
02370cf3
fb0413e7
2406e8ed
d6e4d0f1
31e8d0f1
15d20d01
0ef8e5e7
e6e3cf09
3615f9da
0813fa29
120ef9c3
df0b19fb
190510c1
ecebdcf7
0df10b03
e8ef402f
f3fbf0ed
1b2b010a
0a0d0301
54361537
e6dcf52c
cf40d2d0
c714f83e
facdf5d3
240b32da
1004171b
09d9f3f0
15db4cc6
f7f30ee9
080bb4fc
36f11113
cd0c3a4b
10f624a9
34ff21ad
ebfae539
2bf4e52d
18fde926
1dfed875
ced815f4
231b394f
01d42def
bb22edf5
1bcff009
dc0d3526
e3e106da
180019b8
140ef629
e5ecc2cc
f91f34ee
3ef90edf
f4b5f3e9
d4c12fec
2505eb10
cde0f018
030efe09
ef0bd306
08080403
00201108
fa2dff04
ed1343f4
1413f00d
20cb2215
04f641f6
f218f312
ea0ae025
ff0bc1e3
22e5e3fd
0cfa47ed
cc061111
00ed07e2
fe0a10f4
07c4f119
0eefdded
01efed0f
e2fceaf5
f3fc0bdb
fa0b43ad
d54ac8af
34c32af5
bac00108
3b024304
21fbdc37
f111f20a
ff15d7d2
e3ef1412
222230fc
fdf501f5
ff28efe8
1515c6f9
0dfcf5db
0620d4eb
c5f1d628
f9efe3d9
03f61811
2cd70201
c4f41ff5
0219da19
0f1d1f32
1533f829
f2df2bc8
39095105
26ec19f4
d9f5031d
ee35f72b
9e142902
05e4e90a
042f0816
fde0ff11
f20711eb
df333ae5
40030307
e4ea2df7
eefef9f2
f1eefb1d
2b1fdd06
da16ff91
3fbc5405
d3cf36fd
e13023d9
41c1e0b9
02cff9f2
401a1039
10291197
390e4a0d
1af2f2fe
caa83c0e
df13f2b4
cdfa04d5
df1d0bf3
ab05f016
26f0e39d
0bf7010c
173031e5
3329d464
f706f60b
043256d7
2306fdef
053e5f5a
31f401b2
e5ec0cfd
e9f40dfe
e8022c04
01fef80b
fad302d4
1e03db07
08ddf90b
fef9e628
050813de
d5e26c2d
ffc1b00f
f3d3d412
f2d4316b
32401fe0
e53aecea
15e1f8ed
c3f2f2fe
08012800
dde9ecdb
172de0fd
0a2d1eea
df1bf5d8
27090fdc
f30ef8e8
06fc12f1
f3f72d0c
0a060d27
23edf3ea
f7f62508
dfe3b8fd
ea07f2ee
fce3ecf4
40f288f9
130cdaef
07eee522
ef3a19ea
0529df13
4b00136f
13e5e3b4
14eff9d6
bb07e414
01f2e408
e72a25fb
c9ecee0f
0f150f27
d9fbfc30
2a03f737
cf06021b
1d012511
d6011a35
14e4f92d
d534f013
cb31cdae
b40911e2
66ec15e3
0616f8d9
09df0302
df05040b
10f0d819
07100b20
14fc28f9
083023f4
02feffe4
f2eaf306
3f040100
03f60b03
06f3e7fa
064df1fa
1918ffe8
e41a2cf9
e2d8070f
ec18072b
20b0b311
150dede0
f62e0917
030f0f2e
e313a4e8
e4c2440e
af001bed
e281f0f6
f0d4fb28
0711c6d7
19aa2a19
eee517d9
2905a937
0428c815
fa0cfafc
e41d03e3
feb5e019
dc050fcf
e90ef3e9
2817adf7
ff3e3cf9
f6021f15
140036dc
f10bf8f0
04f12755
e4e800e1
b7ebe119
f8fe1e43
feac1406
4ecbe402
fd0a1516
f6f1ff0b
411ff402
e4ffbc0f
df2a2e0f
e0faef12
f619e7ac
f008e72a
06ff0300
1034df02
32e41518
16ef16ad
f838ee08
e7f912d6
f010efe2
faead4ef
210bd30d
f60bfcee
0b241512
11d93c29
c5e41df3
d708d9f0
edf8fe12
180bd1d1
1a1cf616
0be60e0a
e9010400
fefe00f2
e30ff4f6
f405070b
fe0a0ef5
04061b01
0a090204
080f590a
de37a701
06e2f40b
f5f44126
ef04fe10
fcebd4f8
f8f11cdf
f90ee80f
fd290cd3
f3fc21d2
e119fffd
f9dff601
ff0503e2
ff330c1c
0bff0ce1
fbf10435
131307f9
0314b802
3610e937
0cfbc91a
ff16e41c
f924dfec
d1e812c6
eb2df7c5
fc0a0405
f9005b3f
e6220a38
141c1bfa
02f60f03
dae2b8fb
b62f15e2
f30ceb18
f2e8e412
c11b24f6
de051d18
051ca3f3
05fcff4a
f591fb40
f927d8e4
3e3300ee
f7dee739
be21f523
f6d60b2c
fbdc153f
35411d1a
d23f4cfe
f9e70202
ed5c272b
e5bdf60f
20dfd4fa
f82a0ef6
10f0e323
eee5f9e5
f832e4be
341056e7
10f804d2
ee32fce6
bfcdd724
390bf6f9
16df5c3e
d8ed39ef
0230131a
46001243
1d08f4f2
2c2ded07
f1c439f7
de2800f1
e730f3e0
e7abfc01
f47f2145
41eb18fd
b00ffa1f
d0fc091a
2acf2bf8
f5eadd9d
dddaf837
481f7fdf
4c1b3354
41e90f2f
eaa9feee
2e23f232
ff01ecfa
11d0212a
edde6af5
bd031cc8
78fe1840
c026101a
fadef5f3
bef7f715
cae3de04
d5f5e511
d80ccf29
d42af1fb
ce11e3f7
071c21d5
4be4fe1a
02cb022d
24e52ceb
37f6329a
4aeb24d9
cb0824be
1228d93b
e50fcd9c
0f0942e8
e1190a02
f6160f3d
eee70ee3
1a080b2f
9cf8f6cf
ed0b2d2f
272be3c1
1902240d
07fee00c
01301829
c8f61e81
0b0d01af
05f4e935
1f0be812
ad08e630
13cd2dcb
e2f40bef
05c1581c
2317f907
fadf14d4
cf9ff8f3
ef52f231
d6293a21
fef1ecf9
fd27e307
1512ffe8
1e0c23f7
ea15fced
151bf915
36113303
f708e30a
f7dfdddf
e9190424
2014c9e3
a9ffebf7
58d302aa
16d42ef8
e9e4ffda
dde8fa5b
1508eef8
0dd4d598
f5118107
d51c0966
58e6e33e
131bfacf
014934e3
bcd99bbf
2bfee90c
eefef324
dae1111a
e2feeb22
16f22fe2
e9e41f03
e20001be
7ff9d1e5
38cfeddd
dd2deaf1
0fdf4206
0e0a0cf1
0110fbf3
f5ca0f08
ede5fef1
dde9e600
f118df27
ee2f0913
322d123f
c32005f9
603f3b27
f62b0e02
cddd0bec
2336f9ed
5104e23b
09e802dc
2db1ed37
d90e25f2
492501da
e5f70ad8
00591cde
b5fd1d26
f4de10da
0166d425
08fed607
d416edf8
d209f0df
1a0ee117
13f4f5e0
26f0fdf8
1cc9f5ec
13cbee22
fa02e10c
1614dcfb
d94c05fb
1c0a061b
0e0ef6f6
fae90b15
ef45fe2f
0608f318
fcfef707
ecf8fc0c
0e01eb2a
1a030de9
1a1dfde4
fbeebb1c
faf1150e
fe19f316
31f7d803
02f2b402
120de30b
ec12d81b
0e0bf70c
22d99b23
18e2f9e2
ffd608f5
e20ec206
e4fff6fa
040a0b16
23f6ee0c
2926ecfb
d91edf10
01dee51e
ff2a03ee
c5e70e20
09e5071c
05400fe1
0405fa18
21ffbde0
cfc11906
001700f3
10ffee07
f311b307
f13c3bd0
81fd3bf8
21c812ca
631cf00e
1ffaa3ea
cfdf0206
f24b0118
49072d1f
0904d607
12d1e4e8
d39112ff
dae20d05
10dfe8e5
f429cb27
edc00bf9
412fd71b
28ddec1a
c2f1e407
f5d2e602
18f02e32
dfe4ff1a
bae21205
db220b00
d7d3b60c
d601f50d
e3174123
e90cd71c
0c1e19f2
f5f12ed7
fe038436
eaf9fcf5
fb2afc49
02288dd2
05fecbf1
150e1ef2
35ea08ca
dfe7d3e0
0b080bf9
1712edf9
191e1905
c00448d9
173427f2
f003c5f4
471e2014
ff12d8f1
f2ffc6dc
d62810f7
48eecee7
04f670d4
fbdfd2e7
2f17d9be
0a27fa39
ab0b271d
c4141081
1924f623
3ce11c11
12fab718
d9e73a21
101cf4e5
d9e3f42d
f3e1e6c9
edf0da09
0807e0e8
ce18d2e1
0c0921f4
12f5dcf5
17e208e5
ee021641
bb140500
0b3b3030
cba918e7
ee26c210
02f935f5
241ca717
ff0ff7ed
f4f2dcda
e20aff06
cd202956
f5123427
ec2f2e19
fce4e608
bae405e0
0e0711f3
1ed7dffa
a00e050a
330c37c4
f6d1f1e6
03eb2604
18ede80a
63172713
c012110f
0ae2e159
38fa3019
01fdfdd3
f5b3fff2
911dc9fa
220fc20a
26e01728
03d6dbd1
ea2a0d09
a435d317
bdffaf07
40e0f6e4
e10bf33b
162007cd
d203f610
0e320214
f91bcada
3df342f9
d1293d0e
1b5ced20
f70bb121
f3e206d2
f3f315ff
ffaeeb29
d5f8f8ff
14fd0638
fd04ecd7
1bedf2b2
e22e3321
00f619f3
e0df1307
f221f4fb
03e60a30
15e606ff
110c16f4
fbe5f515
1718db81
e712dd20
0a251c31
06d01c17
0d2aef9b
e00d031f
26dadc3d
4d18f404
f9f70ef2
e202f8ec
ecdecb17
0634fde1
da111f09
0cfbdb0b
fa030beb
0bccdbf0
d51bfd21
f32f11dd
00f6dacc
27cd1b0b
35d1eb40
e2b91a07
0332e6df
f0c9e6cb
befdd7e7
f4330c03
107de1e4
f023d6f9
27e9b3f9
d534e655
1e27e5e7
aa3907ed
f2102cd5
ce08d218
e011dc13
bef5e929
202820fc
1c810537
35122fc8
fe0bfc01
e1d935ea
1d48ddc0
1241d3b7
f301e7ec
d751febe
e13629b2
cbc824dc
172af7ab
f83c223e
fecf3b2e
35ffa81e
da2b0329
f90f3fef
11f26727
1c042bbb
120bf8e3
06c254db
f027bad8
2ce074c6
dafdd8b3
e913f71e
23ed1fe1
17073c3e
f619e450
b5cdd32a
c3e3c11d
eafcf721
faed0ceb
0219ff0c
ff1faf1f
f0ecc102
0146f2fd
1826f50b
07091526
220038e2
0a08fcdf
bff40716
f10ccef8
2909f7f4
05defcfa
fe0861e2
300e3135
d82cfef0
0cf9d0eb
17f95e1d
ecaf1147
feff1137
dff2c961
f21a0328
ecf8f9f2
f00af0e5
00ee05ea
ededd6e2
2715e60b
0ce502f4
1312faf3
face09f2
14e9e10a
f1140bf2
fbe4f8fe
37c522e4
2720a9ec
e6080701
fd11053c
34e0f402
e920eeec
cc4d44b2
0e3a0b01
2ac7f4d6
47ff32f1
32cbd212
fc37e310
37d0e8ed
f6fe3e38
bcfacce5
13d8fbd6
f9a22f01
ccf60114
c2e0001d
19ecf6df
d131e1ef
22e7c304
f5ebc6cc
f801fdfa
162c1709
62251dee
1fc6ed28
edfbeded
1619eb0d
00ff0dff
dff4fb0a
db18fdf1
0b11f307
fdfa22e7
cf04f3f2
07d53011
0b2531d5
fc1624cc
f3020406
eb12fb00
f6f107de
0cf0fefb
1f18ed20
110d041b
f2f412ef
07342c1e
e9e70711
1317f7e4
19e2e8d2
c1dce2ff
ef15f913
0118ddf0
e7ef28fd
f102fa03
ffff0f03
03fd0302
02fd0301
0401fd07
05fdf9d9
fe042205
f5ee2704
fb0bfee2
0b0eed02
edf6f820
fbe6bbfb
f9fbeae9
17fd48d9
061fe7c2
280703f6
8f040bfe
d3fbd40f
fd2ff621
f3eafefe
450d1f22
e9b4fe10
e4fbf5cf
6bcf002d
38f46513
2215f5c2
fa45bedd
1441a2fd
f7472515
c927eed5
0fbff33c
1013f1e7
244e0327
d510295a
bf2df70e
2a40c5e6
e8d4d118
f6e8bdc1
05f6084d
e5cb1515
0c00c6fe
003fda10
eff5031f
ee1412fa
09de0b19
26e113e1
122decf9
a2fc112b
98c6f80d
0c5e0937
b715e9e0
2ed63f06
3344f613
c8fe2a19
12f9fc01
33f1ce05
faf9ebf5
3cf03315
1c12eb06
ffe000c4
16e0e5ef
f4f02209
fbfaf213
e2e9fa9f
07d0c113
4967330d
e8e8ea22
1dc517c2
c81eebad
b6df9aef
d92104db
2dbcc2e3
0b13c621
0bf621e1
02f8fc23
0b1207dd
ecbee9fb
1a1ae3eb
00c50a2f
07352dfc
db28ecfd
e9002b21
13f6eee1
17e12c1b
2bfddf23
143215f1
1206edd8
132f11c9
56faeb38
300bb4cc
0804e1c6
ee03b1fb
bd181f0e
3433dc39
f158f65d
46f8d4f8
e1080b22
d601d5fe
0017e6fb
fc06e5f8
0fdf2b2f
fbe009cd
ff22032a
22d60df3
07033612
ea33dbe8
d512fe21
130ced2f
0b0c02e5
02110016
1620ee32
38f2e404
f4e54001
e7c71d20
fd13e7dc
001af907
15f4ef0d
f2f20be9
f3dcf524
0921d702
f9ddf4f5
c405da32
f217f3f5
11092b2b
32d94d1a
dc17d2e8
2cfdfff7
d2fcf708
190ddd0f
f91300f5
0a06f202
06e212ff
f9ed2349
f3f6e8fc
fbe6e9e2
f32303e1
381dd6dd
3df6f6f0
021452fc
c6e9a922
f758d100
0312141a
1ae50412
d50b0cf9
0c1bc120
dcd31bf6
17f70000
d00bfcc9
fbf6d302
4714fa32
10ebe51c
24eaece0
fd0e1ede
d068d1e4
e9de9df1
38411836
f3ee3415
fa2838b7
1b07fc1a
ebdbf104
f9feefff
f4070e08
1e1bf718
edf90bfb
f9fecde7
0f35f910
0709f711
0808a6e5
121e25d7
4df86f4a
6910132d
c0ef05fd
fbda262f
d4402e15
d206f890
1f1634fb
9dc9d7fc
7130ff5d
0bd00c28
1d2129ae
11e7f20f
e8123f23
25f1f90d
de0bf60d
371e1307
fd140524
c819cc38
170bee1f
55d7dacc
1a0ff124
812fee7c
7fcf3cf9
fb06c612
04c4ee2d
fb5603f2
e4f702f2
1710b8c0
1d242ad0
331dfee3
d8270efe
2e0f1c36
2af92d27
2c500801
09f7120a
4f25e837
ed1fe612
eed1f4f4
f6f041dd
011753ed
022e00ca
3312233f
b41dde24
dcfedffe
004f1eb1
e78bfbd4
b605e70e
4110d1d9
36fff2f9
073feaec
09e30bb4
d507f812
ead15fff
f330eadb
0d0eb222
2811261a
d00d06f0
022305d5
f4c9d8cd
1feb4017
00f8f5f3
f6ddecc7
30c960ef
f225f2f7
e1ff3319
0f083108
0cfdfa21
3bf2acdf
29d1ef0f
2006dd04
c4d8d701
55f3f948
13d76e39
de1638e9
ea1628e9
e70d4c16
07383cf2
d115e8b4
4af5c409
0218c51c
f531f3ef
ddfc13e2
25d1e302
fb45d0d7
f31e2a03
d2130ccb
fbed02f6
d6ed000d
f1f7e816
1cec1302
eadce401
e9ec3d0d
e234dbaf
21fff6e5
1fd0fae9
16f60bea
214a26f0
103bfed3
0e23f0e8
012fd5ce
f31a070c
eca2e930
c9ea17cb
22373ee1
3123fad0
0030dff1
dc2dcbb0
e801fcea
0db90f2d
d2c7db58
302a1f0e
15f50fee
3bf2f425
0e16f817
fa04ffeb
1c21ebe1
1c2f20f1
0c090203
040f0607
2df1f603
c02121d4
cb11f730
49d6bb25
c7adebef
15b111bf
1722f4e5
0f0415ec
1bfaf3e2
1c011613
ed0323f9
f911171f
0cf3a1f1
032c2502
0404e7f1
de2cb2f6
1404b728
09613fbd
f7ea097f
161886f4
144f3aef
2b14180c
2fa610f3
d5f64f10
f3eb2225
defa4ad2
103ce3c9
03c601ee
1b23d004
1a24042a
e2f7e439
09f00207
eff21502
010adffa
14db00ea
f4d340f7
1bfe1f0b
fa0f0237
091704f9
0cdeec07
fe141e27
f1edcae8
14d3f1fa
fa2211f7
fa17ec03
10cd00d7
ebf0e7f9
0013fdd8
3527f24a
1de44df0
04c0f2d1
08e929dc
22e1ff24
0a16c913
c2060a2e
b7e7e30b
11e0ee19
05ded6f5
2f08df2c
e047ecda
2bd803c0
2109f836
fdf5efed
07303005
ef39eb3d
21f8dd66
f82b1622
1c9de612
fe19e130
1aefe9de
eb25e1f2
04051af1
000ce2e6
2ce2f72a
23231721
f9f9e901
e7e42108
31ec08fe
ede2def1
1a15160b
0cfbe62b
faf7e605
e81001f2
11d314f1
d0f21e08
102615ee
e718d9e4
cefa380a
22402a05
8a001aca
28380201
effbc72b
d2d01df5
fe10e008
0afceef8
2137c70a
edf62126
05fee80e
e107fa0e
0b00f7de
22e61c2c
1adb08bf
fcf7fbf0
170cd90d
defafc11
23f5e215
1636f302
1704edc1
fce2ddfc
10f92bfc
05fbfff5
53f4383a
eaf84322
c6123fe3
221d0dda
3bd2eae0
ca040119
1b15f9e2
0f01e5c4
200de516
1202f2d5
f2cd0b12
ea09f60e
cd352647
23e412ea
de24f305
1593f60d
eef6cc3b
28e2d2ff
37e9c01e
93d7fb0f
d45dfd3f
ffe04d18
fe43f4db
28e1efb1
e4141a05
2efc020a
24ec20f4
ffd706ff
ddf9f213
15e12110
0cfcfefc
ed0c0cde
1417ae07
0bedc308
36d83c18
0eaa4550
f204e691
fc3419f7
31f2f3e4
f515eb06
352940fc
db077f0e
0fd3e024
f4593939
d1f71dbf
ff0b3908
37c7dd50
dd24e622
f8c61ce4
f20223fe
eb31e7d8
d2f7f408
f2ffd800
bc32d6e8
e7170ef8
0e37da14
e5d50bcc
daf82ce3
fb0defff
fdfafde8
e801ee0a
ea0d00e8
f9f3091b
2729d2d7
b5bde92b
f6b945ed
5301be18
6a14f630
3d222314
071f501f
da56fb2d
ef00081e
f9fd2ce9
f6fdf6ee
2efa15e9
00f8ffed
0e22f61c
0b08c6f2
0af3f1d9
0001af0e
efdf12f2
eaf7d40f
18e622f0
0bdaf9da
1ffc2415
f10e0614
090d1c00
01dde205
082fb7f5
3625f6e8
4b0ff9ea
fabe0b17
15f6daff
e1051f2b
fa071ef9
f7e10e02
cff22112
0f452abb
e43467cf
23ec0428
37180add
f9e3b0eb
ee34fe26
ecef17f3
96389600
40f4ca93
0bea041e
a4e908d6
55f40b17
6818c4c2
0d280be3
fbf7e547
18f82b03
18030505
c332ccd9
331bf1f9
0603280b
0f12e1f2
f6272bfd
235c02b9
07d7010f
f1f21efe
e7dce12c
082a06f2
f3f72bca
0efb500d
ffe519e4
fef9e005
0514e800
f710ffee
e309e910
fe040e14
f5fe110c
f11322fe
fb03fa31
00f5dff1
eae8eb02
06f7dc42
533c4d3f
e025eff1
22171909
2eea01f6
0f33fae9
f200f4cf
e920df14
caf4c5ec
bbc79e11
38093022
11d506f1
f31a0fe8
1834d018
24e2f7f5
091d0103
09f9f505
14f91812
ef10fbfa
032eea17
0601eaf2
03eff6e2
01e17feb
27bbd6fa
0bf0f43c
29df2a14
130023ea
e9ea08ce
f2440048
f0ea281c
00d4e33a
fc1ed202
dcea2ec4
c7f3130d
0be4e607
f46b1098
f7e5e90d
edea03f0
e413edc8
d0e22713
d0f6f920
dce2e8cd
fafa00ea
dc2bfd4e
dd20ec28
1c5300ef
1520ef1e
2e13f020
f5e91638
1ae4063c
fc190e03
d6ee0feb
0b032f30
d8fc0dc2
fcfe04e3
1aeef5df
fd050be3
fb130e00
05260fea
f5fff6fb
0929071a
0cf7e610
e11dd00f
e1b12096
e60aa4fd
252204f9
3afe0e29
191023f2
f8b603f8
4203ffd8
e902db5d
18ee070c
f3d85512
e1116111
0a16e3e4
c51ee810
37fe0add
e6d8ac77
0f2cebf4
ecf73109
e105bc10
0dde0a45
ee0401e0
ebf113ec
0efeaff5
f8f11ff2
101fed1e
edfafdce
cbfaf307
3205123d
131cc1bc
e31100e6
02387f03
e509ff07
23ff06e3
3e0a1224
1223ff1e
3321280d
f9f72ef1
27ec0e04
b2fe0f0e
21db0ce7
f0f3fefa
dfedf3f3
1beda2df
f0972cf1
15e83707
2c0b0dd8
fe06fe04
0a1afff4
f6f2ea0f
