3f123dfe
09bff92b
fd2effc3
e81236cb
1c07ff06
e991155f
afe90707
2921e8d7
e902ea06
0a0e1b02
fd0af807
004514ec
e605eeef
f60409ff
34fdd0d9
1c04c4ff
f3f1f309
fc0cfcd6
03dc27d6
29fcff09
0704e6f5
4fd13fc3
e12807f1
00bd4013
d807f757
fed22209
fffa260a
c704f5ff
43301106
2eba05ca
32becffe
fc23dcd3
2814eed1
03f8f31d
1c10471b
eef82d08
01d0eb0b
e01ec8cf
c7e701ec
0be84817
fbf9e208
f9f1050f
ed05233b
040efc2a
fa0df2fa
d72013f3
471b2093
b9d3041f
171201e1
e40e0bff
d5e2081d
19fd1e15
130d14fd
1b41e0f8
f1fb36f1
f0130c18
fbe9fe0b
23f317e7
f10fe202
3021d2fb
fa2ff9e1
e2f9081e
01cfdf22
ef06e4ea
1615394b
3b2a0e03
35f4f925
1dfae20c
e44a2efa
ec36ebcb
3e0d420f
0b47e700
ee16d314
1aca09f7
55ff39e6
43fde2e6
f4ed100f
bfcee835
bde9c8ba
b4acd826
e9fd0318
0ee8fe49
200bf5f2
c807fcf2
b81101f1
180201be
17fb593f
df8d279e
2bd2cd3d
0b0f06f9
fff8fd41
19ddaffe
efda07ef
6dc60dfb
573236bd
110426d5
5015dffd
29fae136
bffbf1f2
d0f4121f
0c3dfbee
2fe7f629
dde446ec
fbae3c27
0dd80d1a
f503390c
1ae7e12a
d2080303
031d13fd
f6d2060e
1ee41dc9
1af7003a
d6fee934
f508e0f8
f24ace22
1ceb0b06
ee080c04
0a2301db
23fa201b
e2e60b36
0ffc4911
27f1fc43
041ff4f7
fc0639e4
2381f312
2a14dde6
7c11d9f8
e30ab8e6
02b940f1
e9321b03
d20e1c15
e5fb2b1a
f2c2df06
fa28be03
f6dc2ed2
e159d449
ccdff53c
06bd38ea
9e00e605
2905c8f6
f91caf02
08e3e831
24050715
efa00815
37120efc
e3f1dd01
42e70ce1
de0228e3
2e02d9fa
f37c4116
5d06ccb2
dc19121c
e11a2507
3bb04d13
bedbec03
1211c701
be063704
cecdf858
a3e5eacb
c13530d5
e5dff6fc
eb2202eb
2be501f5
28032018
0ec01601
de18e9c6
cbeb10d5
b7fa500a
f42ede03
fccaf226
321d1d13
f2049bf9
114b2c29
0423ecfe
4548ac2c
c4eb3fe7
271c01e5
ff2cea0f
1beff0fb
04f527db
022729fe
17e915f9
30ede1df
f3d3f00c
065c27f6
dfd606f6
d6f0cfea
1ffad512
f02c0215
4142cff0
02efc8fe
0417b6c7
0106fae2
031d0a03
2605c32d
260b4555
f00e06f2
2df202f6
7f12fae3
c73222e7
27f00300
c71d007f
281028da
d6f71b08
366af5fe
1d2516ed
2014b531
15f906d8
18c82516
2e26d93a
2046ebfa
c6f5e541
0231f207
0df014b5
4d0f1d14
0d22fe49
27f99019
0f200036
f008f1f6
c7073ae9
fe1f2508
243c0f05
f30c10e5
ebdc1a0d
4203f3d3
f2e32dd9
d62614de
aff412f2
d5282d09
fa35c522
f5f8223e
0db6c121
f506d72e
f93103e7
e818d92c
ba00391a
be20bfeb
f8d21922
ca23d507
f6ea1db8
fd5ee240
e931c111
17cbe8e4
e6011127
fafbdafd
dbd5fa07
b424e2f0
c7228e1d
f4d00db5
0905f039
081ffc02
f60058f8
ef0fe103
c610a9ad
fd112e33
e6dc5326
e9fef800
fcf51fe0
19150eec
e703f304
ea0410fa
ecdeed0b
1ef61221
22efe50b
00fb0a20
e406f2ed
faef00ef
f5ad0407
03fbfda9
0314f1fa
04f701f2
f1fde001
fbfc18ea
0a06cef0
11f61d18
03fd2524
da528dfd
0e1119e8
9514e327
d4dcff0f
51da2891
ecec040e
02fbe8d3
00fcd900
0420d800
d2a0642d
dda1a427
1e0cc738
f4f5d41d
edde6b3b
0bd4fee6
2809cd0a
e815140d
a7fef606
11fed910
0138dfe8
fc0af7fc
23150b19
48eee7ff
10e5e528
ff1cdd05
0a1df3e7
e501c4ec
b3c024df
0530f0bf
2922d01a
fa215020
39e7db01
f719c2f5
fbc71a0d
0dfec862
4c3d0d4a
ec2d0b0c
140bfdfd
e0f914ed
02eb5d04
f0ff180a
ec0b1433
68191bf0
17f53425
35f1ac2d
d61a17c7
e331dff6
ea14ff3f
05150a07
04f1fc29
e1fc2431
dc008e04
f105f016
11e002d8
e217eae9
18030ae6
46fe4400
caf02f3b
de15c7d6
9f23efc0
cf212c07
e22fb631
0427e2fa
bc01d60b
15c9dafd
d48ff0e6
4701160e
04fe162d
ddf6d4d2
160922c9
0a6718f0
aec2df1d
f0fbf9fc
fcf83ef8
1a1213f4
dd002eea
46f3e10d
2ae6320c
4fecebee
e528a3f6
cba7410e
61efef0f
c7feb9f0
0d16ea22
facfdc19
0718e9f2
7f10baff
22020cdb
a9e614fe
b8e81421
e9e3e367
042b364e
e8e11503
08eceebd
17ec0d1d
10e7a2e5
ff65f00d
c501e5c3
e854e5d9
02110cd0
b82b3511
ecf41200
37d9f415
14070ef1
f18c41fd
f30ceeed
0db6281a
531b36f1
f4fe1e1d
063508ef
d5f7e0e6
2efbe22c
b313d804
072ce9f2
f80efe0e
cdf825e8
02ee05ce
0cff1305
1403f01a
fb002503
de400c16
091212f4
e5faf2fb
f203b8c8
d1f4da2d
7fb0f1d2
fa33a908
e4ee1514
1dbee101
d8cce0e0
0a2013ae
423a0d08
11d3041e
0247f5c5
14f6101e
32ffbfea
cc1e0a03
0348e0fa
c30f34e5
01c8fff5
b7bbff49
e4f121e6
f61ab4f0
41040020
af06f3f0
947cac2e
2bc80208
cce90363
120410d7
fcdc341a
173608dc
1afcdaf5
1e075ef3
5018f1e9
d10c590f
e432fac8
db2717d8
18e80818
d82104cb
e8fce41a
a12c030e
f1e8b3f6
531aa0e1
ee115124
03d10808
10f83709
13f2eb33
fe1d5012
5afad404
e23d48e6
e1fa0919
ee0b3644
d617f22b
1d07a7e8
2e153d29
e90e16fd
d6cd2008
f3cbe4e0
03091bff
3f2c0803
f5060f24
2539c80b
0619da0f
21fc3612
e72f13f2
25b9fe10
fd3ff0c1
08dcce39
11164b06
1adea1e9
d0023f1b
ba0fc0f2
f102fd03
eefa230a
11351c17
0a39e71f
e7dd39bd
eaea1606
37ad03fa
dbe9d312
26b00214
11aa06ef
1252e3f9
16e2fbe7
000632e2
e9fb1edf
10f8dee0
f6fbf817
0cf50f03
f8170feb
01e4451a
29dc1e1c
fdfd20fe
02cff02f
f6f409f0
0ad8d80e
f4f400ec
4849e232
d60ae8f6
f6e74b00
fd110f21
f0ff2ebf
f9d2fdf6
edff14f9
0dc2d604
35e6f112
0128e9d8
1deafaf5
f1c5fc3a
12290ae4
16d263cc
2fe752f0
ce26000a
07d1ea49
0c4e1bf6
19db3d05
db271504
b9d8e4fc
dadf08f4
d907bd47
e0363b0b
cce9d16e
cefa1d16
fae51303
34f4fee9
1619eae4
dc0a4025
fdff0f08
d6d40c06
fc403b42
cef3b3ed
0690de0c
0245f8f5
ebebf7be
e1e7fcef
f61cef28
c9f2f807
b4dad4f0
1da61719
eb04f4fe
b5dfe4b4
fb0826e1
f1b41a02
1d291e06
39e245fb
24cedf3a
2ef7d048
1cd606d5
fef42f20
d021d7ed
4e2b1f1c
07ff06fe
1122a6ff
dde5391d
edf1f5e8
eac83cd0
0d2fc0e5
1be4f6d3
32dea313
14fe1ad2
5a9e0e05
0b2bc3ea
b71fd61c
e1da1cc3
0b0000ec
ef1a0f0f
0b18070c
ddfc1bd0
e1ccc602
17e50235
3bf5f500
33c21dc4
e21513fc
2cea04ef
acfc1c1d
bbf7fb09
0b0a0c02
0db710fa
081a4b30
c93ef7a4
e8f9d1ef
190ae1d6
f3fce8eb
fd16eb0c
fb1d2e1d
0d050ced
29fadee4
f2f6c54d
0fe1fbf8
f0fdfcf1
02e5e1f9
0600fbfb
e8ebfdf8
150df30f
09f20402
00121ae7
21b95015
2fcb2437
d7240ed3
51ed16fa
fbedf4fb
0b00320e
2a593fbf
fc2dff01
d1f31e0f
dbf525e7
e912efe9
0d09c20c
0e0b3805
e3bf2b64
1aefe3d5
d2fff01c
02cefcc8
de29052b
e8f5b952
3805f00a
2b25eb01
3cfa1a2c
59c2ece4
07d9e26d
ab1407cd
1ae10b30
5821cf81
c7fae1f3
fd13eafd
0b2c17e3
f2144fcc
3d00052f
cc00111b
cbd5ec25
fa0c16f5
2f064211
2acbdf05
1e23d111
df1ae71c
12ba0613
af06f0bf
1119c83f
3a21f10d
0f1c1bed
35017f07
b72e0b0e
bc0b37df
3d3d23b0
3ad3f97f
16faed16
2ef6fe04
1afb2314
09cbd807
eef219cf
bb063f0c
15270cf4
25f21dc6
e211c1c0
f212f5ef
e5fee501
20db1709
fe29673b
1b2b5a1b
02d072da
23c91048
07dcf6d1
ee1ffdcc
150c421d
ecdbd3f3
e7f91120
d3b8ecfa
deef32b2
0c59e60e
3df2e001
d90405fc
190832de
d5ebf916
2cacb451
21ec11d3
fb34d1c6
3ac7fe33
2c06432f
f6d212e7
bb06ccf9
a40828f7
fbddeffd
ff17c23c
f9e5e5f6
040d06cc
01fddbdf
0906f9b8
d90898d6
1efeef06
d90604d1
1beb2cef
19a1b38c
0de71b49
2ddae20a
0d0fe3fc
fb130626
f3161824
f017f6db
38d3df07
d1ca3e1c
e4c5dce9
2c01e409
2f28f304
efdbeee0
0e9ab105
e33e0ec5
f100e419
0910c832
1d54f916
e1e5e7fc
36e53323
2edc0c1e
aff56eff
fcc6e2af
b61fc610
0ca2e144
080815d6
12d7c8ca
15d20a1e
c3e3e004
cbf5f704
dc26392c
d8fd1bd8
c2fd4018
0214f711
f9efef26
c512e323
fd061515
f8ec17fb
00fc1f16
0b1be512
f30a1eb7
2edcd5ea
27feef14
2426e4fd
2502e70a
f6c0aa02
30f0fed9
082a3dfe
e43dcd1b
c93dddec
faf117ca
ffe9d6ec
bb051503
050422f7
217f33d4
f8c52b05
21702229
f90309fe
f1211a08
0f16f5fe
cf03e315
f7e61ece
13e89dfd
dbe9df01
0339c20a
1f06f4f7
d5130713
24e76313
fd043ef8
45f987f8
2ccf04c5
eee619fa
0cd7251c
ff0fe3c2
c52b33f3
2bfcf102
2c1478fe
c9edf7fd
f5dc5bd0
1dd02fe7
e2a7f4f7
fa0d0aea
13fbeeee
a73f0712
dff72d04
1a280f0d
bc0fd0db
f8a6d150
ea221b16
a8d9fb1a
1a2e020b
bae4f127
05f5f1e9
f6542409
3a70e42c
0602faee
cc471749
0402f3db
ebeaebcd
de0f1dfd
12f72e01
10dc1c07
eb12fbad
d4dcdefe
d4f48c31
e6fb2b03
07da06a2
2ed00010
10f053e9
303517ff
0aafd911
f6fd12e3
ddd677f5
1a0e1759
ed0c49fa
4920050b
e40cd10e
c1f33100
f4f0face
adc1f63a
1c51e938
f2fb0e2c
e0ccdb1b
03080020
1c05fad3
131830ff
f2ce1218
08d1e728
122d1fd3
08f91b15
24c42cc5
06fcfee1
22ffe7ff
d8f5c406
fe091536
1f0e0400
12f9d8e0
47fdd6d5
50b8f61c
36f814ea
0afb4c06
70241906
e7f6e216
dbdb4623
0e51e93a
141bfb06
050712ee
430c5c01
050806f2
03f5cafa
3cef611e
0407ee20
0b360109
f8fbc54c
06f7fa4f
da010537
0df50fc0
04f67ef9
50eefeb8
d40555cb
0e3a45a4
36fcdde0
10e6f0f3
cd1fc309
0deb4239
e0350605
faf75dca
17029f2e
48c91deb
f8fbfd1a
c4f2fdf5
f5e00752
effb28e7
2525490b
ff1ed8bf
cde3060e
11091527
2109d80a
e8d70e11
bfdf2e06
e3f3daf3
2e02fffd
1cc8dde7
1e441a98
2b0b13a6
d3382acc
e62e17dd
d5464309
ee0228fd
21f0f613
f3ea0d11
e6fbbfd3
2c103fda
d42c3318
caffe4fb
253e00e7
fd19c500
c9e20d2d
3708e70b
2027c0fa
d91edb25
f3f8dc04
260aeaf9
d602fff7
ee01d900
44450ffe
fcd41cfd
17f61e00
f506ebda
6725e1ec
b62ae116
3b01c60d
31eef713
1efd1605
e343fbc0
f413280a
41f5d96c
e5efe407
200b29e6
0a170c13
f01c11f9
0812d624
c1e7c3da
f105e816
0af6500b
ec982f13
d8f60107
09e48134
39ffd504
fee004fc
d1042be8
501923f8
06fc1f9f
0618efff
22c9efc9
02091301
0e06f6fd
dbec0104
3ecf020c
09eb0bf7
aafbdef4
1afdaf19
eccd2a1a
35f3dc26
0419f2e9
195e9304
43fedefd
ebc221e2
3414f02e
0f03bab6
49de4d08
2458fbd8
03e80616
f20b1623
1efc16e4
a3f1bdda
ebd4c530
f700e22e
f9e204f1
0024faed
e5fa4504
f6fff5fb
2cd604fd
ffdbe11f
07c20e10
0fda26d2
e73cda12
1817efcd
fd0fec1a
0e242407
2fecb6d4
b8d6ed11
f6d5de29
e131f474
1e120606
c405e2f6
0f06e114
f5fbf4ff
f1b1dd35
ddfbdbd1
e52604fd
02e6cdd4
111bd7fe
60e0fbf0
00fe1b1d
10060df8
110eef62
e7f0bf04
36342222
eb15f816
ea81f1f4
35ceb6fc
1402e804
0b09d1f3
3bc7ce07
3414ca1f
ad27138c
0520c7d3
362f0218
05efcd07
daf9fecf
b30446e3
126ce6f6
e52cf4ef
7f1b0681
bc1029f0
fed9e536
182c19eb
ccffe4ce
e0f2eafc
c2001828
b0d7ddba
ed17eb24
defb2d1c
dac5ee04
1b13260d
e6110917
5322f8f3
770fc81e
fee6b9d3
ee4de5f8
02f8f42f
01d9f8f2
2f3ff521
94f6046d
62faef00
ebbc3e47
fa63ff11
09302401
f5120da6
d3e0e251
171dea13
1c0accee
10d6cc03
acacf71a
19fe00e6
3a13c9af
25ff16d8
ade12abc
aefc9bfc
6400effd
6ef3e908
15f7add4
f9063f1e
09caf63a
c5d12a00
efda1006
e20b18f4
f601d719
2a081a07
051a01d9
efc317e5
2220e943
2f00f7e2
edfafa0e
56d2ddc3
e70016bf
fd1712f7
1e18eda5
dee9294e
f6cf0a4e
0fd9e7de
1d1c440d
db02f123
11fde7f9
e9c912fd
e0c7c214
f41304ab
f9fb29d3
33f64f02
02480ef2
2710141f
231006e1
2b1cdcfd
3df70b24
1af7c3da
41f002cc
1bdee9f4
2b09d3fd
fe0aa2fc
170297ed
e9e5150a
d2fdf025
3bcdcefb
df0fd5e5
ee2f33ea
239cddf0
1f0f151f
27ffc534
c8e5edff
dc0928e3
0c42b2e8
4537ba06
b9ead30e
0113a4f2
fe18261f
cbdee10e
27fd06f7
964667fd
0b3c0c09
fb10be40
e51221e7
0d30dee7
68d33701
0af73710
ece9bd04
17ff51ba
ddecbb27
d9f4033e
fb05fa02
e0243013
ee2d44e5
defe28df
edd9b3ed
2d1a37fc
b50efb15
d711f8df
59d2e826
f8420324
1fecf2ca
ef0142e6
569a17fe
1a36d509
3855e2bb
ffffff1d
e9d50837
f647e4f2
0b34d1e2
be02e4e6
d9333705
3017f1dc
341c2bfd
02b7f7ad
e9002d24
fc2ffd25
0ef7e51f
350c5318
e4e100fe
16f7c4e7
ee33f119
3caff1b4
f3f5fbd1
2cf2daf7
fb22fdd3
3af50903
ffabe4fb
dcfef390
f5fad11d
30f306db
03c9eae4
fd2f113d
17b930f7
0cfffc35
0cfff302
ec6f05cf
432f2d1e
0cd90b2e
2c1bdae5
d7f5f611
c919e7f5
db0fc3e6
05e188fa
e9f83a08
2e0fe126
0010fe15
0bf1eb05
e46f091b
d5fcc7e2
04022f1b
fc2537ee
f287ffe2
f4cfe393
c7df0822
6ae74300
08151403
060b430d
cff6d9ca
ff0c120b
0700a001
41025f1d
fe3a4800
02cafc1c
1f03e522
f1030303
36f2ca29
f82c1202
eadc0110
e6ee100c
31f70de2
b6f7e6cf
f403b0f9
3c3af227
0ff9e813
50092dfe
265cdff0
efe5b738
e3151359
300aef2c
e11d1138
1ce7240b
f0fbdce1
e8100814
dfb2f9eb
c5372820
ede1faf6
da1ff608
d6dbdd01
3320d2fc
e8fbab08
e4b413fe
faef3ad5
44c115c4
fd570a06
f4e0f2f1
d9090c07
a2190fd4
e90ad725
f3e1b304
23f2be06
3d4aeef3
d1a8f4e2
a2147d25
e9121c3f
e1f211da
cffae60f
43a550ec
a83215db
e3e92323
c3115435
febdcf2c
9b120e32
fbf0213e
f9e9c9f2
efc02b12
d1f1150a
13cbee06
f0e4ddf2
f00915f8
f1f80ef6
d11cdafe
d7f70810
0af3effb
e123de0c
fd0efaf5
03f21b3a
0c4dd202
fc18f108
1fddd300
2507f7de
30cf0000
3db21109
c3eb5ff7
e8fd221f
b006e0f0
fd2132f1
17189d4d
bd14fee8
0c083e01
f5b9e1c7
e7f723d9
cedd1b14
eb1f0bd4
d412f4cf
deff1737
edfec1e7
6b059ffc
08e5ff25
e70d3005
ef1df6e8
d2efe21d
c0120100
47ebeefb
db39df21
f8efc40c
2e483c1d
dfd335f7
3cf34ae0
26d10ef0
ea36f70b
0426f6f5
ec0430e9
1b1b0602
b3411e05
05e821ca
f8fe14e4
0dfb0cb5
1e072d06
1511e803
ea0b2f1b
1b7a04ee
d9ebca22
38e72d0a
ceaed0ff
1a000b04
10c8eaf5
dd32f90c
bcf0d10f
37d2e4ff
ed5f270c
c1f1e0fd
ccd2ce5a
f42807fd
2f09f0e9
2cfad6ee
0800d2cc
22d40d06
ebf11529
f8e1ed28
24fa1215
e6eae0f4
45f72143
d9fd0a2f
e517b40e
2feff2fe
1404ea10
c4e8071a
f515dff3
e92a0d03
24f7b7ce
00d24501
f3084517
1b28b7fd
12f10dd8
e3b7d209
27f3f502
1251e7f2
f1d6e31d
08451cfe
b5ff55c3
d1bf3d0b
0a28c25e
0ee730db
dfdf0b13
f045f61f
0209fc42
0e02f91b
000e3ee2
c5e1f7fd
ec1ddc09
f31531df
d2edeaf8
00e324f7
c7101e0e
f1f6dc30
c3e6e1dc
a34807e8
fe18e635
2dbbb4fb
01fba1d4
fd2407dd
3b401709
0432df02
e2f7f6f5
deaa0100
d5c517f8
fdf9590d
2ec01648
c8fe2325
2fd5e7fc
37fae7d4
fd3bf8e4
0859f304
bbf5460f
8f3122d8
f5e7c95e
fc090f63
f7f8e7c8
f0e911d2
01032ee3
25093c00
ceef1f1e
16ea68d1
00f7ff1c
263651e4
02c31824
26c4d611
f9ff16ec
b42e7bfb
1619f02e
f92b3417
fae7d216
08f700ee
ff0d0103
04f00203
f9fbfdf7
fdf9fe06
fa05020c
010508fe
fc04faf9
10b7f9eb
eecfe600
1d0b150f
f8decf14
1817fa06
2ee5cf58
ee0a3327
03cce191
45e21d19
d40717e3
37da98e9
26ffa84f
e3fbd8ef
cefdad0e
d11c431c
101ef7c7
1acc04d4
0b12efee
f2fce4ff
c0f3f207
11f10eed
f8def0f7
140c0e1c
f4121e17
2939fbe7
2807f2c3
c51ff708
fd06bb20
feeef90f
0732aa3a
eee63a81
16f40109
ca0ae123
fddfe8f2
25e2ebff
dff5f829
3e4010fe
1bd12234
39aac310
cb334444
4c0ef460
efe51544
1de11dd9
0f0bd700
fa46c8f7
f1ca1d16
281dd7f5
f025d344
dc1ccaec
44eef726
30a408df
f909f50a
f710fd05
c21a0654
caba2743
bfeced2e
b9fc0277
d43feaf1
2453e112
3beb81f2
090f45fa
16e54735
15ef4d18
c0d608e8
c2c8dcb8
de2cf024
164fe53d
0a035222
e2eedc02
02dc6334
c6dd4ff9
18dcec0c
cc0c022e
00110efc
3c1d2a09
0f1d1a0b
2016fffb
4b58f600
0fec14e0
c73434c0
ecf4d25a
dafd02f6
f5e824f8
cf05fb12
1a4408fd
ebebfe1d
b5c9f8d7
1317d90b
08c91df7
2329d9e6
fff32cdb
6b02cf11
0b1cebfe
3119de22
2703e804
16f1fad1
3503ec04
ed59e815
03edd0e2
020838fe
24c42101
baf81ae1
2304a8f4
f21dfe05
ebf201ea
0fd4e1e1
0025d002
f0fdeb00
0d0c11fd
fdd016e6
f7e9c90b
043008fb
e3f22236
e415e716
d310152c
0200c60b
002feaf8
f00f16da
1ff0a9a5
10070f4e
ee2df1e3
1e0be228
e712ea0f
09fb0503
09a1cefe
f5fd2dc3
41ebc60c
d61bdd27
0a512f35
d124152d
1213f80f
123a1cff
15d5d024
f528ce01
1fe7181a
320833cb
f71025bf
13f3eede
22f5d816
e0f4e914
25d0ff03
1a421810
47e848bf
0c21fbd8
00faf5d4
0416eb02
f6f202fc
0ff6feda
f518f303
e01610ed
f6202504
fddb00ca
0ae2d4ee
d66b0bc5
f71002e5
1afeeaf2
1bdd0100
e31905dd
b92121d5
0300ff21
07f81399
ff330415
ffcde5d8
0106bc1b
1dbcfb04
53f91ee3
f1f1252d
05e7fafc
1d48fb23
14d9eef9
0bd5170b
f3e415f3
f2efcbfb
06141fc9
40f4fdf0
06e3f834
fa370410
212532f0
ab1321e9
9dfdf6c3
4a40cc0a
152edbe1
24f82726
f1fbdc0b
0b2e18e2
05f4e81a
2de6e81c
1408e720
1a3fc0fc
f3da0dd8
f7ea1b15
eee8fe07
e6071065
0f12ebf7
ef0eb0eb
8107dafe
40e9e80b
dfdadd0c
b905f4af
44e8c4d5
f6f33322
002c3109
d2021b09
190bf702
171a25f9
def99f37
c608e020
19eb09fb
edf1cb1f
3c54ea1a
e0b93903
3ef0dce3
2d171efa
c92bd6cb
4bf9c9f1
ec7f539a
c4d8e6ec
5ad4edfa
fbd841d5
d7eef700
1aabdaff
f8df1af8
ef39efda
0411f0e6
f4061ded
0eef7fdd
d81113e7
f6f6f8bf
05ca170b
eec511d7
c60aee32
00d8fae1
f52304ce
03f4ece3
31eff3f7
ffc4eb14
fb200799
fdcbf3ec
f7f90103
eb14d000
d3fafdeb
ca3dfdff
d4f12d0f
06f45219
18db6308
7f3c9ff1
34d725dc
0abe0c06
232424eb
26fb161b
e8ca2533
dc0de3d1
38c5e607
24f10014
ea18cee4
ead305f9
d715d9d6
2beae7e6
3cf1ec1d
e60010d1
d920660b
ebf14eea
40d9c92d
41ea09f8
e92150f0
e72705e9
e4cd37e0
e9f5f7e6
059ce3fb
53de0a2c
11cee850
efc61164
581842c4
f32205f1
260ff426
fe051621
fa234804
1f23ddfd
17dfe4df
0e2be7ed
e2ebed10
fd103cf1
de2706e4
ef3406ed
e71ffde8
1bd3e1c9
c349e902
e4d7b42d
0d00d2ee
03ed3619
19f21019
0d0f9f07
1ef02ae4
0f1d0628
4dfbab0a
d6e7d86a
0624dd05
bbe43e2e
d7021d1e
d7fa09e5
1ff73c09
1bcfe10d
1a189efb
db14ed59
ebf318fc
12161530
f3dc1dde
f2f2f811
f9333346
cee4f223
d1d5df00
0528ed07
1ee8dffe
a5f4c30d
ef03f0f2
fcfcf522
e8f82510
261a14d4
e5fd0f18
fcfbd5e3
fa1df2dd
dfd8cce3
0bfa42dc
f17f060e
01f2f7f0
1114e9f8
0a0b12f3
eb3a3925
fbfa000b
eadc0403
440766e3
0802e6f1
f2cb1005
f4fcd3f6
2411142d
2ac5f2d7
1f04f5e5
eb3f35b6
0cef02be
edfb09d4
070b1002
eb2eb904
24da0137
3b0501e3
1cd6fdf3
f014ef23
16f40a18
05102001
fbfa08fc
cae2c201
2bdfe610
2ce322c6
fdffb4d5
ff0c15d1
633518cd
bcfdde16
fde4bbfe
e20f4525
e9f2dcf5
25d6fb2e
aa21d004
1635211e
db130515
d602fe0a
0afbdef4
053546e7
f409414d
29160358
f3ddf1f7
dcfb16de
43dff7f3
f3ee5900
e3e2da49
2ad31431
e1cd141c
082c001b
16f825bf
d01a07f9
33ec21fd
f605e11f
093d06f8
f6022200
70510ebe
5f002c0c
faf41008
114043b2
a4f2250e
f4f9e727
ba3e0ffa
c23328fa
d847d516
d6dc0553
083419b2
1c3efdf1
39fde513
480bebf7
000c1eff
0f2242ec
200ce2fb
f0480816
d5ee0a09
07fc1908
fff6f1e7
ddf6d112
daf715f9
032c191c
00c72842
d473de14
e6df53fc
e7ba4102
a4ee0c20
070c2718
1b18defb
f206d4ad
17edb6ce
35d6294c
e2fe250f
faf62de4
080619e8
b4ed3804
062614ff
1a110c46
9020cd20
fd321b04
d8feeb0f
1f24e8e3
063260e5
1a09e42c
4b2afafb
0e2d1400
1d5dd404
b801fe14
351c1802
ef0bfb24
f31d05ff
faed0a1f
effb39e3
22ccd0d1
19c20a29
f70426dc
20d61643
ddcd22fa
14e1fb10
e70b390d
41ced3fb
fbca3911
011c3e01
0611c258
ec06fb0f
ede4cce9
f911fe04
01b30ef4
f8050181
f709f8e9
ea0d0526
1901e000
0518e520
ebe6e5fa
ebeef001
f2c40cfa
f11b090f
ec27fbfd
3502eaf3
0e1fdbef
c9f915db
f5322b0d
fc323604
48ec76e9
25ffed02
544114d4
02ebe301
ef351e0c
1fedfbe4
1514fc0a
ddf44a0a
ef15f101
0bd7f301
d2c9f7d7
c312950b
21fcd749
0e20c939
fd17fa21
fedbee58
0004f215
15d6f802
21e69cbe
c3ce6e6f
03cc0934
e7e20f00
0ce5f5df
e307e218
20110ed8
170437e7
120a66d2
0002f0ed
26dbd828
e4161308
17fa1004
eee1fd0a
d766c427
f108f707
dd39f7e3
050db714
173428a4
2306eaf4
e7c7fafc
28be0104
0cebcf18
df21e909
360e18a5
68eed428
d51de7e3
f9220b01
05e22021
05ff2208
08eaf100
dbacc9c8
f51dfc16
44fb1109
20f7d22d
ad30e80f
d11d274a
c4170be4
f300eb4d
05f9da03
54da0ffe
f50ad2e1
0cc92932
fefbfcf9
0107eaed
0bf6f7f4
1b250213
0ef614f6
0cfe0aec
f10cdf05
f707001c
1ff0b418
d0f0eaf5
f10ef5d4
020aff20
4a0e1cfa
d6e60eea
e3a2fcc9
06c4ef1b
00ffec0f
1bd301f0
33ff41e6
e1f90efe
0bdfe704
18fc1246
2304dbf2
e3e3fdd8
030ffeff
2e950da3
f3f235f6
19f73710
e4fedb04
0212d60f
fadc6109
3bdb1fd6
1104ee0e
3a1bf2d3
120b3701
f6f3ca25
a7c7cff7
fdf748ae
34b5e39c
3ac20035
22fef20e
0408ece0
1641342b
0efb0fd2
dcde9ffb
5038d8ed
23b930fa
31d5190c
ee001c13
36f5de28
8d4a0512
0d10233a
e057df06
1a1cfeff
ead65c71
3c4ddaab
0fe8d6b7
1c3fecf4
38e0ebdf
e2ef0602
f4170aee
03124ed1
1ab6901c
60c663e9
b2191e28
ec0014c6
92c200f1
10ff21eb
b2be08f9
02b0fa0e
1af0da1d
19ddd728
e6f51a14
ec070616
4f361df8
130adad3
261f2ff7
f91b103a
ee27f9f3
e0deb810
cd2d1cd8
064be4cf
a8aff508
161aaa0b
0f0cfc0d
23e02b06
d21ee317
f908b843
2545f6db
e7e62d2d
1ddcfed5
46f91103
230f0b05
1216f5ea
e13013f1
1fcae905
b806bbff
375ae829
54e24aea
01edd71e
af062fff
f810b968
e0e04d05
dbec0705
d93720a8
04100cc4
c5b50bc6
ce1216ee
ef3febfd
9adb16f3
cfe63407
3fffe63a
0c31382b
db43e059
f436ffd7
29ebff16
21cee90b
f4dd09fa
16e6140c
00fad7e4
0344d906
2ed818e8
d3d82e10
15f8dbdf
cf22bd00
270eca20
3dda0003
b412c223
04e2e5e2
f80effe0
3cbdbc1f
c5050632
c0040efa
ea3dedec
0d471c14
32ff071f
00c30ef8
590b00f2
ed322107
10059ed9
27e0fefc
f8fd16f0
f929f231
4b0b2ef0
1519d4f8
2edc1b06
02dff3f2
04ea23e1
e0492213
51ee4dd3
031b311c
23e7f1fa
e9f22e21
fd0515fc
0af523e3
2a0034d7
e83f28f2
42d231b1
f45ddced
30acd72b
f8e40cf6
1e31003e
0c0050c7
e8ff1afc
ac0feefb
d119cfac
b631e401
4e2b29b1
8116ec1b
edfdf5d5
d01ff1f1
25eef92b
e31cb70a
dc22f5e0
c00dfaeb
9fe331aa
4e0322de
f6161ff7
362bd4d8
de0c16e0
dd0ceff6
e1f84e13
c927ea18
32422f02
0be981fa
dd11d1e2
c5fdfd0e
eef2eddc
1e4b4e07
9efed7fd
3439ebf8
e00fe4f4
c9cf0925
34ead9ec
b9fd023f
03050af5
05e836f7
3357f444
09f6f3e8
15130ae9
27fc10bc
39cfe245
d50ff509
ddf417dc
ff46d300
0425d509
2de1ec0a
1d3810d3
261b1ad3
e6fcff09
34d7edff
12072a04
c2eb1cfc
dec702d8
f200d214
c7f90d07
dcfe00e6
e04af6db
ba34061a
e1030302
00fe29f8
fb4e0dd2
e8e736b5
fecf0829
07db02f6
c8da1932
e602e502
e2f8250a
0d442bf1
47eff01e
f9f9fef5
ef482253
eedfa84c
0528f028
f24ce915
16f6d4e8
eb4d1806
311d13e7
11f21bce
e7d4001c
270bd40d
11f219ef
fde5faca
47080de0
26aa0bfc
e71cfce2
f12e1b9c
df30e92e
d42a190f
e5461d12
f7fb1617
02cc39e8
2845d2e4
ff44e04d
b403defc
ff412291
dd8100cb
f4ede64d
1504053f
3ff9e307
f616390c
cf42fcef
3cee0b0e
2b15ecc3
08d20b2f
f8cb20fb
200c3d5b
1f035804
0eeef101
0dc105f6
e7ef7f0a
f1e822d9
69de3eaf
26e197f0
e21723e3
2d0019e7
082248f3
cff1ed2a
cf343ce6
d51efbf8
fe1811b6
0903ffe6
cbfcdc14
46efba2a
d1d91005
211581ba
121247fe
f6fc1606
d421f63c
15ff21e6
3c4cd827
43fa510b
00dde006
1bdbd039
17e7592e
2837b3f3
3bed01e1
11ef16be
39bc23db
2a092a0c
1bb31d02
f8e4dfed
f1f50ad6
e815d6d0
1d190df8
fefedb32
27092c05
4606e30f
1d2ae501
e92601e0
fcd9f9ee
2a26ddf5
0c361125
eded090d
e607fa11
00070c09
ebf7fa06
f819d2ff
f3ece510
0c2513fb
e8d1f42c
36b21b01
02a523de
2a080ffd
ed003307
dbc410ec
bef6d9fa
d96e131d
1acf230f
dabbfd3b
2b03ff1e
e6f73229
16b0e1f7
f650ddf6
2712d133
f5d7d203
5edc5225
f4cc0a14
0435e204
c50029be
bda2a906
c73c14e7
0627323f
b90cdc15
edc93357
1011c6d0
17fee917
09004803
02b7b50c
52e6c25a
da06f870
06bda204
2c0bd416
e292130d
b5060fea
fd091e0b
54713bfd
11f0ff13
e22c060c
4fa109d1
0000e932
15f3f6d2
fbe317ce
0605d5f7
46f5fffc
c5e0efe7
4c1bf2d5
f3eafaf8
f5051ad9
0c03be23
d505fad6
e3ff1481
23f911fa
ecbaeb95
34087509
21fc0927
07fc1a05
213f590a
40040e02
2504faef
0aeabf02
cb2f0df8
25f3defe
002ed105
e41630c1
eb13baf2
81e927f5
eb13b60a
d4a0fa17
d9a50f18
f4d7e8dd
ea21e0d2
101492e2
542ff600
e87fc5db
01ff3034
20c90ef4
3034323f
4f37f83f
1a53fcc6
d3144b05
cf2c0df0
2f0ef831
4c0afa00
0adadbfa
f51bfcfe
f6fb3d0f
0231567e
f515cfa1
c9c324f0
d5282429
2803d7f9
36e008ed
18ec1b5e
1704fec8
39160dff
d90e1827
ed4bc7e2
82e203f3
ccf51207
07101000
0449e1e8
39151735
01ffe31e
f603e507
17d83743
2bf90316
f1f3f24d
64ece406
f758d2e4
342c1128
3103d332
13ec15ed
eef20135
f822d323
0711e2ec
a556b509
c0ededce
1f24f322
c47ce4d7
f0d6d73c
bfcd231d
1e0712dd
f60adde1
d4d40304
d8034905
f4be06fa
082119c3
e6ebf5d5
f7f21647
ca3504ec
cefef202
3fbaeb01
0bc7d3ce
de1ffd07
280fe4c5
0e00fcd2
0cfb2514
f2db0816
0bedff0e
10b41bed
faef253d
e3d928f2
f61d0d2d
03d93bed
0ffb39f6
38e71308
020d0909
212f1cfb
051be2e5
c63e4c21
dae709e3
d4e0db41
eced1228
07002420
f916eaf2
c5cf1cf4
ede9fee1
8c19eef4
4320b6b2
0c161cd9
033b1c11
dd4bf60e
54e82032
28fe4007
2f22efd2
e3e1deec
330fdcf7
f80eeace
e9f5eee8
061ed6f0
fff9352d
df51e104
cdd3f131
1728e114
011604fb
0feeea2c
25e1061a
e70c3421
0f04f21d
0a1b0803
20ddd0fa
3325f3f5
ce5cf7e5
002df03a
17ce1024
e8f8ed16
ef03120f
ff380a0b
1ff7f844
4a0afcd2
f5bdeada
2ce30703
fb0637f3
c8ff171c
e4022700
4241fffa
e920de34
0c04e701
1f32112c
ff00ff03
00010002
0003ff00
0001fefc
0003fffe
ff0202ff
feff0000
fefdff00
cbace909
24fdc817
e41046de
1110fd1f
ff9d1ffc
ae28e8cc
0701dee9
01da2566
3feccf05
e72ff60e
dded30ea
2c092ffc
53f0f6f2
00ed0cff
d60adc0f
cde909f6
c9ffe790
1efa0b20
2934d22c
4803ea35
f7e626fd
0929d20c
2288d6d3
c8bff8e4
d7dd1307
f91b03ee
1f305f0b
1804e7d4
fc0703f9
04300f46
1df4f8d8
b2d4eedf
0bdbff04
e41eda01
2a16e1e8
bbf91715
dd6fd305
56980fc9
f811dd05
ae6b0bdf
1c16c4ec
f222f8e5
fd082407
f0fade02
fcfa0ef4
f31b0411
e304e80f
f94dd6db
2ef2ff13
eb102e1a
e0070709
0601e4cf
344a3905
2feec9fb
c9f34223
feeafdcb
fcf4ec0b
eee8474a
f0c53cf7
e502251c
18ca1101
28b71bdd
0ffa0a2e
b808c812
a9f50b05
1ff4ff1d
33f6cbe9
b61648d6
e81a0dfb
08f351d9
32276bc5
fc0e0330
ec1ede1d
09f012e2
eae2d825
1810db35
d20ee5f6
d81517cc
9a11f8ba
1b2539dd
befa3718
29ff1910
052cd5e8
20e218d9
1c1f3d26
1ea12af3
0302fb1a
e6ee8166
1532ff3a
193c3d08
d918e30b
0e00fcd1
ddcc20fe
fe06fed5
0848adf3
f73f1203
08f02be8
370aedd8
1613f30b
f20a3103
f02c05fe
2fbdf2f5
b5ffe9e0
060b181a
f2100e18
fa130400
e8f1cf07
0b01c9f9
fc1fd1fc
e925df3b
ce0af409
2bef013f
f004d30a
3b4124e1
d83dc1bf
110a060d
201a2e10
36e1fef1
ea26b8f8
1b10f142
250118fa
dd3502db
cf1c07f2
ec0a4507
dfea4801
e8cb03fe
2034f3f4
061015fb
3206fdef
eefc3adc
e3b73d24
10ef05e3
3f3b0000
ff132730
ed1d1ceb
ebf9d5f7
f417e525
19062714
f90b30e3
00f4d9f6
cd14f103
3ef91a33
104ace09
faccf828
0df30314
1bfae602
4a3af9e4
2510e8e4
b7e9fffb
2a0e124d
17d6211d
f3f60cd5
03fd34eb
15100907
360dd7ea
eef72e19
05c7d304
223de3fd
2711f032
1f20fd35
f7c8e6ca
05fae9c5
1e0c6103
b70a3ee0
0de1c10c
38ed45c2
05d5cb11
bcd414e2
0714e4ee
ebd32cf3
22f916ff
210feaf5
10421703
aea9efcf
100d1f21
b9f8622e
ff09e834
27e0063e
a62708df
1bcef8db
391e2aff
0cf11c4e
f823fffa
eefe1112
dd0efc4d
1d461fe3
3bf1ee13
29054627
e71917f4
2f24345b
160fdb40
ec1f081b
310f0827
20c8100d
1113dfcb
0106b2e9
4d62f6fe
fdcc1bf5
cdca36f1
2ff70918
42f80d1f
170a1a32
11d10bfe
ce0d1619
ddddb7ff
25497eea
db0aa001
160d05f1
240907f5
fc091b3e
041bd7ed
52fdbaf4
24266f00
e2551dbf
30fa0434
0af72a3c
00411414
1becb6f5
3bf467f9
daef391f
b8f143f3
0f15fd37
ccd221d7
3c23e755
4be00221
fd1834d0
07d6fcf1
13f1010c
ce2af202
4dfcf319
03c11af6
10c51d2c
f01c77da
d93eddc1
07f52619
2701f82d
02f402f9
f0f20ada
0240330e
1cf72796
150b094e
25e92003
f3e9be0c
130d03dc
fab80df1
0a073be6
b7e907da
02e852fc
2814fb25
e9fec604
1b06deeb
0bfcbc01
4729cf00
3e061de1
b1dcb541
1b3ef406
0922e8e1
0df142f1
080bff10
f11214cd
3913eaf9
be3b0b0b
de28eeff
fcff1504
10336224
f14d0328
ee28d7cb
0af50c14
6b192113
1157edf2
760ee123
12dde107
2405fd39
dde3123f
d51908e5
2205e0ee
f204e206
bfc6fcea
ebe85fc7
39f7e9ba
e4d7e513
dde0f0d9
0900fa04
ca2b18e8
f022fb22
ef473f10
65191fe7
0bdb8ed5
3cf9132c
fa121f40
ffef22fe
e80bd1ed
ea07fa13
cfc8fb0e
a22a310f
e60d27f1
1f1c1f24
3a111ed4
01cbe41d
d904e819
2c03a702
1ffb3cee
daadcdee
1217d2c1
018ce8bc
e30871d8
242043ee
0903490d
fce86ef6
02ebf838
23ff24ee
37d90cde
014ce31f
e01cd4fc
e73917f7
150d2825
f5f0ef07
ff05f8f3
f717f514
f1f6c726
f4f42ed0
13091f11
f32e93e9
ed035cdf
ef18f918
e6dcf53f
e8321ee2
e1ee2045
301c22ea
ecb1dcf6
14010204
11f227ca
eaf7a602
51f9fb2e
2154d6ee
43110745
1a1c4d0e
1dabb7c5
00c9edff
1ff62011
81e94d06
e9ff0d5f
0b08d400
ed16d01f
fc0703de
0ab1e8f2
eb3f20f9
28edc5d4
6f08a2fb
2cae037f
6f31fa46
2d47081c
fefed206
d4f40ffc
05d0ff06
27083d30
fdad1afd
21f4f711
4611e6dd
0bdc1947
f9c80c22
fae5b9ee
f8ef2d0c
ccf6380c
26e31103
d6f1dcc3
fbea32c8
4e19040d
0b0d195d
2822fb05
a40a0f10
e8070d24
09e35708
01f7c71e
c125d1dd
d50ef619
fdee0b15
0014d50b
c8c91a19
06f9bdc0
0bfef503
ffde0d15
25f832ec
3d52f21a
e016101f
1b1de406
0919cd1d
fa03ebcc
ff2123f5
34a43a12
0be404ce
0e0ee5e3
d118168e
fa1ebf11
2524e739
df1222f0
bb14f5f2
01d2ae2b
c71ededb
09ff20e1
eb170311
cfc70bdd
fbecd706
37034f2c
421308ff
15090d29
5713d22f
f4cfe908
171e0420
eedec6eb
01214be9
0e0d59e8
f5d41fef
d5a2b218
1c08c80f
cd0be4cc
b313fdc4
ffd2f2ee
1c0cc122
f9b5dcff
09311410
18bfeddf
e122cd1d
07faf429
27091bae
e3e803d8
d2e3f92b
f5f7d6b2
afc8f502
cdf4fa18
b8e2f7ef
2ae430b9
f0d0cf05
fb27f70a
2b080602
dffece2c
edcf4704
ed4b0233
1500ae02
05861234
e8e61eca
dfe7bd2d
eaff18d9
250516f4
037c200c
1bdaf32d
f2cda2fc
1209b40c
230600d7
dcf3e42f
0de028c2
300bed18
151b3204
fcdc1b0e
d9e5ead6
1f4d200d
16f9e8eb
bffcfb09
a3e2040b
0b03360c
371495fb
0ef2ce07
2bab74d7
fd4d0ce1
0b1daf04
00b202dd
fbfee4ef
43154af6
f5c0e801
020802fe
1af2c1ff
1fcb2cfb
2ecee7ca
d8061b02
fcfff20c
14041819
07dff600
d1f805ee
3716ef04
31130b04
030f0a11
08230708
ece0f6e4
1606b109
50f407fe
12d7e811
cd28c758
d63c5221
fb306233
17d6f7dc
3e28e113
f1f9bd02
06be16ff
e8e801d6
09e00c29
0413089f
a306d3ff
d713ea18
1ce08db7
ddf1f4c8
eb09c0ea
ded0ae4b
bc0c2b00
fcfb5bd7
03d6f4e6
eff928e1
0a0bf3d3
baf603e4
03161cfd
111fe704
1014daf1
0870fb43
e0daf003
eb18b436
c3fac72e
faf1d6f4
ea42f910
e6ceef23
b6dbc914
30a6072e
1817204f
0c1be7df
04c5f7fa
0c0628fd
dff7e849
2147df09
03142df9
03e9faed
f408e1cd
f21ef2fd
f6ecdbfb
d5f810f5
12f4ec03
190808f8
ede7f9e7
d50219f3
3ee8fc19
ebe8de01
dcd10cc7
e90f0806
fe3eb9ef
10f0f1e1
3e812230
f8fffff7
f01d18fd
14e30c03
e7f526ff
fc1f24f8
b911f9fa
11191fec
26184708
fbf92cf4
ffec15ce
011d093e
c4f4dc36
2b071730
31fb2c04
48e305ed
e51cf4fc
08d514d6
00352716
ffff06f6
fdebe509
f6ffb5df
eae40f03
f131fce5
f1fad5f7
17bc46e9
1f4d0d28
27e9dc0f
3917cbfd
5c040503
5b1bf2fb
1912ebdc
fdd7da18
2217fe15
20dafc16
0589d40e
0be6e44f
e3011632
e55e13f8
2a03bf0d
cdefb7cf
03cb282b
02cebedb
d1de1009
1511fef4
17f9e2fb
f220ce04
2cfc00ce
dd13fc11
f015375e
45090c0a
032a10e8
e0fc06f2
1a021dff
e2d4d9ec
de032d1b
12163a0d
c6141703
d1d30937
fd130c28
e007e7f6
0706fe1f
12f92b06
0a1be1f7
fa261c0d
fdc6aef5
0efbedf6
fa15fcf9
060df50c
ff08f1ee
d1193a0a
05211c2f
21064d23
176a40f3
e3d63407
e8d5f9f8
ebf60504
f8210304
fa2bed1b
db5dbde1
de0ae6ed
1ee6aa2e
fa0114d7
e0090cea
f3e9f2d5
f6f2e1f7
c9fafe05
03f502b4
f7e0caf2
45570b02
ce18f222
35cae0db
06da52ee
cf0c9500
29e60bf8
f9d540ec
1ee9f9ce
e7f3eca0
07caf6f9
24fafb00
05091b20
1df5e2fa
e3f1fa0a
53fe3421
0519fd05
f820e3f6
cb08fc5c
00ba1c17
06f8f6ef
cdfee61a
ebfa0b0e
fbfff214
4ade0b1e
202a1000
073eb802
1cd1f903
50163315
100c26e4
13fbff1e
15f04c08
0d0217e5
ebbfffff
fef30406
fbeee408
f7400ff5
faecf0fa
e91c1606
24e705d2
09081517
01063f2c
e2de06d8
ee09fce4
23f0e63e
fae925f8
f2dbe3fc
1928fdf9
0a0cfb19
5ee81607
ff1c0dff
0b1af6f9
131020f6
f38f272f
1cf0110d
4cb40ab1
0b2307e8
00e5d0fc
08eb0107
0ff50f02
c44312cf
2f08e90b
f815faf2
21dfd432
01dfff1a
f6ee0b08
0f07f511
2febf5ee
f510b516
fef90340
c10824d8
3eb8e3ff
35d81714
e936f008
05f008ff
043401f4
f7ea03e7
1af8e9fc
fce8012b
eb13ebf6
05fbea3c
03da4404
f9f9d304
2307001b
f5f311ea
eac0c609
f61af9f8
be0bf901
f006f31a
fa2369f0
f8e8defb
50cd00f2
f80fda54
e3f9169f
f1fdab12
fd12c0df
0620fdd5
04f675db
004ccc05
9bf916ee
48eef91b
10f42c41
e735d4c4
26381deb
f72ce5bc
fecb350a
1bfa07f2
f5611de5
fec206de
e22ce61d
03c10034
2503fc3f
25edfdd9
ec142509
06391215
f96a0514
e61cf616
0bbfe134
ce16fb05
c6f60f2d
0dff08fb
eb220d0b
01fc1dfb
e7f2fd0b
081817b9
ee02f1fa
24de04f6
bae81fdb
e44ea5e8
fcda6312
04f2fbf6
35fb2603
0710c238
14ed21e2
d70dfc12
0eb7011c
f9f0e127
fd33c301
fc060614
2a3a0104
d7df2fe2
0814341c
f1c4d002
2cc228f6
fb161025
0b2adeef
0418e8f1
091bda0d
371f16dd
ce09ea05
4c34fb10
ccf101e1
07ae16d9
0218f506
04d807ff
b70100ee
e1bf0115
38cd0ffa
f8db25ba
140fd83f
fa1607d9
ff071515
f8dff801
fa1f1902
0a0a0e15
e5d6ddf1
dfed22c2
e503d3f4
0636edee
ff020cf3
fd3100e3
175b18de
9d63fd19
d5f70eed
4011a4ea
11e323b3
0b25eaf3
23290cf7
db21f2f8
ff14e32c
0fe017e9
25f2e8f5
e7f1082a
18edcd11
b409f119
0da7f504
05071b04
bdfc02fc
05f8daee
29dee013
e917151c
b8f82bf5
030efce7
0607e20b
df250b1f
d4051534
0802542b
cc19feb8
370919de
35e408f0
f14ee208
0226e6f7
0801190e
f313f6ee
ed09051b
ad7d100e
c126e737
d0e3e623
204ef426
f9a0040d
fd48eb00
e9131ef3
2232f9ef
0f3b00c4
12f3d1e6
e8d3f5c1
fa4def12
01f1f204
fde716ea
19e10b06
24f8fa42
290e971a
b40cf51f
d90c062a
eb3cedff
143ae411
032ed802
d808fa07
c8320e73
f79de6c6
e7d605e4
321d2d13
fcfc1015
fd45230b
08f4feee
e0adea01
cf06ea29
0ba514c9
fb1a261a
e7bf410f
f218fb2d
0be90a11
fcc8f710
d0160001
2c2716de
4a10f0ea
d2f10607
01fbe656
03f2fe38
eac6ed1e
00d7ef19
e8f60420
440d17d9
fba315dc
260dcde4
36112323
15ad024b
e3b1d816
ff140cfe
ff00f901
121206d1
a917e113
2efbf01f
ecce13f4
f42cfc05
fc104304
07d40b07
26fcfc05
1b0f1b10
0c1e2af7
eae8150f
ec0103eb
fe090a65
eced2521
cffdec1f
07f412d0
f5fee702
f1fdf80b
000cfe01
fc0fee08
8fed12fd
1615ffff
fedf0ef3
e107d307
fcf4e4f0
21d5efe2
1c202418
2309ffe5
ff1e0903
0205f904
00ebf3f8
072217e9
fad6001b
f5cfd016
ee08094e
2e2c25f7
f637eccb
0f15eccf
f8eaf8f9
17f108ff
1dfcdab6
b6d604e2
36e6f8ca
15280310
fa0b0616
13250305
01f3bbf1
4251fb01
0122b136
f3311620
eefd0be4
e1dc303c
f7de37f5
08e8f40b
0406f8f4
464518f3
f7410e1e
ea09c031
360704db
d9fdd115
ed1d12ed
fe1614f3
ee8181e5
1c3c03f7
ea1281d8
1cfd006b
35c1f4e1
22f5f212
d5085609
2bf1df16
f2a01907
ef1b02fc
55da2546
f303ce2a
0010f4bc
f51a47de
030d072c
0ee1d6fa
fef01cf5
02eefb10
f0fdf838
1bc945f7
23e905ee
3a21134b
00c40efb
05262c14
07d40def
1f45f8fa
2ceb19ba
f80000e6
18f3c80e
e500233b
02d10aea
f90042f3
faec12e4
dfd6fbee
177fc3f8
c60b0529
b232cf81
28f51f02
c144f722
0a2e22e0
eee4fc0f
ede313fc
3ded08e5
07eb0412
3704f9f5
1dfee781
113000fe
215e03f2
0615040c
4cf4f8fb
20270136
5def1ee4
06e4d4ec
f5f821e5
01200a1d
f5e80df2
0ad5d3df
08e5d516
0913d4e8
fc0c110e
18eaefb0
20d904f8
d9dcfbf5
f3c0fdf2
05dffefe
e9f91a0a
0528e8ec
0826e4c4
e3f57ff6
d001428c
0926fbd3
f32e04f4
0164f3fd
fc0ff902
180de0f7
0019daf5
d329012a
ddfa4f31
02e4e6f7
01f21bff
e90df846
c901e77f
faf60a12
28e409f4
1d1cef0d
181efb01
b1fff7f4
9a060f01
08f40c01
0d07d404
9a11fe58
f524a0d7
061c0df4
f6c40fd1
08320b2f
fcfbdefc
fb2b0606
240fe606
07fae920
98c901e4
d90b2323
d53bded2
02de0110
02020a19
0009e20a
22c124e2
1f02093b
d273481b
c1143302
0460e7f2
15f8f007
ffce32e9
1702d61b
0bd6ddfc
15e20bd3
0e56e7f2
3430c30b
1a1b182c
0f211115
db4108f5
1f1c4cf4
13de0d15
f0134411
1618ebea
14de09ec
f0fee90a
fefe99ed
d6d547fc
fcfcf7fc
37b506f9
1d07f2d6
1613f7e7
14200819
43e201d8
0b0be9ea
0b20cf20
fa4203fe
380801fc
da1fe6c1
3826fe0b
fc2323e6
30c442e9
08e4ef20
07b80427
0b121ffc
e3d1fffa
d1c41900
01980553
1a2918df
f1f911ef
114ffadf
f7bdd2f4
f2da4cef
16db00f8
0a210217
940fca1c
f604f205
c0413dee
00271222
260df705
f95404e5
de10f9e9
03bf221a
22c00ec7
09dadd09
f0e8f4cb
e204f8dd
249de3ed
03c60001
ed16fbf2
f40520fa
ec16f6ed
f9e81618
e6f13306
fedd0105
0ae602ff
0c1b5edb
eee257d2
e3d614e9
371403cb
112f0f01
f30708fe
e63c730f
0f37ee19
091d020c
21d0f2f6
c02404b1
029d1ad6
02f5d5fc
1df4f308
090f0d25
fbd90b0d
0b192805
0fc0f1fc
2929c1eb
0be1e2c3
27e812fa
e4befbb8
f2e11228
fd1d2503
06fbc9fc
f5e813f1
3bf002cb
e715f0d9
bfe80fdf
1d0dcce5
f718f2ec
0f7e07df
f9cbff0f
f0dcf80c
25eb17e8
fbdaf40c
cb011dfb
bad2f700
fc331703
fd0ae310
f70c100b
3e0dfaff
f226f527
dbdd1d2c
2721eebf
0ed8e251
0cfc0b07
0bfdcff0
07f2f422
cbf11713
6116e6f7
c71af6fa
feefd2fb
f62d37de
26d2e501
d5df1f1c
07faf909
2e29e605
e0280aed
f80413c1
5ba0e402
2cedc7e7
0c3b2910
f91d1dfb
0af5fe00
2afb0efb
c3fe1517
fbec6b1d
06d330f3
1802e4d2
022c0cfa
fb11db19
05000cf5
4bcdf5df
e1100117
f7f82126
0b05eb01
18440deb
193afe18
22f7e01c
f9ef1306
11470111
04f7e4bb
2926b4e6
10e1cf3f
be3e1ffb
0a0b001b
00f818f4
0820122d
2131175e
f200e808
25180801
0c21dde3
f8f41012
f6d5fcf4
a8142308
fb0304f4
0308110b
ec21f2f7
1026f400
0e000a0b
03e20a06
04f1f722
faed05f0
020bfb07
f40bebef
360bc613
e11502d3
293ad558
f5150b09
f32dffc6
f71807e9
f90ce3fe
d9e70303
02060929
eee5d6e7
e8f6fc05
2e1608e2
01c20607
102dbe09
f4d2fcf7
f0e2f9fd
f2e1332e
57020b10
d1eeeebf
dad9d1d4
f6dd15f8
08d3e4fa
03c70eeb
e30bf0f1
0e12e9ea
0a392aec
e9161af1
a10c1e0e
ff310ce9
0df52206
fde50302
161e04fb
06f8f919
b83610f3
ca061bbc
35ea005f
f4dbfbec
0203170c
082a1600
c141e512
fc17fdfa
ebf7fd1b
dbe7b1ba
de29e9d3
00d00823
ed2f6e0b
0203090c
05e216fd
e4ee2312
47353937
e3d53d2e
2620f3f9
fd04f4e8
06021af7
f4183116
a9f7082c
1f36d8da
04f70610
e4fc44c1
12f1caca
000319f0
f5f81d2b
0b07f6fc
2b0c00ec
bf12023f
efc000ed
e216e2d7
ca24dd01
2d4002f7
0ad92802
002507f6
1415ee04
f9f909db
00d0d9f8
1f004010
fd0747d5
fbbb073f
0c244002
05f400e0
046800e8
2dfb1128
0bb1fe03
201ef2f6
d018c31a
f4ef06e8
0ab6d907
08f600ed
034debef
0723fbe8
682e2cd0
f53e24ef
2f12d52f
1942ffce
0c0602ee
fe02f00e
fd090256
01f5070b
25ecfb07
05e1e910
41fbf535
de1cfaed
c3b4ed05
06ded1ed
f7e103f9
cdf94609
de43d7fc
21d2ed2f
4bf1da0c
e1041dde
0a25d3ea
fe1bfdea
26ed1af9
1202f833
1b1cf205
f0f11bd8
4b040cee
ecdbf30a
0e050b05
13c81ee9
db56e7e9
f704ea05
15b13b09
ef1ae809
4a003bd9
f9c406f0
fe0bf7f4
001adc05
cebe1409
020e07e2
2d06f511
070b280b
0033dafb
0307f218
fceae7ff
03d9bff9
c2e125f2
e753ed1a
03baf79c
0cf921e7
dcef38d9
fbf7012f
f560f316
fdcf1f03
161a1308
02df1007
1222e142
f7f903ff
0d0f29b5
0512ea09
f8ea11d2
24e9b12d
e3c21cfa
f3d69223
1ff5fc77
fd0ef20e
d21206fe
29d37f07
afeef5fa
fdfb290b
d90e16f2
0506ddad
21f33d18
5ff70fd8
e1ca0c13
05fefbee
0d10e8fd
ec1ee919
e418090f
01ee1403
0a24d51c
4aebf3cc
dee20ff2
fe0516d5
0048d6fc
fee6f6ff
3eed0709
03041e1d
0413e813
eef5f2ca
1140d9ea
f5af0200
0a03e30c
054eef01
263013fe
f55720f1
0504fd0e
f7e9dbe1
1c1fdcfe
08c70d0c
0609d907
15c3e8f5
050c310b
0ded19a6
19f32e56
f902422c
eed900e9
1118e3ea
f63e3501
08d4fb01
0cae1302
0005f6af
912719e0
e6b24d1e
2ff3cad6
f46d0208
ff40e208
fd2b2106
3827011b
e306d5bf
f101cff4
0ef1f7e8
3f05cc3c
0accf232
f3cbda17
f8df060b
fb2afdfb
f212f9fd
dd0d04f0
d72b17f7
152908f3
04e70af1
0616fff0
02ef0404
f0fdfb03
eeed0419
eddbe9ea
03f906f5
fadd0604
ffe802fc
fbee1ef6
0836e8eb
0fca0efc
0ef6e923
01b4cae8
f4e824cd
48f70244
f802f3fa
0c32fbe1
fb09f2fe
f31a0301
3af20cf1
59cd05eb
c8d6141b
0cd12ff7
ff3cfeda
02f8dcf7
0645d0f5
160c050c
e028002a
0920fd02
fe240c0b
1046df08
fb26f4f1
f92a9ee3
0600f9f1
33d500ec
0bdd08d9
07330810
0403bbef
7f2e06cc
e2caf9de
fde143fe
01d0eded
2be711ff
0ff2eae6
3a15d6d8
09ebf4b4
fde9d844
de2af7d4
06352bfa
0a21fbfe
1c2606f3
f11b00dc
2b2418fa
20efc90a
fd15b20d
fa1413e8
f5ecfb06
d51fe2f6
da9f0905
f3f523d7
ccd1e6f2
16bb13f5
2fe5c6cb
d4d81023
29dd1b10
e4f10aec
0e172506
f4aaedea
f202f013
e1081011
1b0fca2a
002a540c
3ed229f8
0b03140c
39c4ef0e
30db22ed
8fc01027
f8ffbb0d
13bf0de1
10ec1232
f4b2d82f
0a2d16ff
10acf9fa
1c0ce93c
099fef0d
befad4f1
22e2ef10
06fbf932
06062cf4
1f6167d8
09f67f13
04a043eb
e8f9efa1
df52d905
fd02f7fc
1d027814
fd0419f1
03f2f809
0b0b03dd
481a04f6
ba3c3916
37161b1e
9edcffcc
093508f1
13dcad0b
08ed20fb
49f515ff
f008f524
d72c1801
fdf6f325
f430e9cc
f0e5f302
f6ccfd10
ffe91204
3501d8f6
22de1921
153939e5
12f71df1
f9fdd00f
020716dc
fb30e711
f404dae4
15efe315
13fbd301
1313f136
0ab736fa
0207ebbd
c9a3e818
1ad428f5
06170f0c
1518f4fa
f5ded630
efe7fee7
e6f403eb
07270de3
ff0cf707
f9eb1bff
02f21700
30c91902
f8d52507
560b0d38
4bf248c5
e245d30a
fccbdcfd
f91205f9
01f300f7
d8cffaff
d626fffa
051ef6f5
da13f0fd
e4e30808
fcef0108
f7f007fb
ebdfede4
ffff00ce
d80eebda
f4ea00ee
fd39131d
29dc11e5
fd0518cf
36cfd4ff
06eaf3fe
19f2e3fe
daed0a40
4a1fd5e4
4603f301
441a6443
fdfe07d8
f0ef38f8
f6292e08
55ee1ee7
14cfe3d3
b4332336
24e3e4ca
cec10fea
fdd4e1e8
04bfeffb
00040501
f567fbed
160026dc
f61af43a
f9fb0f1d
38f81de9
151f14f2
0caad325
0305fcf5
edfeeb01
27cc31ed
e430f832
ff0e240e
fb0bed25
1df603de
071dfb07
fef4c608
5a1010fc
d9ba33ef
11962623
1e093909
b8d3f1d5
0e16e481
034a1981
05041a08
36e3fbe5
d9f60ddc
e222dc1e
f2f6ffe6
fc3e0f1a
07ef0706
03fa01ff
03402004
e00debfe
1fddf7e6
0af3ea3b
ef090113
f80632ca
f6e30305
f6e5430c
fd1dfe03
13f3030b
e6f5cee2
40e904e0
d519dc09
33f1ca32
061eea0e
0e297fed
001c150f
ce3aee00
08150c02
280cf820
f13610ee
dde739b6
01a405cd
ebdde4e6
07af06f4
be0dfbf7
fd0cecce
1fdfecd4
0309e20d
e4020e15
0eddf606
03ecd61b
06caeefd
0343f6f1
ced61435
eb6af2da
f7e429a1
f921c905
12f604eb
0a50efdc
0413fcf5
ead00204
11d3fadb
20f8cff5
02b8fee9
f0272ed0
f2e30104
031242ea
f632c301
0e2fff0a
e5e40d0d
121ef6f4
041302d4
4ff7f122
fbdff3f2
f7a8f610
18dafaf8
f9f70800
de0121b5
de124ae4
4013e1e8
f62505ee
ec2f1a0d
cf10e90a
fb16150d
25dee210
3d0bfe1e
301b24f2
eff1c227
d139c3d8
05022601
00e3ee08
1b1af004
f5e7feea
1bd307f2
111fe65b
ea130412
242accff
1cf3f3f5
e5cefaed
f8502101
cebf02f6
e9d1cbd3
fe480913
def23910
fb400d60
e745dbe6
0420f1e4
0c20f60a
f7090307
233919af
091cdcf8
0ace3914
17f81713
faab1509
f3f31a0b
0032eafd
f21009fa
dd312a1c
0bf70d30
04f732eb
d6f2ef1a
031905ec
040cfa0e
0430ccf7
2b2021f2
f1d4f6d5
df27d206
d147071a
220cec0f
ffb2dbe5
00c830fc
fc20d1fa
e7cffbe9
05df1115
471a191a
de10d503
d0fdd5d7
043607eb
1bebc7e0
f6080d03
ded5020a
f8d2e92b
0c111426
090904f8
eadce6de
0bfd0307
0113c2f9
0302eb05
12d6fcfe
13dff92c
130d16c5
ec09c014
01d8ead7
0a21fcda
f2e09e07
ff25d0fe
0305f704
06210fff
ec01e3dc
980403cc
52f223f6
f6d4f8fb
0b20edf5
fe08e5fd
17f013fb
04d2ca2f
f320eddc
e20def29
28ccfe01
020bea18
1642eaff
f7dff606
2908fd05
d3f31641
e5d92230
3ffcea0a
15222432
f046f628
ffe3ed0a
f806f408
f5b70c08
12f8fd10
ec0ecff1
0ade3e25
061e26e4
efe10f06
0a52ef11
f340190d
f21ffa0f
d20aed08
033a2afb
f82712e9
2a1b0afc
03380a0f
f901db07
060f02f9
f4d8fb13
f52e2b45
0425d01b
f42d051d
11f0e418
fbc7091b
f070fce4
0434ec07
03d50eeb
cbe1fac9
e400a1ea
dddfdb3d
46faa0e9
070df112
f4f30bd8
110a07e8
06190903
1906dc0d
d4e32117
fe0814e8
0907e201
f8fd010a
fb0fae09
ff0d10f7
e8cdf204
060ffe03
f4f0040f
fe11ec07
16f728e8
0df300f6
000d0ef5
f7e5ec0f
1fabef0d
afeaebe4
0acbd7b6
d90dc831
fce6e715
fbd9f909
052e05f1
f400fe0e
7039f416
c9dde739
027f00ff
d10dc914
fc0e16e3
fc3508e3
f61bc2fc
fa13fafb
265efdfc
26d8faa9
1ab54a1c
1a10e41a
0a093ef7
fce8f7fc
06e62a05
e7b7cd12
e6251a11
f43fc2dc
ed2b0c26
d2c5c553
fcdae00b
ff15e5ea
10362def
04e10401
cd080bff
ddf4fbff
274015e0
04ebe2ee
b0e2feec
042d00e5
00fbcceb
fb4dfa27
0c39df0d
bdedf1d6
32d921e8
d30e3dd1
0b511409
061c5e02
efc4ebeb
032b3101
0ae70a03
dee1d332
eb420550
f0fe14f9
0df8c11c
09e6edfa
029f9b11
f838ea11
02c6ec10
0fea1e03
ec251d30
49f4fdd3
b318a544
022e0ffa
00f0e617
021af80d
010aec00
0acd2798
12f35336
e8c2ea07
47e8f0ed
0c540fe0
e40016ef
fdb42dff
be2e13fb
060cfd43
ad40e4fb
f3eae427
42f6fdce
0afdfd01
0a0511f2
f6b71803
c0590a09
f2110cba
eba82117
d5f5fcf4
0b1ffabd
fafd0f14
0c2b440e
f702e205
06050c0b
45e404e2
b3d847e8
15e6f205
1bf00bc4
0533f719
004137f0
0a02c7f5
040d24d9
f5e6052d
25f1f1ed
1581ef2b
130e301e
0c25d5ea
090df403
05f814f9
28f3e9fc
14bd0e12
1edffff4
f7d40036
23fecb35
ea0ffa11
efe5f0f2
00d32c12
3d81051d
d0370707
28fa58c2
b931b848
060e1ce7
1dc1e3b0
eb26d406
faf303fd
46ac0002
fb1cebdc
590abedd
fc040f24
343b3016
fa12fefd
0eedf8f7
fcfb31ec
dadcf4e4
1c180f0b
29b90b20
ea3223f5
e9f9f4ee
162004ec
1efce700
01fbfe06
01eefcfd
03fdfe03
f90cf6fb
06040501
0d01fe00
01fd05f9
01fe1407
0af50405
bf29f804
3d09fc1d
132f0b0c
0cf42fe1
dfea0ee5
f4370c3c
fb23fb2f
fae82b04
be20e808
dfe5eb03
0aad0626
f62bf912
3732f20e
03dcf6f4
fadd1cf2
14c7f716
02f601f6
14e0f2e4
ecf3f6dc
1ad8090e
430c0131
08ef07e2
e61609ee
040b1b01
0c08ea0d
2f0efa60
4f03fe31
b22e1820
fb0038fa
021bfbef
fae6edf0
fe0c08ec
09e514fc
b8ffedf0
890914fe
28e2bef2
02ee2047
fa2af10f
0abc44f2
120a0709
cb0bf5fb
d6d4ebca
ed73d0fd
cf098f07
2ef8f3ca
2be6fdf1
010d3305
011ceaec
17e505f9
e3ec0dcb
1619e6fc
3801c94b
bc02f425
0431e5f4
0d181df9
08fde9f6
422ffaf5
c4ee27e5
fe2415f7
0410fde2
05a30618
050210cf
08092dde
fbf514f5
ffdfee05
e20027d1
42fa360f
0df0cad9
0006f94c
fa2b16ee
0917fbf4
fa040f0f
d8f50dff
0917f0f1
d6d8f1e0
320bf11f
2becc700
1616e327
03051003
f5ecf611
ef031509
15f0010c
01eea91c
0ef40fe0
06eaf0ea
0d5ee7fc
ffe52ee4
fd171000
07e5f90c
def3e929
ea9b2cf7
ea2f0638
efff3af7
06e6f617
02f9e306
02fc20fc
fdd2f908
e4f10618
4a0eed22
fcf3fbe5
0fcc01de
0452fb10
030cf7e6
01f1f0f8
da2e03fb
f2fc210e
ea1a1501
ffe40414
04e5d126
f42c0ce7
ff180406
002de911
dcee05fe
f2f6f72e
daf1f205
0cfdeb13
4e08e1ec
03dce606
fd17f0f8
09fd1f02
eef9fcfe
4203ef04
102d06fd
f90df81a
d4ede4e8
06100af3
f5edd61a
eddfe41e
cdf8de36
1ef20153
ed9bc3f8
fefafb0a
19041034
10ddff0a
fc0ee3eb
08e5fcf7
26b214ee
faf0e015
e808eaf6
d6fdf941
1bd4dbed
fb48e9d8
036612d0
00f70700
05080d05
111cf90e
ff23f8ff
21000501
e707ff00
02f6fe18
08e60a04
fbddde04
4a0bff04
ed0b16aa
f85a04d5
0808fbe4
ead209e2
f6f903cf
fde7f00a
005b16fa
236b1202
d5d0d4e7
c608eaef
02b6fcc1
2f10e844
f537e508
f3bc13d5
0afd22fa
0c19f101
03ee1cf0
fe150662
e217ee08
e302c7b8
0812fa19
ffd1e007
fd192007
1e2fde0c
318ce211
1238e4ff
e8100f33
ce19fb19
fe5ff218
0beb32f6
f1060e06
eebb05fe
e6eee9d2
eae40908
13ee29ed
f928ef20
ff18ec13
0bd2ec16
f5c815f1
eacdfbfc
4b3a09fb
e9e82005
282e0c0a
ee44e418
03f307fd
1afed815
fdef1317
9c21f6f9
e0f9e244
23e914e9
f9f7edbe
8cf2f731
04a50203
f62ff508
ffc50609
4b5e2602
112add2d
3a100b1d
b7e02ef0
1808c924
0ce6fe07
02eff61b
fafffff9
ee2e1500
4e02031a
19cfee19
41cce3f4
fb2ee90e
f0cb1144
ff6869f2
e8e4e20a
b83d1011
6f16eaf4
101116f6
d70ba2de
effb06fe
e9ff20e8
14eebe2b
41fbe204
e0ff0fa2
f918e939
0c0704fe
1536f3f3
f8d5e3f9
28130515
c660f710
010c1403
0c63f7fc
14fd0a1c
0db304fb
10fc0afb
1f2807ff
07ea00f9
05e41109
f908080a
0012ee14
f8dcf31f
3531e006
c40bc033
f9ef0dbd
003ef40b
f92bf7fe
020ee4f6
fd2f0412
2901d1f1
0b950314
0beae31b
c630070d
f9cd01f1
fe613212
05e6fa07
e70906f3
1adb0712
4b152800
f9d73e21
eebf2b41
ff01edf8
fe1f54e4
f71c18e4
f95612e5
0eec3d0a
e5000d8c
e813e610
d9242d19
00024a04
24d2eff0
041a25f2
0022e38f
e3da34fd
1bee0c24
2c16fbf2
351bf7ff
6a2ab9fe
4ce9f307
2fdee301
052602ea
0beb1e03
e70013da
51e427e9
1c1ad4f7
28e5f6f9
dd5fff10
e8330400
aa97fcf4
1702fbe0
cf16d63c
2e0b14d7
dc21053d
eddcf72d
20c7e61c
ddd01010
0bcb117f
0bf1f70b
fb182922
00030020
0cd2fe10
981805e1
e023f5e5
30040211
e5de0f39
192bf3f1
d33ffbe7
07fa021a
e31cda2c
0b03f7ee
9c4ef409
e304e948
f3de1807
d4fbf932
ed19dcbc
19ca1cf1
1014dbf0
750f3c11
0514e5fd
0106ee02
d14608ff
181cf7f1
0d4ef1e2
ff16edfe
e70b20fc
0de30306
0b0d1d0b
fef0e0f6
e6bcede7
0efc22c4
322619fb
dd1dfc4e
ff4f3b50
00d9fcf6
174841f5
07ecf602
10db0bfa
d90600e2
eb0ff902
e414e8fc
402603f4
05f1eaef
fc2bc007
fc17f200
fa14fb03
1fe20ef8
45f1e51f
d6f8bddf
e2132f0e
f62608d5
01dcd9ed
feca1ffd
fd2402fa
bacdd0e2
06e3e6e1
02ea2ce0
eaf5f6ee
f800f72a
f8cb2209
e01fe3e5
fedb0b52
d802f518
d7340108
ef06facd
eb10e5ea
abc90dfb
f2a2f203
fa70e6f4
b8dd0af8
302ee9e7
c75d7805
27e6ebfa
190bfb0e
f331f921
0f741ff8
08e4f8f9
f0d40f00
091223da
d2eda61b
b1ee1b0b
f73146fb
051cef3d
f1dcfce8
084218ed
33daf9f1
fc06dcc3
04bf4fd3
1814cef8
f4c2e537
03bcfed6
f9db03ec
014fe8fd
f5db09fd
14f309e6
0124ee11
03d3e703
09fa0cf8
fb1512fb
f9100cf0
fe2b1a04
39bce7ff
0b240115
4d1cbdf2
1f39fa36
ebfcb00a
092602f1
fc16f5d8
06241908
2a1cf10a
ecdcdd6d
22d20904
07092235
1e0618bd
02dff7ec
ee0ee3e8
f8181dfd
e62cf7fe
0fe9fe0d
e8f1f528
2dfa19e8
d9c426ee
061500a6
0a04f0e2
100f1fdc
f5e2fcbb
2d33c7ae
d2d6e1e5
d44ed9a7
153ac2f7
1ecde1ea
1fb8f619
fef11f0f
32c30205
41e9eb0b
e3ecef1f
eefef6e3
e5411e04
0b0bff00
0116190d
81301b7f
080308c7
f0e61b0d
ebf9f2f3
f507f50c
e1f2ff04
a9fa0410
22380500
402d149d
f4ec00eb
f1c62820
fefbeed9
f5f7fd02
f0f8021d
dbecfc0e
f00df403
f2ce17ff
f72907ed
f8ddd419
cbc20af3
f91a4afe
1df5130a
08e8fdf4
2219031b
fde1ff12
81eafb03
16e5fc04
f2f36ce7
080a02f5
e1edf0da
0cc1fefc
09dd5b28
fe1825eb
e80ff4e5
d3160336
2cc9e63b
fa1ad5da
2308c513
fdf9f80a
161c26f4
3a0903e1
1711f2a2
0f020dd9
060f050d
dbef1225
02fed9fd
64dd0016
0a44faf1
e5fff021
0bff0be8
2e31c50b
1a3c2305
120827eb
e6812c20
7f0bf8f6
5037fafb
0302fceb
ed02f503
f4df0400
f30eed24
c7254b40
39125e20
ef1ef81b
052b59f3
47040226
3143011a
050cf2e8
e000f7f3
01081a05
1f0a07f2
0800fbfd
814d09fd
08140b04
560e0b06
ffc303d3
fa4cb90f
1bc80205
0a01f8d4
10ceffe7
f501ebf6
fbf301f9
122201f1
24d803d7
0b13fef7
f2e5f2fd
ee01fcf5
e005fded
ed24f3e3
07151009
17c603f4
3afdf209
f8efedd6
05e0f8de
002d061b
1a2a11eb
05f2c1f9
ff101504
0a00f6f5
05e205fc
20dbee1f
14f80ff8
11fb25e7
02ed00ea
0a14f0eb
0f3106f1
b9e109f0
0811fbcf
1424b705
f507c9eb
3440eb2c
fe0cedfc
ff19fbe5
0af5cff4
0fc4fa02
eaebf105
cde92fa8
33f2cef8
2c3029ff
0136fbf1
eae5f604
06e9f0fc
47fbf408
e62106e9
386df2ee
2512d0b2
e401d4e8
0d1ffdcb
f9f3fcf4
042005fb
d632e80a
ed191244
2856f5fa
04142d15
e8c90a1b
fade0d2c
f5f97a08
1240f004
e5bedb0b
01c80ee6
d214ee39
fe2b4df4
21f83d1d
f520fa08
d14197f5
fd200203
fa20ee0b
160b0cf1
ed0aefdd
011c0518
f93d0828
09db1005
fac0dd29
15261919
fd251629
0ee8ebcd
e7f30129
1b1efc02
082528de
1208e908
cb32fcf6
ecc30302
d4391b0e
f0eb0b16
c7e21bfb
be1400b5
c3ef14f8
032af338
1426cae9
0bfa02f6
2bf105f2
fa2224fe
08f69923
eb120ff3
f36c7f19
08e30307
0c23ad01
086d06d7
de07c5c5
13eb10f5
07f80204
dfdbff43
d5621e17
16b0ca36
3d06fd06
04e4f7fc
08420f02
eefc0121
3d3800d9
c40f35e4
f32fd609
00f9e8f5
fee71522
02fd0bf3
1dcc12f3
ebf0ea1b
07f9c4f4
ea02151d
33ec2cdb
ff0ceffb
1007e5ed
06fefef0
ece4050f
e5150b17
e4db0e0e
21391d00
ea142200
06fa052d
02d8c516
0507e3f8
fea705de
2a380315
1dc003c3
2afe25ec
26e40d2c
0825021c
1f2ebf16
f8241afb
f53fe106
e8ebe233
d5f61215
16d6d7f3
d80d0cf9
f7fe21e2
f5f7f606
1acefcdf
0e0aef18
cddedf06
e5191981
4322e9e8
c6aad7eb
f087fbf3
e602cd16
ff04ea2e
ead62e32
d7f215f1
1ae3f8e1
1506e917
fd37ff44
f23105c3
cbf9f727
fb35f5fc
134a03f6
f1e7c31e
f7cad500
0023fdd6
372c0110
042ee2d4
06230fd0
fbf2fbfd
edecf9f0
c122fefb
32f325e4
cdfd4307
1c5520e0
f9fffe03
15f902de
06130e02
db1301f8
43d61212
06190a30
37e20512
05f22f0e
023a07e4
f418181c
fecbfafd
6c0dea11
25160f42
301b32e1
0a0edf0a
e71bd3b4
ecd51219
fef9e924
0acbff00
ff1ffef2
19112be8
f6d51bf1
0eee1436
4919fc01
081a0b10
ff0b0b0d
07ba0dfd
2d19f70b
0f12fb1a
150f03df
08ddfe04
0c2a01f3
04f1fe20
f7f7040f
08160df5
cfd30af7
0a05e117
00cfe709
fa1bba1d
05440203
03fbed02
fcf8dbff
f6d715f5
18e30a11
e62810fd
1114f012
0b25050d
e006fd00
fafef611
fc011ffa
04f708eb
2ddafdc9
fa250d0a
20f5e502
aad7fe02
37e20fe7
1c1f0504
280c08f1
040202fe
e3d203f4
d326f3ee
b6fd39f1
1f11d1f5
0533e0f6
f4d9040f
0af1e303
01251204
6f56e200
f918e2c7
e38dedf1
0d3c313b
f7ea1005
f5d60500
edc8fe0d
3fd23311
089cef00
f0ee2ede
e7db08ec
f3dafec0
08f10bfa
f102d413
90f4f018
f4f009f5
e821e404
fe01eaec
2ad50fc0
3039e8d6
0423d2ce
e80601fb
16e9a81e
ffebfffa
f70ddd0c
0af6f6de
d4dff8d5
d6153a15
ca1f0b42
f9e813e4
f1f0e3e4
25fd25fa
45faf702
5edaeaa8
0bd6dcf9
01e3e21a
d2dbc1f8
03060402
cbfcfcf6
f821d415
44f8fe1f
d3d72549
f9fb17ed
bbb739f4
0f1ae0e7
f50ffb17
e6d51aea
042f1108
1e23050b
b22b163a
07f01b27
d4e9bae5
3aec06fc
f325fe35
f63a47e2
f8f8f8ff
370d0b0e
4e090801
e3e327e4
ffd6db0e
12ea1ae2
0a2f0014
00f8e81a
e902fa12
dbc7cb01
37c5fc5d
e2381ac5
dffd2c10
011ced2d
fea62101
0cedd8fb
f41de600
cd1a0bff
18ebf707
0700160b
0e08e2ff
f7eedc02
f911ebdc
121bd7fc
0e003306
25d1ebfd
38080532
1acce908
e60fede2
a6efd5ec
0cff04fa
fde41fea
050606f4
c3f5ef04
e3e51f0d
142a0f36
dd10470d
fceb02fb
f9e00019
01fc0901
07e8fdf0
23be0305
ef1518cb
e206d7ee
d0f10e0a
e1fe392b
e2c00638
fa3726f6
031de2fd
123306fb
511507df
5c241bec
0730ece9
21e71cf4
08c1fbdc
0d11fff6
0aca0bfa
241cf8f6
1315f218
c515fef7
fa11ffea
bdeee6e7
0f340918
000dfef9
00d7fe01
044e0208
e005130b
bcc3f6fa
07d1350f
d6d82516
00f70ac6
f921e2e1
050ffc00
e9e4f4f0
2a0006d2
f6985af1
f7dde510
d1871e22
0d400802
05f92424
c83e0be4
e61fedc3
020a080c
0b320a2d
fe0af009
c3e6e1bf
fe1c06f0
7cde26f7
f4fc2507
ea6fed0e
ecc107fd
4209da34
35fc1928
08bf2ef9
fde01d13
1126ff0e
feadfe08
95c408ff
ee08f81b
17fefcc4
530bd536
da14e43f
0ffe05f1
fd94c237
08c5fd03
32ea1008
0a1c31df
33e63a25
18ef00fc
facfe824
0e040ef5
e6030eff
f7c2e0e3
fcf5fbbe
f9ca293d
fcb1d708
19b3091b
d83d4555
279b0af7
3981e71e
f61c1506
2b81e60a
2c1ef52f
03f6e6e6
ccff30cc
afc514d8
f8111506
fbf4e403
fd1b27f7
e219df12
e6efef11
fac4ddf1
fad7d411
b6e41e00
fa271527
fce8c513
fb16ea01
29cc000c
fd1501eb
c1d02efb
012c0e13
f3ffe2eb
fbdff5fe
002c0603
0e200af6
ed050906
0f05f3e9
272d08fc
3ff7cbf6
04bccf27
0b1703f8
ef2711e2
ffd7f409
f7142710
8107e8d6
db35241a
ea0af303
f4e6fbd0
f327d73d
f0250416
c6144033
4401fcfd
2d125605
2b261ca4
14dc02e2
e90cfff6
d816a321
242bdf08
fbd51108
1ed1fef2
03d5ea0e
2c42eaf7
e8edfc26
0dc6f2fc
16f6de07
0b0faaf8
ffe9070d
3c4907f0
2ee416ea
08171a2c
03d807e7
bef70ce7
11ec0714
fbe0cd20
01d6fe03
da0cf2fa
ed1440bf
a5081417
0023301f
c7a1df17
0fe702e4
12faf4f8
04f2ff0e
0f28ea0a
f212f0fc
da3fe0e2
21dd0902
01d50606
05050bf3
fcfa0d00
fb0ef0fe
29100907
05fd00e9
e3ffd400
0c0a00e9
f819dafa
0511f3f8
0709dbfe
faecfc04
fc36f401
d1ed14f0
d2240bfd
ee01ee15
e75408de
fa0dfaf4
0a221ff9
010af100
f607f8fb
14d716ec
19330f08
f8213a00
f40f0407
ffd7f31d
ffed030b
fffd0000
fe000200
0202ff03
01ff0001
0203ff02
04020201
0002ff04
01f8faff
0d0e1400
ccc7f503
fc27082f
cc2f0d27
3a23d912
fd060fd2
050701e2
ec080703
02da15fe
00f4f510
f921e6e6
0e45eef3
f305de02
adfb2330
0e35fe0d
f1eccd15
fde92cfe
22041309
f21cfcf7
f1ce171b
400feec1
d9191a6a
06c0f804
ff001411
0c09f40c
d51ce30a
14dc2730
10063aed
ea3eda2e
d5fa3ec3
0cfefee7
f309da01
05f01803
9742e30c
cbfd0f16
15db00ee
eee0261f
fdfaf40d
03f61afb
f5dfbd04
fef016fe
993bf9fd
f4e6120f
07e20833
d820ed44
46dfe833
f1f9e300
f901beee
fe13e0f0
f71bf10c
f61c013c
02fa06ee
3cf63eef
fbc9f207
051c0712
f9d70106
010013fc
dc08fb03
f117f335
ed607f10
81381b0e
3dfd2df5
14fafafd
09e8d5f9
0df7e3ef
bb282cf9
028c16eb
e407d327
e5b7c99b
34fc13c0
0781eef9
eec5fa10
f205e80b
daeb0000
30ed21fa
f41f0308
0dda0ded
e6d3da0c
08d80bf4
07f123ff
f60304d4
e26efaf9
c9cb0a04
1047391d
3e413d5a
1309ffeb
cff90ee4
3565e210
05121c02
fa232c0b
d005c7ca
32ed1500
fcdff314
1dddecca
fbe9ee07
f4f34010
02ea0700
05d0ef14
23f9ead2
0a07340e
3c080f1b
071f2ee1
03180808
fdf2f814
0116e507
08290803
26251422
a0010c22
1afcf108
3eecfde8
0efb0633
fea81a18
fee511f7
f9eb0508
010af407
f007f412
d9e01f55
0f631ebb
07cdf33f
13580d19
0321f3f9
07fbfcf7
eb0a20ce
38f3f210
1308ef2a
e8cf0b06
0009f711
fddb05f9
fcdd3c11
ddebec04
cd14f200
02ebead9
e9d21026
e06e002b
0dc5220a
f7e33d05
010fd5ff
c4f0f5ef
fbea0abb
2c2b0c0a
250dbad8
d3160bfc
fbf7fe04
0e0743f7
fc24f20f
2020fbfd
e52f26d9
2cd01ffe
0d0acfd9
f2c1c2eb
0ae10a23
00e33200
fd22fa06
cff006fa
2405f91f
10f9190d
f112fd09
0a313420
0517f4ee
0b1b0ee7
040bfbff
44fe0a0e
09e6d80e
ec1d17f1
e50a2325
070100ea
08ffe4f0
03280a24
fd08faf5
f1de03fc
dd121bb9
ff25f425
c6f410d4
0d2a18ed
08dc0001
08ef1600
07c7cbdd
4eaf26e7
220fc6e4
085b0830
eff3f409
52d62de6
db0534fc
14d4060b
f7daef08
725c040e
addc0844
e2e344fd
53ff0015
280efd02
f6d7f618
f5d2fa04
ff07f70e
e8c20300
d6f8ea16
f3fb17e1
f3ea2603
e8e7ffb3
eff80afc
f7dcab3a
fd0cfc08
e709e3f7
18f922e1
dfea03f8
d40cf0ae
ed613fc0
192e1d0f
0ae83617
fe2ee7fe
f60f1506
e10dfc7f
0fe8c9fb
2e16f91c
1bce0ebd
f91ffae1
02cfb207
0aed0004
24fd0001
19f12ef6
09b1a5f3
dbf816f7
19d6fc2e
09f9f913
e81008fa
000b01f0
b1fd0709
390d07c0
1a04eeed
3119f2e1
4f11d225
f0130aef
eca9eb04
f8f41307
f3e4f7f7
14480841
08eaf51d
0010fe39
da9d0ad2
00d21b20
0c0e000b
fa130112
dd28d502
fa16e9ea
28ecf1ac
2c39351d
cfe708cd
fbfb25c2
ebc54427
0f3ef2fc
4f2804eb
19def535
faff1b22
eff41cd8
23f7e3ec
f70be6f0
fc1920ec
0542101b
dcd5052b
0120ee0f
cee40209
d0fbd012
1814b611
fb5b0306
c0c42400
06131502
ca43fd02
c227d3e7
020f0cf6
3a2bfb11
bbdfccc5
0725f3ff
02cb00fc
fee80cfd
10f80007
d81dfee1
0a28dafb
211c31ee
fabc1012
fb1509fd
03e30603
f53d2b05
41303110
c3f80fe3
e4b1eb0b
db6fe2e5
3dd02e16
00ead2ff
1216f7f6
eaf0f701
e621f727
27020b4a
ba471214
3217f7f2
f921cf3b
fb20f805
0b10f116
00eafef6
fea60dfe
e20f3428
19a8fb37
c52016ff
13362927
f8f9f50f
0104c607
08fc09ff
d91104ee
e8f0f64a
60d6f9de
f0f91d43
0dda06fd
0ddff9d5
fae5deeb
f91bdb05
38f2f60b
fa04e513
7fc50fb6
fc01451a
f204feeb
f7db020b
fde636fb
f4f81a0b
c503ea15
5440e523
fd0a0bfc
0d2407ed
10d5183e
03e40de3
090b9c0b
e4ea221e
0201f602
19f7f6cb
e802f3f7
cdee04dd
bdc90e47
e81202d1
100c1a06
fe18dc06
0dd0feff
01df47f9
dbff172d
f208f405
082c01da
10a104f9
13e4a6f7
02f413fe
df1d16f5
f1e9fd35
f6ea55f7
f1c1f8b7
f62ce9fd
f8f8f103
f9e13103
05e906fc
a441eff8
07e611bd
fada0af8
0b261e90
e312033d
16e30415
ff00ec0c
03151801
ff23f8f7
fdff1117
f15717f3
1fe62611
15c7e4ea
fe1213f6
fcf10906
051809eb
f6dee30b
091e0b1e
04321af5
06de4024
4517f71a
fa1f20fa
fd05b214
0b031100
0effff07
eafb06e6
0df6b41d
effce227
fe1ff4c2
031a001a
eaf66311
ff1bfe01
1a271604
0e1aff43
2ef8f523
e7fbff1a
e50514c8
0729faff
fbdfe9ff
171d00fd
00f2bdf7
c3f20903
eecbe41a
ce3403ff
fbf00314
1c04f8f6
e40c09cd
fde72304
3dd4000f
01f6ffe1
d6202a09
3fd1ae05
3df0fe06
fb0d18de
f8daf21e
f7f7d305
2eb2f4f6
97ee1b12
07ddf210
222617c5
cdca0adb
1b45f026
14b92410
09d9fdc9
dc1feef3
171bcdf7
f7d0ed33
d109163f
0cfbf902
ad0e1f02
0bdee0e7
00bad806
0c100a0b
25ee138c
1f43f7fa
f5e6ca11
2f04e7ff
f2f903e9
f2eee81f
1dee3cdd
f522e2eb
e10d201e
16ed45bc
baf22208
a8e23028
17ecf51b
f8a21b1b
0adc0bf4
1217310d
1a05ef1f
0bcead33
c3f5ce06
6d37dafe
ffe9ec2f
fb5e280f
fdf9eafc
b9360b0c
f7f1fcfa
b7e31cfc
f51bd8e2
ee17101d
fdcbe50c
01291c07
ece905fc
ed153ff9
021f0caf
d6e6cb06
01a51a13
682b10d8
fcdbeb0b
15e6ca01
fd23ed07
d8fde7f5
10f101c0
19dc0704
e30db6ed
c7e6d320
f3030ae4
ff1ead08
000cf102
0211f200
faf70dea
22b72118
fbf6fe16
0d4000e9
ff080c07
00eec004
012c3d0a
e5e1c5ea
bb1ad101
28facd4b
fad1e7dd
1df903ea
290cdb06
15351b15
08e50202
f6f9070a
d822fcd9
db3a03dc
e2f8182a
1e22c905
fdf2fc12
ee0a2c0c
fd37ce0d
4d1feaf7
17041f15
e3fed9ff
ed2e10e3
e5eed40a
1f28f2e0
05d6a913
0012f8f3
5dfbe8f9
08e62e30
ed39fd49
e919e71d
2fe1f235
fd4f12de
03d22ee1
0a13f0f2
e5530c0c
c0171cf7
0641e710
1aec16fe
f91ef3ec
f0e11011
01fff70a
d9fb0902
3af0fa58
eefef9e7
0fd90e08
26230002
c106ec05
c110f6fd
030dfc04
01ea0408
c61707f8
02fee119
2cc705d9
12fff9f9
be1a1a35
03d5043b
05e1fa1d
004b0dfd
e606fc01
e7dfe1c3
1528c02d
ca0fefb5
f2a908ee
12f3dffa
f4c8fefb
fbddf0f6
f1d9f4ed
fa0a2109
e0b759fe
db061221
dffa0926
f2de0dd9
fd28e201
f9ea1907
ef1bfffb
d2f5dc6d
dad8070b
0efec515
3122ebf8
03f9f606
0ce71f10
0939cad6
29acfcf4
cc07f5e4
d4eff0cf
110b0bed
141bdf07
f1de0826
00042d14
051101f9
04ddf7ef
e2e0f7c3
d3e4e2f6
b9281d12
0520fbb8
ff0ff51d
000c40f6
070ff2e0
c430f6d4
e5f90496
1d140214
04f3350a
1cc6f825
17d6fff9
2cd32af0
fe33fafd
f0011502
1a14e7f5
c71625ec
0e04eeff
20db1101
0ad6f218
08edf820
1d080ae1
d9feeecc
3314d661
2fe400aa
34cefd10
1032d954
2d1f0a1c
1b47ce08
030dd4ed
31fb0404
1e1116c3
1602c7ea
e53f3df7
0bd31bff
f62df706
00f5def7
fdd50512
b70af902
00da12de
31062100
f1fe2411
e8250ce7
0902ffd8
051fefdc
14cf86f5
32fac30c
b2e8aecc
0ce8ee49
f7e1db06
b534fefc
1de1271c
fdd712cd
02f2faf4
f52a01fe
1e091620
13ce430e
2f091740
2c09511d
010515f0
05fc0635
fdef1d03
bad302fd
cadb28ed
15d80413
f8dae9e4
d5ff68db
070c0df6
f8d8f3f9
23e9db10
ff1ff3f2
b4ec0dfe
f027ee0d
ecee36fd
0e042d07
f9f615f8
19df152f
ec2ae1e7
12f8f901
d8071906
fdec0105
09022bfa
1f010ff4
fcf2ec11
e3e012fa
1caade28
0ef6f110
3f4efb18
3c1b06bf
1a03fd01
e0d304f9
001533d6
d9ede12a
20ece5d5
de70c72f
1f2935ec
e926d6fc
53e22614
272d1608
e92e43e1
a8f5df13
0ae603b4
10ea3840
f0e1e418
f5011803
e6331110
600e14ec
14efea67
f93810bb
dd29fac4
20c1eace
d62ffad6
1dd8dcdb
c0c2e8ee
f8041913
3d0ffbe0
f712f57f
13c62812
f2ebd12c
5b314900
f2fbfa14
1fe7f4d9
20feff40
070a22f2
1af1e328
07351529
fd19f2ca
fafdf313
4be2e527
39f7eaf4
f12afff1
0ff718f9
fe2c2fec
00d7efc4
d4e7180c
fbe8bed3
1fd9e8da
c0e120f3
091bdbe9
240a4f03
1109c24b
f8a04116
fb45f60b
46303003
fe141ce0
abfce528
23d4dee5
0018f9f9
e4aa494b
effc06da
ef40f910
41dbe33d
20f807e2
09010909
f7f8f1b4
e127e111
00c1df9a
da02172d
e3d82de3
d1130b0a
ee1b013e
e911131c
f70134e2
ffd3d1fa
0e110759
1fe1e108
e91f1be3
eb14fe23
f401dcfa
ed052b06
2f04ce04
060b3b03
1de5d94f
de0e0f24
0c32f8c2
284009fa
19bee7f3
e0f1fd34
0a0b001b
58c1c908
45cbf4e8
0dd67417
39fbf50c
f4eeefee
40d2ebe6
cd1ae305
050ed805
e0eae111
db4730f1
140b2004
014bfc1b
f601032c
13f42320
042b0218
10e81531
eb04ddc6
c2e6fcd0
24cd0500
f0225503
2c0afa39
d7f5e9ff
f714ee1f
a0de131e
b91bfa34
fa24223a
de0125dc
ee8807fd
c731d103
1dd12ae5
f6091d0c
fd22d3ff
f216cd17
ef181bcc
fddfd319
fedd220e
17f224e7
f7cb2b22
3defd0ce
0d101ef8
242ef1ed
1233fbee
0acad006
de332ce5
141d1016
14dfd6ce
d52aec1e
01064700
1437d1f7
cf12f5ef
f4fcbaff
e7168e1e
eefb5012
f50c25e4
d8ed3006
31f1b51d
afef3bcc
11340d1f
e50ee2f8
f42424fa
0f1ab3f5
391b2ad4
31ea2af2
0e2dff01
0402142a
f6e6f820
d9deb516
13e8f3f5
0c2a2b18
ce2c3ff4
b7fae80e
c6e63248
fdf9fe20
1ccf0b11
e8cde50f
e711fa16
17f70703
042715c6
f0ddfaf5
23143c04
d9f948ef
f209f800
e212d0fb
edfd3a12
0a270ed6
0cf33c2a
f91cf2f5
edd8fe2d
e6e0b51a
eefe0f66
eae1181f
faf1c5e3
d3f101d0
057229e2
260ae026
fdd4051a
e765e4d9
e3cad32a
def1e0ec
e1af34ef
e5d8c1c9
02090b0a
df1fe6c3
f31dd0cd
c0005648
da5131c7
d2232333
ddb5dbd7
51d70133
d80d34c9
cbc20ae7
17f8310b
8c0606f4
2e23fae2
020de207
dcc1cf09
3d05e87f
030512bc
3340f91b
cfeefd1e
1f4e902f
00ec425c
de360ef5
11e8020a
050933e7
fcdf1eee
fee00d1a
1f1626fe
c80adef9
10fa2d23
0ffed6f8
16f2e7e1
c547e337
e21ce2de
fb571e0f
bde61f42
5e0dc102
1805e749
011e1508
f5f7fa23
21d0d1e2
dd15e115
06e60617
2ab11a01
24fcd80e
e430e7d7
fbfd27ff
f9f8f2ef
2f34220a
f1a116fc
f41b081e
d41528fe
eaf32a02
10000cf4
1108f0fa
ea05e808
f4f6e9ff
fd0befe8
080303f6
16fef4f9
10fa06fc
ffeff7fe
0834cc32
ffcfd305
b9b93cbd
04def329
30003434
3014fa41
db242e0d
360d2f89
3919e1fc
dde8fd24
fafc141b
07f70de2
3ef8f7f7
e6d90e0f
39f72719
22e8da0c
1c321d22
c01c14cc
333018f8
e80504ee
00f6ca14
fcc1fe27
1d4f2b15
e6442bd3
2af72007
040acc06
bf061b02
080218c8
ef2f2c09
f12512da
0633f8ce
f9193a34
fe1c1e35
d229e6e6
d8ccc719
2bb82374
e4e307d2
3e234416
013324af
2313dddf
feef0e11
01ff34fd
10fdf0fd
eef2e20f
fc1ffae8
fd1bf912
05fa24fc
19fb0ee6
1804e2d0
b83db8ed
ff0f94e9
16f4f03b
f2231a2c
2aff5425
f10ad843
2cd11c57
4fe926e3
0eeefdfb
09ea0302
ca38fcce
110f151f
e004051e
7f10ec02
02b0e73e
16f9e2f0
f4feca07
122339ba
f8d8fd05
ca2d0821
420f2ecd
d69ebfd2
d00cda3d
dbcfed0b
f4f214ec
29d0290b
e6d20de2
fa33e3fd
fa260cc0
cbf4e6f6
0a073c09
e611bd1e
0af5ffea
33081afa
e8fe122a
08ffd21e
f293d7e1
cc1946d0
ee27e516
e7eee1d9
282800e1
2728dd9b
f6e50c1b
29f310ed
e124187f
30e1c704
fe0dc055
ec070302
d7f6f431
48f5e40d
fde835cf
d70205e6
14dcf600
4bb9f6e9
efdd1f2a
e0cc34d8
2e2d380d
0916eb0e
efe915e0
7f43ff40
f3dfc834
32f502cf
ec340bfd
da0e141e
bdff16fa
dbf41ed2
e0422529
06f8d919
1bc4d607
e5e70220
47f42eeb
24431016
f60a3210
2befdbee
dc080c24
26f8f1f1
cdf8cb0b
18f1292c
fa1e1e1f
e85ee64f
e526f42d
2705f953
28af13e6
180bf0ed
f81ba718
1608e84e
c0edf4ca
0522b417
ccf3ef04
1cffd50b
4029daee
101af91e
f43ffeb1
f8c2f4cc
0d2206fd
f9c4f72d
15d1e119
cdce36e7
6711e3e4
29d005e6
ef043b0a
d03004db
314318d5
ddea3409
e9dbde12
ff2121fb
e00609e7
ee3c0003
0a16e9db
dd23f5fd
f6fdfc2f
3e031e18
1cf11ae6
d3d4fe10
d2fa0732
16004fe7
070ff400
ed170aef
19ed122f
d8f30b08
f5002502
07ff15e5
fa183323
da0338ff
1ff8bd0d
3a1bd00f
dc12d50c
3ffcfc52
0ef0eb10
edc4ff1a
fe23f7fe
00ef40ed
d81e18ee
e4eff710
e1051f9b
31f7d9ff
fecb4019
05390fd8
14f40005
25fcf801
d1e6e316
01120900
f9cf070c
c3e3d906
e7f5f904
09f2d631
6ed9cff5
d00dee24
d8deebe7
491c18f7
15dcf518
fe451a07
1e1d2eea
dc142ce9
11f5f02f
c6f911da
1aeec567
0521e7f4
30080c02
dbdc0116
1ade16f7
e22b14e3
f0eff4dc
0600f5e8
cfe5e9c9
f8210aca
d337124c
001e0c14
10ee02f8
fb1d0ffa
13fbff10
021320fd
d3fafe15
f4040105
f30feb07
d7c3e133
00f449ef
0db011fc
d1fcf5d5
07e10efb
afc83dde
e2f6e640
a10addf0
feee4cf7
f92da300
c3d000ee
26e149f4
1802eeca
0015c20b
31e7c321
1b03e9fc
11f5c4f2
2fdd25bd
ee8be5c8
e51fd526
ee072e14
e900bcf4
2cf6c92d
06981202
03f6fe04
0fd9fc63
296b00fe
eff907f6
031123ec
de4ac325
b953364c
02120331
e704fbe4
fbb62bee
b7ece9e4
46f9d515
37181d29
e72fde2c
04d11ae3
f0f713ea
f501023f
f7eb0224
28c216d5
fddf0bf6
2ce0d4f5
f2e7c809
f32c0bb8
0646ef35
1344f5de
d806b9e9
1b21221d
dd131a0c
f2ebe704
29100ee2
38ebed3d
fc0cfe31
e3f60800
0b28c90a
1138250b
17e8e5eb
29e2f903
3edb0bc1
d0fca853
d8f23c29
05fcecf7
00da0002
2bfb3825
0dfaee07
e01bda28
fd0d47e4
f2f90505
0ce00521
1e16d8ef
cf0166fc
ebd50908
b020f2d3
e61d02f9
d1a0add2
4ff32cf5
19481af0
28e6d3f6
ae282c0c
d0fe35f4
dd040212
bbf81ee2
cb2ce318
f91cbf22
15f3b608
fc020608
ffed1102
fbfcff04
060b0308
fd0301f2
02fd06f1
00ff10f4
0905f602
111b0216
2305ebff
f2012bf8
e4ecd85a
ceff4207
2b24fdc9
f7e0d6e1
2cf02d12
140fd90c
2f28d205
76c31907
cb06c7dc
3733d6c5
fac8d361
d9c30c01
30d8f2f7
f0ec080a
360e24e9
b2d4f6c3
cf0a26d1
17e2c8f9
f9fd0df4
eaf004d8
2b2bf236
effdfb46
02558104
ffebc6ce
dc1af1c8
f1c0f6a7
ea19d611
1018f0e9
0c0d0f35
180f41be
154a3d0e
6cfcf308
ff07fe2d
4f0e0b2b
2bad0c21
110da2bf
0cecd525
f2051be4
f612edba
e849d900
0c0debd0
d90ade03
e5e4ec1d
e60de945
3531abf9
e502ed43
d1c026ec
2c054d1d
e0fd08ef
10f0d143
f3c618ef
152ed42e
d0022d15
0129dc01
e2fe4a1a
de311103
09f2f6d6
100fdde3
f2fbde16
1ef3e1cc
38173100
0212f2f8
3a21d210
1dd914fa
d8e5081e
b8d71a1e
083af311
f6ef34af
fed5bcf1
e348f0e5
113cc1dc
170bb8ee
e8f6e604
dff31f0e
4af50ef1
ee09e4e3
ee3ffa1a
e4f20415
06f411f2
42d9983c
ec370902
c214bb21
19f9f1d8
4de7e8de
1119ccea
e6c8efd7
1300da13
f4ddc405
0735b3ff
1c18ef02
1103dd12
f0c7d623
dde702c2
36f6065b
03dcfb02
dd170b3e
21dff30f
1dfdde09
ca521913
2908c31a
ee2120b0
0eeadbdc
0d02f4cd
380fadb4
fdfff4fb
d212d2ff
faca5dc2
d8fcfbff
7fc2f001
d53340e6
2fd4159b
a7321d1e
1756ee34
0512f847
2cfc4b22
edcec5e1
e4def338
3137d0ff
c7f8e5eb
22c7d9e9
363eea65
1ce01917
3d0efa07
40f43e08
03eddfdc
b028e759
f1f8f0a5
db0ac714
1eec1836
ceeffbd6
421b1ddb
e513eace
0026e1ff
15000cfd
e4a30a1e
aa16e6d8
f6f01cee
f0e908f9
ffe8223e
0b05fe04
fcca1941
fb512daa
0c29eb08
50093bd8
1c496ff9
182436e6
f210f9fd
211de31a
dd250c08
03ed02ee
18ed0dfe
e902fe0b
0ffb0910
0add100f
ea0dfc05
0406f418
e02b07ff
020509fa
01b6db45
13122330
a8f4eb1b
b650a71a
e81ffc62
cf2ae87f
1a0f2b02
1cb225b4
d419f325
a05fcce6
3b17c1b7
e13e2dec
f605ca14
161dde0b
0314007f
3d383aa1
f2ff1dbc
40ebf2e2
1b071d0e
09124b0f
04b0102c
1ef08138
2a1210c7
39e32e2d
f273eef0
cdc6fb1b
170603e3
14dcf9df
cc63f4ec
091cf5f1
200411a2
f039e142
e8d1f50c
f438091a
21ec230c
04062afd
0bf5e6ff
fb1eced1
1ae3f134
f9d6a2e5
fbf6be2f
4ee3590a
0914a2e7
ec1bf8e6
201f2ed5
f5eecffa
06e64c30
141e0be9
fcc2f60a
e4f21fa6
26f9d502
d0abe103
1024cede
c9ed19eb
2edd4dd3
09ff1fd6
29e922e7
d30ef814
fdf20935
34fe1ddc
00ce20ec
f5def9d1
ff1327f6
00f8421e
08002b1d
6cf13228
0547d819
0c09ef0d
dff9c0f6
013a10f1
fc0cdc2b
e133f6c6
11f9c4e3
edd79809
37d3c7da
27ff3329
2e6033e8
d5f6d82f
19cdfbf8
1b241240
488ed02c
a50f3231
dc0410f7
f7f4df1e
0fd9f5e0
2c2248f5
fe15c65f
b4f32a23
e8ebd623
f3febfd6
caabd3fa
f8ea5bee
ea1b3103
091ad601
00adfdb7
210467de
01e845e9
03caef15
fd0d2dde
38f0d0ca
d8bef5eb
da2356cf
ef0ff1f7
e63345f8
0dceea04
c3acf3d1
47b6dc24
471aedd6
b4fc2370
336f0324
339381c1
f73f070e
f92f0e00
d929d7e4
c3600021
f60e32d2
04093201
ccf00cef
08eded27
ee320949
0142240e
1a0bd1e5
db23d5f8
e64229f2
fa28353f
fd2dc418
f608cec7
f7e8fcde
02f6edd7
0c1d05e0
f91605d2
2cf7160f
27192f14
0eeb183b
ffebfc0f
25dc59f0
1200c30f
12a2130c
b90d0f5c
05e6b8cc
ff555227
22164d21
c317fee4
321f1531
291b0d31
dee1d4e2
c04cde7f
edee09ec
f640230e
0226c709
dce82af8
13ed1e02
05f5f002
17eaf608
f2fb0e07
030ce1f0
05f7eef9
16f3ebfa
0af117ff
b6f22bfd
e2341505
44f2ebc5
1ccb5f26
15010d1f
dc3a6499
20c9d700
e11405f4
0ceb390b
e54d5117
410fe8e6
38ded53f
05220bf0
cf2ac035
b00c6502
eb382d2d
e11c1bca
172a0ede
404f1115
4d15cdc8
2d2d3411
e50f0125
db08f6d2
1e00020d
09ffd10d
14f9eaf8
53fdc503
eee028f4
fb0e07fe
3c0ae7be
313437ca
c60cf625
f7350626
49d3dfd1
05d802fe
e549f4fb
17013813
061913e7
1a7fede1
23bf55ed
1df7ea09
0be727f5
19f407e2
2319fafd
050330e1
f71e0ff5
34e6ff3c
bb2910c7
0b46d50c
f22fe5ee
d2302ffc
02340f3e
5249dded
233863d4
f45da918
3a082deb
261e1210
2bebd4fa
0fd10efa
c50ef12b
e4f21224
2f151424
d2fe00f7
f1d2f4de
de26f226
1138bdfd
e9f924e7
03f81d18
f9fae922
0c16211f
1b04241e
0222dad6
f2df0e67
251bb314
1e983b04
b9e5e6ff
ed0a021e
2d09cd01
fa3107cf
f7f00491
180802cb
e9fcc545
e618f0f0
be1ee7b0
fde5c4ee
f3140af7
e1e0d4de
e13640ef
e5e7f215
0324d6d9
fbddf8f9
3806e1c8
44fb1808
c6d5074c
2720d4df
55fbedc5
f3e4963a
f619dcd1
1f1bf20d
0be7403e
06d20cd7
1700d626
a6facf0c
2aef11dc
d9061cdb
fe35fcf9
0ee30ce0
1a76d111
041c35f3
e024f800
1aa0f5bd
2bf92c29
16001e1d
23e3dae9
b4cc10c3
372e12d6
41fde802
f6e4dcf5
e6ee40f2
0a1d12ab
241f4ee6
e8403724
34cb1bf3
c1ea9f1e
fee8da05
0505f81f
0ffe06ba
182b1d9c
8110f4f5
100a9314
e4150938
080ef1cf
4315121c
07fdf544
f6f5f8e1
b61871f5
25d61129
021d3e2c
f1212901
81bce7db
f006fa3a
b923eafc
f8151bd9
601e0a1e
0a1be1f4
f51ede52
0d2e1d2d
d2040beb
0d02e7fb
17dd04f5
2cd4f200
1fe9e2d1
340a00ff
0910ed1c
b998f3ed
f431b72a
1a00d818
e937fd0c
fd002735
f4fec31a
0cf9e4fa
c7032144
1c0a62c2
f2dee5f5
0d1cfcf1
48f7e819
ed3e09cf
0bc30940
cee8040b
fec0e8ea
d2c12f9c
0246203d
b9f013eb
092e0b03
fea5c21e
25ebeb0d
ee160acc
30fd2110
d593040b
0e211f4b
c6e4cae7
090c42ea
f3f74a0d
f3fc092a
040cf01c
02e225df
0ce3dadd
f26b4502
32d322e7
a338f9fb
e45b1bf7
06fc18c8
0ad312fe
d2eac309
8424221a
09f616d2
2718e93f
24140702
2bf4fb06
3ec7d41b
1e074510
161bd9b6
1cee0ade
d6e110c5
d3d6ec1e
0a14f4e7
2cd5c5e3
421b2406
0010dd28
00359914
b51bd30f
fec1d8e8
b5fa23d3
25261eb8
2806eef7
e4fef1d4
f9391a2e
03ecfb16
0cbe3117
ff24e730
efe6300f
d5ef2a18
1fc30e50
d6239a37
24d91dfb
0c1c114a
121ab71a
121529ff
13c6da40
e9cad22c
b9e018f9
2eede715
f9f7eee8
12e122e8
fb15e5c9
2340d2d0
a014d723
d6dee3ee
ae20e4ed
a2341b38
3110e2f9
15101327
02d34fbf
f4f3f820
d4ef230d
edb42d9c
f0e8e1fe
ee464edc
e31defed
f61ae1db
2117ebfe
66fbf2d7
e2df0408
da06f6e2
25fefd03
007bf12e
16f81704
c9f04b0d
bce4e3ff
dd131e45
07286c3d
18cde6cb
fb1dc832
43c6f303
4ff21a62
ed18fef1
7d2327d8
fdd90ae9
be2fbe14
c8e4ff2d
33def108
fef3e6e0
1ce4cfeb
ed03e120
8816030a
01fd39f4
ed16457f
45fe1ca0
03b8ad3c
520027fd
b52608bd
f9471e3a
0514080a
fbbbd84c
5ff2aaeb
111346f2
1b2118db
07ddf8df
09391fd6
de160d22
f01fd901
abd914dd
a518cffc
405c13fd
27fddad6
d71c09ef
3f47f6b0
2a0bc713
e21a2739
270621dc
e3450d21
fb1b0500
fa381d01
e709d5da
f6fbcaee
0f42cbf5
ae09420a
bb0ffaf0
3ed8d618
042c35f9
31e9a1d2
e1edd8f3
070616ec
ef0bf926
2509e812
eafbd5e9
e2faf702
0411041e
d0ffe6e3
fe14f9a5
fc6433d8
f6c2e0cb
c903090f
00ea5308
d5e7dfec
561d1cd8
d1b7e1f4
0bc617e1
1611ed0b
13b6f24e
0819e941
2d1af7dd
1a230b26
e61503e8
ecdfd41e
cac7c1e7
0313e2e8
3be61311
47de2487
e7f2fd10
1519db2d
5916bb10
15f5ccfc
062209fd
0b1c0011
eaccda10
2ec528ed
1726ef28
fe080dd9
12000d24
c9020ffe
06278fee
e2942007
2e541d33
e0f1de49
cbf014ef
040ddeea
1808cfc0
ff040417
edf14c16
0c15f513
bd66f814
cb14fda6
1ed9e117
62f2e405
59ccf006
d4fe2d31
1ff6c716
3b1e13c4
1f03b724
d9478113
fb272d18
04ce222c
2d25fe0f
0ca6fe2a
070ba511
2d243c09
14d7c309
1d3429da
4fd0d4f6
01f11dee
0d215323
35c1e0db
ea1ce791
d3f90610
33e0fdcb
5626e428
b5e03cf4
0d1190fd
1d1ddef8
eb4921e2
e1384d30
01f3b7df
f3031a06
e3c151fe
c4e6f5ff
161511c2
f6b730f9
38f9ff04
e81dcaad
def90d36
1124cd17
e1fbc928
39e02ec5
df10fd4a
360dce04
2157cb15
10e2ac9e
230d21f5
c6d2ed74
3ad9380e
e359f0b2
1924fde7
0b06c6b8
caea0b0f
04ecf0e2
caddf1e7
fbe3dc07
f9dff2f3
d7f0040f
10fabf29
03f02c20
dbf21424
071a1c07
ec1d38f6
00cef0fd
15fee9de
f90100f4
cef50602
e328be3f
e3622100
cb10ffd5
29e21eff
0ee6ffec
ee56e0fd
dcf9062c
d50147e9
f5f5322d
01dd1225
c6f8c32d
d210f10e
062608e7
d7e71a48
040e47e7
2021f90a
daeb2857
171aef54
f600ccdc
f5f1223e
39f660d2
c2ed430b
f50dba2c
b42ceb01
ee14e019
1aec1dd5
35bb5dc6
000403ff
02fd0102
0001fa01
02fdfffe
fdfcff01
fdfcff04
fe01fe00
01ffff06
151d0f09
075ef01c
d41e48e8
3e240ccf
f5e372fd
ce03f53e
f1e55615
e20cd9dd
19cf46d9
3f080244
fc38ec49
120e3cbb
7fdcd4f5
1ea1f1be
e5e234a8
17dfe14b
fe0a02fc
fef7f4f1
10f710ff
05fe0203
f61503ed
f40afdff
fae40cfa
0005eb17
16ff5314
cde6e5e6
1ec80e29
35f5e30b
dceeecf8
f20b3542
47011b4e
d2db3bde
fe2141f1
0cb4d795
f1db130a
47ffe9ea
15cf1dbb
062822ec
14f20a11
f0c7231c
040af4bf
f303e100
18dbdeeb
c8eb1813
f6f20807
d6000800
b5b0242d
19cbe51d
fb17dfec
f2c60f1f
b52109e1
07e3d4f3
ed363af8
04d7f831
0000060d
23df4d05
efafe6f3
11ebc2fd
f01b074d
f20f30d5
5215edb4
df29efec
1fe42601
161d2130
19f24734
03b10eba
f339a5f7
90e71d00
fdd91a40
ec2a311e
def71633
07f904e0
34eaf621
0df82825
1cde3bf4
eabc0a3a
e3dd3719
52f9faf4
230a320b
f9400bdb
b341e71a
11532cfd
271cf337
38ea5001
6333a803
ff1bea14
0527f310
11fafada
1ac5f524
cc00f218
09eb483d
e20dd756
46d706f2
e038f432
160f1b00
cf07e5de
96147427
257f3704
1013fed9
4e2b55bc
2f0c2cde
eedcd0ea
d8a94513
030e1905
e30b2ebb
07f6dfe9
deb6344e
1c3405b8
cfe0f803
03f0cc25
f1e931be
b1d62d22
24fe19ef
1a0bc3f9
83d4f1f7
fddf6124
b325f642
2d0bcc3b
f9b9e3f6
0df29ca9
3a15fb32
12dbfaca
cf20cd36
cd11f1dd
5d1c2dec
ecdeef3f
010fe10e
0e3ddcf4
13ffbdd2
e72b47e3
b7d54bdb
f938d8fc
d530011f
d9f7fb3d
16200908
02332df3
ece9002b
102cbcf2
e6bb2e00
011755bc
f933092d
c4df0cdb
29f5fd1e
e867ced6
0d0112f0
fe0621f8
010e0004
f2f601fe
0302fd07
0710f6f3
090c22f6
0f02f10c
1a18b200
04fb0b34
33ed05ef
18d8f103
1df5c7cb
1126ebf2
f21a132e
9cf5f2f6
cb0402d1
13e53813
c42e331f
12aafaf3
0912fd09
2d10d9cb
010c1de9
0b09ff0a
2028c917
e6c3f812
0023c261
f731f602
18fbd1fc
181fe2d4
082cde1d
fb1dd7e3
ddefdf0d
17ff45e3
19ba3411
f7faf144
e63db81a
a00dc11e
ef0ff955
10f10fa4
21131e33
474ad522
46d3e0db
210af645
d1f1c9ff
2927fbf5
2fe11936
b93e51e1
0e02f80b
ddfdddf3
0411ec12
e4cdf0c4
3a1bfa24
e63412f3
2acfddee
bec1e093
fe290dc8
1e142432
0a571648
f1cbf7d3
e62d0003
ff11d1ef
0fcee121
20edd124
eaeae8f9
1e8dc0d4
27f1bb1d
f14717e2
dd01beee
dc060076
37052206
e1faef07
f8034409
ea06e918
e807f901
d4f0de11
f71003fd
3122de0a
e3f92fe5
2fc4f3e2
12fcf1f4
f0f00bee
dfeec7f4
de05fc1b
1e0fdf22
0629eefb
15eb1322
1018e1e1
ed161afd
f60ca909
27121806
0bf0083a
e0dbde04
9ad601de
111b21e6
f62bf709
ab0c05ee
e8b6dafe
e7e2d206
17fde411
41c5fbf6
264b1bec
fffc12f2
ea3ad7fb
b506ecff
00d1193f
dbeede1a
c826ec2c
28241b08
d2dcbe11
3de20f46
174ad7e8
fff430c9
fee7ffcb
2a040b1d
2c09d42a
22cb31de
3edcd713
270f0355
e1f4e70e
cad5e7ef
fca71ad7
7ffa1625
fc26e250
1ee75bc3
fe077ff4
10f31efd
0df4325e
df00d21c
d20a2602
00f5a7de
1504fbe6
e3d92b25
1d3236f8
d21c1fe9
0c19c7ed
18f30eec
d4f3ad19
e8e208f6
d8cbf410
1a02d716
d70bf5eb
e7f011e2
1d1dd8ef
e910ebf2
01f0bcf6
fa1de5f9
0d040af4
ea11f4ec
b40ee626
18cd04f1
4916cf07
12d80224
e9dd1fee
144e4ade
e41320a5
ded27fea
b3c7c301
2cdd3b17
ddeef091
1621fc28
120e05f0
aae11c33
17fbfaf3
f9dffe11
11ee0430
0fe8f3fe
260820f7
a1c0fb03
0900ebf0
c309f3e4
eefde90b
fedc1cf9
011ee6c9
22d1fcf6
25c70fce
faf50512
f104dd17
38d5eff4
f9edf00e
0ce0eed6
210c00ce
f90f4107
0417000a
dec405fd
024c0dd0
3529ded1
405a0bde
fa044938
0a811bff
e3cfe0d0
26111253
eb37de08
3135e864
59da0af2
bbf717eb
f4191d03
bde0f623
f2eb4153
311c0122
1ad7e623
f59fa7ef
c9db23ff
20fd23d4
f7befa1b
1c05fffb
d0c2ef03
35324037
c1040219
f62108ed
f7da1208
ece11424
e8eb38a4
29f813d2
05f3d0d8
ff32d50d
05f021bb
16232bf3
0a25e005
35f702fa
eb32303f
06def2f7
a001fde3
fc7f0300
17f2f109
393062e4
eeed23f8
eaf1f1d6
c4e7231e
0cd50107
e6dac8f5
14169834
de1e0213
0314ecfe
d341c8c1
5648e5d0
cbf2f5ff
cbe80eee
0b41cc14
b9192a03
c3d613f4
e7f31927
bb62b8df
e597e3a5
2bf6d3e4
0babc9e3
d219f332
1c1f42c6
1418c6c2
2a0610be
0d1cece7
166fdc1a
121ad6d0
050bba30
daefe4dd
f0d8593e
3be3d0ca
ef021102
15eb18e6
ab0dc63e
cb01a313
0962298c
29450d39
3fc53c2d
061f130e
2dedd802
91f3d938
5df264e8
e0eed523
de3d14e2
e602fddf
dd1bb8b8
f4fda4ef
21ea00f4
2706a004
e527d0e3
e63db227
e61602f0
e2fef135
f6e83304
f3e110d9
08e631f1
2d7320fd
ed2f01c2
cdd40401
d8072bd1
02060ed1
d8eb211a
1ef924ec
07e3e325
3211bae2
2dde152c
0e1f3a25
110bcd12
ecd91113
ef0e31f4
eef2d4ef
fbd2dee2
fafc5d0f
3de4551f
f8fb0616
f676f1e2
1e15fcf6
362f561a
f6e802fa
14f914ee
07f81cfc
eeff1014
fc0503f9
eefcf905
fff0fb00
0e0106fb
ec1be5e4
01fc0400
08231dfe
f0ef0d12
0b16fa06
0bff0f01
07f5221a
f7060808
612107cc
e5c3a70f
02f5408a
fb1204df
0dff1813
c0d10642
f214b523
ec1bd328
be1c21f0
f8c93bf9
d0f6a10c
012be3f3
f50c29f9
dae9c90e
0be1e42b
15b5f831
952bd14d
df4f5036
d750211f
f6d2fd0e
e7372119
cbc72ac2
2a1dcf08
2feff218
fbedea05
f65219a2
e11d1f09
1ffcf91e
040c09e2
beedd7f9
fed22a00
1fec13ea
0e0409ee
071e91fd
e603b605
16070ff3
ea2c03ee
07ead8ff
1e0c00da
f8fcf03e
e9efb9b7
f3c0ba0d
e72b4a13
3c09e4e1
47290c16
0efbb32d
24e8f02c
dcf2f8df
12fe0d05
fe060016
020bef15
f9fcea1c
eacaf701
dc19d8ef
f010c90f
e9eb0b05
0921ab14
f0f32704
eceff6e4
d0fb240c
923ef40d
ea03f1e7
c70916fb
ebdbccfb
0a081de7
ed261a0d
f0e11602
e9fa2110
fc18f2fd
fd06caf1
f401efd8
f0fcf1df
f00446e3
cc3b0a20
1b12d609
55df2422
ff17a325
4d3f2e03
00c6cd02
fe32b205
e20cf80c
ea2bda04
e016faf3
1023eded
06ddedee
16c907f9
e3fff1ef
fcc82e29
eff1eb07
16af32d0
e0f2fbe6
31dabb02
e424d2b9
cf45fff3
38c4e7e2
cec4caf5
070d2904
d833fab7
14b907ff
584de419
061991de
382615e3
c9d202d3
eee944fb
e8d21bf7
0edf2ab4
091330cf
18ec0412
ccd5fa1e
f4d51610
07bedb3c
00e0dec1
b5cfcc13
f9c336c9
a3ffeafe
cad9e7e8
0507f4fd
0fd0ffa4
c7c00c0e
001b4650
f30bea1c
e90df22b
1d324fe6
0dd503cf
e0d5f53a
efffeba5
e50fd438
eddbd4c4
def2d463
1b620e1c
970de152
e50d01f2
f5dee9fc
dde211ee
5dd2371f
160b43c5
190e1acb
fe0ef909
3cdedf09
e1f10207
e021166f
07fa0ce2
28e0a005
2f0f0126
25d5ef29
2c9c24f2
3d26ed12
0ccd0215
2ec7d6d1
f4f206cc
0cfa15dd
13dad51a
5614e6e6
f22d3dad
e9d4f8e2
4824140d
92e9bacb
c0d62742
38db35cb
cf212ae9
1cdf2bda
161805ff
1907deea
30e9e61e
ede201f6
b1e3f6f2
4c0301fe
3a11f9f5
02f6af14
f7efe150
b3f20d25
2dfedb2a
c1f1f3ea
492003c4
05a82730
e5b20401
4d14211e
fb0cf71a
66e4e503
e9f80744
3f0503d1
171c18c9
e00a16fa
e3d201d2
429e1a24
d832c2f3
f303f708
1ffed1be
bff6def8
dd11182c
22cb3e16
c05259f5
e50dd0fc
0eccebea
10192bd8
04e72d27
2be501e3
3616f2d4
2cf8f104
dcb61607
3d12cd03
d3221ba5
1fdc7adf
d61be2e8
e3bfc50a
1b1af013
aee82ecc
fb0adfc7
25018195
0bbc3940
ac33f6e7
d70efa14
ef7f2de3
051cbc21
b1e4f5f7
e8faf505
15210d15
f3ee0855
ef20ec35
17c91bf6
080f1ae8
e5e913f5
191213ff
02e7135f
d90fe323
f6e31302
b8bcbb01
1d04edd2
f2e04b10
94020441
e773c409
d11e0909
00cf0612
28371920
c2efc208
4a12fe0f
ec44f200
10f003df
ff20c02f
01e3bb09
0845f5ce
3b5ecbe5
db0e0621
c89d0df4
e3f4f8fc
5235f5f2
0f5130b6
2c2cdfed
26591a34
1ceceedb
f8974f1b
faec262b
35d330aa
0301f645
018828c1
bb031ee1
20130515
b7210bf8
4dfefae0
d6d6150d
ec1c05c9
e8e9f14a
2a184132
14f91cb8
060342f6
163b2d10
41cfa318
f9cfce1f
b50509ee
ffa40235
da3b657a
1900ecbc
e411e6df
042b4f15
c815c0f3
f6064e08
e119efea
900afb2a
55f9f113
f20ce772
0cfccb2d
18da04df
7444ee02
e718fd19
2f19cadb
12d40fb8
19051bf3
1ecee1f0
f321df26
e0da27b6
f80ce35c
bc1935e9
e1ba21fb
062ae317
b7013bdc
a3efee08
20daf1f1
d6e8ec0f
03e1c8ee
0efd1f14
0c0fe1c7
0fe5c3e6
ddd9bc54
2218ee07
4424e905
20171c1a
e249e406
351b111c
b4c7e5f6
1c382a16
03ff0edf
3cdde601
dadb11f9
111ef9fb
fff1d5e7
1ef8f5f9
29c00e0f
14180ef9
0ae7d9fd
f50cd9d1
0de53bc8
b9d8eff9
70c0f572
f7fb0119
0db20ec5
031906fa
da023df5
ee0ce6d5
1b39c0ac
0b19240e
5bebfe0a
e4e4d108
4d17cf16
e4dc0859
c7e00b1d
f0ce16cf
1422d2f7
d7a2f439
a1d6e9de
140a0717
26e2191e
3111d604
0dfac9d8
35e6de93
29fef7e9
16c1d6fb
1a0d0f24
d71d2418
e1c737e8
7f2ef112
fde7c617
0217ce45
22d6f333
460304fd
20f003ea
131ddd22
d3bfd9e7
cc0c3109
becb0b4d
f60a0bcf
04a9d909
45b1fd24
1011120f
5d07f201
d5f713ef
37d7dbf8
cbdf12bc
e01aa303
01de0acd
09a51441
bf1c250f
2f372d27
dde0cd0a
4efcf5e9
0e0e0722
19f9f417
f71e01d3
01c9f50c
b4d9f305
0dc8dac2
fee02916
122fd5f7
e1fde926
e3f91518
24f3edd3
1c2b03bf
62d900af
1df8e61f
f70d37d4
22e29e08
36f6f0ab
1ff7e420
e22d07fa
1f08dc2f
1652cc37
063116e4
0505ac49
c0322648
e70e032e
122bd3ba
f1f2dcee
28250e07
03b9e6b9
fc32c32f
00f7f324
eef0eafc
ed3157e6
df3c0fdb
4b06d058
21f3140a
d3d51bb8
47c00a0e
d83c1249
b7e44509
d90bfad0
1ee2e009
0effe20f
f6f1fd18
28314437
180e08f7
012cebfe
1c0ef1f4
ebb1f914
0ded190a
e9dea80a
34e704e6
6cfb08ef
1de0f816
0dfee1fd
15f9322d
fccc0b3b
18c033e6
3e0d0156
16f4f6bd
fc08d809
f6bfdd1c
fcea0613
23114dde
d423e33c
e6e0018c
ff38e31d
03d02804
f3170809
10a22212
05f20e03
4aec35bb
65f3110f
ed0eccf8
d63311b0
11f76fc6
2629eb18
e2ef1310
fe2be902
c2e82713
fbf4e2db
cbc6dee4
b3f52405
e91b3c28
030ebced
0809f223
bafb2bde
fb09f3b9
2c0825fc
defd4116
ea57e414
1a564dfc
c89a43fc
1e08fb15
23c2f6fc
1ffccae7
e1d5eff0
f8fe460e
db04e2e8
fd0aaf26
d8490226
f608fb1d
1c431714
0118173f
44f9eb0e
1b03f537
e3e92c59
e6d30781
db0253f7
f40115b2
cd201b1e
d3e4dd2b
68ef3225
cce432d4
98e6fb19
edd2f82e
cdeceaeb
09dde816
f4f50c01
e5eff837
15080243
d4cfccdb
eec53ff7
fc183616
dfdbeedc
2516fa16
50e500bc
cb01df1a
fd1a1dd6
b6c31c08
ca67f1c0
c8171206
130f4edf
dbc1bd13
29f50206
061a1dd7
5524e6ab
f1d00c13
cbf1eb03
0f21cc09
311191f6
d41f15fb
360bfd26
0f07520b
d5d6b00d
c40bfd20
19e63308
0a0402eb
02240406
15f6f3dd
060ce5f8
101f03f0
0720f520
f618e124
4956ff4e
fe02e5f0
fbcf3be0
e834eb26
b31bf41c
2e3059ee
e9d3b401
abd6f082
eff2e8bd
010203e6
372702c4
1d0cd6ee
3207ee00
48c7031f
c703fdd3
18dc1e03
f5f2c6cb
2c07ee1f
db352dfb
201b01f8
e90b3c19
21eee80e
db231651
e2fce6f8
f905e2f0
03fbd70e
f82501e4
f8df2feb
271c0541
26e1e9ef
18b8e12b
e6ca30eb
f71df0e8
070be108
39fe0d20
d729f1f9
05f00ffb
f0eef4e7
152628fa
ff075107
f312362f
81e64225
02e63307
23e303f8
6802f005
09fee8cb
8ee54024
fcd0ae1a
e2ce25eb
e12366ef
24072203
50213516
da3a2e28
a4111141
f9e2f402
fc07ebb3
02ff0001
01010000
0000fd01
0101fe01
00fd0102
ff000101
0001ffff
0100ff03
1814a045
e2f024d2
22c94baf
ef210d56
3ef1d301
d4f026e5
f520e824
09012d19
18dadcfe
2bd90d4d
f86cbc05
fb041ef9
382238f5
1bffeef1
2a07c8e1
190509dd
0fff22c9
fc26e866
0a623603
1edc06df
9a1de202
05dedf17
e9c7c5e5
03f64e23
f2b218fd
e5d9c403
b09bbee5
07d9e028
e8d3f209
04fd43f0
b3f82953
f90df8f3
e446390d
20420102
e5e91a1e
20ef07f3
ede5aff9
0b1319a2
0df2191d
d82bd709
f7e4020a
fd49200e
c1fa1203
06e4c84e
12ee0b29
ff020e00
d7d7eafc
fa0043ee
38ddcce7
e8e8fb1e
f028b1c7
b71338d2
f416141d
0c25c3fe
f0e30a10
ef06b5b7
d9e2ac10
1539291e
423f0823
02dc3ae1
fae905d5
09d3ffae
dc04c9f7
e935eb17
020914f9
edc6fd0b
fb21df0a
0320f10e
101a29f8
2504e8ce
d913d012
d703fa08
0219db0a
f40ef835
e1f7c6ef
e6e0f0ea
df3c6a13
db0420c6
d977e1cb
2c0e080d
c4e908c6
29f6dbfd
3eea1cfe
ec0e151e
75f9dfff
15e11bc4
18f1ffd2
e34919e5
6ccde1df
14b3c102
26c2fbe9
02045b05
cddfea1d
fbdaf265
140a10fb
274aff08
040032f7
0fd5e515
13e32d3b
2aef3cf1
22ed4907
0fe2e0f8
f5dc2bd8
1447e5dd
05f5cb32
02ff3dcf
1b16f22b
f4263624
c619ec23
0013fbf6
d31a0af5
fdbb55c8
c0e41f4f
2643cfee
c9c51b12
211df807
220d2704
191344ed
bfbf03e4
2fe5ca15
f9f75e18
f437e913
f1e9383b
20e8abe7
33def0c7
2235040f
eceefcef
d60facf9
0cf9b9df
ece7b6d2
b35b1e3d
f3ddfdb9
39fe0b07
5340b9d2
11dcd2dc
01f10d0d
4113d8f4
13282124
1123b003
f6ee40cb
c31fece1
f31cdeef
da0901cf
fe33e80d
dfb00133
f42cf2d8
1d5702ec
39f1e8f4
ea17eed4
ec2544fc
fee5dcf3
08e0c420
30e1cbe6
2846af1f
fbdcefcb
e5262416
ea1bf0f0
0a220e2b
162cfe3a
6515cdd9
10de11c2
32ed28fb
bee6c1e9
3603ef07
414102ee
d20c1ff3
282e2317
ed33fbd4
2c1f55fa
ed231551
59203309
f6235240
f5fbc8fc
06d2155b
28d20226
cef799fe
f4dcd91d
de270fdb
b017140d
c229f5f1
cc2b0424
0fe7edf6
deea00d2
ecf3d312
d619fdc5
f658f21e
342985f6
c7453638
e5eed006
171f1c0c
16eb6030
300ffd4b
fc1b1814
fc100afd
c6e60a07
1409bd4d
e9fbe8ec
39feed24
f5063323
21cc053f
21fbd9dc
dce71aca
fefdd106
c142ec21
03b1e83b
21d1f7ff
161224be
a436d8ba
b34bd612
ebd2f31e
f5eae824
fbe5fdf6
d3f8f4e3
e206f929
dd1f13dd
f5f412f4
ee3bdd4a
fe34e101
11dd16f1
27098111
f4151838
fb3e39b4
12f2f4ff
dfc429ec
dcea1e29
179bd826
c3a83c22
040ac9d7
f8d336d6
2fdbf011
0a355705
34f928e7
0dd21df3
050b16c1
c6fcf2fd
c258d9f3
daecb607
da241c0f
c30715b3
c0bb45d2
f8fe3102
d74c2f0d
0f03e5eb
ff28f1b4
eee5f4ee
f8b01ad6
13fde3c5
0ed01a00
02cfe101
fb4be01a
da13ffe7
83e1c3e6
2924ffe6
fa22e2f8
314327e4
07c21153
f7eee8cf
ebf5e3ea
2ee2f1f2
f7f0cc08
06e30a39
eed8f412
19f7d91e
0bf2c4bb
e4e7c418
f5d40fb8
cacd2040
c4e709ee
09b4010b
1dd5b6dd
1a12f435
1b37e3ed
0a08ed12
093d270f
c95a2f05
f4cbf00c
372cf61c
24c724dc
cad296ff
1720d707
21f51008
d10acdfe
11e3f4ff
4206eaf4
2dfce010
0702c311
1bf9f604
16051ff2
05d41ce0
c94d3d0d
ea0053c7
f7261c28
033136f0
08ed010a
05480f06
3ef53ddd
caecd605
00ee42e1
f20533fc
c9a2cb24
29d214b7
bd0bf364
f8e15913
120006f7
dcab66e8
e2f5cc0a
d2d30b17
f0ebf1f4
d80902f1
fcead924
f81ac9f9
140de3f8
1b29202b
1cfcc2a3
0f020a19
2b28de26
1718bee5
18e1ec2d
e619d7f3
eae13d0e
230bf60e
4145b831
2806ed05
e5c9f5ae
35eaf0f9
4ced26c3
2e3f0efc
a5bb1b92
33f70217
e6063b19
2c19d435
18c7e115
fb06eaef
36ed0403
d904dfb6
f72ff701
ed33022e
00b303f3
13e8ede9
11389df1
18e522fa
fd03ec09
0b1236e3
13d0eaef
fd26c010
00f6db38
20e81a0f
a9c23608
f6f807fa
60c6b124
c825ece9
302be127
f9bbb30d
33fd1812
2c2df8b6
2c00dfcc
dd24ea08
be2f1be5
f80406e6
0bdf320a
0bb8b220
e20e2db9
2cbcf31d
f3270c04
1d222519
c2f7a7e2
0ff4f5fb
f3d81ef3
e8f4df1f
4008f9ea
10d93836
2beb1917
f2f914cc
fb8b002b
e7eefa05
f3c3fbfe
0f4fc32a
3d130dd1
f7336ad3
f7deedf7
fbfb2309
e1cd42f5
ddb5fecf
f2f56d1a
ed0505f3
04e90a0e
00f0d309
070633fe
bae4fee8
cee4155c
97004ef8
ebe9fcef
1031f5b2
0a10a0c4
4be6ac16
e033d8e3
eda319d9
09ebddfa
411cfd26
34dceeed
1bf9e81a
ec0b48d4
18e10805
f92f2948
fd02f60a
e6f43404
35991dd7
e91a3118
eada2f14
21e7f3e9
5129240a
342a0f23
4632f8fd
39e25cf2
f2e401e1
0ce29f05
fdc33601
ff22030b
f90911eb
0cf6ff0e
07fde7fc
1d1d14fd
cb39000a
231fd60d
f00544f0
042ed9d1
4b1b363c
06d007f8
13dd58d0
37e21c13
f61ede24
3f1222a0
f226c51b
decede4c
16210cff
f617e80e
30f726ad
fbf2edb1
19090c27
eaef4027
c51be019
d3dfe525
bfab060e
0aebd60c
150614b4
e5f8430b
01fbff3e
2276f401
d8f7e9ee
e7083c0d
1323bcee
0f460915
3fde25f9
c2d6fc1f
f705e3b7
076172de
d8f2db1b
f92a0dd5
187f04e4
10e4bbe3
0f12fd10
0efa03db
10e510c2
ecb51424
30d3fa14
e612e2fa
dbcde117
0fec0df7
e9ece613
26e5fbfc
241e0fec
180c0f15
13da3301
123002cf
06f928da
23ec1a1c
c401e6e3
12f8f23b
1f07410b
e6fa1a33
1d1928e6
0be6141a
f719f90d
bb27e901
0cfff92e
1be9f7cb
27e2ff20
17f329f7
351706f7
e2c32301
6124f90b
108150ba
262af21d
e4dec7d5
e420302a
0b2e294c
d0e8ef0e
e3f99e19
17b42dee
cc18191c
01f0f324
50ca1af4
d8e8b025
d33414fb
f48117d1
f21e06f6
5bd8f40b
deed48b5
f5f1f9d6
27080924
fbe906c9
c1ccea9b
efffdf81
dfed0026
f50e1d57
c6e11506
d6ff0004
1436330d
ecf6072e
c2123f18
a414fe14
fae31217
e8ae1cf2
060b38db
0cf3eaeb
21633b28
29dcc5f2
fb0113e4
64ce28e4
1e034105
dcdfc8f9
42e3ffcf
d72012e5
cf01facc
fa0eb7cb
555a08c4
edfcc9fc
ce732dff
e15aef02
22f433fb
08fde031
13f2d4df
d01e2ecd
2cce0947
05031a04
1015f803
0900f9ee
f5f902f9
12f00ef4
12e20c15
1e1bf600
01ff051e
2c0d33c8
06ec34e7
f70016db
1c1ff642
2becdb2e
edfb1a04
cbf40e31
c02a81df
26e4e4e3
fcd6dd1a
4005b80b
120e36f5
492fc807
bff40b2b
b618eef3
cbcbb532
eaf51ceb
0e12cce6
d33c39ec
5a5a06e4
ec041510
ddfd28f7
0939be31
0005dd2a
2cfe08e8
09c6e8dd
ab2d1df0
dde1cad2
30e64fe5
fee0fdf6
36b2f1eb
f8044b38
0e25b7fc
f1fb05da
11f1eefe
604bf606
39b6d515
fb1bcef6
f20a5ec2
fa3405e1
1ef90ef7
f2d8fbe5
c4f5c90c
1a21e431
160acff5
d119f035
0c1c1a02
e3b4cce8
ecdc0d08
dae6ac19
6eeff321
3829ecbd
09ea36e2
f3f12efb
3f1ffbb0
f85503ec
cd193734
1c0764cd
d00be20a
29f7ce2d
5af821c4
d3cf424b
03100205
de11ce0d
1bf9351f
f8eef20b
00111eee
05f81309
01ef1cda
03e704d7
f0fa091b
f4dd0d04
f81fd11e
12b01e19
161a07e9
f7fbee2f
e7050723
193920e6
30eaf2f4
e81c14dc
32fdc3f2
01f2e7de
112ff550
e22a2fc7
1f14431a
d93103c3
df03ef15
dafdd629
f437b426
00d9a1c8
ca10f1f8
cb27fcf9
fc011651
3b2a0afb
052ac415
2f7f1d1f
21faf3f4
fdf2f9f5
e20a14df
f623120e
ffdd01e9
0021fa07
1a03ec07
fd0df90d
19d606f0
bd0ab101
ba3bf31a
4820ed22
190036ed
d301134a
36092f0f
0bd5fa26
fdc01323
0ffff1e4
1d3bc101
09ffefea
da1818f5
83cddbdc
1a0f0c51
1a1113ea
0f0a03b8
3cecdad0
fdd71404
23e8eaed
dc27db07
0edb0c00
1a093cfe
d9ea0002
05522720
2b02b1e2
e013fdce
ea230623
e8fb0150
098ef5e2
1d6e4a28
f7ab06ff
1af10afe
0f080a21
011bfa07
db111bf1
29ebdb2c
e6f9f7dd
fd2253fc
f1e80e11
28fdc7f9
d81a150e
26b4041c
dfe91d04
1b02faf1
30defd23
da04120b
2835daf5
18cce209
c9eeabed
d8280deb
e30602ef
301ef401
2201ceb1
06dcf413
0b6c0fff
eff5021e
212be1c8
9613f3ec
313708ab
17141b1d
13130602
f80a26ef
b31c1905
1e05dfcd
15e7de2b
ede7d307
3ae4d3de
eb03e8fa
edebfdd5
c2f11f23
e3da0da9
0f67d51c
812c16ae
d5f5f301
2cc9f621
ede9eb2f
f72800de
2029f501
10f6f3fb
0be0da20
e61b031b
f8fae61e
c2e73fff
031c2004
110f0cde
00f4bd07
29fa1934
f32908ed
fc2200cd
d9df021f
0fbf0ed7
070632d4
39e9c6c0
d8d8d623
f8e1cbcc
10ea1b18
36e409a9
de041c22
e1343b0b
fe0822ee
024a0117
fcf2f427
ee0b1609
404cd966
0133e0d9
0916eb09
dcbd241e
f7f61214
1c01f002
2afa01e6
0a32e718
f11054e3
facb0516
a5f9d0fe
01ec58c2
11ee0cea
0ddcf2dd
2801f33f
141ed4e9
18cbe4b8
00ff241b
60ca220c
a9c517f2
dc1a1309
5539b409
0bfdd612
f3d6d6e9
f932ee22
dc162f22
1d232c20
fc0dfb06
eaebe8c8
0f12160d
b11ae2e9
e639df0e
f332eef0
0a0b33f5
ef0ab80b
da1c9b7f
fa1033c4
29348a0f
f035f510
d62b910b
13ea0bf0
fb16cfbd
3324f8c9
d208f8f2
eeecdaec
d50e1419
111df0ca
f6c60bd0
c82109fa
010e12f3
f1e4190d
08e2f0e5
e0f10b01
0226f606
c7f809d9
0d1f05ec
b6f2010d
45221e9d
0666f91a
12f49fda
0f26ecbd
d2fdb702
c50bf5cf
e3dd26d2
0713e10d
edcbf6f1
dc092601
0dfd041a
e2ebfe0c
06d203fd
d7e5f203
e863f931
2e2111c9
1bf91ce3
32de2437
c523c01b
d81c0b0d
131fd7aa
fb35fa30
d94714c8
d32f0710
fa3207c8
1c02e810
09ee81f2
2bf6e2d9
ab19d004
ed123944
db692725
00310a3f
60fcf6f7
06f8dcf9
e455db29
df19de26
05120aaf
f9eade0b
fe0105ff
22e1dfd8
63f2cb11
0bb3e00f
d616e4ef
06060113
f05ad610
03c8ea09
24e537eb
ce3829e2
25e90e09
d0cb0301
dbed45ff
f1124fd2
dec4f5f4
060d37ab
d6ff14fd
e3ffd41c
5cd4c3e2
f403cfec
f50cd902
e8ec2326
fad63aa6
35020f11
fcdced3d
3df7ff1c
0729351e
03fefb85
c4d9d749
0223ed0f
f6f71be3
15df1c1a
ebd30a03
f5d6de26
c5ec1908
25dff6e9
be42e2dd
09d7d6ea
fae1c42b
e2ccfc21
da0343d5
f0bbe912
ec1012f9
1d17f6b6
bc080903
0fed4d0e
020be827
14e82316
fdef10f9
0813fd08
0104f120
e7f90001
fffbe2fd
fc0212f8
08fefc06
effaf2e2
17f2020f
81dd21d7
6d2c170c
d1c9051d
fdd0efeb
df2721e2
e3b4001b
e5e1e9ef
09277543
e91d3227
005d16d0
1e2115cc
11d7e0da
112ddb06
d4fe14ed
e5ce4a14
3b24d5e1
f8e0f5c5
bea9d5d7
1d3b0cbe
271808f7
effbb112
ced0cdc9
0b0032ee
e9db00b0
13f32fea
2af3120c
1acc19e1
08e9fef5
ef1e060c
242221f8
b3e2f01e
052c1c05
f2ebd7fc
deeafe6b
ace7d905
3ed91512
aa1fcdf2
e0dd3315
d412051a
efb8fc3b
f01efaec
11e6f9ed
eb15f6dc
e7ffeed9
0910fa1a
12f923e9
2a0c020f
f5fd07d8
151f1501
f317f63f
185406fa
cdfafb1b
e1f010ff
d80718e6
e6e64f14
d7123602
9801abd5
32eccc53
de091547
131821d5
2fefb514
e803d9b8
df1c6dec
02ef0eb8
ea042de3
e634df19
042a2546
f335dc60
4136c6b6
f00d251e
4403b6d4
2fded00d
ccfceffe
2f4e261c
0834fa4c
f92036f8
121be9d7
1de4e009
33291b22
2ff3f917
e0f31b1c
b9e2eae1
37013d1b
0911e229
20ed1d1d
e7b304e0
48050ffb
2a2cf120
141f15ba
dcd9e423
ca3effb4
fc348b3b
06eaa023
f30304eb
e30abd25
036db825
0c0cd714
a8080716
28fd0b0f
fcf9eb1a
1e0b0ded
c6e20d35
030117f8
14e822e2
4bf41200
efff20ad
d6f7e9f1
ca02bb3c
3850c403
33f9f2dd
37091ddf
2cfef327
4c15111d
540f81f8
06de2210
29e2d915
bafa07fc
f8faf1b3
3f5ee6ee
de1ff5fb
041f3827
e528e412
ea16233a
f8021417
fc0c0deb
e5241312
080bf4fa
17ec0808
e148f6df
edf6daf2
2500fff4
fbe422e5
17e70a07
c727c8f4
43f50e19
d8d0ec23
fe13010a
2c12efe8
f2ca1347
7b1dde44
e8260d10
3d07e019
f90ff62a
e318eb56
f5260ad3
f33b0d1c
c7de0802
4d00e4b6
dbfcb8f7
f5fd5bdd
24e20555
41212902
03e00112
0b051427
102719e3
e321e336
e80e1ffb
d51cfcee
ea1206be
fbf80846
fbf2ffed
f4f9f1e7
fcd01705
3e10f331
14e4efcd
fdf7df11
0d460124
1dbedfdc
ba3ff1f2
1126f60d
d1194300
c3dfeab2
7fdef3e2
2f0aedaf
c61ded3c
fc10fb04
07d2ead4
1ceb43ce
0816e7f1
470bedec
27153823
02ffeb26
fbdfbfc9
d60912a2
2826f6f6
23b715fe
f8e4eff9
0d25a32b
dd1b0325
14e1fd44
d9cf1303
054bede3
f8fa142e
d5c70ee4
0e2fd002
e52eed2e
e619562d
5215032d
3110f410
e81be400
0526ccf9
f5e21c16
fa0e010f
240c3505
f5c710e4
2c21f0c6
a809f1cf
0261d90d
09a31cfe
09e4e21e
160025fb
2fe305ea
1af40403
08e21a2e
f70be030
1f1d2005
1b18f017
07e012f8
eaeb0606
f415fb02
0f0d39e3
1b1bf5c8
15eed612
03eb230f
ed150df9
eab8e938
c209051a
b9d916f5
dcf0f337
f8242a37
00c21523
3ee6ddcf
3cc70cfb
d8ebfd11
24f50fb5
29e5c5fb
d91643fe
14f6e910
f6d8ea0f
e1240ae7
0c5b24e5
eef20ff2
b5fbe49c
01bfe7d9
ebee5fb1
142023f1
d0210fc3
c60602fc
21da0616
071de8f1
e008e9f7
9ed0be9f
2ef90af9
1e131a08
10e80efe
f1d0f716
d8ecffed
cbe8024b
3dfd03d3
0e2d2f11
0b0712ce
1aedf6eb
d6054623
03d90441
0f261c28
10fdd235
d2e1f9eb
1eeaf2dc
35f4ed1e
f213443b
25b8c42a
d8f01eeb
1602e90a
e6222438
dffcf454
51f1d6d2
13eb1c3c
fcc805f5
edf7121b
be590fe1
230ef5fd
c3dd3fed
43bf05fd
9ef21723
c9dff52c
eae1ced7
b3f1b50f
1602c61f
f3df20e9
51ceeffb
07d8dcb9
a4eefc35
ff12afec
b029f0e3
f62bfdab
0f2e074b
f92a2e2a
ad201ada
0dece43a
12fc16fc
24f11c38
2822d0bf
ea132bf2
18f94322
03e2a50e
dff71755
b7d2070b
c9b320fe
3a206be6
fcb90ef4
1aece5d1
ff22ee0a
07fffaf7
0e030501
04fa020c
07f7050f
fff7fa08
fcfd0409
030102f8
02130800
05d450de
ceddfff3
1e2ad720
b1db52fa
b037f9df
180e1d25
3bf1fc12
c15607cb
c9e5f0df
ecf9f924
0032f50b
d6f0d829
0a0dfaf2
121227a8
1a3e23ef
adc0dd00
ff55feef
d713eb1f
391036da
bbdded06
0317b3d6
4bfbede2
f924eb39
fbfa41c6
0bf33ccc
e614ef05
f7f8e3c3
35e4b1c4
11f9faff
2c0adff1
e4143edf
8cd4efaf
e4d4d6eb
fe391007
b6f04f1b
9de8e2a8
08efd4bf
eaee0ae4
14cefe29
27286bef
22eafa13
d7110cbf
99d6fc0d
f001b1cc
cefa4d1c
f7e610af
f3f31a2e
13e710da
1b2515d0
49faf7d6
e4f61f15
1cee51fc
1ef60bec
2733c72b
23ea0db1
fc32e020
23d7fb14
25020c24
d5fbffeb
e4d3dbf0
e51cee20
4f42f722
f5e4fdc9
1c0b1de8
32102934
07e9fefe
1d0f03fe
27fc5aff
ebef20c8
fae5e4dd
e7dc14d6
c11b1bdd
51cbc944
04df3a08
f9eaccdb
e71c01fb
0a11d71b
01c812c1
f1216fc4
f9e4fd3e
b9121af8
054bfd15
23d2f4f8
14fefd0b
ed05febf
0b08c130
f9faf81c
f23ffccd
d413de1e
53c9f119
fbf7f5e3
0df6d109
f60c06f3
0c0201f4
e9e11feb
0f1ac22f
4f3adf17
d8f02322
b8fbce04
4e0dc10d
ff1f19fa
2b0f0310
cd0fdacd
1fd6d2e3
cde3f411
262911f0
d9e4180c
4800c002
08d2eada
cfc94333
aa0ed8ff
30caef24
dc0f220c
000f010b
a9004234
26f5cc27
d9f8ffca
1ecef3e1
1d49fff1
04e4f44d
fae11126
4abc4111
b402c815
aaf34104
16ea13cb
ec063829
1f34114d
dd07019e
16e30643
3e09fd04
f10f36fa
f3131700
131c1701
300611da
500a2bc8
f89eebd7
f05208fd
2b184401
00f6e5f6
3c19fb14
e70e3926
200beef1
dee81415
e32d09ef
07fa1010
f50e196d
15110ccb
f6ecbc3d
eef1330d
02ebeb36
e80fd0f6
dfd00d07
e50403f9
02f712f2
efd11207
100cea35
feefdb0a
fc07ff04
01fa14f9
d004f6f6
284807fe
65fa0df0
01f2d005
e80bc5fa
ed1a312e
fe0007e8
1515b1f6
2ae90312
fb1a460e
11f40e1e
230fc5e8
1ac9291f
fe0798d7
df0fec03
f723f008
e4d4f429
04eaf59c
18281409
46f10fe8
28110adf
d7f3ed25
fbdd24a1
fed6dc2e
f20c1b1e
310e1e33
27d3e001
cb27c89d
0af4d4c4
e92ea625
c73adf15
2ddee5ff
ed04f349
04eb0408
fdfe17f7
f7f5efe6
1fd2d703
36b5e9fe
020e2509
15bd07ec
f715eb25
05d72a15
c7c10101
58db1af3
0608ef15
08ddfe04
e2c30d4f
11fee6e5
5c29fdf1
b1fbdc2a
340ff270
1648defa
e6ccf4b1
52c7f5e8
81d9d219
1517c30e
20213c5a
c40ce524
f2e525ea
ff1e37f3
04e1f90f
05f60a3a
eb070fe8
d642cefc
4324191a
eb201e00
e1fc0eee
fe0f19f4
f7d7e2c5
0a172222
262920d8
c1e3054f
15b222da
16060dcf
e404f967
e8d71909
02e2f4fd
d713f4cb
1ce2d8e7
badd5eba
ff5c182c
1b2b1f16
010e18cf
226902d2
c81ee9f0
f31d0bf9
1ceb133a
0e251116
f7f356c5
081bea1d
08323233
3fc2f901
ff08cdce
04fa0801
f40923f6
dff3a215
f61315eb
40f33ef2
4138cddc
7b7ff53c
1d1b18dd
1a7f02fe
24d1cc00
edf4cc09
42dd0b3e
c404e320
b81bebbe
2b44d6cd
1b9e5bec
f20ce517
980e2df2
c5c2ff00
3613fb9d
ed28ed00
9d3ceff2
e21f1607
c1e6240e
34c7bb54
eee7e765
38d6fee8
dfefda1e
e5fb07e3
03e3d3dd
c2080e27
edd911ea
34eab837
09fbc823
06efc6f8
ddece522
0a040d32
00eeeb14
0c0847f1
13fcf907
e92bf9fc
f1171e31
21eff8fe
100f003a
b8170e35
f50d1fed
d4deb213
11f62f42
07e8f112
2842d604
df04c9e7
57fc1037
4b31eb1a
b2fff1fc
8deeeb12
f726e79c
dedcdcf6
e40417e2
0b2dc927
1dbfe916
e3f813f3
f806f5f2
1f0bf0f2
fbfcfb02
fdeee2f8
ee10081c
f42c21f5
0df2e3d7
fb382d68
22fec8bf
fbf43b22
ac349d05
1816f722
16b6e1df
361257df
f61d27ed
371e2618
f3f90d1f
23e2dea2
2a47f9ff
33060ad5
0ddc412d
2111f109
05ed17f1
3ce01522
4cfc11be
a813f4db
f3e3d836
170d0f11
fb100ff0
ddfd0339
1afae10b
f30b102b
2a18fdfd
16f6d61a
db1fdbf7
fae00f39
fd6250ff
03142917
1922e908
0f2202f3
2df4ca1a
04103cd3
cd3dfa2c
eaf318d4
d105ecf4
360a2cf5
d4e323e6
fe050be0
4de825d3
154a200b
ea2a25f7
114add11
d6de34bc
e3eeebd3
1b1305f8
9c2123c3
10ff1aeb
52182014
d9e82f34
000c8908
d242d1dd
36112248
0dd42cf8
1c0f27fd
d8e015fc
cee2dfdc
ecf1f60a
f7e2de2e
02f8c0d2
f9ddc1ca
fa12fef0
c9f4d204
3b2ae330
ca2bf9e8
47071de0
fee6251a
00c8d7c7
da05effb
fc2f1af4
d124e0e7
1af91fe5
25ddeeef
01d32318
f10a4b15
f7f545ff
09cc26ec
1609160f
d0e417f7
ff24ebd9
e9ec22f5
11072ea9
04d3c3ce
eded6318
25edd9e2
27fffc40
2ba403c8
b8ec2bfc
3df811fe
f907b8fc
ea0c001b
ee4033e4
09d244d8
bbd8ef34
e1d215f8
f8d0d3ed
df1ae5fc
5d23d3fd
fa32253e
f83dc273
eaf83f16
1c2214d0
04c60c04
ac00350b
22c1152d
0f113306
10daf57f
51fc100d
e0fef0d3
0510e1be
36af1307
f9e5fb0a
40223707
36e2231e
25ee1538
d9fffc2b
29f0dc29
d6de2c96
080419e3
081fc612
dfb7ed3b
e9e10fe2
f4ffeabd
f7f6021e
11eb2ebf
af00d82e
3295ec15
07ee2db8
dbeaf9e9
0d211df7
06d51228
ebf5f911
f3ea56fb
32e9f03b
0dfdfb09
ebe0d00a
e9e8f3da
c40abbdd
dce207dc
ed445bcd
f424ee24
08480004
e8ddf40e
b6fe1ecc
290105f5
ff2e06b6
04f2f208
0ff21c3d
1cdeed0f
0dd14f1f
0e10e302
16b8160e
e12dfbe6
2417ecef
c11a03ef
06bb69d2
eb09e2fa
09d0f0f5
52eec5d2
f06116ba
ddef09bf
25ec1c28
e12d62e5
cea6dce6
f70bb512
29e2131d
27eb1d3a
f322daea
0c33e322
c312ead0
f4e60fbc
2cfc1208
edeff202
ee1960e9
e126c1cf
2023e1d8
f1db2711
fe181f2f
60200815
fd114eed
0c580d3c
0b1adafa
29cdf3fb
18dafa2b
d432c40b
f5eff9eb
11090312
a31deaa1
f9e2df00
d9ccffdd
2101aa5f
08ed0812
3a45dd20
0bfe310e
16fc3a07
fe263798
0fd3c7ea
cd6009e5
bd13f6b6
05f52b21
023ddbfd
1a933f05
14db04c2
0fd9e12e
fd071829
23ece2e9
631b0211
c4271f5c
4bde341d
eafeced1
1f101f2c
b024cbc2
742bcef2
e6ecdad8
1ba5cb89
1d0efccb
11e5f006
e6e8ecc2
e0f2cbf9
23ef17fc
2112dbd7
3e3acbe9
0eeae807
5aaf0be7
07f9f837
05f304dd
07d71bd5
dc03eeda
0028a909
1c30e852
fff30cf9
141f2633
4ce3e439
411349d3
10e00ee8
d90ae039
e8f926e0
a8071cd6
f6b008f8
cbacd94a
f63dee11
4d14ef06
f04613d4
fbd77224
d3392025
fd08cc00
dfe6dd2f
f20c3ae9
0901e7f4
27daeada
c4fb0208
56dbde26
332b0215
0502e900
0437ccf9
53b6e6ea
03efeb02
81fd1e0a
49f6e707
64c9f9c8
30312ce6
45e6fda7
09e5293a
e4c114dc
14c60f91
cedbc763
ded5e2fe
3520e164
921803d5
f241e7dc
ca4028d7
89130af6
b30ff5c8
2b51ef12
3322f4f9
1b3be73e
ffecee01
eee2060d
b3e9fad7
0041cfbd
e62ff5f8
262023f5
ca3d2417
5af32c2a
ca11ca3c
f62febf7
a3a4eceb
17eec63c
b7dd3228
afd7b4e2
0e08fd17
0d1ede0a
8112d9ef
1c1bc7aa
08ea2146
d4100705
ea0a013d
0afd242e
0406fdbb
f3070929
009ff745
ab03e6e1
e313fae3
ada445f6
061f2adc
de071404
0624bdf7
d3fcd6f6
2204c21e
df231ae2
0d210af2
1fef0017
f9feed1a
16e8ea0b
1212e0e2
0825d70a
1719130f
f20300c2
201ccc01
acf527ff
16c41de3
ca24fbef
fa02f019
1f08310d
d802e0ea
e209272f
ff143368
e1d4f7fc
450cd8d7
00134320
fc0c5f1b
02e6200c
193b2dd6
726301d8
30fbe0ce
94f41781
42eecc1e
a305ef33
13ebd0f2
fdfef204
baf015ee
2fceffb3
061df005
eb02dbde
4407f107
30413600
2afc1504
23ffe5db
efeee831
14f2e223
e2dbf40d
cf0907f5
0404af28
16ebeba8
06f8daba
11fd999c
00ef07e5
1409fd63
f62ae43c
f66ad126
11fed64c
ae330712
3ff34ef8
1e211139
ef0315f5
fe45d415
fab5f404
22330b23
6234ec38
2ed90dce
e7f83a42
e1ebd3ba
eed7004c
49d5fa29
e1c324ca
53c8c179
fc23dc25
1fc0ebfd
e4c8f2f2
c04104d0
ddacf321
6cf312d3
f0f40433
fe1fd8ef
bac3b1e0
0703d310
f229ddd4
fedb2bfa
35223001
fafe3956
98fbccd3
26d90fba
f40c35b8
0315f542
f7c9e7ec
32f2cf16
0ef8e5c5
15d032ec
1ccad205
11d406f5
503bf214
ea11fefd
0e1935e3
f63f4bed
41d726c9
18062611
deeb2edd
ffe42405
8b1907fc
a90525c7
04fdfe09
cc059c0f
11c4d523
ce2647e4
f0330714
ebfe0517
100bffde
bf1ef035
e4d7d30a
0a48e400
03ec35e6
e43ac8d8
14d00014
c6f9eed7
f001e929
6b3f07e9
05dfe6b7
01d60877
0ff303bf
f61326bf
0a35fadb
00f5e5ed
a5ce041d
d3e9f610
ecf2eec5
1ce8dcfe
b219dafb
f91d22f5
ee7fcbfa
4fbcc50a
05151e7f
8bef2c77
f9eb1fe3
daddddea
1b1d2a0c
debedaf7
e847d4cc
c6180419
e9380124
170bc417
2ede07d7
0316d1f4
17facad7
2222b91a
01010003
01ff02fe
fffefe03
0005fffe
ff020001
ff02fc00
01fbfe01
0200fefd
f9fa06e2
ef3af72f
c21b18b8
ded01ef8
29e2240c
1429cde9
19f2e0e6
f005bbf9
e3d9040c
d6561007
05cecba7
d20a38f1
ac1e1217
ff25011a
28df180c
c2ff0fd1
f5f80c0a
f0f0070c
0516000b
02f819e4
fbfff701
01e7fd0c
020bf7f2
14fcf800
0dfc28f4
e906ef45
eb2a20e7
152aef28
19ed08fd
1e00e3f8
3aeefd0d
0c0fcfe6
262ac605
01fdd50d
00311de4
14d06003
0ef30223
f44ac826
12f301f3
daf6cc02
e4fed602
26fb3701
0c17060e
40f0ff22
39091228
194a0826
017f22fb
e30ef125
f3f61417
f2241e18
f21efdec
3ce3ee06
06181717
ea0812fd
edfbbae8
d312ecf9
2c030412
3020eb2f
30ddf9d1
f7fd1d3e
b80f95c7
2bbc603f
d35af0d0
ee01ed09
15623d1c
d5174654
d124fef8
5e3d4116
d7f430ea
a3ef2329
f4e697f4
052fe01a
e8130ff8
d9ace8bb
e25b0ff3
a7d2f222
c7c2170e
30ece5d8
d20ffde7
120600cf
dcc1fa81
cb44d7e5
a7ec010c
e3f9f0ec
1ae6e3c7
b80a0811
38e772e5
250d0bff
29113220
fcddfbe0
39010ae9
000606e2
c60cb1e8
1d21e43d
6147b3e6
fcdd27e4
bde8d4ce
b70bf417
37bdf8ab
dc1a07fc
e50dea2a
c30e1931
e7f1cddd
3628eb09
0ed3feec
2400d80f
7fcc18f8
db70dd1b
11d1b317
c506eaff
3dc00fce
f1f2f9d3
c31bf4c4
dbf62318
cd291466
e4ebfb18
3c46f84d
01cffbcb
0418c8c0
f00240c3
06f5d8c4
de133f01
33e434e7
8be92e3d
ebeb44f5
01c7efd7
06113e10
29239a1b
e32deb3b
06082138
f4f7e4e9
221fcafd
fef724e6
34211ddc
2704c8d0
11f706e1
e61dea28
05dbff25
efd7fdf4
f905134e
0ee415f9
ae2a16aa
f0fd0a44
31b71818
0bf2f902
040902f8
12020200
0f00ff13
08021c00
f901fcfa
04e20bf3
02effc08
db242517
32193cf3
5106170d
f01e27fc
dfffbd2a
fbfff1d9
1bd225ee
3eb0eb3d
359aec0e
df3de2fb
e62bf431
0e04e4d8
dd1eea2b
03dfcc4f
f4cbfcd3
f811f517
50e8eaf3
13dc25fd
10e51d9e
e81108e4
1421fdf9
22ea1f4b
e506e6e8
4cd0e2ce
a9df1115
cf251e20
f2e20512
2b03efc6
05e7ecf9
daefd0e0
dd0ad2fe
4130fb25
c81a1c22
e3021ada
022c161b
1805f6d3
dcf437f8
2309034b
17162cfe
1ad5090a
5acbc8f6
4a19b19d
1fe50120
b934caf7
dd393b44
3fcb040e
17e649a1
3109eb02
f7eaf31b
dedbcdcb
28efeb15
1422d70a
adbad1f7
bc22f9ee
23db48ef
d9e4130e
2af03ee4
d6f806ca
0a11fcf9
1bef0f42
43e77ff8
b4bfe942
08200732
3a320412
fed0f700
fcf23bd8
d103e00e
c010f0dd
ea31f7f9
2806233c
171708e5
2c29e3c5
c4f41aed
0fe12213
4efd03ec
36b9f325
eab2faf9
baf4f23a
22e3af12
eb02f1ee
f41512e4
0b17fcf8
01edffef
0c02230c
0f1528f2
e4f7e90a
f8ebfc22
171bfc0f
02f1f8db
fac015cc
ccfbeafa
46070819
25261bfe
d8017f40
effef4cd
d6aa46f7
d8aa1405
3bdff244
f60cd4e5
2a19e815
dedfceec
0ffff80a
0a12dc19
233605e8
fd2bd9ca
d6e7ee35
170ef8f9
18f1db0f
e215f9bb
2622cdfa
2626fbd2
1116e003
183cc450
f320ef61
f0cd1221
5428c940
e90f2e36
47b600ea
2f19b4c6
1c3ebaf2
2f1af800
29fa2005
d32afbf9
f7d319e1
f72a1601
03fcdeca
13d10705
13ea382d
02240c23
0fec0e0f
eed4effe
f3f2e6fb
16eee81c
11ecfe3e
f4f7f9ec
06040cbe
31ef21f1
e4120b18
fe18142d
593bf900
c133b913
f808dbf7
d6e10be9
0a2c1f03
cb1eefff
ed0b0416
3fe8060b
1d180dea
d94d3eea
efff4127
f8c5050f
b02cf761
07dc59fc
0304f813
12e5e6e4
2fff180c
15f60017
1803e6fb
1725fb2e
d2ec3409
f2feeef6
044f1ee5
df1d36f5
d6eefa1f
fbf8f1fd
261109cf
2e1604b7
f8cdfd16
1414e3fc
0c41e7f8
1004fe20
f30e15fa
0420221f
f0d606f9
162ced26
422ae703
b314dd14
122c1ece
2d34e5f4
7160f226
32b137c8
c6273bb8
dd02daba
b5ebe508
3fc904f1
e7ea26d1
dede0c2b
4de7dc00
f917e05f
df30f6ec
030b44d7
12ffcb4f
aa2cf0f3
18e1d7ec
36fcf5e9
09c32aef
14d6b9fa
1f2c2af9
df1f1dd7
29f9162c
24bbe0e8
0525eec2
21df0748
f3e737ef
1ef53bda
d41fdd4e
c3165af5
f5b600d4
0ae8e0f2
ef2ad13e
5a540df7
50bb1020
deef07b8
e136cba9
00137fde
0d133ce7
2ff9daf6
2323f327
2b1cf4fd
201637eb
04edee09
b8d2b51b
0c16123c
fbee2f25
271811d8
de1601e3
c4f1f8ed
070cfca2
fe1302bc
cfcce2e0
c7cd270b
06250af1
16ea95bd
24fecfe9
5b06fc11
2ede13c7
f1f41bd9
eb1400c0
2eb7e8f7
14f91b1a
fb1fc5f1
24eed1c6
ff190fd9
08091d4c
1106fc1e
d0101c2d
29fd1bff
fcc2e002
dd100f28
6124f6eb
0c96bcd1
d4e2e2fa
e335bf00
2212c151
4f030dd9
11d7fa0a
3cc727d5
222e0f3b
fc1f132c
1605f7be
c7ed424d
e7b012de
0213c7fd
111407fe
36ee1b0b
cd40e05e
db000bde
07df14d9
eabf15d0
f6d0e6b5
cefde83f
ce303cec
c5f100fd
01fcf740
f4022632
0020f8dc
01dcee2b
26e70700
f5f7ff03
13dff201
040cd23a
2319eab5
ed0d2146
fd270cf7
2430f6f9
d7ed0fd8
1847d23a
d907070b
14eae227
9beed149
eca7b90b
4361d4ec
bc26c5dd
db15f107
9df2150c
fadf1fb7
13fd04f4
f8f402f2
2811f7f7
0afb10f4
09f3f5fd
fafb00fe
15171e14
f6fdf4f0
172d0206
f4fd0d0b
f9edf613
000e07e6
01f20f01
051027f0
25e62314
fe23ec22
0b1fece3
16d5ddf4
26d81822
33c8eee5
62f6e7c1
bdc457df
04fa0b18
aaf6feed
c2101cea
40f6110e
1fe8eff3
be42f9d5
1edcd4c8
e4ceece1
18daf007
f1e43bfc
d306e6e9
1f0be223
35d329fc
fc16171c
1ad00aed
ea17fcf5
0418e54f
422ddb10
271ff8b6
ff1cdd04
e63b30fd
13020bf7
0c100de6
2228eadd
03f0eedd
27090e11
f80d2809
0f161231
13e4f81a
0119e6d5
eb162c08
da200820
13010ae6
f0e50a31
60f8e902
f1f0e630
45e2fb0d
ec64e62b
10140e38
28def932
c600ff02
00f404df
fadff206
fd17f3f5
e8000301
eef7ff5a
f5fdfa08
f9f70aee
fbf40809
07f50f04
03f114f9
9b1ce8bd
de10ee00
0f81b830
c205fc22
314030ab
e4344978
06bc3b36
1107f504
f90a1aea
e0fc04fc
eb0315f0
0206feef
00fef610
031d1607
031b13fb
0e0126f4
e3fc00ce
43dbdb02
49182d20
dd1da3fa
214ff08f
f70014b9
0009f9e3
1ae3db36
10e101f7
f402e507
23e8e2fc
14edc7e8
1616da11
0bf603f5
c4ef2700
49f11c2d
cbcf1b13
3b117f10
c321e548
d918cf43
130efc14
2108afd0
da04a902
dbfcf702
2dfc07f6
f62139eb
dcf3cd3c
fd0719ec
0b020ded
4d31055e
c60fd910
256af3ed
fa16270d
2af52fa6
29c82201
2aeefac6
111f1248
c5039a17
2ad80426
c1cc01d8
de03fc0e
131ced16
08f1ff28
220850e9
f80f048b
27ee0209
2281e4f4
d4b6d5ff
e2c62434
0a49fae3
b9f0dbfe
3a17f912
46eab529
3a38f30e
cb2cfc67
0b020e03
43bfe455
3a1403e9
abe82f0b
3d3f1fff
fbc0ea9d
d5070c4e
41efe4ef
f0e900f8
edff0a03
1508fe07
07032233
ca012c0c
03191622
eb09fedc
f7d3fc19
07c01be8
0a35fd04
fced0e06
2cdf2597
ff0b12b0
15192601
f9e4f21e
01291e11
0507efed
e025203a
3dc8e716
439afb0c
e4dde70c
03201ddb
170cf4fd
0807c8cd
ff3329e4
2b1bf901
210cf80d
46f4dbc0
12310acb
d8e209fd
1b3615dc
e2151423
daad01f1
de14e607
2902211c
1040f6df
0b1fdef0
ce00d3ea
2eda4f4f
33e5187f
2d0dbc1d
f8121cf0
d9d5f623
04f6d8e6
17e733bf
0dfffadf
e221160e
341521ee
11af17b9
0dc407d6
c829f91d
de1c0a02
07e8e2df
08bd22d1
04e1ff3e
d5f8130c
f521ff05
fbcfd93b
141e20d2
038ecae8
4ff5f8e5
49e329c7
f90a0a17
2810e5d9
e3121405
9dc4112b
8ef70500
bccc31e1
13cb1bde
c6085a8a
bf062cec
00d362db
2cf032dc
29ecfb10
0a241316
b83c243e
e4041c0e
f9f8f7e4
251ad70d
7f022321
13270b42
0a5dfdee
c0e22b23
2cf611ed
f0f0ac25
fa3e00e1
fed2e304
ee3533e0
fb40e6d9
a4c3e2e2
e507f9e1
55e147c9
07ea17f5
01c0e1f8
23feb30e
e34edde1
fa08cbd4
5ff6e530
0ef50de6
e8052319
12ebf602
af740429
e8ffe225
0d00132f
e0dcdc26
ec0fe3f7
e83c3f00
c212ef52
360819fc
c6c7c85b
e1fb26e3
06f8cd3f
e5cf39d5
f8ec1b1f
0308d6a6
0a291a10
350f8815
1ee0d03a
e310a0a5
e4a4fbbb
e712bce3
21d6e841
e9c91eee
64bb290a
07b6ef08
ea07edc9
1cceee01
27c1face
0805e5f4
a929eddc
0e1e28c4
e2c2ccf0
dc38f001
02bbcbce
fdc9e425
2d2e1448
de3b14c5
c6f3eab2
f116f7da
18e00a0d
cc1f00ff
1ff707cc
0447e6f6
e8dbdb27
0dbce10b
db141513
fb0d12f5
01edfe20
f10af2fa
1e0e20f7
cf121420
1f1cf4d7
f6274d28
b8f3efbd
9dc14239
dbf010bd
e7cbf7fb
65bc8f4e
031df543
e307093c
f3fe142d
12fdee44
09f7030e
2ff003a8
dbf1f9fc
d51effd7
cbfb1914
0b19fdf0
0c1825d3
d61a0a1b
ec1535f6
226111e8
d2f3f0fa
e72617dd
edec4beb
e226aee2
f7ef0a11
fcdcfac1
40f30113
3a21ee2d
0eff1e16
0605400c
39f32b1b
e40620c9
07e91cf5
add10bf2
f83d01c3
320cfde3
fa2fdd4d
28504aed
f7fd3830
dcfe28c7
30ee28b8
06f31812
151b3011
2aa4fd13
d9217700
c9300a15
200be115
0dc711ee
12f61fc1
ddd828e3
49b9c8e9
d13e3e03
010be31a
0245f0cf
f1ccf20a
14e6e8c3
301f01ed
e9ef0ece
c2c6fbe7
fbec12f7
1b2be602
1ef00ed4
de15fef0
eddb0b00
2d280c05
feed3625
5b22dd22
771be3b4
fcf7c7fc
0012dcf5
cff10ef7
0def06e3
da111fef
13ed0d20
3e04f52a
e3eee352
e2e2cfea
230a1501
17014f11
c708e00b
16fafde8
210129b8
d51b444d
21f509bd
24f719d4
fbfa0329
ff233625
09f8eadb
f37a0c0c
2c2f0715
eaf2fdfc
05f412db
f124ebdc
f8112721
022a05f1
e016ebf3
ff05fa03
5e022627
c1f4fcf5
8ffd442c
f2031319
b5221154
422f1c00
d21ed506
15cdf91c
ff2724cd
f8f6f7df
d040e4b4
19faf809
e2e108f4
0bf9011f
df16092b
ddafcdde
0506eb1b
e9e20cf3
f3f7f7a3
f1e6e420
4532c31c
c4d8e51f
0d037f28
0141732c
f417295a
c7dff717
b318044f
09cdfc3b
0a1b060e
ff15db19
e9340cda
bfd403f5
e64ca535
cc0dd1a2
1a2f3af0
d7cedfec
eaece2ee
daf5bb09
2c312215
36e414dd
cbeb1b44
e9feec3a
234bf427
f317e512
0512f20f
180c01f7
fb2ce4e3
ebe47ff6
0bdb5ad8
dfdaba1e
07f8d746
fed6c7fd
1e021d1e
ca0429de
bd79d904
fce71834
c4df0dea
2de70a19
e6182eba
f3f0dd19
121522f3
f10c0016
e617cd45
bdc14636
1508ecf6
f8d6f9e6
e6f20af9
f0023817
fb07e5d4
2230fefc
e885fdea
ee0fef02
40d4e725
e012280c
282ed3cc
d825dbf8
271c2726
f4dc310d
08e02727
d34609ec
4feef5eb
14b6f5df
f7e2f7b5
0fed2a14
15df4601
cf0103c7
6ee720b6
0929d707
e421010a
e3e8fa00
f2fd35e8
05f231f9
f935fd21
eb05113f
1cb035de
2c0213e3
ddf61423
1226eff3
e3fbdf46
bb0cbecc
d10fc7df
db162afb
ce12c4d9
1d19c129
d728faa0
fd1cdb11
f05706a4
1cd93616
07b63201
2508fb1b
24e9250d
0f04143d
fbea27f4
0dd9fa31
e73510af
f6ef0708
3ac2dadd
321edb0f
381d06ce
bc12ec0d
62efdb27
2a31cd02
2f07f006
2101deca
106211f4
f50f0d39
11c4df4c
d229b942
07aafd0a
a3eb1433
1feb480a
a829dbd5
282bee0e
0ec626e9
3b002bed
bb0efde6
16221313
ffd60107
0d191ce7
fa272c22
fb250df1
181bfc18
17f702ff
314b0237
0127c0cd
c01911f4
ed0de904
ece0e417
2f4b0fb8
0c0803be
04e502f5
2cd2fb04
17f80b0a
2adb0557
e2c2f037
1bed62e9
19adc450
59dce837
28a5f3c7
e6112511
0aed12f2
0efe2ae8
d80f0d13
35e6d11a
a8cc19e3
25f2da2f
22fbce16
bedded4e
1e0225cd
35d0defe
fedfdc02
ed1b3712
05bc0af4
faf13105
1d272614
1502ff31
e7110414
1234f4e7
f813ecde
ff2ee51b
46f613e9
35db1d29
e2e6e3f3
1d1de906
24aff41e
19fa39ce
0617ea26
dc1c0326
33ffe6f6
4d1ceae1
0cee2ed6
09a15302
f318b412
fce115fc
32dce2fb
2fee48f2
fc1f1f19
e8b2eb05
2f24f854
fdfefe00
ff01fe01
ff00ff00
fefffdfd
000302ff
fe02ffff
0001ff01
00fefefe
ef1ef70f
5327f9fa
0313fe36
234a0df0
1607e309
0fecccbc
0e2d73fd
1807e73c
f7c0fbe5
072801df
1fbc24b6
c0e957ec
ffebf8f3
e7a0fee8
d1cdfde3
fd021013
000e0c13
b5b3d2f9
e11e2d1d
06f1d1c3
ddf35723
0b24ff0e
09df36c6
8ad31c07
3d311cf1
e5eacefa
2930ec21
cae834ff
2712b514
00f2fd3a
22cb04f6
d13d1364
fd01f709
e7e0ede8
00fdebb6
23cce21f
1f1d0130
1c2c3ab7
fd0afaf1
c962f93b
df39f3ce
3fe5172d
e3061de1
e5f9dde3
e3fbf00a
49f50d25
1948fb24
c81331ad
66132215
d30aede3
d92be818
c714361a
ecf301e5
2315d43c
fee11563
eff6dd35
1a26efc8
000510bb
dff5e2e2
ece0ffd4
eefc4ee8
93490a0d
0a0a05ed
e4c7c8fa
de21ecf6
f023111c
e92308fd
26e0dc0f
0a06271e
3be9fafe
12edddfa
f20c1c10
cfc715f8
b2eff61e
2e1ff21f
f91b1a14
38e31709
d2c5f8bd
e226fa2c
eac6eedf
f1f8d234
fb20b3e1
dfd9d3de
bf0fffc7
23fe133b
ced604f3
1a15c8e3
0fb1f1e2
2915ca19
0aeab0fb
eb20faa7
0c1c1a16
18033427
2d2313d1
1603e7ee
cc3a1917
e7ecefdf
00e8e9f6
1eeed2dd
baf4e935
e5161624
0deff2e7
ce152027
271f0741
e922f61d
08f62122
b722c305
d223fc17
0dfff219
efca0600
04f736aa
f6b7cc04
590dc2e6
16cfff10
451c1519
89ffe34e
b211a3ef
1416c716
164a0ad2
11a1f914
33f5e0fb
f8f8d2ad
02424b3b
061894ed
f00f0407
1a04e809
ccd93a02
ecddc838
0dadd72d
09200605
c5fd06cf
b6bb0dbd
f00f333b
fd14ecdd
d2e1fee7
13f725e1
2d32f71f
f8c5ecf9
f604f8d8
db1a4112
d6f4fae5
34162e47
05de091e
11ecadec
f44236dd
f006e015
dcedf427
02183c51
4e1615fa
e8d8d51d
39f4df0e
db0b0033
dee83501
19510419
a63ef82d
24d5fec1
06f2d6ea
e7ed0c1b
fae3c839
9421e8ad
3d511213
f213d738
e6f2d30c
4009f967
15f32209
ede1dfbf
fe54122d
fd0cf9cb
1cf44616
1c08df47
e031efdc
f45b1fea
c6de18ee
e80cfe01
02c8fd1e
2d21dabd
00f90fe9
f5fafb1a
f6f3fb22
f8350a0e
f9dafd10
f402c601
25fed133
1feb071e
ca45e6fa
c5f441fc
fc1f2c17
01b1091c
e3eaf239
2c37edef
3047f70d
433428ca
1b3dff11
de1dd4d8
f9e6fff1
f151062e
07041b09
eb2deb02
160d04ce
2edfd8e2
13a26b0b
d4283446
0ddee935
4420dab3
ce1401fa
020f1bc2
18df15ba
ac052402
e119e320
30180f06
d2c7f715
f3840b07
eaf3e648
a142cf4b
f534bcb5
15dbf8e9
c8d9ccfa
c200d8cb
cb2fefd2
161a17e5
05400018
c10a05d8
22144118
d91aef1d
cc07caba
fff70afe
f9d4111e
90f2f64b
ec1db23a
11c7c2d8
ffe3c001
fbe91905
dcccfd03
01bbff34
fab80934
22e3ee10
e03a86ed
10d02615
f4fab1e1
533915ef
d5faf4d1
0209eabf
1708f2f4
e7053d19
aad2f5e7
f526faf2
0dee34fb
f9f91629
0297ef25
50e430d0
0b0cc8f4
c822d6f9
dd0ce909
ec33f309
0cdbff4f
2c00beed
0be2df19
5919fcf2
33fd2912
2b280927
db26bcde
f1da00cf
19dc0d51
ec001e07
ed4ce6c1
adfc09c6
552622f2
e3040df4
caee11fd
d40725c2
e514b2f9
bf2d00fd
ccfe0be5
24fcdcda
f0dddfcf
084026f8
273d370d
20080aff
dacbe821
f2e704d3
d3fb16fe
e4e8e00e
2506f303
cc0be3cf
01f1ff08
0a0c2930
d8fb1025
eb1401ef
fcc3cafe
62e620ef
fc8a42d8
54edefe1
0ff8e0f1
dfe7f6fc
1df2221b
0ccef8c3
1fec0b4e
eefe520f
0936e043
bef1fbbf
edec1b19
dd07e104
eaed05ed
28e5f047
0e1226d9
db3dcfe3
3b1fef1c
b00910d1
d50db016
fd1a021c
3af70d26
22e7faed
1b2c07f1
1023ee0e
f439b01a
fb0727ee
48efddf0
e4d1e712
da1114f8
000c25fa
12e6f811
2c0b0633
000ce851
b1fc2202
290b33ff
c40b2f23
fdc70b40
acbef71a
2be7c0e2
1d2d30df
1c061921
0ee8d4ea
1ae5c435
f4f338e2
13ed1cc5
cfe3ece9
ee1d2d10
2af01902
c4e31912
3cd2f30e
1b0403d8
f241cb3f
eff4170c
e0200ad8
19230423
ea283035
3fd420d1
1ac4f828
0b1f022f
2d0e1723
d9d636b1
fc3cdc11
35ef2a0e
cc810970
23edd421
fbed6731
e2f720dd
1f20340c
db01ead4
d6cefbd9
121cfc61
e409e2a2
04e7d60d
275f46e2
f700eadc
0bde4aee
fe0ebbcf
fee3ed2a
ca0a25ff
f2f0fcf4
1bb8d6fc
add33111
36203ace
13e7114f
f219d31c
271300be
c9fdfa0c
4f50c734
3bcffdc2
c4071b0e
571cecc0
f5fee71f
f8190581
4e1552dd
e6e6122f
eb0054ad
1a2c224c
fb0b26cd
2a05deeb
de03f2d1
c8e1e937
1e1909dd
9b090efc
b908cbfc
0cbcf9dc
e11407ca
0ff2e8fe
e41b00ca
ce5400f3
2aa90fea
0cd3d62b
17b2d0f6
28de3545
16e8e316
efe926d4
c67ff1e2
2524b6f9
1c5ef91f
ddf1d318
f603edec
acfe19c9
cfcd1662
d73301fa
17e201de
b2f5d401
cdd5144a
e8cf1c0b
fa14e8cd
fb0a1def
02ff2ffd
14f43efe
05ebe70c
14320610
cb4c06b9
09010a08
6315d510
2f2d151f
a641d9fe
08ecd1ef
fc023f1c
08f3bef7
f4f2de15
1139f004
d122eb22
def3d3eb
d4e609fa
e9d3f4fc
f9111330
062311fb
040deb17
1c02ecd6
1af619f3
2220fbf8
ff234216
4f1c67fc
37eccb28
27f5080e
1bfca13e
0d0f390c
17240723
17f4d7fa
40e705d4
f2fe4f49
d0fa3b39
f30b20f7
c2eeb83e
efdbfcf3
20f2ecdf
10f61902
2322020c
e51efb02
fcc9ebb7
fbc21a20
0d3a2636
fee3f3d8
fd07081c
0e0410f7
14ec0913
10f907eb
e4ec0315
ea2ceecb
f6f9f102
b83e2de4
a31c04f1
0efe310d
1b2feb29
050bdb35
25de37e3
2811fafd
1637419c
e3b84916
eeefddd0
0119fae1
9eea1a00
f0e3ebc2
d31bff07
e50ce70c
f4bbefce
251928e4
af28faa0
44edfbea
dcd8121c
06f2e203
06e1ed0e
01320f14
f5aae8eb
f70e0bef
220c1930
ac32d8db
3336fd22
e1d924d6
760111fe
170ccafa
1bea27da
07eff4ee
1fc6e4d2
2b3c420f
a6fdca70
e742f3ed
31361ae8
06d5e1df
2be81149
f1d4cbd2
0856fbf2
d39c08d8
112bbbab
4ddd633c
00360100
82ceebf5
2ed717fc
16e0eff8
bcd039b6
ea08e030
340b1517
faf7fec5
48032b0e
fcf80a04
0342f7ee
e7e80ce9
e1ec3fb1
3901d022
f3f7daf8
0cf51aab
24f5fe0c
f0ed08e3
d1f81700
e3dbf720
ddeadef9
de41cfef
12cdd1fb
e1d7b5dc
1b181dfc
f9ea30ec
1cd1ff24
1bf514f1
1bf411f4
f9f40707
0710fd0f
02f0ff03
13ee0ff5
fff9fefd
01f1f014
fbf4ea49
250ffac0
1c4106db
180e48ce
063d4708
d4090d7f
dcd8f15b
cfffea0a
feec0113
2c1cce60
c2d200d2
5ad10cfb
ba29d4fe
eaeffd00
140417e6
46e0fc10
1204eea4
f20d2709
27c7f512
f2bb232e
f8ece923
d8ec005c
e84e9537
ede8b1ab
05073437
b2dd7143
f6e00bed
76e9e4d1
22fd2dc1
bffae935
f8d808d0
f3df4146
0fcc1cf2
e7c7fec8
ea26cd2a
2b47e7dd
190bf3ff
1f430d4a
a3440929
00ca18be
ef1ff1f2
1aed33f4
e029021d
39ee5ab4
ebd422ff
27f6dfe2
17e9cafd
9fe21af9
05fa04ea
071112fd
ea0ffc14
d1d8cee5
d3e6182c
e81ce231
dffb10d1
0a11f0d3
bd2e5a28
f10acc1d
fcd5f1e6
dde03d57
f8fdc4f8
15ccda37
e40d43cf
ca472231
1c2515fe
ffe5edca
fb161429
2b070619
fee911e1
111a0509
0428f9f1
26f1f00e
2b2012ee
e7311afb
09ece510
dcfe2109
00eee413
12be1625
cd14e8e0
121a04ef
d0f3f81b
e9fedc8e
11f7e300
a8e8040c
0b0d6dfb
0bc10ff5
2fd5ddfb
ecd00033
f2f31824
d6fa2332
dc04ef2c
09d9344e
23b800e6
f0eaf1df
fa0a0201
f8d521ef
cb1dfa44
1be0c407
e90c11fe
13fceafd
1b1cf1e3
177f29f9
19e73215
1ceefbf2
f4dc03af
e01fdac1
d045e0dc
eceae217
e8e606de
f306041f
0701c606
2325cd9e
29020a22
cf05430e
10090b00
4617ed42
cffa2cca
2104efda
fcf227f7
001c2733
0f11e4e5
f9cbfc29
ede8ff0d
d3d91401
2e02d8da
f3fff82e
eaf6e103
0f2af8f7
e9caea12
0dca1e30
0321d515
05191c03
e6280e0b
071c16fb
01ff16fd
ebecc5f4
02eef3e4
ee0cf60d
e427f809
f7f90af1
25040b08
0313f317
0717ccfe
0015f1ed
99a31cdc
eed1fc1d
15eee2e1
eb1ad092
d40df19f
c95d85f2
0de7e6ee
ff10d6f6
f5f114eb
fdbc23fe
25e4d32e
2418070d
e9212925
f3fc0bdf
ff06e703
0c372004
0cf80ff8
e121f4db
e1fbda37
e607ee23
d22718e8
d3170ed7
02f73e04
e51d17d3
fc22faf4
1ab7ff15
f1a63d40
56ec574d
997fefd7
f1f6d015
011a04fa
e692e4ec
dcf317fb
09b9b60b
d935ee0f
a9e6fbd5
e42414c9
10ffffc9
0c141df5
fec4d7fd
f4f4de0f
22203fd9
f32f28bc
f31e9c58
2238d216
d3f812e2
f314e7fb
3daf19ef
cf0ef512
2fd2badb
e9f70e07
70ee2ec7
c524e97b
f4f61509
ecdbbe10
02c7fad9
28e1f32c
dc01fc17
fe64fb3d
f2ebc417
fbf21ae7
fec530cf
f0121ecf
cbefadf0
f313e5cb
fa59ddef
1240da14
540c36ef
13dfef35
991004d1
00e2ebfd
f713fcba
2cd60813
081e5a64
f320e8f0
0dfc30ed
f6d7e826
bf202706
0200b807
f4321b4d
0df00d3a
2a4029e6
e9ea04fa
0dff151c
22eed3bc
d907f508
01e6f9f8
efb704c8
f3f818f6
ebe32312
1106fffb
09fb0ccc
193b0848
01faf631
04f00302
1940d4d9
f30f11f5
14ddfdfa
09ff02d7
fb0cf45c
0827b11a
f01df515
02303dee
f50cea06
133dfe20
14bb9ed8
27142532
db170437
cdf20eac
bc130ce4
0ff906f5
fa1c98c3
2723eec4
1e11413f
0bee0336
fe2be0c3
bb2afdf5
ef2f08f9
0b04dff5
2108eec7
19de084a
0206f508
f72e1232
ef071efd
e6f905cc
c1f405df
fff2e105
100beb1e
4eace108
e817edfa
dfcee7db
fd47e70e
f425fe0d
cd012454
0a1640d7
160968e5
2adee73a
bd061bb7
242821cf
9900a61d
bb34b834
ff17f8e2
fbf627fd
064a11fe
0a18ab03
01e30903
1e284203
06fdb815
1f0021f2
ee111111
061e1efd
ece8eb26
2222faf0
e802101e
1ff525f1
34e3098b
f71a7ff5
1ef21803
f807e200
1fe61afb
1afa20d9
04d8d8e3
bfc1e6d2
0afefb34
0608fa17
fc02fd22
fa0520f3
161905d3
cfe8f52b
1a1b27e3
10082d27
151d271d
f409f50d
fa14ff1c
07f5fe01
f0360630
f50d0c38
c9ecff2f
131430e8
48e715ce
ce400cdf
f602ec0d
05f5c9fc
2a2510d5
f7bbee32
f8f702f6
0b094514
2305ed21
f40afa1a
d902fbdb
fff427fc
04bb2f08
0e1cf1f2
27e0f9e1
23fc28a8
e2e30708
010b2a04
c9fc0d0b
fc076efc
09ee0b27
12f1f9fd
14f12014
faf8fa09
0e01f433
0006eb03
06060813
04ff2602
f5000df3
ea10ef0d
1d34e10f
0f2bf4d3
c0000014
bbf3dffb
2181f5c9
7f1fe12d
04d0f0d7
d7ee1bef
193e14e8
25f5e010
290010e7
2dfd2f12
e6fefdf8
fa0de6fb
f2e0b106
c4eafe21
2df9ddeb
0edfe747
f41b292e
c10633ee
ebeefef0
f708a707
e003ea10
f7e4dedd
fbd9fb3a
1211c229
a9210214
2206edf8
ccf7fb01
fe110705
27f1381a
cb321c0b
1dde190d
208febd4
c9c8d60d
24d2f126
cf3ac10e
050ecc31
01d318e3
de06eefc
00f7fdd7
083001f5
48f1b5ed
10e55fe9
f8edd612
04f93402
ee0a0df7
093827ee
47c21511
dc0ff1f7
3b53d424
edf4eddc
c5f18ce5
0022e96b
0214ebec
eddaf440
cdfe04f2
0b0834ef
bbd70eb9
e20d404e
c116f7ef
05f515ff
cbb808d0
eff802f3
ffd8042a
f8ee3ff2
29e74c7d
f3f1f0fd
eefd03e3
00050900
001a2c1f
02d8ee27
f414e22b
d4d4cfe3
22091437
fa05e722
e2e82108
f8f41f11
250932eb
192dc738
4bf9fc03
d7b0e511
84dec1df
e334ee08
e3e1c422
17f81bf9
fd15b812
15221af4
f0e53904
e6f12f1a
1d0704fc
b0cf2404
e626ef55
fadce9fa
e07e41a7
fae7f8ed
f5da4f2d
0c01200f
0dfbe640
0b2ad5f1
340008c8
033303fd
f2091c32
4dac2220
03254309
c8092cdf
e6abc72a
1119fffe
2f08d7d8
0216cd10
27e7d414
2b2fecfa
e0ee3127
110518d1
ab1dfd0b
19cee63a
0be6f1e2
f8eaff02
04ff08e1
e30cfe0e
0527e1be
20f0ffdd
2104c9a8
fd0d3110
12080cf5
00eb17f0
18fcfaca
0cc2e4ea
0b0d2dd6
e2c4faef
c2cf153e
03f6eed3
fdf4f412
2417e1f4
0bf010da
1ae3de28
182d3c17
d0100d18
c7f5e3e2
f122f349
2f0c1c03
00eb0901
0bfbf034
f1f8eb15
0cfa10a6
230b07d0
e0fe03df
2935f508
12f7040c
01e32501
fdeaeb0b
0046eae0
b60adbcd
2283fca9
b10c11df
4aea35ee
190dd5d4
0515d7f2
001014fe
3b1915d7
00401163
16e2a036
d317011d
dad80d08
ab36f803
08814009
1ce5da08
3ffa1c1d
23a6e6c6
00019cc8
3313d0d1
0319d6ee
45bc6ee7
f6df81af
e03010fb
ebfa0b10
e710feec
fb0e2842
26200bb8
280b3814
f6e2e8f9
f62748f3
10d71504
02050547
0d9702cf
0f36e410
e8fee90f
f0f4120e
100101bc
02dee4f2
faf71929
8a811a02
012b570f
e3c5fa4c
852d1bd7
ccc8f7c8
ddfc17eb
fbc8d8f9
330c472c
230c6aee
cf1aab51
30d4d704
df17e7fd
b02902ea
c6d9fe4a
fa5cfc00
2107e45f
c1da130e
1b212a09
f226dc0c
c8e9c50c
f7f216f9
66df70fe
f91c0f05
0847e01e
0e17fb09
fbe813ff
0710fbef
07fff5e7
09eae219
1ff3021f
00272201
f2f7cef8
02750008
03f31300
cf06c9c7
1950200b
7f1646d6
e8e35eee
1119023e
ef3c35f6
14d5dffd
f3f014f4
f00105ee
02060402
21e125da
20141307
0308ecff
10f3f61a
2510fbd9
7fd923de
143b18fd
cff1c441
0aef2931
e3100913
00d3e7fd
05d0f708
f0302c05
20ec55fe
f4f5dd33
45ec3e68
050724eb
3ff4f50b
fe0e1404
ecef05b5
05e530ee
1621dd37
f5eaf1d7
25d946fe
eef927ff
26081013
00fe0801
19cbf4d4
dd1aefc3
1203b824
04cee20c
27e80cc2
dfcf3c25
f40ff649
01dfdf06
d2374e0a
c7d01d05
20141e06
d923ccee
1cecdbce
e6f50116
faeee0ea
f1130ef9
427f4c3f
11cf07ff
fd2559e2
fc29ea0e
6afafa58
043ce325
101211bb
0104fd10
ebe9f5f8
27030aea
2637e9e1
ec6a32b4
13e41551
b71c2b08
e0fcf228
01a30200
20fdfddb
33fa1a52
f60fc2ca
fe24fe16
272e0206
fb25f939
5bf6f8e9
03ce1204
0f2b1502
dee40b00
e8d61612
faff0cee
140b1404
14f39612
e91a08fe
0703cd00
0505cae4
ccdef9f6
eb46d81a
1258eecf
dedd1526
0710f61d
2c28e2fb
e90df5fe
0d2cd11e
030a0a1a
f60ff918
e5f1e502
e5ebfaf2
eec904f5
16f7f9fe
ffe9f301
050608fd
1d19cb43
fcf211de
1f37b62b
72f4de0f
dbdfc1c4
e017fbf1
0b08ba05
0ef71903
eb0e27f4
32c2c80b
f033e915
3e041300
24101000
16150600
06f629f8
ec1bfb07
0cffea1c
e8fa2701
16a7d601
2e28f5d7
f10bdce1
f819f40b
04ff1eff
f5cf3bdf
fd22fd26
f20cd7d3
091611fe
a5ec59f5
370c0efa
befff0ec
04e6cbfa
f6e42aec
e21afaf3
014ff33d
352924df
f20bfed3
1924e0f1
1707fb12
00f403fc
032cf0e7
1d0224f9
310fc9f1
e8042ded
f60d0db7
201c0c1f
06ebf8f3
fb24bc00
1a012ca2
fa04fffd
a3eefd09
f201ef05
bf1c05f6
f7e70ad1
e5e014ac
f856d804
fc4f0104
7f431cfb
cf1beb33
5f14f51f
07c0ef0d
0623c231
03e0e881
f503f30f
00381412
be44f71b
2d0907d2
480ceeeb
1ffd2cfe
1d2cd916
b4241bcc
eeee6d06
11e43812
07265004
ef180f10
b7e83612
44ec0e14
1e13e737
fffb0df9
fbdc0c03
0e19f1f5
9bce0a31
1521d112
d60eee15
ea00dd6a
1122aa2f
f8fc1d28
0808de07
edf50316
1d14b82a
a021630c
effdd6b9
54d72e71
fb1a30cf
1e1ae908
f903e0f3
0be11b08
f5eedb16
392f0d03
e9f6090d
e71e2e01
0beeeddf
f301f71b
e90ad9f7
10cfe907
e40901f5
120f1221
f62d1cf2
ed1fe1e6
fc210402
eee823cb
03f10b1e
f807f4d3
24f5e513
f635201c
19d2423b
dbf8e801
d3fd130c
2ff912e0
01281607
19490efb
3b0aeebf
e71aef25
edaf483b
f5e90a00
cfaee4ec
e2fee81d
06dabdf7
d6703e3b
01f52516
eee9f933
07bfe8f9
def21836
f300e2e8
0909f3fb
02d2fffd
091f11ef
e701fcb4
c63bf8ed
db283303
25c905ea
e8c3c14b
3506bd03
06f978fe
0cd2d8bd
faddc9f0
22591935
53194141
0b065748
606bf9d2
1d0ef708
031e2a00
000aee4e
1dda1422
ed1ceef7
0bbef2e7
e0d4dfff
25dd23d4
3730c029
00db187f
fddf02e6
f4eeeafa
d6c8fefe
f81ee844
ed0df007
f627dfee
ee080622
02fe0d08
00e5f6b5
e6f827e6
11d4e3c6
0a0a22eb
ef081f55
2cf2ba4e
e51ff70c
08e9fdfb
e23c0cee
0f030b10
1524c5e5
0b392904
bfeb01f9
f7f8fb11
48f7e7fd
0019e3fe
f828dd1f
31050bf6
45fbce12
2409dee7
8c10f5f5
d91a2b2b
f712ebe2
06e40ef7
d8fddd07
310afd9d
cd35f942
0bf4e439
34e4fceb
e562454e
05df0122
0131ecfc
0ab340f8
310c0cfe
2fbc1715
d318e3c8
25ebe70a
031132fa
47ecf80a
fc3525ff
0b02c72a
17caf8c0
eae6c306
fc450ec9
a1103fdc
e74ee11b
d9031230
fe0403fc
fb28f4f7
e4f50501
efddfeff
eaf2edd8
fbe6ed1c
f2e70e1d
1616e51b
03f223f6
020418ef
fef119e1
e10ceb00
fd151dfc
fd0e0f01
16faec19
e6fefde4
040e0ffb
e50425f0
0109fde4
0b2f27fb
d411a40a
26091eba
27fc0c0e
e802fdf5
ffd39a06
fff73109
fff0fbf5
f10104f3
1518cb04
17f4ef0f
f2100618
d70f08dd
ffe5dc06
fc1f08fb
331ae919
24e0e007
e3cbe20d
30f2d909
06eb19f4
e606fc10
03031af5
d9cf03ff
d5241815
06f2b415
f3decd1e
77dff415
11262e29
0f170c1e
0336abfa
ef2c241b
101aebf9
e7f11708
18ee07db
1e262609
07169624
32eaf3eb
042ae8fd
f326d3f5
d3fcff06
ecde101e
f541caed
e802fc1f
dc1426f1
0ae5f9fe
ff2c060e
32f6f004
1801e6e3
07fa0f18
f604ecfe
f0f8d4e8
1408d42e
f4e92213
18e9d80c
11f8dc2f
66ba1f0a
e5f525f6
27147fc6
d01c29ed
12eadfd1
ba103c37
dde7c544
e5eff004
f90711de
04d3e3c8
172b1c32
eeef2cce
f529f50a
cdf41231
fd0f2e0b
2cfce2fa
4af5ee0b
ffc7031b
07da18e3
0b0a08af
f01dee0f
e40d1211
081215fc
05f5d70d
e820fdce
37fec80b
f3020336
d408a80f
e212ce01
20216ed6
fa02f463
18c532f5
132395f0
e90a1d5e
14d114ea
f20de7bc
f4110c27
1d08fe1e
08f6d5fc
d3f0e711
07f9ffd1
eafef00d
07fef3fb
c9f60ce1
3102fef1
04fefd11
fef8eeff
05dd022e
18fd1323
e7f2dfd9
c023da31
f91224ce
532a42d3
ac0d0315
05e2fbf7
f4150cd8
add8fcca
b0f2e602
04ebd414
5deeda2b
05f3fb01
cccfdd53
05cc030a
edaf1026
e2f7ebe4
0a011bde
fa2208f7
19060311
0613141d
f80f09f3
020fdbff
0913f2ff
0606f33b
c8d3dc01
ddd00fe7
db2823e9
cccaad22
3ed4151d
f9181d10
de05100c
d90f4012
0911d73b
e50ece17
81f512e4
18191913
0a05f229
030c07fb
f21dd010
c63b2301
e19fcfec
17ca5a1d
cfebea10
f04ed109
5703a8e4
062c080a
fb3674cc
facad808
f5c4c601
eebcf6ce
68013510
2bf0c7fd
d2f40126
fecd26f5
1b0bce24
c11ae2f0
1202ac05
d60521f0
3b03ddd1
0454dcc1
dfff28d2
08d313ee
81281423
cfdaebf2
e7f40703
11ff2406
f6f30406
dde9f7d3
06f50005
fcd7f8fd
2aeffbfb
30e217fc
f6d01233
2018021b
091d1913
b73011e2
220019f8
feef1d0b
0cac55d9
8d590526
e6a57321
c9609a20
dbd3b097
a05ec7a7
4b02165d
fffba103
cae66ba8
10fdfcf1
d80dd107
2933f20f
1f34101e
f3f40dfd
1af6e52f
011443f8
0c1ebd0f
fe02f508
28d1fac9
d609c50e
b9f71ed0
0b0ce0f7
2a1c1112
061dd7fd
1c03b837
11e51c1f
04fcfca1
e831bf1d
47e818d0
16ffe414
cef0dd07
f81edbf5
cf0ddfe3
45f6271a
2740281d
1b813dfd
d2eb0cd8
fd1fe5e5
30f705fc
fa1fdd02
f4f72125
f1f6ea06
fbf8e9a9
05cbf731
24002011
e80f2ae6
2afe0513
f9010304
f8040521
000ef7d4
2ddbd004
bb2a4717
3a216243
fee1f104
3f280a1f
0cf1f8f1
251fd5f3
f4e22a2b
00e2cad7
f0f2d708
e52100e4
3cfdd017
09f7160c
f6f71f0b
c62a30d6
f9b5dbcc
1742ede5
fbe7ee24
0a0d1ce7
d6211fee
811427fc
0741fe00
f1dc0fe5
ececd1f5
f1f5c309
34d017f0
c21b1bff
e4bd0efe
bfe2ebb3
03d5e707
0619e3df
f7f922f9
fef0fec2
eb5cb62a
0400f7b9
f8a2ec16
cd11223a
040ffc07
09f900eb
2a07fded
dd38aa01
efbdf200
2dec044c
8c27e0e2
12201925
032bfb0a
013f1e01
0434dfd0
08f0d510
f42041f0
e0f1f1b7
0e002bf8
d8fbf8e8
050916f6
fd25c7f6
e4ccf601
132613e2
f516f70f
f41340ab
d310cdd3
01ff0fd6
fe1ce1fa
fc000806
f21ae625
0b2402c4
e819d51c
011818c4
1d11f4ea
2cf8f31e
fe0507fa
fbe5ffec
e930f422
4712c5de
261df6f8
001c3104
f0012b11
0df31dc6
00e54011
08125600
16e700fe
0ae70ff5
ebe60e17
002d1de6
b90c12c6
3a08fee1
010c3e0c
e60d1c31
fc07081f
e7302121
fbeed315
e1f920e1
e3222911
140b07b0
ff0e1101
d83afe34
00ce1619
f8e5e1ae
f024ef1b
2a0b38f0
f0dbf222
3c0c111b
05ffe4fc
202dd3f9
f3fa0beb
f8e70a5b
0b10e4e9
79f2d0e0
31f904e3
f61a1dd5
fdee2e01
132d1f09
072be21a
070e280d
1b2b08f0
de12f40b
3dddd334
ff1be800
06180efd
07163327
d5f8dcf8
0046ef07
1d2e40f1
361ee6fe
154fd212
f1f1ec74
f735dc02
05179c08
191af3e0
03dc0209
fc061301
e912f632
f6120629
2df7ef16
010533fb
cff8141d
0dde0aeb
e5c6e2e9
7f3df004
2ce0ee00
1fcef624
c51f122d
0519d007
f708e8c0
f42af961
ed3cb405
16c83512
5826ebd9
21281c14
0cfee228
021f18fb
1506ddba
5307e4ce
05e72dc2
f63324e3
b7fbda76
f1f62c23
f31715d0
0901d416
e11dbcf4
1c18d8f6
0efdee36
dd19f515
bffb0325
dbff11d8
e0e5eb2b
e7fa4101
0e082256
15010737
19f61afd
1cc915ff
32fcf7f8
f504001d
f9f6fbe2
fcf70a03
0904fe02
0bfdfe0f
25faf428
fc2d1f2f
fdf302ff
31c6c2d0
391f0b87
052035ff
b3014b19
401cc51c
cf0dd645
e7fdfd30
03ede8e1
16d4ec48
3609fda6
f8182907
d608c922
ff0ddc02
f6dec4f3
19e100ea
aa120ae5
f8093a18
0c0404d2
fde1e802
fdf0dbee
1b51dd00
12dbb9d0
0761b1ce
3faafb3c
6c1aded7
d3d6bff0
f81cdfec
edeb4325
14e8fc03
0d1610f7
d4e926d2
20ec1b19
02100ff7
1f0507eb
0025e4fc
0937c1da
431414df
cb2b7ff5
06f4e4fe
62643dc3
04011c7f
f66ee207
17de0822
d440b214
1201cd30
de0dcf26
46fc17d0
9afb04fd
dc19fcee
24e80140
eff1c205
193a2e1c
29fe31eb
2817eadc
f638313d
7beb0ed5
fce2e4d7
2c090605
04fbef04
04a5d226
19cf0ac8
c1ddd100
00eab2df
e81e32ee
1754501d
1b06df16
f85bdef1
1cf60102
11dcf8ef
3c0e01fe
43d83d17
2c0e161a
2f004322
bc021500
03e02c0c
f7fdf607
fb061912
c830c6f0
0eedece3
01011581
f001e0e1
cdebe6de
fbf21205
31e7f0fd
0c29d614
08ff030d
e733fcff
35211413
f004b1c7
f303220f
010c0efa
07145c0d
c6a900d4
4c61e8e9
f5c427df
3519cff7
55ecd520
bad2eeed
011c3ef8
dbe111ed
e9c0b71f
15c051de
050014e4
f7100ed7
36f71ef0
27e90bdf
fef71aee
290e0b20
eb130718
19e000e1
d4fc33f2
03d62dde
dac40b0c
dcf007c2
ee3527d1
f2aed0fa
01f629d3
dfc14f0b
f5ff29c5
35100a32
f6f80715
16fe0715
ff103206
27041503
1b1e1a46
312efe24
0f1ffff0
cafaf73a
d62ffee1
18160cf3
e8eecdf5
07e717bc
f8fe010a
02fd01ff
faf70007
fc000001
f6f70402
ffff0005
01fbfc00
ff030c01
35354522
06fdc811
4a592522
3ffec407
dee01219
0fedf11e
fefbaf01
f36bf6ed
efe2d328
fd25d207
19cafd1e
0117d4f7
d30ed918
0afe03ec
fae2f505
f41303d6
f44c1725
fa171137
f718fdf3
a70c0211
e3f901fc
ff25e10e
09fefaf3
f1b607f4
f513f31b
e6fe03d2
eee8b600
4fc76c25
3fec0b29
1412ec33
fdd805f9
0b2f4cf5
f20a20cf
eb0024c9
0ddbced3
f303e603
ef0e6b0e
f10013d8
0301f007
181b0b29
27f125f3
3718dfed
13101d1f
dcfb0fd9
f4e3f6f9
09162611
f7373003
fa1e0af3
8cfff406
dd103ed9
32261805
3228e534
11e20d05
1bf1f502
f6fee5fc
fbd10ef9
2ae7dab7
11ec16fe
0dec1b3b
471bced2
e3e0dbe5
df04fe10
04e7edfe
fde2ecea
041acabf
dcf103de
1206acf0
23f7fdc8
e901fe01
0cfb0cfe
fcfd4b03
00ffcc14
4b15efe1
f4f94ab0
eeefec1f
cef2e0f8
3915ee15
130f12df
01ed06fd
0201f8ee
e2d70df5
01070c1d
e30cecdd
0800c016
16f015e6
d3fcf7c7
fce328f8
ea220cf1
fbef10f3
ee4bc701
0ff9081b
0d0a0ae5
f2f9eee3
0121f5f1
030e1af8
e62a26cd
f31cf8f6
0be5ffea
fdf121dc
2c06e436
e31028fc
09e6fbee
fad24ffc
faeeebf1
000fe8fd
20260b0a
060e0c0b
eef6fd13
19ed220e
04eefe2d
fdfd1b04
0ace3730
1b0610ee
3ff5e615
13040ee6
e4e724fc
d9fb2332
ef0dfbe0
fef012f6
fc16e1f7
1bf201fb
05f721d5
01fd0f09
9f151800
05f3012c
97fd14c9
ff002500
06f9f1dc
00ed24af
22560520
0b22d6ea
c01c1c34
de50fad4
ef05f2d7
eff4d9f7
04de992a
fb38c708
f9bc336a
24faf9c4
5b0d1e47
e6c50d56
0afaece9
fefa1dfc
22d8c503
09fa010e
0bf3fbf8
f7e2f30e
04f908fb
eaea02f5
05e4feda
ff050a01
01130e07
041dfffa
f6e2fa29
024b0bff
25e7250c
c7d5ee26
07e5f2c5
f708dafc
0002e80a
e1ca92b4
122e2a3e
fa220181
64271a8c
0a15dec9
36131fd3
01373d0c
e1fcf5dd
1913c31f
e5d3b805
124135f5
d004fbf7
fbdcb7b3
2306fd29
04130ff8
0e00dc14
0d11e739
00db387e
eaeaedce
e6f2ecc8
1a15e221
2d0312ea
fef3f206
eae659d1
f10d130d
02ee0a11
07ffe7fb
f6291c0d
f430fdee
3800fdfb
060716f9
04d00927
edfb0c3e
caf44dee
03b9b4f4
4fe8dc0a
de0701e2
beec0efb
fbfbf6fd
f9e71e0a
d5f72f08
1323a125
07dbf935
1407f2f3
0401cecf
47fef547
04d7ff00
fa170ce5
d7f619e3
1ff330ff
1366a4d9
e5f2cb59
bb542018
f5ddde21
fb0f3afd
e706f4d0
fddd0f14
07e9f7bc
10fcea60
d7f7ed1c
e7db06f9
62fd1e3c
04ec450f
d4361ec6
236a0b03
fbfdc7f2
07292a0f
b6e33f1e
2606e911
1f16fae9
0d012112
fbf82d17
de52e61c
bbe036e1
00fe072c
3d0cf3f1
1b19ef12
dc2ac732
29fa0d05
1a1bf534
fc0ced21
d9fbeef0
f60643c8
fb17d1c0
08fdc7e8
eb0af5c9
02daecff
13dc0ac4
2022faf6
29faf4f9
19fa0ed0
55da00f1
eded4cfb
dd13f312
050fc9ec
f7f9e04c
c4d1ecc1
fde5f811
2916110c
2bf9141c
0ef6d716
3704eff4
fff4b5fb
de38d2bf
dd0cdf9b
dbd7f7d9
e414c6ed
ee0201d2
1d0b0bf4
e9f109d1
00eaf606
020310fe
41c6e94f
f2ffeeeb
0213d7d6
6bd234e0
140a35df
f43a5b06
0409ec09
d1e0e27c
c5450b19
e04bfcf0
12c9dcd9
b028024e
f1c537f8
25416302
fd05d9c5
e7cde5ff
ecf4eed6
2add0a34
013d1f03
be111851
390410ca
e92cf506
0a0fd6fa
f526faef
09f9db28
01d407c9
fc332219
8e08c7d2
d01709da
23e81c1f
fe1e4205
f410d32f
f9d5f00e
ec280ffb
e4f5e409
d2e6eb06
16cb110a
04a5f418
06eb4415
0d44c024
1816f9ee
38f8b9ef
06eb04f8
dc09bf53
09130aee
04e0e5eb
d0efecdf
0ee8f0f0
d40ee3ce
f22e1eb7
eac9fef3
e136e21e
e9efeafd
4b501419
d224f227
dbeb81eb
1723f6bb
fc03fbf6
dbeece06
b40cd40d
08f90a0a
b8ec0426
ff1d08f3
f9183601
c001e006
1423beb3
e02326e6
2a02284c
07f0330f
f811fe01
0515c6ec
e0c3e1c6
cdf80e1f
e9eb2208
173c5803
27ee1be5
f015f82e
57f9fbf3
04f311ff
04341fe3
acf21ef1
1bf3f0ff
fee31cf3
fffffeec
d91b492b
fe07f3ca
020cb4fd
fd2ad6ce
d7e2ebcb
fba21cff
27122c6a
1518eed1
2e15251d
0508f9f5
07d62c0d
18e2dcf7
1bc408f2
ec13dcdf
f9de29e0
e4d5fc2b
10f5e8d1
eda4df20
d2e1181d
12eb2d40
04f9fef3
2a1cfb34
034608bd
f1e90e1d
00ba22f4
b71609f3
0305fa02
141608d7
eff8ddf9
0a2bd237
250927f5
ef12e32a
2efbcf43
010704ff
04e50600
d60706ed
e818fc23
0ebde4c1
d00fe2e7
e9e6d006
b02769fd
002115fc
0132daf6
ea03670c
f91a1a0c
05ed03ec
26ff13de
fcfe17ea
10070507
0af10804
0309eb05
0b090b11
44fe6351
3302321c
13fabafa
16d72004
0535d505
112f1004
05f0cef9
090a25db
e5f7ffc2
ededf21d
08fcfeb8
eee02010
0e341428
0b090b2a
05f8f605
e8ffedd9
1204e6e1
001ae016
e9f6d20a
df0df2eb
1a1e0ee6
030df8f8
02fff7fc
1c0ef00e
e256eb06
e613bed7
3325aff0
3a03071d
fb1e3dcd
3301e129
0ffb13ec
2cbd2514
0a2d20ef
1d0cfbf6
1d11f404
de1d38bf
19eefdd9
dff6100a
f8f01503
f9f2361f
03fd39f7
e61d09f7
dbf61419
3109fe04
060d1121
f9513721
28f8e402
04fd0a2a
d43f3025
b11b360b
f0da18fa
432d1ef5
0222f938
0da63141
f8ec09e3
efd1c8e5
dd2dead7
ca04031d
3df80e15
120a2211
f0fd1522
2ff105ed
03d0ee07
fd28e0ee
e51c0939
e9d918f9
10e830f6
ecebc89e
07f02929
220e060f
fefe3ffe
f5de13fd
03c8eb3f
0cff1e0c
0211dbfd
241640bb
ee021c1f
3d14e83a
ffceeffe
f043f12b
fbfb0adc
2d1be8db
da1c1c16
e9f71629
f2e3d5fa
054305cc
0d0ec4d3
201b4614
c768f81e
08f85218
15d5ff1f
1bfedcb5
d70eef49
9512d418
df4bd301
2041ecdd
08f2dce1
fc47ee11
22153317
0d1ff40e
1aeefe1b
3627ff21
09d42b00
163aed34
25bc302c
47bf3ee2
2e4b38e1
e47ffef0
05f50a27
09dab050
1417d2db
eae60309
f41819fd
2513f156
2d1ec7e7
bafaffed
1ee8b342
1408fa07
fefff4fb
01fe0f3b
f7040306
faf01dfc
e8f4fe1d
e401f500
fe0df1ea
0ff11100
f8fde003
ec0e340b
f90bf41b
14f3e713
06ed0403
23f3fd49
fde7d722
f00af4e4
fefb4afe
00f8ffbb
ebf10dfb
e9f7de14
e61cf016
d40be7e5
05f2f017
0404180d
fef3e206
0ae00bf2
07f43dcf
172bc424
0eeffadf
ebfcddfc
3002fc18
d8f702e4
ff13f5fb
f2c2f320
ebdc0fe9
e40603f6
0c00c8e9
dee90c19
33dd0a04
fdfdfb32
05fc62fd
e848e01d
edc02bc7
f1e60afb
efdbcacf
de05ffe2
e90ad3ca
2916020d
03f665f6
df070fec
16f01c2e
36f90ada
e4ea15c8
f7e24684
d6382b06
1d08030c
fed625ff
d0e1460d
08122498
fc25ea19
f6ecf23b
06c2f058
f7c40223
f4f8f166
f8f443f0
ccbef91c
1ef1fe57
19e9fa90
23170a35
2a15013f
3bf1c63d
fde1f738
f5f1e800
23ccedea
f3e7f8f6
d94bb6d5
f3051bd8
ffeb313b
0a480dda
9713ffee
f8edcaf5
df00f108
05e8cb20
e628dc2f
d704e74c
f70b06ee
ed2c1020
e209f6f9
fbf1480a
e9c7a9e5
f322dbe0
fd1a0afb
dbae0211
d602fb44
1206d010
e8f405fa
fa2c16f4
fee60a19
25104cb3
19e9202b
f8e95d19
2a0381b4
47190c1b
0f0b1ce2
0af5d5e0
0ade55d7
08111829
e0e0b0cd
093166ff
3af3f7ff
89b43903
f6e9fbf9
f408ed04
f8c732ff
27ea15dc
13e9e7e9
ff17041d
13edf5a0
f9efa71a
e91a0346
0d111ff5
f538def4
1716ec62
002a15d7
1dd61727
fd083047
fbadfdf4
d004eaeb
06f05e0e
f2f82218
f11aed19
f31c1cfa
012af3d5
e31811fe
370af8d9
fe0ffdca
03f22df3
ec4c39bd
ecea3deb
0ad70909
d4a218cd
0efe31e0
e2ce2cfd
b1f002eb
fd442008
1dcfd8d7
d8e03ad7
c11b1743
aa413609
211636fb
14f4f0ed
14e3f418
fc48e1f9
c944e3d7
d103f6c8
d22a56bc
26a30f3a
d5eef3c1
be0d282f
48cb2ca9
e700cd09
20feb4e2
cd0e04f4
eb4e0ed0
032ae2cd
09f0e924
d6ff09fe
13f7f437
001ffeff
f11e4bf6
2608ed06
02e5ddcc
f21813f4
ece51714
f65120e1
0d06e2d1
040115f9
fef3a939
faff14e3
19f73b00
2deee0d2
bed2c1fe
080850bd
ca060313
05b35cf9
1f2afde7
07091011
f809f20e
e1f30119
44f243e3
f41aed13
46d80eea
f80c5604
fbe91fe7
f5f2d00f
dfd6421d
0ceafc05
d2080ad3
f0dcf40a
ebf11419
fa1e2402
04c001f2
f9f0f305
05e82703
e1eceeed
ceef08e4
171a1eee
e6fc0002
fcfcfe01
ecfbf03e
ff000502
ee21e420
f0deee01
e3021716
000a0801
fbfb1114
fefedd01
03ef09fc
041306d7
e5ee0a14
ef310ae5
3bf3121e
011adc19
22e8022f
fd00ebff
fb1ee4e4
0812fc1e
f7e1ff30
240dd303
02f321f9
eb1534d8
f5fee1ee
fafce7fa
0bd315e7
cf01f521
00331f21
121335fb
f6eedb04
01000504
b70803ef
00e0f903
d306e2cc
faeaf3bc
1a0625f3
eb00c608
ff23dfc4
da0505bc
09eb16f3
ff2804fc
fea9e211
dbd70fd0
e0baae00
d9900d02
3615c010
3b2202cd
c4f14de2
23eb55df
0338d32e
e9089b08
eaf607d2
26bb2d02
0b280231
dacff7d0
941902fa
070908f7
150a1217
23040c1f
0241c701
1d07f210
951634f7
c8f2b317
29f5edaf
fd1915fa
f328ea01
f10fde0e
3a33df5f
f031fc03
3025e1b2
f2ec1feb
56f702d7
f316ea03
27e1f681
05cb0e5d
3accb004
2788ec38
5c450248
2ee145f6
49fb0bc8
0166e6fd
4d4da08f
15d5cafe
1f1c01b4
f3c0edfa
cc011abf
2fc3fc09
e407f11a
0439d6f4
ea0dc5c9
fdcffc2f
12fc0fcf
00e825d6
75f8ebe5
04da0918
cd0af9fa
050615fd
0af6d226
1edd27ee
84aeec73
ec1bd218
fc30f4f2
3f16e7d7
e4560498
11c8dc0b
df060ead
030a0cf7
fafa1a07
06e026e9
0df316dc
f5eb00f9
f3f90b04
fef1fc03
130b0aff
1e1af2ff
feb73511
26b3c329
f70e0600
001714e1
d7220903
050109f5
110c000d
2904face
f3e5df10
e953f2da
041f04da
06c712c5
e5061313
06f6e906
14edefdf
250cffda
fdc9c623
37fa71f6
b6069fe3
7fd5fff7
51f92c50
fef1e50f
fee3eff7
0a13e014
200deed3
0d28ca0a
0900bd07
05f9c205
05180b57
04e60dfe
071520ee
0b0a0f12
f106ef49
142c27c7
36dcba45
04040d07
2de8ef04
fcf7d3fd
20e7e70d
d0ee2225
29130f1b
f2f709ee
08f6214a
d516e203
16f20eec
faff20ff
d7faf507
02e317e8
e1e6fffb
ec43c827
fe1303db
f1e9d908
041612da
0736f8fb
25f6effb
00fd16ef
d20111d2
02f7f818
2406f4f5
141446fc
f4f41e36
24f8d10b
fb2ef9fd
28a7fd0e
1313f8f3
215dbc4b
f70361e5
04ea0418
5710e245
0011350c
1db8d9c4
f6e410d8
e0810f04
1efede2d
e3d2ec13
7801f92f
f027f2e9
05183cf6
feca37f1
0c041a2b
1b3134fd
14dfd9f5
2ff40e68
380fb3e7
20f3f8db
fb07caff
03e0072b
97eff4dc
14d5ef18
07fa2034
fe55fa22
521f0120
020f13db
08b4c506
0f11fd1f
02f6262a
24160200
02e5f209
ca271010
dd16db1c
1c06fde3
03e5f5f3
0918fd12
0502fe0f
cbf00d26
1cd9c7db
27f7f51f
f1201157
10f62831
00ee1e06
131235e7
d9de5a09
0060e6ff
ee0425d5
eff8eeed
2225e5e9
faf9e7cf
00edd7f4
080aec28
e71303ed
1d1fdaeb
e2e95abe
3aeae22f
120103f6
fc0b0403
fcd6f403
f1350712
f7fbf535
f2f6051b
11f2fcd8
d9ee0519
e4f709ff
f106f733
ff3a0efc
011c180d
3b9cd0cd
28031ff3
43d5021f
d2c0060c
2ae2eeea
06d3310c
3d1cf3b0
fdc056ca
0d06da07
14f00820
e8e409c7
30f3024c
130228fe
bef409e9
f5f415fc
f6a93b2d
e1cbf640
efea2608
1e08e13e
d806fcea
3207ffd8
e4f6023e
fef11003
12371fc6
1527030e
ec2ef0d0
ef0edec4
371b08cd
efc7d311
05fe11e3
ff1430fe
03d7dc2a
1611f453
c70445f8
dc534008
cff8f26f
490e7a91
0dfdf837
fb4df307
084909f2
2e05f80e
e31cc70c
09070efa
e810ffed
2c2505eb
fd03f9d2
02160dfe
0cf5ef17
f508e6e4
fd1aedb5
070915e8
3cf9fa03
ea25fecb
1cfef619
fee703f4
22fcbbe2
1925ed0d
1c08d02e
09ea2dfe
04f0caea
cd0cf6a9
f0ec143c
fe0cdaf7
08b70b0f
fffe0200
01000201
fe020001
000002fd
fd01ff01
ffff00fc
0003fe00
01fe01ff
e91a140f
f63df222
23e4d6e4
cbeb2ade
f5d4fec9
18e4e3c1
fe1438f5
2d180a28
1413fb5e
05fff02c
cedb2e10
c802d505
03f5c90f
f1fddddf
030624f0
fb1508f7
f302d840
1e0fee35
f7f8e63b
adf9e2da
14f9ed25
f5f2f024
f5d909ff
f4de03fe
fc0ff407
c9ec0bea
d6e42829
e3f4c104
3319d19d
19081af2
09d2e1fd
fb141a4c
11e41d2c
0301070d
f0ce0901
e229ded7
ecd2fb11
fd05fa02
fb150004
f93c11f0
e801f8ed
241bc713
28c41fe2
e51728a4
e9e84a1e
d3e13c0d
fd043212
080a3f4c
3f0a0df1
20edfbee
fbd9e5e6
00f3eb09
e3fbd60f
15f70137
fe04f1ff
0ef8f4c7
1e02f77f
04e9c10a
c0fd2e06
46e4ff03
07d1c210
0a10f00f
00cbdcef
ece54ad6
de37f8cd
cc28f8e7
e43df22a
a10f1124
fce12fdd
23e71424
e905d7ef
d51b6523
d8ebdf38
31da06dc
01f8180e
dbe8e421
f0300510
42fdff25
fa0903ff
0bf8bffd
f30d3220
f21a34cf
e7053cf7
b31d3f1e
3a0202c0
0cd21637
fcb4ee0e
e7c900e2
d70613ab
0e01ee22
060a3118
f506fa26
19191444
0a020c04
0203e005
10770e0d
e60deeff
fb0d24f1
0c0427d4
0607d217
1ef4fedb
fe07f943
fef2e9fe
16dd0be4
06ecf9e0
f2de2504
24f9f3f6
efe8ec10
feec0ae8
e616f627
0006f701
03f014ea
1951f4b7
07d5f106
fd14445d
eef9e3e1
2c0109dd
c300fe3e
fb0ddbfd
27cbf107
e5e906f8
edea04f3
040b10fe
3c01eb29
ef2ce90a
fc130a05
03fd0bfd
f4d4fddc
e8ef02ee
140b14c9
4dfc0014
f22911ef
495e29db
360fead9
07e85dfa
e799c3ea
2711e9d8
23130ff7
4119f039
3dfe0ae3
28eeec24
3c10f002
05c5b803
00060a2e
d0f90704
d99a4018
1527c42a
0726ef44
e6e008ca
f6241f1d
0516d7f9
00a50940
0ffce21a
1204e4e5
07d6fac9
07040fbd
e608e8fa
e8eb0112
fff5e300
e4e4dc01
0b2cfa19
fc3003d3
d24afc61
82f10181
6afa280b
15dd1bf0
f6225404
15ffe22d
e90f54d1
000c2bdd
2dfe12e1
f3e91109
d0defa71
42fe14cb
fa0918ff
1a040f4a
cffdc405
f0beff19
24c7eb26
03bd44a9
3d34280b
efeadb24
09301e35
c566e609
d6df18be
dae70601
39d007dc
19ff19f0
2bf2c3e1
f1ee1ce4
0104ba02
f501070f
1ce70bd0
9cd39735
d43fe7f1
07f00ff3
0458fb3d
d6de14b7
fa2e2b10
30cdfa06
1b372fee
0ff1fd3e
e8f426cc
380c07c4
01023fcb
0e0cfa40
0609f7fe
fda8d62e
f7dc2916
f2492fce
0b2ae51d
fb020640
20011bef
e610f018
06f21dfb
22c2ee0e
190f1afb
d02c011f
17b3edf3
d71ee250
e0e1fc53
f1e903fc
fdf9d905
f9cf10df
3006fa00
0612b8b8
2ae3e51f
3b22f9f8
1c1117b4
0a06093e
011c0cfd
1f04a1f2
02f81c13
0da21de3
f9f6bcdf
c3e3121c
f9fbf60d
ab0beed7
05de2f06
fb212eca
fc09d9be
e6f2fde3
fdd6eb4d
2306c034
1bd639f9
ccf9fc07
f6319410
fdc2f5ee
15eff805
f9de0b37
e314f5e8
f7f3f110
bf0a3002
170fff1e
030601fb
f11632f7
052d13d6
ffece60e
1b352612
bc0e3aef
2e2cf212
de1a02e2
0cebf9fa
2eead32b
3aedfc09
392300df
03e708ed
ecf3b2b6
2d32d6da
0f12f033
090412fd
e70ccfe9
05fe2728
1530ce1b
04f7ff00
0e001b20
33f327ec
1dfcf704
fbfef1fd
0b02ef11
bf160160
005d087f
13450731
09b8dd25
f1de0930
c0ea2420
e610b000
e5d2b3e4
f207cf29
e1fa0b1a
0aecf0f2
1f05fefa
150fc6d8
f2f1f0f7
fdfae1fa
0704100b
db00060b
c33ef84a
dee2e2e7
1908171a
1dfc4d17
f8f5e3c7
fe9f0401
f1fe0415
f9d0e700
12f139f1
03f1dee4
03e52456
0b041ce8
d6fff607
fece1e00
09cd0e10
09f818ee
fd242adf
f314e5cb
2715dbf8
dcf7fdf2
001906db
050b14f7
0ae1ef13
e7061216
c82bcde7
f8b40a09
e7d813d2
1d01f4e1
17eecb14
f04705fd
f151b94d
20fcfd0c
ff14fbc6
f540b01c
8b1ad415
e40bdad9
3ae0ffcb
fde7c0f9
fbb0eace
310c22e0
0506f63a
10edf83f
54fbfcc0
0202e6c1
240104f6
03d711fc
25f41c26
caf3bfc9
d8c50af9
14ffe719
f0fafccc
023df5c0
070dfbf0
02f614f1
2102ebbb
f9102ee2
1eddfde7
1104df0c
c7f326e0
e4cd1007
01030512
f8113b00
0c061305
f3fe280e
1b1014fd
13d905e7
36e3212a
fb390041
d80501f9
001dfd09
184dd1e1
1615fc03
1ce41111
e3f2f339
3211fded
faece405
01010636
01f739fb
18c9392c
360e19b3
15330ae9
02c7de08
58fe2937
06f40408
34f703f4
00e36908
19260ddb
ed0b441a
f5e9f317
eae0e50c
f2ea03e2
d8d604f7
d910f605
000a26f7
0400e8fa
4c14e7f7
253bb1ff
0d08dbf5
e911d926
e6ec36fe
3710070e
f40d04fd
f6210a40
eb0a0ebb
03e53bfc
f84315fd
fb0a0f10
151cfb18
2306000f
07e527f9
2f2b1d16
e9bd01f2
d9fff515
0a1641bc
28041be7
03c1bab9
29eb1c16
02f4d20a
1beb1bc9
fcb3fc08
173431c0
e0dbeb3d
f9b5faff
04f04314
fa94e9e3
f905b22f
143cde15
02dc22d5
d6065707
080b102f
0eeb07f5
10dd07bd
e0f509df
fe300d0e
fb2eeff3
fe127f1c
bf5119e1
184f46fd
e707b9e3
2043290e
9c191618
034a7de7
03f9f8a5
c63315c8
d94207f8
e1f90307
52dc4cdc
3c02e4ee
2ff60463
01fff307
030cded3
fcfc1410
08f11705
dd19190f
dffefcf2
0ee20730
f20a05f9
00c9db00
02fa0706
cbf70002
42b4f402
d81825e5
ec081d57
ebf64d4b
d8f230cb
faf8db17
00c7e22d
ccf4c8e6
1005fde2
0f0618f8
1ff9f80f
17f3f2fd
0c0df419
ff25f603
f727f340
f712f805
e704f4f1
fc090f00
09fcfd0d
f700e80d
3008fdff
ff0febff
0c261521
262ff6ea
284c2d35
db071403
c935f3c9
1adf4505
6402c0e4
f3cffde0
fa1cd3db
26010305
0b1b320a
ef03c6c5
230ffd0c
d90dfc09
05effd0d
fae1fc05
07ebcecb
da1508bc
26c70f1c
5525efca
4e061bff
0cc14d13
30fc07b2
fd201ef6
002702e4
d2fdcd2c
28f30a3a
f0f3184a
1edc06b3
24df0ef4
f3f403d3
010fe004
26e66e47
0c101625
0335cf39
0a0241eb
c8060400
17c7f96a
d2fd0a2b
f32ee00b
f8ca25ca
fdf4f8d5
f431e0d9
f8ce0013
26f6cc6d
140cdccb
14e3fa11
dcfc0df8
19190130
dddc220a
1bb101ea
d91f13f0
12ef06f3
2af02614
050f0e02
02e63b02
1b0a0eea
bac2fb0b
3fdb1246
f6c5fbcf
e005331e
e8b62bd5
000a12f6
fdc0d7eb
06e005e9
1d200d26
1cfa38ca
f9ce21e7
50fcd5fa
96df19f0
fde3f3d5
fde63800
e1d82629
ee0b1120
e2142ee2
35dc059e
fbfbddd9
fd29e418
16160147
ff0fc4fd
e3119431
d5ee0cab
06f84ae3
ea32252b
d112dbf3
31aff824
0c140744
0421d80b
cccaed27
1afcede3
27d0153f
fe13de53
1f1c410e
f215f5e3
d3060022
060deef8
1ba92411
1f0f0817
eced12f7
f92fedf0
592b091f
dffec428
f9fff82b
f3e5f804
fcd148eb
1008ecec
00e310e3
3d42e306
d2eee715
44da110f
ba0201fc
fefde502
2004fbe0
f7442cdb
0ed6faf6
dbbce7cb
92eb4f05
0b07bbdb
fdf2f92d
fa2ce4f1
06d2fefc
e1e60d10
2d2ed7f5
19160310
4e1d07fa
1fe1f711
2232f03d
0d21ccff
1bf22b45
fbf6fec4
da0306ed
f9121012
daf3f906
61f7da19
d317f1b7
fd0ce1fc
1708c512
069e1cf2
e943c404
e11cfe0b
ee4ccceb
ef1c3a27
5b3181c3
e710cd2c
f8967219
2e1625af
1cee01fb
eb09fef9
d61a21f9
362dc41c
d7cef50d
f6f6d800
071eae1d
fa09fbca
1d342eee
e907f104
c3173ae3
191b26f9
0b0c02f5
01eeefff
0113dae9
2c39dbf8
ed2ff310
e2060fed
06defcee
14fb0647
e9eff913
fa0d04db
f60deffe
1fb4331e
1437094f
0c0700d6
e2149ef5
e1fa2dfa
e2f704de
1e14efbd
fb103d02
ded5b8fc
e802dd02
f1b113bf
fb5f082a
17eafdf1
76d0f62f
b71106ba
4344f7d7
0aff01fa
2d1813f6
220208e0
1af3faf8
f536d0e8
2119fe1c
080403ed
c80218b9
eff21402
1c2ff9e5
de0ffbd5
1102f7e8
220e0be3
da14ece2
cbd901f3
32060ef0
d3f6f602
e8ea09e4
f512190f
21f707f8
e9f400f0
110102ea
dfe3f4d6
11470af5
dff301fc
fb02100c
16f0e206
01f20712
f8f0ea0e
0c0400e5
fe090cec
00000320
0b3d252c
3cee11ee
14020401
10c61bc3
f2201d06
eae929eb
03d81c01
f0d8f8b9
4111f402
1dee1924
f30bf727
e2efffe9
da2906e9
2900f1ec
ebdbf2e7
1211fd22
1de5e7ff
fae2ffd8
f10cd808
fc1a0402
e1fbe821
dde5fae3
c7fcf412
c81ceb1d
d1f31a21
18ddb0cc
171d37d2
92d5f953
08bcde2b
5ae6f7be
f12f0cea
2a2c1601
26fd1d1a
ee27191c
dcec0b2c
244c0126
2d612325
f005f244
d3fef514
e41efb39
aa123f40
13c6de12
1c45102d
aec6062c
e7720aac
dd1bf7f1
fdc9f120
3433fc1a
ecdee2ea
27dc08df
2018f121
0b10e9c8
e61e08d3
d1f51cf9
efd70518
ea1e1d11
cd41081b
4519ad39
eb2e0fe0
0302f923
25f4ed23
2609ffdb
041eddf4
40202b23
4238f6fd
2d06ef36
ebf6ea51
daee030b
ec190ccf
1c1aee45
db3cf543
2fc0f90b
01080b19
17f42bd1
fae50ec3
35f5fed4
261afc1c
d6db0e36
ea1df6f6
6b0ee1dd
02020dd3
fbd9e0e9
f9ffe0e0
431403e2
2a05232f
c9f507e1
fb0bff08
ede71bca
f712e7f4
f420fd01
f81716cc
050903ef
e0fae622
eb040237
fb4508e2
fff8e311
0a1430fc
03d6efbe
eaf6f139
de1f0402
3acae42f
1afafdc9
d6d80fe1
df0430f7
41071ee2
4301e5d6
06e732f6
d913101b
f4140015
3a05ff14
02320c9e
03ead329
ea074ec9
ea100af4
2311e21d
2c13e30d
d5102b0c
0fcbd1bb
f71408d6
e4fc42d1
ef109f1a
180939f4
f5eafff4
f8fbfb1c
0bf30808
f7ef0609
10e6f6e8
eaf11c23
3aa0f818
0ae7de30
f75904b8
e62102f8
e9090d28
f4f20a24
35201fc8
1bf75539
063a6efd
2d184907
e0d52e0f
faf80afd
f31dd9e4
e7e50145
06f51117
05dedd10
e5bfd507
e4272ee7
efe6ed0a
e6180404
f7ceced9
0ff4fe5f
22e70740
2406d9e5
9d490a0e
321cb838
40310611
ead3feec
f1122744
17fbfdd9
a2faf814
0a02d336
31f6e1f6
12e4b2e4
340e270f
e4f5fbae
16303bc9
1d08ffdd
29ff0a0f
2a274cf2
fdcdc7fa
12e723f7
fc01f3ff
d6350ded
f2ebf8ec
ee0c041d
0517f8cc
20f53926
b2ea1d13
f61c0aeb
cf0a28c7
004cfe0c
fd161930
140cfeb9
f6db0109
1af123f7
0b3a1610
021c02c7
f7f34651
300cfd28
e33d1b6d
1220f11f
cb030081
2fe144f7
f2f2c810
1dec11f0
daf1f9f5
ea05fedf
05e2ec01
e4f20918
d9dcf401
c646170e
1419fb01
13ee0204
05fcf400
161000f3
0cff09e9
f7ee02fa
0c03fb19
0e0106f8
e51d14ed
01efc91f
f91afeea
cdea00d3
f314f52e
e7e7062a
fcf401f7
ede55323
ebe0d3f6
3f0efcdc
0e11f6f5
fc17ff14
f2f30908
f0170dd2
eed70ee7
aa26ea13
0216f7f2
01c21a02
2028d6d9
f5dcfb12
20f9fcc6
1309f3f4
fd12002e
130316dc
26eea128
3800e4be
f7f7202f
dff3f6c0
25dce62b
2ff5faf9
f806f9ed
3f2ee5ec
2101e9f3
2e16f9ec
2ba9fa0a
ce2d19d7
17eb01f1
2b110cf7
09fce903
25c7300c
0ddaea01
e82fe47f
13ed2221
31e2f607
fcfadc4c
0f031e04
df0e080c
1718d5f9
f22ff52b
331eede3
0b1b0b12
3808ef12
ef81e32f
d429262a
1406bed5
37e9f1d8
28f0ebf5
aaf93ddc
3020f435
230f05eb
c9ce264e
0112fe13
045405dd
01ffaf6b
f83cd512
15e4c317
cfecf20d
0d06fdff
f0c5033d
dffe0008
27dbff23
e62bd30a
f22e0d09
e7fad901
c1e107f1
2300f9cd
f101f7fc
0f1d06c9
19fff2d5
d9e4ebe4
e4e7d5e4
0d63fc5d
240e4a00
263d03f2
12e2191e
b6090acb
2eff0b28
c02acd16
15ff1003
76e7020a
ed18dc06
e1d1fb19
01cff90a
341f0a1b
c5020968
d51b07e1
0ff6f301
f0040b19
2dfce000
f10a03de
f4f0e022
e6e5fd18
e2e4fbe3
b81fd2fd
1945f108
f3f006dc
d5f73d1b
dd071612
dfb3e5dc
0f641023
b3ebd310
fea808de
1dfd01e9
1f1d580d
1b041acf
b715fd1b
fb14f83c
1ce0f83f
17050bef
e4321730
e6110bfc
0523ee0f
0d07f919
bfeb07f6
0af722dc
382901f5
36f90819
0af100f8
f22c1208
01f51b05
002d240c
e8cadcfd
050cf410
fe04e4fc
e7ea0743
043fdf08
ff13e2ee
f4ccef07
391e25ed
df390f08
43e7e03d
c7f10316
7f0bf8f6
d603f2f5
113103fb
f7f5d3f9
fc0323f3
17fd0218
21f60910
000c02f1
0528f8b9
12d7282a
f1e1f008
f9de1105
f5f4dbdc
da350362
e40433f2
ca09f915
d82b083b
c7da28bc
d721f5fc
8122eff3
0df6d0ec
44c20a6f
f3dec8f6
1a23ec20
bdddf3b0
d2dcd124
e2003cfe
3a2b1ae0
f52e3a5a
09d1fb07
25dbc872
dae4ff7f
30231ee2
cecd34fa
cbc9d40a
14e5f2c9
22dc19ca
c4daf000
f4c5e95f
e02107ff
10ec1306
420be910
edc4ec00
bd0c14e2
eeec35cd
22db030d
32f7121e
d7ec0f1d
e0ec0c10
04ef47e6
d2090d1c
dee9dd04
eff20cd8
121c04fb
1fdc10fd
c71c1044
040c08b2
ecd452ee
0dd6b219
d9c316f4
cc120623
2f3aead3
0defebe3
bde806e2
582e1cf3
ef04f422
32c6ebf0
da252e2b
e5bef208
ee2af8b8
fe2b18c9
3efefe4f
d404e9d0
d5e78d1f
18fa0afd
091b0bea
120b14fd
0904fd0f
f209ecd8
e3ff0601
fbfa011b
f621f016
dbb2dd3f
f10205f7
2fb73b17
f6ecfee4
030ccfc9
fa1f0a2c
d01062cd
cce10d03
151f1701
18fd120e
eef1f611
d00c05e4
0f08e7f3
f4fceb01
f21af6e6
0dfbf50d
0cdc1aff
3ff413e1
0e10d82b
2bfc0dfe
fc09e439
44ec03ae
eaf304d1
00e3103e
f01508ee
2ed60727
11fa17ee
dd03f90e
eb4721f1
ef07fa01
f307080a
cffbf8dd
310ae90b
eeadf60c
33f5ee0e
e913fc2d
410c0c08
dbdefbdd
29f1fb22
164602e0
e1fbb909
35f207d2
d41f33f9
d0dfff07
ec4c2d2b
473303d9
0bcff1c4
f1ea1c2e
0acce4f1
d144d1cf
3b52b70c
c11eed1d
04d3d2ce
4d12d3fa
ec06131f
191627df
33e8f0f7
c1daf526
f9e9123f
0f0b0119
03dadcf9
fb01ff90
0813fbfb
efeccb1e
f5f5dae2
ce02d207
e5db18f3
29ee02ea
f0f3102b
d3ea0507
c11c0930
021024c8
ed242feb
eb190421
edb1ecde
efdc051f
22dce530
0ef81ddf
47c3f506
f049311a
11efdde9
f91a1207
d8f0e715
fa170bcb
ef09daea
f400fa10
e90002f4
fefbc1fc
0e1025ef
cbe2d5ef
221529ce
00eadae7
2b2900ff
0a05e0bf
fa09192c
f3cc07df
e9dd16fd
3bee0b09
1a0c16c7
14fbfc1f
170216d5
f2e807ed
34f60c0a
0706e60f
1fc8d4ff
303147c9
3d3bd1fd
2ff00a1b
fa25fbc5
1afefbba
f0ecfe35
a3b6f20b
0124130d
e3dceceb
cc0f4c26
f5fe02f1
0bc30d18
cdfdf9ce
f1fd0101
12f7e7fd
062a12fe
d208d838
dc2ff311
e5330b16
14010af6
51060e1b
1de5fcc6
08f8efe4
130b1f03
172bef0c
eccdf810
eaeefee2
1dfbff2c
10faf925
2303f505
f422e4cf
0916e9fa
03132df3
241aef0d
24f30bff
21e5f6e9
1afdff21
0d31faee
e5f52fce
22ec60f7
8fedd4dc
2cbee33b
6702032b
e504d815
370408b3
2af7fc14
740d23da
05c4130f
fef90944
d6140c00
fa1ff916
e7fcf4e3
0ed8fc10
3501eb25
03eceb1e
22de1706
f490010d
08ca15d4
5411f1f2
ee191341
53fcf203
25d1f839
38dd54f2
ee931531
10fae32a
22ccf4f0
bc13141e
06f70a1f
d228104c
23f7e7cf
2f23efb5
1b50f1d3
2edbc5f5
f500d6de
f339f7da
111e004a
08ebf6df
cc2bf6cd
c304c517
ebd7f0f0
cbf32cb9
f80dc035
ef2b0125
1cdcf408
6505f7ff
dffafed2
c5021aee
2d4924de
10353bde
1eedf5f6
dbd805ea
2dea19fc
03f7e60b
e5cd0f27
0d29bb35
0203e30e
01290409
ed0df0f4
00e3f310
f12e0000
fa00e326
f1dafb0d
010504ed
0f29e5da
13d1540b
fd24e0f3
de1a02fe
1ce323d6
2204dd12
003cdcf5
1cee480d
01000913
1303fc08
3deee42d
05bb00fa
d5122020
0b1b0814
3204f5f1
2efab5bf
f550de15
0305eaef
11f21112
fc0c063b
deeafac8
b8fdff26
de420de8
fd06fd10
04280cfc
d6ffee09
d40636fc
eefb02e5
db230d03
491500fc
00100adb
2cf5190f
4dbef72d
e5ce1331
da200828
ffeffeec
0f281759
2d39e229
1d7ff82c
f3f73f25
01ddf3fe
1b38cffe
d2130645
e42b09d7
f4d31347
230508c9
0607054e
f3e416e6
d0292d26
fcea62e5
f4361bfe
1300040b
1dfceb5a
f8d1c513
1e31dd08
eb1301c5
fac6fcf4
1a08e4ce
fb300efd
360a0004
c5e1f017
f210fafb
de09fe26
d4d4fa2a
17ffe8ff
af051315
0feaff0b
060c0113
04ea1010
dcf902f2
16dafcfb
242c3c32
20110210
f3f6241e
35f4e217
08f6fa1a
0fe21515
07f8ffea
ce080cb3
fccf50e2
24cde5fe
02eaf0db
caf20a33
12ef03cf
fdfadde6
1112f7d7
01ff0e0a
69fb0ce3
d8f7e241
2022364e
fa0e06da
2324f60f
611acaa7
fd2bf94a
13e3cb19
c8cb39e5
100df6e1
edebbdd4
ddf1e4e6
faf3fa07
09e8011b
060400cf
1ad30f15
d411fcf7
eff35100
e8d73e05
e0d21406
ebd704f6
f524e23f
f709f822
3fe1e7d4
06d3c5fc
e2111bf6
f410e110
ee1a0f03
39ea08fc
1d071913
f81803f2
e6ed0fed
180c0c0d
f7ffdd13
e0170f08
e8fafc10
fb0fff19
07f21d18
2f030a14
13f80629
c510f3d8
0314d0ef
31b21fc1
e214d512
54e5fc03
1a151a1d
120af3cb
340601fb
4bf4ecdf
141206fa
c1150d0a
fc0c16f8
e71a0617
15e806ed
24f9f914
e51004d3
eb1e1a0f
24ec00f9
25fd01ed
f82932fe
fcf50b0c
ff1c2404
d008fadd
d80a06d8
fb1614df
033721fe
c700cae0
050f12de
10310a35
122ae5cf
bcefff1e
0e13f60b
0d1507fb
09f9eb01
d9fe0e14
f3f012e7
c2e5fef9
05fde70d
04220efd
0b05f9f7
e216dbf5
0c16fb00
ac06deec
ee0b08c8
eef40010
0ef8efd5
2714f8b6
e914090f
24e22103
efb03101
db102be8
ee09f8d6
24fa051d
21e91204
063d05e0
110af931
552d18aa
d5f609d2
98edc1f4
2821ec2e
a9dbffe6
1040e7ea
36211ef6
e7260dd9
ab43fae7
10fee8f4
f310ce11
fc1e1f13
e2d1fece
f2c00ee4
eddbf63a
ea1bf20a
55f3ec5f
035a0507
e2f9c62c
0ee93023
17090b37
262bede4
d8fc0d2f
c73bfe05
1220ee12
1d77095d
3d351924
dc1ed0df
25e3390e
d898120c
08fffbf8
17ff7f09
0c30e808
1595f5fd
d4ea41e7
17fceafb
fbcc0306
03c50c06
da2beee1
0e1ee7f2
06c4c91a
00f91aeb
46f9ec3d
10fd0907
08ef00ff
f71afc2c
1d13ebf5
07010319
20ce08e3
21071a0a
aff6cdec
c2e898f0
01cf0001
452fdc08
dcecfd2d
2504f6fa
02ef0a1d
1ffc7f8a
1d10edf3
eb03ea09
0de8f1f6
07ba31d0
41132335
1724ed02
2125d988
0e0400e3
0c11fffb
0d0b1b13
272704f3
ec06020d
f706f5d0
0f0e0006
0ce8ff0a
f3fb040e
350a06fc
e602f9e8
4df0ec07
dc2d07da
243e04f4
bcfaef7f
3ad3c035
faf0f900
32ed0b03
00f803ed
ed0c040a
e32efc0a
0ff002f9
103effda
f60edbd2
e7c1e600
35c30120
8124eb3e
4d08feee
3f0b10a3
04f803cf
f2f024cf
3f34d4e0
1b15dc17
cdfccae9
0615d205
0cf3fa3e
2400131b
e70a131b
0304f6e6
b70eeb1c
1017e426
ea2fa909
ee360a11
e639f5b9
f9ddfb16
14db00fd
cdd6f944
12bde303
ce08dd28
1ff614f3
0fe5f510
ef09f3fe
07c1fed7
18ca1107
fc0605e1
f8e9ecb2
e6b20705
04ff4402
2306f231
4af1ff20
05f02c0c
32e22500
e2edf347
fc1b242b
6159a5be
ea9c4f6b
41be4415
35b50907
b851a378
cd64cdbe
231be99e
c97fc2b9
dffee800
c630f613
07e50bf5
e21bfcfd
242319d7
ebf30c2d
de2a09e8
4ae1150c
0c1eea08
c30b10de
19f940f3
c8f40c0a
ee0809cf
13fe061e
bc18f0fb
4005ee3d
1f1fda06
1936240b
090eedf5
1043f712
292e28ee
f3170105
f931194b
102d05ba
00fb0215
fcf80a41
c543d045
0211f529
080603ba
e4f9011c
d7fb04cc
ef262624
2e4b1505
e8e1061f
ebfbe6f8
06f8fbef
fa05ff08
0d010516
dbe9f8f2
a50904ef
15bcb7f7
30ee5ee0
05e133e5
e2e90b15
1cedfb4c
efedfa4f
10f70b95
e301c1a8
f23ac40e
270a07d0
e23917ed
fc12fe27
0bfa2017
18e4f71a
e6fef311
e3e12129
f6ebd0db
bd5d0b3e
e4092939
09000dea
fbf31926
f2f8ecc7
25d8e6e3
ac08efdb
3ce5e306
2627141a
143525dd
dbf7fd8b
0c0fbdca
ca03d3a7
efee0f07
dd1d0c47
01e504ec
eb38ec64
c51a37fc
e8ec07e0
faefffc0
00e904fc
0118f405
0acbd3f2
dcb922f1
47140440
f4d2f514
1bec21f5
f443ffdb
eee70f85
dde8d84d
bc0f01f9
d7f7e9fc
ec04f7b1
f3fdbc1b
d5f4f827
fffb02d6
e803fdd5
2b1908f8
e1dcd92c
fdd7e7f7
f019fe31
eaeb1803
0f010200
ffd2f40f
382009d8
130a0332
29f308ef
201ada03
1ce625ed
fae320ff
fa0efaff
020dfb23
f4f50003
f80404fd
1a122414
0214f222
a5b940f1
e432c3cd
171f0040
f1cb0dc6
f91f00fc
b6eee711
b8c003f9
ed1a13ec
fdd0d250
ccf915cb
01fe00df
164ff6c8
fb01043b
ff15f2cf
39cd1b9b
fc023e15
13ec4623
26010ec8
dee802de
17d0f5c2
0ff7f605
220bf3e8
30e10e21
1ff41c0e
63fc020e
190cd80b
da310317
17ed0b01
d3e50c0e
dd0010af
f4e9e11a
f007f9d6
ea03fc02
e3fb0f25
dfe10b02
4b31253e
0be9ed1d
08f7ff1a
e310f619
f01219e1
0f0901fb
0e06e6e5
dcfe071a
e7eef92d
ee06f706
feef0e44
efec0613
e816c900
05fa320f
f8cfbe1c
4f04f5cd
e5cbf10a
04050a14
18f9febe
09e52842
1dd0fe0a
f80616e7
0d062cec
c4b6f4f9
f60c040d
35e00308
e3ef0407
061833e9
0ff10702
2afae919
0d1a0ce9
e63a0e51
e019e320
eb230306
2af4fa0c
e702081d
dd2af3f3
3733e097
04e5f8ef
37f803c4
0030b6ed
1d2ffbeb
16f712ff
fdd52fda
dbedeb04
33c107dd
f9dcebd7
4b0d0c14
130e13d1
81c801f6
d510011e
70ff023d
05fb11eb
0c06ec3b
f528e5f5
ef001fc1
0bdafd06
140af428
ab1dfebc
1ed30bcb
fa01f9fb
0f021b02
eafc080d
f50e03cf
f9f500fb
f9f8f904
e4070412
151d1e05
f9f5eadb
d9f0c3e6
16010df7
15f114f2
f2cbf4f8
c4fbfcff
2d09fb2c
0c27171f
e7e036ed
9fb3f7f0
db12d129
07d1fbf5
df0de4f8
d708f8e4
c00403f2
cd20c8ca
0209f2f5
aff11bcf
c80c0602
d21600c8
fadf27b8
f713fa03
07fb0019
2a1203ef
0841ec27
eaeca711
ea51bdeb
d120ec02
8103e481
cefe1440
1228d882
d10718b9
15e4e50f
040bfc08
f6e0d6cb
e31004fc
21e7e504
d2ff1009
f4eef832
e631fbfa
d401eaf4
dd0b08e4
dd1c3033
b824fd1b
d22f05d0
1dff08fa
05b8131c
223e0ae6
ea091614
30dac61d
222fcf1f
09d5f311
26f33ae2
d0e0f9f7
d119f915
4ae7eee8
03f4faea
d4eb100c
031028de
1bf50125
fa1ce212
deef032f
1718fa0f
fcb9f925
f60b1d15
cbf0392e
f0f9ca38
e716fae9
ef0bd41f
1d03f62e
ebe404fd
2f649c41
2825e601
2c25c6e7
f00d16be
f7e500d6
17ebe8fb
e6d0f932
f8fbefd8
261d5e4b
ded5140d
f8fbeec4
db02fedb
3020f212
0afec22c
7cfffbeb
102605b9
f128cddb
1e1ef0f4
4611f50b
07fef729
20f20016
070bfeb3
0bf7f9c0
0e00ebff
3df26106
35fee936
e8ca3813
e23dd6c3
edc1e3e7
201b165d
25f013b0
b333c2df
e427cd0f
f80dc7f8
da281511
e5f9f512
f00ffe05
12f5f022
eef704dd
42fe0ff4
1a0614e9
ded8e4f1
efd2e816
594dc522
375dfae4
0df8f41a
efe0f85c
aeb812f7
d7363dbc
fb0034fe
3bd23bfd
f00c0ff9
200202f0
0910e910
0df90523
20ceeae3
c31b3ad5
cbf8d40f
bb1114e7
dffb28d8
f110f5c6
e821053a
aaf9fc40
36f700e6
18d50629
f9020202
09fd0401
0002fdff
fffffefa
fe0106ff
ff01ff03
0304fe04
0204f903
bef508ee
d259292e
390ee0fa
d721f9f5
f1fb0e56
41f4fc2e
0ce40837
2431e72a
db11e709
140fe4f6
ea02c7f7
003f05fd
f9125302
0efe0c01
fafff401
e6d855ec
22cbe9fd
110de10e
e212ddcf
d3f112f4
fb1e0c1a
180e1613
f5fafa0f
1bd80404
9565e0de
e2ecf7e2
f214071c
dbee02e9
f4a319b6
fceeee28
1d0b1852
05ddc053
13e171f0
329af7f8
1a00d3c6
1b290a0a
ece5ea25
baf60cd7
f51f05e2
bfd0dd05
2e3e1204
d30cdbde
fad916f9
12e6ffcf
0bd4d1e3
ded8f1f3
ccd0ef06
03e5e2e9
06051aee
cb15fbfa
45f6ec05
00f4fa18
060ccadd
fa81ef05
31f008e5
eed5a100
17962a00
14d7e637
d9d9ff07
f5c007e4
e6dac73e
05f9021d
fdeff61c
1158f7e6
e900df05
10e0e9f8
05fd132e
0b17fb11
00081fd9
e7fa07fa
14f3feda
f3f9f8e9
1414d6ea
ff1f28fd
fc302cd3
24b4fae4
f70812fe
04d8eafb
f3e9ffce
e9eaa60b
c8bb41e8
f9fa0408
442808fb
141ffafa
f00219c9
fad90b3b
12cc15b6
081c1101
f9e219f1
0f1d13d9
fa040802
14000efb
d513fc14
1300fc16
f7d9fae3
e234c61d
20fa0a00
23ec29f0
f9d6efe7
dd24f2e8
f825fa02
ec220a2d
04df15ef
df4ddd0a
1405f1fc
eb100745
f704e9de
def7f6ff
18082c38
f9fafd31
24edf315
29241600
e8e2050a
110016f8
1401ef01
dffa07f4
1f12e6c4
d6f90407
18170be4
03c90b31
04fec9f5
d41c16e0
0d29f01f
70f4fc0e
0bd0efd2
dffd0c00
f9ef06ea
f2d4eec4
f607c3c4
0d18dddb
1beeca0e
28060001
c2494521
d33c1257
5ec808a3
c43e0340
4a28b4f5
00071709
03e5a829
01cd01f1
35dfc905
ef3aef04
f80efcca
df0a4721
dffc1317
00eb06f5
fef80400
0707f415
05f40cf0
11ec07f5
1dfcfe05
04f2f807
f3e5c500
da0137f7
14fe2221
ab0df552
d8d2f412
2c04f5f2
e11e130f
da2824d8
222512ed
d70eeea1
3c341bfc
4a140fdc
3bf51db8
10e40c39
f10b0126
323d0af2
ef3707dd
fc222ce2
12e32cfd
fd3e05e1
030af1d1
142703dc
d6cd06ca
b903edc9
f7ef20e3
14f70fa6
defcdef0
0af801b2
2c0807f6
d917e91d
ff1d0133
251a1cc8
faea0bef
fd0d0be9
1a0af010
02e6f922
090c13ed
f313fb03
0c24fa29
0fe7f7d9
fc241eff
2ffee447
22020409
032bf3e7
031e082c
32020e9b
e40cff92
01d5d02e
15e2d712
0dd245fb
25c510e8
3adef3ec
1b170ed8
0a2619e4
10cd07af
51c7f335
e71d0e11
db1d31a9
3edb9ed5
0bd3f335
d1072e2f
eaed0540
1a28122b
d5e8dec4
16bb050e
cc19c893
0e40b2da
d8f9fdbb
d5011c07
e116f2fa
14f6e41a
40d3db36
7f021306
0534fde0
000be1f0
3736fcf6
3cba0523
ef1ef134
d40aea02
ca14bc03
01e4e038
c2f034eb
f00ee90b
1c15061d
273a0bfa
23ee00c7
1022e7e4
f2eed5ee
e92ff9f9
b21dead6
09ea13e5
fef2021c
f8fc1a3a
ef170909
02040ce4
001fa908
172f1009
db0e41f9
f9fcd1fa
e10d06ec
19f508f1
101a0103
ef0b0cf4
0c392556
0ee84529
0c1fe7b6
fc36fce6
02f10a08
f624d4ce
d81216e3
0fc0e3c2
a43b2034
e225d1fd
db28d610
e8012119
1b03fef1
ff0b24e6
0602f2b2
d6eef9f3
c8ffcc45
ff81ae27
f7048412
03d2d23a
23dd1b02
073f4038
fbd6fa19
2d3e35ec
aee82bcf
ea1cf012
00f4eb02
10392e37
19d115cc
248f03dd
2bdb2a1d
2e23d8e2
b23f03fd
1cd9040b
07d6e027
f32fdaef
f633f00f
fde4f80e
2c060a37
e0ecfe24
0102b5cf
cd033df3
10264101
2d1a19ce
f6dcf403
031c51c4
24f512e9
fd0ffa12
ceb4dbf7
eed2ddfe
ebf9e623
0b23f455
01caf817
f703f0fc
0bffefee
0ffc0e3b
0ce6030b
d8e6211c
06130e1b
05d2ffc1
2ee618c2
1ce001f5
ee0efdf7
eb3702f0
31df1d29
cb4310e9
e0cbb234
05bb05eb
e811f4f1
0b1af73f
0b0cdf0a
dcf30e18
fa8e1a12
fbf911fe
f90423df
08f3e90b
a1e4f7e4
fdd816ef
3ffb032a
1301fecb
090a0f0a
1a21e90e
0909fbe6
05e78148
03e00b2b
f4f617e5
f721fb29
2529f0e9
e9e01f27
f91ecb02
020ce814
07e316d3
f12ef727
f5efed1b
f9fe08f0
d8f4fbfb
08ec1930
07ca46f5
ddeb67fa
f80fd82d
0d1704e6
e4321901
212404e4
f6071122
2e2b16cd
2b1714ef
06f3e51a
f6c31230
0c2801f7
f60cab15
021fdef2
2410fcf3
1dbb7ffa
e5d0f9dd
10cb10d3
27120616
0cfe26fa
1127ce0b
08fee3ec
d5091a57
da1908e7
1ecbf408
18e00509
1c14f40b
65f00c4d
f11320f7
f0d2faae
3f10fcdd
5b83d42d
071a2b06
b820ebfc
dee73715
e5060400
13040bf5
00fb0feb
f10af6f9
d81e140b
0913d0eb
e6fad60f
fc1fe508
12ea1416
310c092e
f606e6cc
baee0310
edfb1d12
04fcd0f4
03f101f6
f91ff7ea
cf06fdf1
e6f3fef3
eb0b00e4
2ff5fa22
0f1f0e05
ff06ec00
212411c7
3df922e0
0eec11f7
1f07f7c7
17dbfad4
d820fd32
f4f00b12
3bc704fc
ef24e10a
ed22141b
2b1b0216
de15ed22
c017f6de
e61ff22c
da02fae5
f2fe28fb
f8f718ee
11040ce8
fb1c02f7
0a21eff4
fcff03f9
00e6ffc3
fc21f2dc
fb2f3bfc
06f810f2
15ac13fa
442009ec
e1e62528
fe030ccf
d9370c1f
e034df26
0521f7ed
0b39f805
1aff4a13
06dbf3f0
0afef8e7
06f10003
22f7f846
484b1d4b
0e2a09fa
29f4eac0
0b020e23
15eec90d
0edef9eb
140cfd26
eee31a0c
0217c4e2
2f190f25
e7eacae2
0518f1ec
ef017f07
e11f1e07
10cd0d13
f09fe7eb
40ddeebf
25e8e807
d8e2da25
1fcf30e4
d0d8f4fb
01d315ff
b01118c8
27fdf812
14fe09cc
f012f9ff
de281500
20f6ee02
2607fcfa
f5102b5a
0406042e
c217eb26
fc2a1c40
f44608fd
edeb2eda
e4d6faea
c01d090d
02111817
fd1100ea
5e000f3f
fd123cdf
cce10916
eafbe012
380611de
0ebd3581
d82b1307
0d07f31a
3be3db2a
bc311f1f
3b2ed71d
08fceaf1
e3f50921
fbbdf809
15f00d25
e8c61647
d4f2013a
ade1ffee
0d0230fc
4dc40bfe
1c10db0d
d8290df1
d7e3d5ca
ef02fcfd
02e6f7e1
f02810ca
f1d61b7f
fecc8130
00bb10ed
2bfa0feb
1ac27f87
2745810e
270d03df
813eb818
11f0460a
dd181e0e
eabc0715
36c6fd08
e13ec401
1607f81f
1405fcfa
09dace92
f304e5f1
06ef150a
f9fbf0f9
fae9f804
e2030b0e
031bf6f9
fa2efc09
08e9f6da
dc01f900
0c05c5fb
1a11f0ee
fb0804e2
0afde5d4
21f20c39
07f10bdf
0525e316
e3f818f5
e3020f09
20e601e7
1b090801
0b0b0226
0c0c09fb
01faf5ef
e7fa09c2
db1feb02
fe1c13bc
1607d0fc
db4302f1
e5180fe5
ea10f9cf
fcf206e7
f9effd3e
32cb18fa
5a0cec14
fee11400
09d5fff1
0702d105
2a11fddb
ea0a001d
9dd449e7
f8013a10
07f8fe2d
1f0ef2b5
03b90b34
02b2bc20
2c1ff737
18f4f85b
0a13bc0f
02560201
eae0fef8
ec2e0811
caec02e4
13f1d2c6
43f3f2d5
48f0fcfc
0bf0191f
fd232215
b117fde4
14fe013b
14f5fd26
f7111eaa
de0104ee
15e821db
f52b7320
fa0ee6fe
1104260e
03ffe219
eaf7ede9
11eaed0f
e8e7032c
a90b09dd
0cf61bb5
02e9e707
fcd92bed
e90ef620
06edfddc
f5eefcf6
2116e057
fdd70009
e7db4b2a
39153ff4
25e7fbe8
00291af1
f53ef9f2
1f2ef4cb
2b0d0a06
25171006
990fa0f5
11f5ec01
25ece3e0
f11c2208
29d8f900
eb4d3af4
0b0b022a
101301c8
ebeca5e8
ceed26bd
110c2106
fd0a01fe
ff520a08
07b00c0e
0802f8e4
0dfdf2d8
96d903a1
fffb1e1d
c5133250
03001de7
09d4f432
031dddca
e318feff
dde906df
3dede1e4
d4134906
21eb0be7
4af62207
c5090d31
0c150dfa
f90709d8
e31201fd
fe0de5fc
071f1e0b
0a122329
1adf1ac1
100b03f9
fee9f516
ed15ffde
e2f20804
2c0cd2db
1d16be09
410ff24a
22ef0742
36120801
eff20908
ff0416e8
e8290aea
ea08f912
dfef21ff
2208d4e6
e5bc9cd7
0df9001f
0def04ea
ddf30dec
070800f3
02120338
f524cf09
fa40e90d
3be705fc
1ae0feee
f417ac3c
341befe9
1d010602
ffdf2524
30aafb51
1358c6dc
f63322f1
ecd3defb
f219d8df
e7fe0321
c01e02d7
fd471281
ffd0f102
34012f2e
020d1df8
380ffbe9
fdf71919
0720020e
0d2bfc20
43d92526
f006ee0a
12d5f31c
04de2913
d9fa03f6
ffd001f7
08d50c44
140d0ef5
1f0adada
37fafe05
fe01c0fa
01c3ed19
dbf7fffd
04f600dc
06f402ec
15df013d
fb451a21
1121e5fe
fa11dbf6
1cd1ee07
e4e6f712
13fbfb08
030b0526
3812fff4
dee11e27
e63133f5
3611fcbb
e5ddf7f8
04fbf9ea
04b9f61b
270b1231
09f304e8
efec1e25
f20709fd
f70df415
eadef2ec
1ef3001b
142e0835
0409fb1a
0d14f534
08f20506
01fe00f6
eb0b00e7
0417e9f8
f21d03f5
06de071b
43fc0219
1718fee8
12e7d4f1
e6251b05
15301601
f1f81523
1029fcfa
d111f837
d0fbfb05
003009e0
d30be603
0a230607
fe2c0813
100b2a01
f905f914
051f051a
f9f80ed8
f20d1f0a
23131d0b
13c5fff3
fa0df911
0d0f2102
300c060d
e71d0210
e40d0a08
0b130723
f916f8c7
d504f0ef
edd41ee4
0b26dff1
15e1fae8
0129f3d9
0907f93a
1c20fadd
57f1c5b3
e506d106
253e56f3
16b8ff2c
e9e5fe1d
e8ade6f8
be00d3c9
062bf20d
613b0fa2
28f00ad7
e21db00b
1d0deaf4
dde409e5
22ad1ff7
b901ef29
fade0038
b5ddfeb5
ea18bde1
42feedf6
16ee16e1
eff8074a
df45d9d4
24fb010f
14120b0f
c2160f06
deb805f2
04c4d0cd
e7bf0e00
00df0313
10e3f313
c30804f8
18130456
0cf2cf28
2e43f1e0
96cb195c
3ffbfd0d
04c40715
df1d4655
da1416f3
fbeb0602
06cb29cf
e61c06fd
5d42f91b
0505cd0c
dc2507c1
e41e2042
e712fee1
e4da03df
f715c1b8
dad6ca11
f43cf635
cf001dd3
df21020d
01f5e9d5
2ef60b2e
031605e5
09f91638
e6ebf8e4
fbee5c3b
f51ab6e2
a1d812f5
36a4509e
b83202ca
f82307df
1bd0fdd6
1d110507
21050503
0915fcf2
f8e4fbff
0b1f0101
ee02f9fb
08fff9f1
08f6edda
140370ea
f02dcddf
f910f9f1
f5250bd9
003cf12e
ef18f730
c20cf855
15c8c3eb
e843ede7
28e74e0c
02c21302
1e2f081c
b90d2605
10faf0ff
cae8f523
cdfa4dd3
36059af1
f5f9e8a7
092e19f7
db14ff5e
f6f0083b
13f2062b
16edf0f1
e415392d
fe1aa7e9
fecbb8f8
1dfe13f1
ff3d07db
04f6dcdb
e1f1000b
e6f4fb4c
ef27f3e8
4c1dbcf0
da27c753
22f3db37
43fff60a
1041d2fe
eb1907e3
fb1b11e0
081ecfc7
f2e5f207
ce21fbd4
e1d0ec0d
0103f809
e7d8eb0d
2410fedc
1ffcfd17
e4f51d21
0e0de11b
fcdffb9b
eef2e501
012910f3
febce5cf
fe0bfdc3
fc0bebfc
d3125614
111dd5f0
15fa08f8
1d46db29
1b08fe0f
03de01ed
e1de1502
0ad6fc1b
17fce313
fd07220c
20f03e2f
31eefc03
2bdc0be8
02fbf2e9
05f412d5
f3e206e6
fef1c70d
f116d0fb
3311df3f
093ae52c
17fb0bfb
07fb1c06
fbdff707
35df1312
e7f33be6
e5d8df07
10dcf933
ed0b0702
e418f834
fcdaee32
eaf400f7
bf200208
2b1a0a1d
ff3d0def
fdd4c54c
06feeec7
7f1d0b31
f02cd71b
39e80f23
d332de4f
d4640846
e71c14ea
57ea1ee6
f40bf0fe
02e506cc
0cd0f70a
00effd30
f0100df6
0dfc5119
ebd7d406
14ebcc10
ed0a0c17
991ffce3
c31b0248
b1f3f4e0
de34ddf5
2a3fdb00
0d00d306
f2f21b10
2109e618
fbda001e
f117111a
0403fc1e
29180c10
e902e94c
1f3315ec
bb0deb16
15403cdc
26fe030f
c9f7fbaa
ca06f612
ffd21720
c2ebbc08
052d7310
f1fb02ed
fee0dae2
020c04d5
0d01dcde
b9ef0902
0711fa05
323c4f3b
f02700f4
c0da0cff
ffb2dabd
0e07cb0f
d931e10e
fbfc0af7
e11d36f9
dad3fae1
db1b35ef
b912ebe0
f2e81bf6
49abfa18
ea121016
d805f116
16f1fb06
e5befe09
061e3618
962f0318
0014e63d
10e7fbfd
fdece906
eafa072d
cc0ff705
dcd7391c
0bff4a02
5200fbeb
d3dafefa
1a1a02e7
cb1e07f7
c402fcbf
31f8f615
212f1efb
0e2b32d5
080e02a8
844f24c3
79a7ff0f
d62d06f5
54f303c9
fe0bfaba
1655390c
e403e002
08f9e8ed
0efb0423
03def911
e9ff021b
1f0807ef
e8e0040a
dce90120
0018100c
2aeaef0c
22fee1f2
fad4ffec
ffefec10
dbf7f412
08d9ffd1
12f8f557
1b0ded0e
fd25020c
24010e1c
3bf7f513
fefef8db
f5010b25
06ea07fd
2c11d2fc
fe010000
ff0303fe
fffffe03
02020103
0000ff00
fd00ff02
fc0100fd
fefe04fd
e430e31d
0208ed18
c2030b0a
2219f810
1c0efbcd
fd18f104
effc1402
2605f300
f5e24c04
b70bd904
200d0447
15e30133
2127ddc9
2bfb12f3
11280ed2
0b091831
e9e20b14
cfe2e607
10fd2519
43d3f513
03141534
fe0e150d
00ea0542
f00bd2d6
d4d9dbd8
1210ec2a
22f9c908
e220ffe0
eedb1623
0a131449
d3fe0500
32030123
1aeae7f6
f0f9034b
a3e10924
f81b04fc
e32602f5
c3f9f9ec
002106ee
0216ee0b
3012edc9
28ea3e1d
fa452500
fcccf862
c5d52517
f30e00f8
4cf8fb1f
0105fc24
16e4dbeb
1d0af0fe
04e1f322
2af5fd0a
ff3cf6f4
1cfc002f
19ff00e7
1529b6e6
e9fee3fa
de03f0eb
f7f90042
1efb02cd
dde3fded
11d4051e
34171820
c9d1d5ba
4b266461
e9ecb8c0
3206337f
df7ff2f5
2c240a7c
f5ee1dca
1a02f9ee
1229f3b9
fcec1506
e2f7e6f2
0815f434
1210ff20
f4e2d401
280a00c0
15fe0106
d5d4382c
58e0e7f4
d935064b
df1df71e
21dbee36
33cf1cca
b3e8f605
10b0f9f6
14dd21fb
2affee0d
4510053b
efe106e8
dae802e5
07e2f444
f602f6c5
19faee04
02fe0ef3
09cffcf4
18160ad2
cdea06d9
f8f2fefe
2bf5f1e9
2e28021d
e809fb09
122c47e1
09ec2cfe
fa39041c
0af7f113
0ce80108
130bea07
301309f7
190b06e9
37d5f923
f91e1707
072804dc
0c141cfc
0afefbdc
caf80511
38030c1a
36fcf5ff
eef6180d
17fbd3f0
13070003
f8faf5f1
f6170fe2
ff0ef8f6
04f1fe12
fdf8f6db
0734fb03
0b210af5
fe0a17ea
26081911
031f0501
0c10e6cf
0722fde9
f232030e
09f16e27
1cdf07f1
08eadbf4
13ebc4f3
26f20616
0ff1def1
e7f90f1e
c20efe20
e61df9dd
eef3b4ec
e40e0dbb
dde30714
f31507fa
de67e9c7
f402fe3c
ed2df851
3cd9381d
16e806f8
0bef06d9
e3f60fff
0a10fff6
eeec0c0a
f014f8d0
e61e0215
13101a05
1b1c3a0a
1dbaef06
37c1ad16
e9fef4e3
f6dbfc2e
0ee1fec7
fbdedd9a
08e501ff
dc15e8e9
d92ae51a
12262ef4
02d70608
f3d5201d
e9e509e8
323d05cf
04d70a10
e60b0e19
d9fa1421
33810de6
480902cf
e3dd10c1
3bdd1250
1101dcf1
20ea21f3
04de1bcb
1002c242
07e4eb0e
3314fff8
e3f7c300
dff4f5cd
e1f5fb94
db26065e
1f28ccfd
1eceedd3
52f5f7ee
08f9eeee
29c90606
44fafdd5
e6e9f2f8
e303050a
fabb14ff
11d50731
e2050bfe
492801e8
e000dee4
fb0f1303
ce1d0c75
21fc2703
f910b0ff
5323e706
153100ef
ea4b03ee
233f06ee
f51d11f3
020c1103
0d18e31d
df301c04
c829183c
f2fc081a
f90cfc40
fe2a2a1b
1c0deeef
ed2b08b8
4c124be3
30d6f21c
f3f418c5
04f7190f
cb02093f
0709e409
f122f106
f8e30502
dedb0c21
07dfda0f
302bcbfb
1bd81df8
2de3022e
ef59f7f5
51f800ae
22cff5e8
13dd1314
31f2de09
fcdf29f2
d9f238df
fbf1f61a
03edf60e
1a17fe07
70d00a67
1a1b02f2
1f11ebe4
15f81e0e
f3f4ed11
dbea0ef9
f310ecfc
2afef6fc
f107fed2
f3fde416
f9e5daee
f318df37
0e10e015
eef31003
f50007c8
ef1b11cc
12e1fcd8
0bd327dd
0fc6a1ea
cfe0fdf3
e240dce6
352709cb
dbffc7f5
fbf9fb22
07f10c22
f3e9e3da
0d16ebf8
1e05fb25
0702d8fd
07effdd8
2009f904
0d040931
07db0114
1a0d15fb
000f600c
59810216
f2226d10
cb0904f4
dfc7d9df
e303dc39
afbb2aeb
fd0d0a15
02e7e9f6
07f2df0d
01de07ff
f0dcf30c
17d5f22d
fb21f4f8
0cee0c03
12f4f1ee
2314f50d
c2e61544
0b4e1ecb
1a3af9fe
ebf912d9
f70a02db
f80f05f5
d8dad81f
1ed6f2fa
cce533fe
c10108df
5a3f0111
f7ba121f
05ea021d
e7f60618
bae513f4
291621f2
23212324
d728172f
28f801de
f137f80d
1c08f42a
151b00c7
1d11ebdf
0c02a907
c6dc1211
f4ebfacf
e3fbee47
e8c00a08
1f1500e2
d0ff0327
d70c19d6
fdf3cd16
ce35ea1a
d1fafb18
dbccf2a6
f0d5e60a
41de0bef
00e1fe03
ef30eef0
ecd53def
c4e8211f
fa0c0425
cd2607b7
ef102106
13d5040c
d801fbc5
d903fa2d
03f411f5
cedbba0b
0af4ea06
fa41101c
fd000ef5
fa29ff39
24b2fe67
e7f6c146
fd21f4fa
c42cf51d
f905060a
fdf6040d
23170124
321b0c1e
ddf4042a
081412bb
f9fa030e
23331020
fd01eaed
f22009f3
fe14eb09
1cf80349
f7e704d7
0a08dd2a
0607e3d6
07bcff40
00d214f2
c1130103
e4e1bec7
581811fc
1b0afdbc
15e523dc
faff42f7
c230d4be
f93bf1ee
e0f605b6
090832c7
17e20208
16ff0de5
1ddffa41
f6d80008
fb0afa33
fe11fa0b
d9ff02ff
f94013f0
f8f801ea
0013033b
f6fbfffe
cd1c25e8
03f9c003
e8f7e517
dc020ef6
17d81339
be13f102
0feefad9
3a3c13e9
e8e4bdf2
2beed10d
000ff9f1
f6ed0211
08181432
bdfa05f7
e7ef0058
07e6fd18
35baeb07
2422edfb
dcb1e602
cb30f913
212dfa18
e9de12f8
ffeaf0bf
ed0d0d3e
f3f31fbc
fadef1c9
f3ed2748
ded83d0b
0a160ae6
14201430
ea1302fe
b230f313
2a071c02
ae1dd9b2
e23124aa
ad110203
38b21308
f6f203df
50fdfc04
edfc4914
b24afcf4
1dfae9c8
e4d82bff
b3061d38
15050617
b208ff04
1c4e1234
e10eddca
c3f4400b
c703eaf8
1c1125f9
26d9fe27
d3c1f3be
dd1efddd
f4ecfb1f
1933ee39
04f82107
08dd0af9
091debff
1fe1f929
1b230303
04e7f720
f812fe1f
39130bd5
f034f213
240e3506
e8021ce8
032ef014
fd51d6c8
0e0310cf
590cf362
0fb4afbf
e4f11cfe
d01505f6
f4ff01f8
e917ff27
fbfefde7
01fb01e9
12f30d17
fd0025fb
fdf7ea04
2ef9df03
fb0617ea
00fdf8f8
ef14ff0f
fb1cfcfa
faf5f906
0d04d9f7
f669a815
1af50ee0
fcd3f237
01cff221
d6e4eb83
3dd20ce1
0cf4e520
3e11e2e1
f6f8d9ff
10f0fbd6
f5eed721
fc12fee7
25ccf1e9
360305f3
e309080a
2a24df0c
dbd3f122
02101dba
c028120b
dff807f5
15d5062f
0b3300f2
c6ddfca0
27cdce1f
ed214612
1c04060f
e6b6eb1f
cf110524
1e33fb12
1cffed19
1e06f4e0
e3fd2939
16d6fef1
15ff00eb
0b1c00fc
1007fc10
08e50637
fcf001eb
f2fafaef
e60016ce
da0ed7f4
e0011d03
fb10f4fa
0ffefed7
1009ce26
cb05e324
f0170b10
eaeb0e2d
15260402
faf9e7ee
ea271602
04f706c0
fb0c0be5
210303f7
f4e5ff21
d70e15dd
f9fc4f23
0f16d91b
031ff112
d84e08f3
e917b503
d4da0858
32020719
f0fab123
1b090410
12ed32f8
fa031cff
0608f1d4
f33e25ca
f20c090e
21050b14
3ae8c12a
04f4ff14
fd0f16ff
e8e2f3f0
d2240725
dac5db21
fd00109e
1815f207
f6f12726
f2e9e9eb
e4163207
f9e3111a
e0fe0ae8
1806d306
44f8fffe
0d15060a
49e10dd0
28e7320b
f6ff2515
fc3817d6
ede405f7
0e00e4c7
e7edfafd
ce1a0117
10fe11ee
e0de1bec
02f4d8fc
e80adefc
defbef1f
f22723da
dee106e5
cbfbf612
e9010012
110e18f5
04ffe9f9
0930f0e0
0b0c03f6
0af8f808
1a21f6c9
02130a0d
f8bf31b1
14ce08d9
170f0427
131710d8
00311413
b9de1925
0f060bf3
053a022d
22ecd9f0
fd1359e5
e9da3430
f32ffadd
38fd1735
3823f908
f8020ffb
d7bf0997
16310f9b
160ac3f5
9ae8f3fd
080efbe8
0a2606cb
12e903ec
efd0fb0a
f7d90ad2
263c1a0b
2ce200c4
4f48d4f5
e9de3c0d
cbbf1b27
e9f202e1
c8c60045
daf8e2fc
ece5f02d
f7175d0c
d8233af3
19eae8f9
d804eccb
fb0441ee
daf10dc7
da080667
9ffd44ee
e1db2410
e72807f3
dbe9dee0
f4f9030a
e0d5dbe5
03eafbdb
0df7f225
15cd0304
f40942db
f1d606e2
fc07fd02
200cd2ff
07f22d10
ed1b1632
f3e487fe
030fd32c
f00acf12
4523da02
2b09def0
cad8e7d5
0b090c19
e915061b
0cf1e738
08eceb22
07fbf4ff
3fe1fa15
030a00ef
10da1e0d
100fd611
2e02eeef
d92df610
1112bc4b
ecc41808
f382dce7
f5451c07
04fcaf0c
1af1f927
120d41f6
0ef112f0
12bbc623
1afcde38
d22f18e2
bbd2fa37
411e3509
2207eefd
f94c0a1b
c141eee9
47e80d85
e2fcf713
54a429f6
13ea09ef
f814f702
f6f2f4de
fffd2cc1
160e0513
e515f223
e41008fe
040df605
2a0ef9fc
fafc05fe
1fe2efcd
0703d6fb
00d3d414
e8e90007
18b40bd8
143a5b26
e23f00b9
812e1bf7
3dfe811f
011e07fb
dd2d1e23
dbdd1105
c91c0e29
1bbf10f6
bf3cf2f5
e314f604
12d925d9
05ebcf20
cc38d400
0ee6062a
e6deeedc
a3ea1738
1d16f6ed
f8191a0f
2ce5da0f
c6f03bfb
6a1d500e
ff161f0a
11fe1548
13023e12
f439e1fb
0c16f2fb
2cc81900
0752a3f2
07e62c3d
3f156b0e
dc240ccf
0235bc09
1ffb2a09
ffc035f0
ff03fa41
0beef51a
d83dfbe8
1813f8c5
eae9acee
f4040e00
f73d120a
1df2ff08
cb1cf624
0917342b
220cd004
ce1ef5d0
25c4e816
e306f410
101b0cf1
17080ff5
22f3fe1e
26e73917
1249e5f9
ebde1ddf
ddf1f6d2
21b2ce0e
81ed3ce2
f6e9e8fc
f5db2aa8
2fdf126a
29fa4d0a
b2dbf513
ecf5c82c
52e01012
f1d6e5fd
f5fdff0a
14f40def
aef6c0d5
e7c6fff4
1deb07f9
bacaca35
fcfb0fc0
4e81f011
07aedcf3
d1f9f5e8
cae2ec02
f812feb5
1d4af9ea
f2fe0fca
01cfe4d5
f04e23e9
f627eb0e
f226ece0
e0370512
b9ffb115
0aba01db
10f5daf7
1d5017dd
b150f820
18ecc908
0808cf3b
15c610e9
e7dd03e8
2c2aa6ae
03ac0aed
eb33efb1
09f7deeb
0315deff
e7fb07ec
ef11292a
061b1f43
3507b6fb
10e3edbc
13f5fee1
fc00004e
f424fd12
0add16e4
d9fbb4e7
37e521e8
f1bd1cbf
07c44338
3afedfff
cbe303ff
c6d4ea0e
01fe450f
de02eb32
2b15b50c
d932f612
1544fbf3
d546fcfd
141c1a14
08dbadf1
090ff2cb
d71afd14
20b6de04
fa330fe8
1a1bbd42
18fd73fe
afec2534
fff7bcf8
81bfba09
0058ff31
0dc4d21c
eae3ddf6
29170516
ec37defb
1bc7f611
0134e007
edf0f801
fe033728
f01b27d5
dbec12c6
124bfb2b
c74502bf
2e080916
f3e4fd07
0ceff8de
36cdc12e
f40b2e12
2a170d47
1d1f0506
030d0934
d2f91fd6
e32606fc
e909e812
10f0fd29
e6c7c9dd
e36208e9
d1ff262d
038bee1d
1b191ae5
25d22919
f2fad41f
e92b0419
dd1504f5
e328f925
06feffd9
ed0ef00b
f70505f6
f7fdb61d
3ffe0d04
1af2b537
2ee505f4
c5d9fcff
f3c8ead7
14d5c06c
b0061ebd
f4d02af2
340bc7c1
f0e8efec
36f5cdf2
111fd8da
a1f9fef0
440217f9
c6a9eff3
03b9e511
e2eef60a
25e4ac09
eaeb01fe
1ef0dade
101a07be
1742edd5
f4420af4
eb07de00
e1231beb
382bcbfb
d9eb0f34
e2a21d3c
031c3ce1
2c2821f0
e5fa0e18
f9120bf3
ed10251e
e50214f1
ffe4270c
e4effb22
f0fe2905
f4fbfefa
eb01f010
10fa048b
181d0620
0efb0801
0b07feed
1de9f4f8
20db17ae
db3bef06
ec0cf4ca
0704effe
12032b29
211e2ff6
04ecfd0c
e926ffba
0af909d9
facafbbc
e504fae7
28dcc808
f40eeb2c
0b3239f1
0ef43ed7
f4d22fec
de000ff7
3cff102b
2b2af2d8
3af91200
fefde740
d116eec1
d6fd0ae6
e32d02bd
30fc39a2
280a0e05
7d37cef4
102bf70e
1e3dd7fb
c9020121
f2e9f3f8
c9f317d9
2d1df0ed
47d41012
f96503c5
105036e6
e315ff4b
3610dc6a
e5c4c246
ecae0abd
e1040810
18e5092c
f7d8d620
eef719f1
7f7f0a16
13180b17
030449d1
2b0d05e0
17e0ced2
dde8f7ef
e50524ec
f3e919fe
1811ee35
eddd2711
cfb8cc0f
a318c6f7
e937e428
2a132527
0411fac4
f1fbd605
0dedfcd4
e7132f04
021101df
e031fcee
f86e2c08
16d117e8
19c61b46
0c2c040e
d81b25df
dd2eafe0
17311745
fc10e3a0
e91218ef
fafbb409
67151624
2727fdf2
51f2e9ed
f00c02de
011533d4
c9e7e32e
1eedfce0
09def666
251505ee
19dcb9fd
16e9d81b
f7f9d959
2452d9c0
efc102ea
0d0fd0e0
1a07cd14
21031905
0f010a0c
460019c0
1eeb0964
faea1b09
26322a2c
e53df00d
122524ec
12e24ced
cff8251a
3827a548
dde7f6f3
3bd84265
cfc0f82f
5236d0fa
0c2cf600
dfad060d
0518f306
171adee2
430ce3a1
1be3db09
f7aa11d5
2d04fe18
2ebdee61
11ef1415
11d9260f
ef0c44fe
ed16e808
f6dff3eb
051a15f1
f615d72a
c4141e0c
230217e5
ec1e19de
f206fa1e
d639f200
c0201af8
ebf820bf
26affb05
fdfc21f9
1b930815
f2211d0f
16f116c1
ddc60ec7
c528e406
16fffdc5
d4f419ea
18070a0e
ec190cea
08d8fff5
02fe0c4e
a4291c90
371a2406
9f8b1700
01440d15
cee61519
f9eddd29
eeecd2f1
20f6001f
fcf2ef1d
27f61a05
ed56ec4f
08142ecf
e5d10c08
3630172c
dd3833f3
e42027bd
ed02f739
01ef4c30
ef19cb07
1cf1d61c
2bcff21b
07092de8
0a01c507
b1e51404
f9f3221e
0210f9c7
d4fb3bf5
26bb132b
3eb3e002
ca14cbf1
ed1c05fb
f6dadff4
33ead413
e3130f18
14f5f033
23ebe6e6
12f803db
2f420910
1c3cfe00
f02325fb
f3b2dbe2
ee093007
e50026fd
dd01f915
eeeb1e2d
fcf605d9
0438f2ff
25ee4b22
34eaecac
eeee20f3
ea0dec04
0601db00
19ffffba
1031db16
ed2901f3
06f2ffdd
3cee291c
cf19f5fc
dc47ca08
2debeb0c
190f13ed
50f70df4
ffcd7f16
bb19e803
fab91cf0
090afdf9
ec2f03e1
2c1a161c
01e3d100
f21a2737
02f00e0c
0222e7ee
2c38ebce
f3062012
f6fa22c4
2314cede
29f86af6
ddf5dad2
3c3f06ed
e000022f
00eff80e
1a23e9f2
c7160eeb
d735ebf1
fbcd08e0
e2cef544
fbe30f02
1bf9f9fb
c4180026
f7ef1eea
992cf52e
f7f5fad2
e40bf6c0
1721eef2
01f9ee10
34e3f502
2de8380f
e6220907
0ac3eb1f
10edb9e0
f300ed2c
f6b80bca
0616f5fd
fd04072a
f0daf541
fcc6e5ee
0645e4e6
d955c9da
f307fffd
0bca08be
17f6f7f7
00fe0ed4
1d0ce4e6
816a0d20
bb380ff5
1d0ed5c7
f5e9e60d
3013ea11
f10311e7
ce28f31a
31d24a6f
e4c5d314
d4d5e92f
fa1af3d0
2e24e807
1edede3a
15ef0ef8
11e2d22e
d0f81ccd
f3effd12
3f18e1fe
d3450e27
b6d2e9ad
0df30f08
23fc0bff
f5fb0c17
eed53c1a
04caf436
c62c0af4
f3e0e2fa
19ed0acf
2f2dd8e2
01ea0703
0efcf91e
3b0aebc7
12b0e9fb
201f03c3
fee412fd
1d06e9e5
0335f118
f810fefa
26d9f6e9
fc021b13
0703daf5
0b45c59e
d7eaf9ce
daab12db
16d121b6
ed03da03
e029f51c
17404d11
04daf5d1
fce44ac6
f635171c
e1120446
fb2bec0b
c345f113
14e81f3c
f0154ee0
3bef1bef
39b3f8ea
17f8d712
0409da0c
f2fdf4e9
03fc0100
d7060600
11f4faec
03030bf3
0310f40c
f3032600
ee2d08d3
023afc04
e210e9f9
f51406f2
ef26fefe
fa459413
e0eef1e9
e81c49ef
b71bf630
2c2c0811
1507ecfa
07eb06e7
02ea5139
e2f02105
2c092dcb
30f9df2e
f7ec07d5
f8dc15d9
fa000503
fa07f32b
ebf304cc
30f24716
03e00f04
4256ca0d
35dd190a
fe1d0bb5
3000c512
2a0a1efd
47aee5e5
f622fbe4
cba8fff2
f60f2cf4
e42bce35
daf6f30f
ee4f17fe
0f002ee7
dfe915ee
2df0c8e6
d3f21bc9
11ee031d
f1f337e2
062dfd03
0c072206
23df0216
03e0c8d9
220fdb35
32f26c07
2623da24
0312dbf4
fcaaf617
050114f4
0a02f547
2a1b3fa6
fb18131d
09c4f22c
2a1eded7
d2d500df
1ed10f3f
f805f3f7
eb1a11ff
ceefdff5
163bdcf8
ebf3ef20
e50de0f5
d04a13e0
50141117
4407f30d
07f80313
0309fc04
05bcc60b
f73d3d1f
07da2315
a52ebc03
0b0600b4
d4040712
0704c69d
ebfd0114
34febdd1
cbd4d04e
fb2ef926
125bf7f1
2412e908
04ddf301
02e9b3f3
13a717ec
1efb060b
43140dea
1610d0f0
ee4e0b03
1a4003d0
1d1a1916
0a081ac0
ad401437
e80c1de7
1715a50c
ec09edfe
e4e9fed9
22ebde3e
e2ecde21
12ee053a
f3e9f301
fe05d6de
04e70f19
0dda34ec
f709f516
ffcd1dfc
24f1e20f
003bd904
29e305cf
d0fcd320
f50de81c
f2e6d1fa
ec1e0a2d
d0de0819
ee2828ff
09050021
014c332e
f510dd12
0cf408c5
0e23eb0f
27092bff
fae5edcf
09b61708
1fcbffe6
fcd6e4bf
d62de8d9
0225d914
0807bf3f
14d4e3de
f92c16f2
f1003808
0c0ffa42
ff322553
1554e5c3
ffefed69
dcf2ed41
16ded8fd
fae84433
f4e13307
2d09f13a
0802ff7e
02d1fc10
35f1ff29
0719d2ba
0206e40f
fbea0b0d
ebe02306
01140619
28ff0633
435104e5
eac2eb1a
0605df16
ec0528ff
e8159adb
ddd9eef9
6a7ef99b
16e9f902
00d6ebfb
cc0b2e0c
fa102409
d6253926
1e41f400
111cfdeb
fef3300d
011e1734
32304231
01492034
3405feab
0032082c
3de90a10
00f8fded
db24fe1d
261af6f9
e4f4f702
7408fb16
e9021ffe
d337e40c
e2bc0501
e31efef9
f008f4f4
15e3fc37
1a1d0113
1041ffcd
f8fb0cc7
05f436cd
1d11f402
2cf9c913
2deb0840
db07e813
51ea22fa
ef35220d
001ed624
0437f610
12b80d1d
4128b7fa
e827f147
e733f51a
1b2b0df0
b0da11c9
e3d41bd5
efdadf03
4dceed21
ff15bd08
e40025cf
bf45fd16
35f024f6
eb9f3d5e
f0f2fcb5
d4380fcf
e304003c
2205fef0
0e010a32
de241db0
f304e81e
1f0a17dd
00be02cd
e82019e9
01af1e12
ea2e0307
0ef71bfb
eee036ee
f3f720f4
013ef006
d8eed638
f40ade1a
fc580de7
ea302312
1efdccdc
ffd50ce5
0a11feeb
fdc33f23
e3fa0720
033c33d4
156b01ea
f02d2805
20ec2e03
2b0025e9
2bf7dbd2
0d053003
2ded1c1f
f70b221f
074a05ed
13f1ddfd
06fcfd1f
02211dd1
f8ebffd8
f23210d5
13025917
03d3001c
16c035fe
10c42206
0613dae9
473810f3
03e51424
ffc9fc13
f6154901
1e01e6ce
fb060d13
21fc2d0e
f2eaff37
d0dac3bd
c3d2cce8
32f400f1
110c32d4
edfa1bf0
05cc0a2a
f515e4ff
f00a1b40
1813f627
05ba0617
4f2343de
efb90e0d
d1fffdf2
f522f7fd
f2d9f3f4
eb0b09eb
ef27d833
26020e01
e334c7ed
c21ecb3b
1cfd1cfe
1feb1ae9
2fe4f2ed
2107fbdc
dce34bef
260bc821
69cd0607
0908e415
f1e95bc4
c1caf51e
3ff10923
20181bfe
1d41e30f
0a143911
130c0c47
e00c58f7
b828f8f1
e0001ce6
f4e1130d
d0f926e6
202b34ee
1aeb1007
c94efe24
0936f44b
14751510
0d161b31
e80e3c03
21f616f7
1632deee
a3db08f4
2e342118
f3fe9c11
121c7f23
0319ea0a
ed0dfe33
f0f414eb
1110ffef
f707e91c
0c100409
17cd0ffb
24aa240d
dee50fdb
d51cfdfd
140efeba
168af8bf
480fe717
d31b1217
dd220abe
33e2111a
16f1f90b
f626f310
09e6f4ff
07140112
0bfdd4e3
dbfe19fc
f8ed1401
021def53
fa062c03
0cfdf9ff
d917ffc1
fffbc933
e50501f4
98c65bbb
c6bf2514
0117e5f2
f5cb00d8
5eed1c10
73151bd9
03f6f90d
28e2b614
181918bb
feca07dc
00f60826
07fd0224
e814f4ff
0601120d
f1ddc8d3
15f0c6f6
ad0c1b1b
15f299c5
1192fb1e
2a96ef13
f21f20fc
d0411fe8
01baeb09
e7e3e614
34e932fc
100eff0d
ebfe01f8
feaffac2
00e9e5ff
0f0605c4
f5bf1a60
d9fcf3f7
f2d4052d
ead22d15
0122d531
edcad3e5
20f42804
17f6e217
e934d4cb
fd17f5fe
1e1b33fa
c69c3b0e
1146fd1e
1cd5f6d1
0b1fd303
fdede7d8
3fc50bdf
eecdf10a
2bf79f1b
0829b9f5
eda0fb5d
f942edf8
ed1ddfe8
fd1ae21f
dc20ab14
e8cb1cf9
1b09f662
ee1f2b15
03ee13ff
f6edd239
ff1b05fe
1de6cadf
18a715e0
05b62d0d
2c18fc00
fb1226ed
38fe1b0b
eece02fd
f22ae5f2
c9132eec
1c9e0164
ddcc2107
405109e3
d2f5a4b6
7c13d499
b19d44c4
bb5269fb
d1314b6a
96f11822
26f99fe3
a9316003
080cedec
21dcf9fb
0f000315
0201f5fa
f31120fe
18e22e9f
d5f82515
f1341425
06e5f03b
aff808d0
0639101e
f80fcdf8
d11cf42f
fed1bac1
1b0c05fe
d95b04e0
05cade4e
f30a0d0f
20d9f9df
0f4be1ef
09fa2bf4
f4cb1cbc
e1d8d7f1
0fb8f71e
3dc0fd2b
f438f0f3
27273130
09faff03
31000312
41fdc9fe
0dd23bee
e8b40d2f
18103afd
11c4dd49
ece10430
eaaee1fe
f3f100aa
bbeee9e5
fd0bfe00
25101349
1df9fb9c
f3231ad8
f1e501d3
ecba070d
16dc240d
17fe07bb
3026f20d
07fccdcf
fbfbe808
d60e2c1f
2b2ded0d
1901f511
edfffa17
2121d7ed
1f10c8e5
e004b991
ddf2ff0b
16fd1411
cffe05da
13e5fe0e
ff01fbe8
203df2f7
0ef8aaf1
0f0208f6
fdfe0902
34e6f80c
f82ef45b
f523fa14
ed0ee316
d99e1c22
120510ce
ef40ea29
0e340408
1c1a2b20
ee4f00f3
ff091913
260fff0b
fed91120
c6d6dde5
e04fc54e
b11f3df7
0be33e4d
201a24fd
16f10307
ff03b2df
ff22d041
25f9e7e5
a41e0b0c
00101fdf
13280ef0
0c11f505
0ffab7f5
1ceabdd0
1df2dcec
f5022504
28bedd0a
ef0a1223
27d9e629
00fbf300
fb35f0ff
24f1f610
17fb2a20
36052af8
073239da
29f50d47
1a16030f
0ce3f333
ff1a22ee
020bf004
4e2a1dad
4026fdf4
0afa081e
d430fdf8
cd19fb1e
eefb1fe3
00edf0f8
0006e807
0b2f37fa
b2df1f12
4f24ce71
1ce0ee4a
10b6efec
c8fe0fbd
03922c0c
0d16f5e8
29f2e514
f7c61fd6
dcee42fa
010001df
05d709d4
e82945e5
0d20fefc
ee520116
bbbde742
d5078ffd
263419d9
06d1fa07
ecccfa07
2bed12de
02c4efeb
d70cefe3
2910051c
defc1df3
2ac5e9f4
d90d7dc9
d81bf53a
26f7054a
f8e7e0fe
f3f607ec
d52aec14
2302f509
208dba0b
e80bd1f1
11da0efb
9636fe23
d2291afc
210000ca
b5deeee1
ddebe4f7
69cafdd5
f639e6bf
e5cd100f
0154e651
f302c3ff
f51cf015
4bf4c30b
fe2c0808
1efdfbab
f81307cc
ebba05fe
33f3ee00
092fd6fc
21f7f4f5
221e09ce
22122c08
ed04d816
fcc0dc06
f74ffd3f
10ed0ceb
ef0115fd
0f070524
e7113bd4
cbe0e6dd
09110ac0
11ce0a01
03d5ebe1
e0e719ae
f318df08
e72edbee
021207cc
03e623ab
4af2e140
e44017ce
e2d41fc3
dd36fc03
f4f70c11
e6010df3
f7015cf5
093afb06
d5cd1adb
0402ec06
f1a4f714
04f6f22e
29eeef12
e808f7c6
e2f83517
ef11bbec
11f1e5eb
f80f131e
37e418e9
0c0bffd2
050f16f9
0f0609e8
ef27e93e
c9f24200
06cdd8ed
e9d909e9
0101f8ac
e33c0e0b
1efd0008
faed1921
da30de65
c70ec2ef
55c8df1a
2602e638
ea8f2feb
fbb219da
02ededfa
1ef13136
ffdad804
28513b19
bf00f0e1
0de317df
c4e92ff6
48e0f6d9
130e13fb
00f8ebe2
dae1f808
51e7e3dd
02e51be0
f41909d4
edd996c1
ddfe07de
f02ef5f8
58f39bbb
d01dc104
1460ec01
e5530a0a
02f3e723
dbd3e5c4
1b290d38
08ec130a
ed240bcc
0bf6f90a
ebf92516
51cc0515
1b18e4ce
e5cd641f
fda7ff1d
fe01d8fe
2f0427ff
31320416
27f90afd
061dcd08
e2f4fdfe
effe0703
d91405d7
1e08dc0c
ed0910fb
d706e9dc
e02a3ce1
d80b01b3
cf0af6ef
bd26caf0
14070213
12c3cef8
1adcbdeb
27df4ffa
f708e52f
13df2908
f63fe0df
25e53215
d120ec57
f9fc0c00
f9011804
df36c8f0
e4f7e0f7
f5ced5cb
1f23d7f1
0a18f1d3
2c05d932
23d8d70d
1307f1d1
3502e1df
f3671602
26e5e144
e4c32300
3213f4f2
e125ee1c
f91717fe
29dffc17
180c264f
cdd122f0
f5eae626
17330840
194cfc51
fd2f0d11
fbf330f6
f91313ab
0b36fdf6
2ced0112
2bf81ce9
d8f2111e
f4560d21
faa1bef9
00d9daea
b514ce0e
1fdcfcf1
e004eeee
d71f2233
0a5c1348
e7431fdc
d149ef1f
fae14804
e8d34244
2de11fce
0532f702
e1c9bbfd
09e30de1
0202f125
41f7000a
e9dd2913
06b20f21
f80d0017
dcfb14e1
4a0204e1
0d44eb1d
3c0d1ef8
df0dee01
ebf93110
f90611c7
fbe4fdd3
010d22dc
fdfa021c
3806eb0a
e5b1f7dc
1614eddf
23df1409
d9f9e71b
17e61b34
45fc042d
e9d625ef
02fe05fe
00fc0703
00fe0200
fefa01fd
020202fd
fffcfd02
000001fd
0501ff01
48e0d732
b00e060a
120423ff
0cf2d6fd
1d181ac1
f72537fc
ce090f02
f507100d
df6013f6
f125e810
07e517ed
d4eb2400
17fe14f0
bb0061f8
0159e40f
0954ed9d
070414f6
fe1104ee
f51507f8
ec0523fe
fe030914
f302ebfc
fc0f0902
17fae90e
59d2fd15
e037f826
c93b1823
2613a50e
f21ef6da
ece4e85e
f215b9c9
ebf0c2de
81f0f6d3
2c0704dd
15d6d0ee
2708f60f
c8f7ebdc
da0f36fe
150a16f7
9a1ce02b
f8f72806
096efaf2
14fafff5
f71e090c
ef0befce
20bad1e6
25e6fff6
49203bda
2b277fc1
eddaa0c1
f21181fe
043d060a
dcdce434
f2e030d0
e3ec0119
19f856ea
f2ec372d
1804220b
fa27e8e8
e832dc11
e4ee0bf0
19b4c904
011ee020
f142d63a
1d12db18
d8041a32
123b00e2
0416f7fe
1df3db19
eed618c6
33c42a02
f046130f
0194dc2b
f9ede7e3
ba5af6f2
eafa4fff
0ddf29f5
d022f2d7
2c2ff316
f4381af1
e309293e
da0c0339
e20af918
0c19f307
bd1a403b
11d31ea7
1ed92629
f0c5fb25
17f701f3
1704fd04
e3dd0bf1
f2110305
05f53421
fafddfbe
d160e50d
1ed1f114
e719e0a2
213ff0c0
0d0ff1e9
0ff8d704
08e5f65e
00fdb114
d1e5271b
e27f10f3
0102de04
c33ee713
1aeef016
fe2fd0fd
0c11d8ee
e6ed15d9
20ffd205
1a26c0c2
0be2f83a
d0160829
ff1e0825
00edccff
e706e0e0
f1c00500
cf2f2bf3
12211ea5
132c0f27
e709febd
04090df9
12e6fbfe
22fb2249
4220bf16
1c0747ff
182cf92e
e7260eec
021127f3
35af2229
2319160e
0ffa0ae6
1ebdfbeb
1a3dd609
2005e01d
170310b3
3bd5f1f9
ef4cfdff
f704ff03
1809fde2
0ae6f9d0
cfe70cfa
20e8aff9
1704e501
e509e2f9
f30f0104
fff9ed03
e0060607
04050ff2
fdfe0601
1605f409
0a2102e7
3708e401
11fce4fa
f9d0cffd
14e902e5
ea06d2bf
15df4ad5
d6c0dec1
f122f719
03f11429
f22408f8
1ee82d15
0401f816
42ec0128
30f8f8e4
f329e0e8
03fef10e
f2ee01ec
e2b80524
cf0522fa
31fae3ff
3a01dee7
cf002ce2
d7a0e5db
2c2dc8df
20ed2dda
ec3b0bfc
180c2b08
ed22ed03
e9a20229
251cdbee
24af9711
d6d6f9d8
e81c0d2b
df12ed28
fa0348ea
05fce8f2
151a2fd3
ebe4db03
1dcbfe20
ff3ba6e0
2013cbeb
ce2b0bbd
1b002600
0914dd25
df030800
e8b437cd
b82def21
2bfede1a
81c50c47
3eebecf6
e20e2de3
0e0c22f6
070b0fcd
f618fe17
4502fcd6
13abf5db
11ea2216
0b0ee047
fa3730f0
0203ee10
0e41f20d
ea0c0afc
1cfd3117
efbc08cd
4d1bef39
f34d080a
fce0e605
130716b0
c91014e0
d2e61ffb
c6e52052
0f07d3e9
06012523
254cf321
1ab5e0f6
490afcf0
d8df09cb
0920f7c1
1c8a2059
18d7ebdd
2a07d0d2
2f0a15f1
df16dfd0
341215e3
513be9ef
0811fce7
ea240fd5
20b6e912
ecf5e9fa
decb14fa
060ce4f7
ff111d0e
0c12cce8
4fda4301
cfd8f7c0
56cefcef
fd0d0233
1c053e11
f2180ced
0116fe02
e505f52b
e22a26f5
2305dd00
e1e30ee5
ba1024dc
565123ee
2c4cff05
34fb05f7
33f92e31
dcea0a24
3e9736f6
b6121e4c
fde20029
4558117f
f603ff00
14e1d530
fe3ae1e8
f4013fd5
816e512b
13e2de11
b5e05727
17d8e425
bf0bf212
9c030323
e7e8020f
d7193039
ead1dcc9
d7030926
2c04f31d
07d61110
04210cfc
b3d011e2
2601f913
1e161c37
13e8022a
c1291ff1
e5fbfdf2
065606e5
fff5df08
18e7f321
11d9eb25
f328f101
120d291a
d10ef000
9ceafb81
00effc15
230d20fa
e80afefe
2605e2f0
d9dcb53b
dcecdcfc
ee1302dc
07d2dd20
e318e70a
e9c704f6
021739eb
f2cfe637
c7d50bea
e42235fb
0deafede
f70900e8
e1401e00
ef28f320
0605f813
2cc6e1ee
2749e10a
2ce8f60a
01160047
e3eee809
6014e7dc
fffa1212
021f2149
0ddafff8
20d103ea
ebebd4e8
01dc46ef
38ebf410
3fce0ae2
edf0dc02
01eef1e2
06267fca
d1d5191d
c7151cff
eaf9fbc6
fcdbfdf0
0a0cfc03
dfffe401
36e0c1e7
00db18fb
de13f524
2a41fddb
05e409e3
4a38faf6
5117201b
ddeacaee
f400f70c
044a58dc
1830e52f
d309ddb0
2bd6fb2d
c806e846
fc400122
26f1cdff
0c03fa2b
e3ebf6e4
49dd1f27
28432327
dfdc6ff4
54e1f92c
e3c7d8ff
052f3502
cb030bf9
fe2d0a0c
141c0bdc
cff633f5
04e80012
e9ca13fd
c217e41e
19e7202b
1510eb10
d1230edb
220c0dde
14db1b15
e0ecf255
e1e2e3db
210afb3c
fcd1e7f4
1005e8ed
fb090ed3
cef3be23
f923fdcd
fb15f0d9
014c0dd5
08aee9ee
19a8d910
0ef3d915
be4003f4
06d807e0
f0a9a4dd
f5110806
00f92956
b832e7b9
011cf612
31dc1902
c0c4b90f
dcd7eced
c5142ef4
09ff050b
eb0e0e0c
f65afbf9
f7e305fd
0515e5fc
373c02e3
de4ae105
c53c3f41
0dd201be
d2e8fff6
31ed0257
e704e50f
20f51501
08d4fc0a
e302cde7
20dc05ff
0bcccf26
148109b6
d80d1017
b903150e
21f4e71d
09cedf39
1ff314e1
f5d812bd
11fb291d
e1320be9
fb1f0a3f
ede9f7f1
e800f4e5
17f3e4d3
f225eb0d
1618d92e
ffc717eb
0e0a1cde
29dff115
fe1811f7
fbd20327
dbaef050
0ff6dcf1
fbe3ed27
ec21d7eb
014219d9
9b0c0518
ef2609f5
08eb1c45
e3eef5bd
00d5dced
dae6d16c
f900f904
08fb2b0b
ef0804f8
00fcf981
f2f116f3
f5fa0200
fe07ec04
f7fc0b06
05111615
1010eb09
3512e9d8
c1e0ff2c
d8ed180a
0812f714
fbeff712
06f8fafb
daede2c5
04041116
1ef40fca
0ec504e8
14e2021e
2627dd2d
f740570e
87fad2a9
22eddbf4
3c162001
0e51ea00
fd2022e2
fc093af9
f0e0e8e1
05f9ddd4
fb02caf0
d4e70f12
badce801
fcd71907
13450005
10f5e4cb
e10ca01c
2e27eaeb
9caa3606
e93009cd
26eff8f4
e8252ed1
01f9ec30
13f310f3
110c09d2
2d0901f9
14fdfbe0
191ff0e8
2d42f500
0afef90a
1838d805
170feaef
1b0e9d08
f312edc8
b00cfced
fd480ffb
27210509
1221f6fc
24d3dd13
0fe0efe8
f681400a
291fef09
1b12fbdd
f01ee917
ed1e1304
24060afd
b801d600
fe193822
e2fc0920
f6ebe8f7
fce61821
ecf252e5
1700fafa
e6cbf3db
e1021707
e0fb1832
dab9d9e5
08ea2907
8ba04a08
c6fb02d0
e2fe0ef6
ed140415
f22d0003
fc0e0406
d9251b00
f018eeed
01f6fd18
f0dde50e
16c8180a
09fb1032
2023ff04
f0fd1c16
f6f11138
e2c0e70c
fcf20904
051206f5
0719de57
0cf20b03
f03131fc
c60cf7e9
19c92eec
f2eecdf7
cad2ff19
b3f2fe28
83ebba17
011ce5b5
1af31201
f4d928c0
fbdbd0e7
2cf71ee3
6baeccd9
953a4cf1
1e310724
f038e4e0
fcea2c12
d8bd2b2d
f31bfa1e
37013cea
c8a1f414
d6f80222
c8f5070b
ef35f81f
292dfd0e
28ebf62f
efc95637
9ef61734
18ef34e7
0c2a2123
2cf515fd
cc53091f
17162d01
d6172add
dcff09e4
bd3b0222
d2a21de7
f6f72107
f5d22722
2a440425
f9f6f303
09d2d4c7
3cbac6f8
e71c0ceb
51e8ddf6
eafb3c05
08e11c27
f739f93a
10c0b6fb
f2f2ece5
12300437
12e636d9
b73ff7b0
fde2e22e
b029f0ba
ffbffbf6
00081506
f1f7f22d
cad7e3dd
1f2bf91d
0bfbf956
ced40a09
321e1906
f32824e3
1003150a
ee02f629
c4e1f016
113b2dd9
03e33514
07014101
d106dbe3
b80a1537
e3fc0200
e9000842
10f2d63e
03dbba12
d2de0613
48d7f3f4
de0ff713
ee2f1f1a
13d3100c
07f9d9d2
0c25d20e
41d8f112
1431ca2a
f62b0706
e83fdf03
22f41cfa
051220fc
f405f62e
23f6e954
1413e432
46022a21
f7e21202
bfdb0cee
09260f45
f703d908
fcf9d3e3
43f346fc
e2c70322
0a9a54ed
16ddf0d8
e6fc12f1
f09ac9e7
f4031300
fcd921e1
1328083d
5101ef3d
b1fb0e57
143cf4ca
1c0dd44e
f1b9182e
fbe833fb
de07d30a
01fe1ff2
3bfafe04
17c7f0f1
0ddcee25
f029edcf
024ce938
ea21d3fe
07f81bd2
454df1c8
24eb2004
70e9fdd6
cb4b2209
33fef12c
f30c1c8e
034f2b26
fa0313ef
ab02d055
3ef91d16
3d0535e1
d9e3fdf3
6feded05
e2f8f236
0ae32be1
f7ee1035
3b01033b
1f132dfc
f61e1e0d
cb290244
f7150736
fbf5edf2
02d50305
07e90f11
e21d1945
fbffdce2
ed960c03
3b2d0825
2104c823
25c4d188
18243005
16e63a09
0b3537eb
f5d208f1
b136fc38
3420f1ae
d50329dc
fd080af7
ecf4fcee
13f212e3
18234efe
4104ccea
eae93466
1bd41b19
351c0135
fdfe0306
100419fc
e014fabe
deb54242
d6160b1e
2505e8f7
e3091bfa
edd40926
d15f1516
0a05ec04
22040fc0
01c5edc3
32131ef6
c70223ed
dad619cd
eb1d1dfc
e802fc41
13090209
11ec23fe
dbbf0dd6
16403502
ee1b08ef
16fceecd
ee2df708
e9b10bcc
f6fc2902
d71b03c9
fb35e23a
35ebd514
260315f7
f3241a17
fafec4df
df082ad2
d9daf5f2
a01b1b29
e7e21ffc
eef0ea09
2f3810f5
13002b0c
e6dd00f0
c0ff0521
1b42fefe
ed11fc08
2926f809
010c20c3
fc120fe4
df59e4da
2b21e619
1738f3f4
041b5402
3af4f4f9
2ae9e1fc
22106319
ebbb96ed
f4ec0020
1ac016c1
f9f3f222
06e71e01
0be819f1
d009ee28
cb0b2911
0538d4ee
034647dc
00e6f129
69de10e9
effb04ea
e4eb331f
1533cc24
0911da1d
03ece222
07e54f0c
50af12fb
3b2ae416
171df40e
f6f0feeb
cd17f8fa
13e4fb38
c900fb32
f813110b
02cb11f5
f3f3033e
f7400107
fafc0aeb
0208e7e3
fc07cd10
df2dc91c
e206e611
1dfa0d04
1348d614
f3fb0512
eb03213c
ea28c1b7
f9030b22
0c2b59f7
12270837
2fc336fa
0c9f0bf3
e8eae9fc
f50838f0
0b08e703
d0f6ff10
0519dbd3
0d11db03
3506f0fe
faf117d6
ff1f0c05
4919dd22
0722ec25
f5c7dde7
f0e3d0f1
f8e42b7f
d4ebf10d
3d88fd1a
f9bd23f1
1ed5e1d8
14f0d300
02d8da14
92e213ea
0e1c3dd6
a3de5c30
f036188e
f8d9fcf4
fc2f19dd
f513e00f
3112da1a
4ce9c8c9
2910d309
2103cad6
efeef61a
17e5f8f5
db11e907
dbeefa21
fed90dfd
ed0dffc8
0ffae8cc
18fa1efa
f7121f34
e9ceff17
fcf40a0f
c83ff036
ec2603df
d7033e51
10f2ffeb
00d827f7
03a7f81a
05ee1b03
02050f33
4326fed0
fe149003
0242ffe8
e23c10b5
011aeddb
13170d31
e50f140b
c11329cb
0f4111b0
03ede400
bfed0015
06c901f2
f30bd633
ffcd130a
f60e2200
10fbe606
ebf945f6
21ebc216
1efdd344
01e71b05
42b412bd
41bbf9a5
f125c602
190f0a00
1907fc07
f426f617
4b004bf0
e2da2526
21b045d1
1b08e8f5
280ac201
01f515dd
d24427e5
29183c17
0ceb07c7
0ae6bcfa
de0d13de
1902f2d4
2218f6fb
0f2016df
31efdd04
b8fb1529
48170f0e
1b03fc38
d5eff8f5
f6f4f422
2dde18e6
1f000302
f4c6dac7
162012f2
e1df1dfa
fe12eac5
fece1f08
14ddf621
df0d2907
f9330bb1
f43b1ce8
f7f4f9d2
d14ad9f7
fec7eebe
03170ed4
c12aff03
f8fdd503
e125ad32
e2fe16b8
ee11e001
f1cfab81
eb11bafa
aff210f6
dea7d106
ec06eeeb
f7e70009
0400d6b1
3df6fc16
280138e6
e4f4fafa
0ca8fd00
1102f140
0efb28f6
100717f9
f51d11f7
1702ec39
e809f2ff
1cfc280e
252ff903
faa5f9fc
012619ee
9c3416f3
13ef1152
f10c2b03
43def91c
1f12010e
e3561ae8
c41c0602
f5df48ff
02122505
09120778
18eb2f3a
1aef3118
0b14ed3f
22e91117
fe5f1815
071a0912
3eee020c
08dd2276
c92f1108
fb1e3a0e
ee0ee03f
efdad712
0916f7f2
15fc411d
15fc2e00
02fbf70e
c625e30b
f0af3b13
cf00f805
1cf7e809
203a04ed
ed0cd7ff
12f903e3
ff420cd4
e80428fe
f8b0fbf4
2801e6fd
00d428f3
f7f930ff
404141b6
91969799
cef4f4f6
14e40500
cd182228
2cb50ce1
132f36fa
223f0917
15da0b07
27f811ed
f54ad9f2
2803fd34
02012ae3
e1dbf638
e8cafb32
df3e1d11
0d19f4f5
1216fa12
8111115c
bdfc0e06
04f054ea
f304e72e
3bd1eef6
f5ecfb45
1e2de1fd
e5fd39d5
091329e1
3b18d42b
412cc221
19d1fe41
023cebfb
cfbc252a
fc40f108
e6381009
26632326
0c171d25
d0620b26
f7f702d1
01951e13
0ddff111
0e05d002
15f8e5ee
1decd942
461d1917
4431212e
220518db
f30bf948
1b46180b
05102300
f11118f9
f447fefb
f70006ee
a114f130
fe0317eb
1edbf9fc
30c70414
f5fe07f8
dd1408c7
e21527bd
e0304100
411afe04
fe0006fe
01fe0101
02ff0101
fffd0100
01000000
02010005
0001fe00
fdffff00
3311e5d3
2142e7ea
241af90e
0ef70901
ff0e0df1
ff1603de
040b29e6
620d2717
01d33e14
25f9d78a
eed03806
0729f9f9
f21a2911
f317e7df
03196118
31f1e449
3200e310
e618ea2b
f6f0f4c6
ef2d1fe0
fa151ff1
0faef181
0bfd0828
d6eadde0
ed0c140e
e3340607
0de20fe0
0802b8fd
37bdfe2e
25bbe8fa
e8272102
1d080e0a
21b21aef
32172023
1013ff16
ecc411ff
0c0a14cb
2d171b55
48131100
ca692421
2e13c33e
f466e8dd
f8f8cf26
0707edfa
1c070fb2
fae2da2b
07f6e216
dd08e1f4
fe2409cc
d0ec00d5
f2d8ff06
fe1c2cfd
e61332ef
33e1ee39
dc48eff8
2e31120f
ebca0712
40c112d1
10fa15db
d8e1fa0c
0ddef0e9
fc3e28e6
0ee9cde5
495af1ca
d4c4dd0a
072b3600
0f052d07
e2dd2b0d
ec1cc9e8
fadd0bc0
f0dfcbb5
3bd73535
01d4fa1d
263414bf
071dfcfe
fbeb25fd
f305ddb3
1700fc23
09c1021d
39ca33b7
ff20e82a
0326e7df
0e04fc21
f803e703
f818ec14
fd02d9f4
23fc14cf
fb0a1301
f2f4f5bc
1e1bea22
20dfe420
0520ed08
0cfe09f5
3cc9d6eb
4610c9e7
100310ff
0deac1c7
f3321634
efea130a
fb0840fc
40062df4
25b6ef19
d7d5ef25
f3dcf027
1bff1210
d728ebad
cffd0b10
fa10defe
e820d222
1b090634
1112051b
12dc50c5
36241b44
0f28aff5
e6b2fcf5
1b07ea05
46e25622
1cea1d09
a4eed1e8
bed83135
04e1f7f5
fcd8fad2
3aa409ee
ffeb9a0c
0501021e
010d0dcc
f50b0613
feff1ecc
bfef44df
f9d01ad7
2612fe25
e41610fb
f2d4fb23
efc95b07
353703e5
f900b632
ef392405
16c1f0e3
0f1007a7
0707d502
0804d504
233f15dd
e9d8fa01
fb04e4e2
f7def6c6
d0e905f8
1036fbce
0e052500
23e6e25d
2ddf1433
2afa2f25
eb29f0d9
2309e80d
f3cf20dd
1d12f109
f3e30802
fd07c502
5f034334
e81000f7
39c50bbf
c219322c
f00eee0e
0de214f2
f50ef617
e4f8dc06
1df409c5
2ce5e1da
c5470418
ebc4f0cd
e0f3f4f8
fa41f921
1cf8e603
0bf21b00
26f50df7
bee8ef25
d021fe17
bd102446
17cdfa15
302bf4cd
0c3acd08
0f36c509
c8e620fe
0e0fcf14
e4e8bf53
dbaace93
1fea13ef
be2aed22
fdf15bf1
cd0d09ff
392f06c3
0df8fb40
e4192428
08fff721
542a1a23
4148fdc3
081b23f5
d70c1f02
1d12e003
dd2af307
dcbfde24
fd2236f6
2efa073f
f7e413f7
18c9fe0a
2fd7fc49
1b2efcc9
2ed80edb
13ef41ff
ebd500dc
cc0422f6
f0ba062a
0800da01
37d8ec33
f00f0c02
3d4c05e8
b303f312
e40c06d0
e8a5152c
28f7f1b3
082eefea
ece42108
1b08240a
33c8a501
32f4c82d
ee30ee05
c724f3ff
f425f830
ecd5fd17
22e2ecce
fbf9f2ec
e939fdd3
f90203f1
2c06cfbd
16d0f133
16050211
dd1903f1
e229df2b
25eccec6
fb22dd17
d44e1ee8
1ff70d09
4215f6d7
392b1812
19222d02
2603ebd6
f9cefeaf
22d8ef01
0dcc04c4
041807c7
dd5edf10
ec8c0de5
f40b2905
24f30c2e
f9e1c91d
07e80cd6
1372dffa
e3200bd4
d2051617
137af025
08f2c8ff
e4e8f221
1d1c09e5
c11b040f
4dfb38fb
03161bf5
e30533ca
0a1f0f14
0d2ad00e
11fafe50
d40aebde
e41c161f
0243c11a
20abee0a
de26dde5
12ce090e
f3211efd
fe14fe16
da0c2d1c
bbfaf60f
33b6e3e6
e8e7f1cb
08cfeae1
31d5d4f7
22d0fe18
03c90c0c
b6302815
1eeef513
02fc4225
e134f411
1e26ddf8
1a14fd0b
d12e0a03
ed0c12cb
1e420a94
ed161105
16df1cf9
f83d08db
12ddd8fc
0606230e
f2f82cf3
e410060d
0015bef4
d8ebf3c8
f4e6dfd7
ebebed68
e1ec12c7
0afaffce
fc05d303
11f2f203
3cfd4004
40fee427
1ee350fd
1741ed17
44fe25ea
db2906ee
040e1908
0bfd0d04
db094147
16c8ea01
59f71ddb
361830d2
0cee0100
e60fedbf
fdc319e1
13de1beb
d5fd10ff
b40dc83b
c4fd1cea
020105f1
e0f9ea08
d5450cdc
fa0351e2
01f403d3
1a722cf9
07240bf4
fb34d82b
db004711
dedc1d23
f80cdefd
01e11004
c6cdd010
f54504f2
ba1704e3
190b1912
a82e15ed
17f01620
0aee1c42
f601e70d
54d1e40b
e7111bb9
e61ee416
1f5c19f6
f2c5efd5
dacaf3fc
f4ed150c
07d71d05
21eafb07
0f34db1b
ef2016ec
c9d5e198
f80e05ef
10bf2330
27fae248
e3fae206
c307120d
fa3008c0
ac240d0f
20321d16
22c71df5
f22436bb
e3b7fff1
05c252f7
d10cf7f2
1838de05
d3ae3e03
e8e38118
fdfa3647
f61017f4
d107112d
fb1fba02
f3ee29ef
e90cdf0d
39fcd33e
ed25acec
ffe80cfa
4d40d90e
15b1100e
0321db00
d32ae1e7
d702e538
08261fe0
0feeeaff
15c1e9e3
e51de946
e2a81be1
36eff008
2f0837e8
1bf018c3
d0108129
ab21ddf8
b8f0e705
def116da
cec7cf1f
d5fed5fc
0dd6ce41
fc1329f7
2cdae5d0
d4f71f0b
da0df417
d5feebee
6c07eafe
f6f3f9ee
ee15fd05
bb2c0447
4c8102db
d73a06ee
16df1e08
370dd919
1fd8f127
f4fc0503
7025ce0b
d6f004f8
0c14d975
e312e41c
0d34f6e2
cdd3fefd
29e0d8df
1703f6ee
1705c2c2
f71bf1bd
fa0509ed
5c1800f3
45eff506
ea060c23
06e4eafe
ec210315
06c724e7
2a1ed94e
e6f6ef1a
11f741ec
f5dc01f3
0bec3acb
2d2608de
463b04eb
2aec2030
07250717
e6f7047f
3ccf164a
e8db1046
0e2afdc6
31100c09
f0101ffb
0bf52fd0
fef126ec
04ca07f5
2456cfdf
eae7d1d9
05e7fbf1
153fe9de
1fcf10e2
fc062229
f4dcfa88
24171633
c1faafef
0ccf26ef
e1152a43
3cdefff0
17cfe7fd
1af2d6f1
1600bbff
dfe345e7
07f3f6fd
02f00e15
1010fa1f
13070116
05d9cffd
11f8ed14
df19fdc6
08584109
00f703c5
25417222
2f8dd941
ed1d1f08
db0d12ed
1fd6d34f
20222bf7
dde3f7ed
1455e9c5
092f1238
c0eadc01
00f70e20
2a7ff7f0
ff14143d
edf8fc10
01dafd06
fb050fbd
eefeddf6
c10b0403
0cf915c4
f7d6d7e1
fcf00af7
3ffcf73f
dfca1821
ff071513
e8fc1e34
2716d718
0511101d
34fad8fd
19fee901
dbfee504
fefd12dc
eced03d6
21111813
f0bdd4db
363008fc
02be560b
ea0f240a
054b121b
05e61606
e414e258
f02320e8
cb2cf824
b3eef62e
f3ed0619
f9eb0411
05161320
f30910e0
28eb0615
d9d812f9
fc321df9
00eedd04
e2223313
0bf7f6f1
1cf8c34c
ef2816ef
32c2f41d
ec241afb
f933f1e2
ee27f4c5
d3ea0bfe
f3e91713
ed1bf417
ece74ef4
db86e900
3507004b
271030df
d8f1f5d2
11b3f7f1
0bfdf3f8
d9ddf310
04e712e3
231bebf4
eceed709
c0e3f9b9
3df4ff1e
fcf6c5f9
101503dc
3500e706
e6d0eae1
e04cfff2
0c7f2b1d
163006d7
09e7d600
f4001d16
0a0a0fde
1c91160e
02201ef4
f6f6f600
1d3b261e
ecf0310c
121c0ee8
f9eafb01
2dcb11ff
d7d726e5
281b02f9
29f2240a
0fdd12c8
d4ebed11
d301e4f3
05113404
e302f9f0
ff4621a7
f0fb0714
f7dad45f
0cf200e9
07fd1110
fcffecef
eecde608
06f7cd22
0a3d6430
1b34e1d6
2a053224
ff0c05f8
c9390f15
dc2502d0
11fa1906
05f5ea18
02e6f3fa
d3fcdae9
dbe016ed
02eef1da
cf122103
ffdcf0f0
07f3f00d
f40cf6f2
f237c512
fccc30fa
58a6dae3
f6351e09
102fde34
08032343
e3ef390b
0be80281
f11739fa
05eeeb11
f3be36e9
e9187f1e
1fde3d12
d8f4c007
1a101335
f766d916
fceee427
210cc514
fedd0104
e25a33e0
01c4ffc6
1dede932
17d6e602
fae8f8d1
341dc6d5
ebcdc0df
f8fb37c9
d8163cf2
242604d0
2ea2e934
162e0a01
d0061abe
2b26dd34
ff42d1f5
1814f32a
c915f915
c8f5ed16
aa1f0720
e80e0c0c
26f10c0a
b3a9ea2a
cc0e0da5
fedd1ee6
2467142a
13deff03
d6eb7716
083eb1f7
0cee030f
0df2e006
0ae404e9
06f8fc01
f3db1405
25ecf0fc
fa37261b
2330e322
57fa1e26
fc000cfc
25e40ba5
bf4101f6
24170bef
10ae2906
1ce40c0c
f3f4e808
def71ad0
cffc1cee
1c0d442b
31fe0108
1f18d7f8
41abf5e6
30fef1f3
0ef5c2fb
161c2cf1
f4ca1033
00aef5eb
f10ce10a
260a00d3
0e3df9da
11ab101f
cee73507
f3d30bd5
e041e838
04230bce
04ef2d07
f1edf4dd
20ed1116
3030131c
1afeee13
f922abff
fa1605e6
e11510f8
141d1f17
eb1b59f7
2c370b4d
ce6315e8
fcce57d8
0acb43ce
40ff0f3c
eff9e62a
4801fee5
09d30a12
81d9f1bb
fcd218f8
ecf034c7
c5f00034
21f6f8fb
21f576e9
2ac30e3d
2fc8ddec
d8f013b9
f32320ee
9efeecfd
dae0f102
f107dff9
0a02f8eb
c612fbeb
280e0f10
d4dc0c00
060ffcf6
e8cd2214
2b1a1c14
c6e21d10
0cfc2002
04cefe03
e2f31aed
e5021cec
1b0ade34
fa13dafd
16c8c406
fe01c110
2119c6ec
1411f22a
ea2120e5
d0d5e656
f400cf0b
cdfbd9cc
2025ebe2
e41aef0f
d7fcd5f9
f008f9e9
fd362a2d
f03014ec
e8eaf115
180134f0
39eb081a
cdfc0d38
880006ed
c0dff20d
1cfbf0d1
e8dcbc1f
c4b9d019
e9dde75c
3517f838
ebd027b4
3609d801
02fcf4f9
29ffff09
eeffec25
efe9fef8
d8e35016
e908bed0
11ff1f04
f0e41df8
ebede8cf
e40a15f1
f40a01bf
ffd0f7ea
54fbc6cb
09bb0c2e
34f224a6
a7f30616
f9f6aee2
cefce8fd
3308f123
b21ffdf0
b51afff7
f0049fd3
2301cd06
9a09eabb
2d0c3b15
a8cdeb2d
0accf1b6
f9cc180c
0808a605
f5b947f3
2b03afe7
061021e8
f0c5f4f7
480923ee
0025fb1d
54fc180e
e4051513
40e6e8f1
089fdcfa
41f95bf4
27091a11
34d6f908
184212d7
15e81456
eaf80de0
f4baadd8
04e2042a
0604f047
ebddd403
f3e7ecef
0ef4fb82
32e33fde
1a1b284f
021a051c
14f0df14
1c121209
25f630fe
253604e9
cbe70a15
8110d6b1
e401e402
da13991a
ee18f95c
d1ec0334
0916e523
14d43b1f
24c00ece
104b0837
f2cad4f8
d8480230
23dcedf4
4a2d3001
e4211117
e1e502e3
de23150b
d7c82323
ffea26c2
3f01153b
f90fe1e2
020ce668
10d8fafe
25c3eb21
f44afd17
d5f72b4c
5a1504f8
32f6709d
f74f0d0d
000905ca
09e13643
1a21ddf0
0a3615cb
03a3daf8
00fa20dd
c0fb1824
b6d4302b
c60a0f3f
ea1b1007
38f72e1e
04d13210
004227e0
dd210e2c
07f5c401
0dabbc1b
bffcaa37
ac09140f
f8b40622
c4f3f2eb
0b2d1f20
1d25d6eb
3021e70a
cc1c070d
2adf32f7
15d1e515
5a003b31
514fe53e
3211f0f0
e644b981
0b4b101c
0bae05e0
35052a2c
9a3911cb
f8dce0df
0e160cc9
c52c30b7
d0ede90f
1df1faeb
94e314c6
030bf8fe
e3f31b12
ecefc004
f4f5f3d3
ed5a0443
e1023a04
9925d6e0
cfda03db
dfb4034a
f2c9dde6
ef1bf3f3
db20ebf5
f8f9edec
f00709fc
fce13ef2
27fc12fc
2a0306fb
e4c5fc03
0899e4fe
fd092e16
f0fee1fd
f60f02fb
f6fef6fb
fff90cfb
dd0703f0
09f807fc
fa040229
dd04e806
f0fefc36
5405f836
c917c10d
ece6340e
41019be6
1c3cf1e3
0df900f2
fbceeef8
f21d0804
f6020cf3
00080d4a
e92cd1d6
52d103fe
0b00f526
dc181af4
d40b04e3
e7d9e91e
cd033707
0d283731
22b80cb8
efc32b20
f507ff0d
d6dbc70d
153a3819
e4ed1fd8
dfde0021
d81672fb
24f312cf
1e3c00b3
adfe1610
1924e310
fa24070f
6139c1c5
e1d6f201
0a220b0b
f401002a
11f42651
0f0ee942
f744fb24
ece83008
df04dd17
25913a02
f2121e4d
f60ee21d
3043feda
04eb2ded
3001e9eb
3f23f2c1
310b1114
e713fa41
d8ae42ec
040a1dfd
d3f9cd45
2312ed22
030ce7ef
fa120a37
1e2bf507
02e9e3e8
310bfdbe
a9e0fb10
e71405d4
0406160d
f3fb2ddd
0a0205f0
1014fbdb
ebfd3ff2
eed66234
86e3feec
ecfe145f
2af0e8f9
0df4e4f5
f6ef3dd8
25e8cb0e
e4e30c3b
32da1330
33e1fef7
f9fef839
0e343ae3
2027eae2
32cb04ed
23500afd
cf0b1dde
2ae01bdb
3acfc8f9
14ee3f41
fff813fd
17e2cebf
eeb908d4
397f2e17
f413daf3
05f236fd
03171ab2
2c07ebe1
f713e42f
00d7a13b
03eb1f21
42cc1902
0ba3a4c1
2ae1ca9c
cbffd3ba
ac9d33cc
32de26f0
cbfc05f5
e6f2eff8
ea25070d
e713232a
031881e5
ed2bf0c3
af04d8f9
0b9a0703
0be005d0
242f0742
25c919fb
eb0bc9cf
c1fbb6e6
f61332e4
dec5f1f1
bad5f615
12fb38de
f5d2f4cc
fce718e6
dbe70011
f114e9bf
d92002e7
3bdf05f7
9e0728f5
7fc51515
0abb0007
8ef5222c
d3f20bf1
fcd210f8
c411d211
ee25e9e6
ee20faef
fb012434
1ac7f6f7
d9f1f6fe
d2ea06fc
1c032def
38283d02
1714d012
2b2702ec
1dea03fd
2007e71c
34440912
d916e4d9
16c4f4f9
1ee6efbd
e5ebe623
cc1e1f17
d7161d2d
171dfbc1
0ee30406
05f813d0
f302010a
ac54f512
e937f328
ef131ddb
1008ebff
badda70f
390dd73f
202a08e1
0bd814e0
39fbf827
0c270bf4
310802f4
d7480302
b951111a
2be3e4db
1ffaecd3
25113292
cae92db1
e7ede04e
1d062c08
46f2e8fb
c8d8e211
e042180c
de0803ec
1b10dd1d
4af809e8
a0e30e00
1d0354ec
da020ef9
e104e111
cc52f0e5
15feb604
011f350b
fa1ed433
edfb04f7
1332ea1f
ed34f4f6
e41bf600
2319e213
b1fdf41c
f1432114
9d371148
b5c5dc23
f500d9fa
0db7dffc
0dd5ec03
fac20e02
0f35c71a
171dd434
bbf7d1dc
35d736ff
e6ebeee7
ebea2aec
ec050204
f8ff1451
ee34c8f2
0a0ef0f8
210121fc
3608f119
1326ccfb
2128103b
d5d66219
223589df
067005ea
e2fadfca
2430ffb6
ef2d1bc8
4802f2f7
c3f72f12
052c0005
243d1039
00071ee3
57f2da33
09daf6b1
48e32816
22ffeaf2
05dcef06
1bb117c7
1a471301
13012f1a
c6efd9f1
ee39e308
12f62208
00e5fbfe
0a240ff6
13121636
8ddbdae0
13cf46dd
150fc8df
811af137
0cfcfff9
fcedf8db
c317081d
031bfdc1
d929f0fa
d8ea1c1f
4ef20afc
16be18f5
2ac803d9
2812e00e
eb2ce7e8
e5fbea0b
1ffc02ce
faf12df9
1311d5fd
f717bf17
f61fcb1f
1b07ff1e
d129deda
36e9f500
3aff11e2
21042238
f716baf8
bfeaf3e7
061d34e6
f70304ef
151840d8
0c2d1ff7
34eb0bf0
b6ed1302
f7102959
0dfff600
f5287f16
12b0e90c
45f2cd0d
e602d6c3
492805d2
1005192c
161a1f22
f61bf00c
11f2fbc4
f53a05e9
0510cbd8
d9c8ebb5
cb01ef20
23e7e4cc
09d66006
0ed90ffc
1d4ae9e1
fe1312fc
e2ed0c1b
b804e71d
19dc18fe
342e48ff
133dd937
fb2d7ff6
15f32bd6
2ae0fcff
062927f3
3054d710
23132525
e8250615
ff0756b6
3cbbd911
f7e0e4f0
1ed4f82e
f0e90d04
fc171601
08ee0bfa
09ebef01
fcf319f7
f707020e
08f7feeb
04fff100
e9edeb1a
2fbe0416
1211fc20
ebef172b
081fa3fe
d4f3b6e1
bf2b2711
16030809
37201817
ba012d14
ff1afffa
e3ffc101
290ce602
2bf8d207
2cf40d28
02df1f1b
c3f62316
28c80ef0
fefff3f9
eeee212b
9f09e605
a3caec01
d647eceb
1c31f23b
17deee15
0c2ff506
2a040a04
15ec1407
3230dc2f
de9ee9c1
f8d6cbf0
bcb0effc
0b20087f
f1e203fc
1414ef3b
ed091622
c225bb12
fd0f11d3
62fad9de
1e09d605
f2f42efa
31cafbd6
d9ef1e2b
f9f133de
f8d62d19
e9002f54
da17fcc1
eee63cb5
f009f2e2
12ffe7c3
05e2ebe1
d5f40903
aa19f419
391cf3c8
09272e7f
d912f81c
341cf90f
270707fc
fbcef8f9
e9e4f9e7
130e3011
ff38eafa
f8f72425
11070c1c
e3154637
00a62e46
f405eb1c
c9e916c5
0c071baa
2f0b0dc3
c419f90f
c3f5e81c
1ef3c8c0
d8fefdef
e7f11c1d
dd31283d
24f5c8f1
c137191f
11fa30e9
e92deba9
cafedc0b
061b01dd
3c47e8ee
3506fc20
13fce22d
3423eb29
f21514ea
e3f3491a
cffce744
2c28d510
07e8141d
1cf6fe2d
0ae5ce16
35ff1631
4e2602d0
1be33b26
ed093807
16f4eaaa
f6de04d6
fff8020c
1f32d0de
55f522e2
f200cebf
f6ebef0b
00daead9
0bdaf510
0f01ed09
092d3a10
ecedf6e4
051c17bf
efa3d003
f9fc34ab
f5e2cbfd
e2a8f4f0
1ed3d4f4
bff1290c
2deedeef
11130d06
e200d9f7
02fae23d
08fddc02
0b5417f3
e908ef01
28b5f814
e809e727
aaccf8e7
efdcf8e2
abd6d2f9
d2c51a0e
fe1e002a
e7e71cdd
1b0ef5eb
ddeb9137
d4e12ff2
dfda04fc
df1d030c
07f7d3d4
28e330e9
b21c0c16
db000f28
24f71707
dee5c7de
7ff0cf61
03f90f58
e1c20318
0df2f621
ea5233ed
de091c12
b0470fe4
d2092008
fdcb3d6e
0025c4ee
f31512e0
12e22f0d
15f81024
09f9f7d7
e8e6050d
32eb1cd9
1510f1f2
d10e181b
46200204
49e0faee
2b39fef4
ffd91712
ebe0d8f4
032ac64b
1823d649
31352df2
f00004fa
0713f721
21e817f7
fd00202f
f42d39bf
120aef12
ff16f6e9
190d37e4
1f1404e8
68f50eec
2a04f32a
1b10fb45
0ed00ae0
24f4442e
e4ba40de
2cfd0503
0dd626d7
d41df11d
3eea245d
f614f2ec
c9f90518
4a16b6fb
2702280f
0a1c43ec
373cebf2
4447cf37
0bfec247
fad1e8c1
fc4a0ff6
212420b0
3cfefb0e
81e42318
e3fae722
3fea0cff
cae204d4
db05efb4
0a0c2936
a6bd20f4
27ebd407
0d0a1244
b92df0ba
f22de2ed
1df8eb00
16f5d8de
c8a5f2c3
f1ed17ec
0e1b080f
e9042e17
0ce902fb
12043321
de121be5
18edff0f
0c2f2c0b
19fc2a2d
190909f8
feccefe1
e8cb18eb
0db6ec4a
2906142a
3433040c
d116cff5
098d3cdd
0f2638d0
1e1a0f19
110dca06
19ddf120
f62af3f1
45dc24e2
361c0de8
14dc0ce5
cb8406ec
f5f702f8
cefaf5fb
4e05edf6
30e6ffd6
d7010eff
3ff9edd5
4140d512
10f20b22
5f1405f8
38e01de6
c73508e5
31e3ff3c
ce33ece5
c0e0d8d5
e5eeeed2
fd2ac92e
e31210fb
fef72fe2
f3fc2544
c0bffff1
060ff725
d7efe0d3
0671d928
db1b2ced
10c8ff07
500700c9
065b013e
340cd93a
02eeae31
d2f71c65
e0c916c1
e4f441e7
20ca2fc7
1339cff9
fb1af7e8
fc05c2f6
dffe55f0
f32c06aa
0007f843
281b0d01
04eaf434
0de61cd0
5549ff00
dbf2fee2
d60819b0
db3beeab
482c3a1d
4e9cdcf5
55cee20d
ea14e322
fb0227e3
f8d3f71c
023415cc
f909fd05
e121fc0a
20e929f4
28d732f7
370df72d
41ec2bcc
d1eb0fd6
fb093601
d5fd4127
d6f3cfef
eae76577
ef2bf6fb
ccd4edc8
1b29081b
30d9182e
02e746e2
d60f2e2c
ce0541b8
f9f82537
3518e411
e31af9ed
1ff97f0e
f6fcb4ee
fd7f090f
0bf51728
0100f41d
0904f829
defd0bef
1ef8c904
205fefcc
33321401
33060935
e8e5d20c
2f2fd404
13b031f0
b71b041f
13efbff3
10e6fbf2
09ec1310
2505cc00
09122601
f108e5f7
f7f2f0df
e3001e00
f21c070f
18bd070a
0d2105ea
0c2201f7
d3fe0ce7
46eadc17
ce05e5de
f30511f0
e4c60aff
3310ba25
18e936e2
34f02b0b
0b0876b1
15e6fa1c
d9cf0d2b
19e306e5
d6ebf80d
e2f2effc
e001131b
250bfff7
ef12f4f4
e8141e33
06ff151f
fa02ebed
def5fd33
0e14a4e9
e727f922
250efd20
fef9effe
f90502f3
effce523
38f21426
00112302
dad2ff24
f115edf2
d2fbf203
01ff171b
ee37c61d
e207eb05
0c41feed
06ea1f10
cc332bec
e51512d8
0917e0e5
3e050cf5
1c0a1a2a
13fe022b
f31efa2b
f20c15df
f71306d0
f70f0421
3810d2ff
d6e2c9fa
e1f2f7f1
0dfff4ff
2b2203e8
28e1d5eb
df66b327
de22febd
373e0ef3
38e2170a
08de9eed
64100b1e
edc3c7db
fef71046
15ebf8cf
dee614eb
1d1a4614
43d44ef4
154dffcb
12d5fdc8
0d28e335
e345d610
e908f2bd
18f9ddc4
11e2eae2
17f4f111
dde5faf6
c848030e
13d30400
b504b693
a155ff81
f34ff2ce
e5e949ab
39814662
6e4a3b66
49813d53
97355ff7
290dcd28
20ea001e
fdef1011
edf52422
b3310f9e
0fff2426
e43516de
eb62e414
def9fc08
c1c0f8d7
c903fff8
ebe6e507
a5cbfcc6
c230261a
0ffcebdd
224f17e2
2621eb05
dde2eb06
1ecde0c8
d0d5e9da
2454b628
0cfff51f
bff40710
17ece527
fbeedcd0
eeb224ce
f039190c
1907ef12
ea25b2fa
020e213a
12145815
be27ff16
d44feac8
155c2813
e71ed3f1
0af129e9
13ebcccb
eefebc0d
f03bd30b
2b17f90e
2ef0e6da
ff362ae3
e4fa2704
e0ecf5eb
e0e41416
42dde1f9
330710d1
e4f4f91e
27ddf7c2
e0b01342
f52b1e34
1dd2eb0c
1815e7e2
1024e01f
e2f739fb
0ff609c6
f3bbeac2
1bbff8dc
2bd33303
e7f9d61a
2010d710
0f041cfd
3b2c6205
2efd1109
43b32840
c3e808e0
d2040afa
f11728fb
f9345808
0a012108
0b0aed1f
17e70f0c
11a73b0f
a80bdc16
33fd3a03
f71be40c
09360a06
fb30da2f
1101ee43
e6d3ecd6
e7ec0b13
3feafb24
130003e6
fdf418de
f6ec302c
3de8df3b
2615fac7
dce00043
2cf9fd07
04f5f8ef
04f9f0eb
2310f9eb
d80d01f1
87dfa4ee
65e2ecdc
f00e1c05
fd05fee2
64edfaf4
b8eaf5ec
e0120fe5
0826b60d
bef23e03
cf152f03
09b33c09
212815fd
f50aebb4
0ee9e608
d5081c0a
06c9a6d7
1b631115
c1ded7c7
01ee01f0
081bc9fa
0f271dea
f00dd8f2
a5ebfc12
1bf5c20e
f209f90c
1c353822
f4ddead0
27eb24ed
183004e8
f80207fc
3409c500
24f0fe1e
2f360600
ca0cd5e6
36f8bfe9
221a020b
08cff720
fed3fb13
5a172f05
fa33f411
0b0d0002
0e391ffd
0d14f43c
fc27201b
d1ef072a
2f1cdb06
c703b5de
41fd69dd
e1b1fe0f
e20d33e3
f62ddce4
044327ef
030915ed
f116e0e3
0c2f35ba
8ad5d116
dd241429
0cecf908
1d142de0
f008e616
25b2e4c7
d133e3ca
1503c6b2
1d01fc0e
516713c2
d61f1a1c
3fe9c810
d3f5ed07
7733d5de
ea260803
f90be705
a63d4329
3b695cb4
05f7eeea
2136e4ce
cd0203d3
35e8f2b7
090bf405
100cf2e9
04f3150d
78303247
fef1ed00
0799311b
04e9fbed
38f6f810
cf08fe13
d711ec0e
dc002218
e82002a0
88e418f1
ec1ed9cc
e517f4e4
233be60c
03f0f3f4
0730d5f8
130ad5e4
7629fb29
1a2216d4
012cd9ce
42b9ecf8
4de21c3c
e5ef3f15
ec080e2d
a4fdf4dc
0af60817
d8552600
03ffe109
feebf4f9
5bac17dc
f304c6ce
fed3fe14
d3bc26e9
2d33c04c
0521331c
e0dff029
f72a0c1c
0b12e803
f9ebe715
fe19f0df
e404e51a
0afffef6
f31bdeea
1afa0e1d
55e41700
e6432718
02f21dfd
f7f9a2da
16ce1c0e
04d8170b
3718fe1d
f80316f1
fdf9fe21
35ef0cf0
0a141cf8
20e0f1dd
56061de6
d3aecb16
beec5029
faf7e5d9
02ff3b14
e30f0008
04e4f818
250c1a01
d4d7f41e
2ef0fbda
4fe54131
44f31d1c
012cfcf8
25e31331
fad614ff
30fad4ff
1f03ebc9
f24702a5
32e3e82c
d3e8240e
c11d0af0
bde6f933
cee9e82f
bf143ffe
e1210aca
19e93ef6
e227099a
1e38ed01
0a0c1cfd
dece3ad4
0e094ef8
3c003700
17ebef11
eefdf9d1
ff2c0413
c70108f8
e2ff14e1
24f102e5
22060a19
f4f4d1e2
e1e34f0e
d2cec9e2
ee111324
1b400c3b
2208d613
e8fa11c0
9ae102ed
fd0924fe
43f513c9
1b12bdcb
08261a06
213a37d7
1c0402f4
020edffa
dc13130b
1bed36f0
19f41ce0
90f4e41a
10e0dcee
00c2fff4
cbd7223b
05c7e601
36372a1e
0e1d8dfa
cb20ffec
2e0a1f09
3afb3207
1125caed
1c04fbe6
3ae6172a
db0b063c
02000d0c
eb2f1e0a
fd3aa4f2
f5e4f242
ff140104
0ee40d0c
dccddeb7
e32715e3
f5197f0e
14f12cf7
012a2bf2
feebe016
c9eff5ee
f7e606d1
e4f09136
1c35043c
28e1d7f7
a6c72405
0f1c10ea
b7df3115
39ee05f0
feeafe14
47ea0717
e7f40aee
bfde35e4
34fdd435
c1e51326
f721d928
f6f77fe4
d8fb07f5
ee0c224a
13fe340a
f9ff001f
1b15f904
ec0fd7eb
ee123f1d
d6cb3011
e7d904ea
d3e3e84a
f4e31dde
18f9ebec
13f8d2e3
28c5f816
dee51609
f5060bcb
302eed2c
c6b3ff16
d91fefc4
d5ed0916
15de0911
d0f40ff0
1ddb024e
221315dc
ff060400
0003fc03
02fefcfc
ff000100
fefd03ff
ff060205
01fefbfc
fd0600fd
27eb150d
d925f2f6
dcf9efc8
27f9f4f6
33e30220
fb450bd9
f3e00606
f9300af9
e20500e6
e639141f
4be7fffe
14042e04
111f18f8
f705fcef
1e4fe8e5
3507b82a
e30afe04
fc04fa19
06fdf9ea
f80411f2
00df0500
f1190d17
090e07f8
f31303f6
0904c616
f01afa14
31b717ea
070f05f8
4425d2d2
15da24d2
0c08cb2f
fcf5f5f7
15d70615
ef6809ed
19ff10e6
0ff8edc1
ef0d0ad8
09cb85ef
234b0a03
09fe11fc
02f00014
f80915d4
0cd44116
0d17f4f1
e029b60f
1307dd28
f33e1724
0ebef5da
af1319f1
f8d0e401
552508f5
cb3928ca
124a33b5
811aeb43
fd2203cf
bb05fc11
30caebeb
22060cb7
1bf2142c
fafa1bc5
042b6404
f83525ea
3a05c215
f2f9daff
e5fb0eb7
4102f727
1de9fbf4
c9fb16ff
f7ebc51e
c1eaf9fe
0ff1cb06
fd220fd1
46fe09e1
1c110d06
1d0427ec
c0f0e1ec
01f59afb
b1202fdf
f7080515
19dcded9
08cb0522
0f15fb04
4d103dde
56ff03bc
3a440d48
9b3ceec1
fe0ad90f
1a3fc6df
ac09f21a
db080804
384d0922
5ce7cc01
0f19fb25
eed9dced
d6ebc72f
d4c7d4c8
0ef6e4a8
5f030bb5
ab070e13
01f5eda7
c1fd0aef
36f0ccf1
1afeb5e3
3001dde3
5d08011a
10e0d7e8
fcc9ddff
f60eca04
0df708e4
ebeafd58
35f1fa1e
f25d130f
ede727ea
b6effa29
edb10d05
430cddf3
d5ebd811
0b18bdd6
ee320817
0bf1da3f
40f0ebdb
2c01f312
f7290e22
d412ed22
0ddc09f9
b6e0e03f
10f70228
b50203e3
c32b1e05
ccda03fe
20062edf
d3eef144
d517fc2f
20f3150d
2ae5ecd6
1f1a16f0
07f502fe
ef91efe7
bbf1fb13
05100a09
05e41c01
11c92005
18ee422c
22010fc8
08f5f918
00081e0c
08e504fe
00ea1319
e8ff14f1
f013f208
f2fdf804
eef1f902
030bff08
e304fe19
1803fdf1
1901bc11
2f06cb06
13eae13a
08e6ff1a
323430d2
d7c42812
e3eff204
27f82036
fe12060e
25050f02
210deb11
cf0fc871
211f1ce6
0908f1e1
b64ae805
c1ddebee
160bbcf7
d901f4ec
0cf8f44e
30120db1
e50fe7d4
72d715f0
be98d6df
1e1e1014
271130f6
3e04153f
74edeaf9
04d3c5c4
ab94e926
0f2cfc42
f4e6d5d3
e9c4f10d
db0a02fe
030cdde2
3f2418c8
0b1ceab5
2539eae3
4a0a24c6
f110eff7
f617f0b4
e91a9eeb
dfead165
0ada4621
b106c7ec
f615e37f
d1210813
daf8ddf0
d5dc02f7
2d0021e1
93d9e4c6
51ca02f5
e5f6c719
18fbeefb
122c10f3
3011edec
4b15db22
f0eef1f3
2eda060c
2401ef15
49d80ecf
2316def6
10f1f6e2
25fc0d05
0618ee05
f200fc0e
14000710
c40cbefc
d7000b08
09ea1fe6
f4f7082c
002af3e0
07c60418
adf6b81f
2ae1f3e7
fa3c2bf8
3bec2c10
e3f0e9fc
ece0032f
10010a31
0e2de0d2
eefef2fe
3fa211f1
fcf309d2
166106f8
bf00f0f4
bd222aeb
3e02e1fa
f2f3caeb
0110b1f8
c3dafa20
2ee6df2a
9de842ea
e5eb0412
29302ac8
1bcd0b14
d33cecf0
25fef1e9
d01b0503
e807f7ff
ccdee457
31d9cbf9
c81914e1
19490f37
1bcdf304
d5dae2ee
c4e4c80f
ba13d51a
1ba7e71b
daedd8e3
29e9f129
e702fa07
44f50ae2
47152de6
ce09c3d6
0c9b25e8
8de6a7f1
f1ecedf9
10db99d0
0cca2b1d
17c00932
1b52ebf8
4af6f1f9
08ed1ae0
5618fffb
f8fbe90c
f621e80e
37fbd847
00dd19ef
f3f318d6
d2c91320
38f408ea
ef5d17d9
e50818cc
ee03e619
e2200303
130627e9
d5fb3af7
dcf23f06
050e1510
f13dfb30
1e0bf826
eae7e2e7
fdbfebce
c63915e2
e9000803
51e6c1f0
ee9fbdff
29c733f1
2b291100
e00a1404
26ec0d9f
0ff9d31a
c808de0f
152feab3
e2ecedfa
1cd7fa26
40282925
11f54008
ff11ec0f
eb0cc9da
00eaeff2
241f2ae4
231beda9
13393ed7
f51de9ef
0444aaf8
de4521d2
c72367fa
0b52e609
ed1afdf6
0e121401
ee2a04e9
e3101df9
e315f7d6
fdfc27cc
f60bfdf5
42132ae7
1cf1df4f
da21f3d7
34f63b33
04bf15f8
04ece8fb
fad4fd04
2946f71a
4a09f6f4
370ff3f6
dfe4031b
081519ac
fbf1f9f5
e32cee0e
03fdfdbd
e84dde1b
57df1b02
2a0d18fe
ad0440f0
201eefa2
4cc0c3f3
290a14da
dd0f16f8
0ef4f7ec
81f65824
41cf1cfd
4feee012
24de16e7
293018ee
20dde6f8
1fde1f07
bb0428ed
e40a0d17
a5f6d9ea
e2e5d8e4
12022ffc
ea0232ed
e2c8efed
33ee1a9d
f245c6eb
55efb80b
043a1fda
d5caf81f
eafede06
1fe934d1
de070523
c517f3fa
3408f6e8
b3183b38
1d0b0a15
e1fcb8f1
bd25c9e6
0302fcff
2bcf25ed
c1eae0f1
f9ed1814
ed0d451a
45cdedf6
002b0c04
122fccde
f3ccf5f9
dadcef2e
153bec38
26e61af5
e91c055f
282cf912
06061df6
2a3c10b4
0af00d20
40e5f115
48e3eae3
fcf9faf4
370edb1e
260517e5
e3f918db
df03fbf8
1820ed02
21dd0ef5
0de1f42c
4cd8274c
3c34f0ea
e3fde507
442429c3
e0e6fac8
1af90b1a
2dbb1903
277ff11b
e5db2815
1e0e3c16
e0fef603
25d81d03
0ef11ae9
ff1919f3
ec3ce2f9
173a06fa
22fedf0a
1fffe523
29fa4fee
061ee5d6
d2132a09
fe382412
ddff0dff
f2d6115a
02faddf6
19cc3305
d1cec546
41bdf2eb
f6f0d410
cd0fda10
eeff092c
f6131408
26ed1018
2cde38ea
100dfe08
9ef2ecd9
f2250867
04f3ee12
02c800ea
fe141c06
14f634fd
fd211204
fbfff7fc
f2fef815
f9060014
03f10305
11811609
08fdda0a
05fe81f7
ec211400
02b8fb00
01f6f0da
1128fef6
f4f7fb10
422efd0f
fa440ad9
1de4cef5
dff70f20
af0222f4
fb23dd32
3115b407
1413fe2f
003608cb
061ac01e
d3e2e419
12e0cbd0
1ad504e6
f0f7e81c
40f3e515
f864e5d2
de1e08dd
1b0c1308
082beb21
311ee424
c0ddbe79
d0eaedda
e816f3e9
0acb1fc7
fed4102f
0e1e0024
e9f62fe9
060e1209
06d42500
f61c1311
db240b0b
09fdda05
fd510011
15e10203
07d24ad9
df041126
dd9a2347
c8e910ee
13ef02f8
3008db29
f6d508df
2f0325e2
38fc12f7
f3e5b1ed
0d0efb17
143f4b03
af2b3e52
f501fc43
11e17fe0
12f1fb8c
07f6e6ee
09e8c24b
19510d81
05d900ce
20e506eb
c9e43ced
f4ea0505
f7d60a35
f7d822f3
ef19f901
26e8fff3
11e11a2f
3f1fc308
17af2eed
0cebd403
1b07e8f3
f8f702ea
eefde3ed
fdf4ef05
f108d5e3
0f011e0b
ee231d26
050d0315
fd0f0c23
04b7fd1a
06f23232
0dda10ca
cf0cf611
da23eda8
f258f62a
fff30edc
0a3a1701
f5e40712
00090fdd
ec0fed2a
fc261200
e013e7d2
00d41212
192a1a1d
f2c01c3c
eaf2cd01
d8f9e015
dfedd8dc
2be3c205
ca15140b
27d1fd11
b4ed0412
fc033efc
2ca609e3
08dcf210
e206d531
1029f6fb
361fd5c3
3bbef6e8
f1eef427
fa2ae4bb
c7020003
0b06e81a
19e036f6
6f09f919
05212a10
ebdb0be8
2b0627bc
030dede3
ecd20dfb
da0816d6
38ca2ef1
6be92d00
bc18ece4
face1630
cb12172d
ef2814e8
2df8f413
fcf1f000
f3e9fc01
ce512cd4
6eeef300
1dfa161c
1122e838
040efa11
04dbfcff
de0a0bf7
e21709da
dc0df421
edf6f0b6
d33a18e0
1f1ce9c6
e3f8feed
380d05ce
20fceb2d
edf8fae5
f0e19ada
236ed9eb
03d10fed
04f618fc
00cd10ea
ece42d34
ea1124e9
2410e910
ecddc1ed
e8f9a0f2
1106cb00
1240061f
1be726ca
a809d70f
bcff38f8
e7edd320
eee2ef1b
a8e33df2
e620db23
0db6db16
21faba28
dc152ebd
1ef306d7
f904c022
ee1cf6e3
3621d805
e1f11f35
f55212d1
10d51323
f414d454
f9062a05
142a4b05
9dc5ea47
e50d1bff
37d00b6c
efdd04fa
eefb1c1a
cf181ce5
01f9e32b
40280415
1a01f541
c220f300
29330907
fbe211fe
b7e7100a
eff3f52e
a0d51837
08ee07cd
a6fd20c0
0ff521e4
1babfc49
d1ff08f4
f6121741
dff2f4d5
eb0fe31c
e70df670
261e28f3
c4ebec21
d7b90c0d
140afbf5
d48904ef
24d1f2e7
feebee06
5336072a
0512e9e6
9f1fbf05
21e2fbef
27e6dfd9
cbef14df
eb39fbe5
1f12c62a
ccf90811
d529fae1
132bac3b
0a171feb
024e451f
00d718f0
dddfcc04
f11cda40
fdfed706
74ecf8ed
20f6e204
fbf9bed6
e6f1cae5
ceb70656
4bfb08fa
0fed3e10
cb225afd
2e46cdfe
2d1e2597
c64ffdfe
0ae81233
25fd2dde
bf141607
fae4033c
0de6d502
13f000e6
00ce4d02
3f2a0c03
e315111e
13e9eaee
0c01f8fe
e6fafd1e
d012f03a
d21d0e58
1be404b1
211cd800
1014efc9
36e1fafc
4a04eefc
c304f20f
bec734d5
d820011c
f8eeddde
f0172dee
20f31016
f3dce3f8
dc0afc0e
ed3435f6
1cd4d515
e40e09d7
02d1ddbb
0612db17
39041ad0
4e11e400
e31800e2
21f7e0cc
2e0bcb15
2a1f0506
ea01fee3
f807dfe7
cf25de05
1e0200db
ddbceb1f
f0f9e40f
17d3fc1b
f4ff0adf
1223e327
fcfaf4f7
e434e11d
07ee240d
f743e3f4
f4ea281f
ecf6f158
2f0d0a15
17d3d6f9
d9bef0de
141ce50d
f603f814
f913f9f2
4a1a1806
14e514f8
eae4c952
e8ffdf0d
ff07dd0c
d5fcfc02
eed4ebc4
3e06f5f4
311722d9
366a0e1d
5f3fdef0
c03800e1
0df40007
d404ec25
0d15ff17
d836ecea
b2e0eefe
1e051c07
697f19ea
0ae6cab1
cef019e0
2bdc1efd
1111def4
a9e5dd0e
101cfd0b
251217f9
1b26e3e5
f6d90227
b2f0cc0f
9bdaf80b
161ff408
0fff14ea
0a1ea8ff
c110d7a1
e8d011cc
bffbf845
18bf0c19
09f81c08
3b05101e
f108f9f8
00ecd923
06039a30
27eae63e
e8d30d09
13eadf2d
f0edfff5
0ee7e1ef
0101f6f0
0af5f70f
10f5f036
1febff07
cb35c737
0752f70e
16e5d9f2
bc2ef3fe
f7320ef0
d5f3dbf8
f0f42709
f0c0f5e3
e7f5fbc3
1700dfef
3bcb29e4
dfcfc2f2
0efc1028
fa381a09
fc0ef043
3609e2da
d5101839
59c616ef
cb1f221f
e4ebf8ff
3ee5f1e6
181fe516
7f27ecb7
2867e320
e3732541
3120c6ea
d1f00b0d
0cdfec29
d5f42c13
2818fee4
120f13f0
f81a05c0
ccefde1b
fc3710f3
f5231ffd
0413080f
d9dde8c3
1702f117
e812ede9
142bf50e
290cf3fc
06eed6e0
08e4efd2
2dbb0e18
1bd42781
d4e00ef3
ebd118e5
14190016
fd1ef5d1
05f5ebee
d6cd00e4
f049ec3f
d7190f13
1cfce830
fce7c6fb
33fa1707
f1e1ff23
f2fd2427
14f9dc04
ee1c2340
0fe0071b
07fdcb0b
d7ee12ea
00ad10fd
ff0a1135
011713f8
2d32ef09
d7fc1fd9
d522d901
e802d70e
f207f5a5
bf33411c
b92d16bf
e3fcd7f3
f909db0c
03ded0fc
ee0f1055
b71f5419
51231ef3
ef05026a
1002052a
fef301f1
e7062a1b
fd13dfe8
e12cfb23
13fb1c01
07bbdbee
c2f502ed
13e5fd11
e20b201e
1bd1433d
d123b0d7
e91b1717
fe110204
1f0bea52
da21b305
daeab600
15da1206
f3eae71b
02f6f1e4
31f72b3a
d11a070e
ec0a3839
ef19ea3d
1ee9f000
41f9fdf4
11011515
a064d842
2222121e
ed1dee0b
1a2dff13
1ff5c110
a9c8e32e
22c35403
c8ddf724
25f4f711
ee1a1e06
0924f237
4009121b
faf24ccd
3eedd2f6
b625fbe1
1323e33b
ffede30b
0dccdadf
efd9f925
2e014635
1c205ef1
b1f5c4ed
dcfd07f3
dd0504f1
1902dd3c
ea20f408
25ec1915
00eef90f
ff45e621
df2be02a
13e1f60c
db0f260a
3227fe25
c6f8d5d6
36f318f5
35043009
e6193dff
e0e4d90a
283e3735
4007f3e5
dde7eccf
1d11f3df
250028f3
140d3f41
e89d2ae2
cc212936
f3fef446
00d8fee8
f16308fd
cd162bd8
f9071724
a3f83211
f5eac9f7
efc1dee7
dc121fdf
b8f50ce6
45ecf54e
270f10e6
4819f721
fbf804ef
c7d1fc02
12ea0f4b
dcd8f3de
edf8f9f0
270d05eb
f8ee04e3
2107d5f1
f80dfafc
41ec7542
e4171c3e
030affff
cbebfb02
18f2e4c4
d1181d01
40f1f410
f6573c02
27da2c0e
3211e5db
e00e1fea
e9e6ef18
d6f9c01f
26f736e3
d31806eb
224613fc
34d8c2f5
1018e103
24091bb2
2b070938
f5c3f90c
38dd17b8
dd19f6ff
adb1fa12
e735cd00
dd2cf2d2
33f836c7
320428d0
fb71fae4
f6e9f828
ffe913b8
f503ae1f
22d127ef
ae251103
2002f3ed
c4fc1a19
f62bfb58
d72813ea
e8f7e038
2505e1e9
c03b1423
25e0281d
00b307e4
2cde0b05
cfebf1f0
00f71721
0b00df09
d1e80df5
e7d51f00
d112f72d
063cfbe6
140afdde
a9180d14
1012f635
22021604
d804f9db
f5bcd623
fffd08c2
eef1ec1b
17091120
f911f030
dd0b05df
df16480b
ede6a8fa
1fbc1b20
f1d254dd
03292c2f
000200ff
ff010101
0302ff02
fefffe02
0300fd00
000101ff
000201ff
00010002
d115ee28
f0d7dffc
270cf233
f1040753
22360905
221b19f4
be0d9b25
fd170007
ed3733ea
cacf1bf0
271de521
c0102ff4
03f805f5
1f2cf0f5
0317cc44
1c1fe227
154403f4
26ffd0d8
2119c810
f8feee07
210ded2e
02fd0c1b
c40f0ae2
e626f0da
eef1e71e
24de0fe3
cd22130c
2e0813b8
22efd9ea
dceb3a1c
1f1710ff
ed1cd016
ef24f9b9
da2dd1fe
cbe3def6
4303081a
f31705ed
e5e5491a
19e32ac4
db5a0526
02d80215
1f1ec52a
137108ea
c50ae0f4
d5fd085b
12d2c9e9
3defe0f3
12360efd
f31d07e7
f2ecf40b
faf0f7e1
04f9f509
320417d4
28222560
b903e32d
29fe04ed
fdddfbdc
01e725f0
072922fb
fb0728c9
2f0a2d07
0209cb96
efc5f8e4
fbebf14f
211d071b
0b23ed23
cb60f910
e0150106
f000fcf7
c3012e13
2d760946
fdf345ef
0afdfae1
ef1efdec
361721f4
0303cd28
fe0e25fa
1ee3f503
ec1a22fb
42e9fcd1
fa15d7da
2217f1fd
eb04d517
0b12ebf3
c91ee61c
eff413f9
f0fbe3fd
e4bf21e7
f6e5e008
0fdfeef9
0f1e0929
c30902ca
0e4ddbaa
3bb0b113
1bff1a06
0fccebed
e512e7f6
b2c5e938
f5f903d9
fae9d867
3418250e
40eb57ee
f1eb3006
08321803
4217f800
fbfefef7
fbbffef5
f10df807
32eaffea
1accd00c
ea091f17
47ebe83a
e60e0309
f4051427
bc130eea
f6f9f8b2
051adcd8
0310060a
3b1fc908
0c0410ca
08d6ea13
0ac9e802
18120f0f
ca091b1c
2716440d
e124cf18
2121ccfc
13fb1dd7
2f040ac7
c3c13f53
fbae0bb5
0be2cdca
4cfed5ed
33e21be5
0b59a601
3a0428d6
e804f632
15f4050a
1bdafe00
2e0027fb
044fe2c5
f8bfcaf6
e01ea422
3ec8bee9
e9f01de9
dcf5f1e0
d517211e
cc1748fe
e7f8fafe
d7140e13
370f31d5
f3812248
e0edd632
f8ddebc8
04faf9fb
ebf51028
11121518
4b26e808
fbffc60e
fc5403ee
2ef50212
02a31728
24b719e3
ef1df302
c2213127
351c04cb
26f3d0e1
f6c5f224
150bd607
f51602db
c634fe1c
1cffd8fd
17d3ebfc
c6cd40fe
f5fe06c8
06ecf3ec
27f5d2c4
f22a3703
efe3e6e6
1cf60b43
f8fe0822
14ddcfcf
233dfb21
1024d5ee
0c02f4d8
2622ea00
1c17f708
fee228d1
eb0b2bd2
1c25efe3
e0d1160f
feee19f4
f7fef2b6
e00cfd05
d0d30c04
07e2ebd9
ed2c195c
29120afc
dbf71b41
e4e31864
1ad72a27
f5d31a0e
09e83907
4120d0f7
0faf162f
f4100fde
26cfc1f4
e41e1ffb
e700e11d
d61012e7
051603f9
da07cafc
f4f005d7
2205eddc
b6f0e4bf
06de1f34
da0a0206
ee19fa10
eccccf40
16e3ff0c
24e4c810
f4f428f3
21ffddc0
21eb2b39
15d40034
301d2109
3832011e
eb08a5f4
fa06ebdf
02f82bf1
c62af9dd
2dc04203
c500fce0
ca33e7e9
06cb0117
e308f70b
78190203
e8e5e12e
551719f9
0d4f0512
190d21e7
f2fe1c0a
e51f0b03
22120514
efdaeccd
eb2cecd2
17e8e9a6
17ed391e
edd5f0b9
06f6faf0
57390cec
b40fdae9
f4e0f772
3b2e2f01
fbf01234
dbe928bc
52d51afd
23fa1a69
1cfc2adc
05edf629
251f8f18
081204cc
f951f4f7
f8e0e4e5
b1e9fe01
841d0914
190a1b0f
f5f12afc
e80fda17
1f9ff626
f707481b
f2142603
fa171f28
21d2f90c
dfeff504
0df82c1f
ce340930
1222ebe1
4a40f30e
20db2607
4e36f805
e342072a
ccece0fb
3b242649
f4210aea
f128eecb
f6ce2c1f
290906fa
de1fcff3
0eea00f1
e9f5fec3
290ce128
ef4505f6
c6f9ff03
c5dadff2
18332100
fd35120c
102a0b3d
25e6d102
03012f02
0a32f213
0205f3e4
e4e84b07
0e3cfb28
d6e2f2fe
b640f72f
0a252330
f3f80a10
c401dde0
0ad0b702
1aff1742
2524324f
0de836f3
efe50710
c6001dfb
f4e5220e
d31cc723
183e21fb
1fd70cd6
0515c0df
496be73e
9bfff1d8
1a26c8d2
36caedfe
fc382117
d3eb47bc
e7faef4f
28122013
1f25f8ed
e6bc1de2
0902d90c
f1fce622
53ddd3ec
2403d209
2aca0beb
f4efd901
08290004
eadf1dd9
fce8f300
2ff31de1
fcb1d517
2dd507d8
1ff9db19
d3260cfd
e9e4b3fa
f800f4ba
b2350af2
da21f3fb
f604fbbf
0be3f1f8
c91eef1f
cb19e2ed
c5221e3f
272d0828
0bf6ee10
0c092dee
0125d312
1b83f408
4b3301cb
2584f402
cdde0112
eccae72b
15c41004
0aec5bec
ea02db1d
0c1e5308
f8dcf20e
03002e2c
ff26ec00
191decdd
fe04dacb
14f2c1e6
37fbbc00
6e57d608
1fefe8b2
ac380311
13170308
4a1a20fd
2ffae926
f6f421d8
fc02470e
8d1bebe9
710347f2
e1d4d91f
180718f3
e8de0bf9
e71ff9d5
2016d2c8
6cda090f
0e07d624
e0fff0ef
07083526
2708f807
fde2f3d0
4c0c0af8
1aec3a05
b9d0def3
50c920e0
e231010d
f51211fc
bd10d62d
f52feb0e
e2d2f3f6
0b0edf01
dedce0c7
fad7a7da
f000e8f9
d13cf3eb
fb1fd620
39ccf0d0
ee33f04c
eb08fe00
3bb90d26
dae3f40e
f601e8e7
0323d4d0
f2c1f729
d0ec0817
d2cb9e25
270200e2
e33b2760
1feb1f7f
12b509f6
0f2101f8
c83015ef
bed6cd33
ab03ca32
e319094c
c5e71fb8
0bb71a20
2d01ca2f
1811fe04
cff7f2e6
ea74daf8
caedf820
bafa2ae5
d30af30f
f03915d7
a1e8ef0d
031ae9f5
12640840
f732f9ec
56f6bb35
0bd5f8ea
ed25f0e3
c915004a
49080919
8a22fd0b
0c2effe9
18e20c20
cd1de804
f2ed2eba
2245bbd8
25e000c6
59ea31bc
fbf9e0ef
431f04ea
e5ccd62d
e544e027
15feec14
3529f90c
14192525
09090f26
dcd4dd3d
04300a03
5552f91f
c30cee24
10211c24
043f360b
efc81ad4
10eb0d24
0e23dcfc
d8120602
f9f40cff
5c04f8dd
fffa0519
24f4f401
e2ded100
0bd4ebca
d9e6e3e1
2066d80b
e19df115
31f0f315
02dad5f7
ddfbd120
2433e6c2
310d22fe
ce0d32f8
ca2310cb
e6e1fbd2
bb04df36
e317dfef
26f10149
131b2eee
cb20fffb
faf8de9f
3a31df3a
24f4facc
3222e1ef
16e122d5
000bfb01
3b074a26
2afd011b
fbd8efe3
e31e0b09
ecd809cd
d713d305
1a19dfbe
05f42cec
0bb9def3
f3092df0
ed32f2f2
0c2011c2
14081006
211cdeff
ddfcdfd5
f2d124f9
16c0372e
dafa62fb
fee21d2b
3728fd08
03151ad2
ffe4d7ff
27fbd924
156af9f3
f1cf3e1f
f910c19a
30e14001
fabd0831
b7ddfb0a
27173cff
d30f06dc
ec33033a
20d6ddc6
32e3fd24
fb2121fb
f0242b0e
22e301f7
ea1deb2e
620942e1
02e61623
d105d02d
c304e425
dbd00cdf
ee331419
f214e011
2adad6e6
2600fd14
e7e807eb
ea1b1705
07daf3ff
dcf5f0dc
0fedfc01
a7e3dd5f
5dfd00c2
0d07c616
c9d756d2
c5032f2b
52baf402
24c3dc23
3bd2d6db
cee4f8f9
da27172d
3229bd0a
38ff0aec
0641bf15
28f22df1
d127c254
fcdf0de1
efb91ae0
0d0d1108
d8eb1cde
ff911ce4
b8dd49e0
44001ce5
0b14dcf2
0e56f7d6
0bd1f1fd
d130dec0
d4ee1cd1
2de11c37
b7be14cb
000d2195
1a0b0803
f0eee3d7
701df6fe
29e30a11
030f0e21
e4f52c4f
120ace12
c429dfcd
00ed2be5
e9ddd023
30ebdd15
dbe3faeb
1d0c0de8
18f6a54a
281a0836
f61b2526
de0c213c
1cd51bff
e220e714
e25010f7
300cfeec
ca022ed6
290b2cfb
00f103f9
f637f349
2c17f537
d35a2ae6
fa60101c
ae0e0a03
c21d1739
23f4f8a9
16f8dd23
effedd1f
480517ec
f91413f1
f8264807
e192ea10
2ff8b0df
25f51315
0122031b
eced9fe4
0712fd03
1f1e1130
fb02f0f0
0cfbfcfa
4702cafa
0ffdfa1e
5c0a0e06
371e40e9
1712ff39
d5acf9ef
32bd062a
1a19ded5
38fdec9a
e2ff4bcc
f314b607
f8faffe6
83f3e7c3
1816daf1
fa9bf717
eef2f58f
3ad3ef07
ec1ffbe2
0ccbf41d
f320c40c
1825f20e
0ee91d06
fdedf2ff
e7fa04f0
0c10121a
04ee0d04
ffca1de2
01fa0a0a
012e0a40
f724141e
d6f9f30d
19cedbc9
f3da05f3
d00bd203
a1340613
f3c3ea3c
300c1c0d
e1ef07c4
a905d72c
f3070501
d630bbfb
3046148e
10e62abd
d90a2cfb
10e3eddf
dec84ff5
4205f2e6
0a111c4a
0a080cfc
ff1404da
0dfdcf35
f80f09d0
ecdffa29
45c65a19
271a0c5f
340616d5
d0ebee00
f8f60ae9
1de70fb9
22282ae3
f3200a0b
0f0ce6df
e6ec0301
eae6062d
eb091ef7
17d91024
e7140fe2
ec100df3
f1ecee06
01f00cee
f60919fc
adf10aef
d8d4f4e2
20f71cf3
12f407f6
efe90215
301335b1
e6e10bd4
e4ec0e04
27dd0f0c
200c37f7
5051f4ce
f5e2b334
4beef1aa
17a8f404
33bc1202
58ea1b12
cce43525
0313fbec
f1f9df14
d7235dda
001c0c05
3919e6fb
f40c0312
c911d1f1
fa06f947
25e81eef
e0e0c72b
350ffbfd
f212e508
da17d7fe
dbe8250b
092004ec
3f0eedfb
04ef190b
0b17e925
09e6cedf
2823f4f0
a4c637f6
192002fa
e1220cdc
10efef06
de11eff0
04dfdfe9
ef162700
12dff706
fbebe615
c5014411
190bf6e9
f01ce823
19e4fafe
10af3303
0612cf1d
03d4fa0d
d8f5bff1
d5faf5e3
f4fe1b1a
0728d30c
dd23de2b
ccf0f5e7
c8eb1df8
0b0ccae8
f811e128
1efef1a9
bb1c1d13
e0fee3dd
0be1d320
f2e5efe1
0b3532f7
bfdee80d
d1a0ecf4
2c26bfcd
4b4fe5d8
d8d8ff3b
d1060005
36f816d3
1bffe928
eeb2f548
2002bef0
a713e807
d0593abe
dffb440a
afebe832
c71523ee
e5d0f022
f527292f
dffce7f5
0e0cc9f3
10ec14da
2b0604fe
41da22f5
eae81201
020ed2f2
080b0dfe
8be13234
1522cdfd
b5fc0109
001d31ff
1cc8c1e5
e6df3a1b
42e74a22
deecc94b
e53210fe
c206f62f
0cda20dd
c3efdb39
df01d118
edc40fbb
fd00fad9
fa062b10
e202f9f8
10e1e51d
e9e9f8d4
14eeeeec
32f4e5df
f80df3fb
d1001fe4
1f19fa17
5303ce33
07dd360c
dacd2a5e
3116fdfb
f513e3da
53013727
d40d6b4f
3c323fec
fecb30fd
ceef1711
eee8e919
edd802ea
f9f013fe
09e3e3d9
fdf622f0
11f70512
47103e09
cdf028e2
bed60128
f012fff9
8fe3de19
04172809
d6f4fcf2
f0e20c70
f0d5f03c
f1e8e5fe
07401326
52a9f0e5
130d1bc5
0b05dafd
fb13fda7
4810f817
07d0e6c0
f0df462b
e1f24a1e
180f2f2d
22acffac
dfd01401
90e709ea
37210912
ec2a1d30
fef41129
fb0f2df3
fc28f119
c000d0fb
e93f0402
c0070310
f311fd02
0a14ca2b
1c0099fb
4922b033
1130edf1
3bd8de11
f82f0b3f
261e11c8
f45036c6
e7012afb
2b156f07
22072318
3100ea11
f6ebc003
ace5fa56
edda00e2
e3e1f5ad
110cdefd
cebdfed3
f4e215f5
270f07e9
1736020c
04120ffe
07f6f3cc
09ebc4e2
13319df7
1741f818
e339352d
f7e4f2f9
e3fb2822
b5051bc1
06ff5acf
0661e32f
23d450fd
f8fdf4f6
fed9131f
3ffcf9fe
ff322b0c
f112f3f7
00ed07c5
1af80307
160ee1eb
05fe23d7
fe0704fb
08f8f705
f3fa160a
f8eaf705
fdecfbff
fbf103fe
29a41adc
18fefbf5
fa10e30c
e1ee1b57
3c1beb7f
e6f1390f
810ba7ea
ff05fd2d
0d10352b
00ff0418
dceeff20
e8f1dbe0
885df403
35372fce
e217c701
f4b819e8
04ccf41a
29e132f2
0ef74454
ed0ffd2d
0ebcd313
01142c4f
2028f757
fbfc2244
07d5f613
05e6170b
de021110
f2fef626
dd250d4b
1715f7d2
0314ea18
03fcf548
ebefcb0f
13f02418
10fdce14
5bf6040e
4312f80f
280317e7
fbec0111
de3ec345
fd1c0905
11ed29eb
1218e60a
0a06e307
c82d0afe
ff1e1a11
0e19edf9
200befd8
e4ef21d9
04130b03
e854ec16
f12f031a
d6f725db
7f2e0af8
04e921f7
e0ee0620
0a35df12
df1122f7
aeb614e1
27110ade
f219e5c5
c6d05347
1b01e40d
2dfdf281
2be51bf9
ccc1313e
eb02f4e7
1ee3f2e0
1f530728
2af2ab2f
01e60b19
ec0bf4fb
e1da32ff
c6fffae5
e7ef22dd
e2f834fe
e3fbc91a
f01a2802
f2220f00
eb0610db
d8313dec
0715d2d4
e214e9f5
0eee18cd
2cf9fb03
e05bfd0e
1fc9f318
e40a2fc7
cef5feec
03ed610c
e40425e1
e3dc2423
15edd70e
c7d3262f
fffaddcb
f413f50f
0a01ebe8
0fffb901
f0f005eb
18101bff
fc200113
e02806ea
f70afb08
fb1106fb
06140b30
db1fea0a
e7df1327
12b309a7
d5010bac
1fd8bf18
06eef737
0a1ab3d2
2d1119dd
e6eef904
342a2cd8
ac04152c
f3dcdd0a
291cff25
1301030c
fcd6e20c
2d27db34
db0c1409
f80c26f9
012c08e6
e3f20505
370ecef8
eff9f914
0115e811
55bd0e0d
e80ff7ce
09311ef6
ffe9d4d7
2126fab1
be0bebd8
0a45072d
0201e6ee
69fdb81f
f20803ee
2563de2d
0649281b
cb5fc2f7
cb2b4ecb
45062415
f109f410
ee1ef000
fd0cf9f0
3dd2fe24
d801c900
a4f9274c
ee100bee
10fbd90d
ff1b0be7
26da1d06
ec15ff2f
f41506d8
0312e8d6
e6f028ea
da0ffb1d
0ff8ddf4
eef9192a
e439f322
22f32a26
1b2fd8f1
ec011120
db2ddf17
22370b02
000fed08
0dfceef2
b8b919fc
0ddfcfeb
f114f2f0
cad6fdd2
c3c826fa
d72bf625
d214b9fc
ecf32405
223468ec
18e92fec
07f5fbf9
2b1f00d6
dffcf8fc
e306d139
ddd504d6
c72c2bdb
fc06f7ee
2cda1306
eafefb34
e4cf25e4
d2f30401
d7e7e9cf
ff02f0e6
0e5506db
00fc0ecd
f8e61dff
d10a0921
dce9fff7
27f8e4d1
0e1c0ad5
19fff32b
150dee4a
17fef8d0
e516d7e8
d7f41f1a
eafb0011
e7f1f4fc
f3c10af7
03ef18ea
e9ebf2e8
05e50ab6
233dc44c
fdd50de5
15dbf618
0723c2df
f757e506
1181131c
032ae620
0de6eef6
fe08fe09
0bf3ec05
f122eded
01f0e719
fee709e8
e61bf00e
f205ece6
c404f644
11ebaa1d
03ccd7d4
1c1ad0fa
9bf10d10
e90d08fa
31f028ed
1b2001de
0c27f700
08d1db22
13efe328
fe3bccf4
be21e6bd
e7091404
f8eaf0e2
18f2ea1d
b0e0eff3
effa352b
ddd43549
e6f20c3f
e819ecfe
f100fbf6
f101e50c
3a05de13
2bcdf4e1
1ad633ae
091ff3d8
2f0d88f1
d909fc42
c9d80ecc
edb9ac22
301316f0
15e3e2ef
112cef14
31084a07
e0e9efeb
4de40e18
1df90f12
d8fefc0c
d607d217
d5fdff26
e215ee0a
e3fd19ec
c8f8f0d0
bffc0d33
15f124fb
2ff915d2
ed15001e
1ae6dd1c
0bf24aec
1cf8f8e0
08270305
49dfa4e5
101cf6d2
15f31d0e
32fb2b31
1cf805fe
05d4e913
ef12e9b5
0a19273e
f0e3272c
f24aef07
df05211a
1221fa04
03bcdc37
391507e4
c0f5eb0f
d8f7ed40
db01e52c
f3f2d443
191d1d5f
fc16fcf0
1a2255fe
fa0c1607
0f1b13e8
28f6dcb1
20ad18fa
0cd940f9
cb06d518
23c8f827
e016e907
e40e21f7
09e0e509
2d34eb12
38ede5d9
bcf60a3e
e2ff00f8
340008e8
0408d707
edf8f4fd
05fdf80a
11f3fafe
15fcff07
0cf40b06
fc03fd17
fce1f9fa
d3e2f1d5
40b2dcf9
d9493f08
062c1af5
08ea1a33
cc1df205
0710cbf4
cb0c1418
0a331101
eaffc8dd
cf2033fd
d9ccf7d7
19e0c023
0316f3d6
1c144fda
1dd508e2
c06631d5
ccdad83e
fe0cf60a
ecffede7
eb0e080a
1cce14c0
02eb2621
e50605da
de1816e3
f1f1d4e3
ce3035dd
eaddafbf
1936f81b
efda062a
0b1fff0e
e4dc45c6
c0e6d1cc
d2fbf6b6
bfcf1dd4
9befe0d3
b7f0a4a6
57e8b712
a5e0e536
ca2fdd0a
d008b1fc
c72cc41d
11213009
26061cf5
ec951003
bcfad725
cec50fe7
0a45ee09
422ce1d0
16773c0c
e5fc10ba
0d0f3e0e
1fc31503
edf5ff16
fdf7dd63
d4f808f9
0127eb22
11122f1d
fa27fd3c
e8d9070d
c7aaded3
0004f2de
08f8ea00
0bedcd05
ec1b092f
fb13010c
f02f01da
ecfb0214
1109fbff
f915e82d
122fe826
f41713eb
e9c4260c
1a1a3027
2a07b50d
11c91d09
c710fb1a
e4e80e14
fafcb0c6
edea1030
06e6e828
2238de0b
feed460d
02cfbd0d
f5eb00e4
52df1b20
fd1cda15
20011e34
34900b0e
3013cbd5
ff2af3e0
55e7c60c
7af1e914
b3e4eb0b
1f06fefc
dbf400d5
3fc2e5dc
ec12e80c
f5b91137
dd380110
2ad6fa16
23ff3e0b
de23cb0b
baebfe00
e861261a
aa04212b
52e6e52a
fef9c0fc
dfe31311
f01eebfb
fe24e60e
151af8f9
e0eaace8
f2cb0e10
00dbfd16
06090e40
19dbf41f
ee39e4fe
f7ef3f23
0e3bedec
2546e000
24f64cd5
0ef9f5e9
0524e4ec
fd06f1e0
3a5b1d39
333b0a23
2d040401
42ba0ed8
f7be27f0
06e9e11f
14124afb
10ec0ce7
98161cd9
d809f7f5
02aef329
2ef6f3e8
08dbd11f
ee4be4ab
d717f300
e9ebfcf5
26fd11fd
f200eadf
faf71422
0562f9fe
22f5f3fd
4163f5c0
06460218
56cc14f5
03012331
ee0dcbcc
09c5f00e
11faf4f8
e3f10203
030fe419
06f5f5f8
02050907
f7d4fbf1
f8ea27ff
001bf805
1effef09
ea3034f8
f2dc3339
e4d5dd33
1b321107
0efe0cee
e42ee4ec
411bfc3a
ae05df3a
bfd5e9f1
08fee4c2
f00535eb
c6f3eaf7
2896faf2
02e0d504
d70be60f
04cb0ef2
4218f4e3
a4539952
0620dc2f
f137e216
eea5d5e6
e0e501bf
1bf21be4
3fe2ff17
6a00f8c2
94e15bcc
16fc3a16
cc1dde25
e9f51620
01c7ddf2
1d1edf2b
eae609f6
f7e62f18
f80e11cd
f620e001
f50bf4eb
120ffa04
bf0f2301
1cfefce7
db0a0c18
f201f1e2
100b0af0
0ff5f403
b85b1034
cbe100e7
ea12f9c1
251cd747
d9a502f4
f823b0f3
07eff3d5
0c071915
252c08e3
a60ae61c
0edd51c7
1decf0db
efe70303
f50bde01
3a0de016
c202f0f4
f7fb000d
2ed5f318
eb18f5cc
1fe716ee
2f4401fd
ac4acef6
1a0e1bc3
23e106d5
1e000bf3
b907d02c
30e9234e
fa000d07
a1d8dbfa
d1d517b6
eac81113
c0f9eee8
304300b6
cbfa027f
0d4330dc
f912f734
3e2d20d7
1200d5bc
220828fc
e9e8d509
0d23eec7
21a5adf6
2aedcee8
b7fceec5
20d5e0df
19183509
f8fd5105
24fd12d8
f8f0cfc6
f231e533
f2ce1217
fef9fe05
0d2b240b
35f6141e
01f405e0
3029f7f6
c6dccf1a
efeb0ad7
20dbebcf
f7c51fe2
3f09f50a
b84bf419
28d9e832
05314236
c6c9e2e8
c64ba1e0
11dee9c4
f47f27fb
0d131300
e52b0b72
0b49d6f7
24fe09cf
0b15f611
a4f7322d
f8e9b2e0
1a0426ec
ddf92322
411ff10c
f10c1826
fcdf19ea
f53016d7
d82c2133
2f032111
23e305d2
2ef01eff
fc102922
fbf2fb1f
13f5151f
f1f8130f
f2bff7ed
0f0713e4
0c01f603
eab91506
c11233d6
f3f8c752
f02aff3b
0704e7cf
1bda00e2
da1df92c
ece9d702
eb1acbef
f4334109
323aefea
4009bc0f
41cde7f5
fa0bf2cc
21d3d1dc
33f235d9
e912f508
ecf1f3f9
f7f30ee5
05f90707
0410fdfd
f41e1d07
f0f50df6
050a08fb
16b7d5f1
1be70104
e610e3d1
ff0b0124
4d023119
33c91525
dd2227dd
17ec2517
b00bee02
dbfed7a7
3602e124
1c28df0e
0d06fde1
d1030126
07fdce25
233f214d
ed31191f
0800f5ef
391fee1c
f6efe7ee
fdd0353a
c42ff5d2
0725e839
de03fb03
20f405fd
df0f0607
c802ce08
0adc01fa
ebdc03f3
02210dd1
0bef10b1
daf5ff10
577ff830
172bc7f8
3f01f964
09d51cc7
e11303de
f5c20905
bffc04d5
db24dee8
fdf5fbe8
14e841e4
e6f922ff
4720d2e9
31f73afb
1a1702f0
f907d3fd
110c1cf8
f0b608d0
fbb6ee1d
2e340c23
a80a1d1c
f41eea25
21f5f510
d10ddcd3
35cde2e6
07f9f9fb
eaf7ede1
0dfeed06
1610e2ed
44e8ee11
020ed9e7
23062904
03faf602
48a51817
2822f0cf
c20ce711
22f72415
360ee655
f8c407f0
40fbec34
f30d2028
27f012e6
0cf71fe6
10f419ee
45f7f709
27103003
df16f1d7
0aee06fd
1ad6f7e7
d32dfb1c
d4081eed
08e310e4
1352d902
15f02067
e1d318d9
551f0426
22eefbce
e2e21b12
0f3ad1fd
003769f6
0c3f02fe
f9bb04ed
ee130ab5
f60706dd
4d0801c8
3dbaec06
f5c636ee
2025d8d5
f91feed2
e7e50bb3
a92c7fb8
f0152ee0
0a11fa08
f55bf52c
981ff709
1823d115
33da7f65
fae2ede2
e3d2cdd7
f3132036
57bd08a9
01261202
fa0400e9
b5d803e4
3f1cebc7
159d001a
d33a1a1b
1315aa3a
e3d6e9fc
acecf2f2
f8e537f4
3ae8f4ef
d9f0f9cb
ef20b4d9
2bbd92da
19e6ec21
fc1421f6
044efcef
dcb7c014
1911d4c5
bee0c305
ed181ca8
21e40fe3
e81cfb13
27ca1dcb
fa14dff7
f61c0148
46f43ae4
c2d92f04
f99cef19
fe1aebc4
49edc8cb
1b020a14
f72d2a04
d61e0fd7
08daf7cb
eaf03ff3
3e1a0610
da02d701
fc163ec7
e3ffdfd1
ddc8f1f4
cb4afc32
dbd11d27
f60a1ce2
14d4ffe0
25eaabf4
03081411
dce50a25
d1ed26c8
0bf1bdeb
20ec1529
0e1cf42f
34e52ccf
dbd8e746
02041fe5
22e4340a
ad001e1b
0fe9f61d
22ef04f8
0d07ef25
d51918fc
f916cfed
21370cfb
28edf50d
221afbd1
e8104a2a
e038f1f5
e3c90af6
05b4f68d
4bf10ede
26cb20fb
211903dd
caf1ff26
df0dd7ba
e5df11ee
0e5703cc
d119cbe9
26d91c10
fbeaceea
1e11360d
1ee4fe26
13088bd0
c35d00fc
c308fe06
6cc6d72d
f5580011
0a242523
0b52d6e1
c1f4e701
36192662
ed1f812e
0dbf302a
02173eb5
d59214e6
17155142
effc071c
4a3d14e1
a5fabc08
3b9ff806
00081afc
0c361c09
1726a528
4af0ed17
2dba40f4
1dfe22e7
05391422
e99b0d02
1d0deffc
f23b03c2
1b10faef
efe6103e
f400efcc
f0fd0eef
e310410a
13f133c7
fb0eed1a
093ce097
32fbd3ce
e7ce15e4
cc0210de
b83a3811
e9fc3169
de041ab7
0b09d921
f5d11432
36fb17f3
e9fbead9
dfd60b21
6bdbd71b
edfd07ea
16d80344
1d2513e4
dddcc3e7
40f5db03
29d0db33
ba1e33bd
11cf16d7
e39e05d1
ef04cec0
85e7f412
f6d30217
060e1405
fc2ef6df
daec000e
5cfa17e6
5d7fe5f6
241210dd
d5512c21
c33bf528
68f80004
d6e8ee0d
2abae5cf
b0bff13e
f016b7ef
fdde392e
3efc0f04
e7f8f508
1ff5e2ce
fcfdcdf9
3f01ccae
f52043d6
2d1bffe5
3be4f819
cdd1f42e
241f3b45
03d4fafe
2a2635ad
bb02f4f8
49e7f105
f7ae0005
2408f9e6
e8231ff1
5c04014b
e7f2f30c
0a215bdf
01f5e7e9
0debde03
d7dee81b
1d01d6bc
f10ad802
c1caf0ef
fbd71034
fbec291d
19ec0ddd
f1d8fad0
3520efce
27070c20
eb10effe
37ecfc19
322aee1b
f70dff9f
e7ef462b
d6b2c414
cb1eeabb
f115d6cf
f6fcf0e1
cf04d90d
fa3f5802
0516d5df
b9042ddc
06f5d0dc
080a3031
16d8100a
eb0a07e7
fe00edf7
e323f0f2
f1e72cdb
00eff40b
eef42f0d
dae91810
2a500926
0b321c2d
05020602
11e540b1
c1d011dd
d0eff6d4
dbb8e4e5
20de05d6
f1ec19b5
f7ed04aa
ed29f609
c74c990c
09e5d501
fc121dde
fb17cbeb
641d270f
fcd5d801
efe127c2
1abffb5c
26f41013
f4ef1d69
c92b0e04
0aef1007
d40ed504
08fdf0e2
e6ee3f30
091504d5
0f1a201f
19f0ddec
07fc07e5
f10c08f2
2c05cdda
e41deda7
e9421813
1e4d0ef5
09faddf2
0bfee8d1
ea05d614
15ff0608
1f1ef406
efee2f0a
f1fd06ea
0ff4fe21
35da34e6
08f3e9d5
e900090b
fcf003fd
351ef7fc
c800fde4
1a290836
faca0918
1c34f3e8
2a1835fd
ecb3f02e
e9ff4318
7dcae3de
ec2bf6f0
001f1efe
cce919ef
f319cafa
17f41900
f127cbe5
58271015
0e46f014
ff090732
23e3e5f6
18080bed
ef221e2c
18e9e215
fd5100cd
be14e83c
26c99ce2
3b3bfce0
3fc3191c
f9141e01
c448eb26
f112fc31
fc002ffe
9febf1e5
2539dff7
0d2507f4
26c93338
0845c202
cdf11403
c9c03512
eecf3102
920f28c4
0e5020d9
280933f9
d10cf8d9
251018ee
fd2d0ef6
3dfe1fd1
08130e0d
f7f6d4d0
b3f42418
d9243743
0dd53121
1c081df2
fef8eff9
fbf00eed
df21071c
e615ce0e
2607e90f
1b1d18df
ffeefe32
102014e3
25e2d525
0a1a08dc
21f60dec
d31bccf2
fcc12c10
def311f8
df0f041b
2014fa17
171503ca
e7ec16e1
db10e401
0440ef00
fce8f920
040803f6
0fed18ee
cbe0282a
e8b238ae
d81c2638
e1067fef
f33308fd
ebefba0e
0dd841fa
defff1f5
cf3e1648
1f0c29d2
1a1f67a6
1432fd1a
fffc03ff
fdfb0100
fe030102
fe0001fa
020003ff
fffd0100
02000105
000001fd
551114f8
080227df
2ac9fdb2
11cce6f7
280102e7
fd0fb4e4
ed0a1b19
d7d3e745
a69dffdc
e06e4302
c62a033c
14e9fdec
eaf10329
bd0f11f6
12d2237f
120fe732
04fff900
f6fdfbfa
fef2f4f8
070004f0
fdfdf3fc
f80209f5
f0f409f3
feefff06
14fbdc39
cab4dffa
e003090b
0d390b36
0f1e0add
e6d5f9ee
491ee32c
f611feab
0d06e20b
1fd7ef1f
38181ebc
f1fee8e0
bf0e2ceb
1ff1d350
490cf3e1
d72b25fe
f1231c0a
102f0812
220bf49b
159c02f1
380f00e8
2328d50a
11dc369c
f0dbd9be
11c6120f
1a3cbef7
f5390422
220e0ff5
f2300c30
16f5f5e2
e8ffde16
0dfff9e8
35364de6
40fce801
fef4d5ef
e222f209
bc120806
390026fe
e6faffcb
d8d0f0fd
35e1dcdd
1d0c38c4
08f1d139
e14d149e
1247eafd
ff18d4fc
0ef6cad8
7f23f814
52d8e702
45bb07f8
1411ff7f
f6ba3b1d
13de15f9
00d615e9
e6f5db29
0cfaece1
1cf2e7f3
f0c4dd21
41cae250
25e805c9
f8fd0de5
422900d2
0fca3a37
0a04572b
3ec6d51c
fbc015bc
52edd211
f8eae73e
014cc6e9
9708d9f9
db02f8fa
334f1645
01e413ef
fa109e0f
e5e4d92f
040ae32f
a5b80be9
43db1b21
0ce6d1e7
e3f8bf1f
7fd603fc
22ed112a
d61cd706
fef7defa
f21009e6
52f0c100
ff0c0819
2311e3f4
c04114cf
3dfbdccf
edcedc1c
f1f5fdbe
1417fa17
aa1afd2c
1fe009da
d9df3f05
451109ed
e3f7dcc4
0e2116d1
d7db04f7
e6e2e1cf
f9efc436
47fb9d1d
e4e5e0c1
1500340e
fde4d0ef
02f5150b
e410dee8
54f33315
1efbfeca
071f1b9f
f5f8fdd7
d5cf15f6
d4eeebe7
e7f216ef
15323a10
0c0200e9
dee516a0
e4ff06d0
571a07eb
06f9d904
fbf5f004
fe060d10
0cebfe07
150608f4
14e20603
f4fff504
ffec01ec
300b0e0a
d717f415
25c51f24
e6fc0943
eb7f1004
d1da0924
d41fd741
df111d3c
0f142211
2003eef0
dbe6261e
33060427
e50a13ed
1dd3f11a
240c08d4
f6f1faf2
2a74e51a
26edcb19
fbc9282b
22df240a
320535aa
f343364b
1f302e27
000443cd
c532fb14
dbe5f320
11d50f17
ce0221f2
edf743cb
dafc3c0e
1838f004
cbfef423
b2db19dd
d2621ff5
7f00e01b
ed0cf715
0fec29d8
2313d5e5
c30c0232
a42bce1c
0b35eaf1
1806fdfd
0c281fc3
0b020c99
dde809f9
c23dc417
1def052b
f3030dd8
d427df12
4416fa08
b95cf5b1
fcfbdef0
190c33e0
25d4ddef
f0057ac1
1b5522dd
fee70e0f
de0b1bfe
0623f7b7
050b0638
eccc1942
4803c80a
e11d010e
52000d30
0b26f710
bce22aef
1435f94a
ea1be21d
f000f211
13dd0cf5
18200437
2239ffec
d9eefc05
d8e7e1ee
ebf6bf02
e9fc1b05
bedcef04
03011305
0e1db5c2
fa0423a3
f3f1f5fd
15131c01
d7f6f504
ff141601
eef7ff00
2830fb06
051511e5
0700dde3
ac320a18
1bec0dd6
c8ed2b50
020bff0e
07fdee18
f001021a
e1154ceb
ea33384d
1a090c07
e10deedd
f52fffbd
09ebcd13
bd17f5e2
d6f7229a
0be4f3e9
e82cf015
ece60309
fed10b30
d0dfe815
ece7d10e
d4af04e0
1df6e10b
f0e5cf09
0b31dddf
e3db2239
1e44f31f
e70903e1
3b13cf3c
bf86162e
241eb345
cc001b8e
00d2d713
fdde34f0
2020fa0c
0a1af513
17f6efe4
39e6fcf7
080bbf04
1d07f108
eb0403ea
13ff0222
e907fde9
0deef6ea
f302fb0c
fb0c0f0e
efd6ff18
f8ff13fe
1610db2b
01ff1006
df00c9fd
b00024fb
dcf8e524
0e1c11e3
0f05f90a
1524dbf3
08070832
0703020b
34bf0f42
5df22cd3
0625faef
9e4c15c3
38c72a0a
30dbfa0b
1ee20908
f6ba121f
11e319ed
de16f3f4
090f1dfe
41260103
081b0b28
052027e6
02fb05b9
cf2007d4
3adc1714
29d51401
10e0ed05
1a29ef2f
06ed111f
daec3f0a
f4ea2423
161f0404
0b013307
e8ffebf7
d3060807
08c81503
0334f402
13d01108
f4ee11e0
ef211209
ea82e8fd
ee8a4604
eeccd5e5
6f0a182a
1a120ca0
d3153519
dc1fdd22
f61b3b00
1d0bccf3
04adfbc2
d4382640
c8df1616
4947f42d
ee20fe27
37d507dd
15f33c01
f428e50c
0119e59a
e90536f8
d06124e5
e5dd0e24
fbefe1ea
1addebd7
fd1a24fd
35941c59
afb1d519
3036f7cd
5718fdd4
06ef1ff4
090600b1
30d6f00f
5f2633d9
d41efcec
0ef608d6
f62afcde
053e3b14
ef11fa10
dc01020b
28dbd64b
f2eb00d8
fbf309eb
dbf11de7
faf0faed
ed290f30
13e91211
2d051ae7
0e0ae3e7
15de1921
ebef1021
230fee50
5c020bfa
033f1316
e7de180e
26d61148
f81bddf5
e6251ff5
0f14d35d
cd3d11fd
180023e6
341209d6
d8dcaf0d
02e0c3e6
ffc9deee
082bee36
250bf6e4
e1a0cb0b
ff1b0153
ecffd300
30af0100
e41cf5d3
f9f806da
aa3e4d2e
f5d92614
f2d0bd27
56cf234f
e30b0914
eef422d3
4717db4a
e0be18cc
1b0eec19
3118e3c1
f6c6cbf0
cf00fb0b
ef98f22c
e804e727
291ee2b7
ebe4dcf3
ab1505e2
2dc627f5
25510828
2ef0357f
6be61b1f
15e119d2
54ec1464
4618d50c
1c012d48
b50bf513
202de6ea
4ced090a
15f8e219
41d22a35
11e7e317
f7fdcefe
f5f6fff4
0a11cd0c
1515c703
e80d2504
422500bb
00103e03
2e21010f
ea06fafb
ffe9c6e4
f3344319
51e4290c
fe2c18ed
15320353
dee7c4ea
4ad40fe1
391d0b51
eb0ce6ee
f30616da
f5f2fff3
1ffe04f5
cc0b16fc
08010902
08fe0602
0cfa0305
0c20f6ed
f001130b
0ef1eae5
140a03d9
f509fe03
28f70b02
10120de3
0e140d1b
cd122205
042af3f3
e1130611
18fc1de1
1a401400
a4fc1302
bf16d71f
060c1d26
d4bde40e
29260830
ea0cf721
1b16ce41
db07290d
08ec41da
1bce641b
fd32fde6
5202e5e4
e6e7e204
e4ad16e1
d9f70e2c
cb16d72f
4303fb3c
00d6000f
11cfd51e
02f93017
fdf0fe04
09eb160c
1ddf02f3
e8f91226
10fd08fe
ff09f2ea
f9f70502
00ebea0a
1d0431ed
e627eaf7
d82eea1a
13150e02
dc011116
fde8dd22
1df70b0a
763f2318
32f7100b
04fac5f6
260ffebd
bfe602fa
99d80dd6
cc13b040
ce5d18c5
04ecfdf4
05e910fc
0ffd0bfc
10f80aef
08f8fa01
03fe0601
010e0afd
f5040303
f04117f9
cba9d3ee
1830212b
2d14e298
17f4d04b
40f60ed7
00dac391
03e21211
14f11bed
0ee505e7
ff0ef709
0e0e11f4
eff80df7
0b12fa11
07ec00fd
fd05f718
36e6280f
dcf6fd10
2acd480b
27f5d849
2712cada
5f08c847
ebd03500
e72316f3
07210b10
fbddd7e5
caf7fc04
31f61d09
0f32f602
37110312
e8ee0d33
0415ff07
d2e11fca
ef421e21
f9f6b0f0
d407f9e7
de1e370a
cafddaf2
182c10c9
e101fd41
bb164906
fc2105d8
01f1031f
0f15f340
18dc16f3
2ffd03d6
0115eded
1ed8e621
eade4ac4
c352282b
0d1de5eb
090914bb
58d30415
c3101a13
02ecf2f5
def620ff
fa387ffc
e2ce23d2
112fe0d3
451d0c25
11f922fe
c5d325ff
f61b112a
f5ed34fa
b6fe68d7
e04d17a4
4405f1e9
d0cbfa08
082ee2d2
259b372d
1b0323d6
eeec17d5
c80d4f2e
ebc105e8
e11e76db
f395031b
c50216e6
050205db
4b1d2443
110ebff9
130ccbf7
fc0fe949
0a11d31a
570afd32
7a3cf206
24290218
fcbdf7eb
382ad8da
de101626
1600ebfa
22edd622
a1f8e4da
81131f0e
262fff21
cd2fca24
14ead826
44150e20
79406154
050d1aeb
20d9ec0f
e7c818ec
0e7cdb15
dd0d1ff4
dffdd505
f0f5e4e3
e7f500f9
c8feec2b
f300f41d
f2251424
45f5fcde
0304bacf
fe22fbdc
26e916f4
ce39e411
4c21d317
14da18da
b60d0afb
2114edfb
00e3c879
f5d4e0ff
2f081239
280aedcb
0411ea01
f103f927
e7abeee0
aa1adfff
1a3620fd
e112e00d
daf41711
fe2afb45
25ffef55
21d01a19
def11c72
c8efe200
e505eaa1
0d23ca32
22eff7ee
e433eadf
d307e4f3
dc07abb5
ca06e0fb
04f213f6
2dd40f2e
26173af7
ed0701ec
f1f7089c
00e639f4
b8d2f830
0b22e9d2
0dd6db49
e5132de4
19241a20
083819fe
22ff1a36
ffebfe14
f9d0ed25
ded5e61e
d20014ea
fa29e5e7
00e93750
4aefef24
f90ecff5
f330ecfe
e3da2cfb
b70f1003
e73bca1d
f928f726
d2190606
e9391c10
0141d9b5
1c0d0ab6
d0e2fa2c
f4011608
ed100e0d
fd3bdefc
cdf002f3
eed90424
f4d0e70e
ec3231ec
0028cee5
ce2903f1
fb4ccb1a
ea171b5a
f611d92e
050de4fe
0a12e3cc
06f71647
251923db
2b090209
9fe1ddf1
e40c1cf3
56041418
c9f72205
efd3ddfe
ccab02a5
f7ec1dc2
eae6f232
330bd831
f4fdd738
0be516eb
d9d70537
08080dc3
4e500bef
17000f01
4a490cda
e3d6df2c
253ef017
dc061c34
b82719bb
20dbf1c7
7ec2490d
d703fa2a
1c4e05d6
05232bd6
0404d306
0f2719fe
be5faff9
ebf90726
11fa24fb
0e1e37f3
d414f509
36fa3303
e5d826c8
df1bda3b
cfe316f8
17092220
2017d30d
ed1ad125
fb03f8d8
4024004b
1c00d923
00ccf50d
0de4ee1c
1def562a
f52cdc27
eff8f90c
dcbbcb05
3dd93140
d1f3e9d8
2f0fb40c
04c70e08
11e6ce26
f1af0cf2
0ae61b0c
e1d63909
2ad2ea0e
0c1e55e9
f4f515ed
c2321217
ef1945b5
0f021825
cc0ffe12
17151006
f14736b8
306b1f20
e404fe15
fa1518e6
fd0fe7fb
0efbfcfc
caedf2f5
f4f7fffc
0e001dec
060afa0e
f60811e5
2d1b20f6
e92608e6
2e2b3e1b
0d0cf70c
f3f612ee
4f22102d
f5f0f63e
041ceb22
de3916e9
d003c3ff
eec5bece
c101e6ed
a8b91f36
32e8282b
10f1ce1e
203eeb1d
594420cf
f425a6eb
e9e1c105
041333da
fe22dadb
cdfff2db
14ee0f23
fdebe303
16d710f3
f42a071f
1920fef7
03f1d414
f858301a
3af60fe9
dfff4ad2
ea2d0eea
e40b02db
fc062a12
e5d0d5b9
2c0b13f5
f80c1923
041c26fb
e1e1e922
f5e500c6
c82ec914
1c27e53d
0d3401df
42cc08e6
11dddd05
bbcb20f2
fcaef2ee
f808d9f0
07050502
f209100f
2208dfe7
1afa1706
113d3c11
220cfc07
ebfd0d02
17de3d19
fcd3c2c9
19fe1d4a
cefb05f4
9ef8f7e1
ed131a01
ee07f609
4800e0e6
fe141507
153ecc16
4c17d8d8
fb33ca04
a4faf4d6
d549c61b
cae0f928
f82dafeb
2801cb1c
e8ee0af6
2d0ef6fe
5dd6e0c3
1c014318
3201fb1c
0e14d822
04e11f06
013ef8fb
14f84df2
e9e0de20
00f2fe17
f7e30d23
e10813c0
e2dbe712
15f83236
fb260828
311db412
5f712eda
ca181042
d0e71f0e
1e01c93d
d4b9f942
0c13e551
ec2af861
3cf50f08
07c1f53b
1906ec14
4c03e8d8
f5e91fb0
cf16131a
00d718ba
dc0c18d9
2ad325f6
7716c8dc
1af5f5f8
e3ffe70d
09d815ec
ea304de8
1b2411cf
f1e65dd9
bd171cf7
e207fdcd
e1f13ce9
e1dcc335
2207f21b
11194ef6
e51602c6
ee1af8f8
d918fd06
d4e3edf8
10c4020f
0f0f2205
53f70fe3
3d0afa2b
e5f528f1
d5f11907
cfe4111b
07fe070a
2b010503
f42906f4
e42fe8f0
027f3c07
fb05d9c1
0c0f0df0
61f90a00
19d7d7d9
051029d1
fe1918ed
12e3fa04
06f1e810
1cfe232e
d82109d6
1a4fb9ae
ffee20e4
fbcbc5f8
c9e61512
31181303
0f3ab817
c4e8fa2e
e9f1ead9
1033e018
1bf1d904
131301df
0dff090c
d71e09d2
ff45e7f2
f2fd0de7
ed0a0708
f9c94d38
081b1612
c741f00b
fda8fe36
2bd70cd1
dae51628
ef3efc30
f3e916ef
fbf3e5e8
283e13db
e0f0e809
f217fc30
2c1ee527
00def9af
0a0a49eb
d9e9fd19
becdbedb
0b0d217f
e014e108
03daf20e
071ee0e2
de0a1f3d
22b00e17
dfe629ee
384e30ee
dbc530f1
3321290d
1cf30bbe
5b18f9ed
4485101a
ee03e30f
dddeed13
f3e347f6
39c61220
bfdce0e7
f9ffd0f4
d91c37fc
f43c230c
052c2000
dbb5fa08
fe20ef05
12eb32ed
ec15eafa
fa06f200
e6ec170a
11111d0e
07d9fbdf
f60302f2
e734d4ea
eee2cccb
dc2066e9
f102f800
1ef428b5
f9e7dffd
cd0d00fc
d20795e0
e5fbf9d8
02ba14d1
5804bbe9
2334f10e
fe33ede2
0201ea0e
11bf81e3
82341ffb
dafa01df
afd8182d
1981f9d8
130f2bfb
af15d71d
c42745f5
f6d12d15
e6cfdbea
e605f0e9
fbe90801
00c308f0
3c5fdaf3
37f7f9ed
d9e4ece2
feebedc5
02e3101f
c0fff308
0df0cf02
0be5071a
df2d17ee
14061409
30f1f303
2a0a283f
09ef2513
2c2036f9
5927f947
4bfe26fa
fbdceb3c
affc38d3
a63df84a
470d0a1b
f3010e10
402a04fd
233c3ffb
f91cec02
2bacca04
3eebe7fb
d1e823fe
bd0ed3c9
fcda12d4
ffff0001
ff01ffff
ff010101
03fffeff
fd01ff01
ff01fcff
fffe0101
fe000001
f32dec10
f6bee81f
01c1f018
0be4143b
25e6fdf6
c322de05
bf04e01f
fef7360f
0bd735fa
ea1a07f1
e71ae5d6
e6ea0f17
2021f909
e04122c4
27fadf24
090f1b13
0248f9cd
43be38f9
c5254e2a
dd273a0f
2b2cdec8
fb081ecb
07fc5326
0be4eddb
f3a1f5f1
0ed4b3f5
fda708f4
0629cf27
0cbe15ec
ee0de4f1
02e3d921
4d10d0d2
9f212f17
f7a7fa1f
0fe60706
00fcf944
bfca2f29
edad163f
381125fd
dd1fe33b
0dfe2916
ffdf551b
f920eab2
06de06ec
9f010f3a
fcfc0b01
23fbd7ed
02ed10ed
5c2d382d
d6510de8
a23a4896
15dbc5f3
f805070b
e4d41240
ff1c29f0
6d11d716
03021c27
f21e6b21
fd07df25
38fa02e6
06fb0dc7
cbfef0ee
bd18fee2
fee0dd12
0d170fcd
0d04d415
2055f208
19e0fbfe
e1dc18fb
0ef8daf6
f7c92c03
f7ef0b43
d49126ee
a206f5d3
f0e3e619
a32721eb
fa0f3523
040f39eb
f539db0c
f2b2dfe6
dbebeeeb
16f74517
ea22fed3
15f8dafc
25cbd70b
ee4811ee
f81104dd
0ef00e31
0fd6dd05
161b11ad
1cbfd810
ab27ec20
35efebd7
cb26d809
2760efbd
f1bc34c0
5a00bdcc
c919dcbf
111613bd
ee19dcd5
f2bcde5c
e4480046
17c4e0c3
e90ec6cd
dbd6a618
055fe7dd
f8294a13
0927d710
47e1f9ed
f526c6d0
d00e3011
e9fd1a05
0cc9e9f4
eede3ae8
1b5be72d
ecefbc34
de1cd713
42e5f7ee
fcd24409
201636d4
b8220420
daccfbfe
0100f9cc
fffe19ee
faf715b9
4ab9f1bd
f713368e
e915e5ec
263156d5
d90bd8f2
2936daee
9bf20c1c
f8222b1a
10102ad6
0a201604
1efd02f9
ccf9da08
2a62232c
da44f013
dd0411e2
28f60411
b7fc2031
f44158d3
e2b2e5e6
b3e0111c
d6e904e9
e50df833
2dddfaff
b7a68106
d1deecde
0fa4f911
f30cf013
bf13177f
39103bba
18450aea
2f2141c6
49061912
02fe0802
f468380d
1430e22d
0e131aed
fd041fe8
3d320fe7
bef0c7e1
060925d2
3ffae22c
f126393f
fcd50349
19e442fd
fe4e4ffa
d8120cca
f3de12f8
124cd804
355cf3ae
ff1df320
e5d413e7
e5d9ffe5
ef10ec16
d90201e6
01f715f0
b9d7d8c6
f80c04f0
f70342e3
fdf40818
f20a2bd0
11303cfe
e6efe61e
06170eff
e3d21f0a
fc5f1b13
24ee1bb6
d4060c04
06250cec
0ee1eee1
17c7e5b7
f20618db
f0cd0a00
e9e8e322
d5eefcfa
f62ffef6
d604340d
f514fae9
e2e4370a
2b02edfd
ee28d705
d0f120fb
fed4fcf2
3bc7fb3f
f30ed3fc
e6b5a5e0
dfc7d8f6
ead9d9ec
02bdcad2
2628292a
23e3d109
d514e9f9
c0d4e6eb
0f49eccd
3f0e3e2d
e63429c9
0d0b09ed
40d2d6f1
4d0c0dd6
d8dacfd3
45ff4bb8
c15fd6bc
0870d328
f9cbfcb9
f7e91405
2ceed1b8
d5f50620
531cf624
faee0cd1
1a49fcab
eb1f668f
5aff18d0
2f13def1
1ced2dea
1698a6f4
0000219f
dec71709
2ff71014
f610ff0a
d4e5e934
fc0cfc2b
f8200906
0703f426
f9cc11d2
d62dd232
dd272b2a
e72f05ca
7d0f18c9
06eedf0c
e00729ff
fdd4ff48
2e0b4ef5
c9100749
1ef706ff
04dd0c23
0dd90547
dc32f407
2bf8d1f2
220919e2
f6161629
0aec31e2
1b1506e6
0b2f36fc
e7e0db0a
1edb07e9
f3fbca01
141b21ec
eeb11033
23fd2ad5
06ccf852
48dab7e0
ce39f5f5
f8e80238
3dd9d897
06ee99b6
45d4fe16
200213fc
fd01ffd7
0f22f904
f3e11637
ed0ee7df
29eff2ee
01f806ec
1c230803
b1c90a36
cc794449
320dcc36
4b7fddc0
173f44d9
cabb15f3
df260d09
ec13066b
29da2ffe
ffc553e2
1f1c01d1
d2b7e404
cfc3eee5
fb0ad527
0402d311
e9041bce
1fac2305
f2fbc421
360ec70a
3f03f924
f4092a02
dc4423c6
37de0251
fef70128
d605e606
2f23d2cf
e327e8cc
1a41095d
18cb1c39
32f1a342
de1014f6
b72200dc
f05716ff
0b13313e
001309ed
e645d1dc
3b2200fa
e2e8bd0a
16fbe0ec
f0ee2044
f4252426
c40705f4
ef294af9
0c190afc
1513120d
f9f422fb
023fee20
ec1201dd
5dafbdf1
f6dcfd13
d0020c6d
f8eafcc6
3b01db14
1d2bf612
f1c811b7
0665eedc
15fc05cc
eb15bf15
0013ef0d
18deff00
cbe92af4
2dbf14ff
1bec130a
f601ee34
a60752c5
dec81d0a
1c16e842
0ce94a02
fb19f52d
2c420329
f6cc2728
27d20e0f
b3501b04
3723ded5
ede51be5
08d3e0ac
0c0f0fdb
f12537c4
db2889da
e8dfdade
26f54e17
1be8e2ff
d9bfc1e2
33d25f4a
ec0c1be7
ef111015
0b032f14
f6e2ea18
6d2c4d13
52ef1e1b
29d31df2
d42b193f
00d5fd25
ccc70c00
462d30ff
35ddfd2a
6630fc51
e82b15f2
ac0cebf6
1a4ce6fb
cdd2115f
0a31fbfa
f52b73f4
0ffd2619
48ccd914
122a032f
0626f7fb
09d80518
fb07e3e9
15071acf
2aeaf206
210040f8
08d6ebf5
b114d5d3
f11a0ff7
7ff418e9
5ee908d6
54127fff
13d3ec00
0734082c
fcd32709
d8f8e6e3
19001618
e6f6fd05
ded90f1c
f3240de1
df16c9e8
22f5e9a9
ee13ede9
0a0d1f13
f4260a27
1bfae826
f3d1e30c
f50800fc
04171712
e7fefbfa
350dd9ef
56d9e551
3ab4ef0c
08341211
f8ebfe04
43e2eafe
2bc9e9f7
021c02ea
0612fc0f
f2040536
281dcbf1
20fbfedb
d1fa1fea
0fed1411
0b01e5c4
35fe18c4
66fd1dc0
cbd80ccc
0b065317
ef31dee5
68dbfc0a
cff00609
1c1a2f1a
e1fbce09
1467e921
f5357f2c
23fcf727
ece84f15
bd13d91d
b246fbc9
1b272221
eef30407
ef05fa12
ec12d705
f7210242
fbe203e7
df1e1b24
cb02e125
0704ec20
0d120707
db4132f2
232b0a20
e8e7e20e
b211090a
1f3be8ff
39ede4e9
e3fddb2d
f818effe
f2c40f07
26fa2916
f4dbc11d
e018bbd6
e1012022
d0a4bc0d
f624cb38
13fa0d36
03100f05
ef1733ea
10da07ed
f60506fb
12d9d9d6
f6ef12f8
e5f9e815
e8040eee
1ad448db
e5edf8ca
d31600ed
2f083423
1fcafe08
f84f0ceb
0be3f9c5
d6e2f305
dae91429
f319411a
e8f6eadf
08f5e1df
31f6e802
41ea0206
f9ef36fe
08170c16
ea94fd04
25de1939
03fc03e3
f00724e8
db1b2d2b
ef2cdd13
c221eed5
fad41ff9
3e0a0616
81221c26
22163c3f
e8040df7
d69d0419
b6113518
11452ef0
1c05bb16
03f6d5fc
0c15b40d
c0e9fdf5
d2fde3cf
9fe9cbe9
190cd7cc
0bd3e2fc
24e9f22b
c0edf00b
38fac907
1aacf007
310c2d19
1f180cea
fc3b1633
dd08e3b2
16e0fdfd
fcdc0b03
1df72606
dbd9f1f2
e300e21b
17f7dd18
161a05df
db11dbad
0f0511de
fb0d0f14
ef0b1026
f0f8fd13
db06f8db
28210a16
fbcd17e9
0537f639
f71809e7
d2fdf9f3
0acb4f14
fb2f2b58
f9f801be
fd090036
0c65f204
04ecc3c3
ca43224a
2d142721
0004b2f6
f30915d5
0d3c0903
f702d02e
3914eaf6
2d07c3c2
15fc0c15
2a382c1d
fff10220
f546f4ea
00fcd028
dcbbd932
f0dd0200
e2ef3bd5
f7f7cdf9
5d0cf92a
24bff734
4f1020cc
fcf014b1
e5fb1a95
24f5c1cc
cd2d344d
ed120ac8
ec53ca07
2bd103ad
d7fee90f
ce2d6bed
02fdcb57
ce2ac0d1
e5ecdf39
5631fe42
1decb1f6
27f2dd06
e1c2032e
223df9d7
2ae618f3
13f50f04
e4d32021
d7320dda
c94a36c7
10d606b1
043ff70a
cb1ddc00
080cf207
19e5f7f6
1f01dc34
1cf9d123
e5d2e1e3
bdebddeb
f7ed09fe
cff0fef4
e40f1619
f62af011
f006e418
0509d72b
dd3a08ff
e406e00b
15fe0d0b
09f4f308
f115e912
f3f9ed06
e0f6f3ff
1ef0efe0
f01b20e2
2131f105
efec1fef
f31e05e5
180335e1
0c1f05f3
e6062505
2812ed10
d9c43f17
4814abcf
dec41cc9
0c141c0c
0f1608cf
1413ccc6
21e0f2b1
f3d300d3
21faf7cb
bf10bbe6
bacb0dd9
4633240d
fd3cc306
e6f83b4b
05200eba
de39fb10
db0709f4
ed0df00e
eb06fd0d
e61bf514
f50cd60b
ff05fdf8
170efbdd
120cef12
0c1c06fe
07e3f1db
dfc80fd3
16f43212
29c918fa
020ae4e3
e12d0711
c3c8af0f
baf21102
bfe5360c
17eb0f13
e84b77e5
f99c4c17
e9031fb6
2ff8422c
02f01325
db080725
e2fbc400
090fb3e4
c400f31a
b82ee40a
23c8e6f5
d21dcee9
0202da32
b23418db
7eba0c0e
17f30543
f4dc2bfd
0be1563c
c41b1a07
2d3a23ec
92ef2202
08ef10c7
0e08f505
ff2de8f3
1c17edf4
e5eff3fb
150af11a
04f416d6
ef08eddb
01ff0de4
d7e829f5
e806fbe9
dee6faff
2be7200d
f014fd04
14ffedee
03cf200e
d2381d1e
2e06fa8d
4148ede8
942529fc
da22bc00
e314eec2
14d02dfa
20c9de27
29f121d1
3e4a0f27
e9f2f6d0
26b7fbdb
f817212e
20fe1114
e6ed68ec
bee4d042
33ecda3c
ca2d0cfd
1914da05
37e02d18
1afcff39
d02f1c13
0128e2e0
32c8f9eb
09f82ece
17f6ea02
264322df
fdf7db33
f9f70011
e304002d
c80bf0dd
f7fdfbdd
01e1f306
dcf80ce3
f705e603
f0e6f813
e2f9e8e5
07e3140e
0c0713dd
d4f61af8
b701f843
cdd4d802
d8fae038
23e70322
e1b4b4f0
4dcbf9bb
aae7c7d8
13dcd9b8
051ec622
1132f60c
0b1ce5e8
fcd735e3
1a310b0b
fcee171e
110828de
fd251327
e407e8de
29dff31d
1408ed01
02fde0fc
ec042709
2aeace09
5a0cc7f8
c0f1dadb
c105150b
dbf60b08
38fe1f15
57360538
eee4edd8
1139cbe9
d4ff109d
ecb50a0d
3a41f3ef
0ac0e5b2
f9e0f80c
230686d7
5103e370
c438fb1d
d6f707b6
f405ff01
1ed52f0a
02f3eae8
db2c070f
e932eff5
dd0ae1e1
2d2917f1
3b20ca45
f7eeef45
edf51904
fed21ddc
b20ef40a
01ff380a
da3ec1f4
f7f89bcf
2ad7fa53
49d2ff13
f0f21bb6
17e817ef
0dff06ca
2fe8ff37
f854c2f6
e1d72cd0
a5be1900
ae15cadb
26081217
cae50604
19f803ea
2c1108e3
fd240b05
100fe5e9
2adfe0f9
ce1b02fc
1710080e
dff61021
003be2f4
224dfa2c
8e175cdc
4b06e78e
d9d3def3
c2e9141e
f8f702f2
0e01f500
ed121ff3
0e13c418
2118ddeb
080e1b02
dedb1609
f2f22de9
e8ef2100
fa0316ee
1de02ef8
a93bd5e1
3918e5e2
0eec2736
1015fb40
fc10e6e3
c9e8ee9b
185f44fb
a73ff7e6
42fc0211
e47b24fa
100f32e0
c915becc
1447fbeb
d3f74fd4
d7e7ce53
f4f601d8
faed0509
08f6dfec
0f300ee7
54fb12e3
da12f502
0df613d7
eb0635bf
ffebebf3
32fa050a
05b13bc7
09f6e520
e4ba1cf8
08db2bed
faf36609
2805f9e2
ccf8e405
2d1105b9
21f5c209
2e34faf8
e331e361
befe1369
39e3e1f2
1a1de41b
e70c0afb
f40147df
83dbe2dc
21f5e4ba
e0da1c1b
f12edc0a
191b0cee
d6e82314
33f5fbc9
f8ede70e
dcdbf6e4
ebe6f1dd
24e8b4a6
f945f011
e041f429
5419180b
ef1247ca
a81b06e4
bf15dbf8
15145736
f8c41652
e011c4ec
05e7fe10
ea06fdff
facb230c
02fffff5
06f0100c
f917fd1a
1f1ee8e1
f2e2fff2
f604fa08
f7030806
f4f7fdf9
2ff5ff02
0a03eff5
fd060afd
04f9f91b
06fb0311
b018c8dd
fdc3444e
e2f7fd22
d2c5eb4e
3c1b02b7
ceb25124
092ecd1f
50fe05dc
d3201dd9
12390bde
31e0f90b
20322ce6
0ec4bedb
20f6072f
15c2382b
da0dfae6
2fddf12a
ccc61a1a
3f063f17
344bcfdf
f9ec0aeb
cadf33b6
cb022203
13ffd3ec
fa24f1f5
e3f020db
e2e925f0
07ffe508
12e6ee01
fd151be7
c20ae015
1dd3e018
34173308
f0d400cc
a7da212b
161738e9
cae6a716
ec0e2e07
c1e603eb
235dd82d
0102e40a
f217faf6
f60813ef
e70a0d1e
1a051209
21f3ebfd
410010ea
fffd1108
0cfdfbf0
2b29cc0b
10a600d3
eff34aff
bd3bfa3b
0ceeffdf
b3f929b1
e90af127
b9ffea44
e2d8e9f1
f925fb34
d0dd1081
edddfe3a
24f68146
fef404d4
10282ff2
fbc3e010
f027fb16
e700eaa4
e615f626
0b5e4df2
e0ee360c
07faaf1e
6af1bd11
42edffe1
e60010f0
0612fffd
ec0bf305
0c24dd37
1f0c0313
edff2a3e
00231cd2
2904f4f4
30f91901
1bd6e8c3
fc11ef07
30c5f802
da2311d9
ec0b1e29
160af818
05dae0dc
1ee5c1d6
2fbeadc5
3426ccef
d815a0d0
e2dc2a25
dcfacbaf
59f86bea
f60bf311
0907f20b
fffaf0fd
1b011af4
0914f8ee
f30f2623
0ff8eff9
f7fef23d
ef183231
d0ff2801
f4028101
ed1eb520
e36b20ec
f8de1fbe
fa64e23c
df0e27f7
3bd9dcab
c02644d2
f2bd28ec
1efbf0d3
584739b6
eb3e012c
d5f1c431
b27f1f12
11e10b1b
f0f6e243
321bf5ed
091bef0b
eff9e50b
f9f71806
0509d712
dc27e7cf
bfedf1d9
fdfbfef9
1448f23b
11333dd0
2902f605
14e6d9f7
bf614308
3edc0c27
ff1e0ae1
cf9e26ec
07300f27
27f4fc04
7158181c
0206d3cf
187f32df
18e33539
1905f2f9
250bf906
c911d5e0
07ef36ff
ffaeee3d
e032f2ee
c40fdec3
58591cf2
240fe09f
1afde407
0b161914
00210bc7
10e3e00b
fcf51100
0cdb280a
20f2d3e2
03fbecfa
06d818f5
0fef0aea
f6e70010
f4ecf405
021210e6
05dee317
17eb18e6
e6f90a0a
aa011eff
d9feeee0
f5d2e6d9
04f519b2
08ecf42a
08f322cd
1e12ca09
06bcefd6
0e380116
13fb11f7
d50d0af6
101d232b
44c10a08
f41be7ee
05bec8ef
3ccded0f
0bf4f919
f0efe839
9ac3f81a
1e2d00eb
e9031432
0afb143c
ece7daf7
fce5ee22
abe8cb22
dde0f0f7
0efd07e9
fd21cfe6
12012bd5
363b31e5
e93736cb
35221609
13382703
dc07eef7
c5f6f41d
19da042f
23ddf8de
0404f5d9
1a092ada
16f1f7dd
caf00d22
36c2f90e
12bc01ff
f2ea3dfa
02300ded
efdc1662
35200633
f219081e
d8f7f627
0b07f10a
140412f6
fffaf40c
08fcf01a
0511fa29
f00b010e
e7f5f2ca
73b34500
23ebd8fa
2a16f613
32ed33eb
7f52ec39
d6581d45
6ea5b8fc
20340e0c
f603df00
f9d018f8
21ccea3a
03aef408
cc110dd1
fcfac31a
d528d0cc
f0e319d0
b4cfdaf5
e6de2035
e6cb2cfc
dfebf2de
fdfde506
1d26f81b
2b4ae328
f706e103
e6e061f2
dc3ee101
b811f204
054b39f5
0ef4b823
20f3eda4
1f57ce0f
172a68e6
c424f7fc
05f706e3
2d0f18fd
fff700ee
fbe52bf9
bc4018ec
3b20ff50
03f1f8f9
d3fbf723
e5e225ea
eee70b44
16eccb40
0a25eb0a
d4f110eb
1fcc2f25
ffb403f9
1723faed
8ffd06fa
0bee20df
ded93ff7
0522b425
0efa6501
cd2dc8b5
edb8e4de
ff1c2110
ece5b600
d0ec0405
acf50203
02e432f6
2b0e3010
dacbfa23
90e12bca
120fed33
210f39d0
fd161014
f5fce00f
a7e719fa
09efec05
011f22c3
df222816
0f29fe24
d9f1e012
ef251f1c
381a2102
0b130d74
d7e6003a
251cc0fc
1d03f226
c70c04ed
0e1e01ee
edf93304
e9e4271b
0a01fa0a
00130ae9
18e3fb56
03ff00fb
020afafe
02edf70d
eb07fd01
0b070200
0301090a
0efbff00
f9010afa
d8e5eb30
28f61e01
0153cb24
eecd2321
062f1823
0ae0ef0a
cbed1cde
f3f12c22
30c6e5dd
a4241b33
1cffbd08
dcba082a
c4094217
e1eeee2b
ae25b21c
41bb15d4
2c09b7a6
2b21eff5
1cd9df0d
f7f9f326
4606eac3
061a4234
c315d31f
edf830f7
1ad5e631
82f40b13
10df15dc
efbef7c5
1ab9daf3
f3f116ee
3f1b2ab8
e405e5df
14fefb3a
0e19b213
080ae50c
e4e2a2fd
31c3b248
2b12f8ea
a8f2b9dd
16f925e6
07f3c6f7
c3d817e7
1927d902
2b00faea
db002d11
c11637f7
d910d0ce
fc1dfec0
14a5fc2c
0fc71a09
b82cf915
df28e0da
f237cc02
c639cf35
061736c2
e1e659e2
1213f6f1
e7f8061c
d8dae6fb
21d2f7f9
fcf9dafd
ecffebf5
fd010e0c
b80af00c
e90b23f9
e2ff0425
193cf2e1
430d0033
1c16ef11
04103120
1b0e270f
eee7f22b
f329ea1f
4cf9ebfb
e40ec8ec
2ad80e4d
b4f20724
21e3f200
27bef2e1
f4d03132
ff5cd6f8
ef1bfab8
f6eed7d9
172e5a04
2f452111
032b1116
02e91a3e
fd0d1235
2c221e20
b9d01ee0
dc2b0f00
caece2d9
f13bfcb1
f91942d6
e1f8ef27
251f1c25
e5e7bf39
03111ad7
da10daf7
fe00f540
e0c422d9
11eaece7
fd0c1ebd
cf1de438
abf0c124
36212df1
cd10f4bf
1e07cdd0
1121d4dc
1df2fd22
19ebef27
3817fcde
13100017
440400f9
d6fa12fc
400defb3
f2ff0e24
fab71702
0606fb8b
46c70593
2c152c14
2b140a22
d315e955
f817e9d6
cfd80d41
c33fe53d
2a2fe3b6
2901edc4
1bf70b35
48f6b716
16ec0108
e2be08e0
4b012322
ef4847f9
ffe3e8dc
2e27f6e6
00fd0108
f61d0c10
d2fbfdee
26021410
e10eedf9
cbefe3d4
023103e9
0ee93225
350ceecd
c8f026fe
d0fbf9e3
fc2f0abb
f2f9cd0f
d7f8fd14
340add08
0ee211ff
07e011f5
c6ff01e8
edfc05f7
f80300f9
e9070bf4
e5f60f06
eee904f9
17ef11d5
f8e712cf
a4d4f34f
53380ef4
21f8cd1e
e23240db
18072bb8
fb17c0ef
c124d8ba
0407c7e4
c5fbf823
04aef7fe
4a43280d
03140427
f1de175c
20e71ad7
130b2f0e
ff1d1738
ef3ec2d2
12fc1926
05c502f0
031905cf
f6cf9c49
effafedd
09f8edd4
0ad9e2c7
ae26ca0a
3339b8f6
e40dff23
29da29d0
e0244bd5
bf1cdec8
dcf13dd4
ea0902ed
d60f19ed
e8e60817
e4fe191c
b2f50314
0c19d710
c507f7f9
ee201c18
19153f37
1a00fe03
49e809e3
cf15e412
e0bb5516
b0f1f5d1
e5f93f29
d618ca41
3fc231f9
b7c4fff9
5718fed5
0d3d11e4
4935d1c4
e623d52c
3d1b5123
3e331148
f807050a
1d10edf2
1a073cbe
090b24f3
e3f2fb49
f9000402
52d5d43c
f91923c0
2a200ad7
f6f9f33c
32fa1ada
e7e4fc3b
1201b80e
18f32407
c92b591c
d9d52623
fd2e1ae4
0f12e235
f40aece8
1318fae1
e1bbe6ca
18fa25f1
dcc5d3c4
44e9fc0f
0b03f3ec
04d7f33f
ebdbee1b
f9f6160e
fe9566b6
143e09d8
25fd0bfc
fcd80720
cbe3e5f7
a217fce9
be28cad7
f6e80f0e
46d6ded7
fd951db3
181030d8
da2cf7f2
051aa1b4
fbd80dda
bb0205c9
27ff4407
2f1af9f6
1520f072
5315fdfe
de351df8
e4eb1eeb
ff361bd9
22ccc5d3
013c44df
25fb1f22
01ca2fb0
1fb92b3d
ca545002
01f3e126
f60215fd
69fed04a
3dd226f9
cf13f6ca
29f1dd2e
f60cc812
1f2cd204
f5faffd1
bcdcfa59
fae02026
2e100513
410b121c
340806ed
fad6f225
12c713ad
151dfec4
f1ee0b00
0dfbfedb
f905f1ea
10eee30e
0b09ddf8
0d05f3e0
0004eae3
d5390743
160c1e00
22edf13f
0f0614ed
27ccd7ee
27da31c7
30f5f5e7
0912c6fe
fd25d152
e418c2d3
f92a57ff
0ae00b32
c5a5d8ec
431d13cb
eaf32ef9
18e12f62
1400ebf6
040a07e5
13fd10f7
db0402fd
11ff14fe
faf903f7
08f205e6
06050001
c2cbc01b
2ff5f6f5
3be5e43a
f817da39
e4dffa4a
e61bbc2b
290a2d05
13200300
f5160cc6
c5d649cb
f42f1606
dbc8251c
ccf8156d
0629ec34
19385ad4
3ae844ca
450bf9d7
e4ecfbdd
15031738
1e1d9330
f4f271ff
d7f51f2b
da23edd8
031831ea
ccf923f8
e51e2e16
f2ff0bf0
1a15e713
d8f113de
df04c9f1
f6edfec6
de0bd1dc
111dfde6
3c0bd8ce
eefde6f4
1f1b2b37
b0f3a3b3
b341cdcf
e5cdff3e
1f0adef9
e9f928f4
fb03e6ef
1fe5dc0f
af1701dd
25ed1e15
02080922
0f1ffec1
fbfb9e1f
0bedfc0e
1b50f509
6d01e62f
3fe81717
09d4e30f
203148ad
c3fa1d2a
db064027
cc210dee
17fdedf3
11e7090b
fe0cfb27
e12227f1
03edd913
05e41225
060de501
1d2939ed
dedfea1c
f0fcf5d1
00fef8ee
2239d5d4
1eed63fc
17b7faf4
f84e0524
0a3f1ae8
4bfc0519
0f27ccc0
def4c205
32e10509
f3f5c8ca
0d3b06d8
12d5ce06
09b436fd
4617e4ef
cf2e0bfe
ff43ec0b
f91d21ef
cd16e37a
f6eff3c6
ed0eeca4
2bd62008
ad0816ec
02ccdde2
e5efde3a
0c1ed3e2
2cf8edee
09da2a35
3e2c1d20
faa014d7
57b311f4
159049db
f00c35f4
2adfec0a
07b8ecc5
f718e6b1
2336f03c
342d35d5
c13430c2
5e48fb33
589bef1f
1b55f0e6
123ca603
ed1fdfac
cc42e9f9
030cdd3a
16eefd1f
7fefdad5
f2fad1cd
0c39e10c
f142ea00
1f173914
3c472bcf
00d1282c
ffd82606
eddcbe08
1df70f2e
faf0c1c7
fb16d6f5
f819e0f3
4cfed4f2
2202f10e
241ee7cf
c0eeb917
4a0cbf03
0ae50d48
1c1bcb43
1acf4001
2cdafa03
0501ffb0
d721e6eb
ca1d13d3
ffe72325
c50e3751
e91f21b5
e8ad0531
2d99c1a0
181df107
04fced32
cc3622f6
f4e1e207
0fcffdf6
2ef7fae5
3915d60b
04ff1d3f
47d7daf2
9030fb35
09f5612b
08e53b13
f108f30d
e73d541e
f4dde8f2
e4f21909
eac205bb
ddfd3223
551209d7
f8cc2aeb
de11f3e4
e521142a
f5590ee6
22f6f963
e7003ae6
fbf92115
e520bffd
131ee1f9
f5101bc4
30f9f917
d91a0a28
263723ef
c30d04d5
ed1523fd
0e1b0e02
e1c8eb0e
080a432b
1ae82040
e0e329da
f811f33f
0a2dd800
3aebfd38
e3ecd3eb
ea41f3ea
f5ff59f7
f1f617ec
dfda0a25
d44410e8
f3ca6706
a0dbf7e6
05dd020c
3b02260b
1ccb00e3
1617345e
5cc5d563
ea1be90b
dbea21fe
7fefffdb
4e4efbb9
ee22ee12
30e1a507
0233f148
cbcfc44f
e3c23df3
eae9e5fd
161934e4
04f30e11
19d60bfe
0ed2da65
bb0aca5a
d6ecb5bd
b177e0f1
02033ce9
f5dd12d2
d124d67f
0ff916de
2a1411f9
e41b240f
f6e2ddf8
05194076
180e2624
2bcd0ada
30f5d819
0c48f03e
e5d00f1b
fed2c4fe
1900f1ee
e1f70608
1413db4d
f7a817fb
eddd11b6
4d3f1107
d378ec0f
06faee0c
e641351a
eeeadbee
fa2216f8
12591e2a
1cd0cafd
2800baef
96faf031
20d1fd13
2ff72117
39e60016
f6f1ddb2
11f500f5
c3b213ea
dde1f1f1
0871d723
26ce17f6
3c221cf0
f5b6cecb
fe1ee60c
1c9ad728
fb084e0a
eaeac510
bbf569df
b92234ef
e7d13627
24d30be6
f5f8ceae
3eb7170c
563b212c
5516bbfb
29e6ccda
ec1ebef0
0a3f0ed5
0c0b0d03
f1d3c71b
2bd339c1
17d809fc
0d34e004
e17f0eab
0207cfa6
0d270b1a
9f0e09ee
aad40fe0
5a0f0718
f914ff0a
fad1d554
00b9e9c3
0812332d
2d1a3723
153c33eb
22179622
05ee0409
cd24a9df
08d7f80b
1362dbdf
eee8ffc9
10eb16d8
ebdc280a
1fe7cc20
f7f20900
25e9f43b
20ffe221
09140be4
e938f829
0afbd60a
cee3e1ff
caf322e2
c20100ca
47ee1de3
2630203e
1afcbe02
c23b2d2c
6115cdb8
ff55e24b
f2d80500
ce2614dd
3e47e00b
f00a120b
25ee05f3
ee0d1f2b
f5121209
1ef02006
ca1d06f3
f906173d
124e28db
e91bbde8
e8e82aed
e1e4c71c
21f4ea64
58f436ea
091a014c
24ccf5db
4b21f6e7
d910b313
0abe0761
ffdafaea
ef04b9f3
07c9d5d3
00c1130e
a143f6f7
05032102
004281ec
b5239d33
fa17eccd
d3f7dd16
31c5bbf6
1cf42be8
fc070be2
2eec0508
2d03e9df
020103e9
2a0e33c4
18031b2d
e7e0e6e0
813122f6
be10153c
ebe0ef18
dffafaf9
1b511a4e
1fa36613
e3a07fc6
3df537f2
e4d61028
e92007f9
f70be81b
24eafd07
e4f00a24
f4181b05
bb10cbe5
002eb51c
f4e2e62d
f4c7c9fb
35fe2632
dbf3ee1a
17df2984
0525cd24
e8dcabda
f529cbf9
d2e9ce2f
c933f3e4
e8431a35
0b054711
20f7e9e8
f4032128
eaff1e0d
ddfaaee6
24dc0907
26f1cec7
fdfb20ba
3438c7e5
03d1fb1d
0fed3bed
23190eeb
b0f2d9f8
1cf71759
c2e901eb
e6092000
0000e912
fecc0715
f51a073e
2cdbe344
ce3debe7
dd2605d5
380b0916
e60ffdf3
190dcc00
1f39ff28
e6ebfbb2
f53ce80c
e9fde211
480fdcea
501eef0e
ffdec024
ff054c2e
cb0c08da
ee0c2142
93f7fdc9
c5282cf6
dd040eeb
0ef00905
17ea1dfa
f01402f6
132c0b25
10ecfa11
ecf2fac4
f016f6d8
1b184c0d
d0f4bcd7
39f41d15
47eaf823
56e739e3
1f06270c
e42419b7
3e12edd9
0af60b14
d11509f8
f6ec1311
3ae4a022
0d201c0b
3543e8f9
fb1b2eeb
1cfa1d1f
63eb0822
10f707ed
f9fc082f
c00c3c2e
cfd47742
1d303af8
0fc4c524
1c156dd8
c904db3b
014dce1e
f49cbe01
f1e30bda
661f20c0
cd04d6db
28f62b37
f8ec0114
020302fd
0302fc01
05fb01fe
06000301
fc0302fb
00010102
03ff03fc
fd0003fe
041cfac2
2e00bbdf
0bcadadd
c2eb381b
01e2f8d3
e4221409
fdeee532
049fc1ec
f0fde4ad
0017f4e9
263d471f
abc7ef03
f413ee2f
05e23229
f9fecee1
cbe40909
fb0afbf8
0cf6fe02
0f0a12eb
020f05f9
fdf6f4f8
020dfcef
fe04ef04
f40a1703
fd110a31
f002fc4c
07414d1b
0ccdfe03
ed29ddad
ef082313
e3181b09
cb2bdded
ae3cd83c
35050afb
b1240fe4
e43553ef
e1232821
f62eed3f
ab1adf1e
ba30b22f
3d520525
ed20d53a
f535d308
370d3715
c5da12d0
f5ed41d6
e82a1cf2
3eddfcf4
0be0cee1
13170425
ee1f18e7
e9dbf4f8
0fe0cdf5
0ef9fd5a
170f06e5
1c0d01ed
040e1ad1
cee413f5
f800041d
ef0cd91d
37102130
27eed1d8
1609e5f0
2af1053a
101f2f1b
ec4825fc
47ffef0f
43332afd
42d1f1e9
33e81d40
d5b10783
cee344d1
d03ece46
451117eb
e540d302
e6250fe4
ebb98a19
c9afd807
ddc9de06
e718f23c
160e3613
cd3eeeba
43e60927
f8f6dfe9
f5f70a3d
1300e9fb
f339112c
9707db18
140fd60d
1de8e529
d6d5602a
3310daf4
f8cc0bcf
0d06bc38
24160601
49222ddf
b038e8f7
ff37a923
06ec11f9
dafb0508
3bc5cf29
fca210c3
023d0916
320f152f
c5eb5b5c
0f3deeff
333457f4
de07bdc1
ed28ee4a
04d00ac1
81fa3523
19e82f27
e341fdd6
e828d3dc
b3e7d567
db0e11f9
44202309
10142211
9d1b09f8
b20b30c8
f9e2fec6
31092805
171230f3
d135b2fe
d24a1839
39b01021
22ed8df8
29f511e9
07f01347
eef90005
ffdcf04c
f91301f6
ed0107d2
1dd9d01d
eefc1842
f710c634
06100f2a
670600e2
0e24f333
172cd512
1bf12012
f322f624
4df3e03e
e1fc1afd
0909130a
fb0d0a02
fcedfaf8
ed000b0c
06f50000
fb00fffd
05ef030a
e4f5ebed
1a0727b5
2ee6d809
3df6074f
11294417
1b4a0bc5
171aad21
0b52203b
dbda1449
e0160905
c93422eb
ebfef2e6
811ef11c
38e5ddf7
12d11ff5
1f18122b
230ad9fc
434207fd
e0f22519
f2e3f60f
e10114ee
051d1e1e
b2081497
f4ef2d41
2de2103f
00370eed
a0f20cf4
2e190e08
c51ae1d3
ef203ec3
f8caf1bb
ebf9cb5c
4a1c6e17
121806fe
9fd62181
623b29d9
fae8e30d
bf09e544
47c11321
ca9edcf4
fcd6c9fa
e0a8092c
e3f8fef3
e6f62a06
e2fa27ec
fffa5c1a
f60b08ff
e0f7fbbc
eafd08db
0e22f2eb
281223e5
21d147fc
b6fae40e
0921c3e7
d414d9d5
efb62e27
a5b7bafb
f00621f8
16274225
d5e43043
0d41bcf9
1f1a36f3
0bf71de0
ead80aec
2d122916
00f510fa
14f906e4
46e9ed29
142dc6f6
16fae71d
041e2411
f4f40111
d437ec38
36fb0430
4e1ef5c0
fcd027ed
eb0304af
79ddbbc7
e72222e4
ea62b921
00f20aeb
1f0dfaf8
07d5f107
19f70519
0cf0f609
060128f8
04f6c702
eeffe408
bceafe25
deff1cf0
f8990601
e6d93d1a
fdd11858
ee35f8b1
f329fafa
6ff2ffaf
2527cc1c
d21f1821
bae5ed44
fb22de13
cf22e5ed
0e1c1a0d
0c00f6d4
1f261053
c911022f
1b19f2fb
dfdc111e
2b0ffcd7
e51c2110
321ce316
ce07d302
193bb44d
de0afee3
f33f4a10
ddf60248
b24eea31
22cd1f16
5742300e
f3b228ff
ff0d25b5
2d0ab7e1
f5e30902
15d80804
f7fce022
37190712
0de8dffe
182209e6
e909faf4
c6fd12f3
eeedfd18
12fd0fe0
f7030600
14f4fe0a
f41811f7
01dbeefa
1deeebfb
0d0311fa
ddffea30
e3ea1cff
effe11ec
33241d2b
33fdedee
080fe8f8
02e2e9f4
1e19f3ec
18e6e82c
e30930f3
d4eaf9cd
27f3d6ed
fc964016
e4fe13c7
0834fcd8
64e13c2c
d213172c
f3e7e1eb
ea0dfd33
e90d1a2b
01030ae6
f5e903fa
ef2f143a
00bb26f6
fc0ee828
d81fd307
c704e7ae
f5ebf6de
d3261520
03101be3
0e0615f6
37bd0efc
e72401df
28fe0830
0902f6fb
00f81807
00200100
1003fef2
fd02f405
ed14fd10
fe1910db
faf41fe2
28c3ce3c
1f1e73fd
e3305625
16ede0e6
5c5cdf01
1b1ed60f
2a21ec1b
c904e60e
3d10dcea
ff0efefb
172cd0f4
20f7f6d1
4220c437
35e4c6f2
0af8ecf7
de1410dd
e51bfe2b
e6db34f3
4e32fe0d
aadd0724
082ff30f
9efb84e8
d8efbdee
e7f759e0
ee12191d
23bb242e
c1ed2ebc
2ccc08d2
3fa2d2f4
a8f51079
25e307d6
000bedd3
be330d0a
c24a63e7
ababb303
040638b0
e999e933
fb06efe5
fe05faf1
f50933dd
bb0e2121
ed0ee03b
ff5c0229
070b00ea
2ae7f19f
d5fff8cd
26ddd3cf
0d2c140a
1947f515
0df90224
40e938f5
e8fc511c
440a0208
f8d0fb1c
25c30bdf
ecf3e32a
f8ff13c9
fc17bd1b
ed1d0239
08bf1620
e42d2c32
2952d8fb
1f0be31e
eb022ccf
060ad723
4ec913b8
16e9b0a1
feff0b81
e1f9e9c2
27ccba18
1619cbe5
14b71ae4
efbfda47
04f62b01
2cb2e2ec
c2812ae9
2e2b4894
40c82f17
c34a160d
00df0a20
f4472de4
e3dbd2f1
1564f2da
ff0cdf11
e414de08
e6e40b0b
dcf9c6f4
25da1709
ce0ddae4
f9f1f5be
3810261d
0207d64b
00fee4c3
b219dbf9
f3e92dcd
ecf722e1
eeedb2d6
2bf91309
48df432b
df21d5c4
1c0acf2c
48f107c7
eef6f81b
af10ea12
27cafbf4
35e8d8dc
f4ba3318
21de2917
033b0b1e
db17cdf9
931be612
21be0409
a5f60be5
03d7240e
0bed2af9
c125cc2e
d8f3e5cf
06def4d1
07e7fffc
fdf702f4
f70506ee
41f1fffa
02f70601
f5e60901
fc0d0f3f
040701f7
f4e71508
e114f40b
0507ff03
0b21f901
e6fbf50a
f1e3f1fe
0b0204ef
0617ea08
0acef302
f7074331
eb6edbf6
aee64ef8
da1eb5e0
e4f3e3d1
01e02327
73f13ab4
15c41210
d7e300fb
e812fde7
e21b3c01
f759e6bd
e126d54f
12cedd19
124b4320
be150628
c01b05f6
f8124ad4
17f00813
38e6d7ff
46f4012e
17fc0ee6
f4d61ae3
eefcf010
f3190ff5
e8100cf2
e024e513
1fb901f9
110f0cf9
e40006fc
ee06dd03
0cf0fc0f
021af6e1
1503dbf2
eff804d9
b0f0e504
ed231a0f
f6ea081c
fc0bf305
ecd717df
2512df4f
34771100
cd31efec
de47f34b
52f212c5
1a061c7f
0816cc29
0b07f5f6
0406fefa
06050500
fefc03fd
1bfffa0c
04f507e4
06fd0b01
0911f6fe
490ffe21
1af4f6ea
f7ee3c30
03edeaee
45ebc53c
071c12bc
fd02010f
00dc05a7
05030711
e5f503f1
ea09f7fb
d6f6dc05
f3e4df0c
0106f710
d3f5eefb
3d0107f8
daf4f039
481a3103
4b1af02b
4bdcdbd3
1ab04a70
5d070926
d4ed1e19
f31dbccf
d527ef2c
b7ec0b18
c1092ee9
14f410f1
0316e831
e7ed27e8
de11e6f3
e93ee1fd
08e6fd11
1e0bea0b
ebf01597
84b7f514
23310f07
f413e1ce
edd44e09
4507bfb3
6dcbe392
0ae6cfcc
0925bff6
d8f2c0f8
fe010dd8
cd601bec
2814e323
2438b5f8
f2d2db86
fb11b65a
1d104216
f21cf1a3
06dc1d0b
141a01e2
42e2cfe4
bf0715f9
ec200bdb
78063336
04c928e1
d1270adb
45f1bac2
0f1d33d9
ee3bf825
fa26f6c8
e820f207
1b39f90b
10be3ed0
ee2528e7
142ef6f1
f00a3655
d027f511
d51fead0
d52107b8
ebe603f3
6feb2e04
e90fb7e8
3016e80a
170508e0
e3da241d
c040b422
12e1191e
f9fdfc0f
29e30ff1
36ee1c07
490ef803
f3e9ece6
12f0f619
e6d8fab9
05fed1c7
d6d4ecf3
cd1afeeb
e0cbcbe5
ec0eb7d5
fa1e116d
0be3f840
d7093100
e3fe1926
52cde502
0df2d803
e7f8e21d
f8f919e3
e1e71827
c40d01fe
2ae5f3e8
37e0ef2f
dfff06e6
21ed2bdd
ce01ee06
4a102da8
e1b00826
481f2ab9
e8c51c1e
dbc414dd
bdeebe0b
bf0c293d
edf6f3f7
fa520df6
daf205e8
fdede4f6
e018cff7
40ea162e
c333d800
023d01e4
2c08d41c
d2012ef8
cf36edc9
0e05cdff
a5b7b90d
c8f91468
15f1d7e1
2ce0e0c6
09efdeb1
dcadf62e
e32de8d0
f74aea56
d8c6d832
05e2002b
13191407
c4431225
85d220e8
f5d10131
cac6221b
35192e1f
18103026
eae8001e
de0f153a
31d303e1
122c11e9
0901ebf5
e3fded0e
fedd37d1
3fe4de2a
c5fffd0a
0edb060e
2ef53acb
0448f6e9
d9f409e6
013605f3
ce201075
ebd91030
f1090c09
e70fe504
17f92713
3eebf10b
0a30dd02
1af10a07
34e7f621
dffa04fd
0c07d3ec
b501ce0e
02f42b01
f318d619
3ffcc56d
de2d4fd1
dc17f5fd
0a0d0bed
c332dea8
52f40347
de270c14
dfe2e600
f937cae5
0df00bef
dd1d2924
10d9043e
1a23cf06
f3cce6ca
76e90b2d
06d3120a
da40e63a
06ea0920
0d230bcc
589f2fed
0a043f1c
bece0ddd
15d2f520
e4f509fd
ef08f2eb
e5d50e30
ecdee81b
ded308d7
4422c540
c6ee2722
25142911
e1efff28
10bbe3f4
1ce2b1f5
c6e8f925
fcb12d37
e7091c1b
5a00c5c0
f5d916ed
ed11132b
027cd25f
eddee3d7
d7e5f5fd
bffce4cb
0e1ae83c
bff5f8d3
f8ed0d16
f3ea24f8
d43ff8d5
07e80a0a
02e032d4
14d610e2
05d9cbf2
2328d6e7
08ef1a17
1b0722fc
1ef533f2
0b01ecaa
0302e529
0012d40b
260de626
0c11ee0f
e1c80b13
2d2006c1
0b345cf8
d844b4dc
fb022003
09bb4314
f5fbfaff
f7ec2fe2
fc2be52c
e0b8daea
c906494c
cd022801
a2d103e5
1209f9dd
e2b3f519
2fb8e71d
c4faefd1
e0dfe5f2
0f26322b
fd37fbc1
27cbeae5
1906dd11
f3f3072d
1521f9e8
0225f0fb
02ef0911
0b0f01fe
06fb02f7
57f210fd
0e1021fe
3a1b02f6
170ce034
28f2000a
bffe17fb
211ec6ea
fbc904ca
1fdfc3d0
fbe50ddb
03bc3afe
35201bc3
1b38b0d5
a80c5f23
209ee5ea
eaeb354f
f12e463f
fdd50342
f5dc29d9
2f051f17
f1dd2ecf
16dcd65c
57f7dbd8
0f48e1fd
fb1766e0
2acb1bcb
1bf706e9
e5edf905
0ce6d8fc
2ae5bbce
0b2c1225
fe04d635
fa07fec2
dcd4bc29
e8e71f82
361623f1
93fc1e33
b4f12802
efbefe03
120bfbff
091ff1c0
0f071dbb
08011122
1e181803
a12f6418
2b0dd424
2ad352ca
400c0301
6a093320
38f6bfec
192e43fd
23e20906
0a430b06
0202f7e3
0c01ebf2
ed2117f2
f3f400ff
07d82aec
15fdfee8
07271218
51fb1938
ee05dafe
c90527bc
f2e3fa07
52fc142b
e3da030b
36ef14ef
3fde3415
f0c8f73f
f5ef10db
00eb2a3d
e5fceaeb
381e0b2a
eef7daeb
04cf0cd2
e1ae0bdc
d0a4c53f
e52cf1f4
03272f50
e4edd6d3
d9b8f819
1b0724bd
34c2100a
b5f6fd09
e31215ee
cc00f3f9
ed291c23
02e50c07
3704d941
de2aec5f
3a4735dc
7aead8e8
0281ebce
f9ba0636
370b0e59
d4c1fd38
25dadaac
ebb9e6df
05efcc03
f5f61f37
f733ffcb
f2e9cd0a
06cf0035
f906ffe3
53d7fcfe
d93c2416
0fe408d8
dbfb03e4
ec1711d7
0d04ebec
01d8c5e3
100de8c2
b7e131f4
fb201018
1ed2e51b
270a13ed
bec23c23
28fad7eb
102ec313
25cd05e8
1006bade
59f75414
01cff7fa
fdf5bb24
ea1427f2
0edff213
0001ecfd
261952fd
0c23fe15
1de7cec3
1311021f
c124f5e6
07bf0dc3
5adc0809
552ccd0e
0332211c
0af91d18
e94c10d2
f746da5a
fee3fc19
eec808de
e1e8f8d9
126308ce
252028dd
6718ea42
00d925f2
e9f8291b
cfcf05e7
bb34480d
be02e6f4
23f7f90a
f1e2d4b9
9b5933b3
07d20640
fd1414f5
f8f7f919
3403de19
0bd40efb
3a39d3dc
1513e117
f1f8fbdf
f0dc0d16
01b8c214
bc62f5e8
14c42e1c
4948ec20
159af7e9
cc0a072f
28f6d745
d91def27
230cf2fd
bbc6122e
d8f90cb1
d0cf6fd2
21391d1c
0715b608
1e3ce2de
f6f921fd
e63a06d1
1ac9fb08
ee1afff1
3dc61ff9
08e2f81e
f8faccf4
e3f3eee2
245efed3
22f6f4c4
c012e4cc
4a081b14
d9d2f1ae
d92be6af
df35fe2a
ef4619e8
b62f1ad6
d721fb53
06ff0a0a
2438aa1b
fc00dc13
f2ff231a
092c3cf4
04312b1d
ebf1ffde
fb16f2f0
f504ffce
fd150c01
f0f01af3
def719f2
0000cbf9
0efe0807
0703e516
52ecf34a
033eedde
18f252e0
fd0d2ce2
1c01e81f
0f7ded28
0b36bee1
f01fb8f9
1be0fce2
450ed835
df0ec31c
eb37e424
4a061dfa
1d09f201
97e3e8e8
c144f1e6
15b5dcf8
2f0c141f
eef60e0f
42ff00e9
d003e3e2
1f29df18
45de26e2
cc0b1304
dc000cf6
dff2e902
cbf0fff3
ecf2e0ea
bb13e914
2bfdd814
fde0eaec
2619ed2e
e02001b8
761b0deb
0e03d02a
361b1afe
0453c4eb
1ce500e8
032318c4
40132e2b
4e3d28ca
4fcee894
0ff112fa
f2ef5242
10332305
433902e5
dae44c14
c2fefde1
f3340800
f4ed122f
e90222e9
05addd0d
c71b3ff6
3ffa51cf
ec2818e6
0cee6626
01ff0000
01fe0101
02fd0001
00fd00ff
ff030300
ff000101
fcfe0200
02fefe01
fbef14f0
2fb9dd24
14301dc8
4aced3e8
e9bd3fca
bb0ac423
202bfcd9
9e06f3f5
d209f0f5
e6291ff8
dfdcd81f
fee937b8
7f4cda54
10a10ad2
20fce12c
0bd3c946
e1da110c
51071800
112411fa
d0da3230
060c2af8
020cd9d7
ee2024f8
1c20ecf0
45d1f9d0
eb110d02
04e1f408
0c0ced16
f938dccd
00fb0f1d
1e332d0c
ed244520
c1f807c4
2ffd0541
322ae224
990ed43b
0cded952
eecf38e4
60f8033e
36d7fc95
2bdcffe8
fa2ffc1c
e235f6f2
cd161f3c
d40cd031
f5fbfd2f
1122e4fd
6f1fe5f2
f234b2fd
69370ef4
d8e1090b
3447ffed
083796da
28eeb2f6
e1d7b4e8
f119a829
e1e6f3b6
342e1d0c
3af21212
fc260200
c8bf9e3a
e528cdeb
fdf1fce8
f81e12df
e5f308fc
fef00617
e91be2f6
0010f3fc
fc00de00
faff0fe0
521304cc
e0fdfb01
3ed2f90d
11014b61
17fb1803
040406c0
0df87fd5
e8fbef54
1812deca
1507ec38
d80fe9f7
15ffee05
0e00e6f6
faf9ffea
05efe703
ee2ffa11
c8f01002
fdc2c51e
3b4d110e
becff834
eecdfbfd
23b931f7
d2f7fef3
d6dc20e7
03f6e1ad
7fdb2425
1302e0f6
f713d5e2
0be5ee2c
d4ffc504
f1d711af
0cd33f75
20130cb2
d927ec1d
0e21ef19
e5662f0d
b730139b
3adc04e6
3fe4eda8
e4c83f02
9300fd98
24a223e8
02011611
2abcfbfd
22e12107
e11cf0d8
5b250219
e5fe2def
f8e7d4e5
e6eed90d
fbfc1113
bc0818f0
0fa023db
fbf1edaa
ebb9104b
0534f711
15e8eb0d
f7de0720
e5d3eeee
3bf92708
17cae1e3
1b1dd4d0
19070127
f20bfb4c
e5dff806
b7eaf7fd
f37fbe4f
f8fa14ef
e1ee6d03
52d3111a
bb3c4184
db1d023a
dfe0cbfa
5e21d30e
24f92e14
d7ebe601
03570722
3be8d931
2b26f7ef
3de7eedc
c5f1fe14
ff57e528
fc0ef9f4
dc05dcfc
cd2bb616
12e00243
06220e18
d53534c8
21fe3503
2ce0f0fb
f023ef00
0003dff5
ed23e112
ea0bef20
495610c1
dadcd243
01f01ce3
f71bfd0d
26c80726
fc0bf7eb
433c0cb0
1cca051d
16e22107
063023bf
e73102f9
f8d81749
f70aea33
1ae3fc2d
101314f6
010ef229
d901e308
34100aff
00f518fe
34e93719
433320ee
08f9fff8
101de5e7
ebefed15
f5b40a23
1bccfbbe
f556eeb9
fd682cf1
d8c418e6
fc46c4c8
e5c5fde2
d0eafa14
f0f72f0c
09042d0e
2b1fe90d
12ea08d8
44ee4060
08f0251d
5d1320c0
01f9f401
8bae22df
1beff730
23ef173b
09f30fb7
0618d816
eff5eb05
523f103b
10fbf4a2
eedeceec
f5ec98bf
fde8b333
33c9fddf
d2280205
2bf13b39
e1f91d49
0cddf0b6
25380427
f93b2ef0
e41e24cd
d506ed16
de0bed0c
1b11e905
050a06f2
bf2ce2d7
c5ec0daf
f210c962
b9121508
e341ee01
cbe3e843
26361ad0
8bb7d2e4
d9fbdbe7
f4fc0fe9
12e813d7
babdecc2
02e23113
c31603e4
133b0a14
301e2708
19e703d6
d6bce624
140fc5ed
dadc122d
ecde3502
c52205f8
16311116
f6e6bfaf
364021d7
a20c0bd5
fa20bc98
f109fb10
1a2dc30e
c500ebeb
15bcc907
b2311509
08ff0d0a
1ffc50e9
250b0e61
0e13f426
1ef1aab0
2fcb7fcc
2644f6c4
0113f0e7
c62a1139
f82ee6c5
12bdd7df
d818f3e9
a8d728d0
0be14457
23031fb9
cbf53009
2e14ebb8
da1d030b
334022c0
f6166354
35e5e65d
14eef946
07f31613
ece70cfc
00100ae2
0aea0ef5
03f8330d
0d12f303
ff021e0d
c6eb0801
ded740dc
cb02b201
bff4d4fc
55ddcd7f
94d7fc0e
f714e920
9336fce6
021ad209
fdf7291c
e0f5daf3
fdc91bf7
26c0f6b2
38d9f823
bf2808b4
fdffd925
32aa9ceb
0f19e939
0e1a0f1c
01f8090b
ebfed422
fc10f01d
00efd509
f9edf6a5
badce201
f3f9b8dd
2a031ea6
cb2b2f02
fbe0f506
4722db3f
e1c63016
d825b81b
dcfd1115
27f5d8d2
14cbee1f
40d31ef9
26ed332d
c01149ed
c5e0bd0b
19463e26
1a321f09
0deb1632
ce16f8e8
05f5e12b
2e2bf32c
13cf31f7
0bf4a73d
b9fe1204
c9ddd963
a6e90602
3322c69d
1ade3506
f91d5906
d31ce1c1
c0e0f613
74082110
1437132a
38ce141e
1b20f217
ebff0ac5
ff21ce01
0fd61800
e7db36ee
322901de
fcd9f7fb
b20506e6
203ef51c
c60d3e4d
acdfca01
2aeeebe2
5dfa0931
de2de90d
ef01f5f9
fadbd0a0
22fab3ff
0fe00ae8
e7ff0c43
1ff5db33
c3eb29e2
c51b2bb0
2cd514ee
f608ac05
5cf21a0e
09f8d1fe
fbd81624
e9cd2d2f
e8d6eec8
df24283d
ecead819
1281f7f7
f3b9c1ca
053520e9
21bfbb52
03ebf72c
d005da1d
0415077f
c225e8d9
41f4cdde
102d0a24
b326cfef
2adedce0
0ded17ea
52347043
222d04b0
0e45017f
e9c6e4ed
114d0f02
08fbfd4a
e96fcfe6
f4d61dfe
fa16f624
39fff600
1d15e2fe
2225f515
c13fdb52
e2e870e9
28a1d308
27f10d23
bff3d5f6
cdaa0d02
07160f05
1ec2f0fe
f92ff616
f314631a
f74bfe14
15fce10c
1fc2e836
fbef201d
091a09e6
19f2f408
fa15e1e5
16d90818
dde30dea
fc1be8f6
c507f713
10030408
1b05ddf3
c825f125
d3f6d045
ff08f8da
2f9cd6f4
d2e322b5
32c74418
f4c1e400
d7fe0ee1
f9e1d510
1a2518f0
f2fc17f7
2402aff4
e54c0414
b62002d8
1c010813
29ea112b
4efdcdfb
b6251309
f4b9e413
1de704fc
2a2127c7
db1117d3
e7c611d6
3d1d6055
4bfbfe68
0f34093c
205f21a0
b60ef838
44f0122a
e1d41c12
ced2c93d
28ad0928
ffdee5f8
c9250413
fa22d9ef
1f3417e6
d6171a29
02f4cc1b
f10137f5
220ce1e9
3208e8d1
c022252a
532bfe0c
d93ef308
0eb01f0f
d32e6ff0
e4e3f1f9
2a1dd93c
ea167f39
0e2d77e7
afbae709
eddc2027
3401f02d
5ee0e032
d8307faf
f9fd0419
1d142130
2602fd30
c4e4f915
f719e219
d0150501
d7f5ef36
e3fd07fb
e8cee912
94e6dc0c
013ceb1a
141027d5
2e0128e1
f418142f
2a0afbae
00de3b1b
3ce4ec1b
1b18cf2d
fdec16e4
32e52000
00488eff
dedcf427
1e30fd14
2201fec6
2f38d1fd
2433251d
cfbdcd28
f7fff5ee
89c2320f
aeb5f1f4
f8f6fd16
01150114
f1fce226
c100e6b2
33d4fc04
ed81fb12
f123eefc
faf7f848
38d00e10
ec4322a4
2b23e417
1ae6d40e
e631ef0f
1810f907
1ea0570f
e413b419
fec5fc1a
3c14e84a
fee8fef8
dfea022b
0f121324
0a6dde09
9cce0cf4
16fb360d
cb0fd60d
43c02533
fd0d1a0a
f958ebfe
eebe1315
21151fb3
08f91ace
3afac4b9
d50c1520
ddc75b16
e2f91d05
2207fe0a
0fc0fbe8
461a1921
06f71dd8
10cbeaf4
34fee00b
e9000c0e
3c1ae9d1
19ef1530
3fdfcdf0
eadbe122
ea051cb9
f949dcdb
16e6451f
0008f1d4
400e2be4
eddc290f
00052f36
44f7ebe2
e8a8c209
16060023
ce0ef6ec
f0331fd2
a6de28f3
4edb1fae
fa0300d8
d0d808d7
d967f79a
f13bd714
17d53279
3fc8014b
21efd5ff
3ae4eaff
cce1e5eb
3109dee5
e71bfbca
e64bc8ff
ecf20f0d
1a2aaf05
e116320e
fb0f0cfc
da1d1c59
f5e13ae7
4ff4e003
b4ec1a58
02e812cd
46cea6dc
183f0b18
1af2edfc
e23131eb
0cf9dfe9
ed05301f
47e81afa
473dd4e1
ea1c07ac
492abd16
e6640a1a
0f163215
d5e7dbf6
2ca92f14
e8dfd4c4
e2e70a05
df02eef6
2f3b1b44
270802f7
fd2fe908
13ea12ec
01b739bf
0c3a0edd
1f0fdecb
041407e9
06f3e710
04efeb07
f01bf60f
03e7f0e3
1cf6d304
1a0702fc
272a0212
ddff15f6
27c907d5
e8dcfaee
03f811fe
df0eb3d3
270a1b05
f4e2fa05
f914a3e8
35050256
d016e7f6
271be8d9
ec2de5eb
222ed9ca
0ae3b7bd
29f8c81b
15d7ec1f
32bdd519
16131724
1b00d21c
f1c21826
e6c11a15
1f2cfc50
f8faf3c7
2618fe07
f7ebf408
00080e11
0ce3f5fe
fd32f9f8
08f91ae2
1828bff1
0fe8f2f2
132feaf3
48060f12
e6101adc
141907b1
03dd20e2
e41ee13f
021007bc
02cd0894
dbd000ea
f481ca13
f3cee3e6
24e20cbd
f224e33a
1bebf0d5
e3fff035
fa3308f3
35ec1418
fa18fed8
f6f80502
af0afd13
ec0926c2
250208f2
11f21dd9
291ff02c
e00eb803
00e51a22
1bce2bda
412416e3
01e0eb30
020bed22
f30c02fc
0c4d16dd
291016fb
0701ef07
1122e207
07e20819
1b030df2
0ef9e461
f2f81419
f873c925
06171913
22cdf109
c8192128
d6f73e0a
e7e1faf9
0e30f340
08f4ea0f
de1013d7
29252eec
220ae409
3cd31bf7
58f8fb22
023be85d
1d1bbff7
e5f80666
f7f5d281
372e0302
00f60706
1f0dfb38
57f350e1
2227ef26
dcf02ffc
f2e710fb
ff7e6527
3af6d905
f8c5c005
1821df22
81bdafa1
02ce18e7
083bdac5
eb0b1df4
f80cdd09
1c28f141
26fc0127
111406e5
170012f9
17f6f8e1
1e0be5dd
36fce9de
ef033302
19fe1a0d
04b3c9fa
14244aed
b9cb03cf
06fdef1d
fdf7ef05
37cf2ef7
d9d9f247
bce93908
11f7100e
27d212c5
e706fee8
1e1fe6d8
e30fcde2
e3b0d0d5
fbd6e5b9
53ebfdf4
200b06df
f42212f7
610f0501
04ded4e4
ef0053e7
f90f2e28
0802e22e
34dd110b
e62b04e7
caf62c24
00c50418
f5ebfce9
2addeb15
e3e0bc0b
01f1d4e3
0119f216
f922faef
d5f7eaf2
2ce428e0
e5d7e304
ec0708f8
08e834e6
0bed50ea
1af11319
f19c3bfd
fcd63fe0
2bd8d4f8
0cfd0ed2
162edaef
4de60429
f13f1c1b
f0130acc
2e1cdcfa
341e5cd8
092bce01
1f14d87f
ead61d2e
074d13de
05f0081a
f6d00ede
e7c40d1b
df2cf9ab
bb08fb38
0efc1a23
fafaf5ec
e91ffc3d
08bc0635
1bdbee1a
ff3018ff
48343400
e8f20cbb
c609fdd1
1ef4ee1c
e1fe0410
076bf762
b0f6f51c
eadff53a
eb090e25
1017d8e3
1e0d051f
09f7fa22
fcc00508
2ff2e6da
fe0fbfca
c6dd0cc6
09cf32f1
4bd24afc
ff1a0c3b
2005fb81
204bff2c
f3e5b535
022500f7
0faee9eb
21173817
f9d3e1f6
1c1c070d
0d1b4d20
cd0fcde9
21e6eb08
f4c1f815
0301c9cf
e3efee49
242022e4
1b45c910
19d214eb
14d4cdd0
eb00fdeb
2de825ed
09edf711
f0080719
1d03f2f7
0227d928
05f201fb
f5f9f6b7
08491a4b
0af7fdf2
d2fe0418
87df1a04
b3edc3fa
032925c7
0209f83f
1cb606e8
03e5db2c
1f17da1e
ed090c00
57e257f1
1c0dfc33
1ac9fdae
00410dfe
d80b18c6
0605eb26
f8c6f918
fccee411
cef135db
e22d1525
00290253
13ecfec7
edf5f0be
fda9dff3
fcd7ffcd
ebd12405
bcf1f106
3ae844dd
03c80b06
ef3611f9
13dff928
079ef8ef
540e04fb
e63309fc
23cabcbb
72bb22ff
04cb1409
dbd509de
3138bf47
f911b0cd
2d551ff4
e42ae1e7
0ceaeb11
27f43f27
18dbf636
f2f20eff
f9033214
fbdd2d1e
3615f5d2
0afbe8ec
2017d6f7
eec9e3f9
f3380528
dae202e5
fcc60ed7
fb18e6f6
3a11051e
0d09fe0f
08011eff
fffa0400
0e2f0114
181809ff
0f041af3
0afae90f
e41cfcff
a70a0012
cebdc9fb
c6d1eef9
f81ecbd2
00280be7
06091ccf
02e106cc
eb23f60e
213fffe9
ef2dda0b
ebd01913
fce90703
01d3e636
2440eb4a
09f4d4ca
fdbb0e32
edbaf81e
4ae11113
2c20f0e9
090afabf
10dcff0f
f8e8fdce
0e0d315e
01e8e9ea
f8e5e909
df39123e
befa3812
14f71549
1013e0d4
36d2e20d
15f6ef21
c635cdeb
b514f205
2b0ffa7f
ef034731
fc20f7e6
efa42644
ff01341a
f081f9c3
ece7f713
fa640608
341fdc0a
ab0d62ff
f9d100d7
21dfe719
44395eee
392428d9
0161c4db
def02713
31faf7f6
e5ad2a07
f4d5ffce
1bf13fcd
19e0d6ab
0c03023c
d7f71808
df55d9fd
fb1b0138
0ecf1c0d
14d11105
09dec507
ef2715d6
01f0450c
4be912fa
e40e0b08
19022115
1dd94d14
04d904c0
13f605e2
e31ef714
fd1d9524
1bdf00f6
ffe3a903
2b0de80e
10283e0c
120adef2
08ed81d2
2fd12cd0
040cf1e3
06f0de16
cb1bd30a
30146e0f
09f32a3a
ee1df110
1c0708d9
06fa0d06
0a1432c2
d4ebcfeb
47cffa14
e50330d0
174dfa1a
e3cf2e13
083d0121
af49101e
fef21ee2
27fe0c0f
03f7e5fa
fdfec7e0
5a2f0efe
1de1f721
01eb060b
1c1f0e0b
03f1070c
0e03f4eb
d3fc03e1
0dc1052c
f3050f09
07bcfe13
ec18e7dc
ecc330f4
f130f346
c20ef5e2
22d10001
f7f3d832
f130f014
1316ff36
fc1cfa15
33f80308
fef5baea
db010e06
ff0e16ff
1de90bdd
cd0d01f6
71041a15
8efde4f5
fd06fc08
f915260a
ebe94704
ef110daa
01bcbd04
ed1f02fe
e5eeeef6
1414fbc6
ec0811cb
eceb2cfe
3614fbdb
0f39e0da
d5ed1b01
07ed210b
efea18f3
e9e801cf
19edf1d1
06d6f213
fb02fce4
eeec03ef
f7115bfb
cce0f156
fb24f848
fb111703
e633e4b0
05de41f0
f40df820
e2062816
410a02f7
f7ec15cc
e836d704
a8eafdc6
3e0a3520
e12ed60a
e018180d
10bbedff
0cb3f23e
0ef0f25f
0fadfef2
d50123bc
2ed64219
e836fcff
2796f8f8
11b4ead5
19e5d02b
170e1304
f01410d5
f2e0e7ca
fe3725e9
023fecdf
e118ed11
31031122
dafce1fe
3d092416
091de7f5
1e086431
19eff6c4
f6fcdc2e
641df8e8
1fd4ba00
185c15f4
f4103dcc
0d19ff3d
2fe00c4d
1d39b4cf
ebfb32a4
33e620f2
e6c528d1
effde9a1
b90cacf4
d8ed1310
2711c160
cfcf0195
fadcbec9
cfc4d224
f93be41d
f60dc422
441cd308
0b09bef0
1cf2fa07
fe251cfa
1ce626d4
06d4db06
08290211
e7fa291b
1609eefc
ebff17f7
01d01fd7
16d91128
042b1f28
da09f40f
2cbc13f6
1e2fb006
25f6da2a
cb15edd4
01ebebda
91e74438
fb044002
d10205fb
f3e53337
131df8fc
ddd7f5fe
f6d6f1db
eed62201
dbe8f323
fdf80014
ef030a0a
f1222108
d9d9f527
3e173a00
1f0c31f0
f3c00600
f881250e
0e152929
0003f9b8
0fee3713
c10742bd
9708ee32
081cf029
181c1dcb
ffca1b83
05f4dd0a
dd1aed3a
f92bde0c
f8e30d26
16081af2
0b1bf00a
ddfcb51f
f5ee00e7
0b5a20d7
332ff704
f2f81c04
1e24dc6e
3bdae7fe
e8021b09
2d060ad1
d6f9c317
061cdc38
3f3ade2b
1a3d24e4
31101c0b
36d42321
fdd4d5fe
08d536eb
521ebc27
f036e8d2
1fec24f2
23fed7c0
55aceb33
6921b2ed
ec94f550
ee27dddd
b82743da
05c3cc02
e90deaf1
2c6a1d07
44fd7f0e
01d43800
011cf6ee
c2c72d2d
210b43af
ffff210b
04d8ffe1
ff07ca18
effc02f3
f903db18
e600d10f
0f0c2300
fe1f10fd
0a01000f
2cfbdefe
2a29ae0f
f8decde3
fb08efbb
ed2edfb3
e323c303
1df804e8
0ac94923
f61f0411
dafe230d
f00f202b
2312e60a
334609cb
d109282a
061dd8f3
e5f7ffe0
e5ed56e2
0cf6ea9a
f20cce13
00fff801
edf20e04
000326fc
1e10fef6
fcfcfdf6
e7081507
f9dc0200
bd0bc61a
16edf011
ee0dee18
e7dfeb02
2b01f654
ec3a13a3
e3f80eef
e7003402
c355fdd4
e2d4e319
f104e3d3
eaf9cf11
061c1d27
06f60617
7ff11b31
04f8fd16
4f40ba1b
181207e3
2febff3d
36070715
ddd3d4fa
11fdccf8
14d4f017
fde55201
de1d1ce9
03fee63e
0b1413fb
3bf3f0fb
19fcd9ec
fef456f1
0904cd22
efbdddfd
e311ec2d
dd0f33eb
0927ec12
0dc81ce8
47bfe63d
14effc34
25f0290b
da710aff
0de81cd1
f952d9db
02612140
d302b73a
f1a729de
09da08c4
ec0e1c17
0c6d12fc
e03ce5fe
52f4fbed
06cf0d01
ef6e0210
df2507b0
ffbb0338
16e4ea07
0ad6e219
1f06f414
52eae51a
1fe8eb5a
c723bd2c
eedd1a40
040b9d9e
ec05eec3
1a480bf5
30fe0c36
0df339f7
ec2216d1
4b0c16f7
e424d70e
f7fa1cc8
0ac708cf
4a3bddf8
19f407b6
3bfddaed
0016f70d
03f121c9
3dfb1528
16e82d07
26f309d8
f10f1220
18c6e2fc
08a65a37
07eb1004
34d2e6d1
f526cfd8
fb3ffa28
1acff11c
f9fcf5f9
ea061915
cd0cb5f3
f2f4fe13
1718212a
cb01de00
f4fb0c2f
f8dd110b
0225e1fd
34f80ed6
f9e7efe5
4095f62d
cf19eaf4
db24fc32
02eaee21
17303408
eec8f9c6
fafcf3fe
facae2ca
f7fbeec6
df2537e7
0be20cbc
1224b4e4
fdef0a07
059ffa17
3346241d
13e9cf05
ec100b0f
f47cb9b0
3028010e
00fdcb1d
bcf60de8
e922a506
510015f8
9cfafa2b
02d20cfe
f503f9d7
e720223d
ea5b3278
e30f1516
e4201c23
fde9e1f3
0e0c310a
13011704
eb1b40f9
0e02f016
f90e25d8
162bf70c
e4f8ff07
f4f64721
4b21ff4a
f44410f6
000de3ef
fbdfee06
fcff1ecb
251d3de9
d6450010
435beee4
24fcce0b
0ab269e2
17d62022
d274c3ef
feab660a
04f0ffe7
edebfce9
12ffcf26
9abd252d
08c8dff3
e6eb0bf5
1c26c21b
a20507d1
c84a62ef
2ae928c2
cbe80900
120337d8
f92df0bb
10fe23e8
151f031c
003f4434
1f21c924
0812fffb
06041afb
b0011cf6
23280101
0700c0f9
1c1a16c5
12c1bef1
deb61bc5
0ad416f2
1c203424
cfe3e208
fb2404c9
e1e12412
d90a02f7
08f21ee6
0819ecd6
f34c10fb
c02b3b3c
120ed6f6
09fbfa52
dfe90b1d
e7e80d16
0d0de5e0
f5100ce3
160d0218
2321df04
3d1841b4
f0fcf6dd
24f9f034
eae6cbf7
d74b3d31
f50328ed
23e6fdd5
3cfcd73a
f8dac6c0
f0b30c56
e6f2f820
f5094f66
0abc19c0
f9222e28
0eb5d80a
3b580dd5
d4f9e3e0
0908f9f4
f2f60135
2ce603f4
f2fde1e6
3add0731
1837f302
a8f12b3f
2822ff0d
dbe7faec
011e001c
1de1ea01
023df100
d6140c26
f4e20bfe
d10b062a
14e81d00
0518ff0f
f7c3d529
f207f00d
02f429f4
24f301d2
ef0317f0
e4f6d14c
1f011a1a
dfbffb47
f1ecec28
1cb41ffa
0e1ec901
f4b510d0
ed12f504
12c0c51f
bdfb01fb
f3b824ff
eefb1f0c
fd09072d
05bccbcf
0efaf118
f8df050b
b2f6e745
ea15edd5
0811df0f
08cdfaea
c72102fc
fa16c301
17fbf3da
d69bd2e9
0727a33e
3b25180e
1f00d8b2
05f7d71d
0bfe0bdf
f706dd2e
dec6b523
080c32eb
a2e016dd
e6de42f2
eb18eecb
03fdd8c1
cc0a1341
0af2cc18
05f2050e
e90af4e7
e5f1d6f6
43f2fb15
f8d6e4b1
142e0106
e0fdf2e0
fc23f392
e8f711ee
f713d9e6
e515f543
2af4d90b
f2bf27e0
fcfadbf4
180a47ff
27fc18fb
062fd827
fb0cd3f4
4bf5020b
05a12d01
fd7ff8dc
222d0033
56f60b3c
31f6cd09
f422a0de
13dd1908
4af317cb
04f73a36
f414dbf7
1d2b10c7
22cdf209
f6dcdb11
e31513ac
f2e6b7d8
fee02522
fc2700fa
e3f7f817
ed1c010f
310204c3
0741d30c
09f215f5
f0fa1b13
e61dbff7
24a4db0b
f82af0fd
e5f8edf0
81bc23e5
f2f60ced
ab1e1313
42cc1906
aef509f6
fb062a02
f704f2c9
290ff9fc
fec1f2fa
f9193206
defce831
ce0c3507
bd38eec6
2405b8fd
09fd42be
11def313
14bbf12a
f9012640
f42be910
072e0bef
e4f2f5ee
06df3423
eed11e0e
ec29dee8
33472901
0420f524
4abffdee
13c4f3ed
2bdc1d03
13d717f0
30d4fff4
faeb07f2
41fa21d9
282a22f0
fe0ad6dc
ef670713
cde31917
13100b10
f8eb0a02
ea0ef311
08d7050f
fdf606f6
0cfcf527
1908170f
dbf81224
1918e4ca
123a38b3
0ce827d6
ab37de0c
01330b05
cdf22c0c
072ed0f6
c21207db
16ff161f
f101d9dd
f3f925f9
fde3ee07
fcf7d5f1
13070c0f
0b47f302
81e756d0
faf20208
e72ff4e6
7fd509ba
d51aa93d
14fcdbed
0226d9de
feecd719
f027fded
06ce2cff
0dccdcb0
f9d435bb
ff4600c6
fbe8e7eb
11e2f926
2801a5eb
0df3c229
ef3cf513
f921ee5d
191509eb
ec24d9e5
03da2a34
0ed602e5
e1ff0015
10dff8d7
3dc91309
ee2708b7
19e52e11
f3180b31
faf520db
1053f619
173222fa
021e1824
fed0f5fb
03f5eaf5
07eb3812
0e05ed14
e6e4ceef
ce2707f1
f4ac2b0a
ff1feee8
d30d44db
0ac3f4e2
eacc12f6
f0cd0af7
fa20eff2
6826110b
f50bfc16
0c0c30da
27f50128
e911f7e1
1808e172
d429e411
ff0bdd14
c6def734
27e7e10b
1e1b351a
d42ae710
00e7d2c3
ee062e17
ece10517
f8ccdfd3
b6ed01eb
1005f1f7
f2d00b34
e01b1a00
0122a6f0
0a1deaf8
23230b3e
0717feba
f5d3e925
09d703ff
ee08e2ea
373dd30d
3a1e151e
fbf94ddc
27ebf6e3
e32de70f
f6044001
2587160b
fee0d50a
f1c614e7
f4caabeb
01c3e4bf
02fcf6fc
f93009d6
fc02fa04
1f27e601
e02bed03
c081e681
e7f5f4ec
ff0c190f
bd4432f1
f1320801
3fe8deca
2044d415
d5fa0532
0a29ca33
02050f33
e935fccc
17172ce8
09f6bced
1817f6e6
0a130105
cc14cddd
24dc2005
39eb1f46
1132b710
1f23c673
fd19cec4
47d936fa
f44124d0
1bffc9d8
551c4cc8
1a081e00
dd42af1a
0de0e8b9
e70de814
ba0e46f3
ce0b2e08
252ddd36
0805f33c
0dd5e1c4
08bb24f3
1b12f809
0733c14f
ce24f8ff
0fcbcb03
2c01323a
fbf9d4ed
fd180e3a
decdc025
f7d9e3e3
d8fffc5e
e41426f2
241c14eb
ebeac1f5
c615edf8
01160c11
05b5f5f8
28250ed0
0524f1e9
31c403d1
031d0ffc
10d851f9
1b07f507
00f4321e
f8dfc404
c8e1fdf8
ffdea5fb
e9031506
15ec2ff0
e4daf314
0314e3ea
11f6dbdc
0909fdb9
0813ee31
060e07f0
1ffffd2a
f7c91608
001c062f
32b53704
fb1b2934
1e3d63fa
f937f12e
00cd1ce9
5208dae3
10d60ade
f2bd0417
f70d1cd2
04ffe6da
1ff11d04
f128f1f2
0809bd10
2a08fa19
df01f108
f1e4f32a
1ee51b1a
f10fe1db
0922e5eb
d868dde0
fcc214d1
23dcf7db
051b4fea
bc03f828
ead41cd9
03d5e207
f911d236
ecdde61e
f502f104
b4ffe8ee
f1f507ec
27142bfc
f40ece5a
defacc3a
c3f3ed0a
1fcf4915
14d3d1e2
310ef7de
dfbee211
dc2b3403
db2ff323
f541cd3b
f7ebf80f
33deefed
06fef1ca
d018ecec
dbe4e01c
08037006
30c72af1
0fff221d
f10acf23
e23e1a0d
ff0f23db
cf4cd011
3a0bc914
fbf62fec
f30ef2fc
063030d7
f237f53d
ea124d6e
14fffadc
36faede9
eef7bafc
40f11ef4
1505b19c
23373231
159c09f4
defae5f0
03f7250f
bee0ddd2
3228d3fc
0f2ed4cd
15ff1bf9
1a0c08c8
0332050e
15d3dd1e
fd16cbe1
ece3fbfe
152f4cde
e7dbc109
e7a800ee
d7e4f140
da1cddf1
2ad5373a
00251234
cd360cb1
efb4d91f
f11214f7
373124c4
0b51f8f7
f511610d
14c318c6
fad5b8cc
1e3401fe
191af509
1ee7e2f6
e40c010f
fee20b20
fffcf306
110ef02c
0de50619
fefafc08
12221300
13e4d338
edd60360
f9c39ce8
f9301fce
03361b60
10f0dcfe
35e615ef
05323d0c
c5e6d3dc
201eb919
10e5de7e
0b1beead
cf0c29fb
f51f2c94
0a561b25
2e5bd0ca
d2fdfea4
f12c24fe
0befbcef
1b1717ef
12bcfff1
f9a71a16
f1e50321
f3d907ed
f9e6bbe9
b5145309
19acddf0
134925fb
0a2807b6
2516fae1
3cb4dd39
08e35dff
f0233303
001dd60a
ec2ac9df
f435eebe
fc4714e1
f5ffdd3f
cb2f0529
25001ef6
d2e3f8df
1bee19da
25f1d8be
e20ea050
dfead4bf
0be0172c
e81240ed
f8a3fa01
0e0afdce
062af2e2
1c1539c5
17240c09
5fe50219
ebff10f6
e9030ee6
e31f41ef
042a0ed7
27b02105
e9d12226
eb1ce1ed
1011fb1e
07f3fbf3
462cf01a
05bbd5e4
30fd16fe
180bcaeb
f6cbca20
c4d4ec42
b625d9c9
06c2ceed
e908fd17
145917e5
271cdedb
24e42b1f
0221f020
032908e8
1a15dccb
1214d5cb
f0f2fdea
ebebef22
040ad6cb
9d0fcfbb
fae8014f
f1180d15
f7b3f7d7
04f629d5
10eedb10
2d1526f8
6422e9a1
e2bf10e5
1caf1d4f
300310d4
3405ed23
0bfe2e63
f3cd1d2c
f7fcce03
b1eb0918
de0ec8ff
dcc3fa05
e5f0160b
313121f2
f2d4e409
06e8f919
d620e82f
0fea08fe
0dee023b
ecc82a39
c0fdbbe9
d7263ed6
0cf00f36
3a1c0317
172c08eb
e3d62b0f
c2edf625
0afe1117
f8defaf1
13ddaabc
f20411f6
33f1e921
0fa1fefa
0b001e93
b52ea633
10373116
0e1d05e4
e212edf3
0000ce12
f91df0e2
15e41d0d
7a0dded1
b6f51922
ed062415
3339cfe7
41c8d1cb
010309dd
01d1eaf3
1cdf1aef
fbfffb00
f6fefefe
02f5fe03
fd060503
0400fffe
03fbfdfb
f7ff0200
00000402
d1c459e4
2d01e20f
134d2d3a
0d0fbcf2
b3d7013b
f40fc601
f9261af0
d323f5f6
ed065506
1a0f33e2
01620466
0eddfabb
fd36f10d
03d2d5f6
bce10e15
fc4ce1ec
f723f4fc
f333fc06
f7ed2116
27fcdae9
f405f3dc
eae6ebea
0f0003fa
0dfd0402
dee84cc3
fecc06eb
0df35158
1b0d0640
ffeec82c
07bcc4df
20e50b20
c7adfac1
c6292648
1df402ff
f9b808b6
edfbcf0c
f1fc2df1
06b3fdf3
d5ecdd1d
faf5e821
0d01e14e
5b26ce04
0106060f
163dcf5d
f6ecd939
ec111dd1
ed0f14d9
17e8eb0c
27d3f2fa
1023ec2f
ecf5e9dc
ffdfc4e0
0f15151c
08f41c2b
06201819
f805e90f
1035d300
06e8e7e2
ee06ec12
e7a2d6e1
d035fdfc
f3ec1cf4
e1e0f807
f330d101
d3280c10
ca3505d0
faff0ef2
eae8e6fd
c2f5eec1
12b2c0f2
48eee7e3
fa05f008
12c0b615
2d3ddbbf
d2bad2e5
ea162b2a
1cbdf64b
fc02c0f9
0f09f604
0e1e1002
e4f4452f
26d50bdb
1330fdee
f3c03acb
242511b6
fefdead0
fd06e0f4
ff320bf9
e6f602dc
2cf81e1f
00ef014d
f1f4fe15
cc0fea1f
f84117df
2124f7dc
004debf9
d51c151b
d74307ed
09ffd3e1
03f009ce
f3eef702
00140d1b
e7c2dafc
f7eddb08
101cd207
ebf40b0e
02bfee00
0e14f81c
e6f8fedd
f5d90159
06e9f904
caec05ed
15e4dede
b1f6f5fc
0cdb13e0
f5f3eff4
1f36e4ef
f539d6cf
cc00fa0c
1fdbc105
14f7e404
3c1a21ff
0320fd02
0823e235
d8fbe51a
fa0e02d7
d7f4ffec
edec1ae8
210024fb
a5d35209
0e1a1d02
a814fe10
16023a3e
20227f07
0dfcd0d8
311ffff3
01f5fadf
c920c6f8
e40ef304
143c13c5
0612cde7
0402f210
f30bfefb
e3bd17fb
0bf3eb00
f211fcfa
11f1f0fa
0b040402
fbf5fc02
03f20901
d8fb02fd
f9090f0d
e0d82002
34cb09f2
1c2c0c8e
03dbf41b
fdd001a1
f939def5
c60fdeec
1de3ebec
02d4ca09
dd3d0efb
00cdf202
0006dcfa
d45a06f7
f6dcdce4
fdaafb33
c934fb02
071d410f
b9d9bff5
0bfe2539
02f6fef5
bd0df7ca
ec15faf5
fa07f823
183009ff
1abd0a10
faeb0416
01ffcf05
1928e6e4
31e104f1
01fa04cb
f1f5ead8
f718f9f2
08d9bea7
ff06e8e8
22ebd7a8
144b2e0a
fe0dfd1d
fff70f39
330af241
021b1a08
ef3ac8e5
05040504
10220bdd
0d1e3834
e9dd17eb
07fdfc40
33fcf4ef
070e070f
ece41e44
e60cfd18
fe21e8e9
cf12b3d6
d10327c7
f33f2715
082105ee
09575a0a
ddb9db17
08e0556d
0f26c0ee
e5e772dc
1e210de1
03261af1
ea03e903
e00ff410
12cc01f5
051cd9ee
e82044fd
e80ef82a
f1021eec
02db07f9
fafdea05
10f7ef11
fbb4d627
c602d003
efb90129
fef424b5
e3f7ef22
1efe21f5
c03eebe1
f8de07e0
f729e32e
27f001ee
b22b0bf0
1ffff919
fa24dc16
9015fbd1
06fd690e
d3fd0347
0fe2c91d
01f2102f
02f4d6d2
f914591e
64010eb0
0dd7f801
dada2714
e6f3d50f
e2cffde5
e3c8fc06
0c0717fa
e70427d9
30e30913
0c1f20ba
0425183d
0be6f206
d412500d
c140fdf6
f7242e42
e2f1e2b6
f50920f2
1ae11444
533f04fd
271f3500
dc34d7e4
3b16b812
162716fe
180fdf41
07d80f12
f32d0102
321dfc29
ea8f080d
f322d4ed
c0cee403
f20512e7
1ce317de
d9ee0f00
0dc00e00
fef50a02
1ff70033
d5de14e2
1720f714
811d0b09
771a2720
25e4b916
def1fefd
05b21b1e
25d10a58
05014f02
31e11418
eb0806c8
fcf11704
f43a2903
e00319ec
dfd82420
0d71fc0b
d31ed5e8
6710df15
e014e3e8
114ee6f1
fb11ef22
190512b1
2116e7b3
fb22090d
140b01e8
cdff240b
6e090900
a5cc0b1f
d90a2d22
2a080744
f90bde15
10dbfdad
232cf4e8
10eefe07
0bff1c19
91140dae
e2f5df1f
dbfae23f
ef081cd7
08fc0ff0
16e00bf7
e9f40af9
f9c0fc41
ee2d25e5
c705e6bb
f0eb200d
271d01ff
471e202d
53ec39b5
44e8f1dd
051df9ba
0bd0e201
e1f90102
051b053a
f41feff9
2cbcd009
04e21cea
1001c1f5
eefcfd59
ece2db1f
ed023611
08f20504
242ceae7
2011fa33
073021cc
26f2ddca
f4b80c23
0a30faab
18ccf13e
07fbf60b
170dff2f
3debebfe
2c1f2cb7
f8e6dcd0
fd2f25c4
e91ef9de
de450be2
01eb1301
d6000924
f2f8e802
2b091007
c7ae0b10
0725f82e
1ee8b5d4
37fae44a
01d0f437
0dfeeb20
f52c3b0f
154eff07
f9e61528
5d2a26e6
cdef0ed7
26060401
2d14260f
e9f2d90e
240e0fbf
092badce
20f8abc9
ecdb090e
dab8eae3
4aae3003
063c49eb
de98e6f1
021c2a3a
14f93be5
f947c041
f00ce9f2
0c1a2b01
f139fdfb
fc47a4d4
da171d44
ccf87ff6
fcf7e62e
022e081d
030dd5ee
fe1207fe
10daf68c
f3ece5c9
f8a308e2
fe06d31a
e7250eef
ee0ebde7
fb27fa9a
11eed03f
2de1f10f
01ecfe09
0de3fafd
fa16eef3
0cabf021
130b1d1f
0609d1d0
e5392329
44cf050a
fc1e0a21
c0da09e6
088bf109
ca15fbfb
bf0de6fc
0d221cc4
0f13f4ac
32220b11
f9fe06ad
07e832e1
15dbc4e2
1ae42a30
40f61ee3
eafd1a08
d10ee6c6
13070cc5
10ec0dfa
16fc05cd
02a9dc00
34d51d1e
a7d7d4e6
dd1f080a
45e60433
fcd7dd2e
e712f208
e920e3d9
ff18d02c
e6e7de01
ffe643cf
e9e1f1f4
e113b91e
1ddddb2c
f74df3df
55f0ee21
edd4d815
fa210aef
fcfdf6ff
faeefce4
29e106fa
e9f62818
0af714f3
f6f2d5f9
9de300fb
f102e7f5
3013e9f4
ec0a02f2
eefd0c04
03102708
01f6f6e2
11f229f3
d2eb2633
3d285506
e5fcdc29
df57fbcc
15b1f4cf
e2330252
0acdf80f
de1dff11
08153408
cee4fcfe
c01a360d
fd2f0b1e
1e0633ef
7b0df2f3
07e5e2ff
112df3f1
def8dcf7
1db6f553
ef1edeac
ed0ee6d3
329411f0
c111f259
07bb43f7
3fcf031a
250eff15
1812cef3
0b1907f2
92e32705
10fad31d
27f7fbc0
ca0fee1d
ee1b6bf0
160fff7f
09decae7
3afd7cfc
acf8163b
5c05f127
ef03cb04
0418062b
28faafe7
7fe91513
300129c4
f4f8200b
09270a14
ff04240e
a908f017
0cdfef12
3c0512ee
f920e107
04dbfbfe
1503f807
06ed0107
b902cafb
2905ebd8
81ed0200
f5f97a1b
f52beaf3
191fd823
10d5e300
00f4f9db
ebd7f81e
f7ca001d
03dc22e7
d3f50131
1e1b16d1
cc1dd4f9
fd1a0ad2
c5daf704
d6e7ee14
fc0e12d9
ff130a09
f401fff5
e403f1e8
ffff1df1
98e71011
0416fd32
18de20ed
0109f3cf
fcde31d9
e3f408de
f6360501
0e0c1c1a
f803dee6
fa08fd04
07ebe520
17062b51
e9dee11b
1112f5f8
0c05d105
0b4ef41b
2301161b
04fc1530
f824ad0a
380e120d
fbe3e74a
ccedf0fd
e83df319
fc21e2e4
13e5f900
16da0ddd
ef1af374
b8f1feeb
f0e90448
f0040bc6
106a06fc
b7d7d327
16021916
0fe5d30f
0a3d05e0
070ef5f3
fde72f48
34f52e18
f607fbee
3ae2f455
9914120a
f0e617ca
00200db8
4d94e429
fbacbd76
24a4fb1c
2e0be2ec
fa287be4
0426ede5
2a29f712
9dbdeb21
b5580dd5
e6f8a10a
16e120f8
fd0b1e12
f3faddc7
0711fdce
1c3c01c4
10171a23
f7e2ddc1
070fe214
34f91705
0ab6fcf0
fcf764e6
fbfa3640
232c1b25
e202ebc4
2b4aea21
d40502ec
9ad555f8
ef16e8ce
032031c4
1eb5e80a
04b01d00
04fada47
9257e0c5
02151ac9
44e5eb38
182c2a18
e10cc62c
0e1d170a
fa3617ff
1cb1c6fc
14081712
e9f9c147
db14e2e5
182701ee
130a3adf
2f15b826
a03deb15
2ae01df0
342e2b38
09bd18ec
2bddd6eb
ec141b49
db1bc001
2eeb1bf7
fdefe6e8
131fc7f4
f3c6f712
00e609f0
d7112815
132f30fb
b81c1be6
15d6e0fa
f8f20203
12c7cc01
0aed04c9
071f29cd
e5ee060b
13e4e10a
36dff820
eb0af622
17561976
254614ec
f015f57f
fa28df17
02fb000c
0105e5e4
daed25fa
27fee018
fa0a2d40
fe2cd4ca
0fd03b07
080c2d53
ff08d8e4
000bf449
d3cb1d38
dfc717ea
fd190de0
ef12d1fe
480d47c1
0611fa45
f31af8ef
1043fdf6
eedabaf0
6015f5f2
ff3018bc
d7d5fb05
2df204ed
006dbf30
057f0e19
e75907f8
e614ebfa
20100b02
4928f72d
d6d1f625
06d2ccec
f6f83311
ca10032b
ecd315b9
03044003
dc49eff1
10000d00
fbd20815
ee2015ce
f7d80004
e1fed603
09fa1911
6612f226
c40df7eb
f50e3418
e90ed6bc
0a1e2be5
14dce80d
225c2132
cb11d21a
df23f6e0
b41a65d9
e9f2e7e3
e3f8230d
15fe3403
00bd301d
01ae1825
f6b3fc18
fc7f2b56
4fc90149
f0f0d809
da395ef4
f8fcfef3
05230dd7
021ff8e5
14f3d2ef
050801e6
1ed6e226
d4c024e2
eed330bb
f5fff229
00cc2afe
ec47e124
ef02e305
f6ef1746
f802fe1e
e0fa0801
e90fea4a
f6de10fe
09f53e33
2cf6132f
fdf4eff4
3d25f807
721ecff1
0efe114d
121605f6
201c0824
f701dee5
001d09ff
04fa1417
f5e2fd0d
eaf81c0d
f40d2824
11fffaf9
0f0fed0d
0aeaf8eb
1424f622
2303efeb
04baf36d
fff7d839
f1de0ff6
1cebefda
f4d706e7
0021e202
020ac1e6
d8f6102b
4c262237
ece613f4
181acccc
1ad30df6
3a0710bc
03351e21
f4fb06f4
ff0b1616
f9dbe825
1a73bc0c
0b080032
0bf112e3
b9dce0bc
f155eb02
081628f2
1a00fdd7
12f50fe2
17ebf737
10ffffd4
8d18273a
0eef3a18
bb083e3b
4ff25306
d50f1fc6
a83c3a22
1e0a1f44
121103f1
2060e7f1
1f2005b1
17c1fdf4
b2ce0c0c
fb30fceb
141af9d5
c3f0dfd7
1400d0e5
0e1410ff
4cf1fbc5
09392752
ff1009fa
cfd8f6e7
dfc7d719
c2f2e630
08150911
e61e3f09
2402070b
ee290129
23153b08
0721410c
e604d04a
c13981fc
1a173903
ecd80de9
17111324
1725f8f9
e6ce111e
18ef37e0
2710270a
e00cf7f1
1322ed43
f3e7fbd1
cef9fefe
109af7f5
3f0cfa22
f20101e8
d42cef00
ebeaefe9
f90700bc
1a5e07fa
e5daec0a
03fd0e0c
e50910f8
0804fcf0
42f01bc5
2b089fde
174af752
f9d55724
1710efdd
1befc2f2
b124dcd6
ed010417
260406e8
e2141d0d
1b00daf0
0a00fb26
122bec07
11d9fe2f
fbdff1f9
020e1410
b8403422
f7fceee9
05effaff
eaf70c12
17d8d51c
03d21cf3
13f401f8
06ead815
29bf20e7
e2f6f80c
044915ec
fa1411dc
f1fafb2d
062fef32
3234f5ca
1e11f018
1c3faa06
f7c0ce23
edd20a46
040ed2e8
34c91f63
0601f33a
53d6f719
fcd55704
c306eccb
0a0b1007
1e16e417
402ef2d5
eb27e4b1
ee224227
0dee0212
f2ad03eb
0ab9bfe5
e8e40401
e824e6d6
13f8dfd7
dee8ec1c
ee430806
3214ecc2
fd4408f2
fac9ff33
1b07f3fe
09d91b0e
03bb09f3
d2071033
0213d403
2cebf0b7
f9e0f7ed
0aa80a1d
a90eb2cd
ebf9e61c
12e765ee
bb270404
02d72715
f7f6f87f
ddc30200
eee6ef19
09e205fa
e52bf940
4728ed32
fa2a15e3
2dff1e1a
ecdd8107
0ae4f135
dfe1ec07
fcd5e3bf
e223ffb3
0809e2ed
9b1a2638
142f0009
cd01eaef
633304e5
25d2caf5
65d42c1e
04f5f425
23fdfa12
0b06d029
f501010e
f411e530
be1734e7
281cde0e
123e0c10
24ed2cd6
f5f44020
25e70891
09190629
eb1a1c01
15092915
044630b1
d3db2e11
dfef0912
4ac61ad5
4f370bf9
fb432cf9
07f1d713
fa184549
e5e011ec
9ce13833
080c1035
16cddcc7
0afbfb0c
021a0c4c
feeef0d7
0efdf5ea
fb10372b
fa2534c2
140be1e6
07330e07
05e81aae
0df4b3ed
15e113e6
0f64abf0
1720e316
5c162237
fc16fe27
ff3320e1
092df015
fe3318ac
e50a05d6
08f45801
000bf5ec
05ea2f10
ede9f643
dbcb13fb
09fd2cda
f9edf329
f4c93016
012c340f
16bb70b9
f7f30124
1c1905dd
2105f1eb
f421ece2
f6cdf4f2
b726fd0e
1638dfde
17fbf3fb
4913cef6
fff80be4
e8eb40c8
d1da2ef3
1334edd8
4faacb1f
d4371806
d90a05da
c106ff1d
f20df42a
e6ab1ef9
f8f0f32b
f4050421
ebfecc05
03e7e112
24f51fcb
2a10f402
e81fe3bc
f50d1dd9
4538f51c
f2d7e815
3e2ffd3f
12f61d14
f9d14d29
fbd412c6
201c1bf6
2d14cbbe
d22bebe3
051118e9
1b40f8e8
23f800e4
c3f3bcf5
e1341d1f
04f4c200
df2e044e
0e1e1a5e
ff22d5e2
bfdf101c
1951270d
050e01ff
2bfa151f
0b0becfa
f816081f
09f2f904
142b251f
25ec160d
19effc0d
1f221ffb
da0106cb
0c120e11
f5fd064d
09e603cc
0bbef11c
0115dd16
05400802
fcddc6e2
fb1d26fa
fa1419ef
f95af408
16effab5
fff101db
c716f9e1
0822c706
02000000
fffb0702
05feff00
0701ff00
06fe0401
01030001
fd0203fd
0300ff02
141e17d8
08064cd6
fc132ad1
00111ff8
e618e136
ddda39db
d2c322f3
14f613e6
ed0efcfe
2ef1ea01
10edfdfd
0b041ac9
011dd7ea
f76a03fe
f43c20a7
cc38d8fb
f82ee203
00f61520
fa1dcd26
fffd1ced
eb3dfa39
052aee10
46260216
0557fef7
dff940ff
013cf029
0e13f451
090c18e8
1b07e5b1
f0d9f54a
df451517
dde1bae5
04e114cf
d4f0f711
fdc5fafb
0517f317
df140104
f1fb011b
051f03e9
ea09d101
0347e6da
b40010ec
fa0933c4
db2c13ef
e6fdda52
f31816dd
2ce5ebdc
f538070d
f0011d00
e213e233
fb11d2f7
0e0debf1
fde90cda
faf515fb
01091bde
042ae1fb
bce7f74e
e5100ccf
e914f921
fe3af617
4de4f5cd
f20411f0
d7fdf63e
dff5030d
f4e80be2
f1fab212
16e40cd9
e3ec26fb
200d1ece
ffe100fa
fa260d25
ec3bf511
35d7f119
d1110c29
fdbf12bb
0905e1aa
e805fe3a
0541d1f1
c2e51a11
1f3522fa
381d041f
03eecc29
e356fdea
1b3304e5
f018fb42
302cfd4a
202ccbe1
d6d3f809
04aeebf8
3e09182d
0edcef31
f50f2307
e5120b26
011a27a5
393e16b3
f7fa2c0c
fe19bb00
e711f603
0bdd37e3
0df31022
1ed6d821
081617ef
0af4f4e3
1734fefe
27f9fbe1
2be7d6e4
001603fe
18f436fd
30c702fd
fd0f0d1d
de2eedfe
1a2ff6f9
ede7ec3a
d30d29b9
e80e4408
e8fc03f5
18b12f51
0c11f603
03fabc3c
0e37fd11
f8d6cacc
0afc31d5
fd0dee48
180aed5e
ce20f5fe
fdfb10d7
0ee401df
ea09e100
10210ece
e9bcf0d3
efda4128
ffe8dee1
b910fe1c
0736cdd3
fa15ed19
fb2a48f1
2329f7b8
35e1011c
0deacdd0
1541de18
140bf9f5
0a2142e5
16e60cd4
15093214
e7100bf8
3e0b18e4
f2d5e9f3
fa1ad429
cbfb1691
fc0206e3
19e3f2ec
32f9e50a
d6f1081f
b920ef17
f5380eee
fe330af2
ccebef1d
03efeef5
e9d3eceb
fcdf0505
f209fec9
dc0ca518
f62414ec
e0e1d739
e1180332
00d8f0e3
1641f726
3440e106
f0edd2d7
48e90ff0
24e51f09
f5fa1e05
f42404a2
065d1814
46fbf0eb
0ef11827
272af4ef
f61319d5
f30cfbd5
2e0ec1e4
fc0ff7d5
0c1fe2f3
dc4adfdf
bae4c003
2203f8ec
2e3ff3d6
070bf6eb
14cfe91f
dcc7ca49
0520d1f5
ea360301
024ecb11
da04e6e6
3a1422ec
e6d07f10
fcf6d03b
f31521d3
08e91530
090cef01
02e504ed
2eebce97
08fe1819
dce5061a
055af1f4
1bb8023e
fffee803
10170311
ff04ff08
bde0070a
03ce4cf4
1d3d59eb
e9e80f23
0ddf11f1
fd0802d2
e0ecfdb7
f70d04f8
201c46c5
cdcee927
1f460629
140ade29
def8eabe
00e40f47
faff1f10
07f8c20e
0afee50e
d827eae1
23ef0901
141a180c
1df4d8fc
06fcf804
2aed21fe
ead904f3
d33be915
c90d0623
df112727
da3ce4a7
27f61069
052e00ee
e704cfce
1fd6de1c
dd05162d
4674fd00
254aec29
d2fec1c4
bfe112eb
fde8f211
cffbed12
19e9f0fe
e1e4c4d5
f52207dc
e4f6e8ed
03edd6f0
04c30e2c
f2cd0b35
e7eb061d
cc0804f0
19fe41e3
e8d5c8fc
1ea9ef1c
02090316
0d04d81a
f6fc0335
00de0ae1
0b14e6b7
09e8d82d
0fcbe9c5
0cf4e8ed
1111e2fd
fa09e007
fc0d3dc8
2e13f8f0
0a2ddded
abec24d4
c2f33c14
fe0fd3e0
10e5e3d7
ddf3fd24
f3eaec5b
ebe1030a
f11e31f1
be0136e6
ece3edce
0b60e207
57c3dd02
e1c581f6
11040519
e6f01937
16060fcb
e21701f8
41f6d70b
ff12270f
0cfaa803
17f00707
16142bdb
0cfe04f4
1110d7ed
e306f0f5
bff10ff5
f7ef0fcd
1f37c0f0
1615ec20
fa380526
ecfc1818
f7fa47dc
1b2eebfa
edf90603
e5b2e219
fe13fed6
ee32f6e4
053aeff8
a9ee25be
02bd02ef
30b4dcd7
82fd010d
0809f10d
f9c222dc
f002eb07
07c0d8d9
e1fb0ff1
e32ef9f7
c7d303e0
0116c72d
02250c20
cde2fbfd
073921a8
07056dd9
25df0efd
2d28dff5
28d628cb
e42beaf6
086a2a23
f5eeeafc
170cfdf8
1cf30dff
5508c6d1
00a3eef7
1a2d06eb
07dcff01
f6cfed01
f7d90516
e2210f3d
f6c6202f
0517f726
15e5f1f8
24d4021a
adf5dd13
e5aa3408
170edd2e
c534e001
0a2362bf
10c2e149
e410f1fa
eaeed92b
68e3281d
f8131aea
ef2dffc0
f834f831
fe052413
2a0a180d
fa62d810
25d0301f
92d2f000
061122bc
17f0b416
0d0fedf6
08d611d0
be0a0e01
f607e5df
171835b9
1ce1e6ec
091303e5
faf5f50b
f8051939
06f5f2ee
1827f817
ef3a0008
12e4383b
3d06de0b
f507e4eb
f948c9dd
17eb04fc
fd0a05d8
f1d9ff15
18fce7e1
e807e20b
15f7daea
01fb24d8
fe192713
e0150408
f5f4f2ea
0218f7f9
17cd1803
160677c6
a1f1d1ea
0e360602
f1072bbd
b7ee04d9
e3cd132d
341740ec
16d61016
ded7f5dc
4a0733e9
02f132df
f50eface
1be003df
084f1fc2
e4f4ffe5
000713fa
eadced07
62fb28e7
d4fb073c
181a2300
e541e84a
0604ed13
de33e30d
192ff318
24eaf829
d7072f11
0ee2e9e1
d320d7f6
e0fe3fc0
09f8fd09
ff16d1e7
b7f8d508
fd12fce7
3219e1e7
05120d09
ffed1820
013112e3
0af20522
20e8e012
f5d52603
17fef36f
43e93ee0
f917e9af
e9da3bf9
28b3fee9
fb22028e
3ecc0009
f6e5f32a
094f44e8
ee080efc
104040c3
edff436e
b2f31bf2
f5dfeee4
191a0810
e0f70e18
d20acf2a
f6e30fc3
04d8c8f8
eade35f4
44de0830
03f50222
3d3601d5
0301f00b
ea03f6f8
05d115f3
eef310d9
0c392116
232a42df
19f22400
cfe8d0eb
1af70725
d5f30529
0c0bfb03
f6ebfcc1
0eeb19fc
2d07231a
f2dfea0c
e3e5f710
0b0722df
fff100d3
1ceb1b07
00ae1be5
e918c5de
d9ebe2c2
ff2338e8
fed5d41a
f9f612fe
11bc2ccd
00541404
df12eae8
e707cbdb
12e22352
f615024c
4ce8fde2
22111210
39d416ef
0405a508
0d2cd965
e8c808c1
18dddde5
0807fe39
3b12f238
069dde07
eb31c5cf
f4f61638
eaf9e6ed
221feaf2
a5e7dffb
f905d715
5beb24c4
f70bfef1
d143eef5
1eecccc3
1324e8f3
30e80de2
3d44e5c4
01f6fecd
2cff2122
2235d7dc
e6050ddf
e91423e2
211e3ac4
132c321a
09da301d
1c4329d3
db0324f4
ed09cc01
f7f1c411
202e10ff
393ef62d
ef1afb35
1ee700d5
31f6fee1
14fe112c
2208f0b3
2fe1e42c
123f0714
e01dddfe
fecc1133
012cfaff
022e074e
bc3a082f
e910fa00
e2066a26
eaff39ad
0e0be04a
1e26ec33
ea130113
fbd6ef30
14f61ffc
15e2f4e1
101d01f8
0329d9fa
eff90f06
fff21c27
cb0303eb
fdfb00e9
fcfbf010
e0f527eb
55d7d214
f5db0712
030ceeec
14ef36de
1125ebde
0bc9cc0e
15e5e8f8
014a0c0b
d2f31247
01f6ddca
e62d473b
02d9ca16
2ccc4436
00e69cf5
0a28e4f2
1cf0eb0d
de28f8e6
d708d1f3
f9f322fa
08e72e31
bfe1dbec
fc1012ec
e6f3fb19
01c5fa0b
1e023e4d
4c061a09
f30a3ae0
360de545
0e1c0ff2
12f924ef
daf3defc
f5f6112c
4be91e0d
edeff3e8
ed4219f8
0c211ef8
43e2f6f5
11c3fb01
e60bf8ef
1a470501
fc0d119e
1503081d
d4fb2d2e
10dee025
de0333e0
fbe808f2
c9dceaed
fb28ee35
fbe52a02
01c204d6
1b0bf6f0
2de65736
aabab7e7
061f1d39
210822e5
00b3f2f4
04150bee
f12151e6
0a08d11a
e17f19fa
c62f20f4
f60746cb
060ed00c
f8a1e301
d0fbfad8
18fd0d18
edfedefb
dde8eb2f
72450eef
fb032e0a
0c3002f9
44f5312b
23c916c4
10dd4f1a
0139bd19
de0bf9fd
49f24cf3
03e3e4be
cbf30a08
fddbfa10
031cd2f6
f9cd0fd6
10f1ecbc
17c8e518
1104eb10
07f3f80d
22f4260d
e7d517fd
f21b1427
bfe8f216
e0fcfbd7
f61c2caa
120ff6b2
f6361afd
1f05dede
14260826
26080c26
0acff820
010d2d16
f521e9f3
10f71d20
15f81905
3bfbdffe
cc03f763
530c32ba
abd534e9
026c07ea
070b0009
f0cef5de
f9c308dc
cc1627fd
f1e6c30e
0e15172b
d607f60e
15d306fa
281e1a26
f71c15a9
d016f005
12bbdb0d
35cef717
fd00ffaa
ce02f1dc
fdfcf4f6
12c3e861
fef40a0c
e5020f00
50f7541a
efb10ad4
1e03e608
fa0ae9dd
ed200cff
2da1e641
e046f8fa
28092d00
fcf9f1ff
e6e91af3
01e100d8
30241be1
1fe40e2a
180f0701
e7eeff11
190ae40d
0edbf0ed
f8f30e17
dbe3ec2e
f6f2191d
fce508f8
0f311632
16f803ff
f0fbdbd8
fa11f823
dcd8ea01
dee41b1e
0504df04
0643ffeb
41bbede5
14fb0a08
f72f0a1c
220e06f6
29f50907
f6202f2b
04eaf22a
0013feea
d40be4f2
24c6f1e3
07110add
f70aef41
18ffee2a
f3f21de2
17b04ee1
164f1efe
2512d0cd
13ceecf0
fb60b41e
b9e3fef7
f2fbed0a
2e1a210c
e5edf2c1
1b39e91b
5ad8d3fd
cb821705
42ce0d12
e7d9260d
1a0bf7bd
fdd2fef2
090410e8
0f16f10b
09d9f01b
3427f5db
e7ff0def
19012614
9aba07b6
fffd214d
fa1226fc
0d34fa1c
ecd9f33a
01390835
42e008c6
e7fbd818
e8a8f9cc
d8d734e0
1eebdbd0
3146ec19
e4a6ea2f
f3fef0e1
0426fce8
14fb1ac0
eaeb08e9
dff919a3
24ee2643
2c070de3
4af222f8
d3ebe40e
10f3461a
f5f01120
3d08b011
f8113622
1b1bc536
f001f8f5
f2cf0444
01f403d2
60df0e23
b5043fe2
0928fc34
1539360b
e21918bc
44e504bb
d70d2bdb
e652f3f1
11331efd
e1046d10
f8d9d2e3
dc2f28c2
eb3dcfe2
f30a01c8
015649eb
d908e10b
1dd5ffe9
0e52e410
b8d326eb
dad10ef2
9b4abdee
1e3904e0
d41af0d8
2028dd13
f40714c6
0722a50b
d6f41819
c6d3a9f4
d9dfebff
e9290413
131afcf2
dd06fe36
0fd4cc11
2609ecf1
0aef5413
11c72a11
e22be3d0
2115dd0d
df0ed8d2
f9f4fe03
fae406fa
0b292c11
0b07ea00
1e2801f1
4bf635f7
060f0911
cd3b17fa
23110afc
19330cf2
f8e8ffe2
18df16d8
eb2b16d8
45b8f606
17203833
2430c1fa
d7f0ecf5
042c2527
340224e6
3f24fb46
0a341216
0b2d0bcc
eb18eff2
d2f7420b
b1cdfefd
0e2d08c9
f40210f4
d62601e2
e2ea5928
f81a5f2c
15fd0315
264af7f7
dae5fb27
f32d0bd2
190acffc
38001221
b9152f0d
38284422
e81efef3
e1182415
d8c6f21d
2e27eddb
b60c4844
f8d9fd02
45180522
ead8f731
03fd04e2
e8d11fbb
1feef3fd
27cf001e
0a29ee2d
edd1f516
1b34f413
dee7e406
f8ed0327
32eb20e5
0af5f9ff
c222f218
f8dc052f
3018e9f7
07f50e19
4d202012
19fffb41
d7caee03
db4b0a4f
f500f3d6
f30fcf15
01213ff0
03dd043d
b84fe007
0e0701f1
e46d0fe0
03e61e06
2b3c4fcc
efe8e8f6
395d2b36
1432ad04
65e79df2
1604eb51
4ac2f3e5
090b19e0
49060508
1ec604d4
c3012eed
00f21626
f5fceefa
58fb00c4
e90304ec
04e40df9
ebf6f50f
0e02be09
05eafe10
f6052814
f40003e5
120c4004
fcecf6fa
fd033402
19fcfef8
0119f318
f417f5ac
f5c9f640
c715f107
0cf7061d
f0d901fd
d82e09f2
0b35d1e7
f6b917dd
fed014dc
1d10cc9f
5855b7fd
c71504ea
052f0cf0
0cf7f0fd
3b1ce732
9d153033
e1561f0a
0d2df4f9
d2f24f06
02f410d5
3bfbece9
0d230122
efc1d9fc
2132bae4
0fe00808
fdf9f906
e4eee7d0
ee09e60e
1cedd7f6
1f1c052d
d524ccd9
2751181c
24d8f5e1
ee032ff9
05fc16d3
11dfed19
0f49150a
d4200657
f830f8eb
45e0e01a
f7f0ecce
f31b1de6
f406f1fc
dfe2fcfe
e12719de
2915f503
2337dd28
fb13f033
fdc7aff7
26f0e012
ca01bd0f
56dcf31b
cc0e305c
26fd0a38
dac30bec
12e8d628
2049fd27
00f2e0e3
11e0fe03
f944fbf0
dab0e923
fd1bfa3d
f1c12100
b4f5d0ef
f5340b19
0d1308dc
2ebb11e8
31c8f016
46133a17
3520f124
ecf40d05
04eb012e
e60005c4
05eec02d
fb19481b
e90709f0
ec22f2f8
db180f58
dc24dbe5
eff2d208
351706e4
2004162e
e40e3435
21160a02
dfee01d9
feed0e1a
ed0c2400
29112f33
03eefdf8
dc5c02ce
34462afc
d6e4de0b
06f70c2b
fdf90805
ccdc1405
fd02dbdd
0543e7eb
f41b0cd5
f50ad7fc
0d00eef6
fde318d0
fefff8f9
0709d90f
f401dbf6
3305ccfd
0be8dbfd
2c31e1f9
bfbbf3f1
f6cac8a7
f60d17e7
e305ea0c
fec63625
d12026f9
430ef72e
232854ea
0127e6f4
13083fe4
b52214d1
1626f5da
290509ed
f9f80ff1
0de0eaef
28fc3bf2
05fe36fb
151610b0
fa191114
2ee0f8fe
f1030d0f
edfe0a39
f10f1bfc
cefd21f6
31fae913
d7dce5e3
d42008dd
c4c900e3
32e4c6ee
116209e4
f1f81add
2b2227fc
fafe0be6
1421e208
fe50f6ed
ee1a09fb
ed1f0ede
f6f91bfa
f3fdf1f0
a8ea81fc
e01af444
d92219e8
fe330701
ec612de2
eee321e3
dbebc7fe
4245d826
e3e3ac42
cc10112e
de08f501
4a501fea
dedb2409
298130fa
f030b826
0f0519d2
f4442eff
3a2fdbfc
191ffcd9
05fef70f
001e28eb
caca40d4
ff0728f8
dc10062e
49382224
f0fa0928
fb18d104
2be1ffeb
f7f4d7e4
14d254d7
07023519
cb1a0601
ee0cbceb
febff602
f43fa50a
25e70849
46481cb6
f0dee3f2
093f06f8
1b0823d6
d9f6e3c4
2d1d09e4
180af8f9
32e1f34b
14fb7f1f
fa151fe3
fbb40fcb
1c41091a
f2c2cf1d
dfe60dc8
e7a0e3dd
0828f00e
3006ddf5
eadfe5e6
0e35003a
36243229
14551dc3
12e7e1dd
f218fbf7
092200e1
01f83ae9
f4c6e901
0100f9cb
ecf50ffb
f60a26f5
fafa001b
b5ffdf12
ee0a1111
0ff8cf04
fbd40109
20da20e5
e6560a16
d1ff0329
d6d40f57
06d81b05
ddf6fb02
13173305
e017f115
feea43c9
0bee07e2
3b0a420a
13fee4d1
20e429e6
1fd411e0
e31e0324
0a09dce9
0917fc0e
07d41e37
ca0cd62d
fee7ee00
2fb8cbff
121c0a30
0fd9f404
29eb05f3
060823f0
20dff74f
811fda39
db21fb05
1cdc06e7
a714f400
2d00e50d
c14018ab
0409f605
1ce903fa
2013d024
26d31022
8cb5f1e4
2b5301fe
12e314ee
f81f1ee2
d7df2515
03b81f4f
d1254409
fe4c172c
e9db1cdc
1358fcaf
120af5f9
fc00d402
381aac31
1906f30e
fee207f3
eceaefcc
f02808fc
c12e14cd
e0f91c0e
272d0eed
074215e9
311f132d
ce091a50
0ff70ccd
291a0d34
c163ffec
0134ec56
e5f3b0d6
08e4050a
04440704
29f9cc16
02daec10
fa062407
df0c0544
10543b4f
07c4cdf5
c5cc0500
20030adf
d618face
d90602d8
2fd62329
e3f1f7e4
23f3102f
052a13fb
f2f806d0
dfe4c7d4
39da571b
fbe51204
23081ae7
b92b0623
d066f951
05e4f52f
f7181047
f51cf6f1
ca16eff7
011708e0
1b17f71f
c9401038
e50e02ea
da1ef4db
08f9e320
17cf11f3
ebfb03d9
fb011000
ffea0903
fafffaf4
fa0611eb
e4fd1eff
0fe0e812
231be708
27d6481d
f719f3c6
0ffeeee2
61811305
31fddcb5
e3cef915
355df71b
d24f2e15
e41b652b
191eeaf3
e6f83814
faeb0c06
26f8fed5
d9f8ee1b
0206d21c
06e301ef
341a1ae2
fbd401e2
eebc0331
e4d7e90f
3f83bd1b
d134f11a
003922f9
11fa0132
b8dbc0fd
0ff5090c
d6be07f0
18bce1f8
e21ced06
dfffb1e1
01a60ee9
0f2734f4
ce07f538
ec11fd01
f1e4fe30
dc9af9d1
eb4e0bd2
fa12d2f9
2e311728
caeb1815
cdd52e36
12b5f202
34ead603
dbd0f622
140ce0e2
f31adffd
ecd1ea36
30cb180a
52010402
f1df0af2
fadbcdf4
fb96e43d
50e8da0d
f720c1e4
f8022610
ddba56e6
13b6e9c2
d0cefdea
6d0fe838
b62515f0
c1f9cebb
5df7ecfc
dcad17d7
fceaf274
fcb00ae6
f2fbf42b
182fc3c3
0bfaeacd
f7eafa0f
06fff632
f12006b4
11020fd1
0fcb021e
f91ef5c5
10f8370a
e36202c0
e6cf13cd
07f4d121
111ee61d
07e0f319
f310fbf4
50fe102e
fc38ebd5
045ceb37
14c63522
b40df3fb
17e5dec6
2f08b1d1
ea0326fa
ee3302fa
05060e02
f3e904e7
1a2eb228
ee330c28
ff0a02eb
d2090e2b
0024f7aa
20fbd7ef
17e249fa
f0d8001d
d6f9240b
091216c6
d3ecfce6
f4e939ea
1c45f823
0bfd19e9
f7b130ce
a7c9fefc
1ae208e9
32cf066f
66fad30b
eee0170e
231502d6
0ee809ed
301b0019
e3d6fc2b
112303ed
d91f1105
f8d11be5
f3f1d5df
d461361f
fafef00b
eea8dfc1
0301efef
05d01dcc
3af90f22
cb2ef2e0
0fb9d7cf
dfccece8
3a2ce317
0fdbf715
02ff0637
0fa42517
fe10c31c
da1b27ff
fd2c19fc
f5a10b43
45ee00e4
f9deda09
c3e2ff74
bffa0727
113fdc20
34f0ec21
31e1ffbb
e627fbd8
c6fe0604
fbba1dfb
041afacb
1481f567
321ff3de
09fd3afb
1261212d
28c6dd16
06c41004
1bd2120c
040519ec
fdccff10
0015bb2b
f60590c1
ff17bfe0
2c13730f
04050f30
37f0e814
ef1b032a
f9160424
d8ffe5fa
fb282206
04119b15
182e153a
a4041f25
d3e6f719
c7bf0625
1cfbffeb
31ed47f3
dc0bf71f
06e410bc
ee0bfafd
f21ef61c
390ae7d4
da0df114
1ddfe6ed
370ff4e2
fc290001
eb060b0a
f5dd1800
f9f5fceb
df1ddcf8
dd2902c4
1b07ff0e
2f01f3df
0300e9f9
f4ecf82b
df03cc3c
1b1817fa
e9dfe5f3
11dbf9e8
25f21446
e9fb16f8
4c1fe6f2
040f18c5
ef144ffa
f7e9d427
ddfd26ee
31fd1f10
f51b864f
1cf312cd
e82c21ee
d712102c
0bb039ee
ccdc1f47
ad3721ed
0d07e8c5
bdeffe02
00e51434
dcd0c008
db26de41
19e6fbed
e3380eee
e7c6353f
05b3f90b
06f5fbec
b323ff07
f928f60d
f62d0de5
43eb2415
26e8efe1
384f0cee
ff0d0c18
fd31faf6
1deeeae9
151516f8
fc3bf537
d255190f
2bd8112c
f30bd914
1bed022b
1f081b19
cd08eaef
14eedf15
d7f2e0e7
fc18e003
e11a0ae4
03d4d8f3
f50df40e
ed54fe2a
e60901fd
ee5b1d11
f8b9d9cb
1108cf10
a90d0b24
0e0ee2ba
020ded0a
091be3e9
58311826
fdfd191a
eff5fe1f
bec2d303
0ffe0b1d
32dd35ea
f00109db
fd23e1d5
e3d80bef
1a1cfae2
2d3f07c7
03071110
03210446
51e7ee01
d0c9f1fa
f408c91f
3a0e0ee4
28fee917
38dd06ef
280ab30e
48f1fd20
12da0d0b
d62ef719
091df3fc
3310ed0b
26f80aff
fc082f31
4fe01ce1
0cddeafb
15131f04
fc4903da
fd02180d
56010800
f52dfdfc
10260dd9
c32af9ff
0f0d04f0
06a7fa1e
be31de12
fdaa4731
fe2096f6
01de1041
bc040fbf
e5f436e4
04e707ca
0cf6221f
ef4bf3c1
dab52cf2
49f22411
faeb120f
0031e6ba
190ba41b
ec31f8d5
c5e22f46
ce0414f4
05ca28e7
0717e0f4
180235fb
096ee6fc
eab42bea
ed08d752
ff2717f6
083ee0f9
f3fd72ce
c429f60f
0b0b5801
231ff115
2b1e1bf0
e7d810be
fe42e2f9
08abed3d
ec140ff4
0bfc0210
f10e0212
ecf2ff2f
1a0c55d1
0e140fe7
fc05f61a
00c7ed06
ebe4e91d
e117f9f4
0e01e30c
0f4f0b3b
d5192125
0919ff1d
08133d16
6d1b0129
24d805fb
c20418ff
e5bd2a03
37f9ddfc
02dffccc
340c0f21
3805f8dd
2de2ee22
d61dbe4b
da0514ed
11fdcfea
d329fefb
a200effd
27f80e13
12f6cfd4
f9fd0fef
c3f0fa08
09fde8f9
05e9e7e5
c10b140a
25b1facf
d11bfdfe
69e31224
35caf069
3e1be6bb
0f2b32df
f2f0e7e4
231b29ee
1814edd7
173503ed
50270915
f1e3f436
07e7e623
e902f539
f50713fb
ed4d0f01
f7cc02d2
0f1a17e7
c80612c7
08fcfd18
0b66fe2e
cd23f3f3
47cbecaf
dd541bd7
3209fce4
381cf609
db2016f5
e7520504
d9e8074f
0dd40bd6
f608c7b6
071405f4
e9e0ebd5
09df0118
3203220b
e40efede
39130328
0fdefb34
ca0c08f1
d681f608
c4231afb
00fd051a
063589dc
79b704c5
f6d20605
dcead9ee
efda0300
24a6071c
a30929fd
1802fcef
ea0ce424
23ebfdfe
e47237f4
feee29fe
f6cfd413
0ed115bf
03e811f2
18d0edbe
1bf5f906
fc390702
2eb628cb
eee5ee1c
fe094206
be4ff4ff
340097f7
fbe21205
05c01102
560f0114
faf2d7c0
16e52a18
15f2eef0
e7d737ef
0df01403
ff25f5b0
3ccdd915
303bf8e8
42baee44
f72de909
1fed1b18
f861bf23
60f0e720
efd6f91c
eb36c9ff
33df0e03
0431faf5
cbfe2de3
0d3ded0f
04002ffa
1d10d5d5
e31ef498
b0fb20d5
14dc1a09
e8f71221
2616dcf4
e504decf
f728cc21
4a3edad6
7fedf921
000ed4ea
f1d705bb
cdeae0ef
efef1201
06f727e0
010445ea
f9fa1640
f9230e4a
ec0ad453
4408f524
d92cf76c
02cb42f0
14aff704
ff01f838
dbec2a11
b916efdd
dbdd4005
17d30d09
00063c05
d4e94244
2739de10
dfbac101
0d0126d3
e8d3f870
23350e2f
0ff807bb
45e2e92d
cee1c717
073425e5
d8f3e0fd
206d6e2a
18fe20ef
269ded10
1dfce904
180a04ed
d7010529
17c96c28
ebf7eb0c
7af91afe
fb421dcc
474717e8
ed2cf5fb
f63f0c04
28f8e8ed
04fd0820
f4dd04ed
f2126ead
e0d2f5e2
fd18bc16
12310c16
ebe4c91d
ceee42f7
d5e5ddb5
3843264d
9e40102b
36011006
f0e11625
c521f6cb
f0b01209
f100fcdb
190624f5
ef062aef
61ed2002
1615fcf0
1c23fa11
d100f515
2b06ea14
260204fa
0900d2f1
f80e22d1
3824010a
f0fbfc43
6bf1b6f3
2405feeb
e82ff4b7
ee0dd9f7
1903080b
a55812ba
3afad520
0b30db68
2d36fef7
210e1cb7
f52a100c
3db2f6d5
4635d5bb
df1c1ed9
fe0a16bf
ddeef218
ec1322f6
eeedf1ec
58f40b53
0b15e702
f2f016fd
c1f400d7
fffd18d5
1eb81407
3c351011
f02bef0e
031a03e6
04f61e19
eb0d0afe
4d0fcc1f
ea012a07
ed42fbf2
350eb721
04e20c47
01dbd6f4
fbe95aef
f5f72cdf
db132dcf
3cf9cf37
9ce0c0f2
e5513102
093c21e6
cd3ce1f1
06f2c2c3
155cf609
ea51e4d0
d2fce22a
0be4f115
18abf8cc
0f090b3d
ed17d7e9
110f4619
f63b3114
fbddd201
cb0ff314
20a71f14
f5d8f908
ecebfaf6
da4a0935
6bb7dbd3
f20f2ce5
dff9fc02
b2324112
e6f20613
44dee7fe
e407f6c0
11ea00c3
1f16d2fc
e50dec39
2930d447
c1dbc4e0
dc101914
bb0310f4
fae3f9fd
dada01d8
49e7e2cf
f016c1df
09041c16
fd03f911
3cb81dfe
36ecf217
60fcfa01
17fdc308
f626f619
29bf730a
190b58fa
05051915
04f8f381
f91b1ef1
f5ff0ef6
ffd2463c
20db7fe8
fdf7031d
26f8d548
cf46e1e3
ec2c09e6
fee0e026
1e36e43a
0ae82838
e1fe143b
0106dce9
fc0bff27
f905faf6
d3ef1912
0cf0ecf5
170adaf5
f61807fa
ea010beb
d3fe04ed
ff2c402d
17c9f522
e7171a05
d9391715
3912e7a2
f01a0b29
acd716e6
032bf023
1bde2ae5
facd2c06
ebed046d
e2f82004
45c10a49
cc24c8a2
d30e19f0
f8f1e8e6
04ddb31b
efb5aad9
fef2ff17
f2b2e22b
02ca0500
23f2f118
e321fe01
f21803ff
2e57ee0e
d02dd4ff
0d0ce211
fdad500d
dd461b26
e8dacdc1
09df19e0
e5dab719
fafaeb10
45ebe6fc
de16eed7
031fd4c4
2fc73121
1f4403c0
130359fc
22f10b02
e70934d3
022723e3
d9cc0ce4
cefbea3c
e3e01fd5
fed4e8ec
0818cc45
d6e624e1
ea01f1fc
e74142b4
0c08dfee
06033e09
18c71751
e9e72eff
d525ee12
e8d3f5ee
2bfd28d1
29001b01
22c9fd19
26efc41c
f1dcf519
2cbb07eb
f5e1e5e6
ec2c0500
3dd72b23
1af926f5
2b9dfeaf
25d12822
6b08f2f9
5108bee6
fc23d3ec
130b330c
f6cbfb3b
bbfcc32b
f5dcff0a
d1c42b33
e0f302ec
e7d1281d
2be3f503
1e52f633
47ed3fcf
f4e4dd3d
1715072e
02e8e40d
13110608
2144b658
f605d30b
36ef31f4
cf33e7cf
d8ab2c37
0006fff6
faca02ce
cc0e0a11
284109e8
2cd2fdef
1f39ee36
be284e12
f430c536
e8ddfaef
f46efeda
e31ceee1
dec4010d
19ffe8ec
e3ffefe0
d8fe03ed
181e02ee
edc2ecf2
ceed00d6
fed40caa
29ba1205
e7e32dd5
eb23f4d6
eac7ecc8
f2e5e6fc
272815fb
db0707e9
dff5e41c
d4140345
072ae4e4
040f0a41
130cf617
f20363f6
040f0413
c7dcf3e7
eff405fe
ed09f32e
3a19cce2
fceef3f3
2305e1ea
1a1616c3
1f0d0cf4
fcee93d2
f1eafeeb
32f72e00
bce11124
04f903e3
01fb0101
02010009
0302ff04
fe00fd00
04ff00fd
04fa02fc
f9ff03fc
fefcfefa
ffcfbb7f
de1edb2b
ff8b0a2e
0cc0b718
d535052e
1600de28
43052234
f3e60508
c822e8d5
270498b1
f9f809e0
dd2ff903
e0fffd35
12fb1edd
1e020c42
ecd00b00
e51511f5
fd18efec
0338f8fa
f82b0ae7
04f012f6
fb060414
1ffae926
fa010fe0
0a0fc1ee
d6f10900
23f3dfe7
12dbf622
021b06e5
10e8f0f1
ea1be113
fc0f01e9
1e141162
1001a8fa
05f7d8de
d0ed21fb
091c07be
dcd340d3
cbf330e4
fbedbff0
0e0b2df1
e6d62e16
e60307d5
b7df0f09
2edcfdf3
18bbe527
ddecdfde
12d7fc27
fbe3f2f2
c810c108
1000f7ee
c807ea30
dcdef6ff
0ac229e1
1b1000f7
0642091c
f9f018dd
39c253d4
f1350a29
0ff310c1
5cd902ee
e4b5d212
2ae90b21
19d0f2f9
f51ae4f2
060a58ef
dacb2914
0a12ea44
e201cadd
56e1dcfe
001511e7
e1f01c0e
fa440dcf
f6bc0327
07191612
07312444
d9e20dea
ed58f407
fc09eadb
231bed46
e0c9f705
e6fe0a01
252d190e
200c2528
fe14ee42
e4b2fe16
da0cd80a
f5fff52b
04eee806
abfc0aef
15c50a1a
0a1638c7
07cff9c7
28c7fcee
04031d22
f01b1efa
1d1406eb
20120404
fcfdf4e0
1cbde802
fde0002a
0ae2051c
2b2dd0f6
f7b425f6
effbd82d
42d3bbf0
e6c6ffef
27ea01fb
17ee03e5
ed001b23
101d29de
f2f4f4fc
08f6db40
28e5e615
f049023e
ecefd9f5
1363fefd
53290350
12ee5009
ef1e0eee
3f06fdfa
0d0b981e
f2d1052d
2c45dbf3
12cefc1a
13450820
f3d0f8e0
161ecb1c
dde2e617
cb40c8e4
f9f8fceb
c7eaa702
11270d13
9ffaee21
2a0d1ff9
c59d5d67
012e0ff0
ac241548
ffaf01e9
24ee22dc
fc07f1d5
0d4b051f
11ff07bb
3e56e608
02f30706
e90bf4f0
0b0300ef
f3f7f706
041507fe
01ebfaeb
fd040dfb
08e308fe
c2d2ddfc
e0b6f630
fd281a1a
cc2fe143
18c50b6b
01e2c2f7
08f531e9
1ad604ff
bf0806e6
33d7edf3
07abce01
ded92916
f701170a
cad80292
ef47cbf3
3f503029
2af2f822
f41dc7dd
fdeff732
0ce1cee4
f6db0a3a
fc0dff02
32bcbedf
05fafccb
f31a0544
fa17e8e7
0ed4e8ca
54076428
22e702cb
40d621ee
dde00d12
1356360d
ce1ae013
e22a2bdc
1cd3f703
23a9e20c
10f210d9
e2db0230
010de3ef
ef0700f0
c9a8cf20
e5dfbe02
bb1103ef
15ecdedc
48c0fd0b
0cd8e4f2
d71b01f6
dd0dfa05
07da0441
3ef33c2a
fefa1a19
ddfc3a30
3216f1eb
37120745
eb1b310b
e7e6f632
a81a0aed
f900f6d8
3905ed44
c24821ec
e2040c0d
e050f6fc
e7e9ec01
cdd6ecf3
cc3a224a
1e9f1831
13c91db2
2d1ec0cb
18f60521
4328e3e7
e0f2fb33
26f7ef18
12e814fb
eac84bfa
04080017
acf0120d
9a8e01e7
1bfae2f4
f7f90f02
1754d1f9
150cea0d
1bf11976
fcec42ff
fae7ef05
e1db0617
04ffebec
f600c311
1112e4dc
e8f1f8dc
aee437dc
2d1ff4eb
01041c1b
eb0b1505
e80de0ec
0b0bcc0f
fcf14e07
e7c5feee
0efeb33a
fd1c0705
10d92fea
18fdfbf6
e9ebfc2b
fcd7f922
05fa2719
0cf4e8ee
ad1b3f3d
e8e82107
fd09e6d0
ebeaf90e
2d0e0909
231acbef
15d4fa1d
eceee5e5
1e17cc2d
dde00520
0ad51cf2
f218fa04
ca08d6d8
11fde202
ff2ffa31
39301ed4
0405ead5
f115fe0d
e820fbbc
f82d03e2
04f237f4
dfebd40b
02282be5
dedaeb0d
1d2639fb
15f9fdf4
09dd33d3
fa320afe
e4da0c01
670609b1
e5d614f4
08f216ec
faedfb29
27381518
2fcbdcd6
f421ea20
d1ef19fe
e2fce2f4
e99af506
1df3f305
fdd01ef5
f5d703c3
32220fe8
460af5f1
192feedd
260e110f
f13efe0f
0431fe0c
f9daeb02
040f27f2
f7ebfdf0
fb04f0fa
fb1003fd
d3ef16fa
30fdec2d
d0d7bf2c
e323d63e
00f52019
ed18f9f8
091ddd32
1e2007fa
e8f029f4
00c3f049
203d490d
23c60a0e
edf8cd2c
17022a2b
d7cc1f3a
f8f0e7e9
1938d92a
81d8217f
13ecc52c
1507e30b
0f230d1c
19c3fc10
e0c1f3c7
e955f827
fe09f407
f0f1c803
ef10c9f9
c413811c
094b0203
fa2d16da
d5b400ea
50fad1e5
cff5052b
e217180b
460d5a15
f9f4da3f
131dfd05
9ea832e8
d0ccf2e9
59afddd4
2600c413
2b0c0ee1
20d7f51f
3ef65f01
f81af9c6
2236c358
0fe7f65b
f82bf8f9
4325ed1f
fcfdd1f7
c4f7f3f2
151eecf3
d6e629d0
42c1aa14
e826dbb8
44d104f1
2ae116ec
182c011b
e208e8fd
1ffc38c0
fdf51111
0221d7e7
1906eaf6
eef500f9
13d8b607
460bf011
cd0f18c5
9c09224a
e6001feb
0506d021
e903f50c
2c3efc1c
d9f9b1cb
e5019331
38ec072f
f0eab9fd
ee10efd0
810bfbc1
def6f7f0
9fea53e1
e00d0124
ff05ddff
fd30e91e
cf2f1a33
ed06eeb9
12fe44d6
eedb0313
5e52fff8
f2230412
1e56ff14
12323124
fe07df0c
e3e121fb
d12f1318
0a1aed36
dd0e0907
1c08dced
31f7e921
491606f4
02fe9c16
b46607b9
d23d161d
0b36fe20
0ce21e07
ebe91d33
0439031d
fd120be9
f00f27fa
b813f3f2
2f5f16dd
092115ee
dc5d170f
dbef00d7
2822e9e7
fce6c405
f20733f0
e6070b03
fbb5d803
2924fee6
eaf3eac9
1a1cf828
e1301406
0fe4dd37
f9e341dd
2b470011
093e13f9
fcd3ec15
1ffad00e
d9e8f1f1
d981349d
b9130831
de3f342d
e6e32023
27d4b363
ca09eed4
289def11
01f82434
fe184b2b
f1e97221
0703f206
371f7f13
feea0f21
111d7fde
01091701
d514e5f2
83511ce7
1314e822
fcd214f1
24fdf226
d12c190e
1ce1c006
0cf32602
4c0cebfa
49f31fc6
f01dd3c5
15f0d607
f0f10eeb
decb4200
c2dbff06
072cf010
43ff0ee1
ebf00600
ec06f8e1
ee202300
1b81d7fa
0729f3fc
1fac1703
fef24cea
fa15dfc1
ea143e21
110f3df8
2911bbf3
22e70d49
0fdf4a12
d33adc12
17c0e0fb
2f15ea28
0cf5ded4
f79ed6ef
e6ede943
f907ef12
1025f508
ff29e200
0e06e7c6
ca0c15f8
cd0d0008
0d31401d
29281723
f51ddb0e
180afe07
1ff73d37
cc0d17e6
0dd81900
1a06ee20
f9fa11df
1608b102
0cfd0c46
ecb124f8
decf09a9
eafff8c0
09cdf3f4
26c3f1b2
0c22f3af
f102fd49
f11020e7
021afa2b
17f908bb
eb181015
3703010d
d6f8f8dc
dc071af1
262d1de7
fdedf00a
3d1e772c
0e23f4db
cbd7c102
d9d02ad8
e7e6ded1
f20908e2
0300ff07
e316eff5
f62e05f9
f7de1606
0af001fd
f41e2e06
f9ed1102
f9fcecf9
ff163a00
eb1aec0c
0721a7f0
18fd084b
adbffc07
12103ae3
e5ecfded
dc0df3ed
d3d40ef3
f1e6f41e
f92b182d
e5410bee
4a28f7f7
f40414f1
fe14f32c
16ededfa
f2811d34
fa35f91a
0002dce9
54190cec
0dedefde
c4fd0a04
260d2418
18f4032e
cd682ffd
040f0945
d1ccd60a
08bafddc
b32bed07
35cdf523
171cdfe9
e2160599
f4032dba
231bf44e
df3a59e0
eee6f833
f8cc0626
ef01d2fc
dfd5e3e3
e403f937
10da380a
11c5f0f9
f0180a0e
4f7d1e0a
20e3f9f9
2017cb5f
454713ef
fb0db420
0030de0f
e409161e
dbcfe7e5
d8e4f9ed
05e90ff0
3d24d0e5
acb4fcd7
f0ecb715
1f0e3ef2
e1ca1dd8
ea0bd4e4
18e011cc
f70a0235
a926334b
dff113e8
f612e1c3
c3cce116
1a0e22f3
17f603f8
0907df0e
fe311f0e
5b10f130
d7fb2f43
1aeaede0
25b324c8
3ae5123c
167fd21e
ceffeae9
f7a5c21e
b139282d
e6f7ecf0
16eade30
f0d94200
0fcbf01b
e722f6f7
33ef0be9
8121d2df
e6f211c7
e3131fd8
0ae0f91c
45fe01fe
11f9ef34
271be8d7
2d1508cd
d00b1015
07e102f6
1dd3eef8
e89081f9
0b06e6fa
f8cc0c24
f37ff303
64de0e29
23ee04a2
d0c52722
f240e813
0a05dfdf
10e9131e
061016e2
1d12f207
eac7fbdb
29c7cfcc
d3052400
2bf4f104
2d0ccd29
140c14f4
43d2df2e
362fc6e7
1ad30ee1
c34717d2
2510b11f
101bcfdd
ecdde727
3a1c2956
0c3b03bf
afcf051d
dc07feb1
05002dd9
1910d62d
fbc3182f
26fbb576
37f04ef5
1efe072b
5c1cce0f
18100ff8
d83b0a0b
f3ec2c1c
bde1fef5
e2150901
2fc5322f
28281807
4bf90905
163de4d2
d8e41d0d
cfe0fad4
37070b26
c4ed37ee
ff1cdf31
a3e4fafb
ea1e5403
f6ca37db
edf22101
16e83be6
2911ef07
db05e5e0
d2d0f30b
cb141525
d158f8a7
fb3bf4e2
e806f1e9
ea0f0e1c
ede6f606
021f33e7
e118c9fd
eb58e9c7
0541d4ec
165405c0
fa150f15
040620df
02e81621
2bd510d7
db63d3f5
c60ff435
f60bedfc
0e3311f5
090f1f39
e6e7fc11
f2eeff15
0a032509
0cc005f3
161512dc
f949c8d4
e41104dd
c7c2cc06
f7da1b0b
1d08ee04
f9da25f8
fbfcc2e3
ecdd010c
fee426c5
e9bce1d2
2b43e401
d00338d8
d833fe1c
b84727ea
f9eca717
07d5f9e6
fbccfbfe
f0d7f9f7
0afe03f0
05ecf3e5
0c0ae8fc
002add24
daf634e8
0d2bf6d5
210fd8e9
d1ec0a2f
e3de080d
ef2119ed
e8dbf5ea
17f2f6d3
0c2550db
fccb27f6
f224fe01
eb1ff60e
e3250ced
1fe10afd
00051ae2
ffd6e423
d915131c
f0fd0045
ee03f900
1b4fe7c5
cdecf50b
f60ce5d4
ddf3edfe
bd01e2cf
26ed1e25
e619f6d8
d528e2ee
03df0612
172dfc06
dc0c0dcf
06242a0e
fd2016cf
1403e9b8
122ef7ec
d61e3f29
2cec02f8
2b4406d4
de2dfaf0
142581d5
2618290b
0801d53d
30142001
04f20edc
262bd7f9
e7212e31
25e019d4
eae022d8
ef0d05bf
ff20c0eb
fe4d0711
1207e2fe
033f0e16
ee031905
1dfaff0b
23d5efe0
22f30506
e3fe15de
c73ce3c1
d7a6151b
08c7feca
edf809ae
d40af228
09fe1123
fc192a11
ed1b2315
2dd4eff9
0d01dde3
15d6f5f3
f4280efb
aef71918
f6fb25f4
0f280df2
e2da15f5
19edd71e
eac81063
281a12d8
ec04d3e1
d029ccb8
0252bd00
2813dbbc
27fd6007
41ef0e45
45e7b6f4
f205f242
1010d927
012aee0d
f7f1f60b
48eaf9e3
31f7f605
fbdb092e
d03a2c23
d5c903d9
b80de52e
0cd60dcb
0c12c303
05eb121f
fc1801ea
e1141ef0
190bdf16
debcf01b
e1f8e9cf
29324866
19e9fc2e
2302e30c
14e8f041
e921094b
31f9df07
0010fb21
1af918e6
f71216f7
0823f706
260f0cf2
1dacffd5
f02c04c2
a0e012f4
e8d9f2d6
22070948
0f21ea01
16fe0e0b
f9ad16eb
f12c01f5
230b0c50
23effbf9
2817f0c6
d5db4af3
08dfe722
08e0d5cd
c9621ce6
16fc3561
16d200b6
cf9ee5eb
ec19f421
41b20814
14dae8e9
3166e121
0e00c5c1
05120d0d
2202fd20
e7df2036
b6fe1535
e9d60acc
f0dc0a26
22e204ee
f1fee7eb
e2de05dc
2ff500f4
fc09fe07
220e0a1c
f70beb0f
ebf3ecdf
06fa07fa
02fb3413
21fd5045
deefe90c
fcfd6d18
1404f5e4
ee15fcd2
2009fe3e
040af6f7
dbd6f363
02e2050b
d619fa19
dcc12504
13bedf27
0ffee3f4
29e89020
dd2ed718
fcddeb01
e6eed9f2
e53224cc
fe0b17fd
1dcbfe02
490d290c
4adde329
07fdf917
31bc0624
4a1c5202
f98b0a69
0364cc27
58ac0fe8
0519a9dd
0401651d
19bfefec
fb2a4248
051867f1
45e4e8b4
dbd90aff
46f2033e
ea3bfbdf
ff1c3ffe
18cf240e
24040d23
ee01e406
e22bf8fa
dbb5001e
b74400df
e82d1729
141307fd
fae92906
f1dcb826
1c06b8a2
e8c3c518
08fe3513
1014061d
01bbf9bb
e9df19ee
984b22ab
c1f51730
3b3bf60e
f52afefd
1507e8eb
32e51014
203641cd
04e44025
21f309fb
15fa0101
ed9936f2
2aeaec30
f6d7f00a
feeaf726
e9f424c5
e107e36a
f90deaeb
1220dff8
5214c41d
13261a14
0732bfd7
12f000c6
f01dc6f6
27fe06f8
0901362b
fc13e6d6
fae1a903
f620f3ec
07df0fdc
0037fc0a
08291cf9
f1f9dd39
e853e317
1013e50b
cceaaf31
08980d32
0faad6cd
f43d0009
3a5cf8ee
7f2f3781
1e0d1af2
33f918eb
1be82021
0607282b
ef0a010f
13cb202b
07eefd07
ebcf25c8
e63b262d
ce600dec
eaea0510
fd00fcea
091a3cee
302e0fe0
e2060e01
f7e83595
f6f7cd0f
180241fc
2d01a2f6
ee3e04ee
e1491506
bf57f1f3
1a623763
e137ff09
1f4dea26
cfe334f0
3dffdae5
23f50bf7
1ded2f10
e7d2e1f5
3f1501f2
3a1e4bc2
0db324c6
da3c0408
d858ef00
1bdedc17
cf62f7e9
fb2d32f0
c521f911
15fbe1ab
f61bf6e4
ea04061c
e8e7fb1e
001b060e
10150c36
f816ffdd
d1e10124
f9f8e303
fe01fde2
e0deeb29
0331f914
fd041923
161b3cf5
1010f0e4
ff251f1c
1801fd13
0ae1f624
dbcefbfe
ce1af416
04d2f8ec
c7f5222f
2717070a
1f1300f2
f4d928f8
ec2938e3
fd02fd00
ff0300ff
020105fe
fdfd0101
02060001
fdfe0102
fef90100
01010503
234126c0
656bf2c3
eafce2d4
0a0023f6
05f40dc2
eff5f70b
56e3fb29
05cf38ce
d7dbf2d3
3de7f7f0
12f0eeeb
4c5a232c
c3d9ff33
bc22210f
f42f31e7
d0f207f2
e90beae0
31159dc9
0ce2fff6
2519d734
0517fbf6
e1f32bdd
0a19fdb7
e40002d8
1a0bf9d0
5ad5ff95
e4f8decd
dfe81b8a
3c0d0ace
ea31f5cf
da3715f1
ef124bf6
d20f01e6
34f224d0
0901fffb
3107fed7
09f5ff1f
0bf10efa
2106ddf3
02ba2b11
e0ed28bb
0e39fd10
f3f80239
dedb0a33
efac0e1e
d5c911f2
fa0519f9
280902e6
01d50534
fcfdf6dd
02e0f8ee
e934efc0
e8f20335
e90b02ed
30131d03
f7f2d6f8
1b12f7e1
b0ccaf08
2231f9e0
dd587fb3
efe907f0
ae1217be
da350ddc
1d1aee25
18e6111a
2432c1bc
13efd8ea
57f92bf6
2a45fddb
fabe290a
37340c08
a7bef3d8
0a0e054e
26e10ef7
f7e4013b
3138e3e4
7f091e01
e8e3d5e0
eae718f4
ffdb16ee
1e1bd3c8
47fbbe2e
99cd44f7
0b3a26f1
f8fdce21
6dfdfc2c
52ad12e4
4b36fc0a
95f212d7
2fc51de6
0a420335
3aecf5ce
c717f622
1c3625e9
15e2e6fc
f1eef505
331a2909
4bd5251f
02ddfff0
c2c4f6fe
29d90636
0969fff9
00f7fa0a
0ff010e0
0af7f501
22c8f9f3
16120dc1
d4f6e61d
fe120533
020002c2
e4fafdfa
fefbe4e7
27d5f6d9
31edcb70
11cb1329
e3d94134
e91ade0d
e2f3ed1e
02f4cf07
f6eb312b
f6f21517
4a093904
070efa2e
d33a04ff
fe45f026
15ca1d01
1dd5e90e
04fd100a
09ebf83a
3d2ff70c
cdee041b
1360c83f
f60bff06
132deb49
d7bafa02
162f1a22
0bdd300c
463ab917
f901fb07
400f29f7
1fb90e15
3a620dfb
e1f43011
2cf60fe3
f713f8f2
14fee918
e1400810
ec2c1137
ff190e25
24fff303
d3c0df1d
044ad513
d20a39d9
14152526
d7f4f004
dcbefbee
ef1d0af5
cc2ad1ee
13f00e0d
22eb0cff
f2d14d01
f5c169ed
bd480f0e
276afee4
1ba4f024
dc30b3cf
10f80404
03b715fd
bdfee9cd
c2f0fef9
00cef1fb
e9d0360e
d75e118b
e021317f
12fcd3ec
f003fcff
0801df18
fb00e3dc
03a5e7fa
4308e319
1321f2e4
12edb753
0b1bd81b
090b09c8
d8daaf43
1020b1cc
b79e3dd6
03ac010b
2b17d617
1dfcfb11
ff1c3bdb
e832053a
2bea53ff
00391830
f71c03f9
c10d2b22
dce40e0f
2be42810
061ffef9
32ccfa1c
08dd3936
9a161808
eedaf0fb
df2b15de
f40a03c5
eb1bf607
e40b06ee
f4f226f7
22daea09
0fa225d1
081afb21
a52bd9ec
0dd50e09
dc0fd7bc
12c2e822
eaf531f6
deb5d627
b741e11b
deee1e19
f00709fa
00f3e9ff
00fb0c19
f81ff600
f9f80e02
1c35281c
dee31cdd
01ebfb03
00040510
c1ea030f
f6f8f90a
edf4ff30
1fef36d5
feffdfd4
eb024108
fcea1af2
f9e4d1e6
2720180c
07180739
28f92d1c
fcf20424
1cfcf4ef
12b900e9
e3f7f607
03dd321b
b9b218e5
ca1204f3
d9ee9be9
abc3dde2
e4cbecee
96bcf303
f811dcfa
c61ff5fa
fb1e0dea
26dcd0fd
0108ea38
083af326
e9060a3e
cd0115c5
d908e802
02cdf304
11370d30
e80d140c
fa0af81f
091f08c2
f9d50f33
1fb60310
3819f5c5
3045190d
d53718cb
12e7f413
1cf0b6ee
57e92df7
21112335
012ec6f6
06e4f0f7
e8281527
01f2ff5c
07fa1923
25f42108
1115e7fa
f8f096fa
232c57ec
f50522f1
f90d230e
16eb060a
560b2cf0
ee0701e4
3612082a
24fe1a09
150821fb
f8cd08dc
0fd3dabf
11f8f654
d53ff2e5
2a080b12
06feff0c
cfeaf409
3853e5c1
e5f1032b
a11022ea
116404a2
c91c27a8
dbee30ec
110304f3
3b21d5df
1cf4eedd
f031e720
125917bd
2ef40ab6
ea00fb3e
03c706b2
f733aeef
c81b030a
391919f1
1b22f10c
1657161b
27c60a2a
0cf0caf3
b6faf3e0
0f2c0510
21ffffe3
dfa9fcf6
09db07de
260bd381
ce0c0708
00eeff05
05f5a22c
cae9f603
1ddf0423
d1ad1dfc
dfdf26f1
144cf129
100af433
0a2616d6
bbfa0f31
e2d6fc02
1db31129
ef04ffd7
a2efea36
2b48fdd4
fcd10981
2fbef4ba
2be127fe
eb32d0cc
3a051110
2b2bd90d
19bb09ed
e1f6f4cb
dfeeef0c
6710d2fa
0508123b
02113ce8
ed1de807
bb45c0de
1bfd03dd
fc0c2102
1d0efafe
ffdc14e3
e411ed16
d6fb240c
07f526f8
4407fcf7
e718fbeb
0f62f5fc
0a630816
e50a0a3a
4ec216d4
0ad14de8
1bc50c5e
270bfe13
13d2e908
f6d3a8ed
d1e8fcf2
a82e141d
1c11ec00
0dd10b0f
2f0707e4
d3eca4fc
0be804d6
1ee1c4f7
210cf106
c7d52e1a
031dda0e
eee2d9ee
f9cae10c
07261a0f
045e15d6
f4511108
1622023a
fbf606fb
e600f80c
fd05d8f9
040307de
d810dcb8
c91ff2bd
d80c021a
15e9edd6
21decaf4
15e3faf6
b8d9e7d4
812028fb
c723b903
1824f4e8
ee13fcf3
f5b721f3
d1de0e24
d92a2210
1fb625fc
b408f1ea
471636d7
4b0b1100
dae41dfc
ce26ebf7
1e11f5e6
09dcf237
e6fc0708
05f8e2bc
1e26c4f7
f4fbfae4
18ded80f
d81ef107
15d8f812
bff4de05
11e6e3d6
0cf314f1
daeeac34
ddf704ee
b8db081c
e9e3e713
d7cef314
d81ea820
0616350f
e41b34f1
d7f32ce2
2a2cdafc
ec9d02d0
ddd2f61a
dd131c1f
1c0c0bf2
f9b83fb5
f7040dec
d9dfd52a
eef40e07
0b19d02e
fbeceeed
f9b6b29f
13131a23
f0f2092a
240302ee
07181cf7
1afefdf2
cd30f8fe
fabef2f9
2e1305ed
e91e39e4
ce1912e4
f7dc0610
f2a1e3ed
2b040209
16e51607
38adfefd
dfd03c16
99da1be8
d306d304
2c0b1301
03ecde0d
fb00ee05
f3d6041c
db2002fc
20220d0a
1e192d1c
00e4fa0e
e8030f40
150d02df
1acb0527
030229ff
0953e32e
0befd6f5
fbf4fc05
e107ffe2
08ec5c0a
0a00ef03
0df9df0a
ccce0f0b
c426090c
ed3f1b13
55131201
afb3f1cc
0cd32827
e6c82713
dec601fa
4ed831ee
c60d05e1
043ffa0b
e500064d
1ee8f1f1
ef2912d7
d536d0e7
dfd0e158
fd25192b
1afa24d7
15f7c2ca
2a8ed4d6
f836f9f2
fc620bfe
c30f23c6
dc2ff42e
f6213a1e
3804f8dd
f6edf021
e4e3f9f6
f30df8b7
1dbce4f2
0cebed16
d5dfea48
e624cf3e
0243f740
ec00f924
1c10ec0e
e90712fa
093bea41
4203181b
e9fe20e4
fa0af1ce
e404f5e5
0b0205ec
0bddfe06
511df75f
0722e718
1b1aff15
30ffefd0
ee05dbe7
4fed19da
ce111202
c006331b
0b2e0215
d6e3ccc6
66f6d881
0b4fd817
58ec2bad
e6e0131e
e2c1380e
2419302d
9dc7e793
0404ddda
0211ff19
e704e90a
01f92606
eae102f5
13f8ee13
082fe604
ef20eb10
f8cc0af9
07cee4f6
e8de19a2
0a0e32e7
e456e4f5
18d3fa22
3f24d902
fc0c3b05
1e14fdd8
08fc462b
2a0bf9cf
2ddaeee1
02dafe11
e925f1e3
000ade15
14ef16f3
01d6cb21
ecb6af14
c61df1c8
4af8f3ee
0a360d15
04e40118
fffedbe6
090accdf
dc0205f7
f10d12ca
0527ebfc
f5c7f7f6
ede6f0e5
e2f421d6
f818071b
bedbd0c6
0ef0be36
ecc71be9
ff051808
eb16d30d
df09fde2
dd3bf425
ff0df6f1
f7f803ee
15eec6fe
e9f33457
08dbec0e
2429d6d7
0d210214
d327ed23
e01e450d
f3bff50f
1ae50531
294090fe
0ace0246
f1efb8e3
0eb80a30
d305f401
14e30a33
4b04ecd3
1704f52c
12144126
cd1ce8fc
54e0c4fe
f5f6f523
24e0fa23
5d0a18e0
d73e1b0c
0535f8e7
0c11c722
062302d3
dad026f5
eb2beef2
29d4c2f5
daefce14
1bfe9950
08f3ac21
6b0823e7
cb0df6e1
df02bab6
35b70e4a
321045c7
f4e7260c
b4e0e6f7
1dd31225
f0a7f805
0837fdea
d8cded0b
65b3fe57
e2d111e1
0401dd04
0a0e1e14
