f7ebf93b
79e632f8
14f5f8d0
ed25f206
26e1f2dc
410005f7
4fdccfd7
061a0ff1
05e30b01
eaefe7fd
f4180d18
d409f61c
0ef1bf12
f3362215
ca0741dd
0af80a0c
16e7e835
12e7e0f7
1824f6e8
16d23728
e911f6ee
2ef9011f
230cc0b7
0bf1f8b4
09673304
ed0fc83d
e8d8ea07
f3f340f2
dafd0aee
370af81e
f515bee9
ef420617
13ef2008
e0fd2bc2
ca2be15d
cea216fe
3cdf20c0
1a01b408
fc3cf3f5
e516c641
fadcf139
2d0de8ef
1bef0afe
220aea3c
001317c8
0607032e
f9f908a8
f3055518
0ad4efec
e5f11cdc
f415f13e
fa1cfed9
12f5f944
c3f80a1f
7f27e6c8
edce0d00
fdebf819
3a0ae18e
32d13e99
e0dce3ce
131324db
03033ba2
4628e605
daceb13e
7fd5f9f0
0c20b4b0
d009ea05
dea6f8a6
d7df0513
20ff07e2
f3103433
03d3fd39
051f00eb
d224f806
eceef7dd
1cdb1bcb
1b3420d3
02fc1c06
eb37f41b
01131bff
c9cfced5
dee607e0
01f9d90b
e94adff3
19f9251d
080010ce
d5b2c723
f31e0002
2d24dc07
39dc35c8
f1b7c219
f51019e3
b60c1cdd
c3010ac2
dbdf520d
2344edf6
14ec4a06
f3fe0341
1df71e35
0a2beb99
ffc001df
cbeb360e
dd202700
dcfe0e0c
f3dadf0d
1df92a33
ba2b2de2
13fadbeb
cd0908d6
fc0a32f4
210dddfc
c801f7e8
e0d9f025
15fc1410
fe02efe3
3e012301
111c7f17
f1f7f6bd
9b065654
12f8f6c0
19191e07
37c034c1
ff080dec
00bb531f
e9fcf8b9
e606f7b5
ed09270f
ee127f14
f4fbf005
27be3b3b
a408b4f7
2d2f0d4a
f30ef1e2
2f1306c8
f116dbe3
e11adf48
249bf8ea
021599f7
4710a1f5
e9e7ed05
e51b0750
e2ef10cc
fe1f0fd2
f910f2e7
fcade70d
e4e1fde5
6be100e8
10e5d113
2808dff4
f5f8ec07
e6f8c70e
1b20e121
4507fe17
1808d7e7
fc1f2535
fe0b2623
e8050904
2dfc053a
f8171abd
eb00e6c5
070fd7f6
0c1507fb
95350ef4
22e8073c
e9181105
5bfaebd3
f01b0849
1633de0d
2003ed56
e02bfffc
412426e9
e5f22922
0e3adb48
c41aea1e
c3ab391d
e013ea1e
10ebe6ca
07010945
e327f2e3
f1ec1d47
5ee528f3
f4fef37d
ed2cf60f
11d4120b
f4140f8f
ce1121e5
e2cda80d
28cfd2ec
3210f520
eaf60f63
44b206f6
0607f801
12eb3e16
073c11d7
e20bd32d
f4121c11
4d05e3e9
2af5022b
58192215
fde4e712
10c125f3
ee0bf0f7
efebe307
ecff2de3
e1e100fa
f8150a10
0c153a0c
0a09fadf
aebb03c9
30edfe0f
0edb3d15
212417ef
c410fde4
ff03e9df
a5ef08b5
f22b3a0a
f9e1e5f3
30bf1015
48194d15
c8ede136
f8200f01
1efd0559
2fd72921
e7d1ebee
44fb4ef8
2df42cdd
0f39e5ff
f5022dfa
ccf3e70e
020105f6
0be3232e
10e4aaff
2b25e8aa
f0ffedf8
5d07b8c0
a6375103
1bf01f08
ecfd04d6
cfdfd11c
ec0515e9
bb61d5e0
d8e5f9ee
f5fb50fa
df1f2405
f603df0a
f2ec3ce7
06b7ed61
f8f6f813
3f4633d1
e3f3f2e9
dc15e623
04e62f3f
25d6f6f2
c8e5f8fd
cd07f3e1
e7e4d2fb
f3ea0305
14f13d0c
382cd323
020f20b7
6fe7e6f5
18f7152c
b9282abb
f1e40f42
00f8f81a
04fe18f4
f513fefd
f6eb3601
17fe080a
fbf4f9e9
06fef608
7ffffe14
f71dffea
070e4dcc
1226f4f4
202febc4
3cfeeb0c
0f07edff
dbe0200b
f607ddce
0ec9bf36
17380700
dcf3c4e9
0fc81bf7
e1140cda
db0bb912
dffc2ad1
01030532
4de50530
bc19490f
d41e1427
f9e6d7b4
2d2b2af2
c20cfa45
23fc0636
f908c50a
eb19f181
d9f4e6d2
297f0605
16e1ebe0
bac3e4a0
4f03142f
4197cb2a
f81b201e
4420a4a1
24e2302d
c1f1dafd
00550feb
1e5f3c20
5715068a
ee3ed0d5
f93b32fb
0c422903
f7eae610
ea0612e4
690740cf
282b030b
300befe0
0105f70e
04ea0c37
f03bf528
f30899fe
0f0b0ef3
fcf12806
d324f60a
0305d41c
fd0ec419
f51e130e
1213461e
11152bf7
f8110f15
03fa2fe8
2308ece3
1af314b3
25cd1dbf
e2d625e2
ed07170c
37e1202d
0df0d414
e8cc01ff
c0d30e38
fff6f8b0
0a1ff44d
010fd92d
0399f7e8
c40ed01d
bde9c7fa
3307f325
0520fb1d
1c11e933
15d0e3fe
3f16dbe1
170d0704
12bcfff0
120ce8e3
0cdb23c8
f937cd0a
5106d9ff
0929fd1a
a81b0d33
054c27d2
12f495f4
040fec14
ec0f36dc
040e22f8
e7f20b23
f22a2326
fc01eaf5
18f5f918
db0a102f
e72007e6
0fe6e51c
fbc3e590
deffe9d9
f04481d8
093a01b3
e220fb2c
aeda2dfe
1cf5d9f4
23cb3804
13240140
d1effd16
0922c81c
fbf511f7
efdfbc12
d501ad0d
16302fe9
11fac55b
c9e3fb0a
ea0f16de
ed3914c9
09bbece0
cce71701
08ffd7dc
1a33042b
0cfefcf0
e1f93bbf
de043925
07130ee7
1501e6fa
2c4cc903
5a11f346
2af418e2
2110fee0
29f5d23e
2afc0114
1af1f934
fcfcd0b3
fbc70f1e
28eec3d1
30edeeee
fd11122e
11090606
cd00061f
e9160ac5
0016eceb
1c000600
a9f29b2d
3dec25cd
f4f40c1b
190eb0f4
d6ff113a
00f9c212
fde41514
e01ed3e6
e7191a3b
02342ae0
1ce23641
ee06b806
110b44d7
efd9e15a
ffed0a1d
00d10eda
df041324
fedad21a
1527f421
e9e8f42c
18f214c5
d8e16527
16f72e85
b900f4f8
05dfe903
b0d6f715
bf0524ea
c81021fb
04fdf017
0deafaf7
e0c504e5
c61604c7
1ff8d7e0
1fe11a0d
1dfcce9f
20c5dfee
0beddc0e
31f50826
181af8e1
f616da49
e2e7ac24
bed938e0
10fcc319
07db11f5
c2061021
f4211d1c
03fd27ed
fc10fc3c
e77fdd29
c217fe7f
fff90d46
032337e3
0006b007
f1deedd9
01032928
d1eadcbd
49f2252b
c43b050c
0b28dfcb
37f11cf2
fd04a1c6
febd29c4
0cc7d30a
213827f8
11262d17
c12fda0b
dde51de2
23d3e80f
1f08fcf9
2904e1eb
0bf4f7ce
d4bcfa2d
04fce211
e2df1419
10c00624
fe0fdd0f
641cfa1c
f61214de
fde7fcb6
c9fdeff2
f2e92021
ae2b2305
01f7e0e9
06f1d3f1
24e8f0c4
f6f0fad9
ead006df
14ba1b02
24ce0cc4
0103fbef
09e9d436
01270530
26f90b0f
010ef932
04001fdb
1c1a07cd
0b0212e9
e70c0ec2
1300de10
4c051630
f1fff4f0
01ddfefb
fadefe09
25a2eed3
0c2d37e3
cb0ddc0e
0e08f1a1
a3d4281c
a9010c23
f109d6d6
fb25d51e
fb381fd6
cbccb1f0
50f44d3a
124421e4
20cd12f3
f3f9feb7
0414f80b
e5db2717
0e72113c
d512d247
e0eb5f0c
fa13cb0b
1c24f606
8bffffe9
12f62dea
f6e80a00
f033dceb
1f014023
07d8fb0e
1223cff5
0913060f
2e06f2c1
a60ff0cc
eaece6f5
020803e2
d5e42711
41fc06eb
18e4d9db
020fea39
f0fee881
0505f2d4
022dc20b
d5b0e405
ce10e54b
22f63011
206ed8a4
3ff30726
c6fae84e
212afed3
07d8e6df
09fbc0cb
ebea3c1a
1a375c10
0bea081c
40be0c1b
d5fb12d0
e7f50f1b
1affea30
0075103f
de04380a
26d1c107
e3ea03cc
f5370cf4
10112afd
1d650d3d
e8342022
0e17edfb
fdf5d5f8
0305fc0a
f2ed230b
eb39fa11
1407f8ee
17f6ff14
02fd0cf8
3c5b4021
3c0be2c8
12fc9dff
10074c0f
f3b80b01
37071631
fcf8f831
04f7f5eb
f741f3dd
06385be6
e90611eb
ef06dd6a
042a26fd
2d0b15a2
333b43e6
101b06e6
f7c9bce0
1c022d07
c3e1da06
f01811e5
12f8e11d
0b040e19
24efcd48
0d02f815
131e16da
7fb410bf
20e6b424
0b07fb04
f4dc36f8
1ffafa0b
edcdae41
031fd90c
06e30827
02cdf1f7
b70615fe
e11a29f4
2004f038
6dfffcf6
e2f7050d
1221d6e6
0b4a1bc0
c748e9ae
16de04c8
f2bce3ff
ebf8efdf
eaf11934
16e1f03d
f809faed
36071dcc
0beaf83c
890ad82c
0fd1ffe0
fa31d808
ededf526
d3dbf607
fccc0a13
2a4c29f1
49d7cbc0
18f0fa0b
24b71ac4
cb2cf717
25f109f1
1200c3cc
f60853ef
c4cd01c6
0df358c8
b309edf3
070b0a33
2cfdd898
dff73c04
074509f4
ebea21ca
268bcb25
efd40975
ad1bdb15
deef0cf9
c71228c2
f100f2e7
49090807
0211ed17
1beebe10
3c1e2724
e5c1f0ce
dc09c13c
2002140c
220dccad
2c96f207
1be9abdd
a41d0530
2003e1d1
d014d7d7
29af1800
20f1d013
84f6ff29
2ae22ec9
efee1919
24f923ed
fbf7eae3
ddefe9c4
ee1a2a0b
0c39e8ec
06fd410a
acf1e8db
ccb6fcfd
1134e534
1f0acdf6
581dd607
d3e62743
f2ffe12f
0407e423
f3492601
17c90925
f73c1c00
21fdcced
4324e4eb
ecebe9e4
6f43f5f7
3d0dfbde
1d1d1503
00f00e05
c0ce19e7
d7f8da10
323427cd
eec7fc31
1bf51dfb
1913f84c
14c61200
1cd64826
f51704c6
be17e7a8
ce12220e
ee2d04fb
d71df526
d6fb0411
17ea1423
fae90d24
1917ff16
dfea2a1e
0c4702d1
314a0dfa
b2f12227
da05de67
c321c418
f504233d
fd54dcdf
e7e2e366
ecc71ada
fafdebbd
0bbf161e
51f906f9
d7fa13f1
081725ea
f9e1f4f6
080b083e
fb34c9fe
0909250f
1d22df22
48055ecf
0216b915
0500e451
11af0024
eeedef29
32d7ec2a
07fbdde2
ea2ff604
d9fcf4e6
fd0ebf05
efe431f2
0e13f2c6
06f41c12
4307f5c9
1d38e93d
4101e2ce
c80c2218
23d3f256
f91de0e1
da02d20d
33161806
24efa5e9
f5e4d845
0c2119f7
09f7f4d1
e514e71d
0ce30602
351af7ff
40f6e1e1
f3143607
ed3f1429
3f28e816
3606f104
20140701
fd0adf05
3608eca7
281b36df
731d281f
3fcb7f51
96103589
0ef51523
ebd826d2
0bd6dfef
09190e03
02edc427
1b11dbda
042b00df
3d022afa
1015f707
19181a35
fbd54204
bf281022
0118dfa9
0ce5ae1c
0c32fb1a
2ecc10a1
faec11ef
cde505e6
fbea08e6
0208e629
250fce19
5913d8f7
be03feee
f7140a2a
5301ff14
700efa43
081d22ed
f7d1cb03
06fd1cf2
f619e6ed
fadbf4d5
e8f10000
ee010df2
1a0308dc
fa1514e5
31081700
18c79e5c
39fedf0c
10d40520
fd083403
101304f8
e909e8ea
07fe271d
081f1f44
ca17c785
170ab706
0825330f
0f22eafb
1105f02a
063536e6
0112fffc
fcd011d7
ebf3ece5
d41a5c12
1a0ef4e7
f69f0e0f
04040f0c
d808fdf7
042617eb
e0e52af9
f9d7e617
1a1ee9ff
b87f1036
ee2d03f9
000d0b33
28d008fa
ff3ced0b
b4edb505
f8ea1cf0
faf0e562
09ddb60b
36f807fa
1902fde0
4ce00f17
0939d90b
1f62f2da
d00cea2c
36f60807
3611f421
0d00f1e4
f6f5dfe1
e0fef0b9
0604c82e
dda601b4
fff5d6e1
66213c1d
cf0d2dee
17f7f027
38f9e123
bc40d5ff
187fe8fa
f88af8f0
f3ff0eb9
28f404f8
192b37e4
11f0eff8
cd0d88b6
1806ed47
e60ff1db
0e1e29f6
14ec552c
0f2afb09
dbe30f36
0611d2e7
e3ebfe1b
ebf904d8
f6deb72e
2591e317
f42fda42
ec3a1b1c
0918c16c
0bfc11ff
e30afad6
0f2608f4
0ae5e11c
12a80858
1d05fe32
233310e1
2f163816
09042424
1ecf12e5
34224818
2c1bf543
05d1ec10
fbe04340
08d72809
efd4b62d
041e2905
0ffcead9
1002d331
0de22028
05f701d7
270b423e
f8042822
e00afc30
2c07cd0c
adf3f0d4
1e23fb28
100ee807
27b5decb
f80f1314
f4e8ec27
f9f2f80c
d9cc0403
e5031bd4
bc014e1b
f3140307
ec0ac85f
c2e32181
250f0ed6
c2eb10c1
dad4c90d
fa14d722
f05ee4f8
1608f6f9
1eadecf9
2b1d2144
ddfcf2c2
f00725c9
fe00e61c
d1060b47
2c020bd8
fa2007f1
1d3ff9e0
f6f9cf1e
01cb2009
23462595
afe3fbff
46f4f5c3
0dfdf6d9
13bf3e19
f609251d
b7ba0f1f
d8fba4ec
c80639d7
ddd00a19
2df1fc3d
0804efe2
0f03edfe
04ded43e
df30cc28
f2f61830
f10617dd
261df50f
1503c142
2c02f507
15e62f11
e600030d
ea380807
33cf2dd7
181cf76b
b295331d
350915f5
e4f11f3d
0feeeeea
111df9e8
2e03f2fd
33e9bbe9
b8ebd526
db2532e3
5507482e
f6f43cc0
28f83dfe
0700e9f3
f93ef3d1
c2f2250a
eb06f30b
fbe21c22
1409ea17
18f206ef
faec1c34
e2b248f5
f5fdf935
ff08f036
2f180ebc
e4f407ff
00fb141a
06fe22fb
d7d21102
0b3cde5d
d02d9ee5
6b0035cd
ecbad71f
eb2602b4
3dfc04e2
2bc9ed29
2140d1d1
3740ebb2
d610c009
ab18ed13
041833d2
4cf3f922
cc03fb12
fa07ebd9
190ee8c1
231ff607
151e33d7
f8f91afa
f5dfcb2e
ab03ebda
25ff03fc
091c1238
0cb21a20
04e7db0d
48243b3c
d2f2fef4
e579fcc4
0d0f17d4
f306ed03
dbe7cae4
0c0aface
b32a550e
2d12f5a8
1c06542d
0c3c12de
f5061b02
ff06fc16
2ed518fc
0e2108de
281a00d1
141932f8
0fc6080c
0c340ca3
dc450101
ee08e5f2
b4330707
f1fdf1f9
11a107f0
22e90d0a
d238f524
f9dde71b
e7073d11
de0e2ee9
2017ed2e
e221df2a
ee0135fc
63184630
f90d0a22
0aee1401
e1efbd03
2afcf304
45fe193c
0fed1506
21a20dcc
2ecd9701
46ddf004
f3f8e0d9
db19e0f7
e704edd8
242e34e5
0be40f0e
27fc81d5
15f4edd5
eaf6112a
21b8fee2
272cfde0
f4f40be2
f3c8f5cd
0d06f243
27e01af8
c30bbff6
1131b404
ed2f080b
372fed14
10f1f6c9
e6cc07cf
f4d6f003
2853e0ae
daf2fd0c
fa2eafc6
19f4f32e
efdb1b1b
daf11dc9
013158ff
fdfeca0d
ca2bda19
3b0dea26
132c10fb
d6e611db
c7491812
f812f2da
caedf1eb
123be5fd
ee200de0
fa0d251c
d9e4580a
0800ecc5
00d705ee
fbfbf4d4
29384a13
fff5f503
d25b0af8
16fc6bb4
f026241f
0b24182e
3eee251b
07fb07ef
ec02ece2
f8ed0809
9e2f200e
fa15054b
1e07d2d6
efecd4fa
bedff9e9
52fff4b2
f4f60c14
31d1f00a
fa110007
bcfa2a8b
e4080e09
1219ec54
06eadd0c
ff03e3b3
0e14fdc7
050e0d23
221f120a
accbd105
e8e921ea
1d001dbe
2bb6e421
d9eee605
ddf414ec
0101f8eb
1b060a0a
0710ec1c
bf11fbbd
02f90ca7
bef8f0e5
d7f607fa
14f84710
fe370cef
18f1c3ac
19fd55ec
0f4fde1b
d1d119eb
22e0f519
e403e2aa
db422db0
f8e71ce9
1710eb58
fa282606
3d0a1824
e2ebd2aa
fae7101f
650600e2
4feaf2aa
f8fae521
2c15210a
0d25c14b
01da45f9
ec05e256
08ecf7c8
440cf109
cbe9caf6
fbecd03e
c50aea48
c707d3ca
e91ecd2e
fa25ff2e
d014f1ca
c5fafa20
ff24d1eb
d5ef0120
1793fcf3
19fe1bb8
56fbd515
edf420b3
e411f20a
22f312dc
15dae3eb
0711441e
e10514f2
9e0d0573
44e327e1
01e404cc
273bd4eb
e9ff1bea
2e19fed8
f212ebf8
560f06ed
23281d2c
ea0e1dff
24c42ddc
f42fb330
35070725
503e2e3d
03f805f4
0b13d705
bbdf2b09
0ef2e025
e7f6f200
08302b00
f2daebd0
1ddffbc2
fa15150b
2220f67e
e4ed41d7
1df00dea
19f5091f
31d80dd1
0c09f227
ffe50bc6
0ae91608
18e6e9ed
37040110
1d04ffd1
2e22bcd6
09f6f546
0ffb0c42
19fb0116
022a08df
d0d515ab
0fd6fd15
22d82d3f
2eff3664
210c0330
0600f5e0
8417c1e1
e32824d6
d3c732f6
ebf00d2b
06fed0f8
150915a1
00eafcea
1002f00e
e7e1e103
efdccafe
22141a47
300a0bf5
6b0c4535
bffdc900
d2f142d0
81ec132f
e7dff712
ebe63696
fcc916f2
23f1fee4
fe54ffea
ed1cf108
eacdf62e
f1f40121
c8e5d6dc
14da1ef6
e2dcf401
f1fd1a50
1fe9fdfb
0309222f
2a0af007
fb374522
57f5fb06
e7ed3942
b9e1e104
e5f3b6d2
afc8811b
0716c8e3
04091d0d
d5f9fdf5
31f9f200
fefdee20
9a2f07e2
0e08f8e1
f6e8dbe7
fb6b1bf7
0f0ce62a
e1f10c05
eb03d902
fde8edec
f6f9e84c
e64b22f9
ddc7f91e
13180d19
d60d13d3
0b02f441
f110fc04
dcedfeee
d22511f0
bffff508
eb01c50e
02ec3b06
0920ffd5
1af7fbee
15091630
ffdbf90b
fb0b0332
d2fa0ed1
caddd408
09e9d52f
cec51514
490edff9
da1eec0a
05e9fd2d
dccd2d3e
0300edfb
74f722fe
020bf30a
ec2606dc
cafe2eee
d4f60f0a
fc2d47d1
f1041c06
0adff8f4
e9e2da1a
1404cae0
eee408d3
1d0df4ab
d4f71cff
fef6020f
efe3e517
f01accef
17ecfd00
000f23cd
2f31e63e
a208ec38
39d02809
041318fa
34460810
ed132af7
ecdbf32d
f1e9f5f3
d659e8cf
20db242a
c3bb3d11
dd120ccf
03224624
2de4cd0a
21270627
03ef051f
2decd2dc
f2f90137
231bdd12
fbb306fa
fffd0ccc
37233bb8
33f4cf15
18302314
1e14fc1a
0202f2c3
fc0a0208
c1ff28c9
fff4040a
0808f9f2
0cd7f4fc
e6fb1f15
f006e0cd
f8fb04ef
f3ec040c
1112ff21
27bef44a
d2013701
33f8e207
2906f51b
093601fa
0d14158e
39fd0a10
fe0712f9
e3bcfbd5
05eee4f4
fcecee01
dce6f9bb
b016ff1a
fafb18c2
d3c8ecf6
fe00c812
ef05fefc
e1fdff06
04250df3
1518e2da
09fa142e
fefc5d0b
1720e7ef
ee02fcfd
dd39e7ef
1cf210d4
4c201edb
f302eee4
15050905
48fff02d
4c33e7c0
fc1bfee0
cdf83e0e
2913bd20
cf0e2d03
17f8e1ed
3dff09f7
54f4e50f
09eaf81c
12dc500f
d4f90fbb
461d1009
d012fddf
05df0a1d
0c1d06f5
9cf815d2
fca205da
f3d4e527
f10c230d
ef00370c
bcb84ce1
81ebcfea
2c2a2b9b
ea0408e4
f8161ed9
fce7d30b
1742f421
a5ddf814
040ce4f6
f01ef720
d7fe36f3
bdff0e0d
08091d6d
0df82c08
bae55814
fdd24006
2c13d721
df10e516
dc4f1203
c405f41f
3019fbe1
f5faec04
0fb50dfb
fdf058c1
51ff4b61
18e5f30a
a788154e
16fffeae
01eaf3f9
f6cc0621
e6211cd2
e954d7fb
f8b71c24
e4eeecc0
fe1a0a16
e9fef9e6
125ad208
ece707d4
3217c6f7
f9daf5fe
f0d21af4
f94a01ea
11eafd00
f60d1a03
c8edebf7
f730f2eb
f0bdece8
49121ad1
100eedf0
e10f04c0
1510fcfe
e8f600fe
0bee03fd
f50bf1f1
f008cae3
31d14fe5
50f1f5f5
fef4cc21
00fd4324
3103ff28
c02b01c9
03dbfc1f
d3e909ec
02dc33f6
db32e2ee
e9cfdd02
fdf80227
d3fa0ef7
16d60ee0
f63f0ae9
e2dc130d
572a22fc
68e79eea
0b0cd8d2
d2620007
ed0ffd1e
e71108c7
0f2de1fa
429503cf
f303ec17
1b1ed8d0
e318ea1a
5afc1635
15e0ef16
1aeb04ea
df3cd7e9
66220b0f
21e0f935
ee0e4bb7
ecdc2af2
fc3c0ffc
35fee1e8
c324e333
01e40f26
c4f3c8b1
e7c5f41e
1f06e2f0
f10317e9
d8e30b0a
fbfff7b5
02003528
fe2d1ef3
0f0a0ce6
16feb846
48e832db
0cc50613
adc4e8f5
0207d50d
d0ef3012
06ecea34
3e34110b
e531e60b
b00c29f2
ef1ed9e6
99490948
d2fb041b
0be122cd
0b2eb60f
1324dc39
38fffcde
a517ee20
e4ef1cf8
ff4b24d8
e103f616
f8f609ee
153fcfbd
0310f9e6
dd05c506
28014430
0220190d
27e204d8
0bfffb0f
e50cf811
f8fc1925
0d3401dd
e5e9c5d4
0be0eeff
05240e0c
fbf5fc15
0201f2fc
eb161349
03ff352f
f8002e0b
2414fadf
eb2bbe32
e64fdbfb
123ceff8
f703f5d3
f4e50bb2
ee19d100
e5e4f31a
45e5f11f
032715ed
f5f3f3db
0531e1d2
22081021
ea24e72e
f740e511
e8361803
b3fdd3cd
8fee41f9
ddecef0e
13171500
05f8f9ec
26410d95
fbf62f1a
f312021c
06e6abf7
ad2073f9
f56239dd
ccff0dcb
ef071b0b
e0e9155c
f9e923f5
ef05de24
dded0651
10150220
1d372fef
0d22f8ed
320406b4
0bf3ee1e
05fde82b
29261424
fd18fcbf
1203170e
042d1bd7
2bfbf7ff
c63a7afe
f6cbfa21
3e01fc2d
e0c0e4e8
23150e27
27152906
151defdd
12a4e90d
f8ff0a57
267fbc29
ffc2b4e4
f8fa0afd
bf094257
2b12b506
080b2aac
013adac2
bb01ec12
12e9c4dc
0105010b
59fd1dda
c9e8db36
f83391e7
0a4ecc34
1f035cc7
c4f4120c
cf02d8b9
fa080c13
181ae5e7
cd152417
161ed5e5
0929052a
dbfef122
b308f305
242617f2
13f3e40c
dc3900db
fd1402e8
290538d5
242015dc
010b35c7
c503d6e4
0439e410
36ee21d9
00e10fe2
e5cfe1fe
eebb0608
1806e107
e620f9fc
1cfdf6e3
e9ff29fd
fb2afc95
e7f20bf8
4004fd15
f2bc0e0b
dff31e00
0ee3f00e
03120716
cad6e315
1cde1a04
689a2b17
ef1d26f8
f704e300
2ee5de4d
d8d4f105
c309afa5
060ce1ec
0aea3317
effa382f
0f0aa328
acca1e09
1b1ed803
00c6c522
e1edf7a8
edf303e2
15d91a1b
e3c1e7ea
c7fb6b94
f4e20ffd
f80f2d2f
eaed2cf5
09d73d27
e7e3f615
d934b5c1
dbecd61f
f6ff053b
f6ccf1e2
36e456fa
f90a01f1
3ff3f4e4
f0f31cf9
9904f404
49ff10cf
05f9fa93
011b0b17
ec202005
f6a81ef1
2408ef22
d1121fb9
ee29fa0c
fbfa2700
10c5dfbb
c628dccc
13caeaea
0b3a1de3
030ef4b7
0efc19f1
fc20dcc0
edf30e15
eb0401dd
0d062afa
3e11e4c3
134404fd
140309a0
e8e0030e
04fc1818
f0e11f30
e9e9ebf0
d915aa00
eee40ce4
00e8e6ee
fd0df21a
b8ed06f4
fbf22d17
fa042929
d1e7ebf2
fabb7025
f7304905
b35500e1
2807e7f0
0cfc03e1
16f62735
ff0d181b
250447df
f8ab35f4
05e10d15
f908f33a
30d8b449
69e0f7d2
e8ee280f
0dfa0339
ce10fcf8
e73c23fd
10ece02c
35cc1402
0afd1612
f5eaef2e
f71dfa0c
06e6fe22
d6c90649
f70443e2
deba122e
120003e7
1906fdf2
0afe1d23
10e21c01
170d1e0f
6305d1fa
f5dee339
fea43548
5e051524
0e020923
13e80dcc
110019ff
fac8310e
5a0ad6ea
fc2634dc
0af7d84f
c3e6e02f
f4fffce3
dae32af6
17e81332
dcea1807
012e3df5
4d014ce1
f94afefd
e2c809f1
f50a05fb
542b0847
f81422d1
06c0e722
b5f20ed0
d0180425
1b0aede6
120610f0
fc02332b
11f1d529
0ce5d7fb
01fa00fc
f4f2fddc
31ccd00f
15ecfc23
f50c0eea
ed051109
12212f1f
ff0af300
f617e6d9
94d35832
2d0205ed
e6340af7
fab40422
f804e734
440bfb0c
2ac0dc02
fd6dd746
17c7ef06
fef8f939
1a0f0a49
8118e4e6
d70c0510
0cdb35da
fb09f607
f7f50512
070bf817
110608fc
ff01040f
f6f00801
037f0002
110821fa
9f080900
fce8fde7
0501f902
05d5fa05
fa02092c
e700d3e8
efb45f03
ec063102
1803f405
fbefc1fc
02f2f3cc
09f605ef
3e3632a7
d447eafe
2d11023f
e7f7e9e4
18e1bdff
b650f0e4
caf0d91d
08e2d900
fe18f5d9
d203d2eb
17fe0b0d
d41cebc3
ef03240b
e4300a67
191b82d8
be01d3d9
3417d226
4eb325fa
b710e6f8
e304bb65
062fcd0d
ff211d10
f9f6e722
261009e4
f208d3f0
d5e5f407
f6e72514
ea1df4dd
131725bf
e4220319
061717c0
dff8efea
1bc1b818
4e24131d
f9f0f735
c30ee912
ad0be447
0a331723
0bfeec1a
141a1102
f2f10b0b
27d6f2f7
0e130c04
270ded3b
14fc08fb
f8f206fe
ed00fefd
fff50804
f80500fe
0a08f104
ffe90312
0cfa0fec
0005fcfd
ccacecfc
bee053a3
05f01fcf
cff5f2bf
0cefe7ea
10fff4d0
01e7f3dd
00e9f4f1
ecfe1222
e7f6f5e6
0b5cf21b
0afa4004
f1e7ecc9
06fef9e6
2c0efef1
dcfc0e05
c51118ff
c51a1aed
fce13e0b
350cd144
1e081131
21fd0f33
f4f5eef0
fc1f05fd
231209c3
f309bdfc
ab032a11
04030506
c14003fd
23ed0107
c80afb1c
f4f61202
dcdc562c
e0121a42
310b3903
e4e8c6fb
e7f52bfa
13fa00b0
f0d20c08
0bfdfb01
f04b1e15
0f09c100
f716bebf
ff10c4c6
d2ff033a
f406e9ce
e0e2091f
2a1af30f
c5e1f9de
bdd9dff4
46e71b14
27490cf1
f5c50204
14fc110f
2423fa18
0bf01bfd
fbb31605
f0f01029
f9e81805
0de513e6
c510de27
10140d12
2e220921
eb2bf303
56ab2bed
00e615e5
1c0406c5
e0ecd907
d6562905
18212d39
f7d3e3ea
ecf3fff0
11dac4fe
edfa452b
d2112eff
dcd31f0d
5f06d212
93fefc1e
20eaeb3a
0202db08
5b2929fe
69f508cb
1bf4ff01
07dcf9f8
1befefce
21013eeb
fde91a0c
e5f7290c
3553f2eb
2cf9d404
ac10e50c
05ededfd
2b28e337
0200cd85
13fef7ee
ed01f917
e8a7fef5
16f91fd5
19266819
0110da06
350b1d05
080cf919
2ace0c39
eadf10ce
e1c4e307
1726c80c
7907240b
ddc92708
1b631f10
df14da0a
05bbfcc8
1a022dbe
2f15ec3a
f308f12d
26ae190f
0f20390b
5fdd10dd
2ff6f8fc
da10ed05
fc0c01f9
edf60e1a
0b5962f2
301a0e19
07fe01f6
f003341e
010afee5
3ae2f21c
165f02e0
c5ab3bff
ee1d0312
5315081a
15f538ed
d12bec14
3703181d
ef07bff3
1c141d13
5b351d31
f0eed6a8
0127250b
e40ddf27
1715ea18
1afae800
36edd1ba
05012bde
caa3e1f9
d5e4f8c9
1ccad613
1e23df05
0ccb02e8
e5fcfa2f
2d2bf8e4
ffee171d
0d3e03f5
d01f03e5
08b9f605
f529ed14
ec5e31e9
0d0a0bc2
22074281
0dfe00fd
1ce2fed5
c1e4c0e0
e20e1706
07312315
3b07fee7
f7f72f30
a1e815e1
c1d11d2d
4fdce832
56f50d26
5f091816
162adfd4
1efcffda
e6f7e949
1425fbe3
10261ef3
ecb63236
310c6b22
23c5e302
ed203ab3
eeeac722
db0805d9
24bee326
d8ee0aee
c9f7fd06
f6fcddc2
0f2134eb
0f42a730
06860e0f
25060fed
d3e113e5
f9edc90f
03383a19
fb2eb033
c9ea16da
f7e710ed
efd208d1
ccfeea0c
cbff1c1d
fa13db0b
02d3f210
e33c4dfa
55e71e47
fe3032fe
14ec1918
0701ed39
d0e7f0ea
f5ed0ff6
22dde602
213a19d1
b5ff0fc6
eafaedce
0aff18e7
2e09f9ce
ed3707df
10115c25
08102741
190b3bf9
fb0edaf4
3bf5e07f
ee43dff7
e5fff4e0
01e3c8bd
10d929f5
ef270da5
f111fc29
2be6fc15
1fe9ee35
0d030945
01010506
e43619fb
ebbbf4ea
e8172c2a
f9e1074c
1bc2eb23
f4ca1f49
13eb2ed6
b10dd03e
652fbf71
090d030f
cdeeedd2
15339afe
af360cde
ca090df8
0607f7fd
04f4fedc
bcdbedf7
fb081203
eb05baf2
16d253c0
d6dee326
e73715d8
21c305c0
2100fc18
ffba2f12
0b10c5f8
c3cb04d9
f0f6f212
f00926f8
fef0f5e2
29f2f8ed
05227f0f
0d0d2503
4e02e2d2
05efea22
a41f00f4
0a0332d0
ec14e544
1d22fdf4
f710f1bc
eeca13a9
f8480f0d
2641d8d1
3b153a0e
421de615
db100eda
dd18ff28
0ae9de35
e1c7b365
f80c1b23
c9bffcc8
c3017600
38caf01f
2b161f46
1bfd063a
f9fe0e2a
265efc3f
f1df4016
e00526e5
c9ddd934
ec1d65b4
eee80d2f
0404c744
3ef7ffa1
5b399d1d
022bbbe6
25eadc23
e63ff906
432004ef
11bcd50b
bc140840
36fe2b34
e8e3e917
e802fbec
12aff13f
f4151103
c0f964cf
0803c208
c7f6f6b4
03110500
ecc6ed03
110be706
e5be0ad2
0519ff0f
1616d6cd
e80937f9
35b6a8aa
2a0df582
21340d2a
011edfe8
c72ee63e
ca14e3bf
0e15c70a
1a24d027
fa3401ec
fa0100b4
b0aedd26
0210e4e3
cabbd3d2
19d4111d
e81daefc
12c22433
f2f2d6ed
ca001e25
0bf5f6fc
0405e8d3
3940022c
32fd1806
0a2d00ed
02e8f635
fd4fef02
25071600
3111271d
131423ed
c90208d0
fff11320
b728d00d
1c020ffe
d2abf90e
06120b35
07130264
1404f2f8
2e51e6f9
3601f355
f5271af0
0d110308
06ecebf7
0af72134
1ddbe3bf
fad6ddf4
22dccbd1
df11a2e9
cd370142
01caebf6
e2f3e80a
f606fcfc
1df9da2c
fe4bf414
4522f0e8
1a292416
9ac51ab4
eae41ff3
ff1b0916
2c0c0f1d
ff051af9
12f50ff3
301820be
0ff8e021
c82a26fe
ec09090f
b6edc9f6
e6f2eb1b
02040e2b
fb0db903
181dfd15
ecfa2f20
f82fea0c
0c091403
d62a0744
ff0cbcf9
08ce1cd7
3ae3f0ff
1ae5e41b
06ebf4ba
03f51426
0d1c11ee
c9e7f715
f1f7e84e
251cea06
f619c92a
2a1a25f5
1ad76d1f
24fa5219
ffe2f500
0f000a1d
e0ff1f62
fef81dd0
0b030708
beb4091d
e91cc80e
20fd0d19
122cc727
0eef2019
ebec0600
d409bd25
f2f0de04
2c1bddee
0ae93856
fdef14fd
fff9b4fc
ebe70a64
f305d91d
1024000e
23b8b114
c9dffbf4
fbfc1af5
25bbfdc1
0c073511
ec24f416
d1fcf8f6
0214153b
f62a1710
4db21ff3
02e8f9f0
33061e48
1638e3ff
ec15f7de
13001cf4
e3e1f068
f4f6fde8
13fc2e2a
c4cf21d3
4407f20b
02b8f1cd
f3f402d8
faf3fbe6
16f60fed
07fc08fb
d5f9d84d
be2b0322
b93a61d2
2acd06e0
fdd1d1f2
1dfa1463
ec3c32ff
fdec29eb
ba1f1bf5
d814c924
5eee20f9
01f4faff
cfccf103
dff02004
0a13044c
e8130c1e
0615f9ac
10050ad8
e8150be8
0331a633
fa320f81
3f1ab450
5de42c32
15f0fbc6
1126c7e3
f320f93d
fff07ae7
ff0f0004
13f1d333
e801f317
e7ffdd01
f1f131e0
e0d30a11
0c36ac1c
d806a4f1
1efc11d0
e5380bf1
97f80028
f6cbf11b
f4ad0519
adccfcfb
1ff1c422
eef2360c
fd9cb8de
0a20ddfa
e3f50633
ee1cd5ff
09dc2209
37291239
e4309534
7ff7292a
1eee1dbb
73eef926
01000503
0f19ece3
f00a02e9
f1200f48
f4f71112
f516d014
0b10080e
160e04e0
fefcfff2
26fe000b
f1f5fb07
ae0e10b6
f0d8d637
08f921fe
0ac227a3
20c91f04
ecf7151e
e3ec1bd0
f300f61c
44d0fef4
4655b904
df1652e3
f7292a0c
320617d8
22ff0a10
c6fe2914
0220e8d5
0f1b0620
060e0a24
04b40ce7
f6f2d9f8
eafa0e2f
0e0401f4
20ebfc15
2407f0e4
d8ea2b5b
374aea42
dcf8e2ea
071ce0ef
1312f3f5
15fd0fe8
3bd106e0
13512013
14701e24
e3001d0b
1ce3edfd
30d7aa6a
c1182a4b
100c1fde
ddf2bd4e
0cf5eed9
f415ef1f
bc3a19f6
eed5cf0a
fdfe102b
22de13f5
fe0b1304
f90ee41f
f4da29e4
e9d7ee01
e6dbfc35
cd592df0
e606dddf
db090212
1a0230c3
231c27f1
ecf31ed0
da16381b
2fdaf7c1
e5edb6fb
00162f13
2ed62a0c
e3fa003a
fd0df207
13f4d901
ea03fa39
febe09d4
fb05310c
10131b0a
371f120b
121b0106
ca2942ff
200505ea
e118ece8
3819cd11
0ad7151d
00e7fc09
b3c6bd1c
e80c0547
19140217
fd0bd9df
dfca110d
ebfdd01d
23ed09ef
ce0afc4f
f1064111
13f8f776
0be5e563
f53031d1
2f60f439
e6f11b33
c3f7020e
2ef1ccce
18fb4a08
f207273f
fea0162a
d80c04d2
ff11b940
42ede5fe
d9eebbe0
34dbc2e0
a7e30e0d
f506e9f6
230e154b
0714fe04
c41a04ed
02f9e41f
96fa0946
e8085a06
42e9ef9d
150fd908
daf3301f
18c3004f
0617dedb
2fe92d39
b2160bd2
f0051fc2
012701c2
eef90c1c
1c020da2
010de21f
ccc3ef73
02e5efcf
e528f23b
1120c6f2
e2dd1414
37f3ff75
f436e541
11b62625
f4edb50c
f70bcb13
e303c2ed
ff462f00
d7db0f13
e601f21d
f408efdb
042df9fe
d73ffb2d
1efcba97
2e3bfd1b
e7175749
06d7cc04
d803fe53
fa09138a
f1f6fcdc
8437d7c9
540e56eb
2436fc07
12d205d9
321ac1e6
f8f40323
f118fc15
0afce6f4
fdf93cac
031e6afa
e6212011
e11af0e3
f3d9fb1b
f5fef72c
1729fc0f
11d81417
12e506d1
c306ab02
11142407
07cefc1a
10da0fed
e606f922
fbc400bf
01091010
0445d817
33d31bf5
24fa30ee
dad2b5ed
18e0e0cf
15ff0dc9
1921510a
eceeda0b
26de2e25
16f8d9d4
a12e19ee
14091a31
0404e607
e7fdee1c
1c17f2fd
18f91612
1025e0e3
efeaff20
f9cdb702
f7e0eb46
d22300b4
32f10920
8bdb01f5
18112712
0927ef03
feafd2f5
c6ecc60e
28e72d01
01ce3542
4ef3e501
dfec020c
f20ef6d4
fd560adc
0b02f0d7
220af1b2
04cbfcea
033d2cf0
6f0af71b
da08c6d1
252be942
c91bb8ba
d702e5de
12e58b37
e5000630
2ffa2019
d8f702b8
10e7e5d6
163de90b
454314d4
06df35ae
08f1120d
0ae125f7
f0f3e9eb
fd01efed
e50d3808
eee80820
0aea332d
d7fc4322
2d32f507
e4251fbf
900ce136
0a0b023b
3b0df2d7
0f0e1c17
06cb06c3
f2f6ed5f
1acf69fb
f0eb34d2
1de02b10
2503eafc
2ec72214
0409d8f3
fecd4efb
06ff212a
05e816f6
1123373d
1b15321d
f2f40f02
300d0a18
fa681a10
cc9c1cf6
df06bee7
170c25f2
1235101b
de26c92b
d600013b
45f432e0
08fb2309
0835fead
d1f60ce8
f818bd05
04cf130e
c80a18ef
dc090efe
dbdcf549
0020f204
05fa122e
12d8215a
d60863fe
f5fe15e6
3a32df2c
26fc0502
1fd1f7f6
f5070f00
22f8f000
1500e910
e810c9ef
d8fcf006
facbf011
0e03f708
16e6e62b
f9ffd4ee
151229d1
eeed09ea
25252ceb
09e3f704
023918d1
e4fb2ec4
f82d0f39
ef0ceee4
f7214dda
090122d9
2112c2f8
07b021eb
0af1e5f6
e2010320
f1e0101a
2b3f37e2
e6f4cbd0
05272a03
d7c303f8
07dd0b96
0aff2c06
0eff07f7
d2fde701
f910d1e0
1fd326f3
20fcc8ee
c4b3013e
e9eb28d1
4df5e10e
4ce6e7ee
00e6270f
e4dae8c4
1c01d331
1d12eb9c
ea04f414
1041bd11
0b3804dc
13fa02d7
ba2df41a
08dedef2
a1cc261d
31ec2df6
b22e3f03
fb28cae3
037ff212
1605f607
fcecb8de
0fec2833
2629e5e5
0e35abeb
e9e9f4f6
d7c2200b
f100f744
02f7e72a
fa25e9ed
16d11604
5436cbc7
3ef4dc1c
121e3cce
ccf0f6f6
f2cdcc29
cafb04db
e3ea03dd
fb290f15
f9e7122c
bbdc26b0
f1b108fa
0aff27d3
57be0a0a
040ceee8
c9bdf9e1
f939e704
0c5eeded
06dc3c41
0bc72633
d7f5cb34
f9ab0b04
0bf3e4ca
f4e807b4
e726532a
1fdc119e
e0e428ea
c0270bfb
ffe6e7f1
1fd6f002
af00fb0f
3d0ef6e7
09ea2520
44d138fc
e7131c1b
fa263428
0216dfbc
212a01f4
e0fd1114
d218e5eb
0c0e34e5
f8df0d12
1402cde1
f8f0c6d6
0d27050c
f6bf0f18
2a05ed16
05fad3a0
09efdeec
03fb0825
02df1527
cad30912
f7e4dbca
d9f6f3e5
43051101
061802d8
fa11f5ff
01dff8c1
07d90de6
07e610e2
07da112d
abe7e2ea
f103dde1
00f703d7
14e9f511
cf46f2f3
fd33071b
62ffc8ba
0b12f7d2
d725e1f5
0df50428
c5e311da
fd16addb
024c43ec
fccef32b
f0eccfd2
080511c2
20e913ba
f50a19e6
04f71aec
0efb070c
2d9fee0b
e70827c9
53d620f2
231933c6
b656f02f
35f82100
ff2cdaef
feb510b1
50e5f914
cadff2d0
dbdff90a
cf28f73b
1316e8f8
0aec20e6
17011f34
fdeed90f
c0cb19ea
0d3d384f
e2f2eef4
152bc90a
fcaed7b6
c0e5e7e0
f0133160
fa0f1735
f6281204
e8f5ee1c
187f090d
e4118bd2
2d16e72e
02e7a833
ac33311f
0ce90ffb
3be80b21
5710e4ee
0702d82b
28cbdbfe
f7ccdab6
f201e7a4
fd1d09cd
fd1e081d
d51be015
101f04be
ff1d0e1d
ecf1f328
31fd342f
1cfa00be
420d2013
073d0804
0e2db7cf
09ea1bd1
ef43e1c7
18f60a31
e0c51a1c
220c1af9
cb00f013
f4e303f4
e8ddff07
1ed50f07
1c332ae3
58d3df1e
251503f6
bb0e0e45
1b13ff1e
fa28fa08
49f71507
3b071b66
e0321bec
01e536be
da27fdc6
f411d6ed
b7cd33cb
f3dbec10
1f220892
13264808
ff010b05
e51a15f5
2a06fd1a
13fb03ee
c92cfbc0
f6fc0801
2438f31c
13f3431c
0c14f70e
ee1adbd0
ed0911d6
0a00fabe
e90100fc
03d14c1e
2621f6d2
1d07cfce
22dbef9f
06f5c61f
dae80a30
d91a07fa
f5c1c011
e00949f5
f1210909
bd161246
ede0262a
040b2c42
3b1ff903
330ef8f5
0543d5dc
f8232ef8
b6faece3
e5ef7ff3
ddbeca09
11241dc5
1409e4f2
e1f814f1
0df51b02
fefa5fe2
e43df820
252eb60a
04f0fb37
313ce603
a7cb13f4
1df0df06
dc14fc35
040abb27
ec3c1e28
4907ffe9
e3df0d1b
33c728eb
5bd3e813
20fff5d8
e900f216
f81c2df6
0ae6c1fe
f0e50f0d
cdd8cf0a
00fd1fff
3b0afe08
f8ecedfd
3bf30fe6
d3ddffc3
fe12031e
10e7f3f2
ab2703ce
dffcea02
0dd129fd
e70af222
160757b8
00f71511
d92200e7
3a19312e
efe620e5
f606881f
f8ddfbea
e9f32efe
230d610d
f13a11c9
d0d8f3d0
d8f60be9
f1e4d9ee
05ffdd17
ebf90e26
e102f7da
ddf6de01
fa00f6e0
0f02fe0b
f812f326
ad013442
1429e627
1df8fbfa
27fe13f5
c30ebc22
1208d71d
db2ff7b6
02e10531
fb39bb0e
c4c0312a
08a6453e
c512e4e4
3df52afc
fbe9d32b
17b94e3b
ae21e9ea
060a292d
f6bc1d3a
f40d19eb
0a0206ef
40e5fb41
1b01150c
c852d447
0818c0ff
50c8d73e
eef1e7f5
07c204d9
da10e5db
2ef13ae2
f927d32e
19f4d34d
04f69c14
23f2db15
0109f82a
1e360004
fbfbe015
1f2fde11
02e4e800
1a14f246
f1d3dbdf
f3d41304
0c1cba24
d320d3f8
deede4fe
1df0ee1c
240ddbea
118afe1a
e3370b65
3eefdf1d
da10ffaf
ddd7bcc4
260c26dd
4d1e22b8
03fdf0eb
1a7f4fd1
43f005cc
16d90e0f
24902f29
e22ffc1e
df0d0b0b
0537462a
fc3ef70b
dd34e0be
fc11f0c4
f7a71921
16290ee4
f8e5e5c1
f4f1fd37
2b2fd904
ebeafa7f
09d4ed22
ccffe7bd
8e23fa28
f9eafa1d
10f92eee
fc16e109
ce0218e3
05cd2808
011617e0
c5110c56
24d72bf2
1a2318fd
06dff2f7
00fe0a15
c9321b44
f9df3021
0210f9e1
f225eadb
ee0fdc09
fd272c18
a921d718
f1dbfc06
84120e1b
e51d07f4
0bb613eb
ee0944e8
000bf902
0802f80c
ec53edb3
db1fd438
300413f2
08e5ffdf
ffdf23d8
f8d0f827
f5214b24
03291c1e
4b07e6b6
d1e6f01e
15091d2b
eeffe5f9
51ec0b20
1705f430
201e2af3
ffebed28
ec011fec
fb0517de
d918f724
f161df07
2cdfd419
decd01df
3c11d8d5
0a201101
110d2728
05d80cbb
fae5e2d0
1df6e9ed
260be627
d3f2dcd5
e34f301a
09d903df
14ddfdd0
dd601dfb
de08030b
401edb1c
09ff10fc
e207120c
011e40fd
f5d50711
3e0ebee9
f531fb0e
14141b35
c5f901fd
ec43fe4b
1d08d541
0313f909
f5faaf35
005e2901
00100807
6a36082f
0af713eb
52ed22f9
04f219e4
1a084909
fa1603e5
12c4212a
121212e0
33f5f7f8
1e1cea10
15f11f2d
96ae24ff
e90331bd
0de626f3
190b16e8
fe160ee6
4316d9e0
f3d2f9fa
fa051022
e5e40f1c
fae9ff3e
fbce0705
f5ef0319
01d9e529
1cd8e30b
01f7e4ce
38eef6d5
3d042137
3a12b5db
08feda22
e9cfd8c5
0c34281a
15f309e2
eb010fe5
a6093224
0608c1c7
bbfc1bc2
dadcfce7
ece90219
10e40122
1ce718e9
f7ed0414
ec0f3421
ebe8f205
21c33df2
0e0a1307
052fc7d0
f041f8dc
ec12fe15
dd173a20
dabef019
ed2908e3
04eed002
0d3d023a
129d2745
f5232355
ec2e243e
e827f11c
f931bc18
2914f0a5
12ebf8de
120ef8c4
0ef5d9f3
f2f7aa38
4a14f324
fcf9ffd2
090607f9
e5160708
bfd23f25
02f6eaa0
ecf1e6e6
09212506
e510f83d
efe7f806
12f3db2b
35d615ef
fedd0204
f6fa0538
09e91cc3
fbdcb6bc
f80800fc
f1e3ec1f
fddd0821
d9dd34f0
fce80214
ec1004ea
fdea0e33
1811fede
04effd22
e603ebdf
d4f22b11
3a0ef5f7
0710b646
fed2ffd8
1f1d0a51
e9e4d0d2
f513f4fd
f7000eee
1c0d1fc0
dae3f9c3
d7e7e618
febe0cdc
20523024
0ef249e6
b22eece7
111708d3
e21b1b17
fa253817
17df03cf
29b138cc
d90a58c1
d3dcd015
161deb35
02cdcb01
02dfd202
fe1a12e2
1a3bec26
eec0f3fe
3806faf7
18b7f3fc
560e0d11
1ef6c6d7
f61803f5
180713ab
c209e103
311ca2fd
c8316e42
e7fb211e
22eedc04
db13bd49
ccd22630
2d04b0ed
e713e745
d1ba09e7
e824132b
f805d8f2
f30a0fe2
ec450ed1
df096f15
bd1ffe49
03f52203
fdeef0fe
300cec24
ff0e1c12
c4ed07d2
3147e6d1
f10023a6
e9eafafc
17ccddf1
f340ed09
fef71136
29eb3b15
d9fbeaf0
1114f3e4
24e8f807
2804d9f2
beff37c0
0833eae4
3be70a1c
05161913
f320fbaa
cf0c23d3
da009dd7
2dbe11c3
12251eb8
0642ee1b
fec301f6
e903d127
19f41904
e107e718
e21942ee
e42a0bf9
c963dd25
00ecf236
04152b21
080a54de
babec833
efe7ec1c
ded3ca03
cbeed6eb
c80216ec
074ccdf3
23f7012d
c824e213
e9e6d70d
de12c916
05eee6fc
f2f95a51
e9e8d8e9
df29f9f7
d1da4b4a
eef4fdf2
29ff12ec
ca24dee7
ef020700
f1110926
df25253d
fa05eddc
09dc7f14
ef3223df
d0090ed3
c4641df0
fc4ffaf1
0c0a51f5
feff01f9
f7ff0afc
0ffef0fe
0008f4db
f4f9fdf4
02040dea
1301d207
e3f80b28
d8ffe6e4
03f80a47
f022f14e
cc1ae4e2
ecfd0ffb
d213f206
df0dde18
e1d5d9dc
ee3cdeaf
fbde011c
041be2e8
eb3dc911
20120e26
280e1627
f80185ed
fadc112c
1ad11411
1612e3ed
3eefd5f8
fa0ec208
0eeb0ffa
c6b90303
d901f9e6
c7e802cb
dde5eb0b
04f15303
21e5f9b2
24170434
12de15da
3514eeea
ea37f003
3dfd2634
f63032e1
fd15f5ec
4202fdd0
0108d8de
2f03fffb
060efeda
df15fc0a
dae943c2
e611daf9
12fdfb3d
1a15e02c
ec04de46
e702c426
05db46cf
50f2f614
edd5f018
c811eb7f
0718e5c3
f9d3e80b
35e70bfe
f01f2a23
dd0fefe7
4e23e5f4
bc42f1ee
e1da29f7
ffe5e4ea
d606fced
ff7f1814
d4103103
18251dfb
f40ee5c9
08e4f230
fa2eeced
eebfdbe9
b7f814d2
f9f5e8c8
11e8eb03
f6ef0cf9
00ff19ec
22392362
eae9f7df
fd101d29
c209ce04
fb29efdf
2f2ef6d0
d42314df
0627dbb1
dbe50d00
e7fe23e6
ffdff2df
cc11122f
44cf0015
2a08fe27
0321ff02
32fde1ff
f500f9eb
e9060204
fc05ff03
effc202e
2fd54afa
e81b34fa
1e1ff406
18f6f6ed
e948eaee
00edabf8
0a0c9d08
f07401ca
0ffef34b
04f3e9e5
e8073cc7
c310282d
e2ed0648
c9fa1fee
051c280e
1f36f818
0af40703
211636f4
fbf82a21
c9cb4d36
27150e1a
0af7caf7
0c292224
fcf5eb20
f5c209e0
9cfaefa7
c3ebd61b
0de529fa
0af446f7
f1010fe0
2ad8d604
eaf63100
f21f0601
28ff02cd
21041e00
16fcfdfb
ff03015a
2218f1e8
f01cf8c4
d50334e0
fb0bb5c1
03f7c223
0af91ffc
17080be6
ffe5e934
dd0beff7
0ebb140d
ee0afdf0
0e0ac706
f402fc06
022a0b06
e40fcad0
3b31fa1c
41f84312
fb19040d
0e07dc4d
bf8fc2d6
cffa02db
1e30c5ef
f3d91096
d71a09f9
c8e3391a
f4f317f6
f2080224
f10dfdfe
4f01d62f
cab9e0f4
e722cec7
17dcf70c
311fec12
0403f5ad
c53c4b3e
ead35ead
df27252e
fff2d53c
e32cca13
df210201
c5e04f20
10280720
bf20fa44
ee1fee24
02e0f263
634c0cfe
d500eaf0
36110516
e2f06028
f31f0307
8129e538
e7f3e62e
db153ede
fbe29fe0
4332bd21
cde0dfdc
ea32f7ee
0cdaea20
b708bc20
16d9d1c6
1ef42bdd
25065072
fd160a22
f7f10132
f218df09
eb030102
162af432
040249ef
0f090215
fceae5d5
fde822ee
b9160127
fee30cc7
fc18fafb
f538f082
57105300
c60e08b6
0810d8e6
1cf32e26
3e05f71b
e40cf6e3
080614ed
1f0e1b24
10dcdf37
f2151df2
fef70039
fb7feefc
d9f52a22
dd12dbfd
fcd4ff16
4a0df11e
f6073a08
5bb80411
e228c42c
f2faef21
0525312e
fa1127e5
ef0ff8f9
2cf202fd
edfa17e7
edf1122d
18094830
16fc36b5
2bf51b22
16e1add3
fffb24ef
1cdaf71a
4be7deee
1f020503
213832e9
2f0bddb3
1a19dddf
180d11e0
02ea0500
15ceadc3
b9fb5705
ec02031f
f5f501e4
fed62dfc
ffe3fc51
34d01dd9
02dcbafc
0cc815b0
3bee4117
3ef012fa
eb1dd2d1
01080adb
ff1314f1
36f51911
ee1efc1a
f3eae14a
132897f0
2bfb0e13
f001f7da
d6fadfdb
b61edb3e
dcddf905
04e5f81f
22e316f3
f50efab6
3611d2d6
26b2fd11
3c03f6e7
04eb2ee9
09e804e6
f60cffe3
18e509ec
08f9c224
cde52900
16332c07
fe0453e3
f9f6fb30
f9f5fb22
f4e024f0
f20be1ee
e811e20d
a520e50a
0839112c
ff32232f
f5ccf5c8
cf162bbe
e6ce2ef9
b4e13339
fef3e511
23f00eff
17e01fe3
18cfc2fb
f6d2e5f8
f211f3f7
03e1eafb
2017eecf
25b32200
f02df3f9
39f9d308
bcc8cef4
39a40bb2
deeb2c0e
190e2549
2363e217
fa0400c5
ddf904dc
0c0dfbe3
1308c4ee
ce08fff1
1ef00be8
fc24fbf7
f3fcf4f5
3bebde07
270700f8
1af9ec13
2622020e
f2323cfa
200b71fd
febdeefa
f317eded
2207f1e1
1900f727
1b17f0f4
fbf9fafa
cf2d0518
ae041121
12c01611
0ef4af06
eef0f418
fb06f508
d713fc33
23e4abf5
2b030d0e
22473c20
171b07d5
29f804fd
e20ac315
2402edfb
dc29f423
dc102808
d9f83d89
1cf1093a
fbdffb0f
13eb18f6
b5e464fd
d4f701e4
1ef5e0f4
16ed5025
1d09f1fc
33c21f4a
0409f117
4e083020
0e1dc13a
e217ecf0
261b1d25
f209c51f
cb21fa1a
24e5b40c
07bc05ea
0920bea8
e214f830
e202c9db
fb140a02
c00d1a68
fd000301
d42addb4
074b201f
153b0ee4
f2227622
e013f029
141b1c11
dce5d7d0
0a7ff2cb
32c9af2b
14d508f3
19f714c6
d422d5fe
27eff4dd
da0cd7a0
dcf7023f
b82dee7d
0b151ef4
f932cc1a
afbfd118
0bdfd2f8
a3e018c4
0dd4ea09
b3f50633
e263ea0c
e4e11803
f8f54efc
30d323f5
0c1cf012
3a1ce6b6
eb31fdce
d71629de
13c638d7
f104cdf4
00f01611
f919e7e6
1f35040c
eef325eb
f406370c
f7d1fada
d92b2126
1642ee0a
d9270113
0f390c07
e9fdf4d6
cc0923b0
0c2913e5
eaf104ed
fff705cf
c9e6e836
481ceef2
fff6f509
4130f6bd
1fff2a0c
0bdf01eb
362309b9
bc0ae7e6
19f3fdd0
13d9001c
10f204d3
11ed3f45
060005da
f01f5c25
65ff0810
1d29e027
35031113
fb1de4e1
a8d02fde
ee142df3
5ce0e4f4
2cf1fdd0
ee163120
5529ddf5
1ffcae07
e425f2d0
14d8304f
eb2618f6
c7ec199b
0de7e0bd
1a1b13f4
37e0dce7
f1e5ff28
0020e80b
e8f3e9ef
0f12f91e
f7e4112f
cfe81212
0733daf7
1a300cff
1b0ea7e3
f5240552
0305c826
f7f70e16
ec29fdfd
2e212006
0d0db708
1bf61b1b
070122fd
fc19fd1b
fad012fd
293f07ff
0b0136f3
21ff26f4
13e6ebef
fe04e922
1505cd12
e0c21f39
e5d260e5
ece6ed61
babf1829
070c37b1
0b2aecfb
cf1f11e5
3802ed16
09c7f2f0
f41d08f5
0829fd27
d3e726e5
070decec
02fbe56f
1511fbe2
ef24bdb2
100f0506
da03d1c2
df3002e1
0afae20b
f4dbe31b
13fb12de
184a1818
bc16f52b
1ff105ec
480b0e01
21ddf919
64122add
feeff5e5
16f9eaf3
0b07e918
dddd4514
140bf5ed
11f0d922
0c2de539
0d12ec0a
120fdff8
4efea636
28431812
fd152df9
03e50d26
d51aef15
05389b0f
f7f8dfee
0e0900ff
1d022856
1724ebe3
fccdb520
12dbfad3
e10237b0
29f2e5bb
c2f100f5
cbf7f8e3
1704c751
2e040aee
f4edd204
0b141515
10f8dedf
2ce2392b
090fee0b
e5e6061e
bbe54419
dbe4d746
07140e0f
030eecf7
ef07c0e9
f5e2d12a
d72bebf8
210e2b1a
130708f3
1ff70cf5
031509eb
07d2032a
3a100b06
09250634
e3ff0401
10d0fb58
d3f12d15
5ba81e2d
edf4c522
0111f407
2edddef8
1eefefe5
1bfd15cd
d4e4391d
0ff7f5d1
00dddfee
14b4d3db
08e8ece6
0ffd15cd
06eaf809
141a06d8
1d7f3240
da01ee04
0a08423c
21f6e71b
fb0c0601
f00e1ddb
ddb8060b
0102fcfa
fff8e3e9
caeecffc
fcdb2300
d5bf3be0
f14e0cf6
10eae5f5
262030f4
24eafecb
d800ecd2
3c0e08d4
fd61058a
373de636
03221510
10e5d10f
22ef0a27
171d042e
0dbee8d2
bb081418
1a372bfb
fbe709f2
f8e30ef4
e70eed17
3be026f4
f6e7fd19
130a3c04
e40419bf
0a201708
561d3414
180fd028
e0effec2
1c462dfd
43eff8f2
fc254355
f7e6fed9
2512acc7
d705faff
f9f7e9c3
3dc83015
f115b917
c3e5fe0e
2de92bea
eff514f5
2618de08
11fef0ee
f22df0fd
d5eb0a01
0b235909
ee000ef6
ee23fddf
1df7ff16
20e1e1ed
eb0f04dc
fe04fcb5
06caeb00
dee1cf18
191ddef8
f6cfd413
fbfd0610
de0ce160
16e0aef9
0ffef7b6
fa71b86a
0afd402f
3a813004
11f5f244
09ecedce
edff094c
f6ec1ce2
0101fd1e
25eafb14
e3efdb0c
aa0207ce
cfecafaf
14e4e0b3
062a12f6
f7f51914
041c0920
ad04fcf4
e90d10f7
ecfc16fc
43050af5
dc162508
b9152282
0d1c10ff
14edf622
d9f7010c
c0ec13e1
df190027
fff6faf8
fa09e223
260d2509
0821d5d4
0e02f41e
ba81e0d1
ef0d3bd7
9cfd2ad9
1bd4cf18
e90411ee
ff0c06e7
13e5021a
f62dfe16
dee4e1f4
e40dfdc0
3a0edf22
dc1d00ff
cfeef0aa
2f000034
0c01a6d6
03def116
e8f813c1
f6112110
03eade12
12f7fd0d
11e92e0c
f2c32934
afe60019
fc1bfb0d
4b1301f6
d6e0f8d8
de0715e5
50f122fc
e00c051e
06213e7e
c6e2fa62
d3ef043c
24f2c6e0
302ab302
16d202f0
ff180ac3
cb08b5c9
eac002e1
f1092b13
0f1bd8e8
f8e136b1
d315a6d6
0d0feef1
fef30de9
dab9b8d5
14e31016
ecfae9ce
eddaf7f3
e9134821
250911b4
690de233
03072a0a
1d32f8c6
2dedef4d
21ec212f
eb3a0808
1563c313
bd022e18
251a023f
095b2cff
2957efdf
2e0a13b7
63371f3b
fefcfde7
c9b41af0
1532182c
1df90a34
02e6e2ee
e1e6b723
071afa81
1df894f1
fef6ed24
c61be4c9
e2b4f51b
18f2f205
759cea3f
0602e912
cde6f50f
11fd2140
ec96ef26
0b04f81d
ecf1f213
002ce4e9
2198ff36
0ef10231
a7f3eee8
c7fe04db
0305f502
0819faf5
f4e43510
e011f60a
1bfdfc19
07f30421
18bc10f9
d2e9d627
0515f725
4a03103d
fe0bf129
0c11fed7
3f4ac6ec
11ef29ed
1c07df3e
cb241dfc
06db08fe
15f4d116
d8ed1c3f
a5e9bef1
14c80641
15202f03
2bfd17bd
101ad6c9
fa37f71d
080e0e2a
f80b42de
f6eb33e8
e3153bf5
d442f101
46bb0fe7
292f23e6
ff1afddb
201ff430
0ce72b15
c509ea4b
042a242e
f30420f4
d811f104
030d0416
093205ff
f1ed05ed
31bd24b2
2806fa24
3001660b
1af52f3b
113601bd
29fd5de6
0031edf1
c4f226ed
f4ff1df7
9705fcf1
c6e3fc0e
1e343a02
b9d832cd
c8e23c13
f520f4f4
0d3bed14
ecd21a13
cefb241f
f40ae4ee
46fcd802
2f18fe09
37c12cf5
12e3f9f9
cfea1f45
4ff52201
25ecedfd
11cdcfc0
e8314602
c0e7f2f1
f7e3182e
d60be6f8
aaf832ca
5820d30d
eb000eb9
e5035c0c
3eef0cfb
f2ac0fda
ea01d434
fdf31118
f9232635
291812fa
2105d4d1
e5d2fa17
f301fd05
1f150514
f83f06eb
05ffff1c
c90d02fe
ffdfdb24
bb03141c
ebcada06
d812cf2b
02d6fe55
f7d2e8f3
f63aef08
1328300b
022617f9
fefdeb20
eaa0fbfd
13f829ea
f9020abd
e0feecaf
0cc0fe1e
28c2ee73
dbe3bb27
4cd6f2b1
e038c700
2310d028
2d1ee32f
01381f07
fdc8fde1
21c212dd
37660136
19080847
6aef1ee2
27e4f40a
27092902
240fd3dc
f411f9ec
61121c00
ed02f83c
fce9d0fb
2c200002
29f03ad5
08e2230a
46ee5721
ff17e312
10022219
e20449e0
30e1f511
14111c21
110ad444
1ac2fab3
f6f619f4
f1e008ea
05ff2558
c8e3080c
0b04deeb
091f27f7
e3fd43e6
48e6f6fe
0a2908e9
0437e5f0
e808f22c
d614e22d
0407e243
200cc1d5
32e21737
10d6eb03
290e1828
09f9f532
b327d4fd
02fa4eff
d301d602
f6eb1d04
dc0010c2
661a0824
fb0a08c7
05df1018
ee1bd1f2
ddd02807
021737e8
f024ed1a
53eae50a
f6f4f428
dedec815
0dd7dffd
5218e20f
e12e1b45
c3242b1e
0ce9e42b
db06c4d1
b605f31a
0bf005f5
f7b602ff
2ec8a92d
e62ead13
fd11dd1f
0f0c1300
01165bf3
3afee7db
f4f31308
f1f2fedf
07e81de9
04d55041
dfe4ec33
38062410
ee101ebf
aae5dd0a
15e5ef04
fab21939
f8f51d3f
fb482533
e613e2ec
ebb22243
f2151eff
f6ece6f4
11091515
fc0e10f1
12fcf1cc
07dc2d17
f7fae70b
e11111fb
0404eb28
102bdaf7
d4ef1d2c
0afc2ff2
01f80b0a
15db52fe
ee15cd1d
fc221127
faf1ee19
0cef0c10
c914df19
f1e21107
e5fef51d
201cabdb
bb01ebfe
f5ee24cb
0410acad
fbca0e28
e0eade15
ff35e8be
0104c9db
fffcdb10
491221d3
fc9a2023
f1212dd5
f1cffc00
c1f0c3ef
2712250d
2cb8fdee
ec04e554
02f10a09
1d0e0a91
e5e2d936
220fe2f1
02fc2004
f8ec0626
31111e28
e0d3fcf1
e3e7f548
ecefed32
46e31cdc
f30830c5
20fa27ed
071ee438
0ecf214d
dfdeba38
03f8e044
cd060b54
15d513f4
f14af911
f0f6f3ec
02e7edcb
d0d8230b
ddec0538
15fa04fe
2c03d8df
f9f10f24
28d4f5e4
e9da3b11
0210f41a
1c021006
f5e6eae1
f6f10700
fc102409
2c0e1140
150c07ce
841613e3
076af506
ea1d16ec
fd40020e
f80b0d36
fac6fc0e
f1002619
a234e7b8
31f42bff
fe7ff6e7
07003ddb
35ed2d0c
32f5090e
0911ffcc
d800f1f1
e92f0c01
ed0dc306
09f30cf1
bae9dcf7
14572c2e
d10be304
fde235cf
f116e80c
24f10529
0d240b12
0f3f000a
11d2ecc9
fc0e0edc
ace5171d
f5edda08
f25af2ed
2008060f
dcf94ab9
e049fe2e
05d531e0
e3fee1e4
64ed0935
e5ba6ad1
de21dd0c
43fc00a0
d0122be5
05ff0300
1c4ada0c
fde73f04
ca294ed2
cf347f0a
f4da1b09
0500f751
202404e3
fd10f5e5
27e4dd41
411c38e0
f32ad8f5
dce8f7c6
f9c9cf22
c14f1fbf
d3e1f7fd
f6dd0e27
020b14e2
170b42f1
fa13eb20
15f02be9
f8061f28
28eae92d
03e93323
e4f2ffca
161c28d9
c8fcdad6
1ce5fa0a
00ee2b0d
0af603fc
f90d0500
f50212ec
02f9f211
1703df1e
0eece727
1008eb11
08e3e21a
00fc12ca
9d150744
f3f6312b
0a1b07e6
fce80603
2c4549d5
2d2cd1d9
f8b1e9ae
26ea1f15
f1dbda11
3d0a4a20
081202fe
2cddc40e
16dc0733
e9f7f1fb
fccaef1a
090a03f8
fdffeef9
fa09f60c
10070a05
07e32bea
f60fdfe7
e5f40200
fc1428e2
f7e0f749
cff621d0
1405f1cd
f71c18d0
33f6344c
e5e9e6af
0cf21eb8
34490bd7
320ebcf6
23fef8fd
151dd413
02dbf9d5
d1d60bf8
f91addcb
d0ea04fc
05e8f6f8
f9f817c6
d4afc1eb
0b55e11c
ec06fcfe
e9190a00
04e6f0ed
1deaeae6
2007dd2b
240610dc
22150a14
f3e9df23
ff017f07
f12b12ea
25e3d1ac
a7c8f94d
f1eaf408
0c22c6f7
e94aef36
02d41913
00d4fd03
130df4e7
e04eeed7
f5e60203
06d21109
2c02e80f
f066170b
ff0b0fde
fa04eb0e
101acfb4
da134adb
1c11e807
3e0eda0e
bcf7d9f7
f0f2fe10
161ffa22
ffeb01f3
bc500c2a
ed1afb0c
0f090dd4
f21904ea
f60be40c
eff31000
160fcebd
022810c6
0efcf1dd
c5ee1c25
d615cff2
cbe9a237
3c260af6
02eef2fa
1c15e328
182b1d0c
15ff240d
156be31b
54ecebef
041bc632
d600f019
f42210f8
05e4ffed
fbee0113
2d1e0aed
fdf60fc3
d5f2fd0d
402e0807
14f20b1c
4f420cfc
eaf9ce09
093ef9f2
140eec1e
0b22f6f2
36fe00e1
d7c8fcda
caf31448
540ae805
d7051f18
f9c90504
d1020802
1ee8e638
13fb0605
d5e4eee3
1812f5d9
fc2a16df
07e2262a
01d115e9
ef14b93a
a3fd2e04
0906dde9
f92aef0a
2adacb5a
c02daae8
e9ef3fe6
2641f910
dae401f1
3608f122
ed2d11ed
2fe0ea2e
0926d8dc
fae525f8
0ed8d70b
fef8f10e
be091ff5
05da05ff
d013cbf4
160a0f1a
ebfd10c7
09f10df7
0bf3fae7
f602042c
c4fe082f
22f9d5f8
2cff1ae1
1804faec
f206da37
51f30d0b
f0abdafa
07200b19
e60200f5
03be65f8
04f30206
1b0e00ef
15f4e4c9
dd08d428
1dfef317
f631ecf0
210008ca
3bf615f9
e2f6f7c6
f61c1d2b
20ff1b0c
dbe61bbf
fc35f310
fac716f5
f7ad230c
ccc1f50b
04e3052d
ef2cfde7
daf9d003
abe51c24
d3098d31
13d810ed
0b170602
1be316e5
bb0cb0e3
d6100c3a
18eb3c17
00d7180c
e3dc2af6
06aaee08
edef02e3
dc4b2de6
d90e16d3
e2641622
502b22c3
3fe8e951
07f8c015
fcf80f04
1b1204d6
cb3409de
c31cf520
d1ee071d
08186be6
0a5f1b3d
f0d226ef
0d58f7ef
2001e82f
f7d8ea09
1213f30e
60290df4
faf52e9e
07470707
dedb0d4a
07e60aea
29fe0a2f
2afdebcc
22f705ed
f8d6fc0b
210902d9
5fefeffc
06173cd0
1905f9f7
f1e600e5
391ede07
e0edfeeb
18d803ba
1de90cf8
053a037c
3c2b4bcf
21e2f106
dcea0d09
22410e09
c7fee981
cd08ccf0
f3193e10
f70b2fd4
e8e9d905
a717f824
0302f00e
11dfdf14
e20c01d9
11da08e8
ead96003
1ffb14fa
1f24221f
07e8140a
f1f10724
dd100f0d
0503f326
ffe7e043
0304f942
eaf9e6f7
2d13fbf9
005615e4
2406f5f8
f20237e4
6119141b
18e4ee24
13f62cbd
2c13ef54
e71c170b
0bf7eff9
edcaa7b7
f5acd611
310ce944
2411ea3b
000ef901
e6dc0427
121edbe5
005e1ae7
310edab6
d61e5603
eb04d9ec
f4c0fe04
e89cedef
f601063f
f0e30a13
f4182bbf
9e493c1c
f71c4904
4e192533
e80e2a05
1ed0f606
1323b9e6
f91d1de3
9500eceb
ed2d24c4
f10533cd
eef0062b
e135dc13
e9f1ea28
14eb2918
f32bbdfc
e1ced917
0ff0f526
1a10eb10
1c0eef31
eefad9fe
e8e7ec3e
1af70cd5
cd0f354f
f7c30e23
1411fbd6
dd0b45ee
06023202
d9d4e30f
ea0aff07
ec23410e
4125240a
4cfa1318
e4fb0313
dfeff2cd
c3faf909
ef1404ca
120bfa26
bf33be07
2c271d05
fc080c04
181def14
31d0dffc
39f2e909
2903faf2
0af311fa
04e681c8
fdf6f0e0
f2f33104
dd16bcc5
3b0bdafe
03f4f2da
ea000c06
9f27d50d
c0d9fa39
14f70011
f6fd16ea
111e1f0c
bcc607f1
e00104fe
d6c9cfc4
1e1423da
ec0afb19
d902371e
030f0c08
08e6f534
4be6151e
0b100608
f305fcfd
e218cac4
3fe8f70f
eb08fa0b
08edecf7
490fd4b7
57c7c8ca
4f1710c6
f2f0cbf2
f42ae323
c6220f35
20d50324
0427f71c
bfedbbed
25f90928
380ff0fd
130d130e
3b26f31b
dd1e07fa
10e850ae
f8c70a17
e92fcffe
0b06f200
97efef18
db050be2
0afe06f7
f5f7ddec
ea0c8111
24ef0209
17d11cd8
2ff3a5cf
e2021435
d90805d9
271ddb14
d045fabc
10e82d08
fce3ff15
c319d415
fd3d2a19
09fdeefe
1df7f8f4
f922ee3c
93f3dbff
041d5902
ec4707f5
17dcff17
09ee3302
f4f811cf
e8e42cbc
ae0fe922
16e2e40a
1e2df732
f106e5dd
bd0e0d08
e21ce11c
e8172ee6
d109ef2e
16e969f1
0fd5e31c
cc03ff1d
ff06e80b
13e5ed16
0447c9e9
000a18df
c8e8e9e7
04dc5503
f5ead821
2615260b
0ce21425
dd380d00
fe09fc2c
eb090cdb
d82fd91b
edf4fd0c
03262713
cd6118fb
0bf7f31d
d609fb0c
1222eb28
0616f202
140a0fea
0a1b0be9
0829f9ec
28301def
0af7f30a
d2e2fad1
ff0e2230
04f0f30e
ce30f7dc
f9181dd9
f709163d
3103eb06
c8caf8e5
dd03110e
fe0df3cc
280704bb
ec0e1ef1
380d531a
e6e7d3be
f0edf015
0723f6ed
cad6b71f
07c6e9fa
18fc131b
e115092c
fcb6e90f
f4f2440f
09f9ea01
f9f9f4de
f31df217
fa101c08
12ee0703
0effee19
e7fe080e
10d9cded
0df60202
08f012f7
f84206e8
eafeff2c
07201704
0ce9fbf0
1ae209ec
141802a9
13044617
fcdfe4fe
b4eaa9dd
dc91fe0e
451934f6
0c05f5f1
05fcc131
a7f008f8
17e3e425
f9e8f9cd
d5dafe2f
39fcde04
e40409d7
ee2cffd2
0601ecba
4614e1da
ca0d3efd
fde917f8
a7e4050f
05c41e41
02f21025
22ffe731
1a28cc2c
dde3a7e8
10facdfd
b13002e2
fad5ed1d
eb280d3c
d733eb08
f701cd15
812821e2
1c3f85f4
1df1f0eb
dbf2120f
fe07f927
f4f324e7
48031bb1
eab1ebf8
ed092ff0
fbd0172d
ffd4e826
0d25f805
0507cce4
e8253918
ff10d5f3
fdd717e6
f6d7fef5
06052c02
080200f6
7ffbf9f5
f5fc19e7
ef0606e7
f7fc0407
faf80605
30ed4545
1e0ef84e
f652ef13
f0130f14
201bf730
cbf5d83a
0902fb10
09420c07
092013e3
ea0001c9
fdfe1df4
f9030bef
010c10fe
ff060c06
081a022e
ff02d709
b401ea39
2da6ee32
1803b519
f5b2edfd
1705fa14
1815d4f0
b81b18d4
3e5010e6
13110d13
160529e0
e6090306
fd150208
ec07173a
1cd0f2f6
10f1040e
26fee1f2
060de231
063109c2
33e2fb14
f81fdc11
b307ee02
f6ff08f0
ccee122b
4eabf010
a2ecfb17
25e6160a
54104716
f9dfde0f
2adc02d0
fa07f200
250b1917
f50c0bb5
1dfbe5ff
32ad1f26
300af12c
0f15e6de
22e9f7f2
3929e015
bae2ec33
ddf5f223
0aeaf7e1
1e06fb41
e82332fe
03e0f6da
f1bc381c
f6cbf6ec
fc06f3fa
eff2f0a8
f508ec17
1b2df830
35c8df15
08f104dc
e610c1fb
c4f37721
0413eace
21d3fafa
49ef1310
7ff7f9be
1b2e154a
fc001f08
e0f1f813
351c42d0
70f1fb07
e868f5ef
f3050211
f33c0afe
1af709d8
060bfe04
0411f80e
1012f302
2326f609
12000a44
02df05ef
f236fc5d
0a0ddef8
0419f004
e303f0ec
f6463318
b1f1fb03
17e51602
0308b5ec
141f14c0
1dcd00ea
ee2d23f8
f404dee2
1ceb07f2
ebf7fbc8
e10b21f8
0a29f492
37b7dafd
190033ff
e8ed0cf2
08280c0b
2839eb14
84f2eaea
e6dff108
3bfd07e6
f8300715
c8112a3f
ffcae711
1c0bdd2d
3552fb16
1801f2fc
ffcdbc08
420de732
343b08e3
c400240c
03f20110
0409edf3
09130b2a
fe10f741
d6b3e7fb
22052439
020e04ea
09f7ae1e
03e40c16
f51012f6
f3d28ce6
2df8040b
c9151719
f201f019
3f1d140f
de2246e8
e4ff07d2
0812c44e
3b02181b
250a0f17
cbdf0016
c1000aff
da25131a
f823de08
073b3502
fe0e0eed
d4fb0f25
ea04e8f4
1807fe0c
0a2ee3e8
ed300c56
ea1a2c1e
17c4f31c
04e1dbcf
e60c3457
0a08d000
fafa1005
0cd80e81
f12dfd22
270c28e4
fb56fef0
572aae10
d2ff30fa
02f45130
f1e7f925
0c05e5f4
f659f9e4
0fd8fc99
fdda151e
ffe6e928
bf0395e3
0ef0f11d
ea2aedea
614fca10
16ebfb24
fedae8fc
08e61000
14342f9a
f8015722
192632d4
f40ee4c0
f702eb05
1be70ee7
2921fae6
fe000a1a
261cfd4d
101e59fa
fa14eed0
f820f8ef
05f8cffb
23d902f1
f61115e8
1642f1ff
02ccd51b
daa316e3
15f314f2
f21fdae7
0ff6e2f0
f40bd7bb
0d10c1f0
e1edf506
f9e1f5fd
01e53c05
650427f5
283a1b04
9a05f30c
e9dbe501
eb0e68fd
15280523
e901f8c8
0dd7f70a
ddf1d9fc
c943d8f7
efe97fd3
55e31e00
04f3dced
f13a17f8
02f31c17
1025e7e8
1ef316f9
0e06f50b
282b3b12
e91c3e14
04f617f5
022a05e5
f20003f4
3ae10ff2
0df31001
2e1903b5
0106f311
e9c1fbec
04ea09eb
df110bf4
dbfaf5e6
f2fd3ef4
1b0213f6
050d1f21
18f9e11c
24f2071e
c3cad702
f6e60aee
e901fd15
dd21edf4
03030af1
24f50d0a
e8d7cfc9
35fdfde1
03221cf4
f2070d1f
e208caee
40e92120
f5f7dc38
2e1de20b
bb2614e6
08e257e7
e80716d0
03fa0f81
13fcd8aa
114306e3
0e041b12
eb23e508
b3330adc
01f8f50b
1fc4e90c
1219161d
cc350ab4
fc60d3d6
b30ff7d3
0d16f47f
b4f84e3c
ecebe3ec
1dda0813
0017f4fd
e9e11f17
ed2803f8
fdf928f1
f6fd032c
180bf40d
dae804db
ed2718f9
da1bfed2
ebe2ffd8
3ff3c40f
43f3fd14
ddcafc0f
140e3819
c2d6d1af
ee203708
1012fffd
ea141605
d0d424f2
3b2804fe
8153de25
26fb0b58
dbe50fe9
1f29f8f9
204d0317
1203fa17
25eaf9b7
1019042e
f0e612f9
d1041302
01f7c8cd
16fa1a2d
0ecffc1c
e804f7ba
0d232a0a
ec02d904
e20b3951
0e112b14
18dd29d5
cfc2acfd
1125dfed
13cff54b
def7ad04
d8fe2254
bb1ef2eb
29efc926
dbf70ce0
2105c8f9
12e80619
2622021b
1b01f51a
19e403eb
02f2e30d
18f4f7d5
2adcf729
0bc8db0c
00c51536
0ffb06f9
2e310bbe
ec18d753
03eec519
ed0edef9
fe19fdce
56d5011c
084ff1f2
57ec00cc
13cf0428
edead114
08e7ff1b
f80f0ff6
0c2b0d28
7fe8ee10
1c221518
0b0bf52d
1c2a180c
00f51923
0febc9ec
db231462
c8ca12eb
04f312ee
01210a02
f300fe2e
09282fc8
1d14faea
091cdffa
2c27b1dc
27e7e72a
ff1dad2a
ef1809e3
e9123de9
04fe10fb
dc0df816
e019f801
01ffd115
f212e9e5
d7d0150b
1038fad8
ede60ceb
10fae80b
e7f904e6
360a4025
f109fdd0
e54208da
20ddf5e8
ec33e8e2
fbe50223
061ef3e5
28f90e0d
43eef437
e1e7f4e1
f31529d2
fdea00ff
fddfe501
ccfc34c9
0ee11de3
f6f64216
0b3c1a1c
25feef30
76deddee
d60f8fed
15e70bf9
370011fe
3ae9bd7f
a5f817fb
00f5fd15
cfe30f0a
17f02c2d
321df812
05e205fe
4a23113c
dd20efe2
f9f61b0b
df03ebfe
ce23dc0e
d6c120e3
0902c8f9
f3d8ead0
bdfaff03
e407e00e
fff7fd20
0112f0fc
e3fbc7ca
d0f1de1b
1bf022fd
d74208eb
20d935c7
0323e0e9
fdecf201
140d4e46
f5fd26f7
28c4faf9
e411023a
04df15eb
122816f0
24dbefe4
3804e8ea
fadb0b62
d506e5e6
d3f804d0
ffe4dcfa
0901ea07
03d3242b
f42b4ed1
f51705fc
e7d14803
e6e9000f
d098cf55
14fc4824
0a0de72f
23d4ed16
c9cc02c7
460935ff
19190cf8
f6f12b08
100ae3ab
08c5e30a
05b4fcfd
fedafc19
200f39c5
f704090b
e80ef3ce
190e1a19
f5100329
06f0d1ec
0135fce7
01cefcf0
1561dff0
05131756
2af03318
0732e512
f8cd2534
12f11218
ffd4ef09
0d1e3b19
fdda1126
c80b381f
ebf0de0b
2b0012d0
3e03dae4
10f81b3b
eefd0fe6
fafd06c6
f4e2f600
eef5f2f4
fd24e110
1b0f0efd
11e5e8e0
1cf723f9
ee0cf4ea
1f0a38e0
28b9f90f
eafbe91b
10e6dc10
b8ea1dc1
f13224ab
22081eee
fec504d0
1421fe34
f51cda27
c60c1404
25bf063e
e1d42cfb
0c1efa3b
befb09cc
ee1718e6
b7a233a4
8121b8db
1cde11e5
d70010e7
f30231f7
2afa0412
26ff1108
fe0bf5ea
f4e8faf0
08240805
1c0bf80f
082af9f9
15e9292d
cb19eb00
2122a013
0aebf0e9
f60e09f6
06b4eed3
092bfd2d
f7fdea0f
58010cf9
0ef91212
1a0ebdcf
f9e8f6e2
05e704ee
cfd60bcc
560601c3
f4df272d
03b905f8
f304eff8
f9faf9ff
f9f8f0f5
fde820cf
f8fce2e3
f5d50cd8
fdf518eb
04f6380d
344fe1f9
1809ba37
f719190b
4004e4c2
2c40fa0a
c1131213
1411e905
faf5f111
08d0f3e7
e30dfbf3
02e3f411
f70a15bb
f4ec0105
b1f210ed
e00dd324
13e917cb
dffaf32c
fb0408f2
f524fb19
ecf506d3
08fdf5e4
1df008fa
fa14f8d7
e736e40b
4def02e6
e90df80b
02c40ae0
18111f05
00e616e4
030cf608
c90b0cfe
14ebd90f
90ecfe1f
d81f05fb
070f0bf7
3f0e2e0c
01ccd3f4
dff4f2fa
f40edd26
3516b94e
dd24f1b8
f00aeae2
001318ee
ff0d3edd
f1e3fdd3
38d60df7
0d08180d
fd10fb2d
32daf412
15fb1500
16061a23
0a020208
004547d2
c5f1fd04
25040fd9
e6f8f9be
c22d3a0e
efdef6e0
f531fbe2
2e1f1d1d
0c14fdd5
f81b0610
dce4e2e7
25193ef3
0b0ce222
e70e0302
09d9ba13
ee20f53e
f719f4a0
e2f613d0
16430bd8
1ee52401
fbc8db59
2520bf2a
0e3601db
6614e9d4
debcd9ec
fd11f204
e7cee1b3
f8fb58e4
17fb26b6
f933f5b2
1bd5ff3d
f449deee
52fd1cd6
ff1c3009
000fd6fa
34157395
2220ec14
1cf8f708
f7deed0d
d911f617
acf134ee
6e040c16
fac011f3
29c8f702
07fef3e7
e00f43ce
f9e4ede6
edcbb106
d7affa17
4517f607
ebf917e7
c2feea47
04cc04b8
001fd8e3
f9f122fc
2900211a
05fdb10b
4cfaf6e4
bbabdee8
cf12f5b3
f515d21b
22812bdc
f7140637
0112c83c
1fcff4e5
94f31868
e4270d0d
33f0aed1
43ffffed
f6060811
f4f7f706
fa0be509
bff335cd
0007f5f3
1f1702fe
3d0e0c29
f7ebfdd9
114308f8
fd26fe12
2cfde5fa
092de209
02f02419
11e909f7
13f0eebd
49e40a33
03e51f1a
f4130c0c
29f00867
e621cbf4
dc0af6ef
5bd52c2b
cdfdedf5
f427f988
3a2dfefc
f81a19e1
05d5ef30
dee21d2d
bf12fee1
3837f71b
c5f1ce23
d3d8e1f9
f4ed2213
0601e30e
2d0a1cfa
f21cfecd
fb0cfff8
d4c402f1
d9d8dbf8
de31e2c9
0d090cd8
0cd0e0f7
29022210
0e06f2f6
efe4f305
2f1421d8
1a13fd43
430cfb29
68f8e323
e5fe06dd
bb280bc3
9dfae4f5
c202faff
f7ff001a
ef0dcef9
01063514
2417080d
04350725
ecdcec85
e7e4c113
05f97fe8
d0daedbf
e1179a41
daf9081c
e4cb0aed
10300af4
da0f1be8
17ec4a00
da27eb2c
0519e711
0017cbd3
036c103c
cfc0193b
fc88e1fa
08c9f9df
cf050d00
6611ed11
2632ecf8
d317cff0
022dcf2f
18f6ba20
ff2f0115
e2f4f3fd
25e3fb02
4407e13c
ff180727
f6dcf306
15db16b6
ef120207
072ed800
cfbcf8e2
270b1c49
210c1ba8
d4123bdb
08fcfcf1
bed104c6
e2ec15d8
f0c11022
ce0fe7fa
ed02d73c
34091d09
2ef6edfb
1a033721
c10426f4
cb29e2d0
0c20f801
3e170d1b
28cbf7dd
e61020f8
424523df
5c0b30d9
e6ca16e8
fce9b2f2
05250f22
1919f0c2
d2dfbc12
f70ed8f4
efdcef1c
17c6e1f9
4dfd044e
dedc17f6
fad9f919
f6ef0c4c
e0bd1912
30dafcd3
1c0b34e5
f90694d6
f4fd0d01
ee06e6f8
fa0905f8
e1fc1d7f
3f2cd2ef
e3f7180e
cb0340e8
085013d7
ebfb00e3
050cd5ef
1a0b20f6
cdf5cdf7
efe3f21a
fe11e316
0b0cea03
2515f340
41ddf362
16d907e4
0e1f0cfa
0d0609f8
1508c3ef
eff2f611
bdc60ada
17fa0e18
e7e7090b
e8dbf915
0cf0f90f
3a0cf8ec
269ff4ef
eafbf11e
fbcf150e
bec1f8f2
c0a9c465
d4f285e4
02fc2023
12fbc9cd
e305622b
57edfd11
ee2005d8
f90606f6
101212f8
da330e21
32f02004
e702db34
05e127f0
1ffdfa17
e7cafcfb
53f2d0fa
16f00e49
e33213db
ffe9eceb
050de8d4
fc07d914
fa08f217
b6df3aed
f80bcf00
051029e0
260d172e
f1f405e2
380e1bff
37e41ef5
d5f41ae3
10ff1de2
b7e2c5ed
dc041161
db1aec27
fe12ec37
d017121b
1008e8e5
d3ee1000
c91bd32c
371fe1fa
efc50b50
1ce4ec31
0b4b1030
f128300e
d50ac738
1a151910
7510fee4
f3f14615
39120343
e7f612d6
fb26fb0f
04e82245
1db05906
68003f45
05e73a20
f00512e9
eeebf9e3
ffc3eaae
f8c325d3
38f7230e
59f109fb
3f36bffd
a70e3b2b
efdf000c
1fea03fb
edf9f91e
0c3e19e7
e6f7073e
5943e4ef
c314ddee
28ccf62a
2af0f6cd
daebe1fa
f904fe18
ed010621
102ede0c
07ed05f6
0506f54b
eddaddf9
04024c0c
db37fe03
ebfa98f7
02f90810
fdef2015
e513edf1
1dfef7e3
0704ec0e
ff1df607
c5c025d4
26e8f2c3
fdd50bee
2a1a371a
ace3f6fd
e0ffe9cb
380908f9
e20140cc
eb3914f1
f509e4cb
efc5000a
f7e3141f
1a480ffb
fff21c0a
0bd7241e
1e18193c
46f8dff7
06120ef4
fcc5fdf3
f42be4a7
f8dbfafe
f213c104
ecddf60a
e5f617d6
3a23d7de
f2e14038
e401f721
feed1609
08fa02da
d7ee1208
f20fa131
ece7fae3
301215d8
eb08f911
030f0ce1
bad1f815
e50bc1f0
15011b18
02f63203
07003fcc
6bdf1dc2
21f403f7
ec1b12f5
330e06d3
17eff505
d81837e2
63dfffcd
f40f19f9
f70cc7fe
e20d37fc
ef14fd22
e444fcc5
011b813d
34e2ea08
e0ffd6fd
330e051b
c1510c03
2b12fcbe
fe1c1512
15f70603
2f2c3f0b
32070c1c
0a030616
e3031860
0bd4d5cb
e0f2a431
e9c81cb4
d7d4f8dc
c84d22fc
7ff3da0d
df08d0e1
d613780b
dbde004d
f308e5e8
09e9f416
a809e4da
f1ed0a08
a2f3cadb
34aadf4a
34f1e4b1
f9ef07f9
f2ef06f6
0ab002fc
1ef0e8df
14ef21e6
ed00d9fc
f2f8e1cc
d619e609
fbcbdd17
f442e4ca
ebdaf0f8
30f7e3de
14fc1b1c
d1da1115
4f193119
eb0e192a
ee0d0fde
0ee802ec
0315f806
3306f11e
e9373201
f2f8020e
2f0f03ea
dbebf93f
0b02fff2
0b0fc800
0b0502f5
1cebd3f2
b2ebc3cc
10eff4d1
c51b0b1a
28041bdb
e9ead0eb
f52d18d3
f7222c08
0b412634
e5d9eb20
09d41b04
ef0854d6
2403fd23
ff1005cb
22d07df2
f9221cf2
d5ef5112
02fa1d03
2df11dca
40dedbe3
20f41e0d
ea120836
fbea06d3
efdcef14
2b04f848
5b070746
2bf9d9ff
000ce216
15fee9ba
3b182eb1
eed51fc1
f1c506fa
120ff8d7
d64ee6d8
0cf004f3
04d5cb0f
e7ee09e4
a61333e6
df17650f
08191be9
ef121119
05cdd1f7
fada13f9
ffe9edad
fff2c320
0d00ed0f
4302e50d
3405232f
b7fc0f10
e7102115
e3f9ea00
01c72021
0bf6d208
14ecd1fb
f917ebf1
fbf9f2f0
dbe2ec0c
f91ee70d
11ece8e8
e70716ef
02f6cfea
df2f03f5
e00538fe
07c907ea
18ecf40c
6fbfefd1
bde714f5
bf402bd8
140005f9
f0f11ae3
1b00f8ff
ffbb050b
201bfd18
f00501fa
09ec0209
f8ecf7eb
d2d1200d
1500ee35
070331eb
f6e50421
24f00a05
d1a4f201
e8f80ef6
de0afa0e
0a11dff9
00eb0bc0
f326a638
f1ea10f9
460c0227
c7e8b9f3
13fdfae0
322a0820
defe2ac2
cb13fff1
0104f622
f95becee
fcfefb11
dbccf0ed
1920e6f0
f8eb0900
f3fbfde1
0cfef891
26d3e1ce
f3ee161f
cb023031
21ee01f2
d102f623
e60b26dc
d503fec1
01e7f720
fbf6251d
030b0fed
dd01e80d
d106fc14
d9fdee00
ec39f2d0
04f72827
eb1df0e6
03ec2c23
dab0320d
c8110b0b
0ce6c301
ebf8d9ee
38449e1a
bc19effa
0a10f521
d324fef5
0e1b04f5
c4caed18
f9d6c116
290cd508
2af547ed
b10ed654
f0eaeae8
1af4c5fa
0b45f5ec
f10e1306
041602ee
df000511
2bf7fbd2
1207d8f7
01fdbe24
dce2152b
0115110d
3dd733e8
fb0dc20f
36fc06ee
fce3ed4e
e735ef15
201acbdb
37e1d6e6
090dfbf9
3c06f2d5
0cf605f0
bf070d41
0e010afe
f10311ad
e1ede134
e911e5f5
0cf00207
3e1de2c0
180d1cfa
141afdb3
efcce211
0305d221
e9f9e83e
dec1e8f8
fe340208
f73a25e3
13d911f6
e5120341
3c1711ea
12db15fe
02d3f4f0
f702fa02
01eff5f9
fffc0af3
fc09f909
f9050bf9
00ff1511
307d3025
c70627de
c7f9f1c9
0ef423ee
cd3afd45
072ce6e1
13d007c8
cdda0b23
c8c8dfd4
9e041f11
041d16ea
f5df0c3d
d702f63f
f712f5ed
17dcebce
1ef8280e
1d05f0ec
06d8ef1d
331410fb
25071cfc
fd01efee
f1eff70e
e805e0fd
e3e4fad3
ef122e2d
f1f00cd6
03203e33
01e03820
d6200c38
4a2201cc
062807ea
f1af1304
f61205f1
10f5fd12
110fe916
03151212
fff01e16
24e7fbf3
d522fb48
f71bc527
ede90100
f0d5f02d
03fb03d9
fe04f3ec
040006eb
fd0a051d
10160804
09fcc8fd
33c8c7ca
02fb37f9
1effebda
f8bb19e6
c514fe0a
1ce7f519
e00119aa
d1e7e507
e3c01d11
2519d224
e3ec493e
0bf23ea4
060533f3
de00f404
191afe04
0211e73a
feb1f85f
e711d61f
362bf6f8
1541ee11
04d32cfc
022be32c
f419dbe0
ff1a1bf7
0307eff8
1eeccb05
433b050b
05e3dbf1
fce606fe
250923e1
e00d1d2b
d65abdf9
f8e1f2f6
06f21f12
e6c0f016
190cf616
070e1b1d
f8dafb0f
fa02d423
11261d0b
00f6060d
d914ece9
25f01909
b71b1bee
09ef0e21
1aff1c33
12fb1418
2a111be9
0af2ebff
210910fd
f105fb1f
ee1001f6
05fab51f
f80e13d0
03fc0418
031139e5
0d0a044c
25eb35fe
f41814fa
02ecbb2a
1708f0c2
cfe2e8e9
30d7f1e8
40f634da
2fdb32ff
17f4f6fc
e1380005
f7c8ffbf
fd13c8c4
faeef7fc
ecfd14f9
3b0b31ac
132afbf8
c60ab944
d866c5e5
fc2dea03
fa144fff
0f081d09
003ad9f8
1533f73f
f65be911
2fff1443
12b13047
17f60722
1eda2aa2
19fc1829
25e1c7f6
08e4f8e2
ed19c32f
4406e50f
cf34f13d
111f2f30
041c310b
eef1bae2
07e91822
ea1c4035
fae740da
da0b26ed
39e3f3e3
f9e202fa
1be532de
0a15f4ca
17e2ef0f
ff2f1ac1
eceee1f2
01f01e0e
12fefd08
2efb0900
010d0126
fd13feff
27f7daf6
0af8fcfe
e301e302
bffe0601
0fd005ea
0759ef24
1be817ed
0ebc150a
2711e6fe
db02e6cd
f5fa11ef
27fde0e5
f10af904
f3e9ea1d
f50306f6
04f9f6e9
d1f9d302
fdfb070d
ee162d27
2814e62d
faea01fd
0b142a06
11f8dbea
10de2207
f5f521f5
2d0fd2e6
0fc8fe2e
e0f50e4c
ddf302fc
01d6cd12
35d12ea6
1505d80a
f011efdc
151b0233
c2eec7f6
30f90cc5
cce0d32f
05f4ceaf
ff07c1d9
d2e611eb
03e23001
e6dcebf6
c4e9f802
ff0cf300
f71ae7c7
0df7d5d2
11f73f37
17d52404
e321f449
0f3c061d
0c101928
37f328ee
49f5def1
ee30282a
ed07f4f1
fa1805f1
eddf0c0d
fc02bb31
f2201f06
02e90ee8
eedb03f3
071c1bf4
11f4dc16
fdf6ebf3
00f7ed2d
13eb1208
d8d3f2d9
cee3d1fa
3c01183a
08120400
f045cdc3
e517370f
cc08fbfd
2cadd726
37fe4b15
c7da31ea
fb2032ef
0af906ee
ebeeb42b
e3060bf2
c7d51fcc
bbe80b1c
13feeff5
2ff7f1e6
beed0501
0712b4ec
ee1510f5
02040ae3
2de7ff22
0bedf203
000afef8
fbed03f9
f6ff0102
010001fd
fbfc040c
fcfe0906
09001400
01fc0d05
acb91e25
e50ee8db
4d210826
f2efe2e0
cbf51419
cfcb2aeb
4df9e044
f50d16d7
e50f0700
da081528
12f8e1fd
13dbcb4f
0fae3fe8
fef8cef0
0a25e7fe
ebf9e6fe
4128e2ef
170401ed
5e16c31f
0132ce0b
fcb22648
06fef901
3110d9e7
f93cd62f
040ae9e7
e5f60235
1a1605f9
f711f318
f5f13709
fd0b0828
27261104
0c1cd1fe
3728f0ed
fef935db
f307fe27
fa051507
f230f624
f0fc16d8
d5f23900
f513c8ec
fa03ec02
fbc2f539
2126f5db
05f904f7
0ae2230b
16010231
68105711
f61f060a
1eb154cf
05062840
04142923
f7191a31
0af707f2
f4f3d42b
d000fbe6
171e4258
cb12ecf7
cb08cd2a
da9eea01
f5300f06
fb3247f6
c10dff1e
1616dffa
f20b02f9
14a30a47
fa07e6e0
0e44012b
fcbe3f05
e8eaec18
e7edcaf8
e3081218
1029f671
03fa00ed
fce6d40e
fcec0900
023a1503
efd8bde6
d0ded5eb
bdf76603
05d8f70d
e427fcb8
1400e32b
b9c6c4f9
0d26d514
0ae8d8fd
eb1bfde8
01f0080f
ee540f25
f03a14ff
67d6e8bd
b657e9e0
06ee20ed
e6e8f5e0
dad8eab3
331b24fc
dae1e312
2b071600
290bff39
101b130f
fef01604
05100001
00fdf504
311b0bf2
fd000c07
8a13e9e2
01fcdef6
e964cbb5
f5fe0115
fd35cad8
01f7ef11
24d8d90c
16e732de
ebfcf4eb
020ee4fb
1501100c
f5e70c0a
182a1bd1
05ff04f8
3203eb03
0305edd4
fffd09e0
ea4cf90f
06fdf1fe
350e05f4
1233010d
051308f6
fb1311f5
03e9dbf0
60e76ddd
fb15e6f8
0c3a0f12
f81eccfd
20dff420
1a1d25fb
e30e12d4
2003e52b
0849e45b
16f8bd0b
cce617e8
0885798b
7f2c0271
0516c5da
030c28f6
60ba0dcf
09221a01
04df2e0e
1adef533
161246f3
0e04fd07
0f4e0f20
de0ce2ff
000ff8d0
eb25dea9
ffec15f3
2719f7e0
0d42f703
e424b807
fe1d1b08
330bca02
1918f615
0d160604
0f01062c
f8e41814
f2fec318
f7dbdbd9
f2feee1a
ed0c000b
24d73f0c
de17f4eb
f9f9f117
fe04e233
fc194103
fcf1052e
2f1bf010
f906e600
e63fc5d5
ce33e327
07e303ed
0ed1f504
f60908af
dddff5d0
d4e9d1f9
f8fa15cf
f0f8fcca
2ce50afc
6615e6e0
1c20f02a
f72d0fd8
dfc81fbc
2120d4f7
3311ff1e
1242500a
1ee63316
f3fde712
490d19f3
09e00a40
e6ff0ece
11ade132
0123e1ca
e83b15e7
20d60911
ff1be1eb
071fd2f6
0ee5fe2f
f611150a
0b1a0a0b
09edca15
1905e6ed
44f31efa
fc09dbcf
0af92bf7
0ee7fc0a
18e9c63b
150bd0c6
11e93a09
f3390af0
081f04ec
05f81eac
f2090511
ff0606fd
020452ec
f907001c
ede9ed0f
05fe0b0f
decf4846
d5fd1625
b21cfcc6
0ad9ea04
20dc1edd
ea2bf7e8
19cf05f6
fb25d54a
3f2ddbeb
cf1aff08
b9dddb16
f59ae3f7
0cfeac0d
ce22cf19
e5241aea
0cff0211
42fc1415
271411c5
d6d1d9f6
0095f256
b421e3d0
00d513ff
1a0807f1
15abbf5f
0bfc17da
ff1af9ec
cbe60b13
05fa51fd
01201ad3
e8fc0ae3
e2e02801
2b06fd11
dd3add05
fe120bf7
b1e1d902
f6fc22bd
073ec901
14d6f904
f8130809
003b3452
e80028f1
cd19f53a
f7111e02
0d3c23f9
f3f10a1b
031e0b31
fdfae7e3
08f42b0e
17ee41f8
f617e2eb
32ef0027
140017f4
dfffef09
df0cfbfe
28bdf6ed
0bd73cf6
dafddef2
15f7de24
d406061f
05f630e8
04213806
e0edda0a
d9fffad7
fb5f254a
e33920e3
ee092213
9e2f011e
ff2f02e0
f941ed9b
efeb4be5
1cf528f6
f9cbe9b6
360ee408
eefcef0d
17bd2ff1
0bbde1f6
e5b920e6
c3eb2f14
f7efe625
1686e0ef
29e3f313
fd26f711
df091506
14111213
fede200a
edf815f2
e00cfcf2
04ed0019
400ed5fb
e918f742
4133211a
00060b16
f7fb64f6
1324312b
021fd601
2014fe33
13f5fe37
1ae6eaf8
a2d118e9
02e91305
dc08cdd0
fa2fd404
3dcf04c8
f83a3f1f
e0d3e719
1fe7fb18
f5f6e51a
06ca051c
dffce4fd
e30dd70a
e10333e8
07f93001
fb0c1938
f700d927
f11e0106
eae82a71
f40942ef
01e53010
e535ebd9
1efeee08
0735e110
f00415f2
4422fb08
f2f7210b
01e602f7
17f6d81d
1d09f2d4
275afa3b
dd0918a1
38111709
b52700f3
fbe39e11
f818bdce
f1ee190f
ff090af4
e32b0af5
260b0c06
eb12f3bd
281f03c2
eff2fbed
f709a8cc
f512ed05
fa0916f2
c1dffd2c
20eff127
ef1c051a
18bf1d0e
f316aade
06e4f821
20c1d54c
1406d52d
373e4df9
1611e9f4
fe052015
08c219f0
f40903ff
10e3f0da
00020afe
c1f2fdfc
0f2d12f7
f126edea
07c801c6
f009f6ea
fce7f6f4
f203f2fc
050304ff
eae80216
0a3d1f18
e5def200
e51aeb04
e412ea21
04d60527
030800d1
f425d6f0
f50d10f5
27d8ed15
9f08100d
2621f9fd
c713e9dc
030418ee
0e311c56
06fa2016
280ff3d8
10e50bd3
2d2322f3
d7272910
110ed817
f226ed19
01061407
00dee8e3
d8f614ed
225d1b11
0d2a0209
0ed6f80c
08271bf7
3529172b
f5e40006
2ace04f5
1e06beff
db010ce1
e3ea1d32
482404f9
12e9e9eb
09f4aeed
eaf7ffc1
e1d3e40b
39fd0929
23ff013f
18de241c
e00b073b
ede217fb
f61a1818
00f753d5
11fd0b14
e437e6de
1d3040e7
c21a26d7
270fe2f2
ffd2d1ed
0b00e5ea
02f8ac29
171bf701
02163703
35e9f8ec
12b80008
18f935e2
ebc73fef
0d21e7cf
0895ba18
fceaf221
d9f2f602
33d6cbfb
fbd417e9
1f0cebed
17f9f90c
18bdfe1a
f7fae5fe
0cfa0009
e908ec0a
120314f4
d358cd2e
dc1bf324
c42de5f1
f2e842c5
040a1b7f
2625f3fd
ecffdcf6
6410d0fc
00f7001b
03fefbed
ffe2ed0a
0a0ae3fe
0c053adf
0d04fd1f
0a0879e9
f8eaf5e1
3d33e032
da09d707
d7d2fa23
ee31b1d1
e91818fb
dcef1af8
290beff6
10f80a27
e4e003b2
3011184d
1b16d8e7
0e15f7f1
eff255d9
0bef1917
ea0feded
fb132ee4
f7bd420b
d8f503ee
07f21106
0516d6f2
d627ebf5
dbd6dff5
0ef0f2fe
fcf2292f
e7df1be5
17d5d1f7
0445f70b
fe21d5ee
01d9de45
30e0f0e8
f9eaf03f
ffee0826
31ee2416
39eb0cea
391a0f25
ef1ded21
ebecccc2
d7cdf200
1fecf20a
0cfe6616
f5ee0fd7
150c01f2
0b3d21f7
09133834
0710ecc7
01fe3005
e72a1bac
d9e0d2fc
6137f4da
dbe9d814
4b15beed
f514f7fc
eef2d0d7
f904e611
25eed7c5
0ac5e712
0af12234
3e0305fd
f910f811
010166fc
0e152f01
dd02fdd5
d7f82fe6
d3e8e72e
b2eb9053
e1fd10f8
faf6f92c
06ed81ff
c6adee11
06e17f16
0400f306
3f37b60b
c6079ffd
d129f32b
35fcf70e
0409eb03
17d80f32
19241217
da18f126
1648fda5
1eece810
2bece1f0
def50fe6
03d3484c
0209ff18
f9fcb4e0
060f1adf
1ab1f80f
17f2d206
1cf0e7fe
1db9df19
fb0e30d5
32130e13
294a30cb
e2eb2c25
2adeffe9
50f30bee
e2f7ce39
d7eb1912
0231cf9b
f225af21
f82b6d26
c11e2a42
1440f512
0aeef2dd
14effd15
d9d1f21d
0becf108
0ff9dbcf
e5fb1a20
e0f3ecf0
f4f30be8
fa302eca
d401fdd9
16b30128
091d0031
dbe5a5e7
1bf5ef12
f8f7f418
ea3114d0
09e80ffd
f5ebcf09
1111edf5
24eaf6fb
10cf0aef
f10c0506
ddf5ee01
edd515da
fc07e605
0a28e3ce
f40608fc
20edeee4
001443e2
17fc061b
c6fc1601
f3f3d9e1
f4f8f211
18f605ef
162e1c1f
fd260602
e1c61a1c
10f9d7f7
050d01cc
15eef001
2b2c1c2d
e6fee5e7
0911dac8
0aebea0a
f80b03e5
2917f8ea
fe03130d
d709074e
f5f8f304
f7fcf8dd
f90b03f6
f80000f6
0609321a
05010619
d9050fea
070de507
c70f350d
10161b32
1d2dd604
fcecb4cf
ec384508
f505e10c
1ecec3f4
ec1e3aba
95ff1fee
eceb0824
f813d9eb
fbc202da
0028f4e4
37060ef9
c8de1212
f90ce9f9
3c337d26
4efa28ca
fc810df9
0146ef25
0b010709
c6f42413
2508c1e3
dbce1804
f9fd19f6
e90af135
28f2140b
f2eb0b14
f9f1270b
03eaf7fb
0f182ad6
0deffe12
1922e062
d6f31ffb
112ef9f8
0203d7d0
2d05ecef
0321a3f1
26ffdd7f
f110db44
2f532109
e32afdf0
c9fddc2f
efc501fc
d4b2d9ef
fefce2d2
dc1711a8
edb82b1a
179a0731
2aef07e9
1bc7e230
04d1c4a7
eb04fa1a
1002e7e6
f1e8120d
c448f805
ffe3f5fe
ea05e519
ef08f9f0
21e1f73b
fcf71230
faefe9e8
ea032300
f80b0c17
1c144fe3
0f0e0d05
e6e80f0b
0621f4d8
13094ecd
281e3cf3
0f07f915
f302b5ff
0be4f806
bffde224
f4eef73e
f7e8e7dc
f6ea45ea
f0f6fa1e
ec1a00e0
1d2204c4
1d2f06f5
faedf6f4
fa3ad418
0203e199
03dd08db
0affe8cd
fedb2e48
de3bed16
0b0909de
d106f6df
cb1feb06
eb07e19a
02e009ef
e128e5f2
3911f6ce
12e70cb6
03161707
10fa0260
120b040f
f119a809
0b0cd002
131ec07f
cb39cb1b
fed71d09
05f5e6c4
dbfdd302
1ef8f0cf
0c13d311
0afe0b1c
fc1f4df3
deeef4e0
d303ed1a
2b3c9bc0
e528c904
e23e49fd
f805c1a3
142d11c8
09eb2832
2afeeadc
cc4e3a43
ccb5eefc
df091a0d
f60611df
0816d613
31dfd9dc
f8f32211
e23105f3
547f286c
fbc90b1e
f6f4ee1c
1a2e11cf
f9e60c2f
060d3308
fdfafdf8
09ec04d2
ff11163e
b5f127bd
d109091a
f7e4fedf
f17fe52d
dbc5e112
20ea264e
0b03d835
f80b4211
d5f119ce
4106090e
02d5f602
01f56a37
14e41e3d
fa2f2420
0f0be8e9
0b481d29
16bdbc08
f1fb15f8
1b08d50a
0c1511a0
12ff412e
bef710d5
060d11fe
b21acbcb
fdfd34e3
da0bf624
fe30060c
02bc530e
0dff7b3c
2a230c04
3aeef625
18300696
20ff0df6
02da0902
04320a0d
17eff6ef
06151c27
f62aeee1
06f7eefa
e81af9e7
07f7133c
fce5da02
e738f603
f80ce3c2
eebddbef
02da0df7
0b2401db
01ae234e
ffedfcce
cf1a061e
b6dff5ec
e84f021d
18f12e0b
04082605
29070511
0ef0d81a
4058e4bc
980de20f
06fbc70c
100ac4e4
2b33daec
eeebdff8
071dfee1
2a452510
b422ba40
12fd1813
dd2dfc0c
f7fc341f
4f25d5da
12044221
e7ef1511
e8251df2
da14ede2
3ff22af0
1eb2fb30
01a7e21f
2800d3e4
191ada04
0cd7ffbc
2b08ef10
1ee8fd29
bc0113d8
e2241b0c
01f92ae7
08edb516
22e03df2
241fe826
03382009
bfea09f7
f7fcf7fd
03ec10ee
f1e4bd45
fd010148
13d8e7fd
080407f6
fde71a3f
d5172bdd
e9051129
2902f007
f9e984fb
f2033816
1efffcf0
f62df6d7
18d3f71c
13021acb
3ef8f3f9
f503ee30
ffcec827
ea01d1e2
2cfde101
311cfe0c
0347d6b4
b4a016f2
d7020bae
0011bebf
12b8e7d5
14e7ed12
1106efe2
f3e01429
2ae0fb03
39df0d30
d7d9fe2e
d8dd362c
f5e32c31
0eba0d1c
0afaeafe
bb1a0c0f
37f4130d
7e002ec8
74f43700
eb072923
fd534526
e5ebe4f8
cad7cb01
13c21239
fd161944
e62cf9f2
d2dcfe08
27f81929
f8c2f72e
0ce40012
06fa2ffd
b5fc16d9
1ecd1dff
c175f1ec
00f204fa
48132934
f9e95b33
2db50ef8
fbf80602
faf1eb13
03430b1a
a4290106
1f1427ce
fdbeecde
01d7dce1
03edb6f9
da19f9f2
fbe0fc03
e8134738
340108ff
df13c134
2850edd8
0107b3fb
f2074404
13e5ea0b
3ceae003
2c05e1ec
1240de0b
dbf60104
f8dc1818
edec0614
0e3ec807
cce4ec0f
e8f827fa
24e4f1f0
19c00b23
f4fdde27
3705090a
fee53213
f90337ad
3ded06ea
0030f0f6
10c83b2c
cdc62048
950bddfe
29110b45
fdfa04ed
1fe32cfc
f6dd2203
eb152d2f
ff050910
0feb0230
1e0423eb
ecdf1f31
0ffc22dd
eb05f207
f625eff1
fdc1fc1d
f32429f0
220dd8fd
ec050a15
0c181ff9
fc6c0a13
01e6eb06
06160c22
0806da1b
e7132cff
15091207
fcee0e28
0ef925f7
eee511f7
050c10f2
0eeaf513
2cfd15df
fd1b140a
f5071b29
f011a917
a90d10d1
0cfb962b
fc2207bf
d7f8e225
1ee6e759
dad405cf
ef0c20e5
0bcbead7
0a180602
e7f90812
fbf62f3a
1afd1df3
e2e40400
090ee715
d7eef814
a9ed3f0c
efc5d71f
ffeb1c08
f034e52b
3df2ee0e
d8ee27ab
2713d9dc
11dbd00c
34040105
05fffc02
feeb3bad
26c5cff8
f9e3fc0b
dafc0e2c
30154339
364efefa
fbfcf5d4
03f716f3
10e0ba0d
182a2afd
f0f001e9
3217f5d9
fcf5d612
d80daee9
eb14e4e0
51dbee19
f5eeaaf8
042819f3
b3205ce3
fae92504
d3e217cd
d1fdf3da
f8fff6e2
191967ed
0e5f2022
0dd0dbe5
0205da02
04dafed5
2d0803d6
3e4df7ef
160618ea
17f5efcf
00cd2601
fa26e36d
02c530f0
fbe90b63
e3a8df2e
edf7da33
ec2bee3e
12fb04fe
0ff8bef8
01e9f825
19e8fb1e
2a13ba05
0e291d02
e8e6efe7
e3f0f9ea
0500c003
07fbedf2
08160dd8
19110fe2
cfe925fd
f3d1f6c4
e0fd2516
19d8f318
2ef0f2e2
f71f022b
ed0626fb
1ff30409
c809e0e3
0164c5fc
d943ea81
08f3dde0
7fd90039
05bc03f2
3266343d
324d09d8
fc2ce330
da110dda
0859fbdd
182616d8
f0f5fcfe
dcf128e3
ed0bef2f
fe11f719
5e03e5d7
face05fe
e8f8feef
ef810504
1217e401
1a0412f4
ff0fc014
fb0b00f5
f005c118
eaf90a02
dcf50205
d4e8254f
dcb7020f
08143508
e9e577a9
071c12ff
143bd3aa
0df081b4
eab51f4f
1be60721
bacbe7d7
05f222ef
0a0b233a
1bf11ad8
22f90337
ed2621ad
fffefb03
ff330608
f3f30407
9102e2ff
f8fc14f2
09f806eb
11f81815
1001f4ff
1324d714
fe520922
cdef1a06
f8f2c1ea
f7f5ecf2
10101e1f
fcf22912
200f453f
f8ddf31e
42fcae17
fdcf15f7
f5d216ec
43dc1fde
e4202509
fa1404e6
0710140b
e5ecf415
ccf8e725
042c1cec
f5aeea18
fb29eb3e
2a06f710
100efe04
cb08e416
03f00002
020bda0b
0e180bf0
f412d907
ee0912f5
ff05f3ee
f6fd190c
e124fa0d
cec4e509
c206f3eb
2dcde81a
fe27521c
1e55f5cd
f435f40c
0fcb08ff
06251bbe
efd4cad9
dffbb8f2
e1191111
fdfff61c
f61f2953
4b11ceee
1a2aeaff
22090cc0
3f120af5
fc06f7fb
03dd03f3
fd1cd753
ef32e1d9
000c1609
0ee2fb0b
f4c404b3
f716c8fa
151931a3
0326d709
02925dfc
0b36e3fe
dc0bf7e0
16ec4b12
ab4a0b1d
8a074554
2a0e4119
df38c822
f82521f4
10162d20
2af50ce6
1e1ceb28
04f70ad4
f501b31c
fc1a14f9
fb82f70b
fc2bf730
f426edf3
2758ef34
5132c8ae
fa491346
09f3dce5
faef08bd
fbdb054b
04241a2c
052db2e9
28fcc30f
012cf8e1
451804ff
17f5b535
bf08221d
e4f93701
f6bcebe1
25081901
eca4fa06
dc0d1254
47f21318
00172524
0a0008f1
0cf40496
f935ec06
e7e5e4fe
e5cf0f0e
15f2faf9
fbbb321b
e1e8f109
05fc2b19
1808dbfd
f5d91aed
efd14118
f7071314
3605f431
0634d4ea
4d813a19
3c052032
dae2fca8
0905d3c6
e6da44f9
fcf4f0e0
22f6d6f2
c30be61a
b21a153c
2bf0f6e0
e8e42681
02ea31f3
d9efe197
811a4fba
8f7f6ee4
3f4ac981
f9e502f1
d90e1011
ee01d918
08cb38f1
461c0c05
1a33f929
13e1e62e
e53d09ec
6e8d0119
391ccbf2
322121db
0e02041d
e5d869ed
f7f5de22
1414d3f5
f71e0413
e012d3bf
fa101efa
d9d702c3
f8fa1435
27bf0df0
280d1e0e
450de104
d1cfec18
f510e9b9
d7ffe2bc
ec26ec31
eb983bfb
041d9dc2
d91cfb08
f8f304fc
e94733dd
edc5fb2d
f9f4fbf7
00d0fae6
fdd0f706
0e30e5d7
29e10e05
042bfafb
f4b6f2fe
a7ec4fcd
330f0ce4
e3c114fd
f21e0828
1f13e5f8
f6fff42c
0acc0822
13a4d68c
b43d2634
17e1f9da
d12c1e12
fae7d6d8
f0321415
ebe5edef
2f25ec1b
05dd352d
0200f609
01ff3c09
defaeeec
ff23492e
020be0e7
22042113
252706db
e1d8f1f6
75a5fe14
0bfdcc1b
e03c07e2
04f7bb15
09db030b
e9f8ef1d
e11aeeac
e3bf9bd2
34221322
36e10f0d
f8e30000
fa002520
fe09ffb2
00f7f400
f7161fdb
1ec72025
1ffefb02
07f1fffa
fd101201
e8010f0b
f4f903fe
ebfc0305
df01f4f5
14f6fffb
dafb2006
abf41112
d52b061e
10f1d524
f1f7f1f0
3b14fff7
27ffd7c9
e4e6e6ce
ebf820d4
f90015da
f8092716
0aff4f11
3ae0d9d3
e2ce3105
0bf9fcd0
3f01522d
1ffbe1f0
d6ee120f
e20404df
0b07e418
12102af8
071035e6
05101119
d7c6c3df
00dce231
e10f1ff4
37bb3228
fd2635d2
ea3a4fe2
ba00f0e9
35e7fff6
f011fd0b
f4090b00
1c011caa
ddf3e50f
07f1f709
f6ea4a16
f7f5fb10
cbe4f515
0ffd2218
0212fceb
0f2601fc
14f41b12
15f6e50a
02eb0b26
f80b03ef
0c0607f6
ebeffff6
0b08e1ec
0bb1f7f4
053004d5
d0f02cff
01eec30d
ebf1e9fe
eeeee4f9
fbe70ff3
35b8273f
0ffaf811
ea15dbf2
08e0d3e8
0c190511
11fbf405
fe1ff314
dae11502
06e30e02
1133f5ff
04ff0a11
341bde02
f10225e9
da05e011
c3ff162d
ec2903f4
0fea18fd
090b0c20
410dff11
fde60408
0602dbfe
feeafcff
e8fc12eb
fb213309
f8fd0cf2
e6f5f1fc
e117f7f3
12f82010
ffeb351e
05f0fe15
0f08e613
fdf3e50e
ff395000
aeef33e3
23c00dff
056c2ec9
ce0652e6
020f0ae2
0bf700d6
ef0aee06
e0d0370c
490cef3b
07be0505
01f0f420
c816ce9c
f4810752
1cd2f9f6
4de2dc12
e7dfe314
07f10bdc
f71a22f5
f51f2cea
0d2ecc04
35151dea
f1080640
e9fe08dd
ac10fe2c
12041281
07ccdadd
0615f8f4
e023b623
e8f5af0c
7fe3c0a6
2543e6e5
32a1d9f5
52e624f2
eb0ee8e9
16f0ddf9
fc1501db
11e736eb
19f9f607
c7feb9e2
23f308f9
f96703fe
10150aec
39d9f7fe
f00b390f
fff2fc09
e6062200
ffe1e41b
a906062e
e8fb54fe
44f6c6bf
fff944ea
f2080c46
6319fcd7
09d7ead9
18d506ec
fc1cdd00
0a0a0a31
2530ebf1
1038d5f3
e6b1e3ca
ec19ff12
ddf612f2
f0c70cf0
e7fdc6c1
33f0fe1a
d4fe11c3
0ddc0ff6
f3dcf3f5
faf7f9f9
e0e324e0
25d1ef14
ed2420f3
1af4d625
ed08fdf6
090ab428
19001805
edf3f211
06ecf21f
f910b30f
ca0106f8
d204f5f8
3d2e1c16
f1d02929
e01f0137
fb2dd905
eac40233
462f1e0f
0df3bf2b
51e8c7cc
f115fedb
fef506e0
19f7e03b
dfc0b7f2
15ece51d
f0e9013d
f33f3382
85f13ada
f7d745ea
03e9cc17
ffb5f360
23fae8f7
111ff634
e6d6cdc1
e66e2e23
0d1f3af7
feec16e2
0b0327fd
17191b28
33180ce3
ece52505
cb0618d0
f50cc81b
0e1a2d15
0e212dd8
019decff
001a1117
1b15f10e
2215e817
170bd5ed
f6f30c0c
01fafbff
0808fef8
04f6f9ff
00fd02fe
00f80305
fefafc05
01fffc0e
fbe608f9
f5ebee0a
f713f1eb
d1f102fc
0efcff09
0a09f409
d70dc2f9
f9020303
c13703bd
31f61c04
e901ffe5
06f6f802
fbc4fef8
ebc6f602
f10fee0e
dc1ae2ba
3612132f
05fff704
1d1516e4
f5f99837
41eecde5
22feeb2e
0522d004
70e1eb0c
c6052ddd
310defe3
f81118e7
0600f321
f7fdcf06
f515e6fb
f1f707fc
1721f919
eef920f2
080eed0b
fd10eaee
22e6feda
f30d02ed
0ef80a0c
0f03f3f0
000ee915
200af8f2
440c1ff1
11021507
1129daf1
060fe1d9
f51ee9f7
0df32508
0600071a
c83512f0
0b12d91c
2df9d5f8
f6f4df4e
f4f62614
f0f1f3d6
f5fa072e
812ac501
0b02fbfd
fff1fffd
f8fb0501
81f701f6
fcff0efc
04020800
0f0006fd
09fbf0f2
39e610fb
d1d21709
00dce0e7
04f01610
06030a2b
cfe72dc6
bc020de3
baea1432
0ff9f8f9
00b5f1ea
faf813f5
0d1bf4fe
090dd938
0b1904ee
c517010b
eadeef1b
c5070c2e
2d050eef
f5170701
0630e8d8
2011223e
13ee48e7
ee1217eb
0bdeebe9
3e51ea23
24ef31da
def203f0
f7ee3f0b
b7f9adbf
fa20f7cd
a4e55118
e2bd29f6
152200fb
0013fb21
241704ed
04ddc6f6
e2e324e5
0fdde91f
ed53eddb
feed0516
f2f33b05
c41518e6
091eb3fe
061def0d
f7fd13fa
01e0edfa
f8f1e527
14deec07
ee36bcda
df060e18
fbfcd5d7
f9e92722
2017ce02
0e20e00b
1ef404ed
cdf8e3bd
54ea2053
0019f90c
ed27181a
edf609f7
0bccfbc3
1adf0916
deef0a28
e21ef300
dc15fd13
0df932e7
fbe1f6cd
0cfbee0a
030d16e0
230d0df6
40efeaeb
13faf3d2
de262abc
f305140f
e79f0415
06dcf1e1
10f9f6ce
f61b180f
f1fb16f0
e7fff0e5
e617e003
f8de1230
ec181100
f1dbf20a
0c0518fe
00322c08
07fdd825
dfe511d7
1e0cb523
03ea1725
1607eb0b
0c1b0d2b
fbfd455b
25d708ea
b6fceb05
160e040d
04b523f7
130efafa
07d8f7ff
011ed71a
068d333b
0938150c
0c22edd8
09ea26fc
16dd0e12
05121221
fe051914
10da0216
07f5def3
fef612e4
2027fce5
28b4e30e
661ddafc
d5efe81e
e3dd4808
08173aed
281fe935
f51ee5f4
0fcae92f
f121210a
f9085af7
e200bb15
fbf8f22a
f7fd0633
1bdbe91d
c1f0d706
c7191b0c
dff22928
d606a155
32ee42fc
12e21a18
f4a401fc
fae31146
ed3c2be8
f2e6d8f7
12dad30b
02f0f116
2cccf616
ecf4c6fe
ec1b57dc
09273115
0b0018f1
f1d7ec2c
b7e9d2f8
eed7c109
f9d90527
ecf2f120
0f32052d
1d36fced
c2dcfefb
0eddfae0
25dde0da
ff123606
180a2ed4
09071916
00d82a1e
13db0916
dfeed9e7
00e709ef
efcaf404
40d21b01
37dbf9f0
fbb7efff
e811cf13
07dc39ee
f2eeebfb
ed00e1ff
d70d22fe
20ef0c03
0709e90d
e121eb24
f81ddfd1
08d70e18
f132ef20
0218ee14
1aedf101
12e6f4f2
1ee80ac3
fe1dfd1b
03d02626
ed10af05
f7f9f4de
dadc4d11
fbf41ad1
21dce518
fc092106
1a2aff4e
fdf3110b
0afd4cb3
071d0801
fe0200e7
f8054cb3
101ae41b
0dfc21fb
05e31b2d
09dd2c0f
eb152517
d9052207
36fed845
3c0557de
190931f8
2bc1f628
11251ae6
fe0d1937
12c636b7
022d29e5
c5faf3fe
19c4f9f8
2fc720f9
1b0d00e2
f6e7e5e5
02e9ee21
0ac0a3d5
24ee2f19
ffec1b1a
f4b71e02
ddf11b23
ff131dfa
e6c61ef1
fe19fe06
ff1be902
fa1bdd1c
3817ea1b
f7efcc2b
15def5bf
272f4c01
fbe90421
fae6dbe3
ff20fefd
fbf63a1e
16fc1439
d008feb9
21e40dcd
2ecc0e2a
0fd30fd1
ff3dfbf5
f91e1a1a
03f237f6
e90ded0d
eafc04fb
1ea0da22
ebf6f411
09211514
f7e9e02a
d8dcd419
e51e3937
e7f1f901
d601ccfc
55eef626
0ae1dbd8
06eed7fb
17f961fd
e02ae428
1f20b200
101404f2
16f7faa7
000f0606
0912fa03
010beef5
02ebfb05
020af911
15f408f3
31f6f816
f6130b13
ef1f2af7
10fff5cf
f0100b04
000bf710
161fef06
1a1f0dfe
ed241cf1
e9ec0e1d
0418980b
15081e15
fc111de8
f5f20ccb
eae7ddf1
2f22ce25
ff0ae314
f82cf714
d3e1dfc7
e7fcebfe
0627f10d
ed1526fc
ddfcf00a
2d1cf3e4
eaf9181b
d9e90bf5
e5fee208
c4101935
ea27e90c
f801d61b
ec32fa08
12093337
0b1bd6f0
1ce20a00
fefefed8
600de401
0b03f5ff
f134772f
3b101530
033a2500
0f1fe7f5
f7f6e110
e620e9e8
11feec01
36e22322
0e352619
f304552f
0af810f4
ff2cdd09
f8dbfc12
cd0d1bf5
0ad93211
f4f5f3f6
101ee404
eb1d3701
f206200a
260fe513
17c8e400
ce2df5e4
120af60b
0efdf727
033057d7
0b11d401
f307f41a
d601f320
f219a3e6
0ee9b0ed
e007f515
f11d28fc
ee1204db
1f1af9bb
e826f747
f406e521
01e61815
c4e5f095
1611ff03
06c7f8dc
f4190133
04f60cee
dd134716
0221091d
050616df
11e5ff1c
e3000c47
f81efed5
f5f22115
dbd23e68
18ed042b
301ec3f9
a126c4c0
035619e2
592509c0
1b601cea
e55bbd2e
13efd72a
ec0203f5
371807db
dde124ac
fb493233
2aedf229
11b70e2a
09b4c416
1b021fee
ef03a80c
d2050cca
18b7f01f
633af5ca
05ec09d2
0b330526
172af7fd
ee24f92b
19db13cb
f0b11d03
eb24e9d6
1b3117fe
22f13737
2e4a18fc
1316e904
28174efb
f2d2efee
1cedde18
a7d013dd
f8d6010d
1363f606
fd101ae7
efff01ec
06061314
23ea0203
27fe36e9
050af92b
46e12719
1908f8ec
1de4f0ec
09e0be1d
0616ede1
addff9f9
e5f4f6cf
f1d735e7
0235ebe7
f1dbfa09
1003193d
0c0dcda0
d5ca1f4d
3206f6ff
e2161223
0c11fde9
d4b738d9
0d01f91a
121635f1
fbf20f33
0904c818
f7bc213d
13f2e5e5
0c52e7db
0efaef07
e7391207
d9e7f6ca
11f94505
0b08412a
1b340cf5
51e5fa30
091505e8
f824d629
820ee8fa
0e08d6d0
0f35eb16
ed61e4de
d8f7c927
49eee815
0fa4ee7d
24e90707
bcebbfe7
23e40eee
034bba13
df260fff
002b2d27
fdd3dfc7
e7ddf6f6
4dcff30f
f70af419
0ec90e0a
0a2c3723
d8fa32f0
fa2f0621
e908f312
152916f7
d21cda0a
f90ef41c
f91cf0e6
f1edc7c4
10f12d35
f6021601
fc070d23
f2dd112d
e90525f1
c5030911
f7c6f3d5
ef4c4dcc
00a01adc
012fedfb
fae711b3
ef37c4dd
0df5ff13
f50ef81d
020a03f8
17f82112
03f5d9e5
00efeae8
cc07aff9
f6f2f5e8
ead30cf1
da1e0b25
16f2104b
0efbd5f6
ddca06d2
edd80a1b
110bea38
23360ffd
1c048f03
20f61042
ec1c2fff
1510c22a
f7f57fbb
e9e4dd08
f505031f
0fca310c
c00f0bf7
f1010d09
19fcc307
f5e8b7ee
0cffe62b
2162c9f0
1fd9f2eb
2e02c0f0
d3132502
f70f1524
f91603df
f3d9f4df
e904024b
31dd13dd
0505ed29
c2f241f4
05217f90
06f37f18
e510e69c
0351e257
0825e55e
e8f5e840
ea25f9c5
0d4cde9d
401c23b1
ec04ddcc
1ed81f2b
09fafa01
020ca211
0fd11308
edd72fc3
1f09f8e1
d720e351
0e109bfd
23f50208
f2b6c30a
0217d923
27e52125
4dfee406
0bdfe918
02fff6e8
047f06fe
202201f9
fcfe1bf6
f50e3a14
0c08f504
f901250f
e313f405
43ee2b1c
f4e50d17
efec030e
00d03c39
030fe9f1
1cf30aee
f2f3e8fb
0adc3a52
1dc0e1bc
5a05072f
f9da13d7
f2f51f25
e8970524
12d91bfa
e3fe120b
0ad4edcf
b31cc9e5
e1ffdbeb
dcff31f6
0dfafdc5
3b13d2e8
1ac633ec
03e60412
213bf506
f7df0bfc
f1090dd5
e8beb70d
c8fb16d8
fbff2e3d
12da1df6
181a122b
1d1edf10
cdc42036
def3e502
01a60e11
0ec2f452
22daf506
1400f615
122ad8c7
05f01b43
02f109e2
d722112a
dabbeed9
e051ed0b
fd2e530f
1225b9e1
37f6ebf5
030ac114
dbc31409
1af5ff07
1242eaf9
ff1beed2
359b36ea
e6d7e6ed
10f503dd
a8f84ac9
04da3812
0b03dd0e
142f05f8
eaefeec9
1d0023cb
210e1c30
10f2f9f2
0f45fa01
faf4044e
e21919d8
c6cbfcfc
e70bf2fc
0cfb2608
edd9e913
11072feb
e9d21a19
0706e7e3
fbfbc4f7
f83fed29
05ce09f8
f5ee0415
e714ebfd
f0061417
0edc0114
f60bf602
21f2e10b
f5e7283b
0ec31f0b
e10eeefe
ccd7fbfb
eede1020
08d6e90b
01f4253c
fce22e21
1c3dda11
0ae0ff04
c9161b48
11111afd
cbf50a06
06f92ced
5238d4de
1b09211a
f02511f7
0ae3d418
0a0dd8fb
fee5f91f
1503e411
190fe706
fc16071f
f80edd1d
ce2a1317
0001dcd0
071df82d
e4fc05fb
0917fbe9
1702de26
3318e00e
d2e512f9
12f5eafb
0be004fc
fdf3cc1a
fcf5e4ef
eb011def
f9f8d8cf
e80e2f03
ecff11c7
fef70221
01f912fa
e526c0fa
0d0a2904
030a0fcb
15c6e820
0009e42f
400422f5
0b05eb12
1b184dcd
eeb82818
d8e227db
1cfb18cb
0112ea2c
dc030d25
81fd1f09
112ae321
ffc38ff9
0de5103d
07f0cbda
d9f222df
e6371e1e
7f0ffc4e
2905f3c8
fc67ded5
ecf85700
f4d20900
ed06f4d3
40d8fb1e
c0d003c7
f6210cc6
14fcee16
1c36d10a
0bfa1610
1cee20ff
4042fd11
09fae5db
04c8cec2
b6110602
e4f52ae6
1d23b91f
f0ecee00
f62a051b
08fcd218
1e00da16
010b1012
ee04cfd2
291bdc21
12a62b37
f655c125
1628f9e6
d7befc16
eb1a25ee
f902dc06
dc1011ee
ea1407fe
e5e7201f
f619f701
0327350c
ec310c29
2bef1c0e
eb2c18ed
629ac50a
45f5d6fc
0e3a0eeb
fa18f303
da012b68
10f8fefe
f4df14ef
c5d12527
1ff61315
cee91d0c
da06d0e6
2402f0fd
03feecca
2fb80e05
0635f24d
eceff0f4
e0cee819
01dc15ef
28dd0828
f6102211
fce21be0
f8b537e0
02ead5de
0df2dbd9
04eb21dd
2517f1c7
0ef7c103
f1020eff
0212f2fc
22d50ced
d4123d08
db1f1b0f
2af824f5
35ffee0b
293aff18
040c17de
1dfde5f9
e6e5deef
f1e9e700
f1f821f0
07fa1124
f2f1e2f4
d8f629f7
1f102716
18e658bf
1ddbdff1
251ed720
06d1e329
e63cacac
2ef026c3
06d1e831
18b94252
0d4a0524
1922fccb
20e81220
eff3eac5
e91724fa
ef2c073b
fc16090d
ffe622fb
fe4c1415
f64af617
1003ed07
0154e8ed
44d5fe03
8d12f61c
e34500ef
f421b813
11bf0efc
1b321d00
e9220fdd
e211cae8
d3db15ee
f2b4e5d4
20f4e6fb
e9b6ebf5
e02001f6
1d0b19e0
41ddd7f3
f855101a
6f41f20b
f6feddba
cfcef8f9
060246ec
3cd8d3e5
e1f8c9f0
0dd112d6
02fdfc22
11e1cf1c
ec060c10
f1c6b2ee
fdc921e2
20311afb
2b1e071d
12eaedf1
dd386ef5
e3e725f1
0e1f06dd
fdb5070c
ed09df13
fbdfecf3
02f0f6e1
c1f31bf9
fcd521e9
dc1cca0b
bc12f1c1
eb2e010e
0b02fa18
3806b52c
1817dc27
24f3f3e6
06f75604
fb240232
2517f533
f1e4de27
eb2a4f9e
dd110b0f
061efdf7
e3e4e622
03113a05
17fb622e
fcf423ef
1df42edf
023b1be6
2221d30e
e7181cd9
e3be32e2
c7e2b19b
0aae46fd
f9faff0f
342eff02
ffd3f636
0bc337c3
e5ec22e2
e9f1100d
14e20231
c70bf406
f2fb0c09
eaf204ed
14481000
fef2e90c
12e126fa
1417d919
02f6fee0
e304fef0
06f100d7
fa1b0603
1903ec11
0702e502
e82824fb
171413e0
fb12111b
d8f9cd06
df00e8ef
dfe9ed00
f9238c05
eedd09ee
0f1e02ef
d5031d14
e2fef7e5
320de104
0410f2ee
c6344eed
f1dae9e5
1a3db50b
e8e51a11
14e00525
e9cb1dfb
d5172203
0ce3cad4
3cfcfbf6
0638fafb
0deda016
fd000208
d7fefc0c
2ffc1d3a
01091ccd
2000e314
f54c34d3
0408f4e4
e2eb1dcf
08b4f603
f9dff3b5
f724f5e5
2efd25fa
eefaf8e6
e3ed0c0e
f80305e7
fc21e722
d2f2e7e5
04e00812
ffe22539
0cdcbeef
2d1be5ee
fef80ddb
f5f4fbe8
ef2604f9
ba1b220d
15cfef01
f7e5333e
31e712dc
c8fa05c3
f3de2bd8
052e11f4
01f6fe02
eff0e8ef
1818e7e6
03ead125
01faf0f8
f303f532
0afcf52f
00c61239
fcd311dd
e8fcfa0a
18120a1b
fc2fecd8
4505c5d8
10083de8
f8e67f12
fd0947f2
e4cc9cdd
0026e232
f9100e01
21e2e423
f01819fc
0b00fbc4
1a15053b
fffbd2f1
face1114
1207d7f2
59d7e713
031b2506
0808f902
031b0fee
03f4fafb
14170307
f1e5f102
fbf10e01
fbf64a0d
11fe0a07
37ec10fa
050aac1e
9d1516fb
0d24540f
154de2b9
0618de10
31f9f51d
b2ccd323
25d6ee15
0922e440
141e12e0
04d5ffda
19001ddb
0af213e0
edfae819
ecd4c1e2
3c00edfa
d50ce035
d4cc1b0c
03da14ca
230328f4
de1cfffc
f9f5facb
fef0d9dd
cf393750
b406f204
2ab00211
f7d9f818
16b7f112
1e1b0016
de0e01e6
35df3ad2
3aeaf82d
040afcff
1de7ef28
113a0adf
dcfafcb8
f000f10a
20f6f6ff
c71d6720
4a0ff5ee
36f11896
ff2b16ea
10524f23
f3e8e9d9
2205ebb4
35e41b02
16dfeef7
eeb80212
000001d5
2a0ba8f2
f641033f
0a26d44e
36f93927
142cddd8
f12e3513
ea38d6fe
ef261eff
fbfed614
10e607d7
e41baf01
f33018df
50e5031f
03fbf7fb
cf2ddbc6
26feff05
ef0211ec
08f338d3
2601f8df
0bf3e2f7
edee1656
e811a6f2
b7ed43e2
d4ed2212
180afef8
f719d00b
12facbce
d7f2131b
d43008e3
17142b29
b5dd1df0
f8f831f4
1b34f7e3
fc199516
df13041b
040c0cf0
c91b14dd
2c21280b
fc2d3bd9
13f7fd2d
e1a6c20d
0124123c
1a3a0c21
f1ee5c0a
f00ad6f1
d8f1e0c2
0aefd10e
0275f208
d622f0ff
591a15e8
ff02e6dd
e2f3370f
eef043f7
1fe0ed08
c72adf0d
f101cf14
feba2de5
0e3fa50c
06541b00
ccf7e5fe
e6dc2a13
199adfca
080d00ec
02fffcdf
fd0ce5c5
f106c4f6
087ff8e4
082d0ff4
e2e74214
fcec1af0
c914c9fe
e203358e
ffe9f0e9
04ed1081
fd349ebf
bf10e7ca
d2c253f7
020957f0
e454004d
1607e82f
b5f0d2ef
0137e116
ea10ecfe
e9f2401c
0d21d3bf
0cfced09
0ce5300c
f61015ed
fa09fc13
fcb600e5
cef12de9
e2c2f817
0b00fef1
16923936
0b2edd18
f8effe3c
02fb3e2b
09fae436
081a17b7
f7fee413
2cf7cef8
eefcbbff
0e0c0cf6
d6cd32f0
0ffffa06
f236e9fc
ffff080c
fc170af0
ef2df3fa
23e8110e
283a00f9
20001611
dc1b322c
fc034f2a
e2e0281b
f6f316eb
f22ae82c
05bb02fe
09e9ee1c
febd0c00
2511123b
ec011ae4
011cebe2
f5282df2
f211ddf6
f2eeda09
05f8be01
09f8f2d7
e0c6d812
fcfd4d0e
13f9ebe8
f23908f4
11e6f92b
250af014
2f70120b
2504e8e2
000814e6
ff2424f6
1e07cd6e
15fbef30
dd1802af
fb1c240e
20de29fa
1bc9fe02
14f3f525
06ed0818
f708f11a
e5f40cef
34f57f15
06dd3319
06e0f2fa
12020bfd
ea14f3e9
0ae92200
09ae27f5
20dbbc16
2529f9ea
11de1b00
d9f4dce2
0fe925f8
c1f93900
1223e59f
db44ddf4
0529cfe1
19d1f215
a2e9f80e
f41624c3
fee36e18
fc2205e5
300b220f
0600ebeb
4240f9db
f5f7021f
18dd2bed
01f70a17
fcddf909
e3f919fb
0501fe8b
0a03f309
00fa0508
feff70f7
00150e12
17d61aea
6626efc9
9cb604e1
ca07141f
0310ee30
f4eaa505
0d2af525
31205ae4
1d31ed24
dcc3cc00
0e08ede4
f11c2ded
3701c532
c8e702e6
0409f1ff
ebfc47d7
f82210cb
1c1c0fff
0df64411
02ff0d00
f22b07e6
f108fe1f
e4e3fb1e
10cb0d09
c255dae4
e532fed4
4d200b23
2ce4061d
09cd1faa
e861320e
ed12fd22
2c192a51
ecfd1ae3
0af4fefe
e809f700
080be308
bb1003c5
2af1e313
fa09ff0e
0fff0a09
1209f2e4
03e1ebdb
f5e81a0a
fbfb1e06
fb0ee9d5
edec02fe
f7fbfd01
0f1ff50d
1047e708
2857fe3c
a9ce051b
0def2108
9af11a02
fcc415f0
f6e1fb34
0a05e8e5
23839ed3
d52f370f
ffd9146a
ef04b4f2
4200d4f3
e605ee18
072b01db
df3cde04
eae4b011
e5b2d5d8
f7ea12d5
18f4e514
13001546
13dfea0f
0ee10025
04edf1c6
f20af9ca
cd34f0f7
051c0d23
01f42902
0ee005c7
540a1e24
142826fa
0129e720
31d72112
06ee0824
ef021d1d
f90f2132
14f214fc
0aeeffd9
1d00f70d
eec603ed
fd0f17f7
c6260b2b
ed151217
0728cb15
e2f8fee5
0432e3eb
d9ff1116
fc050728
c7fe21fd
0fe8020c
1305fd10
11f2eb0a
04ea100b
102c1a04
011cfc1e
fb00ef17
2f0e2321
f9f52707
12d9ffff
1a18d010
3ff302e7
f2eee40e
f236f1cf
e056d15a
17c61041
f3e109f8
10dff925
03300a01
f3f10904
38cb190b
f5180314
d020e60f
5e0500f9
02633a0d
0e06fe82
f010250c
0d43c6fc
ff0fec2d
05ef0546
360b9cf9
cec5e731
43e5f15a
d519fee1
f6e90bee
0005d906
f313b0e0
1c23ee04
eff4e7fe
04ec4342
f916b3c8
03b50418
1fc3d1ff
3debf800
a8fee310
f2e9f982
00fde5fb
e825f5ce
ef20c1f8
3d2406f3
f6feee15
2609f7db
35222a16
fcfd1449
f60c12e5
f1f8f5f7
0aef1a00
ea09e8ee
0ae9e53c
0bf5e304
f51803f8
e6f3200a
e908180f
d5dd16d7
d8fefbcf
100002fd
ecdbfe0a
03f80dfa
f8e84df1
fde0fa0f
df0a4500
f409f40f
0412f6f6
e1f101f1
f70b0dce
f1fd002a
161d0412
16ff13f2
100cdde9
1cc7e7f9
2a06d2fa
f4030faa
fc19cb13
fafefcfa
1dc62be9
002003fb
f0e01003
34cb0ab1
e7c6202f
f0d10902
4e173fe5
0933e529
09fa16ed
f711fb36
f1e628b0
2610e9c4
e2ab161a
3204f8fc
1afe9c1e
0afe1820
f22f07f7
120beecc
d00b81d7
ee00ebfd
1716fbab
eb0dfbf0
e0ea2ae8
f7dde301
f6e9e9e9
0606ede1
ece2c3d0
e23bdf27
d6f0364d
e9f3ffcf
2b210804
09f7fef8
c30327eb
051af7f5
2c0c30fe
e44bead5
40e7d904
1b02fc06
20e20705
020c100e
01f90dfd
021800d7
06f92111
f6d8e6b2
01e810f1
c03216bd
3bfaeb00
fe1b08f0
d52fa927
050a052b
f3ddfad3
edb1a119
e4df6d21
591ae7b3
fb002f1c
e2c11603
fc81f7e2
eefb03e1
07f65a12
faef0c17
0b0af406
f4000008
16e8fdfa
05fc3834
0b1c2e07
0818fee4
f5ff0e0a
08040b00
fdf5ff0b
0e051504
01ff0278
10faf70c
fb05f002
7ffc500b
faf6f808
171d07de
d020a02d
5ae1fe21
d7275b05
e8230d0d
da590812
fd45eae6
e500fa0d
1d60f0f5
e700e6e2
db04ebad
d1d7a409
32001c05
5025f6ee
01c4fc28
350402f2
111ac7b3
f10f0c15
db02072c
1ff40ce2
ded5e198
3016e1d2
0302f615
1e11e9a2
020befc6
030af5e1
fb0dfb00
11031a1a
0812c311
00dbef08
f1fafc05
021af6f2
44e620d5
209d06ec
37d4fc2c
c01a68fd
db062926
daee20ff
ed0a0f20
2bf1eefb
f900f204
f00f0ffd
0b0300ea
f7fbe70e
fcf0f1fd
f803fef2
fff3fefd
07061e00
b3e4064e
18de1d15
01d7ed97
16dac913
5120f3d6
f823cee9
e5ff08de
2a13fc1d
e643e740
17dfdc1c
1c2607ec
f52b23ed
badd11e3
dbe9190f
15f9043c
02d41642
f018c2cb
15270a33
b1d0f613
412b220f
e138f7bd
0cb93204
0ceff516
2afa34ee
07f3f017
0cfef9ca
57ddfd37
f3dd16f2
d5111cfb
2c22dffc
19f11ef1
16dbd2e6
4d2301f4
040af50b
f0fed62d
0e0afffe
25f6fb1d
080cdafb
ddd7ebf0
de09a804
32cd2b13
5c0cfb14
6005f636
990bf416
c8b5ff49
6416fc29
fb7f03fd
4d1de249
ffde1a0e
fa170708
f40ff9ef
05000127
fff4f3ef
06e7f70f
0affe9fa
07f71c07
8924f8e6
fe4cdcd2
18def6d6
2bd2bbf7
ed13bde9
02fb1917
02e50408
10f7110a
d901cf2a
e8c2eff5
26ca0602
e411ccf8
2518f425
eae7c239
f724f7ee
e022cc4d
0e170edc
f8fc1103
0909adc7
e0f9fe0b
fff80def
e2fc19ea
2c083221
06ea0705
db28a834
f7cc41e6
0047fbf5
1de50a0e
fa0924e2
f7c5001b
17f2f5e7
ebfa1f16
a6d89cb9
1cfbf742
c8d9013e
34667b04
321af9fb
25d1fbe1
01d30909
f509f258
dd32f0cf
e9cbdd05
eb3c08eb
0206e1e9
cf0dd213
e62bebf7
02c206e3
d40ce712
e71d06fc
d032c611
fc081f17
1f1d0d00
1125ed3e
f6293834
07f4ee05
1026eae8
e411f10b
f7e9f7f0
0aff07ed
faefe110
fcfae818
d3f6f3f6
faebf50a
f60a0ffe
e735f815
fff006e2
dfdff406
f30df407
f81d17f5
28062126
f907f7e3
d61a0211
cae122a2
3a9ecfd9
160303e9
0a09aaf8
ced9ec04
1ace16fe
f93907ef
2207272d
c9ade004
f8353cd5
f4e70514
05f02920
fc12f3f9
192c160d
05fe00e5
f0f5060d
a619cd33
e6dd2713
d8e7d6c1
060f1001
fbf7e8cd
1505eefb
f93808e1
08e01c3c
fdea3102
0603ed06
e4ded8eb
e3fcf70a
fd0efce5
052f2107
0eef0106
fdfe0108
06fedb1e
20fbe33f
21f800f0
f9fad503
c4fda133
0a0b0914
0209fddb
0bfe1816
ddf91923
fe31f20c
36090216
0101e221
19efcc12
08070aff
f4020610
0a1904f8
1882d1f3
9232f715
f90cea16
f80a1f06
d833db08
f0ee1632
fc1a001e
0304f107
43b23527
07ab17dd
7d12f622
4e2d0af1
ffdcf11c
1b07d613
040007fa
e517e55b
b5fea7f8
0d280713
01fc0015
e13217fc
ee4f2e15
f2f9fa0e
0c3006bf
1900c41b
4f97e1cb
0df01034
eb0f071a
200600e9
e6de1cef
ed17fdfb
10e0fdfb
0f15e6dc
99c60ada
ec39e6db
57f5f90e
e5dd3107
fad4052a
3038f1ec
f213f82f
03e91681
f4263632
040f24da
e2040bb1
fd0332e6
04e8d92c
1d02e5eb
ccf8f8f1
21142d05
e904de33
be192800
3b16f0df
ece00aeb
ed24e603
2bf76ee1
fcf0f006
57dd121f
2fac354a
28f3df2f
f2d7ea12
da145013
ba033223
d9b8a7bb
1afb08dc
1e08e5ec
e1ea3afb
25b0ef0f
103307db
0aecf102
c916f0d4
dd56c3f2
05ffee0e
fa160813
db17dde3
e4482cf3
d42904da
e00538f4
fb18ee30
ffea0c02
06f901f6
06dbccf4
efdd0502
2bfc0aee
0505c80a
f7fe0ee7
fb06efde
f9f5edeb
fc011ae6
140f0e05
1607fbff
eddf120f
c44c00f2
fbe7f206
e0fecef9
ee2efed7
ff13f6eb
f4f55731
4f08f215
672af0ff
2f220a08
f21103f4
41e1ecd1
e7ece8d1
fbf30bfa
25103c25
4213dc10
25bfdc07
17120c38
1a16bff1
c2fed690
15ca40f8
eae9fac4
faed0e1e
08ffd8db
3ab70e12
e0e90dfa
07e9d6f5
e547f2c2
00f1bd0e
f7e6f636
2404f0fe
1008161c
f6ee1bf5
10f30d0c
1f10f812
15290510
01df1815
00fa00eb
b61d2849
02fe1a1b
01d91ece
0dc8f8d8
35fbd2e5
e5ebce10
0a2ae606
0cd2fee5
0c44e948
35020142
dcd1fe1d
ff2709fa
d319f2f9
01e6eb11
18dc1b0b
0033efbf
0d1ff7dc
3b12b952
fb250f12
d5e2fcea
fafcaff8
fa05ec1c
bc083020
03bd08f4
27ff1df1
e811230a
cc29fe0a
320ff812
ff06c6e6
f503f0f4
bed1f3e9
10f31002
d20fbd13
2038e9f1
e5050a00
23f424ff
fa04f1e5
22f42334
ee2b0304
f208f9de
f5ffe00f
ebfdf002
15cb9305
f8f2fee5
d022dcfa
dd0207fa
0f16cefe
ff11fb45
00f9eaff
0b5b17d3
ffcd1417
ccf9f422
cff1d8fe
031cdef9
0f0d170e
04f5fc1a
00f3dddd
2dfee2db
d108f1f5
12fd0a09
42072203
0606f8df
d1a8f7dd
fb09ebf0
1fe6d619
47e3e3f5
c71dc811
4011e50d
0bf4f323
26eaf616
fe19e4fb
eef9fddb
f4f63d02
0cfefec2
1f0f0b13
a3fef2ec
0213bdf6
050d091c
0aee01e3
14e209c6
cf37e70f
fcd7fef1
d049ef3f
c481f8f1
ca30cd0e
ce10f81c
00e8ddf7
0fd0ffa3
cbc6174f
f7f6e419
03d4c7e5
33fe04d1
0616ec0b
01241614
1611f005
fc03f3e6
f903c4e6
f3e8fbb2
c733a433
c450fc37
b30df2f8
e0e81454
d476a3f9
0c4af8c9
19c4f50f
dc3ce618
f505091c
d70aec0a
fe181232
fbebf4d9
ff00ee24
e31818ed
13e6f900
2ee00623
f51c1843
211df41b
290920f0
263e20ac
3afd6615
f6fb0928
00dcff67
fc0119f7
fae4f701
19050d05
0bfe08e8
ff0f1204
faf9f005
fd110717
f5e5d8fd
fd2826ce
193f1517
5afafc25
17ffdeea
3a0e3421
25ad0bfa
fcf81116
17f448b5
db10f1b6
d50b1cfd
283a0efa
fc18f4d5
09eacffb
b553040b
f80b0615
0c252205
22e820e9
1bd2dd23
5a110d2f
d71ff4f9
0bfe1ecc
e417c9e4
04f3162f
21f90ff1
e9fb3213
9be7ebf7
e0e7feed
fbcf55f9
1b0c00ff
10844d0d
0ce4f86d
9fdafdd9
d0c1001e
f12b2719
0df3120b
17f8b70c
ddf80800
e808fe0a
ffd4f5fe
0107ea06
fc5cbefb
4d210c1b
f11609c7
f41be803
f5f2060b
ee0732ef
0601fe54
05fcf22d
e3d3d903
2bc8bef7
05da15ea
f7001014
2705814e
18d7f518
fef3f80a
1813fd2f
35110a06
e30ddfe2
140d02d3
e2f70808
f34a0cee
ff410b42
fa230608
17f3e9f1
0008679e
c9f0ef13
a9c5fdc5
122c2902
01fefaf2
5f9054fe
fcc9f7d2
b6f7e04d
0a3c1df5
a80316c5
09330ae2
3eed38f3
19e0f9fa
0843010a
f8f9e9e1
d41c01e4
e59ae1df
1313f6db
f6fafa12
f2071f08
dae7ef44
24ea1400
f30dfcc1
1c111312
b721ea3b
42ca09f5
5d30f6ff
5b1b2106
f9dd05b8
c65f1e24
ef160d09
0bf7dbbb
012a251a
cde1d3df
f0000f17
ff24ef05
e4f7e9ed
e1a9f305
070ff1b9
eff800fb
e43c47f4
f4122707
fa09ffca
e4fde403
0bfae71c
d0d8d4d2
1200fdd2
fce1fbff
ff4e26d2
f50ffca9
1d0ff8fb
4f16e509
2df9241d
08444b02
082a0c05
ee062cd7
e6020f08
0db51bee
e2f31dfc
f6fdec16
e0170ad2
05d222eb
f7fafbf8
faf01c25
0b06cff2
13faeddc
16f8e2fa
f0fe0a01
0fffe70e
0f0d21fa
fdefef00
ff0d1709
cf0bfe23
1c1d54d4
d502f902
e3cd0c25
e2f109f8
460a0eeb
ffbb07e0
44e53bec
da5df13c
fadbf5e2
e9f5f9ff
31fdf114
19e02418
2f50e312
08cbff3d
de1a5bfb
1a02f6ea
fa1408f2
fcf60700
f9030101
0e07dfef
f3fbfcfb
f805f609
f70f05fc
17e6c412
ffe6061b
ff2ff3ce
eddd01e4
f9ebd60a
0c2e06fe
07b40200
eb2dd517
cf81e9c7
16bd4425
bcfefa02
ec152e01
f40ee1e0
01ff2ae7
f9df060b
13ecdee9
ecdee707
e51adfe1
27f7022b
fd1011e7
190bf412
90328d10
f32cf425
063eb007
e410e7dd
f213f4f5
bb1ff7e1
ebf8f2ff
f50600d6
f1e2f008
fc14ebf3
e0ee08ef
dad8cee8
ea3b4019
4ebefc10
c9393d01
e62fde01
c5e816c7
01ca07f8
10f3edf9
26a1f1f2
fe08ef34
05c2fce8
1f0828ea
211017dd
c2f1d1df
04f60ee4
d3e513fb
2366e7a0
270dfcf6
f00bfb2b
ea07e902
f71601eb
120de608
0109033a
14fdf913
113f14cb
d7092008
f927ddac
f7fcfcf1
1be73ef2
dc07bbe3
f7eb1309
19b00923
120df5d4
112ec8d0
bcd50b34
07f003f3
f8fbe059
df29d715
f91ff5fe
e23a17ff
fe0920e2
0f03f5bc
d2113ae9
f713fae6
1efbc1e1
0d1db8f8
06eb0bf3
f3f9d4e5
3a11053b
0cb20a06
51cdf3ff
b8ed3819
bde44831
09dae52a
e1f90af8
060823fb
51ded8f5
f7fb1d0f
fb33044c
d9020912
d00e1f18
28f600ce
e8e704e6
e424fce0
efdced2a
20e5fada
c60eff30
e6ecfbf8
3c09de0a
0a3c1ab6
fb120535
ddd03306
bff81e33
f9a836fc
ed13fd0f
f3170afe
d221c611
f0f6da0a
fae4f51a
2be902ba
053b32b4
1cbdf742
81ecfca2
aeebd2fe
0204dd41
cdcadc63
182a03ff
31fcd1ab
d211fc4d
ce2024f9
4e010318
2914d2d5
de33f315
d2e4ddcb
faf6fb08
ddeb13f1
f1e7f704
f81b201f
afee1014
29d7ed11
2b0d19ea
fb2e0df2
f9ea0615
1bffd91e
05340ef5
0a24ec42
1e37f5d3
08fd9dfc
27f200bf
15e7fbdf
0cc7020e
1cedda47
3d2103f3
eb10dd4e
e231020b
cb1d381d
344409f4
cf08fa10
cefd03ce
e71a9247
afbfe391
031141ff
d9f908f1
effbfbf6
c60d2edf
221bbaf4
1304f4b4
f723fee0
9347c4f8
061f4416
ced90af1
efe9a819
232bedee
ec5be115
00d801ec
cf050d03
d318eb21
efea3afc
dfd40215
11163627
f8feee15
650b4cee
0be61921
ede34ec1
fbfe1e13
eb4fd9c9
e2d6ebf0
d0fa65f9
e406e3d8
07feccc1
ff9bfed3
0d0821ea
0bfae7ff
07d0d20c
ebe1f5df
fe15f434
ede011f3
02fa0beb
d6dc0736
0d210b37
ac2232e7
ebd7001e
f623fd02
f31dfc00
1b05b531
df01d3d1
f6d3011d
e905bc0e
381ae83d
034e212a
cb2a00e1
231dfa00
d2fefc24
40fb274b
04180307
0f1bc322
2e21f440
eed5da15
0ddefbef
f017ed12
a8e1f9b3
ff27bb15
fc1b0202
07073b25
02e60df1
1933fbd6
15de011d
2109aaf2
00dcf7d7
f61a0f30
080c0a32
f831eef6
140cfa0e
eb01ec11
fa09f9f0
02d3aa0a
05e80e05
fd09f4f8
0a0a10fa
f1e8fbf7
15cb6307
2ef7e9d2
14fbef1e
05f8f2f0
fce8dfe5
2ffc2e0a
0101fde6
dce81bf7
1f27f6a6
f1fb07de
1de30210
dc072516
eaecb3cb
dac521f1
e71a05eb
f2180411
04dcf8b2
dee5c5d2
581ce500
fef9120e
06de4024
130a1204
e7ed03e8
d7e10522
3efcf415
322e22ec
da0b0aed
fe0b26fa
f41bddc0
04dadfdf
0ee40a16
69c30839
261d4e0b
c722221a
09f00101
1ff01ef6
f509307b
e2ece7da
02cc02d3
13e5fe29
2b3f432b
b42129fe
fed8f0f8
13e92eff
111b00fe
06f1e9f9
061200f9
3af73ecf
f91f2c04
0bd909f4
ec26fb0c
06d8f2fa
ef4025cc
f809f5f6
083315f5
3de0c2dc
1f10500a
2f0af40f
25e90940
f8220104
05fd1604
f5fa0909
0bf8ed08
f610d61d
f2b6f641
d9fd4b00
c6ecfdf5
da1eec1f
02e0e7e7
2fdc2cf8
fffc15c1
391068bf
e608effb
ec2f44f3
22dbfdfe
f9d032fd
3702142e
0419e7e7
f611e5ea
1acef802
e507ed39
2eed58ba
12f2fbfb
02fce612
7ff4e4e8
0703bfe3
f2fe0203
02fc0504
f4bdb047
e82b1acf
db3900fd
44194309
c233f0af
0eed574b
fd1317ab
cdfcde9a
edf108e6
fe48f212
52e7ffc5
39dcc803
1407150a
cb5c4c09
ee45fd1d
dc01f1de
003bfb2c
f2174016
1f06f6f5
43d3e108
f81ae60d
cfdbfd1e
fff8fefe
ddf9ec3f
1e2e2131
0340e61a
1dee01f1
fd02d3ff
19eaecd8
cb02fc07
f1fb1307
001adbfb
0eb40721
2b0bf4fe
2518ff34
ecfa2606
111ffdd6
4e2e0437
fd171028
031b5c33
f6f40707
eb14fef6
31ec15d9
00001ff0
0b10f8fe
1e0f0005
01dfe004
faef1eeb
e9d2cd29
f7c0c4da
9f3402e0
e4dbdd0e
fdf6face
0c025024
10f60b3e
12e0db02
19414f08
19521408
670713d8
05cf4af9
fae31790
ef00bae1
0d1014d7
f8ce1e93
e1e81ce4
ea1008e9
b9def6f7
faf8e9fd
e3eef6eb
340b0911
f3e8e70e
f12810fe
5ccc2fc8
1310fce6
d1260918
05de2003
f0e1e91a
35e1f31b
09fb09e3
02faacec
0704e024
ef0b311c
ca00e809
2412ce00
21e1f8fd
12e726e1
f522f905
1e18dd45
c703bdc2
e3f061d6
da260df2
06d92bd1
fee6e801
e832140f
04ea091c
ee20190f
1212ef0d
e9da0e2c
ca30fcc2
100f010f
2ef5dbef
c0faf9fd
fbe71bf6
0af61415
f3e8e4cc
00061a01
dffff803
f6f84503
c9fd131d
fc0d2435
ef1406f7
22f103df
f22d140b
db0e2e06
ea2613fb
030ef200
d1e2f30e
08dcf7ff
01fcf619
0ffd231a
04d741fa
0b3060c3
0641f322
ed09160d
e900070a
b13df511
0416fed5
ea0a0def
e1557f1f
fd05e821
100f2703
0dfae210
d2f71324
24c7f5d1
fb202a08
d308f203
12f9f9d4
fedae2fb
f504ee0c
fcfa02ef
0403e204
02ed0d1b
10fce915
f4cff312
ce0be413
2ce6e1fd
c9f50bfe
b11104f8
0406ea2c
d60c22ee
1810f10c
17ee1728
eb1ae036
d2dfefcd
16011d02
fafd490b
12f1e8cf
4f5cccf7
171e08ec
392a0bf6
faebebf4
fdfa09ea
fefb5804
f8f91e14
fa0d22ea
0e0610f9
f9fa20fc
fa52fdf6
f4422318
121effe6
4e10ee16
edd9ece4
41400a15
def3ee09
f7e1f313
f9f6eb38
06c20f35
b90025ef
0001ea11
22f420fd
a428ed1a
ba1cf910
112f0367
05f815f5
ec222af5
2307b3f8
06cb02f1
29f9d314
20f1ea47
292e2119
f8e4fcc2
27f547ca
eef8010a
e5e135f4
e7fb0503
fa002e04
080cf600
060317f3
fe0df9dc
11122c06
4b065c1b
cad22dcb
ef0204c0
111d3b05
15091012
f4dfd614
082005fa
23d7fbe4
282fefea
c9ef06da
393b03ed
ebe3d4f5
bf09bd2f
10d802e5
f318effe
0ff473f0
22f521f7
293c1dfc
dd2c03c0
e62bf800
e0eafc01
2ad2dde4
eed40924
ede8de0b
b6daf9d6
f2f202eb
0bed0b1e
0522eefe
f5ef2fea
198ae100
00050433
fd30da9f
1f1cf4d6
bedc08ed
03cd10f4
e3d9d40e
2902d335
fed5f402
0612ffdd
f811070a
3792d366
e1bc2e14
c222fcfa
ec4f1c05
4c27c713
dcbf3743
f7dffbd5
1cea49e7
01d0e10b
db0724e1
e72e0606
dfd40118
fb090fc9
d7020c06
fc02043f
d3e00d0f
f1e215d3
e738e7f1
f2ea0115
1e2224ee
2d16fffb
e801adba
0be612d5
11eec91d
8ce421f1
e30604ce
0816072c
20e0520e
fa2cfc0c
ddd5ce39
ea22ffed
3f1c152f
d60ae3e4
e5f82108
cf1feaea
12fbc8ff
2e0ad7e8
fff4eb07
0c00f8f1
e325f1e4
11cf001c
07fe4d37
06f6f517
00e6d0f2
0fd8ceb0
221be0fc
ffe4fee1
031ae2a6
5e9dea76
0d28f17f
c2fffa23
33b51d1d
39174726
c00710d4
dfef0bd7
09e923ef
af6a9933
0601feed
d1daf0f1
06fb9be1
0c222c62
a8ec1317
fbd2fc44
d9f93acc
d51d2e2e
0adbe213
d8bf0205
55f11c24
dcd1f7db
12c4ed08
fa40f7d5
57161b05
e30a19d3
20bde510
07fe0157
1ffc2205
dc193057
14f11333
fce315f4
19223b2b
bcfcfee9
de3b4cfd
27effa08
ad082205
e7ca45f2
e02ed7f2
f6020dd5
e6d94634
e7b3c2bf
1835e90e
d3fb02ed
f011b302
1427fd0e
bc0de9f9
f3f6ff06
34f6f114
d60710c1
39131928
f0fcf930
11eab6fb
1342250c
ebed0b1e
f2f3074e
e6d304d3
1b27e5f3
5ed4d610
d822060a
1bd3cbf9
c638eb4a
260b09f1
ed0d043f
d4fef016
2c03f850
fa44a7fd
211d0cd1
21120fff
17e6da25
bf3e0a1c
04b6050e
2bf0e94d
160ff704
030d5dfa
30fa120a
d4efb602
c9f6e9f7
2ef7b6db
0be20ac1
1e142645
f8100f3d
1ce01cfc
1f2c01ef
fcf31ded
0c16f120
02d3e6fd
06120906
fb0af83b
e20bfefa
050d09f5
0ced1b00
f7f3dfd8
0406ecf7
04fc0ef4
0d00fcf9
0812fc08
e43e31ff
15d5bae8
4831033a
111df205
17f8da5a
c935cb20
03f5fff2
34feded8
f9d6021e
c30fb827
0324e6e8
31f9e1e7
fc06ff43
e22214ce
fafef209
b7ef0d3a
030740fc
23e5f2c8
02cf081e
080cd518
ee0d1017
12ee2c18
09e9f8cd
1b262fff
c4cb25e5
9aeea5fc
cddeff0b
ec01df0e
24f5f59c
031a5121
f10108dc
e93b1ebc
d5e0f212
f1f71b11
0729f5f6
0009f7ea
1f05f7e8
0810f1fd
02030000
f9e309ed
fb040303
03001e0f
edf31515
0a0a1cf3
f5ff2cf7
000af9fc
0708ed0b
26d603f3
38fcf70f
1a011a12
09f8f028
ec032b81
0e000dd4
081b3517
3a03fd11
dd251c15
22a41de9
341617e3
ffe0dddd
14132d07
fbfb05e2
29fafaea
f7f409e4
dfd022e9
dbf9fbf8
1bee09fe
29d4c204
150a3002
050223fe
26f3020a
20fbeffb
e2d1de07
07e906ff
ed14f605
1f00c00d
0bffface
1afff3f6
0ef1f7fd
f90aeb11
f00a1f01
fafe05f2
1ee0ef02
eefffdf8
e2ff09fa
11ffe2f1
e302f1fb
defc06f5
f9070105
1405fb06
1105c8fe
ee07fbbf
f301d30f
f5f820ec
37fec406
f5edfc30
8104012d
c60b634f
322b38df
ee2700ca
09f4eb09
ca06bcc0
0dffc809
f8c502e2
fae1b6fb
233366fb
1eceffe9
3afa0210
24162e09
f90c2afc
38f8ff2a
fb0208ef
061014f3
370320f6
1ce29514
0f60f636
3b2435f9
bff10c28
b3bfa506
fed5ef00
ef27dd13
fe0742f9
2aeff110
d7d5fa49
d11bc2f9
b9d7fe10
13fdc526
f838fdf2
352c4617
22081808
00de06fb
18f2d525
0efd0c07
f8040eee
030e0908
0005d41b
08c72402
2f8cbee7
bf330af7
0cc10dc0
a6f24b03
1ffb1db9
45f807fd
f2031803
b6e82906
f3880028
bf05becf
fa06ec42
13f8ce0f
f00cce43
e1f61ef9
023b00f6
c53814ee
1fd407cd
ea174502
2de5ff16
06010220
f2191bd9
1fbd06e0
f5eefcd4
2909ebc8
3eca2f11
22e81adb
d8ec06fc
0e232900
e4fe03f8
e8d9e8f1
06f109f8
1d241ab4
bae7f3b9
1636c517
35d00304
14ce6703
28f22443
ec9fecec
f7210028
2ee4bc39
ee2d4be5
242a0d11
f09909fd
1bd12ff0
29ff1115
d101e1fa
fbf40301
21fb98ea
39023925
47d8a5cb
0ced0746
bf01aaf4
ac310e23
ec3ae908
000f0064
d0b40003
f32a1d1d
1cffd3ea
22310313
28f305fe
dff32d00
cb17cb17
0d0b1825
d4fa060c
f00f0b02
e56340e5
29e603d5
fc0b07e9
06e8bed1
f1f1e82c
ff1d01fc
26f12c28
f2fa0203
fcfc09fa
f50301f5
fdfdf9fd
0f01f3f5
04f20506
07ff3a02
021010f5
09fd0506
02f8fc04
faf635e1
f202fd38
0a02f7ff
f1eef508
22fa81f9
fcf11a00
fae4f5ef
0eddf902
06ef0d16
daf81ceb
180010ef
300bdbea
0a1703c8
ff03dcd0
0d3ee0c1
f6eedadc
e6f8f82a
06cfe9f4
fb17e125
fa02c0fe
f7a8fae9
dc08220c
08f4d5d3
fbceeafc
1d11fcb5
f5fd1a0e
f80b0214
c5cadafe
f0fff540
c2ed0835
eafafa00
0d0900ec
e0081df5
e9fbce37
f412e5f8
10090709
06f703f9
03010ce9
eb090510
0512f4f3
310d072b
18faef05
ef020f2e
1a2ff1f9
d908f417
ec12fe18
1f041614
1deee602
1b050408
f606cb02
57fd1b17
dcc34208
faf8f9ef
141a99db
f7fbfbfc
07f905f2
fe088104
fc01fcef
f503fd0b
0809fefb
1d05f5fe
097f01f8
00d325cb
0700ebf7
11defe0a
f2181005
f012fa00
018cb4e2
ef05fe07
d90e311e
e4eb1ced
18f3fede
15daee1d
f8fafd2e
161c393c
0d110403
cffd0322
f706d9ee
f70c46ec
1f652115
1a2a002c
ddca08fa
c224ee27
00021e0c
0c090aef
cbf6de28
885735b5
fad53717
502d0437
c7bd6e06
2781208b
0ec6535e
f0180721
faf2029c
e8dec3f8
27f6e6dd
0a260712
c5ee3509
e9ec0003
01e7bff8
0a3104f4
24082df1
2b023510
06124120
f1e3fa1e
db280df5
1134d1ee
55077f33
fc05080d
33f22019
125cff02
0ee8e6f0
ee060297
f524a302
470e0920
06e42507
f7270c14
07ee03b9
ac6718f6
45e725ed
f11a023f
fffe1102
fd2b06e4
b7241200
fb0be210
32c8e6b6
033bebee
33fcbaed
f8251108
011aed16
07fc0330
09421bed
fa01e418
d30bbe19
ce07e24f
e00316d4
e2f1fedb
ecdcd3fe
11241a19
f5d211ee
fcdd0811
f2efcdf6
181adc16
2635f803
0e001dc2
dbe8d909
e31aa3de
12cfc50d
f8eefb33
e8192c1f
20ba17e4
f527632b
e7f6e3cb
05c108f8
fcf524a2
34c3d3d6
f3d2f0f9
4dd747e9
e810b35a
05ee2ee9
07dbfbd4
ffecad1e
fbfc2c85
d1390f30
f793ffeb
f1f23530
0ee617d4
3d20e0ec
e712ff0c
e110ecf7
0c171bee
f014df2a
fd11f82d
d609fbec
5918141e
e2f415f4
db1707e4
e926fc12
22d314e2
d81a09f2
032cf0e3
41f5dee9
f424be49
d80be51e
04f2010f
f6374606
49fc143b
fca7c2ef
e80704dc
05ee2a4b
ec0dd84b
ed04e220
4302fcf2
05f6c113
dc1f3935
c3db0bbb
faf80f18
08f30bfa
2fdcfa5a
1402e845
40fb0dfe
1bf33ad1
06e51fd2
f2fa1814
0af70319
eb1cb4fb
d422e708
1e26090a
2d32ff39
f51e070d
fa07f6a3
0d3401ea
0efb00b8
f710e7e0
f9fc0c07
19f72000
11f31625
0ef8160a
1afafc03
080c1e22
1338e11f
e7170afc
10050529
fe070c47
f109fd2b
f8041621
d3dd13e4
f8f9040c
f80ffdf9
39f10522
ff21ded8
08ff39f1
c5dbeee8
4cf4fcfc
05f0322f
bef7b518
04ff0d0b
eee2f8ce
ddf31b09
cf00e9cf
38f004ec
effe3209
0c0238e8
2aff2a11
f60a00d9
27f2d2f2
c0e0ebb8
fd009521
ee6c03cb
280ec317
3bd409e5
c007e8ff
e7f900c1
b721e752
2e1ce5dd
e7bec7fd
3494ff3a
36ccabf5
1e60ca26
ea64fbcf
222debf0
0221c7e9
51adccdf
e1b4f2e5
20e0f2ee
14f21607
e3c749e8
22dce4e8
0d0ff79c
f727fe28
fdf3dd06
006714ea
d52201ec
38edeaee
1242d8d7
0ee5cd05
08effa29
f903fadc
deed1d15
2aee5537
3de905f6
01f0fcf7
b9fbd31f
eccbf200
fef8f1e1
ec1209fe
0e1e1820
1217e7bb
e6f1fa2c
f808f52c
e201e719
1103f706
e40b0bd8
f32efee0
fa2c1cdb
dddb2202
23062a27
10f9d6f0
f4e3f703
c6ef27db
ffe7fef1
001835e2
1aee0c40
fe0ce6e9
cff007e7
d4dc3216
dff125b3
1f28e1b2
fb3d00c3
d1f0c7d6
450ae6f4
0c50f611
f4eb0c13
0ed9250d
d2d5293a
f6e22e10
0207ecee
04f5f03c
f3fb0c09
04f6fc19
f4fc2cfa
e8f810ef
0bfb24f6
ff2cf4fc
e20507f6
0d0301f9
ebf84320
ef0ef7e4
07c1f3f4
d701fe14
00eb21db
c555ab1d
f30e11f1
e51eecd0
dffc4410
ff1ddb11
17f4ebef
f7f61110
140c09ed
f611c70d
1b08020a
290415df
3c2113e6
2bdfe534
d9d7da0e
0c2a39fd
b325071e
dce7180d
24dbf7e0
e942fbe3
1d050f01
220cfa08
12fbf7e8
00dd1a0d
202acef7
071edae8
02f312e1
fe2cee0b
f41ccedb
3fdbaff0
cd12fd0f
f700bb08
3113f410
01cadde7
10fe071c
fc4015a5
f1400ddc
f84e1f30
c948f4bb
083169fe
06e2f8d7
f095c3f5
f5e401f3
b7ecd01c
1d0ff5de
37d2c6fd
c22deef8
f8f518e8
ef3412ee
10e60604
dbe0050f
0d3ad7fd
4514f53c
07160f49
7cf90ce0
2601d5f2
c53b2c0b
174f1cf9
ff130408
e6deeef8
4c330ddd
14de451a
f32a0ef3
fee6fc09
320b2e14
e0e3e9ce
fd1fffde
5c1922ef
10d491f9
d324c22d
c23411dc
4b222b0b
04251eb0
e4f518df
00e808fc
194cda35
de05381c
0df61be8
c4040cd8
e00712ff
2bd4d6ca
1762d608
ff13efe3
14114fd6
4e97d5e7
f5d6c004
7bf10505
b9053e05
2bf707f6
9bd14108
f406162e
0b0ef31d
2de5ccc7
35115a0e
0ee0ee1c
22097914
2eea29c7
0a18eec0
eeba0f3c
f2e12853
e3e30954
004fb5fb
07e40109
c6d9e4fc
db022602
28590e19
13f8fbf3
b522e715
0c3234c8
f52fd1ef
26dbf41b
33e51d1f
f8f7fd1a
ed0f0805
01f304e1
fe1d2e15
0111e515
021903f5
02ef701f
050d2002
f7e9111c
301222f0
110401e4
070f2012
ce30dff7
e99705e3
17ce0216
f0f7da04
001d0430
1fdfe41f
fb0b081a
02e7b53a
e902ce20
f91be2eb
f61e0fc4
03fafed9
e7ea13a9
5cdcfaf2
e5fb03ec
25f6251a
d6072623
251030e1
0837effc
0a10fa17
47ef102b
54111115
f1ac17c6
0f1527c9
1afb160b
0a18f729
fcf6ff07
e502ebe1
f5001552
02de2b07
0d110912
0dd118e1
1d1c0d1d
f014f53c
c460fa2f
08e702fa
eb102d33
ed91a409
2aed0dea
f644f5eb
1a98ebae
13e5e302
12b5f360
c9f35f0e
0cf85f3d
eb6e18ef
080d00ee
36d4d2ee
371ddf36
fa9b080e
2b5a04c4
3e28f3f3
f3e216d0
de004116
111efdec
e206fa0c
1f3c0b11
3059e7f7
fff602ee
d101fb0b
f414ed27
e5b8f1ec
011cfe3d
1903374b
0cd43fd9
4acde1f8
ba20ff15
0531260a
04fd0b12
1dfb1e29
04df21fd
18f9fcdb
10fcf3ee
fd1402f7
f4f8e9fa
02f90121
f80ff9e1
e4f50bf5
150546ed
070bfef5
5d05c1f4
cab547d4
f00301da
efdef402
7edafb0c
f4c401fe
fd120801
0701f3fa
40ab12cb
30f94ef7
c11902fd
c7d92f12
d42df323
f8e810fd
ef110bb2
f9213ff2
ba2a1722
15bcf006
1fd40911
3e3f1cf1
34110d39
1dbc15f2
ff3b0907
141920e6
10d9f935
010ff6f1
11f4f8f1
0a1dff03
faec03f0
35483e25
0c0df12c
3efe2007
0663d82f
36750935
d663f406
127f30ff
d2f70dcd
93cd5fd1
0af8062f
c5e917af
5ed1cdd8
39e9dd14
23100709
03173e02
07c83e38
0920efdd
0def12d6
35fcd5da
ee3ad5d2
f629d8f3
00eb05df
12dce9f7
fe0c0a31
ddeb45db
fcd9fcf9
0df004ee
ec0c0df9
faff05fc
ecf5150e
f4ffe688
f7e4fafe
1006ff0c
47fceff7
09ea0406
d40bd12a
16061522
e8290821
9bebe808
1efd0509
26091c18
071604eb
03eb3ae8
f2073a0a
f80bea17
38fe0b00
011702f6
0ee4e526
e2090cc8
f7fa03d8
fbee17e5
0ff6337f
5ee72f07
01da077f
1c12eadf
dcd9cea1
cdee0ace
1632ebc2
04ffc30a
1d0ae3f3
ddd52516
ca07fff5
ff0e0c29
e44220fb
e5c12a03
d8061a61
ad25e411
05d1be1a
222af025
db2ef72e
e8d673f9
2ded10d2
2ae9c8f1
0af2f849
00e609f9
20ddf811
1cf11bf8
04190cd7
2ad9faed
f0012506
da20fb0d
f3ef0bd7
d704e260
4f98d243
d5d63913
02c304ec
5bcd0c0f
04e2f4af
050cdce9
fb12f54b
12ecc7f0
05f10bc6
def3fa1b
ead6face
d6fff6e2
1e23f2f3
10cceff1
f4edf61a
05eeda34
45003027
21a72651
c02c100e
281ad4fd
38e30fd1
e6fb01f9
f717e304
e701f420
fb411aea
2a31e8eb
e917f231
f610150e
cdd7033c
ee2d0c0a
f1210cf0
12e342eb
bc051526
2bce0bf5
091703ff
180bf3f9
fefc1102
2415d709
0bfbf016
121e18e8
3deac3eb
28f6f2f9
2a0cfd0b
2409baff
f0152a13
d8c60dfb
f3110221
1502fc31
e8d53d18
ffb7f4fd
15e2fbf3
fe0de2ec
7202ed55
f8e3fa13
fd21f1f6
fdf3c505
2ff6fc0b
8123ab0a
38e0fe18
0cfdf9f6
0934cebf
17c8f3bf
eeee02ed
e9fa0ddb
0b1b41dd
0f25e3e1
ee0ff815
f62ad603
fa1eec39
1a0b3de0
f9ccf12d
0702db07
0fe01c1c
1be969ed
ebe70414
13f53a15
8dd9043b
fcc7302e
f85f0344
d001ed16
ce2fbf54
930c0d1c
d6a6e90b
f619e5f9
fffa07c1
2df726e3
ee460ff1
ba1f1816
dbe1018f
0c42d6d4
51da0814
34eea7f3
fdb11333
e50f10f5
fbe3fc14
f5f1a8ee
32b4e9d4
0565092d
53bb1331
00e32919
eceded02
170bf51f
e20009aa
092b4dc2
0dd7e5c3
bcc981f5
001bf7fd
1afe1601
170c37ef
0fc82837
fafd04ff
121fe221
f82e1c57
e9f80911
cd3008de
06f9c0e9
37da13f6
0c0622fd
16d7ea0d
0a1a210e
fe641ae6
fce51bf4
ddfdf6fc
0bf85821
1402e9e4
25b59fc8
eef802dd
fd130ef5
fe112900
26e2fa05
dd070105
09f3d7fb
ffedd00e
df12fbf4
06f203ed
062efe07
ff02eb26
e832021f
08f70bea
eddac208
1a141b13
411a1d28
f10b2bac
292e0ad1
ecf539f0
36e604d8
da0afd1d
f2f70811
e21af0ff
1c0e3dfa
e722f454
f5074dd4
c1191adc
26dcf61a
e006fec0
02d21e09
e2daf4df
202fed09
e2fa05f8
1fd802ea
1dc2e5e6
e953e7f0
d841fdab
dff319e8
f7fe0a03
25d607e4
1105f929
fbeccc24
f018fd16
f9f1d6fe
2c21061b
37d0ff09
07f703f5
2b07e9e0
0722fd25
1a2cf5d2
022ace4c
44e7d5e8
beffee04
b51a0129
f0fd092b
ffc1ce26
eedbf84b
0a0c1b2f
e5ff0809
f608bd32
efd70532
5210bfed
09faabf9
02e74d26
0569ff3b
e1ede4c9
fd1edaf5
000ecce6
0910ffdf
fae4d0d1
ff0dfc1b
f444fb23
0cc1eef9
e126f00c
acc600c4
2be016f8
dffafe00
3b12e31b
dfe802dd
6ff2f00c
f10d004d
cb28fe19
1d4c1d33
d8ec10e4
0df1cd20
f71d0b67
07e40c00
0f1a3616
b6040b1c
21420ada
e412de3f
1002e701
45e311e8
37e726e2
04c642aa
2215e815
01200eef
fee92b35
d9302208
60f4d809
d30804bb
f101c9f8
25e3fb4e
02efee2b
18bbf6fe
18ec1d1f
e2182a17
02f30723
0e0802ee
ed0b16eb
daf039f5
d902ecf9
2bdcece8
fcd10229
e1c4ec30
18fccdf9
f8ee10eb
d1e5b8f0
080c0d35
4ce7e800
fbe9114a
02e0f698
b609d20c
cd2704f0
f1430309
030bf2f7
efd20697
54f001e8
ef00fce8
fa11d70d
9e233f47
c407ef1e
09b6f4e9
133c10ff
c1c22b1b
ecd1c002
ea1b0f2c
26f12113
05fdc59c
bccff22c
e51c0015
dbee1805
2cf61bc8
09dd2b05
012004f6
1fe6ef5d
d8230a14
fe3df8d3
1209f5e5
b52900e2
3cf20918
1b18db33
fe10f538
e80bd3eb
fcebeddc
312bf606
0bf4f206
230207fb
e502fd05
f90e2407
26210a26
fe13f519
1d30c4b7
0d00d9ec
18ec0728
17dfdf19
ef42ede6
f016211f
e3ed0ef4
ae1ebae5
dd1626f7
f73013dc
f8ea04c7
10ffd40b
3304ca32
360d5e15
0c02012d
c92b1212
2e553ff0
447201cb
d0c8fa1a
bafb32f6
30180608
ff1fe2fe
0917f11a
f3fbf617
6dc7f6b7
b7083fe6
c61d0aa6
1eec280b
41020e39
78172e04
0ff6f705
e634490a
81f6e9f1
17e5af0d
f100f501
ca0868f3
104ffdd5
20201be8
f20df44a
01dea8b0
2acaf94d
e1dd1003
30fd00f7
e829de07
03c31e06
a5fc00e7
0cdbf92f
e40c0c03
0a1f49eb
fed821c1
fe021821
ffe149fd
e41405fc
f45b51e0
f92107e1
0af3a416
12b60905
f3c3e8f7
421512e1
08031dff
3412f8e0
2df8151b
0006f840
0dcff820
260f3dc5
2bfc1f43
cce80435
fb1f07fc
d132c31f
26b0e581
070004ee
4be5ba9b
1d0bfeed
e90828ee
fce806ea
0cfcff0a
2aebe30b
261256f0
08c70f20
fa0116ef
f204f2e3
0f12ef09
260adf07
f2fc0d54
03130ce3
020c16fe
1203c6ef
00dbe60c
3e10023e
ffee11f5
08f7f431
1aceca16
26d0be1e
f8261641
fce2f2d4
111142e3
ff561702
0208deec
0e00f318
0cddea39
0bfef0fe
1534e022
f323dee4
101eb6f0
192407df
05fb0214
25201014
f01c3e15
e2dff111
e603efec
ee08f3f6
0413f9f5
f12e0d07
2bb62baf
dc1f0bcb
10e6ed07
31fb011f
81c8f1dc
f10ff806
35d3959f
3cb8fd48
bafb5225
b3c5df1f
0b1e2815
f3cee61d
0f0813f9
ed2d07d5
32e62dfe
e01300c3
0edc00dc
53ea0a3d
1306cd08
0ce92f02
deffff35
feff06f3
345e3423
7b2a3383
21f9dde0
ea22f52e
ffd6d609
e3131501
590bd8ee
00bb0945
4ae1e9d4
eb05f718
1c08eaf6
14240533
fef6efed
ebfd1a11
1b08120b
0001db1e
e303e4ec
c1c10806
2ab3845f
08ece938
3feba4f6
35d904df
541203ed
010de938
e21df1e7
1deeb9bf
f5dc1029
b5f213d5
0621ef10
efccdf81
19a49fc5
f1f0f417
c0dbe837
c742e310
d85edcf1
0af9ea0b
11162304
db111ca7
510b0e09
04f006c1
d8d4ee16
d7f726e1
4012f215
112ef9f3
fdec8100
f4f9ee0a
be2f2e41
1604f32c
ef00dfc8
ebfffb2f
fe021ff2
14e2f6ff
d80ebee8
e7f2ec1a
16161d01
f0050211
03d4cc07
61c1113d
f8dc0cb6
bdc4f6cb
23122102
282be6fc
125da812
f205f433
bae5c0bf
f247c3e4
f5fde6fa
12f416df
01f40d01
ccff1102
eddbe200
030609e5
f70323f4
1bbd36e3
dbd1ea28
420bfe24
102b2ce4
e4cd4701
fc522a0a
120501a4
d9e1d5d2
037de627
33d7f3e3
1bf003cf
813015d6
12facbd2
100714e4
00f2f7cd
6bf82727
34e5e515
032e472a
e319faf7
f4f10f1f
e6ede7c9
de01e61b
e90bebce
2df1f1ea
24d15132
f0124eec
c4411012
19f9cbf9
0da8a9e4
9e03b792
0104fffe
f2e736f6
ffcd099c
e716f4f6
21fd26fb
ccea3309
09231229
f8315f0e
f944002c
f405d715
b3a0ec00
0f04f2e4
1c0603f5
d624f5ec
f916053e
03cbb5f0
fdec0617
dff4b700
010103d6
d4ded912
e4fc3503
0406edc4
01f0dde7
d925e7e6
2020e5fd
0416e40a
1f40f42b
0806a0fd
d62114fa
f4f21600
09002244
15c323d1
0f02f166
eb0fd7e4
e1e4e9f3
efc612bb
e6f8fcd1
361017fc
df391ed0
1fc39106
f8080404
ee045dc5
d8d80b0a
fffb3b1c
eceafffb
e00913e9
0afe39f2
11111b13
1700d8f8
0fca11f9
ed36bc42
fe0ca10c
d0fdeee4
e205110b
4a1eeb38
d807b1d3
eae3007f
f30d00e6
ff11fc29
c87f13d7
ceedff26
e001e106
2434fb26
efd34812
09e8f9e3
110802dd
0df5fde4
1a24f110
0c020dfa
43f540a7
f5ee2508
1fe61ab9
08e6dd1f
eade1114
d90919ed
06d00efe
fe0907e0
d6722100
08061c0e
f707d604
8d140528
e5e50305
1824fedb
fee2f31b
ca0c30f2
f803c637
f1b6dfcf
4f0f9ea8
0af6ff41
f019c9a1
fefa07f2
0e11fff1
26153ecd
2cf7d820
0b21d708
14f7121c
ce39e4fd
f72151ce
0df9d913
01d926c4
16e0330c
c7170e27
dff31609
fbd01e19
0e0a0df7
20eeebe1
20f300e3
18f50af4
fbf72bd1
e309cf06
ce7f0dce
efeff7d0
211ac31e
e810ebe7
ee0804e9
07fbff2d
c70ea41a
faf81b0a
3f1208e4
18f02223
0804130c
11e6fa29
1ce1f00a
d4d33413
07260fcc
2408e5f2
19ed25fe
e8fdeb07
fa11fbe0
0011ee0e
04240011
12d30062
37e91e21
e8f82701
effa3510
25ed2aff
04562629
81d62c09
0e53eddb
10e7f704
091cdee2
0609f2df
daf82307
4ee2ebdc
ebead93c
1f2b81e0
f8f5ec2f
ddfc02de
cb1821f7
1af70805
e83bc622
e32222c9
f1e72d0d
1210d313
d2ce02d7
02f707e3
d404b71f
e016ff00
d9eb3016
1000d7f9
f5d401ea
fbece9f4
fb08deff
22010930
2912feb6
ecee0111
2fe8ed1e
240a0214
3c06d9b7
04d016f4
e40a1316
0507fff4
d8f0c8eb
0b0b1be0
18e8d9da
1afcf7e9
37e70ded
0cfe3fbd
26e30804
1bfbd717
fc17d3f0
e2f3131b
013ee5ff
1deaf2ee
1f37e619
fee7ed20
0bf802e7
0cce0efe
16fb12d0
2103d5f3
1a12f113
0ac6bd1b
1c3c4211
0325effc
edef0ad5
5621ff0a
f3f41be6
240318d7
fbd5c216
1ad484fa
11f2e132
160c2c06
0a21f4d4
9315fac8
ea40b6fd
ebfd0101
f8f62af4
ea24521e
d1263101
f63e4af9
e329fa2e
e820fa27
d7faf622
11f001bb
42f5253c
f0081509
112bffd4
ecbdf553
d9f0fec9
fd190cca
e7100f0e
110ce407
3bbd03fb
1750d124
031aec42
1912d224
e3f1fdd9
47ecf2d9
39db06ff
0f0c04f7
fae2b5ef
2ae5ae10
0aeee907
1920250d
f712251e
e6f91910
fefe194f
f92af9ff
fe04030b
e1d7e80d
090cd703
dd0ff90f
3deaf62e
f5eb04fe
2cef24db
ce061d14
1f070cfe
2827ebcc
020602f8
e732c02a
020400e0
1fe7ce07
36fd14db
4708e0e5
f615d608
fa1305e5
e3f5fd20
05f81ffb
e704fdef
090ce8fc
070a10f2
4df94503
18c70ed9
14c718e8
3a17fd0e
ffb3f324
ef29f9f2
0944022a
2d080dec
11011f2e
08d2b64f
d830c0f8
e63f132f
edfaccf2
1febfeff
164409e4
09f03cfc
1de8d605
f533d8f7
d02ec408
2d1609fb
0ff3e8e6
fa26f1ec
eaf8f71d
cce2dac7
14fb03e6
2c412d07
f47afbe7
ecebf3f9
00303d0b
20f107e8
04030c3d
fefdc4e5
15f60327
03f2fe1a
02f1f0c2
1329e30c
cae0220a
02e804e8
e7030503
12f70f03
ce001a16
09efe3dd
eb42271a
0bddccf1
18ecf4f0
0409efd6
0ef5fd18
e80de737
f3fb1a0d
cb09f149
0f00e5da
f2003ff1
13142bf7
c30607f0
4e171be3
f311fe35
16fc0711
0f28b2eb
34134c0d
0144f6fb
bfeaaebe
17e50acd
3516fbee
2206fe1f
f3011506
fbeffb48
070ce5ee
2ae1e408
fde307ef
fb0edefa
03fc150a
0203fe0b
0f220d00
faff0c03
0c070802
24f8f2f6
feff07fd
4bd5fd15
e0320309
12f9f009
02f41746
052ee819
db087518
29f41106
060e17e0
f4eb0dfc
da07f746
fdee0fe3
1100f1df
1644cc29
1850cf8d
250639e6
e5131406
31f1f4f5
c6d0ffe1
d7f9d8af
fe04071a
06e20819
3eed00e6
d4b00af6
071d171e
fd200a25
e23c3ffd
06fbe511
25001e0b
efce4307
fe18242d
02d6f304
e211230c
2a2d0bb2
fe09fb10
ecec28d2
45012108
f20e3fb9
f9eed5f2
211bea14
32b70ef8
00f20721
d5097fec
f60802e6
0909320a
0c22f229
261eecf8
e70bf904
f71ce519
b5541de3
1ef1f7e1
dfed0802
1b0630f0
33d0e2f2
faea3aea
323c4b03
fcf22169
e5d9f812
07d3fce3
ffff2735
e9f10622
311ae0f2
19333220
ee09edb3
f6c1df1a
df45feeb
1c1efa14
3d014cc0
1bf60c58
d9ddfbfb
0a1c1ff6
f9f8ee24
c8ecfd1c
c207fd25
11ee1100
1bed0bf7
33003e1d
07fc03a9
e8efed07
e4f30bef
fdc2f1ef
de172103
0d01ffae
2a122100
26f022ca
f9bb1bef
0d38df1e
1528abf7
edd5d92a
301110cb
f3cc230d
fbe2e4e3
e7fd111c
c23fddc4
24cbf7ef
111ce02d
6601e8b3
1f18fee6
370007fd
d12affe6
ddeafb1f
07091740
fa181301
070ff317
1700f12d
f8c00717
d3f107fa
1ce7133b
fef9de00
e00e0305
fad73ae6
e0de0407
e10af132
c302f814
df1b040d
0702020f
b3faeff5
e314f9d1
d5f4fdf0
e5dd10d6
f80e0101
29f9392e
1a07ce00
08fbeee7
e5131601
d803ff14
e0160e14
cc160709
1dfcecf5
9930f00a
1ce2f105
da0ea3f4
1bef28f9
e9e00a11
f6193425
edecb832
180f2521
16810013
2ee30163
f0d81fce
02fd0a0d
81ac18df
dd0a7228
0ff21b5b
cccd010f
18e8f904
e10316bc
fcfa5915
1a11eade
2510c6be
e30a0e40
df1fe5d6
ea03e808
f3dae239
0c2911ef
cd010244
bc08dc08
14f22612
f2d5effe
ede50b16
f33ceff6
d4f9fd02
f515f0f1
e9011600
42f029e9
02211afa
fc10fd08
222905ec
1dfe1308
fd0204d0
c4c3f6fd
f2f8d117
12f91117
23f9f4fd
fdd4fc16
f1fa1cfd
2206c854
cdfc132a
0eee1105
22f14902
e9fe0ef2
101d37d8
0c270931
14fef7bf
34d418da
1cd2f9d7
ec36f0f3
0c1fd6fc
31032301
eff00406
04eef3d8
1afd02e6
df0be247
d90d201c
0fd508c8
0ee6f2ea
2b061b37
0208eb27
20d1eabd
070a3427
0efca213
d106190e
24efe6f8
ece9d4e9
dcf3d9f7
23dd6c11
d8e1e928
fbd3f001
cee5000c
fa100400
760a08f1
09e11f92
6dff2f0e
03f8d2bc
2c1930e0
07fc3b06
15f4d109
fe1700fb
d10e340d
ed0e022b
3219b500
fbfde4d1
f5e40cec
14faf90f
1d06fe03
461a15f7
431403d3
0027fefd
3eec15e3
e3f89025
0e111c0f
18ba4716
c8aadddc
0e30fc38
0436fcf4
eadf56de
02f0f8f9
f60ad5d0
dff7ac61
eb060508
12d43ac4
0e200408
eaecef1d
edd717b9
1efc3416
d3ef1bbe
efae5019
15213c18
030dc9f8
d40efb14
49f4dff4
04f5f9fc
c0f7e324
e50cea02
023418d3
f501d1d3
ebde47d6
f708fbfe
fe7ff7f6
e9110439
13fce6e3
1f0972ce
1c263e0c
ef36ebe7
e9180ffe
b80e0a05
b40cff0f
e504f806
2514ef03
34e72500
e4e81211
0df7271f
0eddf0fb
162e0a09
f92e0238
c30b9e0e
fbf7ea19
d8ffb310
eda91801
e3ee3e32
3909f3b6
d31703f3
eff0f701
08b9645b
c7f82fe6
f4dc0121
3c3afb08
13e4112e
0ce4e5f4
eef2f413
dce9f4f4
27fc1529
03ff0908
26d9ffe6
e9c2e02d
0eea088d
25241114
f9f4040b
2a3af4e9
be15f6c5
e5fd0d03
044f072a
1ae9ffef
11e8fcd3
35d5f159
f51a31ff
c4ddd8fd
fc1509ff
0715e210
fbd619ec
2a1316f9
cef6d40c
fe15280f
e727082d
ca22fc42
dafddd14
0cf20efb
262f2d19
f9112711
0b173308
f8b9f25b
0b12ff01
0915261d
0c18b629
111bd532
eac8f82e
2cee673a
e15f1833
ff2a0fe6
02f6fff0
cfc424eb
26f8f4f5
1b034701
01e0eea9
f300010b
f0f6e8d2
24e9d7b0
c81b041d
26f704fc
f029c704
46ea1414
0c130cc9
e8307112
0903fd12
e4d52a20
db1df02f
c60c151e
00020628
fe0ff114
14f4f000
04f6374a
03fe29f3
072b3720
03ec0517
f8fff80b
ea3607ef
45fc1cdb
1100dffb
0df207f4
f1d8fdeb
e7fe4402
e8fdf524
171008d8
f5f003e2
23fac508
133428df
daf9ddce
07c92cfa
be4bcbdb
fdeefe12
2c1cedf8
e306ae0e
420524fe
26fcfbfa
eea84de4
fc021dda
df2a3744
fde301fd
3e05e1ed
f4df0829
eefeeaf8
12e4e1e0
1d0e0744
eafb0718
1403c804
e0f9ece1
1c2b29f1
f5fcd9d7
0a00141a
fadeccee
ec12d509
15fef0f1
eeead5e2
4ffa030b
33f2ec28
08f92d0c
faee1a0f
f9eb3617
f4d1eee5
10f91203
43e53bd0
1fa3060a
cc38f8e4
f8e5fb11
ff0fddef
0a1662bc
e9d3dd00
f6cafb1c
db0e6724
ec28ea1f
3bf2dad1
ddfcb326
38e60c39
eaf2ddf1
061e091f
e01af823
17f40a24
02e920db
e2e629cd
ff050d02
0803e608
fc2037ca
0bfe15d1
fdf7ff17
f71935d5
37de0fd1
f217ee05
f70bf4c4
d9ff4cff
e1060052
30fb0724
1010db16
e3fbfdf3
d509f60d
e315df2f
feff39d4
3df73dfa
422a1429
28f42b11
14121d0a
d6e73538
1dedf20c
04eb0603
e5c536e2
2e0103d2
09f22ce7
cd0404fa
31151113
cd3328e2
1b28f717
fcd6f6cd
b9ce04dc
08fb0ad8
fe023828
f2b3f7fb
10ce7ffa
c0e53a9e
dc091df9
ffebf60d
edfee49c
f00605f3
e40de3fc
35eafc12
223615dc
e9e1f20d
e80c0d0a
03e8defe
f62cbe00
38ffebb9
faa20d09
d4f82d30
1d372202
f8a914ff
20efffe5
1a004af1
f8f20529
ee0171ee
1c0dd705
f820eb06
f6090107
14ee10f1
29f906c0
1f06f0e8
ed22162d
ec0aff02
ec3fdd05
e5f532e1
ff05ef16
f90e17cf
cc1cf430
be5502e7
db0dd0fb
f30ef3e2
d03049fb
29a2b623
b905c3f1
2bf8ee1f
2d4f0000
f5f70e1a
1400e2eb
050de637
000a23c9
07f3c0cd
f9e93102
57044c19
cbfd00eb
0ecf0e17
2f03edf6
23fef50a
f3060713
d5f2c8a9
f417f0b9
d7e1bd40
0611fefc
f70bfff7
21e9ffe7
1df0291c
e307bbfe
06f211d8
1ffe09f3
1bdec928
8107f917
d5e8ff28
22ed0cd6
26021ae0
f7040619
d7f1c9d4
03523c28
eafafe21
b4b1fa0e
bf042ff3
08020d14
d90a9e2c
0a1c3bef
f80afb30
06f365fb
4b351e3c
fa27fbf9
b9fdf8e8
420a23db
f105021f
fa0de8e5
e30a18f8
efdf0f32
0801181c
d3b00c6c
5cd8057f
ea16b406
29f0247f
44fb3000
044b3b88
14008de4
11c2708d
f8fdea2e
d220f1dd
4b36e00a
dff8dcde
56f5d91b
c412da12
ecc4fff8
f32acbe7
23d813da
dfe901c7
e8fa21ec
1a06ffe0
ee0fef0e
0f2916d9
32fa1017
fadddc97
3a020d06
40d6f9eb
1db7d2d2
e703ffdc
db15fec1
ef24e90b
13ed06be
0bd93d09
cef4ec0a
f4100f0f
8d1913f5
0ff2331d
22e1f212
e350d33a
01fc2181
eff84836
0024fc1f
ffdc042c
e413fde7
3afcf9b8
12e40efb
e73a07fe
fcf91c11
1206bf19
e91a0121
1a1efada
15f0ea1a
1004e30a
df3a33d8
ef0b031c
fcdcf507
fd1f04fa
1207ec02
cb04100b
e81d1794
de0d04fb
f7efccf2
f937fa20
1801ebc1
04080211
21ca090a
11280af5
fbfc13e3
08f5e8f7
142503c6
0122fafb
080409df
f31403f4
41280edd
f5d90125
e2dc1510
e602013b
0d422fdd
eaf80bdc
3df2d13e
e7fdb30f
230b0306
261d0d26
24016edd
bc0ae600
c630ddec
fa08c6ea
0dc0f6ca
1b2ee9e7
0800f810
07021f00
fa0ef2e1
edf6ee0d
fe0509eb
fd03f11b
07030bf1
ed140106
cd0c0c29
0541f210
1b1bf42b
c005cbc2
24d44127
0ee5f822
f7f1fde0
1706f512
c0f808f4
fd09feff
ea04d008
2000111c
ffa63924
bacd20db
fd2ecbda
0300fe49
c6430427
11221a11
f909cc30
f313fad0
18dff0f8
c10ff301
feef0915
cc3ded53
d61a02ea
811ffee8
07fd05cc
f9ee5620
f9e0e81f
04fc29f4
f31afdc0
0803c908
dcfa0315
dc170c1c
f700140c
0507e948
17e4173f
ef31e9f9
01d8e31d
e8162c14
d4ef01f8
3efcc518
dee8001f
ecfbe20a
d8a75424
19f6d10f
05342a03
15c7ec19
070b04f9
fedffd20
3b05f3e5
0b001d21
e90123d6
1621dedd
ebcf2a3f
27181203
dbea1ca2
03bff2ee
b7f4f7de
0a0037fb
e30be517
ebc4f9c1
f2cc0a3f
34cbb40f
1dacf6d8
1a36fa0d
2e2c2adf
ed1008f0
f4d8e6fc
f73ad0e9
ededdae8
f94af429
1e2dddf3
9707072f
0efa1308
011819dc
1cd93330
29f6f102
fa330fc4
2ce5c451
efd318da
35d00820
11fc1dee
210a08f3
e705ddf1
0f22d30b
35afe4f8
3bd4d1ec
44e50af4
2c21fb17
fa1eed64
f70added
0b3b1217
ee20ff16
2ed8ebe8
31ffd928
f809f575
a94103c0
cd302535
fe11d9ab
13ffd41f
d3587c33
c934df0b
524d033c
000efb01
eae009eb
06e5e123
f1fcebdd
f8dc33d5
f727fcb6
e3ee0dcd
31e49fc9
fdcf0611
27e301f7
d8090f33
11f93309
f919324b
0df745db
0f1139e9
dc0cc912
ee03f70e
28220812
b241f21e
3cfaecdb
16d4e6f1
1bcac5ef
e5401a0b
0bf65dff
cf32fa0f
16ec0611
1615d90d
fefffe11
db35de30
23f0fede
f0cf24f6
1cfdc5f6
f8f701e3
f3ee0b0a
c311beef
14f310f6
17d4ede6
32d537da
f03dda01
ea12def0
c83003ea
0e1510b8
d118ce05
ee05f4e4
0ecb3ef1
0c5e5c4f
0117fa00
d4e32617
4aeffaeb
d4dcf804
16f3b0cf
f3f83ce8
31d90a35
15282c04
f3dd2dfe
3cfa1022
fe09fcc6
1ce903d8
380d0424
eb09f1ae
2804fcfc
f21724ee
19f922e4
e219e41e
3313ffee
0cde0ff6
14e2ef04
3211e3d5
ca4aee20
13fbe5d6
0ccbfeef
e6f9fc10
eed01800
401b0bd7
e1043d12
0803e737
0904fd20
e9a50413
114c2801
fcfd0202
efea0afc
0736fa1f
df0eb7cb
d6040efc
fc0de91e
1ce9d70b
26fdfcf5
f020ddfc
d9e90537
c7330741
16faeff0
d807f3c3
2ee56711
ffc6d82a
05ff24d0
3602bff2
b428060a
03f4f925
ea1f2706
14f811cf
fdf60df9
d6fffd1f
0aa50611
dbdf2217
fcda0703
1eaf132d
cfc407fb
fc01ffd5
f0dad9db
ce19120f
0a1028c8
1cf238c1
31f9fe08
38f1f80c
dcd317c4
ef14e70e
20041e09
272d02c4
f3ebe6cc
df1fd4dd
33eb07ed
14e6fed8
f2efef05
f90317eb
ef22e9e7
f31cf8d0
2b05e7f3
e4f943f6
0f29fdef
160bf936
e1e5eed9
eef804fe
1405e6f8
1512d90a
c420e3ec
e401eaca
dad105b6
ca110fa9
1cf7e1e2
ec082329
01bd15d1
4f51edd8
05ebf62b
fb24d901
4fab15e0
3b040801
07f9141d
d7fe13fd
f70e21d3
f603e21c
26f4f21a
10fb24b8
212df6bd
01f5f919
b6f70129
4b00011e
dfa60ee9
20534113
ee3c0900
10ca041c
e13819e7
ebeb0006
f501ebf2
0309f71e
fd30022c
01e94d0c
31ec51fc
01eae00e
25610df3
0f1a0ef3
0e21ee13
08f2eb15
e220d3f4
0b12c2e5
f9ff35f7
f5c0f90c
062c0852
260bfbdc
072408ff
1ffff3f2
0314221c
fef05d0f
e006c21a
4af4a2bc
fcf0ee0d
2015f6d0
e8f43a01
57efe701
f0c5e711
45c8061a
0134c713
31042f01
0d1a09fd
da2efcf8
ef12caf1
111416dd
3eeb1f54
152129fa
2d0bf7fd
1ef5430c
0816f8d8
11180748
ff22004c
14cf0e0f
009af3c1
fd28cb12
0f1832df
d0c8dff0
11dbf800
07ee0803
0ee7e8dd
020d9cdf
e906febc
13dfbeeb
d81bf003
f13b191e
c0d404f5
eb010127
d813c1cb
f405fd15
2808011c
03f7337f
eb0d4cf2
00f04d24
fe150006
f13dfcff
0d2510ec
e70aeb17
11e817c9
d1ac26f5
fd08e016
df00e80b
bdde12f8
2410fc17
43fdf3ea
daf9dcf6
19f809f4
d3fffa01
27b60fd8
21fc4218
33330903
02be1c0d
dae00b36
03081e34
06fda4e4
05f1dd10
e32c220b
2d0cd508
f0f1022c
1825f9cd
092600f8
bb0a4cf0
09ebfc24
0ce90413
181c6dbe
e922111e
1bfbf6e4
10213b11
2504e222
1001fef8
171cdde8
f6cf241a
df080ff3
0d062b20
eceb007f
34ce0536
0ebccae4
ecf50d03
ed072c05
eece41ff
fff01cdf
17ee9ab8
d7f4ed03
2f1302d9
9e0a0517
e7fdce11
f403f0da
ee242916
f17fb9eb
f6eaee3b
22c60bca
f1ee0af7
2dff201e
0ffcf1f4
093ded37
ea25e603
09b4f9c9
1bf9082f
eeaff838
e4e5f2d5
1a1d3219
eef400f6
32b10c17
dd54331e
e7071806
15cbe2ed
a41c1ae6
26a7fae4
e526bef8
510203ea
d72fb106
fbb1d5fc
1f2c1b12
02ee1ef9
0204f7fe
26e2fce9
2a08d2f9
db0f00f2
e0020427
0724093c
e0dff0bf
f30522e6
d6f20404
f3e6da0c
1e1c0815
2f18fe0a
f4143055
f71efaf2
ee231fec
fe264608
17dc12fb
e7e8faef
31f7bdf3
11fbf7dd
fe1d0503
3850f416
24f4fb2b
d2c9f5df
edf7e90f
d7f605e9
05f2dbf1
fdf5ef0f
16fee4e5
28e234e9
ebecf10b
eb11b4f3
55e003d0
f609fdf4
efc4f533
aef6f8dd
ebf4bfeb
2a59f7e3
f8e3094b
de010d7f
1c22f6ea
fa58ee20
23e9de34
e42108d4
f8fbe218
22d3faec
0bfafb1c
f6f8e6e8
05eef305
ec0150ec
00fa00f4
0cf4c801
03060524
eef90a07
b7010000
081d0802
411ded38
f7051202
0de80639
d9ffbae8
38eecbd3
0736fa0e
d3191acd
2505a8fe
60e3e3cb
11ff101a
1ee4fad7
d40f0cf1
1ebd22f7
c73216fb
daa4d3d6
ae4c0ff3
09f8dc0a
0718b701
0400010c
fc130c01
04030ae8
eaf8060c
3210f501
f9f7f501
08220421
3b15dc20
f901187f
f1ef0412
05cae3cb
e708163a
eb460ad6
05f3d3e4
d3a70dc4
f6130a2a
18ebe113
47f72cf6
1720db1a
010cf0d5
1ff39ad3
dceba3eb
ce0ffc1e
e61111fe
fef53437
f1fef5c9
330e0a28
f210c3f4
eadfea17
0130ce1b
fee0f8bf
c711f2fc
e500f158
46f42914
f80d33fe
2af2f5f0
fbb8f128
06f4e4fb
142ffe3a
f4f106ca
350915fa
1e00e7e1
f50c2333
03d427f9
091e080a
c8f301d5
761bf9de
c5f705f6
03e6202e
b6011002
d50c2de6
35c21f17
e0df0536
a60a051e
00080706
f3efe54d
fcefe8e4
cffe21f3
dee4f809
fca41451
020b140b
fbf1ff02
0423f9ae
08caff24
06f53103
d202fa38
dbebeeea
03e6c9f1
0becda28
d1e644eb
eae5f19a
dd53fb3c
e7281e0e
0103f1f3
ed010cf3
e91eddef
e721ef29
182720d1
3cf804d1
3708fdc1
08f6242e
21f9ec1f
1ff10720
1ce80ae2
f02d29d2
f4e71a2d
191f011c
02def950
4ffbe1b9
15ff22fb
fa004110
ded7f4f9
2d00b90c
0aed3423
ff31013f
f1defbce
d7e62b29
e10b16dd
20ecd8e2
f42f03f2
0a1b3212
0aeca941
1afeff31
fee30c33
2ae5ecf6
09051e30
f2300d09
0fde34e5
f3fc100e
f73b1bf2
fbda080f
bb231001
1b2bebfc
e0f5fbe1
14fd3e10
f315d202
f51deae7
eb310128
0b6707f1
fbfcf1fe
ffdde5e6
f703050e
0854f8f6
f111f40e
f121b3ec
e10de142
46c40d43
62c6f80c
fd7fea5d
7fee39ff
d7ee27d5
7fbfbaed
0bf4bec6
a381c61b
ecd5112a
b509ee03
e5e84d18
d30effe5
1bfde93a
fa0b29e9
1cf70231
cc13062b
e134fcec
b0e606e8
c2e4c0bf
1ff30c2c
faf6c9fe
3497edb5
08ebfa46
ea2dd4f9
24e1071c
ed02094f
03e71370
ab0de3ff
2a230b06
f9172eeb
f020c2f2
dc39ece7
eaf517ca
4600f1f3
04e2c710
baf037eb
d5310519
0c3c1e16
34ecc2f3
23ab5064
f9f8070a
21f809da
e9072101
05fcf633
1f041d12
44e753ad
0c401f36
d901710b
cfd60d0c
45dff5f3
fae8f215
240311d5
0f0ed5d3
c0204dc9
21d8eb14
0ac0f0ee
fdf50a49
d65c0eed
fe0e4619
e71df824
df241b17
c30016eb
1402e6e0
0628d627
c513f93f
e00b1bd8
faf95b45
230803dc
f4271dd8
f5b79c0a
ee2c03d5
1e0e8de5
ee27f6b9
b2c2f1de
c3efe3dd
e9011d12
e6ff0f08
1cefed01
0bc66e27
2316e2e5
90e103d7
2d051bfa
f5d32200
ee0909f5
f211e5f4
1ffc1bf8
c5f51d1f
e41cded9
df09e9fc
f9f302ed
03000401
0f08f222
f70e06f3
f6faf80e
d40a0306
e5fbf800
0aebfafa
fe1c0900
f1ed2b1d
b505dade
082315c1
fb5a1418
f7f8f906
192617a2
f7eb0a63
5f1800ec
eb0befd9
3af4f5b7
f5f6c6e8
dbf2d015
ea133609
0ddfa124
2be1f30b
172d17f7
faec14c4
8af6e801
15f5fa11
3af7b4f6
f3d50fef
191d16ca
182109bb
2e01ff0e
09e814aa
190f1e0d
2aea2733
0d1407b2
1dde12c4
f216f7fd
321207f3
43ec0b29
fb1e0e13
ef03de0c
fce41e09
09f121f3
0d06c7f1
02f2ef0e
130bdde3
03ded9fc
0913f9ff
e1f716fd
f201e939
ff0009d7
00f31208
de101608
00e8fa1d
f6c60e10
02090ee6
1001db0e
ef141830
edfde6fe
81fde719
101c19ec
f11f171f
e6260830
f9040120
d705e2fe
08f72c1e
271f1736
f1222708
01fb36dd
d5f215f4
e606ec16
e7e8f418
24dd160e
f611e7f4
1bd0df0e
f1ed0506
fae52023
14211a20
daf0fe19
1609f317
14cce4f7
f6fafcf5
f5e52228
c61c20f5
0309f216
fd1a0718
cf212b16
f7e6e8f9
280fde1e
ebe94119
f3112704
f4e4bffd
fe0f1329
0e1b06eb
d5150de3
aa0715ad
fd0509f9
0120dae1
f2b0decf
13cbe3de
3326b7f3
d4010c18
f1fafc46
fcebf129
2d024aca
f6dcf1e6
08e82713
13322aed
170eba51
2fe20500
27fbf9fd
19e918e0
e709befd
e10704e9
ccf2ff1f
08e40031
540a37e4
1ceb142d
fed501f3
11e647f0
fc0127f7
da2a0824
02f80415
5ce9d6da
10e960dc
49290dee
d2c1130e
20b51eee
f9140423
f527072c
2bec280e
0bd9b434
bb07e0f6
0911feec
d8fbe3f2
24f8f512
23c6fd15
1e17f00e
ea040706
05fa0b13
0a10f6f9
37f5f706
eb05fde8
25031913
e61dd323
ffec0b02
2bca3bf6
d3ea3d39
ee2b2ce5
2ed70641
1424080f
21ffd23a
0706f73e
ffd93bf2
f4edf922
def155ed
3125cc04
170b0bc2
2be5032f
0df6a906
33fe25f9
ed2c1c02
0321f6fb
53e7f30e
dcdc4f55
68f6fcfb
f0f8f81a
31f6ff2d
11042252
160bcc32
d033ba14
031829d5
01ec66ea
a20d03e7
fef6fe14
98f8de16
defde5c8
2fc003d5
ea23eaec
f8f70b07
0ae0dbca
1a0605df
0faf0333
490306ec
db0d0924
11fdfb03
1953fde7
16e6fa1a
b9c87502
1ff3f9c7
14cd0ae0
08f13b14
0311fb07
3a17d1d6
3e13b018
0ee7de00
fc3434c6
f803edfc
284de7f2
13f43534
d516e5d8
33e1d6b2
1bf4d70e
d9f0b201
f70eebe8
d2ecfdd9
e3f3fe2c
20f1181a
e402f308
07e9a4d8
1bfdf71b
e2f23010
110ef0ed
fcf514fe
06f8fefa
fb0afff2
f5400203
0209fd08
fdf7fb00
e00001fe
04fe040c
f802a608
f2f80903
ecf60017
f981d6f7
01041108
011cea07
5004f217
fa2b190d
291bea33
d8f4f5f9
eaf6f8c7
d810bf00
eedefd06
1bd322d1
03ecd90b
02240732
0ec40724
b454fffa
10d104fe
16ff09c9
124c3e31
eb10054f
ed070614
f70adffb
ffcb0002
2011fd1b
f029f5d2
34f529eb
f618eae0
050ee034
082b32e0
16f3e70e
00e2de02
e9040403
f1faf3f0
eb01080f
050ef1ed
0bf90dfb
2ff1f10f
1123ec0a
0cfafc18
1ae30d1c
f9fc2d1e
f90013f3
ef1df8f1
18fddef3
23fa03e4
e810f9ed
dfb6f9e8
0906fc83
fb06e229
dcf0ea1b
19eb0c06
f9ede8fa
e414f93d
13f6bb25
03017ffb
f306eb06
fdfd0c07
00b200fa
fa01fffa
faf903fd
c5f9f4f7
fb19fd01
db1bf8e2
e9dc171e
d91415c4
14ffda16
2218e7d4
2804ff10
e1e6e34f
23262ad4
04e514fe
31e02fe5
f2043920
cc06dbeb
14fdfbbe
11120aea
07dc03e1
ff0531ef
14b406f5
2619fafb
e70608c7
40fd1cd6
0dfafd0b
06fadde1
14e5fc25
ccd40ff7
06f400ae
4c2509c8
62ffb11a
defbf7c7
ed3f4bcb
19d1e706
eb45ce89
09ce02ea
d517ef1a
bc080322
0cf40cc6
000120d1
f2a2ffba
21271eca
e12f27fd
310eea08
3bfdf90b
e902f021
dcfdd4d9
b80ff7d7
b8f04b39
1895f11f
f5fefa24
1330e42f
ef0d04f6
19ec08ae
eefa2c04
d205bdb2
17ce0a10
dc812203
e6f0efa4
e320f014
093803f0
20eee9ff
42f30de2
1ddef60f
fd0deacd
f351180d
161fe9e1
13d7f123
30f5fd25
09fd0bc2
f2fa04cc
06fdf106
fc010502
0de1dc2f
2ee7d021
c32e1db3
f2d10908
10eef90b
e827d758
f30a00d5
0030eb22
0213d0f1
17fcec17
ebecfc50
e116f7e4
4a391811
e310102d
4706fff7
22ec100c
0fecfc0d
022a3902
f611220d
f00713b1
16dfef15
e107c2ff
09ecf7f8
d50c1ffc
08fc31fb
deffef39
dbd82da7
f02506fe
0bc1e640
f5fdf113
3105fe46
f51c08f0
c9d6bff7
2304f8da
04e02b0e
172203e8
ec1de327
fcf1100c
f102e50e
1104193a
f51a1224
fedce9e2
22190fff
ead2fc25
4cdafdbd
0ef03fa6
0ceff2e5
dd14e0f0
16e8eefd
0a1ee5fd
19df0ce0
a613fd2f
0cc70d35
e9321910
cb06e817
ca03e907
bd1c490d
f2081618
1e10e2ef
fa4002f7
d82aed30
ef39e80f
0a08f101
05b7ea04
f2dbf61f
22053339
09f602f0
2e11f6e3
1cd51f2e
d90df0ea
e70ae014
f1f3d1b3
f816f4eb
e615dd23
f6d73821
0e3c02da
09e117d2
350a0a76
f9f0fde2
0514fc06
0106ea35
e5ecb4e8
d4df502e
1a01e8e3
0fbffbfc
f306dabd
08f2bb09
fbebac24
e1cafcfb
fed1f023
0434c70d
161d10d0
25b30c17
edebebdc
e6f019d1
f8f1b5f2
48d406de
41f0f421
e3cec6e9
1ad40ffa
d60fe90b
fb2ceff1
d101200e
0f0eff2b
ed0d2ae1
14edccd9
11f4f5f4
f80400d3
3db213e7
f4e7e43f
3bf6092c
def0e6f0
d50713f6
09d80510
f4e1e6e6
11a90d25
db4e02f8
03e61cee
360500ef
e4db0316
fa10bdde
2423dc1e
2fd4040d
f20a020e
0f5c1205
150b06f9
fff6ca34
1af62d2b
0bddc1fd
f70d5741
f614fb02
350e0313
01e814ff
03d9a0f0
0bee0739
03cf0703
f5fdf935
05fb0c4c
1bf721de
cdc6fbfd
fffb0005
162721bb
39011bf4
2511de48
f6bd0d03
fa0d07fd
f04a0240
0613fb1c
041102e4
f6ed04ef
34fce6ec
e4e1bfc1
e7fe0105
08f60413
e0df0606
11fd0af0
edd9e8e4
d70016b9
11121de7
1a0ff0d6
13180323
2000dde9
d9320934
190fd7e1
1be42014
27fc011a
050be4f9
de4bc4fc
21e8d4fd
e1dcf115
06f3092b
f9680341
1de4f7fe
c10c12f1
04fd6169
11dcba02
c3f717df
21f8f600
dfebe9e5
4fe6fac2
eecf1edd
17de0113
15f72216
d822de06
1af5dd21
1be9f223
06fee639
0af1efe5
1312eb17
e8fbf6e3
fc2af8e7
00121d0d
ebf119f8
0feabf0e
040a0d19
17db07d2
d2fa04aa
bace0df8
191405c3
ff0bd402
d4faed03
06d7c3e0
e22b2d1e
0204ff13
3c19fffb
e108db27
cff00502
2203e710
10901730
ea592925
d21e3f0d
b42f0bd5
43aff3ff
da0d4301
e2e9ed11
1bf3f31e
1d3c190d
f2140400
eb1928ff
baf2062f
f91d052a
f3141a14
160afeda
14f74cdd
ea0940f7
f03ff531
1a222418
e0f6f2f6
c0dffbdc
b9f5f2ee
e401d203
fdd611fc
262d34fa
dd0c24c5
ef1afc14
e2070dc9
1ece0128
f5cff9fc
effdeb0b
0901ed34
fceeec35
0de7ecbd
e8d73beb
410d1bf5
21232320
f113ea10
ea21d8f8
11f3ff1c
c20e6afc
f12df6e2
200d0102
07eeff47
0afff6f0
2b154839
dff6f0f0
16e8b2a6
95ee0dbc
20c80b0f
f9831f29
06fd050d
0a180bb7
c32ef63b
fbf602f8
22f5c21d
0205fbe2
1d0f2932
0beef4d1
ec09f34b
f80ef905
c929bb16
f50bf7fb
24c8e906
e91c4318
f30602d7
023b0827
f021f8fd
c7d5fbd8
26f819c0
cd00fdce
23cb170f
0fb9d1b7
ebd11c0f
1f0e051e
21dd05da
da0ffefe
e60ef2e6
090d01fe
fdd813db
000217d0
f4f2f0d6
290506ca
cde6140a
d1fb082d
e0140be3
220900b0
0639351f
0807deea
1f014619
faed08eb
fedd05ce
d3bdf60e
0a1e3b8a
39092105
28110a1a
ebeed41f
28ddb3a3
3613cf4a
14dff7f4
e84f15fd
5d09145b
ba08ddd3
4cf206f9
22fe1a2f
b20f0314
e24d2a01
da03a824
22f6cd0a
1afbe330
dd220ffd
f8fa1605
2c012b08
fef02b1f
f12209de
dfe5060f
c90afc21
1a1df101
1cf5f910
eb203f14
2410d003
0d1e2009
2ce5632c
05310ad5
33081de1
e113e32c
2310ed3e
fedb5c00
ef1a2efd
f0f2270d
22d70af0
eb491216
0a0010d7
0f1628e6
be0ee9dd
f905d822
130d00d3
1d17d2ee
c715bb05
030dee00
0700dc02
db0e09eb
ef14ffe4
fe09c416
0ebd0c04
d21bff1d
112c23fa
312b00d7
ac26031c
151a00df
22fd1bfd
0affe40e
ebf707fe
1304d3e7
2c0010ab
45fc0516
24f10a21
00f6d3f9
f2f4e8ef
e425231c
19f310e3
37d60416
f7a4f228
0a2bf538
bf19f91a
2907d917
c2fdd326
ffed3db8
030bbfed
e6e5fe17
d20eead0
ec0aff06
bfff00f5
0e23fff5
09fc1c03
e905e0e8
ec1a371a
0b01f806
0c07c6f4
ec330722
09bdf91d
ffe127d3
fc0e2c0f
f30efefd
04cf33be
1cf615c3
090010f3
1df417ff
f414b4de
f9ecfc06
3339b524
13eaede5
d10dfefa
f7fb10fe
1105e0ff
e133f5ba
0f2df7e2
e833d81d
1f0fd9fe
2d213114
dbdacf52
f83616e1
2122c5dd
f80d0b2f
20120cd2
2fd6e902
2b094e11
2bed0228
fbd2e205
0d33103a
f2e6220f
4b06fe01
25d6f4b1
39e31afb
dc0f1ff7
03efc504
bf0b1d4f
06ea2e0f
1341f2b5
131900af
cccdde6a
7f10ffdf
e3ecea29
0f518128
f2ee3ce7
111236f3
ebf0a8e6
18e2fd11
c61802c9
a35946f1
05f817d0
e004c007
22985f28
e4ffd9f7
f6fb95c4
dde3f737
3ae2021f
ece40912
fbff1be2
e1dd1616
d4126ce5
00060701
e30fa915
08040106
dd38f331
2310000c
ef082b02
e5f22621
e248c5ea
110815ef
fe2bd8bb
0604c6f3
05e89ff5
08f2fef6
f4fa2011
fa08023d
fdfdf6f3
97e9f5fd
05560cf6
ec31fae5
4cc1f5fa
32f0022c
1606dacf
cf470812
f320bfda
13062359
13f1f7db
d6e7f9e2
27f1fdb8
1216fede
e7feeaec
100ce0c2
0af3b9f3
dfda0943
e0dff743
c52be53c
02e7eddf
28f60bdf
38facaf4
efeec3e0
2570fdf6
b831a100
2b1139ff
20201031
3335edfe
cf03f1ee
051110d6
f30b2f17
04fb1414
2cffccf3
deeafa1e
0f120329
f6ce063c
d1ebd828
0bffe704
da7f0b03
def2f957
ff22f6f7
de0111ef
aed003e4
c8c9cff9
3bff2b2b
061325d4
2eeddd0f
2413b704
2adeeafc
ffe574f3
2b050222
cbe0f8d1
f716d140
16010cdc
fe47d23c
0b1b8bcb
1f0e10ed
0b0171f7
0d160ef7
c89b10ce
15fa124a
faf327eb
fe00ecfe
e92c3220
f2ca27e9
00e723d7
e5e90106
54d50ad7
22d91c97
05ecd319
f20bd37f
1805e90e
4a1b100d
14ebe0ca
e4de1506
e7ee0b03
1bfa06d4
f7072608
0afa3d1b
2124ecf3
14f217fc
1accf9d7
e8f3f8d8
2a050431
0def0f2d
09f90421
e00102f0
021a0eda
fdd62906
f404eae2
11450321
b2090402
01dbff01
1a0215c5
e2b241d0
e61b03fb
f231ee01
5bf0e4ca
f0080441
d9fe0fd4
371e06ca
d9fcd8d5
27f42408
18e50902
f94308fa
0b0e1310
4a4b0425
ba0c04a3
01211a38
0f080717
efe73ad6
d739fa19
f7eb2500
3ae20512
e00103ea
b50810ca
37f42502
f3f90919
28dabeb6
f9dc061f
fa05f0c6
03eb2feb
f5070ced
ca37f2f4
3c0bd4ed
f8f939c4
ea27dc22
14062e11
4ff7fa4c
3aa60e18
e0e20abd
212807f4
0b19f71a
dc140705
2006f829
efe1edd7
f414303e
a1281907
f813f013
f1630af2
2be71d3e
09f70502
c5290efd
fd7af8f8
e040e0d8
11ef2b97
37e402cd
29e605f7
fcd8e4ee
0914f2fd
e30cfe03
3142fbcd
28d7d73c
e91318d9
31b313d2
c30a03f5
10e0f426
da0a0b08
07e3fc45
c9f9ac02
1e0cfff1
f4062ba9
3a32eb1d
100aff23
ebfefa12
c3f1c0f8
10bfbc38
08d4dde2
e50f30cb
c92fdd1c
010c0cfd
08f3f1f8
29ebe20a
f6f43cee
f3cf2318
ff26290c
2eeeecdf
febd3b25
e920fe13
ebe91d1f
0f041b26
f805fed4
13b20636
13efe905
00fef909
f90c0121
d53009ec
148f0408
de142a19
f0130102
344940fb
0ff530a2
111113b8
00f6d3ff
d50a011e
073411da
c31bf40b
e50ae122
17da2e11
fce7312e
db0dca00
f53aa9fc
3cd412fd
1ef3fa1e
07ef27fc
1d121afc
ea44abd4
e4220a21
2cf41a10
fbf4b644
35bcf603
2df4e9fb
1b06aec1
25e81917
c1fc00f7
242b17e7
ee011cf6
ffe6ff3c
2f29f725
e5eaf5e9
09edf546
0900bd15
e0081fe4
0e44fefb
05400914
130a01a8
ec081121
d8dd150e
0defea01
0812bdf7
f2ebbeff
1af420dd
0e0f01fc
fa51fa0e
e960f724
4e1313fa
15dc1f09
08109ed5
16f12aea
23cf2602
e5fef41e
c7eeaf1d
02ccee48
ad3de5f8
f2101e35
15feb837
130535e5
0b2d21fd
afe8d4ec
0545000b
e30d0a29
e6f8ec1a
ead0c103
0cff48f6
ef07e937
13208506
261c08ff
1d1f15d6
14103cd8
0bf3380b
35ffe906
e212c724
0228feeb
08e2dc05
52e4f626
f90adde8
08edff32
67c1f8fd
19fbeaeb
070f2016
bf1c0904
ededf208
12e1c8fc
140043f5
c1e0f6f6
d225f71b
24e833cb
17ef1df1
15f93dee
fde63ee1
001b1af0
46e4c116
fcffeec8
1cd1c900
fedb34ef
0ed10f16
0ef8ebf5
e7e8f4fd
1311fc04
21dabe1a
efccfd32
cd110b42
15150a37
c61dd62a
20db2cde
bc0353cf
fbf94734
f11e1a0b
f22e03d2
e118cae8
dbef0e2e
f70701e1
fa2afadc
010ffb12
1ad5d4ff
0c2fe5f4
1e051028
2ab7f51a
03193fed
d914120b
00f8ae2f
0d251303
fea72ccb
12fed7ed
ec320714
cef404f3
d3eac81b
e7f41f4c
d3321221
210f211d
0639181a
f8bc22d9
d2f4fc02
c2fbfd0a
0800e2f9
1609b4e1
312216ef
bfdfc0a6
d304ef2f
011e2818
302dfb0a
f5040c1c
f51fdb2b
00040c17
1aeff302
15ccf23a
e20a2f29
0e10e6fc
2fd50619
331efcde
07081a18
f20602fd
023919b4
d333d026
21d3d8c1
1de428c0
b5c7f4fc
383101c4
21377f44
c7ffe70b
ed2d1a3a
aafb232d
e410e9e7
1832e701
a716f317
e20f1f0e
e8eff7e1
f8fae0fd
b9e617d3
f11b3fef
d5022c33
184a323d
061ef3fd
0141f9d5
e51fd310
dcff0efb
e7602b5e
15d0b9e2
1ae7100a
1c0b4102
2a2c0213
1024fa13
11e4ee02
1d07d742
fdc81625
b0e31804
f51023bc
dd1f0f06
d002eb24
d6350229
fe07ac32
c3efd208
0419d216
1bd816e4
d2d9e0d7
382817cf
c4dcfafb
c2eefd27
08d349ea
f90e040b
f11df6fe
db48d920
1ff10de8
e5ce8408
0a26ebe4
e32c1000
0e0edf18
e9f2f707
f38abdfc
fbe91f1a
f72f13e0
fcf46312
0bcc05cc
c9eef22b
a21a1b36
21fae743
04243213
34e86728
19157812
e0dc3f14
09f30304
ff490eeb
0716f7e1
1d0cde48
10ec2835
fb31cdff
e6e11134
120f1f0d
eae9f601
00cc1cff
091314bd
c0b4420e
f8fd32c6
d0eaf5f5
4b260c21
ffe9ff08
f5fd0137
553a19f5
4f25f13d
c9fdc21a
fa12eff6
032abc18
e1db04f3
1551f01d
e5fd0105
c804d8e7
2a094036
e5df0dd7
0d13f5d4
f7fdc4dc
2404fe0c
0af8eff5
f922f920
eb04f513
03fb00b4
ca030b1b
f0ffe2e3
d100ee42
1bfb1ccc
ecfee7c9
1eed0347
d920fe15
fdf4e0e0
c5fc12af
ffdc08d9
de54fb4f
1d00fd1d
f1eadff0
33fa15b7
4509f944
e7f0c4c6
27090dfb
131cc646
2c1bd4ce
151cce0e
e71ac5f7
1e27f69c
41eb1102
1faf19a4
e2111a2a
dcf10acb
15e7d5d8
e90be509
2178ffcc
1d960cee
bb360cea
30fdf2d4
93ff1ded
1e175205
fbf12af9
19e6da35
2df4e5fd
390cf527
d2f2d90c
f501001f
2ff8eef8
0ae90ae7
07f4e41a
09e9c1f6
ea2523f8
c6000426
00fa0d03
ea072b25
07f3e721
dee3e3fb
32d01307
e146bebe
052af8e5
e720fff5
f211020b
d501e8d3
1dfbf51b
0f24f3cc
d8e2d91a
101421db
24e642f0
c60f08c7
090802fa
bc17170c
e8f7f520
ec3027d3
1011fc2b
f2d744f2
e8f8ebf6
fce5f6e6
db1afa1b
1319100b
0cf416f5
18fd10b9
ee3641fc
c3d0a510
05f8aaf4
dbfe00ff
e911d41f
f800e717
2ffe02f8
eb0537ef
f203e8f9
070bfbda
02f3200b
14500e23
e1ff062a
251fd8ee
14f92d1f
e2df2462
e2368111
13fa3e0d
e6fe30de
28c7f106
fd2507c9
fbec09ee
f2fc331e
ba36f5e8
2f02d314
10ecdd2a
0bf32215
33cdf910
3a19f7ed
21102910
c9fbeb1e
10e107b0
e2f1b94c
05f3abe6
dbe00ea0
f1e5f4cf
e03dfd26
e52eeaf1
df031dd8
d8161707
11e227fb
eb0a4ff1
1a220708
2f1c04ab
1af70d0c
f2fbaa2b
29f71af8
eb17fd08
db0d2916
1e22d309
0ff8f40b
d4e2f719
06ff011d
f0f12320
d918d8eb
f82a9618
4b28f418
ddeef835
fb34ee8e
3ee1e80f
be402110
f10add18
470cfadd
0024fb29
1de6e418
052fcf3b
12fbda02
f6e5f7fe
13ddf8f5
e826e817
0b108125
12e408e8
0ef559e6
e8fbc4f5
481ec0f9
0ef5c01d
c52620e7
f901e3ff
08fbe001
0d25120c
e319e709
d317e1ec
0e0c2a13
0518f9fc
ce14f7e6
2f0207e7
0405e9f7
20c64314
010d2cf4
3df30ac1
2209cd43
391b0905
d301f9e8
f90df8c2
4b09231c
ef3552e6
e55857bb
13f974c4
b903f64d
fe06f798
4aed4b16
fafdeb28
41d03edc
d5fa306a
dbc12ce4
04e6edeb
17df16e6
c1090c01
cc0f1ebe
09f0fc5d
d316c0c8
14351807
3ec0b837
0b2d1bd6
1f3a1366
c6fa01dd
33270723
00f540e4
e506e048
f8c1ce62
17cbcb0b
07fbe5af
d525f72f
26fee91c
cef6451d
1fdd2309
feea0419
ed23bde0
cffa2efa
f7e8f5ed
eafc0d1e
17170af6
fa10f60d
d40d21ef
1b091ddf
16e7f0dd
f55ffcd8
f9091902
0a09dc07
30030fec
d3e25c31
3ced1eca
05ecf61b
09ea121a
05e34206
39ee2840
3004e623
c5ee3875
3e0348cd
d8cffc06
f62606db
de06cf06
15eb2c0d
ca1e02fe
c50f00fb
03020f05
220bb72f
0be2f90f
e9e41535
0642ebdb
27111e1c
03dad0f4
32f40412
25191b6c
f0d8fe06
2c22d9f4
fde506bc
d9cf230e
3cf5c706
41fbb6f9
29c62636
bf0ff300
550609d5
09d7ec09
fb0000f7
03213ef1
f72c1afe
1be3deef
41cf0411
eb20cc16
fafd88d1
370b374c
e8fa1318
10063913
0c0127ed
f80a0f12
e01105fb
ff090405
bf11daec
ffd21de5
f66b0931
252117f4
12190d00
e0ecfd1a
fc25182a
eb0100f5
2023e838
0bfcc702
1543ffd6
0102dcff
58ffccff
2f18fe00
e781faae
0efbf60f
47dcced1
f714eb6a
fd2eef3e
1efcc204
1e072705
2a073b31
2001f6e3
f70714ef
dd1cc600
edfed827
f802ee21
ebf552f8
f324d4ec
0e0d0be9
db18f72c
edd924f1
0816dbef
cfe7f5bf
02d5f6ea
1908ffe0
e6f22bf7
f1f5ee04
0007ce14
1010cf40
f605ddf2
f748ea2c
0f1d33d4
171ce40e
1dd9d7e2
01272407
32f82af5
08d54c18
32d84206
e907f1f0
cff8fff5
bfeff1ff
ec0bddf8
17fff107
1810f609
36f8fcaf
cd271703
eee6dd11
eced0cf8
f6f7d31e
cacdf603
dffcfae9
201f3c1c
09b9f4fa
cb202cfd
b1d7fddb
f01d0809
e1e3020f
1d0a2600
dfefdffe
ce17def7
dd14f7fa
eead3f0b
47092413
04d8fc3a
192b1415
34d028f4
04e400f0
1f23a6ef
ce174613
b0e9dac7
dde2b11a
0729f3fb
13f408e4
0d38b3fc
ef1029c2
fcdd42f0
0ad6292c
232122ea
032cf508
07490119
c6f01306
07f51c10
f10b55f8
412abd00
e409241b
f0ee05d4
06f1e722
0921f52c
e7f432fe
08fdcaf7
050330e4
ef280bc4
d607380d
f9bd0612
0ce01c15
effdf3f8
fde401e4
efb5f711
16e12d0f
28fcf3d9
e729e9e7
dcf8affa
1f67fdf4
0303face
f505d419
34f1f007
2e01f7fb
080c46e7
e9b7f0f3
18194130
b0f9f305
12e5ffe4
0f0e3002
dd3cffea
04da1617
200d2708
dbf2ab17
f40cc0ec
57eefbfc
e80a0607
042601ca
1720f5ff
bbdf00f4
f3fa0415
43f2e81a
f4462be7
28c54100
0c180e00
320ad2e9
ce0ff302
f7cecd22
c7db111e
ebebdf25
f3010d26
eee107ed
fadcf519
d3c1e5f6
0f1ded00
11071cf6
41cfc100
f0e4c8ec
5a490ad3
d727f411
24ebfff8
0adc1019
1e161816
230b0a2a
00fac0e2
1ce015c7
1d3a0dec
100d20eb
17cc062c
1d06ebfe
f70908f0
0ff3020d
2cfde229
0d15fffe
433df720
070ae211
f415012e
32b2e901
d40513f8
00d40b1b
26fc1307
08c0f33a
f0223c28
d90a1a09
f51309fa
f0faf9f9
ef0a0ef6
f7da1112
370df2f7
ec0b0804
d02b34ff
ce404e04
f92cf802
f70903f7
fbf50d07
1ff293fd
ebfc1941
f6d205e6
0c0afc22
d7f80aef
ffcd0601
f5ab0eed
0f0b27f5
f8020020
f7011427
fe01f7fe
ff06fb0e
03fe0803
070481fc
f8fbf9d7
04db0b81
fd1909ef
0a0003ff
f9f4ec48
0b0d5aef
ffe7e7df
ff18028d
00dd1710
3b02140b
c3052f05
b5221026
0206f0e3
f8d3db1d
1f081e3a
e8c0f1fb
0202edfe
f11f1a15
c100fb04
162af53f
cfd90602
0913f48d
ec1e21f7
01210929
2ef32d0e
1e19e7ff
f6112538
e22a0a0d
d2100126
e4f7eaeb
6103fff1
050209f7
18391907
fde0d6fc
070dfa26
1912c71b
470efd0e
260fc011
e81be0d5
050f0c45
203216d8
36205afc
0e1dfccd
b70215e9
f6fe0302
0fe949f5
4de9ed2b
d219fd17
101eff19
0dfa15f4
ef7f2108
f9fe1bf8
fdb0c819
12483bf5
12f32cdf
0c010bf6
ed18d2ec
1aecad03
00dcb9d7
29ee47c8
1608d903
fe0cf2f0
09d61e13
fa2e00eb
1e3df7ec
b11df9f2
e62209e1
1009f037
f7f0fdf3
05fe3923
20026211
03cbf9f6
3ef949f4
ee0cf2fd
11d3c557
f41df5fd
0d949afd
1b0f3100
382343fb
e211e8ff
ee08e9dd
3440f2ec
1c04f9dd
d4090f26
1a08f9b1
09d5d8c3
ecf9fc0a
deeb1328
05f4fde9
2714f41f
dbf536fc
0007e8f2
ec1c0fa6
1000e426
140022b0
f9e3fcda
06023f01
15f533ff
f7fadded
2915f726
05d92c03
2331e519
5deb02fb
d71df1f2
20341605
f3d5d109
062323b1
07f30109
301aee27
2430fdf7
f4120403
f6e5f943
e2070d08
18fcd101
36f847d3
1e0c9505
d5fd2df4
f804d233
300e12e1
03ff09b2
d70be41a
25ea1804
26efe8df
1307ffe0
e70cfdf8
0be7c8f6
41d81521
05f6b23b
2316ffda
1ffdf50f
eb0ae601
fefbed14
1504e0e6
3cf265fc
3a012539
1000fe05
e9092312
42d732fa
f3e909ed
fae1fcee
fc19fc1c
76c02122
0af913bb
f75a0028
3afefedc
13222ffb
6dfeffee
9ad5aa01
e61def31
f8ceeb1d
e4340bd6
fb1505d8
ef47ebf9
181909f5
43f521d8
7f0336e1
f80e1cd9
0ff569f3
1de3b32a
e2ea082c
fbf22d13
07070502
07f01f1a
e1e1faf4
10c6ff09
00eb160a
d7f91e28
e90009d3
0718dffa
d3e0f7f5
fdf6f3e2
14f832e8
ec230cfd
21e5db04
d6f0f306
f3bf0241
ea11fd17
26ed160c
fc002d29
f90d220f
0b36da10
1dc4390c
db081815
f70c0e09
261322eb
4b2a13f0
0602e00a
3421070f
e0ccf4e0
09dbeae2
ea58ef16
02c7fdf3
d101190a
bce2f2f7
0e0e3afc
06d714f4
020c0de4
1851bad3
fa001066
0e2ffae2
f536c2e9
f6ecf30f
09ffc3e5
d9201dfb
fe000c03
24ff270b
ff0bddf7
1c10ea04
0b0401e0
fee3280e
dbe1e3ca
f110a70f
11475202
28f12013
23fe4031
072bfbfc
efc83bf8
0a1e0909
fef00d0b
f702d51f
040df40a
2308f102
8402f9eb
781700e9
00160b02
dfbac4fa
f90e1be5
fbf61109
4a3ad9ed
201a0ded
130107e7
02230008
14fbc4c2
131512fb
26dc2a04
e1cbcf35
2a000bb3
e2cad2e8
dcd30cfc
0100fa07
efece006
101df2fe
f02f98ce
d724e2e8
0cf5b3e9
8ae33425
0837c5f9
0ab70821
ee1e0af4
48071afd
06f8ecca
a5f73802
37e0bb03
0824ebdf
1914fced
1215fed8
230607ff
e722e302
05f70ffe
f4f6ea11
faf616b1
20fce419
cf1212bc
f21909ca
fc202d07
33da6609
592008ea
34120907
ded627d9
3debe0d9
0bfd0ef2
06171d26
071eebee
00f3fc29
f10cffdd
2c050007
35f9edf8
133621cc
f65a2157
fd21fb07
15cde6ff
080bfb1d
3003ead4
dafeef08
110dd133
19102df0
01de33c6
0ae9e7e8
1b0a0ced
dd101e02
d1ecece6
e12420d4
1a3ffa96
813d1407
14f80057
e0bbfee3
d9f32411
ec05e1fb
d21ee2f1
f60a23be
ddcec311
33d7e929
f924e726
0b450830
1518c0e1
e91901f9
35ea13f8
cb0dd612
39fc07fc
db2bd501
1a294017
1eebf806
e8fae409
06f22521
f9fb01e8
0505310a
0e19050f
f5cab1cf
1ca3e1f3
074e0221
302c02e1
fc05d6fa
11fb10de
f4ff20c5
fb2617ec
c0fc00ec
29111e00
030304f0
32ddf60f
c7df3df9
ddfd0314
0b013218
4bad20bd
f55126f9
227f0d05
fa300c02
f02eeb02
d52808fc
f7f7011b
131339e5
51a305d9
4307f5ef
2d41e652
0bef14f3
1719c3f9
c41301f2
18edf5f1
14101fde
1ad80e07
cc1e1004
07fef3d0
0c1ffcfb
0a1bf12c
e8ef00fd
fe22f4fa
a70b27ef
1df5fcc4
00f328fc
2220e229
fe0b01f0
0ff90b04
bf10f3f9
dceffefa
52d7d9f8
09640ddb
f1bdf4d4
20c72af1
05040444
07180728
b70ad307
e70e3108
eede4cd8
1b0afe32
dc600526
e51e152d
fb00fc22
0e0cd218
d7f0a1ff
fa0927fc
152a3add
f2fcdfde
ed120421
de0006c1
ff1df9f1
ed0e110b
301ed7fa
09fe1ae1
060f19f9
06fdc5db
05dee20c
c6f9c912
0cef2306
13f4f20a
2930f6f0
16e7f526
0dfbdb15
051a3113
e0d812ee
00f50bff
03090309
f30adade
e21ad706
00fcb107
2e26f113
fb1cec0a
030115cd
041a240d
0345f411
e634050e
0df3120c
0a2026ed
eeeaabfc
3cbbeefb
de1ef91d
35132601
fe1709da
2400f5ed
17fa1610
29ef0e03
ac27ff10
f80cfb21
f106c80c
d314f3f1
d9d2fef5
f6f8d900
4fd5df1c
18f307e7
f21e2313
e8f9f717
d3c8d610
18e5fc05
04d0f113
f0bcfaff
f414cff9
33f5f9da
2ce1f014
14ac0dc0
0b2abaec
2618ffe5
19f0f1e0
1c2bccf7
1005a1fd
d4ebf8eb
1ce041f2
05dfd9f6
ef284429
0e0ef9dd
dbebf50d
d9fe31ff
f726e216
f023c006
371ad6e7
4240f61a
e1e7de04
b1c5f022
020703a1
03ffd2f1
05f1f2f6
58fc06e1
cce8ed0c
f9f32b08
23ec1edb
ac16e316
f605f2eb
ff2ce7cc
0fe0f40b
23011eff
ff0ee5e3
f317d7bc
e9fadccd
04109c11
151d0e20
091cacde
ddf513fa
19ed10d4
c2d9d2e4
03feb40b
e503fb2e
20ef12fe
2bea06e1
edf3f9df
c91df700
0146ce0d
f015d6f9
030103eb
4d132efe
e3db0506
f6090334
2d04f5fd
bafffff6
0425e636
04d11d0d
95fdf81a
0dfdda08
23bc0fe3
093b061d
251d0bf7
d80bef04
01fe50ef
10111ee5
0deb1619
abeee5c4
fff256be
f42df8bc
05f42ce7
0c102df7
fb0af9e4
b6fb17fd
06eb1b59
64461806
290ae4f7
032fffe6
df03f1fc
b8031f01
e5dc7ff8
b9fe03e9
f7c6fdf6
bbf61840
c52d3ae7
cf4a0cb8
0624c602
dd18cdef
edfe18fa
29d807dd
2819d809
ebe6a419
0fe7ed11
03eefb10
223edb08
26140f00
dafda507
f20d101a
241e57e1
0c030216
3e14e8e6
fa26fbe9
e8f3221b
1edcbbfc
13f42417
16ef2029
2728b7d6
1dddcff8
44f7f1f3
080cfdf5
bff1fc0a
0bfcde07
f4e5d9e9
e7021aec
0c2effc4
e8ab9017
19ffbbbb
09e00e11
f2f3f5d8
5a08d4f4
e7e52c25
3b04dfef
0afce7f9
4810e2f8
dc05dcf8
ef1400c3
23030411
e01be719
0d10fa12
46c68c17
4be1eef2
2610c835
68022fc9
0f0a06ff
efd50ef7
4f1c0605
ffddebf8
eee4ff13
c9ce24fc
1e0ee51c
ffdafc01
fbcf0e47
f81fd2ee
82f67dff
ff2af7f9
e9138ef8
22e11ff7
d7071ed6
c303f4fd
e81a07ee
fb08efeb
c80e2b01
121d031e
0fd20815
f8df0228
13080f24
e6210e14
fdd7f423
f03ee8ef
f606f8f4
1af6b2fc
13e700fd
f8eb02ef
1e2488dc
b9f1def9
f8bcee27
decf0604
3aef0d04
da110719
66d9ff3b
f2ee0522
000fca04
d4221ce8
f8f3f303
02dcf8f9
fcfd0309
ebe503dd
f5fb03fb
fbe5c620
eb00fe35
e4caf01a
6a16f321
e81527fe
fb011138
db0d2b08
08f9080a
08cfafea
f21439da
120af0ea
f4c9fbe0
efcffe0e
ff0031fe
05ecf826
0bedafea
e7ebedf9
26b8e4f4
1115d905
ff04f513
e5f40e1a
cbf2320b
e6fee010
d4240642
f400eafd
08fff7f4
eb0ceeff
59ed050e
050d0c07
1be714fb
1afb1117
08fdeafc
f2173b15
ce1c0711
31e7e5e6
09effee0
f9bd350a
c80eb200
1afc12d0
0b0304df
ea227f1f
b90969f9
0b01b6f5
1d23fee3
f712fbf3
2c01e101
d8f622ee
a9d9cd01
c4e20a9e
dcf10405
eab5ec23
102a0fd8
f7f1eb26
dbf00408
13d90ad6
b5e94004
20ef1624
1b11d202
5bf811f1
e9050219
ffeee7f7
e001e809
020bf6f7
fc05f0d6
093af7e0
f11b592a
251781c4
fce2ff28
0fea370b
2cf31e03
7fe3ba0d
e10c1922
33f32b29
32f63c2a
d8f248cc
fe25fe17
1befc7f6
39201cfa
e6fbd1cb
f8f77f20
f54cec59
2604c9f0
d1da0649
f3d108d0
d9d4f4fe
25f0bffb
17fc0933
00e5b2e8
3606c014
582eeaee
26f0112f
e91dfe15
f0ecebbc
0a0e1a0c
fbf4e619
f6de13ff
10d622eb
59c2f7fe
05ef05fb
21d503c8
e4024422
12fd250b
ea053133
fc01eaf6
d4fe19fb
18e8a411
0b2cfde3
352d1835
062807f0
f50ae1e4
d7fcf6d5
3803df02
3e0af82f
51e1da01
030152bc
e8c6070c
e0042df2
0afbde08
15153d52
e62e29ee
03e003b6
c6b7503d
e61aecd7
f3b412f8
01e72501
36dc31f3
18122415
980b0959
06114c4d
8d81e1a9
fbeee76a
0126fceb
534dc524
e1c88107
d31128e9
4d336df1
0a021422
cbad61dc
0b02c507
130cff17
fa0943e7
d4184f0c
fede34df
fbfdbf08
ce182100
431a01e4
beb6e5e5
0803f1d7
1f0d130f
37fafbff
e706264b
3be4f4d3
26d9e8e9
020d4fff
0f3b45fa
fa6d07fa
253acdf7
20253518
0bfe01fc
1bea10f6
0fd804e1
faec32fb
3e01ea24
064b0506
31f8b7f9
c5dd49f9
1de731e3
4fe800c8
dfd8fafe
ce13f000
af31ea3a
f11cf818
182bfd03
d1feed01
ca20faf6
fad13828
c7fdc44e
be1f01da
171cd430
01fd1500
f016d5f3
fce2c80a
f1f6e3fd
e70a0b16
d213e228
e3d24e24
200949e5
f2c301e3
fa302c07
11221e00
03ebc000
afbdcfef
df12fcc0
f3ece538
1cb0bbcd
11d0f4f5
011e070f
37030f06
fd1c1eed
36e4ebc5
2018fff6
04f6fa11
e0ddfefe
fbbbe23b
170407e8
1cf8f9f8
05ef1a0b
0719f92a
3af3fbdc
dae03311
3c14f54f
fbc204c0
20d0fd0e
bd053bf4
4ee9f5fe
cbf8190f
08f6f7f1
db100df1
152916e1
f5e910ee
1e16f009
079402fe
e5110e41
210bd811
f2792a11
05feff08
ddd427fe
f205f9f3
0d26eaf9
dc1ed60c
1c0436d6
1df20724
1dd821e1
bac711ee
eafeab35
f71efe4f
f73ccbf4
b12ff6fa
31081bfc
f6e0cac4
fcf315d2
fccef2e9
f0b2e05f
e711fc1a
ffcd0dfa
c4ec3cfd
f5fdebf8
2be110f0
0008f0eb
eed90525
e12ae2bc
dfcaf60b
d2d51e26
04fb55f6
e1f30df7
2fedddc6
fee4e1ef
46d4fcdd
e9f419f4
f12dfb0b
ebcf19f1
fa17b6f3
f20acf18
f521f63e
1cd5423c
140ed305
0cd10635
07210105
25f21aff
7f00d60f
ec16e8d5
18f201eb
f5181da5
242cdc21
00000732
f5ff0cec
15187f04
55dd2ffc
10fcd600
eb3ff3f5
ed3fb2ad
ec28f25d
beec491e
0bf6fc06
c0861df1
1b08271c
e1e40543
d718e541
15eed8e3
052f051c
2de0f40a
fd2b010d
3d02ebe6
432213ee
dedfdb03
011f030c
d0d51817
17240026
14f4f3a2
f6da0b2f
faf5aef6
e009c900
e90fe91a
03e94c07
4efdec2c
cae3b7f0
0912fa1c
07e3001d
031dc2e0
e52edef1
3febe8f0
020c4c08
c9b4d229
d7fb23d9
e20e2ad6
f4f4011e
ff14ccfe
d308d9f4
0cf82f09
1ccddcf5
ee2e0808
1a0f1ccd
c71bf0c2
ee40ff59
fce10703
89f5e403
03ec3af0
beec26af
fd0830a6
bc0c32e7
57d7fce9
191bf905
180411e8
0fe80df7
e5f1f81e
bcee0805
20f8d1d4
05170014
1ad8f497
f9190df6
fb15ecee
ff03e006
57010de5
13f937f4
0cca0feb
da16c2fd
44ec0d18
fe05fdf9
24ccbc25
f8b7d50d
f914c508
07e522e9
000fc90c
fc0343fc
33eb02d5
10c3fe12
eafb0fe8
07f5f6f7
04071429
e00828fb
0ce1dad8
0d36381d
aaedf40b
021f0231
edcd2000
1befee19
220101ec
0b06d22b
0e15d419
ef04c9fc
d516faee
ecd4fd08
18fc07e6
1b14ecf9
090f3d08
12122ee5
07101d17
fc07cd11
25fcbcfa
ec2307fd
1830c215
01e6b8f0
053416f8
1bfed60a
c4fff17f
fb2e1106
daf612d7
0620f3f1
f22fcc08
e0fb3008
dee807e7
e91f38f0
02e9dc1c
30f7372b
1af3cef0
3adf1f07
080d2813
1d1c20f3
00d0de10
dc0d25ea
3417e1ee
b9d9a0ab
11d133e1
f340f5e4
0dfdebfb
121ff7fe
cff03515
3218e02d
20e8074d
c80841d5
0cfe2723
fef9fb13
3abbf5e7
e51049fc
15171807
c2cf0309
2411febb
f3ebed2f
3f051e1d
121b0e15
ec0b1704
c6f71819
13e8e4d9
0d0b1521
b30709f7
a58adce4
f713f001
0debfa3c
11dcf3f3
fef9c8f7
f321f8d6
fcc90afb
e5cf08c3
c029d0f9
f203b22b
092dfdfa
041bb5ff
19fabc07
30ee0000
f012ea33
e84204a9
61edde1b
f6d6f0e6
f1510bc9
d1fe0e0c
9114f7ed
2cf6eb05
c2e719c8
f80f2e00
09ffeebe
b909432c
d305f3e5
2433d6ea
f5c5effe
1d16d315
0ef7ea0a
fa10b919
eff9ebfb
fff33926
feca0103
e9cc20d2
01383f04
10e11bf7
deff0510
071b07e6
f21a02d3
e3f3d825
0de309f5
10161f0f
2115fbf6
00e11700
edf9bf11
c05720e0
37e40119
fe03f1fa
00f6fbf5
e40d2efc
f2104204
f4f7bad3
05f5fcfc
d3602312
2cc3faf4
f3e90a11
022e211f
1e4f22f2
c0b8b1eb
b23114d6
1c160cf3
f4072dff
faff17f8
d60afa12
d600ed13
f2f6fa1d
1137e203
08b414fc
0c0df5fc
1a11ff19
b3eeba17
7ff7bbee
05f6fdbb
f528fc0f
ec03f6fa
1cfbdfbd
d90bc342
f1fa04d6
fb4a5b15
d5321a1a
e292f719
c5e12f29
6fe50bed
e20ae71b
0814fd4a
020ae5fd
f2fd0501
41051411
07f53808
01e61228
05d00ba6
061ef407
f6010d00
05c8bc25
e4e0eb23
0a3324f8
ffd408fd
f405f1e4
e4f6161a
f8281bf2
20dc1402
37c102f7
e13fe104
f253f8ad
fe22fa0e
094b06f3
d91235f1
c1f8e3f6
f232e12f
ca42330f
2e323bd4
2df40611
0004ff30
30f41919
42ccfb07
1a03ec0d
4c040438
fa2a30ff
de26bd0f
0f13fa0e
14160417
17dad309
02fe3003
08f80259
e71308de
0f172c45
fdf0d7f1
f9fdd803
0a41f731
e6e9f8f8
e306d8f7
0e170727
123ae722
161fdf25
13f6b01e
00edd7f7
122310c3
0d242efa
f8074206
2bf22201
cb11d838
e4e9dec3
1cf8f10c
18ce0b3a
f6000cdf
1e2a08eb
e0ff0701
eeeb06f7
e91d0319
ab36ec3b
48f65f40
ec14daf4
ff51ff45
d10641ed
241725ff
fc2bf0f3
fff9cbdd
fb0c1902
f7f81b16
0615bf3c
f7e9f924
ef0a1a10
12e4e7fe
e9fc11fa
2bfd08b5
03360c01
0824e01b
f5030fc0
07d60946
2dffcbf0
12e909fd
250afd11
8f33f613
17e0f90f
9d19a707
dd04f204
ff0bffe8
fa26f1f4
1911e7f8
07ec0ae2
16ebd3ec
f327d405
f1fe0fe0
211320fc
10f002ea
fb15dcee
8b081af4
18ea0e01
2afa3414
04fb1159
1d34f2ed
11313044
fb4415ff
07f0ee08
05c8fc02
38fb1ff8
c0f105c0
c92ae91a
12eb03f9
2300e9f8
09d1fb10
e7111b2b
1ff8dc02
fa140305
cf172608
c7ea2f0d
eec7fbbd
dcf608ba
011bfcfe
1102c9f9
0dfefe02
ec09f6dc
b41624e4
3a0bf21c
0bf34403
fb33c9b4
fe9008b4
7fc318cd
361a00f6
a3ee8f81
15dda88c
b1f521be
5fe2bfc7
c3e4e8fd
f8ea02f8
e1170611
f60b1818
101a001a
53bdc2c0
20a2014d
264defd7
b0400629
08e1f8d3
4d181a04
08c92e0f
2a07f52f
b31514f6
303729cc
380b5305
fc2e1129
f637f91a
e8d7070b
31dc4602
151ae608
e5e2f7f9
23fae40e
d429c615
95f8c3fc
ea120b24
0a140fda
302f1ff1
e6f4c7e6
f4e00c29
0f01d437
10cfc018
eb09c1dd
e94e0e10
00ddffe8
38fa29f8
f1ffee10
d1c85103
08f2ed47
eff9d1f8
f71cc301
0ef50bf7
0929ecf6
e301fcff
f6182108
26f8e6ff
0836e4ce
d1e5dffc
20ec092d
faed0e25
f6db3c16
e205ef02
dae01032
fa1524dc
0e11caf3
0211efd6
341f0029
f150fffd
134a0209
fe0709fd
f5073327
1ae3fbca
19d7feb2
19ebfa33
d732ef3d
1923fd04
22340afb
171326ee
06f7eefa
0908e8f2
3da4c9de
ed18191d
203a12fa
f73c04bf
0432d413
0ffb1af1
ee03f4c3
effc2a09
05ebf70f
fef31d0d
ffeffa27
17f5170b
0810f60f
01270fd5
23f5f9fd
1d0613f8
22433046
231a0bee
e4e6ee3f
ec03f31d
c8e02c15
1f130608
0f05d04b
360edd00
e316d5ff
9d13a0d8
f31d30fd
fbdc0036
12d19dee
f5051e0f
38f7f2c4
e51567db
16440a11
1201fd02
1331e806
efd7f01c
1004351c
12032902
da0fce29
2ae1edfe
edd70332
f3e343cf
1ac6b0e6
06e7073b
ebddf415
06e2c3fd
dbfb150f
d9b81708
fab7ec05
fce51c10
c5032d28
7ffcfff0
e70ce5f1
f10aea0b
26e1dff6
09022de9
04fb210a
f705200e
00dc06dd
f3f009f9
140b08e8
ce02fe14
fa0beff8
14e30616
fd091109
34071317
d40018e9
fae60501
ecf3e455
157c01d6
e1f3eb16
e5fbf107
f9f41cb9
1fe3e002
14e4260c
f9d3f1e8
1bde1af5
eee01a16
f0f0c7f8
c002f7dd
ffeadb03
0b180ff4
dce6eafe
1fd9c1d1
15fd0dde
fb1b2727
f413f012
01f00400
fd122915
26fbd8f9
0009f319
e61701d8
fae7e924
2118fa21
fa1a1bd8
e1f72ded
19042c00
effe1808
03f81817
280b15fe
06120d08
e6d4f426
ef02e4e3
030ff9fa
d50be202
0bde39ed
fac7e0e2
01d200d8
f3e2ea0d
e409b607
071022f7
251d510d
fcb9d464
0948f7de
24121cf3
f76101ca
14f40813
0afcfa04
aaf319fd
f7fa1ce8
f3fb0844
28fdc8f9
f80b0dd9
e3de03f7
f10b2803
04f630f4
f90a11cf
4114e3ea
2e2d5151
062116f1
b50da125
01fc0929
f5e658fb
e3241d04
ec0b1b1c
c625bc4c
014e24f5
2eebc814
b99cd2f0
f0f6022d
dfd33314
37fe0d0d
24fedef3
212fe1ff
0a2dd91a
05e4faec
43f3ff0f
3501db01
12f111e4
fbce285b
fb22d3f3
0affe3f1
ec170e2f
1df613e8
2fdbd3f7
eedc001e
ecf2f414
16d5f1fa
f7f41ddd
0e152748
3ccd0e10
e608dc2b
1dbf0ef7
ecfdf5de
df1cff0b
f7df1106
0ffa163d
15eede01
0ca1ffec
0df71cf3
e515f506
04420131
06fdfdeb
ff16f803
e4050af0
2f16d120
02d61ce2
3d0c1500
0706f69a
0f1afd04
0bd209f4
e7053ef2
06f404ee
f830e804
0ba1f32e
d5314b0e
53042a24
0d3714ec
0d10fafe
66f3c8fa
33de02d5
0ff3ecc8
def8da2a
28085ce9
0d2f0933
034710ee
031cf3ea
a205eff1
f4c9fef1
efe0e8e3
c02020ed
c4d7224b
07a8fbdc
fefffaf1
c1dd6e1c
540b190d
ee06372f
32080078
ea2ecebe
190e11df
001543d3
eddaeedc
f4d2f902
1ef90503
ee260328
e7fbfbf6
f8eb02b3
1ed4e905
2503d317
09d90930
f01c15f9
1dff1904
171adf0a
dc21d9fd
02ff0007
0b0107f4
f7040df9
0bfc0402
ff03faf0
040501f6
fdf5020d
f7fbfffa
07012a08
01f9f3ff
d2ec2004
0a0404fa
001e0545
f2eff9e4
f4cdf708
fe0cf702
04d9d806
190cf8da
c11a22ff
fdf0ffef
f2031a13
4d2105f9
d817f8e9
02f2ed11
fdea16c5
22d6d611
d6251172
00e20720
31fef30f
e5e6c0fc
ffee1e0a
b50df299
c7d40c39
070b2c31
25090857
13f305ce
e60cdef5
0ede0011
e5d11705
15111106
0ef4f31e
15191504
1c0ee7e2
01f3f000
f0f712f7
01e4eb00
ebf21d08
f111f8ed
18e2f904
f5e4f2ef
16250eea
f2e91dc6
e309fefc
0fef0a1f
2615290e
3eec080e
dc0ff61a
4647200b
212bf581
f68102f1
f62619f5
3efb42fd
d3f82dfd
f311f4fd
05fb0107
f8fbf904
13fc02f6
11fcf806
0009087f
f90401b9
f80e0605
0900f906
194bf906
0cfc072e
ed181ac2
e11f031e
f6f4e4fd
19070207
b8e5eb03
b9063900
f9d5e41e
1c143636
eaf147fa
dae50ff9
f3ea13f6
04d00e06
08d9a129
35f3eb0e
cafad74c
0fd6e405
13efead2
0a26fc07
d930f9e5
0a15e1f5
1cf748fd
e1b6eaf6
b3dd062d
c5edf5cb
ef023116
f6a0062d
1efcf7ef
82f79af7
19f845bc
0107e6b8
111404c9
ad11bafc
e7e5054c
f3b5f6d0
ff390807
05e5fefd
321eed0b
c326e526
1c37ec13
4b1244bd
f0d00dee
22d8f516
12092603
c2ff0e12
c5de0e2f
ec15f3ec
f92810f7
1edcfed6
39dad203
e3e4f928
181ae40b
e2f0fbff
a00bf5ff
20090b0d
e7d52b3c
f62fee02
e2ff30fb
08d00ef9
ebfe1cfe
e9fe090e
ce13be04
c4eed8f0
ff2f04e8
15eabefa
da31d505
fade070c
df0d2310
f5f6cf0e
da264225
e41425ee
04fdf01c
07061328
e02e2945
f5f30013
ffeb0cff
d50b0e0b
ff150f05
18020d24
c8f640ed
03f225ee
0a1ce813
07d41027
f018070a
06e307f3
0ce746ce
2608e706
11c1f2c6
f930f701
db0b2204
fb2a0729
1b1acfeb
220b1315
04e9cfd8
01380c1a
15d2dedc
b90d102c
142d0800
0b150802
f226eff3
d9e91104
be08f812
06f2489d
f843fd18
e60a134e
32dddd0d
bfbe03fd
facaf4ff
05001c0f
1e021ab5
1811fbdc
1bd223af
dce8fddd
eb1a0ea4
e6320623
0db8bae8
05f33701
fe000ded
2d200d2c
23ec13c2
0f11fa0d
05f33a1c
fafb0005
f419c602
10f42609
41009708
cddd3511
3ff30504
d4e4171a
c6e913fb
fadffc01
14010704
fef8e6f2
e2fddfeb
04d434f6
ca12f814
f07fc0e9
03fed0fd
01eb15e2
f20ec800
f1363de6
01f30abc
ab361012
cef9f710
ea1b470d
33c906e2
f443faf9
0439f9e1
02eb00f3
f8eed526
1be3eff7
1c1f19ef
34f5fee7
0be7d9fa
1d23f5fd
ebe3e824
e4e3dc03
150beffe
1aee14d5
13d81d2c
0e1c0ce2
83030bf3
061212f9
370ddbf0
16fd06ed
1500f5ff
e1000921
cd04cdf7
2e180e1e
d8ff1604
f0affcd8
dffad9f4
fcfbfef9
1907d332
3601e4f0
0bccae18
1b1ccd16
0f1d3de3
ebfb0325
dddd2fe3
dd19f1fd
15f3f2e7
15fbe30c
d0ddea0f
cdd5d6cc
d53dca50
09e30f91
fadbe5e8
36e7c3fd
f5023eaf
0fef3621
05fc33c8
d00afb00
fc1ae10b
0f06f11a
18ad2118
180109fc
290305f3
d61dfdf1
16aaf6ea
efecf40f
dd37290f
e418fc07
faf9ea11
0b1cfbef
c5e1dedc
e210571d
dfe7f7f5
d9c30319
ee501b40
0d4aff1a
effbeb0f
ecfbef04
c3f82213
1519150b
1407520c
500ae204
36fbf2ff
0e0906ff
fe1bff03
bd01ea06
141cf3e3
d80ffa1a
f3df2435
c7d7d30d
bff5d6cd
fbf1fecc
d5f03617
0cc2bb0d
04420632
10f006dd
ff080d0a
da399bf5
0e15e929
fadb133b
f91503f1
300bfff5
17eed7fe
eaecd806
eef0e1fd
385ac015
b41f0af4
f7d50f25
14faeaed
f7f51df1
f200e30c
1af0440f
212ad8f8
2bed2d0e
d4d0d107
e7e6f9cf
1716dcfc
07092004
f1f50521
1fdf13f8
02022111
f813ddf5
2004deec
e71215fe
faf70207
1afaeffa
d6160c01
ef07fa0f
131c16e9
33e90714
08240dd2
11e5f4b9
fbdd2415
f0ea22fe
d8fcf7ee
3c0a01ee
13370904
eaf4e3c9
f11ed53b
f4fde508
1af11914
1ff506ff
39f0ef10
241b331e
e3e63908
f9cb29fa
2cf7db01
fdfcf10c
11e61831
e61222f6
e0ee080f
ddf2eece
f6c62eff
11193d0b
0a0216fc
07e9f31f
de4d0307
ffcaeef4
e90b0fdd
2411f40d
f8f12c2e
03d22ddb
2dfc31f6
0bc9f8de
f9fbef0f
f4e5e1ec
e1fb16d2
f515e5b7
ebf03925
59142604
f215df44
18b204e0
18ffd1ef
fffec7fe
f3fdbdc7
9af2493c
0019f410
c5f71215
01eee4fc
e9de1224
f8c52321
cb02e909
f902f10b
1b1bcdda
e7301b07
22e50beb
00c8f710
05d402e7
f42bdccb
3037e501
d71b0ac3
2d0c2dd8
c6f121cd
bd100ce7
ee090ccb
08000c13
3019b0fa
b3f341ea
46f3f102
03d6f4ff
f2d601ed
9b1def0f
3b17082f
01d805ec
24e90d0f
16ebdbee
f8fcf805
30f107e0
f736413f
f4e259df
eec001ba
04b40528
d07f072b
15f530f8
2423ece9
2b42c109
3026350f
00373707
eb32e9ea
0020061d
bbff4f09
0bd72df4
0132dee2
1e29f705
bcba0330
0c10f6c8
2fccf7dd
0c1e0103
3d10c3ec
aadde803
15fcd8e2
9dd702d4
3427d1fd
360b43fd
ec1acac0
feedfeb7
b2f7f714
160311ff
e8e21008
0e05060d
ec3213d2
171c1ce7
0ff9f6f5
de32eed3
1947422c
d3cef40e
19fe1d1f
00f2fbf8
3201f2ee
fbe31b06
4ae11e14
0edf0100
fee604fb
e8d2eff2
083e0714
eafffd02
d8dbeadb
0914f3ff
f9ff1df7
fd5ef60d
15e1fced
f60df10d
0addfd14
cffc251d
caeb28ff
c7084f17
f150120a
111c17eb
0ce20af6
6b26df01
041d1504
fffa2a31
1b38f233
043a0331
05ff26fb
f603f304
0e0a21fe
0bf1ce03
e5f7db3b
d80fe381
d50c43f1
03dd09fb
1405c3e8
06fbf125
14ee1b0e
24f10f19
0c460934
0e15e4fb
2803fc02
7d1f16da
13002c12
e3f4ef1d
2a14c3ef
891615eb
1403742b
bd000d15
2ba6de07
e42ee1fc
01fc0ec5
15dc0520
07d2f7eb
090c36f0
05f8f921
a30f0c11
1a2aca05
eed6aadc
29f9e8b9
0bfef243
07db1b0c
bc19cd07
1c10fbe3
141225fe
fe40e7d5
341d08ba
2dc3fd0a
0d020409
1b14ef09
20e505fc
0f01f500
e71fe6ed
4d02f85a
25d3c210
e6c9c429
f2d90118
f83f020f
d804d3ea
f50d060b
e815e6a4
11000e28
faf4fd06
ee09df04
e01cc9e2
102901df
f9fdf9ed
0dbabe29
fe180afe
ebed1424
e1fee246
06062dfb
fe07f918
1bd7ef06
43e91416
3813d920
e0fde203
19c4ffe3
000e051f
2bbbf9e0
17c7074a
332c19da
e9edea01
02dd2de6
20bb0b08
09531e2f
332654e8
00ace025
fcf80502
e9f4101b
05eae6f8
e4f7f7ed
fd0ef7de
d20552e2
ad1e817f
1922e8f2
f1e1ff81
260225fb
2d155906
1a08fa26
58ec214e
fffccdb6
94254200
2bdd0bb3
fab9f80e
223a26f5
e006e3ff
15e41a22
e057b9fc
00f11dc8
bee3f9f7
2316e81c
034df202
2bc430fc
250c17ff
3ffedc12
1e163f06
1ad7fff4
df14e9f1
04fc222a
f24e0b0a
f42dfb11
fde526fc
0c0c0102
08090bf5
ecfdfdfe
fbfa0e00
27fafe02
3ff1f30c
ee131128
0832f617
0b4b0a0c
1003fd0a
402f0712
b6e52cf5
140acbc8
ecf7f91f
ea06dcff
f2edd3f5
17f0ccf8
bfff080d
fbd13528
fdedbbf9
15d2d426
00f8ff02
fe01f5fe
def70afb
231fd9c3
c71e2a12
14e94abd
c806e619
e742c0d7
1be703f1
0f39fc0a
1a0b4e02
f6291b39
eafe0711
fe0eccec
2230ea00
ff0e120b
091f1df8
f9f71010
ead8fbdd
030f1401
e111fad4
0eaf1b3e
da4e041a
12fe2c07
0468fde9
f5b6d9fd
3116fe01
17f0c0f5
df221306
fbd70e00
efdb1111
6de236c5
09ab12fd
e502f109
e3f61bf9
51ff1a11
5fe9d509
f1c703fe
0f15d4f4
cb22ff0b
0240fc0a
12f3eb1b
46090d06
1915ece5
0cffded2
06f0c3f6
af0f0941
f32c21eb
16ed17c8
ff1329f9
3504b8f7
0ffde914
c9f7f4cb
167fdbf0
f4086fcf
b7e21bec
25071f00
f7debb01
f7f614f7
003eb3f6
381ef4ef
f6f80e44
68223b06
fada10f6
010900cb
0a0528e9
e6fdfe0c
0fe8e117
3ae61911
0b1f09dd
0417d724
0fea280f
07cff6d7
0ef0f428
f7271c09
e7fdcd10
2704ddf8
120ede02
e6f848da
e71fdf0b
df3d05f4
0f140ff2
fe100000
f9fdfffa
530f07e5
02194ef2
27e328ec
2b1a1516
000001f3
e331f2f6
e6090908
f904e0f9
05cd23f2
e41b2aea
21db2ab8
1e0af1ee
082f05f0
071eeff5
0af70106
e4fe15f8
f6fc0ff0
313de626
fec00d1e
06db02f4
e6c80127
d6f60101
0c291606
fbf607ee
20d38c27
fdd61209
05100cf2
c6311cfd
fbfe07e9
d80c24e6
071212f7
29fe1ced
e3f8c705
1b39f3fd
2ef23f20
e2182613
f8fefde0
d91421fa
e40bda0f
10fcf945
01fd4707
e610f74c
05ebd1de
f7d2df14
f22400f7
30ef0cf2
ed09040b
0d021024
06edd60b
3ef614ec
09f5f80a
da39328f
09ce1421
e9f8fa18
3cd35dfc
e706f225
a1012a28
08c1cd27
f9d1ccda
03fbd525
f9afffe9
f51318fa
52f33a01
0befe3ad
c7e9fa34
00490e14
1c171bef
c9eee1fb
001200fb
eedef425
dd18a2f8
ed173104
1910ea06
fce7dbfd
06cef631
3af5fd38
0a250f37
1e28e6d7
efdd20ff
27fa0d04
faf91e24
f205211a
24f8fdcd
0616f7ed
311800c4
040f1500
f0eed7f8
e02f2604
33de24f9
f9ccf9c4
652d200d
f207e714
16fefde3
fdca0bf1
b9f621ee
280bff59
22ca3700
f8193cd0
c0aae70f
c1fe07c6
e207f8bc
ccf8190d
1fe3f219
d60d0f1f
c41244f8
fcd1ed1e
5d2ef0ed
eb091eed
fabb1a09
01f4eaff
3cf5d7fb
06e11608
f801feb8
02d8bbeb
c215f9fd
0606e115
0c1dfcdf
2135e9f5
cc370600
0c024c0e
40d61838
02f722f8
da111eed
dc180af6
ee4df6da
fbf01613
0fffd900
ea0af3fb
b51c16f5
491af9e3
37ec0920
1ce412c5
0cfbfa01
f9112223
fdb8f41e
01f3e51e
001bcf2f
d07a3d3a
e9a41104
06f4bbe8
1f2a0248
0edd1200
3c07f102
da0f41eb
0d33def9
e71de021
eb0c1fd8
5d030ef6
fc0b00f7
01e8042c
240fcf1e
151821fd
0018da01
104811d1
32f72515
0be912ef
03bdfeba
fa0f4509
fcf2e501
ddf00202
16dc4af1
2d0b2ffe
cc05f3f6
f6ebe507
e50b1424
0a03332f
f1810eed
e8e61d2b
02e4e805
3526e455
ff13a519
d6cd1ae3
0a12023e
e6dffa04
a2112af7
210de5f1
440527fe
01c00765
ced94329
d20cde14
01ffff25
0038c0ee
d514e4fa
fc1c2011
1032afd9
190ce9ed
26f3fa14
a6092afa
0b29fbee
f9ebcbeb
002aff00
e417c2f1
d908c414
edeb0099
0afb49f4
d81d2400
0218f930
f7e6f811
2afbe010
f9190cf6
2503ef22
eb03a9be
1ef7160e
e4670776
e45710ee
e02b1e17
032bd105
f0fe22fc
eb28fbf4
ef4d2fd9
20e10c0f
ceba1212
fcc2fc22
d8f014fd
e5e6da0b
08fe07d9
e8fede0d
f008151b
051bbd04
f3100cd6
fc0e02fe
28fcf1d9
cd14eefb
e1021ed7
edf10ac1
d62cfe30
0ec22704
f4f7f3fa
e1daffd7
ec18121a
e9faf01e
0b0d13eb
1534c912
0012120e
12ebbbed
0320bc1a
06efe3f2
f8eb240a
0317fdfe
1209f509
ff0a2ef3
10d4d2db
f3f6dc1e
ec2b0cf7
03a90639
e61109f5
470239fd
02ea3467
3defd2c9
d70927e0
10ff3031
3df1e6fa
1ef5fa2a
c2c3140b
eccd0cf4
00d51307
6ad80f19
f9b6fdd2
31030fe6
ea090914
feb100ec
fde1d017
00f80b03
07e307fc
edfdddda
ecfec1ca
22b5f418
0f120008
193803bc
f1e2c3f7
1af727f0
dad1e016
c1121106
0de11fee
e60d590d
e60143cd
05f10923
f1b51211
20ea2f0f
0203f806
e8211105
2635efe2
fcfbd4f9
cbeb1fc8
132df32b
03ac0117
cee2f606
fa080a15
240be1fa
ff0e09f9
fc02c902
f620e810
1a1c0f3e
f32c18e5
2afcfef5
f0fc03fa
3510fa32
3bc80645
d6cd102f
250d1000
eef20111
f40402ea
1d010f06
0a2907ba
f2103412
ebf11898
ebe0ea1d
08170016
0d430519
2eef01eb
e90bedec
dffaeb2e
cef92217
0209f31f
08e5d4f9
eaf5fbe5
09f6f5f2
0c0a0405
c7d806f3
2404123e
08d8e01d
ff15dbec
defc1b23
3540fefa
0cfcd2e8
27d5f9ef
0adcfd20
24112a04
0d14f80c
221705bf
152bdfda
33171215
fbf9ede3
c7e1f616
10dd3710
de011a35
16f69938
d608ea0c
1404d704
3518fe2d
eb23ff23
e127090b
07dec80e
f8d82222
08ef0411
36111dfc
19c7fb1c
edd3d3f3
054c0b18
4217e221
2bdb2409
fc13f812
ab040dfe
fdb8ea1a
1aedfe0a
f4fedcf4
ee2409fd
2421ebf6
e415e300
f803dd0a
144ce4d9
3a0c1fd3
eb01e503
ac38f0f3
edf800e5
37bfdaed
e4e91313
e119ef15
daeed21a
113dc904
2a0b272f
c44f3010
ead7f706
b8f0263b
08e00b0d
eff5cd2c
fef0f819
dbeb12cc
f515dd07
e8edff31
e243fdff
fb37f2fe
df003af3
c911eefa
f2e4f0d6
d41726f2
170f0629
100fdafa
a8e10aff
d2f01120
d70fcb23
ff396401
10fe0c00
81433711
4dd5e8c5
e3c5ee10
1208feed
101ad61a
e008e819
fa163914
18f94101
05b8fcde
c21cde1e
12e20447
e52513ef
1926cb0b
f6e5c3ff
efec10ea
08300ccf
fbc002cf
c6361bda
e90af704
fbfff8eb
17e629f6
31041a01
2b110313
2613f5eb
04f52503
e7df17bb
0cb9fcdd
f2bd00ed
dd271aff
85ff0cfc
e0e828f0
1de30708
260cd9fe
0e143330
21180afb
13fae702
e2fdfaca
d512105f
e730f81d
17f11a21
e7d4d304
1aebe709
15f2d214
1fdb0703
f4fbc8e4
0af1e90b
e6e544f0
38ffdd16
091bd328
f2110a06
bbfd1f1c
fa050714
0bf9fc04
2a0e16eb
0815006b
1407b3f2
c546b2f3
b8232119
d5e732d8
f4e4faf1
c29124f6
ec3c1402
ef0e1d14
f713efe4
fee313ec
38373ad4
f6232319
fa4e0fce
f85fff09
e806ac03
dbf9e0e1
0f09e7ed
3cfd02fd
a71944d4
f2312214
164202fc
16d519f9
cde9e011
eef2c922
ef1716fa
32161501
b82cc7cb
071e0219
ffe904c4
05ff0918
fcecf9fd
e7f9e3fc
0309fd2f
f3ed02dd
e4ebd615
14ec150a
06b314fa
11fcf209
210e10f3
4edadffb
090f1cf5
c2d31ff0
f3f82729
59e3fcf8
0c13ff88
de30140c
20f91708
11010edf
21d5f839
00124336
e7e8ca01
10f3d105
02000af2
fed2f827
16491ee3
ced92004
2bc0dcf3
153ddfe4
3504ffb5
e1edf9dd
fb1d0432
fffa1319
942921f8
ecf3f922
22f5cb0b
0fd7122b
cd0af9d2
d7fe1028
100c05eb
e904e70a
00fe1605
0505e2eb
f93ce71c
06bfedfb
2f0ee608
4f2611c8
d81f02d8
f4ba0602
f7360f08
1347b9ff
ff0542f7
1d2300f2
f4010e21
f0ef2d01
0438f2d3
22180335
35e2ea23
011eff0a
11186e2a
0444d11a
2016f8e1
f3e6c8f3
eb2a01e4
02f22412
1ce2e500
f9d61530
f7bb0b24
1df0d8d3
f50d0f17
d2dd20cf
2d2a2259
10e8210d
d8f9eb0e
ffdafbeb
2320731a
087ffdfa
0aee17fd
01ee13f6
0a10fa04
fff80c53
0c0808d1
16ed5d19
162d1a13
e6f8b928
e4a9e809
d32dd830
d3ff13f9
e330f0e9
3826e20a
f33d003a
320e4af9
ef0915de
0a391e3b
0c08ea06
1f02022f
040fa8f0
db24b949
fa1b06eb
d9f55028
08fceee1
01030c08
11f7f7e4
130bff01
e3d42747
0c0d1208
9c164515
270cdd12
d4e114ef
14e509ed
1d0e0b0b
0f51191b
edfe3300
0bec08e7
f9f618d8
a0bd1908
1dee07d7
3cb3e0f5
e004e43e
23a95e0e
fbdf0ef5
31a5fed4
06ed0f39
240def24
e7fe062d
c4f1b8f0
e21b0d0d
1ff9de06
ee1ddf07
dfed1a24
e902150d
faee203f
de04f70a
1a1332d9
f40be133
f427fdde
e83b2c04
042fea0e
ff05fd38
120a5710
110cd2ae
ce17e72e
ef2e27e2
45faf756
02106cfc
010bdf2d
ea1017d1
b7e34506
30f6dfd1
f6bfe609
16c0f9e1
08c5e40c
0431c6fd
0122b819
f53a081a
ce12291e
3822f62f
deebfaf5
45ff4920
fe33030e
0a17eb05
ecc5e3e7
02c61bf1
001ced16
16e3070e
290ffae2
0cdd1430
0cfa07de
11bcfd0b
ff2b09dd
de182609
18d5e9e5
1e062702
f4eeb2ef
e4eaed05
f3e60e07
e93ad246
e34a0807
220a0617
dafe19f7
ebf6030a
3501f507
1dfc20dd
07dcdae4
31ef2f11
d90305dc
06e00629
0d32ebe1
f8e6ed24
fe014419
1f141f24
37240aee
231bd508
1ec1e925
034d0946
ed080efb
1f01e041
bc04f30b
f7fb1adb
1b202403
214fe303
1e3bf710
04f60304
f01bda0e
05ff1115
e658eaf1
e919f346
18b621f9
0d1241f7
0fac153d
1027031d
08f40407
fa0cd3db
01e703e9
02f4cb31
1241e62d
eed2f0e3
050920d8
fe0de333
f4fdaeda
0fed0c30
03c71efc
10042610
f1e20041
17d351fc
341424e4
ee1202e4
4316dd0f
ebf6271d
d6d50df1
081f2ffc
d6162414
02f103f6
d708fe0d
0b1f27f5
eb2efffa
03e0e913
02341c0d
0cf2f10f
f00105f1
23e7ff4e
18d5e837
29f71bf0
e9e12502
f5f1f41a
cbecf212
021cfdd7
f60eccae
32132af2
ff01132c
020c200e
29c8e8f3
0f29f509
05051e23
e3080f16
08034c06
030dc0cb
e30d18ea
00f52bbd
06f1d6f0
02f8e4fb
d241e40c
faff321f
f625212c
10e6f106
2b42e8da
ed00f30d
1bf2072d
000df5f3
6dea23c5
fce72100
edc21502
074b1a03
09078128
eeef0b38
32e41a13
f2f9af45
f735fa24
05021f23
35d00201
1bfa04f3
ca41cfe6
11bce8d1
2f37e60f
f106bc2e
94fee10d
decf1a59
d2df0a11
dd1cd3f9
f4edd430
e5e7eb21
0431edfc
fb040715
fc15dc1a
25d4bc07
e7e4dcef
f52fd0fb
fee6f82a
1437fc4e
3fb903e2
050114f9
c1350e25
dceb151b
df0a1012
04ed5116
241ad7e8
0517fce4
f9fc3a02
2003ea07
e1d915fe
dfdb0753
08b30c37
072407ff
3ced0b05
e4c119c5
f352f127
e1ed43f9
120e1f22
00fee6fe
2cc713bf
2716141b
5f22e8d9
050deb25
e9f21529
05e9f708
1ff2d3fc
fd261914
e9ff1212
e1100631
e44c1bd3
0cfbf901
2d0f070a
07ce07fc
090f01f6
fafbf9fd
030bfa05
050c02bc
00f90312
700a16fe
f9fb0305
31e80b06
dde5ede8
f1d2fe1e
2430020a
e72904fe
f84ce5b9
0be1edbb
0b25381b
fb06ee14
e744e1ec
2a4d2824
0bfbef40
d900c90c
fac5d3ee
0de1ff60
e7fb1de1
3115dcf5
1ff94cde
ee0a0302
02e6d512
291d28ec
11dae810
ebd4ffdf
d139d8d6
1af9f30a
f506e2fa
07e505f2
facbdedd
e32b0e01
07bc0220
0efbfdf1
e815cd23
12feeb03
65e10ef8
ff262ffd
f8d80be2
fbe3da0d
fe3af5d4
0d190f2b
0ece3629
0fff03e8
fb060425
04090501
050e9615
0f08c438
0ad0e924
1601e1de
0ae8fd52
cef12003
0cf9c22b
0ee6d9d5
0010100e
c1b8f406
ef000019
1002f437
f10091ea
de03c1e4
d58741ef
f5fee9cd
e9fffef7
01b3001a
f13d6c0c
0521f3fc
130a4000
def1eca7
52fe00db
c504f682
a9b3fcec
1fef28e0
36120cc8
0f0b24e0
faf0bded
0617f8d9
23f703f7
effd14ec
0ecfe927
e4ebe805
ee7feeb3
18d2fadd
090dda7f
03e0d80e
fdef09fc
f00ff509
f2ef1cdb
fe04ea27
d11c00ee
f905d1de
11161f22
0bf108eb
30dc0f10
0b27310f
141018e4
0dd1feea
0fb1321b
0d331ef9
050be630
f5daefe3
25ef2dd7
fbfb05f2
1b08b4f2
eaedf4bc
0ec620f7
0cdf330c
ef220b1b
ee05e2e0
eaed20f9
03e10301
ec2310f1
cdfc010f
0c1efe0d
1022d7fe
f41733f7
fbff1416
b718d811
e0fef8ea
f4a70555
e3bdd2ec
f0fa020c
02020ef0
0df5e6f5
f9fb0c08
f206d0ed
00fb0eef
09cef4ed
e713f5cc
ce0c0311
6023e9fb
0f0af9cb
2af7080e
de35d0ec
1d011a4f
aedb3540
101dd9e7
33dae7f9
12d30bb9
0f9ad2f4
13073008
dde703ca
19231710
dceae601
32b8b9fe
0528e2f4
00fa0327
33fe0af6
2416fb12
e9f6a9f3
02ef0ffc
df560f0b
22980215
f0100023
def910fe
34d7fa24
fe03ef22
03f70516
efe101e4
fde30aff
0d13feea
19c7181a
d3da30dc
e6e41724
03dff2e8
24ef2007
080320e0
08271e17
f0dd18fd
1421e619
08e706f0
ebfb09ca
0ef8f9eb
f405bf14
35f8dcc2
10f3df2a
14d60cf7
f1ad1df3
0fdc050d
0dc60bf0
fe0bf0ee
de921fdd
2711f70e
e0f623f4
25f017ed
27551cc5
fed2f9d5
06ee3d39
2af708e5
20c6c40a
ed16160e
0cbcfec8
cbe2ff02
adc60701
05d2ffd5
c40b1de5
2efe14d1
0aea31f7
e5f4ddf4
01ec07d5
ee01ec10
ff0ee91b
1211e8f6
e00414e7
fffd0919
f417110c
0601d1f5
101c17d7
deb702f3
e9cd1115
2903ebe1
073aadbb
e9f90cfa
450a030f
f5ee1e02
f1f638e2
3db6cbf4
e52ff9f3
0325ffd8
2c08f935
e30305eb
060b0c17
10fdd712
12e75819
0119fdf6
f11bf5fe
0b0e10fc
08defdbf
ccf93d39
f3e22ef1
1f2b45f2
fdce26fc
210dec11
02d20fe5
fd05d3f1
dcfdf50e
210df3f2
ee3f3ad8
ca173df7
32d50eb7
6313eaf5
1f17ffff
093803f0
ef1f0c2d
00fde1d8
4e3cdfec
ca253a02
ee151bee
11f2c60f
124b09de
0bfaeaf7
f6dfe113
13049051
f8a000d5
d20fb54b
08f82c0f
72241bf6
d12d0be2
0420eabf
ae3e06fb
14e31f06
f803dc23
125ef20b
08e8e114
e5ff3aec
fc080f33
f8e41024
0441f0f1
15fbef19
11e1e52e
0c22d9f6
ef1adbd5
c7ddd320
3eb0cb53
d5f7fc23
2f1407e0
daf4b656
09151cf4
e51c29f5
23b1f00f
13d917ff
0848eef6
f6c8d5cd
02f9f50d
e5eef4d3
1ed035fa
fdd69f1b
e4c02ed8
09f7d9fb
12f61bfb
221df714
a5012d05
2beef530
2b1232e9
f222fef0
d61add09
3a165807
c8f613f0
0815e817
f0d9d512
1e08fc11
e2cf033f
200ae45d
17daf7f2
20e4fbff
c51525f3
f4f6f4f4
360ce9f2
062d12d0
0716021a
de11dc0c
272bf4f8
2410160a
31f90927
311df318
03f214d3
12090904
06301fd7
f6e70433
50edf938
1ee5350c
ef170aa3
06f6dcc2
f5ff1c10
cb08ffe9
e819fbe7
fbef2a28
5d1808e0
76fc210c
54d62442
09ed3bdc
f4caf612
d3fc139a
1d15d5d4
0d117f0e
e3331eb3
02c1e90c
0c1feff0
e2f0010a
20e4da45
1105c6ec
e8eafb1a
821fd526
1c192a04
4db9d4ed
a70e12ff
f6a8db14
020ee41c
dcf0d9c0
30ea19ef
08b7dbc2
fbe9f229
2d12180f
fd1bfc16
0d461111
dfa89ef3
091b07ea
1bef452e
ef2019e3
060803fb
19dc10e5
c7eee622
071af552
fd05dbfb
f407194c
31eeef2b
fb0a06ec
08c9d2ed
041b03d5
01030f0b
f94ad628
21eb020b
110b29d2
9d55f6df
142814f4
b7fc0430
e4ddd015
fb4a0209
07e1d406
cfe921f2
2e19de0c
09c71f15
edf90a20
e80d023d
16ec36fa
1616ec19
050df908
edfcfff5
2d13bd0f
ebd3131f
faf51dfb
1af41df1
f2ef0620
052cebca
cc071e10
3cf9e11b
0bf6140e
112f10e0
e70e1510
0fee0928
e9fa09f5
fbf83c0d
0616f421
f2ed1910
24fc0d25
d9173cfa
f63a08f2
08d00a1e
fdefc402
29d3f6be
12ddf2b2
57ffc3ec
eeeb132b
0f20d1f8
09d43103
0607f6da
1be7e600
e11d1d06
f51ae5d1
f8132ffc
0bea1003
feff36f2
dd20e3e1
c83b0f0e
e606fd37
f8e6ff49
f8e3082f
0c18e030
1121eeee
cc4ef9f1
07161d35
dd0ff3dd
d2be44e7
eef1030c
114807db
3ec0efe5
da0eeed6
1e21f90f
0c27f8e3
ccfed0e9
13d462f4
070b3505
11d50200
0b0c13c8
0ae42567
c5bdf201
081140e5
12eef0f9
e1182cf1
063f1d03
f8f80add
2046d63d
14f51aab
41b230c2
2bbb6717
07131209
0e3f2e25
ea41f3e1
fcddd6ec
f4988c21
ede206cf
2ef411fd
ff3520e9
fae4ed46
fbe8163e
e6ddedc5
09090dff
fa41e1e8
e8fffe02
ca181f0a
0441dce0
26b0020d
0913570d
d3e41fe6
07e1dfe9
f20a24ef
1b1aec20
03ecf6ff
fa1728f8
f61c2109
0bea3e31
ed47f21c
dc01ca11
06eef255
eb0dd8f1
f52f1a86
c414d3da
2704fe0c
19e13416
0920fdbb
11f10081
ebf207e9
fd170801
04c8a429
e8c8d5d2
fbe9130c
dc08e9f8
30ade619
d6e00914
d04c42dd
cd0dfffa
fef01829
f10408d4
29e4f114
08da3601
fc242002
ed101205
fdb5fd06
d70b0041
81cd390f
5009da04
c4a4effc
da0ce6f6
26bda225
f1c9fc34
15124df5
0af2ebe2
45d4b604
21111208
21e4d843
16e0cc04
2b4806ce
fadffbd1
fa1e0c04
01fa8310
40120905
1bfec73b
2a1e061d
c8241cf0
210c1b02
01fc1efd
25bf151f
f1e7f412
e410ed1e
3afc2811
400de616
c7ac41ee
02cae603
fcd31e1d
e5dfe8f3
f902e4b8
da0b1f15
1501f0eb
daff2b30
0020e4e5
baecead3
f5ca1454
fce9e826
edfef20a
4c1b3efd
ffeb12e8
fcfefe00
0436cd0d
b62405aa
ff3de5db
120e2d0c
1f000dfa
d7eead34
0a181c5c
0debe412
d4b8b6f0
04ce1820
ecdfe7f2
0017eaf8
00f8d2ee
fe1534e4
deb0320f
0b1715ca
1314ef05
b5f913e2
0301f6d5
dbfd0622
3af82008
153c2932
04e6210c
f0861e18
184ac903
c80ed5af
06c522b3
2c25dc10
f7ff1dd6
fb00e0f3
ea3244ec
05040007
ee1d1114
e42ff9e2
f8d6e50d
082fd732
fe0521e5
3e173aec
0e040021
013bf4f2
15da0fe7
eed23a18
01e918c6
df21ed07
fafd13d3
e6d2fef4
042128ee
f11af712
d8350100
0ad9e228
0e07f7f0
1bec1fea
0ae028c6
1538f703
fe0d2415
ffe41f14
f21414f1
e31523e3
cf1a0f10
d138f615
0113f613
e60ae2fe
ffe83cff
0e1c6325
0e081bd3
ec2efb04
fdf0dbe8
06eaf9f9
07fef4eb
b52ee90d
f8ff2ebc
d803fd16
2b100d0d
2fe0f9f8
1bf4fe63
f4f0caf3
d9fd192e
fced201a
c938f7de
e93008ff
c1fedbed
ac11f539
0620192b
06242301
fc06fbfa
f5030006
fd1002f8
f80573f2
01f804cf
17f1f204
f2fdf318
f60f03d1
ea0bcf06
f7cfffed
cf3fbb08
e2b9d613
e2cd27ee
f0e405dc
132905c3
5c1b17f0
09011cdd
0df31c29
35250604
0bff0311
63110807
40dee0dd
0501f7c2
ee06f901
1bf92ad4
340939ec
03efe500
4f13029b
1dff6914
f80ee0d4
ec9afaee
f9f6fcea
01e725bd
0fe406fb
0308ea14
e1efd022
1216e6f2
0ecae71e
1f1de4fd
1714f915
81f62509
ec2bf8da
ffdb11b8
f41e14d3
feb00920
b7d1c40c
00c506f0
0ba2ed0f
e41628e7
574a2acb
1400f811
5004f0cf
1118bf0b
222b0fa4
04e3dbeb
370b26db
bbf8e9b4
fcb8bcc1
0d5007dd
1f10070e
f8f5e825
010a23df
001dd229
3ec9b2fe
e3030ae3
f8f9c3fe
0bd7e5f5
14d1e3fd
eaf4f92d
f3cde3e5
fa07d1e6
0d2e2003
e604fbe6
090d190e
ee340a01
f923f4f2
0602ffe9
06b9fe77
f39a3601
160607de
091c02f2
d01ce61a
21330716
24e90109
2be52d1d
fed305d7
e6d4220c
0a560ddb
eae3e9ef
fde917ff
f1e5d221
1c2207fa
d819f114
cd08ede8
121d06ed
203df41b
08e80c41
1b0de6de
1ed8e0db
c22d001a
d003090a
cd2c1b03
06ee10d0
ea0b10f2
061a26db
ee0ce70d
1df1ef08
fa5debeb
0a1434e9
f3d31cf4
f1e5fbbb
00ec1cd8
13fe432a
22bc08fd
f236f205
092d32c6
031c02ff
d0aad523
ef05e510
da3f1703
c90e04f2
d0f8f0fa
0bd90d2c
f605f50c
1325cce2
0a192b24
0be3ea47
1d32140f
20001a1a
fe274f21
fef0dbdf
f3cc032e
0903f411
f1374a16
e71de034
ebd72d13
0b0502ba
370ad0ed
f6fc1f15
2ab4ea4d
011a0cf2
eee9eade
f51016f8
1529eefa
460e072b
e43ad91a
bfe5a919
0d1ce401
c8cc02fd
1ef3ed4c
0a0fe8ea
b35ec9db
17d224f0
b31e37ca
0f1bd922
fa0031e6
0edbdc31
f2e4450e
f1320ef6
b2dd250e
160e14e1
0fe7cde4
c81be60b
dfbdf711
42f0dd05
f80d1ff9
ffd5e2e4
2fece2f5
e9f912fd
fc12cd17
0338e9eb
ea420e32
28c0cbfb
d2050a28
0a0622c8
11f4eaf9
f007131e
09dd13f4
fdcfc7d0
e2f40fff
2026cc35
bc03f214
0b0523f5
1c0053f4
08ff332a
d5fe01f2
e655a3f5
141a14f0
33cafc04
01b5ee13
0d1001ec
07c1cd32
ffcfe350
ed2f1019
fffbeefb
10f4ee14
21120212
04ec101a
0cfb2e28
fa05ecf0
ed081619
c100c200
682ce3e5
16dbf0e4
3b17181c
cbdd0428
f804ec38
eea345e9
210604f4
1309720d
44ece51c
3901228c
f1c0cef9
c8f604bc
0e9916ec
271ff021
d3f0f7c1
e9e04f0e
8e1d00ee
142f1426
cc16f70c
7f2629af
09fff4e1
0ee7e515
d210193b
22daf7cb
f8194ce9
1e1ff6cd
ec141501
0ec8f022
11e8ff38
4e0d15d3
eafa48fa
f9da3a00
21e9331a
cc0e131a
e2c1e910
141022f9
1411f7e2
ca000013
ba1309fd
dbddc5f9
190336ee
cabedcea
2754f4db
38f8081d
fc69face
06c5e4e6
06e0ec2f
60e91731
ca3d08ed
ec44df49
061a3202
f4d1de00
03ec2da2
24d704ff
39ea2b67
b0e9b20a
fc0c41f5
db2e3bd1
f400420e
df19391d
0309ddda
0c18fc22
050902ba
e81709a0
f105b713
cf171529
1457e108
f418f429
0ae32315
2c61140e
cd07131d
422fecd5
28f808aa
af3af210
0601192e
cd12d633
0531f02d
0352c108
f6ff0aec
3f31dfef
dcde0055
282221ff
bbc9d80f
22e7f6e9
1018f905
ce240c24
0b1efeeb
de1bcd12
fde5d135
28f2ee03
b52d1013
d914162c
1140f12f
d71c02e5
e0f1ff06
dfde070a
3cecc9e5
d5f4dce0
2af803e1
dd5317e8
f5f9fb15
fefd571b
fd081325
fe1801f7
d1affa0d
d2db2245
1a140603
120b27ed
071b13a8
f6ed14ef
ecf9dc14
fd44b7f8
f200de2d
c714edc2
dbcc050a
05f7f8d1
e041dec1
1c210826
18fd0dfe
b20d0821
e4fc49e9
0cfbf7f8
fc22b9f7
ecc72a16
032e1850
fe33dfbe
2300ecd4
d22511ec
41162319
1e812641
180c081d
0cdb19d1
02e90b1d
963c0e20
3deffb04
faa43832
122214e7
37f719f2
b63812fb
1e58ddee
eb030408
1df51101
3804e745
0cc5fd1d
def63feb
4a432904
d602ba14
e72b280a
0322ee1b
e8eaf500
e700cbe0
1901ea0d
0efd20e5
fcf5b51d
2bd9f22a
0afae726
0f2df132
0c2c1a0e
05f425ff
e3f1f7d3
fb08bc26
3ff6ecc5
09f76bf3
1a0dfde9
fa001ede
e5f31312
f70424fc
055702fc
04e1eaed
deda4ff4
181a19cb
df071e13
03f916d4
2206ea31
c10ee7fa
e0d2540c
2d1e01d7
4602e769
efb23b0a
c229eb11
0e37f3f5
09f41bf0
cafdd4cf
d9cd083b
17ee4fdd
f60921db
2316cf19
343d4cf1
f1ecf40e
19ed311c
0efa2421
171de412
f60704fe
0b12f119
f00ffefb
e21114e5
efe0d7d4
31edf7f7
d60ee513
ebfadad3
ef0d2c07
29830c2c
fc08e805
23f326f5
062ed854
342addf3
f809e989
bcf72512
01ee5cd1
0dec22e6
ffe80406
0f21d907
070be9bd
e5450f27
eb1e2ae2
bbd9bffe
0b0cbdfa
cbeae7db
370fef14
f4d1fb4c
f4c81312
1d3ccefd
0deed1fd
e9ef4406
1222e3e9
11ecbcf2
f0e9064f
37dee435
0ac80dd3
ed08f1ad
1500cc10
f8fed113
d20767fa
1b2e3229
ba2cec0e
e2f12704
0339fb0a
1522e51b
3e02faf2
18ce24ea
0c1023ed
eae8f509
f82500ee
25d6efe4
e7450508
e4100f02
def7d106
cac69d11
de2a10ed
de1c3e0a
2dd531e7
d29d2029
0df207ca
fc014e14
f01ecc50
f7fd0013
e065ed1e
3a18fe12
0a281669
161af0f7
1544723a
388134ce
0117ffde
fd06faf9
0affed04
fee0100c
10ff1de1
00c0fce4
e615d706
1dfffd5e
db0f1a00
ed1aff1d
e8c6f011
e94fd102
dc1fd5f0
0e082200
07150b40
d4e800f4
281a294e
9808f9f1
ef121afb
f3b8bfe1
16350502
0dc6391f
fbe53b2d
410feefc
fdfc0d0f
ee05fbfb
fdf2fbf8
fbfc0503
f10f011c
f53705e5
03ec7fe4
f60809e6
00f50af9
051be8f4
450f06d0
1f170325
0df428e8
0357f2ff
032edb0e
13161d01
3c0c99f0
20ceef54
0f3d5506
0ee60fd6
064617f9
e220fdfb
1bf3e015
e24047fa
dde40f0e
03180b48
38f5f1ec
dd511cdc
d7d1eaf3
29d2f524
05ef0df6
30030814
49ffe8ff
0c2ae31c
f8fc08ef
d8e110c0
ec341209
11eafc15
ffe8dee8
163b11e3
00fcc493
14fedfdf
ecac070d
c04af402
16e8c202
faf11237
0f551d3f
9a0005fc
1f00c70c
02eee1f0
f927edf1
e04710be
100af0e8
09b7243c
f7f018e3
150e5fe5
f1efe70e
1313c7df
f5f5f521
21ef2094
ff160c09
13f32307
f9eaff0e
23339de2
e40e7936
07e5eeed
1be6eef6
4db815ea
c9f117ea
f9e0eaf1
f8ecff02
1fd02009
11f7fc74
1e3355f9
dbf42aee
f04ef827
c90ada13
fec91044
04da08e6
293a1efe
10fbd813
1409e5ca
7feeae2d
13dc1929
220fdd20
d3442a93
04d8e012
d025e8f3
cef3f8b1
1c2bf1df
432e5306
1e10f62c
0e3e5926
16ef079c
fbdf08e5
f308e309
220bff0b
0501db12
15e3bbe3
fefdfbb7
1034f109
fd3502cd
fd260cee
bdf00813
36eef4e8
22e3d5fe
291300ee
f0edef7f
98d92001
351cfd30
f9740ccc
0299fbfa
d80b3217
c127eafb
e2dfc625
1cf8f6e6
bde9f7ec
ddfb2920
0dc6d0f2
f2f6e026
0400ccf1
f41bda58
2aebd21d
1c31f707
58369c08
1532d635
070c14ed
0503e704
32f6abb8
f65f0713
3811bd81
4307f9a2
e8a2aa16
543311fe
0e6cfb3f
19160807
f406e808
e8b4e157
1a2506ae
e126f41b
ccece6fa
0e01111a
00bef0ce
99e606ee
11dfc7e1
f7e3ed27
f81636fd
03f007d2
e22dc9cc
dbb4d91d
0ae81508
d9e0daf5
08034048
0ace0cfe
e5fb0bc6
c23ac74b
0ce8031a
f8f40320
18e31934
d7c637f5
3904bb21
1a25fef4
07cd2a0e
dddf199c
c5b00503
91fef2de
09d80152
e8fcf0ff
daf6dec9
fc3ed3fb
082a0314
01d2f3cb
e6faf530
d6e8ec98
f92be04c
f9e844f1
59ffc40c
19f62010
044f5223
fd2022c0
06f0ed21
330cf4d3
1517d917
e41bdcec
e6fb20ec
dff93126
0b12e3d0
18e00521
12b3e434
003510f4
fcf20bcb
f0131e0b
e103e506
0fd6d01b
f9f41de1
422edde4
281c0e17
df2bfbf4
01e4fe17
1259a906
180c24b5
4bd10f0e
0a162bd2
5221ebcd
19f30a0f
310ed0d5
05eb22e1
03fadbff
0513dbe8
22b74a09
fef93328
f81b09e0
e0c9260e
2e18fbfa
fce2f510
f6002518
0523f5e1
1213190a
fd0316ff
ee0a06ec
fcd809f0
10f6fbf5
f8fcf309
01f2fe18
12fa2317
fb052804
e1d1deee
ce081629
2423fafa
defb1135
fc23083a
d2f7f91b
fd05f50b
150daa04
f0f2d202
fced2247
24f79df5
53373424
ebe0e42f
0cc73a0b
00f01812
e9f8a804
d815fdf5
b8edbdcb
ede6f0ea
1ce7ef08
05ed154d
edeefff3
e0fdced7
fc1dccc2
1ee61906
09dce857
fb03aef0
3e21f5ec
fc072311
100c0ff7
02130704
261406d7
03efdff6
00fe7f0a
f308f1d8
f8161bf0
f3eb0f0c
ed031fe1
05ea05df
34fb28f6
0701d7fc
0af2da11
060b0ee6
0d0cfae7
cbdf0409
07fd0dba
ea7021e7
f21d1118
11fdd6e9
20f3f10b
fcf6e8b2
f2e4f910
2508ea00
ceeadb39
cff5080a
14f0aaf2
d707db02
fcad01c2
193a1a15
46d212f1
1619e422
e1e8cadd
e6e9f70f
ebfae2eb
082fd8f2
0a020dfd
f4cf01c0
1410030b
0cea8fec
0dfd15d9
06362c0e
db050dfc
1b07dfe7
ffe7c02a
f0f905f2
09fcf7f1
f30bbee6
1837050c
180d1bf3
0b370bef
fef8d5f0
030f230e
03fefc2c
f6b71a13
d31724df
06f9eaf8
f4f5de19
e11fdaea
e5ede614
da37e11d
da0c1ede
29fdc0c5
05380de5
baf5c9fc
fd061233
f0c1f6f4
e41a0f4e
edf2de39
484c5b05
4c455f30
f1d4f9e3
f1f6e614
22fcbf48
241509ed
fb25fb08
1d09f2f6
1a6423fc
ecf749f0
0bdd0246
0414d00b
32fbdd4e
0af2fba5
f5b10100
6c09e4c2
13e61bfb
f522021c
040cfed3
00ccf825
d607c0e7
d1c4f4dd
f5dad729
fc120ec9
f720080a
11b4f6e0
02ff03e7
e0ee3100
fee90be8
08d9f51d
f7dbe2f2
eee6fc0b
062ed8e8
efea0131
ca14a1d7
09f001cb
0c112909
fb4802fe
e90f0e40
0800ee07
d2f2c82c
36e500d4
011df933
e302a6de
0401cb3d
e7cfbbff
07f1110d
c417d405
dc0646f8
faf4de24
13170150
03ded010
fae90415
f5f024e5
23311c34
16b7121a
ceb01dfd
f5ec19e3
f5e60ae2
1a24f70a
de0bd104
23e0ff04
e1cf3116
24fcfec0
f12a4309
0bdb1b08
04100af1
81f1affc
2603f303
182ffb2b
55e7005f
f64917fa
0c0a78ef
021a280e
f80e04ff
14fbfb1b
37eff9ce
cf1d2c09
f7080bf9
d2cc24f2
5de4c00c
41ec2bbe
fa1026fe
cb0fdc39
10f1eb41
0541fa25
29070e14
ff32e0ee
2e363dde
1dd3dc16
f62548d4
ea3125e0
0200e253
efb8e115
10f706de
bc4bfbfc
ee50d607
dd72141c
05390e2d
16e4dbe6
0708e045
e8ccc7dc
ed0521e8
d9fffde1
c7fdeef6
65ccde5d
f73705f7
13eae0e5
f94104f9
fdec0c01
020afe01
010016fc
fcfdfb4c
0ded02ff
19065ff9
ff0503f0
fbaafafd
f411fefd
fafcfdf4
0d1025fd
0401f081
07eaf9f0
b41b9bfc
12f8fce8
04161701
07f1f9f4
042bb200
e813db2a
2821ccf4
b101eb0b
f3e0181a
fd09ebe4
b705243a
fe21fff3
ed0a200e
09f2c5f6
f4bcdb19
f35321a1
0cbec8d4
13a0aef3
07e629e0
fa5ffb16
bf380e11
fe102e0f
06351309
f11708d6
fc08f205
e0f802f1
01c6fb0f
e4e3f20d
06f40615
fd05040d
ebf0f609
0de0fb1f
e1f634dd
fd1efbfb
efe0f1e2
08e52716
f90b2b1b
e323dade
1a111d24
002af420
d8f6d717
13f4e00b
0df2d72d
fee4cc4e
0f0dd51b
e7032634
b7de34ec
43c42a37
120c18e4
d5dfcc0c
0b23ff03
00fe0206
03f50901
fbff08f7
030904b6
fffefd14
7ffdb7f8
08ff050d
ff0044f3
4fe2cec2
dce9d6db
dd0bffff
d435fcfc
000fe3b6
ef340332
2623000f
1bda1001
2ce4f0f7
f40f18ed
ebfa2ff3
e905423d
f93829a2
fc27f91f
17d0213f
dbfefbe3
04cf115c
fe0e2112
ffe709f4
f7e2db02
df000ad8
091effeb
0ed0f7e9
f9fb16fe
0f2f210c
0135aef2
14e020d8
c704e010
060cf548
f9e10fe7
1423c7fb
030537e8
d8f82e16
e6f9eabd
bbdbcfb1
ab2d62dc
3ede4544
00a928d7
fb05fde8
dc0a080f
18f77fea
3c09d1f0
0fd1eb27
082ac1e0
fbeb9920
fcfd2913
c6f414dd
f7f845d1
d81e310a
f90fb51f
10e809ce
f0e8ea0d
cff01a15
fffb1939
f03e1803
1ef61a02
044ddbf8
c6b7eae6
f10f17fd
e41b04d8
cd29eecd
fedde79f
1f1aebff
def2f916
abda1901
e3cce111
f712c5d0
14c4f9ea
e5b90330
f8320e0b
e71aebdf
140512fe
0f5bf80d
09fc05e5
e823e120
4e28e805
cf14fddc
03ed0626
fee80bea
d6f9f112
1b210613
c622f728
dbfe1f19
02dde902
17dc20d5
ec0e2e09
e9372d22
f7fd0a1b
0c181fb7
1ff5de05
f7401e14
c7f8e8ff
15caeff7
04ede2dd
0d4ae0fd
08defde9
1136ccdd
ea1c01c2
5608fc38
03631907
acf2db04
089a2821
f4b6f8d9
11f70eec
f2160400
daf2170f
ef32e345
04d6f6f3
e1d02506
fe1f07dc
14bd11fa
07fbdede
e8d8dbe8
12f6511d
090d2832
3215afe7
df26f703
f92b0829
d225f627
0cfb43d4
16fd14d1
e3e9b313
331a03d4
f226fce9
eaffeccc
fe272550
ca01061e
09ecff11
56d4c8e8
34dad6a3
211021c4
c8282c35
f438eae5
12090e04
0ad805ff
1a1ff41a
f9f8c021
c6b519ed
1c1d32cf
0de2c10c
e819fd27
f5f31927
0e09c41e
40e20db8
0e3cf7d9
10e503bf
25351913
0897b20b
2ade0ff1
03602ba3
f04fbe1c
04f9f7b8
1a1357f3
fa130d00
1608eacd
faee29ce
1a9bbbf4
fd290c20
08fa01cc
1804ecf5
24b813fa
efe405d6
00d31b29
02ee0234
e645d0c1
0af1e938
e70f05e5
280e1a06
04e7a20d
bffe2d3e
2301f931
d7bd1004
19d8ee12
0d51f5ff
13043df1
0af3eabf
34dbef31
2c11edeb
39222012
f609f210
071c22d3
f9040220
e8031732
c7f62008
acd3f711
4afe2c1b
fe170fa7
0a5fe22d
0e3ef0f0
00f3e9f6
de1eeffd
dc0be809
2223ce23
410d2dbb
fa31d5d1
dcfbd60f
dc0b080c
0dc8d5b8
0fc20009
2a13dd11
092dcddd
fbf2310a
dbb5ed52
0ffc2feb
f8d0e0f0
1af3e03c
0ddded09
f80eda13
1414f443
ff0a1631
2f13e7f6
d4345203
11f61b3b
f601f9a5
3c29eb03
deef24fe
68fb49e9
d007e5d3
f7d923d3
fc07ef0d
20f2e610
0bf4e683
2c2b1206
f6f1ffde
0606e8fd
f40b3036
f41beb01
1bd2fe0c
fd062b13
0f0e2536
2102e6c7
d612f51c
b5e3b42c
f112ccd4
eed4f7dc
2dccf807
c6eff007
de1734be
d6162c1c
f2fd4727
1436c30a
d9e2db11
2ef700c8
d9ffa01b
0f1b0cd1
020cf434
1fff4c1f
41fbfbfa
b32be313
0303fbf6
a51cbfef
fee8e703
d03e1a0d
fbebf7ae
ecdffa21
1ef717f7
011ff902
fae8fb00
fdfffafe
fd00ef1f
e0f90f07
de1e39f9
0c02f2e2
0a05def4
053dfb10
0eb8eb04
f9070b1a
d94d0703
39f80426
1c0f2ff6
10efda0c
0d001237
a8172909
2025a2d9
e4fd091a
de160bdd
1ff90b78
1d170c75
e4e2f311
c81dd2dc
490e0d0f
3bd6aa2c
3be123ee
3abf2ffd
e8fc39dd
37e2f413
1e0c1a04
ebfd2d2f
e63de139
ee1e0825
043b041d
dbfb13f1
ec092940
16ee25ed
1d06f712
eb0f1d11
59c9400b
15fe1dea
0bc4fd40
f80a3b0f
4df31c1f
19970d43
f6f6e3ea
eeffc812
ebcdf5fa
e2bfd30c
dac8f913
dd251808
eab7db31
f513e100
d427d7e9
ee0c2364
d123eee8
11c7ce18
f5102057
f51ee21c
dfe91f34
f9371a0a
16f8162a
10f9fb0f
f7310ce6
190f0afc
f12412d9
f6f1eb0e
0131e8cb
ef01ecca
d7d4ecef
18fef925
00b0a3be
be07fa42
251f0046
521e18eb
471927f7
030a02cf
01a42014
0a0518f9
ef4f32ec
d1f036e7
d3f5044a
f1055011
18235919
0bf0101f
141613ef
3707181c
03b2f218
0529070d
fe311506
0ebb00db
5fc9326d
13e20d35
403cdcf0
0e013e2c
fef8f7cb
1a0219c4
e0e1fb2e
134df10b
07deefdc
1aff0dfb
ef02210c
fff1e202
0d31f2eb
efe7300b
eeebf90e
eb03f60a
ee27fcfe
11f3f008
d9f24518
0d0abd6f
e626530c
3925fbfd
09f9f512
04d007e1
d9ea1601
f8021a0e
1ee2d50c
bafa4f60
0814f10b
27c002fa
f547e306
f9e1340b
20dbe423
01fdf722
13c9c0f7
f7de3e36
eaf81ffa
05f41315
11d0d105
03ed32d3
df2319d6
c50e2f14
17dde2b2
f8fc2e11
dfe721e4
0bf02f18
fbdf3522
d8d7dcfe
f81c2400
f8dddae5
2c88e130
f215ec03
bef7ed04
010ff738
06dcefb7
14144513
0bd2e3b5
e4de1eb5
0c0b2314
13eb18bd
bfe40b09
c8ecc6e2
2c0cfc26
fd2c1721
e40ccdfb
07f8082a
f5fbd6fd
180a0c07
e4030dfc
0710110b
1ddfe6f7
15fc0e02
14260136
f608ed05
fd131fe2
f8199321
364bbd03
08ddb101
fe47d742
81121103
1cfad84e
08470dc1
ba01f5ed
20ffdade
06c8100a
d4f10110
de4acb47
ede81621
da53e8c5
1015e5d2
bbcad2ef
14072eb6
dfc571b2
d906d3bb
d4eb06da
eef90aed
c4c5fe2f
ec08f513
170715f2
e6f33820
ca00bcce
542cf52d
16162b9d
1816e9fb
e2f8e74a
054c1105
1214eefa
ff041781
b1cc2d06
38f1c4f4
08e829e9
0014ea13
21fc2c2b
11811324
d2c12716
08f5f90a
040a1528
fff319f7
f2f613fa
08f4daeb
0107dae3
460353fb
f7efdecd
f2ee01c5
dbeddd21
f40f09ac
e2fa0bec
fc3d9909
f103471d
f0ed21ec
c6194706
26f8cde2
2de90215
063e46ba
2bd3efe1
03810017
04e515d4
f7ebf5fe
e2d75ced
c6071d01
0404420e
f6f6f839
dae71005
dbba2802
f60efd44
061d24e7
e7b41b02
1cf24bd4
1bbac929
f4df3a4a
0b3001d8
e4bdcae2
f3e1e5d5
0201fbf3
ef197ff8
f6f7fd22
11a55347
39ea5611
a73515ef
904b6213
f012e508
0723ee36
23c31f09
fd0f09ca
fce402bd
45ffa513
0eedd6dd
0dfe04fa
d61d1800
05f40f23
f7ead4f2
050b11fd
e71fdeee
f3ee2c04
22e2e1ba
9519c101
c017a73a
050a0c05
07e619f7
fc6d0228
04e1e903
f70803fe
e705d004
07f5088f
031301f2
d203de09
03f9f8ab
ef042bcf
16e21bed
05b6f12e
f413f0b3
0235d209
eacb4441
f20a033b
d903c5e5
3a06cea4
26bf2d4c
c6ec00e8
f1e4e1b9
f2ee1cf5
e8e7fd1a
f337eb00
4319eff4
f21dfab8
41fe1103
cd987bf2
3cf5f4c7
30f535fe
f3061d3f
f00ce9dc
d51901df
e3ee16ee
f3ed04ec
3ce6ef0e
14ebfbe0
b4e3c744
0b3415a6
36d40ffc
10be3aed
c5f619d7
e943f5a9
18f7e227
2717f71d
f60429f8
2429f202
f3f20f1a
00c8a31f
0504ff4e
17f5f7da
39f43f44
f427330e
2ff11b1e
12050f19
1b150ec8
0d33d7e0
180157ee
f1ccf023
12e0f7ec
37e7da79
ee09dfff
f4da0e1e
f9cf01c0
e6e432f5
1707e7c2
bdf9d0f8
e7d1e605
f939d9ec
03fddae5
fc0ebdf6
fe2201f3
da251603
eafbf823
15c677ea
ecf81cf3
f6f0ed2e
1d19f322
321df7fc
f54fc3ef
fd18e1d8
08f60ae6
52fb0e08
2704e809
1519e24f
fc0fbe05
33e8b7fc
fde0fee7
d81ff605
dc0311c9
2b07ee09
ea20c9e4
e52912d6
03fbf6f3
0e06242e
0b10f718
024decf2
26fdf219
57092381
11472232
defcfe93
f834492e
31f3e2cb
030de01b
f50c2c03
24f80ad9
10e7faf4
f8ff2b0c
7ffae5fc
12fadef5
1dffe808
f2f1fe2e
40f31921
01061101
297fe6ee
ea1efcd0
09fdef09
0d35f4ff
dde5a136
fbec04e8
d11106f1
0efc3e02
fcd5f9f0
11f4deeb
0718fbef
fd0b3019
f40cdecb
0313cc01
3506ff13
fef009f1
682ae524
e21a4337
e10c081b
2e4efcff
0f1112f9
ffe1041a
0fe5f814
f4131ac8
ca1b3c1d
fedae02f
0afae0cf
e10010f6
030e411d
00331e0a
ec090902
cbf77f45
0cc0d119
0ff50e23
02f3209d
1cfdce0f
2902b315
f5befef6
bd640210
0df0fd2f
1d33f7ec
07f223ed
d3f123e5
1fbbec1e
0ee6fff2
f6ea25bf
211dd2e9
f504ea5e
dca6df1c
e1b515fa
f74616de
2d40db16
13defbfc
fcd5ed70
f3c4ee02
f00e0219
e9081804
19dce4e5
0834c619
08d54fd3
1ef0a140
f732ef26
eaf9ffda
19e8f1cb
2ffd1bad
cf2b1e0f
1234f3d9
f4e8df10
e5d10bae
0fbce019
0904ebcb
000bf913
1fe6f8fc
14dc0ffe
01eed3e9
f7de0be7
12f40e0e
16d00206
fa0cef03
d2193df1
f6cfacf7
1305bf30
f702f3fb
cad7eb0f
0c152b05
0ee31206
e9fd2ee7
c3e40c4b
4821370d
edff3a09
0006d8b0
34327f01
11f81d2a
f10a02e3
02dfddf6
e2eac4dc
1aefc420
c4c9dec1
f9272c4d
0501bcff
d4e0d841
fcca012b
04522408
0d1fd0e7
00f845fe
2c65a307
e7c2c7f0
07a318ca
b1d2330e
03ceed3d
1535e2de
f806edf4
c0bc261e
da0393dc
0936fbd7
412f2eec
e10c120c
fa0b15c5
d410db0a
f5f1c9e3
d60d3dfc
13dad8fc
25ec2d34
c71e0410
d3d2014c
03031327
1efe08f7
ad173106
220a5c25
481fe7ff
ff0eec1b
cef4010a
05010abc
e936f9ef
310bf5ef
ef1bc508
0112e1fa
e302200d
d51b2e16
1009e6f3
2d55230c
f2e4e6e2
f2dccf23
f2f73551
f4175633
ad814ef1
3d3bf3fc
14d5ff09
38f0a8e0
10aff621
f1032f1e
09b9ec07
e3f205fa
02270014
052d040b
f8070d3c
d6e1073d
3f2505e6
492b1409
100add24
cf0ca7e5
dc2fa4e6
2636ecd8
1325ccf7
0d14ba16
f8d827e7
260cf8f1
17070c0c
f33101e0
48610b50
15180ae9
19f3f603
000fc430
f4c7f498
fe16cdf3
221ae9f3
21d611f6
091efcf4
f4021213
0806ddd1
e23bf4db
f921bed6
fd1f21eb
2b01111d
0b6ceee7
1d1a10f6
e80fe15b
0b38ff26
52fdf0ee
e2dafd55
1dec28ea
47f9ebf2
f1a0b2f9
34f53326
d1d903f6
d2dada15
e44de90e
0ed3e407
05cbb8ef
cbfa21b6
19cee1de
feb5dae1
020ce518
c4e7ddef
fd0c4044
0c521501
cce3141a
140910d8
06e63051
3e0f1dfa
c0ccf2fd
0fd1e607
cac514dc
0027e61c
bacd0003
390aeee3
fb02430a
f6e7f918
e802e9ec
121fe2fa
fe09f7f3
eedef418
06fde6f6
ce21f807
210ff71b
f7080ae8
f8d3feb0
1518690e
1f050def
05ebe51f
1802250f
fbe9d31d
e04ed9e4
f017541a
b8e22bbc
1802c831
cf5c08da
050df8d6
06d1f415
1b08111d
d102e5ee
f8011529
1dcc0b27
1be5c4f8
5601dfe1
1b0b0ecf
16490f02
4c1024b6
0a0f00da
0914e90e
f9f0fc48
b32b06de
f5f7e82c
f4f7f61a
0e211105
140704f4
1b4527f0
f0ee05f6
0ef7e931
d41c03fa
fa21d6c4
fbf203c5
1bf527e8
c2f94306
c95405c5
3f9feab7
02ede3f3
f329b4ea
021912e5
0de5e6e4
17eae6ff
e4fc2109
e55c5510
e2f4d9f8
0ff71168
001c17e6
eee4d7ff
0c01ee46
08e2f8d4
23fec0c1
192e16ee
2e121426
ffeae188
ff34d812
19f323cd
e70c04e1
d7102bf8
e8f40ef8
f204c0e4
efe6f008
eb0615de
0a34cbf9
020025ea
e4ec08e3
53ed2e14
d90d39fc
21123522
27d7e6c9
fe4ae2ad
0a2a2c16
fff129cc
0802f5d7
35cff9f7
e10800e0
e325e621
2d35d605
de18d1e4
2e050409
1cf31c0c
0ce401e2
f221f7dc
27ab140b
fbf72b0b
fbe5ff16
0419e7f3
0ae20ec5
143912f4
0ac1b334
282d321c
25e7f73f
e72df50a
bf08faf8
19f41f26
32e034fa
f2e3e07f
100e0dee
f546f1fa
0dc81e00
16b8de09
11ec2215
f23610fb
181be8d6
001ffbee
06fc03ed
e112eff5
f8e8dfe3
0ab6d1ec
26d3f5f6
14d1e6cb
f8e9d7f4
f72feae8
fa1c16dc
fa0b07ef
0eeffbc7
44ec85ef
0017fd27
ed3af91c
e4f1d425
25df1ce4
f3cbeeda
14ebb2e3
26f4e229
def3ebfd
00dff601
3405dad1
1009d814
fef91436
105403d6
e7fc51cc
f6f61a31
14db22ed
c8fad3cc
0004f62b
1be310f4
2cf2f113
fe3c1d18
f0eef710
11f9281a
4311dae9
d32823df
fb4cdef6
020af51c
fdef26ea
09dcffe3
c213e402
f8eef40c
e04d030c
fd0ee412
02ee8917
03f50707
f824f82c
ddefe016
fbf819ef
f00e1ad0
0e064ce3
1e0ebb0e
de2c0d35
41fd39ec
191fc000
0521ef03
cd05edfd
19e31ae5
2670a307
1717fd21
1a27e0f0
eca7ca0d
ecf1e239
eb0a23e0
ecf0dadb
dffce80d
f3fa3038
eb09deb9
dbcfdaf7
000828eb
1308c617
1340122c
3d1257e8
2107d8d7
2abfae22
f0211132
0af23117
3b012f03
15ff00f2
1be6f112
33eec2f4
1409f026
f92c3319
e6c6eb27
1c19da05
13f4e318
e30b06f6
b030f45f
f1daf8cc
d6f8a9fd
fd401df4
eed315d1
0ba2d8f1
0f5c0ef3
eccf07d4
f0f203ef
2b2c5b06
0d06e9f8
ebdfc6f4
1e081220
d10d03e7
25c5f512
d952f829
f6090000
062d2ffa
ed11ed09
18faf404
021fcec5
2afb0e00
face28e3
3f2be3a7
f7e4f203
0610091f
d915ede2
f1e64113
0008cc2a
030aeb06
b8bbddf9
f111fe15
e8dadf0b
1c021ffb
d6e10515
f6bd3f12
061f19d6
e6f9505e
101320fd
14f91a18
04d8f0f9
2401f202
270733c3
05e21457
bdc4c815
dfdb14e8
1f400d0e
c030fb3d
f50c1107
a7dbde1b
feff230e
e40ee022
e31418f4
070c1dfe
f931242c
eb010208
faed18dc
fa204b09
1d0e5c09
e2fe0e34
0befabef
1a150130
6ee2ee04
fdb5a11b
ff00197e
065ec2d5
052fe106
0a23ebeb
1619b8fc
ea02fd1f
fc19bccf
e88af90f
caf9121c
00112627
ed04e13b
e0ea22cb
30f03909
b63b28f4
f0bffcfb
e0ce2132
030ee248
39d0000b
09ff0022
0a167704
07b41f0b
b01310cf
f4fcc5e4
0bff3d38
f62420f5
e8d5f104
f7020818
15204201
1d08eff7
16e0e810
db0de9f5
eef30ce9
e7f1c3d8
d40ae37f
38f2f936
ed2e1fc7
27dfcbe3
100ce4ea
181b160b
10dc4063
0a2d0f26
3cf1f6de
8cfabc06
c60ce236
27c40c0c
e2fcc43f
182402ea
13f8e90d
f30c0963
e01116d0
0703f918
37071815
dd04375e
004dd920
0d07f510
23091832
defc1f16
de1f1f20
0004f6cd
f50a0ce7
000a060c
260a0a32
d7e5100d
071f0109
0f10efff
e9e80bc9
1f04e5ca
0a080709
32204a4c
0fe8dd49
f4c1eada
fe0931e7
62f4f7a6
cb649100
00ff0df2
cce709d1
ebf5e124
f7faefd1
161ff5ef
30aad410
21f0f80f
374bb34a
05ded22e
f803fe09
f20b1aff
17f81600
24ce10d1
f8010c2c
f90a13cc
19ff25be
222d01b5
f7090e11
0511d819
f0262af5
0f45fd0c
024d28d2
e45feffc
170a5f0d
521d0bf5
23272a59
b41db524
060f1401
4e052059
081f3238
220afd06
ca442b0f
fcfcdede
2501f4e1
d01a0703
ffb111dc
210b1007
1922fff2
0cde0ec5
18e20eef
041ef752
122600a7
e4d21ee5
fef11413
39e9a4f0
e60c010d
0b0c25fb
55eef803
fd0dfe51
54eaecd7
3ac240e9
ffe70ccd
01f54213
1c1126f7
c52cc5dd
91fbda0d
ddddedf0
1dc5f8cf
15d824fb
1dd42b21
59b21312
02370fec
fbe517bf
b60d1031
081bf852
05dd01f8
443ef9c8
23f402d7
231638e2
ff2d0ee5
11e5e713
f206efe5
0f10d1bc
28bf0c2c
0507ecf1
2520f40a
0810050c
01e8f9fc
26f2080a
1a110aba
f408d711
0ae2e1f6
d6fb0f24
c15afec0
16f3f831
f719111b
f7010037
e93f17fd
2624030f
daf428ff
d0f705ed
edf81f24
02de0dd1
0819fd02
fcd5e407
f6fd1004
ea16f5c7
eef8fdf5
ecb70df1
ea29dceb
28f0e4e4
00290827
20f3f70c
daf4ea12
061716c7
e80f1cb6
fc041030
f935ff32
303ab9d3
0ced12fd
20c72b45
f822f2f7
1215ee4b
f904dfdf
0a03fbec
0320181f
21fa07da
100711c0
176aeed7
d6b23821
0a02f8e7
0816f405
d1fe0523
0c2ff304
df13b5fa
f82d13cb
ddf2c4f5
1e1110ee
f1001000
33b41814
fde7290a
ffd723f2
c42acc1a
124a09ec
d51edd22
38817ff8
fe0a0f24
0dd8edf7
fa09311f
0bff1702
efb8f5d7
faf1f640
2606d63a
400bee0e
ea062e16
e710fbcb
120ddcee
2f0715fd
eedd16d0
1512fa2c
d916f6fe
05fac100
001108c7
fc2800eb
2bd61348
f91245fa
c887f60b
f4230816
fa44e8d5
289a07dd
1d0708f5
f31532fb
19edee0c
f3d910ca
f5fe10e7
d8020bfc
eeea0a09
1c111ff9
2c010556
25fc191a
ea19103b
17e5fcf1
1acd1617
fff50a19
ebf822e1
080fe807
053a0828
20012ea6
9c9909ee
fe0f0ef6
f1cb4f05
cedafc14
0c35f918
fb05c1fe
f4f002c6
26e823ed
fd0b3ce2
13121eb9
0bdcdcf8
1329f7bf
ec5532f4
23f2ddfc
1aeafadb
c7f50ff7
1700d102
07f020f8
dfde1a1c
13cf1010
3b20e310
da1b2704
fec3ea2a
b0d7fcc2
f8eef6c7
f7ef02c0
cb130022
33260bd8
17f4bf16
eaa50cc8
13ecfefe
1502070a
2acbfff3
011813e1
160afccc
d426fdda
261612e5
1d0937dc
fee3f347
cdf31c22
fcf9dfeb
feddf2d3
7b06faf3
4f23112f
010cfd12
f03804c7
e7e31cca
ffcf13f9
ead7f65d
093014b1
c0163edb
f6f122f7
082bf4df
473b061f
2c0c0233
f4d31a3c
2ff2fb16
ffd5f82b
082a2a0a
cc29110c
020d1636
ef06e199
f10385eb
f006ea00
03f7f8f8
7f050301
ed05fc0e
f101fffc
05000afc
f50afaf0
ef12f24f
9ee3f655
10450426
f9b8e411
430aedfe
f0eb0be5
edea010c
54f02e09
06d61610
fbc6eb18
13c716ce
fe12fa0d
46fbfef7
ee1de736
e8dbfd14
9e33b70c
0acceee0
132ee005
ccfef421
f7b3112d
d110f5e5
0b0ae841
1821071d
d02bf3ce
e7ed060e
18f4a707
05fa402c
f503dcf4
f0effc14
f00bf41f
03e1facc
f412f9ec
fc230dde
06200d2d
c8144fe9
ffdffddc
20e5f130
d53906e3
1a1e4404
e9301720
0a0ee396
0af981f5
dc0700f1
04280be2
01f91233
fffbfe18
1eed22e3
ff0f0dde
00f81d1a
f01df7ea
e41dde40
f12109c7
08e4d42e
131b17ca
1c02eb37
ffea5702
18dced2a
3a2df620
fcf206e0
fede462e
c617eeee
0fed1605
03e203e0
f315ebec
11120bf4
03dafb09
21eab60c
0404ed1f
2fc31d07
0af309e8
2a0444e6
f52ae0e7
f30ffe13
09dd3100
031532e0
321fee20
e0e4f222
1615070a
bcee021b
08321b2c
ffe840ee
460f10ed
04e5f8dd
f23d27e0
ac1736db
eb1df5fb
0ff400e6
1215f708
2d4b1b38
2767f242
4c0c0595
f8201579
0f03fbfe
f8fd13d8
2c19fef1
5e3ac3e6
19f71438
f5fdcdf5
01f8dfec
f72c16dd
ec09040b
f4dc0bde
f9f7ed0d
e8091eeb
e32b0317
1052ee1f
cf2127a4
f705f3d5
edfe0edb
cbda09fa
c835d800
d6e10013
e91cfd19
a4f80036
2b01f312
fa63f126
02efe9f1
0935e8e1
e0dec6f7
44ebf814
41066a36
271bfbf0
e719fafc
52280d08
01e0f415
0c1409e7
04dff7fb
07f41207
2723fa58
220f03cd
4007aa03
07071baa
c80cfb40
f8f321fc
e53cda10
15f9e0ec
e7e709c6
d3000b3b
1920d04f
031dd4ef
f9d4e40b
1b2ddfc2
d0eb2cd1
3a0a3116
e1120e30
04da052d
d002e4e6
09090ce8
090134cf
dcf8e9f4
08170ce1
14095ff1
f814efe4
fb10f5d3
f808130c
062515f2
f21fdcc8
1b12f321
0df70901
350afff9
0f1de83c
0d032c20
ea03d0f3
ef03e92d
08fae2b3
03e5f6e9
fd0004ff
f8340b10
dcf405f1
e4f614f1
e3d2d3d0
eac4ee12
5adb0b30
ec2713f5
0eecc2fb
3c14dd1f
f0181eeb
f309120b
fffd5102
f2160444
20e9e7ea
f6e520e0
e0bf1db7
dd1f1830
f607f512
d3b508eb
08fef9ca
07b8080c
35391227
eb35fd0a
f805f7f1
f8e66311
f5173a1c
f40cff0a
d1cccb10
fadc1807
30befa20
f50111f1
f4f8eb1d
401914d3
10332346
f20316c7
02291128
0d070b00
fc00e31d
09eae8da
0be6061a
d5f3f6cc
06e50d43
011cfde9
0339ce17
0dd9c62a
b1f1c1e0
db03f9de
3f012740
f50b0303
81f2fdc0
072bd51f
0402f4f3
0ceef617
ccf31041
dbd2fce6
faf70ded
e7fc15d0
15da020a
1f0822e3
3242f6df
0818e1df
eaee6808
e5a5f5ed
7f3bc71e
d8f2cdeb
f5e71501
26ee10da
ec182206
0b44ff1a
e6162b0e
0bdef0cd
0b40de81
f827d131
0fe8fb2a
fa491344
00f9e8f9
0946e6fc
5ddab13c
27d42498
dd1d13f1
078605e7
2403f6f9
06f61408
05cf11fd
071bf816
de05ae16
f0fe19dc
f711110f
172510f6
eac820fe
0d12e1f7
cfc2d0de
f227e8e6
d5273cf9
1c2c0803
21cf30f3
0505f912
ec03fc50
2615ef04
e21108fb
ddd2240a
0d0c0f02
c1f0f1e5
fae5f013
0ef94bf1
e5132f00
0f0b0310
28defcf1
050f36df
d1e7e3fc
e80ef4da
fb12cb51
24e7faf6
22ef011e
5e0af71e
1f24d8f1
10011030
11e2e616
1cedffe8
e61f1502
230c13e9
0128f324
621eff2b
231a02ee
ee1703f0
2d27de05
3b03f913
df21261a
07e2511b
fadd0b0f
be0b0be7
1c135d26
0b112a0f
21d8390a
24daf434
0039d6f8
03ce1ae2
fff64ff7
08dd012b
df1041e0
0ef7ffea
d6e8510b
e301f8e9
0d0805f5
de05e81b
f006fc16
0a0114be
e6f32fba
0ef0de84
1c8efcf8
3bf6f8ca
eb5614fa
06fd19ef
fb2904d4
3109e20c
f30aeafe
f73b12bf
06f993de
d8c90142
3500d619
10e1f105
fb11fbe0
e7ea1c06
ecf9f0fe
05180f16
e1fa0206
e9f7f3b0
0514fa03
20db491d
1041f5ef
fb0414ea
e502e813
fdfbf505
2cefde25
0c0026ec
28dfd515
e821040d
f60ceaec
07fbd2db
d8083635
fd20f5aa
2ecefff1
eb3eef0a
d2dd15f8
b11f20f3
03380224
1104f5ed
eb2116d6
f4d72032
f74500e4
cde4fadd
421ee5d2
000af105
ccc6e8de
e4dd03d2
d726dff3
f5cdf6a9
05dff7e2
033afc0d
ea38e40a
2f143229
2211076b
074119f7
e7074ffc
0496fd11
b026d505
e2ffd8ce
2b18cd1b
2d20ddc9
010dfd0c
1710ff10
2fbffa21
f514f29e
f4d606fa
102eed0b
d90e270f
e50609e9
0104edb9
01f215ff
0c0401e8
f836e7f0
d72bdc1b
14110705
ef040ffa
080bf3c8
0a440a36
0b3710d9
dde012e3
fa15be24
15f2f204
1706fd36
fcff19f8
ec00ee15
f608091e
38eb0e04
d1b14b39
0b090521
a2e7c62d
dfe81ff6
e62607e4
d50cee06
fef5e933
302312ec
39f4d937
fa032705
ba240017
112a032b
f13a090c
1b22d50f
e3153ae4
dd0c11fd
22d6f9d2
2546fb0c
14fcc2cc
e00e11f7
f407def2
e6c637f7
341b05c5
edfbec0c
12d5f116
0a09fc13
f2d0cd12
2e03ffbf
3219fff8
ffbdbfff
fd17fdfe
2c1f0212
21d7fd30
10ca2604
f62bb128
0a000adb
ec0c2226
4cc728bd
f6210211
052e1709
2ed71803
1bfec9dc
02e9fff4
eafdf9ef
c62c4529
de0e2313
01ecff73
e2c93a5e
da3118f7
03cce0f8
2826e732
0210f4d9
0a00f432
f2c93eb0
da0f1901
ffe0f5f8
ec160129
111f2cfe
0813e213
fdf01aee
03b8d5fe
11362ef3
f9effe28
fb2a1119
f1fa41ee
01e5f2c9
2a49f303
ffec1407
0df205cf
0297270e
0f0ee9e0
05faaa03
fcf3ee03
161cfb1f
14f41b7f
07dc06f7
fb1aef0c
1b0de1d0
f7df05ac
e6ecdd22
d5381af1
e8e3efe8
e0210ff1
cc550b47
b4111013
f8dc0247
30140f2a
f7f7ddc4
f2165b37
fddffedd
9bfbfbf2
25c402ef
0cdd2405
c6b233d9
e633ece1
cf1900da
0d3331e8
15f0d230
e0eed5bc
fc1bf548
3fc10511
b708f6f4
f40bedbe
8a27f8f7
f94c8133
0b2d4ac7
a20223c0
a9d1f13d
fde829ea
0d16c9f5
ee03e2e7
0b170274
2306ff01
f70ae312
ecdcd7b0
eab20309
0600f9ec
ea050bf0
f636f0fe
ef1310e6
01c50f03
0831f52e
15a68a1b
d6e7f5f6
e8e71a28
4307d4f0
fee1ea0f
4615cbf9
20e6fdff
f4a8dafd
18273fc0
ee35ff13
b4ef121a
c2bc1bdb
01fc0af7
0fe80a35
fdf9f607
044d0dc6
1fe5d03e
f302f3da
f411c9ee
1d03035d
f7f2ffe1
f03c1e1e
210cd40b
01520024
426bef2a
0cfbeddf
1110ad2b
f6fb1418
d5f7003e
15bdff81
03c75ab5
0c2528f4
fd2407f8
e5e9fd08
da112cf7
d5bed51b
0f180709
18e31a5d
ff34ffe2
f3d4ef63
bacfe622
2e3c1eb8
03052305
efde0b01
fad117d3
f1bff4da
f3230112
f810f90a
4bce9cf7
22f7f7ff
dacb0ac6
d2f1033d
e514e510
f39226d0
c42037ed
18ecc6f9
172af1ef
011d0f0c
223b1311
e902451f
f2d1fbbc
d04d0409
2a3bde4a
1622f442
422f5305
fd03ec07
d5bdf1f2
f514f30e
ca0102b8
fdcefac4
17c21f0c
0d08e306
dd052de7
fdc91a19
08510efc
3dc40a26
fafaf3e7
f3e81cf8
d90a1413
1e1c1bd3
f8fd06eb
30eb03d1
26e20300
0026cce0
ed194ee1
fcedda04
e30702ec
0a1ef9fc
e5171641
fd040012
04f023d0
0c12eae9
f80501c2
080702c2
19ee1697
f8ef12c8
2a190603
1c0e1afa
fc0e2cea
df43da21
08d00bc2
1edd0dee
147f0822
082e1ad4
58e80c14
f300e305
07161bab
fcafc61a
a1faf6e2
06f8e3ea
fbfa1905
f7f708e2
0b10ff64
0b0d00fc
010203f6
06fc02cd
08f21541
0909eeeb
ff2b034b
f2f10c00
211f3003
02ecf1f4
d5ee073c
e22bede2
e9f9ff16
fe1901f1
29e5f8fa
ffedfe2a
36fecdf7
f9b0085c
e1eb4120
e702ee10
eadef5b2
1a070b39
fc1022e5
eafc20e4
0e1ee2df
0ad7f2d9
ce09ff08
26be09ea
39e4fd1c
d2dde619
1ecc08d5
ec2b0134
13eef720
f8f3f9e7
fef2fc07
17e01f25
09cc0a04
cfeb0df2
65fa18ef
01bc120f
dd1d0512
f833e2ff
c128eae4
b15b26fe
030404e8
17002b6d
0e222b05
022df513
1a21d105
080d0212
1e1e0e00
273b30ec
f9daf4f6
1d03f8e7
11cef8fb
0ae9edfd
eb1210e1
d710e91b
0156bbfc
e334330b
0ee63f15
e9f112f3
ea03fcd7
24c316f7
121ee25a
e23a00ff
1af0200b
1a13effd
ef2eff22
13f0d1ed
2ac4eff8
eefc2339
0acd1af4
2e110c0b
07f31de3
04df0319
130bd23f
0d1d134c
0ffe3012
0ae7e0f7
18e1fd37
d9f20ddf
0bfff702
fdfafbab
14091e0a
43170df1
00eae6eb
f6f5f614
1107653d
1022ee22
16fbe9d2
21200c0c
12f706c8
02e400f8
15e7340b
e0cdfef8
c52a3e11
11261b08
ffe61507
0700d6e6
100301cf
44e2e29f
fbab2a39
0024f9e4
e7d2ced7
f5e0fd0b
d802d3ab
fefc1811
fe000e6c
dbe1e520
d8e4f20f
1826f004
0afaedd5
14d5f421
104c04fd
d4d90ffb
fee7005b
44ff03e2
fbe5e8de
1852fe36
053010e6
ee40f817
2d091c28
e4c4c4e9
211cf9ed
13ff18c7
ce21f7f0
fb280851
3913c105
0ec7060a
cd20e4eb
d3203fe5
f817f802
461e04e8
f204221a
fc1adbf4
0a31051d
2216e5b7
ddec094c
1e0853f2
f51af5de
120dc20e
f2f4fbcd
110841e3
d80c33a5
1b2c08f0
13c7eef9
7245f112
fe140a09
06d9fc29
fdf9fa61
f81ed2ea
43261a05
303511c7
e3d30f08
04ccd009
1efae300
3323075f
52ffeb23
04fce3ce
eb1708f4
150be3d0
ffe217e6
daf79fcf
1be1f124
e823ebda
21eb1cf2
fd4a18e9
2628a808
f61c0812
ee1dee10
13fa950d
03f3e3af
030e0715
cadce500
26f50208
00070501
f004ee2c
0cece1f6
fbdbe2e3
0512174d
dc14150e
ee1b1cf4
facdfd02
2f0915ec
0510e41a
f7633efc
ea5f0de5
fcdc1606
1900d5e7
28021ee7
d403fa05
c2f8f300
f4fb0413
44141407
07ed0727
f1810436
2a26fadf
0918cb1f
1327e3f7
d040b7b8
0e101ce7
f719e5d3
9f336ce6
180d05ec
01e12055
04a725db
0032bbfa
2eb0df0a
142cf90d
eee8ec1e
0cef4117
11d3fd19
c8fd09ec
ff02ded4
fbf0fadf
59f6ccfc
d814e1c9
f302dd18
d1474ef3
fc1af7c3
260ff60b
65f3ffd1
03a0bd0f
21b1c5d8
1bf2f126
29142ce5
dd151bee
2408ed0b
e51801e7
1de004f7
09f4124a
fbf95817
c6cf0a1a
f80de7c5
ff0ece00
01fd1e20
e46fd4ed
d60cf859
f71238d7
be20e4f9
0c31e7cc
187fb538
fe1fd504
def6171b
45f60c1c
fe0b0efb
ea1bfc43
c9211f16
002b0512
47f7ec09
f612ecd6
f7ee28f0
e7cd2dbb
fa1023de
089ce4df
eaeaf913
32020b12
53262309
d5d2cf02
0ff5eef9
18fd0d0b
d2e2cbe6
0aa5f3fd
f214540f
de2aeeca
e0ccfa03
ef3432e7
16db0386
0cdb2f27
f21ffcf5
f829081d
e0341d2d
24d407ea
18350530
12f814fe
08ecfd1c
19ff1ccd
13e7e8f6
f9ffd214
13c04139
07eafa00
dbe6fe28
101723de
fadc06d8
f614fa2a
da10aa0b
fc1b0cd0
0bdbb3f8
fba20bfa
e8ff05eb
def7f1f8
b607f619
1102f6f9
d81c0e17
0ed306dd
39461c9b
ffb5f1f6
ebc41af5
0a3dc90f
130b07d9
fee306e1
29d516cb
1003e3f1
bb2f542f
30f702ff
0cf5c224
33c5fa00
f3de0ddd
d6360610
f6e047fa
e0021bdc
e7fe3429
f60110e5
c1bb07f0
ec0e0e11
fff60a83
d627bff8
df11cef0
f8f8d858
1b2117d1
1efdee12
b607ff1d
0b0cf125
0cc71876
c0ef1440
2122d54a
f590e5e0
0a36144d
47d91200
fd3f2a35
25ee00e9
f4ef1c17
d4f5ee2b
1211e4e9
f51716e9
fa0dfff3
1421f8ef
ece3031d
feabc1ef
16f80c1c
40d1fecc
0afd2208
04d51ff2
08d8ecd9
fce0fccc
1622d80e
f1cd0bf1
f3ebf8f2
1a2cd30b
e5e6e702
e03efaee
35f6edec
faf9ebe5
e402dfef
0a1fd621
fc111507
b1c01d01
022f0f56
07260117
0901813b
c1b7f155
2ee100e6
1f36eaea
f419caba
eb14d5f9
0eefd014
03e708f7
2613e42f
f8f0f904
e5130d2e
1a0ccce2
0123f511
1d1404d0
fa16ee06
0233d00d
22f6d902
f505f91d
fbf1f8dd
e70712d7
1637f721
ebe80f15
e8e9d9d1
0e2de80e
0dc110f7
2a38201b
0204f91d
603512df
0aeafbe4
ca120530
d50a3a37
f20ce616
c8e426f2
e5302906
1ad00026
333debf3
04faf066
3eaae277
54eb26ba
0b08f910
0a0e18d7
2860fd61
df2d060c
e717f5de
f2021de1
d50d25e2
0d0bdbfd
f7e1f022
36c7c429
b11116d2
e2c40502
4be21e2f
0f0df33d
dade17f0
0e161b12
eee5dccb
bf252aec
e6e6e7f0
e32208e6
030ad8fa
2408fdca
1afafbe4
eceb0ae3
0f1ce1df
05e015e2
e91403ec
4b0eeefb
01f8f5fc
1cd0053e
08fc2c38
d6eafcfa
08f8fcee
d6e3380b
05fd09d4
300f2829
1c20e0fb
f3f3e609
1be72b02
fdef23ea
efe610f1
f1043ae0
e60f05fa
f8f81d0a
17fee3d6
1d151823
e33af10d
17e908f1
fa37dc0c
ffc04de0
1e0e12f3
0eeffe22
debb7bfe
eefed743
1514cb1a
0d27f436
eb38e908
bd09f6e5
e3060f02
dadcfb09
dd2e0d02
04efffa7
f7063af5
0b08f710
1dfd07e6
0008ed8f
e7090b05
e10a0805
ef091c98
ee26e7fb
0bdfea14
03162f1b
0c36cc31
fe0c50e5
e7e5f5f2
ae25e912
29e601f2
e1cce552
11d4dcec
1df8c83a
06bd3721
083ae8e2
22f9023d
f2151632
fee3d1f4
0ff98359
f308dee5
f1fefffd
d3fa02ee
02fd0b48
14ff01fb
09110bf8
1bfd0454
f7fb1970
0833f3ff
011314f7
fcdb02de
be2b1a0e
eadf06fc
fffddbd9
def3c848
033f040b
1b7f0951
19ebc6f4
0d3ae612
7b95050a
13d907d7
22311f21
44f50cf1
22e2fa1d
f6d3fcef
07dabb21
f0cd39cc
f2c80e0a
0742e803
070ef8e4
f9cf1be6
18efe603
25f004f4
020afad9
fff3e60c
12030b12
f2100428
05f7eb25
eeed1b13
e2f7f540
a3e8ef19
2a220306
05fed0fa
1eadfe04
0b2a0f53
f6a2330a
34004800
2305fcb7
08f0f41c
094be357
ea0bfa15
2a33b326
d81511fa
19eb36f4
0206fafa
1c2f010a
00b90c08
d8f0cdc5
eacffad3
d8d7c31c
d7ff07f0
eff2a937
162dcded
17d2fff1
f5feedf5
2608f612
f8e128c0
dfec0204
f0e8f00d
12fbfd02
e11e0144
ef0dedf4
d04a022b
ef06365d
07232912
2629f910
d0e823d6
eed90409
2f041b30
04fcfbfe
37c2f633
d604eed5
fe1f183e
16fa33e7
b9d6d0f8
2300461a
40ef1400
fbeffd0e
06291e96
7f270cea
055bf2f7
4217e117
102707b5
f3ddcff9
de2426cf
12c10634
c6032a18
d9f7d6f5
08d8ebf0
c117b733
d9c50e49
fddbd4b3
f4ecedd9
f71a00cd
ebcf0cbb
054518e9
e90814e4
14ea1815
f0da1301
0dcbe353
f8e4f008
f603040c
e30404e4
d7ff341e
dfeb092d
fc0e1c0d
0e09fc47
131e02df
c2132729
e82114f6
21cbedf5
0211290b
fc122a5e
1c3bffdf
060910da
0d3dd7ea
d9e83523
1156fe4a
2a340b1a
7bc44afa
01ed3fdb
d27f7e37
7fdd8160
f8b82343
d09948d6
0caf0af2
f52b1aff
21181a93
ead0f049
39c81bfd
e3ede0eb
281b1cef
3b04e5df
efdd0b19
fed1f7fc
ea1104b3
fdb83e7f
17e80f26
0ef80f11
17dc13ef
2d30c502
f7f8f4e9
e8e00015
f21602ca
f9bbf817
e9f5320b
f71df423
131ed607
0a36b7ff
040208f3
ed000f22
f30ad0ff
f1560408
2b180702
d31f07ef
1427e4fa
09efeff9
fa3ff70d
a410020f
aafc7307
011813de
d8fc24eb
fde52f3c
d8c97fd9
40bdadec
1ef60658
fb2eeb2e
0f1aed15
f31c10f6
a4fab81b
05f507ab
f4b6061c
5efae404
00f1f7d1
fe2b07c3
dd09eaf1
eaeafcfb
1031e5ee
13b806f5
1324dde0
00f4b5e5
e7fbebb4
7f27ebe4
1aef1fcd
05f929da
1b00cffc
b8d9d9e1
0a003ff7
42dc2cff
f115ef03
db002e10
f0dc0bd8
07c5e0d5
0105e65d
3401180b
0a1cef36
cbf6f3d9
050bfed0
2a02e32e
230bd8ca
030be3c0
20e5f1e9
08e604da
e119dffd
ee3316e1
fb0ad518
0df9031c
fa050bee
0b011f10
f1060a19
08fdfffc
ec0bfdef
f40a0fed
03ef11d7
e6d81fb4
1234da18
0af81112
ac2ccce2
cce01c06
1c4ef0a2
e0969634
10211fee
5d2bfc03
c9d7a520
020be801
f0e6d2c9
0bf8dcee
efddd214
cafe2609
0e07fb98
3cadefdf
2e18280c
fedff915
fa17dd02
fef7f9e8
0c380cd8
2cfdfcfa
f10d0312
e01bf265
06324c60
feed002e
41c9e9ff
fe03fdf3
e75c0c20
11ef0d1f
e31625fb
f40bf8f3
0ff7f00c
070a00e0
36fd0438
0603ff23
f314da17
0fffcae8
2cf8200d
e9040802
fa111102
121d0502
f7ed16ee
fbf805f5
edf70a09
0613001b
13ddc6aa
e10229ca
1821e40c
e31d04fd
100fffb7
f1fce92a
0f02fffa
0e1510ec
1ce125bb
efc503e2
16feee10
031004f8
ee05f71f
14ee0e41
e5060424
f5b315fe
17e941be
f4e6053b
fef2040b
35effc16
040ec73a
22f30108
ea0b090d
fb150712
fdf66f11
0e0300f3
c7ffbe2c
dacc10ec
fae2d7c4
0b0bf014
f5e401ff
f0e4ff17
e01030ed
f407dafd
16f0edf4
dff8e224
f3fa022a
04fafffe
140a0f13
fbf2f6ec
ea2f11d5
e7c0d246
dec3e719
f6fd05cc
f5061ab8
1b3ce033
111afbbe
e2eb0d1e
f4361223
101ff8e5
dbe6d404
16d5d9a9
e726f5bd
fbe8e858
f2eb072d
342b0d23
0020fb15
f6d2081e
0bfcfbf2
f9dcf2d1
a4f8eee7
16dffdf9
ddd0e0db
1c15e3f6
d4090e41
dbf20d13
4a150b35
f7fa133e
0c60eff5
d6050b0d
46f6263a
3f2ae0f7
03210def
fed9e32e
12d100d0
f9fde42b
62fcf6c6
180105c5
1006070f
d411f3ea
15fd6b15
061fdfe4
eef7dbfc
04d60fec
0b062573
0c22f903
fb030eef
1bebe42f
0e0101f7
f1de0fc3
e020e83e
00fbfbf5
d2dfd017
fac5f81a
10f71bf8
a5f3bbe8
faec18dd
f8120cba
a7120eb9
129f8124
fd3602c2
4f481c16
4200e10c
b855e1ea
df1cff13
27f81072
eadb0600
0e1a222a
2afcc521
fefc062c
03e2e705
ec002827
00e301f1
b9050417
e8d32331
fd14d92c
bd49d30d
142ae348
ec1ff5ed
1101ecfb
ce4afc51
f7d60cfd
08fcd8f4
fb0ec9a7
96e401e8
eb1bfc06
ccddc90e
db3bfb06
11e50271
0cee2922
5201e7d3
f2120339
059a1f27
0c0f211c
ce82dae8
f2e20abf
fb1a0d97
fdd2e4f8
12ed0027
efbb2510
dcd0d6e9
0c08fedc
2abf540a
2b4d0130
29fc0edf
15f4f2cc
1ae3a938
1f1deb27
e81f1804
e62502db
18ec09d1
efe7dd26
1ffa0ae6
d13ce4bf
3f181fca
f4f1e711
f10d1d18
2716061a
fed8f7e6
1b3f0cfb
eefc2201
02fc00fe
fe03f703
1106fefc
08effcfc
06020005
0100f502
fafff5fc
f6ff98ee
ff0419e7
eef7fe0e
d519fe21
f3ee23d2
0106fc13
fffefc08
f1f1faf0
e90af1c3
022deaf9
40eefd06
09a51329
0ac609cb
3afcec02
13e9fcd4
f719b8ee
dbea03ef
32db2a1d
cdefeada
f039fda2
1adec413
09fde8f3
d731ff41
e0e5fac6
1f380500
ee0a0406
ebf6cb38
0526f604
cbf2cc11
f7e6f631
17ee0241
052ee5e8
02f6f724
ec12f214
f402f202
29f810e5
2309ecf0
1cfaeffe
fd14fa0a
e3fbf621
df0b2617
1505e9ed
2ffa00e7
e612f216
fbd5de1d
e7080c01
dfe60cee
c3240327
2019f73f
d327e6de
be1cf300
04fbd0d9
b52de2ff
1ff9f04f
fb5704cb
1e1cef12
0cffef00
ff05fb06
090608f8
a0f701f9
04030df7
0a070306
f8fe06f8
f9fbf105
020f059d
211e13db
f715de09
fca101ff
ddf1c4dc
e1f7f80e
e7ddcddd
dee94907
1f060ee5
25dd232e
2d07e211
f8da2600
f01f26d3
d1fdf913
dd1821ea
dd30f8a6
08c2143b
d1a7db35
d035301d
02fdfe01
0bdf0c02
f907e2f4
c3b91014
2ddee2eb
04e0fc4c
e4f8eef1
eaf426eb
fd201032
2b1ac0ee
23140718
44c10ccd
38ef0905
d0dafd00
1bf7f8fe
001fa8c3
0eff1844
54583ff2
08c9e8c1
24ae00eb
d028b914
f1e90ccf
07dbf8ce
e8dc02da
06c006e2
05b91426
f0431206
0cebc9ed
072d0efe
1fc0f4f4
c4fcf5b6
f7ea33e4
fd0f07c2
f63218d7
f1e50e2b
e91031f2
2a02e700
f9e2f415
e1e90f34
1a26fe0f
ed12f1fb
033f0922
2bf5f00b
2e0b0614
1d33ea4b
d01ae4c4
e426ecd3
01ea3733
f80f08f8
f7d533e2
f6aaf6e9
360d17cd
e8050306
edcc0afa
1c060411
281935d4
fabe2dc7
d91519fe
fcdde412
da4017f6
e21ad21f
e70add35
1610ec0b
eb06eae4
e229d9f7
d93febbf
061e1cf0
05efc831
0a15efe7
08ff22ee
2a0d1f17
241a2bd1
f62c0409
cfe8f531
d40d0e0d
0dc41ef9
19163709
f1c018c8
abbbe7d4
04f24306
03ff0bc7
0f2cf72c
0d05e9da
e1d1e437
d9692f2c
39e61c38
f6f91418
d7dc2726
0d01e4d8
38feeccb
15c9fff4
f309172c
13f1ff1a
061304c6
48f315ce
d742f7e2
0c322a18
cccf13de
fb10fa1b
04e70efd
20ce5616
fdbc0bc6
f5fcfffb
f8f30d5d
0611e606
ed0e2501
15f60cc0
eed2c01a
fce7453a
dcebfb3b
990bf71e
f9f61c2e
fccdccfb
59e80318
0609f996
c90ccffb
e6100600
0bfbd2df
ec160eee
df00bde2
eee6130e
341aecd3
c9ce0f00
f6f0e7e5
02d320eb
160911db
19490b0a
d8546c04
02fb1f1a
0c06f768
fa1d19bc
ca070e2b
74a8ea1c
ec0ccfb7
1d20e7ee
13cc167f
0cbd12f4
e3130fed
17fcfaf3
f1fa2424
1201ec0b
ecf9d8b8
10050f07
151c210e
e5f5102c
16e6cce9
e02400ef
2cd4fbed
ef1205da
23e508fe
eef9f5ca
ef2ff0e4
fbf805e1
22005c16
08e8f111
e11e3bf1
e00afbf0
12f2f314
22f0112a
212df5f6
0a9d3006
1b2b072d
140c1aec
f30cf63f
cb0e1913
f401f73a
d4e913f8
b0e214d7
f54524d9
1b25f5f0
ff020dd8
1efb272b
20e419dd
d0eaddf9
e81c23fe
0a20bb32
093d1c9a
49a612e3
47cdfd26
fc04320d
5002c6d1
f30bf1c5
120f1c15
32e2d43d
f2f5f719
dad1fcd2
59d40f84
e5cf111b
16c3dbed
fb05e7e9
d6f60545
ef1f9747
0332f100
0320f714
22f3f545
ecc3bf0c
250efa22
04450613
faf4edb6
fe2b13f7
f6fa05eb
e404fe04
d610fcb1
c4e8f8dd
1437c701
e11013ac
20f2d9c0
0adf051e
f5ff2c12
132127ed
fdf4f701
330d15e2
5f25da7f
e604c3d5
171f01e5
dbee0ff1
f9f9433c
dfc6f6d7
cb370900
d0e101f5
d918cee9
01e2ef46
13f3344e
0720f1f3
050e122a
060fe134
18ede032
5308fe1d
e71920d6
f6fbebbc
d512392a
ed0af8eb
0c0a57ed
374fcd09
dd2d00f1
2a04eceb
23ebd6d4
13eacd0e
fd1510da
060dee0b
ff1d03d0
03000adf
f42a0a1a
fddf0d0d
fa06d726
03f50ff3
2be00109
f335abe8
fc152f6b
fc090e11
29fdf7a8
0c0df80a
0afc0e24
f5f9043d
db09fb01
e9ef0122
012104e6
f849f9dc
db3dff1d
14f5140d
4f1c0207
231902df
03050d9c
f401dbf2
f6ece6f1
fe2d0b17
181e2ee7
d90c46f5
0408d8f2
c9380d38
2e13f10f
d7cf160a
fc3bf917
f2fd15d3
1bd301e5
09fdfe0a
0ff9d428
e9fcde1f
f6e2d827
e2f8d3fc
f124dc18
ffe702bb
30d9f31e
c1111cd1
0402e73f
e8ea1870
e8fbd6e7
f210bf24
0408fd26
08c708d1
3208180a
a0472a1f
14f41ff2
fbff2ae2
e0faf5eb
0a04f517
ed0707f6
09071dd5
19eaf711
182920de
31d6d716
23f0f567
dc1bee12
dd2ce9e4
07eb0e27
25a4faf6
06e1d6dd
c60917c1
eff926c2
e4f0e600
20cb05db
d0f73b00
00190c4e
ccceefde
ef01e910
cc03c90e
3cebf815
092de002
e801fed3
260300f4
fcdff7d6
df2d3302
40d80826
dc1ee81f
0aeb04f4
0414f7f5
0c07fe02
f704e4ea
e33ffb53
e4eeb219
e3ca06ed
0bbde9cf
cb33d0da
d246fd2c
cebde207
c9e80ce5
f9e3ffd6
f635ffed
d10feef5
11e004fc
cddf2144
0cdd19f6
f0ed03c3
0bdf2121
03c32653
15fd0905
ce2409e4
04ce0ff4
e137ead0
e9eef9f1
36f1113e
d808feb0
0cd2eec6
100022fe
c7fedf2b
11080616
f1d1f127
031907f3
d52df6bd
160ef6d9
10b944d0
d91edec3
13f71e08
04e00ffe
0ae4200f
0df7813a
2ce0d8ee
ee0317f2
1bfcf119
f613093a
15ff04fa
1afcf700
f5e3c73e
08ca0a15
f7f421d6
ff1f763e
12163122
f028ff10
e900f2ce
e703423e
2b00f6ef
d60d1008
28bceeea
e2c70e10
e8f810d2
d13c02f7
e21f131a
d81b0c02
189e0508
f6e20bef
ed17ebd7
d313c81a
f4fbf7e2
eee8f6f6
fac7f544
e6ef17df
0702b51a
0b15301c
01fee50e
31f63319
17e50902
0c12d613
0dfd0c23
12f9edf5
3c1e0d4a
fef404f5
9f0af8b6
e6e50819
05ea0e1a
d711d4fa
d8810f00
01f2c2fb
e3d8cc1a
e904f9ff
0fc3fcee
f61ce9ea
06bcf4fb
15dfd410
22c3f3c7
c6d73728
f881dac3
0509fb37
efa1f4f4
2905f7bf
10da04e0
c21a4504
f611ed13
e408cfb5
3ad95f10
2b1fef17
235bf116
ddeaf5ad
f4101e40
d62e0120
fcf2fa34
21dac8f7
e624f1cc
29effc1a
39f1f5f7
ffef33c7
f52c06e7
f1d4d4ef
ed16074f
fded0ee4
a711ed0d
04001b27
07f74df6
ddf5060e
2a00d4f1
2e1935a6
11da0f2d
e504f3e6
0fec1902
fc110dec
993504dd
20c6fdd1
07e9f612
fd0b000d
111c0426
23151e30
dfc0412b
191609ff
450c03f6
29d3220a
ff81e7f4
d3eeca43
24b01805
d7c30b1c
4af150b7
f4bafa2b
132aeef4
162e1a13
f3d8dcd0
d811c2e5
e1faf6f6
f8c1e7f8
09f18c34
25e701e5
1c0e0129
230dfabb
f92b1ff4
ef4d8a14
f1450ee3
0cede4ed
4109aaed
42f0fa1a
13422655
e265320c
05b0c5ec
8110d939
140ae26b
0fd306fc
162e50b6
fa17fccf
3e2af8c4
23d6e816
07ffbe2f
f40734e5
fa3efb18
ff134019
22ca4921
e513f432
e63a0622
f52c0518
f72c2211
04c132e0
0c102828
3021130e
dec9b11b
30fce76f
08f2dcfc
1112f1f4
1efcfefe
04080f59
ee0c0612
11fd09f9
ee0ff558
f4f9d8df
44150e4b
f92a3b45
0c30e735
b1d808ec
ec4ffe1e
1200e201
fb32f524
ec18f304
0fbde7e9
263600ab
01f010e4
3f04f3e8
fefc2a39
f9e3081f
fee51b1e
082ef3e0
5552f92c
1002e6a7
091aeaf6
0343d607
031702ec
fc40ee12
39362df4
ef12f040
cc0805d7
c308d552
c005dc18
075b032e
1dc8e5ff
0aed1f0e
fcb644eb
0815210b
33ec07af
d9f2072b
0ee3ff16
0e0d38ea
dd0617e0
0e17f844
1d0af1d9
4022fa34
bb1cfff2
ffc835e5
d8f22644
fcd91915
f90206c0
fc3c2207
ea0510f6
e238fbe8
0cf709f5
28c91ee3
fa1225eb
ed11d507
09f5f2c6
ffe6e36d
f520e318
b9f90a37
ef35f724
12bdcc2d
e8fffce3
2df33d02
0506fcfd
2edbef05
de4f0004
0314d423
18cf0d0e
08efe7e6
f2f8dfc7
2efdfb38
1b0211fe
2f19f89b
e73701c3
fb0f19ff
2f4620f0
051b50fe
ffa6e0fe
0322252c
012bfcd9
0011fbe4
1e9a00db
1d06f8cc
ea3a083c
0df509e0
07ebdf34
17020f06
e30522d8
2504dad6
e83102d7
1724fec0
1e2c2207
17af15f3
ff27e2ad
bc1dbe0b
3ccef9fc
e8d21edd
ce272adf
0b190e02
00fe14fa
140fd82d
0204db78
09f24933
f6df04dd
add2ffea
fad8bcef
f4f71703
e9ece445
15ffd801
f3dbf90a
15f7c2e6
0a200b37
d2ff14a2
9ed40ffe
16fefcf4
fcef1242
1b1e2f9a
04dde315
d7ebd9d8
22e7f2df
ee13dde3
2832f2ed
01160c33
fa1a18f7
37edbf09
ff3bd4e9
cee76214
101e0d81
25bab700
09d9e6ff
ef111eec
b2ece517
3fd4f82f
02c7ec10
1c334a10
fafe28df
f9fdf221
c8161d34
38e30aeb
1b0f033b
f5a849a8
010ddb2b
d2b1fd03
eef80658
fb2220fb
a33c0103
e7ea01e6
fdf40027
d80749d7
e3070f09
c7380d16
121e06f7
26be1720
e1a5f827
101bf629
b1040042
f1dc05f7
010b45bd
1698c00b
f2e72a04
e6fef73a
d1c5a9ec
16f2e8da
0112060d
230ae1ce
e7f102b6
1ae02d0b
0febe3ee
06e3121c
f6fcfac2
f3d20014
27eaeb3c
00ed1942
fafb1401
f3071622
3029fc41
0bf9eb19
32e43eff
f307f8f5
5b13c127
ef170302
05110f03
16daeb41
e2fe06ff
19210416
f3feede0
11f40b81
ccb304f2
f80000f6
fa0147c3
0bf20819
ee000f1a
e8fd3505
e069f22d
f9282388
17ea0822
1c391d0d
e513dee7
20f1faf3
12f0fd33
1c3c05de
2aea03ed
f4e8112e
102f0a26
f2d1b6f2
ec2642ec
f4be1505
e11bec02
0d0732e7
20dbd706
e8e8f610
f010dad3
b3e0e6e2
06dd0cfe
154511fb
02cf1317
1df53415
f7f72109
c40e05fe
02c60a08
c5fea716
fe37ebfd
e3d867d0
1309f603
1302eded
29d6193a
eb1726e8
22f1f0f2
42f2eefc
02d5fa4b
d01f2deb
151b2101
e6082ab8
fe27dc24
e2130cd4
5f2cebf6
e3eb2e19
0a28ebb7
e2f89ae6
22e5f03d
d84cdaf7
e4ecf2fa
27f00a20
d8fa0815
edeedeec
fb00f8db
fb445611
27cdfe07
e812f2d7
d9f21310
ff070571
4bde120b
01e2023f
fbf7153b
2620f71b
05d3f3f6
411eea23
0c14c2f4
c308229c
0617f6d4
050ef9f6
bbdc0aed
2d0513b8
21f20707
1c30eb21
1f0ae3cd
f62efde6
e059e80e
111b1ed6
faf1021c
0047fbea
e4121116
170ae746
27e2590f
f3f8f11b
e6fff00e
f40dc9f7
0b490deb
48fd02e7
18f21618
2215ec09
fd2e210b
f421f10d
0cd92f1d
0a08e002
07291721
18c8062a
ec112605
f717fdf6
f9300712
d9f3040c
eab5feb3
31f7fc2d
07cfda34
32152e14
c0fef501
e78eee03
fdf6e815
f226eb35
1e0615fb
d518deec
e95e12c0
f22e1115
fede0413
fac0fa11
c301eb01
c2d51d33
c8020df1
34e9d230
fcda0ef2
16d42e13
d62cddfb
22e0d635
2cb9043a
10c9f71e
d9060a45
f7eff732
0f6e0110
2f02d912
01e0f5f1
faeef0e0
44fae2ee
f1e310f5
ea10e115
c0094106
f8b21d36
0933ebae
03daefdb
e1f0b82a
d3f94c11
02ec08d2
32320cef
0ae629e0
1ffaffef
091812d9
e9cbeafb
11f21b32
ff19ed0f
091401c1
deea22af
082704bb
f8d40509
ebefef19
f205f2c2
f8f0f4dd
08e39f1a
effaf51b
fec0ffd8
bf05e51e
01101f0a
ddfe5004
ccf61413
f2f9e4f7
f5f74c2b
e3fef6a5
dc071a9c
a7d1c0dd
0302d809
b00fabde
c0e2ec04
283bf2de
d8dfdbeb
f8f9f3ef
2907010a
39032de7
02363907
4ae04114
15d51b19
f302c204
f8ca28e2
c8fc1202
daf8dfcb
eb12f1ff
ed24d9e6
ff32f595
f2e911f9
08d50808
30f9de22
e20cf5dc
16dfc916
1b2041ff
ffd333de
eef713c2
1100f138
06141efc
f0be1727
c91e05e3
d2b70507
2feff61e
0520fcec
0c9c3018
b213d8c6
f74f2b00
222e58f0
2e08fa0f
a708e422
ff2e38f7
0611ef0e
1a0cf4ee
25defd12
0f00100f
f4edfd11
e715ed38
510e0cf9
112523f6
fe9eef4d
2debd1f7
d3e325a8
cbfe3316
23151bdd
e0dc07c7
2a16f7ca
2b25da03
f70813c3
08cf1400
1eecfa28
3135221c
d429ddfe
fc002110
ed19e1f2
042c1ff7
09fcf3e6
fbeceb42
0839fb06
110ddd01
0d010ef8
14d2fcea
72adf6fc
312031ea
02ed13f5
ef0f1802
f922f538
0df706d7
f3e5edfc
eddd1a61
0f2d1a15
08f00fd2
03dd1210
20f0190e
18f90002
b0e5f6ed
40dfde20
da09f4e6
0f0af0dc
371907c7
f646f10e
20fbf5f0
df22f6f4
0a2522e6
03f73714
0a01ebaa
df1520e4
02071f29
002409e1
d2411733
2ae5f2d2
d549d0c6
1d31fee9
de0735d6
ef0cfbff
fee010e8
00060003
160125de
1e33fdfd
46edea0f
ca2d2af7
cde808c0
3b29fb40
18150cef
f621fe3d
25c51ad8
01f31f00
30fe1910
eaf0f239
fb150318
f2e7e932
efe0e1be
ff1800f3
1be508d3
fb07e608
1d0f3b15
cc050cd4
0529fd0b
ee26fc1e
0d1beb18
fbe9dec5
dbf2fbb3
cfc9ff12
f42518ea
fa01e040
0bf615d8
43b2eca6
b112f8c2
f24eca28
084bf5f0
2ef7ff5d
b8c70c16
0702061d
ea12fae7
ef09f5df
0ed6b7bc
f7f30fc9
f539d2f7
09080503
e9f11edb
816b05e5
161807fc
f718feeb
20dab3e4
ff3412d6
faea2b28
14f60233
0aea0f08
d4ea17e4
14eff8d0
13231115
f1c0fd0d
0be0022c
12f4cb16
f41104d4
0307ad00
e20cbb04
020e7a4c
fd0ff5df
0b0109e2
300cca4c
0c0e1955
e1defbee
ea121f0a
dc195858
e2df15ee
a20224c7
0ae1580d
06090c02
faf1d160
d1e8e21d
23fc050c
260805fa
0ed9dbc6
00fc1209
f103e212
02dd3124
c0010606
1edd11c5
56b812fc
fee51808
01f9f9d9
f4161d1a
21edfac0
16020bea
d7530fef
ff0ddffa
3b110bb5
d7ece432
002c082d
ff37fd16
bf09ee2d
fd55fb20
f3682710
e2f8eaeb
e4e8d3eb
edfbf1ef
0dfe01fe
f130e6e7
e9ec921f
09e6dc09
3ad9edf1
162be913
471207ff
d1be400d
fd01f725
39da0009
43260b27
0217f3b1
00f02dc8
141bf6bc
0e37e7cd
d21be1f5
0cf5b7c3
0511fc05
e7d6df01
0250f6f2
fde84be7
20220fe7
dcca1d1b
09fd11d3
111100a5
cfdffbda
2cf1e62d
f7bc06dd
b5f4e00a
37e42cc2
ceeef1c3
ceef1005
ed1ea61a
0eecf411
d2201ff0
e01de80d
fee8099f
203a0bd3
bdf0d230
2cf7f5e4
0fe9d705
04b817f0
15141de4
05bf18ec
17ecda0c
bfc31800
fc03f1d4
1de6f5fa
fb3310cf
bae81157
cbebed12
f609f472
2e0454fa
007500da
50d80115
0508d519
5510f7be
e209ce0d
09ef071d
05cfe8fc
040c1523
f30c11ff
30fbe52f
04cb0607
14e71699
fef5edfc
f9dad44a
00d6ff04
d7d02f1c
01e42626
dffa27f2
3fe401e8
edfcf598
23d5fbfc
2122050e
02feeae0
13def9df
07be0b4a
0321fc20
030d0ef1
2eff38ff
f8f7fc0c
ced0f8f9
1cf9ec90
ee1f1d08
28fa0c13
16e9081f
22f61509
e909ecfe
02f8fefa
eaf3fa05
0808f9f1
1afbeff5
14f90706
fe0a18ec
0efd06f9
7508d220
0cf48c09
d81ff6e5
ebcd00fa
ff1914f2
06e7e4c5
cc1bf6ec
2f5717fb
210d2503
ec19dd1d
45f5eeef
c0290df9
01ede2ce
0a2401f5
ef290d3b
ff0aae1f
15dc13e2
e8e80312
ef24ebed
07e1e31a
152b28e1
ecfd4214
e3ddd2fd
c5fa3401
5522e803
1be823ee
2503dfae
18d1faf4
05d94130
e9b92e12
eb2013f6
ba142a14
e3f12803
d7f009e7
15f716fa
2b3cefcc
a6ee173d
1c300034
f2f01214
080ff9bb
10f3f503
07192703
0af2fefd
0a0df704
efed10fa
ea03feed
100e0e0e
0d0c02fb
20f0e9f1
dbe01603
e727eacf
32ebe3e7
1de3f7fb
e5f41d2a
1f02e7f6
fbe21423
13e7f411
19039de5
d7eae5d7
d93c0de5
f2fa19f5
08ffffe7
ccf9e02e
1dfdf620
e5cdaef1
14ee2fe9
eb065315
0ef90f1d
fde30a2b
db0ef62b
19320ebb
ffb72ad7
fdba2208
30ff400b
1e4ce50e
435e0e07
90110033
b31d1ae1
ccf61524
de35edef
cd132f01
e6eff6ff
03ee05fb
ee04fc13
051e03ff
f80515d5
15ee13f6
ea0705ea
b8ca00e2
cf3bfc1a
231801e8
0a3a1a03
10f30ed8
cad6f52c
0519f2e7
dfdb17f7
11110915
f4f727fe
e50bf2fc
031e18e4
04dbf502
eafef9fb
e9feefee
e41dfbf5
2efdf9f3
50d623e4
91e91bf8
d4b2092c
2836df05
0ae92106
d8fa2aa6
0d0d38d9
e5db0c06
02c43a03
17d2df3b
18d12f36
fbc6e22c
1040d6e7
e63cc0ef
1611ff2b
2528e2e3
f4f227e2
e0ce19f1
11dc23c6
47f45ce8
17eddb15
2cecf010
05c42d02
e43c0b08
0e98f77f
dbfee834
d6d00704
7bde4adb
b2606a00
574904db
ebb1c1cf
cafe0aae
f3c1f3da
19080524
02060eb9
bf300845
072206b5
d3381aa2
15530108
fc180f2c
d4fef2ee
0cf9e692
f6d6c613
0effd1f8
1dee341c
db1a0e06
f80918cc
13f4e9f4
f2fc2107
2ef30408
0a1bfb0f
e3f9fb0d
ec0503ff
f013211f
1c08110b
de131bfa
10f70de4
f1ec0a16
f330322f
c201e34c
01f6baf3
ed0d36fb
b125ece4
f5fbe42d
fe020d04
d7ed0d0a
23fff8e5
08fcf9ec
ddfd0d05
f1f6170f
f201f90b
ddf711f6
f1f4011a
1611e4e2
f82914fc
fcee0bfa
12101604
22baf628
15f4e510
25171b1d
e8e51e38
032eb9fa
0c4316b2
27df03e1
fb102931
3e032b4b
e6fae440
e0e92bdc
38ed42db
241ff6e9
230cd1b3
d417fa2d
e3c60be7
bff8c5d9
f03b3bc9
fa39e331
fdfadc05
47a63c29
06fd071c
1302dede
fc3aede1
d433ebf0
0e34ca1f
0510d8eb
3c08e6f9
12a3060e
08ddcd0e
fc15dee3
15fc4600
ab48ca1c
390940c1
15292bd5
0fea0207
f5de1324
f4cc0c06
042d02ff
eefa30ea
e7d9150b
d310f522
fcdaccfe
f5f11212
d918ccd0
d1c0ead6
46ed11cd
3cd10701
0ef5d406
eee532e8
b7cacb04
fa05f5e6
293d11fe
dadfe90d
e3fcb12e
fef6eb3d
0de718db
28ef100a
d96fd9f9
f3f617f4
22d01afe
e100caff
22f9e7ed
1aeb23e6
da00cdb6
eb51ddf9
070402fa
08020aff
02f70202
0a040401
fff801fe
01fdfe02
fc04ffff
101aff06
2910ff14
d12d16f5
4907f900
ee06f2d2
23c226fa
f5d2e4fc
4b0ab3c9
95e404f3
e966e13a
cfe144eb
dbdd4afd
0df512f6
35e502ed
fd05e9fd
34e3c5e7
0017f31c
e2dbef32
de33dd18
f212fabd
d7110533
0f17a1e1
10d11eeb
ffdefb28
e9cb22df
f4fffeff
fcf3f3f7
faf01815
00041a05
0511e0ff
fc141aec
07fa03e9
f002f7f2
edc74beb
1d3cf3dc
e034160b
254eedc2
cdfae9f9
fafd08f5
c1f71af5
a700fde7
0cfcf60a
0dfcf0fb
f8fe02f6
f0f1000a
03f1f906
17020114
050fff05
fcf9fff0
c8da0bc4
07eb0df4
133f180a
1243f3e3
0109fbd0
fd003f06
f0e3ef12
05043405
04fcf532
e6efdb20
a9e6251b
d1f01dd5
0a1a0aed
1a03e3da
f0b0f018
140e007f
152af5ea
4fe60f23
f6c3e8f8
f6ecc40b
3ff0adc8
fd12360a
1edd0637
faccf9d0
fc2d17f2
09f3ef01
0b000005
fbfefc1c
2e28f0e4
effaf6fc
20f6f1fc
ebecfb04
4504b4de
0dc7cd0f
e7ffbe1a
d85af5d6
dedcf727
cd2309fb
f8ee1421
3d140105
f3041231
93f0290d
5e04dbcc
0af863e6
171254f4
09effe0e
21c5313d
faedff1d
e0eceff3
07f7d705
35eceb0a
0c10f6f9
f006e905
fb12fbd4
e9ee021e
f4fdfd22
da12fb1f
1b3cf709
220300d4
e014c3ac
1ad03ebe
0fcc2553
feebea17
f50716c7
ef02f7fe
ffd80f12
110afb13
fb0b200b
0f2d0c03
0118ebee
02cb25dc
460b0424
21e7f3f0
09040a0f
f51800eb
f4f8d803
f7042107
efe519f4
02d01807
d8f92a0c
fee2e607
f6f1040f
9bf7cde5
f237d1f9
e90fcd1b
f6d302fe
16eb08fd
e20e10d8
68dc1a29
2211090f
0afad503
f0cbfcfe
eb06b811
b3c8f504
c8fb13fc
56075505
140e4ad9
05e01cf5
d7e80e0f
fb3d0f1b
0413d0fd
fe22f4ce
c9f9d5db
0c3ae8d2
fc06deeb
05d2dced
49efdaea
02f5e308
e40a2921
164ef4fc
09d51406
cafee6e9
fdf619ee
06f4f314
28f205fe
e4093607
0de51ae8
1d1b1fef
fde305f2
03060808
2fe5aedb
16ffe8fc
24fffe05
fb480616
d8ecbb3a
21031b3a
fcdb0cde
18f125df
10d9ea19
d41bc80a
fcf4c9ac
09ddd028
d4d4020f
49ed0710
ec070b20
08ff02eb
c2efd5ce
0fdc22ea
ee32020c
e8eadefd
20e2def7
0f051302
1efadefd
fcb738ff
0ef40211
05170708
0d382b04
120fdd06
cced3e11
d2080710
0dd4fb16
fbfbff19
f90ae8e6
f9e640f5
e613070d
1af9fb12
f4ee031c
f6f20907
e5091ee3
e51c0218
de3cfacd
81e02803
0bbd21db
e90048fb
1de704ca
f47fee0d
ff18fe45
0cb7a81d
faf1f9f9
f605f700
e8f8fef4
fefd1e07
f704f60a
edee0efc
030febf3
f8fd0e0a
04fece1a
dee3c13c
2afde6e4
da03d04b
000bd3ee
023d2b10
31e6fc41
4601d30b
e9d6f412
0325fff7
f92ed81d
f5d0cb1b
05ecbd22
fbd9ffdc
352a0de0
06db23fd
fe0a2223
ac44e907
27ef0104
dbdedbe2
17f00cf4
bdcb1f31
0e30ccf6
04dd0837
1507ed2f
1ffc07fc
4bf823e6
c8c21ae7
ecfa2207
11e825e3
09ea0405
0b062703
d50402f8
2f15b1f8
d40df3e4
04e52005
1d10c1fe
11d9c9dd
0a0f24fc
27d817f3
ccfb0905
10eff8b1
07fb0001
02ffc819
fa26fc23
03ee2edb
00e9efc7
e4f632f5
f08117ec
33eddc04
fb3cd10f
08bde110
9fcdb43b
ee1c0308
f1f42420
4efa1a1a
d63d2538
1dfef428
38bc3710
16ad15e1
76fb06af
05f0ec2a
1db006c4
e9c014e7
66003ddb
02f70108
42f2e5dc
f7f93606
06e643f5
00fdcb16
191be125
ee0603f8
f225e00d
0ada18fe
f50d1741
dcf40010
2012e5f9
072be9ca
0be7f2d6
f2f8e220
07051dfa
14f7f0fd
1ddd1308
fee616fa
e6e40706
db1112ed
de0ee5f4
1a2df5fb
2201f501
2ff7280f
13db1c0a
f3c5d9ef
d4db1911
0fe802ee
f2e7161f
de2517e1
fae0052d
d6db15da
4e29e2d7
3022f6d7
db2ded3e
1714ab12
0517f1ef
f30b16fd
fb201c0c
f6d0ffee
b3fae503
2ee5c4f3
dca8e53d
33f2f30b
cadfebcd
33370917
ed1bf405
e6100016
11b93a0d
e0e10f4d
1b41ece8
53ecf3dd
1fe3e319
e9e3011a
fd1712eb
e4e0edf8
2c09ece2
022723ec
091b1c15
02f72235
f6b82cc1
dd1bfac1
d79fd113
10ffc019
b9fd03dc
d7ffecf6
cfe0aeea
210b26fe
040d0b5b
eace3420
b90c3af7
f6e5091a
cf16faf9
fa1c001c
c8219327
1225b413
0d694509
fb1ce8d5
0afa5005
3a4200e2
23f3f203
20e447ff
e9d04125
efae070c
f31809e4
5f0a1b45
40feedf8
ecf030d1
0dff21d6
fedf0721
e116a014
eb0eb0cd
ceecdce2
df091ae2
bfea2d1f
13f9cbfd
19030ae3
08f30df2
c9dc152c
19fced07
1ad00b05
2efa0df8
452543d9
04c413fd
49c9fa02
e7e7f70c
1e103bfb
ec142be1
e70a0cfe
19fcfa04
0fd500f9
2110a1e5
f2eef504
e204fc39
d9fe2d30
e9e8c2f9
0f03ffdd
12f240eb
230cf10e
f5161904
e1dbd8e4
1909eb0d
090818df
eb071222
e42a251c
f302f0fd
e8d3e214
16140118
db39decd
15370315
d6430217
eaefeff6
f61cf633
01fcf6e6
f2dc1de2
fa2ff40c
fb1cfd2d
fd3ef50d
eefd08e1
1f0adcf3
cb1b2f14
06f109c9
29ef44f2
32d3f20f
dad51f0a
b8c40803
f7f25e05
4b1e2315
e836d5f7
f310232b
fce1bd01
0706fd06
1aebf9f8
f4500302
19d303e9
edf71f18
07ee1b05
10e71023
37023414
0e1f12fe
81e52418
033adf4a
315e07b7
28fa2df7
de400bfe
e60b0408
09ebd9fb
f505fe1d
044609e9
f906050e
f2f50000
f703fd09
fe1409fb
eb060918
b208dfd5
1981bfed
247ccf31
eb5809f6
c6f6eb7f
fa6adeb9
d017d096
fd2d0ae6
f2ea130d
ed040ffb
f4031709
1306f3f1
e70205fa
e9fff906
e2f3fef7
0b091003
bac2101b
f3f3fd1c
d12fcdfd
0efdd149
d5d3df35
fb07fff4
0a231621
f2ee0108
fd0bf4fb
0f26e920
07cbf10f
e1cc0408
2b13e9ec
e8badf0b
0b1e1d17
06dd011a
121b2a26
f1ff0f14
060cf3ca
e703fc40
e627e81a
30fed3f8
d8d438e9
293ce6d3
c7ebba11
e5f6252a
18391722
1ea90134
e4f42c09
a6c11709
bb07ccde
1f594f26
0914f4ed
0a13dff8
310ef8fd
1e090bf3
08f2c8f7
140b01fd
121ee8fb
32fbe6f8
31d5dd0d
fd48f103
bc4bfc2b
0024f2f4
f8efff05
fced0800
3df30f26
29b1dcf7
c7cd09da
c8d2e213
fd24b3f7
febcdad5
08d52807
1d124dfb
0300af43
e7bd4052
d809d4f0
06372ae6
ddde6418
d0e6f719
da09e50d
f309f7fd
19c1e717
e9d6ecf9
1ec4d40a
010803de
0a53aabe
172251ab
c3c71a30
e4eeab18
effd3724
b5e41523
11011617
00f1ecf6
d0e82d1e
dfe111ec
10250b10
f8e12b29
e9ee04b7
270d270b
47344332
251a3502
4ccf290e
08df04f2
f1d30800
e4173eed
06fc031d
baf1e6ef
d111e1a9
f7f90732
e1e3fd19
fe020112
0603aed3
0d1ed9cf
36ecce69
17c8f8f8
062006b4
1f0026f0
15c2d1f0
0706eb09
17c803e2
1ced242c
c3f6ed11
e93f0b34
08b9d7dc
3c0dd926
f10ace0f
d7e1e962
d4ed0f13
e10747e6
efe1f02d
14d92bf8
f23dd5f1
2fd906e6
d8e12602
fceaf996
fed62632
1f1bd2b4
1c20c8e7
1706ea26
340504fb
19edfafa
1fe11a23
ede10d15
f11e0507
fb2fe5ee
19f93405
1bebe724
fd13030c
f3f2fcf9
0309f9ff
0e07190d
06ce2a00
0912d00f
f4fb1202
fb11fe03
efb5f11e
c11714ea
e86d81ce
1446f713
18ec252d
04970e21
2fcff1d6
cce13d21
11b6aeee
0dfd16ea
9d2aecf9
9f07f01b
b635f341
271ecc04
0ff206ef
ddf2f8e9
f0fb04f7
fbf9f605
0600f3fd
05f9f7eb
040406fb
fa0305fe
fffa070e
fbf8fff5
f9282eff
06226200
fdfc47e5
2d460215
282bf1ad
32e704bb
edfd061e
fc0901e1
26c8e2d3
1bd061eb
ef5befe8
25c6e5fe
150e05f4
07d8f10d
09ec3106
efe65210
ad1321f0
08e8b819
f656edc9
eb0bfb55
20e3fcff
e32eb60b
23435e0a
f5c7e0fd
e80d05f7
efe12aff
fce909f6
fdf0f0e6
df14fc1a
e52127fc
f3f3e603
1418f606
d7e11de3
f30724e1
3a123ffd
10d8f3f4
e30917f3
1c203ce8
ebaacdf0
eeec1ae0
0f1afd0f
0d30fbf8
efc40e02
e1f81abf
13f3e0bc
1fc91317
f0d2d423
c61ff90a
9304c8d6
f71ffd11
0c24fbd7
2942051d
e8fe17ea
062312e6
e72d4a20
390bc5fb
ef2eb8f5
f8dc0d17
110afbda
0816feeb
0e2aedfd
12ee4704
fbd2a300
e01816d8
15c408e6
0a1408f7
ce2edcd7
0ce8e0ef
efe32df0
e8ff50d2
f2f80f3c
10d21cea
110de7f8
f0054427
ea18edf3
2008e603
09fa2be7
16003de1
0505cc15
0414d502
41f13c43
15f604f5
b1ef17fe
f3c82404
c724e934
f01029d7
e4f81705
1afcfae2
0904d11e
fa39f405
f2e9f2ff
e9c3cf2b
35ff0dca
18d0ee0e
f61baa07
fcfaf3ed
20d31406
eb2708ca
0ba7cae1
df25e0f1
e5c1f032
fac7f4f7
06069b00
2dfd2405
4ddd0911
0d18e7ec
fe10124e
af8afae9
e826e608
8c08f42b
04180dfc
08d50d46
0bd91a37
c610c002
2eddfcd5
8fd611a4
d6eabcea
dc1d15fe
d8f31520
caebf613
34f4072d
12e328f3
fdc3f802
e3ebe6ac
ef2ad007
0d022425
cb203beb
e32e0304
f137f60e
fa01fcfb
2cf235fe
08f7f6f7
1705cee2
1718e60d
f80ef4b7
361bccdf
0ffcd007
f202e30d
bc4711f5
ecb107e1
5511f9cc
11b9ed0f
3ed3e8e4
34d35500
d905d3e0
e41efa01
ee0fecf7
193e12c2
d923f02b
06bfd4d5
0e1b1d0c
e80ff6f8
c616df02
d3102efa
2a510ee1
28425910
0dfe35e7
1316f10d
22bef905
d6efc3f1
10379ff5
25defdfc
c8f3fdf9
f90a24b6
03fe6217
fb04090f
f5023fea
f62edfed
ea2fce1d
06d8041a
06e4ed09
0b1600d5
110d0bfa
202718e0
27060a1a
ff09d9e0
d0b45b1f
fd001cf8
fb01ccce
e1d7eaff
b6dafb25
1ee2f2e1
f5d3e118
061616df
401015f5
2cc71126
dfc6eef3
f5d7f2fb
0b1f21fa
0d1740fe
0306fb23
eb0bf512
040a0739
d7162ffc
2016eda6
f50add05
fde6fbef
04df070f
f4d6fe3b
eefe00ff
0100d0f5
4da1b91a
0deded1b
0fbdddf8
df030d60
c41d5725
ce1662cc
661f160c
cfe4fede
0532f7e2
37ebfad7
2a7f15b7
320efcb9
25badc2b
200e1b06
e7e133dd
eac9e41b
cc3f4a1c
0c21160c
fa0a3d14
f8e7f9fe
ece2f004
2a10201c
02c8e037
040832ca
d4f6191f
31fbcaf5
fb46060b
2109cef6
1af8d830
121a0d28
aae1e8f6
184f1a18
f0d63723
11e1fd41
ef061c2e
1611bd08
c90d04c8
19e71914
1f07e126
f713d8dc
f2ef38cd
ef5e1116
efd2294d
0bfff903
fc1bedd4
e7ede0f7
05ea0f42
1c160708
f8e521fe
ebee03e9
f51bb4ff
163330f1
0504d70b
00e4ef17
d609fad6
12f10114
e812fff5
0ed51eb7
4c4aed10
fcff00cd
d712ec0e
e1e29e22
a4d90b2a
0fc5300d
f02ff329
c518e4e9
d6e210dc
18d7dfe7
0ed61310
1841c447
12b81837
02d3b528
1e3f0326
01370526
1ae404d3
aaf71f1a
d1ed1bd4
ca351d1d
a32aecf4
16d5f205
41fae1e3
f4220f13
382d19e3
c5332e3d
19003e33
dc0f41e4
f20f1f1a
19d829d6
cc400d0f
f9f1f70c
12edf04c
cd21f7fd
3319193c
092e1f42
f3e1d7ff
efec8df7
0de200eb
083e1d1e
09040116
c32d3233
2a0ddff9
dc0431e3
f9252a2c
cddd18e8
e318282b
c5b40d30
1400f6ec
1e13beda
10f605fe
2901220f
ead80619
ede617e2
0cdd081a
fe22d8f1
ff07ede5
e4162a16
ff0d2def
0506f540
15e91a04
ecfc0e06
05152516
30310c01
e4932302
f9c924d7
c019cedf
2c140137
22f5e4e5
15f6cade
12012c14
d325d911
08252602
3ac6cee2
eb0de9fd
142a08d2
d0eae51b
382e3907
0812eef9
1b0a0df8
28d82c25
c1332c35
f41ff837
e9204df3
0d31b9d2
221007f3
f106deff
1500e6da
1b0dff06
08f500e9
16e9fe0d
e90cf414
0d18f7e6
f400ff0e
160c392e
1accff02
01ff1ed5
06c5f0e7
1d2dabe7
41fb117c
0cc8b80e
15031d04
0dfe5401
0ef9071c
fff004f8
eb17170d
1212f1fc
f7e8e30d
ff03f009
4bd758fd
d340e1ff
28a2fce2
1abfdc29
f0e0fef2
24e104dd
ebf5214d
2dcf243e
0be80ffc
2c1df8f4
43f2e829
4846ca37
fee0f306
cdfd2113
05fbd50a
2d00f410
e6cba805
e5db1d0d
1c1ff1de
301fbbd1
2a032dcf
07ee511a
cdd32ee5
ede464ad
f8c6edf2
da4adbf1
e0c106e5
c71b2116
e5e9c8dd
63f6e61b
fef4da2f
e4fefc28
1115e229
d007ebfc
088540f8
05dc23cd
d1b9f415
27e9d2fe
0cc8810d
45191b35
fc03e6fb
edddade8
b514bff3
050cd8cf
59e8e8cb
3afbeae9
0839020c
46d030d9
cd04180e
f7ea05ed
10ee0800
06ee1ef5
feef0a0e
31040310
fe13e302
1bfb002c
dbdd07d4
08f2ee13
ed13fe16
13e4f3de
f717ce0f
12ff26ec
f6e830de
24fc1001
ece5e3de
d9db43e3
fef2f9fc
08451cf5
fdfe160f
f705eb18
e3caf9e2
050d201c
ee21a8f5
19210809
23ba19cc
11e125ea
00ef340f
36ed17e7
391527d3
cbfec6f6
05da8f05
43f01103
091315e9
e0d0fcaa
ead9ed02
c90608e9
f3140e01
03d01c0f
ffeb13fa
faf308f5
0917e6e0
eb16fee5
e41b0b1c
f500fb08
0edd0914
d3f70203
cfefeaff
ee1944df
ee03100c
7f19defe
e8185f1a
f7df2c25
f9eb2be4
e91015dc
28bebefe
d913aaed
f723c534
eaf5b014
bb11183b
980621f3
1607d242
d4dc0f07
fbf5f9ff
fdf20504
0403ff12
0a070111
070311e9
020ff1fa
f6fc09f7
0e0bfef2
cede07f0
fafb4a29
15080208
1a0d0a07
33f712c4
06e5f709
1804101b
03dd260e
484104e4
e919f6ee
e5f80d05
3b241d3a
1e1fc9db
ddf413dd
eee1f303
0918fad3
04334dff
e6bdb501
f707be03
003d16ec
c5dc064f
dd49130b
f2e60c1f
e639a4ea
f0020d02
f70be310
e6110de0
f6f5f307
f61116fa
17f9c7fe
04f7f713
e6ed031e
532314f5
24f6edfe
4901f5e6
2ce8bcf7
e6e4ff10
d31ffc32
01c2f411
fcfae9ce
f6fba825
092a05ed
ef48c4ea
2ecb22cf
e6e27f10
f2b0fc34
dae7ea25
162b122d
b5f819f6
03497ffb
03192cf3
270db70a
cad1cb21
16eef910
1130e51f
ccebe427
d1c9810d
00ea0c26
34ebc3ef
3adbf0e7
fee8f604
f505e428
12f1f63a
09ce281e
f2ec1846
5cfd0929
ccf003e8
f5c0e2e7
1800f8fd
27933727
1ef2f600
a3f369ec
f3f24a05
d54a02e4
e9ca0bf1
e3ba6407
20ed25d4
42dfe723
3dd7ac3a
d0af221f
c6e1db27
033b100e
fed8ec08
061afae3
db2219f5
03f74038
feb3113b
1de7f2e7
39ffe4e3
d9f60f3a
238b0e0e
f72a3f0d
330347c8
f231f835
22f3fb45
d8c5e441
cb2013d6
09f72dec
f4021835
04f8111a
02309c27
d9023cd6
fb13dce2
c5eb0b13
d70e0e0d
eeff0306
0400060f
d202fae8
2036fffc
0aef4726
01f402cd
2b0707e3
ec31d90b
eadfc109
b61fd6ed
0709cae5
030bb4f8
f4f7d105
e10bc721
173616f5
d264d50c
da162598
0bf516e5
10f7fef5
5723d2bd
0b3d1cfe
5315da0e
f2bc8508
dfeb1ef2
e023d00e
040aecfc
d92dc903
fcf53605
0f10fab7
23ec02cc
e901d30f
fef00a1f
221cc6ce
0800fbd8
09fdd205
e1f70412
1d1017dd
16f7cc17
f3dde908
3e14d41b
05140efc
d307fa0f
e9023e87
deed6a1b
bff6e612
f203f2ef
db4ed725
f83133ac
e3eb2b48
47c7d93f
213ddf32
6434aefc
101ed2d9
7f37eace
26d1ca22
06ccd520
1e0cecf8
a5e1232e
1cc2eefb
452ed2b0
dad6fdcc
13110923
27cb30f2
95ec2bd8
ed08ffea
5931c9f0
5544d30d
a708fa3a
dfef29ed
b8d505fa
0969092f
3bf09e2f
f9630be6
433313f0
e9b1c41a
332ab8cd
199fd930
35fc5b17
15b31516
20ee29e3
000003db
e862a1c4
0b16fbb6
decdc71e
13c6f230
d2df3936
ef0d2310
d709f9fe
131d170b
6b05feee
23e5ca25
d3faf01d
06c710e2
e513fbdf
ec470f14
02e6f3f5
f7e7fcf6
0d0be8e4
f0f4e4ea
0bfb5705
030004f7
f20bccf6
e1f70b11
fcfa03f6
10f9db09
2404f3fc
dd090c17
1a0727e8
11052111
07ef03fc
0efc07f9
fc0d3bdb
daefe908
192cdce6
f324d6e3
0f1145fc
d4f32062
d4fb12f4
f52d0d15
19f9f2ec
f91b110d
1002f5f3
d6e2e23e
26be09cb
0900ef09
2bc8cf36
3ce3f7f8
35f00d08
060dfb09
ca0cfa0d
0d03d9d6
2e2edfda
f0eb0c26
1615f7ec
e5f012fb
2f2058d7
11e56efa
14e719f5
35080699
67d8c8cd
f4ee360f
2efc2107
25ae251c
1dfee806
18f310f4
f605f5fe
fdf81e20
fb0aeb11
0d08f1ee
f4f7e801
1afcf7fb
f4f8f201
0a18fb03
c7fd1812
1ef8ea19
fc12fee4
11fef101
0601f911
0bf707fe
c4e224f4
13e1fcf5
eb250c11
2500f825
ff12cbf7
e317fa07
fefd4a3b
f2d821f8
d645d516
2213ca0d
0ee1fc24
340908d7
210d1ce9
03f4e5e3
024dcf10
eb14ec15
bff5ef12
e4ed09f8
db3102ef
1c2317ea
212213e5
3a1be420
0bf40912
e9c508e7
0a33f1e8
f40a37f5
14fdf5e8
f3e60041
0cf80c03
0cf3f207
d80fe6e5
3520faf9
050afbfe
0e152004
32fef9fc
fbfbf007
031416ea
080512f1
f9f30a20
f80cf702
0c380904
e1f5f6ea
e4381008
f3a71307
d30d3a30
062ffdfc
f0f5011d
400bb50f
3be9f0e3
0a143c21
4c5a3c25
27f19c3f
ccd009ed
d63b51cf
e420f2fb
1c08e507
ecf52212
f1301a25
12f71c24
0406ee42
1a07b6de
2f1affdd
2abe3b21
0be5dfec
f4fbe113
0126ba18
fde11803
fa080e34
b7251c09
cf253aeb
d7d7250c
3411e71b
1c2ed0f4
dabd130e
9bbbe606
582a4bd7
4cf21f00
ef07b5fa
442036e0
e2e5f130
d9032bff
06e6e9f8
07e5011b
2015ff01
0102f604
e4030306
f02019f4
f7031fe2
0bdfe126
03d3c004
c2d7d525
dd212aec
effb4413
3305d902
f9e1e108
c9101ef8
d70812d9
da1be7eb
4dd3f62e
4232cf4e
d40b392d
ee2329de
040fe32f
fbfde1dd
19c9ea7f
083cd8bd
f3def6ff
e4d918b6
91bfa65b
45b7f4f5
d229e6e0
b92c32ea
c8dfce06
e7171afa
1ee618a1
1efcf8d6
19e6cac3
1ce10627
fc29ed1c
caef1020
ca1ed40b
e9f31ff4
fb3c0717
29fcec05
54f4e3ce
bdf304ef
070ad7cd
18fc2d23
c0e0f321
d3c7251d
554fdde9
ef0faf3d
001a1a05
e5020e00
faf5aa10
bc2135e5
255c24ea
e70911f1
0bf207c3
ff28fa93
4e0608cb
fddf0b15
3d140c50
2dcaf3fc
f6f4c10d
f2fbf0ed
070d2ff6
f6d1e10b
de3101ff
f1130fee
e10014e7
ef160f14
fef5cd0c
db03182d
f7160a37
eae4ffe0
eb242b26
ccecf401
1c11ca08
c1f3fe23
fb0211fd
fdf30d07
f900fafc
feff03fb
0605f4ff
0efe03fa
fd0602f9
020204f9
0702fb06
fb0407f9
f701fbf8
0807f5f0
04fd0afc
00fdf9ff
fe071800
040602fe
4d060ee4
fc0befb2
e724d3b3
d5f606ff
ec1e282c
f2fb0327
def9dfe2
bb00ecf6
f7f01212
ff29d3ea
ea0e0923
12fffb11
d80dfa06
ca0f54db
dac7ef33
46f8f414
0f10d1ee
09fbf505
f0ebedf7
f72d0bc8
1507d5f3
1ff203ec
0f281617
f5f50cdf
f8f71602
e10820fe
0102e904
100cf9f7
09f6d7f9
f9fbfcec
0eef0903
cdeb02fe
110e1800
0deaf404
0fe904e8
08f81704
e701f018
061108f4
f5131402
e312e604
f42c48bc
14d3f9ee
1ad7f9ed
f6381501
f900fdea
2444e4f9
d3372033
bf0cc0dd
fc0500fa
00fc0800
fc000801
fbfeff02
09fefe06
06fffe05
f206fb00
fef2ff04
eb1fefd3
f5c00ae5
fa17f8f3
2de9ff1a
060f0521
1a4c1828
fe0613b7
2b11dacf
b6f3f0eb
06fbfaff
eff70201
eae0fe31
ec21f50c
061aed06
0d030506
ebf8f00d
30ede8ff
16e40d4f
b0e6eefd
fbccc305
3d20b1cd
12e2cfec
0a4b120b
0f04181f
33ef2e1e
edda0b1c
d0fb1c1f
ffcc2b01
13d208fc
0f20fdf7
fe0e07ed
10fa0c38
f5030a20
2ff5af19
f1dd0838
2009f600
fee84e15
c625ff09
2e01c216
d6fcd7f5
1bfc0aca
0be3020b
074ee40f
e504deec
ed41e705
fa251608
e214f3d7
0439dded
4b198c36
4b32ed0c
99bff3fd
ecd7e302
24ad31bc
cec8ff1d
050ee24a
f90bed26
331407d8
12bbc849
f7dfd646
0f042fff
e2edcd30
445ea5da
1a1604fa
e80ac4f4
de30df22
f6dbf52e
221513e6
e216e7e4
230bf7e0
0a23410e
0ce2e804
fa1ccc27
d7d9210b
db16e1dd
261de912
e20b130e
06f609ec
d7110632
e2b814e6
21f405ac
ef0426e5
d4d41205
c222f8fc
02a40efd
ec2ceb38
ed180902
f715f5f3
150cf432
f306e1f6
bf4bcb32
2accf2f4
16762a34
4e2cd994
d0c4f538
0be8f93b
fcf823d3
7fc80708
2869ed23
0dabf52f
0a04aae7
0acf03cf
e8d31ace
2128c920
0bd81810
ecc00d01
f6ed16f8
570ede12
10040901
e31b230c
e2172118
d2ce182f
18f30df0
bc0bdb08
e7170715
2df331eb
20fe2831
aaf4e614
c92cc5e4
032f0757
f2ffc9d7
3ff4e109
1f1708ee
f71afad6
38501adb
defec6e3
01d60c2d
cfe8fbf9
396603cb
3d47361d
17d106fe
1e00fe05
c8ead15e
37e2bfff
d714fa0e
ece4de9b
222dd313
1a0a17ed
090823e1
611934fa
cb0733c7
fcfde0f9
1ef9dcf5
c107fbb6
f243de06
faacf74b
e756ea0d
08f02d2a
e41d29ea
990ad11d
fcfed7ef
f3e50331
20df0712
7833241a
fa130035
bb0af708
0724d332
6cfca383
da03f50d
23f7102d
21facbf2
f8f2f105
f014c4ef
3afa0cf3
0ffe0f13
07ffea03
fdec1929
010ad6e7
feec1f03
f9c905f6
08060920
c618d7ec
00cd0418
e2fae349
f5be5a05
02e620db
fffd3bee
ee30def1
efda0ef4
050802cf
f710f831
2d0bf7fe
f8021b1f
142304eb
cd10eb0c
0ac1f219
330d8ef0
26b7de0c
042207e6
c5b118fc
3420e70d
b5d7010e
1b1a14d8
45f75737
2840fc1b
10a043fb
e5d30c49
d70a21f1
d1051bc1
20edfe3d
f4ddc808
e1e23d07
2e1adc17
1f5de506
df1b540e
2f1af3d0
3f09fcd6
34f33f08
1ddbe5d6
b5090c01
05fd1b19
e3e625ed
2b3a1cf0
140701f2
0202030a
3fe5e1e3
b9e5fdc7
d3d9e2f3
14d4d4fd
2e10e104
f7b8d8c1
26b2fbce
11f6eb01
f0232b21
58f25027
d85924fe
e210f0f3
34ed1be3
0c1107d3
2fce22ee
e505ee1e
63f90303
38dee5f1
cacb13e3
dedff22e
e20ae6f3
3f161502
130447f4
f1fdf6eb
18361217
dfe03910
94f4f2cf
b9dc38e0
26220017
eefa29ee
f8eb1642
2a3404fa
1b2e0fde
d9dbe5e3
cffed4f3
12390ff6
c914100c
e5c12134
1b66a2f9
38ce09e8
0426eae6
10f00eeb
01ff0ff4
0d070b06
04ffff09
ffe60ef4
f20bfcfe
fff9e009
e9150904
ef1a0df3
05a906f3
ea130b02
2222f30f
fc0be22e
ee0de4fe
1cfc50e9
1fd00405
e6e32e02
29ee1f33
f93ddbe4
07f4f9ea
c013f0e6
c709de17
d6f3d404
ecf01730
ff05dbf7
1119c808
09f9e8c7
2a26fbdf
c8b902f0
b9ef1b63
50cdd458
e333d8e5
16381121
a20df7fe
ef2f0df6
572b24ff
ca0b1309
01f8fde5
19f7e8ed
d7fdd1dd
081bf9f8
04dfe1f0
04eb30d9
d819b6cf
4401f6f4
d7057a2f
17f440b6
f9d9fc2c
1015ff32
3fef0615
faf529e7
0daf1330
e423f7a6
a7262423
453cb7f7
d2c10a36
d911ee17
25251939
000defff
f10910f1
1d18dffa
1f1235ea
03f4c5ee
00fb1ef4
e615fcff
030436fa
180bdd28
1508ed08
06e72b41
3031f1d1
e2c5db12
0a0c1407
ff1417d8
f2164d3f
fd2e2bd5
01082b01
250cdbe6
44e7f1d0
12a3d029
0e14f59e
1b2a3214
0c3809fe
2fcb0fd0
f0ec2b1a
2c2e00c5
191417ff
1835f021
fb2c04e0
c826d2fc
b428212a
0bfa47e7
29f0271b
1df0d21d
effad601
fff80221
b8b7d1ca
c25dfdc9
e3e7e7fd
11d1390e
f76bed0e
0f1e04f5
de29db11
f74b812a
117f1a07
e106c3ee
2c540310
e4de0513
05ecdfe5
fe3734c0
3ff10102
411cd1d1
3e172bbe
231ea7de
e232dace
c2d7df30
e91f0706
9dd40e01
4d26f1d7
d132ff03
553df822
ddaadfe0
06e74f2b
33fbf7f7
26cb2147
06213b15
101d42f1
123cbaec
192d47f3
07ecd5f5
0dc9b9ff
2000fafe
eb2404fe
c9bcf32a
cf17d61c
22021027
fae30c11
0e041718
ed1929fd
15e3db01
faf11908
47030abe
21e609f2
e0fcdcd2
fffdc5d3
06ed201b
d1f706d1
f1eb28e2
36ebffaf
21f6e900
00df12fe
c4f7ffbb
0f15bc53
16ce2340
21e62522
4eee1cc4
d8e3090d
fd96da2e
d1d81b55
0083ff27
a520fdbf
f3517f3c
b101f0d5
00b51b02
0ffef5e9
f7c3f8fa
192f0d0d
fa0a13ff
041b19d7
26fa37d8
f92100ef
fafd2316
d75a1b3d
0df5190e
7f16c3e8
ddf8cd01
793a12a3
3796fc06
b4cdf619
2807f4d5
141422d6
d8fc2fe7
d3ebe9ff
64c310f0
a9cfeddb
e9483cdc
f8f0eee7
f6cbefe7
21df1108
f91eff0f
d0bd4f1d
0940a5d8
cb18bd1f
f2f91b2c
0b1d0811
f604f336
0ffff9fd
391027d8
2b24eaba
17f329e4
d3f3f605
0830f4e9
1e00e9e2
ecf5cd0f
06d7f2dc
c64509ec
091a1be2
812b0efa
471ff022
07dec2e0
eefc0505
effdfff6
f4f2fcf3
15ff0801
fe1114fc
fb04eaf0
f7f3e100
f2fa0bee
1a173cb8
fdd6d8df
0317ddd9
e7251e00
5234e70a
30d6ee62
4555caa3
2b0918db
35f5f0ee
16dcd420
f9f1ff1f
dbffdad0
cc082a36
1d3f22f1
10320701
d0f3eec4
f9fd161d
ef072807
f90c0e1a
dbd12b3a
9c2fb243
0b2fdaf5
fc14e9de
d643cc1d
f3f307fe
ffeefe15
1f24e7cd
fce91afc
c4cf0d17
ed001a00
e7f1ed0a
de330120
0b15e6f6
cf19f70d
06ea2ef1
d101151a
fc04fed8
ff16fada
35d8f156
0bdfcf10
f735c4ed
ee14c90e
37ed4111
f81bfa35
3b7ffcce
0c103b1f
1e82e4df
06eff50a
0a0efdf7
03573105
fb48f220
07f7f632
3630c5de
cbb6ecf4
0401cecc
3bd21c1d
e5f900ef
ef010a03
ff0e09e3
e7fb08f2
f2fe06e5
060eeffb
fdf91302
fbf41000
e2fb020a
20d427e6
2d170f1a
dfae102d
e0f90c39
0d04d6d5
0d1645f8
1cf81618
fd21d3bb
0a06015b
ced4d109
f6fa0914
47f6daaf
e823e501
273a366b
07d5e10a
daf711ea
230d1de1
e55d4bec
10d617e9
e61ac7f0
e9e416fd
cc262f18
21ed2426
43f1b7e7
fbde1007
0e1310dd
1e050e2e
1056220f
cae10be8
fbf408e4
1ae623f3
fbe6ed1f
e03012d9
126412fd
f11a3d3d
040efa02
a618e81f
f2e414c9
46f0e402
36db1917
d42303fd
e1082c00
f11bdb24
ba3bae18
160dfaf7
e1fa2115
bfedef1d
244afabf
001f2df1
bb300cdf
1f41f6fa
5f2136b2
19cde4f3
09ef4fdd
f923dbd7
433cfa2a
2b120c16
ee141d2c
2f130e08
172ad6fa
ff13f6f8
18543cdf
00d8f0d3
eb0ef6f2
07ee12e9
0ffa1604
00ec0d1f
f80bfd01
f8150d1f
e7faff0a
e1170813
17ff012e
fa031c32
f4dd1952
052bbf11
0def060f
e84106ea
2b3229e3
9ce5b4ce
dddafcf6
ede71eeb
1cf408f9
d4f5f9fc
0c0b2101
13150e16
ecfef9c8
ec0011e0
dcdccaf5
e5c407f9
1b4ebae2
0401a500
1ae9f200
a20cf436
fc12421a
fbe226f4
dfe5300e
15ef03f5
b8e2ed28
07e4ca06
f6d83909
f9f23b11
e306c1d4
e211220c
12ef0a02
02073c0e
f864c4fe
513dd0fd
e3030a0a
e1ea0be3
d71d001a
2b2023f2
c40df003
0705051a
23ec0d17
dd06fb0e
f103dc02
0b0bf9f2
07e29917
eb00eb01
a714deee
24ee1002
dfed1312
b984c42f
28f1ed12
fd0125ff
25e5cb9f
0206eb10
0648cf20
d60e2622
d4b45345
f90f4c06
064706ec
3e0ad729
cf583b95
0a7fcbdc
d01cdfe1
f3e1e0fa
bf02012b
df3029d6
4b0affeb
faff28ef
00f521a4
17f11206
f8f4641a
1dc3cc1e
f1d3f6ce
fbe2bf1d
d616fa10
3308690e
d1e8d82c
c3242c2f
44c7ec14
51332de4
fd2dd025
640ed43e
3e0f06dd
ea89303f
f51925b5
dd0c55d9
3ef4bd03
f2f4071c
2d37fdf3
e50ac5e6
456c29e2
08e00321
26ec0ad5
b8cb44e6
1f111ad0
0dbf4b29
e312f918
33141401
28fc0901
4ffcf421
0f11fbea
2b13250a
030907eb
eff53512
0c0bdffe
02ebe4f6
370bf2e7
10fd150d
1fe0e825
e6d8163a
6709c9d1
241d3218
f91e201e
da39ef15
e527ea14
16020fed
08ff7bc6
8114d2e8
f53b08ae
e7d920ed
fcf3e502
114135e5
f70fe01a
4005daf5
e0eefd00
f33807c3
d050e2fb
fae7d7dc
320518dd
1535f307
f0eb4e07
0738e5ef
bc1907cb
135dc5dd
f7cafdf8
cb32d2fb
fa0316e7
d8101f18
d133d60d
efede5f9
f4f9dd08
e1e11c02
bcd3e9ee
23c4b4f6
48100bd2
f0fcfe0e
151e74fb
efe9e60a
f5f94eca
e10155c0
fd022940
f5120505
d711e131
19dff42f
371839e2
f0de0f13
fafb0c10
3ee6ff0a
28fe2bbd
e90a210e
29ebd819
bdfb2c9e
0ca42b0c
fffb1911
6ab8c257
efc5f93f
662c250b
0c17c2f3
1eddeb17
d8d10916
3a070bd9
f402baed
10e9fdf4
1607f722
233a1c0a
13d1f5ef
44a402ea
13fee1d5
4ee30fd7
3900fbf5
090ebdeb
f30e120f
e8cfb9e5
16c9100c
f8e6f206
e4c5ddf8
2cfae717
20e22907
13fa0aee
1fc96613
f40ddfe8
0d16ce09
f1ac1c1c
f6db41e5
d711e721
fffdf4d6
213c3dfc
f105e1ea
8d43e928
00f8c3f4
c4c61511
ccdf0434
2011ce09
280d0209
012098c2
340b020d
e4e8ffe1
04ed130d
013fe2ff
03faf000
e4f1f40c
1a1727fc
eb27df1b
09070504
452210d4
0513d4cf
7303f119
201b2619
2709f315
eae6d0f0
e13cdb9f
c1f5e90f
01e3c837
4830df18
06fff6f6
fa08ed25
abcf6d28
e81136e6
1ce9e520
5228c326
682beaf4
13df1fe8
dabf1412
f6fd041b
49a906dd
36c70419
d2fb1fd3
1b213320
2b09083d
ecd1d51a
e128f0d3
dd2420c3
cfec5033
56162408
dbf914e6
f234e644
fff20228
23230305
07ee3c12
0ff90b3e
ec10f7f6
2805f92c
dee8ced5
eb10fcd7
d92710e9
0de8c5fa
3ddf070f
ddfddb1c
0913d121
f1250612
020cefcb
e61adb17
20ac2d24
0e0df823
d9f6e3dc
ecd62343
eeddedd9
d7dd00f4
ce2a0e58
02f1573a
dc03ce2f
fb13c305
03fc36ff
f4fada0d
9931c01d
193110e8
efd22c55
e202da16
1149cdda
06e91fe5
f52d1b3f
03061012
caff154d
ec2904f3
fdf52fe3
7532bd12
fcf7401a
0d3ed926
caf1edf0
f839cacc
1a00dac6
38bad122
e6a7f7fb
af231128
c30cee1d
fe285cea
1221063b
1428ecfd
dabfec34
f406d4da
e9151fc8
d21de0dd
ea69f104
dd0a2505
ebe006ed
2e31dcce
42b845cc
f11ad9d2
26f62212
4605a6cb
a421de06
b9d60310
ce1cfef8
e7f81c12
1d0f2807
ed45ef34
53de98f3
20dbc3b5
12e50c38
0606dd0e
efc20429
27d70023
faf4f302
f6ebdf12
eaf7b3fd
19122d16
0fdfc00b
14d60cf8
d2190a7f
0f92051f
ccd9be35
eefcefe6
f3dee10e
1e2c2d2c
dffbf613
1b0f020c
e5fffd16
fbf912f1
efc3fefa
c7102710
e0d31321
0112eff6
f600f507
01fbf607
eff8fcfd
0200fb04
001dfc0a
05f2040b
fef412f0
01fb11eb
00fd0aed
3cfae40d
cebd2303
d5968e0a
ef12d7ec
03053bf7
ce32fcf2
1a2126fb
441e0d15
15e91202
e0d92b08
0030131e
314fa6f0
0ef1faf8
f507dbbb
f11f0112
f6ed2bf4
2a0adcf0
f10c02e5
e923bb26
be07e71c
c2e23c0f
bced1ff6
31480446
f92715fa
f3271cf3
e72017f6
05041b08
3308d2e7
21e9cae3
202e23da
19eaeefa
ed00e2fc
f1090cfc
ceffe700
f7ff03cb
12191603
e5f60ffb
0fdc03e8
bef21205
46ed1332
002ee301
debb120c
ee1dbad2
11d2edf9
0c01f31e
32f4ffde
f2caf7e4
8e2133e3
2105efe5
c34d1938
384a35d9
19391521
dcdf5f00
14d73581
37101acd
e8e9ddf2
001418f6
ca090cff
240e20d2
05ef0c02
f1e90520
fa1e2bdb
dc0617ef
f80efc1d
09df88e7
c77fafca
fedfa2e0
bb360546
e3f3fd7f
c911fe32
09350b13
d1e7e5c9
d41904e4
fa0904c2
042919f7
f702d1f7
13e50314
d9e2f112
d60d15fe
3b48fafd
ed0dfade
31011c0c
d557c7b4
1e2706c5
2c1ce920
eae3212e
b721ccde
d2d52101
ed431622
fe06f51f
16070e05
e6e81710
e50f1efa
2b133100
4eb8ee08
44f0f3d9
07180007
0a142800
14d0f41c
01f5d8ff
ffea2221
14fb09d9
49ec2004
e0070bef
ea07123d
31381309
3cf6bc7f
37fb30e6
0be8151b
27102e17
2ad41026
f2121e18
0becb008
f9f5331e
c0eef70a
c30efd0e
fd5afd07
ea11c5db
da28c4e6
330fe1f5
0f22ecdc
091beeee
eb3a26e1
16efef18
1a00c9dc
3e260ebf
f6fcb7fa
fbcad9e5
18f00912
0b4c1b26
ef1df7b0
d4061912
e61f17f8
fc0c05e7
ddd72411
f1fc22e5
c2e034f0
5008ddb8
dd07fbfd
fb0c07fe
0d08ceb0
07e2e5ed
f522f0bc
211f1e3e
bc13090e
08e8cadc
15517fe3
ebe23822
1717d6d8
1cea1212
20209d16
dc0eff39
f841d7f1
ce1f041b
10dad2f4
fdf411e9
10cee4de
f327daea
0c220411
09ce0bf5
0ff4e218
eaf2ef24
edd458dc
d412420b
e6e82a37
d400e621
261f4918
e5f0f4eb
29efeaf0
fa0cf4ee
251eede8
d40b4029
0f072a03
cefa00f0
fa2f0fe7
f104b0f4
efd54c10
fd270121
171ce204
1432140c
dd132c04
e80a15d1
d32c04f7
19025fcf
34f7d7eb
2200f603
02f3f628
e442e925
b9e20cf2
fb1a231f
02f82bf4
fe07f2fb
fef01ef9
e80df5fd
03fa1f12
13f21dff
030aded3
f2f9ecf6
f80f001e
6397e6d8
fa12e4e0
e11ee8e8
dd34f8bb
ac0f085a
2111ee17
4ae32605
26c1fcfd
3e32072b
22f503ee
cb0ef5d8
17e92bd3
eccb5808
efd41530
e5b4e409
305bdf11
2ac0fe12
1716d803
f70f0f0e
f5ad3ba3
e7adf606
ed1c1226
00c2f2f9
f91a02f6
f7fefd02
08f11fe4
0517ed00
f222f1fe
0110f700
f70bf7f7
f2eff100
0fea0206
08efb103
f602642b
c1041508
f4313b11
222540ec
d0dfd6b2
e5e6591c
f507c506
fe29340d
fa3c03e4
e29def28
2e1f0bbc
d6242c4d
37e0f6ec
0d1535bf
f2fbf807
e500062f
22ec0ad5
bcf2dbcc
f4121ef3
e90313eb
1ce4c3f5
fff01a1a
e90ad31d
0f07e82d
460dd808
647ef2ed
f7cd0a23
9f12cde4
fc09fdf6
d43f1c22
432d1df8
15ec0111
1f30fe26
2203190b
19b2d5b5
0ef300d7
3a134c18
fcd3fd24
181aefe4
09e702ed
f007c806
14e3120d
f2f40bf8
20fdf7f6
e9ea060a
ffda0405
00fadee9
0eec1723
ec225026
aaff13db
da0b04c8
0ed9f8ec
dcc60d08
f30be10d
f7b93ef2
fe35ad27
c427e9a1
1cdd08ba
f705e9b9
1429f9ea
14f0ed15
e32d0220
202436c4
e10e18df
f6d6f7bd
e11af7d7
e1f4d918
d6fad89b
f80e3fe1
042f1c56
ed70413c
0e10ecf8
001c0c39
17774bcc
fabd013b
df0b7406
0014dc13
eef9d5f8
962db910
10dc1732
0e111bdf
3cc80f13
f1f0ee14
07fdf4ec
f7fd17e6
e1edc60f
22f918eb
fc0b05fa
2bca1e43
c2f4f4f3
fb331a01
23f1fd00
0bf9f51d
f31534ff
c5b0dcf6
010e21ce
f3050724
e8020703
f8e0ebf9
fef80611
d1d9e0f3
effcf8f4
0afffb03
d922ddf2
e92bda2d
f0e6f0b5
c1eb3ce3
f8d0d5d1
2849bdf1
0701e435
181222e2
04ea12d2
1f0a0caf
eb0eb3d7
e72c2326
de0c30f8
fbfae704
1cd51800
e0030af1
efbd15fd
0bbce43d
081ce425
0ebfe5f7
f7b9b1be
f2e94fea
f8ebb63c
4831271d
ed2d7f66
00c7b127
e8d1af17
25e7b1fe
c53e327f
5926cda7
3521bc81
eba67644
19e1ce49
eb09f502
d2ef11f3
c4403457
76182401
03fed6f8
13b4f301
ebfddae2
1dfc5e1b
5b38f738
0be8b516
0917fe53
f8ccd0f8
2cc3efe3
ded4f817
3981f11a
10fe0a06
1c12cd10
06ebeaf5
02fa031c
f4eb09fe
2e16e001
01ecd502
eeeae41a
270a1838
d30a50cf
24eb100e
fef7ccdf
4f3ad7f7
134e29f6
d92e7f0a
252a2ce6
121708f2
2510e104
f619f5ea
f2090bec
ffe9ef09
e9fef7fc
fe0ee4fa
fd2f1800
e9f916bf
02f90617
061014fe
1f0013d1
df27241c
ff020835
2d26e9e1
ea170af4
18baf304
0dece4f6
f4ee1023
1d9af38d
fa1d4740
160f080b
2ae20cbc
e6f216f3
0912d9f1
46c45947
0d5a23b9
ced6fecc
c8d622dd
ca1eb902
5513d928
e82dbaec
dc2eea06
bff9a20d
c3fcc449
285ad215
1024de1c
1441f69f
d9f702ee
432bfb3b
ef24f0bb
17c4fbfe
27e58eec
0f3b0535
e004baf1
ef08b9cd
ffb4a927
48239c1b
021b2e24
f10818fe
22fafb07
0801241d
16eedd18
c70aebd1
fc18d4f4
280a2516
d9dcf91c
1af44f4a
0412eece
dd252ff9
29f02bd9
0c2fe3fe
14fceb23
cdff0e16
020af7c5
30ffaac5
2404fbd4
db252c00
f2f803ca
f5d21110
052e2329
dd31010a
0344edfe
13bf0bf4
04cbe441
fd3ae8e2
f3d4c847
eff0a3b5
121edbce
5ae7f3eb
0202f703
110409f7
f9fd0307
fb06ec0e
fb090501
f202f4fc
faf6f8ff
0400ee04
24c94927
1ffb14d9
2cd54731
ecf1176f
cdf5f804
db242a0c
e7d811ee
f1db02c7
f4b40424
deda1c03
fef9336a
0a1e113e
e54bc716
dcd429f7
05c323ea
3f062640
050e42ee
e81ded5d
e906fad9
0210ea35
03e8ddd8
cb110d17
ff10002a
002d0d16
f8f8fe0b
3e0edfe8
3ef60601
000422ec
03040301
fcfd0af6
d1ec09fd
041b1c02
f843170d
0823dd0c
002530ca
0ad10215
170c2de1
e5e5ef18
d310ec25
da17c0e7
f5060cf9
0601021e
1cfff9f7
0904e4e0
fefdf8fb
fe010a06
15151a02
000406ff
e0d0e1d6
1e45e8e6
00ec52c3
f39d45f3
1e0c3fd4
49eee929
28c0272d
c9cbf304
dc06bb27
f52b5330
e5fa39dd
f3dd0903
e4f4ebe3
c9170fe2
0431081f
120e4bff
bf34d38f
da1500a8
7b0be0f0
283406c9
df42f82b
fa1bdf0b
3816f2df
31273005
fb05fcf7
fdec24dd
e5ddfa17
fe0d3508
122ee013
cafb01fe
e0fb31ef
2eda1bfc
0ae2c415
1c3df5d7
2dede0e9
05e522f9
df502318
2edeeb04
f4c5f1eb
0fd4f6ce
fbe1e02f
1924043e
07d7f904
0beeda12
0c02e4f5
16fc1802
bf2bd506
06c92e12
040d18fe
02effb06
0a15e9e5
0603f8f1
0ff50802
0efaf107
02f9d601
f4230af9
faf30de7
32f99225
f2e62b1c
12cadc42
1ab80e08
ea10e708
edc914ff
0234b101
001219ce
d6110917
26d7fadb
e622b6e7
38c0f310
f626e301
4e030cf0
050333ec
1ae012f5
da02010f
fd1d1ae1
f9f813e1
04e929db
34bb0b13
15f0211e
e105f4f0
40cdfdf4
00f1e9e8
0a2219ea
cdcb4fed
250d3b0f
3a0bee0e
14f8f4e8
baf81ad0
14f9fafd
b2780310
51ebe5b6
cc4e1dba
f513ffcd
2df6d5e6
19dce83e
f35abfd6
e21704f8
0f311d16
e1e81af8
f2decbc3
06de03fe
26e4dfcd
17edf30a
15ea1af4
e4e9c4ef
16210d1c
fc24f50c
21f131f1
def52b03
ba0915ec
10d6fefb
0efdf7fb
edd8f614
14cfe4da
0eed0003
0b18f0f5
f90d14f9
05edfff8
11c52906
faede7f0
0ae504f8
3400ed37
662efcec
ef11208e
061c01cd
0bc21efb
1ad4072b
f7e4e8e9
12f21ee6
d3ce1c10
13fad9fc
054a2e12
3cbf110f
471aec13
16f424f3
cd18b812
f20e0ee6
13e7decb
fae6e1c3
fdcc1dfd
2917dec9
0322191d
f82dca33
1a1f42ff
f7ff0ce6
330d3ff6
1ef24dfd
13e3f15a
051c02db
12b0290e
b403331d
feccea07
091fea15
fe061530
061dfbe9
f4d5fbd3
06bf0a09
d9f0eafb
f138fffc
07e11ef6
b41a001e
09c923d7
e8c5895f
7f05e6f1
fe94b525
dbf048d1
00031aef
59271a71
05f801f7
e7e210f9
dff303fd
f51003f2
f208f9f5
f1140108
1805f009
f5fdf8ed
1dc441f9
d101ca45
81ea0c2e
1714f021
0e08452c
96271b18
2ed21fc8
d031162b
2ec81adf
ddf000b2
e01ad905
e232df60
260a06e6
dcab1b48
27e22407
de09efd4
161e16f0
30c8d82d
f8e5952f
15fc16b1
dbf0a601
018919ef
f0302901
3cf0e8f8
12e00ce7
15d30a30
3c2928f9
ec4bed27
0330fbea
3af21314
e9d90116
00f0fc0f
ff140acf
19ea0cd0
f60fe1fb
1197e5c6
f8cce5e3
2f0815ee
2641fd1b
12db12fb
11f7eaf4
2f0ce0f8
30f5dce7
d838fb25
1b26cbc8
22de0921
eee4dd35
352d05cb
0cf4f8f4
d91c1ee9
b452158e
d2170910
4c3c7bd6
ade0ef3b
31009f1a
81f5dee6
c23a658d
e78d3520
ed0dcb05
1a18ce25
28ccb315
1134e2c2
0c33fdf3
38894c1a
f5d0c2fa
edd333c5
01dd3502
0216fefb
034825f4
04b20b2a
e8e0e605
f1d8f5e1
f821f139
e10519d9
09ce0108
09d11af7
efd3ea18
2e5502ed
031409ec
2b0c4bed
1afa2cfd
fff1df28
f6110106
f90d0421
f3fa2717
da16e0ec
d8d522ee
e8e9eb0e
01df04fa
35e91ffe
1ffe26ef
f8f0fcb6
e62306f6
1bfeed07
ebea270a
f0f4d425
1bd20703
fc620be9
d82fffe6
e1eaf7da
ede11de7
b1f40c33
0aba050e
da30f607
0522f832
0efd34d8
15f5ecf1
ee1bdebd
3defeafb
ef3cdbcc
ef022c10
400af3e3
05e802c6
07b60a06
29ea1a2a
f839e674
00ed9ff8
340831ef
2916f405
18fe4428
1000e5f1
41aaa904
1a33e80d
05ce1992
f9aa121a
aec1e0cf
050952ec
0abd0ce8
0fc801e6
00e73cbe
b8ee4ca6
dd0cf41b
0cfd3dd2
4df50a45
18c3bf23
91f5f61d
22eafbd1
22e7dfd5
e41d032b
08e6f2d8
edec2b3a
2912f2ff
06dceac7
da1fbe3d
171e9c39
682401fe
0c21f7f7
f0b138e5
f82eb4d4
34c21911
ea3ad42c
35d3e09c
fd1e15c9
ea02d7d7
f621e6e7
f21be90f
baedd3eb
f7dbee0a
01eefa21
1f07f531
10f3f90a
fa0afb06
192245e6
ecf2eef4
0c3ff7e0
1df71a32
090dda15
f9c70ff9
ed24fd0e
e90a11ba
08dfdfde
01fff6fa
02fed008
e00ae2eb
dc1adf06
43e858e2
0dd5f112
f649c861
482efbe1
e8e52dd4
150d0fb7
ca1a2320
08ce203b
fa78dfc4
fb26e723
19151af6
3d14bf0e
17e017e8
0b100420
c8cdebe8
e503abec
1bfbcbf3
fd0af206
bc3235e0
e4112bdc
f6251501
db3c3100
21c0e925
e91baffe
b1f9e92c
e623fbb0
d3fee2dd
fbcab3f3
27231bea
20f81b05
320ddfe9
3ffa3207
e103a014
06e42e0e
1a43be1e
19dd2cd9
e0bf0412
28151ed8
e12af6ea
dcbd6627
f4070100
da0ff90c
0a411111
e21013cd
f3f51e0c
d04608de
b0e70b2a
f21cda20
080a27d2
f7004d08
c3d6f020
c5d8f411
f46aca31
48f1251a
3f1eb8da
22b805f0
d3eeb347
f1fbf713
0a19f7d7
f8df25f5
031b2422
0f0f27ec
e3ef01fc
0afd2211
e329db10
0a1326b2
f968bade
e629d9c0
f6c6f830
b32d4105
11e8d5f3
09c40304
0ffc28d4
0414f8fa
e205f5fa
041affe8
ecfcf901
12f608f9
05fdeb11
fcf8070b
f9deec0a
29f0610e
d50dcb2c
1e25d6d6
f31410f2
fb524002
1201fe35
23141df3
ae210513
0641ed31
0335bf1d
4106d4fa
f127fadd
2c1fce0a
2302fed5
e873fcfc
1bfd35f4
0a241ae4
fa07254a
471df41f
0614cbeb
f6dd0907
bbe1f2a1
08292d03
16f6f510
27f5db59
1de0e936
3e1d1dcb
ac7b0b11
15552eeb
fc3e9fd1
eeec0c20
c42db639
f0070aeb
2907e1c2
eff0022b
1e1f1105
f519fc18
14280ee9
fdfafde8
010de50c
1f0118de
b3aaf821
ebcc2b06
1a97cdc7
2f1af5e8
110e6f2b
13605404
e60a3cc7
13db356b
312e413d
b9cea7b3
fa99f4b4
bec7eddc
1d21f50f
15e1ae23
f6fd2008
fdfe3047
17defaff
04e52d2b
22f304e3
c320b1e5
ed116a1e
161ae216
20f00621
130915ee
cc1d43f7
54461fb4
fbe6c6f2
1ed636d2
1d1a033d
eeff002b
d715f3df
0419ec07
e3bff61a
cffc0be0
bf17e5d6
111bcbce
1d21ecf1
e822f433
210d2eef
0815094d
08dbd400
1de0f537
2ffd1d0f
e1ffc318
def81cf2
09f518ed
4bf6edfe
cfced7d3
d3b91218
3eebed2a
36400ffa
13120324
002a1108
07caeedb
f51fd751
eaf8e8db
c6264d22
13fccb12
fd5c1d05
30b4f703
1613bed9
0eb8470a
37abc7e4
f105d4f3
c9153ce6
2fdedaae
010dcfef
324a20de
e4d6fd01
18f3db1f
e19ec8d9
f7f213ea
1ce7fd38
e2440b31
12c1d9e8
05fbd7e7
d80f3ada
100a1713
48e43421
eff6dad2
f9e240f9
feff090e
0cd7f20e
fed7fdf8
e2e02df8
e8010300
0af7220b
0100f400
391c11f1
ff08f604
0118f629
e0031b07
0af8f8df
fff008fe
07f1060d
39c7ec47
e7640cdc
ebebf7b1
bae910e2
d1071cd8
2dd0f54b
3a159d16
bcbd1c81
08d40ada
f60a1131
082c06ec
ee020d35
34de56db
a8e63611
f8e4ea13
a007d6fa
fcfcff02
f70a1304
091103fa
050f09fd
fef7fb06
06fe0001
f8040bfc
f7100d06
e319def2
3533efd5
28c84419
02251473
db00d917
50efd1f5
00e721fb
17baeb37
efe216d8
0344f4f5
4de7328b
c0f525e4
710f27c9
a8afde4b
e7ff2931
bc9814f4
c43961b9
b82a1beb
3ed6e4ff
40ead51c
f003030e
b7ca17e0
105b1cf5
14372c1e
09ef12d1
fdf3050a
04130012
0c041422
36ec0513
2e0409fc
cbe300f1
f8dcf60b
d801140f
f605cd72
47ed18e7
0d6e30ea
280202cc
022b210c
25ca0a33
fbcbc618
2603f216
0594d3f3
49b23c12
f2f2479a
f01df720
4ce5db13
1304dce9
0ff4f6d1
e11e5ad9
0a47d7d8
e005fe1d
3125f568
3cd51139
1529efff
1d03b0d2
eb17d230
27e5180f
04ecf04a
dc191f0c
f2dc0cda
20eb0315
2ffaeafe
f3de16f3
1ce01c01
f2131b13
1050f91a
03eae6b8
0b3f08c1
160010f2
2414ef38
f5fbc312
d7e8cf05
fe180aed
07c01318
1e011419
0ffcf9e7
21062943
161ae1f5
de2cccc2
defcfa14
0b34edf3
cf140e02
e309e7e4
ff3bd1f5
011ae8f5
2f1bfe11
2a18ff0e
10f0071d
e13adc03
ff1c2904
18e0de11
1df3c2d2
fed3f10e
082df7e0
245a38f8
0d06efed
2fe0e6f5
2e36f01d
0622c1e7
cf1f0bb1
f7ebd1c8
f5f22249
1be1fe2b
1540fcab
fd04bf0c
cfe6e4d7
26c8d2ed
04213007
0c0af9ee
c6f11212
faf94e0e
f3fbe4f9
08312932
cf01e2c0
eae6e3d7
012af402
d8031b1b
2efbd711
2702c3f2
debce61d
10310403
d913c513
f3fcc9cf
cb23c006
f9ebf828
b11d9910
e9ec21e2
f909f906
d839f312
e8ea26ef
0dd7362c
0c0a0d2f
00eee324
d00ff7ce
c916efe6
2af71503
159d0a15
23d0e51d
03a83af6
cbd35912
3ad2f2bf
17e619e0
fcd24f33
e22c1f07
2400f11a
19fac647
143af926
f0e9f7f3
2c1ef118
1de90a22
ee3feee5
fff3fe12
fa191f14
0b393ac3
ecae5f16
26c481e1
ece5ff16
0c2f3210
fc3c0ee8
08c44cdf
030bf019
d7461d0b
09022a18
f8e25210
d814e31d
480305f4
0e242feb
322a51d4
06e6fce2
e5dd0fd6
05f7fc3a
150fed31
ee2a1e41
d9c1f8fb
efec1bbe
07c40b18
28eb0740
f1703024
0d1a47a2
c328e4b5
271054f6
e529e43a
f5e4aa03
a5eef2cf
f3f6ed04
ded1240a
fb2804f9
1afee0d1
18f23124
f620e4f0
ed07cadf
f64c1118
0e0f09fe
1c2e1204
352d0a09
13c81512
d9f4f0ff
d3da16fb
bf3e300b
1d0b1212
ff410ec3
eb1cda48
3576a1b7
d44baadb
382dfe01
e09fc5e3
2b2c1f04
1e1f30fb
e4ce11d2
3820abb9
082b22f4
ecef5ac8
ebc715ed
3a26e85e
3fc5e30c
ce34c6e9
1c1dee22
dbd1d8e0
bc0f09fd
fbe2f19b
42eafefb
1ef04216
417b23f7
c4d62d04
de2115ff
fd2b151f
b115af0c
2328f01b
e11fe61d
3c7af8ff
044101e6
0f3f2120
29ffc9f8
3b9dcdf2
55e9e23a
17fade2c
fe51ef41
fc090bd2
ee1d22c7
3eee340b
04150303
1dc0d5f1
03aacbf5
22eecfc8
ede0d7ff
46500518
260f490e
2a190228
e6f9f50a
1fff3d1f
0329100a
18b950d8
ede71102
191d03f3
e51701fe
09430e25
e22bd1f0
caedcff6
ed29e6e9
1ab432eb
a5b6d4fd
4a48ec22
18de160c
1cebe013
040c21ea
4035d8d8
a8f0dfd0
fef1fb19
07f2eee7
0e180506
213d5013
d0631517
122ac174
48d228f8
ed4e11ee
11c21e11
f2193c23
392cdef3
112be9e2
bbcc8622
2cf970f8
f56cdcee
f8171ec1
c812f73b
fd0303d2
3acbf80b
2fd6e02a
d6020cdd
0314f00e
f9c7f0f0
ebe9af30
4446ebb0
10f2051a
ddf92323
fe16c3e3
e3f0921d
1aedba03
fd23e8fc
30031ddd
cd234f00
031e14d5
2efe0001
13d8182c
f01eee0c
f2deeb26
fcbaead2
d02ef70f
f70c2725
1be11009
ff2b011a
f6eabde9
c50de627
0be90bf2
210ce20e
2610ddd9
fc0128ea
ee15250e
0ae5ea24
e4e901f3
e2090127
0cd40f16
c21cf5fd
519e4723
28c60016
17dd2f01
c43f3219
d2e1fff4
df350008
df20fa08
e50825fa
c5cfeb01
11f35c0a
d0f22d19
f908f6f8
0a3122e3
e7090dd2
13342311
ec18de32
12fceb43
303b2b29
fcf4e53c
20ba04df
d72018cd
19dfc601
f70cf817
090420e8
c1fef90d
1119fe02
22160b23
02fde1fa
050f0ce9
04e9e217
efeec5f5
e2e81ab2
080d362a
37994627
2c3f1212
fadc5113
123347e0
f035321a
f6fef1fd
0227020f
de30020b
0fb6e21e
06eff10e
e0251101
fe07f7f6
ff11fe0b
e5f9fac4
cfd24152
06128508
1c5ce526
6dc3adc5
08d82609
09f50c39
1ceacf20
000f0809
f45525a8
2e2006ef
03e7d3c5
102b0af5
f6321619
e1082504
070c19ad
da1906e3
e9140520
0afcd686
d62c022a
28cc15c9
bbd5a3f6
4ce2fb45
e8f3f80a
17c9f5e8
e9a8ef06
f6eff714
fc191b2c
18b21efb
ad181330
12cc44f9
bd4dadff
3fb0e145
f5b41b29
2a3a292f
c42304e9
330fc4d6
42c738e5
edaf4421
1bde1716
e1eee7ef
1ffa1e16
23b8acf0
10f62996
40d10bdc
4fe2f4db
19fb5b27
13111e0d
f510e6f5
e9f0291b
531f00f6
0400d7d6
eb0205f6
f1301103
133c1e0c
0c052f0b
e625e706
0f26e6ff
130800c6
e4361dfb
d41d1cfe
1504d7f1
d82cfa01
d7d4f604
fae20500
250c05fb
181afcdb
da02f6ee
0efffce2
e1fbee04
06c1161f
f00d06f8
0111ff21
e7e1dde5
fa69553c
082cf632
07f00435
ca282209
1943c0c3
e6e622f3
ee382bdb
eaf307da
d2101ab4
edefec05
1a0d0df2
ea1af421
01382a14
e5a93821
fff3f9fe
f91ff5f2
0212fee1
e8ef1802
f2fefef0
f713f80d
ebf3f407
f0fe0109
0807be06
3812cee2
1358fbfb
e8f21aed
d811e5f2
53a6f527
090f1409
f8c8e3fa
39cfe41c
eefd36f5
4e0efaea
00ca4277
ce3401d3
f3fb4a36
1bf2011d
e71408d5
fbf7fb00
050ff70e
070df203
0bfa2311
fa0df803
15ff0904
07f51205
0f1a13f1
dce7d2e6
30f417ee
f21526d6
039523f7
10e731db
dbfc011d
2413d91d
d6041505
f6f4b817
02a8f001
48d7f649
311940e3
0801d6fe
f08112cb
ecd8ca0d
4a48bf04
23040938
d0f958d3
ed070825
2ed5d037
f60d0739
e2091ec2
160ff6c8
371c42d3
081de403
d3fae6f6
f50008f9
fa1710e3
dc1fe70b
fdf4f605
021fedf9
0627082b
d725cef9
eee7212d
f645f31c
41c6150a
0c0d021d
ff270ee8
1b16dfeb
2d05df0a
2d11d83e
1d03abf5
f31bf9ee
03ed1ce2
0b1f200c
fafec800
f041ecfc
e70fbcfe
11161bf7
46261343
f53e0a32
13e14a08
daf7d9fe
45e4451e
193519fb
f8e5c51f
04d8f805
d4eafc15
0c52b7d7
04d917f9
f3df2df2
07250609
07f5e703
c205ef20
31c01a0c
fdd4370e
ff3552b4
adea1b28
f9470fdd
befde817
1cf71f1c
cfb913db
17ae082c
cb1a1adf
fdc7dc2b
08261ce1
f08196cb
05ec544c
1ba93c27
26cfedf0
071608d1
4acb21e0
6a12cc08
18332d03
0ceb031c
c9d60519
cf0555e3
f4f5c8ff
d0edbc62
d90254aa
0f05de0d
23ee19b8
94cce317
e23421ee
43f95de5
0ae43a10
19061933
e0d80c3a
dad9ba1c
032f20d6
19f2aef1
bb2219d7
11f9ec13
3bd91214
0df5eb0e
d90df5e9
1ee2050a
ee122de1
e4f8ed02
14fa04f0
08fbfc01
07fc28d0
f3d8dab2
15f932ed
f2f7ea21
1fe73b1b
04ea1714
fb0bd2db
d7b8f6f7
2233af27
db6412da
09d0d600
f0cb9e77
4253fe11
fdb7ac75
28f4ef40
fe00ed8b
5ee42a4f
0c051bd9
d1fdc5d2
f3220a1d
1162beff
0ce24c29
e4f40afa
d301f7cb
be11d7d4
0a0f15ad
2b001004
d9301dfd
04130c1e
40f605f3
15fe2c3b
0f032d05
f5c316ff
28d20bf0
2decf728
f1205533
fde2dd2c
1d203726
df1f03f4
d4d65fda
d6e6dcf0
f6c6f0d4
c8e4c4c9
1118cc67
1bf131e8
e0ea1348
c50c2ae7
e7fedea1
f11127dc
ebee1905
092c31e2
fddc26b8
cfcb200b
03ca04d8
f0c4e92d
81fcf720
c4f43a19
29f228e3
392b110f
ef4300fb
fd291214
faeb3217
fb04c32d
d6ba19f2
ed228cd7
0925fefe
41c1ee7f
c3d6d119
fc7fd7fd
4a2ec6e0
02122314
f268f216
f30cef32
2614d11b
183241e3
e9ffedc3
fdd706c0
ede704ec
47eae61e
48301f20
17f7fdca
1810cdf9
29cb2042
c4520a14
f127ed33
f20bff1b
fe46d113
0907e4ea
f6f994fa
e906fd07
04f5fff7
b10dded3
f32dfa03
00fb1a02
cc05e3f9
f911d8ff
dc340f0c
eefb0cff
02fefded
05eff5f3
f219f2fa
eff9f5fd
02dcf207
fded0c02
060d0af4
ebfffcf1
4116f5f3
1d08d8fa
14f7c9e9
d41f1907
e4daceed
f1f63a06
0e3cd9f2
e7e0eadc
291100ea
d0fe1416
0e2e3c22
15ff2007
12ef180a
20fb46f2
df2afa1a
f2e8ce28
eef5061e
0de004f7
e90210b4
0d0f1600
19dfec00
efebcefa
dd0fe6ef
dcf55f09
5654e247
0e52f403
fc89e22c
0ee0bcc6
c8093be2
2412d836
45e37f1b
150104fb
1a16e1ec
fbfa08ec
f1010c02
132410f5
0e200a05
f600fc08
021f20f1
020dfde4
ec11f2ec
02011400
fa16ec26
f0fc0df6
0e040901
1b0b1507
f9f6f90a
f7efe5f5
1e050df7
102107c6
fdfa23c4
e1090ddc
1e140304
0eefe322
d4dc0b3d
ff22f504
d3241911
facccd2a
151c0512
0c18ca31
111fdae0
fcfbf0d8
4de5f2f9
e41f10d8
08fdee08
f7e5fcd7
0dec2313
0ef815ed
dff30c06
292bd114
fb29241a
fd1f02f3
fff939f6
e215c926
0821b439
03ddda1f
ed0ce3cd
ed011df0
370be519
fbfe22f1
0d14e71b
24d60b12
1af1ef06
0cec030e
f11bf0f8
f4ef1ef5
00f1ec0b
084fcf13
d5d5d9d8
24caea2d
42c132d0
d3ffb11c
ebb229f9
fc7fceef
60322621
032c4eef
5b16f30f
eba122fc
26e31d22
f6f32e1b
0210fcff
c6e813ec
e105b40a
e9d90403
f9dd03ce
e6ecfe30
391df2fe
01f412f8
e5e14eee
f7002cfa
e84bf512
051e0b20
26f8c8fc
efb5d711
1b2f0243
42e7de2e
6141ddf9
debaceda
0dd29efc
e8ce20d9
abd4f417
0a1bc82b
029612ae
0dc5e11e
f40e08d8
f00aced7
11094f01
0bfcf111
ea00f008
1a08dcf2
f811e1ec
020c17f5
28feeef6
f0daf90d
13e4fff6
1bbfcd34
104f69eb
ae0417c8
cbc15240
2e1522e8
fe56fe06
e8bc4113
e5fa27c4
11cdfc55
13ef19e8
c937b456
3918147f
e537edf0
070351f4
81b8ba08
2715cd1c
7ffbdd4b
11c5a8e4
1011f4d9
a7b2081c
05f3c6c7
2a1a0729
ede80933
0dc1ccb0
e80336f8
05fcff46
e2354dd8
d66305d1
2ee326fa
bd5ede1e
53048e08
a6c20b39
f2d50713
e40c70f3
c9caed10
fa123a18
dd24f6ed
1d19effc
dbbe5415
1d03ec0b
13bf14e8
173800fa
360618cf
d3c2e63f
e82938f1
00f0d30e
1acc2e0d
d6b3090d
fde72b09
13290f1e
eace0756
28f627e9
ee0f9908
1ed33ffb
f41314ff
671f4a2f
10081a3c
1bd92f09
e1ea06f8
f930272d
31cb06f2
fc2efb17
02d4b411
031ed714
26f7ec5b
0ad01200
25030ffb
e6caf3f3
f076f200
aaf22aeb
ed45e6f7
f12d36f6
fefefe0b
fc08fafa
0efaeefe
fffb12fd
0a0005fd
15f4faf5
fffff203
070603fd
02fc0cfc
06fc0501
0b11f804
f203fd03
0e08ee04
09f9f4f9
edf80a00
01dfee19
034433c7
d6efe8e7
2304c4ee
1230deda
a8c7d9fd
e81af720
023af50a
2b0300de
06232bc8
e23332dc
fee0fee8
163ee947
1324ceed
b49b1a23
1f0b0a18
2abf04f3
f8ea2bdb
e9d610e7
180ed919
ff5edb20
090e0225
10d1e113
ede311e0
ed4dda38
ee1711e2
f614d40c
eafed408
0cf511e6
0af1fa05
1115f70e
f120e3fe
0d10fe05
f71bf1f4
e9ba212d
e110000a
0c021af4
fb080a13
06d8f502
eb25f3f0
0be71214
dc57e1d7
c83fd390
18bde0f3
2acdfed6
bcdae541
13b9c705
0027cad6
3dae491c
02fa03fc
00fe0307
050800f0
130afe02
0306f506
f6040b01
06fbf5fd
eaf90afd
e9f81d22
da0b1d0d
ebe3d424
17031916
e9d0031c
dbf103e9
f5d8d7e4
179b10f8
e9fc1bdf
0cfaf4fb
f1e8fb02
102ffd0b
25f9ff13
1006f428
f607dfe7
e00eec22
02ec1fee
5121302f
0c10f5dd
cb0f5422
09002a22
f8ddbae9
dcf847de
c0ed171c
e1eadf32
fee707de
171218ee
fff0f6ff
fd1a1ee6
ebec10e3
04f60316
eb090223
00e7fa23
fc4b01f6
2f265d0a
01cb4a1a
cc6622fc
2e343bee
b0ffdff3
ead945e5
fd1b14c5
0c38d834
fbf807f6
f1334019
00ff503c
240ebaf9
4df6bacc
cc29edee
dd279df9
eabf0ab7
32ee39fb
0cd3da07
c6370a2e
2c41ce2c
a62ab8d7
0296fdfd
f8fffef6
9f1ac5d7
250cd818
27e204ac
982d364d
f135ffd8
06e1d3b1
fa0319f2
de1f22fe
f8ddfb3a
e52a212c
26e9c9dc
ebdc2247
2322e0da
ff261bc3
03041e47
e72106df
15dccd14
06d3c4e6
1505ad18
15f314dc
ef1bf3fc
23f9dc22
ff20e8e8
0cf70ae3
25b435fa
d508d912
f8280221
3ecfe9f3
20bf0bdd
031e2709
fd021240
dcbd0bfa
47fbcfd8
0ee0ef2c
0d2af131
0bf7ed12
1801def4
e7a2e1ef
f13ea817
21f1f0f5
c3ebe0c3
05dbf1f6
ea4311c9
0e2708f3
afcf1110
1ac5d3fe
e813bb9c
040720f1
075de9f2
d80ed5b6
ea19e802
190029e1
141ee6f6
10f10321
d2111705
0d17fede
14c3f238
00253332
2beaff1b
3237fe1a
c13a29fa
ba2f26e7
f589ed5c
15efd9e7
fa5cea07
e3f77de8
cec64ec8
2fd14312
eefcb526
18bfc8f4
cf05b1bf
d4592aed
ad0bd74d
e0c4cd0b
065fdbf4
f647de29
1cd8c7c8
4042a2e3
5ad531d2
db4df0fd
c52105b5
d4014de5
e31afbe4
15daf5f4
0a02d8e0
e32e0916
144432e5
3aff2bd5
e2d0bbda
0bc5f7e2
f6f60203
ee14eadf
e2ef2a19
1ef52619
c41bd4f4
cc09fa0b
c8170b00
f8ab2e38
250c0226
e4262349
160becc5
f11443bd
fc1e0f1e
f5fefff9
1a14f0e3
d6f8fded
fe1beddc
ebe7d9e6
e22a0623
cdf4c418
0304e9ed
39d92a43
dcdfe923
ef2afcd5
d1e8ddff
1ddb0ccd
290508ee
f618d925
c2fce8d9
f6fa1ffc
08f10afe
03091714
fefa0422
e0f4e718
c2d9f403
f41b0eea
21153005
e51f159c
09eac9c0
1a1ddaba
fff3b440
f9022dee
7a2cc101
fdb6a619
eb4bb9d3
f520ed20
ed0f79c6
19fb7f08
0f2ee257
c127e202
d6e94cfc
f741f3f7
f3c524f7
dffbfee3
f23ebfdc
e6dc58f1
10d6fc31
25136113
27c6022d
dc20efe3
a8aa15df
dee6eaf9
fdf2eec2
14442819
02ce38d5
e99cf81f
2b060d2a
04f22ad8
f213130c
d2e3d9f7
ea2fedf7
07e9fbad
f522fdf1
2b1040d4
e2ebc313
12dff72f
d3f3e519
fcdb17bb
fd09ecbb
01db1773
2ccbe014
eff4a901
1bae660b
08f9fcf8
68103302
13b21c29
e6ed1cd4
f50bfdda
dfc4e7c2
f1c724de
fcc2f4fa
08b71317
baef081d
03062bf8
23e3b708
1e1dc21f
1209ed28
33c6ead8
e90243e8
073b241a
053d3a36
021324d3
ffd211da
ac02ee0f
f4ec1410
07ded1ee
ae0e0008
e424ce11
0e6cdd14
0f001df8
290608ff
1b0bec0c
f9e5fc1a
e905f0fc
1309f5e6
04f1f20c
13eef00c
15b7090e
fcdd22f5
1ffe36cd
e204cb53
f1d944cf
0910134f
d7bdc51f
a026efde
26382af1
de27c223
dfe7e109
191310bb
172ddc0d
f6ee112c
213212f8
1227e1e4
4918ee08
3ffdb10d
d41705f8
d5ef0c29
222ad9ee
5305fff3
e1459917
17f6fe09
d13222e9
09230d11
eec10a0e
1a28081f
fcdff4f5
d32df1d3
1814ec16
0c21ce15
28d9d2f1
243d4fcc
dd3f11d7
f4be5b20
1ad61bf7
21d10442
c2fdd903
e9f010c8
e0fae0f4
eff94709
fc09dd01
29e20209
250e07f3
e1181ded
ebd86310
0816cc13
f8f927e0
021fd232
f1f61224
12fa090f
e6ff0117
1bffefee
f8fbdfef
073cea13
f4f2d9e9
ecfeecda
28103dfb
f5bd2341
effb1a0a
e703d501
eb2015f4
e3fc03f4
d9eeee09
e755f8f7
05c335ff
ca5106b3
28fbcfe9
19a6da30
23f0f118
0d04d6c1
f51ae5f7
ebfde207
bf012c18
0403dc16
d80de724
ef26fa00
d105ffe2
2e204700
0039ee16
d4d43fd0
eab329f0
e41dd7cc
0c04d308
9629bfd3
e8070b06
36d2e6da
e229dfc6
d21103e7
ce2128ed
14c5c826
fb0b7f3e
f11add2c
bf1e1ebe
a834ed38
ffedf719
04ebd959
2e10fc72
1913fc37
efe41851
300a07bd
e9faf4a8
200d27f3
fced3aca
dcd5bc05
2181e333
19cde0b6
e9ddd616
fbcf2fda
1c0fd4e3
1eec7342
ebf60e81
1a2bd6d9
f42a1209
ffca0542
19bb3cff
38f410f3
c9e034f3
cc382809
20e326e4
04f3fa03
09281ee1
dc38fd1a
02373de9
18ec0a1f
28faea13
bad3f321
e513dbfe
f0ef01df
0e390ff2
f2c2d43c
ead4d7e8
eb02f4de
e0fbed1a
308d3e00
fae42ebd
4952d71a
014f04e8
00432901
d4fed3d2
385d2338
2a01eb2d
04c3224b
4703fe08
03ff09e2
1e50028f
8431f4fd
1510d6a0
4509b2fe
e317f468
0aebfad5
05ee0efa
28001303
dd1dc6e3
eb0dfaff
01f72af3
1c34d6f3
f7e7f90e
f8fd081e
c906dce1
1905c814
f7f6ed2b
14f55ed1
d133eaf6
b3154ad1
f85a17f9
036e6315
20123009
1e0f6a35
101c6294
9903f42e
7fb714b1
0229d0f3
1d00f353
e08918d8
f81d22d6
d81e0311
19f9b4c3
0807f2f6
2d23eed7
da03fcdf
ecdf0033
2fcb0b0e
e11824d1
13a81628
eeffde10
1adcbb03
06910848
032c9fd4
20f4a1cb
f739c415
f8e21f19
204ad71b
28ba2e1c
06f73416
24371737
f7071d40
efd3f1c1
ded63bf6
f80a12f8
f809fc02
03fde9f6
080812f4
06ec0005
100ff00e
faff14fd
00dcf004
01b2f9d5
4242082e
e12e3b19
bbcef3c5
f7d922e5
5cab0ffc
e0e0ad0b
e9d242ce
1bfb1003
ecfeeddd
d9d5e700
0807f705
240f1110
090412db
fee11fed
f94005fa
53e6152f
dd36b5f8
d61f1f2f
d9342d05
cb0d343f
c2f3f516
08b11abb
cb1caf0a
1affde2e
b5174bdb
ffeb48da
ed1ae1e4
2cdc2b05
0f43e2ee
e8eaf4fe
e1faeaeb
02e9fd22
21c9fb14
8eaf4c3d
34d70bee
f7e7d915
e1044929
1e1a00e4
09092030
f4f42909
7fc22907
f6e9ea40
17f7e6cb
1dd09b0f
37b928dc
26e7eff1
47f511f8
fa45e5dc
dcd1eedb
f5d2a80b
0e460ded
dbffb611
08d0e408
292b01f8
2a0cb7dd
1f0900fd
ec04050b
f425e8f7
f3fffef4
040212ff
08110a03
f4ebf508
1203f6f5
04f806cc
ef2a1a25
f21106d8
eadb1c1a
2b0af3dc
24141217
fb1bf820
fed32f06
c7db15c2
cdc100f0
2b04b952
5febde1e
e8eb2549
fe4907d9
06ecd8bb
f103da5b
f551f6d7
3bd21311
dfcb33c0
ee0af8a2
0cf1cbd2
f5dcea04
2d65003b
0e142140
f623c221
eceb1023
166022cd
e50ccadf
0d07f6e5
040bf90c
ee4d241d
f5d05029
e93d2825
3d7fe131
ebe0e804
1af9c5fc
dc0affe4
23f523ed
4b35da1b
fedbfbeb
1a25fc15
e601f1d7
090200f0
03fdb71c
ed1bdfe9
30d530e3
cb27e317
ff36fe19
bd17c9ad
05f70652
27d53b4c
16430afa
0fdbf822
f1f2f3d4
253e26e7
1aff020f
f43cebd0
e2c713c2
cffac33a
3a9ddcdd
a204d633
0edf00f0
1a14ead6
3ff2ce24
090106e8
f7eb1b19
021a04ff
01010e1f
ff0afc0e
f217ef0c
e9f9f4fe
0ddffb13
e017fe2d
e4dc18e8
d80dfe26
19e5e731
ff5c1722
060e27ca
da2831ce
edda1cf9
dbfcfff1
f5f61903
0de7edd5
dd4dc705
38d921d6
fa0ff2fd
37eedd24
d93a06fe
e1e4f7dc
04f00401
3206d2c8
02ac3ce8
06f935d9
ebf8f6ff
f1033322
e2d5221c
23080f37
2446f9af
f900f5bf
bdff17ff
e9310908
2602c11a
d7ce12fc
fcef09b9
1802e0da
d0f229e9
af19e7de
03d3c100
2cf1320d
f9f4c80b
45f0c0fc
e10caefb
040e04eb
37ed0d14
16162508
f914f342
f936ff19
ed2df9ff
ff04fae8
fb2d151c
d9091a0d
f2c7f63b
ee091114
f15cf021
060a0e11
df4dfde6
0229dbe5
f0fd09f8
05fe1844
b7d2e7f9
e7cdff74
e95df11b
ffdd0150
e3e5b98b
dfc163bb
fefdb036
d514f53d
2812ce15
16dabdf6
f9de2bf2
090ee1fe
16f5f1d2
fb0eb009
3a1c25c5
32e44544
eb23112f
f4ea24b5
d6142e00
e3d61206
b901be16
e4adcd03
f4c105f4
000aced9
0ae1cce7
b625fbab
b3380703
d61639f1
4f548131
04fbcc08
aef298b4
fbd5eff1
f7fb06f9
f2fc01de
d9e82b02
140509ed
cfebf8f4
d3ee400f
d5af19fc
fbd407c2
fc0c04f0
e2e606ee
e0ac0aa6
08de0bfb
020be3de
e6d8e603
05472bf6
f9da00f4
ecfeedeb
c6f1d60e
1bfc3a03
f5eeff01
f9f31013
fdf404ff
001afdff
ef39ea0d
be24f0da
3a2b4506
f523f8c0
b8340431
c210f805
0a38d3d2
efddf3e4
17d90cf4
1106ff3f
c101c438
13b862cb
d3d7dc0a
cf02f4e4
23cd0a02
4d00e202
d2362012
cf010c39
13eafe3e
4108ef13
dced0733
ed1fd2cf
d5f7fee2
41fdc915
36f04108
f71eecd1
11e0e5e7
d438a4c9
12dbdde0
ffb91c1d
fbcb541c
ec2afefd
e4d1e4fe
2ccb5e04
d11940a7
c129dc05
1ce251c4
3c3fcff0
24dfd436
a404fe14
ed350024
3f14cf42
b4cfabf8
141b0ee9
27f8f80f
103adaf0
f845e1f9
0c160500
1c811eee
43e1fee7
e1062135
1bdc0efe
1129fade
e3ad763a
3eda0c05
044524cf
fce1d8dc
02f71ddd
dabfe934
1a0a16fd
e7deeb0f
cbf403f6
d8aff1f2
3800e0c6
ccd4a8fc
cfdb4bde
de0d0519
0907f2fc
fae0ecfb
0e1ff1f0
adbf0709
3ee423f4
d3c3e9eb
0918e6bd
f716d6aa
d81efd0b
ec28f2bf
29dcee19
24f2ee39
d6e32612
21e82b14
f71534ee
11e52322
e5420704
1d35d116
87d52813
e6e22be1
02af19e2
eb0303e0
01fe16fa
b4e6b140
140be719
dfd5a616
184609db
c2d4d5f3
6119e709
0e02ec09
1335ce12
0116e0e4
fce200d5
2bf927fa
fff7f710
ebf3f909
fb3fe808
fa79baf0
d7d3ef09
3d04a7fe
fcfe08e3
c1f0a40c
0120dcd9
1863d801
57da2ecf
3cf0f8fd
1e2011c1
ee05670a
0ebedee9
b3fe372e
45091d62
04e851c3
cd11d6a7
e00de613
01f300d1
18c6f7da
d317e6d1
1f08c7d5
3508cbb2
1f259f3a
3b0242ed
31321129
fc3ce201
140907e5
f0023cf3
b7ed182a
dc01dce8
ec3a3ee3
09682fe3
0527fff3
1ee20be9
31f02aea
dbf5fa16
0c02fae8
1224fcc5
12ff1e18
ff1e08e8
f117f0ea
2ee4d80b
d41dc72d
061bf8dc
f4e4f424
420ef3d8
f7030ed9
1b35f00a
07dd1c0d
af2728ee
17eceba0
e719a618
f90920c4
def6d925
29cfe541
ccd9c716
3911191d
d030dbe5
0f053312
19fdf221
9643cc0d
2ff44725
d40714fa
22e11422
1c040f2c
44f57f04
fcef234a
0b0d0c1e
1743da18
e41642c9
232041ea
3d3137f7
e9fe12b8
03040c2b
c83d2709
05daaa44
f4b82614
3144d0ed
31feedf2
da00bee7
073ccded
2c1202f6
0013d024
142a0b54
da1df810
d605f6ee
1b1e63f4
1c34c8e8
d213e320
03fd09fa
f1e5fb7f
54050c28
0c10d742
e52822d2
d91133c6
6af91f1c
f9dfbb06
cc8c3813
03eb1d43
29e6cefb
e5f81b25
294345f6
0e1c28cf
fde34b13
1ef22eef
e71703dc
18ffe0dd
dc41090a
c521eeea
f100e6fb
2ddd3817
00fef4de
4fa8f150
3baf07ec
e7e324de
cdd40ee5
2b2322db
45f5011a
0acb2e1a
c943fefc
ef09cf54
ed02e3e2
1ecc07f7
1ed3e1ae
dd260ffc
0eda01e1
0a05e705
071ddfe2
04031502
0a0f0b01
16faf8f4
fcf617f4
e4f403fd
ff0bf70a
04fd1403
00d60501
ecf607ed
e4ac0635
fcfbecf3
fa25e3ec
f8ed130c
c60cb6e5
f3b8c3fc
e6d38131
f912ee1e
18e6dd19
060b0f08
d91c1620
3344ff0e
ef18e0dd
08161cf7
0d5b1bf9
1b161841
162d2ddf
cbe626d5
e135ecb5
fbf407ff
5517d40c
4af7fc08
f808dfd3
e82219f0
c034f9df
ecddf43d
1d031331
01f5befa
e00726f4
c42d6108
42220d0c
f4ebcf27
fdf32c05
3617de03
04ecd70c
1adf08fc
c606fe10
03dc02fd
0ad0e3ea
cdf8d903
e6fb3bd7
0710e012
0a3dce23
1223d8e4
e4cc43f8
08dd080f
1bf6f7db
f903eff8
f9eff44f
f6f20f16
faf712be
ee13e0f9
2238f201
13f42902
2091e3c3
fdf0e31b
02161ed7
b50d1bf2
dd44f203
e00212f3
9f3cf31a
01e0fe0b
e109f1fc
331206d7
d5f30007
da12e8e6
1aebdeac
0a461d0b
13f9e927
44233104
1619ca03
e3f9ca0f
2dca1ed5
0d0deefe
080216cf
26bbe8cf
08c1fef1
fc163b31
ff2ad117
d524b82b
4e1250ec
d2be2a3a
3afeb026
f63ae824
44f200fa
24fd18eb
4b99020e
09065b1d
0236d333
1100d61b
0c351a45
0bd6fd06
f6f12f0e
0debd3ed
e0e8d7fe
f600f400
0cfb0cc8
c90e12f8
eb5ec5e6
e530f8da
fcd3240b
1803161e
06eafaeb
d6feed27
5af2165e
1afff020
29fb0b03
f0d707ee
06052bc4
165c130c
eefe0f3b
f80fe7f6
dffcf9f0
00d41f2a
1dd82223
01d0011c
27fb11d4
e2ca33ea
1303ec0d
0c092ee4
dd220300
c71b392b
ee25e911
01f9fe13
04ea3128
0b1fe6dd
fcfe48d7
f21d0a07
dcf7ce1c
07de24a3
f2ecf3c2
034b2fef
a911f11e
f3f9c410
ccdcf4de
efcbf3f8
0d0efefd
28163012
fd0a220a
f6d2540f
35adef0a
05d4e0ee
d3faf20d
1eecad3c
1bc2e51d
1343f969
36c5f449
ed0f1b42
ffea33ff
f71c04b7
0ed109df
2014d5f7
dcbac811
fdb10123
faec06c7
2d00f912
0311ddef
ec0b32f4
0811aefb
1ccd0019
e72cf407
d5dcfcb5
d90bd5c5
352313d3
2f24e50c
ebbde030
e60ecbd5
1df30704
f521db39
0e1c01e1
d8da3725
06d0f2e9
3fc4e8e9
37dfc61b
00f6f0ea
f3fc29ea
dd10e815
28f0f1ea
f517dd23
d7120413
e71ed4f1
fcfbe8f0
f4f80ef8
15e02eff
0443e5ff
001ffbec
faee0ef3
fd3bd9d3
f5e81913
29eebe2d
1d12ef00
0102fcfc
1624ea07
fc08ffec
ea130a07
ef0106fe
0a03eaf2
04f8cf04
040603f7
18cdc8e5
c87b20ce
f51a57c1
d7dd14c2
230b2bbc
81cd747f
f8fd1022
af073a90
1101e806
bce31aec
2d1c7c0f
ff112124
ef042320
f051e5f1
062916e8
02120aeb
058f1c13
d3e17ff8
f8f0f706
4204feec
f4fc24da
2acb0a39
f0dc1f04
f2220603
01f291f9
e91317de
e0fe0bb7
f9f9fa00
ee07fa02
1309f9f7
0ff1e7e5
00f6096b
22f7cffa
b00e1803
381ada1e
f509f7d5
d51cce1b
0af8ee17
2bff03fb
e5dfe8f7
e1443833
09fef8cf
381de2e3
031a12fa
e6ff2caf
0bfae9c1
ead21716
0cdf19ef
ecf300ec
7fd30715
0d170cff
f1fe2719
10431231
281f312d
076005df
fad3350e
100ac6d0
ec287c17
0f1c1a02
fbf9d4e6
0dce2ec9
f11e06e7
e7e3f5f9
d611c0f0
ef260407
d30207e1
00fe3412
e80efd01
0e1615ed
3720270f
fa20f8bf
0afd51fb
f9e8ddd9
20e7bcc4
0b4cdc0b
ead98137
f5f27836
02e9faa0
fd06c70d
181fcef1
15fe1846
121fb21b
1cec3eee
524dff62
0de5e612
0f0e1117
e779d4f9
11d71d12
29f1f10d
551e311a
2124eb04
5940f625
48d01d10
22fad331
f700cdf1
0fd002cb
fcd5f381
9fedbc18
b8edf2f3
3ca7f452
fff7ee15
f8c22c2d
fd4a4d2c
0aab2ff9
d70d1d0c
1ff5e4eb
fdf45ddc
09f4ef13
fc2fec2a
17f0dceb
dfe00410
15f92029
edf1d11a
11f91ad7
e62ffd22
11081aeb
10eabdfa
dce9c004
1ff5d5ec
d90919de
fec427a3
192227ed
ddee0c25
fbef09f7
0f0c24c4
1cd3f0ed
f7ede219
1fd0e6e8
b93a3e3a
f571f83a
c805f60d
f20ac5f7
2236e02a
a0d12335
e5fbf7cf
f23700f6
00fc1139
dd1c09c8
41022834
f31713f0
20d60dfe
eefa0011
fb30ee11
fce243dc
da1bd725
f0623fbb
fbe91200
e3155e49
feea04ff
f250e8e0
ddd040ee
2b2a0cff
1839e310
f5e91c25
1403d708
e86ed5ff
191aec0c
f3f75eae
e42fe5fd
fbd515fc
f30d16f1
1d1f1a1c
ea0cf3ce
2ae5213a
f9fef31c
f729f11b
16f5fe30
d6370015
e8e9b83b
38c2ed01
fa071311
f6fcf9d8
2408e800
df07e915
addfd9f8
e0f40ffb
dafad1c7
162eecfc
e6062511
110d20d6
260012ed
f636c20a
e4cde9f9
d6ddf80b
4f25f804
ff64300d
4315fd34
02dddcfc
2fdafa03
1c34ffe9
fdc01f02
e9e5da31
d837f6de
4124d131
f146be00
23dbffbb
3408fe27
f4f70600
e461e5e7
e02c36ed
7f42941e
f51ef3d5
310620cf
2c1c34e4
f4e82ef5
8af604f6
1122fdfd
d9190f0d
ea1ce52b
25d304bf
35ffcc02
1ef9fefd
f3e06ae1
25e00826
10fd1b04
250aeef9
d8f7ee37
0aee2feb
04812c03
43fe15f3
51e3fcd8
fdffcd08
0424e1ae
13130d03
d6294217
df0602b3
fcccf600
e3384000
6f2d27d7
a8eded06
eecb3324
f50dc911
0c1cd0e1
f700d90c
101a50f2
e536eb06
04d23cf4
dae5fee1
e822061d
1befe3f2
f4e72f41
d1f099ff
29edf813
2e3af626
cb45fa14
df17ea20
ed6d07f5
fe2e02fa
1749df14
bb90db6a
13182210
312d1347
eae05bfb
00b019c4
f504fbf0
311c0e15
2742dfe4
d7312d09
041349f5
f81ffada
c3fef409
16130c05
a81103ce
14fbe5eb
faf33706
15cdcb17
f2d92211
050cfb0e
d2fce210
ce1d5114
0bea171d
c1d83108
07f7f913
37f4e719
1becf601
1ad7fcf1
0d06e90b
d10de82d
16020e0c
1211ba11
e8f70604
15fffbfb
12fa1013
f60b040f
f9fcfb09
22f3fb08
fd0afd23
fc09dc3a
16170f1a
15f9193d
a002c70c
42e5d6d5
d5f62b28
0af31715
002a0ff7
f503e805
e2e5f91e
f507aede
2814c022
d93221fa
dedf2a25
07ccd311
20f5d9f7
38f5f31f
1dd1bede
ce3a18f5
e8f651ec
0205d9ef
17f8cd12
51eefeaf
ed4e41f3
c00a3202
4ffc30f4
c7031b3f
13a61012
4238e3e2
ea030dca
74021e2e
f6daf5fe
221e0a01
f8ffccd7
02ecd4da
c657230b
e214f425
baf7d0e2
fb1cf7fb
fc2b2efd
12efd509
04e4521c
e55c0ef7
81fffb13
dcf9c608
2bec4ced
56f7e615
151f167f
1209f702
2a341910
d7e000f3
04fd4033
25240ce2
13f4ed0a
df2c200e
f1f930ff
01d2d7f7
cbe9d730
0de216a3
11dad6fe
cffc06f1
ed3802e2
0108121c
08b0e700
2f4ffc06
2f21dac8
e6f6f71a
e0e712fd
ff13e200
09d9b443
f9ede7fa
dce321fa
01103b23
36cd6702
ecf7d6d1
cfdf04e9
0de6fd00
d11222e9
0fe71141
17fe2208
3aebd110
f104f5ff
1c0503d0
36042f28
41c9c624
fa051c9e
ee0be4e4
18fcf914
37261534
12221161
4ee3b602
0613161c
2504fceb
11daf946
d7f24058
24b1ded3
b3e51604
1291fd03
18b81cf0
a2eff81c
ffea4b18
00fd07e4
adfc222b
f8ee27f5
1edd18f1
0bbcf1bb
ebffc8f8
e7c406f7
0142e4e9
ecda71f6
f1282bd8
0b0d0918
0bfcc6e0
0c0217f1
dcdcc332
fed31beb
eff909f8
e6eecb06
f9ef2c0a
f4fabddc
f7fb0ceb
b8f4fefe
15fc0d0f
dc0ee600
1b09f210
27ec0c14
e0efef10
031601f4
f7dcf72c
3001142f
e5f05213
14ec1021
e1e91906
f603e9cc
1bcaf2ba
d0f9ba2d
2be1d20a
280bddf7
d4cf5a00
d118ddf7
f626f11e
20242a06
fef82606
15e1fafe
c5ddbceb
ecec1ad3
09e623f1
07fa33dd
5aeb16fe
d5f729b3
fd00311b
ef0568ef
e7e65200
5ac12523
fd72d220
e9eaf4ee
f609f15a
43e627bd
1a57000b
001259ec
f4ef0ce8
f60cbc2f
da2a3aff
4e0119fd
03e222f3
df198af2
81fb46d6
02cefbd4
1dfc15df
a006c0f8
07fbf506
3406df0d
08f5ce0d
ddde1fc1
19d2fa23
d0170116
012724e9
10ea27da
c6c922d6
c10d0fe1
35dedafa
bd1715f7
e9e01937
eddc0fb5
09731015
e8df1cf3
2f00e912
13f7fc15
d0dfe5d4
b9d4d0dc
f7fcd9ff
fb58d805
24c163f6
dc0ceb0a
d01f98ed
dcf50310
cd283909
28cad915
3ee0082c
240619c6
d6e3080b
fee5d517
0a144600
0b0a0805
f81ee512
e539cd16
e8e2fc0c
03b9e6d6
160a1319
1d1ed9ef
23afe716
f108d8fc
002cf1fd
2c09e8fe
f929c434
140af00c
11e1fafc
fdde9b04
21cad106
f7020af7
23fb31d4
3bf4c316
b0f23bd4
fc520036
220bf40a
ed24fd2e
17fab3b7
34d7da23
ead7dafd
0efeffe0
10e9d717
102dfae0
31e616e3
e10b5e05
51e603f9
ca1217da
c50b19fe
3446dc05
cc0c28e6
0a81b82f
0023fe0d
050d343e
e25ee2f3
0014c728
f90f2825
a51df028
ffffedbb
14df250d
4cf6e0ee
f14642ef
fd15edfe
fe03d6ea
382bf63a
1222de07
db14d8d1
e9311ed7
e2bb25f3
1aff32f8
05e83c29
f836450c
abe222bf
b205d8a2
deff0c2d
e3ffd85d
041bfa27
30121121
541ce6f0
1918d704
e1e4ee0f
0cc1d5d3
1de4f3c8
12020903
260526fe
fff43bfc
f531e10a
d4e4f914
ae2912c2
db6ab3e8
0614eebf
fd21f3f8
07230702
1b0422ff
06d308f8
26fff016
30ed0d46
ecf7e8a7
180a15da
29943b16
3301f301
f1e4f5ff
293c4e21
0806f100
25c9f2df
2df027ea
2729e7e5
0e03db37
060209e3
cfff0f03
f022f7f8
a92c3cf9
d1f5db19
0c28e83c
c30ce0df
fc223fd8
19dc2e0b
09ceedf4
6eb4d522
0efa21e8
0f7ffac5
e21d0cce
47e7e7fe
15d8140f
da1ad405
dd13ed30
0118d5d9
ecf30107
f0162218
e003cad6
040d08f8
022103d8
06f22a10
05ea2440
2dcd32e2
2a0ced14
e622cfbb
e10dfcea
f529e0f0
f430c4f9
2802093f
ecb9261b
20a8c844
ea020d10
d900bcc7
d6e11abb
3114f50a
2cf2fac9
f70eebec
370e62f7
511c1f0b
fc214ce5
cef704d8
e216d058
10e6a82a
072b05e7
f1e51df4
42140fd9
c4ed083b
ece35b0f
002234df
0523e653
0a1213fd
df18f105
011ff71d
113f170e
3b05dbf1
edd0f5da
c3f10034
1b3c0ee0
0333cd00
2540171a
ff0202e7
2aa204cd
f015fb14
05f425e1
2affe828
2b0f08ea
0e02e1bd
22f4cffc
fa1607d0
f41e0bc0
0c37b007
0eece708
fa0f2224
fbe605a4
00e8e72c
51e18114
f8f0d2f5
04131719
da26f8ce
111f5aeb
231c29bd
27f0e2fb
29eb1ff6
f9eef130
09f6d6f3
b1dc2312
00a52dfb
e9d0d607
faae2404
cf1f3505
d8ea04db
f8371ccd
caf716f8
ffff2ff1
5a0cf9f1
31f12001
dec83ef4
37fe0919
3307fe53
f607dbf9
010811fc
25d1fb0b
f8ecfdda
f313a4f6
e540ff04
0e342e45
15110ed1
f5abc225
1f4be708
1dcf1203
03ec33b0
04abfefa
ff0210e9
d3f6eb31
08ea2433
e0e3df1c
ef81fb0c
e01be4f2
23dac6cf
d3dcc835
f1f0e1f7
eedb0107
140325fd
0c1deefa
15060de2
c451fe4f
29e3cee3
f9092908
2243d6c3
5ef0082b
e1260c0c
16c9c529
fbcf2e0f
dffaff1f
fff4ecd8
1f23e104
31d42c40
03fbfaf3
170fef13
f1fa10ec
1827e105
0f3945c8
f0e9c201
fffd4b07
15fa421a
07d90f22
ff1d3352
f3c0e53f
fe3df3f0
f8ebee30
d0fb90ec
d6ef1213
1a35f508
f73bf813
592920d9
f03706e1
e0b82ee9
f95320f0
1429040d
87f4193d
121be01d
ef132310
05eae04e
01f21df1
38c84d21
e0212506
35f113e8
3129e7fa
eaf5cf00
d402d4b5
0fde1040
15400627
18035305
af33260d
ba1e0d1b
bdf611ed
03f3f005
25f8561f
6e430704
01bc136b
001f20fe
32c6d0ce
bfc240ce
e8150600
c8f53dde
08e2ea13
d21fd7dd
07dd161a
e207f50d
4701bf15
01040e07
cd0702ca
e60deb30
13ee1611
03ed2af4
f3da3efa
621d0a04
10cd10c6
2fb2a418
f6e0c001
1032f9fc
b4cae65d
09132402
07ddc802
1b41f4f6
fae035ac
d33814db
d9fe1ee6
31e81012
e30210e3
fb1a2a12
fc3a09d8
c624a505
e2d0465b
0c51d90f
01b31fea
c5f012dd
d8d41620
f481353a
f62e09d8
33f3daee
f3f5ac55
d820f504
1713f100
feec0a3e
2ef702ef
27cc04ed
f712f2e4
fa0007e0
20e5fece
ee9f280f
f712e3f1
c206f507
d31bfd54
05f62fdd
0ad1bfe4
0c100adc
04fd26cb
c4de1fec
1214ec02
eb00db19
f4ed62f3
03c7e3d4
e9e6bbe8
fe3418fe
14133e24
6608d70e
1408cb0f
10f0fd26
09dafac0
0fbbe350
103bf5d0
2d2f000b
ff3e33dc
d8e9e5f1
10e4dbf0
d304ceb7
16d4ff0a
ecc613dd
f426f20e
fbf6d4f7
d8f30332
46da17d8
20eae40e
2c17e8cd
010f1f28
d813ecd9
f6dd28ea
ed83bef6
1914dd0e
c9d43339
211c601b
09d2fbf2
0d28cd3c
14e50af2
df280812
30ca240d
e4081bcf
ffb4e9e6
01e32ff8
ff3e1007
0b38491f
0721d2e3
f52a24fb
f10623fe
0de601fc
031245f6
fffb4a03
e6dc4fe5
fbf20766
3a17f404
130e25fc
022a2ef6
f6eb3f01
35de331c
d707dce6
2d0ae5e0
23b90b81
0b0bbe26
f7e1f646
f526e8fc
ee71e4e0
38cf0013
c7dcff15
e6260907
f63ff0ff
c1dac6c9
0ddb07e2
281add04
ced90319
27272f2f
e2eafcef
f3f91749
33ff130d
bf09f0e1
f9fd0a36
0e2394cd
02f3f6d9
dff6ce10
fdb8ed14
c0cdf7f3
f2182b55
ece40833
17ef4d27
1e01ee12
36cb12a6
1b141011
01cef410
ef060f04
18acd037
03eac2e9
050f1ad5
3cdf2aef
bae681da
fe07192d
cc0508e8
060fd71c
f7f9e1f2
c800e707
f4ecf200
edf417d9
f4e14cb9
cb3ad426
1e3f78dd
da3008ee
263d18d8
0710fc1c
091428eb
300f1835
efd7341b
fdd90ff6
f2ecd608
e51a39e3
95050f2d
e733d745
050323f3
18244509
2eefee36
d9da14ea
1f0ef512
56f5191c
28ecf143
f910d7d1
e4030ecb
1b032efe
d8487027
09993608
feebe40f
29fef81f
a2f8eb48
2bddee84
092bffed
17161508
27cf13f0
cb21e21a
f5f3e007
fdac0de3
ce44293f
e3d924ff
fc0143f7
d80e5231
cf20ef24
e405c2d5
2723edeb
3c12fb07
0c26a782
fbe9e5e6
f1b8e70c
2502ea01
df0633e1
03c0e215
0adcc408
f3170706
f51630ab
28c3daf4
e2ee070c
e2ca1cfb
b80e0fdb
cba8e1d4
da0fe118
0fedc1ef
d8f02de0
4fc902eb
2455432d
ebe7fc3a
fa16153c
db303025
23fddd07
e2f7eacd
d2a50c03
c902eaba
fefb0012
2505fde7
a923d1fb
0deac40f
1350fbc4
0b3b1ea9
2eb4deee
e1a74816
eac1f7ce
37000726
08dbe195
db14a80d
e1e93e04
f5fac7dd
f220e0cf
0ce5f6fb
f7fb0212
f4001712
29f4f0fe
ca4115f4
4b28bd25
21ee3729
0cdddaf3
cf26b1f4
ee11e937
0f5dcefb
1efa54e7
faf53114
1420dd04
defffa0b
25dfc505
f606f520
f420daf0
cf12f42b
06ff333a
00444121
e544b3e4
39c5def4
fff20acf
e035e9f0
e62009e9
dbcb0bf6
26f8f7de
2315dcfc
03eab6f1
050ad225
0db600c6
e32226ed
1c18ec0f
1ee2e014
cf10daed
cadde8ff
1601050b
b7081b15
cd3b2520
f7fc4731
f4fb02e5
e6e4e701
2f045215
d5eef831
b62826f4
0fdf0efe
f02015fd
d2a6c429
3c09d9db
b7b7d632
ce53eb3d
0a02e306
f1fdcff8
151dd912
05170fed
0ddb023a
13d7f328
ef04def7
e9fae3d6
110ee017
23216a52
fd2a092e
1c01ed0e
0823c00c
ecb5efe3
c5382409
15ff1e30
eb052dbc
2ad4ee0d
e7d22cd8
00e80922
36d8e6f5
fb9e9dfc
15eaf701
f05c295f
e11055d8
41f30607
ca0f130f
1cd9f10c
da20b0f5
04eed20b
f200f0fd
0fe0d4c7
bb7fd3f1
12fe0a05
1e02e305
f4ea162b
feebf7f2
eb4e10f8
ab03c523
0d2b41de
1119f4eb
f40a0e00
dc1415ff
c3eb060f
c82f3e24
100022f2
b5f84df6
10efe318
38fc4bfb
e8dfaa4a
f502c0fe
dd120f02
fc0b1607
fff7ea1c
d3bf43f3
16fe23d0
1df8af10
0a2ca9f7
022312fb
5c531a19
f6fb3c01
f5194fec
1b20fe00
33fe1409
182d1f2a
2533dcea
1106f500
f03c100b
f71ece06
1f0a21e6
4d2a7f13
c223f017
0002f815
f027051f
a92c2fee
bd111a15
2f26ea0b
010f26fe
0807eded
0f0028ec
0ce3fa07
e623f2f5
341322e0
3cd21cde
fd0f6a5a
2b51f009
2fec54f8
aa4dede0
c7ad01f7
02e33621
c804d21e
c6d5d920
362734ef
f6081fed
0e25b401
0a1b0a31
f4f622ea
ed1537e8
aec7f837
2309f8f8
c60b0407
14f9ea41
04d4ff11
ce069f45
081b1c15
ebf52024
0503e5ed
0b2ccae9
1cf4e5a2
ec210af4
ef011001
c10ec1d2
d8132e06
2807fd30
d7ffe50b
36242115
d90932fd
f82dfe43
000ee9ee
130dd609
ecddec04
e7741311
f0e1000e
06142cbf
ed100422
ef0becea
1918c01a
0be528cc
b50711fa
fff03e07
04f00a22
e31005f0
e7120166
18eb07ff
d6caeb12
e0f22dd6
2919e107
fbf53004
2c2003dc
ffcd0414
1f0724f3
26d12ae5
cba9fa09
ef0e16dc
d6f6f1e4
24ef09f9
ed46cb37
f602ea38
fab91622
f8f519e4
4211ce16
f5da35db
1d386df6
f91b1b06
dec504dc
fdf4e6d1
052f1a1a
25e652fc
372bda0f
cb14d11c
cee8cefe
2dadfe31
0bfcfe28
3307dcd5
0c4181f0
01edd703
4816e70a
0d3553f7
eb070619
0f3cf9fe
d23203d4
f8251601
f2060c2d
1db223fd
1ff4e5e6
05f5e7a9
c2e74515
3ffb2615
fde4f7fa
1e1b382e
03d3d8b8
f4b9e508
d3d6dcee
0255f3cb
d8f040e8
fef21214
122dda04
2c171ade
c9d3f019
e8f0f90b
3cfff11a
13d32d1a
f2ebfff8
89087ff1
c1ede0ff
23e8d826
b1f91a00
e02c2b38
01f00a15
03f2f4b4
22fa14c0
f5fb4fee
3916ff3a
eb0ffa09
ffd5e797
eadf01fc
18d43a10
08d84cf3
d3d7e51b
d220f402
e8f22b14
5cda2f29
11d92741
0bc5db0f
f1dc3fd4
07243f0c
0b36e44e
cc280808
f309030f
070cca0a
df33e212
ff2ddad3
4cf1f610
323020f9
d908f634
08fe1ae7
d8f608d3
18fd48da
fe1a020f
fef3f20c
02f0ea19
d7ec15e3
460340ec
f8ffb5f3
38e35210
ec190b38
2205181d
e32a0ad7
5403faff
e43723c5
42ea0cfd
ed1b5dfd
ff05de0c
d2e2f7e4
0101d6e6
faeee52b
be18f21d
0ebbd5f5
fecffafd
ef21b801
2c38fbce
f3cd0e0f
fdcc03e8
fc05f7e0
ba54ef09
c4dcd5f7
fefde8c5
3e1bf40d
3af5200a
f7391223
081d0ff3
f33dd006
280fdf04
09e50919
ded925dc
cf201308
d890e823
aea91100
202d1141
32e7e402
22f0d3e2
13e91c0c
b5b7ec00
30dbf701
9d121e37
0b0d09d7
0904fba3
f6ef1809
2b5eccdb
bc0be326
be21ffb8
2005382b
ff0818e6
dce5baeb
4feb1dd1
f733dd08
fb081126
33d7e4fc
4c2503bb
0904f308
166fbbf6
fb022105
1affd632
2cbbe221
ebf1d10e
08190208
d601f8dc
e90214f6
0af7f522
13e8f3f3
fbe1cd4c
071809c1
e500f6fe
c4e5e743
0a15e316
cf011d0a
e71ef5e8
16e605fe
2906f634
0d17f1e7
3f2b16e6
ebbc041c
0ce69f16
0f0ae709
29f2131f
4df7d2fc
f1d6d8cb
f3f2e51f
bb0bab0e
1df92ff0
19ee1def
0a0deecc
effbfb0d
16f622fa
0c0b1301
fb14e9bb
f2100414
13d637fc
40e820da
27efd2ec
b116fdf5
0bac041a
040dd5fb
e3de0f02
312ae6eb
153035f7
0dccf3fa
04e2efe7
51f0ea03
ebd9d10b
2814fe09
b8040a1c
f7e323cf
ff0f02ff
0810070f
f7fcf71d
f5070704
f6000bed
fbfffee9
01091846
0906ebe8
f041dccb
7dcd3b16
2decfef1
ff1303ec
13022c04
c70d4640
e9290728
0d03a602
b71fedff
bcfff701
0e052ff5
dbe13408
cddee108
e3fcdc0e
fef3d117
ed4c2b26
5eedd0ef
ed071610
f716f7f7
e9f9f858
2e1e0afa
f40e3615
0016060a
dfe930ea
e1c793f7
11c7e17f
7f0a02f6
b4c42a24
26072c15
73c9dee9
fd004d12
eaf929e1
ce0bff08
2102b824
3523ff04
32f5050e
d6dbe0bc
44f7f805
31fe3af9
ec0e0803
feb7b03e
2fede204
00fb3202
d0dd15ec
109cecea
0c05ecf0
fad537db
e815de04
161ed449
bb2ee507
02064112
81fdd624
fe2ddb18
f0ec0ef0
0004fbee
fdca0204
3820cd2a
d9f5c011
4dffde09
0e1e18fe
bc25d5ce
eb09d9c0
2810f40b
4ee95b07
122fd21c
0520fb1b
06371af2
f3084920
d8053d36
d01ce227
01e3f536
4cf827e6
bcdcb92f
ddf2a035
1513d00d
1ae30f0d
29261c31
0be4d7d0
ef361deb
19f0ea14
d827fbca
1fe9cdf8
e713e924
a9ffedd7
ade3e638
f7e13501
0826f2e2
49331900
160a07d6
e00129cd
f215f701
17ffde00
5ae90b3a
2ad03743
d7df6cde
f9e9f503
17b749fc
192ee741
c3d401f9
3e140218
452c10f4
1034121f
fb0103e9
e1e4c1f4
120f2fd8
fe1803ff
03dd9306
24fcf020
cceafa1b
fb06ef26
fa3321f9
370e22d2
3c120d2b
50f7b907
0af1ddf6
fee3cc4e
4befdbd4
f9f50a18
e80720f1
0f31d116
f9dd5202
c7d5f121
ed38f913
25221b17
eb06281c
a3fa9931
0ce0eff6
03fddefc
bd20e7f1
06fdb9d0
f2f320ea
18ed0535
ff1bf7e8
041e1aef
d7d1f321
f61d4b1c
53ff042c
110db11a
e803f60b
2eed0559
d7f281dd
0919c6d6
07e21bfe
f195f1c6
eb0f34e8
371df54b
2ae8da0f
1bcc0c0c
2c39faa9
22ebee18
fd1cf91d
8138ec07
011e0bd1
fc10d52b
281a3bf0
f4af08c7
4413caf2
d8dedfed
f3cbcce6
17ebc532
03f81e25
f823faed
c90ff5ff
0c35efe9
09ea2003
0901f6e8
32021bcd
3a9bfc14
0f2bf511
cbd7d704
0c13fe0a
cd1b2034
60160826
0c2ff8f0
14da06fc
c214d9fb
0cd90ecd
14fe24d9
f7acc811
2e0aea22
05ff33e6
e2f2c9e6
fb1022d3
ea549e21
12c128e2
dcffb1ef
2b14040c
fa16d803
f13f15cd
4be430d6
0b214de3
1faad5ee
1719c130
f91c13fc
c22607f0
d8e0dde7
1712070c
eef516ee
24dd01ff
e6f4ffe4
4bdf1dc4
0709d4f5
e00b1af5
06f33205
b90aeae3
20cbfb0c
f90a02f7
1edfdafa
140e2620
1201f0e9
f2f4f2c2
f3f2ef14
06151b13
1eec001e
16f1ed03
e4de0c2f
11fcddfc
10faea3b
ea0610f7
1b1205f7
32e8f1b4
0807fbc1
d001d6d5
28182903
2e111ba0
42d40ad9
2d3d11fd
fef4ff24
1b5cf3ee
1e321b18
2fdfdde5
fb1dacfe
38ea38c7
e3f1bd60
c71cad0d
dbc3f314
f90a09a0
e3eef0e9
22cff7df
efee4eed
2116ebf4
94f022f0
df03e415
f0e2d338
0f28c804
0229eaf8
040eb2cf
4f09b60c
84df9a11
f0313344
34fd19dc
16f7d1f5
c9f8c7d5
a3e61940
ecb200ac
ece0c715
0ce6b839
d02c1212
15e90cee
091624f9
03eec903
d504eee2
0d1e1dd4
0919f8f6
1cf126c9
dbe3fdf3
f719de81
dcf6e919
37ea1212
f60c02e6
ed1ee8e0
2510200f
fdde5113
c0f90706
341cf610
df3ef30e
15bbd05c
e13e1819
03dce6fd
0bfd142d
07e1fb11
eb3016c2
fcf8dae8
cbda1fe8
fc19cde7
2c0d0311
0b0ef034
03df510e
effa0bfe
4df4192d
00fc11d9
ebd71614
b4271e2e
00ee0fec
ef191409
0410efd4
14c8062d
35ed390d
07dafd09
ed3602d9
0506bcec
2ce60122
f701ef22
142313dc
2e1debf6
f116ed23
1425f90e
20abf9dc
d70d2233
ecdf06d5
cf15f506
bec0fb09
2022170a
28ee0203
e81a161f
12e20811
0bfc1203
c7d80d19
d4cfd607
cb062504
3823ebe6
492503ac
061c1ffa
e524f203
0034de26
ebe4e704
dff209e4
cc0e0e02
023dd309
9ff9e1e9
09e9d9ff
15da03d9
d312d8e7
0103fd26
250cff1f
1afc3113
15cd2535
2d151720
e91a1fea
ee0f29e3
e3bd10bf
4df310ea
0fec1611
1fcdd1f7
ff1df106
bbdbeaf4
04fe0d02
e402fbea
1ef31611
1ffff7e5
09f5e95c
f605f3de
0a39daf8
28dc170b
29289d27
cf0f0bff
a0090a47
32eb0331
0a102926
1ff70806
ede147aa
de0e0141
12e4f512
de0e2ece
0106c059
1d0c0d02
f4390bf7
04f219e9
19071030
4ff511f7
162e2d07
08c701db
d9d6f20d
cc0b2c60
1be3d50b
d923d019
fedd42f4
c5a3eddf
050ed6f9
af4fe418
44a4ec16
b23516e1
e225ddfb
d7f93617
fddaed27
e8d40054
27e560f7
3cf92729
fd1419d9
e8ed1814
e9cbf6fa
f1f702d2
1db9f8be
2725d506
f9f62c14
18fe1026
cde41832
1b053b22
2f0af4cd
e1f5ecf1
2820c976
efdc3615
052646f2
1100301c
f2ed3e23
d7260401
f116db21
e73904ef
09f5deb1
e71ff8f8
12023500
23e400e3
ee09242b
10ccf9cf
e1c90234
20cc130e
16de051f
e04704d1
26d240f9
f8b41114
01022bfa
08fd07c9
eff1df21
02a712df
f5f6d8ee
fe0115ff
fc01fcee
0001f1f6
02fbed00
e903fb07
fff2f3da
ff07096e
0dd6bf0c
fb052603
1cf4f7e4
0809f403
2cf6db06
fd350ce9
03d0f9d2
f5f81681
1adc391f
2158e102
bdeed5d4
5ef8d1e7
990a06bf
e11409f8
fe19f522
efeac409
f2e7fee3
1cb42fcc
f4f40dee
25cefecf
2360f0c7
1217171b
02c4051b
2507e619
f7192313
14541518
09ece90e
162c3326
d5e8220a
dfe4fdf1
0821e6e1
e60c4ff2
311c39de
dfec3efc
faf80526
eafe13f9
1210f3d5
cd1019e1
fff6ffe1
271307d6
340e1cc3
2cf8b209
e8180b1b
3cfe1ff5
da031052
0b203207
06f92128
f3e8dcc4
2e33fd1e
28a9d4cd
0bbacdef
b4fe020b
d334168a
080de442
f31301eb
cf1b3b25
0603f701
f3ff0700
06fdfdf0
05fd07fb
fcfcfbff
f808fdf2
00000b05
f9fbeae8
58e3c3cc
06e60331
fbcfdeec
f9a1f839
20141621
24c448e8
f202d4e5
08fbecf2
20f9dbe3
dbe65b0b
491b134d
181d05e8
29032f1d
fc160603
e5c2cbd6
d2f2db0b
1ff50705
f706fbba
c2f6daf2
d10aee06
45e9e8f6
d83926f3
011166fa
13fcd9fb
e62efbf9
1007d118
f5f2d10e
2007071a
01c8e9d7
ec2a2117
1d462e07
fde2171e
1fee0126
10210522
09eecb0b
cbd01d2f
e8fad425
220805ee
1d9ceb0d
156e3fe5
06f4d5f1
a1f5c922
d136d6fc
142ead4d
c148b2f5
05330027
020834ed
c63af7ee
f816d922
e53533f8
031906fd
e71c0348
a2ecfcaa
07c91781
082063df
092a0dfe
1521280a
0bc927e8
23cc3def
47be07e4
2fb7e433
ccf3f812
e707221d
d9030507
f5fa0eba
eb3cc4f1
00f6ee12
e40ec719
ec20010a
cb2ef306
08e51e07
410c14e0
1ee7c6c3
081fd5eb
0bf4f0fc
e5b928ef
113efa2b
fffa1d28
e82a1e36
cf46f4f8
1a3c0bfc
39f4d0f3
3026f50b
f90b0e15
f90616eb
e50ede32
f8eff9bd
563ce406
c0fd0349
b43cd6de
f3221213
1dc6003c
afd1aae4
1744d259
111133da
08f3eefa
f59d40b3
e633100f
f8f94814
ce59fad4
b53906eb
d8e3f40b
17020227
bc302116
35ff1ce4
ddff0cf0
0f3b1205
d5561d15
dcedf906
cfe5f704
2fae0b13
f12ae810
ff27fddc
04de53d5
cc39cbf8
00e80819
c1002d26
f8d0f11d
1733cd05
401003e6
4de50528
d30e4e31
ddfcc706
1f3712e7
f9cd185a
0903eff5
1e113bf1
f200160e
e925041e
b10edc19
f2bf2a18
0bd7e6bd
44d1cafe
16f7011b
e2f9550b
f7fceef8
3310caf1
3402e7ed
d5000df6
db0cddea
dac8df0c
edf906f4
1808e0c8
edefd7fa
25f0f233
de882323
00fbf201
c3d2010f
fd0915cb
1f05ec55
21e1f3fe
be28b2f5
f5f1f8dd
d0c90b0f
f41b07f0
fd09e0da
e8bf19e5
fff1fbe5
f0e00ef0
e60507eb
d904baf7
b60dbf0f
ce14340d
18f6e6fb
8112ac49
1aff140a
2903e9e0
c5bbeffd
d4e610c0
da4b0f46
ce2f2b06
412b0fd7
1aec1aea
10a50d14
2010fc07
102bf31d
23b305f3
dab8d7ab
3e17f309
f329f12b
35190532
ff271107
0cc93c2a
eced0a15
07db34c1
47f0aad2
ed331102
01f3f82c
ea2411fe
f8082502
0efb04fc
09284b25
c2f3fe12
21175ed6
27f4f60a
211532f0
d409f70d
170a4ddd
0817091b
14fa0aef
ee421946
1329dff3
26f7db03
1ef2f7c9
f52de937
1014ed25
1ad305d9
36dd11e0
05cc04f4
e7592910
470821ed
13ffed18
b6e92618
dbde0611
152e4d16
e20123e8
30092406
eb170a25
06b727fb
01330d0d
3bf1d92f
0b13ec1c
f0c8fbfa
fc03bdf6
0219a63f
e7c53a14
0de9ff18
e100c8ea
28d723f2
da24ecfe
f504db6b
fb145cf1
d3b602c4
1cdefb36
44f4fbf4
0be10feb
05f112ef
2f27f520
2bdb3ad1
dfe0fa03
ed1239de
19efd5f2
0302a412
2402c84f
04e30aa8
ca084c28
37330521
02d4fdcd
fa08f82e
1d1acfed
1204e2fb
c7e66a2f
ab312c10
20d1ed3e
03fdd7dd
e2080bfd
04c8e700
19015e1f
22011100
1d181af7
f304bdfd
fa0ae70a
05fffbe4
0e1acf21
390e05f8
fde4f72d
45eb0b13
ca031e19
ed18fd1a
fe004ac1
25af00fc
00e10018
1563f5e2
fa2aec0e
dee90ef9
db0ff414
01f505df
fd21172b
f52bec12
b52df403
2b23aa1e
c3073d00
ef1b21e7
d0fae0ff
d5fa0654
ff43d5f9
02252902
3af9eb06
4f023119
41ffe915
0b0a3311
1e062ce6
020fbcfc
ed533327
d8dae211
f821d6d8
f838000e
290fbcf9
f3d04af2
f1f6f0f6
e1f5c34d
1a41111a
de0e1fcf
c5162de4
150ac6c9
a8223319
0cfbf418
06f406e7
08f8d724
1ee516d9
e3db2ad3
c4d3c719
a7f71a0a
17bd5702
25fae318
0ff11007
362119d1
e9372c16
e1070513
0474de2a
081c4703
5acd0afd
d51200f7
062b0f31
0006ec0a
f5d0ecf5
12d14212
080fcf02
d9181229
33f6150b
ea2df9f2
0a1411ea
6e43f70b
0a333610
190dd4e0
dc1200f5
0ef7111c
1bfe2004
ffd45024
16e322d2
c6f3f911
2321f2cc
071af2f0
f024d6f2
0f2fe64d
eadacf2c
d1d90aec
26015516
e924e6e9
26f316f7
d6f401ee
08ec27de
10f721cb
1b2d16eb
13d3ea10
fbbfc9c7
c5030add
f81e1109
e53be7fc
2df9da05
091fd407
d92ce2d8
18022c2b
30e10345
1f1be108
0506091e
02ed13d3
1c332614
ebe9c8f5
231526e9
0af524e8
20d5b4f9
e73030f6
cb085014
0a071303
e71515fd
f9d8030a
40fd20e4
1bc1ea19
00171b04
05200edf
373df6af
f8fb8ed1
ffe822cd
d71a08f2
de43e31f
fbcee9f5
1d1cdb02
f12bf12e
03080100
fcc8f431
faf2f100
0e28080f
0a0bc5fc
d9eb07fd
0e10f804
2ff62afa
21d501b5
01f5eee1
ea3c16f2
010ce0ee
eacaf50f
080842f6
deda04c4
1ce022ea
f72dad40
ee0812ed
c9fbea32
0c03e2d6
c5191a20
ccd1221d
fa0616cf
fce61216
d11111d3
eded05da
0bf810e7
0419db1a
3a2ffd24
f424d504
e2c0ec20
dcf3e711
240cc108
00f1d84d
e8ef1df2
0b3ff43b
5ae1cbec
0fc5d3f1
fd16f204
1c09cd20
f1c9d5d2
eb2d3c0c
e7dfef06
c8fdfeff
e7d1ebd2
fa065408
5f19ed09
490ae511
0e30f4c2
08c538dd
f203bfed
bede47cd
44f81d0a
22f0f4ec
46f9b4df
dc171bf3
fbf7fed3
eec1dbf0
e1233306
c2262711
7c2e1e02
d515b111
00e109db
371a37d4
e9231fd9
13f1e203
1c01ece8
111c5114
dfc1f12c
d818f413
e3182c3c
0ec6f629
1e0c0298
fb0bc5ee
2ba82401
efebe3f9
d7dbe81d
3cf8de18
00faf5ca
13043a08
9c040fe8
08ff0d99
dc1c1e2a
40f1fade
ffdbe7ef
f8ed240e
eda4101b
cad1e1be
ae61f8fe
110ffe65
fc0cf404
1f033066
0a4ef4ed
0e10b805
0e280f52
10f9d301
c0080c06
030f030c
babf1af4
200abdcb
e42a3c0a
0cf707fa
da093afb
05ede9e6
052aadd2
1641e70e
ec0e1115
15f82536
f7254bf8
11f2cff7
defa1e24
d0ca2c13
d0dfefc8
7f38d636
d808e2dd
e415bc15
dbec26c1
f9f0160d
e41ffff7
0a2d3af3
00faff35
03e31ced
0ed0fe09
26d8250a
c9d5c607
182ae703
29aa2131
0bf2dc26
e3bfd602
11f2011f
16ef4f18
f4f3eefc
0c36fad6
0cd7b2f6
33e0ea1f
39ebcd23
d9f20bbf
2c3af801
0811c8f1
f20be3f6
eb000f11
edf2f08d
0d0207f6
14f8d3fe
1c01faef
f0000050
f400fbf8
01e2eecf
f80e12e1
0d1683f1
e9163e33
17defeeb
35201333
fb92130f
1b2020f7
2f07e13d
9b049e12
dffa18fa
e40c21d5
f8a8e141
e420d8e9
0fdd1d1e
e5c016e3
dcebcf18
d6bc4728
3beef1dc
df13d3cc
0d22ee0d
15e7da27
f70dea28
f9c01302
04e8fee1
0710e5f7
0531253a
01fe11e9
34f5dfc7
f0fcebd2
f9e41dff
480dd500
f1eb2d09
0dd51e68
052b50ef
04f0f0bf
0043033a
00bdeb08
ffefdf03
e2b3d709
f6058253
0fe220ed
240e4115
dbe3f1f1
2643ed28
1cd728f6
14100229
e8eeeb05
efdc1a29
eed5f401
02d22fda
05ed22d4
00c724ce
173aea0f
faf7a52e
15d6d517
eb4bdde3
3bda18fa
16e430f6
d937fdb3
1ec1dca3
0fd634ee
f30127fa
ea1d351b
cd3ec4bd
0716d993
c009000a
ec1620f8
f801f6f8
0baafa1f
fbf1fdfe
d62b36f6
18fa1218
d62931ed
cf215b0e
0ff20419
352deb39
25d540d5
e216b6ca
cbecf21c
d512b710
271ddae7
2efce7dd
e45222ea
1ed81033
35e0f72d
0fe0ecdd
141d49f6
ed2e12fd
2f4bbcdb
2522f021
46df1620
061b2ec3
30e10bd5
090239e6
e9e2d40c
01f33701
395424f4
a91a63f7
fef8ec00
10e2fe03
080c13f4
1913daba
fef5ebfc
18fe3113
3211062c
e704f1e3
3800e626
fcd2d65d
11330720
104c170b
2cc1ef0c
bc102037
17eee121
efd2c7ff
0c49ece6
e12a5ece
190b0fdb
ecb7f3e5
acfff3f1
05f42b61
560fd400
ec2b0d25
22f0eed6
ef18b61b
1ca9edfa
f2f208f6
ad3c290a
ec1cdaff
9e08f427
e5f9fe11
16021af1
ca0806f9
1c1bfb36
f6123103
3ce7f7e7
1f0f4ee9
1afec200
0001e3fd
07eb0022
acc50de4
e3ec2918
fbf01e03
2bdc0024
179401fd
33d9eb1e
fb260808
1dc306ec
de4dc109
0e20de24
17faebe8
0a29cbfc
e9cc3905
2b55e1eb
0027eb0c
e93715f7
88061a00
e767d7de
0004faef
03dcc70e
a627eec7
0b15ef2c
e7eb05e4
e83215e7
13f12229
e7f70a21
2d0915db
132b12df
030cc32a
ddf9e8f2
e6162923
17d9d109
1220ebeb
f41be4fc
f307fb04
060402e0
0724281b
0bdcfbf1
fb19e1f3
3d0ccbfb
9d2ee513
37140bfa
fcf7df20
e02f1300
f226cef1
ab1a1df8
111a00e3
17fbfc31
c3f71810
e60e1fcd
24fb36f2
00fbfcfd
f1fe1ad6
491122fa
30021304
ddedfadf
3a0b03c4
dd11bedd
e795e723
1b08df03
2a2004f8
cfd6f3da
bd0c0e1d
3400e0e6
e1df07a6
2bfce326
04e63be1
eb0bde0b
f01899ac
1a3a14ad
d5e004db
b601a9cd
121e05f9
b4e2ed51
0a583340
2cfa4c24
2fb44dfd
e4222030
00f29de9
273d0eb9
08d8cf17
0f37d7fc
c4c956f2
fd1812ee
0cc2db03
d1f928d5
f6bcc024
fa04fced
20e3f024
14da241b
e0c3bd0d
dfba09f5
112216ea
27c11ce8
23f80fff
2acb0227
fa0dffe6
0ee8aa0c
e92a16fc
e5b81a03
12072fa3
3027dde3
fee305db
de0df5c3
130910f9
07cc3bbe
d9d82b3c
08defe02
ec25192b
fd2ef2e3
01bef40f
36122423
e9d62ff7
1b0b0a2b
daff11e7
1c0c3c17
0eedef21
2b342012
11d50e74
000d01fa
fdf7f6f8
e3deecf5
ec0800ea
14f54ff4
eb1225eb
00c12eea
ffef0dfc
02e30738
58f016f4
12040f23
0730eeff
f50a090e
b432f555
4130fef7
d43ccdf0
21f7060f
fb5a13da
08d4fdc1
1b533a0b
03ea47fa
a2f8e30f
9ce717e6
f2272bc1
1bd8feda
1243d419
e8e1f502
25cfca10
32f40ee0
05bffb0d
2f4ae839
c10215ef
f20b3518
c7dcf8f8
12f11e13
0a0dbf13
fa10ad10
04f801f8
df46d2c2
e427daf0
ffdc02e4
0df4feda
14bf08e7
d0e4401d
db3ce0df
e319c9f8
cde1f7d8
f2d4da05
2c43e603
f811fe4f
ff1c16f6
26face25
25dcad0b
d3f63226
abbccff1
1c0f1902
1023e617
cab8eefb
121b1e16
ea240ae3
fadc4e2b
39edf3e8
f9f2f5e0
ee15b2ed
ddbcd423
fd7f0e0d
09dd32c7
e30b1a45
c044da14
f31cd6be
0ae7c931
304711d4
fbffec05
0be606ec
042d2508
fcb9f9f6
09093219
1cf40ab2
0d2dc1ec
12085c20
db0bf905
4b1a10d0
d91cdaed
2720e8fe
30eee4e3
3a233dd0
ce114e1b
18fbd4fc
f8090623
ea13f1c9
baf31a3f
2b2d48e0
2d3cd911
03e134ec
e0be033f
ee13c0f6
38ef0b16
b00f05e1
2bd21ffc
ebdcc5e9
cbb1eff9
ede6af2c
0806a811
01d1cfef
0ca932f3
115642f3
30330d08
eef7c2fa
45ede922
f8c433fd
f8ffd31b
03c607ef
11e6f1fd
4b1af60c
cc4505cc
f522f912
1c11df20
24f3ebd2
e8ebfa29
dadaa3dd
3dfcea0f
54030af7
1beef5ef
0e070109
282ae508
0ce0e328
0ee1c2e3
3836410e
f8b6e5ec
fb14e5cb
04c0e419
1a095113
19f32302
0660314c
19f3d407
11d925ec
fd0ed8c5
1732e6db
cd1debdd
cb09090e
df13bbe3
c8ffb501
ecf7e813
0818bef9
f2d408f8
e6dd0dfe
23550709
182824f6
36e2d217
eea10510
d31829ce
efc0c104
da22330b
fa23b61b
333de625
2eff2af6
f6105a0f
510d9cd8
16070e1f
9d23ff38
fafe02de
bd0037b6
17d5feee
0532060d
e51409b5
00ca11b0
0ae12404
f2d0da0f
de1f0f1c
1124fe27
1a1b12c8
06f88700
094e06fc
35fcd6f0
e5dfe223
13092526
21ed08f7
330fe736
190643cb
0305fee7
1d1dd6d5
39fc3b10
f2dd0d52
b4f5b602
26adbc2f
acdfef0a
9a1312bb
04eab8fb
2cfc11e0
13d42537
210b2aee
f1291a27
c607fbfd
2fffe7db
dad7b3fd
e1d6c216
b53b280e
b324bccf
413e27f0
e7fbe120
e7bcd70d
0cf8d010
e008e334
0ce7b715
080c2921
fc01cccb
ea230926
d7ebd106
2f0706da
db09f828
290c18cd
0a0304e9
081004df
15c50d19
2929ea17
e80c050e
1edee241
ebb8dbd0
2c883e01
241d12fd
0230051d
53c228e2
fe01d016
0718f2f3
0a1bef21
02e034ea
fb0c2b3d
e6f9d46d
fc08f4c9
de2703cf
1b0a7a20
2712eded
17f0051f
e64d2729
2257dc1a
21243017
0f11cdfa
df0b2de5
d2ef2d22
d60a16e6
e81512dc
373ee331
d3100779
16dafaf1
ed96b10d
2325df1b
0c6b3113
e5f334f2
fe0307bf
c9bc0e3d
fb2220df
161ae81f
05abf110
0de80f76
0ee448c2
f71ce6ed
dc442cde
f9fb0cce
1c20daea
c4ef0d1d
b64400f5
030306e9
f1fc0919
17f9d9f6
12e90519
02110f2b
f7ebef1a
1323ed54
3237cfdc
e2ecedf1
0ee8b4f0
f30bd506
09ddd212
0e3137fb
c8022c7f
f63cf008
23fb1b1d
d781aef8
38ec4903
cedbc1f5
1f2800fe
fdd607e5
0ae6032a
0e2b231f
f40d4cf5
10fd0fcc
e5120e1c
f51e17ef
e6121aee
21ff2118
dd0afef7
f3fedf20
c212e3ec
07fc312f
e716a030
a4fd11de
e9cdf981
2735e702
39f71bc6
fb23fbc6
f100fbfe
20f4f5e1
edecb250
07162932
dc0ae0bc
36f2064b
180ada2e
c607ddea
09313cfe
6d09feb2
021111e2
49f4be07
ec1610fd
5c1aff03
fdc7cce7
d6ceb2f9
f7c0ceeb
07c73c31
2ff1380b
413e080d
46212bde
031747fe
21fcf70a
01deda03
1f080e19
0ded3ce7
d5f942f1
df0a0202
bd36ffc2
b9e6300f
f4fcf629
dcffe9eb
b001b10c
44e919f7
1e153112
11f5fba2
ead3fad5
07f931e3
0f06dd00
fb2005c1
d914f3f5
c9beeeee
0dcc40bc
3718cffc
28f41904
060a16be
34eaaf1d
f7d1f80c
725400f9
b7dee83b
14030f07
12b018f6
052ff6f1
0507efd3
04051abd
f701e128
ddf926e6
19624920
fcf3eeff
56123fee
fa03ede0
c60e2f00
6a28efe5
035c051d
d9eacbef
0b0d81ee
c7000300
18ec0f1d
0012f9fa
10fdf442
19da04d3
28fbf624
dffb21fb
2ee5ea14
dfedd3f1
ef0f1003
00f2d2f1
de10153a
e926e8f2
4002fee5
669126ec
d7000c10
0a98012d
f1f716f9
f234010a
09d9e4e8
f306fd19
ecccfef0
06ecd7ca
40d61310
98661a24
1b01fc38
20ee2e03
3bfb1706
b8e518f7
f80115f9
071febf9
010a10f0
ffd40d0a
00002f15
dcd50908
02b54e90
0334fcae
f62efa17
ffe9e3f2
8120fd19
fe19d7d4
e701fd0c
f12d18c3
de13100e
e71f1117
17eb0703
fa022c32
f4f2ffea
efe80fff
deffecf4
4b24baf7
f118095e
1e250de3
203cbf50
d9f5f416
29e105b3
fef9e9cb
e5fcd3e0
1a5bbddd
16441fd7
250b07ff
05d6fc0f
cfeb3805
17150627
fda607f8
fafe13f0
cdfd3bec
e8f72feb
69f40117
2ac30223
272109da
f8232133
fc6224ee
fbf1d802
0f3f15e4
811b0c07
5ed704ea
f000f831
3ac9f60e
e1000464
051afbae
d5f3fcf7
120d0feb
d9fae306
cbf901a0
0d020247
12f5f322
1211fffd
e92813d1
cef7ffec
05d30739
f910e52b
1b39f9f9
002f08e3
f209dafa
24341718
03d319db
e4ea9d62
47f1b90f
050dc9ea
72e4f849
fe23f833
23fdfa36
ea1a06f0
f337dde0
19ffd4f3
35000203
170b10eb
ce01ead7
370d05d6
0f20d6f8
13e525e3
1a32090d
2409e61e
f2cae319
331afbc8
2535f536
15ccc6d3
c400081c
f1f54243
f8f3f808
ddfdf2cc
0b01fafc
c917eeca
11261610
e2f327da
ca22fab1
bcf80b2f
14ebd6e4
3edd1620
dc26c020
20ed10c7
9824004b
ff1a0be9
300deb6f
dc02fbd9
036213fa
5a05e602
badb032b
07101b15
b2d4051c
315f0415
44cfedf2
c130f10d
ee1d01db
06101ce7
0cf7f418
fecace24
e31612fb
cde608fb
c5dc0422
f7fd0f0a
09dafff4
34e9e522
3afe11e8
320df71f
0df0f3c4
4de70025
ed0efee6
00dbf400
0d34f0b3
ef092e0b
1211c2ed
fefbf928
1ae0f42f
d0e4ff32
f6ef30f2
db54fead
01cde8f8
430a1647
08fa24fb
4432270f
f0150aa3
f130f2fa
0f042dfb
efc9f4f1
01f3ed1c
db0122c9
f32bc9d2
f1071257
0905edf1
0e02fdbd
041e0223
5e06c7ef
dde61dde
0bf3e7e0
e4f8dc0f
23edfd01
85d9ff0d
eed60e30
20f3d7f9
0ef3050a
f540e822
110f07bc
23f74b24
381e162d
d405fc18
ef10fb28
b3fd3c2f
26f7fe08
f619e41d
100fc6f4
d611f5e2
c5f5be13
4d6bfb06
efc116c8
36063c18
122f0e10
0ed7f40d
cc0b321b
ee1c46d9
dc3b0f2c
f2f906bf
db0adf1b
f6300a16
15ec0919
ed2cf1f3
500fea12
3d3b5509
0531c7ed
f8ea0d0e
fe2bfa11
2afcaaf7
ef1ceef2
1b55e924
d4181ef4
3b11edb7
02eeba35
e4e1fd22
10c0f7f6
d3db03e0
41be06c3
fadfd1bb
590131cc
f713d6b8
19ffecf3
15080f03
fb46f2c8
f9ffee15
1a591107
02e7fcd8
f306e51c
fbfd4528
680bf1b9
da1af6f3
44230eea
120edf0e
2338feff
0522082d
0ffaebe5
f70d15f4
4502282c
fe4a022d
200d0ae5
25090395
f629181f
0324fe0b
eafeef08
15da10d7
2402e000
30270931
ce45f920
1cefc2fa
f010f532
fc4be1d6
1d0b1c18
1b7fb01f
192a06d9
f61cff2b
db050454
ff1d05f7
1900fd03
f7f41cf8
f6f42e1e
ce091609
131b1409
fd0e020b
fadcfc04
df8113e0
e9050704
dcf01608
100b08f3
0400faff
1df11116
f3fa81ff
080e050a
fd0200fa
1df9fc2d
0ac3f3ec
a7fe1d4e
f352dc14
0a31e749
1e13011a
e81a06c7
2f00f7cf
f2fadefa
0e3a0be9
fc07d652
db1d16e7
f06e09fc
bfcd03e3
0732ef07
f6d4362c
d9df037f
f4fb04eb
09fc2893
ff30edc1
05020cf4
ff0809f8
283404d4
e2f7e9fb
20fcfeed
fb463f06
f90c44c2
c2db1fe3
4221a5d2
47b20103
1c2b12fb
c00d2809
c9310305
e91102f4
f9f9240e
1dadcef4
f319e014
2bc0fc47
53370afd
05202528
9b2d0210
ed4c5f37
cb0ff529
f826d5fb
34f61a25
3224f401
043513f8
1edb242c
febded10
f1d40af7
1c0358bf
c70efe23
0d264203
f2ef1338
b7ed04e5
2c142e00
11f70a28
130c12b6
1dfa01d3
ffd4f1f3
107bebff
2a07fecb
20a7fee1
0d30c521
fb490003
1c020ac5
e9f89933
57162b9c
0ae6d01e
21eff516
1317011c
13fb15f8
dcdaf419
e1cde7ef
f00b2004
2ad3e9fa
eef0f3f4
f7c8dea9
e3d4fedb
00453233
f9ebd838
270913e2
03040229
14d9d4ed
10eee404
0dee2847
1ff506ed
30fff911
f8e204e0
07d4160e
00fafdf6
e4f926e3
15050dfe
f2eafc11
4a370af7
38191a1b
d0dcf6f5
0d7f4ef6
4ed1fcea
fefb7ff7
f0ec5208
7ff8f6ea
f5f201b6
2302e010
248ffbec
0ffbee4c
7f0939c8
ec0b990c
dcfa3f0d
ebbcfc15
2a0c0912
d22ddad9
f4300bc3
01dbfb27
ddffc937
f451d1e7
31f2223c
ea0a06d5
c510072a
c93dccdc
fae9ade6
ec01f7f0
13e1d8dd
030910c7
f80cea16
2b0ce5fb
04f92f0b
e2271037
1a7b07cd
09c1e51f
4c10f98b
cd2166e4
18f8e4fe
eb1200cc
dbe9fbf1
47103000
0cabff1b
fdecf8c8
2cfd1803
1e31cfee
1f190cd4
1f0efde8
0d1e05f6
ef121fe6
0a27fcf6
e90a1b01
b9fbb027
0e1cb650
0cf82537
26df02db
ece9fa28
1d05d0f6
28341815
e22203fc
a411fc0a
e1d01d19
2c861906
d70e050d
d915f2f6
13cffafa
2d361715
05acce0d
faf6ee29
f934a1fa
da100732
f7f0f524
22dc05c5
361609ea
2bda05c0
09d71633
16ea1307
39add484
eb06d8aa
05210a00
08c00be6
7f141faa
2a1af937
1ecc08d4
f1f6f1f7
3212d0cd
f01aad0e
22f5fbcd
fce808fd
f92ec8fe
059a0e2c
01da0ad3
f3fcd451
f81d03f0
b901f3ec
e7fef746
d114f8ce
f9013bcd
b0ffc9cb
fcd903fd
e816f3c8
114f25cf
b350f0fc
ef0e0c00
ce16fdf8
19281c13
4de1c9f1
0a15db45
3d0a2eb2
dc1232d4
3cd6c20f
10fdf5c2
ff1e07d4
d609cded
b23ef5ea
fa05ea17
2a076944
cee911dd
efc414d1
10def90d
30cffdfe
341ceb01
31faf920
e3c03fe5
cc57b033
d9e7b2fa
c4f2e19e
07f2eb25
eb13f9ed
fa1e14b9
3906f602
042fed01
ba146516
16c348d3
00d5eeef
051f0545
eff6fcea
0617b7fc
b3c5f9fd
1131e80f
c111222a
35d8effc
04c2d301
edfbf4de
2a3b0e27
073ed8fb
c602fad1
fd29d42d
bb241de1
fecc1c06
e0d8f3ed
effd00ce
d0250221
e52fe709
5900fd0b
f742fc08
fe060ee9
02fd6cd1
e81608c8
0de906b1
1db7fffc
d623e910
f30107f7
140016f5
28f5f313
2bfac76d
fafef709
1fdf0d1c
fd26ffc8
0bff2412
e0f10ae1
fad3001c
18f2e421
d5040f34
f224d2f2
03f121ac
0105e815
0ef6e1d9
191ee8dc
f71011c8
2cff2aef
f1e8f8f3
f7c10fba
0b1e1118
e524f6e7
04082604
e3fdec5e
08dce629
ea0c402d
1634f6d6
2dfa1c14
0a26ee0f
e832f234
1edd2901
0ec40be9
03e3fa1b
03f01cb7
e720b6cc
02fc1612
0c22fb02
55ddf614
1516fdf4
3aeffce2
0602ec30
c0044bf6
1cf607dc
4a5f212d
f90900f8
0909fe0b
eff11804
c701d42d
edc90318
eceacd2a
060219eb
cc523e58
c8f917fa
11312800
ec0908e3
e6f602f8
0bd02f0d
16f0fa08
f2ddfcf9
1ef0e422
19e1001d
11fb0332
270cfbfd
010e09bc
f2f918d4
2e08c501
ecfe531c
188de712
0e14f7e9
05c0033c
56ceeff2
b805fc04
eef8e6f8
0919e40b
efc9f80e
df79cfe5
eeef05e4
14f2021a
12230e15
4b180021
09e81dc4
0a06e6f3
142c4500
e6e5d7f6
36f7031b
060a1506
721a1c35
e1c407db
04070f43
18f8fcc2
f633b83f
01dc08f6
1c13f550
180800fa
090dbf30
57d5f547
f6e0090b
cdff203e
e023f613
092e1ce8
cff8fdf5
292d09ec
3c00f6ed
f03e045a
0716ff14
02f3edeb
de2709e3
262eee02
51cc02c2
ffee0737
29d71fbf
74d60015
04f0f96e
11fb4a18
f102defc
083f0feb
090904ef
f0ca07d1
1f1d272b
e3370103
0a4ff711
eb0544c9
f1d41411
1fe222fb
37f307e2
00e30c2f
f726d00e
e70a2932
062ceced
0f1c4938
3e0c08e4
0eedd2df
380d0c38
01e4f117
b1ffbbca
0dd8f4de
09f0f7c0
53f733e5
deeb47e6
e30aec05
b9d405c0
41f2022b
e305ea2d
fa05e9ea
eee6ea23
0907cbcc
ef7202e6
f1e6b5ee
d8cef1f9
f83502a7
0327e5e1
0d2d0f3d
1506eb4a
e2f93018
dc0b041f
0438ff1e
1b19092e
acddeb23
2f31d139
0a3edd02
081dfd1b
1500b7c5
1030b355
16def6e5
e6d813f4
f0e613b3
e8f727ca
069cf4e5
04392ced
17f2e1e7
270c4914
3dc82e00
e009eed4
00c50a28
e5e202c9
253bf757
f8f104d0
170004da
fdd32bfe
ed06fdfb
01f3f5f0
d5d5f615
d701ea55
f4cc02fa
f010e42f
35100ade
0233e918
0af9e41e
e4f3f1f2
01d7e806
ccfce918
4ef3fbfe
022fe9d6
16030a05
fbe6f5e6
e5fff5fa
4016fc4e
dbfbfdd9
f8fae6c8
ece1f2ed
fb13fd18
18f2a63b
3046b302
f9c1050f
fed5f920
f7faf0dd
091eeff9
00f7fb26
0afadb0b
d2fbf42a
dae84707
df1ab8f6
fef7fd2d
53400733
19f844ed
0a0320fc
f8527fe0
0b25240d
07052709
320301f6
1d2109f8
17e5e7e3
ff18ec46
34f70811
04243284
19ecfb11
2a41b6b2
e0e635f2
3224000c
17f50702
e41b17f9
071f01e2
e803f8d4
4afa120c
4146d022
0ed4e5e4
37cb0f1b
eceafa2d
da0d1fde
1116f701
f36c1645
2ffdf90f
b0ceff31
c9e30e19
b8cff501
19acfc12
1918064a
c0cd0305
09dc000f
401327f2
0df90bdb
0fc1ede5
f1f30211
200cfb14
eff8fba7
e0360f1f
064d0dce
e7f121bd
bed0a5e7
4139df19
43fafac1
fce4fffa
0816faeb
e008fe04
f3e71ae5
3ef3f7d0
002721df
174cb225
ee010100
dac20632
df112bf3
b8e80ba6
03f201f5
18fbd3c7
1be5bc3f
1d230f0e
f906fcb5
f65bfefc
01ec0e12
10f201fc
09b2df17
2611dee1
16f37922
2af13315
1fe40829
e31bfa1a
102f2321
0a20ff42
0eb405fc
d706462a
28dc23db
f003f8ef
db0d012f
1fba0317
e429ebf8
df39f506
ef2bf523
d108f941
fc03461a
e518062c
08ea0544
0227f914
b7d8f0dd
06aeed16
02fc0bba
d1fde20b
fbc91e35
40fe0b09
0ee50808
f91d0446
16e346f6
d9a60ac6
fc3a0a19
1b0637f8
0648d03e
02dfe022
fb14fff3
eb010df3
2252ec1b
2f0d07cf
f7d1f8fa
0efaf6d4
328cfb24
fee8cece
c5f1fa47
2217fde0
defd1db3
d5f9eefd
f2f7eb3e
db0a03ed
efdbf8bf
dfebf81e
0919f017
03f7fe0f
4ef2e45e
07fef4b9
fa04e3de
a017e7fa
09188522
ebd8ec26
43ddeefe
d50200d4
ccdcde02
29d7ee08
f33907fc
0102c7e7
53d900f9
0f0836e5
13e4f42a
2b08e3d9
d8e826e8
001eb3f5
04ee08dc
e325fffd
e7f01e09
120510fb
2b16130d
2ee3f40c
060202f1
593311c7
12d0ea02
ec0543e3
f45225fc
e1b93ed8
e5eefc3b
e6f2fef4
06b2f0e0
0dc8f8cf
fb18efd2
dd091a0c
e1fc4149
09021d00
eae3fde7
1605fe10
c0f70356
24fe00fc
2bb95df7
fb7fe8f0
df0a3114
a1ffd80b
df0cef15
ff06f519
e109e3d8
d4e1f00b
0def103f
58e82e18
d521fd04
de010aba
efed00f8
09d0061e
cfe5b4ed
26f4f813
fce40c1f
32f649e9
03b626a7
ee0d0202
d0e3fedd
dff705f4
1f0715e6
23c305fc
002be2e8
fd113023
f40dd117
24101e64
f53f0ce4
26f30928
3703c803
cb01f700
ffbb10fb
efd5ca34
451433dd
3a2130d5
ece3fbff
c328100d
e5eed1fe
1e2f0af9
fdc2f302
24010ffa
39c60d00
fbdf0fea
253000d8
e1220414
e7c814e3
e016f4ee
0e40120f
f0fb2f22
e7f6ee10
55cf0a1a
f90500c2
19d605e2
fd18f4fe
1308fcba
f7f703c2
7000fd26
e715d8ca
03480a27
ec08fe24
38300ab9
fd1017f2
130fd31e
f7de07d5
0e112c1e
41ee1c9f
263b0cd5
30150010
bd50ec28
08432afc
f9050d03
df17e6e1
d3f6e538
dd115110
e6fef723
d4dd04f3
1e3a03df
fad32923
e00331da
f6d61432
dbf0f7e3
f8bf14fe
f6c5d9df
a2e601fa
0a0df2ef
ff0e301e
cc03fe31
f8df042d
d5f41e2e
0800e407
9e021eda
03cb04cf
fbcaf5cb
05fa1a0b
fedc1508
ffd7000c
020a0747
0be5bc23
0e0105ce
f3310a00
ecca0808
e7e5eb56
d6de0b1e
190d1705
0cf4bbe3
13f2f40a
e6c8f9fd
0fe8020a
eaf706d6
14180bed
f4b9f5fc
00eaf653
07ff1201
061a16fc
2c38e3e7
1fe0fbc3
480cefc0
312f04dd
2ce7fd0b
12d20a09
daf30a24
ffe51df9
fed0c315
f0f1f5d4
2cef04fc
e6bee2e2
10f807ed
030b0bcf
01f5fec1
e509e4b7
223702e7
1f310c23
2a28fa21
241a3d18
d04a150f
109712f8
fa0af40f
01c90c1f
23e4c300
11ff05f1
0c0efbe5
01edd4c7
062c01dd
093af1fd
d4fedffe
2523921a
c5f81d1e
2b06f42a
1e2604d9
e81805f4
edf41cc2
fab1fefd
021314e9
432f00db
0209230b
08210b09
24ecf80d
021c2df3
29e800ea
02ea1007
1c0ff9fb
0c9e2e21
d840ef28
14f3fde3
fe1800f0
18e5b317
1b4506a3
feece8e3
fbfb20d8
1d290708
0ca3f713
0e3bf8cc
e104f71f
fee6a02f
01e304f8
faff1c26
cc0231e3
ecf8b6aa
212004f3
1a00dd25
1c1cf306
1c020bd3
242ae734
02ee19bb
1d06b103
020d2dd8
1701f6e6
defbffc7
fe1b1916
0dd9efd4
0be92b32
0305f1e0
24ecfa13
0aec18e4
0fcfc02a
4b1eff07
fefffeec
c7f60b24
380aecef
e9ff0b20
0bf9fdac
ef410aea
182f0b4e
051bfe15
51c6f919
10f548eb
e3110e43
10f40e1a
f3fb7e13
f12ad9cd
f80cee32
0519000b
d32509f3
e53eefd9
4b6108fe
045bf62e
07fff9d3
2445c024
db3bf01c
18dffff6
eff4fff1
131ff6c4
062df4ea
dcf014b0
dd0bea31
a8df03fc
13c6f30f
07dce8c2
231f140b
16e7ba12
0ed10beb
0922fee0
06fc3dfe
040accd7
052117bb
2212fb08
f71002e4
e229137b
100af1fd
05180b4c
3405f009
be1df6d1
4d5b16f5
e01108ec
2b130618
f8f93cec
0b1b101c
ed17ed2f
4006860f
02f9f041
ee0e2be1
220b04a3
192a0fc3
2510b8fa
1018edb8
fb31e1c6
1a0b3e05
74f70cd4
f8371d45
d6250703
1b02fb10
2a0c1dcb
f9480b01
02f71238
c005e3d0
2ddc32ea
f83b19d6
0715fad3
14440301
3006cc2f
d6cff8f0
feef0814
e8fcac05
0f1dea2c
570be911
2a251440
0de309d1
f6d60c2e
dc03f514
0511dc05
d5160c43
32050ed4
f6ba04d3
19d50435
e5d90cf5
1803c41a
0b2a09e9
082e09a7
150c14fd
1b36552d
d9e71fc5
24c9053e
249b0ff2
11070eea
dd270d4e
0bc11302
b5f7b61c
e2c9d107
ea1f23ec
2902fcf2
0335f910
08d93bd3
e9e80af8
f9f62211
281531e0
d9a84109
032e041b
ef58feb0
02e2f5fc
2ae9e800
e7f50407
3c11163c
5201f8f5
e6d2fb13
1af5dffb
282a061e
17f6fbec
f61ff0fa
ae04f7fb
011bfddd
c60881ca
d42dddef
3dfc1e05
d7110001
dc16fdc5
cd08e10c
0fe110e0
1197f902
f102f30a
2f1e1802
2fd5ebd9
221005d6
97f6fd0e
fb14cb26
06cc02c6
0ff7ecf0
320830f8
3eeedaf9
1d042a18
e7e81628
ce11ecd1
f31f2ab2
1f44ed1d
0c150a14
10ff179b
f7d8e13b
10870b17
35d3ff1b
2729fd20
f52a6421
052708da
fb2f1af7
c0cb00f7
c4c3e214
050d0684
cee30218
2621232e
182cdffc
fbf9fdba
06de111a
fbf64d3e
28030cf1
e7eb1301
d51afbdb
e2c6f40e
faf3ea9a
c9e22736
ece624eb
1030ef05
0aaa26fb
f0f502d1
1c641512
f0f70df3
2b0c1725
f6edf6e2
150a162a
def63511
de10fccc
f5d4f600
fafb00ba
19c0080c
e43d0f4b
2d140abc
1f3d06e8
09f0dbd6
19b106c3
e441e9d7
defd02ec
f4cdfc8a
200af7cc
b822fa32
13db100e
b1e83fe8
18fd092f
271b07f6
02351bd5
b1e1f9eb
16db2112
e5eb0541
15031ad0
04fc01f0
e7e40f22
46f2f724
fdedfc0f
be11f91a
fcfdf21c
e71ae305
ecf609e6
dbfdc50d
0075f1c3
c0b6f5c7
fc0a0320
eef80d14
f1fe40de
03de10df
e014d1b4
f201f0f1
f1e53916
f56211f5
ca260825
28d60830
e3baf1ba
113d00d1
e92715f6
2bc5d569
fe1aaaeb
d5b2e0e8
16ebf7f7
5005e9bb
fac7df3e
fddbf4df
00bcd3e8
de04f5d1
28031510
c92cee33
0ef6fb63
e8cffed5
47f9efb4
27162ee4
27e1accf
0307f5f6
1c00db39
f519ebf7
f30f0cfa
0a14ff14
15f503e5
fbc0fbe9
01f7ff09
def72bc0
11e6160c
1f042de6
253f0cdc
e30906f7
0807c203
001d2e3b
eb2602c4
c1f4e3f8
cbef1925
06fbe5ff
f9c50d23
38f7f124
f7211dde
df01f5f9
133504fe
0710f5f4
32ede30b
0ef2faf2
e909f904
0ef4faf0
1dd90af4
fd1703fb
f717ea13
ea1504f7
db010b7c
060b16f4
1219fdee
09d5082d
de21d848
02ee13e4
ec13f9f4
3bfaf09a
04bbe9d1
c5f52fdd
e620f939
2640fef6
ebe1e815
08ff7ff8
f0ddfff0
04ea0e06
f30f36f3
f00bfc0f
0efbfffe
e6f31a05
eb0f1407
06fdf3b3
0bdd1ae3
c2e630da
00041259
e350d719
42eb081a
f9180027
f727dd28
fe51fc22
17f716f0
c20c1529
6209fdef
203bcafe
0cfff1e6
ebf50cd5
160d4934
34fe18fc
09d10df8
3e0305de
e50dec19
3504d243
19000aed
0e0bfc0b
d3f4041a
0948ff2f
ffce1211
19e03df2
44f4eb09
cdf7d50f
b1dc0407
0c1902e2
f1f90dac
b99a072c
fa36ebdb
e9030025
dad73dda
fbc5f207
fcf7f3e9
0d95f321
07ebf2d3
05a2feec
f5eefd2f
f2fdb1ae
271b4d00
24de01c6
24070626
02020425
ee22f03b
f7fc0fe0
fef8f9ea
e8093b15
e10f18cc
fded223c
26080b34
07cafbf3
0c23e607
fae808e6
050b034b
460340db
e2f2191b
eb192d29
053c0b05
1e3cfd56
15efd007
e821ffd2
fdfc00f8
68f5b5f9
1732d011
25ddf09c
fdfbfc02
ea27031d
0ff723db
2a09031a
09fb0df7
f1f50f1d
07e0d6d2
2237f802
eb1600fc
f7ff04fe
1eedbae7
095c09e2
ff0d0832
fd00fdff
01ec0aea
00d1e653
c8dbfd2f
d8a6001a
0202202c
2b0f0d0c
07ddf124
e1ffd609
1e143d0d
f1eccafb
d70202ef
18de0623
05320f0d
ee4304f6
e7b5f2f6
0c058cf2
fcdfd7f4
dc061051
daef0122
f4db0809
29ff0802
1c88f30f
2501f6e1
ebf6efc9
0600fb16
fa2303f6
f3091128
1e141c1e
fcd2110b
cde4e858
fa19320c
c3e952b6
0411e118
24ff0217
e219f59c
0e260212
03ef0fc2
56b204ec
040b21bf
28078f35
3930d8e8
08f6c86e
dabd0afd
d71bfb12
263bf838
1b02fdee
07e20fda
e1f5fdf8
42f3b7bf
ed350dfa
c3e10b0d
bdfb07e0
f2f8f21a
f1c2f355
fae71100
d2fdb119
c2d6ff34
f029dde5
0215fb0e
da4405f7
4f26030a
131b04a0
ece5f918
3df2ca00
e9ea1c03
e42a1fc9
a43df6b4
1ee603f1
3ae2080f
d6f80cf4
17fe0c1b
08072dd9
5119fe1a
4138d93a
30050606
ccd5080c
d71d1a01
e3d4f7fb
fb0105aa
fcf3f42f
0122ca7f
ce57ee1d
faf1febd
e5dffa0c
c9ec27df
261501fe
fee5eecb
20fe0b15
1241f902
1718e5f3
0bf305f5
26c106ba
d62441e9
32d50fe1
ecb82afa
dff9db31
03dff502
edc14123
08d50dff
fe220215
e1e33d12
d1fd0b14
01051a3a
1cfea056
f6370707
a1fddc05
cf00fdca
ec0f0107
900c05ee
ff5612d7
e6fb07b7
e2f7d9ca
63d90f04
0ad5b418
f9e9f1e0
155e09f1
0e0bd915
ea30f605
ecd60bc0
541ce9e1
ec28e931
75391de7
12fbff00
47ce1df2
d424a12d
e50746f6
d6f31b11
0003f5e7
101af317
1716ff26
fbfff503
fcfefd01
1700da07
ef2af9d4
0507030c
d7f72309
0630dcf1
f6e04f02
f11afdb5
e812002f
cc1acc0c
1313e1f9
08fce0ee
1715edde
0fe91dc2
04fc0111
1d26093a
ecf4f62a
fefb0b33
c2f1f9c8
0d3ddbee
f604d817
0bef1af7
ebb31bbb
1618faba
4cf304e9
8add5138
cd19ff07
f0eefc12
b9f908aa
ecc1f5fb
fd3a0c1d
25e5fb33
a23301fa
a2e8f7e2
2056ea0f
0b0a1ee6
3c1656db
d3241713
a1f33034
01ed06fc
c805f8ef
fd1bfa27
22faf517
140dcae4
ece8e10e
e0e610fe
edc11a16
11131706
24f0c8ed
0a0cf9f3
08101ff9
e802f525
0104dfe0
3215dbe7
0ffa18f4
d017fa25
09ec2eee
16d3310e
d5eed70d
121107d8
fa00df26
000c360f
d9f10b3a
f825030b
dcc5fbd8
db06e817
0a1ba4e7
23bc0ff5
cc032f41
1c3de9f9
f3d91604
f31be615
f5d513dc
f20ef6e6
30ade6ef
3322e9f9
0202e8e5
d9fcc8f3
11cafbdf
38f517f3
112a240b
2afb24f9
f011f81c
11da310b
3d22e9e5
f3f9fcd6
2adfeb1f
e5c73be0
ff36e6e5
02fb1bf2
d5e603f4
0119fae6
f4065df9
101ffe4e
e7260a6a
cad30334
143f08e4
02011cde
07deed17
f90d0000
0ef5fccc
20e3dee0
e012f2ff
f5f9f8d5
3300f918
1cdd1616
022d0517
fc3f0010
cefead24
eed2144e
1c3e2623
5281ffd3
20f8090e
c3123e0b
d5c7f407
ff30091e
d2022f2f
27d8ef04
d1c024da
edfa05fe
41daff45
05c4e8ea
0aacf004
d7d118bc
fe0130ea
0be7eff7
0724eb06
0d10fb01
3337fffa
3cdfc1b6
f206a22a
42a60d1f
eef3d92c
d6d617f0
ff2de012
31f509eb
d835e42c
18040ffc
18b5148b
ea49e42e
031de2f3
fb0109e6
182303e4
f70b04e1
caca03d7
2006db01
2015defe
e41b0c27
0bf7a625
bc26e65f
f83c0225
09e8fdf6
fb18fef4
1de0b604
f9ff0033
14dbf426
29142ceb
27250dec
f673eaf6
f2f9f729
e3d9f1ba
0d0ef7f4
4e1cfe1d
f8e91333
15f73838
bbd71029
2deef613
0ae6fbd0
d7e0fc0f
dde0f100
cf140825
fd06ed0a
6612e3b7
fcf60e0b
08590ffc
e6080d08
e6e60215
145ebb21
fa001918
f1e9f132
d708f42b
090727ae
2bd41908
ec3102de
122d07ed
1127ec21
a1ccf8d5
f214f80c
1602d5fb
dbf9faeb
d3ff42d1
cbeb00d1
daeff8fb
d4eeeafb
f9f9f938
ef05cf03
2efe0e05
1907d0e8
fcf7100c
1ef5e6df
ea10f30a
c73c1120
cce3fccb
f1c5f7f9
ec0fd54a
f2c9f1f8
fe09f2d9
f63d0dc9
ed18fd13
111416fa
09fdf7fd
81ef0cf6
0010f6fa
fd1508fd
ef19f901
f1062e00
f7000f0f
fd07ffe8
1df83efd
7a17f10e
f8000606
f210f5fc
fe0b001d
e2dfe0f8
f513f4f5
26e4f501
2502fbfb
eef0d6f8
b417dce6
ece3df9c
0bb858fa
febefcce
2c22f81c
07efc941
270209e6
101003ed
ffed02fa
321ed4c7
1318d625
f5190924
031e0e31
01e038d8
e55eece8
feef13e8
d603d83b
cc474de2
e2df15cc
d2f6070d
0bb0ebf2
fd0b1338
ecda0cf0
08d9f90b
03ea3edf
ea143d0b
ef3e25d1
d51ce913
f11ebf0c
17f4f9d5
f604fc03
15e0172b
e101c0fc
f12bdc1d
fbd5ea12
e8b3310e
f0dde606
dcf7b635
16ecfc10
fcbd1753
0ffa22d3
c3433e1a
f80303bb
2706f5fe
2f10021d
d8e4fb0a
0c00ee02
20f1fefd
fa000508
06f707fe
01fa0302
fef9f7ff
fa027ffe
f8fb0302
c720f53a
f92bfecb
4dff095b
093ecce4
f51124d5
0efb0224
0c08f9d7
16211106
f8130007
fd32f2cc
f71d07df
4bfbbafc
32d13b0e
111d0ccd
f71200c9
f70d0732
d6e6011a
04dcf938
b1ff3b59
f8400901
0144ef16
02f0fe4f
b7f9faf8
cb151fc4
260d1312
12eb170c
12f72a0b
0905cfe4
f8f6e001
e2fa09d8
0423ff00
4533202d
0ee70139
e92dfddb
ef04aae1
1bd817f9
aa29042d
1d0df306
1410fbe3
2414ea1a
36d9f8e3
de15ffd9
cee6a00d
08eaeade
ffd4211e
fabfefe6
be37fee1
070c7f27
d516100d
f5e807d8
8efef23a
ea03f3d6
0a7208da
d912fae0
c133faee
d4f7272b
d7d7090d
1ee1f812
f6f7dceb
45ed1211
d6e90731
0a220f1a
52100422
0a21cd0b
21e014fb
eb20e81f
2b0aeecd
ed11f4cd
be85f9f4
0fdc09e6
3e2af849
dfcee7ec
382cfcf5
f915e9d2
c40ac2fc
2421f8f3
02db4be4
d30c06c3
fb10feea
e4efccfc
d90438f2
050b0e01
26041003
dff6091d
04eeee00
f3d90be8
dbeefb07
37fbccea
fcffe108
07e70908
1a05081f
fd352740
22be07eb
21f1151c
f31e0bde
fcfffcda
0c19fbda
fab203d3
11fa24f1
1811dd4b
ec81c5ed
d4f601f6
cd07fa19
24f9f5ec
213beee7
f9d4fbe2
21dff0cb
edb6f331
4af9df1f
211ffdf3
e225f2fb
4df9fcbd
c021023b
0b11f0db
1110d115
edd0f1fe
1c5e0412
b4f30408
05eff80c
05f3560b
e2f4f9eb
ecc2f8eb
5cfef0c0
0beb0c13
b3040e00
2401fe10
2723f1f5
4cf5fd22
1c190e00
f50311f5
5b0ce717
29f8fb08
162a44e5
4505f233
13ea06f7
03093010
f0341fe3
f51cff08
060608d3
2cedde30
decb27d3
d11c0400
2a0bfddd
ed2a16ce
e1f2f8e9
0dcc14ff
e102b401
275fcf01
f0f0dce4
0700fa01
defe0057
f6012732
cd080409
05fbecd4
2801c114
c80ff125
fbeee4e9
28f2e9fc
1235fb01
2acbe408
1cf33020
0c35f7fc
c8190c0f
11e98a12
f38802e5
d8191828
45040fd8
cd1827e2
050c060c
0ce404c3
39ee215f
35c5c712
1ce107e4
d000fbff
df1307f3
ebffe017
2d03ff47
07c80ef7
1e0615c8
1e03d416
f4322190
34d10320
f20df4c4
2f2fbd4e
362219ec
0aeae5e8
b005193c
0b37dc19
f125c81f
ec050130
deeefed0
c426f3eb
c91302af
fa2ff725
e104e239
e8191518
ac400616
c20ef728
d2fc0950
15ba21de
0de007cc
0631f7c2
0420d0ea
d60b1cf9
063c3702
ffed023a
fa320ce8
27e3f5f0
d555fde4
f5f20c09
d4f8db29
23fc43f2
0035e9e7
fce2fb0a
ebd20217
d1d9dad6
082e09e8
ff180925
4ff7cd6e
f6efcc1e
c8d008d1
f7f603da
ebfc07df
b81de1f0
06d2f7ff
ea3cd109
f404fcae
dddfb0fd
d8053910
0dedfcf0
e6010924
bf07e10b
bace221a
eefc0842
dc09bacd
d8e8d1cd
e0e71f05
2d26fe6d
0903e123
f7f8ef2d
30170c08
ea11fd0f
f2066b04
3dc505fa
dacbd10d
cdfffd5f
024300f3
17fe2107
3feb0537
0332f9d6
d2050de8
f2d31ed8
16f5def2
0d0dfd0d
233cedff
1af30df4
22164116
ca0ad103
eefd1fdd
ecff15e2
1ceaf8d8
e3d7f11b
f929f707
dcf73ff1
30b8ee73
ebef1de7
0af52fb7
f0db240c
1c38f31b
fac8f615
0cea0ecb
fceae6a1
2d0ef9f8
17c70706
02ed11c4
2cf82431
fedce3c9
2ee1f323
e1d20703
01ddc7d3
e8dc073b
20f7f510
ee07fb1a
0dc6fade
feeff2f5
1a2bf62f
fdf71d2f
0bd1ec14
f912f72f
e91704f4
e700a403
ee614834
d40609f9
02fbecdb
1d0615de
240101e1
ce0f1406
f5ccfbd7
20ed242c
c9ede222
e9f04115
ec0bf903
d02d15e1
3b0400fb
f7ecf610
092906cc
0ff80521
042309b9
1d000bed
014b0808
eb17fd81
f9f403f1
d113fa11
e2250c0e
fc0e2d51
06f42e25
1fd722f5
1d100f09
ef131b1c
19d619e0
4fdc04d6
0e4efee9
0809232b
2325ddf2
e4fdbe06
e30405ff
ff0ef2f0
16570436
334b0f3e
02bef0db
12f81117
2adc0ad0
33f9d41c
3a0cf7f3
0a810710
30e41df3
19061320
eb30f20f
2210f2d3
ac934562
0e1a3e10
143af8cd
04fa0c0b
17e2e3e6
03a3f811
e82a1251
5b10e1d6
cd2121bf
ef9aed2b
e4e2fde3
102d19f6
0ceb8f06
09f70ccd
fd0de224
5001dbad
c4fff71d
e13512ca
1e0cfbed
c8461013
dd1704d9
0bd40006
fef126af
d4f12747
07ee10de
ef08f920
fad3030d
f4eefccd
fec96901
d11ef222
02c70ee6
f1ec04c7
ecd0cbe4
1619faed
d1e7fece
00e900e4
cdb11ad9
dadce404
e4f3faf8
5cfad8e1
cc0d3f46
19f0e3ef
1901fc02
f8fe023c
190bf0e8
15c21f0c
e3d1edfd
13f6c2da
c5ee1e01
1809fdfc
ec21e9da
f0dac7e0
0d24f3f6
cefaeceb
1dc030ed
19f961cf
10fc07d2
00050014
d60a0037
03caf20b
ecf23510
27101ae9
ffff0d19
440920f5
0f080a07
ba41e302
20180ff5
cbf0ff02
e4f1d406
24f2ff01
f5f32107
b1f6dbe8
ff6504d9
02fe2700
17e4f816
2310031c
fbcd160e
0ae3df1c
eb0debea
e9e5e8f6
d6d315f7
09b7fede
082ff802
f5fef507
e4ff2ad8
2e0bf6f4
0d350515
3704ff42
f4f302fe
f303fe2a
f422f809
fa24fe0d
0cf54d0b
d91d071b
0612efb9
e6fb11df
041ae314
0fc7150b
0c40fb0f
03de11e8
fe151f35
b209ecd1
16e0f80c
d8f5eb7f
02e7f9ea
e4ebf61a
0d0cfd1f
de32f627
ef0deffb
2df1062a
07c6f525
d513c52b
1ef61bba
f402f500
d517fcc0
e00500d0
0cf7da24
11cf0a2d
ff10f0f1
cd091801
2acc2bf6
d8240820
e5f2011c
fd210708
3aee104a
0f03d40c
bd26b8f2
dee716fd
ae02f519
b10981ef
42ffdae4
df1506fa
1b15fb0a
0f28fce8
f42fe8e7
f0fde2ca
00c30cc6
3742d107
c8e308fe
c250eb16
1ecbdceb
042705f3
f7ee2a13
d1fdf5d7
08e21cdf
070fda0a
e8e7070f
ffb4f601
13ea230c
30f111f5
051af32a
62fe38fa
e000e7cd
0ba221f7
431dff5f
bad0070c
00fad2f4
1af306c6
fbee0af3
c9f50724
ddcbfa3c
1f22ffc2
26e60c0c
53d9064d
e0ffe932
f60f040d
00d2f0f8
bc04f5e2
d5262033
20ae09eb
17ed0140
0a0dfe3f
10eef34d
000f021c
0c0ef847
ec07f112
dd13e7d9
09f6092f
10f2fb27
d002fb3c
3af6eb14
0bfb07b3
f24903eb
26001be7
e0ff1047
e4eee84c
ccfc00f6
1f420744
efe7ddf0
f3fef905
ffe8f1f6
00e5dde3
c5014b09
f3fdff0a
0912fef1
0516f401
e9feec01
e5c20b0b
fce5f42e
210208f5
1305e740
f307ece0
fceff500
e90af4e3
ebedf721
b4e5112a
f846ec0c
f6f0ec04
df2fcbe2
f0d917ff
e904052d
100afaca
e92107e3
10e807f9
ff07fe3a
e3faf2e0
e41fd423
f0bd07c1
eb0f0ace
52e2f7ea
d7de0502
07033807
f1fae3e0
ff022e13
e7060ae5
e9eff41c
ec1a041d
db1825db
f119e9d7
06a6ed03
0af418ef
1bfb0ede
d64ebe08
2f9f04e0
eb2efa29
befa003a
29c33218
26db24dd
efad26b7
52ed0002
0910f701
08ead520
edf0072d
10a613cc
05f6e017
17fefece
12dafb17
f7ebd7db
223cb9f6
d3e2dcdf
d5f8025e
d60af8dc
efced01d
29efee0f
0834ee4f
020a27a3
14e65b41
e32d0a10
011b0bde
dd180a4d
2efd15cb
e5d31e02
14e6fa02
3303be32
8123c9d2
fcecca3b
2d1c11a9
081b0811
03d3e6b0
eb08ede2
fcd3f552
20ff3865
f7043238
a8020e30
2ced0dcf
e21bf311
00d5314b
01f7eeff
f50e0338
170c2841
1c1bdbdc
1fe2e713
efc9f3d0
f93e06f2
e30d021a
ed2000fd
0940fa16
7d17f2ef
eef31a07
ee01e1d3
fadb04ca
35c500cf
eb28e6d4
d681f1de
111c01e4
d1faca29
f0f231e1
eac507d5
c5fc07c3
ee0af714
e101f935
182ff9bc
06fb1636
1befbe47
0208f3f6
ca07ec04
d6fd03fe
fd52fe11
ea0659e2
0adbface
00f1ed07
d9072e21
3ae3b3f9
3adb25d7
030e06c0
e0e805f9
2007f381
49ef0eda
0bf5e020
ec0e1a2f
0cc51ef2
121d141f
5407ff10
c8dbff06
48fce905
dff8f41e
e75afddb
12fde6d9
16de24f8
f6ef1113
0711ff6a
812afcff
0d16e3fe
04e8ff15
071309f7
1b005d2a
290ae71d
1c01c32f
f8fc030c
2514f5c9
e80621e6
d8e40ef9
f7fef422
a5011115
c02e1719
fc2ceaec
c8ed10fd
d22205f4
0dd4010c
2de00200
08fd07f9
38fdfe25
20eff76a
de18f5f5
350df9f4
b2fafc22
db0839fe
00b211e1
1a55f709
e5f2f0ee
e2ced6ce
079b012b
0b4006ed
09040cfa
d3fe2801
1530fd09
07cdf6fc
eef7083c
0317081e
18ebf146
291400fc
fbfcfe1f
17111109
e9d4ff05
f03c54fc
eaf232b8
bdfc4324
edf2f4f1
f3d7ec45
1d0d0a0c
c3fef22f
e9eff9e8
eccbf4c7
03f53e23
0540d9c2
010517f4
452af656
22f9020b
12ebfc17
eed9ea21
fd610b15
03ef0633
1ad41636
06dfe4b3
ebea08ec
dad8fc25
ecd1eb0c
51250569
fef4eef3
010e174d
19d50999
d6115ce2
fa0b0b02
efe904f5
16202ff3
d00701f4
1901d9ec
ec014090
21183029
141ae2e2
0bf2fb2b
252f04ae
19f4f82d
f6c7f728
fa1d172b
1b08c700
adc9d81d
e729f5fe
e3f9ff24
490cf91a
150a1f24
f392eee0
f7ccfd15
fd13e917
e30b2918
182af5f3
fdf4fb1d
21f006f8
1be11ce9
d80efd05
f52b0a49
cbfd0baa
fccee1ea
1ef7e4d9
f7f3030e
131700fe
f22b2103
f70bfae2
ff000110
521dfcf8
d51b3126
054414ca
f61812e3
112605ef
f928f9ee
2129fb06
05bc111b
fce83e22
de092d33
bfb8f608
1841fc4c
e61607ee
23d0deca
ba330f06
06450e3e
f70af5d3
e4e2defb
e628ffc6
daf306f2
1d174022
25ced8ec
1f4f04fe
0006f109
230239e7
15fc0e3a
def2f734
0e20f4ef
faccfad9
ceef1dde
f814fed9
0d160210
0bfc75cf
f5f01b59
e4eaf900
e4e801ff
e10afbfc
3e1013d6
3318fc06
38fcf216
f4104622
2a0deeee
ff011581
e1c50aec
013af7fd
fd3436db
141beeb8
0224e2dd
e603cd15
2af0cc23
be0dfece
c4ec00fc
e6c0fff0
01070e47
ec1f03fa
e801f209
bff605e7
1ac10f07
0df71a0d
33fc0030
0bed0ffb
fb341f28
d10d01c8
f8ffed1b
2cfee3df
20bcf7f2
1245f62d
020bffe0
c8f20037
2bf3f309
d2fafb2f
124efe38
e2fcde1b
f6374ad1
3828c504
e705032b
01f40517
102e32a6
0497ef1e
06360efb
10f43fd1
0b35a2ed
0724fde7
bde90d27
2e21fdc3
29001a06
c4f1e8bd
0a030a18
dcf6eb48
11b9072a
a2ebe5ec
fc2bf866
1ad203f3
03f6dc1b
1bfe08ca
f712ee10
1ef70e03
0adc00dc
f0e5eb16
fb04fee7
dcf60230
081029fd
3100050b
0ec321f3
27e10be5
e22b2b20
10562525
bdfef6f7
bf2c06f3
e8d5fdb4
2cfc032c
fa09f2ff
021aa713
c637faf3
201a2b1d
0cc806dd
f3f0ffcd
64e8311a
0afe0a21
16dcf3fd
1f071dfb
124e2118
ea16e30f
f525ffc9
1f0af632
e5bc1125
07e2e7b5
0c4afd22
2bf50ff6
bcd8bf04
07d3d91e
0a2a02d4
e30e0613
f9ef18fe
631605e7
13b2ffe7
10fabcdd
fffec25a
0d9f0ed5
2e02f22b
b40afb02
0ff214f3
1a220ef0
fd1f016f
2ffcae18
222f45e6
00facef8
ebdb002c
2708fae6
fcd0d500
e21f1317
180007b5
0e02b7fb
2acbee10
44e81103
310901f9
f7d7e6ec
2c28c3ea
defc0d1d
14dd05e4
b5ea27fc
fde5fa0f
f2e9f1e8
e0240014
0cdf0a30
2f0518dd
38430302
fe23f42e
eaf8ed51
e4e5fc1c
c8d0d139
06dafa7f
0d2d07d5
c4ceb956
4b0ecf1f
3c541617
27f5e52e
34e1500b
320408ea
ade5e2f3
edb5e808
dc210405
d9defa11
06e712c2
0dfc26e6
4036e8da
b5a118d2
f920f89a
de18010a
e8f8d93a
1028efe4
19cfded0
cc0b1deb
f60e34e3
c156f81a
e1e6fbd0
2d0af855
fe0f213a
e243040d
f31a0f33
eb00dc2f
fae9e5b7
3c0eaa53
1f11fe0a
1809fa33
d1020ecb
feaf0fea
013ce80c
0f1cf2e1
20fc01e5
45f7d7f1
2c1c0bce
ecf203f8
d9210a30
063fe02f
f91d0bd9
eafb1ae2
2acef518
2332dbc8
e0180a11
421304d4
c9c145e3
c83bfc1f
f11cedde
ec06f9e8
2b15e2ff
02312606
2ffe01e8
1511faea
f1f502d2
ee1a00f8
ff0af9f0
3806ed4c
0d12f71f
14312efa
1cbdfcd9
14fd08ed
e80ced19
13edfcca
f65bf624
aed03804
e3f1c718
dbbd0df4
f7081753
fff7f1e0
06fd09bc
280bf3f8
060000d7
f5049701
f5f8bd18
d543f8f7
fa130dd9
3ad408f3
f2f6eb0c
f1341c30
102cf3fe
2506af02
21fae9b8
f3f900d7
27f50452
030eef07
201b0a0f
e946ee06
070ff4f5
e109f4c4
1fddf01c
10f8d1fb
fbe5f60d
ec10fbcd
e0eedd2d
1a1bf4e9
041cf5ec
0d193b30
043bc6e7
1cdb1132
da020010
d92f0eec
0c39ea22
f3149dfe
0bc3f010
13fb3502
e63b0aff
02e1e912
f61c18ef
06fed5e8
171accd2
1aeff7ee
15c50a09
fbfecd73
e1e553f1
19dab94d
b1f902f2
47dff5e8
0adc02ff
07fa20e6
06d4d1cb
e8f70833
2ad6bcd4
d432e205
f417fdef
f1dd04f4
e5ecf112
23e8ff17
ec09f7c4
060b1718
1e13acf8
fea44320
0de2fcee
0addfb03
0327f406
f1e4f3f8
04fb0112
bffe09f2
e01306f5
f307141e
08f60b01
39edfeec
c1f5bb14
33d40109
05df1f26
76040612
e8f3f3fb
140aff0f
142bfdf4
f74afd1b
e12146fe
d7d5033a
ddf6fe7f
d80ddefd
fdce0934
fc004003
1f21f916
0a110109
f70f1df8
f0ef2014
faf40e07
f0fac81a
0ff7f7d4
0affff13
e80f0023
fde8eccf
1de51515
1cdf0036
039be310
f010be19
f9ef1131
fc082285
27e2fdbf
fd3600f8
d713e313
251132e2
1808ffd0
fef6b82c
f40ad0ec
0c030908
e2dcf6bc
e7f5e513
01fa06c9
e6fa10a1
0103f100
1e0ee472
1af31a12
fb1906d7
3709f9ee
ff270708
1de93727
d1cefe0c
f911dd51
330f4300
4729e225
ff4df215
f8f70b2f
0cb9ff2f
3206105a
dafa03e7
35315e04
31f5581a
19f6feea
13f3ecef
73d30e06
b607f2d1
cad8344b
cad9ecd6
f3ffee2f
07030ad8
4823c502
0dcf0fe0
fa1f04ca
1000fd22
e9d20303
1925f60a
f9e4f520
ed05f8c3
0dc62c30
0f201c54
f4e40209
251ef400
c4b8e9fe
