000fb05e
00108fe2
0016c48d
0018a967
001368e2
00145626
000fd632
00109a33
000fee44
001021d8
00160e4d
0011ad4b
00108901
0010330a
000fead4
00135e91
00107b40
0010fa7b
0012638b
0012782d
00121ec5
0013bed9
00143734
0013fcbf
00153c8a
0010669e
000f9f2d
0013cc9a
0016a59a
00118ae8
000ff525
0016bdac
000fead4
000fd632
000fd2c2
00105c4e
0010c006
001010a7
0011204f
00107eb1
00100d37
00124808
00114622
00101417
00102f9a
0011b42c
0010a7f4
00101417
00152108
00107eb1
000fd632
000fcbe1
00120a23
0011b42c
00117646
00144185
00116f66
0012dbe5
001301b9
00146ac8
000f9f2d
00174aa8
0013aa37
00156caf
0012abc1
0012782d
00119c19
00110bad
00127b9d
000fe3f3
00108901
0012782d
000fe763
00118778
0011eea1
000fd9a2
00116bf5
0011a66a
001096c3
0010b5b5
00158ba1
0010330a
00108591
00123367
0011ad4b
00112e10
0010db89
001301b9
0011d31e
0012a851
00175189
0017ae61
0016189e
000f9f2d
00145997
0014c7a0
0014c0c0
00154dbc
0015ebea
0014ce81
001565ce
00154dbc
001350d0
0014070f
00141f22
0013eb8d
00141bb1
0014c430
0014e693
0016076c
0013e13c
00149e5d
001376a3
0013e81d
00139c76
00150c66
00142972
001414d1
0014ed74
00145997
00141bb1
00145626
00152478
00144f46
002e49aa
002e49aa
00173977
00172845
0018423e
0018a967
00195c37
00169468
001ffeeb
00166e95
00166b25
0015512c
001565ce
0018c4e9
001603fc
001ab785
001489bb
0016f821
0018acd7
001fe368
00236f38
0018b3b8
001799bf
001bdbce
00182d9c
00191400
001856e0
001ac1d6
002ae03e
002d58f5
002d66b6
002e0bc5
001aeb19
00158ba1
00150fd7
001902cf
0028c0ee
0016c7fd
001b17cd
0016a59a
0014c430
00130c0a
00191090
00151347
00159282
001697d9
001f97c2
0018acd7
0024f059
002e49aa
002e49aa
002e3be9
002b2be4
002e49aa
002e49aa
002e49aa
002e49aa
002e49aa
002e49aa
002e49aa
002e49aa
002e49aa
002e49aa
002e49aa
002e49aa
002e49aa
002e49aa
002e49aa
002e49aa
002e49aa
002e49aa
002e49aa
002e49aa
002e49aa
002e49aa
002e49aa
002e49aa
002e49aa
002e49aa
002e49aa
002e49aa
002e49aa
002e49aa
002e49aa
002e49aa
002e49aa
002e49aa
002e49aa
002e49aa
002e49aa
002e49aa
002e49aa
002e49aa
002e49aa
002e49aa
002e49aa
0011083d
002e49aa
0013b488
00147bfa
00149aec
001471a9
0013d00b
0015580d
0012e9a7
0013eb8d
00135e91
001482da
00145626
0014977c
0014dc42
00143aa4
0014ac1e
00145d07
0013c249
0013eb8d
00139596
00144185
0013241c
00141160
0014a53d
00138464
0013c92a
00146758
0015e509
00159963
0013278c
00143e14
00158ba1
0014e323
00147f6a
0013eb8d
000f9bbd
000f3494
000ff525
0011a2fa
000fc500
000f6148
000f5386
00124808
0010c377
0011b0bb
001096c3
000fead4
0010ecba
000f56f7
00110f1d
000fee44
000f3804
00157a70
000f1911
000f5dd7
000f15a1
000f56f7
00100656
001123bf
000f6f09
000f5016
00108c72
000f45c5
0010a114
0012b612
00101e68
000f5a67
000f64b8
00101788
000f1ff2
000f64b8
00112e10
00102549
000f9bbd
000fa29d
0010e94a
000f5dd7
00126a6b
0011128d
0011b0bb
0011b0bb
00114622
00136201
0010bc96
00124128
0010f02a
000f9f2d
000f5a67
000f7cca
0010cdc7
000fa60e
000f45c5
001319cb
000f916c
0012895e
000f56f7
00127b9d
000f7279
000f64b8
00117d27
000fd2c2
000f75e9
001217e4
000f00ff
00119c19
0011b42c
0010db89
00123db8
0010bc96
001376a3
0014909b
0011d31e
001ec970
00101788
0010ab64
0011e7c0
000f6828
0010e269
001206b3
00125caa
0010c006
00102f9a
000f56f7
000f7cca
0012cab4
00137a13
00119c19
0015701f
00164552
000f8dfb
00137a13
000f6b98
000f1ff2
0013354d
0014909b
001021d8
0013c92a
00138b45
000f7279
000f5386
000f0ec0
000f6828
000f4ca6
000f5a67
00115073
000f83ab
000f1c82
000f4255
00102c29
000f2a43
000f2362
00118407
00123367
0012a4e1
0012a170
000f56f7
0011a66a
0011eb30
0016076c
000facee
00135440
000f26d2
000f916c
00139225
0011f8f2
001255ca
001179b6
00115073
000f3123
001104cc
001301b9
00113f41
000f795a
00126ddc
000f5386
0013a357
0015c616
000f6828
0012f3f7
000f8dfb
00110bad
000fc190
001349ef
00133f9e
00122ff6
000ee20c
000f6f09
000fe763
00112aa0
0011b42c
000f3b74
000efd8f
000f6148
0011fc62
000f4935
0010f39b
000f5a67
00136fc2
000ede9c
000f795a
0011d31e
000f1231
00150fd7
0011d31e
00123db8
000f45c5
00143aa4
0010cdc7
0015693e
000f7279
001349ef
00130f7a
0011d9ff
00113180
0012c744
00113bd1
0010db89
00162d3f
000f1911
000f6f09
000f4255
00141841
0012903f
00180ea9
000f1ff2
00144bd5
00145626
0017e8d6
00114d03
000efa1f
0019bfef
000fcf51
00130c0a
00142ce3
0011cfae
0010b926
000f6148
0010b245
00114d03
000f64b8
0012e636
000f5016
001255ca
001f59dc
000f4255
0012601b
000f6b98
0011eb30
001ec970
00143734
0013ada8
00107460
00114d03
001070ef
00139906
000f1ff2
0013eefd
000fc190
000f3494
00146ac8
0013241c
001380f4
000f3b74
00122916
000facee
000f0b50
0015fd1b
0013d37b
0013467f
00114d03
0013d37b
000f3123
00119539
0012e636
0013ddcc
0014b66f
000f4255
001040cb
0011ad4b
000f3804
0013430e
000ef6ae
0012a851
00117646
001142b2
00124ee9
001489bb
000f3b74
000f3494
0011ffd2
0016189e
0012c063
0015bbc6
00115ac4
00138b45
000f2362
000f4255
0015c987
000f8a8b
00128cce
0012903f
00114d03
0012714c
0018f19d
0012bcf3
00124808
00134d5f
000f5016
00144bd5
0013d37b
00161f7e
0012e9a7
00126ddc
00108591
00108591
000f2db3
00140a80
000f26d2
0012895e
00140df0
00136571
000f6b98
001319cb
0011c55d
0010d4a8
0012638b
0014e323
001a0f06
0024f059
00123367
0011dd6f
0011d31e
0014b9df
00158831
00134d5f
0013bed9
0017851d
0012b2a2
00126ddc
0017964f
0011272f
00126ddc
0014ac1e
0013ddcc
0011a66a
00108591
00113bd1
000ee8ed
0010fa7b
000fc190
0016ea60
000f1ff2
0013f26e
000ff895
000f26d2
001040cb
00102c29
00164c32
00152ec9
001611bd
0014ac1e
001319cb
000f45c5
000f3123
001301b9
0011a9db
000f2a43
00112aa0
00101417
001357b0
000f5016
00144bd5
0013c249
001153e3
0013f94e
00139225
0011f8f2
001104cc
0013430e
000fa29d
0012e9a7
001444f5
000fe083
0010bc96
00143053
0014002f
00143734
0013f94e
0013e13c
0013430e
00126ddc
00152b59
001320ab
000fe3f3
00259568
0016dc9f
00142292
00127f0d
0013b118
00144185
0014d8d2
00138b45
00139906
000f2db3
0013c5ba
0016a59a
00135b20
001319cb
001433c3
000f5a67
000f7cca
000f00ff
0011204f
000f795a
000f3ee5
00121104
001104cc
0014a53d
000f2a43
00139596
0013f26e
0013d37b
0011015c
000f046f
001357b0
0010f70b
0012e2c6
0015b4e5
001546db
00129e00
00139906
0010443b
00180b39
00112aa0
0015512c
0011c8cd
0014b2fe
000f7cca
0011f8f2
001aeb19
001123bf
00143734
000f3804
0012f3f7
0010a7f4
0010f39b
00147889
0011f581
000f15a1
000f1911
00172bb6
0011ad4b
0018b728
000f6f09
00128cce
00165683
0012f768
00143e14
0020214e
000fbe20
001331dd
000f2db3
00192532
0013b488
00139225
00139596
0016afeb
00108fe2
0013165a
0013f26e
000f45c5
00218dce
00135b20
00131d3b
0015a3b3
00122c86
00135e91
0012601b
0012df56
0013467f
00147519
0012e2c6
0015f63b
0014bd4f
00135b20
001301b9
00118ae8
000f3494
00121104
001002e6
002186ed
0013f26e
0019e5c3
00124808
0019a7dd
0012ed17
0012ce24
000f2362
0014f0e4
000f0b50
0011be7c
000f916c
001414d1
00169468
00161f7e
0014d8d2
00115073
00170272
001414d1
00109352
00108221
00118097
0010fdec
0015b175
00159963
0014c0c0
0011e450
00132afc
0017b8b2
0010b5b5
000f15a1
0013b118
00234cd5
00149e5d
000f6f09
000fc871
000f64b8
0012d505
0013eefd
000f6f09
001191c9
0013b488
00141f22
001009c6
0013bed9
001773ec
001a8e41
0011eea1
000f3123
00133c2e
000f4255
00130899
00142292
000fbaaf
00138eb5
001198a9
0010632e
00205172
00150c66
00125259
001535aa
00139fe6
00164552
0012895e
000facee
00114992
0012e2c6
001584c1
00151a27
0016076c
0014f7c4
001f453b
001433c3
001622ef
000f00ff
000fc500
001312ea
00151a27
00169b49
0015323a
0015436b
00158150
00141841
00147889
0013ada8
001255ca
000ffc05
0014940c
000f00ff
001fc105
001b55b3
0017a0a0
00124128
0014ea03
000f07e0
000ebc39
00138b45
000f07e0
0014e323
0015f9ab
00140df0
001376a3
0012a4e1
000fdd12
000f3494
0011fc62
0017e8d6
000f3804
0012fad8
0011204f
000f4255
00140a80
000ff895
0014ed74
00187cb3
00122235
00159282
001875d2
000f3ee5
00146e38
00154dbc
001724d5
000f9bbd
001b74a5
00105c4e
0013cc9a
00170272
0021b711
0014e693
001678e6
00108c72
0011f211
0014ac1e
0015c2a6
0019820a
0010ab64
001667b5
0010ab64
00150586
00187943
0014a8ae
00143aa4
000f64b8
000f6148
000f871b
00135e91
000fc500
00121ec5
00136571
00144f46
0015a724
000f803a
0016cb6d
0013165a
000f4255
001e7008
0011196e
00209d19
00115073
0012cab4
00127f0d
00158f12
0013a6c7
00142292
0012638b
000f4ca6
001ac1d6
001754f9
000ff1b4
00156caf
000fcbe1
0014fb35
000f5016
000f6828
00117d27
000f2362
00150c66
00128cce
000fee44
00171714
0012d875
0013c249
0015625e
00143aa4
00169b49
0015b175
0013eefd
001312ea
0016c7fd
0014cb11
0015c616
000fbaaf
001546db
00141f22
0013d37b
00144f46
00183ece
00137a13
0010aed5
0015323a
00144bd5
00142292
00178f6e
001285ee
000f916c
0012e2c6
000f4935
000fbe20
00131d3b
00108c72
0012cab4
000ef33e
0014c7a0
0010f39b
0016189e
0012df56
001a15e7
001fd5a7
00155b7d
0014c7a0
000f8a8b
0012895e
0014a8ae
00110bad
00108901
00152108
0015580d
0010367a
0014070f
0015bbc6
00137333
00173977
001ab415
00169eb9
000f5386
0014ea03
00122ff6
0013b7f9
0011a2fa
00147bfa
00124b79
0012c063
001611bd
00101af8
0010e94a
0017e566
000f1ff2
00112aa0
000f3ee5
000f9bbd
000f2db3
001939d4
001996ac
00157700
00117d27
00146ac8
000f1c82
00151a27
0014ac1e
00151347
0012714c
00211203
0012bcf3
0020d41d
0011dd6f
000f871b
0015436b
000fa29d
0014a8ae
00101e68
001414d1
0013e81d
0010330a
001622ef
0015a043
0013d6eb
001a2718
000fead4
001c6c3b
0013f26e
00132e6d
000fbe20
00112e10
0010a484
001350d0
0013e81d
0013c5ba
00130f7a
0012fad8
00154dbc
001565ce
0010ca57
00220998
0012b982
0020e8bf
00122ff6
0017aaf1
0012e636
0010c377
00132e6d
000ff895
000f00ff
0015ef5a
001cb101
0023cf80
0014b2fe
000f00ff
000f1ff2
0014ea03
0015d748
00163e71
00135e91
00159cd3
00140a80
000ed0db
000fe763
001077d0
00145d07
00115073
000f795a
001b36c0
000f6b98
000f3494
0017a0a0
00115073
000fdd12
000f45c5
00172165
001d25eb
00154dbc
0013f26e
000f45c5
001743c8
000fb3cf
0011a9db
00158150
0016d5be
001f8a01
0018310c
0016cb6d
0013aa37
0018a967
00144185
0019ab4d
00129a90
001b47f1
000f3494
00208f57
0014ac1e
00193d44
0012593a
0011c55d
001312ea
00119539
00130899
000f7279
0017775c
0014002f
0017a780
0018f87e
00115ac4
0016b35b
00145626
000f6b98
001312ea
00150c66
00155eed
0015f63b
000f5386
0012bcf3
0011bb0c
0023919b
00145626
0014bd4f
0015d3d8
002a344f
001f1516
00169eb9
0015693e
000fa29d
00141841
00159282
00171a84
0013e13c
00142292
0010d818
000efd8f
00144865
0018fbee
000f4935
00115753
001713a4
0010db89
0018b048
000f3ee5
0012c063
000f3ee5
001595f2
001565ce
001387d4
001350d0
0011c1ed
001826bc
0015323a
00168a18
00108221
0016d24e
00143aa4
000f1231
00104b1c
00164552
001bd4ee
001678e6
001516b7
00145d07
001792df
0014039f
000fee44
00139596
0014c0c0
0015d3d8
001743c8
000fb3cf
00148d2b
0011f211
0011b42c
00117646
0013c249
001cfca8
00172f26
0011cc3e
00173977
001463e8
000f26d2
001a8ad1
00144bd5
00142602
0013d00b
0017de85
000f45c5
000f984c
001058dd
001fa583
00124ee9
00174738
000facee
0014c430
0018c4e9
000fb05e
000f6828
0013f26e
001cda45
000f64b8
00110f1d
0013da5c
00150586
00142ce3
0012e636
0013f5de
001762ba
000f1ff2
0015693e
0017f697
00169b49
001c9c5f
000f6b98
0011e7c0
0016a90a
0019e5c3
00170953
0015ebea
0019a46d
001aa9c4
00120d93
0011cfae
00125caa
0014ce81
0017707c
000ed44b
00106a0f
001e76e9
000f3123
0014c7a0
0010e5da
00206cf4
0015701f
001527e9
00144865
0024f73a
00147519
001864a1
00163b01
0010443b
0015a043
0012d875
001cda45
00144f46
0014ce81
00242fc8
00189155
0013fcbf
00151a27
00240d65
00130f7a
00140df0
000f871b
000f6148
0013430e
00118e58
0011eea1
001357b0
000fbe20
00173977
001595f2
00117d27
0014977c
0012df56
0010d138
0014bd4f
00116515
001380f4
00161f7e
00208f57
00124808
00144bd5
00174aa8
0011c1ed
001161a4
001c50b9
000f8a8b
0012782d
00116515
00130899
0025199d
0013d6eb
001414d1
001535aa
00154a4c
000f3804
00158831
00170953
0011b0bb
001414d1
0011d31e
0015549d
00135440
00135b20
00169468
001b3a30
001021d8
000f803a
0019bc7f
001e3903
00197449
000f6f09
000ef33e
0020cd3d
001a72bf
00110bad
0012f087
0017de85
0013f94e
0013bed9
0013165a
0015d067
0024b274
001179b6
0017c673
001ded5d
00101e68
000f2db3
000fd632
00163e71
00169b49
001fac64
001002e6
00140a80
0016fb91
0013d00b
001e16a0
001376a3
0012e2c6
0010c006
0012af31
001932f3
00135440
00167fc7
0018d61b
0012ed17
000f56f7
0011a66a
00196687
001630b0
001667b5
001301b9
0011204f
00158150
00159cd3
0011cfae
001002e6
0013f26e
00154dbc
0014d8d2
001225a5
0011d68f
0015e199
00206cf4
000fd9a2
0012a170
00122916
0014e693
00142602
00185dc0
001958c6
001527e9
00142292
00141f22
00132afc
0014940c
0013e81d
00115753
00171a84
00139c76
001e926b
00166444
0015dab8
002156c9
000fcf51
001255ca
0012a851
0015738f
0018a286
0012dbe5
0016008c
0016189e
000efd8f
00118e58
000f7cca
0012af31
000f795a
0025da2e
00123367
0011083d
0013278c
0011a2fa
00209638
0029d406
001b3a30
00123db8
00121b55
0010ab64
001a8761
0014f7c4
00146758
00141f22
0015e879
00188394
0016d24e
001546db
00139596
0012a4e1
0016c11c
00150586
00136c52
0013f5de
00171033
0017b8b2
00118ae8
001387d4
00151d98
0013ddcc
001319cb
0016a59a
001ef2b3
0013a357
000ef33e
0018cf3a
001988ea
0011196e
002a9497
00124128
000f2a43
0012d505
0015580d
0012cab4
000ff1b4
00144185
0012827e
001380f4
001028b9
0015e509
00240685
001970d8
00174738
00159cd3
0014b9df
000ef6ae
0017851d
00142602
00140a80
001206b3
00139906
001096c3
0012c744
0013354d
00135e91
00137a13
00123a47
0010d4a8
0013278c
0026a19f
001320ab
001e994c
00147889
0016afeb
00120a23
00140a80
001fd5a7
00146077
001508f6
0016ff02
000f8a8b
0013c5ba
0015b4e5
0013d00b
000f56f7
0011196e
0015549d
001c655a
0010fa7b
00104e8c
0011fc62
0013b118
002dcddf
00138b45
0010f70b
001b5c93
0017775c
000ee57d
00147f6a
0010443b
001a686e
00136201
00109352
000fd632
000f1c82
0017662b
001da897
00138eb5
0012b982
00132e6d
0014909b
00113180
00146077
001471a9
0019063f
00144865
000f046f
000f984c
001225a5
0016fb91
0011c1ed
0015c2a6
0017db15
0018c179
001c0512
00130899
001659f3
00120342
00151d98
0010ab64
000f1911
001e16a0
001ca340
000f5a67
0015b855
001039eb
00153c8a
00191e51
00205172
0014c430
0017a780
00145d07
00171df4
00157de0
00120d93
001b7816
00137a13
001da1b6
00126a6b
001338bd
00183b5d
0015512c
00135440
00148d2b
000fd632
0010d818
00122ff6
001433c3
0022fa4d
0011dd6f
00132e6d
00150c66
002186ed
0010556d
0011a66a
0012f087
000f7cca
00133f9e
0012f768
00139596
001902cf
00136201
0015b855
001ba4ca
00110f1d
0014fea5
001826bc
0014977c
0015f9ab
00110f1d
0016e6f0
001792df
00214fe8
001e926b
0015738f
0023ad1d
0011eb30
00154a4c
001eb4ce
00116515
0011f8f2
00152108
00137333
000f00ff
00122c86
001349ef
00143e14
0014f454
0015ae04
00232391
00140a80
0012593a
0015de29
0018dcfb
00138eb5
0021d974
00114622
00151347
0014ed74
00209638
0011cfae
0018121a
001225a5
0011083d
0010a7f4
00175f4a
0013430e
001988ea
00129e00
00153ffb
00141841
00133c2e
00176d0b
0010cdc7
0014f0e4
000f046f
000f1911
001dfb1e
0010ab64
0011eb30
0011f211
00213466
00188a74
0015c2a6
001463e8
000efa1f
00235a96
00150c66
0011cfae
00138eb5
001799bf
00158ba1
0011196e
001349ef
0010330a
0021c4d2
0012895e
0014d1f1
0017efb7
00125259
00137a13
000f5dd7
00146758
00102c29
00144bd5
00131d3b
0023e422
00156caf
0010ab64
0013e13c
00122c86
0020e1df
000f5dd7
0015ccf7
0015738f
001affbb
0013b118
00108221
0022553f
000f871b
000f5a67
0011d31e
001e6247
001565ce
00132afc
001009c6
0021792c
00169eb9
00229a05
0013fcbf
00168337
000fdd12
0013c249
00133c2e
00135440
002889ea
0013bed9
0014b2fe
0012df56
001225a5
00157a70
0014ed74
0014864b
0016cede
00124808
001b7816
001629cf
000f3b74
0013f94e
0018eabd
00145d07
00142292
00114992
0014864b
0021b711
00102f9a
001d1149
00187943
00161c0e
00147889
001077d0
0015d067
000f1911
0014b9df
001690f8
00100d37
0010b5b5
00113f41
00113861
0015b855
00169b49
0012593a
00142292
001319cb
00136571
0015aa94
00157700
0015a724
0015d3d8
0014e323
00155b7d
00208196
001527e9
00136201
0016afeb
0010c6e7
00136c52
0013b118
0011be7c
001161a4
000fcf51
00147519
0013b7f9
00173ce7
00132e6d
001659f3
00156caf
001198a9
00137a13
001a384a
0013f5de
00158f12
002035f0
00118407
00115e34
0017efb7
0011cc3e
00104e8c
00185dc0
00101af8
00168a18
0014a53d
001996ac
0016ac7b
00130899
0013d00b
00137333
00158150
001414d1
001b55b3
000ffc05
00119539
0022251b
001338bd
000efd8f
0015d3d8
001958c6
0017b8b2
0018d98b
0015b4e5
000facee
001565ce
000f7279
0019fa64
00146e38
001350d0
000f94dc
0015f2ca
001d7f53
001c19b4
001f97c2
000f07e0
00152478
001db658
00145997
001c0512
0015dab8
001e76e9
000fee44
0015c2a6
0016008c
00173296
00130899
00124498
00150fd7
00169468
002ad95d
0017707c
001527e9
0017a410
001a1957
0013e13c
001225a5
0010330a
00167576
000f871b
001527e9
0013430e
00147f6a
001319cb
00118778
00139fe6
0020e8bf
001678e6
00152478
001ad678
0011ad4b
000f6f09
0011eb30
0015c2a6
001058dd
000ef33e
0012e9a7
000fc190
001754f9
0015b175
001463e8
0016f821
001c50b9
0011eb30
0015ae04
0015436b
0015693e
0014ac1e
001266fb
0011b42c
001e46c4
00159cd3
0015c2a6
0015625e
00169468
001595f2
001172d6
0011eb30
00129a90
00175f4a
001021d8
0015c2a6
0014bd4f
00120342
00172bb6
0011e7c0
00150c66
0014b2fe
0015ae04
0022d10a
00127b9d
00163420
001527e9
00139225
0016cede
0010fa7b
0015ccf7
00115073
001179b6
0012d875
00147519
00130f7a
0010def9
00146077
001622ef
00131d3b
0016f4b1
0014002f
00164fa2
0014a8ae
00158150
00166e95
0017a0a0
0015f2ca
001660d4
0017c673
001b0a0c
00180b39
00142602
001266fb
00110bad
00147bfa
0012e2c6
0010ecba
001abaf5
0010b245
0012ce24
00113f41
0010330a
0014f7c4
00135b20
00114d03
00170953
001516b7
00153ffb
00133f9e
00172165
00150c66
00118407
001629cf
0012d875
0023012e
0014e323
0011d31e
00106d7f
000f56f7
00159cd3
0015a043
00172165
00209638
00145d07
0018ff5e
00198fcb
0015c2a6
0014039f
001236d7
0016d92e
00139c76
00164552
00174738
00168a18
00159cd3
0012971f
00110f1d
0015f2ca
00118097
0014af8e
001a0145
0017b1d1
001508f6
00186811
001463e8
0018e3dc
001225a5
0015fd1b
00137d83
0016e00f
001a384a
0013eefd
00115e34
00149e5d
001970d8
0012f768
00101e68
00158f12
00169b49
00178f6e
001a8ad1
0013278c
00123a47
0012f3f7
001380f4
001153e3
00160e4d
0010ab64
000fcf51
0015e509
0015d748
00298f40
0025fc91
0013ddcc
0013fcbf
0013f26e
0013278c
0012782d
00163e71
001754f9
001191c9
00149e5d
001482da
00170953
00114d03
00115753
0010ca57
0016152d
00101af8
0014f0e4
001697d9
0027546f
00163e71
0011b79c
00171df4
001fea49
0015738f
0013ada8
0013430e
000f2db3
00144f46
0013bb69
00162d3f
000fb73f
001928a2
00122c86
00168337
0019f013
00231cb0
0015fd1b
0021724b
00172845
0016cb6d
0013b118
0015bbc6
0014977c
0014002f
00191ae1
001724d5
0012b982
001b66e4
0012af31
00168a18
001611bd
0017f327
00232391
0010b926
00119c19
0016edd0
0018423e
0015d748
00129a90
0012f768
000fe3f3
0010669e
0013fcbf
0016a59a
00162d3f
0018ee2d
001762ba
00166b25
0016e37f
001f22d8
00121104
000fb3cf
00150fd7
00155b7d
0013d00b
001eebd3
0014d1f1
0016afeb
0012c063
0012782d
00147889
00136fc2
0010e94a
00154dbc
000eec5d
001002e6
000f5016
001a72bf
00170cc3
0010c377
001641e1
0013430e
00118e58
00172bb6
0010aed5
00141bb1
0016e37f
002708c8
001aeb19
0013278c
0011ffd2
00160e4d
0013241c
000f5386
00152ec9
00115753
00121474
0015d748
001ded5d
0014039f
001686a7
000f4ca6
00155eed
0012abc1
001bce0d
00268cfd
0013f5de
00125259
0022a7c6
00196d68
0014002f
0013d00b
0017a780
0011e7c0
001603fc
000ee8ed
001ec28f
00140a80
00154a4c
00124808
001da1b6
0011e7c0
001161a4
0014e693
00136201
0015a3b3
001153e3
0014b9df
0016d5be
0013467f
0012b982
00171033
002bbc51
0016cb6d
0015fd1b
00151d98
0011d9ff
002822c1
002315d0
00161f7e
002860a6
001630b0
0014d561
001376a3
0017d0c4
00175f4a
0019063f
0011a2fa
000f795a
0019ca40
00192c12
00163420
001f3779
0018cf3a
00142972
0018a286
00205853
0012782d
00241b27
002239bd
0011e7c0
00115073
00147bfa
0013241c
0010556d
001969f8
001a64fe
001babaa
00154a4c
00115ac4
0015323a
0015a043
001bd4ee
0010d4a8
00158ba1
00139225
0011d68f
0015d3d8
0015c987
0011eea1
001724d5
00101788
001dc419
0013e81d
00180b39
00152478
00143aa4
002126a5
0017775c
001cd364
00143e14
0018536f
001e0fc0
0011b0bb
0019e933
00144f46
0012ed17
00136c52
001724d5
0017fd78
00137333
00121474
0016a90a
0013165a
0015625e
00116885
00146e38
00139906
00129a90
00262cb5
001dc419
0012a851
0015323a
0013ada8
00172845
00120a23
002005cb
00145d07
001629cf
00198c5b
001380f4
0011d68f
001648c2
00149aec
00146077
00148d2b
00129a90
0012bcf3
0011204f
00121b55
0015436b
0019f384
00129a90
00157700
00152ec9
0014e323
00151a27
00165683
00166444
0011d9ff
00158f12
0015ef5a
002315d0
0015323a
000ee20c
0012dbe5
00192c12
0022b587
00120a23
00169b49
00102c29
00261ef4
0013467f
0014c0c0
00164fa2
000facee
00122235
0013f94e
001368e2
0015f2ca
0014a8ae
0013eb8d
00133f9e
001301b9
0018536f
00130529
00327a88
000fc871
0018121a
00167fc7
0020138d
00137d83
0016ff02
00118097
0011b79c
00158f12
0013d37b
0017888e
0012d194
001058dd
0014d1f1
001fa583
0014909b
000f3b74
00136c52
001d416e
001c5799
0013b118
0013c249
0013467f
00108fe2
001312ea
00143e14
00170272
000fcbe1
00128cce
001d0388
00166e95
0016bdac
00121b55
0015436b
0018a286
0014070f
001319cb
001a72bf
00150215
00169eb9
0018c179
001e3223
00149aec
001d0a69
0019bc7f
00131d3b
0015580d
00194424
001e5b66
001482da
00173607
00172165
00118778
001bc72d
0015dab8
0010632e
0013b118
0014977c
00132e6d
000f3b74
0019a46d
0014e323
001fb344
002186ed
0012abc1
00178f6e
00143e14
001047ac
001a2718
00255782
00176d0b
0015a724
0018234b
000f94dc
00167c56
00135e91
00130529
001667b5
001115fe
0013d6eb
0014e693
0015de29
0015e509
001368e2
001161a4
0017d0c4
0018f87e
00150215
00147889
0018be09
0010c6e7
001659f3
001ba4ca
00108901
001d33ac
00137333
00118ae8
00138464
00159cd3
00130529
0010b5b5
001319cb
00113180
00186811
0011d9ff
00189835
0014c7a0
001433c3
0010367a
00176d0b
00165d64
0011e0df
002708c8
0015d748
000ef6ae
00160adc
0011eb30
001482da
0018a967
0017b8b2
0025fc91
00113bd1
0024b274
0016e6f0
00261132
00134d5f
001319cb
00168337
0015c2a6
00170953
0017bf93
0017888e
0018c179
0012fad8
001ceee6
0015de29
0018310c
0019fdd5
001452b6
0019a46d
00149e5d
00170272
00159282
00116bf5
0020bf7c
00174738
0016ac7b
0014c0c0
00145626
0017f697
001ffeeb
00155b7d
00136fc2
0013aa37
0016152d
0018fbee
0014c7a0
0015f9ab
0027a015
001e76e9
001bd4ee
00144185
0015701f
00112e10
000ef33e
0011b42c
001c0bf3
00161f7e
00204a91
0019f013
001ad9e8
001f453b
00100656
0014039f
0024748e
0013b488
000f6f09
0014c430
0022553f
0017de85
0012e9a7
00111cde
0017d7a5
001bc04c
001ff12a
0013d37b
001c731c
00163e71
00163420
001546db
00197e9a
00136c52
0015ccf7
0015b855
001584c1
002663ba
001463e8
00263395
00147889
0013165a
0015ae04
001845ae
001319cb
001743c8
002383d9
0017586a
000efa1f
00117d27
00173296
0014bd4f
0015f9ab
0010f39b
001ceee6
0012895e
0012827e
0015a3b3
000ff525
0019f6f4
001d560f
00115e34
000f1ff2
0023cf80
002043b1
00157de0
00141bb1
0020e8bf
00121b55
001115fe
001433c3
0013cc9a
0019e252
00145626
00158150
000f3ee5
0011204f
001380f4
0015625e
001ded5d
0012601b
0018d61b
00163420
00136c52
0014a53d
0018d61b
00173ce7
0020e8bf
0015ef5a
0013b488
00219b8f
001800e8
00170cc3
00132afc
00129e00
000f0b50
001629cf
0010aed5
00255782
001206b3
00172bb6
0018491f
001d9ad5
0016ba3c
001f1516
0015c616
001622ef
00168d88
0015ae04
00169eb9
0026d1c3
0011c55d
0016ea60
001724d5
00187262
001028b9
00208877
001697d9
0015b175
001ab415
0014bd4f
001fe368
001f679e
0015aa94
0015580d
00147519
0010e269
00141160
000f5386
000f5dd7
0015d3d8
0013d37b
0015e879
0014909b
0016ac7b
00157de0
002b39a6
0021f4f7
0015e199
0015d748
00141160
00168d88
001622ef
000fee44
00147f6a
00176d0b
001781ad
0026d8a4
0014dc42
0024f059
0012e9a7
0017d0c4
00199a1c
00145626
00164552
0014d561
0012abc1
002542e0
00173ce7
0011c1ed
00157700
00163e71
00196317
00144bd5
00168d88
0016b35b
002814ff
002a268e
0015c987
0015738f
001452b6
0015738f
0014b66f
00163e71
001df43d
00167205
0019fdd5
00154dbc
0015ccf7
0014f7c4
00174738
001349ef
0012638b
00122916
002005cb
001f52fc
00187262
001ddf9b
001686a7
0012dbe5
00195c37
0019b90f
000fb73f
002701e7
0013c92a
0014f0e4
0013eb8d
0016a90a
00121ec5
0017b8b2
0014940c
0015bf36
0015b4e5
0013e13c
0015436b
0013b7f9
001a460b
0013bb69
0027f97d
00173607
0016e37f
001b1b3e
00118ae8
0020efa0
0015fd1b
001274bc
00166444
0029e1c8
0016c11c
0017b8b2
0013b118
00132e6d
00298f40
00172f26
00162d3f
000fe3f3
000f6148
00113861
00221e3a
0014ed74
0012bcf3
0010e94a
0013e4ac
0018b3b8
0013e13c
00160adc
0012827e
00158831
00130899
00142972
001376a3
0011eea1
0013d00b
000fd2c2
001a0f06
00161c0e
00175189
000fbaaf
0025d34d
001970d8
00152ec9
0015bbc6
0025f5b0
002852e5
0014070f
00153ffb
0011b79c
0014039f
0011a66a
00176d0b
0013c249
0021ee16
0010b245
00177e3d
000fc190
001a1cc7
00193663
00174738
0013ddcc
00174aa8
0011a9db
0014d8d2
0014f7c4
0011c8cd
00147bfa
00122c86
0012c063
001584c1
00156caf
00181c6b
00157de0
001463e8
001629cf
0013eefd
00122235
0013bb69
00175bda
00171a84
001471a9
00168a18
0015b175
0013a6c7
0012638b
00124b79
00189155
0016ba3c
0013467f
001c2775
001349ef
0016e6f0
0017888e
001198a9
0013d37b
00204a91
001958c6
0025e10e
0016c7fd
0013354d
0012895e
00165313
0013ddcc
00157700
00136201
00166e95
001e6247
0023bade
0012971f
00189835
0017fd78
0016008c
00263395
00164fa2
00187943
00144bd5
0019820a
00284524
00174e19
00172f26
00151d98
000f4ca6
0014af8e
000fd632
0017a410
00171033
001a0145
0011e7c0
000f795a
00222bfb
0019063f
0017586a
00148d2b
00107eb1
0012dbe5
00157700
0015c2a6
00153c8a
0014977c
00123a47
0014d8d2
001a23a8
0014ac1e
001c5799
00188de5
0013b7f9
0013c5ba
0018e3dc
0010556d
001179b6
0013a357
001acf97
001463e8
0018347d
00116f66
0015436b
0014bd4f
00174057
00138464
001d1149
00166e95
0018d61b
001fc105
0014a8ae
0026d8a4
0015a043
001a497b
001516b7
00147f6a
001773ec
00113f41
001368e2
001070ef
0012638b
0015436b
000fbaaf
0012c3d3
001c3c17
001b8947
0015e879
000fa60e
0011f581
001940b4
000fbe20
00151d98
0019cdb0
001471a9
00150c66
00185a50
001508f6
00162d3f
0014ed74
00169b49
00142602
00158ba1
0014dc42
00135e91
00155b7d
001516b7
0015a043
001dd8bb
00146077
0013b118
001eebd3
00184fff
0015dab8
0014dc42
0017bf93
0016ff02
00144865
001516b7
0014d1f1
00250bdc
0011d31e
0014e323
0013430e
001678e6
0017b542
001565ce
001743c8
001686a7
0013f5de
0015f63b
00167fc7
001b6a54
0015f9ab
001690f8
001301b9
00132afc
001ad307
00182d9c
0023eb02
0015436b
00154a4c
00158f12
0011f581
00281be0
00123db8
00173296
001489bb
00211203
00123a47
00130899
0027c959
001387d4
0016152d
0015580d
001bce0d
0015436b
0012827e
001d25eb
00156caf
00198c5b
00173977
001abaf5
00174057
001bc04c
00189155
00107460
001a0f06
001301b9
00276910
0012b982
00170272
00195556
0016e6f0
0013b118
0015512c
0016a90a
00150fd7
0017bf93
001e994c
001a9f73
00171714
0014ea03
00107eb1
0010f70b
00167fc7
00146077
0029aac3
0015c987
002353b5
0012bcf3
0011b42c
0013f94e
0016cb6d
0015ccf7
001660d4
00261132
0012e636
0017888e
001f52fc
0013cc9a
001a04b5
0014ea03
0016ac7b
00208f57
0017b8b2
0016d5be
0015ef5a
001af8db
00142972
0014b2fe
00181c6b
0015580d
0011b79c
0012a851
0012e9a7
00149aec
00157700
001d93f5
00145d07
0015701f
0015323a
0018f87e
00214227
0014c0c0
0017ec46
00137333
00152478
0015e199
001792df
001ac546
001a460b
000ff525
00136571
0013bed9
0025e7ef
00175bda
0016c11c
0013f5de
00145997
001a384a
0014dfb2
001781ad
001ce125
00181fdb
001387d4
0014864b
00166e95
001792df
00180b39
002194ae
0026f426
0022c349
001ae439
0015625e
00164552
001ded5d
0012638b
0018ba98
001b3350
001b6004
001d484e
00143734
0017699b
002d8239
0014a1cd
00122c86
0016076c
0013c249
0016189e
00120a23
0019b90f
0012782d
0018536f
0015738f
00142972
00173607
0016189e
0014ed74
00188704
0017888e
0014909b
0019db72
00172f26
0015d748
00198fcb
001463e8
0018fbee
002579e5
001611bd
0018310c
0015a3b3
0015323a
0018536f
001179b6
00124b79
001380f4
0015a3b3
0016d92e
0018acd7
0012895e
00177acd
00167205
00146758
0014a53d
0018be09
001a8e41
001349ef
00191ae1
001266fb
0017c673
002c07f8
0010db89
00168a18
0015c987
0016edd0
00175189
00164fa2
00167576
0013b7f9
0017fd78
00138eb5
001932f3
00144bd5
00172f26
001a6f4f
0019c360
0015323a
00145d07
00143053
00236857
00143e14
0014c430
0013a6c7
0015bf36
0014c0c0
0018347d
00115e34
0020b1ba
0012f087
00113861
0015d067
00189835
00165313
00158150
00108fe2
0015a3b3
00188023
00172845
0018310c
001153e3
0017ec46
001471a9
0013467f
00121b55
00161f7e
0014b66f
0016b6cb
001951e6
001d8634
001b2c6f
00233f13
0018d61b
001028b9
00101417
0015436b
00167c56
0016cede
0014f0e4
0017ae61
0019d801
00244b4b
0012601b
00121104
001357b0
001754f9
00185dc0
0014b2fe
001697d9
001a7d10
0016f4b1
0010632e
00166444
001ac1d6
00183ece
001bfe31
00141f22
0014a1cd
001a762f
00146077
001a3169
001875d2
00127b9d
0013f26e
0015c616
00192532
001191c9
0012f3f7
0019f013
0013bed9
0015fd1b
001bce0d
0012714c
00116f66
001939d4
0034c9fb
0013e4ac
002b5528
0014ea03
00146ac8
00134d5f
001c3c17
00281be0
00186131
0015e879
0020214e
0018310c
00152478
00186811
00122916
002db93d
00172165
0014b2fe
00115e34
000f07e0
0016fb91
00143e14
00163e71
00188a74
001161a4
00137a13
00178f6e
001622ef
0011f8f2
0017d434
001161a4
000f9bbd
0015580d
0010f70b
002005cb
0013bb69
00191ae1
0018dcfb
00165683
0016cede
001773ec
0018cf3a
00165683
00117646
0018e06c
0025a329
00231cb0
0017aaf1
0013f26e
00161f7e
00275b4f
001acf97
0015bf36
0014ce81
00182a2c
0017cd54
0015c2a6
0017964f
0014f0e4
0018234b
0023c89f
0016f4b1
0015b855
00191e51
001452b6
000f0b50
00134d5f
00279254
001f6e7e
00198fcb
0016a90a
0010def9
0015d067
00127b9d
0016ff02
0015ebea
0018a967
001630b0
0010f02a
001b4ed2
00171714
0016afeb
00118ae8
00148d2b
0016ff02
001153e3
001b3da1
001659f3
00181c6b
00234cd5
001433c3
0017bc22
00144bd5
0012c3d3
0017c9e3
0014940c
00189835
00123db8
0011bb0c
00161c0e
00257305
0013b118
0014b9df
0017db15
0011d68f
0014a53d
0013eefd
00159cd3
00158ba1
0010e94a
0011a66a
0014a1cd
0014f7c4
00243d8a
000f1c82
001301b9
0011be7c
001bb28b
0010b926
0017851d
002073d5
0012a851
0014bd4f
00189155
0017cd54
00118097
00177acd
0015580d
0014909b
00164552
0014dfb2
00144185
00137a13
0015aa94
00188023
0012f768
00120a23
00153c8a
0015c987
0016076c
0016d92e
001a8e41
0015de29
001f59dc
00158ba1
001659f3
001b9028
00133f9e
00153c8a
0014dfb2
0016cb6d
00163790
00187cb3
00160adc
0017f697
000fe083
001301b9
0012d875
0015323a
0018a5f7
00152b59
001320ab
001d560f
0012cab4
00144185
00136c52
0014dc42
0011e0df
00240685
00118407
001489bb
00151d98
00103d5b
001bdbce
0016d5be
00171df4
0012895e
0019cdb0
0013bed9
00151a27
002550a2
0015323a
00193d44
00160e4d
001452b6
0015436b
0014070f
0015a724
00138464
00107eb1
0015f63b
0018310c
001b7135
0014a1cd
0015693e
0015dab8
001c8e9e
00196687
001e926b
00291a56
0017d434
0015ae04
0014940c
00139225
0011dd6f
0016ea60
00128cce
00198fcb
001bdbce
0012df56
0012b2a2
0013f26e
0014fb35
00158ba1
001236d7
00165d64
001add58
0018d2ab
0010e94a
0018d61b
001eb4ce
001845ae
001724d5
00184fff
001aa2e3
0016265f
00164552
001198a9
0014c7a0
0015391a
00146e38
00174057
0010aed5
0010b926
00221079
0016fb91
001b7135
0018234b
00205172
0011bb0c
0014d8d2
001a83f0
0016e00f
0028dc71
0014d561
0012e2c6
00139fe6
001818fa
001546db
0015436b
00171df4
0014f7c4
0015d748
0015ebea
00118407
00143e14
0015e509
0017de85
001792df
0014fb35
001a618d
0019aebe
001648c2
0014864b
001678e6
0026bd21
00153ffb
000fd632
0018ba98
0015e199
0013bed9
002496f1
0020efa0
0017586a
00152478
00158f12
001274bc
001ef994
001368e2
00137333
00199a1c
0015701f
0023f8c4
0012e9a7
001c42f7
0019e933
0018234b
0014d1f1
0012895e
0016c48d
0010e5da
00188de5
00142292
0016cede
001a8080
002e2066
0014e693
00172f26
001ae7a9
0012df56
00141bb1
0015dab8
001630b0
0015a724
0015d3d8
0014fea5
00146e38
0016265f
001d93f5
0019f384
0016e37f
0020b89b
00150215
0015391a
0018e06c
0017662b
001236d7
00173607
0016a22a
00163b01
0020b1ba
0017b542
00135440
001527e9
001aee8a
001e0fc0
0010f02a
0026d1c3
0013e4ac
0027f29c
0016c7fd
0025da2e
001c80dd
001376a3
001d9ad5
001e08df
00152108
00137333
00122ff6
001349ef
001a72bf
001489bb
001773ec
0011e7c0
0013b118
0018a5f7
001af8db
00147f6a
001697d9
0015e199
00129a90
00147519
00145d07
0026e665
0012a170
00151347
0015d748
00191771
001338bd
001350d0
00143aa4
0013f26e
00197b29
001969f8
00118778
00137d83
001546db
0017586a
0015c2a6
001387d4
0017e8d6
0016fb91
0015fd1b
0013b488
001bb28b
0011272f
001482da
001c957f
0014bd4f
0015e509
00256543
001932f3
0011ad4b
00146077
00163b01
00174aa8
0014dfb2
00209d19
0012638b
0011a9db
00157a70
001b5923
0027320c
00141bb1
00133c2e
0014f0e4
00172165
0026fb07
0012c744
00166e95
00169b49
0013b7f9
001dfb1e
001bf070
001e8b8a
0016a90a
00135b20
0015b175
001928a2
001021d8
00226300
00151a27
00159963
001b47f1
0016a90a
0015f2ca
00172845
0015c987
001bdbce
00163790
00181c6b
001c12d3
001a9522
0021a950
0018e74c
0014b9df
001630b0
0016bdac
001bd4ee
0018310c
00142972
0012abc1
0014dc42
0024e298
001754f9
0013bb69
00131d3b
0016cede
00116515
00196d68
00165313
00166e95
00264f18
0011f8f2
001aad34
00150586
0017662b
00146e38
001584c1
001781ad
001a5e1d
0016265f
001630b0
001285ee
00102c29
001a72bf
0019cdb0
00146077
001b4b62
00264f18
0014e323
00122235
00117d27
0015a043
0016265f
0011d31e
0021cbb3
0017bf93
0011eea1
0016f4b1
002776d2
0015de29
00168a18
0012bcf3
001977b9
001217e4
001b1b3e
0016ea60
00139906
00187cb3
001535aa
00154a4c
001a34d9
00187262
0012b982
00284524
001161a4
00137a13
001be2af
0015b4e5
00117d27
0012b612
0010443b
00147519
001584c1
0016ff02
0013bed9
0017f697
0014b9df
0015580d
0017ae61
0013f94e
001686a7
001b5c93
00262cb5
0015ef5a
00166444
00204a91
0016bdac
00299d02
0011eea1
00191400
0014cb11
0011be7c
0015ccf7
0025c58c
0015b4e5
001622ef
0014e323
001a1276
00161f7e
00151347
0012df56
001a9522
001629cf
001c0512
0016b6cb
00124ee9
001dfb1e
00216b6b
001686a7
0017e1f6
00189835
00174aa8
0014cb11
0016b6cb
0029f669
00139596
00163790
001ad678
0016ac7b
00145997
0017efb7
001527e9
00157a70
0016edd0
00160e4d
0012dbe5
0028ea32
0017c9e3
0030f286
00147889
001368e2
0013d00b
001f679e
0019820a
00189835
001d1149
00255e63
00177acd
00150215
00235a96
0014864b
00121104
001452b6
00173607
00142972
0012c3d3
0014f0e4
001433c3
00151d98
0014d8d2
0027f97d
00220998
0017b8b2
0014fea5
00170953
00176d0b
001a4cec
0017775c
001697d9
0015b4e5
001d25eb
0021e735
00172165
0011cfae
0013d37b
00196d68
0025fc91
0018b3b8
0021648a
00148d2b
00147bfa
001489bb
00154dbc
00195fa7
000f56f7
00174e19
00197e9a
0023eb02
0015c2a6
00169b49
0017fd78
001a6bde
001d33ac
0014b2fe
001b55b3
001387d4
0016e37f
001648c2
00181c6b
001773ec
0015625e
00269abe
00241b27
0015d3d8
00126ddc
0016f4b1
0015e199
0016189e
001414d1
0014ce81
0019857a
00196d68
0015bbc6
000f3804
001f755f
0015ef5a
00156caf
0013d00b
00206614
00181fdb
0017ec46
001c2094
00133f9e
0012895e
001a5e1d
0012a4e1
00189ba6
002005cb
00112aa0
00152b59
001e6927
0018cf3a
00163e71
0017a0a0
001b1b3e
00182a2c
000f4935
0016152d
001d3a8d
0018c4e9
001aa9c4
0014ce81
00139906
002d7477
0018d61b
001e08df
0013da5c
001320ab
0018536f
0017a780
00139c76
00143e14
0017c303
00178f6e
00173607
00196687
001b4481
001932f3
00138eb5
0017888e
00172845
002ddba0
00150586
001b4111
00147bfa
0017b542
001d1f0b
00242207
000fbe20
00149aec
00150215
0015e199
001433c3
0016ba3c
00229324
00163790
00116f66
001d2ccc
001285ee
00144865
0018f87e
001b2c6f
0014b66f
0011b0bb
0013c5ba
0015bf36
0014dfb2
0015391a
0017775c
00124b79
001fc105
0014bd4f
0015323a
00189ba6
00177acd
00169b49
0013d6eb
00117d27
001969f8
00185dc0
001414d1
0016c7fd
00147889
00157de0
00197449
00167fc7
0014039f
0016265f
0016c48d
001cf5c7
00114992
00198fcb
00166444
001cf5c7
0013d00b
0011cc3e
001cfca8
00135e91
001b47f1
001611bd
0017c9e3
00166b25
0012f768
00175bda
0016c11c
0017ec46
00183b5d
00173607
001ce806
00198fcb
0015a043
0018b3b8
001380f4
0017bc22
0024c716
00188704
00172165
0016a59a
00177e3d
0010d818
0019857a
0014c430
0014dfb2
00273fcd
0015de29
001b8947
00194e75
0016ac7b
0017efb7
0024c035
0018536f
0015738f
00171df4
0015ccf7
0015512c
0015aa94
0013e13c
00147889
0017efb7
0016d92e
00163420
0010fdec
0014cb11
001cc5a3
0012e9a7
001be2af
00115753
001357b0
00208877
0014b9df
0014a53d
002a9497
002232dc
00191090
0015c987
001ce806
0014e323
00120d93
00180459
001a34d9
0016f141
00172845
0012cab4
00159282
002436a9
0017775c
001a497b
00149e5d
001ac1d6
00168d88
001dbd38
0013e81d
0027244a
0018423e
0012c744
001595f2
00143734
0017fd78
001f60bd
00170272
0017775c
0015f9ab
001c12d3
001bc04c
00159282
00118778
002a3b2f
0017b8b2
0014e323
0025199d
00163b01
0014dc42
0012e9a7
001ff12a
001527e9
0014b2fe
00236857
001a799f
002118e3
0016d5be
002ae71e
0014e323
001527e9
00145d07
00159963
001ded5d
00147889
0015391a
00148d2b
0015549d
001603fc
001489bb
001c5e7a
00171714
0018dcfb
0018491f
0017de85
0018310c
00159282
001818fa
00158ba1
001af56a
00139906
001414d1
00161c0e
001206b3
0015693e
0013ada8
001697d9
001f4c1b
00162d3f
00191090
0019eca3
00108fe2
001191c9
0017c673
00180b39
0012a170
00143053
00125259
0028fed4
00151347
00171df4
0016cede
00153c8a
0013b488
001489bb
0026785b
0014c430
001996ac
0011eea1
0014dfb2
001dbd38
00166b25
001301b9
0022decb
001826bc
0016cede
0016d24e
002d4453
001bb28b
00136c52
001af1fa
00169b49
0010cdc7
0018a967
0018a286
00147889
0011fc62
00160e4d
0016dc9f
0021d974
0016fb91
00183ece
0019b22e
0017c303
0014a53d
0013c92a
001fcec7
0014a8ae
00224e5e
0015391a
0015549d
0017ae61
0017a780
0017c673
001d7f53
000fff75
0019d801
00288309
0016f141
0018310c
0015a043
00166e95
00182a2c
0017e1f6
00138b45
001b17cd
0015391a
00167fc7
0027b4b7
0017bf93
00147889
0015f9ab
00193663
001a3169
0014002f
0015ae04
001376a3
0014f7c4
001ede12
001818fa
001e76e9
0014af8e
0018234b
0025e7ef
001527e9
001acc27
001743c8
001198a9
00260371
0012f3f7
001380f4
0017a410
0015bf36
001b9de9
00298860
0015bbc6
00169468
00147bfa
002776d2
00184fff
00164552
0014864b
001a6bde
0012af31
001df43d
00142292
0016e00f
00288309
00220998
0014d561
00107b40
00157a70
0017d0c4
001b145d
0017e8d6
0017db15
0018d61b
001cb7e2
001516b7
001630b0
00168a18
0013eefd
001508f6
0014ce81
001b17cd
002bd0f3
00227e83
00196317
00134d5f
001444f5
0016f4b1
001ded5d
00108901
0015ebea
00187262
0014f454
0016265f
001800e8
00147f6a
0014f7c4
00168a18
001660d4
001a0f06
0014977c
00121b55
00173ce7
001172d6
0017ae61
0013f5de
0016f4b1
0017b542
001077d0
001a3169
0024c716
0018b728
0018a967
00211fc4
0013278c
00165313
001a505c
00142ce3
0012e9a7
001856e0
0019e5c3
0027a015
0023919b
00192c12
00186131
00123a47
001818fa
00166444
0016b6cb
00180ea9
00180ea9
0015c987
001d33ac
0011a66a
00180ea9
001b5c93
0019b90f
00174057
0018fbee
001e0fc0
0027c278
0012b2a2
0014b2fe
0014b2fe
00167576
0014ac1e
00180b39
001ae439
00139fe6
0017db15
0013b118
001f3779
00152478
0017775c
00202f0f
0015ae04
0013bb69
0012a170
00144865
0019c360
0014070f
00192532
001a0f06
0025f5b0
0018b728
00167c56
00138464
001caa20
0015701f
00139fe6
0013c92a
0027f97d
0017a780
0016f141
001743c8
00166b25
0014b2fe
001c0512
00157de0
0019e933
00226300
001387d4
00147f6a
0014002f
00199a1c
00215da9
00165313
0010e5da
001b069c
00173ce7
00165313
001d33ac
002d21f0
0025fc91
00177acd
0012638b
001b9708
001f8320
001c2e56
001516b7
001a3169
0017586a
000f803a
001c9c5f
00167205
002935d9
00145d07
0015fd1b
00118097
0012ce24
0018c4e9
001b5c93
0015701f
001414d1
0015aa94
001b4111
00274d8e
001c79fc
00172f26
001b7b86
00168d88
001dfb1e
001686a7
001471a9
001603fc
00162d3f
0014f7c4
001bc72d
0019fdd5
001ac8b6
001b5c93
001b8947
0016a59a
0016189e
0019857a
00113f41
0013cc9a
00155b7d
001611bd
00233f13
00151d98
00200cac
001a23a8
001516b7
0014a8ae
001aad34
0024a4b3
00135440
0023c1bf
0014fb35
001641e1
00298860
0016b35b
00163b01
0015a043
00125259
00139906
001b6374
0017efb7
0014c0c0
0017cd54
00259c48
0014a1cd
0016f821
001e08df
00165313
0014864b
0014af8e
001b10ed
0019c6d0
001a0f06
00137d83
0015580d
0015e199
00160adc
0015dab8
00136571
0018cf3a
00168d88
001a762f
001d5cf0
00138b45
0014bd4f
00171a84
001b1eae
00151347
001705e2
00264f18
00166b25
00163b01
001807c9
001482da
001ce125
001958c6
00174738
00151d98
001508f6
0016d24e
0015c2a6
00195fa7
0011be7c
0013f26e
001595f2
001c3c17
00149e5d
00174738
00125259
001818fa
0019c6d0
002186ed
0014070f
00152108
0015de29
0010d818
00146758
0016ba3c
001da897
00199d8c
0016cede
00139225
001ceee6
00165313
001e7008
001da897
0015738f
0014a1cd
00249dd2
001603fc
001b9de9
0020aada
00144bd5
001630b0
0016e6f0
00177acd
0016e00f
00141160
001909af
0028f113
001584c1
0016f4b1
00198c5b
0015ae04
0017bf93
001641e1
001a0145
00139596
0023d661
002693de
00176d0b
0015580d
001be990
00147f6a
00190d20
001773ec
00193663
001dfb1e
0010d4a8
00148d2b
0019b59e
0016ff02
0017d7a5
0017ae61
0015c2a6
001a8ad1
00159963
0013aa37
001c8e9e
001be2af
001667b5
001a15e7
002897ab
0021f4f7
00129a90
00258e87
001b55b3
001b0a0c
0015e509
0026f426
0017f327
0016d24e
0024cdf6
001ba4ca
001ab415
00185a50
00289e8b
001104cc
001a34d9
0018ba98
0017efb7
001aa653
00172f26
001cda45
0015c2a6
0017efb7
001e6927
00197e9a
0014b2fe
00102549
0017888e
001a72bf
00189f16
001d5cf0
0018acd7
0014977c
001376a3
001641e1
00175f4a
001bce0d
0017bf93
001d2ccc
001d8634
001161a4
000ff525
00286e67
00120a23
00250bdc
00167205
00122ff6
00149e5d
001dfb1e
00173296
0018158a
001622ef
00160e4d
001d6ab1
0026861d
0013f5de
00113861
002776d2
00158150
0019bfef
001c49d8
00226300
00157700
0017ae61
0013bed9
001ceee6
00173ce7
00165313
0013241c
001a3bba
001172d6
00152108
001d484e
0016ac7b
001c5e7a
0016cb6d
00165313
00186131
001b032b
0023dd41
001f4c1b
0012c063
0017aaf1
0014d561
001c3536
00170953
00157a70
00152478
0014940c
0015ef5a
00152ec9
0017e8d6
0013cc9a
0014c430
001697d9
00152478
0016a59a
0014e693
001996ac
001ef2b3
0013fcbf
00153ffb
0017efb7
001f7c3f
001a8e41
0014dfb2
0014bd4f
00101af8
002965fd
0019f6f4
001b47f1
001babaa
0015ae04
002663ba
00174aa8
0013a6c7
001b8947
00161f7e
0023012e
00188704
0018fbee
001b1eae
001875d2
00168337
00166e95
0015e509
00180459
001c3c17
00188394
001b4481
001a1276
0013bb69
00187262
00159cd3
00273fcd
00150586
001b4111
00156caf
0016e37f
0015625e
00177e3d
001800e8
00143053
00158831
00143053
0013b118
0013bb69
00115e34
0018e3dc
0017851d
00157a70
0019a46d
001508f6
0013ddcc
00199a1c
0015c987
0018a967
0019a7dd
0015ae04
00135440
0015a3b3
001713a4
00185dc0
0021f4f7
00159282
00120a23
001d416e
0014fb35
0019db72
001fba25
0013a6c7
0016a59a
002c313b
0015f63b
00120342
0018eabd
001a3169
00149e5d
0019ca40
001301b9
0014864b
00153ffb
002a7234
0027a015
001a9892
00188394
001837ed
0015ae04
00114d03
001630b0
001b9028
001a64fe
00152478
001ae0c8
001225a5
00211203
0018234b
00173296
0017a0a0
0021c4d2
001255ca
0018c4e9
001350d0
00194e75
00161f7e
001837ed
00122235
00240685
0026bd21
0017fd78
00175bda
00242207
0014d1f1
0015e879
0017b1d1
001660d4
001d6ab1
001452b6
0015f2ca
00209d19
00175f4a
0015e199
00180ea9
00164552
001c655a
001cfca8
00162d3f
0014d1f1
0011bb0c
0011cc3e
00150215
0016d5be
0017586a
001471a9
0016afeb
0018d98b
001e5486
0014002f
001e4da5
001a9c02
00186131
001338bd
0018b728
001153e3
001a4cec
001c5799
0019f384
001ad678
002580c6
002859c5
001807c9
001f59dc
001a0145
001add58
001da897
001acf97
001a8e41
00241446
001a53cc
001d93f5
00195c37
00181c6b
001690f8
001482da
0014940c
0015f2ca
001ea70d
001b8267
00185a50
0012c3d3
00137333
001aa653
0016b6cb
001f90e1
0014977c
00120342
00139c76
0016c7fd
001ba4ca
001a618d
001c50b9
001a9522
00188394
001792df
0017c303
001565ce
00173296
0018d2ab
001c50b9
001535aa
002126a5
002859c5
00199a1c
001ef994
001a0826
00192532
00184fff
001452b6
0017662b
00220998
00158831
0017586a
0026785b
0012b982
001ae439
001b9028
001d2ccc
00146e38
001aeb19
0016265f
0019e933
0015323a
00158f12
0018acd7
001659f3
00277db2
001414d1
001a7d10
00187cb3
002776d2
00191771
0011d31e
00157de0
001e7dc9
001d0388
0017c9e3
0018536f
00142292
001b47f1
00146077
00169468
0015ae04
001845ae
0014ea03
0016a90a
00220998
0018ba98
001df43d
0016ea60
00163790
00147889
0017f697
00145997
0012593a
001dbd38
001516b7
00222bfb
0016e00f
0024cdf6
00271689
001a53cc
0019d491
00159282
00186811
001909af
001697d9
0016c48d
002c0117
00184c8f
001bd4ee
001a2718
001ae439
00172f26
001fb344
0026e665
0012fad8
0019a7dd
00136fc2
001678e6
0014c7a0
00181fdb
0016c7fd
0012fad8
0015de29
00257305
001c80dd
001bc72d
00238aba
00167c56
001d182a
0015c616
00139c76
001c731c
0015b855
0019bc7f
0013f94e
0021b711
001d7192
001f0755
001039eb
001db658
00188394
0014b2fe
001b4111
001c6c3b
0017d434
001482da
001ded5d
0017e1f6
00172f26
00186811
0018b3b8
0014f7c4
00156caf
0013da5c
001678e6
001928a2
0017b8b2
0014af8e
0016152d
0015549d
001921c1
00172165
001ede12
001c2e56
00202f0f
0013da5c
001cfca8
001c731c
00164552
00238aba
0016ff02
0014977c
001b6004
00171714
0025d34d
001cfca8
001690f8
001b9028
0013b488
001c42f7
001826bc
0014f0e4
00152478
0027320c
00175bda
0019ca40
00174aa8
0022b587
0015c987
001c12d3
0018e06c
001ddf9b
001713a4
0017a780
0015b4e5
001b10ed
00249dd2
00208877
001bce0d
001630b0
001826bc
00283e43
00166b25
0015ae04
00117d27
00175f4a
0016b6cb
0017888e
00173296
0016e00f
0015a043
0014039f
0017888e
0017a0a0
00164552
0014977c
0017de85
001f0e36
001697d9
0018fbee
0019e252
0019d491
0026e665
0016008c
001864a1
00154dbc
0020cd3d
00132afc
00196687
0014ce81
0016008c
001d2ccc
001697d9
001622ef
001a2a89
0010a7f4
00193663
0011be7c
001be990
001e6927
00146077
00138eb5
00177acd
0017c303
0015ebea
0016edd0
001add58
00222bfb
0016fb91
001a384a
002bbc51
001a2df9
00143734
0014d8d2
00148d2b
00161c0e
0015ccf7
0016ac7b
001ce125
0017b8b2
0014a8ae
00152ec9
00167576
0019fdd5
001b1eae
0016076c
001e0fc0
001a8761
001bc04c
00166444
0012714c
001471a9
0015ae04
00178bfe
001bdbce
00160adc
00166e95
0015f63b
0014fea5
0016a90a
001a5e1d
0014fea5
00130c0a
00130f7a
001754f9
001a0145
00153c8a
001902cf
001659f3
0011a2fa
0021792c
001b1b3e
0016e6f0
0016a59a
001acc27
0012b982
001e7008
00146758
0013467f
00173ce7
001d33ac
00178f6e
001f453b
001c5e7a
00173ce7
0021e735
0021a26f
00109a33
0012593a
0018121a
0015693e
0014ac1e
0011128d
00177e3d
0017d0c4
00163e71
0017ec46
0014909b
0015d748
001af56a
00150fd7
0016a22a
0016189e
0024cdf6
001338bd
0012e9a7
001ae7a9
001d0a69
001f1bf7
0015b4e5
0017a410
0014d561
0015bf36
001a0f06
00141841
0013c249
0015f9ab
0015512c
00112e10
00170cc3
0016cb6d
0017a780
002542e0
0016a90a
001b3da1
001d2ccc
0014c0c0
00237618
00190d20
001c42f7
0015693e
00190d20
0015ccf7
001a762f
001482da
00157700
0014f454
0014f7c4
0019933b
00135440
00194b05
0013241c
0018eabd
00170cc3
001c9c5f
00172bb6
001c8e9e
0012d505
00172f26
001bd4ee
001aad34
0029aac3
00165313
0018491f
001902cf
001dd1da
0019dee2
001996ac
001845ae
00211203
0016fb91
00153c8a
0016afeb
001ac8b6
0017bf93
0014a53d
0014d8d2
0016f141
00152478
001c3536
0016cede
002d7477
00135b20
00210b22
00138b45
001ccc83
002550a2
001b3da1
0016c11c
0024a4b3
001c12d3
00188a74
001a9c02
00130f7a
001c3536
001c8e9e
001af1fa
0013278c
001e01fe
0019eca3
00164fa2
001c0bf3
001ea02c
001ba4ca
0018a286
0015580d
001da897
00195fa7
00143053
0013241c
001ad9e8
00139225
001fd5a7
002035f0
0015b4e5
001a573c
00188704
0015c987
0011eea1
001c0bf3
0015fd1b
002496f1
001b4b62
00186811
00208f57
001928a2
001686a7
0015512c
0015e879
001387d4
00216b6b
0019e252
001d25eb
00152478
0012714c
001807c9
00227e83
001a460b
0014fea5
001452b6
0012782d
00106d7f
0025aa09
0017d434
0014b9df
001603fc
0019a0fd
00172f26
0019e933
001cf5c7
001686a7
001d0388
00227e83
0015c616
00186b82
001a497b
00170953
0019ab4d
001b28ff
00162d3f
0015f2ca
00152108
001e4da5
00151d98
0017707c
0018d2ab
0015c987
001690f8
0018e3dc
0015ccf7
001629cf
001ff80a
00176d0b
0013d37b
0018e06c
00184fff
002bc332
00163b01
002073d5
001a64fe
0019820a
00147bfa
001c42f7
00122c86
002f25bd
0014e693
00161f7e
001af1fa
0013430e
001cc5a3
0014c0c0
00188a74
0019ab4d
0017cd54
001b5242
0014c430
001338bd
0013b488
002d2fb1
0017888e
0015fd1b
001f679e
0019b59e
001996ac
001b0d7c
001ae7a9
0015e879
0016008c
00118ae8
00146e38
0017d7a5
0013e13c
00173296
001f3779
001a9c02
001cc5a3
0020efa0
001c19b4
001648c2
00101788
0019063f
00214908
001b28ff
001376a3
0015f63b
001c50b9
00143053
00150fd7
001153e3
00154dbc
001bf070
0023c1bf
0016189e
001c2775
00180b39
00119c19
0018ee2d
0016a59a
0018dcfb
0014977c
00166444
001921c1
00157de0
00155b7d
00158150
001af1fa
0012b2a2
001319cb
00146e38
00181c6b
001697d9
001705e2
0012593a
001f0e36
0016265f
0017964f
001611bd
00197e9a
001f1516
0019eca3
00180ea9
00155b7d
0015d3d8
0017a780
0015ef5a
00139fe6
001d4f2f
00238aba
00166b25
001b258e
0015f9ab
002186ed
00139225
001f9ea2
0017d0c4
001535aa
0012827e
00163e71
0013da5c
00171df4
002822c1
001e4da5
001fcec7
00166b25
0018d2ab
001c87bd
00187262
00181fdb
00293cb9
001b4ed2
00194424
0011b42c
00153c8a
00178f6e
0016f141
00130529
001ab415
001f29b8
0011ad4b
001a460b
001b7816
00165683
0018234b
001977b9
00143e14
00163790
00150586
001622ef
001b74a5
001b10ed
001cb101
001c12d3
0017c9e3
00185dc0
001e76e9
0014940c
001bd4ee
0011cc3e
00148d2b
0011d68f
00224e5e
00190d20
0014940c
0015ebea
001754f9
001fd5a7
0015738f
0015323a
001ad678
0015e509
001a8e41
001c19b4
00245fed
0017e8d6
0017b1d1
00167576
0015ccf7
001a762f
0018f87e
00153c8a
001875d2
00159282
00157de0
00173296
0015bbc6
00118e58
0018ff5e
0015512c
0012c063
0016189e
001cd364
0019a46d
001dd1da
001713a4
00178f6e
0017d434
0016e6f0
0011f581
0014b2fe
001af56a
00194e75
001f1bf7
001376a3
00287c28
00136201
001856e0
0021d294
00206cf4
0013d00b
0019a7dd
001622ef
00189155
001690f8
00172bb6
001d9ad5
00152478
0016b6cb
00288309
0013f5de
001da1b6
00162d3f
00186811
0011bb0c
00123a47
00144f46
0028e351
001d9ad5
00146077
0019c360
00189ba6
00159282
001d7872
001584c1
00193d44
001773ec
00143053
0012ed17
001be990
0015323a
0014dfb2
001de67c
0019933b
001c2094
0018e06c
001ec970
00161f7e
001d7f53
0017e8d6
001b1eae
001781ad
0015e879
00167576
0018a967
0015b4e5
00167c56
0014c7a0
00163790
001ad678
001b7b86
00185dc0
001b4b62
00165683
0019fdd5
0019e5c3
001690f8
0018234b
00166444
001d25eb
002436a9
001a5e1d
001a460b
001e08df
002b32c5
00150fd7
002da49c
0015d3d8
0018dcfb
0016e00f
001939d4
001a91b2
001cd364
00151347
0011d68f
001781ad
0022ca29
00173ce7
001cb101
00194424
00256c24
00152108
001f59dc
0013e4ac
001bb96b
00139225
001b55b3
00161c0e
0015d748
00176d0b
00142602
001be2af
0019857a
0016f821
001bfe31
0017fa08
0015701f
00171714
00213b46
00166b25
0023dd41
001bc72d
00144865
00164fa2
00171df4
00192f83
001a9892
0016a22a
001d8d14
0016ea60
001d9ad5
001357b0
0018234b
001bd4ee
001762ba
0016d5be
0019ab4d
00120a23
001a2038
0014e693
001b145d
00171a84
001acc27
0015d748
00160adc
0024446a
001ad9e8
0023dd41
00173607
001b2c6f
001970d8
001535aa
001bb28b
001e7dc9
00157a70
00173ce7
0017e1f6
0018c179
0022a0e6
001d182a
001e3903
0017d7a5
001bb96b
001bf070
0014bd4f
001ac546
00191771
00153ffb
00146ac8
001535aa
00124128
0024fe1a
001c2094
00187943
001217e4
0019cdb0
0019db72
00162d3f
00133c2e
0016152d
0014af8e
00262cb5
001cb7e2
00192532
0013f94e
0015b855
0015738f
0024cdf6
0012fad8
00171033
0015e509
001b9028
00150586
0020d41d
0017fa08
0017db15
002035f0
001bd4ee
0017bc22
001c8e9e
00195c37
001b8947
00186811
0013b488
0013f5de
0018491f
00141841
0015391a
0019a7dd
0026d8a4
0017d7a5
0015b4e5
0019d121
0018423e
00158150
001349ef
0015c616
001ee4f2
0018310c
0018d61b
00171a84
0016a22a
0016265f
00143734
00122c86
00189155
00164c32
0018121a
00182a2c
00214908
001781ad
001630b0
0017e566
002ae71e
00180b39
00149aec
001792df
00149aec
001da897
00153ffb
001f7c3f
0018310c
001d25eb
00192c12
001d0388
0016c11c
00160adc
001f8a01
0016008c
0023c89f
00175bda
0015b4e5
001d5cf0
001977b9
00142ce3
00146758
0015580d
0027bb98
00196317
001a2a89
001f755f
0028005e
00177acd
0019d801
002a18cc
001e08df
00206cf4
0014fb35
001a3f2a
001641e1
0015a043
001b1b3e
00126ddc
00152108
00174e19
0018cbca
00214fe8
001c2094
0017aaf1
00143e14
00123a47
001800e8
00152478
0025b0ea
0021e735
001b6004
001b7135
0014c0c0
0016edd0
001463e8
00249011
00196687
0018c4e9
00147889
001ec970
001d25eb
001cbec2
001660d4
00166444
001595f2
0012ce24
001b28ff
0018ee2d
00275b4f
00175f4a
0018c85a
001aa653
0012782d
001f97c2
001bd4ee
0016ea60
00171df4
001d0388
0014b66f
0016a22a
001a7d10
00174e19
00153c8a
0015ebea
0017662b
00144185
0010f70b
00146e38
001bb96b
0016152d
0026c402
00113bd1
00196687
0015b855
0022aea7
00143e14
001d63d1
001293af
001ab0a4
001471a9
001826bc
00130529
001bb28b
00155b7d
00122235
001c8e9e
001b3da1
00158831
001cc5a3
001e6247
001b1eae
0017efb7
001bf751
0016d5be
0017b1d1
001ea02c
0016d5be
0019b59e
0014d561
0015c616
001285ee
0017888e
001792df
002bec75
001603fc
001678e6
0011272f
00174738
00131d3b
00152b59
00136201
002eeeb8
0019933b
001d9ad5
002126a5
001ac1d6
0017aaf1
001837ed
00232391
001a3bba
001aee8a
00235a96
001807c9
00173607
00158ba1
00195556
0015ebea
00159cd3
001630b0
00133f9e
00187943
0022d7ea
0019063f
001b1b3e
0022409d
001be990
00188394
0019b90f
0016008c
001cfca8
001773ec
001b1b3e
00113180
0019fdd5
00172845
002b5528
00157700
00184fff
00164fa2
001bc04c
00161c0e
0015b175
0021cbb3
0010fdec
002890ca
0019b59e
0015fd1b
001a7d10
001368e2
00169468
001cd364
001d3a8d
00205f33
001a91b2
001aa2e3
0018c4e9
0017662b
001a762f
0012af31
0014ea03
0018a5f7
00191090
00196687
001a384a
00153c8a
0017662b
00102f9a
0016c11c
0014c7a0
0017c9e3
00174e19
001a429b
00170953
001ff80a
001dcafa
001762ba
00183b5d
0014b2fe
001a1cc7
001932f3
00150586
001338bd
00166b25
0016f4b1
0015fd1b
0013e4ac
0019b22e
00124808
0013c92a
00172f26
0019d491
00191090
0018b048
001d484e
00159282
0014a8ae
002580c6
0016ac7b
001951e6
001fa583
0014a53d
001cbec2
00186ef2
00104e8c
0025e7ef
001ef994
0014ac1e
0014940c
0018fbee
0016a90a
0029fd4a
00231cb0
001cda45
00156caf
0019b59e
00145626
0012f087
00191ae1
0017964f
001babaa
0018a5f7
0013eefd
001d93f5
00142972
0020e8bf
002e12a5
00123db8
0017db15
00199a1c
0019ab4d
00193d44
001595f2
00187cb3
0020dafe
001a83f0
001d3a8d
0013e81d
0015580d
0016bdac
001a9522
00166b25
00171714
0015c987
001c2775
0028005e
001a64fe
001969f8
00146758
001e08df
00144bd5
001b9de9
00283762
00161c0e
00199d8c
0014e693
001b4481
0016a59a
0019ab4d
0018234b
0016edd0
00139225
00175bda
0026d8a4
00173ce7
001e0fc0
001f29b8
0016ff02
001a1276
001781ad
0021a26f
00155eed
002859c5
0018f50e
002c0117
001f453b
001c0512
00233833
0019e5c3
001773ec
0011fc62
001ba4ca
001f3099
00185dc0
00110bad
0020e1df
0016d24e
001d7872
0014c0c0
0015ebea
00192f83
0021f4f7
00189ba6
001338bd
001f97c2
00164fa2
001659f3
001cb7e2
00129e00
00196d68
0019f384
00170cc3
001b9028
001a1957
00161f7e
0020efa0
001e0fc0
001a3f2a
0014ed74
0017a0a0
00211fc4
00167fc7
001535aa
001988ea
0010bc96
00157de0
001a686e
001516b7
001800e8
00159cd3
001a5aad
0014a53d
001864a1
001705e2
00167576
001c0bf3
00173607
001622ef
001b8267
001e5b66
001a8e41
001ce806
001c12d3
00169468
00145626
0015693e
00173ce7
0019820a
0016a59a
0011d31e
00168a18
001a04b5
0017851d
00159963
0017a0a0
0015ccf7
00194e75
001f6e7e
0016189e
00197e9a
001a04b5
001667b5
0015c987
00192532
001b9de9
001b6374
0029817f
0021724b
0023080f
00171df4
00153c8a
00204a91
001a497b
001a64fe
001996ac
0012bcf3
0017de85
0015738f
001773ec
002a6b54
001ab415
0013d37b
0019d801
00184fff
0016a90a
001f8a01
00188704
001fe368
0019e252
00157700
00264157
00186131
00158ba1
00181c6b
0019cdb0
001cbec2
0016edd0
0024ab93
002550a2
0011c8cd
0018b728
00273fcd
001c12d3
001a04b5
0029439a
001c0512
001b36c0
001320ab
001b9de9
0025beab
0018e3dc
0013241c
00201a6d
002239bd
0014d561
00143aa4
001161a4
00163b01
001ae439
00214227
0017775c
0020fd61
0014fb35
0016ba3c
00180459
00191e51
001a384a
001da897
001b10ed
001ca340
001bb96b
001a3bba
001c2094
001909af
00197b29
001837ed
0015391a
002186ed
001ab415
00146e38
001bf070
00248250
0014b2fe
0019d801
00159cd3
001acf97
0014c7a0
00123a47
00149aec
001e2461
00164fa2
0015c616
001349ef
001bdbce
0018423e
001af8db
00185dc0
0019f013
001fa583
001bb28b
0018ee2d
0028ac4d
00167c56
0019d491
0012a851
001c50b9
00135b20
001b9028
001b145d
0015aa94
0016265f
0019ab4d
00143aa4
001a6bde
0015ccf7
00145d07
001cbec2
001c50b9
001cc5a3
00196687
001629cf
001414d1
0017b542
00136201
00152108
00197b29
0012a4e1
00141bb1
0015b4e5
00122235
0027bb98
0016008c
0012fe48
001e5486
00183ece
00175189
001c42f7
001970d8
00163b01
001a1cc7
0016d5be
00189ba6
001d3a8d
0020bf7c
0018c4e9
00170cc3
00169eb9
00159cd3
001ee4f2
001f8320
0020bf7c
00139fe6
0016f821
0017bc22
001ae0c8
0024522b
0013f26e
001d33ac
001489bb
0019a0fd
0014ce81
00170cc3
0019b59e
0014d8d2
00143e14
001d8d14
00170cc3
0017888e
00188a74
0016dc9f
00169b49
0017ec46
001648c2
001a3169
0016f821
00237618
001928a2
00220998
001af56a
00194424
001e2b42
001ac546
00143e14
0017ec46
00166b25
001142b2
001b6004
00112aa0
0016008c
00209638
00152ec9
001b8267
001c3c17
00142292
001a04b5
001a9f73
0018b048
001dc419
0017a0a0
00136c52
0023dd41
0027bb98
001508f6
00168a18
002b1e23
0014a1cd
0015bbc6
001134f0
0017cd54
001d8634
001977b9
0010b5b5
001babaa
001928a2
00163420
00211203
0015b175
001b221e
0016a22a
001e0fc0
0019a7dd
0015c616
00191400
00170272
0022251b
0015e509
001ba4ca
00158831
001add58
0014c0c0
001caa20
0021c4d2
001e3223
0012c063
0020d41d
00152b59
0015b4e5
00162d3f
00150215
00189155
001fea49
0014c7a0
00224e5e
0013c249
002b70aa
00167576
00152108
0016afeb
001357b0
001f1516
0013b7f9
001773ec
0013ada8
001b1b3e
001e84aa
0014b2fe
002269e1
00183ece
00195fa7
00158ba1
0016d24e
001039eb
0015e879
00180459
002af4e0
0012fe48
001584c1
0017de85
001f52fc
00193663
00159cd3
0013aa37
0015436b
0014a53d
001abaf5
00115073
00150586
0017c303
0015f9ab
001a0145
00188a74
001da897
001527e9
0014e323
001e4da5
0018cf3a
00139906
001902cf
001e7008
0029817f
001f60bd
001f97c2
00101af8
0018ba98
00106a0f
0018536f
00126a6b
0015436b
001b0a0c
001d484e
002043b1
0014c0c0
001977b9
001a1cc7
001e5486
001894c5
0019b22e
001a8080
0025e10e
00214227
001ef994
0019933b
001d182a
001c50b9
001ceee6
0024ab93
0015c987
001e3903
00131d3b
001a15e7
00157700
0017f327
001b4111
001433c3
001fb344
001996ac
001d1149
0017c673
0021d974
0016cb6d
0015fd1b
001cfca8
002156c9
0018dcfb
002126a5
00195fa7
00122ff6
0014cb11
00165d64
00206614
00163e71
0023ad1d
001a384a
001d0a69
001d0388
001d484e
0018f19d
001a2df9
001a8761
001a762f
0021e055
00214fe8
00195556
00187cb3
00141160
0015d3d8
00222bfb
001b10ed
0016d92e
0016b35b
001cd364
0016b35b
001fc105
001690f8
001a6bde
00172f26
00135e91
00116515
001af8db
00139906
0019c360
0013467f
001b2c6f
001667b5
001e5486
0011a66a
001b17cd
001807c9
0016dc9f
0016e00f
0015a724
002186ed
001629cf
001d4f2f
0018158a
00158ba1
0018cbca
00178bfe
001c6c3b
0018b048
0015e199
001ce806
0014d8d2
0026df84
001d7f53
001d484e
002466cd
00167205
001d0a69
00271d6a
0024ab93
001fc105
001338bd
0018b048
00164552
001a799f
001ee4f2
00173ce7
0016ba3c
001cb7e2
001686a7
001a4cec
0014ac1e
00180459
00190d20
001b9de9
0021bdf2
001a9c02
00138464
00133f9e
0019e933
001762ba
0018e3dc
001659f3
001565ce
001a2038
0017cd54
0020efa0
0015bbc6
00170cc3
0011d31e
0015e199
0015a3b3
00150c66
0019f013
00259c48
001f8320
0014c0c0
0012fe48
0016afeb
0017d7a5
0019ab4d
00261132
001aad34
0014940c
0019a0fd
0015580d
0019a0fd
001845ae
001320ab
0016cede
00191090
001a8761
001e0fc0
00173607
0015512c
00142602
0016dc9f
00188023
0015bf36
0013e81d
0017c303
0024c035
0015a3b3
0018a967
0018f87e
0016afeb
0016d92e
001b7135
001ceee6
0019f384
00164c32
0012af31
0019aebe
0019a46d
0014d1f1
0016b6cb
00151a27
0014f454
001af56a
001909af
001d1f0b
00130f7a
001826bc
001e4da5
001584c1
00166b25
001bc72d
001e0fc0
0016b35b
001cb7e2
001d0388
00193d44
001a505c
00164fa2
002897ab
001bc72d
002ac4bb
0016bdac
00151d98
001e7008
002194ae
0012c744
0016076c
0017fa08
001bd4ee
001c5799
001bf751
0015b175
001ae7a9
0019b59e
0016c7fd
0016cb6d
001e46c4
00172f26
00192c12
0017cd54
001e84aa
001ffeeb
001845ae
001f3099
0010c6e7
0016b6cb
00141f22
001f755f
00199a1c
0012af31
00170953
00227e83
001add58
0015bbc6
00196d68
001f6e7e
001826bc
0015c616
0013278c
001c6c3b
001875d2
001a9892
0017964f
0017ae61
0017699b
0019eca3
00194b05
00211203
001659f3
001659f3
002043b1
001f0755
001cf5c7
001afc4b
0019dee2
00159cd3
0017a0a0
001856e0
001be990
0018f19d
001c5799
0017a0a0
001a3169
001d33ac
00193663
001fa583
0017ec46
002194ae
0021800c
001babaa
0015de29
0017b1d1
001977b9
001dd8bb
001463e8
00169b49
00153c8a
001a0f06
0016cb6d
001ccc83
0016e37f
0015323a
001a7d10
0015e199
0015e199
00158f12
001641e1
001d8634
001123bf
0011cc3e
001bc04c
0018eabd
00142292
0023e422
001b74a5
0015b855
00116515
0011204f
001ac1d6
00155eed
0015391a
0014a8ae
0022bc68
00163b01
001690f8
00166e95
00249011
001b36c0
00130529
00135b20
001ce125
0017efb7
001357b0
001ce125
00175189
0014ac1e
00156caf
0014002f
001a429b
001a15e7
0017de85
0017f697
001cfca8
002345f4
0017e1f6
001f0e36
001a7d10
001cc5a3
0013e4ac
001875d2
001e5486
0017c9e3
0017d434
0016e00f
00150fd7
001dfb1e
0014cb11
001d560f
001daf77
0022251b
00177acd
00292817
00141bb1
00208196
00153c8a
001bf751
0018be09
001c8e9e
0013eb8d
0019e933
001932f3
0016edd0
00195556
0013ada8
00187943
0014a53d
0014a8ae
0016189e
0012ed17
00183b5d
0012782d
001565ce
001be990
0016076c
001f90e1
00188de5
0019ca40
00157700
002e6c0d
001f60bd
0016fb91
001aa653
001d182a
00228563
001482da
00276230
001d8634
001387d4
001a83f0
0016c7fd
001338bd
001c5799
002acb9c
00165d64
001611bd
0010b926
0019ab4d
0015e879
0018cbca
0016ac7b
0019b90f
001368e2
0016cede
001c87bd
001babaa
001bf070
00145997
0017f697
0011f211
001c3536
0019fdd5
0019b22e
001ea02c
0017707c
0017db15
0013e13c
00233f13
001b9708
0014b9df
0019f013
001bfe31
0019e252
00151347
001864a1
001f29b8
001aa653
00133f9e
001611bd
00167c56
0013278c
001977b9
0016008c
001837ed
0018a286
0017bc22
00169eb9
00189f16
00287c28
0028b32d
0014909b
001e6927
0017964f
001b28ff
001ca340
001e76e9
0011fc62
001349ef
00180459
001c2775
00184c8f
0022d10a
00151a27
001add58
00232a72
001b9708
0014d1f1
001bf751
001c19b4
0015bf36
001e1d81
001a9522
0015b4e5
001d7f53
001ddf9b
001d9ad5
0016a22a
00130529
0014ac1e
001d63d1
0017a780
00154a4c
0014b9df
00162d3f
0017a0a0
0017db15
001a9f73
001b9028
002202b8
001cf5c7
0024f73a
001a15e7
00175bda
001b2c6f
001c42f7
00194424
0014fea5
0017db15
0015391a
001c0512
0015c616
00164c32
0013da5c
0020b89b
001f59dc
0015c616
001ded5d
0012e2c6
00124498
00152ec9
001648c2
0017851d
002b8c2d
00170272
0015d067
001697d9
0017cd54
0027bb98
001cb101
0018a286
001e46c4
001f4c1b
002436a9
0016a90a
0024e298
00165d64
001a8e41
0016cb6d
00144f46
001807c9
0016c48d
00188de5
001be2af
001c3536
0022d10a
00152ec9
00188394
00264837
0014e323
0017fa08
0012d875
001c79fc
001f3779
0015d067
001a0145
00138eb5
001875d2
001762ba
00143053
00167c56
00201a6d
001a460b
0022a0e6
00151d98
00188023
0019857a
001e08df
00177acd
00178bfe
0016e6f0
001dbd38
002504fb
001958c6
0023c89f
0017775c
001452b6
0019eca3
0016e37f
001c5e7a
00214908
00142ce3
00172bb6
0017699b
001b7b86
0017888e
001b258e
001db658
0012c3d3
00152478
00190d20
001cbec2
001a23a8
0016a90a
001fd5a7
002a8db7
001f60bd
00187943
00122c86
001444f5
0012593a
0020bf7c
001d0388
00167576
00144f46
002d2fb1
00171714
001b6374
001762ba
0015d067
0016189e
001a15e7
0016f141
0016fb91
0015d067
0019c6d0
001875d2
001f7c3f
001a762f
00164552
001837ed
0017e1f6
0016cb6d
00154dbc
001f8320
00168d88
001bc04c
001f1bf7
0015580d
001818fa
001b9de9
001aee8a
002f55e1
00135440
001d560f
0022d7ea
001d8634
001951e6
001f29b8
00168d88
0024cdf6
0016d24e
00172165
00124128
001d1149
001e6247
0012a851
0019820a
00161f7e
00117d27
00161c0e
001acc27
001d63d1
00184fff
001bb28b
0017cd54
0015a724
001489bb
0019ca40
002889ea
001ea02c
001800e8
0018491f
00170953
00154a4c
00144865
0025da2e
00160e4d
00137333
001cda45
002a9497
0026d1c3
001af8db
0012df56
0015bf36
001b7ef6
0014f454
00194795
001630b0
0016f4b1
0016b6cb
0019b22e
001e5b66
0017d0c4
00297a9f
001ce806
0021bdf2
0016d92e
00172bb6
001622ef
0017f697
0016ba3c
00198c5b
001b069c
001bf751
00157a70
001b6dc5
00160e4d
0014b9df
001713a4
00189ba6
00146ac8
00171df4
0017888e
001319cb
001e3903
001565ce
001b8267
0012971f
0015323a
00175bda
0017c303
001ea02c
001705e2
00109352
001d0a69
001a8ad1
0017586a
00175f4a
0026c402
001c2094
0016ac7b
0017cd54
001de67c
00159282
001958c6
0016afeb
0016c48d
001659f3
001eaded
001a64fe
001dd8bb
0014c0c0
001754f9
00157a70
001d7872
001b6dc5
0021d294
0014ea03
0014ea03
0025b0ea
00126ddc
0016c7fd
0017a780
0020fd61
00147f6a
00163790
00152478
001826bc
00291a56
001d0388
00169eb9
00146758
00166444
001e2461
001c0512
0014ea03
001d7872
00111cde
0018e74c
00158f12
00140df0
002005cb
0018347d
00188023
0019cdb0
0018a5f7
001aa9c4
001e08df
0015b4e5
001690f8
0015aa94
001ffeeb
00169eb9
00139225
001c655a
001b4111
00173607
0013eb8d
001a8ad1
00156caf
001be990
0016fb91
00155eed
001cbec2
0019f384
001b5242
001d2ccc
00170cc3
001f3779
0019063f
00167fc7
0018310c
001c8e9e
00169eb9
0017e8d6
00174057
00205f33
001cc5a3
0012782d
0014977c
0016a22a
001743c8
001724d5
0017efb7
0015a043
0016076c
001da1b6
001ec970
0016fb91
00170272
0014b2fe
00293cb9
00146e38
0015625e
001ae439
001c5e7a
002ab6fa
00188023
00126a6b
0018d61b
001cfca8
0015a3b3
0012cab4
00193d44
0023d661
001ceee6
0016e37f
001471a9
0017cd54
001d7192
00141bb1
00130c0a
0013bed9
0019857a
0015391a
00178bfe
0015f9ab
001660d4
001376a3
0013bed9
0017cd54
00157a70
00186811
001f6e7e
00287548
0015e199
00174aa8
001daf77
00163420
0017964f
0017fa08
0026a19f
00180ea9
0020e8bf
00228563
00146758
001eb4ce
00202f0f
0014c430
001c0bf3
001add58
0018536f
001f97c2
001142b2
00189ba6
001be990
0018310c
001845ae
0014c7a0
0015ef5a
0016152d
001e7dc9
001b7b86
001fba25
001b8267
00174057
00178bfe
002935d9
001940b4
001c2e56
001bd4ee
0013bed9
00167576
00182d9c
0019f013
001274bc
00181c6b
0015fd1b
001a0b96
0019e5c3
002073d5
0013fcbf
001d182a
002a6b54
00212d85
0018347d
00122235
0020e1df
0014f0e4
00164552
00154a4c
0016cede
001dd8bb
001b0a0c
0015c987
00151a27
00171714
00166444
001fb344
00152478
0024748e
00176d0b
001bce0d
001894c5
001977b9
00166444
001792df
00157de0
0016b35b
001ac546
002035f0
0011f8f2
0012b2a2
001928a2
0023f8c4
001a7d10
00195c37
0015dab8
001a0f06
00167576
00170cc3
001f453b
00144f46
0014d561
001b3a30
0019ca40
0014ed74
0024e298
001d1f0b
001b55b3
00172f26
00191400
00191400
0016edd0
001afc4b
001f0e36
001eb4ce
001792df
001cb7e2
001ba4ca
001376a3
0018121a
00154a4c
0027b4b7
001cbec2
00152b59
0017964f
0016c7fd
00136201
00173ce7
001d484e
0015f9ab
0015ae04
001d9ad5
00196317
0014fb35
0016c7fd
00228563
001b5c93
0026861d
00237618
0016fb91
001ea70d
0017de85
001cda45
00206614
001826bc
0015738f
001ac8b6
0018c179
001f8320
00170cc3
002c15b9
0019d491
0018234b
0025275e
002c7601
001d8634
00192c12
0015391a
0026cae3
001d4f2f
0019d491
001837ed
0016cb6d
001bd4ee
001a53cc
002b39a6
00198fcb
00147f6a
00150586
001648c2
001ab0a4
00158f12
001b032b
001c2775
00299d02
00143734
00145626
001f755f
0017fa08
0014f454
001ac546
001f60bd
00193d44
0019063f
001c0512
001ffeeb
001659f3
001a8080
001527e9
00161f7e
001abe65
00261813
001ee4f2
0013f94e
001c6c3b
00188de5
001b9de9
001a34d9
00181c6b
0017c673
0025eecf
001aa2e3
001414d1
001996ac
0017586a
001368e2
001e08df
001c0512
0018423e
001b3a30
0017ec46
00236176
001f0e36
001c2775
001743c8
0011c1ed
001d25eb
002580c6
001f0e36
0016cb6d
001b9028
00139906
002345f4
0019b59e
00173ce7
0015bf36
0026df84
001c19b4
00178bfe
00250bdc
00177e3d
001e16a0
0022d10a
0014b66f
00163420
00197b29
001dbd38
001800e8
0016afeb
001996ac
00194e75
001cbec2
00151a27
001bb28b
0017de85
0015f2ca
001629cf
001f3099
002e12a5
001aa653
001951e6
0016189e
001cbec2
00158150
001cda45
001cd364
00203cd0
001856e0
001a72bf
0019aebe
001a8080
001bd4ee
00228563
0018e3dc
001f97c2
0028ba0e
0019a46d
002b4e47
001ac1d6
001d182a
001be2af
0013b488
00142972
0024e979
001aa9c4
0029e1c8
0017586a
00180459
002a3b2f
001acf97
0014dfb2
0017fa08
001a9c02
00146077
001c2094
0016c11c
0018d61b
00163790
00232a72
00199d8c
0028005e
0016076c
00172bb6
0017e566
001c9c5f
0012e636
001c9c5f
0014c0c0
0016c48d
002cff8d
0016cede
0020aada
00185a50
001c0512
0015701f
0014039f
00144865
00205853
00171714
00146e38
0013e4ac
001ac1d6
002587a6
0020dafe
001e46c4
0019a0fd
00171df4
001a618d
001d8634
001921c1
001527e9
001622ef
0017fa08
00165313
00215da9
0015de29
001a15e7
0018cbca
001b6004
00151a27
0017c9e3
001697d9
0017bc22
001c0512
00164c32
0023b3fe
0013d6eb
00152b59
0028a56c
001d33ac
001818fa
001d2ccc
001a64fe
0016ff02
0017c9e3
00192f83
001e16a0
00188a74
00206614
001c87bd
001584c1
0015ebea
00197b29
00210b22
001a497b
00143e14
001489bb
00141f22
00194795
0016cede
0016afeb
001762ba
0016cede
0026a19f
002550a2
002126a5
001754f9
001dc419
001cf5c7
0014fea5
0018eabd
001a384a
0020214e
001fcec7
001dcafa
001e5b66
001b5242
0012d875
00143734
001de67c
00158150
0012a170
00184c8f
001939d4
0027a015
001660d4
00150c66
0019e252
00123a47
0016ac7b
001762ba
00191771
001611bd
0016edd0
001a1cc7
00170953
001e01fe
001ed050
001d484e
001940b4
00206614
0016189e
00159cd3
00184c8f
00142ce3
00175189
001e84aa
001818fa
0011dd6f
001856e0
001a6bde
001f1bf7
001cda45
001e46c4
00233152
00199d8c
001743c8
0014a1cd
00121104
0014ea03
0018536f
001babaa
001f59dc
001c79fc
001845ae
0017a410
0018acd7
0018a967
00139906
00214227
0014ed74
0014a53d
001603fc
001f8a01
001b2c6f
0014fea5
00151a27
0017db15
001039eb
001f0755
0028dc71
001584c1
0014fea5
0017ae61
00199d8c
001dd1da
00169eb9
00159963
00133c2e
0016dc9f
00173296
001add58
001f1bf7
002315d0
0013d00b
0018c4e9
0018310c
0014f454
001bc72d
00188de5
00236f38
0014fb35
00185dc0
001f22d8
0016f141
001aa9c4
0016afeb
001444f5
0013eb8d
001690f8
0017efb7
001d63d1
0018a286
001cbec2
0019063f
0017c303
00143053
001319cb
001584c1
001b258e
00228c44
001ac1d6
0018310c
0012b2a2
00146e38
0026861d
0019e933
002b70aa
00182a2c
0016c48d
00143734
0023cf80
002580c6
001452b6
0015549d
0016cede
0017efb7
0028ea32
001781ad
0015ae04
001977b9
001ab0a4
0012ce24
001b6a54
00205172
001a3f2a
001d25eb
0018f19d
001f453b
0018491f
00173977
0020fd61
001f3779
0026fb07
001d33ac
001b3350
0015549d
002496f1
0019e5c3
00299d02
0021d974
002890ca
0015f2ca
00150c66
0015bbc6
001d5cf0
00154dbc
00141160
001ac1d6
001754f9
0013aa37
0024b954
0016189e
001928a2
0015549d
0022251b
0017e1f6
0015ccf7
001705e2
0019063f
00170272
00240d65
00159963
001781ad
0016ac7b
001e2b42
001d560f
001516b7
0019b59e
001af1fa
0018acd7
00150215
00178bfe
001b5923
0015de29
00186ef2
0015ebea
00171714
001d6ab1
00158f12
001b66e4
0016fb91
001e3223
001a686e
0019fa64
0020cd3d
001c2e56
0018234b
001f3779
001f1bf7
001667b5
002a6473
001f8a01
00152478
00173977
001c9c5f
001ad307
00139fe6
001fac64
00167fc7
0022ca29
00220998
0014d1f1
001f1bf7
0016008c
001b9028
001b7816
00173607
001daf77
0017964f
0011dd6f
001dd1da
0016f821
001be2af
001c0512
00163e71
001928a2
001c5e7a
0023eb02
001a0f06
001d182a
0026d8a4
002277a2
00164c32
0014e323
00124ee9
001648c2
001ea02c
00158831
001f0755
0018ee2d
00155b7d
001fac64
00165d64
0015625e
001ac8b6
001cc5a3
001d3a8d
0013eefd
001e3223
001aad34
0015c616
00197e9a
001595f2
0011e0df
001807c9
0020a3f9
00155eed
0023987b
001622ef
0015693e
00196687
0020282e
0016e6f0
001d0a69
0027bb98
0015d067
0016a90a
0018347d
0012a851
00165d64
002c3efc
0017bf93
001713a4
0018423e
001f90e1
001ec970
00214908
001d182a
00115e34
001ad307
001988ea
002156c9
001e84aa
001c3536
00178bfe
00159cd3
0019e5c3
00139c76
001489bb
001ede12
001f59dc
00158831
001a9c02
0017bc22
0016b35b
001ebbaf
0015d067
0014909b
002bae90
00161f7e
0017fd78
001754f9
001a5aad
001a8ad1
001e926b
001452b6
00188023
001a762f
001659f3
00173296
001535aa
0014d561
002b1e23
0016265f
00158150
00128cce
001a2df9
002822c1
00163420
00200cac
00187262
001d560f
001bc04c
001c2775
002e80af
001535aa
00157de0
001826bc
00153c8a
002580c6
0014af8e
002e12a5
00138eb5
00187cb3
002b5528
001a5aad
0019b90f
00174057
001713a4
00163420
001d7f53
00191ae1
001969f8
0029b1a3
001b8947
0021e055
001e01fe
001c2775
00171714
0019f013
00199d8c
00180459
002383d9
001641e1
0016b35b
00182d9c
0027bb98
00157a70
001b4ed2
001d5cf0
0019dee2
001a1276
001cd364
00228c44
001ad678
001cd364
001acf97
001ac546
0019d801
001e6247
0020cd3d
001bf070
001ca340
00169eb9
001f0755
0015f63b
001b28ff
00295f1c
0016c48d
002b5c09
0015ae04
001b6374
00140a80
0012827e
00236857
00186b82
001e2461
002aa258
001845ae
002dd4c0
001fc7e6
0015dab8
002d6d97
001ec28f
0015a043
001d7872
001c9c5f
00152108
001c12d3
001a8e41
001d0388
0018be09
00159cd3
0014909b
001b17cd
0017699b
00166e95
00187262
001686a7
0017bc22
0019d121
00157a70
001e08df
00152ec9
00168d88
00166444
0022decb
001d2ccc
00248930
00171033
00188023
002c3efc
001a3bba
00264157
001932f3
001b3a30
0015ae04
00161f7e
001c42f7
0018e74c
00291a56
0011e450
0018e3dc
001713a4
001ca340
0014a8ae
0012af31
0016c7fd
001826bc
0018e06c
001f3779
0014ea03
0028fed4
00163420
001cfca8
00172f26
0021cbb3
00154dbc
001611bd
001e84aa
0018d2ab
0019a46d
00197449
0029fd4a
00177acd
0011dd6f
0018acd7
00161f7e
001dbd38
00158f12
001a3f2a
0021792c
00158ba1
0016edd0
00227e83
0013cc9a
00150215
0017d7a5
002c5a7f
0014dfb2
001ac1d6
0019b22e
0019a46d
00168d88
0015e879
0024748e
0019d801
00187943
001bb96b
0018536f
001f1516
001a04b5
001236d7
001762ba
001697d9
0022477e
0015d067
001c0bf3
0017b1d1
001648c2
00137333
001ccc83
00177e3d
001b4111
001d4f2f
001a8e41
00163e71
00125259
00126a6b
0016189e
001b145d
0017c9e3
0013b488
001629cf
001e3903
00276230
001eaded
00165683
00174057
001f3779
001cfca8
00146758
0025275e
0018b728
0017d7a5
0015e509
00175189
0012c3d3
001940b4
0024446a
00171a84
00171033
0014dc42
0015e509
001c3536
00171df4
001932f3
001a8761
00264837
00204a91
0012f3f7
0017ec46
00205853
0014ac1e
0016b35b
001996ac
001d0a69
001d8d14
0011cfae
001ec970
001c49d8
001b8267
00191ae1
001b4ed2
001a2df9
001724d5
0012a170
0018121a
0017707c
001babaa
002d6d97
0019e252
00236f38
00142ce3
00249011
001b47f1
001e5486
00167fc7
002d3692
001ac8b6
001ebbaf
0017c9e3
001ded5d
001da897
00146758
00264157
00177e3d
001bb28b
0013bb69
00159963
001bf070
0019ab4d
0018ff5e
00158831
001ad307
0015512c
001a686e
0027bb98
0015bf36
001ac8b6
001380f4
0024b274
00196d68
001535aa
001b7ef6
002277a2
0015b855
00195fa7
0021ee16
00165683
00122235
001c49d8
001c0bf3
001cd364
0015b175
0017a0a0
001a2df9
001dcafa
001fac64
002c9864
00145626
001cfca8
00168a18
00243d8a
0023c1bf
001ed731
001d8d14
0016ff02
00170272
00196317
0018a5f7
001958c6
0015e879
001463e8
0020c65c
0016bdac
001dcafa
0019b90f
0014ea03
00193d44
001ca340
001969f8
001d93f5
001463e8
0024522b
002587a6
001c8e9e
00190d20
0015f2ca
00192f83
0015d067
00164c32
001ab0a4
00174738
00150c66
0016b35b
0020138d
0020a3f9
001611bd
00161c0e
0014c0c0
00193d44
001d33ac
0017e566
002eeeb8
001ddf9b
0014af8e
0016f141
0016dc9f
0018c4e9
0018dcfb
002935d9
001792df
001ac546
001762ba
001b0d7c
001be990
0016fb91
001c5799
001cb101
001c957f
0015ccf7
001c42f7
00182a2c
0014f7c4
00170953
001a0145
00188a74
001a429b
001a5e1d
00166b25
0011a66a
00142292
001d2ccc
00157a70
001a15e7
0015c987
001c80dd
0017a0a0
00219b8f
001826bc
001e84aa
001d4f2f
0014b2fe
00140a80
001ede12
00150215
0016ff02
0018e3dc
00147bfa
001fac64
00264157
0016b35b
0012ce24
0018d98b
0016e6f0
0016a22a
00175bda
0015c616
00157a70
001c0512
00288309
0013eb8d
00233833
001af8db
0021648a
00167fc7
0014f454
00190d20
00160adc
00249dd2
00194795
00158831
001dd8bb
001c87bd
00140a80
00193663
00155b7d
001a2df9
001a573c
0018491f
001dbd38
001d4f2f
001a2038
001ea70d
00128cce
0020c65c
00181fdb
001e84aa
001f22d8
0012c3d3
002cf1cc
00152108
001940b4
001697d9
0026fb07
002345f4
001d9ad5
00173296
0018cbca
0018fbee
001bb96b
0020dafe
0023d661
00165d64
0014d561
001d484e
0014dfb2
00189f16
001482da
0020e8bf
0021724b
001452b6
0019d121
00196317
00113180
001565ce
00151347
001837ed
00172845
0022d7ea
001630b0
001b5c93
0016cede
0017f697
0019ab4d
0021fbd7
0028ceb0
001caa20
001a3bba
0020b89b
0016f4b1
001d560f
001690f8
0016b35b
0018310c
00214fe8
001611bd
001f0755
00188704
001c42f7
0020282e
001697d9
0019eca3
001ceee6
0018491f
001d8634
00238aba
001b28ff
00239f5c
001ec28f
002194ae
0017d7a5
00167205
001678e6
00161c0e
001f7c3f
001996ac
001a0f06
001cf5c7
0017964f
0019eca3
00164552
001b74a5
001ef2b3
00199a1c
002655f8
001bb96b
001ac8b6
0016fb91
001a9c02
001fa583
001c80dd
00189ba6
0019bc7f
0013d00b
001babaa
0015bf36
001cbec2
0015fd1b
002270c1
00165d64
00119c19
0016fb91
0019d801
0013aa37
0018c179
0022fa4d
0015b855
001a505c
00182d9c
0013aa37
00236857
001d8d14
001667b5
002c2a5b
001921c1
0022409d
0016a90a
0019f013
001a72bf
001ea02c
002a1fad
00268cfd
00203cd0
0015c2a6
002aedff
001bb96b
00194424
00182a2c
00169eb9
00239f5c
001ce125
002ceaeb
0016b35b
0013d6eb
001d416e
001a5e1d
0019820a
00238aba
001d4f2f
001af1fa
0016189e
001ca340
00167576
001e2b42
001a8e41
001b7ef6
0016189e
001a9522
001c6c3b
0020e8bf
001686a7
0017efb7
002118e3
0020aada
0027d039
001678e6
00157a70
00165683
002cbac7
002aedff
001ad9e8
001d1f0b
00153ffb
001ae439
001ff12a
001724d5
00163e71
00177acd
001de67c
0013a6c7
00192f83
0021e055
001039eb
00186ef2
00167205
001dd1da
001c2e56
002232dc
00166b25
00124808
00170953
0016008c
00186811
0025cc6c
00138eb5
001629cf
001f52fc
00208877
00238aba
001b032b
00169eb9
0017c673
001cd364
001dd1da
00194795
001ec28f
001a0145
0013241c
001939d4
001aee8a
0016d5be
001d0a69
0015c2a6
001f29b8
0017a0a0
001b2c6f
0015436b
001a1cc7
001d7f53
001875d2
001bce0d
001f90e1
001a34d9
0012d194
00172f26
00153ffb
00136201
0016f4b1
00144f46
00174aa8
0019063f
001d33ac
00107eb1
0019a0fd
001fcec7
0026ed46
002935d9
0021800c
0016b6cb
0017fa08
001e4da5
00114992
0029e8a8
001f9ea2
001b3da1
0019e5c3
001cda45
0012c744
0016a22a
001af8db
0026df84
001c655a
001c87bd
00224e5e
001d0a69
001b74a5
001a23a8
0017c673
0015c987
00152108
00195c37
0015e879
0017d0c4
00151d98
0015391a
00159282
00150586
001e6927
001a8761
001fdc88
001e16a0
001c9c5f
002043b1
0015b4e5
0019bc7f
00232391
001c49d8
0020138d
001c2e56
001c87bd
00152ec9
001e01fe
001ebbaf
0023d661
0014f7c4
001b145d
0016076c
001ea70d
001970d8
00171714
001fac64
00191e51
001690f8
001e16a0
00191400
001f22d8
0015ef5a
001894c5
00243d8a
00109a33
0017e566
001a9f73
001e0fc0
001e2b42
002cf1cc
0017586a
001988ea
0018a286
0019c360
0017aaf1
001c50b9
001f0e36
002118e3
001a9c02
0018ee2d
00142602
00180459
00258e87
001e46c4
001f3099
00155eed
001fdc88
00166e95
0010f02a
001fe368
001660d4
0016152d
001a83f0
001b7ef6
001b66e4
001754f9
001e46c4
0014fb35
001d33ac
00165683
00152ec9
0017b542
0018423e
001d93f5
0017a410
001c79fc
0016a90a
001c80dd
0016c7fd
001e5b66
00146e38
001977b9
0019ca40
002315d0
0019eca3
0016c7fd
001b6a54
0015323a
0015f63b
002005cb
001e7dc9
00169b49
001ded5d
00159963
0021a26f
001fba25
001ba4ca
0015ef5a
0016fb91
0024e979
00158150
002232dc
0016d24e
0016afeb
001a5e1d
001482da
0018c85a
002a7ff5
0016ea60
00184fff
0016e37f
001c2e56
00205172
001b47f1
0011e450
0014d561
0019f6f4
001bf070
001a3f2a
0019fdd5
001fea49
001a0f06
001acc27
002776d2
00198c5b
00175189
001c2094
0012b982
0019d491
00178f6e
0019d491
001f1516
00210442
001b9708
0014ac1e
002822c1
0015dab8
00168d88
0016f821
0018491f
001c12d3
00197b29
0017c303
002be595
001e6247
002194ae
00172bb6
001bdbce
0017b542
00151a27
00145997
001508f6
00150fd7
001c2094
001daf77
001dfb1e
001629cf
0014dfb2
0025199d
001909af
0017d434
00174057
0019aebe
001f679e
00180b39
0017efb7
001a1957
001d5cf0
0015512c
0023b3fe
001792df
0018491f
001f52fc
00158f12
002345f4
0027d039
0015c2a6
00129a90
0019f6f4
00160adc
001ab785
001e5486
00164552
001c42f7
0018cf3a
0015d3d8
001a505c
00144865
0016ea60
001f3e5a
00279254
00118778
001a9892
00230eef
0019e252
0014b66f
0011c8cd
001eb4ce
001c50b9
001d63d1
0015d748
001bb96b
001705e2
0016f141
001a1276
001584c1
0025275e
0015c2a6
001928a2
001368e2
001970d8
0018234b
001e01fe
001705e2
0015ef5a
0017851d
00185dc0
001667b5
00180ea9
00221e3a
001db658
00185a50
0017b542
0015bbc6
0015e879
0013d00b
00188704
002aa258
00191400
001659f3
001951e6
001fac64
0013e4ac
00174738
001d5cf0
001aa9c4
0023dd41
0016ea60
001fba25
001d182a
0015f9ab
00135e91
0017ec46
00165683
001f8a01
0015c2a6
001584c1
0019a0fd
001ea02c
001ca340
00215da9
0019bfef
001d4f2f
001fa583
00162d3f
001f60bd
001c87bd
001dfb1e
00152108
001fa583
001629cf
0014dc42
001b9028
001350d0
00203cd0
0017851d
0017ae61
001a3bba
0019fdd5
001f59dc
002890ca
00151d98
001516b7
00194b05
001f9ea2
00193d44
001cda45
00138eb5
001ddf9b
001f0075
001b3da1
001ab785
001c0512
0015bf36
001ed731
001902cf
0018c179
001fea49
002270c1
0015391a
00172845
0015a043
001d1f0b
001e01fe
001a5aad
0016c48d
001d182a
00173977
002202b8
001e2461
00195fa7
0016cede
00136c52
001a460b
0022409d
0016bdac
0015ae04
001b66e4
00144f46
00121ec5
00183ece
00165d64
001affbb
001ed731
001921c1
001f3e5a
00167205
001792df
00130529
0017888e
001527e9
001781ad
001f755f
00178f6e
001cd364
0018d61b
0020aada
0016cb6d
0016b35b
002859c5
00187cb3
0012d875
00195c37
001a34d9
001fac64
00208877
00173977
001807c9
001b5923
0019b90f
00188de5
00185a50
001d3a8d
0015dab8
001cda45
001bc72d
001b221e
001acf97
0017b8b2
001b5242
001b9de9
001b6004
00165d64
001f4c1b
001e5486
0026df84
00176d0b
0017a410
0029f669
001af56a
0018cbca
00237618
0021e055
001ac546
001a8761
0020214e
001b9708
001b7135
001b5923
001e46c4
001b7ef6
0022ec8c
001bdbce
001ded5d
001c0bf3
00221e3a
0015391a
0017c673
001c0bf3
0021792c
0024b954
001b5923
001e2b42
0019fa64
0017662b
0019e933
0015e879
001c0512
0016b6cb
001b7b86
001babaa
002b69ca
001641e1
00159cd3
0015d748
0014b2fe
001bce0d
001e76e9
00163b01
0019aebe
001f29b8
0017d434
001b1b3e
001d9ad5
00169b49
0016cb6d
0016f4b1
001c3536
0013278c
001ad9e8
00167576
001b36c0
00197449
001e6927
001988ea
00212d85
001aa2e3
001b0a0c
0022477e
00140df0
00183b5d
001d93f5
00267f3c
00164fa2
0014fea5
00299621
001e0fc0
001f4c1b
00180b39
00166444
001d2ccc
001c2094
001a1957
0018a967
00160e4d
0016cede
0014977c
001fd5a7
001bf751
0019063f
001a9c02
00191771
001508f6
001b2c6f
002be595
001c8e9e
0017efb7
001dc419
0014d1f1
0022a0e6
00198fcb
0018b728
001a762f
0016c7fd
001988ea
0016edd0
00261ef4
00171033
0019e5c3
00172165
001781ad
0018536f
001d182a
001bb96b
0018347d
0015c616
001686a7
001bd4ee
001e1d81
0019d801
00184c8f
00172f26
00175bda
00257305
001387d4
00163790
0015a3b3
001713a4
0016076c
001565ce
0017a0a0
001e6927
0015d3d8
001622ef
0016a22a
001c731c
0015a043
00153ffb
0018c85a
001c42f7
0016d92e
001697d9
0018b728
001b28ff
001c655a
00218dce
00210b22
0017c673
00170cc3
0017d0c4
001f97c2
0013c5ba
001af8db
0023919b
001af8db
001d7192
001cd364
0013cc9a
00194424
001622ef
0020d41d
001d7192
001d1f0b
0016a90a
00122ff6
0023919b
00173296
001dd8bb
001535aa
00173977
00161c0e
002a8db7
001fe368
001f0e36
001aa2e3
00159282
0019bc7f
0015a3b3
0016152d
00186b82
001fea49
00249011
00231cb0
00172bb6
002239bd
001d7192
001e16a0
0018310c
001d1149
0013b7f9
001f755f
00194b05
00165d64
00170953
00286787
0011d31e
00194795
001b9de9
0021d974
001d416e
001c8e9e
001c79fc
001f0755
0012714c
001c2e56
001cda45
0013fcbf
0013da5c
001fd5a7
0019f6f4
0015fd1b
0017cd54
00169eb9
001ff80a
00171df4
0019063f
00206cf4
002ab01a
001cda45
00229324
00202f0f
0015ebea
0017a410
001fb344
001f0075
001b9de9
001320ab
001909af
0015a724
001f90e1
0022477e
00181c6b
0016f141
001b145d
00209638
00182a2c
00271d6a
001aeb19
00169eb9
00110bad
00191771
0019d801
0018d61b
0018158a
001b145d
0018cbca
001508f6
00236857
001d1f0b
0016d5be
0018ee2d
0017f697
00196687
00295f1c
001e3fe4
0015ef5a
00211203
001d484e
0018234b
001f6e7e
0016c48d
0018f19d
0016f4b1
0016e6f0
0016b6cb
00177acd
001274bc
001f9ea2
0019ab4d
001a8761
0018d2ab
00188704
001f29b8
0017775c
0028ac4d
0023c1bf
001f3e5a
0014909b
0012971f
001cd364
0015bbc6
001988ea
001ae7a9
001a0b96
001c5799
0013241c
002232dc
001e84aa
001cf5c7
0016ac7b
0018a286
001a91b2
0015580d
0017b8b2
00205f33
001bc72d
0019bfef
001c80dd
0017e1f6
0015391a
0015b175
001516b7
0019063f
001c79fc
001cfca8
002965fd
001e46c4
001a9c02
001c50b9
001e5486
0014940c
001a1cc7
0017bf93
001bc72d
0014bd4f
001a799f
001a0b96
001b4ed2
0023080f
001d6ab1
0015ef5a
001c3536
001b4481
001e3223
0017b8b2
001527e9
001f4c1b
00205f33
0021d974
0017a0a0
00188de5
001977b9
001584c1
00198c5b
001a0826
0016189e
001fea49
001988ea
001fa583
0019820a
001bf070
001f3e5a
001ff12a
001ae439
00182a2c
00214908
002550a2
0017662b
001e01fe
0013da5c
001aa2e3
002776d2
0019eca3
001b47f1
002126a5
001932f3
00249dd2
001a762f
0015f63b
00280e1f
0012df56
00190d20
0016c48d
001630b0
001c957f
0017fd78
0014e323
0016ff02
001add58
001f0755
00209638
00299d02
0017b1d1
0024b274
001a72bf
00222bfb
0018e74c
001622ef
0019820a
00291376
002d4453
00190d20
0021b711
001abaf5
001b28ff
00188de5
00171df4
0029b884
001c6c3b
001856e0
00182d9c
001e2461
001f8a01
0017f697
002c5a7f
001856e0
00109a33
0017c303
0014b66f
00218dce
001c49d8
00214227
0014b66f
00163790
001ae0c8
0027add6
0019063f
00219b8f
00174e19
0025b7cb
001659f3
0018d2ab
00116bf5
0013ddcc
00169b49
002f55e1
00108591
0017de85
001fb344
001c80dd
001b66e4
001e76e9
001bfe31
0014b2fe
00170953
0019db72
001e926b
00180459
0018536f
001ce806
00163b01
00160adc
0017efb7
001969f8
00189835
002550a2
0015a724
00208f57
002db93d
0014ea03
001bd4ee
0018be09
001c87bd
00175f4a
00163e71
0022477e
002579e5
00157700
001c87bd
0014ea03
00226300
0014f0e4
00196687
0014c430
001cd364
0016e00f
001aa653
001e5486
001a8e41
0021d294
00172845
001c957f
001bd4ee
00145997
00146758
001d560f
0020c65c
001508f6
0018c179
001a3f2a
00142972
00174aa8
00157700
001dbd38
00162d3f
001660d4
001754f9
001aee8a
0015e879
00174e19
001471a9
0011204f
00194424
001caa20
001482da
001724d5
0014ed74
001f3779
0016265f
0019aebe
00233152
001d7f53
001d7872
0013fcbf
0014d8d2
001800e8
00184fff
001c655a
0014bd4f
001e08df
001a618d
0020aada
001aee8a
001902cf
001d25eb
00171a84
0012d505
001a618d
0018536f
002cf1cc
001939d4
001a8e41
001622ef
00167fc7
0016d24e
0027add6
001f453b
001f8320
0029817f
00145d07
0020cd3d
002cb3e7
002d0d4e
0019820a
0019d121
001f3099
001d8634
001d7192
001a04b5
001cf5c7
0023eb02
0016dc9f
0024e298
0024c716
001b9708
00190d20
00174057
00144865
00160e4d
00212d85
001e84aa
00151347
00171a84
001d5cf0
001e3903
00173296
001aa653
0022decb
00151a27
002b8c2d
0028c7cf
0015738f
00163790
001856e0
001babaa
0015ccf7
001c79fc
001cbec2
00130899
001921c1
0016152d
00210442
001c3536
00194795
00183b5d
00176d0b
001792df
0018a286
0015ccf7
00241b27
001c957f
00170272
002ae71e
001894c5
001ce125
0017c303
002383d9
0016e00f
0018e3dc
0023f1e3
0016e00f
001c3c17
001d182a
001b7b86
00159cd3
0020b1ba
0018121a
0022fa4d
001aa9c4
00150c66
001b9028
00174738
00159282
0027546f
001ac1d6
0018b3b8
001babaa
00219b8f
00201a6d
001678e6
001996ac
0017586a
001d1f0b
0014a8ae
001e6247
00248250
001d6ab1
0014bd4f
001cb101
001c2775
001d25eb
002e72ee
001e3223
001db658
001ae439
0021b711
001d7872
0018d2ab
00227e83
002156c9
00206614
001387d4
001b4b62
0017699b
001ded5d
0015693e
0018cf3a
001a2a89
001e08df
001ad9e8
0015dab8
0019bfef
00175bda
00194b05
001380f4
001bd4ee
00164552
001d0a69
001ede12
00172165
00252e3f
0020aada
00149aec
0015b4e5
001b0d7c
001ea02c
00188704
002542e0
001d484e
00244b4b
00137a13
0014b9df
00195556
002428e8
0016bdac
00184fff
0017a780
00199d8c
00147f6a
0022a7c6
001d8d14
0018a5f7
0016d5be
001713a4
0016c7fd
00175bda
001e2461
0017662b
0019f013
00171a84
00149aec
0016f141
001837ed
001b66e4
001daf77
00175bda
001988ea
0017699b
0017e566
001c3c17
0013e4ac
001f52fc
001de67c
0019e5c3
00169468
00173ce7
001ae439
001bce0d
002ac4bb
001c87bd
0012b982
00151d98
00194424
0016e00f
0018ff5e
001ab415
0017a780
001d8d14
001d6ab1
00194424
001ba4ca
00122c86
001cfca8
001ca340
0019bfef
001a6f4f
001f60bd
0027c959
00166b25
00175bda
0015a724
002315d0
00145d07
0016f141
001acc27
0015693e
0014039f
001a23a8
0015c987
0014d8d2
001affbb
00297a9f
001bc04c
002abddb
00177acd
0018ee2d
001b17cd
0028d590
00210442
001acc27
001800e8
001c9c5f
001d3a8d
00153ffb
00181fdb
0015bf36
001c2094
001cda45
001e7008
00150fd7
0014ea03
00200cac
0018e3dc
001f755f
001a3bba
0020efa0
00164c32
0017851d
00166444
0023919b
001f6e7e
001de67c
001977b9
001a686e
0016fb91
001caa20
0011cfae
001e3fe4
00188704
0020c65c
00130c0a
00221e3a
0021a950
001724d5
001e6247
001ddf9b
00159282
001cc5a3
00162d3f
0018cf3a
00162d3f
0014b9df
00204a91
00164552
001da897
001527e9
001b8947
00188394
0014d1f1
00158f12
0018491f
001affbb
001cb7e2
00172f26
0015436b
001d0a69
001a72bf
001ce806
0018e06c
00207ab6
0014b2fe
0017fd78
001dbd38
0017b1d1
001b4111
001800e8
0017de85
001894c5
001837ed
001f60bd
00201a6d
001743c8
001e4da5
0016a90a
00186811
0019f013
00168a18
002b7e6c
00211fc4
001c87bd
001d2ccc
0019933b
0022decb
0024c716
001ad307
001a91b2
001958c6
001f29b8
001909af
00288309
00180459
001414d1
0015580d
001b66e4
001d5cf0
001dd8bb
001e46c4
001f0755
00193663
0020d41d
001d63d1
0014cb11
00167576
00163790
002d1b10
001dfb1e
001799bf
001969f8
00164fa2
001bdbce
00150215
00133c2e
0016cb6d
0021c4d2
00178f6e
002035f0
00158ba1
001e16a0
0017efb7
001516b7
00240685
0018a967
0026bd21
001da897
001792df
00164fa2
00241446
0026a19f
001e4da5
0017db15
001a64fe
0013d00b
001724d5
001ed050
0021b711
001cd364
00194b05
00191e51
00174e19
001a6f4f
00188704
00150586
001d33ac
001e6247
00167576
0022175a
0015f9ab
002bec75
002de281
00207ab6
00167205
001b9de9
001c50b9
001a460b
00175bda
0013aa37
00188a74
00171033
001a34d9
001667b5
001f755f
001b3da1
0020c65c
00124498
0014070f
0018e74c
0019c6d0
00169b49
00187cb3
00297a9f
0015323a
00141160
001a91b2
001e2461
00206cf4
001f7c3f
001e7dc9
001a8761
001a8e41
001471a9
001996ac
00197449
001f9ea2
00142602
00268cfd
001fba25
00191090
001dd8bb
0016b6cb
00195556
001a573c
0021a950
001c731c
001bfe31
00202f0f
001eaded
002625d4
0016c11c
001bc72d
0018234b
00208f57
0014909b
0017b1d1
0018a5f7
0021a26f
001958c6
00237618
0019d121
001c5799
001fac64
00172165
001ac546
0018be09
001f7c3f
00168337
0028ba0e
0016b6cb
001cc5a3
001f0e36
001b1eae
0020214e
0021f4f7
00137a13
00269abe
0019063f
0014f7c4
0017ae61
0018ee2d
00158f12
001a72bf
001a72bf
00213466
001ff80a
0022f36d
00124128
001f453b
0018d2ab
00188de5
001a7d10
001a1276
00161c0e
0014bd4f
00157de0
00196317
001b7b86
001535aa
002bd0f3
001c0512
001aad34
00299d02
001d7192
00186811
001aee8a
0014e323
0021ee16
00211203
00206cf4
002b1062
0011a66a
0016008c
001c19b4
001c12d3
0018d61b
001ca340
00260a52
001d7f53
001b6a54
0018b3b8
00134d5f
00186811
00168a18
00177e3d
0016ba3c
001c5799
001977b9
0016a59a
001a0b96
002776d2
0022fa4d
0018acd7
0018d61b
00199a1c
0028c7cf
00140a80
00245fed
00171df4
001f0755
002550a2
001e4da5
00210b22
001a2718
001e994c
001e08df
001abaf5
00261132
0018a5f7
001b1eae
0017fd78
001b7816
001fcec7
00211fc4
001e3903
00222bfb
0017aaf1
001ba4ca
001dcafa
001b032b
00122c86
001ddf9b
00271689
001ddf9b
00139fe6
0019c360
00152ec9
001bf070
001641e1
0022251b
00211fc4
00175bda
0016e00f
0014fea5
0021c4d2
0013eb8d
0016d92e
0017e8d6
00191090
001a8761
0017d7a5
001fc105
00142602
0019b22e
00159282
001ab415
00249dd2
001dc419
00150c66
0022d7ea
001ceee6
0015e509
00196d68
00174e19
00178bfe
0029d406
001b145d
001babaa
00202f0f
0014940c
001a64fe
0018ba98
0015b855
001e7008
001894c5
0023012e
00166444
001b4481
001595f2
001a3169
0015323a
001ddf9b
001c731c
002c9f45
001ad9e8
00116515
0021b031
001c12d3
0017e566
00205f33
001e7dc9
001482da
001902cf
0018536f
0020d41d
00173296
001818fa
00202f0f
001bf751
0017e8d6
0017d7a5
0020282e
002d9dbb
001cda45
0018536f
0018d2ab
0014ce81
001b17cd
0017de85
0018dcfb
0016ac7b
0015dab8
001996ac
0017a410
001697d9
00150c66
001fdc88
0028005e
00165683
0019d491
001dbd38
0018b048
0018e74c
001be990
001d4f2f
00173607
001a7d10
0019db72
00167205
001bce0d
0018be09
0015a043
001d0388
0016edd0
0016189e
0019063f
0014af8e
001781ad
001c8e9e
0014ed74
001acc27
0029bf65
00168337
00193d44
001ca340
0017c303
001894c5
0017c303
00186811
0016e37f
001d7f53
0022d10a
0018cf3a
0014d561
0018cf3a
00192c12
00220998
00209638
00171df4
0014ed74
00146077
00163e71
001df43d
0016ba3c
001a1957
0024e979
0015a724
001eaded
001e6247
001dbd38
00237618
001d2ccc
00259c48
0020138d
0015f9ab
001d4f2f
00209d19
00187cb3
00151347
0017b8b2
001f8a01
002194ae
00289e8b
0013b118
001b9708
0020e8bf
00174e19
001fb344
001b36c0
001a9c02
0017586a
001e2461
001c12d3
001cbec2
00233f13
001bce0d
001e2b42
001705e2
001d7192
0018eabd
0011f581
0016cede
0015f63b
00249011
001ac546
001b2fdf
0016b6cb
00172bb6
0016e37f
001e1d81
001bb28b
00180b39
0024c035
00167fc7
001bd4ee
001dc419
001bce0d
001a2a89
0016f821
00237618
001caa20
0020a3f9
0016c48d
0016e37f
0015e509
001c49d8
001b8947
001781ad
0016189e
001c5e7a
00191400
0015d3d8
0017f327
001f0e36
0021c4d2
001856e0
001ca340
001da1b6
001df43d
001a6bde
002852e5
00200cac
001f7c3f
001951e6
0020e8bf
0017e1f6
001a686e
00199d8c
001a15e7
00204a91
00256c24
00177e3d
001a8e41
0016f4b1
0019fa64
001bce0d
001c2775
0020f680
00197b29
0017de85
001c42f7
001b9028
001800e8
0016a90a
001e08df
001629cf
00155b7d
0018d98b
0016e00f
00157de0
0021a950
001cda45
0019063f
0027f29c
00194795
00165d64
0025275e
00147889
0017b1d1
0022bc68
001dd1da
001535aa
0017662b
0018ba98
00173607
0014f0e4
001cb101
0025fc91
001bb96b
0020e1df
001fba25
001f97c2
00191090
001ed731
0013b7f9
0021792c
002dab7c
001e46c4
00198fcb
0021800c
001909af
00170953
00196687
001e5b66
002b62e9
002118e3
00167576
0024fe1a
001ff12a
001b6dc5
001d182a
00222bfb
001bb96b
001d7192
001875d2
0021648a
0021b711
001dbd38
00172bb6
0014dc42
001bb28b
0024cdf6
00142292
001c2094
0015dab8
001713a4
0015a724
0029bf65
00224e5e
001705e2
001d7f53
0019820a
0017c9e3
001eebd3
0018b3b8
001e8b8a
00181fdb
001648c2
00179d30
001a5aad
001d1149
0021f4f7
0017a780
0017888e
001535aa
001a460b
0017699b
001db658
00172f26
001add58
0024590c
001b9de9
001e0fc0
001686a7
001a2df9
00189155
001a2718
001eb4ce
001a0145
00213466
001e2461
002073d5
0016189e
001cb101
001f3779
001c79fc
00193d44
00228c44
00209638
0020dafe
0019e5c3
00248250
001a762f
00233f13
001c0bf3
001ea02c
00201a6d
00272b2b
00180b39
001cc5a3
001ccc83
0017ec46
0025207d
001ab415
001d182a
001bc72d
002587a6
001b9de9
00239f5c
001c50b9
001ce125
001cbec2
00202f0f
0011f211
001996ac
0022409d
001b9de9
0018e06c
00205172
001bdbce
001a53cc
00184fff
00172165
001d0a69
00155eed
001678e6
001754f9
001be990
0028f7f3
001b6a54
0017cd54
001c79fc
0018536f
0017e8d6
00167205
001fea49
001a2718
0017c303
0015bf36
0018e06c
001cb7e2
001a9892
001f90e1
00209638
002277a2
001b3da1
0021800c
001b7135
00259c48
001f0075
00152ec9
0022ca29
00122916
001c2094
0017e1f6
00186811
0013b7f9
001d7192
0017fd78
001463e8
0018310c
0012abc1
001c6c3b
0014ac1e
00157de0
001ee4f2
0018347d
00163e71
001f8a01
00157700
00210442
001c2775
0020138d
001cf5c7
0016afeb
001f4c1b
0018310c
0019f384
0017851d
00175f4a
0016edd0
00147bfa
001b9de9
001c80dd
001bfe31
00173977
0015e879
001bb28b
00229a05
001b6a54
00194b05
0019857a
0020b89b
0018b3b8
001f9ea2
0018536f
0014f0e4
0032cd0f
00188704
00239f5c
001c49d8
001b55b3
00189ba6
001d3a8d
00136201
001b7b86
002353b5
001d63d1
001acf97
001d182a
0023f8c4
00188023
0021bdf2
0017707c
001781ad
0017c9e3
00171a84
002655f8
0017b8b2
00283082
002c381c
0016ff02
001b2c6f
00169468
002587a6
0021a950
0017d434
0015f9ab
001d93f5
001a23a8
001bdbce
00198fcb
00188de5
001a64fe
001bf070
0018d2ab
001d93f5
0021d294
0018423e
00158f12
0020e8bf
001a0f06
001df43d
00187cb3
00152478
001abaf5
00178f6e
002ae03e
001b8947
001f755f
002b02a1
0019cdb0
00123367
001f60bd
001b258e
00167c56
001807c9
0022175a
0017851d
001b9708
001b28ff
00188394
001b4ed2
00169b49
001babaa
00270fa9
001e3223
00159cd3
001ef2b3
001f0e36
0014940c
0014940c
001df43d
001e46c4
001ff80a
001bb96b
001ac1d6
001e84aa
0017851d
001bd4ee
00199a1c
001c2094
00192f83
001a23a8
0014940c
001b9de9
00224e5e
0019e252
001d0a69
001b8947
0029a3e2
001d8634
001c0512
001cd364
001a505c
001b258e
001ed050
00226300
00163420
001630b0
00163e71
0015e509
001afc4b
0018cbca
0019b59e
001b1eae
001b6374
0016d92e
001940b4
0016a59a
00143053
001ddf9b
002890ca
0014ea03
001b7b86
0018ff5e
001f97c2
00126ddc
00201a6d
00159cd3
001affbb
002a9b78
0018158a
00237618
0011b0bb
0016f141
00169eb9
001546db
00283082
0018ba98
001508f6
001b9708
00190d20
001ad307
0022553f
001c87bd
0016dc9f
0015b855
001d3a8d
0019f013
001b55b3
00209638
001c87bd
0015b4e5
001875d2
001648c2
001a762f
0027c278
001630b0
0017a780
0016c7fd
001f9ea2
00264f18
001bb28b
001697d9
001595f2
001e01fe
001fd5a7
00208f57
001e1d81
0017b542
001d560f
0015701f
00202f0f
001e6927
001b66e4
001928a2
0017d0c4
001cb101
001c5799
001d7192
00157a70
00188704
00196687
0024e979
0015d067
001a0f06
001826bc
0018e74c
0017a0a0
0022aea7
002466cd
0014a8ae
00197e9a
0022f36d
001db658
00159963
00210442
0019ca40
0016d24e
001f3099
00232a72
00211fc4
00175bda
001e08df
002e652c
002073d5
0020a3f9
0017e8d6
0025e7ef
0014c430
0017b1d1
00145626
00147889
001dd8bb
0024446a
0017c673
00234cd5
001d560f
0019e933
001dfb1e
0019d491
00294a7a
0012df56
001f1bf7
0015d067
001fcec7
001ad9e8
001ff80a
001b2fdf
0016dc9f
0022d10a
001ed050
0016d5be
001ab0a4
001e5486
001c2094
00255e63
00235a96
001ebbaf
001d8634
001b221e
0013b7f9
0014a8ae
001667b5
00181fdb
00173296
0018347d
001cc5a3
001921c1
0020f680
00260371
001e3223
0020cd3d
00170953
00214908
00168337
0017fd78
001b55b3
0016cb6d
001cda45
001c5e7a
0015b855
0019aebe
001dd1da
00218dce
001a429b
001e7008
001e5486
00174aa8
002a268e
00262cb5
002ba0cf
001bdbce
002a9b78
00141bb1
001660d4
0022409d
001ef994
001b8947
0018ba98
0022a0e6
001e2461
001a505c
00161f7e
0018cf3a
00137d83
001a0b96
0018a286
0018f50e
001ce806
0019820a
001fcec7
00225c20
001678e6
00164552
0016008c
001a2718
001a34d9
0014ce81
0018ee2d
001d8634
0020b1ba
0022ca29
00218dce
001ec28f
001977b9
00141160
0027244a
0022fa4d
00209d19
001f60bd
001e4da5
002126a5
001ce125
001bf751
0018d2ab
001b9de9
001b6374
00174e19
001aa2e3
001807c9
0015a3b3
00208877
0017775c
001df43d
0012601b
0028e351
00173ce7
0018e06c
00168a18
0025beab
001ab0a4
0015b175
001ceee6
002269e1
00150c66
00201a6d
0015625e
001bce0d
001845ae
001b4b62
001ba4ca
001c5799
001c3c17
001acf97
001a9f73
001660d4
0019fdd5
0018dcfb
0018e3dc
001e76e9
0023dd41
0019bfef
001ad678
00166444
001969f8
001f9ea2
00170cc3
001ef2b3
0014d8d2
00205172
00166e95
001b069c
00219b8f
001c80dd
001d3a8d
00129e00
0017fd78
001d3a8d
0017e566
001a3f2a
0029e8a8
0019eca3
001690f8
0016afeb
00194795
0017fd78
001a460b
0015738f
00214908
001781ad
001bc04c
001bdbce
001ed731
0021800c
001ffeeb
001f755f
001b4111
0016152d
00242fc8
0024fe1a
0017f697
001d0a69
00163420
00167fc7
001bc72d
001546db
001b2fdf
0021fbd7
001e994c
001c731c
00242fc8
001cf5c7
001b36c0
001b3da1
0014ed74
0016cb6d
0019b59e
001754f9
001921c1
0019c6d0
0014d8d2
002701e7
00183b5d
00174738
00168a18
00227e83
002a18cc
001ea02c
00228c44
001b9028
0015c2a6
0017662b
001678e6
0016152d
001a1276
001b66e4
00184c8f
0015f2ca
001bf751
001535aa
0018c4e9
0026af60
00170953
0018f19d
00182a2c
001b3da1
00175f4a
00219b8f
00187262
001cf5c7
0022ec8c
00214fe8
0023987b
00232391
00249011
001b9028
0015ccf7
001fdc88
0019a0fd
001f755f
0022e5ac
0018ba98
0021b711
00143734
0021648a
00172845
0015aa94
0017b542
0013d6eb
001d4f2f
0020f680
00193d44
0016a90a
00152108
00171714
0015d3d8
0017775c
001cc5a3
001d33ac
0019aebe
001ae439
002512bc
00164552
0011b42c
001ded5d
0017aaf1
0019d491
00118778
001bce0d
001bf070
001792df
001b8267
00138464
0021e735
0020e1df
002ad95d
001fac64
0027c959
0016d5be
001818fa
001629cf
00164fa2
001d8634
0012df56
001ba4ca
0019a7dd
0019c6d0
00205172
0013f26e
001f7c3f
0022e5ac
0018a967
002a4fd1
0015ae04
001afc4b
001fa583
001773ec
0018acd7
00169b49
00170cc3
001e5b66
00198fcb
0015b855
00234cd5
001d5cf0
001546db
00181c6b
00163790
001a3f2a
00171df4
001a3bba
00144185
00191ae1
00284524
001d33ac
001ae439
001a34d9
00174738
001c2775
0016bdac
001a3f2a
001c12d3
001e5b66
002ab6fa
0019b59e
002cc1a8
001d182a
001afc4b
001a0826
00141f22
00145997
0018ba98
001ceee6
001ed050
001c9c5f
00208877
0017f327
0017b8b2
0023ad1d
0018f50e
002549c1
001e5486
001c50b9
002c45dd
0015b175
00120d93
002852e5
0018310c
001db658
0020efa0
001bdbce
0019063f
001fcec7
0023987b
00164552
0025fc91
001d3a8d
0026fb07
001d484e
001603fc
00136fc2
001b8947
0017d434
0023f8c4
00233f13
00231cb0
001546db
00150586
0014f7c4
0019a46d
001caa20
0020a3f9
001894c5
001d8d14
0014af8e
00178f6e
00167c56
0024f73a
001a618d
002738ec
0018491f
002c15b9
00174aa8
001fe368
001ef994
001e994c
0018d2ab
0013eefd
001e1d81
0023cf80
00168337
001c79fc
0017662b
001babaa
001b2fdf
002cd64a
0018c85a
001c5e7a
001667b5
002890ca
0023987b
001aeb19
0017e8d6
0015de29
00230eef
001ffeeb
00166444
00240685
0024522b
001c2e56
001dd8bb
00175f4a
0019fa64
001142b2
001f0755
002005cb
00152478
0024c716
0022d7ea
00153c8a
00198c5b
001d5cf0
001a5e1d
001bdbce
002d8ffa
0022decb
00158150
001babaa
00236176
002acb9c
00166e95
001c49d8
001c0bf3
001f52fc
0015a724
0020e1df
001b2fdf
00295f1c
00159cd3
001471a9
00177e3d
001b4111
0020a3f9
00164fa2
0016c11c
002035f0
0022bc68
0019a0fd
001a0b96
001cd364
0017586a
001f97c2
00256543
00202f0f
001ff12a
001ccc83
00174e19
00218dce
001d33ac
00169468
0019f384
002156c9
001b2c6f
00159282
001bd4ee
0017a410
00205853
001622ef
001a34d9
002a2d6e
001a53cc
0014ce81
00233f13
00188704
001826bc
0019e252
0019b90f
00275b4f
00214908
00219b8f
001dbd38
001c80dd
001e3223
0018b048
00210b22
002156c9
001a0b96
0019fa64
001b069c
002df042
00148d2b
001aeb19
001a7d10
001c42f7
001939d4
00281be0
001ff80a
002270c1
00187943
001fb344
001db658
001b3a30
001d7192
001b8947
001a0f06
0015d748
001dfb1e
00164552
001de67c
001aad34
0018b048
0013d37b
0015b855
002c7ce2
001e0fc0
0012dbe5
001fdc88
0015b175
001d8d14
0018310c
002126a5
001de67c
00190d20
001a1957
0018e74c
001f453b
0016189e
001a53cc
001e16a0
00132e6d
0014c0c0
0022decb
001ac1d6
0018310c
0021fbd7
001678e6
00130529
001f52fc
0020d41d
001b9de9
001aa2e3
00195fa7
0023012e
001d182a
001c2e56
001f755f
001ef994
001f0755
001690f8
00166e95
001aa2e3
00203cd0
001d93f5
001686a7
002cff8d
0016076c
001fcec7
00150586
0028c0ee
00205853
001abe65
001a64fe
00188de5
001a72bf
0028073e
002315d0
001d63d1
00179d30
001690f8
001dd1da
00237618
001b145d
00212d85
0012af31
0014dc42
00130529
0012593a
00174057
00235a96
0017a780
001d3a8d
0016265f
001afc4b
0022e5ac
001f4c1b
001daf77
00161f7e
001958c6
00221e3a
0016fb91
002693de
00230eef
001dd8bb
002d5fd6
0016ac7b
0018a5f7
001b145d
001ea02c
001cd364
001ee4f2
001e08df
002269e1
0018c85a
001e08df
0020aada
0018a967
001724d5
0022decb
001b6a54
00137a13
00212d85
0019b22e
002186ed
001c0bf3
001a5aad
00214227
0018e3dc
001ceee6
00166e95
00165313
00178bfe
001df43d
001affbb
001c19b4
0028e351
001754f9
00203cd0
001cf5c7
001b1b3e
001d25eb
001ddf9b
001d484e
001b3a30
0016e37f
001357b0
001c2775
001fba25
001acf97
00237618
001697d9
001ebbaf
00205853
001ff80a
0017d0c4
002d8ffa
001c5e7a
00230eef
00172f26
001a799f
001affbb
001ebbaf
00208f57
001d416e
00219b8f
001fc105
0022175a
002a4210
00191ae1
001f8320
0019fa64
001b5c93
0023919b
00173977
00169b49
001e7dc9
001babaa
0012e2c6
001ffeeb
001ec970
001a3f2a
00247b6f
001c3536
0014b9df
001a497b
00236176
001abaf5
002bf356
00158f12
001d8634
001a4cec
0025e10e
001aa9c4
0016cb6d
001a0145
0015e199
0021800c
0021b031
00193663
0022175a
001ba4ca
001f0075
001921c1
0015ef5a
001928a2
002156c9
001fc7e6
00178bfe
001f0755
0014fb35
001622ef
0014b9df
0018234b
001a8e41
00163420
00180ea9
00167205
00211203
00168a18
0017964f
001e7dc9
00192c12
001c5799
0017a780
00204a91
00205853
001c50b9
00146ac8
002655f8
00177acd
001622ef
0015ef5a
001d2ccc
001e926b
00181c6b
001b7816
00194795
00195fa7
001a429b
0015f63b
0021e735
00171df4
001743c8
0015e509
00256c24
0020282e
001380f4
0021f4f7
0020fd61
00200cac
00269abe
001c731c
001e46c4
0022e5ac
0018be09
001d25eb
0019e5c3
0016076c
001dc419
00185a50
0018d61b
001c655a
00165313
00181fdb
0017a0a0
00174aa8
00240d65
001fe368
00168a18
001bdbce
001ff12a
0017c673
00188704
0018cbca
002c615f
00197b29
001659f3
00139fe6
00191e51
001a9c02
00157de0
0019fdd5
00263a76
00180ea9
001f755f
001d484e
001a8080
00177e3d
001bdbce
00238aba
0017c9e3
0019b22e
001da1b6
00205172
001cb7e2
001c49d8
002126a5
001cda45
001a2a89
00152108
0020a3f9
0018158a
001b5242
00139596
0017ec46
001508f6
00146077
001e1d81
00162d3f
0015d3d8
00177e3d
001a573c
002829a1
001da1b6
0015ccf7
001f8a01
001d182a
00150fd7
00163b01
0014c7a0
001f59dc
001e08df
0020bf7c
001d7872
0016d5be
00295f1c
001489bb
00180459
001fe368
0025199d
001a0145
0017bc22
001fa583
00126ddc
00197449
00168337
00141160
0018eabd
0017c9e3
0015fd1b
001d8d14
001c9c5f
001e3fe4
0017bc22
00155eed
00150fd7
0017a0a0
00274d8e
001d7872
002035f0
00184c8f
0017662b
0015701f
001ea70d
00173ce7
0016076c
001c3536
001fdc88
0012e9a7
001ff80a
0024d4d7
0016cede
0015ef5a
001cbec2
001c87bd
001856e0
001d9ad5
001b032b
001caa20
00283e43
0019b90f
00214fe8
001e926b
00158831
00159cd3
0026785b
0017ae61
001d9ad5
0017c303
00261132
00180ea9
00186ef2
001f9ea2
001c8e9e
00216b6b
0017775c
001d5cf0
002277a2
00166e95
0020efa0
0021b711
0021c4d2
00232391
001d8634
00195c37
0020aada
0024c035
001970d8
001e7dc9
0013d6eb
00177e3d
001d484e
001b36c0
001d5cf0
001ec28f
001e6927
001d0388
001508f6
00173977
00164c32
001e6247
001c12d3
0021e735
00142292
001f1bf7
001f90e1
00195556
001d560f
001b145d
001c19b4
001792df
0016f4b1
002b7e6c
00194e75
00194b05
00246dae
002512bc
00131d3b
0021c4d2
00163b01
00236f38
001acf97
001b28ff
001c8e9e
0019933b
002126a5
0015aa94
0022b587
00227e83
00194424
0019c6d0
00138464
001a15e7
00170953
00165d64
0016afeb
00213b46
00215da9
0015b175
001dd8bb
001b74a5
00175189
002a6473
0014dc42
0016ff02
00159282
001f6e7e
00203cd0
001f1516
001a91b2
0018be09
00206614
00141160
001be2af
001921c1
0029aac3
0016152d
0015ae04
00226300
00159cd3
00197449
0017fa08
00151a27
001e1d81
001ea02c
001762ba
001a34d9
00157700
001a497b
001e1d81
001f4c1b
001e3fe4
001ef2b3
00210442
001f3e5a
0021b031
001fc105
001dc419
001fdc88
001a9892
0021724b
001a2718
001eaded
0013c5ba
00232a72
0017707c
001de67c
001e3903
002436a9
001bf070
00162d3f
001a7d10
0018491f
001e3903
001cb7e2
0019f013
0018cf3a
001f679e
00202f0f
001921c1
001527e9
0026fb07
001a1cc7
0018cf3a
0017707c
001fea49
0018a286
001a8761
00174057
0013b118
00245fed
00187262
0026785b
001a4cec
00240d65
0017aaf1
00226300
001b17cd
001909af
001bfe31
001818fa
00249dd2
001b47f1
0026f426
001a4cec
0012c063
0020b1ba
00182d9c
001acc27
00171a84
001c957f
002239bd
0018e06c
00183b5d
001bd4ee
0016ff02
0015625e
001ab785
00222bfb
001b8267
001e01fe
0014fea5
001380f4
001c19b4
0016fb91
00164c32
001641e1
001a1276
0019a46d
001e2461
001f6e7e
00163420
00181c6b
002aa939
001f8a01
002a3b2f
001928a2
0024d4d7
00236857
0023cf80
0019d801
001ea02c
001ded5d
0023b3fe
001d6ab1
001c50b9
00170272
002186ed
00211fc4
001c12d3
0021d974
0018b3b8
00166444
00173ce7
001f52fc
00163790
00146077
001dd1da
001928a2
002512bc
002852e5
001d9ad5
00158f12
00289e8b
001ec28f
001da897
0016c7fd
00166444
001fac64
0023ad1d
0016a90a
0017e1f6
001ce125
001daf77
0015c616
001b28ff
001c957f
001bfe31
001705e2
0016fb91
00174e19
001a34d9
0022ca29
002c9f45
001b069c
0019820a
001713a4
0013fcbf
00276230
0020a3f9
002b1743
00187943
001da1b6
001a53cc
001a72bf
00174e19
001af56a
00260a52
0016ba3c
001af1fa
001a3f2a
001d33ac
00209638
0017b542
0021a26f
001921c1
001e5486
00195556
001b7816
002a042b
0018b728
001ff12a
0013bb69
002156c9
0017d0c4
00221e3a
001a505c
00197e9a
001584c1
001b66e4
001826bc
001b069c
001667b5
00194424
001b5242
001fea49
002a86d6
001b7b86
001e6247
001a0f06
0022477e
00209638
00182a2c
00157a70
0018e06c
001f3779
001a0b96
001a9f73
0021c4d2
0017586a
0021b711
001ffeeb
0029bf65
00171714
0015738f
00171a84
00218dce
00161c0e
00214fe8
001c2775
0014dc42
001f90e1
002b62e9
0017aaf1
0018536f
0016c48d
00178bfe
0017851d
0013a6c7
001fdc88
002bd7d3
00184fff
0018fbee
00155b7d
0015738f
00150215
0019d801
0018234b
0017662b
002d66b6
0018ee2d
001b6374
001781ad
001b6374
001f679e
002aedff
00191090
00261132
001762ba
001eb4ce
001a618d
0020e8bf
001f6e7e
001bb96b
0016e6f0
00159cd3
00236857
001a8080
00145997
00150fd7
0021fbd7
001abaf5
00186131
00180ea9
0015e199
0017b8b2
001d3a8d
00195fa7
00236857
001e7dc9
0022a0e6
001ea70d
001bf070
0015f2ca
001b55b3
001e5b66
001aee8a
00189155
001799bf
001e2b42
001800e8
00167c56
001e16a0
0014c7a0
001f3099
0024f059
00194795
001ea70d
001a8761
00151d98
001cfca8
001eb4ce
00173296
0022aea7
00164c32
002a11ec
002b2504
001c50b9
00172bb6
001d33ac
0023b3fe
0015b4e5
001e3fe4
0023c89f
0018a967
0017964f
0016a22a
001b9de9
001fb344
00173607
001c42f7
001b9de9
001f9ea2
001d63d1
00173ce7
001b7816
002a6b54
00172165
00241446
0014c430
00160adc
00177acd
00200cac
002073d5
00203cd0
001e5b66
00220998
00163420
00194795
0018e3dc
0018c4e9
0024c035
001e7dc9
001f0075
00161c0e
001a618d
001f90e1
001cfca8
0017d0c4
00221079
00231cb0
001b4b62
001319cb
00186b82
0021ee16
00194424
001ea02c
0017851d
001dd1da
0025da2e
001dcafa
001d8634
00287548
00151a27
001dcafa
00165d64
001d560f
001d4f2f
0018f87e
001a0b96
002005cb
0017fa08
0014bd4f
002550a2
0012827e
0016a22a
001c9c5f
00211203
001d7f53
001fa583
00188de5
00172845
001a23a8
001c731c
001f1516
00157de0
00279935
001bc04c
00183b5d
001864a1
0017c303
00218dce
001a505c
00179d30
0016d24e
002f7845
001c731c
00209d19
001f0755
001f1516
001f3099
001f1bf7
001f22d8
00159963
001e3fe4
00209638
0020a3f9
001d484e
001c2775
0019fa64
00171033
00234cd5
00164fa2
0017888e
0020214e
0014dfb2
001928a2
0014f7c4
001c2e56
001a384a
002b778b
001a23a8
0018b048
00209638
001660d4
0015dab8
0017e1f6
001aa2e3
00168a18
00208f57
0017efb7
001cb7e2
0022f36d
00249011
001a1276
00170cc3
0021f4f7
001caa20
0019bfef
00240d65
001b6a54
0019d801
001cb101
002a11ec
0016fb91
0015e509
00186ef2
002701e7
0016a59a
001f7c3f
001b17cd
0018cf3a
0021fbd7
00187cb3
0014940c
001b5c93
002c1c99
001b4111
001e0fc0
0017888e
0023987b
001f4c1b
001abaf5
001d2ccc
001e994c
001f52fc
001acf97
0020c65c
0028a56c
001b7816
001e926b
001fc105
001a1276
001fb344
001f90e1
0020282e
001ea02c
001a429b
0017cd54
001bfe31
00131d3b
001cb7e2
001921c1
00227e83
002194ae
001ce125
0021e735
0015b175
00193d44
001641e1
00255e63
00164c32
001f8a01
0026ed46
001d560f
0014909b
0018ff5e
001cfca8
0021e735
00169468
001d560f
001660d4
002232dc
00228c44
001fd5a7
00177e3d
00169eb9
002a344f
001969f8
001a64fe
0015fd1b
001e1d81
0020b1ba
00241b27
002239bd
001c42f7
0016ea60
001e8b8a
0017e1f6
001d560f
00200cac
0016c48d
0018a286
00170cc3
0018c179
001e3223
001b8267
0014ac1e
0016c11c
001489bb
00192c12
00232a72
0016ea60
001e1d81
00110bad
00218dce
0023cf80
001e3223
0023f8c4
0022bc68
001ce806
0019d801
0021b031
00172f26
001fea49
001e76e9
001da1b6
001dd8bb
0019a46d
001ef2b3
001f453b
0016dc9f
00191771
001b7135
001d484e
001b258e
001762ba
0017aaf1
001d9ad5
0021cbb3
0020dafe
0018f50e
001b1eae
0017a0a0
00187943
0018d98b
0019c360
0019bfef
002973be
0012638b
001aeb19
001e8b8a
001f97c2
00173296
00242fc8
001d416e
001667b5
00191090
0015d3d8
001c2e56
0025a329
00128cce
001bb28b
00276ff1
00175f4a
0019f6f4
001e5486
001546db
001754f9
001c50b9
00219b8f
00258e87
00236176
00189835
00142972
001d7f53
0026cae3
0019e252
0018c85a
0025cc6c
00181c6b
001d0388
001a8080
001c6c3b
0020c65c
00275b4f
001a23a8
001fcec7
0015d748
001a762f
002ae71e
00157de0
00233f13
0015ccf7
001792df
00240d65
0027320c
00178bfe
0017b542
0025c58c
00187943
0015a724
001e01fe
0028ac4d
0023c1bf
0022b587
001ab0a4
0017bf93
001b47f1
00241446
001b7b86
001b36c0
0019c6d0
001e5486
0029b1a3
001bc72d
00172845
001921c1
001e5486
0015a043
001f59dc
001713a4
002746ad
001ff80a
0024590c
0010ecba
001c0bf3
00190d20
0025d34d
001e2b42
001a04b5
0011b42c
0017db15
001713a4
00140df0
001f1516
0021b031
0018e74c
00144865
001a762f
001482da
001fd5a7
001e3fe4
0012af31
0015ebea
0016a90a
00138464
001c2775
0018b048
00180ea9
00189ba6
00210442
001603fc
001dd8bb
001e926b
0015d067
001d2ccc
001743c8
0017d434
001e926b
001da1b6
001c87bd
0016b6cb
001743c8
0016a59a
00119f8a
0012af31
0016b35b
001daf77
001c87bd
001bb28b
0019a7dd
00233152
001ad307
00178f6e
001e7008
00205853
0018b3b8
0020e1df
00248930
002a6b54
001bf751
00195fa7
0014cb11
002b62e9
00197e9a
001e5486
002df042
0020f680
001d63d1
0013241c
001845ae
002239bd
0027a6f6
00198fcb
00235a96
0015d3d8
001837ed
00186811
00162d3f
001bf751
001c5e7a
00165313
0013d00b
0024e298
001e01fe
001c2e56
00129a90
0019a7dd
0016dc9f
001de67c
0017707c
00233833
0017888e
0020b1ba
00244b4b
001c731c
00170953
0014fea5
0018536f
0012fe48
001cda45
001b17cd
002b99ee
0016e6f0
0022bc68
001aa9c4
001b3350
0015391a
0018423e
001a0826
0025e10e
0014b66f
001826bc
001cfca8
0019eca3
001e7dc9
0021f4f7
00168d88
001c2094
001c655a
001b221e
0015b175
001cbec2
0017707c
001864a1
001641e1
001807c9
001e1d81
0016d92e
0014940c
00214908
001c655a
001c42f7
002ae03e
0020c65c
001e2b42
001f97c2
001894c5
001ac1d6
0028c0ee
0016c11c
001e76e9
001d33ac
001c0512
001abe65
002550a2
001754f9
0019b22e
001611bd
001dcafa
001be2af
002383d9
0015b855
0027ddfb
0015580d
0019857a
001603fc
001bc04c
0018423e
001516b7
00189155
001dbd38
0025a329
0021d974
001ac8b6
00253c00
00241b27
0016cede
001aeb19
001e3fe4
00140a80
0015738f
001eb4ce
0016ba3c
0016189e
0016dc9f
001e08df
001be990
001b4b62
001cb7e2
002035f0
00197b29
001c12d3
001aa653
0014a1cd
0016c11c
001d1f0b
001cb7e2
001dd1da
00151a27
001b4481
0017d434
001f97c2
001a618d
00145626
0018423e
0017d0c4
002239bd
001b9de9
001a4cec
001c0512
0019f384
0016076c
00160adc
002035f0
0018491f
001648c2
0014864b
001c80dd
001ec28f
0015d3d8
00178bfe
0017d434
0020c65c
001b5923
001807c9
00188a74
00170953
001f52fc
001d0388
0019f6f4
0025a329
00173607
001c6c3b
0020214e
001dd8bb
0017de85
0016152d
0018e06c
001a505c
00213466
0018310c
002587a6
001b032b
001c12d3
001ed050
001da1b6
0015dab8
00194424
001dbd38
0023b3fe
00205172
0017f327
001e2b42
00219b8f
0025cc6c
00185a50
00172bb6
002043b1
001f52fc
001b258e
0017f327
001da1b6
0024b954
00261813
001d0a69
001f59dc
0014ea03
0016ac7b
001a7d10
0018158a
002156c9
00194e75
001d2ccc
001c3536
001546db
001724d5
00211fc4
00186811
00182d9c
0024e298
002202b8
00190d20
002073d5
0021d974
001c19b4
00169eb9
001c731c
001b36c0
0016f141
0016f4b1
001f6e7e
001e3fe4
00241b27
001b9de9
0015738f
002ab01a
001a686e
0017de85
001be2af
00172f26
001aa9c4
001a9f73
0029bf65
001cda45
00191400
002b8c2d
001ab785
001928a2
0016c7fd
001f59dc
00202f0f
001b3a30
00149aec
00151d98
0020138d
00259c48
00185dc0
001e01fe
0016e00f
0018c85a
0024446a
001d9ad5
0017e8d6
0019ca40
0015f63b
00184c8f
001fc105
0014dfb2
002b4767
001f29b8
001de67c
001ab0a4
0015b855
001d8d14
00154dbc
001d93f5
00179d30
0022251b
001f679e
002269e1
001d7192
00292137
001902cf
001603fc
0019db72
00241446
00163b01
00168a18
001f8a01
00147519
001af8db
00259568
0018e06c
001b4481
0017aaf1
001c5799
001ba4ca
00178bfe
00225c20
00236f38
001c5e7a
0021d294
00181c6b
001a0826
0028ba0e
0015dab8
002005cb
0016d92e
001ffeeb
00266a9a
0018c4e9
00174738
001301b9
00138eb5
001cda45
001e84aa
001e2461
001bb96b
0015625e
00286e67
0027f97d
001a1957
001fc105
002269e1
001ffeeb
002186ed
0021648a
001d484e
0015e199
001d25eb
00171df4
0025351f
001dcafa
00227e83
001f3779
0015ef5a
001bb96b
0016e37f
001d560f
002df723
001d4f2f
002a042b
0027a015
00235a96
00198fcb
00173977
00120a23
001a5e1d
001a23a8
0023b3fe
001d63d1
001aa653
00219b8f
001dfb1e
001f22d8
001773ec
0024b954
001fdc88
00181c6b
00205172
00158831
001c731c
0015391a
00199a1c
00199a1c
002126a5
00229324
00197449
00234cd5
001ab785
001e46c4
00185dc0
001e3903
0016fb91
001fc105
0027a015
00292ef8
001dc419
001e76e9
001a686e
00181c6b
0013ada8
0020efa0
001781ad
00200cac
00143053
001a505c
00186ef2
00215da9
00145626
0016edd0
001338bd
00284524
002a8db7
002043b1
001e3903
001d416e
0027a015
001ce125
00141160
00202f0f
0025207d
001864a1
0020efa0
00283e43
001c731c
0024a4b3
00205f33
001ef994
0019f384
001ea70d
00188023
001d7872
001fea49
00159963
001df43d
0018ba98
00160adc
001b145d
001969f8
0013a357
0019eca3
001ab785
0014ea03
001b47f1
0029ef89
0017f697
001cb7e2
001c3c17
00210b22
0017707c
00186b82
001ffeeb
00167c56
0014ed74
001d2ccc
00162d3f
0025b0ea
0023bade
001ceee6
002a48f1
001d7872
0018a967
001eaded
0024b954
001e6247
001ac546
0019db72
001fe368
001aa9c4
001acf97
00180b39
001d5cf0
001773ec
0018d98b
001d560f
001818fa
0017e566
001d33ac
001762ba
0016d24e
001dcafa
001f29b8
001489bb
00218dce
001ef994
001eb4ce
001a1cc7
00146758
001f453b
00191771
0026ed46
00262cb5
00225c20
0019857a
00201a6d
001c8e9e
002738ec
00244b4b
001c0bf3
001ef994
00215da9
001afc4b
001508f6
002776d2
001fc105
001c9c5f
0027a6f6
0015f63b
0018d2ab
0020dafe
001705e2
00214fe8
002ab01a
001c80dd
001e6247
00179d30
0017b8b2
002fe64e
00164fa2
001cc5a3
001d0a69
0019e933
0015625e
001b9de9
001a384a
00168337
002186ed
0015a724
00164fa2
0016a59a
001ee4f2
001bc04c
00180459
00158831
0018423e
001b258e
001b4111
001e5486
0016dc9f
00277db2
0014d561
0017efb7
00186b82
0020aada
0023c89f
00144865
001bd4ee
00181fdb
001dfb1e
0027244a
0017cd54
0017ae61
001c655a
00194795
00136571
001babaa
001e994c
001ffeeb
0023919b
0017ae61
0015a043
0018a967
001aad34
00191090
001c42f7
001c2094
00208196
001754f9
001c50b9
001d1f0b
00233152
001e0fc0
001add58
00205853
002156c9
0018e06c
0017c9e3
001f1516
002a9497
0019bfef
0019d121
001fea49
00163790
0017d7a5
001ba4ca
00175bda
00196317
001d63d1
001b5923
0015436b
001fc7e6
00172f26
001dcafa
00206cf4
001a23a8
0024a4b3
00173ce7
001f755f
00159963
00141bb1
0015bbc6
002746ad
002496f1
00248250
00173296
001bc72d
0018536f
001cbec2
0027e4db
001b74a5
0023987b
002156c9
001b4111
001629cf
0028ea32
0022d10a
00249dd2
0020e1df
0017586a
001f453b
00163790
0013b488
001b7b86
00237cf9
0020fd61
0028f113
001a5e1d
00139c76
0017851d
001f59dc
0018e3dc
001ac1d6
001773ec
00215da9
002a0b0b
00244b4b
0020a3f9
00283082
0017a780
001ca340
00214227
00218dce
0018d61b
002315d0
001743c8
00218dce
0017d434
00283e43
0014d561
001a6bde
002c6f21
001a497b
00230eef
0022aea7
001ef2b3
00177acd
0021d974
001b5923
001d8d14
00161c0e
001928a2
00167205
001e46c4
00179d30
00198fcb
0023c1bf
001f0075
0021ee16
001f679e
00228c44
002277a2
001fc105
00172845
00273fcd
001c655a
001e16a0
0024590c
0022553f
001acf97
001fdc88
0017707c
0016e6f0
0015ebea
0022a7c6
0017cd54
0014cb11
00255782
001f3779
0018347d
00159282
001826bc
001648c2
0021724b
0021b031
0028c7cf
0015ef5a
002156c9
002bfa36
001fba25
0018234b
001e994c
001ed731
001eb4ce
00220998
0017f327
00144bd5
002156c9
0016b6cb
00160adc
00240685
00174aa8
001ffeeb
00205172
00166444
0028a56c
001535aa
0025cc6c
0017e566
0017fa08
001fc105
001b28ff
00143e14
0022fa4d
001d484e
002239bd
001e994c
00225c20
001f755f
0013e4ac
0015c987
001e01fe
002353b5
001abaf5
0024a4b3
00168337
001c42f7
0018d2ab
001e3903
0019bfef
001951e6
00240d65
0015f63b
001d63d1
001660d4
0017c303
001ce806
00212d85
001c731c
00183ece
00232391
0016cede
0017a410
001800e8
002126a5
001f0755
0021e055
001cbec2
0022a7c6
00175189
001e7008
001ac8b6
00216b6b
0016f141
002b930d
0029f669
00172f26
001b5c93
001a6f4f
0014940c
001762ba
001f90e1
00230eef
0016ff02
00146077
00208f57
001f3779
001b9708
0022ec8c
001b10ed
00169468
0019cdb0
001660d4
001cd364
001b7816
00229324
002005cb
00169468
001fd5a7
0018cbca
001f8a01
0015323a
001630b0
001e0fc0
001659f3
0015ef5a
001bce0d
001bf751
0026af60
001e84aa
0014af8e
0017efb7
00205853
001659f3
001584c1
002269e1
001affbb
001ef2b3
00172f26
0014b66f
00161c0e
001f3779
00171714
001f0755
00167576
00207ab6
0017db15
001ee4f2
0019bc7f
001e6927
001fea49
0023eb02
002905b4
002ab6fa
00182a2c
0017888e
00158f12
001ad9e8
0018423e
00136fc2
00173ce7
0018a5f7
0019eca3
001e46c4
00284c04
00171033
0018e3dc
00224e5e
002ce40b
00203cd0
001cc5a3
001f0e36
001357b0
001713a4
0016008c
0017b8b2
00142972
001c80dd
001939d4
00257305
001e6927
0018a967
001463e8
001a34d9
001fc7e6
0018e06c
001acc27
001e6247
0018d98b
001f22d8
0017662b
001da1b6
0016a90a
0019bfef
0017f697
001c9c5f
00188a74
001be990
001bb96b
0028a56c
0016a59a
0018a5f7
0018d98b
00184c8f
001af1fa
001d0388
00163790
00163e71
0018536f
001d0388
00169eb9
002232dc
001c12d3
001cf5c7
001acf97
0018536f
001724d5
00208196
0020b1ba
00149e5d
0016008c
0025a329
0017964f
00169468
001af1fa
001e01fe
0016d5be
001ce806
0013b488
00185a50
00160e4d
001ded5d
001db658
0017db15
00208877
001f8a01
00159cd3
0016a59a
001d5cf0
001ede12
001ac1d6
0017888e
0015a043
001ec28f
0017707c
001d63d1
001b9028
002270c1
0013278c
0019063f
002194ae
001d484e
0025275e
0016d24e
001ec28f
0019c6d0
00221e3a
0015de29
00295f1c
0021fbd7
001b4ed2
0022d10a
001ea70d
0024b954
0015e199
001f3e5a
001c79fc
001b8267
001996ac
001f3099
0020e8bf
00207ab6
00184fff
00152478
0019f6f4
001c2094
001fb344
001e08df
001b7816
001f59dc
00205f33
001daf77
00205172
001ccc83
00228c44
00273fcd
002118e3
002073d5
001a8e41
00209d19
001800e8
001b17cd
001b47f1
00183ece
0019a7dd
0021724b
00242207
0016ff02
00205853
00228563
0016265f
0019857a
001a573c
001bdbce
001ded5d
0017ec46
002073d5
0015b4e5
001b032b
001a1276
001babaa
0022409d
001b4111
0017e1f6
00149aec
0017662b
00200cac
001ed050
001ede12
001b4481
00185a50
002c6840
001f9ea2
001c6c3b
0022d7ea
001ce125
001ba4ca
001cd364
0018d98b
001d7872
0020f680
00213b46
0016e37f
001b9028
00167576
0022c349
0015aa94
0026e665
001da897
0018e06c
001cbec2
001c50b9
0025207d
001af56a
0018d98b
00203cd0
001928a2
001e2461
00177acd
001611bd
001a2718
00176d0b
0020e1df
00153ffb
00298860
001fba25
00205172
001d7f53
001eaded
0016a90a
001b7816
0017662b
00174738
00183b5d
0024e979
001cd364
0025d34d
002549c1
001996ac
00227e83
0021792c
001ce806
00170cc3
00199a1c
00261ef4
001c5e7a
001fea49
001c0bf3
002496f1
00206cf4
0017fd78
00206cf4
001b4111
00236857
00205f33
00167576
0016f4b1
00204a91
001cbec2
0017ae61
00162d3f
001aa9c4
0023eb02
001fdc88
00186811
00186ef2
0021b711
0022409d
001686a7
001ede12
001fb344
001d93f5
00164fa2
001d1f0b
001c0bf3
0018f50e
00239f5c
001cb101
0022477e
00189155
00296cdd
002e3be9
0014ea03
0018d61b
002269e1
001eb4ce
001f1bf7
0020aada
001ea70d
001641e1
0018f19d
0022b587
0029c645
001b032b
0022d10a
001940b4
001b9de9
001e3903
0016265f
0018e3dc
00195c37
001dd8bb
001799bf
001bfe31
001a3169
00209638
001d9ad5
0015fd1b
00199a1c
0025351f
001e3fe4
001c2094
0019933b
00169eb9
0015f9ab
00188023
0019ca40
0025e10e
0018a967
0017699b
0017a410
0021c4d2
0014909b
001c5e7a
0019c360
0020214e
001e6247
001ffeeb
00218dce
00168d88
00239f5c
00187943
00240685
001864a1
00206cf4
0017ae61
0024dbb7
0022fa4d
0026ed46
00264157
002ce40b
00203cd0
001cf5c7
001a34d9
001b47f1
001e01fe
002436a9
001ebbaf
0015ccf7
001743c8
0016d92e
0024590c
001c0512
0013eefd
00189835
001ae7a9
00233f13
0017c9e3
00165d64
001ded5d
0013f94e
0018536f
0014ea03
00143aa4
002202b8
001ede12
001c9c5f
001667b5
001da897
0010f70b
0021792c
001807c9
00151a27
001be990
0018f50e
001546db
0024c035
001b0a0c
001996ac
00231cb0
001d1149
001aa653
002a86d6
002b4e47
00209638
001fc105
002035f0
001a15e7
001db658
0029f669
00198c5b
001f1bf7
0019f013
001fd5a7
0020f680
001d9ad5
00187cb3
00143aa4
001e994c
0027bb98
001f52fc
0021e055
0015f63b
0017ec46
001988ea
0019f6f4
0021a26f
0020214e
0018cf3a
001e3903
001fe368
001f755f
001cf5c7
0017fa08
003159af
00205853
00236176
001b258e
001a0826
001db658
001a0b96
001dcafa
00179d30
00255782
00172845
001d7192
0020f680
002776d2
00173607
001acc27
0015d748
001ac8b6
002580c6
001e08df
001b7b86
00158831
00237618
001e5b66
0027a015
001aa9c4
00173ce7
002428e8
0021a26f
0018eabd
0019857a
0022a0e6
001e6247
001909af
0019dee2
00187943
00256c24
001c49d8
00179d30
001e4da5
001a573c
0017e1f6
002701e7
001bc72d
00215da9
001b47f1
00172165
002035f0
0023ffa4
001988ea
001807c9
0021a950
001ec28f
0026e665
0026a880
00221e3a
00174aa8
001fc105
002a18cc
0028dc71
001f22d8
002b778b
001bd4ee
0025da2e
0017699b
00167fc7
0019e252
001ebbaf
00271d6a
001686a7
001cda45
00214908
001d5cf0
0014a53d
00177acd
00191771
0015a043
0021e735
001e08df
0014002f
00163b01
001f679e
002345f4
0022bc68
001c12d3
001b8267
001fe368
001f8a01
001319cb
001660d4
0022fa4d
00171033
00165683
00164c32
001e08df
001e46c4
00165313
001ea02c
0019c6d0
00172bb6
00256543
00244b4b
002549c1
00172bb6
001f59dc
0020138d
00171a84
001bdbce
0018c85a
0019bc7f
001799bf
001ffeeb
00279254
001d4f2f
001bdbce
00213b46
001773ec
001ab785
0017b1d1
0018347d
002043b1
00279254
00186811
0018b3b8
0017586a
00258e87
001a04b5
00166e95
001cb7e2
00281be0
001f90e1
001b17cd
0016d92e
001f7c3f
00190d20
001ac546
001f453b
0019e5c3
0021c4d2
00165d64
0021800c
001e3903
00249dd2
00227e83
00228563
00188394
00171df4
001d93f5
001aa2e3
001584c1
001bf070
0020b89b
0018491f
0013278c
001fc7e6
002f5cc2
001bdbce
0015e509
001c42f7
00208877
001909af
001970d8
001a9f73
00130529
001d5cf0
002194ae
0017f327
001fa583
001ec970
0017586a
001546db
001ede12
001b2c6f
001a2a89
001713a4
001add58
00221079
001eebd3
001d2ccc
0017e566
001c8e9e
0016189e
0018a967
00179d30
001ae0c8
001cd364
0022b587
001d484e
0022c349
00121104
001cda45
001dd8bb
001ea02c
00162d3f
002504fb
0027f97d
0020c65c
001c9c5f
0017cd54
001d8634
00175bda
001be990
001b7816
00186811
001d0a69
0018acd7
00238aba
001fb344
001a1276
002655f8
0021e055
001a4cec
001b258e
001dd8bb
0021f4f7
001eaded
00163e71
0022175a
001e7dc9
00240d65
001f97c2
001b3da1
001d25eb
001b6374
001ce806
0015c616
001d8634
0017851d
0021d294
00225c20
0023f1e3
001da1b6
001d7872
001fe368
001fb344
00278b73
00240685
0024e298
0018ff5e
001b47f1
001d484e
00187262
00205f33
00264157
001f0075
001ee4f2
001aa2e3
002466cd
001630b0
001a4cec
0020dafe
0026d1c3
002073d5
0016152d
001932f3
001be990
00186811
001c87bd
00211203
0015701f
0020efa0
00174e19
0022ec8c
001bb28b
001a505c
00214fe8
0019e252
00275b4f
00232391
001bc04c
0015b855
0017bf93
001ef2b3
0023c1bf
001e0fc0
00208877
00171714
001eaded
001a83f0
001928a2
0018b728
0021f4f7
001e5486
001686a7
0014b2fe
0018a286
002466cd
0022175a
0023919b
00220998
00236f38
001667b5
001b9708
0014a53d
0016b35b
00265cd9
0021792c
0019e252
0015fd1b
0014b9df
001ce125
00284c04
00184c8f
00195556
0024fe1a
001667b5
00207ab6
0017bc22
001f0e36
0015aa94
00293cb9
00211203
00221e3a
00180459
001aa653
001f0e36
001caa20
001667b5
001b7b86
00164fa2
001ae439
001bce0d
0021ee16
00163420
001546db
001ec970
0032059e
00142292
0017d434
001c2e56
001e5b66
0022f36d
00264837
001a762f
00129e00
00191090
001a0145
001b258e
001acf97
001d2ccc
001e46c4
001af1fa
001dd1da
0020dafe
0017ae61
00188de5
001d4f2f
001f3779
001dc419
0021ee16
001969f8
00159cd3
001fe368
001daf77
001ce125
001abe65
00230eef
001d3a8d
001db658
001b221e
00193663
0018b3b8
001c5e7a
001f1516
001bdbce
0021ee16
001678e6
0015ef5a
00170272
001f3099
00159282
001845ae
001a6f4f
0024a4b3
001988ea
0021792c
001667b5
0013e13c
0015580d
001aee8a
00163b01
0025e7ef
001dd8bb
001f29b8
001f59dc
0018fbee
00215da9
00188de5
0021fbd7
0025b7cb
0017efb7
00291a56
00172f26
001ef994
00236176
001ec28f
0017aaf1
001b5c93
0022f36d
001ff12a
00241446
0016076c
001bfe31
0014af8e
0028f113
002035f0
001ea70d
0018f50e
0017b542
0018f87e
00222bfb
00201a6d
0025c58c
00192c12
00169eb9
0013cc9a
00170cc3
00259568
00278493
0023b3fe
00158ba1
001ed731
00235a96
001bb28b
0020e8bf
0017fd78
0018a286
001af8db
001aa9c4
001d8634
0011eea1
001c655a
00233f13
0013d6eb
00206614
001940b4
0020d41d
0017b542
00221e3a
001a23a8
00166444
001ff80a
002156c9
001546db
001ea70d
001a384a
0024f059
0017d0c4
00263395
001cbec2
00171a84
001fb344
001a686e
001a618d
001266fb
0022f36d
002118e3
001ef994
00170953
001c6c3b
0016076c
0021724b
0027320c
0016e00f
00163790
001807c9
00215da9
001caa20
00174aa8
001bd4ee
001c80dd
001bc72d
001773ec
001d63d1
001d93f5
0015ae04
001ca340
00191090
0025199d
001f60bd
001c87bd
0015de29
00258e87
001c655a
0016a22a
00172bb6
001b8947
001a505c
001ef2b3
001f3e5a
001dd8bb
001af1fa
0025cc6c
001e2b42
001ca340
0018ff5e
001affbb
001b0d7c
00162d3f
001fac64
0014cb11
0022d7ea
001db658
001172d6
001db658
0015fd1b
001babaa
001ea02c
00157a70
0019ca40
001a0f06
001527e9
00258e87
001ddf9b
0027244a
001b0a0c
001a460b
0014940c
002b778b
001ea02c
001fa583
001ccc83
001ed731
0014b66f
001b6374
0014f0e4
0017fd78
00171714
001ac546
00169468
002ab6fa
00191090
00168a18
0017e1f6
001e46c4
001f29b8
00171a84
0025cc6c
0024e979
001c19b4
001a3bba
001940b4
00195556
001b8947
0020b89b
001c50b9
0022bc68
001d1149
002118e3
00183b5d
0028f113
001c2094
0015f63b
0024748e
0017851d
00261ef4
001c42f7
00180ea9
001d8634
00196687
0016152d
00192532
0016ba3c
001ac546
0021cbb3
001ba4ca
0022decb
001527e9
001f679e
0016a22a
001cda45
002625d4
0018eabd
001ffeeb
001bce0d
001a0826
00177acd
001ae0c8
001cda45
0017888e
001e8b8a
00214fe8
0023f1e3
001a34d9
00288309
001babaa
00255782
001ff80a
0023b3fe
001df43d
00201a6d
00235a96
001dbd38
0019e933
002194ae
00258e87
0017b1d1
00186ef2
001babaa
0015f9ab
00264f18
00244b4b
002c9f45
001c5799
0015e199
00242207
002353b5
00236176
001de67c
001595f2
001ac8b6
0026785b
001c731c
0020138d
001255ca
002655f8
0019ca40
001c957f
00235a96
001bf751
00233f13
0019dee2
001c0bf3
0019063f
001d6ab1
001c2094
00261813
001affbb
001f4c1b
0017707c
00220998
001ffeeb
0015d067
00216b6b
00181fdb
0021cbb3
001e2461
001cb7e2
00268cfd
0024f059
00207ab6
0023919b
001ac1d6
0023f8c4
001c8e9e
00140a80
0022175a
00271d6a
0013a357
001d560f
001bd4ee
0025c58c
001e08df
001b9de9
00189835
0024522b
00216b6b
001f1516
001afc4b
001546db
001a3bba
001705e2
00157700
00163b01
0024446a
00173ce7
001e01fe
001f4c1b
00247b6f
0019aebe
001b28ff
0015512c
001f8320
0018dcfb
0028a56c
001864a1
001dfb1e
00264157
00208196
002126a5
00250bdc
001fe368
001ad9e8
001970d8
001da897
00240685
0022477e
00161c0e
0016bdac
00158f12
001bce0d
001cd364
001e76e9
001678e6
001cc5a3
001a8080
0027320c
0015c2a6
001c19b4
0029515b
00199d8c
001c2e56
0020e8bf
00212d85
0015701f
00235a96
001b9708
0023b3fe
00175bda
0017e1f6
001f22d8
0027d039
00205853
0023eb02
0017e8d6
001e3223
001f60bd
0013d00b
001eb4ce
0018e3dc
00300f92
00203cd0
001516b7
00264837
001c50b9
001f52fc
0015580d
001a0826
0017964f
00153c8a
0016c48d
00218dce
0017b8b2
001595f2
001a2038
00236176
00189ba6
001ea02c
00189155
001c19b4
00219b8f
001d560f
00181fdb
001dbd38
001754f9
002ccf69
001b3350
00207ab6
0018cbca
001c19b4
0017b8b2
00168337
00122235
00214227
0017b8b2
00189835
002202b8
001856e0
0016d24e
0026a19f
001b47f1
002cd64a
0018158a
002549c1
0027e4db
00182d9c
00205172
0024cdf6
0022bc68
001f22d8
001dfb1e
0026d1c3
001fe368
002270c1
001fe368
00248930
0018310c
00213466
0016cb6d
001f97c2
002c83c2
00186811
001f6e7e
00205f33
0018e3dc
0023987b
001e2b42
00159cd3
001a573c
00255e63
0016dc9f
0015f63b
0023cf80
001bb28b
001e7dc9
001ff80a
001a1cc7
001b221e
001d8634
00152b59
0018b728
0018ba98
0015f9ab
002315d0
002e8e70
0017c303
0019fdd5
001e16a0
001e1d81
001a2a89
00203cd0
0019a46d
00226300
0017775c
001fdc88
0018f87e
00227e83
0018158a
001f90e1
0017c9e3
00287c28
0017e566
001f8a01
0028ac4d
001b5c93
001d0a69
001909af
001d5cf0
001a6f4f
001ebbaf
0022b587
00175f4a
0017de85
001d6ab1
001b6dc5
001489bb
002a344f
00191771
001db658
00174e19
00240d65
001d6ab1
001754f9
001affbb
0024748e
00242207
0023a63c
001c0512
00274d8e
00197e9a
001df43d
0017f697
001e3903
0018fbee
00171df4
001800e8
001d416e
002c7601
001fd5a7
0021cbb3
001d416e
00163790
001a618d
0018c179
001daf77
0024ab93
00235a96
0016d5be
00178bfe
0021d294
001b6dc5
001db658
0024b274
0024f059
001ac1d6
001f60bd
0021b031
0025aa09
001f52fc
00186811
0019c360
00162d3f
0017b1d1
00193d44
001939d4
001c957f
001ac546
00173977
001a3f2a
001d2ccc
0018e3dc
0015701f
001826bc
00236857
001f3779
001d7192
001f59dc
00144185
001e4da5
00167c56
001dbd38
001f59dc
001845ae
00221e3a
0019e252
001d7192
001dd8bb
001af8db
001667b5
00256c24
0023f8c4
002c1c99
0026a19f
00187262
001f60bd
00180459
0016265f
00237618
0021648a
0015f9ab
0015f9ab
001f679e
0021cbb3
001c0bf3
0022bc68
00167205
001f90e1
001affbb
001660d4
002746ad
00242fc8
001a429b
0016152d
0018347d
0013f94e
0019857a
0020a3f9
002cad06
00189ba6
001e5b66
0020bf7c
001f3779
00154a4c
002194ae
0019063f
0029aac3
0017bf93
00170272
00186b82
001affbb
00187cb3
00229a05
001527e9
00229324
001b47f1
0016d92e
00208196
001bfe31
001c9c5f
001ed050
0015d3d8
001a384a
0023080f
0019820a
0029bf65
002738ec
00161f7e
00186ef2
001df43d
001845ae
001ac1d6
001c0bf3
001f90e1
001babaa
001724d5
002035f0
001c5e7a
001af56a
00145626
001e0fc0
00186ef2
00210442
00286e67
00259568
0014909b
00157700
001b221e
0022f36d
001516b7
001fc105
0016b6cb
0021a26f
0015549d
0019bc7f
0016f4b1
001fc105
001d6ab1
001b4b62
0018234b
0026c402
0013c249
0018a286
001ef994
00173ce7
001f97c2
001cb7e2
001837ed
0027f29c
001e16a0
001bf751
00157de0
001ac1d6
00211203
00264157
001ce125
001bce0d
00186b82
001ec28f
00224e5e
001856e0
00178bfe
0018a5f7
00230eef
0021ee16
002d8239
002a4210
00207ab6
001e4da5
002d5214
001489bb
001e0fc0
001c12d3
001f0e36
001807c9
001a34d9
002043b1
00195c37
001b10ed
0021a26f
0015d067
0017775c
001875d2
001a23a8
00196d68
00233f13
001e01fe
001c12d3
0023d661
0016ea60
0020c65c
0015a724
002c0ed8
001db658
002eb0d3
00136fc2
0020b1ba
00211fc4
001fc105
001c9c5f
0015436b
001af56a
0016e6f0
0022175a
001996ac
0029c645
001b17cd
0016edd0
0018f19d
001d93f5
00168d88
001ed731
001b5c93
001f453b
0014b66f
001f52fc
0022bc68
0017775c
00192c12
0020efa0
001fb344
0017efb7
001bce0d
00279254
0019d491
0017d7a5
0018be09
0025fc91
001ac546
001dcafa
0017de85
001dc419
001ddf9b
0016d5be
0019c6d0
00157a70
001d7872
001c655a
002a0b0b
00194424
0017c9e3
0028073e
00233152
00207ab6
0018dcfb
001a64fe
00175bda
001ebbaf
001b6dc5
0018121a
0015ccf7
001f3779
001996ac
001e6247
00167576
002428e8
00139c76
002c7ce2
001e2b42
00168d88
0022e5ac
00263a76
001d5cf0
0017699b
00246dae
001e7dc9
001eaded
00173ce7
002156c9
0027d039
00271689
001afc4b
0026d1c3
0020e1df
0017fd78
00177acd
00164552
001f22d8
001ca340
001c9c5f
002270c1
0018f87e
001d484e
0017cd54
00231cb0
0020e1df
001d484e
00173296
001a0b96
0019e933
0022d10a
0022c349
0024f73a
0018c85a
001ccc83
00239f5c
001d7192
001f0075
001df43d
0025b7cb
0017efb7
0020f680
0015fd1b
00213466
00255782
0021fbd7
001c0512
0020138d
002277a2
001a53cc
0022c349
001fc7e6
001697d9
001b4b62
00228c44
00174057
001dc419
00209638
00152108
002277a2
00170cc3
0018234b
00171a84
001690f8
00206614
00243d8a
001800e8
001a3169
002693de
001e994c
0016f821
002693de
00205f33
001928a2
001e2b42
00229a05
001ae7a9
001c19b4
00214fe8
001d182a
001c3536
00215da9
0023c1bf
002a11ec
001fba25
0014d8d2
00193d44
00232a72
001ca340
00174738
001a5e1d
001a762f
001e4da5
0025da2e
001f0e36
001629cf
00195c37
0016f141
001bdbce
0035acef
0021ee16
001f7c3f
001b74a5
001fac64
001a9892
0020282e
001ec28f
0023e422
001b221e
0014ed74
0021b031
0020efa0
001c2775
00167c56
0016152d
00283e43
001f3e5a
00248930
001fa583
001ac1d6
00188de5
001d0a69
001a5e1d
001a1957
001bf751
0016ba3c
001e8b8a
002277a2
001565ce
00248250
0018cf3a
0017964f
00193663
001b069c
0022ec8c
002587a6
00208f57
002822c1
0013467f
00299621
0018a5f7
001dbd38
001996ac
0018e74c
0020c65c
001e3903
0019c360
00191e51
001ce125
001aeb19
002cbac7
001f97c2
0017775c
001611bd
001c2e56
00180ea9
001ef2b3
00190d20
00167c56
001c3c17
0019ca40
0020fd61
001ebbaf
0020b89b
00197449
001c80dd
001b4111
001b4111
001dd8bb
001a72bf
001d9ad5
001762ba
001f90e1
002315d0
001ab415
00194424
001bfe31
001c8e9e
002043b1
0018cf3a
00214908
00252e3f
00266a9a
002c9f45
00216b6b
00221e3a
00196687
00214227
002905b4
0018a967
00203cd0
0019b90f
002542e0
001a1276
00187262
0022decb
00195fa7
001c6c3b
001d33ac
001690f8
001ef2b3
0011272f
00181fdb
0022decb
0022553f
0020c65c
0019dee2
0021800c
00174aa8
00185a50
0016076c
0019b59e
002b69ca
0022477e
001f22d8
001bc72d
0019e252
00242207
002496f1
0021b711
001e5b66
0019cdb0
00155eed
0016a90a
001690f8
00188a74
00178f6e
001ce806
001eb4ce
002345f4
00234cd5
002a9497
0022477e
0022e5ac
00159963
00194b05
001ddf9b
001aa653
0022b587
00229324
0021792c
001cd364
001ea02c
0026bd21
00196317
001f60bd
001d63d1
00258e87
0025275e
00242207
002315d0
0016c7fd
001d9ad5
0020138d
001cd364
0018dcfb
001bfe31
0016cede
00233f13
0017de85
001fd5a7
0018423e
002156c9
001b47f1
00172165
00208877
00246dae
0015b855
00164fa2
001bf751
0025d34d
0016edd0
0020a3f9
0022b587
0029817f
001fa583
0017db15
0026d8a4
001d484e
00196317
001fea49
001ab415
0025d34d
0022b587
002aa258
0018f19d
00192c12
00221e3a
0018b048
001e01fe
001d416e
00199d8c
001b5242
00216b6b
0015c616
001c655a
001e7008
0016008c
002c237a
0016d5be
001b66e4
00151d98
0017586a
001acc27
00201a6d
0023f1e3
00167c56
00183ece
001caa20
00219b8f
0020bf7c
0026cae3
001e3223
00274d8e
001c6c3b
001c87bd
001af56a
00308b5d
001e926b
00202f0f
00213466
00205f33
001e5486
0026af60
0022fa4d
001ceee6
0021b711
002269e1
0014b2fe
00144f46
0022a7c6
001939d4
0020b1ba
0015b4e5
0015f9ab
001c0512
001c49d8
0015f63b
00221e3a
0018e74c
00199d8c
001eebd3
00257305
001ebbaf
002466cd
001856e0
0024b274
001826bc
001958c6
001c79fc
001e4da5
0012895e
001d25eb
001f6e7e
0028073e
00175f4a
00283082
0015693e
001d560f
00169eb9
00271689
00147f6a
0019f6f4
001969f8
0016f141
001e6247
00174aa8
001b9708
002436a9
0017ec46
00162d3f
001be990
00192c12
001e5486
001a2df9
001a6f4f
00205172
0017f327
00174e19
0016c11c
00206cf4
0020e8bf
001ab785
001cb101
001595f2
001acf97
00196d68
00276230
0025fc91
0022ec8c
0021792c
0021cbb3
001754f9
00187cb3
0015ebea
001773ec
001bc04c
00186b82
0017de85
001648c2
00261813
0021c4d2
001ede12
00192f83
0024c035
001e4da5
001ab785
001799bf
001c19b4
00195c37
00204a91
001f97c2
0012f768
00224e5e
001ff12a
00207ab6
0020fd61
0023919b
001c655a
002202b8
00241b27
001ea02c
00241b27
001e8b8a
0021648a
001864a1
001a9892
0020b1ba
001e6247
0017888e
002549c1
002bfa36
001d182a
001a0145
0020e8bf
001e84aa
0024fe1a
001a9c02
001a460b
00208196
0024c035
001cb7e2
001d4f2f
001c2e56
001cb7e2
00208196
001fac64
001cb101
001fa583
001babaa
00163b01
0023d661
0022a0e6
001f59dc
001a0145
001660d4
001a1276
001f0755
00205f33
0017a0a0
00248930
00208196
0021a26f
001b6dc5
001dcafa
001743c8
001bc72d
001b7b86
0017888e
0018347d
0021e055
0014039f
001bdbce
0015b4e5
001958c6
001565ce
001630b0
001c79fc
001ce806
001e3903
002c7ce2
00138b45
0020214e
001c2e56
00166e95
00201a6d
00188de5
00206cf4
00206cf4
0025b0ea
0020d41d
002a6473
002194ae
001fba25
0016b35b
001e994c
002345f4
001a7d10
00195c37
001cd364
001a23a8
0021bdf2
002232dc
001da1b6
001e3fe4
002186ed
0018b048
00249011
00170272
0021e735
001f679e
002b0981
001b7b86
001e3fe4
00182d9c
00189155
002cf1cc
0025fc91
001df43d
0020f680
0016c48d
0023d661
001affbb
00268cfd
002239bd
001ed731
00132e6d
001a8ad1
0022ec8c
0018c85a
002239bd
001fcec7
001e926b
00209638
0020bf7c
001630b0
0017888e
0016d5be
00172165
0022e5ac
00198fcb
00171df4
001e76e9
001762ba
00155eed
0020f680
001b258e
001940b4
00284c04
001d25eb
0017f697
001e5486
001c5799
0015d748
0016cb6d
00293cb9
0013fcbf
001ec28f
001b3da1
00276910
001807c9
001ce806
001ddf9b
001800e8
001e76e9
00259c48
00170cc3
00222bfb
001c0512
001b3a30
0018a286
0022d10a
00174057
001c731c
0016e37f
0025fc91
0022fa4d
00163420
001f9ea2
001fac64
00228563
001fa583
001dd8bb
00169eb9
002b5528
0017db15
002542e0
001b9708
0017d434
0018f19d
00337fdf
001cd364
001e994c
0015701f
001b17cd
001ed731
001babaa
00188704
001c19b4
001ff12a
00255782
0018b3b8
00169468
00157a70
001b4b62
001f0075
0022decb
0023987b
0022553f
0021e055
0021a950
0021d294
001660d4
001bc04c
00158f12
00178bfe
001ebbaf
00167576
00235a96
001f22d8
0018ee2d
00189155
00213466
0016cede
001a0826
0019aebe
001df43d
00210b22
00269abe
001d8d14
0020c65c
0017d0c4
001ad9e8
002aedff
0027f97d
001a497b
001d33ac
001724d5
001ea70d
00186811
0015549d
001a0826
00170272
0023cf80
00205f33
00224e5e
00172165
0017d434
001a762f
001ccc83
001fea49
0022a7c6
001629cf
0021bdf2
001bc04c
0023f1e3
00186b82
001fa583
001ff12a
001fcec7
001be990
001e2b42
001cbec2
0020aada
0024e979
00159282
0023012e
00231cb0
001a2038
001e76e9
00205172
00178f6e
001939d4
00192c12
00180b39
001762ba
00172165
001fcec7
001d7192
00219b8f
0023f8c4
001cc5a3
002353b5
001792df
001ec28f
00170953
0018e3dc
001ad678
001a7d10
00198fcb
0022a0e6
0025207d
001a9892
0018b728
002239bd
001b9708
0024fe1a
001acc27
002df723
0026717b
0027b4b7
0026fb07
002e9c31
0017d7a5
00241b27
0014b66f
002746ad
0024748e
002dc6ff
001fba25
00177e3d
001d1149
0022409d
0018dcfb
00186ef2
0025beab
001713a4
0021bdf2
0018cbca
001659f3
00263a76
00194b05
001a9522
001bfe31
001b5923
0017a410
001c0bf3
001762ba
001dd8bb
00166b25
0018121a
001762ba
00157a70
002126a5
0017aaf1
0024f73a
00171714
0022251b
001d1149
001b7ef6
0017c9e3
0029fd4a
00141f22
001e4da5
00152b59
001bc04c
001de67c
00234cd5
00174aa8
00208f57
0016bdac
0027ddfb
001e76e9
001ff80a
001a91b2
001e5486
0017b8b2
0018158a
00188394
001ac546
001f8320
001b9028
00188023
0016fb91
0020214e
001ac546
0017b542
001ae0c8
001ec28f
002579e5
002073d5
001f29b8
001f52fc
00199a1c
001807c9
00172845
0018cf3a
0020214e
0019e933
0020282e
001a4cec
00242207
00205f33
00220998
001fc105
00213b46
00287548
0027c959
0012b2a2
001977b9
001773ec
0024748e
00229a05
0017707c
0021e735
001dbd38
0018536f
0018310c
0014d1f1
0018e06c
0019aebe
0018ba98
001f90e1
001799bf
001a0f06
00211203
00185a50
0021b711
001969f8
0020c65c
00221e3a
00187cb3
001bb96b
001807c9
001875d2
001cc5a3
00207ab6
00195fa7
0026861d
0016e37f
0015b855
0024b954
001ec970
002315d0
002c83c2
00187943
00166444
001d484e
00213466
0015aa94
001ed050
0018c85a
001686a7
0018536f
0016a59a
0020efa0
0025b0ea
001a9f73
001b8267
0017662b
001414d1
002315d0
001856e0
0029c645
00178f6e
00172165
0018c85a
00179d30
0024dbb7
0017fd78
00219b8f
001e2b42
001603fc
00171a84
0018cbca
0016a59a
001af56a
001f679e
00260a52
001e8b8a
0022175a
001e0fc0
001902cf
0017f697
001a8761
00250bdc
001e8b8a
002194ae
00241446
00167576
0015391a
001d1f0b
001b8267
00276230
00232a72
00259c48
001206b3
0027b4b7
001452b6
001b9028
00174aa8
001cfca8
001d484e
001b9708
00222bfb
001ede12
002a9497
00232391
00163420
001ff12a
001b221e
002118e3
00184fff
002579e5
00180ea9
00218dce
001bb28b
00310e08
001cfca8
001dbd38
0027c959
001c3536
00180459
002a7915
001bc04c
001afc4b
00188de5
001dd8bb
001acf97
001b3da1
0013467f
001be990
0016cb6d
001d8634
001da897
00295f1c
0019c360
0015b175
001622ef
00226300
0027bb98
0017586a
0016afeb
0017a780
001a5aad
002a344f
00259568
001c6c3b
00194795
0021648a
00294a7a
001ab0a4
001bfe31
0017de85
0022ca29
001d2ccc
001c42f7
001ee4f2
00218dce
00176d0b
00180b39
001babaa
0023080f
00187cb3
00158831
00212d85
0015ae04
001afc4b
002bb570
001b9de9
001be990
001aeb19
001d7192
002239bd
0024ab93
0017c303
001dd1da
001d33ac
0020fd61
0022e5ac
00224e5e
0020a3f9
001ceee6
0017a0a0
00260a52
0029f669
00197449
0013fcbf
00150c66
0016d92e
0021b031
0029fd4a
001b6a54
001fc105
0020b89b
0017699b
00209638
0016c48d
00160e4d
001ff80a
001f7c3f
00211fc4
00189f16
00187943
001c957f
001fb344
0020bf7c
0024c716
002b5528
0019857a
0017efb7
00163e71
001e0fc0
001a1957
001969f8
0019aebe
0020cd3d
0019820a
001a83f0
0016a90a
002822c1
0027d039
001dcafa
0020dafe
00211fc4
001f9ea2
001f0755
00256543
0020c65c
001b032b
0023987b
0025351f
00196317
0024e979
001b9028
0015a3b3
001b5923
001b0d7c
001ffeeb
001b3350
002587a6
002ba7af
001dd1da
00241b27
00181fdb
0015ae04
0022a0e6
00261ef4
0020efa0
001ea70d
00211203
001d63d1
00232a72
0016edd0
001b4481
0022bc68
00168a18
0024c716
0021c4d2
0027ebbc
001b1b3e
0018e3dc
00211fc4
00171df4
00202f0f
001ac1d6
002a9497
001eb4ce
0015c987
00168d88
0015d067
001ff80a
001c655a
001e994c
0020e8bf
001921c1
001b47f1
001ea02c
0018c85a
001d93f5
002239bd
001f97c2
001cfca8
001b0a0c
001d416e
0025da2e
001c87bd
00232391
001fd5a7
001dd8bb
00170953
0027d71a
002935d9
001d3a8d
0013f94e
0020efa0
001792df
00175f4a
001e926b
001d484e
0018b048
001df43d
00145d07
001ec970
00187262
0022a0e6
00163790
0016edd0
001b7816
00197b29
0018536f
0018310c
0019fa64
001d560f
00220998
001ef2b3
001a3bba
001eaded
00208f57
002655f8
001792df
001e76e9
00215da9
0018e06c
00171a84
001d3a8d
001bd4ee
0013467f
0015ae04
001a799f
001e8b8a
001d3a8d
001f60bd
00196317
001caa20
0025cc6c
0024c035
00209d19
00205853
0015fd1b
0021cbb3
00261ef4
001705e2
001b6004
001b221e
00229324
002542e0
002035f0
00142ce3
00170953
001fd5a7
0019b59e
0016c7fd
0018158a
001cfca8
0016c11c
0019c360
001fe368
002269e1
00233833
001cda45
0027c278
0022fa4d
0019fdd5
001da897
00249011
00208f57
001b0d7c
001fb344
001bd4ee
0014c0c0
001d182a
0020e1df
00206cf4
0028c0ee
001792df
0016d5be
0019bfef
001376a3
0019db72
001a0b96
0016e00f
0017fd78
0022fa4d
0018e06c
001a91b2
0016e6f0
0014d8d2
0017fa08
0017f697
0021bdf2
001f1516
002550a2
001c655a
0020e1df
002043b1
001d25eb
002f7f25
001d5cf0
002587a6
00189155
0021b031
00167576
001b55b3
0022bc68
0015701f
00204a91
0017e8d6
00228563
0015bf36
002746ad
002270c1
0018423e
00184c8f
00287548
00171033
001db658
002512bc
00154a4c
001dd8bb
00167576
001584c1
0017fd78
002542e0
0027bb98
00201a6d
0026cae3
00248930
00229a05
00178f6e
001c42f7
001eaded
001aad34
002655f8
002156c9
00205853
0022aea7
00175f4a
001f755f
00221e3a
001a7d10
00172165
001d416e
002b32c5
001f29b8
001a1cc7
001a3bba
002a6b54
0024748e
001a460b
0018d61b
0025351f
0018dcfb
00167576
00140df0
00164c32
0018acd7
0014ac1e
0013e81d
001c19b4
002005cb
00188de5
001894c5
001ac546
002043b1
001b4b62
001463e8
00244b4b
001caa20
00296cdd
00177e3d
0019dee2
0015ebea
00163e71
002542e0
001a9892
0017707c
0014c7a0
0024a4b3
001d7192
001c50b9
00220998
0026a880
002738ec
0019fa64
00231cb0
00276910
001e4da5
001dbd38
00165313
001ec970
0017cd54
00194424
001826bc
0027f29c
001dcafa
00191400
0017d434
001a0145
00224e5e
0024590c
001527e9
0017d7a5
0014f7c4
001f29b8
0017aaf1
0024f059
001754f9
001aa9c4
0017f697
0017c9e3
001d5cf0
00188de5
0016008c
0027e4db
00232a72
001d560f
002655f8
001cfca8
001c9c5f
002428e8
001a1276
0018121a
001301b9
0028c0ee
001cda45
0023f1e3
00255782
0020d41d
0019eca3
001686a7
0025351f
001611bd
00208877
00145626
001e3223
0017c9e3
001837ed
0017964f
00192532
001350d0
0020b1ba
001fac64
0022c349
001bc72d
00170272
001ae439
0023919b
002345f4
001b8947
0015b855
001fc7e6
00175bda
0025275e
0018d2ab
0017d434
001ef994
00205f33
0018acd7
001ef994
0027d039
001b1eae
0024ab93
00228c44
001d1149
0021b711
001a762f
001eebd3
001d0a69
00221e3a
001ef2b3
001cf5c7
001b9de9
001611bd
0022409d
00268cfd
001aad34
0013d00b
00212d85
0023f1e3
0018a967
001ceee6
002a9b78
001be990
002118e3
00209638
0027320c
0022251b
00175f4a
001eb4ce
001996ac
00205172
0023b3fe
002035f0
00222bfb
001d3a8d
00201a6d
0025351f
0027320c
0015549d
00279254
0021a950
00196d68
00153c8a
001c3c17
00139906
001cfca8
001af56a
0017c303
0016edd0
001686a7
001fd5a7
0019dee2
001c3536
001f0e36
001dfb1e
00191ae1
0019fdd5
0016ea60
0025fc91
0026bd21
0028c0ee
001ff80a
001d2ccc
001387d4
001d484e
002738ec
001f1bf7
001e7dc9
0016a90a
001afc4b
001a762f
00232391
0016f821
0013f26e
002dd4c0
001d182a
00235a96
001ed050
001fac64
00161f7e
0018fbee
00176d0b
001c655a
001be2af
00172845
001660d4
00237cf9
001f453b
001be990
00221e3a
001a0826
001799bf
00170272
001b9708
0016a90a
001e01fe
0017bf93
002c6f21
00166e95
001c12d3
00261ef4
001e3223
0017b542
00195556
0022f36d
00208877
001f59dc
0019063f
002c9f45
001d0a69
00261ef4
0018b728
002436a9
0018ff5e
00171df4
001a91b2
001a762f
0021ee16
001ebbaf
00200cac
00151a27
002b2504
001dd1da
0023080f
0022ca29
001e994c
00242207
001b032b
001ccc83
001d5cf0
0020138d
001e6927
001dd8bb
001ba4ca
00164fa2
00213466
001c2094
001d1f0b
0019f013
002549c1
00270fa9
002504fb
00165683
0018f19d
001e8b8a
00221079
001b5c93
001ae0c8
0020dafe
0016076c
001a5e1d
001d182a
001f679e
001e5486
0018310c
001864a1
0020138d
00200cac
001940b4
00228c44
001ce125
00242fc8
0029bf65
001fdc88
00153ffb
001932f3
001d560f
0026717b
001e2b42
001c731c
0024f059
0017aaf1
001b9708
00170953
00121ec5
0020a3f9
001d33ac
001970d8
0018b048
0025aa09
00186ef2
00188de5
001ed731
0019933b
001e7dc9
0026d1c3
00214227
00290c95
0020aada
0029e8a8
001f8a01
00142972
00165d64
001b9de9
001a505c
001cfca8
00210b22
002345f4
00164fa2
001ded5d
001236d7
002b8c2d
001a9c02
001b8267
001b3a30
0020214e
001f3779
0024f059
001660d4
0016cb6d
0016fb91
00214908
00205172
00171a84
001aeb19
001be2af
00159cd3
0021f4f7
001e2b42
002859c5
002118e3
002156c9
001d2ccc
0020aada
001be990
001807c9
002829a1
002353b5
0015a724
00194424
00169eb9
0019933b
00275b4f
00265cd9
00210442
00231cb0
001c5e7a
0019857a
0019063f
001ba4ca
001e6927
001abe65
001f52fc
002549c1
00252e3f
001d0388
002776d2
0017a780
0026861d
0017707c
00237618
001a618d
00229324
001b5c93
0016008c
0027c278
002345f4
001f1516
001ff12a
001ef994
0018ba98
00281be0
001a53cc
0021800c
0017707c
0024cdf6
00210442
001d0388
001e1d81
001aee8a
0020e8bf
00242fc8
001af56a
002897ab
001c0bf3
0015d748
001e4da5
001a2df9
0015391a
00151d98
001a3f2a
00241b27
00147519
0019bc7f
001f1516
00212d85
00238aba
00187262
00146077
001f22d8
001b221e
0018491f
0016ba3c
001ff12a
0025a329
001d1f0b
001c0bf3
001d6ab1
001864a1
00179d30
0015de29
001acf97
001c655a
00200cac
00172165
001641e1
001af8db
00221e3a
00142ce3
002073d5
0016b6cb
00191400
001e5486
0018536f
00225c20
0017851d
001b3a30
00188394
0028ac4d
0017586a
001fd5a7
0022d10a
0021c4d2
0017888e
00229324
00159963
00190d20
0015b4e5
00168a18
001a5aad
0022477e
00175bda
001ceee6
001ee4f2
0022477e
001dc419
00208f57
001aad34
0019f013
0023a63c
002c6840
001c2094
001da897
00201a6d
00231cb0
00167fc7
001ad678
0029515b
0026af60
0016e6f0
0017a0a0
00246dae
001fc105
0018fbee
001b36c0
001fb344
001fc105
001a9522
00273fcd
002a6473
00191400
001eebd3
002126a5
0019bc7f
0023cf80
00174057
0022a7c6
0019f6f4
001a23a8
0016e6f0
00205172
001e3903
00208877
002ad27d
001ff12a
00237cf9
00255782
00213b46
001e2b42
00244b4b
0025b0ea
002a48f1
001fea49
001f0e36
0017662b
0019c6d0
00205853
00182a2c
001aa653
001cb7e2
0028f113
0023919b
00191090
00158150
001c87bd
0024c035
001ed050
002b7e6c
001e6247
00192f83
001eaded
001f97c2
001daf77
002b1062
001dd1da
0013241c
0022ec8c
001a2df9
001bce0d
00172bb6
0018acd7
002194ae
001e6247
002073d5
00175f4a
00295f1c
00179d30
00180b39
001dd1da
00205853
001b032b
002c45dd
002de281
0025cc6c
00171df4
0014d8d2
001b6004
001f0e36
001988ea
001f52fc
00166b25
00204a91
00165683
001da1b6
00187262
001743c8
001800e8
001d1f0b
001c80dd
002194ae
0018be09
001e5b66
00286787
0017f697
00180b39
001df43d
00263a76
0017aaf1
001f9ea2
001a0145
00175f4a
001ffeeb
00256543
0027a015
001b9708
001a1276
00188704
002126a5
0016d92e
0022ec8c
0018b728
0015ae04
00214227
0018a967
0016edd0
001dd8bb
00185dc0
001e16a0
0021e735
001f90e1
00264157
0019063f
001ab785
00173296
0019db72
001bd4ee
00151d98
001b4b62
0021724b
0022ca29
001705e2
001fc7e6
001d484e
001a384a
001902cf
0023b3fe
0026bd21
002c1c99
0017bc22
002579e5
00170272
00216b6b
00234cd5
00250bdc
0015a724
0016afeb
0016ac7b
00255e63
001f8320
001800e8
001e84aa
001864a1
00233833
001a91b2
00210b22
002126a5
001de67c
00241b27
002315d0
0017699b
00250bdc
00191771
001a573c
00241446
0022a7c6
001ad9e8
00208877
001d1f0b
00194b05
001bf070
002512bc
001f3779
001b3da1
0023e422
0021a26f
001b66e4
002b930d
0021800c
00239f5c
001f7c3f
0016152d
001bd4ee
0018ee2d
0030a6df
001f90e1
001f22d8
001b1b3e
0023919b
001d25eb
0023012e
0022251b
002194ae
0017efb7
001de67c
0029817f
001ab0a4
00249dd2
001e3fe4
001641e1
001875d2
00165d64
0023c89f
001f453b
001add58
0016bdac
00203cd0
001e5b66
00242207
00226300
001fba25
00214fe8
002859c5
001b8267
00214227
001fea49
0021a26f
00226300
00172165
001b55b3
001e84aa
001fdc88
002efc7a
0026e665
0021a26f
002269e1
0014ce81
001f4c1b
00124b79
001a1276
00191771
00208196
0016d92e
0026d1c3
001fc7e6
00171714
0029dae7
00189f16
001ab0a4
001c9c5f
001ded5d
0019d491
00136571
0015701f
0021e055
001826bc
0021d974
0022553f
0018310c
00158150
0023987b
0018b3b8
001b4b62
0018cbca
00210b22
00171df4
002822c1
0019b59e
0025b0ea
00229a05
001697d9
001e0fc0
00276ff1
001a5aad
0022ca29
00260a52
00158ba1
0022b587
0018cbca
0014a53d
00170272
0015323a
00181c6b
001e2b42
001a6bde
00207ab6
001bce0d
0018491f
002345f4
001ec970
001724d5
002ad27d
001622ef
001fdc88
00269abe
0019f013
001fea49
0017db15
00164c32
001d7872
002315d0
00194424
00194795
001f0075
00211fc4
00167205
0019e933
0020e8bf
001ddf9b
001dd1da
0018b728
002a9b78
00249011
002aa939
001826bc
001c87bd
001ffeeb
00234cd5
001a799f
0022fa4d
0029b1a3
002186ed
0021d974
00192532
00181c6b
0020a3f9
00239f5c
0021bdf2
001c3c17
0020282e
00187943
0016ba3c
0016fb91
002e0bc5
001bf070
001969f8
0020c65c
001d33ac
001988ea
00166e95
001da1b6
001c6c3b
001595f2
00180ea9
001482da
0019b22e
00181c6b
0018c4e9
00258e87
0023c89f
001ec970
001f0e36
0017f697
0023e422
0019ab4d
0028f7f3
0029b884
00236857
0028fed4
001babaa
00279254
00200cac
001d416e
0018d2ab
0017bf93
00244b4b
00186811
0017c303
001bd4ee
0022fa4d
0015e879
00189835
0017b542
001c2e56
001dbd38
001bf751
00242207
001f1bf7
001acf97
0017d7a5
001dd1da
00167fc7
0022d10a
001ee4f2
0022decb
001cd364
001ce806
001f0075
001c0bf3
002587a6
001d560f
001856e0
001a23a8
00214fe8
0023080f
0015bf36
002890ca
001a9522
001d4f2f
0016ac7b
001bf751
001c2e56
001724d5
0018f19d
00191400
0023012e
001800e8
0015693e
001c5e7a
001fc7e6
001d0388
001d93f5
00275b4f
001dd1da
001d7872
001b9708
001ef994
0021b711
001d9ad5
0017aaf1
0017586a
001d416e
001de67c
001c731c
001fba25
001c49d8
00189f16
0015aa94
0013b488
00167576
0017b8b2
00210b22
001ef994
0024a4b3
001928a2
0016ea60
0017888e
0018cbca
0018ba98
001fb344
002587a6
0026ed46
001e0fc0
00205172
001e6247
0016d5be
0020d41d
0014b66f
001bc72d
001d182a
0021fbd7
0020138d
0017d7a5
00166b25
0018be09
0020b1ba
001641e1
00233833
00242207
0022c349
001daf77
001a2a89
0018423e
0021bdf2
0014d8d2
0024446a
001c49d8
0022fa4d
001a6bde
001d8d14
001c12d3
0018e3dc
0019eca3
001affbb
001dbd38
0015d3d8
0022b587
002a86d6
0022d10a
0019dee2
001c0bf3
0019ab4d
0021f4f7
00196d68
002232dc
001d7192
001abaf5
001a2038
00169eb9
001a2038
00261ef4
0017aaf1
00271689
001921c1
001ff80a
00164fa2
001940b4
0027546f
0020e1df
0020bf7c
0014dc42
00238aba
0016fb91
00169eb9
00148d2b
0021a950
001e16a0
002005cb
001a83f0
001d0a69
001e994c
001b9de9
002315d0
00213b46
001dd1da
00241446
00238aba
00189155
001aa653
001da1b6
002345f4
00258e87
0022fa4d
00178f6e
001ceee6
001e5b66
002232dc
0023dd41
00171a84
00271d6a
00172f26
001b74a5
0021b031
001f59dc
001da1b6
0017ae61
0015f63b
001c79fc
001641e1
0019e5c3
0016c11c
002dab7c
001d7192
001ddf9b
00263395
001e08df
001caa20
001ec28f
002b4767
00274d8e
00241446
001e6247
00183ece
001a9f73
001cfca8
0018e06c
00283762
001be990
00193d44
001928a2
001c42f7
0021bdf2
002232dc
001ed050
001a0145
0017699b
001e994c
002005cb
0015bbc6
00172845
0016fb91
001799bf
001ed050
00175bda
001e2461
00171033
001690f8
0027b4b7
00232391
001e7dc9
001b28ff
00187cb3
00215da9
00212d85
001fea49
0026d1c3
00214227
0019f6f4
002655f8
002a0b0b
00198fcb
001f1bf7
001fd5a7
001996ac
00151d98
0020efa0
001eb4ce
001d7f53
00139225
00188a74
001ad307
00214908
001951e6
00175189
00157de0
001afc4b
0023dd41
00172845
002693de
0017aaf1
001a15e7
0020aada
0025b0ea
001f0e36
001aa9c4
001724d5
0024748e
001bdbce
001611bd
0024522b
00218dce
001e16a0
001b069c
0016d92e
0025eecf
002bfa36
00173607
00236176
0016ff02
0024fe1a
00163420
00171714
001c49d8
001ec970
00279254
0026717b
0016dc9f
002277a2
0017efb7
001e994c
0021a950
001caa20
001fb344
002550a2
001d6ab1
001ef2b3
001a0145
001f3e5a
001c12d3
001a2718
001678e6
0022e5ac
0025351f
001e0fc0
002c539e
001928a2
00162d3f
001d25eb
0016c48d
001940b4
0016ff02
001452b6
00220998
002156c9
00205172
0025aa09
0014ce81
001a8e41
0028dc71
001a15e7
001c957f
001d484e
0027add6
0017b8b2
002345f4
0017964f
001818fa
001e76e9
001b17cd
0018536f
002035f0
0018491f
002504fb
00188704
00194795
001c79fc
0018ba98
0024d4d7
0016a59a
001ceee6
0017cd54
001e2461
0027c959
00203cd0
001f9ea2
00218dce
0018b048
001fb344
001bd4ee
001bc72d
001be990
001e1d81
0014864b
0020214e
00178f6e
001d25eb
001ce125
0023f8c4
00228c44
001d560f
0016a90a
001eaded
0018dcfb
001a762f
002b4086
002701e7
00245fed
001bc04c
0029b1a3
001d0388
001d6ab1
001f60bd
001ef994
001b3a30
001bf751
0029ef89
002383d9
001be990
001df43d
00214227
002156c9
0027f29c
001b4481
00219b8f
0027e4db
0016cede
001dc419
001bce0d
0017d0c4
00246dae
001fba25
0017888e
0024ab93
0017efb7
0016fb91
001e3903
00187943
001d25eb
00225c20
00210442
001d1149
001cfca8
001e3223
0019063f
0017888e
001f0755
0024748e
002353b5
001ec970
001ccc83
0025d34d
001da1b6
00164fa2
0025199d
001ea70d
002a11ec
0021c4d2
0015693e
0015d067
00125caa
00210442
0017bc22
002202b8
0017964f
001d0388
0015dab8
0018c4e9
0018f87e
0017699b
0022fa4d
00153c8a
0015aa94
0018f19d
00178f6e
0023ad1d
001ac1d6
001a04b5
00196317
0022a7c6
001be990
0023012e
002c539e
001a1276
00171a84
0019933b
001d8634
0032059e
001a1957
00236857
0017e566
001bf070
0022d7ea
0022bc68
0017964f
0029f669
001eebd3
001c0bf3
0017d7a5
0015fd1b
002c8aa3
00226300
00184fff
002b5528
00255e63
0016b6cb
0016d24e
00186b82
00231cb0
001a762f
001c19b4
0020e1df
002c615f
00178bfe
001c6c3b
0025cc6c
001b7ef6
00176d0b
00271d6a
00140df0
0018cbca
00164552
001f1bf7
00205172
001d8d14
001f97c2
0019d491
001e6927
00214227
0022f36d
0024a4b3
001d25eb
00184c8f
0018121a
0024c716
0016d24e
001ebbaf
001648c2
00215da9
00175f4a
00264157
001bdbce
002035f0
001e5b66
00196687
001e1d81
00142602
0026717b
0020214e
001e5b66
00163b01
00159963
0019c360
0020dafe
00238aba
001eaded
00279254
001d182a
00188394
001a5aad
0022a7c6
00202f0f
001a72bf
001b8267
001dbd38
00171714
001ad307
001d4f2f
001cf5c7
00259c48
002e80af
00240d65
001a3f2a
001e76e9
0023eb02
00229324
001f22d8
0016076c
001dd8bb
00163420
00161f7e
00203cd0
001a2df9
001611bd
00218dce
001bce0d
0020bf7c
00227e83
0016cb6d
00249dd2
00236f38
001a9c02
0019db72
0015ef5a
001a9522
0024cdf6
00176d0b
00172f26
00244b4b
00224e5e
001667b5
00249dd2
001bdbce
001fac64
002b2be4
0016c11c
00200cac
00283e43
001ff12a
001856e0
001e46c4
00235a96
0026a880
0020cd3d
001f679e
00259c48
0025cc6c
001d4f2f
0019f013
0017e566
002345f4
0024b274
002073d5
002b69ca
00174738
0022c349
001aeb19
0027a6f6
001d0388
002035f0
0021cbb3
00197b29
00175bda
001a384a
0018c4e9
001970d8
0029dae7
00191ae1
001dcafa
001c0bf3
00237cf9
00241b27
001b55b3
001d9ad5
0017a0a0
0018d98b
001b6374
002c8aa3
001fc105
001e3fe4
001ec970
00159963
001d7872
001c2e56
00231cb0
0020138d
00171a84
001f60bd
0020bf7c
0019d801
00256543
001bf070
001f59dc
002194ae
00157de0
00200cac
0018be09
0017e566
0016a22a
001b7816
00194424
001a15e7
001e2b42
001781ad
00222bfb
001d1f0b
00212d85
00146e38
0021e735
001b4111
0023ad1d
00186ef2
002701e7
0025e10e
00173977
001eaded
0017b542
00261813
001e01fe
001b3350
0022477e
001c6c3b
00232391
0020fd61
00171df4
002383d9
001e7008
0015c987
001d4f2f
002512bc
001e46c4
0016edd0
001b9708
00201a6d
002bd7d3
001fdc88
0014dc42
001a8080
0019e933
00276ff1
001caa20
001ec970
00165313
00180ea9
00167576
0022a0e6
00203cd0
001b5242
0028f7f3
001a497b
0020b1ba
00235a96
001d3a8d
0019ca40
0023cf80
001ddf9b
00250bdc
00275b4f
001a1276
00237cf9
001629cf
00194795
0026d1c3
0026d8a4
001ede12
001932f3
00178bfe
001837ed
00173977
0016bdac
001659f3
001826bc
0021ee16
0021a26f
00203cd0
002ba0cf
001c655a
00219b8f
002c7ce2
0015693e
002746ad
0027e4db
002d4b34
0019a0fd
0026df84
002c381c
0023080f
001773ec
0029dae7
001368e2
0012782d
001b28ff
0015d3d8
0018234b
0029515b
002ab6fa
001cb101
001818fa
002315d0
00158150
001ec970
001ce806
001ad9e8
001b8267
001d93f5
0020c65c
00240d65
001603fc
001d7872
0016a90a
0017707c
001a64fe
00233f13
001ccc83
00189155
001fac64
001ccc83
001b9de9
001697d9
0025351f
0022553f
0018158a
0017b1d1
001c42f7
001762ba
0015d3d8
00231cb0
0018f87e
0023eb02
0022aea7
001660d4
002239bd
00205172
002186ed
00172bb6
0026f426
001f7c3f
00174aa8
0017bf93
001bc04c
0018f50e
001909af
0018347d
0014dc42
0020aada
001ca340
0025d34d
002c0ed8
001add58
001aa2e3
001da1b6
0020cd3d
00163790
001eebd3
002580c6
001f7c3f
001acf97
00246dae
0021e055
00135440
001df43d
00192532
0017f327
001be2af
001b5c93
0017699b
001d1149
0019dee2
00195c37
00206cf4
001a9522
002ae03e
001b4b62
001c6c3b
0023a63c
00206cf4
001c42f7
0019bc7f
0022c349
00259c48
0020a3f9
002c07f8
001c6c3b
0017efb7
001d6ab1
001622ef
001f90e1
001e0fc0
001dd1da
001cc5a3
00221079
0016d24e
002345f4
00165683
001dfb1e
00207ab6
001e76e9
002a8db7
00154a4c
0015fd1b
0017851d
0016d92e
0019aebe
00181fdb
0018acd7
0022bc68
001fdc88
00144f46
001773ec
001e76e9
00188de5
00189f16
0026785b
00197b29
001eebd3
001abe65
002829a1
0016ea60
00279935
0023ffa4
002d066e
001e08df
001414d1
001b47f1
0018fbee
001940b4
001ae0c8
001c49d8
0022ec8c
0018a967
001db658
0015fd1b
002345f4
001e994c
001f7c3f
001b47f1
0022b587
001b1b3e
00173ce7
001b069c
001d484e
001660d4
0021648a
001f52fc
00157de0
001fd5a7
00227e83
0028ac4d
001ec970
001630b0
0028ba0e
0020138d
001ffeeb
0021e055
0020214e
00214908
0028ceb0
001babaa
00214fe8
001b145d
001eaded
0021fbd7
0023e422
001c3c17
001fa583
001c3536
00214227
002e0bc5
00206614
001b2c6f
0016265f
001af1fa
00215da9
0016b6cb
0024a4b3
0027add6
00158ba1
002005cb
001cd364
00124808
001de67c
00171714
00197b29
002625d4
0025f5b0
001df43d
0017707c
001da1b6
0023d661
001940b4
00248250
001856e0
001ec28f
001d0388
0015e509
001f1bf7
0026bd21
001bd4ee
00273fcd
001ffeeb
0020fd61
001fea49
001ce125
001d7192
00147f6a
001d6ab1
001d1149
0022ca29
0017a410
0018acd7
00233f13
001bce0d
0020dafe
0025b0ea
001d416e
001ce125
0017bc22
001e16a0
001f1bf7
001e2b42
0025a329
001705e2
001a8761
001ee4f2
002dc01e
00169b49
001e6927
00161c0e
00209d19
00187262
0012d875
001aad34
0024f059
0020282e
00220998
00276ff1
001ad678
00185dc0
00188a74
001e5b66
00194b05
001e01fe
0027f97d
001ac8b6
00215da9
001abe65
001fa583
001a5aad
00260371
001660d4
002269e1
0016008c
0023080f
001c2775
0027add6
001f8a01
001b7135
00186ef2
001a9892
001ef2b3
0017fd78
002ab6fa
0022b587
0014ed74
001f453b
001b28ff
0024c035
001fb344
00262cb5
0021bdf2
002655f8
001807c9
0016ea60
001e3fe4
001d2ccc
00198fcb
0019933b
00192532
001d4f2f
002194ae
00235a96
0026c402
001caa20
001c2e56
00214fe8
00200cac
00236176
0015bf36
00198fcb
0022ec8c
00137d83
001e5b66
00189835
001ffeeb
001df43d
001f755f
001d5cf0
0018158a
001fa583
00143734
001799bf
00276ff1
002270c1
001e3903
00207ab6
002436a9
0018cf3a
0017bf93
0016ba3c
00281be0
00183ece
0024cdf6
001c731c
001864a1
00180b39
002935d9
001eebd3
0018b728
0021c4d2
001b47f1
0016ba3c
00240685
0026f426
0019f6f4
001a04b5
001f8320
00188704
001d33ac
00199d8c
00210442
001ebbaf
002239bd
002496f1
001d63d1
0024b954
00159cd3
0017c673
0015bbc6
0021f4f7
0021e055
0018a5f7
00231cb0
002d28d1
00233833
001d7872
001f60bd
001d0a69
00174057
002935d9
0025275e
001dcafa
001ea70d
0019dee2
001f97c2
001e01fe
001a497b
001ea70d
001f1516
0024e298
001abe65
0021a26f
00167fc7
001eebd3
001b6004
001ffeeb
0018423e
001565ce
0018d98b
001e6927
001b66e4
00191771
001a686e
0017aaf1
001d0388
00209d19
0025cc6c
00239f5c
00228c44
00230eef
0020b1ba
001d8634
00268cfd
00226300
001c12d3
001d1f0b
00235a96
0022175a
0015ef5a
002043b1
001fc7e6
0022b587
002005cb
00261132
0019d801
00193663
001ba4ca
0017bf93
001c80dd
001a3169
001f4c1b
001b6a54
001cb101
0014940c
0018d61b
001d8634
002bfa36
0019f013
001ec970
001b8267
001940b4
002814ff
0018e06c
0019c360
0020138d
0016c7fd
0022d10a
00195fa7
0021800c
00188a74
00257305
001f0755
001d6ab1
00188023
001daf77
001c0512
0013f94e
001c9c5f
001ce125
001b7816
001a6bde
001b74a5
002889ea
002d3d73
0021fbd7
001dcafa
0018f50e
001996ac
001b145d
001d7872
0021a950
00243d8a
002579e5
001acc27
001af56a
001d7f53
001e7008
0021cbb3
00224e5e
001eaded
00210b22
0017f697
0019e252
001e7dc9
0018423e
001dc419
0016e6f0
001e4da5
001e01fe
001e1d81
00215da9
001ec970
0025207d
0014039f
0020f680
00167576
00258e87
001a8e41
00277db2
0021e055
0017e1f6
00161c0e
001e5b66
001b4b62
001969f8
0019f013
0024f059
001a8761
002c8aa3
001c6c3b
0019dee2
0019d491
001eebd3
001da897
002186ed
002ec575
002118e3
00174e19
0022c349
0017a410
0022d10a
00186811
002202b8
001ad307
001abe65
001c3536
0027a015
0022477e
0021b031
001e3903
00221079
00188394
001d560f
00289e8b
001a9c02
001d63d1
0015f2ca
002776d2
001aeb19
001cda45
00150586
0027c278
0022e5ac
001d1f0b
0027c278
001a8080
0020aada
0023b3fe
001aeb19
0026fb07
001f0e36
0023c1bf
00230eef
0021cbb3
001a0145
00233152
002d0d4e
0015b175
001cfca8
001acc27
001bb28b
001ef2b3
0023ad1d
00214227
00219b8f
001d0a69
002232dc
0017c673
00250bdc
0019c6d0
002b4086
00222bfb
003152ce
00276ff1
001e3223
0023b3fe
00160adc
001cb7e2
00182d9c
001aad34
001ceee6
00159cd3
0026d1c3
001dcafa
0016d92e
00241b27
0016076c
002496f1
001f22d8
0020e1df
0024a4b3
00256c24
00199d8c
0021d974
001a2718
00233f13
001762ba
0017586a
0015d3d8
0019eca3
0017de85
0017b1d1
0020e8bf
0021e055
0020bf7c
00180459
001dd1da
0015d067
0023919b
00281be0
001ad307
0018d2ab
00182d9c
001da1b6
0028c0ee
002e79ce
001e7008
00183b5d
001e4da5
0019f384
001ede12
00171033
0012e9a7
00256543
001d63d1
001dcafa
001d1149
0025351f
001ad678
002c381c
001f3779
001a04b5
001ea02c
00242fc8
001e6247
001eaded
0023cf80
001792df
001b7816
001c731c
00184fff
001daf77
001c0512
002b39a6
001b2fdf
00178f6e
001da897
001bdbce
0020bf7c
001b7b86
002239bd
0021724b
001eb4ce
0019e5c3
001ab785
001a799f
00195fa7
001e3fe4
0018b3b8
00121b55
0021800c
001fe368
00193663
001b9de9
00236176
0023eb02
00208196
00179d30
0018acd7
001fd5a7
001837ed
0018f87e
00173607
001d560f
001f60bd
00171714
001c50b9
001b8267
002a5d92
0018234b
001a799f
0021ee16
0018b728
001f6e7e
00208877
001ab415
002186ed
001fba25
0026bd21
001a34d9
001babaa
0017e566
0015b175
00288309
002126a5
00174aa8
001ce125
001d3a8d
00292817
0024b954
002c7ce2
001a91b2
001dcafa
0011dd6f
0015bf36
001856e0
0022d10a
001ca340
001eb4ce
0022553f
001b8947
002466cd
001b9de9
00184fff
001508f6
0015b175
001ab785
001ceee6
0022fa4d
0022409d
0029439a
001f60bd
0022decb
0028b32d
00166e95
00233152
001ede12
0021b031
0021bdf2
0015f9ab
001686a7
002ec575
001ceee6
001ea70d
001c0bf3
001ccc83
002c313b
002315d0
001b28ff
00215da9
001ded5d
00241b27
001a3f2a
0022a0e6
001cb7e2
00197b29
001d93f5
0017bc22
0025f5b0
0015dab8
00260a52
001add58
00281be0
00249011
001df43d
00192c12
001b2c6f
001818fa
0022a0e6
002b854c
00242fc8
001caa20
001f3e5a
002bfa36
002345f4
001caa20
001acf97
00175bda
0014d1f1
00156caf
001de67c
001be2af
00185a50
00151347
0015580d
001eb4ce
001932f3
001bb96b
001d63d1
00203cd0
0028dc71
0016bdac
00220998
001ce125
0017964f
001a3169
00188704
00210b22
001f60bd
002232dc
0017c673
0017a780
001d25eb
0018ee2d
001fba25
0027a6f6
001902cf
001aad34
001fc105
001eb4ce
0022bc68
002814ff
001e7008
0021d974
00151d98
002663ba
00256c24
00204a91
00228c44
00193663
00175189
0019063f
002269e1
00248250
00203cd0
001f453b
001a384a
00231cb0
00188a74
0018e3dc
0022a7c6
001b069c
001f9ea2
00169468
0019933b
0028073e
001afc4b
0026af60
0023a63c
0023cf80
001fe368
001da1b6
0020b89b
00196687
0019eca3
0018fbee
001754f9
001705e2
00238aba
002512bc
001f29b8
00167205
0020d41d
0019a0fd
0018491f
002a18cc
00231cb0
0021800c
001ddf9b
001daf77
00237618
001a8761
002186ed
00239f5c
002118e3
001bd4ee
001a0b96
0029ef89
001e926b
00207ab6
0016b35b
001a91b2
00170953
001d25eb
001bb96b
001dd1da
001ae439
0018a967
002fa188
00214908
001c957f
00233152
001c50b9
001c79fc
00268cfd
001cda45
001d7192
00213466
0017a0a0
0018cf3a
001e08df
001c9c5f
001799bf
0023b3fe
00161f7e
0025cc6c
00211fc4
001aeb19
0018a967
001a8e41
00147889
0016c48d
0022a0e6
001678e6
0020e8bf
0016265f
001b221e
0021800c
001dbd38
0024522b
0016b6cb
0012d505
00167c56
0020282e
001c3c17
0024b954
0025c58c
001d93f5
0028c7cf
0018347d
001e3903
00165d64
0027c959
00203cd0
0018234b
001abe65
002542e0
001d0a69
001af8db
0024d4d7
00170953
00194424
00272b2b
00205172
00174738
0017c303
001dc419
00283082
001ccc83
001a505c
00246dae
0016b6cb
0032bf4e
00208f57
00209638
001db658
0025351f
001cbec2
001c655a
0015bbc6
0018e74c
0019d121
001b7816
001bc72d
001cfca8
00189155
002a0b0b
001caa20
00163790
001799bf
00221079
001b032b
002889ea
001ff12a
00242207
0017cd54
002496f1
0021fbd7
0015580d
002738ec
001c957f
001ccc83
001b9028
0013fcbf
0023ffa4
002383d9
0026d1c3
00290c95
001bf070
0020138d
002436a9
001ad678
00167fc7
00228c44
001a6bde
001be990
001f9ea2
001a0f06
002126a5
001fba25
00216b6b
0012fe48
001d560f
00184fff
00172f26
001fea49
0020fd61
00257305
00205f33
0017e8d6
00172bb6
002d7477
002156c9
0019a0fd
0015c2a6
0023012e
0021fbd7
001c42f7
0028b32d
001aee8a
001dc419
001e2461
0025eecf
00200cac
001be2af
002549c1
001cbec2
0023d661
001b7b86
00178bfe
0020aada
0028ac4d
001db658
001c3536
001d6ab1
0022b587
001f3e5a
00264f18
00173607
00209d19
001dfb1e
00228563
0015ccf7
001ed731
00181fdb
001fcec7
001b66e4
00263395
001be990
0020214e
0013f5de
001fac64
0029d406
0020f680
00228563
0028005e
001fd5a7
0018491f
002d5fd6
0019e252
0013c92a
00180459
002043b1
001bf751
001dbd38
0028a56c
00173607
001d33ac
0016e00f
001b8267
002c539e
002e0bc5
002587a6
00186131
00173607
002436a9
00212d85
001caa20
0016cb6d
001bf751
001ce125
002269e1
0017a410
0024b954
001482da
001a9f73
001a23a8
001e3fe4
0023ad1d
0017d0c4
00197e9a
0016f4b1
001b032b
001fcec7
00183ece
0019a7dd
0015f63b
0017d0c4
001d4f2f
001697d9
0022b587
0025275e
001c3536
0020e1df
00232391
00200cac
0027f97d
0026785b
0024590c
0019e933
0019857a
00297a9f
00208f57
001d484e
0015dab8
001ca340
0016265f
00169468
001ac8b6
001705e2
001dcafa
00210442
0013d00b
0017d434
001dc419
001d25eb
001fdc88
001376a3
0018347d
00228c44
00163e71
0025eecf
00240685
00284c04
001724d5
001902cf
001fc105
0018e74c
00165683
001ab0a4
001f4c1b
001f22d8
0021d974
002436a9
00197b29
001516b7
0021b031
0013f26e
001b4111
0021d974
001da897
00242207
00205853
001caa20
00209638
0026cae3
001c5799
0022d10a
0024ab93
00182d9c
001f0075
00181fdb
0016fb91
00161c0e
001818fa
001d63d1
0013d37b
0018a5f7
00205f33
001caa20
0021b031
001d93f5
0026cae3
0019fa64
001e76e9
0016c48d
0025a329
001aa653
0023c1bf
001a0145
002abddb
001fba25
002269e1
001a6bde
001acc27
0018ba98
001d0a69
00192f83
0018b048
001f9ea2
001d0388
0016b6cb
0025e7ef
002202b8
001c49d8
001ff12a
00262cb5
002a3b2f
00233f13
001f7c3f
0022b587
001e84aa
001dfb1e
001b5923
00183b5d
001c2094
0020c65c
002b5c09
001bdbce
00159963
0014a53d
00194795
002466cd
001fcec7
00213466
001e2b42
002c539e
0022d10a
001e2b42
002a2d6e
001ccc83
001db658
001a2718
0017888e
00170953
001bfe31
001fc105
0018be09
001ef2b3
0020d41d
001c9c5f
0021792c
0017a0a0
00181fdb
001c6c3b
0018cbca
00236f38
001928a2
0029cd26
0020c65c
00189835
00235a96
00203cd0
0018c4e9
002d8919
00187943
0024590c
001f1bf7
0021a26f
001ad307
0016b6cb
002bbc51
001c3536
00275b4f
0022d10a
0025b0ea
0018491f
001d2ccc
00194795
0025da2e
001988ea
0017c673
00278493
001fcec7
0021fbd7
0024e298
0022477e
0028ea32
001ef2b3
001792df
00284524
001affbb
0013ddcc
0023ad1d
001818fa
00174e19
001e6927
00233833
001bc04c
0017e1f6
0024cdf6
001e2b42
00286787
0015625e
00185a50
0027b4b7
0022bc68
00236857
001f9ea2
001856e0
002b70aa
001e76e9
0018c85a
0021b711
001705e2
002269e1
0017c303
0021800c
00188023
001cd364
00193d44
00219b8f
001b3da1
00237cf9
0024cdf6
0027ebbc
001ff12a
001ec28f
001ebbaf
001fba25
0018dcfb
0015f9ab
00150586
00241b27
001add58
002315d0
00182d9c
0016ba3c
00208f57
001f7c3f
001f3e5a
002852e5
001bf070
00235a96
00177acd
001ac546
001c19b4
0023e422
0023919b
0023080f
001cfca8
001d0a69
00284524
00167576
0020bf7c
002905b4
0021ee16
001a64fe
001bfe31
001800e8
0024ab93
0019d121
0023919b
0025eecf
0022251b
0022d7ea
0017ae61
001aad34
0021bdf2
001e2461
0020b89b
00193663
0014a1cd
001ebbaf
0022fa4d
001e8b8a
0012a170
002b930d
00207ab6
001f90e1
001940b4
001c3536
00189f16
00200cac
001a6bde
00152b59
001e4da5
001e01fe
0028ac4d
0022251b
0017699b
0023f8c4
001e0fc0
001f4c1b
00214227
002655f8
001d8634
00195556
001b8267
001c6c3b
00215da9
00158ba1
0018eabd
0019fdd5
001a429b
00299621
001eaded
0019bc7f
001f60bd
001a6f4f
0022ec8c
001c655a
001622ef
0019d491
001fb344
0016ac7b
00162d3f
001b069c
002194ae
0016a59a
001f3e5a
001f3099
001bfe31
0022a0e6
001a6bde
00196d68
00278493
00182d9c
001e0fc0
001f22d8
001f3779
0026bd21
00276230
0029b1a3
001b5242
001c19b4
002579e5
002701e7
00264157
002663ba
0023e422
0027f97d
001ede12
00250bdc
00163420
001f0e36
001ebbaf
0023b3fe
00278493
001ea02c
0020bf7c
001a23a8
00255782
0026ed46
001e3223
0023eb02
0015a043
001e5b66
00231cb0
0021ee16
002579e5
001cda45
002b4767
0020d41d
001f90e1
001f8320
0017b542
0018310c
00146758
00241446
001864a1
0024c716
0021bdf2
0015c616
00189835
0015fd1b
00170272
001ccc83
0015c987
0018c4e9
001c5e7a
001d1149
00188394
0027f97d
0018347d
0028f113
001678e6
0024e979
00264157
00265cd9
001caa20
001e4da5
002bae90
0024748e
0017a0a0
001e5b66
0015a724
00258e87
0019ca40
0018423e
00286787
0022a7c6
002383d9
001d8d14
001690f8
0025da2e
001d182a
001acc27
00205f33
001ed050
00174aa8
00248250
001a8ad1
00240d65
001e6927
0015ebea
001b4b62
0017ec46
0016ff02
002118e3
0020dafe
001cb7e2
00236857
001f9ea2
0029817f
001b1eae
00292137
0016cb6d
001f3099
0021b711
0027add6
001a4cec
001bf070
00278b73
001a9c02
0024ab93
0028ba0e
001dd8bb
0019f013
00196687
001dd1da
001807c9
002bae90
00171033
00181fdb
0019a0fd
001aa2e3
001b4b62
001a0145
00228c44
002436a9
0018423e
00263a76
00263a76
00211203
001acc27
001ad9e8
00174057
00320c7e
001f7c3f
001ba4ca
001724d5
0018234b
0014d1f1
0021c4d2
00183b5d
0017851d
001864a1
002580c6
002f337e
00224e5e
0024c035
00235a96
002345f4
001f3779
001db658
00188a74
001a384a
0016b35b
0016c48d
001a6bde
00256543
00163790
0020bf7c
0015ae04
0017c673
0016d24e
00180459
002353b5
001dd8bb
001cd364
002496f1
002496f1
0018dcfb
0022c349
001c0bf3
0017d7a5
00176d0b
0020214e
001a5e1d
001928a2
0023e422
001d416e
00211fc4
001fea49
001d2ccc
001c80dd
00142292
00172bb6
002269e1
002df723
001c12d3
00173ce7
001fb344
001932f3
0015ef5a
0016c7fd
00201a6d
001d2ccc
00193d44
00175bda
0026af60
001c49d8
00208877
0017d7a5
001a618d
002277a2
00192f83
0017d7a5
001cb101
00184c8f
00236f38
0020282e
0019b22e
001ff12a
001697d9
00270fa9
0022decb
00218dce
00164c32
001d560f
0016d5be
0022a7c6
001a762f
00263a76
001b9de9
0023080f
001b9028
001dbd38
0021792c
001dbd38
0015c616
001fe368
0021cbb3
0020138d
0023eb02
0018a967
001c3536
001af1fa
0019d121
0029583c
0026a880
001fba25
001b0a0c
00238aba
001a3169
001f453b
00192c12
00271689
0016f821
00168337
0015ccf7
001a2718
001e926b
0019eca3
00295f1c
0019ca40
001c8e9e
001b8947
0018158a
00235a96
0026e665
00235a96
001b7b86
00182a2c
0018a5f7
0016edd0
0017c303
0017de85
001afc4b
001d25eb
002035f0
0020b89b
002973be
0025beab
001c8e9e
001667b5
00187262
0014f7c4
00216b6b
001ac1d6
002701e7
001a1957
00220998
002cf8ad
001b258e
001a3f2a
002035f0
0018d61b
0021cbb3
0017a780
001acc27
00246dae
0016d24e
001e2b42
00289e8b
001c655a
0017888e
00189835
0018eabd
00170cc3
001da897
001d2ccc
00214908
00182a2c
0020efa0
001f0755
00260a52
002239bd
002345f4
001cf5c7
001b6374
001c42f7
0018d61b
001e926b
0024f73a
0021ee16
001f0075
001d1f0b
001b3350
001489bb
001a53cc
00159cd3
0018e06c
002b854c
0018234b
0018f50e
0020e1df
001a686e
0017699b
00212d85
00233833
001f59dc
00181fdb
001b4111
00291376
0026d8a4
0014af8e
0029439a
001996ac
0022c349
0019db72
001932f3
0018dcfb
0023f1e3
002a6b54
001cf5c7
00244b4b
001ae7a9
001622ef
0020fd61
0021648a
00171a84
001a6f4f
002277a2
001565ce
0023f8c4
0021e055
001fea49
001b9708
0020b89b
00192c12
0019ab4d
001fc7e6
0021d974
001b6dc5
00237618
00173296
001cc5a3
0018e3dc
00232391
001c3536
00214fe8
001ed731
00203cd0
0015c616
001df43d
0027244a
001f7c3f
001b9028
0019e5c3
001bf070
00284524
002625d4
001df43d
0021f4f7
002d8ffa
001b8267
0017775c
002202b8
00174057
0019b90f
0020bf7c
00295f1c
0025b7cb
0028f7f3
0019b90f
00171033
002579e5
0020a3f9
00213466
001845ae
001a573c
00216b6b
001ae7a9
001ccc83
00184fff
00261ef4
001d8d14
001e5486
00299d02
00189ba6
001bf751
00177acd
001f453b
001792df
0015701f
001d25eb
001ab785
001762ba
001fea49
0027add6
0023ffa4
0021a950
001b6a54
001bc04c
0017b8b2
00159963
001b9708
0019c6d0
0021724b
001800e8
0016189e
0016ac7b
001996ac
001762ba
0017b1d1
00271689
001792df
0028c7cf
002587a6
00192c12
001e84aa
002c4cbe
00265cd9
002d8919
00166b25
001d484e
001c957f
001c5e7a
002b69ca
0016f4b1
002512bc
0024d4d7
001535aa
0020c65c
0018b048
0023987b
001eebd3
00241b27
001c42f7
002ba7af
001bd4ee
001f1516
0018310c
001e1d81
001a497b
0026fb07
001ddf9b
00213466
00194795
0020214e
001b7ef6
0017b1d1
0022aea7
0015bbc6
00177acd
00249dd2
0017d434
001c87bd
001fc7e6
0020dafe
0015580d
001939d4
00252e3f
00173296
0024a4b3
002897ab
00243d8a
00248250
001b6004
001dc419
001c49d8
001ab785
0026861d
00241b27
00287c28
00191400
001d5cf0
001686a7
0017fd78
001aa653
001864a1
001ede12
00152478
0028e351
001e3223
0018536f
001c0bf3
00194e75
001cc5a3
001ac8b6
00139596
001be2af
0026e665
0024b954
001ff80a
00175189
0025275e
001b6a54
00261813
002549c1
0018a5f7
0017b8b2
0017851d
001de67c
0020aada
001c0512
0016a90a
0022fa4d
00196d68
001b4481
001d7192
00192532
001b2fdf
001a9522
001bb28b
001fea49
0025a329
0017cd54
001add58
00259568
0015b175
0022decb
002ccf69
001e2b42
0019d121
001c80dd
0017586a
001e5b66
001452b6
0021d974
0020f680
002897ab
0018158a
00195fa7
00149e5d
0024a4b3
0024446a
001bb96b
001d1149
0016d24e
00167fc7
0025351f
00167576
001f755f
001d182a
001ec970
001bb96b
0023f1e3
0018234b
001e3223
0016c11c
001800e8
00174738
001713a4
00271d6a
0017fd78
0019e933
001bd4ee
001db658
001bb96b
0026e665
001f8320
001fea49
0023d661
001792df
001ef994
001b7816
002542e0
00138eb5
0024446a
001e994c
0016fb91
001e08df
001ea70d
001cb7e2
001b0a0c
0016b35b
001d560f
00212d85
001a2df9
0019820a
00172165
0022ca29
0028a56c
0020b1ba
001a15e7
00198c5b
001ad9e8
00229a05
00186811
00189f16
00248930
0017efb7
001bb28b
00212d85
00286787
0023012e
001f755f
001a6bde
001921c1
00276910
001e7dc9
0027b4b7
0015f9ab
00256543
002579e5
00193d44
001fcec7
001bce0d
0015bbc6
001f1516
0023cf80
00192532
00187943
002b1062
00211203
002eb0d3
002b2504
0023a63c
0016ff02
00187943
0027b4b7
00243d8a
002277a2
0026cae3
001e16a0
001f22d8
0018347d
00157700
0020a3f9
001aa9c4
001e3903
0021b031
0017586a
001678e6
001d484e
0020282e
00194e75
00277db2
0020aada
001b5c93
0017707c
0021b031
002c15b9
001a8761
0024f059
0026fb07
0025fc91
001376a3
001e3223
002d8239
001970d8
002005cb
001cd364
001b7135
0018b3b8
001c2775
00256c24
00171714
001ff12a
001ad678
0014e693
002043b1
002232dc
001ebbaf
0017fa08
00142ce3
0017699b
00160e4d
00199a1c
001d1f0b
0025207d
00244b4b
001ebbaf
001e5b66
001daf77
0015e509
0017db15
0016edd0
002270c1
0027d039
0020138d
002b1e23
0015b175
00202f0f
002466cd
0027ddfb
0020f680
002b1062
001ab785
00183ece
001958c6
0017a0a0
001af1fa
001d7192
00299d02
00297a9f
00186ef2
00182d9c
00207ab6
002a8db7
002859c5
00260a52
0013b488
002625d4
001e2b42
00188a74
001f7c3f
001845ae
002580c6
0021648a
0025275e
00188394
001f8a01
00264f18
00216b6b
00216b6b
001fea49
001b3350
00267f3c
001d560f
002269e1
001ddf9b
001daf77
001f0755
00228563
001c5e7a
00207ab6
002e1986
0020b1ba
001b5923
0017699b
001ded5d
0023b3fe
0022f36d
0028a56c
001ea70d
001a505c
001c6c3b
001ed050
00195556
001b5923
0020b1ba
0014fb35
00294a7a
001ebbaf
00213b46
001f3e5a
001da897
0020fd61
001864a1
001d93f5
001c19b4
00167c56
001c3c17
0017bf93
001fe368
0016f821
001bc72d
001cc5a3
001b5923
0021cbb3
0018a286
00183ece
00198fcb
0026861d
00197b29
00188de5
001f59dc
0017e566
0016edd0
00244b4b
001f3779
002239bd
001b221e
0018acd7
0023dd41
001c0512
00294a7a
00281be0
00206cf4
001daf77
001f3e5a
0017e8d6
0018491f
00160adc
001b4ed2
0021d294
0019933b
00241b27
0017964f
00215da9
00205f33
0018acd7
0015c987
00205853
00275b4f
00174738
001c2094
00165d64
00167fc7
00200cac
00224e5e
0018c179
00233152
002035f0
00260371
002d28d1
001902cf
002d142f
00214908
001b36c0
002f6a83
0025beab
001e01fe
001e46c4
00198c5b
00195fa7
001b7ef6
001f679e
002d8239
00182d9c
0027ebbc
00264837
0019e5c3
00215da9
00158ba1
00242fc8
0025a329
002ae71e
001667b5
001cb101
001b66e4
00209638
0015f9ab
00197449
00172845
0020282e
002c313b
0025e7ef
0025c58c
0024ab93
00299d02
001ba4ca
0022a0e6
0020214e
002466cd
001d182a
0021e055
00215da9
0020214e
00239f5c
001781ad
0021fbd7
00250bdc
001e16a0
0020bf7c
001b7ef6
00243d8a
00165313
002232dc
001c9c5f
0015d3d8
001e5486
0019e933
0017ec46
001e4da5
0019cdb0
001d0a69
001f4c1b
001d0388
00202f0f
00210b22
001f1bf7
001b10ed
00174057
001d7872
001b9028
001d0a69
002c45dd
002466cd
001c49d8
00182d9c
0021d974
002542e0
0024dbb7
001e7dc9
001754f9
0017b542
0024e298
00176d0b
0025fc91
0021c4d2
00214227
0020cd3d
001cf5c7
001c2775
0016ff02
00232a72
0023dd41
001a7d10
0022e5ac
001c655a
0029515b
0016b6cb
001d6ab1
00245fed
0026c402
0026785b
0016e37f
00237cf9
00187943
002156c9
00269abe
001f60bd
00162d3f
0016152d
00224e5e
00240685
0018536f
002ae03e
0024748e
0022ec8c
0020fd61
00132afc
00268cfd
001ce806
0025e10e
001c731c
0018f19d
00183ece
001fa583
00199a1c
002e72ee
00232a72
0029bf65
0015f2ca
001e0fc0
00286787
0025eecf
001fa583
001aa2e3
0028073e
001e0fc0
00208f57
002383d9
00200cac
001b2fdf
0025eecf
001a2718
00267f3c
0023ad1d
002436a9
001babaa
0015c987
001b17cd
0030923d
001678e6
001a04b5
001f6e7e
0028ceb0
0018ba98
00167fc7
001bf751
0021cbb3
00253c00
001d2ccc
0017ae61
001ded5d
002738ec
001e3223
001be990
001724d5
001ce125
00237618
001df43d
0019063f
001b5242
001cc5a3
0019cdb0
0019f013
00220998
001f97c2
0017cd54
001da897
001a91b2
002202b8
00196d68
001d8634
001e3903
002746ad
001b9708
001996ac
001bf070
001b0a0c
0019fa64
00279935
0015f2ca
001d8d14
0021648a
0025da2e
001a34d9
001b8947
001ccc83
0020fd61
001a64fe
001acc27
001800e8
001e5b66
00239f5c
00236176
001781ad
00180459
0023987b
001f1bf7
00183ece
002466cd
00294a7a
001d33ac
001a762f
001a429b
001cb7e2
001e5b66
001c957f
00192532
0022d10a
001eebd3
002587a6
00214fe8
0017c673
00232391
0023bade
001ce125
001c87bd
001e926b
001e16a0
001c3536
001aad34
0019a46d
001a573c
001cf5c7
001df43d
0021bdf2
001b0d7c
002973be
00160adc
002428e8
001fe368
001afc4b
001f8320
00229324
0015e199
001c5e7a
0017586a
001a64fe
0019db72
002a11ec
0023080f
00276230
001826bc
0015b175
00283e43
001e7dc9
002b99ee
00245fed
00174738
002232dc
00208196
0026df84
0015d3d8
001f8320
002935d9
001d182a
0020b89b
0019d801
001c5799
0022bc68
001c6c3b
00234cd5
00234cd5
0020e1df
0019d491
001fba25
001f8320
0019db72
002126a5
001686a7
001697d9
0020282e
00173ce7
001ad9e8
001d7192
00264f18
001cf5c7
001d4f2f
0026e665
00183b5d
001cd364
0025b0ea
0019063f
0015e199
001e2461
001a384a
002a9497
001f52fc
0014d8d2
0015d067
00261813
001a34d9
001aeb19
0028ceb0
002a6473
002b4086
001be990
002625d4
0023cf80
00211fc4
0018536f
001f29b8
001acc27
001d33ac
001951e6
0016076c
002c83c2
001773ec
001a5e1d
00209638
00201a6d
001799bf
00183ece
0017775c
001bb96b
002a6473
00232391
001ea02c
001629cf
00274d8e
001fb344
002156c9
00242207
00220998
0028005e
001ce125
001b2fdf
00179d30
001c3536
0021fbd7
0019aebe
0024446a
0024ab93
00205853
0021d974
00297a9f
0019ca40
0023012e
001f7c3f
0016076c
0022251b
001a762f
0026d8a4
0014c430
0014b9df
001cb101
00171a84
00177e3d
00195fa7
001f22d8
0019b59e
00177e3d
001e5486
00271d6a
001e8b8a
0016076c
0015d3d8
001c0512
00230eef
0021d974
0019d491
001f4c1b
0024e298
001dcafa
00191ae1
00228c44
0024e298
0019db72
0018fbee
001b5242
001bf751
0020e1df
001d33ac
0024e979
0018c4e9
0023ffa4
002156c9
0021d294
001ebbaf
0019857a
0024446a
0023987b
002239bd
002156c9
0021b031
001800e8
001a460b
00226300
001df43d
001d6ab1
001c655a
002466cd
002b8c2d
0025fc91
0016ea60
00186131
00226300
001b8947
002a6b54
0021bdf2
00166444
0017c303
0020efa0
001a9892
001a91b2
0015625e
001e84aa
00236176
002d2fb1
0015b175
001fa583
0025b0ea
00144185
00242fc8
001894c5
001a9f73
001d8634
001e926b
00232391
001c12d3
00214908
0017888e
002496f1
001641e1
001e4da5
0020214e
001d7872
001f4c1b
001d4f2f
001bb96b
002186ed
00191771
001be2af
0015ae04
001a9522
0015d748
0025fc91
001ed731
001dcafa
00173977
001bdbce
001f60bd
001909af
001e6247
001e2461
00255e63
001e7dc9
001dd8bb
001ec28f
001c49d8
001f6e7e
0022d7ea
002701e7
00205f33
001ede12
0020e8bf
00205853
001c0512
001a2038
0025351f
001ebbaf
0019cdb0
001bdbce
0020f680
001be990
00220998
001c19b4
002202b8
0024fe1a
001da1b6
001a1957
001cb101
001f6e7e
001c8e9e
0026f426
001a5e1d
001d484e
001bce0d
00214908
001e84aa
00261813
001b55b3
0025207d
002a8db7
0024748e
001cda45
0021ee16
001b145d
001caa20
00286787
0025d34d
00127f0d
00255e63
001b9de9
001be2af
001a3169
001c5799
00204a91
00280e1f
00168a18
0017e1f6
00228c44
001a3bba
001a460b
001c731c
002af4e0
0021ee16
0023987b
0024446a
00306219
00211203
0015e879
0029583c
002315d0
00201a6d
001a573c
0027c278
001f679e
00183ece
0022d10a
0019d801
0023bade
00180ea9
00182a2c
0022175a
00261ef4
0015de29
00212d85
001909af
0021e055
0028b32d
0018158a
0023919b
00194424
0024cdf6
0019f384
001e3223
001a83f0
00209638
00204a91
001b9028
00276230
00171df4
001cd364
00175f4a
0029d406
001babaa
001eaded
001fa583
001d4f2f
001d8d14
00267f3c
0017d7a5
001e16a0
0021d294
00238aba
001b3da1
00175f4a
001fc105
001f97c2
0022fa4d
0022477e
0025e10e
00191771
0022bc68
002693de
001d7f53
00184fff
00283e43
001d182a
001cd364
00175189
00289e8b
001b4b62
00191090
00242207
002202b8
0023b3fe
002cf1cc
001921c1
001ba4ca
00183ece
001a0145
001a3bba
0018121a
00214fe8
002550a2
001ccc83
00167205
001792df
001fac64
0018b048
0018cf3a
0019cdb0
001d93f5
001c5799
001ec28f
001df43d
002043b1
0019cdb0
00173977
0016f821
00196d68
00237cf9
001ccc83
001c2094
00188023
00236176
0029e8a8
002202b8
0017efb7
0020138d
00225c20
0021b031
001799bf
0027ebbc
001f29b8
0016edd0
002549c1
00221079
00186131
0017bf93
0026785b
001be990
001be2af
0025199d
0025b7cb
0018f50e
0022175a
0024b954
00204a91
001ef994
00191090
0016bdac
001d3a8d
00173977
00188023
0018ee2d
00225c20
0020214e
001e2461
001ab415
0018f87e
00275b4f
001fc105
001bf070
0017bc22
0017f697
001ea70d
001a64fe
002466cd
002965fd
00234cd5
0021b031
00183ece
00174057
001d25eb
002df042
001ff12a
001ede12
0023d661
0023012e
00199d8c
001c12d3
00218dce
0019bc7f
0018fbee
00188de5
00151d98
001bce0d
0021792c
00200cac
001aa653
00234cd5
00172bb6
001762ba
001697d9
00248250
001b2fdf
002738ec
00192532
00249dd2
001b4b62
001d6ab1
001800e8
002d8919
00288309
00173ce7
00227e83
002073d5
002905b4
001a72bf
001ed731
00194b05
001b069c
0016f821
00171a84
0019e933
0021a950
00284c04
00244b4b
0017c673
00191e51
00165d64
002118e3
0022d10a
001a762f
0017f327
0020214e
001bf070
001b7135
00211fc4
001f3099
0026ed46
00272b2b
00249011
00168a18
00205853
0027a015
00198fcb
0023ffa4
00195c37
001c42f7
00161c0e
0025da2e
00188a74
00216b6b
0016e6f0
001a53cc
001ce806
001b3da1
0018158a
00205853
0029dae7
001c80dd
0027d039
002859c5
001f0075
001ce125
001d1149
0018b3b8
00158ba1
00160adc
0018fbee
00214227
00188394
001c5799
001f755f
0024d4d7
0028dc71
001c957f
001bdbce
001ce125
001afc4b
00157a70
001fd5a7
002269e1
0023987b
00206614
001fb344
00208877
001f52fc
00168d88
001826bc
0022e5ac
0024f059
0024c716
00181fdb
0023919b
001b0a0c
0023c1bf
0017888e
002746ad
0021b031
0026bd21
0026af60
0017e8d6
001bf751
00259568
002bec75
001ede12
00197e9a
001a762f
0016afeb
0019dee2
00174e19
001b4b62
001ceee6
0016c48d
00188704
001e5486
002232dc
001d0a69
0015a724
00192532
001b47f1
001ec970
001826bc
001928a2
001ba4ca
00248250
001c957f
001667b5
0013e81d
001754f9
0022d10a
0025aa09
0025c58c
0027ddfb
00230eef
001bdbce
001bce0d
001a72bf
0012714c
001c2775
001d1149
001e8b8a
0018536f
0026fb07
001cb7e2
0024446a
001e08df
001aee8a
001a7d10
001ca340
001e8b8a
00167fc7
0016ff02
00233833
00159963
0017707c
0023ad1d
0023f1e3
001b6dc5
0021f4f7
00214908
00211fc4
00262cb5
001f29b8
00178f6e
00146758
001ff12a
001cd364
001c8e9e
00133f9e
002973be
001c5e7a
0024e979
002549c1
0013eefd
001fc7e6
00180459
001fac64
00247b6f
0025207d
001fba25
0025eecf
0021d294
00236176
001ed731
0028b32d
0018158a
001add58
00232a72
001ab785
0025eecf
001667b5
001d182a
00232a72
002c1c99
00259568
0024fe1a
001e0fc0
001630b0
0021648a
001678e6
001b8947
00195556
0025275e
0029583c
0025207d
0025cc6c
001a34d9
001ded5d
00292137
00174aa8
0016b35b
001f755f
001ed731
001b1eae
001928a2
0023080f
0020214e
001e08df
002a18cc
0018c85a
001875d2
002035f0
001d0a69
0017662b
001754f9
001e3903
0020282e
0024522b
001ce806
00233f13
00211fc4
00175189
001e3903
001a2718
0019f6f4
002466cd
00261813
002ea9f2
001f59dc
0021c4d2
0018be09
00261813
00205f33
001bfe31
001f52fc
0018121a
001bdbce
001b6004
001a83f0
001b7ef6
00203cd0
0028b32d
001d1f0b
00269abe
001bdbce
002c615f
001a505c
0022409d
001eaded
00189ba6
001a0f06
00173977
001abaf5
00166b25
0020138d
001c957f
00189f16
0015de29
001f90e1
001af8db
001f0e36
002eda17
001f8320
0021792c
00239f5c
0017efb7
0022c349
00208f57
0019c6d0
0021c4d2
0023f8c4
0017964f
0026bd21
001a7d10
001cb101
00242fc8
00245fed
0026717b
002889ea
001e8b8a
0021e735
001b7b86
001fc105
0016afeb
002a6b54
0021fbd7
0022477e
001ede12
002383d9
00246dae
001b9de9
0021e055
002aedff
0018d2ab
001e6927
001aeb19
00157700
00246dae
001b9708
001d560f
0020d41d
001d4f2f
001f90e1
0024e298
0016c48d
00241446
0020e1df
001bb96b
00236857
00196317
002186ed
0028c7cf
0016e00f
0022251b
0026bd21
0021800c
002625d4
001a9892
00263395
0022decb
0018e74c
001d0388
0024c035
001f60bd
001a2df9
001ae0c8
0022175a
0014a53d
002428e8
002269e1
001f0075
0016265f
0025e7ef
001fdc88
00204a91
00293cb9
001da1b6
0023f1e3
00239f5c
0017aaf1
0023eb02
0017851d
002239bd
002a6b54
00228c44
00273fcd
00195fa7
001a5aad
001c50b9
001f4c1b
0028c7cf
00267f3c
0021648a
0027b4b7
001754f9
00248930
001cfca8
001fea49
00219b8f
00210442
0016152d
001471a9
001d93f5
00292137
0029a3e2
001837ed
0023f1e3
001ea70d
001a04b5
001d7192
001afc4b
002466cd
0019cdb0
00207ab6
0023dd41
00191400
002dd4c0
00289e8b
0019857a
001d25eb
0015f9ab
0020f680
00260371
0016ea60
00236176
00166e95
001c0512
001678e6
00203cd0
00140a80
001abaf5
00278493
002428e8
001a8080
001dbd38
001d7872
00181fdb
00271689
001ef2b3
001958c6
002550a2
001add58
002a5d92
00178f6e
0016265f
001a573c
00271d6a
001d25eb
001f8320
002d3692
0015d3d8
0026cae3
00168337
00227e83
0022175a
00159cd3
001c5e7a
001f3099
0020cd3d
0022553f
0023012e
001da897
001ea70d
001e6927
001a8e41
00167576
00197449
002186ed
0022e5ac
0013e4ac
0019f6f4
001b069c
0018b048
001c80dd
00208877
001dc419
00188394
00212d85
001e994c
001c79fc
0013b7f9
00159cd3
0019dee2
001d5cf0
0019aebe
0014c7a0
00252e3f
001a8e41
001fc105
00173977
00233152
0025eecf
0028ac4d
00160e4d
001fea49
0018a967
0017775c
0022b587
0018121a
001da897
00271689
0027a6f6
00264157
001e46c4
0017d434
00170272
0025351f
00168d88
001f1bf7
001e16a0
002353b5
0028073e
001678e6
00246dae
001b0a0c
002a6473
0019e933
00169468
0016152d
0027320c
0023c89f
001e5486
001ab0a4
0025da2e
001b1b3e
002156c9
00232a72
00196687
001641e1
001ff80a
0022decb
0017707c
0026c402
001928a2
001ef994
0021a26f
0018d2ab
0021d974
00253c00
0023c1bf
001bb96b
001be2af
00219b8f
001cc5a3
002a2d6e
001ddf9b
0022d10a
001c731c
0024522b
001ab785
0024e298
001641e1
002e80af
0020c65c
001ff80a
0025275e
002708c8
00233f13
001f97c2
002345f4
002579e5
001c2775
00226300
0029817f
00198c5b
00177e3d
0029e8a8
00195c37
002905b4
0028073e
001db658
00236f38
002a042b
0016f141
001ef994
001b3350
0015ccf7
0026b641
0024446a
001e5486
00191090
001b6374
001a04b5
002d7b58
001a2df9
002496f1
0025e10e
00259c48
0018eabd
001b3da1
001a0b96
00264157
0018cbca
00220998
0015ae04
001792df
001f59dc
0020fd61
0025351f
002383d9
00243d8a
0016ba3c
0021724b
001b069c
00207ab6
002a344f
0027bb98
00169468
00180b39
001c80dd
00197449
00233f13
0024522b
0018f19d
002436a9
00167c56
0029f669
001b069c
001f755f
002345f4
00162d3f
001dd1da
001aeb19
00219b8f
00265cd9
001a762f
0016afeb
0021ee16
00213b46
002a0b0b
001b8267
001bc72d
00189835
001894c5
002822c1
001bc72d
0015e199
001cda45
00205172
00196317
0022decb
0020138d
001724d5
0015d3d8
0015ef5a
00263395
00200cac
001c42f7
00170272
00287548
0023ad1d
0017b1d1
00232a72
0016265f
001ac1d6
001603fc
001c42f7
0021800c
00213466
001d1f0b
001921c1
001a5aad
001be990
001b8947
00262cb5
001e4da5
0017699b
0015ae04
0017662b
0028c0ee
0021c4d2
0023eb02
0028ba0e
001b74a5
001ec28f
001c731c
002b4086
0020c65c
00304d77
0028dc71
001e76e9
0029aac3
001dc419
0023bade
00201a6d
0023cf80
0026ed46
001f3779
00158831
001c12d3
00206614
001bd4ee
00208f57
0024dbb7
0022e5ac
001e7008
001db658
001a686e
00194e75
001f60bd
00207ab6
00256c24
001988ea
00262cb5
0018a286
001ab785
001f0075
0027a6f6
0020d41d
0018e74c
00214908
001acc27
0022ca29
001d0a69
001b1b3e
00191ae1
00283e43
002550a2
0018be09
001e6247
00265cd9
001e2b42
001c2775
00172f26
001ef994
00241446
0020cd3d
0023cf80
001aee8a
001e5b66
001e84aa
001f29b8
001d63d1
0029515b
00221e3a
001f0755
00248250
00206614
001cda45
00234cd5
001f0075
001c2e56
00178bfe
001b9708
0016189e
0020b89b
00169eb9
00211fc4
001f60bd
002c9184
001ab785
0016b35b
001a7d10
0021792c
00205172
0018121a
001fdc88
00214227
001de67c
001e4da5
00274d8e
001cf5c7
002cdd2a
00189155
0017964f
001e0fc0
002315d0
0024fe1a
001c0bf3
001babaa
002277a2
00261ef4
001de67c
0016d24e
001a2038
0024d4d7
001b17cd
0022decb
0023cf80
0021ee16
00203cd0
001e01fe
00284524
0024fe1a
001d4f2f
00249011
0020214e
0021cbb3
001f59dc
001cd364
0023e422
00191400
00206614
002a4210
00213b46
0026af60
00230eef
0025b0ea
002504fb
001bc04c
00256c24
001f1bf7
001c655a
00264837
0027320c
002277a2
00168a18
002043b1
001ba4ca
00196687
00178bfe
0023e422
0023b3fe
001f90e1
001c49d8
00159963
0023ad1d
0018ba98
00205853
002126a5
0023b3fe
001a2038
002bb570
002428e8
0019eca3
002550a2
0022d7ea
001d8d14
0022251b
0021ee16
001a1276
00151d98
00241446
001ee4f2
001daf77
001af1fa
001de67c
001e84aa
001f97c2
0022553f
0017699b
0010e269
001d25eb
00225c20
0018e06c
001d25eb
001e7008
001fa583
001e1d81
00264157
0021e735
00206cf4
002186ed
0022ec8c
0015436b
0016f821
001ceee6
001c731c
001a9892
00238aba
0029fd4a
001e6927
0015d067
0018b728
0024f73a
0022fa4d
00214227
001b28ff
0023cf80
00224e5e
001d182a
0022553f
002cf1cc
001f3e5a
0016afeb
0017a0a0
00224e5e
0027e4db
001845ae
00276910
0016f4b1
002542e0
00236857
0020e8bf
00266a9a
00215da9
0017c303
0019f6f4
001f97c2
001b66e4
0023f8c4
001e16a0
0027f97d
001482da
001659f3
001ca340
0016265f
001ef2b3
0022251b
0022bc68
001dfb1e
001e76e9
00190d20
0024cdf6
002b1e23
0022c349
002cf1cc
0017d7a5
00283082
001f3099
00210b22
00206614
00216b6b
0021c4d2
001ea70d
001cbec2
001b145d
0018234b
001d8634
001977b9
001abe65
001a23a8
0017cd54
0016c11c
0022553f
001d560f
00227e83
0017d0c4
00227e83
001fdc88
00250bdc
0022ec8c
00186131
00231cb0
001c3536
00245fed
001e1d81
002f1edd
001aad34
001ddf9b
001d63d1
001ef2b3
0022fa4d
002239bd
0019c360
0018c179
0022c349
001f7c3f
00153ffb
00183ece
001894c5
001dbd38
001a4cec
0017699b
001ac546
00159cd3
001fb344
001d182a
0025b0ea
00231cb0
00175189
001e926b
0021a26f
001be990
0020b1ba
00276230
001e994c
00258e87
0016ba3c
00197e9a
00158ba1
002186ed
001fc7e6
00257305
001dfb1e
00261ef4
001b0a0c
00198c5b
0016076c
00247b6f
0025b0ea
0029439a
001b7816
001e6247
00163e71
00167fc7
0021a26f
001bc04c
0023919b
001c5799
002a268e
00284524
0018acd7
0025b0ea
001ebbaf
001b47f1
001d7872
001bf070
00237cf9
001e3fe4
001f9ea2
001546db
0022477e
0020d41d
001a6f4f
0018ee2d
0022d10a
001aee8a
00232a72
0020138d
0022a0e6
001fc7e6
001cb7e2
001f6e7e
0022175a
0020e1df
0019bfef
0029e1c8
002428e8
001f52fc
0020bf7c
001bdbce
00232391
0015ebea
001e5b66
0016b35b
001c3c17
00211fc4
001921c1
002693de
001cf5c7
002a86d6
002073d5
0024c716
001b5923
001c5e7a
001ff12a
00258e87
001f9ea2
001f3e5a
001f52fc
0024f73a
00272b2b
001de67c
00206cf4
0021e735
001c50b9
002a48f1
0023c89f
002af4e0
001aa2e3
001e84aa
0012f3f7
0019f013
00283e43
001c2775
001a9c02
001cb7e2
001e3fe4
00174057
001e6927
00237cf9
0015b175
001f0e36
0029583c
001c42f7
001b4b62
00237618
0024e979
001e994c
00236176
0017fd78
00222bfb
0024c716
002353b5
0022aea7
0026d8a4
0024446a
00173607
002035f0
001fd5a7
00298f40
00238aba
0029f669
001a9522
0016ff02
0013b7f9
001bce0d
001a686e
0024c716
0017c9e3
001dbd38
002afbc0
001b4ed2
00198fcb
001d8634
002b1062
0017e8d6
001cbec2
001845ae
00246dae
001584c1
00283082
00283e43
0021f4f7
001cfca8
001ac546
0018cbca
0025b0ea
001cda45
0016d5be
0024b274
0026af60
00244b4b
001eaded
00203cd0
001d1149
001f59dc
0025a329
00230eef
00255782
0021e055
001f9ea2
0024ab93
002db93d
0018536f
001a505c
00248930
001e7dc9
00212d85
0017b8b2
002625d4
001af1fa
00172165
00221079
001686a7
0021cbb3
001ee4f2
00219b8f
0019fdd5
00133c2e
001a53cc
001e7008
001b1b3e
0017707c
00175bda
001fac64
001b4b62
00220998
002005cb
0021f4f7
001fba25
001bc72d
00208196
0021e735
001c50b9
00220998
0017f327
001c50b9
001516b7
00287548
0021800c
001fd5a7
001cc5a3
00188394
0022c349
001b221e
001ee4f2
001c3536
0020f680
00261ef4
001c9c5f
001ff12a
001e5486
001b66e4
00207ab6
00214908
00167205
001e76e9
001ded5d
0016ac7b
00188023
002b62e9
00183b5d
0021d974
001ae439
0021d294
0020214e
001c6c3b
001da1b6
0017bf93
001acf97
001e7dc9
001b258e
002829a1
0019d801
001b7816
002663ba
00236f38
001c8e9e
0017a780
0017d0c4
001b9028
001c2775
0025cc6c
001fc105
001c42f7
0025fc91
0017ae61
00247b6f
001ddf9b
0018310c
001a505c
00249011
002073d5
00218dce
0021a26f
001b66e4
00283762
001e6927
00233152
001b4111
001e3223
001f90e1
0016c7fd
0025f5b0
001e3903
001ce125
002bd0f3
00233f13
001a686e
001d2ccc
00167576
0017888e
00255782
001902cf
001cf5c7
001a7d10
001d33ac
002383d9
0019820a
001713a4
0017c9e3
0019c6d0
001d484e
00267f3c
0022409d
0020282e
00213b46
0020b1ba
0016afeb
0021e735
001ebbaf
001bc72d
0013a6c7
001da1b6
0027f97d
001a1cc7
001babaa
001a9892
001856e0
002cad06
0016c7fd
0022e5ac
0021792c
00280e1f
0024e298
0022aea7
0015d067
00298f40
002822c1
0021e735
00181fdb
001a1276
00276910
001d8634
00233f13
0024d4d7
00237618
00270fa9
0015b175
00185dc0
0018536f
00158150
0026f426
001c19b4
002186ed
0019fa64
00244b4b
001837ed
0016bdac
00213b46
001c79fc
0015693e
001ded5d
001f29b8
001ce125
002c539e
00186b82
00169b49
00283762
001c9c5f
001f7c3f
001b9028
0018cbca
0017b8b2
0016cb6d
001a8e41
00163420
0024fe1a
001f90e1
0015d067
001ea02c
002db93d
001d1f0b
001928a2
0020bf7c
00209638
00208f57
001a0826
001f4c1b
001fc105
002118e3
002315d0
001bc72d
001a0f06
001d1f0b
00214908
0021648a
001f679e
0024cdf6
0025e10e
001d5cf0
002b854c
001d560f
0023987b
001b221e
001a8761
0022f36d
00232391
001ba4ca
001a3bba
0027ddfb
00221e3a
001ca340
001eb4ce
0017b542
00166444
001cfca8
0018b728
001d0388
0018ba98
0019dee2
0029ef89
0027add6
0022ec8c
001f4c1b
001bd4ee
001d6ab1
00171714
001e926b
0022175a
0019f6f4
002693de
00270fa9
00261132
0025b7cb
001ce806
0023e422
00271d6a
00209638
00199a1c
002436a9
0023c1bf
0030e4c4
001cb101
00233152
0020d41d
00205853
00174e19
001ec28f
001be990
0019ca40
001c8e9e
001da1b6
001f7c3f
001c87bd
0016ba3c
001e5b66
00253c00
00221e3a
001a34d9
0015c987
0023f1e3
001f90e1
001e46c4
002466cd
001921c1
001e1d81
001a9c02
0019b59e
001667b5
0024a4b3
001e994c
001c49d8
0020282e
001d93f5
001f52fc
0019f6f4
001e01fe
0026af60
001648c2
001b7b86
002c9f45
001a53cc
0017c303
001eebd3
001ef2b3
0017d0c4
002118e3
0018f50e
00257305
002d6d97
0023eb02
001e3223
0019dee2
0023eb02
0022a0e6
0018b728
00205853
00256543
00182d9c
00173ce7
001eaded
00260371
001a384a
001fba25
0029817f
001c2e56
00188023
00276230
001dd1da
001f1bf7
001c3c17
0021bdf2
001fcec7
00224e5e
001b258e
00230eef
00209d19
00278b73
002353b5
001f679e
001f9ea2
001c19b4
0020bf7c
00196d68
001705e2
0029aac3
002186ed
00307d9b
0020138d
001b9de9
00228563
00199d8c
001c49d8
001fc105
001678e6
001b3da1
0017b1d1
001fa583
00261813
001a762f
0021bdf2
00241b27
0022553f
00226300
001ded5d
001abe65
00194424
0021d974
00175bda
002239bd
00197449
0025199d
001856e0
0026bd21
00299d02
001ec28f
0029817f
001940b4
001cc5a3
00302434
001b9028
001e46c4
0018234b
001ce125
001a6bde
0027d039
001c49d8
001c5799
001b2c6f
0020cd3d
001713a4
00191ae1
0022175a
0022e5ac
00169468
0021b711
001c0bf3
0016265f
001a2038
001e926b
00186811
0020138d
00211203
00237cf9
001dc419
0018a5f7
0024cdf6
0023a63c
001b3350
001e7dc9
001abaf5
001f22d8
00170953
001ea70d
00277db2
001622ef
001e6927
00195c37
00225c20
001951e6
0029bf65
0023b3fe
001c5799
001a429b
00298f40
001754f9
0012638b
0029583c
001a91b2
001f3099
001a686e
002af4e0
0016b35b
001fb344
00161c0e
0021b031
001ede12
00175189
001f60bd
001e6927
00221e3a
0025cc6c
001713a4
0024fe1a
001754f9
0016dc9f
001cc5a3
0022aea7
0023f1e3
0022409d
0015b4e5
001e08df
002aedff
001b8267
001f59dc
001d7f53
001595f2
001800e8
00234cd5
00161f7e
002ceaeb
001e926b
0026a880
00264157
00238aba
001b9de9
00174aa8
0022aea7
002269e1
0016dc9f
0024e979
0026b641
0021b711
00286e67
00233152
00278493
00196317
0020fd61
002fed2f
00151a27
00236857
002c4cbe
0018ff5e
0022d10a
001a762f
001d7f53
001b66e4
001648c2
001762ba
0019ab4d
001aeb19
001e926b
0026717b
00286787
001aa9c4
0016afeb
001d7192
001d0a69
001f7c3f
0017775c
001d7872
0017ec46
0021a26f
0022e5ac
001bc04c
00206cf4
0024522b
00227e83
00208877
001d7872
0025a329
00173607
002bca12
002d5214
001c2094
0026c402
00154dbc
00173607
001b9708
0017fa08
001a8ad1
00238aba
001ec28f
00164c32
001f0075
00225c20
001ff80a
002f337e
001db658
0018ba98
00172165
00227e83
00169468
0016e6f0
00252e3f
0021792c
0029f669
00171033
0025da2e
0020214e
00255e63
002776d2
00262cb5
0020d41d
0019bfef
001f0075
0025d34d
001f0075
0025199d
0019fa64
002345f4
0028073e
001e3223
002315d0
001a0145
0016e00f
001d560f
00194795
001dcafa
001875d2
001e7dc9
001ded5d
00278493
0020b89b
001697d9
002073d5
001b10ed
0022bc68
001b7816
00220998
0029b1a3
0022ca29
0017775c
00206614
0029583c
001ea70d
0021800c
001d7f53
001b145d
0028f113
00177acd
00169468
00296cdd
0024dbb7
0023b3fe
00248930
001c6c3b
0017de85
00242fc8
00168337
00215da9
001e8b8a
0019a0fd
0018121a
001e0fc0
0021c4d2
00263395
00197e9a
00238aba
00193d44
00231cb0
001ede12
001939d4
001d6ab1
0024cdf6
001d0a69
001958c6
001dd8bb
00216b6b
00277db2
0019933b
00214fe8
002be595
0021d294
002579e5
00194795
0023987b
001cb101
001b0d7c
002c6f21
001951e6
001f59dc
0022409d
00274d8e
0028ceb0
001dfb1e
001f6e7e
002542e0
001a2df9
001837ed
002239bd
001c655a
001f29b8
001d4f2f
00174aa8
001d9ad5
00165683
001ca340
001818fa
001c50b9
00188023
001e7dc9
002c0117
00152108
00229324
001b2c6f
0015c2a6
0020b89b
001cda45
00236176
002852e5
001b17cd
00184c8f
0019820a
00255e63
0019cdb0
00211203
001c19b4
001a8761
001fcec7
00181fdb
0017aaf1
0018be09
001b8947
0022aea7
0021d974
001a15e7
00233f13
00180ea9
001f22d8
001e76e9
00191e51
001ede12
001da897
0020aada
0020e1df
0026fb07
001bf751
00200cac
002df723
0021a950
00247b6f
0017f327
0017c673
00233152
001babaa
00189f16
001e84aa
001fba25
0021bdf2
00249dd2
00173ce7
001e5b66
00189f16
00236857
0025da2e
001fdc88
001f4c1b
00266a9a
001c957f
0018234b
001ec28f
00259568
001cd364
001d33ac
001f3099
00248930
0028073e
001e46c4
00273fcd
001e7dc9
0025b7cb
0027bb98
0020b1ba
00232a72
00229324
00158f12
001a9522
0023919b
00237cf9
001f755f
0017e8d6
00199a1c
001d2ccc
001b032b
00163b01
00273fcd
0016c7fd
001818fa
00214fe8
001e0fc0
001e6927
001678e6
0029f669
00194795
0022c349
0023eb02
002118e3
002b930d
0024ab93
00227e83
00174057
001daf77
0027ebbc
002973be
00249dd2
0014b9df
00249011
00181c6b
00159282
001d6ab1
002822c1
001ac546
0019820a
001b4111
0024a4b3
00144185
0025275e
001fc7e6
0016f141
00172bb6
00203cd0
0028073e
001bdbce
001bce0d
0028c0ee
00249011
00209d19
001a0826
002466cd
00241b27
0024522b
0018d2ab
00188de5
001c731c
0021cbb3
002a4210
0024cdf6
0016ac7b
0031c0d8
00191e51
00229a05
001921c1
0018be09
0026785b
00212d85
00157a70
001565ce
001a686e
001d484e
002a4fd1
0029583c
0025207d
001c0bf3
0021648a
001c2e56
0023080f
0017f327
0019dee2
001508f6
001e994c
001c8e9e
00174e19
00273fcd
001d25eb
002aa258
002625d4
0023a63c
0023f8c4
0021e735
00262cb5
0025275e
001d1149
001fa583
0021792c
0015436b
001fcec7
00171033
001c9c5f
001a429b
001ae439
0015391a
00272b2b
001bfe31
00195556
0024d4d7
002a5d92
00149e5d
00231cb0
001c8e9e
001b3a30
002118e3
00261813
0024b954
001a618d
001d560f
001c3c17
0025aa09
001a91b2
001ea02c
0018c4e9
00199a1c
001d7192
00135e91
00189835
001622ef
001a2038
001c5799
00237618
0022c349
001a53cc
001b10ed
0019933b
002580c6
001f4c1b
001c79fc
0018f19d
002e80af
001d484e
002b1e23
001b9708
001ed050
0016fb91
001b47f1
002a9497
0019933b
001705e2
002353b5
001dc419
0016a59a
0018f87e
001bf070
0021800c
002186ed
001b7b86
0018acd7
002549c1
002383d9
001de67c
001d0388
00209d19
00182d9c
00248250
0014fb35
001be2af
0023d661
00203cd0
001611bd
001ef2b3
001660d4
0026bd21
001d33ac
0029b1a3
001f22d8
001bd4ee
001e3223
002bfa36
0023eb02
00259568
0026d8a4
001743c8
001f60bd
0024590c
001d0388
001a505c
001e926b
00240d65
001e6927
0030f966
001a0b96
001df43d
0019c360
001b9de9
00207ab6
0020138d
0025207d
0018b728
001f9ea2
00260371
00209d19
002035f0
001dd1da
0016c11c
00203cd0
0023f1e3
0016edd0
0022175a
001dd1da
00284c04
001a2df9
001641e1
00248250
001e6247
0024fe1a
00225c20
0018acd7
002126a5
00194795
0020cd3d
0023bade
001cd364
001a9f73
001b47f1
00206cf4
0015391a
0017d434
0028ba0e
00276ff1
001dc419
0026717b
001a460b
001e6927
0019b22e
001a460b
0019820a
0021724b
00263395
001807c9
001d182a
001a23a8
001eebd3
00198fcb
0024ab93
0021e735
001d9ad5
001f8a01
00174e19
0016bdac
001909af
001a6bde
00278b73
001f90e1
001e0fc0
0023e422
00213b46
0020214e
001690f8
0016b35b
001f52fc
001a799f
001b0a0c
002579e5
0026cae3
001864a1
0022a0e6
0021b031
0017707c
0017c673
001ea02c
0025b0ea
001b258e
00269abe
001e994c
0026cae3
0019bfef
001dfb1e
00202f0f
00238aba
001b9708
0018e06c
0026d1c3
00216b6b
001970d8
0016e37f
001a1276
001de67c
001a8080
0024590c
001e6927
002035f0
00211203
001ec970
001a429b
001f1bf7
00187943
001eebd3
001958c6
001a83f0
001ef2b3
001c2094
0024d4d7
00172845
0014c0c0
0025cc6c
001ea70d
001463e8
001c0bf3
0020214e
002580c6
001e994c
00286e67
002043b1
001aa9c4
001d3a8d
00170953
0028005e
00168d88
001d9ad5
0029c645
0020e8bf
0024c716
00211fc4
001e994c
0019bc7f
002428e8
0019c360
001845ae
0018234b
00286787
001cb101
001de67c
001b9de9
001ee4f2
001ce125
00167205
001ebbaf
001ea70d
0016265f
00205172
0012b2a2
001a2718
0020138d
001eebd3
00198fcb
00233f13
0017bf93
002d8239
0025aa09
0022c349
001ea02c
0020bf7c
00232391
0020214e
00255782
0020138d
0035916d
00218dce
0023cf80
002ccf69
00240d65
001e5486
0022175a
0016d92e
0026785b
00150c66
00213466
002ea9f2
0018ba98
002383d9
0020f680
00256c24
001e76e9
00295f1c
0021800c
0026df84
001b2fdf
001c0512
001ae0c8
002232dc
00204a91
00169b49
001c0512
0026f426
0026861d
001ec970
002345f4
00237cf9
001f3099
001d8634
002005cb
0022ec8c
0029817f
0022f36d
0023dd41
0019d801
00233f13
001ea02c
00227e83
0019ca40
001b0a0c
002693de
0021a26f
002829a1
0022decb
00208196
002cff8d
0019dee2
0021c4d2
002194ae
001c3c17
001a4cec
0017699b
00269abe
001e6247
001ce806
0027e4db
00215da9
0021fbd7
0023e422
00166444
002496f1
0027b4b7
001d6ab1
00205f33
001ded5d
002a3b2f
001713a4
0017ec46
0022553f
001ce806
0023f8c4
001d7872
0018b048
0019fa64
001af8db
001b7ef6
001b36c0
0023e422
002814ff
0018f19d
0014cb11
001ab415
001b4481
00255782
001f0075
00233833
0015693e
0026fb07
00278493
0022477e
001dc419
00185dc0
00221e3a
001d1149
00185dc0
00284524
001be990
0027c278
00255e63
0023eb02
001ce806
0024c035
0020f680
0020e8bf
001bb96b
001af56a
00205f33
002a9b78
002905b4
0017de85
001b36c0
0021bdf2
00188a74
0021d974
001c79fc
001a9c02
001d3a8d
001a1cc7
00203cd0
002542e0
001c87bd
0018491f
0024a4b3
002ab6fa
001f22d8
001e0fc0
001b069c
0025eecf
001a2038
0021c4d2
001f3779
0023ad1d
001b8947
0018a967
002701e7
002239bd
00162d3f
0020fd61
00202f0f
00239f5c
0023080f
001cb7e2
001c3536
001bc72d
001b8267
0018d61b
001e7dc9
001bb28b
001b5923
001546db
00194e75
00281be0
00224e5e
001f3779
001b3a30
0029c645
002156c9
001eb4ce
00248930
002860a6
001d4f2f
00259c48
0019fa64
001b66e4
001fba25
00172165
00187cb3
0024b274
001da897
001ad307
00278493
001ce806
001e2461
001d93f5
0020dafe
0017b542
00292137
001f3779
0022decb
002cb3e7
001c731c
001ff12a
002c3efc
00208f57
001c731c
00267f3c
0022bc68
00214227
00242fc8
0021724b
001b9028
002194ae
002e8e70
0024f059
00229324
0019b90f
001aad34
001acc27
001d1149
00292817
00241446
00153c8a
00248250
0029f669
001f8320
0022175a
001c3c17
0019a0fd
001a9c02
00234cd5
001a83f0
001a8080
0015f2ca
001bc72d
002a11ec
0017bf93
001a2df9
00264837
00206cf4
0024f059
00235a96
0021d294
001db658
001d7192
0023012e
0021e055
00191ae1
0027f29c
002cbac7
00202f0f
001ce125
0017b542
001ef2b3
002550a2
001f0075
00232a72
001837ed
0023cf80
0025beab
001f0075
001773ec
001d484e
00192c12
001fdc88
0023eb02
001f0e36
00152478
001e1d81
001792df
00264f18
0027b4b7
00274d8e
0020cd3d
0025da2e
001c87bd
001ec28f
001e5b66
00221079
0017ae61
001826bc
002db25d
00174738
00267f3c
00218dce
0019063f
0019820a
0019b22e
002d3692
00283082
001c6c3b
00176d0b
0023987b
001fc7e6
0019063f
0027add6
001a384a
001dcafa
001c8e9e
00225c20
001f0e36
00250bdc
0026d1c3
00206614
0022fa4d
001acf97
001e01fe
0020f680
00209638
0020214e
00252e3f
0021648a
001c0bf3
0019a0fd
001f0e36
0015e199
001bd4ee
00250bdc
0015b855
002afbc0
0018cf3a
001e3223
001bf070
001a04b5
00181c6b
0018f50e
001b66e4
002897ab
001d63d1
001f59dc
001cbec2
0017e1f6
001d25eb
00173607
00256543
001ea70d
001c50b9
00191ae1
001939d4
002a9b78
00176d0b
0022aea7
001c49d8
0023c89f
0025cc6c
001fc105
001d560f
00221079
001f453b
001c0512
00286787
00176d0b
001a64fe
001f4c1b
001b7816
001ed050
00168a18
002822c1
00212d85
001e1d81
001a799f
0017d434
00205853
001d93f5
001792df
002663ba
001bd4ee
0025275e
001a3bba
00267f3c
0017c673
001e994c
0020d41d
0023012e
00179d30
0023c1bf
00199d8c
00209d19
002a344f
0027244a
001e3223
001bf070
001add58
00221079
001d93f5
002b32c5
00264837
0019ab4d
00150fd7
0016b6cb
00245fed
001e5b66
00211203
00236176
0021c4d2
0016076c
0018c4e9
001f6e7e
001eb4ce
001c2775
001d9ad5
001648c2
00224e5e
002701e7
00208877
0026d1c3
001dfb1e
001f90e1
00175189
002d8ffa
0016265f
002b1743
0018be09
0016d24e
001b47f1
001d7872
001c731c
0024b954
001932f3
001d8d14
0021b711
001dd8bb
00197b29
002c539e
00236857
00196687
0023012e
00179d30
001a2df9
00204a91
00159963
0023f1e3
00261132
0027f97d
001a15e7
00250bdc
002d21f0
0027546f
001fea49
0025beab
0022c349
001fe368
001b17cd
0026d1c3
001ac1d6
002a18cc
001bf751
00242fc8
00291a56
002239bd
001bc72d
0018b048
0016bdac
0017888e
0019bc7f
002a5d92
00182d9c
0012c063
0018e74c
00198c5b
001f1516
001a799f
00191ae1
002277a2
001a91b2
00158150
0018b728
002232dc
0017bc22
0024590c
0017a780
0024c035
001cd364
00186b82
00271689
0023ffa4
001d8d14
00212d85
001ef2b3
001a505c
001ffeeb
0018347d
001fb344
002580c6
0016e00f
00234cd5
001e7008
001c12d3
0025da2e
001fc105
001bfe31
00237cf9
001ddf9b
0020282e
00192c12
002e8e70
00279935
002b39a6
001a91b2
002043b1
001c87bd
0022a0e6
0020cd3d
002542e0
0020cd3d
00186811
001c80dd
001a3f2a
001a2718
00235a96
001f59dc
001a8ad1
00196317
001f29b8
002269e1
001ed050
001e926b
001bce0d
002156c9
0023cf80
00264157
002c8aa3
0016d24e
001ac8b6
0021a26f
001bb28b
001d33ac
00174738
00205f33
001f3e5a
001fcec7
0022409d
001bfe31
002428e8
002005cb
0025a329
002889ea
001894c5
00186131
0018c179
001a8761
001d8d14
00195c37
001ad9e8
00240685
0029d406
001fac64
001ee4f2
001f59dc
0021e735
001af56a
001b7b86
0020f680
0016b35b
0023c89f
00222bfb
001c3c17
0024c035
001cbec2
001f755f
00236176
00194e75
001ba4ca
001f0e36
00249011
0014bd4f
001eaded
00166b25
0017b8b2
00204a91
00227e83
00248930
0023c89f
00147f6a
0017c9e3
001a8761
00202f0f
001c49d8
001b6a54
001a2df9
0017bf93
0025cc6c
001f60bd
001acf97
002a8db7
0021d294
0020d41d
001b7135
001a762f
001a23a8
0015fd1b
00172845
00234cd5
0020dafe
001a72bf
001be2af
0020f680
0017e8d6
00214227
001babaa
00204a91
002a268e
0024cdf6
002738ec
0021e055
001aee8a
001ba4ca
00173ce7
001b3da1
001678e6
001fc105
00213b46
0022251b
0021a950
0019aebe
001f1516
00264837
0022ec8c
0017888e
001caa20
0029583c
0022ec8c
00181fdb
00229a05
0024ab93
001a4cec
001b36c0
0019063f
001b9708
00181c6b
001b032b
001c80dd
0020e1df
0022175a
001da897
00173607
0023a63c
001ad678
001f97c2
001641e1
001aad34
0024446a
00243d8a
00235a96
001e5486
001b6dc5
0023012e
001f3779
00224e5e
0020f680
001e01fe
00162d3f
0020f680
001bd4ee
0023e422
00229324
0018e74c
001b47f1
001f3099
001ee4f2
0011d68f
00221e3a
001a6bde
001e08df
002a3b2f
001f3779
001bb96b
0014d1f1
002035f0
0017c303
001b221e
0023012e
001cb101
00180b39
001e5486
00214908
0027320c
0029aac3
0022d10a
00237cf9
00208f57
001bce0d
001ce125
00174057
00207ab6
001d33ac
001dfb1e
00232391
001e46c4
001dbd38
00184c8f
00168a18
001d1f0b
0018b3b8
001622ef
001af56a
001e1d81
0022fa4d
0027d039
00205853
002186ed
001ed050
001909af
00159963
001d7192
001d6ab1
001ef994
00225c20
0018fbee
0017b8b2
00167576
00208f57
001f59dc
001e2b42
00240d65
00210442
0017a0a0
00298860
00183ece
001fac64
0028f113
00221e3a
001940b4
0018d98b
001d8d14
001ce806
001cb101
0020f680
00234cd5
001c42f7
0020214e
0020cd3d
0016f141
001b5242
0022477e
0020efa0
001ad9e8
0019b22e
00264837
0025a329
0018be09
001f1bf7
001bc04c
001a6bde
0016afeb
001939d4
00182d9c
00167fc7
002353b5
0017699b
002383d9
00201a6d
0022477e
001a8ad1
0027f97d
00207ab6
001fac64
0024446a
001c8e9e
0022aea7
001cb7e2
001f8320
00227e83
001ae439
001f755f
00216b6b
002663ba
0017ec46
0023012e
00255e63
00188a74
0020282e
001a0145
00209638
0019d121
001b47f1
0017f697
00240d65
001800e8
002005cb
00199d8c
00197449
0018536f
00241b27
002156c9
002118e3
002073d5
002277a2
001aa653
0016f821
001df43d
0020b1ba
001818fa
001ee4f2
0021bdf2
0029817f
001a0f06
00241446
001caa20
00187cb3
001ae439
00199a1c
0021648a
001cf5c7
00234cd5
0021a26f
002428e8
001bc72d
00209638
0015ae04
001c79fc
001b6dc5
001f755f
0026d8a4
0028d590
00246dae
0019a7dd
001d182a
002c5a7f
00167205
001ea02c
0020c65c
00205853
0018cf3a
001a1cc7
00214908
001c19b4
00264837
001d8634
0018f50e
0023a63c
001a64fe
001de67c
001fc7e6
001e76e9
00191090
001c87bd
00237618
0021f4f7
0024d4d7
001fc7e6
001d560f
0025b0ea
001fd5a7
00278b73
001cda45
001a04b5
0023d661
0023eb02
0020fd61
001fd5a7
001b145d
002277a2
001a0826
0017d0c4
001762ba
001f8a01
0022b587
001b17cd
001bc72d
001a53cc
001bb96b
00259c48
001ccc83
001ffeeb
001e0fc0
0017cd54
001a1957
00170cc3
002277a2
00151a27
0022251b
001ce125
001d7f53
001ea70d
00174738
0028d590
00291376
001a2a89
00172bb6
001724d5
001b8267
00213466
001abaf5
0022a7c6
001b2fdf
00210b22
00171033
001f4c1b
0024f73a
001a460b
0021c4d2
00192532
0024f059
0022e5ac
0020efa0
0022decb
0023f1e3
00245fed
0017586a
0018a5f7
001e4da5
0020fd61
001e01fe
00157a70
0024a4b3
0021d294
001d63d1
002abddb
0023919b
0019857a
001e3223
0023012e
0025b0ea
001b9708
001eebd3
00173977
001ec28f
002776d2
0017bf93
0018c4e9
002a6b54
00149aec
0022d7ea
001db658
001f0075
001ccc83
001d33ac
0021724b
002a86d6
00164552
002186ed
001b9708
00278b73
0024f059
0016189e
0015f2ca
0022f36d
00249011
00297a9f
0022175a
0024fe1a
001dcafa
001eebd3
002a3b2f
0017c9e3
001a9c02
001b3a30
001e84aa
00180459
001f8320
00284524
0018121a
002829a1
001b0a0c
001a573c
00226300
0018d2ab
00211fc4
001d0a69
001ae0c8
0020efa0
002466cd
0023012e
001d560f
001e2b42
001d416e
001bb96b
001f90e1
00253c00
001cd364
001ad307
001ca340
00199d8c
001837ed
001fac64
001864a1
001cda45
001da897
002579e5
00162d3f
00232a72
00297a9f
001a15e7
0021ee16
0021b711
001b9028
001f52fc
0026cae3
002897ab
001d8d14
00189f16
001a429b
0017c303
00213466
0019b22e
001f8a01
00236857
0022d7ea
00194424
0024d4d7
002428e8
002663ba
001c49d8
0029f669
001d2ccc
002383d9
001ded5d
00182a2c
0016f141
00160adc
001f0755
001e2b42
0020dafe
001cd364
001cf5c7
002c237a
0026af60
001a2038
001312ea
001939d4
001b74a5
001939d4
001ebbaf
0017b1d1
0026a880
001be990
002043b1
0017bc22
001d63d1
0015512c
001ed731
00163e71
0025e7ef
00167205
001cc5a3
001d33ac
0022409d
00230eef
0020282e
00192532
002315d0
001e994c
002a7915
002c615f
002383d9
00225c20
001a799f
00198c5b
00267f3c
001dfb1e
00227e83
001a6f4f
0021f4f7
0024d4d7
0017775c
0023c89f
001e3223
0029e1c8
00266a9a
001b6a54
0026b641
002126a5
001a0826
002afbc0
001fa583
0019e252
001c5799
001abaf5
001800e8
00261813
001e2b42
001c6c3b
001f29b8
001b0d7c
00205f33
0026bd21
001ed050
0018e74c
00237618
0024748e
001ddf9b
0023a63c
00283762
0023ad1d
0027a015
0024f73a
00172165
001ccc83
001471a9
00193663
002693de
0025351f
0015b175
0019063f
00215da9
0018536f
0022decb
0018536f
00261ef4
00240685
00180ea9
001bd4ee
00253c00
0019a7dd
002118e3
002f6a83
001da1b6
001fb344
0028f7f3
00255782
0015f2ca
00236f38
001aa9c4
001a23a8
0026bd21
001c3536
001e5b66
001d9ad5
00197e9a
00240685
0027ebbc
00167fc7
0020aada
0021f4f7
001826bc
001713a4
001c3536
002973be
0018347d
002239bd
001df43d
002a1fad
0014d8d2
001977b9
0023919b
001d3a8d
0023cf80
00280e1f
002156c9
00252e3f
0021bdf2
00189f16
001cb101
002542e0
001d7192
00199d8c
001fba25
002542e0
0018be09
0025d34d
0022f36d
0020282e
001d0388
001c12d3
001b28ff
002550a2
00295f1c
0023e422
001f0075
0026e665
0023a63c
001b5c93
0018ff5e
001b9028
001ef2b3
001ff80a
001d0388
00216b6b
0015a724
00225c20
0026717b
0022ca29
0016a59a
0026cae3
001940b4
0022ec8c
0015391a
0017ae61
001da1b6
002fa188
001e6247
001bfe31
002512bc
0016e37f
00226300
00246dae
002277a2
0016a59a
00297a9f
00214fe8
00180ea9
00182a2c
0015512c
001f1516
002b4e47
001ce125
002035f0
002ae03e
0022409d
001dbd38
00238aba
0020a3f9
0017c303
0022f36d
0015512c
0017d434
0024446a
00180459
001b4481
00264837
001f60bd
001a1957
001f8320
001659f3
0023080f
001d9ad5
001ab0a4
0023080f
00249011
0021c4d2
001e0fc0
001b9028
001c2e56
0020138d
0021800c
001affbb
00246dae
0021ee16
0016ea60
001bd4ee
00237cf9
0025da2e
00225c20
001bb96b
00193663
001b74a5
0023d661
001762ba
002ac4bb
002277a2
0021f4f7
001b6a54
00256c24
00218dce
0020aada
0022d10a
001a686e
0028ceb0
001e84aa
0021e055
002232dc
0016dc9f
001c2775
001894c5
00192c12
001ba4ca
001970d8
0017d0c4
001a497b
001cf5c7
0018f19d
001743c8
0021792c
00198fcb
001a15e7
001d1f0b
00232a72
0023012e
001856e0
0028a56c
00262cb5
001e46c4
001e6247
00165d64
00232391
002550a2
0018ee2d
001c12d3
0018c85a
001ebbaf
001630b0
002b69ca
0017efb7
001abaf5
002965fd
00201a6d
002f17fc
00167205
0018158a
001b9028
002a042b
0023919b
001f8320
0016076c
001dfb1e
001a8e41
001fa583
00206614
001ef994
00269abe
001a573c
001fea49
001e6927
001fe368
0023080f
001f3e5a
00278b73
001482da
0020214e
00164552
002829a1
00194795
001d25eb
0021724b
001ba4ca
00226300
002738ec
0018ff5e
00291376
0022553f
0021e735
002a9b78
0020aada
002239bd
001f7c3f
0026785b
0026df84
00210442
001c12d3
00208f57
0022d10a
001da1b6
001e6927
00191ae1
00168d88
00196d68
0020b1ba
00174aa8
001e3223
001d3a8d
001eaded
001cd364
0025fc91
0023cf80
00242fc8
0017d7a5
00210b22
00205f33
0016edd0
0017b8b2
0017fa08
002acb9c
00263a76
002186ed
001b5242
001a1276
002542e0
001ee4f2
001f0e36
001ae7a9
001d6ab1
00257305
00236f38
0021b711
001eaded
0016d5be
001bb96b
001ca340
001d0388
0016e37f
00222bfb
00187262
00163e71
0025f5b0
0025da2e
0024c035
001ae439
00179d30
00158f12
00244b4b
001ed731
00246dae
001c49d8
001d63d1
0027c278
001aeb19
001ceee6
001ed731
0024c035
001b8267
001bf070
001e84aa
002428e8
0022ca29
00131d3b
001aee8a
001c731c
0023c89f
002232dc
001a686e
001bf751
0020a3f9
0016fb91
001f679e
0022a0e6
001a9c02
0020c65c
001ea70d
0019f384
001c2094
0021d974
0023e422
0018a5f7
001dc419
00224e5e
0021b031
0018347d
001a1cc7
001fc7e6
0016ac7b
0025b0ea
0020b1ba
001f1bf7
001bdbce
001d2ccc
001c42f7
001c655a
00249dd2
001bc04c
0024cdf6
001c80dd
0019933b
001f60bd
00294a7a
00186ef2
001ceee6
0017d434
001d4f2f
002542e0
001ce125
001a53cc
002118e3
00228563
002550a2
00248250
001c50b9
00238aba
001dfb1e
001988ea
001c80dd
001d560f
001641e1
00172bb6
001e2461
001713a4
002ad27d
001f4c1b
001a9522
001e01fe
0019eca3
0018a286
0022553f
001b9de9
002580c6
001909af
001b9708
001e2461
002c45dd
00187cb3
0019a0fd
0016c11c
0025fc91
001940b4
001e46c4
0016fb91
001bb96b
001a460b
0027ebbc
001b7b86
0028f7f3
0017e8d6
0019b90f
00238aba
001d484e
0018b728
001c5799
0021a26f
0026a19f
0020cd3d
00177acd
001d1149
001fba25
002126a5
001629cf
00246dae
002542e0
001cb101
001b9de9
00291376
00266a9a
0023d661
0023012e
0018e06c
001cf5c7
0017c9e3
001caa20
00175f4a
0029aac3
002b2be4
00232a72
0017851d
001a799f
00283082
002d0d4e
0022d10a
0021800c
0023eb02
0019857a
001ebbaf
001aeb19
00173296
0022aea7
001a573c
0025e7ef
001bb96b
0020214e
001f3099
001d2ccc
001d1149
0025e7ef
00165683
0023f8c4
001af8db
00256543
0026d1c3
00174057
001d63d1
0022bc68
001ac8b6
001ebbaf
00184fff
00198fcb
001bb96b
00151d98
001b36c0
001ddf9b
001a2718
001e6247
0020aada
002239bd
001b4ed2
0023c89f
001f679e
00236176
0020dafe
001da1b6
001b7135
001b3350
00162d3f
001c50b9
0016265f
001b55b3
0022175a
0020aada
00249011
0016a90a
001a1276
002776d2
001ce125
001f29b8
0021e055
001c50b9
0018158a
002a56b2
002acb9c
00188de5
0022c349
001b9de9
001c2e56
001ac8b6
001c957f
0025eecf
001e6247
00250bdc
0027bb98
001e1d81
001ab785
002bf356
001ded5d
0019820a
0025f5b0
0021bdf2
0023bade
001af56a
002126a5
001c87bd
001e16a0
00158831
00221079
002890ca
001e76e9
00245fed
0021d294
0021792c
0028ac4d
001f3779
00259568
001e3903
001e7008
002073d5
0022477e
00227e83
001a9522
002315d0
0016008c
00232a72
0023a63c
001ec970
0027ebbc
0018347d
001f3e5a
001996ac
001dcafa
0016d5be
0028b32d
001ed050
0020c65c
00187943
002b0981
002277a2
002c7601
0014864b
001a34d9
00250bdc
00216b6b
002746ad
00165d64
001acc27
0027b4b7
00213466
0017964f
002345f4
0018b728
001e5486
0027244a
001845ae
002973be
00160adc
00242fc8
001c80dd
001d5cf0
00136c52
00150586
00180459
0028dc71
00273fcd
001babaa
00222bfb
0021e055
0026861d
001f8320
0026d1c3
002232dc
001c731c
00163b01
0020cd3d
001e1d81
00245fed
00175f4a
001686a7
001f97c2
001fcec7
00271689
001a460b
001a15e7
0018ba98
002829a1
00169b49
0022d7ea
001e3fe4
0016d24e
0015436b
00207ab6
001dc419
00196687
0025f5b0
002345f4
0026d8a4
001cbec2
0016f4b1
00174738
00278b73
00173977
00163e71
00252e3f
0018acd7
0021d974
0016cede
0017e566
001d7872
00196317
00208877
0021b711
0028e351
0019820a
001b6004
00192f83
002a56b2
0020e1df
001d3a8d
001f0075
002ff40f
001894c5
001d8634
00174057
0022d10a
0026e665
0024e298
0026d1c3
00305458
002194ae
0024446a
001630b0
0019fa64
00284524
002542e0
00177acd
00165683
0022553f
0023919b
00184fff
002ab6fa
0020c65c
00287c28
0016e37f
001e16a0
0023e422
0025c58c
0022b587
001ede12
002428e8
00184c8f
001add58
00232391
00258e87
0020e8bf
00273fcd
001a2718
0027546f
001d1f0b
00221079
00264157
001aeb19
0017888e
001c5e7a
00158150
0016152d
001f8320
00188a74
00205853
0020aada
00240d65
001a64fe
0025275e
0019db72
0024e979
0021fbd7
001fcec7
0025e10e
0018be09
001e6927
001ce806
00234cd5
0022553f
001d33ac
0016f141
0020b1ba
00201a6d
0023919b
001d2ccc
00232391
001aa653
001db658
0023012e
001894c5
001ae7a9
00180ea9
0018d2ab
001d8d14
00174738
001c5799
0018310c
0025beab
00195c37
001d33ac
001e2b42
001f7c3f
00233152
0023b3fe
0026af60
00202f0f
0029d406
0016e6f0
0022553f
001fe368
00195c37
001c957f
001eebd3
001818fa
002550a2
00204a91
002202b8
001a5aad
0025d34d
002580c6
001939d4
0024d4d7
002f035a
001921c1
00209638
0018c179
00208f57
001cc5a3
00236176
00253c00
0029e1c8
0021d294
0021a950
001dc419
002852e5
002345f4
0028a56c
0023cf80
00268cfd
0018f87e
002073d5
00299d02
001f90e1
00208877
001d4f2f
0019063f
001ce806
001d3a8d
001c0bf3
0019a0fd
001c9c5f
001fdc88
001b28ff
001d8d14
0021ee16
00189ba6
001f59dc
0023919b
002345f4
002202b8
0014ce81
001ede12
001c42f7
001b221e
001c9c5f
0020f680
0022c349
002acb9c
001dd1da
00273fcd
002cf8ad
0023c1bf
0023bade
0024a4b3
001f3099
001ff80a
002073d5
00264837
0022a0e6
0022ec8c
001ede12
0024c035
001dfb1e
001e76e9
0017b1d1
0029b884
001fb344
002c1c99
0024522b
00173296
002cc1a8
0027320c
001e7008
00180b39
001d484e
0026a880
001cc5a3
00166444
0018e06c
0025b7cb
001f59dc
002270c1
002746ad
0020bf7c
0022d7ea
001856e0
001bf751
001fcec7
0017ae61
0022251b
0017775c
0020e8bf
0017b8b2
00235a96
001713a4
001a799f
002890ca
0028e351
001c50b9
001c2e56
001d5cf0
00276910
0016d92e
00292817
002466cd
001af8db
0017851d
001e46c4
001595f2
0023919b
0021d974
0023987b
00263395
0021800c
001b8267
001b069c
001a0f06
001ea70d
0022175a
002269e1
001ba4ca
0019063f
0023cf80
00222bfb
002073d5
00219b8f
001969f8
001b3a30
001f0075
001f4c1b
0026a880
00175bda
0013f5de
0024fe1a
00240d65
002126a5
00259c48
00231cb0
002a11ec
001bdbce
0019b90f
001c2e56
00167fc7
00237618
001845ae
001b10ed
001c0512
002073d5
001f0075
00234cd5
0022bc68
002073d5
001cbec2
0018dcfb
0024d4d7
00255782
00168d88
00158f12
0020214e
001e5b66
002186ed
0020a3f9
00287c28
00208877
0020d41d
00208196
00294a7a
0022decb
001928a2
002890ca
0026c402
001d560f
002bbc51
001837ed
00238aba
0027f97d
00140df0
001a497b
001ad678
0021d294
002550a2
0022477e
001864a1
0023cf80
001f90e1
001b5923
001f1bf7
001921c1
0024ab93
0029a3e2
00237618
001fdc88
00243d8a
00207ab6
00297a9f
001afc4b
001caa20
0022d10a
002829a1
002073d5
00241446
00191ae1
001b1b3e
00203cd0
002973be
0014fb35
00270fa9
001b9de9
0019e933
001622ef
002270c1
001b4111
001e2461
0023c89f
001ceee6
00213b46
001b6a54
00222bfb
0017e1f6
001ef994
0021a950
001aee8a
00249011
001a5aad
001b3350
00253c00
0020e8bf
0028c0ee
001f90e1
00246dae
0021c4d2
001f6e7e
001b3da1
0025b0ea
00192c12
00231cb0
001b069c
00253c00
001e01fe
0016f141
00186ef2
0017de85
001b032b
00204a91
002270c1
0019e5c3
001dbd38
00215da9
0029b884
0024ab93
0019e5c3
001fdc88
00243d8a
00232a72
00261ef4
0017775c
001c655a
0025e7ef
002542e0
0023bade
0025fc91
00262cb5
00205f33
00202f0f
0024c035
00255e63
0025a329
0028ac4d
001ccc83
001bf070
002550a2
0027add6
0023c1bf
00233833
001f59dc
00172845
002bf356
00276230
00262cb5
0019d491
001e6247
001c79fc
001a72bf
0029817f
0024c035
001630b0
0024b274
001aa2e3
00256c24
001e2b42
00167576
0026c402
00245fed
0021800c
00206cf4
00169468
00274d8e
002b854c
001b1b3e
001ce125
0023ad1d
001a72bf
001b0a0c
002c313b
0027c278
00168a18
002829a1
0022477e
00233833
002f035a
00214908
0027546f
001e0fc0
001e16a0
0017d7a5
002504fb
002cb3e7
001c42f7
0024b954
0016edd0
0024b954
0019ca40
001d182a
002a6473
002663ba
002512bc
00171033
001c80dd
002194ae
001f9ea2
001bc72d
00261813
0020214e
0017d434
0017e566
001fcec7
001bfe31
0017b1d1
001b4ed2
00204a91
001c655a
001bb28b
001f1516
00245fed
00181c6b
001dd8bb
001bc72d
001e84aa
001d6ab1
0018ee2d
0024f059
0022a0e6
001ec28f
001a64fe
002496f1
001e7008
002270c1
00255e63
00291a56
0023f8c4
0021b711
0025c58c
001f1516
00168a18
001e84aa
001e7008
002353b5
001f1516
0024c035
0017662b
00256543
001a0b96
0020bf7c
0020214e
00200cac
002663ba
0019fdd5
0021724b
001d8d14
0024446a
00174aa8
0019bfef
0023ad1d
0014b2fe
001e16a0
00283762
002b7e6c
0021b711
00191ae1
0015738f
001c2094
001be2af
001b9de9
001dfb1e
001a2a89
001db658
00203cd0
002897ab
002542e0
00191090
00174e19
001a8080
001f3779
00166b25
0020a3f9
001516b7
001d4f2f
0023c1bf
001e1d81
00135e91
001ae0c8
002270c1
0014c0c0
0022409d
001cfca8
001f6e7e
001a384a
001b3350
001e6927
0023ad1d
0021f4f7
00177acd
0016edd0
001bc72d
00188394
001fe368
0024dbb7
001db658
001713a4
002202b8
001800e8
0022decb
001f6e7e
001ce125
001754f9
002fcacc
0023ad1d
00175bda
0017e566
0019dee2
0017ae61
0016ac7b
001eb4ce
0027320c
0021bdf2
0022477e
00188a74
00257305
001b0d7c
00209638
001fc105
002d066e
001e994c
0023f8c4
002afbc0
00213466
0028ac4d
001516b7
0024e298
0025f5b0
001a9c02
00202f0f
00214fe8
0024dbb7
0021792c
0025beab
00216b6b
00167576
00176d0b
001d4f2f
0024fe1a
001dbd38
001a3f2a
0018e3dc
0028ceb0
001c2e56
0021fbd7
001e7008
001ea70d
00206614
001d484e
0026e665
001c2e56
0016f821
0012e9a7
0016d24e
002232dc
001c9c5f
002156c9
00145626
0022d7ea
001dc419
002f7845
0021e055
001e5486
0016a90a
001d33ac
00201a6d
00190d20
002035f0
00229324
001ccc83
00237618
00163e71
001d3a8d
001f60bd
002822c1
001ddf9b
00209638
0026d8a4
00268cfd
0023ffa4
0021c4d2
00163b01
00188704
0012df56
001bdbce
001713a4
0023a63c
002776d2
001ded5d
001c655a
001648c2
001e2b42
001ce125
00287c28
00281be0
002550a2
00237618
001f90e1
0019aebe
00191ae1
002a7ff5
0023a63c
0027b4b7
00274d8e
00214227
002a4210
001e3fe4
001fc7e6
0016008c
001a8761
0024f73a
00250bdc
001d560f
001f29b8
001caa20
001c80dd
00234cd5
00235a96
002ba0cf
001da897
0017b1d1
001d7f53
0022ca29
0028fed4
001ef994
002852e5
0014fea5
00210442
0028f7f3
001aa9c4
00257305
001fc105
002af4e0
0026f426
002156c9
001807c9
001acf97
0025275e
001b3350
0019933b
001856e0
0022c349
001d2ccc
0025351f
00187943
001e6247
0021fbd7
001bf751
001e5b66
001a762f
001bd4ee
0021b711
0019b22e
002a18cc
0020aada
00139fe6
0018a967
001ea02c
001d33ac
002de281
001ac1d6
001a6f4f
001ffeeb
001d4f2f
0020aada
001c87bd
0016e6f0
001724d5
0017e8d6
0020dafe
001fb344
001db658
002c6840
0018be09
00209638
001dfb1e
00208f57
0016d5be
001cda45
0020138d
001e46c4
0022fa4d
00215da9
001d8d14
001c9c5f
0017775c
00241446
001af1fa
0017f697
00191400
0021d974
001add58
0017b8b2
001f9ea2
0029d406
00239f5c
001e5486
001dd8bb
0021bdf2
0017d434
001ae439
0021f4f7
0017ec46
002b4086
00249011
001e8b8a
001ea70d
0021bdf2
002b7e6c
002897ab
002073d5
001d416e
0021cbb3
00215da9
0020e8bf
002ab01a
0020f680
00226300
001a9892
001fdc88
001e5b66
001b10ed
002b5c09
00236176
001ed050
00196317
0023012e
001dfb1e
001df43d
00207ab6
002277a2
00231cb0
00186ef2
0022e5ac
001e3903
002ae03e
0020b1ba
00191771
001e994c
002202b8
001b7135
001be2af
0025fc91
001b8267
001e1d81
0020cd3d
001c80dd
001fb344
001ab0a4
001da1b6
00172bb6
0026cae3
001e994c
00209638
001f8320
00172845
00205853
002a042b
001b0a0c
0018fbee
0017b8b2
00250bdc
001e6927
0021e735
0022aea7
001b7b86
00191e51
002890ca
001ebbaf
001b7816
001d5cf0
00248930
001e926b
002239bd
001ebbaf
001acc27
001921c1
001daf77
001970d8
0022a0e6
001b069c
00227e83
0020f680
00183b5d
0017662b
001f453b
002b99ee
00197e9a
001eaded
001f3779
001d3a8d
0016d92e
0020b89b
001b5242
0019fdd5
001c2775
001c6c3b
001fdc88
001abe65
002383d9
00225c20
002f4140
001ab785
0020214e
0028a56c
0021800c
002345f4
0027a6f6
001f3779
0017851d
0017d0c4
001b7816
00239f5c
0018491f
001b0d7c
001be2af
00233833
0018158a
00279254
00256543
0029583c
001a9892
0018ba98
0017707c
00287c28
002b02a1
0014cb11
001f0755
001a6bde
00167fc7
0017e566
0017707c
00214908
00241446
00218dce
00210442
001e6927
0024f059
001da897
002fe64e
001ab0a4
00228563
00220998
0026df84
001daf77
0024b274
001ec28f
0018c85a
0016cb6d
00190d20
001fea49
001f22d8
00212d85
002186ed
0014c7a0
0020f680
0024d4d7
0022175a
0016b35b
0018eabd
001babaa
00226300
001826bc
00248250
001dbd38
0025a329
001d9ad5
0020282e
00205853
001dc419
001d3a8d
001b0d7c
00213466
00283082
0022aea7
0015f2ca
0025beab
001c50b9
00214fe8
001ce125
001b0d7c
00219b8f
00232a72
001da897
00210442
0021b031
0017707c
001a15e7
001d1f0b
0029bf65
002a2d6e
001e926b
00240d65
001b0a0c
001a0826
001e4da5
001875d2
0020e1df
002580c6
0024522b
0027b4b7
0019f013
00205172
001bce0d
00185dc0
00263a76
001bb96b
001cb101
001bc04c
001a505c
0025275e
00219b8f
001ad678
0022d7ea
001a762f
001ac546
0018e74c
00307d9b
0019857a
002b39a6
0019dee2
001ed050
0019a46d
00233833
001fe368
00275b4f
00207ab6
001c6c3b
002746ad
002897ab
001dd1da
001a2a89
00186ef2
00205f33
00202f0f
001ccc83
0020b1ba
001eb4ce
00205853
00249dd2
00211fc4
00236857
0020fd61
001a5aad
0022decb
001daf77
001f9ea2
001aa9c4
001a5aad
00232a72
0016d24e
002c9864
001c49d8
001e3903
0027ebbc
0020c65c
0020f680
0023080f
00259568
001e0fc0
0027a015
00237cf9
00275b4f
0023e422
001e3fe4
0020cd3d
0024b274
001fb344
00204a91
00167c56
0020b89b
002a86d6
0027bb98
0022d7ea
00172165
001c42f7
00267f3c
001988ea
00166e95
002383d9
00232a72
001d5cf0
001a04b5
001ce125
001f60bd
00157700
001e16a0
00178bfe
00261132
001f8a01
001db658
001d8634
0029b884
001c731c
002738ec
001be990
00271689
00205f33
002d7b58
0016dc9f
001e5b66
0015f9ab
00219b8f
0023bade
001ae439
001ab785
001fac64
00204a91
0026b641
0021c4d2
00243d8a
002345f4
0027e4db
0019a0fd
00264f18
00219b8f
001ef2b3
0022c349
001a8ad1
00234cd5
001a34d9
00205853
002746ad
001bc04c
001eb4ce
0027c959
002383d9
00276ff1
002d21f0
00261132
00208877
0022ca29
001c87bd
00324a64
001ba4ca
001be2af
001ea02c
001b55b3
00213466
00225c20
002655f8
00198fcb
0017fa08
0019dee2
002580c6
0016e6f0
0018347d
001f3779
001ddf9b
00275b4f
00175f4a
0020138d
0017efb7
002277a2
001bc72d
0021cbb3
0021c4d2
0024522b
001cc5a3
001daf77
002bec75
0017a0a0
001b6a54
0022ec8c
0020a3f9
001d1f0b
002353b5
0026e665
00209d19
0019b59e
0016d24e
0014002f
001b5923
0023919b
001fba25
001c0512
001d7192
001826bc
002a0b0b
00246dae
0018423e
00261132
00231cb0
002b4767
002194ae
002035f0
0023987b
00214fe8
001d1f0b
00186811
0028dc71
0022553f
00275b4f
001ff80a
001c12d3
001932f3
00147bfa
0022e5ac
00241446
001b0a0c
0028ba0e
00260371
0022a7c6
0022251b
002005cb
00261132
001fba25
001c87bd
0017f697
001ba4ca
00215da9
00264f18
0021e055
0023e422
001add58
0023080f
0025cc6c
001fd5a7
00171df4
0023ffa4
002701e7
002587a6
002973be
001e6247
0023d661
001ceee6
00255e63
0029ef89
0019063f
002277a2
001f7c3f
001f4c1b
001b2c6f
002a6b54
001f0e36
001eaded
001a4cec
0022aea7
001ac1d6
0023012e
001b5c93
0021792c
001fac64
001add58
001fc105
002232dc
001ebbaf
001d33ac
00183b5d
00240685
0023cf80
001bf751
001ba4ca
00237cf9
002156c9
001af8db
001f8320
001c50b9
0029439a
002b8c2d
001e1d81
00180ea9
00241446
002b62e9
00297a9f
002496f1
001d93f5
001fea49
001b8267
0027a6f6
0025b7cb
001cfca8
001dd8bb
001eb4ce
001d484e
0019fdd5
001ae439
001c731c
0024e298
001d0388
002625d4
0024e298
002693de
0022e5ac
001f90e1
00252e3f
001c731c
0023f1e3
001535aa
00248250
001dfb1e
001d9ad5
0021b031
0020dafe
001cb101
001bb96b
0017bf93
001fb344
001e16a0
0018fbee
00180b39
001d416e
001d8634
00261132
00252e3f
0018e06c
001ea02c
001fb344
0022aea7
001b7b86
0019063f
001a686e
001754f9
001e8b8a
00210442
00172845
002035f0
001e994c
00229a05
001837ed
0024ab93
00288309
0023eb02
00214908
0020bf7c
00237cf9
00209d19
0018347d
0028c0ee
0018fbee
001da1b6
001dc419
0020efa0
001c5e7a
001ec28f
00174057
0020cd3d
00244b4b
001ad678
00264f18
001bdbce
001ceee6
00242207
002a9497
0024522b
001b6a54
0024d4d7
0029439a
001f3779
0022c349
0025b7cb
0027a6f6
0020c65c
001a9522
001d1f0b
002a1fad
002625d4
0020aada
0020cd3d
001e8b8a
00178f6e
001cfca8
0017707c
002186ed
002436a9
001ab415
001c80dd
00260371
001d25eb
00210442
00264f18
00191e51
00279935
002353b5
001aee8a
002c5a7f
002db25d
0022aea7
00259568
001fba25
00163e71
001a8e41
001c12d3
0025d34d
0017b542
0026af60
00210442
0017cd54
002eda17
0029817f
002232dc
001ea70d
002ca625
001c79fc
001b8267
0023ffa4
001a7d10
002202b8
0023dd41
001a5e1d
00160e4d
0017fd78
00265cd9
0021f4f7
00188704
0019cdb0
0021a26f
001ebbaf
001d182a
00198fcb
001bd4ee
00141f22
0023919b
0029583c
002512bc
0019b59e
0019857a
00221e3a
002580c6
001e6247
0022d10a
001338bd
0018536f
0017cd54
001c9c5f
001fea49
001988ea
0023919b
00237cf9
00286e67
0017d434
00214fe8
001c8e9e
0024a4b3
00209638
0021a26f
00298f40
001ea02c
002a18cc
00213b46
00184fff
00183b5d
001d7872
001f0755
001f755f
00250bdc
0018d98b
0022ec8c
002889ea
00233152
001909af
001f9ea2
001e994c
0026b641
0022251b
0018c4e9
001fb344
0020a3f9
001b069c
001d484e
00263a76
00277db2
00255e63
001e7dc9
0017699b
001caa20
00231cb0
001d5cf0
0021648a
001f3e5a
0017bc22
001f9ea2
001ed731
00184fff
002156c9
00234cd5
001dfb1e
001e01fe
00264837
00243d8a
00211fc4
0015f2ca
002436a9
00219b8f
001ff12a
0022e5ac
001be2af
001b9708
001ee4f2
00284524
002bb570
00166444
001a799f
001ffeeb
0021724b
0027d039
001c5e7a
001951e6
00258e87
0016cb6d
002b854c
001939d4
0025b7cb
001a618d
001fea49
0025f5b0
00168337
00221079
001cda45
00191771
001b2c6f
001ebbaf
001894c5
0018ba98
0026ed46
0020b1ba
001ce125
001ff80a
00264837
001de67c
002580c6
00213b46
002cc888
001b4481
00266a9a
001cf5c7
0020f680
001d182a
001d8d14
0017775c
00194795
00242207
0022175a
001f3779
001a15e7
001bd4ee
001b74a5
00259568
00178f6e
002a2d6e
00173ce7
0023f8c4
001fc7e6
001fa583
002cc1a8
002708c8
001d7f53
00255e63
001781ad
001d8634
001fe368
00218dce
0025207d
001940b4
001e08df
00171033
0023f1e3
001678e6
0012c3d3
001bf070
001b1b3e
002965fd
0024f73a
001bc72d
0017888e
001a2038
002859c5
00264f18
0019933b
001f1516
002035f0
002ab6fa
00300f92
00249dd2
001b4481
001a3bba
001be2af
0017707c
001f59dc
00222bfb
00158f12
00246dae
0026cae3
001be990
001a15e7
00181fdb
001fea49
001c0bf3
0026a19f
00270fa9
001af8db
0018ba98
001fea49
0022fa4d
00236176
00221e3a
00201a6d
0023d661
0028c7cf
0018c179
0023080f
00263a76
00260371
001e2b42
001c79fc
001d2ccc
001e2461
001ed731
00167c56
001d0388
001d5cf0
001705e2
00292ef8
0020b1ba
00208877
001a72bf
001be2af
00231cb0
001e8b8a
001743c8
00191ae1
0016f141
00214908
0022ec8c
001f6e7e
001690f8
001d4f2f
00166444
0025da2e
00193d44
00208196
0024b274
002466cd
0026af60
0022d7ea
00261132
001cfca8
001e2461
001c655a
001df43d
0023bade
0016008c
001c19b4
001cfca8
0027320c
002073d5
0023a63c
0018b3b8
001e994c
0023f1e3
001724d5
0024d4d7
0019e5c3
001c5799
00286787
001e1d81
001da1b6
001940b4
00236f38
001d7f53
0017aaf1
001cb101
001df43d
001ae0c8
00240685
002905b4
0027546f
00286787
00214227
00234cd5
00262cb5
0022e5ac
001be990
00176d0b
0020f680
001c0512
00258e87
001800e8
00212d85
00258e87
001e01fe
00168d88
0021724b
0016d24e
00228c44
0028b32d
001fea49
0021e735
001df43d
001acc27
001ef2b3
00198c5b
00236176
001e6927
0023ad1d
0024e979
001940b4
00233f13
001565ce
001ed731
001705e2
001ed731
001bd4ee
00194b05
001a91b2
00166444
0025d34d
0027c959
001d25eb
0023080f
001f7c3f
001c0512
00182a2c
001da897
0022fa4d
0023c1bf
001d1f0b
0027c278
0029e8a8
001e01fe
00201a6d
001b5242
0028c0ee
00178bfe
002e9551
00192532
001c50b9
0029b884
0016cb6d
002073d5
00180459
001e926b
00255e63
00196d68
0023c1bf
002428e8
001e7dc9
0024f73a
0017fa08
001c42f7
00166444
00259568
00244b4b
0023c1bf
001d1149
001a686e
001c5799
00205172
001babaa
00271d6a
001894c5
0027f97d
001b9708
001ce806
001aad34
001d93f5
001ab785
00222bfb
0016008c
00236176
001c731c
00184c8f
001cfca8
001fa583
00206cf4
00266a9a
00199d8c
001aee8a
0020b1ba
001af1fa
001e2b42
00206cf4
0021bdf2
001565ce
00229324
001babaa
001d4f2f
0017f327
001d7192
001e926b
001a3169
0027c959
001ede12
001713a4
00297a9f
0023ad1d
0022f36d
00236176
0019f013
0017888e
0017b1d1
0018d2ab
001b1eae
001622ef
0025e10e
001d3a8d
002e42c9
0025beab
0027a015
001b258e
0021c4d2
00237618
0019b59e
0020138d
001629cf
0017f327
002277a2
0025eecf
00167c56
001ea02c
001f3099
002269e1
001dd1da
00279254
0021c4d2
0024446a
0025d34d
0015d748
0028d590
001988ea
0020e1df
0029b1a3
001e3223
00278493
001e01fe
0014c0c0
0018c85a
001c12d3
001ae0c8
001f3e5a
001eb4ce
001f22d8
001a72bf
0024cdf6
0022c349
001969f8
00168d88
001724d5
00215da9
001b8267
00204a91
0022553f
0020efa0
0015d3d8
0019db72
00221079
0026df84
001eb4ce
001b9708
00235a96
001b7135
0019dee2
001d484e
0027e4db
001c3536
001c9c5f
0022bc68
001cb7e2
001f0075
00191400
0020efa0
001a5aad
001826bc
00194e75
00229324
0025199d
00279254
001bb96b
0024f73a
0014a1cd
0019857a
00248930
0017de85
00242207
0013f26e
002126a5
001e46c4
00208877
0018a5f7
002746ad
0024ab93
0016a59a
0024f059
002ae03e
001f0075
001c2e56
0015738f
001a0b96
001aee8a
0029439a
00130c0a
00221079
00271689
0026bd21
001ded5d
001b9de9
00264157
0020bf7c
0015701f
0020e1df
001d9ad5
001988ea
0028a56c
001eaded
001c2775
001f3099
00240685
0023eb02
001800e8
00270fa9
001ea70d
0021c4d2
0020fd61
001de67c
001ab415
001c731c
0015dab8
0027244a
0016ac7b
0023987b
002e1986
002270c1
0023e422
0024f059
001d8634
00265cd9
00171033
00235a96
0020aada
001c87bd
00227e83
001e2461
0018a967
00212d85
002270c1
0029c645
001e1d81
0025b0ea
0016b6cb
0023012e
0029439a
0022251b
001f4c1b
001f0e36
002383d9
0028c7cf
00218dce
001a0145
00138eb5
002428e8
002202b8
001e2b42
001b1b3e
0023dd41
0027ebbc
002035f0
001969f8
001a8ad1
001e0fc0
001a686e
00264837
002693de
0027c278
0013e13c
0021b031
00283762
001c3536
00260a52
0029bf65
00142972
0023bade
001ddf9b
0022175a
001f453b
001977b9
0015a724
002a11ec
0020aada
001ae7a9
0022b587
0020aada
0024b274
001ede12
001c2e56
0024ab93
001ad9e8
00195556
001e2b42
00234cd5
001bdbce
001b7b86
00228563
001a9892
00213466
00237cf9
001ff12a
00214fe8
00189155
002935d9
00230eef
0016d92e
00206cf4
00160e4d
00175bda
0024fe1a
00180ea9
0029515b
0026bd21
00181fdb
001a686e
001d0a69
002b69ca
00152b59
00268cfd
002550a2
0028a56c
002de281
00239f5c
0016a22a
0019820a
001d7192
00256c24
001ff80a
002579e5
0026d1c3
00241b27
0024c035
002701e7
00214908
0020dafe
001dbd38
002277a2
00168337
001c8e9e
001f6e7e
001e994c
001daf77
001c957f
00215da9
001cda45
001cb101
001ddf9b
0018158a
0027e4db
00272b2b
0022a0e6
00204a91
00226300
0022c349
001b6dc5
0017ec46
0018c179
0023a63c
001a8e41
0020f680
0025e10e
001cd364
001daf77
001eaded
002c9f45
002a86d6
00211203
0024446a
0021d294
0023987b
00233152
0020b89b
0028dc71
0016b6cb
001a4cec
0017bf93
001a9522
00187943
0020fd61
001f1bf7
001bb28b
00177acd
00214fe8
001e6247
002d066e
001a686e
001b6dc5
001db658
00170272
0022409d
001940b4
0020aada
001c12d3
002d5fd6
0026df84
0028ac4d
001fc105
001be990
001bc04c
001c0512
001f453b
0021e055
0024e298
001b4ed2
0015701f
0022553f
0021cbb3
002ddba0
001fb344
00194424
002e12a5
0028ea32
001d25eb
0016a59a
0028fed4
001ca340
0029515b
001fc7e6
0020fd61
00179d30
001a4cec
0021648a
0026df84
0021fbd7
00270fa9
0021b031
00266a9a
0026bd21
001d182a
002436a9
001e926b
0018eabd
00221079
00299621
00206614
0021d974
0026b641
0025351f
00221e3a
0018b3b8
002afbc0
001d5cf0
001b36c0
0019dee2
0017c673
00227e83
001d0a69
0023b3fe
00191e51
0019f6f4
001a0145
001d2ccc
00203cd0
0017d0c4
0024b274
001af56a
001921c1
001ceee6
00183ece
001d0a69
002073d5
001ad678
001da1b6
001aa9c4
0019b59e
0017cd54
0021f4f7
00242207
001b7816
0023ffa4
00250bdc
0024748e
002a042b
00240685
002aa939
001cb101
002897ab
00274d8e
0016c7fd
00169eb9
00201a6d
001c3536
00157de0
0022fa4d
0023080f
001376a3
001a505c
001d25eb
001f90e1
001d9ad5
002b1e23
00211203
0022c349
002e72ee
0015ef5a
00173607
00211fc4
001e1d81
001fa583
001fcec7
001cc5a3
001b6374
001e8b8a
00290c95
001f22d8
001a53cc
0024ab93
002239bd
001f0e36
001b17cd
002d8ffa
001d33ac
001ebbaf
001ef2b3
0028c0ee
00283082
001c3c17
00176d0b
001f60bd
0022553f
0019c6d0
0020282e
0018ff5e
001b55b3
00245fed
0012e9a7
001d7192
00247b6f
001a497b
001996ac
00175189
0026a880
001f60bd
001f4c1b
001d3a8d
0019b90f
001cda45
0020efa0
0022ec8c
00262cb5
0020dafe
0026f426
00283082
001a15e7
001ef994
001d8634
001b9708
002156c9
001f679e
00208196
0021b031
001856e0
0016a59a
00209638
0018c85a
00231cb0
00299d02
00250bdc
001c8e9e
001ec28f
00185dc0
001ed050
0023919b
0029a3e2
0017586a
0021a26f
0026df84
001a2038
0029a3e2
0017ec46
0022d7ea
001e7dc9
0020b1ba
001c731c
001bce0d
001dc419
0015f9ab
0021cbb3
0030adc0
0020138d
0027a015
002c381c
001a0826
00193663
002579e5
0024748e
001d5cf0
001ea70d
00264157
001ae439
0024f73a
0017c673
00245fed
002708c8
0016fb91
0018c179
0020cd3d
00241446
001e7dc9
00159cd3
002625d4
0018d98b
001da1b6
0025199d
0020dafe
001eb4ce
00174738
0018cbca
002383d9
0019aebe
00255782
00280e1f
00233f13
001a8ad1
001c3536
001d5cf0
00174e19
001ab785
001ca340
002852e5
001c3536
002a7915
001ce806
0019e5c3
0021b031
0026a19f
0018121a
001b9708
001ae7a9
00214908
00231cb0
001d0388
001e3223
001d484e
0016f141
0028ba0e
0016b35b
002a344f
00209d19
002b70aa
0024dbb7
0025da2e
002a56b2
001c3c17
00188394
0025b7cb
00219b8f
001e3903
001d7872
002663ba
00243d8a
001b4ed2
001cf5c7
002194ae
00200cac
001546db
0018ee2d
001fc7e6
0021b711
0023e422
002504fb
002073d5
0021a950
001e46c4
0024a4b3
0023c89f
001f60bd
0021a950
00205172
00191e51
001ec970
001da897
0015f9ab
0025b0ea
00169b49
001d8d14
00189ba6
002a7234
001c957f
00243d8a
001ea02c
001b9708
00276230
0021f4f7
001c655a
00181fdb
002587a6
001ab415
001f7c3f
002d66b6
001dfb1e
00202f0f
001f7c3f
001d416e
001a1957
0027244a
001ec28f
001ce125
002f17fc
001b5242
002701e7
001826bc
0016e37f
001ff12a
00233833
001e01fe
001caa20
0023bade
0022c349
00259568
0019bc7f
00255782
0025e7ef
00209d19
002bd7d3
00188de5
0021d974
00193663
002b7e6c
001697d9
002cad06
0023080f
001d484e
002625d4
0016c48d
00276ff1
001dfb1e
001f60bd
0018c179
001b6dc5
001e16a0
0017775c
001d25eb
00214227
001ede12
00175189
001cb101
001dcafa
001cf5c7
001acf97
00317531
001f1bf7
001e76e9
001daf77
0023ad1d
001e4da5
001864a1
00222bfb
001a91b2
001c19b4
001e0fc0
0024590c
001e7008
0016bdac
00245fed
0016d24e
00192532
0015625e
00246dae
00221e3a
001ef994
00163420
001acf97
00287c28
0022e5ac
001ae439
00278493
002073d5
0016a22a
00281be0
0022409d
00210442
001ce125
00212d85
0020214e
0021b711
001f0755
00180b39
0020cd3d
00243d8a
00187cb3
00305458
001ceee6
001e6927
0017699b
001e4da5
0019a7dd
0021bdf2
001d4f2f
001ac1d6
001fea49
00266a9a
001ef2b3
002436a9
002814ff
0022c349
001b9028
00189155
001a53cc
002a5d92
0023987b
001daf77
00227e83
0017b542
0028f113
0021a950
0024b954
00232391
00221079
0015bbc6
0024446a
0020bf7c
001f8a01
001463e8
001fc105
0025aa09
001fa583
0020efa0
0027bb98
0025beab
001ba4ca
002e878f
0022a7c6
00291a56
0024c716
0028ceb0
0020efa0
001ec28f
0020282e
0015512c
0016f821
001f7c3f
0020214e
0023c89f
002860a6
00218dce
001b6dc5
0024cdf6
002f035a
001d6ab1
001f4c1b
0024446a
00250bdc
002269e1
001fea49
0016afeb
0017b8b2
00326cc7
001a83f0
0018b728
001fea49
0021b711
00271d6a
001b6004
001d7192
00204a91
0018eabd
0018536f
0027d039
001cda45
0026717b
0020e1df
001aa9c4
0025c58c
001b10ed
002466cd
0019db72
002bd0f3
0025eecf
002156c9
001a1cc7
002859c5
001ca340
002043b1
0028fed4
00245fed
0020138d
0017a0a0
0028c0ee
002852e5
002aa939
001ac1d6
001b9028
00271689
0026785b
001a6f4f
0020d41d
0022251b
0019933b
002d066e
001b74a5
0023e422
00236857
001dd1da
00274d8e
00165683
002701e7
0021b031
00173607
00205853
001f0755
0022aea7
00133c2e
00243d8a
00211fc4
002c5a7f
00237cf9
0019c6d0
001e6927
0028dc71
00202f0f
0021bdf2
0017586a
002693de
00261813
0022c349
0018a5f7
0025b7cb
00226300
001939d4
0019d491
00192c12
002e42c9
0026a19f
0018e74c
00279935
00153c8a
001c2775
001f0755
00293cb9
002156c9
001cb7e2
00196d68
001c6c3b
001e8b8a
00174057
00192f83
0021800c
0015512c
001641e1
0016ba3c
002d2fb1
001dc419
002ab6fa
0016fb91
001743c8
001e08df
001e2b42
002186ed
0021a950
001a2a89
001e84aa
00278493
001d0388
00276910
0023012e
00195c37
001d0388
001a0826
00201a6d
00284c04
001daf77
00186b82
00194b05
00232a72
0020214e
0016f821
0018e74c
00231cb0
0018c4e9
001a573c
001c2e56
001932f3
001a618d
002e2e28
0025199d
002542e0
002580c6
00189835
001a5e1d
0016cb6d
002a48f1
00261ef4
0024b954
001641e1
001fdc88
0025207d
001b8267
0017ec46
002315d0
0026f426
002587a6
0023f8c4
00203cd0
001c2094
0016afeb
001c2094
00195556
001e7008
001c50b9
0016cb6d
0024cdf6
001c6c3b
00228c44
0022ec8c
001ea02c
00176d0b
001b10ed
00261ef4
001be990
00255782
00298f40
001b7b86
002580c6
001e994c
00173296
0018121a
002c9184
0021ee16
001e6927
0021a26f
001a0b96
0023ffa4
0024a4b3
0028005e
002c381c
001b9028
001d0388
0017cd54
00161c0e
00231cb0
0028f7f3
00192c12
002428e8
00264837
0027f29c
002504fb
001a460b
0023e422
002c237a
00178f6e
0023987b
00220998
002889ea
00278493
001ed731
00192f83
001e6927
00224e5e
002cad06
002a18cc
001f1bf7
001b0a0c
0015a724
001cc5a3
0025fc91
00162d3f
00241b27
001cb7e2
0017d0c4
00205853
001dd1da
001864a1
0028b32d
0022fa4d
001d0a69
002542e0
001f3099
00233152
00245fed
0023a63c
002277a2
001fac64
00210442
001dd1da
00179d30
0024e298
001b6004
002a86d6
00245fed
0025eecf
0028d590
001ed050
0019fa64
0016ba3c
002a9b78
001b7816
002a7ff5
001d3a8d
0020138d
001a83f0
00253c00
0022f36d
0026a19f
0023b3fe
001de67c
0020f680
00293cb9
002353b5
0022a0e6
0022f36d
00291a56
002186ed
00269abe
001aa2e3
002b1e23
00239f5c
001a5e1d
001d93f5
002cff8d
002a3b2f
0023987b
00233833
0023b3fe
001dd1da
001c0bf3
0022c349
001e926b
00295f1c
0021792c
0022f36d
001e994c
002b99ee
0022aea7
002f5cc2
001d0a69
001cb7e2
001e3903
001e3223
001b47f1
0018347d
0021bdf2
001d93f5
0017bf93
002542e0
00189155
0023ad1d
00196687
001bb96b
0016f141
001a686e
0027f97d
00218dce
00209d19
001caa20
00291a56
002504fb
00293cb9
001ac546
00193663
001a384a
001ed050
00233152
00196317
00196d68
0026b641
001d0388
00213466
002aa939
00292137
00259c48
001b17cd
001c957f
00203cd0
001d9ad5
001e926b
00213466
001a799f
00209638
001cda45
001c3c17
001e1d81
00157a70
001ef994
00166b25
00261ef4
002a2d6e
002587a6
001eebd3
00214908
001f755f
001d8d14
002a3b2f
0016edd0
001add58
0016bdac
0029515b
001d33ac
00244b4b
002186ed
001c957f
00215da9
0024f059
001cc5a3
001fb344
00299621
00272b2b
00242207
001928a2
0020d41d
00206cf4
0022a0e6
001b1eae
0024522b
00214227
001e8b8a
00276230
001dbd38
001ab415
0019f6f4
001535aa
00274d8e
00263a76
001e1d81
00214908
0027c959
0024cdf6
0024b274
001b145d
001902cf
0029c645
001be2af
0022fa4d
001c3c17
0019a7dd
00225c20
00188394
001f60bd
00197b29
00229324
001abaf5
00174e19
0015d3d8
001b1eae
00174057
002a6b54
00200cac
0025199d
001fdc88
00256c24
00221079
00178f6e
0023987b
0016c48d
0024748e
002383d9
002e8e70
0017de85
00240d65
001312ea
00163420
001fe368
0023f8c4
002889ea
001a8761
0024e979
0018c4e9
001d9ad5
0020efa0
001a2718
002ff40f
0029d406
0017cd54
001a497b
001b5242
002436a9
001dc419
00235a96
0022a0e6
001b7b86
001b1b3e
00236857
001e7008
0027bb98
00196687
001c5e7a
00233152
001b10ed
0018a286
0017aaf1
00283762
001a8e41
00209638
00231cb0
0018310c
0022251b
001f60bd
00175bda
00191e51
00214908
002186ed
001bf751
001aad34
0028ba0e
0023cf80
0026b641
0023f8c4
0023d661
00292ef8
001eebd3
0015ccf7
001d3a8d
0026ed46
001d8634
00262cb5
001ef2b3
00222bfb
001fe368
0028ba0e
00180459
001c79fc
001622ef
0021800c
0016189e
0017851d
001ed731
002126a5
002b99ee
002a5d92
0025e10e
0026fb07
001da897
001f8320
001c8e9e
002428e8
00191090
002496f1
002aa258
002a6b54
00273fcd
001aeb19
0030bb81
0017888e
00188a74
002542e0
001826bc
001ff80a
001d560f
0022ec8c
001c80dd
0020c65c
00236857
0018d61b
0025e10e
00237cf9
002a56b2
002a4fd1
0021a26f
001bb96b
001bc72d
0024ab93
0016c7fd
00230eef
00206614
00150586
0022d7ea
0021c4d2
001d25eb
0027a6f6
001bb28b
0019820a
0022477e
001e3223
00220998
00248250
002466cd
0027244a
001bc72d
0020282e
00210442
0028b32d
00238aba
00173296
002436a9
00289e8b
001a2038
00250bdc
0023dd41
00240d65
001ede12
00180b39
002504fb
00210b22
001d7872
0022d7ea
00225c20
0023a63c
0020c65c
001fdc88
00157700
0016dc9f
001a6bde
001fc7e6
001940b4
00253c00
001c19b4
00261132
001da897
0027320c
00279254
001acf97
00288309
001aee8a
001c80dd
001c3c17
00250bdc
0022c349
002383d9
00209638
00200cac
0021b031
001a2038
001845ae
001ffeeb
0015bf36
0022251b
001724d5
00264837
002e49aa
00181fdb
002814ff
0020214e
00170cc3
0023c1bf
0028d590
00188394
001ff12a
001a72bf
001ff12a
00259568
00196687
001a91b2
0025199d
00211fc4
001a429b
001e3fe4
001bb28b
0026bd21
0021bdf2
0028ba0e
00252e3f
001ff12a
0018cbca
001c42f7
002315d0
0019820a
0023f8c4
001641e1
0025cc6c
0018be09
00233833
00233833
00221e3a
001daf77
0021bdf2
0015e509
001d8d14
001da897
001433c3
0024446a
0026fb07
00185a50
002ed336
001463e8
0028005e
0018acd7
001d4f2f
0022a0e6
0018c4e9
001c5799
001a64fe
001b2c6f
00213466
00280e1f
001b10ed
00240685
002035f0
0021e735
002512bc
0024c716
0029817f
00185a50
001800e8
00243d8a
001713a4
0017888e
00237618
001d63d1
0023987b
001a15e7
001909af
0021b031
00211203
0020cd3d
00276910
001aa9c4
0020138d
0023f1e3
0020a3f9
002466cd
0026b641
001bdbce
001ab785
0020d41d
001eaded
002b39a6
0020282e
0018cbca
00263395
001743c8
001e1d81
0021792c
0023dd41
0022aea7
0017964f
001ef994
002a9497
001856e0
00245fed
0017f327
001b4111
00238aba
001ae7a9
00263395
00143aa4
0019fa64
001caa20
0027ebbc
001e2b42
00199a1c
001fdc88
001cb101
00206614
001ad307
0027546f
002b02a1
0027add6
0024f73a
001a8761
001d33ac
0012bcf3
002b5528
001de67c
00247b6f
0016edd0
002232dc
00275b4f
0019e252
001dcafa
001fd5a7
001d7f53
0021a26f
002822c1
00238aba
002746ad
00339b61
00200cac
002625d4
001dcafa
001516b7
001d0388
001ae439
001f60bd
0017851d
00299d02
00232391
00238aba
001c0512
001b8947
0018234b
002035f0
00249dd2
001c0512
0029dae7
001856e0
00279254
0025351f
001a72bf
002126a5
0025beab
0019ca40
00191400
001a9f73
001d416e
00273fcd
0025b0ea
0023f1e3
001ff12a
001fc105
001ce125
0022553f
001ec28f
00256c24
00144f46
00177acd
0023ad1d
001ea02c
0026d8a4
001bf070
001a34d9
00268cfd
00241446
001de67c
00255782
0029ef89
001dd8bb
001902cf
00256543
001babaa
0018eabd
001e6247
00157de0
0020214e
0024a4b3
0029c645
00173ce7
0021e735
00178f6e
001f4c1b
00233f13
0028073e
0028ceb0
0023bade
0025f5b0
001d7872
001e3903
001773ec
002542e0
00214fe8
0019a7dd
001ab415
0022fa4d
002496f1
002043b1
00181fdb
0022c349
00141160
002550a2
0021c4d2
0026cae3
00289e8b
0029d406
0027244a
00289e8b
00194b05
0025cc6c
001fd5a7
00230eef
002a1fad
0021f4f7
001d1149
001807c9
002a56b2
001d0388
001e926b
00165683
002a56b2
00249011
0024590c
001d7872
001caa20
0019a7dd
0020aada
002d3692
001c3536
00244b4b
0018121a
002550a2
001d484e
00261ef4
001daf77
00233f13
0023b3fe
00233152
001cf5c7
00275b4f
002550a2
00197e9a
0017ec46
002587a6
0019d491
0026861d
002a6473
00208196
0024446a
00258e87
001de67c
001ea02c
0022a7c6
002de281
00198fcb
00273fcd
002315d0
00170272
0021648a
0017fd78
0017662b
002353b5
0022d7ea
001c5e7a
002663ba
001e76e9
0021fbd7
002cff8d
002232dc
001e0fc0
001bf751
001f29b8
001d63d1
00203cd0
00174e19
001db658
00210b22
001b4481
0024d4d7
0027add6
002bca12
0019b59e
00278493
001c12d3
001f59dc
00186ef2
0016dc9f
0019a7dd
002a56b2
00264837
001ae439
00197b29
00210442
002504fb
0021a950
001c2e56
001ce806
0019857a
001b9028
001b6004
00281be0
00242207
001b9028
001584c1
0020f680
0021e735
002ab01a
0024ab93
001df43d
001b145d
0025da2e
001d2ccc
0029f669
002d8919
001a384a
0026717b
0019c360
00271689
0016d24e
0025e10e
00226300
002b2504
001f0755
00296cdd
001909af
002a9b78
001aa2e3
001b6374
001724d5
00219b8f
001bce0d
00208f57
001cbec2
001f8a01
001c0512
00249011
0018f87e
002186ed
00205853
00242fc8
0023cf80
00214227
0026af60
00155eed
0027d71a
001bb96b
0026e665
002814ff
00233152
001e2461
00243d8a
001e76e9
001da897
001c8e9e
001fd5a7
001b36c0
0028e351
001c0512
001f3779
00196317
00175bda
001826bc
0018cf3a
0025b0ea
0021ee16
0020cd3d
00236176
00222bfb
00292137
001cda45
001b2fdf
001aa2e3
0026cae3
001b7135
00188a74
001996ac
00242fc8
001c3536
00248250
0024ab93
0021a26f
0021b031
0027c959
001bc72d
001eaded
001b8947
001a0b96
0018cbca
002d4b34
0027d71a
00292137
002663ba
0021648a
001ac1d6
0020e1df
001bc72d
002580c6
001af1fa
0024590c
0021e735
001a9892
00158f12
00185dc0
00203cd0
002776d2
001bf070
00287c28
0026c402
001a1957
001b4481
001f6e7e
001c2775
001fea49
001d3a8d
00207ab6
00225c20
0022a0e6
0024ab93
00167576
0018ee2d
002890ca
001e1d81
001e5b66
0026bd21
002466cd
0025199d
0019a7dd
0020fd61
001d7192
00247b6f
0026785b
001d7192
0023a63c
0019bfef
00175bda
001a9522
0022bc68
00287548
0020bf7c
001a4cec
0023cf80
002af4e0
0028f113
00218dce
002353b5
00226300
001eaded
0020e8bf
0026fb07
001c6c3b
0021b711
001eb4ce
00233152
0026fb07
0016b6cb
0024748e
0016ac7b
00256543
00289e8b
00269abe
001f679e
00187943
001f60bd
001d3a8d
001f4c1b
00194b05
001d3a8d
001c42f7
00276ff1
001ec970
002a8db7
00226300
00260371
00227e83
0026717b
00279254
002d21f0
0022d7ea
001f0755
0018ee2d
001c9c5f
001f3099
001f3779
0027c959
00247b6f
001ac8b6
00192532
001a5aad
0021800c
00280e1f
00195556
001b7b86
0021d294
0028005e
00236857
0026785b
00170953
002232dc
00238aba
0025aa09
0020a3f9
0024c035
00187943
0022477e
001b0a0c
001ccc83
0022ca29
00255782
00222bfb
001a9f73
001e2b42
001d8634
001d6ab1
001ba4ca
0025fc91
001f3779
00188de5
001abaf5
002ab01a
001dbd38
00219b8f
0022bc68
0018a967
0019d801
001c50b9
001bfe31
0021d294
00203cd0
0024fe1a
00292ef8
0029515b
00222bfb
0022b587
0016c48d
001c12d3
00233833
0018e74c
0025b0ea
002abddb
001b2fdf
001f29b8
001ff80a
001d0388
001dcafa
002b4767
00211fc4
0020282e
00268cfd
001ca340
001dc419
001d8d14
0022d10a
0023cf80
001ac546
002bec75
001b3da1
001b5242
0018423e
0028ac4d
001caa20
00250bdc
001a1276
0022c349
00256c24
001f3e5a
00206cf4
00198c5b
0024f73a
001a5aad
001cda45
002bc332
00169468
001cb7e2
0026bd21
001e1d81
00233f13
0019dee2
001b3a30
00284c04
00236857
00233f13
0027a015
0020282e
001d6ab1
00224e5e
002693de
0021792c
0019a7dd
00184fff
0021e055
00206614
00202f0f
0025f5b0
0025beab
002b4767
001e7dc9
001bdbce
0023b3fe
0018ba98
001b7b86
001667b5
002663ba
001ab0a4
001b258e
00224e5e
001d1f0b
0017888e
001d1149
002bbc51
00204a91
0024f73a
001d6ab1
0013e81d
001d33ac
00191ae1
001cc5a3
0020b89b
001e0fc0
002383d9
0019a46d
0027e4db
0020282e
00233152
001e926b
00218dce
001c655a
001c50b9
001b6dc5
0029b884
002a7915
00246dae
0017c303
001c655a
001b221e
001799bf
002738ec
002746ad
00264837
001225a5
001799bf
001d560f
0024446a
002232dc
0023987b
00283762
0018ee2d
00212d85
00170cc3
00196317
0025e10e
00196317
0019a0fd
0017a0a0
001a72bf
001b5242
001d63d1
0028c7cf
001b36c0
00245fed
001c3536
00292137
001c5799
0021fbd7
00191400
002e49aa
001e6247
0023012e
00220998
002bf356
00199a1c
001a2a89
001b36c0
001dd8bb
0027f97d
001b258e
002194ae
001bce0d
002269e1
00237cf9
0018be09
0021fbd7
001a505c
0019f384
0019e252
00234cd5
001f7c3f
00307d9b
0018d61b
002cc1a8
0018f50e
001be990
001e84aa
0028a56c
00213b46
001d8d14
0016e6f0
00258e87
001d560f
001a686e
00261ef4
00206cf4
002de962
001a429b
001e0fc0
002cf8ad
00182d9c
001dcafa
001bf751
00236857
0021d294
001a9c02
0014e693
0028ba0e
0020bf7c
001d6ab1
00270fa9
0022aea7
00234cd5
0023080f
0017b8b2
002b32c5
0029817f
002e79ce
002a4fd1
0022f36d
0027320c
0019c6d0
001d1f0b
002b4e47
0018f87e
001d7f53
0023f1e3
001caa20
00258e87
0023012e
001ffeeb
001a573c
00175bda
0017888e
002852e5
001df43d
0016e6f0
00170953
00207ab6
0020cd3d
00274d8e
0016cb6d
00255782
002a7915
001c9c5f
001b4ed2
001f60bd
001977b9
001f8320
0027f29c
0029c645
001e2b42
00212d85
0023012e
0023f1e3
0021ee16
001b36c0
001a8761
002852e5
0021792c
002d4b34
00248250
0021a950
002cbac7
0025fc91
0015f9ab
001e3fe4
00233833
001cb101
001ab785
002df042
0020bf7c
00170953
002fa188
0021cbb3
002005cb
002dc6ff
00213466
00271d6a
001c50b9
00232391
0028dc71
0020cd3d
00185dc0
002b7e6c
001fd5a7
001f3779
0024446a
0022a0e6
00202f0f
00214908
00249011
00298f40
00231cb0
00182a2c
00231cb0
00186131
001d4f2f
001b8947
001e926b
00185a50
0022d10a
0022477e
00283e43
00172165
0024f059
002663ba
0026785b
001a8ad1
00292ef8
0019d801
001b9de9
00287c28
001ec970
0025351f
001b3da1
0023919b
001e4da5
0016afeb
001da1b6
001ebbaf
00247b6f
002c539e
002af4e0
00184c8f
00180459
0025a329
0018310c
00191400
00144bd5
0024748e
0029515b
0021648a
0023012e
00188a74
001c655a
001cc5a3
001af56a
001e8b8a
001d182a
001ede12
0022aea7
0016189e
00158831
00286e67
0014f7c4
002186ed
001dd8bb
001fb344
0023ad1d
00197b29
001bb28b
00187262
001fba25
0024e979
001d182a
001a0b96
001ede12
0024cdf6
0028dc71
0015f9ab
0026df84
001e8b8a
001807c9
002549c1
0024b274
001a2718
001f60bd
0025a329
0019d121
001f0755
0017a780
0024f059
0017851d
001f60bd
0028ceb0
00241b27
001c42f7
001b4481
001bfe31
00160e4d
0016152d
001c731c
0026b641
0016b6cb
0025275e
0024c035
001743c8
0018158a
00241b27
0024b954
001f59dc
0023bade
0020d41d
0028a56c
001988ea
001e2461
001d2ccc
0024f73a
001b47f1
00240d65
002822c1
0020bf7c
001b5c93
00252e3f
0024a4b3
001f22d8
0024a4b3
001c5799
0023d661
0020b89b
00236f38
002897ab
00201a6d
001cda45
001ccc83
001e3903
001f3099
001b5c93
00256c24
00202f0f
0020c65c
002073d5
001b7ef6
001fac64
001fcec7
001db658
00287c28
001fd5a7
00180459
002e3508
0025cc6c
001b2c6f
001ec970
001ca340
0023987b
0015ae04
00208196
00229a05
001c87bd
001df43d
0027320c
00220998
0027d71a
0020a3f9
00221e3a
001b8267
0017c9e3
001e8b8a
0021ee16
001b17cd
002859c5
0017bf93
001ee4f2
0015f9ab
00214908
0025c58c
00275b4f
00249dd2
001e84aa
0021a950
00273fcd
001d7f53
0018be09
0019fdd5
00276230
0025207d
002186ed
002a4fd1
00194b05
002905b4
0017cd54
002a86d6
002579e5
001958c6
001e994c
0023080f
001e8b8a
001fac64
00215da9
00248930
001dd1da
0018e74c
002822c1
00235a96
001b17cd
00219b8f
001ec28f
00209638
0015c616
0027546f
001cb7e2
0031dc5a
00264837
0020f680
001629cf
001c12d3
001e0fc0
00180b39
001e3fe4
001ef2b3
00220998
0018a967
001d7872
0024b954
001e2461
0024446a
001daf77
00162d3f
002202b8
0017d0c4
001c0512
00208877
001ab785
002118e3
0025beab
00218dce
0033f4c9
001d416e
00224e5e
00190d20
001bc04c
001ae7a9
00214227
001cb101
001e3223
002889ea
0023987b
001ddf9b
00198c5b
0026a19f
00241446
00172845
002232dc
002b7e6c
002118e3
0028ac4d
001c3c17
00178f6e
0021fbd7
00253c00
001b7135
001f1bf7
0025275e
001bb96b
0022b587
0019857a
001bb96b
00198fcb
002655f8
002a7915
0028c7cf
001826bc
002277a2
001909af
0024c716
00259568
001ed050
001d560f
0028ceb0
0027244a
001bb96b
00228563
0026a880
00245fed
0027d71a
001d7f53
001e7dc9
00175f4a
001ccc83
0014a8ae
00256c24
001ee4f2
0021b031
00162d3f
00209638
0020b89b
0017b8b2
002b8c2d
001c0512
0025e7ef
001c80dd
00238aba
001be2af
002a1fad
002277a2
001b8947
0015de29
002202b8
001ad678
001b6a54
002202b8
001ea02c
002ea9f2
002466cd
002905b4
001a6f4f
001fd5a7
002d28d1
001eaded
002f5cc2
001894c5
00199a1c
001d416e
001daf77
00188de5
0027320c
00260a52
0023a63c
0025d34d
001d3a8d
001dbd38
002df723
001ea70d
0032059e
00193663
0026a19f
002a9b78
00191ae1
00238aba
001e84aa
0020efa0
0023f8c4
00175f4a
0022decb
0027e4db
001d182a
002a7234
0014fb35
002b1e23
0025cc6c
001ec28f
0021724b
0020138d
0022409d
002c0117
001e0fc0
0021a26f
001fea49
00258e87
00172bb6
0021d294
0023ad1d
0019fa64
0027d039
0027e4db
001f3099
00191090
0017a0a0
0019820a
0024522b
00279935
00174738
0017b542
0019db72
001fb344
001b3350
001d93f5
0019fdd5
001fd5a7
001928a2
0027244a
001d0a69
0022409d
002a042b
001d7872
002504fb
00292817
001b032b
0024c716
00236176
0017b8b2
0018f19d
00221e3a
0026861d
00248930
0022ec8c
0020bf7c
001f3779
001d7f53
001c5e7a
002a6473
001eb4ce
00171033
0026bd21
001ff12a
0022477e
002550a2
0025e10e
0025fc91
001e2461
002625d4
00194795
0021d974
00299d02
0019db72
0016076c
0029fd4a
001ce125
001c5799
0022a0e6
0023080f
0026d8a4
0025eecf
001ceee6
0016a22a
001bd4ee
001d484e
001e7dc9
0025a329
00188de5
0022a7c6
001c19b4
001e76e9
0026a19f
001a23a8
00196d68
001b36c0
001d4f2f
001d8634
00167576
001b4481
0021b711
002126a5
0026fb07
002a042b
0014909b
002bd0f3
00189155
0021724b
0026d8a4
002353b5
002c539e
0023c89f
002af4e0
001b0d7c
0022f36d
00208196
0026ed46
0017b8b2
002c237a
001c50b9
0018ff5e
002043b1
0017d7a5
00225c20
0023a63c
001f4c1b
0023012e
001f453b
001ea70d
0025f5b0
002f5cc2
0025a329
001ed731
0017707c
001a91b2
001d0388
001c49d8
002d21f0
002a6473
0026f426
0018347d
00163e71
00233152
002156c9
001c87bd
0023987b
00274d8e
001c3536
00271d6a
00279935
0020d41d
001b7816
002504fb
002277a2
00205853
0027f29c
0016152d
001932f3
001a5e1d
001a8e41
001da1b6
0021d294
001c3c17
002776d2
0024fe1a
001bb96b
00151d98
001c50b9
001b55b3
00229324
00208877
001ac1d6
00207ab6
0014039f
001a8e41
0022bc68
00192532
00298f40
0022251b
00261ef4
001e6927
001c87bd
0019bfef
0024fe1a
00221079
002905b4
00191400
002005cb
001fc7e6
0025c58c
0027c278
001e46c4
0017aaf1
00239f5c
001d2ccc
001d93f5
00270fa9
0020282e
0027c278
00188a74
00231cb0
00237618
0023c89f
0020dafe
002542e0
001e16a0
0021bdf2
00177acd
001d1f0b
00188023
0025207d
001c2094
002a0b0b
001697d9
001fac64
001ccc83
001ea02c
0015fd1b
00211fc4
001a8080
001cf5c7
0019b22e
00225c20
001c12d3
001a384a
00196317
001f6e7e
00243d8a
001a6f4f
0018dcfb
0018f87e
00173ce7
0020c65c
001f3e5a
00205f33
001e16a0
002277a2
00161c0e
00205172
001c5799
001be990
001fdc88
00214227
002b1e23
001aee8a
001c42f7
0017bc22
002655f8
0022175a
001da897
0022a7c6
001d7f53
00206614
00213466
001ede12
0027ddfb
0019b22e
0017efb7
001e5486
00259568
00208196
00173ce7
0020bf7c
00188023
001fdc88
001c9c5f
00265cd9
00188704
001b4b62
0018e3dc
0028005e
00248250
001f1bf7
00272b2b
0021800c
00272b2b
001ab0a4
0028ea32
001ef2b3
001bc04c
00172165
001f29b8
0018a967
0021ee16
0019e5c3
001d33ac
0027f29c
00236f38
001622ef
002738ec
0018eabd
001fc7e6
002b4086
001f453b
0019a7dd
001b2fdf
001e6247
00203cd0
001856e0
0026d8a4
001909af
00266a9a
00232a72
00233152
0024f059
001c87bd
00218dce
002a56b2
001fe368
00187cb3
0017775c
0021a26f
00225c20
00214fe8
00267f3c
0017d0c4
0021800c
0027320c
002428e8
001f97c2
0027546f
0021d974
001e7008
00191ae1
002625d4
0018d2ab
00278493
001a04b5
0025e10e
0024d4d7
001f0075
00261813
001e7dc9
001a429b
0022ec8c
001f0075
00235a96
00195fa7
001eb4ce
0014fb35
00234cd5
001caa20
00187cb3
00299621
001a1957
001bc04c
0020f680
0017f327
001db658
0021bdf2
00186ef2
00236f38
001a2df9
0022d7ea
001e08df
0020b1ba
0023f8c4
002496f1
001ae0c8
002383d9
001c3536
002905b4
001e926b
001be990
00255782
001a1276
0025207d
002c9864
0029e8a8
00255782
001ee4f2
001b3a30
002cc888
001d182a
0019857a
001bd4ee
001d6ab1
0019d491
001b9de9
0017ec46
00170953
001d0a69
002c1c99
0023987b
0014940c
002353b5
0024522b
00266a9a
00173296
002663ba
0019820a
00202f0f
0021e055
0026a19f
002d5214
001c6c3b
0028c0ee
001e16a0
00240685
0027244a
0021e735
001c2e56
001e6247
0026e665
001ac546
001cbec2
0022553f
001c8e9e
0025e10e
0023bade
001fe368
00246dae
0023eb02
00287c28
001b2fdf
001cda45
0023ad1d
001932f3
00191ae1
0023080f
001b66e4
001a91b2
001daf77
001b5242
0027d039
00193663
0027d71a
002194ae
0018a967
002b4e47
00205853
00224e5e
001921c1
0026e665
0021b711
0013eefd
0021cbb3
00187943
001d1149
001856e0
001ae439
001f9ea2
0015a043
002202b8
00197e9a
0020138d
002f25bd
00263a76
001fd5a7
00279254
002a4210
0027f29c
0019a0fd
00280e1f
0017e566
0028073e
0020f680
00231cb0
001aa9c4
001fac64
00240d65
001d1149
0025e10e
001e6247
00188de5
001a9892
002005cb
0019820a
0017b542
0025aa09
0027a015
001e4da5
00211fc4
0027546f
0025b0ea
001a799f
00261ef4
002428e8
0021648a
001f0075
002e04e4
0024446a
001babaa
001db658
00240685
002738ec
00208f57
0027ebbc
0024b954
00255e63
001603fc
001c0bf3
0019b22e
0018e3dc
001826bc
001ea02c
002cf1cc
00280e1f
0022bc68
0026a19f
001ff80a
001f453b
001ce806
0017b1d1
001c655a
0027c278
00213b46
0026f426
00208f57
002043b1
0020dafe
001940b4
001818fa
001d0388
001fd5a7
001c0512
00249011
001bc72d
002202b8
001cf5c7
00257305
00181c6b
002b1062
00232391
0015b175
001996ac
001a5aad
001d3a8d
002c3efc
001b6004
001724d5
001c2775
001781ad
00225c20
00213466
001bc04c
001a9522
00210442
00197e9a
0024c716
00226300
00232a72
00230eef
001856e0
001fdc88
001ede12
001f9ea2
0018347d
001be990
001d416e
001e5486
002625d4
00182d9c
001f90e1
0019e933
001b3da1
002e1986
0024b954
0026e665
001cf5c7
00213466
001b258e
001e01fe
0021c4d2
00199a1c
001902cf
0027a6f6
00250bdc
00205f33
00269abe
001e46c4
00229324
001e926b
001db658
0018ba98
0023d661
00184c8f
001ee4f2
002504fb
0026cae3
001abe65
00206614
0015a3b3
0027244a
001c957f
00228563
002073d5
001f8320
001d484e
001ceee6
001d93f5
0020e1df
0016e37f
002b4086
0023a63c
00226300
001e7dc9
0026b641
001dd8bb
001c19b4
00255782
00211203
001667b5
00236f38
001d63d1
0029a3e2
001ebbaf
0024b274
00310e08
00214227
001659f3
0027d71a
0023c1bf
0021c4d2
002be595
0024ab93
0020282e
00195c37
001c731c
001daf77
001e926b
001ded5d
0018a967
00232391
002bca12
001bdbce
0024cdf6
00255e63
001e8b8a
0020fd61
00236f38
001fac64
002a5d92
00214227
0021b711
00211203
002035f0
00187cb3
0026d1c3
002005cb
00228563
0021e055
00261ef4
0017a0a0
00284c04
00260371
00206cf4
001a1cc7
001c9c5f
0015e879
00259c48
0020f680
002b0981
0023c1bf
001f9ea2
001754f9
001a429b
0028b32d
00250bdc
00245fed
0019a0fd
001da1b6
0027b4b7
0023919b
002a7ff5
001d7f53
001be2af
001f90e1
001ee4f2
001ca340
001d3a8d
002889ea
0026df84
0025d34d
0026ed46
0018b048
0029583c
001c79fc
001e926b
001b7ef6
00166444
002738ec
00186811
0018e74c
002cf8ad
001940b4
001e7dc9
00177acd
0022a0e6
0026cae3
001a91b2
00259568
001ce125
002496f1
001cc5a3
0018491f
001ae439
002270c1
0021e735
001cf5c7
00284524
00224e5e
001e3223
0023080f
00295f1c
00178f6e
0024f73a
00200cac
0026df84
00209638
001e7dc9
0020214e
0021e735
002c615f
002c3efc
00173607
002965fd
001743c8
001e6927
00206614
0017a0a0
001b6374
0025207d
002746ad
00279935
001bf070
00279254
001d1f0b
001eb4ce
0019c360
002496f1
0020214e
0028dc71
00210442
001ebbaf
0021724b
00151a27
0024748e
001fac64
0023080f
0020b1ba
0025275e
001fc7e6
00229324
0020aada
0027320c
001f60bd
001d0a69
0019bfef
0026cae3
0019dee2
00175f4a
001ec970
001800e8
0025207d
001bb96b
001bc72d
001ffeeb
001a9c02
001b6dc5
0017cd54
001db658
001e926b
00202f0f
002512bc
002de281
00187262
002202b8
00240d65
001f0755
0024e298
00173296
002df723
001e3223
00167205
0022251b
00243d8a
001db658
00208f57
00230eef
001ffeeb
001b7816
00271d6a
002f2c9e
001e994c
00234cd5
0025fc91
00224e5e
0027f29c
001ab785
0022fa4d
002b70aa
001dd1da
0019ab4d
001a505c
0020fd61
0022bc68
001e7008
002270c1
001e7008
002035f0
0025b7cb
001a1957
001c731c
00292137
00187943
001a8e41
001eaded
00243d8a
0022553f
001f29b8
00233152
00214908
00196d68
0026df84
0016cb6d
001b069c
001921c1
002126a5
001c0bf3
001d6ab1
001d1149
0027f97d
001af56a
0023f8c4
0020138d
0024f73a
001e3fe4
002ea9f2
0023987b
0023f8c4
0020aada
0027b4b7
00273fcd
001ebbaf
0019d491
00296cdd
0029e8a8
0021cbb3
001f59dc
002b62e9
001d7872
0021a26f
00211fc4
0032e1b1
00195c37
00236857
0025a329
0021b031
001ba4ca
0019fdd5
001bc72d
001762ba
00259568
002345f4
002436a9
0023bade
00264157
0022553f
001bb96b
0016afeb
001705e2
0020f680
00227e83
00284c04
002a5d92
002c7601
0020214e
0020bf7c
0025275e
002829a1
0023012e
001e08df
001d182a
001be990
00264f18
001b2fdf
00160adc
0029583c
001e7dc9
002202b8
001daf77
001a5e1d
00230eef
00171714
0022ca29
001d2ccc
001fc7e6
001e5486
00144f46
0019ab4d
0026cae3
001bb28b
001705e2
0023080f
0018cf3a
0016c11c
001b1b3e
00280e1f
00191e51
0022409d
00298860
002a7915
002905b4
0025199d
0020dafe
002126a5
00194e75
00225c20
00238aba
00253c00
0025b7cb
0019f6f4
001951e6
0024c035
00206cf4
0026785b
001902cf
00233152
0017a410
00151347
00170953
001dfb1e
0022b587
00189835
00205172
001c5e7a
002345f4
0024f73a
001a34d9
0019db72
002ba0cf
00284c04
00238aba
00174738
0024fe1a
00201a6d
0026861d
001af1fa
00192532
0019e5c3
0016a59a
00248250
0022175a
001d7f53
00229a05
0017de85
001e5b66
001a9892
00226300
00242fc8
002043b1
001cfca8
001f4c1b
0020dafe
0020aada
001a3f2a
001b17cd
0026ed46
0024446a
001eb4ce
001ca340
002905b4
00150586
001c2e56
00278493
00283762
001fcec7
0022175a
00283762
002f9aa8
0026e665
002dfe03
0022409d
001cb7e2
00263a76
0022bc68
00298f40
001754f9
0028dc71
00220998
001affbb
002c45dd
001969f8
002466cd
00205853
001ea02c
001c0bf3
00298860
0018f87e
00208f57
001b10ed
00286787
0019d491
0021c4d2
0023987b
001ae0c8
00257305
001f52fc
001d33ac
001eebd3
00184c8f
00269abe
001d7192
002a6473
001affbb
002a4210
0024dbb7
00202f0f
002118e3
00236f38
00263395
001b9028
002afbc0
001c2094
001a1957
002126a5
00267f3c
001aad34
001c0512
002bec75
00205f33
0026bd21
0025cc6c
002156c9
002b62e9
001b7ef6
00198c5b
0022bc68
001f8a01
0027a6f6
0021e055
001ec28f
001ff12a
001ad307
0024ab93
0028b32d
0017586a
00208877
0018310c
00200cac
001c731c
0021a26f
0021d974
00180ea9
002e9c31
00250bdc
0017b1d1
00205853
001958c6
00272b2b
001762ba
00258e87
00240685
001678e6
001bc72d
0025e7ef
0016c11c
001c0512
0023012e
002587a6
002ebe94
0026b641
00242207
001452b6
0023012e
00182a2c
00232391
001ed050
002504fb
001c87bd
00271689
001ffeeb
001bf751
0027d039
0022d7ea
0021b031
0021cbb3
001ffeeb
0027c959
0023ad1d
0019bc7f
001c8e9e
0024748e
00292ef8
0022bc68
0029e8a8
0023bade
0018acd7
0025b7cb
0019ca40
001773ec
00160e4d
001fc105
001d93f5
002ec575
001fe368
002ab6fa
00230eef
001cb7e2
001d560f
002cdd2a
001bc72d
0022a0e6
002315d0
001bfe31
001ef2b3
001d1149
001dbd38
001f679e
0027c959
0024fe1a
0015ebea
001ff80a
00165313
0021800c
002859c5
001fa583
0018d98b
00219b8f
00250bdc
0016d5be
001b7b86
002345f4
00230eef
0018f50e
0023dd41
001fa583
001add58
001dcafa
002c2a5b
001ccc83
00203cd0
0020fd61
00244b4b
001a0826
00283e43
0023987b
001cf5c7
0015580d
0023ffa4
001b7b86
001b36c0
00299621
0016c48d
001b2c6f
00226300
0018d2ab
002852e5
00255e63
002035f0
00209d19
001c9c5f
0025b0ea
0022decb
00185dc0
00233f13
002dcddf
00168337
0028ea32
0019bc7f
0016e00f
001d0a69
002587a6
001bb96b
001fb344
00206cf4
0024748e
0025fc91
001d8634
001c79fc
00194424
00164c32
002b5c09
00266a9a
00240d65
0023bade
0028c0ee
002b1062
0029e1c8
001c0512
001a6bde
002ae71e
001c957f
001b4ed2
001ede12
00186ef2
002550a2
0021d294
0021c4d2
00237618
00203cd0
0016c48d
001e3223
001c12d3
001c80dd
00228563
001eaded
0023b3fe
00240685
001e3903
001dbd38
0018347d
00169468
00167205
002202b8
001826bc
002e2747
001b3da1
0014f7c4
0022477e
00298f40
00194795
001909af
001724d5
002746ad
001bc04c
00187cb3
0021bdf2
002ad95d
001a1cc7
0018158a
00249dd2
001d560f
0020d41d
0024d4d7
00213466
0023d661
0022bc68
001d416e
002d2fb1
00188de5
001f0e36
001bfe31
0020efa0
0018a967
0018310c
0022d7ea
001dd8bb
001fd5a7
001f29b8
0015d3d8
0016d24e
001fa583
0027d71a
001b8267
001bd4ee
0020138d
0022409d
001da897
002186ed
001a8761
00147f6a
001ce125
0018dcfb
0024ab93
0022bc68
001b7ef6
002118e3
0025b7cb
001da1b6
0022251b
00240685
001b74a5
001996ac
001bf751
00243d8a
001f8320
0025f5b0
001d484e
0026785b
00224e5e
00286e67
00158831
002186ed
00248250
0019dee2
0021fbd7
0020c65c
0026ed46
002701e7
0027320c
001be990
001d93f5
00209d19
002345f4
001b4481
00191090
001fc105
001c3c17
002383d9
002829a1
001a4cec
0018ff5e
001ebbaf
001c9c5f
00205853
001ab785
00258e87
001a1957
0027add6
001f4c1b
001a497b
0020282e
0019b90f
0023b3fe
001f679e
0018a5f7
001e3223
00183ece
00264f18
0023f8c4
0022477e
001ac546
00166e95
001cf5c7
00183b5d
002973be
0020b1ba
00256c24
0022b587
001bc04c
001ff80a
0018121a
001daf77
001e3fe4
0020fd61
00227e83
0020282e
00174057
00243d8a
002d8239
00225c20
001595f2
00248250
00216b6b
00188394
0024590c
001ea70d
001f59dc
001c2e56
002043b1
0027e4db
0018a5f7
0016b6cb
001c9c5f
001fc7e6
0029439a
001f3099
001800e8
001622ef
0024b274
00267f3c
001e84aa
001ede12
0022d7ea
00182a2c
001ae0c8
001c3536
002c07f8
0020138d
0018ba98
00166b25
00249dd2
0017db15
00242fc8
00248930
00281be0
001837ed
0024e298
001f7c3f
0019a7dd
0014ea03
002663ba
001e2461
001f9ea2
0021a950
001ce806
00284c04
00175189
00292137
002270c1
0016bdac
0025eecf
002d5fd6
001a1957
0013b118
0023a63c
001f90e1
001e46c4
001c9c5f
00188a74
002ea9f2
001e3fe4
00213b46
00250bdc
00158150
001eaded
001ba4ca
00174738
001f679e
0025fc91
001b4111
0022b587
00276230
0027d039
0025aa09
0021c4d2
0018a5f7
002a86d6
001d3a8d
002194ae
001bfe31
002663ba
001be2af
0023f8c4
002436a9
001e2461
001a8e41
001c5799
001e6927
001d6ab1
001b6374
001dc419
002504fb
0026a880
001da1b6
001641e1
0029e8a8
0017d434
0017e1f6
002542e0
002a9497
0026a880
001970d8
00271d6a
00175f4a
0024590c
001af56a
00287548
001fcec7
002466cd
0018ba98
0022251b
00264157
00218dce
0025fc91
0024b274
0020dafe
001b0a0c
00264157
00185a50
0020214e
0019f6f4
0027e4db
002b99ee
001ec28f
002ab01a
001f0755
0017fd78
001da897
00284524
0017c303
001fac64
001f29b8
001977b9
001fea49
001b1eae
0017d434
001dcafa
002194ae
0015a724
00163b01
0022c349
0021792c
0022d10a
00208f57
001b3da1
001a0f06
002549c1
001d182a
001d6ab1
001e1d81
0021b031
001b7135
001bb96b
0023ffa4
002ad27d
00205172
00286e67
00283762
001eebd3
00267f3c
0017aaf1
0021d294
0017bc22
001dd1da
002bb570
00227e83
001e84aa
0022ca29
00199a1c
00236f38
0023c89f
0019db72
001b7ef6
001a1cc7
001e16a0
001e3903
00245fed
001e01fe
0020b89b
001b3a30
0021724b
0019b22e
001f0755
001a72bf
0027f97d
0024b274
00250bdc
00253c00
002935d9
00171033
001b17cd
001eebd3
0018c4e9
0023d661
00163790
001f3e5a
0024e979
001fb344
002822c1
0026e665
002a5d92
001eebd3
001dd1da
0027c959
001cd364
00214fe8
0028ac4d
00214fe8
001d9ad5
0014f454
0027f97d
0023f1e3
00279254
00291376
001ede12
001a23a8
00278b73
0024cdf6
002269e1
001c87bd
001b2fdf
0019d491
0019d121
0018eabd
00271d6a
001b4111
0022ca29
0023eb02
00195c37
0025b7cb
001d8634
001aa2e3
00209638
001dd1da
001b3a30
0026717b
00277db2
00258e87
001f0755
002270c1
001b3350
00166444
00275b4f
00143e14
002035f0
002512bc
0021724b
0019857a
002194ae
001f0075
00256543
0026c402
00206614
001a2df9
00174057
00291376
0023eb02
00233152
00234cd5
0029ef89
00239f5c
002043b1
002b2504
001f755f
001b2fdf
001b9708
001d4f2f
0016a22a
0018e06c
0021f4f7
001a573c
002625d4
001d6ab1
0027d71a
001c42f7
001c655a
001cc5a3
0028ac4d
0018a286
0016dc9f
001f0075
001c3c17
0020aada
001d8634
002043b1
0017b1d1
00287548
001f453b
002d142f
002889ea
0020282e
001c49d8
001ede12
001c731c
001e6927
00188704
0020bf7c
002232dc
001bd4ee
00201a6d
0023cf80
001ab785
00266a9a
00177e3d
001fb344
0025f5b0
0027320c
001d9ad5
002655f8
00204a91
0015b4e5
00262cb5
0019d491
00299621
0020fd61
00213b46
001bc72d
001f8320
0020d41d
00237618
001a497b
001e3fe4
001b9708
001a5e1d
001e01fe
0025207d
0018234b
001d33ac
00237618
00211fc4
001ce806
002126a5
0016f141
00232a72
0017f697
0020bf7c
002889ea
001eaded
001e2b42
002d7b58
002c237a
001c0bf3
001875d2
001e3223
0019b22e
0014dfb2
00283e43
001697d9
00232a72
0020282e
001ae0c8
001d2ccc
0021648a
00269abe
0023f8c4
001c957f
00210442
0026ed46
0016c11c
0024ab93
00270fa9
0027244a
0021e055
001c5799
0027f97d
00226300
0020282e
00136201
001c80dd
002504fb
001807c9
0021792c
001b3350
001c8e9e
0021a26f
0023ffa4
00132e6d
001e01fe
001f1516
0015f9ab
0023eb02
001cb7e2
00173ce7
001c2e56
002186ed
00262cb5
0024590c
001da897
0024446a
001d4f2f
00202f0f
00197449
001ae7a9
001fc7e6
00175189
001940b4
001d0388
0028ba0e
002897ab
0025f5b0
001724d5
0021b031
001ed050
001928a2
0020282e
001e08df
001d8d14
001d416e
002aa939
00189835
001fac64
001b28ff
00276230
001fa583
0028ba0e
001800e8
0018ff5e
001c87bd
001c19b4
001902cf
001659f3
002c45dd
001e16a0
0019063f
0020138d
00151a27
001754f9
0024e298
0025e7ef
002625d4
001e3903
001f59dc
001fc7e6
001b4111
001ce806
0023012e
001cb101
0028d590
0020bf7c
001b7816
00191400
001940b4
0025a329
0015b175
0022553f
001864a1
0018c85a
00208f57
00260371
001be2af
0018ba98
00270fa9
002a5d92
002a3b2f
001754f9
001e16a0
00213b46
0022d10a
00186131
00174e19
00194b05
002c237a
002d3692
00237cf9
001f7c3f
00264f18
00171714
002708c8
0027add6
001b2c6f
00286e67
00182a2c
00206cf4
00255782
0025c58c
0019eca3
0016d5be
001856e0
001f679e
0019db72
0025eecf
001e1d81
001eb4ce
0029fd4a
0017b8b2
0016f821
001a0b96
001f3e5a
0017e566
00186b82
0028c7cf
00246dae
002a344f
001e2461
0025fc91
001781ad
0020e8bf
00138b45
00212d85
001a686e
0015f9ab
0017a780
001f22d8
00237cf9
001a2718
00236176
001d7f53
0021e735
001b3a30
0026af60
001f22d8
002126a5
001be990
001b5242
001ceee6
002b4767
001ad678
0025c58c
00249dd2
0014ac1e
0023f8c4
00293cb9
001bb28b
001daf77
00196d68
001f0755
001f6e7e
00292817
0023b3fe
00263a76
002890ca
0026fb07
0024748e
002118e3
001ef2b3
00237618
0020b89b
0026bd21
001807c9
002ad95d
001d0388
001921c1
001d0388
0025e10e
001db658
00208877
0025fc91
002587a6
001c8e9e
002c6f21
00216b6b
0019aebe
0024c716
0025207d
0028f7f3
00199a1c
002a4210
00142972
0020d41d
00228563
00216b6b
0027e4db
0029c645
00258e87
001b8947
0017d0c4
00204a91
001d25eb
002a4fd1
001d7872
0017b8b2
002aa939
0017bc22
002f4820
0025fc91
001b4481
002194ae
00290c95
00214fe8
0019ca40
00200cac
001f679e
001a9892
0022b587
0018121a
00233f13
0025d34d
0025351f
001aa2e3
0024748e
0024f73a
0024e979
00196d68
001e2461
00233152
00280e1f
00240d65
0021b031
001ea02c
001b8267
0028dc71
001f22d8
001d1f0b
0029f669
001d1f0b
00263395
001b6a54
001fac64
00250bdc
002353b5
00192f83
00175189
001c3536
00182a2c
001cda45
002ba0cf
001c80dd
0029817f
0018423e
001e01fe
001bc04c
001f52fc
00203cd0
0017fd78
0018f87e
001bc04c
0015701f
0027b4b7
0019ca40
00211203
002035f0
00240685
0024a4b3
001b74a5
00228c44
0015de29
002bdeb4
00243d8a
00210442
0023919b
0025fc91
002126a5
001f3099
0019b59e
001ef2b3
001fcec7
001a0f06
0020282e
00276910
001d7872
001fa583
00240685
001ea02c
001d5cf0
002383d9
00261132
00191090
001d9ad5
001d6ab1
001ff80a
00258e87
0025d34d
0023f1e3
0017bc22
00264157
002859c5
00289e8b
00260371
0027a015
0017c673
0022477e
0018c4e9
0022553f
0024446a
00221e3a
0027c278
0022553f
001ab785
00228563
0029dae7
001fc105
001c3c17
0019c360
0017e1f6
0017b542
001dc419
001e2461
00280e1f
001ef2b3
001cda45
001e5b66
001864a1
001799bf
001e7008
0021a26f
0022175a
002965fd
001dd1da
0022477e
00233f13
001e7dc9
00253c00
0027c278
00238aba
00215da9
002a7ff5
002897ab
0020282e
00171df4
00230eef
00249dd2
00177e3d
001d560f
00276230
001ef2b3
001f8a01
001a9892
00250bdc
00225c20
0017efb7
001cfca8
001cd364
002496f1
002746ad
001648c2
002550a2
0026717b
00185dc0
002035f0
0015d748
0020b1ba
001c5e7a
00172bb6
0018b728
0022e5ac
0022409d
0020d41d
002b1062
001ed050
001a6bde
00160adc
0026a19f
0019f384
0024e298
0024c035
002829a1
001d0388
00232a72
0018acd7
002232dc
001a762f
002156c9
002625d4
001affbb
001e5b66
00283e43
0028b32d
001c80dd
001c87bd
00257305
001d3a8d
00190d20
00241b27
001fe368
00241b27
002bfa36
0021792c
002b99ee
0028d590
0027b4b7
0024ab93
00248250
001e3fe4
0024b274
00263a76
001c0512
0023bade
00243d8a
001fb344
002202b8
0023c1bf
0022477e
00186b82
0017e566
002073d5
00185dc0
001d416e
0021ee16
001690f8
00211203
0017662b
0024dbb7
00172bb6
00298f40
002550a2
00199a1c
00208196
001bb96b
00213466
002c7ce2
001f755f
0025b0ea
0025c58c
001fb344
002701e7
00182a2c
00172165
001c0512
00243d8a
00260a52
00208877
001d4f2f
001b069c
0016a90a
001f3e5a
001df43d
001be2af
001f6e7e
0020214e
0017c303
0029a3e2
001a2038
001dbd38
0020d41d
0025beab
002f7845
001fc7e6
002202b8
001b3da1
0016afeb
0022ec8c
0024c035
00259c48
0019f384
00283e43
002a9497
001940b4
001d3a8d
002436a9
001c0512
001e3223
0023c1bf
001c79fc
001cda45
001aa2e3
00280e1f
001c49d8
002156c9
0024d4d7
001bdbce
00155b7d
001ff12a
0016f4b1
001754f9
0020214e
001add58
0022ca29
001939d4
0027add6
00247b6f
00292137
0021cbb3
0024f73a
002549c1
0012dbe5
00206614
001ded5d
001b2c6f
0027bb98
0017964f
001d7872
0020f680
0017fd78
00203cd0
00207ab6
00239f5c
002496f1
001da897
00299621
00181c6b
001ec28f
001f0755
00164c32
0020e8bf
0021cbb3
001d93f5
002859c5
00185a50
0019a7dd
0024446a
002504fb
002973be
002b32c5
001da1b6
0018c85a
002073d5
001acc27
001aeb19
0020e8bf
00241446
001c42f7
00165313
001c6c3b
002428e8
0026d1c3
0026e665
00206614
00174aa8
001f29b8
00211fc4
00211fc4
00214fe8
001b9de9
00222bfb
001c9c5f
0022e5ac
00199d8c
001ff80a
0026cae3
0029817f
002b0981
002b39a6
0017586a
0022175a
001e08df
001b66e4
0022a7c6
001e6247
00219b8f
001b66e4
001a4cec
001c5799
00292ef8
0027d71a
0017b1d1
00182a2c
001c49d8
00263a76
00259c48
001aee8a
002f337e
0017662b
0019fa64
001c2775
001d1f0b
001f3099
00208877
002c6840
001bf751
002232dc
0022d7ea
00226300
0026ed46
001e6247
002bae90
0027e4db
001ac546
002126a5
001be990
0020c65c
0020282e
00169b49
002a4fd1
001ce806
0021800c
0024b954
002504fb
001f0e36
001d560f
00201a6d
001ebbaf
001cfca8
001b9708
001ee4f2
001ed050
00181fdb
00211fc4
00276910
001a3bba
0026fb07
001940b4
0017d434
00147f6a
0022a0e6
001e3223
0025c58c
00209638
0026b641
00164552
0025207d
001a618d
00204a91
0021d974
00263a76
0017a0a0
001ac8b6
00259c48
001cb7e2
0021d974
0022175a
001e3903
00226300
0024590c
00291a56
0016ea60
0019dee2
001c731c
001b6004
00273fcd
0022ec8c
001ff80a
0027a6f6
001cda45
00210442
00264157
001f3779
0025351f
001d484e
00214227
001ef994
001a1cc7
00142972
001cb101
002277a2
002814ff
0018491f
0022e5ac
002de281
002315d0
001f3779
001ba4ca
00220998
002708c8
001d0388
001b6dc5
0015b175
0014fea5
0023a63c
0018e3dc
002118e3
001b74a5
00208196
0019e5c3
002905b4
0016ea60
00200cac
0028e351
00283082
0021648a
002822c1
002cb3e7
002ceaeb
0018d98b
001da1b6
0027ddfb
0025f5b0
002a18cc
00201a6d
00280e1f
002a56b2
001754f9
0025a329
0024e979
00188a74
00164c32
00205853
001dc419
001b5c93
001b2c6f
00214227
0018c85a
00242fc8
0025199d
00235a96
00262cb5
002b02a1
001de67c
002035f0
0023012e
002a8db7
001df43d
001aa9c4
001f97c2
00203cd0
001f4c1b
0023eb02
00208877
001d8634
00224e5e
00286787
0023c1bf
00192f83
00215da9
00299d02
00286e67
001e6927
0021d294
002db93d
0020efa0
0019a0fd
0016d24e
002ed336
001f29b8
002550a2
001a3bba
00299621
001ea70d
0022bc68
001d416e
001d7192
0022e5ac
001f60bd
00225c20
001f0e36
001bce0d
001754f9
001a460b
0029583c
0028dc71
002383d9
00260371
001f453b
00208877
002c539e
0017d434
001b9de9
0022477e
0017bc22
001e3223
0023a63c
0023f8c4
00263a76
002d66b6
002829a1
001c87bd
0023eb02
001bce0d
001c9c5f
001a0145
001e16a0
002a268e
00242fc8
00240685
00247b6f
0023eb02
0028b32d
0026c402
00316e50
0026d8a4
0022553f
0023ffa4
0018eabd
001ef994
0024590c
002b930d
001af8db
00233833
0020cd3d
001ce125
00291a56
00188de5
0015ae04
00248930
002035f0
0016cb6d
0026d1c3
0028a56c
001d33ac
0020fd61
00246dae
0016e00f
0028f7f3
001ae7a9
001c80dd
001837ed
001b8947
0022bc68
00264f18
0022251b
001c3c17
00246dae
002d7477
001b74a5
001d7f53
001f59dc
0022b587
001e926b
002655f8
0028ba0e
0023f8c4
00192532
00269abe
0018c179
0025d34d
0020dafe
0020efa0
0019a0fd
001d4f2f
00161f7e
00250bdc
001d484e
001fba25
001c87bd
001660d4
0027d71a
001ebbaf
0027ddfb
0020138d
002859c5
002345f4
0022409d
0023e422
002693de
0028ea32
001aeb19
00211fc4
001e3fe4
00161f7e
0021ee16
002232dc
0017bc22
0027c959
00230eef
0021800c
0027d039
00201a6d
00219b8f
00263395
0023e422
002acb9c
00242fc8
00211fc4
0017e8d6
0022bc68
0021648a
0024590c
0027bb98
001ea02c
001cc5a3
001d8d14
00213b46
00196d68
001ea02c
001792df
00239f5c
00238aba
0023ad1d
001bce0d
001b4111
001e76e9
001e3223
00213b46
0022bc68
001add58
00241b27
00196687
00283082
002625d4
002663ba
001a618d
001e46c4
002905b4
001fba25
0022c349
0018234b
001e6247
0016cede
00184fff
00247b6f
0026d1c3
00180b39
001f59dc
001d25eb
002496f1
00216b6b
002579e5
001c2e56
0029439a
00225c20
002b1e23
001e3223
00263a76
00275b4f
00229324
001f0e36
00180459
002663ba
0028ea32
0015f63b
001c2775
001c957f
0024e979
001da1b6
0018c4e9
00249dd2
001caa20
002504fb
001e84aa
00174aa8
001f90e1
00158ba1
001ae439
00173296
00156caf
00198fcb
001773ec
0027ddfb
00236857
0019a0fd
0021d974
00283762
001ede12
0016e37f
001c50b9
0021bdf2
0021b711
00283082
001d7192
00174e19
0027bb98
00194424
00224e5e
00182a2c
0021bdf2
00226300
0018cf3a
002d0d4e
0024f059
00235a96
00232a72
0021d294
001b47f1
001fdc88
0017a0a0
001b5c93
0024f73a
00207ab6
00226300
00256c24
001fcec7
0022175a
00280e1f
001e6247
00249011
00256c24
001e6247
001c87bd
001fd5a7
0024b274
0028ac4d
00280e1f
00231cb0
0022bc68
00287548
002504fb
00260371
002d3692
001d0388
002587a6
00207ab6
0022a7c6
001a9c02
001e46c4
0029817f
0021d974
0028ea32
001b2c6f
001c8e9e
00180459
0020b1ba
00219b8f
001c49d8
002c8aa3
00287c28
0021e735
0029515b
002efc7a
0026b641
001807c9
00287c28
001a573c
001da1b6
001a6bde
0018310c
00236857
001d1f0b
0026861d
001ac1d6
00278493
00250bdc
0018423e
0017964f
0021ee16
00187262
0024c716
002a1fad
00237618
001dd1da
002d9dbb
0023d661
0025f5b0
001ab0a4
001ce806
00227e83
00279935
001f1516
00260a52
0024f73a
001db658
0016b6cb
001d2ccc
0020138d
0024446a
00276910
001fac64
00186131
0024e979
001ed731
002890ca
001bc04c
00171033
002625d4
00215da9
00214908
001fd5a7
0015c2a6
00222bfb
0024590c
00239f5c
0024590c
001af56a
002ae03e
0022409d
002496f1
00169b49
002579e5
00235a96
0020282e
001f3779
001e4da5
001c0bf3
0020f680
0018423e
00210442
00241b27
001c12d3
00205172
00275b4f
00233152
001a23a8
0019bfef
0019857a
00264f18
001b7135
002b69ca
001bc04c
0016afeb
0019c360
002ad95d
00237618
001c87bd
001ad307
00214227
0026fb07
001bc04c
0026e665
0022ec8c
00226300
0018e06c
001f59dc
00199a1c
001a91b2
001b9028
001c79fc
001dc419
001a1276
001686a7
002269e1
00287c28
002035f0
001fea49
001a799f
001e2b42
0020fd61
00230eef
00269abe
002542e0
001fe368
00266a9a
00209d19
00267f3c
0021b711
001a9892
001ab785
00229324
0022175a
001f97c2
001ceee6
00232391
0025fc91
001a1957
001ca340
00261ef4
001af56a
0019d801
0024d4d7
001ec970
002277a2
001c3c17
0025b0ea
0019820a
001af8db
002663ba
001a1276
001ab785
0018423e
00256c24
001f0075
00226300
001f8320
0025207d
0022aea7
001b069c
002acb9c
001bdbce
001a0b96
0027d71a
002cf8ad
002a2d6e
001e926b
001d6ab1
00173ce7
00214908
00204a91
0028ba0e
001845ae
00191ae1
0019bc7f
0022e5ac
0024b274
0025207d
00295f1c
0018f19d
001ffeeb
001a3bba
0022bc68
0021d974
0019a46d
001b66e4
001b1b3e
00242207
002b1e23
002ba0cf
001fba25
001940b4
0025b7cb
002587a6
00242207
0021c4d2
0016c48d
002890ca
002b2504
002d96da
00247b6f
0020138d
0024cdf6
0022decb
0028ea32
0022b587
00244b4b
001b4111
0025207d
00261132
001f60bd
001aee8a
0017c303
001c0512
002b4086
00220998
00281be0
001ec970
001ded5d
001c42f7
002655f8
002afbc0
002269e1
00232a72
001d7192
002bb570
001c655a
0015ae04
00208877
00246dae
0018347d
0025e7ef
001fea49
001be990
0021cbb3
001ded5d
002af4e0
001837ed
0018ff5e
0028ac4d
0021bdf2
00172bb6
0017bc22
00173ce7
0022a7c6
0026b641
001ede12
0023eb02
001c19b4
001bc04c
0023f8c4
00229324
0019e5c3
00205172
00236f38
001dcafa
001affbb
00256543
001e84aa
001daf77
001e16a0
0016ac7b
001958c6
0020a3f9
002b99ee
0022bc68
0019820a
0018423e
001cfca8
00228c44
002c313b
001c3536
0018c179
00280e1f
001bce0d
00236176
001d25eb
00190d20
001e6247
00279935
002512bc
0028ac4d
001b36c0
00260371
00185a50
0023f1e3
00275b4f
0028fed4
0025eecf
002d4b34
00297a9f
00220998
0023c89f
002436a9
00239f5c
001daf77
0016edd0
001a5e1d
0027f97d
00212d85
00249011
001c3536
00255782
00274d8e
0025da2e
00208196
002a86d6
00286e67
00189ba6
0015549d
0017e1f6
0022decb
00231cb0
001bc72d
0022477e
00276910
002126a5
00273fcd
0016152d
00214227
001c0512
0021cbb3
001f60bd
001dbd38
001ce125
00236176
0027f97d
00248930
001b6374
001d1149
001d5cf0
00291376
0019db72
002c45dd
001d8d14
0026e665
001e7dc9
0014ed74
00255e63
001bb28b
001fcec7
001e2b42
002512bc
0028ceb0
00291a56
00297a9f
001a2df9
00208877
00267f3c
00183ece
001c731c
001ccc83
00159cd3
00162d3f
002232dc
00249dd2
0016ea60
001e01fe
001db658
001e3223
001d25eb
0022a7c6
0017e1f6
001f8a01
001bc04c
0016e6f0
002c2a5b
001e7008
00189155
0022175a
001743c8
00225c20
002eeeb8
0022decb
0022bc68
001ff80a
001cb101
002428e8
0023987b
001c2e56
0018ee2d
00231cb0
0029c645
001ce806
002a3b2f
001e7008
001bdbce
002a7ff5
002512bc
00258e87
001ad307
0022ec8c
00205172
001cb101
0017699b
00287548
0020e8bf
001a2038
002829a1
00191ae1
001e3903
001d5cf0
001697d9
0020cd3d
00261132
00241b27
001f6e7e
001a8080
00274d8e
0021bdf2
001f6e7e
00232391
001c87bd
001894c5
001ad678
0026c402
001a799f
00241b27
002b62e9
0018cf3a
001cf5c7
0025e7ef
001e0fc0
0025fc91
0029817f
0029c645
001a2a89
002ba0cf
001e8b8a
00256543
00187cb3
001c42f7
0024e979
0021b031
001c0bf3
0021fbd7
0026c402
001dfb1e
00172845
001d560f
002550a2
0019d491
002c5a7f
002ac4bb
001fe368
002549c1
0026af60
001f3779
00213466
0020d41d
002466cd
0026717b
0029bf65
0019f6f4
0016e6f0
002428e8
001b9028
001f4c1b
00205853
0020a3f9
001dd8bb
001d484e
001940b4
00160e4d
0026f426
001b7b86
001cb7e2
0024c716
001c2e56
0022251b
00165683
0019db72
00235a96
002a1fad
0028ceb0
0017b8b2
001a64fe
0016ea60
002bfa36
001a8e41
001da1b6
0020282e
0021792c
0018a286
001ed050
00244b4b
0028ba0e
002156c9
0022a0e6
0017aaf1
0017888e
002f8ce6
001a9f73
0028ba0e
0020e8bf
0027e4db
002194ae
001d4f2f
00286787
001ee4f2
0020138d
001ede12
00271d6a
002428e8
001fe368
001a9f73
002d6d97
0022553f
0018a5f7
00208877
0028fed4
00202f0f
00230eef
0017b1d1
0023c1bf
002a7234
001acf97
0028f7f3
001ba4ca
001d416e
001ef2b3
0014d561
0017bc22
0018158a
001ea70d
0022bc68
0025a329
001e6247
0017f327
0029bf65
001b36c0
00209638
0027244a
0029bf65
00263395
001cc5a3
002897ab
0024748e
00233152
001c42f7
0017de85
0019a7dd
0024fe1a
0018310c
00221e3a
001cb7e2
00261813
001b5c93
001ce806
0024b274
001a573c
00286e67
001bf751
0024b954
00264157
001c731c
001b7135
002a7915
00173296
00279935
0026a880
0026e665
0022aea7
0029b1a3
001bce0d
0017b8b2
0022251b
001894c5
0019d121
00178bfe
0027ebbc
001ef994
0024c716
001d7872
0016e37f
00278b73
001a384a
001c3c17
001ec28f
001ec28f
0020aada
001caa20
002852e5
001ee4f2
0027add6
0018b3b8
00291376
0020aada
00175bda
001611bd
00273fcd
00248930
002738ec
001c12d3
00210442
001dcafa
0023ffa4
0026d1c3
00241b27
0018e06c
001b2fdf
00248250
001f8a01
00237cf9
002a1fad
00287c28
001a1957
001bf751
0025e7ef
002b930d
00262cb5
0020d41d
0026861d
001762ba
00160e4d
00291376
0022ca29
001b74a5
001b0a0c
001c19b4
001f3779
0019db72
00172165
00238aba
002852e5
0028a56c
0025e10e
0024446a
00242207
001b0d7c
001cb7e2
00157de0
001dcafa
001c0512
002a268e
001dfb1e
0028ac4d
0029e8a8
0021bdf2
001f8a01
0023a63c
00198fcb
00205f33
002345f4
001db658
00232391
00271689
0026cae3
001b7816
0029ef89
001b9028
001ec28f
00267f3c
001a505c
00219b8f
001c19b4
00177e3d
002073d5
001a9f73
001f7c3f
00240d65
00276ff1
0017b8b2
00208877
001bf070
001bc72d
002829a1
002043b1
001b3350
0028073e
001c5799
002202b8
0019b22e
001a6f4f
00244b4b
002383d9
0024c035
00193663
00167c56
00210b22
001e7dc9
0029f669
0018dcfb
001a4cec
0021d974
00241b27
001b74a5
00186ef2
00214227
002e3be9
001b74a5
002822c1
001ad307
00240685
001db658
0031ea1b
0023bade
00239f5c
001a5aad
001fac64
0028c7cf
0029817f
001be990
00226300
0029515b
0022a7c6
0018c85a
002a8db7
001d0a69
001d1f0b
0017c303
0015dab8
0017b1d1
00165313
002c9f45
00194e75
00238aba
001c957f
002aedff
0027add6
001abaf5
001e76e9
001856e0
002935d9
001ffeeb
002156c9
0023dd41
001da897
0026cae3
0023f1e3
00201a6d
0024590c
001a9892
002353b5
002542e0
0024b274
001d7f53
0020d41d
00249dd2
001b069c
0021b031
00263a76
00224e5e
0013bb69
00185a50
0018a5f7
0029e1c8
00264157
002cdd2a
00243d8a
001dd1da
0027add6
0024590c
00203cd0
00234cd5
0027f29c
002496f1
00265cd9
001e8b8a
0024ab93
001cda45
00233833
00221079
00240d65
0017d7a5
0024e979
00269abe
00274d8e
001d8634
001ccc83
0022a7c6
002c9864
002a042b
0023919b
001df43d
001bd4ee
00235a96
0027320c
001a64fe
00256543
001cf5c7
002353b5
001bd4ee
001eaded
0021bdf2
0023d661
0017aaf1
001cbec2
001f97c2
001e3fe4
0018347d
001c5799
001b145d
0018ff5e
001fd5a7
001f3779
00240685
001a2a89
0017b1d1
0023c1bf
002b62e9
0020efa0
0025199d
0026ed46
00222bfb
001c19b4
001e926b
0024e298
001686a7
001d4f2f
0019d491
001ae7a9
001ff80a
00207ab6
00187943
0022251b
002005cb
001f59dc
00206614
001b5c93
0019c6d0
001cc5a3
001fc105
0022aea7
002bf356
00242207
0024e979
002663ba
0027add6
00171df4
00194b05
0018423e
001d416e
001d3a8d
00295f1c
0020efa0
001da897
001a2718
0021800c
001c42f7
00263a76
0020c65c
00286787
002dab7c
001d2ccc
0024b954
001b1eae
001f97c2
002ad27d
0024590c
001d7872
00196d68
001d93f5
001932f3
0019b22e
001eb4ce
00260371
0021648a
002ac4bb
001e08df
0027add6
001a9522
001f3099
002579e5
001e2461
001e08df
001c8e9e
00214227
0028d590
00206cf4
001cbec2
001d0388
0017de85
00256543
0018ee2d
0017699b
0024b274
0018ba98
00205172
00307d9b
0022e5ac
002bae90
001c42f7
001fea49
00299621
00249dd2
00266a9a
002b5c09
0025351f
001ae7a9
0020c65c
00247b6f
001df43d
0017b8b2
001e5b66
001951e6
002043b1
001c19b4
00172165
00188394
00255e63
00274d8e
001c0bf3
00206cf4
0020138d
0026785b
001b2fdf
00280e1f
0027d039
0022b587
0024dbb7
001fa583
00184fff
0019933b
0027add6
001b4b62
001b6374
001f6e7e
001dbd38
002897ab
001acc27
001b47f1
0026e665
0026cae3
00214fe8
00288309
00219b8f
001e2b42
0025b7cb
002890ca
00222bfb
00277db2
0025fc91
00201a6d
001b9028
001ccc83
002738ec
00194795
001d8634
002073d5
0028e351
002d066e
002cff8d
001b4481
002897ab
0014af8e
001939d4
002a4210
001b258e
0020dafe
0021c4d2
0021bdf2
001c5e7a
0015b175
002a268e
002c6f21
00172165
002436a9
0022bc68
0017851d
001c0bf3
002549c1
00197449
0022175a
002b854c
00179d30
0028d590
001c3536
0024b274
00248250
001b2fdf
0018ba98
0018fbee
00194424
001dbd38
001e7dc9
002693de
001fcec7
001c80dd
00200cac
0015738f
001bd4ee
0027f97d
001f6e7e
0015b175
001161a4
001969f8
003182f2
00205172
0020138d
0018cf3a
00218dce
001e6247
0026ed46
001b9708
001de67c
00263395
0024e979
001c87bd
0020efa0
001a3f2a
0027e4db
0024ab93
002542e0
001ab785
0023d661
0028f113
0017d434
001ec28f
0017ec46
0017707c
002073d5
002ba0cf
001a64fe
00271d6a
00137a13
0016cede
001b6dc5
001e84aa
001fc105
001a0826
001686a7
002b778b
00172bb6
0019820a
0023080f
001ce125
001ea70d
00231cb0
001ff12a
00214fe8
001a3169
002a268e
001e3223
00172845
002d5fd6
0016f821
001bce0d
002a5d92
00292ef8
00206cf4
001e76e9
0024522b
0024590c
0028c7cf
0027f97d
00233152
0027ddfb
0025eecf
001845ae
00249dd2
001ed050
00200cac
002579e5
001ac546
00247b6f
001d1149
0018cbca
0028fed4
00208196
001a64fe
0018ee2d
002b0981
0025a329
001dcafa
00198fcb
001d33ac
00281be0
00149aec
0023c89f
0024b274
0018acd7
00252e3f
001b145d
0028f7f3
001ca340
00273fcd
00206cf4
00220998
0018a967
002965fd
001b9028
001c3c17
001ea02c
001f9ea2
002a4210
001e994c
002fa869
0022d10a
00210442
002269e1
001b9708
00278b73
0019a46d
0018c4e9
0016f4b1
0015701f
001ec28f
0018cf3a
0026785b
001b6dc5
0028b32d
002cc1a8
0024c716
001f22d8
0021d974
0018f19d
00272b2b
001c80dd
001ac8b6
001b3da1
002df723
002b62e9
0019c360
0029fd4a
001e926b
002186ed
0023cf80
002436a9
00276910
0023eb02
0029e8a8
0020138d
0024fe1a
001a34d9
0022c349
00246dae
001af56a
001e0fc0
0023bade
001b7135
00178bfe
001fcec7
0017e566
00264157
0018a5f7
001e01fe
001e7008
001a15e7
0023dd41
001d2ccc
00274d8e
0021800c
001a799f
001a2df9
002b5c09
001ccc83
0028073e
001c2094
002905b4
0022409d
001a6f4f
0015d748
002c6840
001cfca8
0022decb
0024b274
001a429b
00276910
00236857
002852e5
001da897
002202b8
0024b954
001a9522
002232dc
003628ba
001c2e56
00228c44
002383d9
001b2c6f
0026b641
00260371
0026717b
0029817f
001de67c
0026c402
001a64fe
001d33ac
00265cd9
00168d88
00218dce
002c313b
0022decb
00178f6e
0028f7f3
001969f8
001773ec
002a344f
0029b884
0020b1ba
00244b4b
0020b89b
0020dafe
00153ffb
0022f36d
001d8d14
00174057
001d0388
00205f33
0023012e
002a11ec
00276230
00201a6d
001dc419
002a86d6
002a9497
002277a2
002e04e4
00293cb9
0023919b
002a1fad
001996ac
00236857
002ed336
00242fc8
00180459
0018c85a
001a4cec
001aee8a
0017e1f6
002af4e0
001e46c4
00211203
0023cf80
001773ec
0025275e
001a5e1d
001e994c
00218dce
001f97c2
001f9ea2
001ea02c
001d0388
002973be
0021800c
001dd1da
002269e1
001cb101
0018d98b
001caa20
00188704
002897ab
001f4c1b
002428e8
00192532
0021bdf2
001dfb1e
00193d44
002353b5
001f7c3f
001754f9
002466cd
00229a05
002345f4
00232a72
00194e75
0017bc22
00258e87
002a4210
00224e5e
0020214e
001a4cec
0022ec8c
0017db15
001c3536
001e3903
001b9de9
0020cd3d
00164c32
001ff80a
0028073e
0029b1a3
001c80dd
002353b5
001c655a
0028fed4
001c5e7a
002bd0f3
0016265f
00180ea9
001f59dc
001ed050
001caa20
00290c95
0026b641
001d1149
002a18cc
00245fed
002e0bc5
001a8761
003189d3
00242fc8
0027add6
002b69ca
001a5e1d
00243d8a
001c655a
0018f87e
001b9708
001f97c2
0028ea32
00298860
001a1cc7
00182a2c
0020b1ba
002d8ffa
001ffeeb
00202f0f
0021bdf2
00284c04
00271689
00236f38
001713a4
001e5486
001b5c93
00250bdc
001f0075
0014b66f
0022e5ac
001c9c5f
00286e67
0024b954
001fa583
0018c4e9
00193663
0019c360
0024590c
0022ca29
0027add6
00236857
001b4481
00220998
002f4820
00191090
0028e351
002bd7d3
0028ea32
0030dde4
00232391
001da1b6
001aa9c4
00277db2
0015f2ca
001f60bd
0021cbb3
00168a18
00261813
0021c4d2
001bc72d
0028c0ee
00206614
001f1bf7
00271689
0021b711
002194ae
002a8db7
00276230
0014fb35
00252e3f
001e7dc9
001603fc
0026cae3
002035f0
001d4f2f
001d1149
001fc7e6
001dfb1e
001e1d81
0028f113
0027ddfb
001b3da1
002186ed
00169eb9
002701e7
001de67c
001a618d
00171714
0017b542
0023c89f
00216b6b
002ba7af
001ce806
001a0826
001b6a54
0026f426
0025b0ea
00182d9c
0023b3fe
002542e0
00269abe
00225c20
002efc7a
00236857
002353b5
00261132
0018acd7
0026c402
00169eb9
001b4ed2
00299d02
00260a52
001c9c5f
001b74a5
0029e8a8
001e3223
001c5799
0016d92e
00279935
00259c48
001fc7e6
001ed731
001951e6
00322801
0020214e
001c12d3
0024a4b3
001e5486
001a3169
00263a76
001e3223
0027bb98
001f3e5a
001e6927
00255e63
001a460b
00241446
00261132
00201a6d
001eebd3
001d25eb
00181c6b
001d9ad5
0017964f
001df43d
00214227
002dd4c0
0026f426
0020dafe
0016b6cb
001b221e
00180459
0022175a
00284524
0023f1e3
002708c8
00189835
0024446a
002580c6
00200cac
0017d7a5
0024ab93
001bd4ee
0028ceb0
002c0117
0020d41d
0017aaf1
00242fc8
002a2d6e
001b28ff
0020e1df
001e7dc9
00214fe8
0018e3dc
0025d34d
001ccc83
0027a6f6
00228563
001cb101
0028f113
001ebbaf
001a3169
001ec28f
002905b4
0022175a
0028a56c
001fcec7
001d0388
0021800c
001ddf9b
0027c959
0017e1f6
0026bd21
001aa9c4
0027c278
001cb101
001a64fe
00259c48
0026fb07
0026c402
00200cac
0019ca40
0024446a
0019db72
0021ee16
001932f3
001c0512
0029515b
001c50b9
001ffeeb
0028005e
00281be0
0019063f
0023bade
0020f680
001e5486
00222bfb
001713a4
0026c402
001ee4f2
001da897
001b2fdf
0028b32d
00284c04
002504fb
002466cd
002776d2
001c50b9
002859c5
0019820a
001cbec2
001c79fc
001c3c17
001b1eae
0023a63c
00260371
0023bade
002579e5
001d484e
002232dc
00269abe
00206cf4
001babaa
00248930
002aedff
0026e665
001e16a0
002ca625
001a497b
00219b8f
001d1149
002afbc0
001b6a54
00211fc4
001daf77
0027c959
00214908
0017efb7
0021fbd7
0029a3e2
002b4767
0023dd41
0023d661
00250bdc
00232a72
0014864b
0024c035
001c3536
001fe368
001b74a5
001b36c0
001705e2
001c49d8
0020cd3d
00224e5e
001e994c
0023c89f
00249dd2
002fb62a
0026d8a4
001312ea
002043b1
00266a9a
0024ab93
001b7b86
001a04b5
001ed731
0017cd54
002126a5
001ec28f
002383d9
00241b27
0023ffa4
00196687
001bce0d
0027a015
002428e8
0019bfef
0025b7cb
001ef2b3
0018536f
002bbc51
0018acd7
0023e422
0021d294
00209638
002776d2
002aa258
0016f821
00249dd2
001fc105
001ede12
00205f33
001d63d1
002dfe03
00261ef4
001cda45
001a9c02
001b145d
00230eef
00249011
001bb28b
0017775c
001781ad
0027f97d
00247b6f
001f453b
002194ae
002073d5
0023d661
00201a6d
001b221e
0015d3d8
002194ae
002a7ff5
001a9892
002a3b2f
0020e1df
001be990
00275b4f
002701e7
002746ad
00151347
00182d9c
0026f426
0018d2ab
001f679e
001690f8
00246dae
0027d71a
001dbd38
0013430e
001b7135
001c0bf3
001ec28f
0022553f
001e5b66
00267f3c
001da897
001ef2b3
0014ea03
001add58
00152ec9
002d96da
001c5799
001e7008
0029aac3
00240d65
0021648a
001ef2b3
0028d590
001fe368
002aa258
0026a880
00226300
00249011
0020dafe
00228c44
0022ec8c
0018f50e
0022e5ac
00157700
001dd1da
001ded5d
002587a6
002d6d97
00237cf9
001cf5c7
002bae90
0020214e
001bce0d
001c2775
001e84aa
00191771
001f8320
002035f0
0023eb02
00231cb0
001b8267
001ccc83
0025207d
001b6a54
0029aac3
002b1062
0021a950
0026a19f
0024b954
0026a19f
001f97c2
0029fd4a
001fe368
002973be
0021ee16
00260371
0024522b
002277a2
002580c6
0027b4b7
0025207d
0016b6cb
0021a26f
001fcec7
0020138d
00261132
001ba4ca
00210442
002860a6
002d066e
001e6927
0030c261
001be2af
00232391
00181c6b
002cb3e7
001aa9c4
002436a9
0023eb02
001c79fc
001b9028
001dcafa
002bf356
001e2b42
001c9c5f
002156c9
001d3a8d
0024a4b3
001e8b8a
0019ca40
0024ab93
002587a6
002504fb
001db658
0023a63c
001d7192
0015701f
001d9ad5
0028c0ee
00205f33
00260a52
0022b587
001d6ab1
001acc27
001ff80a
002814ff
001d7872
001e4da5
00229324
00213466
001e3fe4
00265cd9
001f22d8
0022decb
00259568
00221e3a
00256543
002625d4
002a11ec
00205172
00199a1c
002512bc
0021792c
0028d590
002814ff
001a7d10
0029c645
0025d34d
001f9ea2
001958c6
001f755f
002c45dd
0019a0fd
00230eef
001c957f
001977b9
002dc01e
00200cac
0019b59e
00292817
002db93d
0019db72
001c8e9e
001ccc83
00275b4f
0021cbb3
001d0388
0028ceb0
0013c249
0015b175
002bf356
0019b59e
001e3903
00220998
001b5923
001f6e7e
002ff40f
0016a59a
002ce40b
001b9028
002118e3
001d7192
001fba25
002655f8
001d2ccc
00196687
001a8e41
0020e1df
0017c9e3
0022decb
001f90e1
00195c37
001ea70d
002ba0cf
00246dae
0028fed4
00248250
0025fc91
0022b587
001f59dc
00173296
00205853
00172bb6
001d6ab1
001e3fe4
0015625e
00279935
001bb28b
00270fa9
001ebbaf
00255782
001da1b6
0019b59e
001b3a30
001c8e9e
001f9ea2
001c2094
0019d801
00200cac
00165313
002ab6fa
00233f13
0021648a
00162d3f
0023f8c4
002043b1
00221e3a
002afbc0
0023c1bf
002ddba0
00208877
001e6247
002dab7c
00180ea9
0015549d
0023919b
002b1743
001b9708
00203cd0
00188a74
002ab6fa
001d560f
002005cb
0022553f
00218dce
00240d65
00218dce
0019a46d
001ed050
0026d8a4
00210b22
0024590c
002c45dd
002bd7d3
00164552
00248250
00232a72
001a04b5
001d0a69
0028d590
001fcec7
0025e10e
00174e19
001e7008
00181c6b
0025275e
002b62e9
002d0d4e
001b8947
0018c85a
0024a4b3
001ed731
00235a96
00260a52
002655f8
002738ec
001ea70d
0024f059
002a6473
002504fb
00206614
002693de
0021cbb3
00171a84
001d484e
00177e3d
00180b39
0025c58c
001f755f
001a0826
0024590c
002549c1
001f8a01
001ae0c8
001f6e7e
001f3779
001abe65
002b0981
001fcec7
00291a56
00168337
00287548
001bc72d
002496f1
0021648a
0020efa0
0017cd54
00164c32
001acc27
001c8e9e
0022fa4d
0019b22e
0023ffa4
00175bda
00259568
0017d0c4
0015ae04
0018ee2d
0022e5ac
00261132
00210b22
0026ed46
002b8c2d
0015625e
001ec28f
001a53cc
001f8320
0017699b
00208f57
001bce0d
00291a56
0017662b
001cf5c7
001cd364
001b9028
00188394
002e1986
00202f0f
00289e8b
002db25d
001f8320
0022477e
0019820a
001bc04c
002466cd
001cc5a3
00167fc7
0018fbee
00271689
00235a96
002be595
00209638
0029b1a3
0022175a
0029b1a3
0017a0a0
00221079
00245fed
001e3223
001b4b62
0019bfef
0022175a
002587a6
0021e055
001d4f2f
0023f8c4
00191771
0027a6f6
001e6247
001c80dd
002708c8
00205f33
0022a7c6
0028dc71
00240685
001f679e
00233833
001a1cc7
001fc105
0019933b
00205172
001da1b6
00236176
001f60bd
002bd0f3
001e08df
002ca625
001fa583
001a8761
001d5cf0
001a3169
001fea49
001d9ad5
00278b73
001cb101
0022a0e6
002202b8
001dd8bb
001b069c
002a7234
00240d65
00256c24
0027d039
00262cb5
0023dd41
001d5cf0
001a64fe
001667b5
002701e7
001996ac
0015d3d8
0025a329
00260371
002b5c09
001ffeeb
001ec28f
001b55b3
0018491f
001bc72d
001d25eb
001a83f0
002186ed
001b9de9
001d416e
0017f697
0016dc9f
0022409d
0016f141
001ef994
002a56b2
002587a6
002c539e
001a3f2a
0017b542
002a9497
001f29b8
0015a3b3
001c3536
001d25eb
00299621
001b4b62
002c7ce2
0022553f
00203cd0
002822c1
001c655a
00206cf4
0029817f
0029b1a3
001b032b
00238aba
00258e87
00242fc8
001eb4ce
0025351f
00284c04
0020b1ba
00298f40
0024b274
001d7872
001c6c3b
00228c44
001f52fc
0027a015
0026ed46
002897ab
001d416e
001ee4f2
001fd5a7
002269e1
001a5e1d
0025da2e
001c5e7a
001e5486
00264837
00194424
00259568
0021a950
0027add6
001ebbaf
00212d85
00206cf4
001c2094
0018d61b
002a11ec
001e6927
001a0145
0026af60
00245fed
00228563
001969f8
0020b1ba
0017e566
001f0e36
00185dc0
00211203
001d63d1
001dd1da
001f22d8
001ed050
00227e83
0026cae3
001e46c4
001acc27
00192532
0024fe1a
001a83f0
0024590c
002353b5
002345f4
00187943
0027f97d
002b8c2d
002043b1
002a344f
0022553f
0025fc91
00164c32
002ae71e
002232dc
001a4cec
00253c00
001a573c
0026af60
00256543
0019ca40
0020b1ba
00271d6a
002549c1
002746ad
0020282e
00260a52
0016152d
0026cae3
00240685
002dc6ff
001bf070
002738ec
00190d20
00253c00
002383d9
00232a72
00244b4b
0023080f
002580c6
0026717b
001bf751
0029515b
002315d0
002625d4
00283762
00270fa9
00241b27
001c50b9
0024e298
00177acd
00198c5b
001d9ad5
001aad34
001a384a
0024dbb7
001ba4ca
0025e10e
00276910
001dbd38
001aee8a
001e5486
001caa20
001c9c5f
00242fc8
001e5486
00250bdc
001add58
0024fe1a
001c0512
002a8db7
0020bf7c
002aa939
0021c4d2
002aedff
0022d10a
0019d801
0017aaf1
0016c7fd
00233152
00225c20
0023c1bf
00187262
002156c9
0020282e
0021a26f
002897ab
00260a52
002abddb
001add58
00236857
0019a7dd
002496f1
0027bb98
00233833
0025cc6c
0024dbb7
00212d85
0022fa4d
00284524
001a6f4f
00258e87
0029b884
001ef2b3
0017bc22
0018c179
002d8ffa
00222bfb
00201a6d
001ebbaf
00215da9
0027ddfb
001c655a
001ef994
00299621
001e7008
001ee4f2
00255782
00200cac
001dd1da
001b9028
001b0a0c
001ca340
00270fa9
002202b8
0017c673
00188de5
0015c987
0017a410
001c655a
0020d41d
001c49d8
00202f0f
002df723
0020f680
002663ba
00186811
0025fc91
00244b4b
00173ce7
001b8947
001d0388
001a5e1d
0027c278
001f52fc
001a04b5
001762ba
00203cd0
001e6247
00229324
00195fa7
00183b5d
00227e83
0023f1e3
0019933b
001c2e56
00209d19
002a6473
001affbb
002ad95d
002504fb
001a384a
001a762f
00214227
002d3692
0018e3dc
001fe368
001ce806
001d0388
001da897
001951e6
0020282e
001ede12
003076bb
002ecc55
00232391
002118e3
00236857
0022409d
0022251b
0023d661
002587a6
001ee4f2
0016a59a
0025aa09
0021792c
0021e735
002b1743
001c80dd
0025c58c
0019d801
0025b0ea
0022d7ea
001e08df
0020bf7c
001d5cf0
0023c1bf
00292137
00206614
002428e8
0025a329
001ded5d
001c79fc
00296cdd
001e2b42
001c731c
00273fcd
001e08df
001bf751
0022d7ea
001970d8
0026717b
002126a5
002e878f
0022ca29
002550a2
00275b4f
002579e5
0016e00f
0021648a
001c8e9e
0018b048
0023e422
00209638
0022decb
001e84aa
001d3a8d
001d0388
001e3fe4
00268cfd
002b02a1
0027e4db
0020b89b
001e08df
001f8320
00205172
001d63d1
001f22d8
001ed050
001cfca8
001e46c4
00259568
00167205
001bb28b
001951e6
0018c85a
00224e5e
0019857a
001a4cec
001f59dc
0024f059
00242fc8
0027546f
001ea02c
00221e3a
0026785b
00236f38
001fdc88
001f8320
0026cae3
00182d9c
001c19b4
00263a76
001b0a0c
002035f0
001add58
001da897
001affbb
00213466
00189155
00245fed
001fd5a7
001fc105
0026c402
00206cf4
00244b4b
00280e1f
001e994c
0024b274
00188394
002353b5
001dfb1e
0021a26f
00205f33
001909af
001de67c
001d4f2f
001c49d8
0017e8d6
00205172
001e8b8a
001951e6
0021fbd7
0026f426
001e7dc9
001690f8
002ccf69
0022aea7
0017d0c4
0017662b
00240685
0021c4d2
002ea9f2
001f1bf7
001f97c2
00228c44
001f0755
001fb344
001940b4
002625d4
0020dafe
00228c44
00213466
00205172
001da1b6
002814ff
00183b5d
00183b5d
0025d34d
0018e74c
0018491f
001f97c2
00259c48
001fe368
00248250
001a15e7
001ede12
001e994c
0026a880
00275b4f
00233833
0019933b
00287c28
00261813
001cf5c7
0020b1ba
00237cf9
0029dae7
0021bdf2
00237618
00213466
001eebd3
00201a6d
001f22d8
001f0075
001abe65
001f7c3f
00177acd
00236176
0017c303
001d6ab1
00259568
0017662b
001781ad
001d7872
001a5e1d
001b5923
00212d85
0020cd3d
00261ef4
001f0e36
001ed731
00274d8e
002738ec
002663ba
0025aa09
002353b5
002a4210
001837ed
00290c95
0024b954
0027a6f6
00191e51
00206614
002269e1
0029a3e2
00280e1f
001bdbce
0022477e
0019e252
00277db2
002ae71e
0018f50e
001c6c3b
00260a52
001d7872
0026cae3
0024b954
00272b2b
00256543
001ac546
0025eecf
0021b031
00195c37
00203cd0
001988ea
0024b274
001a7d10
0029cd26
001db658
0022aea7
001e0fc0
002b4e47
00259c48
00171a84
0015f2ca
001ec970
00243d8a
001bdbce
00227e83
001da897
001f7c3f
0015f2ca
0020cd3d
00304d77
0019f384
0014ea03
0027ebbc
0018cf3a
001f52fc
0025c58c
00234cd5
002270c1
00292817
00261132
0026a19f
00179d30
00186b82
0020cd3d
0022c349
00205172
001f1bf7
002b4767
0015d3d8
0025351f
0027bb98
002b02a1
0016e37f
0019ab4d
002935d9
00189ba6
00268cfd
00271689
00229a05
00192532
001800e8
001ab785
001d33ac
002b32c5
001eb4ce
0017d434
0021c4d2
001743c8
002852e5
001f97c2
0020214e
001414d1
002f1edd
001fc7e6
001fcec7
002ea9f2
0023bade
0016edd0
001fea49
0018e06c
001bc04c
00202f0f
0020d41d
001cfca8
00283082
0027add6
0028f7f3
0027f97d
0029e8a8
002b70aa
001ea02c
001595f2
00199a1c
0018cbca
002822c1
0023c89f
0018e74c
00221e3a
001a0826
002bec75
00265cd9
001e994c
00283082
001da1b6
0025e7ef
001ee4f2
00195fa7
001659f3
00255e63
001622ef
0022aea7
00292137
0024a4b3
00213466
002202b8
0029e1c8
0018fbee
001939d4
0028ea32
00184fff
00208877
0019c360
0027f29c
0018f19d
002269e1
001b9708
0026f426
00188023
0021d974
0021e735
00187262
001eb4ce
001da1b6
001c79fc
001ae439
002a1fad
001e84aa
001f453b
0025b7cb
002005cb
00208f57
001f3779
002a6b54
002005cb
001d25eb
001bf751
0023f8c4
002a86d6
0019cdb0
001ff80a
00297a9f
002905b4
0017888e
002383d9
0023ad1d
0018e74c
00152b59
001d6ab1
0025beab
001c0512
001d7192
00281be0
002550a2
001ccc83
002232dc
001ae439
0022175a
00188a74
001c49d8
0019c360
001ad9e8
00280e1f
0025fc91
002f4f01
00261ef4
0025351f
00243d8a
00267f3c
00196d68
0020dafe
001e84aa
0026e665
001c42f7
00222bfb
00274d8e
002315d0
0032dad0
001de67c
002549c1
0025f5b0
001cfca8
00275b4f
001ce125
00214227
002b4086
00270fa9
00276910
00219b8f
001fdc88
0019e5c3
0022c349
002852e5
00256c24
00188023
001f679e
0017707c
001ed731
0023919b
0021a950
002550a2
001ed731
0027c959
001c80dd
0017699b
00283e43
001ed050
00283762
00255e63
0027bb98
001f52fc
0017a0a0
001abe65
00228563
00208877
00157a70
00205f33
00249011
00221e3a
001dbd38
0027a6f6
00259568
00233152
002822c1
0022ca29
0027f97d
00243d8a
001f97c2
001a7d10
00234cd5
00196317
0023bade
001818fa
001ec28f
0015d3d8
001c79fc
0024b274
0025351f
0023c1bf
0026e665
00161f7e
002c381c
001d0388
001dfb1e
00264f18
0019e5c3
00277db2
00268cfd
001cb7e2
001ca340
00240685
00283e43
00276ff1
0025fc91
002a3b2f
002353b5
0017f697
0017707c
001de67c
00250bdc
001d7872
001ad9e8
001d7f53
0022a0e6
001a4cec
00275b4f
001fba25
0024a4b3
0024ab93
001a23a8
001754f9
001fdc88
001e1d81
0018d61b
0024d4d7
0021c4d2
0018cbca
0022bc68
0026a19f
0014a53d
00292817
002315d0
0018acd7
00214908
00191ae1
002e80af
001fb344
0016c7fd
00180ea9
0027f29c
00170953
0024590c
001cb7e2
00268cfd
001c50b9
001f1516
002549c1
00219b8f
001c87bd
001d1f0b
002202b8
001c8e9e
00272b2b
00296cdd
00271d6a
002156c9
001ec970
00261ef4
00283e43
00210b22
002d8239
0018eabd
0027a015
00263a76
001b4481
00241446
001eb4ce
001d63d1
002383d9
00301672
0026b641
001daf77
0018ee2d
002496f1
0016b6cb
001f8a01
0020a3f9
00227e83
0020dafe
001f6e7e
001f22d8
0018f87e
001daf77
001c957f
0025d34d
0026785b
0024b274
002663ba
001940b4
001d2ccc
001c655a
002587a6
00176d0b
0029515b
0022a0e6
00244b4b
00263395
001ce125
001c0bf3
00211fc4
001ac8b6
00250bdc
00157700
001ed731
001ab415
0022aea7
0021792c
001d1149
001daf77
001e2461
001ff12a
00163420
00287c28
0027546f
001fdc88
001e01fe
001f1bf7
001e2b42
0026b641
002579e5
002a48f1
001e7dc9
00181c6b
001584c1
00259c48
001a23a8
001a15e7
0029e1c8
00243d8a
0024ab93
0024c716
00208f57
0019d121
0020f680
001a1957
00244b4b
001f22d8
00293cb9
001b258e
0026861d
001970d8
001f6e7e
002889ea
001e3903
0024a4b3
0027d039
001d0a69
0027320c
00238aba
00242fc8
001b5923
0018c179
00151347
002965fd
0021c4d2
001e926b
00219b8f
001a9522
00267f3c
001f679e
002466cd
0026c402
00171033
002d142f
001aa9c4
002a344f
0017e566
00232391
0023080f
001b8947
001bb28b
002ba7af
0018a286
002428e8
001fea49
002625d4
001fea49
002a6473
0028b32d
0023c89f
00228563
0025207d
00214fe8
00283762
0020dafe
001ba4ca
0019c6d0
0018b048
001ef994
00245fed
001f6e7e
001e3223
0020dafe
002a4fd1
001e01fe
0028ceb0
001e994c
001e3903
0022175a
001dbd38
00187943
002a6b54
002ed336
001a23a8
00236176
0023ffa4
00259c48
0022e5ac
001a6bde
00298860
0026af60
0023b3fe
001d9ad5
001e76e9
00262cb5
001a618d
0027ddfb
001f0e36
001bdbce
00248250
0017b1d1
0027e4db
0024a4b3
00240685
00268cfd
001e6247
0017d434
0023c89f
001be2af
002ab01a
001d6ab1
0022553f
002428e8
0022ec8c
001f6e7e
00242207
0022a7c6
001a53cc
00186811
001d1f0b
001d5cf0
0016189e
0021bdf2
001ab785
002a86d6
001d8634
00287548
0022175a
002860a6
00232a72
002ab6fa
00211fc4
001ddf9b
0026e665
0020282e
0028b32d
001d6ab1
00279254
00261813
00246dae
001b8947
0018be09
00172845
001b069c
0025b0ea
0021e735
00270fa9
002504fb
00152b59
001d8634
00191e51
00227e83
001b9028
0017d7a5
001a1957
00270fa9
001fe368
0023f8c4
0020d41d
00260a52
001d4f2f
001a0f06
001dc419
0015ccf7
001c19b4
001f29b8
00245fed
002663ba
0024a4b3
00248930
001ce125
002738ec
0022decb
001eebd3
0022553f
001f6e7e
001c19b4
0019fa64
001cd364
0020214e
001b55b3
0025b0ea
00173296
0023ffa4
002e49aa
001cda45
00199d8c
0017ec46
0026c402
0020b89b
002436a9
001ccc83
0018e06c
001e6927
002814ff
002126a5
001e7008
0027e4db
0026af60
0023f8c4
0023ffa4
0023080f
00205853
002ad95d
001988ea
001f0755
001ded5d
00283082
001e01fe
002549c1
00261ef4
00271d6a
00241446
0026a880
0026bd21
002a6473
001c957f
002a4210
002b5c09
0028ba0e
0021cbb3
002abddb
001a0b96
0015549d
001a1276
001a5e1d
00219b8f
00208196
0026d1c3
002ae03e
00279254
002277a2
00177e3d
0025c58c
00273fcd
001d2ccc
0018536f
0020b89b
0028d590
0023cf80
00278493
00233152
001792df
001f755f
001d3a8d
00256c24
001e7dc9
001a3bba
0019e5c3
001e16a0
001c3c17
002693de
001dcafa
00180459
0022ec8c
001eb4ce
00265cd9
00253c00
002a042b
002814ff
001f453b
001f97c2
0016edd0
001d93f5
001a64fe
0022aea7
002965fd
0024522b
0023919b
0028ea32
0024e298
0021b031
001bdbce
0028073e
001f90e1
00280e1f
001ff80a
0023dd41
001e7dc9
002428e8
00205172
00214227
00294a7a
0021800c
002277a2
002655f8
001da897
001ccc83
0024f73a
0021c4d2
0024b954
00183ece
001be990
001c957f
00246dae
00271689
002580c6
00237618
00262cb5
0026a880
00189ba6
0020a3f9
0024e298
001d9ad5
002c45dd
00210b22
00229a05
00193663
002b0981
00206614
00252e3f
0027d71a
00276ff1
0027b4b7
0024e979
002bbc51
0019e933
001fe368
0017fd78
00232391
0025cc6c
0020c65c
0022f36d
001c49d8
0017a780
0018423e
001ad9e8
00188394
001acc27
001724d5
002383d9
0019a7dd
001babaa
0018d98b
0027e4db
0022409d
001f3779
0021b711
0028f7f3
0017db15
001a1cc7
001be990
002bca12
00228563
00276910
0027546f
00222bfb
0025e10e
00188a74
00180ea9
00256543
00306fda
00189ba6
0024e298
001f0e36
00259c48
0022409d
002a4fd1
002abddb
00263a76
00253c00
001abaf5
00264f18
001d33ac
001781ad
002c8aa3
001fc7e6
00188704
0026861d
001fdc88
00273fcd
00232a72
0026cae3
001a8ad1
001a6f4f
002118e3
0018b728
00244b4b
0021d974
002a0b0b
001b9de9
0019bc7f
002118e3
0025207d
0020b1ba
0023b3fe
002d7b58
0022ca29
0017a780
002a9b78
0018a286
001da897
002cdd2a
001b3da1
0021d294
001ebbaf
002277a2
001d8634
001b6374
0019a0fd
002b69ca
001c0512
00269abe
001ed731
00281be0
001f3779
0022d7ea
001ed731
0026af60
001ee4f2
001e76e9
00203cd0
001e2461
002655f8
001b4111
00208196
001a2df9
001f52fc
0027add6
002b7e6c
00214227
0022ec8c
001ceee6
001cda45
0015b855
001d1149
001e6247
001ceee6
001f90e1
002a1fad
001d560f
002663ba
002d7477
0021b711
0016d24e
0029515b
0026bd21
0029b884
001a23a8
00236f38
001d484e
0025275e
002d96da
002905b4
0028a56c
0023a63c
002693de
00234cd5
001902cf
00219b8f
00292817
0021cbb3
00239f5c
00180b39
0026785b
002043b1
001f97c2
0025a329
001dd8bb
001fd5a7
0026df84
001d8d14
0018cf3a
001be990
00175f4a
001d560f
00260371
00261132
0022251b
001c80dd
001d484e
00186b82
001f90e1
001be990
002512bc
00290c95
001eebd3
0022ca29
0020aada
00279935
0021d294
001a3bba
00299621
00260371
001f29b8
0024b954
0027d71a
002194ae
0019fa64
001ded5d
002383d9
0020fd61
001d7f53
002be595
001bc04c
00160e4d
002186ed
0024e298
001e84aa
00196d68
0023b3fe
002d066e
002126a5
002496f1
001ccc83
00228c44
0027244a
001d3a8d
001f3779
0023c1bf
0015c616
0018347d
001b47f1
001697d9
0027add6
001f0755
0024a4b3
001affbb
00192f83
002587a6
0023b3fe
001fa583
001c0512
00237cf9
00276910
00194795
0021b031
0028d590
00273fcd
0017fd78
001e6927
0023080f
001e4da5
00240685
001f4c1b
00291376
0024446a
00194424
0015625e
0022ca29
00214227
0026f426
001b7816
001f4c1b
001c50b9
0020b1ba
0024f73a
0022e5ac
001affbb
001fc7e6
0020bf7c
0024a4b3
00184fff
0029439a
0029a3e2
002005cb
001a9f73
0018121a
00228c44
0017c673
0020d41d
00240d65
00206cf4
0017888e
00205172
0017b8b2
001eb4ce
0020a3f9
00198c5b
00192c12
0026e665
0028b32d
00232391
00264157
001bf751
0029f669
001c3c17
0021792c
001b4481
00220998
00291a56
001fba25
00185dc0
0026cae3
00185a50
0021b711
001b6004
00255e63
001c79fc
001b4b62
001c3c17
0029ef89
001e7008
001f3779
002ad27d
001d1f0b
00261ef4
00222bfb
002e42c9
00206614
001da1b6
00299d02
0024b954
002035f0
00203cd0
002549c1
00186811
0018be09
001dbd38
00195c37
00236176
0019857a
0024590c
0015dab8
001f3779
001dd8bb
001ff80a
001b4481
00205172
0024a4b3
00270fa9
0019b22e
002b39a6
0020d41d
001f1516
001c80dd
0022aea7
00194795
0020dafe
0019eca3
001f3779
00283082
00196687
001792df
00211203
00238aba
0027ddfb
00259568
00197b29
00275b4f
001c2775
001ffeeb
0022decb
0019f384
001f1bf7
002277a2
0027e4db
0024c035
00280e1f
002bc332
001b2c6f
00178bfe
00237cf9
0025b0ea
00233833
0017851d
0024590c
0020214e
002005cb
001f8320
001b7b86
00229a05
001b2fdf
001c655a
001b9708
00187262
002b4767
001eb4ce
001dcafa
001eaded
0021a950
0021f4f7
00239f5c
00248930
0021d974
0024b274
002905b4
00174aa8
0021e055
00173607
00190d20
0025a329
00250bdc
001bc72d
002587a6
00266a9a
00236f38
0028ac4d
001f59dc
00263395
0029aac3
0020cd3d
00266a9a
0029817f
0020b1ba
001eebd3
00224e5e
001da897
002512bc
0028dc71
002c15b9
0024b954
00259568
0023a63c
00230eef
0019d121
001ceee6
001c79fc
0022b587
0022d7ea
001ccc83
0021648a
00260a52
00212d85
002232dc
00210b22
001e7008
00194b05
001d63d1
001c50b9
001aa2e3
002701e7
001800e8
002860a6
00232a72
001e6247
001e08df
001d484e
00218dce
001f59dc
001546db
001f22d8
00203cd0
001773ec
001a8e41
002a5d92
00261ef4
001d33ac
001ae7a9
002232dc
0023012e
001fc7e6
001d416e
00229324
0027d039
001ebbaf
001d33ac
001ac8b6
001d8634
00213466
001f8320
00281be0
001928a2
0020f680
002b4e47
00214fe8
002194ae
001e84aa
00263a76
00215da9
0021e055
00243d8a
0023e422
001e7dc9
002239bd
001cb101
001d3a8d
0023987b
001d416e
00221079
001a1276
001bc04c
0018a5f7
0021800c
001bd4ee
001ea02c
002acb9c
002383d9
0023012e
0027e4db
001a6bde
0022f36d
002580c6
0017e566
00280e1f
00158ba1
00279254
0016ac7b
0026a880
0027c959
0023a63c
0016f4b1
00173977
00171033
0022d10a
001a53cc
002859c5
00292ef8
001ec28f
001a15e7
0018c4e9
00288309
0021cbb3
001b0a0c
0026fb07
00224e5e
00181c6b
001f755f
001e7008
00196687
0024b274
001d1f0b
00181fdb
001e76e9
001bb96b
00270fa9
00236f38
00265cd9
002496f1
001b5923
001fac64
001ccc83
00155eed
0017bf93
00199d8c
00265cd9
00297a9f
001773ec
001d7f53
002c313b
0020cd3d
00306fda
001bc04c
001f8320
00224e5e
002aa258
001eaded
00246dae
001bd4ee
001af56a
0017b8b2
00206614
001ddf9b
001fac64
0020aada
00204a91
0019bfef
002bec75
00216b6b
00299d02
002194ae
002a2d6e
001d3a8d
002073d5
0026af60
0024446a
0029b884
001ff12a
00181c6b
0025fc91
001be990
0022decb
002118e3
001e994c
001dd8bb
0023a63c
001fcec7
001fc7e6
002db25d
001e4da5
0024590c
00259568
00258e87
001ab415
00171714
002277a2
0024c035
001f679e
0017775c
002043b1
0018acd7
00243d8a
00261132
001e4da5
001b28ff
001a384a
001e8b8a
0024c035
0024b274
0025eecf
001e5b66
001e994c
00192532
0028073e
0018acd7
001bc04c
001fba25
0026d8a4
002b32c5
0019bc7f
002a268e
0026d8a4
0024590c
001ceee6
0018423e
0021fbd7
00207ab6
0022175a
00213b46
002708c8
00266a9a
001cb7e2
002c8aa3
00233152
0017b8b2
0020c65c
0019eca3
00215da9
0025eecf
0022d7ea
001ee4f2
0018a5f7
0022fa4d
0022decb
001ba4ca
0028005e
0019f384
001f1516
001e0fc0
002822c1
002897ab
0020efa0
00177acd
001fe368
00253c00
00271d6a
001a72bf
0023e422
0019820a
001690f8
001c80dd
0025e7ef
001f97c2
0021a950
001ef2b3
0023f8c4
00263a76
0026bd21
001f1bf7
001bb28b
001dc419
00210442
001b66e4
001cb101
00234cd5
0023c1bf
0021b711
0023987b
0017ec46
001ac1d6
001d7192
0025beab
001c3c17
00268cfd
0028073e
00215da9
002a268e
0019857a
0022aea7
0023080f
0027bb98
001a505c
0021d294
00249011
00241b27
001dd8bb
0020e8bf
001b9de9
00240d65
0023dd41
00210b22
002da49c
001ec970
00228c44
0023c1bf
002277a2
00290c95
00187943
0028a56c
001bd4ee
00244b4b
00236176
0019eca3
001de67c
0025207d
00284c04
0026861d
001a9f73
0023cf80
002b5c09
00239f5c
00236f38
00241b27
00184c8f
00188704
00248930
00206614
0016b6cb
001e3903
00205f33
0019a7dd
002776d2
00236857
001fba25
001d2ccc
001b36c0
00193d44
00220998
001dc419
00294a7a
001d9ad5
001f29b8
00262cb5
002ae03e
00249011
0023eb02
001f1516
001cc5a3
002504fb
001c42f7
001d0388
001b221e
001c19b4
002829a1
0020214e
00264157
001ede12
0018a286
00235a96
0018347d
001bce0d
0023012e
00261132
0018234b
0017775c
001e08df
0029dae7
0022aea7
0021d294
00262cb5
0022553f
00241b27
0029515b
001cb101
001f97c2
001f29b8
0028e351
00229a05
002965fd
00203cd0
002814ff
001c2775
0020efa0
001c655a
001c0bf3
001a2a89
001dcafa
0021f4f7
001caa20
001f90e1
001b9de9
001e2b42
001996ac
0024748e
00212d85
001e4da5
00277db2
0029d406
001bf070
002ebe94
00280e1f
002073d5
001d4f2f
001d1f0b
0023dd41
0025beab
00261132
00265cd9
0023bade
002496f1
00261ef4
00214fe8
001fd5a7
0018ba98
00209d19
0027c959
00174e19
00264f18
001c5799
00278493
0025eecf
002277a2
00225c20
001a1cc7
00238aba
0022ca29
001d6ab1
00296cdd
0029817f
0023919b
0021fbd7
001df43d
00213b46
001da1b6
00213466
0021bdf2
00248930
001cfca8
00180ea9
001b0a0c
00245fed
0029c645
00245fed
001e3fe4
001d8d14
00216b6b
00191771
001ff12a
001b9028
002bc332
002a2d6e
00209638
0020aada
001ffeeb
002b62e9
001fd5a7
00182a2c
00249dd2
00284524
00233833
002663ba
00194e75
001f29b8
001b3350
0023987b
0028ac4d
00252e3f
00240d65
0024f059
001d182a
001cb101
001e3fe4
00225c20
001dcafa
001c5e7a
001bf070
00180459
0017de85
002315d0
002738ec
001e16a0
00164552
001d3a8d
0023c1bf
0026d8a4
0016bdac
001648c2
001a04b5
0019bc7f
001f8a01
002822c1
002c381c
00183ece
00249011
0029c645
00165d64
001d93f5
0023bade
001bd4ee
0027f29c
001781ad
00246dae
00275b4f
00238aba
0025c58c
001c42f7
002579e5
00244b4b
0023f1e3
001f52fc
002852e5
002693de
001d4f2f
001a3bba
001b8947
002005cb
001be2af
00219b8f
002a042b
0026785b
002277a2
0018dcfb
0018e74c
001bf070
00266a9a
001d8d14
001e3fe4
00252e3f
003068fa
002aa939
001fba25
00261ef4
00295f1c
001c42f7
00236176
002383d9
0020aada
00165313
00210442
001f8320
0022c349
0018a286
001c80dd
0024cdf6
001dd1da
0018be09
001bb28b
001a72bf
0021f4f7
00197449
001daf77
0025e10e
0022409d
00259c48
0017aaf1
0023dd41
001a1276
0022477e
002c539e
001c5799
002035f0
00225c20
001ba4ca
001be2af
0025eecf
001c2775
001d0388
0020b89b
00235a96
001f0075
0017d0c4
001713a4
0025f5b0
00240685
0019e933
0025fc91
001f6e7e
00216b6b
00174738
00189f16
0026e665
00201a6d
00236857
00278b73
00233833
0017ae61
0025da2e
001dd8bb
002c83c2
001d2ccc
00201a6d
00221079
001d63d1
001e76e9
0017586a
001724d5
001a23a8
00242207
001ae439
001b9de9
001e5b66
001c731c
0018c85a
002232dc
0020138d
00222bfb
002383d9
001ceee6
0021d974
0021bdf2
0028005e
001f0755
001c0bf3
00262cb5
00235a96
0028ac4d
002a7ff5
0018491f
001b7135
002436a9
001d63d1
0022bc68
0022ca29
001e1d81
00283762
00242fc8
001d484e
0017ec46
001ff80a
0017fa08
0023c1bf
0019b59e
002a5d92
001e6927
001d1149
0027d039
001d93f5
001ebbaf
0026a19f
00229a05
0020f680
0023e422
001cb7e2
0016b6cb
001a1276
00204a91
0028ba0e
00241b27
001babaa
0017b8b2
0028f113
0024d4d7
001b2fdf
00203cd0
001a72bf
001eb4ce
0029e1c8
00197449
0029583c
002504fb
0023ad1d
001ea70d
00279935
001940b4
00271689
002466cd
002550a2
001630b0
002126a5
0026d8a4
001d4f2f
0020e8bf
001894c5
0027f97d
0022e5ac
001d560f
0023eb02
001f7c3f
00255e63
001f0075
001c5e7a
0023b3fe
0018c4e9
001ad9e8
001ab415
002860a6
001a3f2a
002202b8
00232a72
00229324
001bfe31
0018a967
001b9708
001ddf9b
00243d8a
00233833
001a0826
0017cd54
001cd364
001e8b8a
00276910
00232a72
001ff12a
0022f36d
002aa939
00222bfb
00207ab6
00277db2
00257305
002746ad
001b7816
001ef2b3
001ed050
001ff12a
00235a96
00206cf4
0031d579
002965fd
0023bade
001b1eae
001f60bd
001678e6
00231cb0
00257305
001c12d3
001c2775
001e16a0
0018d2ab
001686a7
0020fd61
001e5b66
00242207
002428e8
002542e0
001da1b6
0029ef89
001c8e9e
00175189
001762ba
002118e3
00259c48
0024c035
001781ad
001875d2
002043b1
002701e7
001e8b8a
002ac4bb
0018d2ab
001dd8bb
001ded5d
00199d8c
001ddf9b
002701e7
00213b46
0025c58c
0023a63c
0021e055
0017d7a5
0020bf7c
001799bf
001cf5c7
0026b641
0022ca29
0022477e
001a7d10
00225c20
00209d19
002b4767
0026861d
0024fe1a
00215da9
001eebd3
001909af
001667b5
0021e055
0027d039
00205f33
0025351f
00195556
001b3a30
00174738
00294a7a
001f755f
00229324
001c0bf3
0026e665
001c0bf3
002a7234
002da49c
001dbd38
001bfe31
001c12d3
001a762f
00173ce7
00249011
0026d8a4
001ea70d
001724d5
00249011
001b8947
00177acd
002315d0
002504fb
00283e43
0020bf7c
003008b1
002b1062
002186ed
00192f83
001ad678
001fdc88
001e3fe4
00284524
002965fd
002512bc
002a7234
001f60bd
002b1743
001f679e
001aad34
001a83f0
001e3903
0016d5be
0016d24e
00277db2
0016afeb
0015436b
001c3c17
002580c6
00182a2c
00257305
001bfe31
00199a1c
00287c28
001d7872
001b28ff
00220998
001958c6
00205f33
001a9522
00182a2c
0020b89b
001f8a01
001f6e7e
002580c6
0024446a
001cfca8
00214227
001ceee6
0019e252
002655f8
00221e3a
0021a950
001ce125
001ec970
002383d9
0027add6
00249011
001b47f1
001df43d
00261132
0020e8bf
0021a26f
00214227
0022e5ac
00229324
001dd1da
00268cfd
002277a2
002504fb
00280e1f
002e508b
0025d34d
0025a329
0017e566
001ec28f
001f29b8
001958c6
00215da9
00255e63
0022aea7
00205f33
00159cd3
002abddb
0027ebbc
00187262
00180459
00175f4a
0020aada
002b854c
0019a7dd
001a6bde
001f60bd
0021b031
0018310c
002708c8
00295f1c
002e80af
001e8b8a
001a3f2a
001ccc83
001a0145
001a8ad1
002156c9
001dcafa
001d8d14
001d2ccc
0018536f
001d93f5
001bf751
0023a63c
002b2504
0013f94e
00161c0e
002202b8
001ad307
00218dce
00233152
00238aba
00170953
001e3fe4
001f679e
002126a5
001ea70d
00207ab6
001d4f2f
00181c6b
0021fbd7
00208196
001f3779
00226300
001b8947
002a8db7
001a23a8
0024cdf6
0031b316
001ebbaf
0028ea32
00213466
002156c9
002504fb
0020aada
00240d65
0022d7ea
002035f0
0021724b
00256543
0017db15
001ccc83
001bdbce
002ddba0
00263a76
00187262
00250bdc
0021d294
0024f73a
00259c48
0020214e
001be990
001fe368
0017964f
0020c65c
002b4086
001fa583
001bc04c
00180459
002b4086
0020efa0
00216b6b
00299621
0029817f
00229a05
0022409d
001e5b66
00227e83
0027c959
001dfb1e
001fea49
00280e1f
0016edd0
00208196
002ad27d
001f3e5a
0029d406
00191400
0024f059
002738ec
00237618
001ec28f
0018c85a
00224e5e
002c4cbe
001c0bf3
00213b46
00195556
001e76e9
002663ba
001ef2b3
0022decb
0024b274
0024c035
001d3a8d
002eeeb8
0025a329
0024a4b3
0024cdf6
0015512c
002b62e9
0017e8d6
0018acd7
002693de
00232a72
0019a0fd
0015fd1b
0024cdf6
002580c6
003189d3
001e2b42
00209638
002c45dd
00283e43
002512bc
001902cf
0022aea7
00208f57
00162d3f
001f97c2
0017b542
001be2af
0020214e
002202b8
00275b4f
0027f29c
001d63d1
001f22d8
002c9184
002860a6
0024cdf6
0017c9e3
0026c402
0025e7ef
0026a880
00242fc8
0019fdd5
001fcec7
0029b1a3
00275b4f
002897ab
0021e735
001a0145
00195fa7
00172f26
0023c89f
0016edd0
002005cb
0017a0a0
00150fd7
002655f8
001c80dd
0021792c
0020e8bf
0021792c
001eb4ce
00244b4b
00163b01
00237618
00213b46
001df43d
001ad678
001e1d81
001c0bf3
002436a9
0019aebe
00284524
00240685
0023919b
00208f57
00194b05
001d182a
0019b22e
001d0a69
0026a880
001d33ac
00229324
0027add6
002b4086
0017851d
002d5fd6
00214fe8
002c6f21
00194b05
001c3536
00210442
0024748e
002a4fd1
002cdd2a
00205853
001e6247
002a4210
001fb344
0022fa4d
001a799f
001c957f
002b1062
002bf356
0027a015
0024522b
0028f113
00225c20
001affbb
001f97c2
0021c4d2
002587a6
0016c7fd
001cb101
001f29b8
00214fe8
0021b031
002c6f21
0021f4f7
00241446
00199a1c
002542e0
002aa939
001ca340
0027add6
001ceee6
0020c65c
001b5c93
00242fc8
001fea49
002579e5
0023bade
001c9c5f
00249dd2
00219b8f
002b2be4
001e01fe
002126a5
001b66e4
001e6927
0024522b
00200cac
002580c6
0025199d
001e01fe
00299d02
00184c8f
0023d661
001ccc83
0020efa0
0029ef89
0021a26f
001dcafa
003189d3
00222bfb
00260a52
001f7c3f
0018cbca
00241b27
002c07f8
001d33ac
001df43d
0026f426
001da897
002239bd
002a7915
0025cc6c
00284c04
001f7c3f
0021c4d2
0016e37f
0022c349
002c0117
0019c360
0016f821
00232391
0018a5f7
001cc5a3
00226300
00157700
00299621
001ea70d
0023a63c
0027f97d
001e6247
0022c349
00219b8f
001ee4f2
001b7ef6
00214908
0024f73a
001a2a89
0017e8d6
0021a950
002eb0d3
00192532
00259c48
002f25bd
002345f4
0020c65c
002935d9
0024e298
00169468
00205853
001eebd3
002852e5
002353b5
0025beab
00242207
0026a19f
00233833
00283762
0020214e
001b145d
001b069c
002a4210
001ae0c8
00195fa7
001ef994
002814ff
0017a0a0
00257305
001799bf
001909af
002a3b2f
001da897
0024e979
0026717b
00262cb5
001a2a89
0025b7cb
0026f426
0027c959
001e6247
00195fa7
0026c402
0026717b
0018a967
0019e252
001cb7e2
001ef994
00215da9
00172f26
0017f327
002186ed
0026af60
0022d7ea
001da897
0018a286
0020fd61
001c80dd
00174057
00230eef
00295f1c
0025a329
0024e298
00154dbc
00236f38
0018eabd
001d63d1
001f1bf7
00253c00
00268cfd
001856e0
00233f13
001b55b3
001afc4b
0025e7ef
0022553f
001f0075
001ce806
0027ddfb
00232a72
0025beab
0018b3b8
001d484e
001a1cc7
002d066e
001e0fc0
001b1b3e
001d7872
00299d02
002ad27d
00201a6d
00242fc8
0027320c
001b4481
00247b6f
001f9ea2
0029b1a3
001e5b66
00294a7a
0024d4d7
002738ec
001b145d
0020bf7c
002bca12
002126a5
0021d294
001bce0d
00232391
0018ba98
0018be09
00248930
00233152
0018ba98
001e1d81
0025f5b0
001cc5a3
001caa20
00186811
001cb101
0025aa09
002746ad
002496f1
001abe65
001ce125
001fdc88
0022b587
001dbd38
002a48f1
002202b8
002655f8
001df43d
001fc105
00159cd3
001be990
00198fcb
0021792c
00233833
00237618
001f60bd
001ede12
0024ab93
001648c2
001e46c4
001be990
001e4da5
0017662b
002701e7
002383d9
0018eabd
00236857
001b4b62
00206cf4
001fea49
00276ff1
002118e3
00293cb9
002935d9
00208196
001f453b
001af8db
00208196
002a344f
002270c1
00196d68
001845ae
001d3a8d
001c9c5f
002436a9
001ce806
0022477e
00233833
0020e8bf
001fdc88
00292817
0029439a
00236f38
002269e1
001b28ff
0021724b
00224e5e
00212d85
00298860
0021b711
002a6473
00210b22
00191ae1
00278493
001f97c2
001b221e
001d9ad5
001e994c
0025da2e
001b36c0
0018f19d
002579e5
002a6b54
00169b49
001ec28f
001c42f7
0024e298
0025207d
0025d34d
0026bd21
0024446a
00280e1f
001e4da5
001bb96b
0026e665
002c381c
0022c349
0022c349
0025c58c
0029515b
00148d2b
002345f4
001f3099
001c731c
001a8761
001d93f5
001fa583
00271689
00237618
0021724b
0028e351
001da897
00157700
0023ffa4
001a0b96
002b99ee
0033a242
0022a7c6
0021d974
00228c44
0026ed46
0018e74c
00283e43
002be595
00204a91
002ca625
0016afeb
001f9ea2
001bd4ee
002512bc
0025351f
001b0d7c
001d2ccc
0016a22a
001fa583
001dcafa
0021f4f7
002cff8d
00195556
002269e1
002269e1
001b74a5
001d0388
001b9028
00210b22
0022f36d
0020e8bf
00180b39
002935d9
00236f38
0026af60
001f1516
001a23a8
0025a329
001951e6
0031608f
002708c8
0027e4db
001792df
002701e7
0021e055
001818fa
002b62e9
0024fe1a
001713a4
00193663
002b5c09
00201a6d
0026b641
00243d8a
001f8320
002a11ec
0025fc91
001f4c1b
00261132
001ceee6
002a6b54
001eebd3
001b6a54
00201a6d
00201a6d
001a53cc
0015512c
001b5c93
0018121a
001b9028
002814ff
001690f8
002b5c09
00236857
001c6c3b
001f8a01
001c80dd
002af4e0
001b6374
00177e3d
001713a4
0019d121
001ddf9b
001b258e
0025b7cb
00267f3c
0021648a
001697d9
001e2461
00191ae1
0024b954
0018a967
0020e8bf
00287c28
002c7ce2
002a18cc
00225c20
001af8db
00240685
0029b884
00174738
002a344f
001d93f5
002f035a
00228563
001af1fa
002c0117
00146758
0029cd26
0024f059
001b4111
0025b7cb
001d1149
00216b6b
001b1b3e
001c3c17
0027546f
001bfe31
00277db2
001da897
001b28ff
0017f697
00239f5c
002a0b0b
0028ba0e
0017964f
001d1149
002b0981
0022ca29
0028a56c
002496f1
002239bd
002625d4
00219b8f
001e3223
0017fd78
0025e10e
002d21f0
001ded5d
001f7c3f
00232a72
00158f12
00205f33
001ea02c
0024cdf6
00236857
0020f680
00271689
00218dce
001724d5
002905b4
0022f36d
001d5cf0
00172f26
001641e1
001856e0
0027244a
001f8320
001ce125
001d6ab1
002dc6ff
0021ee16
002587a6
0025e10e
00250bdc
00219b8f
00186811
0029f669
001c957f
001e3223
001d182a
001b28ff
0029aac3
002b32c5
001c3536
002890ca
00149e5d
0026bd21
002df723
001f755f
002a4210
0023987b
001e6247
00174738
00236f38
00220998
001dfb1e
00289e8b
001dcafa
001da1b6
001b5c93
001f29b8
00177acd
001bf751
002ab01a
001f9ea2
002890ca
001b7ef6
001d1149
0022a0e6
001ea02c
00178f6e
002625d4
0018ff5e
002ab01a
00249dd2
0023e422
001c8e9e
002073d5
00203cd0
001fac64
00278b73
0020e1df
001eb4ce
001a8ad1
002a6473
0025b7cb
00224e5e
001fd5a7
0016ac7b
002c8aa3
00250bdc
00264837
001dc419
001ab785
001678e6
001f59dc
0023ffa4
001c731c
002708c8
002da49c
0017f327
00194424
002708c8
001e3fe4
0025b7cb
00257305
0028d590
0021792c
0021724b
001ad678
0029cd26
0017c673
0022477e
0020b1ba
0019ca40
001c9c5f
002073d5
00276ff1
00280e1f
0017d434
002073d5
001ac546
0021ee16
0023012e
001dd8bb
0019d491
0020d41d
002a1fad
0027c278
001b6dc5
001c2094
00220998
001584c1
00268cfd
00249011
001ee4f2
0021ee16
001bb28b
0024b954
001ca340
00264837
001c50b9
00260a52
0021cbb3
001f755f
0028c7cf
002c15b9
002e508b
00214908
001b8947
002466cd
0028dc71
00216b6b
0020b1ba
00165d64
0026df84
00248930
00210442
0029817f
002466cd
001e5486
00238aba
002829a1
001de67c
0022175a
001dc419
001c19b4
0019063f
001e76e9
00230eef
001909af
0018b3b8
001ceee6
00237cf9
001ff80a
001856e0
0019a0fd
0021e735
001fc7e6
0018347d
0020138d
0020a3f9
00225c20
002a344f
00166e95
0029c645
001ff80a
0020e8bf
00275b4f
00233152
0026af60
00261ef4
0024d4d7
0023e422
0024dbb7
00286e67
0023919b
00213b46
002a11ec
00287548
0024f73a
002eb0d3
001d2ccc
001f9ea2
001b4b62
001b4b62
001a0826
001837ed
001bd4ee
00201a6d
00210442
002239bd
002269e1
0029b884
001b221e
0026af60
001e2b42
001e7dc9
002232dc
0021a26f
0020214e
00288309
00278493
00255782
001ef2b3
0022175a
00237cf9
0018e74c
00169eb9
001f755f
0017efb7
001f59dc
001cbec2
0025207d
002a2d6e
00284524
00252e3f
001fe368
001fc7e6
0021c4d2
0018f87e
00283082
0026c402
001a505c
001d7872
001bdbce
0021d974
0029f669
001c42f7
0023dd41
0027244a
001eaded
001d416e
001800e8
002b2504
00220998
001cd364
00164fa2
0021800c
002df723
002d5fd6
00275b4f
002c7601
00174057
002965fd
00259568
0025b7cb
0025d34d
001c87bd
00236f38
002701e7
0021724b
002550a2
002935d9
00240685
001dd1da
002860a6
00196687
002889ea
001f9ea2
001dd8bb
001dcafa
0018f87e
001fa583
001bfe31
00249011
0021d294
002542e0
0027c278
001b3da1
002202b8
002663ba
002a86d6
0027bb98
001d416e
0018b728
00213b46
00295f1c
002d6d97
001affbb
0019933b
0025275e
00228c44
001abaf5
0024e979
0029a3e2
0023012e
0021d294
0029b1a3
001eebd3
00239f5c
00221e3a
00243d8a
0025fc91
0020fd61
00287c28
00245fed
00214908
001a505c
0021792c
001d4f2f
0024f059
00259568
00256543
002b2504
0022fa4d
0028c7cf
002e04e4
002202b8
0025207d
001f9ea2
002ad95d
001e3903
00292817
0023012e
00180ea9
0020e1df
0025351f
00208f57
00205853
001ded5d
0018a286
0025beab
0029439a
0015f63b
0019ca40
001d63d1
002d5fd6
0025a329
0026e665
001e2461
00296cdd
001f29b8
00191400
0016ea60
0015b175
001b9028
001aa2e3
002d066e
0029817f
0020f680
001b5923
0019fa64
002ad95d
0023f1e3
0026cae3
0024dbb7
001ca340
00203cd0
0028b32d
00203cd0
00192c12
00249011
00239f5c
001e6247
00228563
001c5e7a
002035f0
00215da9
002043b1
001a1276
001d8d14
001eb4ce
0025f5b0
0026a880
00175bda
0020fd61
0018423e
00237cf9
0021fbd7
0019fdd5
001bf070
00153c8a
002269e1
0020e1df
001fc7e6
0021cbb3
001da897
0026c402
002b1062
001ceee6
002b2be4
00209d19
0025aa09
001d560f
002277a2
001f9ea2
0016cede
00256543
00205853
0019e933
0025c58c
00240685
0021a26f
00250bdc
001969f8
0026a19f
00189835
001ba4ca
00194795
001c9c5f
002b1062
00211203
00227e83
00177e3d
0029d406
001e08df
0021f4f7
001f3e5a
001f1516
0024f059
00189f16
00205f33
0018536f
00298860
001bf070
0021c4d2
001e926b
0028ac4d
00213466
0023dd41
0027a6f6
00284524
0016f141
00210442
001f8320
00170cc3
002ad27d
001cda45
00284c04
00215da9
002a11ec
002542e0
0021bdf2
002889ea
0019c6d0
0022a0e6
001dc419
0029583c
002a5d92
001af8db
00252e3f
001e3fe4
0017fd78
001ceee6
0020e8bf
002776d2
002428e8
00195556
0016c7fd
0023f1e3
00273fcd
001d9ad5
0022bc68
00252e3f
002829a1
001ede12
001e0fc0
0023012e
00132e6d
00280e1f
0024522b
001d93f5
001940b4
00214227
00249011
001c731c
001d7f53
0026bd21
0024cdf6
00279254
00263395
001ee4f2
0026cae3
0024f059
0022bc68
001fa583
002663ba
0020dafe
0021ee16
00241446
00205853
0021792c
0018e3dc
0023f1e3
0022b587
0022175a
001ef2b3
00283082
001c5e7a
002625d4
0020d41d
0016c7fd
002a11ec
001aa653
002512bc
0024b954
0028ac4d
002a86d6
001caa20
001d7872
00221079
001ea70d
00189ba6
002dd4c0
00276910
00226300
001d7f53
002194ae
001d93f5
002b69ca
0022aea7
001f3099
001d416e
001d182a
00244b4b
002550a2
00255e63
00286787
00201a6d
001bc04c
001be990
00268cfd
001a497b
001ca340
001c2775
0018234b
00208196
001b7135
0025199d
001ded5d
00288309
00260371
0017c673
0022409d
0028c0ee
001f1516
001a3f2a
002973be
001c2775
0025199d
0022ca29
001e46c4
0020a3f9
001800e8
00244b4b
001d8634
0027c278
001d1149
001ffeeb
001b069c
001f755f
0025eecf
0020d41d
00206cf4
0017a780
001996ac
001ce806
001ede12
00284c04
00237cf9
001ce806
001e01fe
001b3da1
001f9ea2
001fc7e6
00237618
0028073e
0022a7c6
002c6f21
001d0a69
002496f1
001caa20
00172bb6
00168a18
002625d4
00187262
00208877
0025199d
0022a7c6
002269e1
00287c28
0029a3e2
0017e566
00253c00
001792df
00191400
0018d98b
002c381c
0027f97d
00259c48
00276ff1
00257305
00263a76
0026b641
0021792c
002bb570
0019857a
00241b27
00261132
00222bfb
001c9c5f
001c957f
001e76e9
00298f40
0022251b
001b8947
002383d9
0025aa09
002cbac7
00259568
002a56b2
002a56b2
0021800c
0024748e
00238aba
00180459
0024b274
002580c6
0022f36d
002e8e70
0022ca29
0027ebbc
001c5799
001ebbaf
0021792c
0022d10a
001a686e
00174057
0019820a
001b9de9
0029439a
00213466
00212d85
002186ed
001fc105
00292137
00243d8a
002156c9
002b4086
0022409d
001d63d1
002d2fb1
00221079
0025275e
0023c89f
0029d406
0026717b
001e1d81
0028005e
00209638
00237cf9
0021792c
0023a63c
0028f113
00271689
001a1cc7
0017cd54
001a8761
001f97c2
00146ac8
0026cae3
002d3692
001f4c1b
00275b4f
0021d974
00189ba6
00209d19
002579e5
002708c8
002005cb
001d2ccc
00208f57
001c19b4
00208196
001b9708
0029439a
001daf77
001c2094
001969f8
001acc27
00192c12
001f3e5a
00276ff1
0020b89b
001b36c0
0022d10a
001c2775
00236857
001d8d14
00209638
00237618
002fd88d
0021f4f7
00246dae
0029515b
00235a96
001ddf9b
001bf070
001ded5d
002186ed
00244b4b
0022d7ea
001f0755
001e5486
001f1516
0020d41d
001c8e9e
0019857a
0020214e
00192c12
001bce0d
002c4cbe
001d93f5
00227e83
001c3c17
001f22d8
0024446a
0019d121
002005cb
0022553f
00256543
001f453b
0023e422
00252e3f
00229324
0018d98b
0026ed46
0024dbb7
002ecc55
001a573c
002a11ec
00283082
00237cf9
00281be0
002e2066
002cdd2a
0025eecf
00280e1f
0023987b
002270c1
0026cae3
001ed050
002a1fad
00236176
002504fb
0018234b
0023ad1d
0026af60
0025351f
0016f141
0018ba98
001fd5a7
0025cc6c
0027e4db
00293cb9
001bd4ee
002b4e47
0020b89b
0029f669
00267f3c
00191090
00278b73
001f679e
001e3fe4
0026e665
0021800c
00222bfb
002345f4
0026a880
0023e422
0018e74c
002829a1
0029b884
002270c1
001e926b
00208196
002b854c
0021792c
001b7816
0023f1e3
001df43d
00269abe
00291376
0024c716
00202f0f
001fd5a7
0027e4db
0015d748
0028d590
001c655a
001f0075
001f8a01
002579e5
002b778b
0027546f
001a0826
001f6e7e
001d9ad5
0014864b
00256543
00222bfb
001e3fe4
00180459
00224e5e
001724d5
001e7008
0022a0e6
0023919b
0021d974
0021b711
001b9708
001ba4ca
001f90e1
002c3efc
0024cdf6
002436a9
002073d5
00277db2
001ad9e8
001e5b66
0021ee16
0022251b
002156c9
001ed050
002270c1
0020aada
001ef994
00283082
001dc419
001f52fc
001e16a0
001c3536
001daf77
0021cbb3
0018a967
00279254
002194ae
0020e1df
001ccc83
001d6ab1
00280e1f
002a3b2f
002542e0
001bfe31
00230eef
002c1c99
001a1cc7
0024ab93
0023919b
0022aea7
0029817f
0022fa4d
00209638
0018b3b8
001ccc83
001ddf9b
00180459
001ba4ca
0021792c
002a4210
001ea70d
001d7872
0018423e
0025da2e
0029dae7
00286e67
001d182a
00213466
0028a56c
00232391
001ec970
002c9184
00233f13
00207ab6
00264157
001bdbce
0017699b
00192c12
00268cfd
001e3223
0021800c
00256c24
001fc105
001ff12a
0014ea03
002156c9
001ad9e8
001ffeeb
00299621
0027c278
0025eecf
002345f4
00277db2
001ed050
0028005e
0027d039
0023f8c4
00216b6b
0026f426
00297a9f
00208f57
001e01fe
001c6c3b
00215da9
001bd4ee
001d2ccc
0022ca29
0027f29c
00242fc8
001bb96b
00237cf9
0025e10e
002504fb
00292817
00264f18
0019f013
00220998
00281be0
001fc105
002b4086
0027b4b7
0022553f
001dd8bb
0027ddfb
0027ddfb
001b7b86
001d33ac
002afbc0
0025e10e
001c49d8
002b1743
00233152
00287548
002a6473
001e994c
00205172
00174738
001bce0d
001bf751
001fc7e6
0024e298
00261ef4
002822c1
002dcddf
00226300
001ad307
00286e67
00268cfd
00265cd9
0023eb02
0022a7c6
0017e566
0019f6f4
0026c402
0018a286
001b1b3e
0023d661
001902cf
001cd364
001d484e
00240d65
002ce40b
001c731c
001dd8bb
001bc04c
001c12d3
001ad678
001c655a
0022175a
001cb7e2
0018121a
002a11ec
0024590c
002549c1
0022d10a
00241b27
0019d121
002a4fd1
0021f4f7
001d33ac
0023b3fe
002496f1
001c2775
0024f73a
002bd7d3
00241446
001ea70d
00201a6d
001773ec
0021b711
00209638
0022175a
001ebbaf
0022ec8c
002738ec
00228c44
001dd1da
002a042b
00274d8e
002d5fd6
001c655a
0025beab
001d484e
00261ef4
002315d0
001c19b4
001818fa
00268cfd
0024446a
001dbd38
0029bf65
00207ab6
00240d65
0018f87e
0018d2ab
00234cd5
00265cd9
001f9ea2
002a4fd1
0019b22e
00276230
002466cd
002043b1
001b4b62
001f8a01
001856e0
0020bf7c
0027320c
001b221e
002d96da
001a04b5
001bfe31
00207ab6
00286e67
00186b82
002701e7
002073d5
0018e3dc
0018d98b
0020282e
00238aba
001a8761
0018a5f7
002cc1a8
0028f7f3
00243d8a
0024748e
0016ea60
002965fd
0021b031
001e5b66
0019f384
00260371
001d1f0b
002580c6
0026b641
0022d7ea
001b3350
001a9c02
0027bb98
00209638
002897ab
0018ee2d
001ab415
00240d65
001dd8bb
0026fb07
001d416e
0022409d
001f90e1
0018d2ab
001cb101
00218dce
002dab7c
00211203
0029817f
002580c6
002a5d92
00268cfd
001c8e9e
00207ab6
00298860
002c381c
001940b4
0019f6f4
0026f426
001fa583
0023d661
00253c00
001d8634
00286e67
0018fbee
0021792c
00243d8a
0018423e
001d484e
0027d039
001ab785
0024f059
00173296
00283e43
002156c9
0025b7cb
0026861d
001ab785
00272b2b
002d5214
00291376
00212d85
0020a3f9
00194424
00168d88
002a344f
00242207
001babaa
002a86d6
0022ec8c
00187943
002814ff
00287c28
002579e5
001ff12a
0018b3b8
001d63d1
00220998
00211fc4
0019e252
001d8d14
002466cd
0022decb
001f7c3f
0018f19d
0024fe1a
001e0fc0
0015d067
001b3a30
0024e298
0021bdf2
0026861d
001b4111
001bc72d
00188023
0023ad1d
0024b954
001a4cec
001ed050
00284524
001ea70d
00286e67
0027d039
00228563
001fea49
001c8e9e
001bfe31
001fac64
0024dbb7
001e3fe4
002cad06
001c42f7
001a573c
002c381c
001fc7e6
001a460b
002aa939
002c381c
001b66e4
002579e5
0022a0e6
001e16a0
0022decb
0022553f
001c42f7
0020b1ba
002663ba
00274d8e
002d7477
001ae439
001f0e36
001d1f0b
0025c58c
001e5486
001bce0d
00208196
002d0d4e
001902cf
001d9ad5
001da897
00181c6b
0022ec8c
0024748e
001b6374
002eb0d3
0021d294
0022ec8c
001414d1
00261ef4
001e7dc9
0020efa0
00233152
00244b4b
0027add6
0027d039
001fac64
001c0bf3
002bdeb4
0018f19d
001d182a
002504fb
0029515b
002655f8
002b7e6c
0024dbb7
00263395
00233833
0021d974
00260a52
002073d5
00186811
00189155
0027546f
0026861d
0027244a
001dcafa
001f8a01
00192c12
001fe368
0020bf7c
001970d8
002905b4
002202b8
00258e87
00236176
001c19b4
0027d71a
001ef994
00220998
0022d7ea
001d416e
002ad95d
002269e1
0022409d
001c0512
002a18cc
0026d8a4
00265cd9
002852e5
00210442
0017c303
0025e10e
001aad34
00184c8f
002da49c
002852e5
002bbc51
00257305
002bfa36
00266a9a
0026c402
0025b0ea
001bce0d
00180ea9
00218dce
001d1f0b
002a8db7
001c3c17
001df43d
00286787
002c15b9
001ef994
0018347d
00199a1c
002655f8
00185a50
0017964f
0024c716
001d560f
0020214e
001d7f53
0022bc68
00219b8f
002c9864
0021f4f7
001dd8bb
001caa20
00296cdd
00262cb5
0016cede
00253c00
0023080f
002156c9
0025eecf
0017964f
0020f680
002a7915
00204a91
0020e8bf
002b7e6c
001daf77
001a3bba
001b9708
0023987b
001fac64
0020e1df
0022409d
002d6d97
0016a90a
00216b6b
002897ab
00276230
0027c959
001c2e56
00214fe8
00191090
0023919b
00173ce7
0026c402
001fba25
00218dce
002466cd
002a9b78
002345f4
0023012e
002cad06
0021f4f7
00237618
001fac64
002202b8
001cda45
00271689
0024b274
002270c1
0023d661
00206cf4
0021b031
00165683
002bec75
00239f5c
0023eb02
001e8b8a
00157de0
00279935
00283082
00208f57
0028c0ee
001f29b8
001b6374
00235a96
00181c6b
00175f4a
0022ec8c
0023f8c4
00214227
00225c20
001eb4ce
00274d8e
001c2e56
001db658
00202f0f
001b9708
001996ac
001977b9
0024748e
0018f50e
0023c1bf
001b4b62
001df43d
00264837
002436a9
0021792c
00272b2b
0028ac4d
002118e3
0025199d
001f7c3f
00244b4b
002587a6
001aa653
002345f4
0023f1e3
0025d34d
00290c95
0017d434
001f59dc
001c3c17
00181c6b
00277db2
00190d20
00221e3a
00152108
001ceee6
0025e10e
0020cd3d
001a505c
0027c278
001e16a0
00218dce
0022aea7
0021bdf2
001f6e7e
002663ba
00280e1f
00267f3c
001fea49
00286e67
00228c44
0029ef89
00175f4a
0029515b
001e7008
001b5923
0018e3dc
00189f16
0018c85a
0023f8c4
001928a2
002005cb
0025207d
0021724b
001f6e7e
001dfb1e
0022ec8c
0019d121
00283762
0023d661
0027ddfb
001f4c1b
00237618
002ae03e
001b7b86
001fac64
002a042b
00249011
002b4086
001f97c2
0019b22e
0016e37f
002353b5
0024748e
0017c303
002550a2
001e994c
00269abe
002c7ce2
002738ec
0025c58c
0020cd3d
0023eb02
001e8b8a
001d5cf0
001eaded
00182a2c
001db658
001e2b42
001c19b4
001e5b66
0027a015
001b9de9
0016f4b1
0029bf65
002a7915
001dbd38
0028d590
00261132
00205f33
001e926b
002f93c7
001f9ea2
001c957f
00169468
0019b90f
00233833
0024f059
00180b39
001f8320
001fd5a7
002b4086
0022409d
001ea70d
00220998
0029439a
001bf070
001921c1
00278493
002a6b54
0021648a
0022d10a
001ed731
00271689
001d8634
001e3903
001da897
001d484e
002a1fad
001f3099
001fd5a7
002859c5
0024446a
00195c37
0022c349
00259568
0020282e
001bc04c
001f59dc
0022477e
001dcafa
00181fdb
001fcec7
001ce806
001b4111
0019c6d0
00214227
00211fc4
00249dd2
00189835
00274d8e
001b9708
001bd4ee
0021b711
00233f13
002512bc
00213466
00218dce
0017ae61
0029a3e2
0023a63c
002663ba
00280e1f
001dcafa
00176d0b
0025d34d
0023f1e3
001f97c2
00235a96
0027244a
0028d590
00259c48
001aee8a
001db658
001a83f0
0020214e
002890ca
00259c48
00189155
001a0f06
001b6374
001aa2e3
001f97c2
001f3099
002126a5
00213466
0027a015
001b2fdf
001e46c4
002504fb
00270fa9
00147bfa
00262cb5
0026861d
0025da2e
001b0d7c
0020138d
001bc72d
001a04b5
001ede12
00204a91
001cbec2
001aa653
00255e63
0023012e
001add58
00278b73
0028b32d
001d7f53
00256c24
0021a26f
00272b2b
001e8b8a
0027d039
00207ab6
001ddf9b
00278493
00287c28
00221079
002126a5
00178f6e
00221079
00190d20
002693de
00269abe
002277a2
0026bd21
001fba25
0024b274
0025d34d
001dfb1e
0020e1df
00163420
0022d7ea
00242fc8
001f679e
002315d0
002a7915
0024b954
00245fed
0017e566
001d93f5
0026df84
00249011
00230eef
00267f3c
001d9ad5
001dfb1e
0019857a
002859c5
0031374c
00189155
001c19b4
0020138d
0022251b
001f4c1b
001a0b96
0018a967
001c49d8
0021b711
00158150
0024e979
00249011
0015bf36
0025c58c
002383d9
001f3e5a
001f90e1
00279254
0016d92e
001ef994
00208877
002dd4c0
00271d6a
0026cae3
0026e665
001e76e9
002852e5
0029dae7
001dd1da
001c655a
001d0388
00241446
001b3da1
001c2094
0028dc71
001b66e4
00222bfb
001e6927
001ebbaf
001bb28b
00191400
001b2c6f
0027add6
002814ff
0028a56c
0023d661
001cda45
0017f327
00248930
00266a9a
00291a56
001ceee6
0026ed46
001b7ef6
001f8320
002db25d
00236176
002118e3
0018dcfb
00229324
00218dce
00179d30
0026ed46
00256543
001d6ab1
0026861d
002663ba
00211fc4
00212d85
00279254
001a72bf
0021f4f7
002353b5
002c313b
00239f5c
002202b8
0016ff02
0019a46d
0025351f
001939d4
0020138d
0018e3dc
0021b031
00234cd5
001ef994
002890ca
001ec28f
001c655a
00172165
001af8db
0017586a
001951e6
00244b4b
00188de5
001a8e41
001e84aa
001a2df9
00203cd0
00289e8b
0020fd61
002d8239
0021b711
0025beab
00258e87
002890ca
0022a7c6
00286e67
002c7ce2
0019857a
001ce125
001e84aa
00261ef4
0021b031
002a86d6
00263a76
0026a19f
0019bfef
0017aaf1
00262cb5
00175f4a
001eebd3
0027f29c
002b1e23
00299d02
00291a56
0026fb07
0025a329
00284524
0022b587
001875d2
0021ee16
002156c9
002c7ce2
001af56a
0023eb02
0024dbb7
0022c349
001f0e36
0027546f
00259c48
00188023
0029aac3
001d9ad5
002345f4
002693de
002905b4
00205f33
0023cf80
002d8ffa
0027320c
0018a5f7
0024590c
00261132
001837ed
0025e10e
0022c349
001e5b66
002277a2
0020fd61
001d1149
0023919b
001516b7
002abddb
001c12d3
0029b1a3
001b28ff
0023e422
00284524
002383d9
001e8b8a
0020e8bf
001c655a
0019063f
00305b38
00267f3c
00233f13
001a7d10
001ac8b6
0016ba3c
00255e63
002e508b
0021a26f
0017b8b2
00188a74
00286e67
001d0a69
0028073e
0027c959
001d7192
001fd5a7
001b9de9
002496f1
0020e1df
0016d5be
00270fa9
0019e5c3
0028073e
00272b2b
001d7f53
00228563
002a344f
00277db2
00213b46
002a7ff5
0023d661
0025207d
001a762f
001c49d8
001d2ccc
0020aada
00224e5e
00271d6a
001f3099
002270c1
0025aa09
00283762
00215da9
001ce806
002126a5
001ce806
0023f1e3
00215da9
001d6ab1
00206614
002466cd
0031b9f7
001de67c
00175189
00180b39
00287548
00296cdd
001e8b8a
00214fe8
0028ea32
00262cb5
00243d8a
0025eecf
0023ffa4
00249011
002504fb
00229324
001bce0d
001800e8
00288309
001e926b
0020fd61
001a6f4f
002bfa36
0024d4d7
0027a6f6
00297a9f
0024b954
0021724b
00277db2
002466cd
00257305
001c957f
001ae439
0024b954
0022ec8c
0022a7c6
002ab6fa
0020fd61
0016a22a
0016ba3c
0026b641
00211203
002935d9
002a5d92
002b32c5
001c42f7
001f52fc
0019b90f
001c9c5f
001ce125
002d6d97
0027e4db
002353b5
001d33ac
00267f3c
0023ad1d
001ab785
002625d4
001e08df
00180459
002973be
0016fb91
002625d4
00264837
001d484e
002c381c
00204a91
001e2461
001aad34
0023eb02
002de962
0023b3fe
002cad06
001a9c02
00173296
0025f5b0
0025f5b0
001c87bd
0024f059
00275b4f
0026785b
001ed050
001ed050
0029817f
00218dce
001e5486
0022409d
0023d661
0019d121
001c5e7a
002905b4
00202f0f
00240d65
001f3099
001c6c3b
002a9b78
001c3c17
001e5486
0025eecf
00221e3a
0022ca29
0024b954
0023a63c
00279935
001c0512
001c2775
001fc105
002738ec
001a3169
00298f40
001b8267
0022aea7
00221079
0023dd41
002a344f
0021792c
001b7135
00194424
001ebbaf
001cb7e2
002232dc
0025e10e
0025b0ea
0018b728
0026f426
0029d406
00264837
001b1eae
00206614
0021f4f7
0024c716
002345f4
00234cd5
00167205
0029c645
001b9708
001c12d3
001caa20
0015f9ab
00206cf4
0025eecf
00259568
0021800c
001f8a01
002a4fd1
002186ed
0023f8c4
001d8634
00205853
00233833
0020dafe
00260371
001bfe31
001b8947
001ce125
001a72bf
00262cb5
0023eb02
002587a6
0018f50e
0013467f
001ec28f
0021f4f7
001db658
001b74a5
001fba25
0028dc71
001b3da1
00270fa9
0029b1a3
002b1743
002693de
001a9892
0021648a
001921c1
002b99ee
001c655a
0022ca29
001eaded
002ad27d
001ceee6
00208877
00256c24
001921c1
00295f1c
00271689
0027320c
0026861d
002383d9
0024f059
002580c6
001ce125
001bc72d
00202f0f
00294a7a
002eb0d3
001dbd38
00249dd2
002738ec
001471a9
001b9de9
001f1516
001a91b2
0024a4b3
0024dbb7
002c3efc
001c0512
00293cb9
0023ad1d
00212d85
001b5923
00284c04
002625d4
00294a7a
001e5486
001e76e9
00167205
001c5799
0021a26f
001d7192
002a11ec
001b3da1
0015e509
0015fd1b
00232391
002a2d6e
001c655a
002829a1
001d3a8d
00252e3f
00236857
0026a880
00199d8c
002542e0
00177acd
00277db2
001ebbaf
002035f0
0017f697
002935d9
0019e933
001ac546
0021a950
00257305
001f453b
0026bd21
001fc7e6
00166b25
0025275e
00210442
001b258e
0017e566
002bf356
001d0388
002186ed
00232391
00255e63
001b2fdf
002a9497
00278493
001f29b8
00268cfd
001d2ccc
0027a6f6
001c80dd
002194ae
002814ff
001e3fe4
00186ef2
001a8e41
002be595
0027a6f6
00261ef4
0019c360
00260a52
002035f0
001c9c5f
00150215
002ae71e
0017a410
002e3508
001e3223
001e5b66
00168337
0020e1df
00177acd
001eb4ce
002496f1
00261ef4
001cda45
0026fb07
0029dae7
001cda45
0023a63c
00199d8c
001d560f
0017bc22
00193663
001a3bba
002cf1cc
0021a26f
002b1743
001acc27
001690f8
0021fbd7
001be990
002a268e
001c3536
001f3779
001cb7e2
0016152d
0015323a
001f8320
002a268e
002b7e6c
0024522b
001d6ab1
0025fc91
001f453b
001ea70d
00211203
00278b73
002ca625
00263395
001bb96b
001ce125
00264f18
0020282e
0025c58c
0024fe1a
00211fc4
0027320c
001f679e
0028073e
0020aada
001c8e9e
0018acd7
002202b8
001a384a
0029bf65
0019e933
0023c1bf
001c2e56
00276ff1
0020a3f9
001ed731
0019b90f
001c80dd
001d1149
001cfca8
00263a76
00269abe
00257305
00292817
0023e422
00189f16
001bc04c
00287548
002277a2
00237618
002693de
002a1fad
002194ae
001a762f
0021800c
002a2d6e
002ceaeb
0022175a
0029e8a8
001902cf
001add58
002859c5
0019063f
0019e252
00180459
0029f669
001d1f0b
0028ac4d
001807c9
0025351f
001d3a8d
0018c4e9
00242fc8
0023bade
0025b0ea
00269abe
00194795
0023c89f
001f7c3f
002738ec
00242207
0028005e
00276ff1
00261132
0018121a
001bc72d
001fb344
00257305
0016008c
0027f29c
00208196
0016ba3c
00268cfd
00245fed
00264157
0027a015
001f4c1b
001ded5d
001f52fc
002ceaeb
001f1516
0018d2ab
00291376
00221079
001f8320
00219b8f
00305b38
0028ceb0
001f22d8
00278b73
0017b8b2
002625d4
00292ef8
002de281
0026fb07
00226300
0020f680
0023f8c4
0027d039
002acb9c
001d416e
00232a72
001f0075
0023f8c4
0018c85a
0022decb
0025c58c
001cda45
00201a6d
001e46c4
00221e3a
001ae7a9
002383d9
001f3e5a
001f59dc
00255782
00209d19
002156c9
00235a96
001d8634
00241446
001acf97
001df43d
00293cb9
0023c89f
001a0f06
001ae7a9
002118e3
00214227
00261813
0020fd61
001c0512
001eb4ce
0028b32d
0022e5ac
002156c9
00255782
001e16a0
001af56a
002708c8
0027bb98
0026a880
002c7601
001d4f2f
001c731c
001d5cf0
001ee4f2
002f0a3b
0017c673
002cff8d
002194ae
001f52fc
002a4210
0023987b
0028005e
0023c89f
0017a410
00186ef2
00202f0f
002cd64a
002935d9
00172bb6
0019eca3
00150c66
0021b711
001d7872
00212d85
0025da2e
002ab6fa
001babaa
002dc01e
0022175a
00201a6d
0026bd21
00297a9f
0020b89b
001b9028
001d2ccc
001ccc83
00258e87
001e3903
0016189e
002935d9
002186ed
001f8320
001909af
002b930d
00232391
00169468
002b1e23
001eaded
001dc419
00195fa7
002345f4
0018f50e
0026d1c3
001ded5d
002126a5
001c3c17
001f8a01
001da1b6
0020214e
0023cf80
001b6a54
0021792c
001902cf
001ff12a
001d7f53
001ebbaf
00209d19
001d7f53
002c7601
0025b0ea
0029583c
00263395
001e6247
001a2a89
0027add6
00189ba6
001cda45
0026a19f
00196687
002a1fad
001f3779
001932f3
001d5cf0
001ad9e8
0025aa09
002542e0
00246dae
0020efa0
002202b8
001c731c
00190d20
002c237a
0016a90a
001a9892
002738ec
002277a2
0026ed46
0022175a
0029a3e2
0023bade
001d7f53
00243d8a
0029c645
0019fdd5
00200cac
0027546f
002a11ec
0022f36d
0023919b
002a3b2f
001b9de9
001d63d1
001cd364
002a268e
001969f8
002965fd
001d33ac
001e3fe4
0018e06c
00201a6d
001b9028
002315d0
0027f97d
00296cdd
00194e75
00258e87
00236176
0022e5ac
002073d5
002512bc
001f1516
001e7dc9
001c3c17
001d1f0b
0018a5f7
001cfca8
0018f87e
001fba25
001b5c93
00189f16
0023bade
00246dae
002550a2
0018121a
002353b5
0022a7c6
0028d590
0015b4e5
00249011
002aedff
001f1bf7
00266a9a
0021d974
00222bfb
00248930
002dab7c
001db658
001dc419
00201a6d
001fe368
00205f33
002b930d
00205853
001f29b8
0021ee16
001792df
0029ef89
002acb9c
001ec970
0024d4d7
0019a7dd
0024748e
001e4da5
002383d9
002549c1
00228563
001fba25
001ec28f
001d7872
002043b1
0025b0ea
0021724b
001ec970
00185a50
00214908
0020214e
00237cf9
00192c12
002587a6
0029c645
001a3f2a
002b69ca
00248930
0022e5ac
0019c360
0017a780
0027a6f6
00274d8e
001b8947
00236857
00205853
002186ed
002b2504
002277a2
001c2775
0024f73a
00199d8c
0025a329
001c6c3b
00160e4d
002625d4
00295f1c
00205f33
0017db15
00221079
0027a015
00165d64
0020efa0
0025199d
00259c48
002580c6
00228c44
001a3bba
001d25eb
002542e0
001babaa
00301d53
00187cb3
002a6b54
001fd5a7
001ff12a
002b69ca
002587a6
0023cf80
00229a05
0024a4b3
001fea49
001babaa
001b36c0
001cc5a3
0019fdd5
00276230
00175bda
0018e3dc
001bc72d
0020aada
0024748e
002905b4
0024b274
00276230
00268cfd
00218dce
00194e75
0024e298
001ddf9b
0022175a
001fba25
001dbd38
00242207
002118e3
0016d5be
00268cfd
00208877
001cc5a3
0031dc5a
0029aac3
0020214e
00261132
001cc5a3
002d5fd6
001c2094
0016bdac
00245fed
001f453b
0022d10a
0021792c
001f52fc
00201a6d
0017cd54
00201a6d
001ffeeb
001fc105
001c87bd
001e6247
001de67c
0019cdb0
0026f426
00206cf4
0026717b
00253c00
001a1957
00169468
0023012e
0026a19f
0026fb07
001d4f2f
002f7f25
0019f013
001cda45
002655f8
001e0fc0
0024f73a
0021d294
0024b274
002005cb
0019f013
0017f327
001e2b42
0028b32d
00296cdd
0026af60
001de67c
00227e83
00259c48
00261132
0020efa0
0018c85a
0023c89f
0019f6f4
001fa583
001dfb1e
001bb96b
0023080f
001b5c93
0017aaf1
0028073e
00237618
002315d0
0022175a
001c655a
001b4481
002ba7af
002db25d
001f0075
001cf5c7
00264837
00267f3c
00209638
0025eecf
0026d1c3
0020b1ba
001b9de9
00267f3c
002005cb
00183b5d
0016ff02
0019a46d
0022a0e6
002897ab
001dcafa
0028dc71
00272b2b
0023a63c
00250bdc
00214fe8
00249dd2
00263a76
002701e7
0021bdf2
00244b4b
001ffeeb
002905b4
001f0075
002a7ff5
0015436b
0024c716
00200cac
00242fc8
001eb4ce
0017e1f6
00262cb5
001f9ea2
00263a76
002202b8
002315d0
001cb101
00185dc0
0021b031
00280e1f
00247b6f
00195556
002156c9
002bf356
0028d590
001d560f
001c5e7a
00210b22
001e8b8a
002814ff
00228c44
002c07f8
002a5d92
0021a26f
001c5799
0021f4f7
0023e422
0021724b
002005cb
002194ae
0026e665
00257305
002a4210
002cdd2a
002bae90
0023bade
00255782
002663ba
001d7872
001d25eb
0024ab93
002829a1
002d7b58
001e76e9
001a9c02
00212d85
0028073e
00261132
002ec575
002852e5
002118e3
0017888e
0018dcfb
0018acd7
001e3903
001e4da5
00221e3a
001eaded
001ca340
0021d974
00202f0f
001a3bba
002d142f
0021b711
001a2718
0029b884
001a72bf
002cf1cc
001743c8
0024c035
001e4da5
001c957f
0027d039
001f22d8
00293cb9
00232391
002a18cc
001d1149
0022b587
0022fa4d
00158ba1
00283e43
002625d4
0027a015
0021e055
0026a19f
001f1bf7
0029ef89
0015e199
00240d65
0023cf80
001f0075
0020282e
00187262
001b221e
00281be0
0022f36d
002a48f1
0021792c
002c07f8
0025275e
0024ab93
00270fa9
00220998
001a0f06
00260a52
001d5cf0
00271689
001b032b
002890ca
002d5fd6
0021724b
00240685
001d4f2f
001daf77
001fb344
00221e3a
001bdbce
001d7872
001b0a0c
00205172
0027ebbc
0024d4d7
001c50b9
001ca340
00228c44
002c6f21
00300f92
00267f3c
00246dae
00210b22
0021b711
002c615f
0028c0ee
001c80dd
002202b8
0022decb
0028a56c
0028073e
00291a56
001e08df
001d3a8d
001c655a
0020138d
0028a56c
001b0d7c
0028b32d
0024748e
00283e43
00233152
001abaf5
0020282e
001d560f
001add58
00260a52
001f0e36
001a8761
00272b2b
00238aba
00271689
0012a4e1
002746ad
0028005e
001d0388
00279935
00233f13
00154a4c
002270c1
0025cc6c
002b39a6
00239f5c
001ceee6
0022251b
00180b39
001e08df
0025351f
001ea02c
0015fd1b
0020c65c
001e6927
002579e5
0025207d
001ed731
0020e1df
001f7c3f
002a7ff5
0025275e
0021648a
001aa2e3
001a505c
001b36c0
001b2fdf
002905b4
002973be
0027d039
0027c278
00328168
0018d98b
001a6f4f
00205853
001bb28b
0027c278
001dbd38
002897ab
001abe65
0015738f
0026861d
00230eef
001dc419
002269e1
0023ad1d
00219b8f
0026b641
002035f0
001d1f0b
002043b1
002814ff
001f3779
00237618
0029ef89
002bae90
0024b274
001cc5a3
0022553f
001b8267
001ab415
0024b954
001ebbaf
0025351f
00243d8a
001f0755
001ce806
00233152
001a72bf
001773ec
00184fff
0027c278
0027d039
0027d039
001724d5
001c80dd
0020fd61
0014fb35
001ceee6
002ae03e
002ab01a
0026a19f
0025da2e
001bc72d
0020b1ba
001724d5
00242207
00276230
001d560f
001f97c2
0026861d
001d0a69
001ae7a9
0027b4b7
002b1743
001f755f
0015e509
0018fbee
00195fa7
0023ffa4
002ceaeb
00214908
0022553f
002e2747
001ffeeb
002af4e0
0020bf7c
002738ec
001bc04c
0025207d
0023a63c
00305458
001fe368
00225c20
001e4da5
0018acd7
0027c959
001e4da5
00203cd0
0018c4e9
001b5923
0016e37f
0025b0ea
001eaded
001d3a8d
002239bd
0019eca3
00158ba1
00261ef4
0021e735
002b4086
00232391
0021d294
00252e3f
0020e8bf
00191400
00222bfb
002b0981
001c49d8
00193663
001a4cec
002a56b2
001fac64
00228c44
0026cae3
0022a0e6
001b8947
001c5e7a
0026bd21
0022409d
001f8a01
001b6a54
001e3fe4
002c0ed8
002dd4c0
00188a74
001d560f
0019e933
00275b4f
001ae0c8
00170cc3
00283e43
002466cd
00276910
0021e055
0017bf93
001988ea
002073d5
001a3169
002aa258
001b032b
0016cede
001940b4
00276910
002814ff
0019cdb0
00271d6a
0026c402
00260a52
0023d661
001c2094
001b9de9
001894c5
001df43d
001d7f53
0027546f
0027add6
001724d5
0021c4d2
00204a91
002428e8
001c2775
00193d44
002b7e6c
0025aa09
002a6473
001ec28f
00304697
0016ac7b
002194ae
001b3a30
002315d0
001ded5d
00264157
0021b711
002194ae
0025275e
001c655a
0018c4e9
0026861d
0029439a
001e4da5
001be2af
00261ef4
001df43d
002232dc
00246dae
001da1b6
001e7dc9
00283e43
00204a91
0028f7f3
00236176
001f8320
001ec970
0026f426
00264157
00208f57
002d6d97
001856e0
001b7816
0022251b
001e76e9
0020c65c
001ab785
0025b0ea
002b2be4
0025c58c
001ed731
0021b711
002118e3
0017de85
0027546f
001fd5a7
0018e06c
0021f4f7
002239bd
002776d2
0017fd78
002a0b0b
00208877
00208877
00215da9
00286e67
001af1fa
001f90e1
001773ec
0020a3f9
002c9f45
002c9864
00249dd2
001c5799
001d7872
00255782
0023a63c
001e8b8a
00195c37
001fd5a7
002b2504
00219b8f
0028fed4
001f7c3f
002428e8
002c615f
001d182a
00241b27
0029f669
002d0d4e
001e46c4
00208877
0020cd3d
0026bd21
00239f5c
00241446
001c2775
0018c4e9
0023080f
00232a72
0025a329
001ede12
00193663
00240d65
0023c89f
001a429b
001b74a5
002315d0
0027a015
00199a1c
0024446a
00267f3c
0021cbb3
00236f38
0028ceb0
001ceee6
0028ac4d
001b145d
0015ae04
0023f1e3
001fd5a7
001a460b
001bce0d
002a86d6
001a3169
0022a7c6
002663ba
00200cac
0024ab93
002277a2
0019fa64
0018f87e
001856e0
001f7c3f
0017a780
0019e933
00178f6e
001489bb
0029dae7
0025cc6c
001ce806
0029b884
003190b3
0020138d
00220998
0024a4b3
001fea49
00206614
00276230
002186ed
001dcafa
00208877
00166b25
0027e4db
001d416e
00189f16
0018b048
0021b711
001df43d
00195c37
0014ce81
0029ef89
0027f29c
0022ca29
0026e665
001e3223
00261132
0018e3dc
0026bd21
001e3fe4
00245fed
002436a9
0027d71a
001c49d8
002118e3
0027f97d
00291376
001ef994
00194e75
00210b22
002701e7
0026ed46
0019fdd5
001e2b42
0021e735
00219b8f
0027ddfb
001800e8
001e3903
001a9522
001f0075
0025351f
002b4e47
0016e6f0
002b02a1
00239f5c
001ed050
0018a5f7
0018cbca
0021f4f7
0026a880
001de67c
00215da9
001e84aa
001cbec2
001dfb1e
002bc332
001d7872
001611bd
001a9c02
001d33ac
00189835
002ee7d8
00186131
00233833
001ce125
002e80af
001e7dc9
001bfe31
00286e67
001ec970
002829a1
00155eed
00232391
001b5242
0025d34d
001ed050
001e8b8a
0018310c
002ab6fa
001f3099
0027244a
001ac546
001e4da5
002270c1
0021792c
001fd5a7
00211203
00211fc4
0026e665
0026a19f
0020fd61
0021d294
002905b4
00237618
001e76e9
002ae71e
00239f5c
001a9892
00209d19
001a34d9
00259568
001ee4f2
001ca340
0017bc22
00205853
00207ab6
0020e1df
00292ef8
0023012e
001cf5c7
0023987b
002043b1
001fba25
002c539e
0022b587
0022ec8c
00242207
001cb101
001c19b4
001d0a69
0025f5b0
00271d6a
0020138d
001b47f1
0018b048
00299d02
002549c1
001e7008
002663ba
0027c959
001c9c5f
002e508b
001fd5a7
0022bc68
001f3779
0023919b
002ca625
001f3779
002005cb
0018c4e9
00268cfd
0028b32d
00204a91
001958c6
0020c65c
001bc72d
002d9dbb
0026d1c3
001f7c3f
001a1cc7
002202b8
001c957f
001e76e9
001ba4ca
001c50b9
00229a05
00258e87
001c2775
001eb4ce
002a18cc
0026717b
0021648a
002579e5
00266a9a
0025199d
0029aac3
0015580d
00229a05
0028005e
001a762f
0022553f
00221e3a
0023bade
0024fe1a
0027546f
002428e8
0025e7ef
002270c1
0022d7ea
001c49d8
0017ae61
00241446
002889ea
0026b641
001caa20
001875d2
002897ab
001af1fa
00177e3d
001e6927
00215da9
001ffeeb
00238aba
0027f29c
00182a2c
001b6dc5
0022409d
00259c48
0020dafe
0021ee16
00261ef4
0022fa4d
0015b855
002ad95d
0024f73a
001e3223
001dd1da
001aa9c4
00193663
0026e665
001caa20
001bf751
0023bade
00256543
0027a6f6
001a8080
001f1bf7
00228563
001b9028
001969f8
001a460b
002b778b
002f7164
0024590c
0023012e
00233f13
0023ffa4
001e1d81
0026b641
00205853
00241b27
00180459
002580c6
001a9c02
0029cd26
001622ef
0025e10e
002587a6
0026861d
001f9ea2
0026a880
0019cdb0
001f90e1
0020f680
00230eef
00256c24
0021d294
00208196
0020fd61
0021e055
00236f38
001acc27
001af1fa
0028ea32
0023ffa4
0018e06c
001e2b42
00183b5d
0025a329
00194e75
00272b2b
001bce0d
001ccc83
001fcec7
0020fd61
002b62e9
00263395
00291376
001c2775
00287c28
001d63d1
001cc5a3
001afc4b
002c0ed8
001dcafa
001a64fe
001af56a
0029e1c8
0025aa09
0025d34d
0025351f
001996ac
002aa258
00304697
0021648a
0019cdb0
002436a9
001845ae
002b8c2d
00228563
00191090
002852e5
001969f8
0025199d
0021a26f
0020c65c
0020c65c
00265cd9
00196317
001b5242
0023eb02
002f1edd
002bec75
0023080f
0016a90a
0021b031
002a7915
002ac4bb
002496f1
001bdbce
0020e1df
00233f13
0027e4db
0024cdf6
0023bade
0018ff5e
00219b8f
0025275e
0023d661
0026bd21
00268cfd
001e5b66
00239f5c
0021ee16
0019a7dd
001c5799
0024590c
0022d10a
001acf97
0028b32d
0022fa4d
001ce806
002708c8
00195fa7
00271689
002118e3
001584c1
00220998
001a618d
002512bc
001a497b
002b5528
001b1eae
0025c58c
001b3a30
0020e1df
0028b32d
001bf751
00214227
00230eef
001f755f
00261813
00216b6b
001d182a
001be990
0023919b
00265cd9
001c0512
0023987b
002c7ce2
001f8320
002f4140
002a9b78
001e3903
0023ad1d
00232a72
001fa583
001fcec7
00164552
001a8080
00208196
002aa258
0023b3fe
002e9c31
0019e5c3
00208f57
0015dab8
00175189
00247b6f
001e76e9
0021648a
00170272
00248930
002c6840
001a0b96
002a0b0b
00238aba
0021648a
001648c2
0029dae7
0025fc91
0023b3fe
0024446a
0026df84
0022175a
0023f8c4
00287548
001c19b4
0020d41d
0024f059
00267f3c
00270fa9
0016c48d
00191ae1
001f7c3f
001ee4f2
0023ad1d
0026bd21
00235a96
0025b7cb
00233833
001fc105
001a8ad1
0016ba3c
00256543
00299d02
001ae7a9
00260a52
00212d85
00183b5d
00205853
0025cc6c
002550a2
002708c8
00281be0
001a762f
00202f0f
00170953
001940b4
002550a2
0025d34d
002859c5
001a9522
001f0075
002ba0cf
002232dc
002496f1
00261132
00242207
0021c4d2
001b3da1
0021724b
002428e8
00310047
001e6247
00221079
001da897
001e3903
0018e3dc
001f755f
00157a70
0021e055
0029b1a3
0029dae7
001fc7e6
001864a1
0018fbee
001d416e
00299621
001a1cc7
0026e665
00253c00
001ede12
00201a6d
00237cf9
00240d65
00298860
0026df84
001800e8
00181c6b
0020a3f9
002bdeb4
00171df4
00195556
00214227
0022b587
0027c278
0027ebbc
002580c6
00209d19
00286e67
0020efa0
0018ff5e
00202f0f
0017cd54
001bb96b
0027e4db
002e508b
0017aaf1
0025e7ef
0027bb98
0029dae7
0023bade
001fd5a7
001abe65
0021ee16
00283762
00212d85
0028f113
00286787
001ddf9b
001902cf
0022d7ea
001d93f5
0019f6f4
001a0b96
001f60bd
00241b27
00221079
0029e8a8
00257305
001bf751
00172f26
0018b048
0028d590
001f97c2
002a9b78
00173977
002cc888
001f29b8
001da1b6
001f52fc
001fc105
002965fd
002466cd
001686a7
001eebd3
0027d039
002496f1
0019aebe
00167205
002a7915
001fe368
0027add6
001ce125
00214fe8
001b9de9
0019e252
0027ddfb
00276230
00185a50
0018c179
00262cb5
001fba25
00167576
001a8ad1
002a9497
00273fcd
002383d9
001c655a
001ef994
0020e8bf
001d182a
002ad95d
001dc419
0018b048
001bb28b
00246dae
0028c0ee
00255782
0024cdf6
0029bf65
002466cd
002549c1
00286787
001add58
0022bc68
00205853
001e3fe4
00284c04
00208877
002a7915
00283082
002383d9
001eebd3
0021bdf2
00216b6b
0023080f
0015b175
001f3779
002186ed
0025351f
001d7192
0014bd4f
0020214e
00264f18
0020fd61
001f8a01
00239f5c
00283082
001b66e4
001f453b
0026f426
00244b4b
002ff40f
001bb96b
001ed731
0029d406
00228563
001b9de9
001ddf9b
00249dd2
001fdc88
002c0117
0022a0e6
00245fed
001f52fc
001705e2
002579e5
00168a18
0020dafe
00212d85
0027c278
0021c4d2
002663ba
0029583c
002587a6
00180b39
002d3692
001d6ab1
002d3d73
001b8947
0028073e
001bc72d
002dc01e
001f1bf7
0024dbb7
00257305
002a6b54
002b4086
00194424
0025b0ea
0024ab93
001856e0
0018eabd
00229324
002a7ff5
002d66b6
0025a329
001be2af
002d28d1
00208196
00198fcb
001fe368
00204a91
001c2094
001ddf9b
001ed731
001ec28f
002bae90
00264157
00188a74
0025f5b0
0028f7f3
001b9de9
00256543
001df43d
0029439a
00292ef8
002829a1
0018f87e
00283762
0023987b
0027e4db
0022d10a
002202b8
001d6ab1
002512bc
00214227
002cdd2a
00290c95
0025f5b0
002315d0
0025d34d
0023987b
0019d491
0026d8a4
0023c1bf
00185a50
00237618
0025e10e
0024a4b3
002073d5
001cf5c7
0022bc68
00227e83
00176d0b
0024d4d7
0023eb02
001d93f5
00194424
001f97c2
001ba4ca
0023ffa4
001ebbaf
001f52fc
0026e665
002c5a7f
00231cb0
0023c1bf
0026a19f
0019820a
00261ef4
0026785b
001b032b
0023ad1d
00208f57
001864a1
0024748e
0021f4f7
002b4e47
001cda45
001f8320
001e84aa
002a18cc
002829a1
002126a5
001e5b66
00260a52
002859c5
0025b7cb
00209d19
00269abe
0020138d
0024cdf6
002a344f
00246dae
001724d5
001e4da5
001b47f1
001d8d14
002c9184
001a2038
00297a9f
001a6bde
002a1fad
002315d0
001df43d
0019857a
0018c85a
002436a9
0025b7cb
002a9497
001ca340
0023bade
0028a56c
001ab415
0017bf93
001e0fc0
002542e0
00176d0b
00249dd2
00263a76
0020aada
002dcddf
002579e5
002345f4
001ae7a9
001762ba
00211203
002bae90
00275b4f
0026a19f
0016265f
001f8320
002bec75
001ec28f
00208877
001d182a
0023ad1d
001dd8bb
00246dae
0020fd61
001b9028
002504fb
0026df84
0019d491
00212d85
0028a56c
00228c44
0029e8a8
0020bf7c
001b145d
002b39a6
001f679e
002194ae
001d6ab1
001b8267
0026e665
002935d9
0022bc68
001e3903
00188de5
0034104b
00276ff1
0020b1ba
001b6dc5
00291376
00197b29
00216b6b
001fa583
001e7dc9
001b6dc5
0028e351
00263a76
0027a015
0019b59e
00182d9c
00232391
0016d92e
00174aa8
001ffeeb
0022f36d
00192f83
00242207
0020e1df
0026a19f
002a9497
00230eef
001be990
002e12a5
002270c1
001e76e9
002701e7
001abaf5
001f9ea2
00248250
001a9f73
00208196
002587a6
001fba25
001fba25
002b99ee
00209d19
0028ea32
001d7f53
001a04b5
001f8a01
001875d2
0019820a
003507e1
0023ffa4
00205f33
0026c402
0020dafe
0018b728
001e6927
001f6e7e
0019d801
0029fd4a
002c9184
0020e1df
002270c1
0017c9e3
00219b8f
001d5cf0
00224e5e
00202f0f
0019bc7f
001ddf9b
001fd5a7
0018a5f7
0023cf80
0019d801
002afbc0
0023f8c4
00202f0f
001ded5d
002cbac7
001abaf5
002bdeb4
001d8d14
00261132
001bce0d
001dcafa
0016fb91
00291376
001b7ef6
00237618
00225c20
0029583c
002549c1
001d7192
001845ae
0024a4b3
002708c8
0025da2e
0021724b
001bf070
0024dbb7
002b5c09
001a2038
0022a0e6
00275b4f
00233f13
00201a6d
001df43d
002ebe94
0026fb07
00187cb3
0017c673
0028dc71
0027d039
00173296
001b5923
0021a950
0020214e
00269abe
0022b587
0028f113
002a48f1
00200cac
001ce125
00180459
00196d68
002bdeb4
00264f18
001cd364
00279254
002579e5
0027d71a
00228563
002542e0
0025e10e
0024e298
001e3fe4
001f3779
0023012e
001690f8
001894c5
00197b29
0027f29c
001951e6
001f755f
001c957f
001969f8
002a7ff5
00266a9a
0017f697
002625d4
0020d41d
0021e735
00241b27
0021724b
0018536f
001cd364
00222bfb
001e08df
00215da9
0027c959
001fac64
0024fe1a
0026ed46
001fa583
001ede12
0031a555
001d8634
0017f697
002829a1
001d7192
0026fb07
002d0d4e
001970d8
0024f059
0024748e
00224e5e
00230eef
00243d8a
00216b6b
00235a96
0016d5be
001a0b96
002a268e
001bce0d
001c957f
0024c035
001f0755
00175bda
0024748e
001e5486
00167c56
001abe65
00278b73
002829a1
001ccc83
001e6927
001ede12
0022bc68
001e3903
0027244a
001a9f73
00283762
0025cc6c
002890ca
001b9708
00270fa9
001bf751
0029aac3
0020214e
00205853
001a686e
002d0d4e
002708c8
0024748e
00201a6d
0023c89f
00197b29
001fba25
00238aba
001f0075
0025199d
001a5e1d
0020fd61
00215da9
0028ceb0
002383d9
0028f7f3
00255e63
001e01fe
00186131
001a23a8
001b5242
002c1c99
002ff40f
00256543
00265cd9
00261132
002f25bd
0022d7ea
0021800c
0028fed4
0023dd41
001eebd3
0027d71a
002504fb
0023ffa4
00275b4f
0021a26f
001b7ef6
001f4c1b
001fac64
0026cae3
001fcec7
001d6ab1
0028c7cf
0025351f
002701e7
0028d590
0021bdf2
001f8320
001a15e7
0015f63b
00214908
00245fed
002935d9
001c0512
001792df
002e9c31
0026ed46
00180ea9
00240685
002bfa36
002ab6fa
00235a96
0024ab93
002cd64a
0023b3fe
001875d2
001d1149
001f0075
0025b7cb
001ff80a
0029583c
002625d4
0028b32d
0017b542
001b4ed2
001bdbce
001b221e
0029a3e2
00228c44
00210442
0025eecf
001f0755
0017c9e3
00228c44
002c0ed8
00196687
001ae439
001bc72d
0024590c
001f453b
001ef2b3
00170cc3
00205853
001ebbaf
001d63d1
002466cd
001eebd3
001f0075
00236857
002c237a
001940b4
0025d34d
0023c1bf
001d0a69
001c8e9e
0018a5f7
002e9551
001af1fa
001d63d1
002126a5
00213466
001bfe31
001d7f53
001c655a
001a9c02
0023d661
001f1bf7
002860a6
0027244a
00226300
00241b27
00220998
001ba4ca
002ceaeb
0017d7a5
0022ca29
001c42f7
002ebe94
0022c349
0022a7c6
0019e5c3
00229324
0027f97d
002e2747
00281be0
00214908
00284524
002436a9
001b6dc5
002156c9
0024fe1a
00195556
00211fc4
0027c278
001a8080
0023c89f
0025e7ef
002a268e
002345f4
00176d0b
00208196
0027b4b7
002345f4
0025da2e
00263a76
001fd5a7
0019e5c3
002b62e9
0029b884
001d2ccc
001a8080
002889ea
0026d8a4
0022fa4d
00271d6a
002ba0cf
0029817f
0024d4d7
0021fbd7
0024ab93
0024e298
001a6bde
001ec28f
0024748e
0017fd78
0022251b
00281be0
001f4c1b
002126a5
0014b9df
0024b274
001ea02c
00305458
0027f97d
001e3fe4
0027c278
0023eb02
002a4210
001d1f0b
0027ebbc
001fea49
0020cd3d
0019b59e
00256c24
002776d2
00208196
0020c65c
00256c24
0028ac4d
001db658
00283e43
00264837
002580c6
00261813
002bbc51
001996ac
001e3fe4
0026a880
00224e5e
001d9ad5
0019fdd5
002202b8
001d63d1
00233f13
0017888e
0020dafe
0024fe1a
001ede12
001c2e56
001d9ad5
00240d65
00281be0
001be990
00234cd5
0019933b
001b8947
00173607
00297a9f
002d21f0
0025da2e
002186ed
0026fb07
0029fd4a
002ba0cf
00278493
00260a52
001e0fc0
0025d34d
002935d9
0017bc22
001a2718
001d484e
00291a56
002a7ff5
0019b59e
001e3fe4
0019dee2
002a344f
00262cb5
001b36c0
001be2af
00264837
00261813
001fe368
002746ad
001f0075
00233f13
001fd5a7
002859c5
0021f4f7
00208196
00210b22
0022bc68
001d0388
00276230
001a8e41
002965fd
00273fcd
002239bd
00187262
00234cd5
0018b3b8
001cb101
00307d9b
001c12d3
001d5cf0
001aa653
002bfa36
00208f57
001af56a
001ff80a
002542e0
0028f113
0027c959
0017c9e3
002194ae
0022251b
0025cc6c
001754f9
00200cac
002a7234
00213466
00278493
0027add6
001b6a54
0020aada
001c8e9e
0018e06c
00244b4b
00166e95
0017e8d6
0024cdf6
0017b542
00200cac
00259568
0017662b
001f8a01
0024590c
0022553f
001a4cec
0022aea7
00233f13
0025207d
00206614
001fa583
0021d974
00208f57
0023c1bf
001ea70d
00259c48
0026df84
001f4c1b
001a7d10
0021724b
00278b73
001f0075
001bc72d
001a2df9
001eebd3
001c0bf3
0016ff02
002b1743
0017f697
001ebbaf
00237cf9
00211fc4
001a8e41
0018b3b8
00283e43
00271689
0027f29c
00237cf9
0029515b
001c655a
002126a5
0020efa0
001b8267
001e1d81
001e84aa
00283082
001af8db
0021f4f7
002935d9
001a04b5
00297a9f
00281be0
001af8db
0020fd61
001b66e4
00269abe
00284c04
002b854c
0028ceb0
0021792c
0021c4d2
0019e5c3
001a618d
0028a56c
0025a329
001f3099
001e76e9
00236f38
00259c48
0027320c
0028d590
00219b8f
0018c179
0020fd61
0024748e
001ded5d
001d0388
001f453b
0017586a
001e3903
002bc332
001dc419
0029b1a3
002f7164
001dd8bb
00183b5d
002aa258
00269abe
0025207d
0017bc22
00211fc4
001c49d8
001a0f06
0021cbb3
002cdd2a
002ea312
00260371
001de67c
001b4ed2
001b6374
001db658
00213466
00181fdb
0018536f
001ab415
002cff8d
0027d71a
0019f013
00172165
0020b1ba
00218dce
0027add6
002889ea
0026785b
001c957f
002b5528
0025f5b0
001a5aad
001ff80a
00260371
0027ddfb
002859c5
001f97c2
002428e8
001988ea
002b1743
002965fd
00253c00
0022d7ea
00235a96
00232391
002a6473
00204a91
002118e3
00240d65
001dd8bb
0023080f
0027e4db
001d7872
001dd1da
002625d4
00238aba
0021ee16
0027c959
0029aac3
0025f5b0
0022fa4d
001c12d3
00210b22
00175189
002126a5
00270fa9
001b66e4
0022fa4d
00208f57
002a042b
00164552
00193663
0026cae3
00205853
001be2af
001c8e9e
002a86d6
0022decb
0026861d
00283082
001eebd3
00204a91
00186ef2
001a8ad1
00208f57
00297a9f
001ea02c
001e7dc9
002269e1
001add58
0023f1e3
001babaa
001f6e7e
002186ed
002738ec
001b5c93
00226300
001f8a01
00289e8b
00210442
001ac1d6
002abddb
001a72bf
001f22d8
0023b3fe
00292ef8
00208877
001ab785
00252e3f
002eb0d3
0018cbca
0027e4db
00232391
002e1986
001bc04c
002aedff
00227e83
002d7b58
0023a63c
001e0fc0
00189835
0025b7cb
002acb9c
00219b8f
0029b884
001fb344
0020a3f9
0027d71a
001bfe31
0023919b
002ce40b
00165313
001958c6
002b2504
00245fed
00248250
0029b1a3
001d9ad5
002073d5
001ea70d
00236857
001f8a01
001b6dc5
001fa583
00264837
00180b39
001928a2
0017de85
00166444
001cbec2
001ef2b3
001d1f0b
00237cf9
001a6f4f
0018423e
00233f13
001bc72d
002a9b78
00238aba
00203cd0
00201a6d
002b70aa
0021792c
00273fcd
0022e5ac
001ed050
00191400
002c07f8
0028fed4
00246dae
001c49d8
0025b7cb
002935d9
0021800c
001611bd
002bfa36
002428e8
002860a6
00256c24
0015ae04
002a48f1
00177acd
00276910
002693de
002542e0
0028dc71
00233833
001df43d
0017a0a0
0020b89b
0021cbb3
00261ef4
001ac546
002bbc51
001fe368
0018423e
0026d8a4
001dbd38
002118e3
0024f73a
0024cdf6
0023d661
002b0981
001e01fe
0025351f
001c5799
001a3169
00196317
001b4b62
0020a3f9
002156c9
00191e51
0024fe1a
002a7915
0029fd4a
002814ff
00216b6b
001cfca8
0026ed46
0020c65c
002a48f1
002b5c09
001f679e
001ede12
001f3099
001e7008
001ce125
0021648a
001b1eae
002b7e6c
002b2be4
001c19b4
0022175a
0027d71a
00189155
0025aa09
0017a410
001d33ac
00288309
001f4c1b
002c9f45
002935d9
00276ff1
0025b0ea
00213b46
0017de85
001f8320
001c957f
00286787
0026f426
002b930d
0026a19f
001bdbce
001f679e
00188a74
002efc7a
001e46c4
0029aac3
00240d65
00206614
001f453b
001d25eb
0020e8bf
0025da2e
00284524
002aedff
002693de
001fac64
001b74a5
001a6f4f
002466cd
00289e8b
002043b1
0018a5f7
002e878f
00208f57
001a72bf
001affbb
0026a19f
002889ea
00288309
00185a50
001f90e1
001f97c2
0020cd3d
001fc7e6
001807c9
001622ef
001ca340
002353b5
001b0d7c
0022decb
002b930d
0020138d
001c42f7
001af1fa
00230eef
0025c58c
00292137
00202f0f
002035f0
001f679e
001bb28b
0027c278
00232a72
00185dc0
001595f2
001f453b
0025b7cb
003068fa
0023f8c4
0021bdf2
002b778b
001f3779
00169eb9
0028ceb0
001c8e9e
0020282e
001c2775
0020f680
00216b6b
001ea70d
0026717b
00260a52
00194795
0020e8bf
001ba4ca
001c8e9e
001ce125
00299621
0013c5ba
002b8c2d
0029c645
002035f0
002073d5
0027a6f6
001ad678
002542e0
0021d974
00233152
0025f5b0
00211203
002ccf69
0024590c
0021b711
001cc5a3
0018158a
00228563
0025cc6c
0028c0ee
001c957f
0023f8c4
0025f5b0
00271689
001f97c2
0025f5b0
00155eed
001659f3
0024f059
0019c6d0
00268cfd
002be595
002ba7af
002860a6
00212d85
001bb28b
0019e5c3
002b32c5
0015b4e5
001b6004
001f52fc
001dcafa
002542e0
00298f40
002b32c5
0019d491
001ec970
002277a2
001b145d
002a3b2f
002625d4
00246dae
001c2e56
00189f16
0018121a
0016265f
0028dc71
001da1b6
002ab01a
0023a63c
002738ec
001e0fc0
001de67c
001bc72d
001ae0c8
0028e351
0025cc6c
001e1d81
0024e298
0017699b
001f3e5a
0026ed46
001f0075
0027c278
0020fd61
00212d85
001d7192
001e46c4
002d4453
00283762
0028ac4d
001f4c1b
0023c1bf
002a9b78
001eebd3
001ebbaf
0020bf7c
0022bc68
0023e422
002c7ce2
00260a52
001f29b8
001e3903
00206cf4
001d0388
001ef2b3
002cff8d
001e46c4
00218dce
00203cd0
0018b048
0019fdd5
001e994c
0018234b
0021b711
00229a05
001add58
002194ae
001bfe31
00198c5b
0025d34d
002b0981
001f8320
001b5c93
0027e4db
00181c6b
00292137
00256543
0023919b
00226300
0025199d
0019ab4d
0016008c
0027add6
0028b32d
0024b954
001de67c
0021a950
0016bdac
002a6b54
001ee4f2
0023dd41
00264f18
002035f0
00241b27
0027c278
0020aada
0022decb
002579e5
0029e8a8
00187cb3
001c5799
001d1f0b
001db658
0023f8c4
001be990
002550a2
001f6e7e
001a3169
001ae439
0017c9e3
0023ad1d
001c19b4
0018e06c
0018491f
001c0bf3
0021800c
001ede12
001c957f
00225c20
001b1eae
001f679e
0015d748
002b99ee
00273fcd
00234cd5
00262cb5
001ebbaf
0018dcfb
002a11ec
00264837
001cc5a3
0023bade
00226300
001c80dd
0018f19d
001e76e9
001abe65
001713a4
001932f3
0017ae61
0018f19d
001e5b66
0028e351
0026e665
00211fc4
001e6247
0019f384
0017d434
001f97c2
001e3223
001fe368
0026d1c3
0019b22e
00197449
0025e10e
002550a2
0024e298
00211fc4
001e08df
001fdc88
001e7008
0018a5f7
0025cc6c
001e994c
002005cb
0020cd3d
001cbec2
00183b5d
0026df84
0028ba0e
0016afeb
00262cb5
001e6927
001cb101
001a2038
00220998
00204a91
002738ec
0026ed46
001cf5c7
001e76e9
002b2be4
0026861d
001e5486
001e8b8a
001c0bf3
0029515b
001e994c
001ef994
001ad9e8
0028ceb0
0029f669
002859c5
002549c1
0024b274
0024522b
001f1516
00206cf4
0021c4d2
00264837
00242207
002f25bd
001da1b6
002c539e
0027d039
001b8947
001e16a0
001b4111
001cb7e2
001f8a01
001ce806
001781ad
0025b7cb
0015de29
00261813
0027a6f6
0020bf7c
002a4210
00283762
001f3e5a
00195fa7
00255782
002ad95d
0023b3fe
002b854c
001de67c
001d7872
002822c1
00215da9
001e3223
00278b73
00189ba6
0024d4d7
0023e422
001b8947
00248250
00252e3f
0023919b
001f755f
001e3fe4
002466cd
002c0117
0028c0ee
0024b274
0024c035
00292817
00258e87
00224e5e
00261132
002cbac7
0031450d
00284524
00262cb5
001d7f53
0018b048
00210442
0025eecf
0025199d
002738ec
0014d561
0022b587
001c655a
00266a9a
002dd4c0
001f97c2
001705e2
00193d44
001b9de9
0028a56c
00286787
002663ba
00242fc8
001928a2
00228c44
0019b59e
00287548
00264f18
001c0bf3
001b6a54
0020c65c
001ed050
001d6ab1
002496f1
001d6ab1
00277db2
002889ea
00172f26
002aa939
002a4210
00233152
0027add6
00209d19
0022f36d
002186ed
001d416e
00195556
0018ee2d
0024f73a
002270c1
002b1743
00204a91
001d7192
002a11ec
001caa20
00208877
002a0b0b
001db658
00286e67
0018a286
00237618
001d0a69
001d5cf0
0023f1e3
00264837
0021a950
0024cdf6
0019f384
001b47f1
0023012e
002186ed
001caa20
002549c1
0019aebe
00199a1c
0022a7c6
00232a72
0017e566
001ffeeb
002973be
0021e055
002d8919
001743c8
002a56b2
001f8a01
0023ffa4
001da897
0018310c
00242207
001f90e1
001ebbaf
002b1e23
00284c04
002822c1
001ede12
001ceee6
002ceaeb
0029d406
0024a4b3
001c655a
001f1bf7
0024dbb7
00228563
0023dd41
001c3536
001d33ac
001b069c
00229324
001e5486
0018acd7
002e508b
001e76e9
0022d7ea
00171714
001f7c3f
0028ea32
0021f4f7
0027244a
001ac1d6
0019a0fd
00219b8f
0020aada
001bfe31
001a2718
001b145d
0029e8a8
00270fa9
001c6c3b
00283e43
0026e665
0027244a
0016cede
001c3536
0018b048
001909af
00194e75
00241b27
00188de5
002587a6
0027546f
0022fa4d
001f3099
001af8db
00243d8a
00255782
00227e83
0025207d
00292817
002550a2
001a8080
0023d661
0018b048
0028d590
001c80dd
002b854c
001d8d14
0017aaf1
00188704
0024e979
002ddba0
00215da9
001eaded
00290c95
0029dae7
002e12a5
001c50b9
002a18cc
002663ba
00239f5c
0017b542
001c3536
001e3223
0021a26f
0018c85a
0019d801
0020e1df
001c79fc
001ceee6
0028fed4
001ef2b3
0027ddfb
0028005e
001f22d8
0028ceb0
002935d9
0020aada
001fcec7
0029515b
0022ca29
0021648a
001a04b5
0028fed4
00208f57
001996ac
00227e83
00284c04
002035f0
00291376
00242fc8
001fea49
0019d491
0024748e
00209d19
00249dd2
0025d34d
0021a26f
001fe368
00276910
00262cb5
00236176
001ef994
001c2775
00264837
001bdbce
001db658
00276910
001a15e7
002b854c
002a4210
00177acd
0017fd78
00265cd9
00236f38
00294a7a
002acb9c
0028c7cf
00187cb3
001b1b3e
001f8320
001a0b96
002905b4
002a6b54
00264157
00287c28
002580c6
001d7872
00224e5e
001c2e56
002693de
001fba25
0019e933
0023cf80
001f1516
002708c8
001d6ab1
0017bc22
0024b274
0025aa09
0024a4b3
00166e95
001ffeeb
001da897
00240685
001d6ab1
001ae0c8
00229324
001b8267
001fba25
001a8e41
00241b27
001e1d81
001f4c1b
0020dafe
0019a0fd
0026a880
002186ed
0026d1c3
0025a329
0020aada
0026cae3
00206cf4
00276910
0028f113
00283e43
0025351f
00211fc4
0022e5ac
0020aada
001f1516
002a042b
0027ebbc
0024cdf6
001a762f
00188de5
001ea02c
001ded5d
002b4e47
001fd5a7
002973be
001b2c6f
001d0388
00199d8c
0028ceb0
00207ab6
0023c89f
002a2d6e
0025b7cb
00270fa9
00233f13
00242207
00247b6f
00288309
002fa188
0022d10a
00189155
00228c44
0021648a
00235a96
002466cd
00209638
0019a7dd
0023c89f
0019e5c3
00264837
001ef2b3
00205853
001db658
0022553f
0026af60
001af8db
001f52fc
00247b6f
0024b274
00256543
0021a950
001da1b6
001b7135
00240d65
001c957f
0023e422
0024ab93
002708c8
0020a3f9
0023012e
0024b274
002542e0
00236857
0020bf7c
0022ec8c
001d33ac
00195c37
001d33ac
0025fc91
0026fb07
001ca340
001c2e56
0021792c
00235a96
0022f36d
002c8aa3
001c42f7
002bb570
001ec28f
0020b1ba
00256543
001f60bd
001c3c17
002cc1a8
001d8634
0028c0ee
0027f97d
0022251b
001daf77
0021d974
001a0826
0022553f
0025e10e
00206cf4
001c731c
002693de
001c2094
00276230
00283082
001ce125
001a6f4f
001f52fc
002496f1
001fc7e6
0017a780
001babaa
002cdd2a
001837ed
002587a6
001d0a69
001ec28f
001abaf5
002ab01a
0020d41d
00236857
00160e4d
00298f40
002269e1
001ef994
001a3f2a
001a573c
001acf97
00188de5
001ebbaf
00231cb0
001a8080
00192f83
002f4140
0026bd21
002ba0cf
0023e422
001ea02c
00240685
00205172
0021a950
0020bf7c
001e16a0
001f1516
002aa258
001d93f5
001b2c6f
00174057
002ad27d
00288309
00221e3a
001eaded
0020cd3d
001c80dd
00261813
00255e63
00195c37
0028b32d
001ce806
001875d2
0015d067
002d8239
00196d68
0021792c
001e2461
002126a5
001ceee6
0023c89f
00299d02
001c0512
00266a9a
00190d20
001c87bd
002bae90
00286e67
00230eef
001f90e1
002035f0
002270c1
0020282e
0026af60
001dcafa
00235a96
001dfb1e
002579e5
001c50b9
001dbd38
002466cd
00171a84
002a7234
0021e735
0020b1ba
002e576b
0025da2e
00261132
0021648a
002a344f
0028fed4
002ba0cf
00264837
002a1fad
0024f059
001b9708
00271689
00239f5c
0020a3f9
001d25eb
00249dd2
0021a26f
001dd1da
001f453b
00221e3a
0020b1ba
001bb28b
001d6ab1
002b4086
0028f7f3
0024b954
0025207d
0022409d
00249011
0022c349
00208877
001e3223
0026d8a4
0027a015
0015d748
002a042b
001f8a01
001f0e36
00270fa9
0026b641
00274d8e
00228c44
002bc332
001c5e7a
001826bc
00214227
0026861d
00270fa9
001b8267
00275b4f
001e6247
002aa939
0023cf80
0022409d
0023919b
0025e7ef
002e3508
00287548
0032dad0
00261ef4
00242207
0024c716
0018d98b
0020282e
001686a7
0021724b
001f7c3f
0024e979
00221e3a
0021cbb3
00249dd2
00205f33
00289e8b
00199d8c
001eb4ce
0017775c
0026af60
002269e1
001bc72d
001d6ab1
0027f97d
0024f73a
001e76e9
002a344f
002852e5
0022decb
002c6840
001e3223
002512bc
0026e665
00287c28
001da1b6
001b221e
00271d6a
001b2c6f
0027546f
002b62e9
00291376
001f52fc
00255782
001bfe31
001a1cc7
00261813
0021cbb3
001c87bd
001e7008
00248250
001cc5a3
00214227
002a2d6e
00263a76
002a18cc
001e08df
00228563
001e4da5
00243d8a
00218dce
0025d34d
0028c7cf
002b7e6c
0029583c
001e1d81
00298f40
00194424
00197449
0026f426
002ca625
00240685
002965fd
001b221e
00233833
00214fe8
001b3a30
00243d8a
001df43d
0029fd4a
0027d039
00178f6e
002be595
00222bfb
0022175a
00274d8e
002bae90
00172845
001d7f53
0020a3f9
00233152
00208877
001af56a
0029ef89
002035f0
00227e83
0026c402
00248250
0027c278
001c2094
0027a6f6
002cff8d
001a762f
0020bf7c
002353b5
0029ef89
001845ae
0023dd41
002b2be4
00249011
001d0a69
0026c402
0028fed4
001ed731
001c3536
0025fc91
001fac64
00236857
0018be09
0025aa09
002126a5
00253c00
001e5486
0023080f
001a1cc7
00268cfd
0024f73a
001cfca8
0021a26f
001d4f2f
001d7f53
002a56b2
0015c616
0021b711
001e76e9
00293cb9
0018f19d
0024ab93
0020cd3d
00172165
002b778b
002c9184
002693de
001de67c
001b4b62
00256c24
001df43d
001c5799
00204a91
002693de
0019d491
001a8761
0028ceb0
002cb3e7
00261132
001958c6
0023a63c
0016f141
001c2775
001ed731
001d416e
00299d02
001e2b42
001fe368
002776d2
00255e63
001909af
00259568
002a86d6
002194ae
0022251b
0023080f
0023ffa4
0017c303
0028f7f3
0020e1df
001939d4
00293cb9
0022e5ac
001e7008
002043b1
002bca12
0022a7c6
0025e7ef
001c8e9e
001ae0c8
002542e0
001e8b8a
0019c6d0
001df43d
001bc72d
001b5c93
0018234b
0029f669
00290c95
0021ee16
00261813
0018c85a
00275b4f
001444f5
0019b22e
00213466
001ca340
0020214e
00286787
0022175a
001f0075
001cf5c7
001f7c3f
001ea02c
001a9892
0018c85a
0029817f
001ed050
001fba25
001f22d8
0022a0e6
00261ef4
002579e5
00232a72
0027320c
002889ea
001b221e
001ed731
0022553f
001d560f
001f3779
001ab415
001fcec7
0016ea60
0022a7c6
001ede12
002aedff
002c3efc
002738ec
002bbc51
0022f36d
002ac4bb
0024dbb7
001ceee6
00261132
0026cae3
00236f38
001e3fe4
001bf070
00229a05
001ceee6
00195556
00303fb6
00263395
0021bdf2
001f9ea2
001e3fe4
00191e51
00181fdb
00197449
0017662b
001ffeeb
0028d590
001c80dd
00255782
0029d406
00249dd2
00246dae
0020a3f9
00205172
00202f0f
001de67c
00283082
002156c9
0027a015
002e8e70
0021a950
0028f7f3
001d1f0b
002625d4
002af4e0
001d63d1
00211fc4
0019dee2
0023e422
002315d0
00163790
001ea70d
00203cd0
001c957f
002965fd
002126a5
001ed731
00280e1f
001fd5a7
0025cc6c
001ef994
00199d8c
0029a3e2
00228c44
001ef2b3
0028ceb0
00269abe
00292817
0023eb02
001b4481
0015dab8
00221079
0028fed4
0014e693
001ea02c
002ba0cf
00214227
002118e3
0029d406
001cda45
0027d71a
001daf77
001b7816
0014ea03
0023d661
001be990
0024d4d7
001f3e5a
002bfa36
00250bdc
002860a6
00279935
00157de0
0026cae3
001b5c93
001ccc83
00283762
0025f5b0
002043b1
002e0bc5
001ec970
00287548
001d0a69
002118e3
00227e83
00242fc8
001bc72d
001d0388
001aa9c4
001641e1
0029bf65
0028e351
0028073e
002cc888
002708c8
0028e351
0025d34d
002c83c2
0022251b
001f9ea2
00214227
0029b1a3
001e01fe
00210442
0018ff5e
00261813
001be2af
001cbec2
001fdc88
0021a950
00205172
002c5a7f
001ec970
0022a7c6
00227e83
00205f33
0024cdf6
002353b5
0026d8a4
002dc01e
0020138d
00229324
00261813
002625d4
001ac8b6
00205853
001c0512
0020a3f9
001d2ccc
002738ec
001d7872
001dd1da
001e2b42
0019a7dd
0026861d
002b62e9
00222bfb
0029515b
0020f680
001d25eb
002496f1
001c957f
001fb344
00248250
002bca12
00265cd9
002043b1
0018ff5e
0026fb07
00220998
001ddf9b
001ee4f2
0028005e
00283082
001cc5a3
0029f669
00232a72
002587a6
001ca340
001f90e1
0019a7dd
00270fa9
002655f8
001e76e9
00193d44
001f3099
002d0d4e
0018d2ab
002504fb
0027546f
00264837
002118e3
00214227
002738ec
00210b22
0028005e
001d2ccc
001dbd38
002043b1
0026fb07
0021792c
0025e10e
0025a329
002a4210
0029fd4a
0028ea32
001fdc88
002043b1
001ea02c
0022477e
001de67c
001754f9
001792df
00250bdc
001e6247
00212d85
00209d19
0027546f
001a04b5
00211203
0021e055
001894c5
0023f1e3
001d33ac
00196d68
002d066e
00188704
00245fed
00219b8f
00246dae
00205853
00286e67
0020b1ba
001875d2
00260a52
002655f8
001e926b
0021792c
0029a3e2
0017b542
002202b8
002663ba
0023ad1d
002550a2
0018a286
0025e7ef
002496f1
001ee4f2
001e2461
0018a5f7
001fe368
0023919b
001aee8a
0021e735
0027bb98
001add58
002b70aa
0020282e
00248930
001845ae
00228c44
00237cf9
001e7dc9
0025a329
0022d7ea
0024d4d7
0026861d
0019e252
0022a0e6
001e5486
001caa20
0023dd41
002587a6
0024590c
0023e422
001d63d1
0021a950
001c42f7
0026b641
0027c278
0025f5b0
002383d9
0028ba0e
0027244a
0025e7ef
0021d294
002973be
00207ab6
001a83f0
00292137
002860a6
00284c04
001df43d
001f0e36
002549c1
0019fa64
001f755f
001ea02c
00215da9
002277a2
0024c716
00220998
001e3903
001f755f
0018fbee
00269abe
0016fb91
00279254
001dd1da
00231cb0
00295f1c
00233152
001ccc83
0017a780
0020b89b
001ddf9b
00195c37
001b9028
0029e1c8
0023ffa4
0028ac4d
0029ef89
002c0ed8
001a573c
0022d10a
002c381c
00231cb0
001c19b4
001d9ad5
001c2e56
0021b711
001cfca8
001c12d3
0026c402
001e6247
001565ce
002d8ffa
001e3223
0022251b
002dab7c
001c957f
0026717b
002345f4
002bbc51
00283082
00237618
001d3a8d
001c87bd
001a497b
0017d0c4
002ab01a
0024fe1a
002035f0
00211fc4
001ede12
00258e87
001f8a01
001dcafa
0024e979
0018e3dc
0021b711
0021f4f7
00232a72
0024fe1a
002a4fd1
001acf97
0017662b
001c3536
002dd4c0
00279935
00203cd0
00276ff1
001b1b3e
001c87bd
00283082
002c615f
001e8b8a
0021e735
0029583c
0024e298
001a9522
001762ba
002a4fd1
0022bc68
0028073e
00283e43
00286787
0021d974
002186ed
0024522b
001bf070
0025da2e
0025eecf
001b9de9
001ed731
00252e3f
00276230
001a6bde
001a3169
0020c65c
001a9522
0028f113
00249011
00253c00
001c957f
001f755f
002890ca
00228c44
001c2e56
0021800c
00278493
00283e43
001cc5a3
002965fd
002e42c9
00241446
00259568
0023c89f
001e7dc9
00237618
001f97c2
001cfca8
002a0b0b
0025e7ef
0028dc71
001fd5a7
00180459
00242fc8
001f1bf7
001cfca8
0024c035
0023c1bf
001e8b8a
00264157
001c2e56
001bf070
001f6e7e
0024dbb7
0021724b
00275b4f
001fd5a7
0024c035
00244b4b
0020dafe
00202f0f
00193d44
0021a950
00283762
00248250
001c6c3b
001fcec7
00246dae
001ede12
0027f97d
0029a3e2
001de67c
001e7008
0026a880
00293cb9
0016189e
002a18cc
001d2ccc
001acc27
0020f680
00212d85
001e6927
0024c716
001ce806
001afc4b
0024b274
001c6c3b
0017fa08
00267f3c
0021cbb3
001dcafa
002239bd
001ee4f2
0023dd41
002abddb
0029515b
001bdbce
001b6dc5
002814ff
001a8ad1
00233833
001f8a01
001e6247
001c87bd
0017888e
002a56b2
0025e7ef
0023919b
002a268e
0025351f
001ceee6
0026cae3
001ae7a9
001aa2e3
0017bc22
0015549d
0024748e
0025a329
00203cd0
0024522b
001713a4
0021648a
00296cdd
00294a7a
002708c8
001c655a
001902cf
001c80dd
001a83f0
0019bc7f
001c12d3
001d4f2f
0019e252
00240d65
001dcafa
0021bdf2
0024446a
001a9f73
0025beab
00224e5e
00286e67
002663ba
001be2af
0029c645
002194ae
002b1062
0026c402
0020dafe
001fcec7
0029583c
001db658
001d9ad5
00236f38
002269e1
00221e3a
001e3903
001d484e
00279254
00229a05
001e8b8a
00216b6b
002d28d1
002b69ca
0021e055
001d6ab1
0023919b
0024522b
0027f29c
002ba0cf
0021c4d2
001aa653
001c0bf3
001a3169
002d7b58
001ddf9b
001d9ad5
00218dce
0016b35b
0021792c
001a8ad1
0026717b
00184fff
002905b4
001c731c
0022b587
0028ceb0
0019933b
001e84aa
00229324
001ef2b3
002f0a3b
00215da9
002c0117
0020a3f9
001e46c4
0018c179
001b258e
0021b711
00264157
00161c0e
001cb7e2
001c79fc
0022d10a
00283e43
00240d65
00209d19
0022f36d
0027e4db
001a429b
0026e665
0024dbb7
0018a286
002a7234
0018e74c
00277db2
002aa939
00279935
0027c278
00296cdd
001bce0d
00241b27
001754f9
0019bfef
0022c349
00216b6b
0021724b
00293cb9
002269e1
001c6c3b
001d1149
00205172
001e76e9
002b1e23
0019f013
0018eabd
0021fbd7
002a56b2
0014e693
001ceee6
001c2094
002073d5
00193663
002965fd
001df43d
001799bf
001d7f53
0019f013
001e5b66
0027e4db
00284524
00283762
0028c7cf
002822c1
001fa583
002cf8ad
0024446a
002186ed
002277a2
001b4481
0024522b
0018ff5e
0022aea7
002abddb
001f3779
002a11ec
00205f33
00241446
002005cb
0022a0e6
00232a72
00241b27
0024748e
001f8320
0021ee16
00208196
001d0388
0025199d
0021b031
001f7c3f
001a3bba
0022b587
001c2e56
0027d71a
00233152
002708c8
001e5b66
001add58
0026a880
0029cd26
0022d7ea
0017a0a0
001b8947
002043b1
00198fcb
00240685
0027320c
00263395
002860a6
001ccc83
00166b25
001d33ac
001a0826
0018cbca
00269abe
00260a52
00249dd2
00263395
0015512c
0028c7cf
00271d6a
0023cf80
00262cb5
00212d85
00233152
001c87bd
00288309
001d7872
0023c89f
00260371
001be2af
001d8634
00273fcd
001c3536
001e01fe
0025351f
002965fd
00240685
0029b884
002afbc0
002579e5
0017b542
002c5a7f
002973be
0028fed4
00276910
002043b1
0018310c
002ceaeb
001dcafa
001ef2b3
001be2af
0022409d
001e01fe
002d8919
001dc419
0024cdf6
001d8d14
00211fc4
001894c5
0028005e
001ef2b3
00206614
0024b954
0021fbd7
0022decb
0022c349
001b7b86
00236f38
0021800c
001c6c3b
00220998
001c2775
0025199d
0026717b
0020e1df
0019cdb0
001bb28b
0017c673
001eaded
0023e422
00230eef
001af56a
001e926b
001a8761
00211fc4
00230eef
00235a96
001c87bd
0017c9e3
00237618
0022553f
0020138d
001a9f73
00228c44
001ec28f
00267f3c
00191090
0018347d
00264837
0027ebbc
0021e735
00232391
00179d30
00261813
00205853
0020fd61
0018310c
00175bda
002814ff
00236176
0025d34d
00287548
001d7872
001b7816
0018121a
0028ba0e
0029bf65
0020282e
001b6004
0029817f
002acb9c
00188704
0027d039
001caa20
001a8e41
0019d121
0022175a
002383d9
00201a6d
0021bdf2
002738ec
002a4fd1
00269abe
002dd4c0
002bb570
0029e1c8
001f679e
00274d8e
0020214e
0023b3fe
001c2094
00280e1f
001902cf
001d182a
00201a6d
0023ad1d
002512bc
002b32c5
0019e252
0029c645
0027add6
002a6473
001f59dc
00213466
002005cb
001c12d3
00344e31
0022409d
001e46c4
00206cf4
00209638
0025cc6c
00278b73
001ab415
002973be
002625d4
002c313b
002a86d6
001c80dd
0021bdf2
001bb96b
001f7c3f
00283082
001a618d
0020bf7c
002df042
001ce125
00166444
002345f4
0024590c
00208196
00310047
0018be09
001e08df
001babaa
001a618d
001bfe31
0027bb98
00263395
002549c1
00212d85
0027a6f6
001d33ac
00207ab6
002b4e47
0022aea7
001cd364
00174057
0018d61b
002cb3e7
00277db2
0016f4b1
001c19b4
001cfca8
002e9c31
001dcafa
002e508b
002973be
00195fa7
001e84aa
0018c4e9
00171714
0020138d
002542e0
001a9c02
001e0fc0
00229324
0022fa4d
0016076c
00208196
002202b8
001ca340
0023b3fe
001743c8
0024590c
0022f36d
001a8e41
0016cede
0026bd21
00207ab6
0018158a
0022fa4d
00259568
001babaa
0017ae61
0023a63c
0018dcfb
00227e83
0022477e
001db658
00164fa2
002973be
0027d039
00279254
001b221e
00144bd5
002a268e
001e994c
001de67c
0023c89f
001a8ad1
001b8947
001cb7e2
0023c1bf
001b9708
00191400
0018310c
0028ceb0
002a56b2
001a8ad1
001e46c4
0025199d
00246dae
0024d4d7
00248930
002aa939
0021f4f7
001b8947
001b3a30
0026bd21
00214fe8
00293cb9
0029ef89
0028c0ee
00164552
00222bfb
00290c95
0017707c
0021b031
001c3c17
0016b35b
001875d2
001d484e
0028b32d
0022decb
001f755f
001d93f5
001e1d81
0019a0fd
002d8919
0023d661
0023eb02
001a64fe
0021d974
001b7135
0026af60
0024c716
002ad95d
002c3efc
00241b27
001eb4ce
00171a84
0024522b
003001d1
0026af60
001e3903
00183ece
001f3099
0027d039
00199a1c
00237618
00273fcd
001fdc88
0019e252
0021d294
002de281
0022553f
002bf356
00228c44
001afc4b
001bfe31
0026861d
0025b7cb
002890ca
002ddba0
002f035a
00200cac
001b2fdf
0021c4d2
002c9184
0027f97d
00227e83
00219b8f
00267f3c
00211fc4
002a5d92
001f59dc
00289e8b
0025f5b0
001db658
002655f8
002239bd
002496f1
00206cf4
001dd1da
0028005e
00265cd9
002de962
0021fbd7
0024f059
0029a3e2
00293cb9
002345f4
00208f57
001ee4f2
001f7c3f
002239bd
002b69ca
001cd364
002232dc
00206cf4
002239bd
001b28ff
001e8b8a
00198fcb
0029e1c8
0021800c
0023eb02
00297a9f
0029dae7
002890ca
0019a7dd
0016ac7b
00230eef
00250bdc
002035f0
00212d85
001799bf
00278493
0026fb07
00250bdc
00206614
001b9028
00189155
00283e43
002663ba
0022f36d
002cad06
00284c04
0023cf80
0020214e
0017b1d1
002aa939
0021e735
001ee4f2
001fe368
00214fe8
0022477e
00214227
00172f26
001f59dc
001e3903
002a7234
0023bade
0020dafe
00194795
001595f2
0028c0ee
00242fc8
001875d2
0023a63c
002a9b78
001d6ab1
0033569b
0020b1ba
00239f5c
001c655a
0023987b
002f4f01
002579e5
001dcafa
001f8320
0022ec8c
0029e1c8
00208196
0015d067
002cc1a8
0026861d
001dd1da
002c15b9
001a7d10
001b3da1
00252e3f
001a429b
00200cac
0025f5b0
001e46c4
001ce806
0026d8a4
002ba0cf
001b258e
0018f19d
0027a6f6
00286e67
0021b711
0028c7cf
001a2df9
001ede12
001a8e41
001e3fe4
00268cfd
0026bd21
0021a950
0019ab4d
00279935
0021b031
002cd64a
001ac546
002655f8
002a9497
00191ae1
002890ca
0021bdf2
00237618
0023080f
001a3f2a
00218dce
00206cf4
00220998
001d63d1
0020fd61
001f3e5a
0022d10a
001fa583
001b66e4
0018c85a
001837ed
00193d44
002436a9
00277db2
0026bd21
001a0826
00201a6d
0020214e
00212d85
0028ceb0
002315d0
0023c1bf
00237618
00205172
001f3099
001611bd
001a7d10
001e5486
0024f059
001f6e7e
0023bade
0019d121
0017fd78
002e79ce
001f29b8
001988ea
00275b4f
00262cb5
0023f8c4
002186ed
00287548
0024e979
0028ac4d
00259c48
001bf070
001ff12a
002a4fd1
00271689
00189155
00239f5c
0015c987
00215da9
002269e1
00258e87
0029aac3
0021800c
00202f0f
0019063f
00287548
00296cdd
001ee4f2
002e12a5
001bb28b
001e4da5
002194ae
001e5b66
001b9708
00196d68
002693de
00261813
0022409d
002cff8d
001c731c
00173ce7
00198fcb
0024ab93
0022ec8c
001f1bf7
0025aa09
0023f8c4
001cf5c7
001894c5
0025eecf
00286787
0027ddfb
002aa939
0026bd21
002625d4
0019b90f
0023f8c4
0026df84
0027f29c
001cfca8
001c6c3b
0019f384
00224e5e
001a9c02
00267f3c
00289e8b
0022d10a
0020214e
0026f426
0023b3fe
002bfa36
001d2ccc
0026b641
001ae439
00263395
00264157
001c5799
0023d661
002496f1
001c49d8
001792df
0020efa0
00186b82
00205853
001f60bd
001df43d
001c6c3b
002a48f1
0026a19f
00225c20
0021800c
001cc5a3
001ec28f
0021f4f7
0029817f
0027f29c
001e994c
00162d3f
002e0bc5
001ea02c
001a384a
001826bc
00200cac
00182a2c
0021724b
001e1d81
00229324
001e46c4
001ef2b3
0020dafe
001d8d14
00237cf9
0023cf80
00257305
0026cae3
0023080f
002c0ed8
0017707c
001d25eb
001aeb19
002428e8
001f4c1b
0029aac3
00291376
0023ffa4
0025b7cb
00222bfb
002e3508
00299621
0029b884
002b1062
001dbd38
002436a9
001c49d8
0017b1d1
001e7008
001fea49
00175bda
0024fe1a
001f3099
00214227
00228563
001f0755
0024fe1a
002a0b0b
00216b6b
001bb96b
00229324
00284c04
0025beab
0024e298
002345f4
0028ea32
0029817f
0026ed46
0020138d
0027bb98
00283082
0022175a
0022b587
0024446a
00286787
0016d24e
0019d801
0027f97d
00206614
001e4da5
002428e8
00269abe
001eb4ce
001b66e4
001a0f06
00279935
0024fe1a
001a5aad
0023bade
002c07f8
002232dc
0029aac3
001c6c3b
00286787
001875d2
00245fed
002043b1
0023eb02
00271d6a
002315d0
0023ffa4
0026e665
00211203
002905b4
00221e3a
001f3779
001eb4ce
00260371
001fd5a7
002a7234
0021d294
00184c8f
00221e3a
001d560f
002e2747
0027244a
001ea02c
001ebbaf
0027a015
001b3350
001ba4ca
001ab0a4
00221e3a
001b9028
0019ab4d
0023ad1d
00255782
00276230
001ab0a4
001d7872
0023ffa4
0022c349
001f3e5a
002829a1
002383d9
0023b3fe
0017707c
0024b954
0026a19f
00212d85
0024c716
0024522b
001ea02c
002035f0
00230eef
0022ca29
00283082
001c2e56
002a86d6
001d33ac
00206cf4
001fd5a7
0021e735
001bb96b
00198fcb
002973be
0021792c
0021ee16
0026785b
0020a3f9
00210442
001dd1da
00283762
002a6473
001ddf9b
001d8634
00264837
001a5aad
00194b05
0023dd41
0026861d
002c3efc
00186b82
001c731c
00264837
002829a1
00221e3a
001f0e36
002073d5
001b66e4
002a48f1
00290c95
0026d8a4
002b5c09
00297a9f
001f0075
0018347d
001e01fe
002776d2
002c45dd
0021792c
002e9c31
002504fb
002ee7d8
002b5528
002156c9
0029bf65
001d63d1
00287548
002b4086
001bb28b
0023080f
001babaa
00167205
002f9aa8
002814ff
00200cac
0023f1e3
001b9de9
001bce0d
0025275e
00259c48
00203cd0
001a9522
0026ed46
002c313b
0027a6f6
0026cae3
00241446
002e72ee
00235a96
0028d590
00287548
0022f36d
001db658
002b39a6
002cdd2a
0026a19f
0023c1bf
0028c0ee
002693de
00187cb3
0022e5ac
00224e5e
001f1516
00240685
002d4453
00249011
001cbec2
001c87bd
00292817
0023987b
002b2be4
00298860
001fa583
001b1eae
001f90e1
001f8320
002353b5
002852e5
0026df84
001fc7e6
00266a9a
001d2ccc
001e6927
001f1bf7
0019d121
002496f1
002a86d6
001c8e9e
001d2ccc
00298f40
002a3b2f
0027546f
0026bd21
0027bb98
001d33ac
002269e1
00220998
0025b0ea
0016c48d
001630b0
0021d974
00209d19
001894c5
0022175a
0025275e
002270c1
001fea49
001e926b
002890ca
00263a76
002a344f
0024522b
0018536f
002ae03e
001b9708
001c2775
0025351f
001b47f1
001ede12
001e4da5
0028d590
00266a9a
0017f697
00233152
00209d19
0017851d
002a042b
002a4210
002dd4c0
001a15e7
001bf751
00182d9c
001eb4ce
001799bf
001fc7e6
001ae7a9
002d9dbb
0024e298
002905b4
002b4767
002ad95d
001e16a0
00174aa8
0028dc71
0026861d
001a686e
0025aa09
002118e3
001b28ff
00224e5e
0019d121
0018c4e9
001b8947
00259568
002504fb
0027c278
001648c2
0020c65c
00237cf9
0024d4d7
002b02a1
001f0e36
0028c7cf
00194424
001a460b
001b8267
001969f8
00192532
0023f1e3
0025f5b0
0023919b
002269e1
0025f5b0
002504fb
0029dae7
001f3099
001ad678
001d416e
001e8b8a
0018acd7
00210b22
001dfb1e
00236857
001aa653
002cf1cc
001cc5a3
001b7ef6
001641e1
0020b1ba
0013d6eb
0023bade
001a9c02
0018dcfb
001d2ccc
0023a63c
0027f97d
00264837
001ce125
002acb9c
001ef994
00212d85
00274d8e
00278493
0027244a
00298860
0027f97d
0020c65c
002ab6fa
00246dae
0020a3f9
0028fed4
002c6f21
001a4cec
0026d8a4
002935d9
0025199d
0028e351
002663ba
00209638
00264f18
002550a2
001c80dd
0028e351
0023c1bf
001a505c
001d7192
00246dae
0027244a
0027f29c
00278b73
00209638
00261813
001ce806
0019d801
00280e1f
0028fed4
001c5e7a
0017699b
00248930
0018347d
002cad06
00237cf9
00214fe8
001d8d14
002a5d92
00205853
001e5486
0029dae7
0022d10a
002202b8
001d63d1
00209638
002aa258
0027bb98
001cf5c7
001b9028
001e994c
001f0e36
001dd8bb
002073d5
00287c28
00267f3c
0028ac4d
002ceaeb
00249dd2
002ee7d8
001b74a5
0024c716
00279254
002b930d
001e8b8a
0022d10a
001eaded
001ab415
0029515b
00209638
0018acd7
001d484e
001ce125
001c80dd
001ea02c
0026b641
0027b4b7
00226300
001f0075
00174aa8
001b7b86
0024c035
00216b6b
0018e06c
0019b59e
00276910
0020d41d
00216b6b
001d7f53
001a573c
0021d294
001951e6
0017964f
002b778b
0028005e
0020dafe
00205f33
001babaa
001b8947
001837ed
0018fbee
0024446a
002bdeb4
00253c00
00171033
0022477e
00249011
0026c402
0020f680
001988ea
0022c349
0026d8a4
002738ec
001a799f
0017e1f6
00298860
001dbd38
002c8aa3
002efc7a
0026ed46
00260a52
00211fc4
0023ffa4
0029aac3
001f8320
0029583c
001c5e7a
002466cd
002ab01a
00202f0f
0029d406
00218dce
002a86d6
0023cf80
00260a52
001c8e9e
001abe65
001b5923
00228c44
0025275e
00227e83
00242207
00291a56
0019e5c3
0018e74c
0027a6f6
00167fc7
00192532
00209638
001ebbaf
001e4da5
00270fa9
001ea70d
00234cd5
00273fcd
001e84aa
002126a5
001c6c3b
001f9ea2
002b02a1
001ca340
002cc1a8
002d0d4e
0028dc71
0027c959
001f453b
00257305
00230eef
00261813
0018c85a
0026785b
001f0e36
001bf070
00279254
0026df84
0021e055
00270fa9
0021a950
00189ba6
0029583c
002a18cc
00248930
002693de
0023987b
0020fd61
00195c37
00185dc0
001b9708
0023c89f
0029dae7
001d9ad5
00213466
001cfca8
0020b1ba
00290c95
001f1516
0021b711
00221e3a
002512bc
001d8d14
0023eb02
0020d41d
001fba25
001c49d8
002abddb
0024e979
001fe368
002a4210
002a7ff5
001ba4ca
001cbec2
002cbac7
0018491f
00271d6a
0024f73a
0025cc6c
00281be0
002bec75
0023dd41
00257305
002c07f8
0024fe1a
002ae03e
0026f426
002428e8
002126a5
001705e2
00229324
001ea02c
0027f97d
001bb28b
0024f73a
0023987b
002708c8
001da897
001e01fe
0018b048
0021800c
002860a6
0025d34d
0017fd78
00188de5
0022b587
00173296
00232391
002abddb
0029f669
001b8267
0027ddfb
00275b4f
001f52fc
0022ec8c
002277a2
00234cd5
00229324
001d9ad5
00197b29
002bd0f3
002c1c99
00298f40
001629cf
00290c95
001b9de9
0017e1f6
0026f426
0024446a
001f97c2
00145997
001fea49
00283762
00195556
001aee8a
00276ff1
0025e7ef
00244b4b
001864a1
001b5242
001a2a89
0027d039
00233833
001f1bf7
002852e5
0025da2e
002a2d6e
0022decb
002ab6fa
0021648a
0021d294
001864a1
002cbac7
0023987b
002ceaeb
002b854c
001c957f
0022d10a
001fac64
0024c716
0026861d
00271689
001629cf
001e3903
00185a50
001d484e
0016152d
0028f7f3
001e01fe
001af56a
0025e7ef
002496f1
0025351f
00292ef8
0023eb02
00261132
0027a6f6
0022b587
00175bda
002905b4
001dd8bb
001f1516
0028e351
00290c95
00186b82
001ac8b6
0017b542
0019ab4d
00183ece
00213b46
0028b32d
0029ef89
001ed731
0020fd61
002073d5
00261813
00216b6b
0024748e
0028005e
0025e10e
0022553f
0023e422
00221e3a
00242207
0021c4d2
001b1eae
00263395
00255782
00261813
00249dd2
00243d8a
0024c716
002a5d92
001d1f0b
00172845
00263a76
0022ca29
00244b4b
00260371
002580c6
0029dae7
001d182a
0018a286
002269e1
00220998
002c4cbe
001a8e41
002ae71e
00259c48
001db658
0025199d
00236857
001bd4ee
001e994c
001e3fe4
00220998
002b69ca
002270c1
001e7008
00183b5d
001773ec
002005cb
001e16a0
00294a7a
0023bade
0029b884
00292ef8
001aa653
0022decb
001bc04c
001fac64
00259c48
0018d98b
0021bdf2
002118e3
001e4da5
00210b22
001a5aad
00294a7a
00205172
0021a26f
002eb0d3
001cbec2
0027f29c
0021f4f7
00246dae
002428e8
00206614
00177acd
001ca340
002afbc0
001fdc88
002a4fd1
002b62e9
0027a6f6
001d7f53
0017b8b2
0025207d
00214908
0025e7ef
0024b274
0021ee16
0018b728
001f4c1b
002a48f1
00233152
00289e8b
0019ab4d
001d0388
002ac4bb
002fcacc
001c42f7
0018e06c
0021a950
001e8b8a
0024ab93
0017888e
001c731c
0017b8b2
002ad95d
0024c035
00292817
002b5528
0020138d
00220998
00259c48
0025a329
001f1bf7
001d5cf0
0025eecf
001629cf
0020f680
001be2af
0026861d
001e1d81
001afc4b
0017964f
001be2af
00264157
001e4da5
0024f73a
001d7872
001ded5d
0020138d
00212d85
00194795
0024e298
002cb3e7
00261813
0025c58c
002776d2
0017b8b2
001f3e5a
0023cf80
002005cb
0017d0c4
0027244a
002701e7
00208f57
00216b6b
0020dafe
00243d8a
001ceee6
0020cd3d
002073d5
002496f1
0020dafe
00186b82
00291376
00213b46
001e7008
001f9ea2
00185a50
0025199d
00275b4f
002579e5
0026df84
0020c65c
0024590c
00291376
0026af60
001ef2b3
001f3779
001d0388
0020a3f9
001a8080
002156c9
001fac64
002d8239
001dfb1e
0017e566
0018f19d
001e1d81
001bf751
001ce806
00189835
001c957f
00264f18
0022ca29
0021bdf2
001ef2b3
001ef994
0020efa0
00279254
00264157
001f1516
001db658
001958c6
001e01fe
002625d4
002005cb
001e2b42
00231cb0
002073d5
00287c28
00211fc4
0026c402
002693de
0022bc68
001c2e56
0019933b
002b4767
002a6473
0021792c
001f9ea2
001f8320
002a6b54
001ea70d
00234cd5
0028a56c
00211203
001f97c2
00232a72
0026ed46
00273fcd
001cb7e2
001c0bf3
0026d8a4
001fcec7
001db658
0024d4d7
0023f1e3
0025351f
001d4f2f
00213b46
002b930d
00260a52
001d0a69
001ab785
0026d1c3
002cc888
0028e351
00187943
0023e422
001b9de9
00234cd5
001df43d
002126a5
0024a4b3
0020efa0
0023f8c4
002043b1
001fba25
002c615f
0020cd3d
0015f63b
002df723
00205853
001fb344
00257305
0026785b
002905b4
0021fbd7
002c1c99
0027244a
001b221e
00211fc4
002126a5
00264157
002693de
00163420
002a3b2f
00257305
00290c95
002496f1
001eaded
0021a950
002549c1
00240d65
00186811
002d96da
0022553f
002bdeb4
00242207
001c79fc
00283082
0029d406
002b854c
002bd0f3
00289e8b
0023f8c4
00215da9
00207ab6
00239f5c
0021800c
0023cf80
00208877
001ebbaf
0019c6d0
00208f57
001940b4
0020b1ba
00214908
0024590c
001b9708
001d7192
002580c6
0023f1e3
0022b587
001c6c3b
001f97c2
002202b8
00255e63
002db93d
0022fa4d
002a5d92
0022a0e6
001daf77
001d63d1
001773ec
0024c035
00286787
00212d85
0020e1df
0022a0e6
00269abe
001e84aa
002a86d6
00214227
0024b274
001ceee6
00261132
0024cdf6
001ea70d
001d484e
002b854c
001f3e5a
00229324
001fc105
001d1f0b
001e6927
0019e5c3
001d0388
0021d294
00219b8f
001e08df
00228563
0020bf7c
00264157
0022a0e6
0025199d
002a268e
001e6927
002587a6
002c9f45
002be595
0020fd61
0024f059
0020efa0
00242207
001e8b8a
00190d20
00245fed
0023a63c
001af8db
00278b73
002043b1
00228563
001dbd38
001bdbce
0015f2ca
00180b39
0022d10a
0025a329
002542e0
001db658
0029c645
002b39a6
0027f29c
001a9f73
002d142f
002269e1
00173977
0024e298
00275b4f
001951e6
002a18cc
001fcec7
001f6e7e
001ae439
001ed731
00232391
0021e055
00249011
0028f7f3
002d6d97
0027244a
002b2be4
001c957f
00234cd5
0025b7cb
00200cac
0019bc7f
0029e1c8
001d93f5
002ac4bb
0021ee16
0015ef5a
0028005e
00265cd9
0027bb98
0027b4b7
00216b6b
0026a880
00174e19
002194ae
001f453b
00273fcd
00182a2c
0021bdf2
002c8aa3
001e01fe
00243d8a
00252e3f
00187cb3
001fcec7
0024590c
001bce0d
0024fe1a
0017de85
002a3b2f
00242207
00241b27
001932f3
002c5a7f
001b2fdf
00178bfe
0016ff02
00230eef
001da1b6
00237618
00204a91
002466cd
001b4111
0025275e
002d66b6
001e1d81
001eb4ce
002fcacc
00288309
001584c1
0020214e
0022b587
00290c95
0027b4b7
001dd8bb
00224e5e
0021a26f
00259568
001daf77
001b3a30
002776d2
0025fc91
002a7915
001648c2
002cc1a8
0026a880
00208877
0018a967
0019bfef
0026bd21
0021c4d2
002496f1
001df43d
002a7915
0025199d
0023080f
00250bdc
001c42f7
001e0fc0
001a6bde
00245fed
001c50b9
002579e5
0023a63c
00244b4b
0024d4d7
00281be0
002277a2
0019b90f
001c79fc
002d7b58
0019ab4d
00255782
0025b0ea
0024b274
002bae90
001e3223
001e5486
0025e7ef
00210442
001ae0c8
0025da2e
00262cb5
00208196
00211fc4
002383d9
0023ffa4
001ea70d
001f4c1b
001a2a89
002bc332
001c5e7a
00268cfd
001e01fe
001e7008
001b7135
0020e8bf
001f4c1b
002a6b54
0026e665
002428e8
001800e8
00242207
002b930d
001b1eae
00221e3a
002acb9c
00267f3c
00244b4b
0015ae04
001b5c93
001d9ad5
0022409d
00227e83
002de962
00168d88
001c19b4
002270c1
00203cd0
001f3e5a
001f52fc
0025aa09
001fdc88
0023f8c4
0025b7cb
00255e63
0021f4f7
001cc5a3
001ed050
0025da2e
0024e298
002496f1
002bd0f3
001b6374
0019a0fd
0016cb6d
001e926b
00211fc4
0020138d
001dd1da
002a8db7
002549c1
0023bade
001a9892
00159282
002ab6fa
001d8634
001ab785
0029515b
0028ac4d
002549c1
0027e4db
0020dafe
0027c959
00277db2
00274d8e
00193663
00225c20
001b17cd
0020a3f9
00187262
001d8d14
002e508b
002a8db7
0022bc68
0021c4d2
001f6e7e
001d5cf0
002c2a5b
001f60bd
0023c1bf
001d63d1
0026717b
0026d1c3
0023eb02
0022a7c6
0018310c
00260a52
002655f8
001eb4ce
001f6e7e
00259568
00208877
002ab01a
00216b6b
00236f38
00214227
001e46c4
0025351f
0028f7f3
002cb3e7
002ac4bb
001dd8bb
00229a05
0017e8d6
00256543
0024b274
00201a6d
0021c4d2
00226300
0026f426
001cbec2
001eebd3
00200cac
00213466
0021f4f7
00213466
002512bc
001902cf
00205f33
001ef994
0025eecf
00289e8b
0028b32d
001ded5d
001be2af
00183b5d
002dc01e
00299621
002ff40f
001f679e
00204a91
0017fa08
0024cdf6
00264f18
0025a329
00164c32
001c6c3b
0023080f
00213466
0026c402
00243d8a
002b2504
00232391
00255e63
00268cfd
00290c95
00187262
002ceaeb
00284524
001d9ad5
00276ff1
0024f73a
00264837
0027ddfb
0026fb07
0025a329
002549c1
0019f6f4
0032960a
002c237a
00201a6d
001eb4ce
002746ad
001c9c5f
002a1fad
002829a1
00249011
001acc27
0019063f
00261813
0023ffa4
001d8634
001fea49
002428e8
0026cae3
001c2775
002ad95d
0016f821
00256543
002a1fad
001f1bf7
00216b6b
00277db2
002935d9
002005cb
00255e63
00205f33
00265cd9
001ebbaf
0024cdf6
00218dce
002269e1
00182d9c
001a91b2
0018c179
001fd5a7
00261ef4
0023080f
0025207d
00244b4b
00246dae
00226300
00222bfb
002897ab
002a86d6
0029bf65
001f60bd
00192c12
0020d41d
00283762
001894c5
001ef994
001e994c
0019d121
0017ec46
001f3779
0021fbd7
002aa939
0031e33b
001eaded
001f9ea2
001f59dc
002d7477
00241b27
00257305
0027f97d
00263395
002126a5
0019b59e
0023e422
001ad307
00201a6d
00162d3f
002fe64e
0024f059
0017a410
001e1d81
00286e67
0020e1df
001f4c1b
002f93c7
0023ad1d
00280e1f
0017775c
0026e665
001affbb
001ed050
0026785b
001d4f2f
002512bc
002b39a6
001c80dd
00255782
0027a015
001af56a
00224e5e
002b1e23
002e6c0d
001cc5a3
001dc419
00213466
00248930
002cf8ad
001aa9c4
00235a96
0021fbd7
002829a1
001babaa
002a6473
001c87bd
001bc72d
002af4e0
001d25eb
001afc4b
0028ba0e
001f3779
002701e7
00292137
001e16a0
001c2e56
00191e51
0022fa4d
00215da9
00245fed
0025fc91
0017de85
0023c89f
001ded5d
0014977c
0025f5b0
001e08df
0017b542
0022a7c6
001ddf9b
0021cbb3
00224e5e
002905b4
0020282e
0030dde4
0021800c
00232a72
0016cb6d
002b5c09
002a6473
0024f059
0021e055
001d2ccc
0026cae3
002852e5
001a3f2a
001bce0d
001e2461
00261813
00232a72
002005cb
0019e5c3
001781ad
0026785b
0026d1c3
002bdeb4
00202f0f
001a0145
00289e8b
00237cf9
00236176
00232391
001dd8bb
0021d294
001fcec7
001d2ccc
001837ed
00248250
00227e83
002b32c5
001be2af
0026a19f
0028d590
001e0fc0
0024e979
001fea49
0020aada
00242fc8
002a6473
0022e5ac
0024cdf6
00264157
00180459
001e7008
00258e87
0020c65c
00211203
0019f6f4
00292817
00213466
00232a72
00257305
00256543
001d6ab1
0020e1df
001c0bf3
0016cede
0024ab93
001b3350
00209d19
00208196
001cb7e2
001cbec2
0023dd41
002abddb
001ad678
00238aba
0024d4d7
001b4111
001c49d8
0029817f
002035f0
002a11ec
001ebbaf
001c5799
002156c9
00169eb9
00242207
001c9c5f
001b8947
0019f013
0017f697
00209638
001dc419
002cdd2a
002549c1
0019d491
0017707c
002935d9
00283762
0021e735
001b8947
0015d3d8
0028005e
0029439a
00252e3f
002fa869
002186ed
001fdc88
00221e3a
002a7915
00188023
001dd1da
00178bfe
002701e7
00278b73
00296cdd
002118e3
001d484e
0016c48d
00213b46
001c49d8
00305458
002118e3
00221079
001c5799
001921c1
0028dc71
0023987b
001ec28f
00233152
00299621
0026a880
0020d41d
0029a3e2
0026bd21
0022decb
0017db15
002d4453
001c9c5f
002202b8
0020e8bf
0022f36d
002466cd
001fba25
001ceee6
0024e979
0023d661
0021bdf2
001fac64
001ae0c8
002a3b2f
00240685
001818fa
001d33ac
002814ff
00222bfb
00214908
0027b4b7
001f3779
00196687
002a9b78
00225c20
002f4820
0021b031
0018ff5e
00189155
0027bb98
002270c1
001928a2
0029cd26
002860a6
001de67c
0021e735
00242fc8
0027244a
0019ab4d
0017efb7
002ad95d
0021792c
001c6c3b
0026e665
0021a950
002043b1
001f7c3f
001a8080
002466cd
0024e979
0020a3f9
001ec970
001df43d
00191771
0018f19d
00264f18
0021b711
00240d65
001f59dc
001bb96b
001ed731
0016dc9f
00208196
0028c7cf
0026717b
002897ab
00283e43
00276ff1
00246dae
0020f680
0029d406
002186ed
001a9c02
0021724b
002859c5
0020d41d
00214fe8
0018fbee
00236857
0021fbd7
00191ae1
0023f8c4
002e576b
001ec970
00255e63
0027b4b7
001e84aa
0022f36d
001f679e
0024590c
0023dd41
001fe368
00188a74
001f52fc
0025b0ea
0025aa09
001dd1da
00249011
002a11ec
00195fa7
00171df4
0023c1bf
0023919b
002512bc
00283082
001d25eb
001a1957
002655f8
00208196
0024748e
002bf356
001e01fe
00272b2b
002dab7c
001aeb19
0024c716
00208877
001a9c02
0022d7ea
001c12d3
00203cd0
0020dafe
001e994c
00250bdc
001fdc88
0019f6f4
002abddb
002af4e0
00228563
001c731c
002c237a
00265cd9
0023ffa4
001a618d
00284524
0023ffa4
001ae439
00175f4a
001939d4
0029b1a3
002073d5
00221e3a
001e5486
0025207d
002a3b2f
0028005e
001f6e7e
0020d41d
001f0075
0020138d
001ec28f
0018ba98
002c9184
0023cf80
0023dd41
002abddb
0019c360
001754f9
001cf5c7
0023eb02
0027ebbc
0023dd41
002738ec
0020bf7c
00214227
00238aba
00272b2b
00265cd9
002a268e
00284524
0020efa0
00183b5d
0024f059
0029817f
001af8db
00205172
002202b8
0029d406
0020a3f9
001a04b5
00231cb0
00207ab6
0020b89b
00214fe8
0025199d
0024c035
0023dd41
0021a950
0024ab93
0023987b
002859c5
001afc4b
0020bf7c
002035f0
00250bdc
0017c673
002232dc
0025e7ef
0021a950
0017c9e3
0021a950
002de281
002a9497
002b39a6
001d63d1
0024cdf6
0019933b
0022ec8c
0023919b
0028ceb0
00191771
0025cc6c
00228563
001f22d8
001bf751
0021fbd7
0021c4d2
001d33ac
002118e3
00244b4b
001f9ea2
00255782
00226300
00213466
002693de
001fb344
00268cfd
002b4e47
0020e1df
002c7601
0026bd21
0020dafe
00214fe8
0028073e
00239f5c
0025fc91
0024fe1a
002935d9
002073d5
001dcafa
002ce40b
002277a2
0028ac4d
00231cb0
00233833
00233833
001894c5
0021d294
00279935
00298860
002cbac7
001dc419
00276910
0022f36d
001988ea
0020bf7c
001c12d3
0028ac4d
0021a950
00292817
0022ca29
001d1149
002b7e6c
00246dae
00188704
001f52fc
00211fc4
001b3da1
0021a26f
0023cf80
00291376
001e3fe4
00262cb5
00221079
00248250
00276230
0022409d
001f52fc
0028e351
0028ba0e
00173ce7
001c87bd
001f1bf7
0027d71a
002579e5
00205853
0018f87e
0027a015
0026a19f
001da1b6
001fe368
002587a6
001f0075
00283082
001f1bf7
00184fff
0025beab
00241b27
00270fa9
00276ff1
00279254
0024d4d7
001f97c2
001eb4ce
0021f4f7
002a86d6
001ef2b3
0028d590
0026fb07
002b0981
00219b8f
001e8b8a
001de67c
00191771
001c8e9e
00233833
001f1516
00172f26
00271689
002353b5
00166e95
00207ab6
0023987b
00195c37
0022175a
002580c6
0027b4b7
0023a63c
001ae0c8
0026c402
002708c8
0020dafe
0029d406
001ebbaf
001de67c
00193d44
002a86d6
002aa939
00256543
00261ef4
001dc419
0018310c
002663ba
002269e1
001bc72d
0022ca29
001cd364
002d5214
001e7008
00292ef8
002b4767
00259c48
00263a76
002504fb
0022a0e6
001ec28f
00220998
002cb3e7
0024f73a
0017c673
001d5cf0
002e652c
00248250
001a8761
00206cf4
002bae90
002269e1
0017de85
001e46c4
001d33ac
0022bc68
00239f5c
002b930d
0020dafe
001c3c17
0028f113
00264f18
0024b954
0022aea7
0021c4d2
0022c349
001b1eae
002822c1
0027bb98
00226300
0025da2e
001c0bf3
001f22d8
0031298a
002587a6
00291a56
0023012e
0023ffa4
0023e422
002d1b10
00205f33
00230eef
00240d65
001c0bf3
002b2be4
001da897
00262cb5
001b5242
00163420
001cb7e2
001eaded
001bc04c
0021724b
0022d7ea
00284c04
001e994c
001ffeeb
0027e4db
0020f680
0028b32d
001dd8bb
002a18cc
001ff80a
00214fe8
001ceee6
00184c8f
002a11ec
002a8db7
001aa9c4
002814ff
00280e1f
001c87bd
0027bb98
002738ec
0021800c
001c50b9
001f8a01
001c2e56
00190d20
00292ef8
0024e979
0022aea7
0021bdf2
0021a950
00188704
001fe368
0024fe1a
00257305
0025b0ea
001d6ab1
00219b8f
00195c37
002ba7af
001ff12a
001d9ad5
0023ad1d
002315d0
00236176
0021648a
00198fcb
002738ec
002708c8
001e2461
001a3f2a
001dcafa
0020b1ba
001a15e7
00188a74
002512bc
00252e3f
00273fcd
0027a015
001e08df
001b9de9
0021e735
001b7b86
0022d10a
001f59dc
0019bfef
002e9c31
00205172
001a1276
001f59dc
001c42f7
001e2461
0020bf7c
0022a0e6
0025f5b0
00239f5c
0028073e
002cad06
002542e0
0028a56c
00239f5c
0022ca29
001d0a69
001da1b6
00278493
0027f97d
00240685
00189835
001c957f
001ca340
0024f73a
001cd364
001b9708
00246dae
001f679e
001ab785
001f90e1
0027ebbc
001c87bd
0022bc68
00240685
00249011
002ce40b
0024c716
00144bd5
0021bdf2
001d7f53
001f0755
001a0145
001c0bf3
001aa653
001a53cc
001b8267
001e3223
0025cc6c
0018f19d
00200cac
002776d2
0020aada
001f60bd
0024dbb7
001e76e9
0029439a
0023987b
002b8c2d
001d2ccc
00163420
001e0fc0
002186ed
0027ddfb
0026df84
001a1cc7
001c9c5f
002c7ce2
0027add6
00287c28
001b258e
001c87bd
00211203
002dd4c0
001d1f0b
00269abe
001a3bba
00211fc4
0019c6d0
001f22d8
0025d34d
0028ba0e
001c42f7
0018b3b8
00166b25
00226300
00256c24
0029cd26
002abddb
0023012e
001ce125
001ba4ca
00232391
00263395
0022fa4d
00208877
0029583c
00261132
002d21f0
002383d9
00269abe
001b10ed
00271689
001ee4f2
001b3da1
001d0388
002aa258
00202f0f
00241b27
001ec970
0024748e
001c9c5f
00213466
0020a3f9
00165683
0026fb07
0022ca29
001c0bf3
00207ab6
002b99ee
001e8b8a
00200cac
0017a410
00283e43
0022477e
002701e7
0018234b
00181c6b
00186811
00233152
0019b90f
001b9708
0025e10e
001fac64
001ebbaf
00275b4f
00263395
002b99ee
0021724b
00170cc3
0021800c
0024f73a
002746ad
0017f697
002b1e23
0016afeb
00287548
0027add6
001ea02c
0024522b
002156c9
001bd4ee
0019f384
001c87bd
0016bdac
001e0fc0
001c9c5f
0015fd1b
002ad27d
002a11ec
002043b1
0019cdb0
0022decb
002a268e
002043b1
002d142f
001e7008
002383d9
00278b73
00215da9
001d2ccc
001bb96b
00256c24
002935d9
002859c5
001c5e7a
002ad27d
0018c179
0026fb07
00214fe8
00264837
00238aba
0026cae3
002ba0cf
002d4b34
002550a2
002fb62a
001792df
00275b4f
00213b46
001c19b4
00266a9a
00259c48
001ec970
0023d661
0021b711
002abddb
001c731c
002b4e47
002202b8
00292817
002270c1
001c50b9
001f7c3f
001ce806
00236f38
002d0d4e
002b5c09
001ba4ca
002b854c
0026af60
00279254
00279254
0021c4d2
0018eabd
00194b05
00246dae
0022aea7
001fb344
001f97c2
001d5cf0
002202b8
0021ee16
001d33ac
002428e8
002b1062
0024f73a
001c50b9
001d182a
002663ba
002a042b
00227e83
002852e5
001ad307
0017db15
001d25eb
002232dc
00215da9
0017d434
002e9551
00273fcd
0023eb02
001f9ea2
001c0bf3
0029439a
0028d590
00166b25
00240d65
001f90e1
0018310c
00238aba
001c79fc
0019857a
00192f83
0024590c
00273fcd
0024b274
0029fd4a
0025eecf
0021f4f7
002a18cc
001c0512
0017c303
001d6ab1
00248930
00222bfb
00153c8a
0028ea32
00287c28
0024590c
002ceaeb
0021c4d2
002905b4
00236176
0026f426
00248250
001e08df
0023919b
00268cfd
00200cac
00247b6f
0027f97d
00205172
001d0a69
00163b01
002194ae
002c5a7f
001f1516
002587a6
0026ed46
001dbd38
001d8634
001e76e9
002587a6
0020fd61
001c0bf3
001df43d
0026f426
001d560f
002d7477
00286787
00287c28
0023f1e3
001cda45
0029b884
001fea49
00208877
00310727
001f4c1b
001d2ccc
0021cbb3
001ed050
0017662b
002d6d97
001fa583
001d3a8d
001ec28f
00294a7a
0020b1ba
00229a05
0025a329
002a4210
0026cae3
001cc5a3
002cad06
0018a967
002270c1
002b1062
001fdc88
0027d039
00284524
001c12d3
0016ea60
0025a329
002663ba
00194424
001818fa
001d4f2f
002a9b78
00204a91
00208877
00259c48
00243d8a
001ce125
00218dce
001e16a0
0023919b
001f52fc
002ac4bb
00208196
00261132
0025e7ef
00146e38
001a23a8
002b69ca
001ef994
002f63a3
00246dae
001a2718
001dd8bb
00267f3c
001909af
00271d6a
001cbec2
0027bb98
001af1fa
00207ab6
00295f1c
00221079
00229324
0022553f
001f0075
001ee4f2
00166444
0028073e
00299d02
00209638
0019ab4d
002ba0cf
0023a63c
0025aa09
001f0075
001a15e7
002550a2
001e994c
0018c4e9
0017b542
001875d2
0027a6f6
0021a26f
00184fff
0028ba0e
0028f113
001f29b8
0017e1f6
002549c1
00286787
002587a6
001fea49
0020fd61
0027a015
0027ddfb
0025f5b0
00261132
002973be
0025199d
00234cd5
0022ca29
001bf070
002a3b2f
00286787
00292817
002277a2
0024f73a
001cda45
0025eecf
001d484e
002186ed
00273fcd
002fd1ac
00221e3a
0019b59e
0017a0a0
002c9f45
00261ef4
001ec28f
001ba4ca
0022251b
001f8320
00261ef4
0019aebe
001d7192
002ce40b
001ff80a
001bb28b
001c957f
00261ef4
002a7ff5
001b4b62
001ec28f
002a344f
002ab6fa
00261ef4
002353b5
001d8d14
002bb570
00194795
00234cd5
0023ad1d
0027546f
001f0755
001e7008
002580c6
001958c6
001bfe31
002965fd
0021648a
0019820a
0018d2ab
00172f26
002c9f45
001a2df9
002d21f0
00261ef4
001ad307
00166b25
0028ba0e
0020214e
00248250
002a042b
0025199d
00294a7a
00237cf9
0020cd3d
001d6ab1
002fe64e
002859c5
001dd1da
001d7872
001a0145
00221079
001a2a89
001bc04c
00248930
00279254
001cda45
0023f1e3
0016e37f
001cd364
001bc04c
00214908
0020e8bf
001f0755
0022aea7
0021a950
001e76e9
001a1957
0023c1bf
0025beab
002194ae
00226300
001bd4ee
00212d85
0021b031
00180459
00182a2c
0025d34d
0023919b
001abaf5
0023dd41
0025f5b0
0020282e
0021b711
001f3779
001fa583
002436a9
00208196
0022aea7
001f8a01
001f4c1b
0022bc68
0018ff5e
001e46c4
0024446a
0023f8c4
0020efa0
002b2504
00278b73
00240685
001d63d1
0022ca29
001b10ed
001b6a54
0023080f
00206cf4
001ce806
00186b82
00202f0f
0025e10e
002466cd
00186ef2
00228c44
002965fd
002860a6
0020bf7c
002ae03e
00269abe
0028c7cf
00283082
001845ae
00208877
001ed050
0020c65c
0019e933
00218dce
00209638
0024b954
002b69ca
001f1bf7
001a2a89
00266a9a
002579e5
001e7008
002a1fad
0023987b
00247b6f
002a7ff5
001a83f0
00271d6a
001afc4b
00277db2
002655f8
001daf77
002ab6fa
0022409d
002f337e
001bc72d
001f52fc
00213466
001a83f0
00264157
0028a56c
002e12a5
002b1e23
00278b73
002ae03e
00283082
0024446a
001dfb1e
0025fc91
00274d8e
001fba25
001e7008
0023012e
001f8320
00261132
0017586a
002dd4c0
00226300
002d8ffa
002bb570
0020bf7c
00225c20
0023dd41
003001d1
0020282e
001e5b66
002b2be4
00178f6e
00210b22
0017e566
0024e979
00255e63
001818fa
001b6004
0028f113
001ec970
0024cdf6
002b5c09
00279254
0023ffa4
002c83c2
0018423e
002852e5
00261813
0028005e
0022d10a
00225c20
00239f5c
0022bc68
002bae90
0021a26f
0022decb
002f111b
002b4767
00209d19
001e0fc0
0025fc91
00221e3a
001d63d1
0027c959
001fe368
00218dce
001799bf
001ed731
0021648a
0025199d
001951e6
002abddb
0023e422
002496f1
0019b90f
0027f97d
0024748e
001a799f
001928a2
0028fed4
0026c402
001c3536
002abddb
00242fc8
001f8a01
0015549d
001ff12a
00232a72
001e4da5
0017db15
0026fb07
001c0bf3
001f3099
002a86d6
0020282e
001e994c
001e08df
002550a2
00209d19
0023e422
0016f4b1
00189835
00215da9
0021f4f7
00202f0f
00248250
002ebe94
00237618
002c7601
00260a52
00248930
001abe65
00227e83
0023e422
002897ab
001f1bf7
001a8080
001de67c
00205172
00209d19
001ffeeb
001e4da5
001dcafa
0022a0e6
00205f33
002a7ff5
002a344f
0017964f
001864a1
00228563
001f1bf7
0021d294
002a86d6
0023012e
002383d9
0026a880
001d2ccc
002701e7
001f90e1
001f97c2
002c0117
001b7135
0022decb
00261132
001a83f0
001b36c0
00255e63
0023ad1d
002c15b9
00295f1c
0023080f
001fc105
0019b59e
001d2ccc
001fc105
002905b4
001eaded
002232dc
001807c9
0029583c
002d7b58
0028ea32
002859c5
001e5b66
0020fd61
0023919b
0018310c
00235a96
0021792c
001c3c17
001ce125
00270fa9
00209638
00191400
001b032b
002a3b2f
0027bb98
001b66e4
001bce0d
0021d974
0029439a
00268cfd
001f3099
0018a286
001902cf
00264f18
00221079
0021f4f7
002b5c09
0029439a
00299d02
001f453b
00236f38
00242fc8
0026d8a4
00233f13
002270c1
0026d8a4
00261813
002cad06
00207ab6
001fc105
002625d4
0024b954
001c49d8
0018d98b
002118e3
00269abe
001fa583
001d0a69
002776d2
001f7c3f
0023c1bf
001a91b2
001d416e
001a799f
00279254
0022477e
0017d0c4
002cbac7
0017b1d1
0025b7cb
00249011
001d6ab1
0026f426
001ea02c
00205172
0020aada
002550a2
0018347d
0022175a
00226300
001be990
001e46c4
0028a56c
0023f8c4
0021d974
00208f57
00261ef4
0023919b
00234cd5
001ec970
001babaa
001e7dc9
0018d2ab
00247b6f
0025f5b0
002b70aa
002693de
001ef994
00266a9a
0026d8a4
001df43d
0025c58c
00186811
0025eecf
00188a74
002dc6ff
001f9ea2
00260a52
0017bf93
002c9864
001c6c3b
0027546f
001dc419
0021e735
002a9b78
001eb4ce
0020214e
001bce0d
00252e3f
0022251b
0019a46d
001988ea
001b5c93
002df723
001dbd38
001dc419
001cfca8
0024c035
001f3779
0024522b
0026e665
001e3223
0024c035
00197e9a
0026fb07
001e4da5
00278493
00213b46
001c957f
0017fa08
0016f141
002073d5
0025c58c
0027ebbc
002e72ee
002270c1
00207ab6
00208196
00247b6f
0020214e
001b47f1
0019db72
0014f0e4
001b7816
00236857
00276ff1
001f52fc
001b5923
002afbc0
0026861d
001cda45
002814ff
00228c44
001da897
002d21f0
0018cbca
0022251b
001e2b42
00207ab6
002d4b34
0022bc68
002c0ed8
0021a950
001fcec7
001d25eb
0026a880
002345f4
001bb28b
00257305
001ed731
001d6ab1
001659f3
0026c402
0027e4db
0019fdd5
001a0145
001acf97
0024e298
00258e87
00249011
001a1cc7
0023a63c
0023c89f
001ce806
001da897
002315d0
00233f13
0026e665
001e3903
0015ef5a
00234cd5
00288309
0019c360
001fea49
001c2094
00175bda
00205f33
00215da9
001d2ccc
0021bdf2
001ac1d6
0015b175
0025f5b0
0025fc91
001bd4ee
0026861d
00271d6a
0026d1c3
0020214e
0026ed46
0018c85a
001a9522
002512bc
00298f40
00278b73
002512bc
001f59dc
002f9aa8
00214908
001ded5d
00214908
00241446
0024f059
0027d039
002cc1a8
002504fb
001932f3
00160e4d
002f17fc
0025e10e
0022fa4d
002345f4
002738ec
00210b22
001ed050
001be2af
0029b884
001c9c5f
002579e5
00233152
0026d1c3
0018cf3a
0021648a
001b6dc5
00292137
001ec28f
001f453b
001fdc88
001e5486
00196687
0024c035
0022477e
002504fb
002270c1
0017964f
0031ea1b
0024f73a
002afbc0
0025e10e
00250bdc
002270c1
0022e5ac
0020c65c
0017a0a0
002c615f
0021fbd7
001cd364
002550a2
002d96da
0020282e
0020138d
002436a9
0029e8a8
00295f1c
00196d68
0023dd41
001bf751
002ba7af
001a460b
00256c24
0022a7c6
001ec970
001b7135
0020d41d
0021648a
0028d590
0027546f
0020fd61
0027546f
002c3efc
001d1149
00274d8e
001d5cf0
0019a46d
002e0bc5
001e6927
0028dc71
0025fc91
001ee4f2
0027bb98
00287c28
0026f426
001ed731
0023987b
00246dae
001eb4ce
002f4820
001ed050
00258e87
002073d5
002dcddf
001cbec2
00180ea9
002d0d4e
002118e3
0028ac4d
00296cdd
00278493
002852e5
001be990
002c0ed8
001c80dd
0022d10a
00278493
00236f38
00256543
00283082
001fa583
002550a2
002746ad
00205172
00245fed
00280e1f
00284c04
00235a96
00266a9a
0023eb02
002776d2
00242207
001a1276
0017efb7
002186ed
0026c402
00204a91
00214227
00276910
00208196
001b4481
0028f7f3
0024446a
002ab01a
00203cd0
00183b5d
001bc04c
002889ea
001b4481
0024f73a
0021fbd7
001cf5c7
00225c20
002156c9
00214227
002073d5
0025e7ef
002b5528
002035f0
001a3f2a
00213466
002859c5
00229a05
001a53cc
00230eef
0026a19f
0025f5b0
00263395
00249dd2
0020f680
002dcddf
0028fed4
001aad34
001641e1
00261ef4
002043b1
001ebbaf
00283e43
001800e8
001ceee6
001b6dc5
0022175a
00292137
0026a19f
0021fbd7
001f60bd
001d560f
00241b27
002035f0
002ae03e
001fea49
002890ca
001ed731
002005cb
0017c9e3
002a56b2
00194b05
001ae439
00221079
001fdc88
00198fcb
00246dae
001f3099
0020e1df
001d9ad5
001e3fe4
001a8761
001f1bf7
001f8320
0017964f
00208877
001af56a
002c1c99
00227e83
0021cbb3
0025275e
001e5486
0026bd21
0023d661
001ed050
001caa20
002b7e6c
001b6dc5
0015dab8
0021cbb3
001fea49
0023f1e3
002b8c2d
002ae03e
00240685
00210442
0018b728
0027244a
0023c89f
0035ff76
0028ac4d
0021fbd7
0028a56c
0026b641
001fd5a7
0026b641
0027ebbc
001d560f
0020a3f9
0022d10a
002897ab
00259c48
00219b8f
001d9ad5
001dbd38
001a1276
0029b884
0026cae3
002512bc
002bb570
0024cdf6
00210442
002abddb
0020fd61
0022175a
001c3536
0020e1df
001c9c5f
00174e19
00206cf4
0023bade
00224e5e
002d142f
001f8a01
00197e9a
0025a329
001a8ad1
00284c04
0021648a
001a8080
0015c987
002b69ca
00243d8a
002a042b
00214227
0026e665
0021bdf2
001f7c3f
0026df84
0021f4f7
0026d8a4
001a460b
0018ee2d
0024446a
001ed050
001807c9
0021b711
00278493
001f679e
00286e67
001e1d81
002466cd
001bd4ee
001e3903
0035ead5
002a5d92
001b9028
0020282e
0029e1c8
0020efa0
001ac1d6
00207ab6
001d560f
002512bc
001e6247
002b778b
002277a2
001f59dc
001e994c
001996ac
001a573c
0022ec8c
001d5cf0
00208877
00275b4f
001641e1
002b7e6c
001b6374
0023ad1d
0018491f
002b1743
0030d703
002496f1
0026717b
001f97c2
001e2461
001cb101
001c655a
001b9028
002d8919
00205853
0022553f
00224e5e
00216b6b
00244b4b
0029817f
002829a1
001bf070
0020138d
001fa583
0024c035
00289e8b
001a15e7
0025275e
00286e67
002ab01a
00241446
0020282e
001fba25
001a460b
002466cd
0025beab
002e72ee
0018310c
0029b884
002ba0cf
0023ad1d
0020dafe
001c2775
001c5799
002de962
0025a329
001ede12
001b4b62
001b145d
0027546f
001e2b42
002a9497
001d63d1
001951e6
00297a9f
001ce806
001b4111
0017ae61
002550a2
001ede12
002345f4
00302b14
00194b05
00178bfe
00287548
0024f73a
00248930
0025e10e
002fcacc
001d3a8d
001996ac
00291a56
00260a52
0025da2e
00174738
001dd8bb
00259568
0025beab
0025351f
002043b1
0023dd41
001ad307
001e0fc0
00155b7d
001bb96b
0026bd21
001a3169
001b47f1
0027ddfb
0023eb02
001be990
001d25eb
0024522b
0018423e
001cc5a3
0027d71a
002dc01e
0024a4b3
00206cf4
00189835
0021cbb3
001b6a54
001cfca8
001aa9c4
002a9497
0022f36d
001b221e
0025b0ea
002b99ee
0024ab93
0028d590
00214908
0024446a
002c7ce2
0028ea32
001c49d8
001b1eae
002239bd
0021e055
002fa188
002625d4
00171a84
0028073e
00236857
001e7dc9
0027320c
001ed731
001f1516
0025351f
00257305
00273fcd
002a9b78
001fc7e6
002b8c2d
0027244a
0024fe1a
001b4ed2
0019d121
001ff80a
0026d8a4
0018dcfb
0017ec46
0020282e
001df43d
0025eecf
00228c44
001fd5a7
001b221e
001d5cf0
001dfb1e
001c655a
002496f1
001c655a
00288309
001d416e
0019e933
001fea49
001e1d81
001ddf9b
001f4c1b
001773ec
00264837
0023c1bf
0026d1c3
00297a9f
001f29b8
00194424
002e2066
002269e1
00198c5b
002c381c
0026bd21
0028a56c
002a2d6e
002270c1
0025207d
001a497b
0023c89f
001abaf5
0023eb02
0029cd26
0026717b
0027d71a
001c957f
00182a2c
00270fa9
0023987b
001a72bf
00255782
002a9497
001dfb1e
001d484e
001fea49
002663ba
002a56b2
002a86d6
002126a5
0029b1a3
001c50b9
00225c20
002005cb
003114e9
0029a3e2
00260a52
002e9551
001fac64
002a6b54
0025da2e
001f679e
001ad678
0020b1ba
0018eabd
001f22d8
002383d9
0029ef89
001f679e
002e42c9
0025f5b0
001d2ccc
0029515b
00184c8f
00229a05
0020b89b
001ffeeb
00292817
001cbec2
001ffeeb
001902cf
00261813
00279254
001ff80a
002a8db7
0026d8a4
00288309
0021e735
001cda45
00233152
0023d661
0020138d
001df43d
00218dce
00242207
001ca340
0020214e
0027244a
0019933b
0026861d
002a042b
00248250
002b02a1
0023ad1d
00205f33
002eda17
0022d7ea
0021ee16
001951e6
001f9ea2
00177acd
002822c1
0025b7cb
00283082
001e3fe4
0021d294
002dc6ff
00239f5c
001c50b9
002708c8
002579e5
0022b587
00233152
001c0512
00209d19
00264157
001c42f7
002e9c31
002202b8
0025e7ef
002580c6
001dbd38
0020e1df
002436a9
0020e1df
00165683
002746ad
00236857
002126a5
0023e422
0020dafe
002cff8d
001e6247
00296cdd
0029cd26
0024fe1a
001eaded
002353b5
001bce0d
0020efa0
00256c24
0023919b
00228563
002035f0
0028e351
00166e95
0017cd54
00284c04
0026a19f
00256c24
00211fc4
001e5486
00267f3c
002cc888
00252e3f
00240d65
002aedff
0023c1bf
0026d8a4
0027320c
00210442
0029fd4a
002acb9c
0024446a
002bb570
001d5cf0
001bf751
001e994c
0018423e
001a64fe
002cb3e7
001e8b8a
001f59dc
0022f36d
001c12d3
0021724b
0023ad1d
00290c95
0029b884
00292137
00284c04
002cbac7
00256543
001fb344
002b4e47
0028073e
002436a9
001f755f
0023c89f
0019c6d0
0025199d
001e16a0
002bbc51
0025da2e
0022bc68
001c6c3b
00233833
0022d10a
0023dd41
0026fb07
0022409d
002c7ce2
001e2b42
002bd0f3
00297a9f
001e4da5
0020b1ba
0020214e
00264837
002c8aa3
0021cbb3
001f453b
001e2461
00246dae
0028d590
00260a52
002d6d97
001d1149
00257305
001ff12a
00210b22
001f6e7e
001d0a69
0021bdf2
001c79fc
00173977
001a618d
001a618d
0024d4d7
001d0a69
0026e665
0029aac3
001f22d8
002625d4
00233152
001c49d8
0026861d
0020d41d
0021f4f7
001a5aad
00276910
00203cd0
0025f5b0
0021724b
0029cd26
002693de
0028dc71
001d63d1
001dd1da
001fcec7
0023c1bf
0026af60
001aeb19
0018e3dc
0027d71a
00301d53
00226300
001e6927
00213466
0018c85a
001b9028
002859c5
0021f4f7
001d93f5
00221079
00269abe
001f3099
0028b32d
00216b6b
0018e3dc
002a8db7
001b6004
002a8db7
001cfca8
00208f57
00260371
001dcafa
001c5e7a
0021ee16
002e1986
00248930
001d0388
0020cd3d
00184fff
0021a950
00245fed
00297a9f
0022ca29
00247b6f
00298860
00249011
001856e0
001c87bd
0022553f
00284c04
0025275e
001ff12a
001958c6
0022f36d
00230eef
0025a329
002a5d92
00272b2b
002b4086
002232dc
00215da9
001d416e
00244b4b
00209d19
0024fe1a
001a6bde
0029c645
00239f5c
0024522b
001da1b6
0026a880
001eaded
002a268e
00281be0
002814ff
0021d974
001ef994
001b258e
002580c6
001d7872
0020c65c
00190d20
001caa20
00186b82
00247b6f
00291376
0021792c
001b3a30
0026af60
00213466
00267f3c
002a7915
00173296
002746ad
002a7915
002ccf69
0023d661
0023012e
001cb7e2
00160adc
0026861d
002a5d92
001de67c
00279254
00236857
0025351f
001807c9
0023e422
0028ba0e
0028c7cf
001e84aa
0021724b
0020b1ba
00245fed
0020e8bf
0024dbb7
001abe65
001d7872
0022aea7
002c9f45
002663ba
0025cc6c
00284c04
001d25eb
001dd1da
001f0075
00232391
001fb344
00214fe8
002542e0
002a8db7
00189155
00287c28
0028fed4
0022c349
00234cd5
002be595
001d416e
002889ea
00191e51
001ea02c
00211203
001b069c
0016189e
002345f4
001b145d
0028ac4d
00206614
001bc04c
001ae0c8
001ce806
00240685
00299d02
002542e0
001b8947
001f1516
001fdc88
001d63d1
00180ea9
00296cdd
0019f013
00263395
0027c278
001ebbaf
002973be
0025b7cb
001b74a5
001a0826
0025275e
00296cdd
001f679e
0029b1a3
00229a05
001e1d81
001a9f73
002e12a5
00276230
0023080f
001977b9
001a9892
0020dafe
0022decb
002b1e23
0026c402
0026785b
001dd1da
0025351f
0023080f
002073d5
0026717b
0022a0e6
002232dc
001a2718
0026f426
0020b89b
001c2094
00188394
0026fb07
001a0b96
0025f5b0
001eb4ce
002e8e70
0024cdf6
001ed731
0028b32d
001e994c
00233833
001dfb1e
0018ba98
001b36c0
0023eb02
001d182a
0022409d
0018b3b8
0017b542
00257305
002b4086
0029a3e2
00202f0f
001a34d9
0026717b
001f29b8
001b17cd
002b5528
002466cd
001ebbaf
0021cbb3
001b8267
002c9f45
002c313b
001f60bd
001a1957
002a7234
0019fa64
0016a90a
00274d8e
0025e10e
001af1fa
0028a56c
001ab415
002b1e23
00260371
0018cf3a
00192f83
00213466
00277db2
0015e199
00277db2
0023cf80
002f7164
0027b4b7
0019eca3
001c3536
002428e8
00281be0
0029ef89
002436a9
00228563
00238aba
002e72ee
001bce0d
001e926b
0027c959
00264837
0029c645
0029aac3
001f0755
001ef2b3
002277a2
00242207
001cbec2
0028005e
00220998
0022e5ac
0029f669
002d066e
002239bd
00224e5e
001e3fe4
0022251b
0028c0ee
001ff12a
00236f38
002aedff
001d8634
0023b3fe
002d5fd6
0027ebbc
002c15b9
0020a3f9
0029aac3
0025e10e
0027ddfb
0023e422
002a2d6e
00204a91
002aa939
002b62e9
0021d294
001cb7e2
0016d92e
00244b4b
002c5a7f
001ec28f
001c3c17
001e46c4
00264f18
002277a2
001856e0
0026717b
0025c58c
001d484e
001d7f53
001f52fc
001864a1
0017e566
002579e5
0025a329
002a042b
001b7ef6
003068fa
002829a1
00249dd2
0026fb07
001c0512
0029439a
002a1fad
0022ca29
00262cb5
00198c5b
002cb3e7
002d8ffa
002de281
00229a05
00207ab6
001ed731
001daf77
002ab6fa
0019c6d0
001ee4f2
0014a8ae
002587a6
0029ef89
00287c28
002d5214
0021bdf2
0034c9fb
0023012e
002436a9
00277db2
001a3169
00280e1f
00286787
0018347d
0024dbb7
00237618
0027c959
0020a3f9
001f0755
0019a46d
00205172
002202b8
0025e7ef
00214908
00260a52
00255782
00281be0
001f90e1
0022d7ea
001c19b4
001c9c5f
001e1d81
00208196
001773ec
00188de5
0021b031
00299d02
002194ae
0026c402
002270c1
0024446a
001ebbaf
00239f5c
002ae03e
00292817
002738ec
002ab01a
0022251b
001cda45
001595f2
00256c24
001d63d1
0018eabd
002186ed
00210b22
001ea02c
00275b4f
0028ea32
0023c1bf
001a3169
0024f059
00255782
002239bd
001e16a0
001f755f
0019eca3
001d8d14
002550a2
00240685
001dd1da
0027b4b7
002f7845
0018f87e
002b4767
0028fed4
001e3fe4
001f22d8
00228c44
001d4f2f
001bdbce
0020efa0
0022175a
001bb96b
001e46c4
001cda45
0021e055
001f3779
002353b5
001970d8
001caa20
001e3223
001c19b4
0024c716
001e3fe4
0023e422
0027d71a
0020aada
00222bfb
001ed731
00205172
00186131
00255e63
0026b641
001ff80a
002579e5
001b4b62
00200cac
001fc7e6
001ea70d
001f1516
00231cb0
001ccc83
0023b3fe
0021724b
00214fe8
00225c20
001caa20
001cd364
00260371
001e8b8a
001ba4ca
002663ba
0020b89b
0020a3f9
001b6a54
0029e8a8
00192532
001c2094
0028ba0e
00224e5e
002ad95d
0025199d
001a9f73
001fea49
001d0a69
0027320c
00208877
001a573c
0026cae3
00206cf4
002496f1
0023e422
00209638
00204a91
001a9f73
002269e1
001b74a5
001f7c3f
00176d0b
00279254
0018c4e9
002073d5
002b2504
002043b1
001fc105
0023ffa4
00250bdc
0023919b
001f59dc
0019d801
0030f966
001ec28f
002fe64e
002a4210
00199a1c
00229a05
001a0826
002d7b58
0022b587
002f7845
001e6927
00200cac
00256c24
0027b4b7
001bb96b
001f9ea2
00205853
001aad34
002315d0
0027320c
002814ff
0021ee16
002935d9
00287c28
001fcec7
001acf97
0023eb02
0026ed46
00208196
001acf97
00329ceb
001f679e
001d25eb
0023e422
001c3c17
00274d8e
00201a6d
0022decb
00291376
0028ac4d
00229324
002d3d73
002acb9c
0028ea32
00298f40
001ce125
00261813
001f0755
002708c8
002043b1
001970d8
0022a0e6
0021ee16
0023dd41
00294a7a
0024dbb7
002ab01a
0026df84
002270c1
0020b89b
001f59dc
001cc5a3
0022251b
00272b2b
002ac4bb
0022a0e6
0027546f
001c3536
00263a76
0018eabd
00174738
00286e67
001d8634
001f453b
002353b5
00252e3f
00291a56
001c49d8
001ebbaf
001b36c0
0027c959
002829a1
001ee4f2
001cfca8
002156c9
00249011
00187cb3
001a2718
0026c402
001e994c
001e84aa
00214fe8
0023b3fe
0020d41d
0021b031
001d93f5
0020aada
001b8267
002e80af
00241446
001c87bd
001d1149
00221e3a
001c49d8
0026f426
00228c44
001caa20
002156c9
002ceaeb
00142602
00249dd2
001a64fe
001dd8bb
001bce0d
0024c716
00236857
0019d801
001ce806
00278493
001d484e
002c45dd
0024446a
002a4210
001d7f53
002035f0
001c2e56
00221e3a
0019c6d0
00260a52
00180ea9
001fc7e6
001ef2b3
00230eef
002b99ee
001b74a5
0017a0a0
00214227
001e4da5
0025d34d
001d8634
0024446a
001c42f7
0021800c
00205f33
001f60bd
002708c8
00273fcd
0022aea7
00182d9c
001e84aa
00188a74
00280e1f
001be2af
00228563
0020e1df
00298860
0020efa0
002b62e9
00201a6d
0018fbee
001a2a89
0025aa09
002935d9
0029439a
001c0512
00244b4b
0020e1df
001e5b66
001d33ac
00183ece
00265cd9
001c655a
001c2094
001969f8
001d416e
00237618
002ba7af
002cbac7
001a460b
001f8a01
00255782
00215da9
00246dae
00230eef
00238aba
00202f0f
00264157
001b3da1
001d0a69
00252e3f
00260a52
002587a6
00253c00
001acf97
003001d1
00292817
00204a91
0026b641
00221079
0031b316
001caa20
001e6927
00186131
001bc04c
0019f013
001daf77
00191ae1
001ab0a4
002b930d
0026f426
0029515b
002a9497
00283082
0026a880
001d63d1
00249dd2
0023987b
002b4767
002232dc
002f17fc
00228563
00173977
00278493
0028c7cf
00205853
00225c20
001af8db
0021e735
00209d19
00166b25
001dbd38
002b70aa
001f59dc
0028d590
0018d2ab
00205853
001ed050
0027a6f6
00195fa7
001cbec2
00171033
0021e735
002512bc
0024ab93
0021f4f7
001af56a
00210442
0028005e
001b5923
0025da2e
001713a4
002eda17
0024d4d7
0024cdf6
002b5c09
0022ca29
001e3fe4
002239bd
002af4e0
00237cf9
002cff8d
002973be
0018e06c
0028c7cf
00287548
00155eed
0029aac3
0024cdf6
002973be
0021d974
00232391
001bdbce
00293cb9
0018347d
001fcec7
001ef994
00202f0f
002db93d
0022f36d
00204a91
002d3692
00278493
00178bfe
002fc3eb
0020b89b
0019e5c3
00275b4f
00227e83
001fe368
00272b2b
00276910
001c5799
00274d8e
001ba4ca
0018ee2d
00186131
00187cb3
001969f8
002b930d
0019e5c3
001c50b9
00181c6b
0022251b
00230eef
00214908
001c87bd
001a497b
002436a9
00241b27
00261ef4
0028d590
001c42f7
001e7008
001c0512
0023012e
0029fd4a
0023d661
0026af60
00241b27
001c79fc
00279254
002542e0
0018b3b8
002822c1
002b62e9
0025beab
002232dc
002156c9
00188de5
002776d2
002a7234
002a6473
002b7e6c
00249dd2
0022477e
001b4111
0024f059
00276230
001f60bd
00213b46
0024e979
002bbc51
001e7008
0029515b
001da1b6
001aee8a
001fe368
002708c8
0028ea32
0028fed4
001ee4f2
0020d41d
00286787
001d2ccc
0028a56c
002693de
001ebbaf
001bce0d
001ddf9b
0022409d
0023012e
001f6e7e
001f6e7e
00229324
001fcec7
0021fbd7
0026c402
002d3692
002f4820
00211203
001fea49
0031d579
0029d406
0024590c
00279254
00206614
002bd0f3
002496f1
0027ddfb
0016bdac
00172f26
0025207d
00261132
0022a0e6
00187262
00178f6e
001dc419
001f755f
001fc7e6
0021fbd7
00221079
0027e4db
0025351f
0024c716
001d560f
00191e51
00270fa9
00248930
0017e566
002c2a5b
001a8080
0023919b
002df042
001aa9c4
001cb7e2
0029c645
0025da2e
00240d65
00226300
001bce0d
0020bf7c
0020b89b
00205f33
001fcec7
001e4da5
001c8e9e
002a8db7
002bca12
001d33ac
0017d434
002a0b0b
001d6ab1
001d8d14
001dd1da
00221e3a
001ef2b3
0022e5ac
0025b7cb
001fa583
0018c4e9
002663ba
00192532
00299d02
00248250
002cbac7
00261813
002a18cc
002e1986
00262cb5
00273fcd
00283082
001b17cd
002c6840
002a3b2f
002e72ee
001fba25
00263395
00253c00
00173296
002043b1
0021d294
0021ee16
0026861d
00197e9a
001be2af
001f97c2
0022251b
001e76e9
001c87bd
0024f059
00202f0f
0023919b
001d4f2f
00295f1c
001a5e1d
0019d491
00276910
002a48f1
0024f059
00207ab6
00220998
001f3779
0026ed46
001fc7e6
0021b031
001d0388
001a1cc7
0022409d
0020aada
001ded5d
001f29b8
001cb7e2
001d93f5
00233152
001e16a0
0018b3b8
00156caf
00247b6f
002a7ff5
002579e5
001bce0d
001b10ed
002814ff
0029583c
001f7c3f
001a8ad1
0022decb
002232dc
00268cfd
002ee0f7
001a15e7
0023ad1d
001dd8bb
002232dc
0021d294
00208196
002587a6
002c237a
00289e8b
00244b4b
00262cb5
001d3a8d
001e01fe
0024dbb7
00224e5e
002ab01a
001b5c93
002aa939
00276230
002ad95d
00233152
002156c9
00203cd0
001cb101
001fdc88
002f7164
002aa258
00286e67
001babaa
0027d71a
001b3a30
00256c24
0028c0ee
001fea49
001bdbce
002bec75
0022decb
00268cfd
001e7dc9
002b2504
0022477e
0019bfef
0022f36d
002e5e4c
00208196
001d560f
00286787
00267f3c
0027ebbc
001667b5
0019e933
00261132
00278493
001fac64
00236f38
00209d19
002ae71e
00260a52
00225c20
002bd7d3
002353b5
00239f5c
0018eabd
001da897
00253c00
0028ceb0
001c19b4
0020dafe
001f755f
001ab415
001c3536
0027add6
00228563
0025da2e
001f453b
002a6473
00211203
001bce0d
001f9ea2
00220998
001f679e
002bca12
0021cbb3
001dd1da
0024dbb7
002202b8
00212d85
0026861d
001d7f53
0022fa4d
002466cd
002897ab
00286e67
0022b587
0025e10e
001a4cec
00284c04
0024b954
00165683
00233833
002859c5
0027ddfb
00200cac
002822c1
00228563
001c3536
002da49c
001f3e5a
0017fd78
00284c04
002b02a1
002625d4
001fac64
001a3169
002a042b
002353b5
0024e298
001f0755
002e652c
001ff12a
0018f87e
001b9028
001d2ccc
001fa583
002905b4
002814ff
0022decb
0016f821
0022e5ac
0022e5ac
001a429b
001b069c
001f8a01
00237cf9
0027f97d
00180ea9
0020efa0
001ce125
001ba4ca
002693de
0024446a
002bdeb4
002542e0
00182d9c
0018a5f7
002194ae
002c237a
002e2e28
002315d0
0025f5b0
001c3c17
00205853
0025aa09
0025da2e
0023012e
0018423e
002a6b54
00231cb0
00172165
001ee4f2
00228563
001d416e
00209d19
00194b05
0023cf80
0021d294
002abddb
00256c24
001a497b
001ed731
001d8634
0022aea7
0026a880
0018b3b8
0026f426
001a0b96
001f8320
001c2775
00265cd9
002625d4
002118e3
001988ea
00218dce
0017e1f6
0029817f
00302434
001e926b
0028ba0e
002315d0
00276ff1
002af4e0
00205853
0022ca29
0018f87e
00221e3a
0025d34d
0022c349
0025275e
002e2747
00279254
0025eecf
002270c1
00200cac
0025fc91
00241b27
0025aa09
0020a3f9
0018347d
001a9522
0024446a
00276ff1
0023a63c
001f6e7e
0028ceb0
001ee4f2
002dcddf
0028e351
002bae90
0025cc6c
001dd8bb
001eb4ce
001d7872
001807c9
0022decb
001f4c1b
001b9de9
001b8947
00240d65
002ae03e
0024e979
00150586
001d3a8d
0028fed4
002542e0
0024590c
001cbec2
0020138d
0020d41d
00284524
0022553f
001e16a0
001988ea
0021f4f7
002cdd2a
0028c0ee
00208877
002270c1
00216b6b
001e926b
00264837
001d1149
002935d9
0026fb07
0020a3f9
001ceee6
001bb96b
00210442
001cb7e2
00278b73
0020efa0
002035f0
00261132
002c615f
00242207
0024b274
0020138d
0022a7c6
0022f36d
001dbd38
002a9b78
002de962
00191771
0020d41d
002a48f1
00233f13
00284c04
001caa20
0019a7dd
00286787
00239f5c
001e3fe4
001f1bf7
00276ff1
00280e1f
0030f966
002383d9
00182d9c
001ded5d
001a3f2a
00228c44
00232391
001c731c
0026b641
0020e8bf
001e76e9
002ffaf0
00287c28
001ffeeb
0030f966
00253c00
002315d0
002bfa36
002de281
0022decb
002005cb
002186ed
001d3a8d
00283762
00290c95
001e3903
0017b542
00219b8f
00263a76
0018fbee
0020e1df
00208877
00239f5c
001bdbce
00246dae
001a799f
00184c8f
002a6473
0026d8a4
0026785b
002ceaeb
001f0755
001bd4ee
001af1fa
0022fa4d
00267f3c
001babaa
00247b6f
0022a0e6
00215da9
00187cb3
002bbc51
00194795
001a0145
001c957f
002e3508
001e3903
001b8267
002a344f
001a799f
0022fa4d
001f60bd
0020b1ba
00235a96
00298860
00283e43
00271689
00355387
001bc04c
0023cf80
0022f36d
00211fc4
001629cf
0025207d
001fa583
001e994c
0024f059
00204a91
0027b4b7
002b930d
0029439a
002ae71e
0026a880
001acc27
0023f8c4
002b62e9
002a7ff5
002156c9
001daf77
0024b954
002496f1
00305458
001f60bd
00225c20
001eb4ce
0025aa09
002f9aa8
001b4111
0028ea32
001e926b
002126a5
00261813
00207ab6
0021800c
001a5aad
0016dc9f
002f111b
001a04b5
00262cb5
00299621
0018e06c
0022a7c6
0027d71a
001cc5a3
0021e735
00237618
00283082
001dbd38
002512bc
0025da2e
001a5aad
0029e8a8
0022bc68
001e2b42
0028ceb0
002625d4
002d142f
0029817f
00264157
001f8a01
001ede12
00274d8e
0024748e
002cf8ad
0019dee2
001ad9e8
002a9497
002c7ce2
0028ea32
0021792c
001e01fe
0021f4f7
00278493
0025da2e
00200cac
0023e422
0025e10e
0026cae3
001a3f2a
0028f113
0027244a
00208877
0028f7f3
001af1fa
00175189
002fe64e
00213b46
0022c349
001e7dc9
001e76e9
001aad34
00294a7a
002aa939
00259568
002b1e23
00253c00
00208f57
0018c85a
001bb28b
00221079
00291376
001c42f7
002073d5
00196317
0020e8bf
00259c48
002d4453
0021b711
001c0bf3
00181c6b
002549c1
002428e8
0025c58c
0022d7ea
001e3903
002a6b54
00238aba
002a268e
001b6a54
0019d801
0028fed4
0028dc71
00216b6b
002ba7af
0024b954
0020a3f9
0024f059
001ed050
001c12d3
0017cd54
0021e055
0026a880
00173ce7
00233f13
0025eecf
002dfe03
00294a7a
001ff80a
00265cd9
001ce125
0015bbc6
00256c24
001a15e7
0024522b
001e76e9
0027add6
0024fe1a
00239f5c
0024fe1a
0018cbca
002c07f8
0021fbd7
001ee4f2
00168a18
00240d65
001af8db
001ea02c
00237618
0024a4b3
00278b73
0025fc91
001a83f0
0028d590
0025a329
00211fc4
001daf77
001e0fc0
00188a74
001daf77
0024f059
00205f33
0018a5f7
002c3efc
002a56b2
001fdc88
00213b46
001e3903
00275b4f
0028ba0e
001ceee6
002c4cbe
0021bdf2
001fcec7
001b0a0c
001799bf
002383d9
0025eecf
0029583c
002383d9
00209638
0029b1a3
0020aada
001a2a89
001ae0c8
0028c7cf
001a5aad
00220998
0019d801
0026b641
0025fc91
0025b0ea
00245fed
0024e979
002859c5
001e5486
002bbc51
0028f7f3
002a7915
002bb570
0020138d
00216b6b
001856e0
001bc04c
00194e75
002d142f
00230eef
001cda45
001f3099
0016ff02
0027d71a
001ad9e8
0027a6f6
00232a72
002b1743
0022a0e6
001cda45
001977b9
0023ffa4
002b5c09
0025275e
002549c1
00206614
001ea02c
0023e422
001de67c
001bd4ee
001ff80a
001dd1da
001e76e9
001667b5
001bc04c
0018d61b
0023987b
002186ed
001ede12
0023987b
0025aa09
0022f36d
0029a3e2
002ec575
001d6ab1
001b2c6f
001d9ad5
0022d10a
001864a1
00213466
001f755f
001a505c
00213b46
0024fe1a
00204a91
00310047
002e79ce
0024446a
001fc7e6
00205853
0023080f
00229324
0031450d
0025da2e
0020282e
0021ee16
001bf070
002ab01a
0015f9ab
00222bfb
001f90e1
001d33ac
002708c8
0029d406
002b778b
0028e351
00255782
0026ed46
0027add6
001e3223
00206cf4
002126a5
001f1516
002b2504
002e12a5
002965fd
001c655a
001f60bd
0024b954
0020b1ba
0020cd3d
001743c8
0026717b
0023012e
001a9522
0020dafe
001bc72d
001b8947
0018121a
00269abe
0020dafe
001977b9
0026c402
0029a3e2
0021648a
00191090
0023cf80
00139fe6
0022a7c6
00277db2
0022b587
0025199d
002c0ed8
0022a7c6
0019c360
00230eef
001e8b8a
002ad27d
00222bfb
001e01fe
0024d4d7
00227e83
001e2b42
00220998
0026fb07
001b4b62
0030e4c4
001ec970
001ff12a
002829a1
001bdbce
001a762f
002b2be4
0020cd3d
001f6e7e
001eaded
001eaded
0029dae7
0027bb98
001ed731
001b8947
0022d7ea
001a618d
0025b0ea
001f9ea2
001bb96b
00189155
00221e3a
001a4cec
002b5528
00236176
002232dc
0019b90f
0019e252
002353b5
002a3b2f
0024cdf6
001f90e1
001e3903
001d93f5
0024e298
00268cfd
0022bc68
0027f97d
002a9497
0022175a
0026b641
002b5c09
002512bc
0021d974
0027ddfb
001fac64
001b4481
0020cd3d
0019f6f4
002897ab
00250bdc
001d2ccc
001a384a
002270c1
00256c24
001eebd3
00298f40
001bc72d
00246dae
0021648a
00240d65
001e1d81
00286e67
0019f6f4
002a56b2
002852e5
0023a63c
0027ebbc
002935d9
002587a6
0018491f
00230eef
0025aa09
002655f8
002b8c2d
002c3efc
001c0512
002814ff
0020bf7c
001762ba
00289e8b
001f8a01
001d9ad5
0020aada
00278b73
0027d71a
001a34d9
00284c04
002a11ec
00206614
00189f16
0018f87e
00242207
0024590c
00303fb6
0023ffa4
00271d6a
002655f8
0018e3dc
00208f57
001cc5a3
00248930
002bae90
002afbc0
00234cd5
0020d41d
001a8ad1
002b930d
001af1fa
0025eecf
0021fbd7
001ad678
002bb570
0022b587
0026fb07
0029b1a3
001e76e9
001a53cc
001c5799
001a15e7
001b8267
002ee0f7
002bbc51
00196317
00248930
00229a05
0027d039
0016ff02
00185a50
0018b3b8
001dd8bb
002bc332
001a6f4f
002905b4
0030adc0
002c7601
002776d2
0028f113
00260371
0023cf80
002436a9
00241446
001f97c2
001d6ab1
0025b7cb
0026e665
0024cdf6
0025cc6c
002428e8
001fcec7
00271d6a
002bae90
00261132
002202b8
0026785b
00248930
0019857a
0023012e
0022ca29
00298f40
00224e5e
00202f0f
001a2df9
001b258e
001939d4
0028fed4
0025e10e
0018d61b
00286e67
001ce125
00213b46
001ac1d6
001ded5d
001b6004
0027a6f6
001e8b8a
00241b27
0029439a
002cbac7
001f4c1b
0028ba0e
0027320c
001ec28f
002269e1
002860a6
0025da2e
002035f0
0026cae3
0017888e
001ceee6
0018f19d
00256543
00209638
0024cdf6
0024d4d7
0021cbb3
0017ec46
002a9b78
00221079
001ad9e8
002f0a3b
002af4e0
002c9184
0020efa0
001939d4
001ef994
001e2461
001b221e
0018f50e
0019b59e
002897ab
00291a56
00228563
001a64fe
002b4086
001d182a
0017e1f6
001e3fe4
00206cf4
00310727
0020138d
001caa20
001b5923
00241b27
002eda17
002436a9
001ded5d
0019dee2
0024ab93
00216b6b
0028ceb0
00233833
0025aa09
0026785b
001d0388
001d8634
001de67c
0021ee16
00218dce
0023f8c4
002b854c
001e4da5
00262cb5
0021e055
0024590c
00186131
00261ef4
00255782
001ded5d
001eaded
0029a3e2
00233152
001cb101
0018c85a
0022fa4d
00241b27
002436a9
00199a1c
00291a56
0020c65c
001a497b
001e6247
001cc5a3
00293cb9
001d7192
00311bc9
001ac1d6
0020fd61
0027c278
0026b641
002466cd
0025eecf
00276ff1
001cf5c7
001bd4ee
002ab6fa
0023ffa4
002186ed
001940b4
00283082
001ffeeb
001a6f4f
001a23a8
00286e67
00292ef8
0026a880
0026861d
001d9ad5
0023987b
002126a5
001f1bf7
001d1f0b
0023e422
0027bb98
001e926b
0027ebbc
001a2718
00215da9
00228563
00284524
002bd0f3
0029817f
0017d0c4
00289e8b
0025e10e
0020d41d
0019063f
001fdc88
001fb344
00234cd5
0029b1a3
002b4086
0024ab93
00202f0f
001d1f0b
001c3c17
00233f13
00299d02
0020fd61
0029fd4a
002c9184
0024748e
0023d661
00248930
001b2c6f
001d2ccc
002ce40b
00205f33
00231cb0
0016189e
00209638
0023dd41
002f8606
00255e63
002c15b9
001cbec2
00205f33
00211203
002693de
00224e5e
0020efa0
002bb570
0023ffa4
001d93f5
001d1149
0020214e
0018a967
001c19b4
001dcafa
0023bade
0019cdb0
0015ef5a
00233152
0017e8d6
00269abe
0027244a
0026861d
00257305
001d6ab1
0022e5ac
001ba4ca
00196687
001fc105
00295f1c
001cd364
002a4fd1
0023c1bf
00268cfd
002496f1
00206614
001a618d
00275b4f
002814ff
0021fbd7
0023ad1d
001ff80a
00186131
001f679e
0028f7f3
0027add6
001d1149
00173296
00233833
001f0075
001af56a
0020efa0
002504fb
001ad307
0024ab93
001f0075
0024a4b3
002118e3
00242207
0023c89f
0023cf80
001c12d3
002e9c31
00265cd9
0022b587
0020b1ba
00214fe8
001dcafa
001d0a69
001d0388
001c80dd
001ad307
001bfe31
00161f7e
002a6473
0024e298
002cad06
00227e83
001caa20
0022e5ac
00276230
002cc888
00258e87
0020bf7c
00264f18
002a56b2
001d416e
00233833
0026f426
00226300
002504fb
001f97c2
001d5cf0
00261ef4
001f0075
00238aba
0020b89b
001dd1da
00173ce7
00256c24
002542e0
0026cae3
001c80dd
0021ee16
001b7135
0026861d
001cb7e2
00233152
00249dd2
0021bdf2
002a268e
00180ea9
001f8320
002466cd
002035f0
0028dc71
001e84aa
00203cd0
0021fbd7
0025d34d
0024590c
00182d9c
0025cc6c
0018d2ab
002a1fad
0020d41d
00261813
0020b89b
00191ae1
002315d0
0021ee16
001fac64
00240d65
001902cf
0018310c
002ba7af
00280e1f
0021648a
00259c48
00269abe
001c42f7
002504fb
0017775c
002d5fd6
00248250
00208196
0023f1e3
00210b22
0026f426
00292137
0016e6f0
002c15b9
001f0075
00221e3a
00194795
002e72ee
002ad95d
0019933b
00259c48
001f755f
002005cb
00210b22
0024e298
001a7d10
0028e351
00204a91
001a618d
001c6c3b
002965fd
00262cb5
00296cdd
00309ffe
002a042b
001cf5c7
001b7b86
0027f29c
0025cc6c
001eaded
00272b2b
00209638
001c19b4
0017e1f6
001f8a01
0026df84
001e5486
0019063f
0026861d
002e04e4
0016b6cb
002fa869
00258e87
002587a6
0020c65c
00168337
00261ef4
001e2b42
001516b7
00259c48
002579e5
002ad27d
0023ad1d
0022aea7
00187cb3
001dfb1e
00292817
00201a6d
001fc7e6
002345f4
0023012e
00211203
001ceee6
00248930
0024b274
002b1062
00190d20
00246dae
002d8919
0025da2e
0021a26f
002829a1
00229a05
001a8080
00291a56
0025b0ea
0021d294
001b3da1
002822c1
002d96da
00180ea9
00204a91
002d8919
0024c035
00205853
0026af60
00194795
00240d65
0023f8c4
002579e5
001ab415
002a8db7
001fd5a7
001daf77
001be2af
0025aa09
0022409d
00288309
00194795
0018a5f7
002277a2
0026c402
001e8b8a
0028a56c
001b74a5
0024fe1a
001abe65
00267f3c
0023f8c4
00271689
0026c402
001ea02c
0016c48d
002889ea
00226300
002a0b0b
0025aa09
00181c6b
0031b9f7
0027d71a
001ec970
001eaded
00273fcd
002542e0
0032960a
0022409d
001be2af
002f17fc
0029f669
002580c6
001d7192
001ea02c
001c9c5f
00213466
00210b22
001eebd3
001c6c3b
0025e10e
00213b46
0018c4e9
0022fa4d
002512bc
00180ea9
0027c959
0026c402
002e2e28
002c615f
001e4da5
002a3b2f
001c731c
0027add6
002353b5
001c79fc
001e2b42
00277db2
0020c65c
001a8e41
00267f3c
0023bade
001acc27
00269abe
0026ed46
001c87bd
00242fc8
0020e8bf
001a2a89
0023f1e3
00220998
002a7ff5
0017775c
0025275e
001d5cf0
00241446
00291a56
00242fc8
00283082
001ba4ca
001b221e
002af4e0
00287548
001da897
002a2d6e
001f4c1b
00191e51
001dd8bb
00246dae
0029a3e2
002a7915
00271689
0023eb02
002b62e9
00229a05
002b62e9
002ad95d
001fb344
002859c5
0019c6d0
00271d6a
00230eef
001ac1d6
0018ff5e
002afbc0
00273fcd
0026ed46
001b74a5
0024748e
002905b4
0022e5ac
002579e5
001e01fe
0026b641
0028ba0e
002345f4
00203cd0
00189f16
001c3536
0018fbee
00211203
002b1062
00236857
001ea70d
001b5923
00216b6b
001d5cf0
001eaded
0018ff5e
002814ff
0026f426
001d7872
0022d10a
001a2038
001d63d1
002c313b
001f0075
002156c9
0021a26f
00206614
002428e8
001c5e7a
00205172
0027e4db
00287548
0024b954
002c1c99
002ae03e
001daf77
0021e735
002b69ca
001c655a
00301d53
002ddba0
00186811
00276910
00299d02
001bfe31
0020b89b
0019f384
00187cb3
001c2094
001ec970
00201a6d
0022d7ea
002ae71e
0019cdb0
00264837
001932f3
001800e8
0029dae7
002ab6fa
0017d434
001f755f
0023d661
0021a950
001b36c0
0018347d
0028dc71
0023cf80
001f755f
001d9ad5
002a7ff5
001856e0
001f90e1
0025e7ef
0021c4d2
001ef2b3
0020fd61
001eaded
0018fbee
001c6c3b
001d560f
001ded5d
002156c9
0017e1f6
00260371
00255782
00242fc8
0022bc68
00230eef
002a268e
002d2fb1
0024446a
0025e10e
0025beab
001fdc88
001d0388
0020214e
001d4f2f
001ff80a
002935d9
0021b711
001cc5a3
0020efa0
0022decb
0018a967
0028005e
002b4e47
002c6840
001dd1da
0029fd4a
001dfb1e
0024522b
00202f0f
001f9ea2
001d416e
001ec970
0024ab93
001875d2
002428e8
002550a2
002dd4c0
0023919b
0018cf3a
0028073e
002b8c2d
0025cc6c
001abaf5
0029cd26
0022aea7
0013d37b
001ddf9b
0026c402
00299d02
001d6ab1
00220998
001d416e
00198c5b
00192c12
0026cae3
002b32c5
002ae03e
001db658
001d484e
0029515b
0028ac4d
00229324
0028005e
002655f8
002776d2
001babaa
001ef2b3
001d7f53
002c6840
00219b8f
001d93f5
001f1bf7
001ce806
001ede12
001fe368
002005cb
00189ba6
001ded5d
001d33ac
002b1062
001ccc83
002746ad
00243d8a
00262cb5
00209638
00298860
0020a3f9
001acc27
002580c6
001b17cd
00276910
0022553f
001ede12
001d1f0b
001aa2e3
001f8320
002504fb
00273fcd
0029b884
00261132
00203cd0
00196317
001be990
001724d5
002faf49
0027f29c
002a2d6e
0023c89f
001a1957
0024ab93
001f97c2
00278493
001c42f7
002239bd
002c539e
001dcafa
0019d491
001c3c17
0018c85a
001a15e7
00257305
002746ad
0026ed46
0026c402
001b8947
001d0a69
002504fb
00293cb9
00202f0f
002b930d
001f22d8
002df042
00278493
0026717b
00261132
001ed050
001ee4f2
0026861d
002ac4bb
002ab6fa
001894c5
00213466
0023eb02
0028f113
002e3508
0023f8c4
00237618
0028c7cf
0020e1df
00200cac
00248250
001e6247
00263395
002822c1
00264157
0027ebbc
0020b89b
001c79fc
0027a015
00276ff1
00255e63
002a1fad
001f97c2
00197e9a
002345f4
0022d10a
0027320c
00256c24
002587a6
00255e63
0022477e
001b9708
0017fa08
0027244a
0024fe1a
0021a950
002232dc
002e3508
002f7f25
002cdd2a
001ae7a9
0021648a
00240685
001826bc
002580c6
0025beab
00291a56
001ea02c
002b32c5
002708c8
001c79fc
0027f29c
0021724b
0024c716
0020e1df
0028f113
002a7234
00206cf4
001d9ad5
00189835
001ed050
0023a63c
001ab0a4
002bdeb4
0025b0ea
0022e5ac
0021e735
001d63d1
001f0755
001eaded
002118e3
001d0a69
001c731c
0026d1c3
002a56b2
0026fb07
002dab7c
0025d34d
002512bc
00232391
001abaf5
00212d85
001a2df9
00186131
001b069c
0023919b
0025c58c
00211203
001a72bf
0028dc71
0024522b
001e08df
002a8db7
002c1c99
0025199d
002c3efc
00289e8b
001ff12a
002829a1
0022175a
00220998
001845ae
0027b4b7
00259568
002935d9
001a573c
001c80dd
001af56a
00261132
0024c035
0020214e
00209d19
0026785b
002270c1
00201a6d
0028b32d
00246dae
002de962
0018e3dc
001f22d8
001a618d
0022ec8c
002b32c5
001f3099
001be990
00287548
0022c349
0022ec8c
00229a05
002a48f1
001e08df
00213b46
001f3779
00165313
001d33ac
0019aebe
002aedff
00238aba
0028ac4d
002202b8
001eb4ce
0020fd61
0023f1e3
002b930d
0023ffa4
0020a3f9
001a384a
001cf5c7
001799bf
001f22d8
0027e4db
0026861d
0024590c
0020efa0
0015c2a6
001d63d1
00248250
0020c65c
001c957f
0017586a
0027a015
00212d85
002738ec
00256c24
002dfe03
00237618
001d2ccc
001be990
0016afeb
00264f18
002ab6fa
0026fb07
0023cf80
0022553f
001d484e
0025a329
0024e298
001ffeeb
0021cbb3
001d3a8d
001fba25
001e84aa
00262cb5
00243d8a
0023c1bf
002af4e0
0028073e
002504fb
0021e735
001cb101
00246dae
00279254
002829a1
0029583c
002df723
00276ff1
002c07f8
0028f113
0020dafe
001f9ea2
0025cc6c
0022d10a
001b5242
002bbc51
002c6840
0024a4b3
00259c48
002e1986
002bca12
0028b32d
00269abe
001c5799
002512bc
0028f113
002c237a
0020d41d
001ed050
0026a880
0024cdf6
0020e8bf
0020bf7c
002708c8
001b6374
001b10ed
0022bc68
002701e7
00230eef
0024e979
002814ff
0029439a
0024c035
002cc888
001ce806
0022fa4d
00240d65
002126a5
00221e3a
002c5a7f
001ee4f2
001da897
001f22d8
001ba4ca
0018a967
001f0075
00220998
0022251b
001a618d
0028d590
001ac546
0022fa4d
001d8634
001f52fc
001e994c
001acf97
001875d2
00236857
002a4210
0025e7ef
0022553f
002ce40b
0026717b
0023d661
00281be0
00241b27
002a4210
00189ba6
001cc5a3
001b6004
002e508b
001e01fe
00233833
002277a2
001ffeeb
002428e8
001daf77
001ff12a
00244b4b
001d1f0b
00248930
002b7e6c
00232a72
00167fc7
0024cdf6
00249dd2
0026af60
001a6bde
0027bb98
0028005e
001f1bf7
002e49aa
00276ff1
00221079
001e926b
001aa9c4
0028c7cf
0027ebbc
002b62e9
00205f33
00192f83
00178f6e
0026cae3
00210b22
00210442
0020bf7c
002e2066
002d7b58
0020d41d
0022b587
001f1516
0021b711
001d0a69
00299621
0025aa09
001b0d7c
0015a724
002a3b2f
002a9497
00288309
00208877
0024b274
001705e2
001fc105
002f4f01
002d21f0
002d3692
00214227
002e8e70
00195c37
0024522b
00286e67
001c50b9
001e7008
00287c28
001f0755
001ab0a4
0021648a
001b3a30
0019857a
00273fcd
00244b4b
00260371
001c50b9
001f1516
00268cfd
0025aa09
00225c20
0017b8b2
001e01fe
002c7ce2
0020b89b
0021792c
001a7d10
0017775c
00242fc8
0019f6f4
0019e5c3
002814ff
0021792c
00303fb6
001f453b
002e80af
0020cd3d
001d1149
001d7192
002587a6
00231cb0
001754f9
001f97c2
0029dae7
0026cae3
001e7dc9
0021792c
0018b048
001fc7e6
0027f29c
0027c959
001cda45
00200cac
0025199d
0020b89b
001d9ad5
001ce806
001af1fa
0018ba98
0027546f
001e3903
0018491f
00207ab6
001cf5c7
00261ef4
00279254
00241446
001a0145
00210b22
00283082
00179d30
0019e933
002859c5
002965fd
00262cb5
00207ab6
00271689
00213466
0024522b
002e0bc5
001f453b
002b8c2d
002738ec
0023bade
0022b587
00189155
00243d8a
002a7234
002383d9
0028005e
001f6e7e
00169468
00247b6f
0025b7cb
0024a4b3
0027ddfb
001951e6
00236176
0021a26f
00286787
002693de
002905b4
00284c04
00241b27
001f0075
002c0ed8
002df723
002b0981
00267f3c
00266a9a
001c42f7
001864a1
0027add6
0018e74c
001eebd3
0027add6
0028c0ee
00269abe
0024b954
0018be09
0020b1ba
0026785b
00287548
002d7b58
0023eb02
0027c278
0028f7f3
0025e7ef
001902cf
0018cf3a
001a762f
00200cac
002ab6fa
0023e422
001e3fe4
00291376
00276ff1
001e01fe
00274d8e
002852e5
00240685
00236f38
0020efa0
001bf070
001e08df
0022ca29
001ca340
001e6927
0027546f
001f0075
002f8606
0022aea7
002005cb
0020e1df
002512bc
0024590c
0023ffa4
001b9de9
0023012e
00198fcb
002c9f45
00292817
001b4481
001a15e7
0024f059
0025cc6c
001ddf9b
00245fed
001f59dc
0018eabd
002353b5
00189ba6
002905b4
0023cf80
00290c95
00275b4f
0027e4db
0027b4b7
00299d02
00205f33
002a0b0b
0026b641
0022d10a
001f52fc
001c6c3b
002118e3
00231cb0
0024f059
0020fd61
0029817f
00202f0f
001aeb19
002b69ca
001b9028
00299d02
002860a6
001856e0
001db658
002625d4
002b778b
002c9184
0023eb02
001e6927
002035f0
0020b89b
00263395
001aa653
002428e8
00216b6b
002b2504
001e5b66
0023987b
0025d34d
00276ff1
001e2b42
0022decb
0024e298
002f4140
0021724b
0025b0ea
00278493
001e6927
001f59dc
001c655a
001e2b42
001babaa
001a384a
002bb570
001cb101
001fa583
00269abe
00249dd2
0026a19f
001ef2b3
002496f1
002587a6
001f3779
0019ab4d
0022b587
00277db2
001ec28f
001aa653
0022aea7
0025e10e
0028ba0e
0027bb98
0024d4d7
00208196
002acb9c
002239bd
0022409d
001bd4ee
002ddba0
0028f113
00195556
002436a9
0025b7cb
00222bfb
00196317
00284524
00263395
002bb570
001ef2b3
00209d19
001e3903
00228563
001a618d
0023d661
0017d7a5
002a6b54
00298f40
00264157
001ae0c8
00256c24
0028d590
001df43d
002b5528
0020fd61
00256543
002035f0
00193d44
001f0755
0016ff02
00294a7a
002897ab
001ed731
0023dd41
002fb62a
0018dcfb
002776d2
00304697
0024e979
0020dafe
001d5cf0
0029e1c8
001a762f
001bc04c
00240d65
0022fa4d
001dfb1e
001a1957
001a9892
0022b587
0023012e
001f29b8
0021b031
00215da9
00270fa9
0021ee16
001fba25
0020c65c
0025d34d
00263a76
00281be0
0021d974
001f3779
0021bdf2
00194424
00255e63
002c0ed8
00259c48
0020e1df
0019e252
00228563
001c79fc
002466cd
001781ad
002ab6fa
001e6927
001babaa
001f8320
001ebbaf
0029ef89
00279254
0023c1bf
00230eef
001d1f0b
0024cdf6
002436a9
001c6c3b
001dbd38
002acb9c
001f679e
001996ac
0028c0ee
0023c89f
0027a6f6
001a2a89
0021e735
001ea70d
002549c1
0025fc91
002a0b0b
001ff80a
002890ca
002ae03e
00253c00
001f0075
0026a19f
001792df
0024b274
0023eb02
0023d661
002043b1
0020e8bf
001ba4ca
0026f426
002315d0
002b39a6
00240685
0017851d
002bd7d3
002bc332
0022477e
001aee8a
0023c1bf
0016ff02
0024748e
001e84aa
0020e8bf
001f52fc
001c957f
001ad307
001d25eb
001b2fdf
0028f7f3
00289e8b
0025da2e
0023d661
00241b27
00241b27
0022251b
0022409d
00259568
002005cb
00299621
002a7915
001e926b
002232dc
001ca340
001cb7e2
00241b27
001a72bf
0018536f
0022b587
00248250
001ff12a
00211203
0022a0e6
002aedff
001e46c4
00214fe8
0019bfef
001c655a
002c15b9
0023dd41
001b9708
002118e3
002ad95d
001ded5d
001ddf9b
0022d10a
00264837
00284c04
00253c00
0020138d
0027add6
0026c402
0027320c
001d93f5
001ab415
001dbd38
001f8a01
00242207
002625d4
0022d7ea
0025351f
00248930
001e994c
001eebd3
00188023
002ad27d
0023a63c
00288309
001c9c5f
00283082
001ff12a
00283082
00296cdd
00237618
002c9184
00274d8e
0028ceb0
00185dc0
002d7b58
0020c65c
00175bda
0018158a
002b99ee
001d93f5
0023b3fe
00271d6a
0026f426
001cb101
001cf5c7
002f17fc
001ab415
001e2461
001977b9
001fe368
002eeeb8
001f3099
001ac8b6
001da897
0026ed46
001d93f5
001ab785
001eebd3
0021b031
001e0fc0
001f9ea2
0021bdf2
002905b4
002353b5
00219b8f
001dbd38
00170953
00264157
0028c7cf
001bd4ee
0019aebe
003008b1
0027244a
002655f8
002ab6fa
001fa583
00264157
0025f5b0
002ceaeb
0022c349
001c2094
001996ac
0029a3e2
0020138d
0017aaf1
00191e51
0023987b
001ec28f
001ba4ca
0024f73a
002a4210
001e2461
00159cd3
001a686e
002e49aa
003f8fcc
0021f4f7
0010d138
00147bfa
0013d00b
00136201
00150fd7
00163420
00144185
0014039f
00154a4c
00136fc2
00141841
0014fea5
0014ea03
00183b5d
0014b66f
00150586
00147f6a
00132afc
00163b01
00174738
001697d9
00172bb6
0016a59a
0015693e
0015d3d8
0014dfb2
00174057
0015bbc6
0017662b
0015e509
0016d92e
00142972
0013c249
0015549d
00160e4d
001349ef
00160e4d
001648c2
00132e6d
0015c616
0015b175
00165683
0015ebea
001380f4
00157de0
001773ec
0013e81d
001a2df9
0015dab8
00177e3d
0015701f
00146e38
0016b35b
001e3fe4
00194e75
00164c32
0014b9df
001b3a30
0017a0a0
001ac546
0013eb8d
00160adc
001ab785
0013fcbf
00121b55
00158150
00171a84
00234cd5
001ebbaf
001799bf
001f0e36
0019bfef
0021800c
001c49d8
00185dc0
00192c12
001e46c4
00200cac
002315d0
001eb4ce
001fd5a7
001b74a5
00283082
00119539
0023c1bf
001c12d3
001dd1da
00171df4
00214908
0015dab8
00237cf9
00207ab6
001d93f5
0015738f
001e84aa
001cd364
0027d039
00120342
001d9ad5
002b778b
002c615f
002e49aa
00113bd1
001010a7
0010b5b5
000f2a43
0011196e
0011272f
00114992
00104b1c
0010fdec
0010c377
001134f0
0010a114
00113861
00104e8c
001142b2
0010a7f4
0010d818
00114d03
0010f02a
001134f0
00119c19
00116515
00119f8a
0010d4a8
00119f8a
00114d03
0011b79c
0011272f
00116bf5
001198a9
00125259
0011fc62
0012971f
00122916
0012b2a2
00125caa
0012abc1
0012a4e1
0012c3d3
0012d194
00134d5f
0012c063
00135440
0011f211
001349ef
00121104
00130c0a
00121104
001319cb
0012d505
0013aa37
00123db8
00136c52
00108221
0013b118
00124b79
00130529
0012d875
0012e2c6
00129e00
001338bd
00127b9d
00138b45
00121104
0013c5ba
0012a4e1
0013aa37
0012e2c6
0013430e
0012bcf3
0012fad8
0012b2a2
0013a357
00127f0d
001301b9
0012638b
0012f087
00130529
001274bc
0012638b
0013430e
0012a4e1
00132e6d
00122916
00130529
0012abc1
00134d5f
00126a6b
00130899
0012c3d3
00131d3b
0012d505
001357b0
0012b982
0013467f
0012a851
0013d6eb
00130899
0012f3f7
0012c3d3
0013eb8d
00130529
0013d6eb
000fa60e
00138b45
0012ce24
00139906
00128cce
00139906
0012f768
001319cb
0012971f
00139225
0012a4e1
00139225
0012af31
0013a6c7
0013241c
00136fc2
0013430e
001350d0
0012f768
0013ada8
001274bc
00135b20
0013278c
001357b0
0012af31
0012bcf3
001312ea
001350d0
0012f3f7
00133f9e
0012a170
001349ef
0012714c
0012fe48
0012fad8
001331dd
0012c3d3
00136c52
0012d194
0013430e
001236d7
00135b20
0012a170
001387d4
00128cce
00131d3b
0012af31
0013b7f9
0012af31
0013430e
00103d5b
00138464
001285ee
00137333
0012f768
00139c76
0012c3d3
001368e2
0012d875
00139fe6
0012a851
0013f26e
0012c744
00136c52
00133f9e
00138b45
00136571
00139c76
0012e2c6
0013ddcc
00130c0a
0013eb8d
0012abc1
0013cc9a
0013278c
0012e2c6
00135440
00136c52
001338bd
0013e81d
0012a170
00142ce3
00137d83
00142602
00133f9e
0013c5ba
00136fc2
0013f94e
001312ea
00140a80
0012d194
0013cc9a
0012af31
0013f5de
0012df56
00137333
001319cb
0013f5de
00138b45
0013d6eb
0010b926
0013b118
0012ed17
0013e81d
001312ea
0013f5de
0013278c
0013a357
0012ed17
0014070f
001320ab
00145d07
001357b0
00145997
0013aa37
00145997
0013c5ba
00146758
0013d6eb
00141f22
0013165a
00144f46
00139c76
00143053
00139906
00135440
00136fc2
00140a80
001357b0
001463e8
00131d3b
0013f26e
00133c2e
00144865
00136fc2
0013c92a
00139596
00143734
0013ada8
00143aa4
0012e636
00148d2b
00139906
0013eefd
001387d4
0013d00b
001380f4
00143053
0013467f
00141f22
000fff75
0013d00b
00132afc
00142292
00139225
00142292
00132afc
0013a357
00135e91
00144f46
0012e2c6
001452b6
00135b20
00144bd5
00136c52
0013f5de
0013bed9
0013d37b
00139fe6
00143734
001349ef
00146077
00139225
00147f6a
0013da5c
0013a6c7
0013bed9
00142ce3
0013bed9
001444f5
0012f087
00145626
00139fe6
00144bd5
00135b20
001414d1
00139fe6
0013f26e
001349ef
00142ce3
00130529
00147bfa
00132e6d
001433c3
00136201
0013e4ac
00138eb5
00142ce3
0013bed9
0013e4ac
0010b926
00144bd5
00139225
00141bb1
001320ab
00140df0
00136c52
0013f5de
00136c52
001414d1
0012f3f7
001482da
00132e6d
00143734
00139225
00142292
00139906
0013e4ac
00139906
00140df0
00130529
00145d07
00133c2e
00145626
0013354d
001312ea
00135e91
0013eb8d
001380f4
00146758
00135e91
00141bb1
001349ef
0014977c
0013b7f9
00144f46
001387d4
001482da
001376a3
00140a80
0012f087
0014977c
0013bed9
00144865
001320ab
00139fe6
00138eb5
001463e8
00138b45
0013f94e
000ff1b4
00140df0
0013241c
00140a80
0013b118
00142292
001376a3
0013d00b
00137333
00142292
001331dd
00148d2b
0013e4ac
00142602
0013ada8
0013eb8d
0013e4ac
0013e4ac
00138b45
00143e14
0013430e
00141160
001357b0
00146e38
0013b118
00135e91
00131d3b
001414d1
00139225
001463e8
0013278c
00146758
0013c5ba
00147519
00137333
00141841
00137a13
00142602
00136c52
001433c3
00130899
00148d2b
001320ab
0014909b
0013ada8
00145997
0013a357
00145997
0013d6eb
00147889
0010e5da
00144bd5
0013a357
001489bb
0013467f
0013fcbf
0013b7f9
00146077
00134d5f
00147519
00138eb5
00146077
00138b45
0014864b
0013c249
00143053
0013a357
00145626
00140df0
00144865
00133c2e
00147bfa
0013bed9
0014a8ae
00137333
00133f9e
0013ddcc
001452b6
00136201
00142ce3
001357b0
00147519
001331dd
001444f5
0013b118
0013f94e
00136fc2
00144bd5
0013bb69
00144f46
00130c0a
00143aa4
00139906
00144f46
0012fad8
001414d1
00136c52
0013eb8d
0013165a
00140a80
0010e94a
001414d1
0013467f
0014864b
0013c5ba
00145626
00138eb5
00146077
0013d6eb
001471a9
00133c2e
001482da
0013e13c
00145997
00133c2e
00144f46
0013f5de
001444f5
0013467f
0014a1cd
0013b488
001433c3
00135b20
0014940c
0013d6eb
00139906
00134d5f
00141bb1
001380f4
00145d07
0012e2c6
00148d2b
0013bb69
00148d2b
0013da5c
00145d07
0013d6eb
00149e5d
00138464
001471a9
001368e2
001444f5
0013278c
001452b6
00139fe6
001444f5
00136fc2
001444f5
0013d6eb
00143e14
0010f02a
0014940c
001368e2
001433c3
00135440
0014002f
0013b488
0013f26e
00139906
0014940c
0013a6c7
0014909b
0013b7f9
0014a53d
0013f5de
00150586
0014039f
0014e323
0014039f
0014940c
00139225
001516b7
0013e13c
0014cb11
0014002f
00141f22
0013f94e
0014940c
0013bed9
0014a1cd
0013aa37
001489bb
0013d00b
0014f7c4
00147519
0014864b
00139596
001482da
0013d6eb
0014977c
00138464
0014a8ae
0014070f
0014c430
0013bed9
0014c430
00143734
0014e323
00147889
00147f6a
00128cce
0014ea03
00136201
0014b66f
0013f94e
00145997
0013b488
0014c7a0
00146758
0014dfb2
00136fc2
00146ac8
0013d6eb
0014cb11
0013b488
0014ac1e
0013fcbf
00145626
0013aa37
00141bb1
00141841
0014a1cd
0013e4ac
0014b66f
00141bb1
00144bd5
00140a80
0014b9df
00144865
0014ed74
001380f4
0014d1f1
0013d00b
00149e5d
0013c249
001433c3
00140a80
001471a9
00139596
0014cb11
0013241c
0014dfb2
0013467f
00147889
001376a3
001452b6
0013a357
0014940c
0013f26e
00144bd5
00118ae8
0014cb11
0013ddcc
001489bb
001349ef
00149e5d
00139906
0014f0e4
0013ddcc
0014bd4f
00139225
0014f454
00138eb5
0014a53d
00141bb1
0014864b
00138b45
0014f7c4
00144185
0014ac1e
00135440
0014b2fe
0014002f
0014d561
00137d83
00140a80
0013e4ac
001489bb
0013fcbf
001516b7
0013c5ba
0014c430
0014039f
00151347
001471a9
0014d8d2
00141160
0014d8d2
00147f6a
0014dc42
00139c76
001527e9
00145626
0014f7c4
0013e13c
0014909b
00147bfa
00151d98
0013eb8d
001471a9
0011e450
0014d561
0013eb8d
0014f7c4
00141f22
00150586
0013eefd
00151a27
00146077
00154a4c
0013d37b
00155eed
0014a1cd
0015323a
00145997
0014dfb2
00149aec
00153ffb
001482da
00156caf
001433c3
00157700
00144865
00158150
0014b66f
00146ac8
00142292
0015391a
0014a1cd
0015436b
0013fcbf
00152ec9
001471a9
00156caf
001433c3
00153ffb
0014a53d
0015ae04
001433c3
00157700
0013f94e
0015580d
00144185
0015738f
00141bb1
0014e693
001414d1
0015580d
0014a1cd
0014f7c4
0011e7c0
00152b59
00147bfa
0015aa94
00142292
0014dfb2
001489bb
001516b7
001414d1
00150c66
00143e14
0015625e
00143e14
0015701f
0014977c
00152108
0014940c
0015512c
0014a1cd
00159282
00141f22
00158831
0014b66f
0015738f
0014909b
0014864b
00146ac8
00153c8a
0014a1cd
001565ce
00145626
0015d3d8
0014977c
00156caf
001452b6
001516b7
00145d07
0015693e
00144185
00155eed
0013f5de
00154a4c
00143734
0015391a
0013e81d
0014a8ae
0014a53d
001527e9
00141bb1
0014dfb2
00118778
0014dfb2
00143aa4
0015580d
0014977c
0014d561
00142602
0015512c
00146ac8
001527e9
00147519
00159cd3
00146e38
001527e9
00145d07
00153ffb
00149e5d
00154dbc
00144865
00157700
001471a9
0015693e
00145d07
0015701f
00149e5d
00147f6a
00144865
0015bf36
0014f454
00152ec9
0013d00b
0015580d
0014b2fe
0015f63b
00146077
0014f0e4
00147f6a
00153c8a
00146ac8
00154dbc
00146ac8
00158ba1
0013fcbf
00152108
00147519
0014d1f1
00142ce3
00151347
00149e5d
0014d561
0011cfae
0014ea03
001452b6
0014fea5
00141841
0014b9df
001471a9
0015391a
00143053
00152ec9
00149e5d
0015701f
00143053
00157de0
0014909b
0015738f
00146e38
00157de0
001508f6
0015b4e5
00144f46
0015ccf7
0014af8e
0015e199
0014c0c0
0014d8d2
00148d2b
0015693e
00147519
00159282
00149e5d
001565ce
0014b9df
0015bbc6
0014f7c4
00157a70
0014cb11
00159282
0014dc42
00158831
00142602
0015bbc6
00152478
0015ccf7
00146ac8
0015a724
0014bd4f
0015bf36
0014c0c0
0015aa94
00127b9d
00159963
001489bb
0015d3d8
0015391a
00155eed
001489bb
00159963
0014d561
00158f12
00144bd5
0015a724
001516b7
0015f9ab
0014909b
001546db
0014dc42
0015aa94
0014a1cd
0015bbc6
0014ac1e
00158831
001482da
00159cd3
0014a8ae
0014c7a0
0014a8ae
0015e879
0014bd4f
001603fc
0013eb8d
0015e879
0014e693
0015ccf7
0014a8ae
0015bf36
0014e323
0015e879
00142ce3
00159cd3
00146e38
0015b855
0014ce81
001565ce
00149e5d
001546db
0014864b
0015c2a6
0014a53d
00155eed
00121104
00154dbc
0014a1cd
00158ba1
00149e5d
00153c8a
0014dfb2
00156caf
0014909b
00159963
0014ce81
0015a043
001489bb
00157de0
0014af8e
001546db
00146ac8
00154dbc
0014b66f
00152ec9
00144865
0015ae04
0014dfb2
0015701f
0014a1cd
001471a9
0014977c
0015549d
00142972
001565ce
00142292
00156caf
0014b2fe
0015693e
0014ac1e
0015580d
00146077
0015323a
00149aec
00153ffb
00140a80
0015de29
0014dc42
0015ae04
001463e8
0014f454
0014c430
0015bf36
001471a9
00150c66
0012601b
00150fd7
00149e5d
00159cd3
0014a1cd
001508f6
00146077
0015580d
00149e5d
00158831
00141160
00158f12
0014b2fe
0015b855
0014940c
00152b59
0014d8d2
0015580d
0014af8e
0015693e
00142602
0015ccf7
0014af8e
0015bbc6
0014ce81
00147f6a
0013d6eb
0015693e
00146e38
00157de0
0014070f
001595f2
00149aec
00155eed
00144bd5
0015580d
0014864b
00154a4c
00144bd5
0015693e
001452b6
00153c8a
00141841
00156caf
00146758
0014b66f
001433c3
0015512c
00144f46
0014f7c4
0011c55d
0014d561
00146ac8
0015a3b3
00144bd5
00151d98
0014c0c0
00154a4c
0014039f
00159282
00148d2b
00152b59
001471a9
0015d3d8
00149aec
0015436b
0014940c
0015323a
00143aa4
0015738f
00142292
0015b175
0014bd4f
0015dab8
00143734
0014ce81
0014b2fe
00158150
00146ac8
00156caf
00144185
0015ccf7
0014d8d2
00159282
00150215
00157de0
0014a8ae
0015b855
0014b66f
00158831
00143053
0015b855
0014fea5
0015436b
00146077
0014fea5
0014977c
00157a70
00149aec
0015512c
00121474
001527e9
0014af8e
0015738f
0014ce81
00158831
00146ac8
0015c616
0014fea5
0015d748
00145626
0015ae04
00152ec9
0015ae04
0014b66f
0015d3d8
00152478
001611bd
0014f454
001622ef
00149aec
0015ef5a
00150586
0015bbc6
001527e9
0014f0e4
0014a53d
0015f2ca
0014f0e4
0015f63b
00146077
0015dab8
001516b7
0016152d
0015323a
0015c2a6
001535aa
0015ef5a
00151d98
0015c616
0014ea03
0015e509
00152108
00160e4d
0014d1f1
00156caf
0014b2fe
00163790
001546db
001565ce
00124128
00157700
0014b2fe
00158f12
0014ce81
0015e199
0015436b
0015e199
0014b2fe
0015bbc6
0014909b
0015e879
00147889
0015b4e5
0014f454
001565ce
0014f7c4
0016189e
00151d98
0015a724
001452b6
0016076c
0015693e
0015e509
00150c66
0014fb35
0014ea03
00163e71
0014f7c4
001603fc
0014dfb2
0015e199
0014b66f
001622ef
0014f454
0015a724
0014d561
0015aa94
0014dfb2
00163420
00146e38
0015de29
0014e323
0015dab8
00149aec
00151d98
0014f0e4
00162d3f
00148d2b
0015549d
00127f0d
00155b7d
0014a8ae
0015ef5a
00150586
0015dab8
0014c7a0
001622ef
0014dc42
0015bf36
001471a9
0015b4e5
0014dfb2
001595f2
001489bb
0015bbc6
00152478
0015c987
0014a1cd
0015fd1b
0014c430
0015d748
00150fd7
00159963
00148d2b
0014d1f1
001489bb
00158f12
0014b2fe
0015a043
00144bd5
0015c2a6
00151d98
00159cd3
0014ac1e
00158f12
00152b59
00157700
0014909b
0015bbc6
00146ac8
0015b175
0014864b
0015de29
001489bb
00152ec9
00146077
0015b175
0014d8d2
00153ffb
0011eea1
00157a70
00147889
0015c987
001482da
0015549d
0014cb11
0015a3b3
00147889
0015549d
0014977c
0015b855
0014cb11
0015b175
001508f6
0015bf36
0014977c
0015e509
00150215
0015e509
00143053
00158ba1
0014bd4f
0015aa94
00146077
001535aa
00149e5d
0015ae04
0014940c
0015c2a6
00148d2b
00153c8a
00149aec
001595f2
0014b2fe
001508f6
00146ac8
0015625e
00147889
00154a4c
00143aa4
0015a724
0014d8d2
00155b7d
0014940c
001527e9
0014dfb2
0015a724
00145d07
0015693e
00121b55
0014f454
00144bd5
001535aa
0014cb11
0015a3b3
00144f46
00157de0
001471a9
0015625e
00142972
0015738f
00146ac8
00150c66
0014864b
00151d98
0014bd4f
0015dab8
00145d07
0015a724
00146077
0016008c
00145997
001595f2
0014ce81
0014909b
001471a9
00157700
00149aec
00158f12
001414d1
00158ba1
0014c0c0
001546db
001444f5
0015323a
00144185
00155eed
00144f46
0015693e
0013ddcc
00152ec9
00141160
0015323a
00148d2b
0014e693
00144865
00150215
00145d07
00150fd7
0011f211
0014dc42
0014909b
001535aa
00147f6a
0015323a
0014d8d2
00157700
00141160
001546db
0014002f
00150586
0014039f
0015323a
0014a1cd
001516b7
00146ac8
001584c1
0014864b
0015512c
0013e81d
00151d98
00149e5d
00153c8a
00144185
0014ac1e
00143053
0015580d
00143734
00156caf
0013f5de
00159963
00141f22
0015625e
0014af8e
00150c66
00142972
00150215
0013f94e
001527e9
0013bed9
0014e693
00144bd5
00150215
0013b7f9
0014977c
00142602
00151d98
0013d37b
00147889
001134f0
0014c430
0013b7f9
0014ea03
00143734
00149aec
0013eb8d
0014ed74
0013aa37
0014ed74
0013eefd
0014ed74
0013f26e
0014f0e4
001444f5
0014e693
00142972
0014ed74
0013f5de
00151d98
0013a357
00150586
0013c5ba
0014940c
001452b6
00145626
001380f4
0014e693
0013d6eb
0014e323
00136c52
0014977c
00144f46
0014ea03
00142292
0014ac1e
0014002f
0014cb11
00143053
0014d561
0013fcbf
0015323a
0013c249
001516b7
0013e81d
00145d07
0013b488
0014f0e4
0013d37b
00144bd5
00111cde
00144185
0013bb69
00145997
0013bb69
0014864b
0013d6eb
00144f46
0013aa37
001489bb
0013a6c7
0014a8ae
001376a3
00145997
001433c3
00143e14
0013d6eb
0014977c
0013f26e
00145997
0013354d
0014c430
00140a80
00147889
00139596
00140df0
0013ddcc
0014ed74
0013b7f9
00150586
0013aa37
0014b9df
0013a357
0014a53d
0013c92a
00147bfa
001380f4
0014909b
00139fe6
001482da
00135e91
00147f6a
0013c5ba
00146758
00136201
00144f46
0013cc9a
0014ce81
0013cc9a
00141160
001161a4
001433c3
00138464
0014909b
0013cc9a
001471a9
0013b7f9
0014977c
001376a3
0014d1f1
0012fad8
001489bb
00138b45
00144bd5
001368e2
0014039f
0013ddcc
00145d07
00139225
001433c3
001320ab
00149aec
00133f9e
00147519
0013467f
0013e4ac
0013354d
0014977c
00139fe6
001489bb
00136201
00149aec
0013da5c
001482da
0013bb69
00146e38
00132afc
0014a8ae
00130529
0014977c
001319cb
00147519
0012fe48
0013e13c
0012f087
00138464
0012a851
0013b118
0012b982
001319cb
0018d61b
6d2d8717
6d2d8717
6d2d8717
6d2d8717
6d2d8717
6d2d8717
6d2d8717
