041ef71c
02d2cb19
3d0bca79
f912e625
417f0400
edd40810
2232f007
a109252f
00ae1613
0dfd1b0c
f404b5d9
dd5500df
1131f474
3320550e
16d6e8f8
d322d5ea
1836ec07
c7ef09fd
042bc1fb
f51b120c
15f6e936
e6e8cafd
161504f3
f70c0d00
2e0d2d0f
6aef5ae2
4a45ebeb
20400131
fb1c1eff
240a20f9
01bf2209
06f9dc24
00e2251d
f6c328f0
2a09e5b6
e233e610
101906e4
c5d213fe
08ed0706
02ecce15
0ad8730d
f00aaf08
a7f8fcbe
b31de8d0
e2bde951
11a50c01
ef240cec
eb044aec
eb04ec37
1507fef4
269e3319
060feded
20f5e6e9
f6b62c22
1314031a
f9f0e9ef
f9fef601
b4e0ea1a
d4de2627
dde4f016
f3da0e0a
f9ecd800
e20e21f9
051b2602
0051d441
bee61cf7
e22d2316
111cf260
e764ddd6
3820fdd4
ce312808
f3bf2d23
f2febb1e
01d3b81a
fb17e3f5
2af6f215
3ed6e2e1
cd05e8bf
d736210d
d001d005
ed653a3b
f219053f
b5e9be20
0a0bebfa
eaf3e3d3
061dfde1
37ef092b
d0fcd418
0432dd16
f301e412
fee374d8
fee40d00
0eea07fe
cdd103ed
0701e4b9
0324ddfd
32ef1dc7
571ce80e
02f4035b
29de13e8
14240f26
190f5002
3961f5b1
fdf31493
1113d507
302403ee
25dafb2b
046dc5ee
daf47f57
f01010a5
db0001fa
1fee20b4
d506f241
fcf1fb0c
c21b128c
241c02fa
09ee0034
c2f8dd79
eead01f4
211f57f2
090942ff
ff1de6f0
f4f31009
c518d217
1afcfe04
27f60d07
f81b0b1c
020f1213
222dd2fa
14c4f81f
6ded05f6
1103d5d6
181d042c
4aca17f7
e6f42540
1408e6ed
f1ce30d1
08470618
fb39a103
e4b6c3f0
17ed3d17
bd0313e7
29aaf2e2
f1d3c905
f7ff0bfb
1f2af4f7
100a0119
13f107e6
030cfaf3
0011e51f
0dfaee0f
0afd0ee9
0f45d011
e639f127
5633e814
e8edfc4c
270839e3
e42014e1
dc3a1146
fc1a3427
1fc700f8
22f5f704
58131432
0641ffc1
23e329e7
ddf2f602
2b29db11
c406c616
db2f3be2
bb3e06f8
3c1930dd
32233b20
05d4f8dd
f702be11
05e40004
10fa0dd6
e3d4fa1a
1cf5fffc
fe002ce0
ced81ff9
1d131de7
09e2fb2a
aa0df8ed
241f9c09
dafcca09
14eafb2e
e914be81
feebfe44
2f0b10e2
f2e5ca7f
6751d319
20f0313a
19d0ddf6
fe4dd973
fba30a98
f2e4f13f
0b20ede3
e6e812f1
18d418fc
0203d928
09bfaed7
e3ae242d
ddfa3136
26091133
f1fe49fd
10ecc02a
db1016f0
e5f108dc
34df0434
1ee600f6
3d02ceff
cfe52e3e
2d3ffd0c
25123218
27f6e70e
052a01eb
fd391403
111c1312
07ced114
014fd4d7
e1df322b
cd0dfac3
260bea08
f22044db
11ecbc3c
34d1fff9
08fb24dd
e8330310
ee242b1d
15481bf2
d53f3fda
190deec9
3e4af6ee
00fbc4af
0fb7440e
22381ec6
cb74feab
160b2bcd
e8dbf512
0e2501d4
06fde7ce
ef3233e0
e5da0818
00ffdc0c
e4fdfada
f2f61505
00f3f7d7
ce090fe8
02f91bdf
0c17f71f
d3e9f5fb
0ed7face
30f4dee4
25d4e115
e404e81b
ed092efe
baf8e0fd
1a03f803
abfadeee
55e9ee0e
e41ce9df
f60d06de
e70d1e2b
bddfb2ec
1104fdf3
ed09efe8
c905f1e5
14fee8f7
14e91ef3
f11410ea
17eeff0b
0ce8d903
decce4c6
f7d1f307
e11cd6e2
43ad0908
0a080a36
282bfd06
301902d9
f20876fc
f90dc9f3
01230cf9
d2baf3ac
fa13f3d0
e3edffe5
e90b4aee
d77fdfc7
c8fb05fb
f82be0f2
f2262cf7
aef40e1a
18c06dc4
f8191fe9
e605fded
ed0ec31d
fc1ce3e4
c401dc14
15d403e8
e0ed30b5
ace1caf1
01fb42c7
2ef43a28
44ea02cd
cf2bced6
0ed902f9
ff4f2df1
bf3cb3fa
ebfb1c11
0200dcec
f0062716
fdacb42d
d9280828
45fc4b36
21fb0001
44074328
000bdf0e
e90f0b45
f5fc3530
ecd8f6f0
09ea06d0
dfbbd9f7
2405fbdf
2813d6d3
1708f252
015a2d0a
05d5e0e7
ff46050f
5e2ee7e1
09c86136
17b1010f
092943cd
0e28136f
17f727f1
a70127da
f2e7fdfb
f008ecfb
e9e4f3c8
0ba0f93a
de12fefe
380ed4f8
e0d7d520
d760c7ef
1cc41dfe
f727fbeb
0ffb1adf
0add23c7
0b5005e9
e42feadd
0123bd33
28ef04df
e536f8e6
f1f2d5ff
2819f610
590e1021
dacfd0e4
110ae735
f71f0614
e809fcdb
6701050f
18d100cf
2181e8fc
f0be1711
c3d5121f
e9f4eaf5
14e516fe
f6172aff
05dded08
30f7f7da
fe1313fc
f3e8f71e
d5f8190b
f711d1e0
e900daf3
0ff3fb04
0ecb14e9
dd031b1a
26f41ff5
f1c6dbdf
c2df66e2
f904bb49
1941e3e4
c5c8dde4
f5defe0f
e7f2f4eb
13f7eb2d
15e514ed
9ac6b00f
ebedf723
fd0910f4
1928af21
15e5d50a
fefbe5ef
04f82427
d9e54af0
0c280325
f61ae203
f12f35ff
e3e7fa2a
ce0c18ed
16f5d1e8
e6e31aee
030b22ec
5712f5f1
df4f2014
d8f9d0f7
81ee6c27
24225944
2bccc6ed
f9131ffa
21efe5e5
e90af1f6
f9121609
130203fd
f1f409fa
f4f407ff
d8e71ce4
d6ee0b34
f4e781f4
e50ecc0c
13ae0314
ed1ec113
bd000b08
ca133ff0
c9eacb02
0a0f07f9
de02eb1e
0e3a29ef
653fe612
29bf4c8d
de062cf4
2d5f05fc
c91b1df4
2447d81d
34b9f2cf
1a33d801
0ff0089c
133911cf
ed13d7ea
06e4e3dd
d425014f
e6f9d225
e848050b
d70ef914
03e2d5cf
441c1ff5
dd12f2d2
02ec05e1
3621ebf5
15381d00
20d7162b
0cfa28c8
eb263a46
6c2f2be6
41fac324
5db8dc0e
21de0dba
e3c41e2b
289014c4
07f4e1a4
e00d0045
e412e6fe
9c420b01
d91bfcee
24f118c5
5836dfb7
eeee01f6
d0eaa7c8
3650f211
fbfd0c97
1505d43b
04c22107
2827e003
cdb00d25
f42905f7
d90415c5
ce52fb0b
0403e50e
0a2b0f0c
b837d2ff
41f45a29
400fe234
d5fdfcf4
33fbb110
f6dee5f4
3e49fcc3
e4242db6
ecdf0911
f80749e6
03160cdd
7141f240
f328c13a
c732f536
e5e40ebb
42e4f71e
bd0df9e2
0ef5d013
f006eef5
01174207
3bb60da9
fc3ae311
7f1402cd
0eeb47f6
dd030d01
15fbc522
2ff6f3fa
030205f5
f457105c
0b132ce8
af02f4ce
ddc9ea24
1925d8da
191c241f
f20eedc0
0bf4db27
fb0e1fee
0ae022cb
0c6131d8
02e418e4
af13e418
d709fd19
39efef0c
ede9afcc
48f1c820
3d04dc12
de0aca05
cb3114f8
fefe183a
12fb3942
0fc826f3
efe70223
49f312c6
d6d63bc9
0de7fae7
2e00c8ec
cbf03cc5
0ef35f22
1d1a2019
22f12422
003130d4
200e0ded
27ef1421
b7042e21
dd1202fb
0734e01c
100ff8ef
110cec05
ddfbffe5
071115e8
ec081b2b
fd062912
d7da10e9
220ef53c
f82ce825
e2d8dd04
3cffc612
ea237369
1026edd7
2610f7cb
21e4010b
46e02034
fb331b4f
211bfa24
4d043f9b
f007fdd9
05ed450e
f427dbf5
1dd606e8
f90d3129
f532e2bd
b46ddc1f
1018fb08
1c481301
3ecef1de
201f03f7
1846111d
19fcdd0e
e51302e8
0ffeb4e6
e3e6f2d4
08d9d862
f3ba2ee3
d4ddcacc
e7f50901
18fe2922
36e32710
e1f8090a
2ee54918
f9fb7cee
21e741e5
26d841df
221cfbbb
14cf42d0
d3d30bcb
11f5ffc3
2443c65b
92df22df
39c746c0
f3eebb9e
060def07
33f3f2f8
110fd0e6
f95ef5fb
dfde400b
e628ecf8
b4e9182c
345bd4d3
16f4e521
1534e234
e522cc3d
38ef48cb
0501fcdf
ee0cf1f7
323030f5
fcd73fd7
f40b1984
2d151a03
28fc09fa
f7e32ed9
0d13e500
41b9f4d2
1902ca17
e4b813ef
03e4b9d3
01e7faee
0825eb1c
60d7d23f
f8390e41
db0a52bc
1546cc1a
3d0a36f0
00fc1c17
aef2c1c8
21f4180d
3829cec7
d11d0006
e2ffd2f3
16351b3c
f7d9eff8
0a39f710
e7071519
fd25e0ff
14fb4bda
2ade48e8
2caedb08
1bf814f2
ec13fcc1
14d1f724
ed170ae2
030109d5
f350b4d1
fdf3ef1d
3cad2bd8
e0d51326
f934330d
f9ff07ea
fee92533
245930fd
bbf15824
49f221f1
e5cdfb04
88f0c4f2
fbfc0ef7
06170303
390afdff
51e6f7fc
39140f3f
edfee4ed
0819cdf3
292941de
1ab02ce7
f82b241d
cad83afa
f5bb18d9
b5f8e0d2
ce096dde
15d710da
f11eceb0
10181002
3cedf2f0
20fc0de4
15f4c8f0
d5e9314a
2a07c5d5
eef9fb0a
109bf826
d2dbe7f2
37bfe1e1
3f3b0b07
04ffdfd3
ba330519
df18dc26
bf1ae8c0
eb03e318
ce1f02e9
04ecdb01
f108c814
f7f9040a
040efc09
10e5f604
f9ef13f5
f50309ff
f1fe0508
11fffbfa
fef5e3f4
02f71ffc
1a020df8
07e90034
4def1905
35fe0d0c
28d106dd
e3fe0c08
330d0a14
22b72120
b12b290d
f3db06e0
4abcee01
d016cbd4
f5091bf8
d3e11324
35d8ec0b
fc2ad5da
2edcbfff
f310ffe8
fa171512
f2e30a0d
d7d44400
2341de30
3cd524fc
f9d5f200
e40c5139
023f3520
f9ff23f7
0def32f0
44f114e4
ecee13f8
09e3640c
f4fc08ff
03fee8f7
eff31df4
08241202
fefb0311
fbfbfb00
0ee5f306
0102f5fc
0efb302d
35ec0927
aaede3d1
ba2f1800
fe12ecc6
deb7e409
ebf01826
f5170412
ef210ce7
d8c02545
d212071c
ba0c0af9
d6d5e7bc
3b3c2814
0806330b
c7f413ad
2de70f81
081f1d4f
0e13f7dc
ea230b18
e1172906
13df060d
48f4413c
042e0415
006aecfa
e854f6fe
3de5ef1e
f8eb0efd
de1ccda4
030fd7e3
040c11db
c60a17e7
0edecb2b
f9220ce5
d904ebad
e1b0dd14
f529101d
161d04e8
1d0dd736
d703e50a
12050b05
392b1d40
d3154118
17cb3e19
2b113700
ffe8d5fe
10ef11fa
fb23f51f
0603d8f4
29221c3d
042eab24
ca09c9f1
f21621ac
f1df04f7
0dd32ce6
f0cf2305
d91539df
2ffaacb1
e07ffd22
23e4047e
06fbf27f
3637ea13
2fbd8113
a41aebe0
072cfd01
0b2dc1fa
cd9649b5
df0bfb26
afb7f2f2
e905e80e
b73107d0
d92cf233
b0fe1417
feec2abd
330fe0f8
fce8fde4
0f16f4fc
e7dee8e8
300e1a14
e91c1d08
0aa5b6c9
fdbaef39
b4f3bc04
f0bee54e
1539526d
31eaeff2
45dcce2a
eae9500b
10fc0c26
23211623
f607c214
ec0e2dcb
ee24ec00
ffedee10
dbe40eed
22e52614
fc0504f9
00f80502
0706fc0b
040916fc
01040700
0600ff07
06090002
f7020406
f5eed933
21d8fbf4
8126c9f3
2dcdfb1b
6abbf3fc
033fa102
1d00f6de
190cd219
ddd92df4
db13da09
3004fddc
ae23e014
f9db58fc
24f0a232
cbe142f6
f503e9b9
033ef92d
d717ded8
e617cf15
eddc05c3
f4440101
16e6e1db
192cf514
14ecbad6
e6fb04f7
f4b017e6
fdf215f4
eff3fde4
ffa7120e
f913141f
bb21b72e
eae00014
18111b0c
fb1a04f6
de3731c1
de01efe1
fe0721f4
04ef0d03
e7240946
2500b3d5
e4039b15
0e1efe09
2cf7b806
edddf6e6
1cc113ce
eee5d12b
effc20fc
0feb33e9
dee214fa
1bd33612
02050aed
3db7100a
f7e90321
eb095a30
fb36f60b
f1e02310
f5c81818
e01a092c
fce5ddf4
e4f930eb
f444d500
301e13fc
00e4fffd
09e0fd18
dc2a213e
eaee181c
1be1c8ae
10d6fa11
bdd7d1b3
23e71945
e0f19f05
f7012ab7
de3def11
0d37defe
dffe052b
dcb7e34c
0df427ef
05fe08ae
0626e3c2
090549e3
16e71b43
f800f50a
fc123ee5
0107f8ec
ba08ede5
ee35f22e
13091e0b
e1db14fd
0bd12313
1767ec17
180601c0
ba1d0237
e8d81035
fdf91817
0e03fdb9
bb0feccc
270fe9fe
f2dad3f2
c5df1bf0
e231c9ff
3f1bf638
f7ef0000
f3fd070d
5104ebc1
f55e1506
f4c4173c
ee154745
fdcaef05
30600421
dd0208db
0d27d002
04000119
18e91619
05530625
15cbf048
ebcdf9fb
2b39efbb
ea7fade6
166e0dff
3bf30640
e4f5d1ec
fc55d4ed
17ff6088
f437d4ed
df2e9de2
1df499e3
2a183904
30d46a2e
1f18e208
bb32f7e2
ac250928
d7f61504
3023a6e1
12d015e7
29f932f3
dd29e920
ec550a26
33b83042
8be318d3
f606faf4
df0d02de
d0e25834
37660f1d
04094d01
19030fce
300e3f0d
4100ff0b
325fdaf2
e035e11b
1ef7f214
17261bd4
e520e7ec
2314b40a
27e9ed0b
d1e83d3a
d8fad502
d849f52e
0a195f1f
ead3f7f4
f1d812ee
f6f70be4
d30120b5
2b0217e8
e7022e11
15dced32
e2f3f7ce
40f412f6
e409dddb
0d2e0f3f
24110e1f
e5df04e4
f5ded2ef
18f31454
2cfcd503
b027f9cf
d9236cfb
08fd1bbb
2bf7dcda
09c30dde
1afb28e0
eae9eed9
11fff5e9
02edfd42
f4e8d50f
f0094b45
2a0cdaf7
eb250e34
26d12b3d
d2e4d2f3
f5dcf920
edc31513
f4e524c1
07d80c1d
22e63012
2a02ae24
f01d34cc
ebc7e79e
1f1e15d0
710e1210
08371325
1015e0cb
c5e0dd0b
eed106d8
f8c70eea
012d1144
f13cd7f9
1000efb4
4fed21de
00911ac8
d63eb3e8
eb3d10f2
25eee414
54150bfd
3135f7e3
d9f508e9
ec00dae1
33710135
cca3e369
d0d523f1
f00681d6
ccc443f0
32ab1cf0
c1fe11bb
24faa217
f7dcc9c1
fef00621
02ed0b0d
35191417
125dceda
05f412e9
cff4ebc1
f70d0dc4
e6083742
08ebbbcc
03e9ee54
0317021f
dae5e7cb
09bf0095
43eae7e4
fdd20f10
da1ba217
33132b02
d41413f6
01d12513
ed0307f9
e6ed16f8
06b6ee02
edd71724
ec163515
fc24e7e1
e3560cf5
276b2435
06f7e90b
e8eb03f2
031f2efc
e7f2bca1
f5f6f230
4f2cedea
ee16260c
23100309
eeaec7c2
d725f9e5
01dcfcd7
25f7c80c
eed5e4ee
1e0be2e4
12f2112c
16252125
03dede01
01eae209
0e050ce4
fb1fea1f
2adc1304
2ce26507
e11f17d5
e90d0a13
e12b2c39
b8f6a5de
1d0d1300
e41b32f4
17fde0ed
21c301f2
30e9a001
b0e4be20
eee80de1
f51c13e4
5736eb19
1cf1dd05
0f2fdf43
0afefd08
2621050e
cad13bf6
c22de0f4
0a0915dd
cf25f7d1
14e6d423
29102145
f0f90ae4
f2efe708
0181e4b5
2ae8031f
1e08c9b8
522c19b2
fd01cb11
00df0c23
0510ca30
1a1af406
1913cae7
cd2b1cc9
eb25c0a6
303aebd3
daefbf15
f4b20fc5
f630ecfc
26b3e73c
1cd406d0
ab1904e5
eef30b39
eaebd8fd
184adb38
07e7f324
111dd81d
18f00aaf
08122caa
bbe210fc
0dee0a0e
1513c203
e61cf531
f106fa0d
c718fcfa
d52c1809
10d9b53f
13f2f5ef
fbf5c1f1
c409f6f8
061cf7c8
ca171949
06efe519
0d1a1f03
27eb33fb
eae810d7
fbc9c70a
f3ff09ec
fbe5f914
eaf91a01
e9cd17fe
42fff603
eee9eae9
f1230b4a
ef1b2904
1ae8fa06
0bfed406
e1317ffb
f8dd0000
c530d71e
dacd28e7
fb0bc32a
e0f01116
1437e5ef
fb33101a
fe05ebfc
14fe0dd8
f5fbd9fd
0bebd82b
1bc5f9fe
de1c6509
1cd907f7
02143e04
ebbd2112
b412051d
01df811a
d84f2222
25f3d6c8
36edbda3
04e1ec09
0f3c97c7
2813de10
381d33d7
23240916
c9eaab0b
39fa282f
3e3717c6
0beeece6
e1e3f52a
0906ff04
d113e227
2711f725
0624f6f7
10d9e5f2
ffc6ed0c
4610dfde
01f91e0d
e44bf90d
d8ea0c04
ddfb4de1
e6eeece6
e11ad0fd
f5103f08
0b49c0fd
f5bfc51e
d1f8ec03
1bf3e214
e5eaefef
1ae513c9
e2ebf70b
0a00fa1d
ecc3001a
212df7e5
0db89cf3
54d21313
10051ddb
d4392200
f654f534
f8f60039
dcf72919
f213e6f0
fc464e29
c9d2e9d1
d5ec2cab
0f342845
18f8ecde
0f57140c
29e027fb
e9fa1021
ef0fd3e4
16f9e91e
efe56ff2
e33345ea
8f05c9fd
de3dfee3
1ed3eb75
c821e1f7
fa1ef402
1016cef8
d1f11d8f
f908c23a
9bd31fe1
e9d7fb4b
d4f50efe
f22de6bb
fa09fbe9
08c905f0
e60cfdf0
f105eb17
fa08ee12
f8f4f319
ec07ec2a
0efe30f7
34071534
40f0f5d9
0af620c6
f1134f2e
ddfe1af7
1aed0828
dbb3f401
0df03512
0afb0c09
f5fcf2f3
eaf7130b
0c2c03f0
f8fb081a
08f2fc0f
090d02f2
0305fa06
0227ddd3
1be5f020
0d112002
1c1aeec9
03f7da20
e00e29e5
ecf7f5f6
06e7e030
05f31620
b22b32c6
1029075b
350bcf0c
b0fa22e0
f50512f0
09420306
37b165fb
0587431c
e30cbf29
11c7c6cf
ec0803e0
1b10f100
2a0518f4
d92f0a6c
05ee0fe7
b4ee330e
2a3b34fe
f7edf558
07e80a1c
ff2bf431
19dd3bb7
fbb82907
f7fc57ed
12f5cd16
180325e6
e2db04e0
f8241c41
151c0316
c7e8f44c
26f2cfe5
cbdc12f6
f4d90bd8
2af5fbe6
ec14e93c
0068d903
ff9f1aeb
28eadbe4
e007f031
f9d6f8ed
2cecdffc
d7442b07
f4dacfd3
0513070c
d3ece528
14d8e8e8
0e20131d
d90ddae2
f8edebff
01f91a0e
0a3a20ed
00f9f528
0be1e01f
1103e419
0ef41608
0ff51ffc
d61a34f2
1600e522
fbc0dba1
efc70911
19f60217
fe3cccfd
29f510f5
47e802eb
05cdc70e
0c170a1d
500e2f21
25eaf8f3
ec14e2cb
ccea2507
fce71f00
08341807
ff01ecf0
fde50402
053d08e4
110bf018
11ebf41e
0913f6fe
fff60304
1302fe03
07dbb2c8
dee33329
4f2929fe
fcee94f9
17f0ba05
342ee212
e0ffe919
e0e124fd
020807e3
3a3a14e4
c119f2e4
0eee203b
fee60eda
fa1535f6
d8f80917
f8fa6aff
9d25cfb6
fd0c3d4e
ede3eb62
23cbe32f
cf01e129
451e2029
eeea0329
13efae04
060aeb32
20b7fa15
14fda9cb
f92b62e2
ee0b2d01
210a31fc
1c2425f4
02ddd9ef
0808eafb
cc35d3e5
1932edac
ee3ddcbd
10ea030d
22170d07
1333f710
cf33d70d
f530c0f2
2be52d05
05f34258
de00c5f1
f8fafdf6
2607dbd7
18f5fe04
fd061b4d
1c0d211d
1421fb0b
efe20de2
1bc5183e
e0b70f26
e0eee5bf
0741c17e
2d10de14
eb25432c
00e545fb
eafdf95e
cf05fd9e
4bd722f7
f2170030
f124e60c
eaedfb23
efd4ee27
fbce2a13
bf9a1fb3
d01d16de
e6f308ba
1106b925
e4af0634
48e216dd
f3dacc26
0d5df1ec
3930d5d7
139d0eb8
032bdfdc
e8f6fd24
2d120527
05061aec
1422f5ab
1ce5c214
2bedaa24
03dae2e9
53d3eeba
41b103d2
ebe5e7ee
af1229e0
f40ffef6
19f01f0e
2cfc181b
15f207fe
23f6f203
0dd9dbf1
102e00fb
00f21b15
0ce919eb
f8bfff09
d814e723
1706e7c8
11f623f2
02fed2df
09fbdb1f
04fb250d
11033bcc
09060006
22cea804
bfea10d9
14f6eddf
013bf30a
ddd61c1b
e3ef1038
19030208
f46d1525
4b581e24
00e436ff
14dc0134
2e032dfb
d608fceb
f5cdf2f7
0426eefa
fd15140e
cdd803fe
ff2aee0a
0403f7e6
fdf50506
04faef01
0ff2fff9
fdf20c0a
03b6eff1
cccab216
f0e703a2
27fdf8d9
16260d3c
eadf1e11
301f35ff
46f701db
e15c332d
f9f82ad2
f8fe2403
38d41cef
f02f920d
b2d9e9b5
e9d9f11d
fe0ad69e
c0b408d2
c81edbf9
05de1c2b
10f5e413
06365419
2a584023
e9d727cf
28f7c9d0
094910e7
3c07f0f0
f53c2a22
c4091419
12f4cf00
0f0ffd15
db0d08fa
f1f5e606
f4f9180e
e60a03e5
fc041f08
f1f301fe
1d1a02e7
1511e72a
02fbe128
1c3e4ef2
cd1bc6f1
defc88f9
ea09d1e2
3738030d
e8f1fd1b
e00935a0
dbda4ca8
d111c931
fe083ce1
f7ef0324
f0fb2bd3
dfdd2631
2bc8df24
36ea361c
fb40134b
c4edd01b
0ff80ec9
02ed1a6f
3bdb0314
bdbaf91e
1af035f3
49093712
e2172717
f12241b3
fcf0d41e
bd17f41d
d13115d2
01f804dc
ed180c0f
22020900
27f70aec
e0d6d90b
f913132c
19d7ecc3
53e50818
17bfda0a
fa014b39
c3d0e5fb
df145102
111d4c21
04e800f9
09c6e2f9
0f1be926
bf0bf4fd
f5152fee
0f081d0c
01e59341
17fbf8cd
1e4afa03
ff0b2ef0
d7e1f3dc
144b09ac
a4d61256
0eebe1f1
dad8e225
23e9dbf5
b246a116
e630e634
babf20d6
12560bfe
164e254f
56d50b27
4904e5d6
efe8e7fd
2f08c8ed
4f310026
2d34e732
ea0f3c33
05f1f31a
c4a2ef00
dbe51311
29d71d4f
03641124
d5e3a3db
52fe3440
0321252f
32f23938
eb4115e8
fa05f8cd
21040106
000228ed
edcfe2ec
1b02ffd1
1fe22623
f7ed26df
c24c0b33
09d6f718
c000e4b0
d9272615
ebcaf6e2
f3e1e70a
f4d4dacf
9be83bf1
81150fdd
02e725ce
df2303f3
f8f60cf5
d93d0f40
f8423b1b
22ac08c1
0af6c1f6
e6fef5ea
25f631d8
e1ecd61b
3ee01b05
0805ae05
e1160f03
07f53230
dcf4e8f4
3d0a06ec
bd01e5a7
fcdcf3bf
00c8f805
fbd937ff
e3f7e7f7
30d8ff40
3f0506e8
efeaf40f
06ec24e3
0a1715f8
e609f0ce
d4f33316
fc20fd0e
15d5d80c
27221bf8
0ab8d7eb
51fd02c8
f9dffd03
ab03ea10
04a42bf2
2621becf
e4385135
fd30f417
22e1151c
07fd00eb
39e5c222
fc3f25fa
17f93b56
e70a2400
3a14f201
e897d11a
95a70c09
de110efe
e438fcd0
1819f4e9
311b23d2
18f207eb
14c7e6f4
fbfd0e0d
28f2f5fb
150bec16
f4fe04ef
17eefcea
ea11ef0d
eb1d1ff1
f6f2f613
060af818
f40b08f1
0011d9ef
de06e91a
e65e1134
491bdabe
43f1ee4b
ec070f54
d520ed0e
03fff0f4
fef24f2d
fffa01fb
eef00e0f
3adbb50b
1d410259
02b8f2fa
d90ff644
260712d4
10f92e3a
02cfdbf8
f2102818
ba16ecdd
2ad508e1
e5f50924
e2f91726
44dd11f7
e4fc1a1a
27defc1f
e938ca03
f117fccb
2f2af6c0
19172709
13f019d8
07010cf4
08f404f9
f30026d3
e0fb0cf9
50efdb1c
1526d71a
f60933e6
f40ce4ff
e21d0df2
10fa2fe9
fdbd11ec
0c2411de
d91707dd
ed250530
16fa0ff8
e53753f1
d52ff0f5
1ce2f2d9
f209eb2d
0ef20bf3
0e23f34f
fcebfec5
1929ec25
06f90f25
e8e8ebf7
f1ce283a
24054af7
d82a20fa
e725d314
f3eefd24
0def2fce
e83defcf
0d19e0fd
3ee2147f
fec842e8
e21f04f9
e8110657
28cc430f
e7e32725
de0422e4
dfd11117
110ce520
02ba0a2a
5946db01
550ff63f
3d1d05e3
eafefef3
d04face1
e8fbefed
eee5d3da
15aaa643
57e21fe7
0df7f6df
f042becd
2504c2e7
e23b1ed1
e138f105
d70402f8
190124e7
13e0faea
26542ca8
eee1fe10
1811bb25
fac5adc8
f7ff291d
1219b0fd
e5f3ec04
1727f915
b9d4463f
014b0afe
f746d611
fdfb3f16
442210e3
fe7f2fba
da06feff
e0030209
fa03dc12
e403e012
03ebf625
12f4ec0e
1309dcee
e2fc0ff7
26e61238
c8d9f5b3
c201174a
e6dbf120
2919ea02
17edd3f5
03c8d30b
07d4e710
fcbc0203
08f0ef00
d62c212c
ec17a1dc
190d1a28
ba1bd236
0523000c
291814fa
18a50bc2
1be52fb9
c31f1f36
c506b7e4
0eecec01
f9fce410
341b1017
2ad2bb34
e2bfddf5
f93133ca
07271615
31fc25d8
f5f51bce
5b1fc1ee
f2d61638
1bd7dde9
fbeceab3
00010a14
0502021d
f705e921
04eaa8fe
05dad9ed
c4cfe223
e0ff2053
f712c11d
eb191704
e134cc21
25110cdd
fa11f5eb
f10ed61b
00dadcd4
e500e105
05fec7d5
24e8060b
1e0fe6e7
120e0509
4628f809
e7251323
f8ede40c
d82329d1
0406f00c
1dd027cd
dffbf426
c500530b
fe1806de
1211f2ff
1d39ecf6
0a020c21
ff34f70a
cd0c0b00
a3230149
06eff30e
f2101c11
dfd902f3
d9e0f81e
0ae8e50f
fae227ce
ce270147
93f33cf4
0f27ff73
53f0bdd2
1e1a251f
3bd41ff2
eafd0b35
f6d02612
e20ce807
002526f4
29f7e63e
e724031a
df031a1b
19b8dc12
e3f04c0c
eadf1d02
ee1ffef7
dbc8c8f8
3619f128
013a1718
1ad1a8fb
0d400bf9
05e2161e
0f130419
ec18d807
4bffff14
1c0c1bf2
132113dc
11cb1327
0f11efd9
eabc10d0
eeeddfe3
0119fb1e
51cb0ec0
46d0ff1d
321110f9
17fcd6cf
09d911eb
30f0ea42
040d1903
22dfc9f4
aa12e81b
cef9df03
3a06bf21
1ff5fa2d
e3da04f7
0d22ed17
2cecf6c6
28dadb11
0d321fe4
d6963901
f4a6b53e
fbb612ce
f8063701
dcdac7d6
13f00e1a
e1d72e1b
0e06f6f5
0adf061d
fd08cae8
b50fe8f3
1a521916
331b0e4b
1301092f
a2e0d711
5336cf03
d5190124
f609f428
e5ed24ba
e59e0108
ed1527fa
37082bf7
df045a0b
b507b7d2
0ac10813
a422df1a
1af303a5
2306192c
d42df4c7
11cf4930
0be92403
eecd3c37
0a2a0806
0f1dea10
342df612
2b07f003
02f8ca31
06f607fc
e9c80fe0
d84011bf
00b7ace3
1b30e9ca
27c83203
dbf01112
0226e6af
0a04e7ef
fb3208fd
d509f50a
11fcfde3
6810fbf5
d6d5fdf9
1ce82131
fbf7f50b
0ee7ecff
d400b326
1221432b
2cfdfd3c
11efbdf8
f8320236
fcecd821
e9f929ed
0a2ac706
0a1e01df
3c0dfe07
20ea15ea
e7fb040c
2c0d33f2
13fc59ee
dd590df4
321d0d04
ebbdab06
9bd6231e
dadc3d13
59590bbe
0ee9e224
fb072e07
da1003d6
f5fefa01
06180704
080d051f
e7ed1505
fa21fcf2
0a052719
03ffef0c
feee0deb
f1010df8
03ccb203
26d5e411
1205e2bd
11fbef33
1c17d506
eeb1f424
02fcfd02
e05f28d4
8c0ef181
34fb54ff
7f2f2d26
3bdef455
14412423
07bed61b
b743bcf4
f8a206e0
d7f5da01
1595365c
e20cbf47
039ff2c4
cc091700
bcce0cf6
0d441906
03301300
ebf553ea
aa4bfec0
f924eb11
0030fcd1
e009fc13
f13b2d46
4d1104e5
2508fcec
ef59cbfe
d9072eee
17fb121e
c40b04d4
fbe14735
2cfff6f0
fa13c90f
111ded0a
06fed50b
db05082a
d5f00ebf
fde31e09
c911e108
fff6ff07
22fb25e7
0e0e08fc
110d2d0b
24f816fb
d305f64c
040d32f6
0813fe2b
d9ccfc00
cde1e102
151a4318
1a13ceea
dfdab04d
f1013846
001bdf23
ca48f211
ec09fce8
f11c4c2d
090feefe
1316eac3
eacde801
04f1e0f2
c538d3d6
fa121f1a
044e01a0
e61f2edd
ee1108d3
24f3eae6
05331abe
0cfc0604
30eb05ed
06fdcb15
d70104f5
07f3dc00
f33fe2fb
f7e1ec1a
afd51f1a
ebf9ec06
06f6f519
2d27221b
3ce2fae0
f609ccfb
ed446ae9
02e01132
f2270e35
f4d8ffe8
fc033612
15260609
05cbf30d
2cc6ea08
f6dfdefd
3ec9dee7
e4fd4100
62e9e4c3
020f2207
19e05406
01be1900
de1c1b0d
0b0df1f6
0afabfec
4bf8b919
1495385c
d83154d4
13082113
10b7f902
20f9b204
3ad5dce2
e3c4efd8
f103422c
e69accf4
f4bee642
e9fdff13
b351ef40
3fe20329
08d414d0
313b45f4
d53c354a
f1ef0e2a
d6ffc334
070ee9fe
e72ceffa
131d66f9
f6f910fb
a2323b27
1439fee7
d0caced7
c85be717
dbf45d0f
36f60bf1
fcee1907
f105214a
020755f3
c7ee533e
da414717
fcea0e19
ef1b1b8b
a4b24e08
baf30348
fc6cf233
ebaaf234
120dfe47
2005f133
f0092bff
e40bf13c
dfe2423a
fddae1dd
362a3807
19eeccee
2ee30957
0d002af0
f31909a8
de2ead1a
d9ffe311
02f724f5
002233bf
2aeb4fe5
02f2dc6e
00ff3b96
9d18fe0e
03cc04f6
e0443ff9
f542c9f8
f002fc0d
f82024e9
132715d4
16ecc4eb
f833130f
ce23f6e6
b911f5f0
fce5c137
e6f5e6f2
f50dfc49
b540bbfd
221e0f51
34c90228
f0062ccd
0cfde8fa
23cecddc
ecdd17f8
b5efd9e0
1019f63f
d41024da
2a01682e
de041447
3cd9f3de
ecff4402
2529ce08
3adfd7f2
07fb3119
2eda07b8
afd5f455
2331e40f
e9ec1efd
2a1943eb
141c28fb
11fbec00
2ff612f3
22c523ea
1a10f414
0b0aeed5
cb3ae1ef
f00f33cb
f618b7eb
210e2c1e
14c80409
10101481
03bbcc1d
d7192607
fffcf21c
29f7dae0
f736b021
edebc3e9
3cecf72e
dc571e29
d52ff50b
10fffaf5
eae1132c
d325bb3a
f40c111d
cf0323df
f424d7e7
1e44efd1
13d542f5
24f1cafb
d108ef36
02154301
edf509df
0321de21
ec4a0e47
03ebd23e
cde6e702
170106f7
e7dc23eb
21f82aeb
e607fafb
15ea141c
2af2f210
1922d4f3
11f7eacb
0ddc0bdf
00f60df0
250ef0dd
0fdb2019
dc4744c9
fae53514
12fff905
1c06d828
f1ded4ea
4630f1d1
40edab27
0f013718
0200f5f9
daf42a38
f0ead101
181604eb
e13146ed
2aebe7ee
f9dd29d9
fc59504c
1cd8370b
3a2de8e9
c2d6d966
bc591c01
14cbdb13
120b0cd0
2905bcff
f6f23922
14dce308
111fa3cc
050de6bf
1bf9af25
ecf22fce
bac2f0ed
e8f87f19
142c02dc
c2f10fdd
0f39e4d1
0108f4ed
e2b111cd
194b2c16
11fa3ef5
07f5f5fd
1efdf426
f10cf015
e6e11806
080e0002
e8d2fe15
1fe7fbf7
dc0df1df
1ffacaf6
3703fbf7
17f73c33
f4ae17bc
efef3eb7
eb1c225a
fb40e4f1
e61dea35
25f6f719
15f503c0
fcec4e0e
0e000b33
100ef307
d20c00f3
dbffd707
0312fdf9
0005fced
011ae614
cbe4560a
3dfec3d9
e6c2df28
010dbff4
132701cc
f1e9f4f2
f11f0e11
c80b16f0
0715c2f6
f2d8c92f
49f7312c
e3111655
f7b6ec39
ce0bfb11
d4e5a216
2be8e5f5
b0aa080c
fca40b02
2ecacd27
0ff3471a
12e6d002
5a251a02
bd02ff08
13d01027
08c9cefd
08ff1efa
f7c2f6e7
dd17f1f4
fc1317fe
f8fe25f7
30062df9
dfbd01fd
e1f3eaf8
d6409e49
2e5506f7
c22506fe
630a640e
8914d4e4
3114d717
1b022611
4918c20c
df1f1409
2c0eddd4
b40002f1
1b03e800
ffe3edee
4bf1e4b7
c8f32f00
fad9fd28
0de4473c
13c40407
2716ef05
21bbc7f7
df60d705
08def9d3
81bc1124
baf9091c
1a1566e1
e41a31f0
e137f5d7
fdeb1fcf
1310cf14
25fbc4d7
fa18fbf4
d0fff8fe
cdce390b
f2361bdc
2ddefd59
23d10039
110ff9e3
06e02a0c
17261ff8
d7f6c604
12ecafc8
0e52d1b7
b1f914cb
cf09ef07
e82833e2
e1f2db59
0dc4f828
00481bef
c7e4eb04
5d01b3b6
e8eff1e4
ebf90d8f
e5f1dd7f
d9eddee6
fd1130fc
eff8f91e
10f0e838
1d2005e1
000d060b
1201e61e
1b0221e1
1415f517
280f2226
0236e5d7
36f801f4
14cbef27
f10debee
17f3e1f9
070add16
cc182ee2
ea0edcef
d150f900
f2ee12fc
0ed8f2ee
fbe63202
0a21d4c7
19da16d2
04db4601
02eff4e6
c5fde0c4
18254f37
2ae3011f
03ef3feb
e700d34e
0321380b
fc0ef648
0229b811
46e11320
0609dc55
321554da
07efd4c2
1f25361d
dbff0925
411affd1
9f0e681a
fb081b04
080611eb
b222eaf3
c8e6dba4
b9fdfa1f
ef1bfe04
d01a2f2b
f812a91b
ee08fe21
55d9dd0e
cd02e113
d6e10601
1957f8b4
033ce9f9
ea20e615
e4fd1de7
13fefe41
3c7f1815
0f3fdd20
08fad843
e630fde6
f8acf71c
eddb19fc
141af0f9
dbd1d1e8
260b03ea
181920d7
1c17f327
fa081905
0a0e09ef
2a22260c
cf54fae7
71e9d1dc
31ee0d10
00160cf2
16eaebac
35fdbbd1
f120fef2
282c0cf8
2c17f3e7
bfb1fbd2
cbbfcd53
03eb0eec
d325dbd5
e3e1eee9
50f0ffee
37170049
0a07e922
0db00eec
67f958f9
cbe43025
eed9f1c3
3cebf0fd
ed1104f7
0cfcef02
34f117dc
e9da12f5
42f91527
00efe2d7
10cc55ed
210460f5
09bb1cfc
d134d711
0bf3f1d6
2a12a50c
28e40ada
01d9e902
bcff1a02
0a1a1614
2ed104f3
fc12ccd7
ff25e9fa
fb182114
e616efec
1e04eb3f
0c1dfe55
fb07041a
f5fb0f1a
090c1bd2
2038b60f
2a27b4fb
d5ffefa1
1cea3cfc
0a0d122a
d4dffef7
d4e5fe09
01b2ee1d
d5fc35fb
28181419
f3f8ad2b
d86d13e9
0226fb4b
f60e0900
e7c3fadb
0de5f9ee
fefa0af7
213cfa3a
1d1348ba
0a21f219
303e14fd
bc22e2f0
44b2d127
1fff0911
f8f628c9
81dd2f2a
574d25f3
040b07d6
0c17bfdb
f4dc3722
1be7f5dc
00cb8a14
095825c8
3c101cf4
fce0ff2d
f6eacaa9
0dee01d5
01fad81d
1db6d2d9
0a0e2544
51db07d3
2be81cc4
17fee023
13e1b41c
1bd30ad6
241a1430
c5d43701
0eeaf308
da18c90f
e1aadf1f
28c321b8
f31a001c
0215f6f7
eef6411e
fff504ec
9af07449
322a1d27
c2d64b20
1cf6b0de
daef2bbf
09bcdc0b
11040a31
c823b104
f711ecf0
1b17034c
cee433d8
1ee3ffeb
2819acce
27ecfbd7
0de1310a
232ef5f7
5f04100d
f5281823
fae50a04
d22dd7b7
238b3477
d1d6cc0d
03f9f0e1
ed4f31c3
ed14cd20
2423e4ed
13313418
0423f20e
0006f9ed
162021e6
f3c34a16
0aff0206
07290e36
d70ec6fd
3ddcf1f4
d3e32a2c
06fd0c03
1b1b1520
3d015ce6
10312601
fee8c809
25de05dc
f5d12f05
03d52e0f
29fffcf6
f9d622b0
dfffd1fe
27fde624
dd144305
fa442bf1
f9f1d90f
b2e9c003
ff1b2c18
c711fcef
1012432e
33b6f553
e3b1fd0d
fbf11bc0
242bccdc
17e5e2e1
e4f700e7
f4defb06
f6190af0
e1f7d4f8
e7c81123
cfa40df6
e20e3810
13eaecd7
f91e03f5
f607fc19
c3fdccff
f4e61520
ee16d41c
05f5ce1f
e9eb1721
17fb1f13
e7d9f204
47b41be9
17fe4a10
d701e7de
d5f5dbf8
f6fef6fe
0ef8e8fb
f1f0ecfb
ec0d1ceb
e7fc0fcb
f2fae8fd
09090e06
040d03e3
e0b6b222
0d69d6c0
1adc030d
c10ae68b
cac23a3c
d204cdde
fcabfafd
f800dde6
0cee22ed
d224ff11
de09ea15
f101291b
3d0028ca
0ce1f04e
edfd061f
0ad450df
ef14e6fd
eedbf6b3
d9031713
fded2b15
edc30b0e
d2fb10cc
fbf23500
0eeff0f5
e732e701
f3fb12e4
f4d7f8d6
17f3f70f
0604cf2e
13fd0a03
f7e6fc3b
180a540d
1de822f5
f6e7e0e1
fe12c8ec
feef3304
fe11fef7
fafbaa21
02e8e313
1d04d842
161333de
0805fef7
01f2c634
12001bea
ea3af305
49ca38fd
46101ce1
e5e92913
eb042339
4447cffb
100ae7f1
a4f4af24
f5342c2d
2ddfe600
16e9e604
0d16d127
0aed06ee
ecf61514
0bf0d8dd
fdeb17c5
fa0900f8
f3ff0903
0a0efdf5
f90ff7f2
ca0421d3
2b300325
e9f5e700
edf40e1d
f3ccf8de
31bf2fdd
28321015
33251a12
f1cf1eee
37df0bd7
521022c8
d6e922dd
406ffeea
2626e91d
4be203f9
8105cb14
c7d61adf
192ad42c
06d112f2
fe21bccd
05d30ad7
f2f01dcb
4ef4d316
1cf5fb06
f417d804
177fd0c7
dfdc195d
fb02d242
2a5fe110
c101b8f6
a9080df0
00eb30e3
f41cec0f
15d31ee4
0820d392
3215f01e
0023f5e5
25ff30c2
05e7a0dd
e5e2354d
d00a10f7
0efec91a
71f7064d
ec06fb0b
19c42360
fcfd4aca
661df2c4
fc293509
fdecc104
d4010804
4deb08e9
fcf2c0ea
d4db1efe
28f02625
e104f900
f4dae3f2
0f0e02ee
eff83d16
f8e61d57
ed001519
f537f2c1
e603c6ff
f9f9e2f6
15faf0be
0a2dc6cd
dcfa0ccf
003729b9
e404d1f1
d3f93eaa
25d68102
dec6d1be
24e31333
1e0848f0
e5e61bf1
170415d2
ef93fdd0
ddfcdaf6
fb175bdd
01ea6408
34f706ef
0eead313
211c1422
16cee2e4
c7e04e09
1dd9e5e4
df0b19d6
e2c9dad5
d5efede2
f7f1ce24
ca0a04d1
290c7754
e7e2a1f1
19e0f0f9
2ec5dce9
f40b14fd
02dabc8e
ee1529e8
06edf6c9
fbed17a9
04d5d71e
01f108de
f800f4fc
213a2708
f4dae3e8
1ffcf217
e14ed7e7
2ef803a1
ddea31ea
ec0516f2
3116bcfe
cff8dc5d
e111d9e0
2802cd2b
0d56f73c
1deff72e
1c0cd8fd
13dee4fa
a9081b1f
f636de4c
e1051414
ed90ebe3
1df9152e
d02e1858
dc132fe3
bcdee62e
04e9f2fa
f11d20eb
0cfc07ff
08f43a35
21e2eb08
0bb3f335
fc173054
e9f5e3e9
fdfb2500
1de5e9e5
0c193d02
d4d80712
57fe01eb
fac7debb
240ef8e4
ea48ebf8
e94111e8
3bcfe81c
2df71d18
0ce5fc01
08cc17e2
f0ee2dd3
149a0728
d50f1c36
c701fc0c
c72705eb
2af72923
1cbebc06
0254f2bd
14d6d427
fafce70a
ede9d60f
0bd0c125
e50d2ffd
19dbfd19
b317ee05
dbe6ec06
f2cae133
d405c0c5
c9c62605
fee4def9
0d3b3602
20ee16e0
0add1fcf
50181805
44fa18be
f3b9f620
e4c0bdfe
11e6dbfc
ce1aeef3
23140d07
0511f016
04d10d27
b627eb11
e72d0f28
eec806c1
f2ffcd04
fc15ffe3
fb1cc503
1ec5e214
03de16e8
2e002d0e
42cf0b07
16092324
193de84a
ba5022ce
dc0ec009
1df2054e
d7feea19
fbc10800
223c092d
4fc4e0c1
680c01cb
1b3d2524
f8f220bf
fb0724f9
2111ff16
1afcf810
0adce605
0bfc07f7
fb13fe03
e9f0010e
1300f0fc
eb192244
ef2a57fe
0d02edba
36da2bd6
fc13d638
e8ddec1e
ea301f08
0e11ff12
0f010336
29a9e4e8
47f0c506
0c29dff2
d0e6bd0e
1a0a43ed
dc1cdaf1
dee71b13
0104ffee
bffee0fc
0c54021b
1be32d11
fd4139d4
f3ed43ba
ae132203
2a3bd22e
f99f290c
08ef5f46
0d103bc8
06a2d5cb
dd031902
00ee1408
5b1cfb0e
dff61dfc
ee12bbf8
de010ab0
c513f6f3
11c2f323
591ceb20
ee270612
d83cd4ff
dae82ce1
0c1ddfef
f0d711f4
3a2018f2
ed2c1024
d9000d29
f322f800
c11becec
1a1fdd06
bfeacdf9
1ef7fb1e
1846f4e7
eaeccf0d
1cf4dafa
132a1fef
3527f3d0
100adf05
f6e90b00
0c0a17f8
0aeef5ea
00fdf6fb
060a140e
f005f800
020c0f09
0304fbf7
f12f191c
0ef0f3b3
b7fc5a43
cd1a3024
d312fce0
2bdeff09
fd402510
c106c12b
1025f9f0
c7c1edff
bce928e0
ee46f201
ffca1842
05ca1ae3
0bf909c7
0c07f022
fef01ae6
25200608
e43b1fe6
e014e5f6
ea08f1ec
04dec207
5fe6eae4
f5fb0aef
4dff0835
d923ace5
ee000208
b5d002fc
06e01d11
272eefc4
c50ae8c2
0bd4fbee
d6d010fa
0e02eed4
2fede4f4
c51fd508
020d04d3
e7381dc7
dadf4b3a
20d904f2
2618e316
1a26f4e7
09fd392d
1cffe40e
e2140fdc
0c1cfde4
2ffb101e
32e8fdf4
3dd3e60e
aefacf3a
ff33f4bc
e3e01cfc
e315cee0
f03a11f6
0e040328
270df915
053b16ef
c9d5f0ee
f00403fd
e8d435f6
f30a11f3
ef05e0ed
c23fdaf6
f8bf0300
38a84f27
df26d3ca
f7eea5f6
0156d7fd
dce7061c
da055218
dae328dc
13365125
2ec501ff
1a04f311
011ff837
e30a3f0b
b8f43803
1ffcf709
dfe9ffeb
e43410fe
271919e6
1b1c1003
2f1333e7
f72823fc
dc0e30b4
e5cb1612
200dd560
d1eaee2c
f518361e
1010371b
070fe52c
e45f0615
da1e0910
09f95d20
52175122
f4ed81d9
030a3914
01f0d433
fef0e1e9
35fbc118
0b05630b
fed9073d
da061121
1e10c80b
dbe603c2
e0cdef07
e6ee1ada
dc44ef7f
30f5e10c
00d4d4e8
c84a17dc
0ca5ce5d
0fd4c307
d106db2b
ece2e100
2c0ffff8
28182318
002209c9
cd2cdb04
14f90efc
e7bd05f2
000f383f
330d0c29
12b9ac37
6203fa09
f62f0bd0
001d58e6
359eea2c
cb2a1d16
f7cb53d9
ecf6e75f
f5c054e5
0af99af5
f71012bb
e5ce0f0a
0ffe3f18
04f902e3
fd2af204
02062fad
b4e9e4fa
0032ecef
dfad1402
ff4b2a46
16c217e7
02e8130b
22101f11
190dd018
2d18e0f4
fb42e5e3
05e2df11
dcf4f3f5
f711dd32
391bff19
dee8d725
f3e7f8f5
324743f2
0c29fd02
dbecd509
3929cb28
df15260a
1fd22019
0df6812b
7f1fdf1b
0c08a119
fc1be726
22b9d929
11a5d72e
182f410f
171605fd
de0d1f11
fced040a
142bf119
ee271dfb
05ee08e7
f5fdf40f
07f8ef29
f9d94bdf
c5e03c02
1ebfee16
ec0ac9f6
fe17c858
ef29ea31
c5d9e0c9
08ebccc9
03255105
bbe6f4d5
d4021901
0e061901
d6cefbcf
10d4f74c
2fd61df6
06f911f2
f022dc2b
0609044b
def1e90f
26f2f723
1aeafae1
1df5fb17
fee52117
21d9f2f8
330b4224
7f33dacc
fde6fdd9
4a110ef9
11f1fed4
e1022530
eb30493f
2facdaee
de0e1aef
e5ccd208
13fdd43d
eb87a8ec
203b1619
1197db2d
052c42f1
e73806db
18481718
0d044e16
25b8252f
21fc0a2d
cfe3241f
4eefa9c0
0f10efbb
07d6ba41
eddcebc4
051041c6
ff0f0ef5
1cfc1618
1f1acf17
f815c65f
50364918
ecca2e1d
f605071f
0dea4cea
f8f204d0
bbdb07ee
1915022d
f8dc0eab
f0baf2da
d90d13c4
390417e2
de1bf7f7
0b0e4ddc
aae21304
0fee41de
d4e62a2d
1203d815
0428c32b
f543ecfa
44281de2
e917fa49
d4e8a81f
fbf9342d
bf31313d
bfdad8c4
1331dd49
28f2c3c6
29dafdfe
1ad50116
f73ed815
dcf2e3df
cd3836ff
f72de70a
d6d912e1
c9fcfaf3
03ee0d05
dbf0352b
eaf45000
fb10ece9
0bface31
0016190f
de1bf6d1
1118e72a
ee14d41a
f6fbe623
0108a817
0fff1c19
281409f1
1212cf14
1a32dce9
fb21b7e9
451ce027
f61d0b12
ead2eee7
e5f108f9
d90e12df
2acfebbd
fc02f4f5
ed27e8f2
0111f902
0f18ed17
e3f0e622
ff0101e4
0be939dd
01f81a09
2509cefd
b319cd2c
38091c15
25f6e9ce
faaecee9
20fd390d
14ccef5c
0507b93d
03d32c2d
43f700f0
c51b71cf
e728f9c6
fcd0db19
dceea207
2d0ffbd6
16c02d08
ea03187f
14ce08da
f5e8ddfe
03f200fd
2f24df04
faf9f612
cec01c5a
5c1dcd07
bc37523e
c7e42a1a
4d3ef6f2
fed5e6ca
1260fd12
29f709c4
1cc8070a
4b1b2402
d6fef8b0
e0f8bc05
fc3bf811
1bf3133a
d4093a1b
dbbbb830
111db901
26dc0009
f2000dcf
32e939e2
caf228e1
e12107dd
22d5e613
e3f4d2ee
cf144cfd
f80a04c6
36da071b
09e322e6
daf5c221
2a24b22e
9b26e8f3
26e138d9
2213bff8
280b0001
e113d41b
d5cbfb81
2df32be5
14d91330
e74c043c
e611059e
f8edf9ed
fdd00f38
f4d90d3d
f4e81fe0
edf81df0
07e4d812
fb03870d
d611fc01
e829e60a
ee2cfef2
fa21c1ca
2ade63f8
02f3eff7
e8e3ed16
36b1d9ac
f3f0b319
295a1a3c
0f1b2105
e62be32b
ea1abc1a
c108f4f1
eb01ee33
33a681d6
11dd081b
2df44f1d
1ee2b5d9
34ecd4fb
f1ed0a29
0303e204
262513ba
0b4efe4a
34f12157
3549fe44
0a06d837
140aef06
d6fdea0d
041d32c7
cb350b08
ec01b638
fe19e935
faaee8ee
ac2af7f2
e2cd390c
1bde29c5
d61f229e
0aeef556
28e325ce
f81ad0cc
0350b0fa
c2a4ebf5
c0f4f8f1
f5fde2e7
1cf529e0
e6f01139
1e3132ea
0fd51418
d0200ecf
c5f32b30
f1d05623
da16d213
fbd8eedb
1019efe4
050a25f9
bafcf2cd
e54efdeb
06011507
fd0a2d23
25d0013c
dc386004
190027de
ea4b0418
29e8b6dc
ed02f3ad
e82eec40
fefad2ba
f80a0af0
eb1713f6
09ee0610
ec0e0101
0ce10307
f1f4f705
090411dd
04281102
f3b51bf2
d7dcd6d4
fa330210
2b1b0814
03dedd0b
b9ee1148
d0ffecbf
07f9220c
00179a3b
bbda381c
487f2844
295a2ee8
0d13c55a
1457031c
a1fad707
fe1927cd
1b1265a5
ebdffd4e
24ec19f3
11e0dbfb
260feb1e
e9edfe32
1c27f4e5
da40e009
14da3aeb
3bc7ea16
ed0b0119
f6d90713
dbfc0143
fb2e7fb5
d8dc3cf6
04fd0bae
e6cea1ce
361205e1
2ffdee31
70d8e322
1337f91d
f5f620e2
81ee300c
031b4d1b
2e23efe7
fc0e0e37
e0051c01
16f8e4e4
fd09e1ec
eb35ab03
31e43b00
fa1ce606
05dc021b
7e1cdf0c
d31a240f
2e401336
3a1042cf
fd192a0f
ead0f8f6
dffdf117
382d1fd2
df05023a
f4f7cbf8
2d2418fc
210dc60d
eeeb1cf8
11072412
e1ccfa27
de35f7e8
3638003b
e3eaba14
cb0b281f
c805ea0b
35f9f12b
34f80b1b
31123ae9
0addf113
092428f0
0115e6ef
f919e411
0bb8c3c8
521ee717
ebf9e7d6
dab5ed06
c71f041e
25e25621
f1e61b9c
223392e3
e5180acd
eacc10ff
14e9fcf3
ed340702
f403e0d5
2ff634d5
de1ec6f9
00f91cfe
b2fcc622
2add150f
cef514f8
11e02f03
14fdf9fa
27132207
12f80004
f3ee061c
d20a1deb
0508d826
f20012f8
0e0fe5f3
1113fa24
ddff0c23
180eebb7
cda5b206
ecf12fbe
ddf93724
342e2e11
04082c25
04d00a13
eccf10fd
f30fd917
11fa34f9
a9daebff
3e3604bb
3005301c
e5efecea
0df314f0
24c6162c
fb01db08
01152812
e80f5d43
f610d793
4436f91e
2af311ff
dbeb15f6
e8f62621
22cef7c2
db2e4eed
ff10eb15
edfed42b
f201e722
03edd400
ce203f17
fa08ace1
121bfce6
c707eeea
35f92f06
5adeb421
e41d14ff
fbd4d8f0
bd23f72c
ce0e06c3
06b00c12
e1ee0418
47d520e8
1302fdf6
fa1c0216
122d1dd4
04d2482a
1bdd9bfd
11f8fcf0
082fd2f5
dc18e407
15e1cedd
1e483be0
170617de
040c16ea
09effee4
f63c0046
f9031501
f7fad8f8
16cdd5ea
f51fe8d7
d54203eb
e6f521df
c906ddd9
082304ff
0919e0f4
e0eeefda
39d73821
85e5ed09
c706ba0c
ecebf2f4
18024fad
fe1938f2
c6ff0cfa
022bd6f9
011e201c
0c26db21
5e23f9d8
322b0002
bffe2717
e02c0403
dcfe40d8
d51b020c
d638029b
f8e5edea
2b0db3b9
2add1cff
e44186ca
f42ffcb9
ec4db4fd
2e096ae1
d510fc23
5d13b600
e508cd36
dcd419f4
bfe0e83d
18e3f3f4
2694140b
e3eae5e5
102756e1
03e306fd
1b190219
e33dfbeb
f21f09cf
f3c4093b
3abfc915
3cc60a40
f4f5cb42
33f72ffd
ff02da04
dc08b8e4
18079b2d
13f017b0
08e6573a
f6e4fb0c
e9e9dd16
eb3c3200
fe1dcb35
4ccefe24
c81c17c3
39aee6db
20082746
28de0efb
e2f8064f
12eaba16
f1190d2a
3c05fbe8
f8fee40e
d91236f3
c83811ec
f8e01bf1
e5b471e0
17ebbff9
f2ee15e3
f8f6fbfb
39e2aa11
f4360fed
134a03d8
f4bbe1de
1cecc9ab
f7263a29
2374dd18
fab5f601
09f3cc18
d42507ca
22d3d425
ff49f22f
ebd930b4
e13ce508
f8e213e0
0e25dc16
e2f6b8f7
1c044a05
132a84e5
c1102b05
db4ff8db
06e6be3f
02c229fd
230610ea
eeeab8c9
fd26eeea
ef4a05fb
eeedfbeb
281bf0bf
b6d929b7
f95bb1fb
e925f04a
0f07fac5
0be3ec1f
1d1629fe
220012f1
0f2f1636
e1f31402
19f7e514
fe0b06f6
03fc0a20
f6edf60f
f52be008
fd09fdfe
0416f7e5
edfeed19
fe05fc12
f0061721
bb18e9e8
f624e327
20f9dee7
0218170a
e930fcfd
2d29f835
e906ff05
b437dfe1
ef284fd9
18ee15e5
ff0c22d7
fec1ad20
27cce8ea
b038ae15
3bf146ca
0bfefc00
de16f6a0
f50af5f5
eddd18f1
d9fcda28
19fdabfa
b609f30c
ff24fcf6
0bfc7f1b
10d21d25
0b3ffbc8
f7b22aff
ed07da1b
27c806e6
5ded060d
0c13db29
1a0502fe
08e8280e
09f802f8
1505fa08
0ef709f2
e419e9f4
fbff08f5
06f80bf7
fe12ebe3
c2eac4d2
f638e7c3
effeeedb
d4090535
f4116afe
d11aeac3
090bcd0c
f6f60324
b7031f1c
de041712
eef83509
45202a13
0e2916d4
4428eff9
d306d4f0
fee6c94d
6328b315
ce10eb5b
21112f31
e9c5e5f0
e1c8e829
fb2de3dc
0fe3076a
340705ec
ed06c427
13f1ef10
32a03824
0515d510
d6130d00
4a05adf1
dd44ff12
3cd1caef
0e08fc12
00fb09f2
f4e00915
be12ebf8
3e253feb
b5071ce7
ec230a08
06f62404
be2e035a
10bff035
cbe0e1e2
f7d1da06
b8e7ee2e
5dff0a1f
51042af6
d41131d4
28f84926
f0ee1f17
32bfbff5
2bfb57ea
290536c2
0ad82302
f52a1727
0719e9de
fa1f3ce5
54c00113
fee75bed
410f07d8
d82ddbe0
c11cf8be
d1da1e19
e1250124
fdfce81e
e91337e2
4106bbe2
c50c1dab
5c0224d3
edf96d7f
0a073d07
c703f028
e3efcd06
0ce5e5f8
f0fdadd8
1ff1f214
f5f40237
f2152919
0ffa39f9
0ae4002d
1c073b1c
e301ace0
202f1ad3
fd1b1820
22f5d399
f84ccc23
07a952ef
f01ef7f6
d2f4ef12
f82bece5
d51fd314
12ee35e6
ffcfdcee
cdf0d9c6
06da2d19
fe01fefe
f20309ff
fc00f7fa
080bfd05
040108ff
0dff0502
070a01fe
fb070102
ea3e263c
ece9021b
2e3142e0
e4fc1812
1506eff3
1eeef115
165ee105
cce8d10d
e83be98d
16e5cf2c
0bbac877
d51c3a07
12cffb01
21fd13dc
24bfe8ea
ed0c0316
d9020ddf
ec1fc0e6
093ecef6
dc39a427
00f004eb
eff2e8f4
f1fcd903
fc5811be
28182f12
dbe90bfb
1e05e9c9
56e4d4f9
dfe41e4f
46e4d337
31e7f7cd
cae91018
db09e80f
23f0e1cf
e5f60d3e
263b2ce8
27dc20ed
d014fbf2
19b21303
291701d7
01f80a33
db070ffe
f0ed07ef
27ef1efc
11150fe4
f046b203
00f7eecf
16fafe1e
dedcf61f
6e2af514
f92a07e7
df3fe912
27fceafe
3dfd4618
ef05f9d3
f7e30328
fc281615
19a6c832
edfd0f2b
ebdc2411
eaf4b8cb
3415d656
0ac5075c
d8eee6f1
d40c0ed2
1af0e9cd
3d2620af
0a1130f5
ebe64765
cf0ab72e
4ff3b714
18f7b6e1
151cee40
1212d8ca
daf00001
e8e50403
d02834e7
2e06111f
04fbdeea
dab8f4fe
f6eaf80c
f40203f1
e5e5def0
f2480ccf
ebf8e9be
0d0cdb31
1d31ec1c
09f3f1f7
db23180a
ce121981
f2e008f9
c2001f17
7f1dd409
14f65c27
130e13dd
2b3104ae
13e21e06
e61afef0
c8a906e7
60300cea
0f2338ea
0c495939
4404e52e
fd0812ec
104ad3f2
6202150e
da22ffed
0830233a
d5fd0cda
31360c39
0615d10d
13db30d7
fdcf901a
7c09241e
26e9da43
191ff700
12e5ef04
c3201deb
c5b43f1e
ef481807
81072006
77cdc7b1
3b7809f9
5f4e33ec
48044305
48413ecf
3cf9f7b3
d9ee2707
382d2b1c
c60227dc
eed406f1
043937e8
0aebd6f4
fa2c1fff
cccbe2ef
011be131
cf09c118
3a001bde
16f026c8
23fb1ceb
dfe749c7
0ab457d4
18382ffa
13f1f843
21e2ef38
eff3f414
4842f8fb
bb1aceca
02003b42
56b719fe
12e43532
f4ea11de
e2f5e8f6
8809a1c2
0a401310
1551e5e9
a014fb2d
1418b2df
02ef1313
19ef12d1
e5060dff
03f81620
e2fd0ae4
17fb3ffe
1a021f22
dc273606
f2033201
d102eb0a
45100b40
ee370e29
e217fc19
2af22000
1f1e2121
1cf9f298
ebf5f1f2
0b2618e8
f4d10d0d
e6000c16
f8fc2712
bfed1d13
06340dd6
eee2f50e
15d107f1
201a0b1a
dbc03112
0912e634
0bfc1c04
cbc91eda
f03ce193
41f4f9b0
120702dc
101829da
10cef5e6
2207f022
00f82ee1
4de20e03
4606d3ec
e6fdefee
d1efc3d3
bd28fa0b
14f9e5e7
da040336
1220f316
eb01fbf2
3221c449
f1a416dc
021136ec
16e1d821
15dcd9ee
3ee3d61c
1c1518e6
07da1ee2
13cecb54
bf02ec3a
0218530b
25fb3b3f
2489ec0f
78dfc3df
ee660fea
e482c9bd
42ccf1d4
e1b70167
eaf6ed0e
d3bed0b2
fa09c603
141bfbd9
cbd44718
024ad208
23dc2035
11e42c19
f1f1ff12
e5efcbd2
f2f542ba
6a062331
04d500e9
da03e3fa
1905fd7f
dbeed1d4
03edf735
363d7106
ffe0c716
3a0501a5
df20273d
0422fb06
0b0d2112
b6e72824
f9f1fdda
18e60df8
ecbfb914
c2bac421
e6feec03
81c61b5f
3c068117
0b2b2eed
3ad5f3e8
fe7400d8
eb30f6f4
d70c2c11
f80520be
01faf902
ebf8f7cc
f1c2c7d7
09e26d12
ecf1e9f5
efcb0122
0024a033
080325f1
df44e227
e7050018
ed12c1bc
12f5db0b
e72402c7
24e710c8
ee065aae
ed10cada
19f6f617
fb0525c3
e63738b9
cf08eef2
0f01121b
f4fef007
f8ef2a16
26ffd434
03160ae7
dee33aa8
0836231c
0d600905
fdfe13fe
083c2639
13e6b90c
fc06ee16
3208bbff
f91efbd0
1efecffd
f80210c3
e84d221d
f8f34901
dbe1c5a4
1bb5fbf1
02f7c8e6
de18ebd9
00f0e6f1
1a1c00da
3917faec
0ace320a
411b18f2
0d10e781
1df45809
0a14d62b
18180607
9be802dc
f825d4fc
0e181f53
defaf1d8
ee4305fc
1dde4bf0
1cdef40e
dd4518fb
32d869e9
13ff1613
04d4e40d
c007eaf5
ff46f405
0defe3cc
05f3d5e3
6a3116b6
19f952f9
d258f713
03fb12ed
bad9280a
ec1219b8
f225b80c
e1ee0bdd
e8cefde4
f2fbfafa
fef2ff2a
ac1f2be1
f9e0fe52
f8e8112a
b9e6c9d9
df240bdb
1c45ee56
c3d2c4cd
eefb08ed
19121be6
1bf53811
e4dc1cce
f51e06f1
c81acf40
09ffff07
0510eb18
f2f301e7
20222924
04e30d47
f30ede0b
02afec09
f3f12205
faff1024
f23803eb
cd06fdef
28e518fc
28dcf9f6
eb1ab62b
242c3713
eaf70cb4
fecabee9
fa2233e9
0a01130a
38580c18
47012dcd
f0f5012e
00192c0d
18fadeed
d7d90e1a
dbff0f1a
160616f4
cd09cfd3
ead99719
10e2242b
f122b120
ce59f0d9
f0d9c921
0e16f32f
ef2798df
eff5c7c7
ec35fafe
17f0fed5
04e8d8de
fce80715
fe7f13d2
26ddb30c
03f60830
080f3c32
f40f0b09
04360146
990b0d1c
21d030de
340b18be
272909d6
dde4f608
052547d7
dc0cfa33
fccd1822
e5ccd8fb
edc02036
06e1fde5
1a271807
0009e2a1
1e5d1925
dbf4a10c
f3183eae
1b08e608
29fbc8cc
ddddf62e
11eac9ed
04e6dd33
00fea5c9
1700e0dd
ea12dbe4
02f2da11
1bf4250f
06bdf41d
f3bc0319
e5f8f826
e61a44ea
fffae4f9
1abef0f8
f52d8bbb
d20408d6
ecfdd405
e2e8e71d
e1fe3718
e6184e03
dd231705
cd29d8fb
04e2fc10
172e0308
19530231
482324eb
061b0ef6
0cff0bfb
ff13d22d
eef404f7
03e2c704
09fcc605
f21dd811
fbfc1814
f3ff3307
28200c00
23feeacd
200c2e00
0437242a
ecdfeaef
e74916f1
2738ed3c
08e9eab0
f000f3f5
1c020b0c
0a010502
0e061100
06f7f8eb
ef130901
d303fbf2
fbf0fbf0
1dd5e8f4
d3eeec0e
f905dafd
ea3211e5
090c070c
240b2547
f80fea16
4fea2506
4cf4f40d
fe273df4
28ccec06
cde629f5
dbf433fc
fbfd3f26
1ffef8e5
bef0e7f7
01400701
cce81117
1ce0da57
0cebeed4
041355df
c21ffa38
ef2feee6
00370bb1
0cc2eb45
f4fa23d8
2415e6c1
08c6d434
0be0f6a6
0f0fdf24
1b1ae706
38df0c1e
f4cc29e3
cdcfbd28
efe0d826
a13a0015
91420046
cd2a0a59
f61d16ae
17eff327
e8fad505
f71513d3
dfebfebb
18ebe61b
0a00181f
3833d46d
00f8441c
fa2dbc4b
62dbae4d
67e9eeba
0fbb00ec
d1ec04d9
a7ffe2e3
0c1bdee4
b94435f7
f7e0fd10
07edef28
e2fdc810
ddfaf804
eed8fef9
01081529
20c3e8f2
1eefe017
ff14fe18
1020db09
9bf9fff2
cafcc0f6
15c3df08
03f8163b
0c03d1db
bbe9df2f
1921012a
feffe2f5
df0157fe
1618de1f
d4e22515
271310df
d6115906
d947df08
eb4f0f07
05f90921
09f0e613
e1f6fff2
f9d22af6
06000e23
06f9ff0d
0e07f8f9
f7f9f6fb
d51b36a9
b4ee1afd
06ec0c2f
da0127ff
fb2514d0
e90e06da
f01eeb27
bc0f3cd4
fa0412ff
28181b23
feec0623
27f1d3fc
e5eadfcc
ed2a1924
e92ca9f7
1de4edfd
0e04e50a
4c1ee102
f30d28c5
0cfdca0a
f1f6d227
f628f6fc
e8e72526
bd001d3d
1d195605
25d22e29
f1f4c926
f2cecef0
e6e801e2
31de0826
ebf938d4
ef1f314d
b8d8fefd
f61100f5
1e21f330
122e0f08
f90b0d19
21f4e314
39f7b233
15f6d42e
4e44e1d4
d00af6c2
e312c6f4
dd19dbf1
0e001ee8
e8032006
cdeee7f3
21d302c9
f3fd1d1c
e3e5f2ff
e5e11b40
12d9e52a
210ffdcc
dac54418
42e7d7f6
0a2816af
e0f842e1
0c1d0f1b
0b05fdfa
3ff62041
dd1ff5e9
ebf9030f
0bb5a6e4
56aff0fa
26e79322
d8004eeb
032310f0
d3f0d6d4
291014ff
7fffb733
4bd23ec7
31d0c1f1
f6091b05
a52cff36
fd201732
0628e928
3a180eff
09dc3242
01232731
e8c4fd0f
21ae0327
29141112
0b28dc2a
fe4d6c0d
f1edf92c
d33a0efe
f02d3d24
d54d25e9
151d1709
fd1107d6
0bff0107
ebfee2f2
0f0e1107
0ddfd02b
fffdf706
e5dce6ff
ffe7eb14
f7fc63e7
e9e1f427
ff5c0fde
0bcf22eb
ed11e701
242ed314
e2d12239
f6a701d7
eca817b7
ab2b4717
3eddcdf9
0f112167
04cafe16
ea24a302
0ae101d8
0a2e233e
1b0455e5
0bf0066b
183e530c
d4d9f5f3
fffed446
0beec709
2110db1e
e80022fd
fffc151d
05f6f8f4
fe20f002
e6000a10
ecedfb02
feeaf70c
04090116
338e2ecb
001a5ef7
f60710f1
091016f5
2ed6f94e
1c1dfad0
1a192900
e332ffe1
f101e3e9
def722c6
24e68124
c7e2f42b
f1e9ff08
d1cfd9c6
3d2e92f8
c2133ec8
1c1c36e0
13c0bf93
f1c2c9f4
140b2ee7
220130e9
abb421f1
03e81e0a
def2fc1a
2c1a15b1
de09f3ce
c312f212
ddc6fe02
f30a39fd
26ceb30a
dceb11ef
4ec6fd29
f4097dff
07f44516
f310eef7
080ce504
cfeb2739
0a24e7a2
48e80335
2e31e5eb
e412caeb
25e1fd03
f709311a
0b47e9dd
08245d34
41f6e202
b23dec35
fc4ef818
32daec09
f72e51ec
36e2f2fb
0fe42d04
040af647
30f8dee5
d6ec0a31
d1d63496
c113122c
c6eb1d1d
fb2a06e2
f43eb21d
f926941d
a8f02d03
e4cca11b
153af511
2202c7f0
e810e0e8
1c27e6ce
03370e09
f9c1f606
e20016fa
44efdffd
fb0cce1e
aff63706
35054fb0
1158df05
18e01200
03c566cf
44d82e2d
082b16e3
01330409
11190af5
f22c3e1e
fff80b1e
f1c02afe
1208fa07
3734ddfb
402afae3
04ba083c
0c1017d5
2abef923
ed1312bd
e1ccd5f9
d6e6ecd7
16b63dbd
d9cdd337
f5e2f7f7
f6cbe19d
dcf3f2d1
034904c9
030fda04
15ed329b
1d39e01a
e8050acc
fadaf8ba
242225fa
40fdd045
0ccff70d
fc051520
ebd70feb
296d6208
3407fafe
1e261317
fdf9dbe2
97cc5cc8
f5f91ee4
e9f0dc2d
ee05580b
100ca9bd
4303232a
131470bb
be45a5ec
230dd6fa
11190020
f041d7fd
e4cef261
e2de083d
2e04fad4
1a53e1c8
e819dad1
28eff43f
3cfaf607
ccfdc40e
400efc38
f35e19de
cbd22135
1aec04fa
103f040f
0c02ff01
13eaf6c5
d7173900
f704d7d3
e010ea4a
ca090d1b
14221edd
eafc19d7
2626f72c
e7fb05c4
4b0948d2
ddf3d1a8
0ac63331
2b32d2eb
0313fdfd
03d73131
32e729eb
0cea001a
c31e26e6
f8f6e470
f3f1f30f
d310fbe5
1604b9e9
ccf1eafe
f2142e32
ee53d0dd
0c23f120
cde9ebc9
e822f10e
0bbe2324
04051616
e0f91219
ddf53eef
3ecd1ef3
e3e8aad9
1e273ebf
fc3ecb13
a6e313f9
1f21dc46
1f43df00
bce4f41c
db33ecc6
c2430de0
eaf3ef9b
34e11781
94f9f31f
d836f0f3
07fff0ea
2e10073b
ffe90c07
eb17dfec
df031504
161fe8dc
2815e0f5
f1b2d8d9
18ee0e0c
03f8f9f0
f80e0d0b
fbeeece4
20fae4fb
0317f5f3
f5fe14fa
04f214fa
ecddcdf6
d003a313
dca626f1
133c510b
22edfde8
e2fb135d
400857dd
e93619db
3b25eaf3
180809da
f0e62434
f9db50e1
04f9d248
f1fd47dc
2e27f644
ece5f4e1
03fffa20
d920eafd
2ce0cef2
e8e11603
f9fc0ca1
36e8080a
fdfef633
e918de12
ee272afc
bd03edd9
e00502e5
f7f5c7fd
e932ca3c
de19dce2
36e938fa
d0cabcd9
1e0b13e8
20001000
101f080b
11e2aa0e
020adec8
0d1b1af2
1e0ee0e7
fcf81b09
fc160be6
f61cbf19
fa1bfb32
e3f82415
1af04c17
01d9db27
bb10d322
12e304d4
4cf207e9
ede2460f
163af109
efde15de
eaecded6
dbee0f0c
0707fb19
2fd6163e
0c291809
4305ec02
f52226ce
1b0502d9
1726020d
085538c5
1a09bef3
e3470510
fc0634f4
16eab927
021dfefd
13f8ee06
13fde6fc
d4e404c7
ccf21b45
cef10243
4cf7531e
08df56c7
fad3f605
0b003713
d0337e2e
0fcc19fb
ece9dad4
fc14ec28
ceddd1c9
d7246a49
eb1c032e
f0d5d8dc
9b0e1508
f8ff0514
fcdfc96a
10f9f7b9
31413b13
5ceb10cf
bf11c12f
421c471b
12f6bd9b
23ce020a
f9fe15e5
11f258d4
f3e81125
42c6f70f
1a93ef12
25e321dd
e3f8d94a
f9ee060f
2a05cbd9
2e44f406
10ec10e5
00f1e8d7
09c50e10
ee0be2ec
f627bee1
0001dbe4
b9ed3508
36c43fe1
0e432e38
21fbe7ab
0c013387
fdd3fb30
cbf73362
ff25d923
af3711b7
0bd3cabe
27122047
dcf403ef
20fc30c4
00e8dd15
c5ddc6f4
1ccde2dd
0c0218f3
1825fdf5
0fe6140a
3a31361f
0e08f9ca
e820fee7
41f73bbf
f2831715
1bc87f27
18a0200c
adb8de21
13eb0bdb
10d6e220
06f2ad00
fdc6d7c6
e407b50b
1dff123e
0306e2e9
0df92f19
30f5ba10
e60efa01
150845f2
4cf32422
2705d2e1
f1f73e2c
291d3b33
130500df
0df9f9ce
da282254
e22ad3fd
27eae224
fa14fcda
15131103
092c08e1
d60dc918
fdebf7d6
1200f911
fcf4242b
13e11dee
dfbee3e2
dd0d1d1c
e6300bf5
1b47f114
17fef7f0
1917e812
bf26c9f5
f00eeefe
1305f81d
31111ce6
070e06e8
1c06af04
2ccd4397
150df7ac
d1d0011d
057f02ff
0f13ec36
04111842
1442d1c5
d718cded
217f3101
1b9b0309
e31ad3d6
0f1451d7
b9cbe42c
db0bf501
f8fe2dbe
e1dc0549
3c073e1d
1d17defd
e9e3cefd
342be7f8
be41ddd1
f0002810
04dcdfd6
f0c51efc
0425eafd
fa0719f1
db2e24ed
0c05fbfc
08e7dfe7
b1ed3f2a
3617e0d7
2a543807
20c501e1
2ff6f749
30c8fa1c
1bfe09db
c6effa34
e7265604
c8daff45
640225aa
f02016ed
0b2cf745
46f1fe23
e4f4d30f
d3f80a23
fd234416
3319e0d9
fbc7ee29
d602df1e
e9da2b59
d5fef012
e205d7f8
0e1f1b46
1408f0ef
c9f60e04
f60fd6b6
2ad2171b
160dfb05
d77fdeed
120526c2
19070b1d
fbf610e5
1ef4f90c
f2e5defb
19309966
34fa0af2
1933081b
1fdcfff5
aae8fc10
2997f1ff
d00c52be
0cfb9c39
4d354858
de33f114
eca2db15
12082d0d
fdc82b36
f040e8d5
e6e32607
dd1afaf7
dee72bfa
fdc304ed
b935c122
f000d518
463bfcf3
1f0ff1b3
0a250cce
d81eb203
e3022126
041ae003
f4fdef22
e700f1cf
020dbcd5
213fb8d8
13482f0f
063a0536
31136b12
091feff9
26f4550a
ee2cbd48
f7d6caf9
06971922
f6dcf508
e0f1d20c
ebf8ffeb
c41a0ce7
e8eb0ef0
18d5effa
0a47fbe7
2b260bde
290ded04
20e024e1
fff100fe
fda41bf0
dbd8d9f2
0408d411
ec044f00
1feeef18
0d041c4e
1bdbf0f0
b9fcad1d
28c323f9
fc072011
36e011aa
f7f72fc7
fbfb00f1
deb2fce3
dcfd6715
30ecb8fb
192b0c15
10492dd4
0adcd8cf
eaee16cd
132632f6
1a5a0125
000effeb
c5191507
ee0302ee
0b32e91f
f1180eed
25ea00ec
1100e309
1806eb22
5713f75e
bc1211f5
15f0f2db
dabc0f13
1504e9c8
d312d6f7
df40fbf4
d3cb3223
4c2da318
390bdfbd
e8d712cb
63ddd3e0
4d532815
24310118
a731469a
f0c8394b
40fc1711
0a2310ad
d2d60863
331fc7f2
19c988c3
29f41508
51cde02b
19cde3c0
ea10e9de
cf33f948
18cbf213
ed15e4eb
41dcf83c
dd2b414c
b7d3e102
15ce0015
f4fc4e22
f6080fd4
081602e1
00f5defa
16171767
25dc2449
2614d222
f0195e13
db2fdce6
e0e4eb02
dc11ff12
1628ecd0
5a0fa714
17ebfb15
f51a000b
16200f00
29e9e4c7
00042df1
fa1c0b46
baf84a03
d8f3f922
d3c2e6d6
55fce608
e117fb22
d601de05
0df37624
0804e102
0bbd3b28
f408db20
2ee2db03
0b370103
02f21138
07170c32
d80f1d2c
e115304d
0315090a
161dd808
fc321241
fee92a0d
dbcfd5f5
ca03f83c
19f92d19
fbee05d8
f7131d0e
f8dd121f
f3fb1c07
ebf9f7f3
fbd7ddd2
dbc9da07
2d32171e
fa141239
07d1223b
b6fcf8ea
e9fe3900
fc0d42f9
f10ebef7
0b0e1110
1d0c2b18
ccbfeddb
26d7f71a
fde419fa
2d6648e1
1f0c2ce3
da77f61d
f11dece9
4326fabd
0b20c3fc
0cfbb426
c1fae103
0dc010af
e5ddb4e3
fa2cef08
521aea25
f2d8e11a
f21306fb
2c2a07c9
e4992ee9
4702a32f
0eed093c
d40c2000
1214d202
efc4d3f5
32e6760b
1004cc21
0e1e2e16
4f13ce0b
32b312fb
02cb27ae
062ae103
ec14fbf4
204a36db
1f01ccf0
1bfab320
0bf1f4f3
c01aeecc
ec123056
e2e821c0
22f8f7db
0ee3e717
18d0cdfd
e9032a14
ef020a25
0cecf6ba
18fbbe13
2af1fd06
d2012fe6
2f2e3a3f
45eae2dd
03f45b1e
34e8abc0
eafc13b9
fbeb400b
032aeab6
2afd0530
29b60bc9
3eef482b
dd31e502
6bcc0dda
d9032640
eaf9fe23
122c13ff
2a053ce5
21d82cf6
145f2107
dc292618
03eb03e1
250117dd
1208003f
06f616a1
e2fb3a3c
121acf45
2bf74ce3
4b23eb1e
a2b237da
f20ad821
0f1a2ce0
02e5c10a
fbfc1220
f92115fa
fbe5301f
0a2c0915
18deed28
0df4bf1e
2f08de00
4e522bf2
3bfff119
2000fe05
e7d80ee8
f608e300
36e859e3
57e6e41f
07f62129
daee180d
15daed15
cc21fbec
1902b44c
dc0b07f5
f8380b16
46eb4abb
12d829ac
e5032d1e
17072312
fd000cd9
04f24ccb
d7221f0c
f501e2d8
fc0de203
0e2c0f03
fbe4f100
07ed4c0f
f4eae2e4
0240f8c4
e4e3fbe5
20f116f0
36efecf4
eed3d4fb
ef3015d6
483827b3
f81c273b
f2c3d2fb
f6192bb9
ee2142f2
d244f649
f93514cb
88d3ddeb
d2f52f30
b0291509
5af623f7
2c0b17b0
cfefeb1b
00f3f656
2ddaa848
13f41920
fff9e5f8
f4f8f821
11511413
04e31014
0ee126ec
d9dc0a26
fee7eee1
feefeced
1f060afc
eb09eeef
d3271ff2
f3f2d0f3
fde4b8fd
2ff01b01
ef492218
f0f7d141
04d6bbec
f2e1eff0
b7e33114
1b06f904
0317cfee
e1d6e4fd
f7ab461e
0fdfe9dd
ca12312b
f5bc0001
22ffdbfa
1af0eb14
2de45a18
d50c10e2
fd0bb0c2
1e2eef2c
0622cc28
d6dee416
ecd0fbd7
4b0e1609
15ef04d1
36c91724
fe10fefa
fd9bf410
042f42e3
4b203827
eb030e07
2019f3c9
124c14fd
51b70d10
eec0bbf7
1c05bcf1
fc0701ba
fa30f2df
ef211a19
080aa9f5
d9f84304
06e1fb0f
e8051ce4
f7310f19
ea01befe
fbed09e7
0ce20914
b6eef3f4
03f412d6
e90504fc
1cc83cd6
d8ce0aff
19efd107
fb0a05eb
2b0314da
f0eefff9
fafb2d36
dbf7fa20
f9ebf8d0
f536e7e3
56f85430
060c5e11
beb70407
f60fb4e2
f4383a04
0215f402
35ef4dce
eb043320
d218de0c
f90c0afe
47fd1ef9
ee140301
09dcc104
14ddef11
e032f8b5
2ad4110d
061a57e6
0ef6eff1
fa0c6517
0710e208
0135c721
fe05c7e4
fff5da2c
de29fc47
2bc40da6
07f3cb02
f00cdf0a
061bfa06
cdcf04c4
43e2cf0d
2feced0c
d068062c
d81feb5c
e63d1b04
db46f6d7
fae7131c
abeb14e4
9aee24e5
1afdc80e
2df73b30
1cf0cb1c
2ac93037
c7ef3b08
27f72e1b
130a1811
2a15e3fb
1d3f0420
dff1c6ed
a4072e24
2bc6fd12
52073fea
0220229a
2e9907b2
df0bedb8
3d2901a5
30dd27fe
20e735ee
04d713f2
2d48f010
f01c21f2
f8fb11fb
d604eaea
0ac2edf5
240e05c6
dceae83f
eedbde0a
befe01e6
0f00fc31
07f4e8e2
fff26403
e6203511
050617b9
4e31eed2
f833fbec
d41812ac
770cdef3
12411613
49122f0c
09f0e521
000ef0e6
e11d071a
10230427
fdf53508
010226e7
eb00de05
dac4c6ff
f222c0e9
eeb7e22d
caeceba5
04e8312d
aa342df2
f0ebcf40
63bec2e6
0511f3b7
010edee7
04f306f7
2609adf1
08410fd9
08ac030b
371903c7
30fd15e6
eaf8e2de
d1922617
fbfd10f3
d422cd11
ecf2d5de
cc240d02
01140c0d
ea01fc20
19d71619
f6d950ea
f51fde12
0b20a80e
e61a99de
fc132bf7
350ed403
ccdfe522
d09bf927
28dbefde
e83c02e2
360e2843
16daeace
2b295532
321d010a
c00dff28
00ef0dbf
0dc5b406
081af819
03f828bf
0ee1c902
f9d4b41f
d6ec090b
44deccd2
af0419df
0a42a825
04fe150e
f21f422f
2739fed6
1bc2d917
3b2fc821
fd01e010
42f932e0
23b7ff1a
36ef0c12
ebff16fb
fb1713d9
11db14b7
04d7d626
08450fef
04edf5ef
3cead3d8
c51af50e
e9b53b06
d417d72b
21261e10
e71ac329
17f90dcf
1dea06ff
d005fbee
0aca0c24
47f43807
061ecd03
cdd8342b
1fdd0521
b1b5fca6
4ad3f6ca
eb47a4e2
e9f3dded
2a05c7ee
fd061905
f9d70f1c
0b1debfa
00fad2de
15d0d9fc
f52bea02
04d4d620
47f3d33a
e5c6fce9
d539182a
da36dc06
2f43f9b3
08e6f0f0
eb0ce0b8
021d0afe
1e12e4a5
0ef003ed
3c08e03a
dffafe08
00ed0cc1
3a1df02d
05f8e30c
1121b9f2
b008a1d4
0f45f600
cb21380c
e4f1eb41
ddc41d1b
542cdc06
41e4f4fb
d9a6e3c7
0b28b632
070e2630
ed66b7fc
f5f00241
30c8b604
ddded817
d5dbcf2e
060c00e1
66e7da0b
1311f7e6
153c5503
2df417c5
073024f7
f51bfd06
10d91b27
d2162806
ec2b4447
f3170e0b
2ceef308
d5f60f12
f7f0cf33
e50d0724
d6e015e9
eed22d14
dffdc8c0
f1bbf591
ca570210
1ff244f5
19dd3ff3
c3a21ad7
af23139f
06f7201d
b5fad116
0ac22114
ef05c024
a5cef431
e11b29fe
eccd3512
a9122afc
e5fec638
44caf2a3
12cff2c0
32342206
a222eefe
f3c8bf08
3d12e614
0b07d80a
1b261318
a9042034
fb081227
f32def0b
0c1d26f6
0a0be029
b8e615dd
ee122419
f4f9d93f
110db54f
0e0d24da
0205b92d
f7e8cce4
f4d10240
04d8f7d0
e01d0c2b
eb0eeed4
f4eaf216
14d9ebf9
01eadfd8
bdd624f3
ca40fe24
1ad745df
1bdcb707
caf34635
05df0e8f
f1ad0913
e0cc1bd9
1a1ac0d4
3e4c6708
de19f7fe
e981ea20
cc051701
4204cfff
17e9f723
f1d3c8f6
1f10ecf4
10e0e409
e1fa3614
d108e033
1c1cefe1
07e8e1db
dbe72c5d
0fe70908
1618e7eb
e2aedde6
0d2b1ab7
18142658
efd3cc05
bdf9602a
fc1fcd25
1c05fa1b
f7dcebf4
f4da07df
2a11f0c7
f802185c
2829b3a7
2df7c904
0ba407e6
32514402
1dec00ef
6cde3df8
ed260e1b
c9f0d7e1
0b16f6db
31172e05
f01a0bec
131916f1
021ee5fe
e4e124c9
e5fd2212
d41ef8dc
052aedcd
face5612
32f9fe45
dfa5240c
fb0af7e9
cffa21e9
fc04370f
45f4b9fe
090f23ec
3a18fc3b
fdd7fb8c
410727c4
e82ee42b
c1d4e5cb
1dfa12ed
f52a2d26
eab525e3
f7f54d1c
1e19cea1
24e91ef2
560ae0fb
d32a45f3
241e2a29
ff360306
08feff0b
e9f8f833
e501fc36
240a1403
e3133015
f2d72bf3
f309e7ff
07f9f332
04ec28f1
fd04caee
24ec1aca
2e1cad00
26eaeae2
eb11eed6
3b0e0b12
1e17f74a
1903040a
ebfb1103
180a0711
fe2f0cec
fbf9eb03
050a0af7
05020ffe
0203f1f9
b6b117bd
0237e8fb
02f132fb
cdd7fc15
f3c91a5c
b9b3b0e7
190fb3eb
f8bc2b58
f3dcc2e7
c6011314
eefcfb93
e9b73e20
20ee300f
fa2fe4d7
daedbefd
f7f00efd
d5f7edfe
ded809fc
001bc531
21ceecf6
b8012518
1acd2018
42e10c28
d6e6d9da
04cd411b
092b272f
e8ec2b26
01d92629
02c7d50b
12eb1801
dedcf9ee
260ed608
13fadfd4
ea1a20cf
1acef5ba
fddcdee4
07e91bff
c1c6e405
2105f9fb
1afb5de3
18fd0dd4
f317f306
f4d30dcc
29bff63e
e2b6174f
3404110e
3d7fca15
21d9e7f4
ea19f609
04d8652a
0e21092b
c724e919
e2f509e0
05ef1018
e12ded45
091056e4
f712e9f7
d6fed5fa
0cf60212
0303f6fb
f408e300
10f106e3
0403ef1b
18efffff
380c45d4
d60514cd
bc08229c
28ef1915
f5f978d6
f22cb818
1bb321e3
ef45180a
212a01e9
fa13f811
22f827ad
34ea0fff
06b01961
0fd8f8e0
9fd10902
1cbc05ba
d54bdfc9
170a1be6
07f71910
02e9b60d
df132014
e9f6f90d
fafa77ef
ed30ecd0
1528c3c3
0fd286f5
f531f115
3bb7f60c
f3f4cbcc
07f1eff9
d704ad1d
0c0cdde3
0bff64d7
e5f212ee
0fcf22cf
fde6b209
d405ebcd
d4e8155a
fc1cbc3e
10f9182f
fecdbe15
1fff9b1e
18493feb
e857e4e2
0014bfd0
f608c030
33fbe7ef
0bd40426
ede5ff1e
2a1ccd73
c4f31b0e
04f01f02
0d3a04e6
12200414
0913eeff
0732c123
edc02c10
c216d321
fd2bc6b8
2e1515f9
08050727
10def10e
f93201e0
f2de12b7
0534de31
c525150e
0ed3e556
a49d0109
d8100401
bcfe48ec
1e2af9ed
04e04d4c
fe1c13f7
1be402ed
eee1fead
f5fd25fa
b31a2ff5
b557f510
ee5e12fb
ce1ecb14
d9140f1e
1515dc12
381b0432
fc1c00c7
4304f846
cdded3be
c4c02407
2c0407f3
f9f7e9cd
f21747c8
f4ca1741
e5a3e81e
5eed0503
c9d6f902
ef0d0711
5f41fe0d
09810400
0801e5b8
1ff624f3
e4dbc902
1a1f040d
05d2dd46
3a490727
013a3dd2
31c89657
c101245b
0b511f2f
51d82ae1
eaf1cf21
d6fb0320
41d6e0da
c5072407
f311fbb7
fb130811
12f5d410
beb919ec
061b2ce5
f8f0f426
dff324f2
cbffcaf8
282a1ff0
4ff7f10c
a70ce33a
c550d9ec
ab0d0c0e
2f4103f6
c0370719
e5cfcaf3
093d0422
1dd6d018
f3d727d6
0812f10b
e30a242f
fb3fa1fe
e600fc27
1df2ef0d
df9d2ae2
17ecdfec
d54df8e3
240045f8
59c4fda9
1b3e0f06
f721f73d
0f54e13d
efeba8c4
04100a13
f9ea10f6
0770f007
2c3703fe
f5fbd82b
2af146fd
fc063213
e8190905
2b121329
10dedbbf
200f0512
1d1bde0c
0e012e18
e601f6e1
d8071418
1933b8ce
f712d82d
06e7d912
08a514ea
f2f50f07
dcaaf4f8
f3ed12d2
1b08275e
3306ce11
f7e9b7d6
f8e6fa11
1bd2ef32
dcefbd1f
00ef2607
3430fb05
c8d80ece
e5effa03
3304b7f6
12e40031
e3ea21fb
e10dec23
f9df0806
03fae8e5
fbde2f0e
f8082ede
1a10d4bf
df14eec7
cfcf41e3
221138f4
314ee6e2
2cfc83dd
202c31ec
0c0f00e7
f5f52a05
190432d9
d7fc1bf3
f4fb5519
0bd9f960
38205207
ff0756dc
cfff07fe
e319d4cc
07f90b17
f91040ef
cb150208
03fa37f9
fef70af2
09f6f415
f58bc02a
2b1319a7
05010017
38e9e3aa
de04ee1a
ed46e12b
fb16efeb
edd4f7f9
af1bcfda
fbd4c5f3
0de023f4
3d0be20f
d4e1e02c
dd590be6
d3e00d28
fafc2cd1
f8da4b49
102a9ff7
f8d5f6ef
edc9dcf5
2401ee24
c54e02f4
c709daf4
1be82f0a
dc1ff0eb
dcfece16
be3738db
3edc270a
f2bbe2e2
fa1e89df
dc20cceb
bcff2102
03fbbf13
c8f50004
4fb9fec3
1af3dcef
eb304e35
e3f5554b
f7341504
7f2e03f2
a6fcdf0c
210f4f16
2418fb1f
e3243012
fef60a1b
0600f9d2
48d10fd1
e1e3004d
f6f3ffd0
bdca3e0a
d5fb2fff
4fe90dda
2b03fddb
3237e053
3fe4e307
eff604dd
e0100c0c
f0fcf20a
f40c0bf2
060012fb
fdfd0604
dd192ff7
fe010c01
ec01f3ff
f5ecfdf2
fd3d93df
f0c0dae2
25dadd45
cbd94c26
d7d343d3
2d0a2c18
f8eee8cb
f6e7fbff
32d4f011
232401f5
0ab223e2
26bef8e9
ce2ce827
e200f9e0
eb03faae
f511fae9
fe010440
d7e2f0fc
e03bebee
bc080ef7
f0011503
20d818f0
0a38bf59
001ae518
26dbaef9
cf2bc0d2
32fcff0c
120bfce9
45480b15
285b00c7
06f4fb23
fc210fd4
03001d02
c5daf9fc
1203dc21
c610150e
32c918f2
e0fa12a7
1bdf33e0
02d1e9e1
e8e6eafa
49fe1e0e
ecf30b23
f85c0203
3af60afd
e22df0f6
f3030d2f
eae8cf29
edd10c0a
15e50b0f
2d11060e
fb341301
deee0ff3
e109011a
eceaf3f8
fc05fc01
051a1011
ddeeef07
0b0728f1
cb14f6dd
32f245e8
1d29d2d7
d805260d
27f60629
e5e03507
0b4ac108
f71af8e5
d546e2f4
cffe3217
be0919de
dbd40520
f806d6e8
19f12bf1
4a00ac11
18190307
ef81e305
64e3e5d9
f306974d
e8f00d3a
eb04ed7d
fc052a00
21c21dfb
f1fdee30
0af0e6ea
da31e617
0134f24c
e9d82013
e6d2e7e8
2035df1c
07e74726
ea0efc0e
f743270a
ff3126fd
06fce2ae
f6e3f7c3
34eed8f6
1de71310
07e0f4ef
f5e50148
faff0bf3
ea4fcbe6
073a00de
f9000129
02941c21
18e9eb07
b60b3c06
dff1f13e
ffe815f9
032d04d7
ded6c90a
e30ed120
0817011f
f133f905
e6f72dad
09f30d0c
e010f0f8
d8e20017
bfff09eb
fdd12ffd
d427331e
3a1334ea
2d18e9ec
04edfc34
2a050202
070e28ef
00f53aed
fc0eb31e
c70ee4bd
fe3adff9
cf2666cd
eff800de
c0f20729
f3280df7
06eb64e6
1137ed07
07ca3df3
292140e3
a1021430
1c02eb35
f1aa211e
2143fc1e
f8c02fd3
eee63612
0a05de14
3af922f7
28c3e5c9
fcf700f4
f71701f4
e6ecf900
0bf81504
1af2fefb
fde3041c
d8f62218
54f857e1
fd1c0601
070d18ff
10e5e7e2
1b5afa1f
1931daf4
12c824f3
f1ece8eb
22dadc16
2b0b1eef
e3cdd2e5
60fbe306
24fd4c18
121820d8
fdd412ee
e7ee0903
eef514f4
e7fdc7ec
fef6fddf
fffb28f7
26ff0c29
f504ee13
07a4e5ee
f638ba0c
dc072bf5
090c1ee9
f81c0be3
3bfed910
d7cd132a
1028c7ff
31a0fa3b
01ece5e6
063521ef
2921fb3d
08ebf824
2015060b
0e33f33a
0ef402d7
4b19d0db
d7210bf1
f721fbd6
0adc1520
29260e00
120af8fa
100fe403
1f1ff6f1
edd22036
0739e6f6
25f6e417
200c001f
f4e0e72c
4307fbeb
fbbb58f2
071c3429
e7111515
08f7f2e9
e423e647
03eef6d0
f04c12fc
0aeffc08
d870dc48
fb28e0ea
ec1dd60d
1381d61f
3ae1ee28
090be527
0f02fd8c
f5e5d3d5
0439fff5
1222e4f5
f8da091d
18eed9fa
ca13bc1d
2e23130f
d604fcf8
c4ff0cf3
d08c302b
f6060e1c
f803f23d
07040400
15f0d9c4
f40201f7
d6c10ff2
162708f5
f216f0ef
0f1b0039
bb0b03db
1d1bf00c
1f13e818
e4192129
f9d9ecf8
27edf105
ffd9c5fc
e5ec1a07
f705f717
f907dc01
170c320b
daf60eeb
2f060911
35081b01
f4e4c8e3
16f4014b
02f110e9
e43b1100
f50af507
f1e617db
28fe0420
fc02f606
031befa3
25f3ee21
f8f6f30d
fc1d160e
e8d0d8f7
f1fa0af7
e8e40404
f302f90e
ed02ebef
03183ebc
19b7f814
d3d90be7
262da811
fb0cffec
1c21f3db
c4d40be8
fa0a04f7
ed42e609
02f3f30c
0c1b0509
ee0a2c1b
d7f8ebcb
ef3af104
11f50510
d6a9d909
17f60fcd
f21efa00
ebe0eefd
0a07ffe6
ef01ef11
fa0612f6
ecf715fc
f71cfbfa
fcd1d2f7
121d1bfa
bbfb1702
0f29d7f0
0c09fc19
08f9eb12
1ddc0431
e2040efc
081c1211
11c40231
34d3f70c
ea4f0822
000d11e5
dcdd20f3
1dfaf4ef
14db3909
f312ffc0
e7d117e3
21291c03
3ab1eeba
d2e9421f
16a01a31
39cb1cef
0ae6cc03
11e30de7
e5ab285e
01fb08ed
ed0e1c00
f9d5f5ff
f03911ea
190114fc
14ead92f
f2de072e
07130ccb
05e21bf0
09a4ec3b
1cd3d3fa
e51c0704
fc050e01
e2e61206
25471f03
1c3cf81b
0544eb05
bcf7f1c7
07ec1ee1
0323ec18
2de9fbd3
e5be3001
dc21eaf1
fbf424ef
46e60103
13cd201c
ee1b1b46
0c2a2e1f
1420fbd4
0b23bf09
fc0b0f0e
0bdd1612
e80c11fb
ef16f6e4
0efb0900
c12a0b2d
ea2ad9e0
270e1bfe
0714ddea
de2c02df
eb340412
26c5c42b
000e0fdb
15f6fe0e
1e2cf9e7
0001f6e2
1ddb2cf7
b74ffae0
150f36fa
4f05d25a
f21aea18
f3f93105
2502090c
10392ef8
f725a5e5
15a0fb28
f368dcf2
9426ea14
f9f3093d
1de61cea
182f0bee
ea1c12f5
1bffe8bb
4cd3fbf9
251acdf0
1ee7f8f1
f7e6fad2
150bfb00
e1daf8de
e5fb0807
fb19bf2b
2ddfec08
1921f8f4
0019d510
0afe00e4
1e09cfe9
01eff22a
00ceffe6
24fa1df9
e6fc211a
e31605f7
dc23b4e4
fa101bcf
dcefe6d7
60d805f2
0faf08d6
05f6d3ff
d1e814e8
ffd70deb
430e00d7
e2fffffa
fd2bf4ec
cce50ffb
002dd1e2
eadce802
1315e107
e7470618
a41b3fde
f7f6e2ee
05d7f610
0dd9f4e3
10c4e215
121543e5
810f4bdf
a3b6c325
a8cfade3
17ccf8c7
40fd11ea
63e50e02
fbcd0ae9
02cd0b4c
0d06e3ff
092f17fc
1b14f80f
0ae9e0f0
20010205
15f81718
10f6f7e9
161a0bf8
d3d61f28
03fd24f2
003bdbd6
02e8eb11
1ff0ff02
ddfc2107
d8f81c28
d9dde523
17d500f1
e6e61c07
fd0110fa
f4e501f7
e4e3e72d
b01c12e6
15f00a18
061017f7
eb2ce6ce
f62a19f4
1d3fe922
e70d4217
00f82e12
0df90503
fdc0dc07
0bf52918
1e09e02b
e32320ff
f00434fe
14f4f427
ef15ed1e
ffe8d902
be01fae5
00e4bf0d
f5bc1406
e7c52dd9
eb123929
fa180daa
09ddfafc
fbcf0dfd
0e0813b6
03e608c6
fbf1de49
0defc91c
f313dc0e
0e120b1b
061dece2
571a19ee
2c621131
06f50581
3861f9e5
ee20f4ed
f4f904c2
07dbfd2f
f42708e5
4bf1fbef
fb0a0619
02f3d4aa
32000009
e811cb0c
2de00d19
e2300c38
0014fbf2
22bb00f7
d82c04e5
f5f026e6
634681e4
f997b6ff
17b72935
402f73e3
0f3a5a31
c069aa3d
f514ea23
19287ff3
f50f0807
030ff9e0
ebedeffb
160407d2
062e19e7
d30ae7fd
d8f3190c
f303ef1c
fa18d704
d731cf08
30ebe297
17f718c9
f340fb10
e4f8f1f9
c386d2bf
050e1b25
230cfbfd
04d31c00
0ad56127
eae4fa0e
00d50010
ee11080f
efa51128
e4f5eb06
4adafd00
c10b1005
160d07e2
fafc0907
08d5f809
ede6f5fb
eb19fddc
ff094ae5
0831f701
dbdcdd07
f5ad4b00
3133e80d
fcf81efe
ed2a0024
1dc515f7
fddcf339
1133d0ce
19250e13
47e549fc
0cf6041f
ebdff2d7
224dd724
d581153f
ff0b031a
282ffaec
e3d8e1fc
240bce3b
121302e0
0e411405
ec03eb08
d2e6fdfb
fd07f9d3
d1210500
fade14fe
1edece09
f00afa45
0f03f91c
05b2fbf6
050813e6
f90b19f8
fae5dc0b
fa0fcd14
cdeddc3d
11fdf825
12fcfb13
e82c21ea
f1d2f0fb
df1a1f2f
0fd5ebed
24781722
0cf38db5
fff00c21
bcf0b807
f43bd1eb
2426f927
fd7fb4ac
05e4f5e9
00063500
3714f6ef
10e4f7d3
17fee8e8
e742ee01
e5360001
ebffe014
02f0f504
0411e107
e51531f5
e0e11afc
db071004
f538f20c
e7201b04
0502e0f8
263307c2
1c3beb0a
152070e6
faf713d5
0e00d0ff
e1c2e119
0bf92bba
07c12fbb
ffb509ef
06df2b0b
0f27deaa
ea230de9
03c0e41b
18ee05e6
0926b605
e4f8ddf3
f0b0ff5c
14c8e60c
5225f8fa
0408efde
09db05ef
181c1113
17e71331
fb033542
fdef314b
e1120e00
db244807
f803040d
121a1609
4929e302
312214d9
e6eef1ec
358e2247
ec31100c
0604f420
f7f2fbe1
f507fd06
d6201ff2
b5ffeaf9
14ce371d
cb0bd40f
01402710
30eb060c
b61a1809
0ff612fc
dee503f3
5a05dc40
0913ae10
fd0d3011
bbe824f9
fbce050a
0007f301
2a07ea09
422106e8
36190ac6
fef3f5ef
23ca3efc
d6f702ef
48f735d2
f6c2dd0f
021413fb
ac2905fa
fa0b0a16
e5cd123d
f4e31607
2efe3d19
c9fe01dc
f20913f9
0fd6ef09
10130dfe
14e80f16
0be8f51f
2dfeffd3
d13de412
cf0c3d22
f3e70311
e9270102
0c50ecf7
f1a8101b
05021593
045a1211
c7dddfda
fb3b12ec
0ad5f814
08e20f16
dafc0909
2cd4ee31
ecb90d03
f2ea4609
ff1014e1
d7bec20b
30ead1d3
ebc9000e
d4fd0301
e10b1ece
f1e13dc8
b8e4dc10
00051020
cc021d2a
37cb1eec
d90af503
050ff512
e5f80ff7
01f52626
3c0300f1
fb2f05eb
b43cc7d3
eff90610
4d0821dc
caf4dbf5
f9b1d4ef
2c072312
f409e5e6
fada02e3
f2090d07
0c0e000f
0bfa04f5
1bf5f506
0a11100e
dff9fef8
105614b5
e811c80c
cd34d200
0f0efee7
0b04fc11
d30d2309
243ef034
faf6f0e2
2b15ff0e
29db0713
131f1e3b
cde9f0ef
1f1fe21e
3adf18ee
4f18fa06
d60add0e
29191203
2c420910
e8c86ee2
dffc1306
f236f618
28d6031b
1d2e0df8
f61afd2c
1013bf17
811ee729
07b609db
1f1146d8
d81bdf03
bf01b108
c808df01
ff32f73a
f50f0000
154cfbf3
051300e8
1201f809
2403f8ea
20f62bf9
18ed04fa
06faf4f4
faeac50e
15fc13fc
08004001
ed19fbd2
1e01f1cd
ce05cb05
1a2de319
0b13e5dd
25e4e8c7
1d2ae019
4d4621f2
f50215cc
fbb2f6ea
eb43c7d8
f0f21208
f1232438
eb0850f8
21382af3
084ed6fa
e1030f01
f0def20b
cf0e04e8
03ce0ffc
fdfde9cd
04ebe2f4
e9d6f1ec
f5ad19f7
0d140de9
cfe510fe
2917daf4
2024f303
090205f0
f92f1a1c
fddbf9f7
0c2defd1
eff7f50d
f9fd23ea
09f2f407
ebf20110
02ddfb0c
ecfa03f2
f112dbf4
e5a91ffb
1dec0718
fbe70a0c
d8201805
07e3f51b
12f7eef7
f1f8fd30
e7adf91a
1f8e562f
1fedf4e7
d82a08fd
e7d2c9ee
ca16ef19
fc43210d
e74f200c
f400e8f4
f60a3426
538181dd
fcfe3b24
20193e7f
1ae50ae7
50213800
e02fd910
2b07130a
fe423e33
e51bf4e8
c2b3e9dc
5030f0ea
321908e8
01d09d04
13eeeffd
dc57e3e8
24dcef0f
122000e1
e91503f4
3029fa0e
ddeb19f9
c70cf0c6
dfbaf90e
0edee60b
11d9d4f3
1a24097f
eccfd9cf
fe8a0cf7
ebd20e25
f9343ff8
f2ed1bdd
eb111127
ba16e721
fe0ef602
05ea0cf9
171ed20b
0e17de05
ee2bf428
ff00fcfb
fffe0cfc
07120ced
0605fffb
02fffeef
02000bf8
0808f4f5
f90500fd
d94507fe
e4d21dfd
e90e4418
050cfee3
06f717f6
130a10ec
02aae9ca
f402e9fb
e303d0d3
2fca15ff
2328ad5b
ebedd6fd
1f2219f2
10f6fef9
dd2404ce
e502da4a
e2d514ec
f91049f1
f80adc0a
fde2f8df
f4020fe3
efe1fbf1
e0fc1df7
e61dfdcd
37032b27
ece30419
6ae4dd22
f5f602f9
e7e6f2de
4c12fb20
dcc32008
1935231b
0510f8e9
13603bfc
2301e410
f7ec27ef
0bedec10
eacee2df
fd9d1b29
d30d34d4
0df9031a
09f40503
f5f8360e
f9f91af2
1a180602
04dbf7fc
062b1915
0908e5f8
06090bcd
e7fa1ff2
2b40c89d
f810032d
1449fff2
efd413d9
080cef4a
ea11c317
204e0016
01e418f3
1a13dfd7
020f07eb
dc0e18e9
ba570ffd
02e106e2
f9f3ad0a
cdf30a23
f0b4bcf6
e8f9ddf5
e4140414
f41be7fe
e8f7fbe5
2d46124b
f4e6dc09
04ecf301
ed24ca16
dc03ecf5
f7fb0e3b
192e0ced
efaef2f4
cb18d729
e9fc11f1
fce7114c
192b0afb
ec1e07e0
0bf1f4dc
f9e6fc0c
e3f0f21d
eaaef025
000b20f2
cedbfbfb
054903f6
fed7fcf5
01cf2ad6
1821f322
ed140f18
f109fad6
e3010b19
1210fbaa
25ced9f1
19e71e06
15ec1af5
eaf30b0c
2cd9e0e5
d83218b4
fc192219
120ce1c1
fbf5efe5
2d054401
eeed08f0
0b2bf1d2
2cd6f8f7
ebfd3cce
27070107
1e0ef931
f79fdd07
e8263bfd
ef0dd7b9
01fef707
2bd9f931
042d09db
17e2cd1d
cc191a84
fcd430f6
ffe3303c
0c06c7c0
fd20120d
8d4d22e0
2d030bd7
f3a9e124
0fedea02
140d1e07
0af213fe
08ebe1c4
00ff1501
e4dc1d05
d800d3e2
f60008ce
d7a6eb35
1cf724f6
0104effd
e0072135
00d3e8d3
1815fbe8
0112e0d7
f2ecdd2d
320b0309
f6330502
211b4b4f
0205fdeb
1f1a0f24
df09de0e
f8121115
f7151afe
ccc40dde
11ba2df2
420d0e0e
0721fb16
1cd31903
b7d115ea
0da11efc
152ceb0c
23d72aef
18170a7f
14ccc80f
7fde3d17
76ca7f7f
ccf5e32e
ee33aa37
34f6c2fc
e3f3fd25
2dda1cf4
321fb402
e1edeef5
f0cae6f1
5211f7e5
23ccd214
0edcfe19
1603100c
e5cbd711
d6f3bfef
09fafa10
fe1afc06
09e4f0fd
4f130bfc
064043ff
0bdbeccb
0f06f3f9
11f021e1
0532e319
d5d92600
a8c710f0
2e110718
0b04fb0c
05310284
ffebed14
e81ef40c
c8fd2d17
eee6f309
f01fff04
0bbdf511
1210ec1d
318ef9ef
eaf0400f
14f3cae9
f6fe093b
ecbce424
0f0be610
f813f102
060e33dd
0313263a
fc1e25d0
d0f52a23
1311fb36
03eef4c5
d3e4200e
1592e20d
f1e0cbe4
262bda4e
47bef133
8df000fd
e5fd0362
17d9ff2a
f4d5e321
c34f0190
badef933
1e24fee0
f7f02a08
ea35f9ec
e8080edb
f3f5eb0b
e2f6d4f7
033e02db
f40cd5fa
ec3300df
e4ddf20e
f6412c07
221b1020
120def0c
4ac52112
13e341f2
2128c2e5
e6f60f27
02e5fcfd
4df71656
010ef7d5
312e14fc
24ea0af2
dcebf9e0
0bf542f8
24e7d62b
f5154bfa
e534f605
061cfbcd
05e63a44
12fffed0
1d2af724
073adef7
19d31a08
0411eb1d
e41e14fd
18121206
da2dea14
e7f30601
131cfc3f
fa15d2ca
eaf23afd
0dd10bf4
000be4da
10fd152f
131b01f9
17f30116
1610e706
0a20ddee
ecfccdfb
dbdafdf7
1f052f28
fc30f321
33ff1efa
e2fc0313
05cad60a
0fd52309
ef0afb10
04f0e215
d5e01600
0019fef3
0625e8f8
6a15f3f0
fb450ffe
1c2335cb
fbe30223
be05b804
270f0904
05f8e4f1
b7fcf2f6
bfe0ffeb
4e490055
06311adc
1efe02d7
e4e9e116
f1030e27
fff914fc
e09700f2
fbfd00f7
f3d13232
fc1e1fce
fd41f2f5
171b0b09
f2891205
e714f5fd
04e5ef0d
1817cc18
2736efdc
e3e82d06
49da1deb
f01018e6
d141efb1
e30ff30a
11f20ee5
171c070a
ed1407bc
07fc1e3c
ef310915
0bf30013
de190ce3
02d9ebd8
02fafdf5
1bf1d2f8
fcc5c9e9
ec160efe
1adff8fb
001721eb
f50cfafa
03f3ffec
01ea0612
fc3dedf0
03021c3e
f51a01e3
f8b9ebf1
e72df31e
cd44e265
ec042712
f03af930
30eaffdf
ddd3dcda
0e14fe37
1d00f82e
53e5cbf6
1dd333eb
0a1109e7
f9021405
59121df0
0dee21f4
0614dd25
10e212cb
e43ce013
0ff5ab35
e419fdf5
26230a0f
023b07e8
fa512604
fb48f1de
4abdeccf
dcd8dd0a
7a1ef31e
0202edf5
f4ed09fd
0b03fb01
db223a9b
f1f3e520
e1102f37
13dd18e4
63fc17c8
0af4e045
f737201a
d5ee2a00
100ace16
03d83f10
1be5160f
0494ec0e
a9e4775e
2fe4122c
def7100b
27aefcea
0cda0fd7
02f6181d
1e3e0825
f6140ffe
250de745
dc0b02f6
2716f5ea
165afe03
ce0902f8
f9d8e6c0
d5fd0dca
0f20060b
e11d0dd0
e1ff050b
f52715e5
0d3ae9fb
1cf0eeff
eb100819
d7e2f7ef
01173c2a
ec19fc2e
edda161a
eefc1916
c8500814
a69f1f21
0cf9010a
06f0d868
d4d408f9
2125ec43
e01c12e4
293828e4
322c0a15
080a00fa
ec41e931
e31802e6
3df1dafd
5c32e1ea
08efff00
c8eb0144
22ddfee2
fc2200d8
092c343d
2e3524cf
ede6c1f8
00f5eb45
0820f43a
f4e0fcab
2eeff601
f333effc
06e534f6
d1d50ae5
03c267f4
9fc6beea
fc090d1c
033c1203
0a4c2fe0
de0415c9
fbf5072f
e212e1f1
0aec110d
de1dba06
d810ee0e
14f21902
08e4f40a
e4ed150c
0728fb0f
f95307f3
f9ee0ef2
57efe5ed
f5f5f5fe
f1e41c4d
eb1d3109
fdd4191e
fb0315cc
f8f10fff
f40d04ec
e92018e8
f7e4e9f3
fafc00f5
efe829f9
03e5ffcc
0ae8f0f2
e628dbf1
1cfb3609
63c816b9
ec090d13
fc260d03
2fdaeef6
e3ef1b22
ec0ce6e4
25cbe620
39e3e5ff
0ec42a13
f4f21ef1
e810edea
fefe01f2
d5d91005
e2260e09
28d0f8d2
08fef6ff
2f4c3c08
e4f6f1d9
304003ff
1bc3f4ea
ef61decc
f916f50c
ce322224
fe47d7e3
1bb0f815
2ee4f526
f92bfe04
ce060108
dff01f18
042c40fc
160d00b3
c8f2d0f1
e93b0aee
10e9f5da
df2f4309
d3df1708
f574d6da
03cf08a1
190d01ab
2cbc2f0e
fe1cf9ee
0f03f3c2
23f6e2da
fffd11e2
e3dcebda
f3a0e620
0aded51a
0ef410ed
2306e65c
050be91c
24c0e914
1cdde027
c20e0517
f6fa02da
14d5f8f8
ef121f17
14e5ee02
0e2122f4
0e091809
dc2fef09
d4e30a19
fa2fdaef
03f60821
f5f5dcfd
3bf02dd5
1ae50506
23fdf9d9
fd0524f6
e8df00f1
06e71d25
0e171fcc
e3d00109
0321492f
0cc52c32
066af51e
f9d6d00b
0105cfe0
ebe91816
1bf70cff
f721f50d
fff1f8f6
04131500
12111109
e710f908
f005ed23
0113fef4
300c2bde
32dc1b18
ca3afb93
11f80313
f239cedd
102eff0a
100ab90e
09e54726
3be2f138
e4fb2113
fedcf2c3
05f6fa14
ed11ef04
f8daf1f6
f4f5d818
132f02ec
d9222d20
db141af4
e7fd23cc
1c081c0c
1709d4e4
39130be3
f8ab31ef
16d421fa
e1cdff29
2be8f00e
3105d41b
2300efcc
e50b233e
33fe00be
08f8fadd
1ced02f9
0e3de6b7
d2e9e2e7
75db1d0e
ea02e739
e52b16d3
fa61eafd
f723ef0e
050633d3
fb091305
120e0609
08352bb6
f70605ec
0c02f7fe
310416f6
f52bf52e
f8ecd533
ee18edd8
25eef501
2424cbed
fa1eebf2
fa15f6ff
defaeb00
1c27d0b9
f2171d30
36610281
1c34e9f7
e8384c0c
fdfe031a
e4e4fafc
feeefce9
04e80741
fb16b2e3
dd7f11e4
e8f032f7
eb997f2d
2afa0721
39fde1c0
f301f3f9
071de31f
34bbc3fb
07eeeeeb
b8cefb04
c8fa37cd
d2270106
f9230728
4501f6db
2204241b
e409ab02
f13d1e45
e4efddf6
f20be21c
11060aed
efeed8e3
ed12ef17
df0f192f
1b3528fd
1de7f5f1
04f2f402
f60fd716
14fcf7ee
fffaf8d8
07dffeee
fa10fc14
f91b0323
fe11053a
14f70dff
99f6e013
1dfc10c4
170afde7
f108f50b
ea5433e7
f8eded1f
0b1dec06
22f13deb
c93fd7d1
01ee1320
140d0a12
1448f9f8
d6f208fa
ecced9e9
c0f5e408
1ab9ac19
18e1b80b
f5010321
edf0f7ed
c105031a
cb310deb
fcd14dec
f71d24fc
0c2b01fe
02f92ffe
0818fe2f
1df1ee32
001bbd0e
f830eee2
effd0bea
051323db
2c0fff03
ea29f40a
04f1fee3
0f0f1105
2c1cf206
11d7ffc9
07002ce8
f22218cf
f5a91d17
06dc2505
06eb0654
bbfa2121
ffd614fb
120ae601
11d5ec04
1d34c8e2
c6f41f09
e4f639d1
e6eb0808
dc3635f9
1ff7f908
13e1bd2b
0cf2caf3
04c4f4cf
f113c3f9
00ccd961
f6220bd4
1814f8fb
f3f70230
eb10ebe0
f049e930
21f7cb00
01f604eb
0abfda0d
1e080dfc
c1470713
b745fae9
2e98f2f5
ee20f1d5
d2fbe730
17f631e5
1cfbdcef
f9e9ea09
ec06f4e9
6e0fec11
dc16173e
040e24e3
08650ce4
c30ee1f7
09f6135c
e8e001f2
f70be7f4
f3e1082f
b71e060e
fcf4e5a2
e1c006ed
35dbf7ff
e82f28f5
09e330ee
0c00e320
e1e5ed03
230011f5
05ede61e
ee410c32
fae1d80a
ef4acbf6
15ea01fc
ec04c5db
9e26f6f5
de38e201
04d1e51c
0d0f11ff
21e4e7f8
06e23127
ee150b2b
f4c6ece6
1d54de27
24034943
103ce22a
011804f1
0c072407
f21315bc
09e3f10b
0e0afbf9
281c00f9
fffdf7e9
edd4183a
ef211be0
1505051c
0b2043ec
0902f8f1
e8f9f9d3
290ed5dd
09160a17
0ff95010
fa0b382e
04f6fe12
b307e83b
0a08e127
19fbfdf5
35110d03
11d71316
190b1f18
c3f9be13
f617f60c
dedccef6
2bdefcca
192210f3
0b18fc16
f4e133ee
0c1941fc
da65040f
f8513be5
da1955ea
13fdf9f3
0e5a18ea
c3150f15
35f3b304
14f6deea
a0fb313d
031e381b
12e8f7cc
efe5d314
40bf0006
f5cb1b03
f5060405
f3130035
ef30f62f
eef203fd
5113ece7
ebef1e56
f6140704
0fdd0601
ed160049
080de3ed
f0d6f91c
410d000c
3f26f61e
ce143fde
d4f60cf4
cdfef017
00101a39
a425f408
0b1c0e0a
2919d8f9
e407e9f8
e60df9f3
cce12bf4
14040bdb
e8cd1a0f
df0aef02
1dfbf517
f0f6faf6
08e3114b
f5f913fd
e218032e
fc030905
fd1813ed
0f17d82e
fcf309e0
da14e3eb
1af45c03
eb060af8
f20a0815
f2e3f218
f9093004
e90421e0
db30071e
dbf08106
0dde0cf5
05ead52f
f339fcf4
f61f2e20
000efc2c
19e30032
fefc3bbc
fbd5e111
250c01d9
f90713d0
ddf0f6c9
14e3114d
def70b14
15f9150d
13c1fb29
d4cd2b0d
43e5b706
f4170311
faff0708
c72dfb02
e2060707
f4fd09f0
18f5f1e5
28dd1bfd
f400eadd
011b1013
18cff7fc
0cec0701
29d6e6c7
18afe7f0
e21ae0c8
b2ef1ee1
01f3ea08
fbfa0c1a
34c4e806
51f902f6
1cf4e821
1700e12a
e1e7fd05
1307f00f
ef91e7dd
0ae4f8c2
f22b2014
0732050f
0d19d507
08ea3e17
09bede17
07ed1a20
f51915fc
f014f205
daae10cf
14c8efff
ebff1c22
120ff212
f84a0c04
d308fbfe
e80f08fe
00fe0c1f
fc16f4fd
09b103f6
221afffe
04fd12f9
d6cef70c
052e13fd
43fd1735
0df7fd17
f20cfdfb
19fd07f5
d0dce6ff
fc12e91e
11ff1e06
27f1f8ef
ead62324
050dfb1a
f8f2f014
281e1f0e
f1e914ee
16310a04
f0fe07e5
fe14eef2
f6e4e01f
090605cb
f70530d5
eb08d31c
f4ebf8d7
f1fc0903
0b10e80e
ce091c23
0d1fe82d
cb2c0ed9
f6d1e70c
fcd91a2a
ebfe3440
e70a21a0
f25b041a
18e108fa
1f063dd2
ea0002e5
f936f916
ee12f7e6
1ed2e410
ec08e8f4
01c6e0e0
e5360615
0905f1f1
f0fb01d3
e9e1d82b
eaf1fdf3
1c29e60c
e50304f9
270bc7ec
f3cdc8ec
fc0613c2
30e51f01
19ed0cdf
f2eec70d
f5fe23e3
0805090e
daf71a24
e036ffe6
031202e7
2138122c
15030e17
30bb130b
1df1ed26
1103fa19
2d12e715
1cf122f8
20fa1ee0
1313eced
fefffaf1
0aea03e4
cf2313ba
04dd0307
091bcbe1
0b1c06fc
d425d720
f7e0fef3
090df81a
ecffea0c
dcfdf1e5
df19eddd
ef0b0cd5
26c32516
67c8ca5b
e4f2f917
e925ff1e
a9f00dd3
f412f3e6
fe100c20
de42e6ef
3fe92911
0009f31c
10060ccb
07061a1b
eee6f6ea
fe17372c
f603d70f
0df92928
1a23d9ef
241a1f16
f14aeb2b
f10ef92a
beeee30e
140cfb40
f0e228f9
e0fe10e2
4fe71111
07f14e47
11effecc
efcfe50e
bbec2eef
19e7251d
f716d5c1
08e8f3e1
141cf5f7
e5f1bafe
041704f7
0225fdd0
fb43f908
f40218b2
ec04eeea
d0f7fee5
facfc304
e413ebd4
fa08fa32
0523f913
a3fef300
f3d3f104
f8d9d931
04f9fc07
26f70eeb
c70c0ee6
dc35e51e
32f32016
052af7ff
ffcf1d03
2a052902
f1d8e0dd
0fcb19f9
221612f9
18fceeb1
ebdc1a16
31ea020b
0200f81a
f2ffba2c
0c0a1131
f8b3f111
e606d225
f515132c
00df1d0e
0ce002f3
d82ef0b0
1ae04027
30070609
1209f608
11d73921
0916f9f6
20b816ec
e21a0709
26e514a6
09f73430
e86618e4
d9d0c7fc
1716d83d
0e10f5ee
f1080dfe
06d44401
f6f75030
132a18f3
fae2ee29
02e8bbf4
4534b3da
f4f7fa16
0c17ee2f
d0030913
cecf0712
05170b1a
d11ae912
1dcb0e08
d3e7cafc
fc15e7dc
dc0212ef
1ad414fa
0b2209d2
1bc0e1f6
e9ff0c33
1de7d3fd
2bf5fc05
fbfc11e4
0420071a
eef40c0b
fe20e609
f02ce2e1
fbf4f8f1
043f24f8
f91b44ef
ebfdf909
f6220cde
202df7fd
efc7e108
f62b2bfc
23eee4e8
0502f90e
fc29c225
eeffe202
f3112108
e7c3d106
d15111af
d6e51f14
11d3c014
06350414
ea2013f0
070629e4
0af2fa0c
f9feeeea
d825f19d
193f17f6
2544471b
16b8a262
eca80c1b
1cc3d029
f4284c3b
b74d1c1c
d549de92
0b00260c
1fd7e4ff
e31fde06
db00f6e7
dbf4e5e8
e72e25e4
6ee71e17
f6f627ee
0ad0cdcf
0c301c22
1fde2a12
39140ec7
0905ff26
f839f0f8
3a212916
ff1902c6
2711e5f8
e15a11ee
f10c32fa
ca15c0b2
f2f6eff0
d6cb03f5
b5e7edee
220d0a15
c6f202c8
f4a70c28
1700e714
ea0c35e5
05fbf1e0
f92bfefd
d9d712f5
00c1eaf9
f8201bdf
10f2f116
fdf92c0c
0ffb16fb
ff32f5fb
f9021616
cd1518f4
fc022f06
e01803dc
1812c4dd
f4f373ff
111ced1f
ffeceef2
10c21af2
4601d00e
f6f105e1
ee0a0dd3
f61ac502
1ccf2704
342b35e4
0f14e926
0335fbda
2840fc15
08fcfe06
03004038
d9deefee
dc252ae9
dafc2dee
01040b0c
08f8f90c
fe0b100d
f3161738
1a10f313
f1facf05
0b0fd111
0ac124df
07f3101b
0d050605
b4f0f702
ec2608d4
00cae9fc
b5ccc4d3
c00934db
052bfdd1
351101d5
81c9c532
561c7f0d
1b15f301
230ad30d
0a4ffb18
e313e3ea
422246ed
1eefe837
c7f7e20f
17dfdc08
3302040c
faf2fc01
080b053f
2a2f4ef6
fd35d604
f73005e6
e7eb2414
10ef15da
ea9aeef1
f203d608
e8edf9ec
09c9d7ee
48530ce8
15f9ede8
0be6e6f7
4f4bf3e9
351a0dda
f7f8d2f5
fef9ef02
12fed105
f0cfdef8
effa08e9
f825030b
fd9be2fa
f31bcf08
f53703ea
f3060e1e
012f0aef
19c817d7
15e212e6
f50b0c02
052213fb
2ed70a19
fe21e8e3
d5dd11e6
12e6f416
4cefdaf9
dce4fc1c
1dd2f615
0adf0005
0743da1a
ec090a36
fc00de0a
07cad006
163712fb
f71209e8
0ae7faf8
4dda1fe9
f9383109
01e3060c
b3e70e14
091dfdf7
bcf51e81
dae7b7d2
312de133
8bf6fedb
2402d933
2fdbed28
3505243a
02ef1403
ee2612e5
ded91f40
bb31d5d0
0d3f2410
27daf904
dc36f81e
dbffffd7
222b0005
173bf7e9
df060319
2dc3aede
0de0181a
34cb1d2e
e51919e2
1afb0050
25c323fe
baf5fe21
0000f2e8
1f211ff2
1e0721fb
34d9e108
0e2ee574
10172301
d7fdec19
d19610dd
3b0ed22b
f6f204cd
03031ada
15de0737
fafe0526
08d9eede
c841f41e
1de4f221
fa1af612
28e20b00
2932f70c
fc1dfd2a
2415ec08
f2fa13f9
ddee2b19
d011dbfa
f5f00441
f50def06
0133081b
fde2f4f2
0bda080f
fe3cfa1d
e9014e03
f6a7e307
ea05f5a1
0de7f503
ad30fcef
0419050d
e8299b29
b1a2fcbe
18b11801
bd81c932
d6ef0eef
2715fc0b
4ad738f2
01ec53a1
00c21ad3
0711fcb1
e904da00
fcfdfff1
0cecf3bc
0b09e21b
0c110506
fefdff3c
0b1803e5
0e382317
4b1ce4e8
2951f620
1ed10ad4
58db20d5
bc19b607
dce9123f
7f1612c8
c7d42de0
1e002cf4
3225e4f3
01c60b02
01073461
cca5e4ed
38fbd2f6
e404d73a
d016251e
36b6e1f9
014f1d16
030c07f2
e5f4fb9e
79e90613
07f2600b
e8d2e02e
fb10cd0e
0606ec03
05f60de6
0f1ff6dc
ed08ff1f
1d45dff9
301a2bd9
f4293b39
0fd3e728
4b4c2127
ed073806
f403e6da
e5c5e61e
f6e7daff
1e14f312
f711fc38
0cfa1c23
d1debdf9
f41138e5
0d070c2c
0e2deae0
0ac0f917
fbad2715
11e7f8cc
1bdffcc1
fda7d809
06c11fa6
ed1106df
fed1fcff
edcad8e9
f5271e0b
0ad5cb35
04e61204
0618dbfe
f7ee00f2
f3f9fcf3
13d7feee
f434070f
e83a1923
f6f9f511
1d46050b
4157de05
df0c071d
ecfa094d
11170e46
1d372937
e5b41bfc
e9b736ff
e3e62a0f
01f1faff
15b1eb1e
0803fdcd
04cf0412
3f061209
e7ddfd29
0716f70e
01dbe61c
df3d2b04
f2af0a55
1bf9fbfd
9adfba07
11210a11
e60506f7
083a13ff
d5411c16
0415e3f3
fbca0400
0afb0f2a
e3d30812
0717fc08
36a02525
05e60cd8
1622ed19
ff181101
fd4941c6
11f9150e
0c27ec3d
08fef803
db2132b8
f8ea3e19
e7e708b1
fdcfea03
da0c1a24
03ff130a
e6fa1df0
d3dde816
0d09efcc
fdeddeb4
e2f8fd09
ef2a01f1
0819df2a
fff91003
f7b3eefa
d4420f00
06d44314
ee08f933
27f10912
fbf1ecfe
0333e162
e9ea2961
0202e714
fb2ff61c
0104f72e
1b35171f
342cfde9
0bf42cff
07fe38ee
11fdfd31
f901e002
e6f80808
f50d20bb
fb13cd0c
0efdd0ea
164c0af5
f831dfe4
ea390316
14dadef9
bdcb19cc
ed1bebaa
ebfff5bb
cb6a0713
f42548e4
1affed17
0904fc00
0c0bfbfb
20ee11e9
235ee3f7
ee05fedc
ff0be3ed
ee0d0708
f915bff1
ff08f0f9
f7cffd1e
12160aee
ec14e70f
05d62cd7
0f1213f1
f5310623
f50223fd
daf3ec11
e7eaf3f8
221ff30f
f1e818ec
fb262032
151d011a
ebebecf6
cf110e25
10eaf6c8
190b0507
c3cc22f9
eff347f4
ffc8fb0a
2a092a18
43efd60b
ebfcd0f2
fae9f3d5
fe1d28f9
f43319f4
19fd7f2f
dd2f0e2d
22070b20
07d000fe
f6ca0adf
0cedfddc
20eb0f0b
48e8f4fb
06012526
f40633fb
d7d11769
f5d115f7
dadbb9a4
1f00fa07
dfeaf006
86f00219
06dab51f
12c61329
cda3e90e
fd0d0ee9
c1fa07c7
ed43edfe
0edcea14
cfd243e4
56eff0ef
fcf8c4fe
f3e622e1
0f1ffee0
c8fa0f1c
10f1f913
f30010f4
ec17f914
f6def800
070e0e1b
1e1c080c
101c16f0
1b9c1cea
f1eafb0d
1015d81e
c0efec01
010ae244
0510b50e
18ef26ef
046ae8e7
d5fc09ee
0fe0fcea
3ed804db
1acd0301
e02000f3
0ae7d3de
00efc845
f60d2517
d667af05
03dee71a
ef0ae9d9
e4e0e205
c1010d12
d7edc8eb
ce3635fa
f54fe109
10d76204
00f4e8fe
f804c2fd
d53a1f10
2814daf4
1807f30a
daf90a22
152dc307
e00deb00
1be4ead6
0225eee8
40f30306
072ef052
fc29f817
26e6e6e1
e82bcede
d3150ceb
e003ee42
fe0ceb1e
d851e5ea
9e003afe
ffc430d6
f8f2e4c7
fd012204
e2d20b66
fcfd06dd
3219dee9
f9e71cee
041be4d6
ec0215d1
fe2ff244
d3cacafd
0e3f1903
1709fb07
1c651334
b715fd05
e628f734
11efd3db
fa22d1e8
fa182627
c7f50ff8
ee1a19de
f8d11f14
1ff9ea04
28e1ea07
00d32129
dddbefff
14f4f90a
1824de13
16f7defa
0ad1e40f
17c7f7fa
21bbf1ec
0df4f1f8
05ccc5e1
e7efe920
d13e3b07
ebe606f9
f6eb1d00
fc2acb0e
0c210915
0c2e372f
f734140c
0a1ae22b
fcb806fe
f80ceb13
37d521d4
a457fff2
1438d6ea
1e023b4f
f8c6071a
2920ee00
f2d41753
e7f60cfa
e133e6fd
fe0b0001
fefee9f8
e3120bce
00f712bf
f4e9e1e4
18ec6039
05ec06d9
0c0c0406
09ddfb0f
13c5ea17
1ddadf01
dce4f132
03cd290b
fef4092d
f000e52a
0e120af1
4b81fd09
21f6cc26
04f702e3
141c200e
f0ee2df5
e2e010a0
e5e11d1a
02e5f0f5
dce5f615
1ec1df02
fef83314
09ac2afd
fdfb14e1
3accc117
1edcfd0f
05fdf8fb
dde3fd22
f0cf3b02
0f65fee9
185bf9e5
eff7f9ec
20fb012c
0af0e20c
31ffced3
e6220321
f10f0c0b
40a8fcfc
d2ccfa24
ef3bb8ef
f438ef42
fae604f5
100afcfe
28390d0c
1ce3f23f
01ff09d8
fb12f621
f5ebc206
f528df16
f7f3dfe6
00cdf6e6
2db4cc14
012a132a
dff708f8
ef10fff2
1effdc01
13e22be9
02e40fde
00dcfc03
fa2613f5
3ae605e5
f8b74317
16352e22
e0200702
cccc59ed
12140d02
eb320e29
b1da0d3d
33fde90b
fbe904da
e4d0fb26
19d8f607
be07cada
f302e6fe
0501e6fa
e0fcf1e0
0c1e0353
f1ebf3a9
1f0f2703
eb200d18
c0f32427
cfff2ddd
e74ff814
d8cdd9ec
dbd0041d
1d2ec028
e306fac7
01faa104
13ccf818
25f7e7d1
031ee225
d7f5e7f7
efe81112
0b36fe3a
036ce8d2
fef40717
db0de8c0
f21af8eb
d91f1bf2
1631f1fa
2936ec00
fcf8cd27
edc4055f
152ead06
06141001
05fefa00
ef02f304
0b281503
16a82220
ff0b1c05
db1608ea
f5071a0b
08ede51a
031913fd
f9caf1f6
e11afa04
ecebf604
18f2082e
05f8e050
dfe3fff7
c7d70e01
0ae6160e
da081e07
fdf6f6e9
03501421
0410dd1d
06e8f619
ce22fe0a
ee0ff1e0
03da08e4
ded407de
11d5e124
07f90b12
e9cd40ef
22062c01
3325c3db
c3ec9716
01fc1838
680b2ee7
d30cf3fb
0cf3feed
0d3df4ec
e9e1f438
f904fbf6
e73729ed
00f3defc
091316dd
13ef0a04
3c01fc0d
ed06f3ee
e8a8f41e
19d603f0
13b7dc20
040fbd14
c9facf12
edd606f2
1ce41b0b
1905cc02
3457e3e8
0cbcecf4
2714230f
29eeeb36
edd6e5be
01bbe51f
4135ffea
25deda3f
cfa7f0b7
231519dd
7f02d79a
f616e4db
1eebf0d1
b91311f1
0b2b08fe
4df8ec06
e4f1f6d1
c2d209fc
d3dc13f8
111be6e6
ffff10f7
38fbe0fd
d7fdf70e
110ef30b
ee5011fb
1ac1f7fd
291a1f18
e5f9fb2d
04d51508
37e6f9fe
c7220e14
f7e92e06
03160f0c
143ce0f7
46d833f5
08e3eb3d
0005f80d
de0b0f0c
cdb9e5e4
f2095d0f
17041fcc
1ee51801
1428c0e4
c318fa1b
0a341ed0
fae3e809
262bf3d4
da031df3
08e3e429
2711220e
170eeac7
f4161a0f
13f5fe1e
ebd0ed01
f230530d
e4ea28ac
e9d503f3
e30ec1ed
eddac5eb
f1f30fd0
1110f912
62281afd
0e1b0afb
130b22e8
0bfa0afa
0f124213
0edbbbdd
0b20edee
1fc20fd5
31c80202
37aafdf2
11eadf31
f220f5d5
fb4a25fd
2f09ef46
e4df0739
eefffcdb
f60dfad4
00d3f11c
e540d21a
0e503705
28c6d4ee
ecdfe01b
f5fde1b4
142b0c0f
ac3509d9
eb021fd1
e5934912
f5130617
f00de006
cd2c16ed
0416fdf7
c806e71d
da140114
dc2d0009
fd4f24f1
faf30dbf
184336e9
10d1390c
f523f6df
ffd60ed4
401e0a03
26cdf638
f2093bc4
13050b16
f10c3809
2825fe1f
fdf40300
15ebfcfa
e6541af1
224ce5f6
1a30f126
09071130
15a0f3eb
032441d7
0d074207
ecfae11b
d2eff708
4532cef3
16ecd737
0d1a072b
060005fe
55f4120c
f9f2eec5
0303ebe1
d5450eea
390de0c1
09e71f1c
f13b2526
21e91306
142c1b22
07040407
fa291d1e
f105feed
fd1de421
260bf703
2e2ffa0c
dbc509ec
0614fb4e
2919fc08
1f06d9f3
33dc080f
dfbf3f24
fd05d5d0
19492535
fa081207
c2f4e9c4
02e715eb
171ef6e2
7fbe1708
f4ff2404
f002d90d
faff0843
f00edef8
ca32314c
fefcfeb5
dbd8fc04
f227f012
2147e19b
ee1601ee
17b64225
eef7e119
2b1f31fe
e41224fd
e7d6e8db
0f0209ee
00c9e622
0deb1117
ee2e370b
ea1dc2f7
340bec10
e220fa31
0df80604
e7ebecdc
0de0c602
f32c10f2
020afef8
131334f0
b4cdc3b3
ea1a1b14
c71a0605
bcf5f5f2
f3e200ef
0314e6c5
0c6bd500
e02faef8
d734b3f3
f6fb01db
39ee0208
1533dd1c
0f362cf6
f7e50b15
08df29f5
21e63ede
3fecd9f2
0d0e2b0f
381a1202
f8ccfd2a
efb500c5
ebdaf0d8
e83f0b34
d81520fd
44e3fbe2
ef1a2db5
14f5efe5
1ae50d05
0f4d1de8
f9d7e7d7
13e9ffca
e3d20afd
12bad40c
07060de0
160608f4
4008fbf7
1e330c2e
272df2f2
d2df0c15
0b23fafd
1e039ee1
05fcfd20
13d00825
14c02e12
f3a63f05
eed8c0dc
0b2fc8d8
fdd50507
31300608
010c0d11
15f0e9ff
c8213601
e70ce7cd
1af00ffb
23fc1de9
f5fbeedf
d1ecd6fc
0f161408
ee240da8
e2ec2bc7
b5d1ed2e
ff28c8eb
14e10e86
181c3004
88d83c21
00fcfbf3
09e200f6
0cdc07fd
0b08ebd0
f310091f
18f933e8
eff90af2
d207dff2
f9f50041
f901011e
e01dfa1a
07e7f2db
f10d2435
f15bf32d
fae6e2f9
f834e83c
06de1a44
21ffe40f
d419edfe
0a20fbe9
eff9f036
1e0316f7
d5edf600
16eb2e15
2809f934
f1d401ec
db53ff0b
06eaf6ff
fd1cfcd5
0a23f21c
df031414
c0f20132
f8fde63b
c30c1e22
1e021300
e215e4ee
31d901e4
f6bde2ab
05293a00
02d0b315
000e02f0
fa1ce00c
3a02e9f9
141be45b
002e11af
021a0a0b
dd3bef11
7c03f503
2519ef24
d923131f
9a3a0102
e10a2ef6
e1d323f8
0abefef8
ebed1e0b
03ee0a23
fffc0ef5
f82a06f4
c909f10d
7f2e2542
07af341e
d924d0e0
3c21eff2
ebf0eb28
08ee1024
e803def6
de1de307
cbd40be3
f4ef1239
cb010a72
17fa5504
553c31ea
f1d6f8fb
14fdff21
e3142af1
da01ebfa
f2e8fa21
14f9fbf6
f700f305
ff4d360b
fb1eeefa
eedc0acf
04dc1bff
11c6f6ac
090b2713
2d07e9dc
d6d0f8f0
cabdfa5b
e7141be4
ffdcfc0b
ad0c0efa
04a1fff7
1a231811
24aff63a
fde45902
19fa12e9
1224f5fd
f9f026e5
1dd20d07
f42acc22
cf0e3e2a
2d4c30e1
0835f417
c7f604bf
06ff37d6
2ef004f5
1041f709
27d4f111
e6f919e7
1427cb58
11fc2509
d5f1125e
0bededce
fb08f522
d3f1e419
f8d90054
081fcae0
00d505e5
f409ebe3
ec0608f0
040615f0
1ff61224
0deaf9db
0b02d11a
e5f110ec
0420e2ea
21aefafd
400be537
01f9d4f6
f90f15e2
38df061c
b71deae3
fec7e70b
1d1c0522
3d39cafa
0929ee11
fee80a27
12da00e1
11df0cfa
e90cfc81
16c9f1ce
daeae823
0ce0d5f4
e3e00f11
fff5ed0e
ebf2000e
d4080a05
03331fec
e8fd0efc
0f0231f9
14de2009
05e42104
0ee72b04
f3f90b06
dcac0f30
05f6dcf3
f62e0a0a
10290039
04f403e9
140ee018
18fcc9cd
13ce0927
e727f6eb
f80d0d11
e4f10aeb
c3befb38
e11207e4
070a1811
0226e2fc
f8ddf4f4
23eb14da
c80e52eb
3f0e8c08
0e11c1ce
ebef15d6
0cfa291a
07f10b0a
f843112c
43f2f44b
f3fd0125
d3f5eb11
25e8eb1d
0b0c3b0b
16fc312e
42481215
f906c821
9e13c002
170e3edd
07e52908
22b6cb15
1300e3e8
2e05d5ea
0f1fc2fc
d0da0476
e8fe36ff
ecd32ced
bff448f6
044347f6
0d9caadf
eb090812
fbf00807
0a11e90c
fa1ae640
a5fedcf5
f2dff50d
b8e1c805
4154f0f6
330de7ec
ff1111dc
0f230125
e406edc7
e630c137
fa4873d1
07092830
11d11326
ff0033f3
1bf915ce
09ff06c1
022cd9fb
150b0039
e6f60209
fe12e9d9
edae3ad9
f7ef1dd7
0a0e08e6
0c13f506
f42ff5c9
2af6e215
20001807
f021321d
f7bcfd14
0e08de1e
071ee120
e7c0e2e0
f9dd7f23
0205f8c5
1deceff6
ebda14bd
e6f0d0b7
b605200e
e8cf190a
360230d9
0b1df2e6
15e6f1fd
e702c5ec
e632db0e
08ca24f8
c8160110
f21007ff
3107e1df
d2e7fdee
3ad643fd
ea11d8fc
0b11f7dd
ee23fbf9
eff6e436
02c28f28
d3e100b1
2374ed1e
5520fcfa
01df0720
f51ed8fe
31dc1df2
fd0126eb
1aebf122
ed1ed326
3203fcdd
d6049f57
f911e5ff
d7b80749
dbd40732
e8faf210
fdf112ef
d52903e0
d9fbfdf6
3de4c51d
24f8b90c
32ff10e7
1f2ded17
faf704f6
05f9f40a
2c18fb0c
0429ffcd
07fabb37
f6182b0d
d6d10732
320c3ef9
e4fde3f2
fa361b43
4c12b9ec
31ede407
1ae6ab2f
c5e7aeee
0a0d0b17
12f3f903
06fd02fb
faf7ef0a
04f5f0ec
ffd60ded
fafbf705
0e110307
0dda009f
36e2fa09
befea6f7
edca11f8
12fdf3d3
b6f3fee6
26fb8cf5
0ceef0e0
e9ec06ce
f213bb15
13f3ee1f
05df1113
fbb8efde
00b60d19
14fc61b2
fd4231f9
e7effde9
280edf01
db081c11
e4455f0a
02411715
b6b7fc27
b4d52835
1bd3fad9
12eb2fca
fe0c02f1
d1e90c11
0b06e314
f4251bee
f6d417ee
11e4c923
1111cb09
db23d824
096721b3
e0e9f332
f4fed504
befefd1c
29170437
db253622
f4bbce0a
0200fb17
3ce16d4e
fbf9120e
fefe2121
2eca1d1a
1201171a
ba26c64e
281005f8
06300344
bbdb2619
1dfb0f1b
032c12fe
9f2a09c7
f10d2ecc
bed4d9ad
edf9a6fe
f61fab14
0309ef0e
fc1cf804
20f9280e
07f0f4b3
f6f6322a
d50842f3
133beeed
ef085324
2be3ffc4
ee0010cc
f5de290f
f6ca042b
e8e0c2ef
e80ef307
f427f715
d72cac44
cc0215d3
f4f59807
eb16ec24
dce3e12d
fcde1bdf
ec03cc36
f5e80709
1a261ef5
c50717fd
f70a0712
fd3f3d00
22d02420
490f26e8
1132230a
bb36e00c
f9fa98d6
00220e13
0cf581f9
fbf01209
18c00701
da160af2
0409251c
0a249504
17fce31c
e71400f2
e20ff922
10f80c1d
2f0bea15
eb2ffbce
acf40d1f
fbecfcf3
3013e9a5
1ced3626
dbf50838
ec1fd708
32f50630
3cf50d26
41f2f70e
19102afb
e7370cdc
0c0c20fe
f80b0705
2314d30f
eafa1a1f
1707232f
0afb1a05
09000cff
23ffe9e9
2f371af5
eef7161b
1fe2eee7
2a171520
fce31b28
0103000e
d11c1bf2
24dd40d9
fb14d3f5
c60224f6
f826cefa
d6cd12f4
f3e0ef3e
e7190cd5
f92704e7
dd1b072c
f7f723c5
15102813
f9ed25fb
23c302a6
fbc2fd19
01f5dbee
0c090aee
cadc361b
e72ea945
fa09fcf1
161a02fb
f047f1f7
fb1e0d3c
34eac8fd
00e6d603
f52bf7f0
d9fb431b
dce7e91d
d20df0e7
f2320f12
3008f8f8
e9220d3d
ecf6e607
1cddcbde
f4e73600
dffbe1e8
3405f111
2bf8ed0c
fd0e06b7
bf124703
0bd63405
bd072bd9
1ce33005
40000915
1be41d1c
ef0d051b
15160801
df1f0be7
c2d722ef
fe340a10
03072bed
e7ed3615
ec23fc1a
2203f3fc
21c4e1f3
2b001b0f
e9ef2431
0ddbd1d9
d7e6f405
e9f912ec
1b09dcf4
1d26082d
ec0a04e4
29f5d004
c0f5320c
29fed738
05f016dc
b8fba3dc
ef100bd2
5508f8e4
f209d910
0ee62716
1fd703fc
0f15e72b
4ff735c7
3cf65538
06d6dd17
38032fe2
be0c03e0
3ae0042b
ce0613f3
d2daf345
16d4f7f5
45f31bf9
eee907fe
0f0e0044
e427d33a
fd1410f0
f405f6f9
f328eb10
d71affd4
f20a1223
d6d7c2ee
3f0832ed
1ae5f117
25241d1f
11f7e315
9bca1538
1becc243
ebf907ec
fc18d801
23d30615
07ea0428
1df4ebe9
fe44f6ea
10efeac9
0361020d
f812dbe6
0c1515f5
00decfee
21f4f5e9
d0ff8113
ff052fff
0c070714
d92ad4fa
e7f22cfa
e90637f5
0922e30d
e5ede3ef
fff331ee
ecfd05e2
cd1dcdee
ea0d2512
c608ce9f
f14ff5f5
0dc614fc
7ff6ea02
ba3fa92f
3a0cf301
d4f6ef06
edf9030c
fc080009
f803d700
3af50321
e1eee701
240a0927
0af7fd06
bb220d10
f4f2be28
cbfb1d05
f50410f8
e410d2dd
d834eeee
0de9d2d7
cbf5fdfc
300414ca
0d06f2f4
1d11200e
161827f1
e5ef00e0
ef0e06ae
19f4e11c
fdeb2c21
24d959f2
f2f11602
08f61028
e81aeb08
fc7fff17
26f6e4c9
0c02f1ea
ec42effc
e4f82428
f1fcd31f
0312cad6
ea0b02db
120bf533
2b1efee0
13050711
c51743ff
dedc2d5e
3531ee19
1003320c
f3fdd101
32f9161a
0ed20d3a
00fa161e
08ff3711
112ef1d4
0b191afb
32ff1315
e5f00fe6
bb29fd15
1a0c133c
15f4ed08
142704fb
eb28ebe5
e1051bd9
090f4520
2817cc0b
ce971bbf
1f180748
29d2f8d9
45f00cf8
2f2e026f
14d202d6
7fedf60a
0fe60dd9
000ee645
e32e16df
eb123df2
dc09fee5
0ec08ddf
17c814cd
a01aff00
810febf4
fb631251
1a58f11b
20e74a2c
2b2a1cfc
2e0d04f5
eef03d19
32111816
151d1bed
cb111cd9
1b030116
eccbebe4
f1d4cbda
0c121f1f
e60e10f6
f0123f3c
fdf215fc
21effe05
f70fecd9
ed0aa1ce
d86d4a05
e016f3b2
160fffe8
dcfbf0e2
0448c517
f81b0847
160ff452
0512fdf3
fbc9f1eb
f5edd10b
0af41118
3afaabff
efe91cfc
eae60318
2e010701
18f21b36
2edefcee
32fb72ac
05d6de01
1004d703
10031e18
ec1c03a9
e921ea05
f1172cbb
c9dae62c
95e9f9f8
b4081014
a819f3f7
16e619e5
e20dfbc5
f817ff0d
0d061f1c
0a05f10a
dbf0cdbe
efd5f461
1bfc9a00
f4f312fa
0dcbfa1b
ff1aeb0e
ea1f22f4
f126fe10
df07ef18
f504dfd2
ad00eceb
f3d8f208
f300fff7
f92ce4ee
0413192e
f71f66fb
c5dfb050
f0d9f1f6
e80d1b29
01c31803
1d42eaed
140de8db
e8fc1801
e124271a
2981fe05
0fdf2f09
1e0b6e12
ccc73808
e3ee0881
bb1a0ced
133b54ec
acfae704
26561419
023e0cf2
dafe072e
f32ad0f1
0d3eedec
c7dcf6ed
e4fd17e0
f9cbf105
2206c0ea
eee14714
08f5fdf7
ceee0901
9802ffca
0adad5df
1afd2807
091a0adc
d2e8d3b0
25eddc00
2300469b
feee05fe
ded9162f
19d7df1b
f502b016
0a1fdffc
12fcd125
f5c8df01
e00a260b
0c37efe9
12b7f62a
1235110a
9102be05
1618c40b
e8fa2a11
284419f9
20f81705
eaea3d0e
014c0537
f002f6f2
1a0e2ebe
f0041bf3
3000c635
10fbb9fd
24fee80c
d6ec08e3
162ee7bf
a619261a
d60f09df
d5cacefd
a6fb439e
f5ca1333
240b1db6
11eded1c
d108fce8
cfef1181
0c04f833
04092bfc
f0020314
c805eafc
de08540f
bb48ea19
f30df711
152a1ca2
3509e03a
3346e1f0
120b1810
0b13f0f9
f8070008
1016b3f8
cde6ebd7
ddd0070f
e512b903
db2fda16
f30df5a2
43f00931
13f669fe
04e6c7f5
d52b08a4
aadbfcdc
4301120f
cf191c16
641cd829
0de6e723
e406e704
fa1110ff
ec17e11a
2beee8d7
fff24ddd
2f21e803
2bf1e8e0
fed8232d
2d0ee2eb
0b19e0dc
cdff02eb
100615b6
2522f7d4
2fe41dea
0249fbcd
262f44ed
2c025702
05d2e90a
eb11feca
fe0b0646
fd19ccc2
ea04ac04
fa21f70b
2eca1ff8
5c0a28f9
0724161b
3be929ef
fce90fe8
07f46fdc
fce2db12
1d42f3ac
09140005
cf0322ea
130bce06
d826220f
16d007fc
d8d0d545
10f3befe
e20edb25
1d10e6f9
cdfb49d1
f6470eff
a8240c34
f1f9f507
cbc43fdb
0e0efd0e
f9121021
ef000c00
19f7f601
0405fae2
08f93202
e918f00f
07d609f0
190a0d03
f80034de
240fe50e
fa0cfb1e
f5ed0dff
edebf931
eb0910ec
fe16bdc6
0614f813
33b9d9cf
faee987f
022cf7ea
1327ee1d
d415fcea
e02be5f8
f92ffef2
ce1be4dd
eef4fa0c
1d14f1c5
06ffff13
0507ec15
e23f10f0
eff1fca8
f21616dc
391208fc
52d3e4d8
151300e4
05fff0e7
ef09f8da
bd130040
09ec1ecc
cdfaed37
dccb1605
f0030306
041dec19
0c0918e5
ff1af912
03f6e216
00f6fe0f
3105e5fd
05ceeb04
ce31f7f3
172bf702
250bd402
0cf6502a
cb0df920
0405f61a
16e3c806
ccf1e3fa
2fe6cf21
f80eddf2
15f9ebe5
f3fc2206
25160d26
cf160e9a
f9f906cb
26f3fded
41e8fd36
0a040102
280d541c
e505d816
2909e710
1bd20df3
d50653e6
22fbf1f4
014b34e9
e6f21309
1900fd3e
f2f24bfa
43130c05
361e1db1
0ac8f5e7
dd4fadfb
f9f408e9
fbcf1610
f00f08f3
10e418fe
1305071c
3619e015
1dfc0d10
fa164afc
cf2307e8
d1f51cca
270dbd38
0a1405ee
bcb8f1e7
f6c119e3
05fdc13c
fafc0d0c
16e038eb
f0252a15
a0fb030f
0abe2b10
e538f9fc
f10a4a2d
faec01c2
dadbe0f9
e0fffd13
1ef80f07
2e81d234
bb0bc0f4
afd57ff0
070fedf3
367ff325
fcffe0af
36bce8d6
000a03ef
0e061df7
f3415dd7
f308fe90
56f90bd4
03f6b4b8
b12ebfe0
e5180628
160df1f9
1dfbe534
231bdd1d
35f6d7e2
e8b6e8d6
0bfe180e
f0beef09
22de1d04
14f83416
0ff6ccb7
ffcd18ea
07260bf5
e7f80cdb
ea10fd31
f0162e14
1d07fd15
06f017f1
0af512eb
00d1f820
cdf6f603
efc50208
1ad5e02a
0209f128
fcfc0102
fbfd04ff
1b050c03
f20a0002
10ed0401
ea07fe08
21f900f2
0afa03fe
d8c1fb5a
3bedf9e7
c002daef
0eebf207
c7dc0323
fdf3f2e2
eafdd5d1
2bdc441e
10ec381b
1ac736ef
f219e61b
0e010d04
befbd112
2106eeca
1f153531
fcf2fef9
15e52341
e347dd0d
f112f8f0
e7f3f000
07dcf6ef
ea292ce5
f6d62734
e5e932d7
03d0edfa
f6f32413
e5fae003
061013e5
7f1de435
942fff60
d8f745f9
ea000606
15fc18ef
d754ee0e
d0fe1f03
060302fe
0e42d8ec
f4e6c8c0
1022e4ce
d81feefd
17f6c43c
f4f6eeff
05f739f6
14fcef00
d3ee06e3
e22c0a09
e906ef3d
180d2a08
fd03ec0e
16300b32
fe0bd613
0105d5f5
e909e72a
f8e6f6c0
ff10260f
e0f904df
cebae3e1
f29efb0d
0afa120b
f62a0511
ee25fe33
2a0ee927
dc223202
36351717
f23924f3
2b49e81c
0d0604f1
f8141703
de12f8ea
2eed0de8
ec0dd508
2b361415
c6150ae6
08c1d80e
07f3e1ff
1304ee0a
400c0aee
1ee6ccdb
eed225d6
fb68d60b
40d90dfc
051720f0
eeff1415
0708eb05
f3f10824
ececf0de
010ae81d
1fe4f911
0ad91cd8
1ce1dc07
21f51b08
1402dde2
280123f3
f3ddcbd7
f20aed4c
da32b6ea
e5e2220e
ffe01af2
f204f5f1
ebee11ef
cff60c2f
1f1d1d1c
ddf6e658
f0efff0a
31152ea9
160af016
17023134
ede3090c
26fffeae
f215e367
3f090904
dcfcc503
a9afe107
fbe0190d
13061ae2
0f02321a
f4da0bb4
0fcf0552
daea9c27
1e2cedfe
1efc1f04
1eefc141
09feefc3
170dece8
e918e9a8
d30fe9c9
012c47e0
18d224de
e2322014
0bbb310c
0907ef03
ebe21b03
1ad424f0
f60e1506
04f5f134
1816e7fa
2b1ed721
310337fb
071e09de
0622b626
fdf6fb34
e2ff0cd5
0005cf16
ed2cfd0f
2703eed7
0e0608d4
f5f21d13
0cfbfcf7
ed190105
db33f9c0
f613dbc1
f32513fb
0cf8f5f2
fffc1737
b30b08ec
0704fe2b
0410f1d6
f613e6c4
fdf22710
0e0242ff
1b1fd427
c8ec81e2
17b20591
1b2b213d
b3036e05
22d46dec
4beba3c6
0e0af8e5
e0d71ed4
2a1319ef
0dff260f
131e02f1
ebbe2566
0110280b
eb239b0b
0734b9fa
3901f222
a791090c
eb021e14
f008fc0c
140efddf
2e0e0aed
e2eef230
c30cfdf7
e6cc1fcc
cb11f426
0d12311a
ea0d29f3
d4f70bdd
f712e6c3
2305142a
18ec5f01
30341a55
e315150b
37f9f5f4
22e0170b
57f00ef3
2ef5f10a
aaf854e0
32fb4afa
47e0ea2d
f91a0ee7
ef02061e
ed0ae9ef
83f3dad9
0eeb2312
f31e050b
113812f6
f7320fe2
23e6fe04
f101c22d
0901ccd3
fc04df22
dd3904eb
fd2b340a
23eeec05
362b18fc
da3b2e44
e8d82181
9201f2d5
3ae71c2b
42e5fd20
1d019681
06c605a5
e70d9ff4
d0070600
d3ee3b13
e516e0e7
f00118e6
ea0016f3
00f101f1
eae36c01
40ede7f7
0c200ff6
1511bce1
e7e65510
08f21122
5235f7e3
bd23ab06
abf0e60f
ef240b47
e72f3fe3
000d3514
f0eaeafc
f039140c
0de923e1
05f8d6d3
0cdb1e01
ed220f2e
e806dfe4
09ee131b
f50b2f24
fd050a46
0ff405ce
ec0cffe7
f61205fa
d6016b2a
f6fbd519
dce6f0fb
f10afbee
e21709fb
0120051c
380c44c2
13000bf5
27e61927
fce90eec
dcffe5d0
17fef421
03fac4e7
fdd4041a
d120eaf4
eff42dfd
d31ce02c
e4ff05f2
220905e8
0ae1dde8
02eae6d5
b9db124f
19fbb607
132ce1db
fd1b1918
201eec51
e40c1ac2
0dd90b1f
daf80f1e
1afc0027
2121430a
e0fcce0f
06cddf18
f74704d5
49f238dd
d0fedefb
ebe6fddc
f9e60df2
0dd40f45
350957fe
e92e200a
3d0e05f4
000f0c1c
dcf2ef0d
110df8e8
ec0e0030
f1f2fe1a
f5090cfb
36e2dec3
f20e08eb
16e30f1b
db1cc118
3ae9d900
da272125
17ff3c14
172a33fa
07e4c2cf
33f71ed7
19062d13
1b26fa15
df1c2314
3e3cf8df
2724f1e2
14010607
39340d04
00ab4b1f
eef501d7
e30205e5
c7cb1136
460bef0f
def5080b
feffd4f7
fffd25c9
df1af0ef
e209272d
e102ed04
0acdf537
23120b17
00fb46eb
f212e9f1
0cbfd10c
00ec1cfa
fdff050a
160add1d
250a090f
2e2206e2
0bfa6409
c9fea6e5
14283ed3
e69ee518
010bb8e7
07f106da
13d1153b
ee0c22e7
e8f14103
f8cf23f6
1af3fdf8
382103e9
15012eef
fc07d4fa
1af802e5
eec9e4d1
fbf3d9d7
231ae7ef
2aff0d24
06c4f5ed
d607bff2
082fe0f0
16290bd0
dce7f4fe
d301deda
0b491601
c9e4ff2b
f3014410
17e702e0
e1dddc12
2d22f839
31e9e9f3
f0f611fc
2b1b460d
4c1d1d32
2ffa211f
1402c70d
320ed9f1
aa030c16
31f4010d
0af5d0ec
ffecf310
cb000529
e5e22109
1d0c32f9
faddf327
ff31fde6
c10f0b14
fe03f205
eef668f8
ff288f14
0af8fb1f
ddf5adf1
f6ff3608
a7010ecf
01d2d1d4
2108e01c
e4e93eed
cd033613
cb442eb6
e7141712
2e1c0cf8
290f1243
1f331d18
13032834
09e20a17
0429f7bf
17ddda34
1afde32d
f308bff8
e9200517
06002639
e111e40e
041dc9e6
1aee0fd7
29f51fee
c5efd9f1
210302f2
eb0c1a0c
0fbfe524
1b1f5b05
01eadc01
e3d220c5
19ecd2d2
cd0b0a12
e1c91ae6
1e0e1ef4
e60b053e
33151ffb
f7ecef0d
db572fc6
0625d9b7
acfdce0e
250743f4
c0b80fdb
2bf8ec0f
28f0de57
31f841fc
26f9171d
dd1802e7
f2f2eae2
0ffd0f11
e3fffd0f
0f4a072e
d3f6201f
fcdcfa1d
1cf00500
1e2d53d7
d9f9ebb8
06141605
e3ef1327
05f9e6f4
f325f91f
13fd0709
f81dfbf1
fd08dd08
16071707
1cf8e1f8
0ce4fbf0
f4faebff
f3faf7e0
0bf1f9fb
fbe0a02b
1aebf721
dcfa2f03
ea07e00c
f708ee11
c7040eef
e402e40b
f5f20e04
08e50c32
e01bfcea
e7eae6fd
f5e627ff
b9e9e919
e7c2f84a
1d0b0ded
f2fb0814
02c420df
03fbe0f7
37efc8ed
000d3c17
e539fe7a
370809fc
c9120928
2b2cf600
f014dc0e
f746afde
cb05d632
de0efe4c
29ee43e1
cbe9f30d
0ee9d408
ef10e502
5c3a080e
f6ff1e01
e216502a
24d7b203
e2e423ee
f7dc25fa
d40d44ef
e98bfd27
0f021cc1
e3e908c8
e9f70737
ea0c0b00
bbd60506
eaf01d2c
fc00d5e4
27ca1204
90fbf4eb
fde68e09
eaf143e2
ede52b0b
2550272a
44bf0838
2dfd9338
127100f5
04ee0ef5
e7fbfff8
1af8ecf4
f2e5fd00
e415f5f4
1cf124d6
02001d25
f3284605
097c01d5
0be65aef
e4f7001b
ebfc0a2d
fa2a3803
f90902b9
e0094a98
e1f78107
fd14f7dd
f00fa408
05f5e9ef
04081f0d
6f040506
2f1ff20d
14f0b5f4
4c0e4bfc
daf009d5
eefdf40f
0b02f0f7
02f40902
f3070305
07e803eb
15ff06f9
ef060509
61db160f
d6d518eb
c6e9cee4
311749d5
bfebecd6
37a3ed19
f60ae0cd
061a471f
221028d7
16de4ff8
09fecf25
ec04eef3
1f29fe44
e3fb1c01
cd12bdbe
f233c218
510f08ec
fcfd07d5
e6feb71d
dff2f8e7
21fe1502
0c00f3e1
0ae90c29
1be0d201
0d18ad25
edee1333
13024202
03dde53d
15e0f5f1
18cd1c12
b6eb5e00
05bddff2
fc194f01
ea07c114
e90bd3f9
13d334fa
f50bf321
fefd15e2
ecedec03
e3e2a915
fb0f1326
db4b0d0a
d8fbd6e1
ff1ff601
f5fef664
061a1ed7
f10f3a20
fe2427fc
e3061d08
f8f8fb0c
f91410e8
fafaf6f5
1500ea06
e2f8f765
01163fd0
01ecc004
b7158a1b
1f1637f1
240ce81b
2ee125f1
fdb2dcf4
09d3e7b5
19f7c2e8
cbf64514
0bfeceaf
e681ff17
05feedf8
0b0fc6eb
9cf826da
d8202dc0
050a35e4
37f31e09
f41df60e
e102fcf0
420c0ff1
08e50b16
10df07e8
ee081913
eadf1228
36cce304
e709f0ce
e9e523fc
fe12db07
faddfd19
05e820f0
0a0ffc52
c9e160e8
f228c518
0d03ef18
0ddffe07
0bfb08f3
09f62629
2314d207
fbff0f10
00dcc415
fb1a0e0c
2bf1f5d3
f8f1f1db
3d0c0a24
eada4409
1e260fda
0e26fdd0
04081c1f
3100f0f5
f90514b8
0528e1f4
2a041f18
03cc19ec
2ac1ec0c
31fc0e4f
33e62505
56ea43fc
590f3efc
cef5da0f
b3fe1810
fc152314
28edebc6
e7e8f303
0ce7022c
fd1f3cf0
2003f8f8
e8f9e3fc
e9100209
01fdf307
be1704ff
ed02f5f9
fde4f5ee
060911ef
12ea3c1a
e7011814
1d1100eb
070df2f7
00cbfa20
030f17df
ee141510
0efcff15
cef2240a
1f11fd08
1a020df0
fefee418
bed31b01
130b3407
0500001f
e508460e
1b51d4e2
d82318b7
0110d529
1f20e4fa
0eda030a
f8111ff7
3216f9e6
e4f118fa
23cdb5c1
14fbfaed
14078de0
fceb3cf4
0109d5ed
081ccde4
cbf4d6e7
f5f3f819
11fa1a0f
d906facb
281015eb
1a0de1d4
c9dcfd0e
fe1cf031
1d14e519
f5fc40f2
3aedff13
233cd009
b1f4b84b
fa1623e2
ed23ee40
33e1e80b
ded9bb25
c94cf00e
313618e7
e20e14d7
b3ff17f1
1bfad906
fdac11fa
1b1a1a09
26f23606
24edf500
02261202
03f1d828
0feb26e6
25010806
e7d2edc1
c8f7e6e2
1dee13f5
f109091c
f50ce835
f11bebf9
fbfd2926
130ec4f6
fcd5e925
eefa095d
e71b2635
efed0eff
e9f7fbf8
fd2537e2
c70fe2fe
ef013910
432cf6ea
c8de05c3
0ff2dffd
1bed2120
26d4f70c
f8b629e9
2defd1fd
f293bf0f
f8f0110a
691c01f6
20fe03d2
06e2f706
130745e5
0725f90d
e2f637e3
eaba21ee
0c0901cf
f9002408
28f8054c
23fbcf02
d3172332
e3dae7fc
f410e318
f4e70ad6
08dcf8ed
f84a03ea
2d2325fd
1411e106
57e43121
f8d709b4
12ec3108
20191af3
f1f9fd40
0a0003bc
e5f15e2a
d903cefb
ceefe5fd
d91ac4f9
a5fab6fc
0ee8fa18
19082624
1eeff6e5
27f119fa
09f210fd
e5dc4618
ff2c1adc
d00d1bf4
fddedfe3
23d3dc30
00a836e4
dd031e55
fec704fe
2d2a0e45
dd2a2cbb
96fbe201
030035e1
e6ffedf7
0b3d10e8
2deef8ea
fc16fde0
190cc937
e80ff0ee
1efabffb
fbaea60c
2e240ad3
666600fc
5529d516
db27f207
f104e740
db0ecd12
faffd617
110b4229
f0a50032
2c2310f4
cfdeebe1
dbfef504
f2c8f5e9
f229d606
de05ff11
eb2e1509
e413002e
b2e9c30c
b7e8df25
1ce010e7
fb1b0dc8
011fda09
0606dae5
ffc60204
da1f05e9
1815f6fb
00162429
d7badcea
1b46efe0
e81605d5
e1f3c407
17fae2f7
ebd5234c
0fefff11
0ff23038
f156e7db
f9fa0f00
0b09fefb
d7e523cc
1bd2380f
dc1800de
380507c0
fbf03f01
21db010d
1db4ef1b
241dbffe
0001f328
fbf8fa15
20e9efde
da210451
e313fcf9
18fe0c12
2a080206
0716f908
150c07fa
0106e7f5
12d8e9fe
150dfbd1
e2f1eeee
fbf8c405
c81a48c4
0cdcfd2a
1400d604
f9f013f1
af16f5ca
1ad8f4f2
1f3b0e12
e0eff600
c31a14dd
e919ea0a
02033bfb
03d500e6
cf080a1c
0616fe3d
d1fa0811
0511de03
d204f205
f8f32c03
0af60ffa
01ff1cfa
ec3117f0
e4d0f4c7
eb030035
b42dfe10
04f00e33
ef00b5eb
1d03191c
f3f8edff
df1207cb
051011e0
1c01cc14
0705f516
29ff04e7
1cd1d807
f7f53aea
0708f40a
f3ee0626
190deded
02f63522
d7d40efe
ec183712
24f22b3a
3dfb2632
e900f5dd
ef041816
120e1302
d50fe749
d81fef02
dbef1142
ba00e2fd
000219f9
f5d7f92d
09fefa45
0f131ef6
18032e2c
10e73c01
d5f2fb1f
101e18a9
33fafcd8
13032e43
3c032de4
18d1eef4
04e8f517
d5f9f0e3
e0c9f605
eee5fc35
eafc0012
110403ed
f1ed25c4
e4c9f053
2401c308
29e1dd01
ace7a11a
dcdbcce8
f7e53608
d6f433fa
ecf6e12d
c8520fd8
1aedc4d2
d2fced06
dffa2714
ace217e9
651b0cda
1ad37ff4
f4f8030a
eeddfa0c
0301b7fc
13d538fd
e2f9c8ff
ff0e39d9
d90bdee4
f6f505f6
e33621dd
fb05d2cb
47000013
0addfafa
b5e63c19
e50c3400
0ef807f6
def02720
f3fb0e15
f7e42901
1c144252
f21ffc0b
1126b621
0709cbfe
c900db0e
fbdbf1ff
1b00000d
362c0f25
1d0afb2d
f11c04f8
12ec22e5
201b0414
3508faf3
140a11f6
eb0cffe9
d6380ae5
15121ac1
1032ccfb
e336de17
e0291b1f
340b2afe
07f64414
fefbf001
2dea03cb
0d131340
e610dbf7
e1d90def
c142dbfd
1bf1edf0
1feb23de
e20e17ea
c6fef907
4313effd
e2cf29f5
28074418
ea5bf724
21fdd817
e1e254dc
fafcf2d8
f6ea0651
bd070455
002f0fea
f90215f5
fdeac20a
edfa1041
efea03f2
e61febf1
f50fdc23
d91515e7
e50bf615
39f3c3f0
17d3f613
1df9c11a
05002ff3
ed1aee38
fbf9eb4b
3a0cdc23
120921fb
d80615e3
1fe8f7f9
0bfb1fee
c2d2f2f5
b93d0ece
1df226fd
2607df09
252e1efe
0c1ddb02
0de0fdee
e4f52119
0b1017f2
25103003
011319e6
ca154310
f3ece203
dc004de8
2a1833e9
3aeb2dec
fd99e8e5
22170305
15d30521
dae90604
1911f504
cefa26ef
f6c30fd8
3b06da14
27e64e05
e9171921
e248dff2
0d13041a
f31bdf13
cdee03d3
20052314
06011cf8
03f30114
b90a240a
feb9ef02
3afa053d
231fd2ed
13e3dee2
c7fbf02a
1307ce0b
e7e60907
fddced1f
ee09fdf6
fe1be016
3ee3d20d
10c1ff0b
05fce808
13f8371b
262901fc
e712e42e
5a420b33
09f116cd
f8eb1d1c
2a272f22
2ffd2afc
c1f89027
1ae62af1
e106ee20
0afbe6e3
ddf037df
2807270d
1df011fd
0950cc16
be090022
fe0003fb
0521002b
120e25fd
160013c4
031a4fe4
2a5102e4
1dfebfe0
f7de9ef4
fddcf904
641ffa25
1fe7df11
131772c7
20ebe9ea
682c25bd
0dfddefa
db021619
f922ceff
d4dee510
1e06e632
dc0be807
f5311304
213ac9ca
c9d55216
03c0068e
ec049fe0
bb40717c
3e81ec36
4f6701b8
7f2556f4
c1fbeb0b
fd16f4ea
0915ba1c
ea2bd2ea
15e50e02
da08e32f
58e618de
e206f909
16cdecd4
2ae20cee
e50621ff
f6f3f702
4eff1efe
36f82150
19f7fa09
37f14ff9
e3f00ecb
54f00829
120a0c05
16de5109
f91eead1
f935c1f3
1bf242c6
eff7cafa
15122737
14d041ff
d808f605
fbf208fc
11280af2
f820fa16
13f70b2f
39f6e8f3
10260e02
13f20d14
c4d5fdfc
382a0eb9
04e8d0ca
fd140d2a
ebbb1514
fdeafad6
06000cfb
420105f8
0307080d
f5d8270e
4d38f9f8
04f2f3ec
0a10eed4
22f04a02
2aff02d2
42fa462a
17183821
fffaedef
337efada
f7050b08
f7ef2619
ed2df515
19f5fd09
fff80f22
070beffd
0d10e60a
15fa05eb
d40a01f2
f20f03f8
1e11351d
550b101d
ebfefdc6
0705bd12
09192f08
ece3171a
e51be3a4
f9150bd3
1706f714
eb311a2e
b5c9e524
53a2eb14
f8c7a57f
f60ab24b
f173e362
7f43cae3
47760e81
09b9bfce
1822c835
1bf723f9
f607fcef
07f5e8e9
070e1023
ede3c9f4
fa0c3ce8
cedfcf45
111812e4
d4fea60d
01f0e412
f2ecff43
cb06f7fd
ba09de0a
cadadfe7
e9ef0df2
1e6a36df
c7fe9ec0
06091d1f
ddf208e0
f229f659
09eae2d5
03f41bfe
1620e9b3
2dd50414
de08e806
0ee0e00a
d8c6ff05
e720d720
01063700
f4121bf9
270134c2
090beee2
e1f5fe38
e6c8fef1
fb091903
e8e912b8
eafcf317
0705d10f
d3fce111
10df312b
ccf31a35
20190b07
01110cf0
0e04e0cf
f30e15ff
d733dde0
e8fa45ca
00f93018
fc0807ea
01061fe0
0524ddc8
e3fd0c0c
f6e50e0a
02fb0c0e
0d18e7dd
0cc1f426
41e4aee9
22f287e5
d8e205cf
44f812e9
0cc716e1
e8f81cf9
21f8c8e5
050dfb08
ec031f0e
10ddebe7
0af52a08
e6f1f0fa
e6f8005d
050e2103
e70d0bec
15192f08
e6ee25e4
09c02415
2c392feb
bbe1f90d
36f525f6
20440807
e722eb03
0fd8f72d
f511ba42
f213d9fe
0f23e3f3
d90d0ceb
e1fff1cb
19d2ae08
d201f181
e0ec103d
1722dff6
210dfee8
f90d02c9
14f4e1cc
1cf5ee0e
e30c1d30
3ae33fdd
2711041b
4d0af1d6
ecf02ddd
41fde7d7
f7eff1c0
3108f127
cf3c03ea
f013db32
44ed2d04
fdf9f0e9
d10ff9f6
f52c09ce
d7ef03e1
4c161310
0122310c
f5d73ed9
f018e2de
f10fe512
13c5b404
fa0605f9
ea0912ea
fd18fbd5
cbe9df03
610456e7
5241df18
30082801
1928dd0f
f8b80c16
f9ed2234
1b1c39ee
03094c27
24bd0118
02e01ae0
daefeafb
10fe0dff
14160446
3801ddfa
0504e7d2
0ef704f5
d4d3ea19
7f06d0ec
df0fe7f6
e4560fad
0d21feb7
22cb1107
b5e7462a
ad19e80f
10144a36
e958fe05
fd0ec2ec
fdfe3609
321601e0
140809fc
00db03fb
ede3fae1
07031407
19042537
2e0a0df8
230a2cde
1f03d7cf
c729c115
e201bafc
33cad3f5
ebe0d93c
15c7d208
3900f903
fff23517
0d310907
eeff1aaa
ef13dbf1
06dd09f6
dfd60fef
0d090dd6
0d0ad71f
13173413
0822fd1c
ba1404c7
1c1bfb39
e9f9e512
0e31eddf
2907170f
2610e20f
140ad112
dca709fa
0cf2e238
d51744c7
45eec40b
da15fe12
09150ef0
d80d1805
fa1cfe11
fa21e1f7
0efbd67c
3dfff5f5
d2f1c0f6
f53d1931
f520c00a
1311f239
eb2d18fd
f8002417
fc07ff04
f2dc1320
fab6b4ec
a402ebef
fb47fbfc
f2d7d9f3
e7002d0a
424ef99b
2516070d
50fde2c7
4be20a04
fe0e8af4
25192a08
24084026
f8f84904
e5d1f9b5
2c080307
ce062ebe
d90e2b08
fdc80d32
c4fb0d00
0af635f6
f9ea310f
ee040006
c1ffabca
e605f91e
142e15d7
29e903e9
ed05b72a
def6ed0d
fb1ff01b
220b01e6
04ffef47
33ef0dd7
be0539fe
2150aa18
1df2dac3
d101ef0d
e1d8b1fc
1c370726
f41f0817
f809f332
f381ca07
19f31b20
fdcd71e4
dbffe001
f80a0502
dd1ced09
f01225fb
e905b427
0421c2f8
ee11fa1e
4305efed
21141fd7
0a40fa04
482d0bf3
06f2efb0
0bb8dc2c
444121e3
d0cfea41
19033cda
28091f0b
ede3f2fc
092704f9
ff010d2e
090edd11
11c7f307
c8122bf2
dfbf27f7
fb041d10
f52b10fe
f7ca02e1
2c00ebfd
07111e57
d31fe907
d10515e2
ebf4a010
f40038bd
ebeb183d
4700d920
0b140a05
1009c7ab
04c8ecd1
e527a5b6
291609eb
2a05f20c
0cf7fbf3
fa0cd91f
d3041217
f90f32ff
3c9dbb1b
3af6c2bb
ed1a0fe0
f000b406
effe12f5
f60b0be3
fcfdf9dd
fb04f1fd
e0d90606
ecdad5dc
1fe026f9
080aff0e
47110b04
1b0218ec
d428c4c8
0df2092d
e12f3214
07290003
e7ebf9fd
08feea11
0d1bc201
0a1c1721
e9d616a8
1b0003d6
00d4f6f9
060be0d3
0b24f5dd
0e08fe27
08f5eceb
09220200
fc13dd0b
0beaf912
5609400b
de06f1a1
e9f63505
c50709ec
f3eecc07
033908fe
e40e1a07
f1f54a9e
342d2109
81bc3910
d91c56d1
d2ff0ef1
0e0201ee
ff00f3b4
08d1eeb0
ff073acb
080d4e1d
19060002
13280f3d
1a1f30d1
213de917
fcbdb3dc
00230ab4
dcb506de
e0da0111
f2fb204c
021602f0
2b0d2b06
1c020eea
e8c70be8
f022fa39
230b2919
0fffe1ea
29e11b38
dc48ff2c
05f8b520
02e90ff1
41ffdf19
f73eff28
d7f655e7
e60dd700
0121ec1b
f016ba1c
2a1a19c9
04dff5da
fdb9cedd
e2df25eb
e9e9f7df
e2d9e503
2dd52410
ff09d800
f5fa260b
f21ce921
2d14fb0b
32fc02f9
050125f4
d423fae3
05c6da09
19199329
090bf0eb
eff5fe08
4c1d2637
1fa2fa3d
ef0e2b2c
1107ae22
02fae7b3
fbf922d7
e20c2810
1afdcfed
1eccf8d0
d01f11e3
c6e6f42b
10f9d007
f036d59d
eacde3ae
ebe60f1b
f10e1d0a
131b05c6
0fefedf3
041d23b4
d4dffc0c
e7f70a1f
1435dadc
12ea1b41
0f1fe4fe
05ebf01f
e019f907
de0d2030
f404263c
13ddf0fc
02cc3f11
d404f100
f2e8bd13
f2d2f7ba
e4fd1b02
24f43113
1cbd05fd
0fceec22
f1bae9f8
f7f63702
2401e8ff
3a260ae4
cfeff8ff
2a334bd6
2fe0d909
d3ef0011
e2f80619
121ac7c7
0c0df316
fbdef611
fae8fb11
e3dfe806
d504ec01
e7f80be2
13e1e8f7
240d2302
ec040dd2
d32805c5
19f8021e
21bbc1eb
1f203b02
20c5a627
cf340a0b
e5f31206
633df4e7
e8a7da2a
ecc4d2e5
2d14d7f1
1100230a
e5e4eed2
121b03d9
1af2f70b
fb083c00
f10609f1
1315e23e
08f3f2f4
cdcefe0e
40072308
1dffc42f
0601b20c
03100c23
45fe000b
2e20f7e8
d2c8eace
1e24cc00
10f55cd9
f12f1b0f
1b04f80d
fc0303f1
f117f600
4610f7e3
d204d7f3
b4fe050d
22e6bf1d
13efe00d
fe12194d
2429fcfb
db1a1be3
2e29003c
f0fddac3
09c81a01
3c17040c
0b140ced
02141af2
f401eb0d
3b06e10f
3228ea06
e1db1401
30f2caed
e406f3f2
18dddb18
0502f3e0
1dca0702
cc323d30
faeb07e0
1ff72fdb
2a02e301
15dd28fc
edf0c12f
dfeff800
f0e7faef
e9ec0fb7
e623e532
2c144d18
1bd21a00
3109be2a
d70ef0e6
04031eed
fb05dcf5
3afddec5
bdfbff2b
c6ffecf2
e8fbe619
070df82c
f238acf7
2ceb03dc
ef07ec02
1afde12d
eeeb02fd
fde3a52e
2321dc06
faf622cb
d0fdd931
00effa46
1023cbf7
4d0f14c0
13d4eaed
14d90105
f706fe05
041bf0cd
19103eed
0dff16ea
0914fdfa
06eb0206
01e7231d
eae00fe7
001d2422
cbe10bf3
f4e0ce08
3401e72a
00fc0801
2ded161b
babc101b
deeab84b
faef9e10
18e2f201
2a0c0a0c
f4ef4e23
eaf005f5
fde409d5
ca2eea0e
3a0bbf0e
2a161b0c
f0ded0eb
e9c9f12d
c7f613f2
2f0fcc00
f90af1aa
c9060906
29ee1302
0df0fd21
1f28d5e2
e7ff1117
ff00ffdb
f11afaf1
5f16fa0e
fdfef9f0
fae8f824
18f0f60d
f032beea
f01e0711
f0f6dde0
e7f41308
2f33fafa
0af7fde2
1d212f2b
d90a31e8
f4f73bcf
37f4d1ed
fbfeeaf9
f6ef0c13
fcfcec0b
3709f70b
0b26fb1a
031fb402
21b87f1e
fb0cc3f2
390720e3
f2be70fd
2a2904e7
03f1f4e7
2feb3dfe
03f44311
ea0a1836
6e10cd0d
e50f19e8
f77fe8e3
1fe91bce
03ba4537
f3d21e36
e95b021d
32f7d7d7
13ec09fe
1415f00c
042df4f1
cbd9fc13
eafae704
e611012d
02f81913
0fea4112
051d1ef2
40040803
f9f108ff
f7eae102
d1fc0b2d
ff03203d
e7234728
afc22546
1c1cfb01
4e12f3ca
06d611d4
25e1cfed
eefee322
4211f4c0
edec1627
c2312e13
16c7cd02
74f3d3c2
220387ff
f706fadc
7c1157e8
dff9b7cc
ef09340d
201dfdf5
53100007
fef511db
fee8fe17
0ffbf41f
2ef0253e
ff04ebe3
39d620e3
eafa030a
fbd91606
fffdf0f3
d82a0ae9
1ce9f225
1f09ea34
0e27fae8
3c1ef413
b4f9d83c
161ef8d2
db08d1df
19dbff38
1edcfc28
eaede915
25e82cf3
ece5c80b
1433c910
ece32de7
32f605f9
e529fb0a
e00604f3
cf1d09f3
ed243ec1
fcf30af5
0a03cee3
d40fd6fc
0af419eb
e6ff1c03
dc15f6ea
c40bf6f4
3ef70414
184846f2
f7edbaf0
d8132e11
fbfbf302
07eb0be8
f13dfff9
fdf12323
00122d02
c1ef5afb
bafa2438
251534c9
40282ecc
1914f009
84eb200a
fcefd20a
c41eb8ca
fb070efa
f6d6f600
ef2cea12
d006cf24
07002003
09e7f4fc
fc1efdcc
e2ffc406
d9041b08
1e102206
220fe908
20d907bf
1f330913
011f1b19
fce72f00
ff1f3ac3
41f833ef
00211715
0aeef802
00fb071b
233525f8
14000819
0a421405
1d02f71c
e4e6e6d0
d1fcc9fe
3ae8001b
13f737f7
05feea04
231f11de
d3cefcdc
0208b4fa
5926b916
f8d5d882
21013afd
330427f7
eaebf218
4210f815
d30b3126
1601eb06
e8d0e4ed
f5c1e018
320ee11b
f319eedf
20f0daeb
0203040f
fca5e932
ea20f3f4
f3ece409
00aec1ed
fdf717ff
1c0203f3
f81f1ef9
e80efb07
031ae72f
f30c1215
d8151305
fa421c6d
f602d7fb
e0ffda1d
e30bfd0e
13312e26
1bddea38
e615ee13
061d1d01
aef03a16
5ffc2ff2
0a04e5ec
10d7f5fe
14f11f26
04dc082c
1f03b1d8
46fc1cfb
f8e201f9
1f09f322
45011bff
0bc508fb
ecdbf115
20040f12
e3e01ff0
edf1e613
ce1afc39
0d06de13
ebffdd08
fcf620f6
090917b6
2803fc27
ef02f0f0
e7181bff
f60804f1
fa202c08
f1010d08
121d1ff8
02fb031c
1a171cde
d62f01dd
fdef1ff4
11f25116
1cd73408
2c07d509
1d0d17f2
30e020e6
02bae5e6
100927a9
ff09c00e
31c41e6a
ee1217de
1cef4437
0918ec0d
1feae02c
1c1dffd0
ec0fe404
d12628ef
05feff0a
adf208fa
1b191403
f0dbe5de
1cf90d2f
18fc0501
080d393b
efc703f5
29fe17ed
27e50d0a
fc00e20b
074c34fd
fa1701f2
05fbed15
ebe226d3
01e30df8
0c00f5f2
e4d4d10f
0f0a51f8
ee0af2fb
1120eff8
28e202d1
d3fc07c0
f5f6ccfa
f4f622fa
ef1057f9
d01305de
e3efd1ea
df1f0b27
dee2ef1e
001d36f6
fb26330b
06264b51
f11c25c6
f406e0e6
f01df7df
16ce0417
0fc0e2e9
fbeff133
dbf6e6f8
2a2f0904
fc0315e0
fdee2ae3
ee10e2f9
32e0f5f5
242200e5
e8ec20c2
0b12291e
ea24ea29
f5294700
fcee2229
fc19062c
19f20a2c
4f250c21
cff51c24
0ecbee00
f3bcfd02
eff1d626
fc09de2f
23dbdfee
ec0afaf0
e0df24e0
d4081e2b
da26f5f4
24fc29f2
0115fed3
0cfde616
fa08d5e9
1f04fd2e
db171bf5
d11ffb14
c3d334ff
bae705d8
0de6fce7
f1fad906
f4c9361b
d3f405f7
f6aefdfa
f4e4b120
f0e83dfa
131df5db
ef055310
f6fedd0f
e6bb1400
20e31089
d4fc0e08
021b4b0a
28f4cef4
fc231bf8
c1e910f6
e6071b11
e8252813
09f90b3f
ad0cd017
d3cb2cef
1ff920df
f9e80109
b620d415
0b04ce1b
0310e002
137af0dc
0014fb36
d6fae32c
32d8fafb
320d1ce3
f12ef3de
1f06f801
f342e513
26f00610
0a12dfe2
e624142e
eee3f028
08faeb16
0fdd2912
d504fe0a
f1f00cfc
08aa141c
0200f7ec
f7fee7db
f4ec10fc
1e251cd8
e721d0e5
dd05ef1e
f938dd0c
04a70101
0304fdef
1421df10
0011a3f6
3528fb0b
0539f333
ce00e7d4
1b1feaf6
0a350915
101ffde9
d0fc2bfc
f0d1d705
140f1852
eb45e407
2601ebca
0fc343f0
1000ffbb
09fb261f
e5f7ac09
24fe01ec
1414e249
c7110f0f
0c05f4e7
0ff9ffe5
1b1eecc3
0311ee09
fafc32cb
2f1b0fff
03e7f900
ebf022f8
fdf81941
01c50800
301de5ed
f4fbe786
faed2e44
c2ec0815
00dcde02
230309db
cb00f9fa
2c02dcd7
fb040fcf
1d2f05ee
751f47f7
fcf2080a
cc25073e
f2e24bd2
180b0416
1dfb260d
e9e8f5fd
1d111804
18f918f2
0ee9fe07
01010a00
fdf4d3ff
0e0dfed3
0cfe0f23
1be320f9
e7f324fd
f2e5f7f2
09e1ea0f
2a154d00
04bcdefd
d003c3fb
fd09aa0a
e601fe2a
00f92d7e
caed36e1
041f0eea
c9fff4e4
f943d415
280834d3
08c8f905
eedce40c
12fbe705
0e01c5c6
f0aac3d6
f216e51b
20efe6eb
d506ed24
d31608f1
171a0f2a
18fa0c08
04efe5fd
eff0fc2a
08caff0c
2a0a39f0
f606fad4
29e03a20
1a2306ff
d807e9f0
240d09f4
393f211c
2b1209fc
10d6e200
c233e217
d7c50103
04d008e8
1a2515ed
27d60ef5
fef617e6
cdf41c10
fa68faf7
2d1c33e4
e3ea09e3
002bf89a
cd04dbf2
f39da21a
1067042c
0ef843e4
cc4e0cc5
4ee6fc54
fba0b63c
0d3613bf
e411bae2
ecd311e7
15f6bafd
eeeaecf7
0403e407
f9150d21
0dd0ed19
0cf7f4ea
0aff05ef
f90b01e5
11170bf4
10d1e940
61c2240d
1109ef2d
3a08e11e
08ad1610
f8f7fac6
ffb20533
12ffe0fe
fd6c1fef
d650121c
e7bffbe8
eee3b0e2
ef27cee8
e9041ade
372a08d3
00fe1916
d00281ee
111fe823
0f25070b
fb61eede
08f6f8fb
f49403e3
f11b290e
3f46e312
18140850
d230d3ae
e722fefe
1603eef2
3551dc19
f9f3dedd
099805e7
0728fd0a
12f1ec14
e90522b7
e3db0226
10ca4c0f
4a3c1410
b8d1fcea
d143f402
e234e912
18003bcd
1d3b31f5
ceb9db1e
1c42c617
df05c86a
0a562a04
38b7f016
1df0f40d
13c7a0f4
1508ec1d
2cb8cbef
5644f400
fd02ecd5
0717da23
09befee6
eb251029
0ae3e206
0fdadeeb
0d15fbda
0eaa2ea9
031e225a
ddf90812
16131b06
f2f3f612
0619010f
05f50307
0ed5fe24
d85101f2
fb2cda06
e40af911
f2e918f1
da1afdc8
4121fb01
e71d2420
15ddd330
07234417
531d12e6
0d62d5ef
bef00fe7
ec7506ec
412fa80c
ac038a50
2405b423
f0d4ef81
d313fe0b
e31cade4
dbfd2ff8
e6fa0f2e
0919dce8
f134f8fd
e2eb0c0e
1930d017
dd1adc00
d5deeeed
2ef54cec
13e10b29
e51a9a15
ef60fafd
dbc024ec
e3bbcb16
01e0eace
0c191108
bd010a22
fd12fef1
fd07f3ff
0702fcfd
f5f7f7f5
0206e8f3
fffcf6ff
f502ed0c
00ef171e
02ebf103
f41de2dc
2c0efbea
d8efece7
f8f9d4ac
e3ffe21e
c902ff30
7dc21af3
1446c61a
0ffd2b2f
18fb14d0
f33732f3
1313eef2
24defa09
eee2eb04
f63c4020
bcc70cbe
08da13f4
15cc12d8
15dce826
22dde316
0b0a2aff
f83d1506
031113ee
14e0e830
06e2c7ed
bc2021b9
e5aaf6ef
fafefff6
17d6c1fc
e71721e7
091be6f7
f43bdafa
cb002da7
2f500348
294fb6e1
26f82119
e20bd10f
e52af3d6
e715bd2a
feb009d8
0d2629c7
0df1c526
ad77d644
f0e94225
f3f115a8
db06211c
0217eff3
e8094ccc
4612fdda
08ce2f49
0ae8e5f5
32c11402
0042f104
ee67ed12
d21005e4
21feeff5
06ea2e00
0da7f7cd
eb4d088a
25310807
f70a178a
dc0a29fc
0428d9d8
8104fd26
e12021e3
eefd16d2
fed2ebe3
e9a8e1ee
ef1f21fc
f6ece234
da1bf603
14ff2ff0
ecfa28a1
f8fa2f24
e2e6e2e2
10ff0cdb
221dbae0
f6fd07c1
f01fdcfc
efb7ea25
f307a3f0
cfe5f7ef
1bf7e9e8
ecc20f03
cc252aed
2200fc1c
e11402cd
15161ae9
42c9e324
34cdf7f1
c01c0906
c9150506
16d9151a
1d02e4ea
fee41902
fac3fb09
fafce1d8
efe8031e
20f223e6
0af30ed8
14ff2bfc
fffdf5ec
fe0ef82d
fbfbe614
24eb30e5
07ebd40a
eedcff0b
c859ea27
cd3404dd
320c0f41
27acbd2c
ed13e7f9
05f62815
f9f6d115
fe0eed02
e914e901
fafc180e
dffcff10
3006f600
fcfbe717
4522d51b
def2d8fe
d61c1841
e8fbd460
03f9ffe6
e9eff312
35ffe31b
de33dedd
e6bd3c5c
1bfdfaaa
ecea3426
f5b80abf
cd0afb89
353f1296
3be42efe
4302fddf
21f13425
f823e4d5
134deeab
cbc561fe
0620f6b3
f0f0e10d
d84c3acc
de2628e1
19222cff
fe3af058
062302d9
275813f2
133c41e8
093a22f1
eee7cfea
2ab9c91a
e6e2f9c7
d134fc47
e5fde179
d9b2051a
fbf7093c
f5e63d48
f0f5ed1a
d932e6e6
e7caf139
4cd60415
23fcea09
200ec9df
ff16fde8
11fc2a05
fdb3faed
041f06f7
fa3733c8
14e9e1f1
01e314fc
d9cdef18
e8f249f4
effa0bec
b512fd2d
31d410f6
0501e5f9
f5f609fc
24fa35ed
f0dd06df
2f12f5ff
34cad8be
2b00f1f5
0511df0c
e403ecdd
fafce939
d1f5fdaa
f4e20020
b2f7e80c
171a2924
370b5c21
081a1011
08fc0f17
31571925
1cf92057
f698dade
f90e7e31
0ff32867
3a07f1c9
dc30fe00
13f139f1
33e40c2c
2227bcc4
2d19c910
fc00d23d
2556b9f5
eac7d4e0
f1331401
bdfee80f
20deff3e
1e21338a
190a320d
2cd9333c
ed1e09f1
f7c338e0
14bfdef8
1be12501
03f2fb25
3925e0fd
04ae29e7
1313cd03
e1fbcee5
d01be8db
e8f1dd1e
44efdf31
09c9264d
c31ad11c
ea1ae617
080bfaa1
d9c647f7
1ee544f9
32f61ef1
0738e40a
f309bad4
d5d80aef
fc56da17
12033a22
ea26dfcc
fbfeef05
e509e9fe
1de8f810
09041111
2b15fa2e
042609f2
f4fcad1c
e3f709f7
09fee8e0
f1f0f417
52d2bcce
cc54f927
cd16cf72
100e34cf
15eeef1a
df6f550a
17c99919
e81705f9
030bec0c
0dfcf21f
f307fc02
00fc0ef4
f206fc25
0ffb2000
f6f603ff
f90a00ed
11f3f9cd
ef222012
24131f02
2f6104dd
2516df3d
ceeee6fd
4ffef7f9
ecf00aef
e8f3e810
02d9b2af
0825112d
f0e2fde8
20dafc02
f1ebd1b8
ff0bf5e8
da4fd700
29052ce6
2aa2d75c
e9ecf0f0
0df6c62d
c9ce24df
ffd5fce8
b000b1f4
192eba09
f5f79a3e
01cdd4d0
dac0fde9
e233f903
d1dd1b1b
d025fa1f
01dd410d
42a9d6f0
0614cc50
68dbd7fb
ff22f7da
cc10e01d
32e9d310
2521eaf2
21e40d2f
f22402eb
ec3d0fe2
0a3c2304
10efc1f9
09f80029
eaf916c5
e6153719
432afff5
17f9e5fc
e1f3de6a
244dc51a
fd10dedf
22f234c2
ff2cf3cc
2702230f
ea0707df
ffed10f9
e6031033
13c4e495
c538db19
0f9df126
fa00dcea
ee1e141e
f60e1c19
e5cfe1fa
0b120bff
2c3737ed
081de403
f0fcf602
e5e1fd00
12fcfcf0
bb201e2d
f534ecee
fa06bfd0
02d74227
0c120fd2
fce615eb
0c1cd30c
25001402
0df015f6
ff37283c
20f2b9e5
e2b41ecd
d53de129
3723f4f7
0d051a05
dfccc8c5
c2fc15c3
281bfedf
c90b3317
f926fdd9
29e1ca16
520d0132
e9ccc903
17e06e31
cee4360b
ebd9cac3
1ff45bf9
c30b162c
43073e10
e036daf2
4291b7f4
094add21
0724d4f7
eec422bd
49f7cdc9
179e1ec0
dffb43f2
2feec605
e7f6c940
e5f7e6bb
fffd7b23
ee0e1270
0926624e
f3240422
f5cf3510
093d10dc
e5d8db0a
e6e71420
ee041aeb
0717fcfd
f63e04f5
01aadfe7
f72a0a00
cf0c2abc
cd1328fd
c3402ecd
5920f84d
abda072f
d8f6d908
e827432e
e65625e9
021f0746
09f21900
e03be327
be021a19
fad80e3a
21274ec6
1b18ba31
a13136f7
472af8c8
0df451fe
32ec0f0c
f601c824
fb33c9dd
edffe639
5724f5ce
481de2f3
ee0dcde1
c40d2d1a
37c7db14
26d6339f
ee0dff49
d5fc00e0
18e0f950
3d1df91d
cda21330
e32e17d7
f7f9d0ea
1542eedf
e4c5ebde
e0f3ffff
0ff215e7
30e914e9
19eef4d3
f61703f9
27e3de23
eddfdfea
f1f60b0f
82a3dc50
17ea1015
18c5bf04
f2141328
0beac526
941cd7c9
1f2325fa
00315cdf
52191bce
f9360ac8
50f7d60a
f4ef22c0
dc1e34d3
077f0dcb
29353b00
f6ed44ef
590717b6
2b041ff8
421f31f0
2211da03
d9bfcdd4
26ecfdc6
0c0ae214
1cd7dff8
48e0f7f9
1d1c02d0
f70211f7
33421707
efed1936
3cff07e6
3afce812
d0f4e225
f0410c09
d9c2dd0e
dfaaf1e6
0569f5ec
0e02201f
4af7d0e4
f5ffca08
2141bbf4
f8c19fe2
bcc70f5b
29c7fcdc
e2ae3af3
ef142fe1
cbe0e01e
110ddef0
0fbce8e9
19f9c8fd
d31febc7
100052ec
e0102d04
2901171e
c11a1a86
f50ec40e
e81e06ca
39bc1cde
0409a4e7
d92414d0
ec0bcced
d6051948
f6d6f0e3
da112020
e149f40b
4d020221
0b212939
fb1ff52e
48d5c8d1
1c16e4e3
37160be4
3df8290d
e524e9c8
124bfd47
f7cce71b
cb4a12e4
e64e0914
ee17bd26
10a3d926
fbccbdef
fb1d191d
0800f80b
1a7f0825
030e04f5
e8ce20f6
e6f1b3eb
e3d6f313
143e1eec
23ecdef6
17ddfa2d
e7db11e5
2146b22a
ce8cea34
cbdfd341
120ae3dc
d43ff12c
eb10f70d
f93a0ac2
e71414f7
3ae9d6fa
fc611611
290c150b
ee5ecf17
0406fff1
f56fcaee
1341f816
3f22ca03
ec121a06
4af128e6
0bf6d232
fe17d7d9
bae8c5e5
f42adcca
fc000b0b
0511f701
ecfff51a
0aeb07f2
0600dbfc
f81108f2
0cf9f819
0cf706f3
c198d3fe
10f3381c
ccd30ebe
12c8c502
dfdcfad7
ef200eb7
280ad306
2d102c14
0eb804f3
27fcfb16
1ac32d29
d8d909f1
d81209c3
af0ff815
193bf3fc
d7dd131a
f911b0f3
0c38de33
ccf3ef1b
13cb0c18
18bfffe6
19f0811c
d71d33c2
e1bbcf39
2aea01cc
3c2915b5
f5fbcf04
114ee32f
e9d61b2c
ea1e320f
17fe16d1
0df1c241
f509f8f7
1000f60a
f70509fe
fd070ff3
f803f802
09e30b1d
f9e7eed6
fafd0bf7
0ffaf5b8
db3815fa
10ea53e1
f725ef21
39f6f321
16cbf40c
10e7270e
14f21d2c
0ce6d819
c5f8cae8
cf1032eb
f9e9f510
ece81510
f54a01ff
d52fe204
fc03d3d2
0518ca14
d8fbecfc
e610e8e3
19bad711
e7cea4ce
f5cf273a
0fd300e3
f608fe1e
1ebebad8
dafa1ad0
d20c00f8
ebc3f519
e901dc06
d8a9e5e2
013dcd08
facaeb13
0ad4010c
f3394bb3
f017dbf7
2deb40b4
09090c3f
1b0301d3
d4fc2dea
160d2c46
e0f348cf
dd10e50e
f1f7bffb
ecfe09d9
13fdb90a
fef2deb7
f90bece3
03d4161a
1ec2f606
fefb2304
d601e5ce
eb350433
da1e1811
ded2ede7
e8f6df25
f2ed0d07
f304defe
0e40ffff
e10bc4ec
cc0c03f0
0dcae611
38e212e1
01d9f201
fcf013c2
19e499fd
f664b9df
30e06207
deb9edf9
b6d41128
28e0bed7
0a0cd3dd
cefe1a07
df0223f0
04ec09eb
f601df34
13fcea0e
f3f9f5f9
192d05f0
f70ffef8
f7071122
222e1632
14a0e2f5
d3e01a09
03deffd4
29f4ead6
cc08db30
fc0c0715
0704f317
17e31102
1af0f8e6
f208ee21
0bd51124
18f322f2
f01de00a
df2709e6
1c3b190b
ff03050b
06f5f1f5
fe0809fd
0afb07fe
030304f3
fff6fa02
f7070505
fe060601
144eda03
db23e8d6
20d1fb1e
eb0bd1e1
e142bb04
d8eefde1
3bfd00ff
22e30df1
2025f4f6
fdc31dfe
d4beccba
0081efe5
14f348e8
000efdf0
bdeb1223
fb3aefe5
e81c31e6
2411dc38
33eaf618
dfaf23f2
0a270610
f1f607f3
fec21009
e2ee38eb
f1122767
13060d30
17fcfdf7
0f280ec3
da241129
1b5420f2
ec25173b
fa1bf403
1b19d502
e3040a34
dbcd42f5
249d00e3
e8fc9037
e9e6fbfa
0205ebee
1a18fceb
190ffe12
a604da2d
520711e9
30ec3422
04d4fa17
ee8f59d8
10f83f1b
e9d7fa35
00cf4d0b
07e69ad8
da1b23c0
3510f114
f90f2ff5
e4eef048
e0d41713
160cfdfa
da041bf1
f2faddec
05c6e003
32d60ff2
03084a0d
c8f9e3e4
f8f4e9b5
272af0e2
13b8e8db
fcf8fb19
5633e830
0437c9ec
f06512c5
c3e0fbe5
0308d031
1229e2d6
e70436f2
c4fd05d3
ea22eae6
ce16fde1
f00fe61d
be00ff1b
bcf3050b
edb4cd16
eefbe6e9
16fc04fe
13c9d4eb
0b120cec
eecda2cd
ecda0bfb
d532a30c
1201132d
38dff1dd
ecd2c1ec
1028cfd0
09d8b824
ffd23f1e
fbe0c004
33e014f9
f923edd2
07260ec9
eb0908ee
cf1ee3f7
bbe30716
07d11d27
29f730db
c0fd3d1f
15145515
e428ee27
13b802d6
00f02215
b403e21f
1f42f6d6
1145161c
f8023afa
d8ecf051
daebe4f5
573ad4cb
99c429fd
2a596ff2
06fb1fac
f6fdb6ab
f8e03725
fed40904
e34838be
b6f16365
13d2160d
041381e7
1f6b361c
19cddd22
d4f3e60f
fc1cf602
efffec19
dde8d49b
29d9eaf1
d3203bff
13151147
3014f2ce
f4e4cdf9
dec72def
f1e31215
fb11ffd2
0e1adfe7
06ea0040
2a0d2b01
de15bbe4
f61c17bd
eaede5c3
27ffbecc
28cdf6f8
2b0ae820
dec50f03
e4190453
30af02ed
f8fbc106
f905d7c3
e6f4be07
0aa215cc
1abe2224
001af4b5
06f60408
0dd34121
c1cca432
e12cedce
1dd7f721
0b5110e2
7a131c81
c41913fe
81279e23
3ad30813
9ad143e9
e6fdc8d8
eb1decbb
25f314ec
35352314
e64afe3e
db8106d1
211de9f4
3013eb31
07fc32ef
da080a15
3fff53ec
c2e8f62e
f41b5d13
9f040cf9
bfbfb821
0cedef04
03e909ea
172afbba
0cc80600
3847cd02
dcea0ae6
1ce7c0e0
39ed1205
0a1318e9
17f3cdff
12024afc
d50144ea
1e272ac6
05bdf9cb
0d1488f9
f9e2277f
e1f0b6e3
0eeb21f3
ff08da06
1ff4e318
1ac91904
c3daf6ef
1cbfc5c1
00f5f0f2
e2ffdbfb
98091dd6
14135124
f9b2fa39
e906d4e1
da17c0ff
0428cef9
d31a02ef
050fded6
f9c6d6f9
fd22db3c
02f6f5fe
010b0447
33e75913
fa0579ea
a31c01ef
2d7ffa76
37e07f03
def5f403
3a40dc73
3609da11
2ff82d06
0d0e03b9
fdbae234
fe093e07
fd0bd70d
2d0ec701
1be4c01b
21cc2c3f
f4d211f2
03f7eb0f
c5243df3
43f14110
cf151433
e739ea10
28c6756b
cb2df4e6
e9d1382f
156730f2
0ac6d5f1
321b870b
efdceaf6
d3d6e019
0ac71ae1
0934330f
2dfe2428
1bbbf03a
1609380a
2a3ddcf8
1d0bfaed
0cdb4b07
7f13fadf
d71021e8
f9fbe7cb
493dff38
fff7e127
e8fed2ee
28811909
0b2def23
125b050b
e8f8041b
030e0304
fbf923e5
eceb29ef
06ed2011
031e07f2
f420263b
f60bd22a
c8142ced
ed6122ef
27f3f3f3
1b2c0dc9
f7d42bfe
19e3ece4
1d04ca39
45147dc8
2526e241
c10ebe11
30f24627
09e30b51
f40f1726
01d926fd
e2081412
ded5e92d
2873f0ef
0f38ec27
5602befb
25e90d04
2015d6f4
4df4c413
f45c382a
f80c1924
ea30f126
00fdd200
c3f6b1dd
1bec05e7
4137ec1c
f3050021
32f5010e
f2fbfe47
15cae420
bc0bf022
01f11ef1
02d540ee
e015ffe9
d74e1bda
fe00ecc7
f9f8eaca
051709d6
30b3ec21
26e907ee
61e0d0cd
f321c9fa
060ef343
202822f4
01321ded
250613d6
381c5024
d7ed02aa
fd011d24
f11149bf
f40f39d2
e6094b50
10b92519
6e13f1da
efe5450f
e6e42768
10db0a1b
552011f9
1111f51f
f5fc53f3
5f11efde
ec9208cf
caf4f4ba
e5ea1928
05451ffd
d4efc802
fce5d4e1
f3ddea3f
d20405c6
f71be735
3a1bd809
da1ff20d
11f91f32
06000be6
e7c825fc
040bdc03
2bd4cb22
e27f11fc
1ddef9ee
ee3e192e
04fa05e2
1f241ee4
11200101
efc015eb
0e100c8a
00db02d9
e82435c3
00fa0701
dce516fb
c90ef1f1
24d207c8
dd3917ff
ec10e904
1efdfd50
24ee27e7
3de5f59a
d1ef1c08
e21b0f16
1a110adc
30262a2c
04392c25
db31e1fd
fce9fc0f
e702173f
1f2ffd04
21b7e321
c9d7ffbd
b6fe31d7
24dbce1a
1e524c22
23ca2eaf
cd201144
42f0cb39
22fc1118
d5003bea
4307b4d8
dd02271c
e3f5f9fd
181a04b9
0ef1c7fd
faef251c
b6cb0710
f5041b1d
b22245ea
d4d2ef28
6dd0f534
0c071f0d
1a21ecf3
fe18fef6
0fccbc10
0cedf11b
29facbd2
33e2da32
35c81ffa
460eb51d
e00769d4
fb22f6c8
184b08f6
1506c2dd
e6ade6df
03d430dd
121914e0
bf4226c1
17f508c2
df46340a
1e02cf1e
171d3c31
284d24f2
ed282cb6
2be034d0
e415ec45
f1dcf129
d9f4e609
fd22fa30
eef109f4
ca2b27f3
d023eff3
2605d354
fa30e92a
32024bd4
f707e5e0
37cdc30d
d110f3f6
1b11ccd5
ea0b2b02
23100d2e
e8df0e06
f00e0aed
0011140e
e7dd01fd
0ed2f704
f02b0e1d
190a119c
203b1439
0ab8bdec
17d7af19
ead1ff0a
f22e2713
42351a1b
f006f400
f1f70706
fb070e03
fff8f7fa
0d05fa0c
ef0b09f7
18f808c8
f7f00108
30e21a2f
0b1af401
005ad71b
d35a3afb
08ff27fb
020d46ee
f28af009
ee341c47
ff1a045e
baf3f91b
371c12f9
2c19d7f9
d8d522da
fb03200e
ebaec122
24d30be1
000fd1c8
c505dbb1
10b40a25
07df2ae0
f9c11ff5
e7e90bea
f008ce17
f8e3f7f2
05b6f0cc
de11e223
150a3827
f858d60a
e31329ef
abeae9e4
05e7d61a
d9e0f2c9
f5ccfefc
1be5d11f
d03406f4
d3f3003d
fd43d6ea
010afa41
1d0df922
f22935ec
0cf9e3ce
1cd31004
f3c30504
f5fa43ee
f9f3aff9
0122dcc8
dbb0bcf8
e31b2201
f3ff3631
04fc35ee
15c311f9
de4534f1
f82a3fde
e1fadbfb
14580e1b
fbe0b820
0cee1735
02c2ea1d
06cffc23
0536ed2e
ed0c131d
f7e9eae6
06dfd8fd
2101e115
cdcbe606
c6183804
0d2341ee
f914b1ec
ea24e5f0
f013dcf8
f217e201
f8caed0b
f2131ee2
22f2d618
e20ffffc
012436f6
333c19e5
c4c2b9ef
1cea2247
f945e51a
f4f81812
04d5fa29
08f01801
f623ffff
f1000e0e
04e6fbff
f40ee902
20faf922
4019e80e
262426bb
f2c1fbfa
33f51e02
250d12fb
231a0ed0
01d2fb20
131536e8
cf1c062d
e516ce27
312dfffb
01f4b71c
fcd43204
be37c0c0
f01b33df
f4f2fb31
4ff627fe
c8fbe584
1c02bcd4
f82821f9
19b7061b
df1feaf7
24fbe2f3
d9c8e643
f3eb5120
41340401
1d0908f5
d21a3311
f9205cc5
3e211a18
4bdcf3e5
d5c921e4
e4094612
20dee6d8
34db05fc
12e2ab3e
265efaf6
ecfeff35
e92e5337
0bef4c10
fff0c8e6
1420aae6
33201b20
db0e05bd
1f2aac05
eaac4df1
1a0c2a19
3db60ac5
d03eb5e4
d0c7381b
01f7ef0b
16c03612
0c15f612
d32d10ee
f9f9eeef
06ec0bd2
c0062313
2ecafd0e
03410fff
3eb048da
f2f3ea04
e9e6f052
c8de16e6
43f6161b
26de0949
c0cdcfe6
a8c1141e
c50f2c02
1eb7eb54
def84708
23383827
d774d041
e9ea2a02
32e4f6f9
e9e512f1
16eff703
0b17d6f9
c6120020
16ee0658
02e5e72c
d0d81012
3d0a49f9
ebea21f0
d301e50c
c5f23bf7
1b7005fc
1024fc08
0202d6cd
f516f4c7
c8d30def
e0f71fe0
0bf7fffe
fb0316ec
ec17f80f
1b260309
110408e6
fac6f4c2
043110c7
20e200fb
5efa005c
10fc06f0
29d1fe12
5296baed
ded3edd9
05252027
ded7c8cf
1ffd3302
0501fc11
ea2cf611
64240bd8
0a07ae10
04fe3116
7fc30dd9
f7061918
d51810f1
f738d60f
f01ae038
dc251813
36f0193e
eb200aee
f8f4eff3
12320fe4
0bf5e1f0
f513f202
fe0e0f2b
f1fe1110
f402e4fa
eb040bf2
f035eb00
42b519c5
0032c15f
01dfd3e6
35dffff4
d11af1f4
17f49f20
24173100
d5f47047
f808bbec
2ff2b607
0637fc11
06bfee06
14f6e9db
06161d40
e7e32b14
0ee82502
cdeab820
f8c4e70d
f6e72414
eafe0b10
2a3105c2
fae9e6e5
ebf3f94e
f84cd1be
d1c003b7
ef10f8cf
1ac1eee9
10054efc
eff1130b
e60c1702
28ffd9ed
1af21405
d60f0fbe
5ae0d841
00e9fefc
03204d11
2dc2f6d6
bed404ee
39e90509
281af0ed
e8282505
332a142d
2224c94d
e81022af
f9f320fe
e4133402
def252aa
e7e13442
e614212e
da0af114
c7f7c022
29330d11
16aa33e7
14081cfd
e2fcfe48
06d91a01
f404ea04
e82ff9e7
190e15ec
ebff46e2
301b0411
f214d31f
ff0404ef
0511fff8
24d8271c
2acad917
1f25ffd4
ff131520
242a21e7
0b2730fa
14130700
c008cf13
112302d2
d91d06ea
29fa0011
0100e633
37190e4d
3d38e828
2d3e0224
092b2616
2907e7e5
e2ffe8e2
36b700f9
43ef17f9
0d2de90f
ef1bea00
04291ed2
1e0d2cee
0be7ed3d
fb0ff80d
15f8e42f
1245f6b6
39f41bdb
05e8bf0e
043f5923
fcf33df8
fd4a3f01
04ec0830
061430e1
eccc2b23
2f1410ec
1dfb25f0
f0ec0f03
1aeaefe9
ee41b791
560ae51f
fca5c41b
cbb9be24
07ea42e6
fa08e10d
01000cf2
12cf15f3
f0dede62
18e7e1e3
1f04f407
fc3020fd
d3bf11f2
e0c925f4
3e201fc9
0109ffe2
ef13eafe
3f22f9fc
0e2230f1
c2e6e6e5
011720f0
1409e5fd
171d06f9
10230609
1305d62e
2d09371d
1253fbe9
dd58d1f9
07e71b04
e42b0009
17ed2b16
0ddeecff
e521f5f8
1f10d620
fc181201
fb12f0f5
0bee11ef
f0f00dee
de07e3f5
d508c022
07ba273a
0ae30226
e7e828d2
e63ce0f1
f8522010
3f0eed1d
ddf720d3
fb230d02
d0ebdcf9
f9e0e413
0d4a0002
29264cd3
290deeed
d6f63522
2025f4d3
1d011c22
ead90df1
be36ef23
e514e837
f239e408
f339220c
17fe1101
fbdcde27
f8d83206
073a2209
e52ac5d5
f420fcf5
d2120a30
e30d1a05
de18eb1d
0402eee4
e20021ff
0817eef0
bdf00d35
0cc816cf
1f14dbca
20c2fcf4
b30f2c1f
fccf3c23
ffcf12ff
dbe84e18
ac00020e
dcf0e4e8
1dd630ec
43cfe5d6
1e2f321e
f8f7ecb5
db06011b
d60d19fe
ecf4e8fb
04e5ec0c
ded3de36
1a271709
e920e8d6
ed090ce5
320e1bd1
2bf9c9dd
0df52403
f5dbdfd2
fbb2062b
eefcf60e
f628ffda
f9013441
e0b51fc2
ee04f71b
1cf3e8f2
d8742309
e2052af9
112609fb
eb201d0d
1bf61cf7
f318fbea
04eefa29
16dee8ea
f1ee1be8
39f8c005
00e0ec2f
2f2b16fd
0ae8ca14
f3f4edc6
e6fe17e1
2e5e1be9
e6f8f9ef
2e09ddba
d2070809
eafb07f2
daee0a78
e625f909
ea3c05aa
81b90c13
daec5451
056abe21
10000313
02f813fd
e83c0440
b3e34b41
bd25d00d
cef9f526
eb24e6fd
02e1f629
26dbfb54
fc22ce0a
1c342a14
221a08c7
e7f91de3
eb163be6
db5c050e
0a21063b
f6f6f005
f5e8e1e6
3534f952
e2ebece6
20d211f7
30d9ff2a
e8de100f
16dcdaff
ef84d4e8
2a1c0f1a
ddcbee20
f40722e9
21fc0466
f0cfedd7
021c4ddc
1df42981
16aafa0a
f9b81108
c4ea2b31
b6e9cdf4
22fd0526
1af423e3
eb1e2ae9
0ef811fc
0bfcfff7
fe162307
f61ce419
dc2b10da
03b5dbe2
e9ca5415
2df41e1a
0f0fbbe4
b9f61ef8
f5fcca03
27f3f23e
11e724e2
fc422545
fd57ed38
d121dc05
13ce1f17
270d1006
11dd03ec
3629fa47
facbde23
e0c861ba
131619ca
f21517db
2defcb3a
1de1f0e6
23051a20
42d10dce
14f30edd
0b240d1b
13ecdf14
031efb16
f6190c12
ec4ffb00
13d919e9
ed0502f3
e70ad5dd
30a328f3
ff012125
e1080521
e2e659f6
1ee3fb24
dfed1223
121311e0
bda5d9e3
c74c1c3c
fa1f14fa
d79930f5
0518d408
3c1cdd3f
2beee534
081fe906
ff0e0d11
120cc512
df28330f
073bd2f2
e1a739e6
e9d90fe5
f85bfcfb
1905cf25
c9f71616
e9e6ec04
570d0752
f1f2d616
1531b1af
0fefd917
3ebb67ff
def4f2f4
f6d5e4d5
0640e20b
e53540cf
cfb8a50a
f91e7b52
edfff4cf
e4fc1ffe
000ef616
d5e9ccf2
c20a0d08
9824fc12
06d5a1da
f8b10140
b501c518
e9d2e316
cfaaf6fd
feea2120
03ecebf7
fef70a34
0ce91ee1
11fabc08
04e0eceb
010aed13
080af4e7
fdf40bd2
1bf725f0
f4f615f2
17e9eb0a
de23efdb
0d0a171f
fa00fcf8
e6efd502
e553120c
1e1af5d9
f6f40116
3e370147
07dce8d5
f9e32e03
c66acc25
ea18e504
0305fb26
e5da45cb
d1f10bf9
2cd1180b
0dd8af12
1afc0ae9
0304dffa
0336f228
13121cf9
15faced9
ed090229
fad5f60c
b0ea1a1c
0e2a3bfe
00f8cb7f
21e410ff
21151c19
cfcd09d5
b6e3ebfe
483802b5
2c40f1f5
3bf9f215
1236e8d7
15ac14ef
0cf4a7f3
f237b82b
f902044d
f20de1f7
081921c5
11a83412
f0eabb04
030c0d53
32482543
ce3d5300
232e069b
0cdbb422
fb132e2a
1218ecf8
eae9c3f4
0ab91d17
fe1d11e3
04dff1f7
aaee7103
0d5b1e16
0b158cfd
03ec2dc9
defe30e7
e9ece924
0400f406
56c843e5
2f371dcd
cefad007
fe0239eb
172ff5ed
02f124de
0404efef
e1f4e710
03e8eeb2
ed23f2d7
027cf238
ec2b1640
0e20eddb
f510bbd8
e6df19ed
0d38c5fc
1d192708
ce18f423
d02df1f4
0ef02d12
fffd1ed3
1f04cf1f
30fa1af6
cd15f236
e2272e2a
ff06e9f6
e0f6cae1
132efabf
e81b0cee
caf619e9
2fe00011
0730dd41
d33c0e3f
f9b3f921
21070104
331f53d8
ca06eefc
0fe210e8
0a2122e7
c8ca2ec0
2ffae5fc
0da01b32
34cad507
eedc040e
34fded25
0fe6ff19
021b3e27
c4fd0fe1
fed9ca0c
09c524ea
25e9d6e0
391ee6ea
6004edd9
d4052cf1
c2f11def
29feff21
0c280cfe
11c417f7
e807e9f9
1e092508
0ae2e6f9
2ec51011
d2c40a0a
1024fa4e
8e10f6df
aee35049
0ee2ee47
f2f4ba43
3619e506
06021406
dd3a0515
fedb40fa
0c460ec2
c1c2e00c
23d90825
09f00119
d30fc5fb
06d8fa3b
003bee12
0701f612
21e6fdf7
ec03f401
1003dafa
f116e90d
edf5eafe
fdd90903
12ebf5ff
c8c6b2ef
0cb1fa26
3f06f6f3
0233e4d5
140bdce8
16b203e7
08d9fdf5
b41223d6
d3f205e9
eb181dfc
f3d9e6b7
f0d09ff7
fbd8c91a
1734ee01
e0d03b21
0f03e502
0ef7d418
0be30d37
9ff22303
2b28e6f3
c610fbfd
ccf0f90a
0826e110
e61704f6
f9e4f913
b92b0e77
fe14e406
171c37ee
fbbf3205
13232ae0
c9df43fe
0b18fc0d
ff3535e4
d1e405c2
44f7fdea
0b5a3fff
0e29f33a
cee8e30e
17177f20
3b171ad1
21cd45e7
cbe1fff0
be2ef2e6
109bcbbd
232271f1
e4f46412
02fc1ef1
2308fcfa
f0d5fd00
dedcf807
eb25ffe5
1b0dd428
f003fdf3
38031536
eedcb8f9
f923f536
cc100001
f8403d25
e44845df
fc0019f1
13a84e1b
efb91500
d3324607
c52b07ed
e8180c11
ccdaede2
0014cdb9
32f52231
061fea01
e03bf81a
121afc38
001ac01d
f7bf38da
f82222ec
f008f3e8
2604f6d7
09f2161d
ff0011f4
22ee01ff
07c7df11
2efd1c10
32ffd30b
ecd6fa21
5025e307
1b0e1914
01fae7e9
edea21f3
dfeb02d1
dca4fa13
03eff5fc
03f40e0f
db84fc0e
0938bb04
cee8e700
1f07fb25
1eed00f2
040b05ee
fa427529
fcf0f3fb
2b2242ca
01fa402c
d93c0104
0a360409
f036d0f9
c7e406f4
e6caebe3
0504fe07
072604e9
f223f41a
0c320ade
ef04fbf3
f40de42c
06e7fc16
fdc322d4
17eb07d8
17a8d207
df63fa37
0829baf3
252a06d3
fc221c2d
fa32232c
0b1f253b
fb08e9a6
ef73f409
ff06fdd7
d8e0a3ea
acc9f423
f11aeab0
dc02a5e0
01bfb426
41ee4921
2000dc2f
be012a05
1904efb8
02f951ef
181ff803
d726f3f0
c1e6d89b
e0f181f2
bdb32735
31d0fcd6
7feff111
e3e0b435
cfce1ef5
0741ea10
edf00015
3d0bf8de
3dc1e306
f0f41de7
1b1f160b
eecef502
1a321bdd
e0ecd103
0017f11c
f50dc9d2
001205f2
f8fc072c
15f1ea03
f9f86f45
db1e04f3
350e1deb
ee01d70e
2714f7d6
f3cf2910
1bfd06cf
f20bf837
09e60fdf
38a8d40c
2a10d3f3
dd0c28fc
a52feab6
05e156fc
19d6f1d4
1301e533
2fd5f139
11f713e2
12fd8dc7
f4fe6ed5
3816f9d7
13ea0bf6
2bf00546
1ede18e5
f20ece11
fc0a062a
0ce9f1ff
fb290ced
56b9d723
1c0afbd9
13ae19d6
2edfd4eb
0210f5f8
162bdf2a
faff4d4a
e0d7140c
0cfc3107
fd13e2e4
10e0d8c5
d20e0e1c
16ccd110
ddfb0508
4ff2c5dd
697dac01
11d9fe18
fefe4c3a
4e3fce24
112ae677
d72dff0e
18e2ed2a
cee4efa3
090f27de
220eef14
2568c903
e9f19ed6
34452519
e42449f7
0ee61904
ee1bf72a
dcd3db22
f8fdfbe8
02595ab7
260224f3
0611cf1f
23e5f3e7
0329e90d
fae007e1
e7bb4633
e918320b
f60daa06
0458de0f
213109f3
cd1a2427
e81fe0e2
f90cde2a
faecc8eb
0bf2ff12
0d05f90f
eb37f40f
19e6e4f9
db06fff4
fc0600fe
44c9c97f
173e00ff
71fcf9f0
2dc9baee
f1f70125
db27f240
f42cadea
de1a08de
2395eff2
00040133
3e9e0bdd
0f261333
28d1fec8
de193608
46fbdb06
b3d2f00e
ea5435d8
001ce5e1
f0cefdde
c3bff413
39e21a08
d0ca0823
01d74100
fa21e7fa
fa10f0db
e7d7f98c
0ef92732
1029fd3e
ddf0f4d9
e3feafe8
fd4912fc
eb05d6d5
16541df5
b9fee713
5707f009
ce2456f7
e5d4c9dd
db1bcded
e638e721
faf0d4df
1c230d03
003cd80b
edddebcf
e7122b0f
21281202
ff19fae6
0fe30b06
1c9d2ab2
e5da08f4
f4d9fae1
00d8291d
18d31019
fc0503f5
ba0c0e01
fb39eebc
defa0d1d
cbdf1bda
fef7114d
ffecf340
f116f617
3bc9466b
32f32de0
3c23c1e6
33000043
0603f306
45ae31a5
1ae5ca38
c11bbff3
2ddbe2f1
1a04fbe6
03152219
f128f354
e826fd14
28f70a1b
f617f12a
2ec2dcb4
193cc2f3
07cff1c9
e718fb1c
073cebf5
1f17daf1
113b2e0a
befd0913
4d18d5df
ed9aef1b
2e011418
d7100022
09e6c7e6
ee0f8119
cb2d4ded
37490a25
05e1100c
0d1ec6dc
121b1c02
1713fc02
26e690dd
ffc3eb25
2143e537
03f6f6de
e40810f8
df2110db
2e0cf825
81020a10
f6f7e3de
dc05e5d8
2904c47f
e33d19ed
da3706fc
d4fff22f
eee40ee3
cb150046
20fdce29
ef25e513
0301dc15
f4e42600
f51cf209
03f31f17
02dffa0d
0af209e3
080815e0
f8283221
1411cb3f
c132f4d5
0804271a
edecc61e
45fc0000
fbe8dd0e
eadcf600
22c63746
f122f511
3f181500
fac618f5
ff23cf21
16c6b705
3d072d08
31d3fd15
07efcef5
1bd80c0b
c8f1d3fe
f22e270e
bc37fa0a
cb06ef48
22d71ec5
19b51615
32ec120d
130fdde0
0acff9fc
23c81b14
f0dd3e27
3d0d0eee
48d63907
f90dfdf4
f9f810ed
0902e8df
fc05e4d8
f001c01d
02ea240e
bd2e3706
30fefce7
c9f32011
d4121fda
0a4b7d1e
57da1523
d52218ed
f3f91e0a
e6d4eef7
1f050904
ef33ec0d
f8e0301b
29d77fd6
23c6ece6
d1f0ff04
e61af922
1b22e4da
15dc2c32
d7c0d128
dc2fe5d1
e6ddc557
fe4ec6fd
e0d8a93b
1c141a28
49280fe5
00dd0634
ff1c0be4
fd69551d
3c3cf2b0
e03913dd
7f1de0fc
d92c4a4b
ece0f010
f3f5c61e
cdea12fd
0fecee0d
1a162b59
d8b51826
c5ba12db
f7ece920
370c39fd
14f42500
9cffe313
02ec1415
dae44132
d6c468d7
a52ede02
eb3afe0d
fde605ea
11ed0107
f604e4c7
c2db2d0e
1a7322fe
b20be119
132b22e0
21ec1600
d1def3b5
f223f71b
d627ba11
0929d0ce
e5fa0720
0b282052
072b161a
1ef846de
d9dcfafb
0e4aa5f2
35eb78d9
24e80ad2
365bd907
e722de1c
cbc8fc3a
262dc650
0e034fb2
05ea0bf6
20dff7e8
31ea43e6
09c50003
bf2303f4
0702d23b
e8e70604
da35fa31
f3cd5303
f11f2ce5
55162e04
f4d2ebc0
14fed739
c8d6272b
c8b206de
0e2c00df
27260400
5939dadc
4b1cec10
000afa3c
ec040a14
61223d06
1ff1fd24
fa2dd600
061a2d00
d7effe17
d819fe33
d8ebddd7
3728d7da
f4cd19fc
0af112d3
2b223853
fb1affde
ecc7cdf6
e101f9f6
28d3b3c4
c3d602d2
ff05f101
d8deda08
d7eb201c
fe30d139
13ff020e
631861f6
ee044ae9
05012142
ee2507af
b8ff1905
27dcce61
d9e0daf2
f10e16fc
dd811830
1a3d0efd
f5021224
e7e625f0
0252e6c4
13080d03
284217e2
2035f7c6
05fbe6cd
c32bfa0a
f801eee4
0d1f0afb
2704ce09
161b0de5
001c3211
e9ec1b1c
20c6ef25
f112b90f
049f1fef
0043c7fb
f3f51af3
0dd8211d
06e5e6fe
18f5c80e
df03140a
d5ede401
35f7d8f2
f9d40c0b
220823b8
d642dd65
ecfa13df
1016fed2
e8d51ceb
ff1abf1e
12f0da0d
203125d4
0ef949fc
2233cd04
1cef160d
ffebdb7f
1116f1b2
e13acbd8
1d2cddd3
2bef42e7
f51127f0
f9e0f526
5b00ff1c
c01edeee
22d83fed
fff51249
9ef214f4
f7112309
16e63767
bff10ade
220035fe
fc4c100f
131cf500
c81d6011
dfcf1e09
053015e8
132201fb
16fe243b
291bf7f5
e2ecfef5
ea9a2bd5
c0f4dee9
cf22fc54
d431fd0f
d9f3020b
feece740
1538edf8
011ce2e8
e3dff4f9
bbfd17ea
0503ea25
050fdd46
08e140e4
0d0b17f1
0a3859f9
0cee1034
f9eb15f3
20973dfc
10f8d0ea
28c3cc2c
d4de9ef9
e2c218f1
2100d6f3
09df0512
ddff17e4
e325ca34
ddf4ed00
f812e6fc
0a11f4e7
ecdf0707
16f4ebe6
07fc4afb
fbf4eff2
de1ff11a
05f1f6ec
241ad4ae
4f046210
1afc2b22
f23b0ad3
bc310b1c
d01208fa
f1d706e8
5135eddb
07dfed24
d6f481e0
2aeadc06
17c951f9
1bcaf124
08fc0b0e
4e4fff0f
e924d1dd
f5cf2ce7
0ddfd941
10e11e05
e33af623
0c173ff3
f911f610
07c3f1e6
eaf31523
07f0e116
091bd3fb
f91af8f5
f3f9e2d5
15f5e504
093ed30a
1f2f30e2
ccf2115e
0836ccf6
d9fd348f
3b1136ee
f3d6341d
e4cee5dd
18f61d34
ce1f0616
d70a11ca
ef0740f7
f1d903cf
0fef2a22
0cf8ec2e
06d52ff9
100ae206
23fbf2dd
1409e913
b508f225
35fec9ea
ba010c28
dcf81af6
0be816f7
0fe7ff12
0e403015
031f0915
03921edb
04fefad0
f60728fc
ceebdd02
fecbc6da
e5e2a749
01f9dbe6
17fd0602
0c40f108
2cf1d732
ead83a1b
fcfb1a09
f72bf1bd
ef18c8e7
13ecd5b3
2024e8c9
cf2ee7cc
0a040bd8
fef06429
e51bdeee
fb1cd5e5
e8f508ff
ecfec91c
020e0b07
e5984703
0be8c1f5
24f9e9be
e8212af5
393df71d
d71e45e8
010cbaee
f1f2ef07
f3091ec5
cbef3e0b
d6d2e40e
ec172de0
09f41803
de02d2f2
d7fa030d
ec1715e2
fbf94241
060a26e9
36141ce9
0e0be72b
06e3f1cb
47efe20f
1f09e816
27f4eef6
ef21e8c6
1cea1e1a
22eecf3d
3a05ed06
0fe6f7e2
fce5fafd
f934fe05
b3e81938
bb16d92d
232308bc
f0013836
9ff6f8dd
fd532f10
cf2fd7d3
29170df9
f0b8e6fe
2126f634
44e00669
0f00f93b
3b24d201
125a09dc
2d2a22cf
045107bb
2efb1613
0717cd2c
222224ed
a2ecfb23
e80750e9
27041af4
00dd1ced
070b35d2
f61ae9ea
11ff1649
eefa5fe0
082c14e9
eadb14fa
042a0aed
21fb3ee9
2450f07b
f8ed1310
0dd4b8fb
0e283000
cdf507e7
eeea0220
fecb02d7
ac37c415
f8dae92d
101216d5
f7212804
0fc60a0f
134c021d
2eff0e30
29fb16c1
081b053c
1333f01f
e9120ac2
1ee02007
d1ddeed3
051e270a
f1efeceb
250b1518
05f1f1d8
0764eec1
ce33f5e8
f549bfe1
d62117d6
1807cdf4
535822da
fb1de6e7
e258f50f
4c8f241e
ccc615f4
11130c17
31f5c0d3
0522ebeb
d51cc6ff
4012f6d8
ff182813
ed8913fe
dbf215f8
14ede7e2
fc32dfef
dd0effdd
00fbee14
001338e0
1fd9e2f7
e0d0e414
4310edf8
fef40635
dde8f202
e73f0622
f4b8fec4
3e304339
08dc1ae3
3322e52f
222bfd08
001f282b
e4e3d72c
06020ae6
1f43efec
16101626
f8000422
f59b4205
15f2e30b
efe40918
19f70ce1
03fc0427
00c2fe13
0807ec16
3aeda903
352e052e
36fe31f3
f71af919
ef0e481a
f5e82402
2a344ae5
1721f803
bb1acd2a
c72cb0b3
270a32f9
d308ea38
bd092606
241413ed
1ffae80c
2af7f0fc
1ff3ea0d
b614e5fb
1eee12de
e728dc18
02f3d8e7
011cf61d
32daedb4
17125104
df0e19fd
1a11e8b8
ec003135
1609250d
2f13d50e
d6ba3ad7
ff24ce18
d7fb15d8
cc23b4f4
e3f7e7f9
eaffe4e5
fdda23b9
f5180df5
511c200a
18d7ebfc
24d7f73e
e5c129e5
1119a224
ff14e813
f2fbe5f0
31e9f50d
0cd5f332
1fd81806
0120e5de
fb23ead7
2ccaeaf7
e22b3856
eb1ef4e2
47b9d704
1443b23f
44cd060e
0f03fbd8
c8052804
113a11ea
f41209d3
1809d0d6
25112f2f
f0dbad0d
f12e2912
1f270f29
2022411c
2ec21d2b
05f1d1e5
fbb0f0ee
cff5d12c
9909f8e8
e5f12501
c6ef16c3
00e41226
f60be9d8
160e0f2f
fd0e0c17
e5fc0100
f3e9f2cd
ff07e4f1
e314f6e9
00de0e97
be901823
2cca083a
e30958e8
051bea0e
12530e00
adf513ad
0201ef17
0d6b0600
0414fe0c
2a2a64d4
f1ddf619
0fa5b303
311a38cd
289e310d
1106fa21
00eb1812
ff001f01
0d03f0f2
fdf007ff
0afbf6d1
fdf1e5ef
012d1c9e
fa0b00fa
27ea2511
f0f52101
000aaafc
d2fbff18
010409fd
021b32e1
b5da34f4
e1fe2400
3237102a
f6f645e7
20d31105
1f35e530
1701fada
24f81f30
2f270616
10f1f715
07f51e1c
1df92d10
213d0610
25f516f9
531bc400
c3f122d9
07dfd2f0
ecf6edec
4f4a292c
0f8e0644
de3f3524
1b341e2a
f7dae10d
f9d4270a
dde8f6e8
df01c1ef
1a45e3ec
10140512
17c707d9
eed81cf9
e1d712e7
48d3e61c
bb070613
013df809
fff00500
f3e1fe0f
2f17f60c
1bf3eddc
f5f9e205
2cfc08f4
dd0921eb
070413f5
c822f211
182503dc
ef36ecfc
41cd0d04
11fa0c1e
200bfb03
d4f7ce10
08f90426
f71429f3
04f415f9
270127d4
dd0bfafa
f703e8e8
1f0605f1
e2fb0eee
f803fd0d
03f9f90f
399703f8
ed92faca
f0edf621
0b113099
1c215729
2b031b0e
ffe5ebcd
fd2cd4f9
0fff0403
f8240603
05103f06
f30f2304
06f41822
0214eebf
f3f144ef
fc2811d6
e9402209
f8f7eff6
1734fff5
13dd26fd
ef1d170b
5de6ee1e
f5e906ee
efdb0114
e3f40c27
ad041ba3
1bc4f0ef
c8fef310
0e3c23dd
08e5e0fa
fe2314e6
fff83cdd
e8f91b1a
f0052c0a
0d1f1937
31fa051c
0bdf3d45
facdec0a
fef722e6
1b00103d
c1fa251c
39141cfc
17ceeb38
0f0616d9
cbf82147
d62012bc
160941f3
ef10ae40
d4c0eb1c
19e80b09
11eef620
20fece21
1130aabb
0f1b39de
45beaeed
04e6f7eb
0023e420
fff50713
f108ff0b
fd1003fb
13fa2f01
0d0df101
ee0ded0d
1ab0cf29
c4c0f130
0f172b39
ffcdefbf
de08efcc
d90f1dfe
22e1c608
30c70ddc
c4d34cf7
d23e17f2
0fd464d6
44e8d8fc
080719f0
132be109
e3292a2c
17bc1545
f9bfa543
032ff2f6
1713db1f
ee1ae214
5d08df30
fb03dc06
def700f8
18e91b15
d2c42aa0
2b0d5824
ae0af41d
fd43fb1c
faff14e5
02e9ea02
ffe413a8
9b330adf
0ff9f6d1
173a303b
0dd14444
2a330f02
0511f248
d956c61a
f31cfae1
a11b0b2e
f830e404
da333640
169519df
fdd0211c
fb02dde1
dcf511e8
7061e215
b656edd8
241ec30b
cdc6f4db
10021df6
3462ef16
fbff0122
21cf27df
b00b1eec
86fc1c10
ddf827eb
0df1a003
1dbdf4de
09e6f150
c9f6cedc
f01400ef
d61e0ed8
f3e40418
0c2c13f9
333df349
f404eefb
0414562d
f5fa161b
d8200603
600d1012
e1dfd228
f87313b1
37cc14e2
3c130607
f1def9ee
1300ca44
2c2106f9
eb03a20e
daa306ea
1912fb1e
1114c9be
212d1a44
db2830bd
e7020622
e24c0245
c828ad2e
b104fe27
090ecd18
2bfd197f
ee06c7f6
c6ce34f8
2d022723
29e012e8
d4e1c506
ff331524
c0161bff
fb62653a
34e33335
b6ad4af0
e5f60f34
5dec14dd
cad303f3
0f13d1f0
07090ce4
03f2e501
0d0af000
efee0d00
ffd20e09
fbeefefb
0def0c00
0600040d
d93ffc13
66e611e2
ea0b5bf2
e9a7d016
c8f7ddf5
e1f8bba9
dd7517e6
320d7dd5
f1f8062c
ddc74e02
d84c0ef2
02c7d8fc
f212fa02
00b70303
1b0f0438
ac3831d4
18e6e32b
02f40aff
0006ef19
f6e7fc07
03fd00fb
fb2df1fb
330e0ae2
f10ce01b
ff6db0ce
192ccee8
050fdee3
cee13335
b9f2f60b
2fdb1f13
232ef316
2de6f434
31392408
2d2d081d
2c080616
ddda0b17
1e0915fc
d524d7f8
f41a0e22
bc13d204
1c24f134
40e0fb4d
1413dc28
0811fde3
cdfbfef2
1831b7d2
fa2014f5
ee03cdf7
376bed0a
f9f0c98f
15cddadd
221520c6
dc0adb08
c3bd6ce8
c2e21cd7
fd62f9dc
1339de29
fb52c6b8
09a639fa
dfdb140c
00fad626
1fceb6da
d7e3291e
093f091d
d9ec1b57
19124efd
d047e4e4
29eecbe8
d4faca0e
590d11fa
f214d2d8
14ce3ad3
e9000015
eb101020
f5b85834
17064028
4cfaf1c3
f50410fd
40c8e20a
1210ece3
e91b24de
eacbf503
e3a62df9
28f20ed6
cbf2db2f
0f37e2df
0edbebe9
d7fc0bc4
e97f4464
e3df4fd5
201856ee
b505f146
30f27fd7
1d04ced4
1bffc6f2
fc271f23
1428161d
1005150f
fe0204dd
04e8070b
fcfceeee
0505d1fd
0af61edd
0207f406
cc2205d8
f1f7d004
05301d09
e3d5f4ce
33ff0136
e8c032ee
074921ed
0dc7fcc3
07fcff05
03f60406
27fd061d
cfffd3e6
f8030de8
101211e5
25160a23
f6e2c421
0d042219
def25e2a
22ff0713
d6db0201
301500aa
03eb27fa
14182744
069fce0c
ee2793bb
07375836
d719e5f1
e720ee2c
ee032c5b
fbf5f151
d7f6be14
dc19ee21
de053ed0
d53ac4af
e7d1274c
da0e0af8
1702cde1
2fbec015
e23f35f6
fe2b03e7
ee07bdee
f944d01a
19f82213
ee30f302
c10dd8fb
0916b7e6
fd1cbe2a
30fd0d2a
081f3d50
1dd4e80d
e64009e9
fbf309f5
2404fcfd
bfc72d11
3043305f
09b5fbe2
17e4202d
1891ee02
0af62ff1
e92c3af9
1305d0d2
383df507
fed80d01
ccc9f7ce
edaad8e1
cfc26b18
c1d31916
181c260f
23020005
f5f1f103
b958ff05
d850201a
28112520
02240ce7
f21bdce1
e0f0d9c2
2efde80e
b8ccd50a
09e5faff
c8f0d90f
3302c421
f2f6cfd1
20120c3e
d0f3433f
3afb1906
2a1df269
e4d704bc
3eea09ed
23bb1130
36e0eb16
bfd00118
0608c3e6
dcfb22da
272b2819
ffd50efa
da1206f8
0d44fee3
2ecc41ea
0cdabcf4
ed25fb45
1cf91534
cee4090e
3908d6d5
d1d7d0aa
dc0dd3ab
cb4b0e01
0dfeda32
2edcc50c
3009e3fe
f41a0e34
2a4cc42b
15d6d8e9
c5f6f90d
2ecee723
17e0e7ae
f415f008
d9f7edd1
32bf1320
d918fc36
ffd4f20d
e30a52d0
e3000ba1
e7e5f53b
f4cd2855
1dfcdb9e
ddfd40e1
37e211f4
d94a19d4
fccbf001
04053af9
235ef5f4
acfd4b05
21134eda
d948fadd
b7963a02
120df1de
1b04e205
06d00504
d1e6135c
eb04c6f5
f900d8f3
04b90afd
f4e60cff
1ee5f103
fdda30fd
2b5214e2
311de998
e7db175c
9f0e16e0
09e7460d
3f2146d5
0aa1c005
f9f201f1
f4fef1f6
f803f00c
eb0c0f11
0ef7131b
110fe704
02e80513
0bf9e404
d546f7fa
d1eb0cf6
7ff3fc31
231e1701
1b01bd2a
d802cdd8
c217c4f4
0bc1e9f4
fc1ae599
f1da0ec5
e73ef633
0b51f6de
0df925dc
bde5eb12
b9eaf43d
e8ce0111
c4fcea11
da1ef3ef
e90aeef5
37110839
0ef2f7f3
bee202fb
ecede508
cb02e5fe
f7ccd6ef
07dde80c
27bd05f9
f4220534
60f9d9de
56090429
18a3f7f8
32bb2303
fdb5f0cf
01d01118
dcf521ed
f9f3e6cb
f70d2c0c
0dfbd913
19aae704
0ebcdc02
fde60f15
c6d12d1a
b50a13e9
bf7f1bce
f3ef4027
a9d1f8f7
d40f0118
b512dde6
0a082b06
27d92625
f9980bca
e14ee3fe
0117f44a
c9d215d7
0e311b16
dad3e3f1
03c72e26
03e61206
4e10e00d
05c43106
fc0dbfd3
e5e418d1
8153f5ce
f5cbb500
20ffceed
11f4cc06
c22cef1c
fbfdbc51
d90806bf
e3022b08
cabb1b17
2e04f015
f544233f
1cdbd104
fff9f86a
f90609c2
1202d734
133070eb
f038cdf1
d91cd905
d60d19fe
fdfa08d3
1ac3f0d3
f12405b1
3fffdfc5
34d15005
07fa18f6
4e051bed
c42e072a
ea0f4fdb
142721e4
f84d3616
530614f6
094a0af8
263234f1
18b4cefc
320ed808
1811dcce
a5d4eef3
f3adf2dd
51f4e687
1831fc04
e940e8d4
cefe1ce3
03ebded7
2a16f0fb
d7103306
1a2a3e08
07fb21f9
2f406513
fd361ef4
01f12820
fcee03db
ca209bfa
28e7f720
100f2108
f502f027
ed1ce904
2c094926
0e6d321e
22e607f3
e0a62909
08f201ea
05e4f2dd
35fdfc06
e8ef4df4
11f4d652
fffc06de
0fcb09fb
1ddad1c7
ec6c29ec
374db47f
eb0422ed
3b8ac427
16b921ee
07361ee2
0e391caa
a4ea0310
10d643df
2d19ceda
2d05e5db
ea18f218
28eae5e2
3311010e
fa3029ce
f3423800
cfecc7fb
cfc721da
ddedeccc
241aee54
c5ea4347
d328f5db
dbd6171b
7ffbf50f
1e55e4f4
f1d8fefe
0503de19
992349df
d7c53f0c
2dc91d2d
040dd4ce
2004f20e
ef16e3ee
21eaf11f
100a1110
f91b1cf6
0a03f3d8
fffcd6e3
f1e1f6ee
b9cff1b0
ff2dd323
edf012e1
ecf82701
0dba05f7
e246e0c7
3bc12be2
e04343d8
edb81dc9
10fdfc0a
fad7f109
ef05ee3d
01f8f9ea
e4ee3f1a
f61fe933
1807c5fe
e41507e4
174a05cc
070002eb
3a0be7f0
14f4ef17
ed240c2e
0508df03
7fe91d35
ebce1840
f916cf09
cae8ee0c
b002070b
f71a0ede
fae3faeb
f8010ffa
f026c4c6
f1d4c4e4
51c9e7a9
df0700f8
230b1a25
18dad013
1a15f1f6
09d53d14
01dd2edc
1411e8f2
f111cf19
0cea1c4f
06f014fc
04e0b0c1
17f600d0
da33fffb
13042f03
1aeee71a
ecebfb8d
142515fe
e7f1ed67
d0e62820
11fb1333
011ae1c2
d4b9f40e
2feae1d5
0d0a8300
17f719d7
3807ded8
a504e6ef
341efebf
fdb52c0f
4b063302
0d2a29f4
10492a13
5ff6d5f5
0100ec08
d3d1e6fe
6f371315
f0f2271f
172cf2be
f69d00fc
b914441c
d0d5e0f2
e8edf301
d7f925ce
0c45e824
430627be
fb134a1c
eae312fc
1ddbcdfa
f172b1a2
17f8ea04
f82a23b8
d33ae712
fccdbc23
1a0525c6
df053bb0
04af0bd7
0e08daf4
1c02d7d2
f5d7ea53
09132e04
39b0fb0d
021e220a
11dc15d7
0405ec27
0143150e
040e0efd
d0e4e4e5
39b6e9a4
f4dffa3f
111df8d8
06f3fd19
fddd3608
0f1617f6
ebfcd7e5
1cf625cb
f6c2e610
21e3f403
f9e70000
fb0bf916
02f4fc07
f3fcf206
e5e2fa05
15fb08f8
0ff0f3f7
eff905fa
d81d26bf
590be9e1
fd3701bc
0efed500
3206edf2
a424c5cd
23e7eb15
e81cd9ec
e3f2acea
0405ad32
e4ef0233
f3e407ff
320a100f
b4920ce8
1206ab0d
112b04e5
3be2bad9
1027f73a
c7d2b9eb
06b23b40
fcf8ec2b
e3c40508
f3f8ed34
d6c32400
40dec713
0a3b1428
ff07b22d
19fcebde
20f022eb
022a09fc
12e321ce
d5b63715
0210faf5
00f50afe
d2e3f917
fb0cfc05
107f16fe
fd05f202
0b03fce5
05feff06
0312f4e7
d0075208
f8230543
d2e51fb6
2bf5e5ff
caece2fd
f72eff1f
2a300630
ef11bace
e1040131
37e7e337
57d12cf8
04051ec2
d206f3f6
c7e20039
38b60a11
0a3239ce
e8fe0fdf
141c1213
ed0015e1
d700edf4
f10fd606
06a70a23
e0f9e901
0403079d
f6e4f702
03002104
f5e5d4bb
db0b0035
e3062ed5
f920e2fe
e7462b2f
dad4a522
eab71add
d7faf62a
10bff3ea
0904e209
2c01c712
20252f08
11b0ef11
17072bf3
db0f12e2
dd07021d
03f8170d
01fd162a
f4382df5
fc1bddf0
047f08c7
2f01d0d6
30ff3f0e
0246e96d
1f2e6bde
080f07ae
d41f1015
1e05ede4
e804ff1a
32061513
f5e8f423
f1a8d7e1
0015c11b
4aff3212
be0812e4
0c061af0
4debf7f5
e80e120b
c2378fdd
323fe1f0
ec05efe4
1f031af6
39fadead
ee0fe7f1
cafaeaee
07f023fe
f1f903f6
10fa12dd
d61513e4
09fbee03
01d728f5
f2da1ff4
00e12105
e4e3f752
190032be
d414fd03
07339b08
d1f707d0
100bfa3e
e6fc0704
fcfa321a
0d2a2df0
fdf7165e
e71b04e6
f2ab04b8
faede8e3
0d141107
0edcf60e
c60efbea
00e50ff8
f50809fb
0aecfbf3
0507f4ef
f2b60406
f6ff0402
f70004f7
030a0700
21ede7d9
1421d2bd
c4082616
19351d2b
07fd26bc
371c0307
0bd3db09
f6cb09b5
cee2dae1
212a222c
18b5f3e2
08a7f23a
fffff6d3
1b31fae6
31e4c107
de341e1d
502cffd8
07db45b3
3aeafbe9
f2eeffeb
1b121ef9
ed0ebc74
eb9ac7f2
27f71126
15d0eec8
f1ca96f9
0e3835fa
ebd61319
dde508f3
f43dfaf2
26ebe20a
26c6ff17
d9342142
f510d302
0e4b064a
f3e972fa
32f4dd3f
c096f516
c81f0bfe
522df20e
eeef15da
d5f00953
2e070984
f33414f6
e0031cc5
dbe5ef24
10a4ddb9
f305e5e3
00f1284f
0b075739
3110d515
c7ac6a47
2000dfcf
bd1ffac7
0bcf2d1f
ba751d25
16fb27f6
ce3906c6
d9c9ea34
17e9ae09
ca05e112
0d221105
1726fa22
3c31c918
00cad863
25e8e01d
13aaf036
d819b428
020fd9f2
18cbf70a
3bdcb52f
ff27ed14
d60626bf
26f3d7d9
03bbff0f
06049aff
db0afd2f
bff80812
36362d07
0005fe07
521abde0
21e23929
1ace0328
fc44dbdf
f6fb0612
35e3d000
320431fa
3a032820
083807c9
d8360bed
3a22b30e
13f2ebbb
eb040200
cfef0620
eb1c00ff
ffae1107
d426f73d
28cce59d
e927061e
3fe419cf
ce07f41d
eb4bcde2
1e2d81f3
0fd2fe06
c2e602f6
21ffff1c
f759c82d
072627d8
b3fdfa7e
ec2046f4
451adbca
e80647f0
19d6f2b5
f24117d5
f3bded1d
0eb432f3
b61513b1
43293dcc
03e0ceea
016ed5fa
08b91179
390d25c0
035cea82
13a8c906
4df60c4a
1f32e644
dce4042e
db15f51d
f0102b23
15810a16
dbbc06b8
12f2fcf2
0704ede7
56c7003b
e0f52804
c62eda60
f9fa0448
3cececf0
1fb90101
f925070e
150019c9
0c24e6f3
e9f6f8e5
2814feec
2d04f5f4
ed161521
0e5633df
1c75571a
2bfc12d0
efc4f3ba
3c2203b9
cadc1a11
c619d4e2
e6f80ecc
d8fffa07
0fe502e7
20fd16f0
d800fae9
c4b41cfb
04bd0253
dd19d8fb
5c5529f7
1b86c726
0b57c321
fff8333b
b91f1806
f14ec7ec
295144b4
d9121af0
d1ed5abd
09eb1313
deed14e7
ef00f922
3a03e8be
081e2010
291dd106
d5132826
bb24be4f
c7f9eafc
b44ae5f9
d3f6da2d
f842121d
ecefeef1
f6c4f324
def2d5ed
efffa8f5
f666e6f5
10eaf904
28001008
144be021
05dd0f23
d4291cdc
ece61ae1
14f41f1c
d1b60f0d
3de0f10c
d5121123
3be204e2
48d203e7
0819310c
de28d41a
f9242b32
ff4cd7dd
c6d5d0ee
39ff05eb
2eb5c12c
f10533d6
c225ecdd
134114f0
0bc94c13
0afd0729
ec36180c
e0ea172f
1bd1f80d
14162602
ede5fd35
e237812f
38070929
0e214f4a
402aedfb
4610e2e9
f4eeb319
e625f708
bfa8dfd4
faebee1c
32c1b64c
01d83ded
11e4fec5
16fefff2
0d2ec813
06ade63b
27ca1ed7
ecc82013
09ef463a
e203c93d
fce2e012
1b02ebd6
f6e0f1bf
20bc08ec
04ec1aad
09c9c6ce
d0d513ee
0216ac2c
fa360753
19f42bd8
1d1255eb
f72ffceb
13d30b29
16ff2813
12f7f003
e2da0b18
04ca1add
e500fef3
efccdfcb
23d11201
caae1917
2debeed3
401e1117
dffd1fcc
f0c3e03c
16f8b1e6
d816f214
bbb6bf14
00f3fa44
1e000bd8
1accf609
cc0b28d7
df0c100b
f3ecf2d0
0411c80f
f02201ff
f8f9f3eb
01f1112b
ebedba07
f994e90c
2f63f601
fcff130a
16deece7
efd0d2ba
1821eb1a
15e612f6
101d126d
1af801e4
10edf0c4
0e01bb25
fca1f2b9
0636ebd8
d63bfaf9
1514d961
0e1cdbf6
ef67d0ec
d9f108f6
ceff2f32
d5bac30a
c3b4eb18
28e6beb7
f63024fe
36e002fb
fbea0203
dfd60531
e0f9f5ec
00174015
011aef03
41368146
0ecef1f4
09f5e9fa
d52a4003
eefb2533
17f5fc61
271717f9
18f4e73d
370f3ef3
1d43efbb
03ecf02f
2822f231
e9b1f827
4f13e3d2
01724ce2
45060b04
c1add80d
fd546019
0999e101
d704120f
08d8c1d1
2efad309
d1e2f9e5
1a0de6e0
f4c5dcca
ef44dae4
040a4d03
021e08b7
49063024
11faca13
08f325ea
eb121853
f52715ff
fa24e814
f903ecf3
384be608
fb2325ec
d2f9faeb
3bc2e616
e1051f14
d79dfcb4
f4211de9
c3e0e805
c90718e9
f0fc1d61
d2fac3c3
0542fdc6
1929b617
e3d3412a
ca3ae5ff
10140613
04facdc2
f716da2b
b11212a9
eff409f5
d1f91dcc
dc181039
06ed12d5
2548c3e4
e462161b
14c51ced
d9fa18e9
e0444d2f
7312220f
4292f8ab
0bcce00a
da31b0f6
17210908
bb23e82a
fe0106ea
ebfcf74a
46020111
191fd315
dc149f31
21220308
cb0017cc
101dcc10
39f2091d
141521f7
f92ee6f8
13c5e8da
e7ceb106
c15aa79c
f4ed3bc7
c8151ff8
0c0be513
08000a03
5e19eceb
1efbe334
ee0535ea
2bf30135
e60e02f0
f6271440
53fbe42c
ece2fc0d
f1f109cf
5d2c49d7
22e928d1
05f915a3
211c1510
13d6f2e2
76d9fd00
0036bb04
c0d0160e
0ecef011
fb1811ca
0cbce363
d3081d96
f438f73b
cf060d2b
a6fbeddf
2b400739
50d303d5
fae8eec9
a63f005a
f9f418d5
4d12b928
c2f81c9f
3dd7ffff
d1cee40e
dba9164b
edde4906
e8ffb754
0613e4cf
1419e406
fd1432ec
d82ab1ff
354bdc22
354747dd
c7112837
3e4cec33
0af91d43
03dff738
07fe89f2
3d121be9
1ebb431d
1c214e19
1d290a06
f7e00401
1703fde9
1de5d421
02e4f2f7
1d24fa02
1df2fe13
e4ffe2ee
24121d67
071ce5be
23f7fd18
0cfc4b11
1cf51f04
28f1df0f
d9ebee0d
e910d215
fd070a02
f90f100a
f8fe0af5
fd1111f1
1d540406
eaef0406
25fa0cf1
04f90df6
0acc1b15
2472ab25
0901dffd
220047fd
2b1120e6
0929cedd
c049213b
3d3099fb
041eb804
b8010e68
f5fc132f
04e2eee4
c700e6fd
fa342830
9d351101
2f311817
2cf4d50a
db9e4bd0
1442eb11
019f1924
bff1fc19
cc17d8c0
41e455f9
ed1c6a37
df1cd326
1c150a0d
e397ded5
c43f35f7
f8ea34fb
2af2ef3a
fecbf049
2f50f6fb
e9ae148a
0f202c21
e1cf13c0
c7e7f5ec
e20807e1
cfd5f01d
e503daec
f7fed3ef
cde01826
0bd20822
f7203bf1
36131bf6
fcfdd300
19ee5bf4
e7c81609
0265fa27
330418cf
d9e8e0d3
260421ff
11d3f7b6
05062507
1601dfe1
06e2fff6
09f007e5
19091204
071d0108
f0f80ff2
09ccf4ef
0907dfe0
0ffa00f3
fdee1911
12eb15f4
0f550304
1c05e304
1f0c1a9b
1707fa0c
0df9ca3e
58001a14
ef460db2
1dee1807
cee516f9
0e91fbd9
d011022d
1c1e05d9
03f4ecd1
080c042c
1a0ae6c3
14fd36ff
090a090e
fa0f0b0e
0f13fafa
ffe60ef6
05ede600
ff0603f5
fa15fb12
1009040f
1fb60538
0b36ea56
ac1533f4
09f6cce9
1e00e906
ef0b2eef
e52d5117
ef05012a
fa2bdde0
f015fc30
03e87fc0
c81a122c
0ff9e3fa
0efe29ee
081b06f5
fa270c1d
ff0e3cee
ff341608
ef0319fa
131c0f55
21f5e93a
4be4ff04
e3b813db
12db1d0f
24f9e3da
d4d70717
03d3f1e9
f16ed9ee
9a0d0bf6
02f01e0e
daad0de4
2bc61c04
13f43e2f
e9fde60c
1610cae2
f13b3df7
ef05fbfc
e732070a
26e90ff7
08654e01
33e404fc
00fadb02
44e9f2fe
d6f71b54
f1fedd38
17eedce7
1d0d0022
f1dc0617
e7202304
05e4de05
eafae77f
04420359
f3fdd5c0
551c072d
1dddc622
06f2da1d
f4d3f1da
43a30911
06fc15e2
15f935f1
3d0637f7
fafa08ce
f8d34727
0823d1df
e08f1423
4aded3db
e3bda7c2
32120ac9
b7f1aa2c
36f0032c
3b2104d5
e314f401
09f24eeb
f1971cd7
efdedbf8
d3de2bfe
e3eb1513
1ff21802
02ecfa1a
e01611f2
fd0ee335
ce05b30f
1ad4dcc4
25fba6ed
d90714f0
2ef9fafb
08293d0e
e034e10c
fb0febe4
0cd9d013
04081320
07edf004
fbfa0304
f818fbec
2315de15
e907f6d3
e714021f
41fcd0bc
1c0703e7
e6eff403
e4030023
191ae137
caeed60a
81f22510
16c7b122
210825ea
0bbe0f11
ef0a0ceb
c70df7ea
d72edbf0
1ddb38f4
f4113cea
dbd4be42
251319ee
f6fe29d6
106bf1fc
c10cf2e1
edd3fefb
f323e023
0cbc2fcc
0fffc8f3
0e02fc26
0ce5011a
0b15f30c
0cf9032b
0113e90b
030fe4f3
e624fb16
072224df
e939d417
e7002cf1
edf53bf8
d4fc4c37
46b5fd13
3520cf14
1a2409bd
0d9de6de
fbcbfacf
f6070125
1ee8eb11
03062023
e340dacc
4fec03f7
17fb19fc
41df1a35
e2e6222a
d93fd41e
ff38f5d6
5cf3f0f9
31ea03a4
1945d8fa
2a1adce1
e13adf14
fd00e708
fa17eafb
15a7b2aa
080f4bff
60e9323b
29d9cc0e
2b224496
2d18d4eb
fc4413da
c936193e
e950e205
1ee83203
1012f1e1
f807e322
070a16c7
e0f0e0c3
f6dd17f5
2139e12b
e7d01e0a
e9fff31d
f8c71a1b
1a1dfa27
0a1420ec
0a37ee0c
38062fd1
1ef2e5c9
310f1dce
3806fd45
44cf331d
1c11fc10
b7fdbff0
10f2e7c6
de4ce7e9
e1070529
36d2f7e0
d700f025
e1c3ba05
1cd5ead0
e83328da
11a90035
fa4d32da
24dcc1ed
1b41f2fc
fe06f6e4
081fffcc
ceaead0a
f719d9e6
17f4d322
fafda00f
f7ea2327
f9f90ffd
030d2af1
180af2cd
b0f5f0ee
d148fe2f
0ade2ad3
c3040b03
28cde4f7
ea182e17
0c0400fc
2f410d40
5c0707d0
d0d80909
020617d9
ddfac148
e716d726
f9f02f34
0cfcc140
e00de8e0
e4e010de
d7cb04fd
f35931bb
f411d229
02de09f9
f950e10f
fbf40f13
061c0620
b3f8cbe1
ff3d2fe7
21121239
e10800e9
eca7fe1d
2fe91d11
d606be2b
e0913b54
fd05ddfe
17cc3ce7
2705104c
fd08de28
fc22ef22
f5e5ed36
def7fee6
501aeef8
e50a1933
0a15eb0b
3aeff4d5
04ec46db
13d8adba
16d13a3a
cf1629f9
0fffac05
ffe92611
c807f713
20f33145
ec39cc13
07fc0501
3aacf061
e3f7cd4c
07e902f9
f6e60df5
b72ff6b0
f833ddf4
0b17e0fc
0a01f132
e1d2be09
f1f208ef
e5e10ce2
f4f1f613
2618e3fe
25e018ee
30286bd9
270affbe
02da3e08
12fe10d6
5a23fe0c
faef3e08
1c550d15
eb02ede6
e4551af3
fd38d602
1cde5ff0
fafd1413
dd20e501
0fdef5f8
0913e823
1fff1501
12f41df3
005504ee
ebd3e4d0
c20f2601
f415ff2c
be39061d
e3eb0816
2f0044f2
d41e2915
090fd01b
23161238
f7fffc36
e7f9f5de
f51eff49
111702d1
2cfde0d1
f9ebd9da
303ccacb
24defccd
fb0d23c4
f6be2bed
10f1f4d7
d4ce0017
121da538
e8147fd8
09cf1d5a
fccd0301
8d0104ee
97db1610
1ad309f6
3806f2dc
f12806e5
e2180810
fff31810
f2161ef7
f6211809
0530fd0d
b9df0df4
e52126f4
d3ec1fe5
1df1da1e
f03ed3e3
dde62213
0f0208f7
5f0ee006
1c1ee6e5
29ff0b0b
ead6f7cb
17ddfdd8
f9e2f615
d04c11e2
d206d665
fafbfa16
d2350c0c
fee71d4e
ef0308cb
f0eeea09
2704e92e
f0ace6fa
0d06e31a
20061bf2
f41ce7f1
08f207e5
c0ffd569
c30ee906
d614d9e7
031210de
edfe4529
e22f2bee
4e1304e6
16e70d27
3b0aba20
e40c1e0a
0e28dfb1
0a10da28
15fdcac8
ffdbb701
38ffd846
47dc151d
c508e0a0
27cdfbf7
f822eabd
e75d0009
1bfc0c25
e1e25029
1a100cd1
ee45e60c
14121749
dedffc1d
dfa23055
324a0209
12fdfb17
1bd0fc14
2832d522
120d00ef
00fb4abc
edd347b8
14411228
cdf4e60b
0a081dc4
fadbedf7
b3f00e0f
dfa3d0de
e606bf1d
3be02a00
d908cf0b
f9dff2d5
cffc070d
12fb1ced
d9f7131b
2311e4fa
fb3e37e9
dcfd1e19
23e4dffe
14e34504
16f7ebe8
10edd301
da0708f4
3633e6d2
0c21e77f
141deba2
f5eefa00
27ee1cc7
1202f420
3c1efed6
fe00ef12
d906ecba
fb23dbfc
be31e8dc
1efedaf7
fb32bc23
20f6e4af
06dae7fa
19b417c1
b21f4009
0b873cea
1ab6dd14
2cc9f522
0ae3210b
230e324a
dfd5e314
c3213214
b2e1d8e5
0802fc27
31fd0b17
dce81903
0d10d5eb
39fcebf4
05fc0308
15adf0f7
13f1ffe5
e3e22c0e
1bcbddd1
1d7fd8e7
1fe1f01d
fe1b1c42
db1008dc
e5e92ff2
e3643915
e4f12542
fc3df0fa
44bef953
fe23fb8b
e6fa15c1
05e3dcba
34e7f91f
04242603
0ad1bf13
074013d8
0e223fff
cff6edf9
fa02e1f8
032086f2
cce7f0ef
1a2539be
f41de104
130a16f4
dd4d40e9
21c1fbbb
1ef50934
09b81fc8
cacbf009
ff0bea04
f422fad8
08d81520
1ac011f0
29da2c1b
e9f2ba0d
c9004a19
b0ebe3e5
1df3f702
0ff2e915
bc0a4103
ec34f5da
114ad6d5
d805b146
fb73d4fa
17b24c14
f239accd
f913e9e8
03fcc806
f322f1e7
00f7e11b
03071528
c7e214e3
f92bf2e9
d6f82f03
19fa23f9
10e5d8de
280a24c5
ffad171e
00f5f8fd
0f1a1a10
e7f016ff
f111c026
ceec1d13
1725e8df
180409cb
def7b7e7
c40c0112
e9e102d1
0740f404
b1c9f90d
d5f22baa
cf343415
ef0ee829
0dc8c519
0003f04f
1166f6f3
f5121bf8
d9f8f021
f1e2222e
f7c6edd4
f6f5e0ce
1bfbe72b
ecf11730
10d706c9
e2dafdd0
110b0e0f
0831de57
fba8bfe0
1a07ce17
11451833
b30922cf
b804cddc
b406173d
136f23d4
edcddb44
e51004ba
ede2ffcf
f4d5dbd2
a506ffcc
fe172f13
0c2bf80b
d6f2fdca
e6d11508
53f9e2da
f5e73c37
dc040405
d5f920ed
0896eded
2700191d
f5dacb10
53edd3f6
1cdb3a67
e14d0829
f22501ec
35012831
05f7f324
2f422c21
e0021bee
f32ce032
1adae740
262a24d6
0512ec35
c910b1ef
043c1815
0931f02a
e4a7150a
c92d230e
1109ef2d
e43d3048
3201efc2
bcea3e3c
02d7bcd6
18f9ee03
fba21b2b
1b01bf35
15ecd7eb
d2201809
04e9e512
37072cd0
d6ef27e8
e1b70f06
2803af0b
01f427c6
0c3cd329
203901e8
d9f6f720
29f11513
f4284881
e635f72b
fa01f2c2
0cc9fd07
f60d0ddb
cbfa0a16
f1fff11e
effae4d5
dc1fe507
e80e08e5
edc118fb
40d8530c
4d0b0bed
1a58ea3f
d70ba3f6
f0fd06f0
472b1c10
e3f41416
22d6eaf7
e92b0826
0922d029
e0f20925
134d076c
d7f9fc81
fbacf34b
127f0e28
fddfbbef
e124f1d7
fa00cb36
ff32f95e
320f02e7
10d0fd08
d8f806f0
ebd821ea
040006f0
00df42e3
4edee3db
3e263854
cee9ed18
0e09c5d0
0a1c0d30
b5bfcb02
dbf6f2ef
1300dbfb
132191c8
fa4106b4
09f714ee
0df7fbe7
81cf27f8
e92af1ed
40c50475
0bf5fbf4
1af6bdef
15fbfcf8
ecf6faef
01e611fe
0bf20206
11e31ef7
f2f80929
d1f7ee3a
152007fe
0e5e2e17
5ec8061e
d0f5df38
13f6e8f7
c0fbff0a
4ae95be6
f81639d1
ec1f150e
daace1e4
d6e8e1f9
16ec23d6
ba9bf1de
21c44711
6231ac22
03e5dc11
12f82214
f0abd88a
d7d42b18
e809501b
fe3dbde9
a928eece
5eabdae7
25383db8
f7f924d3
010b3111
f4d8f301
3205be09
f42716f4
0809ff1a
02ef4fe0
5205dd4c
ee2a390b
cc3320bd
f1d6ed32
d2fc331c
471039e3
a0ec1ce5
18a9e408
eb1411fe
0ec83737
d0e0ff20
e2ecb417
67f31b39
2efdde29
f51cc128
28b80618
0a1c00e0
3229f8f4
0435f6ed
00de3616
11f80869
e6032329
c8321f02
e2120e44
d128c7e9
3c2db6d0
262a09d5
1042ecd3
a1122d24
1d3ccb0c
2a0d1dfc
f910f532
08cfe152
e110dbfa
04090f09
eeac14b6
a40ef4ef
1b070500
0309fe19
05eeeb09
2ae1e4ff
e2d1f7f8
03ecf822
da19f8fa
1009e733
f10507ff
171deeff
160cfc1e
e01be312
e2bd1df8
fe19b4f3
e804bcf8
eaf8f1d9
9721bfd9
050bf31b
fff80be9
f50003ce
d3d2b5f4
ebfd270f
0b0bd934
12f41819
15b8fdda
23e2f7f2
e416f313
cb262023
13db043d
fd240b15
e60c1510
13fddd0a
dffc3434
fc1704ec
02422e40
da1d063b
d7e7ebf4
e8fd0de6
160e2662
5ef9e325
cc260dca
061ef2d3
080eede9
e01fea00
e50af020
06e6e1b9
e5f10cdc
30fc2bf8
141c03f0
5805250a
afce0fc9
f9c60d02
34cf0cf2
2829eee5
cfcac342
0ff9e5ee
2af8e80e
1cf003fd
e4d8c506
fa11001a
231802c0
efcaef06
3c02e9ed
ebf9f8ed
17060bdb
00240811
3838d533
3fdb2622
2004f726
f4b9f5bd
6e0602fb
cd04fc0a
d9233329
065ba1c8
730525f9
d703d1fc
c4de20d5
e539da34
0dec1025
e20400e8
06171a28
3f082227
ed23dd14
f50b07d3
0c22f2e8
f4c9e11d
0606f70b
13fc1ddb
0ac7dc04
ebe02de0
370df30c
04f2c1ce
fa3505fb
e924e70b
2561c9c5
f3f0e8d7
ec090e12
16ee250b
11e71737
ec181d2d
134b19da
29f8ecc1
fdd63406
0815e82c
e1cbfb12
e509d1e7
18ede60e
23e125eb
e3f2c5ae
d4e51fec
f9e719db
f8083201
c80ae14e
10ede01c
ebf42611
17ff27b7
1be7f418
010b1bf4
04d13d3f
29ff2246
51edae21
21e4d911
f80a141c
051b00ea
2abf59d9
d9df1a0b
b46e0adc
affc03fb
33347f16
3a05ec43
edc4f4f9
89fb1ba5
d80d5bfb
39150c17
02c4e234
20120d26
23143517
f4f70624
6224bbe8
ed190df9
f20c4730
3f2f2016
045e28be
22020fe9
05e3f30f
e7e8f9f9
01320d3a
06bdc0b4
452ae0e3
321b002b
e247cc1a
fd14fff0
171628d4
2d1df608
f71f15e7
0de326b3
a314b14f
0ebafe1c
0219ffdd
c40145c6
5f090dcc
a6f428f1
c4a013c9
fa1af8d7
140af8d0
e5d6e504
26d6daec
f2110101
16d606fd
ebf10cdb
12112ecf
0fc0de37
11c232f2
de13fb0d
ec330b0a
1ef629fb
e536ec01
1858e1ea
6f47e90d
0fc9f12f
f62fcb6c
12e5f111
15093325
41020fcf
cb202a13
f6e3fa1c
ffcfe7ef
4b26f8cb
45dbebef
25a75705
0b3a0619
c5030de2
1edc40ad
ee43dce8
b72ec800
f72f40b6
4206e3cf
09d3d3f1
390f18df
5bfd2b0a
0a1efded
f5b90915
42c1033a
c9ea30e6
2bccf73a
1ae72109
310ffd02
f10513ad
9c23da0d
f7ff01f0
cc3b12c9
f51322ed
d5d0afd4
d2e7c60d
05e7f6e9
21feff3b
1113e3ce
1bd408f4
984bfdfc
f32afedf
def10efb
fe013529
ee0efde4
fcf803df
edf5cdf9
e11b0819
ff19def4
0fce5b49
0bd30a2d
07ed0800
db0ae4e4
81fa1708
02f2fe32
e92cf432
0df9e722
e9fac62a
0903bdd5
17a7152d
e128e12e
ed00e226
ca3df05b
f1f0260d
0e5aaec4
fe26f832
04e3bde5
1bfee7cf
ebd5e903
34f20803
181902e4
260b1406
bcd6100e
17d927fa
140c0fc0
61211a05
160640ef
01fef11c
fb041b38
1742f00e
170d15f8
ee22a732
eb27ba1b
15e6fce0
09fde003
effd071b
dee8201b
07e3c309
de63fbe7
1329c25b
07d1c8c5
f03224cc
191124e3
2bfcf30c
01d52619
2fede72a
c102c62f
24830320
ccc0ecb3
4eb6252a
e086fe65
08041705
3e22e50e
7e32fbf8
a444f90e
060efae4
e80d23f7
f9f8f71d
11f117d7
fef917f1
e6ebcc09
0d0df7e4
11fb050b
fc3e46d6
ed1948ee
22edff34
db49dfcb
c70604fd
e8f1c837
38d6181d
09224707
32f812f9
f2210e01
083f2127
f7f925bd
160437b0
f2f2f1f6
4d1168e9
f44b2322
141b1714
30454a49
3db71808
17eadde1
220cfbf2
fefbe036
3d1a2ecc
ecc830e1
ece713dd
f2ea520d
1af2ffd8
04edd9ca
23f6e6da
c3c5cd3d
45a314e4
c9f4fde3
4df4b80c
f4da0408
e6329e29
23ec14f4
a1ec3d0a
20ba05e0
e3f6fdfe
5b790765
b2f1d12b
22e957d2
f5a98bcd
c8194d00
1cedf6d9
12d118bd
2207f923
c4de0901
0ae517ea
eec01413
4e2cf218
34681b34
1403d2f3
2110e036
604013f8
fc252cfd
ebbd3842
0ce0eb4f
f556dff1
2cef26bf
cafaef2d
01290e01
e11233d8
30a51040
27cef1ef
25f55dd7
f602fed5
ec291107
d60a2cf8
d920e7e3
dae7f211
fa09e0f6
f817e921
f50dcbcc
0a28f2e4
2414e71d
27f8ebc8
4aef42f6
b0fff6f2
03bb0ef1
bad707f9
14b217da
db3c19f9
ee0c1fea
1ce9ff45
0e33ebdd
0cff1e0c
03f5cbe2
dbe7d9d3
1ec7f401
c0f4db45
33faf7ec
12ea0ff5
e0f12cf8
d424d2d1
a03b092c
040db40b
0efd1712
32e31ef5
4e42222e
14120457
2e29d5ee
0dfbd6d8
06f3d2ce
de0790d5
11dbdce8
c9182fc3
d0f75ad1
d4f9c5d8
3345ed11
ba283ff6
192e37e8
f9e2d9c5
fb13f3e2
f31ee024
0ced2bd4
a4084302
45b234df
6108ffe2
283f3b2a
d5e6ed01
0137c02f
0036fc25
fef8021b
2bff1511
2381d3ee
0449f5df
ea17fcdc
1210d6f8
bfd2c347
c0cf4103
e94ff4e7
160712f6
0233240b
e71e1ecd
23e6f2d3
f45018f1
352309d1
e5ef103f
17d8e619
d4f90ef1
d9f01909
f10415cf
fedd092b
e1e8014a
f815b702
2fd6e709
1119bde8
f31afbf9
f9f024f7
1802123b
16ce282f
e7f90008
ccd5e32c
e2c8e4e8
27ae500e
b600f6e7
039db519
01c4c828
0cd9cb12
172ef177
1e1236ca
2bfb0ed2
0efa0ee7
fa07fbe0
04d81f0b
cdd8dbd9
303aa0bc
170fce05
042a17e5
ee07fef9
033febf0
0cf8f71e
fc1828cd
b8eac51a
37f83ef7
f6ed2ced
351ad400
e9f725ee
0a54dad7
eef51726
0e03edf8
05f4f5ff
33592746
07d707e6
a9e65322
f700f6fb
ec1c27e7
47fb2130
d2b5ad21
e30b237f
0b9bd616
f5361fe8
cb98e624
19bfe603
0d9916de
0a0528d8
c21e2bcc
cf5bfc19
214e1cc4
15f833ed
331df308
f4388d28
1427e8e4
29f853f1
70dffa27
0529e922
333a12d1
e3ecf9c0
f234e407
bf03ef04
1413101a
f5fbedea
dc2e0b35
03f40322
b91b1edb
201c06d1
1204fcd1
ff0e0c9d
d0012e0b
dd09de0b
0215fd0e
2e21c2bb
4ef4e1c7
2012ece0
0105ce1e
35eb2343
47f8e663
58fbf035
fdfd2bff
eaccff10
251c151f
f41de456
eef3171d
fa01adf0
06c113f1
e208fdde
ed0517ca
32370cc9
d69e1d28
d7f692ab
b02bc90f
f951f7f7
f1e7d5e3
fdfbdc02
39bbce4e
cdf506ba
d5f8f719
d4260739
f8150b0e
e1ded8df
f7e6e2e3
13f80401
e0cb06df
0ff31726
031bf6d4
1e21fb17
e0ea24ef
d16014c1
e910fcef
dcf31f47
10e21de0
f5e638d3
1ad8f2e7
d2eb0943
eebdfeee
d3f91220
f4d1cddd
eef4faad
daf41003
02f6d5ff
ffc214e3
00962139
fa08f406
e9c9e529
18d4fe03
0c1543fe
014929f1
fee90100
ef4925dc
f4cb0ef8
0f12d7ee
18eb13de
f3e610d1
f70d020b
ece818ec
1bfeedee
1302210c
b0f801dd
22cd18f4
0bdad926
102e1311
25141d0f
2eefcce2
de2a4bbb
ddf1f21f
c9e6ee50
c1c4dd09
2d0f030a
0820242e
f7081de6
0d2347eb
ffe50c27
f1e00121
f3e6f81a
f5c1c1ed
083b143d
0b600b17
1d0d32e5
d1f2e01e
bf27031b
f2d827ea
3df049fa
06271b00
fc162d37
d63b1ff6
0ffbe123
ea6a2513
0d0c2113
d7a62304
fb19fe63
e1d8c616
22d5e600
c5b1ee03
d309fd2e
0017cffe
dfeef804
052bfc13
10cee1f4
b21348cd
d44beed9
d729c0dc
5ef688a0
d1f20fef
010ecaf7
ee56c820
dbe0430b
dd392c09
b7c4f52f
f6f6fd2c
1dece500
712d471d
df071cf5
0cd601d6
f8152954
2c35f223
dad2fe07
7f252301
69043504
02e8b5ea
d4fa2adf
2f2714f0
39adef31
e91619b9
232a23f5
163ef7f2
1e0d09fa
dcef542c
b33e040c
34240837
fd0c25c3
184a63c8
d622de2b
f73ff3f8
e317f0da
eef5e7fd
aee42007
05e51904
3706f6ac
facce283
f8dfd02a
e3f9e0e9
2d001d56
f2f1f1fc
0efe35e0
1a08121f
24f3e305
d910f95a
f525ddfe
c7d7fcec
1c0744e1
ec2104eb
07230646
ea39edfc
cfe8cb30
ebdefce2
df21e9d9
0dd3ce07
11091cd7
162c0739
f8b0fc22
edfdf904
3d9906f2
e15807a9
ca062bfa
05a847ed
28f205f6
0b37fae0
e3b2c4c9
3a32dc00
12111829
14380507
fef002cf
082c18d6
410df113
facbb716
1ef1f425
00fcd12c
020c31fd
f2ceccb0
0b40e806
f0e2e206
cd06f918
0fde040d
3c28f0ef
18f7fdf5
29dbf90b
e7380dc5
ff84d7eb
f3f202dc
3cfecf13
3ad110eb
e906dd0b
c1f81eef
26f93f4b
f1ed005a
c8392714
06ea2fd0
07fbd200
15ce2a66
30ec08c4
cb14c100
2a16fafc
de220b14
f1bb15ce
02df4ef2
0ffc0cf3
3ce9f22a
0d54e115
283cdb2d
ea2f2ed8
c5272b09
0b01cb01
f210fd25
ec07092b
0ae5db1a
0f47ebe1
0747d507
e1ffdc17
f00214c1
f205132d
000b17d4
edfc0813
20120f20
04dff635
a1e9e5e2
e8fa2fcc
d00003c8
f4f9dcc4
1a1a0b08
c4eed4b6
f0ee0efc
09d0d61e
e9c0ef81
ecf71fd0
c80318e3
def02b1a
27e4ebf5
220520fe
2b0e0170
2c0e200c
fa0de82b
6118dac7
e23a068f
0efef9fe
07f2cc1c
d6f7f119
d99b1b17
11d342d7
edc70608
f1fbf9f3
3aeaece5
c9e706f4
03e90f05
0af223fc
04261c11
47e6df27
dcfbb409
042f3201
0c1604d1
35e10ee9
dcf715fe
2902cfe4
1adf1bf7
26f2341a
ff0fe0d4
0fd00f0c
0a0cf401
11fd2224
1808c308
2c1524f2
0dff2afb
0f1ae7f3
f709fb17
292313e2
f3db36f7
1688f407
edebe5da
f90bfcc6
00451cb9
0c2e5bdc
d913d615
f803f6be
0ad1cc54
edc245dd
581841bf
c3f74bfa
0b29e2eb
4fd5de10
ce162955
1c0419e1
ee180bb3
c9ccefd2
1a69f53c
4ffb0236
ba43f709
f6100400
e8bc35fb
c5090151
fc1df515
ef4f19dd
27150af1
2400efd3
e862cbf6
fefd18b3
0b21d7c0
3c3508fd
3cfde22f
0ee5d9b8
1b00d1d6
ee1202e5
38f80648
11dbcdf4
fc4c1333
16fd1e0b
0efbcb01
0ceb28d7
f41acdf9
0a0005ea
def6f501
19380f2e
dee10d0e
f3bd08d9
1010235d
f32b26f9
b5acd2e2
b70a09e1
b9deb7e7
e1ebd1d0
012cd41c
eef7d0f6
2fe7f9fd
37d8ee1f
e7f62a18
f904c26e
daedd00e
02d511cb
5a9ade0b
07e1f502
f5e9f9fb
0a25190c
f7240e1d
eefad601
1e19e7fe
d6effe0b
1bf510fa
0f510640
25432614
441dccb9
19fdfdf0
fafce40b
e13ce0e4
00b9a131
e4cc4305
5619c1e4
f34eb60b
60280c28
fc1516ec
190106ea
bbfa490b
19e71cf0
0c121033
f752fcf6
fc652ad4
ee07fa19
08cb2fc8
ea08474d
2e04eefc
0988e3ea
170de700
ea2c521b
245fced9
fd132a14
27d9e708
d1f2d4e7
fb0230f8
e627edf9
ec07d1ff
3529df0d
00ae072e
1e1ee3f0
f5d681f1
3223dc11
fe14dc21
f2082afd
fcf00ac6
29e50aff
1ef50715
c4e2112c
01f5fb2d
0af8fa20
3a2b3b0e
21061801
f712d819
07061c11
061309d4
f405376e
24ccf1b0
40ef011d
17cc00bc
e5d3f513
f20fd7c2
02ec21f7
fff72cff
fe12f0f2
fd171707
de1bf225
e313f705
ff2fef01
01fa26fa
e7ddede7
17d2f826
e50846a9
08ff0413
ddf20cf1
23f92b3e
2a3afbf3
39e9f3fd
f900dc21
16323f36
58cc081b
191cf1f4
16a00f01
c52ce62e
0b28fddc
e2eff8d1
ff10add3
0feaf011
0b320c1a
0d06030b
07e215fa
06e61706
ea0bf1dc
0b1dd1fc
e416d218
d2f72f0a
03f52326
d335390c
0126104a
f1f92838
040c2201
2dede801
15edf6f3
fee91bdd
0efa0efe
e20ff714
0efe030c
d506e108
ed141ccf
f017f9f8
17fd3109
25d4f70e
3af02618
23c04202
01ddd9fd
14de1d06
fc171518
f6fcdb08
fef12116
f023df30
0633c606
12172014
110360d6
feed0ece
12ed1bfd
01d203f8
fdfe0809
0c0ae014
15f7e91d
0e1eecfb
fe032632
ea0af111
f9f20bf8
0f191312
d1f4dffe
dadfa810
003515f7
cd114260
152a4e12
e9eb00f3
e5010b04
1d4a110a
1c4124d1
36f7cde1
4d162c07
eef0d629
e5e01e47
2319e100
10a41303
dcfb47f3
07ebf9de
1a0a620c
e50b59b7
cdc5214b
f01c12d2
eef949fc
e7c6d90b
da064e2f
11e212d8
0a2cf30d
e6dde7f4
0ed7daef
ea19e9ba
e62edb34
14b3fc0b
fe0b3bfa
d9f20612
e412e917
91190de2
f7c001f9
3b15c9d8
0601e911
3f0d0203
000f5016
2a2fe143
1cdfd8cf
25e1f3c0
eb603bb1
eabedefc
b8b65be3
8197b5ce
1e7fe981
efe52bd0
ce2b13fc
1500fbe9
ebb72e06
14161325
0b16cf19
05efe7e4
d60bc8e3
21eed5ee
1cef3ffc
dee21ac0
2201bb22
f9d2d2b3
08060de0
0cfae542
13d22e23
e14a113d
d3dbbeca
2307db1a
0500d505
f207fef2
da08f122
2b42231a
fa150c22
3111d7ae
f7f5ee15
49d8e50c
09e7bd4c
150653e9
f50bf3ff
ea4ad8f5
c6d9d71d
05d9dfef
1a090afc
eb01f41d
1ee726c2
1006e213
e4fef4e1
201ab50f
1f10f1ee
bee5e2e1
25242a1e
0fffdaca
f9fbeb0b
57240a22
1c2516ae
ec022d0f
ed0b1720
05faf638
f6ff3ab3
b7196404
22db030d
40dc300d
f6b2c82a
17c70d35
d5e3d807
090f03f7
fd0406f5
0aed140d
de06fefb
f1091602
00f4f9ee
11f7f80c
0a081101
21b8ee21
e0080333
10130ce1
db00dbce
1ff01e0e
f9072324
00cb0ae8
f51fdd4e
8fff1eda
dd1923a9
2d03d6dd
01ef0ee1
e7357f34
18dc5636
04c4d90d
e7cc010c
030fe501
fd030bf3
0df2de1a
ebcd0813
f8f1e025
030afcda
19e5ff1b
d7ef200f
16da0d3f
bf0d03e4
17d8f4fd
f93a0721
03040811
1808df0c
dcdf1bdb
003cb525
235b2431
f80620e5
ff05df32
52ec2813
c9e325f1
275dfbfd
0bcf2928
00e739d8
3ad9f8fb
2511fb3b
fe171e16
fed21cfd
1b0e04c8
0ccbf7f7
f0df05f5
fecad73c
f6300906
253123d7
f123ff02
f711e316
2301341e
d82af82a
dfb2fa27
eeefe330
c5ee00fc
420d0ed8
061cfd32
09602318
020be0f0
08590701
06f7d515
1819defe
feccf7cd
f60b2de8
050f1ac8
eaeb0405
aedbd426
e9c99719
1a17e4e2
d8e0f412
0dac0731
d5ccf8f0
051b3206
44f00811
05c6b7f4
2f03eae4
e7fdf1f3
df080707
d1f546fa
03d8087f
0016daf6
1117e136
f10cb806
146906fd
ed34f6db
1902c600
e2e1dcf7
1cf51542
1c2109fa
0f132b07
ecfee501
e22fd804
0b14fcfd
f9fe5df8
1c081e04
15f5fef4
ce0ef611
f4fffa32
18293542
faf3f4f2
07e2e413
f2f71821
ebfcb8ed
c7e82a21
b10801eb
c5e1dcff
d1f7ead8
29c9d6f2
fa140901
0f0af806
0b220113
fe15b3ef
f30be308
08e6fe0c
07e71edc
ff0bf504
eaf3f6f5
edff0607
ef021d30
c2230bdd
37f8fd10
ccfa1b0e
1fc2e20d
ccfbff14
b8c815ed
f017ea0f
14291410
15f11ed4
bc19d4d5
f52ce3bc
26fa09ef
191e0f1d
08001105
e40afed6
0708dec9
e9ecc11d
681304ec
b91ffe26
cdc00901
ff2f3fd1
2a3b1808
f50dee45
04e41ed4
212cf610
f4fc2645
01e5e100
d416c4f2
e7c529ec
18f802ff
f2fac6fe
2bce0c18
e72dece1
f6181dde
200fe325
4727e7fe
1e114a1c
212cea17
bc12ebf0
e52ce7f2
af16de1d
be12da01
23feec26
1ac8e5d9
08f00cfe
17e21519
2a0fe804
eef3c2d8
0520fafd
3500f9fa
0cf0de46
dddaffd3
ebfb231e
e5412303
1502f2c3
bfe6cff7
e8e4e6ca
0fdbf009
11cc1b43
0b111704
29f5d002
24f7e60a
1cf6cc0d
d5070fd1
efd88116
22011eff
1e49f0d5
19f61412
ced938f2
4df31e06
17ef1dd6
233ccef4
ecec2520
bf1cf8fe
6ed2ce0f
f1e8e4ec
24370acf
dd0acb04
e2092348
f141f601
241c04af
2bf413f1
0bebf50d
03e3490d
12f203f2
13103fd3
d11a6c40
f811e4fa
41dfec03
03050230
ddb5fed1
14e4e512
08042223
2702c9ef
36211261
f4e8f00b
18cf34fc
42052ece
25050df0
1a29d4fc
fdcae3fc
1a110c10
2fdd0a06
523e1df0
4bdd011a
1affebfa
42d824c4
1238daeb
03ed0e1b
f8dbfe22
000f93e5
cd0204eb
07d9e4f9
db0ed325
ecf810e8
fe14dbeb
21f4e708
c71831f1
de001eeb
00e407de
1024d9e0
22ecd1f9
ea100006
fcf48836
19f603f0
28ec230c
02f51800
a4db7ff7
c6894132
b57fbef4
0bc1fa1c
2f1deebd
2054de49
43d95325
cdd80701
17020510
02f609ea
e4e7f3f8
f8eb0de3
f11b0df4
240018fb
0f06200c
1d010ef0
03110aef
3af4400e
cd10db0d
1aeffd23
c3185430
ea324e0c
f8fe0940
e7d5f4f3
eff71efb
20d7eaf1
360830db
e919f9e5
062704e8
03e569f5
f92bc725
1fd90ce5
f401eecb
13f9cd12
b4c907f7
03dda103
0e1ac9f7
0be5e51d
0cc017f0
e7e713c9
ce401319
0cf9ea1f
dfe72b1b
ebc91d24
fc2aa9a8
4c0603f2
ebd3c10e
f2f3b9f1
601821fb
05ee02cb
ae16cb14
13012ad9
edf50022
16de15fd
271a00eb
04d2d903
d9cfea14
2f061036
09e4c902
c0c9efcd
f2ff3301
0ebcd9f7
db49d7df
02d5332d
9233ff00
c813ac0a
f2eae6fb
d52d40e2
cacbbdb8
1024e4ef
f5161304
e4fde651
3bfe19f3
0809edf8
edf21fca
17062332
170e035a
f1eb2610
fdabf5c1
e409201f
c4e012e1
0007d645
d1e4dd02
01c62d22
2ae72908
f20dd1ed
522eebc6
1337f7d6
fa11f725
dff8f14f
ecf30e18
1c0ddd57
fe321e17
d8f919e8
20c6ef10
12ffcb0b
fd1e0b1f
0af1031b
d30bf507
fb30f62f
13b18e33
16fb1700
250720f2
f31ed6d1
f5cfe8fb
07f2d706
1cf1ffe2
c6ccd5ae
e8f5fdbf
18310ff1
2df80c3e
da12b9cb
d4001706
ec02f414
cff4f4e9
08b61400
0dfaf8f0
eef2f7f1
f5130906
180d0eee
29f414ed
1a398701
2ae77f37
06e7c1f9
f9df15f2
330eec11
ff59d8bc
2fc0fe10
33e4e321
d1eb140c
5418db23
1145ecfd
ed25c5e5
0313db09
06f5e723
d741fc19
12f424fa
19052f50
d713f33d
2cc8dd00
dd213f01
d7ede715
080bf109
2b0d29e3
03e2ff15
17f0ccbb
e505e2ce
0f35fa00
0afe23f9
f5230cea
01c3f515
0eff35f7
db0105ff
d6dafde1
d8e505d1
25df265a
eb0d07fc
f7d5100f
d8e6a214
edd3d41c
d5ffe1eb
441b2024
09fb050c
e0164635
00e8dc39
f1faf4f4
bed90413
25e61a0b
ec35b710
f80f1e07
0612eee9
3614e21f
d83bdd12
2f1aeff2
12f80d1e
1f16111d
eedef638
01fd0b13
c8f70eef
030b01f7
0e0907d0
d3f1f61a
ebdde912
1012370c
f2ead011
14f2ff18
e8fbdd24
f4cee1be
ffe828bd
cd13a811
1ffaed16
f817db03
befffbf8
25f718f7
16ecefe4
f42befc4
fdceb747
ee06df13
fe02bf0c
d1341521
0aecbdf3
44e509fe
f1efab14
01e90b2b
12672839
08fefa2c
f6faf2fa
e8f8ed1d
010f212c
dc21d6c3
f30222ea
1f14c3d0
c6151eff
17c04217
fff4141d
33f44118
f5cbecea
0916f5fe
e30514f2
21ce32f0
e541e212
dcd91222
fcd1e7ec
ebeafb16
bfc616cc
64f5e202
f6e92ebc
1ef70df5
ecd9e6f7
270506da
15fbe3fc
f7de15e2
09f01bfb
2415fbf0
02050de5
0b1b0aed
adeefdf1
45ebdfe8
ed0317f4
1408bed2
16ecde2b
fd11b4fb
04ddc5c8
02d63fe2
ddf52714
df4fdf0d
c5ed3d34
0c34f0fc
c402dddc
03f43022
f7c0151e
5af9e3c3
19ecf0f2
0613eade
13d7f621
fcfc0410
f812fd47
e309d0dd
fdcb21e6
e5ccee26
15fe8f20
b629d409
f5edd6f1
d4ef0a0f
e9e4f8ff
cff3f725
11e708f3
841b0610
dd1b330f
02190d21
c40714e4
bff50ad4
34d10c43
0ef5e9b6
f0fbcef9
f539448a
ea277a23
e032c8e8
1041e130
04e4f6e3
fbdedbfc
f5f3b9cf
d4e8eef1
1c05a9bc
040cc3e8
1e31f324
ffd0e5cf
1503d6b0
e20df8df
f4ff0b1d
ccdcfafb
362f1d14
09ef34ff
22f5e22d
3120fbf7
ed0e2af6
01130309
edfdf7fe
0df3ec0f
f2040ffd
f30918e8
fbf214f8
03e4f4fc
0e050afa
ec020629
ef0ee905
130ef23f
17fa28e1
c2f6e31e
0ed906f8
eae61af2
f3ff19fa
efcff9e7
43fefbbb
b511f041
f7d4f500
0efe0b0e
0cfa3525
ccbc5aee
ff0f3625
0cf4edda
ded0ee09
f9f1e5f5
0bd5120c
c9affaf5
fc0e040d
e30b0add
d7feece6
fcea0f1e
faf4f327
1a48150d
e4ea3529
0e12b940
25c2a7f0
ece205df
15351c05
f6f6e803
f60019fb
fdf8fd27
040efef3
f6180dea
1be9f40b
17180314
060b0be3
ebd615f0
2ef310f6
2705db41
f1f4ff1e
f923f4f4
0a16e715
0733f7c4
e40d1ae7
efe3eb0a
aa18ad07
ee1411fa
44120adb
14038f35
ffed26ee
eeec03eb
d3e34606
b85ce8ee
140e111a
8ddf15ee
042dff05
02dec0de
25f22419
d50fe3f2
08d24a3b
ecd92414
1519daf3
03132325
bf16dc2e
f4d02706
13f6591c
025daff2
e8000a00
e20f0f15
12fe1802
f5f7e11c
151c0431
fb082bea
e5fe1bf9
dc221fec
dde437fb
26f20a05
02ee03f6
20061eed
190cfef4
1c09f3e7
3707dbf3
e00f2701
00f534c7
0ef5080b
78fa0b17
c932d1f3
b9102820
d3e52e16
18183109
08b4f7f4
01d38d28
14bf0d56
be16491f
2edddbe7
d5ede8c8
0e0a1c87
e57f462d
59f5d5b6
4cebf825
e4051f1d
04e8bed9
f211ef2b
0b18d108
0ee5ed9e
3bbc36f8
cac504fe
280ab434
d8fcf9d1
e9cfd80b
f4e20ff1
22f037e3
e6231f24
1a1afdff
10ecdd0d
fc04f9f8
29c5bbda
2c083be8
3110efd7
37d5e9ec
4be73521
16072ffc
d02a01f9
fb09efec
10dd1ac0
17d2eaf6
212108e3
c4f1e212
1b12d10e
f8f5d1f6
f4eddcd5
f2e15fef
0404f4f0
f5060ffb
fbfdf711
f0200f05
02010cf4
01010007
0d0afa03
01020cf0
4e1debd1
0ced4aee
cc11feb4
ec163b25
f209f5d6
e623e2f8
08010df4
e2281613
3722fad3
3ad7e70a
12fee5f8
3119fa15
43f7c8e4
0ae22cec
1fd2ea28
e6b04008
05f31a34
cc1ef8af
f713def1
0a29f125
1800f020
141901df
f6e7ff01
f809e528
cfecd405
f016d612
df2b3812
111c1f2c
2f2dfefe
47ed1f0d
09e2470b
2e18ed06
ca07e0d3
35090d27
d7d2e6fc
4dfffae1
0eebf815
3d1fe4f2
050118fc
eb20fbf6
0c02ddf8
dc2307f0
0413eace
3cf4f005
03f131f6
fafef7ef
11eb14f1
2701f610
da0cf5e2
cefaef12
badff732
0ee80b33
00100b10
d20425dc
27fd29f6
f7eb4c0d
baff0af5
13e52c1e
cd0808e6
f5aef8e1
064814ca
1f1520d6
1539c9fa
37d6fdde
d7facbf0
58149eb3
f6333e4a
41c2b50a
df031adc
d9f60b09
0ee30ef0
d41bfc42
d61e39ec
051018f9
e0fc251c
3dc328c9
0dd61cee
1ed4f503
02f9e1fd
fcfc5fe5
3326da16
f6db1511
ef12d5bd
d912f508
eadbffff
03f62a13
1629f817
2af20515
3ca4fdd2
00fc341c
e80b4c18
3a5621d5
e6ff1efc
e9f7e519
2aef31e6
1513f906
00e10026
efd1cdc0
2e2bf5e6
da070110
270a0ee5
f9cfe6c9
1a1d1c2f
f7dcc506
e7e2fa25
17fedce7
f7fbc10b
cb2efbed
130e47ee
d330ff2a
0826f8f4
02ebde38
64b62a12
c7321802
1dfdd00a
d80905e6
e96923cc
fbe8cce0
fecc29f9
fdec2620
d7f206f2
c7282d44
810b8970
8151f300
f9d63efb
e151501e
3d17c70d
0fc2c8d9
20df1fe2
cb0e011e
e5efc025
e8f817cf
05b515f2
eccc2114
fefb12fa
121930f8
edbebab8
4bea21eb
fce924dc
bd50f8fb
0930a3ee
1214f6ea
fce93320
01353e14
f5ef1209
39f00cfa
06e7feef
05b527fe
f4cb4818
f6fb16ec
e11b05ec
22342318
0fc8070f
200cfbe0
bade29e1
fefeea19
e8e4f012
0b3ddd30
1c1623fd
e7fe0704
c8ee113b
d15a1631
5e6eda81
74b1d059
3bc5d9db
cd153c2d
d1e8caee
05dffae6
dadbd6cd
0fd60109
c004fae9
2209edc7
d80ad5fa
fee569e1
07fd1df4
df0ab5fc
fb031fea
31e7d8e9
dd1f12d8
41240e2a
30c83d02
effedaff
09dac416
0d0edd1e
f509042f
157f2bd8
05ef0802
e90a140b
c908fcde
f8e5f124
23fef525
1704bde6
ccf514fc
d901d13b
fef03815
036bdd33
fc0e3510
dad3d7f3
023528d7
f0e901ee
c53a18ea
3a24f868
0b184ad4
0918e3e3
fe1dbe34
e11404fc
f7eeff06
fb1cc30f
16df180a
f9dc2cd0
05e91ee7
c4f0fc0e
e1db28e4
e4fe14df
fa1cc91a
030e07ef
fb32fb37
d2d579fd
74e205ad
1423fad0
22d8f8ee
003d12f3
0be51781
ffebf1e6
c6082e34
26eef906
3c19e1e6
3849e000
fe250b1d
c8f5c90d
22e315f4
e9050ce1
0dd23504
2ad3134e
03171c54
0e38c711
2ad613d7
072318d4
e34513eb
e3d2eb26
2ff9ea22
0919f80a
0223c40d
4a61e5de
050b1312
38d6f3b5
f2c6f712
df1b0bf1
2f4303f5
12010b00
2f2f02f7
09cced0e
06bff628
ec0b2608
13129f0f
fd4ddce2
e43d07f4
400d1910
121fd5ed
bcc0f7c1
fce903e0
22b01902
2dfddfe4
fae8b3f6
db310a08
e3fa22e4
20f7fafd
efeef7f9
fe26dd2b
0228f8e6
e61717fe
13d5d406
0c0d11f9
33e20222
eeed370a
cfffe8bc
f817e00d
060ee404
e4d8e7fc
e80f06f5
21e41ef8
30f61602
07fa0f46
1ee61cda
0b0dd5f8
fcf7e802
25032113
f7e6d7dd
ca10350c
34f31a11
0a100fd5
f2047fcd
0ce6d326
ee1911e8
0213ec16
07eb091f
a4e82afd
e00a07c7
39f3ecf7
8306d845
19ece6fd
1e24f027
fe38f81c
ee30e02e
e5e7f226
6019f2e3
5fe2e408
fc290cf8
3dd1e62b
f6e7f1cf
22ef1301
36da2c12
f6310b07
19b71704
ede107d5
0241efdc
46c51add
d2ea1801
ee162e04
c71508e6
33dbc5f8
fef4ec1f
af071a1f
010e1b0d
debedad8
dcfbe20c
14a31a05
0afe07fa
dff714e8
fbdacced
df0a00f4
1d092512
f1f046e4
eae613d1
0cd92400
cadcfe30
06e921e1
ff01f411
fadbfaff
0b1bfa46
42ebc0ee
f80a1cd6
0be833fd
de1bef16
50ebf118
a133eb00
171f1733
04cff1e9
dfdce8f5
17ff45fb
13f5fb16
21d4d6ea
e0f416fe
0fbc034f
46ecc6c0
0a0cc9e8
eef25340
17cfd3fa
1116feff
3224e119
f1e1fff0
08f6e214
0afe10c6
df0ce8c9
1516fc4f
07f8051a
f9f1dfe5
0ec00c1a
f713d3eb
2129e226
c00005fe
03c41f2e
d6fa32fb
e631f9ef
fefd16e0
e9000009
39f9d1ff
190306c6
e8e72c21
bce9f413
2004c8dc
272de10d
f31c0ff8
f71bc60a
1a1cf80c
101f072b
f519cbbb
bee10b08
0321ffde
03d6ebe4
dbfb21f2
de0039d9
15d90a1c
15ebe3ef
e935eb0d
fb0404e1
09f218e1
a751d7e4
f7dddd15
f0f94bc1
01ed0b15
0be3fa2c
f2f7ecb8
144ced3f
03fdb1ee
1c17e3f8
fcfdefd5
e417e12c
62dd3018
fdd42f79
09f8e8dd
11f2d635
0a5914b7
ec24f602
d2b5c30d
0d17231a
e6aadccd
da1dbb0e
c8100206
bef6d2c3
34e70218
eb4634f3
d5134101
0aededc3
d9360020
1d1f04ee
fa11dae5
d2ba46b1
fe0d1a4d
072bdd08
082728e8
fbd60a09
22ca0cf2
f0dbaec6
14f913cc
f917e40d
f1f336ee
dc33e40b
d253f3e5
10ceccef
202edbfb
071df7e9
f712061d
fd440207
09f9e7f2
f2dffef1
ec0f0211
03d5eb29
f1f8cef3
a0aba12f
990b06eb
d5f5fa0d
eff84013
fd39dfd8
09e4f8e5
f50d1f50
11ecfb06
e502f3f9
f1e6f813
04250c05
e7072dfd
0bfa120d
190b0c10
fe000c04
ddf5c7d8
100f2e00
caf207e8
07da11fe
e1d4311b
ffdd04e7
e3eeff18
0f010d07
ee29e8e8
2deed6e8
e20ebfdf
15000ff5
f515fbd4
4036d509
0dce02fd
1429f322
d1edd03f
1c06f8bb
c9f4b72c
ecfa44f1
3f0659d2
1cbcfe06
23a9f7f1
01f43313
fed818fe
dbfd30c6
33052404
24020dfd
ffe15c4a
0f0bf9fc
2239e5f7
f221cacc
fa5d137f
0003cb39
0ecdee08
cf010029
d2030229
e0e3d9e9
1f7ff90b
f1f537f2
f224c61b
eaf718fd
0210f30a
d7e0efe9
f73bfb0e
1324e2b8
fffe4a0a
fb05e525
09000613
252405f2
39e9e5e6
0581dcd4
f6c30ff9
11e603fe
209d08de
f81fbfe2
1c2310f3
e20cf416
f411f5ef
07d1e4f7
0827b80b
e220f4e0
f11cf8fc
3006fcf7
e6d0b826
421bf025
0fe913eb
311b012a
fdf92510
fcfce434
1209da00
e00f0ee8
cb300eee
98353c36
04fbf2ff
2e1df6bf
16b474c3
211030e7
cecef4c8
f701e504
010717f7
f501000c
0517f3f9
20e112f3
030bf9fd
eb270508
ef1806fc
f803eee2
cff4fbe3
0601fa8a
e52bfe1a
df1902c8
ffbac82f
89d4cf05
e525f917
f2ddf8f3
dbf5d118
fae5412f
e80b15f3
c6cfe91b
0121be39
fdd82807
19d10afc
0108f1d3
21e3fe1e
b7233029
efec15f5
e802c316
0f2017f8
dee7e0f3
c13cf9fa
efeeb623
38b6cb10
dd1001e4
2e02f4fa
141c2f13
1c44ca09
1fbf2c1d
e3e5f705
f805f51c
cfdeef07
7237b7e9
ddfb0f14
e5d8f812
1c43cf17
3b0cf001
d50203df
ef1807bb
f1fced1e
0afd13e3
e3111726
30dbe339
f723ab19
091f40e2
f5e2f102
e5eef4b6
d91316e0
2728f00d
4c0f1c20
b0e538ea
de1eba04
df00234d
03f8291c
29ca48d7
e4e307bd
cdbd46d8
33133c45
ded3c937
00c6d7c9
db0cbe05
c05d08e9
14152cf4
c1d72d46
03342c29
0cf457d7
08e6250b
81f7add5
f30f06eb
29d80ef3
fff014b4
180f0de4
bee3e9cf
2bfc18f6
e21ae519
e201e9e2
fc05fcc7
06e9041b
f31afcff
dffb122a
ea045ddf
d4103516
ff035202
0dd6f6be
3bdfd92c
eedd170e
23fadb33
0c2302fb
0e030201
fd08f40c
08090c0f
fcf0f615
050bdfd5
0907f11d
1e03e916
15033c21
29d7f631
51fc0705
06f9eaf5
1a01e90b
0e0af5ed
080ed406
10fc11fb
f735f829
c2e32104
fd074617
dc0418b5
03e621e5
d417cb10
14042004
12c4e12c
e20e1cd7
2a2dcb2e
eed10e17
2b45d8e7
0d110914
cae80b19
fc340600
d3c9b90c
db0ff5fe
e5190901
07f618f2
1df6f610
e5f30507
01ff0cf2
f80903f1
05fd00ff
061e0e09
391feb1e
ccdbd8f5
491c0611
fef4fade
dff71ef1
18230824
1dd90c14
202feae1
76ec2c01
e90ec81e
20d7ce3f
f2e0d41e
e0fd2f11
f94c0d14
c1ed81ee
c32ff739
bbe6eccc
210d47fb
e82ee14b
efcfaa01
0cdffbcc
f62ecff2
d425f5d4
e7e7f622
f9cad6e1
0ed91208
e194e2ef
f705001a
320f1508
f30f3043
f11a25c4
281d28f7
df11e830
05f01706
e552262b
fd3b52db
0dd0c0f9
0f16f804
051f05df
dbdd08cc
97e911de
e3ff090d
f6f7d2e4
fcf3d3f3
2ce8e706
adc9f905
2407120e
e0322a3e
fbd7ac24
2ddff5d4
0daa2131
031126ea
05fba900
e020edf2
06cc0331
5202f7ec
16fd0ffc
5dddd212
e5171627
edffe602
f10ce630
2e0823ea
15ca2820
23153136
36db22e4
22ee41d2
d3fc5c2e
0af2f908
efd80d13
f6e81207
09f005f7
0227e0fc
12211b03
ff201eee
25e4cfdb
22b9f016
544be20f
b03fb013
3302d40d
e9e1c308
08221b17
1af60a0e
05101628
eeff0f19
ec05bceb
1200d600
02f7fbee
ee9ceeea
210a0bd6
49fbe3e7
3c11f491
e806b211
fc080215
0c1a20f3
1bbe0d35
131c2d04
d80735e4
cb1d29fb
2d1adfeb
f008c823
fc23fefe
08ef26d7
cff20926
f8c7ec1e
31fee007
c7f3f8fe
d1413504
25f43212
ed00f80a
0a2df828
de00fcf4
f7ed2de6
9d0622d8
13dde2ca
2eccfe02
f227cdd6
e72506c0
341bc40b
e3033fae
5bf7f4e5
e326e801
c611edd9
0142070c
01e6ae03
16f619ed
fce7f8e7
04ddfdf6
acf0d71d
b7e50c1d
17ea1110
9d2ce50a
dce62a12
17201ed0
da19bcfc
d0151d25
fdfe1b07
0c0be9ec
f0fef2fc
1bf3caff
3207fb07
250f0805
fbd1f3fa
fef842f4
f3f62de1
e1ddc409
f411e31b
ed24f238
02130dd4
c3fc1f23
d4f2d5fb
3236f6fe
05102e18
0dcc3607
f9fafefc
25f4f5eb
ffdf1af2
221b0a0a
f1320c09
031ef4e8
f3b11d00
d0f4e0de
03f4d31a
fbacff1e
1714ed0b
f30af6fd
ea0b3500
e8dd0bf8
e2c8fd0b
04ee212d
081733db
db08f5f6
0d2e3100
fe40c3f6
20f503fc
1cdae7c5
ecdee364
f101c3f0
000bd8fc
22dff417
f5fc0a0d
f4fef91c
1348b713
03df0812
081026e7
1724e212
f62118ee
c0ec0306
e8d2ed2e
ebf118c9
ed19d80f
0625fdf1
f1eefd0c
0ffe1303
f2f20124
0313f7e8
1221fe29
0de50803
07faf0f2
ee09e500
2c1c234a
0df5ebfd
ef274c64
e1d6cfe5
0addd8f1
1037e9c7
f9f3d802
beee01d4
25f714ce
d80de4f9
2507bd16
eb0b3d1e
0314eb0a
ee0dd3fa
24f309fa
311507e1
22dc0bee
2a0618c7
07fbdae2
db13c3f5
27e58fe9
07df17fd
efe3f80d
f9022506
eb3042f1
24f55bd1
ffd9cee0
2a1300ee
dd13c6f4
daea00ce
fee2e8f4
03fff13e
20fa0204
36081111
b7f413dd
1f090928
e911f11e
161008f2
1c2408f6
3029f2d2
37df14fb
471e1a1c
29060614
0943f412
0deeebe0
1af720f7
fed5ff07
0409c7ff
f93712fc
190df3ec
f106b3d2
f2ee1806
46f8b314
f3e5dbe9
42edf40f
faec0a21
f5ed3813
efd8bdd3
1df9f0f2
651820c6
201140ea
eef0f8f3
0ffbbd08
f6362bfe
48eceaec
1cfcc008
db275012
1ecd0003
f806e3d5
04e4cb32
22e0e8d1
0e0109a3
db120dbd
df2725bc
2612cbdf
f3e71600
f3d3ad1d
00c2bb0e
effbf91c
154436b5
30332003
e133e20d
04251734
fefe0bd9
3eee151e
e5e802fb
005bfde1
1ef1a526
43f4d819
9fe31ee2
b5fa41fa
f7e7deff
f0fb262f
2509c102
17f2f9e2
ab1ff50f
3a1ff1e5
2d18d3ff
0f104be8
fcdcf6f7
2023c1a5
d413cde3
321e3217
ea068f2b
f611fb18
fa04f804
f2000d26
f6290f16
ecf7f809
fce2c9f9
09b01ff7
05fc0623
0c38f4d6
6628eb2d
d3f8ecdd
ea2eea48
01c9f71f
22471b36
c0df0fde
15083936
d4e4f901
c6fd18f4
0106b917
23dee722
19f0bcbb
0701e9ec
ec030e00
13c5edc9
140600cc
d533e2d3
26f9c542
ed3e15ed
f6c028f2
dc111ae8
f8f9e007
eadedbd6
1ffbe8f4
0a03d4fd
f8061a03
fa5602c8
ed03cab5
38ff4911
f7e71adf
16cb23eb
dd6312f5
ed0ed2fa
e3f829df
1461e3e2
0933d000
df070c17
f9420d11
2deff1f2
2ee7d80c
ed03f52d
330e1ffb
fbd4f8f6
3cf80a28
d62bfa10
fae92810
101bfc11
1fe804e7
0ffc0efb
0d01f2e1
dd25d3f4
e9de2e03
b10619fb
20090815
ed11c130
0d01e2e9
11ecf6f9
f704f71b
0b1609fb
09d1d405
fcf3f2e7
19f2f7f6
0713d204
337bebe1
2a0e1a08
f6313cc5
27ec1804
200bf7e3
c2e4491a
e92f51f3
ed0ae2e3
509cface
f544d3f2
ce04e7eb
2302e624
ff2012e5
0820073b
fce211db
171be912
13ee00fe
f3f9def4
f611be1e
f4dc17c9
eff750bb
df1116fb
f2fcfc0e
01e51ce8
1504de17
05d4d441
e6171234
16c51d1d
2a040e43
eacf1220
fa221bef
10eef80b
d7e6daf2
4a14b60b
73e82cf7
f12c0523
1b4138cf
f1ddca0b
0d09110a
c918d80b
03ebf10c
27e6e920
2836ead3
11fb11fd
04081317
3a39260b
02fff30e
3c08f0e2
fe49f9e5
42f91300
08f3d10c
0a01a83b
23f2d013
0efd08ff
0dc9ea0e
07eef0f5
4630faee
fbeb2e12
23ee07e8
061cd626
0e2016ee
3035e2f6
d9291003
22d667ca
daeae607
edbd06fe
edf5cbf3
2f31af13
020a0a41
1ff5bb0d
cff93408
0b2ca224
21dfb068
d829e417
3de7cb81
2ecd27f0
e0ef1581
81765428
43ce0c94
10d0d093
253e36fd
bf18cff0
ccf9fafb
42392fde
18384bfd
28f1220f
0c42f5e4
1d2aed23
a90dee1b
f1fd3d1e
08210202
fa16de04
2310dde3
cee91de1
d50b2de4
1ff9cc30
f90eee12
0f3be80c
02f5d527
25dc03d4
c1203a01
e338f033
e2f3e545
de0105df
36b502eb
dcf3f106
e906fa1d
c62d11fc
f719d9d7
f3eceff5
00dbf5f1
16f9df44
0624fd25
2815f007
fafefb03
f51ed0f6
c0e2fd0c
ddded12d
f503f226
0b083506
f80ee4d3
53e421f1
1415c8f4
fee7e504
f00b1ff5
dff411fe
d5172ff7
14341427
01c6eff3
f62bfc17
36d30d22
b5fe051a
18e0dd00
eafd1eeb
122e0b1d
f5ba0b25
0f09fdf7
fef60400
08e92310
f4f10403
eef519fb
f5f9f0ef
02f4fa0f
040f110a
0e00df37
ff14d039
fedcdd0e
fbe3224b
20e31b0a
30d3feee
0106f902
e417e5cb
e343071c
f0e2220c
1f15dc0c
e500b101
211df630
ec96112d
3ecfc7d6
1508bc26
8502f2f2
f41ff5bd
24d8f921
c4da1303
e91808dc
f8151cae
dbfff307
f504cad5
3900efe8
35e055de
1a0d2905
da032b2c
0d28d80e
2cedea03
dc25fce8
fb0a3a28
fcf1cc41
f9a4feed
51f1b435
38070522
fd2f9bf5
0ed9f329
d6ee11ed
04d7c50b
2cee070b
f308f601
f114e3df
f6ff1e12
0ee74315
11e9c6fe
dde54007
352cceff
06e123fa
d5f53c01
e31e38d6
f31d17f9
e4f4d310
e30dfade
0efd0412
072523fd
1c1df2dd
4ce4ed2b
1afcf138
25eef610
f7c218eb
11efdb12
1e0a0ff5
f12d0fbd
22fff534
0211eeea
1df9ec3b
11c8edde
ffe6ae2d
fbf6fa2e
07df39e8
d8e71b1f
03fcfd10
da15f108
eceb17dc
32ec3100
e9f40b10
0b1a080b
0b092711
00fa2003
efe61cee
ccebfe05
d8f934ea
ef2df312
09d9fab7
140ef501
17070f10
eee7f3d0
d815a1f8
02cd20ec
e8cf23e7
020214ce
dad31705
011f322f
e821f72d
fce5e8fc
74f5fffd
3b0e0319
01022a03
f20e1205
ec31f007
f91832e8
05f5f7fc
2deb1c0a
07e52af5
4031089f
d7202548
15c7ed07
14bb25e1
c115e214
f642e9d4
093703fa
26dc10d2
4607df34
30e6dcdd
c1e9e119
24e5defb
1cfc2102
0ce9dde4
01e709d4
13eefd16
4c1a280c
e8d4133c
d706ed68
09ff51ed
e2ea1905
17ec331b
08dc06b4
f4fb1aed
1efc18dc
0b022cfb
11e61b0e
dfde3a02
310310ea
ff122109
2702de4e
f976dbbf
eef8cddc
5fddc851
070ef4f0
1a7feae5
db717f1e
c5d61f05
e93c04f9
d914f111
f6d22925
18223316
fa0d18d3
35fc2331
ea0410e0
23f3e11d
f210f5f7
f6f0fd28
2b2316ca
db07fa32
dc00c4de
090df3f2
24c30c11
0923ec0d
1af01846
2720f4de
f00906fa
e0efd430
24f42f49
0fd00516
0e00e6fb
eca8dfed
d2ecedee
341fc004
29e323d0
fef8ee59
06f1b8ba
280b65a0
2ac0eb35
f127dc08
f6e5060b
1fd21bf8
ba00fce9
f1f82a28
e2e50939
030a17fc
0d063cdf
dae029fd
10f6d8dd
f50cd9fe
1e49c207
4218ac30
17c60a11
faf1e216
13eaf60e
fffc1711
243d0c2d
de011426
fae918c2
c6de041b
ceb63d1b
02fd7fd4
1af02c00
e01934d2
d3fd1bd5
e408f100
050ff4e5
0112ef0b
edd03409
0fde150c
1013e4f6
fde51af9
3702c516
1cd74efc
06f7e70a
26bf20f7
2cdf2505
fd1439c0
ecfd290f
e30ef529
450cfc26
ddf9fe09
00192ddc
5ce0cb02
4e18071c
bae74616
23313f3e
ce3f130f
d2de0fd8
19d70a0f
50fa370b
2d1be00f
d625f3f7
dad721fc
fef82212
04f409f8
ed0bfaff
05d028f7
fa1842ee
22f01aba
01cd0bf2
10fb031a
f6e8ffe1
1de41918
11f6fef3
1bee1beb
05cdedb9
e5ea0a1b
fe2cf108
f8180f14
0ce5f723
fcfde5f3
02dfc8d5
14dcb511
17fa15c8
fbcd19e0
00361569
0bd54523
ef14100b
166cd910
f7f34002
d6f60c1b
31dcf9f7
b113f904
d735fff0
11140637
f410e3f7
0603fc0d
0e06daf5
4f1fdeea
a20cff27
eaf8deb5
16fcc90d
110935fc
f3b9efd2
f9d5eb41
d4c7363e
2207f932
2e14eeee
32ff07f3
e1f43b39
2c32f71e
10060ccf
cb14fa16
f1f52308
fce52d07
4df4cbed
d7ed0ed8
22ebe151
f6f5fef0
f60bf9f8
05020f0b
1df0ed29
c741fde8
01d2fb18
0e18bfbd
2eda33c5
f5fed916
00de0df4
f62a06d8
f5eec1d3
ebd7e020
28e0e4fc
e3ec1626
350de1f2
e4fcd709
f60e62c3
f737e6e7
d2212318
fbedfc28
e2c31b0a
0ee7e713
2d1bd416
dfdbfa12
3efae0fc
f9bb150d
0d001bfc
ebc509c3
03d81cf3
f7fd0dfc
e7190a0d
fcd5f11d
d51abd2a
dcb7f9f3
35eb14fb
fd00f51b
53e528e3
f0f6e5f0
05210421
d320e8bb
00d7e3ff
172bfce1
2004150c
381bc2c7
92d0b607
0a19e914
bddce50d
c40303d1
bc00aae7
1306e211
3515e21c
3edf0f1d
f1e325f7
f713f81d
2dbadac7
d1170e6c
e2f93bce
f83230e5
fbeef0ef
7fe817ed
b006d33d
d103e8a2
076a39bd
ebf3ef31
2c18bb7f
de5df132
c0e6951f
121008d7
da004afe
dfde1545
104b0a4c
010c340c
1feecdfb
1001fe2c
07144ee2
222bf5e8
52f0e0fd
e8ed0b0c
f82a32d0
0d01dbd8
f53c19ea
09e314fb
eef5d9fd
d11916ff
b222f346
f9f54819
08fdc835
d7440b25
35341b19
e4b125d7
7f2ce2e9
1d071e06
aa2905da
01fa0534
0b0aecc1
d9312b1f
29d418f2
0d310814
1c200a07
bdf204f6
f1f429fd
dbf5ead2
ffffd915
06309c21
33d736fe
cddade02
d305f808
2af517d7
000ed71b
33f417f6
1c95180b
fed2b2e1
0eb9d90a
1631162c
f7edee06
12f5f6fc
f3f8f6f3
12fee924
d7f3f8aa
0e0dc828
0332241a
2c0ff224
2b065c3e
8c3803fd
f3c8fd00
13f343b7
11fcafc3
eafaf607
dbdbbf1a
e12f2afa
1810e606
1c5043f7
dc0301e5
17fc0ffd
16d2ff03
f2d8fa16
18df25f9
481437eb
08fe1a17
2ccf1c5b
ce2c0203
e0c412ef
fb091501
f6dcd1e5
d3f5df0e
17270224
fd0624fd
f428f7ea
e945f609
30c8efea
22e4fccb
ee0ebe2c
f10ccaf6
3b0e0505
2ce5170a
2a0a03dd
aad457d7
f9e0350f
33c86c17
7b08c11f
f305101b
faf70114
0fff1312
bd28fbf8
ea04dd21
572412fe
e911dc3d
e02a3bf3
f127fefc
e003f007
ecf01c4d
dbe72292
040fe524
25e931e7
f42414e9
27e83005
fbf4de0d
1410260e
fa553fa6
0409ebd6
1ff8fbf1
0c293118
04e903e8
0bf857d6
0c012817
07fbc905
fd104a15
1206fe02
a5faee0d
20e10332
03a7cb19
fc043217
172e11fc
0e0ac1f1
0d31fe02
100218f9
0c3417f9
dd211e48
06fadc23
bc2f3713
100ed406
dcedebf8
13dde4dd
f628f6ef
0714dbdf
e0f30a21
2f3a28f9
eefce822
0229db10
f70df30d
1f120204
100002eb
32152d4a
ee101411
290dfa4a
1608143b
18f309e2
0250f8fc
f226f624
f413e50e
32ed0c14
0f2211ec
d8e1eed6
1013ffc9
d6eec804
d91f28f0
ec0e2bf1
eb2a0224
061125e3
13f946f8
0f1802d1
07420f17
231bfe30
fb01d5f2
3704fe26
2811fbf3
f6130bdf
f2eeea3e
b9f81a09
0cff0209
2c0ddfe0
c9330302
52e71a07
270bebd8
d4f2d544
dffe1009
f8262781
16c52fdf
3ceadeff
cd11040b
16e30bdf
cee41b25
bcf305f0
08ebfaed
d4324deb
e7224dcf
fe0d1cf5
1c13fcf9
0815e0f6
19060743
3f08e07f
342842c4
e325bcbd
e53958ba
e4f0070e
bd233921
0e2a3729
33f711d0
1a00e807
fb0e19e2
e3f6f2f5
fa22feec
063109e9
3d010128
2c05c6fe
f832dae7
fcd01515
1913190a
b4ef52e9
13f3262c
dc281623
07da1c01
f10acbfa
c83d0ce7
09f7fcf8
dd0cd83a
15eb06e2
f0f7efe9
1014f019
0c1411fa
49bb5eb7
effde8ce
81e024f6
f003ee0b
47e0f25b
e0f4330e
e9ed3fe7
11051c22
f00d0109
fdfe220a
fee94001
f100e71c
d1e9061b
3ef1f900
fb1215f7
f1e600fe
12cd35f8
aadb1427
2f0e66e6
fa16240e
cb065c1a
d301d8dc
143dd624
04fd211d
12ffda23
df3805d7
e2f119d3
062f0719
1d073e07
0a45b706
cb14ea10
d95a18f5
faef0203
1b21fdf6
02dbc8be
2be13fcc
f63bfb08
01182208
11bbfa26
24ad2412
20f501c8
5416dd20
cb00b6c2
af1540ff
e3dc2b0d
1b02dcf7
3722f9e6
ce35f5fd
22fb2420
33d703b8
6114deec
c9fb1403
d510dee7
0cf7ec29
08451a0e
f1d546d3
4219d811
1cfd260d
262950d8
20122f0f
c710292b
14473c19
f3040922
fe1912f9
9c17200c
0c3504ec
ec16fa08
03fa1c02
e1fc0509
f4081b17
0400ee1a
08091228
ee0a32ef
132ebe2a
16cdcb0f
16edfcf5
efec211f
1216b632
f7de1adc
231cdef8
f5b1ffdd
eb0df013
f0051416
04f0ff19
05f8f2da
0ff0f0e9
142119ee
06faeef8
ed18f4fb
fdda0df8
84170825
e50d2217
21e85b39
c6e7870e
12dd4f35
4b07d230
fa5a421b
0a05eb22
072117ef
f0c9140a
111bf50a
05d80d27
ef1eedee
f9be000b
1ff45b16
05070fe6
e6092920
e8e0d4fb
f52ad2ae
1ee27520
c9c2fce6
cce614e5
19db01f9
fcf60b12
e8fb02d5
3b03da09
023bcded
15f0d817
fbfbf4f7
13301609
11100106
5700eacf
ffe7043d
15faf817
f4daf9d1
d5212b1a
fbf02f26
16fae717
080ce612
1414fcb1
d9f521f8
cf01bf29
d3e9c2e1
2ed6f926
34ddf1cd
c906ef1e
f11ae2c4
2237e931
e41cb832
ebf20aaf
e301a2eb
f5d9da06
c9bcdb38
0bc10c10
2fcf2b08
14ed2105
fb04ecf7
0c0cfcd8
db21122c
fe25ecfa
11ef13f8
03f6fa05
06e9e6fe
14f6b6c4
6de54ffe
40fc35ed
2df309f3
f9173aec
e8fe2602
120f19eb
cf214b56
06f10730
011b01f4
07ff1fef
cceeffff
0724d627
02e8fdea
20ee1b20
c00e58fb
f723e1c7
0d061918
0e1e143b
090b23d0
031edcaf
1eec070d
1509f307
f0ff121b
ebae16da
1a10fa36
fb09d6dd
11e91111
1e17bf13
f9093cf9
0beef718
0a2b4536
3de819d4
d716eafa
1008f620
3a261106
f91436e8
e922f8d1
c8e4dbcd
15e4ef0e
313ec526
1b122509
d42810ff
d0d73aea
eaec10ee
1715feef
080ef4ce
be03f00e
1302f411
3ee02ceb
10ecf849
eced1bcc
140c24cd
f2ef3d18
cec62c15
3013e003
0d060bf9
ff0507e2
16240800
0ded17f2
2f0d0fab
11e21c01
16261df5
ec0016cd
d881f603
01180e1d
502d2a15
2808edfc
dbf85011
3f0a1aeb
e21e290f
e7f0e67c
e5e3ecf7
091bd4e5
edf8fdfb
f4ca033a
d90bde14
04100c32
fdd9c9db
ebd828d3
d02a20f3
36073ceb
b8ecaed0
b903d17b
fcd41017
14c226e1
0c43f805
400ff8e5
db17e41b
1f21f62c
07f5eb2d
1437edd2
4000d6f0
07fcb109
100bce21
36defad6
0204f30e
0c08162a
b9fc4332
0b19d0eb
18073d00
cccb0003
f638fd05
ea200533
34000b18
31d1e3e9
0bfe1032
f4d901ca
031111e9
e9e6cad9
dee5f017
110933f5
ecd0f308
f8152435
eae31f33
34040af7
f9fffa2f
cdf3c9e5
1fd9d503
f1f7f92b
4936faff
c8fb2cd1
fc0ef7e3
3ef5da30
08052d10
1b21e404
123ed7fa
dee7f009
bd0d16fa
d8171920
defd0cf4
f627e810
11f9fb26
edf2de25
fd0b25e6
e0e22109
d4122f15
5eefcfeb
1f0fdccd
155cf43b
e21f1225
13fdcaec
1d0607e9
fd033e21
12180602
10f5d6ef
d4e3f518
eb1a15fd
22f1a9f8
d0f8071d
fdf94914
f348d2f4
e5ff040c
0502d0e0
1c1e4fc8
0804ea14
e8150f31
f8fb11f5
100a20ed
32f4f6f6
2c0ffcf1
dcd61527
ce13e3e9
18e402f6
c213d802
bb2f1aff
d400f017
39ea1107
d9b90429
d0e8e917
0f12f4ba
f3154301
d8ffe0a2
fb132e04
cf0c30f8
08dd20fc
062ffa09
0b35ec01
0b0e07eb
09fd15ff
0c1926e2
0f0ac3f8
19f4efe7
26f82cfb
e35aeaee
deded62e
35dd24df
00f33dc9
07e2773b
1304ebd8
fe91d400
e2ebbaf7
f2c7380e
be1bf66a
31fe07f7
28f503dc
01ffd534
fbfb0812
d437f313
0b1912aa
001b2409
0b0a1bf8
f7f8f6f0
ecbc04cd
ffffee0a
f8ffe1f2
f40b05ef
ed10f622
f5f403d6
e2f5f014
21183bd2
ca40c200
efe8cdda
2afaba19
05eaf6f0
f6fbc6c9
20f3fd03
f22c3f37
09051e08
2df10a05
f8d801e4
fa1ef717
f4c2172b
f5da57d8
4016f406
dcfbdb1d
0815232a
c658f0f4
f44a9be7
ffe419e2
f00a07d3
c3f50dfd
3a00212c
00e6b90b
fff0ab04
fe290cff
10f4f3d9
1f09dce8
0f05e0de
164443f5
0ae42cb5
1722ff8e
fdf50104
194317f3
00b80122
ed0720cd
0f1cfb35
08e534cd
ce10e40f
e3fc27ff
41f3cef8
062c2cf3
f6e9e616
f0eaec01
4b140ce5
0003ee1f
32d312ff
0c2ef2c6
231a04b5
e3ec0ff5
dd1e09c3
42b12c06
04ec8118
0c10ef09
eff60e07
e40700f4
0b1b07f5
49e41f16
05e60629
ee160922
f2fb0e15
dc0000e9
e11e0b19
2311413b
ec1b1823
1928f7d8
da23e5e8
17030be2
1fc0e4ed
17ddd0fd
f3eafc1e
fa152ce0
0105e80c
270509df
fc252ef5
1a04232b
052b21fc
d80003f8
0c001604
0200fbcc
3c02fef0
f209d907
de1e13d4
32fed311
f01a10f2
e51a0cfc
0eeff234
deb212e1
c20805f4
fdf9ecf5
3428e80e
3110e722
0420f0e9
affec02f
23fed501
e3f40b11
df0720ef
0bb43911
0c010628
2ee9d2dd
f0000cfe
f4fb0b1f
fd36f1fb
093ce310
07eb03f4
d90b4af2
fb17f1d1
ea04dbed
22c32ee1
0e0126f8
f92af532
e5d52ffd
fb07e402
4644fdfd
ece61220
ee05d6fb
18f0e90d
13e5f90b
0623ef38
0eeaf314
ff070df7
f7e20de4
23eb0818
2a210af0
1feb1712
0bcff1ea
dde7153a
090febd3
cd0c2f1f
effb18ec
28f03d1e
33090bce
0ae91eff
dcf428b3
09e0fd3b
e7e30c19
d633c7df
4b0ff5ff
20f6fceb
48011312
e1f1f1fa
1ff24a17
1e28fbdd
0924f01e
e3beebec
0d17cf10
fa3c2f3d
cdee090b
2a20d901
2401e72d
04c6192f
f807e518
fabc1786
2af916e9
15e20223
1907fc2e
5aed0ec2
40e7ec0a
100ff04f
cb0d62f6
ef530030
fff6f9d0
1cf501f0
3205fe0c
27d112e2
0a7fdd05
e5e7ee3d
ff41d124
ba44da7d
050254f3
22d683e2
ce16d0f4
19b6bf48
31fe9c3c
19f831d3
47031b2d
c7f50efa
02a21b20
c4c1f222
f7f90efe
f9dafe35
fc0dfef4
ec2b0fe6
38f800f2
173007c2
fa3ae600
27ccf5f7
fd07bae2
f9c0f3cc
c909dde1
fa22f8e1
07e23116
1ae61f27
fef703e3
cb21dff5
ec032e13
0afdf523
2322e1cf
0ae30d75
ce34f920
f6f706e9
2cb518f5
d3133144
2a0571f0
e407f00f
df350624
f222fe2e
05b7ec1c
06b8fefe
df34f510
f20802f4
e4eced31
f1d0eff2
1bf9f726
fc11efdc
115e150e
d903eff6
edd8f221
2a0b36ec
cf0d12d8
07081214
052018f6
05ec3a17
dcf9e2de
27b12e2b
fb191239
f8ff140f
e7db62f9
0633fedd
e30c2627
f7f60af5
f20800fa
ef060c07
f4200412
e50a02ed
1900f502
081105e6
f5fc072a
03e82e13
dfda4004
5b1619c7
d3d4f638
13f0d3c8
e005d9f0
db3f0238
49baeef2
1cfcf82c
d10d0b05
f7d0db02
b71235be
0df5e419
df140c26
ef25e924
0d10cf1b
f822001f
faf61716
efe6e3eb
dbfc1404
1ff6fcc6
d8043512
0348e1f4
13f02bf1
e809e947
d30bfbdc
1215ea25
e5f6df0d
e8ed1b25
f402dd09
0f071cea
1f09fe0b
d838140e
f8190e2c
9fffe5d6
ead9e0ee
ee1c2868
cb0239c9
f6f92410
dfc70318
fefdf210
1deffde9
1706f4e3
256ff1e3
e518f4ce
0efbe0f5
17bcc1f4
d0edb9ef
fcf4eb33
221117fb
26e5d532
7f0bfc12
1128f2f9
d1168f03
331a2618
d71352f8
f227e1ed
090efc22
fe1028ca
1c081ffc
0fdd33ec
1214f90d
12efc81b
ed37f5f9
0b10d402
0017f3f4
9901e958
0646ee15
17ca13f8
f20400fd
c60022e6
32f8aa9b
04e00d18
f206f0e9
2ea1e0de
083518fd
fe180904
e1f324f8
e12a30de
fac9da10
0c14de17
f20e22d3
cc830107
f2cf44e8
d8fce824
2a04e7fc
291e05f7
07fb010c
f40311dd
dad3180c
320e0143
111e2713
eef31b39
d8f2d5f2
4303f3d5
09c8e50e
030616d9
13fbff03
e9f2f1d8
f42525f7
e6090010
1dfcf7f3
f6f40ecb
fe1511e0
e7e60919
f518fa1f
1421c1e2
c2f90eb9
0a431822
e30805fc
0db01713
b7e2f7cd
060d0901
2cf11302
f50529f3
cdfc02f3
1906ea12
db03e6ec
f4edf01a
cbe31612
ef16db19
25150f0f
21e2f4d9
afd3f0f7
e8d2f003
e01c0dd6
c217fce0
ef26250a
13f2370d
f9f733f0
eae60dcb
0728060c
f33006ee
1319de08
19c70af6
fdf611c3
15ef0f0c
171c05f3
e25cde29
dcc32032
f1f310ef
cd0318e1
0c160204
0a1fed1e
0bec20fa
3632e02f
25c137f2
e7e8e237
fdd3e433
2e1b321f
cf42ece6
fe9f42d9
fa0f05cc
1aeae90f
38f8c6e3
100f1506
2d14f7fd
fd0734b5
251d1210
f019f25f
060712fe
2dd805ea
2460ee27
03bb2bda
f1fdfe07
0710d705
1124e31f
4c07e504
f30cde1d
caf702e6
dcd3de1f
0cf91d32
ff261022
f0062e23
f831ab07
b5ddf713
e8f6ea02
491a3f00
1a441f2f
180fd7e2
2c20d43b
ab0bc617
f3d9d212
c0fdd811
01bcec25
e6fbfaba
211d14e0
1e1bde0b
eb13f74d
cfef160d
d813cb0d
f4f2f521
012ce6da
fb0f2709
f14a15ef
3757cf2a
e7e6e51d
e6013fb4
0fc73301
1f17d829
f6f21929
d4e82935
cde2e425
f637fde9
f3bc09eb
1bef075e
1c38b695
cb28cbf4
fff00227
48d4e314
dffb0e1a
0026ff23
1c09202e
c906f60f
ecd4e8f9
f1f40be8
0db2f0f8
f80ef805
1be21ce1
f93def1c
32d1d71e
2309d220
ea0319dc
01fc163e
0e05c833
321034f1
fce83d46
e3ea222d
0bc60ced
5014e9f6
cb21b4fa
e0b538eb
26ef23ef
271ce127
e8d6cffe
f1d7f721
f9120a0b
d41c06e1
0cf90323
2afafddf
13f2e5e1
e0de0cff
25d6fa13
0a01e7eb
f8e109ff
080ce4ef
04181102
ea09feef
eddbb115
e13b95cd
0d7e21d5
d5d9c150
e030fa7f
f40e2e73
4220c213
10e01d69
f900f413
10ffe904
eff1ef1e
f8f81408
04060af9
ec000aeb
09141afd
0afc0e10
124dfaef
09050bef
ea05220f
1cd6d139
27ecc9ec
d9ed160b
eef222d9
d300c0e6
210c2681
d81a0ceb
cc1cdb15
27f6ff1c
fa08db05
0afad91e
f61f402d
04f4e439
060fe7f6
2ed60ad3
0c100037
fb05da3d
fdf0f5fb
e2fdf5d1
fa10dc14
e1fb5dcc
12fbe619
bcfb1c09
ee2ab4f4
eadb01e5
f10014eb
1ef51324
f02c0507
44f2cad0
f033cbe4
e6eff0f8
e5c92a40
f41e102a
faf31315
4618f4f9
f2edf23b
7decf1e6
0e26ecf2
080a1104
e8fe06d6
d61fbb24
27d307f0
7cf7c2fa
010be0ae
2616ec29
17f5060c
4df830f5
db1135f6
02ae0af8
1d1ef6e3
e2191de2
c5dcdde5
d10eaa3a
120bcaf5
ecf2fb11
f720def8
f9df28c0
e83430f6
d3ec2205
151a00d2
1319df0e
f32568eb
b7baf657
150102fe
243c22c6
4d7fb70b
15fc23c6
c9d8c2dc
10177430
e7f4ea21
28d72026
f5c1fe0c
fcf007be
d8e1e705
dd152248
1ae80d15
17e6133e
1f19fce7
d0f7eaf0
cd02dddf
e12bd30b
fde7c905
e7fdce1a
f0b9e213
0cf203c2
f704f3f0
e426fd1c
71c7242b
e6e71a2f
3546ef12
1e01251b
dad94902
eaf424ed
0ce810de
f8fef129
b5d410ed
20eaf21a
eae732e1
18f9f401
00050af1
1cfe113b
f121fa20
151c3ddd
3ae1172c
1b03e00b
decc0309
fd0ecf58
0bf24ef8
11d6ea2b
0d320423
e004fff5
340df63a
ed261742
15f5b213
bdfb2af2
25c22eda
f51c1822
0a0c0f0a
1007daf1
0cbcf34e
fef502cc
1314110e
e2fd2906
27e70e04
f70add07
003cfd31
fefef4ed
04eaeefe
c903f40d
08defcf7
0fff31e4
d6d505cf
e202ad2f
eaf335e3
e6cbdcc8
11440436
14fbfe15
19dc0611
0a09f2dc
2322d3f0
04268bc5
f351233f
e9e81df7
55e6d318
0bd7f242
f0c6cb02
28036239
27ebb4d6
d23f0ad5
22e80f1a
35071807
e7d713c4
44f10a0c
22c9e13d
3d0decf6
1021f323
eed92850
f716f81b
dee52133
060bf7e9
0038f917
0717ecdd
f919fb05
23e7dc31
f70602ed
27af1309
a837ee17
2ec0e6d8
d7eafb1d
e20036ac
f4ef38e3
f2f12134
1405d7ea
23d6f43f
b224fe1b
13db06db
f42f3aeb
e3020e36
49ff0fdc
8fcde115
10b6d7f4
f10a26e0
1317d1d4
00effdec
d9492625
5210fdd6
231de147
fb2c21ff
ea2e20b7
f4031b02
1209f62c
47231ce5
14102a5d
fa15ec02
09faed17
e14313e9
fd08f9c2
0af1071e
e617b4fa
e4c216ce
00b4db21
15f9f2ef
45ffeb19
23ebf5c2
df1fe452
f6161b2a
16e5c4d1
dddcd211
d4e004df
c22708fe
030a4b16
eeab082e
14cc4804
fc07e8cb
d8f34803
3a052ddc
0738fe3d
a6da0c0e
2dee2603
c51ff5cf
f3f9eb0c
01c615ec
55661516
d2abe9d5
e63a342b
44eaf4e4
46f8d860
1717e9f1
14113cf8
0cf1fefa
08eff41c
39efd233
0e021401
f1132d10
f4fce502
26dfcced
1f0a1601
f0efce25
af071b0b
22363303
0cca11e4
f332f520
2ed2e909
1439ba2c
35e605d9
ffebf8c2
2cf6e6dc
18bd3dd0
f2e915f0
dee1dc08
17fe172f
f903f701
18000805
f9f3c215
23d0d118
73b60418
361125d1
f0f12f0d
1f0702e9
78f9eb1a
1143f603
f7f31cdf
e28f2dfd
0139f5be
12eb0eef
e3dd270d
331bf3fd
edda16f8
04ea2749
f2e40b1b
07efe5f1
391a0dcf
d414e8fe
f1e61be7
3116e5d5
e722fa08
df0af2f7
fbfc00ee
fe0ff8f8
f9ff0bf6
fc15fd19
fa1b07e4
fbd0f501
1a020ff7
ee1a0622
faef0ae7
dfd9faf8
12f92823
eb02b6de
f71ffa11
eb0a21f8
08051b05
ea0afaeb
0060cb1a
ca02e709
13de5617
1dde15a3
ddec030a
44267334
e4aff7fd
ee94f5c5
150ef0f0
07f5e80c
4d1b0013
0bf726de
15fe0cf4
d806ca0e
29f71303
e000e3f7
f8d0f4fe
063321b8
6eeb0bf6
fe08efe9
1a20046c
5fe4feec
dad42de0
16e822f7
04e10c1a
1f1624f3
e41c19dc
dbf1feed
f7ec04e1
10e1e5f7
fb1e120c
fdf6f8f6
e646fff0
fdf9190a
c83dcbd2
2922d9e3
f03cf9b2
e1f463ed
0c1713e2
2704bdf9
01de08e0
cbef1810
f2ad2a63
2bf2470e
e653c595
41e8080c
e527def4
f20708e6
f6f20f22
fc351125
e5a812e9
fc1c0d3e
fcbc482c
1a11f42b
1efb4e06
e40c5ab7
f918c409
bbf417e3
171deadd
f802ebfd
2105094f
ff1597c0
1e37d509
45014235
18f112f2
26fd04d5
f7edf03b
dc3cfe28
ef20eb26
d80313ef
eefadc08
c6ee4ef9
11db1bfd
27da36e6
ee4acc3e
cac70814
4d442b1d
c6080806
0206f506
ea27e428
dd2d3711
15f9e724
3bf8bad2
1de3f516
19ffe72f
ea1106e7
06473de2
fc18f57f
f0c0eb1a
fce6fc81
e030c712
034eecc9
b49dd9eb
c2013843
17715b1f
ef1127c9
1fc741e4
3ffe242c
1a2f0bc2
5327fb13
0ec608c1
ea0f7e00
45ffe23d
bdf4c7a0
0e02081a
12014c15
2af00dff
2105ed17
01f5dbc2
c8f0f71f
1831fcdd
2beecce6
e6f0ff2c
000c48d6
f226a43a
d9e4f72b
e6dee039
3c0105e2
e21824e3
e81ff91b
f1c2fe2f
fcdc1d06
031b3110
e4f71a21
06030f31
f2e2ff08
e8fa053c
f3ff26fd
f1001102
0bf80402
f7fa07f3
ee0c09f1
09f004f1
1181fdfb
f801010d
060a070a
162010bb
ede5e2da
44073809
2eec06e3
0d3713e7
c50d04da
d3180937
f5d70904
fc16dcc0
f00905f5
dac148be
32060700
dc11f231
ac01bf03
04d62d1e
c640e61d
fa7635e4
fa0ffab5
e4ec1473
dcd7fffc
21150c2e
340eede0
e410c00b
2307ff00
e1f4ebde
101902f3
4e07d55b
08152123
d3f6d82c
21ded20d
d3eaeae0
e9040bfc
10083bfb
cd0412c1
dbfcf8f9
1bcfbfe5
e9cd1716
eef4fff9
ecd82213
f42cf8ea
f41cde07
e41a1c20
f9eb1918
e80205c7
d4f504f7
d6f6fae3
14ebdc1a
f8ecee01
f835f2ad
c52af7cb
cb22c1ea
1b2ffcf4
e7b7fe0d
44fa24ea
c4043949
ed00ea01
0e39fae6
ed240a05
41051545
165f1fe8
4d1e2b11
56130103
079fd72c
e21d02e8
f3db978e
51bb6214
dd330dd3
8e09154d
bc4724da
2b1413f5
0e3efafb
413234dd
f9f4fb48
cb0cf607
e0e3f5d7
f0ceb7be
0e0bf01f
270db00a
2ae8cedb
e3e6f2f7
f8df130f
142df924
bc02002f
06da10ee
bfeeef19
3809e603
d9e5d1ec
25d502dd
f1dafa11
e4fa24ff
0905f21b
f6e7d707
00170519
1d0736d0
cfdc0514
f3e7c71f
f0010708
f00df2fc
0a1cdc2b
15292923
1708c2f0
f902efea
04ca3004
0ffdc3f1
e536d903
e3af30f0
1ee1eefc
06242aea
0dc5dddf
29143406
c8fdd521
d9e3f112
14ee08fc
13c5ecf7
e928c2ef
a3d9360e
d8d73ecf
f02232f7
10cdd000
0fd80422
f995eb29
a7270ef3
59ea7f51
11c359d4
e2a11399
d000fdcc
4bf346b3
d4db00f4
f7cbb9ec
2d1ff9f4
c70bf200
36000d12
25510214
9c102617
c52c080f
ec13370a
180ad752
cf0ffd16
edf51bc9
f8e0ece0
183efc28
3befe708
d3fd08c7
e1f858de
fe01f5f1
0718faf5
dee21713
07f906d7
f933eea0
3ff43414
bc0df600
df291ef1
f238d3ff
033ee0f0
f3f2ef49
095ce824
eafae8f0
a60e12d8
e4f3ec2d
ecf5f104
13d3e31f
00b09cfe
12381a4a
1117c1ea
f2cb7fcd
eef75d09
81e57ffb
390c4f03
f3c7fb51
fa090ff1
b730041e
15450ce2
3cec09e8
f014f226
e5eafd1a
eaddf203
0d0c0907
e2e5e313
13f1cc32
07b52bf8
bc0ef31c
51f506ce
f412fbcd
ced705fb
450813df
d13008e3
e207acf9
b0093a2f
fc0ce5dc
cc084302
f2ebdf4b
3413b8f9
f27fe1aa
2bf6f429
29ea024a
2907e5fc
1b4522ee
352111f4
29c90bdd
af44f3cb
042b1132
10550519
0038fb21
fb27f5fb
08e2e6e4
09f6e3d7
fef6eac7
0101131c
262f0828
01371707
c6f739d0
2ac308cd
19331816
c3ece826
ea0d09eb
01e90fd7
c9c6afff
10f9cb1d
42e8ea86
3b8e0c7f
5ffaf269
4802e9ff
5cd1e7d2
0f0ce5a8
150809fb
ef2830f4
faedfdf2
24073b08
f4fd05df
08f20806
dd122515
da07cbf3
ed940edf
e702f0d6
f1c1e51b
17de01dd
d91ef5c3
1017ccfd
a641c2e6
fe2110c7
0dfb0305
c8dbf7dd
c1ec23c9
1611f907
00e3c018
b5ef021b
1ae92df6
633301fb
214e1bf3
28d703ec
398907b0
0733f6ce
011e24c7
130000d3
e919f406
db0037ed
0134e70f
fbe721de
f213ea07
e8ebeddb
0b0306e9
19fbec00
00134006
2bf10dd1
0e0b120a
330ffc0b
cde9f9ea
01373301
ecf3fbf2
efebbe35
f1062e0b
030ede12
0eee08f3
1c1cde3f
d514fae7
07fc05ee
dd0ddcdb
f4ff3629
2a08f2ed
0c223709
dade4df7
ff0ce447
d53b291f
f3e10e50
faf4312a
2a0cdc3d
d2254018
0f1c1bee
00ba1d17
2b070b03
f332d32a
fc10f815
f62c2402
f204223a
e5fff119
f9fef218
0ae4e9cf
d941e9f0
0025e13c
2012ee50
ef063aec
4af503ff
ecdfdff1
fc02df19
1d56d4f5
f2142229
1e03f513
cdcef7d4
e54f2c05
22e8fd5b
38dd2009
3615dc08
22dbe8ce
1611f830
1141ef06
c72917e5
1505e1fe
180e223f
ddd6be43
eac1eff6
ff0324b7
1bcc0fe0
d53417e3
37f311d0
360a0143
30090918
0e133209
2b070ef0
08f43edd
0b111d04
2208eae7
e72cfae9
f1cb141e
1d0617ed
27dbe4f2
28e076f9
db46cc23
20fc0804
fbd9352b
18291fc9
ead01f30
cffa0527
0d280be9
ffec1cdf
19ed121f
d3231919
e308f7cf
340034e3
191a08f9
d3051b04
faccfed4
b60210db
f7d5fdf3
c8194512
f60d510f
ecf2fb2a
bedc19eb
e81cfbee
f8df10f2
fd2be4c2
1205d6d5
0d19180e
b30024df
23e9520c
d9e50ed1
d2eef7cd
23f2d3de
06250c03
f8e4230a
2c0cdafe
06e2e208
befdeade
fa01f411
f2e9dc14
ed481227
20f9ec09
fdbfeeef
e611d409
f62cf617
f52929dc
2b411df3
f2e2f0da
2068f6ff
192314e9
0b0a1742
ff263205
fef214b9
04020c26
f70b0b05
d60d0bf7
eb18d8cd
13f2e716
ee2e02de
08221f2f
d10ee6de
f52bbff3
0ad6d6e0
eefe48d3
1554bb1a
e416c5e5
eb3b1d16
fbd304f6
f0f92a30
b91d1a11
fbd3d726
f9dae2f1
3a1c36da
f9ea2903
f800f3f4
f431f014
e8f6e7b0
f22b460d
f10a1b18
b6103828
f0b8c7e8
2fe91817
cffd0ee0
331f09fb
d3f00fdc
0fd6f3e3
10d613f3
34e0f0ed
f30a3821
ce3903fd
08142111
0329e200
4926000e
f0d1f132
f0fafd0a
f9131d14
0036f304
a417fae4
11152b02
91f2f7e6
d2d32824
cb0db8f5
1de3023a
94fcdf13
21d4fc06
4e11da12
e00d050b
2409d105
1006e5d5
0af2edf1
fe0e0725
2ad137d4
08cf2ffa
01ffd5e8
f8ca22dc
0f2bf7f0
f8daeedb
175e0ece
d0d04031
ebf2e30d
f8e43a19
2221b1d9
15f205ff
e209ebf9
0a000bf6
f4fb0f0e
fdf504e8
00ebeb10
0404f81e
00fff519
de2ae8f0
d1f021d8
14e50713
382a3618
0dec2b0a
fd11f601
d5f0dfef
3907dce9
f1dff40f
05ff0300
cf100115
1f42fb21
fd0bdcfa
a10ecb03
262adc12
21fbb914
fddab8e8
fc3bc814
220eeee2
eeeb0ef1
f5fb29cc
e8f307c4
e3dcfcbd
110502a8
ccb321cc
30e831ff
f94afd1d
e9f40200
f80e1314
b4e5f0c4
311e00f6
0cfb0f0f
13d109e5
0bd40820
40ecd3e4
0fdd37f7
08d6d90d
edfaec04
eddc3a24
27df30ea
1efb2afe
14e4be07
dc2d3cf0
1dd9342c
1fd21415
01f41608
078be939
e305eaf2
1ba6180c
efcfced7
ded8074a
e0528a4d
e3ee39e7
f0faffcf
f1cacde4
0829e3dc
0f27f118
00f106fd
f8f3e40b
e838f80e
060e0513
00283612
0b1cfdc6
f9121b10
e6fbd0d3
f33000d4
2cf3f990
252b410c
36e3cd25
2012c8f2
e340203c
9f013b09
e6a8b4da
29f0042b
0609130e
f628cab6
1912f2e4
18ff2cc9
e1042542
3ccc0649
0b06f411
0becf8fe
05f2f10e
fbf4f4f5
00f4f5fe
fcb80c0f
ee06ed01
03f50401
feebd247
4a0600e4
04d9f1e4
f317d7d3
f230f218
4b09d003
2e19e611
dedfd7f0
02f1e7fc
400512e4
09e3d623
15bce4c5
cf1dfaee
45f9f6c3
efe3db11
003d431c
24024311
41df0fe5
4135eb0a
21191ee5
ab1bf100
2cfbcbe1
0cf21e19
41cb0c13
0617feb0
0320da04
2b112731
32030f1b
03ecef3a
1e0b001f
e3d6f9ef
ceee0d18
fdb515fb
d7fbaffb
183222f3
27f3ee1a
e51cca1b
cffac504
270a090b
39ea2420
dd140414
eeff0a07
e803261d
e113f6c0
30eaf717
55fafeb0
20fc11f2
0ee70e2c
e934e00d
2df9281f
e90df6e6
1b3d242c
20d90cf4
e8030ac7
eee746cc
32df25ec
21ea080f
b0353521
d00d05fb
1de9cb26
07fe1dc0
c1fe0a11
1b0706fe
d1f212f9
20595a4d
f7deef01
2123310f
2cdb3224
fc4dd6cd
d0d012f6
05102ada
20dd03f3
edf616ee
2ae720f2
fd1c33ec
de213212
f70a29ab
01f5f40f
e10120d0
21fbda4f
0204121b
e9195e17
ec0be300
f5eaebf8
d0ede730
ea26acff
1ff713ef
0f031b1a
f5ede632
0dede7f4
1af0d208
f2fde81f
e5e51df6
fb02fce2
ebfbf4f8
fef1140d
0d1a07f9
eec7f3f3
37dde0f9
1504e6df
fe160cee
43f7291e
0b18af0c
2afa0eed
0813fd05
f4e2fb06
d7cffdeb
ccdfcadb
47f16abd
eaf70902
08f6b7fb
f60b1918
120f2241
2be8e3e7
9a27f9f8
e60dee4f
ea1ad51a
f304f9b6
25aff40b
ce25d7f7
05eaf200
ea14f90a
1805fdfc
0a0e030d
e20dfbe4
14de1708
03f302fe
1200f2fb
f5c10f1d
161ff8f9
fa020517
fb0104e3
3fe9f9f7
f6ff28ef
01073009
edfe3417
0d25b4f5
e9bbd30d
fc791c8a
d83d0d2b
ac0e1ff1
e4f61463
251949b8
a9cbe3f3
0757fbc9
15f00744
c0230cab
10ddeee6
1aeddaec
e212e712
0c120ceb
def51e3f
f9d70ddf
47c8df2d
0e2bf6e0
39f3e9f8
f31c101d
ff01211d
fc34ccb3
21e0eff4
f508f525
1f1f01da
14581bd7
f15202e7
fc25e637
ff010805
17ae0fdc
c807e5f5
fd3be9e8
3be304b4
110ee901
d448f2ec
17e6f760
e0f60581
e64fcede
46126dec
e905e343
f8fadbf1
150b10db
04f6f105
e135f22e
e511e0c8
d0bf1832
e2d9d2e6
071506d1
db0339f0
b0f9da70
40e8f459
202af9d8
f402f1f1
01052868
03e1db1d
1ce7f61e
24e8392e
eb90f3d1
cf3fe7db
13fb1817
e504f1c4
30ef0116
d4f93118
fdfce002
fded21f3
2536053c
b6fe271f
d626b6c7
d50be4fc
1722f6f9
f1ebff0b
08f9f9fa
09fae4e3
1922f720
e2e40ed7
eed20ffd
18f01902
04fb0821
22cf2fd4
1af822ba
13f4c604
1723fc27
e41ee553
d51be6bf
eeee0105
f6112ad5
18064934
0e3305d6
0a26ffe7
ddfa0e62
e3c700dc
1413d1ee
37f9813c
f21ff9d6
d81209db
eade10ee
06aa12de
ba0c051b
f2180cee
f6050237
6d1bf9f6
0f0d1281
0de02316
061000f4
11f1f7f6
3915f5bb
e4fef2a9
0508ddc3
f3ed03f4
e6171206
35a1ccd7
f0e31cec
1af1bebe
2621fef2
f2db0359
f58a0115
c93802c2
f51dff22
07e8fa31
eb33fed2
25f5cf17
c5f4cde4
fdeadd1d
d6391d34
cbf3c913
02df09d2
cee043e9
db1cf60c
08110528
d005f106
080ccbdb
08e7e524
f3efe703
f60a1bf1
d5e6fdcc
0820febf
05c8dd05
d605e223
d4e515f7
3d3be9de
26fec82b
e428f7db
e5e6e3c4
f41312f7
3bf91626
ec27ff54
27e5fcc7
f7edeb12
19fc4aef
e0ef1ce1
20ffe4fa
ff1c08f8
04f5fff6
ccf519dd
05ca3918
02e5ca09
e2081f19
e3111ff4
1412fb06
fa13dfc0
14fa0818
b9fcedcf
af0cecc4
f14ee3e7
1404dee0
22431ce7
f40f053c
16fd3ac3
19f2e210
f5571725
15e91b0c
40d6171e
defec9ff
b006f0c7
010ed6e7
0026fbde
153132f8
411c1bf3
02f5f226
1ee1041a
fff72d2b
f0fffe02
1d1fc00b
1af6e500
f803d809
0a11fce1
0ef71803
1efefff8
f9d301ef
fa0aed34
0d0cf7ec
2045eafd
102310e1
40ba1e20
f6f0d236
42eb1ffc
3c0be81c
f1f61114
f0310f5b
ffebebe5
0224e31b
11f81def
f519e505
d3e20901
f903c211
09010601
38131519
0f38e610
eb051b25
fd10d20d
d0eaf74f
17d6e72f
f20701db
faf5e5ef
c4302d0d
180cf609
00cbfa0c
19020019
0ac8e7fc
f7fbfefe
0106fd13
db300b25
ee3031d3
fff7eef9
2ffb0aec
b804ec46
16f0f81c
f6cf3dfb
df031a30
e906ee01
dfe31ef0
edb3fed4
18e031ec
d3d10009
fe172e1b
36203c0b
430ff30f
0feed6ec
1709e2fe
0bbf0cf6
1f0f161c
22241b5e
ff13110c
46f43122
e4fcf31a
fcec20e0
15e6bd36
ebd9ef24
f3421bc4
b4051ee7
e5d7dd43
f4fd08f2
c01db208
df0b2ef2
d82002d8
f0243205
1e511411
64d610ca
233d1b1a
f412e3e5
30030332
cd1dff3d
3cd7cfdb
27d73006
d5b7e4e8
f5f821ee
1cbb0704
0a0a0ff2
20eb28ef
070f04df
e6ed1b05
0daf3211
1b0cfe19
1f26fc1e
17da08ec
1d0eedd2
c5f21a16
e931d1c2
f52cfc4d
fb42f125
f8ef1d01
f434f705
fbf21713
e5fa0ecd
d4fcbd08
d8500b06
ca15a013
07010323
15d8c212
16c3def9
faea5a29
020df00f
0202b3dc
df0907ec
2d17f205
060ee3e7
e6f51d0a
e4fb09ff
081c08f1
f83729f7
eef71ce5
1af1defe
f7edf9fc
f61009ec
1bf5c0ed
03960f0b
0cf2180b
093b1bfc
ed1ef446
3bd44e08
2b07dbf9
dd02f4e0
fb1ffee7
dde8ee04
29dd1705
f7deef0d
fd0ae50b
04ebd6d5
2b0233ea
04e9df30
2ee213fd
f4a61005
dac5f701
0225a5d9
ef080120
1ae027e9
14d62612
f40bfeb7
2ff7d418
d703e37f
074820f0
e10ce8ea
1c064c0e
f6ee15c2
0022c8fe
09060426
f0dff302
a809e80d
2bed1208
21ccf8f7
2ee7f4ff
f604b002
f6bcc00e
f60ed0f6
0d0a0811
021203fc
edf9e0e9
ef1b04e3
f7fef611
e9d114fa
36bf14fa
0102052c
ccf6eb10
f5e121ca
f415cf1f
ff0f03c3
3715ef01
0f21f615
d6efd70a
072622de
52cdfaf2
fbb6fe02
12dc28f2
21eb27fd
e5e247ee
cee1e71f
e2104428
03cbfbdd
c3ecf2e9
03c7e6db
fd0e15d9
eedcf007
f1f12614
1cfd2b1f
d651eb2e
19c914d4
f7d6d0f1
43f41014
09dc3609
0c2be6f4
0603f2ec
39f2dcef
f735d71a
e11bee03
fd14f9ec
f903eb27
e1ef032d
ca3900ba
f50bd70c
eae8f415
032e3212
1a0dec0b
faedf20f
00f11b21
17f709ea
e0f7ff31
220121e4
1201e821
0a27211d
fd334ce4
ff17add8
ce16feec
391214ca
49f84452
140af9e5
dae2e4f3
ef9ec204
0052179b
ed13ee16
dedbfcff
e3cdfaf5
183edee0
32e812f6
fd21df26
eedddac8
f10a36ea
d10206f6
063325cd
d2fef204
1f11ef1a
1112fceb
29e1f813
32d111e0
f0aec3c2
d606e31e
1c10e40a
1322aadb
342124c5
42060ed8
1ed04137
1a14ec23
0ae2cc2f
28e8473a
04dcf5d2
f4eff8a6
06fe1a3e
dce9dbe5
d9a1d815
fac33d3e
19b9cfff
1028db24
305e05d3
0d44fde4
ca5f0442
7ffce0f2
48e122da
b03e4008
0457e70c
ec232a12
2a22faa0
19b6d728
0ff40fff
32e8fbfd
0737dcdb
23c0d612
f1081919
30fb1d19
1d18ddf5
f33d35f2
10ed2406
ca03da26
cce32910
0a13e124
0124dbd6
fa0220fb
2e1dc159
09a3e922
14c523f0
3cf5d905
02eae032
062c16de
edd50e1d
06fafd05
f7e2c638
fd07e72b
dc0ae2f4
2c0dfee3
0d042708
17dc0bc8
db0ef003
163517da
daeafc04
0cf704ea
f7090b14
fdd0d601
fc0530d9
2b051807
2beb08ef
ce2dd324
35100ad1
e93214d1
d3cde5ff
f0fe0ffc
d01214f5
220b1de8
d938faf4
ec250621
d50f01c9
de3b04d7
020de234
f8fc1122
c622bf18
e917ebe6
f1f20d0e
081414fc
fa030efe
e824f20b
dc190bfd
0f050a07
0e2410ee
08e1eb31
27edd8c8
448138f8
271fd924
28b8ede2
e620e4da
c8f5a936
0026faca
c925f909
dcff0007
b9a8b230
f5d7fe05
a9442642
63ed3b01
dc0017ec
deeac419
fffe6648
ff0efd0f
19ea1026
f7f6e632
080f1ce9
05d8130f
481800e5
e6fb4744
130e9ef6
010f1d2c
3943e6be
e60efe09
171728f3
00dd1912
282824c7
ee294801
ebdee688
d92416f8
f3371af7
d1ed1cf0
060fca0a
12ede2a4
fc0e0d30
ecf6f515
f8f0ed10
fb1a12e8
0ffbe20a
121eebc6
07d5e4e8
d6e0f4cb
f8020137
fdc70408
d1053222
16ed1b0b
1fb32ce8
c62102a5
0812e3eb
10f9f1d4
cb050aec
1910f0ef
000f1e02
fe20f2fb
fc070e0a
becfb31c
06bfe505
009feb29
2f3ef202
fe0a07e2
cac2ff1f
fe072729
e12013f2
fbe91310
1dfef31b
d33cf712
220901eb
fcedf713
12139708
02d3e907
110f0e02
19191d23
e6e3f3e2
e01317cf
1319bafe
ea1fed0f
cdd2d60a
ea3d071f
dcf92b1d
22dfe3f4
dc0c0cde
1e26fdb6
1afcee20
fd17dff3
e6381106
e715112e
c44398e6
07b2d2f8
e013e917
8104e4d3
e90fe70e
e8e3be38
204307db
e82e2031
0314dfe6
121ef5f6
30f90edc
22ff22ea
c513bad9
1545e522
10b711bb
0c1e2c31
1555eefd
231b0e37
f6ce09fa
d8e9db43
1504fa02
3652da26
45171325
fd39eec9
e6210e28
eef8285b
d3dcc52e
eb08e227
3d0032f1
003f2cee
6a25e921
fab3d04d
ea091dd7
37272c1a
0881f6e4
f5cabb00
bafb00ed
26f8d2ef
3920eed2
f24211ec
15ecf2d4
32f515dc
29c720c4
0bf8fd24
ee061b0c
f9fc19f0
222508fc
f14f7fb4
b6017fe0
41b406b9
b2df9efd
9f24396b
ec1183ba
a9a203c9
eb17e300
fac514bf
bae50bfb
e1500af8
290efe18
db2c03df
f6f7fafb
0a5a451a
d1ef06c1
f450efcd
14021af8
c9ebf12e
152b21c6
1220f12d
10f4042f
21250f01
dfd02428
f446100e
31fde1e0
e3ef28e8
f7edff2d
f4e2fbef
b1fe67c7
4016f910
0afaf995
ed0e0f22
42f314f3
07e83414
1d1a23ec
04eedcc4
e725223a
e7fecf0f
42f2ff19
ddbb0823
d3fffb40
0e24215e
26e91831
eee50dce
f502e111
052fd0fe
e0f326ef
0f120842
59f803ec
f0cbe60e
5219efd4
ff0dfb00
f60a0fd4
2559bb0b
142ee7e0
f61fe1e7
4ea41ced
ff12dce9
ff4a1625
dc0a1bad
3b18d730
29f43440
14bcfd2b
f3090cc7
1aff080e
07d613da
2212f406
fd12f7e7
e40acaf4
0603ecf7
fb02da28
18fad004
03c33ae8
0f122cdd
11eeda4b
1fe5e60b
dff3f9e4
04d0001a
092931f3
eea00042
214ce3f8
0b1c082e
290bcb2b
2a5e1ae7
f011ea08
1f2fe8df
2d2fc3d9
ecfe38f4
f3281ec9
2328f6ee
f91708de
f7fd3823
1515e818
1d02cb03
fa07d7fc
f1060218
d015e7fd
ddd2f603
1b1fdf0a
ede61212
fe120802
290c18ea
0c1d15e2
0ef82c03
4a3d07e8
19250030
0a09d3df
1ff6021e
c102391a
0acc00dc
f3d5f807
f79e2022
e6c832ff
f4e809d0
26f8e21e
262602df
f0f1fbf0
07fafaf8
14f4461d
15ced9e8
24f004f9
faddf831
0c28002d
074cf4e9
aaf623e1
1d1814f2
07f317d1
fe23ccdc
7556f62c
f23e134e
b81c032c
17f31ebb
0600e6f2
3324d3f8
f1080bfd
cc14fe57
0ceafa0a
3e4e1330
dd22f9eb
ee100503
12ff1571
0b00f416
bbeef9b2
0fc8f0ed
e0183ecc
2df2c4f6
fada2007
35cae6ca
01061afe
00dc2113
0907e405
ed84ed15
d4bbf307
359ce387
f68ae46d
46d527f9
dd00e0f2
f7ef11eb
edf1cfc1
0c2cfcd9
3d06ed20
f61d08ab
28d2fb22
ecd914d9
caea650c
0a21112f
c6212838
09ff34d0
fafadbfd
d8faf8cd
fce111b4
fee1fedf
1ef912f5
fd340df9
e401fc16
fc0a11f3
e91107f8
06fafd09
f5ed03e8
21e00fff
3af04af3
f608f3e2
db0484f5
10b30801
fc1134e8
fc0219fb
1dd419f4
e33ee1fb
2cefeed6
dff242d5
07010909
e56fe104
ed1437e2
fc080944
f1aff829
1a410fd4
27fc3b29
54e40725
0fe83202
eaf0411c
e5f80fe0
147ff0cc
d6fd07f3
25fe05ba
fb0c8335
f6eff307
34182bea
012f2c0e
15035958
07f5e411
406581d9
08fff453
49fb1b36
03210644
103345ca
170a1902
d9f61121
f9f519dc
c6c71938
eb38ec12
2d1bd2fe
100eea0c
1508ccf6
fbd6fbe3
04ed0cf6
f02d2cd2
1a1adbf9
100cb8e6
bf113519
162515fa
2427f1f8
e74df9ae
fdf5e917
7f01f0d5
1e43f3bb
d7e8f247
0a19e9f3
f0392606
faf6e216
1df720fa
cd1cf6ec
0912edf7
fa371c07
efec25d0
370d2528
242012eb
eaf8ee69
0d1dcbed
13bb0e00
eed51b05
191eb802
23cc0a19
47e6ddce
0cdc3c13
d8da0103
f3efe752
11e4f70a
fa2c23bf
ec0a10ba
f0dc1b03
29f335db
371deb18
fa1ab6dd
092417ff
fed5ea01
fe35d2da
13e81df8
c00bfa19
04f4ceef
0fcff209
06dee10d
0d151d19
3bf91cd0
25c618eb
1ce01142
f7faf4f0
36f3d83e
2e2adf0d
c650e704
280d08da
043c1c19
fed9fe43
003afa28
ef0f1a14
ffd70ec4
17e80cf4
0afdeee2
e62b1929
46c3fe10
fe0816ee
1ee7ec06
b1fe15ea
bef9ec05
e6f52504
0ee7260d
0827d41b
e715fe2f
3e180ae5
f405f0dc
0af02ddd
dbfc1603
2b49d7fc
10f2e124
1deb1e10
1c03f1e8
0decde4b
15dc1608
1de81d16
eae7d8fb
d60f232d
09fcf604
f2d7f1ea
d520f0e7
a2020108
fa1c0230
17f7f915
49e3241f
ff01e6f0
1de524e0
06252701
4836f802
3512331d
c3072cc7
ebe4eeb8
071de302
2b1e0509
26c0f202
f8df21fb
2cbd0f39
ea060a24
e6b3e8ee
dbd6fb29
ea11ff0a
1bfe15ee
ed03d6cc
12dc1ff6
0b1ce301
edd313e7
01310704
f62105e6
fdf9dbfd
fd12e712
ffdb2902
0d00b303
dec4ea34
2b13d4f3
fd251205
ddf8ec47
c402cbeb
b21bfc08
07fbd6be
0003e5b9
f8dfe5ee
5425e9de
d1f80704
fac83c18
e5121ded
03deea45
09f57103
f0ce1ff0
3f3512fc
b20308e3
0befe1f2
b7fedc1a
f9fd41d5
40c0f001
18d6e725
05040e30
90fae2fb
1795f402
f81444c6
f8f3fed9
d60c3c06
22234712
d2fb1f2d
f7b1fef6
19020d11
0fd021f8
c0d4b0e5
fef7e914
fe022e33
f4f213fa
1bd10bf8
13ece758
02031b05
200ef5c0
31fff3fa
eafbfef7
f90d1be7
e6060a0b
0c1b5607
0c92b805
bf36b106
3b2c182a
cc33101e
fbfeea14
5004ffcc
ec6ff8fb
ec141bee
10dbee00
f9383222
d4fbe9e8
0db2ed10
fa16f332
fc0d14fa
023e100a
feff55b4
184a2b33
01b6cf0c
f941243c
02d9bfd5
e4cabdec
e0ffaea6
0a45cc10
bf5716dd
ee29cec1
f4e7fbe9
aad113c1
1ee7fad6
e946f8c6
f9060ced
ede240d4
1df2febe
f8d8f2f1
c2101a04
e134f853
f41f21f6
dff5e7fa
2ff30120
2cde2719
e80b1a19
072f360b
12432e04
523801d6
1651f432
e0252acb
0afbdcf6
e20a1a21
d5e17f0c
e4fbf72f
01ea0ff4
01aeb90c
f62ff1d3
082ad4f9
5917d519
4d03172a
631a08f8
0cf01a36
1ef9f209
26ef0b4b
0e16f442
d4f8f413
2801fe0e
d7052715
d0f6c526
0029f10e
fbbdf5e5
cd0a5739
ec0df5a1
0904f016
12180be3
f0fff0cc
583720f4
0ef1e8c6
1b03e9e8
f915da21
1ce8dcb9
03f6ebd6
0df3e61f
fff2089c
7f16ea0d
dc02f714
d8f60dfd
edd72b66
f832f111
f0081b14
fe02d20e
18d4cb0e
e925f216
ff06291e
df0cef03
c8f41802
c90d3af0
16e01330
37021d02
f0f1ede2
0e1e3db5
142d1727
284b1ae6
ded2f9f9
ce14ff2f
17493146
1af64807
58041f04
da04be13
1122d2ea
f0fc06eb
ef001006
fb4908d1
f509ffbc
e0072eef
fdf0ea3e
272deedd
13e6f922
fcf7d21d
040c190f
d4211546
2cf205a7
ed07e7e5
cee905f3
1f0ceb28
e3e50ebe
130c220b
33fe17fc
fae2e4cc
c91f3ce1
d5132cf7
ea14e7fc
fcf3f940
1cfbe9f7
0111e004
ed010c1f
01fe03e9
f60c07dd
1156f4f5
f6ec0b11
ea0dfaf0
00d3d7b5
1148f6f5
0719fdeb
1033cb41
23e6f6ee
120cbb28
f0b8de17
fb37cef0
27f8efd8
f832e70e
e0070be6
e7f0db30
fd28eafe
07ec1911
f5aef7f5
0009d7d4
0a3a18fc
17ebdef1
ee15fbeb
17f9d44f
1207fff1
2dffda0f
fde503de
05ef13d7
f61e1ffb
f919e407
2afff70b
27ff0102
d1051530
d7f70f04
0629f9e9
fff7e12b
31c9e9fc
f6fcece1
033a0cce
040f084c
26c21105
e2f108fa
e94cef10
081f1ef9
f1560ef5
f5cce5ed
12ff0c0e
fae107e8
0a1bf73c
fc214c16
5a2b120e
0ddccec2
06c625c0
cff1eef3
3ef02d45
c7e4fac2
13fd3bcd
f6fce909
4b133519
0c08dcdd
ed0ce8e3
00defbf9
d510def3
2b0cebfa
13fff6f0
f24af2ff
11f703fa
eb0f0c02
10210920
0322160a
3e0aff5e
20d4da1e
0d1bc9a5
dafa34f5
29e9cffd
05c27c1b
e5db161f
23e812e7
59ceedb7
e4dd2dcb
ef1b0c0e
d014ef01
cf21f413
f61cebf5
1d094324
09f70bf4
03da02d0
ffdb3bc8
1f4802f2
4b213f1b
d514f555
5afafdec
06dd2728
2b18fbfe
27ea1308
b4ed12f4
22edcef4
68f43715
25fdfc22
d4eedf0b
f7051ced
322cd62a
a8d11a0a
2030e3ee
242119e1
e50fceb6
ca05f8fb
ed001ad2
f235fe41
da0e1cf4
c2193518
0de1c2e8
ff380cb6
cf021506
d437e6fc
ee09eb42
02f2e2ce
ccd33419
5e22e8e0
02faf8c3
32c50e30
c7f7d9ec
b120f7e2
20fdb424
0f140cfe
0a08e509
2bec0c12
1cfacdf8
02e922e3
c303ef05
24edfcf6
e30113c2
1010bb1d
d032f9f8
18ca16ff
0c14bef4
fe38e711
caf30d07
e3d0f014
0fb90600
ebe52bff
33030014
131efec8
03d913e2
e40ceb04
d71abb27
1c08ef2c
e20ebbd1
21f63716
f9221a56
f7ed0f4a
fe44d70f
fdfc0632
cbf089eb
111401fc
f8de01d3
eb16ec0a
e43302d1
f33c1fa6
ebad10ef
1f1ce2e6
03ff142d
fb17d5ff
3a0e4934
e82bb1eb
32050503
ee0003ac
3b2ecbcd
f7960409
26190e09
bac83b12
f803b0f6
2bf4a2ee
81dd29d4
2effdadf
3ce02af1
f1f4ea26
c8edef42
e7bf1bd0
1bf8070b
e72127d5
f17fdb05
e50e030a
fdedeaec
0dc9cb0b
b9f8d92a
c62105cb
d73a1510
0bf7f0f8
4dfc18bb
ebcd07ec
e3001c2f
de0cfe29
050a1809
ffe92ad2
dc4cf6e8
08f118fc
22c40210
d9fb46d7
efd929f9
1ee5f003
23190eec
f3fa0f12
091d18e3
f3f5eef8
1ff6051b
13fdd35a
c61ce5f2
0815fe1b
b013d8ee
2ce64a00
d0ed0c15
0cfdf111
d935abe3
3109e9e4
ecf6f8ce
22e00803
e3eb1df8
184cf3b9
12fbf8fb
e51000ec
f828ec0e
e9fefbe1
faf6fce4
0e05fc45
d6f631f8
ff05f00b
fc232ca9
0eb4d907
02d108f8
20fa1d32
f30ae3c5
053a0843
c005173d
bf48f008
ef37dc19
0c0f3e03
001e5016
06f2120b
f5d20c2c
d937ac18
b91820f3
0026c222
1145253b
0504fe10
1509d5f8
f30409e7
ec10d706
221ffaf4
f6fbd702
f10c0bff
cdf3ddfc
1c361df6
f10eefd2
19210215
21fd0620
1110e434
0c0934e4
0bff23de
46ef00e9
fccfc1fd
2c0263fa
1213f6ef
e6fa2e21
d620fa16
e5fd0bf1
45ba1eea
d3fff5e4
81f115c3
ccf5fe03
f4eaf507
2bf60302
1a03e011
e30219f1
04d2e4f6
dde30fea
0abf10ea
281200ef
a0ebe4b7
0fdd03d8
191623f2
c1fdfe2c
4f0d0e2d
cf020ce4
f824f81a
0ce60813
d9d1ebcd
eee926f3
03e2e535
d80bbdff
c3f21019
f3acebfe
05b1c4e8
d0edc32e
1facd014
20d2f9e6
e9e1f3f3
be1ef231
050b19ee
0f14ea01
0715ebef
ed46f633
1a22f06d
f906d2e0
02e6dcf1
fff9f308
33e71ae5
1e09fcf6
18fc2502
0dfde700
0304df3d
0ccc21e7
1403a34c
de2bf901
e62fbc32
500fff32
06020b14
d4c12c0c
130f115e
1ac0f5cf
f4c5f3ff
2a0c0906
12360d06
f9d71233
e731fb37
e1e4e0cb
c1350bf6
0bc537f1
b4301627
fa02f313
1bec1540
b8255847
19e702ec
e8f9d817
0a0e141e
1ceaf30f
f01523cf
e7280402
b1df0302
40f1fbfd
0817f314
f9e3f62a
fd2e0222
0d0e00cc
2b001616
d4e9d2ee
ef81f9fe
e3d33636
15e5fe02
01fdf404
13f9fee7
0ccfff07
23e502de
fc0b070d
0bf5ec20
0a07d8e6
f404190c
f1f9100e
e115f931
220929e3
18fa0d02
14dfbaf4
f7f4f7f4
d6121122
c2002c0d
0e0d1621
f3fcfdc7
0ed41dc9
f73dc709
eaf7d412
f90accc9
22fb0526
2dddebf8
dbf41cf5
e3cbd5d1
e7030bfd
093e3cf0
c20af9fa
e6395f1c
15d4ab15
0709e5e2
e3061bee
fe0232c8
1ce9031f
02e6332a
fc181006
0a37dd0c
06172fc9
12ff2fe0
e7efe2ee
10d2ffd1
2e0406cf
16140dd5
d2f10de6
04fb9b28
e2ff10f9
b97ee029
0b0e10ca
d7e44806
386315e6
02342abf
eacfe5da
09e3d01d
d9e8d2de
17160f19
f01526fb
f927ee23
13dd5346
0a3825f4
e45c56d6
07ba1ff2
f9cd1420
eef70c34
f1ec2015
03fec703
d2e934d4
0b291410
a817ffff
01182b00
08fac7f8
e0ca0bf0
0af214e4
082a06f7
d5eb14d4
17f4ede0
350f1bf3
e61ae007
f6f31b1c
e7071c28
22d3eb00
ee2b0317
f5fa1714
24d8e103
41fb100a
f79b14df
d011dabd
f7011187
230328f4
e8ff29ba
34d5e119
fdf8bd0c
1c35111f
15fee6ff
fbddda1c
e0100ef1
0122a41f
13042d4d
030dd11b
c7f60af8
0b2ae719
161e3639
fd5d0cfa
3ffdfc9d
d4ef1016
eb0e06f4
ed2526ff
164f1913
dc1020cb
d822f0f3
e8caf8d9
02efde34
d500ddd7
011e31ea
012a1cf5
07eaebc9
180eed12
1503fe10
06e74007
cca8bd7f
110dea0a
2a4705f1
fdaed9e2
f4f64420
bd59f4f0
8198651b
36e8c310
e92de009
f1f30b25
0e3130dd
210b0e46
04a31d0a
2dcbf802
03f91fe1
a3023b1e
fbec20ed
11f308fe
f229fec7
090df51b
0dfbfcd2
e60e1b21
0e081b2e
ffe43df8
19ad0227
00efb7db
103c00e2
fc2dc1c6
00ccd8da
d729f91a
202cfa10
2041ded4
f14e4216
0cffe9df
0637b614
13071ca1
02e5e7e6
df19fde9
0d1c56c4
0132ceb4
16ecfb07
0d2c1ee0
f50a0406
f5fead28
cc1be0f3
2849e318
18ef1003
d671f8e6
08d4191a
040a0f0f
e4e74e0d
ca2ce827
e1d30ee7
2cebff1f
0ed1e63b
3dcefc0b
080e1221
0600ddfd
f103d507
28ebfc00
f8481005
15effa0c
ef1cb4fe
f2fce92d
044803ee
0efc30db
343b440a
f05a0e83
0e5a3a32
cdcd05fb
5bcbbde9
09ccee19
1700ed78
f904544a
2f160fc2
3700e9ff
12cbff06
8bf7e215
d50f0401
29d22644
0d17e728
eefc1c09
df220908
d40618fe
23f1fd04
0dc61de4
1dd4e215
fc1333f5
f81bfabe
11f0dcfc
05101b0d
f137cce5
d7d6d1cf
f808d60a
0f240d31
28e6dd0a
21f9191d
db13bbff
ef15cdf5
cf2c063e
e502c5e7
1728080e
28d793ed
22f808fb
0d11fdee
1cfbe40a
12f01831
f1f9fd29
1116dbe8
0ccd1207
2a2649e6
e4ffe8e5
fd2231bd
e7fefa0b
0bcbf422
4202203c
08daf9eb
ea0c191e
0cefe1f0
f352f414
f3091706
edfa0fcd
23d0cd0b
1f1f30fd
1e02f5fe
970519d0
fc1c10e9
353fb2d0
fbe2f5d0
3d0ab11e
1adb0344
0feb24da
29810821
07cf0248
d75d2ce5
ed03f961
1cfb04da
d6161d05
e0c102ef
0aee17f8
fdf80912
0efcf508
e325e00b
f9fafce5
fef4f411
eed9cbe5
e80719d3
da0ce1f9
0a11d8ee
1234f112
311ce82f
0ac909cf
fa020a13
de0ce2e1
12e53c07
ef0f333b
4e03f8da
234c5cf2
e20a0ffb
ff190de9
ff3f0f16
e90107e9
e9f32dec
f611f919
f4f5f70f
eef6eaed
173efae4
1a1602f2
f5d2f759
ffe1f0ff
35f941fe
3a1513d2
12413af9
f9e9f0fe
51081ede
0d0827f7
ee0252ed
ee012b0f
f00909f2
1ffe18cc
172122f7
a8101ae2
ebbf9deb
ef2babfe
e6212bd7
1c0a1dff
f10bbeca
1bdee1c6
0ef911ee
fe13e217
0c061508
e106d3e7
00ed04f0
0a22ef02
f915000d
f2eafbfe
001fff24
05201525
ef2807f6
d1e3245c
1606f241
12edf50c
ef152bf1
0920ec1a
3113fce6
01072228
caca52f0
1d1c0cdc
0a0634df
f7e1f8fd
f7c530ec
2c22e8e7
09e758fd
06f3d5ed
cc08050e
1de314c0
01f80be3
05ed0802
fbd53cd9
2307dde8
f6e2ffd9
0dfcf105
fe032815
f40ddfe9
00a1d00f
21f0db15
fdacf314
16d6f2fc
fdb1dd06
d9f5e9fd
fd320207
eed7e316
0f160fcc
e2111d16
040ffe03
ece82001
040628e6
5d2e01df
011be408
15c20711
01010cf5
240ef6e7
ea33fd01
df461602
119e1ae9
1fe2070a
10eced0b
f4e44426
fcdbffc6
05f5f9d7
f912de05
d9260441
e81432e6
c2050318
1313132e
249c05f2
26eff3fe
ffec0a0b
e90505ef
1c02080d
ff2f16fb
d9f112d1
e7e4fe00
03adb5e9
07eef549
f4ed12e5
ed08e3ea
2a0efb42
281ef711
03a8f1e1
2632360c
d8132cfe
dcd7da08
e402ff11
f20ac8e5
1415e914
07340320
1d1fed04
08f1363f
29f133da
f5e0080b
f90ec1e4
e44cb81d
d117f6f6
f105f731
33f8d4f3
f52c21fc
2118f9ea
208136aa
0cfcc3f9
0325df07
1b9c1ab5
3ef941e4
c2e91bed
f5d10b0d
03d1b5e1
da3120ee
f822e512
00070f26
2d08f9f1
d3db300f
e034fd10
ea133b28
f12e070e
f307ec4a
1516010a
fa1b0d21
bce62cfb
171625eb
e5c6f4f3
ff12b2e9
08e5c40e
cdf115e9
ff11c30a
23e91826
4229d450
0bf20f01
1df9eae3
0e04c44e
f03b04dc
dafb0d0c
19ffd4fc
0ce11523
25e9c9e9
062eccfb
313300e8
f4f9ed0e
1674fe04
1d1af22a
cf09160e
02e4f0bd
1bf226d8
0e1e2c25
cee9f907
fcf328f1
f6cc0f12
08e31cd2
07fefa20
f6ebf603
bd401a22
ea0e033e
3ad62d03
df111c11
ba974cf1
f6de2548
f5ee16ef
1807eb13
e5fb14db
0d1b1701
e72e26db
ef3c2202
15000216
f5330393
17010216
00060ae9
47f323e3
fe071d27
d7e0f022
da2bc3e7
f9fb0ee7
0e1613b9
c7f8d6d4
05f4e8dd
e4f1f1ee
e952edf4
b9cedc05
1b2ada30
31d7b5f5
0bf9fccd
f804f5ca
eaf41008
f3d11900
0dde25d4
0cf7e9e8
c922d6fa
daef5629
12ff1b13
fde421f8
12f313f3
f1302ff8
1c20050f
d3be2c02
16f7e7ec
f8c11b13
ec0f2df1
f304f905
0e2510fe
e1e7ec24
e75b1dd1
2903db13
1e015540
1b9117f7
29ece3f5
c911d200
09f7d6c4
15fb10f0
2afbe008
090902ea
fe2aefe0
ea20ccfb
231f26f6
d918f709
fb06c6fa
251002dd
f61f0e5b
94e0f706
fcea00ec
01c2c409
ecdcf4f9
0f0305fe
1a10e2f2
01f6ff0b
0a150504
28280117
172e0b15
07f0d3e3
e10e0111
0bfd1dfc
23250421
00eeeb06
fc691318
9b081cf2
dac13f0d
0117ce33
11e0cc25
e7f31213
1103d0af
fbe81805
080226f1
25e900ff
fc2b03f1
f4eb6c4d
d9ed0ce4
000a3d11
3cf62cff
f9f815e4
102b1e06
39020cd9
10e9ea0c
1be0f1ff
130c23f9
f101390f
15eaedcd
f50b0006
19d2f905
e1e7e3fa
06dee0e1
c8eef218
01d1fbf8
ecb42227
29fd2de1
e4fb1cc9
e4dbeb17
42daf3f1
211bc7d4
dacc5ae5
04c6fe3b
f9f4b6ee
f40a13c5
f923cd33
17bccbf2
e2d8e511
f8010715
092ae2cd
efebebd8
f907e900
f7e0ece5
eeda071c
fdf6bffd
fcf4faf9
2a08380f
f69210d6
e8950dae
ec03ea13
e968a4f6
08d10f02
06e015c1
0ee3ecd5
aac42ddc
311af0ed
ee202dec
fa1d08fb
d2a40205
3d0015ee
30792d1b
dd3523f8
d908e11b
e822c4ed
ec251af2
08e7cb12
f8f4f331
f42ef31c
0adb2fec
e539ef28
fd20c20a
ec42f3ec
0c09ec25
39f4d7bf
2a460523
9dcef4d6
23bd0207
02220b2b
1a03fd0e
1a4f4339
08dae418
eb1024e5
3b0e11b1
d3f31708
2606f920
d60c17e0
fe39f8d5
eafdea02
04ebe9de
0dfb010b
0ce9144b
db1addf1
f1f01a48
05fc1be9
d90cf21b
2d35ede0
311e19b6
ebc8cf1a
2f09e218
d50fdde6
e2c7f332
af0fd107
1a31f6e6
280894cd
ef03efe7
0705f307
10fd1f27
12d707f6
01fc05e9
0ae9f4e3
10d4e208
f120e7fe
03340fe2
fae6d816
ed291131
f5e6fd02
fe21023d
d51408e8
f9fcfef7
d30ba10a
dc1f2601
03e5fb3a
0206e710
fd42e5f9
f3050a03
d31aded3
e8faf511
124f1801
ed192ce0
dd20d9b8
f62f1ed8
b925fd11
fdc4fa32
fd28030d
fcfdf922
0bddad0f
0b04fbc9
04e7070b
1416e602
19fb07ef
0314fa22
14c6e10c
f72c2ccf
f20f0c30
f366ccda
d217c1df
daeec23f
b2e7f22d
d7d33e64
3253e720
df1bf12c
eee22222
06f0fb13
f914f5eb
071e0ad3
ff33f606
0fd90afd
0e0303fc
033fe619
0cfe181d
12fafcf3
080b254e
1eb70ef0
4431ff28
fe2a262e
b2d21341
47f6c7e6
d8a1543d
0aeafb15
1e071fd8
f5eb20fd
14e4f227
fee2fb0e
ff13ed07
ece4fff6
ea2a05f9
01051214
e9f2d40e
2bede707
2e36fb0e
ea0bf3f1
080ae515
fc232606
07fc09f4
02f8dc0b
1cd3f202
e60168f5
df000c04
fe18d812
11e5f54f
eb1ce3d4
13e857cc
25d6e7de
d50df7ec
01edf2e1
0e0c1e1f
0fe9e70a
28ff1222
f8f3f704
fcfae320
efd8f8f8
08f02f1d
dad2fdc1
ddeedafb
f9e2f7e2
2320f836
0dedfd44
ffb62317
0b02fa0b
0fd23efa
f813f704
f50afafd
e126f909
09f221e7
08ffe4c9
fe10f1eb
21000330
e114fceb
0d1fe9ee
ff431cf6
f3f5fab5
1e502a07
0beeda0e
f2bc11ca
f31f0d1e
19f51004
e7dfd915
0e1e08e3
0bb4062f
00fc0515
fdec2d16
1b10bc16
1713f515
ed02def3
0e2bea04
061cfeec
24c9fbf8
30290b04
1e3df92e
db0705f7
e63a0e01
18d80732
ff6427cd
30d7edfd
0601f6ec
e01dd8df
dbffc3c0
e11bcd01
f3e10a32
f5ef20db
fefcfd2d
ee261e11
0f322205
fff514e8
ef2a1500
0114f90e
0b181110
db29f707
3005d802
2ff6f1f9
07185007
261efbf7
1dfb141e
f91ce5ef
0b16ece7
14f6f1e9
2ff0410b
dbf1f134
0abcfbcf
22030f42
f2e812fc
11fd26fa
0ffded25
f002f305
25e5fb1a
0ef318de
1c0a19f1
d9ea19e7
e713fff2
1610f304
0127d5b3
ece3ea0d
011412e8
6c300c26
e4f92333
00aade07
eb941cc5
131444dc
31fa335b
4905bdbf
15240865
1bdbec2d
1a3d8e1e
23940481
d6cee10f
7f28bb34
0818101c
14eef11e
bdfaf7ce
fbedec40
e3f30827
efefe473
12ea1528
dbb14618
ebfceefb
22f0fb06
f7241c12
ed2619c8
14dafef0
0a01edf6
0f0d0ed7
0e3a48f9
13011221
1c080116
e206e3fc
f707faff
06fdd8da
fdf3f408
db1110f0
e219ca06
0c14e3fc
00f3d3f9
180e2d25
fdc70a2c
f80add28
0ffaf303
021a15f0
be1a0e09
08e8ce00
dbf2e522
191b4b26
f1ef1d07
ecd6ffe8
58eaf9fe
0b10e5f4
e2f332f4
13fd4f03
fb0ae4e2
1be158ee
08fdecf3
dbfe030c
3df6e8d3
fa13ee3a
e098d200
eeec0134
d32a1be6
2ae227ea
da2937e2
2f62e206
e7f83e40
4664d619
f408f6f7
fa0015cf
2ce0360b
ff0603d1
d5f613e3
37f3ec1e
d7e313e3
f2ea1ecf
ca1f28d7
f5f80116
fcf920fe
fe09f01a
f4130bff
08ff1ae9
25df0ae7
d1e8cb08
e116e501
ebdbff14
f7f219f5
0424effc
e41302bb
062f16e7
251e19f7
0bd44c2d
31f7352a
25ebd009
fdfbd5e4
20ded101
1eef06d3
252b1df6
da2306f8
1f092503
dd13f6df
da260203
020e062d
33403127
f4f0d2ee
d6e9072b
fc2c030c
21080213
e32e3b42
11041c0a
efffe908
1024ee0a
e34006a0
0e2f103c
e205fd0e
00160f3b
c20386db
13e5d825
0206e6f2
08ef240b
fff20218
0026d605
6601edf6
f41f1bed
090d3a09
020633d6
010c1afb
04ffdb0c
ee131abc
112f39bc
cadcf7c0
fecefdf9
d8d2151b
ebd421fc
fbf7e6f6
169d490c
efdd14f1
052001e0
20ce181d
160ecc20
c410e61a
34067f34
f41b07fc
1cca10f5
13d9188d
101dfaf6
02e0071e
f53cf0f8
07b6d1cb
ea2021c7
03de060b
2c0eff0f
faf4ebf5
f4160911
d6ebdfff
d7dc1800
260f1f41
f4f70327
0805dc18
080ef3fe
050fe60e
dc02f7ee
ff2ae1ed
00114b14
ff26e317
f8000906
fd0012ef
fefbf219
e602fff1
f6172cf6
29f229e9
da7f2d10
3f0ccbf1
ee16f1d6
23f81a05
f009d0da
09f4e82b
f2bcf017
13d5cafb
c8fa27d6
ed062715
fec81bff
0b0329f4
14e21de9
fa1f1d17
10f1140c
56fcff21
fe029d1e
13bef700
db18213b
f108e40c
f248e2d4
810bee22
dc09b6fd
e949e242
16fbd812
22e4e21a
243b44db
f2320912
11effe0f
f15efc24
1612f715
0add130d
0413e710
f1e81dfe
c22cad08
e40738f0
fbc7dffe
fbd0f7be
03f40bdc
b80ad7d6
cdf1ec12
3a31fe19
f10a20f0
0de0df0e
f9f406f6
0bf9ee0e
f7e6dcf3
0e20dd27
05f4e20d
b1fec7ed
fff3cfec
efebc312
f6013602
f208da20
e1dee711
0209c8e5
2044da08
38ff07e6
ffbe023b
daf7d403
3871c8bc
d147ce1d
e217dac8
03f781d8
f2370dd7
2b28220d
e8fe1b0b
19ef16ec
fe170eff
f9390d51
0ba2dcf1
620a290a
ec1317e6
1d34e8c3
e64ae909
f704500b
1dc2f902
05e0fbf7
06d14121
161804d7
06f1df14
241812e3
d00d01b4
18e904f8
db051810
fd06051e
dedaee08
180a012e
dc001f1a
0dfbfdf3
f31400f0
f0f619f9
f0cbe5d2
ed04dff0
00f41121
e823143d
051a4b08
2215070f
deeaf24d
23063717
001e2ac4
0ef40929
f82a07e7
2fda00fb
ecf7f1fe
bad02032
09daccec
1f080eec
08e8d9ea
5f1c17eb
28b6f608
1af31318
13351207
f52c0ffb
f5e443f9
10084afe
d5eaefd2
c602ccd1
00ecf42d
c43e15f2
d0a7f11c
4dccef09
0ee5dc26
0900f5fb
0f11d8f8
f236f8f1
f1caf6fa
e91103ec
400d460f
0cc5ecba
f92814a2
0322e227
8642c0dd
12f3fdfb
0ce4c3d3
c623ed03
fc047413
472154d7
080e50ec
f4f0f4eb
051ebfba
22fe01e7
fa3de33d
0e09f5f2
f9db2301
05c25406
f200e137
13f3201e
fd2352ee
f309fe17
ef2207f2
f4e7fd3e
f2ce0e05
0fc22907
dff91239
e5fdf603
e510ab0a
ea3512c9
e30fc911
d55ffbd7
10b22305
ee18ace9
121de338
eefc1004
0418b704
cc042bed
001128d5
e11b0a04
f6e6f31b
3cb0e813
e61b07f1
dcf82412
32bcecc1
39cd26f7
e5f80026
07b6de1b
e64913d2
0afcf90b
fedd00fe
0001f2fc
0b0b21f4
e024facd
ebcac405
eed1de2d
d64abeec
4eff37f7
d61818f8
1af700e5
e907d907
f0f2e7e2
fe0331bc
ec21f334
ebd50efe
fbee1716
0f1f25b4
03f0e5fe
1011f5ee
1e060906
02f1dafe
ed0c0345
19fa2de7
e8f116f8
1be3f50d
dfeafcf5
f4050fd7
0af317f5
0efdfefb
ffdc05e9
0ef7c4f5
d20210fa
0b05fc28
0aeacef1
f904d824
07fa0020
f82c01ef
e213e9f6
f90c2e0e
2efbfa00
eba0d54c
63e407de
e65528f7
8714d6dd
3d00e614
dfe00aee
2fa84bf1
d02ffff7
fdd6dc2d
18ff2a0e
0ff0e6db
11d00a23
f4d80701
51d9070e
24111313
e2d82cfe
11def3ae
18f20318
1214c9fc
b2f3d009
f80ff600
c4c3cfee
28740b0f
38341839
b62134d4
7fe67901
013de038
ebff2bdb
f0d94bd3
01ce0bd3
e4ebae20
0495de29
02faf7fc
ea0efdf5
185227e0
19f915ef
1a0e1cfe
15ef05de
ef0b12f4
0e0220fe
f6eb2529
f8fad0d8
0b46eb15
ba1001ff
0cf0f5a8
1dfcf3d9
0806cf0f
03efeae4
11c2d229
f22d0614
14c3080d
0bde12f4
2e2616de
4317240f
d2fbff31
0ef244f0
10f9ee06
0c01e212
02f60ff6
f0e505bf
071620f3
07fde837
0801cff8
28e935e8
0f18e1c2
ebfc063c
1ad52b05
aef8feed
ce1532c4
fddfdcee
3c04f624
eacabcfd
f206e7ef
e3ec1515
dfca56ec
30ea2fc2
073c004f
0e94ffb7
fb58e0e7
02061e5f
e1d000f5
f7f6f224
d7cd1105
ff2cfad3
f0480ae4
b6d7e01e
030b1efe
0b26e2de
0c06295e
d4f511ee
f71c45dc
ce20f1f0
15d20dfd
0704f936
07c8f026
dc14e242
f9cceb06
d311fa0d
eebbf8cb
2bfd4d4a
0a0481ed
6340542b
2bd02ff9
3bc410e9
1c02f804
18e166e4
ef09f4f9
18f4db06
e30c0601
110a1de4
0501e8c3
0036040e
1ae50c11
f1fdb3f4
2827e8ee
0a29f20e
0bcdeff6
01e40614
e2f0e607
e1dfece6
0bf00af9
19e1d8e3
04ba29c8
17e3fce9
191ce724
f40e1d54
2ae2ca1f
f7c80ccb
090231fb
1b17291c
04262f06
dec21ec2
1d2c0a22
f2fb29c2
090c03fc
ec152224
fbf6fd26
073713fa
0dbeeee4
dad91cb1
2d07181f
fed30106
27d83b23
f4eb2fec
f818dee4
d7f80c04
f711ecfd
ef110846
00ea050c
fe4c13cb
e807ed11
0e16fa0e
f31315e4
dc10f8f6
0e1cbc20
bff212e0
f00f2104
b60aedf7
f7230307
300810f8
2234edf7
0100101b
01b86227
cbd10022
1be8ed38
2de91411
2b3eabea
0ad1610d
f8fe100e
eaf25107
eb36e974
2c09d70d
cde8e5e6
17e3293a
f80fd932
dbd902f8
e8290cf0
0302ebd9
131eef13
0eef04f8
00e4ef37
e2ebf800
f2e7240a
1f051708
e3d312dd
15ff040b
cee3e7de
030f1a86
0bd91135
b1eb0235
d706f5e2
dee7c8f4
29fd0efb
4307ecf9
01bb0c81
e008ff15
0e083108
1c3ed8a2
1507efac
0641fd03
f9e626ee
eef5ee0c
fd161105
45fa25f7
fafcd5f3
e6fefa22
e81712d8
f40dd811
fff70c24
d8fcec1a
cee14ed8
c2fcdb07
ce0dfb0d
08e6e737
ebeaccfa
11ce49f4
1e05180d
f6efe6f1
4809de21
bb2e06e1
26b60702
11b6f3eb
27030ce8
ef37f41a
f3220c0d
17b9deeb
edefee0a
ebfafa03
043113e3
f82cece4
ecc8bee6
1500eafc
0ae8f5f8
f5f60721
1ce82d10
4022121d
0818ecc9
1a230e0a
24f31c13
e2e420f4
e0d0befe
e8fbf114
1853f40a
05312b33
12ea0fe9
0e2e18f2
f502e5ed
2b4657ed
e7f6be1b
160511f0
dadaf2d8
ebe0f1c0
0cc2edde
bdeeff1e
ffce0720
1ddf390b
05f609a7
17ebcd1b
0ace1e34
e82ee6df
f5fc060b
0d0aeccc
f50ff538
a907e119
0317cec7
e1470018
edf0d80a
25052b3b
19bc015d
0e5227ec
1adccc05
143fe509
0bf72229
251be9fd
f0fa280f
f7dca318
e1dcf91e
251ad814
208b2d18
304722ed
1eead9e7
f0183217
07e0fe2d
09d71103
e81235ea
faf31df6
08bc22f9
f8e1231f
10ef0001
f0effbed
eef714d7
0914200c
0df29dd2
fe0446f7
05f327bf
06d70a09
05c2f6ff
03fad4fe
e308280f
0cefe809
1c24001f
39c30cd4
00e9e5fd
ae1d3a08
c4fe1b18
e8fe5b0b
28e434ad
0fdb0419
1bf51dee
1e23f9fa
d8ecdf14
25a81ef6
f0fc2727
fffc0a1e
1148d408
ff0d210d
031ef403
191514cc
e7fe1cff
06f31917
360600f6
f025260a
ee0010c6
00f9050d
07ebe004
36e81722
ea4c1fe5
f614f904
f9f30c02
0bfa1112
faef2620
fce201d4
e42d2820
00e7f6f7
df0bce12
19bbfe21
d32007f7
e7f70410
fefef617
fd07ef1e
121b3743
d15a24fb
05f33324
3e7fe618
f0c9240e
e2efd412
e7e5dae3
f503ffef
06e9eb13
211ef32e
d9b6e516
d3eaec01
1ce137f3
24dee9f5
e4481410
bd0cede5
0911d5e4
f51c1b1f
fbf62be9
c903d4eb
dd14cc14
27d60c2a
d4edfdd4
45e2f1de
0d26bfcc
19f0f7f8
08ec03e6
ff021bf1
fe1cc335
c1f0fdeb
0701fbce
31ec1847
162e1a08
0202080e
00082128
17d859ea
f71bccdb
070aeae5
21e125f8
e9fdf152
125d1c10
23f50018
fd040b0b
11f445e9
d5defcec
0a120c1b
0c11d2ec
11efe424
fa4cf40d
e84af7e0
f110cf0d
ed2c0310
1613f504
dd0cf00e
19130ef4
13032cfe
24f222fd
25fe1232
e93a0cf1
fe42c6fd
fcda0a06
46f3f112
ed09ed38
2915f9b1
0018fab1
eeb40134
21bf10ff
f4f4121d
e0952798
23fa1011
1858b1e3
058108ef
21ad50e9
eeaeded8
b4e7641d
fe27efdd
0a0be327
d7ebe3f2
d9d97f01
f09a256c
0ed5f323
2920f720
f1e6cbfd
6d01302b
1605f2bf
f5ffedf1
200129dd
0b2101c6
142dbcf0
b516ff1a
f01926da
311600e7
ea0e570f
e529fb00
22c6481b
f7dc2c10
05dedcfa
2abe20dc
0be4f628
ea090feb
00e5eaf2
0aeb25d5
ee24c5d8
0b2b0032
0400f831
19b804de
eacb0c09
d497e2fd
f4f20f05
0f0efeef
ecc5f622
17071015
e08c3f19
fdfc0024
06fc9dff
06c7f411
01d0cbd8
35f70efd
1add27f7
0f11f0f1
03fed0d8
20d90e2a
0bf01108
0ae9190e
fa9e45b2
13dcf1f1
d2dbd1e7
edfc2161
22b7e387
eba1fcd0
e73c1500
e5dd44c9
ff0eea3f
f5f0ef1c
f35607ef
b5faf430
2304265d
cf20ff1a
fa1804fb
0c3112eb
e7a7a6d5
2ce73714
01dce9f2
e0d0edde
12e40bda
dea0fdf6
ecea270e
30ecd52a
05c335f0
e9fff328
f913d7fc
f5f0e2d8
f4751606
c716e8d2
bfcfe5fd
21f0f319
13ffd20a
f7f50410
1b04e310
2d04152e
001cfd16
07d0effa
d9f128de
da060fe9
f8b601fe
09f3e713
34af2f13
031ff764
f6a8f11d
1c0c45f5
2df3b925
0afa06ec
06eefc08
f9e30009
0e1009fe
ed07190a
020bf20d
09ebff22
ef0e06eb
ecf929e8
f30910f1
eb81befe
fbfafc0f
f20713fc
110bfb0f
fcfa01fb
f1030f1a
0cebeff7
010fd624
fcfdcbfc
20042a1e
e9bfdafe
f9b0f5d9
2b2cf203
28e3f118
26143bee
f72b04e6
e2e00d25
092941ec
50f5e77f
f2de2ae5
3bfce3a3
0de21620
4617d7e6
0707f53a
f7f2f0e9
06f3ed1e
fbff0010
01cb380c
c62a1c4a
15f7171b
fdf5d7f9
17faf3b0
dcf2d6ff
e601e215
e0120c1c
0cf9f50e
041f14f7
081921ff
ee11fef8
f200f723
f9faefe9
07efdd1a
d9f00d22
02f01e01
f5e0fcf9
ff03e317
16f3e614
f1fe01f8
090c1ad6
070f19fd
d5ff1b0b
feb91402
19f10afb
fb040506
3ee4f708
fbd5ebff
00dbedd0
f3f4f9c8
f91be2f4
1401eff5
3d07efd9
ec24fb15
e01b161c
0015f224
da000714
14dc240f
f3fb06e1
f6e72ae7
05da04d8
2fd93f1a
1c962e2e
0600261d
fe121efb
fce4b7d2
0b160baf
201d0c1a
e7e917f0
dc2c26fd
ebdafcfe
1d08043f
fa09e504
12b1d7b7
3ad3caf4
f7f9d506
177adb04
d62ce007
27f4ded3
46ea13ee
ee14cbf6
dff7decf
04c6e511
0a14f12a
fc3ff22c
142f1fff
0afe1109
00cee82c
0bfe0ad6
da224fe7
15fe13e1
2bedb118
e1b615de
2f1911d8
47f502e5
0513faf1
e7000705
2ed8400e
2c1a32f8
1b225a18
e4d61be8
e00fe6fc
f601211f
0af624e6
04df350b
06d72bd6
f71a150b
150f0501
15f413e1
fd11d8cd
faa758f9
e00bf10a
fbe70014
27ef15d3
0b0cf0c9
efd5f8d4
ecfae816
fd0605e8
2a0fd0f7
f6fef10d
00e80f0c
1fd40cfd
f40dfe0f
04f7ed04
23ea070d
fcd92beb
08114207
d5f11bc8
021c3404
dccb16d2
fae51c3f
0d28ceff
ef002a06
09d62421
e9d72740
da05d03e
091224fe
2a01b5ee
e8ddfdfd
0b13f908
4de3ec9a
fd19ee12
ec2017df
06f9f610
ebfc0ae3
e80513ed
04d82f40
30ce1a0b
f10b2f1f
14ff1e0b
e4dd0de9
f90df849
e506f502
0a1cfb12
16ec1315
05d612f9
2a1806e0
f522d108
d8fd190c
05ad2c23
fdf41f2d
181514eb
e303f0f1
10f6004e
e1fd3430
1ad9fbe3
fb112f69
f0f4091f
09f0001c
060fdef6
f9231918
1306c312
26432d0c
0924d904
3744d415
29fbcd08
f7cc2a0a
ddbf3eea
3eeff9fd
eb0f1f44
d8e3eb0a
101e4b09
16c3f219
011fb122
1403f3f5
20e4c42c
36fe2154
0d3f10e8
d4c11c07
0b63b4dc
31120929
1a00d624
0bed1113
1a070f2a
fafb7fec
13fce009
04e35255
15ee0c81
23fe23f9
fc09e6f4
240c0416
061209e4
e5e1c4f9
f51ce0e4
0714d51e
dd1a0f15
11e92a1a
df1aebd9
0e022c29
ed04cf04
003be4e6
e7ce1918
c723def3
d1061ef9
06fd34e7
e90ac918
03ff27fe
fc08e704
fdef2b56
e2b80087
7f1df00f
09f42c11
e2964e00
15e4fd34
fe05efd5
e8e02afc
23f40f35
0e2effdf
f5f8fd22
fd1734f0
e0881347
260af7c5
f7f100f5
fc2616fe
03020514
27d31729
f4c0f00d
03f833e1
01363916
190ef9e4
0413ff0c
17c9d715
bf0605dd
15ebee19
fd0e3308
f0ebc40d
11cfa6ea
10ecf6df
0df919fc
dffddd04
e9081108
0902f906
f7d618ff
d6effa05
0db5de08
f203ed04
ce0a1804
f918bc10
faf325e0
22b24006
ea0903d6
f8f2cee3
f5330605
10cfb59f
1401be0b
1955fbd2
f40413c2
3c29f8f4
0afe2f20
04a52fde
aa3df3f7
0c37d0f1
dc0e12f9
09d632fb
f1e10945
0716e8dd
2b0af8fc
fc220df2
0d030c06
f5fc2c17
1cfcffec
0a290020
f4261ce6
fceae3f8
11e7fdc6
1ad10502
d6c6c7c8
ee3dc4c1
f91bdffb
0bfc1adc
a808f9e9
fd13cd81
4dd1f01a
20ff4813
0a0132d8
3c2028a1
ddfd13e3
49f311fa
c3f206da
e5bbdff9
0e051a08
38e5c6fb
13c4e81e
10dceb38
e4fdfdd2
ff1b03f1
2ae748d8
0c381ffe
aaf63ed3
0d412122
ecb9e819
1e02173c
143c29fa
e72e0c09
e30cbc27
e5bf1bfb
2e23e6f6
0af62aef
f774db04
eb06fa84
d8144228
18f691a4
d61113dc
0a08f9c2
b46d0cf1
ed322314
fcc2e21c
e6c7c116
160ddfe5
bc16afed
f68ee509
e6caf5f4
1c31d5ea
89036b26
1f1badf0
f110f519
28042fd8
07e10e2c
19d7ef07
1a692bcd
3cdd00d2
effe36f0
2f07d4fa
d6f15a3c
12d75ab7
f0f410eb
e3ee2ad3
2bb8041d
2cd81bdb
f3ec2dd4
f71002fe
f8361ce2
edf61019
0a15cdfc
efda3204
f2f505e4
cad5ff0e
1fe7f9f9
ecc90fe6
f3e1ea13
0df706fc
05fffacc
ff13db17
f8ede8f8
13ef0901
e6dafa16
06e0f103
edfb0300
f9ebf8e7
160f1bda
0c000312
06b9a30c
0bb0ecdf
2e0be0e1
f6f134e8
dc16eee0
e314e7fe
c7e6d905
3310333b
1d3008f4
ce4d1f2e
191e1b04
24dcf412
fa13d10f
c516c7ff
fffb1414
13f30216
fff13417
005af329
07230123
2d2fc5f2
0d090f5e
131df969
4346c85d
e735aded
85003c5e
287fd720
b6985214
2d3f130f
e35511f7
21a224c7
07c655c9
0b3ff304
1a3ed400
d5dcf911
2c2c0510
e0def727
fe130000
f9fe0200
1ae544e5
fdc1143f
31eefc07
d6d41ceb
0c055add
2b11f6f1
daf32618
1ce217f3
002ce91a
d2edf8be
f11dd2f2
d1fd0917
55e93205
2336d61e
c9082dde
0c0732e6
26eefffc
f82fe9d9
04e6181a
efe7e600
d7e54917
2a2addcc
0ded2eea
01002af3
1e1bf6c3
c70ff006
f20af9ec
e32f0df1
dfd4f518
50a1f3e8
f3cde014
e4103816
fe04d418
fb3e33fe
040b270c
f1ff3e09
fef07ff7
eed0f2e3
07e543eb
26e31c20
ffe5f3f6
fad9e405
ebadf3ee
ebc5eb06
e0f0fff5
00e8d4d8
dd0901e3
0211de09
1f28f725
39f2eff8
d310fff9
170fdbf8
11fb1b0b
f6471327
d50c1023
19f02216
c72b1810
c608f529
ff174ccf
0fe2eb0f
f50b1d31
13d74609
21291055
f0144e25
7faa141c
345efeea
fe273f35
92d7192c
31b89ecf
ec0d7f19
fb0fdeda
0a0fb421
c421c806
22d9efb4
f6ade1db
1d12d109
0421161b
fa2be6cd
241ad5a4
db128bf5
05eb3f00
4ec0ee2b
071ee2cb
1d36ea23
1c221d1f
2a574316
eb27ff0d
0c062c0d
152301fe
07d6f2ef
f5e43518
ed27f60c
0c15fe23
3ce1e6f9
d5ff121a
080218ea
1606e703
d40c2bd6
1e332af3
eff207fa
0828f2f4
d618d2da
1232f2d3
e91ae904
1623c627
efcbff4a
0f07160e
0308efe0
e50dca10
5a2323e6
ec2a0324
26e91be8
0f03ea1a
e4d5ee32
f80af611
010103e6
26f80d2d
cf0b2bf4
ec073204
ed311eed
ea34f81a
b50630d3
22f0fa3e
062b49c2
e5f3d53d
2bb6c8e6
352eeadd
dcf1ffe5
fdeb21f2
37eb37e3
3cdb2605
1dc330f2
15d429f1
23c765f0
f2eed826
f5f3da16
f7260d1a
fafe1001
fcf705fc
1f07040f
29031e1d
07f70d24
fd20930f
11e6dd1e
bd14f0dd
ecd5e1d1
e25811df
fde4cae5
debbf615
29e283ea
0827ffe9
ec10d405
31181103
21e92406
150be7f2
2fe1fa0f
f1e306d9
d80d0f19
061a0202
00f10b26
fcf01af7
4ba92ec9
07f0f919
20df0ffb
f9f306d3
d7daff1b
2232e9f3
e215cc01
000e041b
28dbe6ef
f4d001ee
6f330eb1
fd16b039
dc044df0
fee119fe
03132410
1be640fd
02e3eceb
eefcfad0
0d12f9ff
18c53723
19be4a36
fdd1c800
1ae41613
fd141e0a
fd24231a
0dcf0ad0
0bd92403
290005f0
e7f91f15
25fd12f9
ec0dd2e9
0bc4f213
e003fded
fc0ddce7
c8e308f2
052800ee
00eff509
1a25eeea
0d0de70e
f9d31df0
f7f61122
21f6091b
e8f0fafb
e111f1f6
2edef4e1
ee11fecc
0824e8f9
05cb0b15
fcf618fc
1b2e1518
fdef0b02
e22af6f6
111f01c2
f9e6d512
eaf62e10
e505ed09
0a0b2302
07003c26
36f70fe4
f400260b
e5e0ff02
cbf3e719
fa0818c4
1acc06f3
f6150d33
36ba4315
f610160f
fcfc1f41
de01de0e
f7f80fc9
e71ddee4
ddf61013
18ff16fc
0a0f09f5
361d1908
17240e10
fd0de415
fee6113b
16eff8f2
ffec0405
ed17f3b9
fdee44fb
f2dbf014
29011732
f50f19e2
fe2c451d
0ae8f114
0f10fdfc
f6e6eefe
f5fc3110
fb250316
ef13d31f
ecfdcff6
e20102ef
f311ea08
051a041f
21fafb23
d4ef171f
0c26f2eb
26241929
f634ed08
c8f80c0f
0b318918
d9f90241
f5fcc0f4
eff9f0f1
3a74ce06
e011155f
ee4acec7
05f2bde9
e21aeae5
fc25d5e1
b5ef391e
18ebb516
3b1d3943
04b01af8
f9bd6132
05dd24f1
ffd5f5f8
fd0a03f7
da321908
0e1cfad5
cdef051f
fbfba5e1
07d7cd0d
1046fce3
0e01811f
fffd1d0c
fb3b2e24
25defb11
efc7f2f2
ea1bd9f0
f6c0f2e2
2509de3f
e7f20217
c9d309f4
b20e3cfa
1be2db29
17f733ef
11fe4403
f7ccf4ac
f307130c
f102eada
eecc00fd
e6fa1ad5
270d163c
cfc5f7f5
f9ff171a
e7fdd7d7
fa12f4fd
f30a23fa
fa2dfde8
cbfa0ecd
f6f903ea
1ef5e507
ffee040c
efdfdef5
2b0fd72b
d037e838
de043e00
04c216fd
eb1c2012
cf02e3f8
ddd9d9e2
e4c21c17
f3fcd6fb
e7e2c6f0
18fa1300
de0327fc
0538d01f
08f0f6ff
1237d0de
08020acc
fdf632f3
04f8ecfe
f9f4330a
02f61215
07f211e9
3105ff09
f1f9f214
f8f3111a
13f51107
f308f4ea
0a42b8dc
13f50ada
153cbc39
23eaf821
bc5cf4f6
1404f945
e3fa075b
f8150011
f6f5da0e
18f9f9de
05f11f03
0b3806f4
d8bff921
fb1d2010
fd0d2313
d4232221
fde7e6e5
bc0824fd
0809c922
1a5422f8
2dc75513
08fac613
fd262788
fe0dc8fd
efcf0502
0bca1315
ff2cd9d3
e40cf54d
dd11c70f
29c8d5f8
1c11f8e5
e3ff04e8
fdeff8da
e22616b7
0ae4ef21
d1f50215
e60ff4d9
1be4e7f3
e414bf1f
f9092aeb
1e44d4de
f5f8fa16
fe251c26
451800ba
ed2f172b
ebd5e209
181e08c0
f0f1e315
ecfb01c9
23f7dad5
e104de3e
d9e6a408
161e21ea
db06da03
f94e16ba
07f6d612
ebf1130d
d5f6e203
eebffa15
0d0fe8fb
1afc0415
1904191c
1de33038
1af6bd08
cf08d0f9
2c15e7e4
0d1a980e
cae913e1
23cd1e10
1fdcfada
d311deee
fccbe603
19dc042e
230916f5
02370b12
0b0d21cf
34de980c
f4e3f0ed
15ee271f
dafdc907
e8f9e2fd
0f070103
12f2e82b
01e9fde1
f7bbebf9
27070c0f
db0c39c3
00f01307
08df01f9
fd200e99
00f13dfa
d82b0b0a
1607fd0f
ffeac91b
121df1d9
16e61018
21fbdd06
ffdef202
f8410e12
f6f4e01c
f7163ce5
0b3744f8
f5174317
fefcdff1
dcf3da1c
fced1800
13f2d74b
201d08db
ee12e8ec
0b17f90d
d826fefc
f3ffc90c
01441f55
1aefe3f4
f4db110e
d53709ef
f1112635
e74a0310
1cc61465
e5e6edf5
0ee31b10
c519f414
f5f3f50e
d7d5f228
2451dce4
25f5cb04
06061234
f4e0cf23
000c1e09
1a3b0131
ed08ea00
08f0d52e
2cd015f8
eddafb10
c7ea1efe
08ef2500
29c357de
1a22f81c
ecf8f5dd
f3e6ede9
fceec525
becffadd
2cd5f8f8
060dd9fe
e5080e24
e61a06f2
260decfc
18e216e1
e91511ed
eb0d0217
13fb2c0c
f7fcd913
ec07eb34
f0053213
17e214f1
18e82005
fdec02e2
081c1523
1d3a0a12
16e7231d
090a2ff3
d602df1c
f5cb1db8
1f200606
2eb81d0a
cbfa2223
f4f70bc3
05081201
fa1b0110
fad52903
10e3fb28
16f91315
c0182ee8
fcef263b
261641ff
13312324
38a94044
0f6b0fc4
12600f22
caa33b5f
4edec8fe
e8d05c30
eaf92946
dd19cbe2
cf020324
d5edfaf0
e80d2b2b
ef03d5f4
fa00d13e
d0141fe9
ef1c412c
f8eef9ff
18f13029
efc30025
f1add725
df1c22b6
17faf5ed
f907cc1f
2ef3fc05
d0fc0811
1ae0da07
20cc19fe
db0edeed
fcde07de
08510404
2ae2b11b
0cb33d21
3252dd7f
317fc45f
f9f19be3
81bc7121
c43dce1a
93844bf4
31233ed8
07211a24
0402befb
f7031d59
0516fa28
e40c1b1b
1f22010c
24f9d817
321df208
fc04eb01
0a75280b
08f908fe
11f807f8
fff405f9
f6fc1113
04f901f5
f7f21007
2102e6e3
f60b1bf3
07c819e3
590b230a
22274cfe
05c92a1c
2d1650e6
dff0243a
1f3d06d2
031a9105
c3bdf9fb
17d609d7
fcf19f0c
fd1cdf52
02dddad3
f100f805
19f71cf2
f60bfe15
02cbcbf3
f5fefee2
f5ec231f
07eae418
011ce4fa
11dafafd
14fdf907
eb0402e8
280e1fea
0e0e0638
fd03f0e2
fb0814e1
1cfc340a
e2b335f4
db3cf10f
3404f2fa
1209ba26
18ecd7f9
dc301c21
e0eee0be
10c8bb10
fe0cdee0
00f40712
e51003d5
f4daf1d4
311815e8
3a21c3b8
9d3539e7
e6a702f6
1de597ff
121b2401
ea0beb07
fada1f29
350bf8f0
f8130c0c
cf261706
ef02dfe2
113f1033
0bf2e600
19662d09
01fe0300
15fee608
ddf413ed
0d04f0f5
1205e3d7
ec1e1707
f711f205
22fe11dc
1c6a0f14
000b0913
0851141c
aaf50309
eb280c02
1deaf61a
2b12ef02
c421dcfc
c517ce03
eede04d6
fe7afdd6
e7f3ed23
07ef4533
61e4dae6
1e33ccf7
feedc82a
fbf9ccf2
53dfe843
03ffc30e
1d380aed
ef442e09
f2eaea22
f50ccd4f
0c041eef
f015e308
f8ff3bc0
25101aeb
fbdc18ef
f8f902d3
c509050c
2be2edf9
ef0cdad1
d4ccb021
e5ec3813
100330ea
0f1036df
4a87e018
cec1202f
ffdbf542
07fd10f8
0cf23ec7
2cf310fc
14ebdf05
edfd0c0c
cb06040a
0bc51510
f10914ec
ed0718d4
01ec1bdb
3b0b2c06
01d3e5fc
1fe4f8f0
0ef918e2
29e302ec
0604d6f2
1607ea11
18dbb2f7
02f4f00d
0dd2d60e
42c2db48
092b27fc
f318ef14
f7de07fa
e507c8f1
23d622ea
0df7dc06
2b20e1c9
526a0d12
2c1c1e27
3b32fcff
0d4302e8
ff19bbe3
0ef4df30
f5e2e8f6
1609241f
2cfaef3e
1510ce44
ec1fce0f
141b35f9
fb062700
eaf2e4ca
0005df1d
fe01efd1
55ebe7fd
e8cce819
1aba32d5
e7d7da46
100b4af4
fba7adc0
ff0d23d2
1eed08fe
b9fdfd10
0635f6f2
1ae2c204
0d4de43f
000fe20b
fe3a9c33
d53cfdf5
fb140120
3720f623
2d09dfef
d3f1574e
140fd1b3
23f1effb
f1e7fd22
2510ccc9
e30329f7
0602c5ea
e22a3328
2af11de6
1bee272b
09faea28
c654f7ef
0cf3ebf8
f523021f
c034fc02
43141a09
e1e5cb1a
fdcede0b
f3e01ec9
15203ec0
3321e4fc
f7f6e7ee
10fef2ed
e6370816
0bba76e1
f818db1c
19e7acdd
11efe428
1531fdf2
16ed4e19
c2040c2f
aededa0a
fd3bd440
1318f3cb
e5c5d9db
1b10ec00
d301e828
eef20ce7
0dd9cfd4
23d4c109
71e50b81
f0152434
defd1b14
0ae8f118
d6021744
ee3502e0
f9fb0d9c
29ecbf16
efdfcff2
101836f5
f309fa17
1cf7f5f1
f0fd10fb
10fbd3e3
d70e0403
ff0c40d1
c9f1cbfa
0dda01ee
ec0909fa
18e91fd3
e30011df
12ecde39
03ef0f13
32fd0be9
2c020f0e
10320f03
1fec1b04
0c00411b
cbfde6e8
02e710fd
14bfee00
eec1bced
2b06201d
1ac28d92
04fcf40d
d240e6ea
03bd0d93
023008ce
15c1ddcd
e2fd320d
3e049f11
29d4173a
df22da15
f71cf216
c503d9c6
01fe2cd7
dd2500dd
2b1d142e
f9fff618
13d0c103
1e0ced07
44ead112
07d906dc
1e1805ff
43c5f9fb
f90c2dd6
b61f4227
81e70613
ddc990d2
e959da28
df22d61c
bef9a900
cb1b9712
01c13463
d463eae8
e605fe8e
2d04280d
ea003125
0d08404d
5aeb13fa
03f34828
fb2134d1
15682a00
e227dccc
0309e9e9
12e6def3
1d12fc3c
ff093416
32d4ff4e
ac56e419
fff23538
1bad2339
e2fa0013
1ea252f4
09e6e810
dc1cee1d
adedefdf
161907d2
2dbbd858
e7fa0acd
39f4f705
ddf02abc
0aebd452
1716cfe3
f0eae620
16c9eee2
f412fa2c
ee3417fd
39cbf0ed
0ee6d61c
02f5d4eb
f7d2e205
f3c9cac8
e5e10bed
5824e2bb
01714911
e5edf98f
05d91bd1
34322e16
391d00ae
decd17d4
1438e12a
93c8d6e5
ad1fdef9
f90855f1
01ec0115
c4f73545
00f2f3f9
40f93c22
0abdfe0f
ebeed8dc
f807fa02
f310f307
0d011632
06fcdd08
f704ef04
19f1f600
111bfe1a
fd0a0dee
1ff9d80e
be011a04
f1f3b2e9
08e94c43
0424ec35
d6ef38f7
2f103dcf
e4e4c7fd
2808ffab
02244de7
d5f6f743
3b10baf7
030507ee
f5091823
ff37a30f
f708f412
f01fcd27
f81f0427
dce314fe
1302141b
10cfb7ba
233a2b27
ff2e4639
06f641d9
37100d2c
31e4d9d9
fc06140e
21d1e70c
06d51ded
ed23c6e1
eefeffdc
0e290d28
1f3aee17
f416013e
0ef02006
ddf7c5ee
d5fe5af9
04cbe4c9
de17be3f
f9f940f4
5008fef3
0c04f9f3
0913c811
f9f4e0fd
0ccd41fc
11f8e2f1
f4090c02
0213f1ca
f72efa0f
02fce0b3
fc25fee7
11f8f3ca
06fc25f4
f2e32501
5e1a1dd3
f81508c1
17e4f844
0a004add
14e3fe4c
233dd6f4
dbcd1204
e00d7fb0
eb180fcc
0505e326
220d1b00
1544182f
e03e00d0
d5f5063e
332e2ff3
10bd2b08
3437de1f
12fbf8d1
3027db12
23fc1fc8
d6e2f125
36ef00cc
fec710ea
dceaf0e3
0a2309f9
de362523
0d00dfe9
e5ebe9f1
25d502e8
b30dee2d
186897fe
20fd0bf8
c8e41619
04f2270e
ca1508cc
14dc1aed
eff800f0
e33ef132
e234982d
2e2b02f1
0bfdb3d9
e5f3d6c2
edf905a4
c9f41f09
f71ec8ef
04c7d14f
e02744ed
07f5cc18
f21c11fe
07c1f2fb
f7080610
3d45aa21
4f07fffe
190409f2
0cc42bec
05e5fa1f
01291fe4
2bf3fa0a
16fb06d9
e2e6ec27
eb0f10d4
0221f8f0
dcf619e9
f1f510fe
33e803c1
edf8e5d7
03d8fef3
0a05c70b
f41c08f9
aee9d326
14ebc0b3
e7f5ee27
1829ccf6
f72602d9
2df41be8
13e5c113
2d1a0ef4
b9fddac5
e50c601a
1419d53d
ffb747d5
1ee67ffd
3ffb189a
00be05d5
f8fdf71f
cd08f8ec
fd7f66d4
372fbf13
ffe4fbd0
fce401fc
d308fff8
f7fd13fd
17fefa12
e332faf8
1d30c91f
fbddf003
1af4f731
03f2fa1b
d2e5f8e8
ed0d0a13
06f8f60e
1cdb21e2
3cdb1e13
da12f31d
e020db20
fdeb3702
310c0a1a
3fe4ffed
180dea81
2260ebf4
43e3ebfc
ecfbd3fc
f1f6cbd9
04234117
1a09f615
d543ccf6
f017ffec
ee1805cf
eeea0506
0c020f09
f2190cf1
1203fcfc
1e11f208
e512f3a9
07fb01f0
ddec1dd4
edde331c
1edbf60f
3e04fed4
fadee72f
27e214fe
171ef972
020a1dde
28f1c716
11d81023
e90bb2e5
f7d5dd3c
0aadcec9
f8ae04f7
ece3fc08
c7f2eff9
190f3127
2cfbdb42
dd3d03fb
0ae459bd
e92f1923
dee60022
cad036fc
e22b0f02
fd131539
87df1ab9
f0fb34a6
f312e6fc
fa28473e
18ffda05
d80810f2
07cac7f6
fb0f0e33
15e7edfc
03e0f9fb
0d00f4d2
f5c113db
04521cc6
1c014981
00e8a333
e727051b
50eae2bb
20e3da06
d5f51e3f
f6fbfbe3
1de818f4
1a140319
1f3c07f0
fe17fb05
0f0efbdf
0af30500
17f72860
1d31f3eb
daf50d1d
e5ef07ec
0cd7fbdf
ca1a064e
4726fbf4
25e7d60d
9ffed8da
03dc2244
df1200e8
231c292d
03e958e0
02d1e306
f00de62c
f9eaef1a
4fd0cfe8
01f6db08
f2eec909
01130c39
fad026f7
1c13eccc
e8bee61a
ebeee7fc
b01ed46c
f5361414
15cb5027
330c3fd1
f410151e
f829d03f
140c2de7
21231bc4
e3efd84e
0f39160a
37ecfd10
0e0500ec
011df611
01f9eef3
03eb4003
e1e507fe
3af314e6
0b130700
f90eea0d
f4d5dd01
ebdbf438
04edf607
22f8d6d6
e3fa0308
0b14e7eb
dbe70e08
dbe70b59
f0dc29fb
f9f302cc
fd090033
d9d1d0e0
3be6e3f3
da1bc831
0a2bf0d7
f1f402f2
04f500fd
ed20cbe6
f0fa08f0
3cda2610
ff03f8f4
f4e013f2
0112eac2
e6e510ec
2fd705ff
e14300e1
df5c0cea
0a0115d7
0f1fd712
f6fd9cd6
ec17031a
0bf1ef13
f0e61640
f1e5ea10
27ff08fc
00f600fa
c017d323
2bd5342c
fc0f0403
01dce332
dbf30c27
fccc0715
01e9f417
2c26e21d
cf13d8d7
d5f21adf
ffe6d80c
0f0a1afe
0e10fadb
110cf30c
ffe0f35b
f221fdec
13e104e0
fe42f804
23dc1ffe
f9080f03
dcb9fbe2
100ed62c
1e3f020b
e304f5df
fd0fd720
03dcfaf1
f4e02a19
ba002224
1de40509
d3d3f1bf
0d1df9f4
ea1b3720
18240407
1de913cc
e253e2ea
0cf0e4f4
eb081eea
220febfb
f705fe12
48ec4414
0eefda1c
1a020419
ff1beefa
26de053a
f8df2adb
f930150d
17161000
bf3135e3
eee935eb
d41f3c34
f0f0f33b
c413f20d
090bf625
eafb0501
f6d9fe03
bb04f80b
0e03f5e7
25d9e3fe
f9f3efe7
d4f1f9fb
fa2ad805
15e41df4
e902013c
d1240d21
19ff06e9
23e70e02
07014624
05e01300
190708b1
20f72619
e506f002
1de09017
fbec4113
d4e60bb5
04081c20
de2218d4
07f81ef0
dd18f623
4ade0e05
0ee50616
aef7edf4
091eff3f
f2e721fc
bddee413
e3e3ec1a
8ded0bc7
e2f115e8
0a1c261e
0ed94512
321ce902
b40ccaf8
1cf0fd08
fbddd22f
02e146f9
24ff1912
ff002000
ecee14d6
ec17ea94
0710fa1a
ced92a13
2f0703d4
d53510d5
1b2cdbd3
bc023116
f4fe0c25
b501db13
fd2591fa
0e140726
eafa03e1
33fe32ea
39f3da0c
b3f70cff
fe2c45da
e335dd0c
0df32029
180c1e20
4134e011
352c1021
01f3f6f8
eeb8fcf6
06d5070a
ed0a2902
2dfefafa
16eafed9
06fae3ac
05184506
e3f4010b
15f84edf
f828f612
df11e2c1
05f1f8dc
00f2e2ed
01ef34ed
2cebe6fc
f128d6de
0a2522ef
29fcf231
2ad9f531
0ce70509
dff1e721
ebde0c30
1de3c51f
23ed0eff
43da1e03
f524e208
0af3fc03
0209c404
fa05fd31
0ee527e4
fc1f22fb
1be1ccef
12e03504
e3f4e0cb
02f6b2f9
fc150be7
eee60ec2
fd18e529
0dfaf7eb
0438eb09
09f7f9fe
2ff8341e
cc06e2cb
07ce21e7
1316051a
0d0505e8
eef0c015
e43b0af5
e7efcffb
1bf2c3e2
ea1bfa17
fcf1f9de
01f5fa14
383306f2
f508f554
1c0df210
fadaff04
1fdfc311
f131c7e8
f831e215
ecfff8f6
15163fc0
18072413
33dc0612
f0d1fb0d
b5f0f6cb
b106f2f6
0a2de30e
fdf10129
05fc2206
03ca19e0
c0e6e4f2
21280123
07119d28
0712ee09
ff2d23f3
f3dbff02
eaf805f8
deff110d
120b1b10
171af908
ea0001ea
0f06fef2
e0ecd6eb
e8e426d7
0ce214cb
0b20e1f0
e8251e0c
fee714f5
f51710e9
02042dd1
0c302ffe
f6e4f81b
ecd5f00a
eae32c06
05fc05dc
034cecf0
ff10efd3
c1f6ee24
f6dd0a13
db2afdd6
ec090d55
3b22ec0f
311df6fe
012822e9
c72e0108
b1ff6de9
21c50c23
dbf9f91b
f8062dfd
06ecfc34
08d91020
dae5300e
f004d6e1
cb0be8fc
02fef4f8
31e0f811
e3f6ec06
f217173e
0a19fa20
4ec84bf1
f5edf6dd
b609fcba
02e2f7ff
f5ee0c2a
14efe1fc
f3fd13df
220bf118
e5e158d3
04fa1ee9
dfda1f07
f20bcecf
f20fec1e
f2e8eff0
f7d9bfef
21fde126
af131cf3
0901e604
f7e219bd
fa28e9f0
47d7ff1d
cdd80426
ecfce6e7
f90be00f
fef033fe
f413c425
ff1b1901
03fcee14
0efcf5ec
0cf10ee6
c7ec9700
c609f4bd
042b14ef
1d0fdb17
27133de3
c3f4210c
d5efe5e4
fad4d2d5
1308eaef
ee0ff60d
df06af01
fcee4ef9
0b090201
f6c4200b
301603e3
ee07f0b8
00d0ce0f
0e21f4ef
24cadff5
1807f2f1
f70f2d9d
05f1f542
d03afbe3
1702e904
220e08f0
300709ac
be204ce6
4a2ffbf4
ddce833c
0fa4fefd
da14f31a
f200fa27
feeb14de
fd810b54
cce617f1
f7e5f608
0dbef80f
061de5ba
052f29f6
35fde937
eef21906
3fd315ec
e5d5121b
e224c5d1
dce5ef07
011619f4
63f91316
0a19110c
fcd8f53d
f92ceb20
1aace900
27f9e5f2
2d2e1c26
f503e2cc
e8f8efea
ddd40aed
f91d5ac6
e7d1fecf
20151a1c
ffeb3312
b5ea1f20
090d1c05
f0c11b26
fe0519fe
e90abd0c
fd251ace
d4e6e905
eaf0f422
d3ecdf1a
fef0f005
d0c81a27
26cff1d6
d448f44c
0c121edf
f5beebd1
020a3b09
1404d945
db6204ef
1adaf509
0f190008
dfcdf30f
12ddf5f5
f73c1519
de01fcff
2e0f2cc1
ef052915
26f10f08
0b0609cc
f1f80400
281012e7
3b14fb21
da0dfc11
d9e92700
fdf5f7fc
cf2ce5cc
190f215f
fde2ec1a
15eb0ed6
ec0cdff3
ed09ffea
2f30e124
f3f0e9fa
c010e10a
020de353
5c0baffe
1cfffd09
d60b8b09
0d0b19fd
f4e4d5e8
34e9fdd2
fedb0f2b
0dd1eadf
ef1806e2
d0efd7e4
f50e35f1
f208f209
33f005fb
ea090cd8
430737ef
4c03fe28
24f0fffa
2ae01d14
43d6b3f4
0108c5d1
110cd1b7
214313c0
ad19fabe
ed13f8ca
25031006
cb13ea1e
f8ecb6e3
2be40009
20e4e003
1ce0fe12
f7a20ee4
ddf1e2cb
e91f150f
d84a22ff
13fcf64a
de290315
40e32bfc
fc1dd42e
f1f4e6d3
fb140903
f5f9f3e8
0aed0712
21fa09f0
09f5e4fd
1d1616ed
f40cfe0b
f8eb0af2
2116f916
03faf1e0
171afcec
0ee20107
2408fa02
002ae100
f9171404
a4e808f6
f10b0812
af1415e2
3306eeca
fff0f1de
f405ea0e
fc08f2ea
d6db153a
06e40423
fbf0ea1f
03ecf8de
f8260afe
0336fa03
f707e008
ff10fb01
032c1a15
0deaff1e
d5f7f3fa
e5cf0bed
effedb01
2a09d010
f6f00713
f723f411
f0d0effb
fdf5e30c
f6dcf20b
65e50d06
10f007e0
e509100d
03ff0f07
06fef5ed
0801dbe7
0efe0ce5
1529d42c
0d1310f8
00e61539
f0fce917
01c114f5
0bfbfb34
0e1af514
0105f4cb
ff0b13e9
01d23cd9
00c9e725
18d518d6
1df9e1fe
cad8feff
f8c901f1
e315f024
ee0ff856
f5290211
f9ef1012
d6131fd3
1af623b2
3de3e1d1
f9f3de1f
320c07d7
ffb504fd
f656b7d6
e412f7d4
00d43100
2150e71b
301a0b0b
efbde704
1622f4ef
f2f23b3f
de262012
e82926fd
382c2ff5
1fdb0c0d
fcf1f5fd
e9f1cb43
3ea5fc25
0416ccf1
011ac32e
1ae9f3e9
180ef8f5
f8eaecfc
1324f719
1502e903
072afae6
e9f5f8b7
292cf804
f13723f0
10f5f7ca
370bda20
1d111950
0be11227
fefb0519
fffb0125
0c13f500
011d0b0c
f0051806
f512d309
faf9e50c
1222fbe0
f7d1f8c7
4007e761
e3550dfc
fce9ea90
1a01280e
3817110c
f30f1618
e444bd21
36faf9fd
e8f418f1
edf916bc
46d0045c
c98c1706
f9ce36cc
89b6f111
f0270bfd
b0070740
174ce029
0fe11cf4
e427ec2d
4ff465dc
1b1c1807
cae1251e
020a4428
5ceb03fe
15d7cedf
d2f4f61f
ed0a08c5
11da19fa
fb26090e
08f41d0f
e3fdfa2b
00fff716
fbfa0b05
12182618
1b0bdbff
10090ff9
fbfcfcf1
0d0f101f
0402fb0f
dbee10d5
152508fd
fcff0d1a
f9f9020b
08f5e118
1c04d21e
f7fffaff
fb1cd0f9
f82f032e
2508ebb7
f619dbfe
ab2504e5
3124f9da
25fe17e9
0af911cb
fc311d34
180b0cbb
0ffc15d7
07efd803
f9c0fbd2
bd08bdf7
d9e5051f
d9df1848
fd700a7f
f5c6caf7
c60d0706
20efed14
db29f412
0bafffe7
e400e022
21eb13c7
160912e9
07160afd
d3ad2ca7
e3d9e10d
ee27150f
bc121210
1c1b43f9
440f052b
e610f904
fe350cea
0af2eee7
ea0bc618
e8ef131e
f842ee09
fcf010fd
ef08fffd
fdf91605
51e2efdf
f40dc3d0
01e908e4
083beff2
11f2881a
faf520db
e104e447
f6bc3726
1c1ceafe
06fffe0d
08f8321b
2de10522
14fc0801
cdf5f7fc
42fe14d9
f20f03fb
20d716fc
0a08f500
1a42d4f5
01ed1510
fc065603
1201d730
e229f8f9
22f7e30c
0ce705fa
080d11f5
00f22e3c
69dcf552
f8f4e6ff
ddd60a08
9bfdeb19
00d2e8c9
db1bf9e4
efffe6d9
0c11fc3c
ce05000f
251efc1c
0c0a0b0a
031e182c
0906d2e6
f3f80535
10f93236
eeded400
e4e7e90e
f8edd52b
d70e10fd
e3e2e131
fd032df7
e92601dd
1e151df9
20e7a5f0
1c18fb15
f01a26f8
0bfb0d39
4d073bfa
09fc2ec7
fb021d50
f1f11ad2
04efeaee
c3f5fd19
f4d226f5
12fa24e5
b637f540
072b2705
050e060a
0cee0be6
e90adedb
ee1df2e2
1ac801f3
eb09e60a
fcf9fc35
ec1c1c09
27e100ff
3134d213
ec22f305
ec03dcf8
480b0eff
07d50012
c331022c
fde3d5fd
f9f612f9
0e00ed11
0e30e508
bc0028e6
18ff9bfa
0101e9da
0d0eeafb
04040b0d
03feeb17
f1f61703
1126ea0d
b6ddffd6
1d42f212
1037f7fd
dace05fa
040ff338
16cafcf5
f501f50b
f8dc1010
fb14ee24
ec0a05f3
27e70f0c
0722ecfb
fd0e01e3
0d1dff35
1a1ed304
fdd3f1ec
050a2305
16e4d1ff
0a0bf20f
ecf2dd22
040ff607
c0ca15d2
ce17d5f9
ed18e4ed
1b292b0f
1e45c038
e11137f3
02ea1eff
17f5b9f6
f1f0c1ee
f1ebf2c5
e01e3a0e
7fda31bd
2dee13eb
f7f5fc21
66ecfdf0
ecf011d4
25f9fee9
090605e8
f5f5f609
0add1511
d6e02e10
d3f704f8
23072506
f122000f
be081621
24ea1b06
00eddd03
42f60303
3bcd14fd
360eebf0
d3f9dc0d
fa27d0e2
d3ccdbec
14e88b08
e0f4f7e9
0d0b12db
ffc80ff8
371200ec
d919d83a
df11ea1b
0ad900fb
0318d311
defbf00f
c3370704
092bb23a
4207fa2b
1517ed3c
ede824f6
e8f3fa19
f5d0d313
dfe618ea
ca0f0ccc
293014e9
fde927de
2a0ec7b3
f4f3f3d2
e62bdda6
23311d0f
17eeee1f
e7e3e8ee
0b10d401
0ee3fa04
1bea3048
f4c91123
0f2204da
efe40620
ea1c0df2
130f13e0
0cd21cf9
04ff2e27
def1e91d
fbf6d009
e2ec11dc
fee714d1
1d1102bf
2b16e92a
1c2810e6
f508182f
23000243
18f51b25
0ffe01ea
06131c1d
f9f0ed10
fcf71e7f
ed1fe8db
29d40ffd
f33726fc
013bdef0
f631d8c1
b50420af
09f60222
1fb800fc
f80ccc15
8e19eae8
ee27523c
01b10616
f2ec19f5
0bf3d636
2104dbd3
660e0637
c1fae7fb
f3ec0eff
ae3e240b
1210ffe3
4fddd118
d90b301c
230b2860
05ae3c0a
d4d21cfd
0502a608
f21a6b12
109b024a
1e2933b4
1cea16fe
afe84b0d
cbf2cf18
e414fa0e
f9e04a14
30bee81a
e9503acf
f9160f0a
0bfff315
fb0403e7
05fa1407
0d0223f2
fa10dd19
c32903f1
f904093a
4403f4f9
1cfffff1
1cd14f2b
64ef1e2b
eeda53f4
a0fae5c7
05101f5a
0c0b2010
1dea2524
11020d1b
ef22d703
f61affd3
1c0d3bd7
c9e52442
fe341f09
ff13f7db
c3f0fbe7
39092efb
f52ff7ed
b00d17e9
e5cbece3
111c020c
00fb01f1
016eecfb
252bec26
fb10fa1a
16f89fee
f006fcf1
00f7e91f
fd18edf8
c1e45dd4
fe131d16
f9f111b1
f9fe2d28
0100ef02
d70af91e
bd0e24cf
0a42e4ca
f70424c3
fcccdcfa
10e813f1
f2fb26f0
0804d909
d6f3d31f
ce072008
020ff0e9
eff10ff7
fb04f731
ffe5040a
06f301ef
e7151bd6
e5e0f909
eaf6fb02
0a0100e6
2920ffd3
f0fd11f1
e30d27fa
1ffb10ea
f50ef8e2
1beffb19
f0d0ebfc
f4000119
fffdf6e2
fb3ee1f4
48dfe8fa
bbae2205
3300273f
56ec1c46
26e719dd
d2370bfc
0becf036
ffc51a28
e10e01ed
0eedea04
00f9cbf7
0c35f10b
f128db12
19d2de29
1610f7eb
00ff1500
4720e6b9
f30e0f0c
0ef02ff2
c01be601
15fbefd7
d1fcd7f5
26071827
fafcd3ea
f910fec1
103c140c
dff3eafb
f1cbe82b
f600d7f0
f8f61cf3
250b241d
efcbfe5d
0aeff716
f2eee806
05ed0b04
2dfb03fb
edf119e8
0e1bf011
c10c10d1
0232ed0d
f5ebec01
eb05fcda
0810ee0e
e020fdea
b60cc7fb
58053a29
fcfcfd1e
03dead07
fd2cd3c9
c905d8cc
4004caee
d5190221
2745d5ce
2bf642f5
5e0619da
1b0ce3e7
260719f2
1704f5cf
05f309fa
0a12050e
d7e936d3
fa0c022b
191d1b03
03150011
f102f0e8
2a29ede6
39b73a1f
fdfcf22b
dfec49e2
01f9fe00
c0f1e334
143821ff
25e1cc2b
08170e34
e2090c43
0aff11de
42a13dac
ebffa302
112ad4f4
ea23c6df
7fdeebe6
1a080914
0af00eee
36e63b03
bac627de
a906e6d8
df111e35
fc3b104c
f2c0ffca
d80c2ae1
f4f2bff9
45cb47d9
b6f657ff
f20f15f0
2bd9481f
fafa66f8
52fc01ee
f2f7013c
0903d41b
2ef4e1f8
ea2f2afe
d3f6f816
07ef0ca2
0b043411
e2f2e60f
ceeef407
43e91708
10eefbce
fb0ce00a
050f0a00
f102f0ea
090eebf4
e9110812
000a220f
1808d3d3
d127fdfe
0bdab700
1a1ff10f
243525fc
04c2e827
330a16d7
fffe3a9f
fcee4542
dedde50d
33284ae0
d8fad2df
2922fb0b
f51c252b
48f50106
f7f936fe
0ff1ed27
26fffc22
edc049e5
ede8e910
3c0f0ff6
0e221209
f627e855
e0014bf8
48c75b1c
e300df38
e113f7f6
cd0801f1
f0e7f6f5
2b0de417
e619e601
00091830
ebd3d9be
fdf007ce
1c20d832
fdece0ef
eed4d328
f4e3f3ec
3713fbfc
1d163222
e81f1dfd
061c1bc7
f4b7211e
f3f01b19
ecf30ad7
fb18beb7
cd130b0f
cad2eb38
f60beff4
edf9f447
202003f8
f5282909
1b210b8b
f437e0f7
18180402
b2d30c01
fe0323f7
0cf5f1db
01f8e906
ff1b1d0e
0c021920
ef30fef4
17100014
0afcf2dc
09eef207
0b0aece1
212dd7e9
0009f803
181df803
010e121b
20faf61c
fa021119
23da283a
00bf160c
fe065ae6
e72dd9de
02ee02f9
122c410f
ff0dfeff
4122f406
260ff4fe
0608fef0
ffefeb09
faf01206
02fd0fd6
19dbf714
2ffdffea
2d103e33
f2fadc2f
0304e604
faefe21b
0af9d7da
ebe20c20
f61e200c
fb15f5fb
0416c931
021ef724
ce1901f3
11b5fe13
310b35f1
24d6e7f5
ff18f6ff
f7f3f116
faedd800
d6094302
83100de3
f5ffd3ef
18ed051f
0303f9d6
e1ecd4c0
e91f1afe
41b81a16
b1d905f7
14da29e1
0ee5e50c
fef5e908
f9e20501
b9eceed3
48f50722
fef7c209
f7effbe4
22fa1a2f
ea2f63fb
e3d9ccf6
e01639ba
fa0c1d0a
fb15fffc
1f0e0bf0
fd03f5e9
dd0e00d5
e4f731fd
1b1533fd
efede618
0108f204
081219fc
e8f05ae7
1dd7f7f1
0fe50718
18e00fff
cf06f430
3e33fbba
111e332d
11050bf3
0b0f15df
01d107ef
ef08feff
05f3c501
fce8f1f0
4115d14b
f2d1fbe8
26ffe311
fa49271e
2e161cdc
b2b0f046
5c10df08
00ce430e
3309cc05
411ec3de
2f19f53e
f416c91e
14dd692f
d6f0e014
16d8eaf5
f9001922
f83a2fd0
0f191a2c
f908eee9
eb3e0ff8
3a26f907
e30b0842
482bf9f3
050703f1
0ce1fd04
2250e90a
17ead2d3
e004e0f9
fcecdf44
f2f8ee04
08ed2aed
c8f307fe
1111120d
e9c33129
f200f9fa
deefdaf6
02e7101c
d6fcf311
3955f9ff
f8f5eaf2
21e8f0eb
03de0020
1705d7ca
dfd500b3
0be2fbe7
d204ea11
f416b6fd
42ff2ee4
f71c03bf
0622ef07
16ef01cf
fe050f39
0800f4f4
0b21df0a
13e20e11
12f1ed0e
a6101a1a
0cec1d0b
eaf40af7
d9341800
0ede06f5
00f0edf7
ed2b05f3
e2eb07f0
0c0cfa0c
19f21703
18e806ff
112aed10
ec0b1cde
170afee5
dfe1e1d4
e8020ac0
f4e8e609
f7f1eedb
15ece0f9
0713f41a
ebe4d3f2
fdf914c0
14cbfef8
e2f0b21b
15fe32f5
f9f0ccee
f6ebfff6
0f0a04de
dbe8112b
da00f5f2
113a010f
e2fb79f6
3311ebe7
ecf4e701
06e006d4
e4071077
eae0d32e
39f4fe40
ebf9e01e
ef21c9f6
fc060d4d
e8f5d935
43f0e6ef
e9c3e208
dcfe25f3
d8ca1eea
0c39f916
e30d17fd
0cfceff4
cfdc1831
ea26dffa
f10c0e06
e0dfd8eb
000a16fe
eff881eb
42fe16e6
e1c723d7
e514fbd9
eeea0b04
e5fb06f9
05d7f6fd
d0eb160e
d7f47acc
2631fc30
e4f2ffcc
0d210df4
3acce9c2
0a1ff2ef
d9dbfbee
0ecd1114
ce1e3d21
14eb16ef
16ecf256
fcf9cafe
f8f1eb04
0b2e1b11
fbe3f0c1
d5fbf6d7
00e9100e
2dfbf539
d7f01cca
fbedfdd9
dac9351c
0806dd27
f70ff6e3
2d320507
fc1331d4
0206f1ee
e618f665
00a6066a
3129fefc
110df8d1
f6ec012a
25c8edec
ea0305de
ff0ae217
e1e3ddde
fef3ff0c
3202f9e8
240a2fff
e9bf14f6
1c041d2d
101ddebc
33ef1211
22f120f0
ef7ffbb3
0f1de2d4
f6031103
f6ed031a
f9efee1e
d30909e0
00f81dd8
2b18f672
f03109f0
d921bb7f
02430ab8
36132eee
0b1fc90a
edb7e51c
11ab11f8
1519eb12
11c3e8d4
ffad02e3
e5eaf9fa
c9dc4e34
f5ff334e
8e53b42b
fff625d5
bff8ccb4
e609c762
0d080903
2922d634
140dbfca
fef4f6f6
cfcbf719
16151822
69b8ef12
082047dc
2506fac2
eb0f0df2
1621e1e0
f9fb0645
00431ef7
f7f3e8e9
300c1bbe
05041b19
0055e74b
09f12e12
f5b2eae8
3e0afb0d
ff2325a4
dedf5ae4
fd0da2f3
deb4defd
11f2ffef
edef03d7
fbe7faeb
0b0211ee
c6f82d01
13252401
03ed03e4
f9ca2ce3
1a18ea17
dbe5d71f
fb08fad5
c609e0f7
b0fb33dc
42fa2425
3a1fbddc
f2e9200c
fb20e920
e6f8eb30
280a240d
33da32d8
04ef72eb
e62cd421
fffbe103
08d44005
00ee0756
18fcf4e2
ed0301ec
e4f8e109
e70b14ff
0902fbcf
e5f7eed5
f60405e4
dd150901
03f5e10a
3708f112
ed37132a
acfcba11
15eae562
0a1f0e36
15ce1afc
0d18f6ef
061beff6
e114dff4
c72106f0
130007f3
0ff7120e
0d00f622
e9f6060f
07fd83ef
1cd3f80a
60fd09ff
edfdfe0f
06ffef17
f5ed09fd
05edfd16
c5f9eff8
cfee1220
fce104de
1e09f7ec
ea06f432
f208cee3
04fedf0f
f409122c
0b26020a
f4cbea13
11ddcdeb
eb0ed3b5
19f7caf7
f505dd36
19eb131e
60bfbd1b
e73dddf4
e4ff1519
fcf7e723
1426dff6
ce11ecea
d9ec4f3f
0f05f500
10c7f824
fef44011
edd31e14
09040715
e8e8f116
ffecfd00
f7244a2e
edf5fb00
07fffed6
ff222b20
020b0406
09080b3a
08fbeef1
15e900f3
dcdd00fd
0d26f3e4
fb03e5df
fdf5c7e7
f0160913
14fefdb5
01dd00d6
fa1f0717
0fed1b00
2119f8ef
ff191438
0430ff24
2ff5ee04
e8c713de
00e03212
4be617de
fb32d11d
0afb2404
46f7074d
e8002922
d50c281d
01e5a4fd
df1a1cda
2b2733ea
931804f4
ea04bfe5
161729db
fb392b41
0f161a1a
e9f3fdf6
1012fa3a
d7ece427
01ae36f4
d9e506e8
a134051d
1c0d14ec
d81d0702
ffe70b05
f714c2f0
11adf00b
ad212e08
1af3eff5
5220be32
021fe8e1
31f50e02
ee3c2412
091b1c0b
f1f2fff2
4e003911
f113d82d
5c4b0038
12e78f06
bd06ece6
c3e001f3
da35f636
1e12fdf8
fa25e50a
381d3dda
deecc531
efb61726
002b191f
2a15d0e7
f31709f3
1b1ffcdc
cedf11f4
22fbf70f
1fffe3de
0b03def4
e303fdf2
ddc90d14
e0ed0de7
fa1600f2
1d1c03f7
f71c23d6
f5db05fa
e1ee12f0
201001e5
1de312e3
0c07e406
09f1f5ed
f7ea2fe4
e021d601
f7df03f0
0148480a
0516041b
f9f42f13
ca160bef
d737f60b
f52428e3
07ebf2f8
2ef5fc17
ea133c0f
e9f4cc0e
c51b16ce
20f511e1
f9fbf929
e31644ff
19e70fef
4b010211
11d8fa3c
da0fcef4
f4e0f9d9
0af713ff
bf0f051b
ef16bad9
05de02ea
fafc0328
fcdd19f9
09d60c54
f8e914f8
dbe1fbe2
f21fe32b
c918e21d
27ec2618
ff1ad6f6
e903e7e7
0b0d02d1
0600de03
0313e724
01ff0de2
f1f8d80d
28f1051c
25f6efec
0cf2de08
00dbfec4
d7ebea15
d70ac605
05e957fe
340d4621
0524b318
32b6e0ff
f01bfeea
45310131
fedd0d35
200129e5
ff0cf0c9
00cf0b07
14f02f08
e0e9062d
09bafcd7
ce170df5
0909db24
b5e6dc14
13f6f80d
03213be2
e1d8c131
fdaf291d
ca12fdd6
d616f23e
170ebf46
0bfe45bc
f1e90037
25d5f6fd
f9e7f41e
c6d7e200
00c20bcc
00ece701
0f7fe3f0
cee1fbe2
15080eac
fb2a190d
fa2bd7fc
1606e12f
e4b61d48
effdea07
d8efe21c
1bfffdf3
18effb33
d3fa10dd
0105fe0d
c71529e7
09d9182a
181503cf
0eed2c11
0a31d72c
3300ec45
47ecbcf1
09e1d0e8
f8ffe1e8
0df337f7
f0defcd2
13fad10d
0cec00e1
0e38e757
0327ad41
2be21116
eafcd5f1
0317fe1a
0b131bcd
f1fc0904
01d3e900
e3ed0c16
d828e202
18253bed
e7fbdff9
010fed4c
2cebf7f3
ee05f103
cfef36f0
fefedd2b
09d01cdb
ef09f3f5
ebe21fe5
e50103e7
2a24e4f3
ddf9254f
28c12031
defa0c50
f4edc00c
0fe62309
e7ebd20b
0efd100d
000707e6
dc0cf90c
e7142d43
19f1fbff
fc290114
0b070b1b
0a010f1a
f4d90912
d2fcd211
04ebda1c
f7eeebfb
051ed4f3
050a8f05
0c1b1ae5
e9e7f0ff
f9fccdd5
070de709
f70a7f46
17ea07f2
3413e719
7fc817d5
cb21dee4
51023c5f
03d4e415
3207f00b
efe7c0f3
ff16bf11
c6091c03
e8f1e9f4
22f31214
d414d834
0208f7f5
ffe9eb11
0703e000
0a0ceeed
1eebf9ed
e317ed1e
f01bffe6
f10df914
f3f40c18
fecce8fc
eb0d2f0a
3b40f9cb
efbb3be1
1d3169ee
091caa7f
151409e9
1ef35f06
0d200e24
f71f05f2
e3f6b93e
e60903fb
fa241608
1adcda24
df46ede5
fc19d91d
4437071e
2c221dc7
f7e84204
0f2eddde
27f209d9
b4b920ac
03f32bd1
fbe2fff7
03da04f1
d35928f5
ee00f53e
0e0407e2
db26e1ee
0112100f
e80effe2
2602391d
1b0f0311
efeb6cd8
e7242a11
33d40b0d
02ed0928
eedc12da
ba1f3ef8
0e13e5e6
3b3af237
2b19d60c
0cf2401b
12cfaadb
b714f4eb
28c9033c
0643fc48
ffae4b25
c3c60c07
ebd60ff9
e41a17a4
fb00ee14
f34feada
340ff71c
e1c40417
01f512d9
19ecdffd
eadacfe2
ad03d015
b1051511
d91b0e0b
0bf820ea
06f30ae0
c22014f2
2829f2d9
20260507
fe27ee0f
d2001adb
d2ef09f4
dcf6f4dc
591e21c2
f9fe36f5
26ecff20
e7e80dec
efd9180c
c91a0e37
1fe90e02
d2fee2f2
f4ffda07
fcf1f517
e9dbe63e
f4dcd92d
a9051304
e907e907
09101636
14ff0402
c40fd5de
c7e3dafa
f10413ff
08ea12eb
1f2dea01
01f63b17
07dd0cc3
1517a5c6
fadbf13e
1b0466e1
e72d1017
2b170bf0
1ff810b6
e00b19fa
20fb61ca
0fed0814
e310ef9c
1a1ad4e6
0f9136c2
2e2fe150
1b6dd74b
a6b516ea
2b022473
4df3852b
f78c7f2a
2b401cc8
f90ae1e9
e2d92826
8491da2e
05ecffc5
22d9d50b
c9f931e2
35e73011
81eb0117
e9311163
e7c2332e
f1210ed6
da0206fb
cd111efa
0726d227
1a32f2a1
010c10e7
fbe9e9dd
fa0a2401
dfe4cf0c
5ef5fb20
00e416f2
93f0cee5
e8c6f313
e8ea1b0e
ec17c9fa
e70f1b02
03f0ed2b
0b1b00ce
ccd9e90b
e214ee09
03f1103a
fb0ad1f2
e8f9ed02
e1f414f2
1542d647
59faede9
39d50501
15e1230f
f12448d2
08ed01c5
e5e105f6
09f4d8fd
f3072531
fd10f8e2
0911d103
fde33a0d
df1309d9
0503ed18
f3350105
eef4f434
f3140f0a
1af41905
e804eaec
04ed0c07
31da021f
edea19e0
07e20c22
442fe010
fcfbec0d
ec0001f3
1bf8ccf1
f8e5f5f0
c8ec12ee
0903f7fc
060e151a
23e7c715
e711bbd9
ede5e7f7
f7a595f0
10fef0fe
2826dbe5
efffdc04
a699f4d4
cd132ea4
073781a5
bc6a7208
4a25c056
f137d9c8
1281eee6
124dc0d3
21e80633
0e1d07d3
03072a14
3add3fce
dcfa2409
120912ec
27f339f7
06d24c06
fe0afe44
162c281b
31d7f0ea
c45ff3fd
62140ae7
fede09f2
f5362a23
1be7f81a
4af1f653
fb0bead6
20f6d9c1
42e308ea
eaefc21c
14062712
3cff1801
0d420c28
d2d7ea5e
1def111a
f6f9eae8
0ce0f70a
e0a037ed
f527f7c9
b503d1ec
f6ed1ad0
10ef1734
f5e8d303
f80f07f8
ef592017
b805e9ff
1ffbe111
fc184ee0
0c3dcde9
aef0f7f3
0703d9f3
e3e6d5f4
eee5f11e
0511f819
14e6d601
f5040514
ef16051c
d0d801e6
d2010bc5
1cf9ee31
48ea19e9
10ebcfcc
0de52a0e
b21ff4f7
2bbb5818
8cfb3028
e6dffdfe
c2111033
28e10d03
fc02e8e0
250f2907
f9262da4
f23152fd
c702fd39
262cbbe9
0105ec0e
070c0cd1
02d219f7
eaf20ff2
c4ebf90a
00e00af4
0e5ae81d
23252a44
28d64553
e4e7affd
9f266cee
48f61301
23312b47
f6bf554e
b127fe03
0bf8f508
09fb1efa
d9f5fa08
ec2fd610
f50eee20
c129f9ff
070a1bee
ddf8fbe9
0317d71f
dbc5f8c2
d411e0fc
eb4bdd13
0405181b
03fd10ce
eed31818
f3080e0a
f804e5dd
0a30eceb
0034ffee
2214d528
22c5d735
54e612db
12bb0506
02fe0830
fafdc290
02f1da1e
3405ed1a
080ed8d6
cae91511
1931eec0
0e1f3626
023809e3
0502f908
0202d4d2
e343e728
130c14e4
2cfdfb16
2722e828
f7dc0af7
2329f516
e610faff
19f8180e
00041efc
f3cb5a07
def6ebfc
d7092aef
08fb0f15
f3091bf8
f3041afe
e509f7f8
0bfc0218
ef24301c
fe1aeb09
0ee90e29
030fdaff
f11a07f2
10f005cd
2ad9fd19
05e3f234
d5ca09e5
071efaed
30f4f8e6
1a3e09f6
00030be6
10fe0fd8
e42a05be
15e1f1e5
eb05e318
f6d803fa
0d17f1c7
ffd3f5e6
ac17f323
e8e11212
00c901fd
e517f10b
cb380df6
1b123414
5217f1ec
041a0a1d
d6f10d10
08101238
1c172300
d1fde6fe
4e221a2e
ee18df14
f5eddafd
1b1fcc09
1c110f27
1c16f929
e7c5dbfd
1a07fff0
ffe146e9
fb0bfee0
210d0a14
e7e703d6
b9ee1cf0
1505ff39
131807e4
0df9071c
05f91ecf
110a0d1d
f7d70f24
041a6ad9
14ec081f
3f24dff5
0d0613fc
e200f502
22edef09
16c50603
0cff0009
0c12dc10
f62016b6
2806c02b
0ae800ec
d6e1d8f0
0c04d511
d3021b26
55f7005f
14f8c817
0113f1f6
e235d69b
11f62108
50f5100e
1201d4ed
fef9fb0e
31fb1ee9
11c018cb
feff00dc
ff1537f1
b6ecede9
ede216f1
13041803
ee24e9d7
0f1f1fc2
d3c6f209
02fa31e9
45f10c21
f4341a06
0717fd1c
273bdb3e
10faecfa
f4dafa53
009ad8fd
020fec28
f5183a12
14f99d01
ec0e1519
b210da2c
fdde02fb
dbad0cd6
fe0cead2
e711dc1b
09feea06
faf92318
ffdf11f0
f1feddf0
f20210ea
160d0fe3
f01cfbca
04fb070a
06f626eb
f7ef19ea
1be71923
19d10816
effdfaf1
bc0acb07
fb15fcf8
0c020442
052d142d
4b1ae0ec
34bb0a3a
301b2eee
d42603f2
d1f6c1d7
3f4ed006
e333f7fc
3af4fb0f
230545ac
eb46caee
081fed10
f814ffe8
f7cec6d4
03f5ccc4
e8f30fff
2026f4d3
f1eff6d1
e520f609
1c2cce13
f5f3f902
f614120a
00edf414
dde012d9
edede027
c202e4dd
cfefdff8
08daf4d9
15f71bf0
2cf0d435
ea0ed30a
c83eea1d
0a1db32e
f2ee2afd
1ecaf139
0b05fc4c
fbe411f7
e1f316e2
0fed0307
072acaf8
e72ed4e3
30ddb640
090bfc26
ee2e1ce7
13dfecfe
101e1218
1fe418b7
e12122c9
230456f0
0ccbd0e9
c7d9bf3b
23f0f9f2
eb15f0dd
f7e60025
08212ae0
e003060c
edef0527
f225fce3
cae718f6
ffb743d1
13ffffea
01f7f6d6
003607ed
e83f0ee6
f9dcea0d
ec191f00
500113e3
711eea29
1ce448e9
19e8ebe4
03fdb815
f3f8d8e9
fdf9fd24
061e2669
e0e8f90f
09db3505
e9faf0dc
98e1022a
f2f8dd35
292cf6ea
eefbeff5
2d4b2ffa
12151e03
40130a1c
0c28cabc
0bf6f059
0fe13026
1a260d01
d6d80220
2428ca3a
110d1936
39d7e0ea
f7030101
41f4f115
0fa43816
ea090c07
2ab9f415
ee041a19
11f02813
d6d3c5e7
f303fd0c
e0eef5dc
ea0aff05
c8f10325
f9f0deed
071af324
df20efc8
fb30f5ed
2f2f27e3
0c10070e
06d3f9d7
154a0df6
1dee3e04
fd220259
e5a400d5
3cb27cf2
f00e0de6
23f5fbef
fb08041c
dee10719
1816e800
b9d71603
ea2ce3dc
181ef129
16fb1f11
def6feeb
d8249de4
bedd2500
09cac0f5
c9ff25c2
0dd61110
bfe7fd1f
e211fbe6
29ffe717
f3521103
2f0e1b0a
0ceeffff
202504e7
02d114db
e2dae9ed
f3fadbfd
eb040106
11f7f814
fdd5fd1e
f7fe191c
05220300
032d32da
d9041dd9
e9062315
e3201e08
faee3016
18120c2e
1c0efcaa
f5e7fcfa
f6f2fb17
5b2e1bb6
3e184429
8728da15
f5fcf910
ed0df714
04d3d300
feff1ffa
ed0408e8
04d02c2f
00eb1fea
e92ffb35
f7fb06e4
e4101607
dddeed15
172dfd03
c7f00f0e
2743f90d
1a032913
310cd4ba
15f0f911
bc1c0bf1
111112e0
f1f803cb
f30f1b12
ea1af80a
24112b06
fcff32f9
f7fc32f6
45fb04c4
fdfcbfd2
e923e541
f21ef129
f4fb3feb
01e7ef01
4a10e4fa
ebf3f7e8
15f3edf7
e311ea02
0a0de625
f5f204d7
452c1116
1eff231f
e62846bf
04fedc35
daa11aac
c41c21cf
0c16e906
fa367f15
73b1dd37
cc2d1cb3
26ac45ba
1f28dbfa
e1e8f322
301c3a2a
1e233826
5de31eea
c4decd30
e2d8f7fa
1ad4b3fa
121201fc
13f20a25
03c7d3bc
e1ffdf0a
0a25f2fc
daf3cdbf
32c9d920
e2f3ef27
f7b3240c
0cf5e708
082de1fa
3006f212
efeae51f
44e23bf1
fcb4bff7
1a1d181e
04f1ee9d
2e8133ae
3c53d608
7f7fd635
beab38f6
3857427f
111dcc4f
0a875e77
66fde52d
e50906f9
224dd0e2
06dad1ff
fcd80ddb
fe0c1f02
1615d246
1e0fd605
0914cc31
03067f10
f4100302
aa000005
12fe0810
01fd22e3
0d0ef502
040f07ed
34080af4
fee6080f
ee1def27
140344fd
1f00f71b
454df2f8
19142210
e534ea11
150efd22
3a1cfeef
1821fe2b
300912fa
f5f8fefb
f0071816
f313eff8
efd72646
15d8d1d8
0afc131d
1c0dfc17
14023104
3314f91a
e30e421e
ed1a0209
f21cfcc0
16340af5
e6f5011f
e5efd4c6
001a13de
0310e6f8
defeba19
55e504fa
ec09d611
fa12f61e
11bb1a05
3dffd913
c704f4c9
ede42d3e
f000c31c
ffe3e7f5
caf61ecf
f4e7aadd
1115f2c8
bace20ab
122b2d31
05cc002c
2cfd06e7
d8fa08c0
d0ffe34d
0cb80423
17df1a10
fe14fe39
0113ed04
0e1329c5
1e023806
df15c714
e2031bf5
17161cf6
000c6b12
051801fc
d0120cf9
090f09f4
08fa0ae8
1414fc01
f30ef3df
3f1210fe
eb000cf3
0aea173f
001929a9
fc08f624
b61ffcda
def80c05
8140de10
fa05fc2d
03130ed3
fe441216
fe0925ea
1c292009
670840ef
bffe1eec
3b191301
111ce303
0b411903
fdd40230
f4e5c7ee
c4ecceff
150dab1c
dffce934
f9f93520
f8fbee1e
fc001005
12f013e5
d9e80011
e8dc070e
fd07f50f
1402f324
1f1efbc8
f356cbc8
35120314
0c0bf728
33edd751
0806d437
b91dee0b
baf1ec13
23ff0ffb
122abddd
e424130d
f3f2ccf3
060fc129
d358ea00
e23717c0
f722d004
e9f706f3
0c22e7db
c332fee4
0bef1ef0
0303fded
1d13f725
dff80ffe
2e0ae51a
fff1f12e
00350920
1ed21014
03e3d0df
00c4e51d
0f32012b
4807d91e
0b0c1009
d62518df
003b2f12
cd1ef9fa
ecd80014
05fce3fa
3fee1525
0e0d22fe
f521d3fc
3a0a2ef7
0943c41a
fe182608
06192d15
270d0509
1501252a
bfbd4500
da21d6d8
371d1e0b
230607f2
e51ade12
c106450f
e800fb07
baf8f420
48eed115
3be4dd18
b911e4ff
f4c8de0f
befee71f
f7f0ded2
e4d3f7c8
bcf1031d
f6181c09
0c041ce3
ce05e820
f42610f2
eedc20e9
0401a8e3
e2f702d3
a5ef3737
e4f7010e
0e2739da
79dbfda0
0133c9e1
1d2426ed
1afa1025
ee111e05
22fd1d02
3af53104
e2efdeee
dd0328cc
f721c0d0
0e0d0339
0702c6c2
f9240adf
dce7ef16
fa3fc9da
fcf8e9e6
47e8fd34
fdd9f0f1
acafebd0
deddf2f5
cc0f183f
060407ff
1a03d915
1dde6cf0
f6e80aed
d3e82d29
f06508ce
3a32ee11
0ab314eb
0dd50516
3ff2c21d
be1cd518
21d2203a
fce5ded5
c11e1134
21dbf8a6
e4ecbe08
243f19dd
cbbd04f4
120610e8
df443bff
e05df907
a81ad8f8
06fff6d4
f3edf9a7
03f4eefe
0ce38e0b
19f1defc
09eae526
f0bedbf3
140ff607
fd13f50a
fdc3e614
ecfcdf0d
0beaf624
1313ed02
fbfb08f0
010e01f0
2506f1e2
eb0009e5
090a02d1
da13f1fa
170c1df7
0cf61b11
08161036
08201def
0e2315da
f1ce0eef
d4232efb
fd0521e5
1308fdfa
1b1de0ff
201ace15
ebc7fff4
2a1af5f6
161e242d
11f33e27
f9efd4ff
dc0f5bfa
7fe1ed1b
1009e822
ffe22d18
1d190e13
eae40f19
170202f5
261a0dd9
17eefd4c
e6f52129
381403ec
0e050213
fbee15d4
03f9d900
fff62af9
ef31fa39
23100006
f5175018
f219fbea
1331f0bb
120b9ecd
7ff147c1
04eddfe4
f30d02e3
e420b9f4
f08132cc
f105ee00
caaf31e2
36d5f9f2
effe4706
f51512d1
a6ffee55
c31918e8
161923e1
3bf604f7
fe022dd8
9d0d1ec5
1808ab0b
110d07fd
bb42f4e4
ef160807
fc164ff6
c2efd1fb
0cfc1724
37fcf1cd
f9f0ea37
0fcd05a8
49f8f6e9
dd292813
b526eefd
0ee4007f
fff11cfa
caeccfef
cffaf1f0
1e132834
aed8ea2f
f9381cf2
0b22f42d
1726fd32
009a3a27
bc09085d
15c93aac
b726da48
ec1409d6
cfc2d531
d906f3bd
c107f42f
c3e00d01
1cfffe6e
f4e514f5
d6cee7f9
33eddf1a
06d2febc
b1ea72bc
e538abad
e0fbc8de
9025d3d1
f21dffc3
f8f4e7e1
fd07f70e
9f49cde6
3308c51d
17f323ea
fbfce825
0306151c
e4cbdc17
0f0504fb
0efb0308
00f21108
0216eb22
f2f910d8
0d1bfae0
063de409
061c0804
0f03ab0f
d41a031a
0e24fad6
17f1d6f2
03ba21b6
0722d5f0
eb4211e6
85244824
822c1912
1b09e6e9
0bf6f103
0a4bef00
c6f4ffe6
f95000e1
f62bd3f5
ca33f1e5
28221815
e5daf3eb
350bcff8
2af40305
141c123d
0cca20e9
ea303dec
f1cd4f10
d10d2032
f41cf381
bce8121d
2304f515
d6cd14fa
2702cdee
c3d888c0
edcbed3e
0bc7f0ef
fac7f7ff
05f825ce
fa0f0bf0
fe66a3ee
de48eae3
03e3fbf9
f6f30307
fd023af5
1522e7d6
02250fbd
f92bf307
18070403
e701fe1f
fb06d1fb
f4e43e30
2098f81e
f2011ce7
f9b2021f
4ce3f5f0
5de90209
fff857ed
2f31ffe8
db3efcec
080f0515
28ef24fd
e81cb5da
360c0716
4c061c8e
c0002304
fa3be9f9
01cf0acf
4ae9182c
2df8463c
340c273d
1009cfe6
d927d619
eb00fde8
f9d5f7ee
f9e7facc
f6fd1413
e301df03
000a33f2
1ef7f1ea
f011fc1c
d7fa0831
e6bf0c03
03f81114
e222d5df
cff6bff5
07d1f531
41170e29
efc3ddf6
d003e249
f12a471b
06d0c818
d3f9b526
0a062d01
b51d0fa3
c2222233
f40a13f3
e902ac46
fcee4eed
ffe914f6
38ef391a
11fe111d
ff1efbf2
fa00f001
f1eff715
0f02c4f6
0b0af0fb
0d01010b
1df8ea05
ec11b8fe
f9fc0621
f815f346
3a1018f4
ff03ec09
eff3110c
07ee1207
c0fc2fcd
1603f2f1
2c1bf8f0
d0d70d2a
f50307f1
1d05f702
fd4adb0e
f21afdfa
4febf2e5
de0b03d0
d11927ea
092215c1
8507d91b
dfdc1d34
b2e7f3bf
dd86c732
e109f3f6
dcf2e1ed
ffff1de2
f8d4eecb
8208ee8f
21260c3a
20071ffe
01c9e106
df0f05e0
efe7d4d5
ede02b1a
f9121c11
2d480c19
1c1beb26
fc2d0402
06e70b08
eaee2d20
f113131a
f121384a
1e41ef26
26f606fd
12fbf609
070ef207
fcf82218
50dc12f6
3fd44b2e
00ee1fd9
170ffc34
fa0513f9
ea0a0315
fc25a4f2
fa15ca08
e1cd5725
f5131b07
d8500955
952edd46
0646fdfe
28f8ee10
15180dfa
07faf4f6
1a09d9ec
0a14eaf9
180b1ae9
e2f40a02
2b0107f5
1304f6ff
07efe304
f30f06f3
9de814ec
14d52cd5
011805f0
3bf90ebb
ee120a01
1f0110ed
03dbd0f7
06d2df0f
c7f31c11
03e708ff
b1db2d1d
ecf91ae1
ec001a10
cdf23afe
610c0d1f
eb3119f7
ca131ff5
dadefaef
0a00f804
281d0617
ee35ea03
1a3d18fb
0fd6d5f5
1e1643ad
1c3905ee
e233f6f0
2d08f403
e441e326
0908e7fe
c3fce807
032ae5ea
012413d8
250207e4
ff1816f8
d535e9d1
124135cc
bf001322
5c01bdf2
17db4bfc
f105ed0b
f9e9060c
1af6edf9
ecfbc4ed
0742e62b
e9060e17
f6f5faf8
fde9f50a
fee6e2f6
e2ec99d2
16a734bf
03dedde3
2913d913
fb11fd12
2e06ecef
f207d8ff
f6fded0f
2fea9c13
d70a04ec
f0cffae8
fee1e5fd
d90df416
ebfadce0
ff0d2c08
f900e60f
08c7ec3b
170401d4
09fdf73d
090306f8
f3090ff1
fcfe45ed
01f831fc
f834c709
0bf9e0cb
f9281d44
f8d30f02
3df2fa0b
e4fdf113
e0f82a1f
eb1f03f4
fbaa310e
edf69617
af0c42d6
04f914a9
cdfc353f
f403f9ea
f506190f
f9ec1e03
f9eaeed7
ebffe518
011901f1
ed07feff
26f6ebdf
e800100d
fafe0119
f00e01fc
052306f9
0e142af2
ed02f808
ff03f2ee
d219d5ed
f9e81aec
3104c1ce
e9e80311
fe27e529
fe4fd9d0
2e251732
eeca03cf
fd04033d
ca10f145
f2fd05e3
f8c9ddac
7e320140
16eebef8
ffeaf0e0
040f0fcf
1bf60800
f2d6e6f5
f4dbca25
08e6eb03
f9e1d71e
0dec33d2
ea041710
4c452ccd
ebf3e0dd
181002f9
fef5c69f
f62ee200
f61bf5d7
eb0d1f48
2817e213
f8e82006
001005ad
d106fef8
1707eb06
071903fc
13ecbb39
ebdc453c
d1331c0b
e3e3299d
14ba4c54
e3c1ef0a
1813cfc8
f3e4f002
f4e9c519
1432dfdd
b8e70ae0
0c3b060f
ef260318
03e2e6d5
ebf8ea23
fce72201
ec0dff2e
03130eda
f70bf3eb
cd021452
e7120c23
2c2dfd0a
3ff1f506
01350920
ea22110c
f0f3000a
05f9f2ea
c20f39b4
3df017dc
1cf0c884
2be530f6
e4ecf203
021806ea
11ccf5f9
f6d423fe
dcfdc8fd
283e130a
0cf2160a
120d32a5
fd9e1029
23cc27b7
1b3cd413
0ffafccb
fb8cf406
243cc408
6f3a13ec
d7fb0fe3
fed021fc
01f729f3
c3fe1909
07d72922
11f7e515
1403f235
faeffb15
10022303
1a52faf2
fd0c2afd
2f03d416
06152124
d3e2dcdc
402af5e9
16ffe8ec
d70c0b22
f6e5c705
13baf4ed
c0e5f307
e601f712
e91824e1
f3c24001
d3f520f1
061d2411
fedaff02
01afeaff
22c106e6
f7e8eaff
362a0702
2718e201
fa170102
fffe2aec
0b202a15
122b1d0b
dbf07f4b
0f2dc0e1
3ee7e43e
faf9f2fd
3801f205
2200f2f0
0cf0df02
f2eeeb08
e209f000
ffdb1dfd
20f809bf
d9fcd9f7
260de8f6
0bfe32dc
15e029dc
e6f2dc10
e209b6ff
f6feecb8
13d9e3f0
b4d10218
1007ef12
25f9242d
4d37f4ee
13c7eb19
15060c1e
17ef0503
1a14d7b5
111c06fa
2345f67f
190f24fa
0c0f1809
06d90d16
1ed602ee
0cf1e428
fb031126
01022016
240b14ef
020930e4
c599c94a
7f3cd9b6
ed2ac221
0a2219e9
d5e744f7
1b20d6e8
3d817f38
cf7fe9b6
04f52df2
dc0be01d
fcdc213d
1afafbf0
de2112e8
2fefef1f
030b01eb
21ee28c1
fdf6da00
1039061c
02fef1e7
e2071fee
1252fb07
f02d2ff4
2cc9f614
eff2e20f
2335f3e6
f9c7eaf1
180cfb31
c4ff17b8
b6f905ff
f6d13afc
c7431734
25fabc3a
fd05caff
faff6116
e80b3cde
1a420cf4
e7f4f4fd
18c808fc
d305fc1b
300837f1
fdc59701
04efebff
2ae5adf4
f417f1e0
174efc01
fbe627ea
e4050309
68ff0efe
18eb3dfe
04daf939
1afc22e8
03ef2124
2dc21df6
d6f813b2
1b15eb22
d7fa4104
0cacc1fa
f60c2911
ec4ad7fc
3c1fd8f7
0df327e1
f203d373
dde21104
f7f3100c
fad4ebf4
10e80ffd
feaa160d
16effa44
c9c85b3b
1b330e0b
f0f51412
17fe1215
ff04031b
1122e5fb
3b07e3dd
dc22da0c
0022d530
0bd32304
0f00fbee
d506d913
c439a51e
0609142a
d904f66e
31cea9e7
f4254020
1105c655
16a8fb37
f608521d
f1e704e8
fbcfedd9
25ee2dd2
e00c0b0a
fcfbdd0b
0904d2ea
fdf212fd
c70410fc
1813ede9
fb2a04db
f20b2048
e5f4deda
07f0f3f1
e143ec0d
f8edfff9
27f7fa10
fc0dfbfc
f9ea0bf6
f4f5f50a
f5e005e7
e81421f7
f7080503
22f5f8fe
0ffee905
fb2a0a00
16cdfbf7
d1f2e47f
0c37f8f4
532ffdf0
1fb9351f
46e3ee17
e20be5ec
f9332618
f9b559ff
f3ce310d
3d211800
bf0d28ee
1205e6f4
0dfafbfb
defbe62d
0127e5fc
fb35f1fb
d90a16ed
06f6ddf5
06f20901
0715ea1b
06dff50d
f0fcea0d
f60b01e7
0407fbeb
d1feed18
e0f5fc1a
fa130ac9
fa0c0e1c
1de706e6
f800e0de
f81d4506
0ae7ea04
01ed42dd
fefe08d9
377038fa
0c13c6e8
350012f2
06f702ec
09110d00
00010d41
06e30801
e104b1d7
bd2d0509
21f1422c
01150707
bdf8f53d
e814d0e3
091120cd
140edcf7
0d24f4df
53d5d4c3
e1eb03ef
c7f014f7
25121004
ec0e1ffb
c1fbde1b
03153531
18f6fcf8
c424d231
3209dd2f
0d1ddd63
1f2ee539
16071606
f1f4d2fb
0ee51be0
ffddffd4
e11e3abe
3d023697
bde8e103
0600fad9
044f0804
ff04ba0f
dffa06de
fde526c5
324fe611
fe23dc03
2e0d21fa
1e0f0110
07e5f513
1e1ad6f0
910915e3
4528ffe8
eaecf3f7
d8e02b1c
ee15f310
c6043b64
eccdef06
07f6ff04
0df500f1
e9dacfea
393120fe
10faf40f
4bfe2700
bc050124
08f6fffd
070afae6
ef03d8f8
eb14b710
35ddf9ec
f0e001c3
1401f9fa
e606bfe7
0909fd0a
06a37cf7
df220a0a
fff14506
05ac340f
dfbbdebb
fa14f7d8
ccfc6918
14fbfa02
040cc9d9
1ff1fc10
d9fb21f3
ceb71f4f
fe15e3e8
f0e8ea14
e0fe2a04
f0f436f3
0445f8c9
dc02f7f1
d526c1e4
eeecfc3b
d1050129
27fe1bfc
d1fb01e5
fad9e3fb
fb1fdd0d
320923f7
2223edc8
2ce1b0de
03bb0c0e
edd60104
dc04ddd0
d54f1b15
065f0eec
29de2f1b
1be71f18
1b26f62f
ff43f3f1
14bb060b
1a0129de
0c28d008
12a91932
23f9ef0e
09c6e3f4
00f439de
e7f7e808
1001ec00
3dfdbfa3
01df1204
0529f9f5
021c22dd
d64d0649
6117413b
cf1f0704
f9f011ef
d005e024
0eef17df
f83929fd
fc0bf62d
2bd30bcd
d3f3fbdf
103a06fa
121b060d
b60144ef
2fba1838
e41e1de7
bcc92fcc
1b42e9fe
02da1026
d33e3605
16f923dc
cf221414
fef716f8
040ff702
2403fde9
020ef404
f316f60a
f9110b01
15fe05ff
26fbedf0
0b2208fc
f80a05fe
fbf601df
fc0d191e
100c19f4
02bdfae6
ecfd02f8
0cfacd0c
f30445f8
05e529e4
09f02238
0d2fef1d
f33c4726
fbce2812
050525fc
5805e7ee
fe16fc07
0009c3ff
e9060b05
f71e12ea
f31018f1
0ae3e4e3
f6fa0304
25fefff9
db29fe00
08fafce8
15fa52f1
22ebe601
f0a10a12
0cfef8f3
c2e526e7
ea0cd038
10001c05
05fbf609
171b0105
091405f1
1d02f1d3
e4f2f8f7
00f9ef08
01020d00
c139011a
fef624f6
e7e63a1c
050ac8fa
e1f70a18
100c0d46
0abedfa2
f4f21609
06f5eaf5
f6093507
eafaddec
000df60a
e602e109
edeef849
111200fb
ebfcf4f9
19fff217
ff711ada
671a495e
1fc81fe6
9fdaf8c7
fe189034
2bf7e418
0ff433d3
f626dff5
17f1e7f9
a9fec624
ff2d0d3e
eb4018a4
2cda1b11
ecee030a
7cff1519
f3d7ff03
ff03fc07
30f1fe3d
0006d5ff
0517e8dd
20cf0407
e7020b02
e0f72ce0
14e1fe12
08f2ea09
d70f13e6
d90b15f8
b906083d
e1c735c7
051ddf06
11f80cfc
f9e6f908
0be403e9
3200d3cf
02d7aa27
daf3f924
fe39fb04
024b02fe
36f022f4
17e2dd02
0230cf16
1a14b075
072321f0
0205eaef
e61ef7d7
e902ed13
22f80091
061832f9
fb18f7fc
197a0816
fffc190e
10d6eb21
e8da0df6
1d01fdf5
f907d609
2f2aecd7
ce0b0407
221c0800
edecf443
26deddd8
530c600d
49e0b033
24e30f00
ea000ce8
e5ed38fd
fad272cb
39c419b4
04090c1f
2b002efe
04e909f5
f11a81ad
ee2421f7
01f842fc
1aff0bef
1c0fc5ef
f4da1af3
10d1ec2d
dcf4f907
1303edef
051f05fc
fc04fd04
18f7fc0e
fdf8fa00
fef101d3
f9011e03
0508fefb
0b0008fb
17de4502
0207d701
fa1d2bec
f911f3e0
1040eb2f
06d31614
1902f6f4
e30cd201
03a5e110
0feefd0a
191a05fb
e71c0bf8
f0d51de7
4157b9a6
1303e609
1502470f
dc10c2e4
071ae7c4
e12fe212
c017edfa
01c6e715
00d3c9ed
281905fd
3f02efaf
1c2713de
19f00920
e2e82d17
aa0cfa1a
e6cd57f2
fa193feb
0ada1900
c7f300dc
adf1ed26
fa45db0f
241df5be
d80b2d22
f02af7f8
cf021d0d
2eaae7e8
0ef8283e
04e20df9
ff0fe612
f40cfff1
17f018fa
1e2f06e3
1ffbf81a
01f6fc18
1f04c825
ff240bff
fef607fb
0333e7f6
e70c05db
16eafb17
ff0a04eb
c0ffed21
a0fa22cf
ec2cfbfe
0cdb1707
0cf8fee6
cfe80c0b
14ef001c
e81938f2
2dd40833
de03f9c5
03323610
0df6f20a
2c2703f0
e616ccfb
fa2208f1
054ee7e4
3cdfed19
1a0c18c1
0e320f14
f806182a
d561f64f
e70d2df1
ff23eeaa
d10a1feb
10f4ebfc
dbf3ef00
04032d03
0104e3fb
28f5fc27
e50d140e
00f9f1d3
19ffe4e6
100110f9
c4041bf6
142c8100
10fa0412
c802dd36
15fcb4e4
d421070c
1eed1af6
89fee4d5
e8f42c24
1322d0f7
f6482bfe
1e09ee12
ed000d0c
286ae583
39ead0e4
fdf20bed
48edc31f
f03e06f4
fda3743c
ae380228
d705edd6
11dbf3ba
262a0d2f
03d71c23
030426f1
0abbea01
0607d3bc
2dedd1ef
eb4e0d19
d5eb20f7
f1fcfd17
d019e108
15f03624
01371503
05f3ef18
e9fff7fe
0805140a
de1e19ee
090c0618
101312f2
fd0a0508
efe4ed00
00de33f8
250a0313
f2ebf108
0cf52909
faf5f70a
e4f9ffee
f6fa06ed
f03504f5
0b31f7db
361bf4d3
d0ebf4eb
40b5f046
0d25c1e7
17ecf810
d622d5f2
fd31c315
fd050dfc
f7e3f6d8
0fe90235
f11926fd
d516010e
eb0b03f5
39f601cf
fa0e1004
0715f502
03162ff4
f7dbf301
03101bf6
f9a7c00d
0df20b06
040e1414
0a1bef20
113c0007
1cf3ef37
09e10020
e0d4f430
39da0cf8
30ea14ee
fffc37f7
fcd12efc
0bf2d3f4
27291ced
27eef844
cd12e2cd
f7d961f6
e4fe06ed
0b11c86b
1128f7f6
fd0d0ee3
ee15eef4
f901e21c
eef8381e
e3f9120c
3e11fc05
09fb0725
112cff12
e401e00b
1419d338
49e2ffe6
03143f25
2dfcd6a1
e8230e00
33f1c6ec
1ded0cdd
f9dc20f4
0f9f1de3
1ec9d9da
c812f961
01eaee74
f602d3f6
21f9041b
f3f71cf9
06e6e0e5
03fb3ef3
f91cf2f0
19f5e3c7
3d0c1523
e8eefcf9
f7090c04
03e9bcf4
0d3e04c9
44d220fa
0d46121f
f92e1aff
f11aef0f
16fa16fc
fb1112f4
f4eb0bfb
02bc1eea
1429d1db
f9f6e0f5
1c1ada1a
e9111215
0f0d01f4
00fcfe3a
f4e2c2f4
06db3606
dc12f303
00bb28e4
282604db
fa1d2302
f8f807eb
060d34fe
dced2102
11b514ec
27102c4b
d415ff06
2a052c19
fcfb34f7
f9f1f015
f1fca42e
19eb2b11
ec04191b
23330708
010debd3
24e50d27
00f735e4
0417ce1b
d2ee07f1
e722f90e
e3cb0d04
e84fe83b
e8d21f0d
af9e41c4
e1ff2ffb
f5d207ea
54f51229
100f2a0b
06fdce0a
1dd73812
2de4f801
1c02dee9
001fee14
e6eff51e
dafc3e1e
01d4e90a
efbfea7f
62f964e7
d1e9f41b
48dc1025
d30b0c0c
8bd30d15
f20ed0b7
04fb2617
ebebf32f
07e822fd
db1413fe
ddfcf630
1b0be8f0
fc16fd18
02fb1c34
0a2c1501
0308d7d4
fdeee4f8
0d252600
0426f8b9
41d90cf9
e12e0ffc
b4fcf8d7
f11523f9
f7f3f8ec
ea2e07f8
0a20210e
cdf6d6e1
ca3af1fb
f514da09
f4f8beff
00191d03
00b1e8ea
eea404ec
ed14000b
24f71b01
eaeff3fc
18f9f1e4
ef00cde7
01bd2211
05ec2921
1fd6eb2a
dadadc0a
0516043b
2bcfbe00
2428f80e
dbfcfce7
f307d0ec
0d251be1
f8f03f3b
1e2cecf6
faf200e3
31ed1f1d
f2bf1bde
d60ac923
f3071112
06d30d15
6ce8041c
0703d2e4
d944ce07
d4f0f52c
afec0a00
e30afe4f
0b1f20f9
fd040eeb
f5f83603
0bfcf7f7
fc202cf8
0910f103
fa0bfa01
0e0105fd
fe1b3619
f2ec2315
df06cbef
eff9150d
fcf60fdc
07fcf9cf
06ecf302
d0f6f8f7
040d0412
00e828ff
18111fe5
e2240a11
10f910fa
eef8ff05
2b0ffb08
08fb0802
d46e1125
0eef30f2
e0ea5f6d
e9fef4e1
fcd82a3d
e9def8de
0616f413
0505e6f7
f9ebe6f9
01fff002
f6f805fe
0d0416ec
00f02215
09eaf8f1
f0fffd1b
fd00e51f
f926b831
f4d909fa
220eb033
171f40fd
02cf19e4
b9ed0704
e2da0dc4
09e1e523
fad2f4fd
04e61ae9
d6c3f2c6
2fff2317
0527eeda
f5d23ee9
edfef40e
13fc1c01
12ef01f0
fefb0c00
efdb390d
12eae1fd
2016fc41
e815e4f3
2500ecf3
daf9e1f7
003648f4
fb01e712
d21ff911
0133cefe
ffc0dbf7
1b1ae819
d7f30714
e20402f8
12e200f7
203701d0
c1f3da25
d6cfe3d3
d4c7e547
16de12e5
16fe001b
fa06ee14
041be40f
0ce4f2eb
1bf52925
0cd7fc09
03abf50b
ebbe0fc1
0a15ebac
fdf1200c
05810efd
fcf5e9f3
e33db4f3
f33920f9
d4e82576
e800e77f
18cd0ae2
4af4ed26
c9db51b9
126c1316
e8d71aa4
06510b21
ffabd018
f3df0afe
f8e0f3da
08fec5ff
f9f10b1b
ecd1c81b
001e4316
fcdf0e0c
06f41ab1
eb181ef7
1f25eafc
b9f7f110
07c005f5
122807f7
dc4041f2
260b1a43
061be505
2023ece6
46e506f6
2a13f832
df2d0001
fae91fe8
f4e2fa0e
eae22386
39f86c10
f1f81403
c11f051f
08eeffd9
0bdbf700
0008f505
0f14f108
110501f4
040b01dd
f00602fb
ecfb03f3
010704e2
f33518fc
0a0a2adc
c62417e7
f9c0f315
1c09e4ee
26e20b02
28071feb
1b09f9fa
15f619fe
ffeaf4f0
b4dfd036
ff180dd7
3cfa0eca
3c150219
071f0705
edf12fda
15df340e
0505f117
dbb5fce5
08f4383d
ce2e02c4
f6fd0903
d826fb00
eaf716dc
1746f806
f4463c1f
06f1d924
00f4f9d0
f7c9ea09
f4c7f404
dd1418fd
d601cad0
0400f50c
08effee9
ca1f1f3c
2ce226b0
e1110698
13ee29c4
1717f406
d500cac5
072afafb
f4b4f30e
31eb07d9
fcca1f20
112614ca
ed1febf8
f2dd15ee
2907f10e
c80fd304
d2613ee9
0b130005
15d7f40e
e7e741db
1cf00a1c
eb0f1df2
052730cf
e2101b0e
08320bee
f6e92afc
19fc1725
ee02f93b
0b0e17fa
fc21ebfc
00fb22fe
0dee470d
fe231402
f8d33bfe
ee121418
ff16f3e2
07e711f0
f009fb0d
13fc18fb
02ecf5f0
14380209
f8e614c0
2604def1
ce0f0ae1
12b31cf7
1f0718e9
ca10ff3d
f5040416
070c27ee
e7f80e17
15fb160a
f40cfefb
16f111f2
f117fa07
fefd1908
030231fb
0222f6d5
ebdbf2e7
06de2c23
17180812
ee1622c9
ad1c010e
31f8feec
f8191e07
060c31f2
ff26f8f8
f80707e9
0af0de3c
0df005ba
c9f924f2
fd0eedf9
110eff19
130e1318
e9ff2bfe
60061934
2881e40a
131ad612
1eeff902
340405ab
dd140410
0ac7db05
521bd1fb
f812e629
a5e529be
19da1bef
e4032205
0effefe1
13dafe01
0e16c0d2
07f1e603
d935e80e
0927caf7
190300ff
15ed000f
07010d14
0d06d7ef
02f802ff
0e200211
18d023c2
01e4d2ea
c2d3f42a
0b15fc0d
e402de15
fa2b1906
fc1c0201
d00ef718
0c051110
32ebf023
12e01dfa
87281315
d704c9fb
15e8dffb
15f3fcd1
dcf3d3d6
d731e8ec
d894ee35
d01eea18
010be5f9
f2fde511
0fbd4a15
f80d150e
bc0a17c7
24fef0f2
ed16e8b0
fa4d062d
0d20d604
a90f0e36
0c7350ea
e212aef7
1ce3ebf7
8a07bc26
26cbd6e3
cfdd39cd
e0191206
2100c11e
1b11c30a
fee443f3
47fbaf1e
fcfa1f13
02b5bafa
e3c5f8a5
b8e0b20f
48fcd5db
f836fef2
f60035f6
c80ceeed
12ee03f5
fefad826
110ea5e0
0200fe0a
defc00fe
fd1ffcef
0713fdeb
10e2cad3
051f06d0
f9f8ea7b
2e18110a
ede30e08
1afefcd6
e4192501
061f26cc
19c715da
013debe4
d04120ca
21f00310
d7ed16dc
4bff2dde
08091b01
0c26e9f0
0cec02b8
1e0e2eff
d010d3f1
d700dac9
ebf6e921
ec051e11
0400f9fb
04f2f102
04fdeaf6
160212f9
f81e26ef
fa02100c
1efa26f7
f70a0bf3
0be72c02
0df945f0
23d1d2f2
122119d0
12130f31
cfdf371d
12fefefb
0505ecea
fafcfe0d
fb3adb18
f4fde219
1e2df7e5
c805fbc9
f4f121ee
2906fb06
fe021f01
0225fa01
0b0f1bcf
2a3a64e8
14074023
20ca56de
220cfa1c
16ee08f6
120511d7
0337f804
07200100
faed0617
0bd1caff
072025e2
e8e1f0ed
e4160d13
1d0531fc
efe511e3
fcde29c9
fcf07ba0
1059ef0a
d204ff50
191e361e
df2806fb
8ef51216
0ae84002
f4d816f8
230a34fb
f9e1dd04
d171444f
580a17ee
e2e4f508
1904dd35
ffd1eb07
f7dd2012
bae80d29
01e6f6ee
21290814
dfef3c21
2cee0aea
cdfad401
f722f508
0fc303ec
19fb26e0
00ca3f19
21880e63
cbd634e9
2d07d306
34102105
f2371b01
01fc161f
05ee330f
e00149dd
1da31551
ea20d6c9
45d60c09
25151fee
0b0935f9
f3271018
38f7f8d0
0e08f5e1
fd0025b1
fb28edd5
0700fbfa
f8ef05ae
ad3a1509
fe19050a
e907bb13
fa0807f3
110c08f0
dce90218
32babb2f
d2df5be3
ebd40510
00170add
2efa08ff
01aaeac5
e8cefddc
fe29d9e8
c3dcff05
1bfbdb02
fb21e4fa
01161b01
1905c1de
e5cf06c7
040ed41e
eef4d31a
bffbf3f8
f1f024d9
0deef902
dff20f02
1bfa1f38
13fa12f0
df36fbb8
e52b16fe
fd2010f4
d3ece8e9
05f22501
e9e82722
26e233d9
29e0220e
401f21b8
d4d311cd
f9ffee0c
f8fee0be
daf51d03
0109f8e7
1b1445c4
05230e17
c60d15ac
f7cc1dc1
05e101f1
d20be738
1e18f002
0309f2f0
d9f8c5eb
0dfdfe24
48dcfc28
bb55e9c7
d93c0309
170119ec
8814e0c7
0453190a
052006fc
18df0903
2e39bf08
f6eeeeea
3a53c117
ffeefa05
02fefd13
ffd71520
5add11fc
fab3cee2
c62209d9
0dd00ee5
4c0aee0b
1ffe12f2
5f27eafe
10faf801
f20b1ccf
0ac322f7
df00fa02
d8f31a04
ecba104f
daec21d6
15e8f028
c4b90ee2
1a1f00e6
f719f7f9
0ce70ef2
c9edfaed
d6dc2102
08f6f417
c9d93e0c
e718a0df
edefdbba
df37f821
2934f165
f70b0613
18c5ede7
ea01e304
e7d3f20d
f6f82d2a
b7614450
0dbcdbfc
fdccd4a4
fbfef2e4
11f62005
7f08aa12
041430ff
02fa110a
c5f6ebf0
f50b0f13
2df5ef11
f2f4ec22
2b051804
ea020e29
faf304fd
fd07fe0f
081306f9
03060704
fa09f011
ee00f702
050cfb07
08000c03
fcddeb0d
08122806
f9e5fd3d
01f8eef0
e136181e
1d5016ef
fb081a11
171027b0
02db17fd
00d7dcd8
d7f1e234
31fc05c4
34436a20
183b2d05
030af601
52f1c6fe
130abe47
df2303e8
fab31dec
3eeaeafe
1223d881
f231eed2
09871ccb
eadfa600
030504ff
fd07cbf2
fff610fb
f3051303
ed1c25b1
ebf509e4
f9f30b07
d5002421
0e16dffe
fcefe3fc
ebe90f24
d4020aee
1a1f050d
f5021809
040af8ef
f3f9f210
faf2dd01
fb0610f3
e805f2e8
fb04e702
07d1f0e5
04fedde4
d118fe09
dc0306e9
04e7edfb
03330103
32f569fe
e2fcebd4
c783c7d9
0df7bf08
05091514
f4f4fcf6
fbe3dd06
f71f00f5
9511f4e5
017fa3e2
211fac38
073d811f
ff070ff6
0af4cdd7
efeadbd8
fe180fd8
23f704ec
31e6e220
04a5cd29
21f111df
c9f6f823
f600fc0a
0be441f9
0df407de
cbd408e9
0efd20ee
ccf9e901
ddefabfe
f322ee0a
13fc3aee
f7be0df1
fff3e0e2
0d0ec8af
c803d302
0dc5b6fb
d0d116c1
cc4c29d4
f6f7ec55
e8183dee
ed221509
0e5f2b4d
f41f2d37
b1c3087a
3f810842
97e8f7fd
abf72f17
02e6f4f5
f823b60f
2a20ff1a
06ef0af8
f60bf4fc
e9d7edad
40f80a14
ed0501ed
ff04e31d
1a0e10d4
d8f5e3f7
1c01daf3
0703f01d
d712d20d
de81642f
01af18ec
f03402fd
fa0005f1
d2f5e01c
091b00e5
e8592fbb
2d00d8e9
f4fbfcf9
16ede5f2
fae6dcf7
0802d300
ebd02004
f4dafbf4
fbd31adf
1108111b
e5fff411
0e00f0fe
f0d0f0f8
001af8d6
3721fdd8
fd12fb28
ecd4db26
ef26c51e
0fe00815
f5f7a3fd
09eed8fb
fcee03f6
fdc3d1c4
e8092b39
06ce145f
b8ec0123
d420d8f0
f5f70a08
e919ec04
030124ca
3333720e
0de81dfe
01d62646
df221ef6
0dfafef4
1df9d702
fedafd07
080a1af2
ec0d29f1
0edffcd8
ecfff304
0afbf70b
1f010307
1e01efe8
26c7ec16
3241fbe7
0f1f0ee8
04f2050f
e8092507
03ff10d2
bcc00a38
1bedd21f
e75aeffa
00c12c11
d60632d2
dbd80bd7
e6f5c9da
2304ef1c
222115f4
e603150f
f111e008
0cfe0e11
e02614fb
fdf022ca
ebd60fc4
f8fee5ec
13070fd6
2904d7bf
04c5e003
00d38629
ad0bd00c
02cb330c
17360922
fa21d710
2afe08f6
cdf0f89a
f0eeb9f8
0719fef8
b6fcb61f
d33fea02
4d131df0
ed0ef31e
edfd29e8
b2fc0ad6
04eeeff6
06eb1004
0ff93000
e9b3e131
2e4909c2
1500fa05
000d02f6
df00f1e7
f64c36f1
012ca504
0612fcde
132012f7
11ff2b0b
0a3422e4
cfd9f20f
1407fadf
10e9cd11
06edfadf
0800ef19
220a17e7
f00f0043
f4ecf20f
f91ffc12
0c00dd2f
0c1e0301
00ebd6fd
1a0fe0e6
f1f3fac3
dadbea12
22080ef0
ed04ff15
02ee1710
fd434ffc
ffe6f40f
3e06e3ea
d40a1129
e0c7ea05
d707defa
060200fb
dff90eda
f8f20d06
01f90919
dfe69928
cff2f7da
240bda5a
00f8e20f
df06f100
e7fbfcfc
ef131cf2
05cd0713
0202e2e5
0345ae15
fb0fec1b
1108230c
29fc0dfd
11fc07f6
f80b210e
031a1701
19b7572c
11e9ef18
cb07d80f
54e3ff12
03eff90d
070fed1a
11f0550d
ff3febc4
1381da3d
18cdfddc
f023aa2d
8eeda3da
357fee12
d6f5f505
1ffd01f3
0cd9cfec
f03323ed
de1c263e
bbe832fc
ce0ff808
304204fc
ea03d747
151723f9
f61a15eb
eceb22f8
2c00e8ee
d4220ce4
03f9daf8
f601f21b
0b022ddb
fe3a8a14
0a92b218
811edfeb
7fde11f8
ea3a7f6b
92aecbc5
061304bf
c4053bb7
fec21d01
fb25e802
15f7cd16
fbfdd329
0a16dd3e
29ceebf3
0fe011fe
34ff1441
d0f935ef
e7d31cf5
fb21e806
b80046f8
d9c9bb02
dfdf08f6
2af2f401
e1fbec0a
0f390df3
02ece303
340bf7d3
15f4e3ef
1f0f30de
fc021a05
31e705f8
1806f7f7
e1fad513
15ebfd06
0ae0f91c
1a31f5de
f6e4c814
22c12338
00f80712
f308e905
e4ddee97
ef922ed4
b22b0836
0e62defe
27fd40e1
cf5f4209
060d270b
38ee33b8
f004cb07
0de0df12
bc10edfe
30b1e1f5
34070962
e7f30253
a41600ec
c9055efc
f1e4f2f8
15130cde
d7ee081b
ea17382b
3241c2e9
2b0bf539
c802050b
090a153f
01e5d70a
02dff107
1a0f0b12
0812d1ee
074cfdd9
04140bdc
181bf500
27f8f0fe
f6fa0707
01e1d801
ee0218f8
02331701
0fecff01
09cd3501
f211fc03
38fcff01
ef3823ec
f5baac28
db00fff6
0a39fccc
d423f520
2f0a4141
f0fe1f1d
edfd3e51
fb1bc813
05c1e315
e9fce844
1c00eff3
e10edc31
06c2f3e4
f204ce00
ddfa3e17
fb17eb05
01050f33
cd12a1f7
dbd70bf7
1105eabf
fbf8e2e9
f6fd0120
fefc4634
eee527fa
11d3052a
decfddea
d5030405
e0f42fd8
d531a425
a018edcd
f731e2d7
e1d8efdb
0834f3da
e53a0b51
c6dde2b6
e9c7fd21
0011f822
0d511b83
d2080817
e715ea15
fb040c12
f516272a
d91ae9ea
2329eb37
ec3eecbd
660e0dfc
28f5c1c8
11c9eef8
0832c3ee
00e5241f
24d01ff0
39c4d7e3
81fa08e2
2022e5f5
f8fdb6f8
36270efe
08f32426
31eaf107
efd62211
c177b318
f8f62fdb
022d1c09
ef0039b8
eac6f0fe
07b50b14
cfd10cf2
2feeba28
1f53dfef
14fa1559
e8f5f2eb
df02142c
e411e823
06ff15eb
33c2350e
0fdaf8eb
05e2262f
18d7f8e7
ed25f226
30020c02
e00bf10b
e2fdd7e1
02eee01d
0dd50ce2
fbf4b2ef
df6ff928
101a021c
d2161ffa
12051dfd
fa09e9f5
1a040605
11fc0614
02f21103
0bfbe91e
05fffc0b
df0013f2
001cc103
07d6dc1b
dfbbdc12
c7daf2e2
1ae4fe94
16136228
bff412ea
71fdfcc9
43e2b97f
11781b3c
ee09ae4c
a51cf7dd
05ebd0f4
425df130
f0f2dff0
e426d528
000ad3f5
feeb18f5
550a05d8
1ce11916
e0a3387c
c5c7e018
32fd0707
ee17f74a
1f04f2d4
f530f022
35f6f2d5
08b61efa
1f0216e6
fefe0d00
114322e8
d0f80b29
14f3fc07
08dff3f8
b1026827
02080434
2af019b9
f82344c9
ebfada0a
02f6e8f2
06faf6fa
f3c80f16
0ff12fe3
ef03fce6
ea453de8
12511517
11cdfa19
e9001be7
13e52b0f
f2f9fdfd
071b0612
05df1a37
30ec20d3
f2d32ddf
3cfefaf7
e208fa20
03f8120a
f80d2301
fa04f2f0
020906fc
ec1517fe
15cc1fec
0019eefb
f906f6fd
eafeeafd
14f0edd7
d11a00d7
14dcf511
72d7d955
ffbe10c3
eefbfa0b
e20e341c
f8d3f1f4
ede4fe06
7935bbf4
c7cdd721
d9f01e16
06e7e731
f4f31e1a
d7f6fb25
0dffdffe
0218f9dc
2ff73301
ed21f9fe
eecbf1e6
e516cef8
04090d0d
fdfde618
5207ff93
34a7f031
41283e05
0aee1b13
fde41850
1e1eb103
df1838c7
37df2e01
012810fd
faff081d
1137010f
00e00d0a
080c1c1b
e52ed702
17e9fc1f
0ffbe034
0e1edb06
fdd60b17
f2d4f432
091e2aed
153ad604
f5eee521
eb0ff0fd
e7f446a7
fbf12def
fdfe0314
f51d07fd
e7fcfdf2
33fe2f0d
fa1d2208
06fd0308
09f91801
ff2eca0d
e4eadc35
0be1ae4d
c220dcf1
d933113a
1238ba2d
bcf90d07
18fb1419
ff2ffe03
fada270d
0bc2bae5
1215e711
2cb9134c
0307eed1
de1b0615
eef6cc1d
05faf0f1
f624d8e9
daf2fc03
2df42009
080eece5
261506fd
120716e2
ce010e13
f1d403fc
f61703fc
f00ed4e8
12fa13f3
1805e6f4
ea1518dd
f50806ee
0a00ebfe
f5a9290b
f3f02b13
0a0412d8
0924f603
0748fd02
c4b92813
f3170601
19f93373
fb01ef11
fcd705ea
0412ebc0
0b0a1cf0
ec18f70e
181adb04
07e7e6f4
0cfe02d7
312dc4bf
291cf007
d3e3f4d4
ff2ffdff
090bd7e5
daecd631
217b2d7c
ef2a0a1f
fdda02fa
00440834
0f1b1d30
12010b2e
28b9ff1d
f3f4d0f4
1cfd2111
0011aafd
0ede5005
fc55e3ff
eeee43dd
0b0e180c
c46cdc2e
15fa1eed
0e0711f7
c401fc3d
f9090b07
ff09ff16
e0ff22ee
17dbdef5
27f8ebd7
0de213ee
0ff5000d
c906f82a
09f20e11
00fc04f6
f5e2ed08
fbf00814
fbf4280b
16e11f0c
05f1fa05
0efe10f7
14de3419
1e7f17dd
32179f28
2f17e0d9
043224aa
cce8f32c
fe4bd60e
24f917e2
f50f18fb
00aecbfc
f030d7b4
1f18102c
059cb830
b20ae6ac
1a0a0101
fa0018fb
082609f1
f909d3f6
e128dfe4
0226d708
14e41c19
061cb4f2
e7eb1df5
ee02e5ea
04f6fd09
0b06ee02
2c15bdd4
32f42afa
1d08bce3
ef3119ea
0c0e09dd
180f1dde
06e8fe04
e8f47f15
e206ff55
04e6e6d1
f07b14af
df07f145
1a170211
d5fbaa3e
06c62003
05ff0c1d
e4e92310
0525ee36
54fae6d3
cfeb0dce
30020bef
cf00d421
faf2e804
05fb0ffa
2e07d203
1309e915
1cdcf9eb
fb0bf802
cf05f5fb
ff04c215
0de6e2eb
044702c0
1a0bef03
02ee1205
f82572c2
1d050915
9feb04f8
c707152e
fe0a1503
0633f5f0
0ce3f40e
f109d4dd
fc0ee711
e0e9da29
cb06001a
d9fd05e5
000a1c04
f83db602
241b2913
1b1334f3
f9fc13f5
1b0e1628
08f0051b
dbfcecd6
f2240af0
02f634fc
46f8ffc4
d628f229
39d7fcbb
f9bfd81d
f6f5081b
e8070323
0d4636fe
fefa011b
e805f419
00e3e611
f331303f
5e232a05
1feaf7fd
660708fa
0724f70a
04f7dddf
b0e001f3
ea17250d
d234ca22
daff000b
bc01bcfb
d6ff0129
04ec0f0a
ffd7fcdc
24c21424
57fd022d
ccbf6ff2
3cec0c26
b00f0bf2
26ff080e
f00d02fc
00f312fc
07191bf5
02110505
1afc24eb
e30406ef
0f040e04
f306e611
0701fa07
ffdd27e7
1f16e51b
eacff2f6
1c35c826
c7f0c5dc
1d37f107
1a05fb4b
0eedebdc
0117dbe1
eae8fc2f
fd030bd0
3ce20efb
1adbee4a
f501fa02
f709b5fa
07152c19
05031bf9
4a5f01ce
051cfd20
1425f2e9
2b300af8
3001f106
1804f137
19e2fbe9
020fedee
1bbfdfda
cfe8eafb
2ed7dcea
0d1cdd1f
fd0bf32b
b8f71537
fddff804
f82fec03
65090f0f
15f9010c
f9dc00d6
23e1ff1c
0b0c0d24
4aef1ed7
01fb070a
f704f50a
fe0606d8
e81707fe
01f2f7c3
f10bd7da
f8e7f706
27fb05fb
ebe6f601
09f8fc04
d94fd5f1
edd7fb08
f436b5d1
feff0929
fa0408e8
46f4f0be
03e2f903
08e7f915
fbbcb4d5
00f91102
09d8f34a
f725fee4
ef020708
2af81ce3
1019e90d
f20c200f
f0e530f8
02e70d07
e022f3d2
3b31292c
10f3dc22
0de826d3
08ca180b
1e2f08ff
2116eb08
09281311
ff48fd1d
f81ad21b
320a190a
f812da09
fe0ae6f2
16ee2a1b
db01d70f
cfec0dfc
0ad3ceeb
f1d5e645
eff423e0
15fceb2c
fd070cf1
ec1d1809
09fddeff
e9f83113
11ecc8eb
2debf312
ecf1e4ee
eaefe613
f85efa0e
faf9bfda
a128d137
fbff1207
e339e93f
2b0134e8
3c000efc
bcf019f4
0d0d04fa
031ee412
0e0ed2f4
f1f9e010
08371efd
3027163d
de00fe19
1a000929
0011280a
fd0dd10f
0f090df7
19ecfe1a
172a1717
e70af4d2
f2f3fc0a
d403de4b
ffef1906
09fcc7f0
fdefe120
06250944
bde0f805
14fe171f
fd0ff209
a9033618
f90c18f2
fd172ff3
fc071905
07a0caec
282ddee8
0205baf2
40dd3ff8
101811ed
0226c276
ea3e12f7
021bc7cf
e3bd1514
189f1a12
d5d0460a
59ccfb0e
4e16300b
09efe30c
f9ead1ee
3717160f
1bf418ec
e63b1d0d
b90722d4
1feafbf3
22fe0013
efebe7f4
0dfee0b7
20fbf4eb
e241e061
02b6f639
06f8190c
21110702
3dfcdca5
25de2002
f9d426e2
31c50d44
1c2c144f
0ece11e2
4118f40d
e9fcdb02
d5f50081
e4f40423
2ceee33e
14045dfe
0b210213
06f003f6
4f0cbef9
b9058aa0
ec1d31fd
0b0df7fc
ff1ae4f7
eb2a19df
ebfdfb1d
fe0b1913
c32011db
19fe04eb
fcf9d914
fc13f70d
0001f70b
0505fdf5
f0f90afc
f50bdef5
03fbfffb
0b08100d
edfdf002
f2c317f0
f41ad508
33d7f80a
c21405e9
e3b4c342
ebaa160e
01f4042b
01fcfcd4
09fb26f3
f811f938
2cbfd530
07dfe6fd
00edfbdf
0120cd1f
1ce416f9
d202fdf5
02ec0a00
ffe4e3e4
0eeb3df4
f300261b
26aa13f6
f9cd07eb
f0090602
fe07152d
06e2f7f0
ffe825e2
f3d9d9f2
022ae21b
d8e125fa
e1d0f0db
fe13fe00
08fdfe0b
18d62709
ec0bf4eb
d1dbd42e
08d80edc
20da1339
21ee1e42
3002d2fa
0ef7fbbe
f5340afd
0ca928d4
4f0feb12
29c418d0
e3ff26e9
16eb0db9
02f6d60f
f709d0fb
1bf8f50a
0e19f713
0af8e20e
dfeb00ed
e70c250e
4f031312
09fc0b01
1405091c
faf5e1fb
f705f8ff
fc0110ea
0102f905
f4f7122f
fe17ecfe
ff060506
fef7e40b
f64ef411
07e2240f
14240b1e
f598ec05
27c22c00
f809cbe5
4304ff07
1104fdcf
f9c9e2fd
f9fe32e3
22d21aeb
feaed00c
be15233e
f5c3c346
81f90bf8
20080d38
fad5fffe
f94ae7f4
d208223b
ebda3026
ddb3dd7c
1afee8ae
d50adb18
46f229c2
08ba1c11
0d2a1735
02192e2a
16f041f9
40b7dee7
ffd0e6bf
faeed02c
540f0ff6
09db011c
03f16e24
0bcea6ff
d83c06f5
292e24f4
f9c82cb6
e40d0f0e
cef7b12c
ea1b16e7
fad5cefa
08eec33a
db2c1bec
4b1a1de9
6ae410d1
0adffd27
1f0d1230
0a014204
ee01c706
201df4d0
203b1336
fc0b05e6
da360cea
2105eefc
09f80809
0816fa06
03ee0eec
15d21601
de17010b
171d071f
47edf908
fc1a1100
18fedecc
00f61a0e
105ec914
e4f81416
e461f8fb
05e0e708
b149f918
28fb0b38
f9f1f232
190f4717
020615f8
dc0eee17
fad50919
10d2ef2c
f5f4d601
26b5e28f
e6d51a01
d6e2f501
f1e8eb05
e00ae7ff
f717ee08
031ee40e
02e405d5
97eff9f4
5b09cc32
040107f5
f002bb07
fc0622b7
1036f907
0a0b0de0
3ce3dae7
0be5103b
ed08174f
114ded30
fa0a0443
38091404
d71c1af8
ff310d01
1be6dd03
22cbf0f7
d10bdc1a
fd20d606
f9bc0637
b5dc8eba
ed04c205
d3dd07d0
f7d55546
09140d15
fbfe0429
02ea0a0e
08d4dd25
f0fbda0f
e4f7e908
e9f708da
05e20cee
13f8e222
b5fef6db
f42d3700
fe0c100f
ece749eb
08921efd
e3ac1fc4
1f1ffe29
06e90103
e1ff1baa
06a61908
11713919
98e018fd
1310dde2
feeba907
261026e4
070810f0
1406c6ce
32f922f8
ea21210d
24f7f604
34d3d22a
7fe8040a
34e1aceb
dc151efa
350b18fb
f0d9e305
f905efe4
f6f4c2c2
03ce061b
33f8e0d8
f73de307
fa0a0a04
0ff8b8d5
030312fc
0821f9f7
1cfcee0b
f903fa41
1132ec10
12f5f10c
f8f81701
e8fef9e0
fb260fff
f5ecc20f
c413ebb9
3406251a
d3a50931
d3d01bcb
fd0dede2
37fd5213
0858e401
fe273408
d6fa3012
0324e62a
d7faf85b
0e2b26dd
cf0b14fd
7cfe05ec
7fefe929
a993e514
161ff123
111b0600
173eda0c
1ecede1e
ddf136f9
fe141120
ffe4d7ed
0523ec12
e5e230cf
fff107f1
3243e728
23bc252e
e6111ac8
f303ee29
1d17540d
07fcfa1a
f9f2d9d5
e80d0434
d2590ff3
dbf317da
fa25fb0b
dbf6f9d9
1901faf7
f7fd0af1
eff811fe
f705fcff
08fef102
07ef0ef7
05d9f904
ff010303
fc030c0a
0aff2b20
f0061fe7
0a112d09
1b4afdf5
f1e91a14
4e13f4dd
d715ead8
f5d917f1
16d61907
3af7c209
f6111811
341519cd
01e62bd7
59e41209
e409ee00
f806cafe
1114ff05
ee0f1120
d2fa081d
4afdf1fa
00060720
e2e231f3
e106f547
f51bf6e7
0000dff3
389b2bdd
3722f904
e7d41952
173fffc9
190f06e0
0d103e0a
e4e4d2ed
f893c8ef
905bb802
040a8106
51133fe4
c52f0dd2
17fc1ef3
e0023b00
b911f100
f31ff1f8
c7dbeadd
f1d4f3f7
eb02d7cf
e71b0816
43fa15bd
24df1736
ec050305
f4eb0705
0be4a710
e6052909
3041f8f9
f53cd5c9
2106e400
35fa29f2
0e0bfa0e
fe21e811
0ddee502
f0eff512
eaf913e6
0de810f7
f8f21304
070508e6
fa2bfb10
f1f71b0f
270ed30a
bfdefab7
1fbf0119
e113d106
4eded2a3
fee9fb0d
01d0f5ee
fbf80d14
0a1dee21
23ff26f9
0119cfd5
f012e2f3
c7e2eb00
0f0311f1
081ed110
21d1e30d
0b2cc6d6
17f0e311
b7f10720
ff2bf0df
30f21511
b1142810
0b3e0be1
f2fe24e8
2aef18d9
cffd02ed
3fbed81d
21de070a
f2040718
053808ed
c012cd31
0a18fb52
d425f5f2
a4d715aa
f2f81522
38da07df
03e5f1fb
250add06
040eed0f
f31bfcf5
2cf1f5f2
fd051b03
e6f413fa
12eefa01
0215ea03
f208f31a
08a5cdec
bae91e0a
00f7fff6
3400bf22
f6ebcefe
f8faee1b
020c24f9
f1c7051f
04db20e2
0ffa0ad2
08f408fc
f901002b
bbd8020e
23e3e9fe
0a2f0e81
fe08dcb0
16fd2ad8
0fe6cfe5
fcf80d04
f708c7f6
290808e9
15e2fc3b
ee071309
e613d3f1
03e92929
f71506fe
d7fc02fd
1dfe15f4
0a081ff6
fd21fae2
e6e2f402
22eb04da
e009112c
2548f5e5
8efe3a99
d7f3efe5
e6b3e300
05fe0406
12cdd802
1d4d10f7
36f2de19
0610dd17
f1c80509
f2f926f4
0a1af52e
f00bf61e
10cad1e7
fa03182b
f31ef3d3
ff1312fb
e71e0e27
f809e9f8
25f3e60b
d8e6fe09
f7f707fd
312ffbc8
15f4092f
0401fbfc
07f6f811
f6fe20e1
cde80fda
ede549f3
09121511
0d1801d3
f103cfeb
09d5f9f2
0e0717d0
f7f7ec02
30f41ffb
f6efddfc
e01b1904
fedb07f7
0832d3f3
1f0bcdf9
32f5f2e8
f502f9ba
29240f1c
26d6fddc
ecfec301
acddead1
e8f8fb0d
dff22ebd
ce14ef50
d5eee42b
f024cb61
e37f0849
191d1efa
83f7ff2c
d9b8ec69
7fe2c2d2
fce907b6
f21be4e1
dbed160e
2a2dec24
14113004
492e0f2b
15eb12e6
efe6eafc
e42015ff
2209fff4
d600e5f5
030700f0
fcc6eb09
f53009ee
ee0418ce
00f5e7e5
ebf202e1
da000713
eb24d737
cdfafae4
ee0ae313
46de0de7
292ca6f6
2f4fc8f0
fb0b2617
4eed242f
34fa2112
e4e31b13
dc0d0702
effbf4fe
0310ed13
09131503
eaf2f7f6
f7fb1fe7
f1e6030a
dee23bf2
10ee1cff
06f8fdf5
18ddf405
e8bf20f5
0bf3f5e2
020ba60e
2323fcd6
001002ef
e220020d
930df611
1243df0b
04041bf4
0726ef3b
e00159c4
d034c8d0
2cfc0f0b
eb37df0f
f9090f30
0ac60ed7
020de14f
d6ef20f2
0cf2b2c6
021410f0
28c3c1d1
c6e407e5
eefad231
f8e2abdd
51ca4123
1cdef428
fa15dff4
29f5ddca
59ecc9f6
3a20e6ec
3f6afd9f
08fce61f
0132ebe9
0afed206
0110f8fb
d4fd17d9
ef0be9f1
f217f906
0343f926
e82acb1d
2b0ad8f5
3beffeed
f809fdfe
e0021eea
d0d131c4
f22d1903
291df4f8
23f10bdc
0f22dfe5
d3e7f4f2
15fffbf6
cf0900fd
2df110d4
dfe3d811
db0ff8e3
e120ae17
fff20df8
d90ffbda
04f7f520
0af812fb
fe05f4dd
0813f0fb
cbd5fb1a
0fdb3602
f5dffa09
f5f91c28
15f52a19
e701e3f6
c0fd03d9
ee261603
f72912fa
e70cd4c0
b51f11e7
d20213be
00f2df38
f6f5b3fc
1eebeacf
fae3ab0f
c005062a
04ec9918
2fa81812
1800fd24
54105608
3e0a0fe6
0bfdf8c7
fff8d300
2b00ee81
f6f6110e
f9010706
eaeef9fd
09fe1dfa
05e31320
04f2f904
f60dff09
1df1fa01
1eff20d4
ecc6d8ea
21f205dc
19ef1bed
152a23f7
2ab6f1e7
fce5f8e9
07f0fc00
f1e522ed
19fde0ed
06031625
170bfb1e
34e9bbf6
faef03f2
18e2deea
f6e7f527
16fb0823
ef1fea58
ecc9290a
e606df18
deda0918
15ff07f0
81132609
dc35e24b
f1bc14d6
e1b0e808
3126f8fd
b305ecef
05ecf31b
28ced230
2f112e08
2727f41c
f743eb0c
0a1d2604
02ea03db
b60ccb16
ee030af0
e1f5fae9
ebdb0507
be1cf605
1a0be61a
e211caee
3d170538
0b072210
fa06dab6
ef0dfcee
30fb04e3
12111a16
26feea24
dffd2d07
1cf729f1
b4f5c000
f00622c1
610d0af5
1502f804
29160e05
e943749c
de3fda09
4ac01823
06fae92a
3cf143ef
36db06d9
3b7b3602
f58cfa28
08bfe0e6
f01bbb2f
26fd7f1c
54e2fe12
3114f207
0805f5f8
024eea1d
f2f922f9
18e3eb0a
061440f4
dff0fa19
1ffdbd4a
4d08fccb
ca0215e8
f222ef07
1503f8ed
11c5d72c
3ae61222
a0050812
a8121012
180bc0db
f62305df
3634aa00
059f0910
05020514
fcb403f7
32040f07
f1fc44e8
fcfcc710
0906f5fa
eefee7f5
ec191522
2dcb99f2
110cf1f9
d8152d0b
08fd2c14
0610db0e
1c34f213
e5f7d700
f73a1bdd
1d1d1331
ac11fb09
4414f313
2cfc2e0f
f0df26e9
f02c03d3
e21617f3
45ec0ff7
123212e7
f9f220fe
34140edd
220129f9
e7030505
15fce8fb
f6f21404
0b070cd9
f5f5fefd
f8bbe3fe
260a2205
050208f3
d4ec1d03
fed3e4b6
0fc7ea1b
faf511e0
1812dd2a
17cc21fd
d4fefadd
f504d9fb
f3f1261a
1a0504f5
fe1b1c00
96e8fbfc
f723cc08
c821dbfa
eff90416
c60ff90d
e3f0def3
7ff21706
052d0616
c2f8fdf1
0fbd27d3
ef1b0a76
be1dfcd9
dbeaf7f5
18eff11b
dc2dea24
f4100633
fee713f8
06bf0b3b
e70ee40c
fdf2f413
1f021a02
c1fa00da
ecf140e8
f4181717
38eefaf7
b2e0019b
fdfc0281
03164600
e181147f
fc1302db
0ad1e9fb
99dd36e3
01f97fd1
09e9dcc4
0dcd111b
e910ec16
3210f11d
ee1316e0
f2eb0e26
0bf2d00d
0d1aed21
1f472d0a
f9fa4ff5
15f70917
3f051f1a
f2410013
c4db13f5
1034e6f3
fee0fd0e
edc017d4
e7e50bf0
03030206
c6166022
f4ed02fd
44efd808
07f50506
ba1120e9
0df4c8f1
060024fc
fb270f42
ac03020c
22e52113
dbc707f6
f00e15fd
d728fcec
06010918
0029b2f5
99fffa00
0300dad9
e914fb08
f0cb08e1
2414110f
00dcef0a
c9f7f4ea
d00923f7
13fdf421
2cfa3237
da02d7da
62e7f3ef
1adbd6f4
03f51117
f5221ad8
9df9000d
dbe7ede8
f0f606f0
45292dc7
1bd5ebf9
dd250dfe
fe1d1b11
eef501f1
19e11009
dff3ddfe
14f620f0
dbe5191d
54f8f11b
2fdeeeff
c5350dfb
ed2c301c
f51cfc0f
dc0c09f7
01093e20
ecf219fb
e4d5d809
e9fc2cfc
0cc604fe
3cb6da24
08db2b07
15fa9716
26fbe0e5
e430bac8
260cfdfa
baf8bcdd
2d02befc
fa2ddb2b
162ff60a
c514fbc2
15002722
f6060905
0a1bd4ed
21cf0106
f6250917
00da0d04
14f9ed14
e218ec1d
3d022ad9
def70ef2
eb03e9db
0af8f801
c0cd041a
f8082417
04ff0a01
03fb00fa
16fe12fe
0f0f1704
f60bfcf6
fbd70501
f806fb07
cbcd3c0b
f9fe02f2
300b0aee
cefc5c09
b930ef00
d50503fe
e8395202
f52a01d1
12c21cc9
31e52b00
061303f5
fb002deb
1014d4dc
1bf2e016
ca1ce8fe
f1fe1222
f6bdf70f
fdbacff8
e32100c9
dc00f50f
28ecde2a
f912f649
ebf0e9f6
dee50618
f5ed0a22
fcd9030b
0dfc05f3
10091aee
0ce3f908
0316e509
1d17f210
1b050119
ffbf35e9
fe08120e
33fff0e6
28010af5
d8e7f3e6
f5f2dc2b
0b1eeafe
64e8fe35
f1fdedf5
d9e123ef
32250ef9
e200a73f
002f17f7
f218f7df
143a000a
63c70e2a
0eddeb18
2d1bfe0a
221509fe
f60318d3
20f932f7
0620f8f1
f2e3090c
1340ef30
1aefedbc
17e04b3c
fdf0c41d
00d9b523
d804dfb6
fe18fb08
36e1e041
f1c10c3d
2a0dece3
e513e10d
ec0ffdeb
040649f4
f805e2e5
10f20509
0dc700f8
d3ec0b12
fa18ee05
e8ee0d0b
0de90c1a
56f83233
d8fdcec5
ff050408
e70508f8
c53419fa
b214e41b
18f6fdd1
45040fd4
30f82bdb
1ad2bff0
f31a1bd2
ea6ff206
ce280bd7
12f7efd7
1bda2809
d7221bfa
5f04d22d
433101f2
d833efee
0f15d20a
e9c5f71e
1e3c02e8
0bf1d900
11f40730
04fa14f7
0c15e21a
bdd3070e
f7d7f80c
ecaef7d5
d6433557
0b332fed
24330081
f6f939ef
210bea06
e4db1033
e8473817
f20cf8f8
270330f7
bc3111f9
fffef81f
13fcfeed
03eb0a10
d913131a
080214e5
19171320
000623c6
d00af416
2af3091e
2208f603
19d81d19
f62c12fe
1e0be2f4
d205073b
32f6cb2e
08fcd504
0202f414
06fd1b0f
1a05e3f8
e100131d
ecdae001
45d7fbee
0ae1381e
bd54d4fe
f822f405
01e517cf
c51e2ecb
361506f9
0af5180d
0aceed05
f7001820
afe2c9ee
00521206
f0fd3006
f829ed07
a8de0203
0c17fafa
ff0d1226
137f040d
35eeb321
3e21fd14
2ffb5ec0
f1d02ae6
552f2613
f9da3af7
2721fdd0
f71d09e9
0c2d11e9
362b0a2c
c9fdebeb
3e0b14c4
3300fc05
0f550e0c
00fef925
f34cdefa
def2ef44
04091926
ec0e0bad
391616f3
1e0adede
0b303211
1f40e809
0819f518
fb0f0e07
f0f1011a
e7fd0c0c
06002313
f7f70f05
07f4e9ff
10f4fbf8
f7e3dcd7
fc0ced05
0008f614
40fd0303
1329e208
d2d80af8
e3e30808
08fafc11
ca1a0045
d32ad8fb
cfee1f08
3cf9dce5
c7cf2b09
f8f500df
0e263819
f9ca0a00
ef14e910
0a07be06
f1f7f5ea
000202f6
09ee1901
f70ee904
0c07f4fd
1705f917
1ce816e3
1d191116
160efa09
160310e6
d9f7cce2
e81f031d
fbefdb00
e209f3d3
fbf4fadd
11f61802
f0eaef07
f608eef2
08fdee1c
0d09dffa
12f30ce6
fb070b11
0db7090a
e0cae530
2b0c0e1b
0de02804
09d6ffd0
13f90710
c9f9ec08
3e1edd13
06d73025
2147d700
31edf7d7
feff3104
2903f8d9
390b0718
07f0fff9
294305d9
32c109dc
f8f7eaef
02120c48
d8fbbce7
13f03837
f600f4c0
ff25f506
e43efc2b
e61c1415
cbfbfff9
3fe8013e
28fc31d3
091e2007
ded9fbd8
3cf60a09
57e8f8df
f905341d
e10afb07
e5fcfc3b
cb0813f7
17ea0be6
dbef03f5
1f1dfefe
f008f4e8
f8f3fd18
cf3a33f0
bedbff17
03f1d533
f320f6e1
2beafc13
0a10e9fd
14cc083b
1f041c0f
f11af5f1
dc061216
cef910fd
d32118d9
e702fa00
12c4fc0f
e6ebee04
ef2e3b95
0ac00bff
ffd9fe52
fe00e9f9
4126b653
25dfeb28
3e12f2f6
e9de0762
edd9f3fb
eefe02fb
022ef20f
c3fa1737
1bf0fc0f
4906fefa
dbeb1c19
25fe01fb
d066fefd
5dd6f49a
e9e11a4c
0be836f2
320f5cee
f8eef049
951fe11a
eaf10041
022f0003
393afd13
fdf7f51c
f20fd8ff
23c2e37f
20071201
e7ea45f8
13f4feba
1ede1803
e812e7ea
a403f9ea
12f8e1ef
d5f81cf2
ecddddf7
0a020e0a
ecd5ebf9
080ef5f3
060dfbf4
00fffdec
fdfb09fa
0604ecf9
0104f6fb
00fc0ffa
0dfd010c
e1f9f3f4
123628fb
16f701e9
fe003002
f8e9edc4
15150bff
290c0cfd
0c4c0616
0e2fde33
ff4121ef
d4fd102b
b0ebb20a
21d5201e
04ddf9f6
2af5d702
05e40812
ecc8e442
dd44dd0e
f24df6ee
62ec04ed
02e40d09
3218140b
efb02015
a723eaf3
16d330c2
b2f5280a
f223ec00
cf090e0f
d5fb2eee
08cccf34
eaf0e4e8
28f7cee5
e4b2f6f2
f5063021
cb15d3ed
dcf0c9ed
fd0b001c
142cdde6
fc25f3e1
ebdfcdf7
f7040e01
141cf4f7
1f07fbfe
fb03e90a
eb2be9e7
f70505fc
14e80df2
1b0efff9
d8e92efc
fc1722ea
ff4308f3
79fa1800
2d09e0d5
c3080001
e70b04f3
1ae807df
ffdc0ade
e9e53cfe
d3f499ff
01f65904
bf2e38f7
1816e218
f9f224ed
f5fddadc
eed61d1e
0dce0eea
06f6f4f0
080cf005
e8f50cfd
ece72cef
00e3cb01
1cf1e607
d809f213
11353b07
27e8eaff
220005f8
0928f8e9
c60c01fd
01e9e9e8
33180dd9
f1faec1e
e9ce15f5
28f5f5de
1ffcd1f9
effb150f
06fdfa06
10fd0f0a
3a05f836
d9081d25
fee6dd11
a91d45d7
fb01d503
a90fc1f8
1a17ea12
3404d701
2d243546
d3fc2f34
ffb71df9
b0ee14d5
fefdf2cc
c43007fd
dfebfefd
13ab051c
d06a0a08
f0dbc6ea
d110f9fd
e52bf8d8
2503751d
06cccdec
fbfbdb0c
f0d7e4f5
1bd307e3
1009db1e
fb14dff0
1f1ef128
d6f1c7e2
4304cc14
26d60beb
e124f40d
f8ddfdf8
f8ed0717
20f2f503
0cedf6e8
3103e61a
1005f30b
ecdd43f1
0024020f
15fbf9db
0a13e912
e8e6ea1b
33f1f90e
0dfefa0e
161613ea
13e308eb
13052304
eef8f21d
18f35f34
0c1fb2e6
de141e01
dbfdf1f7
ece33d57
32200dfe
05f41408
64d8ff06
ec00d90c
f0001d02
2bf8fff1
1d07b80e
3219ee02
1a01f2dd
ea20c9f2
f8fe0fef
013fc326
f2d4e4f9
131f0ac3
f10af9eb
06c0eaf7
3c312e04
02e9cd12
3aaffe15
e80207fe
10f50001
0c030cd1
fb19f8ea
eefefbf0
0388f711
c5ef15f1
f0d6fd03
ed252e0d
da450802
0ddbfcf7
fe080612
cef100eb
d229f2f6
e8f2e708
f4b703e6
e9ff070c
fa040c05
e501f40f
3005ff0a
d90405ef
fb2b17fe
ffe50cfc
0cfcfef6
d5c62fee
182c3814
dcdafdd7
4d01b818
e247f90b
cbe5052e
df43d7fb
e9f50b40
eadbcdd5
121201ec
1d11fa0a
e901091e
e01fe099
17dce4e2
0140f311
15f90603
fbedb3ff
d30afce2
07041808
f5fcf80d
09cee0e2
daf80fed
ec1c1712
e842f532
3d17c4f8
5fef0f1b
29030670
070be417
2a212841
18210014
f6fbf3f1
d513fff5
2709ec3c
dcf80403
200dfcf5
02fcdef3
bb1629fb
02221cdb
ebe424f2
2b0e02ce
26fd0721
120ff9fb
de081b0a
23f854f6
1a1b37fc
16d5fff6
02f2351e
3ff8fc90
f21f3044
fefe1608
2afc0a37
03fec4e5
2a16e6ea
cdef1110
0ee01ff4
f3d7fad3
f5eb0f24
fe0e00e8
fffe000a
e605ea26
f5f8f5cd
d1edffec
f42617ed
492afc05
30db52db
03fc08e6
031f25b8
71028138
f8f9f939
c105f715
c506040c
d10ffc04
ebb8d100
0f22070f
08060d1d
1afe3dda
a8f6e5fe
ff14f2e4
17d1e3e4
fbce1916
7f0703ec
fecef1ec
7feff8b0
e8124f1f
1681969f
36bf1781
27d13afd
1281fb3f
0af502f6
0d16e0fe
bdec001d
41fbdbff
e0cdc019
2fe40a20
f94e3d02
1be108ce
14182af8
d013e006
19f50147
d7000ff1
1703e9fe
2a1efcfc
fa16f801
eff50109
f8000c00
f22a180e
06fbfec3
e0fc272d
07fec9e4
241c0cfe
f0cdf7e3
dce4f60e
03620a9c
bdf712f2
0efff4aa
c5ffdef1
e0f4e4fa
0107dc09
ecf2fc00
b3d8f608
122202f7
a1020c04
dd0f073d
e20bea0e
35efdfe4
04ebf6ce
2724b6ff
210f0ed8
0de6dbfd
24d4ff0d
f5e80236
d00603c1
eedcf3ff
0fc9f52c
ea07fa1f
cd3603c2
0ed1e150
1fba341f
1b0ff720
e9fe17eb
28efeaf9
1d02eaed
ec0b1ced
2ade1609
04dd0ee4
ffe9d7fc
e2110225
10fd201b
d71b00ff
ebe5f9f3
0ef1270f
e136f81c
15bed20e
0be6fffd
f7fb08cd
daf32515
f4092922
fef2ead2
e9440804
fee90706
fb0805ef
f2f9ebf9
d8ebf3ed
01f22622
dcf810ed
45050c2e
fffff6ff
4e09020b
2daf01c3
2cf414f9
3ae2f800
10051cd0
b32102ef
0027f3f5
f5b72af1
dee0d8d4
09e91cf5
df05f100
ed1ffd35
b40202f8
ea0af2df
02fdff0d
00ecf8fe
240a00fe
0aef431a
080128d3
97ee15f5
ecf611d3
62260ac2
2dd90f09
1000111f
b3290cc9
f74ac93b
afde27e5
fdfaf2e4
9ffae0c2
a8c901d7
d41531d9
e3fdbfec
f7d4f624
f720f12c
1723c806
14ec0c0f
ec02f9cf
130bf1fc
fa04dae3
1712f203
090202fb
fbd205b7
e6f452f2
f21e09d8
12021dff
17de06be
3cf9f5f4
fcd2ce06
1135030b
f2dbc818
f1f7e0f7
41ddfb26
42fbc2ff
de2356d1
5614e501
1fbbfe03
28f9faf4
ec11e627
15de120a
11e534e9
1a06e3ca
baf8e2f7
4a30eb19
0be4f11f
27351801
05e9f31b
3109da1d
9011d8c0
1dfb2de9
3b0ede0a
d30cf7e1
f8c814f8
1bef1be4
d5635732
7804295c
0dd7f003
14e912e6
29033d08
5ed5cff3
1532dd04
e3efdef1
d9ec3c16
221e3eeb
e8f20dc5
07f4e026
d7fcee05
24ed00ee
e0e6f702
2312091d
f93b0032
07220009
0ef3ef25
2b02eb1d
b21a1100
0e0ce913
0b14d907
330f060b
d6e8fcc6
34dafe08
fdca20f6
19fa1f16
e7f41edb
32d60c10
f4060b02
5ac4fc44
fa10f6f4
fbfe0a07
000006f7
fefdf500
0205f40d
0709e50b
0bfe0bf9
e1f00116
06dee9f6
eeeb11f2
01fe08fd
14041f03
27eff621
df1c0ef2
e6e6f418
16f5f8f2
0db602e7
d913fbf1
d4110a2d
0b060ed5
efef120c
dcf5f20b
0626fc06
eb1f11ff
011f32dc
ffd212f2
d2d2182d
0fff13f5
2ce7e0da
eefcf510
0e5ae5ef
e1050be7
0cc42000
5dc6e517
cbdcdc2f
4b0c28f5
f409f810
cf49da27
ef4015e0
cafd0dda
0b0cecd5
32d31cf5
efe7f712
210ef5fa
d723e0fe
06200726
fe0cc8fb
e10bf42b
26d81ee5
121d25fc
c6edf3fb
3b061be0
f9ff05f5
1de211ec
d81cfd16
bb6c01df
04201dd7
e7f9f4f4
4dfde5f4
0e0a0bb4
27da1828
fee8db26
f653bcf9
163d1124
01f0fed5
f60206fe
28120502
0f0ce800
01f7090b
15150910
e006fe22
15f30a01
f8d2dde0
f2fa0002
171efc11
27f7fc13
e3edfa0d
080b04e8
f9101ff6
e1d90919
e8b5f42f
0211fd0c
dc010225
16fa0814
0b07211a
e937fa0d
4f4ad800
420706f5
f3e6fcd4
eef813fe
190a02fd
0e0af6ea
0dfefa03
1500ff18
eaeef307
040afeff
d210ed16
dc01f8fa
02100a11
08f71a0f
23d2ea1e
30d225fc
20350dfe
f40cfe1f
1ad6fd01
350d42f4
fadffafa
4afd13f9
f00a1e01
c9eaff09
ee19f115
3221f31f
09cb1ef3
1036d6e7
18ea0f02
b80b29b2
53101603
1ef6edd7
f5e8c910
f61d0404
31d92fee
c4440e03
ef15e613
e3fa5b1b
0223ebde
2e0507f7
ffcee50c
bae803f8
e8233538
e1d0ec08
2600f5f6
c000eeeb
2ecae82b
e0fff1e4
2ba914f8
0f060934
f438d0f0
e5e1e6ff
d8e90202
28ff1a0b
02f2f6fa
fa09f406
024d1e04
fbfcfa02
27c0d809
ffd849fd
ee00fb42
300cd716
20d305b6
d115fed8
f30ce7f2
bfd905e2
1333db14
e0fb0c00
fae4f3f0
fced20df
e001fefd
f1f80d0e
16fc08fe
15ee0402
16043ecb
f9ea1bdd
4bd437fc
f40dc04a
cffb11dc
2c1419c8
d919bcfc
292210e1
611a811a
631295ed
37c6ecdb
21e825cc
2988da0f
2e462fee
d5737f04
5bee15c7
343866c4
02f3f5ed
e207cc06
2bf7e212
f61e0827
01fbd9fb
f2a6e9da
f1e803d2
0f3d152f
03ed05f1
dbef06a6
18fef6f8
fbeaf41d
e2e00625
f81a1b0b
c1f8f90c
e71d1909
e9fbed10
07e3f3eb
e3fd12e8
f1fa1703
080bf216
13f110fb
d80e0703
1fd1a507
e3b0c713
32ff290b
28013c16
0fef2707
d705e2fb
eed1f118
f6170dfb
fe12ecf3
f0cbf2d7
e1fbf901
08e709ed
f30ecef7
05e80c1a
04200101
0500ed3d
f906f120
000d020a
f808063a
f00515ff
faf503fd
f0fa0101
1de7d009
da19001a
fdf60203
0cf501fb
1705f8eb
e409e1d6
59120309
0df9faf9
eff81602
c4e706ec
220a36d7
e4df24de
14021816
faf7f83b
1123dbe7
e6e725ec
e041f108
f7d7f62a
fbf9e4e9
fb55f5fb
d7e717ef
fe09b7bd
281e1357
e127103b
fc211109
de1b0fee
e31d18f7
fe0126ed
d1eefc0d
ee00c50d
0a0e14f1
fa0dffcf
0912f5fd
1a0b041c
fc4707f4
ec112502
3920f503
07012f09
16372602
e911fc06
08c80f03
fff8f912
20cb323b
23fab4fe
f12a01f0
f100fbf9
2018092d
0cddf4fb
d79d0901
fbfc0b0d
f6a9c80e
deec12f5
f5d9f70b
2201c8f0
3be2351a
2a13e800
e1231203
dfd9ff07
e5f2fd12
17d54000
21fe0a06
5f0df7e9
06fc01f1
eb262ae5
0bce0df3
e4f2fcf4
1cfee81c
08ff0cee
23c0eb0a
d7f804eb
fffd190f
430efd29
1207e3fc
da0ffd0e
09de67f6
47dce714
bd310004
ea002104
2203eb31
09dd03e7
19d73007
1ee6f5de
02fd26f9
be13eb09
3ee1b4de
eee8d33a
32fbf0f1
0d4203fd
193ef948
f10d1210
180a0710
58e1f210
ddc9f9fe
360142c5
18df03ec
ef1bf903
04c4f9f3
e32b02cb
dd1ad2fb
0e07f8f9
c81215d0
d7fcfde3
f6f90bf8
040200fc
0a380a04
3343fbdb
e024f4ad
ff4a452b
d8fa034b
33fa6111
36f8e40f
d1eefa38
e64310f6
7fe61ef7
18136ffd
2a4ae718
ed7ff6eb
c315012a
3638cb33
f933ec10
f736fced
88ce011a
243cf70a
df06d10d
f835c837
48f5e240
fd02cefe
9340feff
db17d1f5
ac3ddf3f
ddfc0e4c
35f9130b
f40321f6
1d0dda34
cf2e6126
f3fa01ec
00ed19fd
18110faf
50cc0e9f
26eb000b
f6eecb0f
ee0ec6f8
e9fc0cd4
f398ecff
1bfc0c1d
ee3358d7
27e944ff
d31e1beb
c7f3ef1e
ad0600ed
6317c7e9
1827fe1d
0a32dcfb
2d12f3f9
1614dbc5
1abe4331
23040c00
e2d9c01c
0af9faf4
ee23e6ff
09350436
f36adff6
08e40801
0515efc1
0ffa0114
2b0a08d5
0ff717f4
f613fb0d
65bf103f
ae9736f9
be120a01
34c0bf15
e7f3e016
e0e9ae0c
2cb8170b
f704fdc6
14051aed
233be6d2
f41a3cf7
42f3000e
cbd707eb
dd042e05
99e00206
d0080eeb
e6e01710
17a202f5
fed906e5
06f114fa
06f3fcfb
01032bf0
22f30410
16f600eb
20f5fa0e
020200e6
0409e1fa
ff0c0dfb
10ff0f0b
f90406f8
040cebfe
100ee309
fbef0cfd
f605fff8
10cbff21
2b13f0e4
c71ef7e5
0401b904
0a0202fb
211b071f
f955e6fa
0beb0831
e7bb06f0
c224e7f9
f30addf5
ecf821f2
04180c21
f0e8001d
f931f90d
4c0cee2a
e00503dc
f8ffe1e1
de1c1e4b
edf5ea3d
d41a031b
2452feee
3c24180c
330de11c
02f6e1bb
12be2500
f4250712
ff021125
181f271c
f9f7fce3
e5fd0006
e7040205
01fff5f9
e0eef219
eaf40601
dc09f5f8
e319df14
e9f2f809
01ea14fb
01fc07e0
1205ef27
09e9fcf5
ede9f902
0df8dde2
d4f80b02
eb01fd11
fc1d1501
f016fa05
10221be5
18daaf03
c21af50f
27f62afe
b4080102
e7eafb01
f4cef208
03ca06d4
38e002eb
e4eee31c
eb12eb36
9af9310d
f7cec1c6
d802f248
d4f6e9f8
0038f8e7
e1b9c9e5
203bdc00
c11a0955
f2f93bd5
fe12de17
11f7f329
fc1d1108
bc0defc8
f6c82ee1
c80b2614
0f14f401
e105c917
051ddf28
13c11d07
3f0b0401
0ef9f5d8
003a307f
fcc30135
fc2508f5
fffa6c07
f7c8e02c
11261718
323cdf1e
9ca1f120
1f33e7fa
1d03370d
83e4fe0c
21083bfb
e0e90911
32fbe814
31e9fafd
c911fa1b
00f8e42e
1eeada05
2cdfeae8
ee08b9d6
560d2e52
fbd3ea00
141f0902
e6ffff10
161eea39
0d1ccfa8
fd1ec508
ef25d81c
0dd119f1
1f2cc21f
13031118
151cff16
e4f713fc
f4cdebf4
1fd4fac9
4f020cdf
003018d7
03ceff06
f1d10716
1054e3ac
0a1ce3e5
161149e3
3cfb0e09
f50308fc
cdf8f7da
fae5090b
200ff10c
ea54fdd2
16e4f1db
ebdb0019
ef07ff12
a100fbcd
ffde09d5
670efe10
efd91cf4
1b0a03c9
fddbfde9
08f908fc
0f1e14ee
3702f1ef
12f838ca
0fff03e9
180e24ef
b30df8ef
0fd9fac9
3314071d
ebfe0734
e70107e6
fbccee1a
1f35e9eb
190918f8
093b0919
fe0afe1d
0cdbebfd
16ff05e9
fc00fb0e
ff030b04
04070207
f611f608
f2dcfe06
eb2cfa0c
141c110d
e30d120a
f612fde7
caeb254c
2b19eaef
09152e5e
fef82407
10f2ea23
1d181fec
15fa15f2
1e010521
9b27cf9f
c902120b
f235f00a
ccede6fe
e8fe4dff
03d314fa
17f0f09f
2a04b4fc
fce42a28
83ec0010
08cad712
0319fbfd
ec351d05
1feab103
01fd1204
e4fbcad9
190a1018
27d2f204
37330105
3ef7fb28
f4e02526
47b4ebfc
00150165
12f0a8e6
b4a7014b
2dcae0fe
febee41a
f720051d
f1e9fb1f
e83313ea
e41209f8
17f7aff9
e70bdfcf
e901f7ff
0b0dfd0e
ddfb06f9
f7fbe431
fb15b108
b4080b2c
e103d908
21f52eec
07f3231b
fbdfff06
1225ede5
f701f3e0
cff4efed
bf1f1124
18fe20e3
04cee00f
f31b1af5
dbfff0fb
032c0bf6
03d216f6
ed0f25f8
36ecf4f9
270718c9
dc0622ed
3f01d7f7
0f07e304
2afbff2f
15ede732
12fd0e10
070bf616
d0faf705
40edfb20
3109e43b
fd1aedf5
ec160ae2
15ebcc12
104ef9f2
ed3ff6da
17f8da20
d8fb04e0
e02be7f4
087fe8f9
d1daf00b
eef917f9
f2d0f9fc
19dd0911
10f4fb0c
b9fa17f1
abfbeaee
02f70e09
3fdd04e8
ef06071c
e111edfb
01f5f7e1
46f20722
0be0fd0a
0c3fccff
030beaea
f8f21223
bbeefdf1
1126f6ec
0a180834
fbe5020c
f0fc0e34
c71ff241
d95099fd
b9ebfd16
0828fcfc
e516e2e7
0b0d1fc2
120cf405
ffeef509
0602ff04
1918f912
b6fa0c06
fee51bd1
1ff6e601
f00cf004
2409f709
2df10712
e605f7f8
dde514ef
00f0ff21
f4021cc6
d441052b
00dde695
cd0e3dda
0d217f1c
6fe70c08
2aeb120e
053bf4ed
dc19e5d5
def0ee05
21cfecfa
dffee50b
1d1ce02f
eef2d9c0
060fd110
6ad3f93a
ec1ffa34
281c0b01
f9f7fae3
cc04b106
47f0fd01
0d03fc19
00dc0fd6
c7590028
181e053e
0419ff09
e3fcec04
f6ff29f6
c1f1f5e8
d70e18f0
11cee9f7
2e0f0517
d5b3f8e4
e6dd0f07
e2c413f4
1c08e2fe
b7e2b8e8
45fd0d14
0525d4fc
1158fdb4
f4fc0fb8
33818af2
43f300d5
23d8b7af
f22f115f
8c7125c8
42c329f5
420c0ea8
fcf9113e
0af1240c
13fc0905
3cfbfd06
1e1b4cbc
1205ef12
119f06f3
ea2fff17
27f34f61
054cfaf6
38fb1528
4ef8bee5
fff610fe
fbf5e4fe
26382801
f44107ed
fc06e92b
fdf213e8
34f8ffe2
0403e909
de02ff07
04f50104
d908d807
2807f708
f90e0e02
351e07f6
fe0afff1
df030310
d00cf3ff
08010618
01faed08
1410ef20
06db1fed
08f84cf4
f612f421
f50e0c34
d506c70d
d5b7e9fd
0f10cb0d
f9090c00
23032721
21f7d303
1210fee6
3f001803
9220dfec
def5ead8
fda819f7
e0f3f546
edf7d730
f7171af3
2f170bd4
d7fb3ff6
000e16cc
18f01f0e
18f70cf1
2040ffb4
efec0bfe
d90015c0
e7f7db6e
35172521
23571a0f
20724823
e002f72e
405bff16
f7d12252
efdbdfe0
0920f708
d305a3be
0d0df8fb
439ff4c9
e806fb9c
0414d309
27a43503
f80af212
f71d13ea
810319fb
2b00e720
0e2dfe13
296bdcf7
f51afe2b
03442825
e7da080a
e61a14ef
de00ef0d
2b130038
f2090aec
00e112f8
06e3fe19
34dbd8f2
f62313df
df0a0a4b
3a17f113
2f4ae407
0eef0705
fc0bf9fd
3ce3190b
e113a4a9
f2ff0af5
ff091dcc
1d05f115
81ecf9d0
17ebe41a
e314d318
de22eda0
dbbf53ea
240c00ff
1405163a
45f8c420
c9ebd800
39ff13ea
ed1c0ff1
e81504db
1218ed3c
ffe4cc05
0022c5d4
b5fdcf0c
c61cfe05
0b35fb0e
0c2e0d34
26011e31
f4e51b2a
f9fef604
0205ee05
010207ed
ebe80515
eff13cfe
f8fd1106
e911fc0d
4a37192a
e645e4e5
d6fbef04
fcf9eacb
33da3f3b
f40207fc
fecae405
ebcf11f6
c9f232d2
3cfde936
670cef32
21420767
410f0d18
f9cada0f
c3e71f1a
d607e0d8
2400161d
d95b2108
d016ec0f
f000f133
3f27fc16
0a3117d1
f0f53d03
a5cc0203
2cf6fc12
05d50c16
f601f8f2
0e072b51
040312ed
abdd1b12
4a11f7fe
08f6f737
0ac9ec22
d74f1001
00f30219
e606efc4
2be9e6ee
cdf11301
faf4f0fb
ee100718
ffedf9c7
fc1a1cff
191afef9
070945eb
37f8ecfb
e4ebdf02
e7260df4
0edf1120
f7d0f8f1
deca0ce9
faeae9a5
000af0f5
6dbdc62a
fc06131f
d7030a08
cd4af408
04f91eec
2c021dfb
040706f6
f903191b
00070e01
fc1016e5
f7ec0003
180d09e1
ce222e21
fde0de04
f6f627ef
feff14cd
cbe028fd
1e07090e
12e01206
e8e3edcd
f4d6f64b
cee5ce0c
07fef707
cafded02
feea2520
2c19e61a
e5e6e8f0
0a3a0d1a
02fd270f
e7f6f80a
f8e50a0e
f800deee
ed110f12
1be10ef5
10ef09fb
02000c2d
f0eb13e4
0c1211d6
20f911fc
deeeef12
20e8eff5
165f020a
cafae4b8
d9c2d1ff
ce0c0d2c
190bf406
1503eff2
27fa3f17
eb1ff601
f0eee9e4
07fd00f6
edf309ee
0206fa21
15052ef6
e007f0fe
23fc29fc
f90a1d02
e50bde05
0c2edff7
0009090c
f82910fe
e015f5f2
1f2809f0
fd04140c
fccf18ec
f8ef250a
03e9f913
ea25f706
27f8eb0e
ec1d3013
ffd90cca
06fe8622
d5dd47d2
1ef5f4ed
00fff5f7
25a80703
f4ef0b12
0bbae110
f300fdee
22014c04
bafded0e
c5feea39
2b1b26f0
13d10506
f7d935d9
1208e20c
fdd80f0d
120604f6
e6fa0311
fbedf7f0
08010518
0ceff321
1129fce0
090e191a
18ec051a
ed0f0616
18f00708
1214ed12
07f80ff8
e6f4fa11
eaed0a21
a1d5e6ff
17ebf4ff
e2f868fe
21b809f6
5128f513
ddfe0cfc
e800f825
102d0b1b
0b0e0813
05fa0c27
ef04f9ec
ef0ef6fa
f025f4f7
fa3402e8
f80f0d12
f43d300e
dce2cbf8
2c0ed9dc
e01be104
0117ff0e
2927dc06
f5210cd1
1cfb0ee9
0ef8e2d9
010bf703
200b0ed1
1f03ce3d
1a00ca3d
d4e82219
15e2e800
f12c03ec
ee0ee1cd
3cfdfc04
c1f8e72f
d2f2ea07
e5132618
051af7eb
f5371a05
d11b0430
df02dde0
0c0e27fc
12d805fb
f408f11c
0d20f6e2
e81200f9
00dee4fe
1028040e
fee1080d
ff00fdfb
f214f1fc
ecfa09fd
16e406ff
07ec45fa
fb0805fe
ed04020a
15f4d217
00287fea
f7fd05fb
23fec6cb
e21ca432
2f1b4ee2
31942de5
29e2f2c3
173cecef
d045051e
dc17210f
ba09e2f5
0606370b
1419f73d
f9ebd7f0
f717000e
fff9db37
1afe0b1f
06e704fe
e511c00a
def531fb
7915e3f1
1a2100fb
e8fe1b0b
fe51fee7
ee1bd925
03fdfbf6
fc0d0a0b
dfff17fe
cad10d29
0efe14f5
e3f3f240
1aff0ef9
cbc3ebed
650bf621
e41adf26
0b0c3ec8
f51ef1db
d50bfdf4
3ff4fc28
eb0a9b06
0101082b
fbfd02f2
3005e13d
ccf8e812
fb13ebfb
27dd0af9
e60d16a9
f4ebfedd
142f0b0d
0a08fde3
3804f1f1
2df1180e
030cfde7
1dcdf4ed
17f501eb
e3350919
4cf8f703
0a1de31b
1109e7dc
1fd219df
db05f508
1047f10a
f4cb0d29
e42e1ab5
ec02050c
eef20e26
f301e2f9
fce80006
efe8f1d5
fc0920ec
a62d0f17
e42cfacb
0007e6ee
1bd5fde6
ff15c5ef
1ef5e80d
bfed06f3
0c0033f4
2317fd1e
eacff811
e92103dd
43550afd
4cf2dbfc
f2250ced
d6e00ee8
e000bd16
ce03f200
ffe03f2f
32ea0af7
31d508f6
1606ee21
a9fd070b
32fdfb26
05cd030f
39c207f7
ffe106fd
b60120f8
1c1413f0
fef81ff2
0608daf4
d9180302
14f52af2
2aaf022e
f01e10d7
ed18fd0d
ffdc12f2
1904d4e8
ebd7de0c
fe032638
3102e6e7
e7050c47
010cf4f2
e1fd05f0
00f3eefb
01fffbf4
32f61329
e5f9ec19
de0eee0d
f5e1e8fa
f7fbf7d3
180a2702
64241cfc
fd000629
0d382317
effd1f19
e7dde6f6
bc0b01cf
14cfd426
bf239dec
1d38f308
22fc3dc4
e10df2e3
1ffe12ff
fd052c11
d9ecf004
f1000a0a
eceb51d8
e910e8c5
08fb2bdc
c9d8d800
bb2a03ff
ce2d21fb
fddb0123
337b1e06
00f80cd5
452e04fd
10fa23f9
293b342b
21e7eaf6
24da0b0c
5fe4f2d3
0047f00d
3b1c100f
f8c901f5
ba09f1d8
1105ed00
f7fb0212
11d7f5f5
ef050a09
eb0f21f4
1a0f2006
0d00f6e6
2b000806
e0faec1d
0709e00a
0623fcf9
fcd9fd2e
0ed7175d
0df11702
df1c111c
24f520ef
29312d11
0a0f0308
08e1d80a
1cf4fcef
fbc9d708
f4062505
d3f4f02a
2af25fec
28fe102c
1eb60e08
1ffbfbfc
d2f709ed
080b0203
09f108ee
e2120d39
2a0dd0ab
2d07d714
fd21f7c7
13faf4e4
47f31303
062fe6fd
1a12e0f5
f1fdf512
070620df
de170c1e
f60b24f2
f2e8ff0e
262a06d7
3c05f9ac
f0171009
46000724
120a3dd9
eb18f59d
f8f7dde1
28f8c914
26d6f8ed
140ecfc6
1a1d052b
e4f6fa4b
2ef0390b
0b26000d
d504feec
33f817ed
b3f5f9cd
c5fde161
23a6e6fc
e2f10be0
b30909bc
24f50d29
2a122508
e714140a
57090849
03f6e6ff
e01408e8
0d101706
aff5f223
bc223a16
35dce1e6
0f0514fb
02e206ed
0402d9dc
cb0bf6fa
0703f1e7
d8fc01f7
ff07f81c
bb07efd5
e90ef5fd
03fcfee6
1bfe0a04
caf2ebeb
00140f13
dbfae804
2cf8f302
881a08ed
d54a07fe
43be060c
220ee808
ff20d007
e9e4e91e
e8041f13
5afdfa40
0727fb16
0bdac8fc
15ccf920
fb1c165e
0036002e
b14708e3
f621ffdd
b7d01f07
e2dedf25
b1d00e0d
d619ecd4
f4171027
c6fcd312
c4f0eff3
1e00fdff
16d20d13
f70e1fd4
e40b01f4
b4400918
20c41a2c
2906e2fc
ee12f0f2
26f6fde8
2a04323c
4a1d0a31
01d9e707
1909ea0d
d4f72c20
01e01106
4b0d1934
dcfc3803
393ed7da
e9f72552
d7c7fa05
fc1313e2
b1d3f1d6
f3f1f2cb
e0d0c44b
e6352c03
0a0a10fa
146f59ea
c3ca3a55
dcbd0716
2237f103
2905e802
321cec08
dd0403de
13f90d0a
18121703
ebe0f10c
200bf4d8
06ff0116
1109000a
09f80904
e6040a17
010a0cee
fa102c09
040f01f7
0915fff8
d147f3dc
0ee6f603
05f5de1a
0906fa15
21de0908
010dd7d2
440014eb
1119f3e5
234d49d6
143ad20f
dcf4e50b
3f0aecc8
0ffce609
940d1819
db68190e
0012fdff
f5a4ed10
022ffdff
06feedf3
15fc15f1
f0f5caf5
ba10de23
deed00fe
f2f206f4
f9e4f4d7
f71a0107
1dfc0502
f20e14d5
e7e220f6
f9f2faf8
01391e0e
ca0cf3ff
fd27c9e6
e6283804
1c07fdf4
fc08161d
d822e8dc
d90b0cf7
05d7ede7
3fee0e1a
27e8d0d2
0437dcf2
f0f217d3
29086915
cb670417
cf06d2fc
12ec35f3
0fc1ee13
0b0dfffd
dbf212fe
b4f2090c
fa07171c
e2c8e0c3
ecbe0e17
1afee607
eac0fe28
0a030e0f
edfffffe
f7fcfff4
e5fa191b
07041f01
fef00df8
fe0700f7
21ea01fc
0bf30dc7
03f91afe
fa03f704
00011af4
fa37f410
1602f3c8
0e0d0cef
f02c07d8
1a5c2103
162610fa
efdcd0ba
0cf612fd
1ca22538
4be2071a
e1d708ff
110df8e5
f403b307
1ffaebf0
271d001e
c5f613c6
340f243f
46ff171f
ff0f15fb
e9d1ecde
fc5c11d4
010603f6
bb151b26
24fc3919
0cf31eec
b309fefe
30e60ec6
011b0bce
fe32fbe6
eca9eaf6
c2d0d3d8
23f92cfa
d41b09de
f7f8dde6
08fa10f7
44b8fb16
d533f30f
140f38f6
42fd1214
f1fad900
350dc7f5
e7b1ebf4
169f28f9
61d60aeb
f1092fde
0304f2ff
0b2408f0
d30ae401
3df4eaef
0beae1c8
040507fd
23040ee9
0c08110e
1d0bf8fa
24f9f703
21fff81b
ecf51801
f00ef601
eef0f107
292205fb
111149c8
cba62005
07c80e2c
3f04051c
fb0e2216
edd504cf
f8fce8fa
0404fec4
1a06f30d
052aec1f
42054704
0cf72be5
2ef5d81d
f511fb19
eb0e121b
1de21ada
2219e347
2416191d
1b2b1207
e7fcee3f
40ff2ff8
1cbd039b
f828200e
d5b5edab
e7fe0a05
111a18f6
e8f8e4fc
f716840f
19faee07
d40be7ed
21d309ed
a95d0609
00ad0e46
f7c9f9df
1d1c17bc
220d9eae
ec0adbe6
cef10d0d
a01dffcc
f64c00ed
20cbde2e
c6e93408
201ed258
0dff0a4b
f7d8eebf
f7fd1106
eeeffbf5
08dff7d8
0c3e30f9
2605ecde
da14e8db
12f6d4fb
d9202b32
140a00d6
fe3611ee
25f2f9f4
f8bfc7e6
d0f4140f
020907e9
fb0c4512
180926d9
2fe5031c
2d24e401
00f7f7d2
15041c14
363005f7
29c10514
f2fac6fd
d223e6f6
543105fa
0fb0d508
57e30b11
09ca14d3
ffafdafe
2705132b
d2042eea
4dcde3f6
1307ea22
e9062400
142c2400
eefd3604
f41c041e
f419e5d4
0202dd06
15f2c4ff
1a2df207
f6f1efe8
05b30807
0ee8fedd
1705cc16
c00ffb2a
f00af9ef
1d03000a
d3f40809
18f3ff01
1d12fb0c
e5fd1a20
c71bddf7
22fb1fe5
b306dc07
1ef7f40a
b7fef2ef
f1f1f710
f84ffa2e
f1f5f9c2
13c3210c
b0dbdef9
1b094d18
bc06c22a
c8dada01
0de7ee01
0809f6aa
04d326dd
e21329f1
04ce1530
b1d5b610
e404f6e8
09250f0c
4c03cf02
e010dbea
013a3406
08e00ef7
e82109c0
1005a70d
290003e5
dd1ef3fb
0befdb1b
37fffecf
f10c2219
0e0e18e9
1a1811ff
08f6d922
052dfbe7
f0e4e408
ebdece04
ad0c17ff
fe010bf3
fdf7ff10
f607f0ec
fdffff06
fb040900
01f97f02
030cf3f6
f9040a0a
1719fd1a
132019fb
281311e0
f004d91d
4b1e371a
dd49da0f
227029f1
21dd0214
f947c229
1b10cc01
fe3be730
e2072ee7
f52ddff9
daf5fae3
041a2005
c1b3eab3
ee3a39ee
e3ca0801
25e3fef1
29fc9326
083adcdb
efd1e31f
00e7e809
2e1513c7
0237e70f
dfc41724
e420161f
f0f0452d
2821fae9
2726f00d
04420904
34f50af0
eb242652
1f21f5ff
9603c9cd
3af125fd
1adaf343
c8c90c24
f126390d
b7e6e10d
0304d3cc
0b0d31b6
d319effd
bf1ad532
cefb18ea
e79acde9
01031f9c
16d4201b
eef7fc25
fef7e724
fe03fadf
16090e09
f6c6f1f3
29382918
f3d5f6da
6802fa12
02fb0c0d
f204faf8
f2f014f2
05fc2bf9
19fb0201
14d00818
f4080cfd
f806fc15
34fd060f
0bfa1128
14eb66f6
ddf7f6f8
f505550a
d204f31c
14c6f114
e9f01710
f2f707be
f0e408fc
1df10dff
ef05e505
1f24f500
0b03cf21
01fff6f9
e7030027
03f4d939
e10f08f4
c4da0317
e3f919dd
edea24f8
25f7261b
f4e7e610
f7f5011c
