231523ff
e82deee6
0c0502f7
04fef534
ced9d107
1902ffee
0af935fa
fef31a11
0b4ffe1f
32e1e1e7
5edd04f6
03006b8a
eb2bff21
f90cfeee
f81c440a
0ed80ccb
00d3072e
fb04e40f
0cf5eae0
14d411e4
09e10bfe
ed000108
f9c6c60a
fe05fbfe
f60fedcb
f7bebd18
f8e40e07
e9ce160c
ceea1a00
1000fb05
f90dfd19
f911e0fc
0dfbeb0a
0e1d941b
fef803ed
2ae704fb
01a2eafb
f40dfefa
01f7f8f3
07152b21
e6fad81a
fd36ea03
cd2c14f7
dc18dff3
0406e4d7
0af30207
cc0af4d4
fe0add03
1d206d12
e74132fb
d6f105f6
f63916d6
ff271b03
280a0012
01fceee0
04122ee5
eddafcee
dfdff79f
27a6f002
f9fb29ec
cd5cef43
fb04feef
0d21c9e7
fffb09d6
f2fb0c03
2b2e041c
bbf6091b
05baf7ee
ec0c19f8
03fb0319
f50719d6
0006eb0f
19d115ae
2bf80823
b7f31f04
edf2c6af
1f08bcf7
070001e2
299a1513
eee9e01d
150418e7
f318ee3d
e0f510ff
f4f813fe
ecf917fc
e6010000
1d07f84a
01fc1901
16fb17e1
12d0430f
06e91615
c92df701
e13506f3
0c09fe03
0055ee0a
094d1c30
251d0fdb
faa70f34
98eefc0a
2edad6f0
30bb4ddc
050bfef2
26dfe60e
0a24210c
fa3306d5
f137dbf2
27ee0a06
0102000f
fa0f0809
17f8fe16
fcfad8d3
06ecfe01
36e0f219
ee1502fe
14f723e3
00130a1a
06de27fc
27030105
0df22003
02fbd4ed
fec620f3
daae1d3c
fa0f10fe
20e4d2d4
bd02f3fd
01ff0016
f30ae62f
0935e2ff
fad70b12
d8f4f1db
1327033a
1e30100c
2cf314f0
e125121f
de27f5b7
f9f405e9
14150901
0beff723
25e70caf
08c9e732
e3060b01
153ffbf2
e8f8f621
3c1809ec
f7141de4
eb1908f9
88def0c0
f5c0cad5
053bb9c5
20fcfb31
2e42c913
ee27ddf6
ccf2e02b
270605dc
26fbffff
0828be7f
f9f52de0
08f90019
2b2a1e04
05f40604
3c232c07
d11d1d2a
0df11ede
111dff12
202de6ff
dafefaf9
f3e7fbf0
fb0100fd
f503cb06
1dffe013
05013515
f8f30df8
f1f0fa09
f30605fd
e8f2fbcd
f5052a08
0216edf0
09d8e8fc
0527fc02
fdfbece0
f903f80b
ecf8fe0f
0ef311f6
0a0f0df4
161dd8e6
f7e326f9
011604fb
f1f6e71a
12fc110f
fe0702d3
060a4611
08090503
1f0d32f4
102be302
0105e60a
0f25f401
27f6ea09
e8fc0105
15e8fa06
fe1ee8f6
ef0d12ea
d49cd3f2
c60607eb
e4181811
35fb03e0
fdfcfe03
0a0b2a28
0226e704
1902e5e7
1e290805
3a02ee2c
e5e90bfd
1be308f8
eb01020c
ecf8d2e9
fbe4b8f6
f111f309
f9f1dd0f
0eeffaf8
ff02f6f2
1508fb00
09fb010c
f4efd1f1
012aedfd
06cf9409
3fe1c811
1d070905
dcf2f9c9
d8011af8
11020008
ebfde11b
01d6d6fc
0706f80b
04f9f204
01ea0202
dee81002
3001f801
010c05fc
0f07fb0a
fe201900
13fcf202
1d0bde16
1afe0712
00dc02b6
17f4fbf2
ed01ff04
0108ee05
0621e3fd
0c17d7fe
dbd11ffe
e51c02c1
f538fcc7
d9fedb16
1bf8fe27
f7e22723
fdfce3f8
0e111afc
d9fa0dd1
0b12fdfd
06000706
d8100807
fa03fef3
000ae2ed
0b15e1f6
ff19e115
05f010d3
cdfe0205
ee25e006
40f1e309
23fefd3b
ed0d2f03
fe1e1fec
d7eed315
32e30a07
45f91807
efe8f0c3
ef070a06
18fffef3
0dddf515
f7170d07
2e11faf5
36080efe
f1f10edf
e3df2dfa
1bd10a10
32feff19
02ff19ed
fcfec6f6
112adccd
fd13e2bd
25eae00f
040d043d
efe5e232
12020005
ebc811be
f60303ec
f3fc2010
68396d06
2615f3e3
f9e81ff3
db18e912
cc03fff2
2ccc52a8
091bd61a
cdff311d
f6ecf8fa
f0060227
13cc19ff
fbe62105
f504ff1e
07f5f200
07f71b05
e10d3feb
0ef9b5d5
b20afa22
00e2fb57
12e51205
00ffff02
f5f507f8
fdd60910
d00d1ae3
d7f43003
fa06222b
102def60
9ff011fc
2ffd01e2
08f032fd
f707df0b
18e5efef
d5fdf9f0
0efc2703
0405e6f5
293cfd16
14fefff4
f91302b2
fd381aff
031e3013
f814471b
0f05fe33
c3feb80a
39096bd7
f4fa01f0
fc60d20c
0b191e16
f6fedee6
4138b322
f823085b
014bf6e4
c6f60910
f8050532
0ecfe635
097fe114
e2ec20d9
040983eb
fd0d0d08
e8c2fb51
ded30819
e801001a
f5fe0fd9
02343f0f
ff2c0d0e
1fe7e8db
10aeeb0e
dcb9e9ee
22df17da
0408fee0
111560d9
f6f82c13
14441711
1542c606
0af0064b
f0e90d09
09112fff
0c000407
fbe62f05
fd09470a
0b2e2aff
0a01f8d9
f3f5ff38
edfa19f1
0112110e
080204e8
161af5f4
f7d4d8f7
0a02fae5
0c1307e3
f204fbeb
f9160efe
340fe418
ef010131
071ac914
02dbebe9
00f1e802
1a2cef08
e3f7180f
05090de1
fa081001
06ff02e7
f304ec1a
01e8f9fe
f1f806f6
1a08c728
3410e000
18eeea15
18f40002
e3f9fe00
f1e4f80a
020fb6f7
e2f52c21
fcf3a2f2
1e02153b
e2e2131e
ce1807ef
f6f8fdeb
212c64f9
f644130f
29dcd732
04db17f2
f90efce5
0a2cc51e
17fa14f6
e1fe02f9
ff140cbe
fd2a070f
1e251f0b
2bd7c321
fdf20e21
1ddec72f
fd1fca14
02fa00e5
1afa01d4
ec3333ed
17f1e6e1
eddf0600
35e4e5f4
33da34b9
53e30132
0e01fdfa
d000b4d8
f858deee
e01606c5
03231e26
e616ea10
f3fcf0dc
07f21911
d700011e
fdf8011e
fa3be115
012a0afb
040f0eef
04ff0bfb
1cf61304
fde4cf08
fe030021
f3e11607
0b10e301
f60135f6
1dca0422
13061bfa
06ea1eb7
c8df260d
1dfafae6
06221d14
011c0b0b
2adc1002
2e2e1c24
f0fd44f1
0418b3d2
601708db
18f8fef9
eb295f00
0008c702
0af90018
120119f2
46fdef0f
bbc1b22e
f11def2e
04f50331
f228ffec
f4fc3f12
0e0bfb10
f3da47b3
cae4f3e3
0d2224fa
eddfef13
f6120011
e513cee2
021110e5
fb381f10
fa9b0efd
0a051504
fce5e6f0
1d10fbf9
14fe00ef
15010114
07fa1e02
d91c021c
dee9061c
15fbfeff
0828ff11
ee020efd
fe0702f5
e3e2e9e9
062b1af2
16060af6
1d01dee1
fb06f103
15e620f8
e20c030c
f0fefd14
ee0905f9
fd042604
25d02801
f314fd2f
f7eeece9
0318dcda
cafa0c02
0bfafe01
fd01d417
f106c9fd
fb1d8fa8
c42c1c22
102715f1
3be5020e
0fdf08fa
1800fc32
2ed13825
f5b74b09
fbe8380e
2bebff07
dfffff1f
01e70f01
f21c0908
fefb00fc
fe27eae7
04067c11
dedff1e0
eb050d02
9dfbeafc
04e019ff
14d91afe
eafd001b
0a03140a
fef7f802
071cf9fb
042e10f3
0cfbf9f2
18001b0f
031bdc16
fb07011e
df0704ec
040adfef
1016ccdb
f4fc481d
000bec13
0ae61a02
e7e1eefe
21f3fd0c
1bdf3710
04250916
dd08d902
d0272c0b
05e005ea
ebf50b0c
bc0e08f8
1afefdf8
f20e30fa
fdfa1bff
0af2f506
18452ee8
eaebecd9
2224e304
c4dde000
f601fc01
db283cee
0e0e3f0a
31f9142d
d704b7fc
0d07080e
031207fa
db3131f2
04f7fdf5
1b11c927
fc0afb04
0633feff
b5f2c315
12f10bfc
000b0bc4
24520202
e3ff01e1
dad6c7d8
f3da682c
1e230aeb
24fbf5dc
f1e805e3
1a0d1f18
f6d0fd05
f70bfe04
051c0eda
091ad701
daf7f3f5
17092f0c
16f20511
e8effae0
e4101204
120102ef
0709df18
ffe1e3f6
2a3715e9
ed0929d9
dd1330f6
0bf2f015
caf1e411
02fd01ec
fe1e2efb
042c0cfa
01f60108
0301f607
fb280303
f0021206
070106fb
077ffefd
06f308fc
12f9030e
3b31c9f8
0d3502f7
f4f909ff
0bfe260b
f6d6e4f8
f101010a
ed3b2003
0202eff5
00eb4631
27be2f17
fe00f1d9
0be7065e
1fc9f1f9
d5ff000f
fedfee01
0ae53004
fc31f320
f4e21e18
f405f1f4
fd2626f2
fddf10f3
04fc020b
2313070d
fc0bf6f1
e028e7d1
032e31df
f3e4140d
3837eefa
ca3722ed
0b0bfd08
29d3b3ce
0ce92a2b
1d08e034
1bee2954
88c40a14
021ff8e6
0b013bea
12f3fcbd
93d37fd3
f5ce03e2
dec4e609
fcbbfa12
000312fc
1e455805
53e2c045
f80902a4
3822f240
083848ff
320a04e0
0600d237
dbed10da
ff150b34
f8ecfdfa
f8fe0008
091001ea
fa25fa00
f8cd0c1d
100a031c
fe080902
1efa3412
1a08fe13
22fcfef6
160f3808
0301fa09
06eb0f06
bc18cd1b
d7fdfee1
1cf321f2
f0150a0a
d5fa00ee
ebe204d4
f9250a04
f9c513d4
0611eabf
25e8c347
0df40c02
51e248d6
310cfced
e2da4c07
f249caf0
240d16ee
eef254ea
3327fbb3
f708350f
df3d26e0
b802f408
1fee59de
1ef07004
0029fae1
eb24fb2a
dbf021f5
e0f00a1c
2815da22
1302fe21
f2000c40
ff0d2208
e7d2c150
d6da02b9
000afb52
f941dfea
39e81fe6
26070316
3d0107eb
0be74631
f4e81702
c7cad514
4edd34e3
0b171205
ab353df9
fef1fc7f
f5cc1be9
00b964f9
ce27f2cd
250e020b
2a0b0e01
ebeefbe3
0b26fd1c
edf800ed
0812f01a
f7c3bd04
0b1e080d
fa08e717
1ff4190f
fdf8eaf3
0e0210f2
1afe00ef
f41fedd7
ffd4d6fe
ddc8c511
22c8d91c
1509fa11
e142eff6
f30c1f02
0604ff11
051200fb
fff62906
d881fdc6
01f315f0
83f3e37f
397bfafe
33d4c90f
0108f6f1
0c4319a3
17a800e3
f50426e6
161116e7
00090a2c
f5fafce3
1128fb0b
000002f5
ec01fff1
030c1703
2008180e
25ea16f6
eaf0ffe9
e3011c28
df231b18
120300f0
fb13f1cf
feea2702
1c03d0cf
11bb46d4
bad7bc24
fad4e149
e7f511f4
23e8fdd8
f20c96f3
112acfd3
e0ee1626
11011901
f524e412
eff6fed1
06ee02f6
e1f80004
fc00373f
0231fafe
220df414
f5390102
ebffe5e8
fbe10f41
f7fd2310
06fa02f0
f50d0de0
f91e2f16
02eda000
15e11605
04ff1bf0
ef0a0625
0c2cf311
f4010108
1a0c0cc7
00f2f7f4
19d7e9fb
dffc2423
e0100d23
fefdddef
fe14f9f0
2400010d
11082201
08ec001e
0411fb14
fbfafa02
0914fef7
17fe35e2
11fae503
140005f7
05208d04
fef7fa5b
d609ffe0
2f311104
00fc03f3
fffa1819
071f0b0d
ed0005e9
0301fe2d
fde034f7
e401254a
d5f9051b
ad6aec14
fd23bcf4
341afd02
0df00011
35c2e211
03efcfdb
ff15adb2
cbc259d8
d2122711
0e1d302e
f71e21d5
fc00fb2c
f4ce2237
02a68e09
eefcdd10
2c18e100
f91f13fb
0403ec27
fbe2190a
01fe03fc
fcfa1901
030a2724
ddf00d26
d5e8cd1b
d6f7f4f3
0adf0a08
2d3bf30c
35f1ffbe
fe0c1bf0
1a062001
140810e0
e402f1df
1bfd25e8
0df1f9de
24fae804
eb01fcfe
0c0f33f8
04f207e3
e92438d3
013e0617
f5f30d15
03152e03
e9ec030a
e503fffe
f40a0927
fd2404f6
d6c63552
e63af80b
15af1212
7f0efebd
f021dcd7
ef0afefa
54cbdb17
fb18010a
3ce4f109
ffd029a4
f32cf903
d3da1de7
3c0a4505
f3f30010
1aa99138
fdeed523
100e2309
e6f1371b
43fde9a1
f504141a
dc07f9eb
19fafa10
dc072c00
07e1d419
faf508fc
f90a00fc
f4e6020b
f8030bfc
0609f2fc
07eb0809
0ef60bfb
f4010303
c6ff0d22
e9ee4c0f
2a000c16
ee29f222
0d1af7fc
e80601f2
eef6def9
01180300
23191ce5
1b05fb07
14f4eadc
f8f6074d
ed24f202
f8fefd00
032a1ffd
fed4c200
04fa02f3
e3f1c604
40020bfa
03f4e3fc
010a00fb
f5fdfeef
eb0a3528
fe19ff0b
fb2c270a
363043e4
e2020df6
03e90134
1e0e0502
01fc00f1
0706061c
ff120d06
2cd7ee05
37137ffb
efe41adc
0a0307e0
e40af30c
ebffff01
fcd5c62b
f9202b06
b912bb19
e7edc903
1efa1013
0f2716f1
e028fe06
0e09010b
01023407
080307fb
1c0fab00
f524d906
f6f7000c
f9f8ea14
ee10f6fc
0d060309
f431d326
02e72efd
07131a1b
15f35bff
f30112ee
120f100b
f903f9ec
faf6ffe4
f7051dee
fad51a0b
07eceb1f
e6130e42
05fdd7ca
1c1eefb4
410906fc
18fe0327
231a08fb
ff0a4ce4
f514a50a
14e30610
0210040e
ff0df7f0
ec0e0405
f8fe0116
eae8aa30
fc04000b
c4d0d00f
d4f3dddf
1acd04cc
30199a57
e2074e13
cb0afdea
e8d0aa12
0931e7d2
1fbdf3d5
dce70633
dceefc13
ebdcdbff
24480703
15f9001f
231ed70f
f6e8020a
01e90708
eaf331d7
ca0dfb19
0ef40608
f9f8ee04
1804fe1e
f4f4213d
07104b14
fbe9c102
f6accddc
ed2e00ea
e10e0803
c00be4e3
13e8ffd2
17a4e319
f6440f03
02f2d818
0fd50511
e1fafee7
d51e30fc
07e62515
ed02021f
ea22e4cb
002d0ef9
efe8fbd7
062317f6
d8fa120e
fa1523b1
de31dd00
e7f5fdfe
24f6fa3b
f940ebee
ccecd8e1
2a19d900
2410fcf8
06fdefee
0306fb05
0b02fffd
17bff726
feb50500
32e607f6
202b14e8
c30008fc
0910192a
e509f40d
ee03ff17
010efaf9
ffe1a5e2
ffc82610
d02cb733
0efd0f29
f0341bff
f2c2f401
b7fbff1c
dee0d7c2
04340011
ee1ceaf8
cbf1aee3
e41ee512
08061b0a
180cfdfc
07fbfe19
04f3162a
01ec2bf0
f4ff1806
090f63f3
00170223
f9e5c8fd
0040e70e
0b0103fd
f009fa0e
fdd3fffd
eb02ff18
fbd0e900
27eefdf9
1bd8171c
1acff302
0003ff23
f7253200
04fadaea
f910df1f
04cf1d08
ffe8030e
19d9f1e7
ffeb16f8
e703fd30
01f5e8f2
05f60007
b804deff
d31abdd3
01138107
1b75fda6
ca4f2aed
6e08001b
01e10d25
09043806
e935e124
e13a1611
01f7f0fb
010eedee
2b12e2eb
f8ff0110
f8ece7eb
fe04e5ea
d11ef8de
f1f2e5fb
ec0b2408
12d1f238
16df0af3
f1fdff12
241d1c3e
fb40f8f4
1ee9f813
c9d8ee11
ce05fff2
ff3a41b5
353701dd
04fefd23
fc004c10
01e8d5f4
010419d4
24d82808
021d0e09
ffd8121f
0ab3fbff
f7fffd16
eaf2db2a
072606fd
180af4ef
0822c0fe
c1fc07f4
fef6f90b
db300bf9
fc00ff06
170ff8e1
08def0ff
e813180d
d808ae06
b022f90d
f7fe0658
3ffae508
1bf6fef8
0c021eee
ff9d25f8
f63ed7d6
f3fae10d
1f05fa2d
fc05081b
e2fffc22
14fd02ef
f8ea07fd
f82404f3
edbaffd8
e3d60026
24f907c4
f4efebf6
2ac8f206
0b00ff01
02072c04
01d2d5f7
48e8eae8
3240aaec
edfcd3dc
1502d7e6
e728feeb
fa080001
fb34063e
05c91317
2ae62306
67ef31e7
12171a17
027ff311
00eee519
2503fedc
06caf2e6
f9f70f05
f1cb15f5
0c195ae7
01133cf2
f0fee3cc
b6d0e714
12f80213
221c1a24
fe13d6ee
f104ef02
01f1dbee
0cf5f5f5
f7251a3f
23feeff6
f600fdf9
f7e4fa0a
fde531fc
f000ebf3
f22a2206
06ef0511
0a04ffdc
cd010a16
020200f9
ee042320
f90fb808
2b131812
1ed2000c
f4fd1416
1e18ef09
f324ec0e
fffe02f8
0418d22d
00d2fefc
1ef4ebfa
db15f60e
04110103
023902e7
2be6e602
21fe02f2
f8d0dbf6
fd00b6f8
01f90a01
1605da0b
ebf81907
f9e310fc
faec2afb
0a0002f7
f5010514
fefbc000
0c23fefa
1a1dcc1e
f10de80a
1f181ef0
100bf705
0cfeff10
13281b41
fee51cf4
dfebf4fb
04f31605
1904fee8
0607fe01
07ef1309
04fbfe16
02011f09
f446c5fe
d604fbf5
032015ec
c41a121d
f8e8f41f
f13e0c09
fb040017
f4f11027
030f1813
020a0a18
080747ee
f309041b
25e9d615
fbf0f5ff
0afdfffc
0e0afed0
ff1f08f5
2e0399fc
400fc5e3
0611fe00
1817ec02
06fed8ee
ecf706f7
f8f001e9
fce40fff
fc35e614
b1df1618
e0f4e7fd
100d0b2b
141fe7fb
e3fd01fa
030a0ee0
fc20ecf4
28f7f0e7
fa13e9e9
fa10d2f7
e6d0f7c2
e6cc030b
fefb02f5
230ef30b
fbedf3f4
2aef0407
faf1c6fc
eef4e60a
fa0b0ada
ae34b602
06070010
0cfd37f4
f11c13fe
15e9dc10
190315fe
fbfef8e4
fc3c1213
f504fe14
0c01ff19
f816ec0d
fdfe1efc
e7bcf4f8
1ddd330a
f71207fe
07def1ee
f114f804
cbfe01e9
0dfd19e0
ff053004
0efcf304
40bef40f
f601e006
132811e0
ef33f0fe
e50300ff
ed0c091c
feebfc03
dfc62213
07e2f10a
c402f60c
13d9f101
1d0227eb
f909fefd
181322d2
0a390314
f90ae405
12ffe71c
f20bdc10
eddffb18
ea10ea0a
010302fe
15f6e2e6
ffea15f7
0df2fe08
4204f2fd
ebf704e7
133a21de
e5f4fcf6
ee01ff0b
23fcf2e6
fa3c1e00
e300f4ed
db01f709
d00c15f4
000f0d09
14f202ed
09f8fd05
13f31aee
fb12f304
1f0fac01
123617e7
1ae2fefe
0217ee48
fa1adcff
09fffd0e
022a1827
fe25d4ec
0309f20b
1bdbf409
faf3e5f3
fae905f1
f5f611f7
f002000c
02f7d70d
0100caec
242f440f
32cd24e2
4c05f5c8
150233ca
de0202f2
17ed0001
e41bcbc3
fb7ae81f
0c0b0b42
0af323dd
f809f3e9
23f108f7
23d5e9f1
fd010208
fef2de07
021f07ff
fef203ec
23fea327
fe02d2fc
01e2e7f0
e6fde900
ec00ff0f
fc0f2c0d
ff13d6fa
2afbf4ff
e2280efa
ddf0e4eb
21f2031f
e4c911f3
f5fa0217
10f81028
ff0705ff
f8e502fc
1213dadb
f2062216
00ea0b24
ebc40318
0ff2020e
eefdf0ef
ec080906
f605eb25
29f41b04
130c0910
06f6d021
0ef2fde0
19f402de
f309f705
fbdbb408
13f321ff
cf08ded1
a4fa0008
02bb01e8
c5f62e12
1bfe0307
081debd7
03040908
f1f03df5
f915d322
2af4f1f8
e0101309
ccf117fe
2efd00de
12eaeffc
f807d106
1eefcb04
04f20adf
20f710f2
f1efe6fd
d6d2f808
1c0200f2
041df51c
fedff002
eac6f7dc
07141705
f9f111ea
1817f50f
4d000409
000700fd
cdececbc
08cf4408
1412eafb
2e2203e9
3afd1e15
0822ef19
0927f8ff
1cf802f4
f2fac316
063a451c
1ad70c01
ca0de823
e4fe06df
e1ddf433
25f104f8
fb0001fa
03d6afdf
06faec05
2e012017
08b5e9e4
d329f5fd
ff0e15f8
1105d806
f8f80305
02e202f7
01f600f8
fe15f209
f00f2619
380906f7
f7fb0a00
dee10006
20fb01fc
f21021e0
03f122f7
ecfdda17
bec80ce2
05f91a10
e2e60b15
d6af2b0d
160301fc
18eb09f0
041ed2fa
0515f913
e31f9df9
a500ffe4
3cd50400
df1dc9f5
0702010a
f636e910
08ecdc01
f3d4df01
e70cdbf8
fcec04ff
ec44ff2b
cfecff0a
1c03ff0a
ffeffbee
fcd21e12
e400000e
fcf7e215
fbf0fa1b
fae10321
fd18f1f7
eeff0001
220f230d
fe14f2fc
00f8ec01
0849f216
17fb0804
0ce709f8
e4141d11
04fb010d
ee0bd5e6
0007fafd
fea6f4ef
2f3f1521
0c14fff6
fcb47f30
e845c8ff
51fb0398
d305cc17
12121dcc
22f21ef9
10b6cd02
edece706
f42702fa
47ff21eb
1b0a0211
011f000f
0be7f8f4
fee9d65a
fafff8d5
35461008
01f90315
f11709de
e7f30004
edd80c0e
00e7d916
dee2defa
b41f541e
11e71ab8
ce0fd0e2
01061a26
fd0efb17
3408b4ff
0af409ef
eedffcb2
d4ef11da
f533e6d3
c5530bf5
0d00dc02
defafed9
c593e5cc
f51bd1ea
03fc02f4
20d2fdfa
e00af621
08e0eff5
07dc0715
f3030403
20020705
04da0c07
f8f58d16
fe0de325
f1eff914
0d21f329
0519fe0e
eafb0116
0214f608
ff0306ea
fe000b1f
7df5bef8
de01fddb
0134e40b
ece10ff3
f201fef1
19092c09
05ccdafe
f9fc1b2c
07ed58d2
3b00e9f9
f3f2e6e4
d3c90506
140d03f9
f6e5fb06
04fdffff
03bd1fef
e83328f9
c2f6eada
f4f22534
e3d5051d
f1030113
0700e6e4
f8e333ee
ea130efa
11300626
0de208fb
032bd32b
d0cacbef
ff0501d5
1be3d1f0
01cf2006
ddecfce7
f0f53df9
100bf911
f8def502
ce1ef809
ec0202f1
f2ed1af4
fc2b2314
feec2ad2
fa125503
1aff00ef
f8e60b03
3accfc16
24fdff02
11f52621
f32ffff1
0c1bb40d
35c5c238
19fe0eed
00bc2003
bbeaf6f2
e0f7fdd9
d50cffd9
0626f8ff
0628f4ef
0f3fd907
160af2ea
032405fe
0216030f
030000fb
f911f316
01f73300
f5fe38e7
2303c614
d5fe03de
ee3207b5
e0f815f4
08fe00e1
e60416f5
fe03fa0c
02e51f18
0ffa22db
f61831e9
fe2ef842
1feefa0c
0503fd06
09e9102e
06b105f6
15fa0304
14ede4df
fcf71603
0221f3ea
20dc2813
210000cd
091cef04
0315e307
0209fd0c
efe50724
01770fbc
28f5adcc
fc0b604c
0f0205f9
0c430d00
c7f811d1
1c0b30ce
1319fc03
06fd1d04
ff23e2e8
f2a71f0a
f9fb02e0
fcefdb11
fb2eec27
100cfc03
a2d9efdd
1de8f9fb
0fc501e7
0fabea01
0400fdea
f9fb11da
00ba21f0
dafa1715
f6fb13f0
db0a02dd
eff734e9
1d2f07f4
f0fafc22
0b0cdb10
0afe1bf2
38d8e4f2
d8f93914
00211d31
0b1df9ff
0a01df08
fcfe03fd
ecf1e8fb
f8ee07e6
ea05eaec
ebb61305
de190d10
f522f301
fbf02305
1200fe15
0e032116
0d09f70c
431e0812
d8012ecc
e2f504f7
0addfde7
f3f0c5fd
0b06ff0b
f1112401
020f1804
fbf2211f
250e2930
30f61cdc
11a6f9ef
48f60003
e5f800d7
19e4f2ee
fbdc0e02
0a04162d
0fe830d5
e1f3122b
1822fa3f
441704f3
0b02020a
fa290ae0
fe2b17fc
053be3ee
0a36ef1e
fb06022a
fdd5c0cd
0d11ee0c
1404fdc5
e50142ff
090b3f07
e34fc707
390f2a2e
eb15c7f7
eb122f1b
0be3e2fe
f4060126
fa3add29
03d901ee
210904e1
df341700
f3f52908
ea0102da
e6fdf5f8
1501fd09
f4f318f0
05022313
044020d6
091cf22c
e8ea2207
f03f3216
d506140a
fe0300f9
fe0528fa
00b5effb
00fd0eed
f70f1705
e5011503
f004f6c6
e807e602
0d07fe04
020f1212
fdf6aff7
15142224
2fd692d2
1bf013f1
f73e0458
b4f62e11
43f9fdb7
200a2906
fee81921
1b072515
15c8ef14
07f9f7f9
f9e9e415
ec38e806
f7f9fdf4
fbecf818
fd0c9cf8
e81a2e23
f4f233e3
0806ea0e
3be6e51b
1ce8010e
efff03ed
161e1bf0
04f059fc
fd0bfd1d
1bf2e3f8
fe03f3fa
0bfe0f40
4e1ae2fe
09fbff0b
e5f00ff9
f6f145fb
c504ea22
f0022120
fbfd1efc
12fbff3d
09e10bf5
0a020212
26204bea
f82efb00
fb260615
f99e0c0e
eef1fa0d
f521410c
39220f18
fa0bfb1a
e5f12b30
05d5a8ea
060bdfeb
e912dcdd
273712f7
f8ede0e3
27f14f1a
0802faf0
ae6cef0d
1213f11a
0e62d815
1fc1e9ee
99eccfd2
fcf5ee03
1505401c
e9fc04e9
c8cc2c12
030de07f
fe320513
05df0d2c
2cd324f4
f6f420c4
f70932e9
340a02de
0223e5dd
fdbce5ff
49213cf7
d40db733
eaf92b18
f0131204
d1d6fe01
16f1fdff
021ef6fe
f50cfc04
0e12fe07
01020407
2bdb26f2
0b35fc02
052bd7f9
0cfefe0b
f20b1bf6
0033b0fa
e11f1bd5
1b21fd24
81011315
d20725c3
3b0b06fb
09ff0213
0f11f9ca
000407ef
2fe612fc
0c12080f
30fde5cd
091e06f4
02edf40c
36faff0c
f4113705
04eb5d18
feea04de
dbc01808
fecdfbfa
0de20a00
fc0c08fd
f101fefe
270a04dd
fdf8eff4
f93ca1cb
b3bb5130
fffdd6c7
eef9ef2c
cbc207f8
f1f304ca
23e0592e
f0670adc
f5060af3
1000bfd8
0efb52e6
0046e7cf
0010fcef
fc020113
e42e4f22
01d505f0
e6bdfcd8
1a690bca
0de90e24
d3fff5ee
52f855e6
a5fefce8
f3cf794e
fbdac2b6
0d39e222
0440f6eb
0e09f418
f6e001f9
08040e17
17ffff0b
faf7d004
fb0c10ff
34f116f8
13ec0315
0bfc2a07
091d24cb
f847e408
0c03fe1c
fdf1f513
05e40e08
014e1ffe
db06efec
11e0e5f7
16bcea09
0835f4f2
fefdfedc
07105625
060228f8
0bffdffe
f1f2fdd7
f50eefe6
05ebd5ff
12ecceff
09010007
f9f8d808
ffbbfbfc
e3fde713
0aebeff5
e3060b0c
1feace3f
b21dda07
ecff00ea
11060efb
f8e285f2
223d4d16
114decf0
eb051fe8
17ea181f
183f1406
e4eefe1a
fdd01343
f6cd28fe
e8194a06
08f2f907
f205fffc
d91d0625
ee4f060a
e406fe0f
e81c0b25
05e9f402
060d36c8
b6e0b82d
2610240c
e8052759
f1d4c9ee
0eeaf917
ce149112
fd1b26e8
f627dc1b
f4f70d24
0d0cf023
0ef3e200
e2f5e608
f0fe01f7
deedece7
011222fd
e61debf9
3426310d
f11a01f9
15020ac1
eaf1dc08
0500ff06
06ecff16
0141f7f8
fee2f610
3316c519
f402f003
01f8e8cb
b426ecf1
04fafe16
fe0b0818
ff110c0c
eaecc5ea
2f350310
0609f9f0
f514f811
07dc1606
fef8fd0f
f4f6e20b
fe1832fa
fdf31202
eaeb11f2
18dbf0d7
05b544f8
351ef9f8
0cfe0118
03fe34ed
02d322ff
12f3faeb
0ff0190c
e8020b06
f81f0307
df151701
fdfb0410
0a0feef2
03e41005
1c171b3d
fa4ec7e9
16eaf117
eff322eb
f216e5fb
06fcfffd
212ed3dc
f9e5d109
04160004
ec4ae600
14f7f0f3
0c1011f1
1dc316f5
08030012
07f8fe0b
04f0180c
d6cb3f1f
0cf9daf9
4420dc03
ef27dfa2
edbd8139
e21104ea
d6f80ef6
09dfe1fd
030211f4
14f6fcfd
27fc1e05
fcf005ff
f6ea180c
170500ef
fff117ee
04f60f23
dff2d8cf
d9fa3347
2f0eef26
31fa13f5
a5c1d5f8
16fb0344
12ef1f03
12aaa053
edea732c
fbfdcae4
37ed1ff3
14f7cb13
3423d103
0808f929
fbec16fe
11e9b702
fcf6d5ff
150db5f2
e006f6f9
f80214ef
fded15fe
0901fd0d
f9fa1217
fb090103
11dc147f
002c090c
d6da070d
f3baec22
a606cf29
23e604df
f3d21161
eb36cae7
ef5fe2cb
795c10cf
e2da15b5
10cfd413
230425ea
130401f8
27e5bde0
f9b7eb21
1a2304d1
38feb614
18e9fffd
fde023e9
31f4ef0c
e7060018
f709fe15
fad91ae7
cf08f4e7
4617f4da
06f01702
000902ff
ff07210f
06fdfe02
e60422df
ffd8f1f2
02f91209
fdefa32b
071ada0d
0bfb2611
f7ff0b21
0ef5042a
dffeffe6
040806fa
2d1cff15
bdea0d11
0500e901
c436d8d0
00f0f50c
b71bfebd
01f237fa
172a23de
141c1eeb
f0ff1a00
1e05fe39
05e8d7f3
20110c0a
feff02cb
0cfee506
fd140a00
e0060336
fe052ae1
13000c1d
fc191be0
22b92cf3
16030005
11fdde0b
040219fe
dcfd20f5
c9d72c05
3e0ef219
080ad242
0e2211f3
01fa00c7
11eeb62c
ffed0402
12e5d806
030c0106
d7fcf9df
0fad20f3
de00d7f9
cb00ffef
11f0e3fa
03d647e3
d7c6bfe2
339d3bfc
bc04dccd
16ab2753
e247e3f1
7f2705f3
1304d5e8
f007a3fe
353ad6fd
df2cd005
d6081a14
0e29f411
fd2deefd
e908ff08
f108d601
031cafea
fefd04fe
0203fd03
fd220008
f7fffd02
fbfd0605
01d7fdfc
06030404
7ffaf1ff
130705bd
fd26da1b
1138b7d1
0bffdc16
0e2818df
cbef04e2
190adf0a
fb48b2ed
ebf507ca
28f74d03
0ee2cfcf
11f812df
0ff024f1
eeffffdf
1c66f4e3
01f9dc25
cefc0e0e
3cdaed00
e4c51528
f4e117dd
7f31b750
06f70030
fabb4e2f
f3fbec12
c71c1f29
d70be3f6
e01b26fc
b79ddbf2
32dd90d9
e001020e
295b6ac7
07ddee2b
172b1425
c212d3e4
2512e80d
1300de25
25fef4f0
0cf900e7
f3f318e4
010be1eb
7fbd0d2a
204a6122
3116d46c
f3ae3652
e83c5222
dd010139
1bbc63e1
fbd50d0b
e4f608fa
02ed35f5
05ef1dfe
07fa29c1
2e38f2e0
db09fa11
06fa33e8
0068e6fc
17f63b12
30f1f2ff
1505eedc
020ff42a
f3ea13fb
f806fd01
ea2df626
03cbf212
c8df041c
0ee2ece3
ee0b07ef
04e4f3e8
2b00fcfa
f9060017
0007e418
10fb1e11
fd171d1f
e6e300ed
0af7fa03
f51c0800
03c8040d
0cfdfd01
1af81a32
051cf9f6
0fe534f1
fdd29bee
1ffbf7e9
f90708fd
fde401f3
fe0100f8
100ffcfc
01afaaf2
014aecf0
ea0641e9
cc01f60b
f50735f3
f70b0017
16feff0b
0308ea02
fe1826fb
28200523
fbdfdf42
09fa0511
f422093f
e222f1e7
d504ffd6
0cc5d8ef
02e0f8fe
32060f14
dc0094fc
dc020528
f910ec20
d82c23f0
ecf804cf
121ceaf7
f9ed0409
19102108
12141805
1bfbf1f9
08ee00ef
e7e7fdf7
f3fefdfe
02140fee
02efe8fd
300afdfe
f9ca221c
251feeee
f3eaee11
033ef402
07f800f8
ff0a121b
fee1e4fc
03ea0400
fffef4d3
056df712
0ff04738
fc0fe7b6
effabef1
d1110cf5
c6070e28
fdf1930b
05ebd5db
f70f13f6
e5bd41cf
e2f92814
07fb01fd
00e814cb
fe02d8f4
f616b9f7
fd08f1e4
44fdfafe
0c0fcd46
e7e2f2ee
06fffde8
f3f7280b
070fd0f6
ec23bb3d
2c2808f0
fcefe3d8
e6141314
fa190cf0
e204fc15
e1001b31
fe3a94fe
fa12331e
2df1eb00
01fbebdd
eff70cfd
29f20312
fbf8ff03
fcfce115
faee2bef
03fe13e9
08029eea
09fa05ff
0519f0ce
e011f5f8
ef0500fa
12f516db
fb19c909
eae635d7
6bca14e7
2c2f13e7
f30b00c3
bdbcf981
fcfbfd09
fc15ee12
07087fb1
1deaf503
030dd2e6
110024ea
0f15dde7
15f9f4f6
f1fe01cd
04ea30d3
fcd0ce13
e51107d7
fd200907
0cf3001a
070dff0d
c143f408
0bff00e7
f9260b0d
fdfcdcf8
ec2131be
f7c538f6
f1cae324
5bf90a02
f0fc13d7
f203ffca
810c2f16
04c62c1b
2ff0f922
09ecd8d7
3bfc0aeb
0b0ef30c
35e9cbf3
17fafd30
ead0e104
0314def0
f900a4e8
0ff50509
2507ee1a
ffeef3e8
f4f1cd01
f7080021
f827ec16
0b1552ff
e5fde5eb
0347cb01
f5080802
0e24161c
14ca030b
ff0301eb
f6e40af2
03111dfe
ec28012f
19f3090b
120f1729
0df6c744
470af2f2
fe0303ff
04fed1f9
0c06eafb
f4020613
f9232e27
0ff9d4e6
d01d1ed3
fbcf16ee
09010021
05e6e4fc
f302d9f8
06f008fb
f00cdb16
e21f150d
ea11192d
0e0611fe
f5f903f5
0be7fce9
fbd22b11
e0f6e206
16d7ed13
fe00faf7
01de0108
fdd6f403
ed020012
09dd04f2
0211f203
09052dd4
ef083414
10020120
0bd8cbf1
a0f10707
070afef0
f2fa0a02
040af92b
3dffde24
e5fb29e3
02f5fde0
12e5fed3
fb080cf5
0a06fffb
002b061d
09dcc9e9
b5f8121c
dbd42aff
0c05dde2
efe5f71f
0fd70bfb
fd08ffed
02cde90e
fef907fc
fde80cf3
01cf22ff
0bfc0b28
fdf509d1
0b17250e
0c050017
f4fde316
0922edfd
c5d44914
2311e7e8
c717060b
f4e82bc1
d5d7031f
e60801eb
15162fef
013d0c06
100c0239
5df94910
fe0ff1ed
f73a13fd
28d918eb
11fb0015
30f90f22
fb3af0e6
0dfb330a
46001711
eedef8e6
0507f409
00db07f8
ed0201ee
110ee21b
f7e41a0c
240cea18
ea240af5
da01f9fe
09dc0ae9
e5ddf8e8
0efd02f6
04d9ec0c
ff2c2205
32f52727
dfea07ff
28020fef
f6f6fb38
3ce205f5
01fcff14
f402f50b
ff0809f9
c6c4ff42
8152231d
f0b7090c
fc3a1610
ed81da05
b40800cc
f67fba7f
efa6eb35
dceaf122
3fe70a27
2feaddf7
ee2c07d5
ec2122eb
0e02fdfc
1006fbfc
fcf50e0a
ec313a08
d3faf5e7
0912ff14
08faf824
0cf7d40c
2cfb000e
f6e210fd
03241afc
16154502
11092d1b
03fa27d9
f803224f
3015f215
eb0300f2
05f400de
071f440e
e6bb890b
cd042007
c432df21
d950eed3
fb13daf8
f5010319
0f07c795
fefc1e06
f4fb260d
2e07c5f3
14fcf70f
dbcc069e
fae6fa01
0ffcff0b
fbdefa04
f4f39ceb
0aee42fb
de09cbee
f316fa13
e403edd0
fd120609
1efd01e4
f8faf71b
0303e209
dc09ccec
0cffdf02
fdfb15f0
0805d9e1
0a23e507
ed03000f
e8ff0f13
fc06dcff
f1242503
e5d323fb
1807f110
10fefc17
ecfb0506
f0fdfeee
00fce4d7
0600edfd
0eff9504
122d2b0b
630ef9fc
fbf2e5f5
1dc8e6f2
18fe000a
0000232a
fff3eef7
fe0bfc23
18f9cbef
f4f7e2da
ecfc1222
eeef2011
03fb010b
2e101fdc
f409d1ee
f72cdd12
21fd481d
64fc07ce
fdfdc806
1fe2e7e9
0a00f9d8
0de3efe5
fe21f201
15de0cf4
ebfe3d03
1312ebf8
e30d134d
db2cf3ed
e80000f8
08f3f807
02011d0c
f7eccfd6
e1f6ecf6
000c14f4
fad90c04
dadcf215
fef801e6
19035e0c
faea3107
02050604
150fec02
f3f7ffea
f4f7e71b
15f2f8f4
ebf9feee
1be5bcda
fe9ee7fd
f4dcf7fb
0016ddfb
ecf1f6e7
ecede212
21ea2306
1c040214
fcfc21c6
01fdf70b
10fd7ffe
1c18e305
03e7c5be
e632b6ed
c034e230
0c06fd2a
e0b15122
f9e84e15
e90d09f2
f239cc07
f822d103
1adb0afe
0b29fc20
d0fe0322
ddb7abce
061548f9
e0263709
383dfe01
e607ddfe
fc39ea29
2202e306
1c05020c
f5e1d41d
0012e2f7
08001512
10270c0b
f2fc0dd8
0beaf1f3
1616dc03
0ef8ffc9
03e8da25
f3ca2300
f7061013
dc4002c7
2e081f21
0a24d31d
4b26f2f3
e60a0126
0418ee0a
04032d11
fedfcd0c
02e50e00
ee10fb21
0df305c3
e020ecf2
d40201ea
0efaf6fb
fdf7b3f4
b8315ff9
f2162cfa
f5f7dbfb
07c60fdf
fcf8f800
f504fff2
10f21619
00d3daec
020f35e8
1e34dd1b
e705e9eb
03f8080c
f61dfdf6
f404fe05
f3150513
08ed0501
013c4024
18d10d06
ebedf871
e7c1beef
9ebed4f7
0609fe4d
fde7ebfb
e8ae7ac8
220c14d8
13f301ef
fef40cfa
f613fe0a
10081301
07fffe14
0a36e8f8
08e5edf0
1111d206
19f8f810
2004e719
0a1a1405
ee100100
d7fc00fb
09f7140e
fdf319f6
021d01f0
00190d08
08fae421
ec24f0d8
e3093509
fa06fdf7
0626ebef
0849cf03
e908fc08
f2f0fdfa
161203ff
0af010ea
f1211901
04f8fed4
f5f70fd5
fcdcf3f6
09d6e51b
d1fd1c17
fdea08fd
f6e0f624
f70a2e01
140b010e
05facce2
0807e715
1efd3de0
2de6da1a
3b08ee1b
f5002eef
1ddce6f3
14030008
0914e562
011f3b0d
0119f1f3
d510e302
19fce01f
36d5254d
23c93f17
eafafd21
defa134c
0210cf01
de582c28
897ffff6
16e80723
3c163111
fb285dd8
1e23fffe
2ff3d015
1522eccc
f6eae0fe
24f60811
07d41501
f40f2114
11f902f7
ea030016
031ffa0b
fbe0fefb
0cf3a30e
eed70500
05e905df
ffe7d54a
1404eefd
d2070124
fc22dc27
00103f17
08daf7f8
dac8e3e0
e60b2eea
0efe0634
13dcd703
df02ff03
d9e9e3ea
06d016f2
e50b07e3
f105e6ef
2101072a
fae90907
f01b0e0d
f00000e7
05021dff
fafcfdfd
e42a070f
1ae8fe15
e6000103
07ed04ef
ffd61407
03f8fefe
f5f1e806
fcdbd9f7
093130df
cc05cfff
f404feef
f9263708
c7cfe605
e4f30109
f4f1c5ee
f3e7b0ea
fae407f4
0e0d120e
21081b3d
ed0dd9c3
fa1801fb
090202e5
13f1c22a
f9160110
e607c5c4
e12be406
15f8e2c0
f12e56c9
e404f20f
fef8fe0b
1a0a46fd
f8040af6
2a1306f9
0fe3d6fe
0eeaee00
1bcfd528
f00ad9ff
190100fe
1d0a1ce8
fbf80601
3fd3e204
dcfd05dc
02f0e9f3
f405eaef
ef09f8f5
f7ffffea
0a0ff124
000a1d09
47b2de33
1d0349f2
23ed0213
170007a1
101215f2
e7080003
f40010ee
04212b04
121943c6
063b320a
250e0402
f015e81d
17efe42e
19fbffeb
f10af7fa
fef522fb
10df111e
011419d8
1bf61af2
f3e127e6
cfcb070a
28f9fe05
ffff15ff
02fefa10
fd0fea0e
f2082ade
3381fc01
98e225f1
19100acd
190603d8
2dda18c9
ea2311f9
21dbf923
0311e0e1
f70813e8
f90600e1
13b01109
0d00fe09
e80225f1
03101104
fdf516ef
f4f9fff1
171b04e8
07001814
f40bf9d9
f7fd7f03
e802200a
f40a0104
d2d10b00
ff190b2a
2af4cef6
eb0bf62c
5541ecef
f309fa28
05420000
05581d14
2ff3f906
f4e902f8
ee0f080d
06e6fef4
c40be8ff
f5fe0002
09fcd8fb
ff1ae908
ec1ed111
0f132de1
0209f90f
0db6f9e3
caefe60a
ee09ff0c
ef0bfbe6
0e18eff9
13f4ec17
17fed2bd
e91015f8
101623f1
10ccfff9
1200fc11
08e7ecfc
02344ffd
1ee835de
ec33e6e9
dcfb02f1
dc08fbf3
e1e30a1c
f802ffe9
f8faf4ff
fcf21a08
084907e3
3bdf0e0a
2f06f205
f60e1942
1fe5ef02
f70703ee
1adde5e4
fce5e8fc
230df019
e5f8d3fe
11f8f8fd
f819273a
efe5ef0c
0c070226
05231af1
023ce003
fbf5ed26
231202fb
bdfd0900
f8020ceb
c81e07fd
00fa032e
0548e7ba
ffdecdf1
f8fd00f5
e5f8f6ff
f6f20de8
10f50bf1
dce620ff
f005ff01
1c10271a
05ff2e0b
1eee11e3
0825f607
20171fec
0df9f6e3
fecfeb06
f6fcfde1
fddadd04
00d0fe00
f2f30bcc
fbca4315
044ee556
f13b10c6
70e9e52a
06c40614
3034edb6
c3affc1a
12ef0015
e7e625ef
32ee0a0c
05d8ffe9
efcc0b04
03010015
09f4ff4c
060cc709
ecb40df1
c2e6fbee
e6fdf705
03dcf5d8
d4f213ef
fbfefe11
ea0ecbda
01d6e90f
f805f00b
ed30377f
61ce10d8
fdcae1fb
e128e1f7
0ef5f7f8
ebe8f4f4
fa01fbee
ffde06f2
05e82003
ecfd160b
00ec1381
cef30bfe
f9fd000c
02ead417
fe153c04
c405f812
28f716e3
dfe91244
16ef17d1
012ef90b
f202ff1b
ef0e1826
ff1b45f7
4cfaf006
e210b2f0
02f6ec04
1afcdfed
0806c0f8
1404ff15
191b271f
07ddecfe
00acb9e9
1de9db23
f8f70bfb
f60ac409
d32c1503
fb0102c3
f50b00f6
fae1f509
0d22e7ee
3e204f00
23f7fdff
f0280c10
c60bf214
0002fdf3
de170535
000deb08
c8080606
f2fcf705
d0fc0eff
fe22f41a
06f0e2f6
121402c4
fbe62216
c4c803e4
0701150f
e9f6f3c9
f9f23a05
06040b34
c719091a
eeeef826
94debd03
1059ef21
d6fad41a
dc21fcdc
0bf73d01
fde3f409
2eff2adb
b82a43e1
bdedef23
262c1930
dbfd1c15
edf614d4
0b1df814
ff4313f8
f9edff41
750409fa
20ea13f7
fa06ebec
12fbfb0f
0f0dda3f
181907e3
0526fff5
d8d2f000
bb251ceb
131de407
d06c19df
f0eff812
12130b15
ffe9110a
fbf51221
1df71661
e9f7e8db
1af81eea
0a07e80d
100e2dfa
ecddfdf1
11f20107
fd24013c
edf1f8e2
fac619f6
1cf82d17
29de121d
f216d601
fd070dde
02f931e5
ffd80153
251dc74c
d1ede0da
33012c2e
08281219
1702ccfc
d7fc081b
0ef3f811
020f08e3
c8e6fb19
ea81ec24
e106e30e
0029efe4
192c250f
09fcf53c
0704ea03
ff07dd99
f64d4b9d
f91bbc3c
270fe4eb
10d6f3a8
fd084811
110500f9
28fc15ec
fe170112
c3fdf91e
0606170d
ede4d81f
0821e3bc
ebfbf9c2
facfef02
d5e727c6
04262ceb
30e2106a
dff0180c
f7173dcb
cddb3e0d
cdfd3acc
1addfa1c
f52fb40e
00d21102
f2c9f643
ddd3fe33
0207cf19
dee3c842
d3f1450f
021c0b0e
ead7dfd6
fafbfdc4
44feec16
dfd1291b
0c12fe20
41252801
1bf3fb0c
e84307f2
2ef45719
fcdf2036
24f3f9dc
15f20800
2afee724
28211607
2de6d0f1
2a11fffb
f2bc192e
fed60c2f
fec8f6fd
3f164ff4
50150703
e31a1137
092fe904
15f9ce2a
f30ffd05
10092708
fd1fe5b9
214a3009
d01a0007
ec18f61b
00143500
dffa81c2
0ceb13e6
1b2411ec
09020e03
11b5dff6
04eff206
4cd3080e
de2d2bc3
49260c24
f1cc0a03
ff24dc39
0b28f2e2
342a31a0
d1bee604
acb9ec01
00ef5ad9
cc360df2
15fd17cf
fc24160d
badac50a
03df0226
aadee843
e5efe1ea
f809f123
140512fb
f924ec1d
fa1cf7ed
f005fa04
da1d140e
e2ee0403
17f0c7d1
e9012437
fa0000fc
00041a2b
000ff114
e60c1d10
21ea1101
ebf846f8
aead2ef8
c4f10fe9
f4fbf42a
0918422e
00f3fb0c
0805fedb
3ebb03e9
04e6ef18
47cc1ef2
d5fdcdfd
26fbef0b
ff0207ef
fe4b0d38
031c1320
2729ea33
02f0e3da
fd0fced1
05051bce
f7110609
132719e8
ff180bf9
e610020a
d2de0b09
fbecea05
040f0cf1
1709ad0a
e9f8edfc
fcf6ee08
0328f320
b1051035
f60b01f1
06eee9f2
cb1130f1
470706ea
f108f613
04dc02f1
ff150cfb
f512090b
cbde2af8
fbf20b13
d4df24fb
0308d8f3
0ae3fa15
f7fa3ad8
fff909f3
0cff110f
fafa1d05
e5d9f2f5
afebe7f5
d9f517fb
bcd8f915
040d3128
fdfef9fc
f7f6f728
f0000519
df1f1ef1
08d109ec
0d161dbc
fddadc17
061405ff
0413fc03
c2090bb9
e4defb1b
faea00f6
ff37e921
f1ec5efe
fc1704fc
17f4edd7
fff80ced
00f2fa09
ffeff417
e01b0efa
c3f9f729
fcf507ea
1f07fc00
f5fc0dfa
fe1de9f0
1f0ce4da
f731d3f8
27f3e552
1bfef622
cefaecef
f0dbfc11
f90832e5
032b02fb
180002f3
06d005f9
06dde2ee
22edd3ea
02070319
03fafff7
0712e3ea
00d51ae9
12000126
0001f2ee
18f0f72e
f4bbfa9a
080b5215
201500ff
0e1ddc3a
feeaeafd
4cf3f5ed
e52b21d1
fd09dd13
32d7f92a
f0fe34f0
dff901f3
fcf8e8ed
fc1bf4e5
14fd2923
3006e42a
0f16dc0e
08231511
e417f4fd
bbee0ef3
1709de4c
004ce5cf
4a190ac8
1ce2d251
eff541d8
0cfc082d
f2f40146
0de4e5fc
3050e80e
00b707c5
2bac1216
571b11dd
d0ffd1e5
410eff2e
0df21100
0adaf106
dff2e93e
01f4f705
09f8f4d1
d92b18f1
0f0ed702
32f3191c
3bfa0921
1907fdf6
f826d7f2
00e913bd
0dfb0cf8
effdda09
1af9efe1
d1f51501
d6f82109
ac09fb2e
22f1dc04
fae3ed0d
6d201af1
fc12d0fc
d218eced
36b40e04
e7000127
381904f9
18f90eef
ff15f316
18060c31
0f04f710
f90c05f1
2e4ddfe9
bfd0da3a
101112ce
fa301ff3
fb4041e7
e03a0932
ebfd1e35
52f0d836
f3d121c3
1ae9b8c5
e9bbe2c2
e7ed2ce9
ffe82be5
e51e2805
41550e02
f4dfdf08
023f2e01
0e0606fc
dc04ed16
d9f6aa07
030bec3f
290b0b11
d6f802d3
fb141df7
cf0e1c0e
d222fa0e
010af4e6
25eeb534
01b7131b
3a01f1f6
130ddec8
20e0fb32
effb1ce6
4802d60d
2eec0fdd
e627f7f9
00e62fe6
1afc04e8
ece3070e
20dd0012
3920d3e8
0013a621
0ef2fe1c
1605e8ef
0043fe08
25040afe
1ff2f2eb
05042dee
2cfde6f2
ea0314db
31df04f3
231bf3fd
ffeb0417
2508f0ae
f40029f2
eedecd22
0fe6ef29
3b0010ff
310a11c5
2402d60e
fdf50705
c8c8f727
eff40af3
2a1508de
382bf00b
07e828f2
37f81201
f6dddcda
00380007
01e9011e
00ffea1f
1913fe10
19311108
1aef190b
00f60ffe
121f09e1
f21035f5
19fdf21d
1ff704d6
c403b4cc
fe043b1a
eeededfa
2ff9f440
c9001b5b
0210dcd9
d707e50b
40d0d7f6
0c0f110b
0018faf1
35f80ed9
19690199
07032303
019d030e
fc01d8fe
3ecee6fb
e0fcdce6
0a340916
1c1aba05
17f30baf
2f21bbf3
00138113
f022fd56
211031e7
c40cd8cd
0e142d08
d008de20
0c02fb41
e1dc02c4
05ed020c
e608042b
f2e4060d
eaf20f03
091c05e3
f2f7edcc
f119f506
ea0dea0e
ff14fdd1
e7f6f7c8
e9e9fe05
070a0e21
dc011e03
29eceb1c
0cf10af0
f40bcfef
fd06f616
07fdfcd7
c318fde8
1d17e20c
0691e51c
32f4f80a
ecf60ef9
12b73f20
ffee0c2c
c30922d4
e915f966
0d0a13dc
f3ec0de8
461a18e9
faebfefb
ed002e22
05cdf20e
181138a4
37201334
4add172a
fcdbb4fb
db14cf29
0c21f327
f92c3220
09f212fb
100a3330
01010328
14f002dd
f6e007e3
0af4dd24
dbfcf925
f3102909
fff90cdf
3f07f602
d2f7e8ef
2309f701
16f5e3d7
ebfe1fe9
111701ed
fb060f03
02df1419
0cf1073d
320c2e25
eef1fae9
f80e0e1b
faf91cf5
09ee0a1f
0cf139d8
fde9f9ec
0f0204e1
00f0f0f7
0dfbfbfe
2607e3c5
dd11b7cf
03f50df2
f5261310
0003f211
d6f7f0fe
2a0a201b
fdf9ecd2
edb8dd05
06f936f6
d3ee0ed8
d00817ce
fd8cfbfe
e926ffe5
5df4eb33
071dc681
2405d9e7
daf91222
caf003f6
020126f5
ff37fae7
140c0aff
210cead2
120617db
cbfbfffe
0e001112
f502fb00
1cfef9f7
01fc01f4
05f5082b
0614dd18
11090eee
1f04fbd9
2204d8fc
11edfc10
e6fae10e
fe09ef03
d90ff4e0
fa0fe0fe
0d0a2419
3711030e
ceffff08
32f6edea
e607e0cf
feb6f0c6
e8f718fe
ede70125
d80f0aff
c00ff5fb
fafc1eed
f91b0200
fafb0007
fd38f0fd
d5fafafd
cbf7f525
e0f0fef4
2c0106e9
d6f117fc
d30ef1dc
22fb4006
0304eaf7
59fee8d5
f03bf4c3
1dda26cc
040615c4
fbfa3927
dff5120e
e8030413
fbe3f101
1722ff8f
f8ce04fd
fa05d803
20f3d537
1005bdae
c32fe239
ef0b33b8
fd0df359
1f9e1af1
183b9723
1221a940
dda55fe1
ed0534f8
05e0f52c
210af316
00120016
01fa1629
d92803e6
eef4e43b
04f9e8cd
eff925bf
0c0701bc
08fdfbff
012bfcf0
0213fde3
1e31ee20
17f6fe00
10f4d308
52f10026
1c180609
f7080908
00d0fffd
09f8e807
09efe6f7
2df70cfe
19e2f810
0efdfcf3
0b006304
000010f0
00faee00
0603fdf9
ee050df7
05fc0502
030009f3
06fb14ff
ee13fd13
0105d5aa
01030c17
fbf11af4
253ef0d2
0cf919f1
2325f743
0e0517e4
0d08f81b
01280111
0304fef1
f1ebfcd3
f642ff17
f8fb0cf2
fde1ed0c
e303f8fc
2ee7060b
fee6d412
0028f322
bcfc02cf
2e061205
0c0cf2e8
f0ff0124
030ee1fe
03df0901
e5fc4c4b
03c310cb
ede7f921
450a04c1
f6e7d752
0bd0ec05
f81310dc
f702083b
de300cb0
0002e75b
0dfc81c8
461134ea
1ccc021e
11fd6bd3
ea12119c
3219fa00
06e319fc
04090d12
f0dd3b5e
caabdd18
56c2e425
dee5f022
e3f732ff
23fafffa
0207def8
00e2191e
15f317f9
f236200c
f2f5d51b
fa1ced17
f8fa0dfc
e9fff626
00f7d204
00e4ffc1
ff35e045
fdfb3019
2d8f210f
0514ef30
fdf41c05
ffdd0c0b
f1e004f6
fa07e831
16181cd6
e503f8f2
d0ee130b
f919d416
b307102b
40e004b6
bedb71e4
fd2bfcbb
cd9ef2bc
9af9aaf0
26a15b20
f3c5d71f
06c84e13
f331fcf0
d6ccb402
fcfc07f1
177fff3f
f714d6b9
0826d815
832a4abe
ed17a32a
03f4fde3
d9e0ab11
ff12e3ee
e200f9e1
d40ee852
d7fe0e03
f90cf16f
a002d9e3
3271d815
f022d733
04c81901
ca01e7fc
2748363e
f053e61f
8f29ee3d
190181c8
7e17f63f
7f2b58de
fc3309eb
d824190a
bcfbe0bc
02057a3e
f9f1d548
10f5fa01
230d0818
0bee0bba
ff1a0afa
e6f9e315
27d609fe
1cf8f8f4
1f12e4de
19f51918
efdc0803
18fb001c
0025fcff
e3fdfde6
d8db02fd
f7f3e41b
29fbf514
e402f713
cc14eaf8
e70de827
0001f303
0900eacd
ce00f00a
d90ff8fe
d4f1cfeb
66ebf52b
2df4a7e6
e3123bc9
f83b1415
203916e8
45f7654a
ff30f374
1cf71e66
e2f5e3f9
0828faf9
ec04f212
ff0dfb00
fe21fc1d
f947f11d
ef1634ed
cfe408e8
070b161c
30eafae9
cbf6eef3
020200f6
02e5110a
07eef712
2c0f0fe4
e508ed22
1a1ced2e
3109fdd1
efff435f
ff12fa29
bae123cc
effeb7ac
0162a50a
ce1e0cd8
53efd1ea
e815f609
f7153803
fce70f18
2004fef7
c5f3e2f2
21f9ee0c
4a3807f2
25fd0ffa
fee60a24
e1f90fe1
fbc9f8ea
fdff04fd
f9d0c3f0
08194317
e3fedcd4
e4fc30e1
010bfce4
fd1318f3
fd0cfb10
10fafbf3
03e8f605
15fe112a
f8f9e9e3
e4f4f925
e6faf7e7
0e0815e9
fee7fcf0
e9e70828
decffbff
fa0ff70e
f5c3f7d0
080902f5
f317fbfd
f3fde407
00fc0e5e
17e5eae7
feffaf4a
08c7e8f8
14e43bc9
1007b134
e11900cf
25033000
ff0afa14
ec01fdda
e7d013d4
2de8ee02
331710f4
fecd330e
1a110217
f50021f1
faf31514
f310c941
c9f1c74a
e625f51c
02e9ecfc
d7f18bbb
c533eea4
fec10fd0
fff610a4
3f8ce3a9
540806ce
0bca21d1
0e2ab7ff
21eaf321
0fe9f803
e3f1ff01
fff4fe12
030a00dd
0b02f4d9
150fe215
1c40c6d7
010feef6
8105f940
e5f5e200
00d5d78c
fd1be53a
111948ee
2fa2fc41
e017e61c
09ecfcf7
e51713fa
092b0f26
fbcb2108
0cf2e2da
f4c81c06
0eebec0f
2dbf01fb
3f09230d
fd17f21b
08fdfdce
00d90f02
07f224f7
ebf40105
260103ed
3d0fe6ef
fb2904db
3504eee3
f8d824e1
0309d8a6
231fad9f
20240812
747f3ba2
ecfc229e
1ef42230
09c2d045
161ce71f
fd6aec44
70ddc111
dbb8612e
01f0629d
2dfbf0ac
d7f63fc3
ebfae0ec
c1134ff3
01d6fbec
e1dc021a
eacd19ef
2700fcd1
f622eb01
06b8f9fa
fd052b0a
0205f8fa
7f09f00d
fff715ec
f90705ef
f6fe0503
00f205f7
04071be5
0a00ee06
defedefd
04cff210
bdefebd9
2d18f0f2
fdf424fc
d0070924
e8f9f2f9
030b0701
ea11034c
ff010814
cbe50217
fabd1dfe
12f8faef
d50512f8
17f5dd08
24e80325
f109e03c
fcd90210
eff8d4fc
ff18fcdb
fef8fe0a
feebf8e3
16ed0500
08f700f8
190815e3
fb07fa02
0c071df3
e507fa0f
faf8e311
f01c1627
350de80b
f6fb0dec
0107ffeb
fb1409ec
1c0006e6
05f2f9c4
16e5f71e
5a28fc00
d3fe1a1d
f5f5ee1f
f9fdf12d
021cf423
caf4fe0a
21f20105
c80e0707
f1fd26f0
df00ed34
f5fff206
0004f4c9
040202f6
0c01fde9
08020c07
16fd0bf4
d3190f15
12fe1f23
1ded0f17
f2f5fc02
fbf5fe0a
deed1f0f
040cf3ea
17f8fae3
15f9f0ff
ccf7fe49
05061617
0204ded3
fc4c1929
1a19fc06
58d6c0d6
23351afd
06c8e03d
f9f92f7c
1ef3f70a
02febaee
020afeee
0c021929
1de621e3
11ffeb07
c3f8112b
1e01cbfa
05ea1604
f5f9bade
07aa330d
1512ccfc
eff1e34a
fceadbe6
d9c7ebf0
f508d82c
fe0a0907
05f50007
fbc8fdf0
02f5fa00
c203f1f1
fe23001b
5f0b131a
02fff92c
f00aed07
0efcfcff
02f611d7
3fdf1afd
14e40510
e30cfaf4
2bfc2a1a
deedc3c1
27021000
dbe5f8b3
f9dc061a
db23196d
f4dfe0f5
01fe06e7
37031d0f
220dfd10
d4cfff10
f604f718
01f6fd08
e40512f1
17e4df10
080b07e6
0227d208
fefe130f
e22117ac
0cde4e5c
f902071d
1315ddfc
46efeff1
24fc0b28
53f81513
4a03c7f8
dd1a02d4
ff0cdc3a
fa5f13de
dcfbeffd
161f0ef8
f7f6eee3
45e6f616
030400ea
d407fe27
fe18e6f9
012afc0c
ed12e705
e00ddaf4
fd0811eb
d01506d6
b5edfafc
08ee0d81
fef2f504
fee514dd
021ff902
3710f6d4
e7e70231
fd3936f6
2dfbee11
fc08fdd9
0605f2f9
001ef5f8
1dfa0e10
1ced16ee
41fcf7fd
ff050edc
15f4f6ec
0cf908f6
db001805
0007f90a
17fef306
02d31d09
e1f11102
0adee8ff
0503100a
19f3ff30
030f122d
01310feb
200c14ef
dbf709f9
f2fccb1d
0fd007bc
b9f7d820
ddeb0e02
111ff507
002e13e6
fce90aec
09be0917
31f3d727
e41b0a03
ec030d1c
f4f7e842
0f01ff3e
0588182d
ebc8f1f5
7f58c51d
15e021f6
1ee093ec
3a0816f5
1f24fd11
200efa2f
010afef1
fbf60ef7
2bde1626
2bfafef9
28201f0b
08063528
00070407
fff07028
01ec114b
2f2d0c40
22622d14
a5ddecad
e9221908
f9fb2f1c
4a1df4e9
03e20461
00bffbf1
40e427e8
f3e11d57
1d18f2cc
e6412626
e4f01a1c
e91bf306
0f04f703
00ebfb03
f0ebe7d0
26f419d2
18fd0d4b
0cd31e03
b9f30c29
141501d9
fde8f9f0
fd3b130e
ddf0f425
02f91910
04e8db2d
034ff505
f4f502ee
2a04f403
15f8fe0c
fdf4f8fe
00e3ecfc
fd03f11e
ef0b30f3
30c8cddc
260d033d
390a050e
23ddec01
00ebf102
1d03f0d7
59f00701
16fb2d1e
e4f4fcee
31fec115
ff1f0af1
03f50a3a
ff390f04
09fe12fe
39efff18
0b0cfc03
0803f3cb
4efdfff8
eafefe06
fc28fc07
001e13ec
1707110a
f907fad2
0af6ecde
e40cec16
8609282c
1704f851
e6f82449
04fdf81c
ec220ede
f2f6c2d6
ea1cf917
021f2108
08f2d9f1
fd19ff4d
04e326d9
f446062d
fc0de3e5
e3122c21
d40bec1b
51e52e10
c70647fb
0e04feea
fa010903
031ffbfa
0a0bfcda
f04a1501
e0e4fcde
26101a07
160cfa11
fcf10126
fee1f80a
012af629
08fe0804
17f41311
e80b1008
350df600
d0fbde0a
f3dc0af2
e9162ff2
01c806fb
1bf8f91f
04021408
021611de
2d0d0017
4304f720
3621fdc7
19d8e416
01fe051f
0e081b23
371d06ed
0b052708
d614a5e2
ff03f90f
eb070021
fd02f2e3
00f4f90e
2207100b
1112c5f8
fc1f0bfa
d2ece9fc
00eb05fa
2b04f501
050e38f0
ffe4ebf1
fbe9d2e5
eecfe601
f90efbce
dc0df90e
2cfef832
33171628
02f3eff8
fb1a0017
e30802fa
21f301ec
0afec538
f8fa0fc7
08fee706
fd0cecfa
ebf7fffd
000ceb0a
13fefcea
2dfd0afc
16020a02
f2051f0d
fdfcec06
e40e0cd6
111cf4ee
00fafb06
e9ed023b
f902fb1c
0b1034f3
fdcb11fc
15ffc80d
07e8ff02
d4ec0ad1
fb0d1606
e61d01e1
b91d371d
f4ecfec9
f9c009fb
d6fec5ff
23ef0ff5
ec01f0ed
fde104f8
f7f91217
cd12ff01
eef51206
4ddcf0fd
f7ff0921
191a043c
230e05fb
fff40b17
dffff620
31011702
10eff93f
27f2340e
d915f609
04f4f62e
f73b0e1f
ffe10bfa
0def0af0
03d524f8
d0f02cd2
21981bee
e004f519
fa0303f5
e757d939
00f8f8eb
d7f50326
2402000e
da0cf5e1
37cff40e
dbfcc60c
cc17fc07
0a072420
fe29f632
ed010310
f6fa08f9
e50018db
5001f3ef
cdfbf8ef
20d3f342
f81507f1
02f20bf9
10ff050d
daccddfb
e71505e6
e3460821
faf3c9f6
e017e318
07053a38
0531f817
3dfbf806
d8c7dde8
c921df24
364100eb
42fbeaea
2410fff4
001bd4f7
02cb0af7
efe3f8fb
02ede010
062217e9
2813023b
440ed329
e1fdf443
fe001d13
fed70524
dbfcdaef
db400ed3
031403e0
f60e08f4
2cfe191a
40e20801
24000be7
fa280003
fbda18fd
e9e823ea
0be2c510
3ee313f1
e409f4b0
011108f3
20ff0de9
fee3f7fc
28feeaf7
0a1dcff8
04032af6
180f0af0
280a25ec
e40cfdf7
eade2ee7
06b3fb02
d203ec0f
32d4f105
030d6000
e50a2028
02e0f47f
ee7fdecb
0ce29be4
ffeb06eb
81ede498
9d5e0540
1cccffd2
6716e3dc
e3fdb102
09dffc19
07ff2e05
000dfa02
eb170bfa
fc06f3ed
e003ecd4
1c1cf024
23f308c6
0c2701f6
02fef81c
ff050714
1dfbffe7
d134faff
0afb0e05
2cf01524
f3f9bade
f7010f16
11ecf9ca
fe070b06
1bf4fcd0
0ab2f2f7
05fceb4d
216bdee0
16feeb09
18ff1421
03f3f4d6
fbd5e71a
020410f1
0e30ffd3
fbfdfa18
0bffdcfc
19eff3eb
12040608
f4f10918
fdfbfdfd
000b1705
e31ae1dd
02070d0d
20120326
37f9391d
dbfe060e
edebffcc
fdf7fce7
0516fb2a
2b0fc90a
061b12fb
222c0f17
ea0afaf7
090c06f5
f6ea08ef
fd22ebf2
eb13ebd3
0a2ae80c
ee18f6e0
10231923
27fee7eb
e132fef4
0f221cc9
fef5fd03
140aedf3
d80d0502
1a000426
c4f7edf1
17ff1017
1feefdf2
24fedb28
fff9fd08
e9e70416
f0e2f9ec
1303ec09
063b1310
05ffd414
f4d50717
f0e22ef8
fa9df6ed
ed1a1214
e6ec11ea
c621e8f2
40174721
dcffdf36
bf1dfbcf
0af508f8
0001081d
fb011001
025925f6
d2f41600
32fa0439
faeea60d
e9cb0b06
18fbfb04
fa000d0f
1bf81ee2
f805dee6
f2fa0031
dbe6fb2c
ecfb02db
e226f8ff
f10bff11
ff0bfb1e
0b0c040b
ce1c0214
f8180ac8
fbf30a1c
140b0bf2
2e08f000
0116cbec
0223fb15
f7eff4f9
1835f512
19020328
fc0ed5d5
20f61d15
03ef0f0a
f8fed9de
fd49f2d2
07ec1fed
f5f3dddf
f312eed1
e925e12f
090df5f3
1504f8dc
010fd4f8
0201f6d7
eceae301
de22f904
c3f10001
eed8f6f2
0e08defb
e31d0716
f10beccf
fd2503e8
fe07f9d0
ed08e908
d7160103
54fe1f20
10fc15ff
2f080ade
f9fefff9
fde6f6f3
0cf0101b
202d0325
0b110ffa
2c06e4fd
b5abdadc
10b9f905
27f7b629
f8d669c9
0e0af081
04172120
bd5bec3a
b0fa0881
3cfbfb2b
cc21f1fa
f1d1b02e
01dd06ff
0cff10dc
defde803
112df015
41150a2e
ecd81209
13ecffcc
f5eec2c3
f7d1eafa
f9015b03
36f32dbf
e7ecd4d6
00e406f5
f10b4337
e0ebe81a
05052a4b
0a2a01f4
28fe89f4
c627f444
f91ef8fd
e6490e18
0f0c0ed8
0ddb031b
2d06e21b
fdbdfc3d
1039f9ce
d8e7d201
d5ad9ffe
e9b4b554
d20002e4
d912f6f4
0e040d1a
01100702
ee07e30b
f918e51d
cf060337
041fd8f0
bb021b1c
2c0c0b00
0f01d9e5
fcf507f0
f6ea0a0e
1333f754
e9fe00f9
321ae6f1
21f41df1
0e3a02db
e419dcee
044e10ea
f1dfcd43
ff02cbbe
1cf8f100
bbeed1d3
b70af9f0
0f0df034
f3def7e8
0308001f
e80a0ae6
1ce9ed3d
f3ff150f
d128324a
0c0c0cf5
22f00afc
eef0ebe9
fd14fe02
f8f213dc
f70d073e
230a1ed8
14f90e0a
2a0e46f4
fbde0120
fee8ebf9
004d0815
f2f7a9ea
ed1523c6
baf01c10
12dd1225
1804ec0d
ed1505f6
f40ee134
fc130e09
f8fd1bde
28f214cf
00df0a0e
1ec5ffff
1607d9d2
f331f50d
03fb2ce9
fdcef40a
0d1d2009
1031e43f
eb1e34d3
19e828e8
25fd120c
01060d0e
05ea0825
fdb6f2d8
5af13de9
faf605ee
2c0deb01
01d5fd19
0df30128
2af9090c
fcf4ebd9
fd43f1f3
1d04debe
28200b12
1ef7fcf9
f0e52634
d605c122
17f9fd1a
e5de0310
010afa35
d80e3d17
141eefe1
2bf2e8e7
0448f401
27f92709
e402f70d
faf00cdb
02fcf732
da0e2501
16fbf7ff
de0f0adf
de1d0f0b
f3f6dd0a
0cf5f80b
0dfbfffa
01f5f1f2
36f7fc2b
f818f0f8
081be8ee
fef8e105
e14b0cf1
02e7fbe2
0d02d8fc
10fe21bb
f7d53cb6
eb1cf2b0
d6cf2be6
e73d7fc6
1c05a3f8
0cca010f
2433e50b
00ea0ffd
fbd9ea12
0eca2105
09f0efb5
a8d7c52b
1105faee
090d0413
26060404
00e305cc
c0edf22a
10dc2116
2606f8d7
fdc634e8
c7f13f21
08f1fddd
180c0924
fef4f9f1
17fa0fda
ca180ff8
4a0db80e
3a0f3326
fef7e211
ca24fbe3
0422fe25
fdf0f822
0405d80a
221827f3
fcec2cc5
c9cff112
fcf51903
e51afa0c
1018ee1a
002bf9f9
f6eafa2e
441bee1f
fa0d0310
f9060df3
22082c2b
22f70232
e40803ea
fdbfffc7
e2fe0922
e00af82f
e10cf7f5
02ea1ce0
0d09f237
f3f80c1d
0f191be7
fad0e413
e5eb06b9
f2ec0af7
e3160403
d5e6d93a
28010e23
c81e1011
16fc0ffc
fd3afee5
e6ff0ede
41c6cb04
f70a13fd
240e2a04
d104e108
22fffa03
03074555
0910e80d
f51ae724
fa0ff82b
bfde01d9
ef3cee09
4101da58
2e0bf01a
f6f21fca
02b3feda
11021651
d90f42fa
2b021402
058127c9
06031835
fb01f81d
06fbf314
ffff0de3
eeed00f5
e5dd0e09
f603e215
fe131f04
48091e02
19df04eb
fdd4fa0b
fdeb18f9
2bde03f5
09da1aed
0e05e7e6
f3bbf100
f90bfc0b
0c18f6ec
1feed4f5
0007f911
e216e813
32eddee9
f8f7fd16
decff2eb
b904f31c
1cbff512
2fe84717
0016ba42
e9d20c43
02192217
29323625
ee276dfd
15f842fb
342808f4
04f032f4
fffdffef
e6f10631
0feafa10
f9e9f35d
0a0405f4
08f1d422
0ddc0222
d0ff0b1e
02e70a0f
fb0bdae2
ddf3d8ec
0b0e0e12
e1eada05
09fe1d08
1ef706f8
1df5f81d
fd13dbfd
bafced02
1928d50f
0d052ef1
36f32517
32fac6f5
14fefdde
f5f1110a
f9e7082c
0afc0ef7
2fe02700
121117e3
0ae2fbc7
f80098fa
040afdfd
0fe5d601
feb9f510
b1f2ea22
e64df52e
db1adc1b
191e0d14
cdd2eae0
5105e80d
035cecf2
0231afad
3d37d0b0
d315e3fa
7f1cacc3
dfced727
0de837ba
3c050fe1
40ddf922
fef93617
e96bc8d2
11cf56cc
d0417dd3
76f927eb
f70922f5
291ef64b
fafd31f9
03eb0922
f7e9e71d
fbfbf9f4
b302d3d0
fd27b729
5def24d8
16d6f812
2808e415
fee4f8fc
ebebe1df
e1000ce5
0c09f017
f2f0fb1c
11080fea
27f20107
00f0cbe4
ff09fd0f
0d16f6e8
1d0be2d0
3213fc02
462606df
f40df9eb
1a50fbe9
1811ba3b
00380bfc
bcf8edfd
0df40df9
f1fc2115
10df0011
1afdf123
09220414
ca0f141c
fd1dff08
d8f60609
09c626dc
1120edea
1e292a14
da27df16
9d27110c
2f150812
000dec05
f407e2f7
01aaf5f9
d3fa200d
30fc18f8
17cceaf2
908affd7
0ee22434
fa38fd81
f4162512
fa1315e7
3637e7f8
c4260870
d0eaf90e
f6120f2e
b8e71414
00171de1
f71211cc
29e5fffa
f602e707
f6d81725
9e066419
3119ea10
cd51edb5
0181f32b
a2f42f2f
fb1b3fac
085e3ac2
4cd8f718
02fcf622
f60d0603
160f162b
fcec0503
0ff814e5
eb091100
cfdefd52
25ead514
d9000f03
08fff4e5
df02d7e6
0008f2c8
dafa161a
ee331b0d
d50ffa06
f6c9f119
e80134f0
d60ef8e3
202d2120
05deeb1f
e410250c
da1df514
dee7f5f2
2f19d20c
0402dcfa
e1180615
0022d811
04290701
0820f5f5
d20404ea
c4edeafc
3910d20d
23f5f420
f737080b
09f01de5
fd0a0cd6
f7081b1f
01eec124
f5f72436
faed03b2
05f2bbfe
15e61fe6
aa13c5f9
f9402a3e
19170a2d
0cbdc8e3
f2054b46
b8db0d18
f709fffa
08fcf207
e7f6f12a
0115fa00
ebf1e9e6
341ee41d
1107fdf6
d5ed11f5
e7d92ae3
e2103253
01e32307
ef5004f9
d311c903
6223dca9
f8dd2ca9
3ce503f5
14fc2f05
c8dcf8f5
0d1ee805
ff1603fa
d40106f5
f20ffb1e
26ec0e03
db0d032d
06f31e07
f30805fe
f80bcc25
fb50022b
ccf0df01
e616fcd1
00f30633
0fea0b4b
2ef22ce4
01edfded
fde7f6f5
fedf0d01
06de06fb
fb230f0d
0511100c
e8da0d38
c4fc15ea
f21006e9
15e700e5
fe00ea18
25220411
cc21f700
02fff00f
00de0efa
f502c81c
eeecefd6
e2ddad0a
fe0eed3f
0b12115b
0604ddc3
ea18171a
b3196208
04f6e61a
06dbf302
12c7b7c6
03f8fdd7
fc0600f3
1ddd0fd7
17fcf715
15d0f2e3
27ff2319
dbf100ec
14102dd1
f8fdccc3
cbfae81d
efd10ffc
1f2a1b4c
cbcb1ede
bc00cd09
d11af3ed
fefe341a
04f5000b
0e00fa12
00c636f3
dffeeafd
264c09f1
8bf01c1b
e3f2fd2a
19d8d7ec
021e381a
d6e329c1
b9210b39
65337f2c
0720c0d5
e201f902
10edf920
ddf3fb10
031cead2
f607ebec
2602fa0c
d31e05ed
e3effbda
ce0d180d
f3a2078f
f748f59a
05fa1c6f
171f15cc
c700e12c
2ce40eda
e11c6455
1deb2ea1
da20dae9
f110fb33
04ba08c3
19dce2fd
d2f12505
2e1de211
327e3b29
2209fff0
f40eff20
ff002f18
01feffdd
08090219
ddfbdc09
f902e4d5
e91e02f7
1320eb14
35331ad8
1e03cb11
fc3bdae6
23ac1b03
a8f37f03
d1eefb0c
b7e59bcb
d217be05
08e6f40a
d5eff476
fffeea08
1d2c5c33
cf184822
26043061
c9d01733
0a0a040b
110c0a03
fae4fb0f
01e20607
ebfdebe1
1e150eed
1ef5ef06
ebe31718
1200160c
b8fe1ad7
14cdfb0b
fcf70729
fc05121b
1009f807
eef80bfc
0ff40c26
27e2e2ea
0cf90c9f
deead90c
fc19fbce
41e6ec10
e0c3fced
ea14e7ea
f8cde92f
42edcb18
ed0c04f2
0ff70de9
ff56dfb2
14a50bdd
fe5b2e28
df63cf22
fdefff2b
0c061015
01f0f807
322500cd
00f9fff2
221a00fc
05cbf40f
1feaf6f2
e6e4c3e8
f10608f0
f6e2e8f7
0d0cf6b5
03e9e7ea
f424f3da
f34ce403
ec18e9c8
cc05f914
fcfab038
042efde3
fb1ce5db
ff1ef70a
ecfdfb15
20d81eec
f3ef14fe
35edfc17
03033f11
fc29f703
d9e35301
075d1304
e905e93b
08f112fa
e4ef26b6
c6301e1f
43ffed48
09190afb
177f1d04
fcc8de42
cc3104f6
19f913ca
2905efe6
a072120e
cbf32012
0428ff12
0b05cd06
fcbf0628
1209030e
e02508da
1a030e43
ef2ef612
fb51fbfb
0a013501
0602fe02
08f7fdfe
04fb08ed
fd06fef6
f5040ffd
fa0807f4
e8e7e1e0
df13fd11
15e9e7e4
faeead26
c640460d
08e60536
2900221c
0e045103
c2f5f80c
fde40a6b
09e694c6
fd2215c2
53a3ef0b
39fa21d2
ff4bf5cf
28f7f74f
051a0427
10ac0ec7
dc2210f6
030a41e3
46fef76a
251f9cae
d110e314
d702bac0
a6f1ce23
17eaeeda
1ee614d0
fddd28e4
da04b195
15e2c3e6
09ea299a
cb1300f8
e0e711d7
f6f01908
1d06d2ff
fb210dfd
fd0a410c
2acffc34
f8f9ffdd
1cf62520
0309e2f1
3c21f04f
29bbe63a
010507f4
29eddc59
1453b109
1fcda1c9
0ed23f1e
1a0218bd
04e00419
27e3fc16
ff2ae7fd
d5e7f407
cc05fff2
001209fc
2ddb3f02
cdf2e403
fef0050e
f3fe16f0
03e0eee5
f8e702e9
2ce317fe
0af4c904
e312fb04
25f79f07
c731e702
ef22ea09
031607d5
f9faf7ed
e6ef1cdd
0e12dfe2
fbf8e6f6
18fb20ea
01f80ce1
f40f170a
fe312319
1c02eb18
3c54e70e
2b1410f9
412a1b15
11f5d413
b50402e9
fa021f1e
00e00df6
ec02fb08
f60f26fa
05fefdff
ffd72dfd
d1f31708
f40b06eb
0f1608c2
fdecfe09
1f08e8f5
df130e34
e1fd1c1f
ce02e822
2008f5f4
0af5e4f9
ee1d3c1c
060e12df
040ceded
c336efff
f3d7fbe1
ef44e9da
fffbcb1c
e0fdfff3
10f70407
feefec08
09050002
32f0e600
e3f72feb
b7f0e115
f9f8f2e8
f10002f7
f2ed00ea
0008f715
02fff0e7
043731f7
e1f005f8
dec8f2f3
26fbd1f9
fde108d7
f8f920fc
faf5f31b
f0101ae4
03fc0f10
faeee5f4
5615aff9
0c7f000c
f30205de
0bf319ef
1d141e0f
0f2cab3e
10ef2856
0f6dd16d
27d5ae43
00f414fe
f408f9d0
e107d60f
fa0bf52f
e3fb13ee
fae0060c
1f02173c
c505e106
fbef0fc1
da110afb
0dffdd04
fe1a1c1a
0af0ea3c
e4c7f207
fe0b2ce2
fa36240d
2e081cd9
ede3ee27
ec1d50e1
021ceed2
0c0d12ac
04e1ea2d
34ebf5d4
f7682811
10fd1f20
f7fb09da
fce927bb
fbfeff05
090ff0e1
ef14f9dd
04f2fa10
a4a9061e
0e0d06ec
0606f8f5
ec02e9fa
fef30dfb
1bed0c30
d7ec08f5
03f911f0
f815ff04
58e7e3f8
50dd03db
e520b4f5
fbffbdef
66eadd29
2ef0b77f
bcb2743d
494f2ab0
2a07dd11
00e603fb
12d2cefc
fc03e327
e7fe26fe
da05f9fa
f1fce4de
2614bcf8
1703c10b
250907f5
ee08fbfe
ffd904e9
2afddb12
d1f907f1
080f08be
2fe623fc
200203f8
d72514e6
41e2ffe5
fc1701eb
05f973f6
eb100bf6
fdbf0fdf
d3ebd2cb
2905ff01
e2dc10fe
1006baf1
fc0d07fc
eeeffde4
f3e5fed5
2afe0009
c2ea251d
fa04110c
fb23f506
24fbfffb
06f707df
d8e8e2fa
d30212d2
2afffbfe
1cd211ea
bd02c8fa
0316eef3
fee013f1
01faeff0
0eff1d24
dbfbfd18
d5241bea
1bf806de
35f7e7ea
f5def9dd
f6eafef0
0120070a
02ffff06
144614f6
100210ee
f0e9e904
7f11e0fb
ca15f12b
d7f1fad6
ffecf8e1
2019e5ec
23a5dfc6
ef17fbcf
db27dbfd
cffabbfa
e6f9f8e3
fa0ade0a
fbf9e8f0
eff4faed
ecfffae7
131811f2
1dd4ede4
1205fdfc
ef19f5f2
1601f411
ffea170a
0eff0320
0b0820fd
100e11ff
e9ce1bea
bbfe36fd
120ff8fa
e820ff0c
0007f620
da04f929
04d5f3ee
feed132c
fff0c7ef
2bf115e4
fbdbfbe6
00f6fb07
01f6f322
e5f1ee11
0226e60c
15081e23
ccf3ee1b
f40724e4
0c1ffd0c
1c0df000
052ffd0b
e3ff19e5
51f6f314
05ede712
e8fc020a
04f305f6
0a19ea03
06da1118
03efecf0
13fce8d8
174f0b09
07121226
120a1d11
e4fad5bd
1117e0ff
f4250021
fdf7eb2f
01e8f5fc
e137f007
e6011eef
e3f8b9fe
cdf6a018
c5040909
0bdc120c
fae90bf5
040feef6
d4d8d0e6
bf17f40f
35ab2105
d20df3e3
ebe007ea
f814241e
01fdfef5
0d1c0000
58fff603
e9eff6e9
c203c6f4
eafefafd
14010615
f50a0fe5
fc2113ee
f1f71730
052b01f3
f7f3fe18
152d1b06
c8f5e4ee
cef409e4
121b2542
fe06f7ff
04090df6
f9ff1424
2a0a0ccd
f4de1506
1c0d1c02
4cd1f3ca
fe24f575
00dfe5d8
f609372f
e9dc8bbe
d1e21c5f
2cdb2310
2711e708
efefef16
e9072def
031002d8
eb090cfc
d50d1400
060ee2c1
36e2f4d7
25f3000c
ec1a061a
fd2ee70b
fcf600eb
ee060bfb
e1d6e4e1
f70b0617
3f2c110e
0a012c0e
f610e5b7
d8080508
02aff21a
140513eb
ed07e9f0
f9092508
e44acff4
4df2fa07
3727eb11
20f1d0e0
00e901fd
e2fde03b
f5cced31
b815efbd
e8390aea
f00cf4cc
dd0010e8
3140fc21
fe2efcf0
000a110b
3ad4fe23
14e3d312
0408edfa
01f5f8d5
fbdbfe13
fe11f208
fe0dfc10
e1fef712
f9120f0e
f902f0ff
241c0827
0c0623f4
1f04ff04
0507fdf3
ffe8f6f6
f306f80f
29270007
ede5ebdb
ddd5060c
d4f4090c
0ae6f90a
19c11dd7
00ddfe03
f107fe26
0bf72a2d
e0f307fc
fe0414f6
23f8e1f0
f41bfcf9
fcfc181f
feee030e
f0f80107
e7b70cf1
e1f1e513
af0e01ea
1801abe2
d7ec1af1
f20ec800
fbd6f41a
141109bd
df00d810
fc0ef211
14bcee15
1af71df9
051b02fb
23290708
fe450425
15e7f919
f44b21c4
26dcf411
000ed901
e9fb13c1
ee17f814
e5ffe02d
fa030510
ecf71fdd
cb061c03
0ffd0dfc
1603fcff
2ff7e5f3
ffe103f2
ffeddf22
fb040b41
edfb021e
2228fdfd
1b0ceaf8
45fae3da
f5f2300e
ce0d05f8
2b2401b9
fc2e0ac8
0e0df03f
cd2af5fc
d3f10e23
26deebf0
09ffffd7
06fcf828
1ff1de06
ff1bfe0d
e9f204f3
ecf0eb24
f917e32b
180d2829
ed101836
37faf2e6
0a04f9c6
fc18e41f
3ade351a
1fc13539
ea11f62a
912114ea
f0e45b8f
191002dd
b7fbf440
fb2e0cc3
08051dea
21ce1701
1907f237
1cfe02fc
020fcbf9
4331ee21
0dfe0ecf
031ff6e8
e604041c
39ff11d6
ecf7f7f2
de0247f0
f1fde4fe
00330be1
ffeb2bb8
f913f9d0
fa1d17f8
1a29f318
f4010aef
0beafb1f
ff05fcdd
10e5ee37
0decc514
00d5eb0f
a2f103e5
334c4522
d613d5e3
ca350a05
1104c7fe
e8e8f9ee
0beef700
013afa0a
f40e0f08
02ff01eb
21f91af8
17dbf9f5
5409e5fa
f5fcf90b
08ef17f7
01101d05
1a05f71f
14f806f6
0df6020e
33f001df
1700d7dc
e902f115
0c091316
02210416
d2edf70f
130ffee4
0eeafc0a
0d3cf0ea
951be9de
d3e703ee
12cb81f3
ffd1d939
2126eb47
a6dd2adf
310ca0c5
2c49e0bc
10f71cc0
edeff6d0
edeb18e5
fffc14f6
e1f2e538
04380d20
29030b13
04e1fade
29ff0e1c
e7edfcd7
0ffa0ce9
01060812
fd01df0a
faef13f5
32f618fb
d4fdf6cd
02f3050e
03f6f5f1
0de20cf5
01f60306
3116f301
da07fdff
0bf3e543
db20e6f6
f8ec2e01
20dc1304
f4111bc4
fd0d02fc
b2f11736
ee1d092d
daf2d3cb
3be5230a
f506f7d9
08f3f617
dbf8112c
01b7f204
11ed0dfd
23bf0104
f817f31e
1d3ebee2
cd0505f5
0b12f41c
11f331f8
ff10fd08
f6f013cb
efc433ee
e6f609c4
d9cf2327
12facc4e
9ce71cf7
f42cceec
f930ca32
ca03223c
29160751
fd271d1e
411dedd1
4b173710
cbe0c414
ef1ba47f
0ef8181d
fc132cbe
e821ede7
ff0a00c3
81ecb2d3
111b06fa
ec1cfb07
1c140f0a
00d2ff05
07e607c7
e3b11803
10f5e50b
d53704f5
bf111518
e7fffc2a
e90216e8
04050729
26fd07b9
04f915f9
06ea0419
e845d20a
fefc0b1f
ddf7fc0a
01fffd1d
02ec0bde
17fa0113
f314f2fe
13f6ffcf
feeb1d14
1f0a1601
0808fc04
09f2f11a
ff0bf1ff
f311fbe1
f9d60126
f40119ef
12fcf1de
02f8280e
001c0f11
04dbfbf8
ffed00f7
18feff24
0d14e21a
f20a0d14
e229eb0c
eb0bfc1c
d8ff103e
eef411fd
fcd3f1d8
e11bf7c7
00d3120b
15edeae7
1e201108
140ae1e4
f1fbf611
1efe03fa
0207fd03
c8f9d9ec
1cd913f4
00040d21
f02600f9
cafaf6cc
2cf303da
cdfa031f
fb10fb17
f209e5ff
c5204a23
000ceae4
2ade19ce
e305351d
1e100e37
e801dde9
fcf2fce4
f810e4e6
bbe0ddf8
adfbfc1f
f2b8f5fd
c80414e8
f91906e7
f90a29e3
fef510f1
22102625
e63609fa
e8e301de
30edeeea
e6ff2fe8
111205d8
f708c628
03ec0108
320530cb
fddb091a
ba1117d3
adf3da17
0802fe2e
0b0409f7
07ff06fe
fdfa0101
1411e6fe
00e8fb00
fbfafbeb
26d3ff0d
e4fc11d3
11fc02ec
0007ebea
fc1ef1ff
dafc18ee
2cf8101d
ff0dfc04
f7f51110
2c59d5f8
f9f106f5
def5b9e5
041656fa
171c5cf7
250114e4
10cf0a38
3b3344f5
d8f5fd03
d00700d4
1011172f
02dff4e0
1a020c1f
15f5f00a
ed05ebb5
100feb02
f5332209
f60008ec
060416fc
0609fff7
090ccc2d
fafe0317
1130d72a
0be9df17
0f043ae5
d2ede6ed
2706fafa
fc37e93b
43e9e611
e8f304e6
c91132db
8c1db512
22fc3015
18f1fc1c
05040ff2
00ef06f9
e3f0ff1d
0c0b04f7
f8f72231
de050d0e
0dfc1eeb
ee0ff3f4
fc090bfd
023302f3
1dfef514
060309ff
1ffa0512
dce6271c
befe2bdc
0acaf9f3
f2f91ee7
02e4f60b
1406fe29
d326f7dd
1116fcea
f2101c11
4008f610
0118faee
fd140af3
03cc0be0
cbfbe50d
11f6f4f5
16f0eded
c00801f0
010c42f6
3ef9f527
fae8d1f5
0228fd16
de10f3b3
00df09e5
f1eb061a
b90ff722
ea05cb05
25f5f232
01f3091b
01fef5e5
cdf207dd
16beed00
f4070d19
eb0a0dd2
28f411f2
18f507f8
0cee2ae8
fbe9f8f3
1600210b
f4f2fa2a
0400fdf9
4708f710
00fdd520
e304e8f6
01f63f0b
02f3f1f6
0ef8dcf0
08f21e10
f0040ade
cdc507e0
11f4bf0c
ecef090f
02daf5eb
fdfa0503
f409da0d
dce9f9cf
ef04ea18
1ff4131c
0ce553cd
0d19633e
e4204f0d
e1e7ebd0
1fe45b2d
ef1922b8
f5152f11
c05d15ab
e1fd00af
f101fcf2
01fe0efa
ff1b14f6
270203de
2ff50904
050afd25
fc37eefc
0af82af8
dad7fff5
f905f001
ff03ecd1
e3f91d0b
d2f91905
03fdefd4
35e91702
08104a0d
acf113c0
e4fa3eb4
000cff22
0fdd04f2
ecc7dde3
1e0f1de5
20e0a2ed
1f072cf3
0d0e02f5
08063130
011a14fd
d801070c
23fe1003
32f40409
011ae6ed
f70a1df8
14ef0301
160700e4
01d105e6
10e1f3e7
f4cdf61b
270e130b
eef620fd
dafdeef4
07e9fd19
fe21f90f
fffe13f9
0cf0ddf4
defa11f7
dd09e10f
242f1b21
17063c1a
26f20d0c
fdf2fd18
03251211
11052702
d70df012
02e9f8e0
4b01eb22
20070bef
2c10f710
0e13d4f5
00fbebec
e6faedfa
dff6f309
0502f7e3
fc0f171c
142fee33
f702f719
ac330fea
0aedf60f
42b90f14
fdffaff6
0916040b
f803dc02
2520dbf8
f0ff0e08
fc47d013
ffdb4301
0dfa13ff
393a26eb
edff07f0
fbe73a3b
e90a0b58
b8021a0a
e706f7d7
fe111707
3f4218fd
e6fa36e2
f8eb181a
00f2f038
d0fc28f6
0e012401
f2d1e9dc
05321005
2027f4e9
ffff061c
1227f30a
17f51ad6
0d0ddf17
270415cb
fbcc002a
fde922e6
1fd9dbf9
f5390d05
16ec06f4
25d131f5
f5103fe7
0ffefcd9
0c220b12
072c01f4
0af2c6ef
f3d5cff0
08bb12eb
2ce93f09
1b33e4f5
f405200f
f03aed1d
011b6218
341215dc
22e7051c
072dece4
fa03d0e8
080c03e7
2b00021d
f5ca1fff
04f6160e
07d2fbf2
a2cc262c
16c3edea
09dfa2b3
dfed2cd1
13ff05f8
2c2600df
fd0ef001
04ac03e0
e5ea07ee
04f3faf1
194c0b0d
21f6eb22
d8fde601
e1e8050e
03e60eee
1f14f2f3
f0290400
ebe2190d
ece6f6e6
112318d7
d1042614
fe3c2400
061c1ffe
24e9fc3c
30c7ff40
fdf2f315
efb51e2b
d815f231
effe35f0
eed8fbf5
0329cbc5
f5dacb21
ef11e625
f8d507f3
0de4ecca
e7160f38
1400211f
17e8bc18
06f00107
eefb2af4
f30004e0
fd1df907
fefd1207
f2043201
32fcea0a
dfde1b11
0b1bc40b
fc08f61c
f1f9f8fa
f9d2064a
f320e41b
00eae022
2200ee18
330ad6da
0bdb19ec
3b052a02
2248ede1
fb18f60a
2c051ee6
f71dc8e3
50030515
e217c210
05e51fe1
3932ffdb
22e1cf15
1ddcee07
ee070bfe
47e8e440
3c09a125
3d7f4e13
08fdc9f0
ae1ce3d4
c6dbeb3a
ef1cfdf5
e0e1fb30
f109eed0
f6181921
f4fdf1f8
31f7e7ea
1e2539f6
1013172d
670bcf07
f2f9cdd1
01eef9ef
b8fbe10f
ede91502
fd13f7f0
1006171a
0c13e9ff
041eece9
1226da0a
03191c01
ecfef31b
1715e900
fee2fafa
0cff1af9
1123e106
0e1ce6cc
f915c80e
fee91e33
2b0421f5
2c1df3ea
0acd28fd
fa10f5f9
f2f6b31e
1322edf5
e3da03ed
fc1ac3fd
fd04f8f8
090e2d50
02e20f03
2cfafc16
fbeb2c06
17b901b8
31060df1
011ac14d
c2011f0d
c821bedc
fcf82af2
b9071a21
d4643dea
0efafffd
09f80d1c
18c408f5
e902fa1b
ebf6fdf4
091be9fd
efe02125
b5fbcd04
ede301f3
e528f636
27fc0908
d6ff18fd
df3c2a0b
0402d508
09e9fffb
1134fcf2
0deefdf4
cdfdebd9
0dd722e5
14fbe1f8
2dc41604
fa19c9e3
11171fdd
1cf120e7
ffcafaf6
e5e02128
1ee50d01
45fdf910
e60781ef
0703d900
04450400
ebdcf3db
eaec13cd
0ff60f0f
f84231c7
df0403de
0833f751
0519fbff
4712daef
21fc000a
05d20d16
53fe0b04
0306e63d
f9000ee1
c7e83b03
0935f606
3c2011fa
15ffccff
37b7f80e
fae0fe0d
00e8201b
03031e0b
fcc45aee
02db1702
0ee5fef2
f02f22fa
f141045b
38e9ead4
0dc020f6
b4000427
1ee300e2
0008e60e
c5cc11fc
fa091210
ea08fb00
120e1a2c
d014f537
e7fd03f9
0718abe5
0cd7cff9
34531e16
fdd4fdca
0dc311ce
3a131321
1201fddb
3aff36e8
41b31acd
fdf53603
4720fe0e
04e93bff
021f06bc
c7e002ca
c0271ccc
0000f20d
16f8f125
fbe6e605
d020fcdf
fd1f1315
ed1c01e7
31ce1d18
064305f3
f501d702
fff51903
07064e1b
1efb2602
3c34fecc
1d4cf7e9
3ae3e2ad
fd0fe069
3701ebf9
ed07c5e5
051b0dfc
bf470e2b
120405fd
1119ee17
b4b6e8fc
fbcdbf1f
dffffb08
4615e501
fa0f2cf8
e5e12504
1abe1be4
1affe420
2fe409f1
d531f7eb
1ffc2c1d
def8f812
f92cfcfe
03270113
e922e610
df0e0f1d
f149cffe
f13fe83c
3903f602
3b0de4f5
ffff181e
f3eeef0a
0c280a0d
f701031c
1bfef424
01c10aee
5900e810
e9f5dce9
fc18f50c
18effce8
1f271c2c
ee39f9f7
f3d50b16
1103320b
d9ff061b
ee053411
040d48f4
1012fc0e
f8133801
e71103f5
0305e5dc
ef3a1314
0fffee08
e61cf6c8
01290701
ecddf2da
fb04e010
fccf0eed
242451ee
0d05f817
18000a03
3a130103
fef72d07
dddd10e7
f10018fc
f922f0d0
320fefe6
2cc8e606
bf07180a
e3e8a121
0321ccdf
fbc3f902
fdcc15f7
edd10df5
e318d10f
f60ae4f1
e600faed
19fb4a0d
fbe21f04
f509feea
3313bbee
001608a2
e8ecf2ef
06e8ffed
1dff04f3
eee7e019
0906d609
eff212e6
f11bcc09
f9fffde1
0b20f2fe
0ffe09f8
0dffedf2
18d11dfb
05d72d0c
e73df019
261af7e2
12e30121
d5ec3210
ecfbe2de
f8fd030b
ebec25ab
0201000b
ba042309
f316fec6
ee08103c
10873622
08eff1fc
b701fcfb
baf51e1f
fb00de0f
23eae4ef
edeae411
f7f013f4
fb00ff46
39050bc8
0002f0ef
1bd520f1
01140cf0
f2f70be7
18e9e8ea
0df20408
fbf42fdf
1619200b
11fc18fc
0be55517
020a3dec
e7f907e0
fca3e5f2
f7f6012a
0740f168
1c0135f7
cf021a1c
e204d41e
0994be02
386bf632
2e2dd827
f72af9fc
fda4e820
e53a01cf
3701df01
1de8c4ed
ffd5ddfb
def103fb
0a2227ec
f0f307f4
25021e33
f715fdb8
01fb04ed
e0d9e210
fd32dde0
150926ee
0711f805
09ef1af9
e8ef1518
ea1f1440
000221f4
e231ecfd
fee9f2fe
ddf0e103
012f22e7
f8080801
0d270d34
fcd92525
c6fcd4fa
ade3f5e0
fcf307f0
29f7f8fe
01484302
02f2fbc8
23ff173b
4ef403e7
d9fd1e04
e84be502
0719d60b
e4c81905
01e9f6d4
15cefbe2
3ee8e818
e50d080f
1dff0206
1d1420dc
fefa36ff
f1ff0e0a
e9c90af9
06e7fbee
d44f0600
0e1ffe16
1afffded
e0f9e1e9
000ecd0d
e108ffe0
ead0fcc8
07270214
071ef20a
0100e5cb
e3fd1c1b
de54dcf5
f4e21dfb
280b0619
44fa0309
0307f908
f52d0c4a
fb5d51fd
04fce9f0
d9edad0a
02fed8f1
f0fb0e24
f619b6cb
ee0b1301
20b5091f
f33410f7
fe0225e7
10485fc6
fef5f300
1d01f022
05f924f8
08160d02
29d4f01e
37f42de3
2a04ebe4
1ff40ef0
09f73b16
baff0bd9
08dcf4e2
2311f116
12d42226
0ef90d1c
0bff01f2
110af505
06ec0803
d5f71df2
03edf7fb
221deecb
e7fc0fe6
d7ff1290
1cfef409
0af20b11
fe1e20d6
d22d1643
f333d509
13e8e632
e03911ea
d926acc6
0c021206
08fc4605
0209120d
ef1c12f5
0905301a
15d4e724
ecd111eb
e5fd0916
d00115fc
fadbec06
02101fea
d50b0df8
d8a8d2e1
03e80406
f8141503
3a1aec08
5701cbe2
28aee4d9
fd00faea
c0f3fdf6
18fe4af8
003afbc7
1df91c1e
040655e0
f20008f2
1711db0a
053116f5
bffe0f25
f018ba04
0cdcf20e
0cfb0109
b123e71f
df02d8dc
3415def9
05f6e8f6
cd0edbf2
e0140113
f4020515
5e3006e1
15dbbfe6
1ffeea02
f0f6a011
06223afc
13fa2005
150df2f4
1dc0f033
cc29fcde
f9e0d848
6b05edfa
f7d00c30
02125a0d
cadd1ec7
122451cb
19080dc3
25e40503
1ef1e4f7
bdffd318
5c2dcbde
ffdc1ef1
14f22f3b
37e114e3
f738e3d6
ba52ca3f
0efd390d
1f0ee5a3
b4c70dec
01f20400
0bfd0cf2
01ecd9d0
8fd38bea
0a07fafb
21231bd9
effdfefa
f91ee5d3
0127fef5
0b2d0724
f9ddfde9
fd1403e9
1e29f7f6
25ed46d1
e7fe0d0b
f9f1f628
00012f1d
39f4fcf2
3018c82f
0dc4ef0c
f4fa13dd
cedc0823
dcffe61b
e5e84502
fe2c3efa
24ea1123
0f512534
f457ea15
f0fd25d5
0a00fe0c
05f902ff
fd000607
10fe0602
fd000b02
03fafafe
12f7fbf6
fef2fc02
ede5190f
df021e0f
3d2ebf09
fbed24f6
221412ca
042fe8e3
e0f41024
cafc1d22
0914061c
f5fbe50d
15f229cd
04f1d5fa
0b2137f1
0215dfc1
0f25f9c0
fe6907af
ea15c421
0a0200d8
30fc280d
fd01e208
5200e632
f3781fdb
07ee08f2
15e10645
01d418b3
2d050502
503df6f5
fbd46902
1ff8dd03
f6eef729
ebf9fefd
1637f604
05dffd0d
fc022dc9
e20b29fc
0dfff413
f31d0a3c
edf2ebc2
669e0ae0
24ea1d3f
0934a4ec
e802213f
bdbae910
0546c7ec
fef6a5ff
eb7f53b8
ef56d823
11f3cbff
e023603f
0b0103f4
13f107e7
0113f9ef
c333041d
f50e0fdd
12ec02d3
0321f1a9
fc02060b
0001fd27
10f7fdfc
010003fe
07fde200
fd0004f0
221314fe
fb030cf6
f8d3ea17
f10403f8
151f1f20
fd061adb
f7cef7fb
ea2e0cf1
10f901e1
c637f7d8
fa05d507
ec030206
00c6e2de
061514e5
f0fd050b
1d1ce1f3
0a1812f4
2216d717
1a22024f
d5fc28e9
1bffeb15
fffd20fe
e33c05c7
d537f822
113306fb
492536eb
36c4cff7
e3fee2fb
045423b8
fe54acf1
fdb0f1ee
22efda35
daebf6cf
483a14df
06e2ef1c
39f48160
07e25cf1
d41ec70d
ef81e8ca
c1161466
897ff98c
36efdb02
0f00ef32
daf5d4f0
f7ea0fdb
07f80c09
1cf81bff
f7e10c1d
2c114ed6
03f40d1d
ded8ecb6
e30009ed
152059f2
fc26e610
cff1fbef
00fcff09
06e3f60c
1aba0110
de072ff7
06fcfe11
2a34cfe6
fed3f0f1
e6132500
cdfb01d8
f322f701
e90dd608
d806af2b
0c03dcf3
f5eef713
fff207fd
cc01ec20
d9fd0610
f4ea0d35
301aff48
62815408
07e8825b
1042f51b
11ac3d7f
dcc7310d
e18783a4
963c6381
0d8181fb
0c0f28ff
0af9c907
06cd2c1e
fafeb402
25e701e7
f6dbb508
f5b70515
38e11066
d2f52ffe
35ff160a
c3f5fd05
04d113f6
df290ad1
0b1a21f3
0b24fc09
f4c8eada
01e9b912
cbf10996
ccde05ef
0cfa13ee
0f164be3
ec06fa55
b0f9efdb
edfbf5ea
161d0c01
d9fd0116
e1ef281e
ff30fdef
ee2c02e8
3dfb0e19
e61c0002
1cf502ac
f00ae6cf
13002ce5
24df2114
01fe3002
f1d901da
1ceccaf6
f21b0bfb
0125f9dc
c50c0112
21000700
db0fed16
043bfe12
0b110319
ffe6c20b
fa250821
0244e4e4
fb1cd83c
c5fc0017
f9dfec00
01011df6
f9f223e1
f3fa320c
ef08fa26
1f0233fa
05fc0208
fc05ff0b
fcfffe02
00fb0002
0304e2fe
fb00fede
e8fcd4fc
00f70700
e326f2db
22fffefd
e8e107f9
0611e7e9
db1516fb
2e09def6
0a25f9f1
0ee8f11b
4509132c
2805e402
c30668d7
fffaf519
fce9e8e5
db8cd3f8
120d0ef5
db091cc1
15ca5724
f0feefd2
fee811ee
06de811f
cfc0fef6
21d003e8
08ec14fc
011e2a05
265427da
20000c01
e003072d
fd0a0305
05eb05d5
fc0d030a
03dffee8
eb11ff16
05fd1b38
edfdf77f
53c214ef
0ff44ff9
fd1d8de0
04d1d2ce
791c29e6
f1261de1
f20f0fbd
51010017
08280f33
fd0c2ef5
d8070b27
08e2c50b
fe06fa45
db12faf1
0ee2f538
d1ff0900
1be6fd04
03de17ea
c8d215d1
dc200af2
f70ffdf1
0b15181e
03e700e6
fa02f10d
333ed908
fdf80319
f70109fb
2601e80f
0209e9de
d202ff17
16d1f43b
9b08e7ea
0f133411
f6f3edfa
29eef1ec
81f0cdea
d2e5fadc
0cd53400
140dfbdc
e7033eff
00b7efbe
0ec0a611
080a1eeb
14e6f7be
22d9f22e
ee28e1f9
0404f7fc
04db05f4
f6fe0803
81f80600
f3060ff8
0a0808f5
1afaf3fa
0502f0f4
2624c8dd
eb010f00
f8eedec0
004111f4
e1c5e8e1
fc2ff529
e2ed090e
071adfd0
dee82111
18040be9
0adf3708
ffedfeff
d3dceac9
e82220e6
fc001815
e70f16c7
f4d307b7
f103ff03
dcff0ce8
fdf4fcff
f305f0fc
03f01f22
fdf8f807
e3e3f326
e50641ee
ed020617
fb144ffb
0030d90b
0d160d30
0704fd0a
f21404e7
0fddf0c7
ed08d9e0
3c0603ed
3df6e401
0be15df9
bc18320b
4c1127aa
1725fd00
42f224b0
36d01836
ff01e2ef
edebe92c
fdea2100
f59e11f2
0efe19d0
0c3b0424
2ae5eb15
242e15e7
fe0317fc
f44c1ad1
fc001d02
1ffffd1e
f5033101
fc1b01f8
fdf40306
d4c73927
b6010c02
0de709f2
04cdf9df
4bdbf50b
03090a08
faf6069f
f6e804eb
fe10bb33
9c02ee07
0c26fc17
ff1134f5
e1040516
121215dd
0021ff09
97c80cfc
cb0f07e6
dc04f80c
026940d7
f705f9dd
1fbce641
2b0a1f22
fce7eed3
1a08a61f
14f9e807
9d0ae50f
18080e47
f8ebd1f0
151ee923
1839c34f
2306e00f
1328353b
43dc14eb
df04e7fe
efdded31
01b5190a
c3010a10
faf7e607
1ce5eef1
e7d7143e
04fed3f5
41fef0eb
f61c0501
ffe21111
e9f217e2
201dede8
1711fecf
e4f3fc07
e11dc797
a404c0ea
3e23a1f7
fceac226
e311097b
034e28f5
0e14f6f7
3eecb089
0312ffd8
0001e015
ecf30909
001cfd09
1be0f800
f6022e1f
ee080003
c94ad818
cde0f47d
25fab41a
01c1edf3
080d7cec
34111acf
ede750e4
f7dd0309
3f1a0551
3b045af9
d104fffd
0d1213fc
07dd41df
e724e9be
0c363be4
df60232e
0c1afac5
d22309d8
f9022ff9
41e24ce7
fdfd1b02
10dff702
e6cc20fa
e5350ed5
306bf3ea
cefc0101
b8fe1efe
e94ce5bd
ff00150b
f8e50be4
f7ec14ee
0623ffb3
f608ec21
061f2f07
01fce707
f317fde4
ffe9ec0c
04dd02d5
ddb904f2
e90c0aeb
2707fc1d
0cfd0308
c0feff0b
e137f81f
fce4cafd
1f31fbeb
05d01d28
0223ec09
00d7f51a
05f1d1d8
4afe16f6
c22013fb
ff17f6e1
edfffa11
f3f21ffd
142bf1f7
f8f7e806
f9f8f706
3605f315
28d5f71a
f9e521eb
1c101412
022bd2e7
05e40000
061f05c9
0d23ad12
340254f5
1ba91215
fce1601d
b41dd41a
e322d12a
da38ec8c
f1391b25
2dcb4410
1cfecb02
fbce3e10
fdf20a2d
2f0fe94c
1b052b0d
f1e80e21
0d461009
fa1be61d
3203d5e8
191c4ff3
0016d700
06f2f20c
e9b507f5
0bca0234
311c23ff
e4aaa0fb
48fdc416
a70c050a
f6b8ac13
b89ce206
fa421b1a
d8530436
29fe25ee
b84af715
03fdc9f2
dd21fd09
0bc924f8
37280103
ffd4eed2
0c2a0d08
ff57ffd1
ee00cd43
edfee3fe
0ae9ecfe
04ec05f0
0309fd22
f01608ed
e52119e3
15ff1a12
220c3ad2
08fcce13
37c9f0fe
fcfc25fc
1d342e08
d4e415fc
db2ef90c
601935e7
04f5020d
06ff08f8
25cbf7e7
031428f8
b1020a0c
f9d30106
f72b0419
1209230d
1719d312
0301f005
e413eee5
0105b1dd
c817efed
fb121d03
11e2012b
c9f3e219
0df1c749
e50034f3
e901e5f8
051e45f0
bff2e1ff
0ae8fb32
16c1f9dc
151af3ff
d8c30b1a
0ffa041d
a5e5d132
fcedfa1b
d5e91fbe
e1fc00ec
e3320fbd
36132917
fb33ff20
d4060900
1122ef3c
08032304
1cd90405
f250e5f5
05150122
29ecf800
05f91117
2b021f13
2629f008
f9e91b06
e5c8eefb
0cd5c637
eaf70015
dddc3eda
dafceaf6
1dfa160f
d8ef15f5
01f50e15
dcd229fa
e8d5def3
f632f217
262ef8c0
0b19daf1
020415e6
45c8c838
ff0c2aed
2e23f4e9
1e19f1ec
0306fdea
11192610
edd8e3f4
e6f81218
cada161e
fce4fae2
150807f1
e2bfebf9
e6e81139
f5df0934
f4fb62b5
0dfeefeb
3230df22
02c2df01
e5fdfc0e
0679c4ea
14dc03dc
28b2dfec
1bf23030
d702250e
e8ff15f1
fc411c05
01e7fbf6
ec31d41c
e53108de
d0c4fdf7
f6fad5f0
2b02e404
d541fc38
00d80302
e7f2f70d
f4060bf0
001309e9
0e4aeafd
fcf0ed08
29fe0b0d
e1e9e115
00d6d9f6
14de01f3
1de5e4fa
eff80dea
de14cfe9
e418db1c
2b02caf0
0d23efd8
040e0b04
4dd1edfc
fff8e60e
0518fff2
42fafdf9
191e0ce7
f700e2fd
40f8d809
0a12dd1f
c0330f03
2e041802
ff3bf509
e0bef120
e5f4e019
0e001f16
b10aeffb
00fafe09
fb17d907
feaeea14
efde1dfa
2a0d1ddc
f2dcedf0
ef001910
d0ff27f9
fc19ecf9
eb5703fe
04a2f5f6
fff802de
11e91b29
0f1e4262
1b02f916
110a15ef
fd0819e0
230106f8
093818fc
da110be5
2205f9ed
eefa1dce
c300fbfe
0a35fb03
f913c70e
b9f0ff1c
011c11f2
00d5fdf8
edf3fe17
e81acffc
d1fef1f7
b9e9d40e
ffcffef4
000f030f
12050ac1
12d70df1
21e00827
180e0b12
4c00e6ff
cfeef2db
037f100c
ea32f414
f9d012ee
df3a1005
df1febef
04f4041b
e2fbe7f6
1ec4f00d
fd02c60c
0001fbda
f01e450d
fa1202d0
d918dbda
220a0859
f2fff507
d4ffee2b
0209d820
0106ffdd
fed80aed
0a1806d7
3debfd10
fffc221e
0b01000c
0c10d707
faf60004
caa90ff3
f4d800f4
040afe06
f8e7140d
e3f53116
2e0007f8
ec19322b
0502fb05
cef4fe08
f5150cf5
0436fcf4
fb29e111
09f5decb
e1fffb11
e5eed7f9
02f2e4ec
0b2026ec
d225d3e4
0eeffc37
f911f6f3
dee8fd9f
b6fff106
fbd0f409
02d428e7
22daf812
0708ea21
f72afc49
cdcfecdb
1019e32c
2d143317
0b09dd22
ef0ce0fc
eb09baed
0d340210
110fb0e4
c2566bfe
efe106ea
c3011e10
f411f6fc
fe23c620
f806ebf4
f3eff640
f024fe24
2cc12209
de120f49
e502f3ef
1510e8f1
fc00d20a
0cf8f1e1
180137e6
1cedfef6
e829debb
c1e120d2
34fef710
ce3e14df
fd2019ed
fc47071c
d1f0100c
0b17fa10
f7e9ecc9
0418ea12
0ffc3201
f3441a0d
fe0b1812
a8fe1a27
ebe5efcd
0739f9fe
2bc0f81c
1f40d9d7
02013812
06f1f30a
01fffdeb
e8d6e91a
360de806
fcc608f5
e2140829
fee543cd
fe011823
39f9e527
fdf1e112
3b1f1731
07d3e029
dbf8f8fc
caaf2ee9
d62081f6
f100ef07
2a1f5019
02101ffe
ffcc06d0
13230afc
eaee04e9
1f48e3dc
fd1c0104
e2fed3f0
14080cdb
0b05d106
44f1ff0b
fcc2d5e4
040f0866
0f05e5b1
da0b0635
0f000eca
d4ef0dee
02c528ff
ef11e0ef
0016f607
23b80bf3
0ddb18e7
d3eed42e
f9fed9fe
f3f90410
0604cdf5
f7f620e9
fdd8b206
0cd5f52e
f2031ae1
e90f1011
fd011eec
20071311
001bcb07
dc14ef0d
0a03d506
02f40549
0034eb00
122f20c7
0d00c910
d20fdcee
fbfdc0e2
512be707
e59ce628
f11007f1
040dcf02
f4ff0514
0001e1eb
fa050f25
040641f9
02f2e9d7
0810cfe3
fbf9140a
1e1f06fe
371e241a
db0021e0
2dff01ee
002c2cff
21f61640
efebfbf2
0a3cf5f3
cbfbf05d
0a1eb008
52fff310
3734e5fd
00f63de8
edc824e6
e838ead4
ec490c3b
07efca09
01fdc13a
9400f811
d837cef4
ffe6d61e
fe001621
18e8e02e
0512f2d1
14d5f703
db0e44f7
21ff110a
0d10f4fa
01cdf60b
02cdf62a
0dca043a
0cd6ec3e
bb35d0c1
de02e3e8
01ff2701
22d6e703
04edc600
2e2ef7ff
f4b9eb18
02d1fe17
f3f10ee8
160a0230
d201f112
08f411fc
fb0cfc08
130c07f2
1021e016
f550f50d
06d91414
e41516dc
0c000806
c512ef00
03ea090a
0c0efb33
00f5051d
f5f4f8e1
08cc1852
e1f4fe22
fe0109e8
0d23e604
fc20fbec
ee18f3f7
0414211b
f23f08ec
4014fd10
19ef0cf7
39071713
16dc0100
f827eb0a
1d0febf5
e0f9e848
fcd5f6e9
062220f9
f3f61104
14fdf508
f91a1707
03f1dd05
d4f1e009
f0c7fc1f
fa13f725
ef0cd9ed
dfe80b09
cc01f4e3
e713e9db
fffaffea
d2080af9
b6ee4ad3
f23111d3
db700cbd
f7ddca24
0b01c5fd
23b9bef9
012ecc22
0f1bf509
0cd53927
f110f91f
25de0939
fc13dcd4
33fe3312
d31ce3e9
fb1d31e9
f001020c
f6c514fe
f40d060f
2bc50632
e0f7cee9
0f021d12
e4130922
fd150820
171e0b1a
e7f1e222
ef2cfe45
ed36d4be
eef0c9e4
04ff011e
f9fd21f9
fdf3d6f1
15d02501
e7d818fe
050eede0
f4ffffcc
03000d02
2e004713
4ed9d4dc
030a0733
18ff1a08
ebb00e10
f22ff2fc
1c2b01f4
fbdfb3f1
dafedeee
f2fbf9e8
06c90004
fe271d1f
152c1e10
0e16f943
2cc2d6f9
392b00dc
ee040b04
b20cfb1d
00c205e6
2ffcfa0a
06e4f700
1c9df727
f9aafb24
20f206f4
e5fc1503
c100d030
0808dddb
1116eeff
44e017fb
19d60408
f0e9ecce
22e5f612
ecfee0fc
0df6fa2b
04e0f908
33151214
310105fe
13d3f30e
c0d2e313
0bf33b14
f2fc2306
d31b55fc
01f8d80e
27eb09e6
f9fb170b
f7feff4e
3af5101c
2c1d3d06
d0011bf1
bcffd6ea
f9f2cf14
1552e612
f3d511ea
13f50922
f51adb22
20f9f345
cf04e1f3
2a0c2646
fe0a37e5
beeefde8
0f9b130b
00fc03f2
02e75632
18f90822
0d7f0dff
9cb53008
c9fcbff3
f0107ff4
2bf70905
46fc7706
2c0ad8f7
f9f8b102
6cfdf8d7
10d5e91c
05e2f112
fd33f2cc
1cfa2bfe
08ee033c
3f3effaf
160dd2b3
2701eaff
0cc0f40b
01f307ed
1c0407fa
00041109
0526fa2c
d3e8e3ea
3a18efb6
0afff9f8
24ff0606
fd031b13
da101109
16dd3603
02fff6fe
f6141816
d1310a08
3203150f
13ec57f5
02251f27
37bdfbf4
e1bce8ea
013cf4bd
0315f209
c307141e
e401040a
151209ec
f9fb2621
c5d410e3
ff02f0fe
e8140bfa
33dd25df
0bdc1400
d500af07
31dc1126
0524bff2
04ff21c9
011dd7f4
01f8f50a
06e01818
81f91323
11022905
3127f20e
03e303fb
4bfa020e
24341300
fff80b4e
eb411db6
2831a8f0
40010ed3
0135efe5
090a1322
d4d2f40a
f2cf27e9
133706c8
17f51081
daf8bc03
05fb23fe
05f2e6f8
f522e813
feffdbde
d4ed3cf7
f9f318c1
1d4309dc
d7eee53d
11fd1907
ef0e04b5
01e4ef1a
c6ffec25
fbcec8e6
f6ed02fc
eb0b045c
54f3af33
09fe3ae2
e2162f18
feef250a
3e17f4fe
0a0807fa
fce80d33
d91eea2e
32f709e8
2601f2f5
e952dd03
06da1b16
27f909ec
e31ce6db
16a4171b
18feff21
051f3ae2
c600ed09
07ff3d29
02dffb01
1fe11b11
1f051406
1befe8fa
dd000515
16f7e11c
d7fff0f1
d832d9e0
fedeb3f3
ed1bebf0
3124dffe
161bf7f2
2bc41448
08edf7fe
bdfd0502
e9f208f6
021aee03
0b43030b
1905f6fd
19edf9dc
eee7ff29
e404efbe
2cfe0406
f4e554fa
fc210201
0203f7fd
1dcc1414
ffe3fb1a
0edc0936
1df0f7ed
36fee0ff
ea1ff5d2
fd1b0e0b
0e4100e6
192b0413
0af0fe05
e4f01c02
e20f2eee
f303170d
bee5140d
ff0509da
3ff1ec1b
f3e20b11
f4020647
0334fafe
2ef6e830
02ffe1fa
6fda0c1e
0625d324
e61206de
13ecc6ff
04e6ecf5
2aec1efd
f505ef21
fe01e402
08dfea0b
0705e903
180b071d
0bd1e428
11c7f11b
e6081b19
181c24fb
30fdf4dd
bff12616
0ef1e6ff
e5f2081b
ff1200d1
25e0e111
01f4fb23
fee12315
d9ff1c0e
ef050fee
011300fe
fb4d1a01
eba9efd9
02280ac8
0de7f737
d1cdf9d4
25031cf3
40fce41a
fcfa3203
ebb1f619
27eb11ff
ef290cef
cc2a1107
fdef0fce
0d04f105
1706e32a
031c59e4
4813fe10
37104006
10e8f6e4
0dc0471e
f8ebd4f2
03ffd218
06140afa
f70bea07
ca060ae1
e6f1e5d7
e91310c0
56bdf821
21f1c5ee
fcfddf13
bde9a447
ffeef2ff
fb070bfe
0016f9ce
04a01529
18d51920
efe8ed10
1f01f822
08ea23c9
fef5ef13
f7f419c7
0221e81c
140ee4f1
cfc4da0f
ed53c3ca
e9fe440e
51ede1d1
fc1effd6
f10dfafd
fc447f2a
3cee6e24
fb47e1cc
c10116f3
d4fde4fe
27f8bd06
f735bbfa
062005ef
d42614f9
10120bf6
031516f8
2a01dedd
32e71bf4
e9d9f41b
030b16fd
f7ff23f6
e1530049
1f516ef2
0c27ef25
1ffc0548
d308f010
4f23c1f5
fee53e1c
00f50b0a
19d0f405
e5f2ece7
dcd9370c
e8d52508
19fe140f
19d2f506
ffdf0708
200404f5
34ba2500
f638f945
bdbbfc13
c5dc0523
31f9ff16
0ac734e3
fdf1d0f9
cdd71511
fd0d32fd
ef3908c2
03270690
dce605ca
2efdf00b
44f1fb00
f7e5f5e7
440725de
14e40fd7
0615f226
011011e1
cc241615
2f01f5fd
e820fee5
020de6ff
45381107
ec470cf2
f93eff27
e94dcbd2
08d5f7ee
fbffe706
1fcb0c29
00eb0019
e9dd2cfe
17c6e1f5
09eff11a
caa62809
1cbc14e6
03021a03
2ee245fa
001c1d1b
f8ed10ea
1b0f3610
f8ff010f
1ddd13ed
cafc5ce8
1eff29f4
23e6cc1b
04040d11
0c1301ed
0133ecec
05edf9d3
0abe0402
2e15141e
d40523d7
132651d3
0510f406
eac5e6f4
2610e4fd
1c09f0ab
f3e3fdeb
10190830
de002bff
d1460562
01f81cf9
420dfb13
09e2b313
fddbfaf0
d42a001a
ef0600e4
0601040c
371bbd0a
f92903f9
050d1421
13dbff2d
0adeee27
2317df3f
d11dd8c5
ee00c514
ecc7b6ed
fb161e0b
8122f8fb
f5b8fc28
f002fc38
f841f0e3
f91bfd60
33011de6
fad906f2
04ede60a
0bf9f9f1
032edaff
f8e506d7
e9dd0d1c
2b36080c
1700191b
26efbe0c
f21202f3
23f00ff6
0cdeeffb
fef2f6fe
28e8fad7
30e8d6f3
e4f72d0c
f1c82600
0b0b193e
09c708fb
40a0ed2a
0901e1e7
f1cdebec
fc1ffeeb
f200d9fc
f8edd4df
00174001
cbfcf40e
fd0fea0d
fe150123
0ffbebda
da03db33
a203f6fb
f0eaf9f5
04fbe305
edf7d4cc
df0c2a08
e31007e3
43e3f212
29f22f02
33fef409
eef81fea
fd0ed413
e21df700
030e1a20
fc11fe06
fb31ff25
ef0e2b25
30fef911
e515edf7
06e91f0b
fc20ea14
0420139c
d8e3cff8
30f7bb0b
e7db2001
f4011405
f7160b00
fd1df7f3
110af71d
0b1500dc
f4e60721
180b00e9
da14fbf3
52fd0dea
1ae9f6fc
00140b04
08e7dceb
e10fe916
f51004b4
303e0cce
1afc52db
1700e6dd
5c290631
fbe7e810
e70b223c
37f90d07
3fc5fd2f
81f96a11
37e447e0
36032e03
4c33d1f0
0518ed18
e6daf0ed
2df4f9f8
f8d809d1
eaeb2908
f62a0f0d
12010cfe
fd19d410
ff1ed736
d4ea04f6
e6020817
0d11f123
cf0cfaf0
15f5fe81
14002905
31d51beb
06103611
320106f3
11dc0811
f503f61f
fd070ae7
3f1a0fbd
e504ed05
1c0514fa
fd43ff00
331611d6
f579f6d9
0ee9fb1f
c0c60322
fc084924
1bf103c2
2df9111a
0b02e20f
dce35ff7
06da1449
c0d543f0
e620e92b
051b2eff
d5000a09
b1fc32e8
0703ecf6
2432ee29
e4c4f9f0
0fd30ef1
fff1d52f
b6ec0d0f
e200f4fe
f5233acd
f5132e02
c8db051a
f3d0191d
f503041b
acf22218
f7491cca
1cfdd9ff
17022afa
040fc8f2
d30712ec
0f0dfae5
03ecfe06
f0e00218
ea0d5020
1800e9f5
ea051302
02e00100
fa06f317
eafb0cd6
16d20813
f94b000b
08e3e104
020a0119
09eb10f1
02f9ebf5
0e0ae4fe
f6dc0fe1
eef60ee1
19051411
17fd0a77
20022713
e7f940f9
01016e24
10f50a30
fee5000d
04dc08c2
e7bf0a48
fe00fffd
fef701fc
f80207fe
030307fd
f70000fe
ffff03fc
0a00fcfb
01fd05f6
e80af017
edfd2120
cadfe80c
fe03cfe5
cf040c09
160a1d1c
df310921
15dedf2d
ff16e02d
dcff0809
a7f047f1
ffe8d50c
f2e1f3d4
00d622fb
09070421
3c1c04e4
e401e121
fbfefa19
f0ea070b
faf303fd
44dfddee
f1ebf928
f7cf0c0d
34f0d42b
16ebfbe3
13023eff
42e30214
00f8fa06
cbee1215
091407ef
d3cb03ff
d1fc47ea
e21c0940
25fb16e7
d6f7fef7
ffd5e0e9
e20a2510
e135e6c6
23e80806
cd76c8b9
31f111af
24021219
2407ff1b
fff0b6fa
f7e5e201
e702d8d5
37f5f830
cdfa5013
fd001244
16fa0011
24e21ffa
02210106
384b0e1a
1b55dd3a
03ebebc9
1df3fd01
0b03b0fe
effed103
e4e5bde3
fd0cd807
e6dd05f8
d5040f0f
0b0af452
f721ecfc
0cdbbd33
1103f5ec
16feb7ef
00074307
11f2f607
022ef4ea
17d4fc48
173f26ec
e92cfec6
b2fd1a03
00e843f1
fae0e1f9
31dd07cf
f4225311
08e2f630
c5c2cbe7
28fff9ef
26fef413
19ea14ce
fe1627ee
fb150a00
17f9e41d
fac7fc1c
defee3f1
43da680a
befb2004
3c08e703
fd1b0d12
fa1a1fed
0badeee7
051ff10b
bee4df1d
fb07f714
e802eee7
54e145cf
0448e6fe
14be0d14
404009e8
19fcfef6
24d915f0
e1e20efa
d7fef20d
0e30efc1
feee251d
0ffafd02
0d03eb08
eb160b24
e748f3ef
e5272edc
e4ff110c
171d250b
fd21ed1a
341cfff9
0a0ad00e
02c900d0
dfe0f91b
2be53bd3
f603fb09
0933e4c7
0c06edf8
1ffaf419
f953fef1
f3ff08ea
f4d4e316
17ed1b16
fdbc0409
f70afdf2
fc06de15
f7e9e802
1cf8ffff
5a0aa9f7
14e5fbee
d6fb56e7
4402260d
1e12e4fa
0120fcfe
fc1a0c00
f94420f9
f2160016
0b32f4db
f511553b
f901fcf9
0efde8d5
0039f5d2
5919eb00
f63cf701
061f06dd
d123e5be
c90226fc
3802e51a
701a182a
f8f1d7fb
f52b0714
3edbd903
f4c1fb36
d5d3f66c
08f9e7fa
ea04fe06
f334b1f2
fd0e22f7
e3f2efde
ef7e2c33
08d6fb1a
ca01f7f2
e3fbfa1d
d502f016
b906efd1
0315d2fb
2e31defc
d90cf441
e0e41028
1539f9dc
03f2dae0
01fe0cf7
d6f2faff
0921dc05
e3f4f926
090c1fda
21c4e903
ea0df80d
ea2be7e3
f801fc00
f9fdec15
011309fe
4bf8faef
0eedfc3f
05f3ebcb
fc0fc9ee
06272735
2b005c1c
e11ef909
050336f6
01dc020c
fbb8d70b
e04a040e
0444f3f8
25bf1722
4d050fcc
1ce9e5eb
10175006
f1ca03f3
e7d8c8e0
31ebff1c
3344c62f
cc16fcf2
0901fce4
1cb4070b
03e9f2dd
1304f8fc
da07ec02
24e4f6de
f0e309dd
ebfd333c
d8fd110a
b8e8e5f3
fadaead9
02cb1734
dfe1160f
1b1ef2df
dfcb0710
11e506e9
a9fbfa1e
fedd37db
ff1bdce1
09ba10f7
fd2abafc
e6e8050e
f326f116
a511fce4
e7010402
025bb01d
01ea3617
ff40f80a
084f36e8
01f201e0
0a1fe7f7
0c2dd012
4702f011
b8fe310e
09f03821
4a0cee17
fb11d5fc
13c6030d
f5c5fc13
022526fb
f0fffef1
1b172ac8
07f82306
03e3f709
23d00bf1
04ea06b4
f7d209d1
08da1cf9
1e0117f5
072cccf0
042a091e
edf716f2
05f24910
14ffdf06
cad20fe1
2c0c452a
4bfeea00
070c9b34
0b17f7f2
c7e30d22
1df2e6ed
07d5051a
0fca1826
c2f8f30e
f6ff00fd
36020103
04f2f9de
c7ec2e18
133629cd
016cf816
46fbebc7
0a18fbdb
26011cfd
ca2b0422
fc053125
f814fef7
1b1beced
01060632
271101e0
11f500c0
dd01f60a
e9f02b02
fdeb30ed
1fdffcf5
28b5fcea
05c605ea
31ac1801
e1ebfcfb
cd030a10
16ff2fe8
022216eb
c79e0cfe
0ef6220d
dce503c4
2efe40cf
cb0ae6f7
0d01e7f3
04e71314
01defa14
49071bf9
1c0207f3
0c2bf629
b2da0b19
e9fd09fc
ea022719
0816dbdc
fe140ae2
5c5317f9
fed51c03
ed1ff237
1fea14df
2d1ef7db
db0221df
f2e4eeec
04072410
f6f3f6f6
0bfd000a
1709f705
d3d605ec
efe3fac5
c400dafe
0d270be7
ff170409
2d180beb
e8fe12f4
f702030d
0601ebfd
e6f8df22
bb0efb2d
2ce409e1
f9ec7b0c
fe2ccfd9
2feb0cf5
ae39ed08
0f22c5e4
06d92deb
1003f40f
de32072e
f62d2105
ec251afe
f91a11f9
031cf626
ac06f526
f408fced
ec03fefa
fbefff30
03121221
1bcce229
2b151703
0c00fd2d
00fa020b
f941f0f6
d6032604
dbdf1e28
0519051b
dcf500f6
17d201fc
05d9fb3c
f607ec02
cee6331b
c6fec4ff
1cdd0e16
f02bd319
ec08e315
ccf51733
c9470cd8
602b07e6
2833d009
36fff705
ebc7f9eb
0220d6f3
0bf5023c
03c3200d
0edaf4ed
ecd50122
f6e8ee34
4d001a04
23fd5515
011606ff
e5f00aff
dd084100
fc1cf720
efe8f202
01f7e3fa
0d051500
1fe3e635
05ebe7ff
be1a17ec
f3f80bfb
13c2f52f
fac8173d
c7091e04
1202f402
020de0fc
ffeff509
0be5f5ea
fcf54c06
03e5f7f1
02040722
f716ee37
d5000bff
e50b001c
02faecec
06111b04
ee2a10fa
fff9fdbf
d105e914
2bf4060b
da03cf0b
4d37ff0e
fb1c1cef
f2181040
fb2bedee
fdf6010f
e272db2b
fc2a6121
da021cf8
0e01c1ff
01f8abea
d4290a1e
132aebeb
1419f8fc
b1e9b4da
fb08c5a2
dc02be03
1cc3f71c
01ec1c01
0ef7f6ff
cf171f17
f8cc03d1
df4d05f9
210fd5d7
02ff0bf6
090861b9
04d51010
f8e81230
d924f5f1
ef0805eb
f72908e9
ebe2450c
06fce20d
f5d9cfde
0b012e06
6a4811f9
1e54281f
0705e3d9
f5f3d4f4
42080cdc
be01fefc
f120e118
02e60cfa
fb4e0a17
1a01d409
1afeeb07
000711fb
eaeffdde
34ff56f3
2b072ded
0828dee7
c2142109
2d010c01
0a221423
1d470cd2
f0040424
cf06f5f1
efe21cda
02e61104
11471009
e3021b2b
0c14fb25
e4f109fe
caf6510a
ff00ce00
05f6f104
02ff14ff
29040d1d
09bc0ae4
ef091921
3df31506
e4adedf7
fb04dafb
1324c281
0725cced
f6dc0217
e2a24fef
f81ef532
e317fbe0
d8e9fc42
f3f7ba26
0a10042b
eceab6fb
44db07f0
fed4e21d
b54c202f
2ded072b
ee19f721
c4ff2cf7
35dff7fd
00ef0fec
d1fff0fe
fb00150b
e50b0ef1
03e3de3a
f4bdd9e1
06fe1e01
331f0843
062cf805
15fe0320
34ee3a1e
fae1f412
f4100425
27e920d9
fd020d1b
09fbdfe3
fc0ce8ec
3405140a
29080cf9
f93aefd5
d2c2fc00
21fff328
f9fff0d2
e0a80003
05fbe7fa
09250f11
d81cd041
371106ef
eb1b3e1f
02f7e3a1
4401ff1a
da1b3006
02113605
f20c0ff3
ff08d036
10c2e608
0bdcf01e
fbfc35c9
ddfe140b
f0fbfbed
00f30127
48262211
13d6e603
1e11ea1d
c61def1f
02dece06
ce01ed09
11fa33d0
fbef00f1
f1fd0628
27dac6e6
02fa03ef
46fc03f1
10d1eadc
1604fdfc
c903c9f5
fae72600
e034e2f1
2aca5046
0800fb0c
0cde0bec
02df213c
1eff2e05
e6f224e4
0306e610
16f30b03
e3241519
fd4bfede
03edfbbd
e70ccaaf
06fc1f32
b5250c31
ff12b507
3e1e12db
e82c1bf5
edb90f48
dce5fcec
14083bf6
29fd0ffb
160f0b0e
0615f822
22fdfe18
09ed1909
0debf004
d8011005
310728b2
ea0c0c12
eff95d1a
f6fa2c3d
650ad22e
f8270a2a
cf601ec3
0817f9f5
2206f5ea
2802e9e4
2d08b717
ff0b0e13
f7f402e7
f4d7f9f4
0306ff36
fc212bf8
2afa10da
da010b0c
f111e30c
01f622fa
de002aef
0721fffb
2abbe022
9501f6bc
34f40ff0
1302d8e8
06f223da
030d2307
22fdf407
122bd6ec
0807fc07
94f6122a
fbebf0f3
15020701
28f63f25
00c20a00
2c03fad1
1ed50917
ef41fbf6
fdc40339
0234bdec
08001af5
d90e3b06
fffffc0f
db1dfc0e
06fede0e
12f2f7be
0013ee26
43d62bf0
02ffee09
11fef706
000542f5
2d0c0b0f
14e4fc0d
fdf9f32d
f0320bc9
3c05e9f0
e0fee102
1eaaeefc
fc091317
fce412ee
0b4301f1
02e3f853
143e2c5c
01e7e5fe
e701e102
e2e0bc13
fb2407ef
cff6f6f6
eee306fe
f02909e4
261f1e10
ef0d154a
2301281e
ed3af2e9
00d51bea
e1240c09
071706f3
df011824
2af22a05
fee018f1
25fefbeb
d71000f9
07ed1bfa
0b312107
081a0cee
1824e9e1
f422d29e
f7f5ca24
c9fed926
9dfae2e1
f5f0c914
0a03f3f1
f3c6f62b
f00002f7
e4fbdacc
cc05439b
3402f20b
b80401d6
fc23c822
07f101f5
ea2b2210
fd6df51b
bcfd00db
f1f90ae5
17fed501
21e30643
051719e5
02cf0b24
31c2ee34
0219dd38
d52007f7
f31422f6
fbfef8f9
ed1ed7ed
01ebdefc
0bf70501
1bf7ef07
19f2ef09
ed2e2523
e714dde3
d801edfd
d718ce14
04e2f00d
d5181011
0ef029c6
14120e21
44c512c6
00fd020b
06df040b
f6ed06f7
f303eb04
0101f500
13020efb
360be0f6
09030506
f52d0d1e
b50200fa
08f003e5
0b16480b
3611f908
e30cc904
0be101f2
e9ec1838
19230fde
81ff08ff
7fdc14fc
fd09c3ec
de0003f8
ea00e408
eaf6f92d
f622f404
06f045cc
150102fb
e8216f25
04252803
0bd2ec00
171c00ef
01180d12
d346daed
c10606c4
3d00eb04
251d54c8
ff05f020
d6e20cd7
d53800ef
ef2700f4
1be803e8
fbe4102c
4a02151a
e5dbf80f
f9d1c9ff
fed6f52b
01da0123
04e7f4d7
03ff073d
0d063915
db00ff17
df0fd42b
ffe298fd
fcaef52f
25b40c42
f2eeffd1
0afceee5
31e202e6
fd002fe4
3a0233f8
04e3e812
e4d517fc
fd281de7
fefe091a
e6341abc
cff41820
f800c011
00d2eaf2
02c02bf8
f401033f
0f18130c
e054fcea
3d0800d5
1bf0bafa
0501f01b
f801ea51
00fd0bfc
dfd0f7e6
38cf101a
ef06ffed
f759f209
dcb1f20a
140027f7
c31be0dd
0200fcf2
03080907
fa26f200
1bd0fee0
d5e00a21
120bbfc3
32f30490
b5fffc0c
e7effad5
f93592e1
aa0b1481
81b57f10
b8d9f3c8
2bedcc12
2500f907
182449d2
023016e7
20f81df7
065130eb
fedcfa55
c3e0ede2
e1f60c1c
f5fefbf3
e022f9d3
fe08d8d9
e0e102ff
ef30f20a
f5f011fe
365110e6
f11be8fb
2b024adf
f461c192
18da44e7
27ff0a7f
5262fa21
72add33c
afebbabc
4b1517ea
62014c00
0cee0404
fff5eafc
e09feb10
e0e40beb
ea4618d5
2ff5300f
b9cf1cec
fcfb0618
2e12f6c9
fbf0c2ff
e40ffdcc
d7d21023
e2170000
0d28f909
22f4d3e4
eb00f100
ecd82632
01ede50a
e3ccd7ec
02482821
f0270c1a
1c26ffb5
00f3eaca
c0032a06
d30e22ff
fd53deee
f0240203
d858eff9
0df3f103
cafef7e6
cd25f51c
d20204fa
02cfc602
ff0506f0
de05efff
042bb605
04f709d7
2eefebe9
41e3f6ef
f5e5c421
e3a6020c
0f1417ff
b92edde4
d13b11e8
031afc30
f10a2bf1
f9143b02
033600f3
0bfd00ed
dcf0ef04
10fb160e
10c90ff7
feef0520
080117df
d42d3201
1f3f3c0d
c80dff21
d107f7fd
c32dd7f1
dce81157
00ddfa0c
3cfe36e8
f1e70456
11fed1f1
0204fc04
de19e5fb
be16d103
25f3d8f6
0a18f70a
e503cec0
f7dfd10f
f603f128
2112fd0b
d0f405fa
1efcfaff
08132deb
f4edf404
e20b97f4
d02bc727
f41cecdf
2f0104f2
0ad1f000
161df512
142d1b20
04f3ff35
e90bbee3
453d0204
07e500e8
3ade010e
fc5edbfb
a923ebd2
2427eb06
f7ab06f3
f40120f2
f2192dff
dee4f139
111204e8
ff32f5fe
def5f206
e81fd2b7
0305fc1e
1502d408
eceb032a
e717f2f5
f5f902ed
05f4d701
291a13fb
22f61ba0
041100f3
2cfa5476
19e3e9fe
f8ce0c14
eb0d011b
15f61402
d60502f4
f10310e5
ffe3fefc
ea0ef7ff
f64225f5
fb2b0e01
dedbff12
d92b1ffc
0b2c0ffc
f39f2ac2
0331020f
3508f730
131519da
eff2150e
39f9ff0c
05f9fbf6
071d12df
e1ed280e
ff09050f
d51805d5
0bf7e0f3
0d030deb
20d900f1
07d51eff
130df7df
11360ccd
fee7ff01
d0011f0a
0538e716
f7f71420
fec2ffeb
180ae705
d6350b33
dd26fa07
0ed404f8
1d0ff4cc
1c081bf2
2f2bddf3
f1c505fe
bbb920f7
041ad437
0d042305
f41c002e
d0055ffd
0598aaff
e5ca32fd
46e20128
21121702
bddbfdd6
dbd9edd3
090bf5f8
e909e641
07d50902
e8183fa7
f1b7050f
14d026f8
05f3c6de
2a0ae712
0b15f7a9
3d1343ce
ed0b1c01
1f04dedc
d2fb0717
d810e6ec
f3fcb534
0d181bfe
2b1fdd0f
e77d16ef
3af2f70b
0df21ffc
012cfaf6
db361cfb
d42508e8
fefc0b14
ff12fde8
de0011f3
26103ae4
23fffce3
eee405d6
e0403202
01dbec09
0d2afc0f
04150005
f0ea18ef
295725f7
ef2f0c0d
0f06fd38
31001cfd
1b4420e7
27c72b0b
02d00659
0f11262f
e2ec1ee9
f6cce6e5
0ece02f4
32f3cef9
fcf008ea
19b01a11
f621f3f1
dbfee76c
d8d91416
1847fbff
1bc3fec9
be041a08
f710f6d5
e8003419
0aea04e9
0101e1ee
0003f60f
fc35fa02
0014000c
e2dcf605
b4ec0313
0afad6a4
0238fbfc
cf05eef4
cfe450f5
06f3e3f1
e8dd0407
a0143601
f9c6f9de
1022ede9
0731fc49
0901c715
212f13f5
d60af2be
df30021c
94eb1707
23111cf0
2e090d20
0a0308f5
10fdb3ef
f53102ea
063e20f3
1353021d
090c2501
2c1d0901
de0afbd8
fbe1feed
291013e2
39f30f1e
fe12f8eb
124400e7
0b811105
fa081911
0ec5dbe4
0beffff4
f20df1eb
20114bf6
f4f6ccb3
d224fe0a
0ff423f9
3b050a46
a84bf455
0530f621
33fcd1e9
01fed321
de1d16e4
f0f3012b
170506ff
fb28fde1
dc0effd0
fbd8f8d1
e3fa3b05
fcdce8fb
3823e718
171700fb
38d7d7fd
eaeaeccd
eafaf9f7
ff0401e0
0afc45d3
2d2f030c
abf509f0
dac005f6
3ed1f206
f9150b13
e6d90500
0df0f6d5
c21bf8de
e21026f4
fb2deac8
df010039
4409dffd
1729ea2e
b60d7ff3
030e0601
0d0170f1
07f6feff
fbefe8ea
1bedfee5
c0041004
e43515d4
e5dffccc
02f1051d
ec021209
f3eefb2c
f4f41f0b
0cfa000b
12e530ff
33cff602
df22cfe4
04160002
22022ff5
15f14909
00011211
0c32fe1c
1ec10eff
11e80439
0dfa50ff
05eef9dd
1ffefcd7
48f40bfe
f4f702e1
fdeffde4
00edfaff
62f002e8
161112b9
05fe0023
12f10e11
0dffe2f1
f55604ee
10dc030c
1ad70a0c
041c21f1
fa1cf9f2
0eca0cf5
3cf8beee
00f7c935
eb09fa1e
030bfef9
cecffe00
1cfbf5ea
f500080b
fe3608c2
22005145
2aecea03
ee264311
17e4fcf8
1cfe2dfc
f8e9fad2
b92ae940
f9f1fffc
f000d815
da192f27
f73e1b25
202705ff
05fc0604
d405dfbc
e63b18f6
feedf6e0
f6061ae2
04110509
feedfce3
f4fbfe12
1d2b0900
1b23080f
f5ffd3ad
011ff7e8
180745f6
15ce26d7
f71df9e9
111cff01
1a00fefe
ff0402fb
ed06ff14
fbff03c4
f3f4dfee
0dfa1dc8
df910020
fff303ee
0a1a2003
04ea20bf
f0fdab1d
fbfb01f6
defbd003
0c1d180e
fccef605
e1e10319
e3204605
21f009fd
fff810f8
03c800ef
ff00d7c8
44e6d7ee
23d41008
d7c4ff04
44e80302
f013190d
04160af2
0316f7e3
f10604d0
e704fd23
15fc2213
e9070600
e418fbf8
1af7e024
35d6f7e6
fb1f0110
c00e3122
2d060252
04da0722
f013fddb
1de649ff
2cd40122
cec90dc8
fd0cff0f
4d052619
ff283dcf
ebb507d8
ee2802d5
bd11e503
d8e5daff
0b3ddd18
00d70df9
d3f52d45
fc3dfede
1a3508ee
f1fd00f8
f4cee7fe
f3ede3e3
e7dbda01
ff020caf
1cfb0607
caf8cb12
c07f00fc
fbf201fc
ae0030fe
2b0d22fc
07f017c0
0209ff15
d508fa15
c719f5ed
cffce2dd
da1af7ee
fcfe0801
d70dd8e7
0d26edf9
0420f029
c6f22dd1
c83b2bd6
132cecde
250505f1
12f50f03
2dfe0fcc
2ee7d3f5
ff0ef14d
e30cb7f0
d9ad3a00
1224f5e6
f8f5ff3e
2de11e0d
2616044a
b51563e1
16eae9f1
03fef6c9
29b8a1fd
d31effe1
140bfdf6
0fe530fe
1113f405
0f2b1517
fcef05d1
e806c71d
06e6ef12
ece8f510
15e403ee
e2da00fc
e43521e9
1128d0fb
02f2ff06
11fde405
ce023fec
d7cbdf03
2b1a03f6
ee01ecfc
f0f20fd4
df300814
09fb08c4
fb044d2e
f2142402
db3308ea
f0f3fc0e
631219fb
cc31e231
fe8af51c
fa00022b
d80219bf
f3fe94ea
d93d34f1
fa04fc17
33e0f6fc
2cccfefd
f0182432
05c2fcec
f80e1b09
01f912f7
1914f0ec
190c0209
f9030005
01ffeb06
24f6ee10
0b1c022b
e2f119db
183028cd
f0d504fe
10f100f7
f8f5f1fc
06fbffcd
0ae90369
fa9aff3e
fc060a11
1a2b1919
d311f9f5
dc050219
a6fde901
f30eea2c
d6ccccf5
02e303be
08f632ef
ec00c204
41f81af9
214a07ef
08fa0dff
fb0ee904
f6f9d109
07210030
2c0bdb0f
d6fd03e9
2fdcf5f2
f1e2fef2
e63707fe
19f606e1
f2161bd8
fe18fd13
ff04230d
b8f7e135
f724ebf5
28f4fcea
5b1033fe
09e814e2
17361307
0412002f
f00a0f19
4efe1a3b
f5130bd9
f8e9fbf4
efb711f5
24fc02fa
090dc3fa
f708f814
fff9ef0c
faf9f7ce
30b8fef3
fb260028
ec300302
43f708c2
d8c9d9eb
0bc80515
2b05c506
d6eeb91b
23dedb10
f0ed00c9
d1e2e6ff
fc230430
e8faee26
0302fdde
06fb170c
a5111d14
00e1e7fe
00da01fe
f5fb0202
ff0420eb
040af10e
030900e2
fb00e6f2
5dd81618
c413e8f6
d5c9ff8f
37d93c0d
f60c38e2
fad7d942
0eff0110
f510433d
f8f41123
1f1526de
06f6011f
ec1402fd
02fe030d
f0e1fd09
02fcf513
de0ef2ee
fdf816fb
04b842f7
1322fc1b
1de8eb02
1ebaffd4
d3ed3ba6
0c2301c5
1d151c45
10e1250c
0bfcfb31
f6f3fc03
c4350bfd
09caebd5
23cbbd02
fe1e040d
4a006ec1
ff0af900
052f121a
072b0604
1800011a
0218ecf4
cc052203
19fce8e2
1a1504e1
edf9d3ff
ee201203
f1d5010e
03fdea00
e80ffff7
fb2ffec6
ffdf01f3
0dfb09e5
eec6edf2
33cf28c7
15d507f2
4b12efff
08d711c6
f9bdc3fe
0600fed2
08061aca
0fd7b610
d20f19fe
1ff302ff
05c31600
1c4229f0
093ff2f0
010efdd3
32012cf7
f9fef601
fefc02fa
ec00fc02
0400ffbe
fa02f6fb
03ff04fe
b0003a08
010405ff
bef7aef8
d7c3ef0b
05d00235
cc0a1a06
1feb04c4
2de438e7
fefefe20
2f041143
1fe9e2fe
e9d61ef8
f3c60412
15f9fb03
09e1f03f
ec1934f3
0cfd08e3
cffefa12
fe14f8e6
fcee01d4
033c01ef
16db2efe
1412f305
112f1503
0b090326
3a00ce4e
e91c3aea
cefcf814
fbf6fdd1
df1aeef0
dd16c7e9
e7e6e833
e4ddfc03
1dfff303
0eb7e1e6
c00a3b3b
efeb00fa
25213507
092926b9
24ee3a1c
1610f117
022224db
020bc9dc
4ae2e4ef
fd300167
4bf552ea
ae483732
cdedfcba
efb705e8
d4100fcb
d6d2c11c
de1c05f7
052b0212
f3fc0bfe
23ec0717
ecda2741
fee5eee7
0f06250b
0703fcff
00040003
fb07fcfa
fbfb03ff
f7fe12fd
fffd0303
05fbfc04
02fe0003
e3cf02f6
d2b22814
1106fdfc
cbe2f3ff
03f5d8f8
1a4f030c
f8fdff27
caffb63d
f420ee0f
3511f0fc
2032fd2d
e40b0cfd
f1f0f5d3
ebd4f211
f711cefa
ed0603e2
0aef0e0b
0a0cf746
1012f70c
011805f7
e9e1fa2f
d7d705d1
ffe80df5
1004f50a
e526b8cd
b64c0a19
d13cfbda
0efc1207
b0ca3004
0bf2202b
0acd0c1d
0cf52a3b
f2ba8122
bd0a2b67
c915f60c
dbe14c18
2c002da9
08d719b4
f8d826c6
2f812353
2506faf4
ffdc1810
0f0ffd16
1cf90704
0cf00cf0
ebd8190c
15f608f8
fc08270d
0c16f9d0
01e3fdf4
130001eb
f6f7f200
e3e303ee
1dd125d8
ff210016
f4f7fc46
dc000711
19f30537
ee1b030b
f6d8d700
2cd123dd
b14e35f7
fd18fb0f
e6070dd6
e856ffe1
01bffc00
e2ed00f3
f8083004
0b15fc04
ffabe706
02e5fde5
4bfddb3e
d8a495ce
3ef43d9c
ed81e890
9ecb121f
ef7f09f4
7fda0b4a
39e0e3f5
7ff90313
e4bacd0d
f2d60b0e
d003043e
59eb2f00
55071df2
f4b3c1f1
fb1a07e3
2af52cac
d9205bf1
28fd1204
123d0010
1e18fbfd
23f9071b
fc641e2a
03c9ff00
f3041020
2bf80e10
09f5f816
1d030015
1f011cfe
1412cee9
f203ebca
1af37a02
ff0625ef
00e6fef3
0a270fe8
ecdefe06
be61fa01
eb12fc3e
fd20332f
ff1203f8
faf10e1d
04e6233b
1e31f5e1
dff70111
14f0f103
fee0f84c
314de911
feee01c7
effbaf1a
24fbfbcf
120000f1
e20302c8
ed18f900
e5230e31
1911c6bf
ffbbfe11
1800e7cd
0317e5fd
18a3e7fd
ecd40109
05ab09ff
24fe27d6
0e382630
fc08072e
f1fc37fa
00fa00ff
02090405
f2fc02fa
f9040200
fc050afd
0006fc00
fdfbfe05
040102fe
17d13e00
f9f8fe22
e80705f2
01e2fbfd
14eaf0eb
15150310
01f403e6
51ff08ef
01fad824
36dff611
11f200d4
c6f7e500
30afb7be
b3db98fc
fd05fffe
3ef7e64e
1ec1eaea
0fb2f4d8
dbf3fd23
0e0228fb
feb60807
17f71202
0208f4cc
de11f9fb
c727efba
010bf8eb
f1b7fdee
dcf4fb00
d9f0e10c
f501c82b
fc35fe2a
f1f228e6
0a092519
012bf212
ec33fffd
2cf7d1e8
e6d936e1
c61efb0f
011e5303
1107dddb
f433c3d4
fbe5e00b
f80bfd11
acfed9fb
11e404ef
3729cdc3
fcfffcd4
190370fb
e007151b
3fe9fa05
03f9fdf9
18fade00
d800061b
051e040c
00fffa39
f6050932
fc1622e8
0a11fae8
051601f1
e2fffaff
0cf8e6e5
19e5d51f
fe080402
20e62d04
2ebbd50b
04d2223e
b4fb01d7
48392316
03f81531
e2fac105
0efb0001
a2f724fa
01283707
12e6ca0c
03a4004b
1a0cee04
edd4c714
134c3759
187feb43
1b14490e
00fffdfe
ff0009fc
e504f800
0ffafcce
ef01f9e9
02f9fefd
1d06eef2
ff42feff
1002b706
0d4107fd
05f8fe10
e205f9fb
df241200
f6d744ff
fcf102d9
f0fff01f
14f5df0c
ed14f6f7
fdd500f5
1bf71101
3011fb28
e7d0e0e1
02e5f9e2
d503f9eb
25f109f9
0434fefd
e518fd05
c804cf01
cbffee1f
03150d02
fcdbfe13
07edf7b9
16fa0aeb
14ef1824
f1f800fe
f3041400
bf01d903
1ac7083e
fde3f85d
20fe3a2f
fde7bd10
fe0edff6
100cfb2e
0aa107fe
7fd0f212
fa162b03
0451f7f6
2e123b8b
e2e5e72f
b60af6ea
d2f80010
16ce07fd
770b1736
fc07faff
04e8ffea
f6f80dd3
32351dfb
c8dc12f0
fefe02f0
19fa2d01
4c041c0b
08184bf9
00fdfc0e
bdff2b0a
40bbd502
e5471fde
ff39fee9
f316fc06
f8d8ed25
2c1e2bf5
00edfeca
ecfee82e
04d6fce8
ce0af8df
03db0500
e8db2f04
15f1090f
230c07e4
f7b705e8
1ff8fcb8
ae1deac6
d8e1fe1c
fbe401f5
e9f4db03
f733141c
de0fc21d
fec9f8e3
28ef27e0
f12afa09
ec0614bb
23f7fefe
fc00e3fa
2619ce13
fafeff07
01d80223
f7f4f4d0
dc1fcb00
ee22a2d0
1b53fde8
bcf611ff
29f20ff3
1ade05f1
04d10105
52fa0bd7
030bd3ee
e9c72621
e027fd0c
03d8fc03
30de0331
fb420611
00e40220
0bfed4d3
3019a881
d449a2e4
dee2fdd5
d71c7f02
102ffc47
22ba6b28
02430027
edf600f0
e613af04
d811eb1f
172102f8
7f2f2101
df1f1316
01fc220b
00fd03fb
04fdf910
d95ef63d
59225908
f2c4018a
01e03503
f437f8b3
2581fbc0
02a6fb04
430302d4
251edb0e
12f032fe
0128fbcc
0b38da07
0d14d55d
1a9fc7da
fbde0255
3d000d15
efe21301
331d3219
101001dc
1819d102
0513f8d0
ee2f14e8
f8e9030a
2606f5a3
0917f3fe
fa32fc21
f81cfd1c
46fa20fc
e8dd05e6
180036e0
fd0c0601
49002f01
5ee5c700
32251410
eeddfeea
d9caff04
0b102466
f55ccde2
fd3f0112
09080849
e4efdbdb
17dc1e13
0726ffc9
1909f8f9
e4f302f9
eaef1b0f
f31aff14
15f6e431
d4e8ef29
1349fc14
0220021b
1624cbff
ffee0d28
52ca0a4f
fde5030e
0df4cb39
eeddc9fe
2bffebe9
0a16fb0d
1b30dcfc
10e0c71b
fd062e32
fa130121
05f72c49
42431838
3029eb7f
162e0111
5d49b804
f9e70dcf
e601b0ca
05360aee
1504bd29
1dff35e7
1d05befd
10290119
1e1c2a01
aa09d9da
231be6cf
04ec07e8
ecfe2cfd
fa1e34f3
f2e7d414
fd1c0201
defcda01
1b110354
04ee0d0d
ffdaf689
0400c607
3cf4c115
de4a3633
d513ffd2
1ec11606
1f16fec2
07a31bb3
f9ed0881
18deba18
f115d00c
e8151309
ef0002f0
00151007
1b2cf5fb
16c356f5
011efc06
f318160f
38df1afd
f4f23604
e5fbfef0
28c61107
2ee414fb
ebae14ef
fbaf0113
3c08ceb1
e9b99b23
141be908
edf5fb42
0fe24005
3c183120
db36d2fc
03f801fd
2001c504
f5d2ecf2
070a0ff9
fb2000cb
1ecef004
e8f2f6fb
d14a07e2
02f004d4
1e0ed5ed
2feaf40b
ccc1110f
05e6ffee
34ecd8ff
4bf80bfd
13c72003
001c010d
1c031f04
c308430d
32fb0d2b
f4e5fee3
e129feff
0d0921fb
38c936d3
03dbfe08
bc00dc39
f0e0d3ff
e39bcff1
fd05fef3
d00ce1fe
18e12b98
d518e4ee
fe480108
df064c48
b7f014f9
ffac0011
140b0204
24ead506
2b1605f1
24072b2e
0607f7fa
e6faf0f5
2ac2e60d
4404cdf3
dadaff26
1be31402
2606e8cc
01e22fee
fbf300ea
2bffaa4d
35fa5739
ca06cc02
fbf0fffb
16edf7fe
16ff2b10
39f9f7fa
ffdffc18
d3050ebd
f1f45a0d
0ce609e6
f1dffe22
e8d8e502
15d8ecf8
3fdaf9f6
0213fe0f
ee01ea1c
1531df05
babe13f1
d51fffe2
3e250307
0df5f80f
ccabefd1
fe1f03b6
fcfdbcde
0b481642
24dd03d3
04e8032a
190517fe
fa0e0ee8
0237f4d2
fec0011f
3e07fb27
e0dddee7
15f0fcdd
f5050227
cb150304
0ceb13dd
c3fae1e5
0213f8f3
0200e8f0
fbf7dfff
e4dbf437
1100ffe8
fad7c9fb
0713f0fd
e8e6d9e4
fcfcfecc
b7fb1e52
f6e41516
d60c1323
040affbc
e006df04
ebf1fcf7
c72a0d3f
ff1103d5
c8fa0d1c
e8173bfe
fd3d1e13
19250209
f9df13fe
e0150bf4
e0dcdae3
ff95fde9
ec104c09
f4e4caeb
e924f2f4
15bb03de
d6eef60a
f138e41f
340c243a
0b0dfb07
cb0255f3
31011925
ff14edff
f81a01e8
d52547fc
f3e5cdfe
e5b725ca
f80cfb2e
f100e003
0c0c3d15
20d6eefa
e722fe09
e6f516ff
0d05dbdf
f1e4cf10
05ea0019
0bf505f0
25affbe4
04332f0d
0e0bfbea
f30d28ff
33100e3c
fefec438
f41bf435
28044314
9f022416
edcd12f9
06e3fdeb
f8150402
f8f3f929
e0ef1bff
00e8032e
f4f2eec4
03f003e8
b2fe14dd
04fcfef2
be220e04
f900e333
1adbff26
01f3fde6
fafaf7eb
22d40d04
eec5f00e
133e00eb
3103ec04
1d0121e5
2d212c0d
0002f756
d00feece
ec15dcf7
0ad9f718
0318fefc
df0fe8fc
00441ce4
fac6364e
fa0ffdfe
0606f400
f90005e9
07d240ee
100801cd
0afcf1f8
340af013
d907e8e3
fe1b042c
0f0b1916
0bdd1a0e
dcd1f9e8
fcd6fa25
1c00fd00
f817d4ea
fc0406e1
fee504bf
22e4180d
0201e110
cbd9f7d2
1903ff01
e514a7ff
ed330bdf
fd06dc2b
01bfff05
be091122
efe9c2e4
fd3a0c0a
ff1afe17
2127ef01
fb18f8cf
16479be2
0302072f
19fbaaed
352fc0f7
f73221e4
f41102fe
17e63101
100715d2
383a3017
fe3c0140
c20c4e02
2c233626
e7311365
0d1300e7
f50bde1f
beb90210
bfd90bda
2d24dd20
1ff84c35
a2cacddd
d1e3010f
0f3801f4
e8f3ed02
d81dfae1
e0c001ee
fd19fe00
e5fe4001
bdce2f16
ca07ec31
091ffef2
0af627fc
e804d803
56d6222a
fe27fa2e
f3041c2a
54e6f70f
21e70600
f8f700d1
f3d7edff
08240737
0b30ed0d
fef8ff37
d5fe0c00
03f397e5
f4e80409
2228fed7
ebfbeaff
d001f9fe
f7abd2d7
feedf5d3
f904503b
ea18fd13
e8410c19
212efdf3
ef3d0001
ceddd0d8
12f61c25
054b012a
080421f7
12b73e09
f5ce2fe9
fe5d03e8
eceaf705
daeffcb2
0416df01
011b0442
07fa03fe
e8e9f304
d509e1ff
ff0c020c
bff3fd03
d818ff11
394fadd2
fb19fecf
edfd091b
2e071009
203f180c
f834025e
db2612fe
fa110027
dee1ede4
010efb17
1e1ada14
d6dc3305
30faeefc
eb0afd02
cef5fa01
08050a4c
fd11f422
ffd70308
d1fc9407
eb3fe5f9
f4f11410
e20d01b0
d6d9f101
d3c712d2
15f1dad8
05130bd2
16f924fb
152208f6
eb0de825
090901e5
5a51ceff
c9ecf3f7
fbe316da
04190ab1
120864f6
d3cac41f
fef02014
e715fed5
510b40ff
dce0e4c2
0ccb0009
f9d50e34
fef0f426
e23d190a
1ffde5ff
0402032e
1c1c1d05
1d15ff27
f2e00e17
06d5030c
fd0e04f1
fa2ad8f5
2cfe1007
0e0301e5
cd141700
baea2217
eb10bff4
03e604c0
090516d4
150bd1fd
fcf03112
0f22fd33
0ac73702
44de10ff
f4100ae2
fcdf0bfc
e302f819
e93712fd
01ee1c18
e2ed01df
111704fd
f8041e04
25eb0b00
fffdffd4
11f8d71a
e7d301e5
05e525fe
d72ffef8
f02efcff
02ff1910
1cf1f620
040b0011
e7071605
02ff0309
13f006f1
e6f701f3
f82cfb01
f117f425
0ccf450c
05effff1
e9fd25ff
2f430818
11d405fc
0f1fff0d
01151702
13ce0c0f
cc02ebf1
04f6f012
f7fe1423
d61b1ec2
ec102fe1
0c3d04e0
04283aff
f0401138
aab8e912
fc110215
fcf8f9c9
1009d9dd
f9fb08e2
d30fffdc
22010603
111b14a3
d5e2e9fa
fe11020e
caf5bcee
ed080005
f7f3cc01
142a0036
13f0fcfe
451e0c3a
d75d0733
fff903f1
e5fbfce6
f20b21fb
dc331621
ebcd00fc
c9dee601
fe09e124
11e625bd
00f5fd04
28ea32ef
1be3ea21
e21b0618
e80405dd
283f0c07
1c0bfbec
08cfd539
f9060803
22f40506
f8110111
f55e17e4
c203fde3
eaff1109
ed0d0904
d0d3f0c0
0ccc0411
08ed04ec
2aed20dd
1e09f511
06f205dd
180c0efd
fd11063b
2f29c6f8
fbb206ba
25010d3a
4185ff26
28fb0c2e
164001dc
e7e9fd04
ba1804d7
c1122dfb
f70e04fa
06f9ecfe
1de904f2
f20efe1d
0df1fc1b
30aff9fa
e617f8fc
002eadb4
f9300111
01f1eec3
c930fd27
10dd22f5
ee3a0519
e010fbfc
34b31227
021229d3
fe110013
36062ed1
f8e2450c
f81ae7fb
b213ff15
47101001
c9081041
e868d23f
03e10046
29fa67bd
18c5030d
f7f203ed
05fff81c
e209fb01
13020617
ddfcfdeb
fb18f94a
e104a8eb
15f50af2
0614e2f1
0ee7fd33
f727ed02
d9bbdf43
2735c917
134204e6
a2125345
2a48fc1a
fb11fbdd
d4dc01ed
ef1205fd
2b110124
18270c6c
fb41ff13
d2fcc4eb
cff6f7fc
1b07d913
190efc04
05ec13ff
b30a0d2d
03e8c417
084707fa
c00ae22e
02f3dfe8
1ad9e620
e7e7fefe
ec05fdf8
01ebebdd
f030163a
fe15052c
d301f608
0813bedd
1c131119
15e901f5
f2fcdb00
d1e9eddd
1301eeec
040900a6
10031e38
eb0fec16
1a1226eb
040b06f6
0ff3fc22
e70841e7
0407f8d7
cdfc38eb
f50400f6
c83ffacd
0161ea30
07e005dd
c9c70a09
000a0e52
34fb2107
08effa10
e40c0191
f6ed39d5
2b3ae80f
ff05fc1b
f9e5ed04
14190dfe
002f16f4
0107ffe1
930391dc
f71f3b1f
f638f4ee
fa6d00f6
b92b0102
caebf419
da360410
083603f3
09f61e20
16d72a03
1036e105
38ff0439
18fee800
fef4fd3a
ed11e704
fff7f211
0604214b
d9c33ee6
fcf603fb
e5ffff2b
3edc2601
33010cc3
f81d1901
00340ee3
f5f710d7
21ee26da
1418d601
08f70218
2bc2defe
faceece8
110e100f
fd0b0411
1cfee63a
d7161f0c
b1c9f6eb
e0eefd03
01d41202
2704e82a
331c26f6
0560021b
1601cee0
00dbe804
09440a30
14ea050a
021f1900
f5f2fbba
30fc1216
fcdbfb32
f00ec713
3f16f1f8
daf71822
1eb0fd26
0cd9cffe
0e28110c
e3fc0ee9
fdc70eaa
110ebc10
19ade801
29150929
3529ffc5
322deafa
c9f0d9d3
e61619cc
f54c00e7
f3081f28
efb02ffb
d560ccf3
ee07ffe9
8c341c06
e41310c9
05bdb0f0
00b8032e
ef00343c
2bddf408
ef03eced
e9f4fee8
36051702
2bf6f239
01e73525
fbfcffef
01ffd9d8
d4ead3e3
010aeaed
f6e1fe11
d7e3e901
f10d0664
1c2b1822
023cfd0d
fefb0f03
f6bfd2d3
1efbd315
01ffff14
01f310fc
f43ee030
0a0cf0f4
05bcffe7
0bfb2039
ecf625ea
07d40b11
f40b011e
01cf3a03
faf9dfdf
2d34f101
06fefa2e
fa00b1e0
d1184f09
38e3e7f7
ea1300e3
da1b2105
33d915fc
48190311
0e0205e6
eee9e028
160bae22
ebaf071b
bcfcffec
01222e01
39390418
1ded2bd4
f623f1b5
1ff9f0ea
0cf832fd
2d0d1a27
0d99ffed
fe13c301
d4e608e9
102cd1dc
f702f101
ebf5dae6
ca1507f8
ddec0ed7
23f0f8f1
fd1723f7
cfe9edd2
db0eef05
f8120610
d504d61b
cd4cf912
21e5fe07
f6e80315
c7f5e9fc
04081223
16040618
04fbf6f1
130d0411
0ad0fff6
1d521b27
e3f80010
f22513f6
00f519fb
0a0058f7
f802f626
290d11d1
f3f8ed08
0e1b0726
f8e50621
b81813ff
ecd9c931
fbdb0eef
f715f5f9
49f46938
277fec31
ec37f205
fc0dffe2
040dde0a
eff8f7ee
10131b2f
0b06efd6
f609e6d0
fac8f1d1
ead506cd
14f20320
f151d600
19fff13c
3d1e32f1
05fa0043
f407efc3
39f2eee5
0cbde825
ea2affe9
db74f506
32b8e1da
1fc2d6b7
07d911d8
02f38236
f833f5ec
033de2e1
c80f013f
0e309b01
20f8defd
4505d52f
05c504e7
2cfbd3f2
470e6107
fecc1d28
de0dfc08
100c0001
3f190830
10de3920
0b0b0223
e9f144be
1d2eefff
d51581cd
574c1126
0b02f230
ad2eff11
d313ce19
391dd931
e506c1f3
fedc07fe
21c717fe
ec2507f9
370f0bfe
2ee0111d
130b132f
f603f81a
a0f8f8e2
1af6f103
222d2e38
18230516
e0122102
0cebf824
fcf5f9e2
0be512f5
1ef6c305
1c2d0e0e
e2dec7fe
000ff8e3
cf33e7f9
f703fdf7
04fe9c3d
ed06ffe1
29fa0b17
aaecf529
edb3c4e9
0ee005cf
c3522801
22f9140a
3efcea14
012dfded
d3f8af1b
46eef81a
df49e215
e3d70603
ee1f3f09
ccf62827
0aa1ffc5
0d39f636
1c0821ef
0304f5f6
b4f1ffdd
1bfe0100
0c04f4fb
30f9f73e
0038d100
fc01fa2e
fefc4717
09f8e003
e3d8e426
030cfbfc
2b15df01
d52007ef
f5e8d4fa
fefbfefa
eafd3d18
09252f02
ed2d03e2
e41efbf9
d5f5f001
31f3f608
df6011c4
00b7ece3
02fc0b0d
d824f1e0
09e723f2
15d601bb
fcf5db02
20e7fdfb
ff10ec4b
fe33090e
2df70e31
18ecc90a
0f22fd0e
301b00eb
3117daff
35160feb
b10ceff5
f2e3fc2b
b0f1a73f
03ed2a1a
fde4d8de
f9f4fa1b
c2120101
f6dd0518
203e0d18
090af72a
05031837
fb081e0c
0906e5e7
cb1000fb
1f1c1d02
e0fc04f5
1524e621
fcf1f7fd
1ef432fa
04204bcb
1206311f
e63cfd2d
c5201904
ba000602
13d6ef13
0013fa0b
f1e51bed
1ceacf28
3fc4e10a
df20fe11
d80c3c02
dfe5e509
f9da1100
fb0f043a
fefad3a6
070bd6ee
4703dee8
04eb09dd
1a210a05
0cdb11d6
f1ebb7eb
0b06f635
e00ad7f9
0d0602eb
f557f813
d6e2031b
f8c1ebff
243eee2f
e7040de5
0024fced
35f2c8ab
ef546216
35cb37d4
03fc0422
0c2eaffa
fbce13a2
0dc71131
ffd3f71e
f7fd56f5
01fbf500
f021ec09
000f023e
cf23fc01
2109170d
29e40c09
ffe6ff01
08094f36
25d44be9
d7e2d2e3
3ceb05e2
0a2104f4
07211638
ed1dee0d
e4ef0ae2
fa0ea8f7
080fe427
c825012a
e305021f
eceb0efa
e60307db
eb3ef21b
fb0c0a25
f7fa24f0
dff9b9f4
f424f7a2
00f80af2
d70608eb
ed36fcee
3d160e1e
f52e3c41
eb17af16
201344ee
040ce9f2
1100fcf4
c01af705
b6cde2f1
cf2c08fe
03e0f4e1
e3fe2779
f7fff609
f835fc15
14f5fe3b
11ffedfd
f0de2407
ef00dd01
fcfe07e0
d504e47c
df38fce7
f803f40b
ed0b09f5
c721e40d
d98fd5ef
d708c61c
2e1b2bfa
e6071e19
cc1be7dd
e705e1ea
1bebfee5
11081003
ccfefaf7
0abafa23
01fcede9
1904fc26
fa02fcf2
25faff40
152100ce
dbe20ffc
d916f5c5
29f50a07
f92afe06
5d01d8e4
e308f4ff
f5fa12da
f715fff1
f2fffa01
e83f0116
e73ef934
01060318
0c0419f9
0dffe7f0
ecb707cd
f4030606
fd1fe903
41e5e1f1
1cf7432d
fe3e0215
ccfbe706
040cc3fe
c81ae7ee
0c2000df
050109cb
edf5ebda
f5f0f4f1
9524dc15
f8f3f731
34f0140b
2ae3ea11
000402f1
00e71106
f9f6ea2c
2a4f1815
100b05f8
f40442e5
210d2007
d7380231
e034fd15
38ea3705
18f92505
e80de523
fed706e8
2bf291ea
02065c19
fbcf000e
0dc7ff0d
e0f61a03
f415fef9
f4f71ba3
05fdf640
1f0db929
2fe504ef
d004fdee
2500040c
05e4f305
2bfbf60f
eb0aff1d
0900f7bf
f011e8fb
00fcd8f8
fa35f7fb
eaf20102
2cf1f7f1
faf520fb
0723f0f8
c1fda6da
fef0e603
0d0b0c09
52f80ae3
fa30ffec
1d26edfb
f808f8e0
daa1e60b
f7e1020c
0ffc111a
04f80202
fe060605
f9fd04fe
01fa0010
01fdf902
000003fc
3ffd7ffc
020a08fe
24f046e9
2ebaf2e5
dc03070b
f0291f0c
07fb10ec
042e1bcf
0e02f924
f20226fa
36e83bf3
f8310df9
0112fef6
02cb0506
1ef7ee0c
19f7f2f0
0e14fef8
1ff812f9
ea17d9e1
1915d80c
24470425
4d15e109
fd1dd9d3
013efd15
1306f4fc
e1fdb2ef
e810e5d2
d10aea14
c8fffff4
1df309ff
edd706fc
0cd9f2f2
fcfb10ed
27faf0fd
d926e12d
0515ec38
e9de00e9
0efc1401
eaf0fae8
f42e3c34
01baf9cd
cb0213ae
1ec82be8
f8db1c3a
c6fdfec7
e8031bfc
dffd1dfe
14cd300a
f6d8fad1
0ef22b17
eee9f620
26e0caef
dde600fa
bdf710f2
bbfb1011
06022524
f2140016
f804c927
17e9d5e1
08e400f0
db2cffd8
facce4fb
fb12f6d9
07f42cf3
f412fef0
c400f91d
cee41a34
e7c306f0
13e301e4
300a19fe
30e2f4dc
42e0f2f9
03c4ffdf
0c060ae3
1df41606
15b706d5
f51bfb0a
1b270704
1b1b23f1
04f71610
02100619
d9f1d4f1
c3090eff
2d0fff54
dce9010e
1a02f6fe
e9f0fd4c
22a62e06
02d70141
c704f9de
46113eeb
0e0e4823
f21201e8
0a31ec00
35281f0b
c5b4caf8
fd3500d1
f6fdde40
06fd53f8
fbf60de0
fbfa00ed
511206ff
10320b47
223febcf
042006fd
1b09282b
f812fd33
fb330808
e5e201ed
2addf505
f9251408
da23fe08
04fbfd0e
e3fd1108
02e00dff
0ee3dd0b
0bbdfe1d
2821fe02
d9f8f510
fbb4ee19
04e40413
01fff6de
0519d80d
1e1f020b
160d0026
fae5e303
e8dfd615
358d22d4
06b50448
aa110703
0113f7fa
14f9fcdd
06f5bb09
02f7027f
1b03d815
08e3f902
81f91610
192443ff
f000ee2b
ddeff50f
09e3fcfa
2743e004
1308f412
06500c0a
0203fc2c
d9f431e2
0eb6ac19
1418ff09
02e1fd0f
c0e404fe
140af115
e00ef4fd
0224092a
070408e2
e9160fcc
23e234c1
1907f915
660fdf03
ff33f6e2
11531ece
ffd9ff4f
dcebf9e4
05000ff2
2de1e41c
f320fdc3
f102ec01
174201ea
11294114
000dff24
17f4df81
7ed3b10c
d30d0f18
f704fec7
2d27de02
de1a061d
1bd24cc5
001d01ce
e4f7f52d
dbfdf4f1
fc0c040d
f2f90321
fdea25f6
dc05f50d
012a0304
fe081007
fc091bfc
e81602ff
09e0e41b
d6e800c9
0ae1e5fe
e6f51805
20afd4f4
0323002f
f9f6f3d7
20ed1c2b
cfda2b1f
291c04cd
05c9ff00
2fed223d
0112f1ec
fe0d030d
130f54f9
0fdcf1f4
f8d3ec49
e0f80460
e83b26fe
b4f6ec09
fce3380e
0721f3eb
461dff19
da05e102
04e3baf8
e02efef2
24dfcd02
1908fe0e
ee3115ef
06220bf4
f50308cc
f7ccfc08
e325ed04
f5070107
f0eff2fc
e0ebef3e
1afce9fb
07f3060c
06f9d3d9
03ffe0e1
f8d11e0e
3132ff2b
ef0f20fb
b8e1facc
11eff7db
fcbd03e2
fefceb19
ea0af916
37e60526
2b13030e
62ea99ff
0b0aff03
fee34b07
ffe8030f
f4ff2216
e73a4534
7f19d909
0a00fffd
0d2bdcfb
442505e8
f3f8f944
ff0bec34
ec0ff54b
d1fcfd09
e7310ff3
ecfafff7
1ddcfa00
3edc17f2
b512fecc
fde8feb5
fa06f9d2
2a0c01fa
0d4800f5
21cc012d
ebf4f204
de0d1104
0fe7f310
06c0fcef
eefbb6f9
3606dd05
0f24e5f2
f9b800f3
14011afe
31e4f924
17dfb4cc
0211f803
0f0d6604
1614fd07
33ea0cf9
072bfe2e
b712eafe
03fe031e
fcfe5514
0048fef2
190022d6
04e7f2a8
d615ecff
2d1bff3f
f300e9f3
0ad5ede6
30de0e17
f1b7fd01
1d033817
f80add1c
29d20320
0722000a
f91f0df7
09e4f4cc
30f40af1
01f5fe11
64ff22f6
42ef3140
e7d517fa
0df502dc
b00b3201
49fe2481
270b2122
f6e40583
2ef9e8dc
c307f722
06fcf6e5
e9d1fef8
04e7f0fd
1c1a0f0a
f81bee07
fdf00229
f4fb1ed2
ed13fcd8
f6b81deb
1706001b
ff23ff00
f5f4f307
ed10ee00
01caff0c
30f7fad7
1cd8f3e9
daf60ae6
ee22ffe1
d3e91300
ef27fbec
15e90700
04e7fa16
fcf90133
05e5c412
e929d7f8
eaeafe17
3121ccfe
f5d918f9
09f4fcf3
fad6fa0e
e4fb28f6
241be304
fcfdeddb
44220016
0ef0e40c
00ef01e6
f0fab9ec
053ae114
fa0081f6
d2fcc4cf
bb0402e8
01c1fb0d
f443db01
1703eefa
c31729e1
002e05d5
e9e8d414
c3190efc
ff1d360b
25ee0212
e1eedafd
0dcff6f0
e2cedc2f
090f00cc
0c0913ff
f0ad220a
31d0f013
18fa05f9
e314fb02
fad6070f
0696fb24
08bc000d
2106fcfc
00f0f6e0
0420033b
060f01af
d304fd03
f0c50fde
fd1dc9b9
fdf202c1
f1e1c164
ee142713
c8e625ee
ebedfefe
400202fd
07f70618
f1d9e105
050efa12
06f7d030
1b141305
0910fbe9
06f6000f
0ed316fd
1f0a13e1
d6d2f01b
030efefa
faf8e61d
e511d0de
00d3ec03
351d02e1
e502e601
f7ea0319
1f1e081f
0823fe02
09041d38
f415ef01
1e431df0
0002fe2a
1bc92f00
f3000f02
1bbdc6da
050401d5
f7f7482f
1fe4fbf1
ed06ec02
02fdfffd
fd9dd200
e3101432
e609ed16
01f9011e
01f7f6f6
de3bce08
12300bed
d69bffe8
e4e91cfa
ffffddda
f40012fb
fbbe0400
ecf9fb0e
f9341002
ddf6f40b
ea1bfb23
ccd9d1fa
f608e947
1c1201e2
fd36f3f1
d406fcfa
0b180f19
0039fef6
d4eefd05
b9e0de02
11f0042d
d62b1cc5
f7fa000d
18efedc2
07f418d5
42f217e1
d91d03e6
cbf1e306
00f716d8
281c00eb
fdd4f4e1
effdf3e8
bd0f2eff
de10aec8
ff18fdba
15f50ffc
e0e72fb9
064def41
0818f101
011652ec
2300d3d1
320d0ef1
195202d8
d118f8fe
30ff0512
44e2120f
fff3fe20
e6fb010a
1dd0170a
f2031532
f3bcfd58
1efb1100
f7e7ff0a
1c0f3dbf
051ffcbe
eaf10331
ed141ae9
07030200
e1cbfffc
26c6bd03
0a1815e4
292dcd20
032bf81b
ecf30a44
36a7f615
2824fd0d
05ac0317
fff03902
113e0ee7
ecdbc6f4
02ee00cc
a8100213
042cc804
0f0636ee
fd35fae4
d1e90b00
11d00704
e9163015
00aef508
1e040beb
2d10d9ee
060e351c
c112f981
66011402
211d24ca
05279ebe
ebd113b7
09c4e5ff
fd060804
ed25e208
dbe3ff14
14e72703
f6fe150b
0b29f4bf
00bcfe22
db0a1ffe
1cfc16e1
1007100c
17b30003
6d04c400
f6012430
e6fdd400
01030228
3810092a
eaf101cc
23fa0d20
41e60113
050b0cfd
02ecebcf
19d85004
fff50c24
eff636e7
3706111c
23023161
e133fc33
1b2af300
13e70b09
d42ce0d4
fdfdc70c
f300420e
bd250ddf
42ca0307
160e020e
faeafc01
d3fc1c03
ecda1720
0613ff31
effc2247
cb140e1e
131b20f3
e0b40104
de11f104
e7d8eee8
f516dc17
0308f6f2
fcf2c328
e40404e7
cc1ad509
03c0fbe0
1d1ccafc
2bfffd0e
15d2dfb2
fd04ffaf
3af9020b
044111e6
150f000c
10d0feea
a0fdf7fd
200405b3
155f3eda
fddc02d7
26fbd32c
0721e132
e808fdfb
eedd011c
011a0efa
330b0b2b
9ee946b0
ff04060b
18fadfe1
f8f8f90b
09d5351d
002bfdf9
d70bd702
b7e4d0df
02e3f8ca
012708c0
2ff78e19
ff2f2b30
31e9f4fe
ddfaf928
18dbd1f8
0d14fc09
2e020d37
024500ef
e9f83f01
a1554251
200e1413
2b0a00f7
49e6b6fd
421ae9fe
aee396db
f35c073d
df06d3d8
d1fc4108
ffdb17da
1b1e01e4
2712f802
c908f1d5
fffd1620
01120035
0901f506
07f331fc
0c0601e2
192201f7
ebf3e700
420ffed3
e427f57f
050bfd04
f6fe14d4
5e28f317
1cd4fa17
2b0d0303
dbd413ff
e60fef0f
fedbde0f
ffd807ff
3406ffb9
d61db6f9
fef00aef
e903ff12
ddb83100
0700fb52
090f15f5
04ee053c
28fb4409
f838e002
072fbf05
d7fffaf4
0c0a2301
dd30f312
fc0c1408
03fbffe5
11f697c0
e51c0c16
2ef30f0c
fed903f1
23182706
dcf2f4f6
e2380e31
08f8ff12
0f03e50a
0321f612
0aaf23d1
e90efff2
37e1f4ff
470208f7
16ec0d26
fe1ffe06
63f9bffd
0e191bf9
e5fdfd09
ee0801ff
16f9c7ff
f80bef16
e202d6ed
fc2cfdc5
05f1d943
ce1a3efc
0f281120
e64601f2
d9f11b03
3cecf12e
fc09190b
ff23001f
39063101
0dfbe412
1ed1ea01
082e02f8
ffd7c0fb
c9f32308
f051f94d
0307fefd
0902d717
22db181b
fb17e535
d906fd10
13d10dfb
ef2ff702
03f3960b
fbdc09dc
05f0e9fc
d1fa3df6
dbf5c605
10f6fdc5
f611ecfd
ea09e865
d4ea2407
ff0f010a
2df0f8e0
fe16f6f4
fdf041d8
10fcfe30
e60df000
ca3127ed
e0071551
073bfe03
b70cf9e9
e3f7f21d
1f0705e6
10fb0000
d106e0fc
fdf8f90f
1bf41b0c
05f3fd21
22fc181e
e7ff2e0c
defc14df
0c000009
3509ddfe
041fd110
05751731
04effd70
c50accff
0b0ff700
f5f9faf2
f7fd7f0a
fffd072d
1007fb02
fbfb00ff
c7f806fe
03040905
24274cd8
14030af3
130ffff1
2de0f800
060ef71f
f4d4ed15
000df911
270be510
f8e5074a
fdef0909
f7e4fff9
14f1f603
1bef24b5
2f102fdb
fc0200df
0104d5ec
f909251c
0519e9fd
13f800e0
283a2303
f90bec0d
2d0ecadf
04f40401
b9050a2b
1610c0f3
e22fe1cc
12f9ff3e
37061c00
28cf1413
d7e512eb
fab7fdfc
1f07e61a
511c0818
148ffef7
00f100e8
0f0df7fc
e919ddc5
14d415f8
000802ce
f7f0a403
10f6ff07
01bbeb10
da150001
001b25fa
dc0af813
422ac2b6
0124ff3e
26fb1fd4
ac170af2
14150df1
fbd5002a
f409d0fc
df200518
f4eeacf6
00edfab7
f109190e
f4ce04f5
e9dc00f9
0ff703d8
0dd11a03
39eb2d87
ed0cecce
000004ad
e902e247
f337dbfb
23b31c2a
150102e6
38d7e7fc
e0faef0e
ebdc41ec
00c5fd02
0efefa15
2ad7191e
03baee0f
f2f5fff5
01dbbdff
f3fff9fe
d7c0da16
fffe06eb
2dff1dee
ebe64fe6
17edf5ec
7fc8fd65
e50d2602
8adc7f27
19231c34
e7631bbf
0fcbd0cd
f7ffeff8
e5de0f09
070eff1d
0af2cf03
2cd2171d
15f7004f
050e0225
d8fe28cd
1fcecffb
f0b1f343
d50dfec9
5007dc01
e40f2326
e0e1061d
ff29fde1
02080ff4
811df40f
4a03f3da
13d7fee6
b8e9d2f9
bc18ea70
434d1f5d
1f03dd38
073f6da2
e0d6f20c
e3e90528
1c0b01fe
f6f3fdff
3ad2deef
f9b3e4c0
003902f1
fe0bfeec
48f7d32d
011c4c2e
030400ea
f8f62303
02f41aa2
0c163be6
fde20806
e3f917f8
08a50934
18f70bf4
0ce8fe01
58fec6ff
0709f114
0c12fff4
02e90136
f30cff1c
0211f5fc
0d39e321
2a2b00d1
fc1fd1fa
e22100f6
16223209
f6d0ffd5
f401e5c6
044b0e2f
f8172512
efedfff1
0b44f200
1edbfebe
4b3c1d00
00f800bf
090038df
fbf4fd19
f4ecff1d
c0fe1f01
0d03edf2
0de6c0fc
20f1bc0a
fbfad6fa
f5073b4f
07fbfcee
0d0601e9
191af816
f4fddee4
09dae8f1
28180704
eafffa12
05fdd701
f04ffffc
ec000616
e3ed14e8
eb01f0e0
0408d60d
e9ea01fe
f7d1e3ec
ea09fbdf
1afbfe25
f406ffca
263002ee
0000f2e2
4326d503
0bf8ccf5
fef0e4de
fa0d5710
12b502dc
2b09ffe7
ce0c22f8
fdfff409
e93ae4fb
f20ce7f3
0019f7f8
db02e204
04eb0418
1922fa00
f10f16f8
07000c11
dd241704
d40b0b0e
1af9f5e7
12fefd4a
100bff35
14d70415
63e4bb01
ef08c73b
f8af0af2
fbeb13be
f4f2130f
e3003d10
ea05fc27
001b0c19
2008e935
fcfdcf0e
06d715fb
01f2f6f0
e8071c0c
57f72cf9
00f402f9
ffeafb0c
fc31e508
fd010ad4
1e06f20f
0ce0cfee
11f4f1f2
daff02e3
03f3ff04
090b04f3
f405ea17
f60309f9
ea0505fc
120af80b
ffd60509
f11004eb
0505fd16
cf030311
1cfc0002
fd06d8d4
dfff1703
f3fb4ef8
ff2c0916
0503d3f6
26ff031a
ee0bfa05
1800e206
1e050a08
c5c122ff
c40ff02d
0fe3f4f9
ea0901a6
00cffcf0
edfaff0b
f5f4dc00
0100cf11
06d6fc0f
fafce33f
ed0b010d
0bfa23f1
f522fc1a
00fa070e
10fa01eb
03fdddfd
ec13d1f2
0af114ce
feeb03e0
1403fc22
0ff4fe08
e51affcf
4ff71001
f109bfed
12231111
20f2e414
08f4082a
f2083516
24e1fbfe
111104e4
3a18c011
fafd14eb
e4fb16e4
1755bbe5
ef2ae5e1
ea0443ee
f61803ec
ebb4e4f9
efeff9d3
2e074e20
06ffd619
e301eccd
2ef515ec
2608130f
fcd8e520
ce1bfdfd
350323fe
072bc7cc
27fc0af3
fcffe902
12f3fa01
0e7f0130
0c240409
f60c00ea
0df1fc08
0902f5fa
f40800ff
0c180f2f
010cee09
1602160c
fef2fd17
c915fe01
1addecd7
fffdfee7
ffec0f0a
1512e72c
e917ee0f
04e40a1a
011200f0
ef2402d0
ef082600
fe02f110
18d0cc0f
062c030f
04dd36f3
defaf7f3
fcfb0100
38fc0206
161f0b03
0f0021a7
0f0bd00a
dc1c14d6
060dd3ee
e90557ff
fce3f9f7
10f305d4
0612de08
ebfdd9fe
fd13170d
ec13080d
e42fe9f5
e00514dc
f126fe1b
0b30ff09
ea0cd7e6
f8000703
230ccdfc
03d4b12d
01121d1c
52fd02da
1916fb01
2dd0fefe
09ff16e7
04020e18
fc0414f8
1ced1400
f6220307
060adbe3
0ce5011a
1d02fff5
24e0c7f6
eefeec0e
011a22f4
fa491c11
0821061b
f000ecee
f0ba02fa
140c021a
fcfacd17
0aff1dd7
1e3b0ef9
f5341f32
0c12fc33
30032e06
1724fbf8
0aff03d3
eb050422
f500d70f
cf3f01f9
eae4eef7
fc0fe906
ed0b0de1
e967fcf5
f208fa22
42082106
f705eb0d
0e30fe02
e10affd4
000b18e1
d30b22e6
fefafd1a
edf30230
0beef6f3
f7fcfa21
f71c0afa
f2421126
eb010609
effe2cf9
f1120011
f9f7fc04
0bfc300a
0ffffd21
4311060c
0ff7200c
fefe16f7
f201ec0b
fd4a01ea
091f020f
35eb031b
0c0007f1
d1fb060d
f719e508
18ca011a
ee0d1b0a
03f3fef1
fdf50212
36f1290a
060307c2
f4da110d
3b2ac7cf
f6f603fb
ad0e141b
fada00e0
15000324
16f70104
13fbfae4
0a3a1af8
1a00092a
f63af5ce
eafb43e4
ed3afce2
d900fa04
0bfac9f8
e802fbfa
2e0804fe
e2d3dd01
00ed130b
d7fede51
0761fbe0
083600f8
27191708
0bfef239
142b170a
f10c09f8
f8f11a10
8a06d110
ed0dfc0c
f001017f
3921deea
ffffd849
11e529ee
28d1bffa
edddeaf4
2efceafc
0aeaf9b1
19f90226
be0da8a3
f0fee701
2ea0fbeb
e5fafa13
07d00b11
f80ae16b
f01e0016
ede4fe24
c6052709
1601040e
f8f3fc00
f80e192a
06e7f5fa
06f9f1f6
f42704f0
ef11ff36
25e8ced3
f2fdf825
ff1b1af8
e729010a
0116d531
44fcf01e
f21dfd1a
e4f601ef
fc14fed3
fcfb1317
f4cd2201
13f65e05
04050024
3402ba09
0a01010a
eb0bfbff
4d06ef0b
fa000fd5
d52b1cef
01e82003
07f6fae4
0f0312fa
fa03fee9
fd0fff27
1eeae710
fdfffe38
f90b0307
def225c4
f40814f5
fe010ed2
fd1301f7
eae006e3
050941eb
f2ff3016
0ef1e315
d514d9fc
1af80ede
3a0c0fdc
ff1b00fd
0918fd19
faeb0efd
f5fd0de6
f502ccf5
fdd6f2ca
feed2918
0002da28
38fbfc1d
16f2fa2a
edf7e237
deffe9e3
1a95fe0d
0be6d7ef
02fe11ed
c101160a
efee02d6
20db03cf
06f9292b
ff03d5eb
0c0f0c13
331cc7e7
fdd91ce8
f300ee6d
e90602e8
06defce9
93ded900
f8fc05d4
45fef2fe
22fb040d
ff112a48
4afaf8d8
fe2002fd
ebed00f4
dee714f7
0cff07ee
baeb050e
fffcea32
031022f0
31feeccf
0a17fbd7
e9faf8a4
e40101f6
f80224f4
0a2a1303
ed100b34
f3ff15fb
ed01f51b
03fbff33
260ffc00
e406f314
1904ee04
f5dc09f3
12c2f7f3
faed03c5
cfffd6eb
0817f9db
f7e20311
2cfd37fe
fc03efd4
110f14f9
fbdd230a
f612f4d1
0e08d719
f4a0fda1
0f1703e8
27fd2a1e
f3fbebe5
d63aeefa
06f6c7df
fe16be07
02072fee
1cdbf5d1
1717fb06
e011d623
e9f2d1fd
1bdb16f5
1e2bb907
09f9f8cb
e3092929
04d802e6
18f8fcca
d2f5f0ed
fe030105
f3e61205
0b0503ef
0901f603
d80dd1f7
0926010e
0e0ffc12
1d060ffa
09fa22fb
e7eadc02
221cfceb
eef90310
e2fd2924
f9fe00c9
16fafcec
0608d6fa
eb00ee04
3427effe
f2e5bf3c
00e0e3fb
4a04eb0b
fbc40207
e8feff00
2109fe01
f8020606
df04cc0d
f219f00e
f7031a38
fa05120f
1ad0fff5
ebfffdf6
d60a08f4
1d0411e5
ea2711eb
fbdebc05
fc01e0dc
f0ff0935
1109fdf3
e104feec
280d08da
0dfadfc5
18d70504
0b081219
eafbf302
e5f11034
09cffced
0604f64d
fd1ccde2
040018ca
f10328e7
d34ea607
ef12ef2a
58021521
19f0fa2b
fef9fce9
da270708
16fefae4
dd15f1fd
10f2131e
eee4f3e8
e2fcd5cf
0219fe11
db0efcde
e4efc1eb
fe01fceb
ee0b1802
ffcedb0b
0023ea21
3d00e9df
09cbfff2
ecf300eb
26f7e2ec
fc0605e7
ce240bfc
1bf6fb05
fd1ad814
3c05d1fa
ff0f01e9
ce12ffcf
0e082001
f5fedcf0
e50efb09
fbea0b01
f9f0fd32
13f60b11
32eefee7
f100f214
191cfd2e
fd05e8d9
fbfc2207
27f9cae5
f00f1ef7
f1feb1eb
fffdff07
ffdefef0
4408f8ed
fc0209e4
2bf507fd
0e1f3412
0cfadfe6
f402eff3
efd80018
f311fce4
f2dffa00
0afc2811
e9e82b05
0dd11f14
fb1902e7
2df8d6eb
250bfcff
e5f5ffe0
c5faedfc
0900fe03
f4172901
061632cd
fcdcfee4
20f71f07
12e7fd15
dccf0073
a6039c09
fbfc164f
d60ce702
f00ce62b
07e71b38
280b78b6
e3dcff0d
0bfb01f0
360be7f8
fd03edfa
07faf9fb
f3f7df05
00f0c9f2
0907ee33
ecedfbf4
0ff30c12
01d6db0d
0704002d
2efa0008
05fd0cc5
fe060804
fc22c8b5
f759fc22
ebd0fefc
f6f31f15
e900dc27
fb11f10b
1a0c27d7
e8e9ff14
b2ef070e
1ad0ff35
2ff3a7fc
5bf5ac25
19ece127
e612db3e
1afa1ee2
38251f22
c2010b12
f820fe16
0f05fe28
def819ef
0700f4dc
eee903f5
ed2c05d6
faed2408
e6f6d91c
f8420003
faf4fd0e
f802d1ef
14ff295d
00c6f207
16dc0126
071e0408
f905ed00
08d9fee5
ff0dfff2
e616ce01
00fbd302
14322cf8
ee0f4514
f202fc37
bef9170d
ff0a41f9
06f700fa
060506ff
fd7f09fb
04fc0607
fc0305f3
8b00ff08
fdf9feff
1a1204d9
1401fe14
dc04f814
fafe015e
1be70304
ea1cfc0c
07d402e5
eb041dd5
f00ffeed
0b280125
1ae7fe07
f802ddde
fe4ef806
20f5d9f0
fe0ef501
01fef401
1954fde9
edfdfa1b
ef04e8d2
06fc14b5
e91e12ff
f21bf54b
e9d6111b
36ffe6fe
eee407e9
0efcf6cf
f8feedd5
ff0c1c17
231713ee
ebd244ce
ef0cf52b
4ffec537
261f0796
3ecc1021
e91cade7
f8f534f5
c41cf87f
44fc1ff3
2134e408
d8f12c20
45f5065f
f83423da
3a300e25
1709423e
d68644ec
d37fe86c
cbf4fad0
cbfd52f6
ebf1fdec
fe08fff4
1209e0da
f6fcf70b
d7381204
0f1647b8
f7dbef10
3e01e1d9
07010300
fdfe5af7
f805f4fb
fdfa4804
fd000009
07fb0306
f4f7fdf3
04fef8f7
e6e803f0
13ee04e4
2bfef00f
0b00ee19
2033e302
0c45f2fc
0bdb19bc
0bfdf825
e814050a
477f099b
09e115d8
e101d926
f7c9bb29
bc41ff7f
fed40ce9
02fe018c
d61c0518
eef0faf6
23fef5dd
2f023d3e
c0e2e9f8
18d009f8
01f20c2e
05f9a78f
0740fe05
14d6fb04
a0ddc737
dbfa00f5
d447fbf7
15da2efb
03c2fd02
a9f97407
d83c0cff
f001fbf2
9947c60b
07df2201
c7fcea0a
e51e1620
e61a2839
3c9c04de
26f7fe37
7ff11208
08e10632
4efac20d
03462d0e
d62ebf0c
18d30a29
33f5e019
f034031c
120afbe7
e022ee11
1bfb2b3d
db1300ff
e91fe50b
070308e8
00ff14b5
fdeafde9
f1fbfc17
ffff090d
03fe19f0
5f4a02fb
f52e1421
fe21e0c7
fa04cec8
0004feef
16fcfc42
23e600f5
fcfd0517
de2e17f7
0d03ff13
02160eff
e603fc1d
81d4f4bf
c202141d
4c1b4663
2edf601f
00147500
ba0a7fc4
312d7f24
12e9347b
e66e041d
07f90163
c2f22705
0bfa2146
e3d9e109
1023dc10
fb0d0a0d
fdef2b0c
14bafbd8
d8eefffd
03ede1ef
050304d5
e51dfeef
00d2cc2a
fb29cefd
f007fa27
df34f339
eb00a9cc
09c4381a
d603e32d
06da19d0
042dfb4a
0ed7140b
ecf91ef2
f8e3fa01
15100038
e6ccfc1f
00fdfabd
22cef307
0f270e0c
e92629f6
f8fad53a
db23032f
09fffff0
f4dd17fa
f300edea
1500f103
05fc1de4
123be408
cbff1848
06e1fcfd
f0f8ff16
c607ddfa
fc03eeea
eef628f7
0f0ce3dc
fd06e513
da0547ea
2437fc1a
141b00ea
dced00f1
fd03fbff
172edd01
f422e306
fa0808ff
28001c0d
030200f8
fbf9fa01
07040309
fdfa4802
fafc051a
fafb0705
f00902f8
08ff09fe
f2c9faed
0d2a020a
27e117fd
0503fa1b
091a14f6
00c8e1ad
f9271f2c
eb09f4dd
f91900ff
1b05f9f9
feffedd8
2bfb34fe
e9eefddb
10ee2f01
f9332d22
22f9fa14
14ad0029
fedbfce6
e8fd23f7
0700093e
1955f520
3021b321
fbfe3421
ce09e0f7
1bd10119
03040104
f0fc1af5
fcfe01d5
0f01e4fe
f3f1e5ff
00ff0fee
1800c8fe
fc18052e
1bc871fb
2dd6df22
e00f7613
12fbca1a
18c40002
fc172125
b907f6dd
050dfff2
eff9ff18
f21e05fb
fc01ec1c
e1e227fc
15ef23dc
f8fadcdf
2d00e123
f301fd0d
f6eeff2b
b5faf801
ef01e5ed
c518e6fb
10cfd104
ff17de2f
09060114
f916ff13
f2fff7f9
19f207ee
01fa0bee
09ff01fb
f60c021f
ee03ee02
04e3fa2c
0f1dfb15
f32fef25
d8051fd6
f3ea50e1
d4d80804
36fdd6e7
0b111b04
3af40bef
21a5fa45
0338fb24
0b0130db
fc011fdd
7f0bfafc
1ee1caf1
1f02df11
d711b5ee
03fa75f6
f9ffec08
03fe0b04
ffc8f2fe
fe06020b
f50010fc
9dfefafa
fb08f506
de24fe00
19f5fef5
3ce2e5f4
fafe08f7
3a1b0c0e
e60f2036
f50216e8
23052f0f
0222feff
180afb1b
c7f406e0
1bfc206c
e2ebe0ed
1ffff410
f506f10e
f300c8dc
1c99fb0b
0a00fb29
bef51300
130102e5
0f16f6f6
2ddf2cdf
fef819ea
d701130f
fa12fbf5
00fb004d
2709f3fe
0d0018fd
2b003302
1a051fdc
f504fee6
0e0801bf
eed9fb0a
d41cfbd4
19e52af5
fa06e9f6
313e0707
fc011bc7
00f8e1d4
fb0dea31
fdfbfede
0f03fa04
28f0e813
fffe0314
dd4e1f03
ecf2095d
f30905e9
d2f925ff
120df9f6
0dfdfe17
01efc00b
f8ffeabb
e2e0e5f9
f9d5b527
e6dcfc1c
2807d9ef
e2f9ffdc
fb19032a
fcfdeafe
f2fe0abc
07fcffff
e438d7f7
02fb4138
fb04f6dc
29eaffc2
e1090546
8119e24a
fafdd0be
1fe41ae6
ac32ee09
f527080b
cbed4519
fa2dfed3
c9e8fe22
3402e122
dafb08f5
f7ef2dfe
b50a02f3
fcf4d309
04fcee1e
05ddfe31
ca1606ec
2e052ce7
fcfbc71e
fd331d1d
e5fadd2b
d1160ef2
35edf92a
cee20020
32d6fb09
cc200618
f9000722
eed10bfe
f61e4307
0527030b
30fd050d
1e160308
e3fffed7
76fe183a
f40116f2
02ff230b
ef15ecfd
14f31503
0203eeef
254b006b
f11903ad
e4103073
c9f8c621
c2ece605
f61b2b25
f1f82347
0ded01ed
f018ff1a
06fbfe0d
0b11ef19
05ff17e5
d2f8e7fc
fbea2306
f8dbfaed
e6f7f01a
f1e8fadc
1b04fa22
1dede54b
e9fab700
e5c72705
0cb319db
eb320708
cee4cf32
e6edfe01
f2ec01e6
e704ba02
fc010a0b
b5db33f3
02f5020d
05170015
1007ce22
042d00e1
fcf204d9
cfe014e0
ee010e23
f2f70201
e6d8f6d5
fd370bea
ee0b00e8
15f100e6
05120231
f6eee2f7
0303cfaf
f9f0ecf4
f304f838
f2e40ed5
da02d9fb
ee000632
0a0d020d
f706fa10
13010dd2
d1a60fff
f9042042
162af6d7
0502b8c7
f8e8020b
f61a05e3
eefcefe8
0d0213d2
d20c1cf9
0a060f07
fc1107f7
6ffef915
060f0117
fef6ff31
d223f2fa
f902e25e
23351b04
09fe2ff3
03d704ce
13fc3c08
0720fdde
1006fee8
ecfd17d6
1501010d
ec38ff0b
35d73718
f208fffb
040519d5
ed4801c8
1aa0fdc8
9ed64f13
f2f32d2b
0cca1eee
10b121ce
0e4a1641
15f4c6c7
041e0019
10ed01db
d91c300e
01fa000e
3fdbe9f8
25da2df7
fd12dddb
b0f7ffe7
e51900ff
0ceafe0f
25e3eaef
1afe181c
e5d91ffc
c0fbed07
fc3d1807
0af1fe05
e44301fe
ea13ff1d
95fbce15
1df90b38
f3021202
1446ee00
f468f715
0bf2f1e8
04defffd
faeb08da
3e0df91f
e401edcd
dff2eff7
ff1803e2
0a070af0
ea03dc31
ff3201df
feeb01ce
e606e81d
0affe3ff
e5e90ff4
0befc334
032d062f
1cf6dddb
f8100827
1a07fecd
e7121117
05fd37e8
122f1311
1fe7175d
16281fec
c4040c3b
fcaf000e
deef01f9
cff8d6e9
0101f60c
1ff91b05
220c0ec1
03fcedc9
0802a51d
e7dd0238
fbf603ec
27ff19f5
0b03ea0f
fe32f0fe
16e8cb2f
05fa0b08
ff0211de
e2f7ffe4
fe0500f6
f5020fce
fb040ed8
4caf0506
09db3a25
0dfd0a08
0308b22d
061b0300
20ef0126
2ae6f50d
18fbfd40
063826ef
fcd6052d
f14f3dd2
e1fe6cd8
0823fddc
e506fff8
d0330527
2ffd17e4
f0011b0e
e0080028
020007c9
09fe4ca5
fa0d0104
05f1001d
2af0deff
15fef3d5
4696fb06
1dcb223c
fe151507
17f9f6fe
f70a0013
fc09ff03
fa1afaf5
fe00fa05
3914f5fa
1606e822
03eb0efd
ea020c13
d73f000c
fefa0001
12fffc15
0dff2133
23f10800
0ff1d40c
070f0c1a
07070fdc
02eb031a
03eb05de
1cf1fd0b
02fee5d9
01f204f8
ee4be04e
fc0e1ad5
dcfae209
01ec03f5
12f80209
e0fb160d
ec04debf
c4fae2fa
bf08d2ed
0fdaf406
2afa3719
fc22fffb
00f60104
f4e9e406
11f917fe
19e320f9
080af41b
fc2e1bf7
20fed91c
f125010e
e602fc0f
f609f8f8
1efd1126
c2320bf2
0cf51a07
fb220af9
3df8f00a
0b2802f2
281e0009
0e15f0eb
2100033b
05e306fb
0edfe502
0d21e824
1106f535
0ec501eb
f5f8fcd3
0bfd00ff
f4020ff5
e4f103f3
26026555
04fe02ea
d605cd10
3c81f9fe
f72f0206
46121e11
04fcd1e2
30de00f0
0708a7fc
f1c4040d
cdfef804
edea03fc
0cf60008
11fbffff
f501070a
12a91704
1ae64226
04030b24
14000460
dc18fe1f
0901fcf5
2303fa09
f1fe29e5
25c80813
fd2cda07
fa22f2eb
e7044553
eae2fdee
faea0207
c81af6cf
0efdf1fd
ea2ffbf4
0f1a4f2b
e9e1f234
2cfbc3ff
e73105fc
f4f70109
fb12ff05
06fdfb01
e9f30007
f0efca13
0edb10e1
29fe1f33
1c0bfde3
05170113
f9ee11f7
01fef8c1
cd290bf7
0e20ee26
f6fddfd1
07feec04
11cbfe07
0e0e0447
fd0008fa
effd04ec
57ecf203
d4df281f
02d1ebea
ea010dd1
fbe30721
f6e4fddb
fdfc0825
f601051c
12f112fe
ed0cf9dc
180afae7
f10103dc
ebea01f9
ff0c0213
04e6c5e6
11012719
26deeeec
f2dbf227
f920ec16
02031eb6
ea06fdeb
05e802d5
05e60a11
f9fbfa31
ccc5f507
e40503f5
e91219fd
3fed2418
f41f0121
fbdf01d2
1e170bfc
02010517
17fff9fa
09f90bd2
0205f5f0
53001ed9
18ddfce6
fef9fd1a
e40afdf7
f50014e4
1e0dfef8
f01d05e6
f616d739
090146d9
fa13fef0
0f1e0315
0911fbe7
ef05ddc9
021bfaf6
1300fe02
fc00ecec
e90d3216
c80bf3e0
e0a204c4
f481e609
5be0f4ff
dff6e7fd
e899dbd1
f7810207
0c00fddc
fcc50026
f60c0104
ac04e309
00fde3fc
f3190d03
f5e91615
fb2302e4
1afafbc9
1cdefff7
fb15020f
fbd0e80d
f30102ed
fd37f017
ecde1e4d
f4ec0811
f105fa0d
09d20001
dc10fd17
1410bad9
f502faa9
cddd1efa
fd0affcb
fde7f7fd
4d0b0319
0e0402e8
da180521
2f211918
01fdecee
f6380205
10f2f8ec
00220514
2ffd46bb
e6f900ee
f4f800f3
e00f09f0
ee02dacd
06d7e404
f9b7ed1b
18d000e5
100af71f
ee0bfef5
0a060309
0405fd05
fcff07f4
fafffcfe
faeb35f7
fb0ef92e
fafd1210
0519fff9
19100406
eae30902
0b00041c
030e14ed
f9e3fb0b
f912fd05
d2fe1909
1ef50325
15f0ff14
19ea0c03
0602fbfb
2ade10ff
ebee3114
16f90cd1
db0e17a4
f0dd010a
0c0f00d9
120b4204
0c03e6ca
f9050201
fe020c0e
1209d5de
0304e3f4
1c0701d5
ec19f915
21f6e3e3
ec012763
d30f0b03
ed132b31
03d90e0e
19fc50f0
0c3a01f8
defc00f3
bb082fd8
fb00f830
5bd9e504
12344efb
07c3181b
f6ff0915
f61a0016
11e4f8ef
1b1ef106
08011ffc
f311fcff
05ef1517
f9da05ff
1bfc186c
01f501ed
03fe000f
1bee0110
0600dcf4
fbd51b00
e9f8c62b
0503061d
42062cef
10180109
dbdd000c
eef903fd
0002f6f4
0af11907
f71318e8
02dffc28
e2041fbd
ebc2ffed
f8cf0226
0021f0ea
fe04e710
df11ddf6
f219aa15
f3d2f000
fd0614e9
d0300008
ff02fd16
2c010a06
fa0013dc
2632e50c
e4511fdc
fb35fb0b
03fbccd1
cfbf02fb
db0403f4
ec1ffd12
e505d811
1a0ef414
f9143a07
07e81123
210c1233
f8ce0207
10f7fd23
1011dcf3
fa031905
f6fa0703
0def2019
0ddef609
f303f330
26fbfb4a
f2ea0317
481f2dbf
81fb1831
ff1e93c9
ebf3f342
f7623ed9
f6fbb4f4
f8f40102
05fefeda
f1071818
dd00efde
2315f7fc
1a2b1300
041f03cc
d2faf4c7
14e302f5
f0ff01b2
def5fcdc
fc0127f8
e225161b
fef9f6fd
0d0d0602
e20ff52c
f3e1fefd
e91f03c8
e0273e02
17fd09f0
44efe7e0
d2ea1312
f3f512e7
d8fedaf8
04ef0239
f722f431
f61b01ed
25fb1f15
06001a18
eaeb06f1
060ffc05
27eddf12
1f0a01d3
030ef7d6
ef01e6ee
02fe121c
cdcfff02
fd2de5ef
032c09d3
45f33b02
f91dfc31
04ff0228
380dfe04
0bfa05ff
e8051000
0dfd2dde
f6d6eb15
c9fbed16
07090208
ee090208
f6e30c08
0c02efe5
6e143cf8
eb090318
fd20ed00
dbfb73fd
f3e10317
f002fe09
d9291306
f9ff0f0e
2dc2fd0b
ea2c1dce
120cdefd
a1fdfef7
0f4afed6
ff0401d7
4e05f001
ff000618
ebdbfaf8
f7fab0e5
ee051237
ecfee5cc
04f1fafe
dd1f03e7
f5e2291b
fe03fadd
1e1fdc09
0c2b1008
f10df8f1
b8ffba19
f40ffdfa
03180115
38170008
f205e2fd
25342006
1e20f003
0a0fedd5
040cd735
dcd6feeb
2d2f05d4
fc1cf0f9
f801e50a
07d9fee8
f5e2bf1e
f00bf2fd
100525f5
199aff10
162cff43
f6101505
0509ee00
36252401
1af70e45
18fae9da
05114023
2411ffe4
fb100400
2bdf0ce0
fc05def5
dd6212f4
eff32d27
f6f5031c
17080c3f
f6f3fd1a
1becff2a
cb16031c
0900f3d4
e618c1ef
0004ea13
f5f2ea2c
c70d0ce0
f00704f7
fffd0236
dedc19eb
f105091c
b3f2f70d
e045eecd
fb2e1dec
280a1817
1c35042d
01fbfa1f
cf31e80e
26fa2e0a
921e1a00
cd2121d5
11ee1b0e
e0f02505
0e0d2afe
1f318106
f6fefd1d
dc1065e9
0cfefae2
210c090d
7f0cf9f8
dffafbf4
f0defffe
e82802ea
21f7f81d
f3fbf212
fcf70ef8
2e1f26e9
04e4e930
e605dc78
f5a8fce9
fe0a04e9
16dd0afa
020007e0
0dfd19fb
27432540
f53ef8e6
0d092ceb
e3fcfe02
f301f917
f7f4faf1
08ff1d08
20020b00
082f0ef4
f4eb11eb
c702dcf4
cf380008
0df60619
0efc34f2
1cfe03c5
2bafe303
17e4a9ce
12321302
ebfc0f01
ed1f00f3
15f5feec
f1ebdb06
0a00ec02
dffa3cfa
0edcfd11
f9130f04
ce013fbe
f3e900fb
01020046
16fbebfd
0902164e
d30ffcf8
0020f707
fb00f0c7
eefad31c
2924f9f5
09f2fc12
0fddec26
ff08ea1a
28e12105
1605eac9
f5f1e1f8
e60e20ec
1a230309
faf30100
4cfcca1a
f401f515
d33b1405
ec1a3613
10e4ff06
3c01220a
ede907bf
0b0b06e7
df0b01ff
0f0317ff
161ffffc
0334dfed
121df4e5
c605e832
091d021e
fff7fdb7
fa08edd6
080206c7
0ee308f3
fe12f1d3
fd00fa4e
f6f8d7f4
0a0e03e9
eaee0016
ebf03beb
fbff173c
26a90a08
e4052402
0d0719e8
e3fa454b
1deefb17
050903df
0218ffef
1e04e011
f1100ce3
ddd3dae1
f0efcdfc
fdfed718
faddff0d
fe2204f8
e3f4091b
ff01fddc
f3351808
0f16f5ac
00102119
d9fdf606
fa270424
de41fdef
ffda0228
05020ce1
001a1a13
f5300a26
08e01514
07fd06ec
27f2fefd
fe0008eb
28ed09f7
fbffe1a1
fe04e4fa
0815d90b
00000edc
fe04e82a
083bfb0a
01ecf7dc
bb05001e
fcfa15ff
1cc214ff
11b215ea
07100fb5
09fdf73d
e9300231
e6dcff07
ebfbe719
d3fffae2
48210b14
e9fc2309
07f61c07
c3f6002d
10f30116
15140114
0e151ff8
31fd18e8
3008e6fc
eaf327ed
0831e8e1
13fee72e
0d2906eb
0f25fd0c
fe0fcf12
f4021de2
35030904
d300ec17
09eff60a
18fc0713
eceeff28
f80a0007
2a0709fb
f600f0d8
08e0fa00
ffe0fc1b
fc08fe00
cfffe213
301108a9
d9cbf832
f02ef047
18053d2a
09f11343
0e000aff
15ebfe0e
08f60a17
e9e80112
f9e6fb1d
ce0235e6
f7fcf1d7
53f2e303
352d16f3
0a070e16
f1f2241a
2508fee8
0c030131
0b04fb25
0dfa2011
c520f002
0ce1bec3
10df1e02
b510a122
f8f3fef6
0100ff13
f41512fd
0304f918
c64e0115
1e080e2f
0402fdd9
d90e0004
de45fde0
31d9001b
cfdbcb00
19fb2140
05f601f5
20f609e4
ed50fff5
49ed1a17
f50cfef4
1d140305
3df21228
ebfeeef1
00e1f70d
07312219
fd0516f3
e9035c33
ff2afcc7
fc230427
0a17eafd
f405eec8
281ecf07
14f5dad0
fcea2626
3f03f6d4
1b37e70e
f9f72bd3
ba21f861
ffe5f1fe
0724e4c5
09211c6d
14cfaa47
810f31d7
05e90202
f30207ec
11260230
13fb14fb
e135fa01
23ee9ef6
fbf8d6fc
0afdf6b9
304200e5
1a4e07fd
e8fddad5
f2fdbb2b
968100fb
29c564f1
252bf781
30f5ddf2
081b00ee
03ec00c1
a2e224e7
db020e00
07f1e7e7
e5dd54c3
eef33239
39fcc205
fbe100f8
122a06c9
020421e3
00fffba5
1841e4eb
dc0d5104
04f71ed3
fa0122fa
2b42fe12
170f0534
f105f2fe
eaf90dee
3d06dc03
1ce00ab6
fbf2fd3f
e2ffa0c7
0ade04e0
f013000e
35ffe311
e1fecdcf
19e40410
0819c5e1
f7f00510
2af503ef
f9e80006
00e403cb
18f604ff
f700e415
dde8fbf6
04f208ec
ffe7022a
1ffafd14
c33700fb
0c23ff5b
12c8fa1a
0801ec0c
0249f104
16c03a06
fcfff4ee
faf7e5d6
091e0204
e511f91d
c4f2d6ee
0f05fa06
ecd91afe
ea86ebe5
12162e56
25012df4
eaebfe1f
08f30215
f3082340
d600a7f8
42f4e1e4
0a19c833
e921e2c5
2bef21f4
14ec0024
ff0d092e
d6ce02f3
fefef7d3
fdddeafc
fb3503e3
07f302f0
fffee1f8
1bf902ec
03170505
3ff93914
23fe2130
070ae908
10ba0dc8
fe12f2fc
d2ff3a1c
fc1801eb
eafd031e
011af315
f9fced30
0f43f60e
0a1c100d
04d12ef5
ddfffa28
fac70326
fe14ff0c
1df4daf3
ef030a46
3ed216ff
10e6fc11
fe0910e5
4008392c
151bfc05
0017fee8
fbf92428
e5fffddf
ed0dee05
e7d8eb08
14ea22fc
e50cf6d5
15d9ffeb
ec1e080c
f318f505
f2ffeff5
09fbf20f
fdbd23e7
f005f428
cb091a1b
ee1b0106
f906f92f
1ce0efea
02011add
02e81201
0212ff04
09f50ab5
1ff811f9
f8d302fd
ecdd001b
0f10fcff
f7fffc0d
f5dafef6
f3f1f50d
fee8fadc
12fff00d
004704ef
1f02fad9
32f20310
100808fe
21aff9e6
f607304f
060c2bd1
3cfeea96
f5020004
05020009
f7fef8f8
0501ffef
023ef903
fded2ef1
ec0713d4
d7fad0e9
cded04d6
3548f2ed
be293023
f20c230c
02f60024
a311433c
f609a700
d2fcfccc
16e2fc10
0d220625
edf40401
effcf60f
0e14e300
18fcec03
f3ee080f
1609ffc2
15da034b
181100f4
0e07e421
150024e2
020bcbf1
1bcb01d3
05c7ff05
ecf9e5fb
18ecf1fd
d2f505f6
1ddf00cd
ebf8ea1c
8f16e5f7
f6df0d8e
00b7b426
1007cbd7
f5b7ff05
031b07d6
ceeee1f7
d9011035
052ad5ed
0e4d41e2
01052df9
1700fb39
fbce0516
15f6fef3
e209c312
f400f02f
f8130df8
ddf406bc
ff0005e5
06fb1eec
e100fff0
0615fec6
f406d92a
f906f9b5
171d0807
e7ddd50f
0b01f101
160aee25
1706fbe7
f8eb02c2
e1fae8ed
f301d602
f553f3f3
1b0fbb05
f8e6e6a0
59062412
f60e14e5
f9cfd6f1
0009cc40
3e2ca9e6
dcf3c8e4
0ee125e8
d7f1eb53
adf6101a
f116fb05
ff1303e4
c2202207
0dfc1ebe
2cd504fd
da002fce
060f22d7
efff2de0
f1fd02ec
def50012
f1faf4f7
09fedf09
0e46e8fd
ee2801ea
00f7ff32
a3f2be1e
1cc6021a
fef400d2
e90c01ee
f8ff07dd
fedb09fd
03c307f0
0fe40109
2505ddeb
19d100ff
16ff0205
d3020603
0afc1639
dc131bf2
021e13fd
0e05ffdc
e303eda8
0a230c29
0c141725
cbd00b4d
bd067405
05c37ff0
18d8d119
dcd1dce3
c3f41319
da28fb1a
220203a9
fe1129e0
1003f5cb
f0ebe6f1
de143902
e6171ae0
f1fb1520
fe03ee03
05fcf707
fdfd0100
ff191607
f50706fe
08010902
15f801ff
0501fbff
e7f9f90e
e12a03f5
1604fad8
f6fafad0
1ad32304
0549fd54
f807dfcb
fa0622f9
f308fad4
37f900ff
da14de0b
22f8ec14
0cd40ef3
1ff0ccfa
f33bfe14
f1fb200c
0f38fd1a
121c02f5
e718f8e2
f1f60530
3b99fcfe
cb372a04
0c1601f8
f7f94fdf
3447fde8
0f1ffa04
c3feaae6
f6ff2e4f
0e7afdf2
0aef35bf
ec1c1f07
190bc210
f4290107
fd0c04e1
6dee09d8
0100fa2a
2ee90704
1564fdae
fae7f009
2903e018
f0f108d3
da1e1ee4
e9ffbac7
1ffe1e02
ee1aec1e
7f3f1be0
fccf0306
0ff8f507
0aef031f
fe0d042b
f4f20a12
0b06e2e7
39f20003
02af0ce9
f9f5fc0b
1afe3b1f
e70604f0
f00a03f2
1f01d0fe
f40401fc
51df0906
f721dbde
0219d403
24052ebf
f10efdea
06e0fe20
2c0edbe3
03021467
0a0cfbfc
e9fdeb0d
fee3fdf5
e1013723
10e3010e
f90702f7
0d07eb2f
f600e6df
2eb4fbfe
000bebf0
071507ea
2ffc1afd
03100214
f70dfaf7
22171a0f
fe001502
1d11db0f
03fc6a12
03e0f013
d6091b40
e1170500
12d302d0
e80c1209
0afc2c15
ecd9cff8
1042220e
0e1c10f9
00f5c9fc
22e601f9
dd21ff59
d7dad8f6
0106e5ed
f302ebf3
01fecde3
09f5e93e
050e21a6
ef090129
f50efee1
fa1efa03
04fd0cd7
26fedd02
19ec06ec
1300ecff
d004ef02
0ed50104
09fe06e2
fee92f19
e8fddd0e
2a16e9fd
f8d7f2f7
f6091406
21fd37f9
0ec3ff22
09d702ee
2804eb07
ea07c2ce
0f2af500
ff090a44
0de3e1d1
240f0ecd
05007f01
ee137ffd
f5060100
0701bcf1
0c1106d5
05000804
6f0d08f9
fd01eb0c
0e03fe0f
0c13fff0
ff2bf4ef
26fff61f
ecdffef9
21dde7d8
02db1824
01fd17e1
ff04fd2f
03eeff26
1b0d070b
f403ea16
d0c205f8
0ac9f00b
fef20ad4
0f03df33
f1d2faf0
f40c0434
f30e0d06
fbfe132b
bf2a18ff
e4032fa3
ecf0d5e2
e4024b04
10ecfcf2
edf3fedc
1026fb1c
ea03f013
12bd3906
02fbf5da
03f4ecc2
2109071f
1ee9fdf3
faf5fec6
f0052f12
fcfb0cbd
f3c316fd
12eff500
fbfbe408
e4f64503
eefb0601
57d7ff1e
06371da5
c306edbf
c8116039
1bf0ca0a
11e6ff1f
b70039ea
efd50037
1900fe40
e10fea1e
ffff40f7
febcd309
f3ca5c10
04e9f003
d7092759
de0bffe1
16f00005
0d1be0dc
1104eeec
2c2804fe
ded00feb
09190742
1e00a907
fdf406e5
0b05fc14
0102f2e5
00081822
0d10164c
22efd1c9
26e1290a
e00be7dc
f1e001fe
eaed05cf
240124fe
e508fae9
20080209
0c25acac
05efdbfa
f80c37fd
1bcafef1
fd1efc28
fd231c23
09011af2
37460207
04fddef6
f7f620fd
c909d49e
1c060236
0505fd06
db07f918
0ffc04dc
df21e0fe
e5323402
f7ff0df7
16f11704
d715fe0b
f4f00134
d3f11cf5
f304f8dd
f0fbfe02
f86605d5
fce2ecf7
1d05f635
c958011b
17e2091c
30034718
2c0312e3
f19bc9f1
122a0545
08350409
0907e1e6
1c13fff3
f914fdae
19f2f2ef
0f0109bf
20020900
d0112035
052804fc
0004fc55
f9f9fe0c
e118fffa
f90ffe0c
0301f100
230ff708
16ff2c17
0bee062e
2800d1f7
0b32fe08
0709fdf9
1006ed07
0503e40e
d12910e8
030522d6
fb0ef434
1602ee00
ffe8ff07
f7f6ffdc
d0ee1512
0003ee18
dbf63309
060d06fd
fcfb07ef
1908ffc8
07df00db
f216fb37
2116f5df
0b02fce7
ed13150c
031104e1
f6130116
b4061bc5
eb2afcf4
26cbfd00
00f601e6
ff0000f7
f8f21ff5
02f04011
f91b14f7
4701e1b5
fb06fbcd
110f0254
f5f5edd8
1eff177f
dde61ef7
17fb00ec
ea104235
100003ce
123ffcf7
f3170005
05172732
f6030af6
01190502
e9bfaff1
f400fad7
c2ff0628
f6ddff11
f007fe0b
08fd160b
18fefeee
1feff204
f7ffff49
0e1106f2
f5ffee53
e9e5feef
fc09fdf7
1321bf1c
fe00f01f
e4f3ee05
facebbfa
fd0be0e7
0d05de06
0c0eff12
19f0ffec
e8efee0d
0700f1f2
09000b01
07b635e2
0206f4f1
18013737
3f57fcf8
1cbb000f
57f94d12
ebf4e619
e89eedf1
e5005d2f
fd16d7f0
2a07a104
002aff20
07fd00c3
f5faf013
13fbfb19
fd1f0202
f811ece1
ecebfde9
aff7db32
0918fdf5
12fafef3
2417efed
0ffe02ed
f464eaeb
ed22050a
fc16e8cf
1107e029
f6d5fd23
eaf2fbe1
ed02fa08
f80019fc
28bce4fa
04fc2c1e
fd10ecf9
14fe1fea
ca5a0625
2df1f7fd
0418b90a
12ed473e
b8f9fb0c
f5f026d3
f0fe2224
2bdf15fb
011c0009
ebfdfb19
0306dcfc
0bff04d6
40e6eb01
02f3ec03
07edf505
1a00e8ff
f522fae6
ecf7fd26
3cf8f203
fe0112eb
f0e7f8f7
f90405f6
eff5ff1d
05ff2ce5
f341ffee
f80cfc20
ef021201
eefe0f11
ef2d0405
fcefe1d7
06e9fb1f
390e2ddf
0407fcf3
e5fbfe2e
c5f5e706
ecfde6f0
1005ed03
f420fe59
ee01e714
1ff3e400
0150fbfd
e113fd23
fef91002
fb00e50b
eb0003f4
f239dcf5
f11fed0a
ed00f5cd
154b00e0
dff1fdea
fe2cf5f2
0702f365
d5da0704
07e1ef0a
e6d01316
d9f7101c
ff05fbd4
f10904ec
f7fa2518
0705f8fd
0040e5ee
030ffc17
f8ea0fdc
f00cbb96
f50f0215
fd0cfdff
bc0101e3
1fff1c1e
eceb120b
f2cbfb23
09091bf9
caf8f9e8
ef15feee
f6f2ffff
dffbf0fb
07fffb1f
ecfe07f4
1f1cec38
013e040b
f2ff5f11
d6ebfe07
031b05b4
2de3f803
f204e009
3020c604
d6f0dc31
08def0e3
d413efff
04f2ff06
f9fafff3
e5070dce
f700ef02
b5f0120a
0a1f0ce1
fd03edf9
50022af2
05b6f90f
ee33fd3e
4417e483
fa011860
26f93f20
2a20d401
04d4d912
e4069408
0a0301fd
d12cfbe5
0c0f23f3
02002534
d80f2308
c2f327be
17fffeff
e407ebfc
00bdfd1e
1414000e
1ad2f2fd
08fe2500
c71403fa
1a07f1f5
eb09ea0b
090924dd
00f8fd13
e1fbfe1c
2adfdf0f
d70102cb
0c2f1f04
08540ee0
00df0025
6b097fe1
ec3f02ea
de0e029c
b31b0d1d
f5f208d5
f2fd01fd
e8cee5f0
df01fa22
e4dade64
f6f10200
fe050115
f410eb46
ee001eef
40ea280a
01e7b7ff
03efede3
040105e7
e3d6fe16
0d0e0133
05f402f7
00ff12d4
dbd5e1fd
06fc37c0
02fb0036
0004c640
0bc8fd0a
08f9ff0b
2e00f607
fcff15fe
101e1509
051c4f0d
eeea13fd
29f70bf6
02170643
21a3fde1
fadb0281
d5f9ca34
fadcf423
e917d9d6
131a2523
86fb0bed
e2c9fe1b
fb10ffd2
f001f016
eb00fef9
01f10604
18efe00b
0305f5df
11fdb4ef
e9f60203
f1240402
eef606e1
1e010aee
2001ef06
10f2b515
1825e60a
dc07da4b
0ef004f9
fa10fcbc
a52112f5
0b000644
f2dede00
07e302ca
0ee22624
ecfb00ce
fdeb0018
01e1f940
adf0e300
0b02d628
f4d80efa
c614004e
04090ef1
cb024f29
06fbfe17
f8eafe2e
100944eb
fd04d7f0
0041e706
e7ef2f17
f402f307
16fae3f9
e9e901f7
fa0bfdf6
f42112fe
23001ddf
fc0004ff
26112522
0efaf9f6
da041510
062ffe22
f2eff8e8
34fd23f0
0205f3e7
1a18f20b
f1ecf5b9
fcfe01f1
f6f1d523
c5fcfaed
f5a3fe13
07dc7fec
e20af905
ecf9e4db
23d42ef6
f6f3e40f
181f9328
0dd7010a
ecf4fef5
e7fe0c0b
e200fd1e
ed110a00
e1c407fe
0bf0e61a
d4f8f721
d431ff1e
14f4fd0a
fb05f11f
ec02ef39
171cf40e
0a36f0ce
12f9e7c1
0309c1e4
1b13ff18
0312fc05
06e7e312
0501e637
d910ddf7
ec141613
fae91408
ea011434
f4e7ffed
f61bfd3b
110adb22
08fefbaa
ccde1203
0307f2da
08440016
c1ffb5ef
f0290007
f60b01e9
15f30407
fdff0bdc
08ee21fc
fdfb59e9
02f2ec00
fcffdafb
f6f2ff1a
02e8fde6
faf2d7f4
12fd2b21
0a17e602
20e2d32a
05de0e17
f702f805
fa3c011c
f7feffed
17edcffb
0800ec20
1742150a
03c0fffa
0006fae7
d40144fa
015001ed
1af501e5
10fe0e04
2dfa1bee
bb2bd3fb
0b103301
ff0b1ff1
f6f906e7
ede2fbec
14df000c
d3021e10
feffe4be
fb00ff01
1dda0111
fc1d04e1
13f8031a
fff7fee3
07f4fbf8
06111bfb
f1060cc0
0037180a
f1f53ded
0afa00e5
fc11dded
fafd0002
fa0c0540
08e82f21
ddfcf7cb
47efed19
cc161cd7
ee070612
0df9183f
0bedfbfd
fe15fbe4
d5f8ff16
1b030e2c
e1e5fbf6
1cee0f23
f3200a04
e6064603
01080024
e30b040c
1303f7ff
0502ccea
063b1ef6
01faf716
00ffe913
d0040fd2
07f100fd
ed18fd18
e90707fa
0bfff20a
0ef7f702
eff4f9eb
fcf0d50a
31fbe929
01160003
e90c01fb
0708fa0d
0b06f4e1
ecfbe3fa
16f4b2f6
0e18ebd6
12143a15
07039805
fa1845f7
03fdff03
f421e6f7
0d04fdf9
0d0b010b
6301fa02
0005fe00
f92f042c
0603fc11
13fcfc10
fdfffe16
f8cdede6
ec09f90e
0d1b07f0
0af1d3d2
f6490321
1dfa0304
e7f0f7fd
120022dc
0835fc04
06f0270c
05ea1ec4
39fba8f1
01d9ff1f
fdf201e1
0a05060c
ec00fed5
4196ed09
ffe018ec
f7d921ed
f4fc12f1
0e030206
f701fdf0
2601f213
f702e2d7
e2140ffc
f8c9f455
fc1bd4f8
3af7f927
1ce4fd04
20020119
cbee0cf4
19fe2d28
efd5f005
f3ec120f
f1090308
0df828ea
13d1ff1e
1e02fc1d
da0f14f7
180106fc
f1f20f05
ecc5611f
fd012e14
fb0525c4
fff000f9
ea01f902
e2f0150d
ea021512
141ffc11
23281bf5
08ddf91e
0d0ab825
d817fe02
05e600f5
191bfe06
06fa07e6
cafaeff2
0115b3dd
f013eeff
31fa0c1d
040afb24
060cfa02
e63c0cf4
1401132b
e51c04fc
ebfe35e0
fd16f32e
cc00f114
0fc9ff14
d8150105
1cee24e5
1a04ee25
050016f3
1a170f01
fa05f91e
e4fcf1f1
2db10f81
5b9ffce7
47d554d5
01f44824
c625c7d3
1715bdd8
2cc2d21c
15d92181
0a09fd0b
29ec00b7
de1c0f1f
06fef8f5
d609e900
0c28fbe1
f3e6f6e1
29010b1a
01320252
0ddc0153
e112fc12
07fefdf8
f30ce4ff
f4fde1cb
04f0ede1
1601c727
52eaf1f3
c54102ef
18e04930
b41681a0
311d1ff3
00fecdb1
03a50030
483cd218
042affe5
1209fcf0
db0cfae3
10fcf9f5
18f0fdfd
0de4b62b
f8ec0e2f
2300f947
e00004f7
0203fe08
dc19c9d5
0efbf8e3
e2fc0d04
07050f3b
fff60c12
18ef3cf3
02000015
00030137
15120a21
0000f0de
e3ded60b
08eb09e0
fc02efff
07f833e5
190903e4
d61101b8
c11c3142
0607cc39
1ae7ff16
f10f1a1a
fffaf4d6
4509e701
10f800ec
ff11ff14
c6041c04
fd000428
0eca1f0b
e20406f3
06fc27f5
f2051fd7
cd1effc9
ffcafd08
14c1f200
fde600f0
22140d04
35004503
c6fdc3fd
ffe71ee8
1a080106
e6e7d6f7
2123dd01
03fe01f4
fe05f8fd
f2fb09ff
e2fcf0f9
120af91e
d305faf9
3dfc08f0
1bf30dc2
fe03fe12
fd321a03
bafded04
1dee1c2d
c3dbdd14
000de3d1
ffc905ee
0d0816ed
070cfb3f
f8fbed09
e609ed06
3100202a
ea3e3dee
f40fff16
dde30813
f727f834
fcfe03fa
e3fed5fe
10020b04
1300150e
21e0f804
f6ffeb00
04f71703
e417fa17
000300cc
d4c8ef01
ed09d9fd
ea0f16e5
12f808d6
ec0b2288
0116fc0f
09e600f2
00d601f5
0f110a01
0bf326ff
e20881d7
11df36d3
d928313d
d9ee2711
f0fcfe08
0000feb8
0f0af9f6
ea00e3ff
0e0ee0c6
05db1ff8
1707ebb9
18fd050f
01f72cee
ff08fe23
ef090003
f109e4fe
c7faf207
13c4e5e7
19f4eae2
f40e03fb
fbea09f9
fa03fd13
ddd7f10a
f8001c04
dcf5090d
dbe0d70c
38ebe911
052e05f3
0bf0ede5
ff03fe1b
130be804
fd011603
e105f622
f50a2df1
0415da01
03f62402
f3c82622
fefffe29
e0c2f708
21061001
f5f85614
fac712f9
da0dfcd5
02ece0f1
09eb0efd
ff2701dc
ebfd0ffe
f1f4e803
d709fef4
e6de3301
d71a06b9
1cddfe16
03000821
fd0cfdeb
24d105fd
f202f2fe
0d0bc4f2
e1e5eafc
0d040c12
e4d5c707
0dd6e6f1
f9d6fdeb
fc2a0e0c
05060308
010b3012
35fc0b32
1f050df5
3c27f6e5
091b0b20
0219001a
0dfbf700
e4fc2c01
23f501f4
0500cbde
08b91220
151ced11
1428e420
201208f7
0458b405
f403eb00
1b0b14c4
eae3300b
03164af2
f7ddf402
2bdccae5
0eeedde7
e61a2170
f4faef2f
d21e31f0
00feff07
1e140ce9
12f606e6
220a0e16
0908fef8
181205fe
0a080602
d2f40cf7
c0090af9
f71415ee
f3e6fef2
23c5b9f4
09cb020a
28220df8
f3f5f5fd
e9f90205
d519e9ec
ec021acd
19efdcee
01d5221c
0531ffe8
fdfafcf9
08fde6ff
e209f40a
01220929
1605ffee
14281bdf
ffe524e7
03210646
fe1a0402
1407fb05
25f3fc0c
46f3e922
e301e31c
f0d91df2
06fd18e7
fedffa7f
f61de704
cbf00dff
c1f4d22e
fa020312
f2f0f2ba
f532dee4
060918e2
01e7ff14
eaf6f0fe
d0fefd03
a3f31aff
fc272925
0ff80213
c2cf1aee
fef4d8f3
01e6fdc0
f3e2fb09
a9fef501
d500e415
f1df2725
4bef0312
03fcce11
0630440e
fff1fff6
00e5d004
ea00e3fd
09012730
d52910e8
0d392018
3c3000e7
f71121f1
063a02d3
030117fc
3d07ea00
1e02dff4
e6cc24db
01fccd27
fd0ed712
04fef823
f61cfd1e
eecce708
cdfbf901
c100e719
c504f9f4
1a0cfe55
1cfc0c0e
ecdd27da
0510ff79
1800fa0a
f504f108
3408e633
ea13daf9
1903f2ac
00db10f2
0e0c102d
f9df041e
0af000fb
f2f90202
30fdf815
ffdd2cfb
e1e9fc1a
f6161aef
fa18efe6
0414020e
071403f9
f001e700
e8020904
e4e63e21
13ec09f5
34252e1f
fcd607fa
01d700e4
db49120a
cb05fa04
7f023a13
ec0506e4
4a15242a
ede30025
fadbe625
03faf91f
14213007
d701ff01
2bfdda16
f9e0e2e0
d70501e8
ef131ce3
09040521
04f5011a
28f8fbfa
fefdf9fe
ebfef0fb
06f0f0f5
3a1b3b02
e416f209
fb0ff904
0c07fe36
34262900
fb020f03
ec14e3dd
dd4c1f62
3d15f7ce
f3ffdde0
fd05150a
fd1efee3
f1e50607
04022705
0ffd0229
ceab2f23
2d0008ee
e716f80b
1af1eff4
fe0300f6
b722fc00
fefa1d01
d807e201
ecb00bf0
42caf7fb
08244d2e
042eeae2
0626fb08
19a0330e
e8fb1300
0dfe4020
81ed020d
60eff611
07f7efe4
00f6e1d5
fce70105
f91ff700
fc010e01
04fae6f2
fb1c0cfe
05f5f305
f90e0cd7
111c0f18
02020412
f31cd0f8
f2030eff
56f807ff
c6dddc03
f1181031
06df09dc
1b0a04eb
06170000
0430ecfa
03070402
0ff0081a
f80ff211
feeff23c
2c2bfeee
eddd20f6
020f00fe
12e6ee04
f905b402
ea061f11
fc38f9df
e3ebfd03
f310ee23
ef1d1015
f900010b
01070c00
f3fc0903
2b04f3fa
02d8ed16
0df5d014
f2f7fef3
f4f04337
f6e1041e
0101f4fd
43032201
1af0f532
f0e8d90e
37fe2704
c82ef80c
faf413fd
020200f6
de411cf7
2b0a24fe
d301ec13
dcfd0618
d1c41ced
fb2bf512
db0fd4e2
f4ecfdd1
23f1f908
27fc0b07
fa10e3fe
c408140a
38eb0705
e8dca2f0
00f5f3b8
fa2100d6
1feadefd
12fddf01
d90e1ded
201fe9f2
faeb0cd7
bae331e9
00f92a14
011703f9
3f2efff1
1402e4fd
5401efb2
3225b74c
f5fdeb20
fa0e2231
051b15c6
040002d2
da26fdf7
d1fb16fa
f0eceef1
0a3512f6
0504f69b
f50af5f3
f901f014
02f100db
161ff7ff
e3fc0afd
26fa19fc
0038f3e1
f003f3d2
f5020405
0311fbe8
00d3ffd0
e0f1dc09
5dfdf400
1a0215eb
d6f16233
d3212b34
1aa5190d
12e50c11
09f2fdff
f11f2e07
9503bf0d
df09e304
1ffb1bb5
f9edf614
d0c2e7ef
f2d8e6f1
fd1503ba
1ce3030a
28f9bc05
ef09d923
f2fc1206
daf72307
0115d9f0
e355d9dd
14ecffcd
dbe0210a
08fe0c0b
22fc010e
d7dd011d
2df4fbe7
e7ea10fb
f31df6d3
f5f7fef0
f2e60d08
2f04fb01
fe05f119
01070018
fee9e80a
e8edebde
fa01f6f0
fe100436
11e2d2f9
fef714fb
1df6db0d
eaaff11d
2fdf0f20
d3e3f80c
03f5e726
06d2fe15
f7f9d901
260006fd
db06eade
cd0815db
c6121431
40ef0f10
0900db18
ff270037
ef390b01
2efd1002
2fff3f16
e5e3fc40
efec1ceb
fe05f917
f627e9ff
fcdefcd9
0febfd0a
2401ea02
ff0df8eb
dde6eb1e
fc0d05f4
d6dceff1
28d7dd2d
0803fe13
cdfa04fd
1bf10dfd
11f90efb
0824dc13
230be91c
2fec330a
fe050ffa
fdef02da
ca0ae609
20f80703
fcf7f80d
2104f5d4
300af139
ea051c04
03f50e03
fff3fde0
040aed03
f700e100
2bfcccfc
04e2fbcd
01010ce5
f1f9b90c
0105ff09
013000fa
e91610ff
090114ff
d30a110f
f3110713
0419210e
151dddf2
0be4fb21
070effdb
000f2705
06fc0204
9efe06e6
f7e7e808
f703eee2
07e6d3cf
120c0858
ff0efe26
e417fffe
bcfb0401
f6fe0c0f
1b12fbf9
42ecf726
1502dece
09f3d2e8
01fa0230
fbf9d701
1bf9f406
e9023ae8
21e2f6ea
fbf7f137
cce5fce5
ecf61d03
fc2bfa07
fef8ff09
120a1a01
5d041218
04c5eeff
1e040214
091be8ff
fff103db
060902f9
1e130bfe
1a04f2ff
2dfdeefe
b2272af0
c1000fd8
df1747f1
f80c1af2
00ef0017
13e3faff
04fff201
180600da
ef3a040e
47e9eaed
2220f7d5
06020a1d
fb12fa11
fbed2007
04061800
28fc3dff
274cfdd9
ef0f00eb
1906e5f0
ff0411f3
03eeff1b
0ae2f70e
e0002906
ed050ff2
f7fde2eb
0a08f7da
07200427
fd122015
fe0af6cd
fd0f1e15
0bfb1806
cef2de03
fdaef90f
4c123a19
150401f5
38dfeeea
081bfd3c
33700dfb
10f72102
dafbf1ec
c940f6e7
1ce84ffd
e9c956b7
18d20bfa
91e40704
cfe8e807
d40fea0b
01cead04
e00f070e
290605e0
e7fbff30
081a1711
fdf4010e
051000ff
f8030200
f701f8f9
1a1732e5
c3fbfd01
ed19f71c
e70f1be5
fe0c0103
1df33505
34020dff
e7fbdce5
0b31fbf1
ebf80018
f2e5cfee
1307ec1e
040604d1
f7ffd1fb
3afa02fd
ef0822f8
ceb3eb14
f5ff05ff
0400f704
f5000608
01061dfb
06f9f8da
0524fcf5
fd010604
01f80001
e902e24a
131f07c2
041af21b
011303f9
eee2edff
f40118ff
ebf90cf8
f8d31b1c
e4041406
fd2ff903
07dffd07
00d1fbd1
0a100002
f10418fd
f809190b
ec0beffa
0af0e002
01c30cfb
f9eefb2b
f90a010f
f7041efd
c5fd13fc
64fbe600
10e6d50e
1a2ff13f
5b1839f4
20e40df9
04fc0502
b72715fa
c908e700
e7ed3ead
ffdec30c
18c977f2
23e23a1a
c4e20fd7
23e204e1
389fd9e8
feea1ffa
080ebf0e
23e8f30d
30fbb3f4
dbb1bd1e
6e1b7b98
c381fdd8
02253bfc
22150dfb
f41a1af2
10d98122
0105172b
eb01ef15
1303f31b
06e80505
e4031dff
b1fa0603
00fff609
e0f3eeff
0704c108
fe00ff01
2e04fffa
2808fdfc
0aff09fd
05020905
054f0500
fcff03fd
c4fe2c05
05dc071c
04f31022
03d802e4
facd06fe
0900db01
f006d1db
4ad412ea
4e0fd723
0b2622f1
23ec8181
18001110
17f4fdfc
05ffe312
33e8c6c8
fae8cbe5
2226d60d
15e4ea95
e20fedc6
0fe1fffe
344bf0f6
f30e19fe
1cf4193a
43e8c712
f2d41832
2921c80b
050e0033
f937fbff
252a00ff
0107c701
380e46e7
efbc2815
42d0a7be
984bd3ce
200c1778
004010f0
341881b0
0af8f8e1
3de0fe05
cd0d141d
d2fcdad5
f80601f9
efda0646
4931fd31
2a7fd9f2
fdfaf6fa
defa9e66
2a17f90f
30070bea
fe300a1f
f20df320
012e02f1
181018fb
080cf5fe
1ff9f201
feed1eeb
f71c18d4
f30e21e2
fae413d6
00fcffd8
1523f301
4607f401
16fff001
36e71814
04f6f650
1e18e5fd
f4e10c2f
fded0010
220cda00
d002f103
5f02d80b
26f8021a
f381c6bc
49001b7f
63d95e03
5720fddf
59fd13e2
0c107f13
2ac19ed0
13ec5036
40f9f840
f95629bd
01ee42e5
04eb05e0
0ef9d7f4
b9012ff7
03ec1521
fd0731d4
03ff0812
fa05d6d7
070bcc27
02ecfcea
05fb2505
ef031907
cc00f7f0
28c9f4fb
ff233bf9
f714053b
d308f6fe
0de4d722
e607abf2
12f11ed5
eaa32dce
36d3bbfb
030b0fec
26de0414
05061bf8
0100fedc
e60d0afd
18fb2301
31ff7603
c209310f
d01d0af6
183aea08
03f012bd
00f1ffdf
fe0f04f9
d70befff
1805f2eb
de10270f
08e9d33d
e6fbe909
0a10ebf6
00f30000
f8fff709
0302f302
19fefc14
182704f1
1724f4ee
05002ef0
07fd3608
feddffd5
fef40505
17081e00
fff60df4
26b4ecd4
fdfd2407
0205faff
4f0107f9
81ff01fc
06e7f001
0012ff00
fa26fff7
02f401ff
1b28fdf3
f4ff0106
0e0e121e
04ecfe40
14050405
f300fe01
2afa27fa
e917ea18
0808113a
def4d2e2
d514ed24
f93a0523
de3d01f3
1d0515fc
2616049a
cc3c210b
15d4e4ed
d9f28136
d8d62c60
00cf020c
19bc1a08
3bf6f505
2df74542
0ac8ef13
ddfb07d8
17defb08
04da010e
0100023d
28ef02f9
3d01e1ff
0efce3e9
fd181a1a
fa1fcd49
d8fe27c5
37defde9
29f8df02
bab2f2fa
d404d6e1
245fddf1
ed34f3f8
e60ffefe
e20000f9
0fd3dae2
01fa01b5
260df5fe
23020a03
0304fb07
de06eef2
1afde70d
c214180c
051100d9
fc0bfdd4
02edff09
d8001007
ec02dfeb
e7d71ced
f2f92814
f5e5dad6
0bf0ee17
0a160407
013205ee
0bfcf5fc
ec09f3cb
fd06ee0a
12cb0e17
2dfdceda
ccf636b5
ce14fee1
7055d1f6
8611f600
f6189c0a
fac300f7
0a2622bd
fdded2ff
f9b7cdbe
05d2f7fa
0bd60e13
4111fc0b
fa0a1a0e
fafe06fb
02fb10fd
f6feff00
09fdfdf8
20ff27ff
020d077f
fc24fe99
ea070503
050404fb
2209f4d2
c7dae928
f4f924ca
01dd000e
d40af4fc
21fbfa01
f1fc3a3c
f80d5329
d113141c
df150707
f41d1e16
00ff00cb
08e42004
02050304
0c02231d
d7313012
c2f809f4
132c0c14
040817dd
ff15002e
0d200102
f1060504
bb0b3103
191e12f0
1efb17e7
0600f702
0ce5f310
082101c1
0afd1a05
cffcf407
3ef6f601
ee16fd11
c2271f0d
e1e515ed
12ea1325
03d2fc23
e9ff2609
21fe320a
ec04112b
23fad2bf
1911ede6
0bef0503
f61534db
fb160113
0122ecff
e60020fe
f601cbde
ef1df0ec
f30ffb01
251f0419
eef312fb
f41701d3
f7f71e0a
14f41503
de0dc0e6
f5e0e1ef
0e130cdb
d800ff15
f713ed30
02e9fe1a
e6e0fcfa
1602f300
f9031106
4cf8e724
ebd70bed
ffce5252
0c17ecb8
f6ed04b5
fb7216f0
320129fa
3f18f3c4
0b22fc16
e3f6e21d
3deb1cf0
f6d9f513
f30f04ed
e32d0200
1ff72600
4006f3ec
dffeeb16
1afe3a14
fe110518
f22df110
05320406
bbf8f1f0
00d8e8fd
0d173301
142ced06
f620f103
06d312f7
f52fe545
fcf60205
f2150c03
39fe0202
c904d1da
eb29e516
bc05e8f6
2b080ae2
f0fcf404
ff1800e6
1af9f503
ceff0000
c9f822d2
d807ede9
1c6033cc
f60130e9
e2f9143f
fa6effc0
0cd73bf1
7f020afe
5718e926
d2452f3e
24f004e5
ed2afe10
fb01fe28
02e70131
0702f5f8
ba00d8fd
3cff201c
0ce60a18
ffdbf002
333c00bd
1c1012fc
09fd0322
74f3d9f2
8cfdeffc
df08c2dc
2ac4f281
f922dae9
f000b229
151bf714
fe0901f5
0424f9ff
40ffdb04
acf5d9cc
02da3b12
f6fcf9f0
f93912ca
00fa12f5
fd1b0012
08050107
b9faf502
1df3c926
ec0e48f5
c8f8fe10
e0e50427
1909e5ec
ff1ffcee
ec2a1504
04fde700
f605c5e7
dbe9042f
49f0ffe9
db361000
03081412
02fbff1a
17deddfe
e5050cfe
1afbf0e9
ccf63410
e9f80606
1eec0005
f8ec3025
fbda03ed
0f1401ff
da000401
def71709
03f9e1fc
d2170e36
10e3fd17
0f020fd0
000c0105
eff00200
20f91100
d6051310
f1e90301
e9080dec
e406df10
fee7f0d1
fe0bff13
f5100e08
20f90407
da01fc1e
f3510731
f7561eef
fae93bdc
d9fb13fa
e816ff33
fa55baee
090fd1f8
2317ed8e
fb64ecf3
0dfef6fa
031d06e6
10ddda45
04f302c5
20020df3
eb02dafa
eef6d9f0
0ad8f806
06e2f2c0
382602f0
070fe627
ff310526
d2f3e9f9
bcf7dffe
26013718
010bf0ff
50d0b897
944ab111
097f3f19
f45304ea
0df3b9f5
05fce6fb
0ef61aee
23fb132e
343814b7
0828d2fd
10f59900
020bfcc8
f22b2104
f1001302
26f707f6
f3b5fbe6
14fe0f13
01110df6
03341c13
032000fc
1ef80cfb
41ff02ff
120bede4
0a8710e6
03f8e7e9
f82619e4
fd0c0206
011a00d0
3114c9fb
190e3b00
f5ed06f2
1033f2c5
f907ebee
e322f6ec
0c10082a
041dfede
17ee1a00
b0042100
f8f50b15
25fce500
370d0c91
e7c70824
ff0e00af
020101fd
f7f2fbfe
fb031900
0a0505fd
14033407
db1a0be7
06ef170c
eb1417cb
fcfffede
d70a1004
c10a0c04
eb012003
fb1cf721
7af4fb29
c450f8d6
f8e43eec
00e1030e
2bdac2f8
e0fcdcfa
0b00c2f6
dc147600
e70a0215
3a265bc3
f5f31727
ffe301eb
e13607fb
d8002301
f5faf7fd
f203d1d0
08d503f0
cd05fa3d
f4411115
ff31fe0e
eddf0e01
0701cf01
14031cf6
013fe4d6
fe10f0e3
03fcf5d5
ffef1a03
fb0200e9
06ede404
ff013a01
e3ffe7ff
153f1c0d
f70aff11
3efcfa13
ed1bfcf1
fae80101
e3fb1501
0203e101
c4002bfd
06cefbf0
4de7eb49
1e1ae7f0
0c020308
fc340006
1bdbc7fe
00ff05ff
c7f90311
220d261b
fe0823f5
20e708f5
08ec042a
05e300ba
e1d50202
f501f2fd
d206e6d7
f0df0401
ffdcee20
c515f8e8
fe122121
01e505f6
2a0a10fa
1d010c00
13f1e308
fa09fef0
ddf006e7
180b15d4
fdfd0909
ff030606
2502ddf5
fa08f5fe
e2010f29
f90d1e0d
e202e413
fc1700cc
f4ed24e6
fed402ff
edd2df05
f9fff500
f5f9dccf
222ef8f0
dafbed61
030d08ef
03191be5
fd0000f1
3323ff03
c005f801
b9fde5e4
f124ede3
e6d91b1f
07c8ea1f
04fa0914
02e7ffe4
1ae2fafe
35f6ebff
df021bb7
dcde21f3
0ce1f90d
1f14eb13
edd2c0f1
02f30314
ea12f6fe
0f020a01
da03f426
1c10d1f8
a9f4f208
112b0505
f60ceece
fc010012
fb3e09fe
03fe1401
f1f9ed03
3d09ed04
dffd0c03
e5cdd5dc
110e1014
00da04fd
e3defc01
fdf23306
27fcef0d
e7f3e30a
06070013
fc300bfe
fcd2e4f3
f81e03df
0b0801fb
3700f7fe
2e02ff01
e937ea02
090804ea
fccb0827
f70afd31
fcf8ffc4
df180a04
e2ff0902
f5031af4
c54f0104
00f1eac7
da1cd702
f1f003f1
fceb00ea
fe0bf400
b900f702
cd02d9fa
152402f7
03e80419
00c81411
f41dd824
07fb0018
12dd1a03
ef08e901
f602e3f2
e5def4e7
03132611
1cf219f3
f404172d
0402fff5
12320dfd
ee0321ff
fa00cde3
eae313dd
2203ee14
152103f9
fa2d1820
fb04001a
1a1ff2fa
1ef6fcfe
39f9292e
c90ff5c7
d0150731
f2d107e7
07fc0b14
03c602c0
f90efbff
f3fd0e00
cbfcdbcc
0e3725e0
c000031a
f1c63109
fd00d7ee
03fdfdf7
1b090803
0cfc0502
12fb1805
24f8f818
b9160807
1e081626
f8cee822
fd03fbe9
e9e30f0e
20011303
5109dfeb
12e5c9fb
227204ff
12cfc9c8
032e9d05
b63bfd04
46e4d40e
68f3080e
1d496b5c
5b1fd7f4
fbfd0bf3
1118f70a
fe0c1417
011602ce
f1f9f5fa
05fbecfe
6106120f
e40cf31a
bafe17e8
5fdedffa
f51d2044
00ca0029
e2f22104
f2fd0505
fe0227e8
ec053421
a203091a
e12f0dfe
06d9f8db
03eefe16
04da0408
da001504
d6032401
132cfc08
fe08ea00
d2ed3212
0f15c71a
ff000213
1b3febf9
1800cb02
d9f8e2f4
fc01050c
5706231b
06df220b
14eb40f7
09eafc12
fd000f05
e4080103
0e04410b
1f36061f
b9fb09db
221900f7
f50e27e8
fe1900f7
e1f4ec00
d0fefd00
03fee002
fd022ede
0dca21d6
e805ea0f
ffe5e111
fdfa011b
0ef80cfe
4dfecc00
3c040418
e8e10a08
ec0e1705
fcdf1d0d
fc01ef02
ff38ffdb
1a100503
a20c3c03
32033bef
d108d813
dbefd517
09f1f428
e00deed4
f7f4ffdd
d9e4f304
e8060d00
d70e1d12
1808c5e8
c70210fd
292b1aed
fce82917
04f9010e
1a2a07f8
c8fff6fd
38f70fb8
31f9c721
2b18131f
7fd422da
05e0fe0b
04d601e5
e90406fd
e30103fc
12fefc1d
5c1c331a
3c19f805
ffb7cc25
fa061b00
ff0d0211
263f12fb
54001afc
0ef6eaf1
e3cd0af0
05da1331
241af81b
0716f2d6
02ee0013
ecd50cfc
1dfadffd
fb080910
0de9e6ec
03f5f7e3
11d0070b
ff0b04e4
0314ff49
f40cfbff
39feeffe
1402e608
f0e81fdc
cafef4f6
3d00e7fd
23d319e8
050a0006
f908fcfc
08f6f5fe
06efd4fe
e101090c
edf9f916
1d0b09ef
08310e00
07240109
041404ff
0a03f602
19f60b1e
2312c50b
b0fe012c
0b0ee6f0
fe030afc
fee6fcf0
f0270905
16011703
eb0a1934
e1f32cec
25181aac
402efa0d
0a26fabc
02bfff40
16130d00
f806e301
eff701f4
25f3ed0c
f62208fa
f5d81345
19f8bb16
060300d9
1530bc05
330af707
19fb3423
3f0d04ff
c10ef710
291bf615
f4e7f0a6
f602031d
282cf5fc
ea0502fc
3606c30d
310fdc49
ed25c71b
13f40fff
f504f02f
ffe0011a
0fd31805
23010a01
fde6dd21
1530dfe6
e1d93bde
ed1834e9
e017102b
f8fa03e2
e012fdfc
25fb0aff
01165025
fb30cdfb
e4190324
14dc13ee
fa0ce9fb
0c270209
d62307ee
e908eefd
080159f1
10af46e0
fbe10f17
150621e7
1300fc45
01270220
1a1cfbf5
15013bf9
02f4f001
4f7ff316
3cfddd1a
0ce1f502
ff381a11
fa2dffb3
031de3f7
2bfde7ff
31fc0bd5
d60f05e9
12feefdb
d00b0cff
fe20e935
fde00110
04cdfd00
38011bfe
f402dfe5
1dd61e0e
e508fff6
4c1014fd
02f4e401
fce90443
042a09f8
f9042eff
3dfe03e3
111ae713
060105f1
07ec0c08
ffedfff8
ff2001f4
fe0701fa
1cfc18ff
f5fd0cee
08f804e4
130e05f0
f02d08d6
00da1b0d
0015fe0e
18180e03
0701d503
ff03d127
3ceae406
131c0516
4e0cd419
1115fa2c
04d0fdfc
f7f20708
c6052204
ebf6f4f9
f6e9cdeb
fa0514e0
f923e119
041a29cc
f322ff14
e9c7fd08
e6f74c05
150414fe
f8f3f209
de112a21
e2cfce15
f7f1c9f0
0be1f4ec
f5d51e0e
060ae904
de0f5e04
da320f19
2efe12d1
390ffd14
17f50605
fc1401aa
eee7fc03
1ef8ec03
e104f0f9
e8eddb0a
faf3f3fc
026128fc
041417e9
fd09fd9a
01d6e102
d9fb09ff
e4fa1bdc
f6e6d4d5
f601deee
ed0f00ec
f6d018eb
fe20ff1d
eeff1605
e6ff1900
01f91558
f81c0616
e3c3ec31
dde7ea1f
db10e018
fed5041c
0d02c7f3
0304e9fb
ef07fdbb
d16a1bd6
1b17bbf5
e2e705f8
4c011ef8
30e927f9
1c0233f2
e281fefb
fa7ffb37
02fb0def
c306ecba
07062d1a
f320e9ff
f9ed00e0
25d90800
ee03fb00
e1fbe80a
26181e1d
cc01f9ed
e3cce4fe
010af7ec
0322ffee
f9e208fe
cdfeda03
dcf94d15
eff02615
0e1c04e3
ede2d807
0f09e324
0615ffac
f83112fb
eb04f7ff
1ff5cfe4
f51bf5ed
c7fff72d
1ef7f807
02e90801
fe180306
e1000b03
0d070100
4203ebf2
0acff8ff
1fcdfcfe
15191d40
fff12026
ffeefd38
f2eee9fc
feff0afb
ecff0e20
f0e101dd
f4ee1c41
e1f616db
f121fc22
03cb004c
2add0a00
e002d1ff
f8fefbf9
1fe6f2de
c308267f
2cfd20f3
f1ffb8e7
071ef7d8
e0ea2812
43f7b208
0a0e2df2
17f72121
f6dffee5
1dc8ff04
fd22f71e
fe3b034e
fafed4fe
eafe00ff
06fe0b0e
0ef1e722
a5dffbb5
fe1fe405
ec2d18dc
fe15fce2
ebd7fe04
1006dbfb
2805e812
33f4e2ed
060c23e8
cd0c261b
fe26f10e
fff801ce
06ba01fe
1904e2ff
160cb6fc
0a4d1dd6
ef06e2d0
fcde0bfc
f0e9fc01
fb2701cd
ea0618fd
1dff0afc
1af7abfa
e6c5efdd
39f413e0
0f0be903
0a0a25a0
05fc00e5
15cb0600
ccfd2f03
b301f10a
1b0ae7fc
f32cfef3
3809d81c
080cf9ca
00edff12
05030a04
0afbe903
2ff915f7
b6ddf00b
fcf0efea
88ea1211
e138eefe
fbe5fff3
f20110ff
250518ff
c7030204
010b100b
da013530
f2f8ee1c
ffdd1407
06f6fd12
34ef2dfe
cf040903
e2072f06
c73eb2ef
fae301f1
c515f732
d912ff08
fbc6fdf6
e6401203
2c05e900
5210e0f6
17204ae3
f9fff2ef
fb2d260f
03cf11dc
01fe05fa
0707f101
08fe2704
defb0709
24eb1004
37fcfffb
e3f635f4
f53bf91f
fcf304ef
1ce7fafc
26081a05
cf02eef0
e5fb10e3
81e5fa1b
082dc6f2
df08f130
fbeb01ef
061500f7
f60ee102
2b091e04
3016f422
db0100d9
10e30be7
03ece1c7
02f602f8
f1fa02fe
c8fded02
f9051d00
0a162bea
116d54c6
08269219
e819d2d9
05ec023c
3e8ec4fa
bd02fb00
fbfade42
e3efed0a
1de31717
c82ede09
1beae1bd
0b2107e1
320e0af6
1507c902
0ef5082b
0cd40f32
53e6df15
f920f2d0
01f0d9e5
02c501fe
011d150b
07040608
1af5d2e3
61d0e201
012ad9e8
08ea1925
08e3f4e6
fc13fdf0
05f4170b
e1ffd203
0af2f90e
fe08eee6
fcea0832
96fcf708
0f2d4a35
0018feee
2e2c07f9
04fc0af9
3cf6bccc
16eb0bfa
2ef4ef12
26d9cd11
fc240125
fd13fe14
fae8d201
0b00d900
f9073216
00eb2828
db1a2fcd
15dcff1e
ff08b9f3
ffeef9c1
03ff1205
c2001702
a51230ee
061a3f14
d42bdc09
c2f22e21
fcd9d0ee
67bf0536
c5c6691c
bff0f515
32e46401
fd3ff405
03faf01c
12243402
f4ff32f9
09df06b3
051b0c01
fe02eeff
fe012d02
17e4c7cd
55dcb7ee
2b81d9de
99ff10bf
6527fd46
203cfcef
580126f3
d2e7ce99
f1d407f2
f0e80912
0c0bfcf4
14f90010
ee3603d9
ef35e2fe
fafde006
1e0bc0d0
fc211124
e01cedff
bf01f3fb
090a0546
feef0218
07f00003
f009f504
2c04e5d1
040e2a05
f9f604ee
151ddcd2
1117c21a
0eeffe05
47d70505
3dfbf200
1ff7c3e6
ead5e842
f207f809
3be8e9fd
0fffca13
04060402
e8f3cafa
e8f5f3fb
160301eb
1e14e909
f42cfafd
5cd1131d
1fdbfd08
fef30253
06fa1901
bbfd0a03
4bf924f1
00c537e9
05ec2220
e1c308f8
ef071419
025201e6
d019eb00
d8000f08
ca0d46d0
25e3e042
ade7e317
edc7cd01
ef0cee0f
fc1cffed
d2d91704
fe01d5fe
2dfbeafb
14c4172b
f1170004
ffe70df1
dbe410fb
edf500f0
19cbfdf8
ee0ce804
eb1de6ed
1b0209ed
e6de1717
0ef0ed09
12e2e104
fef2010f
ebf8f5fc
f9fc1201
1009e4e2
38ea1cfe
182df2e7
1de032fe
07f5f04b
f512043a
1a3208f9
e3000c01
fbf203f3
cce5ef16
dc02fefb
2315dbf8
07f0f90d
07df03d4
000902fd
26f9fb02
02f9050e
d507bfca
2d09163d
2b28e607
0bf8f6f8
0406feef
00ee3202
eefe0100
fcf508f7
1509e032
1ff7ecfb
c81e0edf
e7e2ede8
f807fd2b
ffd6ff0c
2405d904
84fec3f4
c9322ef3
ec08e82e
f5e8fa10
f82aeaec
eff4fd44
fef71308
19faf3ff
1a0dd1ec
da0131ec
00f3ee51
c6dbd9f7
0dd8dfbc
06ee04fc
110af3fd
a308df02
daf0fcd5
fc1beac4
f20409fe
fa2b08f5
03ecec0d
001102eb
fafb0600
d6fb20ff
bfffef05
32f91223
f227d10c
f4130f14
021f011a
f405061b
de021ffe
e80f20fd
eafff715
27f731f9
f8f4edcf
d9ebdcfb
f3fef60d
f8f102b1
ff07def9
06f718fb
3afe0d11
f006f707
dcd9181d
ddf72f7d
4c93d6f3
c535ef2f
6cb42dfd
e6051be8
06f60a15
0e0e42f6
1d08f20e
ea0c9e04
0a12ed0f
f7f8fee1
d4d90f06
16fe0606
38021e08
2405fe06
15120ad4
e41a3404
f80816ea
fe070105
19e1fdff
3008eaff
1dfcdbc1
1a38dfcd
f823fe54
e0ea8ae4
f5fd093f
13f4ebee
0e15cd0f
f8f1acf8
270b6447
45f3fe12
ffbee8f2
25271f26
110b0e20
fe290435
e4100809
3104e309
040029fa
f509ea54
feee11ee
e100cbe5
07f6e713
03d30559
06f9f5f6
3c0007fd
5d07fff4
12c8fcf2
d2f80839
ee12e82e
fcfdf5ee
000ffb3d
0afb100a
db022203
26032afb
e8fbf0f5
caf11c40
29cc02db
14fc11bb
011cffe5
23e21009
b6f71700
d60821fa
0a07ebed
eee4f50b
d10a00ec
b4fb0936
39e21ccc
1cf129ee
1808f006
71b30230
fd254008
10201d2b
f2ff0dfb
05fceb1f
08effb10
010a29fc
3208f3fe
baf9da29
3b211205
ecc7e724
2d19d4db
012cf1ea
01e903d8
12f4ddf3
1004cdfb
ea07f03a
e7f52ded
d90cffd8
c9f10cec
0aec09e8
05dbfe4f
24fb0804
c50af402
f6f91804
d2ff2df1
11ff1503
f7f601ec
fd23f6e9
042effed
27ea1706
26070c01
f9031a15
f3e6d5e6
a5f632fe
cbde102c
20161240
08172a47
efeaa9f0
4a111e1f
ecf7ef36
02e5e4c0
e9fd3a68
2a01eff2
00f8051c
08120538
fbded0fb
bdf50703
2009d3dd
eafa2f48
fdfaf401
0202fa00
06fa0501
fffc8106
0c0803ec
01ec0181
020705fe
06fbfefe
f70bede1
d3ea1ffd
16d40605
08c3002e
f6bffa0a
f9f7f903
d3e6fb0b
07e0f60f
eaf813ef
cf152017
0b14d8ea
02dfff2b
08ff14ff
2ff8f700
150845f5
f0dec5f7
b50dfe23
0f0b0202
f1e01823
09d7fe0d
ca04fd04
e506e500
0ff8e12e
fbf017ed
00afda19
0e021b2a
f6229d12
e502fc25
320b29fc
1b0a03fd
0df03313
f1faf50c
f20e0dcd
33ddd911
fdecf5bf
02deff03
eee21503
e3f40401
04fff319
07e7dbeb
23f6e0be
21552b03
df08c948
e8090134
2d26d6fa
150c3903
f84c29f4
fcc955fe
fffaf600
07eff110
fdecf703
04f003e7
20fa1401
ee000302
db0228f0
15f9e91c
e8f208dc
fcf2f2fc
061efafc
00e7fffe
0af30004
f400fa02
dcf52e24
05e973f5
1f01f7d2
fd1a19e5
f811062a
fe19ff1b
ebeffc06
b7fffc00
e600db09
0f39e1f5
e8f3f40c
de1c13ff
fbd810f0
fdec00ed
0c1504fb
08061efe
0405f528
06e8e506
ab04d802
16050ef2
f4dcfef5
fc13ff14
0921e102
e204f501
17fc370b
b3deeae3
f21317da
1d04f7ed
fdf3db30
03fe05d0
1320d8f5
4e0c06fc
a2fde1f2
dedd1ff5
00e4f41f
3521def0
13051a05
0115fffb
0eda0306
04fd0cff
0cff032b
2b0cf01b
1df5f349
5410f103
1f0f100e
07040112
0a3708fe
f5140000
e2f10a1b
0121eef8
23f606fe
ee0107d9
ff02e131
ffd6fe18
150e01f6
e1fc0dff
180a18f3
eff2eb17
e5171831
46e42818
15cde2f7
041dfaf5
15f8f90b
34fef105
1d061e12
fbdce31d
1cfe4410
f8fbf7f7
d70bfc10
a806e6fe
131c06fe
f9a3f71a
09a10705
080505f6
1b2915e6
2c1a1813
150cf5dd
040effde
25df0900
0e010204
e6f90c1a
233bd0eb
eb11f4f9
d414021a
e7f2c3fb
f8fefbfe
f5082509
1600f705
f80cfaff
eddc0210
0de310e7
2b3b1702
14ba2a0a
06e302d0
f9fd49fe
ebf4e506
dbec0037
45ef1bc5
e902db11
07f81fe2
fbe5f8cd
ff0bfdf2
dbef0507
bdfe2506
d7fe3b13
09e00108
3bf50210
002b22df
02ead603
06fd0208
2408f3f2
d505fbfe
e6fb1b1d
2fc9ebe9
a2e61fcf
182eef93
0247e90d
f303f818
1ef34eff
330310fb
ed0729fb
e5fb1708
fc17f50d
0a2403ea
ecd7ef01
fdf1ffec
065dff02
160a1603
cdf43809
07d113ff
1c38fcb2
f9e0caf9
0de2f3dd
fff701fa
c62eed01
27fdf8ff
29000011
e4cd320d
061ff5e4
f70225fd
21e8040d
0eea02f8
01c8f606
fdfd3d03
3ed8bd0e
f7f2d821
0f17f020
f1ff0af0
fecee8de
fd00f9cc
f503ff09
04fde200
e5fd0901
1e03320f
0a0ff121
08dc18ee
fbfd1113
011dfe3b
fa270e00
ef0115ff
1af432f8
0ff40014
05f1eb06
b001b5cc
edc9e50c
04110424
01ffd0f0
25ff13fb
3fff25e9
cb143fdb
b8012be7
39fbd217
00dc010a
05d60011
c5010c02
04f90a01
3909e60e
152301f7
3af71d03
0805ffd4
02f2ec26
0752020a
ebdaeb06
e60cd707
e30502fd
dd242123
ddedfa21
e40fdf0f
f408fd2b
fb12fd08
ef16f904
c9022003
0002f2fa
21fe12ee
0102ebe0
d2fc1f23
f33bfcd8
faf3ff03
16130a05
0f07fe02
d508f4f7
f111d8e9
7c161f2b
1c0d0b05
f909e2fb
010701e8
ecd8ff07
28011e05
160e0bf2
1b0af9e9
0d260a25
ef0205e5
12dae1e6
05dafff6
19ee0f04
35ff1f03
fefbfb26
0cffe806
3b09f1f1
d2f4ee26
04f4e323
052d02ac
cb330cfd
eeffdd04
c0fec1fe
02edcdea
130a0f0c
fdf70216
08f417ff
0214fd09
0bf5fd07
ec04e304
2803e9f3
ca1e15fc
4b08fff2
d208260d
00224ffd
fc21021f
fbf9ebff
cefdf901
10fa1f16
ff112be2
0509fe03
243716de
fe07f0e6
00ebffe7
0b1a0e02
21ffff02
2cfcf4d5
f21eeef3
da06f91c
d5d70202
f80209ed
fe06fffc
f30518ff
100af002
100910ef
2be9dff3
01f4f8e8
b412daf9
fa0b130b
00e6ff30
16fe0cfe
2403ff02
cf0411fd
e3492d27
fff011f1
d51c02ff
fcf4f7ed
030101d5
21f400fe
e1080303
020b0a06
f608e108
e207c919
e73ecc44
6bea48fa
ddf20b2e
d1dd39ff
1500da0d
09e51e81
450943f0
04fd101a
fa1ff218
fe1820ed
04020004
f3e904f7
42f5eaff
f500d5f9
f5bc4b0b
ee040605
da0103ea
0f3b14f7
0a28ff4a
1df4feff
2c07f000
0103ebe5
180bf5d4
1100fba4
cf0feed8
fb09e6d7
0207ff41
e724fa01
df012001
120722fe
34ed0008
45add838
f1e910e5
f725dcf4
fd100efe
2a3fb7d8
f404eff4
1adbfb26
d62af5ee
0204f8f4
d5faf507
07fb0ffa
0537fe0c
fc02f2ff
050afc02
12042414
dffe060b
09e1f208
c81c19fe
06081109
031eff2b
0507f607
1501da04
0cfdff1f
0ee81be1
ad1dfbec
0303dff0
eae708e8
ffe403e4
e0fdfefe
de032601
57ff27f5
0f170c05
18e8e93c
e80807f4
0329e7fe
fce7ff0c
cf16f1fc
04fc0701
0908e903
f4e712ec
03f5fed0
f7e20a0d
001e2512
02e7fe49
04f50000
0a010102
dc050e04
0e1916ea
d7e61de8
323618e2
27fdf3fa
0d2001ff
1d200bf8
01f5e6fe
dafcea2f
f5ecda0b
031848fd
f4eb470d
05c8e4ef
080bfdfc
01f6410a
2506d40b
ff0d0bfb
f9ed1f49
1509fff4
ee06e8f4
fad610ef
03120327
ecfbf8f4
0a030100
d5f73c08
36e6f1cc
d5ee02f5
e704f7f8
0df7ee1d
004201f0
fb040400
d005da04
20fdf612
10e420f4
ef11210f
1202d806
04d61a29
04effb11
f9ff130e
ea03310a
e40beafe
040e25f9
0b0a1d3f
00ac0e0a
1b15fbf2
07f201dd
e8361efe
d700f103
04fe08fb
3c46afe7
50f4eebc
e543eaf0
f04730c9
1f11fcc8
2abe1603
24fde006
0ddb4a54
de1cccfc
0607ea25
e2e1d4b4
f200412c
06090125
ee19dffc
f4081304
07eef40f
f804efc7
f7fdd1fb
0121f2fa
e70a3a19
fb11012f
18b5e407
defa1fff
1ef11218
e02f07f5
d1020d04
02e5c81c
17e00d12
011eff06
e8293308
a6fcc20a
0dfb01e7
2bc3e0ee
17e2b3f2
3221c6d5
f5161f21
fcf00bd7
4042bedb
f1f8e6f3
2dee87d5
280737f8
5801f12f
fadc1d11
fd08e91a
ffc400b5
160c1a02
2d00de00
f8ee06d8
0e393d07
fa191f1d
0bf001e7
090325fe
051cff2b
1b142cfd
d2061e01
08f63214
18dcd0fb
09030e49
d1f5d7d3
0ae215ff
05d10023
39e20bfb
2efa0dfd
eef60704
dce8f3de
4545f91d
dcf41a13
81cd0af3
10fd13f9
7f22b9f8
c2fffd10
aa23509f
0a13d62d
ddf409cc
ef17ec09
01f6dd02
0406ff35
e2061c03
b6000903
00011e00
11ebe203
9811fc0d
03eb0b22
110206cb
06ed012d
fb18f406
e9061803
e3fa01fb
1cfffc14
0e0f0a20
e3c80307
131316f3
040e021a
0e05edfa
4c0be8ff
28fce3f6
f900fe2e
46f3e0ea
fdf7e00e
fe13f103
fe0c0331
f2e70101
00fc0401
f00805fe
f3fccf17
3a07ed2d
eb0605cc
01e01011
01180146
12d9e4fe
ddfd05ff
4e020b1a
f915c5ee
04fff3bb
27f81eee
ea1b0dfc
f7fcf919
03041d04
15110903
07fa45ed
12480ef5
d30600f2
34de06e7
01d6f0c1
0513fdf2
e3fdf6ff
e001c003
dd113bfb
23daeade
0c0ce830
7b162113
03f033d7
fa370206
d22bdb17
24f0cb08
f800a8ff
2c1e17cd
deeffdb0
05fce301
000eee08
01e7002d
f40d03ff
dc0001fe
5403e502
3419ffdc
0c1c220a
22d1ef15
06efeed9
05ecfe13
e92c1704
0d053604
b3ff2312
d907e935
04c7f2b4
1415e9ee
0616f0df
fcf0ff31
10c7e902
10fc13fd
3207f4e7
ee592305
ff05ed38
f9391423
011607fe
ff1afde6
0423e3fe
0c07ea00
ea0102f3
bdd5fbd7
c2080115
fb102cdc
0ced0c15
fef400e4
1a2f02fc
cf05e601
ecfdfc0b
fd0efb1e
fcfb1b09
1908f6f0
1003f8dc
040bfeca
f41c2700
11031aff
e4f301fc
0706d5f1
18f2f120
0413e1fe
003328e7
fc3d010a
fb05f502
effdea01
d304fc0d
d7320a04
ccf81add
bb08ea20
0aed2427
031e0321
18ffe9f5
e904d3fd
00fd08ff
e13af9e3
fe19182e
22ef000f
0acdfe14
05f101dc
0e0c0707
32fcc503
b40bfc11
05e2f10b
102eeff1
06cf16e7
f008ed10
fcd8fc32
ee20140a
fa0c1c03
1e010009
190bc2df
b214f6d8
201110e3
ec1816de
f8e7fe30
ff13dbf3
14fa28fb
f3030b1a
ecfdfb03
e2fd2132
1ed2f72b
0008de28
04fefd0f
070f0d09
4cfbd804
d409fbd7
2b27030a
2018f410
11fd021c
1106ecfa
faf0fcd7
20e7ee0a
edfef904
0c0705e9
ee2ce7e3
081703c5
e403f3f4
09e4f0ed
020c0109
ed0a05fe
e9fde200
d1030800
131df308
14ed0ef6
29ec0729
032bf218
ffdcfd3a
0704220c
0a07ea05
d507df02
e4e607eb
0d052efd
eb02faf7
f10bf807
d3066c06
05170a24
01e5f490
fee01711
03ff09f0
fa1306f5
2dc7f9e8
fdd61701
060f0424
0af6fff4
080bf900
ca0a19e2
ed0ff8e5
111a1810
07031ffc
0af937b8
031201ff
f10410fc
eb01fb00
22f41612
d9213004
a7ed071a
36f2fd05
00ebd050
030f01f7
e9ebf3fc
56f1eafd
b2fb02f4
d4fa3131
f7e0fe0f
d800110f
fd12ec0f
ff1d0210
fff5f002
c5fb1300
140bf305
090e2925
0409fb23
19f9fcc7
fa08130e
00fc0133
2c230aff
f0f90f00
e5f403f5
2b2059ec
19030ddb
f9d50e0d
fb040927
03e20116
0708e9fe
d6021800
1b03edfa
dc1109c6
d0eedcf7
08c90f19
e106e2de
fa02010c
18140404
15040303
19fe25ea
0614da0c
39e6e9bb
c4f5fdc7
0008ef1f
fe1603f0
21cae6f5
1bfaf4fb
1ff7bffb
fff9090a
1a0de41b
0304de0c
fc22e7fb
00c6fffb
04fee607
63000602
c501e102
1109f5dc
eff40c22
0e1fed09
0711d0fe
fffefdf4
03d21e05
18faff01
0a0201fb
032ff7d5
5cd282e0
13422a72
c82b52ab
e5af09de
9d951fde
422a72f2
02ea8158
db12d151
f7ff1910
4ed80ee6
10f4dec2
07f6ffc6
e2f400fd
f0fa0f00
ebfb44fb
29a6ebea
31edfd27
341309e5
ff0112f5
01e200d3
2ab70300
0f010c00
b5ff15e3
101801dd
b6577f25
e0c5c4f8
f9f0f2c7
18fae714
95f16f46
f203fb20
f427f701
17c558ed
05fa0421
01e40d04
fce11717
0121ff05
ebd5fdfc
eeffe9ff
2001f4fa
0af342fa
cae6f4c9
c811e802
06e71315
051105fb
29faf7f4
14fde8f9
38f8f710
21d8d5e1
310202f9
f7efe720
0426f638
052ffee4
0b11f7fb
00feedfe
f704f1d4
f413dfe8
000decdd
c5fe43e6
0d3af9c3
f90d0036
e8170103
18fd1102
140d45f7
26372f4d
330a06e9
45e633e6
0c20f54c
03fa002f
e12212fc
df04fc01
eef92c13
0f071908
070214d3
07f0ffbc
0020fcf3
bfe3132c
35d4c4f7
fcef0f03
fd06fbec
cab101f1
14ff14b5
1c0eff0e
0730e128
ea2a0b03
daec37ff
f1d91808
000a0a10
12f6fbff
00fbd042
e0b12f2f
d50f9c1c
fa360c3c
bd502b05
e8e7d300
fee30407
423ee7fa
0d05dc0a
ea0c12be
b9a0c8fd
38bf00cf
3011d0fd
c6ed32f9
fe1bfd0a
81214cef
c7fc2105
f6febb30
e1f41c4e
fefc0c16
61d0f6fc
fc110e02
fb09fb05
010ecd03
0306f355
cef91d03
24fb1afe
ff000b08
d424f206
0e2bfffb
fffce410
030cf10b
c8fe1008
30dce118
401acde1
48f7df15
ffc10df5
25074009
00010740
3113e8ef
2e0be30f
0be10911
cbd7e2f7
07dbebed
100ad2db
da181d0c
f71a0cf3
0011c019
e1fe23cd
fc2be9ed
d6cd1804
270f003e
1ccef3f8
0b23e803
fc1d0af3
02ae9f0e
0efadf07
e5fe0618
eedee1f3
f5e11217
ef13e4fc
02f91708
f91207f1
e400050c
bbfd0cd7
3d041cf2
3bb032c1
d9fb02fb
db0522ee
daf11d08
fd090f15
ff091911
ea04f839
f6f01ae8
070ad211
0d030102
eb104102
18282909
f6f3ede8
2100fb04
ef020009
d62e02fb
0a2724e8
42e0fad3
19cdf0f8
00f00c03
01b100e1
eb0706f8
e5ff21e7
f9050162
eae8b5ca
05d9febb
eaeed802
2421f10b
fff608da
a83abc03
1702bf92
f14410e8
0911330f
3e13f5f7
e233d9ec
20cd2904
fbd00312
ca1322f6
16031f0a
f5c40822
d7badcf0
fdf9f410
110b12ff
df0cccf9
fee4fcad
11372007
00f605a3
58310d05
03f91a11
2cd50af5
00e9a71f
ebe3d405
06b90bc7
a815f5dc
130ef144
d4e8ff02
0bf51507
da34dafd
eaecfdb4
f4ef217f
e70242f4
0cfbf2c7
e9fabef4
20f5e91d
fb46f1fa
16d4070b
080de2f6
f7ede902
f5d312b8
db111701
0702c7fc
180df446
f0002f23
1f17f8a9
1204d5ed
00d41ff4
ff0a12f3
19cce5f1
16043a2b
1b27dbf9
f51111f9
5927edf6
f1fb26e9
d7efcc00
fc0c1222
1bb8eef5
0f0419f6
fb2d25d0
fe16fad4
f5e40feb
1902defc
3b28f8f6
ff2ce9d9
cf0bd105
fdfff2fa
e9ec18e2
e3d8b6ee
24a10ae9
4d06cc05
26ff19fb
00b90730
0d37eb06
0900f5e5
dfd4bff3
03fed3f0
322007fb
f2fece06
d81cfe06
07cbf52e
1a1dcbf5
e8021bda
fbf52b00
c5e02702
06fffd0f
f72001f8
17186df9
001bfc0e
fbe9f0f6
d5020f58
bcff06e5
12fde42c
d83bea1f
1841e60b
35233c03
fceaf2dc
f806b805
0501f5de
e0d2192d
1f22aee5
f530f5db
ef94daf8
16342d0f
ffeb00e3
1f112ffb
f806e25a
33551710
2ad4f719
01be04ad
22f22707
08f61afd
fe24f645
3ad7ed09
e103ca03
d4cd28ac
e9d5c0e9
ab0bf6d8
012015f7
f506e909
fee3ee1a
f6d5360f
17ffe8f5
1fd40227
fa20e415
4ec40242
2a214bf3
050408f8
03ce0bc5
2813bcfe
f900dc61
3be8f5dd
bfdb3350
4437ff31
1703f701
20db0306
fee6f603
2af3e302
1c05c748
e8b1e41b
d7fabe29
ee18f3fb
e51de3ec
11e2d409
fcf404c3
e4ef6af7
1105d142
3ddc23ce
20dfeced
0aeaf1d7
bbfbceed
15f6c310
f422016c
f3b510f8
ecfc23b1
034f2ac7
0629d204
e2c7ee50
dfe94d14
f70670f8
0319f9f9
0f2309ec
f3feecd9
1ac30bd1
e5adb400
3637121f
41d21dfd
cbf72bfd
030907f7
f2f60008
e6060620
d904d803
43f7cabc
040ff7f4
e0c3e6f2
c8f3dffc
fe0f021c
0ab5f7f5
13fde5e0
1ed4142c
0723d80a
89720ede
31fa24fa
2ce5c4fb
fa0e1303
d3eef90f
e1fb050b
e640f5eb
36fceafa
e4de1422
e4fa3111
e1e0d202
03580b08
10d4f8ed
cbfe30e2
44ec1919
45fcf410
eaea010a
d4afdafb
1dfac503
001d08fd
24072502
13fcea04
263a0cc6
d3c81012
2130032f
35f10614
14090b00
fc49ffef
e1e8e2fa
0d04d816
1012fc37
ae23fbef
f9f5005e
26fbfcfe
09e8df0c
fde3f61a
d5dc3ffb
170105ee
e9eef5db
0cba0907
3beff7e1
def5b501
ed46ebfd
fe08fafe
ae25f40b
06010e05
0aefd408
1518fab8
dcd9fff6
1613e503
e90c0700
fdf4f93b
fddd4b09
23fae0f5
d9f01a5d
ead333d0
e7c4fe2f
3fce200c
f02fc407
0611f8e6
f129ad09
d3f9dcc6
02c42819
37e4e8dd
bf0bf820
052cc50d
13fe4511
fe31021c
0cf72206
fe07ee05
d926f3ba
e82804f1
0ddefc06
0a27eb1a
f1d47ffd
0417e5d5
0cf2eee7
f4faebea
e4eabd09
15e12822
cccf0fe4
f5dfe80e
07cfcdf8
00cbf00f
db1ee9f6
03ff4014
f306032d
cf132b05
201b07f6
c0f715ff
001419f9
f71cf8aa
f0042e04
04fef716
082816c2
51f74eed
f5170009
d7122efd
d7f305fc
00be05fc
1dd7e211
2503f80c
ff4708a3
f61fea29
e6f8fdf1
34d71e03
3aecd3fa
fb3bf4e2
cbf951f1
e300150b
e53631fa
fed3d330
dde20907
29fded05
f304f300
fce6f91d
bbe64005
0802fb14
e8e2e71b
ea0a3712
dacf0111
1b01dfea
03b02705
011007e4
29fecdf0
06002ccc
e11e0af7
efb60cfe
fe09f314
37011a05
012d1607
08ff00ed
eaf83bfc
f605394a
27542a11
5610041e
def61829
0204e3f0
ebf446f8
09121ef7
4ac7f1e8
f1fb13f6
d3c3f3f9
0ddb3470
3f22fe31
0426f401
d3eb09fb
fc0c02f6
ec99f2f9
e1fdef21
eede179d
cf06f31a
40e307a3
0be51ffb
db173704
fe05ff06
30d3150f
0fff1958
045415c2
b309feb9
5ae414f6
1c1f0eff
17f4f6fd
00160418
4e2be90c
fdf900b7
cf0627e7
f7f0f106
2ad21a17
27b9d200
4cc9bbfe
fb360bdb
1cdd2dfd
f7fafe0c
d561e12b
261f35e3
1236f506
11c80705
dffaeffe
f8de0efe
2d3adbfd
f6011c15
edfb3b0b
1e1d0341
1dec0ae3
e0d220fd
dec0dc01
fb0b1009
110003ef
dbfb07e8
0627d81c
ea3c3e11
192308ea
e616f900
2fbce5fc
ff2808b9
19f50f07
e3022516
dc1fede5
efa1c826
f5e3ef37
ee35dff2
102e9f07
ff1709f9
082239fc
f004fc0f
1dc43a14
eb22470e
db3feb07
04233bf1
08e808f9
011bfd26
11ee09ee
07020f1f
31f33c45
33f50ff8
320efed5
06f9280f
ddcbc60e
0001ee52
fe340ef8
cafdf727
ecc74403
d7a5f3d5
3bcb00cc
e6fcf90c
eb20370a
f7d7fef2
ed01e6ff
f702fe17
feeee10a
d3e0cd0c
c9230efc
caf281ef
11fb55fd
f71a09fa
ec0bf501
1201d2e3
fd09131a
dbf8beee
0230fc0c
fafefc0c
07fe6000
fefff471
05e8f1f2
da02e5cf
0e30fff5
dae8ee07
2ff0edd5
d4cde603
0720fa09
00fa00ed
24f6d801
0303501a
d8130fc6
22ed03fd
dded0b00
c3e229ff
eed722fa
0001f70a
c506e0ff
3303f2d3
2214e4e2
ffd3f536
024af8b6
eb58cc11
080e1802
0102f3a0
fcd92bf9
1002ed1a
daf1d51c
d3d4eae5
44df0705
65f4fdf7
5af1d106
fef0fd1a
292ae4fa
0d0019f2
25f8f94e
f03cf59b
ebb5f3e4
c3d4550d
c6352106
ffdfeffa
5c50150b
01fb11dc
4aebf916
eee3f3d5
fefb0c21
e520fdec
32daf905
f70119e9
dc052bf8
02fc0510
13f432f1
11f4f70b
fdddcecc
2de7fb0d
1cf0e102
12fdf200
f2f228f6
d400f31a
ee1cf22c
fec919bc
410a2402
49b2d102
dde0f8fb
fdfdfd11
3d15bf0a
e30109db
17d80f0f
f7bd50fb
dbd0e631
0e2f20f2
3b041406
f9a40132
d8a703fe
fb024305
30271fcc
addbd1e2
18fd01c9
fb19d0fb
b0ef19f5
00b805ef
0215fbf6
ff4ffdfe
00fffd04
04000203
07fefefd
01fe026a
03fcff01
41f87507
fafd0505
c9f812e7
44e0ff37
552db3b8
2602f469
15671d0b
e9023efd
050bff50
b4c12cea
0703f6dd
0324ecd8
09107027
f7fafebd
0a4bdafc
c8eff3ff
fb2bfef1
26edd3f7
e3fd0dfe
eacf0356
e4f0a637
41fefbc8
5934080b
1ff2f2f3
010e0123
1c4f27fd
11f5f4ea
1dd0ff04
2e020fe1
ba3200f6
d4410cf8
ff05ac12
ed590119
c6e8dff4
1305e7d0
2dd4fa06
f72e0b0f
0ebcc2ea
f4071818
f9f4ecfd
01fedc2d
3011fbb3
0d002e33
e327dd12
ba2fe928
f50b1ced
e3013ce4
f9db5d02
eb970606
0de8111e
4402f2e3
e00b3b26
bd2f089e
3504012d
be054703
e4db2903
012400fc
0c1ff2f4
fd0ffe08
fafe0001
fffbf1f8
03097ffc
0a0a0edc
fd11fdfd
f41502fc
fff4fdc1
eb00230c
e4d10712
fe40dbcd
079e0813
38e5e6fb
12f63afe
01400346
324edbfd
02f40413
40e516f6
1de1e706
08dcf8de
0f0d59f0
25ffd403
01f0efe6
fef4e1de
49fddd02
11040b09
d1d631ea
d752fdfc
101826dc
f6fc1d07
ec211229
162f24e8
0eff00f0
d60622f6
3bfcee0b
dde1112c
0cfcbe02
f6eee10c
03dd0f15
13efb00a
0afde8d8
26611286
3bec8906
4fd1006f
03d3ab33
28d8faba
0c0fe73a
f7c6b902
0d08fde5
1cdfe41e
070f1903
16db02fd
140f1414
0d0a0cfe
fecc000f
21f3fce4
dc06db21
021ed5c2
f9c12225
34e411ec
ff18e509
040fc1f3
0112e626
e6e3e6fe
caf8e511
1517ed22
ddf0dafb
1512012c
b1e2eef4
340e2600
00231bce
1009c908
0b01e4b9
fe282c25
eb0a18f4
0304f702
98c6ef0d
c601f5fc
0419f80d
141d35ef
02f3fecb
106b20e4
3a0d0324
4efb34eb
d1cec0fa
d9231bff
018128cd
0c27f325
f6fc2106
3025f808
3131e93c
e2d8060a
f207e41d
ed1bb8f8
000be981
1f0642f4
f1fef619
f317fa0f
260aeeed
e708fa4b
121f27f5
1a031809
f8f90bdf
151e1501
f6230bf2
f9e903fa
fc190603
202bef23
e30f1d34
0a060301
f0f81e08
01f1020c
f901e5f2
2220c003
f3d1e808
c532083c
ef4421fc
1bf608f6
fad107bf
0d296efe
e70219df
d5481258
99e82f29
ad08f91a
474518fe
ecc305f1
fe00f3fb
bf2ff609
0d01f4de
913b221b
7fd6fa53
28260cce
21021e00
d7084dfd
04d8f933
26230ffc
f5022cc9
edfb0741
e652e407
c1ce1e0a
44bc0602
c20ce405
fffcefec
dedb130d
050bfff8
f400fdf7
fd050600
0608ed09
faff0717
01fd0906
f800d202
0b000067
f702c311
17f7dcd7
d0551f39
e72ff73a
f2d10ee2
1428fe0f
fd350d2f
f71de90e
e50324d6
24f5231e
0707f80c
1efbfe1d
31d852fd
1600bbf1
0116f81c
08fdb916
0bfb00f5
a5430904
29de38ec
81d5ebf2
cc000d0f
d9ec18fc
fd10fddd
31c1aaf7
45010ede
211218ff
fa1a1ebb
17190b54
f7a8e801
00f6f800
fb17f6d1
2eeefa07
fe1ae2f0
0dbd4af1
14e1fcf2
f214f2e7
2618f82c
290bbb06
ec2ef50e
eae31ef1
14fb16b7
e4f134e7
3538d503
02d903d3
1109f2fd
e5023500
fc170b15
fafac6e9
0f073a39
e7e007d2
564c0d2f
fab4f508
2f4620f9
e8f01afd
fd18fe2a
26db0dfc
030101dc
22130e14
0fef00f2
1a21f5f1
28f4fcf0
f7e605f7
ffe70d16
2701f9fa
1e0bd781
ecceb91a
e0054bed
d015f2f2
dfffe30e
c023e506
0426f470
e402aa10
060eda7b
c2ee150b
18091b2f
ee41f519
10fbeae2
1e003f06
f7d60edf
e2e7de04
ff4bfe00
0203fa00
0700fefc
fa040f02
fa01feb0
00f7fa03
7ff7caf5
0207fc17
0e050b15
fc04e5ac
d90b23fc
37080434
02fb1ffa
e912d6f7
fa25fa03
031eedf4
1f02f401
ee04f102
ec10f324
1bdefdf0
cc180d01
1b19e501
00e6f9b4
04f32ff9
05040310
0ed3d535
04fa0f36
ce0ff44c
ce1d110d
e91212ff
0005f105
05dec8ee
0efff90d
bf0735cc
c5f7f5ff
e72a0af2
edc41cff
e8c1fffe
ff1606e7
e60b9702
1a032205
01f1f835
e3e6fbc8
dde40637
e759fded
3df9f909
fce90bd9
d1ce4700
f50021fb
e80de115
cbf227c6
dc8e14f6
720abd08
28083ef6
ff0af103
11e0c9fe
2a011e51
dccc23e5
4325f6cd
faf2fbed
e117e1f5
28100606
ff0009eb
6beb07f7
ea0a7f1c
1716231e
b12c2419
c9bc0705
dfa01703
c4e0faf2
03f7e944
02f052fa
f3ff3116
416cdf3e
145dea26
f00ffcf6
18cee9f1
fc1702f7
04f71009
49e93421
f50055e2
0ac44f38
064edfdc
4649f405
febb18fe
def71206
fb0c0dbb
dfb9e20d
f601d3cb
01070ff5
32091009
21dbcb2d
151b25f7
ee08d3e9
ffe707f2
e0161ef3
e1fd34bb
d20929cc
11f19906
0ca7160e
e3f3ff0a
f21813fb
fee3fcff
db14dd12
33fdee1f
cf2efdf4
1cfbcd35
da0b090b
1c3f1205
f7f1e710
f9df08cd
d1cdb50b
fc012452
96517f48
04810ffa
ffbd05ef
0736c9ef
ebf533f7
f93a0bf9
bbc4ce1a
24000ec7
31f3372a
d7e009e3
23b10d2b
09e01200
3bf4e803
ff20022c
e637420a
20ffe32b
e8eb08fc
4fca07f2
12f022ae
e7fbf4f5
1dddc602
fb020906
a642130d
ee01be20
ef1030f8
0a06f708
320708f2
050f2aed
4ce8c105
04dc0ff1
23e8e41c
fffef1ad
acf924f0
2962cccc
28c6f70b
f709ea07
474ded02
0135faf2
1edd7903
1dfc43a9
d6d00b1d
05e72902
be4703e1
e8d5e809
fdf01af6
fecdfdfc
3fe238f7
d8032512
1a1afaa9
bc0dec58
5c45f3bc
12042ff5
143a2507
fa22fe2b
c6f7cd09
e4f9db2d
1527c027
0ae2d1e9
1ccffcc9
556af005
ee140107
fedbfbf8
08dc5211
d4fec3d3
2127db29
e5dfb40b
e8d5f7d5
a1b7fb03
cd0243f7
fd3100fa
0ccb0202
e7fee7dc
c5cb30e7
e5383dce
ede20fca
0b192df2
26efe3fe
f7310cfa
e313befe
34ff08e8
6a812634
21dd04e3
02d100dd
fefaa6f6
18fdb0f5
fd160edd
0252e0e9
04024ef0
f8fac5f4
dc9f140b
292af84a
fc5d2801
00ebfeeb
fcf0f5fe
bbd5f1f1
e6fdd927
1c4cfeb2
2d01210f
c31ffd13
0cdfa317
de01dffd
04faee03
21e51206
11f808ef
4a00d01e
19caff10
10ff3008
c91e0517
34de18ef
022202db
12ec100e
defcf208
02fd22f1
1518dbfd
390609bd
484e3e06
c6daed08
010505e5
582e3efb
f4f90d9b
c422d850
55f63af3
19fbfd9b
f589faf4
fd0d0b0f
00eb17e6
def4ea0c
2b082c3e
290fadf1
20e7f74b
180001dc
d0abf519
380d4b02
fb0ed7ff
c5fdcdf3
2905fff5
521423e0
d706dcc2
f652e0df
edf5fef0
d8120406
fbfb08e3
27f902fd
ee00f001
50440130
efe60f62
0bf7f115
cf132fff
0b359410
fa0af3df
faf9020d
13033008
efbde601
487aebdd
1332f19a
c0f404fd
0c1b6f00
fcf4ef02
16c7a907
0800fda1
0836ffae
2311ec08
36e6ff56
f7fadd16
9e1bf1f3
fefbeb2e
1ff37e10
e105263c
f85f2d1e
f025f5bf
479e02dd
fe7006ec
08cfb608
03120bf1
0a1b2dfb
2200de10
1b19b0f4
3afaa601
3a54f4de
0b44f313
e7ec0603
fd2ef017
d3c6a0f2
dafbdf5b
e2011dea
1048ddde
f9360cfe
ff018e0a
f0000404
febd0130
2bf1ecf7
20ff06cd
0110d836
0d24de1f
17c5f605
eb240900
fa064701
ff91f7ef
fe1509fb
bcfe1ff0
12a9f23f
3f8feb1c
0812ff2c
12ffdf04
81ff1702
fc1ef9d9
1d174511
da01effd
32221217
39220406
fef7f424
fde11df9
34329e12
fa1af5f0
e115e310
15061008
3413f3fd
d5d5e4d5
35fb0945
0af61306
21022ff9
0001f30f
f91bbbfa
d8fc12e6
f4dcee16
1b153417
dad710d2
2418fafd
1af5c5fc
fee40afa
f7f4ac0f
10fde318
bd29d1b9
180f1601
94caff0e
2b2220f3
0510fe08
0014020e
0ef90809
fefc0cbf
cddc0505
02da1960
0c1f1309
cee70708
0dd42ef4
fed1f501
1ba949fa
fe03ac1c
192cf433
083a1a04
cc9d0002
a8ea12f3
0f0aec11
02e104c7
e1bc2d05
3efc0cfa
e51907b5
c728d506
f8c6f330
d7f83106
11f8fcf9
02dff81b
130732fb
25021302
1af92612
da06e4fa
4827fde6
01f80dfb
ffe1ebfc
fc030aa8
fd7f2903
edfbf2d2
ffee18e9
aef8becf
bce60dc9
02313013
2cf81502
0440fad0
e80ae8fe
ee020f43
4fd3bc2b
40140a05
4e080130
3f1ea20e
d508f809
fbebf502
1f211604
a4fe07e8
e9f9f2e7
f60b24f4
4fc50dfa
0a281008
e603d009
0318fabe
0e2c430e
fc011c05
e32cd501
20edeb04
0908f41b
0c21de12
b9ea2ff9
040df1f0
2501d003
08fe1c0e
d909ca17
26201b02
012f01e7
cd4d2e09
081e0a0f
fad7fa0b
db17f907
3103fdfc
0642395c
9e0b3900
3940f9f4
e61625fa
1efc1604
f8f8f42d
31f50310
13054dd5
eedd2918
acc3f218
54d103f2
693301e8
f7062df7
fcc5092a
fdacf9fe
2c02a9ee
f765db39
0e2c38d4
1712fc12
1de905fc
27f0dbfd
fd4bfe0e
d657f7f7
38031439
f6d10304
151bc21f
30de09f1
053306fc
1aff2a04
ff1d070f
082a3e03
e2fef9ba
c63325a4
f0e5edd2
34680103
c610b8f7
0b19e00f
ff0408e3
0b1df410
f80603ed
16d0ef95
f5ec1f1b
f8f8e620
0deb13f6
f0dfe803
0a222214
f9311512
00003a1d
e0c20848
ccfb1a16
fafc021f
ef4bea07
fff98308
02c5f4f3
e7d81911
1401f6eb
f944e531
bdeca908
010403d9
080ecc01
eb23d90c
fdcefce3
2b05f310
06fce2f7
f706b3ad
c83314c0
1f35061d
17d8d303
19122200
fceafa06
3739e7e5
fcfbcd1c
2053f6e3
e8fdeae4
a1eff631
010e1305
f9efecfa
fce605f0
001fe9fa
df01f922
ccff1bd2
e0f69e04
ce2701d7
1a3903f8
d013ea01
fa080925
dad1fb0a
0efa08d9
fa08e80f
e62885be
1b2501d4
3fb8d70f
06202205
05c2fe04
ec22bb04
3afedd26
e7ddfe09
27efd94e
bfb4003a
1d01f8ec
ead472fc
03ff0522
1b5b18fc
f6fefa38
303b0b2b
3e162ee7
133cf9b0
f926d5f1
1a045c14
f9de04e9
fd14f3f6
fe031929
ca30f7f2
cdfee84b
3238f8f2
c134f704
322ddb0c
fe0fee05
cd001204
1602263a
25ee0b93
fb27aade
08f4ff2a
47dee7fb
e91cec09
fbb3fbcb
0bf0a612
befcffcf
ea942048
111406c8
e205fd73
36040def
f82e0d0c
f9f01bbe
050bfafb
18fd3fa8
d735d802
1fffc903
ebe70ddb
48eaea05
c70710f8
fef707cb
d8d6c800
020215f9
b5f4290c
65e40f1c
e0effcd6
24f8d5fc
0104ef03
ff34fc0c
fe51fa01
4dff0df3
d733e526
c544e7c2
109df657
e0d0ff07
e916a4fc
00dbf834
fae1d4e1
ccffe4da
3d011dea
db24ec03
f82e0d0b
5f2243fe
03060907
fc1300ff
c70fe30d
3effea07
f6f2dd54
f611f843
221afdbd
08ee1b02
12ede502
fb040182
d10242fd
1cf90b02
08ce1527
eff9d5c1
ffe8f345
bcc83107
16f20707
fce8f8e3
f7d3ecf5
fa031c58
f61524d8
52fbd600
1c0d0b18
0205ccff
f7e1fe06
011cfa12
f00420fb
11fe18e7
fc00d2d9
3d04f5da
042d0e02
23ff2d00
1103f302
f9de03fc
e7013709
e0000d23
f6a31f43
0fe5ab52
f7fb01f8
380f09f5
29ec0e0a
011ffbee
f9f81cfb
f304cf4c
d20bff3b
f70ef2fb
0addf000
fd2d3117
1ccbf5ed
01fadc12
fa071be0
0a013c12
36e52bea
c6e2c8a7
defa02fd
f7f915e6
0a02d20d
ffe317fa
eadeff2e
08042b40
edf305fa
2bee0ffc
0cf8e7e2
efa7eaf2
2ffd0df7
fc2dfce0
f0f70d02
0800ece4
da190f2d
f6090f14
26dd0ffc
1702ea04
f52cec04
0305ff22
e5250af9
ff001fe4
0bf1e216
d4ff087f
d42cfb41
0a56270c
c40706fc
02e7f7fb
451710f3
e901eee2
30fbf2f1
fa3ab719
c6a508a1
3bc13bf2
010c60f8
f9f4001a
2bfd0c01
2a02f072
580d3f08
bf1634cb
1f25f3ff
e52a06fd
ff26e70f
fb00040d
11d74af7
030038f5
3366fbbf
152d02e8
0027ff46
2f2ca8f4
190ad302
f8040614
06eaba04
14ff18fc
18f8d5be
2406b4c2
f260df81
fd1ab3f4
f4f60601
fbce0504
c6fb34ec
31051edb
ea9def15
fc1ee5fd
15220b00
e30a5af3
a8edb808
fd4c0104
8d0d0ffd
bf03c558
47e4d2b2
f6fbced6
b8d80214
084046fd
261e0108
fd05f8d8
dcc8160e
fe08e84c
b6040910
473430fb
c234f4ed
fbb439fc
fbfb1806
f4e6f2f6
3f150206
eafa0be6
e31d1116
e0fe1001
03dbfcf7
02e913f7
17149d0a
00dd10c8
3539da0c
fb045009
d7f9fbc7
fae0221e
d55b00cf
1f07eefe
18073004
f9d5fa03
1bd5ec07
d1f9271c
eb01e208
fabac511
c928f33c
e824e6fd
11018401
f70f0402
1123d806
e3033488
08c213b9
1227f33c
d8080d40
d0c8070b
ea003203
ffedfb2c
de1d500a
0ac80367
dee9f1fc
e6072305
e90bebfd
021b095c
f0621bf4
41003bf9
fdec0b81
f10acd4c
fcfcfd12
f2da3406
1d10f22a
b53de6ed
1d09d61b
fa04fd59
02c6fd10
cf02e945
c510d315
ff492605
fe0df731
43d230f9
fa0b3004
ffe8ffe1
35033cf8
feffd9c0
e1a3ea20
f51ae5ec
2f0f09d3
efd9fff9
f80d72fe
f92007f9
e8f9240e
01023cf1
ec11f230
1602f605
df2be9ff
0d61feed
2f0efa07
ff0c0c04
08ee39f1
fa091df6
ebba15bc
bef718de
4908ffcf
266c0207
3f0448fa
f832e110
2af6050e
1dfd0e52
f7220a01
f2ea1dfb
f32dfe06
0602dc00
bce6ecfc
05daf80c
3764c9ec
19faedbf
c6281834
21f20019
d1220e03
1d29e808
eedb13fd
f8fb050c
c339cb03
22fc3903
17171511
f9fcfae6
b7fdfc51
f0241dfd
fce44107
fecb061e
e12bf8f2
1efbef3d
e20fe51e
2b482204
5ee7dfd1
d70f05fd
1ef60004
f21700fd
00a82408
dcfe3108
320116b2
07e3de4c
f0de09de
4601d3fe
0a03fbf6
fbe4f91e
1ffad903
f803673c
0cfc2a9c
b20018ca
ee061ae1
5ef603ff
5200b305
fcb6003a
f117f014
e3fdfaf0
25e3a41e
1cd20d09
18f804ee
1abfe9f7
1101fe0b
feed00a5
18084d16
1b061449
ffe20bca
fdf64a00
012c00dd
250101f9
e2f6eb06
fe0ff923
02d77afa
d4012739
de2cd72e
3cebffdf
fcf1f81b
d8c0f80f
2fda25f5
fd1debb4
f0db3dfd
0805e319
2c4dcbf4
0ee5f6ed
0b1a0443
582ff9f3
de0d240a
fa3304f8
c6ffb718
1401eed5
e9ea07ef
08b113db
daf903ca
41d1d4fb
13fb38f5
02150ad0
c8fa52ff
06fcece0
c04af543
e4f6eb43
1710e7dc
f8d320f3
fb12f301
02171038
1decc3f7
160101f9
c872ff2f
e92245f9
e2d00204
ce158df4
0bf51b05
02fdfe53
43e90f07
1401dc52
25e7e0d6
ca2f4bf6
1cb8f64c
e34dcdf7
c3fab80b
f733f7ce
e700c508
e4fefb00
e41dd7d1
ff091ff9
0b03f3db
d0bffeff
09eefcfe
fbbf03fb
ba16e7e9
ec000405
201f3de7
052ceb0c
f91adac7
0cef0721
1bd73004
fa0fcc08
ef1dcadf
150500f0
0d00f81a
05bbf0ea
152b0a22
d12ae905
1ff926fb
050ee5e9
1be1ecfb
e2f616ab
f3101a14
52f0e1e8
3411fb22
25d1f1f5
11d3f106
05202c41
05153204
ff021f1a
e9f41101
4d11f105
f4c20c34
e9dd010d
eece30fd
01e5ef38
be1daafd
fb000adf
0d3406c2
240a2848
e02f0224
880efd04
f904d2ea
fada0033
2ffeb206
5501bdcd
0f2d0602
def92846
30d01736
ed38c10c
f6f306f6
fa2af6e9
99332102
18010d1c
d40fe7f6
db3725d7
0adfec28
00e5efee
f1efd4f9
fb4c1204
07fdd5f9
08020e39
04eaee03
cfddf100
ab1e12d9
cd0ee2d4
0ecf1305
272a2e3a
bfdae818
1bfcf718
ff0bed2c
4ff22215
fbf2d90d
da4e11ff
d91c1b09
fee1fe1b
182e05f8
fb040ae7
1e290fb9
150d0607
fe10fce2
1dc4db1e
06ebfffd
fe09f5d7
05162d02
e4f80b1b
3bc7f2ef
4704e8e7
05fdfb39
e6acd410
fa0530ff
fc04fdee
e4d4d00e
04f9fafd
fd00e4f6
f2d7e616
67ff05ed
16aaf003
280ffd0a
04c6f50e
fed6db0e
2cfffe1b
fbfa10b9
b9defd0d
2af703e9
17fc0a03
f6f02f0a
fc1e0dd1
c6f8b203
1ffe1b5a
0d1ce629
12f932e3
2d1ffaf2
f83a1efb
fa00d503
f8e0071d
fd3735f5
12fdf0bd
ebf5e73c
1407cde2
c1e801aa
cd0df1fe
f404210a
000b0a2b
003b1aef
f701fbe3
1352f9b9
2334df02
e7320b14
e024e414
1912e8fc
fc16e604
e6e90ef0
d4072530
f6f5d9c2
10e631d5
a90fed1d
e70bf700
17fa6f03
fbe3edf5
1afe2bfc
1209d308
d02adb22
eef2f3ed
bc06f92f
1bdff5e3
ff4debf7
fc2ae943
f2f40e13
d3032ffe
dcce2406
1cf4ecba
cc36fce5
f713fd04
35e41af8
01ff0b19
0f214be9
f0fddccb
50ecee0b
0a42dff9
d7c40496
2c16f8f2
f000eb03
fe19030e
d129fa16
4004efe8
22e8e058
cd414b05
180314e6
fdea35fd
31ecdf05
fcdcfaf9
22e8d2fd
0e010012
f8e3d0d8
150df70e
06d5f41e
d5aadbf3
1a00f101
fb0e0428
2f0aefe9
0e0316e3
d90304d8
a2d015cf
dc4c0803
34fae702
d208fc06
02edffe0
f00c5fff
de0443f2
da19e6eb
ef053301
d9b4f718
e808f20a
fb0ce300
fb03f540
04ee5eef
e309e139
f0a61019
1507d121
fe4603f9
a22717ec
0cedecfd
fab9f03f
0bfcdd00
1701c7bf
1a250be3
3c121112
d3450c01
9e0a1b01
2df403fc
ff28fd11
134c37f3
0cfeff0f
2c1e0df7
12c21d03
2d60f7e7
0df651ff
174ffb0e
fd17ee2c
1daa2c19
eafe4822
e9f5faf7
e80114ef
3c13f8e1
d61926fc
0719e60a
fb3efdeb
ea711000
fb07ef09
123e1513
1eceedea
10f408e6
faffd513
f706fffd
e6db04bf
0efaeb01
13feff02
1e02063e
1deb23f4
fb7706f8
25a3f00b
fef31b09
01fc09e6
e41427f7
f900fafc
cfc319f9
1603ccce
f20ef7ed
16b81003
19264ffe
fff2fad3
54e6010a
cb05f9f8
e5d00706
c134d618
dfa60639
f6f6f017
09c9f701
083a15f6
ed0105db
d1fde02b
fe12ff3e
04f6141a
e8b20cf2
ca3fb1e7
d11721fc
00f112ea
cdd02e1d
ed030557
09442df9
4742160d
df0dfef5
d900e704
d41a1a02
fd17f5e1
384bf3e8
3bfd0a0c
d1b10fa7
0ed3cc0d
fb0c022a
f9bcb101
2ef6b705
0314fe19
2ab5dcfe
13fd07e1
f60af168
260cf2ee
a344f113
03f3ecf8
b2e8f9ff
f7c708e1
fc5722f1
fddf08d0
f5e9fee0
ffe6f430
eaca1dea
f5d0d9d8
f3dce1f7
d115ec2f
05071af9
0c09e208
da36ced7
fbe4f0c8
2850f013
e1d30cf1
f2f81efe
032c13e0
1ffd14f5
e4020feb
38ed216c
cf0fe641
eed5ff04
d0a2ca17
1ad772f7
0359f346
06e72cf0
29fee50c
ce26e8ca
4b312926
3d0806d8
1502fbf6
c4149b03
fc2906ff
eef3e908
f101f5af
0a141020
58ee02ea
e5e8f403
2afc07fa
2e262d02
ff42feee
05fd320b
01e10bf4
f30616ec
e420f000
191fef2e
e941dcc1
f5022cf7
0317ddd7
1ae8ef0c
e0ffdc99
12c80cea
4d25b6ed
f123de45
0d58c108
150cd7f2
feeaf1fa
b527eee2
ffd305fc
080300fa
fffe0afd
ffffff03
ff0003aa
fd04fe02
5cfb0402
f7fd02f4
f701fc18
18ee1eaf
dd23e324
fbfd01e8
02eb1de0
15eb34f7
00f525f2
cbe0c0e7
f7082e05
1419e7d8
b5db0f4a
ce4a09e9
22122ff7
dfec42fa
fefa06db
df0c0808
100d0321
bd04f601
edd4c106
da070c20
ed091f1d
e60cb1fb
011ed6b4
21ee31f8
12fd0cec
d00edcf1
e800f321
fbbf0bfe
c930f5fa
f2c03afe
fd231128
2632490c
1efee83b
dfeef04d
fd45dcde
eaf0f5f2
c5fc2afb
dad5c300
f8e80a47
fa2bfafd
fdfff9f9
e01ad0e7
f0fe1718
e6e7f404
07cffb14
f6e30801
fe1fde0d
070be50a
0cf8e715
aae2ded2
3927e4fe
15a30108
d8b02308
f7dd4c05
fde4f432
0f1105fe
09fe094b
0721faf8
0d383726
adf2fae8
001d2500
0cf5fffa
fda3f703
17f8f0e8
260522fc
1afd2a0b
e82ef6c6
22f603cb
40efc709
d22ded09
fe08eef9
d116f007
27000717
d924db62
b5ea1fcb
e827f9b9
dabefff2
100de908
f8050807
0ff6d214
fe012c09
fd1e20c2
e918cef5
c7f1fe23
b7f6e5f9
fdfccdef
fcfe05e9
11f002f1
e6fd1005
316ff121
e413d6ff
1d24fcce
e9c0da0a
2b06a2fa
0041f919
f04efafd
f0056e22
141fd3f2
e8e9de0d
fae100db
335bf8fd
3a0acb06
fbeefcd8
0d01f808
35014ff0
ecdfa7d1
0c28f428
e232e3d5
9a2dd900
2df5e300
01e0f9ee
d60596fd
be023208
f4acfc1e
472706d8
feddf3f6
d9064504
cbf5aafd
fbfcf40b
34fcdcf0
fd022c1c
bd1cc8e4
b5690e16
1446fde6
ddfdaff0
e9d6dc07
fe320de8
ed20dced
fd8107ed
ea270c0c
01f6f9f9
112522e4
f30de67f
07b20414
6a15f500
f5f11451
1e01cd15
09f3f955
0418e5d7
f12c062c
1322fa02
17eae10a
ff2afc3c
d90501f9
e507f906
d9d90939
2edf681b
020eeeb4
20022d00
d714dd03
f6e4f1ea
e5e207fd
b7fbfff7
db200eab
f4b709f4
c8fa07fd
ceff4af6
13e50703
fbe20ff1
e11bb203
fbfd0343
08f32e0e
f7dbd100
0fbdf543
451508ed
d2d8fcfc
fcfd1244
3d25dd04
e006d8bf
ea3508db
41c9c52d
fc06f9b9
12d603f2
2c3842fb
07280604
16de0f07
01ff093f
fe01f2c7
ebd8fef2
05cfdaf8
ffdd09e1
ede930f8
f7271bf6
0c2502fb
08fffaee
cab5f89d
f3c40d1b
d21aeae9
17263ef1
1adccbff
fcc1090c
cbd9cafa
0aff3302
fdf2fde3
0f08e7f3
14c5f20c
151a4c00
f93cf30b
02fdfa1c
f609e603
fa04110d
4f1c1404
f7e800db
f42ee2ed
ebd13a06
fb29010f
fc31ebef
16e9efc4
1604a9d3
c2f11dd5
e2280926
e7e20324
141af50f
dc0809ff
fa17e729
eff131f4
d4fcf7f7
dee7e525
c124cc2f
2d3907c3
2cef10fe
f1f32e07
f76cff33
1442cffa
55fe082a
f50c3e51
eef438f9
18b0f71b
2125fffc
09f6fdf6
f8fffc40
1b25160b
01fee9e8
f12ed953
ea250c00
b7c2f2c3
bb1431ec
d408040a
fc1a0c1e
11055101
edfc2c14
43a614fa
fbdaba09
1021ede0
b19df5fe
5505d400
01e401e2
e406f608
12053804
e3cebce4
e046d934
06fdf9cc
edf000fe
13ffd3fe
00e7f5fe
1d22f9f6
4b050328
eb34e641
00083f06
2527f7ee
e8052500
0e28e410
011cf2d4
00ef9bfa
e401cf07
07481410
e0dc0afc
2c540de8
0fc4cef5
c7d8e202
fb1df9e7
f1e748fa
e30008ff
c2fef604
ec1c06c6
cd011afb
0fe300ff
291be8ff
ff1802da
e30440f0
04faed33
f11604d0
c7ed5c49
f022ffe6
1d0c47f5
e2cab5fd
f8bf0e3e
1bc8c10b
e0012902
0d0a180f
e4e2c308
2ff60bfd
3851dc0d
f71d03fc
fb26f526
03f8f2fd
d4025efa
1028caaf
36130fdc
07bf05d1
3c0ab405
eb140108
09c6eec1
25e4e60c
f6fd0711
cd431232
f8e5e81d
0309ff2b
81310000
dbddeef7
fbc70414
e72343f2
fa05ed2a
26b7bbc8
7d0b01b8
f507feeb
e21dd805
f7d5d5fd
fd0bf435
15eac5fa
0103edd3
e216d3a3
d3d1eade
4e190829
f703e6f5
fc02effa
fe1e07e2
f1f007ff
32fd03bc
b3f93239
09f8d9e1
ed020434
f7e8c307
0e0dfef8
032ef81f
caf32ff6
edfde5d3
18020e00
1ee1e9e1
2a181416
16103af8
2a0ecd01
08080118
e5dc4802
c50425aa
e7fa27f7
a6d63212
e2a3fda3
ee7fe600
01ddfff5
f918ff12
cde245f6
f601ee12
1bcde16c
cb1ff1fb
1d00064f
2caef6f4
00f8fafa
fd110119
1df90504
2303de2b
e0271e14
402304f5
dcf70217
1d2bf6ea
fee1e804
faf6102b
5a4015ff
7f0010a5
ebfdd2f5
ed019026
44ed0b13
07ebfd09
1d09cce5
06cbeee4
ccdbbf04
e6ffeefd
d5e2deed
f0d7d911
39dd0f17
2addb70c
24f90bf7
0425f01d
471b1ef3
dcfe1df0
d5eff4b8
fdf3cef1
e21ef936
380b1700
1aecdbf1
04b1fd01
10fcd0f2
e602e623
1ce8dadd
eed59fc8
2d02f2d5
cf2045f8
f7eb0d03
01cd0105
f0e81a0d
d4fe0ed9
175f0c10
e8cae359
12c80337
0eceee06
0b0bfffa
02050b2a
f134e2fd
c801ef3d
0a59f149
00f534f8
28db19f1
d72c2bef
f4e837fc
fb2c0e13
3ee2d50c
28fadfde
29dbfd2d
13a6392d
f5e70519
381de6f2
3ec3d7fb
fb061b03
e111eef6
2001ece1
e30e1297
bef7e551
fb2603dd
a7abcaf4
ce09a203
fb1907ef
390e36fe
2bfcb7c1
f0aa0ed7
2015d72d
3b3008e3
f61d15f4
0af9a704
06310840
072f5003
f705fab6
b7f0c81a
152a2a2c
21da04f7
27b6f7f8
130515f1
02d4f4fa
fefbf8f7
1601ecc4
1be51513
e3d50ed1
1fdc00ee
bcc6e6f3
e207e00c
fd270510
c5dbb7fe
01010001
fb432903
db1921db
1ee60995
110030f8
facfca0a
fd0204ec
352cde05
17070312
ee1df42f
f6d90dd1
ec13dd11
2854150a
dbdef103
08f4f413
0706cc0a
ce051919
f7f7f5f4
bb41e0eb
ea0efd17
23dafc04
0e154a09
0016e903
0021fd0a
ccfb1d2b
fe30f9c5
dddb1d93
2fd602db
3523110d
f40ff0ff
ff25f9fe
3d20fc09
19fee652
fffff3a1
2ffad82f
fb1b021f
22e1e5ea
f3f08a0d
fe301c43
0a19dcfb
d0fcd6be
01b2ee38
11e9fe3a
0cc9015f
b7070722
eeed17de
05fee3f9
ebef15fd
dcfe08fe
d981d92b
16e1ccdf
1dcef3d8
1127f5fb
dbfd5304
fcdc0111
faf33af6
ed031b33
5403bbf4
b6f705f6
f90b0ca4
b9ccf906
0502af0e
fad9f21b
21113ff8
030702ce
24dbfa1f
3e13f5f3
e537fecd
0950fbf3
0402e102
fa2802f9
0bc4e903
02fedcd7
00c713e1
f8093502
0124caf4
1dfce503
11fce303
011bd4f5
2b0323de
2402f61a
182527e3
0f4d10a1
24bffe09
cc9c1df1
2dcf5009
fd0911d9
dbfc2301
f2f90c53
8ff4eb0b
4125edf5
f7c5f526
1b100b07
0b010605
081103f6
f55e07e9
34f8f00c
0c100381
0ae5b311
ed21f9d8
3e35fcfd
f8182d02
032e0deb
2506c802
c2fd1feb
daf5fc05
f6f828e4
33f90903
bf01010a
f91836fe
ffebffe8
26fbf6fc
1bfe1714
f316ffee
24daffa1
060ef91b
09acf10a
040d8bf8
ffe0ecec
c7e250f2
e805b93b
080dfc13
275ee34f
b90609e7
69f226f3
b7215510
fa05f9df
0354ee03
fdff0b07
e9d30763
d12a3c1e
ed3eea4c
fd31c4f5
f9df17f3
f4f1f91f
f72cf8d4
09f1ff8d
7c0708b6
15e32a07
fcd70419
b92af814
6817de10
041c0b1a
1003aff5
150106f7
12ea100b
e8eb181b
28050b37
c74522f8
0cda5804
fa300e22
2a1639fb
cf00ecf5
dff50824
3e042411
d7540c52
fdfde8fb
0ede1611
fd0d043c
0de2d8fc
ef02e48d
32d0f3da
23f6e4bd
d9f7f612
f902d4ec
1300ee01
fdea0c0f
6caa19fd
e7010bfc
f41bd0e6
07f31f19
bde0073c
0df7df04
10e802f4
00f4fdef
e116faee
fc01bb0b
072c01ed
00090917
fc18f91e
e2011c01
13090ef8
fd2c03e4
cad1f1f1
fe0304fa
23fa0835
17fa27f2
02ee0120
f2f6f7f5
1fede90e
fd191032
5700e7fd
04ffede0
ebc80205
0bd64efe
2c2c01e1
1343f60d
e90ff803
fed0f217
9c21f002
1c04ef23
20edeae5
020a0517
ebb0f6d8
31fb1cf5
fd1620f1
002b0025
fd33bffa
f4ff21b5
08e315fd
1a0825e9
c3281505
52e018f9
fbe6ee04
fe25fedd
b6220103
30fef20a
f0c2f40f
1311f1ff
f34d08fc
effa03fd
e4be0c03
fb200b42
16fdabfa
2cfc030f
d749f5ef
f0ebc92d
faf1fd20
03f7310d
d70f19f6
fcebfbdc
11e501fa
f8fffe22
f916f916
11c61c2e
bf31008a
f3da16f7
1ced3809
fae80bda
420415fd
f704ff1b
123717d6
f81a36d2
e21f0ee4
daed02fe
06d23308
fa03085a
f8ec6400
f8000601
fd50f9f3
10fc0a0b
120c0afc
08f31717
ebdce300
00f3e9e8
feec03ea
02fd2551
0dcc0f5b
9f2355bb
045111cc
0f2ad2f5
35c0a306
fce00dea
e61d2913
03e20606
f309fdf9
01f90803
01070900
ff02f950
01ef07fc
c3027fff
f4fe132d
e20613d8
03dc0e2d
28b312f3
da3515dc
1155e5e7
e4062802
fa3d0814
da01ca0b
2afcfa10
fcfad1d5
06ecac20
023dfb09
04930300
d2012408
fa070406
07001308
f6fe09f9
1325141e
c01cd6d4
0a1fffdd
2d1fed01
f405e209
00f104f8
ef0ccc03
f8ff1d0a
13fc2f22
e2b71f0b
d41af532
35e1c902
def12509
f907fbe2
b1d7e000
07ffe4ec
f0fcf1b5
375b43d4
23f6f712
5546d900
2f04cafa
fdf10105
211c7ffd
5300ecfa
cf49e8e1
d1f1cdfb
2321ef0e
1c6126ff
12342af9
fe11fd2d
a2efd502
0400e135
0ebcca16
da2b35d9
c5b109d3
0a062101
eee7370d
fb36fee3
12dc1309
fd0510d6
dbf41bef
131b032d
34e50406
f74332fc
0affebfe
04e5faee
d6b504fe
f701c90c
dc331519
caedf1f3
cee0eff9
ea070bf8
c506f901
fcaf050b
5ae03fec
ec01d624
f2ca1dfb
1afff5fe
16dcfa64
03dc47fc
ee13fb09
fecefdf9
d0113ff7
32eccced
7f9c06d9
ee327f25
fcf14e09
09cf3144
fa7f1dc5
09d0d6e5
381a0053
ec03ed0d
eaaca5e0
e8d7fabb
c22407f6
d916e806
39f6e703
fcb6f7d7
1e03bd00
0cfed8d8
90f4c621
b7606013
01250409
fc060bf7
2e0dc7fc
fbe10911
0313f507
f408eb44
ecf23d56
f4580ca5
eb1ae406
5410e4d7
f634093a
e8d70f12
d0a7110c
fe0414f0
f3cef0ff
d7fe16b2
9bfdf8ee
aaf6ce0b
ced4bff3
f836eced
2afcf6ef
090919eb
1c0ad59c
f016e520
ea1bfecd
ec1b030a
0eff32f9
012cedf6
34db10fb
f2ffe9d8
091fe6ea
fad0fa12
2bc6f2dc
f90aec06
25fe1309
fd04ff19
07e3d000
c201f01e
e217e306
331b214c
0e7f0b47
f80c5cf4
cfdcfe08
f6d9030a
f325b1ea
bfffe4d4
ecf10b1d
fa31f600
2766f626
1cb1e5ec
1e2b1803
fd5919e7
2b152b0d
26e500e8
32f6fbac
f209f717
ff0d0041
f422f3fc
4b37f600
040009a8
1b0513fb
15f801d5
03020214
07d8c315
0027f6cb
16fd3f04
26f0ff2f
0b19f3e2
faf3df1b
2047fc00
d71aed00
eadbdbea
00ccd700
d61227fd
3701f3f5
eaf0f401
cefa0af8
19f7fbed
4814e4e9
e32c0ace
0002123e
cb1551ee
c3afe0e8
c0f218c9
cafae204
04fafe21
de02ec99
c309e4c6
06160edc
2af304e7
d2121cfa
2e1c3e3a
d3110fee
faf50127
e80f0121
fe0ae1fe
090ccbd5
e2cb12e1
0df3c709
0903f805
dcfadffd
df0d03dd
114307d7
42a19edd
fcf6f605
08135106
d30ae8ff
231ee129
f3f9e70c
cffe07db
0d2c0767
31460c10
08b10146
29ffc9f2
02370ee2
e9d92768
11ee1039
03c0071f
ee3a0930
3816e6e4
fe0f2e3c
1d048ff7
cbc5de22
2cdc22f8
f6e6d702
200e020b
031706d8
1102dd29
01d4fd18
0cea2c0d
da131809
08000a14
e00dd6fd
fe060402
320604b0
34c4f207
fefe0b0b
b80ef902
f807ffd2
2701df1b
f800e30e
e0edfce2
0bd611d9
caee1d1a
0643d01c
f8e3a503
bc1b29f0
1922f0f0
2e02f512
f80f01fc
0f35010b
eade01d5
ffe21bef
5b1804fe
13eef4e2
1a091c00
cada0a05
fe03fffd
dc1b06fb
f3112e01
fac12615
fe67e508
1432a720
f546f7f4
f9dc0401
fa1708e8
14ea06df
4101edf2
ff2b1214
57ef1a0d
590ce1db
fd4ef0d6
ef2ae303
fa1b0412
342d02cf
ae2935ca
050bf6fa
d01143fa
1d4cf037
003704eb
f0ec1d03
ea03ff7f
befbeb07
a71111fa
f14fde1d
3dbba063
e5ce07cc
e4c5c124
16d9360e
d91408f1
f607c11b
fb0b1bfe
fbe1f936
0df9e5d5
f90ff6e8
29f80a0c
1c02dc2e
fcf90306
2609f5d6
d5f4ee1d
fde8f8c6
ddf498fe
01121cd2
0bebfc1b
e123f20d
f92a0702
1304f3d0
dddd1fe0
fc48e7f5
040b0305
f342f2c0
0201e135
1ce9feff
f1fd01d5
c9ededdc
c6fbf9ff
f8e306d1
c1e0b9f3
d606f10b
f0cac900
c30b0023
fe440115
d711ec0c
c9d2d7c8
0b0925ca
1c2752de
2154edba
fee8e926
0efbf208
06f501ea
1119e9d9
f12515ea
f9163ff9
16f8de01
ea0e0bda
b6ff23a0
0e1b0b19
0017fdeb
52c2f108
d9f40e25
fdea1700
1645a1f6
f0d30745
e7da2a3f
1a092501
06d404d6
f5e70202
0d18a606
031de722
15e5faf6
e0d8d2d8
0c38ead9
12f8ea0b
f81704fd
18cc26e1
31bc03fb
021ce5b7
cc4c341b
01df36d3
ccf70324
26c758e2
0323fff5
01080a14
0d09fc17
03eb2bbb
dac8d5fd
2ebfeeeb
24e708ee
34db22ea
0821fd1e
f70bf8c3
e3fcde3e
00100c1e
17ba0df5
23c51f31
00200303
1f37ff08
f801ff14
d3d10d33
bd1a1e03
02191de1
0de9470a
c626ce0b
24f702e2
f3f1e6f9
02f305ed
020302d3
07fdc641
0017edf2
2acf07f5
5612050f
fb19f0e1
26cf2017
0435fdde
eae80a04
c521e2d8
01f50952
04f71f10
1cec0168
f8f02023
e51f1e04
fff506f4
c33f0bf2
f3c8212c
03404e0d
f1a5b508
db284e0c
4efe0300
f1d0e8e7
f6e706eb
4436010f
15fffe0c
ff2ee018
14d1edfb
0f1409fb
2f2a200c
fef141fd
03e2fd37
eafef8d5
f10907e2
00fcffb3
01021509
222127b5
d117fc0f
270703db
fd2e0107
dd2afde8
4804b513
ff1d811b
16f260fe
3efde3d1
0b20c6f8
1b3a2a2a
eff101f8
ee0113bd
e9012e0e
00e2e8f2
f81ffc01
00f817ff
162af4fb
dadd0afe
13eb0108
ea16fdef
090be8ec
01f4eea5
d5deb2fa
0e25ee0a
f80013e4
e018fc25
36db0002
f6bf0b2e
18fbdf49
03ff1cef
e934f303
c320ec00
ecf5223d
f0fce5fe
f9f600f8
01d706fb
d924c6e9
01f3dbdb
12302717
032b121e
ed01fceb
e516db06
06f9fe07
f0e10617
17d32cd7
fdede100
100a0808
de0bfd0e
d91b3cea
ed11faea
f0fe010d
08ef1513
3ef8e302
0708d2e8
fbb016f8
d815210d
ee0ed41d
0c30d7f9
fa390000
0f2dfdb7
f899c616
031c0635
fb08ecf7
feedc5ea
e810fedc
19c525fd
ec20ff04
eee80409
2ae609f5
021607e3
f02c1701
360af808
de09f32e
08d9d216
01da042a
f36110ea
0710e3e2
fd1bc4d4
1dddbcf9
d41637ec
b61222f0
f82e10f2
10060301
fef310ed
0adbfcd8
01dd1fff
bad20e2d
99b21737
d621f101
16f715fd
fa10f6dd
3bd21bc3
b4c81bfd
02db0bf4
2206180d
012802fc
16cb0836
cedddf0f
0a1c0312
e01b00fc
ed231add
01dbe13c
3f1de1fe
f617f318
2c21f322
f6505611
226300eb
fd39eba3
bce722fc
f9d0f57f
fd3de9f9
e7a9050f
d0edef01
f340fff9
f21e0735
170b0033
17e9c6bc
fea9b218
e4070503
1c08fceb
081a0219
f0d407ec
0d4400e7
d8d9fde7
0d011bd0
ffedf81c
ed00f40a
d5080722
ffd43c14
022ef3f8
f981ff19
dacdf441
ef041702
04f4d6dd
fd2cbff7
2afe4917
2248f6fe
df3df50e
0bdbfdd4
b7d5f106
d022d3f7
fd3ccbfe
46d2fff3
1d051a03
1bee0530
fe2f0a1f
0b1102ee
fe3b220e
47e42ef7
032302e9
531ef3fd
4a17f012
311ef316
00ce0106
f40b03e0
cc0ce303
03cdf72e
0be63317
c07f1509
c9fdd805
1d340f39
e82011dc
0c0400f6
f9e606f2
f30110ee
fcf224dc
fff51c03
1df905d2
073313da
e9f905fd
ee450423
de1c13a0
df323702
0303eee7
d5d6cc19
b61ec9eb
001187ee
eedc590e
06ef04f9
e136fdf2
bc1bd008
fd0a92c5
2cfbdd09
b606fbff
0505e122
c938e426
0312fc11
070de815
2834da25
ff0c3506
fde5e3fd
ced80ffa
06f8d6e2
09263325
fef9020c
cdc60993
1e0f30f9
f9dd0120
09ff120f
1af1dc10
f50f30d7
f3ff08fa
0ff604e6
2501f1f1
06ed0e04
02144af2
1509abfd
f9040c12
1325eacf
fe060f13
04020008
e9710e25
f500d329
011317e9
fc1eae32
0211dfe0
f1050597
06dc0200
f8fc04f9
61ca0eaa
36e92711
0014fdf2
cc09f913
cedffed3
ee10e024
f43a0fe8
ebe305ee
dcc5f5dc
27f8e20d
00fbee11
20d4eaea
d52c3101
db37f30f
1231ee08
f1fbfa0f
3dde0014
0abe0607
04f0e2f2
f2450b00
eb0c26d9
cc1cf4d5
05140f09
0cb6fbea
d20bf404
0bdfeaeb
000ced68
da3e4af0
3e21e103
caf616ed
ec1fcd04
f43afeff
23e1f6e0
1124f400
061fcad5
cbfcbcf4
1565fe3c
0b1a031e
132d111a
04ecfff2
11eefd09
58fc10ec
fb3409ff
c511f9f9
1b100e34
efdc092a
e3180b05
e8130008
f9e60b36
1ab3103e
040622c4
231f2108
f434c2f3
082df90e
1ae4bf08
fef7ff07
17c506dd
ae40fed2
01f02800
1e002102
dd1f3a0b
09d9f6d3
daded207
12f50130
edc81404
1de7ebc3
f9fadc89
74e6b9ff
4eefd7f2
f33ebd20
fdfa42e2
012bffc7
ff23fa2d
ccfbe8f4
02f33f22
d7aea5f2
01cc7fe0
142221de
febcea2d
dc31f91d
0ee903c4
380dffe3
01e60c94
0c1229ed
16310d22
d7645a0a
03fc1f00
fa060307
f817ea0b
1cf9fb2e
f8e70d0e
3806dafa
e21405d4
08a6d6f5
da01ba13
4617f6f7
f5fc0715
18fd2413
10de1ffc
1bf609f3
ece7fb15
2e1711f1
130cf4dc
190801f2
74f6f6d0
15f8eaf4
01ef0b23
d7f6c9fb
49f219f6
2a11131a
10fe1c1f
f80f08fb
f6d3060b
08fbee10
04f4de3a
eb242ffe
fcf80340
dc362efc
0dd9b8e5
fc12060c
44fded04
2c081af3
fe0623a3
46e5d8eb
2012d4d3
081023ed
cad2410b
fd010df4
fcfc05f8
0204fbfe
32020404
fefffef7
f8fa06fe
0402fbfc
faffffea
1fceff1a
05d81206
f57f1b15
fdf8e7bf
0af41d29
38e8e130
2220bf4b
17f31fca
091b05d7
d53403ce
db03a41e
001ce91d
e2bbeb0c
30f5fbd7
d9befcf1
25f7c511
0f1000ef
1a120a14
ea26f632
fe05c4d8
f212271e
ff130a0c
f0a3f905
d8df2d0b
27ea01e9
41000062
e812ee36
f7dbdb0d
22dae216
dc11ffff
b5cc1514
33fe31f8
cb02f6af
0cf8101d
020ac4e7
00fffa18
0619f207
06f316fc
6700fe1c
e51e18dd
0e000c1b
f10ef536
1f020e21
fbcd082e
d96d1401
1bcef213
2be0ef4a
2aeeff23
f708fef3
ec9b0002
1b2b14d3
07ea91f3
1614f8f4
2fc91521
14fbe3c6
33f22e18
810408e2
0805fefb
07fcf808
04f70509
f901133a
fef9fe00
fd0205f4
f9fcf4c9
03000008
0627f2ee
1a02ebf0
00cbf1fe
2417d1ea
06e30846
3b14e330
e6f12814
1ef8f5ec
25fefb02
18d318e9
0222db17
2207e1f1
eefded19
34f81afd
ee0e0fea
12f30118
2fcb0cf6
0edc0246
f9f913fc
f8b518f7
f61ffc1c
fbe0eadf
e2140dda
e9e1fae4
c7f33ad6
f510f2dc
00fb2ea2
edfbd618
34000c19
46d9ee03
dbd6fa47
0de50048
d2120eac
f41e320f
06d334b3
21650027
7f0718fb
a512b74d
228141ec
f51afef7
09fe0a25
03e912ee
fff2e5f2
2ae503f5
f9cb0d17
1ef7e1ea
150c04f6
08e8fffc
05fbf4e6
a5d90925
04e92c17
0d61dfee
d1230728
e20ee101
10f50a0f
f7e005e8
bb32fe2f
0923d1e8
fedb0d0a
e2bf0203
9e12fed4
0e162807
020adc1c
06100312
0312f8fa
12fe0a1c
01feebdd
c20b4204
35e605e7
ebe9cd59
15e301f3
3ef3f90f
b5f9342d
fdeb1c1f
1629f658
022a0820
d1da13ce
ef02f27f
10ddddc4
14e70229
06c7fcf5
3b1e3000
04ead7f4
cd39060a
2e1cd83b
edfb1310
06a418d4
0c0304e9
3a430220
39e5d83e
00eb5604
2fe3dbfd
06fc08eb
1b07c8ed
1f04ed02
15ee1912
09e90f0b
0605150f
ec07ed0d
ef08e1e8
fce2d7f0
e108f4f8
f3fe2411
102f0019
1e0afb06
a5adcc47
0043271f
0b9bccfa
130c0f08
20195900
2ff90fed
f5c00041
5c1a0332
0a18bef1
04d6ee2e
36a44712
f62365d3
e444d5ea
014a0af7
0b48fdd7
15ebe8fb
210ad4e5
01f3f4e3
e35a2ae9
039ff5f3
baf1ecf9
ea1f381c
0e000117
f519f5ae
e4c6221a
01f8d2df
81c9c6e8
113207b8
fe2f2eab
bee90113
f604f8c3
03058103
07ff0bf9
0f0f02fa
fa01f85b
070bf9fd
1c0a07f8
fffefcdc
ee0a0ad0
222007cd
4bbe1f14
fefc0d14
cce602ec
ea9a00db
1cec4e2a
4c19c41a
e6ef014c
67150138
e8200f33
ff1bfbe0
a70dde00
cbbad12c
1820caf6
f4070a06
0605fa01
ddd80caf
43f24a3f
fdf70709
0551ac1d
f8011922
e82b2105
33cfd9e0
0429fe2e
330ff9f1
04f11104
03ed00fd
dc7171ef
f215e416
1f1ce036
e3d9d0fa
170610d4
1dc9edf8
1ee92107
edf416de
22c6fa18
ec01e0fa
032d2abe
f812ffcb
1be7fec6
e0f5f01d
0c04f4bb
fd1602e8
cf3dfefc
323fd854
cbea30d0
f427d514
fb37fcd5
d3e50bda
fa0cba57
0129b210
ed20f103
ecb9fc0e
0cc01b10
08f4dc0e
ea0d05f6
0af102f6
2af4f8dc
fd3df815
f9fcc80d
05dffbfc
0ebcf900
26ecf612
f5e3fc10
06f10f24
e10aec16
0fdcdd08
f7113e0f
02fee8e1
c8d61cd6
d7ff2af5
e0e007ed
16e51102
ec0bbbf4
060c180e
50ee82e7
ed3730dd
3a0ebc0a
0c11c721
13ffdffe
fa080103
0202fffb
81fe00fd
05020ff9
0b020403
fa020105
0300f0fd
01e3fdc2
e61303cb
b9290af0
04d5a212
d77edaf1
544c072f
14fc2ce2
17eef812
01dc000b
d415f7d0
0717c23d
020dcae6
d13c15ed
e3edf209
1bc02e1b
2f1132ef
05f2fae4
01f3f5e8
47ff2728
00c64f00
c2efebe6
fdf4e43a
bc0b05f3
f3270302
08cbfc0a
1a22fcf0
f4d1c503
02d7d23d
17c7f80a
04011cec
17ea3d0b
0dfe4411
f115ff37
d2e1fa0f
ea00e9d9
ff349ef1
4919d0fb
0606fbe4
08ea5df9
0abb03f9
1cf6ffe5
2fdce2b0
865bf1e9
00ecf711
e51b24ee
9bdbee0e
b750adf7
e416e419
fff402c0
fcf907f6
1e33d03e
ff45ec07
f5e0e402
26810117
0ed2e111
02db0718
edf1fe00
0017fb0e
f5f3f4e8
04ff06fd
09f117f4
bcfef0e2
17cf1604
faae16ff
f73d0d2f
1e0de01a
cf16dfe5
ff50dee7
e257cde1
e920fdf5
c1e1f6d1
e6ed7f27
f5da07f9
32e70722
af27f729
fe0b5f13
72f83804
ccc62603
dfc6ebdb
0221d020
97ee04db
ffeee9e5
f6e62b03
f9171eeb
0ae716ef
d8ecfd08
cb1e06f6
0a1afa40
f5f800f7
05eb05fb
104130dc
ff172f03
ff2c26ff
e8e1f509
fa28e0b5
0f12f237
0131ffed
e0e71230
0944f5e6
00211dc9
fc1a0b0d
dfd802fb
de1a2507
f3eaa111
07ee0221
85c312f2
095d1c2c
03ef8e03
161527ff
75f8ce0a
6a15e2f8
fd9fda03
0f22010e
090cfeed
f215d84e
fcdbe60c
96012e08
f7d90ab6
19c4f0f6
fed8f510
23e304df
b74e0739
d8ec5501
061e52ec
06ae5f03
3b00cf22
22f07f42
7ff31e1f
f50cfe31
28f30c4b
cfdf22e0
fe192120
ba0e4a12
46baf419
eeb3f723
ee241604
0f0afe0d
237c15b3
d30129dd
00b815b9
e3312008
5216b307
1ce22c1f
f7fa2fe4
0bc5fde7
0a07f9ec
012ee037
fde8f9d8
f508ce0f
b81ce5f9
cd11e4e4
2dc8e00e
fafd02e6
08e007ab
0ddcd61c
0022edda
234613ef
f3142eca
0bf5d726
0219dd05
f81a001f
bbe00d14
58f7fff5
fede1629
0c072a07
b52ad5cf
e00420ee
cd05150b
fe2e04ef
3abe0bf6
ba10f2d7
fb0c14e5
09dcbd0d
0428df02
02e5089f
2a25ed18
0843fff5
cbc7e60e
1513e2f4
ff0f2e58
1ad210f4
2adaff0a
eadf0a1d
23e82c0f
fb090705
43f1076d
341134f1
fe0aba3b
3c112f17
2735ef2e
ede8f4e7
ee094ace
114602ee
18df0115
daa52fde
02101dcc
53cf110c
55d51a05
f2152616
2f4f8ee7
fdf0fe20
21e80d12
4c031a1f
030b31d6
e5291c09
c3cdee19
ecfdebde
1c1adc04
3ce90325
ede31094
1b390c22
fd391cde
9d0db413
20a710b9
d2181af9
2f0034ef
05f203f7
e034ef06
1910eb06
fce7ed29
2df7ecfe
f12a35e9
f5e0faf1
03ffb703
19c103e8
120c13d4
349615f8
f82835e5
ec21ed1d
3ed7ee29
0119dc00
b8df210c
fbdcf80f
e64f0afe
02ebfdf3
05d52e26
af0923ec
07f41511
10fd1cff
3d14e8e7
eaf90708
deb1f3fa
f0dfbfff
fce02707
c0724af2
e66802d5
ecdfe329
dbe10df2
e9ff00e1
238b07cb
2b49efe2
01e2e8fe
dee65af8
a41f0ecd
0721f0ee
d2b31719
f9b70010
cddc06e1
23d00f00
06ecdbc7
022a30f0
f6f3e108
2895de13
e535e6e7
f1d5fb21
3a3afdec
b7fc080c
0612f50a
57120e01
5e362139
02e9dbe5
d8f61d13
0d0a04f5
ead8f6ef
d10a360d
f71ae553
f73a1af4
cb2efe18
2a0724e9
10360e0b
0a10fc0f
e2d206b6
38fd021c
febd2521
3a53090b
200839b4
f9caf6e8
e40245e8
13fcfddc
10fb0842
f104fc03
02260d0b
ecc2fd0b
e7f80a2c
f207f7f2
22d6fc09
fceaff15
1e0e0d16
0c07e20f
01ee2516
c405deff
cfbe02db
25150af9
f9f2e1fa
02070133
db010dd6
d113fe1f
06c3c304
e7049406
e73d1b4f
1fdf3248
1b1ec0e9
eec204ef
41e81008
061e81b1
0337f611
f0363701
f4df13c7
523bb109
1931eb06
0704fffa
32a500b7
e2f71de1
07eefdc4
ae3b09fa
5cc9e037
fbca132b
02ec3c02
05cb0212
fb20fa07
f4012ce6
01eeddf9
e5e73a05
10d20fd3
e93fe6f3
fbfb0612
fb0b01f4
fcf30c1e
250e01fe
fe35f11b
dd9dfb01
bae80804
07210a0a
d3de11fb
11190203
fbeff0ec
e349f749
002fab11
3ad7d8fb
9cf82b07
dc1e45ce
e8250e0d
fcbb081d
fefb02bf
36cf13f5
f901e1ff
03b435fc
4413c537
1be5f308
eb06ddd4
140dfff4
fd0b1012
1bdafb1e
01b930f0
5227251b
210bca05
d2f4cfe8
151ad3f3
f8230124
22050806
e4ec1313
02062feb
de13090d
46dcee11
12fc2f06
0de73dff
0711f6fc
e3d60ae9
05f423e0
002a2202
e0f2ca04
e4f0f035
cbdf11b7
d8e62222
f0fa00fb
250e03fb
11e0f7e0
00c611f9
bbf13ff5
a1f7360d
ee17c51d
ec0b9a0a
eddf012a
001a0726
1af23118
03459bd3
d922def3
17fc1318
3f0e0931
1248b112
f400fb16
f0110bf0
cf5effe8
03d2d8f9
fa13e704
bc2917d1
090117eb
daf508fe
fbee0027
94190a37
26fa0fe0
04f01ce8
4c1a8618
13defc0c
15a6fc16
031214dd
ed14ff1f
2103f9f9
f912e9da
050cc7e5
f21b60fb
def2000e
0a11e810
fadf1f08
01f80328
ddbcd4df
5c001d2d
fdbf0a3e
faac00c8
c934daf5
1539fff9
f7411fee
032001da
d1e2fae7
d91807e4
01fb17f4
103d20f4
79b2e63b
1f1fdce6
03c9f115
04d5ffd2
0f19fa16
09af11f9
fff4caee
2e0a21fa
b9deecf6
384ce2f4
f6d6352d
003207f8
07240ee6
c9fd2316
01371523
154b08fc
cb2bd227
3bce210b
16fde61c
f61101f4
0ad8e7da
2bf9e710
0e1ee3de
1cb5cf19
102902de
13ebeae4
e11ff5fd
0401ff1d
f00410c3
f401f40b
0353f6d4
1ee40101
10f9dddc
3c19eb28
f91144fc
ecdbfe32
d9e8ffee
2356cd0f
0610ea02
32e8c2f3
dfdf3fe2
04f312d7
3421cc00
1c01ffcb
2b1cebf0
151f03f9
03f1d126
0b06e2e4
02bd0911
fce2f5ea
f0cae002
02fbfef0
cb02fa44
e310191e
0810c723
114deefe
dac920f3
b13735fa
2f001800
1226010c
ec3a15ea
ca1f09ce
fc171e20
35df190f
d1b513e8
5407f810
0627ece3
05fc0103
d605012e
09ffd7f6
fd3307c6
fb262c0e
d62ff3f7
b2f607e7
ee333605
07f204e3
40ccf207
05b089cb
fd1d28d6
d30b1efc
2519fc36
c2d2ef0c
e9e32a00
f2350309
fbdffc0a
19eaf3cc
00e6fb02
32fcc7ef
f8e9f636
3e130508
fa27c4e9
fbfafce7
f5ea1726
400f3003
01f3d1bf
24222dfc
b8dd49f5
16fb2500
1115cc0a
f91f0511
02f80ace
fcd7ded1
fde00be4
2b40c607
8e55f72b
eae0dfd2
07e3e6fc
040608d0
0301fb0f
241e0dc1
fb9ffefa
f70604f1
f168e523
090bccf7
2d44befd
14e500f2
2d51f7c0
16e9f9db
fdba0cdd
18db3c0b
e609cbc8
ebecd9f7
e432e10a
fb0b04f1
f7ce02ea
d2e1c603
02c6c9e4
da18fc03
e8ef182e
e3f72403
fb03e9fd
1ae5ffd6
1bf0e713
e1d30c38
fe0006df
c59bf6ef
1c0433ae
e6200f03
de1dd3e5
01e70007
ff29fb18
c909e909
fc37e7e9
c811cfff
ae2537ef
27050333
cc02f913
024101d8
fe0c0fe3
00ff15e6
002cffa6
afd24e1f
55f31010
f3d1e40e
fd10fb07
fbeffeff
c41408f2
dc1625dd
fcc90001
32efe305
e2b4f8f1
ed0fcfe5
2cc4e0fb
16f5fe09
101cf50a
c2e0dd27
ff073e25
1e0dcbfc
11f61119
28e8f5e6
1f321bfa
fcffff09
1102fcf8
fc0206ea
0357fd2f
0eb0eefd
28f6ecfb
f801eaf5
ec04d919
00bf05f2
d7f20127
1dcdde35
fb2b3131
f3f6b903
fe364899
2d1eee23
3029f205
1bf5fb5e
1e26e213
2907d1f8
04fdeed0
fe0eefed
471ee63a
b409101e
cbe1e1a9
c41a0717
d9cf07c2
b20ebe07
fdfd2412
3b22fcfa
12fa27f4
20f40dbc
da120b46
e5eb061e
e6120748
0b1f45fa
04b7ca2a
fcdcf500
37e0d2e0
e4e41c28
e60311e8
fb3207ed
e829f102
dd221033
fb2d3ad0
ecf1f4e9
01082e05
fe29de1b
1602fd17
17c1ffeb
e6effadd
8d1d1965
fa171609
07f2100b
c90428dd
9821f2ac
05e7d6e2
0ad00801
3bf8ea00
09ec50f7
041b1a2c
f060dfe5
2ac4f1d7
1ed855cd
09fd1502
e4dcfef3
e954043e
2fbe6fc0
0027ab26
5cea41f0
3a2ee93f
dc055029
97fbdd07
fdef00e8
1e0d0c23
1a25e4f3
fe20230b
13272e01
37f0021f
fce709cc
011c1c16
f2e404ec
d5260503
19f021c9
fc9a273d
b4bb270a
60fbf4e3
1de71ae9
1de5fbfb
122000d3
f82efce7
36f036d7
fff7bdf7
ecdd4efa
a22e2ae5
010cf0c8
4a1b0f16
f925fd12
dff707d9
2f0e2639
ff3e00df
bf543ada
e238fd32
3be7f1b9
10d71d06
df37fd12
27f3fd25
dfe20a29
0419f01c
430e19ef
04ff00d7
06b21efe
40d2f802
f9e605fe
01da139f
4aec5912
fb030748
ec3f6213
00fdec04
f3e2d7e5
ebeae3fd
101dfff6
be0910c5
eeefd818
02ca4bdd
ca0303fe
d48ef41f
0c5cf207
1120b8f8
12fb0022
1c450805
04fd1bcc
fdcf20c8
cf29ee08
b30200f8
70f5e307
0ff2f9f2
07f1fef9
3954090d
1adfe801
05360915
33145101
ff1c0328
0d28e905
cf39f40e
0509067c
19eda0f4
0bfb05f5
cb0309f4
001d337f
310bff06
480f1bea
0800d37f
f2100609
07f428ee
292213c9
06e1341b
f93e2b14
5af4331a
15eb0d49
21e5e7ec
fc07fed0
10040227
f9324335
01eddfcf
fa2238eb
4c3135fb
ef062bfa
08150502
0400020f
234f0b05
00bf0f12
0421bff8
0e220709
7603de29
0ae20901
0c122c00
1b0205ed
20d90833
c0fe29ef
0013c849
ecd90dea
d7220ef6
22fc2608
1b2fe6e8
fbeafc2a
bf06fee3
d3f7f005
08000efc
282351f4
0ccc1658
e4023adc
f506fef9
f8290206
e4c2ff17
e50af541
ffe768d7
14c30902
2b2018bb
ce021de0
0a1923e9
f00cfe38
ac10f729
f001d5ee
fc4b2b0b
6db60bfc
224e2ec3
20fcddef
22081017
18f804f7
0aee0d22
411c41e1
000af003
1a0f441d
f8f103e2
f4f424f6
e613fad8
f618ff0a
14181415
2a0b13f2
01d5030a
f0020816
d305e00f
0426e52f
cd195b04
00ed000d
f7090b2b
ee21f5fc
07f8fecd
cdfdc6fa
05c7d3fc
06e5f3f3
0e5bdc09
03bc020a
05f70a48
e9b8c8de
039a0312
de01dffd
b525f8ff
22fd03f2
170f3115
08d700f9
10f7eb03
0dfad9b4
00f2f605
f90929f4
e808dd02
12f55c26
1e20b607
f3f0002b
cdefec9b
edee19c3
00c5ce2a
d0f005e7
c71b6a18
00e5e7cb
25df2eec
0e12fd1b
110d0dc2
e207feee
0302fbeb
e8331c19
090212e3
effeffc6
0200c5f0
ee0b0539
f81a0d26
0aec09e7
050f0a06
cfb8cced
2400d99a
630df81a
1be90e02
09f205fe
042c02d5
f20614e6
fde93c15
e7bef307
d5b5c7e9
0500e3eb
f62f71fe
f8130315
3f1a162f
fcc90618
000e37fc
efa37f13
f405d911
15b81717
44b407df
031ffafb
19e51131
2bd92fc3
04d803e4
edfff104
1126e31b
26d91a1f
dbf6011c
06d6fb03
02c80d09
0c23e3ea
005615ac
e3bf6300
1ff4cfe0
12eecc08
530204f1
01d504e5
f21105f8
0a13070b
fbdff901
20c7d907
f1dbe105
140f0eda
07fef5f3
0d19f7ef
1b1110ee
15f92222
ff07fd35
1ef61309
e9160216
4a090229
f5f7dce1
ecfaff0e
3c0bf856
a2e8161e
08243426
97f5a9ff
bb16211d
0312d5cc
05c72715
17c90400
d4300a53
e4feef1a
fafe24f0
f91f3129
3b5bfe23
20ede3f5
e51411ff
01d70218
370efac5
043a9c2a
0129cbd4
103a07f5
2313f642
0ce43c09
201ff507
08f60415
0c9af516
0b2323a3
feeaf0f4
dcb217fe
45131d00
f834c6ef
1ce41df6
03d70510
2826fbf2
d1f6551e
0360141a
beff5aef
1a341502
121705f5
2225de0c
020503d7
e9f2ef22
37f24d3a
f6e1e7fa
ca1812eb
cfe8edf5
ead22ffc
10e24a18
190706f0
f418e412
1751d134
26bae202
e8db2c03
16051d33
0de9061f
16fcdf2d
0eb407e6
c8cffb9f
e4c8de34
05ea1008
e3000401
c2f9dc06
11c40c27
f614dcfd
201e0825
0c060923
310a1c09
04f90b25
1dfd2506
1cfb0efb
0cf2fdd9
d8e81be1
0e11fc2c
fdf8ee15
e9e9d622
f72af11b
20e2fdf5
5faa1be8
b520230a
b0030bf1
0ae10533
02100b00
f0093850
02edfff2
39d72e06
d8cee837
b013fb87
0d02f5f9
150f09e3
eb14f442
f8d1f224
0315e79e
06e9d9f2
4d4e05f4
e9eb1cee
16f91614
fbd205e3
4113f32e
10291df0
02b72b0e
060acbf5
e1f7f5d9
e8013d22
c301560c
1821fcf6
100dec4d
26ef3d1c
fa0b1f26
ed1830f8
409e20d8
c6ed06bf
0008eef3
fe2cfb11
f531ebea
00d6d02f
03fcdd2f
c6c144ea
9ffcee0c
06fff811
ccf019f7
d9f6021c
cfcbf523
30ecc2d1
06f83fe8
57a222ff
de2720f0
05da0b32
373d27d8
07f405bc
081d0bc4
2c0ce416
044b2b02
1e0a07c8
02e1dcda
0add1cbe
c6dbe112
13ecfe0e
c322f1d0
f007ec3f
fa040b3b
dff926e9
e805290f
eae5fab4
f00d21f7
f0f4054c
2cdf01db
1a3feaee
03c5cf24
23fac3f1
02cdfb2a
1a3a2eed
35f4c0ed
fd000101
ecf3db0e
e22f18bc
04cf6307
f9f704d3
def5c2d3
f606e30d
ec04e612
fc0b05d8
449eecf3
0e16b2e7
ffeefb4b
45151fe1
b11cd5cb
ea2e480b
3bffb6fb
fcd10712
21e427ee
151ef5d4
06f001f6
63164625
0cc7f300
b0fa30db
0af2eedb
0fea03fd
0503fff6
17cfdedd
060923e7
d0cc19d8
09e6ecf5
ac212e03
060bfd0d
fce50116
f402fe08
81ee59ad
0bf3d712
f0cdb5ec
e40d1217
3abfa4c7
f35c02f2
06f7031f
b012f1f6
e8e75506
03df16fc
c42931f6
02e41221
20dceb18
08ff14fa
f7ed032c
080f1203
ec3ae732
00d0e429
d6e9c104
540cd0e1
bff4be11
03ddf607
fd1203de
1fc1fdc0
c5f104f6
032becf4
c813f8f5
cb2f24f4
0313c124
d3100214
1d0214e3
ef07ec27
1719000f
f302e317
06d65206
1cfa2d1a
2cd61f04
f2edf004
193cfb0e
0e5714ed
ded3f9cb
ffd804e9
c7f52ff8
e8302005
c8130ff4
27391710
de3c0117
180d09f5
05210bfe
030c10e6
47d61ff4
d7082b07
10fc0a25
fce8e305
10060824
c5c0f923
f1c1c5f9
0a3f113e
2a1f33f0
20dc501a
0eff0136
dce9b2fb
07d202e9
fb29f9cf
b4eddc2d
fecd12cc
4c183afe
e7f1122d
2bdbd737
21f80c0e
05f7fddc
d74ceed3
ff1afc00
04351d46
f7271dea
f11530f2
e8060ddc
19e8d9fb
13e4fef2
200c05d2
ecff2dfd
feff1ffc
4f1b1b07
d910ecf7
e607dafb
19083ffe
fcd109f5
bfc6fecf
e1d2ddf6
fed918f6
2b0c03fb
34350443
2812fef3
15f8e4fb
2803120c
ccda10f8
1905e32f
d4e424f4
1a1e371e
171a09f9
ff0b1641
fcf6ea01
fa3306e4
08e70107
120be615
fbf6ef0d
e12d0402
f2ebf633
dbbc6524
f5ea2804
140dfb1e
0704f442
f41b9700
0021100b
e0181b0a
e803d118
047f3238
0bd6dceb
0b20031b
05f9f4fd
461fc907
fe0622f3
df0199ef
e21603e5
cb1205e7
e517e2e7
f3f8072a
18ec0ebf
fdef1521
04183906
06f44dfa
edfdecf1
36e60d19
09e31104
1100fa21
ecdffd21
020d1416
0401fcdb
d51b0706
14cd1410
f22e23ef
e7eefefa
f80efb0b
f9eaed40
0cd9a159
fae3dfe2
2c010201
14d0ef06
d803ff07
1a09fbe5
0000c201
fd00f9ff
050002fd
4b070302
0402fe05
020002fb
020402fa
0002f7fc
1d1310fe
e00ce7e8
c22c1915
fce5d3d7
e71ffef1
fc0428de
dd1709be
fff0f3d2
f40c02f4
1fd4fdf7
4aec417f
03e4e2fb
e001f9f1
e1e2ee24
2205ceed
17ecd820
f8e7f702
f9dbf000
caf303ef
12df095d
ea1aebe4
07c6ccfb
d106f2f5
fd18cc17
1cdf0513
e31c0e1f
282715f3
f9ec2030
e22d4a18
cd4a3c37
2626dc53
f0d7fdfe
fbe1050f
f1defedc
caf3f229
ff1d45ad
f8e91f05
c8fd4cfc
ea2555e8
f507e2ff
f311fd10
da11fd00
0902fc15
02f5f408
f031ec0f
01ff06f5
0807e624
060aeafd
09f0fd0c
0ec7f6ef
c7e63a27
0406e8f9
45d2ed0f
e11c09ff
c795201a
2807fa04
f8d9ff0f
231df8db
e103fdec
060e26c5
16c921e7
e9bfd299
fb1c0606
00e30fed
d8d5fd28
f4fdfc11
f11ab9d3
054941e8
1de6ffee
edebcf1b
05c8d2f0
01fa1412
ff1dfed8
c9f71747
4af713f1
00143aea
ee35470c
64d3be12
03fce1d2
d3f6280d
0f100300
e1fce50e
e01b13f0
01eb1b33
02f06ced
f915cdf1
e2db01e5
e101fa04
01ebfef9
f71bfad2
42eb2ad0
04cf35bf
22fc6000
4b46f009
e9e9e703
d0ecf00c
130dfe0f
17fb09a9
fefcc51d
03e69700
c4cdcdfd
32db12e3
5cd8ddd8
0b41e6f8
f4ed0532
e2e0040a
c0e0c21d
021109ed
45db5a06
c913f601
f81400e4
f5d2ebdb
fae1ff09
dd18f1d4
16261e07
fffa061f
40e5d8f5
38232120
f92b0af9
eddcefef
0bea04f3
231af42f
00d8c70f
fce8e718
d6f7baf3
5819b81e
f0e3f706
0930e7f0
94014f85
ff0d15fd
ecf0070a
d907020e
01f7ec93
19eeebf5
08efec07
0aedf79f
19f3fdfe
01ee0bff
0ee6e126
fda61bbf
28f6ed11
1e810a02
1c09f722
e9ff0fe7
de0101e4
28e7ef16
ea2fb113
033ff302
161d13e1
e3440621
fddc3945
faf1e103
1007fddb
22140ca1
2ba8d9d7
feef13af
e512f40d
280edb1e
1d095337
f8fc3d14
e89f05ea
e5f6f8e4
0c0de8cc
fee0f928
2cd0e608
05173517
0315e0e9
0cd6d31a
e3f50000
f916fbd7
f1f4dad5
fde3b5d6
3e3ebff7
170ddffb
120fe534
f4ce0d0f
0f0515fa
f3f0f513
e2eee90d
f81306d9
02360f02
d3dd1703
4513e212
1b01e8d4
fbb5051b
0237fe49
1524cbb4
fd05ef21
2044db0d
b14f21f2
0f149f17
f0000eec
e31f03ff
1d390164
ecf214ea
ff031ff6
bebd84ee
fc233628
e6fd38e3
f5cc0505
1505fdc4
f119e808
0838170b
fe0319e9
bd15d9e8
f6f4f5ed
dbe4ed27
17e8facd
0e2dfeff
d802e625
e807fad6
feba58fb
13feeed9
08c1ee27
dbf623da
fbdfcaf3
09f40102
0311f905
f1f7f3ec
040800f5
12f2e40e
1007ff29
2200d4ef
14e119fd
ff0c00eb
fc0a05a6
031edec9
022be7ee
e514e20d
ced60a08
fdc5f014
210be30b
0a360409
1e3cfed7
172fec91
fdd0e665
09b5b1fc
30c5110f
f1e9e7be
dd550fef
01f8feed
f008112c
202b28ae
fa581217
02b1f407
a9ce2804
33e70fd8
de04e909
f039fef5
f31a00ed
08cfdcc7
03362ef9
46f3c3f5
0de316fb
0626bf2a
0ff7ef04
f00202ff
bfd70800
02e950f1
010c1bfc
2f1010eb
13eccd0d
f8f53429
f5fbf6f0
17e8fe0e
180fef20
4931d31e
fe2bd44e
1bff0bf6
25402333
2f1b3ee7
02ef55f1
1832fed8
fa30defe
44c6e9f9
fe34fa45
ff1010da
3a37d434
032bbe0d
e802590b
f23303f5
ed080a0a
b8243119
011fe8c5
0eeff114
fcd5100c
e1e631f1
ea16191a
2423fed5
10dc070d
eacb2d23
02e4fd24
d0e51906
f9fcdd36
0044cedf
d90f1411
e829fe1e
d2e71c04
26e8d508
01fb06c5
c1c6f70e
0d4ce6c7
2f2bee25
24cc2cfb
0926ff21
bdedf453
13dcb811
fa3c0917
441c050b
981cdc38
ead1e4ed
f428f3eb
020b01f7
0b660a14
411a0a37
05fa4c09
22237f02
edbd09cf
140b1df3
e9f4f70e
09f90120
185ef602
1b38dd1c
02151107
fd0b65f2
0ef11402
2ad1eddb
0920d8f5
0522f9fe
f302f3d2
010cd90c
01f6d4df
f575bff9
e6b6e22f
d6e9f312
23f3f80b
31f0fcf1
16c8e92a
1af0ebd5
0bdc0ffa
35d11803
110dfbee
e3fc10f6
19e94405
00bb0115
e2ecf834
f5f804f5
0017f3db
edffc7fa
232c2109
f1f110f0
09f9da06
020701e7
e00205f7
bf08f761
010df7d7
0401e507
1feff23a
0f221c14
12463915
091c08d0
3300fcf8
49024111
ffd0280b
c514e702
0db51581
f4f8cbb0
19e72f22
f7d3022c
eaaffb17
38217878
06546ea4
07ae2519
384a1137
fef9f40d
d6f41ad9
02fffc1b
eae4f215
1728361b
05283333
e9d225f0
092df6cd
0b13fd40
20f20eff
06110010
fe0af85e
caec15f9
ffef34e3
0bce17fc
f560e5f5
02d7e818
ebd22af1
fbfcff17
15191c43
1721fdeb
00e34ee2
df0c0a17
1621f909
231de1f3
2802cc02
0834fceb
402e0504
3dd24047
fc24f02a
eb2e0f04
642ddaf0
f3060918
fb05c50f
0f2002fa
f5100526
ed15d3f5
002c0cd6
ecd30d08
33d1be28
041510e2
f7030f0f
0e0003f0
4739dad1
4022de12
fbb7d2f6
99064705
1df4c60f
c88e261b
06221415
01e1fe35
facae6d0
e1d50ede
02c13533
fcee06ef
b34002fc
f5c916eb
1af4d1ef
09e6000c
141400f4
caefdefd
fde6d9b3
0fd2b50e
ea9eef39
12313512
17de15ff
fc100105
7fd3e201
d133e89f
020aee0f
f10ae7db
1e21d8ff
f317f213
de09e901
fd3f0125
f5def639
e507e705
03222347
f99565e9
de45f606
1e2febe2
09e63e05
f21a0619
d5480cdb
d21c1500
04dc07e2
a5fbf10a
2df7e410
18d210cb
da24d818
0ccefbe6
20e30dce
dfeb0919
00c93e1d
f3332320
373efc20
312a1e32
34fc00f4
f022fe1c
0a1c0201
10e315da
064ff801
c9141505
f03d342c
eff3e9e2
0113fff1
14f301ed
f11115ae
00df54e9
01461a33
e80b1724
39f6f822
c515c9fa
16d1370b
0a0600fb
ff4a0acc
06ea44c6
faeab81f
efa9a00a
24ef1420
fbfe3c04
00d9a3fe
1210fd19
1ed3e6b8
2dc93eea
010b26fe
35021811
2123502a
8132e101
efb54ae7
02d3001c
fdb7fefc
4315520a
fd0725fa
1e02ed07
23cd2603
e0d80dfb
1dfb15d9
13f7ffeb
140e0805
1924c815
03e6e116
21f834ee
eb3febe1
2e0f24f9
46190cf4
f2e0030f
2f150610
d6a628e4
037b2fe2
de19f2ec
c338ef28
3fe842d9
013a4b0b
e500f103
32e50f31
1de70e1f
061dddfd
def105f7
f3f9f1d1
160ae793
f11f26d9
fefc03f2
2aea08fa
0c09d0ef
00074328
0d23e412
2e18d003
ffdb01ef
2af9fe15
06cf01e8
ec0305b4
dbea17b9
00f90944
e8e2f308
b363fac1
e6f40d12
27f625e7
1be9fdec
2c0d00e1
bb3ed102
fddaaf51
aef1f30d
f43a1341
ce1a00c5
de0d23f7
f9f2ff16
2e03f803
f7f8122f
00682ddc
2a1018fe
05dd030e
e456272a
1fdd14f9
f50c00f7
d8e60207
2ed71411
ff5831a9
08e80e08
c6dc0653
f9c2d3eb
d4e11d03
fb2ffefe
f3260271
1c1dee01
05310f0d
ea4835f0
f702f227
ff230209
4c04fcea
07fbfec4
d1d5f509
d9031808
fcfac251
0fc1d6f8
0602f9ea
01d4fbeb
eddaccf4
032301fd
bf0bf001
01e2e8dd
f1b7bde2
2ba7280f
6f052327
91cd181b
0a252715
0cf20200
bc2efc18
41030fe4
00a9c901
520404f9
2fecf4fc
0d61fbfa
031afa07
05d103e7
ec31f1c1
6911fdd0
01fa0d08
f8de1a01
afecd9f3
13e5060e
db311614
fc000700
31f801f1
160b0b06
faeafff4
173be9fe
aaebb8f9
50341f38
e6d8edf9
21cc01e4
102df8c4
f709ac5b
fd0305d9
e5cdd60c
15e4d3f1
e017f34c
0fe044fc
0ce501cd
03dcfae7
e51af208
fb16ecc3
be1912f0
d31047de
df0509f0
fa21370c
034204e0
db0610c4
e9ec2b2d
01fd0527
daeaed09
e546f62d
25def822
e616f117
f509003d
200affca
0114fcd3
02d7320d
e14bdbf5
e3f90206
0728e528
cdd121f0
fafc08fa
1ec1e4ec
2246d315
fecd2222
f52613e1
ee1321f8
cfdad6d7
eb1f10fa
112d01f5
1517fddc
e54b67cc
01ee1104
eefe22f9
42ae0ec4
20ed15f8
04183514
1e2800f5
3e7f0f13
15dd03b4
fd62f30f
13d0511a
28c2cfcc
d93e15c1
27c4210d
15d300f1
32ff0105
db0a2322
fcfad4ce
f7f7040f
e1e8051b
ca50d7e6
09fedcff
001402ec
d724fc15
00fedfcb
face2bfc
140bef02
ee06e01c
1f0203fe
3b3b280d
043900f6
f016fb16
faf81cf9
ffe8bad6
ef243ff9
3538ecbe
db3315d9
fc04d617
03d7fbe6
14eefc0d
d1d908ee
01f0c8cc
05e10af6
c6eb0402
fd140ad4
fff3f215
03fc0211
d21afa9d
073fd4fe
ff183808
c30ed70a
efda4dd1
d512f3df
ff181f22
beff81e2
05f7fafb
f0010604
c70e05fa
03fd03c8
00fafefd
07faf905
04f6fdd1
190a02e1
06e7ff23
04faf4ed
020be308
17d0e1eb
e1000bd9
2b02fbd8
2bfceb17
f8f80218
dbad030f
4712fbd5
ffdae9ed
e8d24102
ea070f0b
d804f9c6
f1492ef1
f8000207
fab3eff8
254def0f
fee41434
0f20cbef
d7c1f0ea
f53a3836
0137ff10
f9bdfdfa
0bff1212
f51204da
0107de32
37111c1a
49f1d7e3
1334a03c
0aedf204
fb0e030a
164efecd
010859ff
001250cb
ef3818f1
2009bdf0
dcecf012
372ced03
f62501e4
c2ea0817
ecaddcf5
fe0acc12
155fc300
4e0717f9
0011d3fd
d3fff401
0800fce9
d40c0bd7
300bfbf5
03dd3df0
15c7f80a
49db1ee3
f1dc1909
bee6d109
f21705fb
fcf7fc36
3a09d502
002f26ff
18f99cf7
c5361cf9
ebe90ae3
ef1c4e14
04eeffd5
f12c06f6
bcf5d721
fe68f5e1
2b00210f
4dfeef02
f8f7d716
171b20f5
ef100401
06ecfedd
15102cd8
fe812102
ab21dded
fceed30d
2db51aea
18e603f1
5925fe3e
2804557f
f31c16e5
05f6f931
1405a642
d02736cd
06030226
063c0bc4
03cafeff
e8f9fe4e
0f2105ea
fb010020
f7192dfc
0200be0a
dff0d8e0
b3e10a00
01ef03db
fc01fb12
28a0bde6
03f2fc06
12eb0701
66e5f5ff
c90bc4d8
e4e82f1e
c439fc9b
202ff335
54db00ba
01f1b83d
1ebab8da
01d719d0
651415ac
37f39f42
f0f7fef4
d201ff20
1de232d0
04592c07
ddee45ff
e8dd42f1
1e04c44c
f914010d
eccf00d3
fdfc00c7
bb234cf8
0441abdf
f45bc5f6
dd0cf7c8
dff9da06
0ff82d32
e51cff16
b1b107cb
2bf9f035
fe1811fa
0858ea0b
1cd2b8d5
12fbf602
fd152d0c
18f7ffd5
daadf8ef
c5daf5ed
02fcddf0
e12d32e1
1ee60cff
26471ef8
23cb3b23
f60e0723
1709fce8
f7c54618
fce1e510
11c229ff
0cf10b13
08f55837
fff3e8f4
2e44f21b
0df839d4
1d3fe004
30eb00c6
34ec4dcf
e1f5c720
08e7bf04
c51be310
f90ce31b
d32cc0da
58228e81
df18d7fe
e4da1ff3
f80a29e4
9587f1e0
fe78dfa9
fa18c904
ed2cf8e1
0524fc16
e8002fc5
2e2ae8f0
0ab82c37
f0260dc6
32fd23f3
0ce12a23
2314abf1
d8e4f5e4
2af9e71c
f3140607
050a2a1f
e143bfe9
fc1df7fd
2214f40c
2cd64634
f8d81d2d
e4d90cb4
2fcf4a0a
16f80dbd
063de0c7
f6f614e7
f7a3f9fe
bf1515f1
03fb3b1e
ef0439fb
d9fef43b
084307f7
5fe313e8
0d97e62d
01292b29
ef053704
620222c6
001207ad
dcc80f12
11f8f5f1
eab25cea
123f02bb
14cafe00
e2aae60b
e6fda595
180014bc
e4066bf0
12535811
ecd50070
fd051020
2411044a
1a04f41c
fff5dc1f
fa17ea28
fa0fe7ff
d819ffdb
22ffdb1c
1910f6e0
3d113d2a
1f6b15ed
f3d94f01
f9d5190e
f911abe5
f281020b
dc18fd14
ee14f327
5d32ecf3
10ecf8f1
c1f636e4
08e032f9
e705e516
ec16ef21
cbbddaf6
063911f2
02ef19f0
08f5f821
3adb201a
4b2b07ee
fbef4f12
f9390e0e
0ec535d4
eee4fcda
3a19f748
1a1fedfc
0fe34a28
ddc2c562
d42f0ef5
ef1b2ad5
ea0e33ff
1b6ee034
2aea122e
b901e518
021d2df3
e0ecbfd8
f31efe0a
0aec0d45
e8dae3fc
b6110002
0d0cf71e
2004e6f3
05f7acd1
15261b01
f81905f2
0cf4e510
081c0020
0c20f8df
fcec0adc
c8aa38d7
e5f3e3e0
fe0b60fe
0ce313ff
d24db9fb
0c33510a
26d805d3
d719edf1
ae0b1ee6
fabd551c
09cf0810
f00edb21
15d1e8fa
cd37dda8
fa493908
fad9fb12
2e06ffb1
f204130b
04e5effb
f61d0a11
04c4fd0b
c4070ad4
f0263ef2
2e3df5ea
cf06bfdf
d813d8df
167f07c4
fef8d718
f92aa600
6a0e2305
061cbbc8
e157face
39dff421
2938f61f
450ed705
2e24e9f6
de1725df
530237f9
08d0fdde
52f319f8
01f7e82f
1fdd1c14
2f23f937
e7db1326
f300fd32
feee2ef0
c5ef1a17
1a11f6eb
27e6c116
fdb41942
41130a0d
0219cff4
1c28fdd0
d147d1ea
3a39020d
2a0fc10a
f5e6a3ee
fe001e05
e00b370d
29e9fc04
e718eefd
f1301fb2
07f7f6ee
43d8e2e3
31fb43fb
1f2cedf1
c217fcfb
0bf1a017
09f1292a
0b431cc9
2ef015e5
de00f7d2
341afbf6
2d57f4fa
e3f914fe
cff76a29
020b07c4
d7130df3
f639ebed
0df437f4
17260815
f8f5cd0f
f7f728d5
ebebe420
fdf11913
ddedf1f1
28f2fe10
5fdb241e
29070806
b9dce226
f3efd6f9
ed2bed0a
c422d0e2
13141334
20d2f725
1305e718
f3e22de1
5bfe2f0a
23f9f8df
f30c081f
f9280fe0
c83f1cda
eb42f21d
08ecd6f4
32232905
ec542b0f
0df4ca00
e63c1e19
bff5520d
1a1022e4
e0ce08cc
f0f73d27
1a32030b
e5f44dc9
feb70a47
080b08fb
f8e5230f
0a2ed8f0
2bd701c9
e8e04d2a
e601efdd
eee825e2
0808cd23
fb3412e7
0bffce00
01eeef27
220cfaf7
2b05453b
d3170109
c9e4d0dc
0d0adac6
15dcf2fa
3cf3a6e9
f8fdfeee
fb15f644
1fff1bc8
ec122acf
b53df802
e5efed0d
e734cf02
2d170ee0
08c3df06
1ffde022
e211ed2b
2d02db16
251e513b
4f17f908
f8e10527
ec0e53f2
12dcddc8
21d308f7
0df8ddfc
08f51010
eef2e6fe
3bef2a17
ef28fd1b
08b8e200
03a42af5
28002de2
d5d716e4
ea16fb18
dfde621b
f112fd08
b714fa0f
1f0ce9f6
d61b0001
971b0009
f2d1023e
f234dc01
b0d1e7dc
c3f207f1
fd3705db
0fab381c
d925fa26
e3fb2cf9
262411e1
0d10c7f0
f609e0ef
c4e3ebde
141d0df2
2ee00b09
110de81a
02da02a9
f3e1e9d8
12ea03f2
aa00202a
17fb3200
2232f4f7
c903e812
02f72ed1
1cd00d02
0d05f911
51f5c2fc
c4eb1606
bb980100
0ce7e1f3
1706d118
f98f1c03
4dc81342
e8f6c936
13ea2902
faf44de6
f3f80abe
f8cf330a
1605a004
2e0d28f5
0b11e7d1
1aecde4f
1802dfe7
e5a4e499
b7bce72b
dcdc0213
fd39e22a
1706e32c
05ddda32
2219efc5
7f372300
45df6422
2adbc82f
da09dafd
fcd62cf6
bc1908f4
2a53020e
201df2e4
05edefef
09d3d2f9
f72804c9
1a0c17e9
f50cdeec
cde4de13
dc170605
eee51dcb
0ec354f9
f41c0006
d9f60e9c
e3e0e605
f62dfe4f
ec0a19f5
03d32130
fa17cde4
311816e6
053c1117
332ae1da
fff7fbdc
08ffda33
d73dee16
2b2bf6c8
f9e673d6
f2061fe5
3814c3ad
211134fd
01170215
1bf4feea
faf207fa
c9dd0400
d7075bdb
f5eae7f5
1e1ab4d1
f5ec1331
fe10f61b
0808edbc
fffc2a03
1df4ffa6
ee0b1f1f
ed153113
f3fa2c01
f71ccd29
d614a51f
e1f450f5
dcc134c3
d43800c0
fb1afd28
1af12824
2f16d902
edf5d7c9
0e21f402
1af0ebe3
07d2e5ea
172d0bc2
39ec3bf7
dff43cfc
ba05ae08
453cc3f7
15b8d406
f8fad605
db32e3f4
0a1301f1
b9040603
1cd4123b
e2273f31
39ee0cf7
ba20cc54
f31c15bb
0ee003db
2822001b
07e2d7e1
dc04f6db
051cdb22
c6e70c51
e508db37
fe1133cd
dfe1f6cf
3a23e311
d80ceaf8
03d603df
331aed39
0218dc0d
1814f3fc
e52bf3e5
03272507
eaf8fd14
09e0d347
0710e3f2
d1ece5ed
d919ffad
f2e9de0a
19f3231c
c4f30bca
1431f9f6
2212c420
5b070809
d2002133
21e7f91a
160a0fe9
faecd309
ff47e5fd
2a0d0a33
1403f3bc
ea25ec22
fc1dc5de
dcf51ed6
10b60006
08ad3452
1d20a2f3
abe315ba
f812d7d2
04eefbf6
0d37d9e0
0cc5051d
11a9f2fe
e2f5e114
0d070805
42f50c44
1afff010
31dd1215
06f03330
e6def040
19c5d322
f716e2f5
262de4b3
1ef40a1e
d6f4e8dc
e40c11ea
09769fba
6ddafd0a
3c10e1f7
10a5de24
3e39e5f3
e1922610
ec013313
101afb38
4cb81002
c6026408
f6e2d9f2
04f9cc0f
e2ea2602
0639fcd2
1c00d6e6
272cd9fd
3cf448e8
e4103313
e0250808
f6fbdfce
01f7e618
200bedf4
e8201c19
23e3290e
c20c3be6
fc28e2e2
07f0bee7
1ceff001
29e1fcf0
1a031dea
42feb823
e3f1f815
1823f4f5
fee9fb10
fbade409
e1e8e734
3108d509
0cee193a
bc03a3c8
e80f0dfa
e63709fd
e2efd70d
255f28f2
46ca332f
eddfb9e4
eb02250b
c1ebe328
f1f40803
1c0549fc
0933091f
122900ff
2902f64e
12f0ebde
e6fc0c0c
1c0702fb
140117e6
301cf1d4
f4081735
2e3a0dec
2a0086e9
0507c4ea
f3f5f215
f820f030
1afdc113
2b1bf7f8
e4adccec
f0db061b
fad6fb21
250db7f2
fbf82118
f6e626c7
96fdf0e9
ca3b0002
1f2421e9
112808e8
e0140202
3b43f9f6
22cd04d8
0af7dff3
06d5dbf2
431a8507
13140a0d
27f5261d
01108c25
043a59e6
3fe1f7ef
19ffda25
ff03410f
1ffb1fff
0dcc07f4
00eae4fc
1ee2cdd4
f4f91c16
cb0d0c3b
adf2e8da
f8d748e9
2a085c0a
11f5ebf6
e1f1cd04
ee0015e1
bde9cbfe
0c371515
0b2628eb
f11008fa
05f6c4c4
23f8ef12
f8df2713
eaa9ea34
e8f9f317
05220d1d
00fad2ed
03f4e8e5
f7f9d3f7
faf50bff
f507f11a
ef040bfe
0c07fd13
f90ded0c
f6041931
dee04101
1eed32ce
ce23ebcf
f91e0dfe
0d0fd314
30d103f3
a9ce12f2
011508e3
f2000ceb
1b0e06d1
1d04ff1c
0afedded
1223b3e2
11281d10
1120d6b6
00fcb7c6
2806ec04
f73fe3d6
18280bbd
0a2324f9
0dd9c30b
f32a7fe1
4b221a03
fdfdf403
03fd0300
fc00ffff
08050603
fefffe01
02f6fbf7
000ef7fe
020401ff
3ae8cfc6
233150e2
c7c4fbf2
fa15f8ed
ebe3adf5
1eb32f0b
eb170242
06f2034c
e62210d8
00e3d2f3
0d22df02
a50bdc27
20e5f610
fbfc5136
1307e8c5
132402b7
3725fb1a
1a19d335
f3e41cf6
de304ffc
e8ed490a
eeeeebcc
e0d023d7
ed430112
211b3330
2b10200c
ef053b3c
08f4d21d
0fe9f402
13ea4305
0ade1ddc
2830f825
04230f13
19fef8f7
d9fb3809
1808020a
1628f3f9
fbff0d03
f4000df5
f7ee0c09
ee01fc2f
432ff0c3
e111edf9
1e0d1e25
0c0c11e8
fc08e9e8
1a20fb1a
17f2cdf7
29d727f3
ebed8117
28e3d3f9
b84cf91a
e50a0d34
f523eeda
14f818ec
eb0ae119
0b030705
00fcf5fd
00fef9fd
070704fb
fc0efbfd
fb020a05
fbf1fdff
faf60302
eefee110
dfe7d0de
feb721b9
e5f622f1
f1d5dd0e
00f3e5f4
e0dee8f0
e61a04f4
1d062e0b
f50c0ef1
f703f8e3
0e02101e
0efb36ed
f70bdd14
2efad7fd
0ce0ecea
031fca10
dafe09c0
ebc7e1ee
04f1e8e5
2f2833cd
17feccd9
1e16e84a
3301e5e0
dedfd3ef
fef52113
1c43c3d4
3108a71b
efc3e725
08dc17f8
f10b09f4
1d0d192c
f1f3fe0e
f9d0dd1d
0214f8e7
080b0824
14273004
11ea031a
17fcfef1
0efc1ff0
180c10e4
0ff805ee
f7fb16ec
e5170816
0d02dafb
090f06fe
0d0d00ee
23e8f9ea
1cf80208
c407310e
cde451d0
42f5caa0
dbee2bee
f1095c0d
e1e81b05
840af634
0c0c11e0
d9f4f7f0
d119c2ee
e233f819
0624190a
f0d324db
eb042ff0
bd0f0d49
09ee05f7
ee04d0ed
f214d4dc
1ae21cef
d62da62a
1609c6dc
edfdfc22
3ceb05fd
f01301f1
f115eade
f3fcba26
f9040af7
1e010ff7
ed09fa08
38fa0117
f9e9d0fb
09f412a2
4bf40c2a
edd0193d
f4bc55df
e4bfe20a
21ee00df
e4da33fd
5c261c37
eef7fc07
3dfc2a0d
19d3de0a
1e22def7
24eac0f0
f4e5e015
1b54151d
b4ed16bc
171732f1
310d23ea
f71afdff
10170824
1a0e13eb
04f903fa
372c2608
eef2f3e7
ece814eb
d63abefb
15d7f2d3
e3440514
dd1624da
25ce2cf5
18f0e048
bf0401cf
e8dee2a6
c5ddd813
ee2bfb01
221709fb
d2e00f1a
de31f1f8
2f12e814
4aeb0115
0617c518
0402d3f0
152be635
f23935f6
0b4399f2
00fad713
dc08eefd
2542fddc
602a1216
0f0be4f4
2a2b48ed
ec011c02
055d07fc
f20c15fa
131030d8
0d0cf0dc
fe020f04
f6020e05
fff80200
0205fa06
000001fe
fffb0305
fa01f6fe
050e0203
f90f33dc
181bdbf5
cb40eb02
fef2f6c3
ff2bd6f6
e4dcce00
02fd0400
0b11f918
dd0025ff
d30eea0b
0ef84d1b
f6f6f50d
03eef7fb
ed260316
7adef521
1f81f615
f0f32827
00e20a1e
0012d805
cff50c10
fa05f310
121e2208
ce29f3f2
fc1003db
fc03e0ce
ebcfe9da
cd14f7bf
f7e128e7
0bff27f2
fa4209fc
0014d403
3a04eb2a
26f70eec
11f7f4fe
01f3e9f4
e8e6e613
05f3f9f9
fdf71c0a
ff130a04
fcf202f0
fce10dc3
3a15eef7
2ee648e3
aa0ef60f
00ed13e1
c2066808
09ce3efb
d4db03ff
120508f6
00dabacd
1af7eab3
b3ede7e1
f41ff4f8
0d2fdd05
140fdd30
fdeede0e
194c060a
12bbf745
d0df1d31
caff22c2
2dcc2d1f
fcf1e2ff
2bd80aa0
fe1a05de
1a0be80d
ef1fedde
e5fae6ce
280cfe08
2d0fffbe
20bbfdfc
f6f5e436
ecf90d1b
330949f3
3e220c1a
24b60824
3bfdc7e7
e9d712f8
f9f21e3f
30032034
3affebed
fb0a0309
05fe05fd
04160f07
fd0bfb06
11f5f801
05fb0204
cc0bfc00
0ef5fdff
efe90aec
e3ce23f4
f1f5150a
150eeef1
00571021
e41febb0
f4f7f6e3
d9d611c6
fa0e37dc
01d50bf6
fdfac600
d1eef0d1
14185913
faece3ec
f2c1ecf9
020b0513
22d89ee6
fbeb56ef
0a49220c
b8ffe7f4
f2d905f7
0f185013
180736f6
f1e303cc
3505d31d
fb0c3afd
070f08d8
01e515f7
fbf41111
07ee0955
f709f427
2113faf0
e417da06
1d52a207
21f55f0e
d4170af5
ee38b5ea
1adc4650
eede1dcf
291df7b8
e9f7443e
bbec34e9
05182acb
1903e4bd
f5da09e2
d0012c1c
d3d43511
0b1114b1
1bf7e2ee
fcfa3901
421e0806
03fb55cd
e5e6db35
0e170123
ea4032fd
fbdeecee
ecff471b
f817082c
e7d022f7
1f07f2d0
e902e3ff
42b93f04
0cd5e61c
f5231cac
170213e4
ef1b4e16
15f30ef8
ef31eaf8
29ff2fe1
20d70a2e
161009f6
f1fe12de
e909d8e5
f4f0662b
1c54f300
f5f3f921
0ac4fcdc
f8c107cc
e9e4dd27
dc254266
1cb2fa02
fdc9fb7f
f6ddc9fe
fad7e20d
e5de01fb
f60a27fb
d6f20767
08bb6620
22ebe1db
e4f41616
f2dbe2dd
07beef21
eef5210c
01f3e91c
e7cdda18
0c0020ec
f20af623
0ef6b6ff
30c9ef1b
49e5d8c8
11f1f7e5
0e06010d
2b48dc1e
05ebf9f8
2be5eeff
29f81ffc
f61e1908
de0b050f
81f8147f
e033eee2
d60f2f19
c21fe0df
1705efbc
1c1027f3
d6e8e8f8
e3f8e85a
f558fbf8
efebf7f7
d4d5d30e
101a1311
c8155234
dbd6ecb3
fe1ffec5
21fa0dac
aed72552
2a3146e0
ea48011b
3551d111
0ce5ece6
201ddb2c
faeb15d7
df2f32f1
f6dcdb14
03f7100b
3ff3d9f7
22ae0de7
22e938bb
ff1def06
65e2f90a
22fc290b
e2b614ed
fa0b0e11
c6e0f016
d41df528
21eb0810
f40cfc18
ed1f2a58
e6fe0853
1ef80bf4
c7ef240a
10bff1d5
2bea241a
0a23e45e
5e0ac1d6
e4ce023f
ecf015b5
041fcdd4
1de6f6da
e102350a
293efbf2
ddf7eaf1
352cf9fe
e63d2008
dbef1104
010816e2
48f41af9
1700e6f1
fd06fa08
14ea1e00
e62ad0f3
e70bc6f9
e916fbe4
d80027f9
2cfddcc8
d9b3c5fd
df10fff1
f70a312f
3007332e
c5dc2df7
e39d2c59
ffd2d21d
0614dadc
ff0f0fcf
bfee05c0
f8e536e9
e71f2ec5
b1edb5f2
f1163811
20fef5fb
ede83427
00f6e819
f0daf909
0d17e7e6
1f01fbbd
01c10dcf
ebccf129
f20a440b
43044dfb
edfddaf2
ed1ee1ea
0c02d4da
1b13b919
e7e3d812
e0dcbaf1
1af021f0
eae8c701
0749fcf1
adf21df0
06f436fa
e802f009
08c7dbed
1bf44e01
1cf52ae1
ebd0a2e1
1df3d71d
17e72bf9
f90c5bc7
1dde47cd
0918d4e2
23031f15
12e016ec
f40c1726
f410f211
0e23ee4c
ed181812
fff612e9
d129d235
03f6ffce
0125f5ff
0708d3ee
f64cdd26
1b1ded46
ecf04afa
100ef1f1
e950d801
24f21512
144db908
f611bc2c
3c52f3f3
0fbef302
deee0c40
0df3f915
f31c27eb
fcfae6e3
ffd00bf7
e812f01a
0df50d05
06f61024
28f5f03d
82d3fbd3
3a000ac3
c9f402ee
0e21be01
432cf911
2bf3a210
e8b10e5b
c4f0ed01
4c0f1e2b
20d77f4c
36fd0c1c
d8f4c028
ecf9cfd4
f6d4e7cf
eb14091c
3d1c25ec
e003e2ff
0acfd5ee
060ce0ce
0fd90de9
1f02aeb6
fd13f313
2020da25
0f0045fe
d903f7f6
1d2ff0be
e5130054
3bf0b0ca
f90a192f
2a3208ed
12f1f2f8
ebee03ec
0a0db326
4a01f508
2e25fcac
2333f600
13ce7108
27db3502
189e36d3
dbcfeeb1
e405c1f4
d7eed0f4
ca11e40b
d038bf19
05f4c40c
c7da0822
81010611
fdd2320e
de051e20
1d05e62e
312cdd3d
feee09ff
fefdd835
1dcf3503
caee0bba
37e9b918
28140ad0
0bef18f5
d6cce40a
10ef24eb
e2d90624
f32a0808
dfea0e63
d6000300
c8fde907
cc30e0e0
27ff5b1e
23dbfe0c
0fe8d33f
3810eaf2
e0dafce9
ac1e23c4
e3fd030c
300e3aec
ea0445ee
12d91bf1
0313d418
f61ce802
e11de805
0be65204
e8120a17
f7cbaee6
1b0c09e8
e2c3edf1
d50f282e
db713c5f
dff40325
ce0726f8
c7fbded1
662892f7
175a07d3
3090f2e8
0ef2abd8
efead7fd
ae1afa3e
b1efdb39
0008fe10
af41df1a
0923f556
182de503
22c1faf9
d1f209dd
e40323ee
e1274d0f
030ca519
fa2cf325
d32c2904
06ff1516
14061d29
fb0cbace
d652f6e3
d30cfc19
fd0ba4e9
6121e4c8
bf093bf4
152efeea
2b02cf2f
091805ee
da0ff229
0de54de3
632df6ff
ccfb1311
eecbe613
082501eb
00e62d49
330cfd14
03b2ffcc
c92febe9
ad0dcdd4
b907fa0b
5345fe11
01153a0c
f003caeb
16d7070b
ff0ae3eb
2cfcfbf0
22043d1e
13d9141f
f4f91e21
000334f3
10eba3d3
02d40915
dd081d1a
d8fe155d
eef04be4
ddf6f5d0
1fe6f85b
f231cd2a
db06d93e
04dc35e7
d6fdf3bf
29d92e32
2913ea06
48e4dd10
fac70d2e
01cc0bf2
010f263b
0c460713
21e9f1f4
f7050619
e22400e8
faf6c7f3
2d092636
f135f908
1bf92210
e4caf91c
140fe813
d9fdfafe
f4e1ea03
32e91bed
c106d3f8
ec0c3cf4
ff18050c
153bce15
dafef5aa
f300d264
e6d62813
0df4dffd
2c45e4ec
20d44106
fcfef421
11d201d7
830f0bd0
081d19e8
4f36b5e6
2bdf390f
c22c170f
0420c40b
10d1fbb8
0b2f05f1
d7c3ff44
ecfccf22
3cee2cf0
f311e02b
e4f71f22
25c74a0a
03edbed1
1009f1d5
ffdd08de
fbf7f7c4
e2ea5ce8
142bf30d
2e38064d
e72bf72b
1c40bff8
ccc1e8e8
232ddde8
1cff08eb
e4101bfb
23f913f5
d4121500
e6272f1a
f0001d1c
fff1ffe1
f808fab8
ede8260a
f6fd0601
eadc0e9b
e60f3819
df19fffb
0bdaf3ff
d3d6e108
ff1a133a
c8e61b0a
08fcc224
f8293010
0e0d1cfa
f237d50b
1df71825
2218d40a
9bb72b2b
f2e4de08
071a21fa
3523ec44
f9f5eb06
1ef1e6de
1edfc3ed
1ceedc02
df0d0711
f6fe26be
02da1015
f9280b04
dc02e530
0e61e109
faf63813
0308290e
4dd5272e
e80b2a47
d8f31bed
a52f1728
66eff5ed
00351114
20061107
31d41af0
fe0deff7
e5f62eda
0de82ff7
dbbd1ae5
0fd11c49
02dc4afc
f1fe2905
c82ddb16
37000e27
000211d2
1bf514fc
e0d70df8
071933ff
0afe24f0
ec09f4d2
09dc1524
0af9003c
f2ee0c1f
0001d7f4
011ecd1f
0c2c4e09
0b1d0511
cc03fe0a
d20bfefa
e41f0223
fca430ff
f82105f0
dd2df540
17f916ef
ecfcdbf1
2d16eae6
f815f20e
cbc70d29
e10d3706
cb0ef606
fbe51de3
f6feede4
e41315ec
f0ec22fb
e6f5e42c
11360512
edd718e6
1e0dd3c6
1ab7d4ff
e834dd3a
ee42eaea
521f5ef3
f6d41c27
e80bedf1
f0dd44e6
02dd1ec8
d117cda5
0edde5c4
e4023d11
110b0b0a
dfdee440
a5fbf13b
03efede2
1a2ce61a
2a0d42e5
b8ded515
d9efc7f9
dbf22900
281617f4
d2e602ae
d00ff510
05eada0d
e2fbfcf9
ddfc531d
0403140b
2506e1f7
edfa0cee
b7020e21
0e04e5e5
17db2eec
2cff2de3
0c1a060f
19f65ff8
222726ef
050413ef
0fcf06d2
0e1e18cd
491ece04
c1eb0c2b
38e52cde
0bc3ded4
1ada0e00
c2faf605
092d1121
0bf6d7d7
0a0b620c
c20bd609
e93c36be
f7f1ff0a
c9f264e4
dce7f826
09031123
c90a272c
e30ac7f3
b929fafe
f7030fcd
01cc2404
f3f9c317
f61ef2d8
2446ec27
14f91212
db110bf0
10e4e3eb
1509f4f5
fcececf6
1fe9e5fc
0ff8ebff
fcf9fbee
07059e04
f5ea0fd3
54fce7e4
3c12db03
fc0b2714
b2d4eb5a
98e50eee
f44b0716
f6fe1404
cf21f414
2dff242a
1c350f08
f7e4ecf3
f6e7dfd6
04eae805
fef21a02
0cc70f00
244fd429
a9f92640
1607e1d2
fc051ad4
f8ea3236
110a392e
0ec307f0
fda4f031
db7ffaf9
0ffbced7
ec0610ff
c406e1ea
ffe2f0ee
34ded17f
ecd5e320
011be630
ed22c1f1
dfdbd2fe
19eecbd9
33fa23d8
face763d
eee70009
01c41fdc
1bf91234
fc19dc1b
1ae3e7bf
5d0a1d14
15dc10f5
0bc70814
e90f08f6
300518f8
ef062218
092c2744
13c9f953
1f08bdcb
1cd806db
d2c9efd2
d7342512
e81617b9
deeba4e2
04ee35f8
d2feb804
38fcff4f
3136d0e4
3216d818
0024cffe
d000f8bf
f61bd2c7
22e3e702
f9ed552b
f1173def
f31fbffe
f224f9df
e3db0ccf
1327f3df
2af9fac2
fce14016
cecdb836
5e6d03d4
03bc32fb
261308ef
e9221912
0b61edf9
2ae345cd
e409c9da
21e924bd
cdfb4101
fe28f3e7
0bfbf0ec
10d2f126
e3c60b28
ef0c39dd
08f1e707
d8e01b0b
e5272181
d618180f
0302f813
c15d0bf5
e12c1018
0ed58b16
d8e8db00
e11ceb18
dcff1bee
fee7082b
da23d82d
44030bf1
1fe3f52f
de15e62e
e809490b
2a0e22c8
1e3f55d0
11fde5fe
ecd5f6e3
0bf927fa
f7e115fc
0aea2e18
fffa15f2
01ef270c
ffda22fa
b015d22d
1532f905
bc2add19
252ef62b
81f93505
f2fafbe1
da22ebf9
2e09043e
fb3ac516
2804f310
f4fdefe2
e9e101db
f3fae6eb
e7fbed08
d2f7f8b8
28ecf9f9
5e1dcda2
08ca0df0
22f9f8f0
73c42b17
03f7f9ea
f3f103f9
0bf902f6
05f90f0b
0404f6f1
f5e818f9
da19faef
0b181603
c9e4eb27
301adb0b
c2ef0a0b
d3c2f547
e2030c02
18dd2703
b103f325
114dfc1e
e8f2d64c
f9efebfa
a7b8ffe3
08e9e4d6
f71de7e5
0b10cac7
0ef3ec41
e4f202e2
e70fe802
fdeff3e1
d742b000
02ff9c3e
1f2d08f6
dcfc332c
5529073e
d1c7fc0f
f2c3cef2
1a13d224
d8f6dce4
fd062f35
06dfbff0
20dc0437
1ad80212
34cc1dd7
b6ee0810
14063e27
f073f81e
41fa5a17
1231cfe3
ecff3806
db0cf418
4dfe1af8
f6e52fe2
ebf50d24
31dec943
c6ede025
ecf923f4
0f18dd38
0ed5f521
010afc21
f8ffbbbd
170cd509
d50d08e7
d2252adb
dfdaed49
e50316b2
283514d1
f2e5f4e9
d2dc17cc
f509e9e2
230cbbd8
490b2747
240434dd
2c032fea
1bd90b04
afd1fef4
dddcebdd
d6d41cf2
4eeaca20
e8151308
0c2a11f6
2f4017c7
1c212335
21d9ede5
c1da0ff9
eed903f4
63fcc237
5b4bd233
f2d72f0f
de4d1509
0d1ae007
cf11e02e
d5ec3807
f0f9e722
d9bb180d
eae6f923
bd9bf814
010eefe9
eb81c53a
ed2bf908
1808dc3c
0c0b3c08
ba4d2318
0401d5e7
00e5a90f
e8c4b907
fdc500f0
d916121b
0307f1b8
05153502
09001109
3fe94306
e50ede10
ee0429d3
060b33ee
13f7f1c7
3405e62f
2aeb0201
1a3cf5f3
2811dd0f
f2265f1e
2210c9fc
d809ebbb
fd490336
cd0db303
d4f201fd
291eda26
361d08a9
fffc43ec
c10bf5f6
0002061d
d74aeb04
d7070cc5
d0eefd1e
4122bfe5
cc031aff
03f55521
e004f80a
10efd5e7
d9020c15
f6eccfea
3ae0fafb
f130d02b
2a2cf2f5
e1de0233
0e1423f3
201b0b0f
04f306e1
f019dcea
f8e639e0
16f54e1b
c4e4f3b2
109bd8dd
0c3c9ef3
eb10db07
f321f479
cacfd7d4
0117fc08
0a14fa10
0600da05
17f6edf9
090434d6
7fe2cbf2
208601fd
03a8e622
fb344a5a
fd7feaea
fce3dc19
01e9121b
fb8cd1f7
2d365014
dca43a08
f4f4000c
fa02dce3
040fe2ff
e9f403f7
fc11f415
f6ffff05
2004e20b
00f0f1e4
0a0b36c9
3b10431f
fd23211b
e825e362
fded1410
caf51814
12f518e5
ff090e39
0afbd5d2
accb13d0
fce5d109
eb31eae0
39f7d6f8
4212e405
f3afffe1
eee9024e
f2f5eced
b6070ff7
bc250bdb
3b2deb0b
123bbefc
d3ede104
040203e9
13da011a
392f08fa
472ff7f1
34d2d74a
230feff9
06d6e3d1
7fe60a0b
e708f530
ff4defe9
de09e4ef
fef4db17
f702f45f
efebd941
ff23cb29
db2dfbdb
1510f9eb
3de90272
d7ef1826
2202fbf7
fee6070b
41fe13e1
cb07ab05
fdee11ff
c4dfed3c
e1200b37
27f5d720
1c05feee
cef0f6bf
030eeccd
da200e16
06d7032e
e5e30316
e23004f0
12f411e0
1103d716
f22ed82c
48320c25
02dcf621
d21a2fef
f64b01cf
2019efe4
f1e5b4da
ecfefbc3
21f3b110
161210f7
01f202fe
e900e80b
ce02df22
0b13f923
fc0febee
eb2614f0
fff7e4de
2410f3cb
f50e3ffe
e8e2f212
12c7131b
0ce5efff
4d096219
e918c4f8
ede391cb
2710fdc2
25c616da
e5cd0fec
e8231c15
01f00e24
b81f0ed2
1b2b4803
7027b7ea
55181efb
05e5f61d
e8cbf1e1
d1f00704
f23ae6ba
f022e47f
4e01b61a
e611f947
d89bd5ed
06c24531
d4eefbe7
252a00e1
32f70f27
ec0f3927
d4cb2005
f80ade0a
17f3e80f
0ecd9b01
da26ea07
e9339906
0b000bde
ebfa30b4
47c3ef1f
04e7e446
e2090232
f51afb1b
332ef0ec
d423fde6
f64415e9
facddace
ed05d11e
aa4cee0c
dd19c5f3
0c11090d
f1f6da15
633cf0e1
2a8d10ee
f5e5e2e8
5dd406d5
dd4fde11
17f41de1
0ff7131e
0715fbe2
3af7f2c9
0bc3ee0e
4defc209
ea221b14
260618ef
dd024d1f
120133ee
bad32a1b
57e940e7
2ab414f5
0ff52dd7
dd1b140a
7fdf0ad9
f3199eda
dc2827fc
f10672fd
e6c6d00d
132cedd9
f8220f0d
0ced0604
2ac6f9cb
1a08f100
ff13c5e4
211a1809
0addf035
3433f431
dcf681bc
16e7f320
121306f1
15ff2fc1
ec011115
22f90e2e
02ec3c00
15082003
cbe5f10b
ceead6fb
c32ee4e9
e542d939
ef23031d
092f1301
00cd06e0
0af2f2e0
23070d1a
1a08ec17
fc2f4734
0314f92a
04071ef2
d6faf811
d1ddfbd6
fd340503
dffd08fc
cc30fb1f
1717fbd3
05f233e3
2e0a15d4
16d407ff
53ded9e6
2cdc0817
3aecc6db
f1076701
da0bc807
07231cf1
e6ef2cf9
370cb0e3
f7e3b807
da28f6c0
eff10327
e3e003d0
0b0db618
f3fe2434
db032435
fc0fec1c
c801170b
1330e9fd
2215ec0b
f4e2e8e3
b9f3d2c5
1d1c920e
4d2c0dc8
c8ecdafa
0c6315de
d6ed0adc
f9fbc918
fbef1ee0
13f7cf01
f4e8fddc
04f6130a
0de9d12c
f3e8fe0a
0220fe2f
14ef21d7
c8d411f7
fd36d2ed
c5f8d335
e227de33
2d2bd613
f7edeef7
e5f5fff2
d6ebf165
e71df0fd
e7f8f6df
394ec82f
0803c7e7
e5fb214f
17f5c4fa
26ffebae
041e0131
03172033
20ea661e
bff4f909
17f6e4f4
10dd0001
22f7f0ba
030315fb
f5fed83a
cf101e04
ecfaf7e7
f13d11af
07de20f1
14da0dfe
24d918ff
c2e618fd
fffafb08
fa0d0ef3
04000e12
240c0312
f865f307
d709ffcf
0822f200
2af6f738
f70fda0c
2f290308
f2182fe3
0211f964
120e2302
fee3dade
10f7cccf
100b0dee
151cffcd
19ef042c
3e1bff13
8606d9ef
ecfb343c
ee04e8f2
20ed0cb9
f90d00fb
2702e2fa
02250df4
01e8dcee
f513fdef
141410eb
ffd70809
f6edf90c
e9f6fdfd
dbd2f0fc
201a1b0d
1806da15
e8f1f80e
0831df13
2ee240d5
f9f6ffed
e2d907e3
f61731b9
35154401
0c05eb3e
e8e329f3
2adcccda
dfe332ee
e503c61b
0b130d2a
20fb00e1
5800f5ef
9e24f214
9cd5bddb
03239815
10f33629
052d18e7
c1eb01f1
f2fb06e2
f5b92fa7
f6dde239
0ce82800
fd12390d
cd6510d2
0affce0d
bfeee405
0f10fee5
1cf21ff7
e319cd26
0010f2f9
2011ece1
f6e708f0
e93c420f
f2170bf5
09e42ff8
26e5f200
35fa22cb
f5dee139
10f8f0d7
1614ea14
2bfe1d1b
c1d414f2
00f80204
02fd00fe
fbf90902
fd04fe08
030204fc
05fe0104
090203fa
021001fe
cde33015
f0e3ecff
052b9c00
e0fa2900
0bdf04df
dc02caf1
f2112038
cee51cf3
38e43c2e
35f51922
19fa0958
d6ce0510
0f01f7fe
faf6e7dc
d5e118e9
f13a031d
03cae9ae
4809bf37
e3e0f10c
e71bcd29
dce3d1fd
f0e6f3d7
d616f8f1
5f3120c3
f91a09bf
23c1f516
c8ec2018
f100ef08
28edd607
0821fff1
0a2609eb
f5f11018
f2eef6f8
d9e608f6
39ed2cd4
ebe5274d
003509f9
02101523
07d40e23
d5c619e3
fbf2ea15
11f8e7f9
f00cd1fd
e11610f7
fd18e91a
f2eaf713
0aebfc0d
f9f8080f
fb060e29
f31dc90e
18250b10
11e7f330
d5d8c016
fdd3b120
0911011f
3c0a0410
f9eddff6
010008eb
dc48cec4
f903d327
3de20bed
34f41e10
15ef15d3
11d101c4
2c00e2d0
f9110cfb
f9b12300
b9f7e4cd
ff22edff
24d93fe2
19a5cb17
1fd81616
0d05f2e8
09fe1beb
cf25e2fb
4f1ef8d6
0dfa12eb
ef200623
e31b2511
0e20ebcf
2bf10eca
c3de1502
ebfa01f3
cad015ed
05e82ffd
d7fb1f31
d10402f2
461c2147
fa022ce5
041dd3ff
dcefe72a
e8031cc2
f80626fc
1bd93927
f1d7f023
f70e07d3
dd0e0b26
ef22101a
f7e5f0f5
071f38f0
0bd50fda
0efe8111
3615d400
34e9fdfe
e307f021
fc11e12e
13e30a1e
ff1f12f8
fe1f680d
c9e210f0
f4d9ebc5
42230511
12ff2321
f3081634
02f74017
192b30dc
d8da01fd
fc2ee50c
e8d5f620
bf27fcba
20ed172c
d5f51104
fb2cdbde
d4f01317
d802011d
28f1f30c
d8f20d02
093c05e7
1105f70f
0bf6fcf5
09dae701
130e0204
ff09f846
00ce11f9
1411f5f1
ff0a06fe
fa03ba0a
110b40e1
bf36f1ee
08cbc41a
f8f71116
ffd3e6cb
fc22f818
18f2ff1d
e1f9de28
fdf63011
01e01df8
2a351025
c3d3cf28
20248a39
eddcf80b
0e3de529
dcf613e9
e521e234
142307f6
1326c7d9
dee6ec19
f5f5c713
181bf1ea
c8e60402
14faae05
090b5f27
470916fb
30201d26
eebc2705
3908200b
e733f421
40260ae9
deffed44
4613d0ec
0100d95e
7be4e7e7
11dde5ed
ccfaf648
ce042a07
f01ceb0c
e5fde1ec
0ef4f2f6
0109ec1f
e10303ef
ed14f61c
f01310fd
0eedeaf4
12fef8e3
0013f127
1b233010
550c1bb6
eacdd343
02bdcdef
18c629a3
13cd0fef
202902be
02e500e9
e4f9120e
ea27dcf7
0949e225
de27e112
3a03cd1a
06d1590e
da0606ec
fcfaf904
11fcfcfd
fc00f4fc
edd1a430
0c15dee5
e5e25fdf
d8f7e002
de211321
f400e636
4610d6fe
be0513ee
2f180347
040721fc
f30edde2
df1cd0fc
e329f540
e21fd4dd
441b0afb
0cd43517
ead3fec5
10be2dd9
1de657f9
131ec622
f3ea043f
c4f5e2f7
fbecd002
1245eec3
81ecccf7
0d10cdf6
f836e8ed
521f130d
0aa8fdc9
e5220224
e4f02ffd
170c2724
d931b009
0305170f
fff82120
e5c513c9
f23ffdd2
e0081df5
0c2a52ec
fe1208d5
1abfd5ea
e7e5f7fc
c2d526f8
e0e8b71b
e6171334
0406f0f1
31eb0502
f6c70f11
09c8c1c0
33e80ae2
38da21f7
44d9d7fe
bd923210
e6ed0d04
3809ece1
1be9ec3d
c1e1d819
f8fede09
fd0e3132
f0cd13fb
1a0ce80b
f114e0e9
2811badd
0a0ad8b5
b5dcfa16
07ea20fe
f7dd44fd
062c0de0
452aed0a
10121316
161902e1
e8101fd9
1bea7f27
eb124218
f5f8870c
fa2c121a
ed05ea29
1d0305fc
09f718fd
ca040c19
ec102ac3
f5090503
e2d435f6
402b070a
ebd615e9
2dfd2f14
f9ec21f8
381033d1
cc15f945
ec17dcfd
e91004dc
c9faf3e7
dd2f07fc
2bef1507
e50cf0f3
11fe9fe9
191404ed
d5fa6017
1f0accd6
b4090047
2526e4f0
cf1cd22c
08f99d0c
7deb00c5
e1f0e224
f9d30610
36e7fbfc
d605f0e5
012b1218
0df80510
bede2bf4
4313ce2a
13dbd92c
0615f10c
d60e1c11
eceaf203
b82511eb
e20de9f6
01e62ae2
05191f1c
34fa0125
0d33fc10
f4192f03
171dfef9
f5d3fb0e
b0e3ab09
d2e308d4
e208d5f1
08e7dd00
0bfff928
1f1549fd
103a0701
08dcf712
1f1116d0
1f0e0bf6
f9132420
1615e427
100f05e1
1407feee
ee0a1af9
0ad706fe
0f220244
f0ea2008
c20237e2
6408d11a
faf007f9
ee1ce4fb
dac824fb
2356f9e9
dc06495b
ea0507ca
3203e9e0
19f30eb9
02ee2c05
18e4efc6
fdfa181a
30d0f80d
4814f606
251c9c04
0cda02fa
e5f7cce6
0027e3e4
1903fc7f
1c061b10
fe0507fe
f2dc1354
cffbdccc
e708fdf9
ee1e0e4c
101c07fb
0df2f413
b7b42e0e
141c05fd
1e17e11a
391918f3
ee3d1003
c2d2084b
24cf03e6
eff6dae0
3b1bc2f7
0200fa16
31f3fbf3
fbf3f70b
0511ddcc
51176e4e
01fd22f5
fdf425db
0aba2b03
fbe51e3c
10f9f2d6
1805e307
fdd03002
e7e212f1
e4fd4404
f62711e1
e8230407
0119ef1b
2109e514
eaf13a1c
541bfa29
1d1111de
20eb10e5
d3de0e07
fedbfcf2
383000ca
d80aacfb
fc2212fc
af2321ef
1523020b
e7fe1d00
1bf62eb5
0aebe309
2b07fdfc
0c2b3530
15e60df4
121fbcdc
ffebf711
075d111e
13c269fc
eac6de0a
2b2224e3
ddf6dafb
e106d1e1
d73c321c
d4c3490a
e9010c27
fb34d712
39f40de3
00d4dff4
cff507eb
dde304f7
f40bf232
fbda23ff
31fa0de0
fef7c408
4500620d
14c20c30
ecf2180c
f7c70f18
e30eeab6
1e0d134a
2f08cddd
1b1d0933
0ff01703
ded71aff
1112e70d
39fe0ef8
08f32510
28e50ceb
09db1900
0c0c303e
1301f5e8
1cfdfbe8
e7e50a20
e8121809
2c5ebcf3
5e2024e1
ed151612
100babca
0e1817ec
dbfdf0fb
e90c1c05
1b20f212
dc053c19
0c12b60d
10fe36db
0b03d6d0
191612eb
f0e8fac8
1b03e507
e1d224e9
2eff680a
e7021dd4
3e7fe3bd
ed14f4f0
33d021da
d2dd03b1
0a02b035
123206ed
ff261cec
fbe9f1cc
d4e65f2e
2d09de2a
e907f6dd
d70ce818
28fb9913
13e5cdf0
e51bc9fb
ccf1bbd5
09f82a23
0befde0f
2201cf0e
cccd1de9
3203f522
00051f2a
e3e60814
2f1111fc
11e70ae1
fad1bac2
c71afff1
52312816
34300234
1505be0e
14d02ef8
0cc9e5e3
05e33dee
fcefc8f4
e3e3e7f0
004af81f
181d23d4
fbfac4fc
c0fa1111
081dd6e2
f0afd708
fff40fdc
d51a0d03
f438003c
311b2012
1eef121d
cad64014
d4f6fbee
e0e5f508
f2fec1de
0c37de13
fd061033
04061b0e
1500fbf5
20f7daf8
fae7e732
fffc0900
14f312fa
fee7001b
1e1e050b
18fce3fa
3c1005fd
0efbf803
d9e8dadf
29eda8c8
e6f1f9ed
37fe27ee
f2f2f7cf
f8120130
52270103
2119d9dd
f3c0f3f5
25cb35d2
2fb51f39
de0611fa
1f3b0fec
e7fa1805
c10a77e3
24da14f0
313cffef
f3f00ff7
06f1312a
e4c9ff29
c1f90738
1fd9021e
e6cff306
5021d604
27cb201a
1d33381b
f817e1e8
0ef8d8d8
48ea04d1
19de02d1
1f08ff10
f5fddd1c
ddcbb837
e0e0942a
d8cf9bf9
e8f61ad0
1b011216
3412e8d1
642fd501
e3b80ceb
c2081a0c
24dae5c3
01d7f209
ed292b2d
080afed1
01cd40dd
22ace03c
eb2898ff
0812ebf6
052b180f
def52a05
fe2a35eb
e90c24e8
f4051c04
ddc3dad6
48e10b1c
1b0812f2
e8d33822
fd193afb
b9a5ffe3
6d4c0017
d8fc3803
1409f1e1
d228013b
5edcdb02
eee60e0d
1d241a3c
1cf8feed
f01fe7f9
06fb1308
05f21ee4
e526e3f1
efebcd9c
fa15d418
021b3314
fee2dbf6
ef18e526
22110c13
ee0b3aef
34cf2140
c2eb431c
06e7e1cf
27fdc9f6
d5d11c18
1545fd3e
fce8fe08
e31fbc30
0e0be0f2
07f1160f
dbad1511
dcc44dfe
e527d005
061421df
17fc120b
13cad11e
3c2cf41a
fcebc508
cb13c432
e22ffa30
d10615f6
0f390bfd
24f9ef16
e7fc1e0f
2b0015ed
fb0525e5
f22756fd
f71c2009
0ce7ce0b
ce0ff74c
381a0e29
dce13819
022be412
47f218c4
18fbf0ef
d2ead005
2f2e34f0
42f01c1e
cd1928f7
1b01e5fc
fad43531
03fa09e6
3328f6c1
faff0fda
f12bf9f9
10180601
07151d0c
0e0e2609
e5fc550d
00f114ee
eb0cfd10
31f4c10f
e8dfdec8
d24804f0
06f024bc
cf162f05
3e00dedc
143234ca
d610ca0a
10f9bf02
f9eaf622
cd09f8ef
c511d412
e21f06ed
2622fe17
cd221020
d71bf804
f31ce817
a1db1112
3f62e31e
12fef30f
02cd24f6
fc10bf2b
11dc04cd
06b44421
f1f2f4fd
0e302ef7
31220b0e
07f3fa00
dc15f6fa
010badd4
15089f2e
d143e317
0dd32110
cedde926
d13affce
1c0f2b19
3ae801de
fd8ea094
0a2ee7cd
ecdbb61c
1a21fff0
f62ae003
e009f5ed
d2e01ee7
21fef113
28c41cdb
95dd0e2b
0cf34cfb
24170831
06dfeafa
f2d40b32
08dbfd03
06fc02fa
0b09d2fd
07fafc07
ff03fefc
000906f1
fb0efcf4
0427f305
2af80fa7
06c800fd
0833b405
f71e0ed9
ef40f72b
0f14f417
00d143f6
051e05db
3defec19
c50f8d2f
3eeed5d6
c2fa572c
e9fb12eb
c1ecea26
e2010424
c1221e2d
e2fca8f5
0b2cd201
cd4bda09
04e3d70c
f8ebbd1c
c0af3700
110d3cbf
563500e9
ec090ee8
661dd30a
2bf2a911
e8ff2b05
170bb6dd
efdd04e8
12ebf822
3efafbce
e906c8df
20fe17f8
cd2411ef
20f0d8ff
0ee949e2
f0fb2623
0028d804
13fd09e5
2304b7d9
0c2bdbe7
1be91823
a13013f1
024415e9
cbda1ffc
e7d00c10
e508f125
13f82208
950a1712
1b34d3bf
1b27c931
0c00f9f0
df1a251c
02029d19
d8dfff0a
e5130cd0
0904e206
ea192f0d
1fc7fc4b
071039fc
01bf1cd6
e61d0fe8
e7eb2742
a31dddcc
f6df0de7
091108f1
523a253d
0f06e7e5
0708cc1c
0239ea19
0311012b
2802e2e8
e40f171e
2934072a
0326ee05
211beae3
05fc0605
28fc09fb
cbe80bd8
fa7f0101
a9091000
00bb6018
ea06250f
4527eec2
097bdef3
323007fb
efcd81f2
edfb44f4
e703f809
1af4e414
f3f0fae9
1f017f01
dccd3800
1a0c0f0f
1d1b097f
fe060b27
18eca7d0
ebfb3b13
d2d6a717
f633dd30
bb03450c
06b1d5ff
45c70cd0
e4cfe9c1
04fc0e0e
34f311d8
f8cafc2f
c4cdd529
f2110dcf
44052314
1eb601fe
2e1222ee
f4cd2005
f1f2cbbf
13f80529
1fc8dcf7
3d16e721
fc100312
212807b7
3ae9310d
0a094111
d73cca45
3ad8fc08
1fe114f9
cec60cfa
f0281b15
29eb2d1a
19e2f7f6
2df4ad12
03fdf700
e3dce10d
ed11ff00
14f2ee17
c9ddf525
ed071669
13020d06
0d1213ee
ae321a22
f10a1cc5
0fd1b9f6
09ea1fe9
fe221ae8
c5de07d5
e5e5db0a
15010e1f
eb100513
1202f713
0c003eff
ed012c34
48d327e3
b2ba0d9b
0825df90
46e6e6c9
0f15491a
1de3f903
a3253538
4a32e21c
e31850cf
0815310f
e90e0ff9
ea25322a
3ef20b22
3d350112
facd4c10
e1e0dee7
c8dc39fe
11c88c9e
0431f0ed
3929ced0
21cfd4ed
c73d2030
09ebb2fd
dfcfc545
23f1ec0f
3dfae3cb
1502f0e0
10e9260d
983e0e0a
e3f9da2c
f6e729ed
20cc08f8
dcef020a
e7e9e7e3
eb0bd044
d6efec29
5a1e16f6
e9a0b6d0
0aed17e0
c92f12a8
db23ff21
0e1d5bee
20dd221e
f73ee6ec
e60e08f8
eaf5f3e4
18e1e5d2
e6e07f3c
f5f9fd0d
d6f753cd
2ffa02f8
ae2700b6
35d11712
00ffedd2
05a6e60e
14d2f100
31e444fb
28c7e3e1
fd8915eb
22e22935
d64a1ad2
28bbf4ec
ffaa7f0a
1213e712
11d2f1f5
9ce8f365
24f00ecf
183bc817
ded0f115
13bce4d6
e9f40622
475100fc
d4e6f7d5
1348e5cf
4346c260
f8d0fbc9
26f3521c
d6261be7
f825b9e9
2f0814ef
f629f91c
19d1e8ed
24d5ebf3
a39808fb
41e11a16
0be8f2d6
cebad4f2
1bdef8fa
35d3e018
3efddee1
a41244ef
dad636e1
28550303
3111b80b
f60c21fa
f2ea14df
def6c7ff
f32bf4f4
05f1e42f
cd3e2ecf
da982928
f07f0f69
7f30fc21
acc0e711
81c91ddb
1f1f9ce4
12f30322
2307281b
d8253ff8
e8ae2fc4
08141fe5
b7dd1dd7
d823361c
e215200d
1afca6a8
bc25e3e6
05071007
f80210ce
0bde2330
b5ebd426
c3ee66cf
fb00dbee
e7c81cbc
e2bedcac
08b3d9e7
11efd2ce
bdd82ae9
1002052b
03f6e01b
e0432f2f
4ea1121e
2e97f71f
ea379148
bb52ff26
0fc3c3de
1904edcb
f7c11f26
18059b5c
26e3fc00
16f7fb0d
f11804d1
ba0e09fd
fefa11b9
fc0ddd03
feeef44e
e2fbd4de
07ac8101
f0f218d6
e711396c
3de4efc2
d31b1615
d7af5d1c
e6ed5bd6
2b38fbcd
e202e8c9
fc0fc00c
6b04e52d
36da34f7
f118e72a
1bdc0909
e4f7fbcf
4cf21515
fcfafe6a
5015230c
f720efef
0fd1c3fe
c7f5dce7
22041cdd
f3f81519
20aae7d4
f5f4c7fb
9fef1fec
bffa0201
e619761c
e8f1180c
0721d6db
b6d1d1f9
ff06d4f4
c53a16ef
0e1af0e6
dddddff2
d61e0937
d23dc4e5
16d803f0
0214ff20
2ffd66ea
f20cd4aa
0014f6d5
bff8fbde
ce10cbdc
d5eb23e9
dc01fc0b
1c070813
dc01ede7
4118e04f
16f4bbbb
b3e3130f
11caf5f8
c4021511
2614fcfb
210efff1
0127cfda
0f3afade
0c2c29c4
ea16c0f6
f619fbe9
eec5c5f0
05f3feda
05021211
231ff3c8
36ed02b9
180ce507
e7fbcef8
04e60423
dc00fbff
161c0c08
51e74df4
f21d04f5
e53fef18
f75debf1
2d1213e9
f242b8e0
e03700f9
f41de10c
c513430f
0ae41dfc
f730132f
c816f01e
ca1409f4
f80e3c65
4b0ee307
acda0c1c
0001fdf5
ecc5de17
d71f110f
1d174a2a
b9ec2005
f73412e7
30d5bedb
f9e61afa
08062a24
0c050237
08de19c1
2bf6dafd
fe0b16f3
f1e40920
2cd80af1
1ee9f132
d5f0cd0c
ea680a2a
eef709d2
1d60e31c
1243f919
0eddf517
05c4ffdd
09dd28d0
0c0fe225
1432fbb7
27fd23ec
1b16eee4
0ce2f313
fa147fed
16d90024
4dadfa3e
3cd744d9
03e8e311
f846f722
5702ece9
c618f9f9
041d1a21
c37fc6f1
031217e5
1d17f211
31081dec
2105d0e5
e4ec43f8
2f3df6d4
c4ee0e03
5db3e1f6
df0aee11
fb0bfd0b
17ff12e0
0a1fef4c
a8f87fcf
92e231eb
ea18c10a
03f4f802
0165fef6
f703fa00
e1e8e5f3
3f060de8
c7f4f0c2
12f0e6ce
bcf7e21e
15cedafd
07c3ce2b
d8f6380a
fde8ffef
04fce70f
51f3d704
e5e7d81b
1220e405
f9fadc09
10e0050d
30ffe500
2532f720
c6011f9c
2fbd46fa
b4ecfce0
eb1efefb
60f50ed8
efce1605
e8161826
d0e226e9
cb2a17e3
d3eee5e3
fee8f3db
143cf7e8
3f16f0f4
3c5bfc00
01180914
03fdf832
e0f7ccc2
43eb0805
11307ffd
ce01ce28
4a1b3df7
fdec1a0a
191cfffa
bd164f37
fc10dedd
060c2938
c62df90a
2affd03d
32db1500
ee29281c
cffd31f8
fef8fa15
1f542981
1ca5d819
f8320d0c
f3e9e417
15c7c714
3602c6fe
0407b7f5
15e9abfc
c00ed4da
c9ef28f1
210abdfb
1303e0f4
11d3e3f3
dae8d9de
f5e3e018
4b01f103
d0073005
e1e2e304
0df9e0ca
f703f1e5
4d263009
ee08e025
25ede305
d90cd229
d7ed0a9e
d4eb19eb
fe12511a
2903ea08
d673540f
f02904fb
490d09fc
d60ccb13
19163bd1
ef3ad714
1509cfdf
e01ff7f6
fbb9fcf1
33f0ef16
f8071c0e
f5f117e3
030209cf
4a13f018
e6efd807
14005301
10f204f0
fbeb09f4
df0e2d12
11f80e0d
e947ee35
e531191a
01f0edff
fd3eeaba
e22ddf25
29f9d609
fd03d0e4
1be1a5db
0103f1e3
b5051af9
231f2804
ffe5a214
efde2813
f816e2e4
09ff09ea
f2060a09
fd00ce23
754efafc
fc11c8f1
dfc211ca
c50718ed
5fe4efe9
f9f2f311
0f0012cc
381c12dc
1f201613
3e4f2ffb
ee0a39ef
27ff0913
dc1813f5
0f0b10e9
fd180822
0c12a220
18c62fd0
df0af7fd
f441f20b
de1c26e7
ffe214fa
221ce913
ebec15c5
f6dd1322
d22fe7ef
fb04e501
fde8ef1f
f41118ed
ec0e0106
05f8ef15
09e43621
18251d4b
0924f92d
24e006e4
c20804ee
22fb1502
0604cef0
42ec0602
e908fda8
dc31a9ec
c905e5df
70180ef9
f4f2faf8
f607fc0f
2810dbfb
dc0915f5
0c02f816
1a060208
1988e417
54042e05
fcf4c8e2
411400e1
d90224c9
d927f61a
fac90bc0
f41de4be
b6f3bcb7
02d0f9f9
0d39cff3
f9f7f4fb
eb0df8fe
f91d040b
0f0c130b
e10bd511
c2dbd624
fe31fef9
e424ffee
e5f914e8
cb1b18d7
300f120e
f92828e0
c369c0b4
ecc41dfe
db53b5d3
000efae3
fee7db06
081cd943
1a52aef9
02fc053b
e60107e2
f6ecdec5
b9ff0e0f
120264f3
e71e0006
c11dfec8
5d060efa
0e3bc9bb
e105b8d3
efaf162c
d92a2526
260de302
180506f6
1b2428fc
09153f07
ea1be530
ded2eb1e
55e2e202
430a3003
09ee57f8
9e2a1d1c
16e4ff0d
c8f8d4e8
f844b01f
35d3efe1
04e0eeec
db2123fb
d2c03d01
08330a0b
fcf6fd09
f8f31bee
f1f41033
f7df2853
2542fde1
bdc1c2fa
eb2a08d7
0226c6f8
fd1eef0b
fb00e312
0beac8ff
f61c28a4
fbfef00a
db2ffee9
d11ccc0a
0efffef7
b809f21c
0e025901
f01f1d0a
e22209c2
e731eaca
df0f01f7
da0ddb55
b714e6ec
0804ed08
0602f613
1817590a
5208fd15
d1aa27e3
d9d7f5fa
e8ec4c29
0408cb12
0cfdf80d
f60d19ef
2cd4fcdc
28c20623
e3309edf
129cf100
efe329eb
f1e903f8
e8cd1a2f
0ddbd100
ef02fee9
f315071c
356c00c5
f613b9e1
e1c8cbee
47cf14da
cee60cde
5818d221
09ff74d6
37cc2c21
1a1f1deb
f2113101
ffbc3809
d3c5f7e8
180b31e9
f2130b1c
f5131ff6
de25d70e
ffe31c19
a3fc40d5
e3e306f3
5fe4fbe0
053ad5fc
f50bce2a
fe1efd45
0f14d504
04c62004
fb20d20e
0ef4efce
21f4cffe
00fdf7fd
0a25fd09
4115e9e2
1cf20c11
16fefb1c
1c230604
fffb07f4
f1091602
0ef70e12
f509d8f6
f4fb1af9
db0e1001
050de811
f90d1be2
fefb41eb
ea02fe09
ca2a1713
de0ebbfb
05522403
d2f20d93
f5b1ff16
3d1a3c34
2cfafa1b
ffc84310
faf805fc
030d0ce6
ce080536
c2e21d02
fd24da31
010aec0d
0f023aff
17ed320c
ebd6ed03
ef072bfd
db05a218
fe01f707
fa0202fc
fa05ed02
06fd0b04
fa0608fa
0afc0602
fe02f102
0401fbf8
f704dc24
eaf535ca
f92001f3
e52218d2
e30fcef3
dbd7fa36
fc05f510
0af8ed22
f1edfb36
15d902d9
b0dc0511
f531e6f9
e81f180a
07e9edfe
1b06e5f8
0419ebe1
12f51ff5
9af0422a
01074c22
fece3011
2edffa0a
102f07b8
e3f007fd
12b7e2c4
f9ee0216
39003920
16f73f1e
faf7f110
2c08faf1
55f422d1
1307130a
1b0604c5
d417e4f2
0cf60302
ecef0506
16e41807
eef3d9e8
f91a0ef6
f70c051f
31fb0510
0e16f2e7
d6ddf2e0
eefbf925
1f3bf523
24181907
07fe0a2d
0afb10ec
05fff917
0cfbfb25
e8200217
97211eee
e4febef5
1cfe1de0
1cd92cd9
2b0b8f0f
e0243bbb
0f0808f2
ff030604
f80bf9fb
ff02f508
fa060902
ff000203
fa010300
090301f2
06f943e3
fcdcf221
431a1dee
e0dae101
01b6d7e6
2307fa10
e306df21
0dc53dec
d70d13d6
0bfe0d0b
2a2c1016
2dfb03fc
08112309
f7221c0c
f80d49f0
f30bf201
12aced06
d5e7f7f6
f2110137
020e0137
d5f009f8
17d62214
f3022001
fef73050
2c1923f7
d70c13cd
e4ffffdd
d53e473f
30fffdef
0213e504
e5056b11
f80f08fb
f4b2fee5
02f2e901
12471cef
f2e5dcf0
c13238f9
303301f7
e504f603
ca2e111b
dcf7fae3
f4081608
dffc0e0b
161a2100
16001301
fc281b0c
04fefe05
f704f813
003f0220
f823d007
67313ffa
fd026d0d
18180416
bed8f901
b41036f1
090feb21
092a020b
b0260802
f008e2e7
f2f9de0f
cdfbe005
c7fada1b
2c18f506
362315c0
3d15e2ce
130c1d1f
dbf9b3f6
f80304f7
f309ccd5
b5d32009
e004132d
36c91dfe
0ccffcfb
efe60bf9
0f0d112d
1af9ede8
f8061f17
10eb310f
080508db
e40b28f0
fcd61e00
20fc2518
29242bf7
0018009a
33c13cf9
cc3b0cda
3c074c0f
d63bda01
fee0d5e2
34fc391a
1128fef1
e7efffd3
00ef26f6
f83dfff4
3b0af903
d6fc1ff6
02f10deb
00eff0ec
010b1b18
1be1250f
e8fe140d
1f0a0418
f3021ae9
faeafb0b
48dd42b9
2cfb04aa
06f34b00
ed09fffe
16ed0521
0cdbf226
dee9d8da
db12ddec
29acf47e
f5fc1de5
23de3506
0efb1bc7
35093dfd
44193af7
dbf02af9
c83dee1a
1be129b4
e13def07
fbe4080c
edf1d3cd
c406120c
1af3f0fc
f0f2fefa
003e0ae6
fa1bd14e
d831fc3f
09d3271b
040c0b04
16f0e70a
fa24f908
d1e7d5f6
2ef40cec
0500f90e
fc03fc04
00040002
fcfcfd06
000802fb
f406fbfa
f9fffb04
050cf303
030cc1da
a4e402d3
a2c8210c
1a1f10b5
e7d30f1b
d201ee0c
031a1ce8
ee2ac2f6
fcff26e9
04040e09
06d2ec15
2ee8fafc
3301addd
18da701d
0b0e1213
33dc4f07
f237fbf4
ffda0df4
2513b9ee
16d3eb0e
e4e21900
1ff2ded3
190f010a
0d1de509
e01efacb
05f8daee
dd150be9
f21d87f8
21e007f0
d8c7ed27
15f50710
19e13120
01041723
16f50b2b
1c19fefb
06ec0ef4
fa0c1301
0407fbfa
fe0bfd00
f2f5ff05
edee00f5
f8bd01ad
cbf921eb
ec25f2f2
1425fee4
44a60813
3bf9f01c
efbbfbd0
14dde1dd
ccd4d2d5
18e23a02
050c301e
f7411703
50f2171e
1406f4f9
ec074914
05bff14d
e9cd27ff
2e0f391d
f59ed9c3
f111fefc
df31328d
101161fe
33f569a2
22e5291f
d8f71437
92d1090b
ef0734ea
0fc3e6fb
4d1cec1a
06fae80a
fc010e21
0fe12509
3bfa3116
10373426
2ddd42d2
f6e62422
d1fb2ffa
290af8d6
e912e7e2
0eedfbf9
fcfcfcfe
071704e0
200a06fa
07f9d711
05f509fe
fdf4fdf9
d6070ff4
e7f2f913
fc343f0c
f547f4dc
eaf9e02a
39f6f8e4
0d0e180e
c0022c21
f2f53920
ffc63c2a
21faf848
da0eeef9
0fe525d6
b3e228fd
1035ed00
d20cbb08
ea161d03
d4fb130f
50f2163c
2fe735e1
fad4d8f2
17055200
18e3071e
0214fb01
beede41b
0adaf920
6d333620
0e2e2911
f20a0209
cc0becde
c8d625f2
15f82a20
02080d41
fe1f0556
f2d520f1
37bb2d28
16fdbbd4
da0acd0f
232619fc
16f602f5
27bcc49b
f0f81c1c
4e221812
e41a2ceb
02f80037
e52d14d8
01e5fa08
c8ffe736
09c71339
1344e915
4bc4c80e
4308ccfc
01ef25de
0933e9ed
16e317ed
d91bdf12
12fb3d0b
15e3c631
06f92143
34135afc
e3ee900c
7c1cf2ee
e92415e2
a70edd10
04d311e4
e9edf201
f811f0fc
dfd90003
e61afbd1
fa0deae2
ee2803e8
0df7201d
0df803e6
1eb0003b
5a171ee4
fddd42e0
e9cf5655
c2060504
e312dee9
d8f2f60d
f4e0d609
01a7191e
0ae414fb
2806b1ac
04f2f0e9
142722d4
08f5f7c1
21dbf738
cb02d267
0eee1233
1f2afaee
acebf2e9
0bf01cd4
d02cf4f7
411ffff6
3c0cd211
e4e1cbf4
021dc6f4
e6beea03
ece8ecf2
db0c1cf2
2131df22
d1d4d91d
01f6f5d3
1bca26e5
670c3636
f52935eb
163c40fd
0bddd312
e1480af6
c81d70e9
f91c2b06
f4f204ee
0bfebcec
fb1c0bda
f1f8d4fa
e929621e
9818ed1d
fff0c523
30e4bff0
12d7bcf4
7f131f45
101ecd3c
bbf60f17
07ea04d1
2ceb0213
28ea113c
d1fd03eb
1cfc1c17
021728bc
f2da951a
1540faf7
e90e2098
062ce3ec
12152aea
fa070007
f43c09eb
d51cee64
e8081801
6cdd0bf2
14fc29da
12c003ef
1554e9e9
deec1b17
0326c7ce
f5e32dfc
a95ceaf5
bd9b01df
d446dffe
162cd8e3
16e70afc
48e83b1a
030c0eb0
0c172cba
c0d0c57f
6beaecfa
e13e3de9
0f391233
1406ac26
2cf781d5
00ddd30d
fc2ed0f1
31d2edfe
07f33e0d
0ff1ae5c
11b61011
e243f513
dc00e3e7
eb44c80d
1104f51a
2a0be8f9
06c5d5ff
18fe7333
cad80119
d625e61d
07d622ed
1e338b92
ffda2b4b
c3ed0aff
eee30315
0b0f47f5
c8e7e7db
1cf037b3
e7f6bc22
fffbeb05
03d4360d
0a01ea1b
2602c103
03dfefea
f1fcf3d0
e9ed1622
06f4fa29
03d30ce0
0101ed19
fb0cffce
620c0a0a
fe3840f9
11f8e809
1dd60142
b8f4e6fd
1efc02f3
ecf9b110
ef1439d1
c7a8c6f5
f419eec2
242be1f6
d4d1f9e8
e9ea230b
25fbb39d
12bd13bd
e1100dc7
2206f1eb
ede515dc
dbbaefe9
bff2ef13
dbe1fc17
f81d12fc
f906bf0e
4023da04
13010eee
e2ff24de
dff01910
462ccf30
05f6ecf0
fbdb16f5
32cac708
2b1b33e7
0ee2121c
03d03f07
02fd1b06
39ef1904
1af34dfb
0031fd0d
e841e8e2
d033180e
fdffbf02
fcf21edb
0ee4fe0f
e3e5f21e
281015e1
f90bf42f
f6f402df
2dffc501
fd142af1
efe8b508
1b2610f8
65f5faec
ccf8fc04
dcca0d3b
21d6e90b
2bebe5c8
b6e6b2ea
f5fe47de
cac8c8d8
d6da3444
f3f4052b
340a3a01
d42de91a
f7f6efe4
f66a26f9
f2ed2802
fff8f5fa
e7f8ffdb
dc180701
f3e0f600
e3f5b419
23f20e3e
d41e0630
19e31dfb
51070ffb
f23b19db
b805e103
1b0213fd
e2e111fb
fa0e0cfd
f0ea3c12
f8e2c02b
01ff30e5
d6151df8
def0e712
f8181bed
00fc3000
5c36f1fb
ff5206e7
fdef151c
05fde3e2
f8f021e9
ae11d220
fac63e09
ea14fb1d
f2dff8e8
2022d0df
030850d0
360c00f0
d104f305
0415de16
ea2cd815
f8d00ce6
05f5c4fc
10372af7
06e22627
e62540fe
220fffed
c2f7fdf6
bdc6f6fe
f825e401
e7080ef7
ccf101cb
be5ebc2b
f123eee7
f22de736
1c08d21d
f9b616fe
1bfb231b
fdb40113
a9e81404
e814df05
0622f4e9
f12a1df0
f9220108
ef22480e
e0eb0419
06cde308
deed5b24
21f62813
d51012ea
b6de2fcc
fa1d1417
f9e3362b
47ee3313
783f00bb
17e4d700
1bbce311
27e8fbf8
fbe211ea
01eea60c
04f0e7dd
e2f609c2
07df22de
d511fefe
20ebab47
e6b31de8
1904e40c
dc014319
0f0d0cd0
1a0b2322
d2d00c1b
f4ffcce6
fbda0f0a
2eeb09e6
f106efe6
13152422
faf3e7d6
0fc4f81b
f218f418
b3e0403d
0fe03232
e4081b01
101a15ca
11ebe9f9
0815cca6
0cf612f6
e2e31410
30c6140a
f345e03e
063b1d1a
2c16dc17
eaf427e5
e124ebf3
f33efbd9
2307c704
09cceced
0b0adafe
16cfeb11
1f25f326
bd0b2fe7
f42e01fc
0ff5f32a
f350a8d1
2b240834
25003333
df0bcc1a
18df1a26
4bfdede6
29e71a13
08daef6d
f93e011a
21dbf5ed
e4d9271f
b93beb07
5ec6eff8
edf7dafb
05d6edf1
283423b9
8de4eede
15fdcaee
fee3bde5
e9c4d906
c5e6f92d
d00ffbf7
1bf306de
0c0eda11
fee5ade5
11dcd2fb
fb1a1e1b
322413f6
7fb3f9fd
2a030a00
f2f1ead6
1c33f809
fa4306c8
1216d90c
fd3bfb53
ed02dcf9
fdf40203
a4fdbe0b
391404d5
dffdebef
f3ee0dfc
520930fb
f90900f8
ce252b1a
09dbe919
e6fe34e7
ddff0254
ebe7e9f6
d5004038
a84d2aea
ced41c1e
fb102ffd
0c1edfec
08f7fefc
e2cd32f7
2f416e03
07e9fde4
f307da0e
ee0fa80d
1816b1f9
21fa161d
f309080e
45e7150d
bbfe1ae9
07df22fc
bc30cae2
04e5bf44
d2432707
d608f409
2520f1fc
ddc7121f
f4f6dfc5
342bca23
181dee0c
07cd4ad0
0af40ee2
dee51de4
d4f4b91d
022604de
02fbf415
d80600ff
0fc82e06
01f3faf7
f0efee0c
1b11030a
09f924f6
efede2d6
fff9001d
3bf32327
2e2232dc
f0211ede
130710e8
001d0503
190eeb26
ed07eef0
0e2201e9
0dc813e2
0be8f0d6
f4db27ae
c5cccdfe
cd2200fc
e10f3502
0e321406
01e3e1c5
03260bf9
cb1a3bf6
f20cd82a
f4fc3d00
dc2ef711
08092ef8
ba2cf0fa
20cc2629
292238f0
d6f120e7
e1fbb3f7
1612fbde
23431aef
06041128
edf9523f
f6faced6
ba101b28
14053c0b
0026ffed
10e8fff7
e403111d
060c11fe
f4e90c07
e615df2c
63192ec1
0d16efe0
fbdd2901
e0cfe1e1
12fbea00
b80d1b2b
19eb2619
e9ddcfeb
f81e11d8
ef381afe
f12b0e12
efe5f3f3
faf90900
fef10a0c
06fd3225
f9c716fc
450d28c2
c40606fd
06e19f29
d21e2ad9
fbf50ce3
0afd0827
db14faf5
240029c4
a2fff5c5
dad3f0cf
ebece6e1
fecf1fe7
ec03fc23
f3ec4111
bf0ee4f3
29d0f5fc
05b30602
df093115
0406b50a
fbeb0b10
ef02ec02
f0ed14f7
f5fcc532
05cae1d3
ef1eb305
06dde2f3
e6721803
59f40a15
faf2da59
20c0e3e6
e106ddbb
fdfcda2d
251f3df2
3547fec8
f30f5724
24d212eb
53dbef49
33042f19
f2112227
e2141f29
98ee1ef6
10e72f0f
272120ee
04080a03
e61c36fc
1117cefc
e801c511
18025813
d2112901
040ceef7
0ba2c749
20b5d9f2
d50d0be9
540e2a1b
20fd24ce
bc022026
331b44ff
2914f9e9
fe251313
35e117e0
0bd80800
3ffb1227
f8c71d38
d211eb37
07f2fcef
d9db0804
2e00cbd8
b80e0517
3811dcf3
35fde3f8
0805aad9
14dd06e7
4cf9034c
181cf500
08ef160d
e322fce8
02e00efe
60ec251f
0d1ef106
000ff224
2b2a0aa9
8fd421ff
d504c91a
f6e3070b
2c18db12
f0f0aeef
0b06fdd2
00f2ec0b
d3ed0cec
1afef90b
fb12fa05
0412f909
08f6fe17
faf413f3
010fdef0
f430101e
1c28f431
fb5c01e4
fa121e05
b01109fe
eb37d309
0d32df15
f7d908f4
2c0950f0
e1fb02ea
57c133ed
e6139df1
ec14d2f1
e0e0fffd
14f40613
191d08c6
de13ed0a
f31af4ff
ffc3effd
132320e9
fd1fedfc
52fe0dfc
fffe1e00
e1edcc06
49c2edf2
e7e4fafa
f00e4010
113d0d20
24293e16
1be1247f
19f0f3d6
81f1a210
040c4d4a
18f6f116
fcac95fb
18ffd0d1
2314a3e9
020b06f9
d5fea424
52e1f8bf
2bf94d49
e055cc3b
d62a12fb
e0ff0ffc
c7e101ee
e32efbd2
07060618
f10e03f0
f6ea1c31
380b471e
1304d61e
23903314
240606ea
cd070b98
cb15311c
00f9c5e5
cae1c2cf
d5f2f5cf
740de001
0cbee3f9
ecee30f7
1015eef9
c1f925ff
d9d71015
be21db05
15ecc4e3
d5162d06
fe2a111f
2601fd0e
4f4aebf6
09efb3fa
0641fe38
efa1a93f
134e37f4
0d472c11
ebd84114
18fb620c
19d4e6d8
cbd137e9
d31de9bb
fcf718b8
fff5e3ff
001c09e4
e93b0c1b
f70fdedf
facd053b
0aee4f20
00f73934
3023fe1f
cf13acf8
a5e109ef
eab7cff6
1211e816
cb04b900
21eacbfb
1101d3f3
f1b1f1e1
b8b541db
16051cfa
ee280179
164218f1
27df2809
08f42cf5
c3fd19ef
01392e0e
1e0de029
ed29ebf1
ece60dd6
9502bdfd
00e3e908
f716ca0d
30350f16
3035f001
d4fb6708
f500f5ec
f014e1be
1ee6f4ff
fee6e718
09e24809
06d6df34
f460dad8
213ff8e0
ecf7bce1
e034d103
1eb4b300
1d16dc37
5f0ccc05
36e332e7
a4cf0eca
f8f245ff
b5fdf6ee
e21c0917
3a8c03e3
a70bdb06
02e6ea20
f2ea2024
18fa0500
e3f2fe0e
fe0ef402
2e000011
0e0220ff
1df9081a
03071f10
101213ce
2ce6040b
efbc2b14
dcf95dfa
ea1fe833
eb5d33e1
e907fccf
cb1cb623
c409e605
1401e7d6
e158ddb1
6cfb1fd7
f3f22b2b
ff1bfc05
1a1ae821
dff9ffff
02762316
18d1f861
fc14e551
73e4fb0b
29fd2715
b5311d1c
090b0a30
d510eedb
dd26143d
05e2f8cf
99ed01ed
ea200cdf
e6ea24bf
04f627e5
401809dc
46160812
ac1b06f7
350b45d9
15f7cf4b
42ef03f5
eaadc746
46d90fdb
1ae6e8d0
37f5e828
f7000325
f2f5eef1
2d1fbfcb
320404f4
2dc539cd
e1ee5d26
bc03f7ec
1b0ad3d8
c718d8d8
fe0b01ea
26f5e60a
090b100c
041bf001
1d5bf8f8
ced544fc
b01bb404
04e305d5
fefef401
0ffcedbb
130c05e3
fc39310e
35e519ec
f6ddf61c
ea02c50b
e01b0cd4
f8b5d41d
cd0be2ea
e7e9f502
14b7e54a
d9fe22dd
ea1927fe
f5f7c91a
e2f44b0e
ec0ac8dd
35ff0715
2d3ad7f1
0a0821ea
2b58560b
5315f6ff
12f908e5
dbe8fdc0
05ac0fec
050cf23a
4c4a6307
1eae2bf8
e7e243ea
e65c47d7
ed00e917
e20df80a
3af52915
d3ec360d
9c0a1d00
dc0b4107
1d0af0ee
e8120ff3
421f6816
fe6b2413
0906f521
370444d5
090efb17
05fc34e0
1404ea0a
fdea2cfe
1dfecbf6
102bf2cf
0826d8c3
c209d925
1b2103ef
de28f9d5
02ee3f10
fce5c5e3
f2f7f1f2
f235d7cf
f1de9f28
35e7fe14
46292d08
f71a0e29
fd27441e
bf3cdb07
dde1d7d9
e805d711
d4fdc3f4
22d619f3
33f7cf02
19ead2bb
ac0ff0fa
3ad3f4e8
eefff502
1df7e4ea
43c50f18
fe152512
1c0b04f6
eedbf60a
1ae52a02
39ec0c1c
4ee4f7f1
e3d404fc
addefc04
c3e0e5f2
fed31a12
21f7f8c2
f9ff17e9
f4f20e05
e5ef431c
13f5f72b
ecdbe8c4
4ae5bfd6
d3060802
f23d2e1f
1c2405f6
2fbc2b37
18f2f9ee
cee214f5
0a390f13
0f1ee250
024af2c3
fdaafae9
071926c9
fa1222c3
107f2132
9a3c0245
18fd0c09
f617dcfe
1bea07ff
f214db0f
222510fe
dc070e1d
ed050af5
e80f1cff
eefc411b
1620120c
e8e2f605
1b25cb16
01400c13
d53d01f3
00f34aea
f8fbaaea
a3f4ddca
15ae23d0
0a24b1ee
f40f3b0c
fed2fbcc
c4f8fb02
f309fe34
15555502
090615ff
de9431d3
2c1c22fc
ede92ff0
0ff7f4f8
10c2fd03
e90e0705
e0ee0e1b
00fecb91
11c0ead9
14bffe2a
2412e922
0b3a173c
09e7be1d
18daf9c5
18d881e8
120d0509
077f12a7
0afee208
f6f5fcf3
c44fecf9
09061be5
02fffd04
210122f3
18fbfe31
cef0f8f4
e1383be6
020ac020
fefe0816
ef7fd324
f8e60af2
eb1fd03d
5110fc0a
fd30c324
24132fe9
c70ec4bf
0201f4fe
25d7f419
f90dc206
020f1ee1
040513ff
0814f3bb
0202eb11
fd0ee6e1
c70525fc
f4f30bcc
16f203fe
f367fcc8
0fec0c0c
cee8f9fb
ccdbd1f0
ef020ffb
2af40fe9
e5fce51a
0cf60717
f2f501d8
de25bbec
dc2b3411
e3fbfb0d
1ddb0f04
0bddb30a
fb04201d
e1190bf9
35f408d4
11070540
d72ff5ee
ecfac8fd
0ae014ef
e0e7f401
e503e2f8
00f6db0b
26e5f3c4
db441ab6
f1ffb237
0058d42e
48e6dbed
370606fb
ccfffad9
094bfe08
23d4eee2
051722c3
c6369af4
0efbe108
0edc0622
b05fda00
081a12eb
c81bfafd
32d226da
0ed14322
240023f0
a5bedcf9
fbdee7ef
4b1d08e5
f15e09e2
38e2ed20
163c0e06
e3da11a8
cd48ffe9
ffeff9e1
d43e0349
0d312a0f
04f6bde6
eed500f2
e6e4f3e6
de1311df
ac144fec
9e0906e7
e401100b
da2506f0
ded833f9
2429da02
c7362b1c
d64ed302
f75128ea
c8014eb2
dafb530b
032e1dfe
fdfbfb4d
0e2febf6
f0d97185
17fb2e48
182f8610
69f3f0f6
e5371b26
0745eb12
e8cf131e
c001efe8
e6fffbe9
ccf31128
16e24020
1b401616
3533ba16
1d021d17
c6fd0613
31e813ea
f718a2f4
e6dbd400
13162fdf
471fff13
0b1318fe
faf7fb17
2ac5e717
cfced9e4
240ae417
0bdb1c1d
ef270617
053a31ed
ebc443ca
f3f41bee
db0dffef
f0fc0f11
e9f5020c
24ed3803
3411eef6
fbdc02f3
f41d0309
fc032905
02f00704
feef1cf6
da0508e6
eb194703
d72be115
d7f343f6
eb27e0e9
ce360cfe
1b04dddb
0bf9190c
f246ed0c
f6bff50a
f917e2f5
dee5370e
f10821ff
2fef0901
e3f71525
0ae9e8f1
e71aecbc
fee0e3aa
fcfae2fe
00ff2601
03b72512
5bdf3616
3f1df30e
a7e400e6
e1f6cbcc
1424d5da
07d53807
1d23e4f1
0ef5040d
e81f2008
100cf709
fd3a0cfc
ee0215df
cd03f2e0
940528e3
0607e4f8
fb0f34d7
06f51915
eb0fc918
3806dcf0
eec10eef
08f002e9
0a1ffc06
04faeae6
e60cf2ca
17f30bf5
1bdcf220
0a070f0e
011a27e4
04f93abe
fd19ef0d
0811cef7
13011e04
f7d820f5
dfeb0f00
f9060d0f
e429f838
1423fffa
00e0ce55
1e07e506
d7f54ce6
2a00080d
f1d1eb0f
20011de7
00f217de
001b09e6
301024ea
f9bc2102
d5f1182d
38f7acf1
17e818dd
260e0112
3c1238af
1ade07fe
170303c6
2eea1bef
e4cbf0fd
daf2e209
19d0110d
f2fed0f8
0bf727b4
121e8307
d354f017
1f26ff04
db29eb26
cc3df705
f90b010a
ccf7daf4
09d11e2b
152508de
b918e506
dce2f8fd
d5140c0d
da41be08
03ffdd07
15efb6f5
2f0405cb
f20ff7fb
54f41d28
3cfe210f
06d8eede
1a1717ff
e2121ad8
170aabfd
1a9efbc5
1001eef4
02fce619
0102ef0b
f108f8d3
f8ebdcee
26d80805
0affd815
190e14da
0644dbd3
d5bce9de
fb41c6e0
d81ace2c
0dd70ff6
0b15e1f3
ed1ddf00
d51e120f
f5072cc4
4824ee1e
05e9e309
00fddf18
ed35e5f5
f416e4ec
2d01f915
231410fb
dd3fe4be
dcfb1ef7
072cd7ec
e202e6e6
c9e3f60d
06e1de1c
e60c22f1
1003e215
f4cdd532
ca3c0adb
fce5e5f0
04f4370e
e0c208f4
14100254
c6cd0806
19fa35e1
0af11119
da100826
e5fd03fb
02e92409
0309360b
ff19d8f2
fc00f5fe
e8e40002
dcda16d1
3b29d1d5
03ef1bdd
09081cdf
bcda2d0c
e613ef2f
1bf134f1
ca22f822
020801fe
f700ff09
000bfa01
fef7fe03
100106ff
fb06000a
01040501
fbf8f803
e5f02605
0a390120
1a10d3db
1fe409f4
4deb4209
1823d50f
09fb1902
d8edea48
e219db0b
f3caddfb
19321edd
e51dc627
14545dfa
c4e9d9ba
d920fa04
b70c0202
27051cce
281909ed
2df711cd
b7113cfa
0d0d271e
1401b4df
14e11be3
c0e2dcc3
c6e82bd4
ee211a07
21ed16f7
ee070def
e110edd4
0fde14cb
06fbd42c
1204482e
23ef3122
1134fd3f
02f6eae4
ebed790c
bfdbc6dd
031f231d
17024c28
1905501f
33ffe2e6
eff304ef
fc0eebeb
d7fefb0f
fef6f2f1
02eefd06
ee0bfd0a
0a091ce2
31fd0b4a
b015f402
eddb260a
17ff0803
a743f51d
d30b0809
df101de5
eddde734
c34841a0
fef1e01c
f90bf4e3
fc5a0141
2d0826fb
1318dc10
27263101
d5d01722
16e53dd2
f6fb2013
cde303fb
da250ef7
2714afec
dc2c2a1a
eaf90419
22e341df
32ebf109
30d7ddf7
39ee191b
edce2a39
12dd2df8
ced7e4ee
b7e11b01
f5ea062e
eedddb2a
2b0b5d0f
eeccf6de
de394eaf
39e0fcdb
b1ebf701
0bf4512e
06e0f0e2
47d05901
2928b8f5
34dcfc06
edd1470a
0d15f5fa
51f90af6
1af2bd0b
fe21ffd5
e8f6f1dd
25361cf3
200e1420
13b2d2dc
0ff11115
19f511ea
c8f8f2e3
05cbcde9
2320f541
fb04ed0e
05231e00
dde442d7
d00fff0e
4031f2c9
1a07dff1
052111b6
f8b7d34a
70b940e1
e80e572a
37840c2c
ef2121e9
f6de38be
c4dc5917
ffe3e31f
2df3dae7
3ef91d3a
d31118ee
eafaed0c
122a2a15
06fdf3fe
2a1205f1
e3cae4f0
b4d30806
1dfffbfd
12c51304
1af80206
11eff8f7
0300ed09
081006f9
ccfce91c
152817c1
f11242fc
150cebf3
eef5e838
51d8d0f1
fcba131a
ef362617
19fb3c0d
1fe9fd11
f53fe401
e933490a
02d600f1
dbfe2006
db1b22f1
faf825f3
ee2bfbdf
1732f1e4
fbf6f008
11281806
fbd0f810
c2eaf304
0ee609f2
f811d3f9
fcedeb00
40cb40e5
7225c1d5
fff82410
fed1e9e1
c7fb1afe
f2fa11d4
29eefe03
e5fbef1c
ee22f90e
65120b04
f611e7f9
1cf91b2f
b1bc1420
1251c6f9
dffdf7de
e9e6e9f0
04f1effa
e809000c
1a0c17fd
f32f170f
f81b180d
f2040f0e
22fd1df0
ebf211e7
21102c06
38d22d19
d0e84f15
f94acb02
d9fd150d
1af4e907
7007fef2
e5c8e91d
0df9cb21
db163bd2
edf614e6
020ce7ea
db19231c
f424f511
e3fbf8e5
e8e4f9d7
2123fd57
1fabf606
efe9fdd6
e404dabb
ee010e24
ddf3a514
0404c5e0
f6f5da0a
1a05fef8
fd2e1f05
1fff13f9
e2fd03ec
c1e011fe
e8e6e7f8
2cefb1ff
f820f7f4
f925f842
6b02f575
da07010f
21c33c2c
0be3c307
e2450517
d900fafd
3c0dee16
dfd33de2
5062db2c
ee04fb0f
26120a51
242f30f7
3d183d09
24f3ee03
e0fe0a41
cf020836
0a0d41de
34fd2f05
ff15f6f4
c9350afe
0421feef
e40b180b
0d39efe2
293f3108
1b33084b
2eeadeeb
f05be716
15e9d20e
dd2cb629
e1e4caf5
1cc4a924
ee1109d1
f0e502dc
4a04dbd3
e11847f1
f5f9d803
f60fd824
150222fd
09f6421f
f01ef595
4915fd03
c11cc8fe
0d341b27
2c011bfe
d40d1711
591e2d01
f43f10e1
f1091604
bf1015f4
09fa0b0b
0316c501
07d00618
fe3ae929
070be5e7
0625eae6
050711cd
24072108
2619150a
06d5bc40
b1f6a8f1
0ef00f28
b9f92c0e
3501201d
18e50732
11fcdc1d
060606ee
e5ecdbe8
2f57fd1e
b3d3ed22
9500c6e3
ed17f115
f8e7eff2
bad5210e
3c2b31f9
f5d0ca0e
231845ed
dfdd03ef
1bfb051d
e2e6c71e
28eadfb0
d9c21615
3a050a06
1df1f03a
2d0330e6
ff1213cc
1a100822
effb0000
150d1a19
5d0af321
0b181203
fa08bf31
04ccfde5
476f02d5
1f0baf2a
19f213f8
1ff4d5e9
4f32dadc
e1efeae0
d8f43f0d
90040502
b0f3d105
0df1effd
00fb22e5
1311f73f
bb34e607
25f104f2
db120252
dd2eddee
2109030a
ae04ab0e
13c1351c
3be4fc23
fef3cd1d
0ef5d5f0
c2306831
1205fecc
f5062218
1f13da2b
f02d4df5
cf1e16f2
34e4ff06
fcf5e802
1ffa1602
07f7edfd
17fb0605
12091411
161be821
d6fc051d
0c2e2b4b
2329141e
190dcaea
dc240aff
10fe05e7
34ef2004
13dcd83a
0910051a
1ae10506
3b17f9fc
282326f8
f8fef4e2
0ee91125
401bfe29
130f0d0d
ead1cae0
b6161cd5
dac9fc18
0e3c1aed
f930fd13
bfedff0b
03cdceee
040d9dee
01fe1af2
0a3cfdda
0b26ede2
f91bde38
e50401b9
2e021006
4226714f
01fc3f07
07d5f9df
cad5cd28
0db6341e
03cc570a
bab01e07
e0f0020b
42fcebec
f10eee02
e202cde2
25fe2825
37f3f8c2
e23ae139
09e5e50f
d539d214
f9ecbff4
06e3fdee
fcfdc703
f8d7f2e0
f3e40b00
07070e03
e9f4f5fe
f9df07f8
dbf0ca03
0508e1f2
f8f00537
5b15ebc6
c0172afc
f2d2f1e4
321a1218
614de3ee
dd08f6e6
ec282bf3
45d60f09
f5e9a807
2edd431c
f6f6fb0e
e301100b
e03a0f0e
0cdddef5
fc21d20c
4ef54bbd
2260c842
cbdde5f0
e116bfec
08efc903
f7e2d80c
f2fdc30c
30fd21e6
0a1323f9
df0ef7fe
0adb0a0b
f9131929
dcd3d5ee
16e42f1d
2e03b404
07db3026
ade5ea1e
42144df6
a2f6fde9
fd0ae025
02f4f7f2
312e012d
f707d308
eb08362f
c6e533fe
cc57da26
9a4600e4
f117cd39
0b0226eb
0df206e8
2401ec18
e90f252a
fc0cd93e
450e03e6
ebf80c04
07e4baf5
e635fffb
00c40e01
0cfa0401
1de60cdf
1d34aa0e
15fcdd02
272204fd
10d0e3ff
23eb3a24
efd5e005
1dff37d2
d8d5cee5
d30f0209
00df2214
efeb291b
31ebe1e1
16f61611
4b1812ee
ec05d1ee
f0f9c20b
c104b6eb
c6fef41e
0c053ef0
dd1249ff
fedf0109
c117ec2f
2cfc11f4
e528682b
1d6ddbc5
efdfde19
f029fc03
031bf416
f014ed01
aaf4091a
35241101
20f5f3e5
1ef01610
362cf406
f919c1da
d7f1ea29
2c32d9ee
4d29081c
fdfa1410
22203e07
e2e4e5d7
4c00fac4
bd200df6
f1df4efb
17ff1ffc
fe00cfd6
b6f22e15
e72bb223
d7ecd3d4
81b92e0f
3126532d
1dfa0620
03e82b08
f7fd13d6
1b0b26fe
ffe7f7f9
08e81242
d1124b21
141a2d0c
0fddc6ec
e507edf6
07f718ee
25f82314
34fdfed8
24f73e1c
cf30ed21
b1c508fc
0ff02881
0a4cf31f
00370002
f5f0c6ee
102bcf10
1cf103f6
f3fb16f8
e0f6fa04
fa0104fd
1e1806fb
fcf6eb05
e9001e02
0d03f006
e00d01fe
2b0a1a27
3c121005
da43101f
d4fb231e
3bd2d625
2fe232d5
eaeffc27
0516e9fb
4cca06f3
c8d71603
fc270817
c0071a07
28e6bfe3
201128fe
fa08bcd8
0ade1404
121211e7
2a18edf4
08e6e3c7
bbfdd209
e5f5f530
2ced3401
14feeb11
fbe8e429
54203521
dd3104d8
c801fe31
ea1a24d2
05d813e4
1103c922
d5cf48e9
ec231cd8
e7f42106
e4fae8db
e10002f6
11fc09f4
ca01f0ed
3920b80f
de12ebd0
ebea3514
0721ce1d
cdd7031a
06e413d0
08fef1eb
0dedede0
01efe017
121cdc0a
17e82a09
db60e909
1e1601be
c4d912e8
000c6f15
1c09a4e7
02f5c5e9
99e113dd
f918c91c
37e8d414
58faf7ec
edfd11f9
490efedf
5ccdeecf
f3172e2c
20fb2bd4
f7160120
be5f020e
13000311
0030bffe
02cf1e0e
d400f62a
d8ec04e5
0903dcdc
1dea14f8
e722c604
be301c0b
f9e1292d
05a207f9
2be90e11
1ff1fcff
f7361beb
06ceda32
d3e0e80f
d9912317
0b0c16cf
2edbf7eb
da2109f9
31ff251f
15e4d2c6
3ffb3139
e1fc1d10
e10103f1
f2000cbb
11200b06
dd1bebdd
06faef01
ed0dbce1
27030eee
27121edd
ffe7fbe0
f1d60ffe
cd0a0707
d7dadceb
03e912fd
0128f3f9
09f8e234
1f220e0c
c827290c
12131c22
c6f22a0e
ec090e01
eef815ec
e017ee17
f2f2dbd0
d1cd3dfe
dfeae403
00aafd2a
01f1ff27
d8d3defe
af00f2db
07dee012
0be80a3d
0537371b
b9bd2609
e5021fea
d7ff06ff
c800e9e6
01eb0207
f7811cf4
00f73136
e22ae82f
d70d340d
e70a7015
1631e6ff
c51e0201
2bf41106
16fccae8
1bdef70d
dafee102
8115fb13
0bc034e6
4a04fbf9
14090a07
f8ec1105
001ad6ff
0a1bbced
edf9b520
e3171320
20dde02a
df272a04
e62cf7d9
3310af0c
003caf1a
1ddbf12b
0af6122a
051407ef
de1bd9eb
194c4702
e232eb04
da08b4fc
d7dc1505
4bff06f7
c1331cdb
3be61ef8
ee04fe37
e71bf9fb
d81ef0e7
da060507
fc1bf0c3
ed1be9d3
b53efaed
f07fb2f7
f114f232
c1e0f23d
030ec141
f9c4c5c4
32f8d7e5
ddfd202e
031f231c
1efbc1ec
f920cdee
17bddacc
183130e7
2cfe1032
0f222fe7
d4db0309
fcf30000
0c01090f
f0f609f9
0406c7fd
030b0004
0a050406
f701ff08
f7bae9db
fdedf50c
ef160ff9
13cbe8d1
fdf84500
08f8faed
4afda9fc
d1edebe1
2bbef024
12051de1
0dcf25eb
ead244e3
fbf002f8
c0dbe8dc
dcd7da0f
f907e1d2
1125fbf7
e7f9b6f1
31010001
d169f2ea
2102060b
e0ede807
1e14a7ea
f128bfbb
44e55400
58ddd2f4
eaddf616
02e0f942
f91d1711
dc33f0dd
caf3d4ea
f43404e3
e223c31a
002306ea
c3e9f8f7
0be8c2b0
2dd51211
391ed71e
e5002df7
0525d937
fff217e4
60e7cc3d
2d0c180f
170beef7
fc30fb1e
184a0d18
fa0b41ea
f00bfbeb
ecdef337
eb0f2c02
1f15071b
2beae51a
cc1903e3
d2ff4bd3
17042d1f
06da0c01
f6330829
9c1cede6
100de7e5
0b13cef5
eff1d50c
13e6e30f
1027100b
13c6de06
0cf3dce4
3dfbd42a
28d41000
ed106dc7
01210914
1218dc24
c6f31bf4
05d0142b
13e3e20e
0105af14
0ab2120e
12e9e903
dd44fcf5
200522dd
2cfaf705
00fd15c4
ad7f2efe
efc5f302
e5ae827f
7f30dc1c
e7cfa47f
f30f21d6
f2200281
6e003a7f
e5d3cdf5
d5fb0d46
c709ff04
ee1ba71b
2a1ee4ee
abf8f70c
bc047c06
09f015e6
0d286d19
1135e01a
160dcbed
f845c9fe
9459b5e8
25dc2229
c2182a1f
30e14952
350535e4
d2ea2be2
49130ce0
e03aeae4
210aef08
e70b1f30
22001ae7
e0b42212
0ca909df
1f31bce9
40070608
f9eb25eb
e4fa2404
08e4f9f0
0fec15ff
f7190f0d
25f62d20
0732a6f3
d7e6badc
f6cd38f0
fc3d01ed
ea0ceff2
21192f18
f343fbed
2017e5f2
38bf2ae7
3b0befd3
00de069c
f5d806ef
31efebe6
db117019
f0041f1a
f9f2391a
15afe5c5
90f2f30e
27cecef6
13331c00
29141107
3317f808
ebc9ce2e
c316bd12
d4cf4ac2
6e0b19e8
05020d19
bf1102f2
e3090809
cb0a0403
f4e3ffdb
00020128
f9e9f702
f7110df6
e1e6ffe6
012f0c1c
f60fbdf6
deea05ff
f1073bf6
0900fdeb
11082704
1f0af7fe
fc030a13
01d3f609
f406fb17
160e0d0b
19cc1ffc
07160316
471010fe
feedd408
fe1c1c12
ea45fd12
131211da
09f822f0
d100d817
170d0b00
10280f01
01fdc5f8
fff1ff09
fdb6fccc
fff30be6
d2f70404
05f7f50a
f210e9d9
1bf00b11
0607f200
1f10f3fc
e124092e
f5053615
f82a1d0b
0108f6f8
e211efe1
1805f5f1
e5ed28f2
08e905f8
f60c1ae1
ef084706
1c112012
1b12ecf8
f40f0a3a
fef3f209
0b080f0d
a9fd0ce1
ecadf90d
0f16fe0b
e62ad8fc
0c18270e
13f9211f
04d5cb13
f0fb01f2
060300e2
fe28e605
fa000a0b
09f3f907
e8f3f10b
f60bf70d
e11000eb
00e7fc02
f2021201
02e10819
08fb080f
12f403f6
fd03d8f9
faf30604
130a09fc
0f02e90b
12fff40b
06fc0a0c
0b00d102
f7060dfb
ed0ee40d
f8fbfd27
12e1f7ff
f0191101
0f28fa28
e8fd0edb
060401fc
dc0a18f9
1c110ffe
2405f3fa
110bdc0b
f91ef2fd
f7f8f9d0
2cfef730
fcf1f8e8
ba3eeb19
ec040907
0409eefa
3bebde08
f5fb01fc
13f0fc14
0a1c0102
fffdfe11
ecfde505
1805f60b
140502e8
00c60bf5
f7e4fcfb
b3d3f51c
f8e1ed27
faff0c13
fa15ec05
e229f802
0a0026e4
e9192407
150cf8fc
d40312d3
00eee614
0115e2df
0109d2f5
2e030eff
1af6fcd6
f6da02fe
01fdfbff
f4ff0025
e63cf8e4
fe07e51c
0108040f
1615d9fe
0e23ed1c
0c090a0b
d8321307
aa300405
0eeadf01
f9cd42df
fbfc08f6
f4091de0
1dd41710
19080527
fbf3dede
f3140405
03eee9de
f51edee2
e5f9f216
0d220685
01f80c04
1c06050d
00160cff
e70602fd
140de81f
06f5d7df
01d6f6fb
2bec0afc
0af0f622
03f92302
f3061ff7
e31f01f9
12fcfaea
0af1e9cc
fad9f903
16f50a05
1b0effed
1b09f00a
0cee2bfe
1208f908
0219060e
09ece6fb
ee07f402
d01110f5
db1fee17
04fbfc02
f91a170b
0ae50110
081b01bd
0819ea18
1031ecf7
de28ed01
1320eada
1b110603
12ece301
f515f311
1aeff4f5
13fe0ff0
fe04e5f1
220cdefc
06011ad3
28e20703
fdfaefff
07e6f52c
260dd40c
faf5e1f2
02f40cf3
bb08e600
100604ff
06e7fff7
ff0706fa
e825061d
12f01604
fc0ae7f0
f1ec0406
ef1406ff
0a1c1bea
010101fb
04d31307
f13cf4ef
0d21f618
110012d5
12fbea00
5517bbf9
e8fb0107
f3f809fc
f8120304
101ef427
0d0b0fec
021e15fe
1c0021fa
cfd7ecf8
f20b14da
06011f09
18dd0b00
eef7fcbb
06340e02
f50f040b
d10c3207
02c0eb04
0af50dd3
102df602
e2e110f6
e421f2d7
fdf900e8
0b1108ca
02f235ed
c9fde9fc
1b030de9
22ff1602
fc011100
cf06fcd5
13c6f32a
021f0300
e6dcbd0c
0cd81002
05fdf7f1
eae11b02
111ce800
0c15fbf1
15381d21
fcf6f4fd
07f9fff5
efe00804
01fffb10
054cefef
f9f11b05
eb1c07f7
d1b9c907
f71f37f3
f7551a0b
dede2806
0d11e927
1509ea07
0ae61401
cbf2fa08
043509ef
04fafafc
0603f102
feec3ef0
0917001d
eefeff04
eafb2403
cf10f7e0
0d04f732
fdf9f40d
0ce8f800
fe081ffe
f9e60b17
1a13d501
ecf629f8
3e2f010d
040ff7c8
0206dbcb
1fe5cafa
e803d7f8
e5fdfedb
fb0900fc
14e2d600
3be6f134
f6eb14dd
f504caf6
13052902
aa0f140c
0b13fb03
00f8d101
03f5dd05
8e3d1107
fde803fe
0217c5fe
f10d27f6
fbff010d
e7ceffe9
e8bc45fc
08efc70e
1bead7a9
fa181f83
00da8d21
18d981e5
721cf414
14e3ebff
cc0602f9
0314f900
24f3160c
f62dfc13
04f102ef
ef1522ff
faeaf5fd
080916f7
e9fa05fc
f3eee000
1deeff1b
031ef6f2
f7000d1c
3312e301
fe16d9fc
f9ec1f06
001920ff
e1fe01fb
2f130b46
e6390720
05e4e825
e718dbf6
c200ebf7
0a0d071f
25e30f00
f90af9f6
14eef70c
f9d3f1f2
f7f30bf8
fce41410
f8292405
05fefd04
fd30f2ff
140412ff
07f8f2d5
00e51307
fe05fbec
051de7f3
f4e401ff
17e8f9e7
c3e20f10
e2e7f601
e1ac0216
edc81d4d
02f1e9f7
04f8d4f6
c305faea
03fdf6d0
c303f604
fbeee003
e1340d1c
f5effe19
fd10fe0a
0a2b1009
3ffdd1f2
ed0a06fa
15f6f4e7
29072804
eef6f912
c969f3c5
faddc915
0db9f500
1a5be509
f5fae109
14dcf0ed
fe08cf03
40e7244b
cded1930
07050112
03faedff
281707fe
eb16e523
0712f3f2
fb0de802
ebfc0bce
15180100
08101817
3cf7e4f6
f7fff6e9
02ed0213
03eeccf9
f4fee40a
fee208ee
e64cfed5
0bfd430b
e22de1fb
cc0a0c08
07f7fbff
09f2fbf6
f9ff03fe
e2da06ec
ee0df6c5
0afc1504
10d7f110
d3f8ec09
0b0b05e1
f508d5fe
11f1e1fd
002bfff4
d53501fe
f8eeeced
d3172d06
2c280908
0ee4f5f4
e3231201
fd110afb
e8fa09e1
00f209e9
fd0003d6
38eafefd
1125d703
271de11b
16d0e501
f6eb0bff
4cfaf516
08dfe514
00f30212
de03e30e
7f2911f5
11fbea2d
10d624f3
0b0210ff
ad1bea12
f160f346
e319e722
dc13ba0b
d52128fe
ee0b16f7
2304fce6
f9080107
002d14ce
fefbf8ce
fa0dfa23
ee27e503
f93bc906
f315fae8
2e24d5e8
e200f309
e0ee0af5
fb0c081b
f40af703
f804fd0a
f0f516f9
fde40af4
fa020d00
f8d234f7
f7e714e2
ed07fb39
0107ec00
f3e51b07
d1f7d4f8
e8f6f821
fb091a06
08e5effd
1f2006f3
e8d50ada
0b0efdf9
092e03f5
f3de1dfb
0113fa03
2af7e6f4
0106f703
f3f4eec0
fd2def34
f2f716e0
ea131f12
16f4f80e
0705100d
16fd37fb
1708e2ff
e607fc1b
00cdf3f1
f8f91408
eff2f40b
09e61907
fd28fb18
23d9ecf9
06f5fd00
12fdf4f9
044f02ea
04f82d0c
2ce6e906
3e0df2fe
f715e6e1
e0e6200b
09ef1302
de19041d
f344f8f7
0d1b2efe
150efd01
0efbf508
ecf00efb
12151203
0a0b10fd
0b1cf608
e3201523
f900f608
f5fa1a04
77e42906
09defe05
130c0a11
ef171cf9
28d30704
fbf50f1d
0bdce8ea
d8ddf0fa
6afa0efe
f80400da
f01bfef9
08fdccff
d3c50311
11d4ecfe
fcf7d1e4
0aca3400
fcf81b06
f6d126fc
e23919ec
1d12c5f8
d5c41672
eb2006ae
00f3f0e6
22f8f61f
b00f110c
f909e626
0f10f1fc
0efdeb00
f3ce0efb
dcea0c16
02022316
02db190a
1d1fed06
fb081003
ef0201ee
f9e4fcfd
20220c21
0402f1fb
fde6e6e8
17e11306
b6edfe03
0d0cebef
ee1ff607
ecfd1cf9
09fa0404
010cfa0a
130f07f8
1c1210fa
3601f907
e0dc1827
ef17ebfa
0efbf1fa
16ccfdf6
d72fdbab
000b0cf8
1f01e601
bdde2ffc
100a130a
d8ee19f6
fce911fc
180ef6e6
20c2062c
fcf5f404
f0f6da06
05da0cfc
2bf3eef1
b7edfc0b
17ef0d00
fcbaf8e2
05110202
0102e701
1008cfef
ea02fefb
16f0f81e
fddcf411
00daf704
073b0a37
fce3e4d3
20f0dde0
e2120aef
0aece40f
237f7f30
8f7ae4e9
e938fa0e
d5e1d138
0ad82d1c
1416d710
1204fa1f
0e2ee000
1206f3da
0af4fff2
1ff0f3fc
171b04fd
d3f1f8ef
07f01e1c
f9ef0c03
1b055102
f9ed110d
e9fa0f00
fb0dff00
22ed02e9
0de6fe54
091a16fc
fef8fc01
f4ebebfa
fded15e0
17110508
0c13fdfc
e40efdf7
0a3af3d1
f716e816
1d0cdf01
35ea1606
e5fffafc
fd0bf2f3
060602f6
0407fa00
fdef0703
03f8ec0f
0305fef2
0604f27f
e215f7c8
100a02f1
1e05ea0a
2c2ff11d
011000fb
0cf7dd0c
102d36ef
c2196ffe
04faf6ed
1a04f2f7
13031a00
02d20be0
1134fb28
fbead5ec
ea12f2ff
22e4a4f8
01f5ef0e
cc08ef0c
00f113fc
1de7ffe0
14cefde2
12f70efc
2538eef6
34ff1cfa
120c171c
8cd623f8
1b091406
dff309fc
2004eaf7
06e2e925
ff1d07f0
64001f0d
9614a777
c54510f7
bf0a0dfc
fbddece0
e40c811c
f8e2d1f6
1a23de14
24d53901
fb303830
14ddecf2
f3f703f8
5a35eacd
4d042b12
035f3610
81dbca48
45130a1a
0d05000d
07030c16
0aeff9fa
25f8fcee
0df8f942
01fedb07
0009defe
e9fd3ffd
d1f6d0f2
0000030e
dcf510f3
0af7f5f9
10f8faf9
ff06f504
f5fcf621
08fef0f8
f714ee0e
d213fbfa
17fb1b00
dccf02e8
fa151702
faf7e71c
f6061bf7
eb341b02
db4e3e1f
e899393f
36c32bff
371d7fcd
fc00d22e
ea1d07d7
fc5310cd
0857100c
231dd4c5
4f120b16
f63afe05
77110b07
ec43ff4f
0489ea62
003f2af1
cefb0502
11cd0cd8
f2f1e41c
f0fc7fff
e4ef0af5
f357fa48
0535ffc1
0bf8fe03
f700e2f3
06190d3e
fb04f6df
f1251e1a
13d30d64
367e1fcf
1fe80606
0bfaf7c3
da02ec39
e80ea2f9
aa49bc46
73102fef
2e34d9b8
08ac3207
d8da274d
01a2ebdf
aefdd9f5
f604ffe8
fdfefaf7
f8f103fb
060bf9e3
f31203e0
ff17110f
171001f4
2de819fc
07f20213
dcee030f
f6f6f600
230ae9fd
f0cd11e3
02ec0cf5
1d0fd30d
1d0adb05
ecf005e4
dbdfebf5
ec1f0802
fd17fafb
ebcff5f3
f60217fd
faf54506
ddf61804
130af978
d1220d09
1a2407ff
ee105213
b402f812
b41b81df
56f3eae8
27d7b9e0
ef110ef5
fc0af3e8
05141908
de39ff2f
fa4206ac
03e819fa
eb07ffed
0de618fe
05f10218
170fe906
15f70102
ed100117
0cfafc0e
050afb1f
04f7f10e
19290b02
25f03834
0de017e5
34c93807
134755f0
ef12c41a
f001f728
e6e632e1
3ee6e5f1
08fafc31
fdf003fa
f3041000
11f7041f
f3bd0df2
ff13f8f3
0de3ee12
15f9130d
180707fa
341f131b
f5210efc
f2f41ff1
f21feefc
0be91dfd
22fd070a
50f7e800
fe0c0df5
24060004
0ff0e5ff
30f50b10
f214fefc
060eedfa
c9f11000
edef1108
fe16f2ed
f7f4f1ff
07f412fe
d70e0ede
19e31914
f9f8f2fe
fe2afaff
38f4eafb
1115580a
fe05f6f8
c902fe08
e6f2ed14
ec0449fc
4a0af809
081a0c43
0dfcf900
01fe09fd
1cf0fcff
fdeeeaff
e8320be7
06fc0b9f
0015d9fd
18d1e60a
efd6c900
2417d412
c8d4010c
d70706fd
d108eef5
090e262d
fb2300eb
1014f507
1cf227e9
e70e0414
e6e4cc1d
24effd09
f6811f7f
4f1b08e9
f720e8e1
e1baca0e
05812509
09f61401
3703f8ff
15fbf100
17e1f108
f011f8c7
03e9f5f8
07f5f505
fa24e608
da45e7d7
9d390eea
ca101cf7
2311e94a
1508ca2a
fc37d2e9
efcd091c
172fc4f8
11fa1b16
e6080508
03ffe9fb
1fef0ae3
fe07070b
fafdf80b
fbedfc0b
c6001904
f40c16e0
ea1e1a08
1f18f904
f702fff0
fdd614ff
efebe917
0aeeed08
ffeef800
0310fa21
edeae70d
f80318fd
12f5f9f7
01e8f5f8
05f038e0
d61d0a04
08f71cfd
cad23dc8
e7eba9f4
e5eae7fc
fc350cec
f1181275
39fb300a
21ff39f0
28da0fce
05e7fc3b
ffe802e9
f60bddf4
c9f2f422
fc1eeffa
fb210aef
d814071c
e330fee6
fa06f70e
f0fe01fb
02f9fed9
fd0508f4
f9f1fe00
fbfbf9f4
05030501
04fdf6ee
f50a06ef
fae11304
00f816ff
2ad8fa04
010200eb
fff4f9f7
07ebe406
e8f40507
0607170b
cce204fe
04040703
0cf8faf3
171916f6
feedf008
0a043006
e7032604
040505f8
0dede70b
0903e9fb
03120407
f80df2df
fbe72a0d
0af2f7ff
4801e40d
04dd0b3a
110bf3f9
04d8fdff
1f0dea1c
dc09ee0a
14f00901
2bf9fa04
09fff3fe
2d0bef06
1118e411
06e2ebfa
26380638
05aee600
031004e8
fc0ce419
40162202
0a09d0eb
e5fcee03
feee1700
da17020e
e6ebf3f4
130810ee
d40c15ef
2deffd08
09fe060f
d8071306
f8fe2afc
21f10509
f0c503e1
06100ff3
0bf9f701
ef05f8f5
f5fbeb09
eb1210fb
0805f302
170101dc
eee90eea
0ffcd63c
123bc1eb
78ef0dfd
0b27ef2f
1437f621
004620fc
60edffc4
e9281c9c
f6e140d1
ee1b2102
d127f203
f0df13eb
000e1c11
f3ef0003
1bfaf1cc
e4fa10ce
0017defb
22044cfb
05f7ecf8
27c734b0
f8100528
c30817e3
ebe50700
fce2e31d
ebf4340e
e807fc08
e40ff6fd
f603ffe2
070e070a
fbfafd03
efeb0bed
111bec31
03f109e4
16e30f03
3022ebfe
fdea2119
f4f1daf1
fb0ffb04
18121104
e9ed0bea
01f8fae7
d8e90ffb
af12d904
d7f525ca
bb07e506
eef300ff
07110038
04dd170e
eb2ae9fd
1c2b32fc
4a0dfe0e
080a07fe
fc08eb0b
faf307ff
14ebfb20
eb0de310
08d40107
15021afa
1913e306
e41ef51c
d502df0b
04fdde0c
fce50aee
cefc100a
0416d924
0c0713f5
25f53e0f
1bff0cee
1837e100
03f4d4fc
1af301f3
092a0013
030a29f5
23ef1702
15ef2207
1618ee04
0e0713fb
d4f9d700
0840160a
03b806ed
0116120e
170a0bfb
d9fdd607
14fdd5f1
d5eb1b05
20f7f006
09daf302
c9a00cd3
07d9dae1
f83925f9
0d3ee8fc
fd2112df
1ceffdfb
1a19f40f
df121020
f44a0dee
fae2ea04
11fedc07
290d0002
0b05fffd
1522e9f4
00f6f502
00ed05f1
f92d0d06
07ff0502
fdf6f2ed
3df00102
fcf9deeb
dafafb09
1702d806
cf2af71d
1f13fdfc
00fc03fb
2af5e502
2809ff00
e400fb02
c51b0bf2
f8020503
d50dffec
10e6255c
ff0eeffe
f80fe4f7
04f3f0fa
e4282013
aefb00d5
d701fd07
f4a7faad
06471197
0df8034b
eab932d5
640f50fb
fd19f42d
041c3009
f80c0cfd
fd0d11ea
01cc0a1c
0032190f
d40ef102
0bfeeefe
1111fef8
f5f8fff5
fced1403
f60ef2e2
fbf900d4
f109000f
161252ff
c7e5ee02
ebe61c3b
f1e0fadf
f121e10b
2c19fd2b
063d1efe
0012401e
52f4060a
4ec20009
14060922
09130007
f9fbf100
d4ff14f1
eb12fdfd
f508ecf1
06f0f4fa
110ced03
0e0c0dfc
02080600
0c0e0000
ffe1ebf3
f63cfd0c
f0fffb15
03fbfa0d
f7f8ef00
d514fc05
d20d1af6
06f51900
2701053d
070429e5
14ef1c11
1ae40bfc
28de16e8
050f1300
02f9fffb
0f240402
083bf126
f8fbef0b
f301f512
0802effb
0d001200
f6ee06ed
ea151e00
f71aef07
211ef2c3
0a172104
f307fbfb
3102ed0a
3ae7da00
f6f4132c
00fb08fc
032a10f9
600afbf7
30fc1bf2
f0f90108
23db39ff
ceeff5f5
e908fae6
fe1808f0
0ef3280d
2d1ff714
fd45f81e
03fc25ef
040a0a01
d2dc3f18
ed140118
0937f5fe
efca16fe
1f07e921
ffbcfbf7
0816151e
bb64bdf4
aabcf4fc
edf314e8
f21013e9
110c2206
0ce8f338
fd0af814
05faf419
100e0bfb
c80101f7
f2f0fe06
ecf10f01
11efea02
f7f6e625
0009ffd1
ff04fffd
fcfa1f0c
cff1e504
140f10f4
e40125f7
f2f7fbff
fe210d11
dcab10e3
fd041402
d2fb0efb
09090a06
ebfaffe7
06eae6f3
1902dd07
f306eb32
f0fafbed
fed73803
03053301
c2ffd70a
f10f03f5
ece02706
fb090705
1ce304f0
e0def800
13f0f8f6
f3e92002
eafc0ef8
0afafc05
0ef901f7
040cf704
21d2040a
fb1cf82b
0718fd1b
f1f4f704
19e401fa
fae90ee4
dbdff0fb
eb18fb00
0cfefa04
f5ef0702
f51c02f9
1ef22506
3edeee09
f914fef0
2914f8fd
fffd0d00
f1f802ff
f8dcfd2f
fbf9e3ff
e3f122fe
e8eb0cff
e6fa0b1c
09fae605
031ffb07
11e41311
f4d6f8e3
071408f3
00f4fdfb
0c0705fb
f700f7ed
0711f303
2115deff
dce30d10
03bfee11
00f725ed
f2fce7fe
f60f2606
f8fb0301
f401f300
01160dfd
fff40afe
f1f4fa1e
05fb12fc
f609ea03
fe1ff2ff
fe1c0c17
ff3006ec
ededfcfa
eff8fefd
14f8ffd1
fbf040f8
f3f5fa04
de11ea02
fbfb0fff
1a120707
fffddc00
f2cd09fd
03f1090a
0e0ae702
f8d901fa
6a0d1fff
f3ec0ede
0a1811f1
fcf21604
1f07e50f
f7e90239
03ed0fee
d9fd20f6
ebc8e505
0aeeffe3
e6f5f3fd
0ff7de02
170beff7
f12a00c5
f9ec18e4
f6e7d30a
daf50d03
070fe405
1309ecee
f4ece702
0aeff337
0c09fc0f
05f50411
070ffbfa
fe16e800
f212fcf5
13fff2fc
e70bee02
0c4f1005
d7fdff1c
f7e20fec
2dc3060a
5e0f04fe
f9f4fbeb
17ff07fd
e0142306
d62800f9
dc19071f
05191100
38fa1afb
11f8ec04
f71205fd
14fddcff
fb05f406
261506de
fee7f3dd
0c0d00fa
2a2400e9
9e023506
f916f42b
fefc0302
efdef801
d8f8fddd
120efaed
fdfbdf0c
0202f204
d0f90800
20f4ff2f
f0ea0e06
fa201ff7
6508fdf9
07e2140b
0fddfd01
e0d8fc05
28f623fa
031cfdfb
0c200b0c
f61be9fb
ebfc17f3
0adfed0f
fc1dff00
1cf6e207
42fa0709
5a432aac
5803d5fb
b7f91604
4eeec8a6
81cc16f7
36cbac06
3136b704
cda7ebeb
ebe904ca
f206f9ff
0f2b0e03
07ff00ff
0016fd1a
061403ef
d903fef7
3edaf0fd
12f4f612
f522f505
fa06f9fc
b400f7e7
1109f0e6
0bd6e7e4
f201fef8
34173306
07ffed32
11ecedee
0207db00
ecf9feef
10af0039
f7000615
36f7c00e
0212f801
1919e121
001de4ff
0e08ea06
07ea0de4
f11f0310
fa130b1f
0cf119ff
33e9b40b
0407fd07
0fd0f5fe
05ec1efd
00230cff
fbde08da
0816cc01
12fb19f8
040113fb
fff211fb
fd030901
e7030ffe
f70d0203
00f6ff2c
08f800fa
05f722f5
2f161106
040b1a1a
291f2e0c
06fd1100
e0e511ef
cefffb09
0a12f60d
e029030e
300b310e
0712fa17
01010bff
0f13f6ff
faf012e6
00f500f2
f903eb0e
effed808
c5f5defa
1605eaed
05f8fdf5
fd0d0cfa
f32efe07
04ef1ef2
ebfb0814
3cff0e0f
23f70aff
02d70bf7
ac09e8f4
13e4390b
0be20311
0b11ebfa
fdeb5a11
071ac1ff
01e0fa06
fefef5fd
d00ae5f7
08d63104
d81801f8
07220403
f211d316
cd300000
86fffcfe
f2e50021
0d25f9fa
14f1e10c
fadf0905
063e0a10
051b0104
170216f8
08e9ed09
edea0be1
171c2b03
0701ff00
3de41d0e
cb35160a
08082807
0325020b
11ff0bf6
03f8fae6
d11bfffb
06fbfefd
21180bfa
19f10a11
02e2f9ee
c4021706
c3eb2705
ffe700de
e8f11205
08090104
eb161701
f8f80b38
06ecedf4
0bd92cf4
cde404fc
f2e5080c
22080fee
050ef004
08c0e5f6
f8bbe7c9
010c05ee
2ffc1504
d4110efd
03f108fd
1008f200
f6ececfe
eeddff0f
0ef1e914
fc0ee3e9
e912faf5
d303e3ff
feee05e5
f0e51f00
1807edff
f202f723
ebff01df
00df0609
10160f03
c4ff1901
a9e12d22
f4202879
b8cef9f9
f2161613
42e8f2d9
f8e4286e
e381fbce
4424f9e4
fd23034b
f3eb04fb
022b1400
f8170344
01e90407
fdf0061d
f8f9dd0b
0bfeebef
e5faebce
ec1816f6
fef3e008
f6f90120
070430fa
02e10af1
e1fef3ef
43ef0c0a
15f1fcf9
17040116
dfe508f1
14ddf600
ecdec6f1
0608220d
fe154215
370ff7d8
f7f60efb
2404ff01
d50df1f0
effd0216
14020611
ec04fc34
35fe290e
dafce903
f9f41723
f0d7f1f6
0315fe05
df2201ec
e0acf9fd
00d01007
f51121fd
41ee2103
0afcf6e3
151b0b00
fc0712fc
d7e92808
ebff05fd
0af532e4
cfee08f0
f6250afe
06080a08
26f6e2f3
1524fa07
de18ecdc
12ceffc3
fb14010e
3ae9f00d
07fb3c04
03fafd00
0714f9fd
08f91501
0c160f0b
24d30309
fcfefeff
ec13ec0a
2202f402
070204eb
000b000f
fce8e8fd
0e0d0cf6
ff0007ec
f711f4f0
f427fbfe
c5f1fb06
f502f409
d40ef003
0a03e503
3a0cf50d
fdc6dc27
fb0c05fe
ce3a2100
a6ea0409
f5f504f9
dd210a03
f4fceafc
f019f4fc
13e70ef1
f606e5e8
10fde5fb
e0e61fff
1d01f7df
2dfafb03
03f2f502
14d0ea05
2a310a0d
eb11e01a
d32fdb0b
16f50b0a
130df5e4
101cfbfe
15032ef4
0625ec25
2bf8fe08
ea10e1f6
15ff050f
ff37e8f1
fdea0703
dbd801fd
04f2f203
dce903f9
eb041014
fd0af70b
0cf500ff
121a1201
040904fd
11e4ed06
0c081a01
fd2aeeef
04460ee7
fafc17e8
020a0e02
d4feed00
0c14fa3b
110c0700
fbfafdff
0e03f6fe
1cf914d2
0905fbf4
ee0af100
c409e1f9
f31c20c6
18ebe9ee
01f71205
e81ff8fe
09e1febb
f4fbf6f6
09e9f9ff
c918e302
e701df04
0022051d
e6e90776
2e0f05fd
00f4cced
eaf3eae9
e3dbfe7f
220600ee
fd08fde3
2ef6ca07
f5f3bc04
04dceb45
fa1eeef1
f1f5fcdf
da22180c
0fcac505
f6fafaf1
2101fbfa
f21fe3ff
3b22ed08
2c1719eb
f7090afb
0afed3f9
fff4e302
010c0cf1
021e0203
ffee1400
0be4f502
ecfcf9e4
030406e0
0afd0e00
bdf946fa
0516ed48
11060f04
e5fce3f9
3c1f1803
f812ffa9
0f16ed07
13f53b09
bb0300f4
f417e3c0
fe32ec01
07ef2b04
d600ee0a
10000400
00fccdfd
e12c1cf7
3cda7a07
00100dfd
2209eefb
09e21efd
f6f7f9fb
f6f5030e
f6f9000a
08ddf505
f319ff05
e9ed07f7
350d2b08
12130102
eee800fc
fc10fd01
0414f4fa
dc0c19fe
4a08ed0b
11f609ed
ddf0fdf3
0df2e806
0a130437
eaebfc04
04ecfff5
35e4fe04
0bfa290f
de01ef26
efce03f5
fb020904
43eaf500
d4be13ec
f1382d4e
11ede90e
0adb0004
e80207fb
eb0e08ed
00002103
dc32f6e9
ee2203e3
070231f3
0003e4fe
b01cd7f8
0f08e828
02e1e107
03040b06
1df80232
fd100ff0
fc1907ff
e01409f6
cb00430c
09f408f9
f0d32b0b
ef13d9fd
f00de30a
df1c10f8
fdfee8f0
13f52707
1c30f7fc
01ec0900
05e01b05
04f80b02
091cdb0d
eee2f5f3
0106eae8
08f9d6fd
d7f60400
0407ec0e
0e2ae100
22e60202
310409fc
f0f70edd
08e038ee
bb10ce0f
0c2d0ff6
03f70b07
130514ff
130a0700
182bf9e4
01161ccf
f3eee7ec
11ced8f7
f9151bff
f216f1e0
181df500
0705ea06
c9e6020a
db02e5eb
13f06706
14f4ff02
f2230104
e3f4fbf1
1111edfc
181a2707
1ff4ef04
18faf8df
03fc17e8
2c1319fc
2c08120d
0c0904ae
fff6faee
250ecd06
cbf80d18
1ed013fe
ede91506
28ddd516
fceee4fe
e215fb09
fc31fe07
eaea3ff5
45100003
ef21f4e8
0806f302
173dedf0
add52ffb
0e01ff09
00f50afa
03fefbfe
2fe40329
ecfff7c2
0200092e
1df70106
3908f605
b8e3b0c0
27dcd812
5e4d1bff
dd1406fa
0d05e33d
7f22e720
22d2cd03
e0055418
0d0b0329
d1f01df8
22fefcfa
242e033b
27e0020f
f4f30bdb
c8d6f7fd
c0df0dfa
f805e448
efe024f2
f806e70c
dc01f4e7
c1ebeb22
122b190d
20341df9
cd04d605
fc0609ed
f315190d
fe091afd
dcf50aea
f9d90ad0
ff0016eb
fe0c0b05
42e408f9
f611e73d
23e0e2f3
d9042cff
d70eeb17
ffd41721
00132cee
0df5f7fb
f8e04203
ef070308
2e16f3ea
1404e4fe
1af11105
0a151100
f6e9d5e8
f911e605
ef30fef6
14e30013
d2c6c60f
f01addfe
403bee04
3be7f9f9
0207b109
1222eafe
293b1408
63c0a2d7
f7372f16
15f944f6
20ed1fbf
4fdcb0a6
067f202b
c2dd73e6
d1fd0dfb
320fe1e8
dcfafc0b
0ff51800
ece40424
0e7f1853
e5d10fc8
ee221305
41fe2af8
81f8fb74
7fce07d6
4219e5fe
0385baea
f21dc82f
bbabf1bd
c45e99b8
6913c40d
02f21c1c
ead7e6f0
14e21404
daeef7ed
e7e7e615
0e152c3d
39f00607
d7e5ecfc
0b0dd6eb
2b310b07
f303ffff
fdc015f4
3a16fa3b
0015e001
33f905fd
e5cd10f4
ed0a040d
06f009f7
1d130c02
fc130e24
e95ce128
0c02f1f1
bfcdfa0c
9c1a14f8
f3ff0500
0d0b04f9
0ff71604
1912fef4
03ebfd4f
f7090f0f
020df308
0fdcd2f8
170c0701
daf0e611
101a0108
d5f204f9
10f7d9fd
030d0a1f
330715f9
3826cb00
fffae1fa
2c34dd14
032af2ff
18a41d36
11330f5d
f30a03eb
165a1708
550d0ffd
f6ed0b2c
eadede0c
0716e00b
23fae801
b44bffc7
051cfa15
08e6db09
def2f412
051a06fb
e70fee0a
10250bf3
1ed40d04
0afd2917
f4d7f2cf
0b2f0301
60e71905
0bddf905
ea02fffc
10ff14ff
cd100802
e0d51516
0b0101d8
f6ee0108
bd3004ef
1c0300f6
0d25fa00
0bee0afc
b5fef902
05c206f7
fa1de414
f7111503
44021900
0afde427
d80edc07
06f331ff
de11e124
1d21f718
00ef20f4
e7c725ed
e32821fd
fef21817
f814f90f
12f7fcff
2e270d17
1426ecd3
07fc0bf0
19f2e6fe
e00c0c0c
eef9f1cb
2018f504
040a0201
7fef0a32
0be3191a
0717dff0
0ee533fd
0335b4fa
0debe2fa
0207fbfc
05fbc7fa
ed49fb1a
dfde0ae9
031d15f6
fa14d0f8
cd002bff
fd06f237
0bf5e601
ecf0defa
17f90208
eb0606ea
ff0df4f1
ecff1a00
dd02e007
e718fa0b
02e31809
e9081e02
1ae00807
ebbf2907
0af6f0f8
fbf0e8fe
0e0037f7
ff2de00e
07c7101e
07fae601
e2dfcdc4
eefa282f
fdf43e18
c01c1a04
9ed10bef
0e0cfaeb
0203f2f0
0dec1803
04f8171c
00fdeff8
09ef0f0b
e61b07f6
23f805fd
44aed37f
382f7f07
22c805fe
06bf26bf
1adb2fab
30fac7f9
1e382e3d
dc24de07
0de2f106
12082bfb
0be71300
c4e00629
ef3dfb51
fc1143ec
f343df0d
b4eb29f4
ea0918ed
10f3f8e9
f70c1809
06d70dbf
08eafbac
001ae900
24ff150c
251cfa0b
d11a1d48
4ef2f9ea
1281d7fc
2d4aefd0
34f2e87f
f1fd2ae7
4ac336f8
e6bd27ff
04c6f3de
f70d1bbe
49ed1b03
d0b91b10
2ff3f5f0
0130064e
2c0c321a
7900c3fe
03f117f8
09050b07
0d0fff02
1bed0320
e911ed30
040bfb1b
f429fc03
f839ee0f
f2fafb35
f918fcf5
f50111fa
100d13f2
f921fad6
fb1ae405
d01815fa
dddcf9f7
e8e40fdf
e4e20dfc
f90cfd04
e5f60def
e80a151d
f404f6e4
e0fc3e0e
37171d09
3535ff0a
2447d3f1
0119220a
0e10f4da
f3cfdf05
d92ce5f9
2cf422b5
b1e1ec1c
002be11b
3cdf2b0e
f704ddfd
2b1ee717
0c2f1f0c
ffe4f9c9
24fd0003
b2ff18f1
082a00f5
17e515f2
00001c02
fc16fd18
16edfce8
fcf61dfa
2a1c1dfd
82e4f204
f60716e3
f90506f7
f315e804
4622fbe2
2131061b
09fe22d3
f5eedeeb
04c6ebf4
0b1bec04
39e80a08
fcf2f706
ea3807d6
0b18ff2c
001ce609
232c2e12
42012904
f5c90565
2e6139ea
06a81dec
0637a90c
e03ed214
11f5db22
dba83c01
44e29a0f
16f6032c
14e80afe
080714fa
e0fe0603
f10de646
0cee3af9
07eced0a
8fd61708
f404fa07
f609fdff
03fbfd10
fd0b0601
fef8f609
03fd00f9
0806fe0b
fe00f9fe
10ee08ed
1d3429e6
ef311a04
db1ef904
4ce9ec01
0007c1ef
d50dd9f5
f120f403
0d1114fb
4600070a
1a13f7fb
1bf8f8c6
ffeff7d3
f71c111a
edf6df0e
19fc1a02
dd1b24e5
f3f5241b
25e0defa
25ee03f2
073712bb
12072c09
def922ff
da2d0a0b
0d19d4f8
e8aacd3a
301f0306
eecee02b
000124eb
09e80cbf
192b36ff
22f3e2fe
25edfcee
e3e21006
e106f400
becd09e6
1bf71137
fef6c7e1
17dd1cf6
db12c510
cfcb3601
5f11b60e
bad82208
8b0228da
0dd958c1
228ddc7f
18581a35
c2d32504
0e0414cc
09e4f705
13000900
ee4409ee
ff0ce2f5
0d09d206
faf9e2f8
501cecfe
0bfb00e0
08fa03f3
10fc0106
1ecf09ea
27e0fedc
fcf401f9
18fe0f03
0ef1db09
fa27ffce
f306eb0c
f8f30eff
f924f5f2
0510e1f3
0bf01606
fb2227f3
b3f60b02
030ae605
f023f4f6
f1f0f902
dafff0dc
08120ce4
0622e8dd
d722ecf4
0d34f1f5
fdf2f6fb
3005fb0f
fc00e1ff
0c0be1df
2e39f60b
140d27fa
1516fbf9
3313e105
0411f310
f10011f8
dbf419fe
00ff15fe
0dd90421
0a19f60c
130806f9
cdf423f7
f5e70717
ddf4ed0a
07e71bfe
4904fac9
e5eb0335
060f19f9
0417dc04
06f5f3e2
081901ee
10ec140b
150ffafc
03f0ff2d
1012f6e3
07f2ef17
07073dfe
070003fc
08eef6f1
f2ed1e02
0406f900
02e30a08
fd190504
0819f405
0607e5f4
13ed0300
01da18f6
f7ea1afe
0b1ffdff
190305eb
1dd10333
0801e7ee
08fef8fa
fae1d7fe
34e8200a
25070904
19ff037f
f60df612
01f01eff
f41b210d
fefef99f
ec071df8
09060b13
eef91606
f1efecff
d52bf3f0
0f0b06fb
fef4c715
f21128f3
06dc1005
01f419e2
0f18fc08
1105eaf8
eb07150d
10e4ec1c
02ffcff4
03e21005
121a0ffa
24ddeaf0
b2ed15de
15cf0102
f9f7d8f9
e5ebfb04
fb121ed5
15cdfffa
5dd3ef07
fb01fafd
f4fe24fa
0af6cffd
e9240010
e8220119
fd18f2ff
0718ed0b
091f190a
fb0004fc
e3fcf9f3
040701ff
fd2ade0f
13400533
f00116fc
03f820f7
ee1330ff
d1dddfb2
29f3060a
810cec12
fadeea1f
c0f1fdd0
b8f8092c
fd00faa9
1ffe4c11
f603ff0a
36e6f7f5
fa06e706
daddf6f5
e21ee815
0f101afe
1bfe10ed
1320eff9
1003fa05
eddc0708
f915e0ff
62280a22
fdeafd13
fc1fef29
1023ebfe
25ecf6fb
d11f0544
0014fce1
2c0c0e0e
fa1716cc
032cd805
020bf44a
faf112e3
fd030e28
07e2070a
dc180efe
fc11fe02
1214ebfa
fdf22f29
fd0d090a
dc3117f6
ef0acd01
16fc021a
2518fafc
0800c9fc
e329000d
f0f1fdec
f7190342
f7060818
23f4e209
fb2efcd9
39d3d6ef
f8f105ff
bfbe1b2d
1807f814
070ef7fc
e3ffe2f6
0bf7e2fe
f8f3fedd
fae90602
19100cff
e7eb0a14
04fcfbfe
01e7e908
1906fe0b
11ee27fe
030715e6
eeee0211
fe1ee4fe
0608dc14
f9fcec04
fa0be9ed
fef0fa00
21e3dd00
fff710f9
1712f605
05061cfe
ec0209f5
ed26f3dd
04181bf2
1931eb10
ab172900
050e100a
0be8fd00
fdffe4fe
d8d9f4e5
fbd7ebef
fbebe517
02eeeafb
f702bd02
e4db0ae9
f60507fd
082cc6fe
fc1b15d5
e9c7092a
041611f8
0204f500
efea0204
ffedfb04
fce91c02
06fbf0fb
effffb0e
eef705d9
050ced0e
d8edda01
d5040e00
f7f0fffd
fa0eedff
02061200
30350beb
0028fe02
faf5e8f8
fa0300ff
e7d6bc03
01edf000
d803f70f
05060e05
de13030d
00231204
091af1ee
f60fdcf9
ee1f0502
030a01ee
28dfdbed
0ad10bfe
1fb6f403
2326e7b3
00dbfc09
e7e6d2f3
e6ca0701
f31215fc
1302f7f7
06f5f600
2e1af325
e5f1000e
fe0f16ff
11f2efef
3decf50b
fa06f21f
001dfaf8
ee1801ff
04e6f31f
0dff19ee
ff1f090e
210d24fa
3719f300
140d070a
152fe5f1
00d60bfb
fe1705f5
0014fafa
f6f0fbf2
ebe3f509
ddfbef04
ecfb1311
e2f80600
0af70302
12ecf7ef
da1113fa
0115fa00
1914eef9
2ff7fe02
c0f5ed4c
50811b16
4f143904
ec1e0ef7
24b34dfd
fbf7fcea
c9152310
f0048103
00fe1bd5
eee9f4f0
0505c005
3fe9ed0e
1ed4f200
fbf8e8e8
fe1213f2
1af2110e
f50e00ec
1de00800
fa1e12f4
15160213
10f918f4
f802f204
e9022101
c00104fa
0f190121
2608e9fd
fb110efb
d5100ffe
fd2707fe
f9f8d010
1818df0f
f30e26fb
fa1b1b24
d90c04e0
e42e1a0e
562ef1fe
cec40ace
08da1305
3a103ee5
37ec4424
f8e7f804
f406f50b
e911fbff
03fef9f4
1b250d1c
fb0de7e9
21100af1
bf29c608
f9fffb27
4809fbfe
df0decfc
13f304e8
dc10f40c
0d092914
ff0206fa
1911fa05
0f14f5f4
2102fff7
00fd02fb
d7f3ed13
f912eee9
fffd1a18
0814da02
f7d3fefa
04f3fbf8
e30d04e7
09043209
effee710
1aef0bf3
08f7f6e5
1619eaf6
fe120501
1cfcfaec
15dcfa03
0af314fa
080ef404
fae20b1c
f8061500
07d70709
63f3f9f8
200e09fa
d7090201
ffd8e805
ff1a0528
01caee4a
09ecebf0
e7eef4f4
fcf00914
15fcfa0e
e6ef0926
1405def8
06effce1
1df5f8cb
f9fdc8fa
13f7ef07
d3ee0d08
150a0c21
01f60904
e91af5fd
2713faec
100cfdf3
ff06d318
010f10fb
f5d02114
fd08fd03
0806e0ff
ff00fb01
df17f501
080506db
08fd21f1
fa2cdcfa
d40721fe
e9f2fbf1
382aff0f
00ea28fd
ecf1f3f1
1a1ce6e5
0a11ebc1
0b0512f7
34ffe5fb
1decdc1c
25fdeb09
fcf9f4f8
f74905d0
f9370b10
faf11fe8
5209fc12
ce1f1200
c0deed1b
0bf73af9
f0a99505
3730eae5
523f3525
ffe72109
0039e2f5
d55d7811
2b18f90c
1c08fc0d
10e411f8
f6ff0858
0506171e
0ffe4415
11a5dfff
263932ff
ed0b0000
0eec12fa
14f0f102
20f4f6fc
fd3f21ca
fd2210f0
3deeb301
27eb16f3
11030908
071afb15
0bfd1cf7
f0f7f0ea
361af635
f9124de3
210dde02
d3cac1fa
0bef0bcf
0f16e5e4
f51b3208
0acc1b14
0adf0e12
ffeb280d
36e4fcec
eed7f509
040d00e4
0d0fea04
f9e80601
3045ea02
0002fcdb
021901f0
f80018e9
050dfcff
0b0f0520
f1fcf000
faf9fb03
d80d02ee
00f505f0
ff07f318
d924cdfe
2b0521f9
05060eeb
26fc24fe
f8ee0701
f5c1f10a
29e7f90c
0de5e004
13e9e4f9
d60ff5f8
15caa8c7
e7b0f481
c8faf6fd
162756f2
32efffcf
e6bf2114
efd4e715
301258fa
0af8092d
f6fcf30d
030cf302
cab3061b
10fde2e7
03140d08
1911cf11
ef0723f8
13f9f2f8
d0fcdef8
061fde04
f2fc02fc
2dd3f3d5
07d30ff8
e11442f3
272010ff
150ded11
f60909f0
03fbfb01
f61f0ef9
1830f225
06fdf505
e8f206f8
d2ed0b07
1d090aea
06f527f5
f90bf800
ed0cfce5
062509ed
f9182ff1
1302bdff
280ed80b
071107f4
f0eb1401
f1fb10f8
4ed6fa19
11baf0f9
f909ea08
0d06a4ff
020ecaf7
03f01a19
0f03f203
0706fcfb
dcdcf215
2c230700
0209d90a
c6f14ffd
21eeee03
e2080c0b
0c0eecfa
f2fce7fe
1ef20924
0ae60ee9
0bdf0cec
051818fc
201df614
2fddfe11
bef00912
e926fdf6
35ee2fde
f02d0756
0acf47e3
fbb107e4
a9c9c3ba
02f00919
0b11f60d
fde20a01
1418f40f
eeede65c
faf45c0a
f3f7ef07
180f190b
110712f6
0abef7ff
04edfafb
f0180005
17dbf943
f9e90ef2
ee07dd0b
1101c607
f10c01d7
0e09d307
f400e004
fd1c0c14
fb33e8f1
0717fe03
0719e0f6
ea06e70b
0b0e04f2
f118e90d
f71826ff
2636f51c
f3090af2
05ffe318
e713edef
e20bfef9
0efc140c
001625f3
070c0100
f91cf32b
0eebfc1b
0708f0f8
1e0b24f6
e4ea22fa
000aea0d
cae2ff03
04e91e04
ecf60228
033bf5ff
09fe0ee6
ee27e102
a5f3e6fd
f208ed05
0428fcfd
e0fa1000
f5feff2e
dd191fee
0d1802f1
df05fdfb
ee0bfc00
0c11091a
eaf2dbfc
0e000f05
10e5000b
2bcedbd0
fee2e40a
cd223602
e3d71d0b
0f00e5ea
34f4e607
fd08f2fd
0504f526
0c31f0e9
f7f8f2f2
17ea3107
fd0be7fb
f6f9fe25
0d04ebf7
00fcfef9
07d0fa04
10fafb1f
fa12e509
08d8fd0e
c4ff19fd
05e7041b
1f0907fb
1402d802
21f71826
f0bb07f7
fde1d905
1adafdf0
cb201206
faff030c
f509eb00
fe16f000
e3dc05eb
f31ef424
fbfb271c
fb0e1709
fc09ea00
0bef09f6
07fdf607
10f118fb
0dfa0905
0cda11ca
f10be9fb
07ef0308
e200ef02
01f50e05
f7fbfef9
06ff0000
f61c06ef
14d7f312
f6030f16
fc0ee00b
190f0e07
21de00e4
fa020cfe
1e01fefb
cbfd0802
fb071036
00ec2512
1ab6160c
470ff206
26e61306
1c070803
10f9ff0e
01fcfe03
0af211f3
fb0f0ef4
f10305c6
0b0310e6
e01b09e6
18eceff3
fdf9da00
f80af5fb
053009ca
f909f102
fc075d0b
28f8fb02
ee0bf4e6
faf7f805
f5f10b0c
271c02fd
2400fdeb
1808fa10
e90620ef
fafcf203
fa061cf8
17090700
0ae4f103
14fd07db
f0f5f514
0b0efffc
17cb1efc
e4fc00fd
defffdf9
ede7fff4
fcfb1804
ef14faf4
d824e8ba
0206edfc
f4f721f6
2e1618f7
0710f100
011515f9
e6f6f202
e7d717ed
16030a1c
0316dd18
21e506f2
c31ce7ff
fb061507
c7080bfe
0404e901
f92bfcfa
20fdec01
06f60bf8
0f17d0ff
34130904
ffdf0717
e0280ff3
f1f80ff8
1be0fad6
e7d11c04
010f0b08
f4d122fb
0bf129fa
071b0835
f91608fe
fd13fb03
0b100903
dec0fb15
fe19f5f0
31e1b9e7
28f9dafe
041e07e4
fdf9ff0c
09ea00fc
ed030f05
fe12e1e4
15eaf6ea
ebee1904
1e02d4fd
1ee4fa15
12dde8f9
fbf5f304
e2fcf4f4
02f20ec9
fafa20e3
0b00e80c
e41bc605
db22ceac
cbe13dee
1b2e1b17
d316f2b8
061b381d
04e0c5e9
b58ec413
881dcf2e
07f2ffeb
fff304f5
fd0cdcf9
15f3fefa
f600fb0f
ef0d0505
cb002dfd
37f9f700
f8e715f1
effff000
ff0b1405
13cd0ef3
fec812e0
f5f0f8e4
0a071214
0e0c0605
f2bb0cc8
be100b26
25c9cee9
f8aff713
0b22fe36
e74bf4b4
e1e8de38
ce1512e1
f60ceeeb
eef3e5f5
0d011603
2d21f8f5
140dfa11
fc05e0f1
060126f1
e80ff0fa
e9fff721
f4fb07ec
fbf90809
e403ff2c
e6edf5d7
011b0f21
fa0000e6
fbf0250a
faecffe6
db0409fc
0ef1fa00
23f90c0f
011b13fb
f6efe2fd
dfef03ff
0803fd07
eeec04df
2a1d25fb
f10ff3fd
221403ff
e7dc01ec
fcfe07f0
e51bf9fe
1cd6180b
01eff3f8
1a040a03
ff0df8fe
26190dea
02e2f80b
1119010d
5b0cf606
29130803
f316fdef
fc000513
f5facfe5
fef706f6
06b11004
f300fee4
f216ff27
fb041104
e106fffc
ff0b03fd
ee000908
f0d40a2b
0424fcf1
04f70029
fa070117
0c160718
1ff201fa
07050be3
0d010c09
def01013
f407f9ef
070601d7
f42fffee
01e50ced
4dfdff14
0301fd14
07010206
ff21f23a
022b130e
060a0147
fcf7fd03
d9fbf7f9
fcf70003
fe070009
09f8330c
fe23e9d4
24f703e4
ebfc040c
f6e4fed2
fefcdfdd
132dffe4
fdfffaf4
ecfb2211
011dd9f7
f8f7090d
fefffe30
ddf20015
efe92cff
f9130311
01fef001
0b06a8f9
fead1900
d1c6f810
fbea0106
c7240214
2d1efc1d
0fe5fd04
040cfc23
d4050d00
f6f6da00
f0a109f7
0907fd43
2efa01fe
141627f7
0024fe1d
00e9010d
fcfaef15
05001333
10f3fbfd
0ae90020
01f2001a
07f5030a
01f0020a
0503e817
0a0d2200
02ed15f6
f1fdf501
fd1101e5
efe9fff5
04f10106
01ec02de
fffefafd
f904c029
f0def207
00f2fd0d
fcfdffbb
f01e000f
02131c28
3afd0008
001af1eb
52041401
0c38effd
0cd2fe35
0506ff08
eadeff24
fbedfc0f
0eed0217
050b0807
1bf708f5
0f05fc05
fb1cfefc
00f60025
55e900ea
040308ec
1afc0224
0308fefa
e1010b17
fa08ecee
ebee0ae9
fe05fdec
fef5ff12
e8021806
ce0901f7
ff12190f
e6f9d531
f40701e0
fa0de419
f00901c0
02fa021d
f12110f5
f50d0101
04fffd1a
2dffeef2
0128e52c
e803feee
f3fc010b
41fe01e1
fb1bd207
f30e09da
f1e026fa
1dfb1dec
1b3cffd8
f00ff0ea
fbef05f6
e5e9fdd6
f04d25fa
fce8e5e1
c0000e1d
12efcf05
be03061a
e2e60303
f8eef7fe
161efb1a
0e8106e9
0f00fc15
fe030009
f4fdebe6
fc03fbde
ffe40deb
130bfff4
1cfd0025
1515120c
d7f1fffa
040bfe1a
1dffcae9
ee0a0e14
f5f9e5f9
faf100ee
3611011f
111ef60b
17030104
f8f9f6f3
0705e2fd
04050ada
f30018e4
17f7ff19
070dfffa
00f2ec12
12220401
0001f8ed
cdfeb6ec
02e1fdc8
075a0116
04f20601
e9fc03dd
08063321
01f9000b
07fd060f
3cfbd9ed
f9e5f6c0
f1f40700
0810fdfc
1901ffd3
091bd91d
f81405ef
03ff0e04
15f931ff
1131f60e
11adfd0e
fe180111
ef0701fc
031f0603
0c11fe04
fff005f3
fafdf7f6
fee5f6ff
021efffc
f814ff16
0f0901f0
eeeceb11
135efee5
0215f1fb
f6061d09
130911f2
d92bee14
fefcfef7
f8db02fc
fa01d5db
14fe0216
fef4f804
0ffbdb12
130901f7
0df5f703
0e0d011a
1ef80207
f80a14ff
f2e0010d
0616faf8
e602060b
fa050210
ee1bf910
f2fbff20
1301ffe7
140a0bfa
fadefd16
fe02ebf2
f5fc2235
e7f5ee09
f2050604
f50901db
1414fe16
fc021300
100c01ed
02fef407
0508d6d4
09c20521
f8df02ff
0a0202f6
181901ed
1707fe12
02d3000e
fef20ce7
0cf80c08
f3be121c
07f70709
06fdfffc
1cf00005
fdf3e3fa
160b03db
040e0129
e5034f0c
0fa7fbf1
f7def60e
ff04030b
a11c0128
11141e06
00fcfb12
f806f0ec
5204abdc
eaf51818
0ca3fe10
fff7fe30
1e0201e3
14f1ea19
0706000c
000100fd
ec02dbec
01d903f6
fafa0003
02e90114
07c8fffe
f8072cfd
eef7fd2f
fc04ee0e
f302d907
ebacf902
f20305e0
12f900db
34f5fe09
110a1df5
1cd405e3
0bfa03e5
f700f415
150af7f6
1ff2f22b
000c02ef
1b200015
fdf3fc00
f707022f
07fdf817
22010bbc
02fe1949
ea1801ee
fbeb0117
09eefdd0
ed0ff6eb
151602ef
0ad7e110
e309202a
e6c83fd9
280d17d1
12f60138
9d1cff00
18d37fca
f1fe00da
fdfb0deb
f8ff17e4
09d60aea
00f0090a
0bed0122
f5df01fe
15fae401
052cfefc
fdfd0bf1
05fd2cdb
1328f8eb
e3ea0714
faf703d9
01c8fee9
fbf606f3
1a14ffff
00e9050b
db000215
030ef703
fbdd0402
fd0f03fc
fce800ef
22f9f7f9
f1280010
010800f9
04fb1f18
ff03e0ed
f0ecf8fd
fcfc01f1
f70300f2
fb1831ff
1211ffd3
ff070401
0a021011
f7ee2100
0f210af6
02f202fd
011afe05
070ae201
f61cfdff
f503f10a
fa072517
12410ebb
0b20ee0a
e9170144
c0dc01ec
d8d6c3e1
ff0cfe1d
fe08faf8
02fdfef3
0cf7ea18
0300f00a
0305001e
17e000e8
1512fc08
f4b80312
0bfe1408
20f203d3
048d1142
110df8cc
ff03040b
092efdfa
0ee6d9d9
deecfe10
fef9022e
ad0500fd
e451fe01
3d1dfaef
fd0d00f9
d1fb02f7
f416d6eb
f30b02f9
f60104ed
15fa10ef
fbcfed3e
ede30911
33f001dc
080b00e4
0d160afd
18ce0210
03f7f9f5
ff063ded
fffe09fe
10f4fd01
f407000e
e90400ed
1c180010
12f50305
ff05f0f2
0106f61f
11e50f05
ec31f20c
feeffeea
f906ff04
15ed0f05
dc32fd0f
02070bc7
11fb1d03
01410d01
0907fa08
e9feff27
02ed0008
070a19d9
d7050405
fff8f622
d604d831
f1f108e7
1b090fed
13ea0238
27ebfdfc
020ab6e6
030efd21
0200f50f
d30210b1
1c1b01c4
1afaf518
fa1e047f
f53602e2
0ced1b05
03e3fff1
0bfcfe36
ed022fb6
e9fbfb73
342df81c
fbfb094e
2b2dfe0a
ff0df0e9
f9ec000b
01fdfe05
16012ef9
fbdf0515
031416ee
f8f50107
daeefee1
e4eee104
ed1d0101
fcfceef8
d90815ef
19e8170b
fe43e40c
f7fb00e9
020b01dd
15fe1914
1339fef9
fe07031f
f5fc12ef
f432facf
f60e03e6
0a11fd21
16dd0110
11ece900
f405fec5
fe021cdf
11f6dccc
f947f217
f6e4fff0
fd0401e2
d802fe0e
080be8f3
eeb4fdeb
03050605
f8fe26e9
fcf404dc
237104f8
ef14fffb
ec4efc0a
f1cc1ff2
eedcfe0d
05f30318
1002faf5
f0110e03
f0e3fe08
15f70122
112401fc
0f0f020f
0f4a0008
fd07ec0f
62020021
04250903
0942ffff
fdfc02f3
fef6ffe4
e8fd2604
ee150211
02faef16
0b02c1fb
efe4fe01
06b015e9
020f02ea
e60d00f8
08ffe218
f00802ce
01fff9f3
eb05dc13
f713142a
f0f1f001
fff5fef8
e1fd010f
04e90f09
e4f6fc00
fd00fb02
fafffc1c
ed16ef24
01edf412
fc0cfe16
1bfcffdf
0a04de1e
dad9fe03
05fc02ed
07ffe9f6
f128f41f
1b100d0f
1af9013e
de0cfd1d
0eed21ff
e1570103
01fef0fd
19071904
e81df10b
f8bcf2ea
e6e6030a
14dafd1c
051acffe
2b1f01cb
0200f407
fd04ebf1
05da0efe
f0c70107
040dff10
21e40009
fdd7e517
0d32000a
03fe0ae7
feff0a08
171ef530
ed22ee02
090701d7
0a05ff0e
fbf22e09
fcf8fff1
fe05f0f8
2501f00e
f900ed0a
dd1218ff
17faffdf
f5fbff22
faee08f9
f33f0106
0803fa20
360a2600
1d0a0a24
fa3ef1fe
080bffbd
02cdfe02
f008bde8
06f1fe06
0007f9fe
1501f5f9
f30f03ee
f5db03f6
fefb021a
0bf900f3
00ee0ef7
ec20faf7
fdfa0507
f103e1cb
01e5114e
06e72cf4
0cfbfcfe
0ff1fe10
f9c512eb
e903011a
04fe021e
fcfccfff
ede819f0
e6eff4eb
11f201ed
f822fffc
1f1ae114
c4ec04d8
0f12e7d1
f1921311
f0eadd15
47c4fae7
15470df1
12f101ef
5dce023c
fa110015
00f70eef
effd2901
090203d0
f8fc0bf5
060200d3
2206ffff
10fdfd18
0af7fceb
fe09f107
5406f418
e0bcfaff
f62e0211
13fe0109
0de502f8
05f2f103
e323ff22
0409fcfc
e9fce60d
f5fefaf7
f414f9f9
0307001b
f203020e
fd230200
fcf9fb01
810a12f6
0206f3f9
0b0205fc
0df60000
ed0bf5fe
09ff17ff
fa1cfd06
002f0003
01f4fcda
15050213
f9be32e6
23060d02
0f080215
a0fe01fc
0bf512fe
e3f1fdcf
010e1a08
edf701f8
f20b090b
fde0f5f9
e50bfd04
1af501fe
05ff09f4
02f2ff13
fdfff0f3
20043319
06dc0a04
fa240d0b
0bf5ff35
f5e1fe0f
0209ed06
1c1400cc
f5e21125
38ff4ef7
e64917d8
e65cf502
1ffcff0a
fc2600e8
16fd431f
d30c0115
092507ed
ec04db5c
14ec98c6
40b520e7
da1d0231
3711fca9
efb1f400
e9ea02aa
05025909
e52eec29
0b261c08
02f307f9
1f0bfb1f
04c80007
442dad47
06f5fef3
ffff0604
3f032523
e621fdf7
080d1101
1eed0404
59e800ef
fefd02ec
0e06f90c
04f16efd
007fe90a
f6fe11fe
e4fff8ff
ff040101
fa03fa10
ee13fcf4
e615000a
01f802fe
e5fec4f6
f4d304ba
f2c821eb
f6de03e7
ecdefe09
ffedfdff
c5dcffe9
fbf301c0
2217eefa
019a03ef
46ec9cdd
2a2b0ae8
1f0ffb43
81dafd19
122303e3
fff4e139
0f0ea71a
250c1f24
f1bef12f
dc1cfde2
1628ff1a
1924e427
fce5fe28
fa0b02e3
fa004cdc
e8f609fa
01ae17da
1304fee1
d701ffe7
1bffdcd8
3236101d
23e019db
15017ffb
23e927be
f759d913
130a0130
d4c0000e
217fddf6
2511fff6
07170f08
f1fa5ca5
81cfa7c7
96e28128
2711fef0
d2ebfbd2
2e12ff09
050b0205
04fa0cea
16f92b1a
0bedf2e6
f4f8f6fd
010701fa
13e5ff0a
0a180a0c
e6e2fe08
fef8ee1b
0f0125df
f7eb03e4
edd0fede
f8fa01ed
d7e90014
f8d0eee7
0a0e0009
03f5f50b
f200f9ef
04e2f5dd
1c0c0f16
0bf303fd
0c0bffe9
0bf90220
659803eb
08e117ea
3c2fed6f
42273aa8
100d024e
c8f70bd1
86a4e58c
0b33345f
053fff00
02f3fce7
0906f11c
03120886
07fbf9ff
120c01c8
eb24011d
111afa32
0cdc010a
0318f01d
f806d4fc
010204e9
0bf907eb
f81800e4
e200ff0c
ea1329eb
d4e607c2
07e88127
2bb22cbb
1400ebe3
5f022365
f3e1efc6
0b190202
0709f7f7
c52b03f2
0616e3fe
d70a1c35
ffcc1f57
f837e515
f0f7ff0a
e0e6fd03
0cffdcfa
09eefe07
fd0efcef
bc011508
003bf11a
f701fdf7
0116fe05
de35000a
19f61400
0df40209
0203f9db
ef062510
fe150500
fcfafe1a
0008001d
002200fb
050c1f1c
f103fe00
fd02f7ee
e20513f1
f7eb0d01
16c40f0c
f2ec00fb
1ae600fd
ffe9f4f4
c1fc04f7
022a6b0a
09e71b14
1deb12f6
53fa19f7
1df801fa
ff0101f8
ebee0a30
f6f401e9
fe0beffb
f803f5f5
fb19fbd4
e5e5f8f0
fd03ff02
fcf6020e
0bf1e500
02f50309
f6f0fcf1
12f51eaf
2b10eced
f3b4fe00
fc0200fd
04090017
0e2fdaf6
0d2effd1
ff09ed37
b7fdf8e9
1f12fd55
21ade604
0e2502bc
810b00de
d4e5bdd7
fc0901dc
0509f804
ef0bf1ed
05dd08e7
f326feec
f4fd0107
ef1afefc
03140004
26e6fe15
03ef7ee2
f17fe1ed
f8ee203b
05d11804
e60bee00
0626fc1b
0ced05f1
fc01ff11
fdfd0605
1601f403
00c5f9ae
d2ef0d04
f2ec01ff
1a05fef3
effbfb0a
0cfb030c
0309fa04
e507fb2e
160913ea
04010212
020502e5
132800ff
fdfde0f1
daf401f5
00050108
180000dd
f4240fe4
fb120001
f5ff02e4
120ffff6
17240bf5
e8ecfddc
fc24e4ef
8101ff44
18f3e70a
968801b8
20d50223
3e1fffd2
8635ed4a
0628fbf5
fb06f3e2
ecfe0cfe
f1350215
0703eb20
f806fe0f
f10bfe46
fadb0fef
01f4f902
16fc0801
03031106
00fe11fd
f30900fb
ff0209f8
f4fe7ffe
feef0a09
f52b01eb
fffaf3e5
0903df2c
fcf80818
fe310118
0bfb00f0
0ae8feec
19e30c04
f11cff08
0303f0f8
1307f8ef
08fc1a16
d1f20b10
f2fd0102
e800001d
ecf6e202
0cfd000b
03010206
06021d28
f9fc040e
2516fd0d
0bfd01d9
e1f4fd1c
f2e323fa
0ae600eb
0011f9ea
06051bf2
fa14fb53
e9eef1f2
000c02fa
eef1ffec
0c080ae8
ce2500cb
fc13f31a
3d03de01
ed08f214
0125fc07
05fa01ca
fdf4fcf4
fbf0f7fb
f6080309
04f502fe
26f61d3b
021dfbf3
0d0d05f8
160300ec
2400ff12
ec091010
f6f0feec
fcf1fd05
44fc1401
0726f6e9
f7d6fbf3
06fb02f4
1700010d
fef5defe
f91603e7
02f201f7
1a012715
035c10ed
0ded07ec
fefc01c3
ece0ff1f
fdf509f7
e261ff49
0200065a
0502e04e
f7f80159
1fcb00be
eaed01b7
f83000e5
1b241e0e
25e20023
05f6120b
24f3cce9
1937f8c0
f91cf213
fc0405fd
f9200113
09fa0df6
f602f814
f9f520f9
ece596fc
f925c42c
ef12f803
f2d2fc07
e81bffec
faf008e2
e70801cc
fdfefa39
e4053513
04cee30d
f6190908
17010110
d3100107
060cdb00
1b05ff0b
0505080d
2d032ff2
fae60efc
e8bcf209
e8070002
e30dfe00
f9f703f0
1915fdee
07fef02a
0fff1412
20f21008
0ce0d923
09e6ff0d
03dafd3d
31fefafb
221804ef
02030ae0
00f90713
0cfafc37
eff50b0c
0e01ff21
def80003
071914e7
200c0411
04e80526
35ff2bfb
0afd1be5
ed3209ff
29e40219
27040007
22feede8
0c13040d
fef9ff04
f70a06fb
13eb021d
0041f923
20fc0002
fee7fe19
06fe03f6
1e07000b
0401fcf6
d9f71de3
0d06f609
f1ed04f2
03020138
0b2aff06
f50310f6
ea22fdf3
feef0cf9
8efdf7de
13012b26
05e70bec
f00eff26
02f1fe14
04e9050c
24100215
0307f40d
e91011ec
14f42bea
1125ee08
f20001e6
1cfa01e8
03f7ea07
1507fff1
feed0902
da001337
00e3f416
f7e81305
fb0000d0
24f900f8
ff0d0eff
e1f90102
04fc13eb
0af191fc
f009fde1
2524050e
0b07010c
20e402e2
fc03fff4
00ceff02
fd00ffe8
fcfae0d1
e9e305fb
12f40207
ffe60110
cceefdfe
f1ee13d0
becf047f
02f31740
32016170
087909f5
fd41d338
13f1ff9c
a25ffe2b
e42ffd0f
f7fffe06
0116000a
eafcefeb
083406dd
df13fee0
fa08ffe4
e70cff08
0f0e13f3
d41502fc
01fa0403
fafdfd0a
071e14e8
ef12f8f7
eff70209
fa0301e8
e80902fb
d62a04ff
0707eb02
c81427e8
12c721bd
e87fd8f7
dd0902fc
e3a4000d
f3150408
16fefee4
040e100e
33ffecf4
f0e0f1e3
e1f907f2
f405001c
f2060002
fd06ebf3
06dfff29
000c0015
fe04f5d0
0b2609e4
0c16fbe2
05edff10
1ae70003
f901e4eb
eb00fb13
f803e8ee
eb08edec
1de715e9
dfe8ed0b
0edd0012
02d9fff5
1007f3e6
1afd002b
01f60b18
3bffd5f2
11f80703
105004ff
03fb01d6
2ce600ea
f1f8e0fb
dcdc00ea
fd08eedc
f303f4f4
f0d2f803
eb130f2b
f9f600f5
be0d011f
07efe606
f9e1fc02
fbfa00ff
d3fd0313
03230be8
0a2b0a06
09f2fe09
280dfef4
fed70500
dad30506
0cf803f0
09fb1f1a
16b9fefe
10ebee0e
f9080312
21080118
0f372412
22d20803
0513ee1b
29fefb14
0407f31c
db98fd05
08f90216
d21501f0
f722f5f7
0a0c001b
fffefef7
eafee5dd
0feb10d8
0e2ff0ff
fa000106
fee800ff
ff011c09
f7fb01f0
0304f800
2202e1f7
0c090ed1
0fe4f0ed
01f70108
01ecff0f
0f0ff9f4
fff100f7
00f701e4
f9fff40f
fd08f4de
dff701f3
f4edffe1
f60bffe2
f3f604ff
060101e9
0503fa0f
da0b261e
09d20a34
322ef112
00f900fe
fdd8010e
f71020f1
04f6ff07
fbfcf2f6
cd0604e8
fb0eeada
00e60dfc
13000006
f41001e8
28fbf70d
18cd020d
030209ed
fcfdf6cb
1fa0f122
d822fd1d
fc1b0214
d2ed00fe
070b1e11
f30b031a
05fd0106
e8fad507
ffe7f3d3
0923f603
e20b0112
e915001f
fc201f0d
fa280016
010cef1e
e7070c06
15201abc
13f8f3f2
0401010c
f1f9fe09
08040cdf
1ef4001d
0206ffe4
1501f7e9
052d0417
1bd9fcfe
0802010c
18f60206
f91d1108
d7f6040f
090704e8
0b010b1a
fd1b15f1
200ef609
fe0501f1
f80fff08
19fd11ef
1b1cff13
fefc00f6
040026df
f5f3eafe
03f00b03
0b0001d5
e2d5010d
01f0f7ff
dde4fff4
00f1fa21
ee000df4
138ffbe3
da0dfc00
03ea01e6
0e0efdfb
f40113ff
1112ff1b
ff05f0fe
1b0bfc01
f4e7f3e2
d902fcfd
0a0604f4
e6e8ffdf
0b08dc15
fc0aff02
0602fafa
11fece1f
09c40bfa
fb27f8f1
01fb01ee
f2fcfff6
02fc2aff
f50bffe3
00f9fc18
fb064915
ffecfa2c
08db18ef
0bff0112
16e6fff2
01fff200
1c2d02e7
050607f8
f8fd031f
ff0e020f
1a0bf10c
fa15031a
07df0002
f60c1402
210cfc21
fdfdf905
f2001e02
0ce2e423
08030b0e
14060119
f1de0001
0ee0f109
fafd02ff
fef9f4fb
13ff0d21
fee00c47
f7f7f309
0507ffd2
121100ed
1ffcc9fb
171e0437
04fb0908
cd023002
12ef0109
05020528
0df502e2
1705fee0
081fe013
ddedffe6
0011f8fc
af050ffc
f82bfc24
f2080002
f9f6fffb
08fd000b
020204fe
e6f7fddb
fcf5eeea
dc0213e6
e625fb23
f3fa0df6
05fbfd10
24ddfef8
e5db03ed
1a1cfefc
000bf831
e003f9fa
0dd7ef39
eed5f7f8
11fffdfd
fa18020b
04f726ea
26c8fcde
12043333
f7118cce
d9ef1903
760dee04
f09f0b8e
afeafb7f
9ff3e316
ffff0005
03fa050a
34fa03da
f8f6eb06
22e900ee
fe0d01f4
e61101e5
f815efea
0901fde6
fff90c0a
e3fa020a
122e0f5b
fce9fee8
0f010003
ea14fe05
0dea01fb
e808fd16
02070200
0100070e
ed010e0d
fdc80109
ea0100eb
2efefffc
f9f21efd
cb08fe00
060e09fe
ed03e10a
f4ec1a1f
193dfcfd
eefa050e
fcfffdf3
ff090bf0
f81cfe2a
0305fa0c
f900ee16
e50b00f2
01030ef4
ea0b0007
0a07fef0
fdff1701
03fd01e5
04f9fc10
e902e8e0
0604e9fd
f2f6f3fd
0801ff1a
d7010105
ec0af400
0c0f0305
020ef4f4
f60c11e2
faf703de
de1af8f4
01f7001c
ed160407
2712e5fc
fae8ff07
fe050708
31fccc0d
fcaefef1
08d4f9fb
f6050123
1e10000f
07fde21c
00ff01f2
0001fdcf
03fe1e10
1204f009
fde7fa0a
f3fbfef5
09fcfe2a
e1d326f9
f2e604f6
fefaf82a
18093a36
f3ed16d1
18fd12e2
0af7fed7
f00cff21
10e80411
2a0afefc
000309fc
e9f8f008
e4fbf1f4
02e31ee1
efe3ffc5
0c12ff0a
efecee1d
30f504f6
04f3113d
19f8f5b6
03fb09b7
fdd702ec
0615001f
17e8031b
0623f206
09ef00fa
fdfef803
2a04f215
f0f2edfc
0fd10408
0300fe1d
c92503e2
110bf7f7
fb1d0012
05060400
fefbd8e8
0c4bfe1a
09bef5ed
f3f6001d
f30d00f0
f21606fc
311d010e
faf80a09
2dfbea04
f4270520
1d170cf2
09feff28
17ec00f1
04f51214
04f900fc
00020408
d8fd0acc
1dea10df
fa09ef02
0b0901f5
0c0cff02
151aef10
05f7fdd8
ff011013
c9f722ff
03e2ed0a
f23af90f
0020ffed
0306fefd
fa0728fd
06eb0108
fff7080e
f7fcf118
e766fd14
18c90ffb
0ef0feef
11f90203
03f311ff
1f29fec0
011105d0
1af167cf
0ab22e23
6e0f54db
810905c5
3110ff33
1c56d520
fbeaffef
f914e407
120f3f00
04d50c1b
1c05eff7
fdfcff06
f50903fd
e7f2e2d3
1ee500ea
05eb05f1
e1f80ce4
15f71bc5
1108f811
ee0701c8
0d03fd07
f4c1e4f9
0001faef
e90af317
22fe4005
0e0dd52f
d331fff2
09f5fdf4
06fd02fe
1ae110fb
0a1b00ef
01eff5f1
f1f9e91e
0e03f1f9
f3c7ecfd
08e8ff31
e30e001f
03f4ef18
1ff003e7
04f203ef
ff013efc
fcee0928
0cd404fa
fbec0102
e7f30110
fd0ce114
f31c001b
02fb0f02
ecfd30d6
fc0bf9fb
f31f05ec
061affea
0decfeef
04fde91e
e806fc01
0308eef4
ec0ad2e8
faeb0d14
fe100b17
fc01ff04
fafe02ea
e6110501
c616011c
0113fffd
6602f9ee
ecfd040a
fdfc09f9
f1f801f9
fe07feff
fd06fbf8
fdfb03de
fdf20901
1dfd1309
1bdaf0e0
dee8fd18
fcef00d1
220cff00
060aed0c
0adc01f3
02090eff
d0f8c2f7
00f111bd
06130608
f50400de
171b0227
0bef050b
f5070110
fcedfcf9
d9fcf01f
09ea00f9
02f3fa1e
02f2ffe2
f32dffe8
0cda20ff
f3ff03f9
0408f433
15ff2c1b
06e8e3f5
07e30dea
fb0b01ed
f40afe03
d6fe0516
d8d1fb06
f90e0016
fdfd14f2
f411fe55
2400120c
f3fcf906
f5eafc21
ddd9f9cb
e6e90109
fef50602
c703eaff
f540fafb
1c0a0bee
f40702c7
ea11010c
02081611
07eb0001
0113f6e4
a305080f
01e203e7
0efa0910
f6f5fe16
e2fffff4
01fc0af6
0b07fbd7
f904eee7
eb05f202
021bf7e7
d2e6111b
f9fafed6
231600e3
e5f9f30f
0fef0424
060300ef
1c021ef8
01240c08
0aecfcfc
e8fb021f
ee03fec3
0922f404
23001308
f1d904e7
f3cbf80f
c40e2708
d00df112
02f90b09
f505131c
ca2dfcfa
03fa01f8
0917f219
ff01f4fa
1ec0fb48
0377e601
e50602d3
fae701fa
090452f7
19fe021b
03f9fc1c
cbfa06f5
06fa0015
1305f8fc
f903fffc
09f3fe1e
e7e9040b
f0f4ff04
fcf2fd09
1c020ee8
0cf11deb
fb030216
06f30039
29fc0101
2915e7ff
ee1ffdf3
fc06f9e6
f705e9de
031ddb28
d412fd03
0efb03f5
f1d901f2
070cf6fb
033703fb
0503f3e3
2100f609
0dfc17e5
060dfc05
0be8fde1
000f01ef
1009ea15
f5f700ec
00000009
2502e205
010dfef7
f01c0201
f3f5ffef
30f4010d
f8f1f202
f5810206
04fb0320
e8f4aed6
e4ec0424
f0f702d0
f40bfefc
e011ffd8
f00712fa
022804f3
06ff0008
ed0cb80c
ffc7fbff
f31d0e13
f61503ff
0a1501eb
001a102a
12fdfe04
ffe70706
05fc1204
f54cf2d2
311bf4fb
fd02fc09
fe07ffff
01e006fd
ea0afff9
fa02eb12
f2071714
032816f1
0d1207fc
ff0a01f8
1af3ff11
f40efdea
0403000f
04f8fbf3
20030fea
fbdd05b8
3613040b
0a0401f3
0bf6011d
000ffefc
f50d02e3
fb04f8fa
2bf9da1c
f516d6d1
e8fbf7fe
ec17fef3
fcf900d3
0215dcdf
d0e9ffeb
0106f8f6
20020a27
f0100ae6
070bf2f5
f50900fb
0dfbff0e
0c0929f4
f511fdf1
fe01fb1b
0302e2ff
1ff4031b
1220f416
f8020015
3bea000e
0d191c1b
e8dbfd00
01f20212
bd03e6ee
fce41bfc
0eee11e8
fa0801f0
0a1d00f0
fbe50b01
04140533
05f0fc18
1104eaee
061e15cb
04d60aef
1a0602f7
dff60001
fd0404f6
04d6fff1
05050ce0
06ffea10
fae11000
ebfdff09
fb0205a8
1d26fff1
fde9f90f
131b0209
010dff03
ab05f1ed
11b506df
0a100004
e90505ea
37e7ff10
f0f61f15
18f000e8
f9020302
d9f211e1
282bf5db
033808eb
180bff35
0e05fd0f
fb0506d8
f5e70105
03f70ced
e7f5e1ec
fdfdf4de
d4dc02fb
f50a0207
06f001f5
f2f8f500
fae405cb
0bf82535
17d04249
370adeef
a2f6e11e
8fc9031e
151b0111
dade0f08
12e500c4
fd072009
f6f312f8
fb1fee35
1e4efcee
12fe043e
262702ef
f02f1402
261b03fa
0a050213
f6fe1c06
e41125f0
0d39e81c
09170639
d24dff16
2e08e007
0afafecc
fe10eb2a
eb09e3fc
e83ded04
1cca0f01
07fcff25
e6000116
e2fe17fa
1b460221
04f9ff0a
eafc3f38
0c14f530
1430e3f3
f903fcce
1adfff06
f61c250b
fee9fd23
01030913
fb063bdf
02eafafe
0a1c1f0c
ef01fffe
faf8fe2b
f5fc15f8
f3220136
03f90210
11fd10f3
efe3fdfb
fcb92407
04e8fcda
fcfb000e
e6fc1f02
2a19f815
11e0ab03
de36021f
f2062528
b9c13700
f1420e2b
f1ccff25
eeeee9c4
07d0f806
fafe0e2d
44023715
e553fc00
eae20c08
e2140502
080c010d
f6e6020c
0b6201f7
11c2a481
c308e35c
1d22e00c
9e38cee5
16c9ff9b
1e2bff5d
0922b2ff
d5f40226
f9fd03e5
fe053e1e
ec0d0905
071b13c5
1ef7011f
d412fd1b
11f70314
ffdffc10
fcf806da
1e023ed5
f50ff8e4
07f022d7
16fa022b
06cd0440
07f61502
f230fa1e
0417f7f3
020711ef
f4c4280d
f742fdfe
05f7001a
10200203
25f21ed4
fc0afcf3
fe02051a
2cfd04dd
f8f1f70b
ff0b06f7
01f7031c
0b0700f5
f90a0207
0d0802d4
00150601
fd09f72a
db15f600
ff33010c
0d1c03e9
f60ffffa
e7f9ef04
ef10fd19
010f11ec
08f6f8e5
f53ff1c2
dc0203f6
030102bb
43f6fee2
180d2e02
00e504fb
04f901e1
11fa03e8
06040ecd
e20cfa10
0c16fe1a
1d3001eb
30dd05e6
2728fd21
0024f31b
dffe2612
f3f3e015
091a2524
f804fe22
17fd013c
e816f9f9
06370003
fbfcf4ed
e908cf0e
ea060916
fecf1dfb
fe0101f3
02defc10
edf0000a
feeeffff
000b09f0
17feda08
ffecf016
ec2700fe
f0f602dc
f10e0006
ea1ae50c
dd00ff27
01f90310
10fdde1b
ef1010f4
302a010e
13f80201
e2ec00f7
f3ecd1ef
0902fef2
05ff05f8
25032211
05c8f906
f5c007fd
0afc00ff
eee7ff0f
feece9fd
02030014
08fcf1cc
e401e5d2
0a0309da
28e4fdf2
0f0503e2
23ea0222
0cf91306
040afc17
03f711f3
fbfae805
091bf313
0b12fb04
040b011a
e717ff09
f508f6f1
1ee20128
fffbf0f9
c10437fd
05fe01ef
1c4a0813
1afe0140
13eeff14
12f52bf8
fadcfe14
fcf8eb05
0c03ec0f
f6e6fa3c
ebee0102
f8ed01ec
fc0301e1
0ef6000b
4ecd012f
f1f401f0
2ef4f330
17b00b1a
160afee3
f9edff09
41810523
0c191e0d
1903fedc
fbfb16f0
3afa2219
030aff0b
fcecf706
f40eff14
ea14ff0d
f7fee713
3e28fd38
fd3241c4
ebde303a
18a3edc5
64cfca00
3406f2d8
bace04c1
cdecee0f
2bf0fc27
fd0906e1
3e022fb1
fb06fc06
0cef0f15
fd1a022b
f403fd22
0cfbd817
05f4010e
0309ec15
fd0bf9d8
0fed0709
e0e4f10a
eafc013c
f001ff0e
08f1d037
f397fb14
0cf50de1
2affb9ef
ea7ff42f
e73b1102
e6f3fcf2
be04fdf8
08ff92df
f71202ef
00eb0eda
300f54c0
deee0b3c
c04504a7
22ea0518
1317fd06
19e90a73
e70901ef
0311f30b
170c0c08
e23d14f5
150d04f9
f4fc01d2
d1ff0000
06150ae7
1321ffce
fb080bf2
faf9f8fd
f8e7f216
f6010408
f6f1fefd
fa0000f7
01022dfb
26f9ff0c
0500081f
c3f9eb1c
f324eaea
031ffcf0
f60a00e3
fd150206
04e5d7fc
09c20204
ead483ee
c5e0d022
f9262044
d1f533de
d740001b
a6b20707
1df6e6e9
1207fee9
fcfa0101
1a0002f6
0108fdf2
05c203ee
05fafefd
261700f4
05f008e1
1d0501da
ff0a06f3
fd0125e9
fa190503
f11def04
fa0301ed
0e0600ea
eef6edfa
11fbfd13
fef30def
2bf913d2
fff810d7
02cd051a
fd150105
15f5ff02
01ef2dee
22effff3
0501f007
fa0507fa
10ec0233
ec08f912
fe010219
162b01ee
04fcc80a
0938ff2e
ee10fbee
fb277781
0524f309
7fcdf87f
0da612c0
fe4b02da
cd14fa06
1df302d6
fb0af9dc
c509060f
e1c9feae
fa0815f9
08fa03fa
14f6ff10
08e833f2
ff0205fc
0ff6fe01
0cfb0df7
fcfc09f8
07fa0204
fffd81f2
fcfc09f9
fe08fc0b
0d0a00f8
0af4ebea
0409dcf5
fcef19ec
0a09eb21
14f903df
39ed0107
fef12922
d3e8020a
05e9fafa
10083319
04bb1106
04b80aca
f1fb0103
e40efec7
f710f1ef
24f3000b
0ce3fbed
ddfa4c1d
1037f8da
efee09fb
fa060134
27eb00cc
f80320a1
48360213
ff1113d9
61eb1fbf
2aa12e12
5e56fdc8
f4f2fd2c
253601d9
f3fc2992
0cd8fbf5
060103e8
e8f9c229
e1100918
ef2ef3f3
ec05feef
332fff02
f2cc0afe
81f902e3
05baee13
2046dbff
f6d1c8df
0f17e414
207f01e4
441103f8
1a1b0f88
0ce7fd1a
f8ff03f5
ccfefe12
0706f5da
eabcfeff
1410002b
eadd02fa
f9090be9
fee6fd12
fdf80518
320114f2
f2f8000a
f70c0409
eb02030d
13e001f7
fee9cc34
2e030117
fff60a03
2af3e6f7
0aff07d3
fc1320f7
0b03fed6
0f1500ef
07ecf9f5
f212ffe7
fd08f817
1efd04f5
f9dff02d
f51d1104
0a0bfeeb
e8f8fffc
eb15f2d6
11e8fe08
0302fff9
ebf8ea00
02e900ff
fd220ffe
0d1bffe7
ee230127
071026fc
fa09ff03
fd02fad2
2b062beb
110002f7
e5d20205
faf202bb
f90dff02
0c0d0ffa
e931fe00
f40cede9
ed03d823
0645082e
fb04fff8
07f8fd05
02f9fff8
fcf5f6ee
1ce8ff28
0104050a
dcff1801
18391cf8
fe19eaea
0f0000f7
15fe0008
0ef010f2
ecebfe04
00ff09f0
eafd1a10
e6e5fbfb
030703fa
f717ff03
efff00fb
06fde307
14d8fe01
fe0601e5
c902eff3
d7e9fa4a
18fa06fb
0102fedd
fa22010d
f8f90202
e514c200
fe212704
fe34f10a
2c009d0c
16ee07f5
ece1ff11
0d0115f5
31ca0cf0
1bfe03fe
03fffd08
21fdfb07
ee09fe17
02f708fc
04f70132
21f7fef8
f8071cf5
f2e1ff24
00060be9
0bfb11f4
1be3ec25
f0fe05ff
0d05fd31
fce2fff9
fd10edc6
f4310013
01e803f4
e5fee739
093818dd
23e6fb1b
09160016
4040faf3
f2c52ffd
07e80107
03fcff1c
fafcdc0e
f6e8ecfb
f7080907
070001bc
00fefd15
f8f12be3
e9f90317
02f906fd
04fbf8fc
03291606
2301fb12
020701ff
ebe10004
faf80de7
c1d701ec
087f1014
39e42aee
f1007ff4
a9bf1517
5914fcfc
32ec00ec
a8ee0f41
05ff00fb
fcfd06f5
d8fdf9f0
faaa1bd7
fffffa0d
fd180007
df0000fb
120f0efa
e01101dc
fe0105f5
4900e7fb
fc08041d
021cf80a
fef6002b
f4ed01f5
060807f9
311006c4
12002ffd
4ef1ea19
d62d2954
32c3e025
020d05dd
1ad2fff2
f3c4d50f
0ec7020d
0500fbfd
e3febb0a
e616fcf0
04f91506
f104fd12
fb1e0103
ee130bfc
1af6fdf4
010afffa
0d0115ef
0300f923
ff38e501
f60afdff
1b05ff0a
fcf6fbeb
2706000c
0101fedd
15faf6f9
fe26fa00
0ffae712
fc030027
fee300ff
0d17210a
fd01ff1b
fe0bfbf4
cc03e605
e514fcf4
2ee80618
fef9ff14
110c03e3
1b10e426
eae50325
041af7fa
e303f81b
02ecf6da
fee0fb2a
ff0a0231
03f1010b
f71d22e6
232a00f3
0014fdf6
f601fee8
012001c2
ff0a0405
000901fe
f2fe0003
150a02f6
1a0d0204
03010e1b
faf7f42d
09f8f430
f11ef307
01ffff11
1b010109
f400f1fe
0004ff40
0306ff0e
2c00f00b
eb1ef5f0
18fffefa
000e00f1
460f0027
04ff0803
e106000a
fef6f500
0d00affa
eb31f409
0501110d
0cfcff19
01f300fb
ecf9030a
eb28fc0b
0010fef5
eaf9ec0f
fc1c1510
1cf8e7d9
f4fa0303
edf2fe0f
07f609ff
d6e3020f
02faec09
e5091e01
f8d603f5
0a121403
0e0002ef
e0f60010
f220f1ff
d51001f4
00ef170b
4ffb0a06
13c109f1
0808f2ee
02f902f7
1bd500f1
0e08e911
fe100407
08ff1216
0ff3ef06
08ea0dfc
eac2e8f5
f30600f6
e70bff2a
ff2010e7
eefdffdc
02f3f10f
f401e3f2
09d810fe
f90a0903
06ee0018
1ae1ff13
f0f4fedc
0c1dffe3
000d040b
0c021725
0ae20b08
effb05f3
f4140114
f814fe0a
fff603fb
2ecf0103
01f90eec
ddfaf6e5
ea15f7f0
02110d08
fc190300
04f700ee
f50bd3f3
9a22001f
06fc74e6
17c9f633
323c2d08
a0256f5d
38140bf7
8ae9f928
43b9ece3
fc1202f5
0df90aff
13ff0937
f616f003
04e7f616
ec170218
e1f5fef9
f633f101
1303fe2c
fffe0c09
b7f71eca
f2fbefd1
10200700
f8fcfd0e
1403000c
fa04fa03
282300f5
ff09fc07
03fff5e8
f6dd0c36
e23d1af5
fdf6ff02
1e0f001e
f1eff5fe
fd3e081a
15dc031d
bb032d0c
498d402e
fde0dff9
10f30541
fee7ffe7
1740fa09
f9c6020f
04f5fd06
27fc4127
ef1e0810
29e6000a
0a0d0101
d5f8ff3e
f7f8f6f1
110d0208
02f9feec
010206fe
fa0b0bf8
fcf1f113
0100ffe6
0df800fa
14020017
10e40209
0108fdf6
e1fe0f09
fa12f9fb
f0fd07e6
05070013
12ffff22
02fe2a01
fbf1030e
03f4f4e4
e106e8f4
0abb2822
ef2303f8
0400020c
f306fd05
f70bee15
d103ff0c
fc00ee08
1402f409
ee1107e0
1f0301fe
0108fdf7
04f1ff0d
eafc08f0
feee000e
02f80c08
37feebde
f2002ae7
ff4c12fe
0500021e
e120ffcf
0efff201
f0be00fd
01000308
d5fff9ff
f21cea07
14c414f0
f70701e4
261afe23
fb0620f9
f5f90302
03f40ae6
edfd1b1f
f401fccc
e726fd0f
fefc01e5
2011fff6
07f9e8f6
02f0020a
05fd01da
04fe0c04
fd020b2c
0426f714
fb110428
061300e0
fa0fc80c
08e5fddf
fefb0315
12fcf8fe
04f6f3f7
0afefae0
160602df
f3eafe02
15fe24f5
f70cfcf3
fe0a0113
c6030d1b
f4df0426
f82d0405
fff50012
2f10fef5
0ff5cf07
05e30732
0bffd32d
2ef2d3ee
06021a0a
e93dcd03
da1b0316
9d09fcec
30d40f50
06160104
fff7f5fe
1500f724
fb630892
f7dd0303
041800cc
2907fee9
07eec903
0221ffe6
fc00f509
fe02eef2
100cf8fb
ff20f615
fe0fffcf
11db0003
f309141e
0808fffc
fc030c20
def90218
e63c15e6
18f10200
000302f3
4614fdf6
f5df1cf0
faf10242
07eb02f8
c60b43f9
092b05a1
2a31efdd
02050239
2cd8fe05
0f1f0e19
0617ff16
feed10f5
12f92b1f
07c10218
ff21f70b
0e0800f1
e6e8feea
02f7ebfe
16290116
ff0df80b
0100eb17
05240a01
effdf3f7
f7f8ffeb
e7fefffc
fc09ecfd
fd17ffff
fe0af20f
f302d612
e73f0dc7
0bfd0812
f207fd16
ecf301f5
fd06f7ff
7fc300e4
fe3f060a
2ce6932e
02aceee6
23dcece7
13e10aa1
1c0b00e3
5e50ce81
12bc01ff
fc0cedf5
010d070f
00f1feab
fb40fe27
12fa0007
27fd0108
fbfc00f4
f5f4ff16
02f50cf2
f202ee06
03170bf6
09f3f215
f6040306
0b04fef3
eefd0202
ea200115
010308e9
09fb2b03
fe0607ef
04d1faef
05fd000e
e30afd1a
0806dd02
fcfffe06
02f404f4
00fc19f5
02050ae9
fd06f11f
ef0c00f6
df12ffff
eaefdbf2
0634fee0
f90a0018
f9fbfd24
fa03dfd9
f3e62227
ec0dfdbc
fb0d0111
ec0bfa06
3ae3fe0c
021ff715
df03f923
fef4f4e9
f83c08f3
f90efddf
fde500fd
f2170002
020d0205
0605f4ea
fbfff02f
ee121a05
ec100605
ede40012
eb05fdf1
f70519e6
ac0bf439
ddfafed0
e7059aef
d26cfc1c
1f7f2222
12e9fcf5
f21a0103
04041637
16ed0205
0505020c
fafcf412
0a1d0a04
0cfc0000
050800e7
11e000e4
0bfd2209
1efcff04
02ff0409
dbfd1efa
e8d4f308
079d07f4
fb0c00f9
f93300f1
fbe83200
28050418
05fc0de1
e4fb07fd
fae102ca
15210911
1d0501cf
0e1202f4
1fffe909
1a12031c
01f2ffed
2cfaf902
181e12cb
08c6f8ed
0ffb0116
0c20fff5
00101bf1
01100110
ff0308ea
f9ff00ff
fefe0029
d0ed07fb
06fdff27
f714fff9
ee313100
f0ee001d
0109ef12
4706e8fe
ff02080d
f3e40e01
0afb0010
16100010
fff3f70b
09e7ff10
00feecea
0e02f90d
fce3f612
f402f009
08fe010d
f81600fb
0d10fb0f
18d70300
0b1712dc
e2ffff0a
2b240bed
06daee13
e6ff032c
d8f7ff06
fb1c021d
dab4ff02
fdfe0307
9c001001
eedaea07
332a0cfa
00fe00f6
19ff00fc
f9f8f815
fa25fef4
fdfdfd12
f0fde8ed
fcd3fbeb
f0ea08f4
fc00fef3
26e800e1
f1f2ff0e
07d2fe18
03e91e11
e8f94ff0
ff01f525
ee0d03dc
0f10fff3
dde7fd10
e6fe151a
ef05010e
0009fc15
d00301f9
f8e10ceb
f41403ec
e604ffe2
fffa0106
f401e9fa
eef3fe0f
051308f3
15fdcb37
f5f6f7eb
ff2601fa
ea10ff13
0c08ff08
e400fc1f
e619000c
03f90717
dbfa0f02
03fe0606
f1fefc02
fcfe020d
e70e000a
06fefd05
f9eefc0a
01fd0003
f200e6f5
f9061d1c
e9b502e3
f5fdfdf5
2a11ff18
eedefaed
f00f7f04
f11a1602
fa1fe2f9
03f0d412
06fd05f9
f1f6ff0e
0e0a0b06
17c4fef0
051604fa
0200edf9
04051b07
fee1fdd9
01e6ed0a
f6f1012d
f7f1fffa
0d0f00f5
090401ff
01f4f60b
eb04fff5
fd0dfe24
182c0901
180d0205
eef300e4
06f6ff0e
091501f4
fe0a07fe
fd03f1f6
fe071534
fcf2f4f0
050efe10
17f6ffdc
110c1be1
190dffdb
fdff111b
d9f2f0f5
0dd8edef
0323eff5
f91301df
efe70013
ef16f00a
f61202f9
fde90a09
e1f91c11
0a19fff9
f4fff8fd
12f40024
0bfb000f
0b0ffb06
17020207
0402fa00
10071604
02ea0941
0eca0302
080901fe
f6e8ff0b
0e1df000
eff7fc17
fceefae6
fff7c9f9
15a0f8dc
e755edf9
f207ff25
ef04ff0c
f0ebf417
011c02f7
01050008
1b06e906
0ffe19fc
f4210111
1b00011b
e00f0006
fd1f06e9
f104000d
0110fb02
2b03d903
00310003
ed28fcf8
fe000108
14cefff6
040e0eed
0bd1fedb
fff3f6fe
490703fc
ebdcebf8
02d10d01
ee05ffde
e40c0021
e8e41311
faec0fc9
1c15bfdb
4421f6cf
6446baff
25fd21f0
242405e4
c30100cb
d66b0644
fdfbff07
04f61403
0ff40516
f5d7eafa
102c01f8
f90fff04
f81effde
eff9e10b
27defefa
040cf709
fc030ef8
fc10f13c
ee36f704
e80502e6
0b07ffe9
00fceb22
bbadf204
ef0fda0b
eef6a4f8
c80fd339
17b819eb
08fafb05
2d3bfe28
fea806e6
fe34fff1
03fa0a15
09f8d415
03d9ffd1
2d0c0913
06010200
0c0a00ed
f2170906
10f10403
08f615fc
05f94519
f6e6fb4a
011cf3f9
0f030104
23cd02ec
032ffaf7
eaf8ff26
02ee0f10
eaf801f0
02def9c6
f9eb0afd
fbf2ff19
f1f2ff01
00f8f103
e500ffd9
01f60d1e
e6f2d314
0007de7f
f9fefb12
f60b00fb
ff18ff11
f0fc1616
ef23fed4
0101fde6
11ffffe2
f2effc37
f62e0803
08ff01dd
03e5fd13
19f0e907
