ff11e70f
ebf9472c
fcfbd5c9
d2cbf107
e9d20df6
fc04f70b
fb37f3f4
20e406fe
e0ec16e1
d70fedf5
c603e3f7
040314f3
33f4fffe
0518ede8
db10f8e6
edf10003
d7dff2d6
d606f6e6
1c0543c6
c3c3eded
abe31417
e44c0f0a
f802fd03
def8f4ff
f8e50101
22dc4c17
2c08f259
e5bf3be8
1c12fde7
22fafee9
0f32f141
e02c2dfa
34111c0a
bce77905
5203fbd1
dd10e2c6
f6fcc1f3
ddcfe4db
0a0ff9c5
f84711fd
17f30f05
2e140be8
30fe0f03
fddaedd9
d002a8f1
07fe170d
0df313ea
27ffe907
0bf3e004
f9f0f5f1
f7090932
122d0b11
0bf4c02a
e5f928ea
2bd013b7
11030003
0df1edef
13df3d0c
e3f71a1f
081e1e34
03150ee9
d3d0350d
31faf401
ed180a04
e70cff23
135bf11d
ec052225
26cdf3f6
28ef3e38
2705d10e
f1ecf8fd
db132905
effc0605
08cbf90e
1b021b01
1ef0e90e
0be80721
faf2120a
09ddf6fb
fefa07fc
e61af612
1a18ea12
ddfceb0a
031322c3
1205db0c
02f2fce0
0eebf30a
eecbe6fc
ee32d31d
34f9bfcd
01fc1523
1c39d3e2
331b8136
fc05e31d
ede30806
0d240ef2
170b00ef
e82321f2
22fce913
05091bfb
071bf6fb
08fc10f6
15ffe9eb
17ec12fa
29d7e80e
0101f803
d902e3fa
342cda16
e0f82f01
d2f5ed1d
0400e410
1013cdff
decdf4cc
ffe1e8b0
c8f7fb1f
04e01f2e
04001ce4
15f10722
fdf5f3ec
d3182a02
377d24f8
43050685
ed080910
4bef0b07
27240af3
02d0e81b
dce903e0
0741ed0c
132c00e1
e1f7d902
2207e7dd
dad2fff3
c9170327
1edaf400
cfe1010d
1b01000a
ee3ff7f2
c24bcddf
11110604
dddb58df
ed17dc32
07e038ce
090bf6d8
1ef60cfa
e2dde4e7
01f1faf5
010bee25
02eb04a6
1cd8cbbe
f7f616e8
0c12de01
07fffdff
d732f4f5
1928f52d
e2f91806
032a42fc
1dfecfd3
fcbceffd
eb02fb25
f8d01606
fe140202
f1370830
fc0cbbde
ec511118
37ee31eb
f626f332
12000c03
fd102b02
120629e7
d95ecf0c
ebf60b1e
deb9e017
effa32fc
0bf10afa
ecc7ed02
fd1be2f7
112af8f9
0e0215cf
0308dd15
f8efde14
fd20f2f4
142af10c
05ed1524
fe13f8f9
1cf8f529
ca00e8e0
0efc0eee
f92dc5ce
fe0818cb
0a0b0b08
d9e3f110
f30308f0
d0dbfb06
eedfbbf8
0bfe21ce
3d16ff0e
f6082ff2
ff1dd7f6
eae2ede8
f9f40fff
f715e0e5
e5bfa359
f7f504c5
f907d12e
05e5f6fa
1ac201f9
c9e4eb36
02fafdf5
eccfe63f
090dc5e3
0503d4ec
c1f7e349
f619c307
0af5f3ec
0eff06d3
21d4ea03
171cff3b
211a32f6
100301d5
22abf9d6
1e162e0b
ede2e400
c3390117
e5e7f802
13cd2600
07dfed49
ff0133e6
ce18fc28
ffe6dd03
1726fc25
131b0b03
f1bc0af9
062b0bb7
1cf1f0cd
13f9f8fc
d900f3da
ecf127f8
15e70df8
d101f0db
02cb16fc
161fdc1f
00ff012a
f906f0c5
fc2d1728
e1f232f9
181842ff
ede3ff29
ed4a2a01
d11fd12b
000d000f
95fddefe
16b7dd0f
00f80906
ff12380c
20170402
150bd8fc
f81bf9ce
ea1d07c9
14fe081e
2b062554
2726e914
1bf21735
3108e4cf
121afefd
2033f3ce
09200aae
0afbdd0a
57f4f7c8
ed16cbe2
ff11b531
1c10e12a
feff12fd
f0b6eb2b
38ff0d05
2e07fce6
b7f928e0
1bfcff08
1402fff7
1a0afe08
d4e82fff
0e07251a
12fd54c7
1dfc2ed4
01fa16f9
2b334315
10f031df
1df8fb0e
fe0f1efb
d3eb1ef0
ffb0dcdc
13001d04
062610b6
ef00620a
f9f1f3da
1b11f508
09130dfe
17f00f0e
fefe20dd
e1ff18a6
4bccf823
0502f82b
d2d8eb06
e804101e
d92be504
17b1f726
1a40c24e
fa0127e2
4348ff15
090befe6
d0180c13
031d1719
fcfacbfc
24ca055d
d4f9e522
32011fd6
b30212b9
351aced5
26151d11
fcfb0cec
fb021bf8
091d1af3
ea28f7ec
fc032f02
fadb1f22
1af8010e
d501f2f8
27f3fcd8
ecd60203
d232e9fa
babaf919
fc0bf6a4
17dc04eb
ebf0031b
f41e2227
e6f4fa1d
db3a4100
f71e06f8
f5fafb02
f6ff081f
ddf80cd1
fff4fe1f
20eff6ff
fdea02fe
0d0110fd
1105301d
1ed6d2fd
e3feebdb
0ff60036
25ff19ff
e2f81906
dae4042f
41f01801
bcb7d0d3
072e1956
e9fd1a13
f13fec05
f709fbfe
1e17070e
0f2304c8
0ade20fd
2ff2fbb7
1adcaf01
ce02ecd6
1bf30209
f7fbed18
09e903ee
1404f712
dcfff4f9
ff0713fc
0dea2ae0
fcf71904
c61d00ed
f00a28ea
0cf706ec
ff3ffd0d
1800fc05
ec3308c1
d62952f5
00091733
081ddb03
0719e7f9
e214f2fa
ea0ef727
07fbfb04
f125272a
d1d5ea3d
e902462f
f806ea13
09eff8ea
fc203e12
141605f7
dd2017ff
42f6fcff
dcd94628
1f01f8f7
4212f024
0ce2f8cb
1807e7eb
db1bff49
d8ca0400
e5fef4da
e7fb0aef
2a03261e
6ffeeb30
0ef9ef1b
f00be2d4
e12116ce
dc0609fd
400d131f
e923aed4
c20e090d
f5cafc09
0cfcdb30
ec1fffe5
c4e2eaf7
0edc0c00
e4f724be
21026506
00fbf324
110fe726
fc11efe0
3cf73ba5
ee050817
f5161805
0ced00f5
03ede5d7
3404f5b7
0838e31f
f6eb02ef
e4cf4b07
cb37fe0a
f7f220f8
3632ff13
f223e635
f104d805
05e1dee0
f8094119
12ed06ea
051e050b
e1f30501
f928f7eb
25de5174
12fbfad8
30e7e4b2
f2f7b20a
0effbb14
c42ef1dd
f5e5e500
eb01dd46
c13bd00e
03f929ef
0a17e0cc
e6f62503
d305a2ec
ef210411
18bccc02
dde6c918
f7f8d5e6
0d0c25cf
05da10fd
0b012030
c7ce2eef
15e112b1
d60cebff
d21af80d
09e7340d
1f010f1d
26d1f0e6
f4e6eb05
0dfaf710
ce0ef3fe
30c537f4
f9250f0d
f2f1dc01
1d00f1f1
caf60d12
fbf7f502
f223ebeb
eb00eadc
d31f09ff
e37022ca
09ec50f6
4cfcf520
c43bd72d
b702f902
04dac720
18fef217
220f0dfa
f9de0bfa
3f06dfda
d6fce8fd
f0bef2fa
e2e1f1f5
0f3721de
0820ef20
e5f8e3fd
0ef2df09
0e010028
1afcde07
2010efab
d1fafce9
e912df29
1beae743
f6d9b200
1792f2f9
29d511e7
ee0d04ee
c3f2edca
f319fbf9
1007dc07
dbf910f1
f8fd1000
e74a1bfc
b9dde22c
0c071f37
d510e50a
29f02905
1f13ca13
1601f5e6
30d910fb
1910fa34
061ff3e0
0d05f801
370b0ced
e332a1d2
fc0af5fb
2d091415
0b11fdfc
fcd6efd9
12e3f0ff
ce00d5cf
1acb1fc5
f8f5ef04
f9f1b703
d1fd0402
03cb12ff
0812fc11
47a0cc1b
3605e6e1
0acb1c22
dde8ccd9
0ff83e05
1df90edc
fafbe505
e2ce08f8
16250c20
9b0012e5
09e6dbd7
01de1512
f70cfdf7
dd03fcd9
491015fd
654be539
44f2f909
0307edc9
429ef824
ea1bf10e
ea08c425
fc1df31c
e21af101
fb040815
b5fed416
f0000eb7
c1f52c21
f604fc10
e1cdd116
3601f31d
dfdbf0fb
e2daddd1
2ed9c5dd
c60e8163
04e41a14
06ccba18
35f3f51d
e1fa0004
f6e01f00
cbdbfef2
ef05e0e1
4e0bd0eb
08bb7df8
e20fc9e2
fafc310c
44100c18
d9031401
c8ddbd28
8b1e4ac3
4dfb3a2d
d018b5ed
10fd00fb
253700de
fbcff91f
f8ec08b6
f2c8ff25
1e1bf307
ce01b915
12fefa27
02f5240a
e72e0007
051ee715
12e3eff7
20f6ca01
f3380cab
effeecd6
fff10dc7
f903bbfa
0ef80d29
baeb1303
fc513601
18ec410f
f6d50e21
cf01e3fe
ee412cf2
2a054dde
080ffadb
b8d50dd8
1f031203
f9f50601
f21cf6ff
0602fcfd
f102daf5
00fdf703
fff7fef5
0a0704f7
f2fffd09
d7d0e2bb
c7d2b1dc
ed0016f9
1123f430
2ad8110b
01f7f7fd
03221abc
fe3ce907
07390b04
f31f3f49
06fef2fe
e8e213f3
14fecee2
37f74efb
f4d1fef6
eb1ff503
051d152b
d3d7f816
10fbfbb0
03fb0308
e803ff02
0813d01c
254d2036
15f81afa
b908fa0c
8119d718
220fecfb
eae80cf9
edfe09dc
c712f519
cadef1fd
f6031f05
54c113ea
55035e0c
3e080323
13561af8
f110d9f6
8ffad7fe
43dd10de
141f310f
b5cdd4e7
54f9f704
d60a10f8
c1efff60
ebc1f52e
b4185b2d
e62bfc17
caf53526
1a151df4
eb4901dc
19f5ee0c
ffdb1614
4f041be7
eac2e31c
100915f7
201e3301
01eef5e8
0f02fd1f
0c1d0803
fafb30f3
070701f9
cdf61807
f209fc16
f204007f
0715f8da
1ceac3fb
df00cdfa
bf3518b4
b8e2fdf1
f520d122
063318e3
1ef7b9fa
15f92807
2017a6da
2e14f2c1
a3faf7b0
fdfd120f
0e182b02
01f7e519
f07f1a06
21e5fd4a
34fa2808
0b06e107
f90e28d1
f203d61b
10a6fc07
ece5fee2
1d17fef8
3bf2f6c7
fa044eca
130f0bfa
0dd117f4
db1422ea
163a53e8
2a0ffcc6
1bdc0606
e01a260a
3be53f34
2803e295
47d5e4e9
e0042a00
d5df140e
1cf1e7fc
d3d00805
8120ba41
ee06102d
c206ef2a
ddd8261b
35ee5fee
b532c8eb
46811fa3
ed1dee09
00301cca
24eb10f8
15fceeff
1625d206
fdfcd510
fff4180f
0df803d8
f806d7fb
14a92f1b
ef2bf128
e00415fb
f5eacde3
2a2f40b8
e503091b
fee7040d
2cf00101
1ad40e2a
10e704ee
cf03ef34
0013f8bc
f308d202
f91e080b
dc0102d7
11ef05fc
fd38dd89
d51482ad
f4243708
1018de12
9a02af38
d0f4f481
cb51faec
d8ac2507
f704ca06
12b4c9fe
50f2d7b0
d320efc9
efe8e1eb
3cf34bf3
152407cc
f9ddeffe
1523ef3e
07ee0dd0
e7050f2d
403fe7f1
25f7f5eb
16dcf2db
15e1f91d
0de2cbfb
0528447f
23c2f0db
b8d613d4
f233d74f
d0d60111
7ffc1311
2d2dde12
1bf1299d
d9ce7fea
341e2038
0b0809ed
fdf9f402
ee0c51cb
10d717fb
1709110d
fadf01f9
c2071cf1
11dfd2b9
f10126ea
393eeafe
e402f0e4
ddfd333b
cbef05f1
f8331aff
fa07080e
feebece8
26fc010f
ff2007fd
eeef05e9
fbf2f816
2afffdea
ece10604
e916dffe
ee49c71a
35f7fb3e
f32903dd
2207c4f3
300ad71f
3004fde4
070e04ff
fe08ff04
f110fbfb
0f0c0b0c
fb190bfd
f9fbfef9
0107110d
f9050115
02ef022b
e4c1dc01
1021deeb
eaf31ef0
001af345
32ffde10
e0f305ea
e8e60915
1526ccfa
e305d422
28f508dc
1ef91b38
15ed13fd
fe22dfd9
ef13ecec
0bf8f402
1009fcf9
b693110e
0c18e9a3
1ffd0004
2815ebfc
fadfdcd2
390815f6
66000725
3b1619f2
da24072b
13170105
5a0513fe
1930fb1a
f300f20e
f8092810
faef1505
dc2a11f6
0381d709
b7033763
e1090e3a
ffa727d1
031beded
8210eee5
fa09d562
db292770
af3efc13
0d2ec5e8
1a0d26d9
e9411929
15132f17
eed9dcff
14d6fbff
18d2f200
e9d3fc0f
c9172fe7
3d00f3dd
28fa08f3
0829fdf2
08001400
eb191211
0424dcff
0de2e722
fe13ebe1
eaff0d0b
f1071fe9
f60af6e8
0df112e0
d2130117
03fd03fd
0bef31b3
c6de5e47
e5064c78
dc47f881
10f205bf
08fcbe2b
0cae0c51
30dbe0f6
d6d41b0b
312b213f
de061017
e2d91a37
f5eb0007
f560ecdc
e200fafe
02e026fb
effc09ff
f807edfc
07e0fc10
f603bbff
f4fe03f7
f9fefbf9
fdfe07f3
c601ff20
e7bee3ef
f629e8ed
160e190f
0bab0a30
d2e10d2e
230b1e1d
fcf7fca7
03fd0dfe
0d253713
1e113f28
3efc18cf
081622c8
110711ec
e803e535
f4f8ff33
ec120dfc
1612dacc
f63edffa
f702f5d4
1413dff9
f1f1c711
dfd8c00b
fce7f111
06fe0dfe
01222405
0bbb0cfd
ce072ffe
12c920ed
f20d4805
caf3fdf8
0205f8ee
0201ec01
f0ec1006
e514ecca
f11506d8
f2100257
0b022b3e
c2e4fe04
e70ee316
eb192200
f3493396
9fd0de28
fd02f3f9
fb1dd638
fc07471e
14d73106
1ef7f6f1
1ae0d3fd
dcfd13f0
261a0518
f0fe1c14
09fafdcf
24ce37fb
f312f508
fe0df00c
fb0c0ff9
e9eb3511
f81e0016
c3013821
32e0b222
0507d4fd
e4030e15
26330201
012cfafe
f7edd8ce
fe302fdf
a8fa0521
2ec62ad3
f4cc2542
fd0d1726
fd18eae0
ecea2f06
1525e0f2
f3c10bf4
24fb13e7
24dbfc42
16dae91e
ff2e2ae7
d70115e0
002e0605
f5070af2
ef0b23bd
2d02f6f5
e5eb3f08
00f2f9c4
e011efee
db0202cb
0d04f7fe
f20b0b1a
15e827f5
14041e3f
35f7dafb
ec1b3a15
e70103f8
de000233
edf704fc
f804e5fe
1104153b
19090be3
0903feb7
ffc5ebd3
feed0233
f71d06c6
daf63502
c0e9d6bc
f7c74308
db032ad3
b4380bc1
d0371f38
251ce413
260df69f
14eef0fd
d3ff1800
fe21f3dc
a4fb18ff
3b16020b
3132f11b
e0160c10
e303fadc
fafcfffd
22780b4c
e4eccbe9
4bfdf079
7b50f741
000a056a
f61d0a1b
42ec2159
e34c09fd
0822e7df
0010f5f8
0809f8dd
1c2f1804
43e03f1f
0d25f403
001ee527
14f703f8
ec05050e
26f1df04
d10405fa
1ceeee01
f60fe1e5
1f07e224
39ff0cf7
180203fb
04f00d0a
0725f8f0
0009eb1d
1e15042a
25f1d934
e625f1f7
fe0f06e0
f8eadf02
18f3c6f0
f4f500ef
090420d5
2612c124
e4fc080d
d60add0d
f3f8fc3c
f2f70a01
e9f6fe10
d318f813
cdfb2851
2d08ccfa
f8ffebf4
e516fefe
25f2ffef
0d32dffc
0df70905
cb0c15fc
130316dd
f5cc3b0c
e7f320f4
3c0c29df
21f4f8dd
10fb0901
1308d422
1a0defcd
dc08f6f3
024026ce
14d100fe
fc01a8e5
101cfad2
f7f2fbfa
bb64fbcc
43ddc3ac
f4ffac33
f22bca2b
f0f84110
dc04241c
c701e134
11d00af4
14f41310
38f12a0a
13fdd207
02071116
cbe909e5
ed0cea0d
fd15e5f0
e9fc0aff
0942e506
13f3e82d
7ff80ed5
ed3c00d2
fcfb05c2
fdf3f1fe
f7fe0e11
2ff3cb01
ea0ef2e7
d80df1f0
11f70e9b
2129af9a
e20ef700
dafb42d5
1236faea
04d90bfc
340cf913
3211c7f9
f1fafe0f
080e0204
ee09c719
f2f30f3c
d21bfbff
dfe612ff
1449f72d
021616f9
f5ff20fb
16290c07
0e0aecde
01ead3f8
3017fefc
0d02ea05
c9050de0
2152f959
6910f4bf
eb3f1e58
f9f10ae3
f2e2c8f9
e406f628
f40cf501
2d0a0f12
e11cdc08
faf718ea
dd4cf6ee
dc040cfa
e143d906
2b112009
22fe17f3
08cd1be6
052d1728
a50218fc
391ae4df
03e01906
1e0a47ce
020ee8e0
2bb508fb
07f7110a
20213924
e0ff17ed
0d1bff32
edfdfdf3
42f1431a
e8fd14d5
002619f5
cbef0a38
0dd9250b
f70ef8eb
0637cde6
fb02ff30
fe14e112
4bdcf5f2
f3ed1401
d23efa03
061a0fd5
21fbd3fb
eefd37d0
eaf1d414
17ea23ea
0df8fee7
f4eced02
d5e0da29
fdf737d7
f60117c7
08e10e18
17faf01f
0cfe2e0b
eae1fab8
1df0fcf9
16bd1bf6
d7c7cd1c
03fc1112
0dfaf939
e904b41d
d2fff313
1a0412fe
f3f6da00
efc8e6f1
0fbd1ec5
1d06d0e8
04050dce
13fbc424
030d06bd
00f3ffac
efede4fe
ef250941
16dfff36
1708e53b
190be017
fcecf714
d7f3d809
2104fa0c
efe90601
f4e7e508
29fae6f7
e80503f9
d0e6dd30
d4fd1935
f63e09c1
e91ff20e
f0fffd00
df493026
03fb3f31
150bf1e0
0c71e5bd
32f1cd07
17191710
d8f8f2ca
ff0f0301
250031c7
ede40e4d
39fe222f
ee01ee28
241438fa
f5fd320c
2b1bfa2c
01eacdff
f7e83efd
2e2b1f25
05f90eed
051ef4ea
fdf9f1de
07ddb0ea
3207e527
fecc12f9
d6a31810
fb52fbff
f2fb03f0
ebcbede2
f33ff3e0
170ce914
213df923
1dc81cfe
174811c5
fb19dbe7
edfe0afd
010ed1fd
ef0cdaf6
17040808
eb1610eb
2c460400
c40d0136
1aebf41a
e3fbe642
34fee703
e3f2f30b
37e91431
131d0514
e10b2000
e8e4e80a
39b0ddc1
ec0509f3
37d7f10f
fe05cf20
131f490d
e40f0717
f308e8fe
043a2bf5
bef918e2
100bbde8
dbf90803
3b0924eb
fc29dfb5
f42be912
fcd3fa05
31fefd26
07ec4b15
be0507f3
05121ec8
fafa011a
eb0ee8eb
05ee1023
0d010902
1204051a
26f30201
14f91b2f
f008e914
1012201a
f6fc0dff
0c2d0229
fa22e9f3
e7fdd8ea
a9e70ef2
26f8e7e7
02efd9ea
0624d8e9
edf2c51f
4c11f60f
0d1d2afe
294122fa
fc1d97ef
c7fee40f
0435e5fd
e3fa1005
0200eecf
0af9f902
07e6cdf8
09ff00ce
15f212dc
1bfdc0fb
b340ed23
011811e7
09ddffff
0c001feb
002dedff
db24fc36
fcfdc122
2700402b
0ca91ead
0a2cfde4
e2d909f1
da3b0f05
e50f0b00
cd36e015
25e7dd07
4203c80e
e5292d0e
eb06fef0
11dadee4
e5ddeb04
f0040c00
cef2feff
f4eed908
1afe13cc
f3100409
e5e108f6
25feed13
fc28fe1a
171306f8
d9e9eef3
f1f3eb13
0000f013
d3ac3f2d
bcf7e53b
d424cf13
b7d102c6
ef1f1001
1c63f8f6
22dcfe98
841019fc
48a62edd
d61924e5
2cc35b49
da231745
0fe6ee15
2e5d2d05
01f1161e
dbfdeac5
d90709bd
fcf92bf7
29f6fc07
eafc03f1
1f2feefc
0a0b11ea
f133050d
b7072330
1af0df1e
edefee16
ebe9cf22
19fe001f
021bf7fb
23ee42d9
2a15fb4a
d405f1f2
d31f08ee
f9edd7ee
10f63cf1
04eb1605
fb1ae003
fe20c6f0
e405e737
2707062d
5170dc1a
17fe41e8
06cffff6
313d0fd5
12f5edfc
d4111905
58290de8
04fef00e
f2e5eefa
faf80bec
1de4e0f7
2f29f53e
da16cffe
041c182f
efd8de27
e8ff1b38
fd11f421
fcf35516
ee1c0501
d505f9eb
1a1bf5fd
e0f6cecb
e01018fb
d2022afa
28c5ff45
fb121021
041f11e2
ea0ce021
f3d117fd
0f13f7eb
f9b0c0ed
d304ed3d
c2f61821
130ca50e
10ef2f06
150f05d3
e7300102
312a01cf
effef0f0
f5fef917
c94ca60c
27dd3ef5
1aff16ec
f3ce15f3
6d0e0af5
15bffa19
1aee2352
faff03ea
d7f4f70a
0efcfdcc
10082c0f
2de20a0e
0bfaf3f8
ffff33f1
16fdf0ff
de02dbe6
d21d2f46
fd0c3406
cf0fdb31
19fffe19
00e710f8
134af43b
d1e00edd
1302d2d0
0612dbeb
1beeea12
0be849b5
00f0f3dd
fbfd07fa
e7f7d8ed
2109c6fb
50f716cd
011c0b13
f1192312
05f3f8db
1d41fbfd
ef13fb00
06c608ed
f2f4f22c
2aff0041
0b24156c
ea1b42ff
d0c8fef0
e4ff0524
e60fe400
12e8404c
ebfff7f3
f6000111
35fc0146
3e05e018
1eef3d0e
cf0b17e4
e7de0eff
07f90810
0b191928
0f040622
1cf2f9f8
09002dfe
10fc1715
e1f300f9
ecda1802
02c41f1a
d00b3a1b
d0fa1d03
030d33e0
de0edbd1
10e8ff27
f4f30200
0f2c04fb
1de1362a
1cefee09
0b00c21b
1c3bf605
07f4e5eb
0eeef62b
f7de0c26
f9130e03
12eff0e0
e80bd1cf
620ce4cb
3739e618
22f8fa7f
20c4f90d
4afcb942
1dfbc108
242bfe19
0c2d0f58
a8fb05f6
f6e1c930
d7ed0df4
dd0e2815
fa03f735
10dce900
f83b3c08
e9ef0dda
e0fdd5f2
e0171a14
0422e5f7
f91443cb
f008fef0
08e62304
5648cdf0
e1c0d9b9
0d02e7c4
e6f1283f
de7fcf61
073227ff
b2151629
edc2eefe
f4121fe2
d1000003
0aff0ff2
0f182106
0809f7e6
df0d09fb
02f219c4
25080208
dee42afc
16d5ab56
b9f5fb1a
ef1cf8d2
3f1a0710
e3f4d4ef
edfdf22c
f0c9e4fb
ee3ff6e0
d0bdcb3c
ff083ee4
e61edd11
261a172a
e81ff52e
3b22eedc
0b16e2ff
fcf816d5
ddec11fe
d5f4e912
0435120a
18efd7f2
26e536e8
f5fdfd0c
fb0ef2fc
49e90fc4
0bf70fe4
fe04052a
dd0c0231
0ed721d6
cbe5c1e9
29e80904
152fe500
dbe41815
4225def7
fe011e2e
0ce60536
da09bf01
1805f2f6
d73bf6cb
f32ce201
1905f130
d3363be5
0ef8f906
08f2201b
ccf8fae3
1c0e62e0
f8de07c2
321f13ff
040b2afd
1917cdb4
09fc1432
cb4240dc
1108d5ea
4a0ccf0d
2a1af7e9
ed08fafd
01e10b1f
270418ca
b302f7f6
1534dbae
1910c114
f41713ed
43350f0d
fdebfbf5
0bd4c91a
0f10ccf7
dd060d97
08ffecd3
100717f6
2811fbef
f50bfd2e
1229d9fc
d60920fa
f6131f12
19fc0964
e224cc05
f1144404
0af3b707
0def0710
00fbfcfd
05250cf8
0409c707
1e012704
e421d7fb
f10ff8fd
2ffde40a
dc260614
1919eaef
e7f8f822
f6e31a1f
02ff1d2a
ec25ed38
0338f102
1e22f2ea
10f605f4
e2eef5fa
19dc0dd1
102bef5c
ecfe2337
e119e021
1afc42ee
210bf0ea
20e40836
fd0ef9ff
1904dc04
f004fb01
03050bf1
11082ef7
fa070f15
eeed09f7
f405e912
7f030aed
1926fff6
efb6263f
20fc1c0a
ffd00717
2cfbe610
17c7d127
0619ea32
e7c62bff
1bfb101c
283fffeb
b50c04d9
a21edab0
0e0decf6
1607f115
cade1322
0ef1e1ff
d33cea20
0e4c0c25
d104e732
16eef80d
f5023eed
0f2d45d8
fadefe10
f50cd001
faf10416
4501f2d2
1efe39ff
2ceb1e09
110cfc41
e3fce53c
e3f504d6
c81a1206
2468f4bb
ea041ae3
ecff82db
1e46dd1a
b5ee4cff
ceea1dfd
0ebaf311
fa0d24fd
e629e60b
fd1cbc07
3efafcc6
c2fcfdda
1c0df221
df00bf0e
dd161805
fe03d5fd
0c32c7e6
d304f2a8
ba06df49
1fac1d29
2411ae21
ffdd0d33
f7ea0c14
d704ec00
03d92ce3
daac51d4
10f9aa16
e3f521bd
e5e109d7
f5093137
c318f711
12e60efa
29e60e0c
09d9bb05
18f9eb15
08e1f0ea
eac40ded
05f0e508
e615f7e6
0a090900
de381cf1
1a20e95d
ee0325f7
b8e6fb12
071b0ff8
e9c51df7
1804020a
01f1f4fe
1daa01f7
f50230ca
e305f4e7
0afde3fb
12fa0d0e
1c0406e9
f3f0fe03
f91811fc
031a1cf8
f100ebbb
42fa15fd
b7f40b2e
cefb0322
2003dfd5
e202f3d3
12f507f7
fe52292b
20254209
190837f1
10c30f2d
b62448fa
eef523e6
cfe703ce
1d0c0afe
01edd1f2
f4ec23d9
32ff24f4
c5cfc227
ed02260e
2ce2c7e9
2d141115
f6190dfe
11e81b17
37e419e7
dd010602
cd97cebc
e2da44e6
e7e223e9
07060140
fe07f804
3c1efed0
1cc9edc3
aff9d7e7
df0efd30
f7f34efd
ebf82922
18e0081f
f2f2ccfa
ee07fff0
422808fb
f606ef15
d8f9ef11
dafc1113
e62c4606
06f32a04
020ffb02
0ae9df10
f5eb2c0c
fd06e426
e2fe02f8
10cfc5e1
17d429f3
02c303ff
f3fdecfe
fcf62232
ef0702ed
ef06edf1
e3f8e84a
f5fdb8c3
02ebd732
142b230d
2be0fafd
f1f525f6
f3ecdff5
e7001a0d
dcfc0707
f3053beb
fc04dff7
ee0e05f9
020e13fe
3cc22df0
5c02d460
c103d235
00f7f8dc
e1f5eb38
e6e9372c
c9e47f1a
0702feff
f2c1e4d8
333b4de0
1ef9c8e4
01efe609
d6fe97da
2311ff2c
edc9ddcd
f1f9ebfa
cecdf727
28c51bb6
1b011a10
0bf902ce
24de5f0f
0b2af400
c5100eca
08041dfa
1a56d6c8
e045251e
08f4e856
10d8f624
5127210b
04dbbaf6
d410ff18
0d2acafa
e93424ff
4ae0237f
27ff0224
094fd2de
f5e805d2
fcea093e
f52b05bc
1cfc3eff
0f1b00b2
4331f00b
2e0054d9
f619d358
e903082a
01230deb
0ee6e728
e7e51bfc
310133a9
f31f3cea
e601ec1e
0bf81215
ed0e0ace
cdc8d8c9
55fe1b10
f302fc00
02e1d6fb
68eab9df
e7eb44cb
1b9613dc
15b20c19
4f65a808
28cf1202
151d0916
fec5f733
ef0eba1f
14f7ffc2
f041e9ea
210a250a
1eece1fe
04b308fe
18d00406
edee4121
578176b2
c3e99dff
34e3fc7b
bf38f703
67e80005
02b5f88e
e5ed0ef3
040a05f0
d2d8f8c6
12060dfb
0114fd0f
e3f115da
05212907
f0dc0524
02edfd01
0406031f
e9f82619
c102c1fe
0bf1e5de
1505f1dd
fe111201
08ce0712
16fc0b0a
05191a01
3b231e12
dcffc704
20f3fff5
10f1f9d2
1225fbf1
31e5fde2
ec1e0f04
e60df9fd
dde9ca53
0706be10
f20e1ce8
c60732d6
0bd8ec04
e7181116
d4f0ef06
b7f8dc37
09d82931
4008ee0a
160109cc
f5f4391a
d0d8e6eb
1afc0b07
ee2ae000
fcd8c3f6
b61c3626
2f031a07
ef020ecd
fdf627f5
ef37ff1e
f5c6f803
0fbd07fa
101ab128
d4cef6e1
13051123
03bd13ed
1f03f026
121f19ba
14eb08d4
fa0602f8
05f41721
13f6231c
07f80424
d3fafef1
1239e0ce
11efe4f6
10f20e45
2b2bfe00
d4adf2f4
4ee6080f
550ef2ec
f0020608
640f2af4
0a04d80a
c8ff21a1
16210b00
07dfe7d7
0220cec1
2c04e7f4
fedaf82a
fdf6bf23
020b0df9
18d6fb0e
e70824fd
09f81bd2
eed842c9
0e07d1f4
380912f6
00f622ee
0719371c
e8dc08f1
11ea0407
059a113d
441d83fe
e50408d8
cee82cac
0520b622
fd07deef
03e90a0e
0606e0fe
16e5e2f9
01252442
c4fc2148
0dc0fd12
fe041ce7
04491102
3ff9f533
f5182ffb
1ff12207
fcd4c3f4
f3051ff4
380cf9e0
09ff1ede
eaf6030f
0fdb09e7
0322ee07
16a00bff
11e94c75
6c00cc49
fec2ec04
36da601d
1adddc16
391013a8
f313f30a
f8e9dc13
3e2e0a1e
00012b06
d3e5f227
2ce5ebe4
0ef1c0f1
1f28122a
0efd0103
f9e0b21f
e5300f46
eef6ffec
1c201f1a
120b1a23
1c090a11
13f51bc5
12fcf404
f8ebe3db
f16ae50b
40fa16d9
03e91312
f01dda1d
eee1d4d8
f4d70402
d8211400
0bbbfae8
5a2c9700
3bf41941
3135d62a
f1102f18
c7200823
293b00bc
f00118f6
ef293ddb
f1d20639
280be1d2
10f40b02
f0f826fb
bd10d4f0
0af1dd16
eff9fe00
12001dfe
f3ac31f8
fa0ee416
fffeecf5
e60a2227
ca012610
fee9e510
01e5ffff
3e1b1826
c1e138d7
22f8dc31
0c09f2c0
16111ef7
e000ec06
e4fa0708
dbecce0c
d9f407ed
c4c8f349
2a05f5e2
06e7e421
0bfc2d0a
02052516
e2f6ef1a
fccf1007
1a0df1bd
f7efea14
e40206ff
e6faf11a
f4190ae7
1f010fe7
dcff170f
15d0f0fd
19e507e0
25bcf3e3
e3fe20fc
002b2ae6
dd09f80c
d2f4d90d
fe0ffbfb
0419c900
c8e74118
e5fab31c
f7f9c23a
f91afef9
12ef2bfa
fcea061a
0d0a12da
fdd9010b
008d0621
ac320b9d
d3f12611
1f16ccfe
e1d0022e
4305bca8
f7f6fe19
f2f4cfc9
23e5d8de
19e50217
f0fef40e
fb1cdff8
13033b13
e8ee0b38
f91603fb
f0eae104
02060015
2b041908
3206e002
2623df92
361fddef
1a192834
1e3716c6
f2dafa05
f800050c
0a027f23
1e05f7c8
1feeeb3e
40fce317
210febf1
ec280f49
1a02f8ff
f5f5e9d7
06d7d112
fb033116
d904f015
eb24e205
25fde0fa
0ad11214
1109f606
16ed3937
4d17e8f3
d106e12c
0a13f51d
fdfb27f0
c6de08ff
7f3be51f
f1e62418
e7ba2c47
e90f2948
00020dec
2eddf131
dd0fdbcc
09eae403
f50b07fb
32ec08ff
fde90515
ef10f10a
00b9f107
f610f20b
f3fef2f2
fafa0403
000c00fa
fd090000
f5151109
2b201e4a
defad7e1
16e2e810
22ef2df3
1c03f9ed
d3f2f829
fc2f20fd
f6dcdde6
15f61029
e802f0f4
060b08c6
0febfd27
211ac7f2
1d370e56
dc0e06fe
13e20b11
2402dbe0
18fd17f4
05ec17f1
24dfe135
06262714
11e21908
f604dcfd
de05dae4
19eaf83f
42fed3f9
7fef1af9
fee8e4fa
1f24f602
113008eb
164820f8
f60fd311
c426ea29
f009140a
11a9f6e8
ffe902e4
0be417f8
ffd81fd8
1df71f00
f43d4bf6
58e92b22
5e0b638b
847e380b
7f1200bd
e38114c0
fafb12de
fb4e812b
cfe51cfb
d74c21da
9dfc29d4
e6d7f829
d5e4fd26
16f7dd00
f1fcef05
fc2bfbf6
02ef1a14
ff440325
3702c8da
f5ec08ed
07fefaf6
2bd5f8f4
0d370014
f8f3f4fb
f106cd0c
c8e3e6db
3502faec
05ee1c1a
0de9ef2d
fff7c912
e832fbf9
f209fefc
24c504fd
2b0a43ac
f506cfce
c4fbfc3a
22eca709
15ff01fb
dffd091e
0c0feefa
f414eed4
03102e04
c4021567
20dfec00
01f7e640
e8fe00da
cb0ff1ee
f8ea16fd
4402eb12
d5e7e516
d6f91c26
0ed8e8cb
18f6fce3
e4fbe302
16eff525
f9df0efd
1be6f3da
ee45b836
f5fd59d6
f7e0d444
c007d71a
0ceb0d1e
e2fbfee1
f8ff25f6
0926effc
e1d322fa
280403f7
f8ee2377
56eb0804
1e0c231e
e80310f5
122d0402
2b39d7fc
bfd9d8bd
f306e327
e4ec07f5
e6090ffb
fc00221e
eff40308
ee06f7fe
fa0827ec
e0411412
ed0630d6
f1212809
fd0a0807
d9022afa
00dc03f4
150b12fc
f911f6fe
f7fbff0a
fb0dfd05
09091b09
05fe05e9
0102fd09
040307f6
bf00fdd6
02f1c906
1ffbfbeb
fa0a0ab8
56160b1a
25f9fe18
d9220500
09bcfd40
d900f2f3
16a4dc20
121fb0f4
2c03c595
c7fe1e27
1e0ce428
1e21dffd
f6f61abc
f3f5ebfd
0f32f3f8
e5c9bef6
f20eedcb
0fc7d813
1316bfdc
20b4f1e8
a6e9f115
16f805fb
11efca3a
dbe1ef25
fdfc09f5
0808f207
19f13cc6
fa120e25
140f0241
0fedfdf6
261f2f09
3efc191f
faff12f3
4006ff00
dbff05db
dc22d01b
fb94fd1a
1cf60ffb
6a0396f1
e435eae2
fff6f8e8
fd3926dd
00bea12d
b4593403
f8ccd5ff
2524e307
0c24fef6
1614d0fe
fb06bae3
cee9e51c
4119e6d4
3330ec15
f52b102b
0cff18fd
c5fae30b
00cbb009
e4fa1100
1336151e
d5d7e637
0c090cc0
e205f7ed
f923eafc
1ec80b1d
1a141bdb
170202f2
1bf004b7
1eedcc1e
eef01f2a
1417ebda
db440cff
e4b82ef5
23e20fc5
14001f22
faf401b9
0614ecff
280706ef
0509e220
16cd2f01
e70eff08
1510f5c0
e904f41e
024f1503
14feca33
ece74edc
ec0bfd09
e7f50302
d6b3f903
d11dfcfc
57fbd80a
040fcd0a
eb00111d
16f6f6f2
13e2fb16
0619effc
05fae217
e1cc3ce2
28febd51
dfe05119
ff09f7e8
2407f6f7
da1d15f9
cf27fe00
1022c139
2f3c1cad
d40df304
1b09ceab
f814c601
36fbdbe2
00e5ebea
ed1d0c05
2fc6330e
04fa224b
0f040b2f
e75bd90a
2d1cd9cb
1c00d7f4
ed050217
0a0dfbf9
da24f4eb
01f9f213
eb0103fd
e8fa2bd6
ea0b1c2c
feffd133
0af5070a
f814f500
35080308
da692be3
d50509f6
1025f913
00210e0e
fe100aeb
f1d41a29
0fefd9fd
fab5f9c3
090c15c1
e6002002
3ec15002
0c1dbdd9
e2ec23f8
f6f60df5
08ffe400
2926fbe2
d30511ee
3b06c4e7
d2e723fe
cff4e7fb
fced37e7
fef70fd0
1415d9fc
16272203
fb0529d6
ec00141f
0410e5f7
180a38f3
d806efe6
0fe8fce3
25ddf100
03dd0e15
df1e1be7
99fd3881
2e68f3d6
2efd0a34
c3e23716
1c40f521
0dd700fb
1d230bda
cd1904c0
3ffce10e
edb423ce
e9d7e821
d5fb1bf7
2d1302f3
f8f437f9
e896f024
f6edb31e
03fc2b56
fcb82cf4
2cec0d37
11ec1bed
ecf5fdfa
0e27e5fd
f0142334
08badd17
be072e17
1af8ea16
df072bf3
05f92f00
0423f816
11e518fe
04c1cf01
e72166b7
c7ff24ce
e6ffead9
d21a0523
55243c0a
110df5d4
0bfd21f8
01d9051b
1d0bd638
5a0f17cd
2420de1f
01ff290e
ec232fde
10d6ee23
e0ae01ff
2504ecf0
e2e7e4f8
f7041af7
18dc21f1
fff1f523
1bf829d1
0bd51de6
1324eaff
e3c2fd4a
0db5c525
9efd2229
1913ef0e
e2f906f0
10002403
e2120507
0004e4fb
f1ecdf09
1b460cf0
d001fff3
fa1f0317
f9012504
c8fad159
faf6fd13
07e6e301
09372909
ac2c542c
090641f2
212c00be
16045926
f52743fb
f4e5efd0
f943eef8
1cf31807
35131913
eefd0d12
1e3bc9e8
f6fa37f0
190cf6e0
2ff50544
07000601
0ec1d3f6
f5e70ed5
faff063d
17e30416
14d82622
0c0dfee4
d434f4e5
e6b5fb00
e7f5e8f4
f5c3712b
ed05ef02
d3ddad32
0ef6321e
cd1def04
09180c01
0af2f4fe
feeec4e5
24310af2
ee082a11
06e9e470
0a054c3a
d8f710d4
2ed41431
f7541b04
282018e3
0a09fd23
1008131b
f0e8d4f4
090536df
e1d3ec01
02e7eb0f
11e8c4f9
ec3220dd
21f8f234
1607202e
431b4c15
d0205bf6
e22cc1d1
fce5031b
d0061303
2500ffe7
eaf1e428
0e0ad81c
1717302a
2304ece2
2703bd20
fbfa0d0b
d6320ffb
08d11a2f
0a213311
b503f72a
e2c511bf
fb1ef8ff
2a1c211b
0fe808f7
29281afa
ecebe214
fa37ede7
35fe02d7
ecf310d5
2023fcd1
0af50af5
ed03064b
0032fbff
fe072801
1de31120
d908a9e2
28bb2424
0f04d603
c024e6f7
fb071025
fd0ae707
2ad2d505
44f4da3c
f0fd102d
bff30cef
f10887fc
0e0110e4
0103fb27
f4c61cff
0961200e
2efae8e9
2800dbfc
1a08e1f7
3dd6214c
04ccd3bd
12fc1ae3
f2f1c3f7
09affcfd
33ee20f4
2609c10e
130c03f4
01f00c2f
24ed2431
f9f906f4
04faf3fc
f8754ff2
e58e0bfa
37fa0347
3a0aca22
f7f716e2
183f1f15
0c1b01f1
17fa1ff7
1ee7fb21
eadd1b0c
3a072a3d
0fab346c
e806d7dc
0b15ddf7
13fffbef
fdf2faff
342f3f17
dc45f800
10f52007
12e1f823
fd051db5
01eee825
fc31082e
05f610fa
e40535c7
0e09de20
1304ee09
cf27f332
07f70cf6
010cf710
c61309d8
0a06dc00
c8d9fdff
0deab2ea
f201e0e0
f0e5380b
f8e3e226
19e9ad45
d518f71e
f2e909fc
08d4ed15
0bf617fc
f604dfc7
1ef801f4
0afc1eeb
0cee21e7
eae4f5f2
08f9f204
3c20b3f9
211e5823
870933e9
06b5f917
eb06f7e8
3048b647
6441df81
0f0410fd
f121ecf6
a934101e
4c0106e7
f8ec1ba4
e9102feb
e4d3f83a
30fdf6f5
27da18ff
15cab913
d5edb832
18fb112c
01cd2035
ea12c60f
27fdc9f4
06e90513
e638f2fa
14fb5814
180819f7
da0b1f19
fa1afdcb
da1320e2
e5170ad5
efe00120
2b00d903
f5e80648
f1f6fcef
f7060e45
0ec6da06
1c2d2002
0a3f7f03
05220d20
04f10cf9
02f64010
f417e01c
eef6fef0
d3f2d0ea
06d7fdf8
12cd0400
fcd2ee1a
0f1600f8
0cccb90d
28d3ec06
1bfffa2a
43411300
1ffed3d6
fbe0152a
1aec074a
e3f906f9
2bf3fdf0
d4220725
6508fd27
eac834d7
c6f5feff
29f10ae8
041d0ed2
01ef1df9
09ff2611
dc294435
1202222a
390f0312
e1ff34aa
38fb06f3
f21dfa18
04cccefe
0803ebee
e9f506e5
4a07e3ee
bd28f509
cdfc2021
1918fb17
0900f7d0
14e61bff
bbeef6a9
8a1e0500
150ae0d9
c23939e7
ee08340f
1ff2e509
09fcf3d2
f005d2ff
faf1f5e2
fa06e9e4
02f8ede8
d536fc48
3604ca09
03fcfb07
fd0b19e8
1bdfe6fb
11023fae
1de00df9
f0fb05e2
d0fef349
2b002107
effdf412
10c4e642
03f2e7f7
cf26d4d8
d115f0e6
dc05e104
f51af211
d7e5ae36
cbedb018
e820fc0a
08eb25fe
0912bf35
10df261b
e2fd0bd7
07081e01
2d0fddeb
0ffd15af
fa151cee
ebf1ed01
06eeea0d
10ce0300
08011c04
002208f3
f2072f07
e8e2bdf2
fef00cf4
19dc0703
27d406f8
533232ba
06fbfad1
33f8f2cc
0e2ffa0d
1e1bbee5
1d1dfc0f
b601d6ff
122222d6
e9d618fe
cbfef215
00f1201f
1002fce3
0e2306e6
0038f4e3
13e00e05
2cfe292c
e1f7c9fa
bcfcd914
e8041e0d
f210c9f3
ec091118
0bd3f5be
20e40c01
2c1751e7
def432b6
c5ffb2ec
070715d8
eb0fc6cd
1834fc30
e71bfae3
e3291b04
06e1eed7
18203a8f
d6002a15
22ca20fd
e1f61bfa
d7f516ff
0e0c1030
fd121401
23f4f231
1e16a8f9
0bfedd23
f22002af
081ef0da
fdd1dc0e
f7db1219
23d5eaff
0216030b
e501ffff
ddffecf8
f3ee01fc
f0f2c8f4
f712f3e1
fe1cf003
f7e00f00
0e1dd52b
e6e927aa
c100fa97
0b52febf
4b21df07
1cedfad4
0aec09fd
e512f0fb
0510f1fb
0807fb19
f98105f6
fcf6e7fa
13041513
fa021502
fdf9f608
0102fd28
d826c6c3
ccefe902
040222fa
ec16fc1d
1d140535
ee28fd11
13f603fd
fb1fe9fe
0f4ff7ec
5503ebd9
0d08f6f9
0fc10b14
2ee95fdf
00fe18e8
dde0f311
e30cf900
01f7fcb4
04fbf3fc
060611cc
1ee81023
d7e83c0e
ec38f21b
f3ff1602
f305f801
eacaf829
4a0fedd1
e60214d5
304dcee8
df1d04fb
1aead915
fd040bfc
0428f004
e6f6370d
d126e707
1a080732
36f6d703
2d1a27de
ef00d630
fce5d3eb
fc0cda02
f10dd9f0
024815e1
fe03fff1
f540eff8
f1053c05
e8bbfded
55f0fa27
f2f60503
ed131400
d9fd1003
f406f6c9
ccb90aaf
edf11d23
fdf3fc38
0112f711
16061efa
34161ed7
e2f84618
ceff3032
0bfae2dd
1f1f29d8
df05aadb
e1b8d423
14ff02ff
c029e806
14c704fa
05fde911
ddca2223
e9062f27
1f140e0f
e11305fb
0a2df0fd
08160e23
1be0e036
f6fc0222
04fef2f8
fbf8e0ed
02da0ce8
de00041e
110aeef8
e7945c41
1fc94817
0300bd57
d4cf816b
31df6403
2834ab31
35d20130
0942d2f4
1410081d
d20bf7f7
1dfef9f4
deeff3b5
070c36cd
1b0efefb
2d220dd4
25f10cfe
dd1928f6
04091c12
ef0af204
d301142d
0201f50d
fcf6c516
fa0600e4
faed0402
069a1710
a82b2de2
be0f2e31
c1817529
faf1040a
4a4823fa
2c031ad8
2be46efa
313cf730
301a0805
2300e3ef
c10def03
120e2ae7
22e1fe02
13fbf909
f6edc7fe
ee211e0d
f701f4f6
ec03eece
fd2a20a4
13fd0007
15063518
10cdf6fa
f3e50702
e84ee0ea
07efe81b
0202e3f4
e7fb0908
cfef25da
fef6e9f9
1d07092b
fcde07ff
f2170dea
2d0fc825
e902db0a
e7d9101a
c51a13ed
f7e3d217
0cfbdd0f
df0bdb00
2c2afcf5
22280c31
ed080fe9
d9f5fa23
1cf3ccee
2fe3d722
edebf015
eef113fd
f1fe29f1
3acdd5f4
04d5e1f5
e1d70501
1c01fd2b
29f7f232
26ffece2
0226e2f2
12011be4
dd0e10f2
01e1fe22
0bf715fd
06000907
e91a0d19
0c0a040e
f7e2fbfc
16fd15ef
22090ffc
fffa0ff2
ca1408fc
1a03cc44
e4dbcf13
15131c3e
f716c842
c201bce3
1711c621
fb270413
40b2f001
f00324cd
c4cdfd15
021722f9
05d11232
e8fe0519
ebe1e4f9
0235d307
5ae7f602
17012ee7
edf1f6f9
f2fed5fb
f00c2823
df03d2fe
21fb26f6
0106f3ff
f229fcff
0403d913
cff130fd
f6fcf209
f2d504ee
27061036
cdff0eec
090ffed9
ea16c4f6
1a03d207
1606c9fb
eb01fe1f
eaecf8ff
fffec9b7
2bf0050c
00d9e82e
e420fb00
30fb1ead
001a06fa
0f09ed22
febf090f
fc01f522
cf051ffc
fc02ddf7
f3fa0402
040601f6
22030308
ecfce00a
f337ece7
fdfedcfe
1504deff
02f615ea
f3faee00
0f0006f9
f506d115
fbfff7e3
fa0206ec
030321fe
c9f53cf9
0002011f
0f27cb00
d9ff0e1a
b8f7f604
ff092c03
0af8d209
f8fdea2c
e914c30f
fefc0ecd
241cec03
f30314e6
f5ca1bf6
ebebef25
0dd936ee
e007f9fa
28130efe
010429f8
eb03fc01
3bfc02d1
542c0c0a
f6fce5de
091de411
d806b410
ffda1f00
fc0b3501
160ddbff
040629d3
f8c9eae4
ed08dad1
09fb36f4
051017f2
cc1bd1f6
fedbe0e0
f707ef05
eaff4632
dedb20db
f7072827
f530e30c
1102f01a
ffe419fb
00ede1d3
dce8e8fb
f20208fe
20f3f3f5
0902f8a1
e638370e
03070dc3
f2fafa0e
fa30cbf2
05fcf907
3c02fe0e
ecdbfcfd
0ce7dff6
f32a01cd
b5f9e92a
18d61200
010fd149
331bdf00
f500f0f6
f2e41200
f60d022f
e733d510
0efce60d
41f8ed0a
001be714
01f5fbff
f801f3fd
2f00ebed
fffce8ed
feda082a
3ffc0dd1
fcfcec02
fc160c0d
12baf501
e0fe04e9
1cfa06e4
1b09e3de
02f5da04
0b0617e9
f2e90e03
0406d811
3a210cfb
0202e2fe
0305270e
021039b2
f101ed0b
10004835
d0fcec11
fcc5cbe0
a0ce00ff
f3f40fe3
effd2721
d9fe0e09
14f2f709
e8fe0c1b
f21a0df9
ff3ccafd
08cd05fb
f1033433
0c33cb04
00010ec3
f0ed11d5
e10ee704
0e041e07
fcf64cff
2ae40cfe
fcfb06f6
d3031117
e604070f
06df57e2
06013ce8
e81d260a
fdd5172a
ede11404
01faf4e3
bef12001
ecf6e910
00d833d3
0afe020f
fee5070f
f8d4f92e
effce505
41fe29ca
f50ee4db
ecffd9fb
090234e2
f6070e26
fcfa2bf9
00f806ba
f0ca12fd
c403f1fe
28261f14
f9f313cc
f2ece93b
00fbdb2b
0ccb07fa
fe2716db
1239eeff
f1fce2fd
1e021109
fd0e3eda
fac0e1ef
09031afc
dceafb00
ff098112
05e1effc
d1fff5fa
fc22dd26
0c11073d
f521e704
e1040ffe
a1291e08
020a0de1
01d0dd04
0ffb1400
e501e4f7
0b111201
0b0730cc
14ff0708
35fcf003
00074727
0dfc09fe
e201fdf0
2ee9f1fe
f9ff22f5
f62ce3e3
24fc0507
cf05ed01
feecf807
0cf2e9fc
3e001c22
b337f4f9
e2f2da1b
07dc4295
0b071d21
1a0ada09
fcff34ff
0868e701
1e01e412
05d3e90b
18f1f3ff
f830e9f7
03fbf41e
13c50211
fd0da2f1
db1ac1fe
16fbf909
8b11f915
07080d9d
12d82728
240418b7
ef050cfb
fffeff0f
aed71ffa
b500fafe
0dd1ce20
000c2f06
faf0eaf8
f200150f
d720ea08
fd21f409
e1370703
f102de0c
ba06ffdb
26fece4d
00ded0e7
eb03c01d
e32a200b
ff420003
19f4ebff
27fed20c
dcfbde2b
08f517ce
0d10c41d
fbfad310
c6e11105
f9ec0002
e0c7fcf7
fd01f536
f2e9fa0f
c80522f9
0114d3f0
fd02c8de
392e0cf9
ff22ff0b
0f090104
e6031a09
f8f9f10f
240c42ff
fb2ff1ff
040009f6
31f32602
fef123d4
c00aff03
1101ffd2
19bacffe
ff05f3e8
033563de
fa000afa
7549fcf5
01162510
26eb1a01
d501ecf6
b53ddff3
050204f5
ecfad9fb
04fd13d3
fbf9e002
ffcbc52b
0c1e07fe
2500fdfc
3c3d00e7
010b232e
f8fbab36
1d031424
cb0afb09
fdfa06da
de2b0007
2d00eb07
cbf80503
08f7f72e
07eff6fa
f8061c3b
11eeedf5
01cafe27
d71a1400
fcf8d7f9
b61cf7fa
f9da35c8
060b0230
f0ff1f5f
ef1f1114
fb22ed57
3c090b00
ee00f7e8
27f3fb32
130414de
fce0c62a
1105db05
b7e8faf6
fdf823c8
ece1f102
fc010c39
381e0a0c
d210d516
002d1321
e7fcfa0c
b504f1fe
001bfcff
f4400705
f1ffc410
fffef9cd
02ed31fc
030a1e0c
2702d514
f0fc22fc
0117d61f
043bf300
fb01fde8
15fde4eb
f80303f1
fc162703
1902ebec
5a0e04fa
fd0d4429
aebb22fd
290108fb
20dadef0
d903fd21
f6c928d2
0b0117d0
caea160f
fde1f730
e5242002
e505f7e7
c6e905ce
f5070b0f
f402db20
ddfaf8d3
38f72afd
001ae817
4c42f800
11021bec
36fce6d4
ef17131c
e7e004ef
3e06fa16
e41202f7
fffc0406
10f4f2fc
1800f523
08c4f2d1
f002e3df
06041cad
f3014b06
c8ebed02
ff36e131
f505f4fd
d0fee41c
203917f2
0c04fefe
fe0614e5
21fbdbfa
09f5f5fa
f81ae824
18dbe6f0
dd0225b6
d61810f7
fa09f8da
e92e23de
edfcd91c
f9f10af6
00f7f2f8
e9fe0907
0705f7e6
08f9e30f
111fd80a
f93fc8fb
07f71ef5
cf1b2009
fb0db304
fe0f0303
f3fe1132
f71f0af6
0bf60ed2
0212eb14
fe00ddc7
d0f916fc
fafbfc0a
09152702
f108ece2
2011510a
faf4f427
f7c108de
dfff07e1
2fe7e0f5
04001400
27110604
cf0c0100
eaa7fa35
fb0a1d2f
ec27db25
dbf8e1ec
18f9f506
00dbf80f
f63bf608
dc021920
1ffc0e14
11e915cf
0b31f6e1
09f91121
ccf612f8
fd02090f
03e2e4fe
dbfe12e8
fe10031c
0d0b0ffb
f9dffaf2
eeff003c
f8cd0505
00df5a01
e05104fe
12feeb2a
c2fcf809
e5f8e72f
fbea4a2a
20fdef3d
2e0c2df9
0024e2ca
2e2ffc02
ed04ec00
d70df821
2219fb35
01e316cc
fbfc9a12
0f281804
fffded21
43e12002
0301070e
e7f31cd9
0c08dde8
0cfdeee8
120320c5
bbe826f2
051310d1
0411e0fc
f2011114
23f539f0
dcf523e1
f4e7f41c
fe021b06
2823eefe
ffd31531
d7cae8fd
da0602f6
fb1004fd
f3df0b37
02fcc8c9
f4f9cee3
f512e5ff
0300fbf5
1ada1d03
d10237e2
1a2ddaeb
d8f0080e
f3fdc0f5
12ff00c5
aeecfef8
ffe6e202
1a3b0000
1e05f808
1600f8e7
f1f919ee
00f55bd5
1f01e607
f0151306
fee3e5ee
2532f403
dd01e308
cb01d8e7
f400fc51
fe132be4
2003ec13
0cfdf5fc
feed13d2
fd1ee602
eb01f920
1aede9f1
dbe4cf23
06003fbb
e802fde7
4aebf605
fae1ffbc
07f5fdff
130305f5
72edf0f4
f510e10b
ff03ce37
e901182a
faee1707
03f1151b
f70ff4ff
da023208
2bfd0d02
f0ff1d20
f50a0c03
1cff05fc
3a0235fc
ff27f603
21011d01
f906fbeb
ebc40eea
100813d0
00f8c5e1
13045de6
490df5f3
ff16e8fe
0e1d1c02
2008f417
d6e481ea
3a22120b
e3f5095b
6807ac56
22e5f7a5
ecf33110
233a1947
10076e39
f6540718
fa05f71f
a0e71905
e506210d
f7f6df01
fc11f809
f65302ff
000018fc
42d21701
0cee0033
fffe180d
ecfa43ce
1bf31008
fce8f7dc
1c110000
ec02de0f
0f2bdc00
e0faf7e5
f322d04a
0afef0f8
f3f2ec08
fcdce40d
d50210fc
050005e1
cb1c00ee
faf0d70a
f8cac1db
1205f8fd
0708f558
7f02f5f1
fa0b0113
f6cb0dfe
02fbfdf9
02f2fe07
010cff17
13fc110b
6ef02404
fd131afa
e90fec03
fff9f7d6
deccf2f4
e407ebf9
f80523a3
1afd0bdd
dc1202fe
fbf1ed28
ea052c02
0c010f19
1dc535e4
00fce808
fe33e90b
08fd42e1
ccf32607
f91ac9e2
ba0eed00
16fee6d4
0f1bd7d4
1f08ec0e
05f73cfc
35fff004
f5e91e11
0927fd1d
30cf0c07
04fcfce8
1727d001
eef51745
ef0ee2c3
7ff7b87f
28f6f504
f797b2b0
31284afb
f604c4f7
2240fceb
2903ddcc
11c642ec
d5055953
ca2de6e2
0ede61f8
35eeea30
d606ee81
b53a2beb
0e1209c3
2ee758eb
fb0108fb
fbfb100a
fc311b08
ff32e7fd
09f812fe
f0e2ebea
06eeebfd
01cb0de4
d3fb29ff
fb0bff12
01f607dd
020204d1
f503eef8
de0803fd
fe03f6fd
7f03fad6
ee053742
e7e4f609
fdebdee3
1b1d2c03
0a01eb01
42e600b6
03edf1e6
faf8f4cd
2501ea00
24ed0300
fbca1eef
eff2ebf3
4ff10c1f
50ee0681
f6f555e2
ffd4e2d9
ddfc3104
f6f41c27
ff321be3
c73efbf2
0201ccc7
1d59d53b
37f0faec
0e01c1fe
ea014ae6
0e171df9
00f611e5
06101906
2b0ba5fd
15d9c512
ddf6c80a
ef14daea
2d064b31
c100d305
f92f5c29
a11b2802
d4021518
ead3c4fa
130928c3
09d23516
f4fccee5
8eec2462
fa7fec7d
f5e17fb7
f6ff8154
0f410b11
0507102e
1cc432d3
e0fb0e1e
ebf81809
fa0b35be
f7b81503
fc0420fe
66daff02
d8fa0e22
f8051ae3
18fdf9d8
fcea15f4
0105e4e6
e342d601
1400d91e
531c0cfa
e9f5f121
f6fc3ed4
14ff3030
defd08f9
0016f9cf
dff4f4ff
38010711
ece9ece9
f8f8edf2
f80f39e6
ff241e47
0fdb1127
e0f50e3e
d8be0edd
bd0da638
64f6d7f6
34141320
310edfc5
f1030e15
e51c3408
fb38d7d3
160e1206
f901e223
32f8f501
fb01f2bc
fe0d41f5
c40215bf
d3f61208
01e7e609
eafe14fe
ed0204e2
f8040800
26fccfec
f8d6b9f8
1f0ca4f7
2fe8e32b
06f7ab59
1ad9ece8
ef20360c
7ddc0237
180c13bb
a5f72c3e
fc0a470f
d0eb09ff
fcbafe24
19f4dc01
1f010820
040a02f6
f80b340e
02f03818
fc0615fa
d30012f3
0004120f
333ee600
14fff834
d61012f4
f3070127
f203da03
e9033d42
d2fcfa04
ff07d609
06c8fbfe
c5fce445
e225fef9
1a15010a
ede0032c
1e043219
10eb1d06
fcd0f1dd
10e51602
e4fcdff3
96f3170d
ddf412c3
facd1723
f70e1606
05fbfa81
02f8f4f7
0119067f
f50e3907
f604fb0f
f9f8f50e
2dfb031b
e2fce21a
37e31efe
ff26150b
0a250ffe
36fa0e0b
12e1ed22
e6f9fa1e
0100f4fc
0e08c4df
031a030e
fd0fe1f3
1c010500
bffc1bc4
12154e07
06fdfd3b
0e24ec04
e7fadc13
d5082505
fee3c3e8
28c61dfa
e8fd08d2
f50a3a08
0ede2ef6
0f01892d
df051bde
2cfd1eff
000d0a0a
d73ffe00
11fffcee
33ff01ff
f9191716
ffd0132c
e30bfef3
ff37e600
12cb11d5
0dfeddfc
f4198a09
fc380eed
f00bdcfd
7f06ea81
e8fffb43
271a0b06
06fc18e6
e8d40cff
ff01f503
27fce003
f7ef2a11
f4ebddcd
d804d70a
e8dcfa02
013415fc
dae7f602
ecfef3e5
51b31a10
1214e2fa
00bcfefa
1f073814
07120702
fd171108
1307fc01
e5fe0508
0b080dfd
03fafe30
021804ea
cf01ecfa
e0014aed
f4e7aae7
185f4922
e70cf5bd
d4cd2120
e8e01738
f3ad3b70
ccffd7ef
0af700f9
00ca5527
32ebfcfb
f50117d0
e9213cff
e6fefae9
fdafe715
ff8100fb
0906fc50
ebfd01fe
fc06e819
00fd0708
0ef8fb02
14c5f20c
df0b090b
fbfd481e
1ffae00a
00f01ce0
f4fa02ff
1d01e409
0711eff2
effdd7c3
f30ded21
15fde7be
f3ee1d0d
fd033317
21e50002
18fd1dfc
ff10dfec
161ae9f8
08262e10
f4ffe1df
daf430fd
02f66d29
f7f50001
d1020606
f7e918f1
0e08e004
030be332
20fd0a31
00101bfe
00e21819
f61b19fd
d10220d9
03010302
12000edc
f915fd14
1b06b7c1
1c0bebe1
05f4f819
3bbee4ff
3006e027
d2a6292e
d20201da
ef330633
37f500fd
0c2c1a07
fbe9fe02
0adf0303
44020106
18180504
f4ee22dc
0ac0c9d4
35f8f6e8
46f61d01
fd1f0fef
d508fa05
030026f7
07040cf8
f5fb3f0f
0f0af9ba
fd06f025
fbf3f7fa
01ed43f4
1aed2704
ed021804
f8111dfd
00060632
010018f2
1b0119ed
3cece0ff
00201b15
14000f03
fd00f905
61f8d0f9
fd03eb0b
fd27e1c6
fcfb2a00
01f2f0f8
0221ffea
33060603
26fcc408
3709d33c
da03c81e
ff1ef5f5
f3000fdb
4eff08fd
ff0207f8
12e50401
34fefc33
e0f40df0
2ffd0823
f435f63a
f503e6da
c81af8f6
02fa3423
24f304fe
32010001
f8fbf30a
06090bcf
00272c1d
2102230b
1022fbf7
fe05f410
0b222afe
fe03e1f7
f3e6ef0b
090910c8
f2f0f901
02f74c86
7bd9d101
04bb0743
df0b0efd
da02b3a7
ee45e00b
e4fcd55d
02812e07
f8fed927
3307db09
ff1e1ad9
2b18fcfc
2eff091a
2c07e5dd
df02fe09
07d63d0c
1507e16f
81024227
fbc3e8f9
417f2906
c90012f9
04e5f7ed
df06b5ac
0e0c4dae
d60a3d15
f0f7e103
020fd7ea
be16effc
14fcf922
31e3f102
e2fcfa03
fdf0ee2e
f2fe34f3
1cd8ef0a
fcefb7e4
1115ee01
fcffea34
d5f3f712
1006e340
f5d92dfe
02fa010e
ddf83a00
020b0413
b33fe6fe
3306f8f3
efeb0517
ed02f466
fafb0408
dd05e9e3
f21111fe
0030d70a
e9f1e7fd
1901f703
5ec1fefc
09fc33dc
0600331f
0501d640
da0cef0d
fd08ef2a
f8cc0102
e7fc130e
241ff807
f8feffe9
0bc514b9
ef000b11
3b17fdfd
0306ff0e
10091003
f905c5fc
f82af60f
e8ddeee1
f4ff2410
f5ff0831
0b0bce01
ff0d11c9
0b061c00
e4020a48
17f00520
f2f219cb
fa0dcb24
ec03fad1
20e2edea
fbf7dcbe
d007e815
d8031812
cc2bf6c6
f4f5fbb6
0a1fe0d7
22fd1f26
09d41c05
fcfebef7
e8c1e1ff
cd021d3d
f609f206
de0d0505
fad10f09
0802d2d6
09030b05
fffed80a
e3000603
22fad713
3f21ee00
0501cb08
0a051fe2
ec0422cf
fa1815f6
fe1bf2e2
b9d4ff09
eaffef15
68ca320d
fef02cfb
1011e6f0
f2030910
d2ed2a05
fd09221a
f01c1100
0dfefee3
041bff06
fcfb1312
f6f5223a
1b06230c
dafaf402
fd1b0ee0
f8eff9fd
dbfe14f7
1111fef4
f8fa34e9
0ae6151e
3703ece8
45efeff7
fee6edfe
bdec1f02
d401f11b
ece83408
eff825d5
fd1aeacc
02fde6e0
dcfb040e
fffdddf1
e9ca07fe
edfd10e5
f44a0ee4
11ff0df5
15ee0a13
e103f90e
ffedeefa
02d5ff14
e5edf1ff
f40010e3
11ca3602
01e7fe12
f601d5fd
fe05ecf5
0ff20b0c
fe04ece7
14cff400
ddfd17dd
e5265923
f2050bff
1417e6fe
19fc2f41
412e09fa
0003fcf1
dc30fcfc
17041433
f7cff013
110c1b16
fe2c34f3
ff0740e1
d1f1f4f2
01f8dcde
2fe509fd
08fad806
ddfdb907
f60619f2
f3034800
c4032b1c
fa0b0b0f
fef5ec22
1ff3ff06
d3010917
10093714
ede8e934
06e808f1
06fdc01e
02120ffa
01f82a10
062e1302
17fe0efc
fdbaf6f9
05fd180a
0e251de2
f1fd30fc
190116f3
0106cdf3
cdef0701
fcfcfb1c
d211c72d
e40efdce
fa11fdf6
ef031c11
0a0ffafa
fc15d30b
f700ed00
e8ff181d
32ef0ded
0104200e
fb0d4339
d205d819
f91c20fb
0014cb1c
f9041b01
03050c0f
1bf23701
10010a08
f5021252
13f94615
4819da04
fcfc9afb
fad5f2fb
1702f123
04fbbcfd
fb110add
f90939db
20ffd7e0
e8f30ffd
02d0d33b
81e3f201
0efef6c6
36eb08f5
1004e0fe
0aff241b
f4fef520
e10e3203
fcfbb6f7
22130f00
fefef50a
09de110d
0f08f514
0cc8c221
f3ff0cf5
f7f520fd
ff0aeb1d
acfb0001
fefe0e15
0debf408
2ffc02e0
fbe905fc
0609dee9
1c0cecf3
fded3be2
f2ee08fe
0400fde4
03f51b10
d9f80007
fae4f7fa
f303d402
d51ae903
fefe30f8
eef314fc
dafbf0e2
22d828f0
1611f70d
051fcd2b
fc02ea40
2408e400
001a04f6
bef70b04
d102174f
f7eeea0b
f90ffaea
0144e9d5
00fc1700
08000bfc
030a12d8
0206f400
d9ffdbf5
26121a03
0b02460b
f90f1003
01040d07
27ec2005
fffb08f3
f005f804
ec06f408
0fccf6e9
d8e6f402
fc04b7f2
0401c5c4
f714fc00
ffe90b0c
f0dd0402
21f91ee3
0e98011d
0104f958
1d3af5d4
1001d7e7
dbe714fd
faf6fff7
eff6eefe
09f807e4
153b16ff
09050231
0b223ce5
29ffff36
ec17defa
feee2b15
fe0ffefe
c9fffae1
aa170c0c
21f8fa1c
010ae8f3
0ef9d516
cef416fe
fff9dd1c
f006f7fe
be0033fc
582f0b04
e7fd36f0
0851e6fc
1702e2fa
16f526fe
fff7f6f3
ec131404
32080408
3c36e512
191f02ce
fb04390a
e806020f
0bf0fe03
02f6c409
39f40aff
07030b26
d9f51bf8
2c13f510
f12ad344
f9fceae9
22f91006
fddffa12
1feb0501
dc00ea1d
dd1af60a
0002f1d7
010fcc09
f2044b4e
b4c8d70a
ffeacc1f
f6ad13fc
fbfe2f07
fce8f1fc
edf506e9
f6e75607
b9004537
2c0a43c5
f0d9bdab
cdd80034
c6095312
cbe3df2b
29f5caff
f3d02405
1b07fae7
2326f405
fd0309e4
2ee2f8fd
eaff16f9
151b26ff
fcf0f334
12f6e3f4
01fbfdde
2012e903
010a33e3
03f9daff
55ff15f2
f2f5f51f
fd0c08fc
090414fe
04f80413
10153206
fc0ad50b
d2d30eff
11ff0f0f
040eebe8
fdfcf5ff
faede0fd
0500e801
ebe50e12
f9f8cf18
c408de05
ddfcf853
1ef207fb
f1fc05ed
12120fe2
df06d7fc
fbff13f3
ff124c04
17cff702
ef03e30e
a2dc1e1d
f814181d
071f142c
0a061617
16172302
0016d3f1
eebb03ff
f3fdfd1d
081a1920
06e90d3d
080fdce9
ea02f962
2eff0c0d
02fc032b
ffeef8ff
ebfed823
e2eac704
e4ffcb1f
f2260313
e503f533
e5fe15f6
03e8f808
31e1f304
d4ff06dd
36052222
010103ed
ef301025
e206c601
e015ef02
02da081a
08a8f000
e90211fc
540d60eb
decbd82c
14d8c9b8
1f03f7e0
f1f8f4fd
fde4ccf8
3c00ed00
fa012914
ef1310fc
02080019
08701017
18ffeaf4
4d1c1301
fe0bc0f6
f5fcf3fe
3c06353f
1af518ff
06f70906
00ffcee7
f7012aec
f032ff02
fe0cd805
f20f39fe
13040e07
0cf30c1c
ebf4d71e
ff03a41b
fe07a01a
b42830f5
fb201309
4a1df102
0800ea25
ef1d2918
f6ff0ae6
08fbde3c
1401db33
e9e9ef04
00f51536
3a221a00
0afcd4e6
43100135
1e172521
facf2323
07080f2a
68ee0306
ff11ca05
c8cf09ff
e401f7ca
d9ccfd19
0307fdad
faeb0af1
16f9e014
d000f801
03ffdfe5
c0071c00
1f02100f
050b11ea
16012105
fe36f8f8
2e05ecd9
0a151802
ffee1727
0bfcf003
1a0205f2
bb1d11f3
03fffd48
0fecf8de
0d03f3d2
e80102ec
0313db1b
0e1f0cff
defdfdf9
31c3f1e7
d8fefd2f
f0f81def
d90351bc
2ff7feff
00edf205
cedcf300
2b03d92d
24f12d28
48dd280f
f4220e05
1c05ed0f
f003dcee
ff2225ec
f7baf704
11fb2707
fd23edce
06f327d5
f91e9aba
0301361e
500eebfd
02192a21
29b9f1fb
d3fff6c0
f2d91bf6
29061424
ec361ae7
17fce72d
1531f7fa
001c5e40
e015f002
2bfd1b51
242662e7
fb02dd0c
f75ce3be
e4ffccf9
0f11f4fc
01db2708
f4fd1300
ff02ffee
f02b2702
1900230e
f1eec332
0407055f
f309f3f5
fcf2aa14
ffdff502
d5fe2bf2
340cdbf2
1b14d3cd
fc150d16
12081800
fe0cf7f7
fb0005f7
12c70902
d300daea
66161706
f0090b37
f7ba05e9
cdf80efa
32fed20b
fdfedd12
021df000
f2f90d07
eef92509
210d15c6
02142b2e
1f05f220
271df1ef
040425f5
e5f7dfff
f1ff0000
b707e7e8
fbfe0ffa
f62015e7
fbfd1402
0b0402fa
02d7d2f9
d7d22a01
b3ffecf2
291ad402
fe0b05e5
f8f4e00d
ef053ae6
e019f008
fdebf2f9
ede2efff
01fddbd2
cbf81008
ead8003e
03d1131c
f4053e1a
ec011806
000ce5d7
ebf41afd
15fddabe
25ffea26
f80de6f7
eef7f20e
d801d0dc
03fe2dfe
03092ff8
23ff0705
0bf931ce
dcdffffa
08111300
11cf01c3
ea0090af
30db81f2
ffd9631f
15eadbfc
effff7f9
c8074333
e5f819cc
0216d820
fc080cde
e1fc04f5
fe0ce8dc
142df603
edfdf2d1
f31816ec
f1f82549
0336a901
f907fff1
17fa0400
fce734f7
d243e8fe
0ffede30
3b0b141b
e000c9b8
18e346d9
09f724ed
03dbdb0b
ff09f308
2f0ff8ff
06fed91a
1628d8eb
1910d8e1
0be4120b
ed03b8e7
15150902
fcf32cd5
6ad41501
2b00e8dc
f2affd1b
ff0635dd
0a2cbc1b
0ebc3025
00f50bbf
140f0409
f4e326fa
ea03f705
18f008ee
d87f1909
1afcf706
e005e70c
f200d502
faf94f0e
1d0cfcfa
31fdfcf9
47d60d04
0a050a31
f3eb2402
f50109f3
c7dceb00
01d94a01
fa18f7f7
02ffe415
d5052df2
f6fa1ed3
fcf22618
17fd322f
d61917f3
00d532fd
31cbf303
de031a5c
191de8f6
ebfc1812
f90ebaff
df04f914
0408f2fa
0108c411
cc03fc02
2cfde3fb
0a2c1201
ff1428f9
f71bd224
0cff1218
eef3e00f
fe05f7ee
2d441b00
42022213
f5d7eec9
09f8e92f
06013601
e80ac52a
d0ebdf02
fde4f8ce
f21bfc01
c8fe133e
2218ce32
0414fade
fc05e301
07ffff02
b1f9e8fb
062c7dfd
131505fc
0300f247
ede3c508
0114eb59
fa0cd6f5
ef0c0cec
2c2c080c
ff040d20
c8040202
32f911a9
dadec821
18f505c4
fcb8d71e
10f1c701
a7f9ed0e
fdfc0200
e2e9f8ff
d400fc49
093d211b
fbfad9ff
1d0f4fb8
1e00dbff
e5f3d804
01262508
27c70a09
1700411e
e75018dd
060309e3
0e3ecdb3
0c043df7
19fbf7ff
0032f9d5
f116ebfe
79fed01f
c821062a
fdf5e749
f909e30c
fc044af5
e8e1d9fa
031321e7
4f181af8
f5fae2b4
32070106
f5ee170f
f6d32af2
1f02f8d0
2f0217f6
00fb1def
202103ff
d80407f4
d8010ce8
02fdd904
fbf1f2e6
e4f5fa09
54efdb00
fe143df6
3bfb0b00
ceffefee
0c0d0bf3
f9ff0d05
fe021610
0103e1d9
27d5fdf7
fee1d80c
11fbd4f8
f7011408
f2ed2af6
fa0609f1
00f0dd16
ef03ecf4
ce0b16ff
fd22fdd5
dcf4fb00
2704f9fd
ef152831
0108edf4
0e0d171c
09002d03
dbf41405
02ee49e2
f703f302
f9fc0cec
1ce3eade
daf1f930
05591fa8
f805230a
d3180304
ff04dc3a
a0030bfe
07f907c9
f516fadc
fb13f311
00f51a0a
0a08edca
eeef0109
fefb1ac8
02280dfd
f502fd1b
43003ff1
ebfad917
0e0cdec5
ee0203e3
11f5edf8
001114ff
f10f18fc
effb1626
231712f5
0a0adee0
f80cf8dd
1fffd7bb
0701f6e6
0935f40e
66b05c0c
a700161d
473ad9bb
f804ded4
f417f35c
df003f21
d00de7f9
0015e903
f60a1702
f1f82f3e
08db060e
ec06da1a
f8ed4dd1
05004ff4
94db400a
fa08d7fc
1b18cc00
fffeff02
def32dfd
ea00d506
08e76bf7
0003ef45
f801060b
feeff501
ff3de804
f803082c
1b1a19f8
06fbf637
06e141f1
2c0101f3
de1f0703
f91ac325
0d0ae800
d903ed15
400b0916
2407fd01
12fa463b
0003dc15
0b0f00fd
fff9fa21
c4edf304
0a06100d
f307f3fc
ef0a0b01
0b00e2e1
ddfff818
1ce5fefd
fef90411
2b180f02
f3fd05d8
f506fdde
00091f10
0510f642
ddef04dd
4d100935
e3ed172a
2fce05b5
5cf4a2cd
6933bc04
1b0914d7
170a0ce9
3bf9fdf8
e0000109
fbf2492e
d2d8f0f6
0af8ebe3
fc0a3dfe
0fede2dc
15141cef
f4fade16
23ba395e
fbcb4fe3
32d4f6ac
4bf7e245
02aee3a1
e010f3e4
0adbf719
0c05dade
0f1209f3
040dcbe8
b80e0e08
0600eb29
0febd801
f008ed14
00322de0
ee04f5cc
250b0c09
fd0d00c2
f518feff
07ff0019
20f20ce9
f4fc1f1d
011729f5
e4fdf2df
1bedf803
f80f1fd6
fd19f5fa
e0fa35f2
6bd6ef09
dcff17f6
0810d603
18fecedd
eb0ef7f5
003915fd
e1e31906
e8ff1425
e9dc17e8
15171fe3
f20c3d09
03080fdd
f6ed01ff
ffc0f20d
f6f71501
340023fe
b9170307
080329e0
f3fb172f
1afc15fa
f2ec0609
ff150109
f83f12ff
f9f9ecf6
eef01707
07ea2c01
07efcb0c
17073f22
c72302f6
ff1233d3
3016e2fd
e8fb47f3
7518ea22
dbf0f9ff
f40cccfd
070902fa
bb1e02ef
09e5152e
4a38fcf9
27f602d9
d5d71a13
24fffc14
f7f3cb07
f00b08c8
f231effe
fed8e6fa
14320704
480102db
31caecec
fdff0ae8
0c0d0ae2
dd0bf70b
0f2afff5
041cdff3
d5f3dd06
e4f9df08
0efcf009
ef0cdec5
040cefff
11062bd8
151ce0f4
0029e50a
13370bf9
0bff0302
2ce3e31f
f8f30827
f04fecf3
d7fb182b
1cdbf7f7
0107f303
dbeb0200
21053917
dd16e1fe
0df3d9f9
e6eef1fd
d7032ed7
e8e80a08
fb0be6d9
f94e0202
d5f9fd08
160e1324
0c0b1bf5
f8d90528
e5f9f912
1f07e712
fc13ab01
e6f20406
fa01c7b2
311a19fd
00fe0a13
0e02dcf1
1b0af40d
e4f6fbee
00ee1711
0721fffa
4a0014dc
e102110e
f909d705
ed080117
0204e7b9
d31a11f3
ffde0212
fcf5f8fc
08fc2603
0823f1d9
01f3f4bc
fad8ed2c
f90832eb
39320310
03f829f3
d61df104
f4fdecf5
d3f60415
f5f538da
fcf21e31
00f8f2e1
13f2e9f3
fff5f310
1ee511ff
17041ff5
18fdef00
ffff2310
fcec2a30
d40038ec
01f3bae4
0b2af2e9
09482739
170d4e1c
811da8ef
beebf2f4
f5b9f93c
1d03e607
e9162c0c
fe02121c
ded8f902
d800f2d3
c9dc4dfd
1bfc1aff
1aca0ff5
f908c31a
1d140608
fee3edee
03cdeb03
1b0a0ff4
2ac3ebe0
d3f2e0f5
00fb1c04
eaf700bf
0615fa0a
f401c901
06c5ddf3
251090f6
d2cc0428
0c171c08
f9d4d314
240385be
11d304fd
ff1b19bd
04de0aff
e7fcf7f0
fa33d9f1
f80e0013
101d49c6
0dfce5ac
1efbeb0d
03fc4bdb
c51bdaff
09ff21c6
06162aed
f8fc0bc4
fddc0aec
0305d416
28f0de05
0110faeb
0f06ffff
f0010131
580ce307
0a0eeb19
01d614ac
0604d0fc
cc0821e6
fe14f10a
0b21f3fd
2a02dfba
282310e8
220506db
fc42ec06
33f9d2fd
0afce24c
1bc10f08
f514edce
47d40b23
39f8de0d
1713e5da
d6f32917
1705cd28
cef2f4fd
fded2704
03f0f6fd
1c00f80b
14112417
f0fa0cb6
fc2dbfe2
11f5effc
cee21a06
00fc1124
ef18e4fd
01ffdae7
f5e6ead6
f214eb10
fbe43504
ff03ebeb
f71c1400
fc1b39f7
daf1f7fe
1a0312ea
2529dccf
06efe12a
010fe804
eff80dfa
df0ffb03
fc150ffe
3d0609fb
09fee6eb
fb0adffb
e3f4f7c6
f7db19f5
c401abd5
6301cbf4
041483d2
b8e51710
d3d3e5db
adbcfc3a
f8141ddb
1c10700e
0208dedf
ff0a2700
ffe8e217
c8090ffb
29f80cb6
f22ffce7
09f9b9f9
fef318ca
050f0bf1
f103eb3a
28fd02fd
f915ffff
097f0300
fefffb03
f00104f1
0e05eb07
dafbd417
23ebf002
f90b00f4
0812fcfa
f4fc2216
ea2bf3f0
3616e5d7
ffe30006
f7fd07ef
dae61201
fbfa0f05
fcf623fc
f80405db
fc25f613
030c04dc
fe0d07ef
0cfc2a38
14e20112
f8331f0e
380ff5fa
0cfbf7ed
ee021803
d4f6221b
fb25daf0
0c0f7f15
fbff050d
fe150d10
daef1c09
4201110b
f1c1fb2f
d8e3d307
07341121
e3fcfde0
d604e001
0200e600
120d0efc
1203f206
eee7fbfc
09fc19fc
f3033612
d1fc293f
ffeb05f1
071610d0
dd3d2814
3bfce457
d1090b22
e202efaa
31fba803
e101fd0a
b4f8c514
fe1eddf0
5ef312fb
d2fe1427
2fed04eb
0ef5e3e3
0ef21420
ecf9fb09
baf4c905
ffc80705
2618f3fe
cef8e80d
dcf108f7
2c08fbe1
07eb111f
fe051b2b
10f5cf0e
fb030902
01d31904
11fee5db
16cdd817
e8eac128
02f5f6f8
f5ff480f
f9043706
002819c7
e238feff
17002bee
1700dff5
2503f1e7
000c0812
f2f810dc
45f9db10
fcf80139
70de0904
2707f30b
ddb9deff
f3fdfbfb
fdfce6ae
0b041201
320ed210
fdec02ff
13e3f203
f7fb0a02
2cff1ce5
f7fbfcfe
12ed1e1e
f9021ded
20f91afd
fe1ed228
36201000
0301e5eb
e2dd080f
06030de4
0b172ae2
2f0246ff
d2e61203
fef0fd45
ccc908fb
05fdd206
060bec43
d1e8ca4a
00ff08cb
0300ddf5
0eecfe09
00e0f1fb
1b0fe700
1b01f4fc
dbe923fb
130fe1d8
02fe25fe
f40910dc
23e41f00
ffdabd1c
fdf6f4fd
2d02f105
0e051017
d6f1061c
fa0f4038
efdefe13
0af90881
1c03f2fb
02eff0e8
000af2fb
09fa02f3
1dc0f3fb
34020605
ed0ef31c
5326e40e
fcfc061e
1cf9fb01
0cff2de0
d2c5ee14
e5030602
04300efb
da01251c
fa02dc04
fe02fa13
06c41dff
eb0412d5
f5faf2f7
f9091c10
fc170032
1b04f8f8
060c1df5
0129ccf6
2848c9fc
28fefe36
0dea1af4
f8fbf910
0c2d278c
f503e612
3bd4ef16
fdf0fa19
2b02ec00
e2fefb0f
fe2014f0
12fe0005
03ccebe6
2508fd0c
261ddbff
00e3e600
ed0af5fb
1e042805
a8ff0c33
3415130c
f8fae0ea
3601c518
b6810506
05ec6bb4
dd45f50f
1f06d0ef
c181ce07
7fff2d23
fc00e50f
11ff24e1
00052206
fee91118
1d0be4fb
14010925
ca1b0b03
ec04c930
fc1fdd0e
f505f81c
243004fd
03e50eec
f10c1dfe
f5ff3fe7
e33203f1
20050724
fae436c6
3402eff5
d5fe1afa
000e27f4
0fb61203
e1fe24eb
cc16d4fc
2a0f02f2
f003f9d3
c108dbeb
e504fef7
0418e234
07f11f04
280705ce
d5d90bf8
09eb1fe0
f5c6d203
fbf8ceff
dd1c01fa
001cfc2b
db0c03ff
1004ec29
1f48cd0f
0902f427
f71604e2
f601dbe5
d42d1505
fcee2537
ed0618fa
b7ffe84b
00c8f816
080001b9
06fa2525
e60333cf
e6e60a04
00fbf3f9
f81309fe
33fa10f2
cfffe31f
ed1119f9
eccc520f
fa0c26b2
d909f3ff
01f3c706
fd2be7fb
2dfaffea
0ff709e3
e2060b0f
020e9122
ef0710f5
e9082408
000b040f
cc1100ff
07ff05e0
311bf6dd
060cf0f6
fcf80416
110afae2
ea1411f6
fdf1fde1
15add9ff
f4fdfd08
37f3d908
ed0104ee
fcf2d714
e60b04e2
4df7d90d
fe1a3908
dd251802
db02eff4
1ef9f914
faf803d5
fbed311f
21fe0dff
fff9dcf7
03043d2c
2201fdfd
38fe15b4
f504c91d
1f0528e4
fa0734f8
19f814ec
ec0bec02
01e2081b
fff8fbfd
0401120b
f0f8f709
ebec09fb
faf6d21c
12fa17b8
15f7fd04
ffde2efb
140504ff
d802fc14
f2f9e806
0aeb03f0
0841bcee
ff04112f
eee85805
fc1aeed2
1729ff07
e300036b
1cd9ffdd
fafafd81
012a2c23
240427f7
2106ee00
fffe04f0
0f1be301
0305c512
5c24ef0d
fc0ff706
06ec66fe
e907e784
20e0fe05
fce0f7fa
08bdfa05
e40022f9
e6183df9
0d00e602
03f4c9f4
07f9f10d
330ff4fc
010c1beb
cdff0efd
ec00e6ed
2a27e4df
f300f805
0110cee0
d80126f7
4d1f230d
013916cb
3c08fa01
cefcc502
010409ea
d8fed503
0203ef0c
000a1482
efe2f9d9
f3f201b1
30fde61c
28fd3e20
3badf3e6
ea0a8133
03e4ae31
f7f90633
2e11c70d
fe0b2fca
b0131002
de08bee5
0607f304
edf40dea
f6da1e30
e500fd06
02140411
f81f14c8
dfc6f9ff
02fc0933
1ce51302
e005e9ed
130b2142
1202ccbe
efe1fffb
fdff0c19
1213e203
110001f2
f32203e9
f601fee4
fc41e411
24fafed7
aa250ef9
fad9f4d9
a9c23b04
fd0430e8
2123d9f6
02fde60b
e8fd1d07
1700e4cc
ddfafe0b
fee90ffc
0f10dafe
0aff0dca
ad0d230b
ee0227e2
0e1127e5
fc04fb54
caff180d
00fcdfe0
c5c01403
13ffe3f8
05f80ae8
fd060417
00ed0f0c
f101b1ec
cff61300
fa0ed316
ea2613fc
f0011001
10c92edc
f4fef2a0
04233b07
f502d21e
213f0901
fe1a1e1e
0be11b00
310300f9
c7d2e904
fe10f32b
00c4bb12
feffe2f2
0be7c6fc
0115f516
dbe5f6fd
200048c5
ff0210f2
fdfe01cd
f922ea01
2ffddbce
201802ff
0236f8f9
fe0ae900
4406290b
ad11bbf9
1b202007
ec05f844
150216ea
0bee0312
001e2f05
ba2ffafb
f7fc180f
e8f3f703
e60b1438
fff501ce
e20219bd
bde0f502
01cc04d9
17070600
e6fc1dfd
d85d20f9
08fae8ca
fd1c062c
fe08f116
dff4fdf9
ff0bf716
4bb30c03
f8fde63c
180ff9fb
0b04e801
fccf2e35
fafe09da
fad90504
ff02ce12
fa32f2fc
50ff112c
e410efd6
05f90106
f020dd21
fd00d711
a4dd33fa
010eee15
0a2215fc
d9001a0e
101a1702
11fbf9e6
f41150e5
f706992e
ddf3d90a
ff1d0b0e
b63decea
590056de
1c0f0eed
081b3cf4
f8afe422
070b1e30
152206fc
ff44cb05
e12b13fb
1efff629
fa32e7dc
2309eb54
ecc00c37
1afb0204
e5f82012
fce3b6c9
27defcff
bffe0126
2d38fcc9
0f0a1c26
0fdfe0e3
0d030301
1beed5f9
0213eccf
22e22503
fefedc18
8309e623
11fff8e8
fefb05da
48ffd8fb
000e0e0b
fb17cbf1
f3ec0efd
e2fa16f4
080f0845
0b061a04
17d529d6
0fff15df
0b0808f4
01d31827
25daecff
f000e2ff
db20eef0
0813f126
f9042406
f109242f
09e8ff08
011002d2
c0f51500
100509f1
ddf8e000
1e1008cc
f4080026
e604f61c
0eebf806
0007f9d0
1524f501
1b04eb33
ecf712ec
0501d10c
f5f10b0a
edfff949
ce20031c
fc20017f
f80effe8
81ec10a3
d5eb1fed
17f1ecd6
f1323452
01ffeffc
0608f8fe
00e04706
14f023fb
2e0208f2
e02e1102
0df30f14
fe141ddb
e605fb1b
d5030503
fde8f518
09211b00
24fa28e5
d82010ec
110513fe
0dc925f0
0a04171f
d507f801
01edfcfc
f8aaef01
e3ffef0b
023a00f3
0cf002f9
f6e12027
0efdf8c5
c7211804
fe25f8f2
28ce04ff
1702f713
fef81ade
100929d1
0312232e
00ffe01d
0d21f500
fdf712e3
eb03f501
15fcff27
fd21150b
f5f2c704
0716cbe5
040cfb21
1bdce306
fcea140e
e0fa1607
c1021fde
1a0efff2
13083303
0213df23
d9072711
39fc0613
0024dc0d
fbe71503
1a000423
f4defafb
f0031302
0f1edef8
0e07fcd0
de2d1f05
011b1ff3
1b25dd01
08fdef0d
25fe011c
1fec2632
ea0c98bf
ef0337f3
1009e7fb
012efcf0
14ea0000
0302eb39
bbe9f7e5
fbf1d6e4
f003d4f2
0802e312
162ebcf2
0004d01e
fa0b2d00
1d01e501
e1d0df0f
f0faea2b
f0c3d5e0
fe012904
e739fb02
fc1ce411
0a141cff
f6ffee0e
fefdd9f1
e8fde82c
06df0cf7
0702ec32
30010d0b
fce22303
f42cde01
e304120e
1bfdf70c
190c0415
14e51412
12002d22
e51e190d
fde45213
e014fa03
f000eb04
f3abdcee
100410e5
07fdde01
0701fa07
bc1a00fc
fcf71eda
ed0927ff
05fd1a0b
f7f201f6
fe04d503
fa092cf9
17000522
f6faedfe
00df21f9
2616e102
f1fef207
bb34ddee
feec1d58
ff23f2fa
d300f7c9
f3f403fd
fd21e8db
0b1a2c06
0a0225f4
e7c0cfee
27243b1f
0215331c
22fe17ce
e20d0cf2
fffa14fb
f9f018ff
deffea14
f9ce0c24
fae91135
fe0defee
1503440a
00e625f2
01f05cee
10f9daff
d5fef5e9
fe3dfa0a
fdec09fb
fac0f80c
1ef431be
c5080bf8
ffdb01eb
bc1819fc
cf020605
36260714
e506222e
f5d4d723
f201b8f7
1615e2f6
021ff307
19420600
1e0301fe
f9fafef7
0a0a07e9
fc488132
e0053436
18dbfdf7
01c42f09
0fc0e602
f30103eb
05113100
1bf012e6
fbc70e45
f7feef38
e9f6fffb
ff00fbea
f1dcfaff
2dffeff9
fe1c1a15
edfb1311
fa18f51f
cbfdf6de
cd2d0f07
005817d3
f04123ff
2dfe24e4
dd99edfa
de07fdc5
0626d1ee
fe1a0e0e
130806ab
fe02ea00
00fb08f2
06d9f507
f6fa06f3
f5020802
dbff02fc
04092615
33e0cd0e
0034f914
3bc100fc
e800e8f7
fd0f1812
f208fef5
02fbe40f
fa03e8f2
3722de0e
fddc1f07
f90a1302
040414fc
dfd8f420
1d0a3615
01c9d44a
1c07c2f5
e4fdb7f7
0102f61e
de05f2ff
f601f321
e5eefa10
e4060b1a
fc38c2f3
e30308ec
df14e4f9
0120e8f2
0decfefd
e9fe19f7
4a110cfd
1104f9fe
f2120800
29fddc09
190d0d0c
fcdeccff
e7d2fc00
f805eddd
36050bfb
ed06fa18
03fa1bf8
fbfd01ef
0d03eeff
00091cfa
f2bef0fe
0b00f90a
71e0ff27
fc0b09ff
f9e705f5
ec00061c
c2160501
02f50913
2ff717ff
e90030ef
2010f5ff
0ef229ea
f917f932
4206d5dd
effff60b
f9d916fb
aadedefd
e5ff2afa
921116ed
f0e90c13
0dc3cd13
17000854
f901c111
fe21badc
0e00f4ff
ce01e1c3
e3181609
1b020a17
06d1022a
0503efd1
ebfe0cf5
00fc30f5
1130e3fe
09011102
c1f3eee7
2a07e62b
0b1af11d
29071fcf
d50bd928
f7f22ffc
6760c604
3a000c98
b227c420
daefdee9
178e0ce5
110421dd
08fa08f8
ffcc1509
00f10101
2d03e4de
e613044b
ebf7f4d8
fee3b7dc
0ffdfc27
430f25fe
01e902f8
f0ffe301
fc01e523
ebbbe22b
f817faaf
fdf4001f
c3faaae1
17db07f5
09ff1e51
6053e4f6
21fffd1e
cb015e3f
e7db1819
da3602cb
fefd1206
240f0402
fcd12fd5
26a2f200
06041129
162f0a10
020a36e0
ffcf4a31
04010f24
070ed801
01f8de12
0a1208fc
d104d125
151f1306
03040cee
f92432e6
0604ed25
f6f7da06
010a141a
06c2e400
dbfe0cd2
ef1d1af8
080134f3
fffc1d18
f602df21
2300ee01
03cfe73d
2bf1f007
e6fefb11
c01823f7
1d1115f3
0e13011d
10fed20d
26ecf70a
fefc11d9
15edeb02
f508f139
eef70c0f
f90e101c
0232ec1a
f83cbee8
f9c306f9
f2082827
cf201ccc
eb0ef017
f0f502fc
e9e52b07
1e17f2f4
012e3a05
f4b307e1
0fddfb0f
ec90832e
81ea503b
fcc928be
3a2f11f4
ac113db5
0443b504
23c63530
f8d4d1ee
f4d5d408
3ff9cd1b
ff00060e
f536ff51
1c81e429
082ffe2d
bfd9e129
13e8fae4
1407f32a
2100f601
15491b75
0f0cdde3
45ddd6f0
0d6f3021
0fd5f8fc
e42b192a
30101520
3109cf04
05db130b
37d3b8e6
e70af90a
5ed2e441
13f14b16
0709eed5
f7d7f716
ce0d11fc
11dffd0f
ecf716c3
0ff7349c
040952f3
14dd0afe
1902120c
10f106ed
1bda19ea
d70f23fd
0dd2ca13
ecfd081d
0b32f1c4
024bf804
e2dfcb0b
14ccc4d9
ac0304de
dd18f5e7
1134ce06
20e2045b
1e1c3df1
132b3641
3634fb03
fd0a0f03
eed510be
11e2fd96
200d1df4
fa37f71d
950d032b
134a4707
0efe64fe
b50066fa
7227b2d7
2804b9dc
d5dd05f5
dd3ed616
e7ff21f2
09be0d19
e9edf702
2c060ecd
f33af914
3d070303
e62bc1ea
0becf3db
db24becb
1a0dee23
2cd1dc11
140c0ff1
34d2096b
132af428
db0316e9
e53ffeca
ea3ce72d
e911be0c
d021ff29
f606fb15
631a1a5a
fcec31e6
cd2be105
63ea26e7
f308eddc
2dea15fc
04faf807
f22305e4
ca072efe
09e4fd08
28f2fae2
eaffe9cf
27c1d10c
e1180c93
11ece7f5
eddc1213
fe910008
280ef831
fecff6df
5bf6ff23
0905befb
ba61ee05
16232802
1ce1ef10
f50d29fd
d3c7041b
fa4af308
fefa040d
e23f1201
e8f511fa
faf9fbff
cdebd4f8
d508094f
11f00234
3d26d229
b5014c01
00fed0f1
fcfeda0c
e4130807
00111ee9
d206e715
ebe1f026
0c0702d7
362aecfa
9705f481
ebcfaa0a
001cb5ec
013aee0c
bfecc6fd
1027d5f7
0438e7cf
03c9fcb6
03e00821
440b1803
e61b2fe1
0c31d80b
dcef06d6
e2c72ff6
0d04d416
e8f52114
f3390e28
17ea1705
461b03e9
18f00bff
e538f3e0
db051b1c
03052fe3
100007e5
0133efea
48dc2c24
14eb1601
00f6f90f
7fe3163f
f9ff2b15
f0d9e31d
e21cff11
d3033429
d800e4d5
04f623e9
3cdcdcf2
ac09f1e1
fd11cd32
f2e0f842
d51f05e5
09fe0de8
df170696
e6f10719
ff1c0202
08dc1d4e
f03e0b09
e5f11af9
f1eaeb05
f723190b
3ad5f2e5
0ff6f9f8
03fafffb
05370e02
46fefbbb
d3f0fa0a
2405e8f4
e8ea0b02
f21c12db
d4ea2eff
f7f414fa
da36def4
cdbee02a
0d0ac50a
ead3060e
d6fa1709
1ce427f1
23f411e8
180a0bc8
1cbbe714
2714ebb6
0d9bcc09
08df1003
ec2b1bf4
282c2411
22fcf5f3
f9fd0c17
db33fa44
11e1e9c3
0ec41612
27b20bed
05f9dcf0
f0e22beb
f6d4192e
000410e2
0fe5b107
f19aeb41
0f0f1b1f
c258daea
f0f95e0d
12fefb0b
0dedf928
0ffffbde
572a0a2b
dfe6e21a
e3e8132b
4b25031b
011bd11a
12e8ec04
1116e9da
f1e8002d
07f7fb0d
03f004c3
e418d008
f404f808
f63a32df
13010701
d80004e0
5ccefb0d
07bb18be
ebdef2f4
e43c29ef
bdd7dd05
edd1d1ea
dddb2523
4a0be3f5
f006f814
f0e3da53
0e0703d8
f822dd27
19b3fbf6
f5d8b6f5
f93d0aec
adafef19
f20204d4
1b12a853
81ff02eb
e5e82c02
0c2ee925
02db22f5
01d23f54
1c12ef41
4bf6ecd2
1bd71707
f0ed15cc
e4d05117
53f8f5f3
e5013dd7
15d90e68
010f26e9
f512e8f7
14173edd
2ab9020b
194a0a02
294afd01
001f53f6
0ef6cb5d
01fe0df7
e6ebfa2f
d221d8c7
ef6f1336
ffc010fe
0d46df12
0a81bb0d
e6143232
0aa8100a
20dce4e7
f2cd8709
1e0d15e8
fd2adffb
48c106fd
f53e0d08
0d09e5e7
07de21e0
1aef044d
f6e3e407
1f050de2
fcc613fd
17ccf712
42fb100d
2ceb090f
21f9fa00
090eebfa
10e8b2e8
0fd01e2a
192a2b26
e9191605
c42da813
48db85f7
81f125b8
c8db0514
15092a3d
fcf7f3f7
29d32527
fd55fe22
2aceeb07
f624eae8
e916e6cf
3cdffb10
fdcc03ff
f1ea0138
e3fdc8ec
062c171d
30022614
1eb83915
f7d9a7fc
ef7f370e
3dc669d1
3907d617
e618e8d4
bffdf64f
270a46fa
d0e41322
dce6e0f8
061de21e
2b0600d4
2c0f22a0
f7c8aa17
597bf7eb
1d0c04dc
1eb80c18
feebf60c
0d0ae081
d4c0f43b
f3f10344
22ccf91f
c99be303
12f3fdcc
0d7b48d9
cf3cddfa
de15d112
14fea7f3
d9123601
06e015e8
68d111e0
03a5cb02
f20be381
4145b8df
ca0912ef
eb97e17f
181e20eb
12065ac1
036bf10b
096705dd
15002d26
f01df83e
022efeef
0ad838cd
cb171149
23fb35fb
03f3ef03
0142d507
f4fe28bd
1b09fd13
0c0d1317
113ff3d4
822307e3
00ceb6da
0dd0f8d5
fae4d1e6
36001209
130f02bb
11e0067c
d256aedb
f35ff7ac
fe04daff
06d6010d
042e0ad8
00fc0a31
081d1bc8
3c0336f6
3d0208d6
242d1516
f704b5e9
fce3d81d
02209e19
270f5155
e7f9d530
3d14f8ea
f60d8520
c7b21c9f
1ce2bbb9
cf22c2d1
ec38e341
3dc61970
cbfb2f20
fa1edf46
3c17fa11
10bff5fc
fe46e738
f1e92701
f5bead0f
f2b4f0c5
2f321501
cfc8f1e4
33110ea4
651bfde6
11d240df
173c0c35
2b2efdc1
10fdd0fd
d21881f8
c8bb0c02
19e68fda
e7e2d439
2618e722
f30bdbbf
0efd2eeb
230aef10
27d91114
3bfc0929
1d17e427
40f331b5
e54aecfb
23f502ff
12d7271d
2433d7d1
f429f931
dce2e2bc
e9e20f10
ffdf0c34
d6c8fcf7
e11c21fa
fe1ddf01
f5dedce5
befd0c35
2ef2dff7
01fc0a10
f0081865
f23448f5
d9c70516
ef8b7f2d
f324e0bb
f6daffdb
0ced280c
c7041e64
b932fdcd
fd1c2fcd
f747f511
d40d04ce
1a757fbe
02fab119
10f13223
271faed6
1a05cd24
cbb9e309
f9132a48
0523b4fd
4cd4e0f2
f22dfc04
13f0131c
0a01ea04
d5e9f9e9
fe0a14eb
de1dea1c
0cf2f4fc
e307f817
0c1ae732
ddefeb05
01d9242c
2af409f8
f4f23aeb
08eb13e0
15d629de
d7d4fb05
e61ffc03
1531dafd
d51b05f6
ebf80ff8
e1010108
ed23f5d9
f8e403f6
e404f1e5
1008fbfd
e0f91be8
efc807fc
e01603fa
e8ed08c8
11fceb0e
1017e20a
e0e325b8
fe2d0101
0b08eb07
1b0cf40e
030ded07
0f02af3b
04e1f7f2
04f6f428
209e98b1
e2bf170a
3fef04a8
2a4c37ae
f8f022ec
fbe7c7ef
54ecf5f9
e8f60122
0f01da14
27112310
040ce3ff
b312fe17
20ea042e
fbfbd2dc
f1dd23d5
1ef61301
0941b6df
f81f1bef
09f7e90b
f9eb381e
2ccced02
f3dce203
2a13e31c
e8130705
290be7e9
d017f30c
22052906
1906e738
29f20eee
0a47e519
fd3aed23
19b7e914
dadc0742
ef2603b7
d801e72e
c024c7dd
f512e2d4
13e8db2c
1dd80eda
16db11d9
0909f610
1ce51ff9
e220e81d
230b3114
f01111e9
101a1e1c
f3fde001
0220ea18
ff2a04f4
dc0406f2
2017f51b
11f626fb
0a250333
e4f80514
b8f6fce9
0de31d06
f2010ee0
6bf0f8ea
021c0300
fd131921
e0ef0ce4
f1fb21db
e1dfecf8
ee1526f4
e606d01f
f3e7fcf2
1adb07f2
1a00ffab
eaea2dfe
f2fff800
3200fc13
03ed01f6
1f03eaf7
fef52723
0c17ef02
0228ffda
00d22808
17f4f31d
e2f7ee14
f41f1709
e8042dfa
1c0103fa
040cf309
1208e714
ecf7f0f9
1417e403
e115f7f7
061bdbf1
13030c01
b3fd3908
140808dd
e4201309
e9e10a02
0811beea
0000fbee
f70400ff
05f2e904
0102f602
02fd2704
4f04e402
01033606
d6fbfcbb
fcfc0005
d5ce211a
16f209e6
f71f20fd
01e511d3
1efd17ee
0f39f249
ddfebddb
0a07fcf1
f878fe04
f402c206
e1fe18e4
071315f9
c9fe233a
14030df0
f4de1f16
f8d902ef
2934320f
33f7f6e2
dd10fd08
2efee527
dcdd0f01
da21022d
d0daca1c
4234010d
17e313f3
c7390ea6
091de22d
e605151a
0ad01dd7
d5e60c22
08ef12b3
271cfbad
0e25fc13
f42d46ed
d10ff604
f7f4e811
f4002019
0f11f2f0
011227f9
0b2f00f8
141217f2
2d212ff8
fc2b1702
fedcdf06
f1190fda
ee0affc1
d7204315
6f01eeef
f2eb1cf1
eb09fa06
df143415
0517f215
4c0330e8
06fd020f
39e4f817
e824f004
16fb0000
02f41302
fc021002
f910f103
e701ff04
0702e7fc
c2030695
08ff001e
f8f23308
d2fadd34
e7f63311
c7f8e635
f131ebfd
17001501
0939f5f5
95dd1e0a
e439d925
cb06fa08
47f02416
031909e6
07c81bdf
a17f0ee2
f2eba3f4
26dc08c8
f0963bd9
dcd854ff
a9e70426
f3fe1ef3
e328fb36
628520b3
e745a7ea
52e512fb
fbe02ef7
0df5e9f3
d40c0c2f
d2d6181a
efe4fbf9
e928f222
fcd0480f
f1c30802
0b155527
64211905
0d02fefd
48f8f51c
d4111505
d30afce8
1701070e
243225c0
119e02f1
e800f2ee
ecc010f4
14f3d026
fc243922
19e8dfdf
e320d309
412cfcf9
f4d4130b
0ddcfcc8
e11cfce3
16f4d923
d7df0820
ea11d506
1af4e309
01f112f9
efd827f3
1404b643
2814d905
b1e1fafd
0401342e
fa3cfaa8
e1dfafe9
f6def714
ebf30c08
1b1206f9
f0d212e1
f6000c0b
235020f7
e729f7ec
033b26f1
fe001017
ef282618
16e0010f
181f3ce7
03dd43bb
f007fad4
c5f2dceb
4a47c824
44280c08
120314f3
2efae7d7
ddf709eb
1bf2f621
1ad617ff
f30de50d
11effc2c
1b13091e
0ef12bdc
1bdc08f2
04ecebe4
09fae418
0d040206
c5240ccb
facb0634
0ef2dcf6
ff320f02
fd041729
0ee6e9ed
110fe603
16fe1a03
aacdccca
49f5ae31
4e0611ff
082dd51b
f9e909f3
f601e2e5
f9e6fcf4
f7e2114a
16f7e9d8
fd14d0ff
0fff1301
fb0cfc14
06cbf910
2231fa07
061d20fe
e43ff617
2405fbc5
20ec251a
c8e0e8f0
0e3216f6
fa160a1d
042ff511
edee08fa
22eff9da
f7ed03f4
dff704f7
f302f7e4
173dd6eb
f4d7c4fb
f100f001
d9ef16f6
df0ef3be
0b1f09db
0802edc4
0de7f9fd
0308f901
000012f0
0502f702
05fd6afe
cb040c00
06020f07
cafe0759
fa01010c
fcac0005
151ed72e
221cf320
0007e308
eadd11fd
01051b2c
e6f0dbdd
ffd41f0b
31ff0328
1edec8d9
100602e5
0133f812
a8130818
e2fef2fa
ca2202c2
14fb36e2
02dfbc1e
f435e3a7
6513212a
18e5fd19
11dcfac0
d529f6f6
0412a203
e1bcfc06
0b16210b
1d0815e7
1af314f2
f6daf9db
0cc2fcf5
ebf7f70c
01f2f5f6
e50307f6
0524f0f8
e7f9ea05
020ae9f8
23000df2
f7df26d4
14f704f0
06fd1df5
0de3042b
f40af918
fad8231a
daed01f2
f11802ff
1d29fcf2
db0b0dc5
edde101a
f616edf0
e81302fa
0605e703
16fb1d0a
0de8f904
2e3c05d3
22e1f731
fa080007
0e31ff0b
e0e80203
0e7084f0
1ae026ff
09383cd4
21d2a1f1
07eea7d7
ca4c10ec
e9fd3ed8
fb47be09
e402f717
191ed5f2
360de8f6
20f0ee14
fd1bf30e
22f50229
03250841
0bc3effe
01062005
51ed1409
eb02e402
1fd939de
fa25db20
22142021
f1c2d216
fbfbfdff
ffee0f06
f9ffec05
07e9f609
13040d07
06040c04
ecf704de
f8fc0107
170401f9
010114d5
f8eee205
f213ecf5
27070805
f1201509
f8fb2df4
0205eef8
040309f6
db07ec05
10dcfb0b
e7efe5ff
fd02fded
203508f7
110d351f
18fa0312
181bf0df
f307e00d
b8e510f0
dae7f1e6
fa091f06
f72ff6fd
f713eef6
f301ec1a
03ea290e
cb0700ef
ddf8f517
1010fbf4
271cc80e
f8bc0603
f1d3140a
d7f50204
10ecd0fa
0f26401c
1c2d0b1e
e70f14ff
e3fcc408
0d3d1f25
14cd3de0
1ae9e30d
e424f305
fafb33eb
02fff5ff
0bbdd83a
08170ef3
f71deef8
e70bfa21
01130ef2
f9ebf70a
fefdedd2
fb141cff
f9e701f3
24d6f60d
0500f829
f3082e07
212d08fd
0bfaecf5
091803e8
fef1031b
f30006f8
f2ddfefc
3c15f717
0014f9fa
dbf70dfb
ec131006
f0efe416
f6dff81a
e00a0221
13f9caa9
f3e6ff3b
edc7d509
efef0c00
f7251f0b
11aa1de9
c9230800
eefdb81e
0f0df1f0
0642e702
181ae860
25f60916
f4a7e545
e776b11f
091dbade
1d2ed1f2
4c2349dd
25221fe6
dc13ea3f
e4077f0c
16090bc7
d9110915
080c1300
f2f5f1e5
091002e7
380802f7
edc00717
1d4300f8
23df0a07
dcddf6fc
eded0af0
de03fcfb
ddf2c403
1c1adee9
0cd02115
e900fa06
dbf11af1
12c6e7e3
0c042c05
fcdf02e2
e3eff703
ddecf40c
1a13fef7
01f1e601
372c0504
1300ead6
2efcdbe3
07fbdbf3
dbffffec
f5cf141b
cefaa8eb
f508fbff
1d100501
171b1cd2
ddfd1df4
05df0813
f6eafc13
fd0bf846
01fbe1ec
02f2c606
ec25ff06
060120d5
153122e7
23f71814
0038dfe3
f1ff0a18
c815fed6
ec5a14e7
0bff1e14
090b0c0e
52f509dc
ddf1f9f4
fc17deec
df1704f8
16dbff1c
b9230109
22c2f2e9
6324dbf1
f62cccaa
3220bdea
e5a91a0a
f5c02ab7
08180f0f
f533f7f4
fb0ef8fb
dee90af1
ddea00ed
ece80504
050ddce1
eb0bf4eb
f3f70626
2b082206
0c2820eb
f0f1fc06
1c3617dc
f7f62e19
2c3b3de5
e3051cee
ff28c8c6
1bfbe711
2051ff06
ed12f23c
14e5e1e8
e315f90a
f6eef7e3
1711e11c
310c070a
fd100322
f9def2fb
2111f6f7
1fdafcfe
31160efb
0f10c824
2af8130c
f0d3ecec
080208f2
0528e73a
f70af7c6
f3dbfb1a
d31cf845
e4cb0bbe
fe4f1717
1342f8ee
0a0c27da
fa20dce9
e608f7b1
e6e41cf6
2b0bec1f
dd18f5f7
031ff6e3
e8f62605
1017fdeb
2ac0d80b
02f5e1f3
e7810d16
a020fe17
0e0232c0
e5d8f90f
23d3e705
094bef01
2a090202
1a1ce30d
e5fd0e32
14e6ff19
adec05f6
cce9eebd
27442cc1
fee2fadd
0614e8f3
dcf9e40d
ebef0405
fbfb0cef
f42b19db
f61dfd0e
2b08fefb
d8fae719
042b04fc
c9f20a11
dc0522d1
1ff108f7
b69bfc1a
f5f308dd
1ece1504
03ba1518
1c0217f6
fff7fffe
efd60b0e
f205091f
eef20d07
0234f009
2ffcfb0b
06d807e9
e4f5fcf9
150402ea
ef140ee7
eb0301f4
fcfe11f6
d3050816
1c07e61e
f2e1e914
eac4cb22
e7f908de
0decf4e6
e1f80103
da17f447
ebe70dac
ededfbe9
03cf06f8
e9e605e7
0ae3fc2c
120bfff4
ce1b180b
30eb2cfb
e7c1fd3b
fed1020f
dd0af2f5
0c161312
fc0cfed1
cbd21bf7
f203eacd
02c839af
28ee1902
f5165612
ca1b35e8
fd2f0a0b
da331c1b
07e71601
d6fded05
f110f7fb
f506f5ec
21def825
e4f8fef7
0d093af9
fff2fc19
080b01fe
fefb17eb
08de2a20
162f03f3
2e37fe19
ef1cf3f9
f920e302
f403e417
0fe31201
e3db1e17
f0f5c5f2
22eef7c1
0026ebde
fa3af308
fbf7bfd9
02faf0eb
e1e2fae4
08fe1ffa
063246ff
e02c10c5
2af208fb
fd2af2fe
fbf20908
d7ebe1da
d714eae1
d5ce0edf
cadcdd1e
d9a9120b
08163ad0
0fe91cee
f129f701
02e50032
ff27e1f3
0601f7e7
101b00f7
1ac0070b
09edf115
13160bf6
13f920fe
e3de1a9b
02ef22bc
24eef21c
23dc25eb
22d0f703
15f4dc10
1ea2f8f2
13e41f21
e9f8e419
fb09f903
fbefdafa
fb0d0a0b
222b2403
d2de25ed
31d925e7
f9270e0b
15d906d5
e6f3ed01
0dff1107
f3fce5f1
0df707d0
f93305e1
ebc9fbf9
0019e008
00f11308
df031100
f1d9e2f9
d9f52d1a
05fbfbf4
f7f00f18
17db13fd
1d11fde7
2ecc0ffa
1e1e13f5
ece9f818
e136f535
e101d616
134c133f
e6c70a00
eb08e50c
1307110a
2200e4fb
f900f115
2210fe0e
d6f20613
d6dbee09
09c618f8
f6250013
2113eb18
f7f6fa1a
e5e8e5e2
f6e53207
1d1c12fa
f315eff8
32060411
103f0dc4
131d0c23
fae501e7
0108fccc
4cfdfbf5
021f0f0d
1bc3312c
10cafd03
11fef5e8
1cf7e9ef
03f90cfe
fffff8f1
f62314fa
df08e5dd
3c053233
e7f6ed1b
f54aecfe
ebf12809
0ef9fefc
0412fe11
1effda16
c91bfbe3
f91dfd0a
ed09f212
0d014e02
0506f11c
f1f701ec
3cebf9fc
37dd0a00
e1fae2fb
1e192442
2e00e90f
0d3dc403
0218f8d3
b9ff2221
1de40223
08defa37
d3db001c
11d9dff2
1cf6090b
ee0cf013
f0c8d0fc
09e2e0d9
df17ffed
e6fddd17
e0fe18f9
f0ea21e8
011ff4fe
05fb21fb
07c60799
1ac2f91a
05eef90b
0a2a07f6
f6d5eeb7
2cf61d35
ea2ce0e4
d443e019
f72f0812
e501dc1d
e9ef06f2
1f04ec01
0aedebf7
f2ff0304
33fffbf5
0a3bdf23
0117170c
06f01007
f6d3de05
e7df14cb
110c1015
d9d8e1ed
e1dc0bf7
2024fa03
1a17f4e1
fae3f6c6
17192feb
18010aec
0c4114e8
0c1be011
fc40feef
40e7e301
d6af05ed
0ce51224
2501e3f7
0e023407
f747cf0a
4cfec86b
aee5f31b
161618f2
2206da40
2e1c0c1c
e7f004f7
d3060ff0
1d10f72b
06b9e0e3
f11d1917
12e606ed
13f711f6
0bdd0502
c50308eb
12ea0df5
eee911f2
db1007ee
efc4e10f
1b09040f
e2e3f01b
0d130210
04fa0d19
eb0ae83a
f3e405c3
062de912
e1f10a0c
eb46f2fd
18d531e4
10e42407
2be403d9
39cd37df
f7d915e1
041cde17
12980a21
0fc3de02
06ff260c
fc0df8ec
f5e5f00f
0547fef0
fcfee906
0eea011f
1713ec0e
0ed705dd
20311119
f4f4240b
010d01f1
e1d61105
18121e02
0e1cdc05
e6e40224
07f9f111
17f4d6ff
382bf914
d30e0d03
e4f7dfed
fdf004c8
eef4c8f3
f5f317e4
f5ffd1f5
06fef11c
eb13ee2c
3bf7f1fc
071bddf0
0a1bfff4
fb1d0215
370c1d02
e812c9eb
1de7f709
b2041b09
f40700e2
f20ef1f0
f6011515
09f6ea25
214ff007
f6e30dfd
0811e905
1c010bf9
0d07df1d
c5364ad0
3ee40809
f50603e2
f6edf3d7
e011d3ff
23e51204
06f1f523
0904f7e1
ed16f441
f4580b05
f611eff3
2ecfe5ff
0c2ff416
2837feed
fb19ff0b
fbf1f7f8
09080702
03ec07ed
dfd71504
01e405e8
011dd7f1
ef21e808
f102eb15
fbf2e4ee
baf51cf5
122eeb0d
0cfef2e3
fa193401
224b4902
e314eaf0
150fe615
ff04ede0
0402e2ef
fa1116d0
ea09011d
b63ffb12
f359bafc
17e7c9e0
fe3d11ef
b51e07dc
cb0811df
3debf93c
effb000a
dccd0608
f9050207
01dafc1c
f3f41c03
2d02eff9
1327de04
2d5211d5
e9fd4227
2dfde901
001ceb07
c1051625
edf9fa19
021d121e
d8aec118
0813e2fd
0c1107f8
241efaf4
fd0ce2f9
f2f413f5
d720f414
1dd6f8f4
e814e5ef
04e1ef12
eef4ed02
3b33ffe7
35b7cd1f
e1106914
dced2615
31cdecd0
2bac1a12
0662098b
fe7f0915
81670502
d6eddae4
06c008e8
e9e52018
d9d8f608
f115f02b
c60c1f3f
0811321d
271cf950
7f290fb9
eb184fd4
20d10445
e9f72d2f
0e312d1f
b3d6dcd5
0d0e0707
cc36daea
d4d0f3fe
fff7e50f
001e15ff
fbfcfef5
142cf4e6
01d811ea
e72701ed
11c0faf5
bcecfbe9
e1f14f27
02fdd9d9
e7b70c05
542730f3
2709f70b
1df40e27
012f08dd
d706dd31
1fc1ee22
cc092401
08fe0208
eefabd02
1f060df8
c6f7aee7
3c12f610
f5cdf7e9
1e07fce8
1437fbf6
13e3f6f2
e14018f7
ca1febf6
01180a17
0dedeb0e
fefa3a26
e9461afa
f344db12
ff111ee2
4803fbf2
d8c70ae5
dffe60e9
2baf0d05
0e223b16
fc10e501
1b28e9ed
f613ffe6
12e3e020
fabd18c6
fbfbed1a
d4010313
f3192d1c
dcd2eedb
f645e8e6
f727fcf3
ea0ea12f
1df912fe
012bd219
f9d5f204
b4c02bf5
e827cf2d
0fdee00f
f935f6dd
06d6b4f0
51431afe
fa4d10e5
252f12c1
1b26f000
f725cf2c
e80ffd0d
fcf61120
f7f41d07
072001aa
f70506dc
d3c80317
1491b61c
ead3f607
ddfade12
be36fb19
1fcee3d0
1f48f531
33bacc33
03e8f109
0a2cea14
270cdceb
1fe3e42e
14fb22cb
9620333b
bb0f0613
1a3e0de4
40f3f2e1
2cf100f8
e7d71038
e30dfa26
0a040605
05380dff
d950fc2d
032c10e8
ed1306c2
12ca16f4
001de536
f85811ef
0e180130
dee8eaca
5b1e0eef
10f40300
dd2effda
eafae516
ffc9f411
eecb29fe
ee04e914
c01cd7ea
fff2221f
f628ede3
c6f7f40d
fc061cf1
0fd81c1a
3a08fe30
18eae2f2
170a0a11
4a2d08e0
f2dbd31d
1f51ee0b
f30c00fd
fdfb00fd
01040bfa
f702dbf2
e4f8fbfc
f000f601
e10ffa2f
110b1105
c807072c
03f0f002
03111bf3
141ad5e4
5ed92e34
d8dae409
ebc5197f
f8b117e3
211ab202
cf0c0d22
12e61400
150df5da
01290504
fef5091b
19fa2f03
30f40909
01f1fcd3
050df103
d9fd2d13
30dae4fd
c51eee1f
072cf52f
eb1fe812
fad9f8de
de1a0b10
dae91d1b
14471bed
17e2f0ea
1ff3f617
02c4e6e9
e83bd1fe
d1000f45
052af6fa
1618e7c4
cc2af302
eedbf1dc
dddd2bee
f125f8e5
d803c6f2
f9e31e1a
fb1cdede
eee11eda
e8d90323
f0324e07
0612cb48
25f3f42f
35230fef
eb19e5fc
060d1afd
15f9e5d8
f8ea0bf6
f409032e
ae3e18e7
3520ffa8
0fef1df5
00e9d4fc
f2d4f305
12edce1f
f009d525
ddfe1603
f41feb03
e123fc0c
f92b2fd9
f2f108f2
ce9f0e2e
1ceee734
cbf4eaef
300a05ee
b72f40c0
0b01ef25
049ac4ed
06160dd4
f407f7d5
06f9d7ec
1bf6e00f
c71c24fd
27100f22
2b8f08a3
e409e4f8
f0e60ced
dbc708f0
13080d10
281feaf6
e8081026
0ff402cc
e10001ea
ed201cf7
df250204
20b9c6d9
e618c540
1ac3e621
3b0606cd
d3b01385
f9ba27f3
064a13dd
f619de09
10bc6db8
d4e70ce1
ed0423c0
350a2606
f6b8f637
131d0ce9
10c2f8ea
1a70f809
ea1913e6
025bce19
34e937cf
f3f1ef1f
fcea39d8
29adfc46
0ced2d04
f3c6f015
fd2ade0c
49e6fa27
32f5f2d9
0bbff4da
c1210d0b
1bf1fdd1
14b64dbb
210df2fc
ff4f2c11
f5ed9917
ecf3e6e4
110cd414
cbe6e921
11c7e94b
0df0fa1b
ccadef30
41e63d0c
b7c4f10b
03421ebe
d3e02509
0833dd4c
08191748
380fd4db
a1a0f004
e0def421
f129f01e
380ce12a
e8ea0302
630b13c7
ffd3203c
d0cbf3f0
28170b13
0cf9c7e3
8114c305
000efe11
01fa392b
0d05fab2
df141eb0
ef0203e2
eb1d0d1b
0744e9f5
ec286512
dce5b2c1
04ce6ac8
760e0dcd
261d816c
81272305
e0ed14d7
2df2e6e3
2d1e203a
ad0df709
f5f9fdbc
f9e2270f
e3ff17e9
f620f2e8
cdf3f805
e828d9e1
b50308d8
4ee01fe7
0f10f35a
31fcf3b4
e5f619bc
ebe5ebce
18e306db
133cf03c
f74dd308
13fb057f
2ded09bb
0928450a
d4ffd6d0
16be2fe4
16d7e9f5
04fbf0ea
111f1401
fa03fd0a
dd060aec
f40afbf2
f72fd94e
381bdc16
e30ae7fe
000cf612
1e05cdeb
e40fbaea
080b16fd
dde4dbf3
b904e6ed
10e3f011
001a01f6
16eeff05
dcf8e6f5
f51b32fd
0a1ff6f7
bf111210
eb1ee50f
140fe9f6
0eee03ef
141cdfee
fbc5f949
2bf0110e
f7ff090c
c1e515ac
f0f71436
f93fed31
703c02bf
230231ea
ef1f0bf2
ff28ed02
9bfcc5ef
452cd925
a622160b
ce1581d2
2c20ee18
20b31dfa
fc3bf739
1d02f2d5
4224dbe9
424f4e26
ec2b19e4
f0e7e2e3
a9f70e01
edc21ce3
ff110ff3
e5ea291b
0108e223
23e4f2ac
e9edf825
f0f40617
f4d1030f
49cf49f0
15595fdc
170139c9
e6ba09cc
207a0d64
376a045b
1bfbc6f3
52191ad3
d1db1dda
2c0fea01
0fc9031a
32111e03
001f2db2
f1f80111
18eb17d4
2ff0f505
1c2e1808
c5910328
50d30b12
f3f502dd
cee7e6b9
709bd820
26eb3940
d8511dde
00222d20
fafdf5f8
f2cbf2f5
b4f8d4f9
0bd4faf3
f70a0efa
03f2fc2b
0af33e10
1a05431d
f4ec17de
f10c1af8
00f2d6d9
093cd8ac
21080cf5
08f00e1d
cbeafa03
32630cf7
fc7f69e7
26dbf4c1
8122db27
d34d86f7
23ab29f1
406035e0
5dfecff9
0e101bd7
c3fbe5cb
16f41bdf
2c1c09d3
b51d2241
271a19e8
fdfe00da
f6e4f6e0
a50e3f0c
f1be201b
05ff11ee
e110111e
f4f1f677
1408ec60
1105d400
bd02d8f3
05ec2d24
1eedecf6
f5e109d5
b2efed02
f1fb1406
e81fe0ff
0cf2d613
31d1f514
efeada19
01d4e0e2
0bf2e4e2
dd0a2212
33a90ed3
38220d48
f648e7cd
f5340305
111ee7f2
00d220e9
1a101415
1bfe0df7
1efae71b
1e19cbf8
16df2738
0f4219fd
1920d633
25ea22f4
f0f1f6d5
08ec02e4
0508fbf4
1d0cf0f4
352bf424
fa0df61e
28abfdc0
7049d0be
f4e60251
0fe5f535
fd459aa9
4136f6c8
1501dd0a
98e9f547
0c1122ec
fce12922
a42ceee3
cefadffe
03ecd2cc
d1d1dbd7
0c054555
dca41511
07d70ce7
e1dff629
0512e5fd
f8e90200
13170aee
e4d2fee3
f1cb6ef3
de27f4f2
f0f9f5e4
0fb41227
f9e507f5
02100fef
e622e3ea
e5dff301
230616e4
01e1f7f5
1c55202b
08112b29
fc1104f1
26f21bba
f224b123
ec55180c
d64b48e4
d613f63e
07f9ebf2
e5f8e218
f602fe29
08fc1012
d119db17
05fe1913
f3f403ca
f455f705
da9de9f2
f0d31cb3
40ea1f26
ec07eccc
0c40f61b
e2250d0b
efedb850
fb41f7f1
20b62424
cd2a1545
18f313f3
ef06cdcf
f9de08ee
1beaeff3
023b1205
f40e1e09
fd2bf411
2be12ff6
ec16110b
413efef8
10d328fa
00e12806
151ceaf2
ff0b010c
2be333d9
46f1fd5e
35fbfdec
1af7f807
ebcbf0c0
04573955
faea62e1
49e2dcd6
9cc3fdf0
14a7e9f5
41ddc5f1
23320914
fedff001
03c1ecf1
175d3b23
5c190265
fc24dbf6
110325f8
23ff0710
00d20ef0
1b00f929
10cc081d
fee023e1
37d31dfa
f9f5d6fc
24e0d8ea
dafd2d03
dd372032
d70406e1
27020bf6
05d4c3e8
0bd1e00f
0308fbff
b21f2c10
cfcf16d5
2afa1844
1d1b2c0d
ebadd0b7
f5c2fc09
070f1600
20160d07
02e1e139
152905f7
33e9dffd
b3de21dd
f445efe3
1b072a18
1f00fffe
f6ee19f9
faefe41d
311e11f3
cafbed13
d90432e6
e335f2dc
f9c5f4e7
e31900f9
ff582cfb
140903ba
0d00fce0
fa23f60e
19f42156
d01b25cd
05f8ad14
eecff9ea
1be60c0d
def9f8c1
142ce032
100be7d9
03ef0b1c
faf5e71e
1efdc630
57d2f50c
57eeb9f7
01082645
da00e729
18e50d54
e8a6e42d
df1fe681
1ca6f30d
1eecf121
bfe209f1
0af9c1c6
3ed3d4ed
19f4303d
09e1f4f7
c0f24723
b3e7a4be
37ef02ef
fddbed10
0d00090b
f8151f1a
fffd2130
f711e1aa
e8a00f23
f11e31d6
d3b201dc
f102fdf9
040cf6fe
0303f6fe
030a1dff
8afa0805
ff011600
e00101df
0705ffce
7e8e292a
fba5adda
2b3acc26
3315d324
e3fa7f5a
2eb0be74
12443961
4510d1f7
b32ddcd4
d029ee19
fe2051f0
1309370a
68e85457
0843f325
fb25320e
eb1dd2ec
37edbb12
eff32ad5
ef130bf6
5b3ca8b7
f0b9d8f4
023a36fe
5cc5652a
eb0be106
e2fad215
f72675e9
f5351bf9
10652be5
eabd192f
ec19e5c6
fb00dbd5
a7fcf3d7
eee613e9
f91e0c4d
142b0619
fed9e3e2
23ccf10d
0f9b0e1b
f330e71e
c8f92905
fc20dfff
1fe9df24
19f20621
0d010424
e30fc4e2
e9e2f901
f6b0eb06
1c06fcf3
ff060209
17fbc325
14fc0721
f0e1252a
180cf8fe
d3da2f57
d7ecd094
dd66fff9
0ff4fdf1
f615f006
23f8ed2b
ce1847cd
4614ff0c
301a25d6
d6cd23ba
f1e10407
f808030b
07ce2ce0
161b0119
0106080c
ec010708
1232fefe
eee2ede6
fb080fe5
e5d82a25
0604e7c5
f134f512
e5f7f729
edd5dfeb
d5052136
d5e626e5
063b08ff
092afbed
25fe3add
0e0d07dc
0301e70e
2800f8ff
075907d0
d809c015
f908ebdd
ffecfef8
de1210df
d03ef5ed
4dedf813
0a19bfff
dcf60119
e4ead7fb
0f0e1ced
e0dc2202
fee1ed1a
081bff21
da0dfb38
f5011631
08e010ed
fdeb65eb
19ea1edc
fff4aff5
0ac60b30
1a0c0100
eafce72a
ca031805
f903e71e
102fb00c
e6f6f409
1440ca0f
282510f5
fb11ece9
bff209ec
da03f91a
09e30f27
fcf208de
de1119f9
f8e0dd0d
eff2e7fb
f008f3ec
dadc18f9
daf51103
1ffa040b
f3d639c4
12040ae6
24fc0407
01faf702
fefe0207
0bfe7f0a
23000805
08fffbfc
60f604a5
fbf530f7
192ed5f0
0523fde3
11e0fe17
0be2f608
0bf6da0f
11f2ef29
25263a22
2606f824
1bfe0836
ff04cef6
f1f0f3fe
00e5fc0d
cdf5f9f0
c7e5ebce
f4f213ff
e924feef
f90b5326
e8155107
21e13107
ce131a26
0b46e7f5
33e3e6e2
f0f3ee2b
a2a91614
2228ef00
e50e0b16
fe01240a
fd1be5f1
e921e5e9
33dafb30
f8f4e600
e1d808f7
15000a27
08eb25e4
0ce4db22
e50bd911
02db15cd
f9c402e6
f32622ee
d307e9fb
0cbc39fc
d4a8c2df
0ada0e2b
1bfd1119
f1f714ff
198a052d
ed30b319
2223e604
0814f7ef
01091420
1ef9f8d5
070305ff
f613e519
080207e0
06f137fd
f813cef8
0ca5e2eb
e30fd6ff
de0009d8
f917010f
e82338e5
02310e08
021e37db
fdd4fbf2
c1a7a7f7
dfeaf4ff
e60e2706
dfe6e9f8
19dd1d0d
fb09320c
0b011220
9df3e70f
ffe7ffe5
d729f80d
06ef0c12
02e90500
b7010334
f9dce818
10f32329
fbe9eeea
15efccfc
fdfb120c
1f0fe806
e51eff15
f8d82214
d2e21919
e3e015e2
e927fbf0
d513f83d
03d3f3ed
f0f7d71a
24e3f2ef
1cfe06f1
ed02f6c2
f253cb2b
10e7fe09
f51620fe
cb17f52b
1bfdfa06
06240bfd
db060625
162608ff
f01c39de
2cf215e7
fa0033e2
e429cf26
fe0eefce
0bd4efe2
00f5e914
a102f2f8
0de6fe12
f8eef442
fb2f0915
e7e70326
edef0bf2
0205fa22
03f70017
0320fdfe
09dd060c
1528ff12
01cc5410
f2d916ee
fb03f61c
e1ebf8e5
0bc9fb0c
201b0c91
fdcadf0e
0af3030b
eaf9c5e9
1eba24ea
dcf2e201
2f1f12e7
fd35e7f4
fd080212
17e73cee
1b24f8dc
16f2f514
f40621fc
edd40fd8
2706f411
06020117
e30930f4
ff301df3
df40e1e9
fdf5ec1b
1ed2f112
f0e1d41b
ee1dd5e6
3bdaf522
db34172d
e83e3703
0fc6fd10
dad2dced
e91c2cf4
f6f00edc
46f5051a
3ae700fd
30deea28
01fbe620
ec25fa0a
f22d3c05
1424eeec
c0eff4f3
21e31132
2e36ee17
261b0cd7
00000ffb
eafa1a02
e1022bd3
d51ef4f0
23f7e5ff
ecf4eeea
073b290b
0b25f9c0
ee2108f2
06fbf102
d78abf46
ec03dc0c
03bedce9
0d0aee0f
fcd6ec06
0cfae4e0
e8ea0ce9
22ff0d04
ebe73afc
2af8f1d4
0aeff50c
140b0ffd
26e200f2
eae920ee
de1d28f2
c0f4f100
12dc1a25
eadcfe1a
2e0e09c8
03ee05e7
2de8081e
0305133c
f4d215fd
14d5e901
060209c1
4419f1f3
f32ad704
0622e151
200b4810
1882e500
fdd9372a
07bf0c0a
1224f7de
061def53
10f0ff2d
fe06f515
f718e50c
eb13f506
16131e11
0d12f2f5
0c120c19
182de60b
11f70202
f7e8fbee
daeef9fc
01ff1220
f201f4f5
e4fff70a
d6050112
d94110fe
0fe6f938
0d08e202
de2afe12
04e600f1
21e4151f
0b17f90c
df27f6f1
f4ceccbe
0e1f084d
fa04df1a
1b0effed
271ef6df
d3ef3638
e84b45e2
17cb1d06
ecf936f3
ff0f11e9
140b0d08
0ffdd8de
fa1afd28
06e636f1
15e8f6f7
e4ff20ca
ea10ef0e
17fa030a
e210f636
0ffb1b01
d1010d09
eae22516
12f5fa07
f3bc0104
0a062dd7
d50828f2
0ee90532
0cb92bee
e812fd31
f10501f7
ed3efbf8
06f0102e
1f1709fa
1efffe05
0af8f1d9
0c092b11
f9eefde2
e9ec080d
ff26f3ef
e0eefaf7
f7e41bf1
1be70707
3c04eee3
13eeeae0
4ef8f713
e71c111e
e9f5ea1e
044e48e8
23e4fade
1b0200e0
07f4d0d9
dee2e9e7
0efe1fd5
c9ed09fc
d614e711
0dcc13e0
0621e507
fcf3f612
e8ec1604
461ffff7
d416ec1f
04f10401
dee9f110
f2e0ef21
01e6fbec
41f3d7d2
0004fb1d
2bece620
f719212f
f02813f9
f8d90f04
16e60106
d70be721
e3f4f70a
040beeda
fee5e008
330203dc
18e70802
f920152c
fffae21b
07e224fd
bf170bf1
34150f0d
0b65e4da
2003fbaf
010cf1f8
66f4f0ed
ea081902
f31dead2
f4082a38
f004fb08
ffe4eec0
2002103d
190b07dc
edeae91c
f10b31e7
2e25d3bb
fcefc9e0
11ebf0f1
176606f1
d6dd011a
0d1a51d9
0bd3fb30
fff81dfb
e8fb1008
0e2d0024
44d303f7
0bddae21
04abf4e1
17d13f21
3da4ed12
0001c82b
d3d8f923
2df3fdfb
fafef7fd
f2dff7e2
fff1170c
e02b2a1e
ec150be9
11b9f6ed
cf0cdd00
e9fcfc12
00fee3ec
030bde25
f0def629
e01605f3
fe28fa0b
f1540d33
060d1ebf
0eacd8ff
03f6e8e9
32f80ce1
2ae5030a
e99d0d18
06323ded
ee03fa0f
ed14ea01
f6e80f06
24fe0424
0deaeeff
0d2bfffb
0336db02
130304f2
0ade13fa
331bf607
e8380b07
2f0d0615
ddd6eefd
1611f515
3013eef3
0213f70a
0d1108f6
feff2e0c
0704fe07
ea0a0e1f
0f1111f2
f505170f
200e07f2
0129f2ec
fe0b23e1
28e4f738
a9e5f2f3
001a06cf
041b0e14
23b1f8fa
0fb7e6ff
1be209f7
15e914ed
1c2ecc26
0f270935
d502e618
c0ce4b1e
5af1f7f6
09e8e2ee
42ed2603
eed80d29
ded0faf7
19110306
f6effbf9
0ae9f6f0
0e13d8c3
fd07e710
e6be0e16
260df7fd
fff40600
16faffef
1a261f00
0c1be8cc
1cc11712
eb0ee2ee
d50ef8fc
e7521715
dbe510f3
2c0ae000
21cddf13
12140aeb
220004a4
f934140d
e008f906
fe2dfb05
ec120ce9
e81130f8
fd0d0eec
ee060adc
1fe939b7
f7bc10f2
07b1e7f7
ff0808e5
f9fdfaef
f6e10706
34101222
fddbc8e4
0d22fa23
e8d3fcf3
e5ed1af2
451c110c
d5258626
ec0cff20
d3473917
21350ff7
f52a2a1c
4cbdcd64
05d8fa7f
fd086f1a
1ee615c6
e4dd283d
020ced22
0b0ff0ec
f0edde24
d7c92347
06092ad1
08f29e07
f4f5f641
f23000df
0802080e
093e0f43
18a7f518
17f02524
f728f50f
25fbe2dc
f01af8f8
2b10fbcb
24fb0b1e
eefcf21f
f0d9ff2e
edd84cfa
e5cd0514
0beac806
09010cef
d6fb0a05
e5eae9dc
030f1d16
0a1e01e7
f8f9ca07
08f515e6
04efe807
ea272921
e0ec041d
f21c1108
0f2efd19
0502feef
0c080507
fadef110
1a32fd19
1d2c60ee
05ea5d02
e9fbe83f
0af11210
172c1df0
1419de27
fc0cfff0
35eb1200
2f0e14f7
f6d2f71b
97f5dec4
fa8146fc
e939ed02
0c09fc28
160004ea
f1fa1d0f
17f8edec
092616ce
1b0b1904
10020f44
f42904f5
0814add9
181afe13
030f070d
f71310dc
f702e7ed
05e9c6e8
101bf9d6
0be408e8
112bb813
27170416
04e4da09
f4f5f043
16fcfa1d
1c0d00df
082ff05a
f70307c4
0fe5ef1c
f501f9fe
f5d6021b
02e3f6f4
f40edff0
0d14f0f3
f521f804
083bfc04
ebdecd0b
f81202f6
25c2e0f1
11f7f243
19c61b21
23ead7c3
ddfdbc0f
dcea12cb
e4fa4433
da9121f9
19e70021
0a040315
f6f5df03
211af2ff
f205dcec
07faf4f2
fccd0d02
ed01d8fc
19e2d618
3838f403
f1fb12ef
04130ffb
d90aa410
fdfee42f
25f71213
161200f3
aef80308
f2e76e06
03032a07
0178bcfa
d41a4301
e8ee282a
59fa0d0b
221a2455
fcf62303
ef0bf8fa
25cbf1f3
f9f40c00
fbc8f6f0
ea13e218
efe1fe03
e5e4effb
e5fd0105
fd0a1402
fefdec02
05fd2800
d50407fd
0103ff04
4dfeffc9
02fd190d
f1ce1e16
1109d50a
0526e60f
f722dcf2
0ed225b3
d34f040e
0b151213
a71106ea
e8190d20
22ec260d
29ed0308
05effde6
20e42fcd
16acf7f3
01f9eb11
140c12f8
f10c2c06
240c0932
3516160e
19f7f700
fffa13fe
e2ec1852
fc153f02
f211091f
1d0afbee
f4d210e8
f7eafbc3
16ef25f9
280db40f
fbd9f8f5
faf92231
2108d315
01de290a
0b063011
2a1cf6f8
c5f3f2fe
1b151a02
df14fbcc
fcc83631
08e503f6
dce259fc
0ff9f1cf
cf180220
1f04ffe7
fc16fdf8
3af0f61a
cf120bdc
eef52cf1
2d03c005
0805170f
2b0fed19
31f5e5f4
fd163304
3af91737
02fbebe3
e20107e7
fa063bea
190e18d3
01120bff
c71fe5ec
11ca28e7
df1406df
06101000
03d71908
20eae3fb
ecf3de12
06eaf7dc
0601e215
07fde633
f831ff04
00e10611
f30c07f4
f20b29ec
2315d72c
2523f80e
08e51adc
fd38fb27
0fda00ae
0c2b0df4
e64204ef
f70fd2ff
e7f1db2a
f2170f02
ddf90301
d7f6fe12
1a05f72a
fefcf3e2
0c03b2f0
f0ee0cc7
0102130a
16fd14f2
1727e00f
dcfc2d12
f61ef22e
23d2e022
c80704fa
f2e0cf03
1f170e22
2b1e15fc
e2f6ea04
07de172e
08eafd1e
d702dd06
eefb1908
f4cfb4de
b44805ed
0c0347fc
ee531bee
a9353f0b
ff15e814
1991dace
1416e720
0f06e5f8
0627e600
251b0c07
32e2f513
fa2bf8f1
54f3f31a
1af0e818
1b0d032e
0423cc1a
062018f5
15f12de3
170c0c04
290438ca
11e70bdd
ecfdfdf8
05f302ea
134c0416
1714d6f5
f0e7d5df
09f8ee0f
fbfdf90c
da08f82d
04e41328
f30a0fef
1ec13eef
de30e03a
dfe1ef31
fc050115
fbf8f1f4
f4270ce8
f31c10e9
10300017
201504ee
3421ccd9
09f7ec06
ec09dfdf
f9042d23
1a030926
2c0a2618
0c32ff0d
d7ec34f1
f80a210a
09c821ee
ec13ede9
33930d08
14f842c4
19f12ecf
d72fe844
eee6d334
f1813e09
ef3602fc
22d606f7
0cabbe79
48fbf9c1
0247b7bb
39443818
aef501ee
9e27e918
2c091bd5
c8061e14
c7f4281e
d90cf9e6
c2fffffc
35c8ea00
32174e0e
4cf11cf2
0b11ca0e
45970ef6
02e2cd07
c5f3cf00
1b2fdfef
2815d231
f8e409fd
2a0e3028
0112e50b
de3e1516
021ac0e5
2bfeeffe
31fbb13c
21811531
21562bde
fa2e2cf9
b701f91e
d7f5ee31
ef1825df
abc72b7f
ededd969
0aef11e8
443f2d27
de390242
5b01e140
001b080b
a81821ff
35fb192b
1ad2060a
c9b826f4
db5f10ec
f0dc11ca
e0452def
f3e1050a
1ae71b48
34c8d6c3
ee14ee03
0ad70e26
c4e51705
e903f908
f8fa2008
3ecfdcf6
14eef8e4
f3eae507
191f1f10
2f0f05f6
18dc0e07
e35fe121
fe500fed
0fd7eeea
9804fa96
a4ace843
d1d73db8
1c20e4e4
f3042700
e509d94a
e4eb1802
563937de
fe062bf3
ce08b6eb
16130f23
471c170d
ed091f05
09dc27d8
07d023f1
27ebddeb
2dcf281b
c53343dc
0495fb35
e5dc3a2d
e781db28
d1fa13f4
2cfbb3ee
18fa0e45
b704029a
d62ef700
fc65f816
14192f28
1ae4f3fe
d13c2bc3
f8fd2106
e6f32909
f9e12d26
25031dd1
07e1fc29
ba131722
2510c2d5
f104eee8
15d6c0ed
e50e2f36
0e2ded15
12d40418
0ff1eadc
f8da48e0
d4050df9
f55813eb
08e9dfea
ff1a262a
02e3ca04
1b16f5fd
255e0c16
10ff120d
07390bf5
f721eb13
23fe1ae8
e3fc2df6
fbf53d7f
52fd1a22
f3f313c2
32f71002
1cee0bfb
0809e916
01e71624
e3ea083c
35d20420
0dd403fb
0200edf5
3600def3
21b7e71f
03161efc
1b151208
03ec1535
3d31d641
00f5f674
0f3dd6e9
d1ec331e
10b876e6
dd35d222
52c30cda
4ed626d1
3a60ee22
0d18f9da
f2cd1bdc
e3c5f93c
3307d7f1
fef307fc
520727d3
f01a2af3
f2cd1002
16033103
1516f70e
401d16c4
c9091404
08eb2f07
f1f629e5
222adf12
dd0028f5
11fbd806
0305c309
31dae4de
f326131d
090504e3
f118160a
44b52df8
1411fd01
dc26e210
d8f74718
e2dce2f6
f307fa0a
cac4e7eb
faffd8c6
f4f1fcf6
1ceaf5dd
fd0ffbd7
f0d20fed
281130ee
cdf5f101
011426dd
12da15fb
adedec5d
022c3a03
29051ac0
ef691f10
f008efde
dd0ce8ed
c6101704
18ec03d9
2de098bd
20c32026
fd11de0e
f8ea44ec
10f83b09
f73c1afb
f3031903
0a141a0e
b5b3fd2e
f229f7fb
04010b22
1f15ef0b
470f11f3
08e31600
f805dc02
d8f026f2
0d27faf8
05eee002
08213ae5
f8141b0f
c2fc39fd
c9f4f31d
12211a08
19fd38ca
cff7fa25
ddf708f5
0afece08
2c1c06e0
f8dbaa25
be135c03
a4fc03e5
15db0fdd
1ce9d139
28af0003
021fe2fa
1544e014
c9e81903
1012de19
2411fe24
ca120319
ff034315
dc17e005
22ebd7f4
1515fd0d
f028e21a
1de044d2
dee3e3ea
c916032a
a98c4604
05b4f3eb
f5f7ef22
1cfafe12
b42ec6ed
f8f84211
1b02f618
b6f2e1d8
d6d8f7c8
fb2b3afa
2a1225e9
030b210b
feea10ee
ffea1bf6
d7ed11e2
1df1c534
27fadee8
23102a00
e001100f
e3c321f2
ab2acff3
d7221ffb
44daefb2
ce07dbee
d90106de
d01d32fb
24fad308
f53c051b
4230103a
effb4029
d80c2afe
111ff932
af15e4ea
1e0716fd
f803c90e
2befe91f
d9fb0303
2c173809
10e81ffc
21fc09cd
debef8e3
2eee16fa
ea0d690b
cd1e1415
c0ef050d
f6e1ca32
120bd5f8
411517e5
17132e37
00090df6
e116e0cc
628b1718
fbe126fd
12fee326
d910eb05
2d100230
e804f8fa
e801e5f1
04df05eb
ee9fe5f4
f60dddcc
f9e3e8ef
1a0b2513
f2f5141d
381c2bf5
f60325e0
0c19c615
e7dcec17
16150624
12301d1d
0de42df3
fbf21fe7
16185706
0ce05a29
1644c80d
62b8e703
f2f53cf5
12ce0ffc
d8e3e911
d6d414d9
4210dfed
022105f0
e0edb830
f5fd0c01
df170926
fb0ad805
0d0bfa09
26ce20f9
08ca1afb
132adbd2
9da104b9
3aee2430
e9dee7e9
4b224218
b344240a
c0d10931
232f47a9
24d2310d
42361af0
bb73d545
0db21d8f
29ccc00c
202115cb
1e18ebfe
f00a8cf1
cb1d1fe1
fde8ff21
0720142e
1f29e5dc
3b131b29
62be7f15
a6f47afa
b5e2b1dc
56e9e50e
ab32c261
c2150a1a
48132636
4fead15a
fad52450
19ff4aa4
785db45b
2910c325
edf906b2
c9e8f4f5
a14806df
50f42201
2fe4e626
11141dfe
0b383dd0
0a0a5ffd
0e09161c
bfe60a08
14fc192c
47092bf5
5e21de1b
f330cd55
eb2086c6
d8f6a6ed
08fa0eb8
ec1001f6
1940e213
defb06fc
9d05ea58
c6f7ece8
fa5e1dac
e117fa1b
c8e5f1e2
39f825ea
d908ed28
fd041fee
99f0e837
f8f33006
db0724d7
eccc1ee8
03040526
fefe33c9
55befaef
f0f239ec
fac9f1fb
123301bf
3bc33de6
51e5c912
f90fd9f0
14b2d43d
023321b4
110baf01
eadac111
3b10612b
16310cff
10350b0c
ff0d1f1a
21bdc7ca
a22e1558
c4e4e2a8
f112e7d0
eff1894d
4be702bb
33e43722
51dff1c3
c57faf3a
06bb0507
13340af8
ced5d1eb
4459e3f6
1ff601fb
a37ffa0d
4936b7c3
2a0cca11
f3ddbcd5
dcf3eccf
d603f4ad
24061cfd
1ef310d2
c8db1cee
02f8ff20
f9eb050c
1520de03
fbe327d8
f80be70d
f61ce91d
f5f6fc0f
ff0001cd
f8fc1e06
06f72134
352cd9ec
f8f90925
f1effed7
f722a7d9
f3460813
e40eeeea
dde8f9f4
f4b7ea0b
03f411fb
b202f23a
18de17c7
17fb1005
fb19210b
39661af4
19dcd74d
e51c234b
27cbe02c
ff142350
1b089bea
fba21812
14103d1e
49ece43a
2300f34e
fd167f59
d901070f
d81ae44e
1be938f2
bae11502
eb2808f2
18182808
30eaee0d
e6e5e8db
dcf009dd
0706f802
b7251a10
f4fcc40e
ccdd1904
f70c0b0b
05eceb28
ef09ecf2
d2172a15
d6121fda
e8f4ddee
f3eefd26
e90bf109
1cdb19fd
090b2ff1
2b080102
ec0c0d08
fe160305
09fddb0a
fdf50621
13d7eb12
1dfd0400
28d8f6f9
e2d2ed02
3dd5f8f4
d20503f6
350bf203
e90a13da
0147fa27
e5fbf106
db20e2f3
fcf40813
eef2d231
4bf91a4a
fddadeb0
f6fd283e
98e9b806
faf516dd
0ffe1034
3aefddf3
cd0905dd
220bcf0c
fc07e209
f61f0101
fd370b23
20d6f202
e7fce5e3
eeeb050a
00ee2029
0c08f50b
33091c05
43f8fefd
09051e1f
3d1609e9
f90c03f7
f831f401
120813d6
1910e915
0014e5fc
14eb110b
c1f6e11f
c9e9f331
2e0c28f1
0a071bc3
faf305db
df31fe0d
d0fc2536
0a1fdaf9
1952d90e
101b03e0
b21ef4de
20080b24
d70cf704
d0e600ed
fdf5f71c
c515e20c
2a17fa0e
27eacde5
1a142707
e605cef6
07fce910
271d2112
0728f1fb
0d061a0d
fb0d0c1d
ececed13
22050dd9
f019fe4c
b9fe97fd
17f80aee
1af7f9eb
38e0e5f8
b83c3c95
2f14e5f4
dff3aa01
ffeb17f9
e7201fc8
e7f5ce00
e40eea14
bbe703ea
21463bee
2f07db0d
fce92406
eafbf710
e02ae309
dde111ff
fd0df6e5
e511f7ec
ef140e07
e40cd3de
fb0b00fb
ffff0e00
09f6ff05
1a1e2bec
dafbe415
001df718
41d8b915
1adffd0b
cd132adf
ee1300e6
e208040a
10ecffdb
0ff4f5d7
0c0f0801
4801120a
0a17c6e1
0df3fd28
1bf00108
d3c9e0fb
001afffd
fdf200fd
fde30201
01040104
ee040111
0ede04fa
ff01c8e4
020002ff
1dfc16e0
0ee55dee
eff338c4
dc32fee2
0921f701
1ff4d3f7
26cc0106
f8d9c5ce
170108d6
3305f2ef
f60dd5f4
f403fa15
d4ed03d3
0d0f18d5
ed105208
22080418
ed1cde07
f9163b00
10f41231
ec0df9fd
0626f7f2
0aea1ed5
28fa36f5
021e2424
24c3371b
ec483d13
1b011314
f33763f8
fa1501f2
d4fb0fd6
8103ee4e
cf4ce601
bbf2e5d0
11ebe9f6
0314f9fa
eb132ced
02f2c415
e0e1ef08
01f904e6
edc827eb
390b92e4
fb03bc12
e90a27fb
f10ef601
22e54100
010fc4d5
29e211e1
36cc0909
09dff217
fb0d0fe5
31093949
3b0e0a39
18f5e6f8
e20df42d
ed2fad01
32fdecdb
fff70c03
01fd05f9
06070206
fd02fe01
d8fafe1c
042df704
fefcedff
fc010500
0cf6ef15
eee8ef00
e8fbac24
f81cbf41
29f81bf9
1411fefd
f80ddc1d
f11c023d
e6f61815
db16f7c2
09f50519
0cf8e121
09f1600e
3512080d
0ad2ffdf
db0f58cb
1302281b
26b25316
1505d12a
2117eaf1
df270ee8
32d0fefa
cb075d06
17f806e8
130e1cfa
15fefc02
15f11604
0c37002e
c0f22c0b
cbf02e9e
eb11faf9
e4173613
06244927
efda0002
cfff96b3
fd433cdb
eb30f807
cb4b1025
05502ff1
ca054102
23eb4319
cf2c09ed
e5e2eed4
be17abe6
132811f6
220b0716
07f2080c
fa6b5ae2
ddfa29f6
c4e71df3
01f50900
d11d0ae7
3f21072e
22f82711
01dee7f1
d607fe31
040bc2f7
cbf408da
feefd32d
bddee602
0ef1cb0e
fef8090e
0b34f319
e605fcf9
16f00833
f521fdfa
e6f7ccdb
25c3d2ef
1a3fd006
f409e7c8
f75df62d
b1da02f9
e506f204
1dd9ec20
09b7dd04
cfff16f9
b9ecd220
d916f1ef
e9f5f8fc
00fd49f3
e2ef1ee6
caedfe1c
c5ec1301
23ee1201
0bf91fed
b008e4f9
041e09bd
0cfd1917
def8d110
0a36eaea
fff503f4
d4c8e72b
dceaf017
db141dea
fb180609
f2f528fa
e9fed7e6
2c04fdfe
fa06fecf
15e4e713
1d0dfa12
fb0ffb10
0d04dff0
dfe6fcea
e6f4e8d9
e118040d
e9fcffd0
0ee80fdd
e9b63901
cfd6f610
001dfe08
000e2ff5
1b1bde1a
00f10fe6
d8ed2d04
321af5f1
e1eb220c
d013fa15
d7cd24f8
c440040e
fae4e513
ff1622f3
15dfebed
00e61dfc
f51206fa
fef6da03
000906d4
eff9e807
cfdded0d
f01df9cc
e8f10707
cb090414
dbd233d3
84d5fe07
02dd04f7
d6e4fa09
faf6fc02
fe050402
ff11fa08
f7f800f4
0d02010c
f011fb07
0301d5fc
01f90200
c913f10d
addc0a07
03040721
fdfcf1f0
090af90c
faf8efd7
0dfb0c0a
f329faf3
0ceff1d9
1bcbc807
08f7f1eb
0e1fd9fc
58fe2ab8
edc61528
100ee828
ecd9ff0e
44062635
c5e608db
c608471e
15c42a51
083d0f16
f60a2adf
24e5e6cc
ef5408d7
12f31e17
ff0e0112
f0f4b329
200f1606
1afb1905
1102ffdf
ff09e9fe
1c0b03f2
e0f1e6f0
030f04e2
d4eee71d
2d10f6d9
06f1c614
090cf420
f0f1f20d
cdf6eff9
cd391002
c7ebfd0c
0f06d4e3
fe11e8e9
f3f8e90e
04082af3
14d8f7f8
27d2cf01
21f2f3ce
c7e21fe4
1ae2191c
e8142b29
2906ea11
0711df14
db09f2d3
f30c13eb
e75dfee4
f4d0f21a
f97f16f2
e020e4ce
0fe12683
38f815ed
e93cb813
d9f812eb
b5f7f513
f91d45e9
1014c402
d520b8fe
1448fafe
2702e91e
ff96e737
2a2c2703
39d154e0
13c8fd0c
27102ce8
d5d60355
3ecddbf3
0c2411c1
04150e29
f0dacdcf
ff08fbfe
fe1c04f9
fd220801
0a05fb01
35fd05dc
081600fe
070819e0
fafcf705
3bd60ef3
fe100816
ef000505
2c19152b
f6f6f9ff
25f7fd08
0fe8e406
2bda1c13
f5e316d6
14fc1614
05e80eee
ea14e81f
fd20f02f
f6104607
18eafeee
c4cbbf07
47cff5f7
d0ffceef
0b0f06f9
fd250af3
fec640e4
0cd42213
052bf7fb
35ff071c
0b0c1928
fd05f205
10faf71e
1f0a04e6
0dd703ff
f503150a
18d9e100
0a14fbdc
d5fbfa0e
fdf7e310
22112305
f701ef01
0efce70b
15d30c10
f205ef2b
0f00cc11
222105ff
34f6fe0b
e226ff13
d51a2523
e5254b26
f8071a02
18291a02
12020216
f2e30306
fd0b13d8
fddfe7f5
22faf442
1df7daec
000f3113
170be21c
e8e5f90b
fdf3cde3
fc0eef0a
1306f0ca
dc07e7ef
0510ecf1
20feee10
e8e60200
55171d21
e5f8cde5
bafa07e2
41eeec03
15ebe135
1beb02fc
0f070739
e8d2f008
136dd5c7
e8e6f008
cc011df5
531017c7
c32b1110
3ae4ff0a
4c2029f8
fef5ce2e
031dd0e8
f7a6e017
13e52127
1b062f0f
04150ef9
d2c03330
6412f70a
dcd818f4
00e7cd29
2edbf1fe
06071af4
0803f202
df0e0de7
ebefdce6
fdf52810
1ff50405
e7ffd831
d4f1e5fa
100efa13
06f41849
c403e622
2a08e7e1
0ff4e203
0fdff7df
3f13ff02
fa110ff5
0711f4e1
080bc9db
c2e426c8
0908d2f0
ba09d6e8
e500f0fb
d53018e0
ddfe20bc
161103de
351f2530
d65dd3e5
e50c1ec3
d7d42728
e7311a2f
dc103b21
1afe0f09
d9f2040a
f2e2f911
0e2f14d7
0ef32cf9
10060d02
e54d08e3
051c110b
fc20300f
20dcf8f5
fc161ee3
16efc804
f0b727d6
edde29e3
14d7f30b
f4e0f1e8
f9f4eefc
f3e71fd6
d712ebf1
001fac19
ee2cc9f5
0b1b1df6
0ae322e8
1df72205
12ffce3d
072c9df5
0e18f6de
f9fff8ba
e5e60118
12052b38
fd13dcc7
c9e51ada
f3e0efe2
221109e3
f4f708c7
dbe8fc38
ead01e05
ff00f20c
17c91610
f4d4d9f1
1010f6e2
effc09e2
04f4df00
cbd7b811
16f104eb
13e53df7
e1f0f00c
e1262cd5
0ccb4317
0d0de92e
0513e3fe
fdfcfbdd
12e30606
0ef3fefe
0f16f803
200ad3e6
2c0200f1
fcf00c16
e51aed43
3ae1e8f4
02de21f4
3df81f0e
1fccdd20
1f1e2ae9
defb483b
da1efec8
07132a2f
ace7f8ca
e6051702
28ffcf33
320a0414
c0160b02
1c04fae4
ef00f102
14f8d9f1
22f1f50c
251cfff6
e5011816
f9e816ee
feea19ea
14ddd917
37fb09f8
f713111d
04d1e20b
02d7e5d3
fffce2d1
e30df3c6
df141d39
161112f6
ee08edda
f6e7c0ed
e7e0d2fe
3412e011
b9e6f40c
0de5f302
b9034800
0cee0100
1e0aee21
1706012a
b9fff112
06191a09
ec0ffc25
02f211fe
dcff2b03
f1121de1
f6e91012
130528f8
0415fa04
151a2e03
13e20513
f6ddf010
01e6d9f6
dfe5eaf4
d5fff400
13f15347
cb330b14
0256f9e9
c519fdd6
e818fbfb
03e0f6e5
1606f913
f5e7ecf4
c814edf7
01c71511
e5ebf4fb
121b0727
f9f228f7
eedb0fe3
0dfeabcb
13ed1cef
ce0ef9ea
fafbf808
e623e807
dee61e17
eef81117
2ae82806
f8fde6fe
08f2f512
d2ec0c38
cce9ff1b
eae90eed
1913f013
f2f016f9
f91ef20c
192ced2a
ea1025e5
a80cf8ad
edf7db06
e91cf619
e8ff3505
ebddf7db
16fee81a
12e9fe03
000303e6
11142717
f508fdd0
e22bcb0c
ec1c2e15
f51a0de5
12f5180f
010a16f5
01e9d5d9
01ffc5ca
04cef7e8
e71323e6
0930340d
f1eb000c
34181421
ffff1e02
e802f2f4
fcfae7fc
12e12705
26fd13f1
fdf614cb
0e17dd05
35e4f824
1cf708f8
070bdd1e
110bd9f3
f4350126
e0eee31f
31fcc9f2
01dffff0
f218e617
0a0cfbfa
070afd13
f91a2ce7
e0100b18
dacf0f00
d4ff4cfc
2124fd2e
19de2cf1
0fd7d613
eceb0af1
d8e9e50d
171f30d8
013e021a
cb1813e7
ebfc11d1
13cd1d02
ff05f8e1
1328f807
ed23e8da
0e19d307
dbf1ef14
1cfeeb15
1108e320
e0e8f016
ff36fd19
ea0b4019
0d05fadb
0ac009f6
02e8f801
e0e41104
ece4df01
19df13f5
d11ef8fa
190d02fb
0df8d700
ec3507d6
fceef8f5
0cfd270d
23fffc1b
0d2b24d8
002af8ff
f8ef1c0a
e3f313ee
12d0fdd9
08ef0a19
ddf7e1e9
062d0b03
fc11ffe4
cbfa2357
fff22d14
aa0bf5fa
1105e9d9
07bfd2cd
2e0f0619
fbc9fe2c
bbcee206
e92211f1
eae801eb
05f520e8
e1d921f7
17fff90d
120bf804
22dff601
2c1505f1
00d70cfe
eb0a0eff
18f2feff
e90cf5f4
1f21eb07
130523ee
f6f51217
fdf203ec
dd253534
ffd621fe
290e2a07
f22c03e9
f1d3df0c
ef21ec24
0212e1da
f5321010
21e33fef
1106d51d
fcf90fe3
f116122c
1ef808f0
ee2c0ff5
dc0108e4
1ef82009
0ef516de
16e2ef0a
2f200fed
36cad015
04f8eddd
fb0401fa
f1e10607
e4cd00ed
d1061903
cde91f2c
e9f53113
f714c5fe
fa29240e
053a33e3
daf8fd9e
070f1804
140bda1d
df00ebec
1d02e322
45b628eb
fc2111ec
abefd604
fffed51a
dbe6dbf8
f1e9cc06
0202f613
def52a0e
14e0fc00
1809da0c
0af816ef
fb1c04fa
f4f3fa11
010cfcf4
fd2b0de4
13fb25f8
f438fff1
cd0df40e
dc1c0914
d2fff0e1
e42619de
f4f3c220
f5e81121
0e10efeb
110704fe
f6fde506
d708d9ff
fc0421f6
01e521fa
fd03ee12
17e80906
2f09f600
19e2e1d1
fae30105
28e6f715
2425ff2a
0822d1f8
e0e522f8
291428d4
00e60ac9
5a27ceee
cd19a702
292329d5
fc3023f0
0400d105
f4d6040d
de23ff3d
81fc010e
0100d4b3
1a2919eb
d92d0f3e
0e47c032
171dd9d6
e3fb17df
e9fe0409
13ec2003
db310512
2210fefc
d1e62ee7
ff20f11f
ee0bdb10
0c0b0bee
f7150520
d5f60634
2b1ce6fd
eb34bdf8
f1d40ff4
fd15fedb
d7fbe4f4
ea0b0001
1cef2fe2
d4e40539
4b0df5f5
0914240c
fefc0702
0ae81e00
d128bdde
282b0608
d4fcf328
1bf52ce8
2d01ef3d
ffde2a19
ea081cf9
e310f9f1
eed34306
d3f2ede5
080b1af1
22f5e303
32210ce6
fd14f40d
dcfcd812
14e9020d
ec1d2124
e50cbe02
08fd05ee
d209df10
2accbb04
042bbc03
2c0911cc
f3f0191a
ea0b142e
0208d8dd
46fb20e2
d3effcfa
0fddfd19
09f202e6
19070e21
001a04fd
08d21bfb
b8085824
1b0107e1
d5e3f723
22ae0a0b
092cd919
1d01fce2
fcfff3df
df1c1900
f7f91004
df010428
eb0adfd2
16ffca3a
f4e6ea02
401d0715
011c07f5
22cc190d
18fc0225
02fc0303
ea08ff01
0af022e7
1813d505
da05f0d8
e80c0313
29e6f2c9
fdeb11ed
fdd100f3
e9091423
0103080d
1948f800
eaf8e70a
ebe91e05
10e8d1ef
133dd525
f10dbfb6
1de7bef6
bde21bd7
0f12fb08
d5101df1
d00302f2
eaefd316
14e427f1
ed04d8fb
ff4000fb
f2d1bdf3
0addf105
f6dc1702
ffeafa16
2037140a
141ee515
331f1e0b
f200cfeb
a6e3fc10
d32117ee
ff10fbf1
16ea31f5
caf2fe0d
e105e70f
eef20b17
0b1136c4
f218c300
f418ece9
01e42708
26fe23ce
dc1e0cf0
f506c10f
3a021717
3ae11df4
11daccf5
edf4f401
ec091105
ef140ae4
fa06eee9
0516ee0d
1cff011c
f2dffa32
08d2f910
311eea06
030004e0
142c0fed
1623e5dc
1906e102
03ece8f9
f608e3e7
2205ebe2
fbffe811
03fa1ece
190bfdef
1efd0aee
1cfadb24
0606ed00
f5da27f2
af0a3009
16f2d7f9
d01c44db
fb0d051f
36adc6e6
570ffdd4
17092b23
030e29e9
d2f610dd
b91feafc
01fc0d09
46353c3f
dfdc7ebf
ca410f08
f3d3f4f0
00eff417
f02b111c
f5ed4bad
09e4f515
e5e1f3ed
f7061903
20e9e7f5
291ce607
eff6ccf8
f1dc0df4
11212201
2e03cf19
e7f40825
0bf403ff
fd9c0125
0e0cf917
10d11800
0cffea00
8105f960
c4f8fb43
ceeb2b90
d7e8f001
c7bc1006
20c90311
34d9e930
1402e2d1
4ad7f3d2
d1fcea0a
40da37f3
172c041a
04c00500
eb1303f8
2efc200a
2328ed14
e937efed
dffcf1f7
d31b3be9
e0f7fdd6
ded50cc9
fbe62524
e2f31704
e3b3f815
112119e2
000f11d3
2af1320c
09253005
fc1721f9
df22fad9
14f4e603
0212b818
c601f402
c118cdfe
3ad60bde
1fe6dd0a
d2fa1c08
0718f9d3
10083800
1c2217f5
da2edbfe
ff0009eb
ff2a0bf1
1611d4e8
f1f7e7f5
3418e21c
e7042b05
fdd513ff
1df7ff46
022d1b19
f915f1e0
f6e5c602
0a2b1427
0af71810
fdf8ed2a
2a0804f9
f31fecf3
e1effeea
ffd502dd
1adfd7c7
223d48ca
efc5bc0d
ec15edfd
f3ed40ec
e439e012
bb29fb2e
f130f3c0
2608e3ed
eee5d402
1825ed2e
301f2e3f
d9cd2c54
d4ff1b05
2dfae5be
05dd281b
2b00e17f
0b2311d5
dc25cb07
d5dce021
9628c3d6
e018000a
e4f8e71f
0cf5d3e7
261efd09
f9e60e57
f004e4db
0ce91dfb
f78ded28
113ed1eb
f52d261c
1bf9f203
0315b52d
07018bb7
2cd81008
162743d2
d1dc1628
20410cf1
dbe60dff
e0311d33
f61c44fa
f10012d8
fcf14bff
f2f8f1ca
1922defd
ef4af20e
c90415e3
0e271116
ee18481d
f4030a08
0501f707
00eef403
f1fb05ff
fe0bf5ff
f0f6f9f2
eff3f60a
000a18fb
dc140f28
0d2905ea
2c10e72f
35e91a00
c696c5ed
0152f1b9
e8dcf2eb
310a1416
25e916d5
f91a1204
e00934fe
aa34dd11
e1052213
24de0cbb
f0c9e4c4
ffe5dcf4
051dd0f4
b2200b14
e1fa2401
babf130a
fbc6dc08
3b07ceee
e80eff21
d807fe07
ff29e213
2c09f8d7
c81157d5
3308c849
29b2170d
f3cde5df
e942d61e
0908400f
ec080903
fb12f02f
181fd11d
621be81b
e3b94af1
fee717f6
03ed2b1d
03e8f1eb
fee215f1
1606e9fa
c800f4e4
0ef44907
c539f5f4
30d2bce4
0fc40aa8
fde4d3f1
4ee708dc
04f4e3ec
d4101d0f
e01f493a
0237d6f4
1ee130cf
0aeb1413
4b1407fc
44f919eb
05d1f9fe
fbf904f0
2da20281
18160611
e808fff0
f7eafbf0
090305e6
db221be2
e0d9fd19
3f12e41e
982df2e5
00b31645
f20d3796
e43240f4
04f38108
04f826d5
22e6e8e4
f7e30332
e6623304
e90803e5
2a0c1003
0df600f2
0313e903
fad989ed
1ef4e9d7
eff6ff1b
ecf6aef5
f0dcf50a
26fef8ff
14e4161e
10453216
9d05df38
1c1604eb
0feeb0f6
a2df3af0
e3b51509
e8f30026
290c1dd5
04f8deb1
4515b1ef
e9fc210f
03f6ee0c
03e4bad6
fc36dddd
08fdcde8
fecae32f
f611f028
37363a55
4815cb0b
f50ad8d1
eb2b12bd
1809002a
d81f2ad6
0da30fcb
24f5f61c
1df07fd1
f6fbe328
d6314af9
d9ee2733
1a1aeb0b
cdd1f60a
ed15d94b
02f7fb10
4edef3e7
feffe5e8
0cfae115
044af5da
1ec7ff27
eae9e6d7
0beafebf
eeecdd02
fbe8f50f
f7e3fdb5
4be7e91a
df1608e4
f9c91ae4
e90925ec
e110c5fd
23e21610
0c1820c7
26da1cf5
31f8039d
e30ae0f1
0edd280f
c617f532
e25a0964
e9fb33ff
c5002dd2
c639b937
f9b60b81
2610dcd2
cdce3f08
23efbc07
284ffd07
0257fdde
15dfe118
13c625d8
1ba70605
d5c60418
180b17c5
6ff126b1
24f13826
17f83b11
ef2ed712
22101210
d2d10421
f32905e3
18fffd00
a0fb2ff7
e0e5030d
1a26d9ea
090f26eb
06e42b21
19ee1510
d5040de2
3508e5f8
b413ab04
1aa8d5e3
3ae2e737
edcbf8c2
2afc1df3
66dd41d6
45200ce9
4edac318
16f9e752
f6c3f4c9
01a7f0e3
18e6e2ec
1ae125ff
2233c815
2647ec02
f040ccf0
1317191c
0a141de6
55fd04f5
fed9e2c4
7e0d1aea
b610f5bf
28e2f0d2
d6fedfe5
0411fa23
fbee3518
4ddd4406
e8d2372b
2f250ceb
b3f40ed9
f1ee2003
4a044fe1
18f3e8f2
0a18f1fc
e8dd1309
001bf0de
fec94fee
10d0c541
6bd53449
03fa28d6
1a41c63f
f0cc571a
221797dc
700ec536
ea032b3f
f2f34ff4
1349f5be
500e1d03
081ded26
0918c8ff
37bca30d
fe0d4bc7
06dd157f
1514a602
b9df4937
32189301
eefcef20
1acedad5
da3fd5f2
a108ef04
1b00070e
d408f8bb
ee274545
173b14f0
e41d3ce4
fbf1040c
ea5bc72c
8118ce0a
7ffbcd0a
1d2be30b
1ab6671f
ccf06af2
fddf75ea
5ad0adb7
d73715f0
27b3f37b
422bf1ec
c8ec28db
912a81f6
1e3b192b
59fb81f0
0b21f721
643616e8
110ed1f4
da0af8da
1202b2d7
2cea1165
f1d754e4
f31ae117
e31c0648
b2599ec9
00d9f1e9
12101408
cde1ed36
dcfa0fd0
fd09f618
2b0cf616
01f902d8
09d1f2fc
defb2908
170defd9
1c0ae50e
e6f3d10f
fe3d0b08
d6f4f0f5
c9e4d9d5
d10ff01e
e9320d33
d1ece911
1b1c381e
c6d7c9ee
63483512
a845fb04
4a23f630
1af4cc0a
c7f8dced
8df3ff1e
ece42936
12c6fa12
0c0dfde3
dcfcfe2a
fbf80de8
48ea4a09
2ad7fad3
fa22c3f6
dbc9e6f3
a9ebd9d8
3b293a4f
351a0aca
d2dd00e1
dcfbdfca
0d0815f0
f20fdee9
eaf91bfc
ec0a43ea
1fd3d007
fffcd029
1b1ce105
ebe2140d
081020cf
1700e213
00d215e9
9c41b4ec
07fae511
fd0fd4ff
e6fef521
ef40aed9
f905cbf6
0df4df19
18e02305
14093d25
091601e2
ff15f303
14ede2f4
fd3dce3c
1eed2ede
fa2f1f15
1403d5f5
0ce1f9f8
edfd05fe
3a144001
f0301c06
f61e4205
0ae55c81
273e2737
64e4ae14
1fd63dff
0084fa13
a82119c3
f5c71005
ee19e717
1c0034ec
001f11d0
e90937e8
7d361609
00c8d8ff
140b5016
20e60c1f
26fd49ce
ecde08fa
09ef0206
f3e92520
08c8104d
14180ff3
0a07f611
f9a7ea0d
28d5e8f1
0de82634
e618eafc
100f4215
23e62edd
02d0f900
ead902f9
f7fadefa
39dbfc2e
f352e2d9
b0f408f6
d6da071c
047f261a
19d281f0
12dcf32d
d91128fa
260bec37
151afaf6
10f6f7fb
2603eeea
16d110ef
01ede8fe
e6de1409
10fd0903
050c16fb
33fefd42
dc053c23
4e02eb01
ccfef9da
05e42bd6
1138f0f2
ef742334
ebdcc010
39f8e7d1
0ef301e2
f62303f7
f9510500
17e8b1f7
f7e1b2f4
30f8e9de
a12e2d08
eaf6dfe3
e602ed20
28122aff
07d10627
f9ffedf3
18efbbfd
eccd09f9
bc2d2c35
dc13eda0
ff06e3bd
0bf4090c
274fd656
dadf02fc
f507a711
e5320921
15fd08d6
1709fc33
b3ee3dc4
263881e3
4517fa09
0a06070f
26f7653a
f994194f
3425ee2d
3637cd16
caf912dd
15ea220b
daec2a3a
f211cf25
f5e60409
1221d8e8
20f0f3d5
ef1ff60f
f9fecb05
d0f20f15
21230c20
13f8e8fb
25edfffc
1eddf7eb
2918fbd4
1a0bd1d9
4505c01a
15083850
26ecbc29
0be006f0
27dc11cc
fdceee16
ffdf1bef
0602b0c0
1816f5ff
d5d9eafb
2031c5d8
e7d5def1
011cc4f2
13093b21
1bebd8e2
f8d70e06
0ce1ece1
0e2d0614
0ceef4f3
12ea02e6
efe4f5ef
ffeaf527
db05e71c
1cf9dde1
101c0df2
1607ecc9
f3d241ab
dcf1e6ec
f02ff319
fc0a1706
db213b02
100fe6ca
1ad2edeb
aefa2bf6
f518c116
3204eef3
bf430d19
dfb81512
f5cf01ed
d7c4283f
092a8d25
1801ced7
0cfa060d
f2cff7dd
51d41a46
bff0f7f4
461e2a24
d71e2afd
0ae709f6
eb01e8d4
e90f0b2c
b52fd51b
11e8fff3
002a2ddf
b5f3fd38
1bf3fa25
eaed09f8
1cff3bd5
07d34828
00f902eb
04e620fe
e2ece6e4
d6dede19
0409fe03
0209fa07
fb060001
00010400
c90005ef
0ff703e2
fffd70ff
00f9fdfe
0e3b2a18
4512ebfc
4f232af4
eac616ef
b11ae6b4
24d12462
fb21f181
0c3918fe
e332fbbf
327652ee
fae1f119
030cfb10
e301fc0b
e35329ad
1a30f245
385bfdfe
05d6c62d
49a805d1
d54ca214
ef342b44
1ecf39e9
d03fccd3
074bf5bc
dc341ec3
1f240118
1cee02e3
12b9a504
eeece14d
6cdb2d21
3be1094c
21490db8
e2f3db08
f5051711
e3f8dd1b
f0f9dde2
1c07a3dc
06f5031c
e830d5e4
12fe06f8
1fe40a21
b5fd06f4
21110b10
fe0afaf3
1bdcf7e5
0b0d0aed
e907e2e4
f11ed710
e30617f7
f7e516d8
ebdf040a
b1f8ccec
dc13f11b
0dece8ea
b2d05df9
0604ccda
3bed06e0
3d2325fc
1901b4eb
e4c2e7d2
c7eaf514
f9f31505
0fd923ff
1cefe2f6
f71710f2
f21807e8
18fce7fa
dd020cdc
f711d611
f10ad1f2
f5e2fcff
19cc002f
0c12e91f
fee1c4f5
16fc2048
1002eaf3
04bb301c
07102009
1e00cbf8
05e91909
b7f902de
eef9f004
c9f90feb
08121be4
e7cc0102
e5dcf1f8
4bf80102
122c03e4
071f1a0b
04feecb8
da08e2f5
1410dfbd
ee1001fd
f3f639ec
e109def4
defdf620
13f23826
4004e14f
2ebeec11
24efb1ff
0a010c05
17efc510
12081af7
1d30e4f3
fcc4b4c1
daf9d50a
51f300e4
1a242cf0
bb120b0c
0ce512ed
dfe608f9
ed22ff1e
02fce82a
29091bcd
021de227
110d0403
1ddd2d0e
03d9d8ea
0ffdf401
f02c0e48
33141811
0419edfb
fdefdcf5
2fef0403
f5ffdb1e
ff1ef800
d4e6f1ff
fc1ffd1e
efec0f0f
fff7f5fb
f9fe09fd
fc1e06fd
0e03fefc
0e000724
04110a09
0a0c2303
fff9f606
030535e9
e0030616
e3f6feeb
0651e0e9
ea08fa19
fc02fee0
1cfff0bd
131602f8
1111ff00
0bf603f8
0b0dfb33
101bf5ea
f81e1af6
e5f226f9
1efa02f1
0b16fc38
5747b1e1
331424f4
addcdd33
320e16ee
16203514
5bfde81d
f707214a
f6142f09
100fe50d
d312dc09
f50b24e7
08fbf8fa
27ecffeb
03fa03f3
0e0aec1c
2a132817
08f5c016
0e070ff1
fa130cfe
e101fbff
07e32807
d5dffcff
1ac8e80d
e9eb3040
f1ff2def
57fd1509
f2e12ae1
2897d0e7
012100d2
40f83916
e9170003
0ffdec00
c6eef9f2
f700efd4
11092403
fbdf34ec
f126e7f7
1df603ff
f337fff9
130afc01
de18f319
fb23f2fb
f2f5f4e2
c90d0de0
180aee0b
22f5ebfa
e7d4e40f
e7e6c208
c9fb4819
0dc4cb16
1e3344f3
f9f5fb0d
d51edafa
3d371c29
1cdf0651
0e0ae8e7
1c0f01f6
e1f9f814
d9fff81d
14ff1be2
f00d2c0c
0a0d06f1
feea2cf2
e21a1e00
ee1cfd03
da17f629
ef051512
ebe112c4
e7e1eef2
22eccff2
0f0e1f20
a9f50cf5
f130181b
f4010821
ebfeb4cf
28ef07de
d836f824
f11c0800
fb0521f9
fc11f5db
f0f21ee1
fd06f6ef
1b11ebbd
dffa2f0b
0651f5f1
27dbf30c
fb2d00f1
10e0b5ce
ffdd2006
3d0715d0
2012f602
55f0f50d
1968f90e
fdf934f5
ed4fe116
13f4e706
2007d81a
ffe7072d
18eff726
eb09f419
140f1609
1a03f70e
13f100f3
ef050c13
0cf80bfc
25040019
f6fffcf4
e0d6f611
eb19cff3
bf0a0bf0
02f80f0e
1ff3e81d
f1092fcf
00e41e2e
13f7f120
fc1812fe
1d2ded10
0c0cf51f
01fafff8
d4040c02
12190007
f612f006
2cd0f612
f52608d8
f213fc1d
e3081207
06f0f3ec
f40b1d32
e9f71fee
200dec14
e80df217
1be828c1
0c11fd05
1df01310
ff32bb04
fa150c13
2f1010ee
181ef6fe
fd061dd3
f50629f8
cd0c1c21
e706def7
0f560dfd
140225f0
f4271a1c
e0f903d8
14e5220e
0b00ebe2
cd37171c
de0fd509
cfd1f40a
fc21b0ef
0de52a04
04e3f7eb
e506e222
7f23f906
142e1619
cbefd4f8
f7f1f6f0
05fac0e2
07ff21d7
28f9d5fb
fd20ce1a
c2d0ff35
2ae03805
e6f5071a
10dcf73f
13df190d
f5030b18
d1f6eaf8
0fec04eb
1d08fb0c
f3ec3be1
ff0ce102
eef30e12
1cea0be2
19e5e6df
e8e50be0
e0160226
1bf219f7
d903edf0
37e329ea
e9f8e1e6
1b09ff33
cafeb1aa
4cee2f03
21fe9acf
07bda9f8
1d240c22
daf8d305
f000f1ee
2af9d605
fe04f6f1
f50e1ff4
0fff12f4
220ae8e7
0eccf907
1d1e0ff8
f82ff70a
0a151cd6
01e70911
20ec08dc
edfa2e05
23e703f1
1600f6fe
0f04ffee
02f81a08
3b11f60b
ff13fbda
f509c331
260f202b
0b21f633
15c9ee3b
13210317
17e1190d
3af5fdee
013191e5
93f8ee07
fdea02d1
e511bdcd
e849e9fe
d8293824
15f7fefe
81d9161f
26e4ed0a
f316eeff
dd11caf2
30c5f7c8
efb0d4fd
3bd305f4
1013e8df
d92cf221
fde5edef
02eee701
cee9ec43
092601f4
03effb10
1707220f
17da12be
d5e1e3ce
490bfcfb
ece2d1d4
9de5c115
63f9f920
07230108
e9fcffdb
171ce41d
ed05ee45
0b1c04a6
e70a18fd
1a070e02
fbf5e427
e428020a
0600c314
0de900f7
04f511f2
08fdef0e
19edf01f
0307030d
3ceed7ef
010810fc
f5f2c029
29f2190e
da0fece1
190ae0e4
251d0603
1eefed01
f7f809d8
282f35f9
05e3340b
f102f504
ef1f2b0c
1711e611
131fe21c
df09e9d8
20d2e21b
dcf4ea07
0dffc1ee
10f6d200
23ffeb42
cb1a050c
f30c0d00
f40817ec
fcfa28f0
cbd7f70b
1b06e40f
e11aed16
2cd50b18
05eed704
2114feed
ffedf7fb
fbe2f01b
22191efc
e4011ded
19e8eb0b
e1ea1d02
320df0ea
0ce5efea
2017f4e8
fbf3f7ea
290803fe
34e8f617
f9b4dc0b
3432cdde
b9e4140c
3cfff81b
21110f56
f83a0228
3431c7f5
260a00f2
16f1f809
100802dc
22e897d8
f721d233
f8040701
121b2002
03f9352e
e8fb29f7
e33cbb33
1051c81d
21e7c605
e5f2ea2e
0c1b1b34
d6decdb1
dcdcc8fd
0f045423
1b51fc04
dfd41cf8
f3fbf1c8
f7e41ee6
e7d917ff
25411cdc
f5f8080a
f92d2711
e56347e4
fef04046
02ee2d02
f61606dc
02130dee
05d7ff14
24d5d7e6
f7ea09f8
0be1c611
3a0a122e
ea26e237
f8fc03de
06db2cf3
e4fc03f9
f350091c
e72e2af8
fe180412
24133a44
05fdeee5
030fef06
07fecd1e
15c0e706
f4ec1f11
100fed01
02f4f2dd
f005fafc
cb051102
d1e91710
ec19131d
d21d230d
16f301fb
fd073803
04f2e9fe
06fe1802
0f160f0f
f912e411
0e10d0ef
caf2d61a
e4c3d204
1512ec05
f4090527
f6e7efed
d223d210
0c22fa0c
25f4d713
11d8e9f7
0af1f614
fef2edff
d64be312
b60ffde5
2bf8ea07
29f9ef36
c5eb0c20
04f605e3
3bb1c701
e8ec0e2b
0af7df22
e20aaebb
f9fbd2f6
26ed21f3
1ffd070e
e834132c
0b000719
d3eaf8ea
ea17f0da
ee14fa1e
0316f6f1
06020bfc
30cb10e3
343b0cd5
f91617e9
f902ea26
fe1c0cf8
ed0b2102
0d0b2607
32d80e10
de06f90a
ea01f2fb
f9f92125
d401e8f4
ecbe13ee
f5ead5e0
ee181011
2af92603
5103fa00
4af22702
eb0715f0
47e00f10
f0ef12cc
02f44917
dc17324c
fd032afd
12e40719
24f22102
060417eb
effbdbd5
e0eb0217
31c01b04
1301ee25
f7e7e017
e40bd11c
03c61c18
a4e8ded2
7f34ccc7
fef95be2
45f4f914
f8182a47
11ef0618
d2f79fbb
5b5ce5e6
d0e617db
d6092812
50490bdb
15d417dc
1508d510
bff7fc22
1d0f14f3
05ee0c16
e819dafd
0706db06
08ed130a
e60024ea
f7ff0d1d
52de2219
01eafb39
26eef429
14c01cd8
fde91a13
ebdf1dfe
0fd7e4bf
16fd02f0
c9fedef9
06fefaff
fa0f0f00
ec3611fb
d50bd9eb
1a0006fb
2f05d316
eb18d80c
fa03fbf2
0a162800
28d13103
073807f7
28f302eb
e1f9fd04
0be14b04
0bf61aea
fcf92513
f70b23de
1a0da706
df362be3
bb1606f4
0fe8120b
c2f900da
09f3f001
de2f0cfd
f7020803
02060e04
e220e7fb
3303d31f
ee0af1f3
d9f1b245
1d05d3ef
1b08f8f0
f00213f3
070212ce
28c1ecf8
eefee5ee
ded2e907
ec1107fd
d8d9e202
201107a0
102725f8
d82724e5
ee20cf1f
e7f31711
ebf6fbe6
0dfe03e3
150549fa
1e08f60a
e1011b1a
f0ed21f2
e01114ec
fd14db18
070011fc
151fd707
e417f907
0f060c20
daf42a1f
e510e8f6
18faeb1f
0007fde6
07d5140c
db19fdf7
fb0febdf
e912ea12
0c01e616
2111fcf9
d82009f6
feeeed03
16e409ee
26dbff27
15c9111f
2c20fefb
eff6e933
0a1734d7
1af2eee8
26f0ed14
0704032c
ea12efea
c5e0fb06
e01734e5
0afd0718
e2301c05
1f0ad0fc
330628f7
f8e5f1cd
1fd9e5c7
fe36ffe9
f25843dc
046bf205
ea1424f8
caf22479
af81f7c8
1c26f9cb
18ea0eff
f51526fc
f214071f
fbe21416
170e03e8
08f5fc29
fbece9d7
022210da
0712ee0f
fe03fefd
00fe0502
fde902ff
fdffff00
eaffffd2
041203fe
00fee0f8
fe00ff02
cc3a1cf7
0d3cb439
5205fb1c
7af7de2a
dc3edf1f
cf27f124
0d0ce6eb
15de2eec
1a1d1202
ef0c0df7
ed02def8
4410d8f1
f312fc11
d9150901
e3f0f623
f9fbfa10
f8f6051c
06e81048
1af6090e
d3f813de
fe0410fe
2805d6d9
11f52bf5
0bf6d6c7
f3002911
e908fb2d
cff20fe8
181329eb
ccd3fad8
0d00060d
15e61eef
d103030d
1223ecef
abfe13e7
01e801bf
c0dd2ee3
e4f0f713
0d11f31f
fa1c17ef
f21ee9db
e117fa0c
ecf3e508
bee916f7
40edec18
21dd1f15
e5df0ff2
03dc03f4
21151dfa
0e0e220c
f9ef0d04
f7f24901
01d3fa0d
f700fc12
e3e3030d
e80df0f5
f11619f1
f8e8fa3e
18f4e9e7
d707fa2c
1c5efd04
ea2834ea
c8f519ea
0931f0fa
e0f3cf22
43f6eff0
17fb1405
43f81409
c80f12fa
fe1cf2f1
04ffee06
09e2dcf3
1d17b0fc
0af0e420
f112f0dd
1feb2945
e3d1ff15
c1d1f10e
e91817fd
13e90fff
ecf6cb03
f101021b
1217f403
ef0afb1a
13fb101e
3cf0f1f1
04f606ea
faf0dd0c
16eceeff
21c1e7d8
c0eb0fd9
ef1e3d07
f3da1e18
1ce50ced
dd132407
f9c70734
04eb0bf8
020cfd0b
0d001a0a
df15d005
361f0014
0e1f05f2
1fe63701
1cf4f71b
dae6d6e5
ebd4c5f9
8de2c24e
02101531
19efe523
5b0df0eb
30ce33fb
32e12016
54c6ad06
d8eff924
eefa0502
cfe723c5
030f0fff
17f8c7fd
db07de16
f8d921f6
e50f1cda
f50a0f12
0bfde20b
0e08d7f9
ecfdedd0
fffbe5e0
ff1a09f8
09f916fc
ef3c4227
0d0adff8
1a102905
15fb1f21
2be9f3fd
c8f2f626
ec08e2f9
10e707cf
e732fcfb
fee7de00
19250af2
eff3f20f
f80ef814
0b190c03
1fd0e51b
d6daf1f7
021207f3
f6f8d2f2
0b0df500
e20801ff
0412f52e
06fce506
222005e4
f209e811
1234effc
f0f51722
51e1e20d
01080118
f92610eb
f60e2af6
20f30a0d
f8c001f6
1902f612
f80a0217
d3270df8
e802000c
0323e906
18f7f407
f7f2e700
fd0ff9fd
1202fb0c
dd02f7f4
d0430ef3
fdff2602
0ae553f3
16df1324
09d6adf9
fa19fb03
fe06fd0f
e7f0e605
f7b41b04
3006f0e5
0e06b624
1b02e8ef
f515e7dc
0adae30a
fdfb0505
0c08000b
facfedd7
03f9a8ea
10eecfc4
fefe0904
ff0e40ce
ea09110a
e30307ef
220cf812
a5f1f2f7
f9050aff
ed0ef11b
30dd0eff
4ee70cc4
fe110af4
d307fdcb
bffac6fb
e71319f8
f2002739
05e03ee9
b8e5e617
a9afd1fa
f9120703
fdf1ff04
20fde408
10f02711
e008ff30
02dcfce7
0a250021
ff24f2f9
feebfcfd
fc0c110d
3d1921f4
c7ff0ef9
fc113f17
fd1a3ce6
1e480d05
2935af33
02de0201
0a0b0507
160cf5f6
24f8f709
1302cd13
0003f63a
ea0c131a
11fee70d
f8cf0e03
ecfbfaf5
d90d0242
f610fecb
fb000329
ff02cafb
dcfbeaf2
db0c19f9
064a0dfc
40fcf915
dbdde9d9
06d4ff0c
c101c313
054ff423
1602d0f6
0d2dde26
e4020d07
0207eaeb
0f0d0208
ba10f50e
ad08fffa
ff141601
19f5f624
fe14db2b
05cf06f9
05f8061b
2c132209
f00926ed
f1feb343
f80e1e0a
dae2eb0d
ee30ebde
0ceafafe
ebf5f20a
8f0a192c
19f82615
c8162eb7
0c18dcf8
fb15e801
1714e523
f7c201f3
240b0e0c
230af413
35f0f4ea
effc0efd
eec33db2
e42729f5
13171c2b
03f6ff02
e1fd09f7
0004f10a
c3090a23
c102effd
053f17cf
ff12e632
1e2002f8
02fd0bfb
eb1013fb
2c280a0f
41191119
0f08e9c1
22d72050
d1f822b6
53281202
03cfdf11
e9090d1d
011c15c6
d230f5f0
a000ece9
0d09fc30
0ce510f3
f300d723
ffe1070f
0100fc0e
da1af103
0201ef08
f30c1700
fbf6defc
10cb0925
d62d0115
fee5f1ff
ee030404
1706dd07
013fec0e
f9f7dfe1
08ebbff7
e91d1a08
101c0a16
17e801fd
dbf4fd10
f41912ff
df232406
1307f31c
07da58ec
ff13072e
eb20fc12
f1dd09f7
f20710ee
d91004f6
ffc31a07
d6ea3f0c
01e4acd5
0d28fa10
d408070f
fbd1f0fb
fdfdf506
c416fc11
50c10319
c5f737f5
f6569f34
11d2c1f5
d8381930
fb0914f1
20fbf1fe
bff310eb
fd3bdb05
620957f7
fc42e0f5
f3daef0d
03f0ef10
fdeff8ff
3f05f508
c018dcff
ffd6f131
d0064515
fb23b2e7
fc0ebb29
06f6ff0f
faff0d09
030ef1ff
fc23f9e3
e0f8f4f6
ccfee8d7
071dcd06
0822e916
ef092cff
feb301fb
fd00fe07
ded3e5f8
eccb06e0
fe0107f0
f325c44a
c5fc1eac
f01700df
02a2f808
0cf8fdf6
e6e803f0
07d0ee1f
00fad027
198e00dc
f0fafbfb
19edc8b8
ff2ef9ff
0c03f12c
000fe9f6
1022f8cf
b81a4e11
f4e035b3
080007f3
27fc39f1
fc150bfa
12fb0e09
24fd050c
baa2eef6
3efdfa1f
012325fb
0a16ff06
d40e113e
04f9f4ff
ed00050c
14f8ebdb
c7f1e5fc
e0f9f096
fa010e0b
edf0e2ea
f11afaee
01f908fd
ec02feee
640003dd
d63afa16
c304d527
0eceed10
06061fe4
090802be
02fdfd01
e50609ec
a1dffa0c
1ad41ed4
e3f922e7
fae10fd9
070b24be
3512ed20
fd180d04
1c05ec07
22302aed
f65400fc
4006b9d6
03c1fb15
13fa0a0a
e8c62b7f
000ef5f9
0efb04fb
3aeefd0c
3d2efbee
2811eaec
f6130304
e2270726
f4c23840
eae1f202
f1f708ed
c0c40700
19e0d70a
1204f1c6
02f4e322
eaeffd06
05e93efd
0e4f120b
f6ff05f9
1222de25
e927eeee
960e18b0
f70b22ef
01faea76
37f744fb
07f2e3ff
1301f226
bad60b19
0553fc09
2e02f1c2
07d9f2ee
003d1ff0
181acb2e
fb3af903
0803f9f6
4a1605fa
ffb42500
a8ffbd32
0226f4df
0bc52ce4
ee011c16
f6ec0a05
e4ff0104
e60bfadd
bf34ed1e
45100103
fcfb50cb
2ae9eef6
15f2e32a
f7e7f5fb
16020507
01ec0123
f3dfe8d7
f6facfed
08e9cb9f
fd01d29a
dbf8edf3
03e0fdff
dbfb010a
2c00eb07
c351e3ff
080328e4
070fe8e6
c8fdee22
04dc1c34
fbf30803
10fdf806
f81ffbf5
c9f324ae
3c1105af
eed1f513
f607f9f3
bcc72cf6
0026f5ee
e8ef0105
d0dabe03
1fcb0be2
e4f9c1fd
fd1d41f5
2e11f633
0b292213
00bc02f9
fb0ef61c
0807dde5
1af119f2
f4062200
fe2cd32a
e41bed22
052be41c
fadf02fd
b3ed02ce
cf0f00fa
56eb002b
e51537d3
0c2decca
ccef03cc
bc2839d0
03f3fe03
f60209e4
1228e810
4411d322
14f8d72f
0fe6ecf8
fecf133c
a7e2d4c6
064cfbfd
d90105f5
eb03151f
c5dcf6d7
6a004119
001ee132
efe733f4
e104a730
fcaa02fb
c108fce9
29d5fe27
e6e2b8eb
4afc073e
0cd1271b
040236a1
e73985b4
f819fc01
0507e5e2
ffefd7ea
e2e4d9f5
f9f726c3
05173ecb
f3f3f804
05d1eb9d
f22202ff
0b03faf5
1d53190e
d93cabf3
cc002c14
fa03034a
faf6e611
dd00dcf8
1bfa03fd
d9ef1219
11fdfbec
d640fe16
2c10e6f4
f711fde3
0030f030
22fad33f
fb36f504
1cfd02e9
16f8eb09
7b16200a
34e43b07
13deee39
32fd22c6
29c541e0
c8ee08fa
4706fa18
fdef0606
d6ee0313
140bf6fa
03e6180e
dcfdde48
0ffcfee2
fc190e07
fcfdf80b
3b040d09
2ca6ddcd
3e140244
040ab511
1af1fc27
eee8f4bc
ecd5f9fd
fa10fe25
0403f1fc
330ad217
15f8ed3c
0826e8e4
e4fba920
3be61f15
ff38f9f8
090cebf5
283ac800
264426dc
0801f4d5
0e22f1ef
1aa7f804
f6f6c431
f659100e
f9fa0a07
ade01acf
e2ecec05
01011ef9
0eb14410
dcfbea34
4a0329cc
ffe10314
10fffe09
ef2ef811
fd28fbf3
f4fff40d
fe12f71a
09d2ecd4
ff361806
f807ee0b
160d0001
1c3b0bd3
06f1edfe
c1fe3411
0dfc39cc
221cfaed
1b000032
f7b31dfc
0a06f304
b1e4e50f
11d6e809
26ffd62e
fa125801
ed3412e8
01ce06f2
ea460cfd
f408f0fb
e9f8d507
d2e31e0e
1c0bde18
f805c6d3
ed1128c7
130d31f7
01d000f6
f7040302
65f6f4e6
fbcf2bfe
4800f953
15ce5113
04f41406
cce74b04
f8d6f903
0df50aeb
1d2effec
17f90801
f3fc032e
fd02d9cd
e8111be3
18f1170a
fcf91208
fafcfdd7
d3ed0f17
bf12120b
1a0607e8
11f0f0fc
0d31415c
420dff00
f408000a
d0f90022
f6e70be9
fb16f11e
d705f0d6
f5f8400b
03b31028
f8f8e401
08bcf302
1efe060c
e84517fe
cdde4bdf
ae0735f1
ffd526f6
05e5201d
00bdf83c
00c8f3fe
170604ff
04fdf702
b91b5cfa
10062bb1
fbd2f5f7
0a10fff3
0706da01
fae809f4
14fafafc
e8f60035
0b16d1f6
280e383b
e3107ad0
d33e18e2
ecc8fae4
0d0403ff
1cfe0703
0f042d15
0d21bffe
0502cce3
10f70a08
fa07affc
e703fbce
f5fdf206
100108ee
2f2edceb
3dcdea1c
d0fe7fdd
f67ff70d
407c3fee
e4f99ff8
040afafe
f5f2f7ec
e110f9fb
080f230f
e6082e1f
17d6144b
c9f02ced
81d6f338
fa08f30f
d8f415fe
e32216fe
1227091b
f04af442
9effd539
d51be0e8
0ef8d11f
2713ee0c
12ec1305
07dc0100
0bd8071c
db01e6e9
01fcf1b9
15dde7f2
14fcdfda
f8c2fffa
1002f8f5
e4db0103
f2feaefb
020326fd
f5e91f16
0a05ec23
ee3fb20c
fb3b0101
0a0b04dc
5581f82f
ecec3106
a60213f6
07400d07
e54bc627
23df0e07
030bff01
f1ff021b
0e0cfd03
0a06f8fd
f9cffd02
82f7fafc
e503f5fd
09fd05fc
2604a318
022181f8
ed6100cb
cf3f00fc
fe041a2b
f84e1345
04fd391b
39114cf1
f6c702fa
0502fe18
ebd503de
f2680a1e
0902fab7
ffefe215
d2253504
0ab1391e
021df402
060bedf3
3601190b
f2ebff0d
06fd030a
09d307f0
fd1d07ec
21db560c
093cf705
07fcef01
e5e715f7
0af32d1a
140fcf30
0bf3e9bd
00c7f5a3
ba0beb17
ff161809
f80b0ee4
ba03ea11
d4cadb13
16f501fc
eff54413
05ec1d32
d03301d7
f9c911fc
00010b00
37e9dcf4
05fb16ee
580feedb
1be2220a
d5082325
23331a08
2cc10809
0df30a0b
e704091a
1120ef1b
a507b9f8
fda232ec
08d4ec0e
18ef2f1e
f528fd05
fc091de2
02fdfefd
fffc0000
01f900fd
19030002
5602fd02
02ff0201
8101feee
02fcd1fd
471501c5
08c920d7
360e1bce
fc3ac8e5
c2cef120
022d0f05
fb46f803
f1f50904
e61efdf9
06e9f1f9
f9fbe41e
f7ecf834
25100018
3518ff2a
f4f2fcfa
1005140b
e21c25f1
eff70707
030fd038
fcdac12d
0603b821
25fb3be3
f22a0813
13ede8f9
030432fa
e7342b3e
ec15e829
eb1fcd00
e9eae6b0
fa2c5112
07e70407
d8f0f712
05a8fc1e
dc90d107
3a042e30
ebc529db
0ee4481d
f133dd1b
110106f9
0d04da09
a7230af2
21f1e6ef
f2dbde2e
110cafdc
f60ef121
fbe30a16
ddf00601
04f8dbf3
40fdf4c5
c911b2f5
f106d9fe
091bec05
ed1007cc
d326de37
f3fd0d02
220cf7ff
19231603
02fbcb0b
340efd0a
ff0d2b28
f0073bef
352ee9e4
fccef804
1902feeb
efc716fa
c2c3d7f3
de062202
0311de11
fb05decf
e33c04c6
fcaffc00
f300051c
6cf400f5
e41a4000
44e00c04
dfd3f901
e736fe08
fdcee0e6
09f92f2d
0822011e
fe02f6dc
811ccd0c
5701fa09
140fee45
f01c15bd
dce7017f
f581e6fe
030107eb
36fd0820
f8261be0
feff3326
fecef8e8
e0f226d1
fe0a2ffb
010a0605
0804fcee
e808f111
fce8fafb
643f0719
f4e70404
f10e0b32
e61de602
fbe9fb03
f0eaaefd
fb031927
fb312410
abff1e4d
ff1c0ede
11c8c7cf
1bf0f300
03fd0207
e8f9f3e9
ddeced05
d3ae2e19
0d05f50b
fad8ece3
fadc1ede
edfbe9da
f2fefaf9
12fcffea
fbe1240c
12f32106
e0f9dc0a
08362716
e5130af8
04ccfac3
fbf402fc
11fce11c
4fe8fc1d
33d70fe5
f400e408
07d237e5
e30dcd1d
1210e0da
f6640bf1
fb00eefa
00fc0000
01fc00fe
008105fd
65fe0700
0c0300fc
02fd00fe
11fd1af5
ff28fefe
3a28fcfb
0cbdf400
0607dffc
f9164945
0111cfde
0003450e
fbbd00fb
ed0deff9
f220eaec
04dcb911
63013439
fff7ddde
18dc0016
28f2e5fb
065006f8
0c060af2
d2e7f5fc
012921ff
27fae3f1
170ee30c
f505d4f6
f2f3d2f6
fb081406
fff7f60a
eceffef7
fdf008fb
2d02e7fb
f70110f0
2b17fa0c
dd1c1508
06d90bfb
08f704f4
9c031d19
111f241b
09bf1f42
55ecc03a
d02a02d7
00edb736
580c1bf5
051ae70a
3005e70f
343628f1
eafc1ff6
fc15f209
231cdedd
e0e003af
03ea1100
01fd05ff
c2ddf8fd
ef3b32fb
f802e0de
fadbe6d1
0ad0e8e4
0807f22c
fa3f0704
fff2ffff
c1f506fe
1b13e8fb
1b08df0f
0005f508
1f030efd
fb030213
023cf6ff
19080b05
e0eaf3fe
06142fe6
2804f3d9
dcf82229
f31ed300
cbfe24f8
02f8f410
f9010208
2cdd17ee
5cfc062e
491033c2
eef4e9f3
f8deff05
ef0ccde4
fa12e507
05f31612
f4060208
05050401
fdd8ff00
f1fdfc02
1c00fe07
fcfdf000
540217bc
0881e304
cded0b02
dff73807
f90606e4
0000f2f1
30e4ea26
ddf202d9
f7d8fa03
e7040307
2a52020e
5821e6f6
03fe0e08
01150cf3
0313fde9
063ef4fd
025dff00
f2fe01ee
304ae7de
0111f10a
f506d7cc
fd010402
f344da06
2ae22635
066a0bff
f3f6f901
d8fc060f
e7011012
e5fc1801
0614b1ee
030a16f4
14d50b41
0016fa04
1afa0601
f246e6f4
fa4318fa
3901d3ef
02f72421
1cfcf22d
0c07efd6
fcf9f9ff
f0f51712
5022f6e3
b1ddf00e
07fe120d
0ceffafd
f90f0037
b2fe18e8
0003f705
effffbf6
0a0a0c01
e7de1204
28070025
f31124f8
1cdefee4
243b1ae2
f5ed1600
f605f916
000f04ef
43e52af0
96f90cf2
fbd80201
21282430
381c0911
00e207f3
f0faf5fa
04d2d01f
491be9f8
c70a1a13
fbbffde9
e308503f
fa0fb88a
182403f6
0909120e
16fafae5
ede9eded
050cf6cd
f5d841e9
c312dfec
ff09d026
04bbffff
f40217f1
f8fb0aff
ec15230a
15060eef
f90019ff
4b06f0ff
d61d2df2
0003e4f9
e70219fe
c4071109
5812f0fd
ecfd18e5
fa29ebe2
0fd9291f
1fefece3
01fc0600
f4fffaeb
0426e605
39ffe8e8
0302d809
090d61df
f80bd817
f811e724
f757000c
1efdf81d
250304c2
d709711e
2906f8fe
09a83fd9
eef5e817
efc74f21
0f210412
2a0d0c26
d0fa03ff
24f021dd
d2fe1cc3
01fafcf9
f12ad5f0
cc073016
fdeafff8
f602fb05
08d51c76
62e0af81
82030426
0ce6a61c
ad054f08
3b7f2450
07d420fd
d602ff25
3ce006ee
f1d1f606
27fa33f5
f72844be
0d220b12
d9eb1000
03990af4
14e7f503
b52aefee
0a09f211
040305d1
ffe5e3f4
f8e25038
fddad0c0
fb10f50b
eaf9f909
fde000fb
3322d308
45fe17d5
09ef0e07
03d802df
08ee71d9
fd0f0c05
0b02fc0f
cc410116
1fe71dd9
32013ae1
f819daea
efb464f3
254aa8ef
0cd60700
fd0202f2
fd12f1f4
d4e5fb02
0e102708
0504540a
d809380e
e70b2af6
01f20f05
e2fd0902
7f2bf6ef
1c47b1ff
2d0b2236
0be8141c
f5d52dfc
20cbc718
0811f104
000a0ffd
4328160d
e9bd06fd
31fe2cf2
093cda10
0d51d722
0bdee93c
f604010b
0efd0b01
e6f72bef
161b1113
160f3237
e92ed804
273dd910
fe01ef0c
f11601fc
f0faf504
3414ff09
e847e9fa
e9f1e1ff
01e3bc00
0ff21223
1fda0310
fa0d00fe
1305f4f7
fb11e418
f04c2602
c90baf05
fbfb0b01
e0d82339
deee18a6
091efef4
f5010900
e7c81208
3118da07
991bf540
ec16bad3
2b1feb03
20d133f7
fa1115fc
1c13e815
08b0f7ed
fc0609fa
20fa2323
02cd0b14
edc7100c
1216133a
01060ffe
100a0401
f8feefe8
29eaef1b
d80225e3
f5d7483e
1efee52a
db16eb07
10df0bf7
f4fefb0c
cc181836
f96322fe
dc03dda9
f7390c02
0cefd52e
1fb60a41
ff090603
00f8fa09
0601f4f7
34cae00d
ebfcf7e4
f50d3622
0e62f9f5
eeda0422
fdd704ff
fefefff8
f2ede90a
cf2f02ff
edf930d7
fc0b8cfb
f5090820
19f8e917
0a0904ff
f60704f2
010ffe0a
4ced1ee1
1705eef9
feed5afc
1401cbe7
3004d4eb
0b250afd
200202ef
b0d9f6e9
c506e4f4
bbf537fd
ff0432b1
0c0e7f1f
ba0117c9
ffd71f01
d60300f4
baf42601
f228ea14
d5fd1d27
f9e72c1c
f2f3350a
fe00fe05
0446fef5
d0fa00f4
32cc1329
e0ff1901
fb020df8
f5f6b702
03d02300
f600e90a
02ba0803
ec030eef
f217e6e6
0504cce9
f502c53c
011f350e
00fccb11
3cc8e5b7
f8b60b06
edfe0f0f
0f22031f
1d28cdfd
1008dcf2
f81b5b11
feb70e08
972ad3e9
070df70a
0efafe08
18e9e910
ebef18fe
ed04de2a
072e20f4
f5f70f3c
f9e80c3d
0607f307
ed02fd1a
1b2c15f7
11112100
32fddbe2
05e0c7c0
0b2cf71d
03f8d52a
052210ff
0b0b02f8
1cd1e613
dafa0033
be040db5
f80a28c3
361af60d
e9e40442
021106ff
e60402fc
18ec0406
e0500509
fa03c10e
0eea06cf
f604fa0a
e4c038dc
fb2600fe
0602fefa
490409fc
2431f604
ff01240c
fd111903
eac1f000
adfbf8c8
f9cc0005
0501e71e
e9a2fa0a
6de129f7
31052906
00df2420
15d60a15
ee172420
fe2dfcfe
fe0503ef
4710f6ef
1e24f110
dbfbf602
ef090e19
050226d7
12ee0095
ef1608ec
1801ef05
e7eb04f0
009be0f9
340402f8
0bffec1a
e912fbe0
16f1caf2
fd1407fc
00050bf9
e4e5f8f8
f5e114cf
3c042322
f5134407
0c1becef
fe0dc635
041404fa
00fdfcf0
380e02ef
11d31cf9
d50b2cdd
0628f72c
20101cf0
14e4fb27
00fefe03
ebf7feff
40080cf4
f5f9df22
c607d4e2
fcf1effb
f10118c9
feee0006
06090702
d1010af5
f8e214d1
fb35e5f9
110116e8
f94df939
e0001635
2808fe19
fe0c0a02
0a00ffdc
0c0600ea
bd2d0fc9
73fcc723
05294b27
de1adafe
f9ea0456
003bf703
f5fb03f6
e8f3eafa
d9382ef5
fff3e505
0f14d3f5
fa0eb02a
35f9c311
f31b0a04
ef06fe0b
2b191af1
ce1d26f5
21f6b925
1a220dd5
0b010e16
0705fff8
053c0b06
00090a00
0fd31129
d8030203
8d03e619
fee9083e
f00b0d31
06e5e2c2
ff050201
f501f5f4
f50e1b09
e1d21c0a
fff70339
090730f9
10d8d417
0d0c2238
00fbfbfe
e8fdf706
380406c3
015912fc
01f9e638
0c134517
ef11f11f
df0ce7f8
06d2ff03
0cfc0009
c417d315
c20721f5
2404eddd
003bff05
e9fe0aea
f90dfdbe
0bc90606
fafe0c11
c7e01cdc
d602e4fc
3ad2cd12
dd1ad616
c1052208
e9d9e901
2219e915
ff072c06
28e00ef5
64d72100
d2fdfb30
f9e6eefa
0feef20a
da110ff0
0af80cf6
12000d07
10eb1f17
e15a3004
eb080f2d
ff22642c
1604f532
1b06e300
0321080a
f70302f4
fd050417
091ff1f9
3608e5d4
fb212617
fcfe2b11
29230ed7
fffa0d0e
220d0500
183cd21d
092ce426
3000f40d
f470040f
1ee92e11
0402d496
0cfe1609
0cfb0014
ed220e37
cdfcd719
2405f532
f41dde07
18070fb8
08120a2d
053f04f8
210209f6
c30512f4
ece91cfe
0101e101
f7de4afa
0730f2f8
f4dd1f0e
0209f001
1703040c
ede7e0d5
3bd0f61e
dffb35d5
01fdd910
f935240d
050f1dec
fcdf03fc
f0fdff0e
06e90a10
f8f726f2
a208fb0e
07c4d02e
0513eb0a
2dfdc1d3
f82d0203
23000d12
3700ea0c
2503f813
ddfab2ef
f62dcee0
f10bf2dd
41132e00
fbee1500
1df5f8e1
261a01f2
223afaf9
e7fa2ff4
fcf5ef26
f62c06c4
1a17c9f1
f91a16fc
f4fefaed
e42cf006
fe0e0dea
fe01cafc
0dfde718
f133a501
14133df0
f6f2fc02
0c01fdff
08f8041c
65f0fd03
f8fa25e2
0de9eb23
26e21433
04fcebbf
fe0d16fa
200fe4fb
fe16f9f5
f4ea16ff
e204ff2c
fde1bce1
f51bf20e
33160410
fffb00f9
d20507f6
060d30cc
ce02faff
01f13f08
0df223e9
eb0d2310
ff04ebf6
012ffb00
e9000406
ed1c0003
ef3bf502
e6f6e002
0443e8c8
16ef3702
32c6f3fb
05c001fd
fafded16
eaf91eed
e628fb09
fdfb042b
0e15b705
fee002f5
11d3f027
faec0203
fa070c01
e2eeefff
0f340cec
ee09fe03
fc0d19f7
273ac423
f7ff0010
101e04f6
080310f6
3500eb21
304c20f9
2703340a
09dbe81c
ed280012
fdeee4e5
05e8f7fa
140108fc
2101fefa
000df516
fdf5d8e2
051cffec
05e7e315
f7f5f520
ff17f804
05000018
e8cafa1f
dfd4e3f9
040d11fb
010efcf3
fde72b2b
fd32fffb
f4c402fa
0dfdf1f7
c5d2f5e9
e618f410
07ff25e5
fef71410
e5f10102
0effe1fc
f3eeec01
eef4fce5
46c87fed
f94381ef
affe4e31
0bfdace1
c11432cc
faef2457
f9cde407
0aef1847
20da052b
fcba2f07
ff0cf0ec
fdfbfe0d
310a06d7
200aeee5
082bf8fc
fe090a06
d927d50d
2d14d6f1
ce0b0b1f
fce938eb
02e926f9
26f6ffc5
eb1100f3
2804fa0a
28dfda06
e45f0f32
58f817f6
eafd09e1
e5faf436
d8e63119
14e404f2
1af4fdf7
083b0fcd
c2f10319
dd06f9e3
0af5e209
d808bd11
4d3620c8
f9cb0304
ea09ffea
1cf901ef
2234db06
500b14f8
f9d2e30e
08ec0612
182bdf1b
f9e0f305
e0f0f80d
f9f610ea
07fbdced
0c0f4a9c
0836352a
0312d100
0a060825
02290905
01f7f5fc
e5d819f4
f4ee41f3
0606f4ef
00060118
d55806fe
e4c7245c
ff05fffb
fd0902f2
04050624
033ff000
21fef7ba
0815c1ff
ff1cecda
dc030bb8
011bfefe
f7fbfe0d
cd19f1f1
2309f8fd
53082e1f
f40db302
ede30cce
460def22
022e1d06
02eefbee
313ccddd
1bff2eed
49eb01b2
01fffafc
0808edf7
486acd27
08010d00
fcfb040a
decdf61b
fd2be805
ec10feeb
fad5db08
edf50ee9
16cc1dd4
f63e14f9
0c0606d6
1801d90c
162d03e0
2dfbf8e1
f7c42001
09c8081e
1d040ec3
f8dd1401
0bf1efee
e4daeb13
36d354e6
1a00e704
140cf910
da19eb11
e3201b15
12040912
e007f907
c1d2de0b
21c5f0e1
0b00b47c
f6fa42f7
f9e30202
0bf3edbb
ff290b04
0700fffc
fffbfafb
05e8fcfe
091bfffd
4df41305
5d040bf3
220514f2
1c0381ef
f400e4e7
f014ee04
e62730e7
a500f8f0
fd2d32fe
0c1ae0b5
08fd18cd
e876f3f8
07f7f70b
3de6fa0c
d63aea16
dafdbe06
f413e83a
370dff0c
150c39e8
04e709fe
05f8f90e
2f2813e7
d8ece202
e700d0f7
0024a5fc
f8e6ece5
0905fc46
f15df50f
ed09001a
49ea1804
1af0d008
e21e3e35
f50be0b4
13102707
2afeaa1d
0beee2f6
dd051723
fa01eada
ad33e941
1afac91a
0c2bea30
00ebfd02
eeed23e5
fbd3fe00
0cfef501
1e0e0b1e
2a47fddf
15030bc3
ff1619d3
d1c8d028
03ea1b02
f02b15f2
2305f7eb
16240516
be7522fd
20fcc23c
f8ce1008
d3e0c300
0f4028cd
001a0c09
09f70bf3
fcfc1df3
421fce09
0003d22f
0bcd034a
16f20ac9
f6ceeeff
fa08fcfe
1200f61c
ff0ee5da
ee221ed8
0efbe8e4
fd2cfedb
100ee2dd
fa1b34e7
13f0130e
e0070c04
fe0bfccf
2c28ff24
41190a37
030b1b05
0828da17
fb0a0cd1
03f3f70a
32fe090e
00eefcfc
e4aa0801
1f0644f5
f9f112b1
1834fcf3
bb2df0e2
00f2fa04
f9fd06f8
06f2e9cb
4eddd6f9
d9ef2ae9
10e2b0f6
e22eff0a
18f6d2f2
0cdcf600
27000222
abc31734
afcdb715
dafec808
f3ebd62e
0c211401
fd1e0620
04e90801
f90314db
0af3de18
0eef360f
1aff044f
00fa2504
ca1436ec
09f528fb
eb2c0908
d80af0ee
17f21be9
e5bc231f
23fdc5e3
021fec2d
0419e150
dcece2fc
00ccf9ff
d4060af8
f40bf8e9
e0cffe18
e901fe0f
f50105c5
1a1513e7
1cfaba35
04d6fafb
d8000603
0ef7f503
d9fff306
1315fbeb
00e2311e
11f8e2c9
bb0daee2
f0ed0604
fb030ef0
44ee1cf8
ce0c3427
1906152e
fd1dd5f2
feed18e1
bb102ed5
062b06fd
05ee0e06
0df11709
edcde5e8
c4031e13
fc0a1f16
261e40b7
3bf9e1dc
17021103
ecf90500
dcf5fcf7
e90e24fa
ff0417fd
f9ea2b09
12f922fa
240101b1
fef1fef6
12010710
cd000fe7
07d4e00d
da153838
fff70a07
f50ae2e4
2806e81e
20ef1eff
07031206
190bf0ff
f8eadef3
070209c6
1028c00a
0b0e0707
fde311fc
ea1c00f2
e60efc0c
df24fbf9
1f26f10b
15f500ea
f808100d
ebfd1e00
f4c213cc
fed603ff
f1020a22
f2ee0808
3b15fbf4
7f0509fa
f82341de
f31d2c42
e80451f7
fbd8fbf7
eb09f6ec
e7cc0cf8
1e08bc0c
dbf8f519
fac5f503
15321a1e
06f423ed
0ac90702
1c08f8eb
ed40f2f6
efebeffc
2e01f7b8
fd137809
d11a04f2
f7151b0e
fbf7ff01
0900e60e
271a1442
046e2bd3
67fff5d7
fa4a2c12
afd71b18
e1d14450
1237f50c
29f40e0d
2bfa1613
3cf3f70d
06a6df0d
fce1f9d3
f6f8c50c
eb1e25e1
e2d5d4ee
f22106df
40cb23f0
223a17e3
03fd36cb
0ef51821
d7ffe5c2
bff07f25
10150106
251312da
09f502dc
f9233705
e7d02bda
30081423
290609db
0d26db2d
fc0106f2
2b18e400
230efdf9
00fdf2f9
fc0b08ff
07db04ac
dcc5184c
0a1873c9
14c01205
7ffd0f81
1e0be0d1
5718facd
d307f260
f707f881
47f25c58
0f27fcae
05b60bf5
031110f0
37de2c3a
30b24cfa
2df3d7dd
fb08dffe
f5cdfc0b
f7cd01f4
0a09f106
130d0710
f5090023
072c2013
f405d6b2
07b7e5e3
0956d304
d1e2ec86
ecac020b
170608fd
ffec0f2f
e53c0bff
f901ff1a
fd070de6
f50e2b0d
f81f1444
fcbd09f9
fef6f819
08f7280e
eb2c17eb
13f5fa0e
061617de
f912037f
1c00f4d1
f0e50802
dbfd08d1
d7f211f6
f4000df6
c2e6ff02
0912fb57
db0dec0d
e1d2070b
f3120600
1efef5e6
f9fa0105
1cc6f724
2c0bceb3
00d9e50a
e8ce13fd
0c13d611
ff09fcf6
0ff60df4
0acaf8fe
93540ffa
f20f0f43
f101d535
d3fdd4c8
fd0d0cfe
0603fb0a
fce706f4
ee0b0e23
0989efde
b519000e
ebd5d6d2
21f6ed34
f93bf855
03e109fc
f0f81409
2c5beefc
f9f3f60b
d2ef09fd
053d11fa
17eb5ce9
09092bea
0b1af9fb
01ff1602
1918dac4
0b2ee0fb
d101430f
f9c9e63a
e7e5f2dc
bc2facec
eecd0007
170708fd
01ebee0b
f8f0e104
e40c2fda
f2da241b
2b0b19de
ba3adcd3
db13f9f6
21faed0b
f0e2e914
3b300fea
152a0716
d6f52756
290f08eb
17e0e0eb
0809120a
1507fe15
c205ff2a
f844e738
2903cefc
0ff5b4a8
cb241df6
ff2ce012
fce4f7fb
0603fefa
d9ef201d
ffdf0e1c
21ffecef
031a7c13
e401d6cd
14e40646
faeb0e04
ef0504fa
c91efc13
0efa2a0b
08122314
0b01f80a
d2e60dfb
17e5d7f9
fa2908f4
0f01f705
fe1fd7fa
f70b1021
0402e942
14101cee
e5cfa7c2
ed1d3404
f5d5f609
e605fa03
3bb808d3
1cf52800
102beb97
15eb1611
e7d8e4ee
bef82df9
20d90d05
1f0bdb12
d4d70704
1515050e
e11cd4e6
d3e0b0e1
f105f6d0
06ec1cf2
07e8ff0d
e8e80613
533e00f3
1a6aedeb
ef030423
050f2dc1
edecf10d
12ecf541
fc03fe07
e8fb02ec
061f0ce1
f9edd3d5
0c12c5f6
dc04d2e5
c7e2f5fc
ecb32afd
f53bec13
1807c613
1be8ef22
ebf4e10a
33f60cc2
05f2f528
e5041236
e3b80aa3
030806ff
0cfe0a48
440637f7
153bd41d
fdfbbbd3
0edde10a
f1329b0c
06c6c940
00170605
fbfc01fe
2b1613ec
0ab5ffee
22020206
031647c6
f5b2150f
04f10c17
08e8f9fd
08f508f8
a8ef0632
b5d42715
0c0d3751
f404c106
ff49edc2
2bd0d16a
fe0b07ff
f7080c03
0edf1cfb
fb0814f7
3b2a080b
622cd71b
270d14f5
dfcc2cf8
ac0730f2
12ef0c26
47d508e3
09eedb05
03fedf2d
f4afe442
e202d9ea
e1e113f8
ff06f6fd
0601f40e
06ed11ff
c6f6e50c
06f02efd
0be429e3
b1e72707
c9fd1d07
0413ff0e
cf03f7dd
f9ffeae6
29fd04fc
e4ff08e1
f908ea18
2cda1b0b
1817adc1
07000ffe
fc04fc0e
0849d3f8
13cf181b
db07c4db
f3350b1c
d015ffd4
e5f81cd3
faf40702
e90510f1
17f1ddf6
0722250d
da06fbe1
19f03606
e116e4dc
ef1ce511
10fa1ae3
f5fe5afa
1afefae2
3dfed71b
14011ab4
0b10ede5
0bd03ef8
1febec11
083c08fb
ebf7fd06
0b05ff01
000102ff
fdb702f7
8102fefb
22fcfcfd
060a02ff
ce00c700
00f77c06
1df7eabc
490511f0
c8042cee
f1fd10d3
15defaad
fc2bd91e
eae8f3f6
fa00f9ee
1ff51608
10adfc0d
15000ceb
02e5ef05
eb10f9dc
090e3ee2
04f3fd03
28fbf8f4
0006e9d7
08e91400
faeef2fa
f025ed10
eeeef5ca
2a1a2c35
e71bf5ff
2509fe00
391c15f2
fbd019e7
f012e3ff
07f8f9b9
ea1316f3
fbba3ee1
11fc0802
fcf0f923
f7e4f61a
1695ef0e
1203e4c3
00085201
0d2c1f26
f4c4d6fe
f9deef09
edfb0afd
472103e1
df17e5f6
07e8f646
255f160a
e7e9bdfd
f7db28ea
333d16fc
030d1411
fabf0dff
190ee502
1efb1d06
17171507
fcee13cb
ecfbb3e2
07d01800
e109fc0f
19db191c
00e4b110
400fc613
05d41ef0
fae7fc47
1911e129
f0001311
f2fb1003
d6faefe7
03b817f2
6f0308ee
fbee081c
09ef1034
ecefdacc
fad500ff
080201f4
04d507e4
450e1a11
c2f5fffd
0ff73abb
1fbd3c09
ee3bd911
00eeff04
06fbf713
d93ade00
11f832dd
100935e2
0006d9fe
141a0523
fff9dcf2
fee0f508
1208f9ff
ea21ef0d
fef1dee3
0e051e43
02e126cc
26cb0908
340c1444
06290ff9
f30310eb
d7e60bfd
05a2c2ef
fc060eb8
03253400
fff31a1b
2101f5bd
03111001
fefce50b
370a01fd
32a50622
00f60cfd
f521ff31
17defc15
0605ca04
09ff01f7
ef0506fa
13c1f214
21def3fc
d8f803ee
061ee1de
1445cce0
e104165e
02f2e80a
f0f3fefa
11eb2f12
fe2a4301
15030faf
f856cce6
f8f3ebe3
0bd8eed3
01f700fa
00fdfbf8
0100fafc
fbf6f700
091300fc
f1040bfa
e700fe08
f9fd08fa
3d07fac7
ff48150a
dfe81ecf
3f32e50c
d9040828
052c1704
1fffe501
fff0e01c
fd1b01fc
0af407f2
aa13f6e7
b1e71110
eafced07
fe033e0d
1fd7f6f7
ea09f71a
06a90304
f1fbf2fd
f228fd0d
da0dfaff
99fbbb28
002a8109
f0cdbaf6
01a8081e
f6f70406
05f4fbec
cb0fdf32
0f192af6
faf6d148
002a230e
de1202b3
2c0f4503
faf60a00
ec00fef2
eacf16f9
35a7fdfb
fcf72110
f907261f
20e44ed9
1eeff1ad
f12bfdef
02f8f00d
f124eafc
00d7fb0a
0d0a19fb
062cda0b
f018ece0
47f2251c
1e1e0efb
0a060304
1709070c
00f124d7
d701e672
0312e226
130cdbd3
14f6ff04
014e01fc
1b03fff8
eb13220b
d708efe1
e80507af
02045df4
efd90bdd
031ed510
04ba06fe
130104f8
131609ee
1328fcfc
dc0446de
fd16b2fc
c51af522
de4538e0
f42706f8
f5fd06f0
180d0913
f4fd13f8
30000cf1
ffe8c005
04fd1301
3df0b842
092505f9
0603ebf9
1b0cfd0c
d9ddfcef
ecfaed30
0fe01f0f
ec0bf7d5
ae17c3e3
f130f60d
e607fdff
0137ff01
f9cb0e02
a2f80b05
07213000
2308b700
0d1a0c0b
09ba10f7
040bf204
180afdf7
12bd18ff
b507e302
ffc42136
fae32612
f9cfe1ea
0b18f7fc
08060cfe
f31f04f4
421b4ff5
10ff444d
0a105334
0bce15f8
f3191528
223dfffc
23fb1f1a
16e9fe01
4324ec0b
1a0330f3
fad7f90e
112c0e2b
1407f1b2
040a13fd
0305fdee
cf2329f7
ede4fbfb
0f00db0d
ede434dc
d81ff1be
f8e343ea
fe3d0cf6
0cfcfbe7
de1cf005
dcd907e9
4bf9e3b7
08df08f6
e704fde6
fdeafffe
fdcd07f9
e3f8ffdd
11f9131c
2f10f8ff
d3fd0d06
fd2bee21
12142acc
f8220539
fd5d0fff
f7f609e7
1a14ebea
1d31d718
3200ef61
18fcff07
28e9e317
15df2aed
f7081808
e2050806
f8fcf307
16eed515
f70520bd
0601b81f
e8f5dd0e
bf013cef
fcf30705
f8060606
e5000502
e9f70de5
ee0587e1
fed81f37
c881282d
17533127
f60805f5
ddf8010b
f91c0c0c
f531baf6
170403f4
04e3e02e
dd2641f0
f100e4d5
f1e50202
01f5fe0e
441d00ce
eaf7600b
3a05dbe6
fd011f1a
d418f1da
220602f1
f817f4fa
fefd0a03
fb10e312
d4e7fd27
f700ff10
f728f8ef
0d10472b
05ea35eb
faeb0efb
0ffaf90f
eafbd7ed
e9f237d5
e5021740
09efe9ec
d324dfd6
c9d8fd01
fbec0203
e5f707f4
c415140b
02cefadb
1ff60ceb
e400d7d1
10fcfcd9
f21c3f2d
fee7f700
05fb0df7
29e31adb
db12ca01
3507b9ff
fe00e1f9
ec0fbcfe
02e202fe
fdb2f608
e7fa02f7
efe4f2da
32c6f9f6
5af80d0c
ffe6a50c
041d4827
e430eff6
fc01feff
f40afcf4
0c3607fc
1300fa26
0103e932
043ce8f4
20f706d8
292c0f0c
0723ebff
e80507f8
eff60e38
0e260dd0
83e2fd03
1bfbf8cf
e10d0950
bcf166f6
e30ef0fb
0f05fc06
0504d2e5
07b8d3f2
020315db
01f9fb28
0608f7b5
0b29f9e2
054e07fe
11fe07e8
fcc4f528
d8120fea
e6070211
01f20ed3
fe0d14e4
fec793f2
0216fdfc
0a0100e9
20d3e626
23fbd7ff
5607d1fe
f326bcd8
f80bfbf0
6710c328
ffaf0cf6
eefefefc
b7e9f4f8
0bdf31f6
05022da3
f8edcc13
c306ba26
1ad5031d
00f60701
e8f6f207
37120426
46eddf05
ecf2061b
03ea37c2
ebefe721
e8ef1fc0
f3550200
f0fa04e7
cf2c11fe
de350e14
22f11527
1be8fd0e
cefa0e32
e71a1ef0
fdc5f808
e70109ff
dbe3f915
e4020525
2b06ffda
0efbf634
da16030f
f212f7be
03280013
eff40f01
ff08ee19
15fc1805
edff0fd2
14b5f71c
f5f82809
d706bf4f
fdd0eefe
01fa0b04
20081a2b
de1d290c
ac05e50a
f71df5f1
22cfe502
373a2ec0
fc1bf8f1
f8f80e0d
c70904d6
ebb61fee
fb083915
06c5fc55
ff09ebf2
02f60c08
ffd4e20e
fd010f0e
1bd813f7
e1111f12
38072f05
05010d30
eef70ee9
3f12df42
eaecf806
010805e9
1d23f0f4
a0fede00
f3e2bebe
1f40090e
0eeec7f1
ee3750e5
0db516f1
f0fe0418
dc3a0c28
b7180d05
10f02d30
10b4d1d3
00e1f2dc
05eff43a
f71d05f1
d1f900f8
0ba116f0
36e0df11
18fd2b17
f8072303
120a1108
b1f215cf
f90612fb
fd02ec1a
ed03e8f4
0fa62514
ff03eb24
f822e8c4
f640f2ff
021af710
01dd0600
e8f207fa
c3cef9fa
0fc7c9f2
f9e41598
1f265221
e4141e30
010e2f1d
fed70b02
e300e91b
e0c8e00a
daef02f3
2e01150b
0402d2f4
1b19db11
d41006db
01ebfafc
04040003
cef0e2d8
08815703
ff02f4fe
fc07fcc3
18e816bb
db3717e5
000606f5
05f90103
2b030fe3
ad3f52f3
020ac3b8
fc0b14d7
fe1d2b34
13f90601
f6f6faf9
effefee0
9a0606db
20e304f5
0fef1004
edbfc843
1321fafa
2a04ab40
f9f411fc
3af71ff5
2505f32e
baedcbd9
deffce7f
fb2625f6
19f5e2cb
f012fed8
08d0fbfd
080304fd
ec0d01f8
e4c5fe01
f30127f3
fe1d27e5
e52ce6e9
c91407f4
00e2f100
13fc0204
eff7e8ea
0ee61e08
2afbfa0f
0a04ef07
d2f81c06
92f51fe2
004af507
f1f507f2
01fffdd5
edefeaef
4cf7182e
fdd01914
10343911
2ef2244a
f46217f9
0bfdebf9
0c2c0c08
d83ff8fc
d80bf3d5
04133127
05c11517
ede46c29
fa150efb
130bfc09
f70f0223
4deedf09
ee030e3e
0417040b
2d11f4dc
3d21bdb7
0017fffc
1ffaef0d
13f00607
2124eaf8
e905cbf7
09d8dd1a
0cff0e01
bfe71704
0d18f008
08fdfe06
d12429fc
3ead9531
bb08081c
031a1127
e1ce0502
e5e7911e
f2240108
30fb0bde
202e0d35
160d39fe
d90064ea
0010031e
0d06e9f9
0a01ecf3
02cc0101
d702fe05
c629f4d3
21640503
5ff228e3
0edf141a
f01943e4
16c1fe12
fe0eee0b
0d03fcff
293dee27
3c2be500
e006dc24
00250810
fa13b310
f71125fe
f8ff04fb
fc01e806
d21f0201
562606f4
e60419df
fd1932d1
1706f62d
041c1b20
041705fb
0405fd15
d700f108
d6e6dde5
d20adae6
fcdcb31a
1b19301c
c226e8e2
06e2fe09
2a0301e5
03f22e17
18021b2a
2503be13
f66e2603
f908e14f
ccc9161f
003ce704
f7ff08fc
ea16040a
ebc9c5e8
0c0a4424
06ecdc47
f6ec1be6
01e39a0e
00360c0a
ff0711f4
d93cfbf1
41fe0ee9
320545d2
f61a83e2
08e8315f
d6f32ec5
02f600f9
f30307ee
dbea070f
eec3d1ff
2a0314d0
020bf225
eff8d7f0
eadfe0ee
fdf9f802
f5fc0916
b4191309
0f11d5e4
f804025c
06efc2f0
edf8fcd1
e9f40a15
ff10f203
1a0305f0
8ff50af4
e9aebf35
df013203
09f21628
16b6ec2d
1ffbdf06
0106f60c
fe06faff
1e02060a
dbeb04ef
9402206f
04025429
222fdfe0
23d6182e
0631fcf9
04000106
efff1fd3
142d0a02
0104eaf2
fd29ef22
fa10f2e8
4007cff6
02040afd
0afff618
12f4f909
ebe20c09
0e051f0a
fde916e7
17ccfae5
0eeee725
01f7fffe
01040703
ec160714
0de308fa
dcfdebc1
fa06f901
def0c0ea
ec221d21
06110dff
dbff08ff
fd00fefa
fcf6fffc
09f7fcf7
09fc0af2
7f0306fe
fb000cf1
3809207f
f4ea01ff
ec26ffe2
25231712
4007e1de
0511e2ff
21dad9fa
f2f001f6
0fd104f7
fe0003fa
1a351501
e2e2071c
fcfc0628
05f9fdfa
fffc36ff
d834d34d
033ef804
f2f9050d
4bfafad5
d83bfffb
fefd8a42
061f3f19
1e063beb
fe08ff09
09d3f9fb
efff07fe
58b5f726
f3d41c21
f2000721
061df4e8
0004f4ef
0f12fc3f
006f0206
0305fb09
ebff18f0
e6d80a0d
be01000f
0108f9c5
dfcb1c29
c32406d6
022ffb09
0a01fb19
1d1e0914
37e121f2
f706e406
04f5eed9
2fc7e6fb
09e20d02
044105fb
f9050000
d80207ff
2f3507dc
27fbcf02
0721d60c
0e04d7cc
04f80137
f623fefe
f3fafcfd
eef03ae2
06fcf908
0701d9d0
fbcf2fa6
18f8fb35
af3dd0c7
00e909f7
060206f8
e1dff2ff
b1e6e7f9
18032315
091346ea
f603f71a
dfceb201
fc0efa00
e703f916
2144fbf7
20e0e2fe
1a091bb5
00d29cfc
240aefe4
171fa5f0
ff0111ff
0bfffb22
f8c02f41
b7285539
f105d244
f5dc97d0
ad77baed
24dfc275
ef622809
0100e304
1d14101b
e423f621
e5ffd7f8
00fcdee7
01c8c0ed
250a1d03
0806fdf4
f301fdf3
24e114fb
340001f9
ec02a5f6
0018f81c
05fe1c41
eff4e3e6
04ef01fc
1dfe02ed
06a60a7f
0002140b
dae450c3
10ae11f4
490bd8ac
68efb2ac
0715ee09
eb0a2202
3e070207
d0cdfff6
da04bffb
0f1fcb1c
0513e21c
bed11cd9
fb25ef03
1e08f203
27f41d1b
061f1d10
19ff2d48
140f3c10
f3fbf9fd
15e2e0b6
fd2fed05
09030505
a911020a
40130a04
2bf9062d
07de1ddd
f927dcc1
00e72229
f6f5fd05
03fef8fb
e407fbfa
0b57e0d6
2417bc3f
f8f91027
172ae5e8
17f90d06
0b050aff
0efb00fe
1bdff7f7
13df0701
26010fba
fa0e56ed
3cf024fa
180af036
040913fb
2b07fff5
08e7072d
0514d2df
f8caf8db
121cf6c4
1dfdf2fd
13320343
0a1c29ee
0210fde4
fc1112fe
0dfbe4ea
0c11f1eb
ed17e501
f1f3dfdd
11fbf0fc
04f0dbff
e1ef1010
11f7b9c5
060b0f32
1708221b
26053fe9
2003fcd2
171de71f
0cdcf8e5
feef0d2d
4513fa05
f704e744
11f01401
c50425d5
3020f9cf
1533f826
e83315c1
f4d6fffe
eb110902
0fe61412
3a201223
1dfbe3db
29fdfcc1
afe912cb
fbe62ee8
f5e1f4ec
1aeef617
22dbfccc
f00a03f5
d8262703
fa0b61e0
e908e52e
06c1e0c0
f0d108ec
f2e0ff04
08db3de7
40e14601
68a8e7e9
09f60bc6
14d6271b
07fd12c2
ff17f1fd
f4070903
f3f907e7
1600e0e0
150b14c2
e708f901
de33daf5
23150fdc
cbd8ede3
ece6c619
dc176215
def10431
981f124a
17fb170b
0a11f051
fecdddf9
db17ff04
ea22e8ff
f715051f
f30f0ff5
f60204fb
f318eb22
35fc071b
f2e5f204
fc100809
15004dd1
fa1acdfc
f400c9f6
79eb01d0
bdffe4fb
0c20fdde
1a053e01
17e502e1
e111f704
f5fed2d6
f6c7e408
070ed916
47052539
04de05eb
ff102502
09f4f600
011ed812
f9fa0ada
040d16b8
06ded816
08ec082f
edcfecdb
2a29ff03
fdf71333
0514defb
d70e2bdf
03d62941
0237eae0
13091af8
fac50d08
fa31d213
15e502dd
08f2dc07
f9f312fa
150fd92d
fbe6c71d
2df22607
0ce2f4ff
022d0925
3ce70d05
17f405a9
1def26e3
f1f4bc54
f12507df
e7f7f21a
35ddf5a0
ef0114e9
ee0813de
dd1e1dea
f9fe292e
09f7eaf6
ec10f8ef
fcf23207
df13f226
17fa23cf
0fe02645
39ff12e8
e2ffd4e3
f5efe225
3402e023
0701f630
cc070fdb
fb7fe9c5
c6dbee0a
150516e8
fe0c2913
08ff00f6
140f06c3
01fe1b1e
fb06fe18
f8100e1b
2aeffaf6
04340e13
ffebfb27
d405f60e
1854fbef
0cf2b620
0c2bf039
f50002f1
32e016f8
31d9e614
08f3f411
e6e03331
2a20fa09
3f180b0f
ef0efdf6
dff4f6ec
d60ce634
fa01fc0e
20faff00
e2f9afe4
2af1032a
dd345506
2fea0403
211100f6
cf110a04
eedd1006
08f81c43
fe121de1
154fe522
b10d21eb
fc04ef21
d3ad21cf
1d200409
0915ec0d
eefb605a
aaf703f2
feebfef0
0c1102cd
c9ed150c
19fdb807
e2e411f1
0cf615fa
fa1d210b
ea14fa02
dddb16fd
ce04fa28
9d5203a3
f7c9e024
d108f001
12e5fc59
ea3138e4
f0e3e0ea
31f9affe
010ab214
0e3df9c0
11243603
9a3eeee1
09d7edf6
12f30e07
c920cee5
00f3e310
caf80aef
032301cb
e4070c2a
fecf07ff
13d7fde7
040ce9d7
25e65011
0ddef1f3
c71dc5f7
1f2611d5
15f0bf19
fd1be30f
240800de
0e0e20e6
bb552dea
febc360a
9d52e5c9
eb19064d
0535eb1e
ec02d8fe
20bf1efb
fe132501
f9f3a013
f015e229
f4fe14f8
d328fc2a
ff0212fc
26e4db1b
0d27e8f3
01f22525
ecaf5cfe
1bf615f1
bd03e838
1313ef03
0e3720f6
f7b201df
f8f10a06
e417b3a2
02e30116
fd4604db
11024220
eced04ee
f6d02218
01ddd80f
25edf2e9
dcfec904
2ee6cc21
002cdc22
c23df3d7
ecf5f7cd
f10ebdfa
1913eb3d
d5f7f5b0
1d10270f
81101551
df03ba3c
3724ef34
05f2f417
f7d1bdef
b5ede714
2bf409e6
e01104cc
dcf00932
ee2ce9c9
e1c9eebd
6856fce2
f9dafb23
eff91525
1af229ff
00f2eb19
11206a4a
eefa0537
b13ae134
f118164f
03d1b907
c80cf60f
edf905ee
e634eee7
24e10825
f1ffffe9
fef8f54b
f534f9e8
fef8093d
dce4e129
e7f9e60f
df1dcc11
020737f5
0dd50d0c
6b202ae1
c30103e9
e0261b0c
01d7e8f8
0ecf0f0d
03dc26ff
ddc3f549
201c2ab7
22f61307
2d0e0be4
f3f5e1f1
11fcd226
06186820
08e6daff
e1e9063a
f3f904f7
012526d7
bf1b02f6
e4ed1342
09de1507
cd02c0ff
0604fe28
f9f72498
3fdaf2ec
4002ccc2
bce0f7a7
0bc01606
f5f60f02
1b361fd3
0f0f020e
f422ffcd
cdc12ad1
0bdff7fe
60defe17
0a19041e
151ef00d
ed110803
0a0803f1
f7edf152
f70ee70c
e9e62411
e5ed0fe6
09f913ff
fe02f1fe
d5005cee
1005f330
ef16d6b7
f451e529
fffb365d
470ff60d
102dfa25
31dd2d36
102cfffb
fc24fd4c
f7400d06
20401234
fbf712b3
f15be956
edfc492d
1df6e0d8
130e4116
ec014de1
f337d2e1
121a08e8
2ee9e1dc
614c13ce
0f352b25
cc4c0cf2
fce5d9db
f511090c
eb4ddb01
93c64119
f0c38198
2cabf5db
f87305ca
0645ced3
0cda39e8
faf8e236
ed2ae4ad
ca4306f8
5ef637c9
2a240237
fa4b0e18
dd0a35ed
0b17fc1d
e609cfee
180597d0
f601574d
310ec530
57f7fd09
04ef06ff
e721d1f4
08021afa
130ab5f1
209decff
142ce206
1341b51f
bca6fe47
1721fffd
d90608db
f4fbe631
25d92043
e8031414
0f18040a
2d0ce704
5a0bf3f8
ff16cf20
ace7fa09
27cbb1e3
26faf3db
c9f25c94
f619fbdc
0a0a18ca
1ccbfbf7
e8d01119
3df2eadf
062730fd
3901dbf3
edf0e516
0bc728f3
c005e618
19edeb0d
102d18ff
e01914ee
cdfaf6ff
a81925c8
f80826ff
d6e3f90d
cf180b16
15f736e5
fd48d8ed
2a3616fa
e203f7f8
090c2ff9
ffeebc1f
f2090514
df09f5c7
0bfe0d03
07df09f8
f80e0efd
fbff02f1
f10ee619
1fbaff11
3f44093c
310f121d
cde4fa14
e7e729df
4b0bfb11
1ed7d7d8
fbfe14ec
fa162df9
040c1113
090033e5
fee001fe
03a82edf
2a04070f
13e3bdf1
eae044be
fdd518ba
2ddf15ef
aeed1c09
df01f70f
083c0fcc
f82cfaea
002000d3
0d0f1818
0d4fddfc
15163200
ce38eee6
83ec0337
f5f1ef10
e3180014
dede0b2a
0ce6d2de
01cd0324
e8ebfe3c
11e703f1
ea35fb07
07fbfcf9
07fa08e9
f303d8e8
ec1414cb
1e38db07
f7cef4b6
2516e91e
23010f06
fa24b408
0afaf310
4216fdcc
fa0d1b06
d7020026
f11705d6
0903170b
0f061120
f9c50400
18c7fa22
e01ac7f9
ee0a4f0b
24f73d29
f5d20bd3
d5e8f926
ffd4f702
e2380720
f0111ae2
eb16b7dd
ecf10ce8
e127bcfa
e7c1e6dc
e617e91f
3a05fb1f
0d130a13
30e1df2b
e3fd08ff
17f4f2f3
eed42de9
1ce8f8de
f710e6d4
31ec04f0
222b3139
f4100a0c
6906eefb
10f1ed52
38f81de7
174125cd
22de1406
02380ccd
0cc539e8
e2030ce4
f8d22f30
eff7e21a
2df212ff
ef21daf6
07301a0f
d016f623
0c17e0f4
f61bfb00
fe02f916
0315df09
5ef935bd
e4f03581
c9e50a00
58deebff
e9e1fbe2
291c0a3a
e1f1f1f7
e602f859
04e60b01
22cb23f2
3ffcf9e7
14f6031e
f3c9f729
1f01e4bb
e9333105
f1122d23
f90cf8be
fcf6ff16
fa09de3b
f10ef7f9
ff26e70d
25e7fdde
f2edfb23
2af42c21
210ffe1d
e51d1603
1c061eec
05d40008
1f23c0db
ee28ee08
fa4821b5
0bf2d510
5a6e02aa
27fbe819
ba174ee5
0ae1d8d9
fe04fcee
d7030816
44e1fb20
d5ec07fa
12fff5ed
f020eb19
e1fc0308
054023f7
b5f826db
fd2be9f2
c50f1f03
252affad
0b0e2804
26f02718
1f17ef3a
c8d8eaef
0efee50e
fb40fef5
c8dc1312
14eac2f1
f61609e8
1dd2f724
c5f62908
1ceff2fe
27df1704
d30ae405
ea031923
fe0514de
eb1135fc
b317ff03
390f2b4c
62c9dc10
fcf3affe
f3cf18ed
d6fe05c4
0b181b1a
f9fef233
2ade3d06
15eee704
f603fdba
12f4be4f
0b06e005
fff80008
81dc00fa
0504f6f8
01030002
fa04f7f8
07f8d0f6
fff709fd
ff0e0200
22edcaac
16fc134e
122dd9f5
ead329b4
fa1f0705
0cf6f201
ec29e57f
da432af3
0439f9ee
08041dd8
06000cfe
2008fc18
2206d2da
21edf9bf
f01a18ed
29fde418
fd11eff5
e435ce1f
19f9cbfb
240d4649
73e8deb6
cdf70013
f6d7f8fa
ad1e1101
b7ba0f00
18ee450d
d8001238
ebbc0ced
fee212da
bf1f09f5
fdf8051f
11ef0e2f
05f53df3
e4fffdf8
140e14c9
d91cfadc
13fffd02
d9a90516
e5e63104
113cfaec
5718e6db
fb5dfd4a
de1fe31c
4817e603
ea20edf9
4753e0e1
e275ffd9
270ff9b0
10432400
24f90d15
eadbffa4
f903e040
5f2434ca
f2f3fff9
0ad49812
ebecf922
03040100
9fbbfffb
01ff0503
ff0302fe
0102ff00
feff6dff
03fffd03
0105fd01
c4dddde7
09f203ea
1bbbf33a
3cdfcc02
ae341108
e0d40a76
0154e113
f43cf1f1
00fc01fe
3710f9f2
e9cc1a1c
1618e12f
011b26f9
d8fc0218
06ca30df
241bf3f1
eeeb3c0e
1fd8ff00
0df2e004
2d0816f5
0bf21420
3cfd08fd
fef60f0a
421533ec
cce90cda
cf17c7c7
f9ebe455
06b417d3
fbfdec19
0619103e
f7cddd13
24d10614
f51815da
132f14d0
1710e4dc
ddedfb17
daeb03de
0d02f609
f8ebed4a
4ce03d25
45fbfe39
dcecd7dc
e7ebce01
17e933e2
f410e850
f4df32c8
121bc04f
266eeaee
0ef0fcd4
e239eee1
f2da11ee
d4041ceb
4f34dd02
fafa1124
22ce08cb
b82226e4
562c16f3
1005f516
060ddae1
f0f5dff5
9a094072
dff7060c
f8fb09e8
da10d704
1326fd0b
e90de323
2a1831ee
fef3eac3
0a20f10b
2c170629
0fdbfbec
1f00f7fa
3ab9c80e
ee502318
28112cfb
fbdb1a1a
0635e2f9
19482ea0
da5e22f1
010b1bf8
cfb1d6f5
f908dc15
0022e434
17290dfb
2912b257
f3aaf321
ea0e4bf9
0f280df9
1ff31053
050a02fa
f0c19ff2
03ee05f8
1df90a11
a146fcf1
1cddda18
08afdbcf
3106e300
ada8da1a
0c04f3eb
093df3f7
b80303ed
1fe0f709
080f0fed
14f8efee
0a0508e3
1503ffde
2c1ad10c
1b17f911
e4090cf2
19cef719
fd34fe20
ece3e32e
edda230c
09e8eb24
0e150e58
ddea10d6
d606faec
d5e3f74e
00e0e11c
15edf300
e1f3fedf
0e2bdff1
16f663d1
130715d6
01d4f6fc
27fc09fc
f9edf6b7
2e23d611
d21a0733
06f721f3
3d1e3dfb
f7f21635
f2e5073c
f3d505f8
1ef40b17
d0f1ee0e
fd01fffe
0e02ff04
01ff0701
feff0101
01010302
01feeafe
00010204
03ffff03
fbf14113
13fd5392
0bda083d
ec1b29fe
cd000624
dc15f93e
f3d5da12
ec02e9f9
1ce53d0a
ebf819ec
27fced22
2806add5
07f31a1c
3149fa28
174208ca
00aafc0a
e4d20d01
f839d2f6
dd60435a
f1eaeaf6
a6e0abea
57000ee8
caede906
3433f6b9
e500d611
f6f612fc
dbf1c90f
eb4f0def
26f53af5
fdf8f633
13031ae8
e1feff0e
c70b0ffc
3bc6e6b8
171254fc
27f12b06
3cfc1225
d2c4a123
1fe8eef9
281afc22
02190c02
2ff11130
e81d9a09
232ed60b
020adbee
22d4e3f8
2607e80f
faf5180d
f48bfce7
07f61e26
eef674cd
13221e1d
2a1ad611
06c30114
e9f707bf
11e6e3f3
06fdfd24
00eb0cd8
ee05ed29
0f091a26
c8fc0f05
f70af3f3
062c1a09
02df0c1a
1cfa3826
040b062c
4900ece3
10d330f6
ebe700e1
dcd7f907
0ec7b034
5128d7fd
f7d4f303
edebb20f
4a4b0cd6
fbecfeff
d9f013eb
e60906ed
ff44f2e9
26eb10fb
0ff5fa03
e9d8fef4
00f602f9
fffbfbfe
f903f6fa
020b43fa
050cfbfb
ffedff05
e1e0cfd0
f50a1911
e225e1cd
1ff010bd
edfc0839
1c09eff9
101a29ed
0f04fcfc
05111324
060f2e03
e1fe2267
ee11f3ed
79fa053b
e40c020f
fff7ee03
eceaefe6
eee5f9dd
0c121a28
12e5b1dc
0eed16eb
c0261ef0
590503ef
0de2f5d9
fe05f400
ce24250c
12fbdfe5
011d0db7
d52c11d9
1cebf0f0
0be80501
f3071bf1
f8dd0bf6
d3049be2
f8d1d8e5
fe175704
30f10201
0e12041a
d2dcf5f2
e9ecdcff
dd1ced1a
eefb0d01
fa1210f8
eef0b2ba
06c4b3f6
fc1b120e
0efefa3b
f1d8d2f2
d72a09fb
14f9f91f
021364fe
c4f5f1d1
e408e01a
d8d02f29
03e0fd0f
1d05e6fa
55eef4ed
ce39e2ee
0dfad102
eb1911f9
fb1b2deb
b3fad3ec
26bdf320
18d43dd5
2c3b0217
fada4ed3
25eff42f
d60624fe
cd1d0d01
55e65bdf
f8deddff
1eed60cd
08f12530
d80b3ac9
0d06c9fa
d2f33a9e
47f429f9
effbfa26
dca90953
03edefbd
016006eb
1ff50302
2995060a
11f8ff0f
04d90d00
35030d18
f3ddcce6
ee21ffeb
12ed1bfe
13fbeb04
0c092f09
188eee05
bc2d0af4
e91716cd
260000f8
05f40d09
111d153d
f81719f9
03fdd1e4
3519f700
0ef5ede3
6c08ea0e
14350d25
fcd1fc08
fafcf9fe
f16ddf25
d0029b7f
2be53c48
b85eece2
6d81c624
be43221d
3b2055d4
d281a108
fb1108f4
fcf80cec
5447fcfc
141d14de
5bfd1b11
e90b00e1
13e6e81b
22ee0b0f
11a3c0e8
ca397f06
fc55d3c2
5be4ac0d
ec0e1f05
a381297f
b03ebd25
8d727fca
f4c5fbef
08edd3d2
fa030708
52e60043
1e0f0e05
42cdfe1b
0909cc2c
f2fbc20a
f8daf408
11f8da37
ddb7eb3e
fce1d6e6
210bb23f
1510fd22
ff369428
280613de
19fe0e15
05fe29dd
14fb1947
0e24fdc3
ddff0ae4
1af9fbe7
03e7c5ec
390af7df
ea17dff3
0f08d9e0
d60625f8
16055de8
40d9fd23
eccdf82b
0f50d9ea
e814f0fe
0316f022
f914e631
11d811f1
d4f0c87d
c8f603d1
25a4f107
150208dd
d125f920
e900fbf9
f9fdf03b
2224ffe1
e0ec0ee9
da350dcd
f80ff7d9
e936ecf1
ca3d0261
ecf3d445
f7efe808
bf02e2fd
0a13e3d9
422dff04
0ce4fffa
ed2dad2e
f6df0bf7
fe26fcce
e8f5d5ed
03f5ef20
fbd8203c
f6edec19
e2e9ff27
18d2f70f
113ad61a
f60f1b12
06f4da5e
bfd6f6c3
fef6481d
d4f80450
17f2fee5
0c4a0528
54fa0f06
c84cf11d
0024fef8
eff9befd
1cc1f33b
f02eef15
0e0b0d09
f6042cfa
d30ce416
cad8d3f0
003206cf
03f661d5
e6f90807
0a0799eb
ce43fdf8
f713fadc
fed8f13c
330921f1
e805e423
e438bb28
0edd44e3
15211aec
06280be6
f30c05f7
f509fee3
123708ef
070502d4
adc3da29
12110cf5
1df8e2ce
3eece83b
0e14d91a
d6c6040e
cffe06f6
08fa1437
0ef0061d
b3077f25
a22ae332
150906f2
ed220b23
c3e003fd
fffb0ce7
17d4d51b
061f0f1f
dffaea3e
2fdd0024
0dd5ed0e
f622ecdd
01fb1cd8
fac928e7
21cf282a
242cedfc
1e1830eb
a9faeded
e0d305f8
1263f0f2
54e0174c
e0e6d5ed
01034429
460ee904
020e01a5
ce2018f6
0515f5dd
3bfa0228
19e5162c
e108fc13
0d00aef8
dce3e8f8
f418e7ad
b8ef2734
2ad9e8e5
0cefb4a5
e50b2feb
e6170dfd
0118f8e9
0916c22d
0deedf24
4308d025
183b0806
01fdf9af
fd00171e
f8b2fc44
18d932f5
ccbf2e0e
0b39b1ec
ed2515f0
22f3043c
0cf50706
2107f6d9
daf9fc23
ee10f1f7
03281357
ca1ceff0
12eefa1c
c7e5f0e3
0a0afcdc
2c09f22b
260acc05
0dffee06
0005d500
1300d520
dd2b07d6
060d00d4
170601ef
e3e10911
de17da16
ff16f8dd
020b09d9
f10ee7d1
30d1e7d5
e4e7fdfb
e95df1fe
0211240d
14c519bf
0808d3e9
fa0a02c0
260bf6fa
f51406d8
0d09ebdd
0bf2e803
4f050b0d
28fd0e41
f12707c3
0e1b50e0
cb0df769
011f08f1
4122f54b
f018fd13
e23e14f9
11a912fa
011ed5f4
3a0cfeed
190f1e1f
32e4d4e2
eddd071f
0be3fd07
e610f549
f61d42db
0d0e0ffa
05efd3e6
1ce22a11
401529f3
1b040c18
1a23422e
f7bef4f7
1d2d42ec
0003da06
e8b60e30
28210ac5
b5eace00
1633e7f4
eccef42d
eb0814ec
16031b11
0ce342df
0a20d6d5
2f2d0aed
ef08e71c
d8d2131b
301bfc2f
f0ddd8e8
0a0c39f4
f601c4f8
c94823be
f0ffed5d
271afa0d
18000005
dcebecf2
2406ec0e
02ea0df7
fcff173a
09f31feb
040107ff
04180717
0af5fcdf
00cef1cc
07f8fdf8
060301bf
2101fcd4
36e70bd5
fa2f0a37
e402d9fb
0d4600e1
0dab090e
e30ef718
ddec2434
df1a1a14
14f31616
c303110f
1a25efef
22e80a0c
09f00bd7
22071d04
d8c6f8f4
0b0bfd65
e9c9b40a
0f0be165
aef00b02
22be081c
17e1b6d5
06f2e3ff
0f180f0a
24ff31eb
0cf5d027
3be6101c
74e9d2ef
1ee7fe08
ebe6f038
bde3dd51
cf2610eb
fdfbcd4c
f1f8081e
e0dbf641
eae9d9d1
c0e802fe
0e1b0439
060100f8
e51ad508
e90766df
12ed02af
19f613b9
be1ce6ed
38e3e0ed
17edf7ef
f5f70d0a
2bcf092b
00023939
02033116
d9e81837
d3eb22e7
d6f904f3
f00a4beb
0d101fe7
fb0f000e
26ec3bd4
29e6c20c
42aa1120
0da91714
3bd9f60b
f6031dd2
06effc31
f4f3d2db
ef04c9d8
07e216e3
f519112b
cf0904bd
0dee01ca
e112edbf
d720df1c
031dfaf5
e8070c2b
fbe3d2b7
d61bf7d8
22f62bf0
2d3ce51c
00fafefd
f94616f5
f00bf9f6
341ad5f2
042be418
fc1df814
ef05fc12
5f21edd7
0522e81e
0f16faff
c9250aea
04fb060d
30d72925
f32ce008
150a0409
1312ee0b
02e30f20
06bf29d2
01122e19
070a27ee
1110b9fb
cf06ffcb
1720e210
1703f6fc
07f20804
1ad9f9ed
2cf63ef8
f216fbc0
3fef65d1
c5f643ea
01f607d4
0102ed17
0432e7f7
f4cb26f4
faecbbe2
0b2422f2
ec17f3a6
25f00e1d
14f00af9
d2f1fb09
010b00f6
e81107f8
2508130a
f8f817e2
23ed474a
36091cf3
82f6fc0a
d0070216
f1f10a0b
530b160c
ed030c15
1fd8161e
020616eb
f7cf09ee
d600f812
bc11f82b
070df02d
f610eaed
f9f316f6
02fad8fa
edec062a
d309f20c
f8d82845
b7eb04f5
fd09d6f0
fe201e16
3be50d05
05e83ab6
00ff18e3
fdf1e5ed
ce08eb38
fc0f04ec
f994edea
e0d9feda
c0bc1c07
2fe12ff3
090bcbd1
f5f6fde5
cc12f2ee
1204fa37
4525fde3
c231fb2a
eafbd13f
fdf7ca17
33130b21
250cf028
2c1220d9
45ff00d5
08fe132e
c2f9e702
f810d40d
f2f10df9
e1d413e8
52c212ee
ee00ec0e
21eb090f
eecde406
f5250111
0012f5ef
f52bdce5
fc010e05
a8fd03f6
e6f21e2b
e345fa9c
fc03a2db
cbfe1100
0c09e205
e9e208eb
000672a8
08d82203
c61a13ff
f2daf6c7
18ebf1f7
3aef1312
04fef129
e404161b
00fee405
08e7f223
18f4f605
6708f7f7
01fe1129
be2de503
f82120e2
0ef7f4dd
16310804
ddc60afb
0e2ad703
091bfb11
e8c0f203
2832ffce
2b11f320
ec0603eb
1ac408f1
ef23f0fc
2516fdf2
f8f900d3
de100e05
fa1ef931
ef0e0ffa
e4f56400
f30304f3
04fbf52c
6aebe0f1
f1e0e5f0
ffccd0f1
10cff6ec
0b0305eb
faf8f727
ea04e90d
e9dcff1e
f8272de3
2de302bb
e1190c31
f7200a3e
0bd9d90f
071e0f1e
f5ebda22
ebefe30a
eaf30a27
ab0402f4
e901f508
ff15f6fb
ea0012da
12f5c81f
e741cdda
072535fb
ccfcf7cb
16300eb7
198b1f07
2effef1d
0b2cfcbc
33bf21f6
d0e8081f
f113e105
f8e9020f
bd08fc05
0c18100d
480f1ee2
d37fbbda
ebebc936
d8e302b4
947f1af4
edb0c0f2
92b0f573
247f33c3
f4233dff
1dfc1a24
15d82813
1c13cf0c
f3f4e8d4
57feef0a
1b0ae1cb
e7183cfe
ff130f01
1e3b0602
010ebbf2
c9d7e7b0
f8fcef11
ba17e607
f6eaf8df
f107144e
c6f918f9
eb21f60e
ce1924f2
e312fdb5
8c0330ed
30dfefe9
3df10815
eddc81de
4c132218
e30a0d0d
0600e512
0ef0eee7
0ee225eb
c1cb1d1e
06ebffe4
f10eebe6
eff7ff0a
ed42d114
0df04814
d2d36025
e6fd050a
c61e29c8
ea06061c
f7ccf325
3431fce3
f5e75def
f227e70f
dc2e3e4a
02040828
88dfdcb5
e3e6f9ee
defc21d1
4e0110e8
dad32cec
fef0d43b
1108fa38
29001239
d3ef0309
e9e800e0
f4c200fe
c3f5f1e2
14e30506
fdfc07ea
3026f929
f8f816eb
d20102de
ff49061f
eea10fee
ce0b1f06
d8fcf4de
1d12c7e3
1df35201
0b4e060b
1702ec39
eaf615de
1f0ee517
d1ae24d3
fc11f0ec
e4e0d234
bc10070f
26ed0de0
eefc260e
ee38edde
1dedfdf3
3f2d0fe2
3e25ec0d
e11ffce0
d445e1aa
faf301e5
b12fde02
e9170f07
15e7dd2a
e0e5fa28
ce15081f
e211fcfb
f90d35a2
e5eb090a
c90107e0
d8fb044b
0022dfcb
0ae923d8
e2e8e223
1722ead6
ec18e255
c6eafd25
e6d615d9
1828fa19
fbba1b1d
f7d7cf1a
b1ead84b
fb10940e
26104e25
7ffaf51b
e4111cd3
ec0deeca
0b260613
bdfbfcd4
effc0fff
0c7f0114
f909e6fe
ff0eff03
f6091f10
0ae52208
0ff30d08
f910f5f4
0cf8dd0d
0cf4bcde
0b08492d
20154828
3eeadf17
56cffd04
09bae6dd
1df9300e
47e4f61d
12f81ed8
a8f33dd9
f40a041e
f8fbf3d2
fd08e411
0508c92a
dbd613e6
f2ddfc0a
f8001e18
cdc5cd3e
101a093d
b8fdeafb
4cf1f2cf
fcecfa28
3b1fee21
1331042c
1d0ef4d9
290907f6
0805bf1e
0d00e5d4
5618e12d
0414b827
5808fbfe
fd0f56e0
e40c14ea
32fdefe9
27de1c23
bfeafe4a
0ffdfc10
f71be3ff
1326d2ec
d7f0e500
02f305fb
14ec0830
fc0f28fe
2c0d1be9
160812ff
18172114
503009a9
18bdee37
eee0ef06
151cfbf1
0925cf04
fcef11d5
0dfafbd2
16141e1d
01181ebf
f9d92512
06fec3ba
de1f43a6
d5db3be8
101ffb02
f7240733
ea1830d3
f5ef1b0f
01e002e8
d419f5b3
cd0ced0a
ca0f2843
1015033f
e6c3cb64
1200db04
f72c2a46
ebd72031
06f9d016
e6faa144
183c02d6
162aedf2
090600cd
fbf30922
1afb13e8
0e1c10ea
faecdd2e
09b46923
d7cbffbe
0e0a0cf3
e5d1ee0e
f449e1f6
e30fe747
40eff405
040a0ef2
0ac92023
d7f0f1f5
4ae1415f
b51007fb
fadefe35
f3fc01ff
2e15d2f2
f0e7215c
3de4e8fe
abe90b0f
4f0620e2
d7db0766
1a6af7e9
fdf7c6f2
0c030ce5
0e07f5ee
33496fd4
1b29f4f3
f6dfeb15
6811052c
0dcc10fd
28fb00e9
09e4bcef
f6f1c430
022cefe5
3e2df9f6
dbf70810
0f16f738
f3e4e03e
1bcef0f5
cfeec00a
cc1bff0d
23f5bfec
0f0ff7fd
0e09f3f5
1adcf209
e138eed9
bae9fd15
fbf2ed09
f5ff2212
0d0615fb
cc26faf7
331ef633
d212093d
e4f957ff
ff031606
27c6f939
061e3ad7
09f62d9b
f5e817f1
181710fd
4b220027
04aeeb11
1203fef4
043ceefe
fff80ef7
05e6d9e6
ec06260d
e7290bc3
fb19e231
02171418
5b03fb10
0d0303f1
ffef0b12
17f50fd8
faf2ef0f
fef50cf0
f423f606
f216230b
f30f0701
d2ebfff3
0a0ed2d9
0e1d4009
1c31e6f8
261af83a
b126ef0c
0f3a12c4
1a28efeb
03cd272c
fe130c28
eee44cef
3f1739ef
55def316
355c0436
f6700ac2
0bd1ffc5
fcfa41ee
f12cf4de
f0cc0105
1a29281b
1af31716
0a130101
eaa81217
d90702fd
f1bddc1b
16ec1207
2302ea19
03b8b9ff
d039fd1d
faf8f214
08152c16
26fd0e1b
00a829e8
f713b524
0f1c69f6
0711fed9
76f9e1b7
1a1ae218
fb1407da
0b12fbf2
0145f518
2c0c0dde
e5d5c99f
232344db
06360bc8
ac170f03
241ddbf0
ee31f3bd
240d3601
eaee2cff
fbf95f51
f809defa
07e1625d
7fe9fce1
d1fbcee4
420cfa18
fe223902
0cfbeef2
0f2ada12
330f0ade
f90fb21e
3e45fc2b
24430be9
dedb1af6
00db81ff
2413e6f8
35fd23aa
e2f9e90c
db141922
fab7e8cf
fab2f41f
01cec5fc
bd0622be
d11502e9
0cf9fa50
36f601e9
e501eefd
a2330007
def7fa1d
0019f4fa
321608fa
37fe43fd
43d81ada
110138c0
e4d3f822
be0e00f0
b38321f1
04e11422
7feb3fdf
0ef5f4fc
f544f5d3
00e1da42
fbd8f682
d17ed723
7fc10912
9f51df4c
2523fe06
29010c18
c525b2e3
a511d2cf
c5d3610d
79c8e445
dfd42414
23c7ef81
0c0408d8
23d72d0e
130092e2
3b1eebf1
f0f13146
3419002d
1a26272f
b1fbf9de
ed033630
fe02130e
12ba226d
19f62744
0be5f843
d30a15e0
0bb30528
ce4005c5
e50501f1
0cf2fbf8
26ff1bda
03e10ff8
ec1ef92a
f4341f0b
ef07fd0d
06ee2927
fc042ddf
0de8240d
e7260612
5cf3032e
3d1de3ea
e1b51a3e
0bf21207
1201fd29
07f20633
fdf5f6f8
18e7a204
efd1c60f
dbe1ed04
a6f407f6
2eead6ee
0bcaf830
f4eee929
0206f6b9
f9f8b455
270713f8
9e14d835
eaf90fb3
ecf4f6f4
8115ea07
e709f918
02d4f8eb
d51edb34
d3f1e803
e60a2cfb
cf21f501
0353e537
f6f0e4c6
2effebce
02f7faf4
03f9d509
02040611
3a2807b5
d40200f1
f712f4f2
f51b1c07
fe3ee9ed
16cfc3f1
232881cd
e612e92c
111e2c19
2e00f8ad
fa12c9c6
f2000224
9af2f681
f8f8e011
ed0c0f25
225fe716
c5e50533
cb230f18
a51532eb
e1cef632
d41034d8
24254e1f
cc30e9df
28590ae2
16e70fbc
3e05d4eb
16e50edb
fcae21e0
e2de12ea
21f31a51
4bff3f0c
e31bb3c9
c1093781
170314e9
f5ddf949
06f1273c
fde5e419
e31718e9
04d90c1b
2206191e
1c16e7b5
4f210fc1
0bd3170e
10fc0ae1
efd862ff
29ee000b
ea00000a
e618cdf6
e1ea1a19
1dbe0409
2417df13
02f503e2
0100edee
07f7d61b
f9c3a9d7
ef0e0027
10f1eadb
ec0af201
f0cbea2e
e815f225
29ff2cf5
05fa0f05
fb17274d
e4ead4ff
191c0c36
e045d347
0c2b0818
fa091c1c
254b07e3
32fcf5ec
20340d27
cdeceed4
e6f400ed
f3dcfe11
08d5ed35
fbdaf9fe
25fa59ef
15d8f950
2e1b14d9
a6e603da
db1b17f6
bddcfd3f
2d0d2117
fbeb0ebe
eeebe73d
f7fa28e3
20e4e6dc
d910f249
0f0743dd
e90600ce
eeee050a
e145f1fc
0611c7ec
ea370310
f1f5d016
ddf903f5
f9020bec
2ab507ce
ee20e304
00e400f9
ffed0b2e
07092e36
e514f0dc
e206151f
02d31d00
af1514cc
00bb3310
af140ae0
cce3df0d
f8fa0135
061e52cc
17f21d03
5815d40c
40d6ffdb
fd60341f
fe070e2d
e0ffb91b
0913d5f0
f509e653
32a22125
16bc0fe9
3257efa7
3022f90d
f607e504
35250a22
fef3f2c6
fd012afc
fbf13d2f
4106f61a
3a1350dc
0530c13c
031cfff8
ecef05fc
f0ef1e08
06e70534
09354ddc
0222d9f8
0fec06e9
0524ffcd
ef1bd9e2
f60211dd
e417d9cb
e7fb1824
ae13ec04
f3effed8
cf2e17c9
f3281822
d5d3341f
c929f52d
f51576eb
0ff30b31
cff61edb
3907e8b0
3e08f50e
0c2021e0
bffb0bf1
fafce426
f716d2cb
1e12f73e
e7dc17ed
c2e0062c
01fb062a
24c43a12
04dd17ef
e70f020a
594404bb
341b20e7
023f250c
f307d9ea
f6d5f51c
ed4beef5
f61e12db
bcd003e4
11fd0c2a
eaef240d
ece6d403
c6f70207
ff3af4a5
f3061b30
f705f009
f9fb07fc
407b04fb
030401fb
fefb0106
fd01fcfa
02034dfe
ff03fcfe
fefa0003
54dfd5e1
edfafff6
df0d18da
09f6f5e6
36cf16e7
d9f80313
ef0514fb
0729f2e2
0b05fe11
e516171b
fd2d2dfa
f5270327
ddd704e4
1625100e
141707ff
0b14fb15
3b0d0c2a
1fdd20e9
1eff2341
f0130fef
1ad155d0
0fc10d05
1bef0cdc
2cf3f8e6
10f3b510
db33f0f6
ebf3ddda
1ccd1d0e
f70fbbc7
2221fac8
be11ff23
1825fbe4
3b1717ff
0be009b1
f1237625
0316e514
e5f1fb0f
fd12ff2a
e65b280d
e824f021
eb0dfd34
282a21e9
179fd6dd
ed041a30
ce0bebe0
0b01d7e6
faeacf31
c116e2da
e434020c
1f071633
2a02ade5
35081603
19f40a36
20d3e8ff
10eaf6f7
24e716f4
0121ee1b
fdf3ee06
f81926e8
f32e12f1
42f614f3
4d25f9ed
05d5f9a4
402ae9f4
04d8fed2
0be7001f
fe1afed3
f3f307c9
5d0ee0f1
b6c6fa18
0e49230b
eafdfa08
fc03f23e
f109210c
ffc818f3
83e2081a
d71ff21a
1bf7f0eb
e5fbe5d6
efe1eee6
e9101001
fb020eff
f8414129
07f4bbda
3e39e427
0e0dfa08
f0360bd6
e6def6da
f6cbf1c0
da21ce52
25e208b8
090f043d
2df8d705
f10ae9e7
080f0327
2d06faf0
1ef8e1d9
de37c8d8
240e243e
2623da2c
24d5fea0
f81e0341
0ddbb9bd
2c18f619
010af528
1201e9d4
fe03feb1
dada06c0
e8170620
0ad3f5f8
0dd420fc
f5dfeb25
0505ede4
1fdcb0c3
fec52e3a
0702c812
dcdc081c
1bfcf59b
1508f0e1
ff04f5e8
381d2ce7
f7dc1019
f02fe20f
01fb0f0d
43f707ec
ac0b0425
0113e2b3
cfd1f4df
fd010200
fcccfdff
f9fcf6f9
0202fffd
edfcf408
12ff7f0b
f8fafa01
000d0100
1715f8f2
ed13f806
fad8d0f5
141fb711
1d06bae0
f90e0ab6
0ec621fa
4a29f013
ea233dc9
0ae20c30
1214d9e3
240eee49
dc2502e2
fd21f0e3
032a28f3
d7d508b8
d4310621
25fae5a0
19f2f27f
12ecd125
5d0bbf2b
331505d0
d5e401fb
2753d3fb
c406f330
16fae1f9
c51604ab
1507ee10
b8f21520
1de7fef9
0be21ffb
e8f7eafd
d242cf19
e6ff144b
eeedc91b
48a52bec
caf80d1f
123a02b0
00ed0701
3cf6fb06
0209f213
fefe13e8
e40b0fff
f60c00f2
f200fd0f
1522dfff
011beb0a
2635efed
16f41efa
fbf9ea12
c7372949
e1fe2fd0
ae041729
fe14f4fe
19c848e6
dae2ec0b
fd44c8f5
f3010cdd
f619cae3
0c141abf
e7000723
15fc0224
f325fc12
191106e6
e90a0627
01e7f3f9
18d9ec4a
38e70fc0
160318e6
21c51713
240206f0
09eb1501
ccdcbb0a
04ffddca
cb12f2d4
f2fbe50c
3b12ddf9
cc2ffadd
09e5fd13
d7e1e905
231ed4ed
f6f4f8c4
33d5f3d2
f62bf613
cf0903e9
21e10438
f6e72021
2fe403e6
26ee321a
1c0b19f2
e10422d2
fd07e601
38f0f2ba
23d0eb29
fbe720eb
05190004
00ea0927
fbfcd3ea
c8e6f3eb
e4bbff2f
0edced0a
9cfef0e9
fbe4dcfe
18f12d2d
1ad0dc0c
fd2c2156
f0e8352a
2bff1ff9
0108ff0a
ed35ef42
0124d740
420a033d
12ec0b1e
070bf60f
09eece10
dbe4bf1e
16081338
a715fcf1
1c29f70d
b9e5ecf1
e41d1b1c
fef5ef1b
18e22b0d
f7d3ed29
30f0fcff
db4812e7
23c902fc
05d321dc
3603f629
0304b6f8
f8203be6
0dfdeae7
1f0ddbd3
f3f40527
e70d0fed
2005f803
082bf522
f1f5c149
ee14caf7
22edf109
e6031bc1
f8d1f9e9
fe223201
0fca0109
f618f91e
ec0f23ef
e007e2bc
08d6f4f0
c71c200a
eff0fb15
0b0c011b
4826f1c6
37ea1c14
011608f5
fceb0410
ec0c08b8
d9de0c04
db08f8db
15ee121b
f128f817
1a2b1705
f603f786
96c6f23f
04dcf8d2
38ff1e37
37d10cf0
03f2da0e
5631e2cf
d922dd03
1aedfbfd
c6e6ab16
ef03c8e7
47e20608
15c4fa12
dbe2e5e0
491ce535
c8f7e5e5
f6ec0216
210302e7
1ccaf6fc
97dd39df
eee3fbbd
f51aec0e
f3def50b
29d247d8
e915f1e1
e21110ea
e005e5df
13292216
ecf3fa3f
14e4201d
00f8040e
ec141cf3
0703e051
3b1ae22d
feefea4f
16440efa
e0d80c02
000b3615
26ea09ec
27041008
3913dde6
07c1001c
18dc021d
01eefaf4
f9faef03
1ceaeb31
e0ecdf0f
e8fbfafa
0cf415e5
1bc0f9e4
11cbf11a
cdfee7cb
f7d7051a
fddc02da
2d2d05f1
1eed0af7
0305f3f3
e914f743
3debc4f5
c9070cc1
e126f20b
00cfee1d
1ceefdf5
12ff034a
03f61e3d
e238eac1
d9e4091a
20f718ff
c630efb8
0b191908
f0cde908
170740d0
e415f8eb
def8c155
bdf303da
d0f91a1f
3cdd15d7
18200906
ebfb01f8
2a2fe136
d929ef19
1d08e5dc
de240e0c
af0e031e
1d10f618
08120e30
1a11fc0b
f5f0fbc3
fe1eeeff
dc20f531
ec031802
48f2e0ea
f3ebfe37
0e121c0b
fc280934
04f4ddd8
e032fcd2
01de8fed
040d203e
490f13de
1cd50645
f7121b34
edf139fc
1613f6fd
021ebd16
b1f970e2
0c002817
b302f534
3b101eb3
0008081e
f718fdd4
25e3e2eb
f3ef19b7
0b032870
431c0523
9fd6fffb
40da0508
01d9fab8
e6f4eac6
1719ecea
f4e1c004
14fd0336
f80eb347
0c08243b
01e00c01
f31ff1f8
cefa1b07
1d16cc1a
f60e2137
e74a1659
baebf2f9
04cc08b1
e5171ce9
eb25d1e3
c51dfa0c
21121411
f4ecf201
1a04d603
0812fcd0
03030efb
b5031314
ee12e21b
2edb17ca
f219cd12
0decdd3b
e6c7f9ee
e3efe7f5
41fb4808
f4c3e7eb
eee5eafc
f70fe814
36f0db1a
01f9f214
c9cb3d07
f6dededb
e51eb906
0cf3fab2
f130c725
3af8d826
f70eabbf
0beb1227
117ff404
f3daea1a
0c170bd4
b61309d5
e6d6bd51
4dc2fe39
eb0aea13
dc2016f8
02e2ae3f
f30f1520
1f25cff3
da29ec0e
c048fcff
1102f0e5
fbbae90f
e619f11a
0ea9eeec
0702f938
5efbfd1d
fc09151d
f7c143f3
d92c0ef3
ceda1631
0623cb0e
e62e3fcb
faf615a5
511c0704
f3eef247
1aecd3f3
4ad717ff
c6fbdd17
0eeff8f7
e721baef
df04311c
41e428f8
e8d40ce0
05e3d5e5
28f9fd45
fdd03103
1915a2db
d108c9e1
efe8fc08
b1f1dafb
d1640114
dad9f2c4
f439051d
10e924c5
fc012fde
f009522e
f208cefd
d90c1a0b
1504f2d2
fe07e4e9
ffe308f8
e72908ec
01dbc9d2
f619f3dc
edfcc31b
2a053cf6
1fdbf597
1125041e
efa913f6
1bfce7ea
00ed3120
143515e6
12ebe006
dfde032f
7502f442
f6e2ce2f
3027eaf4
c01305cf
29fde216
0a3312f8
36e8cc1b
f2063524
c7e91a1c
1dc410cb
3d6ade1e
23ff38ec
f9fbd7e1
ecf8fc2a
f112ccf8
d4f9c930
d70df8eb
0742e2cc
fcc3d710
17e123d6
0311f0e6
cc040503
3adee2d7
2105f1ff
113613f0
f9251d08
d9e0f2c3
301019f3
13f7ff31
d9dd1f61
47ffd92d
d6fe0fcc
dfec040a
f1eaedcf
fc211801
cd2c2cf9
030c0615
fd3902a7
eadb23e6
0bea02d5
0fee07f6
25bdc9e0
13f1fa27
e92a1ae1
dd0b1c01
05f1bb0d
3313ef25
f609f6db
35fff6c1
09edfb0c
d5eb0bf4
12d5df39
f8fb1035
3df31fc9
dffb1ba0
240726dc
572b0de7
eee7da0b
fcfd1f03
13caece5
22d9f81c
0c13f4e5
cae6141b
72ede124
fc0f01fb
fced1e00
d50f0905
f8d64124
0eefc390
e0e0abff
47bb7b36
341e39db
1f42f71f
d0e9f101
f406eece
030d1005
11faf8d5
f4d02ffe
ffc006f9
bffffadb
e9d9030e
f2d2e201
09faf613
c6f4e205
09ee4fd2
1ec0a1b8
cbfaf216
c30cc00b
b72111d2
e3f8ee2f
2400f7f4
ff343701
0d18fc1d
d121b2ee
10f916e6
c531d315
0f03fbfa
e9100b09
cc0df107
07182bc8
0009e90b
f117fb28
d5f5e114
4039f221
1f30eb1c
e3b81b0b
0603f405
142ae724
fd069a01
0ffd4250
2eead0f4
0cf9e9a0
ed210325
071525f3
f40802d6
e62bb100
ed0ee1e7
12c6a912
eddbeacb
cb221c37
e246f8c4
f245cdcd
e0362503
21e709f3
d7180035
fb060f0a
e5eff103
7f15fddd
2df20104
e4041e2f
12e1cf45
ea461817
1c0afde5
1f16fe26
fbee2b61
6601fa0c
ae0fed38
009446e8
172418b9
37cd00e7
f706e4e1
f1dd5210
0d11eac6
d104e104
9309f60c
01dd2f14
e80b0834
18041904
01eb3834
31fe59c9
00d4091b
c425cfc5
17fafde5
16bc2809
1ae107e5
082909e8
f519efec
f50152c7
4af1e71b
11d2ec0b
ab4feb00
e4d00f49
08300601
d9f0e623
f70d159f
1bea0df9
500c2bf9
12deecee
08f8f4e4
e8fa001e
04dbf210
e72b13fe
001100e8
03cde9de
0eccbff5
45e7e81e
ffcdffda
04cd1a08
dff4182f
12f6fa12
faf5f6f6
050f1f1b
08071216
d90aef1e
e5fbf5ed
07d1eeff
fa101212
06132636
fff82bfa
37fab2a0
cf0811e7
e2201912
baeb0302
04fa2b0c
a6e3fde8
fef90d00
fbeeff07
fe00fcfa
0103faff
f9f9040a
0aec5e04
fcf4020a
f702fef9
1b2405e6
ed20d115
ebe633f6
05e503f8
d83b0443
110807fd
fb14f5dc
bef1113b
0503d9f8
1aeaf413
fe1d1624
2d0dcdcd
e416f608
23fbf6e8
03083a00
2b310823
3bd3aa02
e4f44803
c72d3fe1
1bdad8dd
0aecfa0a
f71df40f
06c906f9
f608e503
f004e7c9
1a072302
fdf3fc12
fbf00308
20f9f5ca
1eef0b29
05f4fe27
f4e9e61e
0fcefae3
fc100e20
e7cefc48
d84d0321
09f0101d
cae5fdef
eeedee40
ea20dc1c
f92a1621
fe0340fa
1eefe4f1
e34007da
f2faec23
e61eef3e
01e83f43
eaf5dbef
da2fddd2
27e584df
e5e01229
ddfa0de4
a7c61710
1ddb03d8
f90b0315
f1fc1adc
031520f3
e4f707d4
0e15202d
2715f344
67ef0326
0df3eb14
22f909e2
0bfa18cf
15e5defc
f2320d00
f00cf8c7
e0fc120e
a616f807
0c1e02b8
cddaafb6
32f8010d
fc2ef9ec
e100fc3a
d20ae443
2218e5de
e4fe0b0e
ff3efddb
eb161b0d
dad5e413
03b4bc56
ea4f7433
175437ff
c9ee199e
26f3dfc6
b11c24bf
0f1a77b4
49d334fe
f703f01b
07f13ef7
3e06f3d7
c7fff328
3fe1fd0a
f1c2fde9
0c2a0bf3
010ae9c5
e0210612
00142808
2dfa0325
e60ddcd4
15cee7f2
f4b8ee17
01dbfb10
f5e91c11
cd3124f2
08b17571
fa2b2c9b
cdea1806
d11b10d0
b8f8deee
55305b9b
40d0ecf6
fb1b0fe5
03244bd3
fdcad6b2
d505c2e5
f5eac5d3
2b34ff0b
f3d90810
32dde6e7
2b02e4e8
f3fd090b
f5160bdf
09441b30
0621e4f1
1ec208f5
efdccaee
4117f523
ef1b240f
29dc09bf
df1bd3f4
02fae6e7
021e07c2
ef3df7a5
0e041f0c
fcefe6f7
d907f4f5
0a1e2efd
ffdccbc7
d7d1eff4
00140934
fa05eead
fb13e2de
39ce0028
cefaf42d
fa0610ed
f4460bfe
d0e7df34
c0f81c05
122ce5f4
1ce33dde
07ff14f9
e404e0f1
080408ff
b61ef7fc
f2fad711
e049e017
f4ec0501
ebd943f3
fcf2052b
faf4150d
2a09da29
2d09ef0b
ea30e4f9
cefb25fc
3a060edb
342d1e00
03f9b1eb
2ad30021
2010e21b
f1001363
a4f9f7f4
1004daf8
0da9dc01
f0f23503
0d49142f
ea2cf9ef
610960cf
f4fdb5e8
7f00d7f6
24ec19f3
dd0910fe
ded91ce1
fd1ee6f4
04ddae05
fbe0f8b4
07e100cc
40e91326
edf6e5fd
1e09e224
5ee60cca
fcf725e0
0d0f1d24
2610100c
09181aef
21027f26
0dd2eede
1fc5e208
ffd51722
fecab4f5
27f3213f
ebefd2ee
c5104303
16f5fb2f
d723f835
8739b02e
1426e8b9
09feeaa1
faf53efa
f11f1510
f7e4d9fb
e7461ef0
d5a70c0e
ec1aeae0
f6fcef11
fd160818
010b1502
ab0bfa56
fd65e6c7
10c91110
17ec1b20
1e31e4e9
e3070afb
e734dffd
de250109
d7ff3338
e21224d8
e808c1d6
f0c30f11
fcf91c02
efd009fa
2060d003
041e1cef
f8170ee9
e9cddb01
0f15d4da
20cb100e
f6f7f7da
cc15fabc
eef7e2ff
1bf12309
140936f8
e507f52d
f9eb37e0
0455f701
0f13fb0d
04b40814
0ed63a15
2b1bfd02
f6c830dc
330e1122
dcfcb01a
ce0120f0
4c02e3ef
19190c01
df941619
f1fff8f6
25f91af7
e132b01e
fd53e305
17e2fff5
5215fb0f
33bbed02
ee2021dc
c6ccd810
f9f08324
6df21e04
e9ad17df
113d14f9
ea4a08ed
f30efe21
1a29e4e3
200a51e4
e407ede7
f7eef5fb
db1fedfc
1fc1f5e1
11e118c3
edecd5b7
e2e6e22a
230544cf
410a50d6
e61f6001
f8c61903
22e823df
f71df9fc
0de31010
131f3302
2ce6dfee
53cea424
e3dccf4a
26c7d347
24fd0fc1
dbddebe3
2efcfc25
63051ec2
0a0b4004
fa080ed6
eaf204fd
0ee1f60c
f9dff116
feeaecee
def21ed2
f919a603
e42806f7
10d9c6bd
d41812d1
0ff7fa25
2bf83ffb
d4da1008
270cfa08
ea11513b
ee6e17ea
1cdef2d1
bdf11105
1c5505eb
fe06daee
ac11f80f
29e01fb0
f705f45c
0bc6cc43
a0f6d012
d7f4ecfc
c4f5fe09
fee80514
0702ea15
fde80dd0
eee3ed15
12f4f31d
0af7ecc1
6624efc0
34b91ced
28e428f4
1f290822
37dd2720
0209ca11
e547aef7
f2f0f9f0
e9a82304
203b04cb
ff4cc405
fa4704e6
1becfc0d
f00ef2e6
1a28081b
ececfccf
e9fdf912
b9db1940
e7eaff11
f3e31101
be110def
1c0e0f20
d43eeaf4
0d191cf6
2b0fd308
2b3805f3
e7ecf500
c9e7e2f5
0de1201f
f7182649
f6fd0e1c
ad0dd70d
eefd05f6
bc2afdeb
39e9f307
c8e4df0a
d748eb1f
f620c8eb
11960653
22e910fd
c729150a
e7fc2041
16f505fb
f84c06e1
1cde001a
0c2bd1f4
0ce40b14
c5f0c7c7
45f0fadc
3513fff3
f4fa17ee
e0d6d1f9
fafb31e7
27213130
0300deff
e51812a3
23e72734
d0ebaca8
28c5ec28
050f202b
080ef5cc
fd55b33d
eb17810e
0209181c
e4282512
4af7dfc9
fce7def8
0ad11fda
d0cd17e9
022444f2
0219c3fe
4bfb9e51
531fdb05
05c4f821
182afe30
410df0b2
001b0fee
07f60623
12151815
4cf69bd2
c0e1c311
f707e107
37300ff2
e106f60b
fec8cb23
143fff20
07edf9f7
c6273c3b
282702e7
f9d01709
f5290006
c5142334
a8ea0ed3
e3420900
053baffd
d9ea229c
4ffa17f6
f7db24e9
09eaf122
24f2f615
cf0c2f21
1f21f033
04bb1134
0b1801e0
5cff2401
f700d0cc
ed1b0212
18cdd928
c23a18fc
faf016bf
16f2b7f9
0832eaee
2dedf8e4
e22df20f
23d50f12
18ee2b2a
d4141102
fc2ae638
426a14d2
e2f227d9
3b03eff7
e41dea02
070b02f8
e1bfdbf1
0e4c15fb
0fffefea
088bee06
6ef0f42b
3dd50f16
f9cfeee3
0f05e3e4
c8f4cf01
0af5f8d3
131de03e
26124526
1af4aece
b5d6e5d5
101ef7b7
0db0f909
49d63df4
c7ecfef1
02fbd539
0ffb1a2a
38ed0712
d0da0713
e301f70f
020d09fb
37415103
1acfe7d4
064421c2
e43c3c06
c82401b8
1d47f2f3
efdf0e96
f9ff19fe
2e3c3dfe
bb191006
edf005f8
f8020d08
fa11332d
0bfb07dd
f8f52ff2
b982fc26
c2fb24f4
fd2212da
e827611d
0b12f30f
fc03238e
111adec9
2ef03225
e3d9090a
0e17fde8
dee0d2fa
ea0edc01
02bc081f
24ee3dee
fccffb12
461be00e
f525f71b
2af4e7f4
ea09f109
fd0dc8c8
151008f0
d5fc2618
692ad7ba
012fe313
052de208
ca0efafc
eb01f132
0e0008d3
f9cc1b35
f0ea1df3
f525f607
1de1fe13
f9e0e505
1c1acdfd
ed020934
fff9f1c2
e50aeb10
1621e1bb
250e08fd
0bf31600
dced2a0c
d631f210
d8c9e2db
f11f20ec
fe0051fb
f005f9fd
4248380e
faf31530
edfbf308
d4ec05fa
e5abed1a
ef2ea32f
df3826f7
f7f7eafc
e8ed06ce
cc080200
de0c0206
1af3fecb
336be9d8
04b3f55d
e90d4609
4018095e
540a9ae0
26ac0ae0
280c1106
ea292ba8
09b9050e
09f80323
dcfdd5ef
2bd2d7e9
ffe8200d
d1fe274f
2a1ff813
08081aed
fe271425
0addfe01
e906b618
420e1011
25e42afe
fcf11821
ea291cff
11e00a12
ebf32ced
ff091f39
e816c6f1
00f3c7da
e93fb90d
fd0306eb
211c0b00
28cefdf9
eb41f7cd
16e7faf3
e026e6f1
29071ff4
daeef309
0edfdee3
fc25fff9
1c0007e1
e9ff1a23
2cf0b626
eadad7ed
eeea560f
f615d922
0447e720
0c0df319
74cd08d4
e6e9242b
e3bfe25a
f10959e1
211502f2
dcf0e231
e51ad104
09da0bfe
e4b7151b
32eb0c07
f60124f9
0f54d1d3
28da033f
b3ed01f8
181d071e
0203eaeb
083f06f4
151c0306
f90df7e6
11e20b14
fef40f10
f3d6f2ff
46020ee7
0e37e2f6
3e0b0916
091d1d22
fdee33dc
e4bc0809
6011fbd3
f316e6f2
19e5df08
209801eb
09d5dc08
cc4f0c09
093c3a1c
25e53107
ed071416
09123318
bafc160a
2b05eaeb
eb2af1f5
03e8d612
06f5dd2a
fc02e8d4
bdedf7f4
f2ef130a
fbf70e0d
dcdcf2fc
ff04f535
3038f6d8
0a091dec
0627a3dd
b8091c26
171106f5
f0cffa08
f90d1fd6
ca0af6fb
08ccfe20
03114ce6
1b63f6f3
fafbee38
24facf25
43a2e0ee
18c539f8
1de62c15
51efe0dc
064d32d8
e7e62ae1
d007f3ef
0d1e1b04
1de70a12
e4ee0807
0fa7f8dc
09c4d9fb
09111a31
e9fd0afa
24f30058
d309f2d7
d7160ef9
f3391ce9
02033e41
ef0c0035
110e30c7
da44e2fe
e0f51fb4
2503d835
fe0800ce
02f2170f
d928202d
06f2061e
00dcf62a
02d9df0b
1bfd381c
de0a4e07
1418f9e6
f8210613
f5ef0705
e402f956
d5ea0217
ff17dbdb
f7f14efe
071a01ec
12e6020f
22c2f5fc
ff260106
13eeedff
0c09fe16
1c1a952a
0404f919
a4fc06fd
e1c90bfe
f82dfdf1
32d80c11
151b0506
17e9f8ea
f30531b6
17e84e1d
ce0ce1fe
f1f8dc21
fa25d101
e9140304
0f0900d4
17f1f5fc
07e1f3c6
63f23d47
043be42a
bc1035fd
271dd112
fefb0e0e
daf0e01c
f77431c9
f8d4b1f7
49141417
d0fce9f0
30edf552
e2001c04
e312d4ee
0cf20104
050b02d2
1d0244d6
e6ff001e
0b1901db
01fafae4
fc0e0313
05f4cb13
f33cf0ec
03f8fff4
0dec1a4e
43060b20
d2e91715
00ec1bd2
f2f928e6
f029dce5
cacdede5
ea14352b
154b09fc
0b060710
c3f7e4fa
1e05e61d
e108f306
c7e0fa01
2726fa14
1af20214
df052ceb
29f70709
49c20b27
f8360ce5
fb4d001c
0b3ff15c
da16e7e9
02f3ef62
fe0001fe
000000fe
ff0101fe
ffff00fd
03040200
0100fe00
fc04fff8
0001fd04
ffee0103
1c33f5cb
ea59f30f
381e1d19
18581512
3d460934
fce4f5f3
f30df203
3edeeb36
caeeea1f
2fd4c2ff
10c715d7
1c221321
04342e03
f5cdebda
201a41fb
efa52607
0617cdfc
19120b16
dcecfae0
e0f82921
e8fe09e0
c9fe1a03
faf5fef7
ece4f31b
11e328f2
1700ec01
ecfa0b14
04f2e5e8
cefb09da
fcc43606
dfe4d929
f30b08fe
c91622fd
f8fee707
2106fff6
fe22d848
1eef1dd5
efe712f5
e93e0c1a
debc0122
f3f1261c
d4f1dbe2
250d140c
1117d3ef
f2c8290e
e12022ab
00e3f7fb
faf4d1fc
1be402e6
f4dcce29
53d211fc
15f4ce0a
0ceabe81
33a8c8e6
16f12c0e
02000000
01fffdff
fffdfefc
01000100
00010200
00fdfe00
feffff01
020001ff
1a26f4ee
38f3bc1c
e512f041
e22edae9
1659dde8
2813d80c
05eaf921
0c1d11f5
100521d9
14feff38
eae4fee1
12df1add
1535071d
02e100ee
faf7e9c6
f7df25fe
1ced13da
1408e2ab
09f715e3
e82911c9
fa1509e6
dc53d8fe
015607f0
ffe412f1
0edc072c
f2ebe836
18e8290a
14fcf50f
d7c01b05
1222e002
070af92b
1727f513
30add6ef
975defb4
f3f4549c
73530cdc
d7c4137f
f63dd557
e71e28a8
95b49948
e7325ce8
05fe3426
c0f336ef
e407f629
f940e707
f0f6cc14
01000dd9
d7e9ea10
fe5ae80e
1e0704f3
1a19e60e
540f1d19
10e9eb25
0e33fd03
d0ddead8
e216d73d
1327dce6
15fe3611
c3e6074a
f82dfdf4
040ef2df
c8f43511
1c1bce26
feecffe3
0ae202f8
dee7e129
e51afe04
e2c90703
ff86f0f5
171ce9ff
fd0cdc0d
f702ed19
ded02638
c3134fd9
00032cde
ea47ffdd
fcee0033
cd382ad7
d13627c6
e2f9ed57
dca72d14
0a07ddd3
24f2071b
130fd610
e600e207
ea17adf1
dc0a1baf
cee6cb46
1cdd1601
d6f33805
0611e90c
e620ee0f
1ef41b0a
bdf80cce
01541af5
1b0b05c0
f4d4dc0c
f8011b02
d300e5d1
291023f8
06e5e0ed
13161af2
e8ff16f7
f9f00712
d8ed04e1
2c116bc4
f1d926e6
2ddb0e18
c7fd0703
67e3c6f8
13120de8
e0f3f00d
f0072309
11071f10
11eff0f0
c7defc04
17e0e9f9
1f271316
1f20f1ef
f3d8c8e3
0913dc2a
e6f105dc
3719e9eb
f60a0ce8
033af0f0
1a2de414
cc3d0429
eed404ca
043204e8
0f140bdb
0dfede16
06acf5dd
f3111cfd
2223d427
d6fb0936
d2d9f01e
00ff0100
ff010202
000002ff
01000200
0000ff01
02ff00ff
fefe02fb
fe02ff02
182ff7ee
1c0128e4
260824e5
35efe60b
1a33110f
e51245db
b0f7df3e
fe0d111a
1afc2de2
f23804d8
06ed32c7
35e02720
f41307fe
0df8e817
d6063ce2
cf85e3e5
ede8fc11
c0093b2d
f6e429f0
030701d8
1214f012
0719ff06
315420e6
f2e7fa3c
ed2d1711
c404e01a
0728ecfe
12fa28d5
07dffd00
390effdc
fbce4bd8
ef02fea0
f6dcdff9
f8fd1a20
19eb20e8
f1f9fc07
f8ef0904
ee0cf9e6
e423e316
0df714fd
28f8f0dd
0ef71808
f02fcf1d
0afe15a4
1fff0af6
efd102ea
e008ec18
1cf2ffd7
1703caf2
72fb0524
0b53b818
dfcfebdc
fe2412e2
c41c24e8
faeb391b
fcd7d195
0ff4f4f7
2a04e60c
12f90503
02bf17ef
02e40ff3
e31efadc
1819122d
268136fe
e4f30c22
e60e3015
28e531fb
0a38fe1b
fb8df802
dd24fd03
e3c5ebd4
db502df9
eef29514
5cfc2221
26eb1208
30bbed20
0e00ecf5
d12af2ea
0f20152c
2dde5fd1
02f302fe
ff06fff9
1703111b
0308ff05
0809f704
f90e14e2
0e050dff
010302f6
f3e0f6ec
d528c60f
1f3f1409
c8d41311
f12714ef
0602c9e8
3dd4e4c8
fe160e1d
1dec1b00
03fe4ba9
d71609ca
2d0aebff
d926f7fd
bf092722
15a6ba25
083e3229
ea1c4a42
f6f8f2b8
ff05f51c
0ce515dc
ffd1251c
ee0809e7
bcd51800
f4f9c1f3
f0d3f303
dff30005
f1bdd2f8
cff2f5fe
e20d0e03
f5d30bfd
1ceeec0d
05e3d1ef
e4ecadbd
00e2e758
e50ab8f1
3704ec59
2d27e4f2
e8a60ce9
0a1812f0
1e070350
fa3f2934
e0feeef9
eec31ee3
eec132d0
fbc8d50b
c80b3306
202deadc
eecd170c
0d23d979
31f43642
d321ec03
18f9fbfe
120ff8dc
3de0dbd7
00ea05ea
0cf82120
0c3be812
e7f9fe04
f02be814
c1fd0a03
04edc8f4
ebff421c
6efd27ca
fef9edc9
fae8d032
1c0ae7e9
d606e61f
17f0ddec
f2eaddef
12ccf603
1eb7dceb
063bed13
1e12c411
230bd1b5
4629e606
231f1c25
19242bf5
1ade40fb
1d0ef56d
f6e21ca1
02f837ec
d514120b
f2eb0beb
0601dff6
ea091a9d
0a0306f1
eafbea08
dbbf5108
01ecfaeb
f7134e23
3e2913ee
05c9e418
d8d9f412
f60132fa
1d16ccc0
f10ed456
36f7eafd
eb053a40
d009340a
02f51ef0
173c2cfb
46aaedf6
f402e5f6
05fc4730
3f8a1c0e
850dc294
49467bcd
bd2844e6
07fb0604
3007dcf7
21087fec
e0f73b74
17aed32a
8a0a522b
d1122212
e13103d8
f8010b15
14da0e07
feea0926
e8100826
d5f46b20
ed2f13ec
dfcb08dc
0544f31d
fcf9d74b
b30e1c10
f6e9f81d
ec23dd06
f7fb0cfa
fc333deb
004e3907
13f711e7
183a37fd
581ef308
19ec04fe
eb172be2
0d46df3d
201f4a50
0007bae8
e6243700
dcd53f11
9f1a10df
d5bc291b
e511c84c
0be4e6d7
c40dff01
c63253fc
f5e91021
14cfcbf2
261ff2f2
0af5250a
eceda820
f41edad4
a30ae368
ef31261f
d604eb0c
ed21fe2a
f1e4f5f2
e7ec0b2f
f0ec12f3
06df1ce4
9600f09b
0ef8e40d
c65df8f8
ddfddef1
161bf822
f21119f2
033f1db2
e33e17ec
18e89ce8
221ffefd
faf4fbce
e612f5fb
f91603fc
d0e1e319
ff19fedd
0bcfe50d
0ffddc01
03fd4a23
da1e0c28
06fa23c4
dbce0cc1
eed8aeed
0dbcf9eb
dabe3fea
1b1eded3
3205e2da
f02eed13
d61420f6
dd03d6e3
130802c4
f1eacb58
17563526
e5fd2f27
c7f91b13
d6e1072a
07fff724
25f9f713
f9310852
ebf3e62c
fee92030
ab0eef1a
0c22ede0
fd221423
ba2edafc
e10af31e
07cef8e3
06dec127
2803f1db
f42161f3
c90608f7
653031b0
ecc39c35
7f5c1002
d2dceced
d22b8178
fcee3ab3
26f82df1
f9e0fdeb
1000c621
2b291eee
48b513ed
fc0d0414
0b28190e
e701ea32
24f7ffc2
11f6e2ee
114e39f7
000603f8
c9f7ebfa
edfe24a7
010de0f6
161a1b1d
cf09f7f6
a109ca1a
d2ec07c5
ebc102f4
52fd040b
19d208e3
fd2bdfde
2317cdcb
ce16f832
2db7c813
dafcf218
f005defd
ecf3d3fd
e80609f9
1027094a
d21436ef
28f40dea
fe00cef7
ffec0dfa
ebf00efd
06ebd7e8
0a0e10e9
05f10a05
d2f43233
def6cb46
fee70510
fff50ff1
ff23fded
d6dacd05
fd1ff018
fce42dc1
2ac5b5f7
abfff6b0
115908eb
d1f50635
c7242523
ec130d20
1ccf0616
e4f8f643
dce006fb
4306132a
bdf50b29
d7f3e2de
0c1a14f5
01d41023
0fddda0f
1636f312
fbeb141b
a006dbfc
08d825d4
51d90dc5
04500deb
fa1e4510
ecdfc10c
fc0608ed
e1b9ed1e
180606ef
21018d0d
d1ddfbe1
f31dd5f8
f247f803
ec01fad6
e513e2ec
fae8e300
ebef3fc3
da1c1ee5
eaf5e856
fc0b2315
003bf3fb
e6f31b12
f505fb21
f1303816
420701a4
55010a2c
eafef5b4
fbd3e6f6
06142822
31f3ecd2
ec19faa4
131de006
37142205
e9170bfc
f1f10d07
0e323dd9
bb160d1b
d211feed
0910f7d7
f3e6b8de
2a121c00
9c49d9ee
0842ff3f
ee1a0f26
d966f2db
01de10f6
e6facc2d
f4249efe
2d1b28f7
c9ff7fad
533a29f6
e509f50f
f919ff00
1c03ce09
daf0ace1
eadde913
040ed5e7
c5041af2
f5d5fbeb
0600fcfc
6af94a14
e7f1e7ca
ebe7e6c3
ef2b73ea
03082e04
07bbd019
113f1a4c
bdbfe608
f4f6151e
15f70bd7
ece1e82e
13ff0218
e9edfce5
f9ec02e4
ed5ff03a
f80df713
19c50eef
090dc9b6
0be6e617
15e716eb
dbf4f51b
16b834f3
f7a703f8
f505d6d5
e9ed2831
e81bedf0
0adfee20
d203e4be
28e6de3d
27d70920
e7eb00e0
e94a4115
ea0ce506
e9f2f6f6
f8e4f702
dfe92aff
fe23bedf
bde2e114
f0b31901
2b540bf9
5734f7d9
eff628f5
020ae41c
fc2f091a
f00f1736
0a2d27f2
18fce018
1a46c9fc
361ddb1e
fc1ae4fc
fa00df0a
28f6dfe7
01fde32d
11f2f51f
14fc11e7
f637ba12
c83f0f33
1a0311eb
07162edb
2edc1c59
bb06c3e7
81c7fa0a
ee1ce6fc
06d61e17
b515e6da
0b0bfbde
102b190a
010bdce1
38e0fd08
1e42d3dc
010b2236
efd4130f
0e752215
070e23e7
01f8d3ba
00062228
f603e41a
0925fafa
1618fe29
18e707fe
148136f2
e7d30213
ea19f4d1
1db9e505
c30e21e7
a0e973ff
f2c71ec8
d3e10af0
fd2a2915
c3091711
f5c804f4
0001c915
97f84722
c10fdffe
0c1703e0
f6d1f6fd
e6ef28df
190be5db
f6f117b7
14bd07e3
08fdbbe9
38ec08eb
e0e2cdf5
0ee800e6
cdda31ff
451a21d6
04d70ced
faf6cacd
02ddc65e
07e14d34
44fcfcea
59e22af0
202123ed
f8f95033
1a312dea
00faeafb
ed0104e3
fbc70714
d7ffe3fa
fb1bf3ca
dc3012b6
1501ff3e
05f511ff
f52a1030
f3e3f84e
07ca0be9
ea0c21c4
ee2e1300
2bf8fd29
37e80c4a
f43e1b19
fd05e301
3300c8f4
0b05f6ef
060b2191
f8fadf12
1a084bf7
173d17c5
fae9d504
eb120bc7
f8f52bec
0ff6181f
1526d106
fc08fff4
26daf0f4
0f27e205
0cda45d0
e621c710
b70303f1
e8240413
eb0d0f01
ead5dc05
55060de1
df39a8d9
f5caeee8
ed5416b9
3c00eb02
1d03ea14
0606f0ed
09e5fc08
1acbd32c
1c32facf
f518c308
e0c1d5f8
53f20a0f
e8eef6e8
043e1d0c
11dbef20
06091a09
d203dbec
f10cf9f1
ff25ccee
ddf3be25
f600173d
fa10f608
fbdeeae8
c7ff0903
ecfcbf30
00ecfe23
e14326d0
1c000c43
1df70f17
e0befc41
23d43601
f6f0ebe9
5324cc3d
081dfa14
44c5f3f8
f6f0f137
05dae8ff
4e10e963
1001e305
eae60ffe
15f9d315
191a1d72
e406dc26
40f7c3b3
34b6cbf1
26f51f03
d816eeeb
0b2b03fc
fef2e54e
f1efd228
ed28207f
ce07bea2
ecfc28f2
1a30f936
ed71ebd9
c73c130f
d520d401
250b05aa
e301f4a3
250e06ff
d10d0427
26090631
f3fc2629
09130118
b9123310
fb0fd2b5
dae3010d
bfffc2ed
3ae2fd0b
1fec0e2a
02fc25dc
26effbed
0bac02f7
05fc30ca
100fc609
0bfedce8
dbf83310
e83ced28
e1b9fb06
10ede2fc
4de6aef6
fce0f703
ecc90410
05f11d24
20ebde24
e4281547
07dc04d1
31d90b0a
08f305c7
f804e9b5
02e9b324
040ff222
1ae808de
2307f02c
de07e40b
0824b9ff
301a28bb
f0e3ecd4
0a47fdd7
5a14c737
4d07c3ff
f6d91a31
0b340fff
3bd41c23
09e6fd30
0e2afbb7
d66234ec
1b0cff2a
daef132b
d6a21137
fe231319
0d0fb5ed
ed0f00d6
1d380c08
252f19f5
22f4f0e9
fc35fbf7
eae529dc
03c40104
ee08df08
0af2fa1f
faf3fcdd
d2fa2ec1
5be13ec9
ec0c1bf6
ea2413de
f32feb26
d9163726
fd36111a
04fb20e9
081404ce
e802e617
f60d170b
fb2f2e04
dc131cfc
dcef0dff
f20dee04
1ecbfa09
04ebf40d
27deb053
f8352f14
e11b11f1
34ed810a
ee2a2f23
f2dc0a1a
065db7dc
0aebe613
e8f506f2
20170706
04f5a1de
131805bd
ee4406ed
00c1ea01
0a4eba00
0cf2bd17
0715cae8
b6ec0031
f303e7cb
ff281913
13dd0e3c
f3f2ebe6
d3e915db
f4d6f107
d00728e0
032a1506
d50beefd
0d9ef22d
32343e3b
ef24dd43
f400f3e8
fe400014
d6f24e21
06fdf4f9
2ddf0513
2e33f7e0
09f92d0e
0313dd12
ece04f1c
1720f7ec
d9e30b53
429bbbf1
2dfff612
011c2de7
f2c5de02
d91a1e31
1cc622d4
fc1debee
aff0bdea
f3c93332
0adb0237
12deb9f3
1f9406d9
2831ea24
050ee621
be32b6d5
37dc02fd
6b0ced2d
f9e2d020
3748ecdb
efdfe11c
17b6dc37
02ec03ac
0903e5fd
f20dea1d
fce7ebfe
07edf7d6
1c14f405
fd223201
090ae518
ebf7ed37
f30253d2
08f3d401
da0a0506
4abff602
140a0c0b
e5ec3d18
21411afe
0a01f524
08f7f507
14bb11dd
a6b7c618
1505e91f
2c09d6cd
0ff6b8e1
36131c8d
3eea18d2
f0c7c2b6
d500e2e2
080aebff
f7f33309
ec20e002
1deff2e5
d9e90644
fc0f3118
092d3ecd
b1fd430a
efedaed2
f6d600c2
3081091b
b1e412e0
c6180d01
e60fbebe
07f4c0fa
5e02de3b
31eb1302
e109f334
024d1ffd
3626452d
0f2824e6
00f82e0c
e32cdfeb
6bf90564
d13fb208
ca190e21
f130e002
676b1918
b5330b09
ebe4ea06
f7fc110e
15121006
0bfbfb00
f908fdff
07f0f81e
feef0011
fdc90af8
03b503f7
2224f5cd
d60822ff
27ffeedf
cb13daef
f00bfce4
a4ccebf3
36eff4f8
f9f5f7ac
14dad536
2cff3fd3
1610d9be
0b0c019a
e53e3410
0420fe31
1df52b03
0cf90348
21f00450
e5effeee
b1d9df18
ea4fdd2d
f6e20cf6
9cede3d6
1d23ece0
0bd30325
28cadc3c
b6f208f7
23fdcf1a
d6034a17
108be204
ea3fedfb
081ec6e4
f30a2619
03fad500
001034d2
2912f829
19240d97
25140ce9
17fcd54c
cd53fffe
06cdc9f7
05ddf120
fdf70932
d91514fd
361e2c3a
0be5d515
02f9d800
ebf900c4
17241172
083cde27
cf06e50d
04dfcc06
60f6dfee
e4b2f0f1
c5dc0ce3
2af6b4d8
14182be9
17f5eaee
391df8e7
22f827d2
1312ffa4
df37f9f9
e4954004
f1ea1a2c
fefaf2c2
0c1e9c08
e611d033
ff090c32
d4ecfadc
f94e3af1
ffdb20fb
e0cae34b
0e0629d6
cd4d1102
1df9dfe3
b5f41323
1519e7e1
0a18d522
dd19e0e5
e5ccd819
f61701f1
ddef0550
ba0bffdd
e4012814
f4f10b4e
f7d0ef0b
171aeafe
fe0fe5fd
fd292b41
0d00e2e9
0405c6ef
cd10eb10
1209e40e
1b18d7f1
e3431bd7
e21f1624
03f2f620
f1e5fe18
ea082447
ebebd908
03eefc24
1119fa07
051f1209
0a04fcf2
231c46d0
db062810
fc09eab5
040638e1
17b42a1a
f2fff231
e869d7f0
03f5fd15
fb27fdcb
01ccb71c
23d9d419
1c0ee330
d2d112d0
1ef113fb
f8b9181c
010c184e
0a1fe7db
d4ed5a01
2624f8d6
e9f635fe
e31aed45
0d2707e5
1a180f1b
0ff8e8c3
f744f33a
23f32f20
b7140fc0
d8b2eafd
2ee8e013
fd1d4e14
eb02ee0c
1fc02c05
01f20af3
3bece7bb
43f8f903
e5feff34
08e20a09
ea15ec12
67e7fc2f
bf0bd8cc
fbc9e8f1
cdb9c80f
170a7efa
16d30112
08120620
f3e4dff2
02eb3c0b
14e3d618
0633021b
f3f2fe06
312b07ee
1ef4da11
dde1d543
4202c9f1
51240812
173efa15
0dfb11f9
c806f90a
d5fdfeef
d0c5c710
f7fe0005
0243f023
3b16f2df
f61721df
10d4fcf4
f6e6f525
d60e0636
d8f131fd
052c060a
e11f1a14
0a02fa10
0705ff08
13ce0148
eaefafe8
dcfc2812
b71bd82b
d646d909
e6efc9f4
fbf5f407
111dfc58
fe02fff5
e8b6c290
0f0fe3cf
dd012319
12fbf706
f5ddf005
ed17c8e2
fce415f7
132c2418
e746e002
f823d5f8
f74236ca
f5f7fbdf
cde9b4ff
2b6ee858
181219d6
cbe1f338
0f0e06c9
fb00e4fd
b6b2e417
0cfc272a
fa2c192a
0f42f836
14d714f6
f12b172d
2233f4c6
e913e87f
3405010b
1607f329
102e00d8
32f60b0b
0dd418d2
02f5f6f0
f3051107
24e7f546
0d0bfb01
1d0ae4f9
021ef3d9
e802e109
192401f4
2113e3e5
fb03cee7
17f5fb25
0a24f619
0cdf0a00
1b1806f1
0e00f62a
24dbfbee
03f104c8
09b02fff
da15ecfa
28e9e6e6
1311f816
ed140813
28c1f109
ce130e11
ed0d1a24
210f0fd9
230e02eb
26f820fb
eb130233
0beb02fe
0bfc12fd
eaf1d8e9
1411d5f8
f8f9f2f6
0cf5212e
fc1f2802
1a12f4ed
f4f91301
1cf5f9f1
04e1df32
090122e9
f0e829f3
082439fa
ecccf4e0
02f702f9
e6f60bfd
08d2fed1
2bb2e500
0acacbdf
20e41e15
dc08f2f6
fa1a14f9
11ed1f22
15310bdb
0bb513d7
2517d9f4
01cf07dd
1605eb0f
d102051f
dc18bd09
4a09f5ec
fcf523f5
b6cae1f3
2cecfe4a
0c1409f3
06f8d010
050034c8
33181109
f0ff4023
141b0507
2af3f9f6
0e00e5f9
18141bf9
18f6e0d2
0e070fe5
0607fb0e
e1eb0fbf
1c2dc612
3beb0902
12f0e731
f8e30e34
14375e15
45efdf1b
d1180600
ffe2f117
17e70420
d0e6f4fa
efe3011c
f73152dd
f8d5dfee
52ef2df7
3d5219dd
fb150bf4
dfe82710
e350b707
f11527f3
fc40f8ef
106e081f
05041af3
010924ea
41ed01a7
f1e90304
2209faec
edeb49e4
fa081ddd
ff30ff38
07fc194e
0e1ff9cd
cbef19d1
0e1a3a05
34f02bd7
0f3cda0d
eeecdd16
de06f3de
ecf5090b
5f0e36c3
05f5e8fc
1e14eaf3
cc07220d
f127f081
0d37fbc9
f411d2de
c50ad829
fac303ef
f83d0e10
1a0cfce6
e9fe13fc
f5f52605
f4fc190c
e30a15ee
f805f1b5
f300dbe8
11f51816
c70404f0
08ffdb0b
35240a2e
fbd0e829
060c7c28
18080418
add6e2f4
9d41fdd8
fc161127
fece01e4
19da0eba
ece4d71f
180a0e2c
ee0781bd
5431ef0a
6300fe08
e9bded07
2e060c0a
3000df2e
0d1c0d2f
ed041313
212617ca
14faf5de
ea312a0f
00e212f7
11e10507
0e471cda
eb14fd1a
d7cedbe7
f026361f
014905f5
dc3efd08
f3ee1702
0af41119
0323252b
0c030edf
fb020912
070942fd
2fe9342a
d629e408
03471538
0caff800
f015fefb
f70ffb4b
0023dce8
670ab444
30e72717
c8470616
013a08f2
34c7fcdf
25e9f504
f6e3ee47
0dd9ff0d
03fbe4c7
f9e02b18
28eef4ff
d6d8de2d
370fe005
061c18f9
0a20e201
2321fb05
46fc16e0
fb2c18ee
ccc61016
0529fc19
08c021ec
0affc308
05fcebfb
1811d4da
f5fdcfd2
eb301f07
04ede814
00bb1018
410d1403
012bfdd2
07181ae4
f0cdbff7
e101d311
c62703db
0fe01f18
09c2ec14
cb1a2bfb
11f909f6
092e12f6
e2d6d638
4e19a8f8
f8f6d041
eb08db1f
0befea1d
3fc1e8cb
02080127
1010f81a
48222112
fbca1cd9
1ef4da08
f1dc10aa
19f213f0
11cd1dbb
1c48ea3c
0ac1eafd
2b001104
08092e09
102417fc
dd1be0e5
e9f10b04
daf5eae7
f130d4fe
f901eeef
1fe2f6de
f1f0084b
19e70922
df0ff90b
f30bf3ff
262de2ff
fcfafc1d
06f03ae9
f42a070e
e5f8d9ec
0f102124
0b14f2d4
08e00021
36f9f1e3
f8dde342
02f718dd
e3210bfe
1a08c6cb
15fe26ce
11eaea06
1a610f28
1bf70f24
8111ea45
e9164cdb
d9f2c1f5
b1e51809
46e2201d
c4f5fae0
7faf5820
e8daee0e
074903e5
f6f09dfc
d8c8e827
df101ed6
1ce500d6
25130f38
0105f4fd
fde701e6
db2dfb0f
f60ddc53
d3131e24
121afdd7
ca001502
b2de15c6
ef1b23f9
fdfb1304
03e7d4df
00f7c004
020303fe
01000201
00030102
ffffff01
00010000
0100fe00
fe03fcfd
0103fc00
12fa2cf9
e8053a25
ef26e613
0e083712
e93112f2
18d6fe3a
ec28c5e1
12e2c704
0dfe0c10
01eb10d0
340904ed
180f1c0d
fefbf617
1adff3e4
e8b101cf
ff1904e7
02da1a03
1df7efe2
fb20fe02
f9e5e912
d73ff200
03e2f7fc
071626f5
04e518fe
12eff5ef
e20b00f8
0eeade11
e6de39f0
2b2e0af3
f61f02e2
2a02dc31
f83a1dd7
f4d81218
c5021ae7
ef9dd420
db00f212
2c0a46fa
03fff21f
3411260e
110de9f3
7f62798b
0306c7ef
e17fb2db
000218a9
fff701f9
2c46815b
09faec0f
f62603d3
e133bdf4
fff329e4
f02cd901
0a1bd4f6
d726feef
fc00eae0
2dfdeee6
fa0203e7
20db4ece
371eeeed
2901b206
c1e6fd34
23230917
fbe50a27
f534030b
03fcd90c
efc222ec
050933ef
cfd429ee
dae410d8
df0bf4e1
e1ee0407
3209052a
12e2fe0d
ef06d92a
35deeec4
330fbdf2
201ff7f6
e400d9fc
facdbd1d
012605fa
f8e1c9e7
27e12b20
d60bf4bf
ac14ddde
0415f44b
11d4f9fb
1fd775be
271e90ff
0cadfd12
09fed252
f50a33f8
c8f4feed
e7cd2405
092f2512
bee81f09
00fb09e3
e51d07ea
f718d0fc
07ea2dff
eadbc723
fcc9ca0f
f71107e2
e9fe2cd3
13eaea15
1927df3b
c8d03ef4
131c1fe5
a818da22
242eee29
e5f81d25
1cd30709
0bfff918
09f9f2f8
0f7fafe0
f4046414
de3a2036
27d30d04
0815c311
25f90826
e9050104
f8280840
00c20bd5
3ae71721
cc16e620
c2efd43e
fb230b12
1fff0cd9
ff00ef21
03f5f812
f703fe03
0400fcf7
f1fb02f2
02faf6fe
11d700ff
0226f808
f4e604fd
0fa1200a
ea48f8df
4b15e86f
22d1131d
36f702d0
f568f0ed
acf2f8ec
e3e91bf6
1327e207
fece3fe6
1ce98f05
3bf7d601
e6f02bd4
2c561cf7
fbfd0613
f7b8f1f5
0005e265
19b2510c
da23aaf8
2bda0924
dde00df2
1c0dddf6
e72bdef4
4b7f90d0
1622081a
03f6e3fb
1ef3ffd1
00e90303
f3e320d5
0eeefb10
e9e5cdca
13da0317
2308f22c
bbe64db9
a9f7f72a
22c61c12
15114013
f0e2ee28
1fde3028
950407a8
e120fbc9
11181213
2deef222
cbdef6f7
290be121
f32bf91c
e7ebf8d5
040c0de5
16f9fbe0
f905c608
05f435f2
f82307ca
40fb0d1c
f600ff0e
e22522ca
bd19f310
fd23e3f0
cb3366d5
360c01f5
d81848f2
d9090fcf
f20ffb01
ffdb281d
471a0731
d5d63bf9
121b0a0e
1af72a21
d204e2f9
2204caf9
161cee56
f1d620fc
fce2131d
03222cef
f7e1f709
00ead5e5
1239d715
dae60ff3
03500304
150cafde
461307fe
112c1bd5
19e8121f
fef7da23
2ddcf0f9
f61f15df
07ef030f
e006c8ef
da14f2df
e9fc20eb
101cf603
9b1029b8
f12302e9
301804ec
f502120f
e707ead9
ecd413c1
e3eed209
d3f6aff4
ede608c9
f7b46d15
b7161b53
e6fbfad2
2084551e
4c170163
1e160fbf
09413e03
05e72324
0d3f00c6
244ff72b
0c070622
0209d6ef
0ff2f6e5
0711033c
0a9a2515
fd07e926
11a2f72e
10e31b17
efe72f07
0807e81c
fc04f209
03f1fa12
1aface1a
b2c8c81f
26b30205
fdeddb1a
ebf0eff1
ffdc1133
fdf80136
f504ef9b
e84d0277
220ae103
cd1d32de
28f5005d
dd1ed9ff
ffc7e5e6
23fadce4
000f3012
16de14fb
18f6cfde
39f0fd12
1afff2d1
0b22f4e0
0930d4e0
06e31526
0ef504f0
11d4fdf7
dce7110e
2b052519
c8431adb
0bbe0207
05d20b18
350ff2d9
f1f8fb11
06142a1b
1df4cecb
3c15dc0a
f2bbfad4
22d4f822
4f09cd25
131040db
fa1a0929
24d62320
050eae01
300ed403
ec0beb93
21810d07
2fe61d15
00ebfddd
ea24ec28
e12ff619
eb21e52e
2e27c30d
22faf5e6
a6f90a00
fc15f8fe
24eefd25
0ce0d9e9
fbf8503a
c3f7a7e5
ffbbfae2
dfeadc42
fed8f6d5
b1c8641b
f426e960
030943d3
fbe3ea0f
0cffc7fc
c2fc11f5
2aedff2d
06e5f308
33d2c624
1cf7251e
fadb1105
c0e0b5f4
19e429ef
c0daec39
2e38ea1c
1dd6fb0d
2c23cc1e
55af13f4
19182ae2
06051515
16151ce9
1e1428d9
f314050c
e02e1a19
c6b8e6fb
f01d0129
eff0ebf1
0d44e30b
94f40f0f
e303fb24
d7230b1e
0bb90f00
d335f2f7
f310190f
0c00eef4
ee063742
cd0805e4
0e1014f7
0bd304de
f9a222ec
f50a2cf0
f9f821f5
f9f7dfd3
ece93cfe
32e4e259
f503f401
fd25f7e5
0430fbe1
0b00bdf6
bf2a3cde
f7dcf1f9
171f220b
ef2d0eed
23dc1ac4
e00cdccb
aca01c21
1ee6b90c
defe0038
d4ebbf48
f5dd0b2c
ccf103e4
12e1f9e3
3f1de3ce
f7fafd19
4112fb0d
0907f404
1affecc6
362e06f6
141096e6
54f3da2c
d3010307
d511f805
c4f24cf4
c5a4f7a9
ede04933
042ac700
03f8c6fc
2126e1fd
01f50cd3
12061e12
fe29de07
0b0b0a02
0c1029cd
081ec8ef
81fdb121
c9285612
e51dfdc4
11dafa2c
eecdda0e
c5da0ff2
f405cb27
12e6261c
5116ec0e
23f0bff0
19f526a8
0ad019f9
f613dcfe
d733211e
1033f981
de482e2b
e40b01de
def72106
3f2c0d21
44025808
2e3f140c
fc561f34
dfcace6f
fb351c15
31fcde29
d508cb0a
ca13d9c2
2438ecda
f0dfd029
3907d22f
11e02205
07e55bbb
d70f41ea
010d13fc
dc35fd0a
1d2b1a02
2a0522f2
d6ea60f3
fff70a04
daebb1eb
74ed2533
24db1b04
36d405f9
0344d6da
f6e7e045
ee0d0feb
03c1e018
0c30b9e4
0302f6d7
e1002906
401b270d
fd0804e8
b7e631f9
f9ddfc1d
030cf9e5
264b8b31
44dfb431
c9f91a19
27cbf8f0
0051c9de
e260dd41
f0f10b3d
1b3c08f5
253d36c4
cd0a0de8
1cd7defc
f20915e0
06fce209
fdecc4f7
0bf0ed2e
080e1e03
fb0329eb
0d0e10f7
11ce39fa
a5f6dee2
e9f6092c
e40ffa0f
3330b410
f9f4ca03
fed5e43c
c20d1615
040efdec
0050fbef
c6da0543
d314ea08
d62d1439
f1d0c911
f817e806
00e0fb26
42d21023
4bea0919
06f5e2c5
eae90032
01efae3c
2b111ef3
15e2eee8
f61ff92e
61174e04
e9f427ee
00e13051
381b1418
e554fb1a
a9d6ee18
fc3ce544
c703a2f3
09eedd32
38dd0207
13e514f9
ec0bc2f4
1bdbeece
ef10eef6
10fe0403
d3fa2ce4
f4e8f5fa
e5f0f424
1d00fcfb
dedbcee9
0b3df81c
0bf0e99c
e64f43c8
b21ef016
c4ed0c0f
22fd1814
02e2fafd
f8dacf03
1dfb2dda
fce63ef1
d6ddf8e9
d8032e24
04bef8fc
0fee2424
05e0080e
293218f7
e5c41aff
f4312001
1435e7e0
eff8cc21
9eddce27
ff13f322
25dfe8d0
110618f2
47fde8fd
1afc0c2d
050800f2
fce81fd5
2403d70f
deece30a
ee3d1b14
0823080a
f13afbf4
03b50dd5
190a3d2b
1826ec25
1ee716cc
b70d0d0c
f44c1c0d
cf1efbf0
a5112d00
eb042215
162ac817
1b03fb34
fce932ff
2b1d1417
e3d9d418
2c08feeb
efc1e310
03320118
e3b803e6
acf715ee
c2420bf7
16121fcf
0ddf1906
0c43e2f9
12033d24
0911f3ab
272144d2
0dfacb5b
f0de9804
bd18e00e
3adf1ee4
fe1effd2
f3f0ef1d
1afddfc1
fef3deee
24e6e74d
1006d11a
1101d702
05d230d5
0321ecfb
08500612
23ae78e7
fd0527f5
4d1e0f38
100426eb
c70fc3cb
c0ac2bfc
f207f4d6
23cc070a
f4fcb8f6
cf0e19ee
f4eaefd7
0733f9ff
472009d4
09ea0602
f6ef2f12
f21efafa
04c3ef0d
1a35c50c
3fd3e113
d9ed121a
1aa4ff29
1c151ee7
f6240a12
2cf7ecf5
2c181df5
120a24fe
e602eb28
d216da29
eab0fd33
042c1afd
0be7d605
1b0ce818
0bfb1319
f4221b3f
db292f1c
dd5612ed
f12609e4
eecdf7f6
0d13ee0d
ef1538da
f92103cf
f4d52735
e81105f9
38d54503
05ebf410
be140322
023de335
f1badeee
f31c0117
eec8f0f9
c9e5ea0d
e6bbd7e0
062314fa
11c602f4
f90909ed
f100fb18
f1c3d09a
eb3e0204
bad001eb
1209fa0b
2d3eef34
12befc02
df11f40f
c312db09
fc3420f0
ec1cf315
abf111ad
d11a400e
f927ffd0
d120ff28
e0b10c2a
d10629ba
e5cf0a0c
0703a2f5
32ea0f2d
a90ed1f3
0b02eb01
18170f0c
dfc205ee
18e9e626
1901e3dc
06e1c605
28ec0c5d
0edef809
fc2023e5
200805dd
f5dee7f5
0cf9dfe0
09fdfafa
0bfac8f1
1e15130b
bed408d8
fbfc1b02
fbe2fa40
cefc3527
1058fadc
dfdec332
07b6f7bc
0cedef0e
0aeba5ed
49dff73c
2eee1d03
e9f23b20
fae6e4ea
01592725
0917cad8
16e90668
d81ff70c
f607d918
1af108d6
12e12df1
fcfd260b
0711fe04
0626f9d9
0cdee5ff
20e6e803
fc0938fd
a4fff9e6
16f626fa
f6fd1904
34283a13
f512d2c8
fd0cd5ce
1f0ef1d2
3b1202f6
d82601fb
c123cd21
04e4f4e8
062f00db
fef8100d
00fe060e
030df529
1ff70609
fcf203f6
f6fe0206
fd0e0301
05da0212
151314cc
06ec292e
0b0436f9
fe8102ee
d9c5deec
ebcb2901
0efa282c
061c03c9
2152ddd5
21fd63f8
4af2110f
d902f0dd
053fe6db
0b2fd41a
25ff1904
eff3fe23
1e3be027
39fe28ea
3d2b2a10
f60cfc02
f30f1703
ecab05f8
06f3e836
f9fb5518
3012e3f7
f8ebe2fa
e6b32806
01f22723
f7f3110b
01eff7f3
dbe9191c
0ded1cd0
17c32828
c70bc4bd
05fc18db
19131bde
02a2f413
b6c0f60b
e2350117
e6dce400
0bd22f13
b0fcf9f0
0eecdbbf
48e9f135
f7cdd722
50d2343b
13f2f606
f8ffeef6
0306f00d
e7e02ac4
47cf33fe
071314e6
143211eb
3434121a
ce12fe1d
fe0aef30
bef914f1
0907fc0f
f13c0fe8
3fcc23fa
cd07180d
e72105d6
4f11d8f8
e4b6dbf7
0828f3f5
31f1dcd6
2dfa0b31
e03bea5f
f1dd16ea
dcf92b0c
d4013415
0ad207bc
10e9cef3
280206f3
060dfcdf
d6bcf3fd
1359d0f0
06e0db13
3f34f9cf
0f0305b8
d3e934c9
12d559e8
384213d0
c51c1eea
4b5a04f0
f4e11ffb
29bcc0de
272e5636
fbe6dbe1
19f105f2
091202f1
0e05f794
1efa01ff
371b2214
0116001d
2c1616a9
0adc160e
ed09b952
2cfa1ad3
33ed25c3
e31af82c
0022da0d
c8fee224
11170000
e50091fe
7881a5d6
9dfeb57f
c9aeeb7f
4b52d089
f0271f52
1d1af50f
7f5e5aa9
07c616f8
dd1cd520
ead6490d
def9f833
113a23f7
1026d90c
e704ead2
f11bddfe
2729dcdf
830f20dd
58f12bec
0bf0dbfe
ee261a1e
ebf12b3c
32090dd9
f9f9dbf4
c90be51b
ddfee12f
24e0401d
121f0dab
0224f314
12c2d9f0
ee071af1
04c208c8
e9f728f0
d9e31a27
e04407e3
0f0f0fe5
19e8feea
f3dfd9f8
27f2d2f4
0a0bf426
fcfce8e2
b00ec1e1
3d31ee0a
e309e4d7
f633f8f4
e127151c
e6e337ea
ece00dc7
09cfedfe
1529000c
f5c0f4bf
0b62bef6
f20d0406
f36cece9
cedd11c5
0615dd22
f8d0f2f2
1716351c
14fb1811
080503d9
211224e6
1a1f23f7
0a63521d
0d390d4b
e33fdce4
08f50921
10aaf9ef
d9efd1c8
1d1e1458
fff50ed8
f5ffee3f
0edef923
fdadf8ce
0fbd29ac
fbfc1e18
fde6faf0
21f8f9f7
0629c4a9
e80e08f5
08e1d7e1
fcebf3a6
f22112e9
e4ea1802
f2f87f8e
fa24eec0
fc44d43f
0ce6ffd2
26d0fa1e
071613f0
05d91cec
081607ef
fbf20105
fdd30b08
d90dd614
c900c10b
44f2209f
efe7cbda
16fd1538
eb1f21bc
e8d7eb21
0d03f3e3
4cd10736
c6f8e906
4b14feee
18eae7bf
0df71d25
26ed0216
f811280b
2905defa
1ae3c41d
7f53c203
c84e1d01
1300ec26
c1f7e6cf
eef13ff6
ec11150d
fccef60c
2132e9e5
f109f0c4
edbcfc0a
181a130e
edce81df
f80afc08
05f2f7de
2306e6e1
0a062008
ebc695d5
db29e1e2
e9f61502
edcf2eda
0623fc2b
ceb02102
f84cf6f1
b696212e
02e20f26
c7e41213
ef0f1d00
2aeffa23
090aed07
462f13be
f4f82b0c
4819eeff
e7d5d61b
1c440738
e4fecc0d
deeed60b
22cd1d12
f31420ff
13f11d09
1cd3280c
eaf80725
1a0707cd
fcf627df
0d27fe60
14180bdd
3af12ced
e0f9ebce
7f340517
1bfbecfc
d047e614
fedee80d
dc4315e6
2003dff1
ec001d1e
32e31a15
9ff606e2
e920fff8
d9afbeef
eefb1af1
d6dceff0
17171c05
0f19d9f9
efe80e29
e8d8e6ec
da010333
156112e7
fae2ba01
bd4311d2
fa1811e1
f9e40dcf
1007f3c0
02fc0015
305b08a5
eb12ea43
bdc42f16
cb2dea10
54ed941a
dc5e021b
f0c937d9
1ccfe9dd
a6321a60
54c71198
0c37e6fc
2c04f4f5
feffd8f2
eeea00f0
140b02f1
20301822
1c041d24
bf331023
f9e32fe3
0039bce4
0230d50b
1c36e6ff
1316f832
32f120ef
011a2e43
27e303d2
02f4a806
fedde9cc
02f5320b
23df182a
ed1b011b
0ac71a24
0f14cd40
3127ebf5
031c20f8
1027e91c
da08ee10
0304f401
b2f2eb35
5acefd3d
fd00d8c6
35f8f101
f8fb01ee
e2ccea34
d90ec4fa
19a62012
06220c27
0f322ed5
fbe5da19
fe121cf1
2b3f0ad9
eedc0a40
0717b3d5
0ee812c1
10f60dd5
2f0d0200
09f02fcc
f9b7eb30
04c80ada
e945e422
0210e90e
07df10e6
dae3ded9
f6343b0e
0cfa0e0b
ddce3f04
efb5f3df
f5171825
e6d818cb
24d1ec07
dcf50837
c24e3514
fddaf33b
f3dc190b
06d9eb0a
ebf4e8b8
092a2fff
07fb3622
17fb14ee
2c130dda
f8001c30
cd2a06ee
f2f7e7e4
e3d6102b
06012f2c
efe114d5
e0c81961
2327f0d3
0217ddbb
03f1001a
e1ef3bfc
22e1eac5
e0d80b03
e6fde695
18ed1926
1e1e97f3
f3fef951
11afdf06
0ffc0b26
123312dc
fbda0535
0bfcc3d2
cceb01ee
dfd501f9
fdfa243f
e2fcece0
07f70607
d1ff2602
16ebff02
f915b80f
021cfef0
f3d7eaf0
ef06dbed
f4f4080c
e115a0f6
f5f5d117
14ec27f3
0bf603d6
0ae715e8
51e09d02
0a181424
fd12eb00
e803feee
e9ca37d1
0e3fd91c
e62ef3f2
e7f328dd
e9e61d15
f719d80d
1ee1291b
22ece2fc
2a0dea2a
c90a2808
23ead13a
f50df2e5
13eecbfd
3addffa0
f1db2112
f903bfd2
e82a1c14
01dce3fb
e630ea18
ff14f408
f3cbf805
ec11e2d2
e2fcedcd
ff2e5d43
dfe52df3
04df11d6
f4f4df28
bd0ddc39
f1d749cc
f7ef2f05
e8100df8
04f25107
04d90bd8
e4e5cec4
0d13f31f
ff2c02cd
01f4da34
1ff209fa
e042fb1c
102219f3
e3fbcd06
dedde817
f0f9ed15
0604050b
0cf40ffd
f5f5029e
0aeaf431
0019e1ed
09252fcd
f61af5f7
0efbff4e
2cd5194e
fd26c221
02f9f7fd
f3ddedce
edff0a16
27f2e692
cfb3c1f0
d12c04e6
23f0eaca
322de329
f1d5f50b
e5e5fbc9
e3a107da
03000dea
070412fc
04f9b919
17d3fa13
2beec9cd
f9dbedfa
0ad60a22
001cfe21
2eedde0c
0005110f
fe24dec0
16f4fade
fcaad3e2
0d0d220b
e8e043f9
027cddfa
f0e8ff08
02fadce3
1aeafb3d
0a0b0cc4
e014f613
d8fd08c6
deecf4f6
fc03f2fc
0ad3ea03
d00309fb
11011a1f
0bf40a11
1de4e5f4
18e4f0de
08fc0218
100307d9
ecda1f57
1ce40202
d307c1dd
011bfb02
effefff3
17033300
0ed2f913
f9f0b209
f5d41417
1314ea15
ecf7c2e3
fe13e8db
fafa13ec
e11aed00
f408eeef
de0509e8
eb011e0c
0d270718
f4cff015
0dfb03fa
e31b420c
fb03f3d9
dfe605e9
0ad11fe2
c7130bda
ffebec19
101d12f1
18d201fb
22191527
2609f110
01bf45bf
15f61e08
1cd9111e
11002cd3
14f60538
5928ea40
c5250c23
1af623e8
25081423
06dd3826
ffff1916
d9fdd001
05fbed1f
ddfdf5ed
dfe10f33
000cf8eb
da120a10
047fffd7
be1d2bdd
05ccfddd
02e3f2e7
12ebf522
0e40dee7
02e6ec14
fa3d14c5
ea220328
090e0e07
16290016
16182ce7
0fcc23fe
c400f781
01031d07
f41009e5
eecfece0
46fdddfc
e90ffe32
1811eedc
05160bf0
bd0dc9f9
fd05fed5
cd041d1b
e115f50c
e1d40a16
0c06f615
f814f327
0fcc14f0
d1ee0dfc
f91aff11
e7091020
fc1d31f0
facf4efd
0927eac6
33bdf32c
fd2d02ce
f706f707
31fff902
ff9ac935
1517b80d
ff0312c5
e7e1382b
2007cbd8
3532e5b1
352fe828
3eeb25e5
ecf2fa34
121c3613
0efb19c3
220d410d
f7033abf
eb17f233
51a8cb30
ed012034
1a113323
f9c7d40c
0003f0d1
062bd619
ece81118
fc0312a4
eef2fcec
f41812cd
e10f2ef7
1c0af118
230adf21
fe2c1afe
fc0713dc
e80b06b9
17e5dcf0
07fd37da
e80706eb
fdc0cbf6
1dedd3fc
f9380510
f9ef39db
f9130fe2
43fffd0b
e71df036
1515ec21
f00cdd0b
a92908e4
06bafdfb
e9eed63a
21de05bc
42d7fed8
22de2aee
0fc5d2e6
02ec0d43
ef20b60e
1a332bc6
f5f42cc1
e118f6eb
0a4ee0d1
e0f30df0
26350012
f3ddc902
f223eaff
00120a01
052feffd
f9c6081c
0b23bbfa
00e32518
06e43bf7
ee1fe803
1c0df335
0bd113f8
e80b1624
061431ce
17b135c3
f612d7bb
e7ba02ef
dd001015
15e413d2
eada210d
ecfa0af5
f4cb0dfd
0f1aff26
030d22b5
0bf0dffd
0af717a3
d1fff81e
ff20d6c0
0206d830
0014fec3
aabe36dc
f0e0f73f
f1cceefd
fb2c0aff
da14241c
090408f9
bb1618e5
edd80ce4
fddeb1eb
09ea3aee
1df5ece9
26fe6efe
fcf00bc4
21db50ef
f3130bfc
16eafe38
e32ce7fd
05c3f662
3636d311
f9f959e1
1efe31e1
e3d5e7f3
0525f7d5
02e21afa
c2d50cfd
17060cff
1ff01ffe
e306e9f9
0bdfeedc
f5012610
e51a1cf5
0d04dc03
b5d2effe
e4ea29e2
11e72f28
dd16f830
27fb09e7
fce60ffb
0e1709d1
f2ee05d8
e9ab0dd1
f50b1c51
0e0aed1f
f6e5e33c
d316042c
0ae297e8
ea050b21
daedfbb7
e11021f7
0030e5be
efff24bf
f01fa7cb
2007e9fd
f8fe13e0
09e2f004
f81ae923
f00d260d
06e21f39
010211fa
fadf04e3
eaf1dd09
f413f500
f424e3f2
e24b0000
1fdff10b
e306f719
e8fbda23
22b9fb22
0dd5efe6
e6cf29f7
0cfceb2d
2921ec51
2b3828e4
15f7c6e7
0bf906f0
f920e801
260c2ce2
0cf7eefe
ef0ded15
08fe0f1e
bc1e1fcf
f7f71b33
0f170f0a
162c0719
0c0b0716
fad80215
14460908
03a2f1bb
2e2ef249
05e62be8
1054da07
01020000
01fcfe01
00fe02fe
00ffff03
01ffffff
0301fe00
fefe0100
fc010005
f32ef815
0d031cd4
1ef3250b
f7cc1206
f7f8e661
fe2800e7
eefbdde8
f7ce2917
fbf3d5ec
06032419
fd05c8f3
fe0a082a
06cef72c
e31110d8
f5e45124
141bd0ee
04dfd93b
0651e4c8
ee01f608
17de222c
0507fbd2
09d3c3e4
06c01f13
f4c1dcf7
06f7fcfb
23e3f82f
16f4e6fc
e816e7d3
df22ed38
28da03b5
bcc9fe0b
d9c61c07
f8e8f5ef
0609e5e5
1b0903eb
e6dbe4f4
20fefe0f
e4140c0d
2625f0f8
17f6eabe
18e70711
f2d1de0b
fad5f6fc
271b2953
47d32e97
d4cdeafe
17f5f5e8
f73a241e
e7c0cf1b
d6140231
fc21ba0d
0abcca31
e3f612e0
57190c28
eed915b8
e90d29c5
00ff0203
ff0101ff
0100ffff
ff01ff05
ff000100
02000100
feff02ff
ff00fe00
e0121dd3
c7dbe5ec
261a1203
cd211ac1
0cf42e2d
f0dbfac8
c0092c0b
fcfd02e6
fef121cb
f30c06fc
ec03dc03
081204be
fc0cfb0f
0b08231b
e70af329
f51afc00
1d0df30a
af12d4f7
f0f7fc1e
0205e1af
cf210af2
1a033228
0d20edd8
0eae011f
faf510fa
3122ebff
04fa0c04
eaf9122f
e2effe1c
e5041513
fc10f2bb
f0fc003a
380d3dca
189ffcf0
a63e711e
63b500ca
083caeb7
f202b32e
45d3ccdb
f349df36
18e6e7f2
f8ffdbee
e317291a
f60e25e5
fdf0fdd9
1dd8a918
4d05f112
e53bcaeb
1712e21c
1412c742
fb232538
0bdafcf0
1be0cbce
331abb1e
27d929ec
dee5fb30
f81cd2e6
16170a20
140303d6
f7e1e61a
d8e40f22
2208eff0
f11df030
02562f11
1625dbe1
fcb73716
001ad61e
1422f765
11110960
bcfd250c
00f4fdf6
f0200d1d
334ee6e9
41f23f13
f1c07b1f
4bf3ff2c
0d0381ba
1905fcf2
06b62fb7
87542a3d
24fce5d2
f7f30852
e7ee14eb
00c5f4fe
e23af20b
dd2cd41c
45020bc3
faeae4f7
fef3f10b
e620bf3a
0f1cf6f5
26f512e9
e6111c05
bfecbac6
ef1d0f01
f41c1511
113332fb
01f70718
0fd0e207
22062009
f6fceee3
e40e0d1b
17f519f2
e407f9f9
1f271bab
fb29fa42
ffee00bf
060901f5
2cfcccc7
1df18c04
f7d83e42
b9cedd0a
f9d7a0fb
280709f0
edf30d32
25171ae5
f748e517
19fed9d6
f403141a
120bf5e5
14d52c22
4a38c3c1
050ddbd8
f1edfbe7
1303fbfd
282333d0
0ee827f9
0ae60100
143bf22e
47da1ff5
f4db1900
16152852
0cc5eb14
147f2ece
0ccb05f4
d443ca05
0101feff
03fe03ff
ff000100
00fe01ff
0101ffff
0200fd01
02fd00fe
fe03ff00
e9c31f29
05ecf0c0
1633fcee
07e5ec19
1eb0fa1b
0b2f05fa
140e0802
ed1cd4d4
0512f7df
2b1edfa0
fa1ff5ed
0df9eff9
f32cffbf
bc070bee
42b84de0
f00724b8
0dfa1e33
dfb1c81c
fe1824e1
18be11f8
ffe80606
dff72c19
fc0b0711
112c0f20
18fff617
0e0b3629
e61cd9ff
091bd9e0
d3200d6a
d52df30a
f6f6e8e0
ff00153d
f8f7fe06
2b030313
fa20e4fa
f509eec7
ea44f926
2bd7ebf4
dc130e1d
eee20b1a
15f3f904
1520191d
f5f2283b
f506e5e1
0419f512
00c957b4
2c172613
0cd8edd4
f9f0bde7
0c071750
1a2111e1
f40cf437
d703fd7f
0acca5d2
f3101fac
10dfe8c8
eef4fefe
ea35dfec
27101809
06f7ffe5
da230b13
ff0cd2dc
569aacf1
2b142af6
132b1525
24f1072e
f52af6d8
fde1fbf0
20ebdf0d
09e4b014
4bfde4f5
0de918e1
e3e55d08
e3410445
1035aef6
31e6d526
01e20c19
4e134422
cd070d14
1307feac
fb0b02ef
0eebf4fd
f3121400
f3200729
f401f6ea
061511fe
0300f11a
faef0301
1fe8e217
04fd221f
fec53d0a
2d16ffdc
fcdedf27
00f5f41f
040613f5
30ce2020
eefd0af7
d546dbeb
1132dc29
fe190019
e8bcf311
d31b060c
0afc0f06
16dff70a
f0d201da
e7ce1706
fdc81dfc
ddf115f2
effcf10d
d0fb9cf1
fadf1507
072c2718
0be124ef
1fc4c210
071af31e
fc1821f7
ebd0e8e9
eadac91d
f6f60feb
0cf8eb0f
e5ddc928
193b1221
18001923
ed19d617
cfeb0515
12f109f6
cd0a122c
52d211bb
0af10816
408b11de
d1adfdf5
f8f9d5bf
44fcebdb
21ac4909
211adfb5
0b1c220a
fcf5d05b
eb0409ff
1a041fde
f2171722
c7e30e42
3bf81a31
00e4f8f5
e4bbfde7
02f1065b
1210f7e4
14fce1d7
05e914d1
f53bfef5
e1361d40
eff2eb05
04044307
10e94cf8
c84f3ed8
0e0c1efd
03051f59
f9e525d6
e7e839fd
1108e510
2b21fcc5
ff2b422b
e8ff1426
16d7cae8
effb24fc
07ff1f31
33db33f0
0703f0f1
29ccfe10
052512fd
06f7e3f8
fbebdf0b
1af92311
0f2dffd4
14e1e8ea
236aabe4
532309d8
11ef6f10
0319dd07
f9ad14f5
2a270ffd
14210a23
060d020f
f6131037
fd29f905
d8e04c1e
d5fad0ff
edfda60d
ea00ef22
120e02eb
1322f024
f8edfd1b
1edc11e2
0814901c
1de20d12
f8d74411
16d9d0ac
1514ed46
270d0534
2b03e8eb
5bf5023c
0a02defb
e1f2f3d5
18072de9
e9ed232d
e71ef10c
eaabd72c
0420fef1
3018fb00
041f160b
0db03d35
0fecf2e3
e5d7d41a
cfd0d6ce
9c00dc03
0dc613f0
f835f803
ffed4f15
ec4d0f28
ee027ad7
0b0228d6
03fa0cd1
d0b2fae4
03de1d01
fdccfff1
3f0e04de
30320d26
deebf7f4
f9d63e06
fc16f21c
df6d1ff9
ecd4abcf
c04f03c1
02d123f1
ef2e2cf8
fe2ac6fd
13e7f43e
2fc1160e
043709cb
0d23d81a
0f39d8f5
07e4301f
1c0deafc
deecfe11
1b0511ce
eece050f
cc76fc10
1de91cf4
0e1de3f3
1be8aae6
812bf856
ea1a47d0
d636e4b1
1a1411e3
01f0f4d6
23f4e920
cb26e20f
14ff05cb
f111060e
112bccf2
f51922e9
14ee0ddd
ee0021d9
e104f2d4
0f8a090d
06cc65fd
f6000f1e
2933da1d
140fd4f4
14ec07f5
ff2235f2
f0061207
1816ec1e
1921e7eb
663a3e09
03e910e1
010c1215
fefcf216
ccd12107
1622cb13
f90c12e0
290e19d3
4b5fda05
edfd0cd8
2617485c
61dbc83b
f6e0191c
1bf61dd7
18e2fdd8
e655d50d
effedf16
e80a3c36
04ff04f9
fa12ebe6
0c14d22a
0c012dfd
2048e7f3
1bc62818
08180bf9
d807f9dd
e0b12b3a
b0dad5ec
d60a351b
0daf7f09
cae72046
04e9f9f3
e9210ccc
01170bf4
f21ed42b
f90d0c28
d62b261b
fbfa20f8
f73518c6
09390924
de1bfdf8
fecefd14
eaf2e4df
ff1ae9cd
f55aeffb
3000d60a
fbf01908
0c031de8
fefbf8f5
013d13e8
0601f818
1751ed05
d21927f7
15e23748
29271404
0c08c3be
302c20da
f0002d01
ff01d22e
eff7fe43
c43511e9
24e625ed
fa3039d4
0c40f416
c4dd031a
fc410afe
fe02fa46
301808e8
cc1730de
1b17f6de
1328dffd
1ccf341f
17162b15
f413131e
f2210ee5
100b13e6
1d380ee9
02041727
0a12f827
14ffea29
0406b330
d83045ef
0afbfdd5
02c7ddb7
e9e7e2e1
f5f40a0c
efddeae1
06181fd9
d10f0c12
0d0917fd
16190512
ef0e0af7
b91cfc1c
ec1ace10
181e1b17
03c90823
42b001f1
e2e755ec
16fc54d5
0def0c51
cade3905
1c001a36
08f0b72e
0e111ae9
0051211f
0423f8e6
ef063bf1
bc020eef
c70bbea7
e511d7ea
00ed2929
02e559f0
eaf624b7
fedb3ae1
05fdf0e8
dcf3f0e8
f8ee06d0
0f17d7e6
e903250b
0aeb343b
ef27fcff
00e486f3
22d71b3e
217ff5b8
ac03104b
10e92733
eb010ddc
010ce2f8
4eee21a4
fd183b0e
e10afdd9
0edf203f
b1d704f2
0a27136c
eae401e8
15e21228
bb0fe63f
cfee59e6
14e60ea2
23d5e7f0
c1012835
06f6e622
d601190b
2529bdf4
f9dedbd4
f700ba0d
0efbeceb
0904d723
0f200c15
fdfe1e10
110e111c
150b01b9
1db42710
f7011af0
fa3e2293
46f107e3
f9ead519
ff070226
eef4f910
f70019cf
031f05ff
fff82909
1af10c2f
fe180a29
d6401e0f
f6d8f9cd
d727293b
e63ce551
29040bcf
db051dee
dde11ef7
dee809f4
fab45c2b
0dff2aed
162717fe
daf9d340
d926ef70
f92044f2
0ff1e601
bed702dc
fa182f1f
1000df09
1a06f515
0f290718
f51a2ecd
00f554f6
0925e2bd
f7e2159d
250217a7
1d020c30
d81e13f3
1017a9f8
eb15fa13
e4bfebe3
00f03030
fce4fe44
f5ed0c1f
ffe2db10
e53d0e12
072a46e5
c31ad611
f94fee34
fd291219
200a06d7
02f4cfff
2511fdf5
17050d0c
0e1003f5
ecd9ff09
14c1ed25
fe064fe6
fdee2123
2dc5222a
ff26f61f
efc8f713
0026edf3
0dd443c3
fdecec1b
fa0e0014
e90e1765
a0d436f8
020b5316
e1ed3d2a
fede4ee5
fbfc1bca
1e0ed2d8
effc2e02
dbe01809
1a2117fb
e1e503e7
d2f6fff0
e0a919f7
e62cf0f4
07e1080b
03c8f234
e10dedc5
c16405d5
fa000fdf
f6da01df
1202b527
03091955
d6ccf821
03103df7
d4e80bfa
a9f220ee
17eda9fd
03301920
17fb2b22
d70cfccc
e4ed3fd7
1302e427
2311f246
1ef41ff0
2210e92b
ff3a04e3
05fa5c10
024e0b34
1942091d
0be02917
0be3f41d
2c0923f3
fbfe2290
29570116
edf5de12
c32af52a
374d812a
f8d1fc30
06c42c31
d6f05933
cf081313
e5d0543e
fdcbf23e
246632ff
023eea20
eef615f5
32f40cf9
fbd5ea09
d21106ff
24bd0303
00131cfa
21f0d6c9
052be1e9
151e0326
cfda0be9
29dce021
0904ff11
fad30911
e9f90c03
001ee52e
0822f617
06fe20e9
16ed090b
34e50a01
fe12e3e0
f322fee3
093d173b
0eb1fad9
1c0ae3f5
eaefcbcf
f3180402
f8de2713
e0f2fa14
d1f12429
16f0f2b1
05eaf614
dde0d5ee
f0f01203
d62211ea
c01b0048
23e317e8
fbfeebfb
f3f505f5
1ae8f5f6
1bbe1f12
f84dd532
dc12f23e
6416d6e6
f517deda
0307f9e2
f30cd2f7
370cee09
ef20ca22
fe0df900
ebeaf6f8
0ae60312
f5f3f6bb
15e3f9ef
1d04f7fb
f2fc2012
fe2c3661
e90fcc1b
fec00519
ef11ee0e
e7fb0afb
2d0ef906
e8ee6bfc
c8c60206
2be4a505
0de60f41
07d826f0
0716e60d
f132e665
dbf8fcd2
ff021c1a
edf8166b
d9f400e1
def2ceee
fc2028e8
f4fae12e
e3f3fb0e
fdfd30e1
0230fbd0
09f0061f
dad70f02
13dceb1e
f71a08be
b7011438
1cf9d414
0219e610
ebf0ca0a
d2213a02
fefad8f4
e10d2249
c2fb1b3b
d6cb00d8
e9e51636
1dfdfd07
1c1cdfd7
182bf7e7
e9dd1eea
0401edfc
140cf8f9
d5f6f512
0ef8eedc
d252072f
dbcbc933
acf4e801
1af800f8
eb110c1d
0d2b12f3
2dfd410c
e1d029e2
33f7f7f5
0326e746
f104111d
e4069c1d
e70210e2
f90af8f4
25e625b5
fff9ef0b
ea2d07f3
faf6dc1a
02ebd1dc
00f10107
f5d21204
ea2b1010
ae55ce29
eee22007
20eb2cfc
fe0bee1b
10f8cdd4
db81e6fc
27f84bf1
d42bf133
02e400e8
0e0aefdb
e6013b17
f5143332
0d21e1d6
0df90301
0f30231e
0901f9ec
cff5fa11
dbe4edc9
3308151e
0804a12c
f929fd29
1f352ede
fb300624
27d4efd8
173abf10
06f719c6
dbefedff
03fc04f5
a90208f8
fcf02bf4
1a18e0f0
c1390cfb
de16152a
f8f3fe02
0ffcaefb
231dff01
e51033e3
e7d61a0c
f71dee03
03fa0755
cf0702f2
020aee15
c902d1ff
0211321a
ece5110e
fd005dc7
f321029b
ea1d0505
3f04d205
c30beed7
110405c9
ffe4df17
ec331ce3
1e1fdeec
0ce4f7ea
0b051f0d
f0057fd2
0a0b2740
2dd2e70b
04fff81e
feebecf8
e3cadb05
170bf9d0
f51702fe
f5f4ee06
bb7f03f3
2eec25d6
02b61abb
51e1f2e2
12deded1
20e71e09
da19e7e3
c14fee00
19dc2200
d7f818eb
37333530
0d0fe1cd
eaf7dd28
0f05f305
0ffbec15
be08eb24
29f8caeb
f62b18f0
f9f3eba8
e6d4e9fb
13cb2f15
fe082d13
f7ef1704
dce42619
2bf730fe
e4e0f0f6
09ba0ef1
1e210bf6
085cefe9
fc1b0b1d
d50c39a5
2cfc3849
daf7d6f5
f3160df0
2c0fd528
f539ee31
0ed029eb
08e5f552
0226f71f
f6facfe3
0a090607
dbe4eb05
e2042a64
da0e02e2
010bcfef
000d14fe
13f3fefe
23d21042
25021152
3d1c07f8
2144ea06
e61dc212
06791209
fade13fc
e8f80732
c5f1cd14
d2fff942
d4672af6
f532d42c
4506daec
fcd4d633
09f1eb54
4427f92c
4e15d9e9
fdf03809
f5b93e0f
ce1cd9f1
0bec19fc
4547a6e4
d8fdea08
0ad923d7
a05913e8
d523122d
0001dbee
e2c73d24
fc05ce1b
fa2b2eff
0505fdb9
2fecf009
fa11e4fb
02060b28
cef21904
1eff10e1
eed0f4ce
dbed0cf6
09fcfcf5
1ff4ff10
79eb2cba
0fdde77f
c32b0805
e90d812f
18fb0a27
f4fa011d
00df13eb
f3f8f410
ddd2e7e8
1009f92a
cd52e707
f23b0204
14c9db81
0be144c5
1e02d80e
1d46f6d5
0bbae305
f5d3c830
ef02ff2e
0ef6f7f9
fffbcbfc
ee01feee
ef02fa2a
00f819f7
f6f9fcfd
0b1efd0a
ecf0fd1f
f1cffedc
dec4d73a
e245110f
0cee10cf
41cb02f8
e4f10ce5
f60ed5ce
fbffd8e0
de3611db
d82814b5
eaeebf59
060308fa
35f0efbd
2839e3df
1207eb39
02f61426
e8e709d6
f2f8feff
13dcf7f7
0e1c0afb
ee2a0d0b
15e3e2e0
fb410012
f5f3eaea
0ce1162c
2a3a1a2c
0f13e606
00ce0a16
e52113e2
353d54c3
060eefd0
38e1ffda
1d0513f0
051cf948
eee83ef5
f5bf1706
f6feedfe
02f4351f
23e7f52d
1401cd63
fd040220
4b0dc055
f006df24
1e1fc101
f128ffbb
59061013
f7d90ced
2ee911f5
fe1230ea
bfcdd6fa
1de3e8f4
f004ec0f
b6420b3c
1a23272b
e8033029
082216e5
f21e09f5
e4e302a5
d7f6eb2c
0fea04ff
0d14f913
fefacef4
f80be2d8
19c50202
f7e7282b
0dc813fa
310f1404
250f1518
eee3f52b
ec021d18
fe13e3f6
0100f719
fcb923f3
e2141ed3
f3e9e4f4
0dfa26fb
ebfbf2d8
d01cf6ee
17fa02ee
0ac8e71a
effb4af2
f324d8f8
f5ed24f2
17d5f724
c5d721eb
433c0b0a
08fa0afa
d2faf3ec
f7d7f647
0fdf19d4
0ee5f6d0
f2e7f218
2fbc0214
3a11d706
e4fffd06
18171e03
01ebd7d4
41f1f2fb
1049e91f
f602eef1
05fe291a
0cf0190a
ede0063d
19f8fbec
ffd301f0
00cffffa
f304c1d3
ff0cd51d
f40dfbfa
ffa7e407
08d027f7
ee580d2a
fac73510
1ee32221
20100fe7
1f0a064b
05f219c6
20befb00
ff0dc72e
2a99e2c4
101622fd
11edca17
02ebdc07
04fde0cf
11f60504
11022fea
12113f1d
e823e316
fe242423
e10762cc
fe46f6ec
f4f70c31
1f11fce8
cd3f0e0f
e9fb23f6
de220dd5
180ff6f0
23071207
2a533de4
05eaa040
f913f0bd
dcf5e33b
07d4f725
b2bbf1ce
05e404ee
2905fad6
07e80ef9
f80fe202
ebfd0b27
6b18932a
f3e41bf2
1ad4f7fe
f5481c1c
ed1403f5
15f6f6f7
281c04d2
fc09231f
ee0726fd
e9f8defc
0ed5fa03
eef0ef0c
2b032ac1
0a15f116
09e8160e
0fb1010b
25d00ff4
ebf8fc41
f21c04e4
03d9371a
20ecfce6
14e80227
04061e03
e816e9cf
fdc81a0b
05d21a14
ee1ef60d
fae4300c
2745d7eb
2c1615ca
d205151b
18f8f70d
e90711fb
e60d00dc
f03fe7ee
f00662da
1302e70d
04e0fcc4
f414dcb5
21011cf7
c3f1112b
0e0504b6
1b4cbbf0
236f051b
054035e8
dff90c26
fc31f0c0
1de7c113
e2ce01f9
39cff047
edc8331b
f318cee6
f4f90bfc
fd2002fb
04fdf501
2616f6fd
e938eefe
dffafc15
d233d900
d1dafa02
da1e1605
0de11e11
0ae10831
0abbf9ca
2ff800e8
ceff0b0f
ffcdc502
f3f7e2e1
f121c4e7
02ead816
f5f8f42d
f5e840d6
ecefe0e1
c8e402f9
27ce0301
0e4611ec
c60000db
0afff6f6
0a1bee12
11ee03ef
0831fefd
071f11e2
043b16cc
12c4dcf7
1b1a0d1c
ea10fdf3
f0040510
2c19140b
f7dc2d00
04ffc909
07e80a2f
f513e80e
0a0d0412
e4131013
fdef0dcf
f5fcec2e
210705fa
1ef71ae7
0feb10cf
0227f90f
01f8170b
f62419e4
13f53d01
2c0df80e
df22fa02
01f80aee
04160116
f229d31b
17214bf5
ff1cefec
eaf421f5
e6dfecd4
010f26f5
14cb0eca
f55505fd
f7e7061a
efe7d1f2
fb10dd08
18dbf313
1aeaf9cf
f50f190a
0d18ed33
44ecbf0d
0b113e03
0915e926
fef1d7e3
fee62c37
cf2d0e0b
0424ffe5
0cf7efef
0ef4ead0
f3ebfc17
eb07fdf9
1d171230
05f41118
eb04f326
f9f217f5
05ee432b
d4cde8f0
ed29f307
1a03180b
f4f0190c
fd0f1bc4
f317edf5
bb07e530
fa1304da
1b171efa
fa3f223c
2c07f504
dbe11412
10d40cbc
ddf600b5
3a1d2841
2af7330b
ea03ed2e
e6dfbe18
07ede4e8
0aebe804
e1db2dfb
fecdf8ee
e44612cc
0bf9073f
1e2d135e
f727bd08
fedf14e0
03f1c604
080a140e
27ed00ea
c61afe09
0906c00f
0c15d233
15f11d05
f8f4da04
f0b7c3fa
fb0d2329
0ef1e7e9
ee53071e
f90af0c3
eda3d2fa
f642cf9d
c2e7f50c
151bdffa
0711d6d4
c0d00535
0efac5ef
ea39072f
3cfb15f7
0709f034
feeb1c1f
e6300805
0ef408ea
f916f40f
0bc1f2cd
fae31d09
0e2ffd43
0cf5acf5
26fc34fd
d5052406
e903c114
0bdf1018
0d01f7e1
03e8e307
0adffde2
0848e516
25e7201a
f1ecb132
0ff1ffa5
e4daf50b
f4ff2b1d
16eadd28
f9b3f12b
f62b1044
0c1ff0db
0d15e30e
09d50f39
2a2d10dd
071c45e7
e01bfa22
e8d52016
1a032bfb
ddf1fd1c
f1da4110
f705e004
f3e704ea
1be4ef0a
16012f04
0643eaf6
0519fef8
1d8123b2
10f4250d
1bd534a3
defd000e
bbfebf24
f602127a
e9c60230
1904ecd9
ed3afde3
e3040a33
f6e4f009
12ed04e2
06f2ebc3
fef9d2cc
01091e0f
ecf7f708
13bcefca
220b2cdd
15e20ee6
1b1807d4
c0e0fc25
f2fb2e24
0b06e427
00f21801
d8fbd344
f7100024
17f3e63c
c8f10d04
2fe40be9
07f406f8
2c3ef8b8
e6eafae4
1c0625da
f74da802
e60405f5
13fa0a26
2b12c4d9
dae42a36
06b41912
052c20da
ec1828ee
00fe0dcc
fee403fe
f7d7ee12
331ef1fc
0d0fe8ef
1300060e
ff43432a
cf10f9fd
e8ff2bed
f40b24e7
0333f135
ce00dcd2
03fc38e6
0d15df0b
052e05b9
c8120c16
fdeee150
04daf405
363bef5b
5c47ea39
f0ffef3b
fb2903f8
edecf82a
12e5b952
081d2df8
fc0009fe
2a1713f6
75c7f303
fe1bf805
2120fdfe
07e005e5
163009f0
fa2a0415
04f4f638
fc27f3e4
07ecc102
ebfd0dd2
f0f6fa3b
f9e204fe
0f0a08df
2713d719
21fd14dc
c5cf260c
0727e5e2
12fa2e3f
fdaf24e6
03dacfdb
0cf81540
eaf602df
12ebe7e4
c226f0c8
f9edcffe
00d6241c
f023e412
fec6c212
be8fe6f8
e2ece2f0
fd28f0e5
eefbf43a
d43bfaf5
26f7ef1f
c126e110
fdf205cc
0f1f37e2
02ce0cef
1204ec4b
f1fb0af1
dfc8bd1a
f4172229
ebe8f0ce
171cc104
45d7ee14
edf60619
10d6202e
22db050a
f0fddcfe
25f110ec
d3061645
f2326be6
11e3fa0b
fc0b06cb
e7140be3
fe3cfe01
e0f4e9fd
10de02cd
15f82700
ffff02ff
01fffe00
0001ffff
0001fd04
00fe0202
fe000300
ff00ff02
04fe0203
03fcfd1a
0302e42c
0becfd15
0b06084d
fd2dfe0d
29321823
dd03e51c
d4eaf400
18e524f4
fb1eefd6
150af502
180df518
e9e31c09
d50c0104
dbbb9c1d
eb1aea74
1d2f36fe
fcce17ea
dff0ed16
f1f2e3f6
edf31c17
3dffe609
320741e0
28f90de1
0dd712dd
2907d0f6
0edef927
efdef015
fbf9f9f6
00f0fc0c
d1ea0cd7
f0fdf83c
e9c4ddd5
e8b31c16
fd3e1b03
1202ca2c
f1f21550
4dfee72d
c013e1d8
fab5dbcf
f60f6981
9be6fcfa
0dd5efff
ff23ce41
814be4f7
e3523a6a
f0ff0311
f7d88109
0c04f73d
f8effcf4
074ef2fa
f21f050e
0bf90c35
07f21617
030a3608
171508f5
09dad827
cd0cee12
01e72005
1d25231a
de1feef6
344f08c7
00ea161d
e314dd14
f70af311
1b1701fe
f5acf805
31232008
b7d2e80e
0513e1dd
fa00160d
04fab2c3
043fb109
071414ed
f82035f8
c9e4df2f
ffb2f3d8
ebd0de02
19e10e25
e7e4f5cc
fcf7f3c8
e3034712
04232ae7
0ecf2fbb
ce20fd12
d41cef34
1e0e4524
ee36d006
02280cdc
dee311e1
140f01fc
f4df0039
20def40d
35291be9
1715cff4
041122fd
d7e9ea00
1be7c514
ffde0017
db080d04
09ee1000
0f9623fb
b5291bfa
1ebffd08
f0e5291e
dcbd2afe
f0d62314
eae808ca
c7341af0
e322e1d5
12fc1d37
190a0c21
072c04c3
1cdfd919
06dafe4e
da140df1
fd271f0e
fece430b
0df000c2
011e05e7
ea3d3be6
3dfaf4e8
15201019
dc2901df
161f0e0f
58acc72d
ff113309
1304fc30
01030e01
0309ff08
0cf61204
0df900f4
00fbd503
040101fc
e8161b02
d3080702
26dc09b9
ea13ed2f
fbe12ff0
14fce3f8
0419101f
e3241b15
060a2d0c
fcc3dcfd
dccd04c4
d5f61bff
14313bfc
12040a0b
01e311e5
4efb271a
01231410
fc330ef4
d9f20df8
3402c500
020f3702
de05cad0
1f041952
4ff2dbaa
bf10f8aa
052f3512
d93860d9
06efd926
0ce4b8e9
0e2bd9d8
26ab25c3
1d21194b
f6e817cb
cb4620dd
2351ddcc
e7e025f5
151d29f2
22d01551
0864e652
bb1d3cf1
fc012fda
11d8ee38
dae8ef23
f714f30c
0c0409f0
060f09fe
2bc91517
f326eef5
eafc0401
0dda1ae6
121d4034
022d07eb
fff210fb
ecedf1f5
dc16efe3
ccef2f25
0a31dcec
d4d41929
e11b08ed
e7d90827
ddacf133
deeb01e3
14b2dc00
dddbf60a
f407b1b0
21f4fe0a
02cc35f4
38176bd4
fc12180c
070ff20a
02f8f5f3
e3e1e8e7
e2209beb
19231ce4
f2371739
ec03caf6
fefe0dae
f5030fff
2d482109
dbebd6de
fc1ecc1d
ee0a1bfc
0cfd1422
de1d0004
f4221811
0307e324
e50cf312
0ff512f7
2c0409bb
1ae318e8
1d32eaf5
1b1302ff
c2f94623
29c2e60b
ea30ef17
fcf521d3
20d5fd12
da3cc920
e005b020
e007cb51
34fce9b8
fc07dd34
0ed208fc
5cdd02f9
e920eaf9
0500c5e1
18cac51f
40e5f017
0e34e3db
220defcd
fa40ec09
f6102116
25fd1d2c
f1830409
05ff4622
12e10a16
00eb5703
f0e032eb
dc140500
d3e1fed8
00f8d811
3f220016
03d9f824
cdcf29d0
04e223df
f2151d0d
2c04f1c4
d45220fb
001b2617
d915e539
fd0cec32
f309d242
fdd1da17
ff29d5e8
c9d8ff9c
4e3c2d02
e20dddc3
01de071c
ef90a2d7
e2d71ff6
35d2041d
e40020f2
25d115fd
0e0ffbf7
e710f712
e8001200
ff3af7f8
200ff1bb
0f102bef
09f7f0e0
45fafafb
cb00ebe8
f2f8093a
382dee33
0d34d2eb
30161ceb
060acee3
2d002014
f2e1f229
32f2ded0
f010f330
19d220e8
10d51406
31b309f9
eeee2817
0cef0015
0fdbd011
550bee15
131fe1ca
283bdf04
0bdd0324
f4e8103d
17292833
0cfb2b04
fa1117a7
0de40125
f6100521
3e2bf6d8
0437aace
06e6e538
0811d0f2
0221e7ef
2ddef903
011bf846
f41801c0
1f000d06
020b19ed
efe5eb31
f5c9f00d
e62025f3
012becd1
29ab6739
ecfe20d2
f43736de
f50acf06
e9150602
1812b2fb
1b100b2c
fbbef34c
0a54fccb
02e915b4
f90126d4
1eeff8db
e718e600
ef000b0c
f20f13f1
e82a0010
27f7f2eb
0fef0cf4
e50f003b
fb37e713
fa3df0f6
d8fd1df5
17f6de0c
202cf0f9
ffb9ba11
db12101c
0514f2f1
f6f921d6
09243819
112d2032
e4f920e2
f724f739
051305ca
0a0d20e7
de0cb10d
e5bd2d1a
cf18e6f9
2ceb3001
f90fe12f
fdfdfcc1
46c9f9d4
f417fa35
25dfdde1
fe0fa6cf
3af806c2
df0540f7
2d241309
fd03e60e
ff0a180e
2deb06d2
0f47f82b
001d6a23
df01fba2
01f306dd
de1be222
2720e118
b30fdfd8
f0faffe8
d042dcf3
ff15c311
0fcc3512
071ee41b
00e60fbb
1845f817
2909f207
13f03feb
03c8021b
f71f2622
20ffd5fb
26d00bc8
f01ef68b
0ee113fb
c8051ffa
1c2ff413
eaf5141b
030eea19
e3052def
ff3bf13e
03fe075f
113ae32d
f8ed1e01
f8f10c0f
f54dfcfd
12ed04c4
0aef1201
10f7fdf8
edec0f33
27c50a21
a9f00ee6
d8e83410
00c414df
f4d44f15
311df305
05061af6
d800d902
ff170f02
142cd746
0205f2dc
1f0c154e
e45c050b
17111f0f
e3e5b5eb
e62d34ed
dd111cf6
e3e91fbe
e2ff0d49
0757cbf1
0300ab19
080d0545
ffe2ef0a
0ee304ea
fcd2e6b9
abdbd958
0706c6fe
73250906
0433dfea
fa1c152d
fcff3f01
eb27f91f
e513f5e3
00e20634
1df3f2e1
d7262715
f8cb3020
43fbfdf9
270f0a1c
f115ccef
3f19045d
08031820
f207eff6
01a5071b
fe23f6d3
351019f9
10f2e21d
cc5b0de3
25dc0fe9
ceceba99
f81cd91c
f104cff8
f00ef4e0
fed410f4
03feff0b
08e2de15
e405d30f
f3081522
ec0203d2
090eef39
1dd3ead6
edff02f9
fef71c12
09f1dd97
0812f60b
302328ed
12f6f623
f8d4fef2
24230db2
3301fae4
bcfa0a41
08bf0a03
2b02da63
f9f74b31
24e8193e
f26dfa21
cbdb02f4
21f3dde3
13dc1ad6
dc0426ee
fcd43ce9
2bfd1205
05f81c41
f41347f3
2b08fc3e
2dd2f463
cdf54e27
3e1cf4de
3b39f200
3fe007e7
35dfeadc
bdea1b62
f10152f9
ffdafe3b
f6d5f11c
dde7bd51
0600001c
d7c92be3
0607dede
090bf8c8
ef031fe7
e20ddaf0
1609d117
e0f20a0b
2c0bf8f9
cbf1fe11
ea0d074c
f507fac2
11172303
1d074019
f9d9f413
e80209e5
2607ebee
dbf51824
fbe9f1e7
0ee6da08
f1f43d27
29031422
06fab3df
f6fb18ce
1d27f415
edcdeae7
fc16c729
19cd12c4
f3b2be41
e2132a18
1b08b341
9f150244
bd502411
16ec331b
c5fee50a
f458d71c
fbee2c1b
0ef325f3
f90ae619
f40dc9e2
1d2ef5ff
b52dd815
192cc2da
f2f61310
08e5fee4
ccfbf613
f0f423f1
f0ff21d2
d0bcec4b
f1f84ae6
07f7ff1a
1aebe9e6
fec3e92d
e3fcfa0d
eb400c36
02fb2bcb
d2041bf8
0eda0fea
ed073d0b
bde9fa06
15bdd82a
dc2901fe
01fddbf8
d80dfde3
0e36f835
f52cf9e5
08e00203
f6fe26e6
f103eaff
0e0dedcf
15fecbf6
113af2f3
d9fd28b8
2adac6ff
fd0be4f3
caf1fdd9
eaec2804
faf73839
ef2ce51c
ca2d0cfc
13d71131
f80bd20d
0a021010
77f7f9e2
17f70ff3
d20f13d8
cc33fb48
dbfcf1a7
2e2eed12
1d1e1efd
facbe7ba
e2c7fbe2
0602affa
1ae2450f
f4df1c1c
04f81d45
d3f50de4
d3edb614
0ff701b7
fed9e4fb
eaf8eb22
f1150fe3
3e11cef8
dd4f0740
d7263323
2109e6ab
c744f70e
0f049dd8
fae80927
44171908
0a19f8eb
f1dac77f
00b500ea
e9f91e1b
edfb261a
e1060bf4
fcf8381c
1ce8eef4
fed333f3
ea0dedf0
04b9d623
f90bd2df
120be6a5
ffee0ae1
0b1b261b
fe0ae415
f6d43d45
0840eec9
e217ddd7
cbedf133
f8eebfe5
160fdb02
e13cbade
e0391bea
020dc6fb
eb2adbee
ebf71a15
4ddbed0a
f31eef13
2fbce513
f6e016d5
3256cb12
fe291af1
d3d81c18
02ebf94e
f1354de4
1ce42c12
01e6f9d9
281cfe30
ea36f533
db13c51d
fbe803f4
de1ed1ee
0b52091c
21fff3f7
e90d122c
00f8b715
11efe4ff
1016feec
061ed011
08f2fed7
f4bf1503
ffe61214
f5b32cec
cd0310d2
1bf80204
fe190900
0600d61b
181f1d10
fddd24e1
daed24f7
06ea0bea
fd3a2609
1600de0e
ec0b0b27
fae8dfd3
2b1ad824
3e0c3c07
04fac7ec
ed07cf18
0814f241
e701ce13
2a32d136
de2b2363
c9be0a7f
d50ffbd6
f0e42bba
e0ae0219
f6222ce4
ff22ed2a
06e5f203
e01100fb
d2f11b18
e2f12ae6
f002280f
dcfde5fd
fbe128f2
0023c2fc
f20efcf5
fefc0cfa
fbef02e5
0c04f6f0
eb2afc02
fcfffbfd
03f7c411
ea13fec2
15fd00d0
fb392131
1ae42301
0cee1bd9
fff70d1d
11aefb0d
fef5fbfa
f10300e7
0206e5f2
0d09fcd4
fbf0e602
fae90afc
f70809f4
e40afb06
01cc0d0f
ad11000e
fdfa30e7
f71fdc3c
0c2dfc41
1ff4e509
f51d0a00
0ff81ef7
240ad40a
00fed242
d7d9ca0c
ed0d25cd
ff21ebf3
3709d620
33f3d7c4
54e9f9e7
20dfc613
f3180c16
0a14e409
fb06df16
eaeb0fbc
1d0e3444
f8f4fe0f
0df00dc6
1d3afb26
24eb26f6
0603bdfe
1b18f92f
fbff0124
b3f2221e
fbf6caeb
20c6fffb
2506e15a
1a1f163f
e1e4d42c
eff01ae9
060cd2df
8e32dbf9
1102b846
0d2adef5
e9d42fe8
051a0f64
e35e61fa
250817de
f8f2de32
30f32a35
11de25e1
cd0cef07
0728f0f9
d3fbf702
ee2cfd1d
d8ecf7ea
11d4fd23
fe211508
f40c3425
eff00002
2f12d444
26e7f716
feb40f0f
03dcdf13
09e4fe08
1e4b2e23
06e5d3d9
ddebf60c
01f24913
ef18203e
1038e414
22d61c1f
0838fb21
def71632
10003017
dd49f103
edbe52cc
cbceff31
0b17df81
eb3db3dc
fff612ea
2a35c531
15004fc5
06da3112
e295a3de
f3d94cbd
312009cf
d8ff3f4d
276b47e6
e7d046e6
f4eff284
8104d52d
e4bacacb
2815e3bd
001bb5f6
1e1df71d
26fb1dfa
2c0b17e0
e7f927ff
041bfaf5
060da106
dfbe0eed
f5ed32db
ec1529e9
d7c40100
cb26bffb
eeef14c7
b5cb47eb
81acd0d2
e46006df
7f2ab8d7
817fbc72
04ca791f
02b3f9d5
9037f723
2481f581
2220dd1a
10f109ea
11eb26b9
1215ed17
21c7e72a
022308f7
e80cdac4
02df2111
fce20fbc
f60edf24
fde3fae9
1bc71f27
eac20a08
edc44c03
ece3186a
131bfaef
020a5013
200910eb
f5ece82f
2b1fee08
fbece7ea
f123c801
1301efb9
31301629
1150e3d7
2f1c31d9
fde3d6fc
e0091d23
cfcc1e08
00295e0e
07100adb
0b42f3e7
fafe091a
dde92d01
fb1a09fc
1ce324c4
1ccb13d2
5313ff0e
02fa2937
fa051b3d
cfdae1fe
cb00ca27
d4fdca01
e61e140b
39e80000
141f3de9
7843cbf2
fee70ff5
ec40fdfb
28ff2725
05a128e5
223c2709
3b14b231
16e6d036
c7cce60a
e906f316
e20d10fb
27f607d3
dafc17b0
61d72303
0f0502c8
eff51af9
aa08460a
021632e4
3833fb02
ea03071d
b9efee1d
0a04e034
baeed8f0
f6e81c0a
dff7b815
eedb03e6
00ebd40b
f407ce23
05fdc710
c403ae12
36f60a41
080fe508
3b05de03
112e051f
fdc6e0fe
090cd6a7
3fc8cbf9
302020f2
fec9f51a
e057e2d9
09201cf2
fd18e935
cdb8df01
fbfd0bd7
4804e2f1
14cfe50a
f8d8da14
1c03ff02
1b204d0d
2402e71a
4df3f3f9
52f8e535
30fff03b
3d15fb34
2f1bd0c2
d83f4300
4319ecf9
16114026
e6e80402
0e052ec9
ca232336
eafd1ad7
c0feaf21
04ffceca
d40cc805
e639f80d
16c80f00
f702c8d7
d72fe816
13050381
22f51301
1cc5423a
3ffef201
d64a17ef
bc0650fe
2ff23e1b
091326ed
07054308
c0e9f4ee
2dd1ded6
491831fe
38e0f0c8
16f42206
2b0d3800
f42b0708
38a6d916
0ad504d7
b6b66afa
db141d05
ddb8f73b
db40dc07
4402f326
be21fa26
ee15e7fb
d50f2519
eff5e2b8
0e140308
db14d1fd
0f1103ff
0dfa1526
122c0a40
a6f6126e
19ee4deb
f4c30ff7
06f5fb05
d00ad9f2
2bf31601
dffd11f4
ecdbe0d4
ce1e163f
3bf0acfe
fdca280e
3bd31f07
1ed52dbf
2624e9f8
42fd1aee
01bdfd14
bcd5f8ce
d81edeed
e4122ce0
0adcf704
02ec00fd
cef50bfe
db29d811
090e1af6
fd4befde
ebf525b8
13d21b4a
fe16c71f
12ba0017
f9173409
e50d900d
d0edf248
ec06280e
30d8c7d6
21294d33
42e8271a
29f1c5df
e9dadaff
3bfa16c9
1cdbd93d
2d325712
daf0140e
fdfc274a
e135f902
e2e91016
0811fffd
d9fb55e6
164fef09
f83bfbac
2121fcd8
f20ddb0e
f6c5ccf9
defef02c
cd151601
aaf40df7
f02af6ee
e7221be1
dcef4bf6
1d4e0d8e
0e242004
0b074539
0feae0fc
de0027e2
e831ec16
0dd00e1d
fdf336ea
1c1c10f4
d3b1df01
eb09f13b
2c1c2ffb
ef091818
0702ff20
fae4e1f4
b6123ef4
2ccf0f26
232c2a06
f4f5d4ce
250af4fd
f403fe0d
e308f4f0
2edeeb51
020d1332
e42b0903
d4fbfb0e
14dfc41b
03171ef5
2804cb04
0cdfcab5
1cbd07f6
f70e0c05
fd25fab6
c41af2f9
f5544420
2514effe
df05e8ee
e0e9b90f
fbcb01ec
f3fa0cf3
3e2d03d8
13a302fc
d38b19f4
0d172a00
0efff737
1d522deb
030f03b0
e2f345f4
0be0c952
cef218f8
16100cfe
e1d31cfc
fdfaf203
af15dc1c
cdf8fdfe
4e15272f
c10fe0d6
f6163202
f5fd141f
f6f52cf9
3e081f04
a92ed7ab
4812d250
e2dfe00d
02162af7
be1eb6fb
dc09a7c1
e1143f02
f8fe1022
d3dce029
d2162119
fef3040f
12d2eea4
3421a0fb
1b00feea
ef3816fc
1eff101c
1028b8f2
040adb13
2bfd212b
c91f1fd4
d73e4b05
2119d904
28f20bf9
f302daf2
fa2e0a1d
f6f5f369
db0b2b20
1833d471
2df904fc
d1f9204e
00c7baf8
6a000417
0006dad6
b7d9fbc3
c401a89f
2c261647
e4f2e806
5127d80e
ba0c1ffa
c3fe0426
e315e844
97e61c36
08f9f9d5
30db4904
dc2af903
2edb1f01
1afc32fa
c0ff06f8
0cf74481
1625d8b7
71f41ce1
ce212247
3d111505
04fbe4f3
d31b30fc
5209f7ea
d30dfdda
cfedf6f9
0409db4e
e32ec7fe
090af600
d3fbb901
b7f10001
d9ff431e
e2d2bff8
2a11050e
f8f822cb
ff335805
de1e3705
f4fcf8dd
e93ef1f9
430319dc
06292ef0
fa03d814
470d1f1b
0a572bf6
f7d64718
05502ecc
e723f003
0205f9c7
142812af
07150fe5
d6f7f6d0
170b0fcc
ee3fdf09
261a31c1
14e18106
d80426e5
f8fe19e8
acffdfc7
30f141e2
110ae2e5
e6c73e0d
3cc3efcd
23f4e600
d8001511
131a02f2
e60fe8dd
02ff0a70
ed72f56f
d73fcaf5
320dd2cf
011d0b00
ebfc2cce
ec0f0818
073a4efd
2226e7b4
2f35c2fc
7fe54710
89e4f63c
05ec1907
1c0a29f8
09de1521
4d20e644
4ed012f4
33f188b1
06d2b1fa
220922e8
13d10b03
1ef8ed1c
e9dae7fe
13e80231
f3e01f39
e000f5c8
59ec45f1
33306012
ee0d0efe
cb06de7f
3d1931b3
23da17d1
eadffed6
02c212f4
0e273fee
9f00cfb9
2c1831fd
d70700e9
f4150e1c
9ef8dd4a
09d4feda
24cd190c
ca20c4ff
ecb100ef
e5dcfb01
28ffa3e1
f7e4fdcb
dcfdce10
fe0924f0
03d199d7
071e22fa
de1c1e2a
0cdfaf00
0006e312
d70f2a15
2122cf19
a4f3020f
caecfdf2
6916defa
1401f60d
0610eef5
f6ffc1e2
dee100db
dbf1f29e
28fd08f0
c828dd16
0135fe0a
d9ba32f5
072e06fb
0c01daf3
45dcf710
ac21dbe5
150be1f3
01d929f0
eff4420a
08f30de9
eff73bfc
1f0a50eb
e4fa1111
cadae607
c3f5f8ec
e20fb51b
d8e33510
bf4a2fe4
19011001
2e0213ec
fbdcffe5
36f7b52d
ff0b37d9
b8d50c39
dfeb81fe
34f9ca24
e3e90cfc
9f05b9c3
38ef1316
ead4e411
e501d507
cb15d12c
fd133df8
e000e921
180f00f5
de0932e9
d60db810
dd35fb0a
d508e031
df4525f0
15f83611
fd112c1f
04310e05
07073ba7
d6fb0edc
1d06f53e
fc3d0ee8
faf235f4
2c162920
3be3f4d0
ebe3e8fd
180729f2
2ee4f3dc
a5da0c4f
0e00e8e7
2fd68911
0c21b402
c311a51c
0e1638f8
0907b404
d50eee05
73fd0108
ee1117f4
9e1e02fb
ab159904
0321ef10
fbe31008
bdf7bf11
f0fe4117
ec3cf4e4
1b1a40ee
0f2f2b13
1317dc19
23d6bcf2
0fea2309
e10e26f4
fefdc4f7
9c214203
e3dc0d07
3fc3c301
25debdf6
2c26e133
1ecbe200
d4fe1c1a
f44d03c9
f80a0d02
f7f229f7
48d6fde5
f8061b03
ed19d5b3
df0fdf02
ea06e4ef
131ee81f
07d029ff
08dd2af9
e9e4525d
450a3407
3306f0da
fefbeafa
7301d245
33e216f3
fbd30245
fcf3d3d4
e21fd979
f820b5f7
f941ddfb
e7f333f4
ceff23e9
e618da09
2ff91416
ef0b073f
024cfd39
0de6e909
c118ff24
0cc81d09
d8fdace5
d31b070a
d9f3d5fc
c910fbbe
c929d712
32b90e04
1bda2115
04250401
2f0228e1
e80f18f3
ef120f08
0502ecf7
191925d9
f214f40a
0a363630
edef1a07
2406816f
68fbe7f5
dc08e53f
eaf31103
2d570203
a4cf2a0b
8ee8e1b8
cd18c9f7
41000dd8
0cc9fc17
f8fbe90f
3808ee94
30f3fe2a
24f40803
dbe0ca2c
16cd0d00
f4ff1215
d4fabed8
0a2c220d
e609e6eb
0505a7e2
d0fbd90b
fafbfad9
f4da1afa
4603e008
fd2716dc
2df12f22
f201fa0f
f7fdff35
00e80af6
f827f941
eef70904
f401db0a
15f95109
d8e2e83b
01f7df19
1bdd7f41
a0ed230c
fb3527c0
2bc71f02
51061903
b21717f6
6135e6ed
16fae1e0
3ccaaa3a
47c30909
2ab62a13
eafae009
d1fafbfd
e0e153fe
dee21d24
d9fedbd6
f71d3c07
e7dbff24
0c12c8ed
25d52d09
edfae93e
26d8dadc
2d4c20f4
f5ffe4cf
07ed340c
33100716
bcddee96
2b11f716
ec4a0a08
f40ffcb7
ddf308eb
0ef2dc4b
0702c302
24e40e09
2915dc07
e6e31eff
0106f7fd
e2063c04
120a18e4
ff0de6eb
ebc31bfe
e71b1507
4959e230
e6c3e9fb
8405d325
d1e9f60f
dd1dc003
e2f7fa00
0ec024c2
fa0d1d01
bdfef610
fd951bf5
0507dce0
2616ae0d
bb0de91b
e404d703
f65829f7
3f2238f5
0bd1cd71
fceefd17
fb1c02ff
fcfdfc00
ff0afef4
ff2e07fe
ff02fbf8
f908fcbe
01fb02a3
c8ec0f00
e90311c4
bffbf648
d9bffa20
1b0140f5
d3f7c95e
19e521fb
f4dc2314
003aeafb
fc0e05db
e3013ae6
f61bedbd
032c3aca
fc2c2ee7
47f8f50e
ecc1d116
e102fdf8
df050e35
f50807ee
db16f8fb
16f994b6
e5e2ab01
fd050afd
1cba12fa
2540180a
5c0b1228
fe11ec0b
d12612db
da0be0f2
ea18c7d7
ca39e713
c32cf902
05b7e4fe
01eef7f5
3dfe22e2
20d836f0
0829c124
0cf6cf91
2fe00b07
000ecd3f
2cf9012c
ceea02f7
041de0b8
d8d81a03
ce0deaf9
00f6ea39
f01b6cd5
571df701
d9411004
120f11af
c54e772b
ecf3dcba
2ce30d38
16f3221c
d2df1900
dfdfe6c8
0104f83c
038104f4
f8060201
f30902ff
042e0106
03060306
f6f8089f
03fe031e
ed3df8fe
1802de1e
1d0a1f2d
17cd14b6
cfe3ddd1
28fe20d7
d50d3d09
1dff11e0
1732f3f8
06f8f816
7fd552cd
0b03f2db
c01114ab
81c878db
7381cc02
c0fa2fe7
0df0dbf9
1fff2120
d4c1de0f
00e4df13
0ceb1dc6
2f34f829
260a120f
f4e129f7
e421e506
def9e61f
111ae310
043af7e9
f803e417
44e014f0
032127f9
315fe212
0fdb30fd
f509192b
fdf52afc
34e8f0b5
d9050131
ca1ac77f
d6b3e9fd
d80b2cff
334a2cd1
c7e4e11b
eac3028d
0af940b4
34150632
4d49aa41
431a043b
f9cb2d3b
ca07f3fa
f70525d6
44caddd6
edcfeb0d
1cfcf7cf
e3b5f5f8
a518f804
f3e236f3
f4fbd801
2d0617f9
d10ecae8
1a5a12de
0ef7e11e
c9fac7f2
2bfadb06
04000003
02980cff
2b03222a
16da21ca
24ddf8c5
fef20e15
0611f406
2ef126f5
f5132cf1
e9f0fc09
f5fb1ffc
18dbeef7
101b062a
e10619f4
fb0ecf06
cf22df48
0419db0e
e92e0dfb
d00236c8
26ccc668
31f9f1e3
fbfffff5
39fce513
3f37f707
03170205
f5f91403
200427d5
14c804e0
3ea4f414
f5f4fad6
05e6e0cd
c0e5150a
dfcf0f17
02021ddd
eb292cfb
38fd00de
0700f722
e6d1e6d9
dd081df4
391cc45d
e8201e46
ecd7fa02
31fc08ce
ff2531f6
0ee008da
09065af3
f5011fb0
209a1907
f80119fb
f5fcfffa
8afdb625
07f1f7f8
e621dd0c
b1ff39e2
de14ec69
0e1c1df6
0b5cd31f
ee2530f3
adfb573c
dd03cedb
0eb1f3e0
d204dafa
33cb20e7
f7092dff
cecbfeec
f4e11ef9
0a01def0
1814e015
d12cf911
eee9c304
d4d3bfe7
e3d23500
04322b16
0304027f
014109f9
fff9f908
02f20902
fedefd02
fcfefeff
fe010581
fe050113
13e121f8
f303e9e0
1d1ae636
3db6fcc8
45cf0ced
0f35f930
ded35505
2cf4fcf9
f6fa09fd
c5f9ddfd
27e822c1
f9fc4b0d
b2f9ebf6
e4221c0c
120045f2
fc1acc3c
2a053006
2500e025
5405bacf
b30a15ee
fbf9cbe0
31282c1a
2413f50f
f874390a
112f14ff
e1fa2416
e707f322
54f705bb
0d15c0e8
fbda0ce7
cb31240f
be3515db
3134f51e
f8a918fc
f33427d7
0904f526
0cffc929
f10cfbfe
0aeec4dc
041ff140
14e00d00
1f0635f2
10db1aef
59fa0623
e1e90fd4
1415e5e7
08180704
342f2c01
05f30407
6cff2629
090c321a
e2dd18de
ad0a19f0
c03a4106
b3f7740e
bd0dd9bc
18f01d02
ee08bf13
13f9dee2
16fbd8f2
ee0815f0
08de0cff
013e37f6
fb00eb48
04f2f51b
c016f35c
4612104b
48311cea
360bde07
fdf42eb1
3618c302
fbed0d23
2c0bc501
c400cd0e
1dfa34f0
dc092e4c
12080601
bb182310
39c50aef
41024e17
f8f901c0
f124030b
0904f801
09fa0200
054901fa
0402f90d
fa10e7b2
07f7fcb4
23d4f604
f6fe0327
feeef6f3
f40cdfc9
ed0bf402
e7d8f0e2
010b0803
0edd102e
e63306fd
fa010614
21fdd408
a83335f0
1b11160f
ff0ec808
27deb501
faecfcd4
f344e9fa
3101ddfe
0ac40a2c
fbfc25cd
0608062a
eeefec14
faf01208
f8eae60b
fb040301
40fd00f8
02d50b0c
c4ef38ea
f6dc051f
35ea0b21
34ec0601
5701fbd7
00b80107
e404cfc9
ba59f51d
dd0e020a
e6ffc805
d0051f60
f7ddc216
ed26040d
f50ac6fa
2b083003
01e8080e
6b0bf924
d8151f04
d4ded82c
e2c5db04
e718de12
ca05e107
c30704c0
3f0e0ff2
0f1def28
1dfcded1
d5ffabc8
dc110605
f0550ef8
cdfe0302
eefd2ce5
4448fcfa
caeafbca
f1011501
c500fb2b
32e926fd
f633e6ea
1511e4ff
eaffd1f9
0e17edf7
eee9df0b
3bf8e2b5
f6efd8fb
edf0d7f5
dd33c013
1121de03
d1041ae2
fbee61f0
f9fec416
5b0f0002
04ed4aba
2a1c29f6
3a3ef0e2
fb30e700
0f01845f
eeecd9f4
c74d0cd3
09203eec
143bc9d8
300a2810
da14fd09
f1131afe
13fee01a
e343e5ed
d3f51034
0e081807
201dfd44
cfb0ccfc
0826f5ff
f71c0f06
aefc0a3a
ec2112e6
d7fbdff3
0f0ed0d6
cd3f0bdd
fdfad205
230d05f1
e2110ffb
ebfafe25
121ea026
4b65ea13
56144acf
36de04fa
cb1ad0f8
02091f68
efd7ebf8
d8fef10d
3413f3e2
2f031138
0af33727
10eb20a4
d2e30209
5e0cf608
082e3206
0a071e06
20012054
aec20f1b
def93e17
72d32b2a
dec7e1fa
1941d7ac
e5b1e6fb
a3efece8
15daec0e
15b9fc36
d2e0061c
f8032d0d
f2da24f2
efcaf212
26ec1500
d50315ed
2d04e14f
53f111f1
33e60001
38fa3a12
e0e3f8fd
032d0231
f4f8f0ff
38fc94ff
03f0ffec
34b225d3
26074d10
ccb0addc
c7144915
5bde1bd9
f6edf4fe
0006dace
0c301008
1feaeae2
e70116ff
cf1d17fe
12b51108
f029f7ca
3324eb0a
2404f5b2
2e143db0
0519124b
beddbe0e
e8d93827
5c2ecb0f
fa0a2ae2
2d3bce00
10fbbad4
25e0ea12
3afd0902
3ffcdc0b
1723f800
0203fafd
45e1bd2b
02eded09
e3fe070e
d90de0e1
42dde70f
bcf70830
f2e804f2
ff14ed1a
1ffeec16
10df2a0c
f3f744ef
288fe502
bafb0e1a
edf503e4
44d750e5
dec503fd
2d0b111c
0cef0dfb
ecff15d4
26f54f17
07e215fb
f8f42103
0be634dc
224d1309
ce04f4fb
160224fa
57fa2e1f
f70ef32a
2328ef0c
0713e51c
31ded3f4
0d091bf0
08af681f
ea223707
e109e022
1213e624
282ab400
f20f0cf8
2b6a01cf
3703fdfe
0eed0a4a
0c2909fd
dafa26f1
2bba1e2c
02ed36d3
cd0d4402
1cf6fc26
e5f82809
0fe5d8dd
c60fcdfe
00f700e1
0cf4df0d
1716f4e4
f2f9fbfb
15ede0df
f4e60403
1ab61c3f
0bef0709
33ff2efe
5ccaad19
fc19e916
02030e2e
06e8110c
e1fdef07
03102e12
ebf9f6ff
f1f9fa12
ea0517d7
02280868
24f143f7
eafbd700
2bd5f4ff
fc0cf51a
c5d3aafa
020428b6
f9fe11f9
a4eef80d
f1ed000b
3beaf3f2
c6fbd6fc
d4671244
fc3be504
a80118e8
0c4304b8
ba400ef4
380d0fda
f814f638
04110c0d
da39072f
f9e920f9
0c024c3e
fc1a65e7
ece9f1b8
3ff5e237
ecdbd635
bddfe3f8
ec0e401c
18ee46f9
120102dc
0bcdddc9
fde6fd1e
3d0024f4
2ef72705
ee04e7ee
bdeb00f0
fc06040e
e802124f
dddef743
9bb6ed3c
0b192d4f
1deff51a
0af6f803
c9fce442
0c310f09
4d06d000
110627fc
35c7fe0c
f804f015
d3e7fc47
270b0d09
43b408d0
fdf228ff
5afcf3c3
19b4e919
09d0f0ed
32f41c09
0441ec41
ce1aeff6
f3ce001a
19e11bfe
17fffaee
13081aea
f60f1ceb
f3fbfb21
e0faecff
cce501fb
2a0ed408
f8004602
13fdd92a
ef2714eb
1c0126ec
e7fef01f
ecde2051
1d00ea08
051a08fb
12ad0cfc
660704de
f3f181e4
adc9c600
41050f33
202521f9
30261df1
02331d1b
e421e4ff
3d01f6f9
0f31fcf5
ba111b04
4b10ccce
14011201
f7f0eb05
33cb3a16
e6d6f9fd
cafed300
ef0efbb6
31e637fd
d0f5b12f
1dd2e936
01f1ad0d
d927dfd4
0a3d1bfb
04f7291f
0efeeebc
c2011ae9
991fe6e2
041fbf6a
cf0dabf2
fcde0804
ffffe5f6
1203ede2
2e12ffed
e82f0fda
14f8f0c9
0a542006
f6f21cf5
cd1b1f1d
220e37fd
b6f9faf7
1d0f10fb
04133906
ea1666f6
05e513fa
1ed9ec12
f0f302ea
f9ccfbfe
07032d09
06c3cc12
fefd063d
1eed513d
d1dec433
1108fd06
2e1c0cf4
ed331c07
07fc2714
2b31070e
c506c8f8
0bec04ff
2ddfeff5
fd09ee00
02060de3
d1bfd500
34fb3bd9
143ef3ea
24ebef8b
2cfd06bf
e033dcc3
11f745fb
cabee51a
d51cf305
210343d1
032ee1c9
4d15e702
fef809e7
f61f220b
dfcdf107
2a401ed7
f54514fd
2106c3ef
1429d014
ec05fc43
080104fb
4c090fdc
10c7ce03
04d62fe4
ca1744ff
280005fd
dd220302
61f2f81f
97fdc1f3
05fe1616
0ff1dffd
ed000825
e9fc27fd
fffdb7bc
da051ffa
b80e1423
420cf02c
c8f9171f
b7f0020b
06da10e1
14fffe01
1dff78da
34a4ca0d
b9331501
f9040fe2
02bee23c
de14f103
d4ef2203
f8f5fefe
cffd15f0
18b5f7ea
fb4d11f9
d91f2c0a
1dc50f03
47f8e708
e7f508ed
175219f5
c7fb2026
de00de3c
445a2514
0b04d601
df161f1f
2a00f5f5
08f812e0
f4fae6fe
b0011dc9
bf03e7ef
e481ec14
0ff5185c
680bf7ce
e10cf60c
17f1391c
f4fa122a
02121317
0bd1f251
01b2fa40
3120aaf1
112c29e8
05d923cc
d6fa2ec5
f21deb00
16ff34f0
0e24c138
0734ef09
1b05e106
ddf0e4f9
1c4bf708
3e0af7fc
1ae20303
bd042de8
063e3124
e5031acc
28f1eaf3
df052205
0deed203
e4e6f418
340b2403
b70a1c04
e32c32cf
eef9dee5
08f2de2b
fddaefe2
e81f4400
fbfee1cf
dc1bf108
fd01281b
02ecfd10
2eef2d0c
29ff0a19
25d60fbc
20e41009
06dd3e16
4829f902
d6fd11d3
0a27f4f8
e80cfc3d
d30a3a10
b7290b05
c3200504
f807e9f5
fad6e103
09013701
16142eed
ded814f8
26f13ce5
26493354
03300ffa
4223282d
35fe1bfb
2d03c6e1
0d10f53e
eff41013
13fd38fc
27bb6ac5
0cf9f7fe
e45c0101
efeef403
0af9affb
0bdfd0f7
1ee922ec
e808ceec
12ca4be5
fa3d04fe
33e8f9ed
ddc7fefd
f90212c6
f6071241
72f4e6db
f2f0584e
bd47041e
490e1cfd
4202233d
f20b0601
0bfb0a24
d82708e2
f2f81cff
2d14ff50
1ef8eccc
22fed510
d00ff303
e64615fe
17ff22f2
e6fb2042
24cce031
29fc09f5
ed2b2627
30f23f03
001607ef
e300eefa
f30b1809
1a08f8c3
08e715ed
25d7d562
05d8f6f1
1c2afc06
ec5b0912
f4421dfa
45fcbee0
e57f1120
7fe12449
c81503fa
05094518
beed3902
2109e5f3
00fed4fa
180327f9
522419fd
25172e35
d80ee609
15211c07
f0e9f20c
d24208c1
2806f1fb
fa04fc0c
f6dff032
08cdf9e6
0d0ded25
f8135217
15f1e914
d83a321d
100dd902
0901c1f1
f7ad0c14
d41100a6
03033b12
0254fa37
f8042505
163019f1
4101ec02
280209cf
fbd6e315
da5712db
97eeab1d
3d24e1e2
def8ef10
0c1100f6
e4f8edf7
45fed607
23cb444d
31092121
2e2e01ce
b112dd4b
dbf411fc
0715f902
e3b12b03
46087200
d1aa66fd
d422fdd8
f52211f9
3624ed14
e63df4fc
4a573f4d
11f2fefe
0b0718e8
5e20332a
2807c729
a9fb1c4a
d530d8fe
ba0899fe
2ae433b8
3a05fdfa
1afe1df2
22e8feb8
cd2ef010
e8e90ee6
03c4dfcf
e21f1fff
1060bacd
231cf3f8
e20dddff
e620075a
1953d5c2
25207f81
ed0bcfea
192be10e
fc24fa34
eb11f9f8
40ffe8da
db24091d
e91b76dd
f20a2e27
06f913fc
22080afd
340d19b1
ee3d0cf8
00fb24eb
d7d4240d
49dd0c18
ef08bb50
280e042e
07dbebf8
fbf05af0
17eff4f8
2f02130d
491ef9b7
3e362514
17f80cdf
fae4bed5
dc490cf3
dfc52c06
02e8fcf7
0aff2432
1441f600
f8edd532
1e15ebe1
23030eae
cf06cff8
00eff51e
0f17f300
f2fd1ce0
e9000525
0506ebe5
370ffc2d
12e0d5d5
01211e04
e6dcd9dc
e3c6fcff
f6fbb0f0
35f00109
ec0a2de0
f6f91a3e
eecee1fd
c818150e
02f2f9f3
fcdc11fd
3601d11a
c3c4ddd0
2317e10f
2bfe21df
04db0202
9a4023f8
f8e60279
3ac9d5fc
e4f5172b
1becc914
f8061207
e6e9dde8
31d0c402
cc355807
f72605ff
2119090c
e506271e
3af7e1de
2bc8ca1a
93fcf7f5
d8ee106c
04dafdff
07f905f7
fa1d0003
defdfe27
a338f20b
d6662937
35120715
f2ea19c1
00d4230f
3b152bf1
fe0ac7ff
f3f634ec
19102be2
3e0f3f27
00133fd1
f8f213eb
520525fe
d2db0106
e814fc02
08001a1a
fc09d801
22fc1acd
f4eaef11
01c6bc20
1edf0204
40daf431
35eed6fe
1a062b38
2afcf627
16aff2f5
0b0c0521
e70a1e59
9ef60610
f2613afd
e523fb0a
060a2df8
054817ed
01dff30f
f4fc33e2
de0d4213
d0c7280d
fb81ddac
141c01dd
07fb09f4
04ff0a0c
f70cfd0b
f938fc14
01fb0eec
13ec23bf
0513fb60
1f48dcfb
ed00f70b
ec0aebf0
f7c4bffa
f627ebf4
0dfcf9b7
34ffa1ff
c2dd0892
0b22e8ff
2100d3b7
fc35302a
11de08f4
48fe25d2
d91324e3
fe3d1c00
31bd123b
ff09e9ff
04ff06df
0ef30ba5
1de2f93c
2700d829
f902ffeb
15081af3
11250ac8
1eda3ffe
0ff3daf6
1b1c1229
2ff31fc6
a7f4da9a
eaf50ed3
1edd22f6
d71cfd8f
dfe6f0fe
0b0505e4
0da0c01c
04b7db32
df0cc5ff
6ff40e07
46ffd402
b7d10e68
f72fea00
01026afd
dd131b99
f8ee2a27
0bec2906
19db6e0f
450d2e0a
fbc4e6e7
110dfafb
23fde81b
002c2315
5a1efbf7
2eefff04
15f89511
dcc6f108
0031e6da
04e4a500
93f83033
1754dd35
47d9f92e
bbf2f1c9
46ea4a28
fffdd1f0
38122714
e11f2700
d1fbd8f3
fcd83ef7
10cf0005
0b26cf44
072214e0
2bf5e907
dfd5002c
33fff705
5604f402
15e22006
e9dd15ed
f8060b17
1fc5a051
0f050f05
ef08fa0f
22c200fd
0ef8e7eb
1d050cf6
20dbda22
6803dcee
5ee3f728
1cf906fe
db36cf30
ff142ff9
4b0008ad
01c1fcdf
0b04d837
63f0f02a
093e2cdb
c2182f10
decfe6f4
0bdf3000
64fdf3ff
d14126fe
ff4ef61c
fe09fc31
d80fef07
0e13fe0a
de2ee5fa
164cf1fc
e404110c
eb0cfbc0
a0ee091f
2b07113f
0cf898f3
612bfd04
eabce6dd
47fafb01
7ff340ae
293efc4a
eff13dd5
2a2000e4
b11ff207
f8e31f0d
f6fc3404
cf0f17fb
f3fdfe12
d9dbf136
30e8ed1f
c50ace0f
3c2ddf3e
c9272406
edce9ffa
fe052205
2301c4fb
ece82ac2
2903111a
3fff3e06
10ec54d2
d8d078f9
1215e207
0722c004
ebfdc0fd
21e9ef06
f7f400c3
3905e744
04fbf2fc
f7f29ef4
06d3cd44
f7f41a0b
fd010aeb
2fde0a92
e02ee624
040b1130
c1f4050e
f5cf0f0f
e5eab741
04e90100
f4fc13f5
fc041bf9
15fa2e3f
fe0d0ef7
0f34ebd7
762208fa
f70c09b4
12c8dc06
b0ffb4fc
cdfc5e34
07e6f1ff
dd01019a
1a2d9e32
fa3a67fb
01f23fd3
2305e6f9
0507246d
e8c5f81a
f2c8f6f1
2bf0e317
feba27fb
fbeaeeed
310b0165
f2c37704
b6fa11f0
e50ff2d8
8fbc230c
3d24b71a
f12573cb
cc175ef3
24ecd05d
f5fbddfb
a90807d7
3854172b
120006f1
09e3edfb
1ad7ffcb
ff26f1f1
30f6db24
f9bad1f7
9afa4118
0d09e0cc
0ce62e1b
e60156d0
0808dfe7
bb1effec
f3064c34
17f61206
c50424f4
f6001d19
bfe0cc0b
08f0e826
c4340af5
32d7e302
aa1ce0e5
fffad7fc
14f81e0d
0e02e939
c4180037
d70dabda
ff3209f2
1aec0905
e7aa0bab
031611bf
f6dcb123
e7e6e0f9
43011e1b
ba233afd
142424d8
b9173410
5c112e91
0b0be5f8
340556e8
d4e717f0
f71814b0
430836e0
e42cae43
131cd401
0408eb4e
37c1d2c1
daed3233
22b7cb2e
8deac703
2ff517dd
f7811705
5ed73842
d5eac4d6
0f0e290a
18f9fbe1
e8d6e81b
3221e80e
de05e0ed
01322ec5
1f0c1efd
1d0c1720
cf1ac0fb
11f76405
1bf3d5fa
ee19f8d6
f9f2cbf2
e8efd50e
28eefefc
ef041e0c
db01c6f6
01fd060e
e0e0f5da
e11c0ad8
e8ff17f2
d99e0b21
0a1329fb
4e0b00c4
314e2f05
feffb623
c119f2d2
214c24df
eb3b2dd2
dc3bf60a
ef29b110
fbd5f1fc
0e1bf1fe
f6f8ea18
e8098ef1
ecd21bd3
1bf0d8f2
1a071219
ccd9070c
031e32bc
3905f105
120aab22
d0f02fb1
5effbbf1
f0fdf9ee
35e69dc8
2acafcfb
32e4fe4c
101beffb
57fa41f1
fce61ad8
e112dfb7
35ffed28
0cfa15ed
a8d63fef
0f12c814
0139e9fe
15fcd002
f1280fc7
2d2808e6
e7240e10
07e0656c
fc13c4ee
e8c72c39
e1d0e607
07f7275d
c4cce22b
cb442ff1
7ffa3348
f8f3f2e0
26f60104
db000cee
2917e008
e5f60cde
ebc40735
1ccbfb27
fffe501b
c910e6d1
fa51eafb
2ad7c81d
e5d707ff
4804f8e2
b6f42bf8
d50beeec
28f8d40a
f8d946f3
514e15fd
6013e7d6
01d60405
acffa2f4
21972bc5
289c2bf4
0de0272d
ff104540
a7e14ffb
b10403ca
d914f4f9
bdfed705
0eec3ac9
03effb04
f02300eb
1ff4f209
dd2cf3f6
dfe3db2b
edc6ea06
0901c8fc
e433f81e
efe30c2d
c21a0233
f14d5417
d1eb3004
14c61a08
33e5defc
d1feb6f6
9bf9f802
bfe610f6
33f58728
12abeef0
f8f61cf8
bef70912
df380f02
1dfc07f8
0dd91c08
2d1703f9
ee01b413
06cfe4f8
01142501
c2070fd1
edd2dcf8
eefa1c66
0afd1e36
e8f144e4
0ee512d2
c251a0cf
e6131df8
0ccacdf1
1609d902
de03f317
f6facf02
1ecfcfee
4614061c
6f101de7
f1c82612
e70aeae0
0418df1f
3b12d52e
01a0111b
e6f9ed0a
b3c05d1f
e83739b9
12e715e2
c99721ab
2b4e1708
20f91ef4
ea12e20f
46050bcc
0604e340
fb060ce7
4dfce206
19e7dbf0
c9b1ff04
1402f2aa
ddfbde5a
0bf3d9f6
d8d9b5df
f3faefe9
52d2d00b
08212608
2020dcf1
d9fc16c9
184b154d
0208ebfd
fd16d31d
22372bca
a9c40727
2cedde11
14270001
a2f4fccb
2cf7bce3
21d9eab7
07e2f0f5
19549df9
37fd89f7
f7dd2598
f4f0ef01
c90417fa
9b242108
1b3cee0d
4ff0151b
14f2cb23
e0110001
8ced371b
e5fb2b00
25fad308
f03f2f4a
3e05fab4
0ce702fe
0fda4a60
44d40605
1a0ce0ef
f2240a01
befeeac0
fff92db7
b3f22339
c306ced3
08081ef9
c8f61404
eefd03e4
f21513d7
ba1a1fe0
1309ef0a
42dff841
4314d122
1a3018f3
cde00721
2f27dbb2
f903d3f7
fbfe4011
15120608
d700e535
c9091f25
e8e019d5
35bbee02
210b3940
de1cfcfe
f602234d
ebfbcbb8
08ffd404
d00d0ef6
a3ea19b3
cbee2503
caf3e7f1
d8f2e402
31000d1a
f11f361c
ec210121
c0282ffd
ec0bffdc
29e6f80b
bf2be9f9
c5d80cf8
e5fbfef8
4953cb31
24fe0ef8
f80acbd9
1112ea43
ce9228fb
ef28081f
23eeed07
a8fd6821
e0b4fc16
c1fdfdcf
ee14ef0d
052932cc
0902f8d1
12f63cf0
070fdafc
260046eb
00371509
10522219
40040014
030601f8
1acdd308
8ee91d31
fc10ff1d
00ed0403
030000fe
01fefc03
02ab01fa
fb03fd02
020bea12
02030205
23fffdf7
fb00ccb7
caacdd19
e0db45e1
eb1ac1d5
b4b707f8
18c7df00
20e1f3a5
ea1c3705
f00122dd
f8330dc9
f60dbede
d4fe10ea
24fe23ed
b9608e06
f5f9abd6
e30ef9f5
0e03fc4f
07e04400
190c81e8
d316f50c
eafdf045
0de53afd
42eb225a
f0fb1b03
f7000a5b
e1dcefe3
f1df03ba
c8b150db
2bd02b17
af0f05e7
0ce2ef4e
f211f1ff
fc04c4f6
ba343cf6
17fa15ca
da102c01
f31418f3
d50795fb
bd002523
e8c61917
0fe31806
3ef3d804
f2efee01
3a0e1d3c
0ded4e1a
5af031e7
dde8fd0d
03037b02
d3fb01e0
2312f018
38d5062e
da18fff9
eb030d29
02c4f31a
19f1e426
ed2a1805
f3f81266
1ae7290d
d30dee28
1a0ff7f6
ede21716
17f9cb06
f22303da
e9e90d04
12052732
a706fbdf
12d6fee0
e6001232
010b2c16
fde9f004
1d22f132
ebb6f8fc
07fb0912
23dde4db
24b80a46
f602b61e
dbde4cf1
142309fd
fec0f21c
fedbdbfd
15070fe0
17da1ce1
1609fd21
0cf7fe3f
d9fdc0c8
4220e101
fcf4ea24
d308ecfe
c80022bf
08f9f524
0f1800f6
f22307e7
eaeb0b0e
1d070007
e9dd214a
da17f6ff
590310e0
f3e3e5ec
f820e702
2bfb340e
ed451dea
1233f604
13142511
cf22dc02
cd04d3c7
c6e14e02
1a0809db
09f202f9
d02c38d7
0e191202
db412111
e108d003
21f6d6fa
ea0ced25
02251814
f503c5f0
0c081805
bd17e205
2747fa28
d2fbe8fe
bcffbee6
ed090435
f742edc4
ef20f425
0007f8f0
f50b220c
e0582315
fee8fa12
00ddfe09
04fb03ff
0a01f605
ff4df804
fdfffb00
f70eda18
02f40385
0ffb1fff
1f070dbb
e4fcd037
c3e801c5
fbeaf0db
314a28b8
c4c74507
0b060aeb
06f807fd
dcf8ea01
39c4eee1
060d1fdf
f21c13fd
2df323e1
130b140e
102b1df6
eefbe702
2e0b212f
1b0c07df
03fdc90d
fdf71030
f6cdded9
2230b005
2f9ce5fb
2a1108fd
4c01c31e
dd0fde18
28ed3238
29eff750
02eef00c
e10b1605
023d04df
e6a7c5f5
7305370a
34f47236
bb041be8
efff109c
392db710
2ff6eb05
c8a7f579
d3e2edfb
29ffeeaa
82adcbca
1dc030cd
f2f80acb
3ee761f6
ee85a9f9
4a39810f
2135e900
e10818d4
01e21657
9c2b0c23
f4e7f402
03db04cd
eb10c309
11ab2ef9
1df428fd
0003fdf6
30f005e6
d7b20c1a
edecbcf3
fb22df18
440719f9
bbe3fd12
18de25fc
24012fcf
431a19dc
b7c4cb0b
df0b3bec
df24164a
c8b8e6ff
bcc414c0
1aff3100
e907f710
ea13f724
f8e1f42a
12d8dd2c
c526e9e9
3d10f4fd
283405e4
7fdd2afe
dc0001e8
04f7f3e9
0528fdfa
f619eb11
044cf908
c21ff702
25cedf0e
f33d0cfb
ea02c3d3
39300e2d
6a0925ec
f90d07e8
20a90510
bdc0f110
31e031ef
f07f3cfd
42fe4d50
37380ef3
a8f9fed3
250f0bd5
07c2c0c6
21e4d303
01a9ea17
f3b7bbff
a6f9e8ee
29011dff
fee6082d
c5072a43
ebe711fb
de0dee04
08f3ee2c
e8f72802
3c03281d
3933221a
f9ebf6d3
ceebdafe
f8e4eaf6
4c2f0b0c
2bdfedcc
f70821ff
01fc47fe
de23da14
e7201cb1
19f3f6fe
1cc5d3fa
cdf31403
fe3364bc
00d9e4fc
ec002c04
ded5261b
d0e9d809
c5d9feef
ef1dc91f
bcd93efd
06d83226
1ed0e6fd
45fbe9fd
f3f5d938
910c17c0
39e8f3eb
361cfac1
bbf102fd
e52ff5f3
e22d9c04
1a051513
f6c42604
402e0efa
150407e8
e9e9e7b0
e928dc0b
2ce5182b
ffe80100
41081319
fb08201e
22520812
2af20805
ded89ff8
fdefc001
010acf02
20c61802
6a044002
3e0eec19
f5cffccb
1be9ffe4
14bbbb35
220a0d09
58fadcf7
fa21f301
01002d0e
f5e72623
fffc08a8
13fbe617
e9833ad9
f2f11c09
2bec0de5
e4d9ea05
070108f6
d60dc3bc
270cfefb
1e12e910
070c122e
380f2106
20c332c6
0b37f202
a0000ce3
3dca1720
3cc9e51e
ee070b2a
16f90502
3a415109
b7562bfe
1bc01403
f20408ca
2e25e34d
ec09e4cc
e9ffda24
e5184224
f32431fd
e8ebdd27
0015d212
b60aff99
0bf4efff
5912db3d
491646b3
0ec1e832
d507ebe0
c6f3bf12
f1ccdefd
1d030319
e3f204cc
23d7ede1
d800f4ea
1c241ef0
cb204203
0af0d049
3efbee00
f90107fd
180cb908
d1b81ff6
bd0be5d7
de21d848
e4fcef05
15013236
d75dfd00
c201d406
09ed0e18
e44d1027
350b3312
f50df813
1dfcf105
2fd828f4
01e7e9ff
a1102acf
500a15fe
f2d20cdf
39ff3715
f124f088
ffd3b0fe
06f1cd02
c2161ffc
4807f4eb
be250014
b04bee2e
fcf81411
07dce3db
e7f0f007
15e737cc
15efedfe
0004c837
dd2b2422
72faf407
b908bcdc
25073ee0
7edf1d05
12fbfd14
f4fe17f7
e9030f39
d84508f4
28c1f912
22171227
e0d73422
e2e2f3fa
feeeea3a
1b03e6ff
cb01ebce
12e0dc1f
2abd01da
f1f4fe28
19f4dd1e
08cf6c01
c5ce0df0
f0e60afc
0803bdcf
c4ea6011
bc032608
e5f5e90e
fd1b0eaf
bdecd401
37c94bf8
cb41d2ff
1908dffd
152ac88f
dc0b00b5
a6f1ef0b
f82cf0b0
21f10612
15f93881
c315e205
d0021ce0
d60c2c0a
fa1cf839
e8eae4fe
eb122dd1
fad51d09
d50203e0
131bd203
2efbe2d8
3cdd1dce
87182120
26f1d1bd
f924d4c6
390dca00
2adecae5
ec0122ff
d1000756
f2ff00eb
2ff00525
f4e3f219
02f52417
dfea22f7
af13f1b6
01f30bfd
0bfce32b
dbd9fdda
f13e0843
1aec29ae
f61e0dec
fa1d1105
d60c05b0
f31afa04
dc07e7f3
e60a07f9
f9f70b20
0be70cab
dbacbd23
dee2180e
0501f1c2
1cd5dbf0
07fabff1
e120070d
0fb020eb
fe07d92f
3a2dcefa
e2047719
f5a5f1f0
f49803fb
49fec6ca
d0e3d8fd
d7fff209
f4ee1346
dbd1cffe
51fe4efa
ffe5ab04
feff0bf9
f50737f9
4f5939d0
fd202b10
bc0fdce3
f1b5ffed
4608080e
11ef1918
0fe22101
1afd4159
e7f02019
08d1ffd7
33effbd6
fd506ae4
cefbfbfe
d32008e3
d821f904
dd0951d6
3404dd15
df7eecc4
eaf36340
1c2f90da
3b29951a
03b61900
21213500
02fb06e0
f11e20fa
273418f0
1b1922ea
f3e33921
fc030503
3a081ddd
f1d501ff
c5f6212b
b7e8ffcc
eac6112b
03fbed0d
dc04053d
b7fa1f05
81f1ae0f
ffc62efe
4501251c
dcfafa18
f9e5cdcd
fafa2645
e3e633f9
0916f803
0311fe5b
e6f9d9eb
6b09af19
e96308df
b8de0e0e
b3f4173d
090d0ab2
182db106
f7f3fc0f
f3510b03
50ff1629
b81d0812
2138eb16
fd251207
1720d2c2
c5bbf90e
cc85e70e
2b0aecfb
a9f9dff3
ffbecbdb
fd223c0c
1c05e0d5
dae80008
eea8d901
c7fcf80b
04d634ff
e0fe2a17
410006fc
4f2109f0
dce5465e
f0bbeee8
c1003a02
e3ddf902
ff0eefff
2d040d1b
161941e3
060f0b36
cc130a03
fa01e034
1fef1504
081ece14
1f10c6f8
1d03fac8
e6e5d616
ca0208d4
f5dfe061
dddee916
16dff6fe
b5e2eee6
02f8fcfd
b7f9e50d
c6e7dae6
1ba603ed
20f225d5
dd1deefc
19c8360a
e1471de6
f33c190b
ec0fd074
1109d11d
ffd48814
341db701
f9e73316
f5dae40b
33f40efa
e80b0204
1416de37
3ce821e0
664ff1d6
20e1b14a
dfefd5d0
ef52df0f
280703d8
fcfb23fd
cf07ebea
ef03c75c
0124c60e
e4121c49
0ac6c1f4
f5493206
c615cc2a
110cfffd
100cc814
ff2b2629
00f7ef10
57f2beed
19fafd05
314afbff
e63bd1f1
0b351afb
18fff423
1513d3cf
facafd19
1003dc04
09430d1c
fd1e20f5
1e17d820
fdc6cefc
c8fe0aee
dede1e17
14e1f210
fffdc0f0
efefca08
0600e605
0835430f
19fdef02
f90435e8
01dee2d8
dbed05f6
cc01de01
ebabecfd
e113ac04
bb413240
05a215fc
1001182d
e60ab1e6
05ee1d27
1dfeb3ec
c3e8eaec
e32e10f7
efcbf30d
07fbef0a
f0fffeee
def507c8
1de8f136
e3021921
fcdf8d24
ee054608
e8151005
48bc33fc
4005cd49
3bb904f4
e9c80f0c
bb0a5db1
2c37d106
b3ece906
b41afce2
f4250dfd
180407e1
0aeff717
acfad8ff
2517efea
d3ed0ad2
1f1ea8f7
19183238
13050302
fd061119
cd0f2912
5f1e104a
01ea0d06
f816bbeb
30132f08
06f212f1
00fe0dfc
940219d5
00f468ef
2b1c14be
1309bfb7
fd55e8a6
1be01a0e
05ea23e8
05ff0cfc
fbfefe05
04f82adf
b40c26fa
e5050a01
f61be6f9
480a19f9
14effde0
e3021202
c6050706
b307eb14
31e23df0
edff1e0e
cbed3dd9
dbe8100a
0cc6501f
ffc811fd
eafdd232
13da2901
0e04ecf5
16d2f422
0311261f
262387fb
1107c115
1239f601
e4003a2a
01d5e4f2
0af4e250
cbffcb16
0d30e2f7
e7fde902
8c13ba0b
070703c5
04dff8f6
f8040903
f716f202
058100fc
ff07fa03
0304f7b8
00fcfbeb
0627e501
f40118e7
e904fa14
07f8fdcc
f303cfff
14db26aa
aa1ef703
f01d12f0
d6d51801
f9f8e4dd
f3f5f5e7
bff2fdf7
c62213d4
1716c5fb
1dd2f50a
11e55d28
f5ff0c01
ce01d11a
a93f3328
d625e60a
44091f22
f5520527
d619210a
1ef8dee7
e4ddfcf9
e9024ab7
16c805ea
f6cdeaec
d2f7070b
d31e21fa
14fe19fe
f658f3ea
f2dfd6fb
eb041d14
320d1c07
d731f1f2
cf0be02d
ec16bbf1
00e8ea09
eb053811
0fe52afb
12053826
f31e3831
35270fd8
d11107e6
2dececd8
072cc906
371cfe0b
f5f61002
2b0426fd
f3232fe7
01dc25ec
d9f002f4
3b08315a
1621f509
ed25f7ea
f6f8afff
dd00f6d3
2d2df22c
fc43e307
f8f8291d
dfdbedcc
a5dbee12
46052ed4
0f111bfa
e3040ff1
ee0fdbe4
22041d26
20f9bbba
d8252f08
06340cfe
f742faf5
08392405
e3f8fc02
eb1807ff
12030eec
fd18e2da
b2a2bfe0
e7f9200f
30100413
166bf407
f30c1502
e82c0218
348bbe33
42faf836
dbdadbeb
02f91aff
131a05ef
2ef508ff
2f081ae5
2efdeef0
e95011d9
0ade260e
fb0827fa
fc07e7fa
0400101e
36c9c602
4005d8f3
262ff129
2106fdce
24fcd913
d4f23b26
0521e80c
0bc80fcf
1229f300
0d078326
e9254610
cd010802
e91fcff9
da0fd21b
eb041301
3effbd26
ec03fdfe
19ff27e2
2a16c83c
152a1f12
051d70f8
e4c9d255
d8051911
3e0c14f4
e4fa34fe
ca00dedb
32de2708
d105eeea
db01cfdc
eeb9bce0
05f5f201
0432f409
e2362107
08fb155a
f402db2f
03291f1c
bb0f38ec
e836e8fb
ced81613
59230917
f2041304
edfee318
10281c08
f3e92f13
d4f70535
fdc32839
c7ff1407
f4fa06e4
feccd004
270515eb
f31c071b
ce040410
3709341f
f9f2115d
e0ebec14
3913edf5
a2d6382c
df19ee3c
030c1ecb
f1a73a0b
f6c300e7
d3ae0de4
3adddb2b
263b27ed
1f0c2a04
16d2d82a
dc181761
d5b41403
cf06fff0
1bf73c05
ecd0ebc8
e808e719
f5e708e6
c7d60f30
f43d24c6
002f97d7
d7cff1e9
32f307fe
e9c6e30f
3bffd1fb
31fde308
26fd0d21
20c54ce1
0fb1abe3
04ff0af3
1a4012dd
04f835df
19c5e5e9
302ded09
1f2302c5
e0c812f1
03c29a14
38b8131d
10dd46c9
b9f01a08
fb1120fc
e2fdedf0
ec6041e7
dfff23d8
df1dfc19
bc131bf1
00b3e406
062d1458
fedd49db
c306efc7
1923e4bb
09d4b60c
cbc20608
ee5200dd
fe04f423
2538227f
05091ac8
0aed1853
11d51342
abf9084a
dfe2eff6
ba0af636
0730ec1b
1b0fd40a
16fddd1b
d3e70e3f
20ff0228
4c1b0311
2eea4e04
c91d0be8
7ffbfb29
0d03c7e3
c6040ae8
1fe7810a
0a0d36f9
ef2825fa
db4a2efc
5b000322
0222f2fd
39d4fec9
36030c0e
de9e2df3
12f707fe
f3c81514
c941f9df
41efe5f9
0cfcdbfd
46dffe32
073cf931
0eff2a72
fd3b25a5
fd0bebfd
d307d00d
f21617f8
34fad106
07232715
36043abe
0a17113b
05e21cde
0dfd11e4
1a03c51b
47a606e5
e90d2339
262b12d7
f5fd1505
31ed243b
f30e05cc
e205f0f8
ca450516
c102ecfd
fcfbd532
30fcfb10
18d814d9
4a0dece7
fae9f2b7
1d0355ef
31f02fde
b712fe25
cc35cb44
d3281a2d
0706f0e2
09faf124
3ce5f141
13faf801
10a50e09
d608fb03
b31fcdee
f920120e
2103f6fb
f04ece38
e1dfe406
e1e0fe5f
220ff309
b6e9402b
2d2bc4a3
eee8db2b
cac90be0
d7eb21e8
e231184a
defa2af6
deb2e0f5
3ff102fe
173da52d
0a2cf9f4
0de91016
f8b51607
f526eefc
00f3f923
48a604e2
ec81f50e
01f2152d
ccfb2222
c92ceef7
23d21fc7
51f5f7f5
1ee9ecfb
47e517ff
1cdff3ec
d8f7f1e7
dbf7382e
1b3aed2f
22e805b6
23104612
ee10e512
5ff305f0
f610e6ff
0a145402
0fea311b
dbeeeeea
e6dc36e5
f3f03a0f
f806f7fe
e50035e4
fd441901
5ee02031
1b37c10c
0d47f5fd
163ce1dd
eb13c2c8
f6d8f31a
dd242d34
010e060d
d9224df9
d8133b21
fad20feb
c00ccd2f
08d839ee
3fa031e1
d626240f
06dcf802
5b02fedd
fdf118f3
00f2e514
a20324dc
eaded5dc
31d20fff
b71b010c
dde1fcdc
fecd0925
f5e9aeb5
e204f618
a1cc2c1b
ec08e70a
f4522616
2a4b0ef3
2cf7f706
d509c1e4
f1e8af29
e03a13cf
df09bc43
19140942
24e6bc1f
298ab5f7
16e4fa27
dc27ebff
e0164a25
5b04fd04
fdf1f70c
d4f32628
28ce28e8
f2c4e00f
d8a3ef20
0f03da20
29ff1b18
eceff9f4
08efbb0b
b909dc03
f8fdc203
fcafa3ec
de0fff0e
bf1c53d3
fcadf1d7
15dcf713
bd1ce00c
28ffdcf6
daea2f18
a806f410
cafc0c15
e0d500a8
0f1dd3f9
01fefe16
f5ef13cc
1717ea0e
e3e8d635
02d01f07
ebf9fa01
033213eb
e108f313
e70b08f0
cfcd0617
550303bd
04d1420a
d162fd1a
d3cc011d
eb3233f7
b118c4f7
18540e27
d9fa0dbc
2901fabc
e6e12ed9
0b2c32fe
ef1bf115
b9adbc94
d6350bf6
f81108f4
6dcc020b
bd0e1611
1328cc0d
f465e2db
fcfaf041
4ae0eb00
24df1f1c
1e01dd00
1eefca97
0601f081
dc27f61b
cbc8f2f9
0dd2f800
06dd1b2d
f627b9a5
0ae6f82f
f5103f01
cc02be0f
f1e3eef7
f722ec19
df2112e9
095c18e2
e6fd061e
ed290b12
250324b6
e009ddf8
eb4a2102
1f66e1f4
19eefc47
303d3800
051cf208
efe2eaf4
e8f308f2
bce21ade
19c71b0f
f4e037f1
042e051c
f7d2ec31
29303404
24f3fff6
0514cc02
19f7d808
c204190f
d80223ef
14fef8d3
f10b1470
f42130ed
06c8f1ff
f8f9f1af
f80aa8c7
f9101ff2
bfd101f2
13d9faee
2818f9f4
1208f229
fe2b1031
04054310
fefebbe7
c35c2bd0
fc101703
1c1bf9d3
2525ede1
f1ed422b
f202ef1f
08d516f3
0edc3404
0079e645
eb18ffec
d4c7fae6
d3d83a12
22f90ff7
ba23e028
21e4481e
ef2808fb
26edb1ae
18c8c70b
1b1f131a
f90db8f0
36ea0bf4
f61836d9
bae953f3
021f3724
ed381311
390c66fd
43360519
f00a06bb
33152356
bffb0a4a
ef0961ea
1631f20a
d9e316f5
17c6c207
3a45053d
360cedee
2ce417d1
1dd023fb
ffafd3f5
221f4742
2a211ce7
e831fbd7
00eaf6f8
3b0b36e9
db13d4bc
e5dae3c3
f2f6160f
c7f12409
e4e7f94e
07eee8df
3e07fbf2
fa01fe5e
1b113506
d80201f4
2207f3db
e008e5e8
2000ec02
e53800fa
d9cbf7f2
f1f0c8ed
e3f1fffe
15def740
19ff04df
22f29a16
3923cf19
c1d707fc
1d08f104
f4f7f50e
1baddc09
1f0e0bd3
f0dc32bb
ebccdf28
f5e36628
2a8df4d0
4414f6f0
07b52311
f3edf834
fd1be4f4
1025d507
0013ebfb
20000b15
5723930c
e70312e9
00f8c5d6
0bc5c403
fce11d1d
4d1bf81e
2100db15
0ae5c015
87c8111f
4bf908d6
6c1fdf8a
1c40e329
c5e1ecee
071b23e2
e11e1c1a
16b7e9ff
363f170b
04d6172e
d9bd26bb
efec01f2
81101131
07ef4bb8
0ef917eb
defae71d
d4c323f3
0bfd0b2e
c6f0ee09
e21dcdf5
e020ee1b
ac56a6db
0fa6d617
f422cd09
20c833f9
df080000
4c07d618
ead7f2ec
20d7deeb
c0e31cd0
0f0604e2
052a1311
17ff16e6
f9b70204
2f3ef1f2
06ee3521
f1f1fb4d
130dce10
04d3c628
32170fdf
b620d102
f41b02ec
240de90e
e1001cee
0c17070d
05f63028
e5c6edca
f3fe0cce
dba7e4d0
1af7eee9
bf25ee58
deec46d8
3523d6db
1006d8f3
ed5308d9
f034f012
1a0cfa21
ed170ceb
fe17113e
f4dde013
ccff3909
c8d1f3fb
0a15eaf9
70fcf1ff
f5a0ade1
c03aef31
d8f0f119
4cec0705
d4eff811
eff03164
eb1a0659
f50ec80b
0ac536e3
fb2a0dfb
d40e48cd
fbcc1812
1d06fae2
59e8cfd7
d610eaf5
43d302ce
0a42cdfd
b7e9fe09
b327cc02
070cffe8
170d06d3
02eceadb
0ae33721
05e749fe
0727eae6
f6e3fecc
420ef843
2cc5eb37
1aece024
dff9e90a
2100dbc0
d1d6b6f3
2209f50b
13ddf80d
09ffbe0d
1313f3e1
0b4e2444
f8041427
fa15044e
0f301b03
fdd8f719
ddf507fb
ba571fd7
e1d9e215
2e17114f
3d22eb3b
1aea8fe7
4c14c728
03f6bddb
f724fcf2
3f04cf1d
c152ed50
1df5d0d6
edef0fcb
09040bdd
042c0206
021f0408
0c2df600
1120e6bc
e1fb31f6
3604ff18
08d902d8
36eadb10
3aeb17d7
fb2405df
b176fb20
e90e03a5
eaec1cfe
f01edf15
e706c01f
0f0d1b47
330b2ffd
e56bd017
04fe0537
fbf5ffda
0b23d952
091716bf
0edc07f5
25e70edd
c0d7dec1
42ed31f9
d630fd00
d2c7ff40
1b1be2fc
42fa07f7
ed0fdfe7
c7013af3
280e20e4
8adff4e9
ecec12df
ca143525
03c9ff0d
08ece800
29e815e8
f1deeb09
16d7bdf0
2becf201
cd02fbdf
f0640fd7
ff7fd001
f2fbf626
7fc01de6
adb781f1
2de13e1a
17df3ec4
2ddfeab4
f80ee7f1
04f414f5
bb50d4f9
dcfd46f3
e0d0fdeb
192a0d30
180fe0f3
26f69e20
13d80c03
e2fc0e1b
303102c8
3a172d0f
3bf909e2
ec02d9d6
3107ea0e
faf907c0
c5e3df17
bcd51628
0bf106e3
1cd6f710
10f713f2
1816ceff
dbaee3dc
c10f0c06
ff0bff09
fa01fa0f
eefdf0dc
eb1af603
3431f8fe
350c270e
f515142f
0e1b11ec
1b02e5e5
e9ee2a2d
f5233729
05f203fa
fe3a2a01
0209f90d
faf6f665
f1fe61f8
07fdf903
f901ff02
021d8109
f0e3572a
d01bf3c9
0f460407
bd6cff0e
ef4003ff
c935f6d7
0d1a19d7
06351916
eefbfadd
07de0224
12b02b05
19e65213
eee700eb
fc0e0c16
e133ecd5
db162510
c2cb65c5
f707a217
2c2df4f6
d3f20c00
fdc8f4e4
ca4814f2
fbdd1109
04230d12
bfec3cec
04f839d9
323188e8
cb36bcf1
fcf411ec
55dbfffa
2026ef05
f7fef11c
0da9f02d
c8c60911
bf04de0c
6535d1f1
53f8041e
0a4a13e8
811181e6
fa57e6d9
28f76706
fdc90507
0621290c
fab936dd
10e013e4
eceb03f7
371300f7
1908f6ff
093706f6
e823dcf5
d2e4f33c
31be0013
08c03006
1bfbd2b2
02ebf3ff
faf721c1
fbdcfd01
01dbd1f9
fff20006
fa1608e1
fe066600
000205fe
fdf9fffd
04983903
f010f4ef
3f14f839
ff8aee00
da22bdf4
f51809f0
0b2fd126
b9f432f5
40060df4
abc5f841
f7f735e6
dd28ec1a
b42f850e
09dc08eb
3748c3b8
13551441
0c03e6f6
66f65211
2226c91f
f4b0f90c
e8157ce5
25d40835
fab01fec
e1cf16f5
b1dcfaeb
a4fe47db
c4fee122
f326ffd2
fad52efe
db38f01b
1c030bd2
c3f9c805
24fc01e5
371b01d8
bb00e0c5
e2dfecfa
25d42217
d1120b11
eedd07cf
d20ce3ed
07ca14cb
1610ee05
f836a0d9
2ee0b81a
eaf8d82f
81183417
62e348fe
ce3a7048
e5fe0e19
3bf51158
f4e6cc30
0f1ef830
2010a1f2
e2030c0a
fbc62ae9
11d7380d
3e1ff207
c2f1ad2d
0d18fff0
3924c32c
ee0918f1
e5040714
e5fc08b4
d60cf91c
eef5f809
563426de
c218dd16
0b03bad0
a4f1360a
14e80324
f6b8f82a
fc47f9fb
0adf11dd
1b2411e5
f0f8cdd8
42171010
e0dcf425
250524f8
eaf6e6fa
25e701df
17972100
2d1201c7
33ee1ae5
32faebf6
fa4dde00
f1120703
0be90d04
122004d5
f603041d
e80d010d
0cfc0026
11efda3f
52eaf2fd
20e00f11
fdfff713
03ed27e7
06e5ff3b
2c1ff817
f9fa1b0f
05fe05dc
0adcf2da
06e6c40d
0540fefd
0217d91b
d03af411
f5c70c1b
d5ee2530
29153101
0b0e2ce2
153df1e7
41ea2c17
2cd3fee4
ce36ff0a
c7e42418
c902f312
1a0ac7f5
fd0006fb
c8e1f423
eef7d90b
ea262f1d
1f13fd2a
1e140e24
10e1e401
3516f806
d3c5fdf0
4115f0f1
140e5118
01ebcbfd
19e3e011
2df3e7f5
e60a3d18
382515db
fae0e1f6
04d7fb06
df130106
06f7c2d8
ecea100f
0119fdff
ffb10fff
0afb0104
fd0404d5
f00081f9
ffff0bf8
fcfbfd07
050821fd
13121537
11282ce5
caf105cb
e4dd0807
ba3505e3
f0ec26b9
ed001e14
1cd92ee5
3fe2b117
0b2459e7
dafb0ab9
e5c0cc2c
0e1502d0
b5cdd908
c21c1126
f04026ab
d4f9f344
fa212702
1133e701
eecb4006
b5cd0708
d320f0c4
ed1d58d6
120a0234
061401e9
f3ceb4fb
fc322fe8
08caf907
eb09face
23e20dca
f9f6faf4
e41aed17
df0c1d16
f9e1e6f5
2514270e
1533f1ce
25f63d15
e6fe0d20
04fcce12
0eee1fcb
d00ade13
0515fde5
081e322c
083d2301
212e0df0
22051122
e2fa01e9
31e60202
3935cf12
10d70028
e11ee9cf
390be7e8
0503fb2f
28f5d228
eee644fa
21d3d427
37199fcb
121817f8
a8f6e40d
fafe2d3e
f81e1626
1e0fea0b
27f6f6f4
0d3e42eb
d714c72c
f0e51225
5b2905fb
4b3d17fc
d11fefc3
0c062bf8
ffd7651b
e8c2f72a
ced225a1
2b1307f2
32dddff4
1f15e022
321ffbe0
45f6331c
b1d443c4
02330546
0a1011f4
fcda44fd
130e0411
f8f9fd90
effe3df8
0d08f906
f0fffc16
000d6607
d404f5fa
ff0eea17
20200fd8
dbaf1b13
f3c207fc
c2f5fc08
082ed733
fc221129
02e7e3c7
18e3c421
0e0ece13
5de9feeb
2cf2f8d3
c6081d08
eb08f307
f80adeef
4be8ef11
13dada0e
18110033
bfdcf8f9
f441fed2
f9e7d5fb
e31ed505
2331e40b
f8d0edf1
23250342
122adaed
bf31dff8
f014f5f7
0b430212
13e8fef1
dd1f0838
e9fbe5f5
15f5582d
38eb1c0a
05cd05ec
ff30f9d9
bfb0023f
360cf6db
4cd9e1b1
ceff1deb
e7e6f63c
1afebf24
f86b31e8
00fc010a
0f02e31f
1c1c1fea
e900e8f7
a4f01a18
1b0712b3
1de0281c
27eb03f8
d70b152d
00d7f80e
42320229
060cf909
10fcad4f
fee6ecfb
10041d0e
20f3f210
1b43f6eb
2a03313a
070ff505
f8290907
e10cfaf8
e60ce1f6
1fbb14e4
2dfe510b
d2a60d21
5d07f514
c9fcd6d4
061512ec
fa16f521
eb0613f9
19d311fb
ff0a1808
e7d614eb
36e010c6
e0db0822
ffedfbaa
2f22e326
38eb2c1e
230801cd
27041002
3b16f503
ece2d31d
c7d92830
c6f1f5c8
3216f903
19f9d6c4
fef71613
15ed030d
eb39f9df
451608f2
f02bd5e7
f0f5e8f0
a416f7db
0704fb10
eaea3311
45cd0418
02ccf72e
14102a21
3bf7f8dd
0af70444
2cf84781
e42ac5c4
e87f150b
cbe36216
e5d6e8ff
b301d0c6
030bad28
f212f569
14e2bcf6
defdf90e
4dfb1ef3
e33ff1fc
cf2c01d1
fbea36eb
fc1fea0b
e81b030e
e02436a4
c827931d
00c81211
5e4dd515
1cc60fe2
14080f2b
3c09ecdf
44fb31d6
eee5e7e6
ea11cbeb
1e1cdc3c
f21f0804
11f7db09
08f516f7
fedf061c
0800e7fe
34edf7d2
f8341231
df31ff2c
f637f626
19010d0e
23373dce
23175628
d31d24e9
fd07f7c3
f7ee21fa
d5eb00fa
14ec2aba
ec39eb0d
d837338f
0af2ce16
f0aac2eb
03180838
02ff1623
baf2faef
2548c101
1af715df
c2f531ce
1bc3260a
f9d60aec
3606dd45
e219fad3
284c0415
02f90907
cdf71a07
ee051f58
05233ef9
0c0c1922
10e5a7bf
d5182217
280e12e3
19dbea0b
0202f7fe
533e26f5
c3fbe31e
da180d15
d6eb14ea
00f82df9
e3e212e0
ea21fee6
e73900f1
260a3531
17d8222e
02f8f1a6
27adf31a
10f90139
ff0fe523
194ae7fd
b6f5ece6
fcf513f7
dac85f21
1054221c
14da15c5
16f6efca
29f713f9
09fcc2d9
deddef08
f5154a29
ecd3081f
08e2e003
25f018fc
1fed0bcf
e32b2cf4
2ac3ddfb
2217f5ff
29edd907
e0e5d535
e41adcf2
3813dd35
e7fc3df7
cd062f7f
d2bd3303
fce10302
c0c2f34d
09281106
a6d507ff
1fd5f9df
fee41004
e5a5e0ee
d73ffbf1
1addf6e4
002d46eb
0cf70129
0432f127
fae8fcd6
2a0826ff
06f60512
17e20204
b724f5de
f701223d
0c0d0ad3
0405fd00
daf90cf6
d1fd00d5
f8183a10
32dab227
c0f9011c
dcf82c33
1d22c6cf
f116163a
57c9e11a
142512f5
25426e14
edf50f11
e414fc18
df2452e1
fdf16019
f63a17fa
deef1803
27153640
d8eb2f1d
bad5effa
0202fd02
f8fdf914
f7021037
f4f3fdfa
2bf8fdf5
1ff73d37
db120fe0
ef0ec419
f301fe0a
09d2f6dd
2b09e818
c4121427
5bf7e018
1119e3bb
d403451f
0ae9f9fc
18ebf9fa
160ad3ed
0104000e
09fc0381
c1f4f5c2
f505f2c2
1fd9fe08
ea092d12
15bf011a
82f40e00
065ec2f1
10fef6f0
3b44ea0b
1f12fafd
1415f9cf
0431e549
1f06130a
fff101d9
0e28e134
0f173f48
4315d50e
10022cf5
e00d0fca
d71b2cfe
fb31fcde
c5e01be5
1f27ff15
17bbfd10
d7f1f1dc
2820fa00
d9fdf7f8
c512cd12
f90af2f1
fe070414
f227dedb
d7f00fe1
3ce90a37
29132205
d1e649ef
0101130d
dff8fac7
203e1af0
0308fb00
f3fb1831
02e30225
edfb1af5
10cac30c
0ce3eee6
e6e8f6ea
f4b61618
0bee2b13
e3feefd9
fcfcda1c
4127dcbb
e20127cb
18f8bf24
17cf162d
10190425
e3070828
f9282b19
f7c11cc3
e7ecf40b
f51ce6fa
f40509d8
092df4f8
9be7f432
f4f11528
ee36d609
b9f02ce9
34dbf232
cc0ec0e5
ee4240e4
d61cf7d4
30211ac7
2a050fe4
e6e8e324
43fa30a7
e1fac532
061c02cd
08832813
013be704
b030ef37
3b130bf4
3a2fffd7
0f1aefed
040c0725
fa18f11c
d910081a
ec29f614
21bbfbf2
f5d30017
19e7fc0d
05ea1827
08b61b0e
dee2f309
170733e4
fde2fdd5
10f0d4d4
39d4f7ee
0d1ed010
fe17fe0e
d709ffdd
0bea06f1
0016e210
dfe907ed
52fb2a03
1ffe14d5
0bdc0cfa
29ee04e2
e1190606
24ec3954
0f21ffe4
22e2061d
2f33e122
1ff222d6
0dfde517
d40fcd35
d80b1605
0320ec09
d6eef9fb
2a07efe7
dd2a1003
a3ef09ed
e7dbeaea
1604f6f3
e010e4e4
f20a00f3
eefe0014
da13f902
150afd0b
210ee9e4
ebfc073b
47e5ecfa
def2f6f9
ed201220
1f6c2905
cccc0318
e22ed7c7
33e400ec
f40feef4
030133f8
341a3408
e52b1fde
93033ffb
c10ffef4
2019e7ca
f3261523
0ff4f1f2
02e9b2d3
fee7ee1c
1f1afaec
e340b6dc
a9fcef24
f12dee1c
22d012f1
ed1aee04
06101411
dffbd5c8
d9fff91f
461b2610
05defe21
3cf7241f
0dccabfa
e523123e
fafb1ae3
26c20e2b
27f13efb
3dc401e1
3917f305
2fbbfeba
1e3112cf
1e13d5d8
d6f20a0c
e012dd00
d72b2fff
12e94bfe
0b25e816
fae9b5f5
e1fcfaff
ee1a0004
e8f1dea3
ef10f4d3
4804caf2
08d2ad0f
c7f208e5
c3103425
0aee03de
f21429e9
9e23da07
c5f9ecf4
d89cfced
dcfb5e3c
0719fbee
fb300af9
1a08212d
f4d82b06
0a09df32
15fe19eb
2c454d06
fd63c60d
e923013b
d8cd1b02
34dfe4cf
a5d3f8ed
40092fe9
512419f2
0cf731e4
cff50bfc
2d330506
ece314e5
20fae30c
fdea0cb8
1d0bfd1d
16310a37
07e4ffd8
11582e0c
11f70def
11fce8bd
0403ff19
f0d92130
0606012c
9113e10e
16140d25
f0ebb10b
d3fd07ec
f3ef0d34
e6fcc115
fb24fc3e
00e20601
cbe824f6
e1ceeef7
f8dde900
291d00c7
18c80504
18f608de
0a25fc06
0cd7172d
15191331
c6ff291b
2b03cf0d
02cefd06
20db1f30
15fbf212
eb1f1e4e
ee0d28e5
f50f0617
002bde09
e2b2470e
ece90708
c2fe30b3
fee4ee1c
e1f10eff
4209dc08
11f7fd00
380800fb
a3e2ff0a
30d9fbfc
df17d7d7
2734f1ec
2412faed
ef40e14b
173b2c03
0a543cd8
45611934
d8f2080c
f52c330a
eb2c3404
d9bd1fc4
0de1f5f6
0ac60503
16f406ff
fa17e7ec
db37e9cd
eed1b349
f3fd19f5
e211e3eb
bafc18ed
dd160b09
f4e81104
23462cfa
eedff20c
18eee558
2ee8effd
02f81c39
d724fce8
1b1ef214
22b10308
cc2ad005
ffe41319
080bdaef
1c169df4
e0e426ee
06d81610
3fd625ef
e619da12
ecc5f4ee
2cffeae9
1704f64a
eee9f2fb
f000e1f9
e7ccfa27
d3bf0ab5
e6a9f1f4
0001c6d5
5110faf4
f40f08cd
03c9e0bc
c70fd741
bf2f3245
e8e30619
d4080aef
b912a827
e42d06bd
092520d5
12f01d0b
daf616ec
22f01bc7
f2f2f0f0
1ef30b00
ff11e0f3
000c0011
02e2400e
1d04eef0
0c23fd03
f5fa212c
d7002b02
1303f622
ebf6e9ff
f1180b3b
e61f0aa7
22f7f9f2
ec021117
f520a012
21cefacc
f7eec6c8
0cbd0013
0e1ff41c
03f8cae9
da0c00ed
0c02f51f
0023ea64
08f82925
33e8d827
1bf51523
533e18c9
a15ce62a
30e80c07
1bfc0803
df3910f6
d7f9acf2
ee0c032a
1beb0afa
210cf526
f2072ad6
4cff23f8
eab4ec42
6238f9e4
bf24db24
f6de5833
ce0b0e1f
c10904ff
66eaff14
30e0c717
fdc9102e
3f7f9a10
f209d1e1
09c23405
c7edec48
e5f714db
d1b2cbb1
0517f22d
11cf1ae9
d0043620
fbe32437
396d31fe
d30cf0d7
43f4f229
f91d1005
d50155a9
0fd9cc19
f4fe0ad3
dff1f6df
1907f8f0
cb1b55ff
37e0ec06
17f02fdb
d3da11fd
f712f949
bbff27f6
e3eee2d6
f3630ee6
dd0bfb27
3003f102
fef71019
38c8f705
08eb03be
3cf6d1ad
25000624
18d790f2
05ccaef1
1be700cc
d1e817fd
d01650ca
16f908e6
1412cf0c
c1eadef8
f8ec4bdd
b54811fc
f404f109
4c04d8e5
056406ff
0efff421
f312f6cc
14f9b307
6331cfd8
56ff2cfe
c700fbfc
fd1e5bff
1af0e22a
561bfce8
070826c8
012c26fd
f9240107
2f3caafe
1b26031d
c023e973
e23f4f1a
f00e1f38
bfd0fffb
25fc39d1
150bd2e7
8dd33de4
0b36eb1b
f554fbea
f70d35d6
cfffe2cb
16440a17
071e14e2
cba120df
5c091a1f
0f34102b
ed06c808
c4ccebc9
06c0f907
f7e92037
fdde14c8
f4f1f5f7
f12ec506
26bee810
3f00d911
2b1ed805
38d7fc0a
fc261c00
81f5d734
38199c1f
f7ec1b09
1405f302
1d2e10d3
19d212d3
2223fb2d
d3e5e029
3f2f2def
ebffced6
37370d12
f4cafcfa
1ce4230e
cff8dc31
1ceb17e7
0e05e6a2
f9f504e8
d5332fe8
e3fae3fa
52f60b14
efdd3104
c2db00ce
d0f100fe
1813fb5d
e0fa160f
b805eea9
2426fc02
240e0bf9
e616f31e
19061cdd
ccc810d3
f413e61b
027fa9f4
e9edfbe5
04f7fabc
fe01bbff
01020aff
3d0c08de
0704bafd
ba1bec32
0fcdf5e9
03ca7bda
51ec17fe
39cdf805
f21f52e0
2a0cdee2
35aee210
de0334f1
ff1b1ee6
0ce9e12d
fd322015
2ed0fb00
e2fd211e
174f02b1
3afe0b31
fee2dbe4
4108e25a
e9fd2422
ff18fd0f
b9faf222
0fdf2ceb
1d3f04d3
39222405
4ddbd2d7
1ae71700
e4f014e6
d0fcc8c8
02ebff1a
af082dca
272ae2f3
e00aebe9
1a04f5ba
06052cf0
a510f806
ea19070e
edf00702
c62c140d
ed4be906
25eb0df2
d5e613e0
15eb15f6
100715e1
171dae01
0902ffe4
32c60044
03020813
232d1e02
bae7c50d
0f070ef8
ffa1f415
b21604f2
f02ce8ec
15e6262e
e9f829da
3ac5ebef
e7fc1de7
ea01defb
f4fe8cf6
fae92211
00caf218
30fdea4f
f8e21a04
c91803e9
2fefc23a
0508fac8
160ffbf6
14fa2f01
1507f531
ede0ff05
e80fe11b
1b010cd4
d423fbdb
e20add04
362af3ff
fd01c904
fde706f9
eb123212
f507d515
ecfb0c30
120637fe
1c13fb09
18f813ef
be27e610
e5e7f31b
e003ca3d
09e1d705
1af206d9
f4f2f44c
e60c30e2
4619ff11
572b3902
e30bfbd9
e30014ef
16d7e2bc
00e50238
e2f3fc0d
04f4df2a
0cccfb0a
ff4d17ed
db51edf9
c3f4e7fc
c4f7d001
f90ef505
c6d9034d
f508052e
e8f5da1e
3c220ceb
ee22f7de
c7e1e229
1ae5d0f1
c1fbf3e9
f6c741f0
d2e01523
dff2f416
d9f11bfd
e815ef12
f3e5d1e7
39dffb1e
d64ef24e
f4eaef62
32d9e01e
eeefeeff
9911d3fd
e5f5001c
bbfceb20
eb18f21d
0a0cf40d
922618e2
1e2d01dd
f20de70d
0e5fc92a
34101de2
e5e5cee9
020cc027
2f292f04
0fe2cbda
1f141ccb
09020cea
3c2f2c17
331d04f6
fbf8052e
ee32040c
f82efa0f
c431010c
f7063b05
a8010aba
0eda5c1a
ede818ec
c3d629e2
fee73413
05052d0b
092cdd32
24f096f2
f80de4ce
3af9bc40
dae60726
25f013fa
f5d71db0
fd433eee
cdeec633
0af4c44f
ce060d0f
2207e1ea
1f0ee881
30f727ec
d37ecad4
ef2bf725
ee192b04
bf2159d6
4748f3e0
f7085b1b
8ce5100e
d6c67f0b
9f3e08ba
23ed14d0
03ee2ff7
f6fe21f7
08e4fc02
cbe8bd23
2fe6031b
27b2e403
051eefdf
e35711ff
05f80e36
132323f4
d91012fe
e7f4061b
0f090add
fc25ee1c
e2e021d0
150f3f43
1bddbd3c
0c15e5d9
b7012702
eebf2506
f81beb15
e6cde996
ea1d001b
df2320ff
f0ef2a0f
0afa1826
ec1900f7
fb29fdfd
3f0c0918
f5382229
2cd71816
1b021101
10cc0513
e2eacf1e
b603e9e0
25f443e9
0622eaec
f32914e6
d8f4341a
31f4dc0d
c8e02051
f305a71c
f025faf7
0a1a7226
6a290cbc
202a0a0d
2cf7faf9
e6d010ab
110562d4
381b260a
c8f118ea
fd53f103
f4db18fb
f12be80b
de12f0c3
07141100
c1bfe9e9
de1b103c
f227c6fe
3af7f2d9
2a2c1ff8
e4abf304
b3fd2c1c
5617dd33
06ece6d9
dd030745
0c38f631
de152903
eb2bfb09
c91cec28
12031907
f93c08e3
f3d5150e
f80f2611
0417ed13
2f0612eb
c7f0f90e
0cb21bfc
fa0c2c3e
15faf102
0bc905e7
fd03e9fb
031ef726
08d127de
e008f90c
18d91f1f
e3f20519
16f1eec8
fd0ed4de
f8d1d33b
250734e5
e4cf01de
0518effa
5c14d336
abdb2fd7
3f09ca17
94d6ceea
07dc0fea
bc19cc05
f648d5d9
ffd0efe9
f21ae33d
12bf11bb
c6f1d3c9
df062edb
fc2a60f3
d302ff3f
15450103
e4eb12ef
d91b1c12
fc101ada
35c0f6fd
24df0b10
1727fb05
10131e20
346f011c
f8d3da30
2ef898bb
e3fcdfc9
f53127f4
072b1f04
ed00d021
19c00019
7f2cca2f
1106f20e
e5fea1c7
1b0cf405
d5210407
e1ff01e1
dbfaf118
ff1efee4
f00b0d09
b80dfafb
d136eee3
1710e4cc
dfebeea3
e6e0b8f0
03090af5
22f9d5ee
ee04fc01
1e0bf6f9
0847ebf5
e6d4165d
3125f7b7
cb2bcfe3
0626d8bb
ead51b2d
ee3efb15
f3f30910
0ac2d5a8
e210ffef
d5ca1111
100e24fe
2716f62c
e315cf09
db00e0f5
3128f91f
3f13cb01
23f72605
09ea0bf6
5d0e0c1a
f4d919e6
f8f6e4f5
00e41802
1ff0f1ec
0afa1eda
ef00eaf2
f8e2d6df
d7fd244e
1ef10ae1
f5ed97fa
c22b3efc
08fb1ce9
e8d3a520
1804d303
e91f100c
12ece713
e61114f4
dbcbb5d5
36c8d801
06f10c0c
05dffc3d
f00bfafb
c9301d2d
20fa072e
3509f936
22fb31fe
42ec10e8
2625f9f7
fbe7b61d
de21c847
e1d9ebf6
f021b21b
150cccf6
f11b244a
08e9dc09
f309fdf8
932512f0
67ceefef
24222222
e507f5f0
cadd21c9
dcdbf3fd
30ec08dc
1ae6fb24
f7392611
f6e2b0d9
1905fa11
e21f0dd7
17fac5df
d306c1fc
db0afcb0
486fe2ec
6b2525ee
e0ea0126
2de01000
04f01af1
fffb19e5
1502f81b
cf0de20c
17540d0d
f70d1cff
17b2dfa2
12f2ed22
ccd82012
1b12ff12
09f43211
f0c7d4db
0af405e1
3e09f7c5
fa3204f8
06fc0227
1420d3d2
04cf0108
f40916f3
10e0dcde
f5c7f9e1
fa1bc526
f3fb0fca
2ea314f0
dfa8f0ec
ce0bb32e
080ad3fa
2134c0cc
0ee2e722
f78d0351
13d2f762
07ddc80e
1b1e0108
d32bfa0c
09ec2cfa
ea301e0b
0cc70518
ef20e033
fe020418
13f716f9
08f75533
2c13f9f7
0a0f1eed
f6ea1df9
a805fed1
0af9494e
0818f941
1beb0401
1319c4e9
1ffc020d
20dce6e3
cbd237ff
dfe8feed
3d12d628
df001d05
01ddf91a
b13621fc
ee251d11
0a0535d2
fd11372d
360a31ef
ca15ff2a
23f8e5f1
1646afc1
0fea0e27
30de45fe
f8ee1308
b045fcff
c023fc1e
2e15df7f
f01af2e2
02f6f614
c406f9e1
0cfbf2f0
0ec01e1e
d1da0a06
41e4fe2d
362107e4
3fdbe9bd
0af0ff28
1214f5f2
efe0e405
ee3064f1
58f83213
cae10825
32f2be17
fdfd032d
c804ece6
14f92722
e311f6f7
3c03fa21
d8fd2411
31c801ed
16431e09
26fb1153
2c1800e3
151eb014
d6e8f6ce
f0ceb50d
22df181f
b911271b
4816fbf8
afd21cf9
e3e2ce09
1aee0dbc
22fe0057
16070c0b
37015813
1d0d070a
23cc5eec
f9fb145d
06460ed7
016df7f9
051e2403
fe0cfaf7
fffdfb81
fdfd43f8
0000ff00
0001fbfd
fb7fcd00
071330f2
28eb93fd
fcf7f5c7
4e41fe13
01fbff1b
fe0c4c24
33e30040
effa0444
21fb2324
bcf2aa0c
920bcf0a
ea01fa1b
d9d902e5
1306e4dd
464938a1
2b031bf8
04e6ffda
2d0965ee
4b270b06
f7da1810
02e806d6
1ff1f0c6
1fdccfda
f4d3f3ae
a9d34c1e
105f13f8
48c00be8
1d14f81f
bf13010a
f52401d4
c3edb3ad
f94355f5
c70c28ec
bb17d8fa
ec01ca0b
6bc36c03
4116f803
fce6ec26
b9f7e40d
ce21fdf3
f3f519a0
1be41f1d
0104079c
dbc1edea
a1011004
fc2922d0
da0e45e3
dbe0fc3b
fe1d196a
fbe409d9
eb29f5e7
05daf5f5
211812e9
15edf8cd
f106f9f6
f829f912
c5f6df9e
09f4f612
efb81af1
35fdf0ea
17270014
12f31d1b
09f1e0d5
ea290604
f822d71b
080a0df8
f8ee1bf2
0d0dd12b
ccf30ad4
29f1d81d
f9f6e5f4
fff72a1f
e3f93e05
cbeefcf3
f8f552e1
e05cb3f0
4c04f6fa
dbc802de
edff18f7
f2f2e9e2
d924da0e
16152800
e2e6f6dd
fdf22d11
01ec17e6
38e633cb
1010ddda
20e1322c
181b18e8
12e421c1
e9e1f11a
0d05a80f
bdda04f5
fee53de0
20f4f22b
0a08f1ba
ef2e0206
f21f2be4
e11bd5c5
fefb3102
15f00124
0f404dc6
2964db07
edb218fb
e4d9ee2a
051236e3
400eaeeb
fcc2c121
e52c1618
fb0c310e
0d10e3f7
fe0725c3
c5e613e1
1c0c0723
313709f0
dc8fd814
eafef1e5
0afccafb
0febd3f5
de00fbe8
b51d4dd4
ecd6fd19
174a01d6
3ed10216
cff6f5e3
913220ce
0bfae6f5
010a01eb
092c1800
034462fb
0304fe1b
f7fffc0d
f8fdaefc
01fb0303
eafff007
04251a04
241df416
ee0315dc
c71723fd
2bf2f30f
a2300bfb
ffdaf0fe
fef8da05
f5d902c7
f815f0e1
41d5ebb7
1740260c
f8cfe503
2c08ecd4
2df001c5
214507be
f300f126
0b31b312
3c17e121
45c9240f
aefee42d
01fb1450
b00104c8
fcef2dae
cec216b7
1af7141c
cc091207
d026f704
0ec5cffe
edfd0607
15c4e0f7
12fe2050
fbe0f4fc
f3e60f2e
faec3abf
2649041b
090329ed
1431fad7
a7bd3ee8
e30f152e
19f9d4c4
43163c57
0b00efd0
ead2b308
d021ecda
2e10f213
cdd61a13
e4f61766
cf01f91f
cbf312fc
f009da09
e91dea33
0ad60b0c
f0090d10
e918300c
fdb7d9d7
f1111cf9
f1ef5d2e
e524010c
e23cbcec
2b6cfe0b
0020fdfb
f23b1e45
e3dcf116
b80b18d4
db11f8d2
0be69302
d3ebdd17
0ae606ff
0d0bf907
0911e1e1
f73bfdfe
e61af7f4
332019db
e51ff207
0aecbb16
272a1012
18dafe02
dfe7efde
1420e9d1
faa41ef7
36081200
0103e624
27df21d3
1f3a3009
2f08fc21
463708be
f022042e
291714e9
0720edc6
00f1dbd7
00ee0300
ffe31717
e51d05d0
20e504f8
e33d27d2
150c0606
0beaf622
ece42029
58d9d105
ed9cfcf7
03fbfa2a
1b152526
cee6e1be
f9eef21c
09fdeae3
51d90fe0
e823f824
0a141ef3
ffd2fd04
e2249d08
cf190817
1afeb5dd
f70b36b3
1eeac024
3ed50cf3
024efcf4
c0da00eb
0e242b00
e7f113eb
f9fcf3b9
1d0502d6
ccf60a17
ead9a8d8
ff2effff
29f9f7ee
2e6513e3
01200bf6
fcd90113
411dfdf7
eb1f12e0
f6077f13
e4af17f0
f60ef8ee
30d8b5fe
ba0b3d19
00c4ea15
02cc3ffd
f40deac6
1af56b28
1319e0bc
f91fe9fe
deedd341
de042a14
1904d2b9
fa07f6ce
ac0b3300
fa222fc9
f0302dee
fd1911f5
0acfd7ef
162de9df
f62000d2
e90a0216
0217f1d4
2df6330b
06301ff6
f9050c22
ed09ede4
fbf302f9
e3f20407
d80c1119
27e5231f
eaeca7f2
def745ef
5bd5100c
3bc4de0a
3123de66
0af8fef0
00e8fcdd
1ce710d2
26db00dc
c82a36f0
18e2fc22
1ae4e8cd
fdfed8f7
d61afae2
00ccf5f2
e1cef22c
1038dce1
3bd392f9
2cf30203
ef431a23
004ef2e8
ea3fff0b
4501dd12
06f7e515
f108502a
07fd1218
21ee06ea
cdfed328
1ad8024c
fd260e2b
f20a0c10
000b0133
0bdfca0e
2b20bc15
3fe91a19
f3f2f3c8
24000512
fe3918d2
34ca101e
42ed0a57
e3ff049e
f10efdfd
fce4e60c
c9bef842
af12a0fe
10e7e64a
a6d6f0f6
ea0e4fff
ed1c05e1
db02d6f6
f2e8fff6
23e50646
03ea2801
d11a031c
e1e4e7f2
d5fe4101
ddd608bc
f818c30a
130805fe
1f04e8d9
0ff3fafc
d817120a
0be733fa
dee8f400
05f71339
0dd413f6
07fcf20e
003518fb
0323d40e
28f7cf24
45fef4aa
f9ffbb2b
6227a01d
232c0f03
3ffaff14
2b170b12
fb5acad6
e8050424
29fca619
27f428d2
d10cf524
320cf1e9
ed220712
fce5dbf4
28eb04e2
f2c3f20f
1ff9f10a
31de082a
ea090139
eaf909f7
18e30eeb
4fee07e8
05fb2221
d50dfafd
f717d339
daf1e6fb
811d5523
42be8124
132702e2
c3a1ef0d
b0e8f0ff
e11a0be1
052ef91a
020cf02b
da31d8e1
efd92f11
f62bfef7
2a21e805
ef171023
1fca0b18
1607f008
f40def27
f40505c4
c2e532f7
ffcefa29
d3d7d24a
0cf73106
1dfcf448
57e6eda1
d9e6c1e1
16c80206
464746bf
2cfef7fd
b910f0eb
37ebcaeb
dff5d008
1cfaffd1
cf1d0912
eaf900fc
fd0dc1eb
05290f12
3ff82905
fae7b812
2ae9eb0c
fec3ecf3
1a04fb05
eaf512f7
0f3611f0
06edec06
d9431902
0fdb0021
f328ed31
12fdf11c
5d06d5d5
1804341c
52f9f1fd
f704fefe
ed0aca43
ee0c3b0e
05faf9d5
49d3c2ec
f50cee0b
0910cd0a
f0f051cb
0fd7f5e1
f5ecd7b1
a9fb33fe
22dcd702
1dfa1cc8
1c1a3fd1
e9f2ea2b
0df114ee
05070cff
ddfd3507
de492cc4
0ab6f29d
fdff4013
0ed70cff
cbde09e2
050fe4f1
d1dff7e5
4b00cc08
4ac30f1f
203ad702
e6f8f9c7
261c03de
2718cc22
21ac3110
04e30815
dde920e8
02315400
da2008d6
10f7ded4
c9dd18ff
18051819
00eada00
1306090f
f9d94423
262d25d1
d702f61c
f605bafd
ec0a0509
cadabe03
3c15f0f6
071bfc03
e90f0431
fdbe230a
01e6f038
ea1bdee6
240d0adf
099e121f
e7fc6607
080a0609
0120f635
43fcdaea
fdda0740
ef05ec04
22e0d0fa
102812f9
07d30107
e604fa09
d4223d04
f1dd07e9
0d20f5e2
f5031a36
2afb043f
3000ea1c
2c3c24fe
24e7f3e7
1800224e
2cc711c1
ef13fa1c
d5f613d7
2e031507
c617ff0f
c0dccffe
05eb09f9
d2dc1ffa
ccc9dc56
e2f91111
63ea7ebd
1e2ff5f6
fff046c9
08adf21f
e41d1303
1a3b5337
c7c39645
20dcd352
0f3023e9
0fe0e527
031d1742
28e84e08
10e6f81d
001c1b06
275bf21e
d2d5e7d3
fad43506
fcea24f8
fee434f8
f0e7fa0a
011907e7
cd0012b5
fffaf9f2
1a3ff2dd
0cf94950
1d0ade1e
fbe90106
d2fd0af0
ffdd03ff
d6fde726
b400f600
0a0cfef4
3a29f916
11000710
fbf40bf3
d9fee312
f136fcde
15e5cdfa
fee508f4
22e2fafc
340ed646
1f2b214a
e404fef8
f2ce38fa
f5e1fef5
ec05f2fa
1541e81a
e6c829e6
f4e10725
01e021f7
9cb5c21c
29b7e7d7
e6f8e5f2
1e3ce71f
f1ed341f
3bfceec3
f970d535
2fe4b614
f9c4dfca
f4f3d029
1bf01107
0f06f30d
e4facd17
ddc40cda
f71faae0
d60808f8
e4dd14e0
12fe6cfc
723f2438
178152e4
f81721d9
01bc1112
d14e2ceb
b903fae4
1013f117
eb3cec17
ed1601e7
cbbfbcf8
f1c5ebf3
0cbff5f1
9d542202
f124c9d7
07eef9ec
ae122728
e9000702
e451f14d
ad13ebe0
f1a614ca
b407fe0c
f008ef27
0d1ee613
f4c52008
3207eee8
4c12e704
f3d30b20
fbf6f9fa
09e3edd5
f1ea15f9
f93dd4c3
c80ee8f9
dee8ff0a
d90c30e2
52e816fd
0a25072e
affc0d1e
b6140ed2
0d4cf713
094c0610
191c03d7
2305f3db
1baa13be
da10ff4d
0fe4e51f
2ff7e507
f2b342f2
d314a613
f8ee00e9
0207e414
ca0007f2
3e2610e9
3ee8f10f
c8ff26f5
1802f125
0c25f5e8
2f3c020a
0f132fd0
3923e115
1403f230
0f0daab5
26cff490
e9e1031e
66e44de0
09defbdb
dd0ad9f1
04d5facf
49ddcde7
f83afdb7
db111334
2ec22407
dfe11119
571bfdee
fafedafb
cb1c02d1
0bb80826
b7e90ef0
171d11e1
290a05fd
ea4007f9
1cee0408
cefc2cbc
011ffc54
1ff1106b
ecf714e1
c4e3e7da
1b120010
b1283ad4
e005ff32
e8201b0b
d030f9b7
10ffdf21
e308e736
0efe14c3
edd10ee2
f8c617fd
0d16f8e7
0debb0b8
10c933f1
f001f7d3
ec063547
13f2241a
f4ffed1c
ef180ef4
0beb07d6
00f826f8
f6f5331e
36f0ee02
2ebb3437
042856f7
000d0f18
3af639ca
fbfcf206
2ee0e1e4
2ec4df0f
13b7dcf2
1a19a6a7
242119e9
f00d2701
12fc1726
d213060c
09d3dabd
1827effe
14ce17a5
f72601fc
faa632ff
0302fb03
08ff0056
0201daff
fb020102
0309010c
fc16df08
c61d2507
14fb19ea
18f65cc5
0de2140c
121d0a1c
2222ece5
0b0f0317
1bd5f41e
c4e901e4
f5d21e20
eac616ec
bdf28cec
e91bfd04
edcf342a
09010e12
0526e1f8
9fecf0bd
fff5f8ce
e322e9e5
fd0c06f0
3a23eeee
f2d51430
b5d31bf2
db0bfeeb
501d1def
491eda0d
eec23b15
f157f80e
fc2506e8
f915f50b
083d0cf9
32f102dc
092b06fb
0df8fb18
2510e31e
e87f5bfd
c90c023c
06030c29
221b02c3
20dcf31b
0b3013c3
e7ded91c
f02d2601
0e22a1f7
dad0030e
cddcce05
db14f1fa
18cee807
06fd3401
2408fbf7
18e60f27
16e415fc
f21202f5
fce42a0b
37003b05
c6fbf9de
26d3f9f8
e6dbffd8
41d8baf5
b0070eea
ef2afb18
3eee07d2
f6d4f0eb
fb22ec3c
e00b0020
230b03b8
1cd41f22
2ff2fa02
eb1107db
2bf8d133
0cccf4c4
f2f2f906
e6182e0f
08ee1130
efaecff9
150c4afc
2e16f2d6
3a00fefa
e7ffe619
e7f4fc12
3c15b9f3
f307f602
edadf215
fc55ea21
29e61707
131be7b7
39eebede
0bf42323
26f7f8fb
141c1a1a
ece9c606
fe54320e
d8e00703
cb14a900
ef36ebe0
10ee16fc
08110336
06eacd00
1be906eb
e02510f7
2d3508c4
dfefe13b
16ee2cc9
22f5f010
2cfffb32
e02e273f
1002e4fa
d6dbe234
22ff0127
150e1135
f02a11e9
fd090de3
12d9fa47
e8c3052e
e4f9d01d
25dee8dd
0afdff11
f0db1929
3c12f738
393fe3ed
21fbc310
f901c5fd
312e160e
0ee6030c
f8da0a13
fde610b3
cfe3f8f7
ef43233b
15c8fb4c
ced60efa
101c1a0e
0b00f4f4
d2f9fb29
65ecf504
0204232d
2f52f83e
3e011947
fefa1b06
2df0cae0
df39fb02
f3de0aea
deff6247
21de1614
1c08fdbf
e8fbf105
def2fdfb
003de3ed
3adf16f6
1e16fee2
1a0c3e21
2e1de13a
23fbea16
e8fbe511
4ccff6de
e13dd32c
fe0cc711
11e5cd15
0fb4f905
f31a3af4
51f41502
eaf1efe8
30ec009c
182505e7
fe4bff0b
330edcd9
f2ebf4dd
d81e12f7
d3e903f0
04dc0800
f0e60546
dfd2e7d9
02021bdb
a605f1fb
fcde0511
136409e8
f80a0304
0b11f310
e413e4d7
23172fe0
fef7263a
d0e123d5
3c3610e8
eddbb830
ffe10714
153917d9
b0141023
1dec0306
0a1200e2
4a0ef5ca
eaf7e200
ecdef8cd
2d13fc01
12fe7f24
3e371bd2
dbdc24f8
fe9315b2
b3f1c512
09ef1efe
17e30014
d4d8d5bb
ee17edf3
f0ebf701
24aed502
032bd7c8
f8b77f1d
08e579ed
f8dfab04
2f1bfcf0
041ecb0c
25e5fbcc
e71a2306
fc1f1eac
0b0e12ac
14d914e5
1422eb14
2bd2e1fe
d11cf7d3
d9f611fe
fed8c010
f8d8f3ed
17c42eec
2833f711
062eed0e
f532f9f0
04f70816
9008e8f6
ecf6e8f0
02a9c537
da22182c
4d1cdd1d
2be62b00
2304e90a
0bf111cb
de1bf504
50041c43
f9edfe4d
e6b0d32c
1d140c1f
0cd9f3d2
f1f014c9
f5bc01d2
24fa01fd
2b5021ec
10090016
bef1e819
2722c810
e011cc01
eee4f4e6
1abb0dee
e3f7e7c6
e408e0dd
fc1ee61e
04000be9
f603fa2a
f3e21019
fd00fa2c
b32801ee
ead2e42b
d1f719f8
fc0307c6
0d2b24ea
f84ab008
06d72208
13d9fe07
0891f117
07dee8de
1d19f6d7
fd40f665
dcebc611
efe2050c
f6f2d01a
feea042a
d40a1938
29fa003f
2ee7fe17
f6e50bed
1593fb72
15e203fd
0884e507
d3eeff07
02f4dff6
540912f2
31f5fde8
01e2f9d6
cbf6b6f9
1815f014
f3badfff
abe412ec
142e0da8
ed1812cb
ceef1af4
fef3fef2
e3f83711
da0ddb05
f7fcf342
0e0203fc
02b709e3
0923f1a2
2fd1e016
ffee24fe
4bfadf0b
f11c08df
fbfae9e0
2542042e
e603ef23
35fa106e
314cf1f2
faedf7bf
f3f10c03
db2fcbb4
fedd4cfa
f9effb1d
03ce1422
cdf42af6
02281f11
fc1613b2
e9e44a0b
2cceebee
0321c903
b1f6fbdc
e807fef1
f224fc00
fbc4efd9
020ff3dc
2e0f32eb
f924f245
ddf7f505
e105f7ed
ebdf2e01
39ef2321
a40c2803
0a061b01
e413e32f
d21c0fdf
f9db470b
f8d5fd05
cbbaf93e
5803fc31
113ec5d9
0f0418f7
eb331cc6
fa18e61a
0be703df
c401f64a
1cc0fe14
26d71813
fc0ffc1c
f904f7ec
42d7f1f8
fee1e62d
faebdf20
d42a0f19
39ee0ad9
bae71654
e31edaf8
ff11ebcb
19261708
efe22c04
280ba20f
e61d0239
1ffc09d9
fffb0316
c225c109
fd39e416
39f3dd1f
c029f7ca
0c33c446
5cec1804
11fb0a28
ed29010d
972c2c3a
f50bee07
790ce8ed
d3d5ed12
1b2e23e4
300f0013
ca1dea1b
eafdfc16
c5e9eefd
00fcf002
11ffca10
d50a0fe8
fdebce0a
695a0414
dfba08be
09f30f1f
e5df4204
f3d9f1d2
cee1f41a
0cdded24
1dcaed27
ed060ae3
f3bce806
0f22e7e0
2b2ede27
fffd2ef1
ed00e3ff
272313d5
e5e80312
0f0403fe
01fc13f2
120d11fc
28d2d502
02ff1f1c
a21402d8
d60514f0
fa11211a
ffbef9bf
d913140f
180dc00d
d7da0b04
00212c1e
5c0acac9
241be6e3
0df6bbe1
11e20719
0beb0afc
f419019b
0e17cd07
fed204df
d513d3e2
14f323f2
29140ded
f1fd0b07
15ed17e2
38f2f947
3d9a4603
fde81113
e103b1fb
fb1013de
00fc0ce4
bcf509dc
fd2c09e7
15182409
ebbe3522
feb102db
111fdeb7
d505da02
e8067fdf
da57f610
de280f1a
0cfc0319
f3f3160b
f3c4e3da
44be34e7
1bfad1fa
0fee32f6
f9e52400
cf03fbd5
dd24165a
f5eeb114
f903d727
e3f20de4
c1fa16d8
0701d51b
1819f1e6
2b29122a
0d6aebfb
f423f0fa
05eaffff
ccd9ee02
ff1117fc
f10613d5
820ee40b
f8e2050e
4dd6eafa
65e3c018
01f52737
d8ce0012
2f4c3004
010538fa
39b50aff
1bdaebe9
261ad5f7
0534e009
fe4cbbef
8dfd38dc
c929bd03
0341a63b
2a4104cb
26dcfe0b
2f091dc2
07220bfb
fef40d05
4e35095f
06bbcf28
f01ce108
370f0cfb
d2ecf1ed
c0f51434
fa3dcb12
fe112258
fa0cc561
12ddd904
eaf9050a
03fff6e3
0fef0621
b8f80a1f
0bbb2bf4
f31c45bf
07f3c2d2
3e321a04
d63e53f5
b6be11fe
c624fbd0
48d611f4
f6fafe02
01ff12e8
0f49baea
dc3a1045
d6cd2108
ade001fc
38aa3af4
36dd0333
0aa33b34
001f06f0
180101eb
3b02dbdd
28f3f8ed
11400029
f1acbd20
1e64f814
f26c18dc
f31d3333
4d324d0d
cddce7ee
dde8f81c
5026104c
230ce1f7
f3ca0dde
15921403
06e92ff7
2dd53a06
f81cf3e6
e60db4e5
ecf9fdbd
0dd8e97f
00fb19f4
081a40fb
fee3fb65
25002b05
4103eaa8
e43161af
1ecce4e4
3919135c
e70415ee
21081130
07231372
2a2e2aae
1bf6fad9
f1011a12
2d2b0908
0f1e1825
bdd8291c
fcff00f1
064de9c8
c232fc1c
da462d08
1d42bece
0542fa0c
14da05df
ec31e237
40f3a918
eefb04ee
9fb6e6ed
dfdccac3
14ba3235
17d9f9a2
e3251828
eb1efefd
2104260b
eee4de17
cfe002e5
e300c3eb
38dcf2c7
f925e8da
f51ef90c
16e5dd20
0cfc420b
3ce4fe07
f47f0e12
1bc44510
fe612b03
1d0b26f1
f230fe29
1a43e1ee
1bccff05
f7223310
30eaf4d4
e7082f0a
fb1d0127
03f5f700
d2c0fe29
c4db0703
59e6bede
00072459
fb2425b3
08f8cdc4
21fe2a50
bec909ee
f224f543
f5cfe8f2
d50ee7ce
06d30db4
a1183800
f0f12916
2e1e0cec
d72207ed
23140431
f8fd0efb
34f426eb
09fff7bd
d3062264
dec0f8f5
03d4fe49
bc07d4ee
0536f6ec
1f21e402
da1c20fb
fde2d918
ee2418c5
041c0725
ecdefb5b
fe271905
f606fbfa
d90f057f
0c0004f7
03e635c6
d80cbad8
330af3f8
2502eb13
0df60a0d
e1f2ecd9
04e511d8
35f0e4f9
1320e5ea
f7fbda25
fd01ea01
f603ec19
4adeff09
fd15ff18
1b14ecf7
e0e7e8f1
0922e54d
dfd91b1f
11dd0e1b
184617f0
15dd10ee
43e7f1ea
93d609df
11fdd2c9
f9fb1415
f50d2ef0
de041200
16f9f6cd
3106151f
d8000502
4a62e1c6
4bd12105
0533ce17
05fce3e6
fbef27e1
f91820d3
0ddaeff4
f5adfefe
c11bdc67
00ee580b
00ebe1fd
26470c37
f220f644
f64fe4d8
fd28f208
fd030a0c
e4e109e6
17e32115
042ad042
f9ead8cd
d3031d10
f5a82e3c
813001fb
2c001000
58d4e501
d21dde04
fae9fe40
18102de6
dc141709
050be8df
05ef13ed
c2fce51b
18d7e90d
03c6b610
fde6e6d2
cfdf2c1a
eff6cffb
12bf1225
29ec0112
e3eff5d1
e9241803
3fe0fabc
08f4f5f9
fdcd2203
70354809
1edbdf03
23f70be9
34630910
14eb06d6
5423fe0b
ebf1ed0d
fd412d0e
d3ec1ded
0b1105ee
314c1137
ff290213
fe0b0fba
a5d823fc
fd070708
2a1afc02
df0c0561
f547eecc
10e40cdc
e3020e28
29cfdf28
080620fe
f9b3e6b2
bf13bcdd
143cef17
ecf175d2
276a01fd
ff0ee940
4b00e83a
d4e30115
01b5ff57
3fbc0a55
0d1f069b
e8cdf905
d1e7ff13
08d3f9e7
0614f330
23f40c03
b82206fa
e9f9e507
f3dbfe32
ed1e2be4
2806fb0e
15bbf023
d9d8f93c
def7e0dd
01c700b0
dce5fae7
0fe02b10
16d528e9
2fed01d9
e5e12946
f8e81c0f
db012425
ff09163a
ca0efbde
df100cd8
de0330cf
2ccad717
eff023ce
bdf51008
1c1af417
fb4fcebf
10132fe4
030afcdb
03f52dff
11ebf517
fc0057fe
11f80005
fb08ff02
0b040811
0107070c
defffbf6
fc0a0401
0801e0ff
08d3e907
bb3cd42e
bdea2fee
00410feb
14c369e6
250e1c22
031b1320
f607e9f5
1d1c17df
e319221a
cae61f13
f716d632
cc42bad5
c1321533
121d15e0
2aea0d0f
e1200b1f
01230048
0bfa64f1
fcc7f917
31ef2c37
f8d9de20
0b0cf418
0c0619f5
24f210f9
7cf3f1d5
d7461cef
f9d01782
1bfaf41b
0f161e33
d6d803d2
36f4f716
07d7f8f1
e7effb1f
effdf5e1
09e80d1d
ea1606d1
f7dd16cd
030f0324
f62eeff2
002203f6
eae9d64a
58de1f18
d811e537
1008fef4
1e36f9b7
0c18fc3e
e3101728
d10b2057
edf92215
48de18f3
fa2d10d8
1710c3da
c40ae640
0105f5b4
030ae81d
04ff0100
fefe000b
04fa0203
7ffb0406
020501fd
fd0102f8
ff020000
0605fbfd
f01503b7
f0102e3d
0dfc07c5
f4e01ab7
6314e6d1
b3f2ee30
e51712ee
ea1201d8
fee61008
e9dbd90f
ebe3e3fd
ff12e20a
fa0acbe3
d4f71817
080a2611
e8f7fc04
fad323c2
edc6e61b
fc1e1901
fb37f418
f5e9cfe8
1325d405
e91dffd1
a80e120e
ed27e8fb
31f91bee
325bedea
f2e6fbd6
04111a38
0c47e9df
d16101f4
45cc0ddc
f3f34621
56e803e1
11ffcb15
f1f9c711
e20b2611
c9fb1ad8
1c2c3cd6
db8705e3
11af0ee1
e2f303fa
f9eae7f4
2ceffd08
2bec13cc
0ed1e502
f31a1e35
00f40b34
f1d2dcdf
69e90fd4
31332333
02e1cc41
00352309
151c1bf6
d9111941
ee39eff3
ead8172c
1201ef1d
c20ffef6
f635eedc
260af0ed
0cc90411
08e4141d
e9ee1ae7
19e9033d
edc311bf
2a11c4fe
03ee0027
eaf402f5
41f405ea
ccc80826
3cefef49
d2252110
fc05033d
fc1d1021
ff19f941
2dfeef09
12e60cda
df181801
001ff5ee
2c11fbf4
36fe38e9
d50a2802
03022153
0eeee809
ff210f1b
fd515ad6
fd2cf717
e52600d5
f328e62d
9f2f4627
fbdbfd40
41f3e206
19d504e7
df020fe3
3ce2ec1d
fb020220
d5fcebdd
0ae0e803
f814ef3b
f2f3e0c5
f61b32df
f1d20625
d6ef1218
fb0cecfe
fc320c20
152597f1
ff120603
0d07ee20
e0f30d19
df15b22a
fadc032e
3420f1e4
0ffc11ea
1e19f62c
01c8011a
1c2211f5
f6f641e5
04e80ae3
2edef304
d945f91f
1a1ae819
1afc26f0
030af420
0cc61a28
06e7f54b
f61b201e
051514fa
dd0a0305
d4efeafe
83bb0af2
04f918d7
f640d92c
d5e7c329
fc0be70b
250af51d
0000fa03
0a020004
fc06fcff
76020300
fefdfd03
080200f5
020400fe
fc0219fe
bd0901fe
010c3af2
c5f32bfa
fbe1fb0b
f311ba18
f818a2ff
fe40403a
0cf6f8e0
21eb1502
dfff08b2
0e472922
fbf0171c
10d013ec
d4152cba
1d0ddf0d
021810ea
1014ea27
0b280c23
2d3035ea
0424f9d6
010b0477
04ec1701
fc383628
18ff1cdf
2a0be729
1aefea03
0d05f5e6
fd05fdc8
e314da47
231e1bf2
f4eb09f9
fc0ef9e6
01dee40c
fc1a01fc
06fdf1fd
f237f6f2
dffbbbf3
ead2283a
e9f62eca
05e31b06
06ff0cf2
b0d002df
1b09e41f
fb15e99c
f16b3523
d9b6f420
0a2a04f0
d61dee18
05e7061e
250e06dc
1841fc20
0019ec20
01c8cef2
f3e8b0f8
00f96306
23400e00
f6f7ebf7
fe011686
1ddd1002
fef20912
1ffdf028
bae7ff27
18dd18f5
fdea1200
f2f31507
aa0c15c2
fcfde9f0
f727e30f
c6e54c9f
0bd5192a
05f1edef
c3e2f8e8
18f5e5fa
e2fcf201
c4e1e8f3
fa021908
3af2191d
f2de5d05
0cdbbe1e
d21af6d9
fb00d506
10ff01fb
0101ff00
09fd0e16
04fa020b
d7fefb24
5c0100ff
02fa4305
1cc6d5fd
c70f22eb
04eadc02
02db0900
e9ea0ccf
08084ffd
d4ffff1b
25cbed1d
14f40a22
45e80bc7
15ead606
ff160d01
020805ff
f3fcebc2
f8f228e2
1e391506
0522e8cc
ba43f4d0
1ef6e6fc
f721ffd2
13d2dffa
fe2b02f6
fe06f7e3
0526fc26
072dedcc
0de62115
e2fbd5df
fbce0a1b
ccfc39d0
0eff120c
2f0aeef4
3eeb15e9
1d561425
e352ebf7
0600d7e7
042911e1
0f2ef3e0
c6060334
052ec8f4
e3130009
e0220a11
f02207ed
f2fd08e8
fed911e2
d12ebbc3
de18ebd4
d40ea201
1324f9f9
13fc012e
dce1f7b2
271f0d11
fe0b17c1
de2d1106
da2cdcf6
0fd4f7ca
f5f2092f
f6c6fefc
03dcd623
0beb1010
08d8e217
fb2ad125
acf4b820
20db12ff
d6ebf00c
e418fbfd
efc42a13
f1b7a6c3
e7f046df
bf2c4b15
02d8f613
19c1aaf0
df5b0508
fa310bde
f3e1ec0c
be3415f9
f6fef5bc
f015e7e6
daebdbfd
e944c220
1e50eedb
0837f7f8
df170aa5
e50333fe
fb5f04c4
c0f11b1d
1a16eef6
04aebedb
dcf60b12
2c112ad4
59f9fc08
05e1f8ec
02f62d06
09df1229
e9f3c02d
111311f3
edff0a08
ec44fdcf
ff34e708
f91524eb
0228b640
dbedc053
e9f8fb0f
ff01fbe6
07fa070c
07c9ec48
e4f01a5c
02e074bc
fbeea348
f0bb99aa
b40c18ea
e22f7de3
3aa6f13f
cf22f664
eec51937
f6fa2d0f
032426b5
dcd03827
12f620e0
f5f705fa
1a18ff02
c0e111c5
df550523
a8088f7f
00cd7f60
7f3a292c
4f7f2c3a
0140352a
c613e9d1
060e0358
01d2013f
b61d28f8
fdcff204
c521e0e8
faf3240e
21000ff0
e91514e5
1ad5f0c6
123cde23
590ab8dc
fa1e1add
721169fc
eb0810d8
0192f60e
f0d90cf5
030ce5d5
e2141821
3cf33ee9
0110ee15
00053427
d8f05f25
f754ec16
cfeafb3b
1b091008
e7daec4a
3e0ed6c0
f6051dd1
0d0cf624
fe27d443
15140b1e
fce408e9
1ddae7d4
06dceb36
eb0b23fb
ef032421
e3da20f8
f808112d
e522f80a
0613ef2d
ee2d09ef
efe8f2ef
f4f62f16
f515ecc9
1b5c4649
f7d92f21
1a1312f0
32d9f2c8
fb1319e6
141bf813
0104dd0b
fe25e3f1
fb050c9b
0def3007
030f00fc
04e911f0
cc1fe22e
070ad30e
3de83a00
05e009f4
edd6d21b
eb92d025
ed0b0711
ff03e604
d5b9fb0f
bbd8f725
25ed0df4
091a16f4
51eff8af
e921d32e
1201ef04
c6e10025
0222f6d4
11ffdb02
2715c2db
f5c60ddb
e4e52c3d
e90c1807
01070722
c9f4ed32
f2e70f30
f50d2e34
f1f2e1fb
f99712ec
06dcc71a
13d4fcb8
18e229ec
0008001f
df08062d
d1e0ef0b
0407da2a
04dffa54
b3c33bfc
39ec2cd3
15fad202
1323fe1f
edf3f7ea
01ee05b7
d3f41df6
fa49f3f7
014614dd
ec61fbf0
f318c40f
e8d4fe04
252d000b
1efdf549
98c7e404
fdfc023e
dcfad6b6
a838c512
0403f211
46c3130e
fd1ae916
da191bf6
f0feefd9
03401b04
20dfe321
f51b06fe
04c909ef
02fbe505
f7d419be
f8f50511
061207ff
fde5101b
f1363adf
f50d6bfb
05b601f3
c703ff17
110c0324
310bfeb9
f7d90af5
f704e6be
d23fa144
0c050805
f433f7fb
f5fa010d
f5191e00
b4cc29c6
e3e0b5f8
00212fcd
f75a28ee
efca0df9
e52635e8
191aea2f
0009ec2f
e906d9f0
0827e41c
fd0f12e3
2bdf1b34
fc0002dc
031520c7
dbecfa19
f5cd0d12
18d0e7f9
b7abff06
fb1f12f9
290b2bdd
01f5d7f7
efecfbeb
21e3e9e4
df270101
fbf62ad2
721ceb21
ff1101b6
fcbf0d98
0ddb3423
263d4202
31e40b04
1fe9fa2a
191e20f7
f6f6edf0
f431060f
0c121a34
04162dee
e0100f16
db0ae5f2
fbf01cfe
12f3e20c
05f5070e
f918e41a
e31f2346
c3f90125
ee2109e3
0ac0f9dd
5f11da25
f708de02
1f07f1f0
fef6dff3
fac7e5cc
f5f2220f
1703cfa8
2a0217f6
4ed40619
e7f3201a
e8f0c7fc
ffd6f339
3ebd38f6
08ced0e6
d7bef901
c8fde1f6
0025064c
3c04ee15
a61cc70d
04efecec
3af51d2e
c1dacc29
ff2df224
cfce060e
f6080df7
e3bdf1ef
fbde0a0a
010c2ae7
282502c1
e71ef9e5
09e31205
050104ee
1717f2fe
18c4d800
49f922f9
fedc14fb
0ed21029
140b2ee4
fb26f3ff
e5f6040c
21170405
f01619a1
e7ed28e3
0f46f811
591248c9
f200dd39
052af702
2c6907e2
f61aef1f
02c6d8f7
f50b0720
fce9f3d3
fcc9a6fc
c8e113ce
fe4b2822
1703e70f
1aca0b52
3efe18f8
ddfdd4f2
fb211619
19fcdde0
1ff325f4
070820fe
22110ce8
484efa16
01e2e104
c5cc17e5
f9f0f23c
65fc090f
012fe8fd
1d181fed
f4e70207
fee3fdd0
1a0efb29
cee3d2d2
f7ee0948
bdb01b0e
fe09ad2f
f7153df6
1e10fe2f
18c70611
c4180337
f522141a
fd1dfcb0
35f830bb
bb1db502
27ee2ce4
feeee8e4
eb0df2fa
24f80ef9
f8f7c5f9
f8fff252
e1cf02ed
eb0d080c
f93d31ad
defcf311
3216f729
f425f724
0b24adf0
0cf4cfbd
392e0dcd
dcfb100d
0f26ab08
35e8fa21
130cdeb6
0e20f5c2
2dfff2f7
fdf7fe06
0c410e00
fb22e3d9
eaaf2012
df41052b
dae91624
d7bd2df9
d8ebd624
fcd34257
0b01f32e
fcecd4df
02a5d406
11d1dbf2
f9c307fb
e73f2ae1
2606df11
ff07ff26
c6d2e4d8
08dab4db
134f20fb
c6d404d5
f50f0bfc
fb01ef1c
1302c522
000fd1f1
35e91513
b6d0dc17
041ff5fa
ee160a11
cde4cb0b
bfeaf5d1
2e3eccd9
f7e71209
1729d820
2c03eb16
f42b0f35
e6351311
39f72de3
15ccfb15
f9ff14ea
ea092216
14ffdf0b
fffe250c
dcd613fb
fc15f715
eefd075c
20e13cfb
0cdf3119
fdf1e48a
051541d1
0316f206
0b03e82d
1c0d07fc
f611f4ef
20f32923
2115dc0b
f90df91b
f4d9e1ee
e1fe1de4
e5062be6
f319fa2d
062e031b
e226fef2
172330dd
fdfdf0e2
d2031e17
1d0b1020
fcd7dc1e
1941e701
e512f810
0cf7fe6b
f03b3b0c
f617fde4
f8e5eaea
e0022624
e02e15d7
2af9e4f1
f329ff03
424c143b
492a2801
fef6dc31
201a00ff
1ec6f80f
0d3207f1
1bd91af7
d00d0e11
f60ff704
0ffcec05
fe180713
1016d5d1
fe07fc0f
0ffe23f6
0d00fa32
d72afded
0ff4080b
fc251beb
044602d5
f23db92b
e7f8282c
0013ff0c
b70805f3
13bcf7a1
38140be3
d504e72a
0328ccb5
1aef34d2
07ee2ecf
00e90d0c
e5fff9f3
f4d1cbc9
dd17bd06
c412edf7
fe14e799
292a06c9
38e90e7f
163a2431
200cfed1
e9f9ef1c
03f9e701
17d40bef
0439febf
50091e57
eddcf301
e6d813e9
c62b022d
2f0bf0f9
c8510429
331f3bcf
033149e1
58dedf0f
fd2c09d4
15c7de51
cc4308fe
1f040d28
dbe0fce3
d5e6e5e2
0839e0e3
0f0e39f4
2bd9ebb9
332fdfee
24f812c6
5efe24ba
00f826ee
f4fc1cbc
ffede2e3
105beaeb
eac9dd48
19f6dbe7
e91bff28
2edbf0ba
fd44fc0b
0a0b2028
090019df
18f7206a
eb26ebf3
ebf2fbe0
02fcfe06
f0ca0625
efcc1030
f819ef44
04c8caaf
0ef1ec55
eae5dc13
021e1136
2021fac9
fd0504f8
dceafb14
2633fc1c
051f0b52
2ffcd118
17b6faf4
eae0e80f
ccbbfe22
ff0dd305
2e172fe3
2f455b1e
fc00f902
f3f325f9
15d6ec12
e6f00def
0abff513
d9d305ff
d3db2527
0b27f321
faf20936
3d0f3915
f13a0ff2
38210dd0
f133fcd1
061e0904
050f080a
e219fff8
02f71ae6
05f62710
e7faddff
fcf0ed16
0ae0fae2
08faf713
fce5131a
1c380c17
00e0caf6
160db8b5
c1f52121
e9f3eaf5
4811e9d5
302f1f0b
0cf1200d
32ef1af3
ffe30d29
4ccd0e06
1cfd2800
fdcdebf2
16b4d50a
34ed1e26
b8d6f828
fda308fd
fd7fd262
1cbaa0f2
0a37ff4e
eef5c0f9
0c81de23
e8e21505
b61d12d5
e90009e7
faf1de1a
02081fec
7fffeec1
0f1719f3
e804f704
d0f40e1f
18eaf12f
31500d22
00fcb247
9f312c0e
9602380a
1ee4e8dd
e2fc091a
1c41f417
5b190522
151a3713
f9dee91a
e5d2f5e9
13e3030b
1fe8e8fd
c12c19ef
19cd0dcc
aaf1fc05
f90dd7f0
f9530de9
11e519cf
1a0feeeb
1ff80501
39011bd3
e0090200
1eec0be0
f6f9e5f5
0017dece
57faeddb
05ce3933
03f8ff16
2406fc01
f5baf21e
2d34f635
a7fc6011
f4af1a0c
ed07ba28
203cebc4
f7ded7cf
e21b061e
deeb06d9
fd1a0b22
2fca021e
f7e311ac
3be7d5d9
0c3bf4ef
07092716
d610f93d
f905e422
09fc4504
040fd3da
ffde2445
50fef222
0c2e2903
e14d483d
1bd804d7
0c1d010a
ed261101
31de0f13
f91d19fb
ac1bb258
cc311429
015a27e6
0d20f93a
2126efc5
c30515db
273404fd
06ed048e
0afc08d9
57dbfde5
fd06d42e
1d1105fd
11f9f8cc
fbfc060b
150444fe
00e4ee10
fa2bd922
02d2c0df
0bd5f8f2
f5fceb1a
011311e9
363a3cdd
05dc15ec
03f7fe83
0824070c
f0e1ed34
23f7a6ff
321a0e08
e21f0310
eb1c121e
acff44cf
f1e6ef0f
20ebf1fe
f1eff4fd
f2cadbf0
53f8f8c4
2345132e
a4cce4ce
1134f30d
fd19fd31
01f70715
3c112623
f1f2ceaa
5ee61427
fb032e03
db0b0009
f9fdff03
fad305f9
f908061c
e30407fb
cbf8fcf8
fbf84efa
eb15e5a6
da0934e7
066d3003
0af5ff16
f912e842
0fe60740
059f1f09
cefbf1f7
0f07dcd1
e805e6d8
d4fc1900
ff2e0bfe
f9dcd70d
042dfdfb
ec03ebf2
bc0af1ec
dadb0f40
3c17cf71
81e8e4d9
ff1e0dd2
e8f2104d
fb02fd36
dd11b9e1
673af4cb
f30a0148
e1a10ff2
3c0705ec
eae5f0f2
0dc96127
2517e146
f4e8e6f0
05a2d804
15e800be
5dd42e11
172822be
061a090e
e53c0b37
110bfae5
faf2a733
e4f3fff8
043c00e4
e7f3d51e
e3e21e1f
08c0fec8
42e140d1
29e6d210
0ffdf606
d017f613
2a3effd6
b8bcdf39
1f183c0f
f9181beb
c9062ed0
150618d6
07150d17
082106df
1e39ffe1
f6ef3428
1bd6ff1f
01e6fdf8
1b440175
f2e81fec
17f73f42
0ffcede7
1609ccaf
1aef3524
da0735db
f5122cd3
dd1600cb
27ebfdf2
cf2e0444
0e19f203
2eb5e8f1
defa0ef2
daebfa0f
f413f704
c109eeff
f31d3625
09e8e7e7
dbfd08e2
022eef12
1cd2f4fc
cdccbee6
fa03ebe6
e618060e
f600193d
d52db856
1f1bee03
b0031a01
f0d435d5
fb814503
002e00f7
92ecfce9
04ba2941
10bb1024
372d1cdc
1d2e1112
0c03061d
fae9cfd9
001b0e40
e4414eb4
e70aa143
dca0ffd6
03db0c52
e117f022
2eefff0a
12d407f9
03d2c8cc
4c030c25
fc0b11bb
11e22de7
d8d6e6dd
f71b081d
3220fff2
05163811
00a5f4b2
e3ee95ec
f04ce6df
1bb7203a
c9b9eede
1b04e62f
d828ebc2
bc0d19e3
041224eb
d8dcd924
b9290cef
df0c44bf
0ef3f4e8
fbfce208
29d3f515
f5e6f00b
fe001e69
46f467f0
2a4d0fcc
d9f8f0bd
0a07fdeb
f4dcfa07
eff506eb
afef3716
f2d50a5e
0cfc17e5
27f93100
fc72e9f4
bd0212f3
08deee24
fe35d0d6
4127d7f6
f3ce0624
e207d30f
1d14e21e
09b3ee0e
1bd10f0b
012901ec
e9de07f4
2c29fbff
0033d14c
fbfefd04
49e9091c
3714ef03
071221fa
19f0fad7
45eabc52
ecef1dfb
e7f3f2f7
060acdf1
f7cffc10
e6e10305
29fcff03
0c13f7e4
dc1d280e
f6c51819
10cd05ea
3facfa11
236232d9
160b29f2
0c21f109
e5d101ca
d2dae615
cbe61908
0220d9ef
19c2de3d
0ee71cbf
060c2314
c1eb010e
230f07e8
c4291561
d72fdc13
fd14f9f1
3d41d4fa
e30df21d
031ddf18
df1802f8
1bedf92a
aed1ecfd
c9efbb03
f9c6205d
03b104d2
420060d1
e8bb0b2b
0338e607
200b0eb5
0101ef05
3ac337fc
f9060913
e6dce514
ed221835
d407d850
373d00ea
c7f30c51
dcf90b26
62a2e001
ea0b0c71
f39dfceb
01f6ea1d
fc5bf8a6
b9e01e02
13222613
3315e324
f1f3040f
3020eb02
310007f3
f854e01d
33f2eef9
dc2c0448
0af9fa13
247e0bfa
c3df1f46
edf71112
27020d22
08f2da01
3c3656d5
0ee3f7ea
15d5e2e6
47dceb36
1a0e2100
25eb0721
f0ebf62b
16072ae6
f4dc07f2
4bf006f2
81ca1ea1
7fe400e7
a4362323
e4aec74a
3a71f1b6
5ffe41d3
7f21efd9
9d01fff8
d2bbf540
f7ce11f7
1cba4c5d
f908d8b5
f6347c06
6cdbf353
ea8fa27f
dd6c011c
c8cd0d37
01f302bb
27c3b5f1
f5ae1547
d3b1d907
13f70e03
e625ccf1
bd99e8cd
e1d7f2ed
cbfc5707
fdeac6f3
04fce5bb
fb20c818
fe4d2f02
ffcf6614
b22e03f9
dded01f0
c2d8f32b
a4d838ec
03c1212b
11d01610
f7f6f9da
e60f1b48
2cb3030b
2ef4331b
0f03d355
48c51f44
0f07f2cd
dfdbfab5
2a03e9f8
3e0e1e1b
062ef103
1608e7bc
31ee3343
e5f90af1
120bde47
fdf4bed9
d0180122
0de34ff2
de1216f6
20dff111
2eea03e7
fb6c16d9
faa5f50b
f400dfa8
0113d832
ee27c9f7
012e05f4
d310049f
c6f02cf3
b0d8ad4b
f0f900bc
05f910ed
fb04f2b7
e827ea13
351d07e9
bd1f0d29
ff32daca
f7f50100
f70007f6
16ff8bd4
28dcbce9
d905e219
6448f531
13fe02f0
693abe02
3c1de5cd
01f30960
9ddb1a49
e3fed1f8
ec26d2f8
f51ffce4
ff06ef25
56befb02
4b23a323
feff3100
d765eada
1cf0e8c4
f02b2927
c7cbefcf
d818fad3
250d1e27
9f68fae2
14eb4eb5
04dd9a2f
f03257f4
2bd6e9e0
1ccc0c0c
ffbd0134
17f211d3
43f31415
de310ddd
1c0a1830
f21e7fdf
040c20f1
02c5eaeb
0b211985
7ae0afd2
3f29f21a
fecb213d
e72000a8
ed13f30d
05e917ea
35d105f1
3eda09d2
10d70320
59071de7
01fcf6fc
0519f135
f417f601
09e2cb07
48d3fdd8
25faf9ec
b1c414f2
0cefee05
f50e1406
d8c4e1df
1402f707
0afc21fd
fb0105ff
13d0f613
e4e603ef
dafd161d
00c5fde4
f803fc11
e2e2ed1b
0df4c3f9
d7bae7ed
f4fbf20f
00e0fa02
bbf8103a
e3f81516
1cfe3c0c
2d15d91f
ece519f4
002a0af7
f4080df0
c9fcf7c9
41133ef5
e110e842
f02b1e0f
f500fb00
09b2d930
19080811
f2b3f113
df39eb17
d6e90d0e
fcf708d3
dcba00e9
d9e2c842
f5e3e9b9
3013f7e7
013723f3
39e7edfd
fbc83204
f31428ef
ed3b1827
f9d8dd40
ee140ee0
de2707e3
df3edc32
9a10f9f1
1c09d1d8
fe2b2959
f4053403
9b160df3
de12021b
fee80ce6
f67af54b
1bf0f055
d223f3e4
020ceee2
0e02cd1e
d5c8b424
002cc1fc
cc3ffa00
25f313ee
f70cf80d
e50a041f
fbfdf6ef
f505f30e
e2f3e133
2617e91f
fb0c07f8
49120100
e1601b2e
1804fe0b
f00ecdd1
0729f21b
f60cde14
f7d5f801
f71dfcfb
eb22cf0b
d30f152c
f0e41d07
2d220536
eef80afb
24d5091f
04141eec
be0d1d12
3823e0e2
cef902f3
efde1efd
05c60cb6
37300a36
fbff1118
ec26d501
1e12ff06
ffcf3917
16efdbd5
ededfdf3
041adf30
fde8d91d
d2460bd6
ddf22b2b
18c7dc2f
f0be0aed
290ee2ef
071fd4d3
062cfeef
e61b2c56
2e54240f
12d533d3
041402fd
deff05ed
c83c1c1f
1bf012ea
f7cae2f1
d7145930
e8e309e3
0cf1142d
f6e1e509
000be604
36e9eab7
2106e20e
e51d0637
f001f5f5
ff300efa
fedcf622
15f5060d
df39ebe0
85021827
190e38eb
fdfaf995
3ce4da21
ee0e2bf5
3214e0f0
5c08e505
fe0014ff
13fefe00
030102fc
0d05fa0f
fffffffb
f904fe0d
1307fb03
0403e401
0bea17e1
47fbf3a8
ebc14721
0d36ef3b
f3191049
11c911dd
f808f120
2af9d9f0
23d303ea
38f0131c
0626ffff
04e5c2f6
3601f2e8
3516f026
d709ecfc
07f2020b
caf814df
fee3f29d
fdf40be6
0e491f52
fefe18f8
11f6e510
edeef5f9
dc18f4e9
0a2be81e
2f13f90f
330616e4
ed0bd63e
0f1deb21
0afcffe1
ff1def15
11021a0d
520a092e
03f6d829
e60b00e8
feeefddf
e241d849
d6d7e524
120109f6
df2303fd
081bf402
e81e0de8
f6f615fa
e80c0901
ffdf2f05
2de4ec1b
1009f2f8
07ff0bf3
5214e732
b8b618be
df38ed0c
feda1ec3
e50f30e5
f9fdf414
e12bf610
9d15f317
2408f0ca
2801f031
e801e114
f9f0ea23
e7f701c0
4d0814cc
19bcf408
f7ea1af2
0ec01beb
d63914ff
f41128ea
010d1330
0f473bab
c7b90232
ffec0c21
2623fcce
f010fed5
fdd003b4
ac07e3ea
05d0210e
d8f75106
12dff7d0
0cf5c0f7
fa09171e
09f5f631
deb1ecd4
02e1fdf2
fde5ff38
15fcddba
17f9ef06
0002c72d
1b2ff212
fdc9fb02
03201cec
3f071cef
fbdd3809
280025cd
26f6b2f8
18f3c7db
f7bae8f2
100d0fea
f311f21b
324333d8
fe071001
44dd2d2d
15a7262d
f2aa530e
c0270d16
e706fef6
d0f3ccfd
07ea23e3
011a01f5
f21713fa
04f5df17
ea42cce6
de2fe9fd
f1fe0852
e5ff07eb
cff70af8
01f64505
020795e1
d7f3effc
ec02ec09
2d16efca
0822fd2d
18f423db
dedcb315
ffff0413
041100ee
191cdfe2
f9f3f936
3109f913
fd091304
25ef0307
0512fff9
f6131707
fcf41216
ec00fdf3
3e0b000b
0808ca0b
21e608ca
ef12e2f1
2230db06
071df52f
1114b41d
e2d3ef0a
1606e611
da1e1117
0bc8fce0
0bec0cae
19d707ef
ff091cda
000d091d
e04ae9cb
e1203014
0706f800
567f0ffa
00faf838
31290829
01c008ef
e116e630
06a1a22b
fcbdfbf2
dadafdc7
f71f18ee
eddaebec
3c1ce91e
fff8e5a7
3ad1eeee
f4c8f510
241a21c7
25fafafe
b31716e5
dee115c3
4418cfd9
1309ffd5
d0bc582e
22165fa9
fc810a0b
4890f3f8
f406f2c9
04f4ed43
290112f7
ea2bf0fe
1718e80f
050b0420
0511fe13
10240de8
f604c2fb
f519080e
20e2a510
0317f6f1
02e1d7d5
3d0bc4bd
f1f6db16
13070619
2d11fa04
1e29023d
03ead6f5
fd050ee4
97dcdd08
ffed3603
f839e10e
e301f615
f9d1e1f7
f5230810
23d9e7f4
030e0924
001bc8b8
f820f80d
e1f0c8d7
f0fad0fa
030912e9
1d2ce620
fdfbebd0
fceee6e4
e3fee7fa
18ed1e0b
0411f5ed
0c110f21
f415e2ff
3528e19a
02d1b7ed
07e72c15
e3ecf62e
0807e690
dbd5fe06
ed14e5fb
23ac1af6
d561dadb
e71b30e5
001a2ae4
c721f443
30f2e6d3
051703f5
f70700eb
21370de9
243b31f3
f8ff4f27
f422f4fc
48f3face
da08f3dd
0edc39fa
074411ee
0910dd26
45012adf
06192df0
ec07d1ea
0d1730f7
fcf603ec
e7e01d2c
d30e0ef4
15421510
dcee28fb
ee47d5bf
fe1401c5
d03d62f6
fef6e7f3
18fbbae5
e2320409
e3fcff08
e11f0022
ce0a1329
00d522c6
1b2c02e8
10d10621
1616021b
eb8bf946
0d1b0d34
40f8e20c
4d131112
03eb0feb
b0de4df4
080a10c1
0b1a421a
e61afaf9
07fd0cb5
0a01fbe3
23daecf6
ffd8f306
c30841f2
dae4ecf1
060509fb
13f8110f
e4e6dde1
df34dfd3
2af5adec
06041cba
3edf50c0
2bdb2def
d2e22403
2515f602
1e23f80c
19f81750
d410eb00
fbf0eb20
d0033111
34e8f517
e3e4fdfc
df0ff5eb
d63a0b95
95fe1304
24e0e813
02d241f8
e5d662f6
4f09c2ce
0f16103f
cd31027f
0328e8d3
010f26f6
4205eaf2
ff282abe
40371cbe
1428f0be
e70fcd38
fde8070c
0c4ef1c2
14f403d5
d1f418df
fb36eef8
bbf0d0d5
fa192d2d
1badf033
281905f9
d40ce5da
f6e31713
35c50b0c
02e809ea
efb71700
f60cf706
fc370aed
dc18ffea
b54b0ae1
d9eff836
05eb2ee0
fe08102b
fdf244f7
c42823fa
c8190ad0
3eebe92c
1edb1215
f2051ac7
dc0a18ea
f9ee0034
d9ef0ff7
26ee17e7
fef72e1b
fce2fa21
33e60329
e7dd37db
0e2bd712
fc06f707
28eeb01d
fef3ee19
0b342408
f6e104eb
25ef06f4
24f9f4d5
fbf61200
01ff04f1
fc1bedd7
16264c10
0af1ed14
e6060af8
0220f3ba
4713f1fb
ab2de914
fbf5f5b1
d7fd30e1
05e3cff7
080be1e5
fccbf8f9
bcfaf2f7
0f1d2bfa
23e6e31b
1acd2d4a
eb8b3ee7
d72c84f4
e4d91603
0735014e
0ae5051c
defe07f5
ee2008e4
feede51b
1961015b
04f9d700
04d91fe9
41dbfe0a
0bf5df08
0cf53ce2
ebd8d1fe
f9eb0027
1de601ef
04fe0ff8
e51338fa
0e11ffe7
530b0927
44fafffa
1800ea2f
fff20ce8
1f20fc08
0016080b
d617db07
cf42f9f6
11ed0bf7
05faf52e
c6d5bb13
fc310603
36e12920
122b01f8
0c1c1b3b
08f60d18
d6e10c0f
053a244e
26d8cfda
081ff743
4226fb2c
06f6fbf9
23c535fc
fb3c14ca
ed3a0a20
08d52314
39cc36c0
05f3df08
170521d3
c614d7d7
f7efec02
e2b90216
3405fedf
e117e571
f2f91dec
fae3ffe2
c71df01f
07ee210a
1aa2b610
23e21d14
09efe608
28d1ed0c
bbcc0219
03d70b1c
fd0eff19
d001f8c5
f1b2aaef
e3420a00
f3db1331
2f1820fe
f715d8ee
ff4916b5
d504120b
12f2f338
08f604ee
e3c501f4
0afa18dd
e0f8ed09
0c2a241b
f91ff055
0020bbcf
f8e50af7
ff1bd811
e1f6f82e
df050619
ec1fe2cc
340ef90b
05260eb8
fae590dc
0ef8eccc
f0c2b6e6
ff15e700
e314e9c2
3b1a0931
032b22fa
0cd82edc
1d18fbf6
2c37bdd6
fa05d14d
0ded1418
1eddf5a5
010bdefb
17f9ff12
12cc2062
d6045200
fbf4e0d2
e9f121e6
04fc06f5
f2d7e61d
85aef1b3
30f91423
05c71d33
ec0711cb
0c29fc1c
f705f2ac
300b1afb
1ffcf317
12071044
aae110df
fcc60781
e15614e1
f321fd1a
3c47dae9
f5fb16f8
d8050607
32a90e34
1406ca53
06bbc025
f9c9d731
410f0cd4
02790043
0b020302
0f070224
d1fb280c
c010e9e1
000a0308
fc1805b8
f2cdfb15
0de2ff04
f3070f25
08151f10
03ee0fbc
fb18eb0d
fd3245c0
ef1113d2
d21438f9
0422bdca
ef2d090a
14da10db
03190321
e9fccefe
fd030cc8
21005cd3
38f409fb
1d2930f7
1bef08fe
07d513f4
1e00fd00
f6f703ec
080e02e1
e109cee9
07c10a4b
eef803d6
1419f0f5
ff060040
182544e0
ef04ec3b
ffdaf62a
c61b0fe9
1bddeffe
f736c60d
f9080125
ebf3fb2f
2700e2f6
870f1720
fc05e45e
15da9a2c
2a32fbc0
dcdd1bee
142002d9
07d6f317
eb18001f
20d4e0e2
f8ff1f2d
02fcf54b
0ff626f3
f409e5f8
1836eed9
08e02926
cf1bc6f3
502039fc
0b29fea4
cefcca1f
f2feef17
02fdf0a5
dbec07e6
e9fbead0
0844f41e
d903990f
0515b005
2fb830e7
16dd2b04
0343d9cf
f10bfcca
e50f02d9
3ab3e2c9
12d1dce9
080bf5bd
08f2d17f
1024f1f1
21320cd6
0f3a1ae4
0922d1f1
010b09d4
baf6f122
f92bd918
0d26fbf7
35f1e223
0ad20ffa
e3d61e1b
ff23e61a
273681bc
0b20b5e3
f9a3edc9
6506c607
f6df2ffa
0e16fd0e
b9490bad
2fe90312
0f3b0e10
2c34b7eb
ff13ff05
42f03603
fe06dfeb
e00a05fe
310cee00
f4400c26
db7ff411
2629321f
0657dee9
253617f1
c1dd361b
109f0cf5
0bf61109
18d61004
e6f1d107
eb17f817
fff30194
0af1f63e
eb1afaf3
fe330540
2bf40929
d930df05
29ffdcfa
0bf3d613
fcd207f5
cee800de
1fffd0d7
0cef24e8
cf0ffd02
04ee122c
1001dd1a
e7f4cfd3
fb0e0635
b12f7d9d
60371cee
0ad1ca0f
46230605
c03a1011
34e8e5d4
1fd7d1ed
feec40ce
f03fac1b
fed6d7fa
ec151df4
d50cfa53
1e18faf8
09d40cda
d637e8ea
fbdfd540
1af84303
daec1de7
0400eee6
11de03ee
dcf60736
ff0108e7
deea19f5
fcf1f2a3
13ee9745
f2eaf5c6
f39f091b
00e8db07
29f3f621
e6f51705
e9d40d1b
fc20033a
edf2c0e4
fbe2cceb
fd03f61f
eee60af3
e302dece
2e0fd3e8
d32ce43a
fbc90b1f
f6fe1f2f
11c757c1
01ee02fd
350effe4
fd44e9b2
20c5b847
dbee81df
fb18c9f0
e4def6f2
19def4d8
d8d724f7
1ed6fe09
0c43f9f9
0839e63b
f6dc1a26
fff8f2cd
e3d616f0
2ee9e8d6
05151efd
e2d32508
f6d2fcd6
d4fc0dfa
f020fcfc
fd32f3f7
40dee3fe
ff00f4f5
104a0500
e9fb1013
0720dcf7
e2e3fff4
e4221f1f
01f3f8ef
fa04ea3c
12fb0dee
c5e807f1
fef4d0e9
25eeffec
e1f716eb
f5fdecf6
fbdc1bb0
e7f7dfff
f6eb34ff
ed3d0607
2146f9f5
01fe21f6
18fd03ff
fc0c0606
fa0c0512
faf7ff06
04ff01df
e408010d
05fe7ffc
0bd9e0e4
23f3010d
d9b9c9d9
000009f1
c1075965
e4f70c09
ef3549e3
f4d5f319
0f13fde2
cee0b5f1
23eceaf2
fb19f1d8
ca0315e2
e808e6f9
f60e2f0c
f120fc09
1e15e012
2114f7c0
eb07190b
010ef6ea
03e029c7
fb4c45e9
04171deb
1529ffe0
08e4f403
00f4ffe3
4431ea30
ff12d5d7
120f2408
f7140206
0f0909d9
0ebb03d7
e20ef60e
27f52e02
96f101fe
fb290030
f2ef0b06
0fc8120d
13020e26
e20b16fd
fab4fe05
08ef1821
ccf82804
ffedeeeb
e416141a
edfe21f0
2004f6ef
f6bcef02
0d0e0d0c
26fc0f03
0113f0f9
07353106
f9dff536
e6f6ff2e
f01d112a
153105fb
f6fde826
26dbd3ef
1ceb230d
020e10ed
070328d1
0dfd3f08
de056713
f4fbfb0b
ec3107e0
2303dbdc
d90ed02e
fef3ff0b
f909fa09
f2ebe7d5
01ff11f2
20ea0e14
ffb7e82f
fd040702
150e010f
fe3324ca
d9074bfb
f0213efa
0c45b7df
12ee2717
065f0224
3b290617
0922d022
feecea04
0f17dd0f
b7d7291a
f83ce3db
08f705f7
080df6f8
e7f43432
ef08c901
fe2732ef
24cf4bc4
f6fae633
fd31c9d7
0af6fee6
ecee091b
f94637c5
0b39331f
fbeaf2e2
2f254ec7
e1deccff
122afbdd
cd10f706
3e271739
cf010af7
e809e10b
0b17b9f0
d075f4e8
f01ff314
f2e7bf03
1b0a1107
de1812d8
2e0c1900
fe0bb821
0202f95e
12e0afd4
1ce31ff7
08caecdc
4c0d0509
aa05f70d
3408f410
fe26da37
0402f249
e2c5182d
e7dbcf1a
fcdf22df
c2f901db
19ce0027
12f8eadd
0b050e1a
000a05e4
b538022f
1bfa3213
0c1103d6
35110bff
f6570c16
13090cda
d7ed0ddc
ea0b0cf0
d65bce3a
fdfaee1c
2a18f1e3
28f81f15
f9e10205
210bf0e4
1ee00fef
fef207eb
d31fd9d6
16e7ef33
0722f6f3
fd0a11f8
07f2c6e7
ffbd20e1
19eb03f8
32fdeff9
fc083d46
df1719db
4cbb02ed
cdffe004
ccc3f6eb
f512f7e7
14fd0635
ff131646
0201bd02
46d70fe9
f60cf0ce
f002e600
f3deff0d
d5061afb
0d00f312
fa1be6d1
4624f3ad
d245d1e6
d4c8022e
c503e9fd
3938ddd3
2b17d3f3
50c900ec
10211d13
0e0f2612
dceb0df4
3a17ee27
0507d2fd
1afd021a
d8e0e806
f70c14fc
07dcdd0c
29d745b7
f508d311
14191940
24faed02
e7e3c7d4
35c0e2a5
5adae0f4
db24040b
0f14e0c5
f8048123
be07230c
2a002201
eade46ef
03020409
0af5f024
e01005d4
03fbf3f3
fdc7f7f3
d216f92a
2005fb05
caffea48
e838090f
1927fafb
19ec39cb
ec225acc
f0002410
b7e3030a
ff0deffd
3b0bbece
e5faf407
3441fa1d
bffe16fa
f2201718
fa041c42
19e10b9a
10073f02
19e91a12
17eafd1e
0125e900
24fc04fe
ed2ce02e
e20a0506
12184cde
22fbef04
c4fd4df6
2bf205eb
33dde92e
de07e407
24d3f20b
b6c8f10c
0d0ac508
cbfa1dfc
37cff4f4
25d558e9
0615fc06
e0fddc11
03fe4cbf
280df714
f31f02e7
07f04106
220313f9
e9e1eff4
d21900cf
15e8064b
f9d5362d
e90ceeeb
c3d20a1d
1af9cf06
341e0ad7
ccf5f308
1eebd4b3
fb15c90c
edf5eec3
2a1ffdcd
15301f36
2ef82c00
c2ffcd50
ec11eaea
fc1514e0
0bef20e7
f2fc17e1
38ddfbe5
ff20dc0e
15f0f70b
fee20710
8de20efc
b3e5ee08
fbe3f32a
d7162fed
3f2cff1a
a332e112
e202defe
e0090e0e
20ce0b11
100734f2
07294300
0cc91ecb
0a19380b
3c3cd710
1efbe2fc
fcf2f443
d6ff0cf8
e70506e6
1f0a0706
ddc422f2
f6eae4da
2921d7e0
c4eee8ff
0044001a
e3162cf5
39220523
f1f2cd19
0134de23
2414eb03
02cefe15
cefe10fe
fc3826ec
ea32f0fa
27e5faf2
2ffb3f0e
30b50807
f11a0625
39f80dcf
ee0ae508
47f912f1
1304e6e5
2cf4e0fa
080dd339
16181ff5
effcd6ed
cfe8f511
0f0b23f7
14def0ff
9ada02f1
ec102138
b7faf7d0
2df00742
f8f2ea24
21e5f3e7
3406e603
0f53202a
59f8d8e7
52fbe52c
0805ecf1
301d3f2d
1b22e547
2cf44025
d8fae9f5
da1cd111
0adee514
2b05ec0f
2d0a349e
235f4d4a
2735f511
fe8419c0
0d03ff07
5a1ef803
4819dff8
0de60235
d1ec1831
cae0a6fa
d4e4121e
20c91a29
d005f504
19013752
fbc00711
cfd6e923
db3252d8
2805d6c7
0dd809f4
eb17ff19
daf9e2ff
fc2d0dbc
d3f1e0da
fd2b1cfc
07d510e4
1100a511
f3d0f21b
1bd51549
d3fa1afa
13d9fe28
bcdf1d13
34d0f7da
18320dee
09cbf1f6
1ee4130b
36ffddda
f3fd0c04
f2e9f312
1b060d13
cc250cef
05e00c3a
0ac401f7
2acc01cb
71c315ff
fefc27f8
c3f7f0e5
12c95507
d8e50117
dbf4ed2b
f63e440b
ecf8fa50
28cadab9
cf0e1910
1d0af8e7
e823d5ed
08880225
c623da0c
0f2be50b
dfff090e
011598eb
f216f1f6
332d36f9
f21c3ce1
09e9f4fc
1025ba1b
da21e308
e2b4ee2a
470f1afc
010127fb
19a77a46
e41731f4
0fcdf7b5
f0c9f43c
c5d6e841
17c106bb
d6cbe9ec
e2eb37fe
df48c00f
30c22b08
370f092f
3af11aea
122f2753
053008d8
aa165606
b904f8fd
1307cedd
ceebc4c9
d034f5e8
0b26de41
1841de06
a8bed7f5
08cce1dd
effbf501
22d50be7
3939f1fc
393ffc01
d703ea5e
05ca223c
caf9f71d
b950befd
2109bb14
d6f543fb
102ee616
f6b00bf0
28ff15e9
c6c2f7cc
e826100c
2512fb21
cffeecfb
3452d436
28d90c02
3d0aecc6
cae8013f
0a8465ab
1f2a1511
c01320f9
00faf80a
162fd6f4
3c160df1
00c2e612
11ebfcf3
1f0135f5
e4cfe0e1
09b606ca
2ffa1005
2af3f306
f81af408
ff2019ef
28211bf7
efd8ef0a
5343120c
4df3f4ea
e3f50207
15f11727
e80df7fd
e4190908
b9faf301
1e13eb08
34e90ef4
0bf80602
c505e30c
bfe61bf6
11f0db0d
030b102c
e80400d3
10012f2f
1538ffe6
f0e82c01
ff0936f7
08ec00f6
00161bee
063802d4
e2ece6d3
21db1708
b6c7e729
fbd3f7f5
ff04fe01
a340faea
1aede8ce
d8c4f92c
56e5a5fb
f6e6ff04
833a0b30
4d31d13b
181f1c0b
2328f8e5
06182df6
5a2005f9
3cf5dc73
ede254e2
0ff305d8
08d9e79a
d3fa0bf4
98f723d4
372fd0db
fdd5fb01
422009d9
313e0d91
4205d805
fcebeee7
1702ff0e
c7e1fd11
ee089104
570c0ceb
3d34f6c2
cce4351f
56e92081
28cce9df
defeb907
ea5ef4a1
c916be02
31f9fdcf
64e5a8c2
09feddfa
12020910
684df6df
2407bcf7
0514f511
0dedf1e0
090cf3eb
780cdb03
e207dc8e
dede0ffe
8117d91c
39ff0d02
56eb3a1f
e2e54cdc
e9b20a2c
3cad3dae
0cdffd60
141bfef9
0b20b419
ebf806f9
e6e11225
0ab2effe
0b4001f4
2df75113
0340d80f
d8f2e10c
3d230d30
fbf507fc
4017f108
33fe37fe
09110afb
4c0bd433
d4f8d1b7
5541f6fe
6fea2cff
ef1a1bf5
f2251ef5
15010d18
c34813fd
f0014c02
232ac65a
170df1ec
930ee743
fefeeb05
e1fdd147
1cf0dc01
d8411cfc
af0bec15
cda4135c
b21919e5
0a050010
bc02f50c
f50b1532
21ec200c
f8fe12ec
f1e50426
151defe4
300fff14
05de172c
00ee0309
6c1cd7e0
43f5b3fa
2cbc2704
dbc1e725
f2eb17e2
2e5d0976
32637602
ba00300b
4ae7dfd7
fbeb1613
e6f1e0ef
8d00e10a
074b0a11
48e7040a
cbefde34
06eb19f8
133800e7
c9fde50e
05e8ea15
322b2215
321a52b8
240dc5fb
49f4f05f
20f40f04
be1e0b27
06253b07
06d81144
badf030e
13d4dced
2e160eee
96be2a05
bff0c100
0a0b232c
d9410d24
efd40703
ea12dc9d
33ddfff4
55e53508
0606b7f4
d700cc00
f0f9270d
f7ce0308
f7e61bfc
e41718d0
f5021007
1cfa01cc
f41f3cf9
06ff2701
1a02eae5
f60607f1
fa090525
02143609
3315f50e
de3eede8
0721f4c3
a9f43a09
f43000e0
e4032d0b
a8e6fdf9
e022e4de
ace41bde
1d0b0638
18e0a51b
e8f51b00
1dcf132d
1632be06
f90302d7
f5e6ebf6
e801f13c
e4d8ed06
2bc3c155
22f6ea01
c90a11e8
c1eef22f
ebf5f90b
e8de05a1
250a35e1
0ca402c5
1a1ca05c
4dee04fc
15edeaef
320feff3
f70418fa
2be81215
d0412da0
d2bed9f3
ed3005d7
05f75604
abf00210
d4080df2
d8ebfad8
fa18f2d3
1cef2033
05fdf7f8
26236a3a
deed0e07
dfbf1325
34c2f72a
0c15fd0d
0815efc0
f115feb2
1ce620e8
a40dd550
de0a45ff
deef0c1a
bace15f7
ee37f914
c106ffd3
024b470b
27f01d95
fbd31d18
20060e06
02e7d610
fb042c01
f6e5eafb
ffe70f25
e6e63230
05e3fe15
dd24d421
d8fbdd03
0bc717eb
19e60712
26121721
a6f716f4
20baccea
dd17fe16
2b2fc82f
eef9fafb
ee313ffb
d511f3fa
071ae8e4
0528c599
c0de1648
192508ea
1409d6c0
04021cfe
f91835f9
ed5845ee
152d0203
f030e0d9
d1f3f200
1502f622
ff032cf1
d502e508
05dc1a0d
f6050e03
edf7e217
fe0eeaed
e612150b
f9052a18
ea203a15
e91ee421
0439d3e4
1c18e615
f8ecf909
241dfa00
07f4b3ec
e1161509
0303ee10
21fd26fd
10f70a30
c1ead1d1
07f9f1ec
deeff3d2
f21dce3b
3c0ed12b
f8263ecc
140226fd
dc03f517
f6060eca
051f06fc
d4250bf0
310cf700
d1d4de05
11dac246
120409f8
fd0000f8
fbfa0315
fc039309
fdfffaff
070203fb
ed027bfd
fafffefd
ed23fcf5
fd36a64f
0ff61a0c
0c5709d6
012dcc00
0408bef0
0bd826db
ed9fe13a
370cf703
faf9ec17
08f50df8
1360f036
ff03241c
e247d9e6
dbdfff0c
f2face08
d8d5f2fa
f0d70ce6
1dd4ef0c
1806f024
f8a92d1d
21f71fcf
d7c5f706
dcf1fdeb
bdf012fc
ec300a08
e917f3ee
c8e1140f
07eacd02
2deaf90a
41f7c9fb
590e04f2
eaf4f002
26c631ee
ec03ff08
03d7f9f7
03dbf1e3
12490add
05000bf1
2ce8d9e4
150cd601
074de30d
15fa0cdd
f90501ae
15ff1bf7
ffdaf1d5
de01f5b9
1c50f7e8
ed0f22eb
f7084bd3
0a13b219
ddf31009
f5e8f307
f84fe304
11fedcf1
f3013c2f
1607efff
070200f7
010d01f5
01030201
fd060002
01faf8ff
f8fc0b01
0001fbfe
fae20b7a
a02d21e0
f6dc0f04
fb1df326
e005fbff
01e51c1e
e32eda39
18e6e7ee
04fedc0b
1a3701e8
1eef1703
f90f1812
0b01d1fb
f50e2c00
f5fdef02
f4d76c19
000afb01
1ce0332c
f024b6e3
f818f0fa
ce02f6d3
09df24e3
0be2dc24
d12ff5d6
cceacb15
e3092d09
ec13bdf5
c4bdf20d
0e03ed0c
170bfde8
06ec1314
2fc4e6bf
f50af817
d9dc4f1d
c9f839c9
b2afd612
c1dd2fe4
f802b2e8
e426c008
5ed51821
d8fe27fd
ee2c25bb
03ef07f3
1e16ecf2
b8ea1800
c932f606
ce1b0f0e
a9d6f40c
08f83cfc
0d1731d6
cdc911df
15f6fe01
fb0fdcce
e925bcdf
08072206
40640e21
1e01f902
02d3d7e8
2f2108f0
f1b71722
fef0ba2c
dcfd0657
f4ecfe48
0241cde8
b0012808
10e7ef0b
e61d38cb
02f2faf0
ea05e0e3
10b314ee
04250514
e7d9c202
29150503
fe10de15
eeafc738
19dcf309
2604292c
03edd42a
df09f01f
ed2f2b21
caf3f7ee
25174d08
0e0244ef
ffe30505
da23014c
cd6a1702
2100fb1f
96aa41f6
f8f506ff
f802cd0c
150000f2
072af7ee
dbf51154
fdd6f7c1
0419f347
37e5e2e7
18082cfc
1026f30b
0ef520ca
2df1bdf5
12f319d6
0def1cfe
e1fd0606
030ee907
1ccb202e
ea0b37db
1fcc541f
05fdeb15
2c494526
e749060c
d4f0ffcf
130ef40b
effbe0fe
efbecf08
e70ef9f7
50dc0138
143909dc
271ad6e3
fe270823
23a03509
17fefc03
2ffd1624
09fa3407
0dd009f9
000b1af8
e10378c0
1ffe15e3
e8e7e114
01f6c0fb
01fdcfc5
e5dcef04
d308ee14
d5ff161a
e8024fc3
f0fada11
e81af924
1becec02
00fefbff
0503fe0e
ff032601
01fefe08
0301ff01
fd05e604
fc0101fd
10d70681
d31eecee
ffc71cf2
d5090243
033408e0
11f50a44
2b14f13a
2be9d51f
e4f0f406
0be7ecab
111bcfed
ff18faf7
cdfa0705
37caf71b
f635db1f
e61e1e11
e5f9f803
e3e6fd19
06ef171f
34271d2b
29ea4918
0b2b25ed
19dd07f2
0824d8da
c904affe
230f13dc
04f2ea0b
fb12fde2
cc06c91e
0de0f4da
2bde0be2
e204fdf1
21091801
f9d2021c
050eeff9
1916f32e
15fce4f2
e3f23a06
0b0fe525
dcfd3826
14c507a3
e319ce1d
d9b02b27
2ff406e2
d50a2931
08e6c62b
4000f0fb
04cebb0d
3f04d9f9
1040cc15
0f101906
14e40f08
d0feff05
2315fa35
2800ff01
23392517
ca071007
14fb283d
55f7e72d
ff050ce5
10f0be09
1d0d05fb
d00d0e14
ecf40808
b9ed1002
d7f2f8d4
d5c3c717
33f7ebfc
baf0d7fa
e3ee03fc
d9e416e7
e2b815fe
f60e2304
00b3fd1b
4a010047
f31f010f
48befdf7
1382adc5
40263ceb
68f6f526
ef122311
fd00030c
03fef782
f905c015
05000215
00eb020a
06fa0504
fe040004
7c3cf9fe
a34fd503
ecec1f13
f30807e7
37f4f607
1f09cebd
f4ee1ce8
3d2c0df6
420bee04
f6ee04f6
312f13ed
25d60ae6
baeb1ce2
0e0f4ce0
eaf4f8f4
2042552a
c509b2fd
1a0916c9
cd1ee408
0feb0703
af16e0ec
047f8b26
d42019e8
c925ac00
26103600
1ddbe32d
00e54e2c
082715f2
5e4ffff0
032f04b5
17ec1509
ef122708
d2ff10fd
20f74eb1
f3be520c
edd6f5fe
ed0fec2f
caf2e516
14e9d5da
a8a229d9
f9f7da06
e91f4403
dbcecfda
0a1ef8f7
1ccfdd0a
bfd089e6
1ae8f5f8
f3e70315
1703b0f9
f909bf01
fae7b61d
bab705cd
fe09f7f7
da06f9f0
d705f9f9
1f0b3007
e5010f06
ead2e4cb
34b51629
322ceef1
1af3fce5
ee3d11fd
4772f0a1
51d9faf4
0ff1ff03
05f7e903
d61e1307
1627feda
0cf4e20e
1e32ce34
fcf2f0fc
4af619ef
0008ecef
f7b0c2fa
02d11adb
02e7f54d
ff01fc13
da3b0504
ff1cebc7
f1bad504
f718e601
29082bb1
0c24190e
3cf009f0
e3f1d6fd
1df0f00f
110a15e2
04e5f60e
06fdf004
f324b900
23e9daf9
f405f5eb
fae61bdc
e224133d
f0f6d53b
bbd31d17
c4f5d701
fb04da09
00efdc09
01ea0513
dbe92cee
dcfccca1
fef30d1f
135c04e3
ebf62906
e3e1cd24
7ff31819
34cc059f
ea2de428
3aa51b34
f5c31226
3809e681
39f617fb
0efeb5c1
fe30fde7
35b9f10b
42e7e500
ec22a0ec
2316fffa
fcdc1107
0e0c2602
13ec08f9
b4bdcff5
32baeb4c
5b811ccc
9a2e15f2
347fdfe3
a653341e
d909e7ff
53fd041e
ebf11319
44d9fa02
d507d905
fd26e412
2125fe35
4a14d129
10052b01
f6c49313
e4fa041f
29c4fed6
0301e8fa
a3ccd439
10b51bea
c60cd33c
dc0d1b00
14eddab9
c4f12520
fadb07bc
f401fe16
f4e5f1f1
18060216
f419f1db
f6f101fb
fadc43e4
dbddea1c
1408f527
cee50ef9
ed38481d
32e6e8f5
f39518ee
d4fd03fe
28aee313
f7fa2104
d3080dd1
f6fafcb8
e7669d23
d810ed1d
0f01d1f9
0e00ff03
0f4a05ec
2301ed20
f623fb48
0dd32a17
2018d330
13efff12
10ce0630
0bebeafe
2622eaff
fdf724ed
044210fa
d0ecda17
c803b62f
0d0cf71d
1716d2c3
e4fc3f02
08fef1d4
11364d0c
dcdce917
d3d7dd03
313420f4
fb131010
dbea47f5
12f4d415
30eddd04
e4021322
cfecfdf3
ec1b24b1
203d4e3a
15e217ba
cd2acc22
11f151f8
ff0bfce5
39fdf103
0d0cf5f3
00ecffe4
f5dbd4f6
d5e7f4ed
d6e33eed
20150202
ea29042d
b72ee909
e7d9f13b
e9e90a07
e20d3b18
17de05f4
241c010e
f0f2d70b
f501f7e6
0b12e0f8
f9f1f3d5
16dedc06
c1e4facd
2c1f10de
0236bb0c
0b0116fc
131b0b29
d5e0ebec
0f05f1e8
3936cbb3
1534bfb4
ed0301f5
38ebfa55
260218f9
c8fe1e03
fdfade25
fb40f700
71decf35
121f3640
07c4fa04
db16cc2f
abee2207
11c4f406
bcdee420
d410e3eb
f002feca
ee6de68b
294f0be5
1103dfec
12f9e9fc
cb11e71e
f32243f6
fe17f9ef
05191c29
11020bf3
004ae3f8
f00b0ad5
14f5e7f7
eaf0dae4
52050bfd
aa0ffb1e
48ece5ff
f7eb06e4
f7e6f51c
e416c600
0b0117fd
f4fca6f6
f9b9def4
fa04fee7
0004f40a
e71d0ec4
18c9cfc4
f9d3542e
4001ecf5
d8ebdf14
140cf904
fce6ebec
21f22237
0800a8f8
f1f91313
ccf4e808
1a12d1ff
2310dd03
0f3910ef
5ae500d6
aa0d03f7
1bd6e457
dffbef15
18dafe27
3bfce7fe
f8e122da
070fdb1a
030b09e5
d90ee412
c808f90c
2b2709fc
06eef2f9
ddfc0601
18f2f5fc
01d23ff8
cc1ff9e8
0e062de0
fde9054d
1d0b0a36
fa008810
400be202
e01bf917
f9f704f2
3135f507
e2ebcf4a
15107ab6
24eccefb
3c400029
e3f4b300
f41bf4f6
e2ddb71f
1dfafd4d
8efb1353
002cff02
fb1e21f6
2c08f3ea
b4f305f8
e0150c0f
f4d3f608
013d07e4
f7402881
aed812da
142117bf
f409e633
5714f5fd
0ef24731
00023608
3c020903
ef1c3028
0e39f81d
f4e4e0fe
04124aeb
e0000602
c82f133a
f3f90d07
f3ee01f3
e70cfc1b
ea1fbcff
4d1bfa33
1e09cbe0
18fc0e01
2107b611
30fec8f8
3df6f9f0
08f9ca11
1d0afe9c
edf609eb
db261900
d308fbff
1b0f11e9
f70c3a13
f11d01c6
ff2611d4
f7c4fbc9
1eea213a
3d2a07bd
53f4fd02
f305f9db
01ffebee
f5c90af9
2e16f40e
292bf226
1656ec02
1028b0f5
100719fc
340afafc
10e4cef0
c0140709
04fe38fd
f8d015eb
f93407f7
e7f844db
e5ff0506
24d5fc01
b7033b24
e8c426f9
f3025621
0ffa3f25
07e202ec
c40b593d
04030f0a
21fc340b
ea1cfa15
f8f3f71d
442c0619
01ee10bc
fcdd0b12
c8cbd62f
d3f90504
d63717e4
47ede91f
0a0809b0
fa0ff1dd
11227608
2612fe07
61dad0f0
39ff4103
dffb1e0b
fce0270b
05fc0f18
cb0834f9
19ff0ae3
0c130e22
0d24e9f0
f2084ff9
04130bdf
1ef1191a
0618041a
1e1704e4
65ff65e4
f0f9f3c5
14bff30d
09f3d3f8
0fbdf202
091df800
c60c131b
e9ee300c
09d6f5c9
f0250cff
0adff707
fef311ed
fff2fb06
f4118111
11dbe7c5
1140f00e
f613b8c7
3c0cd40f
23e02de8
4dfaf700
d3e2fb0f
f8f91900
d1de11d3
03e0e32d
14ce34e7
232a08fd
90f8e10f
e7f2d1fb
1fd64905
e307ed1f
bd1afd08
1d022564
ebdc091e
40aaf41f
01abb4f9
e2eacffb
fdfd08e1
1622040b
b90a0039
c22dfbf2
ecee39cb
e00820dd
fbfcea1a
d00300fa
09ddfeff
fd26e607
d907f927
0f11f518
f80bf2cf
dbce1819
dc0ac504
ed331bd1
e4c4fb17
16eff610
d108fede
e1ffecd5
c3033b28
3c0404e9
68272f06
0e04fef7
1c03fcf2
231dd6fe
d02913e4
190616ca
f6c333d4
0dfcf83e
0e04ccd9
f804fc02
07d5fd45
04eecd0b
bcf3f8d8
10112ecc
e008cdc9
d6200af8
04041200
0b0128ff
4025cbea
c1a7f113
00531110
5b2d18b5
2f1cbf3c
f303f41e
0cde291d
3d09eef8
0813fa01
0d34ebfc
e8dbf93e
cda4fa01
e2f3cd1e
d8340aea
e3d7b5e5
bffedc06
0c25fefa
f50e4201
b709f4fa
d41900f4
f2faf9d9
f4ddf6dd
85e92c3d
04f5cbfd
fbdad9fa
15c602f5
3efc00e9
0306dcf4
e6e8c4d0
09e3fb0d
23f32915
fefcd201
ff11d013
0b2224eb
f82c0cfd
3ce70ddf
fa93b846
00040509
da0afe06
01062608
da22a1ac
1899be4d
020e0212
d90b29fd
2b12f037
20e542d4
c0eef43e
60fa21fd
f7ac1af8
ef210100
162ce7dd
2018d0ea
e613dd26
efe00ae5
261708f0
09fbf8fe
1024fadb
fffc0c04
8108f2f7
b2041112
041b0e0b
fae708c9
d31508ef
d1f3ddff
d31212fb
050506d0
c9f609eb
0eeaf7fa
0123ef59
220af5ed
95033140
dff107f9
230ffcdb
d3ef06f8
f2cce605
0505ea1d
fa29e108
f5d6e99a
1098cd1a
0be7f6ff
d3f0eef3
1811d501
e919f710
b60ced01
e6fad1ee
d3dffc03
f6d23014
f0f5c4f4
dfdedb0e
010b02ff
2c0ef5ea
3ef734f2
e4141b65
cd12f6ff
ba142f16
23f620fb
1c2235eb
f02ce5ee
27fa0d10
d408f90d
fbfce413
ef14f5f1
12283f0b
f707fdfe
0c41ce01
0d24220c
260201ef
074035f2
2013e5bf
c022204b
de464f0a
2702edff
d8f4002b
1a33fe0b
0328f2bf
3b06e0ea
1c242621
fe1cf0fc
9ce0e409
f4f84c00
e616f0ee
13d50201
fc1604fc
d905e6f3
fffcfb1c
071ef705
0bed2e15
ed0b0ff9
e92e04fa
e23112f5
e0cafc10
47de0fc5
e326d0b5
30d10300
ffe508c3
7df72808
1c33c725
364bd900
ead3f417
cffa15da
08dce2dc
40f3e8ec
17e71005
48fa0004
db16300f
43eaf804
42b71cd3
11171f32
2b93af25
1fa204a2
ef08206a
77e6f008
d6140efa
eb491ae4
26490b15
3c0be11a
f1fd2a1d
30200c11
2bf31a26
3c010b00
38071d28
300adcfb
07e7fb25
e7ea2f00
dcb1de53
1002f50e
ccd32a68
b2ecf00f
f113c924
e5d51b18
f12dd9fd
230d0bac
2009dbd3
ead929cc
67dc02e5
f5fbae04
02db45ef
d20e04d1
de170c14
121ff3c9
12b9c7fa
d2d5eed4
f2cd09f1
a8f8ddfd
12f7f730
d810eb19
15f505d5
c51710f1
ea29e531
0fee0f34
12ee3f1b
28feef0a
edc0d919
20e7fbf8
1aecfd25
1e490649
161af959
c637f6d8
180afefa
e6fa2609
04fdf1ff
d91803df
283cfd17
c9ecf633
0f41e815
cbfaec35
051ddd1f
fcfee701
9f04070d
e61da502
1664f4df
fb0e25dc
f7f91cc7
022500f7
b40afbe3
1dfcee05
0916f91a
320cfc36
fcdcfef3
10fd3319
dbf60109
21f8eaa7
181058d1
f3060008
f1041ddb
33241305
b1f9eb29
dd01dbf0
06360df2
3820380e
d23e13dd
3ffb0ff1
0517ffd7
1d2ff2f6
f931f1f8
10041ef2
e90cabda
a9fdf0d6
f2192a52
21012d0a
fdd7eedc
f1e82729
02c2ebdd
e3d13040
0216161d
f724011d
fb070bfa
f2eeee08
9a2ee3e2
1cc9e8fb
193b0a11
ed11db26
f6441025
0aeaf123
bd152df9
fef729f2
3bbcfff3
e516f4f6
bd29f60c
9de8dd26
d8d53ccd
129c0803
4037e302
e701f3ff
14fe00f3
16f6fba5
fdfa7fe4
fbff11ea
092300fd
1a0a47f5
f5f90505
04ef0400
3eea54e4
100b101d
0728f70b
49151061
26fc18db
df0129d5
2a1135ff
1a0cf20b
0e100a48
0211ff2d
2efa000c
eff3162f
cd08e0f5
27d42621
e3c6e0af
290f2b00
de0e4a2d
30fe17f5
f5e8e825
df1e1d03
1d7039cf
bce0e923
01a5e3ba
f1fc1303
dacc1517
ef2ed719
12e70bbb
4dfb2a1b
f12d79e8
01fe0a05
13f10824
6715150b
7ff708fa
c3cfc7df
ac0de0cb
3c28e7d9
1c08dc1a
f21eeac5
e5efb3e4
b8fafefe
ea4f28e8
0acf0201
0b4bfeef
feeb4efa
09bf0536
193bfc30
182c379b
3e020d04
fd2efdfd
353721fb
1ad5e7f4
85e10641
ee1be1ad
0dc910c4
ece1dae6
1b01d3ff
14d4eae9
4ac31c14
bddbf5f5
1c241a66
f8d1c90f
210bef09
2424ceea
12002303
13ee10fe
db0ce6f6
d3f8eeee
cbd4fbd0
e23ab611
f1f6291d
f0fd1900
1702e6f1
ea0810e2
10e3ca26
ec391dfc
a90c2b41
23aff459
270e18f6
f63be40e
f6f2d711
18c6e3c3
12f63201
d90cf6ff
cb07b3d6
f8d29119
16e81136
df08cbf2
13012603
511b280c
dc0144fc
f4310e18
f425ee2c
0cd76c15
0b11f50f
1efe030d
edf64cef
cfffabe8
dcc53afb
07daee2d
d6ffe5bc
f52af8ee
c60bcfe7
f402b3f3
eaf63b03
0dfe0e1e
d4ef0509
1c0f02d6
5ae136c0
02190c11
cde20520
c5051e03
1eff17ff
4fd208fc
e12b10ee
21fbe1f7
e30898ea
f93fe8bd
fdfef1ef
ec030fed
fafce3fe
f8bff60e
e8d5f00a
322aebd3
11f60720
070746bb
ebd51107
e73319f4
210fff01
e2da1bb0
0a3e3de8
17bd2125
31edee0e
11f94bf2
f203fe14
b613e815
fa160010
cfdb22ec
d4fecff9
ec16091c
01029eef
faef1f0c
fcf800e1
f7cc4b44
d915e403
fe102029
0032fb2d
ce02fe11
ef1afbc5
cd143503
0c0dff1e
18ee04f8
e6ef1ff9
e93bf612
0af020fa
0ff802e3
1ddfc6c9
f00fd5e6
040f1a08
06f117f2
bafdf402
2ae60f05
1c0c00ef
f3050a38
2ce912fe
0f09360b
24e1e512
18391ee6
13fdf9fd
2a75c6ea
0f08f0f1
40880af7
2f22cae8
e8f024b8
1b16022c
e73531cb
0c0fcbff
eb40ffee
a04be3f5
e7f8051d
5616f72e
f7201a05
22f417dc
fa255dba
e31ad7fb
c5190210
1da80ff0
1904f5d4
b1f91c31
41e8121e
c0d511df
42f7072b
16f3fe00
1ef3d3f6
fffde8e3
04e0dcd9
e933c6d8
fd23f5dd
fcdd15cd
10522fe6
2e0540f3
0f0201e6
f8b9f7e1
00e5d927
d710e603
dbee0f08
081ff6ea
e2e0c0f3
07f5ddff
de1fcbe0
745ed512
de3beb16
cd4ffbfd
e8012004
9134070d
2a7f0706
c0f613fc
ba1702f1
f43d0bfe
d7f6f8e7
25051dde
15c3ead8
dbf132ea
f539c9e0
d30ebecb
3839f692
31e14021
29fd28e3
d80cf5e0
d9d141fa
28dc03f5
23ff31f1
fe0228ea
2fde3116
020afaf9
f2d0040a
07f203fc
1600fd09
31fb1610
2b2220e9
eaf3d6d5
280b2c81
391cde11
1bfd0794
81d77fe4
fc33b9f0
0206df36
e31f91e9
00f9c4fa
bb2332dd
e0f811e7
f67f0314
fe2cf0e7
7f00a4d7
81da2008
d4b8dae9
1e0737fb
f42a8adb
36f821ef
fb46f8db
160ce6ec
dae87f41
883507fd
3bdb2c22
0f000af0
fbf316d5
04f1ef08
35dd0b08
a8f3e0ee
00d8012d
d0c4fce7
3ce0c80b
fd00c901
f1352403
304300fc
1af50e29
f8f618fe
dbe2ea8e
e024f55e
dc2e2513
07110b06
c6c9f703
20ecfc08
ee150681
d4cd5220
021029fc
0a01f02e
d70b220d
3202d401
ae33fdc1
d421f61c
5a12fc09
e4fcf63d
fd2fd1e7
062d1405
01eeff32
edec2bf6
e0e2fa2b
c50d020a
1eccfe15
0ff61a44
16a0d2c5
ffd81648
44ee0d69
11073407
ebe9181a
02131de0
00dce50b
d214dd25
01b825c4
d4e7f6d3
010f06c9
fb281509
215ffc10
ec0a46e1
06300503
bd09cde7
d2e878e3
0dc0f2fa
0cc4eb29
3416f50f
3eda44f9
06faf9fa
df44f51b
d3ce0ee5
04f6fa3b
15f4deae
350cc2c0
e00425f2
f5243425
ef123aec
f91100ca
2e11c109
15f0204c
2ce40cd4
310bb5e0
fdfe6003
4f1b2220
12fd2f18
e7ebf501
4bea09be
d1f4d566
29f71909
4561f114
980bbe19
12eab5fd
f6e5170b
ebdefe12
671311db
37d52fff
102b150d
f1f1240c
d00cd50b
d9f3f33f
a508dfe7
eb6a0de7
29c5d6d0
11f7ff3c
45c3dbce
c6403af0
e5f83101
ef070a01
d9e9f503
98ea01dc
36ff2e7e
e0e9eca2
a206ea15
e9dafd51
e9fb3400
d90bb83a
d9140ee0
02ef0a03
08f406ec
fefe183d
fe17e6e2
1304e9de
f9fcd007
e8df4a1b
fbe0ee0a
f7ef0222
dd2015f3
2a10efc0
ddf6e5fc
f0d0fbf8
f0ee0afc
d418100f
08ee09d6
ece2f3ef
0b090108
f8abe70d
0f2af6eb
210cfd16
d1d9baff
0edd030b
e7ee291d
2f22f80f
1fff180f
1311f615
eff10cba
2a12fd0d
e312ee17
f16dd4bf
08daf71f
09fafdfa
f2e031a8
3912e731
d1ebfed0
423420d7
28f51201
0c42f5dc
22f004dc
ed22cb0c
1cf9c03b
ddf6f2f7
01fffd00
0403373f
aede3d12
fd18cc54
eaf5fe15
efee0211
cd14cb1c
d4f6e4e4
cf0604f2
eee8e232
c80eecf8
2f0ce2e4
d7075c1c
d6f90dd4
2d210a49
f51df122
47fbf11a
06322b07
07ff05fd
db0916ee
4fe40229
cbfefde3
12f631f8
ee38ff13
fcc8eff6
4afecbd4
fff41306
43fd0a1f
0ee3a2f1
4cecfc36
17f205fe
d0d611d8
8cf3fae1
9c21d8b8
fb115900
0afbf307
f216d2f9
fb115108
0339ee1e
cbf0f1ef
c5e2d017
d80e080b
c1f72d29
08c90dcc
edf52e13
26f9dc0a
b100f804
dac80eb6
e7e525f4
251819e3
2108f500
dcdc19e7
0938f5ce
1b0ff4cf
2b3ff90a
ec24e12c
371dcb1d
2f2fa500
20efb6f6
dbafd523
34063a04
d5ee0119
f1ee2298
de0b4130
1909044e
c3d511f6
f40200ff
23ecf402
bf0dfc0b
f3e3fe0f
0f36e5b0
2bb40bed
37270709
dbe0f0d7
1a060f01
0ff33007
f8d727e4
2fcc51fd
0bef12eb
fccf0c0e
091fcef9
2720c617
0636f8e9
dfe5f1d3
1b180c2d
abdaf9e6
3c0503e2
1a48f107
6b2af8ac
f213182a
39ff0cf9
fa0100fc
fa00023b
f9fd7709
0001ef03
fefefefe
ef00e9fb
0201fd00
fe7ff403
121612ba
e60a08d4
e9f5efdd
341212e1
f31d25ee
301805e3
4604fedb
420c510b
3a0fe830
0f3803e2
c4f5f6e3
cffbbb2f
c53a161f
d42a17e7
fd20d6e1
2a03f805
11fbf6d3
eef4d3fb
ee0dff21
db26361f
faeff011
07da0ef5
41f2e2cc
fa0d51fd
33fcf535
e305bbf8
f919ef09
d9f22624
d4ec1004
e91a0af5
f0eaf8ea
b3011405
27aa1b2f
05023b26
244ffc17
033d3314
1f011c0b
0b14f117
f62d8138
dbfad703
1104130a
ed00330c
edd32113
d92b1917
0312ef23
f4d60912
e6ec0dee
ed0811cc
06cd05f2
d2e82907
c5f50d01
fbd4f9f2
c4cc08f3
66f7dbf5
4ff81aeb
31fe0bef
4cf9e606
1439e1f2
0233202b
19efd820
05e205c2
d4f8ff08
eb01ddfa
a507fa0b
e2020447
efde0cfb
fedbf7f6
38f926f6
e8f49823
99bedfed
edc6112c
0bf5c803
fb0c1c1f
3513fb12
0be5021e
0b0303db
12b8e719
521c0717
21edfc28
c9060bfb
e2f7f1f6
02efb906
49ed0708
5de52704
083ee523
2b491311
32f2edfa
0df60802
1618f208
130f370b
0ce9fa01
d2e117c4
1d08b020
dddaf5ec
ece156f1
100721fd
d9020d3a
190c13f8
f5060108
e9f91e39
53d40cfc
e6fbf207
2cece2fe
0af81105
f8fb11ff
fddef0fa
f2e8ecff
2011bd24
cb4d1871
0cf50a20
99d301c4
210b3af5
f60d3f0e
ef09c914
05e5f5ef
3730f6fb
19de6e0f
4248faf1
33ee0366
16f9fdfa
0702dffa
2823cbe8
27e1eaf3
cef5d603
12d8f9f9
11f8f7da
fbeed7d5
03042c04
f4fd0705
f5dcfcf4
04ff5228
f6fddc0c
f4e80501
cc0622f9
010a00ed
4dc3f700
03250d1b
e0f2f922
0b380c05
06ee3709
1f342c1f
28d5feeb
fec90a28
f200f407
18c5010d
0aec03fb
eee9f6f5
ede6310e
0fadb7f9
2000f20e
e810cfeb
08f9d4fc
e3eb1213
16812414
561df9f7
e7393211
0904b2fe
c8e8f423
f1f1da3e
eafeb4fe
2a193cb1
0bfeeb02
020d01d7
3f18e406
003a62ff
01e7edea
c6caee14
1bf617fa
f809d6df
0e32c6d5
c24ddbf6
a3fe1de1
bae2e6c8
2713f028
3eca5966
33130b06
18f7eaf4
13f807f3
e7e9fc1f
f9071108
e3311101
06e3f5e7
ff1021e3
e3f416f3
0172dffb
1e251106
05ac0027
c0e9f01e
20353a10
eb313516
f7383ab7
050f01ff
d9bc32b6
ec010dee
fff9f0e7
e81ef5c7
e1ee2e0d
cc1af5e9
1d263647
07052001
12b518e5
f0ffe813
02d7fa06
28fedf06
f4f3ea23
6522162f
d0f617cd
7201f607
e8190706
0f271803
fe25e925
37da5011
faf42f2c
fd090a35
d604cbf0
f9eb3aff
ef0edecf
cef80de5
04b8faf9
fcf810d1
ccfd23fd
fefefe13
19b53409
1600e3fe
ef15423e
00efe3e2
ddcdfe11
d930e1ff
11223f21
1825e835
ff29fec2
06fec3f2
ffc3ed51
e341eccd
0002faf5
0b1cf41e
141ae8e6
c351e6e0
fff60e11
c80224fc
01112917
45eef804
c316082d
d4dff2db
0ad9d936
0e340a0c
b8cbe1a6
f51ee2ee
ff0f071e
fbd6c303
03f3fe0e
0cd912ec
00281631
0e1be64d
b3f1df30
e3012002
d0fad1e6
15f00514
ea06f60a
1e341339
350983f0
c3f30b34
e5081ae8
0b0a2004
255f1b0a
4115ddef
1ed7f214
fc0925d1
f6f3caf0
ff0fdb10
161ada28
f60718fe
fd1226cd
0121ebf4
0e1bfeca
18f5ee09
b8f6f735
df1ddceb
f30fbb0e
cfffe900
16f6fe0c
35ec1408
d8081ebf
1425eb0c
0bd8b4ec
d9151325
dffb07c5
340c04fe
da37ef2a
fdf3f9e8
13deffdd
2bfcb8e7
24fae9eb
ef21041f
22d6cbe6
1a054902
f70143f6
c406efe4
dc09f6ce
e50ac912
0e5012fa
00bbeef3
36161605
0b14c708
dcf40e22
163115e4
f846fa2b
2433e1d2
26e60234
0f54fd3f
f834532f
da0fd304
f6a7e2d4
cc101c08
f53e0ca4
3ade9f35
f3ead83b
67033805
b6f3ca17
eaf83e05
2303d9d4
dbcbc41f
13f40709
0900038d
09e0f830
fce618e4
a80d280d
fc08fe03
dab84afd
be24eae0
330c0bea
d9e11220
fd01f947
e037caf8
fdf707ea
2011f6fe
15333afa
ebf4eefd
0a030a18
0be806fd
efe705ec
fa0f1805
cbf6f6ef
f12624f9
e9dcf1fc
b34d4e17
13620211
d4fb31f6
05259cff
231f0d01
2410f1eb
f7f91907
04f71bed
140f13f2
0dcbffcf
130cd313
17fc2f19
d7f603f4
f2f7f8c1
f1fd18fb
24f5ea01
5021cc0f
bfeefdef
1608d921
f9116349
11de2222
13e2f405
f2fd07fe
fc0fb6f9
45f756f3
20030108
74f10fba
1021b4d6
e727f709
0c0cd9ec
d3ffa8f7
003533ef
d83b33f5
32d4021a
dc230df5
0908f2cb
f708ecfe
e1001bc9
130b7fff
0fdc0fee
d603e10a
f92b0f33
ded34103
03f612f4
1203161a
07e3c8f4
100818fe
f5de0813
0edd09d9
e868f502
ec0ae1dd
13e2fbf9
0b2efb0e
393d19bf
22193101
1d7ff4f3
10f712f9
fd08f51c
cf17fde8
fb3be90c
23c3f8c3
f4313f07
ed083407
1400f6e6
0d04e20f
083c0cc9
e628151e
0de5f7fa
f80500d3
ea3c0d3e
00f0f503
41221ccc
066129ee
fe1af5ff
fff7dcc5
fb06debc
e1c8cade
f21cc5bd
ededc0f5
bd01eadc
f02ae226
16f81106
1a0b0c00
e9d807da
04d70103
acd5c4ed
ce040cfe
ebd8ee02
da4f3201
f9fe07e5
4808da07
eadc0ed6
d51feddf
421cf3ed
0105d902
fd27de14
020f4efd
14e10a05
22d4fd1e
dc121018
ff14f608
c8edead0
f011c906
1908f353
3afc33ed
e9a30ce8
dc00ff17
e821ce10
04dcf0de
4ce2fa0b
ff02f600
b3f016fe
1f1312eb
abd70224
9f3218c6
1b2d0617
e1e1fee3
49f6f4e0
3007f102
0e042412
e0e0f9f0
f0f103f2
f706df1c
f2eacded
dc10fcf9
2ee4ed24
df0bf9e1
fafe081e
e80710f3
f3f5143e
16fd0314
190228d7
2f0d0a1f
cb641dfd
08111ff9
b88ade0f
de8ffe16
e5c7fecf
f80a2413
d1ac3ccf
d02f24c1
1d1859ae
f4fec7fe
2cc4fe10
e204d72c
f02dfe05
e218e201
31540cca
da1401d6
b8ef15e0
e00f2007
cb1d0c24
4623d8eb
070a083a
21f40928
46b402e9
0626e90f
ed133c0f
c3fe07ea
26ba012a
ead60a10
0d3a06f6
e31ae502
1125e115
efcb0ccc
f632ccf8
ee022aff
35f10209
dceff4ef
e902e9fd
0ff0fadb
f6dd110d
0529ccbe
17e527cd
effe4605
14d9ced7
e9d1ecea
0c29eb29
1d04f0e7
046bea1e
cedeece1
cfb4dc24
d601eb09
14d4f20a
29092507
0ef90639
ecd0cbdc
102d16f2
dd18e0e2
c6071917
201a0cfe
0aeceefe
00f3da15
bf30fc0d
17de3129
34e0eb1e
0b960a0c
302b1be9
1df9a200
eadcb530
f77313df
13111263
17f8f716
10edfbec
06111524
1d0f9cef
fb1c0803
0915ebb4
e524f7fa
22edf9f4
1e0716ef
e6e6c7f2
de27ecf0
14faf1e0
0210cffd
33deee41
1de30df1
11ed0653
4fecfd26
1a2429f5
0607e024
d9deb6c8
f0f92602
e0e9ec1f
eb01bef8
cee5f5fb
0ef22213
08f30cbc
dc1d11ff
c01303c9
15f6f409
118b1810
32251403
fcedec26
5003fdb5
1128bf20
0ac5f430
c205ff1e
c8f7fd08
e424f9ca
f0e40a2d
e91723fc
341a448e
1f060d0c
e1fe3e12
13fbecde
1bf3d9ff
0c1dbe0c
edcdc913
a2f3fd1d
18ffe50a
1c3b20e2
ccc80a49
392ce6cf
daf90305
0546e109
f538e5f1
17f805ee
23e3f9fd
e6271521
13150714
1114423d
330a5e02
d6ad1b1f
e815d112
d2e601f5
13eff63d
ef05e137
f3d3062a
7bc3fde5
e1f125fb
03f825ee
c6e7f1ec
0514f610
ecf2642b
08c50158
d91eea0a
c0e2f8dc
db00b603
df03001a
1205120f
32f000e3
d4c5210d
2ce6e0fb
ff1819f2
f623fced
f301e302
36c23204
21e6e0ed
f824f9f3
3ae225f3
07160df5
d7ecf8d4
0edf41eb
fd01f206
15d7ffd7
0f26cff7
d425e716
100943f5
1fd3e1df
da2bf202
f834f306
f6039406
e339effa
473d150f
15d40e1a
2af406c6
06e2411d
f511fc0b
1a1503f1
e3016105
f30e2b15
dd06cfdf
053cf9ed
95ebe8fb
ff46fa0b
0517e958
d1e970c0
3b16b201
68021721
cbf9f6fe
1fd409ee
251fef3d
fed2aa21
1a121bf6
0c271af8
edfc2bfd
f427e0fe
2124ed0b
0a210023
da06f3ea
1db8bf1c
021a1718
fd3f032a
e1ff0300
0cefda1a
1946eaed
0aed042c
0fe12130
33d68c9e
010c1cf8
f6c95149
0ef5fafe
33071d15
ea39f0f9
c205ff30
e40fba1f
e4d9e7bf
120d24fe
422e28c5
b10a2eff
f7b9e326
f0160909
02cd0e24
e6061301
22123319
12171427
16fc3efb
dcfc2803
0813220c
130719fa
13010303
f9e9592d
e41d2217
b90a14ef
eee3dbf4
7f100a00
cc17401f
f541c5fb
4d07faf1
3d0af8d9
d31bd7e4
2500f90b
e62e12df
1f0f05fd
02fefd01
fcf0037f
0200e007
0201ef02
01fefc08
ed0be3ff
f5ff01fe
7bfffe0c
2efcf645
f8fafb28
c5d008f8
e7e73630
2f1ccf3a
1bf30bc1
f823ad0a
3804ffff
2adc0d08
f80c1002
f8e6f402
d019fcfd
06cdeeef
f10ffc0f
391019da
0804dcfa
14d9cfca
f20c37fb
0ffafe00
1111e4cf
4a2f3709
cfe71428
30fc2110
14fa03fc
ef10dae6
fa33e80e
1b2c1a11
d72cebed
ec1d2000
29d9072b
0ac93308
05ffe1fe
1004d92b
10e13202
0ea6f8ea
00edf7df
05210108
01420ffc
28c0293c
aefae501
1df8f4ee
0ffee719
07c81014
fc1bfd30
2302dd30
3ce0f0f5
e0011760
ebf9f6ff
f9f4f1f4
dff3d9fd
f5fb09ed
45f90d02
e65e3417
0fdbd3c3
29ffe136
d9ffd304
4dd117cc
ed1926fa
b40e024a
c2f10ff0
24f7f011
270216ed
191b26e3
1c04cb00
10e2f314
ff2d1aeb
ecc30f09
0a0af408
e3b4dfdf
28e4f6d6
0e0e01f1
c00725fd
290c0bf6
ff114d15
01290636
3ed61b66
100c21dd
04e8101a
fd07e5db
adf3ee0d
ced21522
1393f407
df2aeb3f
25ed1156
25fb0430
e114dd06
cbfadefe
a9f7f60a
16e9fde2
f0090517
0535e808
fd1afaca
f653d30d
f0dd0ac4
22224b41
0bf4dbfa
e10aeff0
dcf6eb26
d9390aed
1af831fa
210a1f81
f1f6fb2c
3b0e1a26
26fbfe01
9a2881f8
1e57ff1e
f3f412db
3e90fc53
138c615b
dddb0ab2
0fcad801
f9f32de8
fcec3914
1101fae7
5901030a
2f2eedfe
f9214433
f8f107ef
1a0f0a0a
cefd1dfd
243acc0c
fc040a0b
2bf204f7
26f5080a
f3fdc2ea
1cfafff4
e2170c15
ece9d600
12d527fd
54e71412
ef2e0603
19e91020
e3ce43e4
08f40008
cf23ba0c
c3fcf3f9
a80a14bc
2fbffb0b
b82006c0
01e6f22c
e6070611
0401e815
d12c15f2
ac055c0b
f342e4b7
28ddfc0c
ec00f905
fe2413eb
e2b412f2
d71d0606
f6e5dde5
e8f826fc
