0407fbfa
fc0000fc
f7060000
fb02f400
05ef07ff
f60701fe
fbfe0503
0001f905
ff040004
0000ff02
0205fffd
fffcfc01
0301fd01
03040001
fc0000ff
010001ff
010bfdfd
0604fe00
0205f3fe
00030bff
0203f5f9
fafcfcfd
f9fbfe07
fffffcfb
fc040000
04020505
fbfb0008
0601fd02
0201fdfb
0610feff
02ff01fb
ff01fe0f
ffff03fe
fefb0004
00f80100
fefd0e04
0003fbff
fc0cf901
fafdff04
03fe010d
0efcfdfc
0206fa01
fc06f502
0cf70102
fdfdf6fa
03040304
fd00f604
11070108
fa0a08fd
00f90405
0302fd03
0bff0304
01fbfb01
f901040b
06fd0302
01fe0304
04000403
060c07f2
fc0dfc00
07020702
000308fe
fefcfcf6
fdfb010a
00f9fa00
fb0700f7
0211010c
01050cf9
fffd0bf7
fbfe05ff
f7fefded
0401fcf5
fff905e4
f70905fa
fc06ff0d
010d09fa
0e030bf9
fffd13ff
f8fb08f8
070403f5
010401e0
04170109
f1f70002
f50a0007
0b06f7fe
0406fc00
07ff00e9
f5f3fc02
fdfa0201
f60d14fd
00f9fefd
02fd0108
09040403
00faf1fc
fb0bfcf7
04ff02fc
ff0500ff
fd0610fe
02f5fd0d
fe06ff03
1503eef9
03fa02fc
0106ff02
01f9fd04
02fdfef4
ff0508f6
f8fd02fc
fb0afefd
0803f103
fdf6fbfb
f70008f3
f7fbfef4
02fafff5
110e03f8
f8eb0300
03e6f507
09f610f7
0104f6fc
020ff924
07fffd01
fef90312
f91006ff
08140303
0d0d0803
fbfe0704
fe05f7ff
faff0bf5
0109fefb
fdfc00f0
0bfef8f9
120afbf3
000c0ff8
06060603
fef6f901
01f303eb
ff00fb0a
fdfcfafb
02f60102
fa02010d
06fe0405
0efff503
05ff080b
0605fafb
fdfb0107
0003fc0e
f60cf703
eff70802
04030008
0a030900
00fe00fe
07fa0eed
f7f900fd
ff000203
fafcf4fe
f61708f5
f9f302f7
0b0002f8
010c0a02
faff05fe
05fdfdf9
fc00f604
eb05e301
f8f301e9
fff6f4fe
06ff0c07
ff01170e
f3030807
000dfd1a
020006ff
fa00f502
000304fe
020601f9
0402f501
020b020c
f203fff4
ff01fc10
ff01fd10
f7faf4ff
fe08fe11
03f1f507
02fc0701
ff00f703
0302f8f0
f701fefa
00fc0402
0bfc03f8
0108fc09
0206f8f8
02010c09
09fa00fc
00050404
fc02fe01
040205f8
fe060002
00020101
01000300
00fbfff8
fefe0002
fddffe05
f90102ff
02fc0200
e5e50bff
10f7eaf0
0ae407fd
fbfa0cfe
fb00e308
ec0503da
f6fdffe0
01fdfb2b
f3e3db01
11f211e9
06faee17
19ff2f02
fe05e3fc
0f01f7ff
04120fe5
010206ed
10f607ff
17000f05
fb09ef02
0bfef8fd
fdfffb08
fefefe02
fcfdfb0c
04fbfcf5
0df2f204
180aff04
03040412
1705f103
fffcfbfe
0206e80e
ff01fe0f
02000302
09ff13ff
f7e504fa
08f0fc01
0803f9fe
fcf0f7f7
0704030e
fdfa010e
01fefd01
0612fe04
f1fffbfe
0203fff9
fcff07f9
fdfcf803
f704fb09
1006fc0a
fbfcfe04
fd090115
ff0bfefd
0c0708fe
02fefafb
04f90a04
081afdf3
f708fcf6
fa0006fe
00fdf9fd
f9fefa03
06fe0ffa
fefa0005
04f10400
f80afcfc
ff000515
03000204
0100fb08
f801fefb
07030bfe
000a0d05
fafaf802
f50afe10
09fa0209
f801fbfa
f30cf6ff
061afc0a
0402fc08
f500e8fc
faf50b09
0507f613
ff04050d
04fb04f8
ebf01a0b
f9dcf2d2
091df008
c9003207
feec090b
e609042d
f9da0505
00040aca
e51cf9ff
fc00f924
fcfe0509
f9fde308
fdfbfd06
0a0e0ff7
f8160303
02fffe05
e9f4dafb
01fffbf4
061fee05
11fce004
ffe9f301
ef0cf8fe
f7fa06f1
01fd071b
feff1202
050feff3
052108e2
0d000bfd
fd09e7fe
0e09fe27
f604fbf9
fdfffa1b
02030af4
fb01fd00
f703010c
0000ff06
ff10f602
ef04fd09
060403f8
05fc0800
05f9f304
f703f4f7
00fbfafe
070402fe
fcfe0dfc
f902feff
fffeff0e
00fefc0e
f5fdfd02
050604f8
fafe08fc
00fe00fb
fe07fdf9
0102fef7
05fb0203
fd00f3fc
01fdf800
fafe0008
ff0a0d00
04ff0cfc
f902fc01
f90603f8
fefcff05
fdfbfffd
f6f8fc01
03f80206
00f80103
fb01fe03
fe07fc01
030efeff
fd000204
ff00fdff
03fcfc04
06f400fd
f70a01fa
01fe0100
fb01fbfa
010803f7
02ff01fb
ff00fef4
01f90303
fafe01f5
fefc0101
fdfe03ff
ff0600fe
fe07fe04
02fe0304
01fafbfd
0105f601
fc0303fd
01fe08fa
fffd04fc
02fbfb01
0307fe01
fffdfff9
fbff00ff
fe03fffd
ff0001ff
01fefe02
0104fff7
06fdfe00
fe070000
010200ff
f702feff
ffff0104
fe04fdf5
01090202
02ff0105
fb01fafc
fc03fffb
fdff03ff
03fdfeff
05f9fdfe
0005fe0b
010dfffe
fdfd03ff
0003ffff
000903fc
01010207
0004fe00
f9f9fe00
fefefe00
fd080ef9
09050801
fa040cfe
eb000403
fafff7fc
00ff01ef
08f2f400
fefa0102
feff0204
0a07fcfa
f9000603
fb0904fa
fdf9ff00
06fdf7e4
fc04fb05
11eef603
02100cf2
04090cfa
ff03fcf5
fc0601f6
fbfcf90e
02fe03ef
fcf2ebff
f20cfd0b
05fef9f7
f500f500
f708f204
f708fff5
fefd0003
04fafdee
06fdf6fb
faff0304
030200fc
0302fcf5
f908ef03
ff0d00ff
f8fc0106
0cf6ff02
03f705fa
13f90ffa
012a0e05
fbfa06f5
01fb06fb
07000c08
fa040104
02f50609
fe0107fd
fc050afe
05080002
00f6fef7
0401fdfe
03fb000c
05fb0105
00f80401
05fb0506
07f40101
ffec02fd
ff070108
0201f504
09f00207
07fc02fb
0205fdfc
12fbfffc
f4fbfdf7
f9fdfef7
0c07fe06
fc0aeb0b
08f0fefc
01fe02fb
010204fa
0cff06e4
e00d0fef
ec18e706
f5e009ea
08f5fc09
27fff7fc
02110319
fff2040c
fb01150b
f9130ef5
f8f5ee07
e9fe08f1
06e402fd
0601fe14
090d0017
00fa000f
03e60316
f70dfff5
0ce80402
f409f409
06fdfefa
f5130a11
0100fe0e
fc07fe0a
02e611fe
f6fc03f3
fcfbed00
e9eb16f3
100003fa
031d0011
040ff819
0508ff31
f609180b
16ea09fe
e1d4cf03
f2eff7e1
08f408f4
fd050427
f80eecfc
06fc0d07
fd00fd01
0ef9ffff
04f5ecfe
f801f5f7
f905f9fa
f7f9fc01
0006030b
fb00fff0
02f50b07
030f0af6
17f30bfe
effb0400
0901ffff
faff0117
0d0d010e
ff02f7f5
0600fa0a
f2f7f801
00fd0908
f8fe0405
0f030802
fff7fafe
f403fa09
f108fef5
e3e00611
0213fff9
0a0e0ffe
f8190811
00edf508
fbf2011d
0a0b0703
f5e4fbea
e40cebe8
05fa020c
de18ff01
0ff91cfd
ff04f505
2dee11ef
e6f1f803
27fce70a
00000000
00000000
00000000
0000ff00
00000000
00ff0000
ff000000
000100ff
da151b0d
0009ecf7
f716f017
ececf7e8
0df521e3
fdf4050f
f30e0419
02fa021a
1100f508
fdf40dfa
0f0e16f2
0b0503fe
f512fb15
16ffe5ea
0101fef0
f70c09f3
f10a1bff
0b0d0207
03060713
ef110617
0214fcf6
f7ee060f
f10002f9
04e90c13
ff060309
fdfa03f3
05fc0202
fff608fb
0bfe0cfc
f7050005
ee08fb11
f9010305
13f8e404
0f05000d
02fd0afa
f5f1fef8
100dfd09
02ff0913
10fc00f8
0b1403f7
f62215f0
f90003f0
ec0d0913
f515f01f
1104e6f7
07e20d12
f6ff1218
f2c90505
0706fb07
09f905f8
0603fcfe
f6000af7
060315f7
fe130b0f
f604fb06
140e0312
00000001
01000000
01000100
0000ff01
00000000
ffff0000
00000000
0001ff00
dde12a21
f21a11fb
fdf1c709
efe51fdb
12e82ce9
1a10f840
061df217
f106f628
f805f61f
00fffd04
0708f3fc
0102ecfd
01f4fd00
e80feb04
fcfeffe3
f6f5d5d9
3b1af3d9
ce1609ff
12fd2f21
eabc1218
21f0bf1b
0eab13ee
05f3023a
fdd61127
e9ec2434
071002e7
03cc1005
1500e303
09f10dfd
fbf91eec
e8020afc
faee0fed
00000000
00000000
01ff0000
ff000000
00000000
00010001
00000000
00000000
05f9f403
f9030f09
f7ff24e5
1913f80f
fa0ff108
08031511
eced1509
fdf12008
01f910f9
1105fbf2
ebdad504
efed05f0
13fa11fa
27ea0311
c20dfa0a
e3ff16ea
060b0deb
f60efcea
f405fc17
eff307f1
0de801f9
0af8fd03
d90bf00e
f90afef1
0000ff00
00000000
00010000
00010001
00000000
00ff0000
01000000
00000000
03fcfaee
0218fafe
26052b17
f104ea07
07fd03f6
def603f9
f7f9ffff
ec0202dd
020c16e2
1df1100b
18d7d6f2
e7f4f8c9
ebf30c10
05f5ed2d
3c0af4fa
e8ee1218
00000000
00000000
00ff0000
00000000
00000000
00010001
ff000000
00000001
00f8f9ff
10050810
00ff0ef8
e50bee15
0d0305f6
e1f5051c
29f80bf5
07fb0c0a
e439f307
e3e9050e
014601dd
300021fc
0311f51c
311bc4a7
33fdefe5
04fff205
f1ec0b1a
fb0804f5
f9fcff06
f20bfa14
15f500fc
0a03f70a
2a030406
f6f8fef8
03ea071b
fe020705
fddfe309
eafffe09
0ee613f1
f00b0e19
fd08f803
f2fffd20
ff000001
00000000
0000ff00
000100ff
00ff0000
00010000
00000000
ff000000
0c080309
020807fe
0ee50f0e
faf90109
030e0f00
f90dfbfc
e8ff03fa
030503f5
e10c0e12
03edeff6
e12cf4f8
e811f1f1
edf1f3fc
06fdf50b
3506f3f8
0fe201ff
23e01005
fb0b07e0
04d40e03
f7fb130d
07141c07
061ffa0c
e4fcfd07
00110b1d
fc01eaf8
fd0bfa12
0e27f7ed
ecfed108
f0f80108
04f6e8ef
0af11fe1
0b0ce0ff
e90c00f3
ff160708
f011fc0d
f9fbeff2
f2eafff2
f1dc0304
fcf905fc
020a0004
040108f7
f2f5fe02
f20d08fd
0e051a06
f408f70e
1de2f1f7
08fdfcf8
060d0b0c
f2ef0b08
fb030208
f506f30b
f5fb06f9
fbf10bf5
05f90307
f700f404
0211071f
d0d40e18
eb3103e2
f314f820
fd12f003
f5e1ddf6
2df41106
20020728
e7fd06dc
f9000903
fd05f6fd
f3fdf309
edf10800
faf402fb
00ee0010
fc04fa0d
0420fd17
00000000
00000000
00000000
00ff0000
01000000
00000001
00000001
00ff0000
1ce7ef07
1007fb18
10060af7
e729d41d
e0fef60e
02da2314
38f907e7
0b0f0405
01070b03
03f7f804
fdf71500
05fd0817
ff11f408
0ce0f706
05f00607
fe13fa07
03f1ff07
fb120afc
05e70a0d
fd0dec07
ed04e2fd
0afe080b
11f8040e
f21601ea
000000ff
00000000
00000000
00ff00ff
00000000
01000000
ff000000
000000ff
00000000
00000000
00000000
00000000
ff000000
00000001
00000000
00000000
ff1c1413
10f81d05
0af01afb
e815de14
eaf712f7
d204fd1a
e1f8fde4
dff40df9
f4e2f21f
24e7f931
10e3dce8
e77fe41a
88eb26f1
cfee0412
1bf805be
fae9f521
12eef40b
0100060c
09fa1a01
f818ee1c
ed05f6fc
ecfd0f0f
05ee05f9
f6090400
1021eef0
0df7f900
e3d0cfff
defdeafb
f4f9f618
24b6f108
ed0208ed
cc0b0bde
00000000
00000000
00000000
00000000
00000000
00000000
01000000
01000000
f0e70c03
f7100e00
f013fc0a
f30103fb
00f6f5f8
1aef04f9
0bfc0114
f506050f
f4c735ff
d51919f9
1866320e
1c232643
ef0fe2e8
0ef021bf
100cdf2c
1bc8273b
1901e1fc
e40ff806
ebf8eef9
0ce13be3
1ae0070e
0c250a58
26130b0b
010af807
00000000
00000000
0000ff00
00ff0000
01000000
01010000
01000000
00010000
00000000
00000000
00000000
00000000
00000000
00000000
00000000
00000000
00000000
00000000
01000000
00000000
00000000
000100ff
00000000
00000000
f5f10ff1
141118fb
e804ea0b
f0e6d6dd
01ed0af2
1ff404f0
0c0508f4
24fd0fef
d7eaec1c
1601ec15
15e6e1f8
f723fcf6
d6f33af7
dbccea0e
ec00e8e4
e904f2f7
f6e70515
fb1f0af9
faf0f010
f004f1e7
f2e5f6f3
0cfa1313
1607f312
ff100df6
fef5f211
ef02fe09
02f207f9
f70cfd09
02ecff05
f9e90320
12f60502
f9fdf702
16e3f1fd
0a0efd0b
0c0d0ff9
f613d907
f3fef505
f7e51804
22f8fed9
00fe03fc
433d01d8
e7d3f815
00f407e9
0be330f6
092ae237
25ebe7ff
2801eeed
0f171112
07fe0d01
192a04d8
1a13151f
ece8fef5
07241203
1e03f9cf
d619f913
fe1f0bf6
111d15ea
23f80dd4
deeaf81a
f1edcf0c
16131af5
02fd1ce6
9d010302
2eea13dc
150dfbe2
0f11fa10
f8ed1c05
f226cb12
f807e115
f0d3073e
4bf310eb
f6e6fbfc
d35217bd
26c8d92d
ca11ddea
11f3321b
1d100907
ca81d9fc
cffb1cf3
0dfadd3d
7fcbd0a5
bdeae6bb
c429d8cd
f6f860e0
fa01dd4c
5d2eef23
2f380834
0cf6fa53
01e6f317
12fa03f9
121d01f7
040ae703
faf514fd
08fe0ee2
07f9fcf6
f0f70707
2f090bfc
f6c5dcf2
103a7ffb
fd16dc5a
2433edf8
c4dc1a29
21eb0411
3cd7fb39
dff82c0b
031b10f2
f4ddf407
0fefebf3
19f4ed07
1512f70e
1cf21709
0e09f8a0
07e42c06
20140ce6
06c10a19
f4fe2ef4
fd1113ee
dc091425
e523ee21
0618180f
040c01fb
03fa1513
0aee01fd
fefef809
07fd02fb
db0a0c0c
f5fefcf5
0001fe12
e8fe0411
0d0908ec
f3f3f708
fc0eefee
f3e501fd
ff11040f
f7f6fdfa
fada07db
fef70110
fd000506
07070a08
050101fc
040507fb
05180300
fdf6fcf9
fffb0906
e80c21ef
45ea1802
10120507
e6e6fab6
df1d2df8
3115ecd4
022ae3d8
0edb3bf3
13eb01fa
f90f0afb
0df6070b
0e01f501
fd0be0ff
10070b16
10fa0416
edf70303
00000000
00000000
00000000
00000000
00000000
00000000
00000000
00000000
66e598c6
199fbe26
14f9ffb1
2321f42a
ed2fec32
e803f605
271838e4
0ee4d9cc
04eff7f9
f31606f7
010b0505
0bfdfc02
0502f8f6
0b0d0aff
f7040a0c
07fd000e
13e3ddf1
0908ef32
1110e202
f6fbff10
0d1dfdf7
f9e12e02
def5ff03
030dfe44
ed1733ff
f9fc1ad9
f906ef06
f3f9f2fa
fc080507
28e8dec9
e909eefe
e9040bff
5903fa06
211820f1
1ad423f6
e1d6c2e1
f4110015
0629f9f7
3afaf1c6
2c6521b0
34f4fc09
f10624fd
07ff1e0c
dee7fae8
e4fa09e8
e82204f7
fefedaf8
34331f28
fc05f901
1a01efff
0304f1f5
ef08e205
fefc07fd
e4f50417
fe05fee0
f0e8fc08
bbfd16fe
00330803
ef25001f
f90df011
14e709f8
f5de0013
00f010e9
f5da0303
050700fa
f1f30b07
fb2b12f6
0c03f813
fe01faf5
f6f901ea
e9fefae7
02fd030f
09e9ed12
0c1af808
f3e01e0f
f10d063c
17f7f5f0
ccf31f01
c7fb1d10
fb13f5f1
e2f0d72b
eb040812
12f607fd
0e47fce6
a4dc02f3
d90d07e4
e3e3e700
010bf3e4
f612df20
e80cd401
f811010c
0e0c0af5
ef02f3f7
1117f929
f3fdfb11
f8f70de0
12f1e110
ff061a02
1a081e0b
1a0fed06
dbf701d8
d41e28f6
c0fdeb06
f6e40de9
12c3f31a
2102d504
16eed708
bd16e70c
f9fa26ee
f70e2846
e016e3ed
b4ce1d3d
e60c0ff6
db2e17f0
ef071c21
1a14e2f5
160fc013
3006fb13
5cee171f
e401fce7
19fa0d03
100204ee
fbeff007
bcee19dc
fdf319fb
241d1740
0f1df511
17e2215a
1506f8f4
14f4eff2
fdf4d3fb
e2fadd09
01121b0a
1fc5f7db
ed04f0d8
e0070df7
0edd4139
183bffb6
ee81d016
e303e93a
2b0512f9
f00012e0
be1a0003
ec3efac3
e7032809
070f14e7
feeef008
eceed6f8
0be904f5
05f603f9
09010601
02fff9e3
03001706
f612f3ff
0ce9fa0a
01ec08fa
0b032bee
0302f313
eb0dfef8
fc090e01
d2036400
da1a23be
f715e01c
fde701ff
05fb1af4
3bcfd2cc
f230e013
d12315fd
0812361c
e9d6fdc3
effcefff
db03effb
f9022b14
47fcc7d2
1415d9e5
ec0c1e03
f4bff40e
d04b16e7
f710f423
1118eaf5
eee2d3e6
410521ec
280df947
e9f911df
0ee4f711
08ffeadf
0716fbf8
09ee00f0
10f90903
1e061303
19170010
130e03f3
fbf5f109
04eb101d
05020604
fd0206f8
fc050ff3
f312010f
eaf0fbea
fef80c05
f2e40511
fe151bfe
ff17040a
f50302f0
fbf8f504
11050703
05f0f8fb
f8020b08
d52b04d2
fbe8e420
ff2a08ee
25db3f20
3b161c00
b7cdde08
b4090cf1
efefd827
e60f3903
1e0412dd
f4e2f400
f4ebe8ed
05ef13fb
00eff0fe
fc100aee
0beffccc
2c3c00f1
06a4eb20
02101ad4
fa01400d
da280f1e
bdebe0d5
d1ffe8e3
3a31f930
fcc413d8
3b5113d6
0adce21e
cbf49b0f
f9df26c8
ae9b2028
ae0c210c
e810eef8
f532f6fd
27101b1e
00cb1403
f7ddf9f0
0de80dee
d6ec0131
f4f1280c
14fff4de
001ffccc
151cfe16
d709def3
d109c3f1
edd109f3
e8c72223
0c0c1dd8
2dddef2a
ed0ef2ec
f10834ff
f2431b07
050e1e0d
ecc51eec
bb0406da
fbed0007
feed000f
cfcbed05
984f21c7
e331fc3c
2cf918e6
f6e191e5
70ee29ba
0a05f67f
edf711cd
061c190e
1d0af6dd
23fe2500
fef72a0b
061ddc24
f5f9f315
ed130d2b
f913f2df
efc3111f
170dfc23
c6e8ccf5
e40813dc
e8b90cff
5bf715e3
49efe5ec
08d81624
29fbe8e8
130f00e4
111918ee
fef90b0c
fe1eed21
081205e0
eb19191e
0801f4db
c8f5f712
e7dfe736
d927ce05
121b60f7
030ed81a
6425eea8
2df01c14
0e16e55a
fe0ff9fa
0a2df5d3
00275e1c
ee93f2e8
7914ea0e
fa0c061f
f9fb0144
0426ffd9
c2d7d126
11e4fcf0
0634e1f6
1efcfc07
0cf20dcc
ffed15c7
bc08103b
03e1dede
0197e0fe
ebf6e817
ffdfcaf6
f5040bed
ff0333fd
1d15f915
19fd19f5
1206e11e
e85b4ee4
e3f03aba
05ec3af4
2ceaf80d
fcfd2200
eb01a3da
dd0416fa
150adeaa
d855c325
fac0cd3b
cd6c10f2
34f21ae7
13f6cc14
fdec03c6
29e7fed8
13f800bb
1ad9d00e
d5db1928
17220ee7
fb081cfd
dbd813d8
b6141afc
acffd80e
f5fd052e
4a35ece4
0ed31119
25e759f3
0ff107ee
e21a0408
c3f7fe26
00eef2e0
241c16e2
0d499ce0
e5aae17f
edc4fedb
1ee67fed
223bc439
ef2bd414
15c21216
3320d27f
c1112600
060adfd2
8152ccde
1d1d13b1
ecb20d0a
e226d5d5
351ae1f7
0c33db20
e545d008
09be0734
e32507ee
0aed23db
f9fdcf03
ea33f4e5
e3e0f418
0608ed28
2419cdd6
d1d3ec0d
e20ffefe
15f200ef
010f17e7
06f2ee31
07effaed
05e9091a
01ecfa18
0a1c1111
f5e2fc08
ecfdf210
0ddb0fdd
e6f72217
ddfb0f0b
ee12ef0a
04020103
0af305ee
fc05f8f5
010bf30a
00050b08
0bef02de
0106f900
fa01faf6
01040301
03030000
01ffff04
0101fc01
00fdfe03
05040203
01000101
01ffff04
ff0006f9
f60bfb02
fd080dfb
f5050a00
fdfc0609
f706fa15
02fd060b
02fc041c
14ffebf4
ef04fa17
fd0316f7
05ec17f1
1408f117
04220709
14f0fee9
f1110710
0505fa0a
06f1fefa
fdfb05f7
fe050104
fd000b02
fbf6f7fd
0d01fa08
02fcff09
f7f5f5fc
fbfffd03
00fd0afa
fe05fa02
04070000
fcf8f5fd
02fffcfb
fd00fe0e
fe01f905
05eefdff
04f70500
000108fe
fc05fbfb
feff04fb
00fcfa05
fbfd01f1
fb07f809
02e2f806
0001fdff
08020000
fefc06fe
fe030003
0803fb03
fffd01ff
0005ff08
fbf207ff
fc0f0602
09ffff01
0204f702
0203fef6
020204f8
ff000018
fe0dff03
01fdffff
04f800f6
0e03f600
f4fd06fb
03fe0305
fcf502fc
fd02f8f4
fffe0901
0100fafe
010605fe
06fe0702
fdfc0702
fc0206ef
fffefef5
fe030002
f803f3fa
fa080312
0cfdf4fc
f70301fc
fef8fc05
f7fe01f7
05f704f8
05f9fafd
030205ff
f709fb02
03f7f700
04020a01
fefd0e0a
ff02fd02
0002fe01
03000100
000afafb
f7f907f6
0008fbfb
06001407
00060101
010111fa
00ffffec
010100fb
f90701fd
03f8fc00
0104fdfd
0a050303
03020601
fcfefefc
00ff00fd
0302fe15
08040506
03eef609
fb07ff06
07fc02fd
faff1200
fd0700fb
0105080c
0004030d
01050a03
fdfafef7
fdfe04ff
05010104
01f708fe
f805f602
fb010105
01010003
ff080701
f7fdff02
ff07fb02
04fd0002
0102fcff
0303ff00
fefb04f8
04fdfe0d
0a07fefb
00f7020a
fc010502
0cffffff
00f70003
0903f50e
090003fe
02fefb16
ff1e1208
fbf9fb01
02d5ed01
16fef1f7
ff040009
f3020010
12f7fbf3
fc04f3f4
f1130009
05e5fc03
0b00fa00
fc010400
fd0af807
fc02fe0f
fc0dfb04
ff02ff0d
0b16fafc
f8fc0603
070e02fa
06ff03f9
03fb0d03
00050406
06000605
0201fdf7
fcf80cf3
ffe7fefe
04f702f4
0800f305
02fefef2
f902f6f1
0406fa12
0301fe0d
070af8fb
f803fb09
fbfffe00
f200f803
02f80102
040a0103
0701fef7
02fafffb
fcfefdff
03ffffff
05030202
010002fd
11fd00ff
03f00101
00ff01ff
ff040202
13030a07
f80df417
0318fff1
0f000f03
050afdf3
f500fee2
fb050614
0002ffcc
05f9f702
f80df40a
00f906f9
01ff0704
08fdf201
fe0800fc
fbff01ec
fe010216
f40bfb01
e708f701
07e2fffa
ea011202
00fef0ee
1d06f6fe
fc020b03
0203fff7
f80511f6
04090114
080ad3f9
02ff0405
0309fa09
fefdfee8
f8f3fa1f
04040ce7
f8fe060b
fefb0100
0306fafd
10fdf7fb
fef9fff9
ff0cfc07
f8f6fa07
0401fb06
06fdf503
ff03f808
0500f502
0efef8fc
f901fe04
01f3f9ef
06f6fffa
ff0000eb
fa0a03f0
faf809f9
f3fdf1fe
0af003ec
fff8010e
14dceffd
0901fdfc
020105fe
fffc07fe
f901fc03
06ff0006
1f00f905
00fefb01
f800f7fc
04f2fcf2
04000412
08fc0ef7
fa06010d
03f0fa03
02fc00fd
030200ff
0d0503f6
f7fc03fb
02040bf6
09f7fffb
e4edfc1b
ffed14fe
f701e006
02fe0ffa
f401fa0b
f90b03f3
0600fee0
0450e100
0d1703df
04d8f6fb
11fcfc07
04f8fee4
fdfcf2e9
05f5f3f1
03010e21
021805fd
fafe0019
fb010709
0600f9ff
05fefffe
0007fe03
080802f1
fcfb02ed
0818f9fd
f904f9f9
fa0cfe02
05fe1500
fefbfeff
0200fbf1
01fef7f5
06020ffc
f8000c0b
f7fdfd0c
0300f602
13fdf608
03f4fc03
fa0aff0f
ff01fbf8
fdfc0708
f6f7fdf2
02f606fc
09ed07fd
04000608
fdee0303
1301fdfa
f304fefe
fe00fef2
fa0304f9
fafbfd05
0110f8fb
1003f805
01fc0d02
01f7030a
fd0105fe
fa02fe04
fe080100
fafffe07
04050100
0a010305
01ff0100
fa0bfbfb
010201fd
0103000c
fbfc07fc
fdf70103
02fff704
ff010200
02ff06fe
040f0202
fb010000
0203ff0f
0500fa00
fa07fefa
03fefd02
04fe00ff
02fb0500
fc07f901
030000fa
0200fd07
fcff08f8
fefb0003
03f80405
0e01fe05
fefafd00
02fe06fe
fbff000c
0105010c
00fa0401
fffeffff
02fb00ff
0b03fd00
fdff04fe
04010603
fafc0202
03fffe04
fe0402fc
0002fff8
02030404
06f60503
ff0103ff
ff040303
00fdff0b
00fbff09
0101ff02
000001ff
0005ff01
fde4010d
000001fc
04fd00ff
05010104
f7fbfcfe
fcfb01fb
fa010408
fff5f801
0300fdfd
02020301
ff0500fc
fe050104
040402fe
04fffb02
fa030106
fefef902
09000000
fd04fd00
0302fef8
fc00fc03
0001fffe
fd04fff6
faf807ff
00fefe06
0000fbff
00090705
02020407
030203fa
fefffd09
ff05f701
09fcfe0e
fc0f0001
07fb0002
06fc03fa
0507f7f1
fe01ff03
00030001
fb0203f9
ff09ff00
fc0cfe10
0dfa12fd
fef81206
f9020500
0303fe06
02fd05fc
f7f208f3
f905f400
fae9fdfb
f7f8effa
0601ecff
fcfcfef7
00ff0006
fef9fff6
f4f812fc
010c04fb
f807e20a
ffeb01f2
0cf40bef
07f80213
fefaff0d
f8fe0507
f0fb18f7
0011fdf8
f4f1f0fa
e8f1fafc
0bf800f7
02e802fe
01fbfd01
f400fc09
fe00120c
fdf8f6fa
f0e8f304
0dfef808
09f607fe
f7f6fe0f
0ffff906
f60efef4
08fc0501
04fffb04
f0edf50a
fafa1309
0803fb02
0ef6fef2
f7f9fb05
f90504fd
f8f90af4
f60804f1
f3f9e405
f3ea0bf3
07f003fd
1107f900
f5050117
faf9050c
f4031a00
040c0bfb
feeeef0b
eef502f7
09e612f7
fe030512
050afe12
fefefd12
f7fb0a23
11010102
09eb0209
fb09f70c
01fd13f4
e10d0815
fafdf802
fd08f8f8
040105fd
03fef4fc
0902f201
02f80301
051203fc
f4110201
f7ff0106
0009010a
ed1616fc
18ea0501
efe6e904
f8f203e8
03fb1801
faf3010c
f80ff8f9
04f906ff
fc13f502
15fbfb06
00ff04fa
050ff310
f506fb03
efdcf4ed
ecf50bf2
f8fd00ca
fef7f9f7
f419fe05
1f222901
0a0a0221
fb00fb06
faf0fde2
0ffc150c
f405f104
fe09fd0a
f5fdef06
f10d1702
04021a0a
07f90301
fb06f9f7
ee0003f8
fd051003
ed0208fe
f014fd00
03180907
fe16fd16
fdfbfafb
ffe804f7
09fe0c09
f5eef7fe
ed1a04f4
02fcf811
ed11de00
02fe10f6
f900fff5
fcf6f1ac
e70b0c03
1ff50807
0ef90004
f6fb050a
010009fb
f8f9fc0b
06f4da05
e7edf50a
010bf1ff
0c1010f2
eb0e0903
f908fafe
fcf7000e
f3eaeaff
16f80aec
0605062e
f10dedfd
fd02fbef
040b0df4
03fe01f9
05f60b03
040c0609
fb110f02
16f80bed
0ff4fdf8
fe01f301
220e00ea
00f61707
12db08fb
0b070107
f714000e
fbfb0afa
f6f20cf4
f801fd0b
01e8fffe
fa080a02
01010101
fd070104
010005fe
07020512
01000202
f6fcfd09
0603fefc
060003ff
05fcfd01
fafbfdff
04fe03fd
fa050906
00ff02fb
0703fc00
030202f9
f800fffa
fd0102ff
03fefa04
01fbfa08
09f601fe
09fe0606
fafdfefe
fdf80000
fd020001
03fcff01
0307fc01
f5fff900
0403fd01
03ff0001
fafbfef2
fff60b03
0c0500f7
04f3f70c
f30208fc
fcf50df2
f9030b05
f908f601
0d040307
e500f6f6
e8131613
420ad2e8
f6d4e8d2
fed81111
46eadef7
64fc0a05
e31ae5fe
f513f2e8
fbf40bfc
fc16f6f3
02ff0302
10fc0c06
13f9ff38
f6fa1117
eee906f1
2518efe7
f3fd2f19
32194911
f11ee056
ea2ef0ec
fec20c00
dcd7090a
12d71cea
0312eb01
0bee050b
0620e8f9
f9040ff2
f7090603
f615d807
0c04f0e5
0708d1d9
00000000
ff000001
00000000
00010000
ff000000
00010000
01000001
00000000
f7f00230
06fcf101
1df1f001
080c09f5
edff0a06
f71803d8
140bf1e7
05fcea09
000000ff
00000000
00ffff00
000000ff
ffff0000
00ff0000
ff000000
00000000
fbf70a1e
20010ff2
f2eafbe9
faf6e5f0
fb0a12f9
04140c06
fa040801
090012fe
00000000
000000ff
00ff0000
01000000
00000000
00000000
01000001
00010000
d50c0410
06fdfb1f
e915eff7
0f1803f6
01f90f06
0ee7f2f2
16f20ae2
fd0ce826
331600ea
17e8edf9
0be913f1
080bea0d
f70e060b
f8f604fe
f010ffe8
17f8f2ef
e2e5fc3c
0a1ceb1f
35f62011
f544190f
dbf60ff6
ed250cdd
f2f5f6f4
f404f21d
1d07f8d5
e1baf8f4
ea25d6f2
11e9f6bb
f507f305
363eee09
120ae7ec
12e3051c
04ffeeec
0200020d
1e1421f5
130ef0fa
f508f602
ef0605f7
fff105f3
f3f104e9
ff010000
ff000000
0000ff00
000000ff
00000000
00000001
01000000
00000000
00eff4ed
081df3f5
ef041003
0429f929
000bf002
f8cf01e1
ff031306
ed04fbdb
e0ea0909
fb0f0708
f41f0103
fa180201
09f1f0f9
0ef102f2
38fc020b
f8f3ff0b
fd000c0f
fefb0403
08081104
fb170517
070efb01
f3fffffe
1500fa00
f5f50efa
3c07f8db
f2c2e8d1
a3fde805
fd07ec14
240af7f8
f7191528
d5fbf703
37d90e1a
faeef913
1609ff09
07f307f8
ec56e111
c6ed1305
e7edf5f1
30f802d5
ffeaf304
01ff0306
f40e05fc
0ef81c0b
0e1eff11
0511ef0b
0c15f9ed
25fc0b04
f6f1fbe4
02020001
00000200
04fe04ff
01030003
02020101
ff08fffe
feff01fe
00fb00fe
e9d4e6e8
f91cf117
f41ed915
15e61bef
2916e303
29ff1cdf
0cfd1318
0c10f70c
0cf0f2f3
f40309f9
f8100cf4
1520fd05
eb01effd
f31305ec
fe0304fe
10e800e1
0afff5f6
000008ff
0a0510fc
110507fe
010e01fd
f51902ef
f30005f8
10f103ef
1af0f9fc
070203fd
0cfd14fa
0504f301
fd09fef6
f1150d04
040002f4
1dfa07e8
1819ffff
ff040608
04d51a08
f5f1fefb
1612ebfc
fb0a0c23
fcf9fe1c
1af60b14
0b04f6f3
00fafc00
f5fdf501
fc11ee0a
ebf7fffa
fcd303f1
ecff02f6
02e904fa
f3090efe
020803ed
f8080a02
04f60202
08f106fe
fbf7f7eb
f20909fe
14fafaed
00e70b16
0ac6fd2e
17b0afe4
3c1321ea
dd12edf3
f6311b21
1d06e8f4
2ff3f306
2ff9e607
21ff0616
12ef07f4
f301cf01
030e020e
ef151a15
16fe00d2
11140ae7
fb070713
ef1007ea
0bf01514
fe01ea09
f0f7f6f6
f9e902f7
eff6f20e
041906da
06260cf5
fc060606
f0030103
f9f00b01
fef70302
fdf3f604
f5fff6f8
010b090f
1211e5fd
0ef9031f
09fc1402
eeeaf505
080103f6
cc091c1b
edf300ec
260f0118
30bfbde1
0dbbb5ea
ed30f2b3
3c4e4f16
d02bf645
2244e4cb
3b231ffe
16edb61d
1433e9c8
1fec00d8
e850170b
de08ca03
e3211d02
1af1f6a4
b20609dc
24dd15f2
e0032602
00290df4
1a0b1d22
3ddc001e
2d2af9e2
f00a04ea
cff5fe16
f21603c8
dce1372f
19221518
3e9916fa
01004704
03fb1a07
cef6f135
4703fd15
d437f1fe
040603fb
f4fef9f9
021a260b
e3ebf905
1a0ff7ef
e61d1e1d
04fe0012
2b08fe45
00000000
00000000
00000000
00000000
00000000
00000000
000000ff
00000000
22ecece6
f6fdfd04
e9f900f2
0ff4130b
0afcf60c
10110a06
edfe0b06
07e90b00
2052ff8b
b2db09ab
843295f1
15a6388d
10e3ea45
7ffc9fcc
d127ee11
ad2809f8
213d0fc1
01e61116
ed0120fe
12c22d0e
2930e80f
f2dfefe1
eaf40206
2924071e
132904dc
26deec11
fef419ee
f7fbef1e
0f2a0907
ded7ee11
010115e9
0b04ef07
f218dbc2
23f72c45
f82fcff7
f3e2be97
c9d5e8e2
0c122d1d
31f303da
40af1808
00000000
000000ff
00000100
0000ff00
00000000
00000000
00000001
ffff00ff
0ef6ebe1
f1effb17
ff27f0f4
f9f80f07
05ff12f4
f6f20e01
e010fd00
e5f7f94a
00000000
00000000
00000000
00000000
00000000
00ff0000
00010000
01000000
1ae42407
02eae9c3
d3e81a18
e416f83b
182713f0
f4ee0412
b913fa0b
031119f9
030e0f11
0bebf9da
010f1f08
0ee80302
2a45e914
3345ef94
e615e7f8
101412c7
c6caf76d
56fecf1f
5cc41ef7
cd44ad1e
e3134bd9
c60cfb26
34ec18d3
0424cfe0
00000000
000000ff
00000000
00000000
00000000
00000000
00000000
00010000
202cb6f9
1b09fd31
cea7e301
13da6be2
22e5ad18
dd0f4734
bf00163e
18fb07ec
e7c51ff9
f3271c1e
01f4f510
0bf81efe
09e921eb
e700112a
19e403ed
0204003c
50fcd40f
fef300e7
17e12cf2
ede3efef
ecfd0809
e90d0e16
f405e101
233217dc
edf00307
0318fb06
fcf2f808
e7f4f205
16eafff3
faee0715
fcf71106
f910f404
fbf1f502
03f30016
fa02edfe
f8fefcf7
02fb00f4
04030803
f4f9faf8
fef9010d
2a390ade
06ee001b
f0fc1ef3
f0060c10
f9fe0314
d5c1ee28
20f408d3
1120061d
f51301ea
eafc00ef
e32aeffb
12feedfe
fff5f60b
1ed7e2d7
090bfdf7
e108f9e1
e6101714
f502eef9
0116fc12
05f9effa
ffff06e5
09f9fb0f
fa0bfb09
fcff07ed
0e040715
0ff61b1e
130612f0
111a03ff
e6fd0805
f11200fc
fdfbf2e2
e5f40c06
fcfb130e
222c0ee8
31ff1f11
d5ed19f0
010c32ff
0209fde7
ea2bfa14
ea1910fb
04101006
e8de0dee
f9442cf1
0403f6fd
f90cf00f
1a1ae5bb
1efbebe5
040d0800
20dd04d7
fb1a1df9
08e9d7fd
fc75fd51
81e8f4f0
ecb810d9
ecf90908
0ac10d32
d7fbed0c
ec270b01
fe322422
f809e4ef
feca0beb
caec152e
ffe10009
d5fdfcfb
9e2334ed
1c01ece6
e7f9860e
e0ab19e6
4dcf47dd
f9c7f9f5
8c300227
d0d9ef2f
3ca69a0b
2ac2c112
20cbcbb2
0e3604ff
ed22042c
fe63f30a
392529eb
021cc3c0
00000000
00000000
00000000
00000000
00000000
00000000
01000000
00ff0000
f20b221a
1b0b23be
fceefd07
fbebc2ee
17fd2700
252ffeca
d0050df0
1af808c1
b3f8ee08
46aec650
0ffeacd3
192f4b2e
e11860f1
9dd7e5c0
810706cc
fee3c658
230ce51c
e30aecd2
e3f2de11
f90dd02e
19fffbf4
f83a19df
baea04f4
011af5ec
fc0bebfd
201408e7
042a2112
1ff3bb0b
fb06d4d9
cbfd1cda
d30f160e
0014ff90
0af60511
0cf405f5
0b1316f8
05fff7ff
06081a08
0225fcea
ea03fae9
fefc09e7
1b1840f9
d0de05ba
01176515
17e9120c
061cffec
d623dd07
07f4e22b
22141303
290803ef
db3cccb4
e7bffd28
f60cbbe6
0f2aa21b
6e37174b
6c19fc65
e6f5f7dd
34fdb3e1
f7bbcc01
323060c0
7f5a0c7f
c65cb442
01abcb81
38bd1406
23cdc8a6
c33c42eb
fae70626
d012e7f2
2de03011
3118f51f
0de3c3bd
19e72cd0
1e33f1fa
01ea0a09
e1ebf9e2
f522dffa
ff020af7
fc02f302
391902d1
0a07f10a
fb02fb27
d20c1b3a
0b260cf5
1a00000a
dc41db1b
f7d218fb
dd1f1258
d412fce6
8a8118f0
e7141a08
e31206ef
0f131e00
180aff18
2922e808
1d1ff6e0
2b04fe0c
120600e2
5c1db282
daf2e0d2
d1721cc0
4f2f2802
bcf9a954
069fcc1f
44071843
e6d3b6ce
db182148
ef27301f
11c5de2e
c9b303d1
2be51acc
fb5616fc
d0eeddf0
1d562a29
f6f612e9
25f205e9
e5043e21
2a0f4e2b
091e0de2
c509190d
b8100d38
25ed12ce
ded4ff10
c72929f7
e827021c
0d1819e1
04020115
5f04e7b6
42edf0f4
e3130e1d
2100e30b
c811fbe7
08e41619
09040504
0905b3fb
2a3d1e0f
29ff0755
15f304e5
2ae6e107
0401fe01
191c420b
36140302
032cd517
134f1a13
28edfc07
ebee10de
d5cdf217
d4231316
ec3ef81c
0219eee1
00f6f8e8
4506f4e4
40e7fd01
ea0c013f
0cabf817
c92e2fdd
074cee10
2b1a15f5
dde2ffe9
356d34e1
ed02f214
dfde19f4
b0e3cd0c
21e89cf7
d4671acf
0bcc09c1
59f8311a
fb2fb810
77f72713
1b429317
e4b1f037
05461dfb
2d1c272b
0c260ee6
f7fbe7ee
126b3b33
2bfaf41b
d0e123fd
0a01fc14
dedbfc20
1ce82afe
1a165011
f526c009
0b30f603
06e6ed26
f3e7fe30
130bdae1
00d6e509
fa0ddceb
27121c12
f106effc
f4140b00
f4030f06
f3d6ee08
29feefdb
df213122
348d8f15
07f40ce8
e50bc2e6
c7124637
8e0f23ff
cd33dc17
0a1b351f
ab081ad5
30c3edfa
25dd411e
1a1ff742
6aca97b4
110bed0f
895efbbb
2e7c0ca3
36d0ea3a
d2b1f2e1
0cf42406
1444b43f
00c0e135
360610e8
00f8f01f
ff19fa28
11ff0013
34e504f1
f402f30e
11020911
c723f930
e8e00ce2
f215ee04
ff0ee821
0006122b
09fef8ee
fd091409
08e04e06
f12cfe29
c60ae4b4
ddd22316
27e81881
7fd3819e
b800c481
d832d339
f20d0b2b
f98dbcf8
667f7f2d
14f781ed
e6f11801
e6fc28e7
ff30ee16
dbe9e8f8
13ecece5
ba2c1f03
fa1aed08
1110fb2c
fee31f0c
070917f5
06041713
04f4fdff
090912f8
0f2806ed
fe060005
0f0c0ff9
ef0d0021
e20ed8f5
0d2ee820
ebdceae8
10052ada
e7280b2b
e416f5f6
0a0e0c07
1011001a
fff61022
22d11105
fdea26fe
fd1a0701
f847f1e3
ffefefe9
2434111b
483681c1
2681aeed
bb490f99
2ff64ebd
fd28e77f
170181db
470425e9
ed41acd9
09e10b21
15001304
09d9da03
f8f20be9
07f506e0
ea2c24ff
ea07ef09
f40b0723
e8fb0219
0f01080b
180d0a03
e8e9eedd
0dfcf8ea
fd3915f1
01f0f401
09ff0718
cfd85c50
2aededf2
59d1383c
d71d035a
077f7fe9
6eebd281
9606f7dc
1efa3705
1bdcf70e
16f60e4f
32084311
153b0252
e12ce3c9
bc01650a
e0e403f8
7fa82732
5081b4f2
fb0cc1d1
ed1ff8d0
074e212a
c7db1125
f6161d10
2a401126
e7eed2d5
0d1b0a17
f3110110
2101faf1
17eff9f9
06ff0bf9
f9170058
e317f8ea
d6010bf2
00fe1619
08d313f8
ecdc03fc
0ff1eeea
14060a01
0344f31a
1502f2ec
08020fe9
05c8081f
f6f81ee9
171a1c00
38050ffe
f814cbf9
492c10ae
03e90c20
f409ffd1
f1ebdf20
03f5032b
271107f9
eaf7f0f4
09fd0303
ff2f0709
ffed03f8
ee0dfa0c
c5da0536
d0352a27
030aea17
0727f2c6
e3d4ffeb
0a7110f9
41e9e8dd
ef271604
f5160203
fb1105f1
f10ffff1
071afdff
f2df270a
fd27ee08
000f04d9
f6d403da
01d4e416
1523de19
f1cf1f0b
f9051217
2501f0ef
dd302b35
f3e11f06
0a09edef
ff0200ff
fcfd0efc
0506fc06
01f6f8fc
fd080802
fef703fe
fbfef6f4
00fc01ff
ff04fcff
00fffd01
01000000
00fc03fd
fc01fe03
01fc02fd
fefe0102
fc02ff00
02fb00fe
06040203
01010201
00060100
fe060108
ffe906fa
04fc03fa
fbfffd02
fbfaec04
05ff03fe
faff01ff
fffffff6
04f708fb
fbff01f2
0300ed02
f7000202
f50100ff
ff00fb00
ff020407
fdfbfffb
ff010600
fef40000
02fef407
0505ff00
fefdfafb
f9fffafb
fc03fd12
ec01fef8
070dff01
fffbfd05
01fff7f5
fb15f1f9
0102fb07
08ff0200
03f8fff8
040106ff
fa0a0708
fffd0004
ff00f6fc
060200fe
fc0507fe
0afef906
fcfe01fc
02020a04
fd05fc06
021703e8
fdf202f7
0206fe02
fb000401
0102f903
09fdf1fd
00000905
04070709
040801eb
fafdfe07
fd0006fa
0302ff06
06fe0801
0cfd0202
ff06f6f5
12000b04
03eb05fd
fb0500ff
fafe0107
f80b0b02
f7030703
0b0d06fa
fff506f6
09010414
000d04f2
fb01f2ec
f0fc0403
f5080300
fd0303fe
fbfe00fe
03fb06f8
06f6fd03
01ecfeff
fc02f1fc
fcfc0302
00fe07fd
ff020a03
0400ff03
0200f600
fcfd0bfd
03000400
fa0202f9
f901ff01
00fb0507
05fffd00
f5050600
0303ff02
04f40dfd
04fb0209
01f2fdf9
ed0602fd
0d01e6fa
01f9f403
0cf20a13
00fef5f8
fafa02f4
04fa02f7
0310ede7
0c010600
fe070c04
0302fb00
03fcf20b
01f800f5
02f30b02
ff0f0105
0005000e
030400fc
fcfe16fe
0c020707
19070406
00fbfc03
08060211
00f60511
04fe0c00
f50002fe
ff000903
ff03fd04
f9010d03
03f204f6
fdfd01ff
00fc03f9
fef9f606
ff0201fe
fa09f80c
0afef602
0700feff
00f0faf9
09000506
fff303f1
fafc0015
f00601fe
0bfc06f1
f9070303
06fb0d00
fbf9fefd
f5f10105
fd150212
f50500f2
fe020407
fef6f902
00fd0701
e0fef500
fa0a0601
f3fcf901
010003f9
f606f107
f603feff
02ff0afb
fd02fb03
f60402fe
00f7fd00
f10802fd
fe110206
0302fa08
fa0101fb
03fbf60a
fe00ff01
0202f905
01fdf809
f300fb03
fffc0213
00f9fafe
f6030403
f8fffef4
fff90700
00fff5fc
0403fefc
07f8f5fd
010900e6
0b01f004
fe050000
fffe0101
01020101
02fdff00
010400ed
03fe01fd
06fe03fe
fdf9f7ff
00f8fafd
0205e8e9
02fefc02
d4f7f40e
fdef03fa
f80a1cfa
000efe05
fefaf813
eff8fbfe
e6ec0903
ff081207
f0fa16fe
ff0a0602
0e141606
fbfafffb
0df301f5
ffff00fe
fff71001
05fe1007
fd00f900
04eefaf7
fc1a0300
ff11feff
0801fbfd
f9fc04ff
fcec0305
ff03fb00
f0070502
00fe10f9
f8e9fe05
fe1efd10
05fffef3
f3fcfdfc
fcf507fc
01ff0a00
fbfee805
fefe04fd
05fd0700
fff9fc0f
f0fefd11
0300fffb
ed09f8fe
0cfe09f5
0506fffd
06f802f2
fb050332
000616ff
00fadbf9
08fe040e
ef1305f5
050305fb
fb03040d
0f0104f7
09fb00fe
02f91708
0a09d002
02ec130d
fd03fc07
01fef2fc
ff010200
01040efb
0d0607fd
03fffff7
f900fc09
10fefe02
f808f200
02fbfc04
0607f9f3
0cfa07f9
f3fe0208
fcf61a0a
09fdef06
0bedfc01
f9f6f418
00fffa00
1007fa08
f9fd0102
0a1cf8fc
ffed0007
0312f9e3
1d0808fd
eef80903
fa00cdfd
19fb0906
faf61efb
fbebfa00
fcf7001a
1bfbf9e6
e801fef9
f810edf0
f5fcf4ff
0afd0402
faf90b00
060503f2
fdfd0619
0dfcf2f0
f905fd04
f50ff6f6
fa00f2fe
2205f404
0022dc01
f5f40700
012b00d4
dd01f4fd
180201fe
10f31103
f906fefd
ea0af90c
ff14f9ff
f90af6fe
fdeefffb
0e05f9fa
080202fe
060612fa
16fef806
fa15fdff
ff0703fb
0701ee05
03ffff11
fefdfd0a
0b020103
06fcf709
fd02f701
05080101
00090901
060efe08
02ff00f2
090cfe02
090200fd
f4f3fffc
07fbfffe
04080307
02fa0300
f4010703
02fb04fd
fb05f900
07010005
fdfc05ff
030103ff
0e04000a
030107fc
fdfffefd
000102fb
fcfcfbfd
fb02fe06
f505fb05
0106fe04
fb00fb01
01fe04fc
feff05fc
0004fbf1
fafff009
0cfe00ff
fb02ffff
02010800
0201fc00
010104fb
ff0406f9
02040305
fe02f807
fc0100fc
f7fcfffe
02010301
050204ff
fffffffe
0006fcfb
01f903fa
0400fa02
00020002
fa0d0204
030302fd
fffffffe
0200ffff
fb03fa00
00f9fcfe
0001fa01
fcff03fe
040201fe
03fefff0
0104fff7
f9ff0204
0102fcfe
05fffc01
01ff01fe
01fb05e6
fdf80400
fe00fd00
0108ff07
00fc01fb
0102f6fb
ff0203fd
fefd00fc
03040007
03f604fc
030005fa
06030100
fd0103f6
05fdfcff
05010006
04fdf204
070302fd
000105fe
02fe0b01
0703f704
02fe04fd
fa08fbf8
02040201
fc010601
fa0100fd
fd02f5fd
030305ff
0009f403
fffd04f6
f607f0fa
060d0305
fefb0209
080702fc
0105fb09
0202f7fc
08fd0606
050c0bf6
02fffaf5
05f00804
0afef8ea
090203fe
faf816fd
04060bfb
15f80005
02f90df3
fe050d02
0a06f90d
f700f7ff
340607f9
f5f8faf7
050507fb
09fd0309
05ff0bfc
ff0101f3
0b06fa04
0003f306
08090bfc
fcf6f1f6
08fffefd
fdfcfa15
07fd030a
fc02f207
040cf6f2
0b10fa01
f9050b01
feff06fb
0904f801
0af70707
ff03fd0d
01fefb06
fd05f502
fe010616
fffe0503
0efeeffb
03fffc00
fe0506f2
0003f608
f4030214
fdf304ff
07020c02
06fffb01
1306f0fd
f7f90205
0a02f8f8
fc020703
f7fb030d
fcf308fe
060211f3
12fff3fb
fd100004
01e7070b
f700fc26
00fefe03
06f40e01
fb23f411
1d1bff03
f8f705fc
fc030afc
0303ff0c
fe0c1106
ff15fe02
100203f8
f82af6ff
0604fe19
e8fa0b00
fb04f6fd
0309110f
071305f1
fa06ffe7
150dfbf1
f9120400
07efee16
01faf9fc
f80c07ff
fefffe08
010a0316
f7e7f8f1
1101fcee
f819f4fc
0404def8
09f1faff
1dfe1ef3
ec0dda02
ff220e14
fbf20e02
1e0805f2
fe13f0d4
e212fdf8
f8070c08
03090cf1
fbf5fc05
ff10fd03
fdf30603
12faf40d
faf003e9
f9190205
05fefbff
e407fdfd
03fb030b
0402fa00
f801f0f8
fefdf6fb
fb050408
0106040b
f7f1fbfa
060ff602
fcfd170e
f617fefe
fffcf810
130a0e02
ef0d0004
02f009f7
0ceaf602
0112e7fb
f703030b
faf5fdd7
1cf9f0ff
08f7ef08
0f02062e
11121026
10f11305
04ea1f0b
dffcf1e2
0510ef01
fef40e08
03f7f40f
13fdec04
030018fc
0a18fd04
00000000
00000000
00000001
ff000000
00000001
00000100
00ff0000
00ff0000
00fe190e
04091a0a
fd16161d
efe80211
00f405ff
f332e6d8
05eb0c29
e9f90f07
f7fef0f4
05f401fb
1209f3fb
00080302
ef0e0902
f8f5120b
fd03fde4
11ffed01
14faff0a
effa0901
0cec03df
0c050513
e9f90013
0b22fff3
00fb1417
14f908fe
fafd0cfa
0200fffb
07170512
04f60300
fd0a04f3
fd02f9f4
f4f8fdff
fef3060e
1005f8fb
0c0105fe
ff03f002
e80a0511
fc0106fe
f1f2effa
03f600fc
05ffee03
320af70e
f2f7031f
03dc13d1
2407f318
e1ee0d15
0a08f3f6
fbf91c23
f3db2902
1ef504fa
0008f9e8
1224fdfe
fbfd0cf3
fd0b13f1
05fef3f1
f1e5f200
ff03fd13
00000000
0000ff00
00000000
00000000
000000ff
0000ff00
00000100
00000000
f7292205
03fde40d
ec150f1b
f002f014
340611f4
eb43f402
fe13f41a
07f3fb13
e703fbfa
12f60ffd
f2fefff8
0808fd0e
fe00ebed
05e50b07
06fdf70f
0bf90911
fa1cfa16
0eaf1d5c
bcd1182b
bc31d539
ece11848
c210db19
0b284cce
e5d406b8
fdfc0807
f2fafdf4
f51619e1
0a07f90f
160cf40d
0a04f40e
fbf008f3
0bfc0a16
00010000
00000000
00000001
01000001
000000ff
01000001
0000ffff
00ff0101
c7f8d900
1b001b09
fce909e9
ecfef002
faf7f7f7
01040f14
150900fe
1501f9ee
ec2321fd
f6f9ea1c
f21e0e2a
eafbfd19
34fd0600
e0180cf5
f242150a
01def9f9
f5150301
000e0204
e50b0b19
f103f713
000203f7
f81002f7
03230912
ffeffe09
00000000
00000001
000000ff
01000000
ff000000
00000101
00000101
00000000
fd13fd0a
da071b08
ea01fdee
ef0dfb0d
f507df0b
f9f702ff
01d9131e
f7f4fa16
e00e25f9
eef7d607
e3031627
e7f7fa18
1dfeed0f
fe110cd7
e322120c
f10cfc0b
00010000
00000000
00000000
00000000
000000ff
00000000
00ffff00
00000000
020e030b
f60712fa
e6ef051f
e302ee10
10f6e8f2
02f609fb
f8dd1411
e901fdfa
9dc4f906
08ed35fb
3019e34d
f6fb19de
f913ddcc
0d2b2a13
2d1ff9eb
16f7ecf6
0c1efff6
05010506
e5f50628
1007e915
0ef3fcf3
03f10e08
071d0c08
04e8fced
f30810ff
1206f50b
f3171632
0e040015
0b05fdf9
f40605f9
f700fe08
eaf0f9e9
ff000000
00010000
ff0100ff
000000fe
0000ffff
00000000
0000ff00
00000001
05fffef9
030007fe
07fbff0b
191afe23
f8010202
fcfbfd03
fe1309ff
ff00f2e5
ff220b0e
030f112b
d603fcd8
f9c7fa10
13e90612
fa190bdf
f5001af9
081202df
1807eafd
f5070503
0e0df7e0
0c13f101
172215e6
f4090d10
f6d7f5e9
0ef1f5fa
d2f3fc10
13f224fa
ebfc01ec
050ff118
f3f9e101
f7f2192d
13001d12
e104f6f5
12fa0806
020302e9
e4ff03ed
12030825
0f000f0c
fafe0ef3
faff2c15
ecff1315
0e00f7f8
f2f40100
0afef9e7
0207001a
ea0508fd
fd042110
feff27e7
0ef304fe
0ffafff7
f70505f9
f50a0904
0dfe0510
0905f8e4
090d0c08
03fe0603
0bf4100c
3d2eece6
ed02f912
cced05df
2213eb16
1cdd04e6
14e71921
26280b29
1edd1f15
0f060b03
fafc0a0b
f30e080f
f8fefb21
17fa05ef
0c12fdfa
ff090c03
f9f5fd03
01010000
00000000
00ff0000
00000000
00000001
ff00ff00
00010000
00000100
2beeeb08
170feffa
dac709c1
ff22f41f
f3eefc17
22e30118
fff5230e
0a24fbee
1005f704
f6fb101f
0bf202f7
f70bf334
f105f80a
0d05e10c
070823fb
0700f0ee
171503fc
0b00f806
fcf4f7f0
0b13040f
00060bf0
15f2f8f0
050c09ff
f40fef01
00000000
00000000
00000000
00000001
00000000
0000ff00
00ff0100
00000000
00000000
00000000
00000000
00000000
000000ff
00000000
00000000
00010000
da0b0b04
0c0f0d20
e30812fd
15000104
fa09f3d6
0efde3dc
dfe410fc
ed1009e6
f6eb0c0c
0819f9c8
f0f51193
330cfad4
0700e305
52f24e11
f3ea2b1e
fc6dfaf3
0d04e9fc
08090a0b
f8ec08dd
0713f7f5
e804f6d0
07eeee07
08e7220b
ff1df1eb
3b282101
e7e3eb07
d521f9fa
18110918
2bf4200d
e0f503e6
e9275ef7
ea04ea0b
00000000
000000ff
01ff00ff
00000000
000000ff
00000000
00000100
00000000
1e0a08fb
fb02f1f7
f4f6fef1
0f06fbf3
f7fb00d8
f7f2eb0c
07062c18
fd11fd0b
e498b2f0
f3ebf73a
1caf38d5
ee0ee4d0
94ebd7e6
15f40454
2ce22d3d
6c0c11ab
f44ffc08
1108231b
fc11eb1a
ecf202d9
00fa159f
e93cebf1
17fdfff1
fef4f908
00000000
00000000
00000000
00000000
000000ff
0000ff00
0000ff00
00000000
00000000
00000000
00000000
00000000
00000000
00000100
00000000
00000000
00000100
00000000
00ff0000
00000000
000000ff
00000000
0000ff00
00000000
2e0521fa
0206e4d3
e6de031f
f8120bed
fbfff8df
01e8d7f5
f92d1e1a
e82a140c
c1f006f0
01110cd9
0b36efff
15e715e3
4710e50d
f90e20ee
00fe42fb
0a290207
25160ff5
0a0fe6db
e2090205
040f04da
1df712dd
f3f804ed
010b1411
f91d0113
f719eb05
0c071406
e80904f8
fd08ece6
02f9fb02
e9fa0714
10f71805
01fc07f9
0decc803
1e08ffef
fee101e8
041900f0
f7fafefe
f7d9061f
18f22114
130f0afc
eefee71b
14dd0f02
25f8e720
d90e00d8
d2fc20ff
d72c05f7
021716b3
0902e5e6
1a0836ef
f4f6ebcf
1201e02b
05021fe5
320516f9
f00afeea
ec16f8f6
0903fb16
64ea2609
d514e2da
06ec1d15
00171901
041e180c
13ffc4f5
daebf30a
e51c2f03
39ffe213
1efffdfb
e1baf1b8
111804f3
ece71829
f6ef16e2
fb0924f1
dafd1505
f9b80a29
cce207ef
3501fff1
00cb0042
d9fdef7f
e50fe3f6
ee08730f
0100fa06
084bc806
20e2ea03
15f4cd12
ffc3e1ce
eedb5600
09081139
11e3b5ae
2dfff9fa
f8e50fee
0603eb06
f0ff10fe
0306faec
0917ee17
f9da110e
f202ed07
0af70df8
f5b9960f
20214141
2d9831b8
c608b606
b901e135
f602ce2a
038d1406
ebfb20b3
1723e500
f2f701f0
e0f509fd
ff1ef4ea
d5e4eb12
f9f8f50d
2a2ed431
22f8fd15
2f1b22f2
ed09c9da
180af802
fdf000eb
09012021
fe050bca
d1f9d7f7
160df20f
f7fc0a0c
fc010106
f806040b
ff0205f0
0702f710
fb03fdfb
f20be1f2
fafc05fc
1308e7e2
f10efff3
e6fe1602
2508fffe
09fefa16
22f3ff02
1319d91f
21082a0e
fafc01f2
fe0711fe
fefdfc02
090407f1
fb0bf10d
05040301
0801d1f3
0bf80a07
0ad668f2
f800acd3
15daea4d
15ed1915
21eb0d09
28dbefd0
b264dce3
f923280a
0d00eefc
0ff4ec03
06e80402
0a12fef6
ef030b1d
fbfa1202
0a12e003
07f10602
00000000
00000001
00000000
00000000
00000000
00000000
00000100
00000000
d01cc224
1cf00729
4ed1dbde
eeebcdd3
adc1d523
05821855
fff1e7ef
e90500cb
0b0afffd
000006f6
08f00104
0404fdfc
f8fe0118
07fef809
0202da10
05fc0906
11b31308
fefaf3f2
1af70205
f90d1212
01f8f143
ee00fe1a
02eefe0c
fffcf9ff
f2f015fd
eae7ebfc
f11a0d18
09060d09
11120138
f22210ec
f521fefb
07f6f701
1d37f201
32ebfebc
cc00f315
c03909df
e7fc2b03
dcdb0ac4
e810bdd8
fa39adf8
eb060ff0
2b030dd4
fc0b0f2a
cf150cec
eb2b1406
0014fcc0
e8dcc2de
d23cdbea
e9f4f5fe
050c0916
0802ff04
07eb080f
1af5fa24
fffb00f6
fef5fa0a
fff417f9
1be2d8e7
dcfd26fd
d3ce12d2
31090616
e9e7dc42
1102f01c
2b210a3a
27e72215
f0e8e90e
06fc10fd
02fe0701
0305010a
d706fb27
02f70017
04e7f102
080100f7
3a41fa2b
ea0b131b
f220dfd2
ef04f502
0ff21126
e7fafc01
f6b3f90f
e3eef3f5
e4f6f1f6
182e15b2
f93802f4
271019d6
3809052c
38073401
17d3d51a
0a5a0712
f81c10ee
02f729ff
010b0d05
0ae511ec
d101040d
0c1117e6
12f0d814
0106fd06
d4e908f3
1512fd04
16120d23
0dff1ffa
f017fc0d
17e40aea
f0d2c301
f50b1de6
f5e416f2
fa08f43a
0c0824fd
34eb0006
63da080f
ff1d250f
ebe1d92b
06c827fa
420aebf9
1908f4e7
f4b2e2b6
312012f7
d5fa170f
09ea09de
1731ebff
f5de1040
2d2452fd
051ad30b
dfe71020
f1fdf00e
38fb2105
192ed7e6
d315d2e9
da1222f0
0fea1dfb
efe6f00a
ff0f0803
0505141e
32060f4b
e30a0ff6
e50d23fa
faf1f3fb
484d1822
d1fed424
0f4bfec3
d92d16e7
2f1d1e29
c53217d5
e5b8e428
f7d9c4fc
ee0a0706
fefa030d
e6ff2415
f409f71b
0efaf926
f41ff4f1
071df827
fef7fefb
e6fff906
090111f1
24fc0f1e
031a000d
00f80018
f921f0f9
0debe726
e5fb0606
daee0014
f0cde5fb
e9191d11
0d0cf303
0c162541
d5461f19
fa1b1d18
18e0d70c
02f8f207
f3ef1218
d71d22eb
f813e1ee
3a0f1925
eb352106
e6fbf0eb
0cf3e9f3
342808e6
0a04d2fa
f0ebe4ee
181308f6
0cf41910
0bc91601
121cf0ff
fafe0311
0f10e9ef
0617f6f8
effc1b09
e604e803
24fd0916
f7f1e52a
0ce8e122
1a040402
fef605f6
fd0a03f2
0504ff18
12f913fe
ea09ecff
0ef3fa00
fd00e1f6
0b031210
1709f5e0
fd0601ed
f0fb00f9
170bfe06
0414f118
0cfffe00
1617ec10
1a040815
a1b2b30c
e8ea4f1f
470dff22
12c7fa3a
d9fbca3d
ea0dd730
1eef2511
34c20902
fe1209ff
f0fdf501
f3fb1920
fefff114
0000fb28
040ae3ef
f72a0120
060910fc
c1c7ec17
030225c5
4d2dfd10
daeeeffc
e410002c
0940ff0f
f6ac05e4
0750cfe1
1cff1701
0aecc4bb
c9f1301e
291de94f
20ed066c
f29df103
d1f84866
c50b0615
f7414511
02fc0903
e306012a
e50c0424
f001f424
f503d5c0
e52b07fd
bb0907f8
0ac92921
2a1ee3dc
e6cb17f0
fa111942
15051648
271dd6ed
f4ea2b29
aa372908
f5d115d8
e2ec2114
bc1015f5
0addf9f0
0126ebfb
14d21e09
eb2a05ca
3a03fcf4
4136efe1
f9f8df02
fa01db0e
1115fb07
14e02325
fed5fc26
453e011e
01ff0911
0c29fde7
eefcf2f3
1b08f40b
01e6f1fe
07e9100d
f50e0b04
fe07fb02
2af6f501
39110b12
e70bca4f
e329fae5
d32afe03
37eb091f
fc000a13
07140116
f90f02db
ed18fb02
08f8f5fa
31eded13
01ebffe7
ebdb0602
07eaf718
01f5e220
20fb06f5
44ff400d
c904ead3
19fbcfb6
22fcf0c8
d2ecd5f6
21161037
203dd001
0a0be93a
0f09f8e5
1d240331
04f5df4c
d1effc43
30f316fc
b0e684d4
f5d9d7ff
d9a81416
ebca3ae4
d611db1f
071d2b22
fcd8f61c
061aac11
0bbae137
f7031348
04f421f4
f41b0a09
070d0ce6
17faddff
02fdebf8
0900d403
0bfafc3e
1a1de7ec
dd07fc14
8137eb18
0ae13bf8
011e0137
ef00e5f9
c432eb1a
fb1ff0ef
fb09f5ee
d311f1ea
1405110e
ed125432
f21ae3f3
dcd02c16
e1f0ea14
eb05e6e3
160611ea
1bf501ff
9edcee06
2c1518fe
fd4a1f48
f9e104f5
f610fdfa
fffa1210
eb9cd5e9
ff1705e1
d014f1f7
2ffd23da
2afd0030
d6ff001d
de262d32
0303f3d0
d9e2eea1
ee33e5e6
f3de1809
e8024400
3b14c30e
dbee0bd5
be10c1ec
052fdcf9
2130d5ad
e20edb01
fd98e3f7
273dc181
344c05d2
4aab3403
081440e6
35ff04c5
0481d859
1d37fb77
d2e746ff
f400f8fe
0a450432
fadc10e1
e01ce6e5
08f8f9df
e10dc5f1
fe0cf704
06f4fffe
0bf33002
f0e20d0a
00f5f706
0b1e0a1c
09fef4eb
f50f09be
e1001000
002d2317
0309f818
e12704f9
f613fb0e
050a0516
de07fcf3
efd9f621
d8ebf502
fdeb0606
05f9f106
f7010cfb
0109fe03
ee04f80c
fb0308fd
f4fb1c04
0ef7ff03
fefb03ff
fe02fe01
01fdff03
00fd00fe
0303fd04
00020001
fbfd0202
0300fffe
ff070aff
0305fb01
f5f8f3fb
ff02fc05
fef90107
fe09fdf7
fbfbfff9
fa03fffe
0a1df5fd
09ff0bf3
fafbf011
0f0404ee
eaf203db
ed00ffff
080bd1d4
03e80514
f008fff9
0400fa08
07020bfd
f9fdf306
fdfdf606
03eb01ff
fcfa1202
edfe04f3
fa06fc00
0001fb00
0d0106fc
ff010201
01f80afb
fdecfef2
05ff05f2
00020304
f8f505f7
fe02fb02
0c020407
ffff05fb
fdfe0b0b
fcedfdfc
ff040102
020204fe
07fa0ffe
fd050801
f400fffd
03fd08fb
f703fb03
00fffd08
fa1000f6
0903fe05
f806ff05
ff02f601
09fb05fc
00fb0502
0206f6ff
fe0703f9
0306fefe
05fe0203
0105f50b
0100fdf9
f90401fa
000dfa00
13fc0a0c
070a01ef
04f8f603
fb0e0203
07f6fc01
feff0cff
0401f806
fffaf8fb
03070301
fe050103
0607f4fc
fc060200
ee110403
06ff0507
f602fe08
f9ffff02
01eef306
fff7fbfd
0905020e
fcff00fa
fe04fff6
03020900
07fbfffd
fe060d02
040afc0c
00f3fbf8
f805ff0a
040100fd
f50601fe
0102f4ff
08fcfdfa
fe010103
10f7f507
fdf801f2
0aff0304
f4fd0201
0107faf7
fa000102
00fd06fe
02010506
ff000003
fefafdf5
0102fbf1
fefefe02
f8fcf500
fa00f801
f4f8fa07
0407fefd
0807eeff
fdfbfff1
09f6fbf8
0bfffeff
05fc01fc
fffe0403
fa02fc06
0100fdfd
fff5f4ff
01ff0208
ff01f5f5
faff0403
06030cf7
03010601
050805ff
fdf8fef9
020afafd
01fb010d
0204ff03
04fe0303
0005fc09
05ff0005
07fc0003
03000100
090b0801
04f3fcfd
0204fe04
06000301
1004e2fb
fb03f604
130016f9
00f3fcfa
08f7fa04
fff803f7
050affff
12fe0104
faf9f506
0006f7fc
01f9fe00
fffaef04
00fbfa10
03ee030b
f30df6f6
f60501fd
04f91107
0104fe05
f6ff0c01
fd01fafb
0af90700
fff6fe06
fefefd08
090200ff
f91909fb
fd020604
fe0003fa
03170e03
fff10107
fe04fe00
0afcfef3
fefe0204
fd05f709
04fd170b
f8ff03ff
04020307
06f0fc08
ff060300
0afcfc09
f1fc06f9
fe010301
ffff0206
ffff00ff
02ff0306
ff0301fc
02fd0806
fffef6fd
010c03ff
09f0d905
0002cd01
d6010003
03fa0800
0b08e7fc
0244ff0c
f30af7f3
ef0301fe
000300fe
ff04f6fb
e2000e00
ff0009fd
030d01f7
ff02fefb
fd00f8f8
01020202
fcdff5fd
fd01f901
f4050504
fff8fbf6
04f904fc
02fb0001
ebf8f1ef
fafe0002
fefd0e00
080412ff
fbff03fa
04f9f0fe
070008fe
01f500ff
00eafef7
f6fd0101
eff80305
0804060a
f204fd03
fefb01f8
f70204fb
fa000106
08faed0a
01fbffed
f9fc04fe
08f906f7
f0fdfcfc
00090c05
ee080728
fcf91402
ff0cf5fb
02f901fe
f8fc01f8
02f6fdff
000104fc
03f7fe17
08020d33
f70cfa0a
f50f1af1
fd0502ff
fc12fb05
fb01f602
07ff0700
02f505f9
0cff01ff
feeffffa
fc0af80d
f3fe0102
fffbfe03
00fc05fc
01fd0e0a
00130bf0
fb01fa11
f9f90cfc
f807e407
f4f609fe
ffe123fc
f9fed905
f001f700
ffefe7fc
fa061601
fd1701e4
3005f801
09fd02fd
02150d00
0804ea01
05f4f0fb
01f0f7fb
fe09fa09
000cfe2c
10fc0100
0afa0303
00fdfef4
f804e106
f6fff800
f8fb00fe
fa090b06
fef100fd
f5f5eeec
eefe06fb
0c0218f6
0304f8fb
01f70501
07ff000b
010406fe
060efc08
05f3fbfa
fffe0609
01fa0501
f601fb03
04f9f104
fef80007
fc0b06fd
01f2fdf9
06f7f8fe
f40000fe
20010604
14010703
0bfa0a04
00f20003
fdfaee02
fe0c05f7
04f7ffff
fc02fc06
010f02f7
05fff800
0cff0201
00f8faff
f60d0c0b
01fafd04
fa0205e7
ecfeff01
fd0300f8
fa0104ff
020103ff
fd0206fe
03f9f801
00f6fef8
0504f2fb
fdfe0200
0903fc02
00fefe00
fb030001
f9fffcfa
010101f9
fd040005
fdfaf1f9
f903fefe
020000fd
fe010a01
0101fe04
fffafcf8
04fdf9fa
00f70104
fe00f6fb
02fffe02
fcffff08
0303f902
fb02fb08
fe00f8fd
fe0006fd
feff01fe
fefefcff
01030000
f7fafe00
ff05ff03
0103ff09
fefbfcfb
f80602fe
fdfd0009
0101f9f4
ff010408
010607f8
01fe0403
0201fefd
03fb00fa
fb07fd00
ff0902fe
01fcf6fb
f90102fe
fffe01fc
fd0502f9
0505fdf8
fd0003fe
fe010004
05fe0600
ff050003
ff0802fa
02fc01ff
f700fc04
01f902fd
fefafbf5
05000002
fbff05fe
f8fef300
f7fc0007
f90406ff
ff050801
fd010704
fdf9fe03
05020603
ffff01ff
fdfc0003
fb020402
08fd02fe
fa04fc02
0002fe02
fcfdfbfd
0800060a
00fa02fe
fd01f70c
fc0004f8
0304fffa
fcfdf8fd
f7010b00
fdfbfeff
fbf00100
0000fe10
03fdf4fa
04fe0402
fdfcfffd
0100fd00
04fafe0b
fffef604
05fa0107
00fdfdfc
0704f8f7
fdfd0600
000f0201
00fe0706
f7f90f14
02060c0c
080a0d14
ff09f508
fd0df801
12f904fc
fcf7090a
fff7ed14
f5fc0511
fcfc031b
01fa0626
f10ef1f6
fa0ffafe
feed01ff
0a09050a
fcf9f20c
f5ff1a05
fc08f60e
050d0c29
f204fb03
f10d0904
fef2fefe
1501ff09
f7fdf50e
010b0ce7
f905f5fc
ff080918
f0fd08fe
00fd02f9
01f1f3ff
1213f10e
f5f20111
fe0dfbf3
fafe00fc
0c050917
f31105f5
fefc02f3
03f7f1f6
fd0d1105
fdf8fd13
f70f0620
fbfffefa
16fe0e0a
f719f305
0216f2f9
fcf705fc
fa060f03
0507f60b
fa081310
fe07fa00
21060002
fa2df600
0004f40e
eff90bff
05090cff
f913050c
fb120cf0
fc05f8ec
130cf504
f90b06f1
f1e6eb04
f2fcfe00
0004fe02
fe000a03
0403f707
f9e102fd
0301f9fe
fb00fdee
ff04eeeb
1200f7fd
0dfd1e08
f608e200
ff0c0816
fff20509
1303070a
fefdf3df
e81609fe
f1050f0b
090305f9
f2fc00fd
0102f6f0
09031408
03fbfe2d
ffea0cee
f50615fe
f60bfefa
da10ee0c
0cf4190e
00e0fdf6
0306ec04
e6eff218
faf70c2d
1800060f
06f2fcef
0c02f608
fb081a05
0205f8f3
040402ff
fe0d0800
fa1df911
01e5f6f8
f3fd0005
fffbfb02
f501120a
f4e601e0
1400f302
faf1f828
08000c1a
13fe0f0f
fcf510fb
19f22a09
f40cf6e9
22f0f909
fbf92914
f40a011b
1618e0ea
060b0117
ea271001
05f70010
01f807ff
08fa08fd
f6fc09fb
f4130421
f807ff0a
f31d06f7
df05f8fb
cf141011
05010a05
fa011a18
04f702fa
14f9ff01
f12aece2
f3f2f416
deed0703
fb09f9f8
fdfdf803
f8fbfef6
040cfcf9
f5000510
fdfe0cf9
fbf304f4
19fdfbf6
07fafa03
01f8f3fd
fbf5f904
090c0500
e1020715
03e20d00
f30efcda
04fc00f8
0707f4f8
ff05f90d
fbfcfff6
0602fb02
05050008
f8fe0306
04f8f5fc
06f403fc
050b0604
0305fe01
fd000205
fcff02f8
fcff02fd
fcfef8f3
fafdf6ff
fd0101fb
05fffe04
00fcff07
fafb0600
0403fb02
fefd010e
fdff010b
060903ff
fcfa03fc
f505fbfd
00010009
fdf90100
0500faf8
0303f807
00ff0701
0707f004
0505fff4
0a0c0bfb
fa0cf8fb
000f0807
03fa02f0
0010fe03
020af8ea
f6f7ee02
fb0800fa
82200814
2ece0f2e
c6200841
e308e2f2
0cf8ea1f
c91a1927
276c0604
e6d5d8ec
1105d9f6
f4ff0520
00140409
17ed0009
07f5121d
f902f110
0f04fa15
11d91802
2c03df03
f8df1f43
dbbb16de
cc44ef0d
d8090c53
f0e80915
f60733f7
f80a05a0
0cfcf7ee
1501f2f5
0906e803
040211fb
f7080ef8
03e109f0
f8fee505
0d0b010a
00000000
00000000
01000000
00000000
000000ff
01010100
0000ff00
00000000
09e217fb
fdf1f7e3
1a1bf0de
19ff1ae4
0405fefb
16fc0efe
fde5e8e5
110f001b
00000000
000000ff
00000000
00000000
00000001
00000100
00000000
00000001
e4f516fe
12f4f6f7
0c0d0af8
f3f008fb
24fa05f8
fe11f8e6
f1fbe7fe
f20ff704
00000000
01000000
000000ff
00000001
00000000
00000000
00000100
ff00ff00
ecda1301
2409f1e5
f9f4eac4
11f21204
fb130219
00f411ec
fe3e0ee7
0001fa20
e1eae70f
2300ef0d
17e30bde
e504fd00
d8fb0c10
03e701fd
ea1202ea
fe0affe3
f2090ffa
f3250cf0
fa10ed99
0f0d04ce
0001e0f9
1a072f0c
0befd416
1b14f717
e9c9eefb
01fe1107
1bfd10ff
eef007e1
f315f7dc
1a17f002
0f13c4d1
f00e0b1a
e3faed05
f0011301
01f9f8d1
eafb06ed
e508e508
03f10a06
07d6f309
0903031e
00000000
00000000
00000001
00000000
00000001
00000000
00010000
00000000
2b11001c
e4f502ed
ff01dfc6
f3fc0af4
0a041629
feef2a00
00c22707
01fbed21
050c0dfd
fa07f8f3
e9f7fdff
f3f2f8fb
0900f609
0afe16ff
0cfc0414
02f9041e
fa22feff
f9fd0afe
eefcfa15
f6f1fcfb
fdf0fd0a
05ff19f6
fa00f7e7
17f6f7ff
72dbe3fc
e51c09ef
1df21e07
f7f9000a
fe1c20fc
2906c8f3
f2b1ead9
e11918fe
09ff0101
1514f0c8
e1f1f6cb
1e0d00fe
1c020843
2be636fb
f8f01203
f643eefb
0a08ed02
0600fff4
08e3ecea
1613fefe
ebfb0613
08f91402
110ff4f8
05ffebfe
fd00feff
000101fe
02ffff03
03030002
fd01ff02
ffff0201
0000fbff
0101fcfd
44d6f9fb
e5f8ebdb
0eecedf3
0f090814
f7e8f309
edeff43e
2f301928
34f5e622
02f2d8fa
0808f8da
0df600de
18010401
daf90907
0dd4221b
09d80110
101901fc
f7f8f4fa
010301e6
12faf7f9
080106ff
eb03fdf9
fde61e0e
01f3f500
08fd0702
030af1fe
0a0700eb
06f6fff6
f207fd00
f0fd05f9
fbe31f05
f7eaf3fe
fd0305f8
04fe3006
0f0eea04
15f7fc09
e80b0719
f3180aff
f31d01cb
dde8f9e6
bbee12fa
0fff0d06
f8f5fbf5
f00800f4
0803032e
15001032
01f935fe
f3f927fa
f0f414fd
fa11fe01
fafe06f3
fa040311
fffefd1d
00fd030a
06051006
0100020c
05ec1504
e6d7eaec
f304d5f7
510a210e
ecfd0bdf
c0fdc6e2
2bf6340e
103acd09
2a1206ef
14f8f502
1c0bf2ef
e6eafffb
f4161918
ebf900fd
0bd913eb
f0efd9f6
0cf40504
ff0feeff
020015f6
e816100b
f11c002d
1b000d23
061418f6
0bf7060a
0100f8f7
fbfd0e0d
fdf3070d
f20d0112
f6fe0d38
f503101e
061206dc
f2fefce7
f7eff8f7
ffea0306
0e101d01
fdf10c19
e508103f
f301f30a
180bdce8
feeaeafe
eb0704f2
ecfecf02
fc0ef200
7ffbacb0
21b1e8ce
f5e8f6cd
56db3e68
17d8cfd3
3817f600
37c9350a
eb0702cc
07cbff0c
200a2749
2a002020
4cf3d7f6
daef0bfb
da372d07
f3c0eee6
e0e10c19
3cef0d17
080e1d24
b91dd9f2
fdf3eef8
141bfa1d
23c7ee0a
b24bf105
05f1e834
fb21fceb
e4face0c
e703ea05
d71f2800
fe230f0e
30dcbdf5
0ce6ee16
152a1b0f
0dd20efe
e7fdee2b
0bf2f9dc
1823b504
11cef013
e90c0cf3
00000000
00000000
00000000
00000000
00000000
00ff0100
00000000
00000100
0d0fe7fd
f6f6f92a
07fd000a
f8fdff12
d800f8d2
0cdce21d
0ded09f3
14fa09e7
020304f7
fdaeebc2
f660e47f
57c82731
30117ae0
e92600e5
fc450fab
0bd5e466
01d6ff1a
f4de080f
2ee9fa27
c9040a32
b31406eb
e914bbdc
ef0743d7
f306d9e3
ffdefd24
fffb0811
27e101ec
f0f8f631
f300ffec
fbf9dcf8
deee55f4
e203f3ee
f5bc41ea
3a1acdc4
e79e3166
100d293e
ecd7e7cd
58d6acdc
046f0f2f
c35e5bfc
00010000
00000001
ff0000ff
01000001
00000101
0000ffff
00ff0000
00010000
d6dd1212
0ef9fd19
140efd1a
09de0209
0203fdcb
f001f41c
f0de2ef2
e6ee07fb
ff000000
00000000
00000000
00ff0001
00000001
00010000
00000100
00000000
7c09eb13
ce0ffef5
140503bd
0f03e1ee
110d29cb
fbf5ef11
d8a53bf3
fb05f607
2fdff405
d90cfa13
440dd407
f2001bc4
0ff40793
f8ffedff
01ffdef6
29e8f708
e4173505
0a411deb
f501fca5
f510cedd
60f9b0c9
0cd51d10
e0f6182e
c128eaff
00000000
000000ff
00010000
00000000
00000000
00000100
00000000
00ff0001
724e3cdf
cb15d80e
163ce430
eef52815
ecdc18c3
faf2c9c1
fc120b04
0401100d
e305e404
0e0702fd
f8e4eb0a
00fd1105
d724e5c7
fc28f1ff
1c071eec
12fd0509
ef1de5f0
2c0d17ec
fb240b35
c60efff6
240523ba
edfcf0ec
f7c810df
f637dedb
041c0d0a
f9ff1607
ed0c06ff
fc0af609
16f2fee4
e811f304
08fc2620
e8f1fa05
08eb0cfb
fc07fafe
0108070e
080002f8
ff00f0c0
00e9f608
fb071b01
fc040c05
0405ed1f
15ea1aec
f2ef01de
e80ffa09
d61b2a1c
e51e05dd
e4e050d1
f31dd6f1
f0e9f30a
0be9f8fb
f6080301
15fb0bfe
f00514e0
eaec0d06
09024606
00f5f60f
e9241512
08fc08fb
f8fe1911
00f10402
dbfa03e0
fa14f5ea
faf6191e
f3000706
d5fb13f7
160ae601
010ff200
19f914e4
d414f6d7
05ee1adf
e6ebf7e0
0a040df9
ec2842f3
fafee1e5
ff04ee2c
0a0109fb
37ee13c9
f51303e1
e0190b1b
0df8fe0f
ede2e0fb
10060aed
04f704fe
0d05f7da
d31a05b9
0300050f
09f1fdee
1608fd02
1dd7fcf2
dec2defc
dcd42ca6
0c22edcd
d609f729
3cbe7039
fa1f6a06
1d5ef4a6
01f3f5f0
241b23e5
b70113fe
2d03040b
301012f3
fb0cf9ee
0be01c1a
e5fa242a
d8e64416
bde7eb48
f0493b75
12c4f22d
68ecdf00
c63dbdfe
ec414047
fba6330c
f53cde09
0d19ebe6
440dc7cc
17e5d381
03c6d589
1a843362
06f5ba01
170fe813
00000000
00000000
00ff0000
00000000
00000001
00000000
00000000
00000100
221a23fe
eb12ede8
edff1b28
032b0ee7
1719f9bd
1209d800
f715dd26
f7072011
bb811e07
98031ce0
554700fc
2fb3fcf1
1df88106
31f51b4c
fa0d422a
421e09fc
30f7eb03
e30c3c13
fb2614d3
fb2e26b7
2a17fcc7
f72806e7
1eb7c61d
f2edf100
12f806f6
0bf4f6d2
f6f8131b
100e04f3
d8eb05d4
fca003e4
ecfc1143
e90ffc11
f20305e9
f6061000
0400fd09
0ffe07de
ec0de4c9
09f3f817
ff08e2f8
1af61200
cbe7c4e5
13034c05
49ed321f
ddfad2cd
e33a1ad6
f75aebdb
f8c5dfdc
ce10f3e2
6c090a28
2b0dcd16
26c6cbd7
121707d8
5ccc5295
0a3f11c3
0d07edf4
b1da0828
c59a90c9
f2c84052
7ab9bb98
c9ea09b0
aa1da827
01a74c3e
2f0379b6
4127ee81
1c03ed28
b7dd19e1
07eaf3da
f90fefea
8101d106
e801e523
1f4d281a
2cfbd321
f4d2120e
08faecfd
1f0a1202
090204d3
fc2304d7
fe341120
0bf8ef0e
f8f8fb08
d128f4e3
001d0851
cd001de7
7fed0201
27dbf3e2
1b0824f3
fee5d434
19ab6e0a
07f5f903
0118fe12
16d9e2c9
f30bf9fb
ddfdf5da
fc05eafc
00f7edfe
00e3f90d
c7f293f1
50c6f201
18e2b4e0
0fa908fb
fedf6453
07c63602
19ca63a4
141e0be9
18ee39ff
e90924d1
b237365a
d85409cd
1211de9b
db34d6d4
0e35a630
f502dc20
661ee9fa
be26dce9
2ef6f6e4
10ebef05
db1026fb
2ec1dd1c
e6c8fbfe
2e1b1d0a
2c081ae2
000aede7
d6f6c3c5
28131cdc
1a270906
050d1cff
1b37f2c7
03f0fe36
261827f3
0a04f931
fbdcfef2
d90fe0c3
09020eb3
070301f0
f715d8df
d0f8ffe2
2bffbfe8
10110e05
0fc0dee7
211905cd
ede810a7
1de11014
2003afe4
2de6230f
1a0119f6
1f1b04e3
f4f9d1d5
28fc1de9
202700f2
09fd15f1
0c11fee3
e7fb0633
0d02fadc
f6f4e6fa
db040d0e
3d10079a
dcfb039c
35de444b
231a91fe
5ced1a14
b6eefc01
324e2bf3
3b1eb1fa
ef94db17
5505d7cc
e4e0aa14
0accd403
cadaf750
271a01bd
0624db14
f2dfecf0
380f0eb4
040103a9
22d72307
121e8dfc
2cd92d1e
dc00dbea
f7042e2d
4b09ed06
01fbf2c7
e911e4d6
0b4c1b18
3209d4e0
26ef08e8
e5ddfcfd
fafcef25
12fa24fe
08d9eaeb
e50bf2e4
1b100a12
08def10b
0dfd12dd
fc2ffd35
10e2ee88
1624fb46
4e3126f8
e9e00dfd
0c303218
3a3ee126
0105e851
9758d212
e7812951
e372de12
eb1ee8da
e4201734
813f7f25
255925b4
528181fa
1dd6df3d
09d4eb15
4ad0d7f0
f0e72312
c0da274a
db3907a4
df3032ea
fbe8f8fd
c0eae9f6
0afc280b
e911181f
0314f8c6
ee0bc4fe
ea0d0c00
1e06bb12
1ede0803
cbf3f0ee
03231120
e223f510
28f81bea
f5fbd7db
0adef403
fbc2cad4
20e230f4
d279237f
17df811f
54d7cc8a
d9818129
28812b74
ea81133c
81d17933
8116d9de
fcfbf10e
fb133c13
dc11fe22
eabfffe7
43dcf6e1
fb37e3eb
0c12caed
23f70302
210d0def
f908faed
13ebfd03
ff0affdd
f10d01ea
06eaf70a
f90bcefd
0e030609
da12fe0f
16064ffc
f1ff1336
f7e011f1
08e6f1fc
f630dfdd
16e6bd2d
f8fb090d
f1e805fc
f0ef32f4
0611fa1d
d82ffeb4
e706dbd2
fd190ef4
0d31b1ea
0c15cdee
da27e9d2
2ff01fc8
352f81f3
1186ffe1
120f2e0f
f0af13e3
f7f1f681
0d0aca46
f1f327f7
0509d612
16201c2d
f4f719f1
0122e9d7
ecfe00ee
ecffcc0e
fbecfe08
e6e72deb
0716effd
04001834
f60c10e5
0b11e1d4
fc05eef9
f81bbf19
f1fc14fe
410a7f0f
81f8220c
36ecc3d8
e33304f7
3e27bd21
0c371718
b53f13a4
f3fff6d4
37aeeaf5
e9320a16
3a8130c3
c2350604
87f2b31f
55e3d224
13d5fe29
12564498
f179aa16
280cdf17
2515c4bd
12ccc2be
31ba3202
13cc4d7f
118de3fe
050af7e8
ac152719
2900090b
fd0dfd2d
0be417f8
c506f5f7
e613fdd8
ece1d9ff
f1e70702
1e28e4f3
fa18f904
fc0e080a
0103e5d0
ec110dc7
03e8eff7
fb04bce3
0df50e0f
2131f6f3
fafad004
1cfefd0a
041af2d9
d71d09ee
05dd1547
1e1dc514
3aeffdfe
d8f10bec
040312fd
ec0c051c
090af9f7
fd0ddaed
fff3031c
0f23c30d
02e90310
18fff5e7
0b2bfdc7
cf07ead9
30262c9f
f110f9ab
24cd2df4
1b258105
0f17f340
e21ae1fc
040f15f7
e3fd00f6
31ff14db
f0e4fbe7
25e70203
07ead201
23082a04
493cff14
ee1c2411
1702e1cf
fdf7ecf2
f9eb06e1
00f2e816
1bd3ce12
fbe40009
06fffa03
00fe03fa
fe02fff7
fafaf801
040700ff
09e7fd00
f0f8fefc
edfefc04
08fb03ff
f605fd01
010307ff
fb000205
0402fa00
05f30001
f3fcfe00
0b000101
06ff0101
fe0403fb
ff020bff
feff0203
0103fd00
04f00100
f5040100
ebfc0101
02fcfe00
faff04fa
fc0604fd
fcfeff04
05010201
03fcfefe
f9ff00ff
effc0102
05fd01fd
00ff01fa
020305fb
01fb0505
03fefefe
05fe02ff
0a01f9fe
f4ffff04
0b06fdf8
f8f90af0
ff0417f6
fffcfd00
0209fefc
05eefcfd
ebedffff
e0f30200
0a00fe04
fafc05fd
00040101
fc000002
0600fd05
030104fb
fff60104
f9f001fe
05fdfeff
07fefeec
fffff9fd
03f8fa00
ff060303
04f5fb01
fe010302
f5fbfdfe
0af1fe0c
07f302f2
fbfafefd
09f80107
02020006
02f10301
fffe03fe
e906ff01
04faf809
03fe07ff
00fdf8f7
fff90406
05ff0400
02fcff01
f6f80af8
eb11fcf4
06fe0003
02fe09ea
f30e0dfa
fdff0906
0606fbf9
0bea01f8
f4f608f9
e80801fd
f9fafe07
04ff0cfa
f90203f6
09fb0b0c
060108f9
fef601fd
f1fa04f9
f80900f1
fbf4fbff
020af60d
0ffd1bf8
f2f9f30d
0f0007fb
ff0400ff
f8f70102
010500f6
07fdf7f7
1301f7f5
f205fdf7
f6faf407
000f0705
0febfc01
f9f905fd
eaf9fbff
050c0102
0409f3fa
04f216f0
00f70107
0100fd00
03f8f9ff
00fd02fe
f7040205
fdeff501
fe00f3ff
09f31007
fe03f7fe
0400fc0a
f7fd0101
0307fbfa
fae6070e
0203f3f7
18f9fded
f7070606
fb01dcfc
0a0bfb04
08fd03fd
f9f9ff06
e9f101fb
fbf104fd
02f6d1fd
edfe040e
ee111ae9
001e1d06
f2f5ee08
f8010907
fc0e06fb
06020014
e9160afd
0b14fef4
f20715fc
faea0bf1
14fffffc
f1faf8fa
f6fcf70b
f700fadc
fcde19fc
f40502e8
e9f9eef8
00e1e012
e8f30a05
00ec1014
fefaf4e5
f9f9fafd
0de9fff9
01f00307
0dfefb09
0a0ff610
e8f9fc05
f5181b03
fb0c04ed
ef07f213
0116f8ff
260709dd
2efc0bea
0802fd0e
e0f7fb08
fcebfe0f
faed05f0
fc050202
f60dfc00
fbfe0bfe
f8f606fe
fbf808f6
1cf8fafb
01f3f003
fa03fa06
fa0102ff
0504ff00
04fb08fb
05fefd00
00fe0206
fdf80003
03ff0404
faf802fb
1310ff06
f9f8fe01
02050601
fa0308f6
e7000001
06fa0101
f8fa0201
0900fff8
fc0602ff
01fd05fb
01fc06fc
07fe06fe
00fef9ff
fcfefefe
03fefcfd
f80200fd
03f30204
fe030403
05fa0bfb
04f4fb02
00fbfd05
03f30102
fcff0aff
f30200fd
04070604
0208fafc
05fa0a03
f4fc02ff
03f8fe02
03f80004
00080804
fb05fe06
01ef0f1e
f800dbff
f2120305
010603f0
faf1fa11
0d07f81f
02dbd301
0609d8fc
0df50302
ee0908fa
fff30407
fdeffdf7
01fc090b
fdff0602
02103008
fbee06f4
fb100a00
0e0212bc
00fa04f9
f3f8fa08
fd0a0304
ffb802f9
bb011403
b4fe1d12
e81208fc
050a09d8
08fd0106
fdf7f907
01f8fe05
fee1fcfc
de0ff801
dcfb0206
070f09f4
fdf40cf9
f418fa02
0404d80c
0306fee4
e3f5c63e
f3eb0a2d
f122e1f3
fd070401
080e04d2
0bf6f8ff
f5f9f502
08fafa05
0bde0203
cff90af3
d7fd0614
000000ff
09f6f3fb
0805fdf9
fef3faff
010906fb
fcf8fe01
f0ed11fd
fbff03fd
07faf6f4
f200f6f8
0bece9df
0ff6fef8
040d0dfb
02ff02fb
eefcf5fd
f8fefd07
f2000100
09ebf900
17fd02fd
0af1f7fb
010808ff
feec0403
ebd727f8
0d0708ec
fefa0001
01000a02
f8fe0602
020af7fc
fcfa01ff
f9f40400
fb12f506
02f5fd0a
0300fdfc
fd0601f6
f701fdf7
00fc0905
0302fafc
0bfafbfd
fff6f401
f007fefb
10fa00fb
f20111ff
fd05fc19
06f50417
0a0bfa05
f8f7fd00
fbfe0e18
f8f9011d
fef90400
00ff00ff
03fc15ff
fdfefa01
fefc0601
01040301
f8030901
06ff0007
02fe02fc
01fe07fc
fbfa03fc
00ffffff
fe01ff00
fffbff00
f701fdff
fc040203
0102fe04
04fefffa
02fcf503
fdfefb00
00fefefe
05f9fd01
f1fffe00
f70002fe
05fd00fe
fefe04ff
02fd0bff
feff01ff
01010404
04ee0000
fafbfdfe
efff01ff
fefe0003
fc01fc03
06000bfd
fafdfefc
03fcfb00
05fafc03
04fffcfd
f5f8feff
fe05fffe
00fffe01
fa02f6fd
fc01fe02
0101fdfe
00f5ff00
fffdfdfd
ef01fefd
0105ffff
ff0202fc
0100fcff
fdff0104
03000000
02fd0200
fcfbfe01
f9fd01ff
0236fd00
fc0702fb
00fb0004
02fdfc03
f9070100
fc07ff01
08000001
010002fe
02ff0003
0202fdfa
00fc04fe
00ff0104
fffe0101
02fe02ff
02fd0402
f6fe00ff
010301fd
010101fe
02fcfeff
fc010201
fc0100ff
02fefc03
fb0000fd
fc02fffb
fd080101
0002fefd
0601f5fd
fbfefcfc
00feff00
0100fc01
faffffff
fcfd01fc
020304ff
fb04fbff
0300f800
fdfcfbfe
fdfc0201
03f40003
fe010400
f4fdfe03
010404ff
fc05fbfb
08fcfa05
f9fff8ff
f8fd0101
02fdfd02
fe01ff01
f903fe01
01090300
040afd01
0dfe0608
fdfefcfe
fcf7f802
02010106
0405fdfc
fdfdfe01
00040502
0408f504
0ef70609
f9ff05ff
f8fcfa01
ff070302
05020302
0506fe04
010cfc06
fe05f901
03f4f204
f70404ff
f6f7fcff
faff01fd
0700ff0b
0007fa00
01fcf70b
fd04fffa
f9fafe04
0701fffe
00f80dfe
f8f9fdf6
fbf2f804
f30302fe
02fc02fa
ec0904ec
071af911
0cf5f0ed
0cf9170b
07ffeefe
f204fce5
f7f10c03
05050ffc
f4190cf4
2023f718
fcf2e9da
01fb0e12
1809ee07
f625fedc
01ef0c1a
f01fe51a
04f5080e
e4e3fdd0
fb05270d
f716eefd
fb03f4ed
f9161318
0928fc0b
e906d62d
06c9da0b
aeb812ca
04182b44
f40ef8dc
d105fadd
0fcf1445
0027f5cf
f20df600
0ffcf217
01e80efb
f70f161a
f101f0f8
f81c1401
0df9041a
1c0cf6f9
0a1314b7
0c1e1e02
364802fd
edf408d9
0c17e615
1b022d2c
fd5002c7
ffffea2e
e823edf8
fce4ff16
f0ef0dee
03fc1309
091408f2
0f03f7f9
110b15fd
08f8eff7
0bf7f4e5
0a08300e
0103130d
f8e216e6
fbf90feb
ef0410fd
f9f7f9f7
fc0a0c26
07f5f7f9
02fe0206
fcf40103
ff07ff06
f0fef8f7
f90a0b01
f6fd0009
0008f8fa
00f3130f
0607fa02
0304eb0a
020de3fd
eef60109
13fbeef8
e4f802fa
fbe30df7
0cf901f1
01f4f506
ff010a07
fdfef8f0
05effb05
070cfb01
d4fe000a
040304f7
0601141f
f9f002fd
fc08f0fd
faf0fde5
03fb060b
ff04d5f9
d402fae1
dcf10b0a
00010000
00010000
00000000
00000000
01000001
00ff0000
ff000100
ff000001
ec3a0df6
0ef82233
f9131ee3
e9f41212
f81e0b0e
f907f60c
130df302
37ea1114
12e7f904
0426f802
f4f5ef10
0809eaf5
09dff901
f7f801f8
e3de0702
0701f0ec
0022faeb
fefef426
0b0b150b
faeafbf5
1009f5fc
f326f908
f508e8fe
130001ff
f134f9ee
f1010c09
0209e900
f0080000
12f9030e
0b0b040a
f3ef12fe
ff21f624
ff04fdff
dcf8fbe8
08e7ec0e
0b11fc10
e5e1fdfe
040301fd
fada0409
fd0cf109
f5e300f6
e8fd19fd
0ff6f702
eef9fef6
e9fb0ff8
040af509
fe0cfff9
01f601f4
05e5f5fa
11000609
f50aec00
0301f8eb
f9fcf7f7
0c0affff
00050705
0d0704f9
00000000
ff000001
00010200
00000000
01000000
00010000
01010000
01000000
cfe23337
f6d5bdf7
1002f2fa
e7f10d01
fc62dbe1
3e16f0fe
45344eb5
1db6f601
1201e1e3
f51e0dca
f5fde9fc
f003feee
06e8f501
effefefa
fde4feea
f01afde4
e8ea0939
20131e1e
0c07f71e
1c030b1c
014dfd05
141e2006
3f189933
251b2eb5
17e2fce8
020cc8ff
fafbf620
12fe03fe
f60af501
011a0805
1219fe01
1bec08f1
0000ff00
00000000
01000200
01000000
00000000
00000100
00ff0001
0001ff00
fc1915e4
d7f208ed
f713ee03
1a08f800
15f50c02
160dfe04
1224fb2a
14041405
f7f01808
f3f811f7
fe10e804
22e20aeb
0327fae6
1a050c08
13031903
07fcfa12
f5091014
04120cf7
0204efff
2ffaf9d6
0811f3f4
131601ff
0ced18ff
0d0df616
000000ff
00000000
01000100
00000000
01000000
00000100
0001ff00
00000000
e9eb0e21
020c0000
1ae4f117
171f04f8
f205ff02
fb2312ff
15c5f30e
2402f1f6
ebd30a13
e3fa0216
060c1108
1101080a
fe1b05f8
e62817fe
2be4f205
2dfdecfc
00000000
00000000
00000000
00000000
ffff0000
00010000
00ff00ff
00000000
de041018
efe30508
fd11e706
fa0c0135
02f31d02
f5170001
21faecfc
1dfb0ffb
f6411c08
f2f7d4f2
fccafdca
e709ed31
0ceef7fc
171ae6e3
012d2bdc
0dd500e7
0b01fe0e
10f8e8f6
f60bec04
0df2f926
fdf107f0
f62200ff
0d0711e3
1c06fd09
07030004
2206fdf7
fbf3e902
00ec0314
f0f704f8
000ffcff
05fb11e9
0c0ff913
00000000
01ff0001
00ff0001
00000001
ff01ff00
00ff0000
01ff0000
ff0000ff
26f1f4e5
250eebec
0adce618
0c020114
0cefe2e5
fe1f220b
04eafa19
1817e5f2
dc255250
03d54f0a
da4403dd
d6e607eb
1b0e7f4d
ef27afef
250cdbaf
2cb95727
12d1d0b3
0c1ceb0b
1a01f9fa
fd0909e8
2635b1c7
35303109
242b5700
362fe139
f921f7d8
fe001df5
fdfce01f
fc0be500
2fdd19fc
2b0a22f1
0201e918
0939e4b2
00d6f4ea
0e050d06
fd09e908
170c020e
2cfe0302
0020090b
28eef905
2710f904
07d90101
111701f6
00fad111
1302eff8
20eefe00
f70dfa00
09e3ec00
15fdfdfb
f9f6fbfe
1d0203ea
fbf9de0d
07eefef5
03ef0709
0511f2fe
07fdfbfb
1214fc0c
06edfa0c
fffef201
f318fff5
26faf908
0df61008
f839f3f9
251206ec
3b0a0814
f6f60406
1805fdde
ff04eb05
0bf5ff08
e5020906
fc37f9ff
0f04fdf1
2efc050b
00010000
00ff0000
00000100
00000001
ff000000
00000000
0000ff00
00000000
f300110e
08e3eadb
e41ae8ed
f31b00ff
e419fef2
fa29fcf3
051f1cf3
220b2508
09f50c03
1802feef
feffe313
0901ff04
c403fef5
ff350a02
14f5f905
31fa06fd
090103fa
010901ec
fbf9f008
0b0d0f0d
d90004f6
00200c02
08021104
1701fffb
00000000
000000ff
00000000
00000001
ff000000
00000000
00010000
000000ff
00000000
00000000
00000000
00000000
01000000
00000000
00000000
00000000
f9f10aed
1d001505
0801ab11
e816faf7
cb0902f2
12df180e
03f50aff
f6ff08fb
33dfe1ac
b91bd530
ff26ff11
26e90bfb
f7de22f2
d72aef07
2efa14d9
33f2e0d8
1ef2feee
f605fc40
ff07d310
1209fffb
d7f203f4
fdf00901
32effd01
0c02fce8
2ca9f0f9
ff241624
eb03b729
34d7e4f3
acfe06e2
efb6fdf1
fcaa14f1
cd03fd12
00000000
00000001
0000ff00
00000000
00000000
00ff0000
00000000
00000000
06f803fd
0af6fd54
f9fecb05
05f4fbf7
d9f2fb03
06d900fb
3df6fd01
ff120105
f8481e01
be0b187f
1bf421cc
afe648c7
552514f6
da280de2
7578b531
4c440ac9
fc2f1b26
0f0ecf48
f6bfdd06
392cdc3f
f5e00212
24c9d6f0
29e1fd21
e4b2e4c1
00000000
010000ff
0001ff00
0100ff00
00000000
00000000
ff000000
00000000
ff000000
ffff0000
000000ff
ff000000
00000000
00000000
00000000
01000001
00ff00ff
01000000
00000100
00000000
00000100
00ff0000
00000000
ff000000
06f801f7
08070746
0013f600
0d0005f8
f9f9030a
02cc0004
31fb0cf1
e70e0116
06eef605
040bfa4a
fc101106
17fe04fb
fefffe06
07e9fc01
370b06fa
0718f800
03eefb07
01fb025d
eb110ff3
1d080b0f
08000c04
04dc02fb
400119ef
fc110110
020508fd
04060b41
f7fd1f09
08fbfdfc
fef90d00
fcd002f3
24f802f3
e50d03fa
f500eff8
07090748
02093810
21fcff11
09011409
14eb0003
37f2fb02
fcf5f3ff
ed19fe16
0be5045c
00f72fef
00ff111a
fc25e8fd
16e204fe
4022020b
f3f40c0e
17ddfe02
f60be73c
20273316
f7090dfb
1304f0f3
fcdc2311
2f0cee0c
e414f9e9
ffef06fd
fd0cee2a
04fe3102
fefb0b00
020feafa
e8f01007
2902fd07
f9f8f90e
ff12e3f8
dae7ee40
f82051f4
1209f1f9
33030cf2
fd0dff01
3a2305fd
11f8f7f7
fb050cfc
f2e10e4c
08007ff0
e2e5f7eb
fa1bfef2
fb3ced04
5f17eaef
38eaf3ed
08f4e554
d9010023
ed3754ca
f1f8d2dd
372cecfb
f31206f9
2339051e
110ed5fe
09dcf7f1
fc2705e0
e90a1708
0f11ecf3
0bebfef4
fdcd0af6
dfe518fd
cb1c0702
ea220fd7
15fc290e
01fb34f6
d62a0dec
2bee0d04
02f40607
1f1501e6
fb180b03
fe1201f5
09f6fce3
03fd2600
fef60b01
0005f3fd
feec0807
f104fdfb
e4fd020f
28b5fe02
ff0cc9f8
0f1151ea
fee10ce9
0208cf0d
b904f81f
0df403ff
fbe6fb55
149a275c
0ed1c702
10db432d
21fa34f6
f607f2f5
44f3de09
19d80edb
efa413d2
13edfdef
040cf4ea
13183d08
03fffef6
f7fcf301
fe03060a
f604f6ff
00140507
0900f7f2
0a0a05d3
0f053016
ff020cfc
feee06ff
01edfa07
e4f3fb01
e2110404
feebfbfb
f8f2eed9
071a2ffe
ebeffaf9
0910fe02
e8fb0f0b
e70c0bf7
e1f30116
0403f900
f108fcee
f5043cfc
0f090604
11fd00f9
fb0405fd
0009ff0a
fa0a0cfe
00ff0000
00000000
0000ff00
00000000
00000000
00ff0000
00000000
ff000000
de3deb4e
e7eb2cf5
06e745dd
1204022c
205201eb
2831fbff
0d3ced2a
22e5dac8
0ce7f8fa
041505d6
0f0a2c12
fa0107f5
f3f7fef9
fdf3f705
e4f3f801
e3140c0d
02f707fb
000404e5
04042905
ee041409
fc0ef4f9
fd070a05
fe060005
f9060a09
0dd7fff9
0a1f19db
02ff1f17
f8e101ed
ee0605ef
e1e318fe
dfd9f302
de18f609
1eddf3e6
df0af809
f21c3a09
210efe0e
fd06f1eb
f62511fb
1bec0d0c
05ff04f9
13e80606
f42d0beb
0e063706
02f201ff
f3f3000f
f813f5fe
00f2ea11
f71006fc
f30d16f8
22fd05f3
08e32d1a
05fa060b
f3fd08ff
100afd01
0adff401
0de1f802
10100fec
f7efe7ea
120849f8
eaf0e7e2
00eff6ff
ef0df001
031ce7ed
020305fb
14d60903
012504df
fff72e14
05fae9f3
f9ef04ff
eaf005fb
e9e7f808
e814f9ed
f705f0f7
0e040fd8
f1f31b09
1b000b11
f0f21401
1900eaf8
f3df08f8
f3030305
05f8e7e7
00e3ea06
f42843fc
1b17f0f6
1ef212f8
0630fffd
1e1914ed
311dfc07
fc24613c
db223ae8
9b0b2cc3
e50189f0
f8f44119
81ff9ac3
01cddd00
edd31cec
03fbedfd
f62119e5
f7fe3dff
1d0e070d
19f11605
150bf1ff
f8f40609
fd0b00f0
fff910f0
ff1d03f6
11f42b02
f606ff02
04f30106
0a14fb07
090efaf8
0904f9e0
1001f3f6
ef0101ff
f7fd330b
1021f504
0eeb01f4
0214ff00
0ff50aff
05fa06fd
14c40ae2
f81ce3e4
0a22252b
0ef5fef6
1922f7dc
e9fa2f10
f5f608f2
f1e3ddff
11e610f9
051b13f1
feeb151b
f1e410fa
e10207f0
def616f8
fad0ed0e
eb00fbff
1ce20bec
0106e9e9
fa033508
0aed10f9
0d0afdf3
e3051805
0af2fefa
faf3eb15
01fc0cf5
0b0b10e9
01012f01
f5ef1810
ed070401
f70b0101
fbfa08f0
0205fe10
e82eca91
132311ee
14ed3d01
ea13fc1b
0013dce5
00044f09
0d201e3d
fa5ccd2d
13d31905
ef3af8f5
110c0ef8
f60ddfef
f80fdc04
ece21309
fa28ef0f
e12804da
f916fff2
05ff63fc
002b20b6
d517171d
08fa1b3a
d80bf933
021cd1eb
032dfcd7
0cf602ff
fa0efef9
e6f727fe
1e17211b
fbfbfdf3
001d07fc
05fe2601
151b020d
091d11ea
27d5f1f8
072330f8
1522f004
fe16d5ea
0c0e190b
0d1af2f4
190c0c0e
01fd00f1
0e0d08e2
faf41706
07f6fbf9
f0f00402
fdfef302
f8eefbf8
fb09000d
04f508f7
fd08f0e9
f60f3003
11ebf3ef
f5d8fd0b
f219f8fd
07f9ec05
111f160b
e0281b05
230119d6
26ca3409
cdfa00ff
d306f917
0eebfb08
0408e605
e8e6fff8
03f40dff
140e0afe
02fc1a08
f6f00f08
e30d0308
f20c0302
0cfd07f8
0a070007
1217fcee
f4d4f41e
07ff2df5
e8f7faf2
01f4f6f5
ee3cfbfe
3c0af102
27e803f9
d9d9fdec
5b00499d
e811ee1f
0910e409
b9ff2314
20b2090b
cdb713e2
a62d051b
dbf12114
33faf7eb
f5cc1930
28e0f823
cf0922ec
0a02f8f3
06b0f307
fec1f0fa
d723190c
27d7daf5
10ca0731
2e11f030
0bd6230d
280cd709
0cd2cb08
12b2fad0
1b60ec1c
11d6c0ef
e37f162a
58cc4ebc
f3f82a7f
f5f97fcd
f72adfab
eb5b8d16
23fbe4fc
f8f8ed05
e00322f5
3e19260a
22edfeed
021dfbfe
0d0d3cf2
1319fa2b
24e53b45
cf11d6e4
2e6a03ea
21e1bd03
22c5be13
aee24804
d6098119
db4f7fd0
813081fa
f2d2f501
2cf413e3
c5114262
f52c1b13
6f0f0f1e
165f453e
09334739
e2102823
0a15a0f7
e2c92dc5
fbc0dde1
0ac4b72e
f3f90cf0
182de24b
070e172f
092ce2ea
e0d4e5f5
fc0911f5
e9fff6ed
23f00aeb
fbfbe603
09060ee1
edc5f504
b3082645
7f9c6bec
dafd0a03
b960dbef
042400f2
31ee4afc
05d6ff11
f12c3732
e8e41915
13431aec
f9e014fa
ea00f913
e9fd181b
11e70c00
f2e91d02
ed07e3df
d503fd28
fd36810c
a798250c
03e964ca
f9b4b913
c71cb016
1b1f4432
24f8f164
f4f12207
130efaec
1ae11e1a
eaebf5f2
eb0103fd
f6fd0802
04ece60e
fff6f8eb
c0420d2c
28bcedae
6f27cfe5
14ddcc52
c3180d5d
65d6b359
915cbec9
cdaf12db
05f806f1
070d04ee
09f60c02
f1fee7f8
f2f21004
f3040bfc
04f6fbf1
0900f0eb
1513e9ea
e9defa06
f3053d03
170ff205
01f4e9e7
fa34f3ff
1ffeff0d
17f50a02
e94de80c
22ce11e9
14b110fd
c40909ef
e9f3eaf3
25f2ed00
0402fc0e
e3d0f3ff
0248ca15
ffcc06d6
c71ae18c
94edcc81
1cc1e71d
13dcbebd
ce4862d5
d379127f
08270f07
ff0ffcc8
01e4dbf3
dd05f1f1
fee2f00c
eec7f1f0
be01f012
bd070f02
20e2d7df
f66357e6
430af4db
1e7f7b5e
d97f0af1
dce3c33a
e6e96881
ec88f93a
f6fffdf5
0c0c1cf9
f6f51b05
15f5060d
e8f31701
0e06ebf8
09e30af3
09030708
f8fa01ff
fefc03f0
f8070bfd
faf7f6f8
f60cfd00
f5fc02fe
f50b06fb
f7fcfb08
f6fffefc
fc060109
fb0309ff
fd01f800
fc04fd00
01faff01
edf9fefe
03010206
f7f7fb02
0801ff0d
06fd1c09
fc02f901
02ff0601
ff06fffc
02030001
0d020103
fcfff414
feef0107
fb081603
feffeafb
0601fffa
08fbfffd
0705eb10
f4f2ff0b
f30808fb
0103000f
0cf31f0c
f702f501
07fe06ff
000108fb
0a0dff01
06fdfbff
fbfc0502
01010606
00fc00fd
05000101
fd0100fe
02fdf900
f70affff
05050304
040602f7
0506fe06
fff519f8
feff0600
fd010105
05fdfc00
0006ff01
ff080109
020400f2
000202f8
f607fef2
ff0202fd
0102fa01
fdfafc01
fe02f301
f4ee0000
0c0c0af7
17ff0bf5
e704f8fd
0c0a08fc
f60af803
0dfafcfe
fb01f704
e9fe000c
000200ff
0401f30d
05001c09
fc03f6fa
f9ff0205
f9040005
0dfbfdfe
fefd0005
1c06fa18
f7ff16fe
09d50814
ef11d400
1010ee0f
f9ea0303
fbe2fcf6
071ffb0a
0b0207f6
fe040307
fbfa0c03
fd060303
03fc03fe
09fc00fc
03050302
01fe00f6
fc07fc01
0706fef8
07ff0401
f205f4fc
0e00fef5
fcf8fd03
0700f8ff
fe010900
f0fa0922
2c0a00fb
092501f9
f3051b0f
fdfc05fd
f6fa07fb
f0131920
ff1ff306
ec06f500
e6eb0e05
f6edfcfc
16eb230b
de03f70f
03f601ff
e30eecfa
080aee05
fe0a0513
dfee18fa
0df90818
0a05fef6
09faeffd
e2f00604
ec2af5eb
01f90401
0ff5f61e
09fc0cf1
f820f408
ec1afdff
11f9f909
04ee05f9
f41c0808
05defb09
080303f9
0c0befef
f30106f9
feff0b06
fd151cfc
22fbf8ff
f5f6fdfa
e9130505
0de7f011
12f307f3
f61df4ff
f513f306
1103f90a
0bedfff3
f30c0e02
eeec01fe
f2ee0204
f6f3f1fc
0bfc09fd
000313ef
080b050a
e6fdf503
ee070609
f502fefa
fa130a03
0104f9fc
f90913f8
0106f9f7
0beef701
fffe0bf4
f90df9f5
f5fbfbfe
00ff0103
fefa0209
0b020d02
fc070707
02fefc0e
f90efd00
fbf50102
fc0200f5
f919f909
1702020a
17ff1108
001010e8
01de02fc
f20a03fd
080716fb
fd000008
ff0804fb
fbf704f4
fbfa1305
f6ff0408
fafe05fc
0afa0302
f507fffd
ff00fefd
080a0202
f2faf800
00fffafc
fcfe00fe
11fffffe
06f60100
e5fe0205
0402ff00
fcfffe03
fb0002ff
04fd1308
ff030004
fefb0300
fdf8f700
fc0ff601
0002fe03
fdfdff02
fc080502
0203fdf4
06fdfc06
0506fc02
03f40403
fe08fe00
f104fb02
040c0000
08fd08fe
fd0305ff
0001fdfe
00fd01fb
01fa0300
f909f6fe
03010104
071d0dfc
10f3faf9
fd0305d0
0313f9f8
000cf6fa
fafa3215
fcb11101
fbf11914
00fa00fb
04fe03e9
f6030e06
00fc0701
06ff0503
02f4fcfb
ea0902fb
ea0108f8
fe0a0c00
0d040ec7
f7032af6
0100f5f5
0b0902fb
04e41004
d9defdfd
d9f9120f
f90704fa
04ff0cde
01f15701
f509f2f4
17041205
0be105fb
e10709f5
d90a0a0e
10fe0bbc
0cf0f8f6
3a26fa0a
060aff09
fe1bef07
e7f5b9b3
f6ebf218
f80cf418
e9020af8
00040fe2
070060fc
f0fcfc0a
0d0c0306
08eb0006
ea03fa04
dd0a0900
03fbfafc
f80e06f3
f5f70400
f703040f
02fff4ff
00fdf9ff
052bd2fe
fafbf20d
0bebedf4
f4ffe1fb
07d805db
1008e4f0
f80d2ff8
ebfc17fe
f42dd80d
fde7fc31
ef03fc06
00ff0ded
f50314ff
fdfb0904
0afa0400
03f106fc
f2f90df8
eff70afe
0209f101
f5f50efa
00061efc
fff8fdf9
fafff7fa
fbf0f3ff
f006ee00
f0f90311
fa090300
fbf5feff
03fe0300
f5fffa01
01fbfe02
04f5f901
fa050100
fdf9fff9
160409f6
f1f9fdfb
ffeb02f9
0512f6fb
02ff1407
00010103
05fffffb
0223050c
f8fbfe06
fcfd01f8
01f60c01
fc02f7fe
fc020400
03fc0000
fd0a00fc
fb0000fb
010402fe
fbff05ff
fffd01fc
02fefe01
06fc03fe
01f5fefc
f5fdfbfd
05ff05ff
fa000305
00030503
05f21402
fefeffff
fafc0402
04ff01ff
fc040702
09fcfffd
03fd0001
03fe04fc
02ff0bf8
fffc0403
040002fe
01f8fcff
e9ff0101
ff0001fd
fbfefefd
05fa01fd
07f910ff
00fc0302
01030106
00f7ffff
f90a0700
fe0100ff
fefe0200
03010201
04fc0b02
fcfe0300
fc030501
04f60201
fa030304
f9fe01f9
fe07fd01
fcfe01ff
000206ff
02fb0303
03060101
01f601ff
fafd0104
f8fb0300
f4fafff7
fcfa02fe
f8f60402
040008fa
0300f500
0202ffff
f4fcf7f8
ff000402
fefcfeff
05010205
05f90c02
fd000500
fffbff05
02fcfe00
fe050104
010500fd
fcfc0102
00050205
01fa0704
fdfd0200
00000105
04f902fe
fd0305fe
04010002
fafaff00
ff03ff01
05f70c05
fdfe0300
f6f90002
0400fe02
00020202
0601ff02
fdfe00fe
04ff0002
04fb0d02
f7fa00fc
fa0100ff
0500ffff
0507ffff
0100fffc
fffdffff
07fffe09
03001402
01fb00fe
f9fffefc
020102ff
0407feff
0704ffff
00fffe00
06ff0104
fbfd0aff
fefb0902
fb0301ff
030901fd
00010607
0d090101
f6fff909
01f90602
edfa1bf6
fffc100c
fc0506fd
fd0002f7
0bfc0904
000d00fb
fcf7f805
f5fc0af3
eb020ff3
0bfa0a06
00041000
01f8f9f8
fcf606fa
f60103fc
ff01ffff
f7fc0ced
f70f19f9
0af602fd
0a081102
08fbf1fb
fd0500ec
f7f60501
f70dfe01
f90206f5
0a131cfc
fef406fc
fc0f0506
1304f1fe
071c09f0
01fc0b0e
eb11ed0b
0ee7fe0a
ead819da
f0082820
ee16e9f4
f90105f5
1805141e
0722f500
f60ae814
11dafd03
c3d221cd
fe143937
fc0deee9
def508f0
1dd40b35
fd19f0db
fff205ee
0bf50213
0a00150d
fe050309
01fef8f6
04fd110d
16f8fb01
05fbfa01
0dfd28c6
062d2401
4a490f27
f0eae2c5
0c07f716
26f61629
0d3cfcba
f7e3fb32
f60c02f5
09f009fc
f70d15f7
ffeef5f2
0c0f0600
09f5f003
040a09e5
f7def617
fdf1011b
faf60bf9
e3dc1014
05f80001
f5ec1cf8
ebfae7e6
09d2f310
fdfa1bfa
1ad913ff
fb2609ee
0b1f0b13
07ffebee
01f3fcfe
f7e70806
fbe8ecf2
e60a0bf5
f0e51229
0cf6c9fb
fee60703
111ac517
eef2030e
14f7ddf7
050a07fb
f6ec05dd
11e21103
f70a08e8
091e110c
04fbebeb
f5f20afd
f2edf903
07ffe6e1
e8ff160a
f10f0109
06f100ff
faf414ed
f7fbf7f8
f8f7040b
04f4edfc
06120408
fbe20313
07e914fe
ea020f02
ff121004
01f905f7
000e0f01
02f8f902
f60df2f3
f4e70bf3
db0803e9
1cf12223
1aee20f7
e6130336
eb16fe0c
0c101a0d
11130020
ea16fd1c
0be70904
0906fa0d
ff020b08
0ffdf8f4
06ff01fc
0007f9fd
e6f8fd05
f3f601ec
0af0eae2
0618fbe5
020af40a
0a0fefef
0ef4eaf4
10e11e05
ce00110d
f50ff0f6
03f1f608
22010513
fdf70f0a
fbfd00fc
f5f903fa
0af6fdf6
e404fc03
05fbfbec
ff0b0106
2c09f829
f8051305
06fbfcfe
1b16f3fc
0aff0603
d4030201
f8eb00f2
fa310407
0000f014
ff070c0c
05fc0605
19040309
08faff00
d7f100f8
f4000111
f31a0b0e
d8e8f914
08f919fe
f4040f13
fefd0f05
fd13fcfd
f40006f9
0a010414
fcd8110c
eceafa2a
07031afe
00f90502
f616ffed
0a19fe02
f0160ef2
11ef05fd
ee182afd
08121308
f3edfcf0
0f1efd17
f521fcfa
1fea10f3
b83229e1
dff206da
fbfd0d16
01fe120b
07fc1109
fdfefdf9
e9ef0909
12fef0fa
e0fa0009
05060708
e8fe1401
d20f2a2d
24fc2727
fcfd372d
1f0c22f3
e0292905
36ec8d5a
32201fba
0417dcfb
ee0c2cf3
f50b10dd
d00906ec
0fe9fc04
dd03fbf7
f4e800f5
f429faf9
00000000
00000000
00000101
0000ff00
ff000000
00000000
00000000
00000000
1eead7f2
080cd705
eef60906
ebf7fff3
fbf5f70b
e711f5f5
ec00ffde
05f200e7
01000000
01ff0000
0000ff00
ff0001ff
0000ff00
01ff0100
00000000
00000000
fff403dd
f7011107
f5091404
e6f80710
f3041510
04040004
0517fd0d
08f90cfe
00000000
00ff0000
00000200
00010000
01000000
00010000
00000000
01000000
09faf9fd
f4161101
ec250002
1fe8f6d9
1207fd03
1d0df602
0216050e
051811ff
0a1a06f9
e71a0411
fbfd1efb
14f708cc
1614fffa
022df7f8
09130e00
22f9faee
fdf8070d
fef3f20a
0af8142a
08f6f3c2
15eb04ff
0a1b0efb
05e1dd21
11050cf2
eb4600e3
e0190ee8
fec506d4
1a290dfb
0010f41a
15f5eaeb
d3ff2bec
f1cae8f1
e8fc090d
d60514f8
0af8fb05
041f02e4
0203080f
00fdf9f9
eee2ee17
fef708f4
00000000
010000ff
00000100
00000000
00000000
00010000
00ff0000
00000000
f3e7030f
bf030601
f922fc01
0605f105
00072409
eb0afbf6
fff401ed
05f20bf1
ed03101d
e5f8f9fd
f720f9fc
09f9f208
f6eb1010
f6fceff8
f6f8f9ef
f8051d02
0118f7e7
001b0af1
0931eb0f
0affe302
f6e7060d
f6fd140b
e4fff9f2
f615f115
fe0ffd1f
f0fae6f9
010a0105
fdecfc01
e9f4f9fa
fc18e8fa
fcfffffb
15f1111f
0606f10f
ddeaeb18
e6283800
1afaf909
20f328f2
f460fbfc
2b0909f3
5308f6ef
190eed04
e3f6df05
f5ff1c03
1601010a
18edfee8
f83c00fd
08070c08
2b0bf6f4
0502ffff
ff00fdfd
00fcff02
00010002
05fdfcfc
00050400
fcfe0004
0203fefd
280ff9f8
e9f0d6fc
0407fd00
1403fe06
19f1def6
f60007fe
f40df40d
f913fefc
120ae3f6
e6f6f612
fffef8ed
060dff05
43f8fff8
ff1cf9fd
0b070c08
1d0ceaff
04fbf7f5
020202f4
06f1ed03
000f0108
41f5ecfc
02010f06
f0f5f914
fe0ff600
fbf6fafd
fefffff9
fcfbe801
07170512
48fcf4fd
ff0a1304
fbf3fa13
0605fefd
eeeef804
000103d6
fbe8c6ff
f500fefa
46fdfbf4
0501fa03
d7f916fa
f0f3f502
eeedf607
0d030ce7
fb02e203
1503f313
33ff0406
08250002
f7f501fe
1f10060c
fdf4070b
0a0dfddd
00f8f103
01f5fa01
1cf6ff09
f626fbfb
f2faf5fd
190f0400
270effde
da1be6e8
15d51efe
0ac44915
380cfde2
c054f3f9
fe04eefa
3dbde315
dffeff02
17fc01c8
00020007
0129fc27
1f0df6fb
1846170c
fffd0a10
2cea05fe
f2f2030f
1304fabe
fe03fe09
0a100215
0d0dfefd
015a0e03
f502fd03
42050501
05dff8f9
041d03b9
030af114
15f0f208
f3f50802
0157fe02
e5eaf502
3b0d02f9
fc0703fc
14080dba
08f9010d
110df113
f5f0fd07
0c5bfd0a
f5ecea11
3cf0fff7
1a48ef11
caf6a3b6
1ae6d5c8
cbdcf4db
1aeddafe
f633e4fa
ce5c1604
17cbd3fa
1ae5feed
e813f4c2
0b1af80b
fe08f7f3
fc01fbf6
ec4d1407
f302f10a
350effeb
00163326
ed18e8b6
f0c8d7fb
eedd0603
e01df5e9
cf3703d5
d60be42d
1c1103eb
0de8fb00
0e0af5ce
fcf7dc08
0eed03fc
edfdf801
ef2afb05
eef6f513
150af808
fe36f2c5
24e735de
3a25d8e1
da331c11
16e8f02f
182b2d4b
0331c80d
220ff3e9
00000000
01ff0000
0000ff00
ff00ff00
0001ffff
00000000
00010000
01000000
fb15d31c
05ed40f2
0d0cc123
e1171df4
f32132e0
3115ecfe
f8fa0210
1405e8e0
21bfd32e
34151e96
e4248ed2
10f5a3db
86f7c021
3a92c8f4
86e560d0
8d2f0962
fa031721
130b0d18
15eeb313
f6ef1209
c61ae603
fe071107
1bfcbf36
110106ed
02f70801
f908061c
06f1bd0b
f0060501
e00403f8
f5090700
16f7f608
17f200e4
0f22fae4
0400101c
0a07b7fd
2f0c1a10
01ecf408
11faf70a
0e02f4f6
0bfb0602
000000ff
ff000001
0001ff00
00000001
01000100
00000000
01010000
00000000
f0fb0105
0f010715
06f4a907
f7f601fe
e4030905
0dd70103
01f609f5
f2fafb07
00000000
01000001
00000000
00000000
00000000
00000000
00000001
00ff0000
05db0213
01efe42d
f313a4fa
fcf404f4
e90af303
dfe50f07
19ee05fb
04ef0d20
063afa05
05f3121d
3b03b1c7
b8f34518
fc2def2f
f1e1451d
f44bd11a
f505e603
09fc139d
fed9e22b
e0e7c519
f6340f1f
0df92cdb
c2fc3cfe
1abc5b91
0e99c9f3
00000000
01ff0000
00000100
00000000
01000000
00000000
00000000
ff000000
f5cef651
5fb8ed08
2becaa4e
39baca26
b3f4f105
51bbfb09
ef92a946
d2bd0d1e
e60cdc1a
1719dd14
ef04c41d
002d76db
01b2cb19
0fd4be41
ff310c21
e5663d2b
15f4f6ff
09f4ec33
f3fdc8ff
180df2ff
f7e6f7ff
07edf9fa
19ec22f2
fefc0110
fb0304ff
0f040c2b
fcf7c106
09f30c03
eafe0c04
03e7f7f8
18eb08f1
01030407
03fb0202
090b0322
00feba08
06f804fa
f0f30503
ffdbfdf9
0aee03ef
f3060304
11f501f3
f8e0044e
ef20f007
120fe8fa
f702f3f4
f61cf4f9
4ceaf8f2
27fa12ff
fbef071c
0a06042c
f0f6bdf0
05f7f3fe
da0df204
fad6fbf3
0f0413f2
ef190709
b74a2fd3
fe2e3238
f9f4e3cf
cc18a32c
f02f07f7
d7ededf8
2b3d0b21
03171124
f0f2ee02
feeef915
ef21c3fc
fe18e1ec
1d0e06ea
08e411fd
fb050df9
f50307fd
12c9020b
1b06e92d
0a1be300
03f815f6
ed18e107
e4f90916
1c03fa06
0618002f
1cdcfaf5
0622fe1c
f90bbd11
03fef5e7
f4e9f5f8
eed515fb
fedc09f9
e519ff0d
2de3f1bc
9f35c917
21270625
37c50df9
31f33efc
d001e508
1417bfed
04e7e4a1
f7afe5e7
e3f11c41
c75f19fa
1038a5e3
2ff746ff
022ef6f2
4fef3abe
38380fec
e10f2c10
4e091006
25c4c30f
d2c64310
af23e016
04a21d0b
eff7ed05
bef2ed25
ff31e151
dcc10a28
fbf3d7d2
f919ed29
3c3f14ec
0cf119f5
0d211608
009cd5ef
00000000
00000000
00000100
00000000
00000000
ff00ff00
00010000
00000100
15f01af8
0a10ee05
08fed50c
fdf507f9
edf4edfd
edc60f01
fafaf305
d70e0708
e3310100
fcf3f11c
2fd8bcfb
c3cd1ce0
170e07fe
fbb8fb0e
0642d802
dadcdad4
ec2f05fe
18ea03e4
f8eed2f4
06061710
f910fffb
2abefcfa
db121ded
cdfe0508
13ef11f9
f111f0c2
f6f5b01a
07edf9f4
03cf0906
e095fff7
b4edebf7
890b1408
14db0cfb
1903ddf1
0dfde404
04e706e6
f2ebd504
e5d8fb0e
ebf1f6ff
e3070f33
faf81710
1d12ff14
08dfd80d
e9ea1d03
f0e2fe15
ece4060b
0de9e712
e005fd0e
0e13f712
f601f8fe
ebe7c1f4
f5f905f2
06e5fb08
f6bf00ec
dd0c16ff
c016fc0b
f27f1b3a
ddcac641
1d9d08c6
ba012afc
4926e9eb
e12003ff
457fd244
2bd4dfd3
f12a0bf9
fdfe0818
1cea000b
f1010f13
eb13f50b
0bfe0a09
1f06da11
f8e103e5
1fcb2507
fc33f8e3
16f0cf15
e2f0fcf4
f2eee600
dca41cfe
c9ede407
a21503eb
fef1f3eb
04160708
06ee1612
08eee7fb
fcd91c0c
0f05eb05
f3e712f4
06faedfa
fffffb17
040611f3
f2f9e3f8
19031a13
fd02ff00
16cb03fe
f2060f02
d10e030a
08e3c168
991e3a5d
c74b6281
1fecb3f3
453a0e13
2469d7e2
7f461e16
6b31d5d8
ec1511e1
4ce41bdd
fce2a431
ff13291d
f1e20dfd
038611fc
d2c5e0fb
92fc3220
2de301f3
e223ddf6
3107f831
d5030efd
ebdcd8f6
d4d11f08
f1dfd224
cb0722fa
37e505cf
f707defc
0f102919
0603ecf4
04cdfbf7
dcf40efb
06e00ae1
ecf8010b
4bfce9d0
c31fdeda
f810cf2a
22f6f0cd
34bef7eb
c5e210ee
d7f0f4f6
c81ae1de
1e28cb03
cb09e8f9
e91109e7
371bef04
32ddf8f3
06efdff0
ee231b03
e91609fb
20e40ff0
fe0febe8
0f040a00
ebfefc02
ffe1eb03
e9d918fa
f2e908fa
cd080d10
1fe9c4d9
9f41cdfe
103913b9
d424c3c5
21e8f20e
24ccbfed
eb7f5dca
cd5522ef
da64071d
5abd08a2
b2d1d1d4
a45ed2be
f2cfe50e
04b0fbe0
a4f67ea8
a70ee355
31fcd0eb
c417cdf3
e03a14f2
3630dd01
44d702f3
ffe4f4f0
ea1f2cf0
db200cf8
0630f30a
01d1f10a
02fa36fe
220bf5f5
30e5f0f6
0c1bf203
150cce1a
10f80803
f5f6f8ff
04fb02f7
f3f51d0e
f717ffdf
01f21303
eddf03f6
020622f7
e026f8fc
4ccfa981
0a0807ff
7f4f341f
7f0dde7b
f9ad0057
7211f57f
0edbbdf9
05a5d2bf
03dd1515
f333fded
f7e8fcf4
01ddf614
d93ff9f6
f1fc10ea
d9141508
f004f3e9
fa0afb26
e8fcf51e
26c351f7
dbc2f6f1
e826e8f3
fb24ddfd
2520d91e
18eae6db
e90805fc
1e0801d9
f6eda50f
f7061807
f709f6f8
0aba0d03
d5f81701
c3050611
f502ebe4
1902e1ba
fdfcca21
082eec0a
28faf8e4
14a6360e
b8de1817
b7e5d6ef
d00e0570
cff1692c
cbdd3fc5
08f21b2c
19661ee6
142cfcfb
47fc061e
2bafd4d8
0cb3fe5e
1181d42d
19ea5f0a
0af27b06
f815f5f9
6c07c821
4bf214cd
0b8133e7
14f108f1
2412f9d2
06ede90c
00fa15f8
def5e20d
eea7fbfe
cce90905
ad0b0e33
e82155b6
102322f4
3227fc11
ecf2caf4
0e2bf1ee
15d0f921
013efac8
d5bb0125
0423f2df
fb0cf6ba
02e6e010
fdf62afb
19e6fff3
f6c300fa
bd07f00c
b3020701
ed2af74a
1ddd0eeb
e7d5c9d0
b6f881c3
ced4c610
27e8d9e3
e00730eb
df1dfb16
020e09f6
190effec
0ddfe506
f2e80cf5
ebf5f8fc
05cef3fe
d7f4fdf3
cc010414
08ed12f5
071dffff
06eced01
eaee0cfa
f5f501fe
f5d3fbf9
eaf9f5f6
d42407ff
e0dc37e9
c3099411
02f21f70
c0a877f8
fc4913b5
822e3f1b
0717e81f
23bfebf8
f03e11d1
c103f24a
39df7a1c
fce66a14
7f1227e4
df7f0a12
60308250
7fd8fca7
f141d936
cbf80f09
d0dc0dd5
2a320036
600f27e2
13090af7
19152419
0bb5c7b9
ad2c0d24
05e527bc
ccf1aedb
d501dafe
0d1c2efe
0cddceeb
b41526e6
d1e92115
0b110af0
0d0301f1
01e5ec0a
fbf71402
eaf0f5fc
01d9fdfb
f9ec07fa
e1020610
070ee40c
e00cebd7
e31cd5fc
221f2217
29fb04f8
fcd113f4
ca071a14
d727200e
08fb12ea
102b03c0
09e8e51f
f90015ff
f1def8fd
01d409f7
c4f2f303
d52a11e1
02f4ddfc
e7f3f4eb
eb130907
1e1bf401
2eea19fe
0af802fd
eced1a08
e7ff080d
ca5ff8f5
36df13b8
f9d6e7f2
0c290426
0ae6111a
41c8d108
c4f50402
c1d4fcfe
0017f2e3
06160dca
fed5030e
07031006
01dc0f01
1ee1e1f0
d6df09fb
d30305f4
fdfbf803
fc020005
000301fb
f50203ff
0903fa01
05ffffff
fb0300fd
04fcfafe
040101fc
f500f802
0a01fffd
f705fe01
00070503
02fdfffd
f804feff
01030300
fefcfdfa
01fd0200
0600fd04
f7060000
0102fe00
00fa03fb
fd030001
010302fd
05fffffd
fdfeff04
06fffcfe
f80700ff
fe020201
03ff0000
fe05fdfc
00fdfa01
fffc0401
fd02faff
07fffefe
01030002
fe000302
050001fa
f90502fd
02fc06f7
09f8f9f7
04fe0709
0f01fbfa
f9040205
0101ff02
f7fb03fa
ff0802f6
01fdfb06
0cfb0807
f70d0afb
06feff02
fa080501
02040102
06ff01ff
fd0509f7
faff01f2
f6ee020a
030104ff
feff0507
02f904f5
04fe00ff
fbfffafb
07000afd
070303f9
0ff00601
08fcfe06
09020500
03020400
08020407
02fefdf9
fd050904
fb02f902
fd00f606
15fe0801
f00401ff
05fffefb
07fefe09
f0fafcf3
fb09fafc
feedf704
0d0bfbfa
0f04fd01
fffb0408
fa010101
0308f405
f806fefe
ff110afd
0500fd06
06f6f4ea
19fb03ff
eefffbf6
0dfe0400
0eff0402
ec030302
f502faf6
f7f1f705
03fdfded
13fa1104
f1fff8f3
26fb0f05
f0000b00
030ffe00
e300f8f9
f9fe0308
06eb08fa
070009ff
fc09f808
000511f4
06000a04
030000f5
fefefeff
fe0701f8
02fe1000
08080508
000100fc
0d020306
fcf6fc02
f903fd00
00f7fc0d
00fff9fd
0106060d
f9f913fe
f102f40b
05fc080a
fd04ff0d
0205fc02
fef8ff0a
ff09f9e7
02fbf005
dde41014
05060001
07fc0bfd
10f10403
0605f809
fb06eef4
11fc04ef
02080601
08080009
0efb030e
f9fe17fe
f01ff505
06ff0df4
f7fc0306
f100de16
02f6f6fd
3311f0f3
da08f905
f0fff101
e6f5f80e
f6f8fce5
ea021410
fdeeeb10
0bfffcfe
f1070601
1b0e0ce7
f10106dc
e8f2f70a
040a0dfa
f11afc33
f0ed063c
0404f402
e7e3100d
130304f2
0d010703
1f0d060a
f2020309
01ffe2e8
f4fd03ec
fe04eaf2
f70b0503
de170207
07f71606
f3fffb03
11d01001
f1f208da
202b1108
f3fc0403
0c24f0f4
ff01040a
f5fdf902
f8eff9fc
1501f906
fc031510
0e09f813
fafefdf3
00000000
ff010102
0001fe05
fdfa00ff
04f70203
fbfc00fb
02040101
081403ce
04fbfcff
0503ffff
160d0301
fdfee802
00f9fe03
0cfffc00
09f80200
040501fd
02fef700
02ff02fe
fbfe0204
fb06ff02
05030302
fa010206
0200ff07
f0fbfcfe
06feff03
0d000306
ff04feff
02fbfcff
fbfafcfb
f9020204
02040301
f7fdffff
04fefe02
fe020003
fffcfd03
0100f9fd
fcfd02f5
fe0102ff
050008f7
e40a0dee
eff52612
090c331d
eafa0e24
f2ea05f7
83250715
e91a08dc
d8fe1ffb
d900f4ec
0309f500
0afd030e
0802f4f6
04060503
eaf3fff4
02fb130e
0708fcff
13eff4ee
0b24faf2
0608f7f5
07e403fe
0315d2fa
1a0103f4
f8f7f816
1cf8f7f5
16e9fbe1
05180103
0a0b0306
04ea110d
0404e8fa
0501fbfe
f4050a08
05fef8f8
09f3fcf4
1b280309
daf2e7fd
f8f9bd01
ec1d0012
05e20410
0203f41e
19ff10b8
01f6fdf0
fc100af4
06fe0a00
01da0402
fe0fda08
f7fd0505
f70a0206
05fc08fb
04ef05fe
0a0d0000
03fff307
f6fff909
faf404f5
fefdf608
fc060501
fcf1f9f7
09f6f5f5
f813ec02
fe07fefd
f3fc02f5
ff07fd06
eaf8f402
070bf4f0
01f5fc04
0af50dfb
0709f702
0700f506
e403fd0a
f8ea00f4
fdf4f111
f701030a
f8eef9f4
f806fefb
fe0312fa
0bf9ff01
12fffcfd
04fef8fc
0a0108fd
f9fe0706
02060308
01fefb01
02fc09ff
fa0301fb
04ff0dfb
08030007
ff020203
f903fc01
04030006
f00c1000
1010d60e
e90c07f8
ecfc16f1
e4f501f7
fe1807ff
08f7eedc
20f1f806
fd07fb00
ff07fbfd
04fe0202
0100ff04
fcfd01fe
0002ff03
0200ff06
0300fb00
02fffbfe
04000603
fc02fefe
fffd07ff
0101f7ff
070602fe
02fd00fa
0100fd00
000200fb
02fdfb01
020104fb
01fb01fc
ffff03fe
08030401
0004fffe
000501f8
0200fefe
fb03fc02
0500ff00
fbfd0700
ff01ffff
070200fe
fe00fe01
02fb010a
ffff00fa
fdfaf703
0bff03fd
fefc0500
03ff0202
00ff0102
fffcff01
040806fa
fffff8f6
ff060202
010201fe
020102ff
0302ff01
00020301
01010100
010200fd
02020302
fe0afefd
03fe0200
ff040002
000700fe
00000202
fefefb03
01ff0103
fa010603
f3fbfb08
f5fdfeff
fd020000
01fef206
fb0100fd
f1010201
f3fe0203
000202f2
00070104
010001ff
04000500
0201fe04
03ff0301
fc02ff05
feff00fe
fcfffffa
0303fd07
fcfffefe
02010405
0000f903
01030203
fffffbff
fe00fdff
fa00fe00
fffcfa03
04ff00fd
fdff0800
fffefe03
08040300
ff01ff01
fdff00fb
fef7fcf5
04040202
00fe01fc
fffc09ff
05fe0100
01ff0704
03fffb06
0004fa05
faf8fdf9
0707fd03
05ff04fd
fefd0904
0802ffff
06fe0605
04fffc02
fcfd01f9
f7fafff8
04030201
feff07fd
fdf90a05
02fbf701
02f90606
fe00fa05
fbf9faf7
f600fcfd
040502fc
05fe09fd
fdf30e06
00fdf800
03f80308
fff7fa0b
ff00fafe
f7fefc00
fafd04fc
08000303
fdfe0707
f9fdf3fe
05fdff00
fff8faff
0101fefb
fb05fc04
fefa06ff
01fd0004
fb00fe03
fa0001fe
080afcf9
0202f806
fe000e01
00080af1
200c0c1e
f00a00f3
fc060afa
100e0800
11051610
0818fc13
f2f60dff
f90e0cf0
352a1730
f90e04eb
f8050ef6
15180506
10032731
09200815
eaf306f6
1c16f1f7
efdb21e3
1efd100e
f9f1cdec
d5f8f9e7
f11eebfa
e1dd05f8
131107ed
2c1ceb13
9ca2e9a6
19ea112f
0d06b9f8
bfd5f9e0
df30bbaa
d6b5f3f4
362620f2
0306f80a
e1eff4dd
03ef060f
11fcf200
eaecfa01
f201eeea
fae8f4fa
0d0dfefa
f2ee1603
2b321c35
fef7dee6
12040dfb
190b0a07
f9e52541
0d2a2bd7
f3f5bb1e
2819fffd
0eedf700
1702ee0a
150bd4f2
e8fe0fec
ee150af4
e40a0ad5
0c1401fe
f805fb04
30f62a1d
1d02fd01
fffc08fb
fc0cf706
f9f3191b
f52e05ed
0207f1f1
faf80011
e3e2faf2
fef2fe00
06f8fb0d
f6fdf9f9
0400fcf8
02f303f5
f902f901
fdf8faf7
fb1afaff
f40204eb
f7ec09fb
0314f2fc
02030205
06f3fe08
f1f91407
f802f509
fedddbe4
f0f91307
fcf00405
ff04010a
0b03f8fd
05f4fff3
e00c0703
f1fdf8e8
1bfdfc08
e50bfbec
e907fef1
070afaf9
1a12041a
f908fcfb
e7ff0e04
01ffff00
0001ff00
00000000
00ff0000
0000fe00
00010000
00000000
ff000000
34edeb02
2437df0b
230bff15
18ec0401
1bfcfb05
e31503fd
ee200ffb
2d04f9f6
e4eb1507
d206fcf3
ecf9fdf9
0e021209
f40b0104
05f50004
1fe3f802
e5fef501
0302e6f3
0ff1f4fb
130f0309
fa0908f9
04010cf3
080ef7ee
0bfe1403
edf803e9
00c30615
eef3f5ed
2102fc04
23f4fe10
fd051609
f8e80a0a
06f70aed
19e7f810
f1ad0812
c9daff10
fa07fef7
15df0e11
f811efea
fceef4f8
06defa11
08fdf109
0b041d14
e7f8f714
f406faff
0ff4fc01
07fdf0f8
020b08fd
f90707ee
000ef6fc
09020a07
0009defa
f5f9fcfe
0bf7f801
0602f009
f80a0209
f9fd03ee
f219fc10
0000ffff
00000000
ff000000
00000100
01000000
01000001
01000000
ff00ff00
400c151f
d4e4f0e8
94000fd5
2de8b4c0
eaf7fd05
df0d4121
0b1e1cee
191d1a2f
f0e1fafd
0616d7f8
0d04f60f
f8e6131b
0411f6f3
04010707
0c02e5fb
f9fa01f2
f3082144
08283d44
3c1debd9
0defe1f7
dfe7ff09
c8eaefe4
34101848
22f9fd0a
0ffe0d18
26cf10ec
fdf60cf0
fbf1e202
fbe2faff
01e60ff9
f2fa10fb
18eb1509
0000ffff
00ff0100
01000000
ffffff00
000000ff
0001ff00
00000001
00000000
0f0a02f1
2af404f8
0cfb17fa
f906041a
fdf20a0a
0df1e5f4
05fdf3f7
d70c0b06
1dfef209
e7f622f7
01f4fc01
0cf3f700
f2f7ed11
070e03ea
050ef4ea
ef05021d
0f0105fc
eb270ef1
2203ee0b
0ff20ce7
05ff0009
fd1506f3
ec02eb04
03f2ff05
0000ff00
00ff0100
00000000
00ff0000
00000000
00ff0000
00000000
ff000000
e01aff19
f4f5f9f2
1ffaee02
05ef00d0
0bfeff12
0408fe0b
f4fb0d02
16e102fa
043a0132
f5b2f101
00f5f7fa
1e11e5d5
00ff080b
000af610
0b073eee
fdf6f3fe
ffff00ff
00000000
00000000
00ff0000
00000000
00000000
00000000
ff000100
f41cfdfe
1b19f51c
180800fb
080aece8
03fff01b
0802ee12
15150fea
f119020c
06fb08c1
3e133a18
11fa091e
cfeaf2e3
d402e800
13f73511
0ffed6e9
f40b1ee2
021d0204
e715210c
09080107
0bf8f6f9
f1f50405
06f707f6
0ffbfdfb
f80d0010
0e13fb0e
e00a1dff
160cfb07
16e2effc
e6fff8f8
f8fb0cec
fdf5fcf6
ff0300fd
00000000
ff000000
ff000000
00000000
ff00ff00
00000000
00000000
ff0000ff
e61ef60f
acdc22e9
f9fff406
fedd1819
e9fc0fed
fdcff8dd
17de0604
ebf0dd07
2c5324e9
7979fb2e
e50ffaeb
fcf5e7d9
330e1719
fa260e29
ca4fda28
3d0865fb
fc21200e
c6a747e5
db0508fc
1405f3dc
d61200ff
e7d22d33
0ffd58d3
d8f5e701
e8f6d1c0
e10c05fa
020b0504
cc0ef717
0626e7e6
17e91104
f7edfddc
0aeae307
fd0801ff
dee0e4f2
ea00fd05
0f370206
0309e7fb
fcfbebf4
08001104
f8fcf808
e5df08f1
e4f105fe
f900feef
fe33160a
f90ddcfa
0af7edfa
19ecfc11
e2f9f700
07e2ecf2
fe00f504
090efbfe
022ceef8
0415d7f1
0310fe03
eded05f7
fc010004
1104fbf2
1ef8dd08
dafb0c0f
005d0506
13070a07
04151010
f303f825
11fd0d0c
09e7f4ff
080e0804
00070103
fe45fef8
fb06f8f9
fe0a03f9
f809f80c
130208fb
00000000
00010000
01000000
00000000
00000000
00000000
00000000
0000ff00
13072300
131409ec
dc0afe05
033ceccd
fffc2e0c
da06fe0e
f1fd0ff2
21134014
f2f0f326
f50c1402
f403f6f7
fb2b0f05
fa0526fe
fbf000fd
0906fb05
00fe020c
ff0fff26
f9ff00fc
ee00f902
0b30fd08
01f73a07
fcf40d0b
060900fc
02fc0819
00000000
00000100
00000000
ff010100
00000100
00000000
00ff0000
00000000
ff000000
00010000
ff000000
00000000
0001ff00
00ff0000
00010000
00000000
ec0e2c53
d7fa05e4
ecf8e9fb
211702fb
e7fb4316
e8e00701
190707d4
fa03081a
2e4be91a
e89ee2ee
ba05142a
f94cf8e7
22f055d4
431e15f0
ff0012f3
dedf0deb
e60ff429
f1e700ff
ddfcfa00
fa221409
02073efa
0eef0001
13fffefd
e2f4020c
01f9b038
d8c70cfa
ea0618f6
06e22117
ed41e3ea
190212fb
08102506
cfda0af4
00ff0100
0100ff00
00000000
00000000
00000000
00000000
000000ff
00000100
fd05f020
f8f4f7fe
ee01e904
0a05f4f9
f6150ef6
02000302
fb000ae7
f0fe0403
0f4861fd
68c2734c
261e0d11
d475b59b
f4ab7c15
faf81430
11c5f4ff
e01208cd
18ede7e7
e030cbfb
f60421d8
02f81423
090406d7
02f7faf4
fbdbd44a
fd01d4f3
00010000
01000000
00000000
00000000
00000000
00000000
00000000
00000000
00ff0000
00000000
00000000
00000000
00000100
00000000
000001ff
00000000
01010000
00000000
01000000
00000000
00000000
00000000
00000000
01000000
0d04121b
f905f8fd
f900f405
1e0eedec
fd040201
f6070912
fcf40bf5
f5020406
f607fd0e
e6fc0503
f50404f7
0902f0f4
fe01f8f4
0b04f708
07fa0b01
f7fdf90a
110e030b
07ffe1fa
e7f4fd0f
1814ef04
0005030b
f70e0c0e
f802fe06
0d00111c
01f5f5f5
0a060a06
05050509
f9fbff00
f60ee9fd
07020c03
fb03f8fc
00fa0ffa
19120a18
eb05fa12
130cf3fe
2414e8fa
fc0503f2
f60a05fd
03f81b0a
fd02f303
0fefe7e2
16152015
1a01f3fe
f9f1f3f8
ef04d9f2
e30b0302
f0071205
180b01ff
e1e203f0
cd1712e7
dae81ff5
e7070ff3
19ddf616
08ebf909
11e1f114
fff6e40f
07fa0601
e8fb0bf8
fbfefcfd
0d0508fe
01f2ef02
fc00f1fc
09fc1006
01fff9f6
002119ea
16f1ea08
effc0c0f
ef320e02
1aed3104
0a0801fe
04060b08
160008fe
f800f20c
ffe50d06
1d0ffef9
e61004ed
05f201e7
15f5f8e5
fa1211d2
01f6eae9
e1172bf7
b7e70a01
e5de35cd
d6311726
29c92922
27f4eb36
1dd52215
1defa91b
f2f51d12
de0206ed
f2fdf901
12030804
f00df710
f9fb0510
1bf008f6
e5f31511
dffe5413
2c28edfa
2a11de01
1d25f5e4
f3f02517
e1ddf60b
03fcefcb
f719130c
0af9fbf6
0f040b06
0801f30b
fcf603fe
0604f5fc
fa0b0702
fafc07fb
03040903
110d1d1d
ebc2e9eb
d5e1fe06
24032105
18d9f40e
090dd8fa
0fed1225
e1f9eff2
ccd01928
c3dc4aff
97dad5c2
f0feaebc
e1efeb0c
fff42f08
2dfbd3e6
ca132c62
02fcff04
f50103fd
f5000700
fbf70ff6
1000fb02
0100020d
07e1090e
eef70001
03f6f6fc
fd10fcf5
0b090dfa
04f3f9ec
0ffeefff
fd05ff08
f4e7fe03
eefd0002
151510fd
f6f2f7f2
eef5f416
0605fffb
0cf1fc11
0216fdf7
fefa0e00
0fff200b
020506f8
0f040806
f5ff0007
f90d0703
09fd0c09
fa04010a
0dfd0014
fa00090d
00ff0000
00000000
01000000
00ff0100
00000000
00000000
00000000
00000000
0625e4e9
ecef202b
38fd31d3
de15f820
fdd124ee
08fd0b05
070b1625
31ffa10a
01ebf303
f50900f3
090815fa
01ec02f1
0effeb03
fc06ff0c
f6e0040a
ebf803ff
07f5fbfc
080b09fa
06ff00fb
05f7f9fb
09f9fa06
ecfafe08
fe0108f9
0305fd0a
fdf1e517
eee72105
10fe0504
fae1110b
f80ad408
110502fd
0efb10fb
f2eb00f8
13ffe5f3
f30b14fd
ee02f305
f7040ffc
0a1a05ec
f3000506
fef52805
e2ee0a0b
10fbf104
ea0e140b
160501f2
09f9f4f0
fd0bf0ef
f804ff12
03d90b12
d2ede8f0
14f0f510
060dea01
150dfef2
1aedfdfe
fe06eff9
f2f209f9
f608f9fe
0414edf7
fbf9f4e6
13ebf7fb
fa060c16
d60016ea
16fe00f5
1506fffb
f4eff6f6
fcf603e3
edeeee0f
e5fa1103
f60305fd
f1f01717
020cdf08
1dfdfafa
1fe9fd04
e7e00b08
0d04f10f
fcfcf802
120ff503
1bf5e3f5
e91bf2ef
f5090dfe
ee0607f4
f2050afd
02281c16
11e6bafd
db070f1c
0c2805f5
1ff92b15
04060109
fffd0814
110a2213
4d05fef5
354383e9
2b3a43e1
f9fd5737
4a19fdf6
0302bf00
d2e0132e
0dd20cc4
ff191011
fbf5f912
04070101
1215f306
f8081101
010a070c
11fb0209
e8f6000c
f601130e
ec0208fe
0201f807
020af8f4
01f607ff
09f50501
16f6fbf1
eceff702
e5f906ff
100cf405
ff07f6fd
f5111910
07071804
01f6f90b
0cff0000
ee011309
0b0e1c29
c6d81801
d3ff0ce5
171a0600
0ae61410
ffe60207
2af42612
eb01ed1d
07dfde16
fdf71c02
0f0305f9
feed0911
0201e207
02f0feff
07fd02f9
f7f6fafa
07fa0626
f9d1f400
e2f5fe05
0d070704
04ee080f
03f2fffa
151006ff
f3fff509
2404f009
090008fe
0bfdff12
0eeaebfb
f804f1fa
fd080f04
f60104ef
f8000900
211c030f
f0f7d5e7
44231232
3305252d
fb0110ff
e1dafe01
ee0142e8
1200b8d0
c9ec0efc
ce0f4006
e4f801f7
d3fd2e0f
00fbed13
1efae7fc
42dc0c0f
eacd0f12
dc0efc18
dd35d8f1
45d3b42e
f5070331
14d80308
0e2eb2d4
0bc8f0b8
23e4fc3f
1212f405
14f9deff
e4f90514
130cf51d
0c010a15
fa080c20
0008fd16
03f51734
e4d4f3de
281ee609
fc03f1fb
f3e93600
0f18f4ff
daf3e001
fef71006
1e110619
0600fc14
02ecfe03
1604f806
0ffcfafc
f310f1f4
040808fd
03f708fa
e2fe05f9
0e0eff17
ffe9e6f6
f202ef18
1206f2f0
fe1208f5
020600fd
000d0df5
f3f9fff0
ede4fafd
fc1c33fc
350500f2
ece00cf5
e5fddfed
05e4f6ed
fc09e5ee
0602e0cb
1902f316
f8000a00
fcfa0010
04f0f5fc
fffbf102
050a0603
01f506fe
fffe13fa
f0f3ece1
24eaebfd
08fdfa14
d5161f01
14fc19f5
0ff0feed
f101f5ef
020000f2
f0f30a61
b82bd4db
2d18d400
53c4e6f7
c93ac007
d4f3ecd4
fb0f21bb
02041f15
440edf31
dbe9e2ff
071811ea
3eefe9ff
e912efeb
e7011ae2
ed200723
0616ede4
261303ff
fd1b9402
0b15f8f2
330feffe
0cfb19e2
eb0c03c6
f6f7db24
0424fc04
a6f2cdc3
2e403062
c1e00ba4
e0f3b0f5
b433f3bd
5311871a
adeb8178
167fdaab
041ef4f7
3be3b210
d6faf617
1622032d
2104271b
ff0d0f21
f1100129
05052347
e5f411f4
adb2e981
8181663f
0bf04ddb
dff8060b
e5c21b06
1c5ca24a
39de8182
4e7608d8
fe3149f1
23f0017f
0609aedb
ded50b19
ed6d49f7
d0510f09
7f1666e7
15363702
29c92426
b4f3a30d
0d100023
de241602
0809f1fe
32411d03
12f3d5de
ecf7ffcc
2fe9f4f3
fdf1010b
cd1b2108
1dee25f7
1e0207f9
f017eaeb
100b0ff3
81b07f5c
157fcbda
35eebfdb
42e01d2b
c8070d7f
8191d60a
1927d5be
424e2e58
1306112b
bd2711e7
fbed02f6
1af1e21f
eef8ec16
14fe2311
08f9ede4
10e2ea11
f63513ec
f9031806
d0409fc5
1d0adf47
36d60fe0
5f4281fc
0c7f5ad5
1a03f022
03fcfe1d
ddea17fa
020513ff
fcee08fe
f7ece804
15f403ec
1800ef03
06f4f7e7
312b98c3
c647a010
fcd8f41c
f0b50f12
3203bfc9
247fffb3
e611fb34
7bd5d21c
f0ff030f
fceaf3f6
02f40914
f2f41d0d
f304f910
17f20af3
1601eaf7
03f100ef
f1f8dae0
1ce9f104
130af608
e2fd2a12
0c1707e3
fdf5f5fa
fb0913fb
edff0705
bcc3f5ce
1a102703
3ff9f8f1
cbeb1d0e
e9f5fcf5
0be307f9
f50fd3d9
0f1beae5
10e747cb
63f3b2bb
0cf42219
02fbb6bc
02290d1b
e816307f
81b0ed90
09241ee9
fad7face
21260afc
0b021200
d7e5220d
1005effb
02f8f616
f7e6e414
fbf8f8e5
db160e1d
034259e7
53fa71c3
18e650e3
d6b4ebed
f7fdbbfa
03fad17f
d20a29c1
1211f11b
0de6f6fa
160afc0a
1bfce7f1
e319f1f3
fb0b16fb
f61503f2
f0ff0bef
00fcfffe
03fa0800
0700ff06
f9f90506
f9fff9fd
0405fbfb
05ff0a05
060109ff
ff0bfb00
04f50001
ff00fcff
fb01fffe
04fbfcfd
fbfa01fe
0100f803
ff03fe05
01090706
fd04fb03
01fb00fe
07ff0206
06fffc04
02fe00fe
01000007
0102fe04
f1fcfefe
0903fd0b
100001fb
f3fb0f09
030a0900
fffef304
0904040c
0bfefbfd
f50b0cfc
0afa0705
0c05fffe
06060806
f2060501
ff01fe01
02fcf607
ff0afff5
fb02fcfa
00f7fa05
ff04ff01
fffc0005
fdfdfeff
01ff0002
00fefd02
01ffff03
fc0805fb
fefdf609
05fe0500
000302fb
f906fe05
02fd03fc
02fe0108
00060100
06fe01fd
fb020703
0001fcff
fafffff9
010701fd
fffcff01
02020300
0803fcfc
09f5fc0d
e6f0ee0f
0f040812
e1fbf6f5
0bf5f501
13f1040a
0f07fe05
0b0d0002
0f0e0e04
e90deef6
0c020801
f904fffd
0003fb06
0efcfefe
02fe05fc
0e0c10fc
33f604f5
25131109
eff6100f
0006f9f2
08fe12ee
0ff5f6f0
090e08f2
f815ff20
0703ff00
ff0bfd05
0cfe0202
05fc00ff
fe0505fd
ff06fc04
0204fefb
03050401
0606fa02
fafdfe0f
08f705f6
10020704
f30102f9
090df405
000601f8
05030806
f8f010ea
0603d513
0eeb04f0
0b000df9
16f9ffdb
0ae519e1
fd0c0bf9
daf928f6
0306220f
121e0cce
ef0902fc
d9fb0bf8
1d16ed06
f5ea0ff0
18fb0905
f10300ef
fa11fa09
f008f5ed
1706fb05
ff12f01a
f101fff9
020a0d07
f6fb0304
f9030103
0ce2ee10
05ef1003
e61aef12
02f9f3ff
fce9f711
05f603f1
f007fb01
ececebe4
03f302f2
16fa0406
fbf9ff07
fcfa07fc
0a0203fd
f7fff6fc
0c00fef1
04fdf1ea
0debf010
f7e5160e
f313f306
fcfafafc
17f60010
f6fefdf7
f308e7eb
ebe5e5de
04fdfff8
fe02fa00
050ffb05
04011005
e610fb05
0cf811fb
e3ffff0a
ec08f216
13fc03f5
13fbff0d
f3fce70c
e7060403
ec15feff
f90a02e3
0c1004f4
00f1fefa
130409f6
ff0a02f4
fb0cf9ff
f905fc05
f7fe0205
08f907fe
e9fefa02
f604fe0c
2311fa13
04fa0716
fdf510ef
e600fd04
ff1c000d
e20afde9
13fc05f7
14f9fff3
f70300f3
fbfdfdf9
0efa0a01
0002fcfc
ff03fdfd
f6090209
0200ff0a
09fbfaf4
fc0ff747
06100600
02000101
071305ff
04fde8f8
fefb0003
ff01fcff
07ff03fe
fc0000f7
060108fd
0001fdff
0a020502
fd09ff01
fb0605fe
02fefdff
08ff04fb
0601fef0
fdfff900
fe03fc03
fb00fd04
04060303
f700fdff
01070001
fc03ff02
04f901fa
03030301
010101ff
0302fdfc
01fffafe
090205ff
02fd0103
0304fefe
bd031ef9
230b1003
f51c22fb
0804b51c
211f03f1
1e371edc
09f6f6f7
f8fae6f4
00fdfafc
08020107
05020007
fff70903
0207fdfd
f8fbf9fc
02fcfdff
01ff08fe
e9f712f3
0b0c13ff
0d151200
fef5f007
0613f2ff
f50804f5
ff0304fa
0bf50802
01000900
02fe00f8
080c0701
f8f50500
fb04e801
fd030400
f5f4ff04
0c0014ed
d40602fb
ee2a29fb
faf1ff08
0c02ce17
0ef0f70a
ee0a06ee
0e1905fd
1002f414
0af903ec
0e0a0304
0c07050a
f7f10802
fd09e005
f90602fe
f3081302
18fdf8e9
e605f4fd
12f514f4
f6030afa
30fc0ef1
081a0009
040c06ed
f903f4fe
0f04080d
06eef6e7
d42bd9ff
0d0403f8
f8f8dfee
fa05f6f5
ebeff707
1215e7f9
ecdd0a0e
15f600fc
ff08ed12
07ff0201
f00fff01
fbf7fefb
01ff000b
fbfc01fa
fafdf803
01fe02fe
08fa0801
0601ff00
0906fffd
04070bfe
fb050108
fbfffcfa
fc03fdff
fdfffd0e
0b00fffe
fb0406ff
050106f8
010200fc
01fcfff9
fffffe00
fe0400f8
fef8e6f6
f2fff9f8
fffeece2
f5fd0f00
fad70009
fb1a1af3
09001403
ff1cfdde
f9fffe02
fef609fd
0b030502
fafa0300
0205fe01
07020002
02040301
070102fb
fdfafeff
01fd0401
05000102
06fe01fc
02fd04fc
ff01fefe
fe0301fe
fd02fe04
00ff03f6
030506fe
fc0001fd
01fe0101
0403fbff
02ff03fe
fcfefd02
010600fd
03f5ff00
04ff00ff
fd0201ff
fe02f904
03fffffe
050000fe
ff02f7fc
fcfdfb05
fefe0004
fffc00ff
ff020104
03fafe02
0300fbff
fefc0001
fafe0102
010401fc
fdfaf7f8
01fdfdff
04000002
03fefc03
0701fb01
fa0300fe
00000001
00ff01fe
fffc03fa
fbfafd02
030200fe
030102fe
010201ff
fffefe03
ff01ffff
000000fe
fe03fcf9
fb12fa12
f8fb0602
0a04fe02
fef80404
04f901fc
fafa04fd
fdf501f5
04010200
04010000
02010100
0100fc00
fd0000fc
fdfc00fe
feff0004
0a0103fc
0405ff05
04fe03fe
01020001
020301ff
fdfefc02
fdfd0101
01000102
03fe01fd
030602f9
fa060102
fb0200ff
05fffe01
00ff0102
01fb0401
fcff0208
010101f8
01ff0200
03ff0200
02020101
fafbfdfc
00000002
01fd0303
fafefefc
ff01fcff
fdfeff03
fff8fcff
04040200
00fef9fb
0101f9ff
01fe0100
ff0102ff
080300f9
0302fd05
fbfa01fe
0702ff03
02fdfafa
fcff00fe
fa01fcfd
f4fefffa
020403fb
0b05ff0a
f4ef09fb
0901030a
0600e6f2
f5fc00fa
fb09f8fd
f4f90300
090b0af7
110dfd01
faf3fb03
0004fd03
0709eef7
fb0205fd
fc0ffdfb
f70305f9
0b080c05
0a0e0700
0f02000f
fc07fafd
0a11f2f2
010309f8
020a0607
fb1208fc
000508fe
090d06ff
15070714
040afdf8
0901f6eb
000b01fd
f9031512
f6100b02
fe0000fa
1202f70c
dbdafcdd
1cf90313
0bf4d3f1
dde9edf5
e50ee2ee
e1de0ae8
1d14fbf6
2400eb16
b4b6e6b9
15eb0227
0dffcffd
d7dffaea
df14cbc1
e1cffbdc
2e1f0106
06f7011a
f0fbeaec
fcf8f805
0e040106
06fd0609
f0effef4
0507fbf5
0203f308
ecef1cf8
48522343
fe09e6d8
0c0430fb
35200317
07d33c4b
183d20f0
e5eacc19
0f0a0e0c
15f5fb1d
090ce3fc
140ff2f6
090f07f6
f8041103
02141df2
00020206
fff7ed04
17f0f9fa
0a0d1709
f6f3080c
f50bf001
ff0404ef
fd0bed10
fc052ef0
e1e3fc08
f4271006
f4fb01f2
f2ff2602
1609f813
0ce9fc0a
1508f601
f7e3f30e
060e0efa
d623dbee
e40709ef
fcf20104
0204f0f3
0211f5e7
f9d6f724
07f9180b
f3f1140b
05120b14
ef01f5ef
fe0e0ff1
1f070202
05f40d11
fe0afe07
03ecfe08
15170a03
0ffee507
16000300
07f5f802
0bfe06fa
f80afcf6
ec0304ff
120801fb
050f0206
10f31914
f40001ed
f801fff4
07030305
0afefe04
05110ffe
effc0704
1e33fd06
0b21d4f0
140bf81b
1a060f1a
fffcfc07
e8f7fefe
de1211fe
0e06e8ef
0018fb05
fff0fbf8
f5fe07f5
f404f803
f9fcfffd
1007fb02
12f9f701
d5030802
e2f22512
d2f515f8
f7f4f7fe
0d060903
ee030809
fee60205
26fa0ce6
eb07e70a
fc1bedee
fd1ef7ff
fb030902
f204faf5
fe05f0fa
01150200
f4f3fffc
f01501f9
021ff4fc
0516eee4
01f800f9
0612f5fd
f5fa0f10
fc060100
140807f6
e9080108
f8dceefc
fff219f4
0c0403fa
0706f9fa
f8051b02
04f50601
10fe0606
07e90d06
ffdd0703
efe61b11
ee060503
0500fff9
020210f7
fffa0301
00fffe14
20f70d02
16fd2212
e2e81214
cefe03f9
1008ebe7
09f8fd01
f4071308
fb090d03
0f0e0215
fbf00dec
0d1d4112
eefc0bfd
ebecfbf9
d70ce102
fdfa0d01
0635f4fb
270617fd
e7f0f5fd
e3fc1f0b
e90010ee
f7ff08f6
f714f7fe
0e03f812
10f30405
e50bff03
fc20f10e
e7fd304b
0124f41c
fc2b12fb
fcf020fe
f508d6d4
580a0050
d70c03e5
e7e0feec
ed31c10b
fb09f21c
fbf43021
141909f9
0018ea0e
1702e20b
f512f7e9
0000ff00
01010000
00000000
00000100
0000ff00
ff000100
00010000
00000100
02e20b0c
25e0e0fd
f3fbfd01
f6e9ed0e
05fcfced
00011a0a
f4fdff07
29f518fe
ff0000ff
02000200
00000000
ffffff00
00000000
00ff0001
0000ff00
ff000000
23f9001c
1bf1fafa
02fa13f7
0feced25
f1fbeffe
fff5f9fe
04ff06f0
f20b10fd
00000000
0101ffff
00000000
00000000
0000ff01
00000000
ff000000
00010000
1cee1613
e9170ffe
0809fff2
1601f10e
f4fc0ef6
f804f8f0
0bfdf305
e609fc0d
1ff514ef
120f1dfa
0e04050a
f1fc0a00
06e81cf3
070c0feb
f3fedb14
09f413ed
08e90bfe
150ddfef
fafeec0e
f9f106fb
2cf91411
fb0812f4
e7fddc15
23f0170b
0dfc05d6
4ff3100b
2ef2e112
f2e403f8
d91ffbd0
011e150a
e00ae702
04fa1cc8
f2fa0201
31edd7fc
0ff901f6
f9ef02eb
1908f60f
0a15f31d
f5060800
00f413f3
00000000
00000000
01000000
00ff0100
0000ff00
000000ff
00000000
ff000000
f603f4f2
3409f614
fff61003
e8fa09fd
1406e51c
2c1bfc0f
0d1a01fe
f9f627fd
08f503ff
271bea07
0ffa0506
0eefede1
0208e512
07130314
0114f5f2
f90e0ff9
edf10305
1243fc22
340cf5fd
14e12313
100df50f
13f9ef0d
11000cf8
efffdefc
1106ffee
142f280f
2009f8eb
09d6f1e7
040402f7
fa0b0e15
f2ee0300
e40ef7fa
165c242b
f6f3e305
f407070f
13fee7f1
1ed95311
13fe0bf9
080a06fc
1203021b
ff3d0104
f7ea0202
0206030e
f8d90003
0eeb33ff
11f705f7
05f70306
f9f9000f
fc090102
f9fd02fe
0300ff00
01ec0102
fefe0500
00fafffe
03fb01ff
fc00fe02
f30ccdc0
0af4f703
ee000e02
d8b9210c
1d0eecea
09ffedfc
efe8071e
f5f8f6fa
f93304e5
fed7e7fc
fffc100a
f1de060b
0ff607fe
1001f504
fcdb080d
eefafb04
ec0706df
eef1f5f4
0cf8feff
ffcc0d11
fe00d403
feeeeafb
0cf00400
ee02ec02
f3ff12da
f502faf7
04f6f8ff
01e8090f
02fcd70a
f6f5e9fb
0ff60109
fa06fa0d
fd092ff5
e1d6ffe8
0df6f500
130be5fe
e8ece70c
fb0006f8
0ffa04da
f50a0114
fdfe04ec
f600f1fc
1100ff05
0ffafd08
f40ec305
fa08f5f2
07050606
09030308
02e5f9e5
fe030900
10040b08
f3f901fe
fd03c300
0806fdfb
02f6f70b
01fe06f3
4ef6c6af
60a7262b
17022219
da2b05fc
1bdddfda
152022fc
f101ed39
e903eacf
02ea31fa
e93b02f0
11f7e7f3
1e1cfdfe
fef3f915
d4e9fc01
0f000af7
1815f427
f5f40dfc
f6180b01
0602fffa
021703fd
fbf6ed0f
f5f5edf5
0e06fb12
1108080b
0500f30c
e1fa0fff
0d09fdfd
0a16f8f5
f40feef2
020402f4
07f50e04
eaf2f9f6
f4f00011
f91deb04
1c07eff1
0d1f1111
05050efa
f3ebf7f6
0afdfe06
fa02e20d
01ffee81
35d51b06
d3d93b0a
8b2e2511
3fca33f3
50122b2b
e7f4da14
27eecade
e708080b
e6fa17fd
e9000c01
df1d19fb
11f32108
12edf503
1bf0030a
f1f00202
350fe0ef
1fcd2b09
061c38f9
edfdf1ea
ebf806ed
f9fc0203
f1f0fd34
fd04f7bd
070e0331
e7d1ef04
0008fefe
1a0cf9fe
fcf614fc
02ffe5ef
0d001709
f100ef00
adfd371c
f341d108
29cfa514
082f212a
17d6551c
efdcd5ef
27f4e7c5
0a09c046
00010000
00000000
00000000
00000000
00000000
ffff0000
00000001
0100ff00
e6fbe0f8
eb321211
3d1c38cc
d60ae1f6
29dd1f06
06010422
dec10cfe
fe08f62d
d6b5bc06
b321fdd1
fdea01d9
00871a18
d97f81e5
08150733
dcd535d5
dad1fc0f
f2f3e019
dc103e1a
1f0df7d9
fcf2fff8
ecfcffea
f3eeddf0
10f8100e
ed01d3eb
eefffd13
f10023fb
fefd01f9
ec100d00
f8f31afe
0ef2f7f7
0ffef6f6
f7fb06f7
080f0b1a
11e3e70f
0904ed05
251af1eb
ee0d2be4
e4fa0705
0204fe07
dd17e7fe
00000001
00010101
ff000000
00000000
00000000
00000000
01000000
00000000
ff01f818
f0f502f7
f9fbff01
0cf9f5ff
ec05f301
060604f6
fb10fbf0
080103f7
00000000
ffff00ff
00000000
00000000
00000000
ffff0000
00000000
00000000
f9040f12
f3f60fef
d5e4e001
08060c0b
fd000b0e
0209ecf7
0d0901fd
03041814
f8fbeecd
31294f38
19bed829
bcf60520
05d20517
0821f50b
0bc1ce26
1b0af60d
fcf31309
35e5b2b5
c0d50536
0317433d
f7e81d1f
17d30ac3
f350a2e0
3b2756fc
000000ff
00000000
00000000
00000000
0000ff00
000000ff
00000000
00000000
1ec0a426
bdfeb311
03f2f2d3
36b7061e
023badf3
c90a1adb
f9de0c4f
f61ab71c
befc12e3
a44500cd
0622d7d7
1cf4bdd3
39ca02e3
19259f1d
ea4126bb
0802dc3f
fff0f7f5
07fedcef
e6f0f907
06010a0a
06150102
fefe0e0a
f6faf301
f9060f18
0ffff010
060004fe
0b04fe08
0df6eff2
f10ff0f6
00090fff
f107fdf8
fe0208f3
03f6f800
04fe09fc
01fefeff
05fdf8f8
f211f9fa
02040c05
fafaf1fc
f2ff07fb
dce3f805
0f04fef8
090cf0f5
f4061cf1
fb1dfeed
f6e8e4f0
00040dea
e60613fe
fbf7e707
eef40ff3
fffb0a06
fbe20105
e314d7fb
0a0ef8f5
ff0202ff
0af118f9
7b330aee
3a509dea
554e3d22
3503522f
3a08020a
c5f60404
ce175411
4cd5e0b8
e1183f0e
f0f70efb
ecfff403
05210ffa
f1f6291d
f8fff7fb
200011fd
100a2713
01050b36
cbeeeaf1
e6fe10f3
1bf804ed
11e3f311
fcfdd2fc
02f31d1e
0502f505
e1dafd01
ef041dfa
f9f8fefa
f9f81b0e
f913e80b
0cf4fa11
12f0fffe
e6f50707
2c53e8ed
eb9a3842
d5242322
cd58f7cf
2ad53bc4
5f350bcd
28fb183c
d8cc06c6
df406157
c8f8aac0
cd0c0c1e
234c07ed
0005422e
11f4edef
150f18c6
17ee6318
27c5c908
f3132efd
30fef8e9
19a6d0ed
d80694e9
e40003f6
d604f8ee
1315ccd7
e80704bb
36110521
eab72ff0
aa2b4669
28c13a3e
1df22413
0f13c346
5d0dec35
00000000
00000000
00000000
00010000
00000000
00000000
00000000
00000000
0ae8fd06
eef41afe
f3ff0907
f4f5fbef
05fde900
03fa010e
05ef0406
f1fb0200
060901d4
04d93d1d
1a061404
ca18efec
0bc004ef
340f10e6
ff10ebf6
2401d6d5
17f2f3f2
0d0bf6f2
0c00fc04
0cd8dbeb
e80de8f1
e4081d08
dc16faeb
21180208
05f4f4d8
1ef8f704
ea00ff06
fcf71103
051de9fb
000706fc
03ffed15
e6fe17fb
04e70400
fee3eff1
f0f8fc02
14e915ef
0900e100
f706f207
fcef0316
f307fff0
19f1fc01
ef1efaf9
19f9e9fc
14fbed07
0af6eb01
f704f705
f4ebf5fd
f8ffe903
faf1e5d0
0fff07f6
06f00d08
e1eef911
0008ee04
170b0614
e4f4e201
05fd0800
d91b149c
7fe7203f
06f72604
8c45292d
378e551e
2ae9f3fe
0815ae3f
4b12d5eb
f1e6e4e8
07263519
2e0eeff3
ebf504fa
ea02e2de
f7f7ebe1
fa01f907
fd08f1da
dcc6f0df
f91c3000
f7f0fefd
d8e42b18
0803cb11
13f3fc05
24e6de13
e4e305f6
081f0924
dde2e2f1
0001010b
1f08f613
fa0c0ff9
14031cfe
fdfc05eb
eef0f3f5
01fbebf8
1208fb0f
00f6fcfa
0cfff210
0508f911
ee06181f
0113fe11
11fff725
d459282c
bbb70e11
d9b937e5
cf550438
05eb5b13
44001a3c
3fed2409
0cbfa91f
17b9f4f3
3e3debfe
3a16c81b
29caf1f0
e927bdff
b305f7eb
e9f9de0a
fd324a0d
d6c5d8b4
f9354fe6
e5f011ee
cfed3404
2402e200
f9edf414
f8cad531
ccf3f3e0
edd2e1de
27f6dbe0
d9e41b24
e1f63309
110ef00b
0dec1509
f6fdc510
e6f517ea
c3e7f6d7
18bd0b19
f20708f8
cb253015
150b27eb
30dcf20b
20e0ea13
b3f2f0ed
e921fdd0
1aebf013
eefc0f15
e931241c
1a023af6
141e051f
0af6fe31
f0ee0f19
0cdef5e1
0df8eedd
d3d60f1d
fae616fb
0511e80f
f6f12019
f5f4dd06
f4fa01e6
db21158b
101157f1
d3063c3d
81111cc7
1806fcff
503e3042
00bb17f4
e8ab72e5
8b8134b9
367b9889
18e216dc
eea63a4c
ee13cd2f
fdbfc526
a42b96a2
67451bfe
e61b1bc9
1ff7f20e
b8fd0e1e
da3b3813
2a0f4603
1f1dff28
12ed0638
eee63d1a
d5f30ae9
2cf2d921
1c0bf6fa
f91c1e11
120229f6
f4ebe8f7
150af721
ef18e108
f7180ef5
fbecefe8
f5130a02
0cf4f002
ec0af805
01faf3f6
eff208f1
fe122de1
eef9910d
97268129
f2b38143
03fa4d5d
4638e3b4
2d2b1fa5
4ade120c
afa99f64
23f8bff2
eff35f1b
fb011a09
c9c70816
eb11b2f4
231b0bf5
16081f22
14cd19e7
fd03badb
f7bd4f1f
351228f8
bbfc04fa
e8f0dece
2f0b00dd
03e31505
e9e7e4b3
1a0a1c13
ec040af4
0e03e8f4
2fe2dcf1
edfb0201
defffc0c
ff0116f1
0b1b0a18
e9ec4713
c004f2e5
dcedeff1
280c161b
fce91c18
ebdaecfb
25ea01f5
0f1ee527
0532ff24
e4e6271b
20e206ac
fd31ef52
ead73206
03dd0b00
1d6011ec
44fb9830
cbdb0913
f3cd5c09
99b6a7ed
d111819e
e5de000c
fd2244ff
141abcc1
ee285c7f
15e9f40b
04f7f5f1
0301ec05
1ed1f5fa
f910cffa
ef07f409
f9f00a02
deff0aff
56f80700
5144d232
1133f6da
37f834fe
4c1c0105
c6da483a
f44152eb
07d8b315
1cfbfbd6
25e91410
190def11
fbfceaec
03fd03e9
fd16060b
fdf1fb0c
ee0d0af9
a9a3dcca
ed23e6ae
27d71ee2
c8aa3439
df3ebdf9
2ae70117
d807d1b7
23f3d7de
14f1f804
19ecf400
1505ff06
19e4f0e9
f306e1ff
f80f0bf7
f2f8f9fa
f70b08e9
04f5f810
ffe806f8
12051007
02ebf1f2
f9fbe304
fd0401fc
03f5fafa
f0f401f8
6b28a4af
07f95c08
be2f1fff
bbfaf30d
7f92e702
4e36f0e9
e96b391b
67f11cfc
435534f6
41b32658
2e2df511
027fc7c4
258f79ed
f2060be4
2cf0fd3a
e11fd5df
d33115cd
1aefe11d
dfcf28ec
c75a427f
1ec86424
2bd71704
2e49c036
50fec532
4e434018
1cf7e2e8
221df714
3c05cbe7
e0fe1e09
d9251bfa
e73228d4
3a183efa
0de5e4ec
180109ff
0503f1fc
09e3f8fb
f81cdee3
eb061705
f0f9f5ef
e60706f9
071011e1
190d130f
d0f0f814
fe10fb06
0c011a19
f022ff2d
12f8fa39
0b073d31
f9ecebfa
fc0b18f4
0804040a
fbdfeff2
f50bdefa
06f90d06
01eef0f1
e7f303fa
12201f0f
1000c101
f101fb12
131bf709
14012811
f6110a0c
03f90719
060a251f
1d041ff4
0e38d10a
4a14cef2
3beed7f9
f10913d8
d112f1ee
eafa04e8
1229e509
07f0e5e1
1afe0709
25130009
00ede9ee
ec1ae0e2
080b1d08
ecfaf1ea
df0001e7
00fefe00
fafd05ff
02ff01fc
f91004eb
150118fb
020602e0
0311ed17
fcf9f911
ea027fea
fc09fbf5
810e0101
17100200
f60002fd
81038101
fdff0efe
05fe02ff
fefffffe
04f706fc
010e01f9
f1ff13f1
fc0d11fa
010101ef
f503ecfb
0401fc0c
01f7ff01
f5bf08d5
01e400f9
11f9eefe
0bec02fe
01ff01e8
0f12e500
04f71023
ff06feff
0d05120c
021cff0b
2f180216
f0090bf8
020402f2
162529fa
0602fdef
ff02fcff
e8243636
04160119
3bf00ee2
380e2e07
04180400
5927e9cc
f41100cb
fd01fefc
fbf809f7
02ebfc09
f9160913
03f73b00
02050211
1403ca1c
0cf2f3f5
fffaffff
04021112
0108fffd
1becf90c
100f0cfc
01f40106
e3f405fb
fdfe1b2a
fe09fefe
012611e5
02f800cd
1cec05ee
1d060704
020a0209
07071022
12fb0102
fefefffe
09000509
011001f9
07eee2ff
fb070f00
010601ff
24f5ec01
0007e9e1
0008fd00
17e104f1
03ea01f7
f50e1209
17090703
03fb030f
042f0502
f6fbf80f
00fffd00
02050807
030000e0
110525ec
2fee1004
03ff03ec
d1160713
0afd1af1
ff0100ff
18160826
0039ff16
f5e9c8fd
dc2afefa
0001000b
e4c0080f
1ff90bfe
0301f903
01e5fffa
0712fee6
fc06fc00
0f0afd00
07120721
0911fdf5
05fa08ee
00f6fb00
d42ae3fd
05150501
f00c0fd1
07fdbd03
051405d8
e315c023
260f05f9
fffafcff
07e013ff
04fcfec1
0d04eb10
1af800fb
04080416
fe150819
0df6e3dd
fe03fffe
091402e6
011900f2
060d30cb
0f07f608
01040100
031ac111
f602fa02
ff08feff
fbfefff7
02050614
f1d122ef
1f171701
01ff010f
f8d6c9fb
05f30108
0006fd00
0d030207
03ff0404
fe070b1a
1b010102
030203fd
fe05eb08
ff000c1f
00f9ff00
f40b01fd
01f404e6
230c02e4
18f22104
01fb0100
fefb0721
fffa04ff
fffd00ff
0901f5eb
000d0521
410b142a
e6f81601
000c0018
391d0be8
f103e83d
fef6fffe
10f80515
010400fc
00d92204
17f2e7fc
01f601d0
06070eef
f0fffce8
fc0000fc
0ef603ff
00020016
e60ee6ef
0e1efef6
00f700f5
f100d523
0cfc001b
00010000
0a120e1f
000affed
c1f91315
f6fc08f8
0007001e
f6e0fbf2
060309ea
00010100
e7fb021d
ffe11c09
d20e1ae1
f300f37f
fffafff6
ef002004
0300e603
fefdfefe
050708f6
020405f0
1a02010d
030119f6
020802fc
0514fc0e
050000fe
ff05ffff
13fc0c05
0137fd08
0dec1a14
fb0813fc
01f7010e
020405e5
f4fe1601
fc00fefc
f9230805
020ff7f7
01001106
fe1513fd
020902d5
ecfb01fb
05f6110b
fe05fffe
011c07f4
010501f3
fe16fefb
fbf5f5fc
010401fa
f401f7f4
02f50e13
fffa00fe
0202fef4
00f5fcf3
16f7e815
0405ff01
00fb0006
0dfa08fb
07fe18fa
f101fff1
0311fcf3
00120002
f80705f5
0e030701
01fe0109
020300fc
fcff0102
fbfd03fb
07fe0208
fd10fefa
f106ffff
ee07f9ff
fdfcfd03
0803f600
feff0200
fefc00fe
e8f81602
00f4fdf7
10030f0a
1ffe0702
000200ee
ee06f3f2
fefd0005
f000fef0
040402fc
0212fc01
e9080902
06060101
03040303
06fd0608
ff00fff3
ff0500fe
10051513
0000f910
2cf013eb
10f7f500
00fa000f
f81c20f8
1002011b
00020100
001802fc
ff0d000f
1f1911d9
1e0701fe
ff07fffe
e001ffee
faf413f6
fe0f00fe
051f0310
000cfc19
3e1007f7
f4f415ff
fff7ff0b
fee02adc
f2feee26
000cff00
f9f800fb
012400f9
e60d09fe
ffeefd03
010d01f7
000b06fc
f8fc0af5
ffffffff
fded00fb
01d7fd08
edfefbe7
0df52503
010a01f4
1500ee2c
ff0611ec
00eb0000
fc0081e7
004c0108
feba2f0c
f13788fe
00f1003b
337f1ea4
3afbf2b4
fef401fe
15071def
fff0fbeb
ed1bfa15
ff0225fb
ff02fff3
fad4f50e
12011221
fd0201fd
07f20005
fff90005
1fff0a21
fc0e0503
ff02ff00
10fd02ea
ffff0af2
fdfe00fd
211f02d8
002d020c
280d04fd
28fefd02
000900df
fff6171b
0804f6f3
fdfafffe
fae607ff
0119fd07
ee00f616
fa0cfa04
02f702f7
f611ed19
05f61614
fe0000fe
080d0910
00fbfbe7
03f0fe13
f307f5fe
000a000c
1aedf308
fc07fd0d
ff0101ff
fd0000f5
ffe9fffd
0be80cf7
0804e206
ff08fff2
0f04fc05
fe11170d
fff903ff
f016fffa
fdf402fb
18f2f6f9
0008fbff
fd04fdf4
111712dd
0b061e09
00020000
15fb0c7f
0060ff09
f17f1df0
0afd0fff
00f20000
1731fb0f
f281d02a
fffdffff
0cf8fe04
01fafaed
0807150f
f8f8e9ff
01fc010e
0218fc0e
fef7f1e6
fffe01ff
eff710f2
fe2000e7
e0fc0dfe
e6fb0c01
fffbff15
f610e8f3
0b02f6f2
ff04ffff
fe0dfb1f
010eff34
c102e70d
161acc04
01fe01d6
ec0bbcfc
f6031d0f
fb0101fb
08050d00
ff0500fc
f2f0fef4
f5fefc07
ff09ffeb
1107eb00
06050211
fb0202fb
f5f5ff13
fef2000f
e200f3ec
06fced00
fe05fecf
0c06190c
fb06e3fc
fb0100fb
0d0602e7
0004fdfa
f8fffef9
faf0fdfc
00060010
03060402
0107fef9
fd0102fd
1912fcea
fe1b02fb
ff071900
d9fef1ff
ff0aff04
ee07fc0e
0eff0ff7
fefe03fe
ff10f6e6
fd12030c
f7000419
16e8f800
fdfdfdf9
1fcc2ae2
0707002f
01030301
fe170103
fe1801e3
100a0b0c
f2f60507
fd04fd03
25feefdc
060512e5
01ff0101
08f1fdf7
fff601f0
f8f6fef8
f301ff08
ff02ffdf
13260104
fd091ff3
fdf801fd
e510f8e0
fff0fef1
021501ed
0303fbff
fffdfff8
fcdbf9e7
f2fdef07
fffb02ff
fc00f7e1
fe3e02e6
14030dfa
1d06e100
fe14fefa
f6ec1cf2
0dfafded
00f80100
06f7ffec
fffefe27
02200ecf
2c1d1503
ff13ff0b
16ec0203
ef04d6f2
feff02ff
ea0df900
fe12fce3
daef0c08
f8fdeefe
fef6fee5
14f0200c
040306f6
fff801ff
e722fc0d
ff0dfe27
000e16f9
290b0d07
ff03ff28
24e001fb
04060611
00070300
05f6f007
fd040021
14f7f21a
e716de02
fdfcfd17
171f0cff
0bf7ef2b
00fbfd00
fe0c03f1
0305ffff
14fd1ef9
0e0d04ff
03f703f9
f5051900
fd08faf8
fb01fdfb
0500f5fb
031c01f2
03f214fb
e3ffdc03
03fc0305
fd13fb0d
fa06f7f6
fffd01ff
07faf204
ff1900e0
f3fa18f6
04101701
ff06ff0c
e2ee1dd2
f601220a
00fe0000
2ef0faed
00f200ae
032529f7
f6ddf100
000e00ff
f0f34b16
1cf91ae9
ff0900ff
ff140cf9
00e60122
29eeeee6
04120302
00020018
41070ef9
f5020f27
00000000
00000000
00000000
00000100
00000000
00000000
00000000
00000001
000000ff
19f9eb24
0018ff24
18f400e5
15effc03
0024000e
1b24e830
1100d304
fffb01ff
08010fed
ff04012e
041e1534
17e92703
ff5cffc4
feddfa09
0e01fe32
ff0700ff
40e7fca7
00f6fec9
f30c6e32
f9ebb002
002200af
aad44058
f7f0f943
01fd0201
4f09e20d
fedc001d
efe4e6e0
2eed2007
fe3afe32
f0f0f021
f5fe4033
00f8ff00
34eed920
0102ff15
1affe605
18fe7400
0163013b
cedaec8f
15062dfd
03040103
dcc5e8f4
ff2bfece
d3fd2fcf
cbe93505
ff28ffe9
c6d54584
20f8f7d5
0306ff03
9e07fd0c
011d00f9
ea0a1108
d6fee704
01f801e0
ee2d14fa
07fbdbc9
00000000
00000000
00000000
00000000
00000000
00000000
ff000000
00000000
fef901fe
eb40e6c7
ff18fe36
09ce0738
41da2100
fff6ffe7
fd27f924
0c04dfc4
01060001
d2ecd20a
00190005
e7d94500
20f10705
00f300f2
fd17d5f1
00ff0ef1
02fdff01
e32bf115
011a0201
2f0030f3
3efaae00
010e013c
10f8dbee
09fde8f4
ffff01ff
f9f0fe0c
ff11fef8
fa100b3f
24e71cff
ffffff48
fd1a061c
070015f8
00000000
00000000
00000000
00000000
00000000
00000000
00000000
00000000
0506fe05
e4140617
0224fff8
ccfe0fe6
f7fc0c01
02ec02d5
141bd2dd
f50cee33
01090101
f214f2e9
ff3501ed
e51f12cc
1708f302
ffe4ffcb
172efcf0
0b04d219
000a0000
f322d7e3
002606e7
d527f4ce
110f0afe
00ed00c1
f20d0a3c
34f9f03d
00000000
00000000
00000000
00000000
00000000
00000000
00000000
00000000
010d0001
e1f0f60e
000f0718
0eea0309
0b083a01
00fe00d5
c2d1164f
29010b0c
00070000
ecf01817
00f4015c
3dc019f8
2b12de02
ff06ffc3
bccf2339
2a07d1de
00000000
00000000
00000000
00000000
00000000
00000000
00000000
00000000
070aff07
c9dc31dd
02fbfd05
e1d61eea
d7efe308
020701ca
dce0eee4
06ffd9e4
00ff0300
d70026c2
fe08ffea
e614cde1
c5d7cd04
fe08fede
1ddbd7d9
19fceecf
00fb0100
00fd27c4
ff09ffec
e22e0913
ebe6f502
ff11fff7
1509f0fa
1af4e8f4
01f60001
f60b21c7
ff130144
ce39040f
00f8f702
00060035
270cc81f
07f312e6
00000000
00000000
00000000
00000000
00000000
00000000
00000000
00000000
04f9fe04
031a1e15
022801fd
0c2bea13
eafe1d02
020b0203
f93d1522
00fe2319
fefa02fe
fdd90800
fe340101
1922def9
190d1400
fe00fe1b
db521e2e
f502f718
03f8ff03
d20b0b10
012d0117
1317f4e6
23031803
010701ff
f6211e16
e2081af5
0302fe03
c306fd18
0207011c
e501f2ed
bc16e606
02050230
e71d28f8
eefb1823
04030004
d0d600f8
00ea0017
f609ffeb
fdfbfb04
00080005
ce2625f6
ecfd1323
01ff0101
d116f8d6
ffe8ff2c
f40e03ef
23020002
ff0cff24
e60006eb
ecfdf21b
02fcff02
ea0cf7d2
01d80037
dd390504
0206dc00
010e010c
df1111d6
eefc0d03
03ffff03
ff0ff1db
01c40128
f90de2f8
1f07fcfe
010d0114
e40820ea
f1f504f0
02fcff02
090ae9a7
01bf0118
e7410105
0dfb02fd
0201021c
ecfcf4e8
fdf71cfc
00000000
00000000
00000000
00000000
00000000
00000000
00000000
00000000
000000ff
fec8eef2
0081fee8
2f1fcf13
46061601
fffcff0f
1022dd07
00040901
02010002
212600d1
00c60120
183529f8
00fb3801
00f60030
4302fcce
f60516cc
02f10002
2a1af5e2
00eb01fa
0532fff5
2b07f503
00f80002
292ce11b
06051bdb
00000000
00000000
00000000
00000000
00000000
00000000
00000000
00000000
00000000
00000000
00000000
00000000
00000000
00000000
00000000
00000000
04feff03
2924f1f0
01dd01fd
150e08ee
2b031005
01f201da
2526e208
fc061709
0704ff07
12bdfdf2
00e50102
c8f8dcf9
03ff3a04
01e401ea
f7310514
ee032d11
0a02ff0a
0b1900fe
01f50309
e4fd18f1
0d021406
01fe01ee
3b20ef03
fd0620f8
0307ff03
27d70cfb
01f1020d
0400240b
eb16fa03
01f501e8
3e2e13fb
000709f2
00000000
00000000
00000000
01000000
00000000
00000000
00000000
00000000
02030102
17231303
fff0fff5
fdd900e5
100a1303
ff03fffd
331f1f0c
fd0302f8
00f60101
0439ecd3
ff1a02ef
c7feeaf3
ffe4e303
ff01ff11
07eebf11
f7050037
00000100
0a2efded
ff0101fd
07f602f1
f6fe0101
ff01fff7
33022b03
0603f3f4
00000000
00000000
00000000
00000000
00000000
00000000
00000000
00000000
00000000
00000000
00000000
00000000
00000000
00000000
00000000
00000000
00000000
00000000
00000000
00000000
00000000
00000000
00000000
00000000
02ff0002
fbf70be3
000401db
d0e6fb06
16061e03
00140000
122d1405
09fb1517
01fe0001
102907f4
0019ff0d
14ffea17
0d08f601
ff0bffed
0b1d2fee
00010aee
02fffd02
030efde7
030602fb
03f9fc05
00fbf3fd
03050313
02fd1906
09fbf60f
0001fe01
fb20ecdd
02220201
e1f9120d
fbfef8ff
020d0214
1b0419fd
09f60201
fffa01ff
1819f1d9
ff2cfff5
df091617
1406ed00
fe17ff12
3ce72a0a
15f7cdd1
00fd02ff
f7f708f2
fe00011f
12f1e1f3
eef8e6fd
fdf6fd1e
1fe60af2
1001f00d
00020000
fb08090a
010300e1
23ebf127
d40308ff
00050019
102609f3
0bfd0aff
00020000
01f003f7
001001ea
00ebeb0e
12091601
ffff00fc
fe1215f3
f3f9fb17
0102fd01
eeaa0afd
03c0ff06
43d9e80e
190c09fb
02f702ef
fc270018
fcfaf936
00f70100
e4eaf81d
ff3b000d
c3fcebd9
bbf0dd01
fffbffee
0cf7b2fe
0a043645
06eeff06
dd44fd29
0123fe16
f31118cc
ddfde902
010601fe
2ec5eb00
000d1bdf
05ffff05
fc24eaeb
011500de
da07fc0a
1aeeec06
01130102
f8e21408
10f8070b
05fdfc05
eb0afcfd
040901f1
f006eef3
09e30cff
04f60412
eec0ddfa
f8fefc1d
0202ff02
18d7f8e3
010800e9
f6f3cfff
e7f1faff
010f01dc
fa0925f4
14f40f31
04fdfe04
03001910
020e01f1
03fd17f8
1fe61603
02f80200
f7ebe4fd
f30a030b
01fcff01
081605f0
010e0100
04f8e2e6
0eee0d01
010101f9
f5f4f904
fbfdf608
02fe0003
1d22e2e5
012902a1
09ebf10a
1912fd01
001500d1
af044dfb
06f5f310
0200ff02
0809fdf7
0118ff13
0bf6fe0a
0b020803
010201f6
ef0f01f8
fefd0512
000bff00
30ff18f5
01e101d9
30ccef17
0227daff
000f0015
b74c020e
1bf6e703
0206ff02
103a2de2
0142032a
14f44ef0
0f103bff
01f70178
faf61dde
e901f00e
00000000
00000000
00000000
00000000
00000000
00000000
00000000
00000000
01f90101
fcf902fb
000afc09
07f0e0f9
0af6dd01
ffeffffb
dde5d517
00030715
0400fe04
07fd00ff
020f00fb
02f20a08
fe020800
01010214
1304fa01
f303fe19
0107fe00
f9dc18fd
02f5ff05
06e5eaea
14f20c03
01f1022c
0ffed6fc
fc00f72b
02050202
13f61610
fe070218
19dc1534
1f090002
fe01fef2
120e09f2
f1fbff0f
04020003
dcc90d17
00df02ea
0ff7c205
2b090b04
000000ce
1727c310
05111806
01050101
e2eb0a3b
00de0008
0ee3dbf1
f5fb1103
fffeffe0
2d08cf0d
030427eb
0101ff01
133ff6ee
012a0008
150e49ed
23fded03
010f0118
0df3160d
17ffd3cb
0303ff04
02de010c
012603f3
c7031fff
c0fffd01
01fd01e2
df04d80e
08fd2228
01040001
07e1100a
000d0101
00f3062b
f5090d02
00ff000b
0610e8f2
effa04f3
0207ff02
fed5ead1
0118ffc5
f304180e
dcff3d02
01060116
f505ec0a
f8f71bf2
01fefe01
190c08fe
0206fed4
2d1fda30
1f1009fe
01040114
d9082b09
f4feccc3
0105ff01
03eefe11
010d00eb
2d02ef16
e50304ff
00fc01e8
fafce7fd
ff07fc04
0406fd04
ddf2030b
03f5032e
09ec110d
03141102
02000210
1401af0e
edf914dd
0101fe02
1a16f8c4
023e02dd
ee112e16
09f4c700
02050248
f5dc1214
1bfcb9c7
00f90100
0db001d6
fff002c5
24e2dad9
05ca4500
fef4fe03
06f2631b
1ef9ecf9
06010006
083207e8
010a01cd
f7e8f1d2
21291002
000a01fa
b938e323
04fb01fb
01040001
07fdfdf3
010500e3
26153016
fefd0000
00fa001e
07150bf2
0b01e9d4
03050103
ffc10ae4
ff0600ee
1f0d2a32
22e70f02
fef5fe22
18f90406
f1f7ecec
0200ff02
42e6f803
01000010
f600f449
bedbc402
01030103
0deb0ff4
3303e047
0202ff02
ea080a1a
02ed020c
04062a03
1f10fe02
01050110
2fca00f9
f6ff1a0e
0303fe02
fbcb15ff
020fff0e
0604ef1a
d6fcd6fe
01f6020a
020fd902
feff1cec
02fb0002
f2030c05
00150026
0c1613ef
0f03f303
00fb0011
23f1e3f0
e80808d1
03fb0003
f603eadf
010502d4
0c1c0a01
f8dbccfd
0008001b
dafa1a27
11fc16ed
01f30001
d2f8fa22
0005ff05
160fcdf7
49e8d3ff
000f0012
3003ea00
0108f8f2
03070203
0e1ff11c
ff29041f
e9f2ee03
0016fd03
fe04fee5
ff08fbf4
f4fe041b
02040102
06420a05
fffa00f6
0f2f0322
3604ec00
fe14fff1
e516100a
f3fd13f0
01f40001
0b30f706
013401e8
1e4564fd
a1b9bbff
000900e3
25d620e4
19fd00fb
01040101
0e0e0fef
ffe0ffb0
f8f9dc11
b106c7fd
fe2bffe2
07321500
25f9f9f9
02fdff02
d9feff5b
01d10132
1e1da9de
ccedef01
01f701d0
3eeecddd
f40c34ed
0212ff01
01cd1d35
01e10011
21c4282f
e82c0500
011501dd
1d55e1fa
00f3192e
030aff03
1cdc09d1
01f6ff03
0bdb0319
440e3f05
01ff01eb
d7fb3001
03f3f741
02080102
16f700b3
ff21ff0d
06fce4e5
46021003
ff01ffc6
b6071c14
08ed174a
00000000
13d90de0
00fb01f0
fbf21701
c6fa1f03
00fd00e1
eefafc08
08ff150d
0004ff00
142e0945
02180042
0efbbc33
32420302
011001da
f043ec18
da0207ba
fffe00ff
f53a120b
0014ffd9
0217fdf3
0ef70502
00f3003b
d00dd610
f50824dc
fffe01ff
08c706b6
0033ff0f
0d3de4c7
6416fbff
fff7ff2e
20e83604
010df0cc
00f40000
00270007
00f404eb
fc0dfc0b
02fce402
00000001
fcdffc07
0307feee
02080003
f7fee91d
00150234
c8efe8ce
81ec4703
00df00f7
18c3c2f8
fc042913
0301ff02
f464fc29
01dbfdf4
4df13a07
10120800
011b01f3
19eae4e3
020000fe
03fb0103
c70b2736
ff2c0427
07ead6b7
12f46902
ff02ff09
6e2bd8a7
dd022bca
00f60000
001beb0b
0007fd19
f7090d02
d70cf101
000700e9
2ad40d10
080004f1
02f80002
f01bfc2a
000901f4
0bfc040e
eff73900
ff0effa4
ff13e9e4
eb055416
01f0ff01
281805e5
024a0040
2b22fdd0
282802fe
010201bd
38e72917
020acf81
0108ff01
0638fcf0
01290025
f101e6f6
0a1ff6fe
01fc01e7
0affebff
f0f3ef2d
0705fc06
ea1fe604
04d500f5
321d18fa
08f8c3fd
03050313
daf3e622
14030bf0
01ef0002
212cfad5
013203f8
c42301a6
cadab3fe
00dc00f6
cbb3ee3a
2601385a
01030001
0300050d
00f601e2
cf24e9f6
d2f231ff
000100e0
ddee3010
ff0b2efe
0301ff03
1b0513e9
012aff1f
111ddbdd
fd0c3002
01fb01d2
1d0614f8
ed101fd5
0203ff02
08c5dcdb
0219022f
221524ec
ede317fe
01f501d7
1ffad9e4
19000815
01040002
dad3e3b0
002300ee
ec112c0f
fe0147ff
0005000b
2ef1c917
e5f621e8
fef802fd
fadcfa16
fefdfee4
d4f8f603
c809f1fe
fef9fe00
fd070801
0e0201f0
81fbea81
fef902ff
161401fd
e9090af8
0d050603
16031606
070efa04
07fa0604
fffaffff
fafa001d
01d300ff
fa070912
dd04f4ff
01fc01fa
08e210ea
020200e4
00f20200
1808f702
fe0804eb
02112305
e508dfff
fe0cfefa
13102d04
28ff08f5
ff0301ff
f5020418
ffe80336
02e8f8fb
db0af804
fee0fece
02f5d504
ed071118
fffefdfe
fdfc0b4b
03c9fd00
0becd90b
e91405ff
02e70210
fe03d2e8
f206e905
02fdfe02
032a02f7
020b0308
06e7e4eb
f0fdf802
02f40200
ddfa1a09
fe05f91b
0004ff00
02150f14
01f10804
2d08eafc
d71237ff
01030119
d4f7e208
fa00f5e2
0004ff00
09190d0c
01dafff9
eafefbed
fb14f702
01fd01e7
f505f9f5
f801f9e6
00fdfc00
130e0efb
04d3fefe
1812c00f
faedea02
03fe03f8
060c1a06
050100e9
0100ff01
fe02f706
0101fcfc
e915e50b
f50b1f03
01f4010e
f6f8f9f6
fb0ae8e4
02020002
e2fc0704
00e4ff0f
101e1506
0111f700
0003001b
072cfd0a
04f1f3ec
01ffff01
f6f912ed
0108030e
151d1910
faefff01
00fb00d4
e9f801f0
ff0109f4
02fc0002
0df8f303
00fbfe0c
f4f3f816
d203ffff
00f6001c
0b00100f
f9fdfbfe
01f70001
f304030e
000c0101
ebd1e3ec
edfaf8fe
00fd0012
1df5e627
f203eade
00020000
111cf7f6
00f5fe25
fd00fe22
e2fe0401
00f400cb
c0fa04f5
ed000ee7
01f9ff01
04ece800
0105fbfa
12fdd611
d105f802
01000138
e1db21fe
fdf9070c
0408ff04
02fcfb1f
01f9f9f3
0fe618dc
0f181304
0106010a
00fad501
01fcebdf
03030303
03f501f9
fd0afd12
ea0df4ed
d1f0f209
fdf2fd21
0dfe10fd
f300000e
00fc0200
2ef50703
fe0bfd33
e9030f2b
f9fbe200
fef7fe08
eaff0601
1e03e70e
01fafe01
db1bff2d
02e601f7
fad0f4fb
0f0e0808
02f802f3
14acf800
02fe08fd
0200fe02
fcf3fc13
02f6fe0f
eefee809
0004f500
020702ef
09c40d03
f3f2e817
fff500ff
fe13fcfe
0005020e
eedfee08
c4f4f7fc
00fd0003
e7dd2c0b
f4fd13f7
0003fe00
00f5cdfb
02010c25
f70f0822
edfce7f9
0206021b
dfdaebf5
01f2f50f
01fe0001
00fc06ef
001a8116
080616f3
f9fe041d
00060009
0e1cfe01
0fff0c0c
01fefe01
fcde000e
02050905
e4fdf504
0500ec00
02f7021a
fae7fdf1
fa00e7eb
0208ff02
f21d032c
01fa09f9
0cf3d300
1ff2feff
01fd0113
15f1fee3
e705f20c
01feff01
fd0c0e05
01f6fff1
fbf9fe05
02f7f7fa
01f00122
0fff01ea
fd02f6f5
0100fe01
0506081b
02f10401
e9fdf90e
08fc00fe
02f60211
07f40d08
f1fd04fc
05ffff05
fef4feff
01e806fa
160efa12
f804fffc
01f901ee
f90dee0e
fe060a05
07010d06
fef5ff04
f3ec0205
18fcf9ff
0700fbf8
f3fbf308
fc03f607
f601ff07
fc0104fc
0af90008
fcff03fa
0600f40c
0107fdf6
fcf8fc13
f9041009
fef8f805
01fa0001
f5e60816
000a000d
f403fae9
0f0cf3ff
00fb0013
fd20fe00
f8fe0b12
ff0113fe
04f3fb03
edecfe06
09fff103
f105f7f8
ecf6ecff
fafbfa02
fdfcfb1a
00fbff00
0efe0b25
01f60303
090aec0a
0116ebfb
01fc0103
e3f607e2
fefefa01
00fd0000
1400fffe
00e20509
180609f7
fb00f000
000100f0
180b20f7
10fff812
04fdfd03
000f0c21
03e2fd1e
28fd04ec
0c130dfd
02ee02ee
f3dcedfb
f7080108
02040101
09f50e2f
ffef01e2
12f0ebda
2b1216fe
ffffffb4
b6161428
f6ff1713
01f2ff01
1006fb0c
00f30118
e9f61f08
10240efa
01f9010b
fad32101
06fff806
ff7fffff
36f39dff
011d013b
f719e3e2
048181fd
011b0122
021a3418
8103e782
ffe8ffff
01f00401
01f3fbf8
28fe1126
fb17f6fc
01f10116
fcfb13f3
17f7fbf9
0103ff01
1110071e
01060106
090ef906
1fffef01
01f801db
030716e1
ec06f817
00ff0000
030e1512
00e1ff09
1500fd06
ea0138f7
00f90034
f7e1ffda
00fd0111
02010002
0707f104
00160320
07f31ef4
10f80901
00fd0000
1eeb1b03
04fb17fb
fff600ff
0c01f910
000103f7
fa09f529
d10408fb
00f300f7
03e5fefe
01f7f1fb
00fe01ff
15f50713
ffecfff1
0cf4f706
0211f4f8
fff7ff0b
f1ebea04
fc0ef101
00020000
0df8fd02
00e500f7
08e4f607
0dfcf2fb
00050008
f9f1060d
f91801f9
00030000
ae30e412
00ff0023
17d3fcc8
11f30b01
000200e7
320f4dd5
02f23311
02010102
000b0219
ff100106
f5160110
d9effcf7
fffbffeb
0ae40502
f6f0fb09
00f90000
09f6080a
00f5fff1
f112e30e
df0102fa
00f90011
f2f513e2
06fcf4f2
01ff0201
10fa0522
fe0103f3
f612ee18
e9fce2f8
fffafe0f
f7e5f8f8
fdfae601
00fc0000
0204f0f8
0001020c
fdefdbf9
c7f1fcfb
00fb0020
dce31309
04ffeef3
00f7ff00
0efceef3
01e202dc
100be918
dffdf4f6
010401c6
1bd91619
fcfe06ca
01020001
05fa1709
00fafffd
fc06ff17
f5ef08f4
00fb0011
f8e5fd11
0cfff7fa
0402fd03
16fd08fb
03e4fcf5
1d06f918
f5fb06f9
02f7020d
e9f40ff4
06fff5fe
0304fe04
f9e8fe07
02e2ff06
1ffd1717
1902ea01
02080210
f10001e7
0203fffc
01ffff01
1dd30427
01f10265
0e0f1704
06e0d0fe
01ea0107
00e1e209
040de50b
fd07fffd
07f0fa01
010f02db
10f216f7
fef81cfb
01080114
24010c12
f002e2f2
fefd00fe
1c17faec
00c600f7
fb07de2e
0cfdfdf8
00ec00f1
12e919f4
080722e2
00f60000
0b070909
00aa011e
070b2bae
b70b2301
00190006
fbf1f0ff
dafec6e5
0004fe00
f9ee00f9
020904e6
2efde900
2bff06f8
02fb0201
0bf3fbf2
effcf900
00000000
17480be7
000fff14
ff04eef1
00f117ff
00f900ef
bdfdfdcf
fd02fdf0
03000103
f3e21f17
ffe4fece
15e6e5eb
6bf6f302
fffcffc9
f6eb0c18
f409ea01
0306fe04
fee40406
02f3fe05
edfeea2d
ed181df9
02f502f6
eae9ece4
f4fcfd09
06050106
e4040702
ff03ff0c
f603e821
e501e501
fffdff32
2300eff2
f705fd10
01fd0101
fe0307e9
ff1ffe13
080fe7fe
fe0705fd
ffebff03
01fbe204
fd04ffc9
05fefe05
eff7ef06
021b00fa
0cf8f725
ef02f1ff
02fc0204
fa17f0f6
eb0ff204
fffd00ff
0aff040b
001ffdd2
e6020a09
fc0d18fb
00f000f3
d6f411d6
e90017e5
0402fd04
06fa0913
03b00124
2603db18
000910ff
03050319
09f6e50e
fe07050d
ff0901ff
ecf110d8
ffb600e8
3b0f151a
4e36f500
fedafe2b
18c443eb
f8fe1529
0106ff01
f8f5ed0b
010c0181
0fd20c81
e8228bfd
0181012f
050a140a
fffbf0e7
02fc0103
f3eee922
ffefffe0
05f9bed9
26f7e5ff
ffdbff64
12f2e206
1b07cc22
0001ff00
edfd2b01
01f101f7
06f90922
ed0400fc
010801d3
19e91a07
fa02ec26
01080001
18052eee
00fb01e4
f0f221e8
f5f98c01
00e700ab
3602196d
d5fa0420
02fb0002
7f03fe00
00c40111
08e8e002
21eee9fe
001b002f
2cd9ff68
e8012f39
fff8ffff
7bd5ee1d
01df0111
17f3e5f5
1a0b3ffb
01550142
ebb3f4b9
f7073620
01020001
2abffa28
001300db
130b0cb1
f721fc00
004300fc
d4d31881
f60218e7
fe0301fe
fad80f06
ff0d010c
ff1ae0f4
bb1996fd
ff1dff25
24f001da
18f7f5c0
fff8ffff
0601f004
01ecfef6
01090442
d6fb0bfb
01270108
f0e739fd
0ef8ebd2
0200ff02
f2e2eee4
01f8ff09
ddd9eb37
11fd0bfc
010b0119
d607bfeb
e704e425
0401ff04
e2eae80f
01eafef9
fac70b01
f301f100
010401e9
f501d8e1
ee05f5f5
0000ff00
00000000
010000ff
00000000
00000000
01000100
00000000
00000000
00f90000
03f9f322
00edff10
2beff741
11f2f3fb
000f0058
00f5060a
f1000ac9
00000000
00ff0000
00000000
0000ff00
00000000
00000000
0000ff00
00000000
ff0102ff
0fe00e05
fde8fbd5
0ec93f3b
3b090400
fe01fd1f
f03afcdf
de01d822
00000000
00000000
00000000
00000000
00000000
00000000
00000000
00000000
feff01fe
0405d829
ff05fce3
e6fbd6da
03f718fe
ffeafff2
3926ece1
0206ef28
00020000
fe08c50a
00ee01c8
f124dbfe
18fdfbf9
00e5000a
e000e725
10010d5a
0104ff01
0e25c625
010806f0
f50fe20f
100943f5
01eb011e
d4ef2445
07040a1e
00070200
e80ad045
fe160306
f2d2f3dc
2c1029fc
fe04fece
05ba0f2a
1e050ff7
020f0002
d8dcec42
000a041a
ffbb13f1
0e091500
00f500da
e0cdf30d
0010f602
00000000
00000000
00000000
00000000
00000000
00000000
00000000
00000000
00110100
cbad0402
ff06ff01
e2c53607
e5fb0102
fff4ffd5
eabee7e6
f606d6f3
001101ff
d3d211fc
ffe40007
eebefcfc
dffb0200
fffcffe1
eed6e4e6
10fecdda
00050100
f1ff08f5
ffecfee8
e9ec0e0b
f6f2f4fc
ff01fff4
facaf3f2
1ffad8fa
fffdfeff
f9ebfc0c
0111fee3
d903110b
08f13200
02f902e8
ecc5020b
0efae60e
fd0500fd
0de21617
00f6fef4
06f2df27
e30510f9
00fc00e7
dc0bfa2e
15f8f103
01020001
0ff72313
002dfffb
0cf6f521
fd0922fd
000600f4
fd1a0829
13ffebf7
01000000
ff01040c
000800fe
fffeff02
feff0200
000100fc
ff020205
0200fe01
ff0301ff
e4c52e3a
ff3fffe9
1df3f6f8
e6e9f102
ff06ff07
fd2b2311
0109ef12
00050000
daf01733
00450100
d9e2f7f3
ebfef404
000800f3
d30a1514
f604f521
00040000
bbf11a40
ff40ff01
e9dff6ee
e5fcf203
000b00fd
d7061305
f106ee1d
ff0501ff
beef1130
fe23fff8
d4e6edfc
ec02f301
ff0dfffc
d2000f02
f203e817
fd0202fd
d5190e06
fe21fef7
0ff2fdec
faf7fefe
fe07fe0a
cdef0afe
f2fbce16
fc0601fc
c6e50d13
ff04ff05
e0f9fd1a
f710effe
ff0eff19
ceed0beb
f6fad405
fefe02fe
b90003df
fef801d1
c500e602
e702f1fd
fe21fe04
c2fd17f6
fff608f3
fffd0100
f1db05dc
ff020136
d619df03
0dd9ddfc
00f70036
cee3f1f8
fefcf115
fefc02fd
cfff04fc
fdc6ffdd
1806cd02
52fc0c01
fe0afd10
c7eff4e9
fcf9d425
ff0000ff
eaeb05e8
00cd0103
0c19de1f
160202fb
0004000c
b10500fa
f9f5030c
ff0000ff
fffaddcc
ffeefffe
de25fc24
170801fe
00030004
c0dae306
fdfbf9fa
ff0100ff
fe02f8e1
00ca0004
061906f4
11f70700
00020006
c8faf7f9
fbf50d17
fffa04ff
0101f2e9
fce5ff0e
ef31e0de
ede90802
fce7fcf4
dacfe4fe
f20422fd
02060202
03dbfb00
fec6fdd1
01f6f205
0b1a2002
fef4fedc
b735e3ff
e9fc2311
02000002
1ae2f2fe
00d200ee
f8132e21
eef7ea03
00fc00f4
e9f9de04
02000c05
01ffff01
2afc1bff
01e30113
002b0e12
ffebe5ff
01f5010c
0900fc02
090cfce7
00fd0200
fb32f801
fee0ff01
d31bfdcc
1eed1c03
fff8ffee
f3f9edf6
f0023215
00000000
00000000
00000000
00000000
00000000
00000000
00000100
000000ff
00fbff00
07eff10b
01e000f7
f7161b07
de09f402
01f901ff
0d100f01
00090d0e
fe0302fd
14fb194c
fef10027
100c28f9
c32bc602
fe0bfed0
4b1822e5
0d0b14b6
00070400
02fb0aff
fccd0115
eee7fad2
e5010f03
fcecfcea
1907ebf4
fe061d18
0201ff02
0a0107de
01f101f4
f3092de0
fcec1901
01010114
220726e8
040804fa
00080100
2705f6e9
ffda00d7
c0dcd7f0
351fccfe
0013ffdd
c93f3a19
1bf8f321
ff0000ff
00000000
00000000
00000000
00000000
00000000
00000000
00000000
fe0201fe
ec05fde4
ff00fe28
aa104ff4
fd001d04
00f2ff3f
49f9c80d
dd0209dc
0000ff00
00000000
01000000
00000000
00000000
01000100
00000000
000000ff
feff02fe
0401fcfe
fd1f00e8
97152af5
fdf23105
fefefe1d
1cf408f5
f10612f3
fef202fe
010ff901
fe0001cf
ce2800e6
ffe5f702
fffafe22
37e30cfc
080af9ec
020aff02
f1e1f00a
00d800f2
aee5dbf6
d1fc5001
01f301f2
171c0aff
01f91b0c
01000001
00000000
00000000
00000000
00000000
00000000
00000000
000000ff
fe0003fe
1a440a08
fd17010f
ed0c28d2
1100fe03
fe0dfe0c
1b1a50e8
ff0d04f9
00fe0201
f803f81f
fef80114
b4fffbf8
f80edb00
ff06ff02
2d0204f7
fd06fa03
00010300
d8020e49
fcce0121
e422c806
161bf201
fd0ffdcf
5954e7f5
f30b15c7
01fdff01
05c9fafc
00150104
c721f31c
11dfef02
01f0010c
25e62cf7
03ffed2b
01030201
f30ff0f5
fdf8ff09
c400f1ed
0e0a0400
fe07fe01
1c130ef8
fbfefd0e
fefd02fe
f0ebe4cc
feedffde
be0943f4
f5dbb001
fffffe3d
e6e2f21c
30020054
fe0102fe
faee09f8
fe0c0105
bd0a0708
caffe201
fefffe0d
2a1107f2
01000ff5
00040000
fe04f7d7
0007ffff
e508ecf2
2f0bf901
000000f7
fe132cfd
0701f309
ff0000ff
1e1eea01
00edff15
28e4f052
4c4d0d02
00fdff0c
f7e3fb0f
ecf58fcf
000100ff
111412d9
00ed00d7
fcf0f90a
f702f900
0005fffd
06391dfe
f700fce6
00ff0201
0a1200ee
fe1f03de
cc0b1d08
e90309ff
ff03ff24
1f1034f9
10fef3ef
0103ff01
dfc10517
01edfdf5
b1e4edf9
f4f8f603
02fd0213
0216cce9
f2093032
ff0301fe
e9ab0f31
ffc3fe27
08e2e910
e213dbff
fffeffe0
f636ee01
00f41936
ff0000ff
13220d21
00e70138
30fafcff
d306e4fe
001800ae
503536f1
06f708e6
fffb0000
fb200914
0006fd1f
b3fcdce8
cffd2104
00f400fd
1afc09f0
ea062f00
00000000
00000000
00000000
01000000
00000000
00000000
00000000
00000000
fd0201fd
f2c5f6f3
fff2ffb4
b2eeff1e
1df53e02
ff0efff6
f14c0d07
fdfb33eb
01fb0201
0936e026
fe3b02ff
9729ccdd
b105fd02
fff7ffe3
11edbfe0
d00efc0c
01f70001
e6dcf2e0
0034fe2b
e01e1ff9
35e92d00
00ed00f1
44c323fa
e70209ec
fe0b03fe
f8c80f26
fd0300f0
a8dbe328
9b18ef03
fefbfe03
1433b7de
ebfb142f
03000003
112103fe
002700f9
edd7e6f5
461c1900
010501b6
160e1cec
ed04f611
fe0601fe
db2d0508
feb6ff31
91d210dd
f4fe0100
ff0bff37
23d9ee16
12fd2305
00080000
21fc2ea5
001f0021
c1c66beb
d8262afe
01e9007f
ebf53c26
03edf823
01f80101
02f90010
ff28fff6
f028dee6
ceebc0fe
ffecff17
fbc5e2f7
030efb08
01f80102
ecb80615
ff1efe12
b707e3e5
9ae51f01
00eb00f8
31efd703
f3183af2
020b0102
1df807d3
ff1b009b
bb10052c
9af10902
00f50076
f404e9f9
13fbf79b
01fbff01
3e30d4ce
010f00bf
23fc5456
1af0c300
011801f9
dea97f0f
29eb9cc8
0103ff01
f60416e8
011004ea
04171c1a
0701e6ff
01040133
db062507
09fd090a
ff0701ff
0deb01dc
ff2b0012
2af62e05
0903d0fe
fef7fe07
d5fb1b14
01fc0fff
0e08f60f
031711f1
0a3107fc
980ef0fd
d8f62bfd
0b0e0b16
2217fbe9
00063015
02000103
fed0fdf2
ff3203bc
a6072b14
15d65804
00f2001f
cc0219ed
fc0a3338
00ff0000
191c0707
000c03d3
333dfd21
f8f82204
00f90020
eb0a18f0
fe03f399
0203fe02
0d0e16e9
02100203
dde433ef
b70215fe
02fc022e
edf407f2
f9f7051e
0102fd02
08e0fba2
0339ff59
cdcaefdf
381d07fd
04f2047d
deec1b40
f9fed90e
0008ffff
ecd3071f
01c60320
4ae2c60c
fc023204
000900c7
182d21f3
15032d0c
01fa0001
f8d809fd
002204d4
081ced22
feefc902
0008000e
34e8f2ed
03ffffd7
fe0400fe
f94dfe2e
00e90023
00f014c2
a20b3a00
000200c7
34c114ee
0c032be8
0302fe03
02eef3e9
02fc0203
0bc0020b
440de6fc
02fa0265
aedf111a
fcf4e605
fff9feff
4a12dba6
0203fec5
0a0c7f5f
3a1d9afd
02fb023b
85aa6c47
27f38114
02f2fe02
0fefe602
020e04d2
1d17342d
db0eb500
02ff02e5
0be6fc2d
19fbd9f8
00040000
ebfb1c46
00f3002d
f7f10503
efe7ec00
00ed002b
1c1820ea
faf40e06
fdf703fd
f4e31728
fd0b023c
36220c26
ba01bafc
fdf1fd2e
7adcb8e7
010ee4a9
020dfd02
09ed2199
03000213
de077a1a
f413e003
03da0335
81c3fbf8
fff62875
0208ff03
04dd0815
01d1ffd3
cccddb1c
fe220e02
010602d8
f41d0208
12fe091e
00f700ff
0b7fef46
000700d8
7f125037
17eeee00
001f00df
65df1dde
1201d7a1
fdfcfefd
fce0fbc2
02fefef7
220305ef
15feda00
02f30218
e2f4fb1d
fdfbfe13
02f60003
f641f1dc
002e021d
9ff7e3dc
18ccfc03
000800ff
0ee7f2e5
01042cf4
01010101
f7e72af3
fffefdbf
ecf919eb
5ede4801
ff07ff07
2014d8ff
e00cefe0
01020002
ed5604fd
002f000e
d9f31bd1
01ef0200
0106010b
21e61fd7
020b25ee
0efff70f
07fa0a02
09250410
d902d602
cefd12fd
09f40af3
0905de05
f90c3010
03fe0103
dee50744
ff120319
0216e80f
9b05fc01
ffeaffd9
0afdaed6
eb0d2329
00100201
15182deb
feedff55
d1e1eb19
2d219afd
fe07fe32
fa51ae1e
08fff6f8
00110300
245812f2
fdf000fd
facab0e0
4734ddfd
fd12fddb
f553d217
06f7ee0e
04f9ff04
15faeaf2
011204d1
e3fbde06
d6062eff
01ee010a
122ae813
eb0303cd
fdf403fe
f921dee4
fd0efde2
ddfbcadc
3ce20f00
fdfdfd08
d2f5d817
ecfff940
01040101
02fbeaf1
ff1dfd2f
fd03f603
e1fbef01
fee6fe0f
07caca0e
eaf2f3f7
00f5ff00
2644d9e1
016101e9
5929ef1e
5d06e0ff
000b01fb
1ad7150f
07069ccd
ff0202ff
0cdd2305
fe0f01dd
cbeb1707
1ef63904
fe0bfee9
22db14e2
060409f9
01e70102
f2e8f00e
ff4503ef
c1f0c5d6
120bd7fc
00f0006e
1a03ca52
1703d7f8
ff0affff
0625fcd3
0124ffe9
11e5e9da
5f282203
010c01ce
ff1af20f
fbf9f51c
0302ff03
01c40d18
01e20021
24dbaceb
320a2e01
01fd01e0
0715020a
ef050004
00ed0001
232bc7d5
0024fee0
d80ac509
3d02d502
001b0087
fad50723
25fbf746
02010002
f9d9f4cd
0020ffd4
d91c1d31
27dd1dfc
00ec0016
1ce028d9
e7ffe52d
f72b0305
f90ce7f7
070121fc
fbf500ff
00050702
fbff0201
f7ef0cfc
01f200f4
01060302
040303fc
030105f9
fafb007f
ea02fd81
03ea0116
fcfbfefa
0102ea06
05e7f906
ff09dcfe
f7012509
04fe08ff
fe061e01
f9fef702
ecef02f7
00fdfef4
f0200500
fff41df4
0e0108fd
04fefffe
02010500
1201fbfe
0a04f5fb
00f801f9
17071807
f6f4e900
00001c00
fbf6fefd
00071001
03fffe00
f0ec03ee
fff9fff9
fb20c6fa
fccec0da
e7012213
e1ddf5fd
fef8f004
fbfd0702
db04fd29
01e6fefa
fb9cf8fe
0cf52ef1
f8fc2b04
1b14fbfc
feff2101
f1fd2202
e5ff0cfc
fce1fd02
f0fef504
05f3e60c
d200d4e4
0300edfe
00041300
eeff0600
070ff114
fffcff03
0fd201fb
02d3ff05
ec01f704
fef5fffe
fffc0602
f9fef702
04fbefd2
0022fe1d
ff0cf900
090225fc
ec012902
e40b00ff
fe01fd01
fcfe1502
0bde0112
0201fefb
e8c0e6fd
f8df01fd
0801e707
f910eafd
00fdf803
13001c00
1825040d
010500f6
1eaafafc
06e50502
0f01e6ff
04f507fc
00fc0303
ef001700
ef07f7e5
00de0008
13d3ed07
0bcb1a00
02ffee0a
d7f5f200
ff060801
c7fe0302
eb60dfd4
ff2aff15
0ee50600
05f305f7
15fe21f8
020200f9
03001207
070300fd
08f302f3
fe0903f6
f1ec0aff
02e2bfe3
ef04520f
fef600fc
fffdf506
ddff2001
09e3012c
04030005
fe281604
0cfafbe3
06fe59f3
f3050cfb
ff050503
03fffc01
ffd8fdfb
fee1ffe5
efb9e6f7
04f02707
11010507
130114fe
fef7e501
eefe1a02
fac900d5
00f0fef3
01a3e6fe
0cdcfe02
f206ae07
e40803fd
ffffed01
f8fffc01
12dff00a
06f9ff00
ff0107fe
06fef1fe
010508f0
00fc02fd
00fefc03
08001500
06190611
04120002
0d0903fb
021dec10
fb042b04
0502fefe
01fb1400
e3010fff
09d9feef
041000f9
0062fdfe
f42e121a
19061eef
f6e7fdff
fffef100
d4ff0a01
09e10d46
0605fffa
0141f905
030b08f0
f3004102
ecf405ff
fe040a01
06fe1002
dc0805e2
00eefe12
fbf3200b
0701ebf5
000033f3
fcf3fc00
fc0a0b01
09fc0605
f21df2ec
00eafcfe
fc34110a
f5f323f7
10ffdf01
e8fb0202
ff092001
0bffee01
05f5090e
ff070013
f5f9f281
00190a07
031ce705
dd07fd02
008113ff
fa00f400
ff0500fe
1c0d00f1
09030b0a
fd110de9
06051a02
f8fc11fd
fe0afd02
f8fef702
09000204
05f3fef6
0a30f805
f8fae207
09fde707
0b050200
ff041501
eefe0102
f704edf1
fd05ff05
f21bf503
0bf3fd00
f7f70205
1cfa18ff
fd03e802
05fc0304
070effca
f71bfc07
f428f904
02fb25ed
09010dfa
f3fa04ff
fe04ec01
0cfe1502
120efc0c
010afeff
04fefafe
fcf8f4fd
fdfdfb03
090201ff
ffffe400
0aff0301
13e6010d
fcfcff08
f90cfe00
fdfd05fe
fe00fdfd
07020201
f0fff601
fcf0fe10
0802fcfc
00f7f106
fd0c0602
fffffdfc
fefef404
f8fb0604
fa0204fe
04faff06
fff902f3
fe01fb04
e91206fe
01f801ff
fefdedff
fdfa00ff
fffefc00
f2ff0501
0bf9f90c
fdf3fef4
fd0c0001
fefe05f1
f7fc0702
eefa0100
ef00f503
fbeff612
ff060109
fcf1f0fc
0b0cf9ff
f81c02f9
f6f9f5f4
06040b00
ff0008ff
f3ffe801
08d102eb
f901fffe
03eb0f01
03230417
120008f5
01fb0601
0101edff
1000f1ff
00fef206
00050005
0e15e9fe
0c13010c
07fdeef7
fe02f7fe
ff00f8fe
feff0000
0bef04fb
fd12fefa
efff00fe
06040710
f5000efa
03f7f700
00fd1201
19001800
0f0eeef4
00e8000e
f70fd9fe
fa0c0a02
f8fc0ff2
04f7f8ff
fffef602
f8ff1701
f5ebef30
fc04fffa
34ee1602
f1811db5
7f01b37f
f4f47f00
0002d200
9c000601
12ed7f1d
01e00038
e6220206
072df704
e0fb17e4
eef5f102
fe0503ff
22feea03
e629edd9
fbf1fef6
ff22f3fc
fee6f51a
fe00f9f6
02010901
fefc19ff
f5fd1302
0008ff23
001cfd05
f116f8fe
fe0410fe
f9030ffa
edf5fc01
fdfeed00
01fde703
1705f5df
02e3fdf4
ed17fffd
ffecf700
f3fef4f5
0f010500
fdfc2302
04fdfb03
f9f9f90a
fd03fe06
f40ffb02
0bf9fe07
fcfb0503
f5f8fa00
fd02f100
0ffd0403
f8fff918
fbe0fdfd
12deeffa
fbfdf413
03ff01f5
1105fd01
fffafbff
fffffc01
060cf5d3
ffe6ffe9
18d4ee00
ecdafd11
fd0207f8
2815f904
ff00e9fd
f6fffe01
fe1ff6ec
02fafff7
81092103
02dbf3c8
1dffd702
c7ff1200
0002f401
f6000100
faceed7f
ff46001e
04160c00
100805ef
09fa1000
e4f200fe
ff00f600
05fffb01
ecf9060e
fbf0ff0a
04faf600
04f1edf1
f40001fb
10f70103
feff04ff
fffeed02
05f3fdec
00e5ffff
1bfe2aff
fd040efc
02ffbf09
27f70001
fefd0a02
10fefa03
e80aebe8
fff5fffe
08d703f9
0b04f50a
020002fb
fd010102
fbf9f8ff
fffbfd05
faf8fde8
00f9fbea
e7e7fe01
f81ce2ff
0600f1f4
fd05f203
fb0017fe
18fb1405
ec100807
00fbfbf8
0dfbef05
0507f3df
f3fd1804
f9f80300
fb040200
eefbfd05
1ee404df
fde9fb01
070f0203
fdf8fbe4
ed0201f4
e8f5fe03
fc02f8ff
00fc0d04
f207f4f6
02f1fdf4
f015d701
09c3ec15
f802fbf9
0cf4f804
fe01eefe
e5fe1002
0a13fac8
03dafefe
0306e9f9
00ebe21f
f501e304
f6060a03
01f9f3fe
0b012dff
0809f0e4
01df01fe
f4d6fbf8
fe11de04
0b01e903
2306fc01
01f808ff
ee0104ff
0c01f6f2
01ff01f7
0d140800
fcdbf4fb
eefe23fd
d7020601
fd01fdff
e2fdfc03
09f708c6
fe14fdf2
170dd101
ff2709fa
ed01e2f7
f6fdf304
ff00dffe
f1ff2f01
edcffa28
01edff0d
14ae1dfe
f6fdf0f3
eefedaf2
0b020a01
fffdfdff
f4ff0501
0c020500
fef40006
fe26de02
04f1f201
fffb0307
f1fff903
fe0205fe
05fee702
f902fced
fcf3fe11
ff41def9
03f3fcf2
02fe15fe
0a010d01
fffae9ff
e3ff1501
25e2f023
fed5fffc
f8afcefd
fe08280c
08012af2
07f8f203
01fdf5fd
d000e3ff
ee39f90a
00f400ef
f6e9ee01
ff0b0511
f5ff19fd
11ff03fd
0001f102
f501fbff
0513fffd
ff000013
04eb00fe
010cedfd
eb010d07
fbff02fd
fbfd0b03
f5fbdc05
00e4faeb
01f4fbf5
1631ef00
06e9eb08
0a0029fc
fef8fe02
fe00ef00
06ff0902
1af9f216
00fcff03
44e3f601
fefffc14
0300eee4
fefff602
0001f400
f700fe00
b4ad01fe
00a400ee
162cf9fd
f631f20e
ff0125fa
ee041500
fffdf300
fafff301
daf2fb0f
01edff0f
00010000
00000000
00000000
00000000
00000000
00000000
00000000
00000000
1024f9fd
fee1f207
fc000306
0e0de8ff
00fd1600
f600e500
b3f513bb
000dffde
f8d508fd
fc140114
2401f32c
d3f20d02
fffd00ff
eaff2a01
28090e2b
011fff81
018125fd
0c21191e
fcfe0e0f
231516ff
00fe2bff
ea00f700
2fdd14f1
fe0e00a8
f5de0cfa
0a1bfc1f
01004610
fb1d1c02
01faecfe
e701f8ff
c51904c8
00f70134
dbd9db00
1d33f047
39ff38ef
f9f920ff
0000dd00
06001e00
17ebedcf
ff1b0056
e8a0b3fb
0a0ff816
27fe28ef
1ce10102
03fbf900
33030afe
6cd9f8d0
fe1303e7
12ccd3fd
f405f4a5
09002905
48e9fe00
03fd2c01
21030cfd
3d1609cd
000d0391
00000000
00000000
00000000
00000000
00000000
00000000
00000000
00000000
e4e7f700
001cdb20
f6fe9eec
fcf60602
fe0027ff
eafefc02
d4e5f82d
fe10fe31
10cbf7fc
0245f1f5
05fff7eb
f901f500
01fcd300
f801efff
f5290119
ff0a01fb
0944c4ff
0a39eed7
bc0104fb
380f02fe
01002e01
ed021efe
eb10ff22
02180109
090c1102
fc0516cd
f0fe2201
f6050c01
ff01dc00
f4ff0701
f7fe00cc
fefdffdd
0000ff00
00000000
00000000
ff000000
00000000
00000000
00000000
00000000
08bf0601
fe0de126
05ff060b
e5fe16ff
05001403
f90502fb
f822f11b
fff80512
37d5fbfe
04f2fd37
fe0108f3
e5092401
01fe50ff
100119ff
df3ae82e
011a01fb
4d1bf201
02dc2a11
f90636ed
cf062300
00023800
20001800
e6440136
062900df
00000000
00000000
00000000
00000000
00000000
00000000
00000000
00000000
0a7e10fe
fde13113
0307fbf1
02fc1a00
02fffa00
fb010dff
db0d0a25
07ff01f8
e23308fb
f9ef0b09
0a01e7e2
16fe13ff
01fde6ff
e000edff
f4f0002b
01d60025
00000000
00000000
00000000
00000000
00000000
00000000
00000000
00000000
f7f608f8
0006dafc
16fdf802
14fef9fe
06f8e302
be07d2f9
e9e2f7fc
fde5072d
e829f9fd
fd07ee00
0bff0c1b
f9fbf903
00fcd9fd
c5000a00
02fce7e5
ffec0025
2802effd
01fe10e8
fbff4008
ef0aed01
00fed6ff
e200e600
22f60409
ff0f002c
2541f2fe
03e72d06
05005e15
fc0ef401
01fedd00
1901ddff
3672fce3
01180126
00000000
00000000
00000000
00000000
00000000
00000000
00000000
00000000
190af5fd
00070d14
e501f416
0306f0fd
04fdea02
ff04fbfc
54000a12
01dc042f
f3f8e8fe
06001522
0002e512
3015f800
ffff11fe
07ffe601
0f140605
01d8fe18
01f208fd
07ecfa1c
de01e516
20fbf8ff
03fd1901
ed03ecfd
17e20054
01b70317
f3e3fafa
02ef0342
db01d50a
f8fbf6fd
03fae702
e70303fd
0ce100e5
01c503f6
07c510fc
01c5ef22
db00e3f8
e1fc0600
04fcff00
0804ddfc
09b400df
00df04fe
030400fd
04d71009
e2ff0f05
cbfdf701
01fef1ff
0d01e0ff
f5cbfce0
ffdd01f4
1e04fb01
03c9f8ec
d6ff0df5
cafe09ff
02010102
fa02e7fe
ded1eff2
00f702fc
2f2afd02
04cd00e6
e60120f4
b00105ff
03020401
fc03e5fd
f4d9fbfc
011903e9
1026ea03
fec404e1
de0112fc
b7fe04ff
02030802
f102f5fe
f8c5f9d3
012402eb
00000000
00000000
00000000
00000000
00000000
00000000
00000000
00000000
f50ce6fc
fbbae5f9
fc0004f6
e50eeeff
01fdf5ff
ff00fdff
14f8151c
ff4800f9
114fc3fd
fce9c8fe
f601d704
ce0a0300
02fedc00
1d02fefe
0ceceb09
012402ea
0a04f3fd
fbe7f1cb
1901f701
e905f700
02fd2800
d10106fe
03e8fb09
010402e8
00000000
00000000
00000000
00000000
00000000
00000000
00000000
00000000
00000000
00000000
00000000
00000000
00000000
00000000
00000000
00000000
e9f8eff9
fff9f5f2
2602d803
1005f3fe
04fafd00
f704f4fc
2708effc
02fc04f2
f7ce0cfd
f8f6e5ff
4701cefb
e407ff00
07fdee01
0d07f4f9
0c16f3d2
01f207dd
ef08eafa
00f6fbf2
0d0200fe
0e03f1ff
09faff01
fb0af9f7
1d07fa03
03030a04
f51401fa
06ed0708
0102d9f3
290701fe
04fc1a00
0b0404fc
0d05f5eb
022e0303
00000000
00000000
00000000
01000000
00000000
00000000
00000000
00000000
f7e7fafc
08f5fdd6
0efe06f7
1efffd00
02fd0afe
f703fefd
fcf70007
ff1e0204
d838d5fd
120b1ff6
16011304
45020401
01fdf2ff
db012000
1ef2e725
02d701e8
e9f50dfd
0ae806f9
fe011005
11f9eeff
01fef6fe
fc0110ff
0209fd11
0103000f
00000000
00000000
00000000
00000000
00000000
00000000
00000000
00000000
00000000
00000000
00000000
00000000
00000000
00000000
00000000
00000000
00000000
00000000
00000000
00000000
00000000
00000000
00000000
00000000
06f104fd
0df525d1
ff001df2
0ffbf500
02fdf000
ec030afe
ebe70120
011b0206
200319fd
10fbe7f7
2000f4f2
fef503ff
02fef2fe
080218fe
e3fbe4fa
00e101e9
fff71601
0ef713f9
0a0214f9
0ffdfafb
04020001
fc030ffc
fefbf8fb
020502f8
fb042d00
080e08f6
f9031bf5
0cfafbfe
0100de01
150104ff
03f7f5f9
030701f4
fd011500
09e42205
edff0bed
03fd1002
ffffdffe
15ffeb01
03ffe7fa
ffe6fff1
f7261a01
01fc0f00
ef020b0e
14f30300
0102e9fc
16001bff
ee05f4fe
02260003
0a0630fe
04ebe917
f40235f4
00faf8fe
02fffcfe
f0001ffe
f9f2080a
000a00ec
191e22fe
0af719f6
010203f7
090508ff
01fedefe
0700f5ff
fc0efd05
012300e0
0dfa1201
07d70d01
05012e02
1800f2f9
0403fa00
18020bfc
db2613f5
00200105
00de1502
fa10e5f6
f201f60a
04f51303
00ffdc00
f8fefe01
e3c0fed7
00fc00ea
fe15e400
fffabbfe
edff2324
eaecec00
06fea201
f00544fa
d7caf160
fee606fa
efeb0efb
f9ff1df0
f5011ff5
f900f800
05fa0701
de04edfc
180d0413
00ec050d
f01e0b01
0afef112
0402180f
05fbeffb
0601f504
090517fa
0e050920
01ea05f1
f7f9d901
fa1123c9
f001d8f7
04faf7ff
03001401
db0122fe
e9e0ff13
00d80214
fbf019fe
f7e2f3f8
14021109
f0fd03fe
05fcf302
26030afc
fcd00604
01ff0404
00fcfc00
03f704fe
000211f8
10fcf6ff
02fffe00
f90107fe
01080b0a
01050109
1c0722ff
012aede4
0502a3f2
de00eb00
03fee200
dc0208fe
12b9f12d
02fa02eb
121503fd
00f2f9f2
030115fa
0f0400fe
03fcfc00
f901f0fd
0216fe0e
ffff0205
10f81fff
f63020ef
0902d7ec
e9100bfd
020015ff
0e0017fe
0fbdfff0
01240002
1534cb01
f826bd05
1604ef13
e108feff
0200d901
31011afe
dcdafe04
03e802ec
00000000
00000000
00000000
00000000
00000000
00000000
00000000
00000000
e104f4fe
fdfe1814
1cfd1515
f8f2f8ff
03fee1ff
040124fe
0efef3e2
fcf401ef
0607e300
f6081112
070101f3
f2f6fbff
05ffe302
fa03ebfc
09ef0d15
00fa04ea
e32ef3fd
fded1615
fc00f30a
1d070efd
02fcf101
070000ff
162f10ec
ff2900ee
f60c04fd
f8ec32fe
f70323fd
1002f201
03fd39fd
090212fd
ea1d02de
02f9021d
d312effd
f2c8fef7
ed032003
0af8f500
04fbee00
fa0310fd
f43f1728
02220315
e00a0bfd
f5cee705
f0027f08
fcee0000
02fc09fe
e500f6fe
07541819
00000110
03101bfe
f3fff728
e300f7fc
dbfe0e00
02fdcb01
3100aeff
3140ed06
001701f7
13c71102
fefcda00
e604d4fd
fb000801
03ffed02
0e02fdfe
f7af0ce2
031f0302
041315fe
f8f50804
fc020ff9
fe070400
01fd1600
110008ff
f6fc00e4
0009001a
000320ff
f700200b
0700cd0a
14fffe00
03fd1c01
1c01dffe
e11afcfc
fff20201
f9d2d3ff
0b04f103
08ff1ee2
f91c14fc
03014b00
d00201fd
17310515
fed00106
f5ede6ff
f605f701
ec021305
fe05fefe
03fffb00
0d01f9fe
fb08090d
000f010a
f71e0ffd
feef0210
fc043f06
170d02fc
05fd3502
1504e7fb
056408fa
03ff0419
fd580000
0ad9d247
dc02d1f4
221636ff
0200ec02
fb01f4ff
4d03ea03
021601d8
fcb9e6fe
f2d9ddf8
ff0416fb
b2ee0201
02ffaefe
0600f3ff
12e40a0e
02de00dd
00130bff
f72feee9
0b02f318
d902f600
06fed801
ff0516fb
14e2041b
01fb06f0
141b0bfe
06e8e12d
e201c8f9
150a22fe
03fefcff
0701eafd
0a10ee0a
002901f7
fee10afc
03b32628
f101e0e8
3e072200
05fd46fd
0503dafc
ec5002fd
0024030a
bcaac0fe
edca0bf2
db01f3e2
f9fc0500
02fd2a01
e40127fe
19fe09d0
0096012e
17f31cff
ed0ff5f3
f7021303
f7f408ff
03feee02
080104fe
170efe1d
01ea0214
0e1e0a01
fef1fa24
0400daf1
1c0c11fd
04011101
fc021afd
06f1f8ef
ff120203
0608fffd
0103df11
f50102ff
18020e00
03fd0900
f80121fe
fa1cef08
00ee0205
0ae31d01
ff07ff12
3903e4ef
de05f6fe
0402f7ff
e70300fc
1ff3ecf5
02d703dd
1c121102
ffecdcf1
fd001001
0dfb0201
01010f00
ef00edff
f53e0834
ffdd01f1
071bf2ff
fe100bf1
f70510f6
f6fd0402
03fde3fe
d602dbfd
1a2cf809
04fe03ec
13dff9ff
00df0911
1501d1e0
03fe0b01
04ffe2fe
1d02effd
ead6f8ec
00ee0202
25bdf200
0a26d325
da02a100
05fa17ff
0300c1ff
0d01fefe
ffacf9c7
01da01f0
dec6d602
e80018e2
d800d9f0
d3fcfc01
020235fe
020031ff
f3abfdf1
ffbc012b
f91ff5ff
f5ffc005
ff021b0b
10f109fd
04ff0200
e402f5fd
e73af43e
01eb0202
3422e6ff
fee40ef6
c601f3ea
101110fe
03ff2200
2701cffd
fbe328da
005b0120
e8f8d5f9
f8f645e4
0f0110ff
1405d9fd
05fa3000
0203f1fc
e90c26d8
00100331
01dde2fc
fb0624e7
2701d2fe
fa00f201
03fcbcfe
0d02f1fe
0d1c03d8
ffec02fd
e801f8fd
f3fa0d08
e302e80b
03fafbff
02fdcd00
160029ff
efe4fff6
011d000c
320b0ffd
09d9f5eb
2c004dcd
f21606fe
01fd5801
ed00c3ff
0626fb1a
00f2000a
ff0b1cff
fbebfa1c
25ff340a
faf70300
00fee400
e9fffc01
eed90122
ff15ffd6
e716ea01
f02619ea
1f00e709
03020e01
00010cff
f9ff0b01
db59e41d
ffe6ffee
f0fd0aff
fc00f903
05040005
07f9f300
01fef400
fa0015ff
eddd0332
04ee00fd
ebfb1601
f30fde0f
f402211a
d0ee0b02
02febb01
3501d9ff
26befdc6
02f102df
0813e3fe
0df1fbf5
c8fe2bff
2ef7e9fe
03ff1800
0403f1fd
05f61259
fd110333
08569eff
f1f1d6d6
02030323
c4f30302
01fec000
140219ff
817ff033
03a902e4
02edeb00
fa01eeed
f2fd0706
ecf5f301
00ffea00
16001300
05f1fcfb
fddd0011
1fb01800
f81329b8
0802280a
ffeaccff
03ff1dff
d202fcfd
bbcd0f47
01da0236
ecec0d02
e90612f6
f2010313
0bf3ffff
0201ed01
16010cfe
ccfef512
001c0107
d333fc02
002413fe
f70133fc
240622fe
02013300
ef01e9fe
493ef592
00c801f5
09c54201
0a12d004
0d02f3f1
1bf5eafa
09013601
f007f1f7
4cddff42
00170719
bf812704
f65b65d1
1a044719
29ede500
03027f01
81012aff
25ce28a4
03fb021b
0793f203
fcdffdf0
14011aee
dff60a02
0002a901
0700f500
fad41d1d
002301f5
efecc2fe
f4fb13dc
f20025f7
1ffb0aff
04fdf701
d70226fd
ed1c062b
ffcf020a
02720801
0138d019
ea03111b
f406e9fe
02010001
e50110fe
37def91b
02ca01f9
fa182d02
fad93215
09010519
26fbff00
03001200
3001c6fe
dc37f5e6
001201fc
f12c0701
08fd0804
fcfdf700
090f1003
fe0214fd
06fef602
ef111106
fe1cfe0d
fef9f6fd
fcf703f9
0100ff03
fc0006eb
81fdfa16
f081ff7f
f601faf6
01f781fd
ff1229ff
05fd12fe
0200150f
ee0202fd
00010100
0700fc00
e60f0a0d
0006ff01
111f1001
03fefafa
f403fafd
e4fe1003
000104fe
0000da00
fcdd1502
042800fd
df2820fd
ec19e8f7
0404e727
10efe501
00fc10fe
39ff0d01
07220319
0319ff01
f1ee18ff
fa0812f4
f8fe2b1a
f307e8fa
0000ef01
120023ff
df010a14
fd1eff18
2625fafd
0920f207
ff0305fd
070b08fd
03fdeb01
f402f3fd
1ce0fdee
03ff02ff
fdac10ff
ff270a03
ff090119
0d08fefd
01000100
0700dfff
fde70f0d
081f00dc
f7d509fe
f90a12ff
04ffe706
ec0802fe
01fe1a01
0800fdff
e8e6fbf6
fff700f6
f5131bfd
fd18fcf9
02ff2402
fa010bfb
01fd0e03
170012ff
fa200beb
fe05000e
100905fc
051c12fb
fdfc2bfd
040a0afe
01fd0701
f70101ff
0ad2fc00
fc0d011c
02ebe500
00ece7f3
01ff1300
13f5f800
02001300
0602fbfe
ff0208e6
ff0802f6
0be81aff
010c20d8
ef03d603
0fffedff
01fff200
0e010fff
2401f60d
03080113
fe280501
ff14f900
05feedff
06040000
020101ff
f802f5fe
08f50317
feef020b
fafed501
ff2e19f3
f201ea0d
da08f9ff
01010800
eb01f2ff
00c90317
012d0107
e72438ff
fb0ff002
0bffe007
0dff0aff
00ff1b00
11000e00
f7040409
fefe0012
262309fd
0101cbeb
fffc1516
2303fbfe
02fe1d01
f501ebff
000dfc0d
fb0301fc
0e91f2fa
03eaf409
fffacf06
0105eefe
04fc2700
f904f8fc
03f1031b
f9cc04ec
fdfff1f7
01f82a0b
03fd2e06
1609ff02
04f7effd
fa032efc
e4d2fb0a
fd070307
f6f8f300
f7fd27ef
f5fd17f7
090a0f02
000031fe
0700fb00
03fe08e7
fd07000a
eee402f7
fb0a030a
0c01f219
080c0efe
01f82101
f1010aff
fdf4fec6
012d01ea
e71d1001
ff0237e0
0cfef1f7
fdf8e7fe
0101fe02
1c01f6ff
04150ded
fef60213
f1f1ee04
fc0efe00
0d02df01
01011100
ff041300
17ffff01
0719060c
0223ff06
de021e06
042b1713
080c0df7
1304ddfd
0007f301
fe000800
121e0d2b
0cdc00e7
fd04f7e4
06faeef8
0b81fcfb
fef70e00
01e3ee00
e700ffff
fcfbf6e6
81ed010d
02e11000
060b0cfc
0d091b04
f804fefe
0100f702
fe01feff
efec0be3
09010109
0ef60d01
02ff00ea
01090202
0303f3ff
02011901
0102f5fe
0a0f0729
09fc02f6
1404fc05
fb021cf6
19fffd05
030700fe
0105f700
210109ff
edb6ff22
ff020107
f5e80502
f914fe16
fe04c4f8
f30ef1fe
01020001
0501f1ff
0404f812
04180108
01cb0402
0206f826
0c07dc0a
1b0805fd
06030600
1c060dfa
08070410
07fe05f4
04020906
0009060c
fe02fd00
1a0cfc0a
080816f2
fe0705f8
fc10030f
020f0702
f5051109
00f81501
07030404
0e050403
fd0a09fc
06fcfb03
03fb0503
030ffc0a
e7c70902
f7f9080b
0a00e9ff
1f080b00
01010500
1501f2ff
09f30817
00f501ff
ebfd1006
03012101
08fffbfb
1802fe11
000713ec
0dff0900
070a02fa
fe19ff08
fdf11b05
f61b17f5
0a04f3fb
fefe08ff
00053201
fe00fd00
f0e709fe
03fa00fe
f8ece8ff
f9eedef9
f505e9fe
0f080100
000006ff
f6001400
07f200fe
05e500f5
02eef602
fb1de700
e3fee400
210efcfc
04031802
1004f5fc
f0f60200
fe1f0407
26e70d02
ff3fffe9
0b01edee
ee0aec00
0202ddff
e602dbfe
07cd0b43
013c01ec
08fe2c06
f52413ff
02010dff
1d0a06ff
01062a01
f701c7ff
08f11307
012a0109
2ff5fb04
05d82af1
03011510
cdeeea00
ff03bd01
0dff7f01
4ef90b0d
0132ff49
f73a0901
070f09f8
23fbe90b
0c070dfd
0003fb00
f800fdff
e91a0cfc
fbf1fffb
05c910ff
f51d0c06
1301fbf9
0800f4ff
00ff1a02
fe001000
e6e00ff7
01fb011c
f411f108
020f1d0c
05ff0909
e9f4f100
00091700
26000dff
fe330a15
ff0c000a
0028f500
ec111a06
fa02d405
0bfafa01
01ff0901
0d01f3ff
0501faff
03fb02f7
df160205
0a2113fb
f803eafb
03fc0500
00051b00
1c00fb00
02120809
031cff15
fe2a0707
11270000
09fff801
f3f6fc01
000814fe
1200fc00
f9ff06f3
fffb0012
15f51305
080df40d
0400e7f8
09f8f3ff
00051800
fd000100
fe2b0af0
00d300f9
f8a51400
81bff52a
150013f6
7f7fea01
0000e600
e4001200
0ab9dff7
ff1800e2
ea1f1709
fa05f2f9
f4010501
0106fa02
020917ff
ff02f8fe
f3fdfa2b
010e0208
f20d1b07
021307fe
09fe0dff
e7020601
00060400
06000700
e6f9fff9
ff050013
f4271008
0c1b1cf5
00030fff
02fa0c02
01080dff
1d02f7fe
eaf60708
03fc010f
f7fd1b04
052bf9e3
f003ef0f
f4f7fd00
00051700
0e00df00
051cfa40
03280005
0ff10c09
051f3305
f202f106
fff301fe
000a0100
0f00eb00
f0ebfc12
02f60010
f92a0d0c
06041610
fcff01fd
faf4fa00
010c0100
1c01efff
ef22ff09
fffd0100
fa18f905
0a121322
f8fcf1f2
0601f6fc
04060e02
2104fefb
03090009
fc0a0402
0c2be400
0bfad41e
f3ffc9fb
fb0104ff
0300ea02
080312fd
010e00ea
ff1d03ff
06a6fe01
05e72ff8
030303e7
2a0afffe
0202f501
2102e5fe
082d082e
02ea01fc
05233905
07140b09
0b01cb0d
2af8f7ff
fd052c01
20fdeb03
f434f70a
02fffd0a
f414f008
100c0709
0eff01fa
fe01f9ff
fe08e300
17fff101
0d0ff1fe
0020fefd
22fb3bff
f7e9faf6
f201b6e1
f0090200
ff00f800
ee003001
2f631818
01ee0013
19e10b08
0211fbf3
fa041300
12fd02fe
01080d02
1300efff
eaf00bf7
040f00f0
e9f0fb01
11ed1712
f0ffe800
fb01de00
ff01fa00
f6001001
fe3d151b
ff0a0004
03dd06fd
fee201e3
16feb50f
070d0800
03fe3eff
220311fc
ffcbfcbc
fe1a0327
fb490f07
09fb2f00
ffffeaf1
0105fbfe
0307f702
1a0403fd
15260af2
ff1c0404
f6e10701
f7fbfa24
01fee0fa
0dfe0e02
050009ff
03060bfb
fd0bfaea
fe0606ef
e6f9ee05
fa1310fe
f0fedbf8
0dfef901
0104e600
fa00eb00
fa1d0716
fef50118
06af0a02
0110eef0
fc00c408
fbfe02fe
0501f202
fa05f2fb
1bd4f50d
002005f5
000eda06
0ef624f2
04fdf4f3
0ffafe01
ff05ee01
0bfffc01
2410fafc
fd00ff11
ffe70e01
fb09ff21
f101170f
0407fcfd
04011902
050406fc
02ff05e3
01fb04ff
0afa0fff
fe2c1e0d
010031f2
0af70e00
ff00f0fe
05ffff01
1c01f941
00edff4d
14710604
fee6ecfc
e901f6cb
1b05ceff
0104e401
2301b2ff
cc0b03d3
01b6016f
04462102
f6cb0d0f
12ffcbf5
e4fec402
0201de00
0a02fdfe
d9e606ce
ffe80217
fe02e704
f9ee1d05
0d01d20f
eaf0ebff
00041801
03011400
13061541
011300ab
13031500
edf3f1e6
d501fb24
fd13fe01
01ff1d00
e901deff
d03d1a51
01c80189
011e3d03
fd03fe38
da010b1c
cb290f00
0103d800
dd02ebfe
8a0e0906
01de0218
df080a05
1e1dfa7f
250023fd
de1111fe
fe06ee01
feff0801
ddfcf903
0102ff66
f6d2cfff
1e11f041
3d0046f3
33fcfe00
01003600
240101ff
350ffe09
00fb0108
de41d703
00fa1805
e5013d07
4d001501
fe035cff
1ffe1702
2e4704c2
0103fed2
0ee60805
fe2413e3
01fef610
0cf6ecff
ff05e801
02ff1401
fef4fb0d
fefcffe8
de070707
0124fc19
16ffc7fd
2c010801
01052602
04010300
0a2efbf1
ff06020f
e8c2ee00
0327d018
14fedcf2
1efef9ff
04001801
1a040afc
fc070df8
fe070401
00000000
00000000
00000000
00000000
00000001
00000000
00000000
00000000
e30f0006
ff2bf2cf
f9ff0c02
1d02fd00
0006e500
10000f00
f7fc0bb4
ff0100d3
00000000
00000000
00000000
00000000
00000000
00000000
00000000
00000000
cca9fb01
031beb00
21fa0afb
0909f702
ff01fffe
ecfffb01
12000c9b
fb09ff0e
00000000
00000000
00000000
00000000
00000000
00000000
00000000
00000000
1a8efc04
f804cf05
f8fc3c04
b4fb1002
fd030200
4afe0f03
ff40020a
fc29fed4
0ee10007
01153d1a
f7011b00
fb0d01ff
00074200
3b015dff
f35a1b12
014a00e5
1bfc120b
00f41010
170528ee
e6fc2300
000b1e02
43010f00
dd4d110f
051501c0
f1450605
fd2225fd
fd03fd04
e4fb1303
ff05f4ff
1c002a01
e125fe1d
03eb00e3
dc2c0d01
fb08fc23
0f03e4f4
16f91c01
02010e00
07020dfe
c7170619
04f102ed
00ff0000
00000000
00000000
00000000
00000000
00000000
00000000
00000000
f4f023ff
fdf8f814
23ff02f2
2dfd1202
fffe1c00
e400ef01
a81001f9
ff1200fa
02171600
fe15dcf2
1cff3efc
06060c00
ff0110ff
ee00e500
bd3f0215
002a0005
160afd04
0027faec
2bfe2bff
ef02fd01
ff04e0ff
ec000700
dc25fc01
fe03000e
3ae50d01
0b3106e3
2ffd3511
f609ddff
fe00c302
eaffe702
f4380e46
fe35ff0d
24f31806
fe24ec0c
38fe2205
000efaff
fe07f9ff
13fef302
144811f2
fe18fd17
1926eb03
fa17f70d
17ff1306
0309ff00
0003db00
16000200
1c210513
fff9001d
02000100
00080005
0200ff02
0501ff00
0000fe00
010100ff
05070204
00fc0105
15e100fd
032ef42a
08ffd3fd
290b1201
fffeeeff
fdfff901
09151224
00feff10
fce007fe
fe2c0929
0500e608
19060301
fffdfb01
0100fb01
180c0604
01bc001e
fadb13ff
0013fe37
f0fef810
17ff0401
00fef400
0400ff00
0400090c
ffb70020
f6ea1201
02f8022c
dffe0a08
04000702
ff00f6ff
00fff701
fc070c0d
ffccff1a
fbdff101
0cf80e10
e3fe250e
05010d01
fd02fcfd
edfe0202
e4e5060c
fecafd07
07031504
02e50d18
c1fe2b07
e9021101
fc030700
02fde804
d7fa12f8
ff03fc19
17f81704
02050d02
db00fc09
bcfdf803
fd04fdff
06fe1903
d8bf00fa
01eefe11
001ce606
feeb290f
fc0027fe
ca001802
ff05f801
02fff701
f812face
01cc00fb
fa1ae9fe
fddf11ff
e2002009
d90af602
fdffddfd
eafe0e02
ed2c190f
fffdfdfe
1d13fa04
00edfd04
f80113fd
c50809ff
ff051600
f7ff0001
ee0707ee
0103ff07
05220304
f2e61310
f4ff1002
c4060202
fe03ed01
0efeda02
19e2f9d4
ff08fff7
171ddd00
ff0e05eb
fcfffd04
df08ff00
ff000900
e200f601
06040cfd
0008ff0a
e725d6ff
f215000f
1dff0116
befbf005
ffffdbfc
f4ff2101
17defae4
ffeefff7
24341ffe
fd21df04
12fdc00d
cb11f701
02fe02ff
e4030afd
0fcb08e9
fd3f02f7
0e1af8fd
f6fd061a
fa00ae03
e70bf100
01fd0401
0c02f1ff
1ac805ee
002d020c
e2f2d102
efd2f30a
fa00e0f1
f6052300
00014402
1301ed00
081202d4
01f60112
0904d8ff
0414e4df
19fee606
e8fff503
fefe0800
d4fff802
20000321
ffdd0001
00000000
00000000
00000000
00000000
00000000
00000000
00000000
00000000
0217cefd
fc010311
0effe201
fa03e4ff
fffef801
de000d00
13ef0220
00ff00fc
1513fafe
f815dc03
ceffdefa
e405f902
fdfe10fe
f3fe2002
f5b00514
004dfd30
db38f3fc
fa140909
f501fb17
0000f703
00fd04fc
fe010800
1f0706ec
01270013
010ac6ff
fd05e000
fb00d307
ddfbfcff
02ffc801
130304fe
00dcf5fb
01e503f3
fdfdfb02
fc3f19d4
0bfebde5
ca0ffd02
fe03f800
ef00f301
2fd502eb
00040008
00000000
00000000
00000000
00000000
ff000000
00ff0001
00ff0000
0000ff00
f22227fd
03ec3331
1bfd1d0b
270a0e02
fdfdfe00
2afec803
0a2cfad5
fe24fef4
00000000
00000000
00000000
000000ff
00000001
00000000
00000000
00000000
07f1fffd
08f10b02
11feebfc
0a03fe05
fcfcffff
f0fee404
f3e9f014
0001fef4
de0b03ff
02f0fff6
0d000311
f2fdfd02
fdfed1ff
e6ff2702
f3f6ea17
01defee8
e2de2e02
fae4e8fd
10ff1406
d5f80101
00010f02
1702dcff
09340bc8
00cc02e8
00000000
00000000
00000000
00000000
01000000
000100ff
00000001
00000100
0bd9d9fe
f8170de1
02fffef2
e2f6f804
fcfed4fe
f9fee303
e9f3f911
0101fe06
08fd0702
fd02ddf1
0300f3fc
e000f803
ff01e600
1701f801
07e2fa08
01f801ff
ed1df9ff
05ccc4ec
0b003cf6
f8fa0103
ffff0cfd
df00ff00
da7af931
01e7000a
d3ecdcfe
0ab4020c
f00109f7
1cfd07ff
01fe2601
d1020dff
032805d5
01f20106
f42bfdff
0e080cf9
fafe14f8
0703fc02
0000e6fe
fa02f8ff
1317f703
ffff01f4
e6c74900
0916181c
fcfebc04
20faf702
fd0003ff
fcfefe02
30acfac4
ff34fefb
f41b0e00
05f6110c
f100f6fb
0f010d03
fd000afe
05fe1602
ebf8f5e7
0110fe02
ebeeedfd
110421f0
02fe1101
1c06feff
00ff1500
f401ea00
eb0bfd07
ff0a0002
fc2520fb
0bfa2014
28ff5afb
f01ce3fd
00fdfffe
1801eaff
20e4f5ef
00e9ff01
e8253600
fdf5ddfb
0c0001f9
ed001400
000020ff
1e003100
f1cefddb
00fc00fb
f50e0e02
03f20703
f102ff01
e9fc0002
0002feff
0a01fc00
f2f8eeec
03fd01ed
effffdff
fc00f80d
17fcdb04
ff01fa00
00fe0003
f7011f00
de11fbeb
fdf801fd
18c84eff
08e1f4ff
1bfef7fa
04fff2ff
ff0038fd
04001100
da2b08dc
fe27ff0d
3c1adb00
0f1316e4
af01eaeb
30fc29fe
000219ff
0000dbff
e1fd0733
0123ff14
e02bf9fe
fee8e2f1
1ffc3d07
d4ecfa01
fefdcd01
feff1002
edf5f20f
fcd9fff0
00000000
00000000
00000000
00000000
00000000
00000000
00000000
00000000
1cf23aff
06fc14cb
0dfeeeec
e904ed02
fcffc0ff
fafd0204
ece90642
ff22fdf9
f1feef02
0a3afde8
ea01f60e
1f071b04
0000f500
ec010501
f3eefcf8
02eb01ef
00051100
0fce0511
fafd1e04
26f6f300
0100fc00
f402edff
e91f0003
fe1d01ff
fa501bff
07f3f306
ee000902
070f1604
fefef9fe
1ffe0c02
ec030ba3
0027fef0
ff32fb01
04ecf9c8
00fff703
fd020e00
02001801
e60304fe
041df8fa
000b030d
f1521500
12e509e0
defe670e
28f9e302
fe005eff
d0ffff02
07530547
ff24fe38
0947f903
0104b80a
19001328
0608f400
00023301
26013e00
d2a906b8
000e00f6
dc15eb03
f51cce21
fcffce18
e9faf702
0002d300
01014800
eab5fad8
fff501f3
2af10103
f9f906ef
f2fec603
08f02903
0000a101
2600c601
cea5fe37
fe4401e9
055013ff
0ddf042b
dbffa7f7
21192b02
02fff900
110215fe
0b0ae720
001902cb
15fa33fd
09f3253b
f0fffaed
f70df0fe
0200e500
0e02effe
31e1e5e5
00dc02fb
0dce0300
13efdc1b
010416f3
0dfbfbfe
02013601
fa0219fe
f1f712ed
0419010f
27c50c01
ff0bf022
2c01eaec
f4fe0000
000219fe
fcfff700
18b7fcab
0103ffe8
0300f009
fff7f4d5
cc0600ed
fbf215fa
0d050c0d
030ddef5
03ed0902
070e0f0e
34e219ff
06011fe2
2302f8ed
ecf9ed04
01fdc901
f501d700
01d50936
030f02e5
10de00fb
0bd5fb15
0e0300f8
05050cff
00fcf8ff
e80020ff
d1da0026
04fd00ee
1f15f804
0516e2ee
f601ec0d
f301f9ff
02030903
1a0209ff
f9d608e6
020b02fd
224c1105
020cfb07
34fe1b05
050fedff
01043805
1701f500
3af3f8fd
fe0102ec
f7e901fa
fbd1c009
ee0428f5
cff1ebfe
01fbf5ff
2700f3ff
25350706
03da0016
dfed05fe
f8e21f0b
03052bea
ebfbf400
01fd3500
ce002fff
11fbfaf2
04cb010c
ebf2e302
f304d0ef
d300451b
dde7f401
fe01c301
1bfe0602
07cb1bfe
00fffe0f
15276002
0ff8080b
41020d01
d90bc8fd
03035a02
ff030cfd
36010b0b
02220302
f8a37f02
fff73e3e
32fe23d6
f50dd4fe
00032e02
0d00c701
6b840885
fe18fff5
15ae4401
f3e507fb
ee04e409
f90401fe
02000001
1e01e6fe
0197fddc
040f02ea
36e42e00
010be109
1bffe3f9
c2070200
ff000eff
0e00ca00
f817fdc0
000400ed
d54e0a03
fdbafa37
c103220d
40001902
fe044cfc
13fd2d02
d93ef302
021afd1d
be1b2ffe
fa0b3e4f
0703ce22
1dfac2fd
03fdfd03
4a0273fe
0dc20a85
027f0243
f6111200
f0fef1ea
fb00ea00
ea04dd00
02ffcb02
190204ff
1bf60d1e
ff290216
1ee934fd
06f8d01c
d401ee04
f8e807ff
00fed6ff
1e00c900
0528e83a
01d2fffc
e7fbd4fd
02152c17
13feec0c
3a0d0cfc
ffff1301
d7fe1102
02f405d3
fef8fdf6
f203e202
fd09ed03
0801e603
06eeed03
01fe1102
ec01f300
dee9f608
01f10207
07fa0b00
fbe41ae4
03fd02fb
0c100c02
01ffecff
5900ed00
03b6143f
fc1b011f
02ecf002
0100eaf3
f000fb06
eff5f402
00010702
0c01e200
f6fef61e
00e501fc
f6ee0007
f1f5e3ee
fc050a01
f4f402f9
0e04fb0b
050df9f4
0ce904f3
04f90efe
fd050302
f4f6b500
eb04f115
f1f80302
02ffcd00
17011afe
e2e704d6
031f03ec
f159e504
fb067ffa
04ff32eb
10091e03
0003f9fe
3e00cf00
487302ba
ff210004
e36af204
f41939ff
f901f2f7
e7062804
000300fd
ef00ec00
4b1ff58c
002700ea
0bf44203
f502f301
1d04da12
e7f3f700
03010202
0803fefd
edf3e708
03d004d6
03edf102
062a0ed6
33fd0810
00fef604
fd01d8fe
e4fdf404
0211ef30
fdacfddc
d537faff
0604f42a
26fd2314
f9fafb01
01ff23fe
0a0115ff
1d29edbc
fda801ed
f6d708fe
04052908
1401ec0b
07fb05fe
00ffec00
13ffd000
fe20d0fd
01b8ffe0
22f1cafe
efda4de3
fe01c608
e20cea04
fffcf9ff
0cffe902
f4e3091f
0134ff2a
f8e3310a
eff7e7cc
12035722
d3fb0004
00064002
e4000801
fff40819
03ce01d1
f169f4fd
020a19e8
f1ff0608
ff05feff
00fdeb01
e2fff801
4e0f02d7
ff29fff5
11ec0eff
01e6edf2
04010ef5
faf507ff
03ff0b01
0802e6fd
083f05f7
00ff0308
0ca10900
fa272bcd
41febae9
c5ead103
00fe9802
fcffd501
4efcfdec
fe9500e1
082ff604
1ac60e2a
efffdb05
3ffb0900
02044a00
c7020afe
f14502c5
ff12020a
03fe07e7
e5fefff1
fbff07fc
1bfefb04
0607f905
fd0403fb
010100f6
fefde9fd
ff00fe12
08000000
02ff05fe
0001fffa
fffefafd
1a000006
fc000903
0100f901
06ff0505
09fafdfd
fe0109fc
fbfcfdf6
fd040c00
00051107
ff110000
0b010108
0401fe12
170302f9
00020dfe
fdf4f20f
fefbecfe
fee9fcfe
0419fcff
01f703fa
f5fe020a
f9f70c03
03ff0901
f4ef0003
f806010c
fe1707eb
fd0afe03
04f90308
f7ff00c5
d9041b01
fcfa05fb
e0e0e7ef
360bfb12
f41b2a1b
fee2fee8
15f22a09
0c010334
09fcf908
04040c0a
0e1df917
ebf411fd
fbf913fe
fcfb01f2
f9fb2c02
fd03f301
cdfbfcec
fd0309f8
160ef30e
fd0c08fe
fdf9f5ee
013000f2
f1faff08
fbfdfa04
1001f5f1
f4fc12ff
170a03fa
10030701
feeef60b
010c05f8
ff02fdff
080100f0
f300fcea
f9000a0e
14ee0314
f8f901ea
ff1afbe0
ff1803ef
fa0d0dff
f801fef2
46eaedf3
04060a0c
04e2e7dc
edf3070a
fb0810f9
f9350cea
10fbf607
00fcfeeb
330f0207
04ff0303
f7ffe600
cff3e9f5
ff04f209
03d503f3
fa0423ff
f300fbf6
dbfe0406
0805000e
f7081505
defa3301
03e7fb17
fcf206ff
f2f0fb03
0bfdf9c8
f9f101f7
010109f6
2cfee221
ddf015f6
f8fafc03
00ed07fa
00f60d08
01fcfaed
18e512f0
05ff2007
2208cdd5
f213f5f6
00f41724
01fefffe
09005c10
1cfae7ef
14fdf1f7
03010a09
fb25f5e7
1ddd03f6
fefcfc1f
ff0e04ef
fcf0eaf6
0bff03fc
2109fff9
ff000504
21e0d4f5
bde00e09
fff9ffd7
01feffcf
fbfcf406
fefff7f3
13fd03ff
fcfe00fe
0205f0f0
f10505fd
01f0f7f3
00080407
fa08e7fc
ff00fbdd
3efa00fe
03fbf907
e5f8fce8
dd020d05
fdebfee8
fe200610
fb0104f6
04fb01ef
11f50406
f903fff9
eef8f514
2fdd3ffd
01ed0117
02ee01ef
fd0a0bf6
f9ff0a07
02ebfbfa
fb04fa05
18e30423
0010d2ff
011e0f21
fa3d0102
0701e8f6
1704fb02
e30c0404
fcfe09fc
ee03e909
fc12f5f7
fe17f3f3
03fffe0a
fa07e7ed
f7fdfe08
e7f20b01
fb03000d
eef4ec01
0aef21fd
fc09f51f
fcebfced
fbf41bfc
11fd0010
ef07f901
04000604
010cffcc
01f90802
ff0604fd
00e1fdef
04f700f5
f7fe0004
0200fcfd
01fe0201
fe05f500
fefff9ff
000204fe
7f06ff03
00020501
fcfe0109
00f90501
0d010707
0ff3ed11
ee0e10fd
ffff05ed
04f9face
0bff0701
0bfffb22
0c03f5fe
04040702
03fdf4ea
f3f6e7f3
fffdffed
0301fdf6
00fdebf2
0303fd19
eaf411f7
ec00f113
02f4ee1d
e102f802
03f401d7
0519000d
fff7d8f3
07060815
02fef4fc
00fc03fe
fd0415d2
070215ff
fcf9f5f9
07080012
f7f9e403
09f9faf5
14080302
ed0204f7
f5ecde0b
06fdf405
fefaf6f0
01fdfef9
f80306ed
0b0605e7
14ee070a
fafb1103
07ff01f7
05faed0a
f908fcff
0b07fb14
0202f712
0cfb000e
0e0cebfc
f7fefbfc
0601dd09
e60205f8
00fef903
010ffbf6
13fe01fa
f8fe07fc
0dfefcfb
0600070a
121f02f6
eff8edff
0005f7f1
09f001ee
ff00e8f0
0e050423
0a0301fa
01fdfd03
0608f4e1
0c03e9f4
f60a03f6
0011fa0a
0007010a
fcff0012
ff00f30c
0501f50b
0105e9f8
16020e00
fee61ee6
07f2fee3
0d1a0ded
06fd0104
f605f5fb
f50205f8
09efe2fb
d9f81605
fd03f7fa
02fe02ec
fd11fafa
09010813
1e11f90e
fe01f401
f507fcf0
efef0107
03e4030a
09f5fd01
fd05d4f7
fc09f8fb
e9f4fb10
fcfd06fd
e80df709
26f9f403
fbfdef06
0501f9fc
f909ffef
f7fa1a0e
f7f91205
02020dfa
0ef408f1
f80cfafa
fef119f2
06e1faf2
0f132c02
152d8114
fe18e0e3
0e07b2e3
f9f7810c
03ff030f
0114fa09
0411f314
0681f8c8
0ff51c0b
f9030505
f2fa0a05
07e6fafc
f9fefaf4
fcfc07e6
020df8e8
07190509
0afefd00
fdf100f6
f007f306
15f6dff6
f8f70703
fde9efdf
10fbf9ee
04fed5f5
0cfc0c28
15020602
1301fdff
f4f2fde1
f805eef0
f9f4161e
0113f8fd
fc11f705
150208f9
eff0fa1d
0bfefd1b
0e1c24fe
effd2409
00130af3
f91700f5
efef080b
1c001a41
f8f1ff13
0502070d
060b1d14
f1010507
02f50e1b
fbe2f5ff
f9f1fdf8
08fc0220
1401f6f9
f7120a02
e40304f0
1e0d0903
fe060212
090ce6f1
020f000a
01faff2a
1908fffd
fa1c0104
fa08effc
ff02f008
fff30309
0306f6f3
050dfc09
c1fdf518
fdf6f0f5
0f25f3e2
1005f9fe
f40109eb
fcff06f7
01f87f3a
040b0ef9
2305fd31
f3000e01
f7eff110
00f40107
f6fc21ed
ff0e0d02
0be9fbed
f2f102ee
12ff0c25
1502fa1d
06f8071f
f1fc15f7
0104f707
fd04fa05
02ecfdfe
fcf10ded
0afdf927
d20ae6f0
fa01090c
da02221c
11f40aef
fefcff15
0b0affc5
e616ce0c
1801fc44
f0f5f407
f904fe00
0400fd0a
f410f207
fbf81115
fde4faed
f7fee900
00040333
c8fa02f1
07fa0911
e315ef0d
2afaf2ff
fc0a190c
fd00fef1
05f6010c
0907022d
03fefb03
f8040904
0cfd03e0
21fed100
fd050806
fe10fdf3
f303db00
15090741
eb050203
fb02fb0a
eced07e9
1cf1edf5
01ef1de5
fc08fc11
000cc4fa
1300011f
1108f40d
0dfdf4fc
0320e5e4
0efbe30a
fe26ef1c
fb37fae7
06fae5f8
1afd0422
3715fdfd
ea05010d
d015ef02
0ff70ffb
05001f19
0311f9fa
09f7fdf5
2b040b37
90e3f90c
f90409f4
152924f4
ee060408
0412ee58
fd4bfff8
f2f25607
18fbf81e
48341af3
ff01cc0b
f433eee2
a27f9401
ffca0781
002efae8
ff22c9fd
0306eb19
cf080911
020405fe
3202e9da
f7ddb416
04fcf7ea
fada02f7
151035f0
eb041d06
e407ff09
11030408
0b0a053a
01e8bafb
04ecdf32
04da0122
f7fe0312
0e02ef2c
55110e08
00fdfb0e
05f11c0f
0416a000
fc04d5dd
003ef40e
0d0608f9
05f7fd0b
53e505f4
ef04ee05
c4ea0cc2
cbdf240c
fee10f50
0129ff10
0b03eee3
0ffc0b0c
7f1c041a
1e0206f6
08f11ffe
4c2f4bf4
f92ee2dd
03e30016
f60ffcf7
f9030d11
42fd1916
04ff0507
1417f41b
bf0401ff
06ee19f4
0270fefa
0efd5e1b
fe02f72c
f22b21f6
00ff2706
cccb0af4
230adaec
08e11035
03cef5e5
1107c303
f9000226
d6150606
f5010a1a
fd2b0502
47e11c19
01f8221c
fc5afcfd
e9fc3710
18ff0112
fa0a2005
27fe1a0e
0baf02db
5601df1e
ffa2f5c2
feebf80d
fefde120
fe04f537
09ee15dd
02020af7
28d2e00a
cc032908
fee11212
04c2f8ec
f415c314
00000000
ff000000
00ff00ff
00000000
00000000
00000000
00000000
0000ff00
12fafcf5
ad12f115
e5fb0ff4
0edf323a
e8ff1102
fde9ee04
04c4fb21
4f07df38
e9fd1022
21fcf4be
1cff0dcb
372812d2
d5f30203
ff0013fc
fe38fbf3
d102f307
1701e7e6
06232bcf
30fa14be
e736061d
1ffc1cfc
fc30ebfb
04f3f92e
c4f3fc30
48faef34
dfc204d5
4ffc3ad5
e6e189f3
18110c11
fc1ef1f2
0502f62d
19150d7c
03fb1c47
0e9f9fea
31030ce6
000baf00
f505f84f
01fe0707
ff14fce4
0411042b
cc012e22
0a05d002
1b02f201
13fb2a06
2af3f75b
fc2f04f3
ff35fbc2
efda02d0
a4ff0914
9a6d16e0
4701eefa
dab97e20
1d152502
0423fb00
fde6f888
fbdd02d7
00000000
01000000
00000000
ff00ff01
0100ff00
00000000
00ff0000
00ff0000
ec04f90d
35d606f0
f2030709
fb571828
04ff10e1
02f4ff3c
03b602e4
3103060e
eafff303
0ee812e1
d802f2fa
0f5907cb
0ef7d708
021d00e7
ffcbfcce
21e6fe02
f0f9f0d9
ca1d0cfc
fafdebff
19013cd9
b9ee1918
07120fd9
050602f7
19ec1c0e
e903e935
351f12e5
2efefbfe
16c91211
24fe0ced
ffc6f5e1
ff2ffef1
19ee2e06
000100ff
00000000
00000000
00000001
00000100
01000000
00ff0000
00ffff00
d7fbf92b
7de402ed
ee0202e1
0616f9ff
f1e8f1f9
05b808eb
f904fbfd
edec2afe
c8000102
18e4040e
c4fcf0b5
fce5fe19
20ef170c
ffdbf80a
ffea0302
f5f32904
c500fbf1
91d60c18
bb00eda1
feb018f2
f0fe14f6
01fefc00
faf4f8e3
15fbebf4
00000000
00000100
00000000
000000ff
0000ff00
00010001
00000000
00000000
d504ec07
b6d21918
17fd26f2
fcf508e1
f902dcde
003102fd
fe2df9b8
6e02e6f3
d90906ed
0bd10721
3f001e2b
e818eb22
14f808df
00310d03
ff1200af
5d2d0ef9
00000001
00000000
00000000
0100ffff
00000000
00000000
00000000
00000000
dcfaf003
14d41504
29ffef4e
e82be205
fbfcd6ec
0329fbf1
03e4f9d0
0805f106
def6f11e
00cc23fd
1003f02c
f5e1edfa
e1f787f5
0227260f
feff03f9
e311e10a
e6fb00ff
cce51b0a
fbfff10d
0dcfe0d6
eefbdef3
0206daf5
fc19fe14
b505e404
ef03ed08
0aedf812
f8ff0ff8
16c8f435
090606f6
00092d25
fd080009
c4152302
00000001
00000000
00000000
00000000
01000100
00000000
00010000
00000000
ce02f5fe
fd08ff1a
dffe74e8
1bead7d9
02fbecf5
010402ef
f931fe13
a9fde8f4
e40006e0
e40c0111
f3ff5bfe
f803031e
f0011103
fe00e5f9
030c0037
ed0fece3
d2fef4f3
17190afd
ec01541a
e207e000
f902e40e
ff040703
f7e2010e
e701fd03
dafdfdf2
2d4debef
f5fe3813
322edbc8
defffcfa
023d0af6
ffc3fe14
03064303
d501f8e7
033de4f6
ecfe1f2d
ef1cc707
130b000b
ff05060c
fdd5fe2d
010d080f
e1fbf5f7
ee34ebfd
f8ffef2a
f61dd501
f4011902
00e60ff4
fefc022f
040ff601
f1fdf8fa
002ceceb
f500de1f
0507e309
0e0ff604
fffbf41f
fe01ff37
04160402
f400030c
d027fdf5
f901c118
eff9dd0e
fc0ade03
ffedd519
f9020055
0b2000f6
0201f3ff
dd29f4f7
f8fe921c
01fbef0c
f5070a0c
03f70e05
f7fcfb42
fa34f508
00000001
0000ff00
00000000
0000ff00
00000000
01000000
00000000
00000000
0bfd00fb
170b0703
ff01b6fa
01de1612
fffe04f8
fe00eb0c
fc10fe3a
ee210eff
0d04f6e8
ecfd0112
faffb7eb
f2fe29fb
e0fc18f9
03f1ebfc
fe02fe2b
ed2ae7fd
0402f706
f8fa1217
f903bbe9
f4011e04
f5f4f300
02fefdec
f9070132
ef24fff5
00000000
00ff0000
00000000
00000000
0001ff00
01000000
00000001
00000000
ff000001
01000000
00000000
01000000
01000000
ff010000
000000ff
00000000
2002fe0b
19f0061b
fd09e7fb
190e1be4
f4f409fb
0708fbd9
fa06ff37
e815f3e8
0b0b0ef5
22e7f8ff
fefef1fe
010f121d
1dfde9f1
fb11fed8
f2f4f809
db1fe409
17fe01fb
faff031c
fb08f4f3
012209fb
f4f700f5
040ef5f3
fa04fd24
eb05f8fc
0f0206ea
f5060921
0001ece4
070af617
1a001e07
ff0cf5f9
fc06fe16
fe04fc07
000000ff
01000000
00000000
00000000
0000fe00
00000000
00000000
000000ff
0efd0b0d
17fbfe13
f108f5fb
f906fd08
fb05ebf7
05110e07
fbfc0116
010308f7
09f0eadb
18e30608
ef020307
e1ed3e32
06fbae1a
fcd0d305
01eeff40
02d813fe
faf811e6
09050e11
0404f7e5
f1e5e8f6
dc01d6f1
01121767
fcf1020b
0eedeaf3
00000001
ff010000
00000000
00000100
00000000
00000000
00000000
00010000
00000000
00000000
00000000
00000000
00000100
00000000
ff010000
00000000
000000ff
00000000
00000000
ff000001
00000100
01000000
00ff0000
00010100
070512e2
f6f9ea13
ff06f8f1
04f3e3ab
1e0a17fc
0106d015
01080008
0a0be5fa
05fc0dc5
f7f6dbf4
f9000314
ebf615e3
fd05f8f2
011d17f3
ffee01ef
e004d216
0c0213fc
fb00f3fb
fe04fbfe
0bf1ef0a
f301fef5
05fe030e
f20fff0c
02f609fa
09000504
e602edfd
f9060203
17ececf3
fef8defc
0314fefe
f711010f
080006fc
11fe0ee0
05f8f7fd
fc090110
fbf4f6f3
ed12fce5
02f9000c
01f502f2
f9f60109
09ff09f4
f2030102
fd06fd07
03dfe5fd
fc0230fd
08f411fe
fa18070d
08031108
1005fffd
e9fdf6f4
fc05fc04
eef4e8cd
02fd27f4
02f509d4
fce802f9
07eefefc
0903f0dd
1204fc02
0305fd03
04d70f65
55044601
ffeffdf4
ffd50104
facff808
080409eb
060cfaf8
fafff407
f3ee03fb
3a03d4fc
0106043d
f4fd010f
0af614fe
03fbf3d6
d1140508
0504efef
120e034c
f7f9f526
01fd2123
f90bfff4
08e5d707
07faf7e6
dcf71bff
fc04fe0b
f2f5ebc9
9b00c01c
06f30b59
eeef0605
0df427fe
13010d0b
040910f7
08050306
3ff5ecd6
11fde5fe
022319da
f83800f3
04f5eef7
12fbf9f0
e4060cf4
fa04020c
f4e000ca
e404c60d
060fe8fa
fc22fd13
00e8f2f6
07f80dfa
ca090cfd
0105f6fd
0d0afdc8
ddebeef4
0404b4e9
fe1003f0
f103da05
0d0107f3
10eb04fd
f5020012
d5f4ed16
0206fe11
05c50f20
f72b04f4
f9f8ee05
0bfcf5f2
0e05ed07
fa03080e
fff90ffa
0b09f1fa
0606ef12
fffa0403
05f7ea0f
1207f5db
13feea05
fa0b030a
f6fa04dc
2c0bf207
0003fbf7
fcdc04f7
f30800fc
0f00fafe
150b04f5
fc060207
fe0904e5
f4ffdfff
07ff00e3
f8e704e9
faf800ff
f716f202
27e8d10a
08030ffa
2dfee424
35024a0d
01f30cf3
fe1001e9
082ffaf4
0a0008ec
f90afefe
050308fc
fc100003
f1faf701
04fee601
fb0f05fc
04fcf400
00000000
00000000
00000000
00000000
00000000
01000000
00000000
00000000
01f9fc04
f7fc03fe
050015fb
03effeec
0511bb09
ff00f339
f9f60109
fc012706
0fff030b
dbff08f9
00000705
e407fdf5
f1fbfb01
02f5eef3
fcffffff
07f41b04
06fff1fb
f513f905
fa060afd
e7f60a3a
fa0702f8
04f9fb1a
fdfa040b
f4f71905
08010900
e1010d00
0303fe00
120b02ff
0df83d04
04f2f0dc
fd0a04f4
05021812
fbfc11ea
c8ed0810
f504f207
dcecf3ae
0f0e7ff2
08f9d80d
0ef807db
08110b10
0304faf3
fafeea06
00020b01
d0edfde7
fd1956f0
05051316
000203fc
04142500
1600f7ef
eb02fe0d
00050c11
03040a13
04fd13f4
04f00ff7
04fb0103
fc011404
08fffaf3
0b0607fe
fa06fa03
1f0efaef
ddf4d606
060307f0
fb0602ee
fbfcdffb
06fff8ef
1dff03fb
f4000dfe
f9fd1add
0504001a
0107f5f0
fe02ff04
04f7ee04
0afffd0f
280afbff
03030bfe
05fd1830
190df7f6
000c0511
fdd60007
00f11203
101009d9
eff5d2fa
fa06121c
d1ff25e6
de0301e9
070df3d8
02d204f8
df260b11
090307e8
f0091e08
0704fffd
17120224
e3062a0d
03050df1
feeafffe
020aedf3
1106f706
170fe8f4
05030b03
e7081041
e0fdeffd
0106170d
f50a00f6
fa00370a
0e0bfec6
f4fe12f8
f0fc110a
a6d40d3d
29fdd50b
fd04d52e
05e7fb06
03fef001
0d0607fb
ed040f0d
020604f7
f7fcf4d1
2702eef7
ff14f727
fc100118
190d15f9
0711fbda
1202e605
03060407
0d03e7eb
0d020e02
071b1819
f80102fb
fc27f0f0
1402f904
2006fcfd
05040009
1808f1f7
210ceb01
041117e9
fb1704f3
fffdf805
15f60ee6
fe062dff
fa03f804
fc011c3d
360b2bf1
06dee5f3
01080511
f6d82522
04f619f5
e00b0f08
0a0000fa
0c25f392
d0f0edfa
020ed0ff
061100f2
f4fac610
fe020ff2
03ff19f1
000302f8
fd0efc0a
eb011dfe
0507e711
fdf00103
fafc1cfa
0b07f403
15f313fb
ea02fffa
efea0263
dd010e25
03f0e0f4
f20f0301
1702f9f9
03fcff1e
16f620f4
e8fef308
fcfdf7f0
1de9e721
04171701
f64901f8
040a37fe
070e222f
f6ee0def
0d0713f2
2201dbf3
f0eae5f5
050ae602
ee3502f7
20073bec
05faf513
ed020100
0d05f6f9
ecfa0bfb
260bf2f7
07fe02f6
00d30301
05fc180f
0700ff15
fcfa0001
040404ff
1301fa2f
24fd0b00
03fb00e8
f54302eb
f803f3fe
080804fa
0200fafb
05030204
fc070be3
0706f5fa
04f2e5f7
fbdc05fe
fc050aff
09f4f217
0a0ceb06
050af7fd
2b1913e8
c3fff4ff
08e01c02
000802fe
ef0ded02
03030f05
fa04f10f
0700fcfa
1a09f0cf
ebfd1404
0507d2f4
0011fee9
0716dd02
09f6e202
f2f704f2
eb00f30f
e0f11ce5
16111004
08fc0db9
00d3fee2
ee09e016
1610fcc4
bf1eec27
fc0106e8
e700223c
25114801
030cd047
0da2fef9
07dcfe10
08fb1701
dd00f719
0f06f9f9
292eeec3
edfa25f0
0006fad8
022afef9
fc0bd502
15fcfbec
e904f508
1c0505f5
320e0828
e90b02df
ff27f00b
07e9f902
f6fa9cf0
fffdeeeb
350def10
fbfff7fe
3111f5d3
4419f411
00011d14
fd0202d6
f1f3dc15
070d2412
dff92510
000818ee
f2fafb09
d4edfaeb
06ccb30c
f4fa073c
210a5ce3
f603fafe
2bf00ffa
f4040308
01eef0f5
13120909
06fc16e6
fbc9040c
fffe2c00
02f9160a
faf120f9
03010005
f60afe59
0af8f30b
050f07f1
fcfc041a
0b17f8f7
0403fbfe
e5fa0d0b
fe07f708
f205d7db
ec01df0a
04091bd4
f8dd07f4
0b12eee8
03fdfe0a
f9060f08
080502f2
0207fe13
d1fcdd00
04e506f0
f228020b
000e0c04
0af9f1d1
c809fb09
000809fa
f50a1cda
eb0f3f07
050d082d
0fdf040d
12e213f1
1b04112c
050111d4
e9091208
3605e409
04f98504
044253db
f02c01e4
18f51ded
fcfc1202
0c0f0503
0bfd0df5
ff0a11b7
cefee3eb
000df150
fcf30000
fc1a2701
08faf612
e2ed0204
fd03f80f
30141581
34023313
03e408cc
fe07fff9
f8ffe103
fff30f32
100504f8
040607fa
213af302
21fce8f6
04ef29f9
fefd010b
f70ebdf8
fffff505
0e10e6fa
0d02010c
f8012603
ef080c09
02081c14
f4ecfee9
effe3110
04fff5ee
1f04e206
1501ed05
1a1718e2
00144dfb
02e4f1fe
02defdef
eb0108ff
0ff0f412
ce200c14
ff07eb00
0427e61c
a7d9d00c
0dfe4c0a
f45008f1
fe1fb4fe
0902000b
ef0107f4
f804f6fe
0df4e33d
10103101
00e8eef0
fde406e5
030f34e2
0f02e607
ec09f6fc
ff0301f0
d40b0fe2
ed1322fb
04e7f1f6
fa100101
030afefa
f905f0ef
b2f90204
08fefcfd
b61a16a4
f6e3dbff
ffcf10cd
f8da0704
e8f3d813
1502ee0b
2bf8dd0b
0703f70d
f0fa136b
210f14ee
001a4f35
f8e8fee4
fd143004
0c00031d
e60208fb
f704fef9
c60c01e8
2208d0fe
fe0f1b12
03f90201
0e080e04
0001ff0d
fcfe0000
00fdfe02
0201fe00
f9010300
81010200
f9ff02fe
fefe0300
fbfbfa14
f30804fd
0a02f7ff
070afefe
f4fe0402
fe000506
fc0d060c
f00a0306
11060281
da061a0b
11faecef
e2f52513
1905d413
07211d2a
08e4050e
f6fa1fff
03031206
f50efd19
170701fc
0307f210
0009fc02
02101503
fe080400
03040dfb
ff010507
02fe0507
0e04f9ff
1007f7f6
06f11504
03041104
fb1205ef
f602ed07
0000071b
d6f9fded
170004ff
1d061ce8
2b03e5ff
02ecedf2
09f4070a
f4fcf1ff
0600ff09
0ff90a0d
0105fc06
f5f60e06
e3031bff
0007070a
02080311
07fb0600
00fc060e
21050501
f602f9f4
fdfd01f3
0aee1c01
fd030e00
00f5ff06
0bf90501
0afcf3fb
080bfff8
f0fffc08
25ee1ede
dcf8e9ff
fe0b16ce
00e904f2
edf90207
07fe0409
effefafd
060402fc
f70200fd
fb010afd
000b080b
fdf00002
fafa070a
f8fdf9f5
0adffd02
1303eaf6
060eee01
f2f9020d
01fcf308
00c505fa
ee033008
0400faff
2707f407
01040804
fc0efa06
c3faea13
feff020a
00eb0915
f8f8f800
f3ff0216
fcfb01fc
06fffc03
ef0706ef
0e01df07
04e91206
fa100607
f8fcee0c
010205ec
fa07fdf5
070100fd
fff2fe15
1ef021fe
fd0bf2d5
01010403
fa00f506
f602fef1
080e14f5
f60202fc
12f60411
090a11fe
fd09fc0b
fb19050b
030b0f02
f4fdfbfa
10f40af7
05fffd04
f409fa05
1b02f500
02f20107
fdfd05fc
fc08bbf8
e6f9f9f6
64fa05ff
06fff7fd
e11cf9f0
f40514f8
03fdfc02
fc1109f8
fd0d0203
f3f702ff
fe020cfa
0b050000
f8e5f30a
07f92112
01011f15
fadf0b0b
ff051707
0bff05e8
fd04edee
fbff0107
1ef8e037
37fc1fef
0117ebe6
01d30508
f30f1107
030513ea
2ff1f901
e507f606
0fe31815
2506d007
02312c0a
f9690710
030ecc06
f50407eb
fb0401fc
020308f0
f8f50e0e
05022209
f90e00f2
f7f307fa
eeff0606
fe0200ea
ebff08ec
0302fefd
03fbf102
e80dfefe
020912d8
fd0e0601
03f8e8fb
f1fafdcc
cd1a1b0d
11fffcfd
e2e7e01c
fe01d2ff
0310ebcd
f7de0f1f
08031df7
fbfff61c
fef9fc01
0800f902
00ffef05
ff0206fe
fefbff00
11fffef7
0302fd03
f70102f4
2d0bfdf5
fafbf2f9
12e301fb
2b01040d
00feebe7
f2040a19
f8ffef01
f6fdf9e8
f72cf4fd
0003f3e3
daf00a3a
2c08e1f7
0203f224
fee00612
0ef6e3ee
f5fcfcf5
0a040307
0101fe02
1e1903f2
f6001708
0101f302
f8d3091e
ecf9f0f9
f3f800e2
13fcfaf3
edfe03fc
02effa12
f5ec07f5
ff0302f5
fe1a05f9
fd102608
fb03fccc
0402edfd
02fbfbe2
070b0400
10131f03
04c414fd
ff12060a
f21cfa03
03f9ffc4
ec04f9fe
05020af6
f8fef80b
f9fd1a00
0a0e08f4
f8f209f9
fcff09ff
080802e0
dd0d0304
0bf805ff
0af60812
eefded14
fbf6020c
f1020814
f1f008ff
f7f8f8d1
27fdf6fb
ff0006f6
ffefecff
fe0a0606
0301f6e8
03f908f7
0506eafd
fc0008c9
0804f00a
0100f501
130bff0a
f3fc22f9
04f8f9fc
05fd0804
090304ef
04ff05f8
e206f7f5
f2feed02
eef61921
0a05fe00
0301f011
f6fa0607
eaece9fb
07fbfff1
f50106ec
f004fdf6
1b10f6f0
f00dfc02
030aed03
fdf40608
06020cfb
f5f407e7
f1edfae9
effa13fa
0c070543
2d1b0a04
02ffe3e8
f4f00810
11142303
fd03dcf8
f3fffb13
0401f6f6
f206ed52
130717f1
f4f50b1d
fbc40a0f
fd0854e6
26e601bf
1806e9f5
01f9f710
11fdec39
e1f61cea
0301f3f0
040102cc
f4fcedf3
e27f19f6
0dfb16f8
0a0009f1
f6ef59d6
10fe1007
0203ff14
0015f67f
0e12e734
0df2f3df
000b00f9
07fae600
0e09d318
e3ebf701
02fb0aee
000307ee
0af40df0
f70001ee
cef6f5fa
ff0304f4
091500ff
e7fb1ff8
0300f0ef
fef70208
000ce9f6
f6fa0d0c
39f1f906
010202fd
1b1023c4
0203ef0e
05f1050e
00e60602
f7f5ebf7
feff00fe
fafdfeff
080409ff
0b1713f4
d608fef6
020121f9
fa0d040e
f4f8240a
04fcfcf0
1afffb01
00f8f504
0debe319
08f706ed
030600d5
fd2209fb
0af40ae7
1ffbfb0d
0cfe0007
f4ecfc12
e7f00412
f305f4f6
01ff040c
fcfbf6f2
08f2f7fa
19070cf5
1301f109
03fb0a0b
ff1a1109
fa011703
081202fe
fd05e8f3
03f3f200
bef4f502
fe1015f2
0f7f1ff4
f411f3f9
09050411
fc04fa06
0508dbf5
0c2f042b
f2faffeb
f5fcfcfb
01fcf2f8
05ed0ce8
f307ed04
01e90ae8
fcf01923
0cf8def2
fdfc04fa
14f4f904
0dfbf800
01f906fb
1506f3fe
fdfe041a
fc000b16
f6f8fbfd
f8fc0715
00ff0107
edfef101
ffebf704
f601fd05
f9e5f3f1
fce00105
12f6dbe9
0f00fe0d
f1fb0208
0d0209fd
1206001d
d5f9d704
06fb0b16
03e301fb
f7f305f6
04fe05dd
ea0616f8
fafeff13
0df2f60d
df170705
040811fb
fb1208f0
fa031600
120709f9
09f80409
f7faff04
14fd1004
06f40600
070805fb
f9140306
fbfe1cf5
fb0307dc
1706e500
effb050b
16100a1e
cff4f8fe
0906f1f0
ff040400
0d0afff3
0e0b00da
20f5e908
04fceb00
09ec080e
fc041a1b
02ff0d01
00110111
faf3ddf5
0ef626d3
e8ea1a0c
fc000806
e3eff327
7fee35ec
02d904fa
0bd001e9
f7fd1cf5
09021401
1116e6f7
fcfd1103
dad907e9
02ab1ef1
0035f120
fde2000a
0de0c6f6
20020df2
fde4f926
e000d902
06354213
ff234405
0407dc55
fb6c0122
e5fcfae6
090610d3
e214dc0a
ebffeaf9
e6fbeaf1
1014ece3
ffe4eff3
0ae4fefb
09ea1004
26020000
bafb0bfa
f407f91a
070ffff0
cb190402
06e702fd
f9ce07de
fef6c6f1
1ffbfafd
c511ec06
0c000006
f61609e1
47ffbd0d
00fa08be
04160202
eb087fe2
1407fce4
fedff500
fd02fe03
2705f862
1328d1f8
01f1df50
0b6bffee
1107c5ee
20ff0602
25fadd10
f202e2fd
0b1103cd
5df20005
fdeafbdc
fb0a01fd
f5f7b3cb
1ffc15f1
3cfdf4fd
03feee02
0d211be9
9b20030a
fc15efde
01ec05f9
f5eb3ffe
09feff05
78070f0e
edfe0413
fa01f711
ba05b3fa
020e02df
fddb00fa
0ef9e4f0
0b03fddc
0013f5f5
eefef303
c7142c0a
d523c1e3
08fdf150
05d8ffea
f4f4dad2
0f05fe0c
da17e32d
f802fa1c
e7482355
40e40d0d
03effaf4
017f0401
f7e154ee
1b010df0
e21608fa
55fe0d06
df8516db
2e230405
0581fbe0
0108feed
f000edf1
090d12dd
080017fb
f701f611
03e7eff3
f30515fb
02eaf43d
09e30014
e7fe02e2
3301f91c
f21e347f
81fc087f
1702e20a
03e10cf9
02210fdb
02f3fe1e
46041509
0bfa0227
fc04ea29
c8031336
51cb04e5
e9f70df4
00ca16e7
061e0101
3b10e6f7
04010d19
242612f7
d3fff801
2e2e2ce0
f0eb0401
00f51010
fe0aff0c
ec06fde4
3f03db17
f55c7fe5
ebfb1ce7
f7060c05
05ec07c9
00310cee
00f4fb3b
e3ff081a
7fffd915
f6dc36e9
15f837dd
09e98703
0004f7e3
fe000804
0405fc79
181e097f
57fe1b11
3b81b1fd
fdf821f1
07228a01
f5f70351
00f50506
030bff34
f31e0952
15fe3c00
efedac0d
fdf9050a
d4eb0018
03f7237f
0127f5f3
04d7fddd
c402010b
fbff2602
ac54e502
2ff906f6
e68141e9
d0f7f03b
02460518
06ef03dc
f90b2707
06040102
d2290dec
43fc0af7
03cb2306
1609eb0e
010bf91f
0117fff0
fff7ed08
010005f3
fbe9f2f0
02fb0a0f
11412e07
fbf51214
fe07ffd9
060efe03
06f2db10
0dfe0f05
d4e8fceb
e700fdfa
f45d1b05
20101923
0428010f
06b9fdcd
18f3ea0e
00000000
00000000
00000000
0000ff00
01000000
000000ff
ff010000
00000100
2401081c
fb2d03d7
45fb0711
0d022a24
19111903
0102feea
0609fcda
23f00c17
00000000
00000000
00000000
00000001
00000100
01000100
00000000
00000000
090710e4
7d11f1ed
1400f80d
e2320cf6
16f8400c
ffb6f309
08f7fded
f9fd2c07
000000ff
00000000
00010000
0000ff00
00000000
000000ff
00000000
00000001
0cfe1006
1002eee4
d5feeabf
13da1909
13012215
fed210f1
00ebfef5
deed0a12
f4fe0df8
d7feeded
d9fdf2a7
19bc3301
0d072a10
fce20e13
020400ed
07e80c07
0d0b15ff
d4f6ebe8
e6fa14c3
0bd9361b
fe062eeb
fde6f9e6
fbf5fdd8
2fff0afe
0203fd1e
07f10b04
1b0117d0
11f217f3
2a09ddfd
01250939
055d00da
6ffeefe8
fc01fc23
15e60ef3
27fd19ff
ed321f07
02fdf9fb
031103f9
07fdfca7
7fec1200
00000000
00000000
00ff0000
00000001
00000000
01000000
0000ff00
000000ff
f9fffff1
f7e916f1
2df6df23
e22d1d3a
fc050400
ff09d5f9
09cafacc
48e50113
0602ff0b
f2d316f0
22fcd426
f2080211
0b04ecf5
fd1500fa
03f6fdc9
29f6080e
fdfef711
fbd40af8
19fed108
27fd0de1
d601eff4
fe05fcf1
040ffec3
ffead700
f9fbeff9
f1d7310d
0dfee6f4
0fe209fd
23101def
ff1df611
0907fddb
ddddf2fa
080b0ec5
bfd00d08
03f514ef
ffda3af1
0e0212e4
fb21e0f7
04fafae7
d3f50014
ee02020b
efdb1012
fffa43df
fbe822f8
04fc00eb
00eddcf7
0414fee1
e1e9f9fe
fa000002
00f90403
00fe15fb
00fe02fc
01fffcfd
ff01fefd
0104fff4
fbf900ff
e300f5fc
08030e16
f7fa58e0
d201f614
f506c5fe
0102f41d
03dd06c2
f2e50104
da000523
03fcff04
03fd7f07
0116e3ea
f4faf1f7
0004f0f0
0802fdc2
01e60100
cdfdfb14
1309fdf4
fefb7812
f917d3f7
0601efff
00fd02fa
06f7fdc5
0ad90103
d4fc02f5
030bfcee
00fb4c1f
ec0adbf1
0a0113fe
00f0f50c
0aeffdda
0ee0010e
dffff9ff
141f07e5
01fe272b
1df8dc2c
eff40402
00eefee9
04150103
0febfaef
de0101f3
f51df7e7
0bf41d22
0706d1f5
13080e0b
fcf704f9
0707f8f6
15f1f518
d7030015
c714eeeb
03fb1017
0bfccbf4
05060b0d
02f4ecfe
0710fdee
1c0af60f
e1f90419
3016f3eb
07fafb1b
f6eadd1f
1f04d600
03c80902
001bfe00
000d1518
eafe080b
f90bfaf8
0900f212
04e4dec6
f6082ff0
fffa0405
0c18fee9
ff0ff311
de02fee0
c11703ed
00f5e518
fbeb07ed
e9fb1c0a
fc1101ec
0af3fa03
f711f21d
f807fabc
e80b10f7
08f8e111
ebf2fd11
ef001318
fd060605
07edfc07
f611f016
f402f225
f81307fa
10fde3fc
0d04f0f0
f607fdff
fd11f7fe
070cf8fc
ff14d4fd
edfdec03
1bfb18fe
07f3edf8
e5fc1cef
100b8a1c
fcf0fc34
fedff914
ee1af408
f70dd906
daf7ff06
fcffdbfc
e512131b
1b010707
000e12dd
00dafcfc
f810f6fd
fefff307
26f70012
06fdfcff
1d1117cd
30070200
01fe05ff
0bf3fbfb
f60ce20e
fc001717
15ec090b
fefbf305
ec070b2e
f60336fe
01d2f004
012601f7
042bee08
fefae615
e6fa16fe
ecfff2f6
d6021902
ecf1f40e
fe0e02f7
0514fc1c
020f1ae8
00000000
01000000
00000000
000000ff
00000100
ff000000
00000000
00010000
fefbf308
0b05120c
07fb03f0
1e3a0ee8
e4f31505
fe11e7fd
fec9fa14
fb003007
f009f22e
e40b1d17
fe02ece4
ff08c5db
dcfb2527
ff1a2619
fe0a02da
0d1f22fd
f400f30d
e20a0820
f900f4ec
e4020309
f6003a05
fe05141a
0907fc11
01101110
fdfef504
1b05f606
0001dffb
ec18170a
f705f909
ff050ff5
0203fa19
ee14db06
f10ff2f9
f2fdc823
180202e2
2a0bfc1e
0ffd19ed
fd2afb03
0705fc11
ff2809ee
01000000
00000000
00ff0000
00ff0000
0000ff00
01000000
00010000
00000000
04feed0a
08f80001
06fef8f9
e3fa1c12
0d0aed04
fd042725
02d8fa14
04ea250a
00000001
00000000
00000000
00000000
00000000
00000000
01ff0000
0000ff00
f9faf5fe
11fd1702
f0feee08
eef90a33
3c13170d
fcf6ed00
03fefd10
f9edec05
f3f9f91f
1af115f1
ea000502
e1e5e6e6
14f5d108
ff06130d
012c021a
100018f8
07051911
0c03cdef
05010802
04f916e1
410c1ccd
fe08f7ea
06edfa1a
f109ca0d
00000000
00000000
00000000
000000ff
00000000
ff000000
00000000
00000000
f8fe083c
e60af213
100401f3
0b31b732
ba0230e4
ffdb12e9
fd0900e5
f40700fb
f6f7ff23
06fffcff
03fe02fd
0606f8cb
07fb05f6
fd02f338
ff11fefd
0fff25f7
02fd08f6
e2fcf1f3
f804f216
f3e103d2
f00b2ae7
02171cee
0bf2fef5
feff140d
05f80d04
bd0b1001
09fdf6f8
0f1a02bc
c3ebe0f2
fe15c7fa
021eff0d
00e6d816
05000111
140200f8
0401f704
2208f90f
190705f3
00fdfaf9
fd15fd08
05f70803
07fa0001
e702f50b
0102e911
1203efe5
f50964f5
ffe4faf7
0804fff8
effa1e16
fefffcf3
ec0cf901
f5fb05fd
f9f90f22
fa0a070c
f9fbe80b
03eefd26
07eefb0d
08000fe7
e9fc03f6
0dff01f9
f3090617
f40a46fe
0004e510
09e1f92c
faf9eaed
0f0709e8
32e9030d
1405110f
fe040c01
fbf6f7f4
00f8ee03
00ffff2e
02efe904
ff0b040d
c7ead0ec
fcff040a
c006f00e
bceff700
01c711de
fee6fe02
fdf9eb02
f2fd0508
ebfc0903
01fdeb0e
14f8e4d6
e80423fb
fdfa0ff2
fe27fdfb
02020ffe
f7fef90f
24f7eff8
05faf21b
252b2116
2805c619
f8f322e2
f4effbf5
e4fbe016
081011cf
ba02e9ed
f8fbeb1f
f408119b
ca1619f8
fb361c00
ffc9fbed
e107111b
18fcfc4c
0d1becf4
fe06f1f2
3302eb59
2e0501f5
01fc03f9
fefffe30
fbf60d03
0100141c
0a0603ec
00fcf805
f5f1d3d6
d80caef9
fcf5ec10
f0090018
fc0d1200
00000000
00000000
00000000
00000000
00000000
01000000
00000000
00000000
f80a08fa
e9e6f3fe
fb00fd04
17edd9fe
62011708
fe09e3fc
010900f4
19ff0102
f9f6dff2
fd09d1fc
03fde4f9
f9111d63
fb15e412
fbf630ea
f9f3fec2
cf12a10d
08f306ff
d0013df5
ee02e402
f4fd1500
22fce7ed
00f8eed7
ff260017
eabcff0d
0506f717
e518f1fd
09fcebf7
1e0fe937
c40ac319
fb100eff
ff1dfb0e
0be8e4f7
f3fef127
ca0bf6fb
0101f30a
c8fdf8dd
ebf50cfd
01eb12d3
fde5fdf7
f5f90102
effbfb1d
c3e009f6
ef000114
cfe711db
03f722fc
feefc213
0f2ffc1e
09f106fc
f8010503
26ff11fe
12fd04ea
2b09db0f
14f2e319
fb1412fc
f644ff30
18e102e5
fbeff0f0
17f1fcfa
f3f8faf9
2d0924c8
7c0cc61b
f90a11fc
00d5fefe
f1e6e01a
05fe03db
f2fc200e
ed02e001
04de030f
3b092a15
01e3c8f4
0008000c
01ecff02
0604f936
0a0705f3
df05f6fd
f2d8e02d
1713f70c
010806f2
fbea05f2
0602140b
1f10150d
45e229fa
0bfc2811
34e5e0d3
25edcc00
fa091100
fe3ffc1f
10d900eb
0d0415f8
e004f3f8
03010103
efedee39
bbeaf7fa
060afe17
f6260232
1109ffe7
f60307db
950b0415
0ff0f7fc
e02909d7
152fc816
eee0e270
fbd2fa28
fffb1617
10fbf83a
ef14e5fa
f006f606
0cfcdc43
d4fb50ec
17031895
f214fdd9
fa16f3fb
fffde610
0b0708f5
e401f60f
1a06f017
f70a0f14
fbfdf2f6
f6dc03ea
faf2f607
0601f800
0801f0f9
f801fb12
baf4f8b9
1a12b2eb
05f737e1
f7f40510
f02c2812
fe06fc23
ef1410ff
07f9ed05
07f5f002
c5fb09fc
04ee02f9
ee0401f6
fa151df0
faff123d
ee1506fd
fffdfced
b90f06ff
fa04e7f4
04e7e42e
f8c306f8
1e0b0808
04fffd45
1a05f1f9
0303eef0
0a0deaef
270308ef
01fe0afe
f33a000d
170908e8
fe03e6c0
1fe30bf8
0df8fa16
1f083ce1
ea2bf228
fb271a04
fc83f9d3
daddb815
0df9fc2f
ff1ef5f8
040708eb
1605dec2
ff11e4ed
04083e42
00f307ef
1504fbe8
f20e1b13
ccfe1702
040107ff
d801e3cd
dffe0cf5
0105e630
f8c10305
09112001
fa030e14
14f6e119
0c05fcf9
f50efccf
cafc40dc
03cddc02
fd21010c
091bfeed
f70b1a32
03f3fe03
05fafa04
f4181e4e
1706c41b
00ecf810
f3e10018
15f406f1
0d110cf3
de03fefa
fffef6ef
b8f6e900
85f70ae6
0012f4e5
fd0affce
ec1003fc
f6f31d0c
150630fa
effbfc06
02dafcc8
e0f0f919
03eb00fe
fe2a0bfd
1a02131b
fcf5f9eb
2aff2105
09f7f0f2
7ff9d304
02e92c25
022a7ff5
f941ffe0
0be2b9f7
defdfcfb
0ec8f125
f60363a8
12b617d5
08010edb
fb2de2fc
0626f3f7
c9d2ccf0
0b030f07
4bf106ec
03021028
f4e70b97
d1feeae9
04060800
fe01040d
ea092aea
0cf116b1
b2fd210b
0cfef602
071040ad
e511e813
f811fc6a
fbe8f93b
01de3619
f7fdfde7
fc07fb09
fa030920
0fdbfe40
12f1d4f4
01eeda11
01cf04f8
08f1f720
0efe0312
2cdf02f0
f8061001
02e3edf6
431c0401
0306e834
fb3e05ff
1b0400f8
08f4fee8
f00119f9
fdfd1b05
d7070d3d
fc03180d
00fdeafe
04ee0020
0c0f04de
05fcf914
1005f700
f90301fd
f202f120
f0f60604
12fc0fdf
eb08fce3
fa11eefd
fbfbecef
ef0e0603
02fefce4
070ef3e8
fc1bcf27
ffe0532c
f3e9f9e7
f302e110
0d0dda17
57f1c816
05032901
1624075a
360946eb
0503282c
fd09030c
01082cf6
030ae2fc
4304e8f5
06030506
0614184e
43fa0ff8
fff31b1b
f8130116
faf0fd00
fc06f703
6cfee9f6
e0fdfd10
17fa0f0c
57ec36f2
feef09d6
fce90315
0019ff13
f8f8ede4
12ebeffc
09000e03
ef0b204f
09f8daf2
f5e2e706
08f70225
f9e6f0f9
f9f808ba
c70d11f5
03f9fbf2
e8ea47bb
17019d04
fc0ad027
f9d80339
f6e9ec12
01fe0be2
30da06f7
11020f1d
32e6160a
f6f500fd
0118e8dd
05e40416
faecd9ef
f5f8f321
20080e09
fe02f2f5
08fcfedb
30160505
0522e81c
01d500fd
0a0200fa
05fe141a
f8fe05fe
fd060bff
d511ee22
eaf1dcf8
03d9bde5
f4f90805
020f0e0c
0dfee609
2d16eeff
fa04fc11
0006081b
26090505
03fa21c3
fcd60113
eaf122fa
0afd0b22
15f2f4f9
fc021817
eaf70f0b
19f1dfd9
060ed3ea
f9fa02f7
fe2c2cfd
0ffdfaf8
eef1f509
04012517
1d0d0ef0
060712e9
00ebe5ea
0b03021c
ffe2e6ef
f7fcfbff
c70f08f9
0cfef5f8
f8170ea4
b3f2d9f6
0320def3
00f5ff07
08fdadf8
fd040200
03000ae0
0702fdfe
fef2010b
e80100fd
f900000b
06030202
000506f6
03020201
7f00fb00
020301fc
81010001
fef6fefe
0201e701
03010001
fffe03ff
fd040101
04fe05ff
e9faff00
fcfcfbf7
100000f2
0200ff01
e7fc0102
00fdfffe
f9000002
ff00fdee
f20afdfa
0201fe08
fe0200f9
ff0100ff
fafb00ff
ff00f9fd
f40a01ff
fb0600ff
0aff0004
040afbf9
fb0104f0
fa0201f2
06020102
fe010502
cd0c05fd
0000faf1
d7eef6f4
0116ff1b
2207fff0
e3fe03f4
e0f50306
ff0411fd
100801fe
fcff100b
fefb0214
02fcfdf7
10ff04fa
110008fc
f9010101
0200fe09
0efe0000
00ffe506
d010ffe8
001cfd19
0a000007
fb010401
f2f90000
fef91009
170d0103
0904e6fe
fe0603f2
f9f502d4
f50202e7
eb01020d
ed080101
fffeebeb
0600ff00
02fcf006
270201ef
fefdfce9
1003010c
f2010119
0bf3ff00
fefefbf6
e6ed00fc
fd02fceb
0b0ffb00
02f204f0
1206001d
0bff0716
0bf60002
0207fbfa
1b0f00fd
0307ff1b
e714ffd9
fd1d0401
fa07fe0e
fc0101e9
200b0001
fe05200f
0c0100fe
0003e30e
dcf3000d
ff0900c5
14fe02ec
090000ef
db070001
0104fa1b
091000f8
fdfa3614
e704ff05
03fe07ca
06050011
ef0009ff
19f50001
ff01041b
f4fbfe01
01fa00ff
0f1101f8
001503fc
e400fdf9
09fffeee
2b14fefe
01fefeec
f90700fe
0502f7fa
c4010307
faf9fcd2
29fc01f7
1f000712
09f80100
00fcfcef
cb0602f5
040219ed
0a010004
fc1505fa
f903fff8
fa000000
15000202
ff093006
09fe02fe
fffe030c
f00503f6
000b00f5
0501020c
07020108
fafd0203
feff1c03
0afdfffd
05f5e7e9
ec1200f2
fd04ff18
fb04041d
f60403fe
e2fcff00
fa07120f
1a0b03fc
00fed30d
fe02fcf6
ff0a0202
ceff0308
eb02fefe
f3080303
fefceded
eb080102
01fb54e7
1203fe20
0002fbe6
ecfc050d
f402fefa
31020002
fffbfd06
21f700f7
07091ef5
ea1a01ef
fc000315
e201ff06
f5000102
000700fe
000325f8
0d03fb02
0504f102
08fef903
fd0ff9d0
dd03fdef
f8fefe0a
210dfaf9
02fe0cfb
0304feff
ff05e304
ee05fee8
0102ffec
0803fd10
12feff01
e0fbfdfc
01010df0
02fa7f02
00fd00ff
fd0105f8
00f90203
02ff10fd
01120709
0b037f7f
eefeff03
f3f9ff04
05fef001
fdfdfbe5
fdfafef3
f703fb0a
dd00fdfa
01f3fefd
fef7fff9
f5f9fd00
02fe1af2
e807fe05
ff0401fe
ea03faf2
f9fe0005
f4fefdfb
0208f900
1bf902ff
07001b05
e20a01f0
fa010629
c603faee
f8fdfce0
0e020200
03f9fc19
041201f3
050af804
09090021
fdfd0aee
1706fef7
1e0002eb
d70201ff
ff09f20b
0cf8fe08
03051108
e00afbea
ff0b050e
f702ff0e
cd0200f7
0807fefd
fd0212f3
070d0bfe
0603f8fc
03f5fd19
fcfb01f3
10fff40c
0ff50004
f9030a0a
0b00f905
11eefe06
fd060a06
03fb00f0
050e0603
ee00f90b
f2fbfdfa
06fbfdfc
05fc01fb
ea040205
00ef1719
07fa0004
010d09ea
0806fcf6
030001fc
07150301
ff0205f7
0b0607fa
160a02fd
00f90103
ec0905fe
fcfc01fd
03ff0501
03050507
0206f506
fb130309
00f9070a
fcfe00f7
0109011f
ed03fc02
eefd00f5
12040302
03fdfe19
eafaff01
07feed10
fe04fb01
fb0c00e9
0908fafb
edfcff05
1400fffe
030910f9
ec0102fa
020518ef
ed0d0108
fe120cff
0efffb0b
07fe0100
07090301
020df402
e8f80205
0a00f704
04fb03f2
f9f70817
fffcfc04
18fe03f9
10080201
011a03f3
e1fc0104
01ff0409
01f6fd07
ff020af8
f9fffcff
efff02fe
faf90201
01130af2
01c5ffd0
fd0505f3
0538f881
03ec81fa
f0fdffff
1902fc1f
0808fffd
fe8101fe
200efe16
ff06e6ff
f9f90311
02081902
0200fd0e
f50003fd
01fcfefd
ff13ec02
d9fafdfb
01fb2b19
cf12fae6
0003051b
f702f2fe
fbfb06ff
fdf8fef9
03f10301
050801fa
0108f70b
ec0d0003
ff05fc15
f0fa03f6
020208fa
05100000
ff03f607
f510fefc
00fbef0f
19e4fc34
02e4f1e5
2b06040d
1901f8fb
0210fdfe
ff010ffa
08030105
01f202fb
f3ed031e
fe0bfe08
10f50008
19fcfdf6
f2f80000
0602f10a
f4050005
fffff7f7
ff0eeddc
02120317
faeffcf8
f3fefe00
f4fe00ff
0109ff05
fdf8010a
00090a02
fffde7ef
000103fb
ecf8fbf7
0cfc0003
080a0100
05fc0bf0
f6f1fff3
040302f7
0704de0b
00ee06fd
f27f00ef
0f00040e
0506ff00
01fc03ff
161302fd
0000f70b
f11713f0
ff0a0402
0c01fbfd
efff0500
f70b0301
0001f4fa
0213fe05
0103fb14
f5ff090f
ff00fc14
1101fe03
01ff02f9
0af8fefd
0201050b
060801ff
08042af0
1d01fdf5
fbee0115
1807fa03
08fe031e
e30901fe
02fd01fe
0f15fe02
fbfc080c
030cff03
03060104
0dff02fa
f900060f
0305fdfc
0204e700
2502ff01
fcfe1e0d
150201f3
0408021c
2209fef4
04fdfef4
d3f9fefe
03fa01f0
270f0200
fb03d9fa
0e00fcfd
04f202f0
0afdfdf6
09fa01fd
ea060101
080204fa
0f02fefc
fef80813
1c0303f6
0107031a
fefbfe08
fffd02fb
f106fefe
05fcf801
0efeffff
fd00f60d
07f70205
020703dc
22fb010d
0ffe0002
eff0feff
03fbe004
35ecfffe
fdf5b8fa
fe14fceb
01080923
edfffe1c
0901fffc
18fffffd
fff7e101
14130305
fef91102
c7fffe09
01ecfdd8
43ff00dd
00fdfdf1
a4f40202
04fca435
f3f90001
fb10fe1a
06f4fe0a
041afeb2
c7feffe1
2aff0006
effd00ff
02fc6403
f10ffe09
fff9130d
f91b0705
00f8fd11
03fcfe0f
42fd02f1
15ffff00
04131b0a
e701000a
ffff0fb5
fe1c0215
ff18efff
36fdfbfd
0ffd020e
c7fc0100
04fe21eb
e703fdfe
fe1d9600
6dfe02e1
02030966
22fcffd4
e4000208
45f1fdfc
000634f1
d7fe00fc
0301e80a
b3fbfe1e
fcd6f90b
e5fcfdff
10fe0508
0a190000
02ff33f2
131500fd
000649fb
f20c01f6
0006f933
d4fefe08
65ff0926
d5f100ff
0201efee
08f9ff06
02ff0212
eb1affe1
fe0cfa10
02030006
f101fa02
4bf9fffe
ffffdcde
2115ff04
fc133336
450c00e6
04f2029e
0ffcfac7
02fbf707
dde0fffd
05f9f7b5
15e8ff01
fc0a3f09
93e702e9
03e4fb0d
f8fdfe04
fdfc001c
e21cfeff
060703f8
ee0001ff
ff0f1121
57e3fdfd
0302fb36
0f01ffe9
ccfcf928
dfce0001
0407ee4c
d3f50005
ff0adc06
301503f4
00e301dd
05fdfc12
fafd043b
040800ff
0402d81b
ff000000
00000000
00000100
01010001
00000000
01000000
ff000000
00000000
16ef00fa
030326d8
efeb00f7
fff5faee
de00fcd9
1cfdff00
28f70000
02001a05
ece6fffa
feaafd04
e3f102e9
0331fa0e
ecff011b
18fffdd7
ef1ffeff
0201e8f4
9a31ff09
fce1fed8
0d03feff
063f02e6
adfffde3
d4fffdee
183bfffe
0006f705
18f50207
fe27ee0c
2207fe0c
03e0060b
f700fbfd
f0fcffe4
ef050100
040207f7
04810002
fc0aee03
f21a03dc
03d50214
f5fefe42
fefc01fe
e5ed0000
060beeff
cfbc0104
fe06e1ff
3203fbc2
031c09f0
cd0300d9
16fefce6
e3150000
0201f40d
c52f0000
fa18ed07
06e8fed5
05eafdec
fcfa0181
e8fef7ba
fa2cff00
03fb05e9
00ff0000
fe000000
ff0000ff
02000000
0000ff00
00ff0000
fe000000
01ff0000
c61200ff
001010e7
f80205fc
ff0304eb
39fbfe0c
1d0006d9
e7d70100
01f010fd
15070003
fe1617f0
260300db
02f5fe1b
ee00ff04
0200fcf4
04000001
000b03fe
342bfb06
fd00fa10
422f0700
ffd60b22
daf9fc27
310204d3
1213fefb
fe00190b
6401ff03
fbf8e7ed
190408f5
03b8030e
19fb0003
0dfe02d6
090dff00
0407021a
00000000
01000000
00000000
000000ff
02000000
ff00ff00
00000000
00000000
121efffc
f7f4241a
76f2020f
072700f7
eaf906e6
f601fb53
c3deff00
0101f928
f5210201
fe0c1721
3f00041f
007005e0
f4fb03f2
15000253
ffff0203
02f52310
ea15fe00
fd2fe40f
e4f80033
027fff03
19f30026
1afefc4a
f54dfdff
03fc06eb
00000000
01000000
00000000
ff000000
00000100
00010000
00000000
ff000000
e8eb0002
fbffafff
93fd0322
041b0203
38f8fe47
edfcfe38
f64e0001
05fbf0f8
d10d00fe
fed6da01
e2f9030b
020a01f9
f0fcfe1a
1ffe0334
ef1a0001
02f22014
00000000
00000000
00010000
00000000
00000000
01000000
00000000
00000000
020601fe
fbd7fffe
1b0500e0
040c03f2
ccfafec5
fdfefc52
17cd0102
01020d14
3129fefc
fdf511e5
fb1f01d4
0009fdec
f1fffed3
23fd021e
03d4feff
04020607
37f4fefc
04fef8fa
f4fe0104
fd0b01f8
bafaffd7
2dfdfc01
30d5fdff
0403f2ef
13f6ff01
fe06dcfd
ce0703fc
010c0410
ebfd01df
30ff01e6
04ebff00
02ff17fb
01000000
ff000000
00000000
01000000
00ff0000
00000000
00000000
00000000
02ddfd01
fa00f2fa
e0fb0324
05d7020c
00f90104
f5fefee2
f4f0fdfe
04faedfa
09f101fc
02f8fe05
1f00fd11
ff04f5eb
06ffff0b
0d0000ed
fff80102
00f80c01
d4df00fd
fcf818fc
17f2fe25
02f402e4
2af90207
e9fe02f6
f4040003
03f91201
fbf401fb
fa02061a
04f4020e
05f2fe1e
03ffff2e
fbfefd21
dff30103
02000103
f4f5ff00
fef90c03
11f5fd22
020a0001
16ffff18
f2fefd12
0e01fe00
02011a08
f2fc00ff
fefe0b09
2109041b
010d020a
f4fbfe14
fefd030d
15090001
04fffcf4
ffeefefd
020502fb
fdfb011b
ff19fe08
e3fc000f
06ff0103
140dfeff
010701fd
14e6fd01
0006f006
12f00015
0125fe05
dafc0118
39feffed
30fffdff
0303f7f9
0df1fcfb
fa0bf5ff
f2ff052a
04220105
12f6021b
1effffe9
1902fcfe
020206f6
00000000
ff000000
00000000
01000001
00000000
00000000
00000000
00000000
d0f901fa
fd01fcee
e7f7fd0d
0405f6ed
f8fe0312
04fffdeb
09f70002
02040b00
ededfeff
000403f7
fdfd031c
00fcfdfe
0cf90012
03fffdf1
11fbffff
02fbfbfb
eff602fe
f800fe07
0afa010e
06ee00fa
f5fa0301
fafdfdea
ebff0204
05f9fcfe
00000000
000000ff
00000000
00000000
01000000
ff00ff00
01000000
00000000
00000000
0000ff00
00000000
00000000
ff000000
00000100
00000000
00000000
e7f800ff
f8fd08f9
17fcfef6
07f100fe
e5fc00f0
dcfdf8ef
c9fb0001
05fc010c
02ef02fe
fb00fcf5
06c6f608
08e9f5ef
350404f6
effef4fb
e412fe04
01fc0b04
d7e80000
fcfb10fe
15f1fcff
04e803f5
f8fa0200
effefbfd
00f30002
0300f505
ec09fe02
f9f0fa07
0801fffc
06ee0eff
05fefefb
f6fd00f3
14f1feff
03f00e08
00000000
00000000
00000001
00000000
0000ff00
00ff0000
00000000
01000000
ef0c02fb
fef51503
22fdfceb
01e70517
12fe00ed
00fcfcff
e0010205
05f9f504
ed3501fb
fff8f910
ea22f809
01d4fbfd
b2fefd14
0afd000d
eb0f0102
0208e402
dd0303fa
fe06f5ee
f900fee2
00080714
22fc0003
fdfe00f9
d3f50205
0201fd10
00000000
00000000
00000000
00000000
01000000
00000000
01000000
00000000
00000000
ff000000
00000000
01000000
00000000
00000000
00000000
00000000
00000000
01000100
01000000
ff000000
00000000
0000ff00
01000000
00000000
0d3800ff
00f52406
1ff9fef5
01fdff0c
eefefe05
11ff0001
25090002
0105f600
092cfbfa
fffd23f5
0cf6fdea
02e3fdfd
3a01fe07
f5000013
0814fcfd
fefb0903
070bfbfb
f9fcf601
06f503e6
06fb0607
19fa04fe
1dfffffd
f803fbfe
0202ff05
232900fc
fe04e402
f7fa00f2
01f60100
05fc040e
07000109
f5080003
0205f7fc
e30200fb
fff722f3
e806fdef
01f503fd
44fcfd03
1dfe0611
1f110202
02fb04fb
e322fdfe
fcf5f5ff
f81b06ed
00ff0f08
06f901f8
3a0007ef
09fa0000
02f61402
01ff0001
fd05c604
dde701e5
03110713
05fe01ef
11ff000b
110a0102
020501fb
e3f9ff06
01fdebfd
d1effc08
010505b5
defe001f
0000011a
1cf40000
ff0b10f2
03fdfffb
f90aeaf5
e7e900fd
0718000a
03000310
13fefb00
fefefe01
020a0105
fa2701fd
fefedeea
fc03f721
01f80401
e1ff0010
f5fefc0d
f2ee0103
01f900f1
f0fcfefb
faf8fd0a
33f701f6
03ec002b
1ffd0403
36fffef6
cd12fe02
0208fafe
24fd01f9
f909fe27
ffeb00f8
0613020c
05fe04e8
08ff00f8
d00c0102
0202fbfb
fafbfbfb
f4fff3f6
fafe0200
09fff9fc
c1f80011
2100ff03
e6f3fdfc
010aeb07
07f6fefa
fa0327f3
0505050f
04f9f7f9
f7faff13
f6fe0609
22f800ff
0307ee02
edf4fefc
f7f50beb
f505020e
06020d07
04fb03ce
f10002e2
03170000
01f8f605
e5f4fffc
fe03fd05
090002fc
011707fb
ddfd0114
f40000f9
17f601ff
0002f107
fcfb0004
ff02f40a
e7f5fdfb
02faf5fe
10fb0214
ff010600
210c0102
ff13f700
0ff201fc
fa03e207
e8f701f9
04010212
f4fc03f8
eaff0006
f5030202
0303f604
0e4c000d
fcf3fbff
030802fe
040bfa00
04ff00e3
10000006
fa090001
000210fa
00f00001
fafc09f7
fb000405
040b03fe
dbfb0106
02ff0401
0dfb0102
0201ed03
01000000
00000000
00000000
00000000
00000000
00000000
00000000
00000000
080501ff
00fd190d
ee02fefc
01f3f428
e902010e
14fdfc09
fa120002
0309ed02
ffecfffe
0109f60c
05fc03fe
ff0b070e
f2fd02f4
fa000201
ec0d0000
0100f5f7
c5d40004
fefd110c
cc0001fa
00fc00ff
21fc01f8
02000407
17f20101
0104fe09
050b0104
fefb0608
0c070010
010407e6
f40003fe
ea0100ff
1efd0201
00ef14fe
e40efb01
feec27f4
0524010d
0128fff4
4e03faf6
ea0205fb
6006fff8
fcf2270a
e8f4fe09
fff6dc06
fe0e05f3
001e04fd
15fcfef0
fa0005fd
0f0000ff
000319fa
c801fe01
01092b0a
130901fe
01f4f7fe
fd00feff
0a00000a
fc0b00fe
0009fcf7
0402ff01
fe03ed0a
0af70003
01f90505
1dfe03f9
f902ff02
f2070000
ff02eb04
020a0003
00ffd4f9
ff0eff15
000308ec
d3fc0007
dbfe010c
f4fe0100
0200fdf3
14ec00ff
ff02e5fc
e510fefd
010504ea
f7ff020f
e900010c
07fe0000
01010012
270efd09
ff0114f4
13ee01f6
01f9f614
19fafc17
17000602
271a00fe
fff8090c
2a12ff04
fefa01f1
010dfd02
01fdfbf2
14fe01f8
00010113
f7f70000
fefc17f8
06e60002
f806fe18
fef301fb
060305eb
eefb0601
f6000415
eff60001
02010d0a
e3ecff04
ff05fbef
cbdefa0c
05fc04f7
e801fa1b
2efefb0b
f9f0fffd
fff80e0f
fbfd0001
fd02f100
19f9ff02
0313fd0c
ddfd00f6
13fd02fa
06f20101
04fef90c
e7fefe09
fcfafef6
ffe302f9
050cf212
29fd02f2
1500fdf6
fff4ff01
00111711
f8f2ff02
fffd1c10
f5fa0202
000d05fd
0cfe02ef
010002f6
f3080100
02fdff01
decd00fc
fbfb14f6
fe0f0029
021217de
09fafffc
e7ff05fa
13fb02ff
02e519fb
f0e1fff8
00021a00
0c04011e
000700f7
d0ffff0a
e402030a
08f900fd
fff2e8f5
fdf7ff03
fcfe01eb
e00b040b
02edfddb
01fb02fc
f8010311
12ff0101
00001004
1815ff03
fcf9e9f2
03eefe13
02ee0d07
c30005fe
0bffff12
e5ebff01
02f70fef
0a0a01fb
fdf1d1f5
0ffc000d
01df0603
050107ed
1700fcf8
9bf90002
01f615f6
23d50202
f801cd07
2cda05da
060c0801
08fa08f4
34fd00e9
e0f80205
07f8f0fb
cff2fd01
fe001b0e
ee1309f4
ff02fb02
f0fa01fc
030005ff
3ffe00fd
03000e01
e8faff01
fbfdf403
1df90107
040502f6
f5fe06eb
e800000a
f909ff01
0305f3fe
09f6ff07
ff04f9e5
fbef05fc
01110101
c8fc01f1
ecff0302
23060000
03fbfe05
fd05fefd
fa010edc
fc2f0408
01ed0b03
edf501f7
e100070c
080201ff
0300effa
081c00fe
010421fe
0efd0312
0000fbfa
d5fe00f3
edfffe0d
0f010000
01fae0f7
dc08fdfc
f8f811ed
e2240308
05f0fefe
38fd0102
dc02ff14
f60cfffd
fefffc07
ea02fb0f
fdf712f0
f302ff2e
04040dee
dafffa16
07020124
65dffef8
fcf9230c
fff6fe02
fa07141b
2716ff03
05300115
20fefef6
f2fe04f4
291200fe
03f1eef9
cde1fefc
ff1305f8
f9efffff
060fe72b
cc01fcfe
f500fb17
e6fffffe
ff250113
221101fb
00f4fe16
d50dff00
0000051d
0fff01f9
e0000006
0b0e0001
0001defe
43fb0109
fdffec10
3bf104ee
0213fa00
98f7050d
3fff01ee
1b070204
05feeef4
fbed0102
01f52e06
c10e020e
fefa0723
35f903ed
0200fff6
05100202
01fcf0fd
05fd01fe
fdfef3fc
121905ef
ff06f5dd
4bfe02f8
1aff02f3
d60f0203
03fa2904
13f600fc
ff02f7f7
eef900fc
ff12fc1a
3bfe02e9
f20002ee
e8fd0002
0101ec05
0ff40100
fef9c40e
04fe01fb
00f8fe08
01fa0503
fdfefe14
27050004
0402f402
d0fbfb06
fdf5010a
1b18040c
01130516
e4fafc09
f404080b
1ee400fa
fbff0507
74d305f3
fc08b334
fad1fd05
010b0223
28fe07cc
08fd0012
9b070407
0605ea0d
01fb01f9
0114ff0e
06f406f7
fffff50b
f9fa0113
18fe0304
0ffc0103
03020607
2720ff00
01f9e5eb
24100105
fff9fcee
e5000103
9ffffd0c
f4180000
03030ce7
1f0500f9
fc1010fc
f72507f0
00fbf711
34fb01f7
dffe06f8
c5150101
050dfdfe
3aff00fe
f9010b1a
18fc0003
05f003fe
f8f90410
9efd001e
07060002
05fd06f1
e91bfdfe
fd0021f0
0601ffed
06e0fb01
0e0100f2
b203fa01
1bf6fefd
fc0e13ee
040600f8
f508f7f0
052b0c00
01e90226
0ef706f5
11ff0af8
b8f30304
0503c8f9
13d301f9
02fcefcf
16f007e3
fdfbfd16
360002e3
e40105f6
b10a0103
001202f8
fafe00fd
fcfd0109
00010406
02e5031d
d5f90509
f601020c
43010102
0105ddfb
2b100104
fd08c0fc
edeafff7
03f907e7
06010503
ed01fefa
31020102
ff0102f4
e7fd0004
fb0bfa11
21fbffe8
04080710
ecff0301
1aff010a
db060001
03fe1e16
15ed0302
06faf3f7
f30200e7
fafb0208
f4fffef7
15fe0609
d2f50403
03f9f70a
02060200
1b02fd01
fc01fefc
e702ff04
01fa0102
00007ffe
0202fe04
02ff03fd
09f703fd
fcfdf2fb
f70505fc
01faf920
07fb02fc
f5ff08ee
17fa0305
0400faff
0e1102fd
08fd1815
07f4ff23
f9e400f7
15fefa00
0900fb00
faf90402
fefdf0ec
1be506fe
f80334fd
1beb000b
0603fb15
08fd03eb
d4ff01f3
02ea0608
03fe0701
f20403fa
f904e912
fdf10317
030100f9
27ff02f6
0dff0104
d6f40305
03fc0906
f4fe0104
f6012117
22070606
0800fe16
0c010000
0602020c
08f40300
fffbef05
09fb04fd
faff110c
2602fefc
04e8f8f0
0e0002f8
fa01030a
1a080405
00fbf606
05050301
fcfbfff5
01fafe0b
03fafc09
fefb010d
020006fb
0bfb0304
0001fafe
e40202f5
fff3371f
31ffff12
01fdfae6
060403f2
0f02020c
ec0c0203
ff05000d
f2060100
fefd130c
0dfa0006
01ff0010
ebfe03fb
fe0001f0
08f60101
0103fe08
2d0401fd
000ef603
f302ff0c
ff0408db
0a010101
040101fe
100f0101
00010712
f7e70101
fdfebd0f
2705ff0a
01ef06e2
ffff02fe
f2010802
2c0e0101
ff000cfb
0a0c0000
fa010df1
14fd030b
0212fe21
effe030d
15000005
08fe0002
01fd0bee
e4f4ff01
010611fe
f1fcfff5
0003fe09
100100ee
d3010413
01ec0000
fefbeaf7
fff90000
fefa12fd
1c0801f4
01f6fd03
e5ff0109
f9000305
f9f00001
0000ff05
0ef9ff01
fe022c01
fa0607e2
00fb05ff
dffe0207
14010205
eef0ff00
00030bf4
11060002
fc0a06f5
020a05fe
03efffec
f1020214
f40001f0
fd000001
01041005
06f904fd
fbfef500
fcfd000a
00f6fa17
060106e4
ff0204f0
0afb0407
ff04ee09
effe00ff
0007d2e9
140703f4
00f502f0
01ff03e4
f7020302
f5190101
fef4e3d6
0c0603ff
fffc7fd0
12f6fb1f
00fbfd07
dbfe060d
090100ed
43f90205
0102041b
0f0600fa
01fdf6ff
e2f5fc24
ff190602
2e020416
0b00050a
c8feff02
010ff108
f7fdfe03
fff716ff
f40a03f8
fe0200ff
f6fc05f8
f20405f4
1502feff
fcfcfdfd
fc0afa00
0801b40f
f51700dd
f80c03ea
fe050723
f60702e6
12eefafc
f70524ff
f9fa1202
00ff01fe
000302f7
00faff01
030281ff
f881fcff
03fa1111
7ffd02ff
0110fbfa
00080706
100a08fc
ff01fc08
f2ff07ef
e70403fe
f9f5fcfc
fd01e103
f605faff
010aeffd
e50402ed
fe00f81c
cd0104f3
06060117
02f6fbfa
fa0afb13
0408fefc
0206ce09
f70101ff
fdf5fe05
0b0203ef
130100f3
fa06fefe
ff010002
1d01fe0b
01fff700
f2f80005
fff20ce2
e4010105
d80202f7
0dfaffff
fd0af6f3
fb0efc01
07e424f2
bd0a05f2
fa09f609
2b040418
2e06fe02
f307fdfd
f8030d04
1001f106
0bfdfd02
0c08fefa
f6070109
f1050308
f708fcff
ec02f3f1
f50217fb
fc05fefd
fbfceffb
fff50917
03fdf2f5
0eff0f13
df0905fb
00f9fe00
f9fdf602
02edfc0c
040b110f
1d05ffea
fdf603f6
d804ff0d
d5030004
03fffdfb
fcfb1cf8
13fdfe0a
0b010e02
0bff02f1
f60a0402
0b0201ff
0a0602fd
02ff00fe
f8020203
01f6fd01
03080607
06fe0309
fc0bfd01
1cfc061c
09020005
e9fcfdfd
fef4ef0b
ed1100fe
fe0111fb
0dfcfc10
020504ef
ed020606
0804fded
f1f70000
fc03ed01
161aff0d
03fabe0d
18e7fff8
ffef09fa
c8050509
de02f7fd
ede8fe00
fe0619e0
cce3fd15
fcf50f15
e80909ea
040502fa
270604f0
2b0410fe
e705feff
fc2314ff
1df0fd11
090c26e9
f6f005f6
f90e00e3
dd04ff1c
d105fd0c
00f0fdfb
f8fef808
05fb0081
020af9f9
077ffeff
00fe3d10
0efa01e4
1302fc17
0d02fffe
fe46f909
11150015
0403faf8
e7f102fa
fcf1f909
de07020a
fd04fef8
07060000
faf1eaf0
071300fb
00040312
0bffff00
010afc04
ef000402
ec04fdf8
e1000000
fc0bff02
dbf20003
fefc0308
f4f90727
ff0600f9
10fb0600
1c0504fd
13fd0100
fd000afd
f9fd00fa
0305e6ed
22f7fd11
fdf9f8f2
080202f2
0a00fefd
f20e0000
01ff01f5
1300fe03
02031005
f30b09fb
fe0207f7
e706050d
f00701ec
eb02fefd
f801fd05
15050101
03f21006
f7051508
fcfbfe09
0df30817
0b0703f8
fd010101
f90104fd
f90b02fb
0104df00
05f10318
00f4f713
13ec0405
0102f500
f0f90101
fffefa07
f8f6ff05
010400fc
0efb81e1
00f30afc
f4de02e8
0603fb0e
f8fffefd
fcfd0404
060cfbfe
00f80a0c
f807040c
00010005
f214ff08
ff0002e8
0707fcfb
00fe07f6
130aff03
0101f30b
05f60316
00020018
0b0a070d
f90601f5
04f9ffff
fa030900
120df901
01020420
f00c05f4
fe1102ee
f8000201
01040be9
ec03faf8
fc050902
f104fefa
00ff2600
15060625
fff4f901
1b0203fb
1104fefe
0908fffc
fd03ff06
2ef1feff
01025e04
f0fd00ef
0006031e
22060306
e704fd00
f5f9fefe
fa0829f9
0c04fcff
03ffdf03
f6ef0417
fe01f90b
1c04050d
0903f7fa
fc03fcfc
fd02fa02
0cedfb07
0304e608
f000040b
ff190410
fc040610
0308f8fd
2803fcfa
f609fdf7
f7080204
06f402ef
13f7fc0a
fcfd07f6
1b050439
1504f8e5
1cf50101
fbfb08ff
200bfeec
03f7cafd
2e05fc02
feff0319
8d04fb26
060200ec
e103fffb
fbf1fde3
44fa0005
00ef6517
3010fe18
00120700
22020302
cc02ff18
fe01ffff
fef9dce3
441afefb
07fb81f9
d0f2fdea
fbfd01e1
3b000550
fd04fbc4
ffe5fefd
fbfd813d
dcecff07
05f506f2
da15fc27
fef5feca
bb03fdf3
fd02fefc
cbf400fd
fb012810
1e08fd05
fded502c
d8f7ff08
0221fbd7
00020416
0d04fded
fefffefc
fdfd101b
d4fafff9
02f7e6d0
070dff0f
fd2706ee
2603fd0f
1e0001fe
0301fffd
ff00b800
d70e0005
01fc05fd
5b09fc04
0115f939
0305fde1
b402ffeb
4f0601fe
fcfd61fb
0001fdfd
04fecef2
0cf3ff2c
fdfe0110
3a0105fe
1d0503ed
e70bfdfd
fb030c16
321d01fc
fbf8eafe
81f5fd27
031b087f
ec040321
f903060a
f0ff0200
fceb2afb
180900ff
0604a4ee
2010fcfc
fc02fd20
19060308
f003f9f8
fcedffff
fc05dddd
4716fc03
fdfa2329
cd170109
02fefcbe
0d010112
1106fded
00f7fefb
f8fc0d81
1b09fe07
02fd3005
a4f901f8
fff7fb08
0403ff11
fe00ff05
eef4fffe
000c1de0
1917fe03
03eb1b7f
48fefe0f
fe2cfd25
59030227
e304f9fc
9c81fefd
fbff2702
c4f7000a
0306d715
f40eff0a
fff9fef0
f505fb27
f3010025
0ef501fe
fdfdf510
0f17fe07
ff7f02d6
58f800f6
02a9fdfc
e608018f
0b03fd65
4820fefc
fcffe924
3ee201f9
ff1618fd
f5eafffd
02cbf811
040800eb
23020020
fbde01ff
fe0500ff
fcecfcfb
00c406f9
e6f802e8
0027fb14
ee04010d
2b02ff07
fb10fcfa
fe00e702
c172fd06
00dbf8ed
28e7fefc
014efdff
d4060199
f903fcfc
ef40fdfb
fd020a17
2922fd07
0305fa05
03ff012e
fffaff09
1008fd1b
12000000
eef8fdfa
ff0406ff
1f83fd07
02ec03fd
fc1904f4
ff040109
0607ff74
1002001e
08ebfdfa
fd05fe10
d183fe08
04e903f5
3b1300b4
fe3300f4
de070003
ea02fc1a
1826fefc
fc031d1b
0741ffff
0207da13
ea1601e1
fc0804e1
be06fff3
e60100ed
0b0b00fc
fee73101
e82100ff
020bf01d
cef1ff09
ffd4f9d7
1b0500e3
fefffbd2
f6f800ff
00fee2db
eb2afd05
00050c33
e40ffd14
01eff9e9
e205fffb
040400ee
00e9fdfa
fafeede4
cbfdfe09
ff1d29ed
ee05fcd7
0307fd10
cd0700dd
f604fbdf
10fefefb
fbfdfede
01000000
00000000
ff000000
00010000
00000000
01000000
ff000000
00000000
2dedfe07
0106efd7
db0c03cc
008cfe1a
160700ff
0504fe81
2410fffc
fb05fef4
00000000
01000100
00000000
ff000000
ffff0000
00000000
00000000
00000000
1e0fff00
05ef3d04
58f8fff2
fdd800f6
f302fde0
ec0203eb
29c600fd
fc030221
0000ff00
ff000000
0000ffff
01000000
01000100
00010000
00000000
ff000000
2a2900fe
02212009
3cf3feff
002ef607
170601ee
0601fe00
f210ffff
ff0506ff
fe12feff
fe350002
ecfaff13
0331f709
41050121
080200f2
eb3bfefd
fd0201f0
05eafd02
0329d2fd
bcdf0319
001df71e
60020330
fc03fffc
ec5dfcfc
fdfddffd
d50b000a
001334e6
100c0204
010beeec
f904ff52
1201fe0d
f33400fe
ff09f40a
df060106
fef8ef04
03fd01f3
020d00fe
1504011e
dd03fb38
dd3501ff
fcfdff0e
00000000
00000000
000000ff
00000000
00ff0000
0000ff00
00000000
ff000100
07010201
06eff7fe
14fefdf2
fd1606ed
de06fcf5
e300f950
28f80101
fd020805
200c00ff
03f4fa06
0afe00dd
ff1ffff6
f704ffdd
1201ff35
13f700ff
fe0608fd
390e00fb
0206fb07
ef0903ea
ff12fd15
cf0000e0
1101001e
17f900ff
fe06e9f2
eac9ff03
06fe2501
050500f0
fdfff8ea
0604fbfd
4800fc07
2feefffe
fe16ede9
1ef0ff04
0401e7f0
ebd5fc0d
02f4f6ef
fe07fffc
1903f909
3bf0fefe
faf80bf4
0ef30004
0202f7eb
d70403fd
00e7fd03
d10100f8
0102fdfe
1ff400ff
fe00e4f4
01fc0001
00fffe00
fdff01ff
00fa0000
fd0000fd
fd010002
fdff0000
fffffd00
e9f80003
02ef00fe
cf110505
fddc020d
f903fdf9
f6ff0316
1cf200ff
01fff10d
06f80402
02fb1203
160902f4
feebff15
dd01fef5
e300001e
07020403
00fff706
fff70004
02f609ff
0b0501fb
fff5010a
f703fff0
ec02fe23
f60100ff
fd000005
00f8fe02
03fb1000
f80dff08
ff0efffe
0104fdfb
f702ff22
1802fffc
fcff08ff
1b0a01fe
0103ecf1
0b090107
ff2502fd
d701fef7
1a00010e
daf60101
ff0b0605
1603ff01
06070afb
f0ff0019
fd1d0209
e004fd0f
0000fc18
2bf9fefe
fd04fbfd
2d1500ff
000301fa
01090315
0015fd17
f702fd02
06fffe0c
130800ff
0001f5ee
170001f7
01100f02
d4130117
ff1efff5
c9000309
2202fcf6
0e1c0000
fefbedf9
f1e9ffff
06040ffc
020c0206
fb2ffe1e
1bfffbf5
1a0005f9
390c00fe
0002f9f5
1de9fe02
0208def7
03010021
001d00f1
fd03fd19
1b0201f9
24f9fdfb
fcf610fc
fbed0002
0108eff6
ddf4fa1f
021bfee6
0806fd13
1801fcf5
07fdfffe
fdfa1300
f9dc02fd
0410f809
fdffff0d
fe1ff716
e102fffc
fa00fcf9
02ff01ff
000ce7fb
0fe804f8
040b01fa
ccf7fe14
feeef302
f4040010
d6fdf606
0c140104
020ae101
eedf010d
02fde709
efe5fe0d
0005fbee
34030103
f200f7f8
1bf70001
00111004
10ee0005
fe0718fe
fe16ff16
020a02f1
f700fefe
da02fefb
0e0700fd
fdfcf91a
0bf900f7
00020edb
2003002e
ff130a18
c802ffda
d8ff00ed
e214fffe
01d500f7
d5da01fe
01f9d8fd
01ff0015
ffe9fa03
c90000fd
f600ff09
d9e90000
000b03fa
01ff0000
ff000000
00000000
01ff0100
ff000000
00000100
00000000
00000000
fdea02fd
0103fc17
1ef7fdf3
00e0fe22
f403030c
0801f804
defe0001
fe04f2f3
fb0e0406
01ea13fa
480404f0
fcdf1103
370002f9
16ff06ef
d9f40405
03f015ef
c7f40305
04f4e9fb
0118feff
fbfe0cfc
09fefcf2
fffe0205
17e40302
02f21909
d30601fa
fff91af7
0109fc06
00e605f8
1ffdfef2
dffefffb
dffb0001
02fdfd01
ed2c010c
04ff0e0e
11f7feef
010debf8
d305fd18
08fffb0c
11ee0001
ff151a12
00000000
0000ff00
01010100
00000000
00000000
0000ff00
ff000000
00000000
f9ee0202
03f8080b
edfff9f4
fefd0b06
040600fc
ed00f907
eb0a0001
fffb0bfb
00000100
00000100
00000000
00000000
ff000000
00000000
00000101
00000000
e7da0301
02f40ff4
1405fa15
ffeb06f6
2203fff7
03fffe06
09040103
00fcf5f0
f9f00100
01fdeb04
dc0f00e9
fdf00909
170200e6
14ff00ec
ef000001
0200f417
19e9fe04
010aefe2
dce2fbf5
0219f7e6
0f03fff3
c801fa0c
55fafdfd
fffc0d17
ff000000
00000100
00000000
000000ff
ff000000
ff000100
00000000
00000100
e1e10200
01fd081c
1d0706db
fd030348
22ff01e0
1cff05f1
f2190103
04ffd4f8
edfa02f4
0309ddff
09f2fffa
fdfefe03
ec0200f9
04fffd03
d3010002
010602fb
05fffefa
00fce6f2
1b07ffe7
ff0100fe
49fffbf3
0c0105fe
f20100fe
fe000313
0fecffff
030a320f
1501ff06
fe0204ef
1b03ff05
f000000d
21fdfefe
fffaf0f8
00f300fd
02fff401
12f9fefa
ff0501f9
fc000103
f7fffd0a
0100ff02
0204f2fd
cd0b02fa
02fb04ea
f208fdfd
fefb07fd
2002fd03
05000101
2ff50202
fff811f0
fe1900ff
05fdf9f9
f90cfb06
fdf106f5
ed04fe12
edff0116
16f4ff00
00fb16f3
f90fff04
0402ecea
e713fc05
fef2f8e2
0201fa0e
f0fffd26
2ffcffff
ff0026fe
13ffff09
ff0d00fa
f2fdfbf3
020703f0
d8fdfe11
16ff0001
030fff00
00fc00ff
0c190202
fbf9baf8
b6ee01e4
050c0800
2e0002dc
cf00fef4
0b020204
00000602
f70b01fb
fe00f70d
0ef8fff8
03fa050b
1c0402f0
0d00fdfd
fc0d0003
00fef6f1
2d2201f8
ff02210f
09ebf92e
03e5f502
24040407
fa00fc09
0023ff03
ff03ebe5
1ffcfffd
00f8f605
44c2f810
04f00113
6b09fe0f
1c01fb02
e30efe00
fcf625e4
f30400fd
fbfff410
d71204f5
02f50dff
f0fc04ef
f80103f7
fdf40000
01fe090c
12f603f5
010109f1
06e0fde7
00f50023
d8030704
f5fff9fc
19190006
02f8e804
00000000
ff000000
00000000
01000000
00000000
0000ff00
00000000
00000000
2f230005
03fce4f9
1de9fdfc
ff0a01e0
04040101
0401fef0
04ffff01
feff08f8
eb2700f6
04fd29eb
ca17fcfd
fdd7f916
3803020f
a7fffe2f
0d23fe02
0013e200
e1bb01fa
fd03320a
f601fcf7
02060bd7
40000212
ef0100fa
04000101
ff0409f9
24190305
010908e9
3aff0001
00ff0b0c
bc02020d
12ffff04
d2f10104
00090305
00f801ff
fd00ca03
eaf5fff3
030505ec
19ff02f1
cd00fffb
ff020103
01fffaff
cbe7fe07
0102eafa
fd17fe00
0108f9e3
ed04fcf6
1d010003
fefafefc
fe050307
f6ff02fd
050ad605
24f5fdf0
fe160d0d
b80606f7
1300f9e7
9ff5ff04
000907ff
172702f7
06013412
8b10f907
fef6f500
1a0a0011
87fef71a
60020003
000bdb08
fe22fffc
fdea0402
0209fa14
04ed04f8
e303ff0e
0b00fcfa
2602ff00
fffcf408
16f10003
feeed204
caf2fc00
01eb121a
1e0302e7
1efe01f8
24000001
03f1fd03
fcf50108
ff131202
11d1fcf4
052809f8
e10902ed
5300f8e0
c2ffff00
fff4e20c
eff60304
fc04ddec
33eb04e6
030305e7
b7fa050a
24fffdfc
ddeb0307
02fd1c09
24f601f8
0afb06ec
ffdcf829
fef3f232
dd11fb0f
95fbf826
7ff5fd02
01000ae1
fd07f604
e8f9f103
fb2212f4
0e020f13
27ef0af6
060601f8
e8f3faf9
ffff070d
efee0200
00020708
d1f70113
00ef08fe
06ff05f8
d7ff060d
05040104
020df2ff
f2f8ff01
fef92c05
e1f406d8
0100fc40
18f804f6
f60004f2
352cff02
0200f600
f7fe0003
f904f9ee
08ef10fa
050106f8
d4fb0ad8
0a0100ef
e5f7ff05
020a0c0a
d5dc000a
fd0a1b04
03060bee
000b0d33
e4fb0703
100105f3
2cf60001
03e7fb07
37f7ff01
000dfff4
ff0b0be5
fefcfc17
e7f307fc
feff07f1
f8f30002
060304fb
653501f6
03fd2ae9
20e6f21e
03e101dc
0e08fe29
8100f423
d125ff01
fc0300cf
28e7feff
fd0ce3d7
ea110dd9
ff0b0022
0df902ea
d5000a0c
e8ec00ff
030cf30b
fad10208
f904fd1c
07d804f8
061c0808
29fd06f5
580003e6
2b010104
02e6160f
ededfd04
f90d33dc
f2fc08ed
06f9fde3
cdf70126
09000319
2a04feff
0202c6f4
051c0701
fafc3e16
25eb0404
060102ee
d6010b05
0ffff8eb
d4ff0509
05f911fd
d8ef02fc
050b2ef4
05c5fd01
fef10714
f5050207
2901fb05
21fe0102
fef4f3fd
282402f6
fd01fd04
f1220114
fcef1efd
f3ff0203
040107e8
feff0301
01d204fb
f91800fd
0207e3f3
08130500
fd1f0ef2
220005f4
e702fafb
8bf3ff01
fef801f8
81fefd08
03f3d4fc
a4eff6ca
039b02f4
1a00fee3
9901f618
baf6fcfd
fd0df616
1ef301f9
fe072204
14f205fb
0206fee9
dcfe0000
e3ff0200
d6150202
030314f5
db1902f8
03f5f1fa
1eeef03c
01f2ecbf
f803ff1d
d4fff613
44ea0103
fef427f0
c5f7fefc
00f7f5f3
210b02ea
002ff5fa
0afcff0c
060105e4
b00300fd
ff030a04
1302ff00
fd0033fd
410105fb
01f30114
e9fd04e0
2b0106f3
cb1c0001
01090bfe
fef8fffa
fd0918f5
fc050301
011bffe0
4500fe09
0d0002f4
24ea0000
ff041908
f406f803
e900f8fb
f80b07fe
11fa0306
0cf20c07
f805fbf8
d5fcf9fb
feff010d
4f31fff8
faf309ec
e411fd03
05ddff48
13fc0508
a900fc13
0d04fe02
ff08e0ff
d6fe0012
fd08ff0b
e5ff02eb
031a02f3
1a0201f6
0200fd02
e7fd00ff
0010240e
c9e80009
000acf17
bee9fef6
021dfec8
1c00010b
e9fefdfb
1ffcff02
031827fc
05f1ff0a
fafbad1e
9e0a03f4
040409c7
7fff02e0
ff0103ff
31efff00
fff40610
e1fd0603
0d0d0917
f00bfb08
f801e3f8
cd05fa0f
24fd0406
0d0c0506
001ee204
091003f4
00070eea
d6f7fa19
03dff7ca
e9020036
91fdf915
53f70105
0109f705
05190009
01040fdb
1c0cfee1
011efdd8
0e04fd1e
fb0000f4
c8ff0100
ff0029fb
22e10000
06052f16
1e0702f3
fbf7fdec
19000219
2701fd0d
e00a0001
0010eff9
05050103
fe0411f5
1e04050a
fef8050a
def706f1
12ff0af7
0aff0204
04faf1fa
05dd0203
0406cf0d
e0fb01ff
fcfcffd7
cdfc041d
f200ff0b
fef50204
0114e502
04fe01fe
fff91019
f31406e6
00e9e9eb
18fb050e
0c00020c
2a130103
0306fe19
d1fbff00
0408f607
221102ec
fef7f4fd
f901ff09
fd030406
071000fe
fc0b21f5
19df0003
ff01020e
20fe0205
0206060f
26fffffe
ccfffd0a
05fc0101
01ffdff1
f0f506f4
fc020105
fa04ff02
08130000
fa0d0203
020802fc
03fe0305
f706ff01
0100fa00
ffff00f3
fd00ffff
fe000401
00ff0009
03020004
ff06fe02
01ffff03
050bf903
05f5fdf6
f4faf803
0cfc1803
fc080602
04e50705
fcfd0cfa
0f080301
fde704ef
02ee04f9
fbf4fcfc
0d0306fa
f80aec02
020f01f3
03fef903
17190800
130dfe05
ffe007ef
04fc02eb
f9eceafa
f3ed0802
fe070306
f8ff03fc
ee310002
faeb30c0
02100be0
f818fdf2
f5d5f903
fff40802
031a10e8
fdfcd609
07df0407
cce00727
18f108f0
fcfeff18
eee13ae8
0c0e0b04
041c02e2
04ff3c11
f91afe04
09410c08
f61a0506
041af0d3
0c2113f0
02bd5cfe
061704ed
0900c907
575804ff
ea0c0d0b
ef0afcec
f9e30af7
0403bc07
0e2fa402
05fd06d4
f5fef2ed
fac0fd01
fef6fa15
0af90ada
0f07f936
00197d0a
f0e31306
0314061d
fbfb2b00
09fdffff
40ef42e9
0b03fefa
fdf1fbea
f0f0d903
0d023c02
0aef0c12
fcfbeffe
e322f302
f9fa4ce7
e6430405
0ef4ff07
e6d0e306
04363602
06e10906
0bfd0800
313a0bfe
a23ac102
f72905fa
0541eefb
26dc0b01
1306fa01
fd37030a
fefe0a07
b290ff04
2ef50d28
ff8203f0
ed0e0b0a
f60aa1fa
fb051802
02090328
f6fcf9f6
ef2cfdfe
e405e34e
01effe04
f836f8f8
dbe3fef2
f6f6e600
0310fff9
010308f8
44bdfdf5
142913f8
0f0b0809
fadcf9f8
fff224ee
f8c5c603
09ff060b
f6f918f9
c9130302
1d0d2702
0446fdf4
eccb04f4
03f1f8f7
001ec2fd
fd01051c
fcfe1a02
ebd6fbff
0b0710f2
031a03fd
00f1ff03
05f10d00
0a160001
ff060002
06fffd03
08f50100
1b0f1e19
f9ee09f0
fe0bf70d
f8fb2402
ebfcff02
0300f8fb
02fd00fc
0e1203fa
f4e3ec01
0903fff4
0afbf8ea
06ea0d09
1006f8ff
001204ec
000006fe
efdb0101
ceedfae8
ffe804fc
01ff0aee
01fadffd
ed002002
060a0228
f901fff9
fffdfffe
090aed04
fc040800
0af8fd13
fcdd0efe
10f1fe04
fef703f3
fdfffc04
f4f801fc
070ae6ec
f9f6f905
fffd08f3
0907fa01
ff05fc01
00ec0416
fafefe02
f9fafafc
290f03fb
03fb02fd
06f7001b
03010502
0afdee02
feeb0200
fbff0603
f4f0fefa
01fdfffa
ff040003
f9fbfffb
00ff0600
fcfffb01
020702fc
fe0103fe
fb080100
0707f41d
00e900ff
f8f7fae7
fa0cfe07
0919fafd
fb0501fd
0103fcfc
04150000
07fff4fa
050b130f
f9f3fb02
f5effcfb
0a09eeff
f808ffea
ff02eafb
0401fefc
e8f8fffe
05f20406
0203f6f4
f4fdf503
0418e100
ff13ff07
fb0309fd
11fbf9fc
fcf9f805
fdff040e
f407fe09
05fae4f9
01f4ef00
06e00216
02030800
fdf702fd
fc11020a
fb0d0007
f9e3fce4
060807fe
03eeff03
fc0303f2
f801fefd
010101ff
f905fdf6
020e0101
fdfdfe08
fdfef003
05011102
ffea0af8
fcfef206
03fcfefc
0afe01fc
020502f4
0000ff01
fdf60c05
03f80605
fef91505
fffcf501
fcf7ff03
121419fa
0802faff
0c00fcf2
f1f1ef02
fb020801
04edff05
f9fffdf5
03ec0102
09f9f4fd
f9ee03fd
ff01fefa
0112e6ff
15f60302
01fc05fa
000209fb
f9fffdfd
f6f2e8fc
f40301f1
09e8fd03
fceb0df9
0a021efe
f00806f9
f9fd1b05
f407fb05
0cea0516
fff0fa10
fe0202ef
01da07f7
ebf122fc
fdf10100
fefff7fc
fcdf0102
07f70df6
fde8fa11
04f005fd
fc0905fe
f7f6fd00
030702fb
fcfcf404
04f702fd
17fc04f9
0912030d
ff16ffde
fef6f808
16070dfe
f9fc06e8
fb00df04
fd070ee5
ff17eb02
f8f8f3f5
01f800ff
04fcf305
f7fef600
f5fd0300
00fe06f3
f301fcf3
010904ff
100c7ff4
46f00500
fefa0b08
f604fe04
7ff9fe0a
03003ef1
0403f853
fceef4fd
f7f2e7f1
e6ef0603
ebed0101
070009fd
e30efaff
f904f404
ff05fefe
f11a0201
01050b0a
f2fffc21
02eb12fd
03060901
fcd708fd
00fdd503
f7dd09f9
02fe0c12
f7f4fdfe
f900fbf5
f9ef0b00
01ed1600
fb1004fd
0200fa01
03f6f8f5
e6040af4
ff2c0514
0807ff13
101504fe
01ffc6fa
f5ed02f2
fffffb0d
0afcfaf1
11f719f5
01f30004
08f50606
fced05fc
faf41808
fbf5080c
fe06fffb
fef90000
fbf90f1f
07e1ffec
130dfb01
f4fafe01
fbed2111
f6f805fd
0201effc
f7f900fb
0d21040b
f0fffa03
04fbf4f1
fa19faff
010afe12
ffe601ff
f90208fa
02010602
fdf704fc
05030dfa
e7ed0604
02fd0001
f6fefac1
0d0df3fc
07811507
03fc07fd
0f120601
fb01fff5
0a02fef2
050810fe
fcfb00fc
fe09ff02
fb08fcfd
f7faf702
eff60df8
f60203f2
03f9f9fb
fb092406
fe0c0bf8
faf904f6
fa070d03
e5010404
f4110f2b
0a0000ea
0a26f9fa
f7c3f6fa
05f02a00
fb11fd06
0700fbfd
e620fbfe
13eefc15
fe0201f5
0a030014
08f6d6f9
f113eafc
fb0d0800
fb051bfb
10e7f9ff
17f9c51e
28fb1416
d8012f45
e1e1ed08
f3e6e400
0c2902fd
23071717
400fe9fc
0af9f4fb
03eefde5
09eaf5ed
02f10006
01ed0406
fbf903fc
f90414fb
000b02ff
fb0e0dfc
02f30207
04f603ef
0de1d5fe
00f80b05
faf90206
fd04ebfa
0408f2ff
f42c1e0a
ff1a0117
fe0af9f1
f93fff00
132b1803
050a0417
fb06e7fc
0a100500
e605f8e3
083500f9
14f4e70c
0942290e
fa13fffe
fb0502d4
f8010a09
e0090200
f9ebe0b5
01e1fd04
faf5f639
f418f2f4
f506ecfe
fc1d04d6
fc032308
debee907
f8cf0912
e4190007
ff02e8af
060edf0f
27d33404
fd01ff3f
fa05f2e1
47f0f403
2c10fbf8
ed410008
0aed0632
213545fd
0618e104
fff3ff04
ff043102
f23cf20a
14d6d902
ecc6f90a
fb18eef6
04e40b0a
fffeea03
061f06f7
0cfdf906
f2dc0ffe
ff7fa9df
f239f6ea
052a002a
17d94af2
00da1003
02ca064f
ed05071b
030b0101
f3c62fd3
10de00ff
03e40ccb
042ace03
f506a003
05480714
fbfe1efa
f25408f6
bef94009
eef80516
fefb010b
f6bf7f00
04f3d101
052c07fc
01fe07fc
da10fdfb
0627042f
f818040d
06e0f90a
f9f2edf7
fe343c01
0208f4b8
fe04f9ff
d63b02f8
f1eafd67
f202fbee
18f402f6
0592abf6
0c1deefe
f81ff311
fc062dfb
59c30f00
e5b4060d
0192fe10
080e0306
07d6cbea
e6f2d401
07a3fffa
01031014
deeaf202
ab0696c6
f015f500
13ce1ef5
0ca5ebf0
06d20b00
f5d1ffdc
ef02f6f0
1eeff708
fb2425cb
0eeffefe
0ae71bf3
fc240ef9
0affdc01
fd030004
0305ea0e
40cdf7fc
01000100
00000000
00000000
00000000
00000100
0000ff00
00ff0000
ffff0000
2becf405
f729fa00
f6050d28
03b02132
01faeeff
080601ea
0c01ddd9
11100a01
070a1be1
2ef9fefb
f71bf804
fb181817
ea051a00
02fe01fb
3d030ea8
ebf00efd
00fd0d23
f31afd12
172ff7fe
05100be6
47edebfc
feddfe08
1d0732d6
17fde40e
0804fa11
190dfeec
e8032cdd
fd08fc03
14f7fcfe
ff35fe0b
1603b016
0df6cb07
01010301
3802fdf6
a9fc0f13
f6080b08
b8130803
01fefd0d
1e00c810
f3021801
f9fc0a0a
e9e2fee6
cb26ece3
092b11f2
bcfc1202
f8e4ff0e
fa053ff6
0eeb4b06
0f0dff09
c00f0001
127f0781
0404140a
ef05fcfe
fa07ff17
02067de5
0bed38ff
0100ff00
00ff0000
000000ff
00000000
ff00ff00
00000000
00000000
ffff0000
f1e526c8
11e3fe1d
f8f91454
151cf41e
10e4f502
fd2b03fc
01fe0503
ecfb1405
ef160941
ea0dffeb
f9d6041a
fb02f20c
efe02afe
003bff05
fb01fe06
fafd0d0a
00fef501
e0ff0409
210fffff
fe1df90d
0beb0304
0711fcde
03faeaf5
fd23110a
b3f6f4d5
fbf4fcff
1105fb17
01fcff12
01fafb02
febd00e8
1201feee
24350302
ff010000
00010000
000000ff
0000ff00
00000100
0000ff00
00ff0000
00ff0000
e7e4d0ce
1517ff06
f49b2833
0ccde3f3
1fece8ff
fd37fa2c
f407f209
0f3623fd
18fafd04
01090f0c
e9e95045
11d50fe8
20e5ebfd
fd140008
eafff11d
09001df4
2904181c
f10401f1
d7417ff5
fa1f06ee
fff90100
03f1fef2
ec03f927
f3e81302
00010001
0001ff00
00000000
00000000
00000000
00000000
00010000
00000001
090f0d09
f0e803fd
e2435dc7
f11f0904
fe170301
fda9ffe2
1a07feef
f0db0a06
1400fbd7
e7e7020d
f3181d17
08ca0dfd
1101d801
f8eefedb
1e0310da
04020306
ff000100
00000000
00000001
00ff0000
00000000
00000000
00000000
00010000
1f09e1fa
fcfafd00
01b9e934
04aa06dd
150ae7fd
017efcfb
0402eada
090a0b00
3f0d01e9
08eaf9f3
f6bbeb32
06e30dd9
1c0827ff
095600f9
01fef4f3
fcff02f7
1a010303
1bf9fa07
e6eeda3a
ffff0fda
fd1b08ff
075003ed
f402e2fe
f4f405fe
1ddd0e14
220c00fd
ea0feb26
001d01e7
01012001
040ffbf3
f9ffd402
feff0cfd
01000000
00000000
00000000
00010000
00000000
00010100
00000000
000000ff
01070e06
34f70505
e2f0dee1
f61206e4
05150eff
f9adfb01
0005fe02
faf73106
00f901f0
f6fd0a19
e3ffe8fe
04f9fdf0
0307ccff
fefe02f2
fc031108
070b2700
ffe7fee1
1611060a
fd02e8dc
1202f0fa
0aefec00
faf20205
fefe0bef
0c1727ff
faf30015
0b1b03fc
f8d6e7e5
07090808
11f400fd
ffc5fc29
fd000e05
ef0d1903
f8fafa0b
09f9080f
e7f3e7fb
01e1fd17
1bedeafe
fed401f2
fa050e03
0e081101
0b12fffa
040100f7
f1edead7
f9f9f210
15f60afd
02f9fcfb
f401f905
09e409fb
05f7fc0b
04fafeed
e6fae8ec
fffefa16
faf2fdff
0608fffb
f702fdfb
ee17f8f8
f4f6f91d
08f0fe05
dbfde9ff
050bf419
fbf30e01
0b05fcf7
f1020607
f6e8dcf8
04f9120a
0afcfbf9
c609de0f
0b06f61b
06f9ebff
08e9fcf2
f107f010
0208cdfa
00000000
00000001
00000000
00000000
00000000
0000ffff
00000000
00000000
effcf2e5
0100fb1e
d91fee08
fbf20c08
cf19cfff
ff1afdf3
fd03dc1a
fa1bd90a
f906050a
0bf001ea
d5f6e009
0415f301
ef040100
fff9f908
f600e70a
fb12d4fa
f509fc08
0ee901ed
d2efea18
fae9f3fe
dff1f801
fe04fdfc
fd01fd0b
fdfed7fe
01000000
000000ff
00000000
00000000
00000000
00000000
0000ff00
00000000
00ff0000
00000000
ff000000
00000000
00000000
0000ff00
00000100
ff000000
edfffcfd
13fa00f2
e8f1eaf2
fff9fafc
da09f9ff
f808ff08
ff03f60a
02fcf009
f204f7f5
f7e3fbfc
dbf1f11f
f7fef0ff
e0030af8
f2fcfffa
0b0e101e
0808f308
fa08f1ff
0cfd00f2
f9ebf2f1
f7fb04fb
e4f90800
f918fe08
0003f80a
fd06f702
03050909
100b14f5
04eefd17
0fe70efb
ed08f302
f7d70109
0600ee08
1ae5effb
00000000
00000000
00ff0000
00000100
00000101
00010000
00000000
ffff0000
0413f201
04e103f9
03f0f70c
f3fa01ff
e802fdff
fa05ff0a
ff02f912
0bfbff04
ea090dff
fd060003
03f3fafa
02e9e2fc
2de403fc
0521ff0b
0503030c
0df51201
07edfbfb
0613f613
18fe02f0
fa0efa02
fb03fa02
0715fd0f
05000510
f20afdfc
0000ffff
00010000
00000000
00000000
01ff00ff
00010100
00000000
01ff0001
00000000
00000000
ff000000
ff000100
00000000
0000ff00
00000000
00000000
0000ffff
00000001
00000000
00ff0000
00000000
00000100
00000100
00000000
f30a24fb
ffed01ec
1611f51c
fb000606
ea01fc02
040afd01
0200010a
f812fc08
15090104
01f1fd13
1603f30a
f7e60b01
f7020500
060900fe
07001e06
01240500
02030505
ff03fc18
1b06f808
0310fa07
fffff601
010af8f9
ff06070c
fd0904f5
050c08fe
060003fc
15fffef7
fa02ea05
09fdff00
08fefc03
01010b0a
f50f0202
0bd300fa
08120d1e
1b20fd1b
03081306
f9f8fa07
0712fde2
00fe0d07
0a0d08f5
220a1407
09fb021e
17eeffe8
09e9ff04
29060003
0ecafff6
06030a13
fad6fdf9
f104060d
06fa0614
15070003
0602f407
fafefd03
00e2020c
fa000902
efe903f9
0c19190e
fc0e01f3
1209ff46
09020c0a
1602e202
03ebfeed
ff01f3f8
11fbfb05
0305e8f3
fbd7ff02
1413f845
0637e710
f5fbda05
04f1f8f1
f8010b0a
eb240604
eee6ff13
0511071d
f4e200f6
0cb71ff5
33fc0b01
01d7fffc
01060f01
250af70d
e805ccf2
fd40f835
06f901af
fe34f3fd
fbfe0c03
0c75f612
03041601
e61fecea
ff0319f3
0313fd09
1302fb1c
0d27d606
0df1fe05
00ff00ee
000207fe
fef2fef5
f401ea10
0118f603
0c08fada
fb1bfb04
f70bd906
0b42fe12
f602f3f7
fc09030d
f9f2e804
fc12fd0d
070bfd22
f11ce906
fffa0105
0a11fdff
fd000ef9
f713fb11
fd03ed11
09f90a05
07f801d4
fd120608
08fe0506
0117fbed
f902f600
09d5fff8
f90806d4
04cdfafa
0214f9f3
fd150100
fa01e902
ff1a00f6
fd00f109
07edfdfc
0d07ea18
01fef708
05ecfa1d
f3150e00
f5f31604
090bfdfa
00ff23fd
fcf1f607
00f005fd
fef600ef
0406fdf0
0108e401
f8e90203
001c0007
fa00f6f0
f6000302
021d1fed
fee5030a
fd0dff50
12b3fe01
05f3f003
f8c5feed
0a052304
1affef07
0225fe08
f80607fc
fd06f5fc
0717ec03
f4fb0a02
fd2afb08
fa0003f9
f60ffff2
00000101
00010001
00000000
0000ff00
00000000
00000000
00000000
01000000
0df607e9
0021f615
e7fd03c8
04f306fd
29fb20fb
0927060c
11061fff
05f4f6fc
e0090efe
060203e7
fb0702ec
fe10f700
f7060103
01fafc12
fffff6ff
eef10105
ef26f6fb
04f50001
03f70f18
eff204f3
ef061806
00f8fd0a
07ffff07
f1060509
0502fefb
fffe0de7
0ff7010d
081a09fc
f103f106
faf3fc01
f8fce9f1
02e4fd00
e218f0fb
f32113ec
f10dfcde
f6efee00
d302f405
f731fc10
04fddd0a
fa0cf5f5
e92f1303
05f508e1
f70006f1
f3fc0ffa
d714f900
f40bff10
0302d605
f5f800ff
fcf70309
f9f4ff21
f40e0004
ebba0af8
10f74000
02f4fef2
fa021604
0901fe01
0b05d300
f7be0020
e8defd06
fe29d9fe
2ee7fa00
01dcff15
fb043f01
ef22ff0a
f6fd0411
08000cf5
05e703e3
0524f8fa
f9090704
f6f80017
f5ffd7f8
08e000fc
f7d2f1fd
083b0af9
fd27050d
f7201102
09141c02
fcf501f2
f602e1fc
0d0b0805
1eeef302
fbfef710
f006f5ed
ed06fe04
f9f01c00
05120001
fb0533f7
fd310600
0100e12f
f10e0506
f0f8f905
faf92102
070df504
04e304fc
fe02ff0a
ed37fb08
02f40502
01250306
ff0cfed4
0026f5ff
fbf50200
f82efe0a
fc01e1f3
01120afc
e8ea050c
f90b001a
f31afc40
fc06e3fe
14eaef05
fbf903f8
f90233f4
ff3b00f2
f30dd707
f297fd04
e1e8fd12
f00d050e
ed031c01
f8ff00fb
fa04fc0d
0111f317
f70a13d6
f4e8f508
f309eafd
f3ec29fc
e501e701
ff2df8f2
fc011afe
fd16fe13
f70d190b
06f10c05
f610fb09
f4f6fffe
1bf80e02
f7d30408
0301f8fb
fe1100f4
f7cb04e8
06200ff8
f8190238
0f18fe0a
180c0804
00c0fcff
fb00e4f8
17db0a02
091b06ec
000dff14
0111fc41
faeef0fc
f418eb02
ffe6f900
010016fa
062ffa09
00e5eb2a
0539fa15
f51cf608
00de030c
0905ef02
03ee01fc
0604f7f8
ff250310
070f1206
07f115dd
f6dcfb0d
1df4d3fb
14142703
ecd2fbfe
ff02df00
10b2fff3
fa1af202
f3ee0b11
f2e3f5f1
0b09ec00
080d0100
ff1a0013
00fffb06
02d8faf4
04e4faf8
fe16fe16
0910fa11
0a2ef801
eff9e202
fc1efaf4
010008fa
fa1001f0
0e11f1fd
fb1f0404
f91901c6
01deef00
f8f7e502
032dfffd
00ffdf02
f6e0020a
0bfa0812
fb0bfeec
05fcf4fb
f6251bfc
f604f005
000dfd19
fbfff4ef
f61b030f
0e05e50c
f7f7fde8
07f3f61a
fe29dcff
efecf305
011601f0
fb0117fb
e61f0104
ecd30f46
0f0a0431
f5e2fd0d
0eee36f8
3ffc1701
04cd02f4
f8031cf7
1ddef704
e5160cf3
01fdfd0a
fef8f621
03fd00f7
030f27ff
fff2fe05
01030f0b
0417f50b
00f722fa
0d3c0008
e908fed6
fdb1f1fd
141508fe
01e002e9
0506ee06
0ae4fa06
dcf30e15
11310ffe
0d27003e
13001b05
f706c807
f1f7fbef
fcfce7f5
0016fb06
140723ba
03ebfcc6
000b02f5
fd0a2102
ecfcd809
0626fdf2
fbfcf506
f7fe0310
09f033c8
0502f2eb
e815fa11
f7c43506
f408c8ff
03f700ed
ff03df0b
1df10728
fc171008
f32005eb
f2d9fa07
f52ddbfa
11f0eb00
08be0112
08001007
0cf0fcf8
d9e11331
0a4b05f8
fa290be1
f1d62b02
d5f92600
f865f900
030614f0
00deedea
12011429
110200f1
00ea04d0
00240800
11e4fc03
06f6fcfd
0602070d
09d9f5f8
480c0dcb
e4060f1a
ec0bfd13
0decde00
fb0cd802
081801e9
14021408
f8d6feed
e8fb03f8
0207000b
feecf9c7
030efffe
1404ed00
020d050b
fb0007fa
10defef7
f704eb07
03d1ff04
e8cbfcb5
f91c0a03
08f048ff
00e9fc0f
f9060e04
f3f3f804
fceef2e6
1023ff0a
142b01d9
fed81c03
080bcd09
0a3cfc02
f3f6e4e6
06260709
111bf1e5
f4e414b8
f8e40aa3
f42eec00
c9f94107
f57ffd19
fefbcc0c
e80cf8fe
feeef3f5
0918fdf0
060fffe6
f404e9fc
ff0f0803
081cffeb
fc00fbff
e921f90a
02fd1407
0effffee
fbeaffd6
f3f91600
090ceefe
0325010f
fd03ddfe
11bc050f
372615d1
fb810ac5
08dcfaea
13d914f7
fd0e5a09
0bdbfbf4
09fa1408
fea7f9fa
f8ececd8
053fff17
fb05fceb
0627d9fc
130af6fa
fdfe0311
f50507f3
012a0b08
f900fb10
122dee13
fee5f603
0a0bf9ff
0505c7fd
02fefdfc
00051afa
011bfbf4
542115e0
09bff9b7
f2bdf6c6
11f61bfd
34ff2400
04e9f8eb
0105170c
06b20408
eb13e02d
04e4f1ef
fbe809ec
021e070a
db0d4401
0ef6fd0c
01fd1bfb
1025f403
4d1a0506
feb802ad
fed5fadc
fd29e10d
ec09f308
07efff13
0bfcf608
04d6fcff
efec03b8
01f305ef
07f8fafc
fc04edf7
03f507ff
01220008
fc01f2fa
eb0bfcf9
f4b8d9ee
0a1607f6
0905fdf5
19320a0a
f4fa0303
fdf7fbef
fe01cb00
f7ee0106
f4e70f03
f5000601
fcecfef4
0a23ebfd
15f01d00
fa16f904
01010500
030cf1fe
00fdfe01
01fd01f1
fe010005
0201ff00
030002fe
02027f02
01f7fa00
00000200
0100fb1d
09f005f9
00fdfef5
14fc09fd
07d8f701
fe1bfde7
0100fc00
fe01fefe
0dfc1dd6
0d0a0537
0208f50a
f3d912fb
0402de03
0208f80d
0500fa0a
1a1ff5fc
3328dc2c
0532fe06
120205f2
130f1ef8
01f0feff
08c900ef
fb00fdfa
1108fef8
f70e2508
0e1405e8
fde80afc
eadbe1ff
17d11702
fc1efff9
fbfd31fc
fce3f706
0de6e106
0428fe16
020d04e8
14e6e30f
ff11deff
0106002b
fffefbf6
f1d8fbfd
b94a05e5
0058fefd
0be30313
c9ddb3fb
11651f01
ffe2fe03
f5fcee0a
22befeff
eb093123
edc4f9ef
06e10011
1d1c4df7
04fec105
00e3fbf6
06fef0f0
cf300dfd
68f1da0f
05d6faf8
04f50926
f82ec8f4
0be0b1ff
07ea0122
f8021c02
811901fc
010641e6
0113fc05
f1040600
09f6e003
0ceb2dfe
04e6fcd5
fefffcff
f114fbfb
c22ac0fd
0fae0001
f4e909fa
d6d8d90d
0600e9fc
fe04fac6
f800f1fc
0d81fffe
36affbf1
f50c03f1
08030709
f1124b13
fa31f100
fc9bfe7f
08fdd8fd
f3feff08
07f20705
fec501fd
fd12fc23
fc1cc506
03270801
0048fc06
010006fe
27fdfaff
053cd82d
f9fa01ee
00fffa10
fb1204fd
0be0ebff
fd15fff8
03fe10fd
0cfcf9fe
ffd8f1e4
03d00107
0c060108
e5fafa01
f4e5dcff
03fbfe38
fe01fcf6
021400fb
0afa0bd2
091c0106
fbdf01f7
f001e6fe
04f8ea00
07edffe4
06ffff01
ee22fefb
03041801
110e0705
f2020f05
0e1222f8
fe240002
0bbdffe2
fffc02f4
101ffb0a
e9dd05fd
02fa07fb
03e8070d
13f8ee02
020a2c00
020c01f6
05fc020a
09f8fafe
0f07c3e9
fbd201fb
02f309f2
fc080200
03e00405
fe00fcfe
fbffecfa
0706020d
2bfbfd0d
0a20fa13
08defe0b
f9010807
fd0bfc00
09fb05e8
0afb06fd
f917f302
09e6ea03
fedd040d
0a1402fd
15141404
ff03fe02
fcf6f802
fffd0207
0312ff00
0213faee
fc16fc03
fd0afcf2
f10ff700
060206fd
001efc04
0102f6ff
1011fefe
0af7fe05
0afdfa01
ff180bf7
07fa0005
070a07ff
08eafb00
02fb00fc
0d170007
fcfdfd00
fefb02f6
f8fd04f9
fffefe00
ff01fd00
ff03fe02
02fefa00
fffe0501
fee700f6
fb120509
05fd04ed
06f4f6fc
fa0024ff
fbf402f2
0104fcf6
0ffa0305
16f528f1
08f701e9
1408f60b
051dec03
0011f606
0400fe18
fcf9e6ff
02e10508
14f2f1fd
02f80109
050ff708
07041604
06fcfe00
03fefef9
00fb0506
fef104fb
f5effd0f
0115fa09
f304fefc
f6fafd01
04072cfd
fff90007
06fef309
07f701ff
edf8f212
22f2001c
021cfafa
0f0c2404
dc17f4fe
f902fbdf
00fe03f9
02f2fc0b
fbf1fc08
04fefe12
fa03fe0c
f40cf3fe
fef4fa00
fcef0df9
00ff0306
0707fffd
f0edee03
060b040c
fa0402fe
02f5f906
f60ded05
07e1fff7
0701f904
120dfe05
fc0d0712
0dfffe02
0a0afcef
0509eeff
f1f60502
02f80301
02f81401
020308fe
f7f811f1
fb000220
ff0afefa
0711fdff
f8f4f1ff
00f5f10a
fb060b05
0616fa02
05fdf3ec
03110b10
060d060b
0aeafcff
fcff0c00
fbeefef9
00fe2904
ec16f60a
fc0d06f8
0b1efc0b
03f80410
0c080b01
04fe0b02
fb1702f8
03fc0a00
0709f905
1af0f3f5
09e3f448
1002010a
f313fd0b
fbf4f601
fc090111
00fbf80a
fcfefd03
f81710f1
f106eae4
00eefd2c
172405fb
d90ef1fc
f7180b02
08ff1d03
f50ff818
ef05e5fa
0aebfcf7
00ed03dc
f8ca0406
f60c0cfc
ff23feff
f9071001
0705fe1c
04fb1011
07fc2bfe
ef060306
f8fa07f9
0b010407
55fffe02
0d09e6f8
0efa0581
08fcfbe5
ff010513
07f207fa
0630f404
f706effb
fc17fdf9
fc010903
0710f211
06ecf90c
070fff07
0cf90d07
11120601
f5f7f501
ffeb0212
fffe0e04
06d0fd01
16fa0701
0602f907
fe0604f0
071407fb
070413ff
fef1fb00
03ff0809
f80002fe
06eef9f7
f3ee00f2
04f1fbe9
05010104
0e060aff
ff12ff07
00fdfd02
f6f4ff04
f1f9eaff
001b01f6
04fafb13
0112050c
fa03f3f9
fe11fcea
00020705
fb0df8fa
e6f00917
04da0007
1714ff12
00e2f006
fce8fcfd
fbf9fdff
051201f8
ff09f0f8
0d040c15
ff18fcf6
1608fe09
0a14f006
f4060a02
ff030002
000ef207
04e5f8fe
fd02f7f8
f9f7faff
c0e902f8
fef402fe
16fefb7f
f61506fe
0bc60101
0b0a0eff
1cfcf5fb
0210fffc
24120508
030af406
f90114fe
0419fe04
03f209f8
f814fc03
0704ede6
fa1504e9
03f4fff1
f4df0dfb
f2fa18fd
f909fd10
fcf801fb
071d0308
ede9120e
fefafcf8
14130514
12fceb0a
04ed25fe
03e2080b
03fb1807
0922f2fa
071804ef
030e0007
090005f4
f8fb0bfb
04fe02fe
05f0fb09
03fdf204
f50dfb07
03fbfe15
ffd1feff
0a0dfbfa
10121f04
03f2d403
fb02fafd
0101fbfe
edf4fd03
04110b0f
031dfafc
0811f706
f61d0301
fef908ff
01fbfcfd
fa00f902
0ef1fcfe
03fcff1b
f91ff427
fe14f8fc
1620d500
06fff0fb
f7edfaf7
fc06ec01
fa15fffd
fe0a01e8
091302fb
0b210130
f7ea0b04
f12213fc
fbddff0b
fc00edfc
f2f2fdfe
12fd1646
03d70606
07290732
fe04cd01
0cf532fc
fd090324
00fddd01
1c3007ef
fc23fd00
0d0807fb
17d5f7d8
0d0dfbf8
08f9baff
fdfdffa1
02fdfc02
f8e40502
c10908d2
0cfcfa03
f757e15a
fe15f710
fd393f00
00fcfefb
ec07ed12
e4eae3fe
f7f413d5
fefff80e
1606ea1a
f4130806
0fe72401
00f2ffea
01fbe3f4
0ae7050b
42e7082d
fdda0914
0aeefbb1
2216f114
1b38b202
005afcf0
ff0428e9
120eeb0d
0fc2e41a
ef58fbfc
0b15ef1d
f656ecf4
f6df2203
04e2ff00
02fdee0e
00c4f6fe
6f53ca05
ffeafa0e
041cf824
20e42303
0af6f5ff
fce1020b
ffff1e0d
300bf60c
d3e518c7
fb0101f9
faf6f924
133d170a
07fde701
f5de0d3e
f500120b
04f6fc07
e01f12e6
12e40bf7
090d02e6
ff3b5508
1ae603ff
050c1007
fefdf2ff
a11cf7ef
0a50fcea
f730fdf0
0ee2f6ef
f6151d02
092c4f02
ff2bfcec
f3fff201
dc3e07fd
0a07357f
08c10106
0810e91e
03f3dc05
022bdbfb
0438fe1e
04014807
13e10bf8
e2c01325
f1d401ee
0e16e71d
0fbee0ee
fb070901
00a9fcf5
f1ff0e0b
c52afd0e
811781fb
23e1fcf3
17ce2210
1081c0fb
f8eedefd
f8f5fdd7
0101f5e4
2012f507
e8f9fff2
02ecfe10
1e0ef604
fe1cfbed
f91cc501
fe02ffef
f3fefd21
0a08ff05
11e934e8
8113fd00
4de0e9ca
fb050ed0
39f414fc
fbf5ff11
81ffe47f
16e6e401
0704f1f1
fbf9fe08
02dc0f40
04ba0c2d
f90406fe
06f9fcec
f101ee0b
17ebf6f5
080015f1
0900fb04
2003e61d
fb0e080c
ff0e0000
01ddfef5
11fe0dc9
f40407fd
1000fcfc
c500fcf4
7f1fe7b0
030303e2
63f20dfc
f917ff09
010212c8
fffbba07
fd01f6ff
1ceef8ff
2ed51916
000ef204
5801fefb
010500fd
12028100
fc048102
fafc08e7
47faf702
d2cdff48
0318f9f6
d7fef5fe
fff4fef7
1b038b0a
f410dffb
0d0105e7
f403fcf6
f03ed9c4
03fb11ce
a8e8e4fd
f90804f6
060106f4
0d051ffc
2df002e2
e81206e3
185ef3b8
1110ede8
1203e9ff
f9b502ff
05fe31ed
010d0af3
0a010ef2
060ff623
0d4003f9
08261b12
0d1aef00
fcdcff1c
100436e4
f0f7fbfb
19152805
06fd070b
f609044e
0007ee19
1c0be4fa
f600fd21
0606f9ff
d7dd180d
23181d4c
e823feed
0611fd00
011afd0f
e1f238fd
fa3bfe1f
fb001103
debe0c08
00000001
00000001
00000000
00000000
00000000
00000100
0000ff00
00000000
d40e0c13
e2f2f70c
203cdad4
fb2b0b28
e20b2dfe
fed2fee9
200215eb
10f9f001
00000000
00000000
000000ff
00000000
01000001
00000000
00000100
00000000
ca07dace
f6fd03ef
22c3d834
f8fefa10
ece2e106
fa46fd20
fcf902f6
155b13f9
000000ff
00000000
00010001
ff000000
ffffff00
00000200
00000100
00000000
0bf501df
e8e9f71d
020a1e24
fbf21201
f4fe17f8
f91600f6
ef02f32c
0522140c
040913f0
ebfdf904
ff414cf4
074af70c
faf3f7fc
03d4fdf6
f8ff0b28
fd0b1102
ef011714
eae1fa03
f15e5fc6
ed3ffe1f
e20616fa
faa0fcef
0906191a
f6f309fe
06030e07
d406f9f8
001e54e2
f642011c
f8fc0c00
ffb2fdf2
180026fd
f303f90a
ec01edf9
d2ff00fa
141256d4
fe01f314
02f80500
f7e3ff06
1a020fe5
fdf80a06
00000000
00000000
00000000
00010000
00000000
000000ff
00000000
00000000
f6eee2fa
db1304f2
10de2c14
08e313ff
1408fffe
ff41010c
0802fde5
0ddffdf7
0902f1fc
e3f6f7fa
0ff71d1d
fae1f8f2
ff0a06fb
ff5801ff
0500efed
00fc00fd
05ff0302
f50bfafa
0c05192d
0906ffea
fc09f6fe
0652fef4
fdfff8f1
01f2fdff
100e0915
fffcf622
0904151d
012d22e8
ee10db00
0e58f901
07fde6f8
f8ebf503
fdf405eb
fbf5f624
f7270a3c
001b17dd
f52306fc
f82dfee3
0a05f5fa
f30d1602
020efefa
0b02fe0b
01141513
f40e17e1
f21710fd
fc1cfe05
0902fff3
f7112401
000100fe
02010001
03ff03fd
000201f9
000302ff
fcffff02
0201fffc
feff0d02
f712e71d
04ee07fa
10e40dc3
f0e5f6eb
fc032b01
f6f20210
0efffff3
e7f43208
02f9f6fb
030d02fe
11f009ca
fd0500f1
160211fc
f6fa020b
050104ea
f9f74607
0105f70b
ff0e0300
1de907c5
fef9fff2
20fe11fb
f9f1010b
05010de5
01ec4b02
02ffef0d
f71b041a
0afc0ae2
fa02f400
22fa0ef9
fb0dfffe
030308ee
07f938fc
02fe0ef4
fced01ec
181bfee6
0c0d0d07
1d1302fc
021e01fc
fbfff6ee
fe022902
04ff0a12
f4000016
f7fefff7
04ef0407
310105f9
fee700f9
f60305f1
17ea2003
f4061516
fb0bf701
0201fdf7
fe09f707
1b0827fd
06f700ff
fbfefcf7
feff0f03
17fb2df1
0501fbf9
f0110415
0915de10
2fe9dbfb
06edfcf4
0003f9ff
10f5fff8
05fdf6ea
ed0afa22
e61cfde2
fc0c0604
f513fdfc
001403f3
fc00ec06
f9fc07f8
05f60bfe
fafcf915
df14f908
030ffb09
1307f2fc
06f3fff8
f9fff5f9
0514fe02
01f404fd
0012fc11
d619f50f
fef90906
fe00faff
04ebffed
f8fefef7
0315f6ff
fffe12f2
03faf7e0
e116f5fb
06fa1200
fd0bea01
04030103
f9fde7fc
f20af109
0c01fbf9
01fcf125
d1f1fdbc
f51cf8f5
030a36fc
060e030f
02010e09
fadceff3
e71b180d
f9edfbfa
e1e6f228
0c01f9fe
f3fa00fd
fae10207
fd00f5fa
fd01f10b
f70002f5
08f5f9eb
ecedfa20
fffdeef5
0ee701ff
fdcdfdfe
fbfd00f8
0111f704
15f3f7e9
050504e0
e610f7fc
06edf7fd
0b0911ff
f4dffeef
f8fcf5ff
09060100
03faf116
001cf7f2
e707f0d7
f6f1fefd
f407e9ff
053d0312
f9ffe9f8
01070010
00000100
00000000
ff0000ff
00000000
00000100
0000fe00
0001ff00
ff000000
fbf0f30f
05290410
eaf203e2
0ce019f4
f0f105fb
fdfdfc11
02000405
f806f6fe
0007e92c
07ff09f0
15c30301
1d230cf2
d6f93c06
fbc7011e
01f40fed
fa06e3ed
0215fff2
0ae206f2
f6d7fcf6
00e107f6
0efbf600
00cd0303
00fce106
03ee0407
f30af7fe
01ecfd08
f2ebf509
05f5fbfc
f20b09ff
faf80209
fe01f10b
12fb0104
fd151cec
fbfdf1f6
fe02ed48
fee0f4fe
f4f2e7fb
fdd701ec
05000907
0b36fb1c
ff000100
00000000
01000000
01000000
ff000000
00ff0000
00000000
01000000
edec091e
110300f9
07fe0aec
f9042000
fb071bfd
fffc0004
0200e504
01ef05f7
00ff0001
000100ff
00000000
00000000
00ff0100
00000001
00000000
00000000
07fe0809
fdfa02fa
0ff7f7f2
0b141f00
fc0ff9ff
ff06fe11
fbfde902
0ccd09f9
24faf907
f811fffe
0fe508f6
ed1406fc
02ed2400
02090305
05fc0f02
06d306ec
fefbf7db
05f8faeb
fc10fbe5
e9f20608
e81a02fc
fc2cfef4
0006f318
03010001
01000001
00000000
000000ff
00000100
00000000
00000100
0000ff00
00ff00ff
1a1915ed
06d003db
1af8fcd9
02ed22ff
e7ef0904
05ec0805
fcf7fdfb
f1c80601
e7f6ec2f
0d1cfcf6
0914fff2
f4fceb01
e80b06fe
0110fcfe
0000fc0e
f510fe02
f304fff8
fd40feeb
111af4be
fbfafdfb
da1d0dfb
fb4a0127
0101de08
ee2d04f4
fb19fdd7
fb14fd06
1110ff0c
fc0dff00
0009e6ff
00f4ff03
01fffd01
f53002fd
0b05f2f6
fd08fdfa
16eefbf4
fa25f700
f2020c00
0218ff10
fefdf502
eefd0201
fc1bf505
fdfdfb21
09f8fa25
f5f7f204
1d06edfd
06d503fb
0201110e
fd1c0401
04f5050d
050509e1
18e40000
0e10f2ff
140e1dff
fcd6010b
ff02ed06
13d801f5
25efff0c
f600fffa
0107fc0c
f6e0120d
fb06f3fe
041a00f6
0400ec04
041e0d07
fce1fe0a
001bf819
0d29f707
01f41900
f303e0fd
010106f9
0101fb02
0eed04fc
e2f006f4
0dcc05e8
0e11fd02
08e0cf05
ee022bfd
f900ffe1
0000fc04
05ec07fa
090e07fc
faf5fff3
18f603f7
f50307ff
f90c0afe
0010fffd
fafff90d
f9d105f7
e31704fd
effa0506
ddf1f618
08fbce04
1def16f9
f9fd02fe
0c0c1f17
f1f305fe
ebe1c5ee
f4d3f90f
fdfbff27
ff4ab306
ecf0f5fe
fc16fff9
ff062215
e831ff02
09d61a07
101d060e
22ff0020
12fe23f9
15052601
00c5fde2
00fbfff5
0def0204
fef9fcfe
0327f720
fdf802af
f6e904fc
fc1519f9
0b490416
0b031406
faedf5ee
00000000
00000000
00000001
00000000
ff000000
00000000
00000000
00000000
e4fb2f0d
07faf510
050c012c
03f2e503
0107f6fd
05f9ff12
0102f802
0cfc0113
10e7031d
0ceafd24
f8d4ffc9
00f3f8fa
33022dfd
08d605ee
0005230c
1ecefd01
e619050c
06f80200
08e3ffe3
1710f2ff
0d0bf701
08e7fd09
01ffe308
fece07f9
e817eb51
ff02fef4
f1d5070a
070d1202
fb0220fa
fbdefe12
fb0617f5
19ee0506
17fcdb15
03eb0004
fffc0a0d
f906ff00
e7e7e702
062d01e0
fd010f01
0c390203
1231d9fb
f71dfde9
0f0408ff
e536fd03
04d8a9fe
0e65ff09
f2fe16f3
f53a11f3
fa0a0916
04fdfcd9
09f900f1
17230306
f2fa0100
0630fe21
00fe0d00
e3e408f2
fe1a16f4
07f5f33b
000307f0
eeeb0204
27fc34f9
04e103ec
08040112
12e802fa
23f213f3
030afd06
17effedc
04e310fb
1bf6f5ff
09c0fcd9
0a000c0a
f901ff0f
f20f0c06
000709ee
fc05fffa
05f731fb
19080afb
f7f7fe0e
ff08e906
2dc008f5
eacff210
0621fa2c
03040047
030922fc
0afe0bfc
ffd304f1
ee022ff4
13f002fd
0706e1f0
11f40734
020f04de
0806e912
f8f5d2ff
0a3effe0
01040208
ee0efdf2
e6d8c8f9
fe17093a
cfdf08ee
2cf22909
10020afc
035304f8
0d0b151e
05efeaec
11102907
13ecfbbb
12fbf2fc
0c0bf10b
0609e603
feb1f60a
f806d601
f308060d
f41c2029
0822ffd6
0afdff1a
18fe1c01
11ffb700
fee5020a
fa02f0fb
f2d30106
13120214
fa07f8ed
01f1fb0a
fc050c03
eeff1bff
fcecfa07
f8012200
f4f6fef2
0e130903
020a02f5
ff06f305
0c28fb05
fc120dfc
fd01f6e5
0304ef06
eeed08f6
f601fe13
03fa03e2
0004ff04
0224c60c
f0eaf702
012ffe03
f800eb03
ebf10af5
05fc0204
faeb00aa
fbd7f0cf
ff1f0604
d31b5afc
f428031a
f704ebfd
d9120204
f606ea1e
ed170552
e3e5fc04
024c89f9
f7ec29fc
fef5080f
05063607
f3ebfdea
0f0de109
1c04efe8
13f70a90
f1fa1d06
e9292309
182bff15
fbf5fffa
f728f1fe
f5f6ca17
0cf3ff23
04101409
fa01e809
e4d4ed00
072a02fb
00040208
f1f0f3fc
ca09f92e
fd16ebf0
0627f75e
f3d034f9
19d3fe02
0ad30008
f60140f0
26fd01f3
e0dae73a
0c2c0f7f
e9f703ff
1db1a4ee
2af2f8f7
f8ed0afd
050e2c06
f5e4fffc
0fd3e938
014bfd0b
ffeb041b
f74ce300
d7e8e0fd
f3ebf9fb
f5021503
ed21f701
13e4f1fa
050818ff
0aea140f
1026f2f2
25ff2e04
f9c3fa11
00f8fb04
fdd3f7da
c6123017
08000427
f90b0347
12df0e05
3c0fe5f9
06c20200
080b1713
41ef03ff
1479e222
14c0cd0a
43de453b
81927781
817f67f7
e2e8fb2b
2d04ef20
e0ad5b1e
efdeecf7
09030319
090d0508
0112fcf7
dfecf906
fc0cfbf5
fefc1afc
f8030001
d4df05e0
f919fb34
e420fff2
26c93efd
320f00f7
ff2705e8
130aff04
1cecf6f8
e4f51cca
0af5f61c
152bff24
1ff9fafc
1bfdebfe
080b00e6
fc0007f7
fa0c0201
f4ebf201
14ca03f4
fbf512ec
fcefea03
eff80407
0bfeffec
06fdf804
08f0f108
eed3fa1b
0717fd15
fc2c04de
0bf702fc
1608a300
061e05e3
fc01fff5
1c2eff10
0b0b190d
0decfcd1
faf1f6f5
0d09f003
10f6f701
fdc9f40b
010e0001
00f3f500
13350e20
0abcfcf4
fcb6fb90
060f0302
1a257f00
05c7fc28
0405060d
02e2ede2
33010e08
ff2ff8dd
0f230213
fefa08fd
04ee1001
f6e6fbed
f9ffe9f8
120c0afb
0eec1bf3
fceefaf6
1a090429
ed082e03
efea0102
fe0a01e7
fbfb15f1
f21f0908
031035ed
fdb9070a
0b12f716
fbe920fb
15f8effb
fac400e3
04000c0a
0fc2fbf3
f9022be3
f404f60d
f11cfb1d
f3dff107
22dccafa
063608f7
0906f409
070d0714
fccadce9
0a4cf02e
f62ffec8
faf81f03
130722f9
064b03e7
0203fd00
f90d01f0
14d806cf
f8240128
f83bf9fe
05e926f9
e8fadb03
021100fb
fffe11f1
f92d02f7
2514181e
fc01f7f7
fa1eff29
04161707
f8022500
00ecfe1b
01020507
f7f7f906
0031fe1c
ed0b020d
fbf703ff
0ce0ebfd
0fca0600
07090312
ff011c00
0abe02f7
fff9e0f8
f900ffe4
04f7f900
fc23e3f5
eefd1107
fd0dfbf8
f4f9fdf0
f5260307
02faf602
fd0604eb
f620f7ff
e901f110
d7f6fb01
f824ffef
fc01efff
fa120b0d
ecebf6ea
0634ee14
f41efceb
f7ec22f7
f50a05fd
071902f5
fc030f0b
050c051a
f70402d8
ff1cfef0
f623feef
ebe51501
0515e100
06ed001e
f802effc
0e380505
fcff0602
ef0200fc
f80102fd
01f00404
0fff0500
020000fe
0004ff11
02fe08ff
020afcfe
06000301
000202f6
0105fe03
050402fd
00027f01
01020002
ff02fffe
02ff0f00
030203fe
0400f8fe
fc0cf002
f1f90900
02000326
0300fffb
faff05fc
fd01fa03
01fc2a01
e802ffff
fe00f108
d5000dfe
01fe001f
0507fe13
f6ff04fa
01ffd8fa
030b0efa
1afff8fe
021702fb
f7f708ff
010004eb
fb06fe15
0e00f804
fc03c1fe
bcfd12f5
02fffffe
fa18e0fe
d6f8ecfc
00fc00e4
fe0100e9
fd01c90e
000208f8
83029afa
0b0df101
f420c911
74ff22fe
01fe02d0
1e06fde2
b5001cf1
eefe0b07
7f2761fd
f805f6fd
01fb14f6
420fc600
010001bf
07f50617
29ff1ced
f700c7ed
eb08e4fb
effe05fd
fbc520fe
d7fbfdff
01ff0037
01030cb4
fb0017f7
14fed014
fa0fe6f5
28fffbff
f6b8fc0a
ddf20cfe
01ff00c3
03fdee0e
03ff0bfa
f3029502
13e9d003
d5fdfff9
103928ff
dbede5fd
00fd0a17
01fa0939
57000b0e
030026e1
e41425f8
d002fc00
f11a2b07
4c15fafe
00fefeca
171a1027
5100e8c6
0701d4df
44201600
200112fe
07c62002
7ffc2aff
ffff0208
1501101c
e5020de4
0200f8f1
0d2751f9
ea0111fe
08f00af6
d3faeafc
02fcfa0b
fe0f0cf9
03ff0d06
04003000
fbf8f3fb
e7fe00fd
f619ecff
c3f6eafd
fefd04de
fdf90816
0f021912
f701d614
05f8d601
1206f2fd
07e0f3fa
da00faff
01ff06d2
1705fdd1
c2fe0315
fa01100d
e5f4dc07
c3fb04fc
00fb050a
c5fa01fd
02fdff0a
f8ff050b
d1fef908
fd001003
160806ff
fe030400
000102fa
0d03effe
fdfe0110
0bff0112
0703fcf6
fc03f4fb
10fd0ffd
fe020001
fb29e403
fdfd1600
fe0000d5
05010411
fe02fef4
0400fd03
ed040ffb
0e0102fe
fa1a0e05
eb02f4ff
feff00e1
05f7fbea
2f02140c
07fe41f4
18ffd5fd
03fef801
091216ff
f1f6f9ff
feff00da
fbfff4f9
1502f5fa
fffff904
06fd1005
00f80504
00fbfa02
0a04f702
0002fa19
0b04fc19
0500fbf9
ff00080d
08f8eefe
f80209fe
fff0fb06
cffa0f04
010400ee
fe00fe07
fafff00c
fc00f1fc
fffe1004
fa010001
fffd1601
04030904
02040206
fd0004f1
06fe1102
00ff0101
0402fb00
fe0307ff
02fe08fe
fbfe0081
0c810105
fe05fefc
fdf4ff05
f50114fe
fc10e801
000103ff
f91203f9
02fbfd00
000002f8
f900fe02
ea00fc08
ffff0b03
020bfff7
0cfe07fd
ff1b14f5
18fd0301
010003f0
03fffeec
0afe02fe
0501f9fa
f71037ff
09000200
002f09f9
f9010000
0000fff9
fff404fa
03ff13fe
fffe08fa
fd0d00f8
fffc01ff
06faf8ff
0300f8ff
fffffeea
0904070a
f501f70c
f7fff102
0a0106fd
0002fe03
fe00f500
fcfe07fd
00fd03fa
0207fdfa
f300fefc
fe02f701
08ff03ff
fb040003
02fffa0b
08fdf901
0701010c
fd03fd08
0af901f1
01000d01
f805e404
0108fb02
fdfd02ff
01fa0bfe
04ff03d2
09010410
08fc09fa
fb03df08
0ffefbfb
0908fc02
ff0aea03
ed06fcfe
01ff04f0
010ffa07
0cfeea05
03020800
0803f7fb
0202fd04
00e9fb05
17fefc00
010107f6
0108fb12
fcfff7fa
fd0301fc
f600f006
02fc03fe
04d914ff
0ef50d00
0300feff
04fef9e9
fcfdf1fb
040507f7
07faf5f7
f802fbfd
04fa1e00
eafffb00
02ff0230
fbfd07d5
05fe0bf3
0903f400
f906fbf4
fd02fd00
00f4110c
ef050700
02000304
0505fb01
14fe06fb
01000811
03f6eff3
fa0101ff
fde10200
200dfe03
010304d0
00080c13
e3ff09fb
040107fa
0a0df6f7
06080601
030a0800
01fef201
02020007
f2fcf8fa
fbfefcfb
030000f7
10fa097f
08a21600
d50dfec9
00fffe01
ff02fd0d
0ae80205
f801fdf9
0403fcf8
0b0503f4
011d0301
0016f901
05fdfc00
020000d0
f103fffd
f3fe0a09
00fe1405
f103fbfc
0c05fdfa
fd2b0af6
0a0bf2ff
ffff0211
090c0315
120108f0
f6ffe901
05ff0df2
10fb03fd
10f3f70a
ecfa12fc
00fc04fa
f6f7fcfb
01000000
f802ff0d
f9f81109
0a06f9fb
fcf60702
ddfb0502
000101f4
08fcfe01
fcff00fa
03fafafe
fde9fdff
09fdf107
020ee200
20fe0402
03020211
05ff0715
11fdf600
0cf30cfd
fcffeb00
f800f706
040a0202
04050100
ff0002ff
fb040215
160104ff
04efe501
06fb170c
02090802
f401fdf6
0c07f3ff
ffff0209
fd07f7fe
f5010807
e93b0903
0e07f6f0
01fc0881
0af609f9
fbfe0200
ff00f901
0c06fe04
f90102f4
0107f9f1
f2f9fe00
fa00f909
fc19eb01
fefc0300
02000318
ee01feff
0dfe000b
f607f004
e1f61afe
02fffd04
00ddf8fb
32020500
00010105
f6f9fbfd
fb00f5fe
0d00d9f7
0703b903
f90003ff
040de70c
f5071101
02010403
f4e5f9dd
15fe2916
f50306ee
e301010a
0401f805
fa21fbfa
17000100
0200fbd4
fb050c2e
07fefdff
e00865cf
d619cfef
ff180a04
0a2ae5e7
ea210701
0001fee5
ff031254
fffff930
fcfef7fb
dbfa20ff
0704f905
06f10efb
15040503
02040017
f5000602
fdfe0002
fc0015ed
ed08fefe
e805ff06
fb17040c
06070200
01fffd24
eb000307
0bfff314
f6fd170b
10fe12fc
1f00ed05
fde3c303
f604feff
00ff04e6
ff040320
efffe2fc
0903e00c
ea035afe
18ff0403
0243e905
01000900
0000fffa
01fe001e
220014f1
f602b2eb
efeceb02
04010301
00ff0809
37fcfe01
0202ff3d
e3f90e3c
e2fe241a
08fd1ec4
e528ac01
21f4d603
fc4c6507
7e07d202
ff02ff1d
2af7ee07
460010f5
0ffded08
f81bfdf5
0e060703
0efecdf1
a4f8f6fd
01fd03c1
fdeff8d5
0affcf09
08021904
33120502
d701f404
fd291407
bafdd400
0100ffbc
f10b0020
afff1de3
fd00c213
b8e05707
d7fe0506
01d20902
e2043d00
0001fef2
f202ebb2
1c01fc06
07fef813
0312d8fe
150404fe
01d021fe
500500ff
03ff055a
e80000d6
fafd13f8
05ff1bf3
29edeb01
c902ebfd
08a41b00
1ff6faff
00fffaf7
ecfefd48
15fff105
0aff4a1e
4afd4400
1b010b02
012b18f9
12ffe201
fe000320
fff7f1db
da02e7f0
02024fd5
b5df0606
d3ff0105
fefcf815
10f4d301
0001fed8
10feedd5
6a00e7fa
0b02d92c
e9113e00
250c1604
0625d6f6
260404ff
01fffd2f
24f613e9
f8ffe20c
05feb9db
0be50efd
fdfceefe
07cda801
0be6d600
02ffffc6
fb0e0dbd
f0fedd04
08fe0e23
6a22abff
c7fd1f02
0a0df0f9
f7072a01
0000fe10
2401f8dc
0200fd18
00010000
ff00ff00
000000ff
00000000
01000001
00010100
0000ffff
00000000
0d0210fa
e1edd606
09062b02
05b21afc
ffeffa00
000000fb
fd09090d
1900350c
0601ed14
20181501
03011c02
fbf8effc
f3021300
000000f6
17460200
fd00f262
f4fd1b01
26e1ddf1
f7f922fd
096a28f3
e2f41601
00000010
0e49f51c
cbff0321
2102feca
dfafe9fd
ef022002
101109f4
ffbeec01
ff01fc02
26f52012
ee020181
5bfef6f4
1ae60efd
03051200
0c1ae5ef
f8050001
000101e8
1dd257f7
df00f1cf
1ffe0f14
fcc2f3fb
f8fc1e03
05ed20f8
0b420000
0101fff1
1af5383f
06001924
cd011cd3
c081f502
e1fb3205
06edff0b
fc42d004
ff03fbf4
ef00cd00
fd010823
00000000
00000100
00000000
00000000
00000001
000101ff
00000000
00000000
fa00161c
2be60801
f9fd0f01
f9620716
40fb1a00
01ff0422
f4f2f5be
1cfeeee1
fe03c821
2f00d6fe
0e041001
ff39f209
05041fff
0100ffee
09ff04d4
0100f6fb
1800e70a
d9ff9ef0
0f072003
03f4fbf9
0618ef01
000000cf
f10bf4fe
0affe9d5
f7fee6ed
02ed3c02
21031c02
039d22fd
f303ecfe
fffe01fe
06f5ea9c
d70111e8
00000000
00000001
000001ff
00ff00ff
00000000
0000ff00
00000000
010001ff
fc00e7db
2c294505
e702e805
fc560206
0a020b02
fd02fce6
061507e9
ec02ec43
01041fce
284ddc01
e80502ff
00680bf7
ee0df600
ff00fefe
0e1f07f4
d6010a43
f10025e5
036eb1fe
fb051b02
fd2ef7f9
d50df200
ff00ff0f
1d21f331
0e02122a
0000ff00
00000000
00000001
00000000
01000000
00000001
00000000
00000000
f0ff3439
e22e03fe
2e02e505
fe10f4ff
e4fe2c04
fc04ff0e
0ae1e336
0d0419c9
f8fe3339
e602fb01
0ffab600
07242700
03f93302
0002ff17
01d2f826
f400f9d9
00000000
00000000
00000000
00fe0000
0000ff00
000000ff
00000000
00000000
fa011318
07d5f2fe
03ffba02
02fd19fc
01151d04
0004fd03
0cdaf733
11ff07ee
010018f9
1cf403ff
0b00fafe
fbd9ddf9
fb0ffbff
02000425
13f0ee31
fdfe12fd
ef01f4f1
1604e8fd
fdff1a02
f9ad17fc
e7ffda00
01ff0217
1600ee2c
01ff0801
f902f8f6
1e0bda02
f8022402
f5b61605
f6f4e501
000000fe
060af304
fc0004fc
00000000
ff000000
00000000
00000000
ff0000ff
00000100
00000000
00000000
fd020f03
132d30ff
0a013a05
f7c9fc11
f5c6de02
fe02fefc
f0fff013
f20206e9
0700e90c
051ae800
f300f9ff
0001190a
f6cdfb00
01ff021d
e806faf7
ebffeef4
08020c04
d8161b03
00050601
fdec070b
06dd0d00
fe000120
0301fbe0
200207f6
0fffe207
fd0d0805
f4ffe5fe
06efe304
11dd01ff
000000eb
12faf700
12000cf9
01fe1cf6
f513edfb
ee04df00
0b0f0af0
f6f80902
0002ffe6
2d08f8f6
fa0005f5
0b00faf9
e80bfbff
f402e100
0705fcf4
07050f00
0100fffb
2909f0fb
01ffedfc
09ff0402
e814d104
f004ef02
0de8fdf1
140dfc00
000000fe
2714ec06
ff01fdfa
02fee5f7
e80bde04
ea03f600
05e7f3ec
ed15fc01
ff0100f0
2916ee10
090108f5
0bffffe5
fe11e4fd
f702fa04
07edf7eb
0228ff02
fe01fd03
1e1de0fd
f102f7fc
0000ff00
00000000
00000000
00ff0000
00000001
00000000
00000000
ff00ff00
ebfef809
e70ce509
0cfbfdff
00f40a08
f10ef8ff
01fefdf9
0f1ff6ff
14fefff5
fd03feff
f5090601
02fd1401
00ffeeff
0717ff00
ff00fe0a
f11df209
f40206f6
ee02fcff
eb11ee03
f3fc1401
020b08fe
f70ffb02
0102ff04
e816f707
fc000802
00000100
00000000
00000000
00010101
00000000
00000000
00000000
01000000
0000ff00
0000ffff
00000000
00000000
00010000
ff000101
00000001
00010000
e6ffff11
dbff10fe
06f80e00
0618f805
0b020b01
0102fff3
dc0c0600
14ff0306
e4fa1806
0beb02ff
06eefcfc
fad91702
0ff21202
fe01feeb
fe101404
2402180e
effff30f
da0104fe
fdfd0502
030cf4ff
06000504
0004fefb
df09040b
140001f8
efff1ff3
03f9eaff
12030501
0a0b04f9
fd0d0f02
0002fd05
e0feffe9
f7010409
00ff0000
ff000000
00000000
00010000
00ff0100
00000000
00000000
000000ff
e6fc000b
effa0cff
05fc01fe
070111fb
f8fa00ff
01ffff01
fb0a0e1e
f9ff1003
11f50d02
f20007f1
0ef604f9
f615b8ed
0fff0100
01ff0227
d001f9e9
fefe1007
f9f90a00
f8001905
0403f700
0424e602
f0fcfb01
0200fff9
f7060b0e
0bfe07fe
00010000
00000000
00000000
000000ff
00000000
01000100
00000000
00ff0000
00000000
00000000
00000000
00000100
00000000
0000ff00
00000000
00000000
00000100
00000000
00000000
00000000
00000000
00000000
00000000
00000000
e7fdfc04
fb09ebfc
0903fcfe
12faebf5
e0f60001
ff01fe15
19fafbe2
f902180f
fafbf7f2
0704eefc
000307fd
0cf407fa
f2ff02ff
00fe001b
f9f1fee5
e7fff810
f8f9f305
fafff1fa
fa06f902
07f302f7
fef9fb05
fe03fe0d
00fd0300
0501fe00
f7fd0ffd
0f04eff7
0407fefd
07f6daee
0201fd02
ff01fe0b
03f7f90e
f501000d
f4fa05fe
060bcbfd
f209f6fe
06e41bf5
fcfe01ff
00fd011f
03f605f0
07fffaf5
01fb0aee
3b03e5f7
090b02ff
03f1f4fe
18050802
000004f6
e7f7f912
f300e30f
f4fc08f6
02f824fb
0504fefe
fff1f5f5
ed040001
0100fdf2
11fbfdf8
1efe0601
ffff33f0
08fdfff3
040503ff
09f72ff5
e402ee00
00ff0005
06f8f2ee
c2011709
ec000010
09f6cefd
ee07ef03
02ca240c
0503e603
fe02fd19
2b090769
44021be4
02fdfaef
36f6f8ef
fafd0afc
fefd15fb
ee0d1d01
ff00ffef
f1f6fd14
fd00f622
04fdc103
ae121f00
f80c0d03
edffcd07
19010004
fe03f924
f1fe0c1c
3801d9f9
fafce40c
01fb04fd
f903f800
fdef01f8
09f8f703
fe020107
f6ff0702
0202e10e
f7fec61e
d0091af7
f6090503
fdecf005
e700f002
fe02f603
07fe0807
3302f1fe
feff0104
19fcdbf6
0b030000
00e7f303
f507f700
00fffef0
08fd0220
1b0025f7
ee0018fd
edf610fa
fa0b0403
fd0317fb
fb0f0904
fe03fa09
07030a04
e602ef07
fd023103
dd06f300
fd03ff01
fd040e02
f2ffebff
fffffe1d
0cf70805
fb010401
ff0115f2
1302dff8
fc0506fe
0419f501
d8fd0a00
ff00fe06
f4f70731
110118f9
ff031008
fd01ddfe
f907fa02
fdeb0000
effa0aff
0100feea
07fe00f6
08fff201
fbff3ddd
2a0de4ff
edff0202
0e342bf8
f3fef801
fe00fc3c
0ae900f8
cf01fd17
f506fa06
ce070901
f50b0101
fefd0603
e9faed01
ff01fc06
16fc0600
0a02faf9
00000000
00000000
00000000
0001ff00
00000000
000000ff
00000000
01000000
16ffe4ff
1604f5f9
fefefbfb
f5e1e900
44fd1b00
0100ff1b
e1fbf9e3
26ffe915
fc05effc
00f70bfe
04050600
ff10e102
01f9fe00
ff010410
0cfa00fa
1b020dfb
fafef502
fd00feff
15fe0efd
fe17d407
f3faeb00
01000202
f9fa0412
16ff1cfc
01061805
f7073501
0f0a0a06
050a0d06
08030100
fe00fb20
0bfffc03
fe02fbf7
ee07fcfd
dafbea0e
100bf302
fb08e713
d2fbfdff
fefffd2d
2efffff9
1d02080b
f206f900
e9061a09
15030904
ff10e706
f0f6f701
ff01fe08
1ffbfdfe
fd020b0f
fc02fcf9
2703d600
f8fefbfe
f912f9fe
e9f51201
0000ff32
f603040d
0bff0af9
07001c01
10f1e4eb
0dfe05fb
f3e1eafb
0d07fc02
fe00fb02
f20c0970
2d010b05
f903e60e
e9f73700
0a050a03
fdf6f7ff
1302faff
fcfffaeb
0e0103f1
f40413f4
fb02ff08
13f5dcf8
f202fc00
02f515fd
1c040900
ff0000de
030902d3
ea0119ee
01fef005
14ffe6fe
effffbfd
f903d4fc
2ffa0402
fe0100d6
f1fa0cfe
1301e2f5
0101ec04
0d02d8fe
fb01f200
02170606
e7fffd01
0001ffe5
fe01073a
d500feff
0202e214
bffd1f00
fcfdfc01
fbe2f702
1df9fd02
ff01fdc9
070101d8
0201eff6
02fffa0b
0803bffd
ee0202ff
fb2b0efb
e6faed02
01010422
ee0e07f5
ddff0cdf
de030a1d
13f3f002
f5f6e800
ffbc4c11
07e90101
ff01fef0
24181a4e
120013fb
fe03fdff
d90b4efd
06fbfefe
02fbf503
f7ecf501
ff00fd2a
0afcfe00
0d01f602
0900e502
1cf3f400
14ff04fe
f80be3f6
03020201
fe0100f0
f9f906ea
ff02faf3
fe001a00
29f5f1f9
020902ff
fcfa3ef7
0b0401fe
01fefdff
fb0eff83
e1ff23f4
07040ef5
1007fcff
07020a01
07110306
d101ea01
00000007
07fd0005
22ff10ed
fc00f1f7
0f03fbf9
09fffa00
ff1f0402
ea02f701
000002d1
f4010311
e1fffbfa
fb031dfb
f1feedf5
1404fc02
fcffe2ed
14090a01
fe0201f8
04f6f9b1
db031205
0204ec0b
e105f900
080911fd
f40ee707
1101f202
ff01f9f6
f90605f9
e2010405
0102f20e
db000407
e703f901
fe090407
fdf7f900
00fffd1c
ff0005f4
f1ff04f5
f206ee05
fef8d8ff
fc04f100
fe0b0311
fafa0202
fe01ffce
09fe06cb
10020f04
0a02ea10
070901fc
f103fd03
08c4d604
1d01f401
0101fc04
0afefb0e
f0ff14f7
fc02f70a
13f4f404
f103f705
06d61e04
0407f600
0001ff09
07f40227
fd0008fb
14fe09fa
35081cee
f5fc12fd
04040ef0
15111502
0101ff27
daebf6e9
d6fd0404
050404f6
1a0f16fa
15001200
0a39e907
d4fe0702
ff0102e5
0cf7f6c9
11002b00
f9fe0efc
26020af8
160111fb
fb1ed1fa
13101f01
ff00fccf
faeaf7da
e400e717
f7021d04
ed0cfbfd
f108fc07
110f4e02
cc0df601
ff01ff13
0cf5fd00
ce01fc0d
03062b03
ed052afa
08080207
0d0903fd
f5fd0f02
ff03fc05
f7fef20f
f103e209
f7ff2104
0b0408f3
06f7f4fe
11f532fd
faf30900
0100faee
f103f4b9
e300f009
1302d7f4
3fecfdfe
1709eefe
ff0fdc02
0b0511ff
0100fd35
fefdf3fd
fe00030c
e4ffcf13
c6211304
d80105fc
0433e1e6
d3ecf700
ffff01d8
02e90a99
de01fe10
f8fff6f7
21fe1efe
0e0604fe
fcf5f6fb
23020d00
01000116
fdfc0803
fc00f119
0a01fdee
0dfccf00
0909f2fe
f80d0ffd
0fe9f901
010001f3
db0dfec9
fcfee70e
0001effb
faff24fe
0101fffd
f8fff0fe
10f80d01
020100fc
fcf901ef
0bfee206
f103f006
0af32cfd
01ff0500
f2d9e808
2efe1b02
ff02feea
0c070737
3201ef01
0705ec0a
e00e1c00
f3110306
0946030a
ea0bf400
fe00fcfa
ea02fc2b
ef01d7ef
e80add08
8a012608
e70bf708
05ddd80d
0cf707ff
000100f4
2a0a02fd
e902031b
fafe220b
e3fe26fc
fd00fafe
02f6f4f8
2dfe0b00
0000fdf6
fa040c0d
2400e5fe
feffff0c
cf1060f7
060013fe
05efcef0
0cfefe00
0100fada
01f9f607
ea00f90d
150728eb
160bd4ff
f5130a06
0b25d3fd
1503fdff
0101fafd
e6f4edbc
c400d70e
fffff605
0af1ebf4
0cf904fc
0119bcf5
04080e03
fe0201a0
f902ffdc
f80133fe
f701d20c
0415f907
f0091800
fe050dfe
e801f503
fe02fcd3
f2ef00f0
c002d705
06ffe8fb
f8074eee
0cfc15fe
03c5e1e8
660a17ff
fd01fdd2
e2f0eb47
f1059a16
e2040300
1ffeb60d
f60a0603
0ae91508
f1030aff
ff010023
18fb1716
010200fc
fe081aec
21f1f40d
1015fe08
08f51614
1afe0eff
ff01fcf6
0a07f5dc
cd03f20f
02022cee
dd020cfc
06fd0cfe
f31b10f7
f90711fe
00fefeee
0200fb06
2a01eafb
ff021b0b
08f3d3fc
e408fd03
00123703
240d0e00
ff0001d0
ff0f00a5
2d012df7
030003f5
14fc0bfc
f80103fe
05fff2f9
de070cfd
02fd0009
00f3fdfd
f7fe1c0e
fb020101
0402fe00
00020206
000601fd
040102fe
000201fa
05ff00fb
000102fe
f9fef205
24040502
16010601
00f2edfa
eefefc00
0001fa16
05ff010d
f400fc0c
05000b03
20102b08
ed080605
fe04ed03
fe02effc
fafbfc20
f0fef8ea
f505eb07
f90229f8
e8f7d403
1601fe03
ffe408fd
52f8edfe
fefef8f6
07fd07f9
1902c304
06002507
1e18290a
1d0aef00
0dc5ff0d
cb0dd500
ff00fbb2
f81711c0
22010af4
04fe6ff0
3906eeff
de02feff
fae89807
4d01f7ff
fffefb2e
06f8fe2f
cc012301
0603b315
cdfe02ff
e3040600
fbed7ff1
5501f800
0000faff
fdfdfa22
ee00eefc
ed0186c5
ea0df1fd
f2fb0802
f8fce2fb
9c0847ff
0000fec1
f513179d
2601fdde
04016bfc
b5dfe0fb
07fc0a02
f6f5f204
b5fbec00
0100fd4c
0e0707da
e0fffbf9
fe03b60f
e8ea0706
f80202ff
084329f9
f702e9ff
00ff00e6
f0fffb2a
0900ff1c
fa02d703
0c05e903
fe000000
09c9e1f7
2601e2fe
00fefd7f
f9f0faf8
cf00141f
0900cb07
1702e4fe
dbf4e6ff
0703aaf2
5dfdb8ff
00fefe54
00e6f7c9
6700fc0f
03fef200
32062c04
ff020a01
050b1bfa
cefb1800
020002c9
fbf3f822
04ff1f0c
0a0025fb
d1071e01
0ffb09fc
fbfdff01
cc030900
0101fded
02f4fd0d
0500e801
f90007f1
1309e502
29fe12ff
fa1822f6
ed010c00
fffffdc4
06f6fde8
d700f211
feffd309
f809f302
fffff7ff
001734f8
eb0eff01
010101ff
f6f80a1f
d6ff0d1a
ff03e2ea
c9fc1601
0700eb00
f9e5e0fd
c90409fd
fffd0214
0408f914
de01fef9
0000fcfb
f801ebfe
f6fffefc
0107130b
ed07f2ff
ffff0517
f3fe0428
f6010f0e
f9fb0515
21141402
10f8ff00
fe12daf0
2ff60100
0200fefa
020905f4
1dfeef09
f9fff4e8
e008e9fd
e9fef0fd
fcfcdc03
eb0ff7fe
00fefc28
02fd0c0a
2300e7fe
03ffe913
fa031c00
04000400
06000d05
0afe0e00
fc0003f5
f7fa0323
ee03fd04
040005fb
10040ffe
f8fa0800
02f9fdfc
03fe0200
fe0100e3
fafe01e9
ff02f40e
0b021301
f9fafcfc
f6fff3ff
00dd0d0d
1203ff03
fa03ffd7
f3fafce6
f206f0f6
fb02fd03
06fd0305
010504ff
0105fefc
09ff030c
7f0d01fd
05feff01
fc8103fe
fefc01f4
03f0f9ff
fdf4f802
000efafb
1907fc04
0104fc18
f9f901fd
f2fffd03
05fe10fb
f7f82801
1806f602
06f2f70a
ee0e0001
0002fc11
fe02f0fc
19010b0a
fd00eb01
ebfa02fd
040002fd
fef90002
f605fd02
00020202
fe0703ee
f500fcfd
f7ff0907
06fcf8fb
fb0309fa
02e9f102
f6f7efff
00ff001b
fa0afdf5
0200f502
f401df06
01121604
f3fc13fc
f0ee3302
f6f3faff
f9fe0c05
02151102
330710f7
ffff1704
ff07f0fb
0304ff02
00ff0502
e4fa0109
f708f517
f40007f7
f7080101
04fafffd
09040b05
fff8fe00
ffee0703
12f8f704
fd0403fb
fa010ae6
fd020a06
03fe11f2
e502e907
0405f1fd
f922fa01
fa040201
0102fd0a
fe03ffe6
0ffef903
0304fe00
0a040305
0304f9ff
f91100ff
ed090b02
01022910
fefafef5
03fe0203
07fff3ed
f60ccd05
08f9f9fe
06f400f8
fc0d0d03
fd02fd13
fdf3013d
e603eb04
09fffef3
fd0df501
fc04f400
ff0af0fb
f9fa0fff
ffff0011
0200fe07
0401030e
16000704
f601d5f5
0812e702
f2fc0205
09141508
fc06fd1e
ea0c0408
0f02edf7
01080e04
ef0316f8
080b0601
09f10b0a
e2faf601
fd020926
fee1f5fa
14040603
04020dee
14fced03
1006f705
ed08e4ec
1e000105
fe06fd0b
f9000403
ed03f8f7
f3fa030f
02020fa7
0781110a
7f27fe7f
0e0c0700
010002f2
28091efd
09fffff5
fc02fd08
10f71815
0d0102fd
e40b04e1
cdfefd01
fe00fd20
fdfaf909
f1020f08
0901e7fa
f7f3e000
0006ee04
fae0f104
0306fd00
0001feec
fd03030c
10000d05
09031301
0706f101
fa09fd02
f7050908
e90a0701
01010302
fa02f910
10fffb0b
fcfe0103
000de9fa
00fb06fb
04f40c01
1502fdff
fe0001e6
faf6fd0c
00020bf5
f70a06fa
0a080606
fb0eff05
f8d1fefc
16fa0200
fc010310
f1f6fbda
d404fc00
0c0625f4
eaff0200
ec06eb15
f7fcfb02
0901ff04
01040116
ebf91013
01fffb0b
09fef808
fafd08fe
f701ec10
00e70a01
e301fd02
fc0200eb
f5f9070b
0204140f
f0810301
02f9f710
07fe12c5
0f1c00ff
11f40700
0000fdfe
1406f6fe
f901000a
0305f001
e90401fa
ed03f9fa
fbe3fcf6
d513f501
ff0102f5
ef07f9ff
060007ff
fb010dee
f2f80e00
fcfbf1f5
fd06e4ef
17020101
ff0102fb
fbfb0802
fc01f3ff
0a06f001
fdfaec06
f608fa01
f8f70f0e
d7010301
fd0108f7
eaedfd0a
1c03101d
040208fc
0003f6fc
ea06f6fe
01100603
f3fb08fe
fffefa47
f0020201
12010509
08fc0202
1ffb0ffd
fafe0202
f82afcfa
1001fefe
02ff01d0
f7fb00e2
23fe0dfe
0403fb03
13062306
0a07fa05
f4db1d08
eb06f001
fb02fdf3
fcf907ed
f405f5f7
08ff1203
e6102aff
fd07ff01
f40f0901
0907f705
fe0402e2
ff0102da
e301ea02
0a02f310
06fff7fd
0cfbe802
0616e1f6
d8070f02
000200d5
fc07092c
23ff06ec
fa050b0d
00fac006
e605e402
fe81f0fd
0cfe07ff
ffffff37
e4041313
b301bffe
f9045104
f9de12fb
f205feff
ec3b0f0c
c4f40801
00010011
e5fc15f0
3e00371e
fafa81ed
1a0a3d07
20faeb02
fd25ecfc
7e140800
ff0000d8
d90e0533
b1010903
01012cf9
bf1eb7fc
fdfcf301
f943100c
06ffedff
01ff010f
09f10214
f3feecfd
05fef7d4
2214c900
2202d003
fb4e3e04
20fbb800
fc00fee6
f4f815fd
4b041612
0400fef8
04056fff
0505f503
ffd1cf07
c4022100
ff010110
f9fbfb28
d201e601
0101c900
d800f803
ebf8e6ff
ff227402
1b060701
0100014f
f2f20595
0dff3808
f4fff7e8
f80ee5f9
0c02e9fe
ffc0eb00
d5091a01
ff020599
dffffb1a
b301ff1a
ff02ea0b
48f9e701
0205db03
fcc92efb
17021a00
fd01f709
effc0c56
fc032807
ffff4ef4
03010d01
06ffed00
f70214ff
f6f9e8ff
010005f2
daf7f5d9
e500fcf4
050565e8
cdf6f904
dbfde804
f402560f
160de703
fa03fa1d
fce8f324
7f0611f6
05ffed05
b9047cfc
4804ea00
fefdeff4
37fce901
0201fff3
f4e003b8
c1ffdf01
0a03ee81
d1e941fe
f2fea203
fc94cd09
56e98102
fe02feca
e90708b2
1f02e9fe
07feeb20
412204ff
ecf8e9ff
04170104
f807fe00
01ff00f4
0605f8dc
effef5f8
f202f05e
0b0dd909
07f904ff
0308f302
dce93c01
ff01ff0b
eab3fcfb
fd01f5b9
fb022908
fc21ff06
07010000
feab1103
07f5f3ff
00ff0001
f2e2130b
45001c20
ff00fc3a
243b1f02
09020700
f8f1f0ff
060f14fe
01feff07
0634f8f4
fafffb77
c1030523
ed0de702
03fb0b02
fe14fc0d
ebcf16fe
fffffffa
027fc606
0101f953
1202fff0
0efaff00
00fe0602
04f803fd
0a81f700
fd010106
1d270716
040306ac
7f01fb17
272004fe
0d06fb03
0211fae6
06d51800
fd000105
27ed7ffa
f503f4d9
5e021f10
caf8bfff
01000901
05e513e1
de230600
0000fe09
12f87afa
0000023d
17011eea
dccbc602
f3fd1101
06bbdbf0
fa17d400
010104fa
01040e13
ed001925
fefd0bea
f5b34203
e1f81a05
0502e206
0d01d402
fe01fd07
f2f8e222
f101fff2
15ff1d10
20c80cf0
ecf3ffff
fb61b9f7
00fffe02
ff01ffad
f2faf6ff
db00f102
1604ea25
24c1b302
ee011804
ff72d50b
010b1f02
fe03fae8
06f6180b
0303ecf7
00000000
ff000001
00000001
00000000
00000000
0000ff00
000000ff
000001ff
0b00ea01
fc930102
22ff3a03
00ad1808
0905f500
ff00010a
f8ecfeac
ec01fec5
00000000
00000100
00000000
ff000100
ff000000
00000100
00000000
ff00ff00
0804e7f5
fbcb540f
f0030104
043a1912
0800f3ff
00000036
0a0013d9
dc01f40f
00010000
0000ff00
00000000
00ff0200
ff0100ff
00000100
00000000
fe000000
000312c6
280bf703
f2f72300
02083810
0701df00
000000fb
17381ac7
f1fff847
0903fbdc
0d2fd902
fb034001
f8fa0406
f806d9ff
ffffff16
112e0508
fc01f92a
f3030ffc
fe24ee02
0b011f01
fe000903
edf7ff00
fd00fff7
13140dea
f903fa0a
0801de1e
d4233801
fbfef501
033fe608
0afc1201
0101000d
02f0010a
eefffdf6
04ff0c33
e1f31705
13ffc702
0259f505
08074303
fd04fdf4
05e609f8
070303f0
00000000
00000000
00010000
000000ff
ff000000
00000100
00000000
ff000000
ff001310
03d9e200
0a00be01
022010f3
ff2236ff
fd00fef6
14e903e8
f5030102
f600fe0e
12d8fc03
08fad8fe
ff0117f9
fd191100
010002fc
1ceb070a
f9ff1001
f902dd03
14ed1203
09fff702
fbcf0efa
0319fdff
0000010b
10eef80c
0b000107
fe01fdf5
edf728fe
fffd1200
f4da0301
f80fe102
00010026
eff3f827
0fff090e
f7fffc0c
24f81901
0df31fff
eec0250d
e7f0de01
fd000501
fafb010f
0002f9fd
f4051009
11080602
0cfe2302
f1e7fe10
e3ebea00
00fffdff
eded0910
00fffdfc
0002ff03
04ff0702
02ff0602
fcfaff06
00f7fe00
00000000
fbfb0102
000001fe
f305f00c
1bf1f307
fe010202
f8e8ee1e
02dbffff
01ff01d0
01ec0921
1aff13fe
08030118
02fc0e06
0303fb02
f5f4f70c
08d20aff
03ff02d9
03e60bf7
09fd01f6
0f03fe10
07ff1907
fe03f004
fafd0b0e
01d20300
0000ffef
17e504fb
000002f3
0a010106
09fcfa05
fa03e000
f8fd0900
fde2fe00
00ff01f6
2ff10800
0bff06f9
0301f806
e00c1005
fc03f201
02ea07ff
02f2f4fd
01fe05ed
35f6f1fd
fa00ec03
1101f5fc
1cfef803
f901eafe
fdf61df6
f3f60000
ffff02f9
35faf3f3
f500fcf7
1601ebf8
1a090dff
0d03f700
0408e8ff
ea020000
0100fffd
32f8e8e4
f5ff05fc
1afe06eb
120b1604
fefef6fd
f7cf0af0
3804f9fd
00fe040f
22ffede0
eb00fa04
0101fbfe
01f7fe0c
13fee800
fadc1311
f3ff04ff
03fe01fe
3213fb1d
27fc01fc
1b04fdf6
1210fe03
02000000
fcef02fe
fb0ef2fd
00fd04fc
1c09eae6
e8ff01f1
0e04f5f5
190fe505
fd00fe01
00080305
e60bf5ff
ffff0111
140beefa
0500f1ef
0b02fdff
fd160f05
08f90201
03e90106
f90c00fe
02ffffe9
040ce3fa
f0fff8fc
14ffcefd
0107380b
11f610fc
efd9d80d
20080eff
02fe023b
f203f70a
26fde9f8
0b0221ff
f9ff2003
0ef50901
ff0c1207
e8090500
ff0101f3
0803f00b
f5020efe
18031200
09ff0604
06f80604
fb1ce60a
0d1004ff
ff00fc2b
ec0df514
020216f5
0203090f
26f9f207
f9fbfb02
fff20c07
060b10fe
00fffde7
f50c03fa
d901ebf2
0400db14
df0b3a02
faf70b02
fe10060c
fd03ffff
01fffceb
e90ff706
f6fff2f7
00000000
01000100
00000001
0001ff00
ff000101
ff010001
00000000
00010000
0eff25f8
e6fbc403
fcfa00ff
0007e1fd
04030100
ff00fde9
da05ff19
2001faf6
0205f5fa
f113e213
f6091706
0c18000e
110f07fd
02fe0128
03f8fa1f
0cfe08ed
0bfd21f6
10021f00
18f805fe
0208f703
23100aff
03ff02f7
dc0cee20
f6fdf902
f9fb060a
00f80106
00f70100
02032207
fa0307ff
02fffff0
f50efd09
03fe09fb
fffe2dfe
080af000
fdf1fbfe
11161d04
09f1f4fe
01fefff4
fafef819
f0ff1303
00000100
00000001
ff000000
00000100
ff000000
000001ff
00000001
01000000
fefefb0b
0dfb1c02
01ff0600
04150afb
19090cfc
01fd03f5
f009fccf
f9ff17fc
00000000
ff000000
00000000
00ff0000
ff000000
000000ff
00000000
00000000
03fcf502
fdf72302
f4fd05ff
03f807fe
160b07fe
01ff000b
f501f4e6
f1ff08fb
0bfee9f0
0afd2203
070a03ff
fe17d3f8
110402fe
01ff0719
e506f7ee
ebff03f4
e2fdf505
f3f52308
00fdf701
fef10a03
e3f50c00
ff01feef
150910f9
ff02fe0c
0000ff00
000001ff
00000000
00000001
00000000
000000ff
00000000
ff000000
060015ed
f8f9130a
fc02fc02
0dea1ffe
25fe11fc
02fd03c7
f203f0f6
fcfed4fd
edfe0b06
0806f107
0502f800
05f61e05
e8fafc00
010004f0
1004000c
0c0004f1
fbfdb60a
d008080d
130205fe
0305c000
e0f6fbff
02ff0217
17f4edd3
01ff03fd
08fbfcfd
0500e704
0e02ff00
05ecf7f9
e902ff01
010001fe
fe06fdfe
feff08ed
01fb0104
f1feedff
fbfffa00
0801d9fc
fa0005fe
00fe0100
ff00f81e
0500fdfa
09fafcfd
2df7be00
0800fcfc
fff930fe
ee1108fe
01fd01f3
fa05fe3b
09fe00f1
02fd13ff
0801f3fb
0b040103
07f0eaf2
1a0906fc
01fd05f0
fe03f2d9
e7000704
05000900
f901df00
ff030502
090f16fe
00f8f300
0000000e
fa09fd09
e8000600
fbfc04fe
0304f903
0601f6fe
0332ffff
f8f70a01
01000430
f90203ec
0cfff1f1
ee022ded
fef2ff02
15060702
00272cf8
b90c1501
ff01ffff
110108ea
0501f10b
fdfff500
02fc1003
05040001
0110e9f7
f8040cfe
01ff0116
0103fc13
0700f0fd
06f708f7
0aece7f7
01f1f2fb
f1e0f1f5
effb0601
ff00fff1
0d0c011b
1401171e
e9f9ec12
eaf2d0fd
e2faec00
fbc207ff
e5f4f602
fe0104e3
1d1f137f
5d011cf8
110114eb
32081a01
f6051301
0e0711f8
0d0c0bff
00fe0300
f0f8e9b8
b6ffff00
fffabe07
f5021e0e
fe0003f9
f3e4d6fc
21fc1a00
01ff0536
f200feba
1dffe117
00000000
01000000
00000000
00000000
00000000
00000000
000000ff
00000000
fdfc05fc
0d030bf5
1e0002fd
0b02e2f5
d8fcf601
00010203
07f8f9e0
edff1e09
fef614ec
34ee21f3
06f912fa
fdb6e2f1
490d2100
00fffeda
e2f6fcf4
22ffef19
0afbf502
07f70e00
0703ff00
f4002408
21051400
0000fef1
e20afbe2
2400050b
ebfeda12
1ff6fcfb
03f806fe
08f20ae9
f305effc
01fc0210
1903fd04
d4ff1c0a
e4fe1ff9
f20ae0fb
0c080600
09fa16fa
e21005fe
01fe0014
0e0a0822
ebff05ed
0201cb26
8f1a19fd
ef031f00
fa09b7e7
2804cf01
0001022a
f9150146
0001d9d3
07fef000
c00624fe
00050d01
01f6eefc
0afdf0ff
0000fef4
fcfefcf1
fc01ff03
0df9f1f8
1cfeebfb
1500fdf8
f50805fb
d00e0301
02ff032a
faf908ee
2bfc0f07
0d002eec
49f7edf6
0d01fc01
0efafd07
e31028ff
00feffea
ecfbf639
fa00e00b
02fd1503
0bfafafc
05f603ff
fa07cdeb
1306f3ff
fdff0008
fa00fbe5
f80301fc
f7ffea16
2505e902
fbfd0100
fd131df7
eae4fe02
fd01013a
f70f0f1e
200106d1
f501f707
bc0ee7fd
e5080504
fce020f2
fe02e603
fe0105d2
fc080910
1600e5f3
f5f7e5f6
cc1202fe
e9f604fb
f3174ff0
d6ff1100
02fe003c
03f815d6
cdfdd937
ff0525f3
25fc07f9
0f16030f
0bfaeb00
21070c07
f808f4c0
10feedfd
ea0af7f4
02fd1207
08050bf5
1ffff5ff
08e7e4ef
e7fffcff
00000393
07f0f8fc
c901fd1c
feffd605
11f9f10d
e4fd0300
0014f7fd
e3000300
0100fded
0cf90028
0200e4f9
f7fefa0c
eefc2102
f204fc02
feea27fc
17ffe800
fb00f7c8
1807010f
df06ea03
ef00e925
c5ffe903
eb01fa02
faf6f7fe
05f7e501
0001ffd0
2201071f
1b0003e0
e2020b02
e4f04f02
19faebfd
03fadef2
edf5f4fe
ff0101bf
38fc04c5
e50408ff
fbfcb5fe
02dbf905
1afcf1fb
edd0f104
0bf80800
00fd0125
20111455
6efe3203
f208d202
fb133511
fa190707
0a19d51c
fe090afd
00fffc18
02f60823
f701dbf5
ec01f615
cf14bffa
eb03f805
f70d00f4
02fded02
ff01fee7
0e191f60
4d01f7eb
0bfdf400
23131303
f30102ff
004c36f2
ee02f8fe
ffff006c
f2f30709
e8021ae1
f7fc01f8
fafca8f7
edfe02fe
eef3fcf8
f7090505
fdfff9e0
f3fd05f7
0efed907
e9ffda10
0afb2e09
eff8fefd
02bd4e05
19f60300
ff0001d4
1f0a0a15
100106f7
1800f0fa
2d05ec06
160b06fd
f3fcc3f8
1b0a06fe
00fe0532
f60401db
fb000af1
06fc23fc
3807feeb
14fb09fb
fef7fde3
0d06f703
01010051
fc010351
04fe2908
f5f42222
701b7f21
7fe57f01
fff9fb2e
d1a4d103
fd020072
81f5f870
3a027fd0
ef03f806
20fed210
e606f105
01062718
f6fa1600
fffffb25
0efa0d19
4800e0f4
18fc20f6
ebff1ffc
e3f004fa
eb0a5a04
cdf911fe
03fdfffe
ddfff58a
c7fbd514
04fd1c00
d30c1a00
eefa03ff
fb1de5fc
0b0bf001
01010509
f8f4fcfb
22feedf7
ea0530f8
cefeeafb
ef0f1504
0b3616fd
ea07fd01
0101f60a
0cfb0b23
d2fff611
0bfcf10f
2f030df4
0dfaf7fc
08ee13f8
1f00fd01
0100fe46
eb04fff3
25fe28f7
050317ef
17fb32f6
080b030f
fff5e702
3bff0f09
f70af3fb
fdf6f8ff
f20aea03
0e05c7f7
25f91301
1b0b1406
fdf2aa0b
090a2eff
ff000054
00e3f91d
f901da12
0101fb04
2bfd220b
e7feec02
0bcf1c02
30ff0500
0101030d
fbff0116
b50005e9
0501ec00
11050907
e8fffd01
09c60f03
13000300
0000fc03
0a04041e
010008e9
09ff41d7
27ee42fc
29f800fa
f8d90cfe
3b0a1400
00fffa31
f4f9f7d0
24001b13
14f831f0
e2fd2ceb
02edf3f7
f600f3ef
0ff3fefd
04fc00e5
ea09fbd7
f0fbf41c
0efaaf12
c6064efe
fdf507f9
ecf3effd
07000402
ff00ffca
f5fa05c4
1600c6f2
0bfff901
0efdff06
1003f700
060d120e
00f41000
01fffe16
e70404d8
eefee2f5
fefdd2fe
19fc06ff
e7fff8ff
030e05fb
fcf9fd00
fffffe02
02f8f6c5
dc0117fb
0a03e7fb
11f5f603
e0020203
f914eb05
0ff10503
f902fbe2
f3ff04f9
1c0601f6
06020800
ef03e803
ff060202
010ced09
ff090cfe
01fefce9
10fff803
150018fb
e4030c11
f801d907
effce302
0ae60a0f
10f20201
ff01fbd6
22060fe6
10011aff
f5fcf1f7
3103bffd
03f6f6fc
04eaf50d
f2ef0fff
01fe01f5
edfe08ea
2afee905
05011c06
0005e8fb
2a02f701
0613eb05
e504f9ff
fe00fce3
090cfbe2
0302fef0
ecfd18cd
e704fb11
05fffdf4
f8e2fc0c
02fe09ff
01fb0f0b
fa0207fc
fb04fc04
f77f05c7
fc0afcfd
dffb07fe
01fae6ff
02fd037f
030b10f5
01811b7f
e6e2e606
f7021cc9
fb0afe00
0801fa04
faf5fd01
fc051503
07060c05
fbfd08fe
fc07fd0a
ff0112f1
f501fd10
01fb05f1
0aeafdf5
fe010001
f60919fb
f7001002
fd00fdfc
f002f825
fc1801f4
0401e21f
fe0bfe04
f6080203
0801fc11
fdfdfbfd
ff02fe11
da06d2e4
071715ff
0101cfee
ff0600f3
f9061705
04061d44
00fd1602
0004001d
0c0101dd
f610f9fc
0802e904
e80bffff
f9070301
011607d4
00fff5fd
ff06fff6
f8ffe950
02fcfd02
07f6fcee
15f0fdfb
f807f801
07e5ec01
faffde04
fb05fcf9
0501fa07
f7150711
07ff00e1
05f501d3
04fd1c02
0cf41520
fefef303
ff08fffb
dd030af2
ed1fff02
0001e31d
ffe60008
fd041c03
101614eb
02fe1000
000300fd
f70000e2
f7f4f819
0bfb0d19
fb1affef
ff022102
fa0bfb06
f5fdf800
fd08fdfb
0000f83e
08fe0a0a
0a011dea
ffeafe0f
ff010c01
0ce813fe
01ffe701
fd07fd0d
e50119d8
fe0100e7
0002d0f0
02120017
f808fd01
001bfdff
04ff0aff
000000f7
dffe08ed
f91706f3
0702ed01
ff09fffd
f90718fe
fbf4fa0a
0103fefb
ff07fffa
fd022ee7
f31e0010
09fd05e6
f1e7f8fa
f60a0a03
fd39e50a
f8fcfc00
f707f7ef
fe02f3be
fd1dfff7
0004e911
feeefdf5
f8081501
f424ff06
070010ff
fd01fd01
040311e8
fc17fbef
00fa120e
04f7fcfa
ff021a02
06e4de03
00fff101
fc02fc03
02fffa5e
ece6001f
00024aeb
0ce1fedb
05fd1400
fecc08f4
fe00d600
fe01fe1a
05fdfa24
fa0f0300
08f9ffef
07f000ef
ff0115fe
08dfeb05
f902eefe
ff06ff00
1802fcdf
ef030203
0303f809
0306ffeb
fb050402
0012f804
f7fe18ff
000100f0
00fffff6
faf7fdee
04001802
ff130012
fd02f4ff
f80ffdf4
f7011102
ff03ff04
eb010bcd
ea06ffe9
0c040dfb
f110fd39
ff021a01
f9101802
08fe04ff
fc08fcfe
eb0110e9
ecfdfeed
0705e4e9
fb03ff08
ef100601
031bff06
04fffaff
ff06ffff
e00014dc
f4f8fff9
0609f4fc
fb01fb02
f30c1200
02ec1613
0b00eaff
fa05fa0b
f8ff0eed
2e150cf8
031cf00a
0a0500f0
7f81ebff
0411fcf3
1c00fc00
000200ff
f600111c
f6f8fcef
0200f7ff
0405fefb
f50b0e00
000fed0f
000002ff
fd03fe04
f9000ac8
f2fdfb06
0207e300
fee2feec
fd050e00
fee6effc
09000201
fd02fefe
ef01f6e8
03fb0110
080c09f0
07e301fd
fe02fa01
fc0910f4
0bfef602
000600fc
f700f5e5
f2fc09ff
0b010b16
f3f60014
fb060a01
04ffeaf6
05fe0800
ff06fffe
eefeff1b
f1090201
03003400
01f10104
fd02fcfe
f6f10908
0302fe00
000400ff
fe0c0201
fd06fffc
0b050605
02f60af5
03fd090c
02f20404
06f4fb0d
090e09fc
f70200ff
f9030001
090604ff
fefe0604
ff01ff02
00050608
06fe0500
060906fc
f700fff6
ff0205fc
03040eed
04f7010d
04fc0600
08fe010d
0600f601
010201f0
f906fcf4
fb0504fc
08030301
fefd0800
fe010106
02ff0506
03fafd05
08090801
120204c2
ff080c00
fe07ffdb
05dd01f5
02001901
0617220b
06012c00
010301f7
1a02f804
f4fdf9f4
05fdf9e4
faff00ed
f9071502
0509ee1b
fcfe0303
00060000
1affead0
07f801e6
0200e8ff
002200f5
0100f6ff
07f50122
02010101
00020005
03fef700
f7eef8ea
05fe15e0
f7f801e8
03fe0ffe
fed8030e
0702ea01
00050002
09ff255e
fb0608eb
000547dd
e900fee8
03fcfbfe
0dfddb1a
0103f501
fc04fdf3
1301f707
efff067f
fff8dd7f
007f007f
01ff3301
817f7981
fd00df00
0001007f
07ff03d9
f81dffec
04030afb
fedc00f3
fc04f4fe
08e40912
0001fcfe
000300ea
0bfefada
fe04f917
0306f605
09d300fc
000103fe
f9e905f1
07021100
ff040013
21000800
fb1405ed
0102ff0f
f8030017
000106ff
010df8f8
000102ff
ff03fffc
ff00f617
ee0201fd
04fc05e5
faf6fff8
fe020701
fef0efff
fdff0902
ff03ffff
f5fffafe
02fbfbea
0403f104
f2f90109
fe0206fe
08031513
080108fe
000301ff
00001110
0202fafc
0103f2fb
f30cfffc
fe010a00
0bf30f05
02000d00
fe01fffb
f6fe040f
fef5f90c
0204f0ea
0409fff2
fb050ffe
09e90eec
04020a00
fe01fff9
0afe13f9
d5aa2b2f
04070cf9
0f1801f5
fd0254ff
1b0beef3
01002c01
020101fd
01fef411
040c0afb
040ae60b
f2f50104
01fef5fe
fa171113
090101fe
0102010a
02ff0413
0903fff0
02fc0efa
fd0b02f8
fd0304fe
03fc1006
000110fe
02020200
07010034
01f9f8e8
fcfde9f6
072504ed
fe010c00
030cea14
01005500
05fe050e
03fd1206
02fc02f4
08fae7fe
00120101
00ff0afe
0405150b
f8010bfd
000500fd
19fe140d
10000905
0100f30c
07170106
f80701ff
040b0007
fc0103ff
010001f9
04fc0009
fdfff8f8
0808faf8
f0090109
fb04f2fd
fc081e07
0a02fdfb
01030102
eefc02ee
0311ff09
0007f20c
f8f9ff0e
fa05fbfb
fc042209
0704f7fb
00fe00f9
f2fdf70b
fe06f5fe
ff062621
fa0b0207
fffee8fc
f7f402f4
0503e6fe
02fd02fb
06fe0b2c
fafcf40f
0301e218
fbfbfff0
02fef8fe
07f5ea03
fe020000
fe02fe07
0bfe0324
01fffcf5
03faf2e7
030cfefd
fb050afe
09eeeb10
f901f8fe
fd03fe09
04fd00ee
fb00f8fa
03fff203
000effe9
fb05dafe
010420ee
090105fd
ff00ff01
ebff0ed6
10fe0208
020230ce
fcf90208
02fef8ff
ef1c0b04
0201f300
02010203
f600fa0e
0703f911
01f942f5
13280205
ff02fa00
02130612
0700f4ff
02010201
e8fe02ef
03f70aff
fe09cf17
ed07fefb
03fdf2fe
00072714
01020cfe
fffefefc
11fd0911
f7f1f003
02051efe
ee0f01f7
01fef5fd
0109c902
0102f8ff
01010110
f2fc1034
0afefdf7
0004df0a
061bfe0c
02fd07fc
0cf30b07
fc04d7fe
fd02fdfb
f90008f0
0b03fe02
fb030fe3
f6f60102
0000eaff
ff0ef619
0001e600
02fa02fd
f30119fe
f306feff
00fdcd0f
e916feff
fe010101
040007fc
fbfe0b00
fefefe03
f6fc02f6
f808faea
01033602
f600fef6
fe00f0fd
f6fa2df7
040202ff
fdfefd15
0dfc23ce
df0407f5
01020900
f62301ef
fc0402fc
11e121e6
000312fa
01fd0105
22fd000f
f601faf7
0102e4d3
0c1bffe6
fd02fefe
fa3820d8
02011efe
fffdff1e
00000000
00000000
00000000
00000000
00000000
00000000
00000000
00000000
f300189e
dd05011a
fcffd710
074d01e9
0101fbff
04b716d2
03011100
01ff01d8
07fef2ba
f6f6e405
000a1b03
2817005c
ff01e2fe
11f7bedc
0b01fc01
00ff001f
09faf8c2
f6f51be6
0103eff0
200bff48
fb05e7fc
16ffdbc7
ff0321f8
fffcff22
21fe0cee
945cd315
fd04d20b
1d12feb9
02ff3ffd
faedf804
ff0317ff
fefffe07
5dfe0104
f008810e
010ac7ef
091400ff
01004dfe
e0fe0b11
0401fd01
00fe0015
20fd23de
47a6b108
04001303
ec12fe61
fd043aff
06f52a03
fcffc6fd
fefffe09
ddfdec20
77a503fb
fff824f8
fb0d004b
ff00dcfd
18e3140b
030313fd
00fe000a
00000000
00000000
00000000
00000000
00000001
00000000
00000000
00000000
ea011c8d
2ff40e11
0111ff41
05fe01e6
fe02f500
e00aca13
fbffef01
020102da
f7fe16b2
37ed0af6
03ffdd01
ef15fdf2
fd03feff
f7fbf9ed
fa01fdfe
fc02fcfa
e7001af3
1c11031b
f8feeed7
004501ec
fb04ec00
00f7df15
fe01e000
03f902fa
e5fe0112
fa0a0600
00ff0007
03fdff0d
fd02e4fe
f8e102e1
0c01f100
00fdfff9
00000000
00000000
00000000
00000000
00000000
00000000
00000000
00000000
fbf91126
15b8f005
ff02f118
fa08feee
fc03e8fa
070c09f0
f7041af9
fefcfd03
0f0012f5
2ad3fa17
fb061f38
041801da
0000ed00
09fc2c1b
f2001800
01fd01fb
0dfee81a
29da04fb
fd062a44
1122ffc5
fe02c0fe
0af74708
fd022f00
fefefeff
00000000
00000000
00000000
00000000
00000000
00000000
00000000
00000000
dbfbe3fb
05ddfff6
fa011642
0a0ffee2
04feeafa
011518f0
0f0617fb
fefbfef7
e5fef9d7
04cff90e
fafd1ffe
fff301e5
07fc14fd
0848fbf9
0704f8fe
01fd01e8
000000ff
00000000
ff000000
0000ff00
00000000
00000000
00000000
00ff0000
fdf92af1
17c5f6f7
f9fcdeed
fefcfdcb
06fc12f9
0f22e2f9
fe07e0fa
fcf9fc15
05003652
02e1f8fb
0703d600
041100cc
04fdfe01
0c31d613
fefdd701
ff02ff20
0dfe230c
f3f5fae7
0006f5f1
0ef1fee5
07fbe8fe
0503f012
0202c400
fdfdfd17
10ff082d
da01f1ea
fe0707fe
0ed7feff
04fdf4fe
011cf3f9
ff01d900
fefdfefc
00000000
00000000
00000000
00000000
00000000
00000000
00000000
00000000
bafafb24
accc00e0
f907f502
0be3fd16
0100e8fa
f41bf80a
0506effa
fef8fe00
9e03eed6
d2dd0401
f705ef02
04f20320
06fd0001
fb07072e
0401e802
04fc04f1
cdfe1234
c5cdf900
000015ff
fe090219
ff02dcff
f91dd0ed
010008ff
01ff01f0
affff412
e5dcf60a
fefdf5fe
f60fff0a
ff02c2ff
0c1bede9
ff00fd00
fefefef7
d2fd0104
e8fcfc11
fafefdf0
fd1000ed
ff02aefd
080b09e3
010420ff
fffcfffc
fbff0b04
02fff40c
01fafadb
fe0c00fa
01ff9c00
0c1cffca
fffe1c02
fffefffd
1ffbfb19
001df81e
000508f5
fa11fff4
fe0297fc
080508cb
02031dff
fefdfefc
2ffb3924
f7280018
01063209
f710fd01
fb059efc
fef808d6
fe030cfe
fdfcfcf5
5bfa0c01
ff360412
fe0806f6
fc17fefa
fc0481fb
fef303f4
fe0406fd
fffafe04
00000000
00000000
00000000
00000000
00000000
00000000
00000000
00000000
4b00e7eb
f6150d0a
020df616
ef06fd14
fc05ad00
05c60b0b
fcffba01
fefdfd07
7ffcfd07
ee2114f9
00080cf5
f510fd1b
fd03c2fd
f6dc0705
f70202fd
fefcfd02
6dfd1713
ed1f13fb
01093107
eef8fe24
03fec9fd
fbd60a1b
fb030bfd
fefefdf8
00000000
00000000
00000000
00000000
00000000
00000000
00000000
00000000
00000000
00000000
00000000
00000000
00000000
00000000
00000000
00000000
52fb03cd
f0fc17ec
f40400f7
fb0bfc1e
02ff25fb
fec61c13
fb06cdfc
fcf5fcfb
2bf8172d
feeb11d1
fbfcf32a
f8e5fe17
fe040df9
0ac518d2
fc06f9f8
fef9feef
3bf7080b
f1f511fb
f70416f2
f314f917
01001ff8
f9f8fe0e
fd08faf9
f7f7f7f9
39fb14e6
f9eb1303
f70104f7
ffea0015
01002efc
f8de1904
fa0508fe
fef9fff2
00000000
00000000
00000000
00000000
00000000
00000000
00000000
00000000
25fc0213
00ea1b04
fd0716e8
fafe0014
03fe31fd
f7f10e0b
0103fc00
fdfdfef2
02fd0712
04ea07f6
fd06dfef
fa4901f2
ff0018fd
050ee714
fe02d4fd
01fb0105
0efdec2c
02ed0e0f
02052df3
f509fc04
07fa2cfe
f8ffde12
03020503
f802faec
00000000
00000000
00000000
00000000
00000000
00000000
00000000
00000000
00000000
00000000
00000000
00000000
00000000
00000000
00000000
00000000
00000000
00000000
00000000
00000000
00000000
00000000
00000000
00000000
f6f9f1f7
07ff1113
f90604d6
fff1fefb
06fb19f8
03112618
090807fe
fbfbfdff
fdfdec17
fcff0402
f902f5fe
01060100
020021fc
05e9f5e8
07041702
fffaff0c
f8f90526
0bfc0308
f80018fc
fefafd00
00ff19f8
fdfcfdfc
040704fd
fcf6fcf2
fffbf627
02000306
faff06f2
fd17fff9
00ff0bfb
040506f8
0305ffff
fef7fff8
f9fde411
00020105
f50406f0
fd130400
fe021afb
fff60001
07060301
03f504f9
f5fcf924
0dfc030b
f905f4f3
021005f7
fe0105fc
fb1c0102
07030afe
05f505fe
f4fef51b
07040608
fbfe06f7
fcf104f2
00ff09fd
00011afe
02041200
04f80402
f000e7d1
030809fd
fa0120f3
07fe03ee
fe0216fe
eff11ff8
07020100
03f80303
faf8f2fe
0ded0606
09fef50f
04e50300
fc03edfb
ff0902c4
fe01ecf9
03fb02f6
09fc3938
0401fd02
06ffebf9
020b04f3
01fef0fd
0031f1e2
00000cfc
05fc0402
0ffa1e2e
fd04fb0e
01011cd6
e9f4fe09
01ff06fa
f32da9da
0505ecfa
fffafef1
fafef813
030efc0d
f20646f1
eedd03f7
05fb10f9
fef9ed12
0b0a01ff
03f503f0
fcfbf813
0205fdf0
f500f30f
fc3500f8
fc0305f9
08fdebfe
0408e5f9
02f10214
07fef5ed
00ff0408
fe05311a
0f110106
fc03fcfe
fd020425
030103fe
02fa0109
0df90a03
01f7fefe
fdff0efd
05db0003
02fd15f9
fd000400
010725f8
01f90002
f701f3f2
fe08fd00
feff0904
fbfd02fe
fe020700
0008fe00
0200f8ff
03fa0201
fdfff80a
ff0bfbf9
01fe0afe
03ea0406
00ff07fe
01ec10e9
030108fd
05fb0502
f9fffe10
fd06fd03
fd00040a
00f6ff02
fe02fcfe
fef60dea
020109fd
00f900f9
f002fad2
0afe0506
f7ffeac5
fdf602fa
03fd0d00
01294e13
010008fe
04f603fe
f9fcda1d
fb03fd02
03030fed
faf9ff05
fe01f7fd
040aecec
060110fb
fffcfff9
00000000
00000000
00000000
00000000
00000000
00000000
00000000
00000000
f702f803
0105fbeb
00fed5eb
f5f9fe0d
02fdfc01
0a0bd6e6
00ffeffe
00fbfffd
fc000201
0306fd00
fbfe0c03
fdec01ff
02fe05ff
ff030901
ff010bfd
03f802fe
f800ddf8
080504fc
fe0319fd
f91500f3
ffff00ff
f906f9fe
0500ecfe
02fa010a
f201ffa4
ff0d0409
f7020402
05c10112
03fe05ff
fdee1907
010312fd
03f80206
defe9d9c
05000d1a
f907d4e8
ffc600f3
fb05f1fc
f8f3294f
00051bfc
01f80029
d701bee4
09130a06
fa02e6e7
fad602e3
ff00fafe
f80b142a
030213fd
05f80417
0601ed14
f206fcf0
fb0300f8
fa0d0303
fe0102ff
08f6e9e7
0102f1ff
05f905f4
0dfe10fb
05fd00ff
f7ffda04
07fe05fc
fe0305fd
0111fdf9
00030afb
07f4070b
f30401fc
fc0bfc0d
fd010006
f4e502f9
00ff0502
010a0800
03fe1300
03f9030a
fb000bf4
ff0ffeff
fbfeff20
011002f8
000103fe
00dcf208
ff0209fc
04f8030a
01fe0241
f22502e1
f8fae1ff
0fe902fe
fe0113fe
02dc29e0
010229fc
03f6030e
fcfffaff
01fe05ff
0003e5f6
02070009
ff01f7ff
00f90c15
ff00fafc
01fb0001
f2fc1902
f511f30b
fbff0b05
f60c0102
02ff11fa
0518fcf2
0006fef7
03f902f0
07fdea22
f103fbf6
030822f8
ee1cfdfa
f807fefe
fb04c5d3
06010cfa
fefcfdf2
efff0cde
faf80e00
01031a1a
fdfcff13
fe0102ff
010b2503
fc00cefd
00fdfff6
03fcffec
f706ff01
f90313e4
f1fafdfa
ff0205fa
000701e6
0706eefa
fff6fffc
13feee04
fefff8fe
f80017f5
f71e01fe
ff01fbfc
0704d3f5
0104f2fd
02f601f3
f80103ce
060bfd09
f6fd0b47
13f60203
fd0301ff
ffd0041b
f9020fff
04f604fb
04fff404
f3faf609
fc04361f
080a000d
00ff02ff
06f0e80c
fe01fd00
01fa01f0
fcfef527
fb09fe03
fb0307f8
010d010b
fc03fdfd
06f9f611
ff030cfe
02f8020e
ecfb1ff3
fe10fc18
f9fe0c15
02ddfdf1
00ff0afa
fffe2407
fb060cf8
fff6ffff
f6fe0cfd
fffdfd0c
fa000703
f8f206f2
fd03fdfc
0002f911
0104f2fa
08f607ff
effd1730
f40af614
01fc4106
f8c8fa09
06f9fefd
f4fc18da
fe02fafe
f9fdf9f2
0900fa27
01f7f804
f7feef01
fb1e03f5
0000e3fe
040fe2e9
01021dff
05f60404
09fd04d8
f602fc07
040123fe
fff7fd04
04fd03fe
fafe02f1
040105fb
fdfffdff
0efdfa07
fcfcfffb
fb030e09
f8f0010b
02fe05fc
09f40ce1
010416fd
02f80100
100107e9
01f602fb
f609d6f0
094104fb
fc04feff
0411ea41
00021d00
06f60510
0500f902
f50cfb12
fc0117ec
02fa0207
02fe01ff
0c1d1f25
fe0110fe
03f902fc
f5fc1044
05f9fef6
fefbcc18
fe0e05f6
f905e0fd
000e08e7
ff011ff9
07f5060b
f7fd0ad3
ff0dee11
f6fd2111
00d9fcef
ff01f9fc
fdfc1d13
fd0524fc
fdf8fdf8
fafff2cc
fcfe010b
fcfe1205
0804fefc
010000fe
0401191a
fa03f7ff
fffbfffe
0000eee9
ff0702e8
f0ff1bf0
083102f7
05fcf9fc
08f922f2
0506d500
03f403f6
e300f2de
0004f905
0205d506
fee3fff1
fc050b00
0df9fd1d
02fffcfd
fffdff03
fffc3b7b
f00f06f8
05011d1d
f49a0030
05f8f6fd
fb0c5fd8
09012bfc
01fd00f5
1101fe0a
fe06040a
fe091f00
f8ec0001
fc030800
f711f9fd
fb010b00
01fe01ef
e5031601
050f011a
fa03ff01
071a0410
02000b02
07030526
fefecb02
05f805f3
0a03f100
f30afb09
000202f4
f9ea010c
01fffc02
0300f7fe
fafefe01
02fe02f0
1bff1f3e
fef70af3
fdfda6fb
05040a02
fb03f800
ff2f27d0
fafeb9fd
0cf30b02
15fde401
fb10ff0e
fa0117d3
04330004
02fcfefc
fc0cef20
ff05f3fe
01fd010b
deff2006
ef05f61a
fc043045
e623fdf7
04fd1cfc
1616bd18
0205befd
fd00fdfd
15fff301
f9f801ef
fafeff05
f3ff0124
02fff3fe
fff3faea
0403f9fe
02f902fb
fcfe01af
010804fc
f8febfd7
13c90402
0000fdfc
0ff05c13
070527fd
05f8041b
ff0006fe
0cfcff1c
fcfff4e4
0a080324
03000d00
fefaea0f
0200ed00
04fb04f9
ec01f3be
fffcfef2
0004f8fe
0d02feed
01fff201
fddf0f1a
02fefb00
00fcff0a
06f9d0f4
e10b03f2
f8fddcd2
fbf6ff02
07fadff9
02c339fd
fa0722fb
fff5ff31
20fdf10c
06fd0315
f204d8f4
fd0305e9
05fd02fa
f267b70a
0705f7fc
07ee0619
fa01e441
0803fff3
0700f6eb
16adfc14
03fdff02
efe73cd5
03fd3703
fb04fb0e
07000211
0900fdfd
f7fdbf01
040d050a
fe02fcff
05f905f5
ff01fbff
07f30600
0a0012f3
0cf607e5
fbf4e2fc
f61401e7
000109ff
00f4c219
0302f9fe
02fc020b
16fc0f50
ef10f4f7
f8040931
09f103ff
0000fefa
01f9ebf3
fd0700fc
04f704f3
fd03fef3
01ee07fa
f0fbfbfb
09160819
06f9f200
f7251413
f9021cfe
0cf20b03
05190220
030701f9
7ffe00f2
04077feb
00fff91a
01e807f6
00e7f818
7f7f7f01
ff010813
fafe0001
f8fb2207
f800090d
0af6efff
f40ad2e7
0202f900
0cfb0b05
fdffea10
0bf0ff1d
f0fbe6fb
09120010
0cf3fefd
ea3efc1a
f60425fd
02f40207
09ff06f5
14e901fd
f9fae8eb
022208fe
0df3eeff
0dfef6ca
0201ca00
0af709fa
f2000de1
08ed01fd
f8fdf00d
050d0514
03ff1600
0c100edb
ff01f7fb
07fa07f9
00fe0c1d
f803fcfa
fa0137ee
fd0103ed
03fd02fd
eb14f4f4
0004f5fc
05fc04ec
0102e50b
0c0afb11
f7efd604
0b250303
0cf41701
f030e7ef
f701e9fd
05fb050b
1c00fe14
0003fceb
f8fcf507
080c0510
05fc0400
020eddff
010105fd
07fb0701
f502eb22
050b0bf7
f3fdf419
0000060c
08f9f4ff
f6eafee2
0503fb00
08f80802
010305e7
0600fb07
f804f71a
001104f3
03fe1601
f010edf2
ff0013fe
06fb0605
e3ff0702
fc09060f
fc070409
f72e020f
00000aff
0229fe12
0102fafb
04fe03fe
0301ee32
0905100e
fcf945f5
00d202ea
05fa0401
fef10ff1
fb000902
02fd0208
fb0106fa
00120812
fd050709
fc0f000b
03fe0201
fb11f411
00ff16fd
01fd0103
ef0101e7
040d0d02
fb00d511
09f90202
05fb1800
052121fa
fd011cfd
03ff03fd
1101e124
0b040306
fcf9ee1e
03170200
07f9fd00
f407caef
00000b01
03fe03f5
f003fdaf
fc16fffa
04fd0815
122100ed
00010504
fb01ee26
01fc0efe
01020006
0704f8ed
0e110404
fcfbefff
020dfffd
06f90004
031ed8f5
01fc1703
fffdfff3
17ff0a0b
08fa030c
fd04e5ec
0105fdf7
0af70dff
0917c910
fe01f6fc
fefefef8
fd04000b
090ffd10
ff04e706
09de0113
04fc0904
01271c18
01fd0600
030002e5
1101eb29
0c0bfe0f
fdf7f724
061203fb
0df41101
0ed5e104
f500f400
030003ee
f201e539
0f1102f1
01fa0eff
132b01fd
ff010401
05f7fb0b
0200be00
020002f4
f30100f6
03160505
fef6fb0c
09e8ff18
00000901
f71aea01
f6000700
00010005
e505ebe3
0204fe03
01f00afc
150c00f9
f60b0005
fe09dbf6
f3fbcc04
01010106
040217f2
08effa0b
ff7fff09
fc10fefd
e61cfd01
faf8230b
7f000600
fd00fd06
050306fd
080cfa01
fbf5f312
faff00ff
01feff02
fa090b04
f7ffff00
01fd0102
0304de24
05f40af5
fbf2ff01
0a30fd00
f7080404
fe131307
f6fde504
fcfefc02
08000206
04ff0c12
0200f0ef
08f2ff00
f7091301
fe00f8dd
fb00ed00
ff02ff01
fa00e730
fffe0603
00f41cff
0ed8ffd5
01fffd01
06e5ccff
f7fff901
ff00ffe9
03fefa07
05fefe09
00f6ff01
1307fffa
fc0502ff
01f0dbf3
f80101ff
ff01fffb
000802fb
ff000105
fefe00fb
01010005
f9070508
0104faff
fdf90107
01ff0101
f5090902
0006fe06
01fc0b09
02f90309
fd030208
ff05fc01
fdf80606
040204ff
f6020327
fcfe020f
00fc1303
0801ff03
fe021002
fe00f1f5
feff1000
ff01fff6
f80dfdfe
030302ff
ff01fd05
01fe00fc
ff00fe0d
03000404
03f3010c
01fe00fe
ef0406e7
1002fe13
00ff0419
0a0c000d
f50a0403
0006fb05
fdfd1fff
01010002
05020afa
060b060a
fefe1f00
0ce8fd03
07fa0c02
0c0aed17
f7ff0cff
fd00fdf9
f203fd11
00020cf7
02f900f5
09e000fc
fe020903
0cf5f001
fafd0502
ff03ffef
0cfef5d9
fdfb0fe1
f9f9fcb8
0b0efef6
000118fe
f521f8f1
fd0304fc
fffcfff5
ea02fdcc
020902f5
f8ffe7f2
1dfdfff0
fe031701
0de3e6fb
000102ff
00fe00ed
3102f626
0805f8ef
fff7145d
8108fd1a
01ff1201
080dd878
faffbc00
fd00fd2c
f601fe04
ff090b08
0101e7f5
16e0fffd
fd020701
f8ff0de6
02ff0000
0000fff7
0e01ecef
09f2060b
fbf902f0
0400000a
02ff1701
fe0eed13
fa00f9ff
01fe01fa
f701e8fd
05fe00f0
00ff0407
02f7ff08
fb04fa01
fe040c0c
0300ed00
ff02ff06
f80209fd
fa010bfd
00fc16f3
0905fe04
fd042102
fe0be6e2
00fffc01
fd04fef8
f301ecf9
f60b0400
01fd0e05
0bd9fe0c
00000601
fa03f8f5
04fff800
ff01fff5
ed01ffea
0707fcf3
fefafef9
fcec000d
fe031000
fd060219
fb0003fe
000000f9
f501011a
0e0bf6f6
fff4e7f6
fc05fffe
01ff0500
fefafbfe
f80102ff
fe03ff06
af000ef4
0e10f81e
01fbf2fb
114cfecc
0100e6ff
09df13be
f90215ff
fd01fdf3
ff00f1eb
fff90f0c
020115fc
fce5fd0b
01ff0e00
0106f70c
0100fc01
fd02fd06
fe00f5f3
07030107
fffffefc
05efff03
fd030000
fb0c030e
000004ff
000000fd
ee00fe0f
00fa0409
0202f5ff
faf30002
fc03fb01
010d0f0e
ffffebff
010101fa
fdff1b04
0e1d0cf9
fcfedafc
0622ff05
fd03fbfe
f71d0c17
0204dffd
ff0000f3
ef0121fc
fa1f000c
fd003106
0118fc07
00010f00
0001120c
fd01faff
fd00fdfb
f900ff15
010308f8
ff02020a
01e9fd07
02fe00ff
fd03ef03
030110ff
fd00fdf4
f002f9f9
081101f7
faf90afb
00f4fe00
01ff0601
01eaf810
fd01fe01
fefefe02
1101021e
fe18fc02
00fb1503
02e5000a
02fd0801
fdf5fe01
faff0702
010101fa
11021316
0007fcf6
fff80d25
10f6ff0d
ff021d01
09f9f61e
f700e401
ff04ffe3
e1020202
01090c11
01fffa11
010fff0d
ff001602
f7f6f618
fdfe0700
00010004
0a03f314
0b170104
0002cd00
fee9ff12
03fdfa03
01fa0023
f9fef804
ff03ff08
fd02ebe8
0b11fdeb
01f07cf3
1602fede
fe021502
f111fc32
0cffeb00
fd05fef3
f301f6f2
03120804
fff502fa
07fbffff
fb040401
02f612fb
f70008ff
0002000e
f400ddee
0317ff07
0100f6f5
0af5ff0a
03fe0b00
00f5f716
0100eb01
fe04fefa
0b01ff0e
fb040918
00f80301
030a01fe
04fd1d01
06072414
f90025ff
010201ff
fbffeff2
0604fff6
00fae70e
fcf00110
ff00f9fe
fef41906
fe02f9fd
02010203
07fd0042
11fe00fd
00f61b1b
0eecff02
fd0207fd
1412f617
f004effc
ff04fff2
ea020f2b
0a03050d
0601f5e7
f0f2fe05
00000002
fd09f619
04fdeb00
fe05fef6
0300084a
0d06fefc
01f4e014
0001fe0f
fe010f00
0204de12
f401f200
fe04fe01
d703fbf2
05150cf5
01002aed
ee0202fe
03fcff02
f5092d3d
02feeb03
0203020b
00041205
f6200401
fff71ff2
0cf101f8
00ff1203
03f8ef2d
f8fe0302
01020106
0201e638
071bfdf2
ff0143e7
f9e501fb
feff1000
fe2b0d15
ff010002
00030127
cd01fd0f
f40e29ed
02f7ecf5
b004ff8d
01fe1200
04047ff5
fb0005ff
fe04ffe0
f603f6d8
ee110403
01fbf9fb
eb15ffb8
06f90b03
fedf33ec
02fef704
ff04ffe1
ebfff6c6
0ef217fe
020141e2
06ecff4b
03fdd600
0c04e2db
0400f801
fe02fe0a
c00200d9
da2f57f9
fef826f1
06f5ff13
ff00e002
23fddde3
fb001600
ff03ff08
030117fd
817f170a
0000df0c
1c0cfeb4
ff010d00
00f4d4da
ff000b00
fd03fef6
3fff12e2
a453a60d
0005e1fa
0cfffeee
02ff52ff
eb010605
ff01feff
fe02fe16
2b02fded
f40da80b
fff724d4
f5ff0036
04fd6402
0be83831
f9000a01
ff05002c
e8040431
0217d82d
06fc39f4
fa0b0034
02fe1904
280f0e47
00fcf603
00080001
fd000617
fb12eb18
06001f02
0817fd2e
02fefa01
07fbe4fe
05fe0100
fc04fcfd
e600f29d
13fff3fe
fdfed206
032002fa
fc020100
05fd070f
f900f1fc
04fd030e
02000dad
31fbf6f4
02fadc02
f9ffff0d
fe011400
fff8fc06
f1000dfe
ff03ff05
00000000
00000000
00000000
00000000
00000000
00000000
00000000
00000000
ee0203fa
052ffffa
04faf1f6
fff1ff2a
ff000c01
f8dee8e5
0affea02
0004fffb
00000000
00000000
00000000
00000100
00000000
00000000
00000000
01000100
d502dc98
0f10f718
fcfefdd6
f6cdff09
03fc2e00
fbf5ec29
fe012401
ff030013
00000000
00000000
00000000
00000000
00000000
00000000
00000000
00000000
f301f4e6
1f08fe0e
0304161b
0112fcfd
fd02fc01
08d63f19
f5fffa02
fb07fb06
0cffc415
1404fc07
04001a27
030f01ff
ff00db00
03d3fcf6
fa001900
01040102
f402db30
130dfbf5
ff051f50
08fbfd10
ff00e901
04d73ad7
07ff2501
fe01feec
e000df05
11fbfa03
06fb131b
f540fb0f
04fc0b01
0126fef8
0bff17ff
fb07fbf2
dd00f1e5
21eef40a
02f60622
f80ffffb
02fe1800
060b0fea
030029fe
ff05fff7
00000000
00000000
00000000
00000000
00000000
00000000
00000000
00000000
f70021cf
35f0f108
05f6ec36
fef0ffd6
02fe1400
0cda09e6
fc001600
fe07fe16
04010dfd
3503f909
04ff0006
01f5fcc8
03fd2001
07041101
fefff102
fb06fb11
13012100
22eff1f7
0701f715
070001e3
06fa0f01
0803fef1
00fdd101
01040111
050303de
11eefdd4
0401e902
15fdffe9
06f91804
f0d6f0fd
06fcd006
fe06fe27
f0ff112a
f5f8f7d4
fe00042e
0cd100ff
04fc2bfe
00ccf7fb
0304d8ff
0102000f
bf00f3fa
edd5f6d3
01fff527
0cddfd09
02fe2a00
fef1fff8
0100ddfe
fd02fd0d
f5000100
fbf8fefb
0000ff04
01fc0002
01ff0700
00030000
0100fe00
00000001
bc01002b
eeaefeff
0704ea1c
02ef0402
ff011e02
fa46f00b
02fd0200
03070402
98030205
e7cdeeec
03f9ebfb
09e700f9
06fb2203
031705f5
04fd0602
ff060007
8201fa10
f0c9e9f8
01f8edfc
04f0fff0
04fc0d01
0833f9ef
05ff1201
fe05ff06
8600e9f8
f8dfe906
fffcfbfa
06e7ffde
06faf6ff
0d1ef4fc
08021c01
fe04ff0c
ad00f5e0
fbf2f108
07fcfde2
0e10ffdd
07f9ef01
09201000
05fed802
fe07ff0d
a903f8d4
00fbea03
04fde4ff
090b01e1
fe01c703
0f0e15ef
05fdf604
0106010d
d1010710
f812e721
06fe06ee
020ffce2
02fdb401
102d1af9
05fe1603
fb06fb0a
f801011b
0003ea06
0b01f60d
0502ffec
03fdbe02
0b34e9eb
04fd0902
ff09ff02
d304b5c0
031df824
fe060eef
00fafed3
05fbb302
fd1af325
0500ef06
fe04fe24
f80209ee
f027ee0b
0202f80f
09fb01f0
ff019b01
05f418f5
00ff0501
03030217
13ff17c2
f230ec0a
00050d09
02fafdf0
0001adff
fff602ee
0102f3fe
fe02fe06
2900f1e5
f721fd08
010609f4
fb10fef6
02ffa3ff
fa10fc0a
0001ffff
0002ff12
420136fd
f003fafc
0e07dd15
f70fff12
ff02b703
0209d2d9
fdfbd900
0008ff08
160107ba
f60d0af2
fe01fbf0
fc0401ff
ff01d201
f5e11d0b
fd0008ff
03000217
1400ee97
ee0c00fe
0304f806
06ddf90b
03fedc00
fbe21a35
f9011aff
f908f91a
3aff0e04
f207fc0b
0402131b
01dbfd17
0100e501
08030e1e
f3ff0cfe
fe04feee
2600010a
eafb06f2
050106f6
f33101fd
01fee101
fd11f40a
fcfee600
0105010b
00000000
00000000
00000000
00000000
00000000
00000000
00000000
00000000
250016eb
f5f90005
0804f9eb
f606fd17
05fdf401
f6f9e0f8
fbfff300
fc09fc03
250135ef
fbf90123
0e061ad0
00b0ff18
02ff0303
de18120c
fcfc4e02
fd0dfef8
1601ecb9
0200140c
fa04f2e1
040e03ee
01fff901
ed080941
fb010b03
02010212
35fcfbe7
fce90607
fc0809ee
fe3afd01
fb07f3fd
fdeedd18
f90307ff
fc00fcfb
0c01d8dd
f80012f5
0002f1b1
ff1e02ff
06fc0101
050b3d0f
00ffee03
01040202
00000000
00000000
00000000
00000000
00000000
00000000
00000000
00000000
28ff100c
fbf9fbf2
0005e5ef
fa080102
02ff0800
05f5fbdc
0301f403
ff03fff8
00000000
00000000
00000000
00000000
00000000
00000000
00000000
00000000
1e0100f9
04ed05f2
03fff400
06fc03fc
02fe0a03
edd208f3
00fc0b06
00040111
0400fbff
f9fe0421
06091cf7
f40400fb
04fd1400
f808d90b
0500f004
fd0afe07
10feda35
fffc05de
fffbe73f
f7f0fcfe
02fe04fe
1bc115ec
0403f102
f903fa0d
00000000
00000000
00000000
00000000
00000000
00000000
00000000
00000000
2002ff13
08f30a0b
070805c8
0bf50505
ff010104
e92a07f0
fffb1407
020803e1
16ff00fd
01fc07f5
04fe07e9
fcf4030c
03fd0000
01fe0d00
03fff204
010401f9
fdffc9fe
f901fe19
0305ebe5
f4cffefc
03fe0200
f9f1effe
06ff3204
fb04fc1f
0afc0011
fffc02fd
fe021c13
04220108
00000afd
fcd9f6f6
0303f701
ff000004
07fdfced
fffa05fe
010313f6
0401fdf7
03fe05fe
f9f20dfe
0302f703
fa04fb03
0afdcaec
05f912ec
0103e8d7
061bfde3
01fef3ff
fceb3d3f
ff023f02
fb04fb22
00011404
fe0dfe11
0102fc06
01eb00f9
02fe0602
fff31b01
00fe1d06
fd03fe09
f8fef704
0009081b
fc08f3f3
051200ff
04fd0cfe
01ea0713
ff030404
fd02ff04
12fb3c03
fb10eef2
02fc2506
090ffe0c
03fe20fc
04f32ccd
0a030cfe
fc02fce6
09fe090f
fafe0517
010812f4
f7e2fef3
03fdfffe
07111dff
00010f01
fc00fcf5
18fef412
00f7ff06
0207010e
f50604f9
fd03fbfe
06ff04f3
04020903
01030200
0ffa301f
03edfde8
09fcb410
ff0d04fa
fe02e5fd
0ef60cdf
fc00effb
04010300
0cf91c3f
050305f4
0500fd1a
fed30002
ff01fcfb
01bd0ee3
ff042afe
fe03fff5
13fd0ff0
f6fcf922
fc0af5fb
084bfffb
fd0405fd
07f9d513
0404e502
fd01fee9
1400fe53
fcfc03f5
0501fcfd
edeb0008
05fbfb00
010bc9c9
06ff0c05
fe05fef5
00000000
00000000
00000000
00000000
00000000
00000000
00000000
00000000
f5fe0af8
fc060226
080000ee
fe1101f3
0100f8ff
020f330c
03ff0b03
fe06ff05
38fc3446
05de0300
fc028ae9
121f08f5
fd03f3fc
0425b7ce
fc02f300
08f808fb
15feff19
fa0702f5
fefaf929
0d310401
fd030afe
f7cad90d
fa01f402
03fe0306
07ff1f44
09070008
04fb0313
fedf04e7
00fdf8ff
0cec29ce
00001903
020202f6
18fbfa0f
04fb06fb
08fd1ce0
06ddfefd
02fd07fe
f8f00add
05ff1501
fb02fbf5
de00b7d6
f3211212
020009e4
fff701e4
fe010900
f2fed825
03003303
ff02ff20
07fdf51c
f8f6fff0
02fadcfb
01d20711
f9050ffe
f3fc09df
fe002500
07fc07f8
0dfe0af2
fefefdf9
0704a002
072cfee2
ff02ec00
18e4eef6
05fee202
fd04fd2d
29fb3627
fffa0d0f
0502e4df
0b3601f4
00010bfd
012f07f8
ff02fbff
000100ff
1cfef22d
010cfffb
030324fb
f2f900fe
fa04f5ff
01f9e6d4
0900e000
fffeffec
d9fe40d7
e81cf707
02fd2a36
ec16f914
020030ff
03d1ccca
fc01affe
f702f8db
07f90c52
f8f212f9
fffeecf7
02f50111
f7070cfa
f2e41616
f70307fe
00f900f7
fa020606
f01806df
05fbb5ef
05dafefb
fe00f502
04cb1a20
fafdfb04
fd01fd1d
05f1c834
08f206f6
eefde6f4
0f0702e9
f805ecf1
fa0b2818
fe0e25f6
03ea0303
01fefcd0
0ff407e7
01fee1f4
17dd0005
f9050800
f3d33111
fcfef600
fffdff12
1cfdf13b
fe010dd4
fcf9cff5
01d6040d
fc0305fe
09d51bcb
07022d01
02fa030f
f3fecae7
eeed0dc8
f80df2ef
f38e050f
f407fbfb
f9ae530f
090726ff
05f70507
f3fc477f
0bedfc18
11003e25
fc070203
f508db01
e33affdc
f3f823fc
03ff02e0
fcfeed09
00050518
06062624
f9fe0302
fb05ecfe
05e81a0a
0002eeff
020402ef
fcfe3b41
fdeaebff
1a00c91a
03ecfe0a
fa07dd04
17cfffc8
fff4e300
fe05fdf5
1c010067
03fbfaf7
0b0001ff
fd09fd1a
fe01fa02
0124dbe4
0afdff03
fb08fbfa
d9fe7f3a
032df3ff
f6f97f41
f1a4fe1c
0ff413f9
05fa180d
07097ffd
fefcffdd
10fd970d
ebe0fdf0
0a05f3ea
f1fa000f
fd03ed00
0025ecea
00fc13fe
ff02ff08
30fb0d00
ec08ef21
06ff12e8
ea0b0106
fc05f7fc
02eadb04
f802db02
0001000d
0cfff324
04ec08ee
fbfc0423
f3db02f9
03fcf0fe
f70a0ee3
fc023e00
03fc03ef
fe052807
070bed3a
06031d3e
ffb80008
ff01f805
ff0ad023
f9fa2603
000500ec
10fcf0ee
05ef001b
00020cea
07ec01e4
08f9effd
fb26c9f8
020013ff
01fb010b
eefbd015
f90cfd0b
000119f3
fb09faef
00ff06fc
01f20408
0402ee00
f9fbf905
0500dbdd
f4f5faf2
0402feff
f9210209
fffffa00
070610ea
03febc00
020002f5
170201f0
fc1ffffd
f6020bfb
f53702f0
fe0314fe
04f0ba32
0005cb01
03fb03fb
0ffeed1f
fd0b03f5
00fe37f9
022301f8
01fd0dfe
f920070c
0501f6fd
02fc0102
0afcebf9
f3f50303
02fdfff9
061f0206
03fd16fc
01031f22
fb0309fd
02ff0207
efffef26
e8040706
0206f9fc
fb220310
01fe07ff
faf1f428
fa001b01
030003f8
0df0f937
05f903f4
fafced02
00daff0d
f906fbf2
fb1206fe
fd0b1ef0
01ef00f6
11fb2139
03effafc
10fdc4fe
fefbff07
fd02f000
0f03eabe
fbfbe4fc
ff01fefa
1b01dafd
0611f90b
04000cd2
ea1a0008
03fd1602
04271de6
fffd0d00
000100f4
f203cde9
fefafce6
fefd37e2
fd0c02f1
03fcf802
f80602e7
07fd1502
02fb0200
0502f697
0c000efc
ebfaf738
fce907fa
03ff22fe
fce1f4fc
0105eefe
0af20a02
fb08db0e
090207e3
02fce5e9
fc4a05ef
00fffa07
070cd7f8
02f9ca06
06030605
20ff2e70
de10f2f4
06010632
e110fd23
02ff20ff
06eca1d0
0a00ee00
fc03fc00
05fff088
09f7fdf7
0301f2fe
08f801f5
02fe0a00
12e22efe
0200a3fe
020001f8
01fffd27
0efefdef
fff9f5f7
05170304
01fe0500
03f0f112
0000fd01
03fc03ff
07ff355b
ef12f50d
0f0a6026
e4fdfb0d
01fef400
0514fc29
02fd1cfe
fb07fbea
f3ffe1d3
fbfc0ddf
00fc31fa
040a01f5
fd01f700
f4f30503
03fff6ff
01fc0107
fc00ebcd
00fd0cfc
fafd0012
07f100fd
000223ff
f7ef0a12
f902e7ff
01fd01fb
fc00f8f7
eff9f3f6
08ff04f9
fd010211
02fd0402
0fdf15d8
06fcd401
030102f4
04fde1e9
fef407eb
05fb0e05
fe1c0312
fd0211fe
ffbdf8ce
0800f1fe
02ff0303
fefd051d
10060001
06030505
0cf408ff
240707ff
fdfe0206
19fe0903
fa0302ed
03ff0406
fe14fee3
02e381fc
08160f02
fbc40c05
1e7f0381
09e5f902
fb8181e6
eb05020b
0c000703
0806000d
08d10507
2411fe09
fa03fc05
f5ff07fa
fbfffd0f
fd0c0903
0503f900
0601fefd
01c609ec
0dec0d00
ff00fcff
29ff02ff
d7ffff27
d8f8fc04
09fe0701
06010203
fee50803
1321eb06
ff03f205
06ff0afa
1600fe0b
b1f5fdda
dff6fc04
0205fbff
e9f509de
38fdf4e8
fa040003
190200f9
10fdfb2d
e8fcff19
feff0704
07050211
0ec00926
1310f50b
fa01f606
ec0108fa
da01ff1c
06030a04
110bfe02
0504fefd
fbda01c2
fae6ffe5
fc0015fb
e8ff01f9
cafeff03
14f90214
1a00fa05
ff07fcee
f000fde8
fbe206f1
f9020afd
db02f704
fafdfe1d
cd00fd1d
11f70a02
0204fd04
00dd0315
10f6000e
fc02f903
eb01fffb
06fefd09
e706070a
f505fb04
0805010a
f90208fa
ec0301ea
fa02f3ff
e800f700
f2fefe13
08e500e0
f705fd03
fd050000
00c4f714
07ecfdfc
fb011100
060004ff
dfffff15
f3f3fcdd
fafd0501
0101ff02
000c0802
02080110
ff01fd01
030100f7
db00001a
fb06fdf3
0afefd05
02060402
00df01ff
04fbf0fd
fafd0707
da01fff9
fe030213
e0ed0605
f60a0101
0a04fff8
feef06fe
0b03d6fd
fb031501
3afbf7f8
e6fefd04
0efaf7fa
1dff0c01
fd01fff6
08d90102
fffbec0b
fe000304
06ff10f7
e200ff15
2c040124
1002fb01
0402fc19
fc370a0e
fcfa1bfb
fe010902
f4fe0a00
0bfefe07
2df804f0
0206fd01
030100f3
fef505fd
e90e0800
ff0017ff
03fff804
120000f0
0efc060f
0004f505
040603fe
fc04fafc
e7fc07fa
fafe0203
0a020100
0f020214
ebff0314
fbff0101
03010106
fdde053e
020cfa0c
ff02f702
030000fc
1100fe1e
f5190932
1003fd02
0203fffb
01f7ffe0
f1d6f1fd
fdff29fd
1700fafe
ed0001ea
f0f9f9d4
0e090a03
fc050124
0ffaf506
1914e10e
fa010a01
20fff9fe
0100fff4
de06fb17
ffff0604
fe060010
0b090607
fb00f00b
fa011003
1d01f8f0
fe00ff0c
05fef8db
12060301
fa04ff0c
1eeb0107
1afdd40a
fc000003
0cfef9f3
f30000e3
fd04e512
fb030201
e3020109
06edfe15
22ff220d
feff81ff
ff00ff7f
0b010106
ef0101f3
0b000801
020200fd
04ef0408
03fefcfe
fd001203
08ff00f4
0401000e
22fffaf5
1705fd00
f901ff0e
f60c04e9
17f1ffee
fe0019fd
ecfffafb
e8ff00ed
09fff514
0504ff05
f405fffb
0212f9f5
0cffd9fd
fb0111fd
f9020bff
f6ffff0c
1ff4fbf7
01070203
ff04010c
f50efef8
fa1cf2fc
fc0211fe
fd0101fb
0dffff02
1807ff0c
0600fc02
fc0300f1
f01308f6
e8ecfb0c
fdfe08ff
160200ff
f80102d2
f901fbfb
02f6ff0c
fa0ef3fe
f90603ef
0cf005ff
f20cfef4
ff0bfa03
09f3f408
0101faf5
01fa0408
fc08ff01
02fdff00
0e04f505
f7020100
0207feff
fcfffe02
0310fced
f2000401
fb02ff02
03f9fbfd
f7001bfe
fe0007fe
f4010405
180000ee
fefbfd07
09f70308
ff09fb04
00fd0102
05fe0103
f70602fc
0008ffff
07fbfafc
07fafa09
1df6ff02
fb04fcee
f1da0124
eeeb0004
fc000804
ee02f7fe
11ffff10
170a061e
f6fefe02
0404fcfb
080eff03
07f301fc
fb020bfd
d501f2f8
fefdfe07
1ffe01fc
eeff0800
fd01fe1b
0403fdf8
09ee0ef1
feff09ff
f200e800
e70001f6
15ffff06
fc010603
f80500ff
f5eafdf8
efdef6f2
fbfe08ff
f202eeff
02000205
f8f80121
e800fd00
fd03fdfa
06ea0625
ecd9e2ef
fdfe0000
11ffea03
17010206
0ea806dd
79f9fdff
0401ff06
f94f0429
2fe62ef0
ff001201
110034ff
2f00ff01
f80ffe1e
fc000b01
01020104
12eaf4f5
fb080617
fefe0802
f900f3fd
070202f1
2a0dfbec
10000202
f803ff02
f60d0403
05eb1404
fcfe1300
fd01fefe
ef0102fb
fffd00ef
0cfd0a00
0102ff09
06ebfdff
16ebe311
fdff0d02
fc0002fe
0c010117
0e0f04f3
fc04ff00
0101fee9
fcfffe02
fafb1005
ff010ffc
fbff08fe
37fefff4
f510faf8
05fe0d00
fd020107
17e304f0
07040b0e
fefe0302
fc01fafe
0f020204
0d09fe00
090105ff
ff00ff0b
fbee1afd
1003f6fd
0000f9ff
07fff4ff
f40000f7
0b0cfdf9
0d04ef00
fb0100f7
e40923f0
0cf5e703
fffe02ff
0300fcfc
e30102fb
f1fefebd
e6038101
fb0000f7
ff6c10f9
f20418c8
00ffc5fe
fe01f600
c100011c
f200f7fe
fd001600
f8010203
12f0f20a
160e0e08
fffe0e02
0a010602
260202fb
0e0800f9
fdfb0c01
03010109
01fffd05
04fdf700
ffff0602
f40206fc
1302020a
19eb00dd
16f4f900
0400fef8
03f1fefc
2ff5f1f5
01000700
c00306fc
350000e5
fd0007fb
05040602
0803050d
fdec0bfb
fb19ecf9
fdfefe02
1001f802
fd0202f3
01f403f2
fd01fffe
03ff0205
1bf8fe09
f80906f0
01ff0a00
f9fffefb
f80101f6
f9fbf6f9
f8050c01
f801070e
04f80302
ff2ae4fe
fffefd02
0b01fcff
f70403f2
01fdf8f4
fa0107fe
fdfd0605
11f105ea
001cfb0e
03fc0304
04fffffe
f00505eb
290dfde9
050208fe
fafd0306
07ef0c2b
03fe0910
03fd0700
0d01f903
e80304ea
1a010202
07070000
00010108
02f501e9
12fdfe06
fffeffff
feff0302
080102ec
f607060b
0301fe00
04020201
f9fcfffe
ecf812f4
fefe0402
fefffefa
0101020e
f706fa26
0503fdfe
ffff0416
fa020417
1d270c0a
01fe0401
0dff0ffc
020302fb
20f9fe11
e2feff01
ff0001f1
05f6f905
df0aea0a
00ff06ff
fd01ff03
dd0101dd
c806fd10
01fc0400
02000115
f52102e2
171b1e11
00000701
f601e5fd
0100000b
0904fdfb
0b0209fe
fdfe020f
f6d701ef
1107eb23
02fe1002
0efe0502
010202f1
04f800f4
ee020100
fa0001f1
fb250d0f
12f70710
00fe08ff
29010501
04020322
f9ff02cc
140201ff
00020107
08ee03ed
21d82a06
fefbf303
05feee00
fc0304f3
fff5ff0a
17fd08fe
fffcfffe
002804d9
f5030713
05fff8ff
0900fa00
030101ed
f10303f2
f30404fd
07fd0000
0c0703f7
03181203
0301ffff
fefd02ff
ee00fff5
220efffa
ea0708fe
fafe03fa
072c0c0d
d8ee0c09
03fdfffe
ecfe0401
e50203fb
2bf1fd19
15000afe
fefd0722
251c0560
db1ef715
04fdff05
15fffffd
e30504e5
27f6fe13
d60505fd
fcfd0405
0f2b02f5
0c1a1c0f
04ff0bff
c6fed1ff
e20202cd
00000000
00000000
00000000
00000000
00000000
00000000
00000000
00000000
d4db010f
ccf90300
0200fffc
2f8dfd08
2ef2f9e0
00ff1702
0e0106fd
1a00010a
f6fafb48
11010bff
faff00ea
3bb312d4
10f5eadd
01ff12ff
f900edff
f20102f8
eedbfa73
1b0412fd
fcfb0a0e
1abb1025
81312efa
05fdf007
2dfdf4fc
d0060500
ec05fe35
1c000cfe
fdff00e5
32fc06f3
25f50ce0
00fdef02
04ffbe03
f4020222
1b4afa0f
f4050700
f2fe01dc
17ec0e10
fd07d6dd
02ffcefd
1800cb01
f30102f4
0639030b
d40601fe
00fe0500
f804113a
c612fbf6
0200d501
e2fd15f8
d30101fa
02ea03f1
f201f7ff
02ff03f6
ece00502
0804e8f1
02fd0a03
f8003cfc
d803031e
00000000
00000000
00000000
00000000
00000000
00010000
00000000
0000ff00
ff1dfdf1
16fe0402
fd02fff5
f9f900b9
08f2eb04
fe0005fe
1201d8fe
0fff00e6
050103e5
0905ffff
050103f0
0317fc04
0305e4f9
fffeeb02
03fdf1fb
f4020219
14dafefa
d0fafffd
fffb00e9
0ad3fee2
e0134617
0500eb00
0f0006fb
180000e3
10effa0c
fd0506fe
f8fd02fd
1000fcf8
0610fd05
04fe08fe
05ffff00
f80202f6
00000000
00000000
00000000
00ff0000
00ff0000
00000000
00000000
00000000
f9fb0522
0f0701fc
05fc0a07
1a3b011c
e508f304
05fbf004
0afd00fc
ee0606f6
f9e50726
f0fb01ff
0afffffb
1f3efed6
07dd0411
0100ef00
e00002fe
fcff0007
ebc20136
df02fbff
03ff00df
311af0d8
f4edcc1a
01fe0600
f5fff3fe
f8010210
00000000
00000000
00000000
00000000
00000000
00000000
00000000
00000000
e801fb14
0b00fefe
fcfe03f8
1be7faed
f604db1d
02fa2907
faffdc02
1a0506f7
c10703bf
38f9f800
0100fffe
f7d40704
fae91e17
00fc2f04
ff01d401
230203fa
00000000
000000ff
00000000
00000000
00000000
00000000
00000000
00000000
a11506ba
2a03fbfb
02fb0635
f8de040e
01ee18f8
06f92106
fdfc0800
ed0607f4
c6fe0003
ef080101
fd010127
f101f816
0c090208
ff022cfc
18001f02
c8feffc7
d0e3fee7
110904ff
f8fe010d
e7ebf6fa
fcfae201
03fe0dfd
fafe1c03
c90102f8
d3d2fef8
090603fe
fafe0002
dab7fccb
18f4e410
02fffefe
06fe1b01
fd0102f0
00000000
00000000
00000000
00000000
00000000
00000000
00000000
00000000
16f8fc23
f10305fb
f8fa070b
d10df7fb
020ad414
07fae305
00fc0bfd
f20606f4
fb01ff03
f1f20200
ff00fb00
de2bf7e7
1fdbf2f9
0000f001
ed02fa00
36ffff0d
29140206
da010600
fdff0310
d928f6fb
f2fcf9f6
01ffecff
0c0103fb
200001fe
241904fd
0002ffff
02ff0111
e626f720
00f11bf2
01ffe200
03fff7fd
1a000108
0b0c01e4
0eff01ff
fdff0013
d517faf8
f4dd24de
01fceb01
f200f6fb
4001031b
3aff01f0
fb060400
ffff0117
ee1ff116
d50318e7
0201f0fb
0a000100
05ff0014
1c04fcec
0b090100
f9fe0420
edf3f611
e90303eb
02fdfaff
effffdff
1403040b
0706ffe5
fe0b05fe
fcfd0404
f102f61f
e90ff4f4
04fc01fe
defe00fd
fd0304fc
1ffcfcf3
f60afdfe
fafc050a
e4eff5ff
0021fafa
05fbfb01
fefffeff
050405f9
00000000
00000000
00000000
00000000
00000000
00000000
00000000
00000000
b808fd0c
fc0afaff
f9fe01ef
dd1005f7
11271c06
0301f6fe
09fefbfe
26000007
0801001b
0209fbfe
fdfd04fd
ddd00310
eb2df814
04fee402
1efef6ff
fa0303ed
f7080101
ff07faff
00ff03eb
def3fdf0
1f1ddc13
01fdec02
05fff703
f80203fe
00000000
00000000
00000000
00000000
00000000
00000000
00000000
00000000
00000000
00000000
00000000
00000000
00000000
00000000
00000000
00000000
130c021b
0302f6f9
01f804f8
e3150903
3401fd0f
08faea05
dcfb0500
090405ff
e9160426
0f07f9fa
02f909ed
e54b042c
fd2505e9
07fafc06
cbfcfdfd
2c070700
fd0703f9
fc0b02f8
00f807f0
e5e70c09
1704030a
08f8f105
f3f8f8ff
e8060800
1a040400
09ff04fd
fffc02ff
f0e709fc
eef0300d
04fbeb02
f0fef6fd
e2020404
00000000
00000000
00000000
00000000
00000000
00000000
00000000
00000000
f709fff7
ef060cff
f9ff01f9
f1fc09e8
17ef1a02
01fdfafd
fafff401
f5000304
e2ffff28
d0010bfe
fdfc05f5
02400a45
071e05f6
04fe0601
13ff0501
400303c2
ecffffd0
070d0c00
fa02fff7
ff0e02ed
1ee0060b
fefef7fa
2cfdf805
dcff0206
00000000
00000000
00000000
00000000
00000000
00000000
00000000
00000000
00000000
00000000
00000000
00000000
00000000
00000000
00000000
00000000
00000000
00000000
00000000
00000000
ff000000
00000000
00000000
00000000
fcf1fbe5
11040ffe
f6fe02e7
f8e6ffef
17d801f0
03f80f00
f1fef503
f0040718
d9fefbed
05010aff
f8feff02
f10b050d
19db08f1
03fd09fc
030000fe
25000306
0201ffe3
fc070afb
fdfa03f7
fe0405f5
0ef009f9
07f90a00
f8fc0700
fd050701
fbf7fffb
08060afd
fdfb02f5
020a03f8
f9f205f8
06fc0cfd
04fe0001
ff030504
ebf1fafb
21fc0a00
f6fbfe02
03f803ed
dad80ff9
06fcfefe
1a0201fd
f402040c
0df2f9f1
e7000b00
f6fa04fd
03f204e1
e90b16f7
08fd06fd
15030501
010304e8
0ef601f8
04ff0501
fefd00f9
08fc03f7
08f20bec
04fd02fd
ff030202
f90203f8
fb06fce2
f9fd0400
fdfcff07
09f20adc
f4ea12fb
05ff04fe
b60204ff
e8010217
e8f8ff14
f40b0601
fdfc0f03
06f9032a
a44b2102
06fffa00
0e01fb02
d9060505
3df9ff26
d0070502
00fe09ff
0f17fe2f
f03dfff8
040015fc
f7030606
e80303d5
0cf1ff00
e80b05fe
fffc08f7
0d31062d
0120e202
05fc0a01
19fe0805
d80606e5
0ffefdc3
16fb0000
fdfdfce8
061907d4
5ebee5f4
04f91101
f403fd04
f104071e
f504fc0e
eeff01fb
fdf50700
0c1c0420
f90ff9fd
0cfa0b07
27ff07fe
140807f9
3af8fcde
f1030201
fafd0307
08d7fe26
fd030703
04ff0901
1d01edfe
d102020d
17ff00f5
0203fffe
fffc080b
0bfd06f9
f809eefc
05faff06
09ff0b03
fd0807f8
f605ffee
08000200
01fd0102
06fa02e6
0a09f9fe
04000500
0201ffff
fc010005
19f8fef6
0a000304
feff05fd
0afd033c
e70af9fb
0300fe01
ef04ff03
e903020e
fffdffe7
0a0301fe
01fc0309
030102f8
000af800
05fffa01
f1ff01ff
04020209
e3fdff1d
0df900fe
03fa01ea
03e8fded
e210e8f6
07010c01
c400fc03
0f0100f3
e5effaea
180803ff
fcfd07f6
01f201f6
fe17eb02
04fef802
15ff0200
f9040312
00000000
00000000
00000000
00000000
00000000
00000000
00000000
00000000
d401ff2b
1f030100
03fe020b
14260040
db21dff8
0302ff03
24ff0606
0202fff5
f7f901e0
00fe02ff
03fc0200
03f301fd
0406e700
0600f902
0101ff03
05020102
020bfc0d
e700ff01
fffd0203
05ec07e6
03050502
0400f903
e9000503
06020114
0efffff0
0df902ff
01fcff09
ffed01e5
18f00507
04fe0105
f7010101
ef020119
bef8fdcd
eafd02ff
fcfc02f9
f7d4fea6
46fd14fe
04fc0308
3300e9fb
09040428
bcfbfce0
e2f9fe01
00fd01fb
fbe7068b
3f08ff06
04ff0105
0802fc02
1f030212
02fdfd04
30fbf901
fdfd000b
08f7ff0f
cff7f805
04ffef02
fa0306fe
f8020110
3902fe29
dffafd00
fff9050e
0403fd32
df1b0b03
08fe0904
fb03ffff
ed0503ee
12fffd06
06fd0000
00fdff06
020307f5
080bfdff
0403feff
fb01fe03
f7fffef7
fb12ff06
f8fcfe00
04fd020d
001507cf
050cfd01
04fffd04
01020101
150302fd
d3f9fdf8
0afc03ff
01fa040c
f4ec021d
0209eeee
07fe0803
d601ff00
270402fd
01fafe04
0203fc00
fffd05fb
090dff0f
e124ef08
0400fe03
0500fb03
fd0301f1
e4fb00f8
0ffdfdfd
08fc07f7
fc0209ca
190d02ff
05fb0507
ca000b02
1d0706f9
cffcf719
28080400
f9fe0801
0cd4041b
b413f406
03ffe804
f3fd05fa
f6040312
ea05011b
fd020500
fffe0402
04cc021e
b00cfe04
0200ef03
2cfff1ff
ee020111
dd03fd0d
2703fbfc
00f906ec
07fc05fb
0304cdf7
08fb0505
c0fdfdff
e0070622
0efcfff3
26fe01ff
00fb0305
06e403eb
ebefea05
06fdee04
fd0006fe
0404040e
1e0f03e8
eff801ff
06fbfe22
f80806ae
0af7260e
06fff903
140106fd
1c01010a
22fb01cc
1401feff
fefd0009
09e70118
fce81f12
04fff1ff
3100f6ff
e5010108
f40300f0
fbfe02ff
fdfc0100
020405eb
f9f0f70f
05fe0101
2501f0fd
fc030319
0ffc030a
f802fcfc
06f90602
fbe80a16
04062807
08fb0a07
e3fd0203
ff0706e7
f301ff0f
eefafe01
02fb06fc
061b07f6
16241805
07fd0204
f104ff00
fc0604ec
e8220ac0
f20d03fd
08fd03f0
f7240507
4af1c5fb
04fe16fe
d7fb0708
ef03031c
fcfffff1
fcfbfefe
fffb0101
06d0feef
d30cfd08
06fef201
1d0200fe
e502020f
0002fef1
0d0802ff
01ff0607
02f70305
f90ff607
02ffff02
c7fd0103
de040323
f103ff0a
2000ff01
fdfd0309
fdf4051a
01f0e3fd
04fdfe03
04010200
f7040403
31f1fc22
f2f8fdff
fafbff17
0201fd13
f100f30b
06ffff01
5203fefb
030101ce
16eb01da
1efe0200
01fd01ea
fbd3041c
f8050411
04000900
1601ef03
f20101eb
0d02fe12
daff01ff
01f80b06
080a011c
de501000
0aff0002
010306ff
0b0503ce
40f602e1
02fffafd
04fc0210
fba200d5
eaee3912
05fcf206
c7fcfefd
e1040414
090307db
1700fffe
08fe0007
0708ffe5
2aedf710
02fe0102
00fff7ff
e702021a
f00502e9
26f8f6fd
01fafcff
0407fefd
14c9ca03
07fb0703
d701f201
ec03043d
e4f2faf7
1c050101
00000308
041e080e
131f0905
0101fe03
f000feff
040100e0
d616fee5
f8090900
00fe06f0
0706fe00
1819e9df
03fe11fe
f700f50b
b004031b
f40d0129
0cfe0101
ff00ff12
051a0712
09eeeff7
0000fb01
ed0108fe
f30100d3
c302fffa
f6fa0900
03fdfe07
014b06c8
1dfe0b0c
04031cfd
ed03f603
1efefef3
ed020312
0dfd0202
0300fe0d
0235fa11
19fef006
0002fe00
03020301
24fffef7
2b1b0260
b9fd0301
fff7070c
0f44056d
b25415fc
0b0207fd
1d06f905
ca0200d1
1a0300f3
f8fafa00
ff000009
0fc5fcdc
fcdff118
00fbf104
2e010902
e503041f
1c1c03fc
fdfe03fe
0c01fe09
243d0523
71dd0d08
fefc0904
83fe0d00
f60304f4
eef9fff8
08fefffd
fefb00f0
fa170109
fd08ee04
05feff01
2f00fb02
0402021a
56effc00
1af90100
fdfe0105
0710f9fb
28f7def5
04fc1105
1503fbfe
e9040404
1604fe22
dbfe0a00
fdfe0015
f52af7f8
e5060b05
0300fdfe
0e02f101
e6000013
fff1ff08
0003fcff
00fe000e
03fb0ae3
04030102
030200ff
e3fefd03
0900ffef
bcf50400
2d04f8fb
fcf706f6
de0b08c9
fa11f9ec
09f9f605
71fdfe07
7f0707f2
40fefef6
81fcfdfb
fef40509
081efe09
7c1ff20f
0efc3600
f902fe07
c40506d6
cb0b01e3
0309fe02
ff03fe1b
03effe35
13e7b6f1
fd0209fd
e9fff804
fdfefe13
0a000218
fdfb01ff
03f90206
fc130616
0a1801fe
09000fff
d7030600
060201e2
0edc00d7
f2fc01ff
02ff00ca
f714fa22
e50e0705
02feee02
2d000dfd
f30101f0
e6e0fed3
fefb02ff
fdfc0207
e9e405b5
0ff01c0b
06fbfb03
35020dfe
420406fb
24fc05f5
f8ef03fd
08f7ffff
12f9ff02
0e180703
0a00eb03
2904fe07
0a0200e3
15f3010b
0a81017f
ff7fea01
01ff01e4
fef3fcf6
811a09e9
0b7ff803
ece7e6fb
210302f9
05f2f702
03fe00f1
1427ff04
110e01f7
03fff601
1107000b
0b0101ea
24f107de
f7f601fb
09f80213
09befbe0
fffbfb0b
08fde005
1dff0a0b
e30303dc
240dff36
04fbf500
fafa0302
0b56ff1b
c11e26fd
0700f3fe
42050d10
170101e3
1202fd0a
03f20800
04fd0411
fa1eff35
d318f407
0400ea07
e7030d01
090200ea
1a0400f9
06fbfe00
03fe04f9
08f4fafe
f8fcf914
03fdfa04
c4021203
f60403f1
ed000811
f2f5fb01
0bfe0118
04f8f3f5
e40908ee
0200e506
f303070c
1201ff18
08faffd1
e6f4fb01
01fe02f1
fb27fe01
fe0b0a00
0200fc05
19040204
0f020001
e3f6fcd5
00f0f500
fffcfe08
eeecfaf9
f8fb1303
04feea04
dc040906
2a0101f2
e908fceb
faf10200
00fe0000
f7de012b
fb0303fb
0301f105
f3030401
0300ff0e
faf8fae3
f5f8fc01
000004fa
00f3fdeb
17081114
00fee108
03020701
f60301ef
0ef6040a
defff8ff
01fe00ff
fcfafde7
e802f4f0
0301fafe
20010808
2bffffd6
f5f5faf4
0afd05ff
fffe03ff
f9e4fb0f
f30ffffb
0301fb04
0500ff02
1701ff08
0110ff1e
07f60201
04000122
0cfef906
2402f601
0000ef06
02020405
fa0100fc
1204010c
06fcf901
01ffff00
f516f8ea
ec0508fd
01000f00
ff020308
0affff03
0a06fcd7
f801ff02
050102fd
f712ff26
ff36fe06
ff04fa03
dd001302
e4fffcfa
fefffffe
f4fffafe
fffefe08
04f7fb19
070204fc
0304e2fe
fbff0808
e0fcfc09
02f1fe25
f402f6ff
00ff04ff
ff17fe22
1409fbfd
01ffeb06
19feff0b
ef020106
fbeefbcc
16fc0101
0000ffff
f9e6fde6
02140710
0004f300
1401fd05
1dfefcf0
04150817
0efcf704
070200eb
f60bfe18
dfff3e02
fe01fe01
fa030b0d
01ffff31
df070010
fdfff003
02020101
010df5f2
ea0be6f3
ff010801
ec030202
1900ff1c
fa0c0820
04fefe02
09020000
ffe8fc02
ecf8ff06
fe000e02
02000b01
f700ffff
f6030cdd
e400f703
0d02fcec
f927f70f
f2fe23fb
fe0502fd
120108f7
fffbfb06
f504810c
0a04fa02
8101ff00
f5fe01f8
0ef7f708
ff011a03
f800fce5
fefffff7
f9fb07f7
08fb0300
0cffff03
01e9fbf7
010706f6
0202fb02
03001101
07fffe0c
fb070de3
f601f8fe
0bfffcf0
05e6fef8
faeffaf8
01040dfe
f0fdfff7
e7fcfc26
f3f603e8
e904fd02
01010108
0417fb05
f702f7f8
ff01fd00
f0000ff8
ea00ff12
2d080a15
ec04f601
080100ea
f904f4f8
02f60bef
00010dfe
0500fb02
efffff03
f9020703
f102f902
070202eb
fd0af8de
fc0318f9
fefffd02
f6000cfa
13000116
fcfc0208
f8fdfd00
0200f9fb
fe010007
f5fcfffd
000803fb
050001f9
fdf9f803
060002fd
00fafe03
0402f9fe
fffeff00
fa020402
fe08fffa
020304fd
fff9f800
070f02e9
fd00f501
0301fffa
f818fcfd
01f606fd
ff01f901
f60005fe
05fffe1d
07fcfd07
fffffc00
fefff4fd
fe0a0201
f80400ff
010dfff5
08000301
06f4f3f8
f905fee1
09fbfe02
0601fffc
0219fd14
fe090306
ff03fb04
040119f6
15fffd0d
f8f806ed
02fff900
0900ffeb
ef020337
140104fe
0001fd03
f3fefd06
f1fffe0b
e90804fa
0300f702
0603fef5
f80df9fc
ee0416ff
fd03fa00
ff0004fe
18fdfd18
c4170600
f4fdf5fe
07fe04ee
09e7f900
ebffd6f8
02fdff06
b7fe01fe
f103031d
ef20feee
fef800ff
0200fef9
fc000300
10ef1221
0000f205
01ff14fc
ff00ff1c
0a81071a
d404ff00
0600ff7f
e3a2f9ef
e5f2e281
0001f100
96fe81ff
f300ffed
0d0dfd08
fb03f601
fd0000e7
061cfa15
ed111615
00010e00
1d001201
f700fff5
fdf806f2
0cfdffff
06fe0001
021cf21d
0d08f0f6
0200f802
f200fe00
e900fff9
1608fe02
fa00fd01
ff01ff05
0810f7f6
fbfbe0fd
fe000402
23000cfc
f300ff04
22ed010b
01fef701
0103fe07
f705fc29
efdcf4fc
fd010103
13ff05fb
fffffe20
0f12fdfe
0204ffff
feff01f2
0022f504
f10ffd0c
01010c00
19fe0b02
1200fffd
f60d04f4
06fc16ff
070000fd
06fafb10
fc01090e
00000504
10000cfd
270100f5
0dff0813
06fd1601
09020010
f0e80b19
fdf2fa08
fe000003
0f00fe00
0d0000fb
19f20418
0d020c00
0a000110
81f27ffb
0805810b
00fff901
20ffe805
b10201ee
0d0d00f5
f306f5ff
fd0001fb
1710ed03
03fd1cfb
000002ff
04fe0902
0d000011
051700f6
1000ffff
00ff00fc
0800f9fe
f7fd0e0f
0100ff02
18ff0dfe
020100ff
f60c0002
f3010400
000002f8
021cfef7
fb10f203
00010c01
11000efe
0c0000f1
3400fe11
f4fbffff
0300000a
04fcfde3
e9fefb07
00fd1c05
f8ff08fe
170302f1
150aff10
000002fe
03ffff0e
f80df707
e3e9f70b
01000a03
03fd0c00
0e0000ff
150afd03
fa0306fe
ffff01fe
0104f805
f801f70c
01ff0201
fdfe0a02
0a0101f6
050704fe
04fd01fd
06fefd00
fef9fd04
ebf2f303
0200fb01
06fe0701
1bfffffc
1e0f0404
06000000
0300feea
0bf7f6f8
d3f518f8
0001f9fe
ed000805
09ffff12
ffe009ac
fcfdf901
0703fdfd
f518021d
f9ef2cfb
fc000301
0e00fcfe
50fefff1
0c110007
f80006fe
04ffff05
0ff7fff9
04130707
0103f900
0afffd02
01fffef2
1b1603e4
eeff0201
0202fbea
ecf200fa
fae8040b
fe0308fd
fa000c04
1efdfdf7
fc01fe1b
04fff600
0603fe15
f0f1fcf4
49122cf7
fc01f202
12ff09fe
1dfffe13
f0130604
f6fafcff
0a00ff00
05f7fefd
f6f310f9
ff00ff03
f3ff0efb
1a00ff11
100200ec
fd01fb00
0102ff02
fe08f610
fbebe7fe
fd0010ff
08ff0604
21ff00df
f7110721
17fbfaff
07010009
f4f1fff7
e9000d02
ff001c01
e1000502
1f00ff27
141402e8
06feff00
03ff0304
fc00f816
ec12f407
01fe0903
10011201
12030216
1f060d1c
17fef700
0d020303
f9f3ff1c
18f62bfb
fdfc0006
feff05fe
2f0303ea
ff03fb05
0d04fc00
00010014
fd1ef801
ef25ea13
fe0302ff
08ff0702
08fffeec
f9160b04
fd00f900
0c0200ee
ef04fbfe
f9fb25f1
fdffff01
f4ff05ff
1d00000d
161cff00
04fb0201
0002fdf8
f41e0305
d0ee0310
fe02fffd
f0011a05
07fefefe
100b08f9
14fafcff
0a01fdfa
081c0209
11030df3
ff0307ff
df00f702
20fefd0a
1d1400e5
15fbff01
fc02fc08
e66a01d1
f2cf3837
fd00f5fe
ee01e4fe
ffff000a
05ed02a3
f0fdfcff
06020031
f063ec20
f5f62655
fd00ef03
08ff2400
fc010006
03fe04ce
ebfdf500
0402fbfd
17f5f70c
41e1fe07
fd0211fe
f3000d06
1dfdfd0d
00f20201
ed0200fe
03ff0003
16d807e2
08f6fb07
00001dff
f3fe1704
070000df
d9bc0618
13f906ff
1001fd14
25ec04e0
08f43111
fe012802
eeff1601
edfffe04
e9e4fd48
220012fe
0100fff9
39fffcfa
fc092bf5
ff001501
01fecf05
0c000000
ff3cfc24
feff0cfe
fc0000ed
25040904
faf90fec
00ffde01
0bffc703
2c0101eb
f12e07e3
dbf7fd00
0903fcf9
0ff00ff7
12d417ed
fc00d202
f30004fe
22fefe0d
16e4fff4
e6fcff03
0305fce4
f2cb060d
0ff94c07
fa040aff
16012101
fbfcfce3
25fcfc1a
170807ff
fc0001ec
f8ff0424
eb0f03f7
000112fd
09fe1504
f5fffffd
041c011d
19fb03fd
05fa05e3
080e07e9
f62913f0
0600f504
000007ff
320301fe
ff1909ef
05fefdff
0c0102ef
09fe0514
fc04fdf3
ff00ee04
07fefefe
05010011
00000000
00000000
00000000
00000000
00000000
00000000
00000000
00000000
1209fc01
fc030300
fb01fef3
06e50302
0c1805f2
ff010cfe
08ff0302
06ffff01
00000000
00000001
00000000
00000000
00000000
00000000
00010000
00000000
f20e03dd
08f603ff
0401fcf9
03f105dc
51cc10f7
fefff102
01ffee00
f300002b
00000000
00000000
00000000
00000000
00000000
00000000
00000000
00000000
f4dc0436
ec03ffff
0503fdda
2029fce4
fdd3faf8
fc01e4ff
0afd06fe
07feff2e
03cf033c
dc03fe01
040101d1
1d2afbeb
0909d905
fe00faff
0b01f902
0e000012
fdf9fa5b
ed0203fe
fefffee9
2933fbf7
0806c50a
01010000
f5fef503
3dffff0d
1501fe20
fa0703ff
030200b6
2b03ff1a
f00bed1d
fd012001
0bfcdb06
e300ff0a
f6130404
16fcfd00
090201f2
2bfe070e
f0ff090a
fdff1305
01ffe202
1d010004
00000000
00000000
00000000
00000000
00000000
00000000
00000000
00000000
d31707f6
2000f901
0a04ff1d
24030afb
f2f035f3
fb001c03
eb00f501
15000002
93fe02d9
1305fdff
0402fe0a
23e008e3
05eb04ff
fd012fff
fcfdff03
ecfffffc
ceebff06
f904fb01
00010109
1ffcfd11
f60ef308
ff0222fd
f3011207
d4ffffe8
c702fffa
f503f900
fd02fb06
23fefce2
0aead805
fd0310fa
e2ff0a05
c4fcfc12
acee0020
1efbf800
0001fef4
0204ffe9
08eedf07
fefd1103
e6000e02
0a0202fc
b9ef0037
1b00fffe
00ff01fd
03f1020c
d503e41e
0000fb04
08fd0f00
f2010003
fdff0005
01000100
00000001
02000001
fffefc03
0000ff01
00000100
fd0000ff
21fc001d
d1fb0403
fc040105
04d20119
e006190b
fc02f900
0d03fafd
e4fffedc
f0fe0302
0dfc0400
0303fd0a
061b000f
f0e4f5fc
fc03f8ff
f8000002
0bfdfd03
f80203f9
0cfe06ff
0202ff11
0b1dfc07
eedcfdf6
fe01fc00
08ff0400
0dffff0b
eafd00e0
12fd0500
ff03fe13
1013f8ec
08c801eb
fdfe0401
12fffd02
14000120
0e0201ff
f5050102
00030007
0a38fde8
1ced04f3
fc010dfd
02000b08
15ffff05
fdf5fe06
1bfd0503
fe04fc13
0d13f5f9
dfe40bf2
fc0305fd
000206fd
29fdfd11
0ff1ffee
2009ff00
ff02fef8
0a07f0fb
eeebecf3
fd0111fb
fefefe03
fefeff12
fcecfed4
1005fe02
fc0401fb
fd16f415
ee0dfdf8
fb020ffd
1b00fe04
23fffef1
d1f300c8
e6fdfc01
fe03f707
0308f8b3
6bbfe003
fc0119fe
2300f404
03fdfe32
f2feffff
fcfcf502
ff02fe0e
f500f3fe
ff04edf7
fe010400
f802f600
2400ff01
11effc15
0c00f100
0001000c
ebf9f5f2
03f5fe07
fffe0005
d4ff0afe
1b020211
fa00ffea
f500f400
000100fd
f2edf8f4
2b09cf0d
ffff0502
ff00f201
f501010e
1705ff44
f609f802
00040219
fa56fd6d
fa3ed20f
fc040aff
11000a02
f5fffdc0
fd13032c
f6faf000
05ff00f9
02f3f909
0012dcf7
0000f403
be01fdff
f701ff0d
020305e8
1802f6ff
0504fe0e
edcefde3
3eede40e
faffea07
0bfcf4fe
00000010
01f906f3
1502f6fe
06000312
e9e5fdf9
ff1b021c
ff00f204
1ffeff00
210100e8
fc0c0506
ebfff901
03020106
05fc031e
1a13d213
fd01f500
0d01f901
da00ff02
00000000
00000000
00000000
00000000
00000000
00000000
00000000
00000000
f40303fd
ff05fb00
03040009
fb080223
0c0fe90b
fb00e601
f1fefc02
fbfffffd
43ee02f3
e706ff04
0008ff02
f29fff02
e9041113
f702f1fc
e801f101
a5fcfdd8
0bfb03f1
cbf4ff01
0002fb07
ebc605be
29e80a0d
fdfff300
0902ebfe
f7fdff04
0dfc020c
0602fdfc
fcfe02f3
f0df0307
f1fc0b16
01fce402
18fdfaf6
0d0103ec
c0fa02f2
27fafc00
ff02fdcf
ead8ff08
02ede3f7
fd01fdfd
d402ea02
fefdff1d
00000000
00000000
00000000
00000000
00000000
00000000
00000000
00000000
f301fe24
16fffd00
fa02fd05
efff0ae1
f2ec0cfe
fefff4fd
fe0007ff
19fe00f4
00000000
00000000
00000000
00000000
00000000
00000000
00000000
00000000
1318020e
eb020901
fd02fc18
0c0b05ed
e7fa10fd
fe03f1f8
f6020001
ebfbfd00
e70afffb
ef010f04
fb08fb14
091507fe
45d3f20d
f7ff07fc
01020101
d8fd000e
e91d02f6
360800fe
fd01fefb
fd2cff08
20df07f0
fefd05ff
1ffd0000
03000236
00000000
00000000
00000000
00000000
00000000
00000000
00000000
00000000
16fd01d7
02000c04
fd06fc19
0ef201c9
04f4ce0b
fa04f7f6
f904fdfe
d3fafcfb
0ded00df
0a030201
fc02feee
f30b0207
010213f4
fe00fafa
2802f303
fbfe0012
cb03fcc7
f80708ff
f901feff
f2ef06ea
4af316fe
fe0001fb
f3fef600
fefd000b
2311fefa
00020cfe
faff0017
0d07ffe5
f6e61504
01fdedfd
1a0002fe
e7000311
fd0000e4
020809fe
fc01fefc
05f303f9
03df0d04
fefefcfc
e5fdf9ff
e4ff0219
d1fbffe4
0b0600fe
f701ffe8
f2db04a9
fbf811f2
fefef100
7ffdef00
5400010f
18fb0007
00030b00
fd01fb04
00fa0704
ffed31fd
fe0202f9
0900fa01
fcfcfef0
f90201e5
fcfd0aff
fb01fbfd
03ff05f1
07bb0806
fefd06fc
f800f200
04fe0213
18e6f9f7
1f0805fe
fd000304
eb24ffe0
f2ee10f5
00fd0cff
d1fd1000
1b02041c
eff9fe1c
130906fd
fcfe0101
fd1208fe
0e03eff4
02ff03fc
05fd0304
0d0001e7
0dfffdf0
12000c01
fa02fefe
1205fff2
17ea0003
fdfefcfb
fd0303fa
fdff0203
14090231
f20806ff
01fe0afa
03550139
e3531fea
03ff07ff
e6010c02
320403bd
e9070000
060afc00
fc0005e9
eb1105fb
dc152ee2
fffbeefe
c8ffee00
320305f2
2bf3fce5
31ff09fe
f900fe15
0fdc06f6
06d4150c
fffcf3fe
edff02f8
d80003ff
d20201f0
25070e01
fe03fd02
0c46043a
1df7cdf2
fc0012f9
15010e05
f5fd00ed
00000000
00000000
00000000
00000000
00000000
00000000
00000000
00000000
1704ff02
1b070e01
fc0300f2
f9f9fced
f7f8fdf5
fd000df9
df01ffff
ddfe001d
44ff0272
c50106fc
fcf80513
0f610069
fc3026f5
09fe20f9
e1030e01
f2020481
0a1605f0
e4ff0900
03ffff18
073803dd
1df934fa
01ff01fc
130206fd
0cff01fa
61030328
09030202
ff0100f8
08e20622
effa3eed
ff0008f8
d4031203
e8fe00f7
1feefedd
0e110dfe
faff050a
06010011
d31204f3
0100f4fa
dafd0804
dd000208
a5f9fdad
dc001002
0003feff
f7f60792
66f3f209
fd0008fd
3202fffe
13feff25
f5fd02ee
1d000e01
02fd0400
12f104e6
db24f80c
0400f0fc
0d0506fc
bf0102ed
1101fa31
d30c07fe
f7000206
0261fd3f
2a1b03f4
00011bfc
28fd05ff
35ff00e3
6ef7fe19
c3060a00
f50004ee
01f8f44d
bb0e1e00
00fe04fc
1500f0ff
cc0103e6
260af916
19090901
f7ff03fd
01c507eb
c8ff00f8
0200fffc
c80115fe
e1000116
af03040f
3b070ffd
0900001c
f57f081a
0cdef60d
ffff0601
a5fa21fd
0d000114
fcfb0800
f60b0efb
01f907ef
0cdb07ea
fa2216f0
09fcfbfb
1bfff9fc
fd0406bf
e9010623
230aff00
0401fefc
0b1f08e9
1b1dd5db
ff0307fa
34fef104
14fefedb
1d0304d3
f0010bf4
feee0ffe
0ebdfdc7
06110601
14f30005
01fd01fb
ee0d0ff9
140b04df
f00810fd
00fb041b
1beb0006
fc13efef
0501f4fc
ceff04fc
f50000e9
0d05fc03
1c010aff
f8fc02f8
f8dcfd0f
f2f9fbf0
04fefbfc
2b0207fc
de01021d
1aeffeee
67fcfe00
f8fcfff3
22d41144
2cf2ffee
05fae103
1505fefa
dc0505f2
cf1406fe
a81010fe
06fa0ee4
07e7fa2c
bc5c0906
070501f6
bcff05fd
f60100bf
ff0e00ff
0a010805
fd0501f3
f8ee03ff
15f3fa08
fbfefc00
0604f4fb
0301021d
effcfa34
0e1cfc00
fbfe0c03
fb6a056f
997f31ed
030907f5
e1fd0a04
36fefc97
2006fbf8
f90b0304
fb06ff1d
08eafa4b
ebf7cd17
f9020dfc
410004ff
98fdfe0b
9e0f0781
17fc0dfc
11fffbe7
eb6af681
67d3acc6
01f83c00
b8ff0907
3d030618
81ecfd02
0c0b07ff
f9fe08f3
fff1023e
dc3b0216
0202f8ff
67fef7ff
1c010000
23070613
ff0bf601
fe000200
f804fc05
dfff07e2
00fd03f9
f901f1fd
f00104fb
3ff206f1
f1fefcfd
00fb01ed
efebfdf1
15fd0dfb
05fff2fd
0c000703
fb010101
48ed00f7
e2030403
0204fc0b
fa04fee5
0612611e
fc06fcfc
4e010b01
02fbfbc3
33fb0007
cb0703fd
fdfb0502
04feff03
3b16050f
05ff15fc
0bfffc08
cd0203f3
de0f01d1
fe0f02fa
fffa04f0
051807c5
44f0f2fc
06fd11fb
f0faff03
0702041f
07f6fd1c
2002fc00
fbff030a
0822fed9
03f5fd07
0201f5fe
00010c01
f5010015
270dff14
07f60200
0100faf5
fc360ad8
53e92008
00fd0303
160203fd
3f0001f9
0115fcf3
f10404fe
fffc040f
07e9ffdb
1329ebf9
04fffb00
2e000c05
eb0302e9
040505e7
09000401
020004fd
18c802d9
02faf212
00fdfe01
0f02fb01
d5030411
f20804d3
fefd0301
000000fe
0ee3fe06
e7ecd5f7
00fffefe
3802fc02
170001fb
110101fe
e70b07f5
02f01602
fff4fffe
f54ff3fd
12f40809
02fb02ff
ee100ee2
28060045
f6140100
fffd0d0d
0b2e0469
bd5810ff
040302fc
1ffd1204
e60301d9
e1fefe1b
21020400
050001f3
f4a109db
0e05f807
0003f2ff
ce000304
fefffe18
ee11ff07
1800ff00
02fdfef3
09de04ea
f506e8ff
0403fcfc
aa020704
d8fefe22
1e280135
feeafffd
05f8fe10
072a05cd
0ef821f9
08fdf906
d7040c01
0a02020a
d70d0019
f6fafe03
0102fbe5
0d4ffb09
1213d6ee
fe0809fa
ff050803
36faf90f
f2fffa0f
370afd00
fd0200eb
fd6f0650
211406fc
fe0007fe
11fe0d03
170001de
17fffe30
1a02f101
fe000307
012f01de
07fc0f02
00000c01
cc011104
fd0201fd
30f800c6
06010501
feff01e6
fdebf8f4
dd081703
0300eefc
0802fd01
e30000fc
b01e00ce
ea100601
030404de
091ff8e6
4622ba00
fc0109fb
e3fef304
160000ed
0efd02e6
f0030400
03fd03ef
0fe40814
f512fefd
0301f9fe
ce01ff01
bb010020
bdf802e4
f4fa01fe
03feffed
f4aeffe0
e6ed3015
02fff004
ebfffdfc
38000101
13fafcf1
2b07fb01
fbff0307
0922fb28
e408effd
0104f6fb
f7020b04
e0fffe1a
1815fa06
25040501
fcff0618
1511fbc9
d40bec05
0100ee00
f9020cfe
d3020236
