051601f2
080ad0fb
30040cf2
30fdf203
01f3d801
0d14fde6
fc080904
04f2f8f5
0c05f5eb
f1fded08
2903240e
0f091707
fced2dfb
190c0fe6
05060df5
f8fbef04
fff7060e
08ee0113
3b20f704
e0010f04
05ef1503
fbfaf2f8
fee9f400
0d090517
090908fc
fefbd700
2d0a11f2
20f9ff08
f9101aff
f316fc0e
eefd0a02
10e80bf4
02eff9f3
0704fefa
0bd9ff11
cffae8f3
0000d2ff
f90904ff
01100505
01fe0401
0df2fc02
02010f07
0600d803
0d060407
0300d4fc
fbe5040a
0516fff9
07160807
ecfd09ff
fb0c0304
eef4fee6
31fbf902
00fd1f02
072bf60a
ff0509f6
0a03090e
ebefee03
ee1821f2
19df1fe5
c305f60b
faf30300
15fae9d6
f5f5f2f8
00ea1005
fb0c0bfd
ff000110
f404ec0a
020104f5
fffb0000
ff0cf9ff
04fd04f6
f91ff809
0de714fa
200f05ff
a802f813
000cfd03
fc1ac507
08dd0f35
00eee704
ff07f8fe
0d0002ff
09fdfaf7
be132406
05f410f7
00e91d08
e71c0202
e9e7f10b
14fafc06
ed050515
0615e6f9
f2fdf4fa
22fb13fd
0706c100
09220208
f30f13ea
000bfee9
f5f5f300
04f909f0
25fafcf5
fbfd02f7
050f0406
f701effd
0ff4f501
0ef70202
0e17ff06
07e6fe1b
05081006
32090405
fc07f9fe
fa0bf802
0913fe03
06070cec
fd0dfa0a
fef5ff08
f5ffe1d6
1dfdfafe
fdf00d05
f519efed
f9070206
13faf702
f2fafdfb
03fc03f6
1101080d
020bf809
fc061900
0604f01c
1102f2f6
fefb03f8
ed1502fc
00fa33f5
ebfc2cfe
eb0701f9
f30b3b08
fd0d0ced
fbe4ff01
050bf2fe
d706feea
05f37f01
fde3081d
0402fbf8
01f80cf8
22db0d0c
ff00fcfd
0def02ff
edf3fef5
08fc1c0c
fdf5fe17
1ffd04f6
f9fbd4f8
07eff6ef
ee0514fc
080614f3
2522f003
04f2f802
0cf62ffe
fde90c03
01181ef8
fdf50b19
fafdf9fe
f5e3f20b
f90c09f6
18f2f807
0c0b1ef4
e20200f8
fef7f303
0717f1f4
ff020a03
080001f7
ff060206
0412fcfc
d704d9f7
1a040cf8
fcf72dfb
f913fc0a
060a09fc
f90d05f0
0400fe07
f8fefd05
12fb0501
fe011a04
f800feff
00eff504
06ed0cfe
fdef01fe
02f6fe04
0c0001fd
de0b191c
e1f10c03
01081600
05f30608
04fee9ff
09f4feef
f9f30204
03fff805
1ffd0104
f51418ef
00ec0901
f4fcedf3
010715ff
01220a0c
12290502
22ff03f3
2fef05f5
ea01080f
fa1d0800
1ce110de
110203f9
0711f40a
fbf3fb08
0f010601
bae31201
220915f6
06fee706
0ae1f9fb
fdfe0405
01fcfcf8
02fc020b
f6f3fcf5
1af9fa0b
d300f0ec
00f9f304
0d09ef0d
fc0406fa
0c12f501
0af0f6fc
f4fa11f1
f2f1fb0e
f1001105
01160d10
0d11f5e0
ecfb0d13
f90c1508
09f7fe05
24ea030e
4203e3f8
f71511ea
fef81bfb
0f0b0e18
fbf208f4
00fa0408
01fc07fc
f7feecff
1b03f6ff
0efffcf9
fcfc0407
f50906ff
0302f904
f9ff06fc
05090800
f9f9fbfe
1802f703
00ff02f5
01f0ecfd
030703ef
0403f7fa
fb000301
12ed1708
f2110804
ec150c0e
330103f4
0cfedc02
e1f3fded
09f01af6
19fa06ef
f10a0203
0303f306
0f0a0d03
d6010200
00fb0403
011df8f9
02fbf4fb
fe01ff07
05f4f51c
efe9010f
ea0cebff
2504f3fc
ff160505
1afb0809
fe1c0810
f707fb0c
eb080602
d7fe0004
110bfcf7
ca040c09
fa17f40c
e623faf1
14e8fdef
07e607fd
08fd05f9
03fb05f9
260d0001
1c03ef0a
06e303f9
14fa0409
fa0010eb
06fdfa10
fa00eb10
10f3ee19
06fcfb09
e608eb17
03b00bf9
f2f011ef
080fd706
fde908e6
f9030706
f9f909fb
05f9eb09
f6fd0201
06f80703
0dff0003
0200f505
091403fc
45d8fd05
050707f0
0c1ce7fb
e5fee6fa
ff0f3407
f90406f2
fff4f7ff
e3edf502
fc07e20e
f209f5f6
19effd1c
c2f203f9
1f1f3003
fcf50e00
fffff6fe
07f5f916
0c0deb09
0506020b
2425f6e6
cffe0004
01ef1afd
12e704fa
0e090405
f704f30c
ca21070e
eff5fbfe
e21dd6d2
2709f819
f515f1fc
f1e8fcec
e90d060a
1400f2f5
1feb03fe
05111007
1d04fdf4
da031cfd
f8efed02
cff001ed
0a0e01fb
061209fd
071cfe01
fa06fbf5
0f060df9
31fef0fc
f7fcda02
02040317
f71317f3
02f0f711
f3e5fffd
1135fe0c
024bb401
8aeb02e0
0d02fcfe
05000e00
e117efe3
0ad41c09
f617e91f
f7030204
2a07cf31
d61124f9
fee8d200
1b081d1e
fb09e601
f9e4f606
020512f4
00051201
da06e404
e50601fb
0efefdf7
f5ee09fb
f6edfcf1
fc0cfaff
06f0230b
060afaef
e506fd22
43f9f2f7
03e3defe
fc02ff0d
0114f7fc
0313f318
fafa10f8
fdeefcfc
39efd6fb
0017efea
ff181500
fd09f3f1
21fef016
08fe0612
fdf4fcfb
fd020703
e914fb12
2b060308
05f71003
04020f00
17f3f8f9
f3fb1007
00f3effe
ef170102
1509fffb
0feef706
f821e106
ec0c0807
050e0d03
13ea0906
06f002ee
ed0900f1
f6062106
fefe01fe
f9f8eefa
f3ff05ec
eff6ddf8
0f15e4d9
1ddf03ec
00f80400
fde2fd04
ed0e17ed
fcdb1cff
ed05edfb
faf0f30c
f105fd10
07ee0008
130adaf2
cae40507
cdf9f316
08f11004
1320f5bf
1be80307
f9f4f219
f31306eb
fefffe0b
09e7dded
14f90d09
f8021902
f706f811
00ffe3f8
13fe07f9
fe010e01
040aff01
12fc11fd
cd04fe00
f7060a02
ff0b0bf2
00170a03
17080404
eeda0700
eeeafde9
191ef6f5
ddf7f716
f91522ff
0b08010b
f6ec0307
f0ec0302
14f103ef
0511fdfe
15f0fae0
040f2005
000403ff
0304e610
f3faebf5
0e0708ed
fdfaf416
02f4f114
cef007f3
070025e3
08062601
1b000215
e002f5fe
09eafcf3
11080af5
04000108
f2efdf19
2e05fbfe
fcf50b04
f9f5f3f6
0d0a01ef
040200f9
fcfefe15
04df141f
1120f903
0504fc11
fd150df8
f8f30ff3
ef11f4f2
f3f1f703
fc010010
f3f402fc
11eb020a
0604fa04
fafbdcfc
e6f808e6
070915f2
03faf902
0707fcfd
030702fc
fbfcfbf7
eb05010e
020d17fd
08f9030f
f7faf7f9
f7f8f4f7
fbfff204
07fe0607
ed00f30d
f4040605
ff1215fd
fbf70df5
02fc03fa
f9fefd02
02e8f0fb
0af5070b
500c19f6
100303e4
0104fdfb
ecfd0feb
01fb1210
050efb1e
05070ff6
0220fb05
fb0ff405
ea01f803
f9f70e00
10140bfa
01f4fdf6
f8f8f809
041602f8
0efe0309
c01a0ff8
ee0904ff
03f0e902
0e20f8fe
f3fbfc01
f7080bf2
12f5f700
fafaf201
0df206eb
0d00fe04
040ef3ff
0e08f5fd
01f10409
f516050c
eafb0d20
0fff0bff
46120de5
21040008
0bec05ff
f5e9fe13
00f1fdfb
02fd01fd
0afefe01
f6fa0200
24f1fdf4
f80a070a
0deafe02
f604fc12
fb01f6fb
05fd02f9
010cf902
fb0505fe
f6f0fdf2
f8f90013
f40c02fa
030e0104
0502f2f5
0508fa0c
ee06f7f2
fff4f7ef
13f51404
0e0a0200
fde4e9f4
f90405ea
0210fe01
030700f5
0b06f8ff
f801f203
f8fcfa07
ea0600fd
fa06fb01
f7030915
01f5f208
fafafd0e
fdfc080d
f007df08
31f1fff5
f805f90f
02e90505
040008f9
f80304fa
04010e05
0402030a
0bedfafb
2400f9fb
eefcfef7
01052103
f90e0712
061104fa
f9f1ee01
04050200
000107fd
3ef9e714
08f800ff
f905f600
ed1203e6
02fdffff
0e0405ee
81e6522c
3a790823
4281ad44
7381745f
fffcdcfd
81068145
17073a45
81ade128
0afafa0d
fc0114f5
e201150c
e5fef906
01f7e602
0501fd08
fbf10306
f3f7fa03
fa0103fd
0708f802
f01a1302
15040204
fdf00305
0500f8f0
f901f409
05f30408
f90ffe06
f2f90b05
ed02f4f3
0b000704
fb0643f7
fd00fcf3
f9f5fafb
fa09f615
f40211ff
ff01edfe
f7fde222
00f4f6fc
000c1a06
0df51309
e9f30ff6
f40af601
f2ecfff4
01ed0915
340fefef
2a031b05
ffe0b3fd
20db0703
f40ff9f6
032106f2
03090717
f31b1e03
e3fbfb03
1404fb13
f0f41b0a
12010f0d
f2fffefb
ff210afa
040504f2
faeffdfd
bfff1c17
f50803f8
07f30f01
f00cf20b
fffafd0c
fd12070d
fa0800fd
fa0400fb
eafe0408
0004020f
0d11fdf1
fceffaff
fd05feff
fff8040e
09f802f7
0003f6fb
f0012011
0a00060a
f9fb1303
110f0ffa
fb000a0a
f3ff0cfa
f5fe0806
0a11f3fb
02062af7
2c10020e
0304ea06
0618012c
0104fd04
01fc1805
05f2f0fc
040005fd
f40bfc08
e600f307
04f72406
02fafe19
f9f3f500
08f40507
dc0ef7eb
050515ef
db01f600
1700ef00
09011508
fd0b050c
f30dfafe
05fd020d
fd0df5fe
07fbe2f7
e8f11ef5
0f1002ff
fe0f1006
f2020906
060ced00
0508e9f7
fafa0809
0cfe0600
d7f70101
d7020af4
0009feff
0906fafc
0300f9ff
0a070608
0101fd00
0c01fb08
0afc0b01
17000401
00ffee03
fa0a04fb
f60400f9
02f60501
02030209
f8010402
00020c00
ec0703fe
0105f3fc
f7fd010c
04f50700
06f902ff
05ef0014
03f60bfd
18ed160d
26070b0a
f916edf7
faf4111a
0507f2fd
f9e1ff01
ecbcd900
1afe44cc
05fc0210
f0273733
ebd845ff
f6300d07
e1f9fc0e
4310d62d
1cf4fffb
ef0102fd
fc1003fc
00fdf906
fcfa01fe
f713f60a
f5fa0c05
04e90bfb
03f506f7
0cf50402
1afc0d04
f0ffec00
fffdf7fb
00fcf704
fd010700
f6fefb0e
02ed060d
0007fc00
f00506fb
f7ff0202
fe02f402
fc0b0700
06fd0101
06070203
fafdf2fb
f4efeafb
2efe0b03
0004f908
0012fa05
e31107e8
f7000b11
00f802fa
0300fe00
f8f4f4fb
1c06090b
edfafb06
fcf805fe
fef60606
0aff07fe
040101fb
f7fbfd03
fc09ef02
fce80df2
0bfef6fd
f6f1fd00
021105f8
fb090aff
fef9f9f9
fe14f70f
09fd0500
f60304f0
2e0609fd
fded1c09
000e09fe
f9ffeafc
eefef309
0101fb02
eeffff05
ee020f00
f403fe00
7f000281
000efefc
06fdfb06
020c06ef
f4050008
050cebfe
f002f1f9
e40416f1
f6ff1d08
1b0cf7fc
040d00f1
f812fd0b
070cfb0f
08ff1707
2c0e05fb
1001f606
ebfae1ff
0af9fe0b
f90802fa
070b06fb
10010200
00000c02
ec0a0509
01fdfc00
070b0903
00f3fc02
01f7fcff
0001f609
f804fe05
03ff0600
fe070d06
2f050afb
f7fce201
f9130405
fffc0200
fa0406f0
1005fff6
0406f10a
1a000811
0502f702
04f8e005
1ff1f616
030002fd
0b0cfd01
10f6f50f
06120801
e4fc24ff
b0070106
fcffebfe
f9060aea
f0051b02
f2f6f604
fefff501
0106ebfd
daf80513
0d060cf8
0504fa07
0a021116
ff1007fd
fc1104f2
f1f41506
081506f1
f708fd09
f001f6fb
e7f8e1fe
1106fd08
f2fa0207
031e03f9
fd0bfa02
fafc01ff
2401d50b
f10bf513
02080f02
fd0002f6
f80df911
f61afdfc
1004f6f6
fa0ef8ff
2dff00f7
0c0d08f9
fee505fb
07ee0602
0422ff09
f40afdf6
2e7fef63
817f087f
7fe65305
29fb8881
fd780a02
4f819b81
43abaca3
b67e51e4
f80dfaf5
fd04fefa
190c0419
eefbf607
040a1001
f7090efe
fb0efa03
f504fe0c
ed050110
0a0510fd
08f70304
13feff06
fef62000
ee0501f6
040909fe
040d0cfd
15fbfffd
04fefb08
f50f090b
13fe01ff
00fa0505
10090704
f7fcf202
02f2fef9
fa07fef5
0600fb03
ec030812
e800faf8
fc00f204
02fafcf7
fd01f702
f900fd05
fff8fe05
04ef03f6
150cf3fc
0a0213f9
06fc1200
fbf8f7f1
0df4fef3
02fdf100
2b1ef7f0
e1de3efe
f1fa0609
f2f4fcfd
f7ea0704
f51afcfd
f3f206ff
0ad3f8f3
04020710
0b04ff01
14060402
12070604
08f30001
01fd0501
f9ff0009
faf607fe
02f5f9fa
0a0afef9
f8fbed0c
e0fefafd
01071701
0afbf811
0004f9ff
faf903fc
e9fff3fa
fdfc0301
1314f605
1c0103ff
02042105
05fdf9f1
fd02fffc
01e803f6
fa00f906
06041505
f0ff0cfc
e008fefd
02faf7fc
fbf9fbf5
0206f4f4
06e6fe0d
1d0efd03
0cfbcc0b
18ecf9f4
d0031b0e
0b11d402
dd0d03f8
05ff06ff
fe00fe0c
01fd0007
00feff03
14132909
edf0f204
fde8fcfb
faec0a21
02010904
07fdff00
f6f50003
0e0301fc
e40e0dfc
180007f8
09fcf309
f9f0f2f8
ff08edfc
08f809f7
fafb05f9
09fcf8fe
1d02ff00
280108ff
fd061505
0cef05fb
0104ff01
02fcfcff
13fff802
070cfdff
280af2f1
01f812fa
f40b24fa
07ed13f4
fbf5fe05
fa09fa0b
06fbfb00
f5110bf6
e50905f6
f0030cfe
fb1d0efe
f8f20bfc
070600fd
fcfffbfd
04f9fdfd
00f7ff0a
f9060dfa
dc000601
fcf5e4fc
fc01f8fd
00f9ebfb
03ef0406
fd070f05
fbfef4fb
32fd190c
f502fe02
fbf3f104
f70502ff
0600fe01
02fa07f6
02daf901
fefddbf3
0f08fe0a
22fd13fe
02f4140a
0aeffb11
f1f80000
fef90bf6
1702f9fb
0105000b
06f909fe
10fefc05
fce8dafc
f411f805
ff00f703
f5060d00
fb00ffef
03020607
fdf10101
f100f801
fff6f1fa
f6000c07
0300fff8
0509fdf8
e80406fa
f6fa09f9
ffff04fb
f7ff0401
05fd0eff
0902fbf6
010bfd00
fc0efc01
031402ff
11050402
f1f60df7
0401fcf8
03ede503
fa0d0601
ff08fdf7
00060205
f6fa07f8
0705f404
fe0d02fe
fb04f6fd
fdfbef03
fe0af9f6
fe00fb09
08f902fb
eef0fc08
faeafc04
eef9fcff
fcf2f6fc
03fdfefe
0301030a
fffefb0e
06100001
f0fefd01
ff000400
fafdf7fa
04fb02f7
fffc0904
fffefbfc
02000306
fc0dfdfe
14fa0519
f7dd9efa
16f1f8f3
fc070f0d
0ff813fc
02170b01
ed05f40a
fffdf60b
f801fa00
01f60208
eb0002fd
ff02fdfe
f5fdfbfc
01fbff02
f3fd0005
05f6f6f9
fe0cfd02
fbfbfcfb
26fa0813
f7ff00ff
060df202
03050502
f8fa0cfa
f703fe02
f4ff04f9
f5f8fd02
23040a0e
fd13fffb
08fc0bff
fc1504f2
fcfd0507
fb01f8fb
f40800fc
0507f3fb
1c041801
fefeff03
fdfdf9fd
fbf8fc13
02000007
06fb06f6
fc07fcff
f402f6fb
ecf900f3
0c02f201
fafeeef7
00e60401
f508fa02
0f050107
fbf40306
fbfd0507
fd06f70c
110a0604
120d1301
07fd0200
06000afb
0802f902
07fb06fc
f7fcf5fa
04fb0dfb
0ef9fa0a
000a1eff
061005f9
0808f400
0ce8fbfc
fffd01f8
05fe01f4
0b021800
14f000fc
08ff19fe
020afe07
fcf70608
fa0705fd
f5f6fc02
f201ecfe
270505ff
edf9fc0b
fd0016fe
fb0ef0f4
050bfcfa
07fe0704
0100f807
f4ef03fe
000812fc
d6fffdfc
0203ec02
f401f906
02fb08ff
fef5ff08
01f4fff9
060fedfb
f2f7f104
17040afc
f8fff4fd
030e04ff
f5f1feff
f4130af9
01fff50a
03ffe5f9
fb040c09
f7f60309
f9050601
001814fe
fc0809f8
fd0307f6
f0f20802
f804f8fe
17fd0b01
1802f300
fafa0c08
f70dff04
08f9ff08
000600f6
00f70801
f6fefefd
20fe29fe
030cfcfb
0200f107
fc02ff0d
04f5fb13
00fd0208
f1150408
fff704fa
06000406
e80a06fd
fd04f9ff
fd1308f7
f702fffe
fbfefd02
090311fa
fffef3ff
0c011204
010efb09
fdf61503
01fdfd04
f7060e0a
070302fa
0f0406f9
0506fdf3
f30205fb
2301fffa
03fbfb04
fffd060d
fa050402
00f7ff0a
07f8fdf6
fe0908f8
36090bf3
f3030306
fef820ff
faf9fce9
fc0a07fc
02f6fbf4
0801f8f9
0101fafa
0607f501
e9fc0a08
f80405fb
06f7fefd
fd0101fd
fb060005
07f20600
fbf4f808
e803e8ff
ff041202
fb08f300
f9040810
0af302fc
fd0502f6
f90af013
f2f0ea00
f909eff5
07fd0903
fc041cfd
f80ff7f4
0001fc07
fe18ffff
0fff0003
07ea0102
1cfefa01
ecfb0004
0208f707
fffe01f3
01040303
070af6fe
f40201fe
03fa01f8
16fffcfa
020705fc
03f8fb08
06f704fe
fc03ffff
04f4f704
fd10f607
fa00fdf8
100801fa
02f90307
02f701fe
fbf0fffc
020206f1
f804010a
f9eff003
f7f9fdfb
12060802
02fe1002
01fa1400
f4fd0601
00fdfafb
04f60eff
000bfdfe
04f90ef6
0f0000f9
fdfefff7
0005e7ff
02020006
f4fd0003
f9f9f900
f4f3fdf9
17f8010a
f80a0600
f4fcfe02
fc052102
01f3050c
fd1a00f4
f7fcfef0
f304f9fe
fc02f907
fafdf8fa
effffefc
fa0d0a02
f609fd0f
f2fef60a
03fd0900
14e9fafe
f2000607
ff00f4f7
0e03fdfd
05f9f602
06040a14
100117fc
000a0406
faf8fcfb
f9f913fd
03e6100a
f0fef6fa
08f20202
0d0303fd
0000f204
01f8ff07
01f6fd04
02fa04fc
11080b06
d701f807
0bf8f202
f5f40209
fd010007
fdf4fbfb
f6fb0805
fa0502f2
0cfaf2fd
2cfb0701
02fefd06
1216fcfb
000b0500
060908ec
f7ff08f6
01000a04
05080c0b
f107f6fb
ff0a0200
fcf8fd01
fa060810
00060409
040000fd
01f1fa00
fa05ff08
0e00fffe
ff04ed0a
fd0c02f6
ff0607fd
f70f0205
fdf80201
04020306
01f801fd
fffff9fe
0202ff02
fc020702
01fb04fd
05ffffff
130cff00
fcf1faf7
f3fbdd0a
19f606f7
fd000b00
030807fd
01fbfcfe
0407f5fe
000001ff
ffffffff
fefe0001
0000fd01
01030201
fe00feff
0204fe01
01ff01ff
01ff0203
fcf90600
ebefed0e
0f000c04
f708fc01
f3050cff
fffc0100
f7090607
fe0ef5f7
0900f30c
090705fe
0900fdf9
05fd10fd
f8fcfd01
fe03fafe
f8f5f712
f8f50004
0102f905
fd05ef07
f9fdfdfd
f9f8fb07
01f7fb0d
01fe0307
f90704fc
ff08feff
fefa0402
f7050205
f6030102
fd03f5fe
0401fe05
fffffd02
fefc02fe
fcfa0408
02fd09fc
f0f6fd01
ed030308
fff906fd
0def05f7
010807f0
09fc0805
06f9ff04
f905f8fe
ff090afb
15f9fd00
02fcfcf9
00fb050f
fd03fb02
f900ff09
f7f9fffa
fa000bf7
f401ee0d
f2fc0900
010a0601
f7ed06f3
04f70106
010ffc00
0be809fe
fd000305
d309f006
fbfe0209
fcf00bf9
f7f10dfc
0501faf4
07f50a07
080806ff
fc0304f9
e7f1fdfe
0009fe04
0205eaff
fc0ff9f9
ff03f90b
ff0afc04
f5f4f3f4
ff17fbf8
08f9fb09
04fbfc02
fef0dafd
00f00600
090104f7
f8fffffd
04fcf1fe
03f70601
0afafeff
f3fcfb00
fc04f601
0de9fdf7
fcf7fd09
fefef409
0103fc00
fbfdf7f8
ec03fe02
e7040d03
02051102
0100f40e
fc01fd03
fef906fc
07030603
ff0afdff
05fdf9f5
14040a00
08070102
00030200
030102fe
000902fe
e9dcff06
f3f217f4
d8f2e908
fb08f605
04085004
04c9fc10
090209f2
050ffd08
ecdff0f3
e8f51bf9
ca08fbe5
1804f6f5
fef81701
f424fb14
1603ffea
040b0203
fe02fa01
fd15fffb
10efeff9
edf8f507
fa020d00
061c15fe
09fc03f3
f9f3f9fe
18f4f5f8
08f6fd07
05eef00f
ed040b0a
1905e701
fcea06f5
0bfd03fb
00f4fd15
f30deefc
fd011afd
f1fb12f3
06fa0303
f30723fe
02040004
0206f3f7
09f50501
11fcf8fb
fcf9f9f4
06180af9
dd0609fd
0d09f1fd
0bef080a
fdfd0efb
f402fe0f
fcfaff00
04fef713
0207f1fb
e6fbfe04
ffd3cb05
f618fffc
12f6f3fb
0c1d08fe
04fd0608
fbf9fdeb
01f6f3f4
f4000106
060319fd
1307f319
0cfdff02
0308fe06
09e9f70a
0af604fa
d8e93205
f9fcfffe
04faee06
00e4ff0e
04f01ae8
f2fafa0b
1c090bfe
0c0afb11
0dfb010b
f8fd1303
f8f7caf7
1208fcf4
fafc040f
08f91afc
f70406fd
0bff0405
19f00bf6
f206f905
ff00f2fa
01fefffb
f9f9f806
f9fff3fa
1b170905
0d0af316
e9f90f1f
0404fefc
f6fe32f7
fa130def
01eefd19
1b050d0d
0c1e0508
050700fe
eeedeaef
e805f4f9
010a0201
ef05fc04
f104f4f9
f708f5fe
0efefc10
01f9fd1b
18e91802
f003020d
fafcca05
12f50018
14fb02f9
04f400fc
060bf4fc
fe15130a
b91004e7
effffaf5
f6e54205
fceef002
fef8fbf8
f0ffe2f7
04e90505
f9fcfdef
3cf5f609
fd09ff11
06fbf706
02fa0000
0307fcfd
f5080ffa
f9f303fd
fa0506fc
fcff00e5
2e01fefc
080d0505
fb080c17
01fa1000
fd0d04fe
f54e5881
a59a0c32
9bce94a0
c9c14ed7
050fec04
21b260f9
40600625
b3bb2c08
09eb01f3
19162cee
f7f8220c
fa0ef4f5
ff250a00
15f40a0c
fe140f06
f8f5fced
1107fcfa
fefc06f7
1302fcfb
d2faf403
07fd1809
fddcf617
00fe0408
051309ef
00ffff09
01fffcfa
e105fefb
fa0206fe
0202f60a
fd08fe08
fd02fffb
fbff00f3
e7e807fc
0401f8fc
d803fbfd
e10d0103
fc0e0800
fa010200
f9f3fdee
f80908e4
0805fefb
fafc05fc
23fe0207
22020306
ff02f600
0cfd0403
08ff0801
ea0806fb
fb030400
f7ff0203
b7fb06fe
13faf403
fe0aefff
0f13fcf6
fbff05fa
0d02fe03
0e0deff4
f4030103
eb090b10
150c01f5
f7e4e401
0ef2f9fa
12fbfa08
fbfa0103
fc20fcf9
0615f816
03050813
17ffebfd
fd1847fe
0802fc04
ee02170a
faccf9ed
f719f6f8
e71de601
20100602
22fdf7ff
fa30fbfa
fc2004e9
0a0ffaf9
fb00ff02
0e06000c
02070200
e4e9f6fb
f80dfafc
01fffe01
0df4fcf1
f30c0705
09fffff2
eef70300
ed150cf0
f9fb0ef6
f2f518eb
fd2f10f7
f7e31212
f8fdec1a
0d04fefb
fce6f00a
e8e6ffef
d0242de7
3801fb13
0402c109
f2f806e4
ff00e222
f606f500
05060d00
05f5f0f3
fe06f3f2
f9ef02fa
07faf7ff
fbf50605
0203010d
f2f1fffd
f2050705
fcf51d02
fffe0df7
0403fefb
f7fc0401
fe00fcf5
fc03010c
fa02fbf9
04f70af6
fc1f05ff
d90cf5f7
df0a03f0
08e7ee03
f6fa0c13
13f9ed14
defbeffc
19060afb
0000f5ff
0503040a
14fa0001
fafaf706
fffc0400
03060401
fdfef4f9
fd241bfc
eafaf4f7
fe191bf7
c00d1400
fff40fff
0cfafe06
06d81f1a
f70af11b
1306fc00
16fc01f1
160b0e1e
e60403f4
f9fa0102
faf6fccc
0103f2f5
f908f1fd
0f160106
0a0301ec
941101e9
abfb0712
ef24f3fd
eb080419
0405da02
e916fafd
e9f6f9f3
08f2f7f1
2001d6fa
40f017f5
17148107
0f0707f7
03fc11fc
061d04f8
0df308fb
e406f708
29060b31
fafce815
0211eb0d
f2f30f23
faf42506
03f41503
0618f500
14e9fe00
fa120308
f4f6fe01
ed0dc8fc
f518ed06
f51200f3
fb1c00e9
f90ef2ee
fbe30809
1cf41e1c
ecfaf409
f5f63efe
03e4172b
1a01fdfd
fe07f8fa
071704fd
02fd05ee
d7fff7ee
f1040707
02021708
f10bf6fd
0208fdfe
fef7fdf5
0906fd05
02000204
eefaf8e2
07fd080b
05fbed06
f8faf411
f2f313f7
07f91105
16f4020d
fef901f9
05000efa
2c020901
0211f9ff
f4030b05
0afff600
0000fdf9
0400e102
15f8f7f7
e8eae5fc
dfedfaf5
f8190704
fe1805e3
fef50102
fd0f0efd
ef1603f6
f21902f1
e2151910
d2f227f3
02020003
fae21405
fae014fb
282008fa
fbee0408
fc1aff11
0e3c03f1
d2f9fb1d
042dfbfd
f2000004
12190c17
f905fcfc
f21e0612
0a11ebfc
14f4dc0a
0ffbf9f9
100bdb01
040ffcfb
0303fcf2
0b1600fa
110e20ef
09fa0eeb
e920e81d
ddf40310
010b0cfc
0f06f5ef
0af007ed
f5ea0203
03e5f302
fffcf801
48ec0bec
0001fae9
0706fc03
ee0507f0
f00b0bff
faf30af3
0cfa0204
05f5fa0f
d2030307
4504f5f0
052919ff
f81cf506
0cf51efa
ff09f301
fefcf9f7
15fc010b
faff05ef
df02f800
02f6f9fb
01f8f8ea
f4fb0903
fa0202fc
f90ff1f2
02f9f216
1b1208f2
1803fbfc
fc04ef03
de0c0d18
f60305fd
fcfcfe00
29230b21
f023ee0d
013008fd
4a0517f8
ff0e1f0d
0a0a1101
0116f0ed
0119ff00
0306fe02
f8f40604
0b170c03
0c090d02
f409d7fd
f2f90407
01f50bfe
fb09fefc
18150efe
10f1f008
efe1041a
2ee60e15
fefb0dff
f2de01f2
fb06f410
0f08f40a
03f708fa
0912fef0
0b0204ee
0807fefe
03e3f3fb
040508f3
f704fbff
fffffb11
120b0ef3
ff090a02
ed16edf4
01040012
00f2f9fe
f8040006
120306ff
040efdfd
e6050500
f1ee0603
0df1e9fe
11ffe81e
00ed1309
0bed16f9
fef60df5
020efcff
12fcfd05
f60a01f3
eb08f8fc
f2030307
04ff0e01
f9fd011b
f7f8f700
f6fafc0f
f709ff06
f9fc07ea
ecec1609
eefefdf3
030922fc
0713fe1a
07feec0e
fbda0407
fc0e0203
070dff08
14f40d00
0b080006
0410f9fe
ea12f4f8
f5fbf602
08f10109
0cf903f9
04fafa02
e210e305
1afdf5fb
feeeec00
ff0a03fc
f70bf200
f60701f5
edf508f8
fdfa0ffe
0ce5d8f3
290cf401
010c13fd
06f0f10e
05eaf6ef
fefbfaf5
f50dfcfa
fe12f703
be0614de
dd000918
fef50a06
0d00ffe7
0006e400
fffaf9f7
0703f304
01f4fdff
e401fb07
0b000ffe
f909f800
f9f807f1
010108f9
f801fefd
f6f0050a
1821ef03
500410f2
2dfdefe9
0bf2030c
fffe0a04
150a0bfb
1201f507
05ffff0b
f5f900fd
f30ed518
f4fb04fd
fe0ff104
f210040d
f403f602
02f10605
fb02fdee
f4f3f71b
defe041a
0204ea0c
00fc3200
020a06ec
0307071d
000b0ffb
0404f5f7
04050ef6
ee0b33fb
dbfcf202
0205e0fe
03eafb06
f6fffa01
f5e4fb04
e7e200fd
05f6e6f4
15f8e513
2208e6dd
fd2cee00
0718edf4
f7ebfe03
01dd1100
01f20b03
fffaf602
12f208eb
ef080506
01f30f03
07120000
f900fbfd
020a01fc
0c17f602
0103f7fa
06effdf5
20faff0b
080a1303
ff01fc0e
fbf70607
f4000109
ed03fbeb
0b00fc07
eb0b0808
d10bebf5
080af1fa
f8f0fff9
f806e700
efe7fd14
eb17e608
05020f06
c4022ff9
23f7e30b
080e12ff
05f91f01
0af9ff06
f2f4ed11
0df70906
f5090af8
fd0dfdf3
f00df502
fe07fc00
f9f40202
f3050cf9
f0e4ffff
f303f5fc
0008f504
1d0a01e2
df080504
01ef0101
eaf305fa
02f61001
09e30204
04f31017
09f91113
da04fae0
1df7f600
f7ff31fe
0bec03f8
0307020a
0eeafc12
fc07fef9
fc0afdf4
170b10ea
07fd08f9
fcf41afc
fb06ff0f
0503f704
0a03faff
f8f80b00
0fee0907
09e80309
0308f0f9
f8113002
0cfdf4ef
fa0c020d
071703fa
fd0ff9f7
0206f9e5
d3f308f1
d3fef5fc
02051801
fb09eeec
0307f5fb
faff020b
433c812a
1637feeb
862a8303
1ffcecf0
01001400
1df7fa37
7f197f7f
5581c581
f8f404ff
0cebebf7
22150de8
ebefe411
0c0ae805
0703e808
0afa29ec
ef18f200
d10509f4
f00605f1
26e80521
37f6d5f5
f81d1608
2504db02
fe0211f0
0604fe09
0a0301fb
f3010a07
0701f409
31fffa0a
f7122903
ec1703f5
fef600fa
fd0706f0
02f80bf9
f1fdeb0e
02280e0c
58eef10a
f3fd06ff
130ffc07
d0ff08f0
122805fe
0006070d
f1f5ecf3
fb0a0a0f
ee0403fb
02030004
fbf3fb13
f6ebfb09
fd0300ff
0be6f800
f3fbe708
dd02f607
ed0013f5
fcfe1afc
f61bf906
07f0f908
f91608fa
0d010103
f7050101
2503f504
ec05fb0a
09000d03
f8091026
0601fbf4
fb0dfe0f
0a0a060b
f9fb02fd
ec010411
da0602ff
fe03f4fa
0e05f404
fefdff00
05f2010a
fb2902f1
100256f4
09f714fd
19f8e6f9
fd04f002
f6f506f6
0116fdfe
11e4fdfb
0d05f310
02faba05
e8fdd911
1af3fe0c
04dc1403
0a2df6f4
050509f3
01350313
fb0e04f8
0207fa04
0fecff07
2b0cf702
fe060f02
fff9fbe6
09fb05ff
f80cf3f6
fa070000
faf7f10b
daf0f518
fd0df9fd
f404f2ff
fe1107f0
fa02ff0a
01100603
f0f7f9fa
0304f406
ec01effa
06fe0ff8
faf716ff
0308f6f8
040806f5
fd100505
0a1000fd
f6f6f7f5
1f08f608
f1081101
03fa0700
02fff9f3
ff0501ff
fdf3fcf7
f70a05fb
f200f202
1606eef7
fc08ffff
03f7e704
07feeff7
fa11f2fd
090f0505
00fe04f9
07f90808
15f9f405
e3070300
0008fc07
fe04f6f2
fb0201fc
051902f8
f9cb3e2f
9cc3125c
6eb77ffb
81cc5991
04c41e07
1201f2fa
e739c5df
f899baba
0d11f906
fe0a0600
09e00201
170403fc
00f90501
0ffcf10e
08fcf709
07fcfb11
09fff8f3
0308020a
0711f504
fffd0009
f8f9faff
0007f9fb
03f8fa09
fcf40402
22ef02e9
e602d5e6
e925ebf8
1006e70c
06190a06
e808fa20
f00f02fa
09f3f4fe
fff403f1
1805f60a
fefce308
1cfe03fa
f804faf3
00f501f8
0c0ef8f2
070b0010
04ff09f1
fffcfffc
fbfde7f0
fc07fdf8
fd000704
070cf60a
0101f806
0707ff0f
f90803f8
f90ad5f6
e6f00705
1807070b
09ec270b
071502ff
fcf414f3
f61409fc
05fdfcfc
09f9f906
0f0a0ffb
0af60604
05f5fa03
020700f4
0a03ff03
03000805
04f10aff
08f309fa
f4feed06
f6fc03fb
fcfd0b01
faf9f313
faf5fafa
07020d01
00040403
18f3010d
01111007
ebfcf4fc
fffff700
07010006
0dfdfafa
fc0af5fe
040a0202
12010afa
03f60cfe
37fafef5
ff0b10fa
11f5fefb
0d0308ff
03ee0216
1a01ff02
f203f703
e5ebf809
c206f1fd
f9f5f0ff
f8f20201
fe0506fa
0f0b010a
01f9fcf8
0d060406
1a0d03f9
300201f4
01fafafd
0bf10201
f906fb05
fced050b
120a0707
0105f109
18fd1dfd
0807050d
0cfedf05
fb0bfe01
fefd0f00
f7020904
effcf3fc
07f8fcfc
dbfe13f8
f80509ff
0e0af605
06fcff01
0304fafd
f810f801
fe050703
08fd0108
db03f205
0e0f0506
0108f606
f7eef607
06fd1308
0ef70afe
0efdf906
0502f905
04fcfb08
0dffeb01
0109f0fe
0500060f
f600fe02
ff05fa0d
0406f909
0103f7f8
e0150a09
f3fcf000
02fe03ff
fe0cfdf7
fe0806fd
ff0101f6
f1f6fef5
f9f9fdfe
13f5ed0e
ff09fc00
00f50605
12e2fefa
fb001100
fa14fefe
f805fef7
00fb05fe
fc080906
0602fc01
00ff05fd
fd04f800
ff02f902
0306fe02
e9f704f1
fefc12f9
e2fef301
18050300
0719d101
0adef3f4
fbfdfefe
0a07f5ff
f7e7fa00
f20afef7
0efaefed
0b04faf7
fcf4fefd
07050004
09130c00
0400030a
f700fef8
0905fc03
f7fe0504
0efbfc06
fffcf0fe
fbf7fe00
fffef702
060efcfd
09f4f908
0d0bef06
fb00f605
00f610fd
0404d502
121c04fc
f9f9070f
060707fe
03fd0307
ff02fc02
e3070105
fc080600
fa04f7fe
02f3fb0a
f8070106
0407040a
f1000907
02f9fefa
0a070201
e904100a
ff0f1001
f6010df4
03ef13f7
0508fefd
f8f3e7fc
f61df201
e806ddf2
fc021b0c
010ae7fb
f91007e2
ff01f3fa
04040810
f80b03f8
fc0708fa
02010904
f000f908
fefa10fe
f8fcf3fa
fe0304fd
010c0208
e80700ef
0b0007f9
0afb16ee
0004fef9
01fc13fc
f8f4fd05
0cf80d06
020000f9
06ff0402
0805030a
e60001fe
fc03f201
f3faf104
120afe16
1604fcfb
f80afc02
ed0410ef
02050508
ea0712f7
e5050b08
0201e0ff
11ff010e
01fffdfa
0a060301
0bf703ea
02f90507
1801eff9
27fdf505
050217fe
f9110af9
f8f6f00c
0500fef6
fe0004fc
020503fc
0302fc02
0704fd07
010110fd
05ff0300
0204fd07
ff0a07fe
fef80009
0007ee03
040611ef
f0010004
fe00e4fc
00faf60a
0003f701
080200fc
09f5fdff
ff0e0405
fbfd15f9
f6050202
04f80104
0f040cf1
fa000809
fdf6fb09
030ff306
01f7fd02
1cfd0101
f002f305
0206e5fe
f301fd20
f404f307
f80307fc
fa06f408
fafee9fd
fa0510f3
e70a100b
020ef3f6
09ff0ffb
f8ebfff2
00f2fa07
030000f7
07faf204
fe0908ff
19fef713
03f9f702
fbfe0f0d
fdf8f700
000700e5
fa030d02
fa0911f3
ee040c07
f7030102
0cf11803
07fefe09
fb0a08f9
00f807f4
05ecfaf9
01f8ff03
eafe0708
0503fbfc
fe05e3ff
0c040903
f4fd09fe
f7fbf7fe
fb0505f8
0302f9fe
f8051afd
00fbfa00
0600fd05
fd0506fd
0302fc03
04100302
ef0b05fe
0afe0907
2d0201fd
dbfff801
fefdf303
0208fef5
fdf7e909
09fcfafd
3002f405
04ffe6fd
08ebfb0e
12ff0e19
fd0def09
ef051103
f90010f9
f50b0109
f9fd15f4
ff0c0302
f0faec02
ff000f04
f8fbef09
070305f9
eefef50c
f713fd07
0000faff
0df8f60d
f304f81b
f7f90d09
020c1d0a
050204fd
f802fe03
ea13ff01
0003fcff
080010fd
fbfe0f10
1c00fcff
f508f5fa
00ea050a
0803ff01
05effe04
fad2ef03
f9ff00ff
e10efbfc
fefa000e
050a2207
1213f50d
01e505fa
fcf203fb
fd1c0802
fe0a0404
f0f9e9fe
0b0301f7
fdf60a02
f5030408
0201faf6
04100504
fff3f900
ff080208
09f30001
e3f8f9ff
f80a04fd
fffafd0d
fdfe0b06
020dff04
f71205f4
03fff905
27021503
f501f706
fcef08fd
00f0f8f1
f2040701
020202f8
e7f5f807
09ff06fc
f7191910
01001508
ff07fafe
08eefd0e
ff090105
01090601
f7fff902
03ff0503
03061cf1
07fbf80e
fafff207
f8fa0203
fffef109
ffef0001
0d020306
06f6f400
e702f402
f4faf804
07021502
f6fefe09
f7fe0201
0705fa01
f8040dfb
f3fa0700
fffcfbfc
1603eff8
f3fae800
0afaef03
fd02000a
0804f9f6
1704fa01
fa00eefa
faf6e7f5
0f0508f6
fa01ecf9
f111f4fa
0f1306f6
fc140c13
03fbfa01
0cfff605
f5fdfe01
1dfb0600
0409fefe
0106fdff
f30501ff
f209f90a
f81302fe
03fcff01
f6f80bfc
1c040503
fc02f600
f60cff00
03f4fcfd
fc070106
effcfdfd
f70df2f5
f10818fe
e205f0fd
fcf21b05
f624f308
06fd0204
0201fc03
fd12f1ee
05032aff
ff0101f5
ee0506f8
f3f5d207
08fb05e0
0f01060f
091401fb
f3080703
01f90806
15ede7ea
1e12f604
f8fd0100
090af8de
04100002
040a0106
f3040bf2
03f719fb
16f01c03
1df8f3fd
fff34e04
1201f919
04eef90b
15fdfef6
f90af7f7
0e050103
f0ebf607
f0fd0601
000404fc
03010202
fcf9f1fd
ff02fff7
f700ff02
05f7ec04
f010f510
e1fd09f9
00020ffa
050afff9
02030af8
fa0d0204
0a00fcfc
fe0a0707
effd0508
0d000302
02f9ff02
07100105
0cf6fb02
fe10fdfa
fc05fcfb
00ff0402
ff050df2
0afffc04
02fff404
0705ff0d
03fbfa04
fd0afe03
0403fcf6
00040506
10e903f1
d307f205
0009f005
feee0705
03081600
fbff05fd
faf80804
0bfd20fe
e31210f3
e5fdf5f5
ff0bec01
f9e20718
f7f20efa
f3f0fdfd
fb12f6fa
f9fa11ff
15061506
f6f7f404
fffbc2ff
0afaf903
1003fbf6
06fa090f
ff080507
f70301ff
0702edf7
1d08fa04
fff4ecff
010cfe0a
f2fff805
02fefbfa
f8050000
f908f4f9
0be90201
3009f507
06010702
f6fa07fa
f904ff03
f50a0915
fd08ffff
fd04f906
d8040bf3
22fdfb0d
faebfaf9
fe0800f7
070903fb
01000afd
f7f806ff
08020f09
0feff405
06050e08
06f8f900
15f60203
09feff03
0c0508fd
01ee1d12
f5eb0414
d6fe06fd
5315db12
f4145600
f5d8f819
f30df500
00ecff0a
0007faf6
ee100706
1803e0fd
140104f2
f2eeeff9
fc08f700
021afc0a
021108f6
335f3950
569b1088
cafa8781
4fc581ac
fc81f1fe
d2a350cc
2781f62e
d1c27fbc
f2f805fe
01fde6f7
ea010a08
15090803
f9fc0d03
180ffbeb
08e80606
ffea04ff
060afefb
f5fb0b0d
0002ebfa
f4030efe
fff2ea05
04fffcf3
040611fc
090dfa05
ffedfe02
04fd11f8
0f0af8fc
fc0007fb
03f32b08
05f403f4
08f901f4
03effcfc
0005050d
f80afff7
16fef103
f6fefe04
00eb0ef5
fb02fafd
f8070f02
fcfdfef6
f20004ff
090018fe
0913fefd
07000302
060cf203
04fd0503
010c08fe
fb030ef3
180ffdf4
0a12f307
f6dae605
dbfdfb00
fc02edff
f61201fb
121204f6
0e05020e
040cf70a
050af9fd
1603f2f3
06070afc
08f40a05
f60906f6
f403fdf6
f8f9fd0a
09fdfeff
00050005
eef2f6ff
f7030006
ff12fdfc
080e00fb
01ff02fb
04fffe03
04020602
08021003
24020708
f0000600
0011f904
ff0004fe
05030309
f90c0100
f4ff03f8
0df40908
f4fa1502
db06f7fa
06fe0605
fbfff418
08f702fb
0300fefc
db0002f4
09046ff1
15fe1800
d700f5e9
f8fef900
0212fe06
01040406
0f0e06e5
ed03f70a
ff000df8
f900fdf5
20ff18fa
f50ef9fd
f20f0dfc
09f1f8f2
0af60b06
0edefcfc
f7f113ff
27060dff
eaff00fa
01f6f405
01f2f6ef
f3fbfffd
fff303ff
ff0a0cf5
f70608fd
e7030b02
04fdf6f9
fbfaf2ff
fd09f7e5
f9fa0105
0003f800
01fafaf7
fd02f600
1a01fc01
f5f60108
01f1fb03
10fb000c
fcfef9fc
0afa0505
13fbf7fc
f9fff908
fef8f809
f9fffe09
020207ff
fbf9fc00
fdff0001
05070503
05f4fefc
04f0f3ff
ea05e50d
04f8fbfb
00f51105
07e1fb03
faff01fe
0506f606
fe0200f0
0d07170e
df141cfc
faff08fb
f7f115f9
f6010eff
070204f9
fdf705f7
fefc01f8
fd12f701
f7f808f2
ee0205f7
020011ff
fc140bf4
04fefefd
04fffe0b
fd00dbf8
17defa02
fb172106
f6f100ff
eff9fe0d
0a0302fb
f3fc0ffa
f0f40c08
f60a0e03
e8e11ea1
e9fde4fa
10f1fa0d
def7fd02
0cf2f71e
06eef4f3
061b020a
fafced09
38e917ca
06f5d101
fc0ef6ff
0c08fefd
07fefd02
fff3fa14
f1fa12fe
0200e9ff
1d07fa21
030006fe
edf008ff
03f9e409
ff110b10
f407fff9
031f0f00
070322f2
14050001
0507e602
000c05f8
06ff1000
edf4010c
06fa03f9
0409f302
0004f003
f306f7fe
fa01fcff
f208f502
f3063ff5
fcf4f8dc
130402ff
10fcfdfd
feffe8fb
f1200807
04feecfe
f70304f4
1c080ef8
0813fdf4
09f6fa09
06040708
0107fe21
f10af609
cbdac200
ffed0601
0b13f906
f5f70b15
01e713fa
08f41802
0403fa0e
ee001214
03feff01
fefc0201
1af922fc
ed0805fd
fdf7010a
03e9fefc
05f305f5
ececfdf1
032a0c0a
f60f07f7
f60b0b00
02000cea
eaff020d
05f4f6fa
fefd1fed
9dfd0004
fd11ff00
ddf603fd
dd050016
0e09fe06
0cfb05fb
fa141304
080302fe
050ff820
03190e0a
01f10106
14f7010a
0407002c
12ed00f6
ec1afcf9
fdfe0b00
f3f7f911
180cf803
0dfa08fe
ff060103
05fe0afa
f2fe0af5
fa08fa04
080200fb
d407071b
f6fa0303
0d000106
ffecf4ef
18f8fd0e
f4e902ff
f514fefb
07f714f2
fd02f0f4
04e50c04
f30ffc03
14f2f0f5
fef1000d
fefc03f5
fef7f7fb
07faec01
2f060307
f6071004
ff00010c
0013010b
f602fff1
090b0008
09fa0301
03f62512
31ee0efb
fcfad2f5
08ff0df7
03f9cdfa
f2fc001d
000b0c12
ed2afa0c
0705edf7
d5e917fb
0af50d01
110dfb00
07e7f5fd
faecefe3
fcf3060a
f6fb0104
fc0e27ff
faf4030a
09ff02fa
f8f1f204
e7061af9
effff0ec
0de4f9ec
0222f409
fd07c7fd
38ef04ea
18e72b03
1b06fe0e
f5f2f1f1
d506f722
021709ee
07e9f903
fdfc01f6
09080104
0b180200
03f800fe
02eff1fb
010808d5
03fc0305
05f2f8fe
ff050701
edf70423
ff160f00
f40208fc
fffb15fb
17fc0efc
f8060efa
fbfcf8fe
fcfbe3f8
fbf9ff18
fb04db06
fc07fa02
03010401
00010418
fcfc00f6
0802f7fa
02fe09fc
f91d0cfb
16f60e04
f513fc03
fe00fffc
0604f507
09f3090b
05fcfa00
fc04fa16
bd090d04
fa1126fc
ff030614
ecf5f308
05020007
0400f90c
04ece406
ff000014
251cfdff
f2e038fa
eff5faf2
050ceaff
05f8080f
e72301f3
f2d8e5fe
fcfcfc03
fc1e08dc
fd0ae805
fbf7fefc
18f0fb04
ff0f02ef
00f304f7
fb0c0d02
00ff0600
12f7f906
0cedc3fc
ffe8010c
08fb09fe
0f01f902
08fef70e
fb08fb06
fe01ee0d
232df8f8
1033fff6
f9fafffc
e8f6f902
fb0cfa17
07f8fa03
fdf1e506
f3fdf810
0b0de908
02fdf503
fdfd0008
f2f81211
fbfc06e2
1319fd15
fe0a0605
020502ff
fbff06f6
02fd0503
fbff00ff
fefffd08
0a01030a
00fcfd02
0106f804
01030204
040606f8
fdfa0407
00fdfb08
0afcfe05
fd02ffff
02fcfe04
000206fc
fe07ea05
5c2108f3
04fc1403
f814fc15
db0cfa0f
07f90ef6
f8e6fffd
fff7fcf7
09000efa
18fef50e
f7f20403
0604fe02
0afff4fd
03f70706
fa090afd
f4050205
07fced03
19f8fe02
ede5e603
1b020209
eaf8fd0b
14fefbfe
f71205fc
05f40305
fcf80305
d31409fc
eee20600
1105fbf5
18090808
f406ff1e
f9dc0300
04110807
fbfc0e04
0e06f329
eefa0a0b
f302f903
070ffd0c
19f8f5fd
fa03f60a
10f61009
fe0d02fb
0a03da17
19c8fe00
1d09fa08
edea141e
05120be7
ed19e9fd
0502f8f3
00ff0405
030bf50c
f90a0904
09f2fc03
14f7f1ff
f4ff01ed
fced04fe
08070bfe
05f5dde9
f93a0a03
f7fa0909
fe0400e5
0c05f912
f5fd02dc
e807f4ec
eb1709fe
0004de0e
eaf812e7
f8060311
0202f511
f9f005f8
1afff714
e6edf6ff
fc1600ff
000306e1
41f30a05
f4ff29fd
f8f80aff
0e0718f7
05f40a15
fcfafd0a
e4160506
fefaff07
1a0efef2
14161005
e4f0f805
0f0009f5
f009ff09
fb1f0103
e51c0c06
fb07eefb
e81d013b
0dfa06f0
08eef7fe
1c091509
0812f000
020b0ae8
0be93101
01fc05eb
fd20f6ff
d7fdf8fa
ef06fd05
3401e208
ee00010f
0315f808
f61a1e07
03010fff
e419f12c
f0d4e007
0cf5f8f2
f804000c
ebf6010f
070ff5e4
0b12f6ff
0500ceed
f22010c9
052025fd
04e702e4
08050105
2401061a
13e409eb
fdfef3f9
fcf92103
16fffa2e
fefae9fe
000300fb
fd04f7fd
fbf80104
100a09ff
f8ee0bff
fe02f20a
04f7fc0e
f90dd907
f40ef8f9
1ceff708
fc0deffb
050bf504
13f8f40a
fafff8f3
1bf70702
06002306
16f5efe8
ec0ee7f8
f506fd0e
e9fa0002
ee21f0fe
01fd1608
e708eff7
f3f01106
fd090803
fe03ff00
f6f5fc05
0705f7fa
f309fb0c
04f41815
0403fe1c
fb01d207
0a05fdf1
f902310f
0210f4d4
001514ef
24f8e108
0505ecfa
42f8221f
fff751fe
04ed080d
f20bf70a
1e08fe1a
16fb0617
f5031ffa
0805d607
e2e61413
02162afb
f3000806
08030607
e804fe1b
0e001501
fae524fe
fe01130a
e3fdf7f0
dd06c902
de1dfdf1
110cf012
1c0902ee
faf2fd0d
011bea05
0606020f
c7f00ef4
f410e0f0
f81305f5
08de10f9
f5f61401
03ff0306
0bfef7f7
050004f0
d9f0f2f0
f9f8faf3
fefbfa04
0ffd00fd
00fdffff
0b16fc06
08f303f6
00fb0802
3a09fd16
0a171006
0914fbfc
ff01e00a
edfd06f9
091502f4
060c10fb
fa0310ef
c80e07e6
1b21f0f7
0301020a
1ffc0ff5
06f509de
12e6ed00
030608ff
0801e8ea
eb1d0c1d
0adbf206
fb04070b
02fe1111
e4f1f832
021efe01
0fdff700
0401eaf7
060a04fe
f7f4f9f8
01ff01fb
00fc04fa
f80903f4
fafc00fb
fcf4f7ff
01fbf91d
051200f9
0ef90809
07fbfe0e
0cfbf4f6
07040610
09e6f805
07281cfb
0001e7fa
fdfcfb00
0707f9ff
04fb0101
05e904fc
f2030500
0b07fe03
fffdf901
fff8ff01
02f009ff
ff000b0b
fcf4fd02
ff0907ff
fe0903fa
000b01fb
ff0802fe
0002fbff
daff04ff
fff81e00
f8fe00fb
03fdf8ef
0c000500
060805f7
f103fefd
fff700fb
0ef6f802
18eb430b
3f020300
1bfcf605
fe0f0ded
1301f8f6
f40711fa
0afeec06
dff40202
f100e1fe
02ff01f7
edfe02fc
100df805
0ffb0e0d
f8e504fd
01071cfe
12ffee14
010702fa
02fa0a02
f9f0f7f9
0dfc0de4
01fd0106
f9e50a01
0d06fe09
eafafe06
f6f6fc06
0d01ffef
0b0a0a01
fefffee6
00fdfdfd
fef6f0fa
0003fb00
fbc80335
f7fc0904
fc0b02f1
10f8fb07
13fb00f3
f0e109fe
f6e90104
ff07e4fe
f7eb02f1
fef90f02
fafb0307
efebf701
0002ff02
040bf2ff
fbf7ff02
fe02f704
dd08ff06
040b00f9
10100002
03f901f9
0700f901
0d00fd01
01f30409
fd071ff6
13ff0ffb
11fb1307
0102f8ff
04fa0604
ec0d0412
01080802
f2f705f9
04fd0dfd
14fbfb04
03f91bfe
000ffa11
0505f9fd
0d02fe19
f30200f9
0505fefe
fefa0803
f9f101f1
09f70906
0dfffefb
fe080806
020bfef7
fbf1ff0b
03eef003
fefafdfe
f804f1e9
01f40a00
eefe0306
0cef0c03
f7fb0521
02f4fff7
0b0c0e02
05fefc12
2ae60a0b
031b1501
06060305
0beffc0f
0d07ff11
fe0509fe
ed0df001
02fc64dd
0c7fe981
23b544fb
4d81fddb
81fdc0f7
4481f6c0
f15afd7f
22fa5504
fe031afe
1f05011b
fa020dfb
f10602fe
05fcf60b
12fd0100
02f9fff5
f511ff09
01f71af8
fcf505ea
0bfe0600
f801fc07
100a02ff
08fd03f0
03040007
f40b09ff
050201f6
02fe01f5
fbfdde04
00080104
030211fc
fdfcfee0
0eeefa0a
05050402
fe06d5fe
c2e90608
0a0cddf0
0d0504f4
eafd07f7
f0060be4
f9f1fff8
091b00fc
f5082504
3ee41824
0506fbfe
fbf4fcf2
e1faf1fb
e20302fd
0bf81e00
19db0cf9
06faeb0d
dce31bfb
01ecc0fd
fb0f0af0
ea0efcfe
10f7f7f6
ebf7030b
09ef0408
04040a02
f1eb03f1
f8f00b02
01fffaf8
0efb0e08
fe0002fd
0e17f603
fdf70a00
81f01cfc
0b04f6ee
ebfbf8f3
fe057ffa
07fc0504
ff0481ff
edfe03f8
f700f481
0503f701
f805f80c
10190cfe
0000f4fd
f3031c05
f3040701
0c150204
fd150402
08fe030b
2aee03f9
0e0bfb00
e707fafa
eb11ff01
0a0807ff
000bfe09
f7e8f9fc
04f802f8
fcfbf605
0bfd1200
fafefa08
f0060002
0e07f5f9
fd0ff900
f8fefdff
00fe03f4
f9fbfae9
fb073504
0503f6f2
edff1f07
0612feec
fce9f701
08f207f8
0400170a
fe09ffe6
11fefffe
05fa070c
e705f9fb
0c0301ed
04f910f5
0e0f0afc
02001afd
04060603
01020e06
0a0a01ff
02f3f406
f3fefcf7
06fcff04
00f7fc02
0bfaee01
e700000c
fc040906
00030808
06fef704
fcf2010a
0f02fef4
fa0809f9
04fc0f01
f4fa030e
05f3fe09
f9000207
090402fa
07fcfef6
f5ffff02
05110703
00ff16fc
20f00506
0009ed09
040cfc0a
0bfae50f
f8fb09fc
0c0108f0
fe080bfe
0a023c0f
d9001d2e
090edc09
4916fef5
fdf120cd
bef0efe4
efe019f1
e2250107
03fc1d09
06130202
0afdf706
f70300f7
00e40400
060b02de
0310fe07
000eebfe
0105f707
1707fbf7
fcf600ff
07ff0201
12fcf5ff
e30204f4
0af9f8fb
05fdf901
010316fc
1ee6fd0f
040503fb
0ff90304
03040205
01000204
fef7ff02
fd05fc00
fffc27f0
29070e09
0c06ed05
ff090402
f1f5ff03
18041306
0513fafa
fef2fffb
fffaf3ff
1df7f9ec
0f06f108
0e03ff01
0602feff
fff20006
f80002fc
06f60000
ffff0be8
e5030801
120dfbfb
08f902fa
03f9fef9
fe0004f1
12fc03f8
ff0cf0fe
01f80bfa
0afffd12
000de501
ff01f802
fb03f909
04fbfe2f
f9fbf3fe
fa0b04f8
1181f205
f70bfafd
fd030181
0801f1f7
f8fbfb0b
fb020c0a
00fc07fb
fbfdf90f
ffffe40b
eb010401
fcf9e7f9
09f9fbfc
12fd0ef0
09fdfe00
0e03f9fb
0a15f6fe
00faebff
110400e5
f6f0fdfc
ef01fc06
fe000200
eff8fbe7
05f3000b
05e6fcff
0603ed08
1df600fb
13fe0802
09f705fd
f90b08fc
ff01fff4
f6ff05fa
0cf9f403
ffff0703
1ffeff1b
f605f4fe
f9f9fd02
05fdf004
fefef902
000900fb
fc0cf601
fc0224f1
21f703f2
fb03eb02
fffefc19
fdf9f1f5
0108fdff
02f5fc16
00dcf400
f7ff1403
fb010924
0f00feff
0503fa09
1701fe06
0c03fae8
fc050305
1605fb07
03fe1ef3
e508040f
fe02f100
03fe05f3
fbffff00
0ffd0607
f5000bfe
09f20201
04fafc0b
ca0901ec
fa12fffa
f40d0100
0302fa0f
02fc03de
e9e5f906
0101fcfe
fd070409
1512fd17
ec070afa
fc050007
090df1fc
f3fafbf4
000108ff
0e06fc07
fd08fc00
1ffd0a02
f403eefe
00020cfa
f9070f01
03f40a16
f9f7130c
0e010408
fc0617e0
bb9fc797
6b3c7f08
812402ae
04a0d548
3102f63c
547f0305
6c3e5503
ff0709f9
27f30a16
0705faf8
f40500f6
10130ff9
fff9ff0a
fe090004
0ff40b02
0203e302
e3fef9fb
06fdfffe
f00602fa
13040307
f000fd08
fe020303
eff9f105
ffff1c07
07040006
fafdfdfb
f0f40103
06f8f503
07f302fb
f9f20109
04090003
04011403
0fe006f1
010df7fe
0ef701f5
0105fd05
f709000b
faf60a10
07faed02
0204f800
0ff803e0
02fefa03
fcf70407
090fe212
f4fc0203
fa0f06fa
fdf3f6ff
06fbf7f1
b3fe10ec
05f808fd
eeee0ef6
03c70c0c
0303f9e5
d9030314
fff2f510
010816f0
fb06fe1f
0a07e8fa
fe0906fd
0f08fd06
0cfc0ffd
fafa00fd
00fc07fc
0202ecff
f6f7fb13
200712fe
08fd0002
fd0612fa
0b09faf1
fbfd07f9
08f8fcff
01ff01f4
1c010a05
12f90ffc
f9fe00ff
f7011502
0407fdfa
fb09fd04
01e9ee03
0600fbf9
fdf106f0
03fafa05
06f7fe08
0105f7ff
0001f903
01fbfd01
fb0006ff
00fe13fc
31f0f819
080e0909
fdfc0304
f8f706f8
050d0b12
0c050ef4
00fc0201
0406fefc
1fefefeb
05fefcfb
fcf9f410
fef7fc05
0703f518
03f2fefc
fbf9fffd
04fdfe02
090cf814
01020400
00000009
fb08e205
f9060501
feff0206
fe0404fc
01fa0501
0aed01fc
110500fb
08030506
f8fc14fa
fcff020c
05010200
06080201
00fb05fc
04fe0703
fd0d0500
0000fd03
fa070906
f6f7fee9
fa010000
ff0502fc
04fe15f7
1c0707f8
f60d1704
09080107
02ffe8f8
01f9f8f8
01f600f7
08080b06
0000fb0b
08060307
0e01fd01
fefc0202
0408fafe
f5ff0206
0603ff05
03120401
07fe0305
0702050c
f6fdfbfd
ff0005f9
faf4ff07
f700fdfd
04f40203
fefbf3fe
f9f538f3
f5000006
f7020903
ec02f808
fc0bf90c
ff05050a
fbfdfa07
020700ff
f6050b05
eb06f40e
f208fe04
06fffaf7
f716f40e
f7fb0c1a
faf7fcf0
ff11f7fd
fe01fe04
ff0200f6
01090706
0f03fdf7
0aff0200
07fdfe0b
070506fc
fefd0900
00061605
070c0afe
f3fbfd02
fd0201f8
00f907fe
00fc0e1b
0ffcfe02
f90100fa
07f7fd00
edf8f7fc
04fc050e
020006f6
ed06e7f9
0cfffc27
f5ee00fc
fd02ff02
ff02fa05
f9ff0909
fefefcfb
010a05f8
fc07fcff
0ffc03ed
fd020902
07f9f7ff
fcfef8f7
f9f80411
0604040a
f802fbff
00f706fc
f8f7fcfc
fc030afc
03ee0901
fe041206
ea050514
f9f702f8
fb090205
0bf31309
ffff04fd
f101fe06
06e9f906
ff0ce6ec
eb070de0
12f71a0a
f802fefb
e60c22fd
f60107fe
0affe2f3
08200af5
fa03f5fe
01fbf7ed
f1010ef8
fcfc00fe
0ff6fd06
fbfeff07
fafdfd04
0801fe09
fffcf1fe
0b0eff0a
fdfefb08
fcfd0002
0bfe08fa
080d0c02
02f4fa07
04f205f9
06fef002
13f7fef1
0208f009
f5ee0700
030009fc
f6f6fb00
fa01fd09
03f3f900
03fe1003
0201fb03
f606ff03
f5020709
0202170c
0efd06fc
fdf9fef8
02f60603
fd040c07
0a080108
0706f503
f4fefd04
f4120ef9
feef0dfa
07030703
fffb05f8
0205f90c
08fc00ed
02fb0006
f7fbfd09
0f0bfdfa
0c00fefc
fa050404
0a010201
fcf8f7ff
07ff00fb
08ff0b09
0c01fe07
02f60001
fc000000
050d020a
0306ff02
fd0104fc
f7f7f403
0a09f109
faf30407
f008fe0a
01050117
f2fef6ec
fe04fe06
03030cfd
f0fe0102
f8f9f1fa
0efa0405
17030a03
fe06fffb
0efbfc02
01fd0702
02040704
13f003fd
00f2f0fa
fbfbfd02
04fc01ff
07fbfafd
f1fdfefd
09f70301
0afd3606
e3fd060b
fd0dff00
020107fd
ef03000c
0803f803
fcfef3fc
ec06f404
00fd02fb
17fdfa10
0c0ded01
fdfffbfc
f1ff0d05
0ffefa18
000bf801
fc14fcff
04ff2204
f7f40313
ff0211f7
fcfe0910
f9fbfe03
f1fefcfd
0102fcfa
f6fff205
01fc0bfd
e50008e5
15f52500
0710fd16
0400f2f8
fc050116
03fef907
f2f501fd
fb040201
f3f600f9
020c0dfc
fefffffc
0404fdf8
01fe06fa
0bee0b0b
08f100fe
fdf6eafe
fff7f7ee
fd080205
ff06fd00
effd08fd
0bf70411
fcfcfa03
0cf1fffd
fffe02f6
13e0fc05
fb0b0aff
0604fcfb
f606f401
f8ff03f9
f90d0503
070a01fd
fc08fd07
0a0104ec
020bfaf9
fefa0506
f403fc01
05ff0802
0a0108ff
00160102
ff01f6fa
fcfbfe02
010a00fc
08090202
060b0b03
fbfb050d
0005fd00
01000701
ff020dff
fcf903f0
0210f7fe
0f04fafa
0afafd00
fdfbfaf3
060706fb
010d0402
0000f2fe
d208fcf1
fdf5e102
fdf90705
f0051afd
fd0af9f4
0a040503
f6effa08
f9feeefa
ea0a02fb
05f303fd
fdfc03f8
02fd13fd
03fe0b00
05ff0200
feff0202
fdfefff5
f8fb03f3
080d02f9
f9f8ff03
f8fc0402
f90602fb
f9fbfd04
08030e00
0002ffff
0b06000c
0e0cfe01
fcfcfafd
050c05fa
f802fa03
f6f5f8ff
fb03f502
00fffe01
e003fb0b
0e010403
fe010901
0206fffd
08fb0504
fffbfbfe
01150305
0a03f903
17f5ff1a
09fe0300
010703fd
03f6fbfb
ff04fb03
fe0b0407
fd0b04f9
fa07f4e8
d3f708f2
f309e5f5
13fd06f4
06eb0503
f1020509
0916f6fb
fd14fe08
ff00ff04
00fdf9ff
fb0301fd
0a030003
05fcfc01
050102ff
05fd03fe
00f70400
fe031c08
f5170006
0005fbfe
eef7ff07
f8fa04fe
10ff03fc
f2fefffd
02060100
000211ff
14ed04ea
fbf40102
0bfd020a
fdfcfc06
f4fe07f1
0603fdfd
09ff0300
070a13fd
1103fdf9
0101fcfb
e9fb000a
f3020804
0500f5ff
1201fff4
fe0b0303
ffffff08
e802fafd
fafbf703
0308fcf9
0af302f9
0502f9fa
08fe0b06
f90bf700
030afa01
fc0d0904
07f500f5
f60f0002
040c03f7
fffbf90b
fc04fe06
07f90700
fff62802
fcecfcf5
0305f2ff
01070801
fc031407
fcfa070d
fefb0306
09f00609
fe00f900
02fefe06
02030500
fcff0002
fbfffefe
01ff0104
03fc0000
02fafaff
00010903
d902fc01
fb08f2fc
f90003fc
f6f40301
03f3fe04
f70807fe
fe080100
ff00ff00
03fffe03
0001fcfe
00ff0302
00fc00fc
fdff0302
0401ff00
0102fd02
03f80f03
e215050a
f507f806
f71600f9
04f4f8fe
faff030d
04f30200
fffb04fe
fb01f702
2ff80311
fc060a02
05f8fa06
0e0205fb
fdfc01f4
fffff8fc
03f904fd
07fbfe0d
02fdfefd
f7fae9f9
f3080603
04f804fa
0b03f9fd
fef205fb
04fbf506
00000701
0a0300fc
fe0107ff
ffff0102
0100fb01
feffff05
fc02ff02
01030203
0408ed06
0806ffe7
0102f9fa
fef803f8
fafd06fd
03ff0002
07fd0a03
fbec0a00
0504f103
110700fc
f4021206
fc07fdfa
090b0502
f602fde9
02f50008
0c0603fb
fefcf300
d3040603
0903ee09
fa0af5f6
f7000ef9
0c08f810
010b0807
faf6f601
f9fe010d
f8f0f91c
f6060e03
0404f60b
f6f80006
f7fffffe
f4070108
0a0c19ff
fd021a07
fef102f5
fb01fb01
0c0006fd
0c05ff05
04fc05ea
000c03f7
fffb0006
fc00f400
d100f3ec
f8020b03
0506fb08
02fcfcf9
030e0104
07f60603
f8f70100
fefcfffc
000cfe08
06f204ff
0104f908
fefffafa
0304f508
feff00fb
fcfa0905
03ff03fd
fefff804
0505f002
00fc0304
060100fd
02050008
0010fefe
080502ff
fe031dfe
1603030c
fefb0c04
05fc05ff
0b040aff
010101f5
fdf6fbf8
00030103
fd071407
c820fcf4
11f9f8fa
0e0ef904
0d081604
fb01fe05
0efd0108
0003fa00
00050905
f81500f2
f6f2ebfe
010bffee
03110c09
08f008e5
0c100904
022005f8
0400f3f4
f0fb0121
f908fefe
030a04fa
080e0703
09f8f704
fb040104
08fefc03
00090af4
28eafe09
00fb090f
0a06fb01
f3f910fb
0002ff01
0d01fef3
04060601
fdfeedfa
e3f001f1
fff8ff02
0f05f102
f5fb13f6
0cfafedc
0bfa0201
01fdfffd
f70a16f8
23050af7
0e111303
09fdf4f5
fe11f003
0cfcfbff
f2000300
ff0f1206
00fa0a0e
041102e0
0304ec0d
f3fb08f4
06fee9fe
fdfc02ed
05fb0602
f303ee03
fe04f706
14f5fb07
ed0d0b07
f2f9fe0d
ed03f90e
0000fbf1
f00302fd
08fc0305
f806e009
02fff80c
ffef08f4
00f6fc03
14f81700
02fb04f6
0ef3f3f1
f0140a04
03010602
23f30b1a
f4062708
0cf207fb
10f01111
ed0f0bf2
effcfefc
fce7f401
f904f502
f31a0109
fc0c0603
f603fa0b
f5fefb01
f1fd00f5
02ecfff6
0d0002fd
020407f4
150f00df
060bf504
eff20704
0908f0f8
f10707d3
e204fbf8
ffeb0005
04fe070b
16f10728
fd11f005
11010101
fbfbfe03
01f502fd
00ff0101
f2fefefe
fa0212f7
171012d7
01fef0f4
f605fd06
000b01fd
f0ff05f3
00d50107
0512fc02
fffcf406
0c09f90d
1d02f5f9
10ffff0e
f9ff01f4
fcebf9f1
0703feed
0a1fd5ff
fefdf6fb
09090a15
1001f103
f710fbf6
05020dfb
02fe0500
faf9f80b
fef203f9
fe0104ff
3404fdfe
faf21f02
eb01f8f8
f911f4f6
ef0b00fd
fd000f0e
07fa03fc
02fe95f8
99a80448
7fe2d7ff
aefb0254
515c837f
63fdf88f
41b6f316
d6f5ab03
04f8daed
dd0a010b
fc1a040c
0bff0502
f6e300f8
1409fee4
f014fa0f
02fb0200
06001203
0cf6f81d
0a0be201
10f009f4
05faf500
1103040c
fa041601
eafd0003
ff000e04
f401fa05
020507fb
fcfb0405
fffefc06
fffe06f8
fa0203ff
0204fffe
f8fe09fc
111b0614
fcef1f07
f1fffe05
e203ed01
02050010
07faf8fa
f8e80c07
0006ef07
12080018
06fb02fa
f4fdfe0a
0105f6f5
f1060615
e508f6fd
ff0209fa
04ff13fd
d6f40014
fff61303
14fe01fe
fa000406
07020128
f612fafe
f0090300
04fde800
1009f7c7
05fbca02
200802fe
fd131105
fbf0fbf4
fb070605
fe09f805
f6030d1a
f3041d03
07f30800
0a15fb18
26002e0b
02fa0dfd
f519190a
f5fb0fff
ff020902
ecf6fb10
fb09e402
0fe9fc18
fb06f3d9
10fefe05
0ef60a05
f6e3e102
fa010afb
1103040f
1afafcff
0af8fe04
f600f8f4
10fe04fb
fc0b05fd
f306f702
0001f802
1a000004
f9edd809
f2f4fe07
f5e001fa
f707090d
ef08edf8
0919f8ff
0206fa0a
edf1f203
ff0a20fe
1bfbfbf0
0cfff20f
1bf7fdfa
e70e00f9
09f8feff
00fffcff
13140000
f2080f00
08fb0009
02120bf1
04fdfcf7
fc15f900
fff6faff
00fe02f5
fd10fa04
fb06fdff
fd0503fe
f503ef05
060200f2
07050505
fbf00303
fc010202
2bf6f7ef
18efe305
ef03f5fd
0ff139f2
ea07fa20
edf4ff09
0501fbfe
0707f4f7
14010305
06091304
0706fb0a
010901f6
f8090aff
f9fbf7fd
f1ec0308
06feecfe
f3fdfc26
eef90604
08fd0407
f1f600fb
0e0f05f4
0e0109fc
fd0432fb
f9fd16ee
c3f6f60a
fe01e7f8
f3f4fd15
fd07e5fb
fcf206e9
0e02fff7
f8ee0001
ff02e4f6
dbf2efde
e3f9edff
fb0700f9
f6fc03fd
de111613
f100060c
06e306fc
0efdb000
f0e8ecfd
eef2fa14
e803fc05
02f621f8
04f3ef30
f513f8fb
f20b09fa
fe072ef3
0c060d12
edfa10f3
110e04f9
e6fb0f01
ffe7f911
2a08f3d9
eb00de0e
04fcfefe
d8feef22
fbdc01fc
fd0c0b09
db18e6f2
f4180bda
01070207
241ded02
050a2606
d308fff0
1cf11ef9
0eee0317
05f6f1f5
e812ff21
00161004
fc011000
ff001404
070bf015
0e15ebfc
ed00010a
e5f50203
00080306
f80e0500
0b05f602
0403ea17
44ff0101
f80a0e01
fb00fcfb
04fefe0d
0605f5f2
f90205fa
ffef0204
07071600
0316fd11
0500ddfe
0106fc06
0efffe0a
0201f6f4
030500fd
fd1614ff
0302f3f9
3b00f4f1
03e6f3f7
fb070504
fa100a05
07fe03fd
f2fdf9f7
e1172301
fd0430f3
0007fe01
f2001003
120dfee8
0607f30a
14f9fec8
ecf0f206
142bed08
0608ddfa
13080ec3
e2470708
f3fdfd17
0008e503
dc0a04ef
f51a03ed
0c0ef3fe
120b01f9
40fe0111
0806e6fb
fe0e01f9
021d06f9
0c0208f5
01f70303
01e8e705
01080812
0b02ea12
03222c04
0612f7f7
0af91f04
e80401eb
edca0414
1ffc05f7
00030df4
01ee1204
0feddb01
f500fc05
e00cf403
eb04fc19
f2f6060c
020c02fd
0308f0ed
de0aeded
fe0fe900
22fffa13
0705f503
0811f806
fafafa05
f70e00fe
ff03fcf7
f90ff911
1410fe03
fef4f9f7
0706faf9
0306fae3
fdfe01fa
fbf20100
fe00ef0e
05100001
040004f9
f40e0108
08fbeff5
0ff2f81e
f30afc04
09070708
0502be00
e235fb38
f5dfe2f6
1bf10b04
0a1ef7f7
f8eb05ec
02fa0604
0ed6fa00
03fc08fc
2a0604f3
fa040800
f5ed0205
0203fffe
000e0af8
1003ff06
f8f8fefa
faf7eef4
e5c20ff7
20fd1a0c
2910faff
fb041cff
f5130a2b
0f0809e9
ff140900
01090800
100603d5
f9f5f3fe
ea0806f5
fb02f607
0706fefb
07fefb05
07ef0708
09fedd0a
02f8f702
f00f140a
fff104ef
eb011cfe
ff0305fb
f8140006
0521effa
02fcdee7
1af003f9
07f0e6fb
060dfefc
e9fdfffb
07fcfaf3
051ceff4
f2f01303
f4fdfa0e
f1f1fafe
fb0a1c03
fb06fd00
fe0501ff
01fb0af3
08fd0303
020bf906
f90defd7
0b130c1c
f4f207fd
0812f7ed
ec10de12
ee02031c
fe1508e7
07f00102
ff01e808
0c0200fd
0c05e103
f902f803
180d04f6
00060003
0602f705
09fceffa
06fb0b0b
07070803
fdfd0c0e
f80503f4
fc00ea01
fefffb05
f80a0a02
02080104
02040501
e800fb2e
f7060200
fdfafe08
0f0afd00
0100fefd
e4d5f906
05f523fd
fc081b03
091616ff
050ffcf5
00f204fa
ebff0908
ef080113
181e0d07
f215f60b
ff000b06
e015feee
06f900fd
ff0400fd
0cf802f8
03fb0800
0cfd05fe
f209fdfe
0cf5c0fb
fe1dfbfd
1b010008
1e050d04
fe0ffc06
0dfef103
06ff03f2
f9240c04
fffdcf00
e8e4f400
f1fcf1fb
0305fd02
f1fd14fd
09090506
0306020d
0bff0efa
fe0305f1
090be9f7
ec050d01
02fd0310
fb000cf4
de010af0
01fd0007
090b1502
00fff7f0
11fff815
f80a1306
08fafc05
000bfd07
fd0103fd
08fff803
021011fe
fe04140f
08fae9fd
cee9fd05
ffdef2f0
15f1020a
1ffd07ec
15ebff00
dfd9e5fa
00030d05
ee1506f2
fefc01fe
f70103e9
0d00eb01
f7f30111
0bfb0201
0502fa00
fdff14fe
c902f601
0702f203
f8fcff07
0a0211fb
fc0b01f4
feff00f1
f8fa0f05
fe090602
f3e809f6
07f036ff
120b01ff
0bfee7ef
dffc0506
00f4f0fd
ff01f701
0501def3
16fee8fa
07f5f212
1518fa0e
13fce2fd
180aff21
070607e6
f60a0b00
02fb14ee
c902fd1e
1cedfd0a
05f90401
f4fd01f8
f30b010a
ed0e0208
fbff0f02
0003f206
f1f2edf1
fb020dfc
fbfcfbfd
ed070707
08020df9
e309060f
1607f4f4
fd041ff5
21f20612
04f71cf6
fb0b0400
fbf3f403
ec0e0117
f9fe060a
fd0ffc09
fc03f0fb
0dfd0c0e
00f92100
ff0cfafd
fdf7020e
08fb050b
f309f2f0
041404f7
01fbfbfa
13fd0107
eb11f400
fcfd0300
16fa0406
04f8ff09
02e6fcff
03fd0202
05000602
3411f807
e5fe3500
ef040307
1afd1000
e6f814e7
0ff6030c
f110faf9
f8ff207f
81812b60
3119e704
f2fa0c81
d74081f8
8104f513
7fc98125
16817ff6
010207f5
0deee9d3
0932d3fd
df090310
160402f1
fffaf703
fcfbf703
fb31f5fe
fa06d40e
c8080bf8
ff0fd9f8
07060806
fffaf4f5
1f07fbf6
eedcfe04
f705e3fd
06fc070a
150e0104
f9f9cffe
0bf01ce9
fefaee02
01140cfd
00f90cf5
fc080801
01fc18f9
bcea17f3
fdeff1fc
f6ef01fe
eb1505f2
fff900fc
13f1f8fb
04f20cfd
fbfd0cf7
09de06f1
01fe1405
0106fef7
f6060102
f3ee0ff0
0dfb07fb
f6fdf4ff
fa08fc0e
e1000f0d
02f6fe04
0107f5fe
05f80201
070006f8
021d040e
f909eefd
f70ae10d
17fefb08
06010bfd
1009ff00
09040ff7
00ff0efd
1a140905
fe000304
0703f1fd
09f9020f
04faea00
00020102
020906f7
08fb0114
fd09fd0d
fdfafdfe
02fecf07
030dfd08
f8060002
0b090cf5
04dbf3fd
fef402f7
fc0b05f9
ef190c09
ff05030f
19f7f9f4
fefbf4fc
0d03f9f7
fd211706
121109fa
0df9feff
fffbf5f6
fb06f00e
e9fb0604
f1fdf3f9
07fe0007
fb0a0001
1e0201fd
fcfb00f2
01050408
fffbf204
c81307f8
f80f1d04
fe0203fb
fb060cfe
01ee0205
fbe90505
00f20202
fc04ed01
210b0fdb
05f0fefc
0804fdf6
0800f9f7
0a090501
04fef9f2
05f601fe
0601ed03
13f4f5f3
edf3fd09
0902fafd
fbf5030a
0cf0f708
080a02f1
060305fb
020418ff
ff0812fb
000408fb
06ff03f9
0402f4fa
fefefde4
fde40008
08f3fe03
01f92406
0e0909f2
02f70305
1002fc01
0afaf806
ff02fc01
03f8f904
faf7fb01
06027f36
0716a3dd
897f38fe
105001ca
db7f4388
0d39f7b4
c969d9ed
aec22a06
fbfdd5fc
0bfa0605
f40307fe
0ffefe09
02f900f9
f2fa0cea
08f701fb
f50df7fe
03faef0a
14f6f6f0
fcfc1200
f7f80608
01030ffd
0bfc05fd
f3f1faed
06f8fd02
03fd1ffe
f21005e9
05012501
f4010a01
f1fc2206
0dfc0cec
fd18f604
0113f2fe
f604f102
fd0309dc
ebfeef01
fe0afa02
f5fcfd03
f4fc0612
0300f9fa
fa020907
06020c01
fd0b00ed
f9fb12f8
f7fe02f6
04feff03
0009f6f3
02fffe01
0b020403
0a010d19
e4f2fedf
fbfceffd
fc0306f9
f6082008
0f07fe01
0bf9fd07
fb1df5fd
0005f9fd
fcf7f902
06fff900
0c0001f6
0d0202fd
02f60606
08fe05f3
fc0906fc
0605080b
f5fbfdf1
1105e8fb
fd0802fe
15fce6f9
0503fbfb
03030702
00f3fe02
fa021502
f80ff600
00faf2fa
fd07f709
f9f5f90c
1101fd1e
fef6f907
fbef00ff
0000e203
0af7f518
0d070f08
fcfa0103
ebfe14ef
f8070bde
eff5fff8
0a11fffb
00fdeb0c
07eff9e5
f8f3fd03
f3f2fa0a
ee07fff1
0eec07fa
f5f301fa
0ceb01fa
0a0a0b04
f606060b
00f6fdf8
f1ff0600
f1f8f7f7
0800f81e
fa0504f9
fb080904
ff031302
1ef60505
fdfff403
f9f3fbf8
f20cf5f8
f800010f
08f400ea
0000f6fe
04ffeefd
faf40703
fff1f607
0100f806
fb0925ff
07effa15
0406f7fd
050411fb
fc00fbfe
13f3f7fe
f002ebfb
faf7f802
030afdfe
070406fe
ff170af2
fc1610fe
01090cfc
0901f8ef
000801f8
080104fe
03fb0003
fcfc0af4
fffefc00
fee8f1fe
00030f03
ee08f702
f5080f06
04f20109
fae9f808
f905f6ec
fefa0006
f5fffa09
08fc1504
011d0a09
08f300fd
f401f705
09ff01fd
f50bf9f6
eff9fc08
0f070df7
0203fa00
0a0300ff
fafcf801
fd00ff00
01070305
00feff0a
ff03fd03
020003fe
08040eff
f60fff1a
06fb0804
ff060005
0ffff801
ea00f83a
f3070309
08f90105
06fb0805
f7060adc
fdf52d07
f5090501
eafb0507
0bfe0315
f3f00505
0bebf500
04fe0af7
06f1fd04
fa0bf106
0afefcfe
07f90b0a
fe0903fa
fcfd0005
fbf6fffb
04f7eeef
0eedfe0e
00f00e0d
ea05fb07
19f91600
f2f600fd
f714fcfe
f9fffef9
04030b04
1a080501
fefb08f8
f4fa0208
fa0b0204
030400fc
04fc01fd
03060b04
ff0116f8
fce80100
05fefcfe
f5f604fd
14fc00fc
fb0202f4
0c0a0805
fcf90a07
fc0019fe
190b0ce9
fb02060b
1305f6fc
070bfb02
f80105fd
1e0c0ffb
f500f6f6
0002f508
fafb0314
0201f503
0406fc01
ff02fdfe
0c00fcfb
05f8ffff
fc01fdff
030308fb
0114eb13
0209f205
f9070007
edf5fb08
f900ff22
faf006ff
00ff0502
fefefd02
15fbfe23
0007f7f7
09f5ff09
f1edfe00
09fe06ec
fff601fb
fb05f9fd
0001fcfd
10ef10e1
17ec1101
ff080208
07f400ec
f3f1ff03
080cf9fe
03fc0704
0304f0fe
02f8f8f2
f7fc0405
f60101f6
01f8f0fe
fef4fff8
fef900fa
0c0e05fe
000508ff
0805f6fd
07fdef00
0308fc04
0601f7fe
f902fc0b
00ff0306
fffd0602
fe06edfa
ff0e0822
ffe6f4fe
f7fdfc05
0606f704
05040409
ff09fd05
0008f900
f9060cf7
0701faf5
08ed09fa
06fcfc04
f10dfeff
f2fdfd00
110b00fa
0808f502
ff0af000
0904fcfa
0603f9fb
020907f9
0911f602
fff80114
fafffa08
f811f409
fc0409fe
fef50cee
fef2f907
f3fdf608
ea07fd06
0afc07e8
0704fc0b
05f803f5
02fd1e04
1204f60c
091ffa0b
f1f60702
eff3f310
040e0310
f4fd1205
fbf40705
fffffbfd
e9ee06f6
fe081b0d
02fe05ff
fef5eb00
f8fe0a0a
eff60201
0404fc01
02041302
feeefc09
020a0afc
02f8fc00
0806fb06
07fafc22
f9010603
0b0c0bfb
fd010103
f0f703f4
fffcfd03
04fa04f9
f2fdfe00
ff0109ff
00fb02fd
fe0702fe
0a07f109
ed05010c
fe04f9fb
01010808
fbeeed03
f1f9f5ff
0b050204
faebf704
f8fcec06
f4ecf7fb
0e050c00
05f90100
10140901
f80c0b23
f719f4eb
090dfb03
01000e0e
d9fa0323
ee04e9f0
051701f1
12fcf909
f004080f
00f50104
1a180100
02fafdfb
e8e111fb
fc09eafc
0006fefd
f1fe0ffb
030aff03
0c03f7f9
fd03f5fe
0302e7fc
1b020005
ed04effa
f90203ff
05fcf306
0d050601
fc0d0008
0108fd01
fc003500
e5f2f7ff
eb0d0307
f7eef810
1508e40a
f90c0511
01ff0b02
fb05fbfc
06010509
f61bff0d
040805ff
010104fc
faf4f700
ec0002fd
f4f4ff03
f7f4f2fe
0004eaff
22000917
07fa02fa
feff0407
0103fafa
0407faf7
fb0c02fa
06f6f907
0801f507
0cfe0104
fe000003
01ff0305
0cf4f5fb
06fd0008
ffeffa10
fbff0100
f601d000
1affdf25
ffe716ff
0601ff03
0b0efef9
f6150f10
12100502
1d0e05fc
01fa05f6
02fc0003
01f715fb
fb00fdfa
0101ef00
f306fdfb
060800f8
ff07f503
f803fcff
f8f2f6f6
04fc0e00
fe00f80b
00fcfe03
0500fa03
fa09fbfa
fdfc0906
f100e306
13180af8
00e9eef8
fb08fbfc
00f713fe
fcfefdf1
faf50503
05e9fc0b
fd03df08
08fcf41d
09eefd00
fbf903f5
f81222f2
fef80605
fcfeff00
0200f803
04051b09
2e04fff3
fcfde6fb
f606f9fc
05fe2302
1504fafe
17e9f8ef
08f10dfd
03fdfefb
02e9fc0a
0004fc03
11ff03f9
09fff9fd
f90b00f7
05fdff00
fdff0200
fffa0802
201001f7
12fa0d01
02ff08fc
1f04defd
15090e0d
f80100fc
f9f9fb01
01f61afd
cf12f3f3
e7040003
0b02f900
16f1de0f
fd00f9fc
e81f0614
f7fefe00
fd01f50a
df160804
10fc02fb
0d0ffef6
01fd0efc
010004d0
03120608
03f8fafe
fd03f307
17ecf705
00e11cff
06020401
0efdf407
0f030306
ffff0803
02f0fe06
fa05db07
060dfc01
fd08f5ff
0108f802
08fef4fc
fbfdfd11
080600fb
05020002
0005f607
0c0203eb
0b07ef00
060304fd
02050802
05fc010b
f5fafdfa
08fb0103
0404f900
fa060804
fcfcf800
02f6f604
09fcf0f9
0007f304
f9000706
f7f6f7fc
f6fffb08
fc10faf9
f4070503
0105f800
f3fcf705
08000002
05fbfe07
fc040004
08fe0dfb
04fcfb0c
02f802fe
090301f5
f9f801f6
fc010500
fc060901
02f1f0f9
05f717fc
f010ecff
0205f906
0208fbff
1de7d102
dbfdfc16
f2010003
f0f4fdfd
fefd00fc
23fa0c1d
000efe03
07f7fc0a
01fafaf4
f9fbf8f1
020403fe
f6f20606
0600fdf8
09070206
09041201
f5080603
05fbfaff
f9fbf9f5
0206fc09
fbf4f006
05fe0209
fb08070d
12020d05
0506f9f8
fc0d0bfb
f10dfded
0704fafc
fefdfcf9
01031b05
f70d03fc
fff5fd07
f40802f4
07fb0afa
0607050d
faf90b0e
f7f9fd03
fa0a0b05
09eff9ef
03faf3fc
fdfffb07
fc01f4f7
08030114
ff0102fc
020a0000
f9082404
e716fcfc
080deaf0
06f802f8
e716f305
030f0414
06d80502
0801fb08
020205f9
030b18fb
06fe1501
fcf9fefd
02f322f8
fb0903f4
f90b0a03
f8d5eef9
fbff2ffd
c9577f98
8f400900
70cf0b5e
3e46479b
4a0ff47f
3b4fe10e
7ff4dbfa
fdff11f9
dbf4fd0d
fd13f1fa
f100fdf2
ef050bfe
140201ed
f9f40e09
00edf000
fcfe0805
140d0cf6
f5f9fbfe
0bfbfff8
02ee140d
08070af2
010f03fe
09e0f800
fa03da06
f600fdee
0604fff9
fa010008
f5f9f6fa
fef6fbfe
fafd04ff
fe0e0508
fd05f2f3
04f8fd0e
fcfb0308
f600fa06
f705fa03
f907fb09
f808fef4
ff09fc02
02031403
11f70af7
02faf6fc
feff01f7
02f50eff
050405f2
ff0203ff
f8fb0101
ffff090a
08f80705
e7020400
f6fcff02
11fe09ff
14050c08
ff0ffdfd
f60cf9ff
0303f0fa
00eafefe
1905f4fe
fbf305f9
fb0f0d00
fdfe0306
fa0bfa02
01e8edfd
fe0001fb
08fe01f1
fff9ff02
0605fb05
0305fbf7
1203fcfb
04fdfb01
0804fe00
0bf6fafc
09080100
02020109
ff07fe04
f90207fd
f604f51a
09f8fcff
f8fefcff
0600fb09
ed0b0a07
f7000802
f3f903fe
f4060709
0ef8f90e
fafefef2
030aff02
09fce2fe
0afd0503
f3fbf804
fe090003
1eebe4fb
fbe8ecdf
f40a060a
ff010aff
020110fd
f7f3fe0e
fa0bf0fb
fa020207
f4f9fd03
f3fa02f5
fc030007
fb0dfe02
05fe0bfd
030d0fef
03fbfdfd
f7f7fffa
08fdf60e
f002f8f4
fffafa0d
05f3f902
020118ff
f50c0801
03faf701
0c010002
01f0ff06
f9fffefd
0afe01ef
f3e40703
00fdf404
f0fcfcef
040a03fd
04f20406
fef90303
fd05ff0e
f909f9fe
fc07ff03
0100ee00
ff06f8fc
fa04fe05
0e04fd02
0207f3fc
fc02fd07
0801fe09
fe0bf201
fbfaf106
f0f905eb
f30606ff
e8fbfa00
f1fa06ff
04f90202
f2f002ff
00070401
01f9f604
4ff4f0f4
020fee09
08f200f7
1af6fb04
fc04f818
fb090205
07fd0603
0103f606
f41000fb
14fa0600
0efd04f5
00ff15fc
01fdff03
04fbf9f7
0207fc04
fb16fff6
4b030e1c
3d43d603
1fca1ef7
18d2b6ff
f3f5f304
e6dd0ef4
0d030b13
f43310f5
f3e33bc4
fd0a0208
25fc1e16
eb1b08f6
22f7d71e
f0293be1
12e0fe15
e406eb09
e4d8e455
0dc9dfef
0f1ff122
e301fbf5
05ec43fb
e608f601
13fbf119
23baf5ed
45fee730
da0fc214
3ff7e30a
0cc00514
f408bef0
b813f3ec
d4f8f8f7
fbed2906
2d2006b3
b832fa21
17df01f3
03f3ee07
e8ffc0fe
10090bcd
0010dbf3
2ff81a13
f4f81e08
f6dd0826
c7f308ec
e10f15f2
34f915f1
5417f8d9
f0f9150b
09fbe11f
eee71404
f6eefff1
fc1005fd
10f40ef0
0914e611
f819fafb
f8e3f2fe
e5ced309
ecededda
ccbde105
dbe929ec
45ed2a24
06243ef7
daec17ac
210c1c16
be251fe5
02f4fdf5
f8f1d708
e8f805e5
071a0d3f
0d00e6ee
1b120afa
ea0dfdef
1940f403
eb05dde1
37f5e6d8
112ee502
05d91ae1
0ce9f3f2
270e0904
f524e308
fec7e91a
e7f40520
3119d934
fe0237e2
1824ff40
1cf2f5e7
2cd8ebef
ffe823e1
bfe90bfa
1711e8d5
bd0103e5
30d6fd01
f41403eb
d110f4f3
05f11bfd
fc17f210
ea283209
13fbe330
121836e4
302104db
0e172cf7
eaeed210
f4ffdab4
1a2117eb
de180625
ff04091a
eef92417
2f32d3d4
0fdefafe
0502f7df
0d21f5b5
e8faff20
4e1bf0f9
060df30a
2eedf40f
d6fee8f9
1c071303
ff20210f
010a0bef
df1bf51b
e70bd025
00e10512
4cfb4104
13aca212
6300f607
0057f505
0d3606f7
ef13d0c8
f5c80203
d510021b
ffe4d7d4
effdee15
1a060f1b
f9dcf8fd
eb03f609
ef13f4f1
f02b371f
b701dfed
9ed6400c
fd27dbf7
d9ec1706
15e8cf07
1a170844
e8edd5e2
22cafef4
fc0d5f21
e92602fa
ef3002f7
d8e5d3fa
eef612fa
1f102124
061203ee
f20fda14
1f044027
f023f707
b43318fb
03e4f72f
031c1d13
f52914f5
f3110f14
f900e3fa
1a12efe9
c108eefd
1e1bf92f
f9f91304
ed32f432
1402e3e3
f5ff2a02
3ffbdbed
fef3d323
0fe00704
fafef8f0
171637f8
f6e619f9
ee18fff9
0c0419e0
bbab3703
e8f50315
edfbf6db
1843f0ff
f81d211b
f409101c
f4ecefe7
000bdccb
e815180d
f2070e04
570d2bf5
fa38facb
0905f6f6
f6c91dd1
0fc7f82b
0103cb09
d92eccd8
f90cebec
01080e1b
e6e52e03
052807dc
08cb08f1
08f1f6e7
f105b2d8
033300e2
00ef0de1
20fffcef
c7d9f1f8
0bf11bfe
100e01f5
f314fffa
27effdf7
1a011cd9
ee0f1116
35e5f0fa
bde305f9
f721db19
2812f609
28fded06
fee633f9
1bdad8f4
fbf407e1
2e054343
1bd2e5f3
d3f5090c
064fd2e3
e136f9e9
2502bde2
eb070512
fef630e4
3a0623e5
e90f21f4
0306f614
ed1e1e13
1e05f7e0
d40903fe
1b52f604
02df2424
2410f9d9
26f2f60f
041119e8
0817050c
ee2d1c53
170c18f9
0408f5eb
26281905
0f20dd01
f9ffebfb
f82d11ed
fb040202
110f130b
ff07e613
f612ed02
1409040b
1008f80c
07e5ef03
fb00edfe
fb010605
09050003
fd010618
d61b1c00
15f60708
0a23eceb
f3f7dc2b
18fe1fe5
08e92100
ece9dfdb
02ebe812
e9030cfa
1c0e1b09
2113f1ef
08fcf603
d7f4f2f4
eee9ebec
19fc26e7
08060912
f0e4161f
e80406fa
12f201fe
d8213021
0ae7cf0b
091d30f6
fd2809f8
38fa12ec
fb2a0315
03031506
1bfcfcbb
fbfcf6ed
0d15fa10
1cfeed0c
e92602e4
f2e42cce
2ae9f7f1
06f62d0c
0bf150e8
e0f733ef
e9ff0c21
0e422bfc
2ffd1eeb
16fb03f8
5c45ec09
2a08edfc
041927f5
12ed18d5
9031f8f9
ebffe91a
0c4c1424
03fafe0e
0b230f1e
10ec19d9
dc1b1d1d
fc21100e
fc1a02ed
19ecec04
f1061eba
fbef0c26
fbe681a7
e0f63461
ed2cebfd
e60309b4
50121618
33414705
2739d7f3
209d2408
fc1a2eee
f623f12e
edeff116
1012e9f6
e8def8f9
0f1ccb0c
e3fddde9
19eae0ea
301631ee
fb0b2ee6
12010ed3
f7f50a31
f5ca0008
1e1a2e03
22f71cff
00f0ddfb
20f6e216
f4290c2c
f8fe0b0d
cff73c21
30261924
db0d5e00
f4eb00c5
e312180b
23fef1ed
edec27da
57fae00c
d4c5e20b
1dd5f0e5
f02b0805
040412f9
02fe1d35
22143104
02f93715
1308f202
e01bd4f6
08e10717
06fb3d09
05d039f6
eee4e31d
0320e9fd
081a0ce0
00f0e2fe
2cf0070d
fafcfcea
f6fe0007
fb06ebe2
110a1508
13060ad6
17f7f7fc
ee141f30
4c01f10f
ee07fffe
1214fe27
0d152223
10fa12cc
ee36ec2e
eb1519de
e1fd2cf3
ca3a14ca
22e12219
064a0f19
ff1aeb07
031f60f6
e32605fd
0511e20c
14f526b8
0d2af3e6
ed22feed
f8e6f9f7
fbe7eb19
f2fadade
201ef20e
06fa09fb
0e07dfda
f4efea19
0afff3e0
011331fd
0c0923d3
fa0bfe1e
ee1b3a02
de33bedf
21e90901
170be40a
1e09ca1b
000d2000
08d0fdf8
e0fc42df
39fa11fe
00e71df0
fd1a0f07
fb351bfa
1f1bf81e
16f6fdf5
2cf50f19
0df504f1
2ded10e9
eef30aff
d6f6d507
0705f608
ecd7fc04
f21e26ec
f8e6160b
e60dd1d5
fc15d2f9
1611f004
0711ed16
d12cc5f1
0b09c719
f0e403f7
0ff9eb3a
0afa1724
d9e9fb12
fc181908
dcff1809
c8ff1ef9
c519ec3c
1fff0004
f9d6d32b
fcd10903
ff2612f4
04feaf1a
28f004d3
25daecd6
16de2612
f6c30df6
dcfcf7c0
0e20230c
1920001a
08f4fdea
2aeecef8
100b36d3
f50ab628
08fde8ff
feec1909
130ef310
0645d3e3
0c17e4d4
08de2cdf
324fe1e4
09eee8e9
05310a0c
0702e4f5
f20d10f7
2c3cc5f8
0104e2de
ed011ee6
df37de07
09f01fe8
fc070bf5
f9edf12a
f91508f1
531ab3f4
e2eb0d77
f9db1405
2d22e900
e1e13a11
00ef0f08
e61e2114
e1e900ee
0932f1e5
0fe5071d
0d342bfa
eb22f2de
cb11eee5
0cb6ea1e
f8f9161d
02e8e213
ef3e1b15
06f0f2d9
35e8ebfe
22ce220d
200903e3
f8eb110d
f3d30210
02141318
c807e1e9
05fff6fe
29edeb0c
f0f8e51d
13eaef20
04a8f644
060102d8
041ce244
23d70703
fc0d030f
e6f30c09
28df02e5
11fdbd06
fddc150c
eff80dc7
2df7810c
f4e2f4fa
f1e8e3e7
f8da00f2
c6050816
18edd80e
f015ee02
e71206fc
0505fef8
0dfc0bcf
002915c4
9df77ffd
8776b7c4
f8c4ec00
1114f962
b010ee13
030de9b9
dbee1ffe
fb031e1d
1ef80a27
2510fae7
20fee824
fae719ee
e2f5f7d7
f9f50028
e4130505
f205d9db
00e80414
f0f60c05
3302d0ce
fe102106
0ef00207
eeeef1f7
3e19c312
fa02fcf2
c4ee0120
0aff0a3b
fcfbee22
fbf2e1f3
ebfbfcf3
f7f010f8
f90f1f13
db01fdd6
59c117e5
7f9ff32f
df1b30d8
0ef1d0f1
20e1dafe
1105e725
eef4150f
ffda18f0
a6193e0f
e802f516
15c54f06
06b20ee6
f73b2dda
04e2e719
0b010a15
0908d6cd
c6e6f721
022bf319
dff11bf1
faf6f1f1
f71ff9ff
0dfe0b0d
05d222ff
06e61e23
150df6fe
f7f1d921
d203f9df
ddf009e2
d4083832
2a14fb2b
140bee1f
08ff1cf5
fd19d80d
143302ce
0f160e1d
1408f422
1b1c20ee
f1fceaf6
dcff290d
ecee3c25
27e1fc1e
b5f0e9ed
e423dade
18fa1b1c
2dff284e
08083009
49e9e722
fb0f00e6
e907ea1d
092a25ed
b4062c07
f0e32fe4
f425fed8
fc0512e9
17112e37
07f6e118
d1eb12fe
c6e7dfda
120e18fc
f017131d
0ffd0507
faf806db
fd0203fe
f90c4a84
04e10605
0404fffe
ff3fff02
effd11fc
d701e203
ff1103ff
36e714f3
0c0821f1
d325f00c
edd1f1fb
ebf4c606
feb7f44a
e7caf82b
00e1ce23
19035126
fffdf8fb
45f50826
002ae808
00c94bed
0113d6e4
dbea1028
010221ef
e928ca03
f8fb380f
190740ed
03f20b0c
e608fff4
fa1aedde
ef05fe06
e70ae633
e31a222c
e1ff50df
59071edc
f1e242e9
1308dc01
1431d234
36ccea36
eaed1914
238df9f1
d4c31fda
0ce5ea22
0dabfdde
0bd8e7f1
ec4a2edc
c9fa12f5
e73803f1
f6004804
cc253f06
efe53d11
f5374cfb
05241806
2b0bd714
6a05fc28
06dcffc7
e3761ff2
03f41e1e
560712f8
27d0f90c
0f24f923
ff05d0f6
f2fb0e2a
2df1f9e7
04030000
dffde9ff
0725fffe
0001fe00
04030000
00fdfd01
0902fe00
0004ff06
72bf2adb
fee6e506
71eb1ef2
0d01eb07
0fdc25b7
f2f7d8f1
f402241c
c50be9c6
d9f3f709
03112200
04f3d3b6
45df5e2d
0acf2929
062ad2f5
1f431edd
35fa0d59
02052c27
070fddea
00112de6
0bd2c71d
ff0fe9af
04fc1514
07f71407
fbff2ff0
0366e724
5c073360
172c36e4
6e332ddd
0c258df2
0f1c0b81
27f60e85
02ef1331
a9df2f03
16ee10eb
f20b1f02
f89c020c
1acf1518
1432c00e
f61a1b33
ff0ffbf0
f3082bfe
e2fcf426
080d0ac0
16f9e3f7
031d1d06
0c260202
f528f40c
e70155f1
ebe517ea
020ff3f1
f90be8f2
1516f5d7
1909dc0d
04e0de16
ee03ecd5
0a0efdd9
19d7d6fd
f820020c
0cf306dc
2a0bf20f
03ed04f4
04f6fe02
0501f014
0408f8fa
bfc1f4e5
f4f7f025
e21b06fb
32e1ff09
10ecfc36
dce913c4
2c3304e3
d635b921
35f70e06
d6d3d0f3
fbe0f51c
1d112503
0924d9e8
5cee4e16
bc19b80c
e13eefdf
012db2d0
f5eded08
e8fff310
feeeeb04
ce1826fa
1af115fe
fd030aff
1cf22b0d
d3416008
251e1bf5
ac1cf339
1d00c318
3bfee618
09eb1cf4
03f4ee04
07081bf2
01f42227
fb1af807
09f8e32b
f52806e8
bf06cafd
0afdd9f2
01f2f8c5
1ff8d60f
f219d609
f5d9e7d1
d011101b
113a0110
dceb2502
09d6fa12
0e16f1d3
f8f5cc2d
0a1f3503
030b05ff
f0f923ed
b91aed04
14fee1f2
f7f700fd
f914273c
17111618
590e44d0
f71b1f04
f8edf7d7
e5130115
00f9070d
0110e131
f12b24b4
16ed11f5
0f04f4fd
dbd2e709
fbe6f213
370c061f
f5f3fdd8
eef02dff
f20b1bbd
dffdf920
03020500
e9fdf103
001301ff
0200ff07
fd0b0101
fffc01fe
0300fefe
02fb0300
16b803e9
330a0a29
49144d2a
ffe80d2a
140812fb
e7032e0b
0cba0040
09080d05
1701fc10
22dd2b60
f4230afe
fd0d07f7
1a0cd103
edfb58f9
4efb271b
002ef20e
1ac6aef8
e5cf1911
1b0900e1
b3df0702
d932f7ee
f1e9fe01
ecf90302
f31ab204
0dea2024
f3fbf5e5
dbdff8f1
1c0e48f0
12f72dd3
042f220f
fddf0ae6
f301ebd4
ce79e6f2
1a1b17f3
6fe7fa14
1ef51d21
11c71309
f504146d
e7edf805
09215c1c
14192326
1eebd620
f807cef3
ef30c6ea
f5cd37d6
eec3d11c
de2302de
fae5f527
9bd03212
0f074205
eb0aabe6
23110c04
d6c21110
200fae00
fc1af445
21011ed5
005bcb0b
2d25bac4
3033e5e9
05fd28df
1afed4eb
e01a4304
7dd40132
1b0f11e9
40e9d8ff
f908ff08
f4e2e4f9
f30724f0
ef011017
072be3f7
dbf201f6
ef063ede
c0ac3101
00020bc8
e8e327f9
34f94100
f0fcf10e
ff1512e3
09dcfc29
21f80701
5f122def
01b117fa
f4f10b0c
fe0601ff
43b9e6fd
81f4f600
7b488c1c
04b3fc02
f308201a
ea0d390b
fefdde09
d1bede06
2a0703fc
f9ecd22e
e9030bd7
0b1800df
eb13f1f8
de1c3434
fff4f9ff
f0fbdb1b
e311fbfc
f2f7e704
03fce2f1
0706d400
feeb2eec
1b27fe0f
0e1e0de4
f9f2fecd
1413ed36
19ef13f8
13cee609
09e9fe13
19e1c0d8
ec0ee7ea
e1e9151d
04072f1f
f505d4f0
f7db1119
1206f3e9
0609fbf5
20f4ee09
0c17ce22
e5ecf00d
2d271de5
191f2705
fae1ed15
f2e8121c
000312cb
dedf2a81
16cd5d60
3d6c1e62
f5e04b40
663321fd
313baf45
1fe11718
7fa97381
e102f6fc
0eeede09
2b0109de
0a44f2f6
21f94f46
0ef5fae5
fcf4eee5
040ef010
fade06e7
1dfbda1c
ce1cf2f4
0bf5f3f9
cff70d27
f403dce1
f6190002
070ed728
cc2025f7
f1280314
2e0b0a09
21160407
e70410e1
fad907ec
f42df208
110615f4
e9f02705
ee0e0e0f
dd06f3c0
f1f31ee6
db0d3d1a
e80dd72f
ebf3ff43
e114d109
b31dffee
0edf0721
38d78c0a
20d1000c
14f405e2
fae83c0c
e828f8b0
020f1832
4fb05aeb
0c1c0de0
e51423d6
73bf0306
060cb425
f804dbc7
dc041aed
faf61cfb
eb150b03
0afe0216
03f7b81e
e516f3e9
ceee02eb
f70cfcf8
05c4ebe2
e70df73b
1500e5f7
07f4ef15
4cf0ef2e
e9f70fe6
1bf511d1
fcf11405
ee0f0403
f5070ffd
fae9cffa
eefcf711
ecf4fd09
08e4e802
f131f3c6
fdfef115
13eafbfb
0005ea06
fad7e9fb
e5eee009
c4f20105
3b144f0a
3be02407
f84a0905
010cf8d4
0bfbd0d6
e106db34
ff05f5f3
1802e037
27ec04e9
fa1d31fd
080a2e10
0be81723
0203d3e7
0aff16e3
15291902
ea190d32
09aafd04
ed150a16
01f01be8
07e1eced
ef150b0d
f3a4eefe
e5fc1b0f
51000fc3
283808e0
ee0149ce
0df7ea11
ff1001f2
07f5e3f8
f1e0d8f6
0c06fff8
0c08121f
0904f1f2
e6174400
0d0ad9fd
0803f315
f3f9010f
020fd1ce
0907e9eb
aef907de
ffd10621
1709fb13
fbdf0100
12110dea
f900f814
baf20c0a
080c150c
0cec1afb
cb330e16
06f2e5d6
f6d106ea
eef8130e
0c0df3f7
efdaf7fe
0412f8da
e2ebeb01
24dce904
27e001cb
f40ef702
0ffb0f30
defbe0f3
d22fd603
08feeab5
c9fec242
25ecefd9
c81ed003
f43bfdea
0814e51e
250d9ffd
161105fc
f7310411
f6fee522
bed814f9
f3ff2114
21f102f5
04f8eb04
fdeec920
f2facdf7
f9fff8f7
4a110bf1
cdf5f7e9
ddff03fb
ed2cf32e
ef24ec04
1010d12a
c42f16fd
382aecef
5417afea
22ae3811
3d19490d
0ed9c71c
efe6fab3
3a01770d
1d10ed0e
0716f60e
091d332c
34361c27
f4182a02
f4f730e9
04c404d5
fd14d5e2
1922d614
04ebeb0c
f3f0f801
0111e022
1208203b
07281126
08f90a1d
f7f6f5ed
07f9f00b
0ef40e31
f30c1204
314bd8d8
13e73a07
ed2aeffd
e3070c07
0aec2403
0c1ec0fe
080c0adb
2b1a1e0a
ff181012
f1effef0
0b2325f6
23f8ddfe
0e040325
d8c21af2
0a1414f5
1ff4ff1b
04d1280e
08bb100f
2c1007fe
3d05fee6
0e0be009
d7131aea
fd2602fa
cce7fdf4
3b1ceffb
d808b8f5
1501faff
0319f8ed
e10004fa
1117e7ea
261cf2f3
10f8d9f2
e2171507
ff0f0002
1001c5f9
f81a0302
181b0e01
184c08eb
f50002c4
f7ecfa20
02d8feea
f9fad6dc
0acef60a
eeffedae
0cfb0305
ebe702e7
fbf83432
2a0e1fda
ca0912d1
10231022
051422d5
000bfed8
031bf210
ff1dccfd
07f028d4
200be8f9
0cf9fbec
c5f9ec11
fde7ef06
ff0addfa
d7f8d1e7
cf202de9
1515aad4
f218100f
11130a01
06d12d04
02ffd818
e4f3fdfa
e3ff1711
e7ef1acc
e636eeeb
eeebe9ef
ecfc241e
18f7dff4
f01015d5
0bf8fdd3
fc1702f1
f6e3dbea
e4f718e5
08fef0ed
ffe703f9
fe0217f2
001b0fe3
1800f909
1804eef4
f2fdfbfb
0308f7ef
2cf6ec02
f61cff06
28ed2113
fc03fc03
03fe0de6
0f0b0bfb
f3bb0600
10fb06fd
bcf41ad6
d0f518f7
171a170b
0d3606f7
2803101f
e816dc07
c924fad8
f5f42422
0ef92efc
18e7f611
e9e3dae1
2311f730
fc1b120f
defabf08
e5221d0d
ef261a16
03e6292b
1a0aea04
211ffef9
0af70301
05f4fbf4
f70518f6
20f40913
fcfcecf9
f0221610
0efce9d9
f8e807fa
f60515e4
d018fc1b
13fa0801
f7f4e418
0502fe1c
22050bec
e43dff0e
eede0deb
f9ebfc13
fb0af218
01fa0c1f
c6ed200b
0de612e2
0b10c708
0ded32e0
f80c1ee8
f5190c03
10f0ff0a
091dd628
cafafc13
0df51f36
e5191218
d51b43fb
08064bfc
0316f4da
e50ff8c8
08e73102
eff023e9
fd2121e3
d5200230
0416ed11
0219f50f
0e20eef1
0cd9e3d2
e70b370a
ef07d9eb
fb11ee3e
c9ee0925
0ed810fc
09170bda
0cedf318
f31c04ec
0d12f303
ebcf1c03
ef010b31
2ff91123
25141300
f3333f0a
090c04fb
f8ec1a16
02f61837
e124f30d
02eaf7eb
e1071cc1
fde709f3
2103f2e1
02e8f6df
f212fd0a
f704de00
d42006ec
09ec06e3
e803f3fc
1cec15c7
fec518f8
fa0af510
e8131330
ec0606ed
eaef2a1e
ee0b06dd
daf4e109
fa0e1df1
05ff1b21
f4eff2e8
0607ebff
ef0309f9
fff404fe
fef7fddb
0bf20a09
f9f421ff
09e2242e
00d7e9fa
0c050918
dc06ed02
4717f5ee
0102cead
fc0fd618
2914020c
1ed43a0d
f8e1f5f2
e9eadbba
1ceff7e7
260301d2
a00b8184
3cb92bec
a791421c
2900faa9
1b3408f0
d4e301e2
1c04e500
0036f411
09012834
0deeed1a
dcfdcc06
2526bff0
21ecdf0d
22d41bfc
05fa10f0
2ddb0ef2
ffe607f6
fdcbc11a
08070816
e714edf7
19f1bcf7
f5e40b1e
08e8fad8
f616e3e1
f6393718
e00f28ef
04eef5fc
c9f2b2f6
ff1bf5fe
f7f7fd06
fd14f300
01010a09
1b01f00c
e60f0d01
1d07db0b
cf1a37e8
fa0a2e31
0637f6f9
f513d819
ea160d00
f9fa0dfe
de02efc6
f4ca03fa
110b1bd0
04e4f1ea
07f2fe1b
dff93e19
13f3cf06
e2fd1713
3ceded05
e9d9fbeb
da280313
18e92351
2bd80ae8
bffb02ee
d3d88b33
fedb19e4
abfe4fcf
07b9d6df
ef06d50c
09d51321
1ebbedab
3d01faeb
25ecfd04
ed0d1b12
0bebc506
1b1910f5
1201fac8
0a1cfdf6
f0e8f0ec
d6f0efd2
f8bd11ee
1deedaf1
10fb0dec
d9d70011
170a3204
fd2dfb06
a8e9000c
fe02d3fc
0812181f
f9fdc9ff
f3f60ae4
f60ef7f6
dd4115fd
0ee5130a
f6f4cbf4
fef2daff
062100f9
0d0cfaff
e504fd0f
000d1209
08f40af0
fced08e4
fcfa09fe
f0fc0016
1adaed16
001907e1
2217e407
1dc6eef4
4bfcf102
f6f3e4e6
fb070fdc
f4f4d608
14e4502c
1ef61a1b
da2beefa
28b6f30a
e5e62e38
f8093209
05fbfcdd
f70a392b
0114e703
fe1b051b
e8f3fbd5
da0bf01f
0f10cbce
fe2edb16
0000e508
f5ecff22
94c6f3fd
0509ef15
07fbec05
330d002b
05bb3123
123d2e27
0225db08
0412373d
fcf9da16
def625ef
ffeafc24
f411071b
0ee93313
0be50c19
0dd80107
03f9e6fa
c6e8eb0f
060bce09
fef6f80b
f9ece2e1
04001702
fa211ff3
f7feedf8
0bdd1f38
fb1b240b
ff1ffa33
ea14ec01
f1d4f005
b2071e03
f711070d
e9fdc81d
172012eb
f0f1b304
fded1115
bb1131f4
10ed1fed
d5efdbeb
050cedf1
ded8de29
e8021d0a
f30cebf8
08f500fc
320e02e1
11d6e6f9
c4eb26fe
06d0fcef
d923f01b
0506eddd
150100f2
951b18ea
19df1707
e406fdfe
f6090ff9
0a00d108
07f80913
11fe0913
e701040a
d9e0fee5
cbd9d925
dc30e202
ef4326d6
032eb00f
5601215c
061d13ec
f8f3ede7
0211f7e2
f3dffcfb
01c00629
12deee08
f9f81815
e5070209
daf8fef8
f5092a0b
ddd3f6d7
e6d61606
050ff7f9
0af82713
2bf5fa0b
b418ebf5
f9bd051b
f325e538
e8f72b17
f0e4f6ff
e8fdf811
e6d605f4
0329fb15
0422fd2a
fc23f319
d6e0ec0f
13fc0f0d
1cfed606
ee2214d1
fa053917
fbce3bd5
14002809
2025fff9
d7972615
1befd7f1
e8fa07ea
007410eb
f8faf1e4
010ff0eb
f5e805da
f809e9fb
2dfb020d
0cfffae2
2412f016
f1dd15dd
1a0a270e
f5e0fd03
030a0933
e5e733cb
fa2c1efa
fb0eda05
0df50e00
eae11b0d
06f80710
f4f80a07
f3f91916
1b06061b
26ed14e6
3d0286f1
212e26f6
e1e4e80e
fcbd9f08
e9f5f3f9
d6f1f026
e8f9e4ec
e8110ce8
00e72224
d7fa190b
2022dc0d
104df00d
12224706
1dfe0d12
14004425
003c18e9
030e04f5
051422f7
10070cdf
d1ead300
3202b6d9
ee0ee107
ffe7f6e1
0ec0e6ed
0ce8000d
e0f5feee
d0dbf21a
e32b362a
fc0624ee
0f0efe32
e90e15e3
22e1fa0a
07ff0ffe
0e0331ea
e7dbdd1c
d8ffd8dc
05cd11f4
0334faff
04fb0a06
33cbe8d6
c90be33a
00e32c1c
eafbe105
2725f403
ebdc2aea
0e0afbbf
020c13ee
f90c080e
15270549
dee7f0fb
feef1015
391ef9ed
10e7d8f9
060b0600
14fbed13
051cf605
e4e91df7
22d4daed
1f360802
deedfa07
0f02f604
2f050306
fafb00d2
8115bc0a
fa5ccfdb
31f6f3f1
e8dce70c
81810117
961581fe
7fdd7fcf
f6f92cee
fe2318e9
d1fddc17
c4cdd5f2
f5f5c61d
28ef51dc
0fd8d1fa
ecedeab3
0a00c616
fff91508
f521f5e6
d60de02c
d41b1c02
070d0407
12242b02
28fbe7fe
0dff0032
06d84226
f91be6ef
5dfb2701
0a271848
65067933
1fdff506
ff7f04ad
e0fbd9ed
14bdfa02
1811e1d8
0f17eafd
cef4dd1b
dfeb1a05
10ecc9f1
d4eed6ff
02f9d624
e6ea22e4
f1fadcec
e5e5d601
24371404
01f1b5fd
1e0ad10d
0e0d12d2
11fff40c
da23fc27
04c52918
e8f3dd71
3f06b7d8
ff1ccfe4
f54af3f6
0ef513f0
da000507
f7080726
fa080214
5112fae5
3a0df939
e00ccc04
0d0541f2
ee301540
fdee0522
d501fdee
0a0eed11
0421ffff
0d1e061c
2816e1ef
02e0e9ea
f5f6f8da
09e602fc
b3eaf8fb
46edea09
b9e20cf3
b9231cd4
081d01e5
38061a0d
ee200529
fff812ba
fa0bef2c
0608121c
0115def2
060c0414
d80b6ddd
181e0506
01ffd4e8
f0ecf406
d02bd10a
f2f508eb
03fa0dee
050ff1ef
2e0439d5
f7d21cf3
10db0119
fd10dd17
e3f124c2
16f40ffe
1617120a
f4dee526
3be7c1e8
0f13fcfa
03de1507
1f06e7ef
fb0b1b15
341f3208
ff2804df
2018ef0f
213b06e4
01e903fc
0f101513
1c0cef07
110ffde4
e2092421
08fe0f09
0404f50e
0d1412dd
20f519ff
09fffff5
0b2dcd0c
5407fe01
14fa03f9
e90817e3
0f00de0e
13032c05
042a0500
eb1b20f3
0afef61b
3805070c
23f60428
062508f9
0bf7fc1b
020f170f
08071b05
f209f00e
1209f80f
392502ce
180c110a
e2173630
f50fd7fd
da1802fa
01f84c02
1e0cf2e1
f7051b09
15ed280c
04fef615
16100ff5
f0cb2fef
09faeb0f
fe1b25fb
08f50d05
ee12de0c
20da2016
0df2e6da
4405e0e4
f7d72337
ea24e8e6
f4fbf802
13f41012
05120609
09f8e8f8
04fa0043
f4b706e7
30f60704
2603cefc
0d160f07
0fed1afa
f8f70dfd
44e1e0ea
25f84200
ed34ffff
dcdbe32b
f5f61adc
08f9dc0f
f4bdd1f8
f1fac30f
e11be703
01fada0f
00ebe326
d2ebf4f2
e7f5faf1
04ecf814
f20dd5e1
ffffeeec
2d3323d7
f51e9ffc
35e8190c
51e1d8cc
e1f02c03
07fcb405
eb3f0805
0303421e
171500e8
18ee14ec
fa0e0027
1912ef0e
f71307f8
e7432504
0ceb02f1
dd0803eb
fcf41ac5
fbf82323
3af9dffc
280a14f7
f511cff2
f8160df6
191020d9
09080b2a
1a34f5d5
00070ee2
fae215c6
3ef30be0
ee0bee18
0a0ae9ec
16f8031c
190d10fd
15dbe2e1
f7f9f2e8
1104ef1f
03e9fdec
19ebe8ea
14f6d8f3
f1f001f3
ee0efb3b
e0011623
0df52e27
f308fd06
df07fcf3
04ddfa12
f91b0812
12f40e1b
0ef1c632
10d5f400
04e31c04
2305d8e0
eae2f1fa
f90ee5f9
f50fe43a
ea101a0a
f8e9040e
450f0629
0c18ecc2
2010a5ff
082f14df
d3edf3ec
f8b6d3e9
202725ca
e803e949
f4e7e624
0df424fb
06f61af3
fb0d3b02
eee2e201
04ff1e0d
110f0515
14fc2413
d704080a
01fb1d18
2305e808
f7e8eafb
360cfa0d
06f616f8
01fb0818
fef619e3
fcfe1d2d
1cff0428
fa1cdaea
0212fffe
2bf6e223
0506e819
ed0a0405
10f91938
b8251def
f6f810ff
2a01e4ce
28d0050a
f1f61a18
0b1b0c09
e8faeefb
0610f2db
db041005
f8063512
0aebe544
fb0b0311
1b13f935
f800291e
042809fc
ecfed4f4
0fd6e6f6
0511e6f4
fcfc0e0b
081efc11
212df208
081a04df
0a150301
f91700f4
fd0cf7fe
0ef50411
0e0f08f5
f9f1fafd
04ed0af8
0109fd04
f4f907f2
0205050a
4523ef0a
06fcf814
34212add
07e803f5
f9f217e4
ff0ece0c
ebe9233f
05f8d910
f650de0a
060df0fb
d5ff1eea
1209dbff
37f3f1d7
fc230de0
f9ff1d4c
0f0612e5
ffb911e9
f1d32a15
f60e17ea
d122f6fe
c5291718
0e0cbdf6
0efd1419
120cebe6
e5101ff5
ffedee30
021feeff
1b04ac0f
2efff202
0ac212f0
de2127c8
02f9c61c
cfd5033c
14f9402a
19f5f84c
12ca24fb
3ef7cd09
ffcef617
f4d31d46
22edeed2
befd1933
f7eb230c
e1fecc2b
170f1efa
f4f3f4ea
f7e02000
e7f611e8
ee11e303
c0c32bf2
d9fce439
ecd119fb
eef1cd05
28f03f27
f3df01e5
1305ee0c
fa26dee8
00dce8c3
f927f90d
faf833ba
e1112e04
1e1f38f2
fdc2383e
1404fef8
03080d05
f4010605
f814cdf8
dffdfce7
0f37230d
f12d2bdd
ee0207db
09220ce6
f81e00cb
2702b42e
0ee6230c
c605c809
c906dbdb
b7e009fa
09f0c2e0
daedf7ed
1bf1fb0c
0fe4ecfb
e809fcf2
f5ec323c
fdf7d70d
e10be220
0df2f50b
fc150c2e
0701310c
d7b7347f
ba10f9fd
62dae7a1
fa977f2f
252ec834
ec07fcb2
1ae110e9
f403144e
e218010a
0c131d00
e7f2e3ec
d9d7030f
19eb31ec
0e27d814
05eddb12
09f9faff
b62023eb
f1de0907
14f524e4
66d8e51a
ef1f45af
f3e318c9
f8090ed9
0d19d832
e201400d
1be0351b
19141816
1d072bd7
33f53508
fbe814da
14f02605
03fe2805
14dc1f2c
09f50234
ed02e5fd
ff190621
e419dbfa
00d7130c
13f10021
f5ea16b6
e121c61d
1319e905
0b151af3
eb45dcdf
07152af2
00e6e501
18e1e929
c3f8ddf1
3fd2c5b8
1004f6db
0b0a15b8
f931fd38
f8edb30c
fdeaf433
13e90de1
fbf91ae4
4dfb1aec
1a04f425
541ef8f1
b609d7f5
1928c065
f7fd01fd
f4ec16f0
f81d10e2
002ef621
094bef2a
fe002809
27370009
ea36fee8
d617f501
2108e30c
f11433f2
0fe7e2ce
f715cb12
190cebc6
f3c6f9e4
27e348c7
ff290129
0ceac600
fdedd4ea
4afb26c7
16f3e93b
25f5c8da
1d00e835
0403bbcf
05bbe3ed
08cf1814
2810c513
fa0909fc
f7352015
d52c1d01
18ff10f1
110be110
071224fc
13fded26
0005ebd4
09e60b31
26ed3d06
fef60b19
d3ee1606
c5de1b00
0efdd7f7
f81310e9
08f910e7
23eaf6f7
e3072b05
14e431dc
181f0c0f
e1e0ebd7
f40ddfef
14f7f203
fe13030e
f333ed2d
dee7dda6
42ffda1a
d0e07512
2c440a01
f43df912
0de1f2e5
050e2add
eb0406fe
0ef1b4c2
0415f9fd
03fd0401
d8e701fa
1b086905
01f805fb
fbd90afd
dc1f2afa
1423dce8
05f0f53d
40c50901
261919f1
0f39e116
27d7bf33
04fb3ff1
e7d5256b
3972afe5
975767fe
055d20f0
9a50d20b
dd1fd9f8
fcc8ba6d
bed516c9
c8c73de3
2ef2cdea
96001e05
f9cbe906
d80ccdce
f8f5bfe5
0426c5d9
fc07f4a0
44819de3
f2de1d1d
0cedff47
ff17d8d8
45f2cbfb
fd21df10
39165e63
f31d39bd
dff210fe
2801f401
eb35f9f6
db0bddfb
fc1506f2
ff0de702
26061519
0effe7ef
c343d20b
1cfb1205
f818f7dc
a4e00ff4
140cc90c
0f15090c
00d9f714
f00e3618
08d5d2eb
fbe9dfd5
08eebef6
21211101
12f6fb2c
000806fb
000819e0
f20df705
11f41bd0
0f012204
e22ae7f7
110e0bf8
1306f4f8
08c3e80b
07060a3e
03fe2800
fdde0706
0f1e1403
cc2cfff2
3b1af116
e9e5f902
cef25ed5
1824f53d
ff21c932
42a5b1df
17f3b7ce
03c6403c
a6f6cb07
210e0633
fff500fe
f3390229
f71302e4
08dae4eb
ebedfdd7
ed0bd3fe
180f2c08
122def0f
e4e814fd
d9ea0e06
f50e0cf4
26fcf211
1bfd3122
b809180d
fffb18f0
ec2a531d
06fef3d8
09060209
15fb25f0
1ed12220
fa19e4f8
21020101
00e618f8
d707d8cb
f90e2b06
011f1442
1118ebee
dfdf15f0
fe02f607
16df2218
0d27e9fe
040ad90e
171104fe
09ff0014
e7fefa16
450ec4f3
111f06cd
08132f07
f0d7ef06
19fc4a14
1beb1417
f71ffeee
0ae7150b
f5fb0f22
edecf8dc
28f7f3f2
39d7fcf8
08fa030d
0ce9200a
df18160f
150e2406
4d03351a
ee81c9fc
cbfc480e
07012e0b
1abdce31
09f3c508
a4afc605
065031d7
c8e71ce5
fcdffffb
de090a51
272b202c
120a28ee
fb042806
f6081923
0e13ebfd
1e071504
02fcf3d6
e20a0308
10f0c303
fffb13dd
f108efec
3bf607fa
ecfd1f24
3c55efb7
64d0537f
fc7fba70
ccb4e6e9
2c4f092f
13ce352e
37b222df
2ad14ae3
32c1e019
01210a0b
d60b09ea
003017ed
fcf2e838
13fe04ea
0117f0f5
07dbfcfe
4529ff06
0009e30b
f2f7fdcd
d42e081f
ed0de9cb
0200ffe2
0e172302
1d0015ea
e931dfc7
f9264918
03ed30d6
ed080431
eb170ddf
ee09c8ec
03fd0b21
230fe423
ea12fbf4
00dffefb
f4f0102f
160704f1
edfdfff7
191aecf6
02fcf6ef
1a000511
3a16fb22
fa240fec
faf60f19
ef4604ee
18f3f807
fbf71617
18140e1f
1af8032b
bde61c08
3e1a0b02
f12f160a
0224f320
011bfeee
26baf1c4
0de60616
1df4ed0d
f849f3f3
e100e90b
f3f1e5fc
13c903e6
de12c130
0415ebf6
16eef420
0c0e0a11
0cf7bddf
fdf5e2fe
35f91906
fc23fef4
f70cd6e1
14d425fe
1d12f7d2
f6f8de01
db46e9f8
f6051b30
0fc445d0
4ac619e6
f8c2fb1b
0b062efb
1703fa13
e7f015ef
c43fd300
e12b0ad1
07e71630
35f8ee14
e51af2fc
1ff003f9
210ffc40
e4fe1cf7
d3fff7f0
00011610
440129d0
d82bd9d0
e9e911f5
02fe0e09
e1f8f60d
fb1af7c5
70241dd7
02fcff25
c31af0d6
7104eeca
daecb71a
d6230ee7
e13a2fbd
f008fd02
2ef0e3ed
10f30b06
cd112103
05f40eeb
f7ed2914
0e1afc1e
ff0e2033
08fad6da
1ac52809
15f40e34
14f20618
1aee02ff
08270e25
050dfe0a
0bf9fd1a
d5f001fe
3ad4492b
0413e40d
1ffe2335
f5f0f409
ab223ee3
e2ee0f10
e7eed812
0a1ee933
1eed33c6
fc1810ff
9efea481
eb3b2601
faf3fad3
fa810f0e
00e303f7
eb053a4c
29cafa0d
d2ffd80b
ddfef216
dc2003f2
fde8e728
f80549f7
d7e91119
dffe06ec
f421f907
05e016f0
d71ae9e3
2a2d14f8
e901e5f3
fc28bd02
e4e1041e
07f3d128
0dd619f0
0e10fa13
d3ea101b
f218edf9
38fee6f8
faf6f1f1
2cfafaef
00040805
1dfae3f0
1406d448
07e70b00
f9f21402
0fd4280c
12fa0af8
f301ebfa
08edd900
c9d2070f
0c0e0f01
33fd474c
f1f60bea
ccf3cac8
00c613f6
071fddf6
fb0f2edf
010ad3f8
0cfdf004
0df9f006
0205fc05
efc9f40a
0005da08
f700e539
02f61de5
e35ecb41
d8bcb4c4
11db97ec
2a13ede6
e5daf008
054ae1bd
9dcbf5c8
14112269
db0a122c
f6e806e8
e6fd13fd
d32b16fa
15fb0e04
ee03f707
f1f907e3
2007f2f6
3704f6ff
131c000c
f610fffb
2cdbe2f7
1a4beee8
e1000a24
0ce1f2f7
e70adedf
dd02f710
0bf5efc7
090aedff
f5dc1cfe
2dff07ff
fe16f411
07ccfce7
e0070a11
d41f14fa
0e03e418
ede9119d
70fce1ec
271d00f6
17edcbc2
f55e11f8
0c16ea00
151511fe
07def6c9
0beff214
19f5ec03
df20ff23
0704e6f6
14002820
f7f2ece5
1326ec0f
fdfd02e1
fcfd21ed
08f503fc
ebef1bf9
f831fcf1
f31600e6
f7fefaf6
d1e91500
25f6e4ee
2d10ed03
26e70ce0
1db5fef0
0e021a20
fad6dcc5
e50c0c02
02bf11fc
11f209dd
341cf103
0ff013d5
efe94200
f6edeaf5
eb0e001f
fb0129e7
f817141f
fbedf314
05f9e327
2a02d6fa
0515e00b
082eeff9
dd21eed2
220cf50c
db0b0d02
00fcdc36
09060009
07151710
32f1121f
150dcefe
0be705d5
03ec3704
2caf0f05
e8f80321
bc000546
1017352a
fa03c0e3
1823ec06
e0d50cd7
d8efcdcd
181ae2ef
02dc030c
220008da
faeff401
fef6d705
01e3efd4
f4f4e9e3
0ce9fdfd
0ae315e1
f11714dc
26fe0d16
d008fee4
e0de12eb
0226f907
3bf51610
0400f3e2
c7e0c913
06c91207
08f00cd1
d730e61c
d7fd2723
0ee8f9f6
f3e0f71f
d50650f8
fecbe60e
1df11cf5
ec22000f
deee0910
15271707
ec01e2e3
0e120aef
f318ed18
dc2da2d9
81ea05d4
dfbcaaf3
9ce12ac3
1ed35138
1c18041f
e84aebcf
1ef32f25
44c5fde5
dcf98ba9
7fe3c813
e9fc4546
04e8e3e6
edd045d8
bee3fec9
36f620ff
2ef9e010
e8fc022e
ebf30bef
4adfe116
f7f4b3e1
f0e60717
e9ff1e37
fd0a8b33
022513d5
fd1c21f6
192aef33
08cbe022
28f42bf8
f2f01ad7
03c9e920
f3ffc9eb
f0f22ffd
fb17e0a2
123609f7
cfbf3633
1a05547f
edb8e749
ca210000
23f1014d
0807fcfd
f7f9f128
22fe1b13
e4fdeff1
d90600f0
fbfa010d
fbf5ece4
fff1141e
5044e319
e213f327
c1e61021
f6081e0a
e303ec03
faf92ee7
dbe5f3c0
edef4ef4
ca0aaa01
faf7d825
650723e2
0e09d215
22d1e3fa
08b821ed
fbf3cfe0
fd0d1fff
ebda1128
e4e6e6a4
d7c707fa
06391a11
efb005fb
fbfb29e8
e9eaff3a
fdfde9b6
2bc2e1f7
22fc34fc
0c1e0ddd
ee1a2137
c2002408
05d4e908
0520f909
eaf72def
4e3dde18
08fffa14
040be218
e7e30517
1d260107
ecf5e909
cf14dad0
f303fa14
b12a281a
020314ed
2c1c26e6
0e0427f8
08fec018
f7e82de1
1e0eeed6
e5fcfd1f
de1bafdf
f5070d30
0d0fe2ef
2a28f8eb
59ec45f8
051fd33b
06f303e7
ff0f41e5
47ebf60a
011e15da
d7f5fd2a
eafcfaf0
481a100e
f6eb2718
0fe0372c
f2e708f3
ca04f1e7
fce9f705
22ee02d9
ee00fffd
eefce91b
071601ed
0402e311
2107f417
e7f6ee10
3510e6e7
eb27dbf7
e20ff40c
ed241af1
e200c7ee
bef9e10e
1c17e3ff
fd2d8cec
c1dde5ec
0ec2d300
b9812381
18bdd811
24343b0b
e11bb581
140e6332
25f27334
1725da1a
e70e0265
0816f516
ed302ff1
f3c22213
fbf9e9a0
282237d6
f52df621
f72213d3
f3ebc4ec
1f04f896
f30acaf9
fe3a2624
f407f049
09fc25ea
ce1908e6
0118f9f9
f303e515
b51becdf
fcfefef7
ea080ff2
ee34ec14
f712e91f
07d20a02
0bf3d7fc
fe07e833
c1fc0c15
eb0201dc
fb0001ec
07f3efe8
ed1324ff
f70eecfb
09ff11fb
e2f613c4
3208de0b
0b09f0f9
1b0ae1e8
03eafbe6
fddcd114
20331ef5
fc000824
28f70312
e1f6362d
f419d801
e918ff06
13eefeec
0625f9f1
0faae742
0411efdc
21fff3ce
00202311
1b24e702
05f43722
231d1615
f9043f0c
232b4ee0
f8fdeef6
f2f3ebfb
55cac73d
ddd4e615
fce031cc
13f0021d
130e11d0
04e11d23
0d02c001
bc071619
fce909fc
1325bf42
ff371a07
d2d9e616
e0fc28f9
e6fa1beb
eedee7d7
fde41e35
b6fbecfa
ebfc25d5
edce0efe
f61739f8
1715011f
0e190ed4
fc270103
e9d2e6f5
d30c1dfe
06f20105
0d0cf4f9
e32200f7
f8f42d0e
b5d6d5eb
fbf8e9fa
d0f91315
24fbfc18
f5c6e1ec
121afafe
db19ff0d
e7e3ebe9
dddc3b14
ea12dfb7
f9cee40e
061404e9
f4cc0c0e
e8bff635
f526fa18
fb12dc01
00e6ff0b
d81462bd
0457f502
180e0e0b
0b12bbf7
ed111b04
0e01151c
e121e7d8
fffc4d0c
3be3000b
e920f5f1
df04e0fe
990d250a
e7dadde8
eb18ec44
1e140bff
ad02070e
fbe2d939
e7ed3708
f7f21f0c
f060f126
a300da04
9dd00deb
098126dd
f3cffef5
0f042a09
ec1c1b08
16f7e423
e1f1fedf
04faddde
0ee1f633
f5f7d202
de10e7dc
f8fd11e1
e7f8e82c
3708e7dd
fc190f02
0b142907
f71107dc
f10d2efd
061beb23
fcf806fa
eefaf707
032fbefa
20f20dd9
f607ebfd
deebeb13
0c0d090b
b7fefcf3
1801fdf9
f90216dc
e81609fb
64f42709
fcd4f718
000df81e
f907fe1f
0c09141b
0008fd26
e8df02f7
0af51af6
f9eddf47
13ca20eb
e80b0908
17f3e511
132110aa
f0d5020b
21ffdc0d
dd039fe9
cb0712d4
03eb14dd
c1cb0cb3
18fb0011
0116e2db
f2e9232d
f2f6d2ed
c0d6cb0f
cdf70e19
0a381fd2
02d7f3d2
ebff1147
02f0091a
0d2117ea
f70df6ce
c3f1d00f
e8db10d1
0512f9fa
cf1cd114
04f62ef1
fe18f1e8
f2fdff08
29f7f3cf
1a02da00
feee3a0f
fb1724ef
f0f1f8dc
20111cf6
123a40fa
0b011ce5
090dfe07
da26fafb
e0f6dbff
f8d4d802
13fa1cf0
0aff1ef3
18201512
e6100224
03b208ed
0110070d
defa1af0
0ce6cc08
3006e005
09fee30a
0a03d20a
f712eb13
ade1df35
fa06d9fe
1fee10f7
13eb00f2
f41df8f6
12f4f927
cae9b800
e5e31ef2
082ebcfa
f1eb1510
130b0e0d
faf9f0dd
1916f539
0eff3fd4
df20ff1e
09f9f439
570614fd
da1cfbfd
48178119
0428e810
ea281218
0ffedf0d
62d20a1b
2308f113
2009180d
e815e5f4
062733f1
ef05f70e
fee719bb
23f93a13
00f24600
0806f205
04fafed8
f21af004
f62ff2e7
0701050b
09fe0401
0bfc12f2
102ffdd7
03f51c12
240c14fe
0e1cf9f0
08f60ef9
0ff21702
2afc1de4
1eec051e
09d62221
111c291b
eb0e9d09
0ded1af2
ef07fcf8
0bdd0f20
03050c03
02071dd8
d8e6c9d5
fff7ce09
00dee42a
fc210e11
d91208f9
06e318ff
ec0ad701
1c0dfd17
eee7daa6
f30c2a15
f93700b0
28f5fc0e
ededbd0b
b8eb01d1
e704dbea
e834fd24
21c90412
f90c1645
0419d4ee
d9d4e804
fef42f02
0cfdfc09
2b17c4ee
2cfa2e15
0a00f30b
efefcae2
01fc0dd6
183ed700
27dd27fd
e7e72ced
38e6fb16
eabf3947
f3d6d5ba
f8f1eeeb
1a290cf7
1b11d90c
fb22d7ff
e21ffee0
0b05fc1f
d81023e0
f9f1f3e9
00110406
08060f10
f2201202
e331cb0a
1010dff3
d80f0fdc
f533f8d3
1bf20a07
03fafceb
c8d503f3
0b090026
0c1ff7f7
0d106202
13c201f8
291ff002
0b061612
fd1604cf
0cde130a
4525dfea
ea06f01a
d9f5f4f7
1324d12d
18c2fff4
f301f7e0
1fe52402
0b2c01f0
dd9d0f05
1c1233db
5a00e0fa
17011a11
f2edf771
f9fcf5fe
fc19f40f
f8112314
fce2ff0c
c80a0be5
dc06fb23
fb05b6d9
07fffffd
2f2fda3d
0223fcf8
d00d1414
2e130317
33e816ea
21f3fd11
e4f201f1
d910f8cb
e436fbfb
00f1f8fe
20e60511
191511ea
f0fe161a
dad3ffda
f9f720f5
ebe321c5
d240eacf
06170a0d
fdf105d5
fd052efc
f5d3c22e
2401edd9
b307b4cd
30240020
d41d07fb
08c0120b
f60c16f4
e9fcfcea
d318fa29
0e0007ee
17d8f91c
fd3d0aea
241c0535
1f120efd
ec38ea00
20f1e8e8
f8d905da
e11707f2
f7fce2d5
ebdd061e
02fd0b16
ff0ae7fa
0ff50907
cff90604
ee0b0cf4
e425e31e
050f06e3
df20120c
f2112108
f7072835
ec2746c2
01290ff3
212ed115
36fff8f1
f21000e8
ec25f100
eb03030c
f1f229e4
28201907
14fcfdf0
0cd915d9
28f1c311
42053813
c0cf02ec
02cdf512
e0f9f51b
ebf9edde
e1ade313
c10ac6ed
3cca2c28
28f1210e
2349d9cc
f9c110ec
f203ff0a
d422fdd9
1a1a0a00
f9e1be1b
c3dc03b6
22111213
f9f20f36
10e4fed2
1f10081e
e01ac814
eff7f72b
09e30ee9
dbfb171b
2601eafd
113f5b01
23fa0be9
01d9263c
ee0603e4
d235ee0f
26f9e819
ca0c04f7
001b03f2
22d6daf2
003ef611
f4f82b0c
15fb0f22
273beb05
1c07ebcf
191d0720
0e06f913
0d11140d
04cbe711
fa301229
fcf414ec
26e6f0fd
0ef8042d
06e406e6
280c1ad6
15e0cd1b
03f115fa
fbe81913
01ece6d6
f3140804
ea37ffdf
0de61cf4
16e3ce1f
18db2eda
02d6111e
fc3be023
17e4e7df
d311f4fa
11e41624
e501f117
00f23724
03ff122e
ff081c06
f7d208ea
f1c50853
e9fbf8fd
0ae0092f
06f9f610
f1172bff
131eeb20
16290e17
01fff7e7
e60adbfc
02d8ebfd
f5081009
27f507f9
0910170d
1653e0fe
f3ebfaf1
ef4f3546
0fdb2cd4
06f707e2
fa2f1305
1cf7e3f1
fd05f4ce
f7edfbe0
2dda01f6
eafafcf5
e73d15f2
3007ff09
160fe300
f9f702cc
0a0350fe
17c836db
dfef080f
e527b414
eadd272e
de1a06ec
fb1110db
f60cf30f
e81629fb
02c11119
d91310d9
0dfadb0d
0cfc01f9
0113ec13
f8ff0209
ea0ceff9
f70c0ef4
0bfbfdf3
f91213ef
07d9fa06
0df101f6
e7fdf502
00040116
fa0af0ea
f7ff1a02
0508190e
17d3f01f
f6eb0bff
10fd41e1
e8fff7e8
5236231d
110d1cee
e9e7f803
02eec002
e7f013e0
fef1040c
04fcff0b
fd14fcf4
f410120b
e2feebfc
0013f9f3
fa0d042f
011326f2
1f1e1a17
03eaeb2e
efe8eeed
f3f01e0c
23dde6cb
ee0addca
fe1428fe
020ae6ff
01fb0fdf
f209f501
0bf0f704
08231422
0f06fa1d
111a15f4
20e1b82b
2006d50e
0edd1705
e71ef705
fbe8eb03
1820151e
ef2006ed
000cffb8
10d3f906
21bc04f4
f5fff117
f8f3ed0a
b120e607
f503e2f7
cbfa0d07
fb201ff4
1af922f8
f6d2080e
05df27ef
19e0140c
f7e8ff02
06f934f3
2810ec10
f6f62ad5
f430fffb
3fcc4c06
4a34c07f
7f18c937
810befd0
bf3018d5
90ce32f0
35fd3521
baef7f91
24e82320
1ed61011
fa06030a
c843f810
cce81df7
dd1424ee
10161617
14eae9b9
0dfb0f1b
07da14fa
e8e2191c
d9e00b0b
05d9fde8
100906e5
f6fa0905
ebe2ed39
ffe31a07
0be804f9
f712f2e4
00250af4
fb0009fa
5deefeea
002af6fe
1b15da25
f209f2e0
e6d3f7ee
f9fd05e1
0d1805ea
fdc3bbe4
f6f3ece2
e7d9d9da
ee1ef810
190e37f5
ecc90505
fa0518ee
eb261816
0aee313a
080528f9
0ffcfd1b
00122f17
13050515
f32c0ef6
ee0b11df
1e0b0bf1
0af301f5
152defde
f507edf5
1ae90e24
f121feec
f8ed21ed
fce1ed15
04e6fe0b
effdfad8
1bf9130e
d9fcf5ff
04d1ee1a
dd43afe2
de0e26f6
e94b050e
170a0a15
d123ebaa
10f7edea
08d3e4e6
f72a1617
0d0205fa
1539d5f0
0fcb18f5
fe1beaef
2dc916f0
0304f60c
f01908f0
1b041af6
06cdedf8
f41bf408
fa1415f3
11131515
08d4e9e4
d3f7f9f0
f30bfa17
ebef0231
f5e21bf7
07e8f7fc
17080dfc
ed08231d
07d1f3e4
edcce0e3
050fea0b
df020613
f1fe041b
f6c2d526
0c44bf66
e703e6f6
c4f4e4e6
c7f7eadd
f7e41026
eb39ff0d
ef07e3d1
00eec702
0bd5eb2d
1dee060f
0711e715
14e8ecfb
f8f3d436
dd93e3df
f3e0e3ff
f312ecf9
19070bef
26150201
1920ae09
120af4ff
dc08d6f0
0b41f9ef
fc1ce12f
fdd11e19
18f42508
e3e408e7
03061edb
1b1dedd2
0730ff19
1d151d58
f104ec07
ef2914e4
f0c7200d
2dfc0711
f13afbfe
ee0403ec
ff140b0c
e32ffb30
ebf807db
10fcf712
0304fc10
2f150b12
ec0bfd0d
ed0906f9
02f30ce0
0ae4c5fb
0c3b020b
e9edf30e
db02082a
e9e7090b
17e817d4
011ffc1d
0cf523e7
ff050441
092dfe12
0e33dcfe
0fcfd421
0531fe1d
001d0d14
0a0c04f5
10e2efde
05d81ed9
0819f90b
f4e6e912
06320518
d612ec07
050013df
d40a1c11
01120117
ece4f3bc
01fff2f9
fafc47b3
240b1601
2d1d000e
460cf6e6
69e818e0
f1ffe811
fef60bb8
0d1006e5
f63d0d26
f3eff0c4
2d16ea1e
0f0e05ff
e0161c22
ffcddccf
28fceb17
f045f3ec
ef444930
f3050ed8
33142303
15d7f3fe
ce2010cf
fee4ea21
fefded02
fac809ec
f3ebb1f2
fd2006d7
39c20ee4
df12ff11
b903ffdf
050908e8
f5ad2f0a
0d12eef5
efcdc8fe
f6dbe4f5
fa0ef0f3
e31d0b20
f407f6ea
09ff0812
0ad4cde7
f1d30f1a
36cff9e8
dc0bbf5c
900eda1b
ec514496
2d1ac042
0ff9d642
06a84949
02fe1aec
ead40303
001bf2de
2debfee0
e80822fc
180af300
01010915
0808f3ed
040b04de
f1e2de0a
09f5ee24
09be07f2
01110c1f
0fdefdfe
fb07eafd
05f02cfa
e517fcf7
f5f9e5f4
1a2d131f
0dbaee07
1bdbbedd
e408dff1
f30ec911
050b1ee0
ec22ebe2
0e213d01
f0f420f7
0c0520eb
32e9e712
9cf4f102
32f0e6db
0c232227
2bf7f902
1a6133d8
f1ef02e7
06d9cd19
f416e126
36f95106
f6cd5f24
1ef2bbe1
fd072fd7
fde148d5
0b1b23f0
f40010ff
f30f010b
ccf5e602
20ede019
ebeac908
e024f107
f500f30a
e3200621
dbff14fb
11fb0a44
f109f80b
0415feec
0c2b0a1f
02f409f4
1013f4d7
141b07fa
05dd0c06
2ce0f80c
16f8eb2e
1d00e731
e2df03f2
0de7eff4
ebe9ec30
0229ed0e
2c1d0ffc
defe2009
32e4efe5
3f1a1e08
da17cc24
fb1cebf8
03f1f81d
03fa021a
a3e6f400
d8f602f5
fdeafd05
10f5d819
1ceed737
faf315c2
f4f2ce23
10f7f0f2
eee0faec
d007e609
e2e71ac1
0e02ec0c
fad50ef9
dc0800fe
fef405ff
0006f9fe
00fcf2fb
fffb0404
05fe5507
f3370205
adff07ea
ec4311c8
ec00fc14
21ff1221
ec15fff4
25fff91f
180a1bef
efbeda22
1a2ef5cf
fe023016
ff2f09ef
07e9030f
0dc2e208
e391f803
da1af1f9
050616f9
e5d6e4e1
0fe5df0f
ff35ce01
02ebe708
0223e702
12032627
f20af222
360901de
0e2b23c8
04f7c908
f61b1d1f
e6cff3fa
0fb8ee02
1d1ed108
e4eff634
fa01e7ea
28f3dde5
ec35ca0c
03a9e6fb
b60fe8de
0fe5ea18
fe67031d
0000f5e9
2abae1cf
240ffd3f
fecc2e02
00f3fc0a
1eb419c7
4a1ba8f4
0fcec6c1
35d1e75a
21f02d35
eb07cc98
ea39cd2a
fcac4413
05e6f525
fe2fece6
ff21fd1a
2c1bff35
eb080203
2e96fdfb
05fc02d3
ff01fe06
fe0002ff
0401fa03
04fe0404
031c00fd
fd0c03ff
f702030d
04bb7ff9
11e8ea20
f2f4f5eb
cd52dc1f
22f7c12f
24fdfb15
040c38e5
e0ff18d6
000cd0e9
062913a2
e7b112dd
25ba18f2
35ebf00e
200c02f2
d824b8f5
1bb0dd90
1628f333
1e5b41b8
0c0b2bed
0217f919
01da050d
de080cf4
f6f53d18
f1e6061d
f210b7c2
e2c14c1d
083ad07f
11cc13f7
1beaeb0a
81381fff
cd268115
134645d2
0bd50919
1b16e1ea
d88112c3
0b0e060d
13ce1ef5
302612f7
f8102100
fd03d8e1
f0d7e929
f711d414
0cf7170c
1ee0fdf5
06f6df06
dde4001e
f30227b2
fcd32cfd
fa08f00a
0b1b0ff0
fcfb2ae4
df00f6eb
eb0b1b0e
ff05f911
f6d4e100
022a03dd
fae90917
10e5300b
0dfac2f5
eef80a07
eefdd211
2b1e0d10
09dbf509
f9f1e808
ef2606f4
0626e2e0
faf217b7
1cf00af6
26d99d3a
d3c4ff21
1cfdb53f
ce3224e6
0bf7daf0
fef2fb2c
fcfce1bb
07012e04
f8d3c113
28dfe51a
31fe33ea
1cfaf5be
15fbfef0
ff2217f5
0cfd10f2
5d0317fe
2ad5581a
f4ccfbe7
0009fc1b
e20368e9
f2e60f0c
0b30d4f4
eaddff48
0f40f0fa
1637f6f7
ab11e716
d811122f
0605054d
0c12d2ff
f202e9df
05fda611
f4bef90d
36e813f8
c9f6fa13
0e0ef4fc
fee90dec
0b25181b
0ccd0327
e90228f8
fa1401f7
d9eeec1a
f3df1229
fae70c22
f7e6e039
03eef9f9
1ef811ce
03200c05
0bd41eef
0ff6f60a
1008e9d4
02f00931
ef1e00de
0301d7fc
f8fcd019
fbe5d1d7
19410ddb
0bffdfee
190302f2
f900180d
04fafc20
043b0914
faf91c25
180d03e4
fc0ceef9
f20df01a
2eddee27
fef2ba14
e5fef511
07fb01e7
04fffa02
fbfafb02
fc03ff04
01fc0000
ff120002
fe08ff02
fafe0109
f7ea1ae1
0329f8fd
e01846ed
a91ff7ff
00e7f3bd
de160ce4
c7050fd7
0c0b1b0c
ebf5eacb
0905e0ed
d711f11a
eff3ea0a
edd8bdc0
fcd20c3c
1c0917f7
cee1f635
df11392f
f1f025df
0e0bdc16
e3f001ef
1e1b1ed8
2801cc06
00f5dafc
fd2030e3
f2f000d5
f023e8de
f2c9ed03
d715f214
0d19461f
13e0f1d6
0401dcfe
0ae5360e
0a06e6d7
e3d00bf5
c338e3a1
a5e21817
05f81bcd
f717ffec
f3fbedc2
15eada1c
163913ff
f1e2c502
162915e6
01ccf8f1
df12bcd8
ee170632
0433dcfe
cbd7c103
06060e04
04f33ab2
f4070f25
20f3210c
12e20e28
ae290ae0
ec1390f1
f8dee4ce
0de317a9
11fe1a1e
0e210d36
10d720e9
fcdfc2dd
2081890e
c57ffaff
880ae80b
db18f804
1534e5ea
03edc70d
d210040e
f61cffd1
480ced13
fd16f21c
04cad92e
1c00de16
f616e218
01231f3e
ebda0202
efdc2afa
4119f9d5
f4f10ff6
112c0620
a2f0ec27
0a010afb
1810f0cf
16f91c3f
fedc7f00
fd07fa15
ff081004
27fb0111
f5eed00c
311dff07
dc020eec
fe120eeb
f7f1f518
2cf7ee4a
2c07290a
061ded01
ecfa0ae4
0430e5de
fae91709
f60e21ea
12d4c9df
2deb0021
321dd319
232d0af7
09ff0ffb
111445f8
09081d09
0b061ef3
14ff1f28
03010b22
f2f92f36
f905e81b
0c00fae9
011cec16
eaf4f411
1aea06d7
21ee0e22
f8e4f209
e7f81805
071202da
de0bf3d8
fd261edf
10f514ea
cd1a06ff
eeee20f7
1f110e1b
0bf01ceb
fe0fe0e7
f47f4be1
30fe1858
681dd338
9d2be3d9
81aee1b5
89f27fd3
32a72881
14e00898
00fd340f
0422a9e2
efe1fa10
0bf9ec08
01d81cd7
0802fb1a
f811e607
fc1fd402
0aed0601
0b1409f2
f2ece507
dde9030a
2f25fcf4
e80b1a04
e90917f3
f12724d4
0e0e1a10
05e2fd0f
f64df607
ec2e0807
f2ec11f7
1eeafd01
2401fee9
08fbd70c
f530e11f
30010516
f90df4de
f914fbf2
1c1115f4
2df4fb1d
07f4d2da
1514d1e9
ef58cfa7
0bdf020f
0cffffc8
245035eb
1f00053c
e71c27ea
14bacdea
f1b1ca35
dcb30007
f8fb0702
fc03270b
ab1fe81b
1052e5ff
cb0df3ef
f10dfbee
2ad90a1c
011cfdf3
09290e13
e705e121
d3e10508
16f407fa
df0c0336
cbf752fe
0ef4eff6
0b2d0f05
0b150601
e8081600
21fbfef5
122215ff
c0100c14
f50519f4
090d080b
1728f231
0a3842f6
f81eed17
38d9ecf6
f3f519f6
24f3ecea
1428ed4b
091ff6f3
11de1329
03c64d0f
f4fd0af6
1fa6d904
2618ce00
11ef09d6
011542f7
0321fefa
0203ffea
08121be1
131808fc
fee91330
22e31d3c
ebf401e5
10fcd9fd
1513ee24
fccb0020
03e91213
e7eaf409
f8eb0709
12071abd
0a0bee19
061d25db
0cff141b
06191b05
1f180401
eef9cd13
e0f61910
18405230
dcf418ed
301c15f0
181ec7d6
ef08c904
f10bf708
fd09ece2
cdf1070a
23defde5
0a0d070d
02ee18fc
02ed193a
11f40810
1be31210
f8180810
c00f0601
0325041a
0d07ffdf
f9143408
031023f8
d5eed3d9
0a0fd710
f904fdfd
d525fa09
f5330211
10141dea
f4d6e3df
27cfaf2c
132a09c6
06f21f19
f60400eb
0c1efbfa
17d301eb
e2fc131b
f7efd51b
042425ce
190720e8
100213d6
f5f103eb
ece0fef8
e70a13fd
edfcf802
f5e820fa
25f115f4
f4dfe814
123fdef1
0b1b0514
eaf5f319
14090ff1
22fefc17
f600b500
f9fcf403
fc12dfee
fa0c110a
12082222
041ffbfa
1cc6f3db
eceef223
07f42c03
f12608e4
e60e4514
424262e0
15ba7fa7
07502a01
0aaafa2f
e538d7e9
ba50f5e5
06ab1909
01f1f704
03faf910
f412f923
350bf522
e9d937e0
f1e3f6cc
1c1b3a24
ff188915
0306e818
020615c0
09eb22e4
152ad80f
0b05e310
300b0ff3
fcfa220f
ff07e921
021e0d03
080100ef
040306e4
19fee0de
f2deefe9
0b0dec15
de341a2d
0d0af5e8
1e010609
fd0a090e
0c02f4ee
e6e4fa1d
be12f9fd
4303f91a
05e9f137
f60915e3
0f0c091c
0de0ff0f
d3e7f0e4
2cfc1420
e61003f3
16231921
ecfff307
d71cf319
11dbfa04
faf4dbff
f9090005
de1c0011
05e229f2
0c1503d4
09f0db00
0ef653ef
08dffff4
fb1110f2
ed22f3d5
110a011e
f6f218ff
cf31101a
05e52405
03f8ebe4
f005f3fb
001a1b1b
f6161b09
e51fe902
e436f618
f7fee200
f9f2c5fe
121de323
d6d1f025
0a270dfe
19e90414
f5e10d01
ed07def4
eb1ff3ba
f000d439
16dac902
07d3f0e8
1dda1331
f9d9faf9
04d2f6f4
08f1d9ff
e20f0a0a
f1e3ecf6
2815f615
fd1732f3
0ca0dd21
14e4fbfb
02050a25
150620e1
28dfeee8
e914f5da
df1622e5
f5f3eadc
17efb2f8
e3f024d4
fe011821
0ff2cdf1
40cd002f
2719d00f
20f05e20
dc1308ec
07de2537
fbd8000f
f0ff1600
0efdd701
13d5e902
070ceb0e
000eef1d
fc1cebfa
19e7eece
f7e30302
230b10f9
09d5040a
fc0cf706
e9f50c1f
fecf16f3
eafe07e6
fc1d2005
e503dbd7
e7f90300
0a250b1d
100e070a
fcdc3fcd
0002dd18
070fef04
2624e0c8
1b273037
0de6ff1e
e2d120f7
c708002d
0be8dbf7
d8c416b2
fce8f80c
fb14fea6
fc0f07f6
e409e601
d9fb10e8
fc12e31e
ef0802fb
1642dee0
fd070541
f7de18da
0ad7f80b
e7ddf103
df47fdfc
f909f4e1
f0011328
ffdd5a09
f70d1efc
f80226fc
0410f508
d6f6050d
1a10d70d
0a0308ef
000f2cdb
0111e308
fbf610f0
031529da
0833eb2c
0ef1fc25
ec17e607
1e08eb0f
07e51315
00182ffd
eb0eda25
15f5e004
0c0226ee
3c1be0ea
e5f1d7fb
fd11120c
e11cfa07
1d001730
0deb1609
ffe64fe6
fef3d7d2
ff37f308
ed201ef6
a6f4ed10
f3f2f007
1df5ebd2
00e2e628
f52614e0
ff2a0623
1ef2fe09
f0ee26fa
1a1702ec
fa1643ee
08f8e1c3
da04f2ed
11e1efe6
171df4c5
e32708fa
ef0d1af7
08e7f63b
01f30f30
02fcf21e
ea09f112
06abfb26
0e0010e3
05ea01ec
ed1fe803
cc09ff1e
00dad2e6
f9f10d20
e13713cf
fec6a72f
e90af7fc
0b1f1b06
2b05d3d0
fb000d0a
d6e3d233
0b290a0a
07e6f9fc
09e9c711
00fb07f4
def3f204
02ffdaeb
f8ff12db
10e50207
2d0a2fe2
fa1bfa0c
f906f405
11eed800
fe05000c
062be7ff
2b12e4eb
010126e6
e12717fd
02feffe5
eec2fc21
051e3616
1efcfafd
fa24d3ec
e2ece6fa
dfe810ff
f20a22fb
133c0e5a
f70a4dd3
f4ff1158
07b4f556
08d32a01
00d8f9f1
3ef927d7
2f50da4f
e71df904
ed08f70c
e924fffd
16da1008
080109f4
361d0700
08141412
fb28c5fb
fbc0f3de
f9f9e3f8
fa241700
fee4e008
2b052001
3514f2ed
21eded12
021aeafa
ef1ef3e6
1129ee07
f6e104d9
f3e32cfd
06f622e0
56faf6f6
fe03fbf2
0d4bfbd4
f50404e8
df07fae5
01e3f6f0
08f6f401
eae0c918
0403135d
efe90015
0ef64f34
03f81506
fddfc0c5
001ae2e2
f3f300fe
edfbf608
d4f8f908
fc0006f5
fe06fa04
dfecfad5
e90025f9
240500ce
18172905
1ee22746
d3d7cdd9
1117cf2f
c940291c
fc0438fd
f9b9bdde
083416d7
db09ef2e
0cd9f509
f000eb1e
fd03f2e8
0c0ed8f3
e5ef3100
1ef3e8fa
fef3184b
20e51d00
fa06020a
0f05fcfa
0418f006
1635e2fd
ef28f1fc
000401ee
f900fafa
d9ecea16
0c1133e3
d82722f8
20db08ce
37290a4c
f2051bf6
fd0e2518
2ccee40a
180be7f2
150209f2
05ea03e4
0ce2d131
22e50b15
040cf3e4
ffe90409
0604fe1a
15260108
f2f90f05
e3fefc05
03040516
f517fcfa
0e2ced2a
f5e9ea12
fcf9ed14
f12904fa
f7e90901
ed040b08
fc060e20
13b8c4e3
0f0df2f9
00eacc46
fe04ea12
e9d6f704
ee0c1912
06fc07e8
f5ef4503
e3b7dae9
f9f71700
e7070009
082ce511
f6300af1
061f002a
f1120dd3
ed080fed
130206cf
070c1101
06080425
17d8f823
fd36f51e
0dd42140
b807000d
0ef6e603
c000f71e
f81be9f2
f9140d10
e114fbe4
f0f6f1f5
15ea1b02
f4e3f1f1
15e33c2f
f81e2606
0afebfdf
fcf8e60b
11f0feee
d702110c
e012ebd2
0ce22fcd
ef180ce8
29192a23
01ddff2f
0403e906
00f4f503
291ff821
1c13f306
0b0c0df4
0b0501ef
140416fc
eb194ff5
ffcddad5
f60f38e1
0001ed10
03ca18fd
09fcfa15
03e6cc0d
feebede2
13eff41d
0cc1c7ea
06f20d2e
2e12051d
effb050a
29190805
fdfddce2
0ddad9f7
11f8077f
11f0f7e5
d9f00c15
f5f80b0a
14090910
fbf6f407
0226f407
42f004bb
f1fbf8f6
fafcf431
00e710e6
f8de29f3
0a01d5f9
08fbfdef
fde8e8bb
015cfd90
19ca02cb
0a36d5f7
0de539ff
1cd50310
f6d208f7
b014fedd
13072a0b
0afe0cef
2f05ed7d
ebf3e00c
1b01fff4
f90dc7f5
073a4e15
ec5b50e5
d18a1e23
5bdbd908
11f9fff5
e7f9e804
ce0ce70a
15edfe1b
f3020209
1ef40ee4
53020c2b
f609edf1
effc01ea
f6f543f8
f420f7ca
08213e1c
ee07f3cb
00180e09
15f806e7
f2fb2349
dfe40ada
06f2e3fe
1cf7efce
124a000e
f1fc03fd
0d1509dd
e8cb07fe
f4e2040b
fef704f1
07b213cf
fb2d282d
caf5de02
13f2d901
e2020a11
ecf7ded5
28eefc00
08220ef6
0bd6421c
fdfff305
0ce2f50c
f0e002ca
0fed0131
dc1bac2a
1bc745c2
f837fbac
0410f200
06170108
f8f2e308
ed03c004
fcb4eed7
df041c0b
baf7fe2e
f0eb2af2
f6050401
07021412
23060f14
1912fcf5
4eef131f
13122a01
26c9e72a
f122e620
effa24fd
2de506e4
0e02f4fa
fbe4faf1
0b09e0ed
24ec0904
ca30131c
0b02fd04
0c0c3c01
fd143b26
07e9f508
da1a03f0
2e12f11e
ee10362e
080307f0
19eef31a
f7db21a7
defc21e0
07eef8e9
191711e4
f60009fd
13f3dd04
13ce2720
fa260724
19e907cc
08e72921
d3caf8e0
0f01d6e2
def3080b
030715d5
12b8dab5
fbe3fffd
ff1dfbce
f527e504
04d907ed
20b20a01
13281bde
170422f9
11e70be7
142002fd
edf9daf9
faf0e7de
bb08000d
0215e704
090c12f7
0ae10a0e
f4f1f2de
9ccb2533
eef300e1
2e200a4a
3bfcd3b3
f7374efc
07fd641a
17dc0f14
12fd0e57
26e6370a
02ff0020
ec3419ff
1a14f507
052a580d
2fed01c9
2b132a1f
06f7dea6
2807130d
06d314e7
1b0107b9
0a1218fb
093217fb
c4f1ff1f
03e7ddf9
e1e8e5f2
f807e600
ec405554
f90fd368
1a150ce7
075141e9
18e9f4b1
fef8ae0d
f8461ae2
11faee1c
f735f1df
fcfe1fe3
42c1fc0d
1e112602
060f0af8
fee4070d
07d31ddf
d740000b
08380eef
01e2d4e0
184218f5
f118ff09
08faf0f4
e9f235d5
d3b43d41
e61216c2
1a54332e
0bf61520
e539f200
f7fbbf14
f9fa1327
eee9ff1e
28ca09e3
040efd05
ead0e1cc
25feee0f
ebd3151c
05031f27
44f7152f
06edf9d4
0622cb05
f31c130b
fac925f9
19ec1df9
fdf6f8fd
11f3eb0a
20f10031
01290e0b
1c0008f4
f1fa25ba
1948eee9
f9efeccb
261ffa2a
ec574c18
fd272815
07021924
28e41c7f
08c9ef0d
0d29f9d4
0d100805
3dfcfb0c
e3010efe
13fb120a
f90401e6
f92be521
14e3e611
ee20e817
f60af2fb
3214fafb
15f102ef
fcf4faf7
19002102
fd04fe1b
d72d07f0
fe241509
f7d81724
0d110606
edddebec
d6fafcf2
f10837e5
f5ef082f
070510d2
08ef03f3
02f41c0f
01f8f005
fa0df30d
130ae600
e12411fc
effde0fd
062dfbe5
fd0edf0f
00f80bf4
e507f4f7
0904ed10
ffe0e7eb
2c180b25
fbe2f515
01e220da
24f322de
fd061833
0105fc01
e3be16f7
f4f40bf1
fee0320d
0cda02ef
1a0302e6
fef70ee8
0dddfb15
0d1e02fe
0f0bdb18
fa08d30a
e111030d
0bf506ec
0dc80a24
dbdfc51d
08ede01a
f90cdefc
0ce7fe34
1803ee15
e60cd5df
fe271052
e92c21f7
f72bf320
08c40cf0
ccd2fc1c
f712f6e7
e0f01b35
f9ee32fe
fb20befe
fe36eff8
efb90fed
ee16ede4
f5e5ef02
f4ecf805
f4f4e621
f902c2dc
002f2634
eadbeace
effc1016
fe05eceb
fa01f3ff
1c1dfe05
0f1405e9
da1902e0
0603eefd
07021cfa
091bc9c3
0500cf3b
1d04f50b
1ae8ecf2
e614fc19
0bfd3bf2
f91d00eb
0501e904
04e02adc
07f714ef
d305f8fa
e72a01f2
db0ffeef
f7fc15f6
03fbe403
0b20edfb
1ad3db07
05d2f00a
dff40207
def1de00
bcf00a31
e7053de9
0feed1ce
12331eeb
eddff400
00fe0339
0028fd02
2e05f3de
e5110b09
fdf32a15
2abce602
14f00907
0df3ebff
02080e1c
bf1002f0
22c613e7
190f06e6
0608fbec
fbf50dd8
03122ff7
0c2b032b
f81ecd03
220d06fe
ffdce6f4
2816fdb9
f3dd04d4
0f27ea0f
f000f531
fef125ea
0aeefc1b
f923ef0e
2be5251e
1004e3f6
06e6eae7
dd0f03f0
042ffb0b
f7ec1821
05f01b0e
b8edf3ea
c5c307f4
dd1704e0
03f72312
ee3b14ff
041aef00
f0dc0a00
110307f5
25f7f5e9
fe290512
1304deff
f12edc0e
071815e7
1c0bf209
ef07cb43
fae90cad
28ccfb06
57fc1a31
64eec906
fd221f03
cb43feb8
070e2001
141f0aed
fbfe0e00
1118f002
f0fdd519
eb0f08eb
fb01e903
ff0b0c22
080bf1e8
feb52cec
fd0cf21e
ff14f310
001001e9
0df21427
1007de10
28dbf3f3
f6fa0afb
150cb8f6
06f83009
1ef708fc
0105fcfd
370a0df0
13172b1e
f410dbed
0505e8fc
1e1fecea
fb12f016
43d6141a
2e3525f2
1ff2f1f8
fbfa1418
04a6f105
0e01f906
fdece9ef
fa292cf1
e4eff8e4
ef0c26e4
061afa01
0afac1e3
2327e900
f0d8f610
e9e3e1f1
0b1efdfb
3717fe10
f204ec05
2201f707
f3e6d832
1ae8e418
fd1cf8fc
00f01700
f7090004
0e00f608
05000b08
0c0c08fc
f3edf4fa
07f3ff11
fbdef209
ee032bf6
fbf8f6f0
1feae410
10de2cf6
0fe0f2d9
da0804c5
f8380dc1
0717d707
07160cea
01baecd9
2ee9fae5
0f0b1fe0
a50405d4
050b03fb
f8010afe
e156f821
1f1209f6
06df07e7
4853f9ef
0cedf5e0
fc0500fa
07e90e19
fe0bf0e7
f5f3161a
021dffd7
24eb3ac6
f7fe021a
f8e7f206
e6012b1a
01fbf637
0bcdcfff
db16ddc8
1c1706d3
ea0df527
dfe5ebfb
ed15ea22
29251000
f9133df9
3c50fd11
f71af009
ffc3e8d6
f1d423fb
14251b0f
ef1f28f2
2d0e11e3
11031bdc
13eedf0d
f9590829
06e8d6f9
f4eaef19
da19f3d7
daf6f4f3
f7f4e6fb
3e10360a
db0b01fd
f7cfedf3
e3ebf34d
02fb05e0
150815f9
ef2a0f02
f4effc01
ff1af6f8
1cf0f921
fbeb1ffa
fbdcc9d5
15d9e1d6
e2ee0206
09e321f2
00ecf40b
04e9f8d8
01fdbbdf
1ad80822
0f08fd00
f527b2fb
b3fbd033
0d0d0cfb
df20f70f
0323af33
1f2124f1
0b161f0f
eee11705
12c1c0fc
080ffbed
f9033722
0701e1f7
ec0531ea
fef5e6cd
efeb91f5
bbcb30d6
099614cf
5181fefb
28bef57f
d4d7ef0d
f32f07ad
371cee8c
ffdd1ce0
e93b1004
043118d8
b1ccf206
e306dd0a
1a1cf823
f9f20002
0309e8f7
f5f7ebe6
e31f30f3
10f31ae9
1ff313fc
020b0609
dde6f7eb
240aeecd
1c38faf5
10f6e40f
fc15030e
eb030630
b5b9cc09
e517e00b
14291c10
fd07000e
20ccaa08
1c330b31
fcefe6f0
011d2ef8
02d1ebee
f91217f6
070cfccc
fc2bdf1b
073910f9
f8e4e5fa
e6ec0c0a
f80ad9dc
dff20f11
30e6ddd0
eaff24df
fcf6e4ed
1ea32af8
1910f7e0
ecfe02fd
fbc1c5dc
d4f5f70c
182b16f9
acf2f9da
fe26cf01
f9e3dce0
f8205c22
1316cc18
e42ee114
1fc2ec20
06d2fb32
2612050b
ff06224c
1cdaecf1
dbfbd5f2
e19ec534
06ce10f6
f02c0cd9
e711c8ed
1e04df2b
edf930dd
34da202a
36100b09
0f47df0e
f9feedfb
f409e0fb
b20f1ef9
42d730df
fafb2ce7
f92950c3
0b0f1cfb
0607fafe
cc17fd20
17fc0813
1e4a111b
ed0f2834
0922f7fd
ea17fcf5
ef0df32c
e41efe01
0209f400
ea12fcfe
0c05e001
d4fb06fb
f3eb12f7
0ed60223
0ef6eb02
0fa311e7
01f6da16
2dd7010b
0dd9dcda
404ffff5
df1ee115
1844211b
f63bf10a
ff30f122
e1f7fce6
ee1ae1ef
1921fb12
0ff4cc21
2214f1f6
dbd73df7
0a22cd1b
1981ef09
3701d016
2ccdf402
e2d0e014
d6e8e2f9
21dfecb3
1520d2df
bdf2f920
020afe01
e511f0fe
031303de
fbf3ecfc
0218f80e
271702ff
0d06fc9e
f708e8fb
f3c8fa01
18ea3a44
fbfce202
1fdfcfdb
f715dd04
dcff3506
faecfa0c
04cac819
e9e9a15a
3c11fd17
dc8cd40b
b21cc3e9
37fde6e3
8140590d
5c7ffbee
2632071a
ebf42cc8
2df6fdb9
251db3e3
e2e3e713
5b3ee70e
f5cf2a22
da1047e1
e9c53597
20d2e30e
eb50b404
e11e1c34
a4fbabf9
eab5fdee
3114d6eb
c82629bc
fe19eef8
09f3f010
f30df409
ecfe1cf2
20d7090c
fdf10e0e
c30d00ff
f90f1c03
f4f7e700
1330e619
03da29ff
eecd241f
e02b21fa
3308ede1
1b3cfa15
fb12f035
f22bf2e4
f145ffeb
11c5f72f
171f0e27
1cf9f3e3
edecfa23
fd012445
04c91fec
e92ad8fb
f315270a
0afdf117
1ffb03ec
f41df1ff
f90800e2
fbd6f002
f2fc4ddf
ffcc11e3
f4dbc706
23f01bef
bdfd0be2
2023bff8
16ecff2b
efd9eb0e
d720c6e4
fc020ca9
1ba5c93a
104ce539
ecd323db
cb221e22
abfcb3c5
2d26df1f
c7333726
fedc1506
0818fdf1
02c40a02
21e8f6f4
06041ef9
f0e8ecf3
0d0d18ef
2b1ec40b
e30d210a
f106ece9
0401f40f
e3dcfeec
d9f8f4e6
261ff3f9
00201ce4
1644d42a
08ea3805
e21e3107
090900fa
f51e0b1a
e8e7f214
f1e6f0ec
0d0d2e06
e3c6d606
0bfc1007
0aff2008
fff5091c
36e014f9
070824d6
e30d02eb
051406ff
0109e602
1b19fae0
fb16fcca
08e7f610
42f10203
00131d07
edf3f236
fc1dfb32
1529c1fe
12001b30
eaee050c
07ee1911
2afded07
03dd3eea
f706e70b
edfd0c06
f1e40ff8
7fb5f414
dc5920d5
1525d92c
ce347f81
03d9e3f7
1de34a7f
0c1cbefe
f205fe29
d4fcf7fd
fdd3eaef
f9f7ff0b
dadaeef8
0c2fe51a
14e9f25f
eaea0704
09e7f147
1c1ef00a
04084eeb
fded08fe
c017e2e5
f6d9f528
0ce7deed
0409dedf
d938fd11
104a72fb
31710d58
5e332612
df22fef1
a5d0d0d4
90445a0c
9ed53431
0717739a
0ce9d203
04c9f00a
0f33f409
081af5fe
0ce7eced
16eafe0b
15100b18
e5d5e720
fb042af8
f74922f4
0603fece
d6080d16
0d1aedfc
0ffa1007
fc0ae5f3
03e8d600
05c31202
e657bb0f
1cd8b305
d3ef03da
15d002c9
7a1cb8fc
0333e7fe
13f78fac
f5eb09fc
e30f0af6
07ff0bf1
21e0f814
e50fdf13
1d12f402
09faede2
ef202a1e
06d8faf9
fea92008
0efc17f8
17f10ced
0a34dbde
210af312
1805da10
f7d7dceb
dbf40de4
ff15000e
062308e0
4d0b3914
05fbfb2e
cf1e2815
e1e105ea
09c51955
fd1bf219
f7fbf310
181806fa
f6fd1b14
04ddc8dc
dceff9cd
02f8ef26
f609d4cc
19f1dc10
02dc22db
fe0e1427
22040805
080ff7e9
f8f017ef
ecf93cf4
fc181d00
1507ede1
00f70823
05ddbb05
dee7e8f6
1f01eeff
0f0704bc
15042cdf
e609e014
00d7f718
10c541cd
ff26dbe3
16f73e15
edd1e800
d4faebd7
f80cfcdf
13dbe144
f7e2fb0f
122c1e06
fb0d1010
08d9f312
e7c20bfc
0506dd23
ea0dcaee
f1ff1d0a
05e3eb16
f5e6f70b
fcc309f0
d703e5eb
e911f3ea
66ff06ef
fbfc0501
f2f4d1e0
000cf503
e30826f3
07fb51ef
151cfa0d
031c0f0f
d5050b10
0201fff1
ebf0dcd6
03e136c9
f4e20314
05d9c035
fa0af6f4
0bf20039
d6131907
fd0b2319
24ced9e0
f5dbf0dc
1a0da69f
fa17f721
f71bffe5
de0b044a
dee3f7f4
05e8f81f
031300f1
120cc205
f1f006d7
06dabe43
26d5fdff
e2fc00e1
8c06f449
040531ea
eef91008
08f70a66
f7eef418
014a00fb
fae9041d
f625fa02
e2fb08ec
bdfe0a23
fc1f082c
fdec02fe
18fbee08
f9f90013
dbf7fb01
1210f50b
f5fa0f25
04eb0315
1c0fe6f0
0c1fe909
08faf8d3
dd030708
d709f8dd
fa0bd324
242d1904
09fedd0b
0906e70c
f514ede4
f1fffce0
ff080c0c
e81806f9
10200c02
16071411
e90d010e
cfd70214
16021cf0
0f37f7c1
08edfbee
d32d11ee
fcfd13e9
0c1209f7
f9dc1407
ea0a04f8
160dfdd9
ecfd1b0a
f9d7ffdc
fe0f0df4
f306e404
0f060ef4
00f200b4
e4d707ef
19401733
14d64b03
c9f5e93b
044c1422
cca54f48
c6e8f2fe
f609fee2
1bcf4219
01fb07fc
06e318f3
ecdee8f3
421306e3
2507edf2
34f60bed
efff0cd1
181de2f5
0ad8df1e
eff0101b
080cf63c
f63a0aea
02f9f5f8
2415f928
e705fde1
1a2c1a22
1dfe0ceb
ff22e4eb
fae1f9e3
07f4fefa
08e44ccc
48edeaeb
11fbe9de
ebb9ddee
e8cffd0c
f6374e11
03150e43
fd2f3b0b
fa4efe43
d521070c
0506b409
f818250c
2fd4fd13
f200e215
1c1de4e8
d611f401
1bfc170b
f41af507
16f8fb00
ed192af6
1010f0f7
fa000c19
fcf2190f
f92a0ef2
0c231516
f6f5e92f
030ef822
f40f19ed
25cd2aeb
f6f62526
f7c910fc
1c18ff2e
201a1dce
c30d261f
0ff8eb1a
d727e423
09effe02
09c8e4f1
0f0e020c
f8cf0bf1
35cedfe4
19110201
fbdb280d
ea16dff4
f2041700
1118fae6
e5fb19d6
1fc7f9c6
03002ad5
e501ee43
05db0fe2
df01132b
1bfddc34
fbb5ef01
d714e6d5
01ddf910
00ea16fa
f3f32b00
0e27d92b
fe0831ff
03021c2d
f51fdc12
f214fa0b
57140817
e91c30e9
f6012400
e10714eb
1416eaed
012ff3f2
dd1bd0fd
f5f8140e
0beef9f4
fc1de1f3
29fa1101
fdf6010a
1303fe02
fc330e00
f1e70fe4
ee2afef7
08e34807
f006bf15
c3eaed07
0727d301
dd0f0d26
f300ebec
1332371b
05032433
ea420b2c
eaed0bf0
3c0302e3
01f9371d
00e6e101
00ef0304
ffeb10f2
01f9ed3c
f627fe02
01f1f3c9
0413fa35
080127d2
03d3f0f6
26f01800
48697ff9
052120f0
f3e71906
ca2c0209
b983e9d9
781fcd30
f2034bf5
021c0ccb
fcee4ae1
1f164fe3
01cd0d13
f92730f8
fb9de3d6
03ebb2da
ee07cafe
f2f0fff8
f8e2e000
f506cb2e
c50c0bf4
eb2411f6
270202f2
fbf8e70c
0ad6f6bc
13e71522
f2fff910
f4240de0
260e0ce6
e8c8e4ee
3aeff8d6
08fa3eeb
fc4eea34
0245f03a
2100fed4
0afe7d89
103609e7
d92af5bd
5cf304f6
0ddcf9d9
16a8f350
082d0a21
1ede07e8
0eef05df
3e0f02ed
fee5d401
2200071d
0315000f
07cd4515
f4f8e4e7
0ef3e73f
faf9f6f1
0a13f4fc
fadcfe27
45cd00f7
30fd3823
07b8fd43
fdf60609
f2ce2402
f2b81bde
f1f605ff
11d6ff23
fff01704
ddf65c15
e8e71fee
03e806f4
07d6d627
caebfcf5
0db7f4fe
fc0ee625
0deeeee5
e8ff0a0f
09d9d87b
06bae5f0
1cc4eaf5
f7f53ebc
e82608ee
0715f1e2
151c1ad5
02e1f50c
ff05192a
f4da0d0b
fe11da07
ef012908
ded4f0f4
ea2ce910
e80c0cef
0c03f224
3b24edfa
21e8f811
141df6e5
ff22072b
8bf2e203
e50f0227
2cf4081d
e9f408f2
16cb110b
e7fad9f0
15ffe01d
eed4e7bb
ffaa19ed
ffd900e9
2ee410f3
2b06d116
e4df04cb
041600d2
073d26ef
11fb0810
2ed218e7
2cf81317
43fee60c
0518fcf3
10e401f5
03f5fe07
e9ecf4ec
f3f0ebe9
fafbf901
d317fdfb
05000114
e6f40828
04000e05
e61422f9
130a10ee
53ef050c
201d27d4
01fe1519
0842b3db
d40b21e2
f4f4f2aa
2a170725
7f2f3ef2
e419f311
d24cdb1b
247f3438
d5e027f9
2bbb1791
ed063e16
ebe2fcec
ecdac50c
e7031016
1abf09f4
0fd92e3c
e70411ea
f6dc5f22
14201cf9
0faa2afb
125da92d
06e4c21d
08f502f0
ea10224a
9e0cca13
eb074c51
15fd1537
18131b19
f60bf818
f6071521
db15feec
e4cd2a06
2a0cff08
fdedd10d
2218f9f5
f50510e7
f0044dfe
06d91713
d0f7f012
1dfe1405
15e0e8ed
0410e20e
dc0a0bed
e7e101e3
0332dd0b
0ed8390c
d40608ff
dc170bdd
2503f20e
0c270ef6
fe111b20
f1fc22ef
06f2f410
e5f6f813
0fec0100
f6fef7f7
d9ecf1e9
121505ed
02f820ea
05f9f1e0
021cf9ec
0df01008
fc3a0510
f2d92aee
1bf111f3
faddced1
fe261e0c
0a211cf1
f8ecfdf5
fcda0cbf
eff4ff05
fb1e001a
ebfcf2ee
06e7001a
c4501904
e824bfde
f0a5dc31
0010042a
1fc6fd11
e4e9150e
f1ed37e5
1dbb1812
372d102f
f22727f0
1a2a0817
0bdd07f2
0af32afa
22ccfa11
ccf2f6e9
0c07f60a
fb112e1c
08022ccd
e4eaed18
0f29ddbd
364525fe
2608fb03
180ff2d6
010d2330
0601d6e2
f61c160c
15e7e402
12f10100
ddfc1108
0ce607da
f901f3e3
ed26f2f1
e641533f
fee03928
170d1be5
e001f40f
df1ee7f5
00ffc824
fc01c702
e71b181c
f6e2d364
1505f27c
fb54dbee
f10f0bdc
41fe02fb
0cf4fcfc
faf9e0ff
f5eeeb0b
100816ec
e80515ed
11ead149
f6fed31c
b212f9e9
ee44ee02
f81eeeb7
f712f6e1
019afd40
61cb0a21
e54017ec
bedfe942
f71e59ea
fbf9b5fb
0a00f64c
14a8c800
8102f003
f526dd15
04de1032
032f0e16
31301204
f91ee93b
2f0afd15
f8070c1d
f6e7f223
10f8050b
051bc9f1
1207fa2a
1d230819
d6e22f00
d301e6f4
09fcede0
0deea33d
fbeb16f7
1011021d
fbf5ed0d
19ccfbfc
1d2cede7
e40c180f
0edb0df4
2a07ffc3
f7fb2609
f0cc10fc
fdcd0204
3ffbfcda
fad4e719
ff2704d5
f20882ee
14270012
e7e631cd
ef344ad1
10fefad0
1015e90a
ef100bce
f1060fe7
eddd42e1
fcf9d30b
1c391611
ed3a1dfd
1f320a1d
0fedfa20
e32b6b17
8bf2e0dc
2930bbf4
0ee4edf5
ed3d1ddf
092920d2
18edfafe
31502022
31ffea26
e0f00917
0c06e1ed
fff43e14
080105e7
1049e004
0803fd01
09010007
fd190513
1712f81f
fcf4f9e8
142310f7
0d11f110
0ee71d20
0e1504ee
f80cedfb
f5da2406
0d00ee32
f8dbefee
dfddc8f6
03fdf9ed
f9f3e44a
fa0632dd
fd5dfb08
f70df1f6
1b08f71d
f2fff8d7
fb1ffcd5
eb050fa6
05de27e2
06b9110c
18f706e4
100fd509
27eae837
3f171605
e51af4b9
eae815ce
f221db29
f615fe0e
c4e707f7
35f109fb
00ecfbf5
0c01ce1d
f31d4a16
13120d01
1630d957
1914f1da
1fed05ec
e51cf73b
ddbef9a4
26f8e2ca
ece7e7ca
05f0ea34
f7f2fde3
fae5eedb
15f3e5f0
0719070c
c8181116
0b1ff216
00fa21f5
1201e6eb
f8eb14e7
ed1bd6ee
e8cbee02
00231fe8
321702f7
f11f00d8
2ac42bf0
061020f0
0c035200
1502e1d2
14d401f0
0d2316f0
0e06f829
0d050f27
012ce415
021d14f4
03ecd9f6
de23f4ea
df5500f1
fbfb09ef
15d90efc
f0feed00
e7052615
e3cb1fdc
f426c810
1800fcf1
2b3c141e
24f61f1e
551200ea
11f131e7
e9fdfe1a
07cc0600
07dfeae2
09e9061a
12f8faf4
ef173afb
fa04f9f3
f9f9d8ef
f20d1203
f3fff0c1
4707080d
1916011d
e80f0fde
0bfee5fa
100e04c4
f42c130c
ed1deddf
eafee2e8
fe19e810
1432d900
e8fe22ef
061335fe
f79a0918
ed1ff3ff
090ffedb
20f80801
d8e8142a
f904fd15
e4f8f121
16ebff1b
0322fc12
fcfb0811
f6fff71e
261010d1
2ed71901
e80cd317
0319f618
09f9f8fb
0620f7fb
fc050305
ed0706f9
f3ee0d14
2bfa0ae6
0f0b1afd
0116f305
f3fcdee9
19ff14dc
d9e8e608
0c30e50b
16eb00e3
fc06e813
010c07ee
0af21131
28ee0506
03250c13
fae1f0fa
0c122609
15f4f4d0
0efd3f0d
07060a04
280018e8
0bd7f105
1a47f824
0d160fea
1cf90c39
f3e9e704
b6e12b0d
f00cd81c
df101b28
ee1e281b
1314011a
0011e305
f60a27c4
0f08ced7
28f7fce3
eaf211dc
f60e2216
ec08e1ec
033bf2eb
01c9f7ee
0bd51711
130cea73
f614e5da
d82deae8
56f40713
2f20f11b
00f909c3
11cef6f4
24fd01eb
eee5eed4
180a2c20
1fe0f512
fff13f33
120a0dc3
f5f7f4ee
f7f81612
31fd0e1b
c919e3f6
4103e4fa
16fb69e6
ea1cbdec
061aace4
ffccf6f0
0c131811
0107f11e
230701e5
fff7fded
24f5dc08
163024fb
0ef60aef
ff0dfde8
160a00e1
030efeec
ec13e6f5
e3f00220
c4341000
eae8edf3
d700fcf9
f6e9fb10
136101f4
f2e30413
27c115db
02ca4713
d4051fe4
f6051020
9ae73a59
205813f9
172cf8e0
c8af0a12
dde9173d
cf15e1f0
070719b4
37f200a1
f42eb323
1301e3fa
f63bd6e6
0413d0bd
ebf1f934
83f30e19
f33ef8f2
1402fce4
10e813f7
11def414
eef800f6
01d3e6de
fbfd0a35
b720f10e
e1f61f15
1735c8f5
b4f908fb
13fa1137
f2d4fce9
00eed941
ee04e3db
ef1f080e
e4fceaff
fa103ef2
2bffeaef
f4c0151f
0c44e5ed
01faf008
18fefeca
0e15f8f3
0df3cde0
1217f1fb
f9ff09f7
0309fcf5
04071514
e0f30503
e40cf710
0bfdec00
cef3dff0
2409e7ca
2d05ea09
ebcb15b9
39ccfdc7
f00cf709
1311f7ef
fe06c801
e207fe08
f5fdd819
0af0d50b
0cfcee27
ef08e517
ebea16f8
2602020d
e1e50dc8
f4faf618
fb170f31
1ce20fec
f809fde6
e616fbeb
46d8092d
29ffedef
0cece902
f1d318d0
011f0ae2
f822f217
dc020925
2503f3f3
f815ef0c
f91306f1
01fc05fa
05d0f6ff
25e8fbfb
e9f6ea2a
f5da0fcd
f8e50bf1
110ef2ef
e3f92404
fe25e0f4
1709fbf2
e5080011
1a06e0dd
0cf30115
f629fb07
dd0e2ef4
f6eb3918
f1fc0f08
30e92e04
ee09fb10
3014fbda
01fd0501
ed0a23f3
0bc0de17
e9f106f6
edfc03f8
10e2f9e0
05ef2e11
c2f10642
2808f6e1
0b1af6e7
eef2b2c4
fdfbe3dc
0d012320
1600e008
01f81fff
fd1d21f5
d9e7f0e5
fdc41de6
0d11f10a
0617efe9
f9ef2af0
26fbeb0a
f212e208
fa1eedf9
04e1fec2
f2c3e3ea
c81ac4d3
c90d1eb0
38ff1810
ff1df601
ffecdd06
09f209f6
08c7f211
e0dbf4f9
0513051d
d67f03d8
21001a23
1dfe11f8
ef4afbea
25e70fe8
f11a7b02
d518ff40
53011bf1
fc13fd1d
0af5ec18
ffc616f6
f1c0010c
0aee2715
fdf021e8
d6fb02fd
2800faf4
db101dbf
1ff2dd06
e71a2300
f9f0fa17
14edfedd
e5eaef0f
eff1fde5
14fdedee
f1ee1534
f7070d2c
d6da0521
d91e433a
062dff12
0f3304ea
ec01fb0c
f2fef621
05fd14f1
06f91b10
1806e316
131df01f
2d0221d7
f90af00e
f4090af8
ee1be7ff
11040e12
0ce8f80d
111617e1
feee1219
faeb1727
0a1614ee
f5fbf624
4cf9e9f5
e6f6f9f4
22100b15
3a090d00
e7f0d411
ebf70f0a
e8e70d14
0a43ea10
051a0e18
dee62ff3
25f63006
eb1fea2d
0fee1a06
b715c10d
efdafdbc
10f9f6e4
e10615eb
e2044605
d612501d
61decb03
fdee4ed2
1435652b
dff80da2
2508de27
a8102ff7
16f3f613
e5f8dfed
f9e2c604
06f00e24
f50106f8
ef1b02d8
06eaf4ea
f9fe0310
f508d905
e90bf6ff
15201fe5
f2eef20a
1cf7212c
f7d5fa25
e0f4eb20
ff02eeec
1607dfb1
0cdf2f22
14de16fb
f006f11e
07eae7f9
082b0fff
f13b2a22
e312063c
e416f719
fdfaf339
fdd2fe04
f7180510
df0bfaf0
03e1fc00
ff20321c
e405fade
fa2305cc
030e19d7
20122009
0bfa1637
f7dde6eb
21ee1ce2
1701f9e9
e9cf0613
04ede7ee
09fdf017
e1ec0404
0ee7f8fc
2efd07ed
0bf7fe1a
02fe02f6
e31ceefb
0feaf81a
0bf7f4f0
2d230403
f20ce0ec
ea1ed201
05f610dd
f90ae136
0bfd44fc
f3e40f0d
e80b1a31
2aea0310
e41d10ef
1a12dcf7
ea2121f5
14d7fe1b
0e0b04e0
e60c21f2
0dfb081e
220d1f0d
110602c6
18020418
e3051911
25ee0ef5
fe1feb19
03f60400
f8f705f0
0d0cf7e5
fe040712
1d0316e2
f712fad5
ec08e9e2
010cec0f
e1062f08
f200f4b0
463508e3
f5fafa3a
c733c20c
27f308c7
08ce1f1e
c4fa4dc2
ffe624ea
f9ea2630
f602052d
2a1c46de
fcfd2800
0cb9f104
20dc1508
b61b250e
e103e7f7
ef1be2e7
0f1925fd
ee0bdffe
f1012220
e6faf5f3
09f9d2ec
2a11ebd9
eed00ae1
23fcd61f
dbfc03ef
e4ecf50a
f9ebeb16
fad50210
03df09cc
ffdeecfa
eef5f429
fbd4260c
fdfa0e28
e2060c1b
ddfd0b03
ffe9073a
e4e3fd29
e1fcf2fa
0814edfa
efe614e4
171704e0
250b14f4
3005fa03
e9f602e2
dddf34d7
110c0bec
04f5f1fb
0715dcfb
0f0efbf9
0409f427
fc0917fe
e6100bdd
e81afdfa
23fe16fb
1213eedd
10010614
2d0cfc00
ecdadfe5
1700fd3b
101f1548
06b1eafc
fc1aece0
050a10ec
091d1104
0521c20c
020ce2af
e90c1ae8
e61713f0
2105ffef
12000bf1
3a03f3de
dfb84f28
00162705
c8e75cf0
f2002ed9
f2330927
1274e703
f6a8fc3b
edf826fd
07f402ea
13010a02
0114e2f1
03080321
0a0f0431
1023fbf3
08051bdb
2bd206e7
03ebe808
fbcff20c
ebf020cb
0ff8c3ff
fd0e0bd0
e2d017fc
fc051501
17f2f0cf
f3ed17fb
0714e7ef
eafdf1ad
3b080ad0
06302ae0
ed18f6e0
2bf91b10
264cd9f7
f809080e
26f8b2c2
191a9d5c
c1464f10
3a0ee1da
0aff11ed
3f15ebdf
ed0dd413
f6130b35
16c410cc
fe2ade1d
1b01d413
1213ebf0
fdcd1e02
0dd90502
2f1301de
1812b007
4843f1f7
df1b06fc
cf485344
cd50f2fd
2c05f60b
b4f2edf7
f5f6f6d6
fdfb1416
0bfa040e
1101c3ac
ea17f7fd
fcf107da
e9fdfdd8
fd25fb20
e833be09
fa0bfafd
e1180aee
2dcc0cc1
f5dc1028
24e00c10
f4bc0008
e10dfbce
d7ee0a22
def647e0
f4f1f50d
2606fa11
e7e91906
06171b10
1bdc0305
141024fb
021415c9
df1ce8ce
fbfb2619
03f11900
37edcf06
17eee81b
09181514
323715f7
230df9e6
120ef209
e222e410
0402e1f8
0bef23f9
17e011dc
ea1df7f1
2bf6290b
05f7fcdd
f7fc03f7
0401f9e9
f403eaed
f5e81628
0c0202eb
11e3dbff
24050cde
ce14f4f4
162de806
f2ec1df8
edff01af
fd09e916
fbcb19e7
1c1d03e6
0bf500eb
f91e22e5
01ffff1c
11dc351c
1df7f767
c8e40304
0be0d9e2
ee0f111c
dd0ccb15
0a341100
cf01eae3
14f00b19
08edf540
152c33fe
f12d24cf
f7f6fa1d
031fd9f1
02fdf9f0
f7eb0ff5
04e933e2
030525ee
f6db3103
02df063e
10f90426
24e0f314
f702f703
fe09f706
05e90a0b
0d1fdeea
d30449fd
06dd05d6
f7d51414
25fc13ea
c30104d6
fa0de4f4
06e0b8fa
f9f901fb
0cfd050c
03000064
f91904ff
fcfefbcc
e1fb0313
fb1ff800
c9f4f4ef
fd140d3a
1a18e202
14e0120e
2327f90a
12f005ed
03dae617
f5ec1605
0e36f02f
e818cbf2
f0eeef06
0bf41231
feed0006
f2f4e805
4dd8f4f2
dac633ab
da05dfa9
f01c4dda
2a00f315
0048f0fe
02571005
170abb0f
dae4d718
0ae61422
fd052d20
edfc17d3
5b00f20b
dfd7dccd
fcfc1202
1b310406
dffde6dc
ee26e439
0d49ffec
e40e2f19
251cda1d
f2fdfe14
ff152302
1fe0fcc9
fef43cdf
c1ed442e
c532c82c
240bc128
dc0ae50c
02edf1f5
1befee13
d8351414
1feef500
04fdee2d
02c6e9e6
f2f7e4e8
22c205de
fef5060a
fd09efeb
2beefa1e
6fff0123
03ecf705
03f52200
06010403
0efe08f5
01f0002e
ffff03fb
ff09109f
ea120afe
fad3fd0f
0a3a0f18
f4da1e15
cf3a1f1a
e0d2060e
2c0e101e
150804f9
edeef838
0702e90f
df190c07
f0e6f7e2
030da8fa
17cfffe8
cb0a1a26
2a2cddf7
e4f00050
f21de4ef
da1aeaf7
15f7f01b
4ad8f506
1956e3bb
10f5d4f8
d7b9eecd
f50dd1d2
42fbfbfb
e9a25bd8
041f17bf
21f1e8cf
09f01ff3
ca00f5ed
13ed032e
faf1c534
e904db0c
1618fb24
252810f5
e305f810
2b2e0403
063b2bf9
0423e6f0
df05f500
080e4636
12e53128
db170b12
9edefb39
c133120f
0e232316
2403cdda
121f1cfa
f0e30fed
df0bf63a
faea13e2
fe2afaf6
ec3309ed
ecf305fc
f0edec10
200d3cde
09ebe62a
05d9061d
f6edfefb
dbf4f0f4
fb0f110d
f90ff402
000b0af4
ef09f9dd
07151edf
e01b03e6
ea0ad7df
27fb0407
1906f9c6
105ef2dd
1e08f403
0ef82e42
0cf2e6ca
3fb30157
3304cfc0
29f40967
0832f62c
ec291745
0cdad3f3
d024f630
e41137ef
ed05c9fd
f2ed2410
edff01f5
0d1102cd
032701fd
04ed15d1
d3e40b25
0a0d09d1
1bddf0f2
1f24ec01
eafcd512
08ea2108
1704ecb9
fc3909ed
b924d032
e0160d5b
617d183c
dff8e752
312c210f
5dd7d947
041057cd
19e105da
1108ee0a
e116c212
01f50be0
2d0c16f2
28e5d9e4
ef1bf2eb
1111e0e0
f8e5f911
190d0c05
e805f301
4104111a
f50df6ec
ec0119f4
06ed01fb
fa24fdfd
e7d4cd04
f00b0927
f701d411
0ce62739
02f60834
10e7131c
efe008f3
322306e2
0e06e911
17f7f6f6
fee81213
d719f0ff
38dfec0c
2def24d7
f1251f27
034c1c16
28d22920
7ffe0510
015d4209
fdfa2dfd
fbfefffb
f90002fa
fffbffd6
00080201
0102fdbd
ff040006
0feb0110
5bdefa1f
f1fcf512
05385126
f9e4ffd9
0c4f070f
1514fef1
00faece5
c114dfff
f5131a02
1406f4f6
21f0eb0e
05140feb
f8f2f513
01f2da18
f601fbfe
391bf6e5
f110f9f3
f10d2de3
250120e6
0ce7f3fd
f5fcf6fc
07e81410
01eff4d0
fee828fd
fc13f406
f7f2f420
d72ae0f4
edd40b23
08ed0918
05050af4
1dc913f3
0bebf31c
3103dde8
e6d50809
3d0c241d
0c03fdfe
d917380e
f1e208c5
f0e70206
ff07dc0d
f7e310f9
08e50ee3
e601e0e5
dfd30508
1823f0f9
fdf9eef0
31f7f712
10e4e812
38e61308
eff511d8
13f2b716
04caf8f9
e223ef16
071bf31d
ac03fb3b
f523c8e8
0905172f
3100e501
3601dbe5
fd9305ad
facbdeff
073bdce4
ece7d4e3
0e0a350b
38e4fe19
e9f40af2
c22d05e6
de130322
ea350807
fbf7ecfc
f2fe0e57
fbfee01e
4a16fa00
1aebee39
0f1310e1
06d8e3f2
f7c5f433
d7d3d1ff
dd070a4f
28e42a09
04030806
0103f0f9
0cfdf600
01fffd26
04eff90b
04fffce5
1802ff11
f90ccd05
20160e26
1a0521b7
f0dedc08
ecebfbff
e1f90c0a
1fee0c1d
ee0bf6ba
f6150cca
f5c36ef4
da04bf22
ff0cc200
f6de043c
fe1709f8
bed3025a
f700e6f6
0aff25fc
10f9e523
f20429e7
d2faee1f
1e2a1708
e308f6fa
1e2efcea
0ff7edeb
e7f70311
19f2dfe8
12d9c51e
02092f1c
0b1d0e22
dd141230
030ad8e1
03f30dfc
0c0ed800
24ea1b0e
fd06aa12
f6fdf301
09011c02
15f611fb
f9f91101
37e64ca7
23216519
068181f5
be027c1f
ea444408
fd29f3d6
30f8a551
cad37f35
1a000531
f8ededd5
f01b03f8
0af314e8
181e1509
f61a1ff2
f8fcf806
fae71c0d
1e00fa06
0f04d3f7
3f18da06
230f02e0
22e2ddfd
03ffe9ec
07ebffcd
f61fbff6
1b1b05ea
f2e40bf6
1d0b0804
14fef1d9
e413f501
d4fbed08
ee1d0afa
0b0a06e8
0903cfdd
1f15050d
e9060110
e1140a1c
21dfdd0d
e10bfe10
f204f50e
1209091c
0714f3ff
19f3eaf3
34fcf404
0ff400f1
0f03ed04
e917ffb4
f6162211
210924ba
0213f5ee
08fb09fb
e702f905
c3e1f7dd
d00ae100
fd09f30b
0efc05f4
231505ea
ce173143
de00d30a
452b2cd2
f0f3f3ce
39f5e4e9
f9f808d8
f8272b03
e131dddc
0dfff90c
efffe4e7
e13e0b0c
e5d848f6
270b03fc
021912e7
04ffe613
0be5f9fe
e5d202ee
ec20ef16
d709fce5
f6dfe942
da1df30b
ead7052b
f108f013
e4fc07f5
1a10fa11
f20fff42
192cfafb
0bf8e318
0b0605f8
ece721fc
3927fdf4
0819d91e
f1c3f7f3
04d126de
b0bee31a
dbf7f7fa
ec080bf4
34b6d5dc
15f8e719
1fe45bd0
f6f7d4e4
ffd63517
da00f61b
eb060107
fffd1739
20ef01fb
1ade090c
00ff00cb
01112a11
9d06fbfd
4f22fbc3
07fb1c39
42f4360a
fef9f4ed
ec1c2902
0ef4b6fc
131428fd
19ee0f0d
23e6f833
fb04dcfe
0d09e4df
e806f5fc
14e80c1a
1ef9e612
f51f091a
0cf1f099
bfaaeeab
13ed0448
c7d82dde
cb0df7ad
05dabf22
f3300311
fbfce6e8
1efd01ed
f90c20fe
f608e4f8
e8fd08df
0ef103eb
04eff4f1
0e0c0000
f9f0e1fb
f8f7f4ff
f5f011d1
0a2108f9
09fb120f
f30c06fc
f7ececfd
f2ef3115
e60327f8
081a1937
0b21dfcc
d2caf3df
164ff6de
2a22ecf4
d4c81bfb
1e110f1b
f6defefb
ffe827cf
f0f21413
25c84f22
fe121bd9
0f10290d
1df0f702
e90e00e4
021cd40e
eef111f6
291ed9f8
f0eef4cc
29eeefe0
fff8fad5
f309e3ee
edfcefe2
070308f7
52e30b09
10f40523
cbcef72f
3e1a08fc
f50a06d7
d31be0f8
2d33190e
fd1f29fd
fbfb2bca
9f3520ff
16d3eae3
fb02f4fe
44fc151a
d943c6dd
e5deec1f
eff31e1d
1008fa05
e6f415df
fd1119f6
0b36cff2
06fee7cc
aff51415
0cf82c1d
ea09e9fa
14001335
04020ef3
fd03dad0
dc0502f7
0aed0e28
dd1ffb0f
ef0703f5
f600e61e
010cff13
0cef1fce
ebffb7f9
31001f05
dfeeeb11
0cf2e7ff
f303f30c
0eee20ec
23f9f907
0f101ae8
e6ebf425
3bff0a0f
0617060b
05e402f0
0e0eeafb
29fff3db
17d9fed6
181fe8ca
f0fdd51b
0adc3018
05ff0f0f
eff9dc02
effa01bf
080517dd
08f1e1f5
001fd530
ffed19fc
031444ea
0a1d0fd0
fff20e00
0708f6fc
181e0028
e708ba46
c9f7f716
08e803ad
3024b305
fa03090f
2a17e5d1
f312eff1
f6dc0ede
fcf6e9f6
2dea5416
e308e4fb
ff1a210f
020a0f2c
e531fb1a
e108ec2d
f10af9e9
03fe0b0c
1f0b0fe4
05f6200b
e8f20006
10d50019
0b1c00f5
eb0a03df
de1e0247
fc14dde1
f608fbf8
1028fc33
21ecd5d2
0dd7fddd
feea12f7
f2f3e208
c1dade06
f21606fd
0dd1290a
f902ef30
0ff3ef0f
fec5ebee
f6fbed0e
071bdef0
f6f31704
08f12fe7
e60b19f1
dfed182f
241106e6
04fb1118
f36218fd
0703f8ed
e71c02e2
0c1bde26
d903fc16
02f4d3f8
07e214f2
10e9dce5
132b2538
e313fd1f
03f7fbe4
25fae02f
0d060bf9
16faf9db
d8fce403
ecdff9ec
f614011f
0e090715
ff241f63
dbe8c4e6
0ff6f0f7
0c102430
1e03d0e9
f5f5fad1
0a00e200
efdf19da
3a050fe7
00e22428
f218ed1a
ef21f8ee
ea0c0010
05f80c31
e6ee10fb
03eb17f7
de14c92c
fe0f4ce9
f000dce2
e6eb11d7
c4f3220d
0b03091b
f8fe04dd
00e129d6
240425f3
fffc09fa
0405f70e
cef2e2df
e7e1ed08
e713ff15
efb219ed
1afef61c
e1ec19ea
06250df8
f40011f0
e30b3226
2917050d
ebf6f3f2
ffee0bf3
0e02e310
2ddddf03
08ddf60c
14251ee2
e2eb1d30
041739e1
06030cfa
e4120109
1805d33b
f2170bf7
f8f71bd5
dd00f610
e9e62710
2fd9f0df
0a19f6e9
24d5c20d
e012fd0f
390a15ca
f6c610e5
1254f4f8
34401709
0112d9d8
142cec11
0fe520e5
060decde
240b03e5
f1edff03
f1f5ec02
d609f9f7
0817ff10
035002d7
f8fdea07
09ebeee3
0219f4e9
f9f5fff6
dbe307ef
e820f92d
05f81900
07e0df0c
03d4e704
090c0406
0e280dab
2d25e005
2c1c21e4
080107da
fbe90ee2
09f3f704
edcbfb15
c6f40f1c
fafd0e28
f6fd1906
0923deff
0547dbe3
e11cf8fb
ecf40113
00010aec
ff07e721
0102fd0f
fe1c09f6
080ff900
f900effc
03e30ffa
0a1907fd
09d50af2
05f4e51e
c3da0005
e30b20ec
35050dfb
f9fde438
110918fa
f1de170a
11d7d007
e90a0af2
0bdf2066
c7ec0ff1
ed1fc0e7
f9e62005
3ff6e5fa
2216f6c9
03e7151c
0c0223ff
02e60227
f4081012
3305e4fc
0ce21714
f0160b10
ef1213fe
eed8f9f5
01e9f6fc
13fc0df6
e8f2dbe9
e2290411
f4f61210
f8fc15f7
e426f6ec
ffedfc04
f9e7de0e
e60ef100
fa14fd15
3edb1cd6
fbfdef0d
05f9dbe8
131210eb
03e207ef
f5d9ed11
0b2af5dc
07fc1212
1b400604
15cdc9cf
f025f7f2
0bf22c0f
2d0d1c07
46151602
e4c02bef
00072493
f6684108
15d081e6
bfb45581
c9f1152c
bd491271
c0fd8ac4
ce0b06ff
06041115
e8021bf9
000e2bf1
09ee1516
02eceee7
ea101efb
f1fbe9ec
cd034ffd
07080d22
ef5f33e7
4f156c57
e93d9f09
03ca0a43
9af5c110
4d17eac6
fc17f2f8
0313fb06
efe5f80a
09e4f302
02e1e8fb
0ded10f2
1ad7e9ff
17f10d0c
390114de
15d6f5ec
ef16dbc7
eafe0113
1a14e7fa
ef32edf7
07120d17
e7a6fceb
0a0007f9
fceb2af3
00e9f7fe
0101ca1a
f40718fe
e116f30c
1feb0d1d
fe1c0807
dedab600
071e05c8
1924aa3e
e1475f67
0281bea6
81170007
2bab60e8
1bff52e5
e8f006dd
150133e5
1b031602
ef0a060a
f7f4fc18
f8ff08e7
e2dedfe5
211120f3
e7f3f0f3
f906250e
d8f9e51f
12ea00d0
fafb04d3
e3e800ff
f3d503f1
14ff1800
0dec44dc
19e11f01
faf2f204
e8fcfd14
f3f3fdf2
26edf1fa
010f0813
161d133a
e0e0ddf7
13fb3ae0
ceed04d8
e5022207
1fe1f716
fd3c0cc4
e9dedcea
e8e413db
e30c1c01
e90c1110
0ae9140f
0e15e7fb
f9f730fd
0bee0507
fe1808fa
eafb07f1
f9e91f5e
e3d9ddfb
2af728cc
d614af14
3eecf61d
edbfefa4
d22a2ff1
081b4126
07fd06ee
090704fc
fefaf911
f90c14f4
f701ddf5
fc0bfff4
00181806
1f14d6f4
222e7fda
f506043e
f6e8dc81
1b0961e3
1106ecb0
f632f404
a6a90038
a87f8737
0c031009
09f7f3fd
0aecf003
edf40913
fa01feff
11ffebf5
310d060d
1710eeec
e6effe34
c90e26fa
eadb1fe7
f3ea170c
e0fb05fe
0c01f949
fb0c08e6
02fbf411
d704fb29
d516da00
f5154312
36092ce7
d1092407
01e3f519
1b8afaf8
0cd20510
e4f9fd1d
d7e82402
f3d002f3
00141503
15faff18
0d15e3c6
15ebf813
09f719e4
3b091031
2fde1f0f
0deeda0a
e4fbfd0d
e9141b0b
f339fd0f
0f1410fe
0e02491b
0ce2f9c5
bb26d215
d50f00cf
23070b09
2bdc081a
10050a08
f9f6eef4
f7ebc62c
1afffcd9
0ffae72c
f723eb13
0e0bf3be
f9052bea
fc16ebf3
3ce4e846
02e1efde
16f70aca
2be4f611
b9d712fc
051cf031
2300ddf5
f1d30508
31b12b0e
f4e91c31
1102e708
22f7070f
1c04d30f
2243d81b
0a0009ea
080beaea
e6f1f3f3
03100be6
fc1229fe
ec01e206
1f1c1608
053dcee5
1df502f2
f3f9f10e
11ee0a12
f2f61a04
0d0d0422
141fd9da
f619c903
fe17e9f5
2f21dff7
001f01b9
003119fc
fe0aef01
f6080601
edfee113
03f82713
00f31fe7
47fafdeb
fef1ebe9
030eec01
35021417
fedb12df
11f6591d
0defc118
d8e8123d
1106d904
18400c58
d113fedf
f505f4ca
0ce1f21c
050acbdd
f31a0dd3
0ef5ffa0
3dfddcf3
ddff17e8
dbdefb03
d9e2e70f
eb20f404
ed20ff17
14081b06
0be607ba
2a07ed11
e111093a
243022f7
fdf9a0cc
00ec1e12
c8da0420
f1033c0b
e1f71514
e4012310
f4efeeec
f244e904
fdfced02
04223bc8
101df5eb
d918f919
e8fa02ec
2be821e6
1703090a
f226f8ef
0af8f4f6
082dd5f2
f20ae9e9
f9040800
17d6e407
11fdf10e
faeb170c
07970eff
dfe605f7
0f0ce138
fef1e721
f03b17bf
cd0c3b21
a3fd32a5
fe080825
1eb102dd
08201300
1b18e850
8f0fc1f6
f118ddf4
00ffe738
44eb2be9
f80af8c3
f52bf9e8
03ddf737
00bb290c
fcedf6fe
57d9f208
16fed5c5
bff3fc10
392a14cc
eee6fceb
fb1f1fde
bddec308
fb0806b3
03c81f5b
0be6c8de
b1be0037
f21517ea
6751db0f
10bff8a8
eaeeec10
05f5f1f7
e9f4fdba
21f6ec0b
141fe307
f8f414fc
0fe15702
0919fb04
030dfc0f
f9efdbf2
f91dfcfa
ede9f7e3
ebf5180d
031402fa
ec0ed8e5
2abd2cf8
e9bd2ef3
fa1af20e
52631f2d
cefe0981
5015cb03
1efe090f
f200fcca
e8e36a05
f90210dc
060615df
f7131de5
120a0405
00f20818
fceceb1c
fbf51bfe
270aeef8
fb092904
03f20504
ecf0ee1e
040ae514
d2f5f30c
1adff60e
d52f10d3
f00914df
0ce91aa8
2ef1dcf3
0b241b14
d3ecf3f7
1a28fb28
fe28f9f5
01eee20f
d22b1dff
f61de3d8
0f080e05
f7eacf32
ecd3e9e4
f3fdb0e6
ea00fae9
f0fb0408
0e2112ea
e91c06f8
ef06fd12
00fd2503
fa130bf0
0bcd280e
fff1e64d
fa1e071a
14091616
def10f29
ff11f41f
eb021af9
f9d80f0f
010dff11
022cfd03
0310faf8
26fa070f
020effa3
4b02e403
f602f11b
06fcd1f9
ebfdffd3
05d1ea24
f0efeae6
0f07ff0c
d80b0cf9
cf021efb
eafbf805
1814e30d
08eae80c
16e7f86a
efe2ff13
f1f6111c
1f00e1de
f8f6e4f8
eb2afe02
0a150bd3
05153001
08cef905
f20cf711
df114bfa
d71104da
37ff0d10
020bfefe
0107da2f
01eee3e1
08f1fd12
fc0feff9
1ef7fad3
d625f805
13140605
fe042eff
e90bf029
fcfa0125
f8ef003f
1123ee15
f8f61110
e1122cea
1f0301da
fb27e500
f70cde1f
cd0ad5ea
00f60707
1611fff1
d4fc22b7
0b14260b
05f71bf7
18130604
17ea0627
e500cbee
16eaff0f
0d051214
eded1cd8
2724341f
1081fe05
f51f5e15
ddf7fbeb
021001d4
e4430994
f81cfa0d
25ed2571
c80c0510
1434de04
e2e7f005
f5181dfe
36fdde00
21ddf4fd
12260d23
d50b39f8
fdfdc9e8
0dfb0816
f4eb0400
240a031d
ed0f1101
031a04b1
f22702e3
fcf4f414
e8f4180b
081ed30e
1b18e119
030c07f1
cced1201
10f2f5d4
0ad0fce6
0b0d1adf
d4f7f2d3
231bf810
d8080cf9
0e360b1a
24f0fc05
1be2eb06
0e0ffcff
072d11fc
f60be604
00fe0ff2
08081126
041df7cb
5ef72afd
eb23e917
dbcfccd0
e22b3f0e
19f713f2
06f01b08
2b4fdb0a
fd032ef7
e6ffbe0b
f5f60215
1dd0d138
f21c04e5
0610f427
f8f5e908
f9fedef8
f8fb05ef
fff0eaf8
1a11f60e
eedd10e8
e00ed6ee
e008080c
0b1a330b
f8fcff06
39f1ee36
19000d05
ebf70302
19dce003
0dfa033c
c9f30a17
0818eefc
01e414f3
0ffdfe15
f712edfc
e7d60de5
0de3012b
08f3f0f4
c6190a26
f7f80505
3a38000b
43eab1ea
d004f2c9
e0e007f7
e4eb0cbf
fe29f6de
f6f7e9f5
121bfd1c
19101217
fddbfe21
15f0fdf7
010de115
05fde411
0a190843
f9f700fb
02f9f91a
12f8ed12
dc130b0c
1bf5ead7
110702fb
0701df21
23eef110
eed1fdee
1f0a2bd7
e3e70df3
ff34f411
1c1315ea
f1c11007
242812c8
190feb12
fbc0ecdb
fdfc0ff4
f2f81a27
fe16fe44
1224f3f1
16ed1afc
2107f80d
ed1d070b
1916efe5
08defb34
eaed0ce7
1d020c22
32e8e605
1cdffdd1
f2e3f50c
07df092a
ee210fea
07000f29
ea1503fa
031edce1
f4ffe10c
09180722
0bff0314
fc091510
379112fc
16fcfdea
c1000718
3681e043
0204d8ea
1718812c
30200781
b808f5f9
f1fd0d21
1a3d2617
092dd0f3
fe11be04
fc0420e7
14e3faf5
fb280c21
05f8d924
0cf7150b
09f40515
f81fdae1
18ecd1cf
1d0f1a13
f42531d9
0df806e7
f4e9f206
e4f60124
f902f6f8
f310e4f3
dc020ffb
ed0dda17
01f7ff16
f811fbf0
fc1c24fa
ef1b1b0d
f5f416f8
23e7ff1f
19e9d207
fe12e9fb
dbf00408
e8301dd5
ed093cea
f3e6f8e2
1008df09
fb061307
fa1cdf0f
15f2100e
0f0d1037
e1b831ff
e80ae00d
14e3e8e6
fa0aeb03
f903e9f7
1d07ea2a
0c0adefa
01050224
0a05f913
f7211bf6
e5f71806
daff2afa
f6f4de14
0a0de61d
e7fee1eb
f015f53a
f72afdfd
ebfe19ed
fe71f0b9
130e15e1
cec106ea
171dff5c
82023b23
f1fccb04
1ce4f21b
1417f610
38dcdff3
fec52624
f24acfdd
ed07b2e5
dc1fe532
03cef1e0
19ecf4ff
30ec21f9
d9f4c6eb
240df413
d93d1e14
e5f140f3
33ea020a
fde20712
f1ee23fe
bbe1fcd3
d1f61613
0d1efdeb
c2200209
09061ce9
a321f9f8
fb181617
f9e71af5
e4160507
b9cbe923
bb0d0bf2
9916530a
0be206e8
0bd181e8
15c2d2b2
81d67f2e
4e16a6ed
f90cda30
e4f01205
ee030b36
e806181b
e90e17ed
043312f3
ea271608
f4f1ea13
fd0e29cd
f0f3faf0
fbf92822
ff18e444
18f7f20e
2ce90708
f30120eb
19f8d91d
12f311ff
0cf5f5e7
dce2f0fc
041b1217
110e25fe
05000921
0eeee1e9
f11bea0c
dcf6100b
0608ff13
01e12712
f7f23fee
09fc2d18
14bf000b
f0e21e3c
f423ea24
0ffc00e7
0d08fdff
f410f808
ed061bee
eae3dfee
0e1c03fb
e910f423
04f00bf1
051e04fd
f219fdf3
d20f0ef3
d8fcdc5c
2806210b
fb1c042c
0df128e9
f71bf61a
eaf7c922
0d031bfb
f505fe10
f6011af4
db17f8cd
d9fc01cd
07e40205
06f61514
08dff1c2
1317f7f0
f20936dd
1cf2a1c1
daeec9e4
16ef0035
f2b8fbd0
0c27030d
f808221e
fd0f13ea
4713e9ee
f917fde0
23f6ece8
e62df7f2
fb750006
ed393a12
0bfb09f7
200409d3
2225feec
06df0d87
5214f5f9
14261210
e5ea00c2
f51638f4
d8e3c102
ed117f14
f2214225
d0f91aeb
1816df37
f47ff37f
d645f0fb
edf9d1bf
07ffcd0d
05f1d614
0f18001a
0d0c053b
e7f0051b
0ceffafa
ec0108fd
f7f5eae3
1ef4e11d
b8de100e
052019c1
142008e1
fb1ada0c
00211d6f
32250eed
e7ceac1f
c8eedbeb
0e26e92e
b4fff90c
0af746ec
31e71409
02fb04cc
0dbff205
25e8e7d8
4afbf621
002d23ee
050cc500
05f80dfe
0201f316
fecc023d
f50ffe02
fcf20267
f0fc1011
fbde2b29
2cd51c14
fe1fce2a
ba03d901
08f70e09
04b0ea01
ea2c0417
bcf32d31
58d54af2
cdbc0bf9
1947d5d4
9800d1c1
0498fc04
e4bcf8e2
ec1cf81f
0aec3323
00da2ff5
dc10e10b
193dd504
fa000929
ed15f6ef
ede4f300
f3e52c1a
09f614a4
003a1310
1df9fefa
03f927ed
d5104010
0f1704f0
43d7e510
d8951a20
ed06141f
131be0ec
0507fefc
070f09f8
f6f2f816
06e5faf1
0af3fef4
fe06f7dc
18e133ea
08dae10b
ebd70501
ef2e3604
1904e4ee
da2614df
ceebe6f8
0e03110e
a5efc844
cb47d7c9
1036423d
ea1c1217
5d0d2223
19c814b5
24e43702
eacbfdea
db1915c1
ff400d1c
fc93e3dd
15fbeef9
becb4102
f83d1423
691bd21e
01fdffbb
230d1592
4200fffe
03e70f23
e8ffad89
33e412de
06daed06
2db5ecf6
2116d923
fa04193e
f301ef15
1cff14e9
06e20711
16fe5331
fd26f81c
e0efd6e3
ecd0f605
0210052e
f4e9fbe6
f81bddf5
1bfceaef
e8070af0
f1c1f9f2
cff70607
e83600dc
1b0716eb
14fdccfa
fe0c0f1e
0608e223
082d01cd
e00de90e
0629141a
0f0e0002
d100fb0a
e922f223
fb0f120c
1df31efb
eff3020f
08eeea02
fcfd2017
eddafbf5
0bee78ec
fad7ca4e
5b0df5d1
0f08d4c0
a9dc4df5
3ae20ce0
1e1ff3d8
0932ec6b
f3fdfe35
e80c0402
f001dcea
26fcf414
41eb0a14
240a09a1
fc04f30f
ce19c4f4
e907e51c
f915e204
f70fffef
1a04f4f7
1a01fded
f6e106f2
d215e6ee
f2f221ef
5f00e142
fa2083c7
26adff25
08fb2be9
c7022028
01380102
0f0f1703
f706e868
f20b0406
07120625
feda1529
eb08e7ea
e7f7d6dc
fafe1c48
0cc4f92c
faf6ef1e
24f216f4
eae7020c
b5e0eaf7
11e52b0d
07edc8f2
07e91119
090a270e
f8e1370e
fd1d3cca
7ffa5b05
2e9ba70f
00e750f8
121c751a
de1f16af
3815b30c
b3f26cd6
1e09e9d5
0f0bdde5
1ce104fd
0f202110
11032b04
eb042011
e3ededec
00fa1102
f11535f6
faf61ffd
19101907
06f22eef
c7f3fb23
fcf5080c
05f2fc01
00fbef19
2cf20b00
eed4feea
1269e806
0ee0deed
2ef10b18
f5cff40e
ecdd0010
d00f9748
0e15fbef
0507ebfb
1af70a0c
ddfafd2c
02f20b16
0cd9ebfb
fca3f400
17fbd101
ee0801d2
fe144637
48b1dccb
140da1d0
e0fe32ee
fd1dd9e5
10e9cddd
0af9130c
ec1625d3
2400eedb
f2e008ff
08f9faf1
0cf2e1ef
09e9efed
0cff24ef
0c0ff1a8
13dcbfe8
ecf4070e
1dd8eaef
2c031401
ea0bc1fa
ec010b13
d23aeffc
1114e113
eee2fc3a
ea0ee9f8
f210eaf5
1df9d423
23eadbf3
130420d5
09e1ef06
fdfdf7e1
0d01ffd1
0104ee3c
e7fcf536
e5fa02c3
f3f51e0b
f4fff4fb
0003fd0f
090700d9
ba0c0cf1
2421df0f
03d70d2a
1bfbe702
f2d2dfe9
14030cea
cbaec6f1
e2081ef3
e429cf37
04dbeee8
ad3c371e
f2013c0d
0436d4e8
f109d8bc
130cf31b
20d70b1a
31050ca6
38fb2711
fafb100f
0720eaf0
e6fb1c2d
fdce2747
2110e5df
352ce40f
0456bc2a
ef1620b0
bbed01e8
2d01026b
ff4b2137
363cd1d1
fdc20727
290af4ed
f70a1ad5
1500e1e3
c5d62cf9
d9fad1e5
e6f3fe22
f81f05e1
27cde60a
ef09f526
150e2c21
eff5d1d5
3e0a17d1
1f08272e
e2daca13
0b190706
0d1c033d
07f2f30c
323d090c
f6d71d43
d235e104
81ebb158
6cc446ee
e0e53ced
fb897aef
ab29674f
03fe3073
f1bd49f4
0ec711e8
ef131edc
99f525da
e713fc21
1578f5ea
07001760
150217e2
f614e3ca
e90e21fd
f9e516d8
d8f1060f
fc2302e8
0a5006e7
0e00f2f1
2f0803ec
10ff01d8
fb07d808
1b123fad
04270eec
f250e417
c0f4ffe9
eee8ff26
2e06e726
18cf0dee
030d1512
e0e2fe0a
27fa0ef0
f87ae50a
167feaf7
07dddb20
f80c32ee
0d04fafa
190c0905
faf43219
f525e336
f9faf50e
03ff2503
eb15f813
1eed0bf7
03f6df1b
12c91afe
f0fc20ff
161909cf
08e9edf2
0336f70e
06e70e1e
31fbe226
e100dbd4
d10908de
f7041fca
e8042cf2
f76204d2
e51a0813
16e1fa13
08fbf4ed
f40aa8e0
dcc507ed
3002c340
81f60fb7
15d11006
230c010f
2b2d0e71
3f1633b3
2bda0800
cbc02de6
0e152906
f1030149
eee6ff0b
20e0f904
e405f02f
c3f6e61e
ed45ac57
0518d004
5d032830
42e50611
dd0c00bd
fc8e1efe
e848ba81
1b36f609
0bedcbdc
e7ece2e2
edecdecd
e81c03ed
0df4eefb
13e403d6
0c2206d7
1efa3418
00e00bf8
01340706
181bfffc
02e5183c
02c4f6e1
01ee10fd
d8b64e40
03eda7f0
011b0481
47edba35
cfc4f2c2
a54129a6
5518df0b
d1af1622
7f1e1513
06e203ee
16f1fce9
f1e50608
fcfb1b24
1b171df2
df160b02
dcddd0e9
0a1bec00
05120bf7
19f40300
e90aec20
eaf60b02
f3fef601
eb00fd09
111e05ee
f208f202
0ff22a1a
040ce60b
25e302f6
04e4d0e0
f937fae2
130cfaf7
150b0b0c
19eb0813
f20f2126
e023c904
c9ebee0b
e0dd48e7
c3f8403a
08391ac2
f9fdf3ac
1908dde5
f7f5d618
062be3ca
e2e0f4ff
1e1209f5
f812d703
1f1e1cfa
27dd0810
e7230632
fd13f81c
091012f0
f4cefa12
f115dbfa
1e1afcf6
edfdf006
fd2808ef
f9df0110
c7fedaf8
1022011d
25f330f4
e0fb230f
c8fdfae7
06eff0fc
e512edfb
dcedeb00
03e5f11c
eef3c2ac
ab112815
09fb31b2
52deb3f9
b9fe20ee
e4cee4fe
e7eae4dc
0bef10d2
0afce20d
0205140b
1ff44cff
bff3ec03
08e4f51a
21c80227
1020fb22
fd0ddd06
8e21d6d9
7aede805
e3e313fd
1c1111e6
f204fad9
f63ce7fc
c7110d08
05cc0df9
faffd9ea
f90ed7db
03e7dde7
32f7d8f6
1a03f89a
fb120313
1d010bc8
1805e042
bcf2ee1f
fefcc1f9
fd1bc803
07fbf117
f824eb2d
1027f5eb
cc2007f1
03100df4
0707f0c1
81c0e92d
1af7beef
1bf6f519
20a80ee7
f328c7d7
eb004fee
12e20916
fefb012b
1116e302
e81f0d2f
15201ce9
09ec1c2c
06262b0d
08f1e2f3
f309f328
0b07e403
fe2e04dd
ffecddea
e203dffe
0a1ef1fc
05ff1100
f60218f6
e3fd0cf5
e104fddc
20e709fc
00f91ef7
01eef2f9
002feb28
fcf207f1
0f0a1ce3
1409fbf8
050a1e0c
cdfcdcf1
da04e2e9
17eace35
d602f806
07f6e7f7
240110ec
2803f214
e1e7b9f3
d24c5241
fe12dd20
e7f5332c
1709d93d
fa09ec26
ec18d314
f1e306d4
fdf412ea
16d9153c
e7da05e2
16efdeec
dcf00c06
22e6210b
f901f503
0ffc0be3
1205e1ea
2317e8f7
0af7f5fb
0ef40bfe
f9faf6d8
fa0b0805
100b1f06
2afd0d21
06ebfbf8
e6f7e828
fcf8b107
0203f9f8
eefa03f6
02eef412
22f0fffc
f0eef805
db10e31f
1c1211ee
1a0f1715
03173009
ed0c1b04
f01d2100
f3cbc01d
edeaf219
ea27d100
16dee702
21f3c93a
0c1feaf5
d90cf7e8
0ff8f314
0ff5d3e2
05100514
08fd0411
ebf8f9f4
050f02e4
17fb0af6
f520e10a
13fb080c
16eff41c
f1f6eae2
45e01dfb
f0feece0
00f6f7cb
f8e0fd0c
06fefd03
22010b10
06e3e4ae
3fd7e305
edb60d0d
0e27c4fb
c2d34a38
2e0bf9f3
ea4704a8
0c5bed0a
0a2665e7
e00ce8d6
fe0e1a0c
11fd11e6
0ef70cd3
f8edf7f3
1125ead4
f0190806
04d83900
daf5e8d2
1f12f722
1df15af2
e8084fb5
f1dc360e
c5bdeb00
0dd2d0fe
11efd942
ede8fbf4
f50bfd19
0bde24fe
1810f2fd
df09200d
0805f818
15e60efe
e8fb040e
fffbf8fd
eef1f702
fc14ebee
faf32def
0a0f121a
01ec00fc
17e815f4
f207f9cb
fcedf105
ffef1001
fb0c06f9
fafde0f4
fe18e913
02e0f402
0ce6ea04
00f6fcf7
ff1602d6
02f32c09
12fdf6f4
fbeb230b
04191c1c
fafdebde
fe09080e
0a0211f1
07ea0bd0
25ec0317
e3e720f2
0605f0cb
db01e2f6
e3eeec05
f8f50009
e806db00
c60d1405
f01c0ccd
ec030704
f3e001d9
2c03f3ed
e40dfe03
e2e9ffda
f9d10cae
17e100ec
fb19d911
d3e6ae1b
0c1ff4e1
d409f9f7
245d1108
fe88020d
311b31bc
d1f9eb0d
e90a2b0d
29ef08ed
12f6292f
fef90613
060cfeb7
1d251d07
f61031e9
ef0ae3d5
000610ef
0be8101a
13080109
0316fa19
fc0718ef
060609f2
000d01e8
dee9fa26
ef040bea
0fe007e7
ea0ff508
eefffa06
11e4fc39
02f80d0e
e4ebe4fd
eb0cf315
090aeb04
e461091d
f70fcd0c
d3e30923
f3def621
141d00e4
e16304f4
b0f8c82a
fb5271ed
d7ecd1e3
1f0c181a
0118dd29
0fe60d62
faf52608
0406f8b5
071401f3
16fbb506
fc0e2706
f732ee14
fc06050a
ebf0ebfa
eb36fe09
29e80104
4505ecfc
e811a1dd
1eccfb1d
0a0616f4
d5010d1c
011afff2
0f110eff
fbfef240
ff0a0cfc
2cfd1102
13ea07f2
03ee2304
efdefbe0
ffe8fe44
0724c5ea
0f1bedf3
0a08fe28
c7e4ffff
f012f6f2
2a023d15
f112e419
f20b1afb
f215ebfd
eaf8ea01
0e00ffe3
12fceffc
ff08f2e2
eb00d4e9
06122b14
040711f1
f61ef7f3
26e9f9e5
081505f3
0dffea14
e0e402ed
f604130d
b1dbe730
fe1f02ff
102b070d
0e090dff
fafaf0f6
1afb1aff
ee00faf6
e904eaf2
17fefe09
2209eb00
1317f10c
dff711fe
db2c2b02
18fa00d5
d6f416d3
e8f069e6
550242ec
ec00ebc6
e8f815e4
1fc6f2ef
ea18e81a
fb0601f3
17d3feda
f8f20ff7
08f4d7fa
f72014da
fff909fb
fa1df6ea
f1ffef06
000ae704
fcfd09ef
30f510fc
0ef8200d
ff111604
fafe120c
f6fb0bed
fc270afe
0506ca16
f003fa14
e91126c9
340122e7
f2f802e0
e923dafb
050034e4
03f9d4e7
08ead015
2cd60927
28f02609
2b3de1b3
1bbdfe61
1c980fdb
1fb135fa
000eff81
1bf4ef04
e0f426fc
fdf7cbcc
e3eadad7
12e7fffc
17c7ebf0
fbf8e944
f129180f
dcfa1ddd
00eae2e7
18ef2510
dee708e4
0a0500f1
f831f3f0
f50903c7
fae81931
e4e546fe
f918d220
fde02bbf
f1181503
00f0e48f
fcdf1329
0d0247e8
dc0bdef6
1d191420
02f7fdfb
13e4e119
d41500e5
0ffae12e
ebfa2806
14ffee02
12e8e9de
0df0e818
5029f0e9
eefaec29
cbfd1d1d
efe503e8
dcfa1e19
050b09fe
e2f31f09
fe0afb05
f20b2826
09e510de
f3060421
e71e070d
fb102107
f7110204
0d09fff9
0a111710
03ebf504
e6f3f909
ff03bf02
0811ef07
15eafd18
e5002d11
0ddd16a3
04d4fd1e
ee090ae5
1214cc15
f8f40d09
f5f9f211
1fee0304
09fc05fe
1805e60d
f9e10407
f4fe0402
ead6c620
fd0ff9f9
0ce50a13
0d16ee20
05151b02
fc18180d
081dd732
f6e507e8
e118eafe
09fc13ef
1c041f17
ef0de4e7
f8e011bc
fcd2f70b
c212d802
eae01fa0
1e2ad7fc
16fd32f7
f6f93c3b
c7f80cf9
fbe0cf62
3523eeef
0f06ff3c
e91604c9
10e8edf0
31020a05
0722e1f2
fcfcfbf0
f0e618e7
fddf15e3
1103e92e
f90621e9
fc05e0f5
0c04e2f7
161d1403
fbff03ef
dbfcf0c7
10f31ff5
0310f9da
14000c0c
1907fe01
c10504f7
05ddd40e
0cfefcf5
2e041cf8
0913fb0d
06e133f5
fffef222
14e700d5
e0092003
c9ee1ffb
0804f8ee
f303eb1f
f22f031e
ebe3d739
1c290313
f4e71026
c70d13fd
f113eafc
21db183e
0500174e
e990cc1d
f1130d2e
0bb420b4
1ae11b13
c1023800
09fc28e7
e817bdfc
ea00cb01
f00215e0
21ff11e9
0509063b
ff040de1
0a000bf6
fdd0f0eb
09f60cf2
5ee502db
211a43ff
1cf429df
0d40f14e
10eec403
22fe09ff
d1ead428
07e2f613
231a13ab
05330947
fd0506f3
f2220eed
c80e2b09
ffff2d03
061315ed
09f8f81c
fad94725
ef15371b
281508ee
f8e0272a
c2f92e28
01fd0903
37fc34f5
1efc1320
00f72500
ef19ebe6
fc000006
1f012202
eb090ce2
1bf3f8f5
e0d4fe09
01053ddf
1b15f60d
1813e40c
06dfbe19
eee0e3f2
02f01513
f9164403
292702f9
11fd2802
e8fcc744
f9e7efe8
04eb54c9
f406d1ea
d4c704bf
ce06da0e
f1fcd913
2f1ebdb2
451c1de8
f60be3e1
00d4bfd2
c0f21a30
3d0c02e5
083efaf3
e72e41f9
badebbf0
01091a05
1bcab7ea
f715f500
13fff6d4
0f24e80a
210d09f2
fef5f6ec
18f41607
f9f9fc0c
174cda09
fd181c01
0b6800f6
1326e6ea
05f3e7e9
efefc11b
0eda21d5
f6e5211f
14dace1e
db1d012c
f83214c7
e01de8ef
e0030ae8
fc0933e0
26f91af8
b6d9e7ea
f0fad2fd
ea06031e
ef26fc24
e319dbe2
d9f0f900
ef01d712
e4f4eacc
0edff6d0
22f40008
03fc09da
e2fc080c
e5091724
dffdf2ec
2825eacb
d017ff03
0ce60215
ff060503
feeec6e8
0fec1305
cd1dfeff
4303f605
ea1a280d
f511ed16
fa16e607
e510eeda
021c330c
f21300db
10f0e515
f806e517
f90a3730
1a0d23e8
0e1ed4f0
f8240ff9
193b13f3
091cedfc
29011fdf
e0f8f0fa
d0e60412
f1222800
fe05ebe4
0318edf8
f1161bfb
0fc406f8
1824edf1
e205f707
eb03f4fd
0e0624f7
f9eaf717
00d5fb0d
e4f5e61e
0dfe08f1
0bd61bf3
d8f413f5
0214eff8
14fa1ae8
0820d008
d92c05e3
12de3928
1de8dc0a
0afaf6f5
ed001910
e8f02912
b700ea1a
0818dade
eeffe6fe
00f1f4f9
e1f5211c
340c11cb
4d3fff0c
0113df0d
1cedffe1
0814f8ed
14f7f0f2
fbf511fc
e20a0c18
fbd8010d
f1fc13fa
100704f1
1119dcdb
0a10d8e4
013208f3
072aa9ce
0be912fc
3ae8eeeb
211607f7
f3e1d132
eef0eaf0
0e04e9f2
e60619f2
06022222
0ffcf213
fafb25dc
0cf3ee18
12fd0314
de19ef02
0d0504fc
0ef814f0
ffcd1214
26ffccec
2a310fed
1e5de497
06015528
2e0e9004
e21c3d06
160211db
0815fb16
dffc0411
1e08ebe5
29fee92a
f5fe25eb
120ad903
f5140afc
d80d0cfb
2400fd19
f1e40c05
d41625ff
0cf306fe
05f4fb1f
e51aff0a
0306fa23
0c111bf0
fc06ee39
f3f304fe
ce15e3ed
1b15fc07
0206ac07
1018d808
fc00f4f7
dfe20c04
dcff160f
d6e9eaeb
2208fd21
0cf61df1
f5f801e9
f0eb02f1
0d0b3740
defc2106
04f33015
0f0adbe3
3c2709f2
e7fdf746
06e54413
c2fd0e0e
ecfb0039
ed081bf3
f3e8f4f2
f70fe005
3c23e2cd
25ddf52c
0a0fc1f5
edfe11e6
fefd0407
1ee80b17
f3eb08e7
05d5c8d1
fff8defd
09091907
31da06fd
e306e2e9
d3050923
b61ee645
0ae6a4f5
61183e27
0a1c07c5
d9f8071b
041701fd
a61a15d8
27c6f69e
f515ec1c
f2fa01fc
0e11fb0f
f1f709e8
0300d408
f30404dc
090b42cc
3ad5d05c
fd3005e5
f50ffa14
020ef9fa
dd19ef0b
150afb01
db0ff4f2
e802d9f3
ee15fafc
09dae4f0
0ef42fd3
18cef437
2115e614
deeb180b
0d2c0a05
2cf0fbde
06fac0d8
11f80c0b
0100fe03
edf6fa1a
28ec1bfe
fc02f0e5
01184802
0700f406
fb020c04
033bf5fd
eaf7e90c
fc080312
d804e525
fffbfd06
02011003
e607ec08
e6e6f931
f0d51315
f5fffe0d
ee06ec17
fad91225
06fdef26
fe16f2f4
03fe2bd2
0603fa26
fa071d15
0c06fff6
00ea0bc5
0bf7f0f8
0ff51107
04f9b702
0e050735
3808f4f4
ead30011
080b1107
dfcc1118
21e02d36
03f307fa
21f1cef1
ec1301ba
08ef03f0
f3ee0df8
06f2ef09
03fde8de
030220e2
e3e3ea1c
2e07dd20
22e50ef2
ef17f010
26ed0313
0613caf1
f61bf21c
0dd9ecfb
fdef04ee
1605e418
3000e309
0513c6f4
142b05ec
2a14d60b
eb01f11f
22fc1a32
60fc1914
27eefd14
f2e1031a
c614e7b2
e6fc02ea
fdf4e8f8
fdef18f3
c6021537
cbf3190d
f432cf30
010222f7
fb04f91e
000501dc
f0fe10e3
e7021405
02f93f04
ca09df11
fb050524
f5fa2d43
fcf5ee0d
fad610e2
0df1ec11
f40df421
f3f90cf2
dae32731
05fef804
f1eb2afe
d1e6e4d6
ece8370b
f504cf39
fdfd07b1
fe271afc
e1fef80a
140212cd
ef0c08e4
e7ec0a31
1cdf0806
050ad215
f9ec24ce
1502eb11
ebd40c21
26fa3c03
1902acdc
05fd02ee
2fe61238
fbfdf2fc
2502e611
07f6f4d8
f605eadf
0cf9e6fc
ef0a1f04
06fcdd13
fae10f10
ecfb2219
32f1ed25
03dbef23
541afcfb
ec250c0a
0af41ae6
e6f423fd
f12602e9
f10a05e6
0b0ce515
1519100e
11fb06ff
f5fc2e0f
e6fc1d06
1121fafd
157fe8f2
231143c6
f7400b16
f1006102
1fdf0cf9
d514c5e0
07e8db05
c402e108
25c908ed
ffedec1a
05f800dc
fc070ee1
f5ec0504
f9fdf0ea
05d21e06
df210bd3
181d0613
00fa1402
f1e3d022
37fef1e0
f722f6fa
d81b2de4
0a0ff713
ecf3f70e
0ce2ef17
f53a2ae4
09c9fafd
0505f9da
090b1412
0df802e2
f6060eff
1bf9ff0d
d415f900
f81d1b57
11fba907
cbe600c8
f811262b
edc62fc7
472609e4
3ceae2e3
1b1607ed
f9ed0d01
04df0600
13d1ef00
0bf71502
02fb0713
13f93bea
00f412f8
1ce614ee
d4ccfa75
5318f701
2e25d71d
1cd3b606
0e27ba41
cdf6a8f1
66ded12b
21fef9f1
ff311410
06dd1bfb
1bfae1fd
0e1a0ae2
2e0b0de5
e31c1cf4
e809f5f1
f20405da
fffad601
fdf02b0b
f51217cf
dd0b0c07
de11def1
07f81c0a
1af8010e
021dfae9
061bc51c
da19140e
d100160f
dffd13eb
09151cf8
fef81410
e205fd1e
e1d1ea00
fc0fd01c
e2303318
e4ee0cf3
0118f4fb
ebee09e9
2a3bef1c
dd1317c1
1b28001b
eaf5ebc9
f4120f08
f2f6d7e1
faf91110
cf000d0c
e7eaf503
01fc223f
1606fa14
f404d4e9
f201e71d
e90f1214
fb04f603
07f9d811
0fe40501
00f1151d
f8def803
e9f62b1d
fe16e400
d9db13f8
34f12a17
0305e3f9
2405d31b
e20c38e4
26200018
f3ecfc11
18fff1e9
e3040324
adf6e805
f123153c
eefc080b
ec11d81d
e21ddf21
f615dd22
bdf80c2a
df14240a
ebfbfc24
08131216
ec14fc31
f312f83d
e2e11029
ea01390e
f8280cc6
fb133203
a4f1e10b
e002c501
f0e92de7
4ade0b3f
f7e407f0
08f5ca05
23f1052d
111bf31d
edf30104
0c11df2b
f914fc16
2df406d8
022b0101
510215ec
ff0204fc
fbf0c910
ddfefb00
4df7e004
fe06f70a
0a031031
12e41133
d906d2f5
0f161bf9
e205f605
1604db15
02062be0
fe1301c8
dbdc0619
0c180f09
03e905f5
0d0111e3
0d2af621
fffe0dff
ed291fe8
f9e20a30
d9f4e015
e810dec9
e40445f4
e414f0a7
b52dd7ba
c8f0f7eb
c1fe372c
3123fbbd
f5060728
f82117ce
14fdda11
eae0e9ff
f61dfe27
030226e5
29e71fec
e3fd1ad8
f41a2829
260eecca
bffc3229
ede72524
1a16f641
121d1af1
d0092f46
1824101b
e303f842
06fcf436
16da1f2a
042ffce5
192109bc
fef40002
1e258ae6
02dce516
de0310c3
0ffc19f4
e4da10f1
fa06eef5
f1ebf8f6
370bdfd4
c8fdc0fb
efec040a
33f71358
0034fbfd
b0fc15ec
030a0115
000303f1
f7ff0400
7f00f5fa
00fcfc00
fc00f9e3
16dd05cd
1de8ff02
f943022a
e51e05e7
2f01db16
1e0c1e0f
11dd2053
fdf5031a
112d0fe8
f0f70407
c3370fff
0cfd03e6
db1ff10a
def8d6ea
b6ee1931
e6334e46
14100f34
e9f9fec6
15efd1f5
c1e21d1b
30f4dfd1
fd29f3fc
ebfce1f0
d1521b0b
dbf216f2
1306ecdf
cbf1f412
e9f219e7
ec1c14e9
0ee9d0f8
b10c10be
ff1f3202
2935f013
070802df
10c706cf
f12c13ed
37f3fee6
0b051e13
17213610
1907e64d
00632104
0736b6f0
19e74340
01f40f09
04e21610
e3adc5d0
23d4fe1d
5308d3b3
03fbf9f7
ff0533f3
0ed504fb
f60813fc
f502e210
030cc9eb
f211fd0c
e3fbc70e
e90709f4
fa12eafa
f109e70b
1b050712
2affccfd
d7e3e230
1d01ddf8
130800f2
0d1fecf9
040712e3
0c1cf9df
00f1fbfd
f5fcf4fc
0ceb2216
17e110da
08020c9f
24c2b4d0
f520c4a7
005ceddb
01fe1c2b
40054dfa
07063407
e010d6ea
31e2d756
01ecff22
f602c9ea
0a2be7fc
17fd05e6
1c060a0e
1ff72010
ea000eee
00160cce
14b9181b
fedd42f3
0eeb1eec
d1cafae5
3004fdfe
fcfde307
01de1008
06d5f6ef
da260022
0f1195dc
0b0eb7cf
d00d5437
a41e0415
fbdc10c4
7e622da9
ddd5aa04
0616ecd7
f7fcea23
0b0bebf8
c0f10c0b
04fff8e3
faebf302
f811fcf8
190df433
07f80312
e0141624
e81213f6
e5f1e1ff
d5f0010e
f509f216
0704cd1e
11090e18
040105fd
05fad1fd
321af137
f01ceaf5
e3ecf9de
00f70b30
010f4ce5
11310d10
11d610f2
01e4f5db
d6d606df
c319ee11
1602fa00
051efbe4
f3ea07fa
1e0df0e9
fdd6fef5
49ff0208
000cfeef
fe03f901
0bfefdfe
fc09fefc
05fdfffc
fa00f13e
c2e019f1
f5324c2c
f0c1f933
d4e7eafa
27f90c19
fd0706f5
14362122
c404ff26
f804a601
0d03051f
02190ff0
0c050904
e6020afd
1d17f009
f410f6e6
0af304c9
f8f31d01
f50918b4
fcff1dee
f205f0f6
7ff3ecff
05d8b60a
2bf614dc
02feede5
0412ef14
09f6bffc
122cd6e0
f517180d
2e05fd10
13ec2709
fbfbdd10
f815ea17
02e2fe06
dc0ae4e9
fe91cef6
265acf2a
69eafdee
b9fb1601
0bf3e816
5e0a091f
2210040f
111bcafc
e50615f4
2ffe0d2e
1ce808f4
0212f30c
030ed840
0dedeed5
c13a13f3
0c181f3f
f423e4e5
0e02e915
180214f0
d4f2ec1b
e7f12a15
c3030706
e6dff730
35fcc048
3519f5d8
f31e2972
fbff2af3
6d12d7fc
0f1209ef
36060a81
fc04f3d9
ddf318f8
fe16fb0a
f60df90b
1a040507
e7f6ff04
e5d01917
23fe0b0a
f7e820fe
0aeb35ed
070702dc
21f3014e
fc0901fb
1b121110
02e51617
e81f0302
070a9c0e
0cfe0b18
fd020108
fafc01fd
1200f2fe
e9ff0417
f50ff506
12fafb14
eaf50f12
09f312f3
24eef207
100bb60f
45e8ea10
0df12af0
e802d900
3303e8e3
eecbcf28
f0ff19ca
ee340f10
20ecf90b
b825cd28
1d04f9b5
2ff4eb0d
03e805fd
11cb0a05
f2e1dd18
fe233fdd
d5f20bff
ed0d0f26
05d02de0
bcf3fbfb
f50aeaf5
e0ccdc23
e426f8ee
00ea12e5
dc0e0b09
c6fc0607
ee273c0c
17eb002b
e714dbfc
1bfb0226
0014fbe3
fcca02ec
f8f7090e
def911ff
0029e724
0d02f506
02fd18f5
9f260512
d311b5c7
7f1951c0
d77fd88e
3616f7ec
d62bc9c0
fc402a7f
72e52dcc
23e40710
00fbf524
050f00f6
edf2cce6
d3f4fc17
faeaeef3
07f1130f
17ead904
c725feca
0fe3eddc
08150122
d41014e2
120ad9d8
dafdf4f9
0011faec
fd28f0ea
07060916
0511fd18
1c040510
eaf1fb1f
1f07fdfa
ee04eff6
f805010d
0b1828fc
1131090a
f5fce9f5
1f0411f5
2c24c700
27d70807
f709fc08
11fb1816
1404e5f8
29fb09f1
000edee5
c6d2034c
f5dced06
070bf102
ebea1803
0d29fa36
0cfbf9fe
0c030ef6
f626faf5
e01f19f6
fa0c11e6
320af5fc
fcf4f205
0508e01b
330636fc
f6ec0109
0bf5d0c9
fd0304fb
0ff548f1
d007dffe
0cf4eb1d
0a0af308
f0df3605
e201fdf6
f5104005
0501da1e
c8eef608
f2f51eeb
f1f2d826
daf910ff
f922e126
03f3dff1
eeed12d3
1e260df3
00f920ff
ff07fd05
f30bf104
1afff3d7
fa32f8d7
f610fbfe
ffe3edf8
ef1ffc00
fbf2f4f1
c30303fa
f4fbf52b
fe1ef8d2
1fdf1609
2aee0bfd
1ba62fe1
c81a1ff8
acf84a2f
f9feb827
f5fd5bd2
1de781ef
fa1617e0
01b80fe2
0ef22e1d
0de90f0a
1405e814
12050211
07f214fb
d4fb16f1
04e016bd
cc27b0f5
fbe50ce6
12141d21
01024011
11ff0b02
eb1e5c21
df0b02f6
0a401524
25f82016
1314370e
03da1307
051dddf7
d3f6f006
04151ff5
fbff28f9
0dfb05d8
1ea4ff18
f614712e
09033b36
3dc9ebb0
2cca27e4
3f280635
d3d9e32c
40223c2c
1b0c19e9
fe141507
faecf01a
040bf610
f602f20c
11091f1d
0600f924
37020b1b
dc0cec01
0df0e91b
faf5071e
ccfb0aff
4cf0070c
2509fc0d
080c230a
f8d9f31d
d4040c0b
e7eddb0f
030ab1ed
f7e8ef07
2935ee16
32020105
10f5ec20
24d6bcf5
31f207eb
100a1d44
0423de4b
190dfc15
ce32f1e7
e502d3ee
f7f02a09
2efe07bb
fd08ef11
09fb00df
fcf8001f
f3fe210a
dee70a30
f316f5d3
2218e6e8
120402fb
e8d94351
0bee1cfc
f6dce006
21ebdae9
2a04270a
fbcd3cd8
0405ca2c
180adf0a
00fde8e6
ead10bf5
1b0e5c0d
f3d7e71f
0326ffdb
130d1f00
343d70cd
cd23f600
39f406f9
0be740f7
cf07faef
0f29e000
dd1ff82a
10f5caf6
f0ffefd6
fedb15d6
e4eb0032
ef2207de
011a03fd
1e071717
fffe0709
fffa1816
f2e62a0c
f20b0b23
fd100b04
0bf5fdc2
de0ff518
19f71806
db1001f0
e908da15
ef1703ee
1501eeed
0efb142f
0d0a30e7
0eeb0de9
3bf40c11
f80f08f2
f70a3627
0d03f5fc
e8d6f2d4
19031307
0712f801
e3010b08
1f031ef4
05f2ec10
cafa12ef
f7fce008
e5f8e217
030ce40b
02141912
e0f11cfe
f51811e2
0afef9f7
15f81708
25cf02e2
eaeadc27
fb0405eb
fe074137
3dfafafe
d0130cfa
fc09ef0c
e7103312
1b160d01
040b1f22
e51efc06
0b195127
f7e7f816
c91d0ceb
ecf6e6eb
001f0a1b
da0c09f6
d602e51d
0ce5fb02
f205e009
f5f414ec
e9f60104
d8170ee1
ee050a23
d81a0ef2
fb01f1f7
d614fee1
1101ea2d
162a1d2f
022e0039
11f806f6
1dff0513
17031606
3d13faea
d4f4e4db
f4fc2526
03e20903
061402fb
ea080bed
0ffaf4f7
13081532
15020afa
f6eb12ea
f9fd263b
f826ed06
2e05f0fa
e206fe00
edf70ef6
ccf5efcd
1bf40ec6
fa0feb26
01ef3e03
06def925
20031cf8
18f9d60f
0f1828ad
0ceff6f5
ee00f420
25f808f7
0cfb1915
0df20cfe
0ef4f805
d801e90c
201514f7
ff160d2a
fc1be2e4
09360635
3af33de6
02e5e9d1
05fd46e5
6306070b
f6fe18ff
1d0b0636
2311b900
0b08fb0f
eef305e0
f10cee27
e4dbfc1e
edfe0d28
ca0fc319
f7d514ba
0c170d30
e3e3242f
c8e21613
c218c5f9
d5f2e7ef
f20d2fde
e3efd41f
dee421c7
32e8f626
f2180e02
efee182a
eadc16fa
e911d9f8
fdec30eb
f60313fe
0000ddee
2cf1f51a
1322ecfb
e8fd25fa
fc0207ea
f40bf9f0
21fef801
0bed0d07
00fffbcd
e605f200
fd0f0905
ff1416ee
0a0d085a
242f2026
b9f70605
ddfce5f6
e3feb800
37100b68
e7fd0af7
fd03fe1a
07e0c20d
22fef709
08f7030b
2016f6f6
3325e80d
20f7e919
efc3ff18
24dfd2f7
21f6fc16
faee1840
ff0c38f0
09d7dc3a
d509dbde
342508f5
dd1cee31
f425f3fe
e5ebef0d
d40b1d0c
03f2fa2d
f9010324
10f316fb
170f1524
f2e9ffee
fd092fe5
0ce411ea
f8e909ee
2cf62ce9
02f00d2c
f6f132ca
03061326
0232f914
f5efec1d
0a030c24
1b0bef12
24ef1c06
fee41df7
0601f4e1
12ec2124
05ff070c
eef70425
f8291c46
30e9d4f0
34de091f
feee99df
020f1ffc
fbe71551
090b04fc
f6ee2317
000d0728
ff0cddfa
f5f20801
0f111502
fb15f4e5
18fe13f8
fcf0f0d0
08dcf9cb
f4e60d0f
fef53029
35fdf7ff
1804fde7
0002f318
e80de20e
f72d13dc
ee012a03
06090fee
29fafa05
1e04ffe3
dffe0b09
0c05fa0a
03171146
fefc101b
e9fd4600
f1010cdb
b305e3f3
1d06e7ea
f6f5fe1e
17ffe318
0cfadc14
f71addec
0fe10634
d82611f7
fe072afb
e9f3eee3
1a012b24
0ed5ede7
11020d24
0ef3eb09
fa1e1f0f
e6f610d6
e1f80bf2
f3ed000e
201bfa06
fc0313d0
0d06180b
fd1802c9
0502be0f
f8f138ff
c1e5fe2a
fd022306
0e1cac11
e205f2e2
42031be5
2f0709c8
efc1cedb
47cccc24
cabeb99b
30063f32
e4d5f33e
7f7f731a
8bb67fff
0bf30504
fe0d0eff
f6dd1203
f20af505
0602100c
180b280f
e30801f5
d00ce7d2
931f0881
f64ba381
1bb58e32
d188b8df
dba3a3d6
d77f54c3
0aa7a5f3
1b9f4df9
111c0702
ff012015
fd110dfb
da01f32a
091df30a
012704f6
11fa281d
ffe0f1f4
fcd9f1f3
dd34070f
edd429f3
f114ecea
1c0ef6ef
f0fb17d9
3c0d0f21
ff341456
111c1f09
12f9d7e6
d6d93810
010bf3fd
150ddfe5
06fc31e2
d0260dde
09efe9f3
bb110ebb
fd7f36d8
3b25ccb1
f29343b1
017fd965
f261ae59
d4e6b7c9
0e0fd3f8
2413fde9
edf9f903
f8f90aea
dbf20303
eefdf5fa
00edfadf
010afc35
0e010118
08f8fd0d
080408d2
0622eb2a
1013f5f9
f9f90f00
f3f406f6
fe06e612
09f9e7ce
01f90900
07081118
2a14f615
111fe818
3105ea29
1e0f21f6
00fdec12
cf13e904
0c0506fe
f9f70411
f7ecbd1b
f0ffea28
fc0112f0
13ffe81a
f00211cf
eaf6f2cd
03100302
ea14f009
06eb1303
0dfb07f0
e403f900
e60c2918
eceb0023
f3f91c31
ded3013c
1d039d36
1a24d276
c437ca67
df1cedff
35f50815
e4fc1a98
1edf5920
1301040c
04f4fce1
edfa1938
09fcf30a
2bffe1ef
f8feff09
000b22fd
040509e5
7f0bedac
fccf7fda
d208f381
d1026806
1f18474b
f81fa6fb
ded2037f
0b9c4f09
04e61011
081b0d06
f119f524
3a110ff6
eafdf607
ee10d7eb
42ff040c
12f338ed
06fcf70d
e6e96d94
ffe7e03c
020e110c
0fff0504
c4e3fe08
0be5e40b
0516d740
e23cfd23
0d0cece9
0e14fe14
03f335d3
e90e00ea
01d5fe11
0a021d11
0efb0367
09eef4f2
0114dde2
11bb1906
160e0eee
cee4df25
1d0338f9
131be2fd
d114011f
1d3054e4
f5f91de9
ec0ce640
0704c0d0
1afbe10c
b4ea04fe
f8fc1214
fe03095d
ef3087fe
dd02f211
020a0dc5
061c01e8
e6f9f4f8
f2f81cf5
f7e008ca
14f1ee31
1af11519
fb1f3600
d4c2ebff
dbebf6f0
b6060dfa
eaf801de
c709d528
eed5dceb
f5ea0cd5
14fccf24
08213945
04f8c0f1
4e0ae9f0
21fb1b12
0e12f3ef
01ed30de
00452bf7
13def30b
ff22cee3
01f8310d
1efbf31a
e81cc909
dfdf4313
021727f7
fc07edf5
07dff415
fffce420
f0f32cf5
beef031e
ea0d1be6
c0e6fa10
ebf70f32
ea3903c7
051ceb79
094619e7
e719ea12
1107f6f2
1c2c0b0e
1911110a
e30219a4
0213f4cc
1a07f124
f8f1fa02
050feedb
10eb11f7
04efeadd
faef1622
29ed0dfb
0ae209ee
dff3dd1a
0122e1a0
3e3a1811
cc22d4f8
d5251ce1
e6fbfded
f6ecf9a5
ec13072f
030a1bfa
230f4103
290fd415
16f722fe
0a2d0130
e4d6c5ef
1b0d21f0
1b1d020a
df05e24a
f9fcfe01
00f3f9f2
f4f9030b
c0f6f7ff
cfeaee15
c5ee0b01
20fbe9dd
10f909e4
2aed1d2b
09f1fbf4
f8fa0a00
fae41511
10f2daee
3716360a
f91eea45
f71f09ff
e3fffc49
0ede164c
37ff13f4
d5fa04bd
ead4321f
f9e6dbd2
c9d40525
f7f71409
010ae54f
0909c708
ec1109f1
fc11ff16
f20217fc
f9e5f310
dc26bd3c
1be4f52b
f8981cde
f80a9e11
cefdba04
dbfbd4f4
01ed1620
b41939a8
fe40b926
fb02370c
1b1afffd
f8fbe6d9
5af7c5fe
f00e29f3
0f02f50c
fdebe02c
f6cc00f6
0c1f3d17
fff5ac41
beed0ac7
d515efff
ef0200ce
06240739
18072dba
d22b0d5c
ff17e678
3fa02242
52e4d9c1
3caf30c0
0ff93117
17e50291
a67fd108
1201f9ff
0206f926
0f0aff07
36e80ced
01ee040b
11f52b02
22f7bdfd
b703e736
f1d5080e
00451215
2f04050d
330ef7f0
1e03f50a
04f2e010
f3111ce3
c702f712
b947e8e9
10bb0cb2
d2e6edf4
00092120
f3360a1c
e20812ca
2d0df828
08cd04dd
0a000e0e
f01be91e
e9091502
01fdfe15
f90901f7
fc14e8f7
27210312
f00a0106
f2ed05f1
08fd0917
0ae6f2f9
1d1a0904
230b1b00
ed09d609
150ff326
ef0417cc
fd0e0af8
0402d44a
27e70fb7
0c21061e
cb13e5fd
1b021013
f2f8edcc
ead6ed27
09040824
e000f60a
06f305f7
c51803eb
0f0211e7
0bf3a9f3
08d21a28
eb09ec37
f9ec08f4
01f41e13
fff7e0ec
231fe2f0
4df4f11a
f6042f11
eaed122e
1209efe9
f6fd100e
fb0106ee
0ff81fe4
01011edb
150ff9f0
0efddb02
16141a38
35031c18
05081609
00f0f705
fbe80efa
0fe903eb
f6eeeb12
21f7f80f
f108122f
101009e1
e5f3c9f5
1809e427
070dff23
c0d82de8
f515e1e1
fdfbec0f
e915fc1c
ec1002f2
082cda0d
0a1518ff
01051a02
2fe60101
040b0ffe
d82d1ff7
1335090a
21072b11
0c062b12
1afefb1f
0ed6fe09
02ed1bf0
0316fcf4
20e2291c
08050229
f505fbde
f6f103c7
fef71c06
e7ec0ac7
f61e1bf1
f2fd100d
1924caf6
082aea06
ed09e5cd
f8e9fbfd
f1ffcad5
fc03df0b
1d082ce7
f4ffdcfd
eeede7e4
e5f3f327
30161cf5
100a1de7
0e0c1810
f90f2116
2cd0e51c
1b022bef
d0f83204
f6f5fe26
172122b4
1a2d1be4
7f062419
ccf91033
efb735ee
f4f31811
730e19e5
ee0edf41
e7ff230d
12fefdd7
d30a07f7
12dd1df0
04faf5f8
3106dc00
f50813fe
301212eb
e10a1324
dffa000c
f1ed0cfe
27fafdfe
14050414
1cffd60a
1ed8001d
fd0ac929
f0ef0a41
fefefbf2
f20d1ffe
0a05fe59
4dfa22f6
dde9da07
e3eedde7
e70f032e
3e1f2b30
06e701ce
f0e403d4
fdb7fce8
ff23fef0
f6160915
130b2917
11de3f15
120ce31b
dfca070d
15eff9f7
f500eefb
cb0d01e4
0df01404
0c1afc12
2902ec32
301610ef
18d90661
05110ae5
da2523ff
0bdaf711
03001b01
0804edf3
0435f4fc
f8e30ae7
e412fefe
07f4df10
ff070428
1be80c09
df0618fa
e8142426
1817d82b
0912d016
d62718f5
e5f332f6
ec0d0dd3
fe14000a
f90ce4ed
04ecc8f6
d9240dcc
07f532fe
0d2903fc
00e00100
eb12f4ed
eb0c17f2
d3ffe2fc
03f44009
f80103ed
d810ece8
1fef0efd
27084d1b
c401fc17
29391adf
fde404ea
060ae327
1ef7e1f5
0513eaee
effa06f4
f70f12f0
082b1d30
dd28f3f6
fc050cf9
01e30bee
e8f3d8f8
d201070d
06c8fde5
faf8ca07
08fe0a35
f6ffe6f9
f6fb0909
13f1f90b
f5fd031b
edf9d0f3
1e1b0d08
f3deeeff
2610fbe8
23d900fd
f0eefdf5
eb13e5e5
041de71a
360a000d
33fdff21
faf904eb
fd0c1ffb
fdfafd02
ea0ae2ff
ffe75cf4
1425bff2
06fb311a
10e30023
1fdee8f9
24ff0127
0df5e9fa
e7171110
14050808
270ce7c8
eafafdf4
0ce4f6d6
f1080ef8
12e6ffff
48051817
cc1702ef
17faf918
1ef7f9ed
b10c0511
c81701fb
073feb10
d9f5550e
d2cbd91a
00ab177f
e0f4092c
a5007013
35dce0f8
d4431427
e0f60f03
e120e409
01feff2a
090bfef1
edf6c6db
ec01e111
f002d4f9
e604f8f6
ff0b25ff
f6e4b5f4
e423dbed
2e07e912
160c090a
ff200700
fd21f4ed
051207fd
01fdfd05
02f81de5
c91828dd
27fd110f
fc03efeb
0a0816e3
faf0e129
150dec0c
0206ceff
e9d613fb
fb11eeeb
37f7f50a
e8f4e815
fef005e8
ef01edf7
d3f90d16
f5ffee25
fa140b0f
11f807ec
1e06e1f5
fc030902
dc0fc81a
fddf0528
0a13fb0a
f00b0af9
e2eaeeef
e5080226
4716d410
e1f8dd07
0317ffdb
f1fbed1b
04d5ebe7
fae6dd22
2a0715ef
030506ea
1ff70006
f8f5ccee
09d922e7
10f80ed8
e8e2fa21
f52e0c46
1e17ea10
02c413d8
e2de2be9
1bf0f521
102625d8
1519d20b
02ecf3fb
0c0df8b8
0009e2ff
f3def602
11000bf3
0bfdbc15
29ea3617
000d1803
09f816f4
f6f7c4d3
defe0816
2c2808f3
ebf8fffc
ec190711
f3d6d9f8
d4f0353a
f90303e1
09300b12
0913de23
094d13f0
dc0403f3
25fe19e6
eb201b22
07fbbce6
0d08cf19
093aedb8
91e90b28
fef81ae6
da0035f6
13b5f8ee
e3efcb26
81462f31
fc120916
10ea2017
f6160209
1cdc24ea
e30209f6
11f7f3f0
0aec03e6
3beeffff
05e1ebf5
1301f1ed
c5ed12dc
e60e08ec
0a09eef8
1d1aff0f
f80e3d03
f81b04ec
fe021c09
05e8e007
08f3ff0d
ee11f9f3
f81216f2
defc04fe
1202f700
0a1bea0f
1d331e02
01ec280d
030d0417
e8e8040d
1300d709
e900f50d
00d819e6
fa17e005
1e070ffa
ecff21f6
f5f9f4ec
51eed522
0707e114
eff6451d
f81a18f0
1ff1f6f1
2becf218
fe2020aa
230e0303
e91630f4
f7eb2ceb
fe053a20
0e214915
fe2107f9
2a1110fa
0414ed19
f749472f
1802edee
0bf206fd
2cfc252b
11f3f627
23f93316
20040840
e52309e8
ebcc02e6
0d011744
26e2c804
d40295f0
0819faf8
42f6f6fd
da250c2c
f6e1b6fa
26e92502
120a0404
e7e4fefd
040a15f1
f4fc25b7
22fd0024
e0072300
fdf2e8f7
0319e9b9
ec10cccb
2a02fe0b
f0e6701b
48e1a73b
1c0c02f9
1a4c0b1c
dd02d206
15dcc0e3
0d081b1c
99061106
9f06cac8
16024013
de05f6ca
0ceb01f8
02e1e828
fdf5190b
aa0a01de
e81006df
edfc0108
0805e2fb
f7e60714
e200ecd9
f8f45410
c929ebdb
d41805be
f5f007f2
e309402b
e70709fe
e819fe1a
11fe09db
02fcdae2
22ee1226
f0f3080a
5216db14
0ef90ed0
ec2a2600
fef813e6
0f000009
ff06ee27
fcb0f622
03f44bf3
f6ffeb03
20f20a1c
fefdfd08
05ff1adf
fd072c19
14f2fd07
0fd40c0a
f1ea1dee
02f0fc00
2810fcf8
ff2808f1
121b2c12
f2e67f30
f50a15f3
00f61143
c7391b7f
daf6f4ff
2e12a51b
07f138ce
d6f7f51b
eed91900
07ffef05
090d29e0
36f5cad6
0203d601
040ed8f8
1cfdfc11
d80ce9dc
cd30da1b
f51afb31
4a3f25fa
3002122e
10ec21e8
1432ff2a
17fa1821
1eca18b9
05040f07
00f900e6
05fe0108
ea12150d
e904f9fb
e7ff0910
fe07f8f3
f815f7e8
e7d604fe
10deef42
ecfbfefa
10fc2832
99fc15f8
0fea22e9
e20e06ed
04ff0018
d7e8e526
01120700
cb01fc45
ec2bc8eb
f4d404f5
1c06dc23
1009e9f8
1fec17d1
f331f204
de524551
50b403dd
0ad032c0
50c42cd6
ccd0feed
e3c7eecf
1734cdc1
2de60fe6
0405c8e7
e0d9db15
fe0af6f3
d90ced0b
f6ec9601
32e20e0d
0f1308ce
0de601cc
f7f8cff2
2b3233df
f92d361b
91fed810
000b1f2e
e8f816a4
09fdf924
edd309ca
ee030218
f5e8f3e7
261ed5f8
d7003ff6
f8fd1b20
e9cb3701
0ae4ef30
17f4111e
1509e5dd
3cf301f8
d7140ec7
eaff010b
f7e4290a
04f8edc5
f9074a18
e1e80708
ea02fdf8
ea1118dc
fc050811
c209f1e5
05031b01
f90eec1c
04f006f2
c223f7f6
2e384f4b
e2c909ba
05cb24e3
4e0c3502
681e7ff2
ec26dece
db0ea630
fa2ee6fb
f4eb0d1b
22fdfad8
cacf021e
e4fd0307
f9041509
22e30bda
f4131fec
09fbfb07
07fbdf04
05f213e5
f3f1ff15
da001e07
ff0c12e4
e20bf5fc
0609c5ce
fec0ebda
fb0a9a87
060ce097
06e2cc41
07023201
00f7f7c1
fdf2010e
db020ff1
0d031fec
ecf0edcf
d20b0bf2
0d15e9ff
0eecda28
09fd4322
2af926fb
1c273531
f0bce5f2
04eb221e
dc36fdbf
00f7fa0a
feff0804
09191eeb
eff7ecfd
251626f0
d2ef5e3e
0bc2d0ad
6df52215
cb140daa
cbf81008
d4141602
d014e8e7
fbf4d493
1810fcf2
f018ff1e
d81bfb25
1206f107
d6e91918
ce0cde1e
f4fc02ed
fff9f907
03ee0ee1
f40106e9
ef04e6e8
250600e4
f9f4df1b
1bf3e1fb
fcfb131f
122dc403
c1dbf90c
06ff0ef5
1df9e7c9
0e24e2cd
22edff15
2d27c1bc
0eed0802
0431f325
18030f0a
f414010f
fb192119
f508f9ef
d10e1106
f0f5ebec
08f31b10
08f1232c
58120121
e4fdfb3c
e205c2f8
0dc50a47
03f00de2
1a36c4fc
b2f0fa34
f12507ea
1cd9281b
ff13d4f5
fccc37fb
01e61e10
fd02d3f4
f2ff2bf5
0b0adf18
e7e30bb2
eaf6f018
fcff020c
104f1be4
d11806f1
01fceae2
fff643ec
08fd47f4
0af9f504
fff5052d
060900f3
0a0e18d5
2cf81d25
e807ee17
07f92dec
0c15e51c
07e309fc
eb09000c
fef9241d
f600e3f5
f3f212f4
0910fe07
ee003717
eedf1b0d
04fe1fea
00f41813
0c13c815
030f1903
1af14242
031ae022
3314f5e0
43044b0c
f4f7d8e6
1b500ce8
43d1c1f4
eeee31f8
31b85c30
300e2301
5b15c004
13001a05
fee2ec2f
f8d415d9
e5f21be8
f5042821
20cccce2
0a04fb18
d6e5e103
f9fb1914
2108f4fb
3fe10b55
eb240f2f
124af51d
dbc5b5b0
e90cfa18
faf6d52d
d3e209f7
15f830f6
f41ce1f0
040cade3
fad0dd11
fa291df6
c8faf8fa
2c30e31c
f020dffb
130ce327
f7de003d
0de12de6
e501e118
d6fe1412
09f30809
0123cd02
11f414f6
09110016
20b6fac6
0d5f56ab
4c7fc195
81b8534a
e485e6a8
0c87ee13
e23a556f
ecfce1fb
201d33a4
1c1539fc
0113213f
fb0bf75f
ee07190c
fb142111
12e5cad8
dbecd3ff
f049ea11
01f8edf8
000bfae1
ffd91bfb
0aff03f1
dce5fc0f
17ecf4fb
20dd10f0
fef7f81f
ec0074fb
0b10c0dd
fa0bd0d1
c204fb25
cdd53ed8
1df7d4c1
030ac921
1c5c24d3
47f9f032
1136c006
20ee31fc
10fd16e6
e81bc0bd
08e51cd8
f6042eaf
0ec0f713
03e5fac7
13e100fd
ee17f73c
f3f91218
1a0dfbd5
030cb0bc
d90dfde2
1ff004e5
ec36fe0f
1be4f5a9
2601fbf2
cf0318fa
def2b004
10fce8ee
09091c1d
f9000007
efff3835
d70fec15
f3c3e61d
3f1e20dc
fdde2ceb
bcf8cdeb
3e14392d
dbeae3ff
070d1a4e
1de9e000
f1c1d4df
5021620a
4d1c3d04
0e06fef1
00eae656
f1c82034
030206a5
d4c1f63b
e523d810
0e251618
fae72ec8
0bf01d53
4324e01d
3630f5e9
0df6970e
fd8ab814
2a1a3428
49fc7ff8
f2e7b4bf
ffec294c
35f1fddb
f8c914e3
0adfced9
dd1be109
13cf1901
f31fee08
f1d50bdb
100314ea
2bd70ffc
1abe1418
0c10aae5
d268f8f3
1a0681e0
ee2bc32d
3d086af7
17ea2ee1
f0fa4f1e
e6ce07bc
e5bc50cb
f1560cc2
76df32d8
0ec8ccff
1649b77f
b765e8bc
a3fcfdec
fad014eb
0b04c3f4
0af7fae9
15eb080a
e00b2b20
04d82ce9
0900fe05
0f29fff5
ebed08fa
ecefcfe5
e8e108ef
e401dceb
37fe10e8
0601121d
0005dae3
f4f6fa18
ec030707
f5f8fc07
d4f2c100
e6ddf4f4
0a170a0f
f805f5e8
12f1f310
10f307fa
0505e8ef
ecfb3e01
04e1c3cb
101b1104
13f62fff
0b062a41
330ae1cd
f9de3d15
f611fcca
e91116fc
321f095e
9f13d613
d8170cec
e3f4050a
f6f4f33d
cbeac60a
f2290f03
f1ffeb0d
ee24dced
08edf5ed
0af1ec0c
ea08d7c6
07f60021
ed16100e
0a0f07e8
090506fa
060df909
04f1fc2f
3c0722f3
2eed5004
ecf511f7
19ff30c4
29d3ff07
00f9f1cc
08e77f05
46f3f712
1df11acd
ee2aad27
aed4f001
bd03291e
01270b04
13eff5f1
0b0ef5f5
c811110b
0f0aebeb
07f62215
f6f9f1eb
e1f2e814
d3f59024
f4d518f4
3a2e00e7
3feb23f8
1af212f4
ff151505
e3f810f7
44d416d9
fbf2f1ea
fb0dd91c
ffd220b3
1fdafc18
261403e1
0ae810e5
3416d220
420b49eb
ec14080e
0802f2e8
fd20fcca
d5031bf3
4a0cd4e1
ed175bfe
f7f317eb
d1f9f90e
04ec0bdf
00b8f224
0af332f8
a902e83b
3b220afe
e51500df
10d1de19
de33ded2
27f20df8
e7ffe40d
19e600ff
5f08dcf3
22f42b07
d2de19c1
f7f2f502
29fcda37
1ce7190e
10f9d4f2
1404f41b
eaf702f2
ecf3070b
1904edfd
e00aecd5
fcf610ff
1ecaf7e0
fbf9e431
fe0ff913
f9170f08
30f1f30c
08f8f9f9
fdee16fd
10fc20e5
ea170705
f1e30aff
e1f2fbb8
e2d8de04
2df238f1
dcfef5ec
f30bfc00
f4ea12d0
30fbfad9
182c3109
d5fd1ee5
0bffea15
d207e200
e2f9221a
25e7f118
fc0bfa1e
01e8efec
eefdec12
de11573e
50f3edfe
12fddada
fb14d5fc
fbdbea24
e4fa14f6
fa08e6f7
f5fcf4f6
f70cf416
0b0303f0
f808ee00
f5f9f6fd
0ee9181d
0d05fe30
041a05fc
0dde11cc
e8faecea
00e4ebe8
cdfe05fc
cbd7eef0
06ee07d6
f60712f0
d9ecd035
f40935ec
e60c050d
19122624
fbed0dfd
27260cfe
e5ee40db
f306ee00
14f3e339
f3eb1206
f118020f
d2ed2020
ed0af0f6
020a5be9
fd0e0ae9
c80806ec
f2110603
f6e819e7
070aeeec
1ae311fb
e5f7e808
ecf00cfa
11070af3
f4fc0123
fbbc321d
07faf3c5
0fde12f1
2c0223f3
1f08dafc
02fcdee1
09f70622
18e1fed9
0bb4f5eb
02d42c15
32bad345
35f5ced6
e0db3006
e6e837d9
bb25cad8
610df73c
3d36d5f9
ee19f9e5
01e1e011
d202ffff
f9f1f219
02f904e4
170ff3e2
da012316
0f3d15f9
fafb09eb
e522de3a
0b33efe3
f8f9d01c
19e60113
9bef12e6
da0b1f37
fffced11
100807f6
f114f805
0c0e26ee
ef05efe3
0915040b
000212f1
dfeffef8
f0f5f6fa
040415da
edeef5ea
d40e23eb
1f051bf1
e6fafa25
edcdd3ef
0502fc05
f7e50819
080002f7
060aede6
05eafcdc
1f06fafc
0bf7d1e4
0dff0905
100e04fa
0beae207
f3f8170c
11f5f905
0af7e30e
fd00050b
fef7030e
0bf4060c
0211f3ef
d4e92328
01f7ee1a
1405b802
ee14d603
0feb0c03
15d14d29
e608b000
e21d1a05
04ba07f4
ef191d08
f0062210
ffe5ebed
2d16f2e0
0ae820ef
1de2211b
0b0a18c6
182cf1ba
f0eda724
07d41a0a
0018491e
07e5f50a
d7eed4e7
f1220d07
fffa0438
3bf8e608
0af4d8da
f8df0cd9
cc0ffef8
f4f7fd0d
221a2825
fb29dffb
0a0207c2
09efd9f9
fbfa0b10
f704f33a
1b0b0929
d9f9ff13
0714dd0f
03fa2812
f9fd0ffd
e9e0fcdb
e8e13d24
292a3eee
18ff3b11
ce06fbf6
f028ddfd
33f41fe8
f704fb06
3e0912e6
f604cd41
f904e30b
0d0fda39
e900ce01
0bda02c6
1af4ea1e
51f3c90b
0fc50f17
9cff4f9c
00f3091a
d408ba2d
d2151c04
a2edfa2c
31e80b31
c71191f0
15db0e40
1df2ffed
f9f2d837
1224dce6
2b0e0407
0b22f335
e6231d30
0cf021da
fee120de
ed00c9ab
04fef2b9
00ebd62b
f70120ff
0ffaedd0
fcf9fe06
e4fd11ea
0df43725
fa0ee30f
1b4c18e0
f9041327
1dfaf4fe
ebfa3b00
33f6e6fc
131315e6
ee14e9f8
01e9f611
f917130a
f7f6110c
e90305e9
f01d0a21
001957eb
f91adc2e
0df7f0e7
ff0afd0c
0be81402
1bf7f303
0e0ee10a
e60ee1ed
001301ee
0af9e2f4
eae6f236
fa081f32
f1ffe8f9
1107f2ce
07df1ef2
06efebfb
0517ffd7
fbe3ef02
02ea14e3
e90ff81b
1cdf06f4
1ce7e8e7
d60e03ff
e7fdb6fc
ef07d60f
f2fdf0fb
edf92008
12f5ddff
1f0b17f2
fc0136da
1f061101
1aec1f02
e7efd421
ea0de0f6
ef0b05f3
fbfb1ffd
e4def311
fced11e7
1ef5ef05
fef940e5
e41905f7
05000d10
da0d020b
01f9e908
cb2824f0
14ef2a07
03f2e0ef
faf6e018
1be0eb04
f1f9f103
e7e802fd
0c00fa02
e0edf709
25e10cfc
10e8fb24
efdaca04
0c0ff1de
18f9f3d7
2fe50aec
22eed9c1
0005d100
3d5322d8
2bcee3f7
e10fb71f
0b2dfdec
c310d830
fdfae228
24f2ff0f
f32affb4
28cb49c8
0ff9e808
4dfbdcbb
f70ee5f7
fbf80cd9
2403ec03
00f8ef19
15fde21f
d4133734
f4010814
f20bffe6
0ff9f5e0
1913faed
e6210f30
082e2df9
eff9cdff
271ee205
e70916e3
05e7f813
2b09002d
f5e0efee
fff904ef
f102ff0b
03fadc06
f30aeaef
f5160503
04f8feec
30060dd5
0801e4f6
02f8ecf6
0d0f1e1b
fb1a142b
182f0711
51e9fa03
250221cf
e9e5f601
0c0b2612
f805f7ec
fb120a18
f5e71001
1a07f805
2e09e0ee
1801cc0b
ff1901e0
e90e05f1
141b1802
0ce41e09
121fef27
ffefe0fc
32fc0a08
edffcdf3
0d06031f
04f3fec0
16eef011
2408eafe
f4d8f6f8
ff1020e9
0aff07e5
1608fae5
2112083a
d5f3d5f1
11ed02dd
101f01f3
15fd1b03
fe2cf1fc
e2fcfb0c
efedfd0a
e8ede3b4
0fff00fb
0618eb20
34faf50f
f2580615
0420e305
fd10fa10
d7d90107
e517fc06
07e505f2
c722ddfe
05060df7
32151d0f
24380efd
08380502
3216d9f8
d6eee0f4
ec25effb
d72ff2f1
27ea05f8
070ff420
ec180ce2
24e8f7f3
f5380e17
e9e7042c
0cfcf3e0
ed0525f1
090219f0
fa56cbea
cef4221b
0ef6fb06
d5fed9ef
dfdb0215
e8fef0c5
33d917cb
0f21f606
0ff7f619
00d4ee27
ef030b32
b0e6ca10
30ebedd6
fe0e05ff
e9e22214
031cc40b
00cd1ce6
e401f5f1
eff810da
d6ee1dec
220fe8dd
e2e10a2b
23050df5
dfb7dbec
eb08fff3
0705122b
02f5e5ef
982a1f1e
f01f020a
e80f2ffb
13112622
05f11af6
08a20817
3a1fe6dc
30e4cb0f
ba3c0a25
10e70f5d
faf01d00
242d6f14
3c21fbeb
17fc25f2
14dc3a3d
1df8ef1b
c03dcd0f
fa36d4d7
fefc03e8
43e0d4e7
0ce51af9
0efafddd
f4ecd71c
0cfc3bf6
12f4e204
0abae6dc
00f5e5f9
1014affb
01dbfa09
2ef71a08
db1fe73d
fb0819fa
cf21353e
3ef9180a
eee6f721
1207160a
08f40904
da19f803
0df11e0f
da16f0ec
ee031206
e6211a13
eee215dc
090bb9f2
16e4f6fb
2f08192b
09dace08
de114022
ecc8ebf7
21e8fbe1
05d91de1
05cd50da
312e09dd
4715e61b
c4eeed4a
bdf7f8f9
1cf8dd19
cfe61507
d80df9d0
f4e2f0f8
1b07fe1f
f8fafde1
06dce2fe
24f90afa
f8010f0b
3d0f2e1a
090af8f6
def0d90f
4fdef2f4
06fcfcd4
00fbf9ce
31d92305
f3810af6
edb400de
44eae700
eb0408fb
26131ef5
f0cfcdf7
091219f0
10e1e013
cd4de70c
ecd9fd1d
110aedec
62e20a0a
eb0fc53e
dfb83f03
cde0bb47
cbe6280f
0fe51ad3
fb4ba6a5
1debe50c
e611fbc1
fa3ced13
fdf7dd58
f429f2f7
0e0e2203
d0fb0a06
fd04d9f8
fefeed33
0c0fff24
05ee0207
0d290e04
fd0d0f24
240705fe
07051cf5
050bfce9
1bdc0a0b
c8c9fff3
0bc337e7
d10ef0d7
1e2edbe1
12edf900
2bcf11e1
fec21f0d
1aee14d5
22dd49e0
1ceccc0f
e2f7a40c
e2e224f5
10faffef
e1c3fcf3
ecd03903
141eef14
0f2d06f0
f90bfbef
170cdc0b
00d609ff
e80d2ef6
eefe0309
e01409d9
04e6060d
2018f70b
f3eec1ee
f202f3d4
cd25fd05
1f0b18e6
03022428
1cf7a716
d2f1e91f
d1e7d7d5
edc3de15
ce02100f
d80c0fe5
030df906
4cbb070a
0dd5e121
11e204e1
dddb11d1
210408e3
e3ff272b
2af8eaf6
f9f0eefb
fb0be0fa
f023fef2
12431fe6
1d0f0b17
fc051a11
12f62e18
2bdb14ce
dffafc06
f70513d7
212bd6fc
2c0c1c33
d52ee1e6
f007f30a
c3072719
0de74bf5
15f50f1e
2df00bee
c5ff2de8
fc21dc05
0a20e1ab
26e30bfe
0006ed10
cf151acc
de200315
fa06f00c
07b928ef
1111f4db
eadba5fa
cb00f4fe
c8f9db04
ea40e1d8
f422f9fb
e119f5ca
090ce7e2
1916f80a
fe1107f6
10fc12f3
072904f8
f9f70e04
feef1401
3c1af7f5
f701f7fe
0df7ffe3
ea030f02
27001f07
f91004fc
0b14070c
eafe09f2
c7e50506
00eff40a
03e5e9e9
d9f62b0c
eed12205
f0fd2dfc
b9fac303
2bdbf91b
f4c2d4f0
12a2eb1f
00db01d8
0b0806f9
f70b080a
fd1303ee
0514e60d
fff10007
07df1fec
0bfd09eb
ec02fb01
09100a1a
fadf1110
3b11665a
04e215fd
0303ec18
c935d322
133eda14
120ce8ec
f5541d1a
213f1bfa
ce02c0cd
fae23a1a
ecd2d601
fbfc230d
df04033e
f2daeafb
16fab90b
16e654dd
1f043619
1b44ff2f
382c04fa
faece436
e5dbfc26
e1f1300f
ee0c22ff
0d6609fc
0a106008
0e061553
cb062e0e
15f01e13
f4e4f6f3
1bfd10d0
090fe522
45fe24f7
1405f01f
fbfada42
06050a16
caf4b722
f9e1e71f
bceacac8
dcc70ef3
410c4be8
17e9f80c
494f0c01
f31d1e10
6c01b63e
2ee681b3
1fe71b41
25e2cbeb
0c2f0809
2efbe51d
3fda19f8
08fc231d
2fd207fb
0cfaf4e3
1bdaf3fd
c10aebcd
0d072e16
15e109be
61f5f807
fbfae6f5
713504f7
f8dfe207
390d1115
06e216f2
e2f12bfa
2dfee2ee
e30902fa
eb0ae0e6
e7331514
140c0afd
111b2afe
f1e7fcd7
dff9fbeb
fdff0d05
f4f000f1
041e0c03
ff0db3f3
e7f11c19
c709e7da
dbb55227
e2fdf90e
0cff04ec
da0411f0
250ce803
dbdaf70c
fadefeed
0412e0ed
003712df
e8f920d8
fe0afb1a
2cfb0e14
effae6e1
210bebf9
dfecf918
011425e0
15ce03ea
cccef605
59f611fb
0c11d62e
e20df102
e1fbf9cc
1206dcf7
195dcae8
3bf53c75
eff51eda
2902f7fb
7fd0c13c
d50ddcfd
29212a13
f7e40050
710311f9
fbe8d4d5
f807efff
c605ffb1
04eef11c
0af113e7
30fc0ef0
e3ff00e3
ea1b0b04
d1f9d2b3
fff32fec
18fd0c08
02efffe5
f010f5db
d2002917
faff2912
da3020d4
e5fef4ec
d80034ee
f1f311e3
f82101f3
0818efed
020efdf9
faefeb0b
d204fafc
1afce633
f712f013
08eae5e4
dc1afceb
1405f8f3
ff0bccf2
0d05d9e8
f324d30f
fe07b812
ecfa590c
eaff0409
e106ffd6
1f11f9ff
2218f809
f5db2a01
f5f5cf05
3926f726
2836f807
03073519
0fe420fe
020905ec
eb0eda03
0c47fa12
f5fc06ce
f2eef50b
f9f31304
f302fa0f
30f5f70a
0406bd19
090ddb36
032ef71e
03f1fc32
e6e83803
33eae9f3
fa0d0129
f10c1b03
eaeed6e4
99f40915
d4cf0d06
331017f4
1d1007d5
2ec20202
c4090be3
0aedf6f7
19f0fafc
e4131b0d
d9d604ee
22111819
1703f628
eaff29fa
d0f711ea
f7f110d4
2efbf207
110117d6
000ee904
1c0ef503
0de6dbef
fbef2ffd
22f7aee8
38190803
09f41c06
fed833ef
0de110eb
dde9fc0c
e40ada13
f502ea03
fb1307e0
eb26ea0c
1b281ce5
f0e51f09
e606e3fd
2806f008
faf4f016
c0190f10
ee06e2e1
d5d40ddd
06ed0ce9
3301e4f7
03c511e3
12081e08
eaefda01
eac50bfe
d205b530
39f4f2a1
f20016ef
2ae50bdd
03080f17
c4050ed0
a905baec
d64406e9
1ef9ee34
0cfaeced
14f4eded
23fecf12
ef1cf310
f203fff2
ecf61bc0
f712e206
baf6d1e2
0907270e
32e7f6f5
090f151d
27f5fd07
f2140e28
1bf71627
11eeed26
f10819eb
ded4f90c
f501e615
cce2fcf1
f30d1ef6
08defc26
6cbf3a5f
fc130d24
18e720fb
13e0a8fc
19fbdb1c
7813eab8
35bfcfbf
7475cb40
ed172511
19f1e803
cc030024
f2fcf45f
00f0f7f6
17e9e7ef
fc0c130d
15ef121b
e0c801eb
0cca2105
ddfc4cd2
1003e31d
d6240cf7
25da1bc0
db0d1c03
f6f6051c
1013e848
0afbf50c
0d03fd10
ea075328
1d0b0b08
de2ce02a
f51700f4
fc01f028
9e273ec3
f2efe5f2
41f509d1
f2f50eab
02df23e9
d4f7e8e9
f323df04
e8df14e9
140eeaf2
dd22db09
39ff06e9
0e220d29
ec15f5fa
f5c41bf1
0dc9d903
082eecdb
16f602f9
23c805f0
e9083718
30d8eff4
02df03ff
25d10717
fa1ef521
02faf1e2
df06711a
2164e1f4
d506fb1c
e6fa090c
0712f4f3
b32ae811
0e121b22
f62904fc
08eb1401
4d26081a
6cf50317
1ef73738
edeee210
dce3cf2b
20cb04ec
231716f6
f602f0d1
eb20c72f
ede63002
f8ccd1ed
2201d508
26b5e426
080ae5eb
fefbe540
ebfa1b31
1ff1ee0b
1ff13b00
1a0a5514
331ce7ff
14d7071b
0711e8d0
3ff10318
3bd0440a
2cf7fe31
10fe1e04
2021e953
eceacb1c
ce11c6ea
0748ff01
300100f9
fe0310f6
f8f9ff05
0affff01
080600ff
0100fe03
0bfa0a01
fff80203
05090000
0022e009
ccdee803
c9ef33f1
14cf0816
f41d010f
01ead0f2
e9192303
e4100cda
21d7e9ee
f60eb836
2919fa05
dfe7e9f9
f9faf505
d230e505
09f2e7d2
15f41806
ec30dc28
04ff0cfd
ff0a01f1
22ee1dfe
120412ea
da1e22de
fe47f117
fceb11f3
0f42f43a
93dcf1e4
14fed902
f7fbdc26
e13cf2db
1e28e8e7
e84afa11
92e41ae7
ed0a1545
f4e41503
bbf93621
d326f409
0b38e301
e6f516f4
390c34f4
04e8aa0b
5e5ee622
b3f11527
eef62088
1cd5e1d1
31d6500e
fef40a91
c25682dc
3edddec9
fcf3eac5
e02ce523
21ed218c
0eb9054b
0ff909f6
e3e4062c
05db2a0b
ea1410ce
0806f5fd
0b0304ff
02010905
faff0700
f702fcfc
07010102
04f40503
07fc0003
f7b1bae6
4d14f7f1
f505d2d2
eb27f084
19041bfc
b6d4f413
e1de09c4
0205ffd9
ff3cfab6
d3db0cf0
01e3fd16
2be53e57
18f325ef
da161f1e
3ad93635
09c645f5
b8d723ef
1d078c1c
00e8fa11
cfea0206
eedf1e09
9611ed18
1d0a0d45
fcdc10d7
d05b5aef
0c122ddc
2a0a5a71
11037f5d
1e120af5
e52efa5d
1e225f7f
e68120d0
2320f345
f209bf39
c4ff18be
1fb8cefa
d2ea23f5
86ab1de6
0a16282f
f0f71f1f
e12d32e9
001b2ed2
01f704eb
20ef28e6
2cf4e0fa
fb1b15ea
f42a051f
e15bf4bb
0aef130c
e014e8fd
f803fb05
0504eecc
e8f0b412
49f60dfe
0afee2e0
0af1f9f7
13eacdf2
0bd42e04
ec00fc30
1bdfdc17
1ffe01f0
1e240afd
131f0e16
ecccf6f5
e6278aff
fd3d3ff3
4600a220
b2fe5c3f
f7f204f4
1bce3b16
24c706de
eafef5d3
0cfcdf38
09ae16f4
ecffde36
e17fc3c3
09b40ec1
50f6f138
194925b9
3313e217
f1d70eb1
27f70211
e5fbfad1
e0106f02
f4e418fc
f0e908fc
04a2f6f6
c0e4eeee
1826f01c
ee4868e3
2f0cf921
fb050215
00140fec
1b350df1
0bff0c1d
1d03fcc2
f01504f5
f32a0afb
f3f52400
000e3308
1bf3ea00
55b317ed
f7def7fe
1e19f8fc
f1e230f9
ec0cebf6
fefad8f4
1cfcf64e
23fde906
05ccd633
f11fd608
d3e6d0d8
0d3100d5
051ddd08
ffeb13da
1701e9f2
1ff2f200
c600f705
01aef2d5
fa1d1c21
ec141517
0a071216
d8f9d7dc
08df9c44
22f7eb11
14a3f914
f8fd11e1
0de9e417
0af610fc
00e018fc
d405f01e
eed93031
2a17fdf6
4619fe08
dcf62ef9
f10ecac3
fcfcf403
fd02f901
04ff0201
fd050607
fefffefb
08fff7fd
0505fafd
0101fe02
c604a7eb
ea16fc13
eef1c0ce
fa29291c
031be506
d9270bfb
1f042911
eaf4f611
fb1f0aec
eaf2e60d
f9effcdf
e825e41f
23f0fee2
02191c06
fcfff7f5
1e13ea10
f5ec17f3
103bf118
ec052729
d104590e
38f52ef5
44d2eeea
08d70fcb
ebe2e9f3
eaf6e9f1
09a410fa
27fddbef
3204b9d1
fbdff403
1a03290d
261b0529
1c20f5d8
33e12217
21f9da1e
f8031c09
e615a8fd
f9fdd80c
e7dfcf00
06c832d6
f3eeacfd
fef649f9
3c0fe0f9
f9fbeac8
14dad515
e5fdf00d
ebcf0b05
143208fe
3c2bfeec
f8161e0a
120417ec
f4fcd33c
ebde52f4
2cece300
f1dff52e
ff0bef27
cfe8f5fd
23231cf6
f4022400
c805ee17
1d11f614
f5f1f3fb
16f60912
eb12030f
ff190eed
c8f33a14
0bea0708
1e01dceb
08f9e7c9
ebe2ffea
33bf0a1d
1fed1a25
ebc6dc27
140c5b24
e11bfa01
b0044d0b
03e6161e
ebfae4f2
1055cafd
cbf0d80f
fd33cedb
0001ff0b
e1f909fc
0800ed1c
f372dee9
fedc7f38
2af8f37f
de1d34f1
fd430e0a
e80a14be
1ada0b16
3c00e5ec
faeacb02
0c0013f4
6aec1ed5
e002fede
de01fcee
f6041df9
051116fa
27e8fbde
daf22cdd
31e307ec
050112d7
e80dc6d0
4ad516e7
29fac118
304115ff
1bff1d2f
0427d22e
e6fce70c
f5c536f3
2a2c0f0c
edef18f1
e006b83a
01f1c011
f7f9cb1b
2110e80a
0ffdf9fe
e44b1402
ea023907
efd502ff
0efefb35
f4f1de0b
1bff41fa
14ddd8d8
26ebf9e5
dec7e01d
ee0bd804
32ea20f5
c7f4c404
81adb809
0e1efbed
5e5203ba
d5381726
851b81f0
cc7fbbbd
0b83bc08
ea1cb3f0
f2ffe9fd
f201b71c
15dafffa
1e1ded20
13e906e9
fbfbdaf0
1efede10
011201f5
2013f2ff
07001341
ef24fd29
dc05fd0b
1bd716ff
11b61003
fe061101
0014e3ea
f319f00f
3ef0092c
13ed3022
e115f8ee
2b11181d
0f271ff7
fd0eef15
12f335fc
c3edfc29
151765ea
0df2e7dd
3be013fb
45e0faba
f22ef7e1
fdeee7f2
a5e4f8bf
40a420d3
0d3c0a1f
51fb01d9
2416fb00
10fad11d
f4b5353c
11e6f70b
f02f09e8
e40af5cd
2dfa04e6
db083d47
eb14d712
f64406fc
f9f21513
1113fa17
0be91cef
154928ef
b9f40c01
e017d616
d2f5ee0a
36fbddec
f2ef30e9
25cceb11
e8e511ef
11fb24f3
1efbeedd
ed011efe
1ef016e3
e5e3edf8
02e4f520
dd0bfae6
dbe7072a
fff8ed03
08edb919
e1f6f912
07f002e1
8104c1d9
110d0cfa
e704082a
29f01736
0f241514
ccf827f4
04fd270e
030716fa
c90cf31b
20164428
06d41c01
fc16e3cc
34c30df5
01f71efd
1f06eff0
f3f4cef3
cc071f16
072e0223
e90cf70a
0afbff1e
d5f0d4df
2304f3ed
07261903
f9ce1fe4
2520fad5
12da2819
fefffce7
92cdc1dd
0a32b230
f087c324
c1232fd6
4000f402
c4a41723
7fa34cff
f62e156f
06fee0e1
f91e022b
f500d2ea
1f210fff
0b10f827
0bf30ceb
f9ebe9e0
f709daeb
c6fe45e9
1d17ef19
fbfefa21
13ed3d00
13e21700
2f18ff01
e5e906ff
e6e1f3d1
e526ecc3
1614341f
f4fee514
fef7f749
09e41007
302304dd
f9262824
f0e6c411
021bfef4
0f0303f7
130500f1
22fe01db
f0073d0e
0c1707d2
ea0915fd
47f1fbf6
c619fd29
e3182e03
13fcf705
0e1c0f28
23f7f31f
13ef12e1
f0f024f3
0ae42201
ec251cd7
d327fd06
e3fb0df0
fde23a06
32fce60b
0cf80a1a
f8d221da
0009f9dc
17fa12fd
220de515
ff01d2e7
0121f9cd
d703d014
d1c6f501
1ce41b0f
15f62516
c11cb4d1
0ed934ad
f854addf
5c2126fe
e0142114
33d60efe
dbc21ce7
e2d6fc00
f70df903
e1e11002
e205bdf8
dd192fe3
0b1133ff
e7fbe7fa
1bf9ee00
19ef10ea
34ebd1e3
292fecee
0407e402
d2d0ee1d
1e040227
4316e600
de4af101
f10db6f6
23fbd7f2
471c193a
2c0a0be4
f3d1ec16
bff0fd19
46fe22ff
0de1f1f6
2ffb09e7
4f11027f
4cd53800
2dfc7fee
fdeaf917
ed03170f
0cd2ff1b
07fcfbe4
55ddfa29
ef112802
faf11e09
ee053d12
2530fff6
f30211fc
061130d3
1d07edf1
13f10415
0f10570b
fdfd04f9
befd0a51
f9ff47aa
081d0bf8
fae4c7e8
f2e2f3e5
1c20f42b
06f5aaec
fe02161a
c9fbc6d9
ff01f002
f8e5e00f
05db15f1
2ae536dc
d6f1ff05
fc042ae9
2204fd03
e8f23601
2df5c6b2
39e10a11
e6cf17f6
e6efd70c
fde22df9
1b14ec18
071e26f4
b7f021df
f7e409fc
dbfbebfe
c9e8f325
01d1fdc8
e4440f26
2d0ef7f4
421dea08
f407cc12
f6ec0314
fa2f0301
0c02fd26
011e0c12
02d510d8
3cf50c0c
fb1c07fe
ed25230b
fcffe700
feed1b0e
eb10fbdf
ed17f4dd
012001eb
fc23eed1
330429f7
0bff11fc
0308d926
1009cf07
f3f2222c
09fbfbd6
fbed0ffb
ac0ade23
f1e92dc7
f5ffa1d1
d42015f5
3dec2d0b
f823fef0
0e14102c
f8ec0c19
ea0f4e47
03f1eff2
1501c0f0
22d2d7a4
a6261912
0a172b25
0df020ed
17f4040a
19ce2c47
2fcbdc1f
330c2eec
b0efd9fd
fbfbe604
d21c04fa
ea35f821
f1ed1eec
d606c9e6
3ecec410
6aebf30c
0cd6f2df
0fcf230b
c1da16ef
12bb39e4
010a02ee
1dd7f8db
d21a042a
15f72800
bf9bcaf9
dd1f52e4
01d803e3
251afe06
13f00bff
19f83c1c
101533dd
cbf124f5
e82558fd
e723dadd
f4f2e900
e8c8f612
ee081df8
2fc3fde9
02f7ea17
f5f8041b
23273813
0eed2101
f521ed03
1608e105
f6c30403
061d40b4
d31cfcf1
0d051c11
e5e33019
0bed280e
0338cef5
08c105e2
293a0413
51110730
33f0e129
20ca1e20
720ee80d
e8011dfe
abe42b2f
37ead813
1d087f1a
e6f01222
fce60004
0ff7e5f5
1322d2d9
1712eeeb
4c12f800
01fb1d0c
c1ef0fdb
e802292b
1ae2b70b
a5fb22eb
f41f09f2
c80b1edf
40fbdef5
fee60016
e43dfaf5
ee15f30f
00f0f70f
dff8ed24
0f020838
fb05e00e
0f18d531
ff0df7f2
33ebe6ee
171df404
07cc1812
0dfc0c08
0bd2d5de
fb18270b
e0e5ee00
112ac00f
091a0d1c
2cf70010
fcdc0d10
14f42315
03060773
f7f7df16
1802e621
23f2f3dd
ebde0905
4d25df1c
e72be30a
01114b0f
39db0c5b
200a092b
eb292d22
245cffef
02d2f6dc
1af32621
f1e7ebfa
e7ffc7c6
15d3153c
cfe3e7ea
f1000834
1f06181b
f32ad6f5
3be2c80b
d40f1ffc
d5fb1afb
22191f1b
e71fdf2a
a139de09
e519f6e9
3717f5e2
0fdb3405
f2070301
87e84f38
1ff80a1b
231bfcf2
e8f0d3e8
eeef2407
e41c0bf0
bc06bf25
f62de907
39001557
c7bce9ff
d6ed3f0e
c8e2dd0e
0b0cef09
0aff0a20
f9f3c520
fd20d217
02fc07e0
e1f71b08
e8f303fa
f2010301
f5e60a01
c401e1e5
c5fcbfe9
c0e200ec
240b3e0a
2104131e
10fc26f6
50d14705
fafefb2e
14c61914
1be7fa0a
d82af5f0
d50aefe7
c722f3da
01f0f600
08f6f5e1
081efff9
ef3ee6dc
0b03f7f3
f0fb19f5
f4fef2ff
fa03e5db
f907f4ef
05ee0c0f
020108fa
fb02ff0e
d4d5b009
2ff80118
5cf6ede4
d20ad4f5
131bdef6
dccf341a
15b81a13
d93de2d0
0c0f021b
0008f203
f501cee4
05f4dfff
f402fffe
03f5020b
0d0203f2
ef0614fa
cc08efdd
ecea09eb
22f2ecf6
faf94506
2d1810ec
17e6f618
15e7fa01
cef9f619
d9f8ff04
cf14fa06
d906e823
06f71925
2ef9ec13
010815de
0f083205
0903f8f4
eeeff816
fbddd305
010406f3
e5d91410
0ef3fa01
e1e7e6f3
da5beefd
fc1e1223
ff0d0103
fc11f401
fd05001d
0a01f705
d41cffff
0bfe05f4
04f6070b
f9e116fb
2601cae0
ebe30f06
f3042b25
070512ad
16321a10
e4230903
dcfb380c
dee10ef3
1a15e8ed
c3d310e1
eaee0131
2c1102d6
c5f3cbfa
d840ce13
0c2eff1c
0abaede1
001e60c9
d31e12f0
e1101911
ea12f0e4
fcf51508
2fffe1f1
eef7d7e0
2b011afc
540de6f7
efe25017
0e1a05fa
fd240adf
0a13130b
18f3ebed
240af225
fae3aff5
03fdde07
f812d7ff
f8fd02eb
1835e7bb
ede11315
09ed18fc
2239c41e
313dec1e
2003fa03
f0edf604
03181016
1deeec35
0a0df7fa
3619241c
e20dec1c
0bf9081f
ec090c0e
fe2de0f6
00f8e935
ef1403f2
f4fdcf1c
e3c6ece0
2f0419ec
ea373afe
1213120e
fc03ff09
1afef520
fd1a0a07
10f3fcfb
f5f70dce
07120412
0b19f51b
110d0f02
10d701fb
edf5fa0b
17f5c09f
dcf1e7eb
ce00bd30
06b8021b
1d181802
10e00705
f93fc021
2a81f3e2
c7f0fe11
e8fc15fa
f613fdfa
53fefadf
e507021c
20d8fe27
13ecc405
18aef0cd
00e7f3d8
090311f1
1d100704
240df8f4
dbe7ec1c
00e509e1
3cef38db
f80ccfce
204438f0
dde2dafb
f50a2321
03041f02
efa11506
13d3c1e6
0c00f4fb
23113719
ffdcf624
01143513
1421d4e5
0df2e6f8
e108f5f9
f5ed2712
04f9e122
35ed010c
e903c501
f5fc05e3
ef002cf9
f91808dc
14bd0f19
1a0e16ee
1bd31513
eefafede
e3180cfb
0015e311
eb1e0e16
30c7170f
f50bf71f
271b18e6
11040af0
13211130
1c1ac94a
13dc0019
141fd7f6
fedfcbef
3912e8ed
0a0b02fe
10f91bf7
2afd0bab
38fa3b2f
eff4fbf2
f421251f
090ef225
171a2216
01f8c406
0cfcfe07
2903fbce
fa32e20d
f71beb0e
020ff805
d51b03fb
fee4f909
fa05e6f8
05ff2cf3
e35bdd15
01f911ef
06f2160c
d4e806dd
ac07e3f2
101feadb
00fa16cc
cf1815e9
1d052b13
2322c01a
da35e9fb
1b3c09ec
efcce7f3
1d34fb0b
0c06fa10
f5ff01f1
ee2df527
1ef405ff
f6ebf01f
e91cfc0e
f323ecf7
faf8f109
fd023ce9
38dcde02
d8f9dd07
f22004f9
0e0ffb0b
fe17e1eb
24edf0ff
06390142
10140cff
13dc0ad4
160a0333
ed012e0e
ece4d701
f337fd1b
edef020b
00080732
0ad9feff
efdedf08
4b9bb213
21df1d0a
e010dbf6
cf22162c
350b101f
f5200712
18f125f6
0a221802
ee05fefe
23012814
06f702ec
cf20bb1f
ed1eed04
07d10c0d
0ffb232a
13ee42da
eafa0dd6
fdd5f53c
0fe830ee
0f263315
010d050a
e1e713ff
f703f9ec
0829e80a
f3f1fa1c
f8c60fde
0d091f7f
150f0d19
95c1f95c
d75a1446
f8bb23ef
2006f30b
30dde818
b707eed5
14ec2507
f7a9d1eb
e2a8efd7
0901f4e1
071024fd
04080ef0
fb020cd0
0223cef5
0bf2f11d
0ce32e18
051220f0
0ccc2fed
f1e73dfe
fc04f403
f3fdf403
f90441de
f60419f8
f1fa20f3
ef18f703
fcee16df
dee8d8fb
f100aae6
0e1bd6f6
05f29d11
11ee12e3
e9eb5e03
f6cf31f5
fa970f33
ffdf02dc
cd01f10e
11f7d4f4
0c13ed01
e4040133
63d625f4
f0f3200e
32e8eaf0
f9001ff1
f24c14eb
f9fb4908
ff1de3f1
f834fcec
1300ed10
0018f7e7
3df7fe0f
0f24ea0f
f1f3bf03
050060ec
dcc90d05
3df1d404
b4fe0522
323812fc
d9221034
f71b20eb
ff3cefee
f7fcbbda
e8072b38
db01f910
ebe316f8
f4f30004
e32807d4
3d173622
191d2300
f02ae900
f02edbe8
f0feaa15
01eb4ff8
e92be7e3
f708ec22
01fd6d02
d50ccdf1
f003c0f0
20169eea
0015ed0c
0ee000f5
003df70d
d50f12ea
11f50c04
2221130e
e7fede12
f127f924
f6f4fc02
b1f5e0f7
fc1d17f4
1bf12201
9fdae81f
bf08bf0a
04090401
25f053dc
f3f22919
d70ce6ea
1004fafe
dcd00adb
de08fcfb
f00803fc
e6280cf1
0bebf109
f1f3030c
26e415fa
fc2e0e05
11f0fcee
eef3edf9
1f16ff0f
d9ec0dfd
d5ed1ee8
10f80bfe
fddb0ddd
fafe0fe6
fc0df0fa
cef7dfe8
f114d5fa
2703faf4
32250df0
0e01d7ff
14f8fff4
220a0be4
1141f210
d311e30c
e003ed01
d623f8f2
f80e04e9
f70cee01
fcf613dd
faefff06
07e90af0
f507090d
06f22415
3e0742f9
fb1935c5
26fd0600
e1dcdc0c
0e0d170d
ff122413
fedcf6ed
e11cfe02
ec00331f
fbf5f9c6
f1e9170a
d829d9e0
001509e9
e2fd01b2
cfe20d2f
fccbf709
f305f6d3
c9f8f707
cb150601
ee1922f0
1b1c2af5
dfeb02ea
fe070c18
fc1406f6
fa22fee8
060507f2
0cf515f9
f21c0a10
e8f4fd1c
ff060804
cd04f003
df29eb0c
020ad7da
d7e136a9
25234601
c4c9e1fb
09fff7f4
f60bd60f
f50b1414
131ad506
13ff22f2
07d8f5f1
c5eb17f6
cbdf14f7
0c3cebf7
263cfa0f
01032121
29f3e0f9
f3e307fb
0ad1f3f8
aa1efc13
fd07ecf2
1115dbea
02641b05
540fe017
491afd02
f8fedad8
c2df31eb
e4f30c12
ac0e0607
090fe5e5
fd330cbb
ee091ac2
211e43fe
34f8fc1b
1030d921
fd021cfe
2b5ae825
22ccf3fe
1c121407
57e6eed5
f90cf6f2
0dfcbadc
29e5f306
f8e7fc15
f02edb16
2018dd0b
03211eee
fb20f021
fdfbde0b
d10c1e22
d7f3f1ea
e91200e8
ec16d4f9
f9fbf10b
d60bfa08
f5fc5010
e82cd70d
e50f3df4
32e8b8f5
eb17ff15
eadbdf25
0c0edd18
23db1a12
fde30141
fceb1821
ccfcecf0
c20c11e1
010ccf1e
02d5f205
1029f20b
c9def519
052de2ac
401537ed
fbf02164
b5e0d217
cdd508f9
31253302
208c410f
d62414ce
180ef9e9
edfd2904
070bebf8
3ef3faa5
f41003eb
d9e9092f
051df220
14fa051b
2b24e717
f3140f04
e3ffece7
1709d42b
fd0fdd01
054006f3
170e041d
e8f3efe9
fe1127bc
fe10dfe9
4e0cb5c7
1405bb1a
fedc05f3
bbf02d0a
0307f9f9
d8250217
1bf331c4
24d2fb1a
f2fbe239
eb14a78e
be0df211
f10fe3f2
3304df08
1ce1271f
1f0f310c
c6de160b
fd02fad7
0fd94abd
2422d8fe
ec29e701
0c2ceb0e
0c11ece7
3228f93a
dd102eed
fb08dbd5
df2a0219
f70decf0
2216ffed
e704e5db
ee07e4ff
0ced17ef
ebdcfdfc
e70b0004
04fefd08
0803fc08
f30f01fe
ffee1200
150e0d08
2dfedf05
f000fd19
0002ebde
0ffbfc0e
21f814f8
f20819dd
f8222ced
f8ebf7da
d6d227ed
eb140e0c
42ffde13
2b0e1e1a
09e4130a
2a1af1f4
0d05df25
f433e9df
fa22f056
11f32bf2
5affd2db
fac0eb37
ee0025fa
220e001e
b720d5f2
3001f6f9
c4f8b2c7
4849d205
f3f7f6eb
b2070afc
03fb1707
47c6e7e5
0fe505dc
ec261bf0
f90ae118
2304d51c
39f8ecfe
f2f02456
031d26fe
efe5e019
380218d4
e1e30d13
2a0a2d07
00e0da00
140011e0
eee8dd1b
04fc1523
ddc32ef8
0cf42d38
08ef03f4
2fdeebdd
fdd906fe
0ff2e5df
cfeefef4
00e71104
42ccf706
10cc0cdc
e808d9e3
17ddcbdc
fbed13f6
e9fa2f23
121604fe
3002d7ee
f22ed4d9
29f700df
f335fc36
f00f951c
d8f1d2e2
210ee9c0
2ef4e1f1
ebeff10a
e81e170e
24fd2d09
0309f7ec
f6e44add
2d2005eb
0618ef40
e25003f8
32ffdefb
1a1a0200
07cafb1d
fd1c10ec
1ecb1747
f6fc031f
defecc07
dd0cf4f2
dd1920dd
3beddc0d
122aeb2e
f4d6f901
ea74fe21
9dc9a9fc
d3de124a
d8e42e19
c3c7ebde
aa663117
1145344b
81a973ec
e10fb914
e3f001de
37fecfda
f7f705d9
de24e90b
b514eafc
fac9fc22
ed2a08e2
d13902e3
fc20c405
f0070e06
ecf74d41
0fea29ee
0013e202
eaf02a20
ffb314ad
300fb7ff
e00523f9
0102f4af
05090114
d0ffcfef
e004e734
1f110a12
e9ad07fb
e6f404f5
97040719
fb02dd0f
d300e5d5
1c0cff1b
daeb22ff
391e0c2a
13fefb11
0c06f945
f13af608
0004d5e3
f2fad7ce
f3e6b90c
c9f00b05
141af4fc
f5fa1ff1
cc0281f4
fd1a05e9
03ef020c
cb17e9c6
082913ed
16d70907
01bafa13
fee82cee
fcace5eb
03e6f004
3105d80b
d80acfbf
1c1ede05
3723affa
24e704ed
0e11eb41
ea1beb0e
dc0b1f13
dc0308dc
16f6bc42
07eff60f
1e134bd7
f634e82f
3bec2b0f
19810b43
29e4e2f6
e710bde5
1c13db01
f7f204ef
b8cbca1d
fe04aef1
20d316e8
a9de19d3
062edcee
f505d342
a63039a2
54161bdb
f029ccd2
d4b847fd
f724ecc6
fd0dfae4
02fd26fd
d9fe09e7
22081b17
fa0ef2f3
2f280708
090003fb
172b0807
fc1a36f6
3f2dfb0a
ccf1f7ed
1bd84caf
fa04f204
f1e11314
16ef2a04
f42c0bfb
f0f92f39
d41227ff
7ffdefef
eaff39fd
f1fafbde
f72a06f8
d5e411f4
f0e7f2f2
58ff221d
1581e500
ae01d3fb
22e3d0c0
ed1b10f3
f606cf05
00322cd9
ecfee9b0
00fcfa06
03fefffc
0000fb05
f6fbfeff
fe00fc01
080601fc
fff9fe02
01060501
ff07bd0e
1212d30a
cd03e6ab
2fe7ffd5
02ed01f7
e61ee9e2
0912cefc
e8e544f3
7f25e03b
c7e7ca31
eb041cf1
f5b4d64a
cc16dc23
32f60c17
337edd21
0201fb24
20df4810
18f81105
0f3a3b16
e0e10efa
e9d21a25
f904f1d5
e525d4f7
09fbedc9
2cedf134
02d9c528
caf71d1e
cf53deee
fb7f0b09
db02fb23
1e7ec3b4
f4efd37f
03e2e9f9
1d10b43a
eff8efd5
fc14edfa
daecde0c
f8b602e3
2f19e2fb
01e3e50f
e3b80336
180a2bef
44e4fad3
3bb4da1e
ebf205f9
e9dc2822
38f71126
11d2243c
eb32081f
ebc80df8
e7070517
00ea34c1
14cd1cfa
b20d3107
0deb0316
25cc0f08
2517230c
0807fe00
0dfe2502
023200c4
e30ef510
13f8f7ff
0825060c
eaf02a1d
ee51ffe2
ad397fea
02273720
ede1f93c
e6cff82e
603dbad6
d43adbf2
3614f7a6
13bedce9
47ebe516
3bdaf620
e32e0c55
0b4b1afe
02d9c049
54c8f1d9
1b57f159
e20fea1a
101f1804
22fb11f0
1af71281
0a20d813
fb25f3eb
e91ff0ee
030fff1e
2d22750d
1523190a
20f6cae5
2ee3f31f
d728ee02
5018fb01
150b0102
19ee1801
16ce03fd
1400000c
05f7fe12
f317cfb5
e408adfe
3ef514c9
04f006fc
14391ce4
d10b1d20
00f52407
f10411db
0208fe07
090a07f5
2ffe0afc
080cee17
1925f127
cffa25e8
fa260ffb
0cf9f22b
f6d811df
040d1210
d3e71b06
f02509e4
1f0af1de
02fd32ef
01b4fce9
e2f61909
08e1fbf1
f4f90bfc
0f04c0f2
13f007f9
0a1f1212
fc0fecfc
f001ff0d
03f80ded
f21d1305
fdf5c7ad
19edf4ef
810722fb
0a130119
0109083a
ecff01fb
fe0ffffa
b4f3f5f6
eb0df2f5
cb3fede2
d141f0ef
121205db
ebe7fc04
2441fde9
4303eaef
fcfef52a
d50ffadf
f8cff20b
e8f6ddfc
b50814f1
998b0292
040ef3f8
2b23e8f7
3931fed1
f2294cec
39ddaf3d
5500b1d3
1cac161c
0c07c4ec
24cf441e
1eededef
1d04250a
f7eefa00
5e052806
32063145
fae7f854
ede11714
05fde1fd
caf0341e
16e619c1
17fb0cee
1cfe1fe7
0bc7e618
f0210e02
cd29df10
ef43d91e
fa15743a
07e717e8
d9e230f0
444dfcc5
d0e0d4f9
22cff0ed
d7f10cf4
f9d7fae1
2c052efc
1d1c07cd
0dfd0c21
06f818d2
16fbe612
fe0d15f6
13153b03
c02634fd
c7fc2e03
1a020714
ef18d903
fd1cff0b
091ff919
2c0f14ff
b9f9f2e1
22f9f8f3
f9feaae3
dfe51732
d3f807e2
03c139d9
0109121b
d7a7033b
320b01d1
1ed027f0
500c0334
49fafa48
f0e437ea
73392fea
dcda0ae4
fca61009
3cf935f9
38ffc8e7
18fbf11c
191bf62d
13150105
b4f91315
0c11f602
f5350127
0324c6fc
e0ed441e
cd01471d
2ef7280a
dfe0fc12
d90f2007
ffe6e7fd
19e7f8de
cc03fbda
0dd9031a
31ea32ea
fff21bff
01ed12f7
59f8f006
07fe1005
12fd3631
012fa648
ebfbf4fd
cbfbb111
041ef3ee
121d19e7
e0053613
ebad0f26
eb040be5
0100dbe5
000b39f1
e70cf6e6
2c16232b
02f90e0d
3b1c24d8
f5e6fbd2
161bcbfb
f8e63d14
e9fbfef1
f7ffc2f2
0116ee3f
04f7eb1e
090c4f13
0fe4d6fb
011224ed
25fec7e2
f5fbe906
ff0a2acb
d6101ada
360df40d
c6dbe31d
07e5ede7
023af0fe
e916172a
fc4ac10d
e9edda04
bceedc24
10004af7
340706c7
0cd5fff5
0f23f011
11fe0cff
f8ecf6e2
01040c27
e4090a29
fcf4f7f5
030b1303
ef031a08
1dea080a
34fae518
f30c1afe
d7051af8
d0eef006
2e230506
14230625
1c3d1f1e
0c28fe1f
2c2e19fa
e1f314de
27f93106
05e2f705
0af414f6
0d14e3e2
cb02fbe3
065919e6
3ed3f703
4725e0fe
2cfc271c
27eac4e4
0af4e3d0
0425e737
e9cfee15
1cf71cdc
0701f505
08110c09
d622f8e2
0b11f4f5
f901eff3
f0f70d02
ecdbf6eb
1417ed1b
e9f3001c
10291902
e4f4f60d
26faef0e
e9e804fa
fdc71b22
11e1f9d7
f513e839
0e27be02
040f4cf6
c6f3e5dc
1df2fafe
05f4d80e
091b190a
fde8dcf6
b6fddc17
09d3110d
5aebe2d6
03f34342
fde12b27
00fec0ca
2feeda3d
1d9f570c
b71ae6da
0e08dedb
f2aadefa
010410ee
f9d4b810
fa0df1f6
cae3f6fb
eb13fa00
1b1116ee
c702c211
0023c116
2d02eed4
011d18db
2a02deea
ef1111d6
fa2a191d
ee29f306
4419cfec
f4d2fe0d
310520f1
1d0e2216
f5e9df03
45fd02dd
f7e82af3
f1d5f10f
491b31bb
03fa44cf
e9023723
ff09071d
16331cf1
14e301ef
ccf527fb
3cfcf5ec
f2e70513
fa0a1d17
d1051f12
ceeef9e0
d2161af7
1017e902
021af0e1
ea0117c5
e2150911
fafb12ef
dd0406f8
fb20013d
0502faea
08f608ea
f8eaf90b
13f71001
dbdc2d16
e8171d16
fa030924
0afed010
24f0ef0c
fe3824e4
fd1828fd
01e1f7fe
da10eaf1
0f0dd0ff
f30aee38
0910e928
1315050b
1728e7e6
ef0308e9
09d1f9ed
b6292419
f3e8dceb
2af9ea00
24f4e45a
2311eced
f5d9e607
edb25aef
cffcdee3
0b0bc6e6
59c212ea
3cf0e1fc
0b2b33df
ffd8fd04
b64aff05
35a9e946
e7b50a40
fefe02f9
c5fde91c
f9fdafdb
c02af8cb
7f07dcfe
a7bcffbc
efe44517
c00f0109
d5f4ca05
dbf70efa
0ffdf4fb
eadd1211
bffdf00e
a4ff0914
0e12e728
f41ffdef
edfc151b
fa12ed14
f5fd2930
13e1bdff
091e10f9
c4ffdd14
ed05fb20
0ef704fc
e72dd029
fb26e005
eaffe4e5
030ff81c
fbf0edf4
05fe150b
04b6ed0b
1b01e200
ce1130d1
e02000fe
eb0c42f5
091756e8
ecfad705
04060ef4
22ef11ec
13192919
f3cf43da
2e1128c2
20d9ee0b
30220f42
b31ae9ec
18dfd91c
f9e1baab
07fe2646
ab173e0c
d29a06d9
b211af29
22fdfdab
1a2fe7e0
b532cbf1
a53f3638
c90a06e1
edd2f5e1
20f4f108
5cebd21b
c5ed0440
2722170b
1c21e8f7
ff052ffb
d8f8ff0d
ec2df9e0
cefdf2d5
1bfcf9e9
343400ef
d6fbedf6
3e10f9e1
dceb1523
eeedcd1a
15f41bdc
fbebf7d7
e1eac5ab
1cc9ea42
ed09e5f9
b4f832ee
eecb1bf0
fd3ee412
52f8de09
d8ed3209
f303a912
39ff010e
e4f5140b
2a07e8ce
ede4e9fb
4d2207fd
cf25fcad
dad110fc
e1edd033
1cf5012c
1ffae8c7
fcee04fa
c8f10201
e9f2fc1b
f803b4f0
cf193613
dcf91dd0
0510f002
ffde16f3
c2fe13cd
18faf813
1828d41a
00ccf239
f8f70938
0bfdbfbc
a2d7d1f9
2ad6f32c
fbe729be
0a0d0bf8
ee14d901
152ed0d3
0db92301
e204e2f0
192606f2
0fdf141d
2e00fe18
2dec1afd
0efee2ff
13d3fcf8
d5311801
bcfbf90a
fafb15e9
e8f724cf
0b0d37da
24f60cf8
f7fa1521
09f804c9
22f12be5
dff7181f
150f15f1
dcf0dc0e
2a14f0fb
050c0a1d
fdcc1cf5
30ceebef
030aed15
77f8f0ce
0d22dd2d
ebf3fbed
101037fb
2d1c090c
00f80623
26eb02ef
ec07052a
11fae2f6
e0f146c9
0bfe23e7
ec130af6
10ef1f13
19d7fc48
d6e2fc41
2003dded
d200f20f
18e11c0f
cef312f6
f10402f0
101120fb
fb2fee2a
f1092008
fb0c05f2
0f13cb08
0bfc22e4
01faf115
2aedea06
0bfd161b
1012faf5
fac85ae8
47bd5f81
630ae613
3e0ca5fa
07c1f513
a1fee939
e19c391f
16fc48f5
1bfc4f12
eee602d7
0107f10e
edf1ea07
eb1be624
120ee5f8
3aecf62a
e841e504
422604f9
46e42de7
fa0d5b21
14fcb037
e30bea0b
73084273
1d08f7d2
10e8f734
3edb27fe
fee7fc0d
14131807
e417fb11
050dcd04
6600e3dc
174a01ff
ecf1fcff
eaf525fa
9cf1fdf7
58fb3cf8
d9f8f9bb
fcf390eb
09fdfe0e
e0f82ac8
cd3b29f8
d209f806
fe10f9e0
1700d1d4
13e13d0d
fc17140b
25450711
de14e900
2ce4ee03
ecf0150e
080bf1fa
d5fef508
fb3717f2
1efbfc0b
00c6d1da
0e01fb12
0dff0b03
f70f0ded
200fccd7
bb141aff
0fefe100
da02ed0f
1130291b
12fe03e7
0ccb0127
bafaf403
d62218e2
bd14513f
dc2240a0
16f4272a
3121ebeb
fa4bef05
27c2cceb
251d0f2c
e6d7ef08
11094b24
1be0de2e
1a18cd1f
222013f6
0e591128
2e170a25
dbf23bf2
2710e01e
12010ee6
e3160827
1a0c24fc
f6c2c805
fac7180b
11c401de
5a17e919
e0021817
e804ff0b
15f8d6f2
e1fbea0f
231c342d
2c0f1829
3714f8f0
f6e5de1a
e82323fd
11034e20
430d0e52
ee1e0a10
20241111
f4c00006
29d8e0ff
0123dced
0f2e1ef9
131247d1
0feb10e1
0de31916
0e0634d1
df28cafd
093b01ef
fbfdcae9
bfed1000
2acf1909
d8f72aeb
081603fc
0722040a
410829f4
f3efff09
defd18f2
2639e10b
1cfd05f7
08de0407
f6f514eb
0fcaff14
0cda04ef
0d14eadc
0cf8fffe
0a03f2f7
eff818fe
01f90608
113cdff3
001212c5
cad0f316
d4c7000a
26fcfdef
f713dd1a
f006e645
dbff07d1
32eff8ee
b4f40919
0b2712e9
04dd1424
c125e311
0cf224e6
1f05f4fe
3ded0943
fbfdf1ed
f3f15a0c
19fe2613
d724f313
1c15f50e
f2d917c3
360938f1
120334e7
011a27ec
2018ca01
dcfbe809
00e309fe
0b26df30
0dcc48f6
f50f31d3
e7c70532
e4e632ee
070536f3
d2150cea
03c902f1
18ee240f
c30d11f8
28103203
f502e21f
15f1fef4
15e82cd8
ec070311
100000ef
f3d937de
3f25af09
3d03a57f
c0d90fc5
db1ae4ff
ffe5e966
f3e4f5dc
c9e9dcdc
eae827e5
35da0af6
2204d727
113115df
45151c0a
09c8cd01
ecd41409
0c1826cc
1a1814f2
2f06ec0f
dafc4712
00ee04dd
1c0533f0
23ebf10a
ffe926cd
10bbe433
fd142224
03bef5d7
d801ea16
07dc93dc
07e9f4ee
16fb411d
fcb7e6da
e4fb1023
f7200908
2000eefb
edfee701
0cff07e6
d5ed0801
020200fa
ea0113f7
ead10ef5
f2491df6
f0061ee0
ea23fbe8
0a012503
fde80aef
180f1fdf
b832f50f
04e506d6
1ee0dd0a
581213da
09050808
23f629fe
03fbffe7
1fce1b22
001d1102
efc81906
f6ffebf6
26ddbdd3
f402db1b
1936bded
db081703
0741f10d
0834f608
ffb5de20
f510071a
00181127
3113d4dc
ccfbdae0
f20106dd
3feaf4f3
d7e9ecdc
cc1814d2
e80dfe14
17d7c7f6
fb02f2e7
fee8c70b
e7021200
3b05ed02
23c9fef4
fc3e0604
0d0ee5fb
2524e608
0601dafa
23194427
20e43012
e8e501ae
1137f4fa
f43f0feb
e218b9f3
f305e903
29031917
f722d023
131bf610
37e4f8ff
fbfbfbd3
fb07cefc
2113a2c7
07bb2ddd
141de718
d7fee721
15d8e5ee
03160800
e32718e9
eab4e1e4
1004bd0e
fae7140a
1b042426
070b0fe1
30ea08fd
fdf629f6
0ac10934
d2000bf1
1e2523e9
22f409ff
0b113210
20204d23
fce10811
bdf30c0f
fbfce1f1
2af8ef57
e311ffea
1cf2190f
efd8c2d2
28391826
10f81c11
050d0735
fdf0cdfa
eef50c15
fa052d14
fbfe290b
f6d13efa
290a0afd
cd2001f2
d408f2f6
f50df010
faff3b0f
ce053dfa
ff02ecfb
27cb25e8
01e74d07
f6320ced
c7ed0fff
ec05df18
f6f3ff55
ffdef8ce
d9b303fd
dde70f10
ede0f901
0de01815
e7eb13e7
dcf40ddd
f806abf6
02ede3fa
fafdfaf4
11f43814
0d00cfdb
fd24ef29
2e0316e5
2a151c14
f4e2efcc
360cf3fc
fe1e1815
16cb55d7
3fe50118
d207feeb
e50ab60c
000b4414
e9f02c08
56e1de22
004706ff
d53bf40d
e5329efb
c834d456
0b105120
da147ff9
25f748a2
bac81609
d9020ee9
e61321e5
33fdfdf8
0c0bfbf9
06f60de8
ec0334ff
cd0ffbfc
d200e40b
fb01f6ed
f2e421c7
2f10f6d6
fed511d5
e5dfecf7
14f9ef1e
06fa0afa
de2ecbd7
134000d6
a3dd273f
d409f91a
31cd0d48
f622eb06
60090afe
3c0202f7
251207dc
f5f6edcd
f37ff22a
cd0f12ea
250e02f0
170dee00
f6fff503
ffeeed18
dc130ae2
23ec1df7
def21403
03d8111b
dcdd1042
fd4112f4
e608c7e7
2324fe09
f8e132fc
f4f6f617
1a03e3e3
a3ff1203
e2ee1e14
e839e4fc
d605dbfe
c2011916
051ffa00
d7fd0cec
de01d23d
f2ee01f1
f904f20b
2bf7d0e2
f5fc050b
1209dcfb
06f7f8ff
17dd12e6
f731bb12
fde603f8
def607fa
02283707
f2efe4f0
010702fd
e3fb13ff
1c0cf208
14e0e3c3
2226d2f7
bf1bd910
c2ff0a2c
cdf72eda
0d144dd0
f8c01fd5
96c381f4
42f60d15
459ac008
e00d09c9
15e918f6
e10cae0e
ebf83fbb
140b2ff0
2902c42b
0bf8f0e8
02fdf310
f2eee625
d2f61121
f2f8fde3
18e7f9f6
ff002ee2
e610e50e
ee0b18e5
052c263c
1afa0110
16fd0309
05fffee8
21f81129
0c12fa1b
12ed12f9
ff2fca1c
96b113f2
1a07222c
06f2d2fc
01ffc2fc
ea0ffb0f
0809fddd
1df91214
2e17f403
eaf9f603
dcfecb08
0932060b
d60d42f0
df0bfff7
01df1b3b
f2341403
bd2c1614
17e806f5
d616fae9
e0f61af4
0dfd2a18
0cf13b0d
3b1afa04
dedaf1f5
e822dc07
0722ff0b
1d1505f7
db1bab07
e8ec1412
e5ef0001
2f45ffed
0222ee21
c7ec49eb
a81b07fc
1d17f80f
eb46d8fc
e00ecf08
a2efe601
24e90701
ef130bee
cfee0c0c
c8e207fa
08f70600
0402ee16
f5fef8d6
18030000
17ff041a
faf537e5
f5f532e7
f24defe8
132d02e2
4b1fa605
f0ff0401
150412f6
3d1ff333
1a191a24
eed54f2e
ed1b0aef
fabee402
e1fae5fd
ef14f223
271af307
e9ab41ef
0ef8e32f
f2bd19fa
fcf5090f
eef40f15
fbf6ebf2
0512e80e
54071707
fcfb0e02
0aec27c9
1ff1ffe8
2ec4fcff
13f7ecb1
ea232bfb
ddf501ed
1bfef4f9
ef000813
f8fbeff1
1bfdfbf0
01fb2b05
f605f703
ecedf606
e707fb03
f0f6ef29
e5f710f7
fc05f6fa
f807e7fd
1dff10f3
f61b1bf9
06fd0e06
e602e913
07f5f110
130a300c
211828f5
f1172aeb
0dfdfdd9
152ef8f4
04171302
29f4e3f0
cefa1efd
f2f80109
0512f3e8
201fee12
f8e717f9
fffaf6e8
ff03f808
fc04e70a
f4e4e713
d0b308e6
b405fe16
1af0fac9
f6f009e5
cbdcf40f
1522bcf4
d2f73202
a4141f11
120326f3
f02b0bee
1f1cd4d7
12fe01f7
ee46edf9
090bdd0d
1efdecd4
f7061902
360a0b32
302202fe
f4ede0e6
cb640416
f1ea052e
ded8e81b
0c063714
270fe604
fb011422
f2f5f311
4c09e2f8
27ef08f8
e7dadc04
1812ceed
12f7ef18
e0eb1b10
00fc04fc
fb070b0a
b9e5c713
29190efe
0f0a0416
ef1625ee
0e02e412
0310de05
ee7fc403
edf2c1f0
2c1b0b81
cf54e84a
f0b7367f
1c22811a
4d2a22c1
7f2916ea
ea0b0600
1fbff10f
30f7dd35
df08fb20
fdf40c30
fa1501f7
eafc02fe
ff2f1bfc
1c00040e
e2042d0c
00f7cde3
341be0e4
3dd6f1f0
2f022422
150b2dd8
1af7f2e0
4415f8ef
02fefb11
01ed08f0
e512f108
efe31109
2512f8f1
000a18f9
f2fa26fd
12e221e0
38f93c11
f4fccad3
d3ec00e6
cd19080d
14eb0a09
14040f15
4006e4ff
4fefe8e6
dbdc1814
ec1ddbe5
3c040005
f4d211e8
0dedeaff
fefa0a07
00e70c00
0b02282c
fe08e9ee
09e7f908
d3ff0611
000bf5e6
2825d804
010e251a
fa06110a
ebd3c518
050e2a24
2af90b0f
1f0ff612
0207e8e1
0d071ff9
e2012701
f5f3e1f5
19e236f5
e424ea04
00e98aa6
ed0a04f2
d9302beb
40222afb
fa153eeb
c5fbf102
05d0e533
10e70e12
14031605
17ccfd01
e4eaf5f0
29f2ed02
fb11e11f
ff04fe04
d508f9ea
f8f8daf7
e227e1dc
181ff821
dfec1fec
e4f418fc
0512eff5
fbff1cfd
e0f5eff0
dff135d7
ce432d33
16d2f006
f308ed0f
0413e513
dfee2a23
0fff15f4
261fca21
e2dad009
eefcd4dc
210aec07
f7020824
1cf9cc1c
3106aaea
39ede0ea
05de2b14
0bf805ea
ed3bf721
2ae907f0
1fe7ead8
cbd1eaff
0cf81a08
d6fbd600
010705f3
eefedbf1
23d74404
d7d20800
1e341703
d50510ee
21fec3fb
d6e7e006
f6fad6e2
c51006fa
edb701f0
22db05f4
19faed10
220f1403
270f0a15
2326eb02
e51516e9
180b2af0
e2ce402d
bff80e0f
b2f2f0d3
01de0bf2
dc0a28f9
ca204d0e
c2f11509
3c010ef7
092f2d2f
bb290cfc
cc46e935
ffcffb09
0efadfde
daf8230b
ffe31027
34d73b19
31e5c5c2
1ad8f801
05ec0ade
17b70c00
eff02cf9
fff6fcf7
18e0e9e7
eced00b2
0541ac32
dcd2f90e
fede230b
07ee030a
26ffecfc
f5070cf7
e00e0e13
def7e0e7
fcf9e01a
33430f42
d5dce4cb
d706ea03
fc06eb0e
620b3714
20f3f619
0bdfec0f
2f0a1030
28fc08df
4bf4e4ea
0d14e006
fbf8ef09
e0e8db05
17e7240d
11f018fe
da1a2dec
d7040e17
d42a23ea
d0fec5f6
e5ff28fe
ecfef006
bc10d726
19351207
edc44e1f
0dfe0035
e52ad3df
9be00604
dc1e11f4
f003f8fa
1e3c2a0a
04fc0cf9
e1383cfa
db41f5e9
e111e1f7
0725f903
10f5d814
340708f6
132e04dd
0bf709f0
c0eeffda
06e20dd6
ff1cfbf2
38eb19f8
0808e206
0c0a1209
9e281d1b
f8a2af07
7537811e
4b13e61d
39e81710
6f2cd813
0af332d3
eb0103e6
fbee1924
c8331210
1effeedb
0af20416
fcdafa10
2edf080e
130d13f2
d1f9fc03
f109db26
1219e7d2
f939fc0c
29d6fe19
3eeb01e6
2de06921
ff1ad4f8
2106f0fc
061205fa
10e7fa18
f0f7f127
2c10feea
1bc80df6
d2232801
1d05d325
2002e202
002119cd
43062004
25fe5408
a7f1f00a
e1f1f3fc
07136308
1407b6fc
182036f5
0d0bedd6
c804040d
5eb3481a
19fafbe1
29180908
e0e4e5e0
20f9160a
d1e3e3fd
0d2003de
14f9cde3
1c280141
c2020beb
c21325f4
e52ce7f8
baedd70c
9e0a0409
160b3100
ef09051c
f81200d0
171c0118
f330dac1
d5d22e07
eeec1a05
ebf40e06
f4e5dffd
b2e7e415
3b14ccfa
fcbdf3d9
ddf720f3
1605defe
1cebff16
e2f6f1f5
f4ddd1fa
f4f2ff1c
e8c42609
ca16d909
04c20a23
3597351e
33040211
e80114e4
da0ee3d3
f1e9e0ef
f62b060f
1d02f31f
31ee13f8
2e2d0ffe
3a0c03f1
13e110f1
d2d70809
c3139af0
23f415e5
08d300d5
0e01f7f5
e7f2e6f1
0101e0e7
e3fed1fd
fafd000e
fcf60802
0c00fdff
05f4ff02
fbffff04
08f7fafc
f100fe02
050203ff
b7ddcef1
000c1714
f309e5e6
e319f8fc
0a23fd07
bcbbed16
1408ec06
e6f9e8f0
560a1fd4
d404fdeb
dbafd02d
27ce170a
f9201bfe
2920fcea
e903df00
19160218
03180de5
eeec06f2
1911f7da
d2390a03
0c1505d8
2102d2fd
09f9cc07
15fe270b
c6e92bea
f619162c
133706f1
0308fd15
251b120d
1e160efe
0d112d26
f1fa04fe
fd1707f3
400dfcec
a809f111
0e340208
ceebedf7
0ed1620a
1bff0a0e
f8d91bfb
d2e32745
e581d8f1
4ac0ef37
389ff41f
f0bdd0df
b622f82a
8136cfe9
dce822f6
bd0fecdb
4117ee0e
fcab0f07
e0fef2d9
14ddf1e5
2726f9ee
f001ec30
e7f6c6ec
f5fd03fe
f5f806fa
fc0505ff
fcffff02
020300fa
01fef801
06fe0105
05fe0501
08145e2e
12c5e71a
d810e7c8
dcfc0512
d4b7e30f
d0d5d612
f0ffdbe3
17f34206
1ee4ec1d
17595404
fc142804
f620e3f4
022312fe
102a0004
2505cf30
fffcf4e3
ebe10f04
e7020a0c
3ee007e7
4340e6ec
cc3af417
c6e8ca01
e7f1370a
e91bfce8
1905f4da
e34b0d16
24017a8d
d1300bf0
3b1b3818
c6ff0bf3
6216d60f
1d05af09
1ed8110a
e0ea2c0e
f32d2de8
fdf3fee1
1079f1d3
eceaedf2
ff022b11
1204cafe
cd150437
021b0f31
dffef8bf
ff29f5fd
ec0a1de2
cdfffe06
e8f9e1f7
0def07f7
190a11e4
03f8f4f5
2f16270d
0c02010e
f30adce5
1bdd26de
de0b02f9
ff132e03
24f73f13
d80711f9
2af91b5a
1b0408f4
07e5fc00
22e8faca
b3f6020a
ea02e101
0721e608
15e50522
243a531e
1deb03df
27f00d00
b9d7b6f5
0e01e802
03e2e400
c5d00a1b
eb23f145
f308f9f9
1de800f6
15770bff
60f12029
cef2182e
11451bff
32e9edf1
361631dc
c7190add
b50ffae7
f8de1e0d
05e0ec0d
e5fcd709
38190ffb
bb1afa32
0aabded5
25d02bf1
1dcc0fc3
2ff506d1
e82105f4
0df5f015
d1e8be0a
0a0412df
db0cfa05
25b4e8fd
1b0afad7
fce9e7ed
0fe70e0f
f3fe0905
d0fcfff5
d10b1dc7
0e010ff5
1ed159b8
4019ffe9
bedf25f3
2c39f703
03ef051f
970bfefb
18f2c1e6
f623f6ef
d50bfeda
dedbe5ea
13481e19
0934da14
42014508
ef1c00ea
35fae913
efdcb9ee
3d3ad80d
ced9fa01
dee43906
3702f908
e804fbe7
e71510fa
ddf9ffeb
0be308f6
09e8ee14
ca1609eb
ee0c1c0d
db0bf8f5
f1fe1d04
e0000506
fbf90203
030c0007
02f9fe08
03f702fd
01fafff7
04f90002
00fdfb00
fb030400
0717ebe9
340a1b0b
fe1e06fd
ad3ff1f5
0a37de31
ebfbee09
06f705fc
2b10e1f0
07e8fbfd
14140d18
10fe1814
1b0be8dd
fa030821
f806f505
220316eb
09eaffee
2df52512
14f7ecd2
1fffc6ef
c3fb00da
1a9ff2ed
4bdc30fc
fcef0bdd
a7151505
1beef305
1f0ffe13
02088e48
2eeff9e2
5adf3815
ecf015f3
3907b8f9
06eddcfb
ce8d030f
3a2869e4
82f2a80f
c40604fc
e5ec03f6
3dbd2f0a
dcfce1ee
ee1b2704
e31fba00
10c9f826
503d07c7
0e0bf6e1
09f019fa
0cece4e7
e70bdeff
f2fb05fb
23e8f9fa
0d053002
f426dcf3
dff5f7f2
0f45060f
08f848ec
fc0f020a
0211fbfb
eef0060d
fc1a01ff
083ae504
f9f3ffd9
00d616fd
030ccc18
fef90bef
0201eb05
e4f5e2c6
f109f0f8
2751ef41
d4db0609
10f203fc
220d00f2
20ebe00a
e6ecf902
e2be0404
021afa42
55db5ece
bd5df916
f34be02b
1e1749f6
a50556eb
cd212904
db0c04f6
effa0418
f6f9fd12
0b1402f5
0c7f18c1
74051008
d71501e4
fdeafa00
ee0a18fb
3439f7fa
ab0cd813
24d7fefb
012232f8
1ce814f4
40eb1f10
0c042f00
13081df6
faccea05
0828e92a
f0c6ed17
20e5fced
1521e4ee
cffbe6e0
ed0104e9
1c21bdf4
21181dd6
af0de614
f7dd0a0f
dedf0cfb
46fffdf3
20db10f6
f6090700
121dd516
020e4c17
f2072af4
1320f400
f0dde2ff
0b151107
30fb1623
f9fd0ff9
efe2e71e
2df304ed
c80cbe2b
2b29ff03
e0e41aeb
0e110a0f
06e60bec
fef41700
ffa7814b
4f3e3915
c80824c5
ee262e7f
d9dd815f
cd0c7c0a
d0173d81
4d1af621
0d29ff18
0cdc39f8
eee81fcb
1b190001
0ef1e2c6
41f6ecee
f4010221
312bf900
2c0518d5
011acc01
4719da01
2b1204ca
15f708ef
e5f119ef
03fbd923
2610b1ff
e2f7d0de
fc0817fa
c4e0e02b
e8d1ee15
1a24d932
ecca2205
5b10d0f2
12f929f0
231405e4
fbdabbdc
29c3c50f
cb171c09
d1c539c9
1dc338fc
04fa0bfd
e2e90318
c74bcafb
66327219
a50d13ec
e5733e25
0df6f602
e81207e5
21ee2ee6
2f07b53b
cd202501
10022705
13cbc0ee
2107fdfa
f010df0c
e2de211e
00f2311c
f5fc1cfb
e4f3d500
0feee116
2b2ecbdd
f73af920
d7fce810
ed2aee11
020adbed
39ed00f5
d2f12f14
17f00edc
05d408e5
fc3ffaf7
d8e11df7
07e3061d
12f1f0ff
2f0cfefb
3a530a01
e5f9faf0
c2e022e0
faf5e710
c5b60aed
2553261c
c81129f6
100711ed
17fcf2f9
d1c617e8
09e310dd
18dffd05
fbf81224
d6000c0e
1a0f4ef3
d0e80ff9
d8ecfe05
15122ce6
2f243b0a
13def515
2f2be2fb
28c1eb15
09162aed
edebf8f7
0026e226
3104fbd0
cdf90a2c
cc1fffe6
f2df1efc
0107fc06
190c10fd
210b2004
3349d5c3
36e64f17
ec3b270e
cc1f81ad
38cdfd47
16e63718
750efd23
5c0a0f85
0bfef2d7
17d41def
defbd2f2
f88ffffc
1b120816
1f190b1f
06f4f5e4
32ec3a00
1d1ef02c
07d5f3dd
470afff7
f530011a
e14b15e0
e4ef120e
02f930fc
fadcfcff
da2bfae1
1ff91902
f90f0027
c9c00102
2de6feed
2ffb130b
0408c30b
31e7b8fd
0e02b426
f4eb0f12
2123ecad
061f031b
fc260bfb
d2dc180f
241af008
edf41805
07fadd0a
103f1b09
c4fddeeb
f91cfdf5
d1f50fec
f8e0f513
ff07192e
0bf026fc
ff36e4ff
0110091d
c4f308f0
ea08fa07
d7e1fad0
040505fc
e6141323
20ea11fc
37e6eccc
2cefd701
ec28dcda
daf6ffe5
05f80bcb
2c4e4bff
fe0d2415
1c030501
81f8d71f
7f1a77f3
9bf1e828
ae424e22
27ef135b
450dd90c
e6063614
1703e954
0fe1f615
02fae001
fa12e9dc
f9ef01f5
221908f0
dff00600
fef808f9
dfe9f504
e812ecd0
fc02151a
d1f611db
05f80814
da2fed26
1c0ec410
e501be14
f7f70d07
a205d3f0
f4d1161e
f0f20100
0efc0d11
20dde807
40e309f2
0f02e001
e4f0c609
e33818f1
dde5ef11
dd13cd40
1a2afc0e
19850a41
38e81805
fcf2bbfc
8fff1cfd
0ff2bf03
0f22e6e0
f1001258
241f0ae9
1c1dfc1c
10df40ee
16000401
13d9e305
0a13f8d0
f61716ef
17142648
2b28ff38
d130f913
fad9f414
e0faf510
e7fb24ff
3232ec0c
2c1125ff
07e3ef0e
e9f5ff27
310d1609
f908070d
0b0bffe1
3ff7c4fa
c6db09f3
10deff21
db26d0b8
e50cf4f7
00ec0df6
122bdc25
de02cd05
15f92df4
53002710
e8fdeae4
f510f338
e70debfe
ebd000fe
2af1be19
030ee906
5003f2ef
f7eb61f2
c7ca13d9
2812ea3c
fab80ae0
e13c0c4a
f0470cf9
f6f5f6f5
ccf80d07
ddd813fd
f5f1eff8
2e3323fe
fef81d0d
e9fcfd0c
dede000e
ce00eff2
d407f124
c6eb17ee
454e27e6
3024eb1b
ee01fdec
32f509ff
1308060a
1d050710
14f802fe
1828ef0b
ebe4dafc
f4293ed1
2445fef0
03d70c1a
ec20fb0d
031b1811
19f9fdff
f9e53300
08fd1d0a
f6d71a25
e4330409
f1f5dc55
17ea22ff
3bf513ef
20f80602
1bd707f4
d23fe3de
cf321bf0
e4de12c1
f60ec9de
012cf4fc
adfc49ee
e0ecea0d
f33ef5be
1d15ebed
0d30f901
0c1ce7bb
ecf6ebfc
0c561107
1e01151c
140933eb
260427e8
ce18d0d0
1bdec7f1
03caf7fb
302207d4
2e041b08
0cf6c1ec
f3e9eef7
b82c17ea
e1e9c4c0
4656f5ca
15f9ef1a
fd37f9f2
0adc0619
f80c05fc
d70232f2
49010cfc
0ff40fdd
2916da44
e7eff7d7
014ce8ef
dff9f9fb
f4dc1511
f7ec12f8
2507f6d3
1c3b0611
b0172dff
03c20705
1b26111f
e11ef609
2715f606
0d02d304
5df9dc2b
d01ad2cf
2d1c2ab9
ebe3c5e1
10fa1714
42323e06
260c66dc
1a0611c9
3efcf0f0
ee1139ed
1afae4e6
dbfaf8e2
2c03e3f7
f7d8dc0b
e1070f07
10f303f7
fffcebf8
0c2911e2
fdf6e30e
fbf1f416
06e7f112
3711b025
0c03f7fa
e51219fb
280dff0d
1900f5cf
3d101e4e
e6b5fb04
0ee616f5
21d5f404
ff02cff1
d9f61cf9
3306f3e9
eae6cbf7
1d08c818
060402f0
fd261305
ffeeed02
01f21413
a6fdf0fd
e9051e10
0df8fedb
fb0b03fd
d5edfd0a
2db408e6
150411e9
f21bcdeb
2009b6f4
ebe606b6
f649c8ed
6005f1d1
f4821b04
fd10f0f4
e40008f1
ccfddaf7
b8fdec12
270df2f7
ddefd3ce
ed078f31
e9cffced
0c0606ef
f1f5f8f3
fd12feeb
d00001fe
511c0c37
ffdefef5
d10d06e4
3d200003
c6010fff
ebe6ac09
f3ea0708
01fc1efc
d8e4e113
2e2560f0
f102f6de
a943edf1
f903f501
32e81c1a
f0003202
0f0934ea
1c0510cd
08231af3
e302d7fd
04cfff01
22ccf7fe
15e92e16
010efae7
ee16deff
e033140b
1e4b0c07
dd01ec13
2af3fb1c
030332f1
10f15509
0afefb1b
1ff8e8fc
0ccbe4d8
2402c7f5
39a5d938
e6ce14ef
28a716e2
0dd032ff
e405f914
48fe9a0b
22fe0ae3
f8e20eea
39fcf520
01fa0803
c3d60516
fdf41106
07fdebe9
04f7fd0a
eef70cd7
0a0c12f7
ecf20205
15170208
f502f804
ea030403
0e052afd
d4fefdff
fc15d1c0
10d906db
c6f8e321
31f5f404
10d7151b
4bcf0110
d6ff1311
0000f6f5
00ebf714
fc07f7ff
f3e4fc0c
0c000409
0915f6fa
fefaf0f7
f500fa07
e1fdf401
29fc2af7
0cf905da
033b0303
2304f0f8
2004f5d2
04caefea
e607e308
100107f2
d9dfdc04
2af0f0fb
2107ee03
f3270e21
e64ceb0d
f7041c0d
dff6f4f3
f2f20607
e918f21d
e70ff000
29c9423c
3c1802e4
0e020d0d
0a13f7fd
e021f4ff
ff13ed03
fffc0f05
02ffe6f4
f50e08ea
f7f305ff
0d060a06
01e70407
ee0104fe
09fdf805
23e911c9
23213e11
dedbdbe6
13f705eb
2f38183f
f1e7d90b
ee0654e7
15fcfa04
e1ee033d
ca0c23f9
c6d617ee
450eef08
ebd902f0
fcd703f1
041445f8
01f407ee
e317fdee
0f380710
00e5ae09
b6fa131c
fe18f62e
e425d119
290df7e3
c8f21010
fbf8120c
090d112b
20f8f0d5
fd2e1ced
002a0006
c4e800f0
ebff300a
00e8e71a
fec415f6
f007ffec
9dc03e13
f3c50006
1aceeee5
ee1ed61d
00f9fd02
d503fffd
1c1ef9dd
04100218
0230ff15
ef2c120c
f913fa2a
1f0b0f04
320b1515
3af8fb18
2524130c
ebf52405
e34aca09
1709f1f2
f0d4feff
201209de
051a0218
e3133bf8
fdd50218
e51305e2
0a0b0022
fcf0fcf1
0108fdd7
e71c00f8
f208f40a
13010efe
2ce2e1d0
34cee134
29ddde1b
ebdcf2cb
3fce0bfd
0d100eff
110fe82b
c0eabaf3
22f8f3fd
e30117ff
ebf30015
d8ce84c7
2b020212
3601f902
07100232
eeff3b81
f2eed516
f6f014fd
c22001f9
27ebb6f1
16e8ec10
1ef617f6
180d0415
dbf1f3ae
f3de02e3
f60fe4ea
bced1d3e
02df1c05
e1d1fbe1
ced25aef
00fa210d
f5edf50e
d416f702
edeb0cfa
05841ac2
12ff190c
163209e5
f40704ea
1703fd24
fb0ae811
efeb1e02
03fdf708
ec3f001e
2628f530
e5f30320
0b200307
080300e4
03ee1bef
2102d4ed
0beab7f8
3a20ea11
0be1f901
08fa19fd
1cd9e1ff
0aed120c
1df1f8fa
d6e6e412
ee0ddc19
fcddf6ea
e42e1e49
c7160325
f6f40307
f107f9f7
e1f40c21
1f59fbdf
022c02fd
0de0d2cc
093afde3
1cd2f5b6
12fcc61a
03ff1609
2cfcd3fc
03052005
ece51bf2
15fd0804
cb0a01ff
edd2f7fa
e3e62609
e804fc06
a7004904
def14d05
0ae8ec07
030126e1
1f175508
c108f5ea
c6f0fb02
d9eef0da
0308085b
8eb8111f
13130f36
e000e10e
ffef0128
e4dd081e
42231917
eff5ff09
02e22106
16faea0a
f3160323
21bc2009
22e82d04
f826f4f1
d5fc12f0
ec050b0e
1dffff2d
12f613d3
f0350506
38f512dc
0a09f5dc
2ef70bff
0cefe9ff
1f052016
d30de9f8
eb0f1bca
fcea090c
deaef1ed
253107f7
b7f310ef
17e51614
05f80022
0bfd2f0a
2838effc
0308131b
edfee9dc
eb3b9fe2
ffeef524
432afdff
25123a0b
530a179a
410b1efc
e2040ff4
f4aa0ec9
06ed0101
da13dcd9
e41af70b
f9041302
af071405
03192def
0bfb05d2
13dd2108
f8e102fc
d6e1ece7
291700f7
fcf9e20d
eb1000fb
06edfb08
180ffb82
0dec1ae6
f026eb28
0ead10f6
d414eb9b
fb1319d5
e28108f0
bffd22ee
2be20cd3
001b0ed6
db25e115
cfef11ee
e4e3f020
0b0dd9fe
340e61df
ed01f6f4
fd10f90f
064d1f15
ca3509f1
eeece710
e2f2bff3
0dfd2016
5005ec03
d50510d7
ff09cd1d
0c250cf0
1a0bfce1
1c080812
f615f4fb
17fee709
05f30afd
37f8dbd3
1f0d031d
ca17e924
0a1c1610
e13ff917
f1154bf3
d413db3a
e1f51c1b
170fdd16
1806353a
f2e03e1f
2afaf80a
e003f71b
e3dd16f6
0111e03d
ff000bf7
da14122c
f415e5f2
363125eb
012ffc3b
e9060ef9
f0ffee1a
100614e5
e5f135fc
14db10fa
08db3f20
f4fff10f
f3fe01f8
05ca04d7
1ac435f9
fb06e60f
bdfb07ff
edff2801
eff702f6
2a14350e
f0edffd3
fc40ed12
f33fe713
def5160c
fe090ffc
140e0748
faf4f42e
f60d1a35
07332e13
e618172e
d915f002
fa011bff
ccf2df2b
34192afe
f70b3630
49f346db
f00204dc
fc2aff2f
c6fcc3f7
eb050107
e1fc0d03
281a2516
e91ada05
0b1422f0
10d2fcdb
fafa07d9
bcf60c0e
ebeee408
d2d828ff
1a15df14
35131810
e949e203
ffde08de
11d6a041
362158f1
c01039f9
311dff0a
f302f00c
060d0e0d
1bfafd29
ebef2d0e
1a17ebff
e7e51706
d713e5fb
140ad428
0602f110
fcd70416
1fee0701
02dfeced
12e1faf2
e6ed1bf7
df08cd09
f1fffcec
04ec29f1
0ff8fdf6
32fec9f1
f93601fe
e21cf72e
1fe018f2
050b06e0
06fd1903
3a03040d
17f309f1
dfe3ecee
f6f4290b
ff02ee15
e106fa13
ea08f7f7
f4f0f524
5327f00a
f3eb1215
15ee16d9
cef100e4
f5c1fe18
11fefaff
0e19dbf9
01fcde05
05d60f0c
e71dde04
0fea11e2
d02a07c6
0c05edfc
f0fae9dd
ec16050d
24fedb01
3afe05d5
340d26fb
d6101b1b
e73c02de
2020f214
03e718ef
e0fd0c0d
0df9e904
d7e61106
f81000fe
10fc1205
ef021b0d
e8fc01ff
e1fa1003
0b03090a
0706fc21
1307491b
1dfb0ef9
ebe205d4
fe040ef7
033b111e
d0141d11
3deef0eb
1810db0a
dd42f62a
f42914fd
eaef0805
ffef031e
f8f8ffe2
11e5fdfc
320be4e9
e700fa00
071f0c28
1e0c1e29
300ad708
2a33eb0b
0f1aeaf4
d6c00c0a
c7f3fd00
55fedae4
fbaf2428
03e9df17
fc15b8e7
fe2affed
e0c7dff7
ffe906fe
e2ee07fa
24fde4fd
e20ae90a
2c0b0cfa
2d14f7db
2720f2ee
e7bb200c
e313eb06
100300ed
14ff00f7
1e3b1ce7
0712ef2c
eca60dbd
19cc01fe
c415f610
132d04eb
2d0cebf2
1200d2fc
fb2612d1
ecfe16e8
bde9d6dc
f8290b01
fe22ede9
24d9f610
0afb140b
edf7240c
f313f1ea
1b161e0f
e4cef8e4
104114fa
1afe0d2c
18fe0515
1e03f7f3
f1faeb0f
011a260e
dee435f8
f0160dc5
4cfffdf1
1d1719e3
fef4ee08
360e2215
eaf4f7fc
a2ff2dd9
b31af4b4
e736e84e
28b5f5d3
01101d9f
172fab13
d8f9e24a
afdf09f1
1df63b32
f214fc10
c8c117a8
f9e80d19
e7fdf7fb
250ffeef
4911fa00
e800e20a
e4f4fae1
250c0232
fb071c05
da38fa12
2bf7dff3
32380903
e5ff1322
08eefdff
2bfadc3c
e433f606
1eb7c3d4
fae90eed
05dc32d4
e3ebec0b
12fc5f07
d501d30b
20080a2f
e2211dec
cee8a123
da12ffef
ee16e004
00381707
ecf106eb
e60403fb
050af801
d6f3f3f1
0964f9eb
1a0afe25
d1521107
240aee08
e10ddcf9
e10a2803
0d13f124
ece5f5db
0ee2eb0a
0afd08e4
06100304
0417db0b
1e0fe814
d0f4fb08
19f30ff1
14df1c05
0410f3e3
ff070af2
f2210b04
0aeb2200
0c0105f5
fcf6fd0b
33fb3a25
d01216e1
cadc0002
030cfde7
3ae227e9
e7002505
0805020c
01fa0101
dbc2fa27
2ceb3cd3
faffce3f
d31df8f8
07f505df
fffdee15
fbee2219
0f0306fe
1f1ae82b
fa1ce709
3a13bac3
28ff050a
ea17c2e6
0b0f080d
2d15f812
f2f90d00
0b11fb1d
f5db1412
3209f70f
16f4f6ec
0c3ceae2
97d8050f
c502ddfd
ecfb07f7
18e9ee01
2d35fef6
db340e10
d2f9f701
3ccd1813
28f43908
1dfe0904
fb08d8f8
d7de00f8
0f19230b
0c2fc215
1b09ff0a
1cfd0de8
fbfc1407
fcf9f825
1c050500
2ebbf92b
2ff40be5
10300122
ec1decea
f9eb20f5
f820affe
f50acbff
1f0023f2
f90ccaf4
d1f2dfe1
b82fcc0e
f0c4f617
47f40bfb
18e70cfb
0b23f307
e1fbf7f9
e9d8f614
2a231b21
f728b0fc
fce312fc
0422f7d5
923800fa
ea01e806
d9f8000f
f61ff8db
e1c1da0e
49c414e5
0c1e1417
fd0a090e
efefdb06
1b13bf09
f9f71017
4d1e02f9
f80af6fc
23f3f9f1
1bc30010
08dbf8fc
1cc70706
0f01eafc
18eef5ff
4cbd31d0
c65b29ff
81f36f1d
0028d8e5
17370fc1
baee31e7
0d143d43
160847de
bd0e07e2
ed11efdf
1304f7f9
e4bb0400
e95620f9
e02af40c
fdf9f105
f809eeff
1a22f20c
273b3320
24033230
bffd06f8
ebf5ec06
fd1c350b
cfe7e822
21e6f006
c0d8e609
f2e3efbe
1f32173b
fb3cff04
3ee838ee
09b0d9fb
06f0f0e5
1307cb01
1ebc1130
eb24dded
120c2ffe
46dffff5
1dd1f615
10120102
f8fdfdff
0117ea01
d1ce1ed9
fe0badf4
26c7c7fa
e7ff03d9
2e29f7fa
13041df7
20fd57f2
0ff50703
fc10f50f
1df54718
dad3060d
f426ebef
ffee1a4a
c711fa08
24071107
4313d3ed
e4fe1334
fbe0f903
3e07edef
133c00e6
11c8f50f
20f008fa
df01e4ec
2ae9e704
0315f7e9
02c909ed
11dec76c
1af00216
52eae205
d60dfc1d
bd0306e9
f5f2ec02
ea1ee5d9
23bfdef3
e4ea12b1
e63d0e69
bdccf240
4b2fd6f6
0b060dd5
fd094111
e31746e8
08db2bf8
1a0a17fb
200403f4
01e2fcca
ccd3f20f
b601ea10
d2f61905
f312f00c
f825e411
0bd80d0f
fa0bff04
ff0ef521
f7ebcef5
ff0fdbf9
1af70afe
38be0312
bff1f8e6
28f83638
00e0f4de
fa33250f
ea0305fb
1605240d
100ddff1
1d130bda
14e0f3e8
23f3082d
f3f6fdf1
02ea11d7
07f6160f
e702f81f
2cebf1fd
ef910ee4
001915df
10490c02
d12203f9
e80de025
06f4dbfb
060016ea
1e01f502
020200f7
f90002fb
160603fc
fb0300ff
f9fd020a
090007fd
fe0607fd
f903ff00
d72fe601
5a020612
13dfe2d7
d2e502f0
fd2b0d2a
263e1926
16102d02
faf9f002
14f10fd1
b6ffa416
15c1051a
04a303f3
4cf933f3
04edf6f6
380ec221
d904d003
e1de0f10
db03e9f2
4fd8312d
48ba3510
d928cdfe
ceef0ce1
ae05fee6
cd090439
c636d611
1e07e7ea
d22c103d
dc4df73a
0dd2d53f
f9c2060f
23f20be9
1cedeef7
ecf4d0ef
fdedf7e8
ac4102fd
d5f4fcb9
340fedbe
3a2f35ed
49dfe6f7
2be2c9f7
dc15203b
f40b1f07
d1e1fdf4
2de0e30b
23e31415
1f0d2f01
14f60df8
d807ece3
2f2618dd
e516f0c7
501a3104
27d70ceb
de1404df
05f11cfb
06ff2408
1c17fc08
d60d09f2
05fd150f
e2e8f9ef
f6070417
dae9fe17
bfe72a10
d30cf8eb
01051fff
d29f0826
b7bbcbe9
4e080dcd
f1e53602
a706e2ad
eae9daee
b20393dd
95e7ee29
d423d7a4
3018cb12
be27b71b
b835d5d6
3a98276f
7602e40d
50e30823
1b08cfd8
23151201
d60702f6
0733bee3
2c0efc05
ea22e3eb
2d3b4618
07f0eb02
1d1232fc
3db4f4fb
29f919e8
3911d417
0dc8f50d
3cd12d21
497f12fd
0100ddf0
0013f7f5
4816e7dc
ddd0c701
0809c9fc
d41aedd9
061004fc
f0f60df7
921217fd
bb1219f6
0fe31725
f0d9f0f4
0404d521
37f80614
250bd7fd
e8091511
f90511f8
0a0fd004
0c0c02f5
c6fbedf6
19fbf5d8
ca2404d4
dee11e09
033be219
b0e8fbdc
ee12e4fa
8df44620
ded13216
b3fdf413
1b22f312
06e528fb
da28d408
0e053e06
0b100af6
0102d0f4
01ebed41
f50cfebf
11e2f323
2af60109
e00a0181
2581faf0
f96e05f7
bdd92210
120e2af4
f4e90ae1
f83816e6
d903fef3
0bff3a1e
f3f2f5d9
eefd2610
06ebf0f9
1d1ac72b
c62811e3
e01df605
0bfd0dfe
11eff502
dd00ea11
07ef2102
d522ac19
2912c4de
2ad31d00
c2e82844
3f9dea72
075adbea
2910cfc7
6b278120
042df0f5
090bf718
df34b624
3001ddfe
6dd42517
f9f8c91c
5a0c4601
4903ddea
e0f1ec3b
10121f09
16e7b4ea
f5b7ece5
f3f2e411
41fcfdf1
e601def0
ef16f7f0
e1fdd129
f6f80107
dde01642
0fdb0f24
0ef4c0e6
d0244629
c2109b07
06130815
f023122f
d7d7e80f
b924e7e6
350a0020
16e60914
2fedd9fd
0b02e107
201b1e04
c705263f
eb0c2321
06cf03e8
16080323
d80810f7
d2e2f20a
c6032dec
bffa0cfd
21f5c7c0
31dc3b03
f26cea15
411b0111
290530df
28ffe219
fbf6d116
0ed2d1fe
1530fdd9
f32ef10b
b12114fe
21e80617
07e3f82a
0e41caf4
2f06101d
2bfc100c
0f1ed4e4
07fd0215
1fa10019
de0700f7
ea07f221
fbf218ff
0fef132e
2af3cafa
1603eb29
f2edeade
31fc2f50
2ccf021b
db51dc0e
eb3504fd
e4030104
e7022202
05283a0a
1a0c05fd
fe17c501
ffd8e5d4
4edb17f1
26ffd411
0dfc3df2
0f11dee8
0710f813
02ce1a01
f81b1dd5
151ef4fb
1006240c
e80af52a
0804fc27
d0fc11fa
14e6e9f0
e51313f1
12f6ee28
f0e81101
1ae525f9
0505cafb
cbf7dbfe
0b05e40c
d7180714
f1c7d414
e8d213ad
1d0101ec
e803e008
ebf5f005
dfe71df7
110fdeff
02e3fb13
e41bee37
e10509fc
eaf70a40
dd11012b
ec2ee300
0a0eff0d
f811d20a
0af3eb1e
22ee0b07
14fd0139
13e4e7d6
18fb0917
fccef0ff
0edcd603
211402ed
f70b0bf5
0bfc0906
28020e0b
e9c404fc
11fb05f5
0113effc
26032110
ed080d04
0cf0f016
c2dea4f6
1ff913ec
1af5faf8
f5ea08f1
e3f2fcf6
47fb061b
19103e05
ff0de70c
faf32712
3cc938ff
122efe2d
cfedf1e8
c90ae016
deeed8f3
d708fcfa
fff5f306
f6f3f311
e3e81e03
fbfaf917
f71722e4
e7e905f9
e602f909
d6fc20fc
baf6dd11
f1132010
daf0c404
19011dfb
03f0e4f7
eff605f8
1afb1406
2206ee22
62dcddfc
01f311d3
57172ffc
07d9f703
0be5d5ce
da0d21ee
00f0fbd3
fa30dcf3
38cefdf3
d8f22d47
f20a10e7
09f0f609
1501fced
e91e28e8
defc1c0c
e700e7f3
ef3a1bc5
481a631c
daedc7db
8160f3f7
20e512fd
1feac8fd
5302084e
2b08f9f3
1a063e25
17e7e0fe
fd06d5e2
f6f7032e
041fedfb
fcff16f4
46ecfff0
f61e1f05
0037d316
0df1fd0d
b9e01dfe
dd2c020f
f61401fb
1ff3fefa
42f7ee0e
0b07bc01
f90ee638
090f0205
e7fce904
10ce0dd7
29f51af4
e9f5cafb
e8f905ee
f707b805
ff271afc
03f7feff
2b471d17
171e0310
d905400e
b71ae7e8
f6eee40a
ef1b2e03
1c01061a
f7ede712
3012e0fd
5ccb0b2e
f8f500ed
daeefffd
13e9f108
c6fe1107
f021f401
f5f9e2f0
e5e8e719
fdf0080b
f7f40ff1
ee0805f9
dbf10ff0
1f09f605
e2270aec
e7e5fef9
f415442c
511407f3
ea20f956
ef160bf0
12ff4aed
fa0eef04
d202fa33
f00bff07
15dcf7f2
12e01000
0cd3e207
2d0401f8
f1f105fa
0cf9f20a
eafeeee4
f20a2413
64fdaff9
c5b9fabe
080a13ec
d80d16eb
18011e0a
16eefbfa
010ae40c
20daea1a
1545b0c5
e63ee9ea
1ceffcdc
e90efbfa
0eda0c12
1bfb19ef
53daf5eb
ed05512a
9e9c17c4
8df2fd15
0f44d008
f0d45e13
46fe200d
d21401fc
0bfe1fb2
07fff3e7
d8df2754
1ce1fdfd
1c001bf5
05f00be8
f2fbc608
e82d02fd
440711eb
05210d10
bf0f38f4
0307fbf4
e5fbff18
2f081609
0ce9f71a
e20607fe
2911f407
f805c915
24f7100a
001dfc25
fc2b21f7
d9f4e406
05f4f518
eb1407ff
f6ff1211
ef21d8ec
23f92703
f9be09eb
ea1a1bef
0910ccf1
17feeefc
f104220c
c1702cb1
1543d9df
e9fad4cc
e76ad62c
e1833e28
3540ba37
d9de40c1
1f1c6bda
c0d41cd4
31343421
f72e24e2
dc6213fc
c61ad602
f9f71016
fcf1f407
06fd3213
96ea2bdd
00d30708
1805e034
f702e6e5
f7e52036
dceaedeb
1607ec30
241e17eb
de3b0120
1bff2afa
11e9e8fc
0539f8e6
0127e616
f1eab705
1ff9def8
3d0113fc
1cc1ea17
500b190c
acc70320
fb13f213
f3451df4
450470fe
bef83d26
d5fc1fec
30f21d03
00e60702
c01de10c
1f0b0433
f1ffeeed
46ff0def
190bf6f8
05121804
b4220a13
35f703fe
3a01e73f
1724e205
f3410dd8
f4db0ff8
e61ae20b
0af652ed
3e13dee9
063b14c7
dd232d18
f8dbf50e
fb50f20b
e1ef3e10
3b12e2f4
d8161cf9
06d6e5f4
d3d5a901
05fe3010
25c501de
054abf24
f69f5ff5
37fde006
16fa00fe
0306281b
3c28370d
1bf1123b
aec306fa
18a3d534
fc180de7
4617dbfe
3c0cd004
061023f7
f3de0000
f515fd05
0821fc26
0f1f2d23
263dc611
f4eff5e4
40f7e2fa
d0f510d5
fa032637
342b1b02
fef6f824
031825e6
f34dfbea
fdfa2f23
2deff6f7
04ea08fa
d2281ceb
c62cb419
29c8edd6
0bddca40
3806cbf7
ebfa10cd
e40c0ff7
2cefff0a
d60de8f6
e912c121
1ed5fa13
f8cd16d5
32dde115
15e55827
f1fb1dfa
3220e9fd
e7f82916
e54411b4
f3effa13
18cc30bf
00e90e08
e117faf5
fa060a00
1f02e202
0dfb14fe
0ffff720
11f21511
270af8fd
f1eafd12
edf80803
0115e512
fc4741ea
54141912
d3b150bc
81630f2f
81de2e4b
e7200cfd
3b0a2ef5
3c125d0d
f6cd11f0
fd171d21
dc19e2f9
e0220716
071eef0f
eef9e80a
ebf2dd05
0414db06
bb44f00d
a42ccbd4
f735e539
00e0181d
fc9517fe
f1fde8f1
48000cfb
2104140f
d2080ae2
17f2eff2
44f9c40c
fafa1407
1c0002fc
25fb02e6
fb09ceed
16000713
06020ef5
0df6f5e3
e81b0301
0f01f9e4
0007ece9
fb32e014
d51a14e4
2910f8fb
14d0323f
07dcfd22
1cd8f20b
21e10913
fee62115
fcc5f301
a9fadeef
dd09eb01
3bc81e0f
0bf30907
bd130e21
1914fe28
e3cafcef
382df103
18ed032e
0bf107fe
f6e4fa15
1c0b0402
fd0c29ca
da211610
fd1c13dc
fdf900f0
c9133016
f7080a14
eb230c7f
46c2fdfc
fedd2b12
291023ef
f8fbe9f6
810c10f8
07eb13e0
54ffd315
f10913ec
fd15d31e
f6d50c9f
4406102a
da4627ee
f223fd03
0d0a10fb
d808fe0b
f0eccde9
3e2515f4
084b1cf8
1fe90104
10deff1b
302ed10a
e10515ec
0c0c0002
e4fd1d21
e5ebd513
0f021afe
e4aa0421
0006fc0c
f709c407
38fa0ce7
d7f7f504
2013c3ef
f201f505
d41cbff2
09e10708
0f4d022a
e540dff7
defffdf6
2ef6d003
f1151f2f
cef2df15
13e23607
58c6140b
1510fad8
df1bf700
e4f61003
aff70312
4f07e1f3
0501edfc
c7ea1af9
f3cccdd2
46f60a04
1ffc03f1
05f9f20a
d40012ce
15f3eef9
261e0c0f
03ed141b
26f1f804
d115fa2e
29cd19fd
3a001316
24f414fd
1ffadf02
f9f4eb7f
09042c6d
05f3f6ec
f200fc8b
0001dbd0
67d307a5
e15601f8
3806f6f6
0b02f8d0
e211e93f
1ed705d8
3beaf203
0c1c1f0b
140013f4
ecf90105
0214de0f
0f38e6e8
053404ec
bfe508fc
11fb06e5
22e5f710
d7fc030b
3c06ec05
f2062f09
f825bc03
eaeef7c8
eb7f0a13
c10ee606
d8d2dc08
eef61dfb
f9f81d09
10fcf91c
d8e5cef8
36411b65
4d1c0d09
2eedee0f
11e5f4ee
cc0c22d9
34f7f50f
07dee8f9
fdeae232
cac804b7
01cf1219
0cf01dd2
02e009f7
f918ea04
50f2d60f
273bed17
d2ea25da
e66d160f
dc0e02f2
f117c128
f70f0706
10ee0afd
dc022904
64e11c10
254809f4
1abc6004
e2e60ee9
cdd108ea
f1d440fb
e2f2c729
1bfbfa05
e3d9e307
0addf7f4
332507fb
e1caffd2
1302e8f7
fdf4df18
05ea100c
0adae6fc
34f0e108
f20bf100
f032df1a
f51e010a
f50f0220
c943f515
14f5f9db
34e0f401
e4dd05e7
00c5d4f3
02fa22f9
f9f202e2
1c0af5c2
dc0501ff
e517db13
e503e9fe
c6f32604
1ce3f1f0
230be53e
17ce3030
221e16d4
c7fafaf6
cf11e4e8
fff2c225
fc352ae1
10199afc
e1ebf0e7
c7270b03
f7a734ec
26dee303
eafcbbfe
73ed0106
bf1eb508
0ad71df7
eef01bfe
27fe0449
f8eaf22e
c710e202
3a06d1d3
75f93103
01f7f40f
0bd0f40a
0bf32bea
e5e30d0f
062cfb09
d61a2219
0b0a26de
d2ec0f13
14f9d1c3
21231dfc
0448ce5e
a621fafb
13f5f720
2a041205
01f0ce0b
1ffb2002
11f6cee7
f7fc070b
f701d910
edf600f6
e40e1dfd
0fe72d02
34ee012d
d9051501
bd11c005
161c3b12
2d0cfc3f
b6fffeeb
1e01f848
c9f7f40c
f10817f9
eafc1103
f99ed4f4
25e0fbec
c2001641
25cb2331
0e06eddc
d9c615ed
ee1e00dd
25e4eb1e
0a29d438
dce923e7
5ce20dd0
c6130717
ee03e40f
f1e8321e
defa04da
1908c603
ecda01f6
3be00901
f90b1d15
04ea12fa
0229fd12
cff9db13
c9f701fe
34e2f700
33070c1b
00ede914
18f30af7
25dc43f7
f224fce3
d11c121c
f808ef2b
d10bf905
dfe5b3f5
eb15d814
a81825fd
f108e803
fccbf8f9
f2f3b714
1be611d7
1f5ff410
ed0bf1ea
040b02ff
f30aeaeb
d5ebe7ed
fcf2fcf0
fdf2ec22
16fb00ef
360f02e1
2ae8f914
05fc26ee
1330ea18
2518f5fa
f72cf7f2
0efe0e18
01f6fbef
d21009e9
10f61a22
f624ed04
f7e201fe
fb00e309
fc1d0006
0cf3fa0e
faddf9df
18150319
23f5031d
06f8fc05
10fc1f07
bdc6f6d5
e30dee0a
0d0ceb2b
eddc13cd
1f1bd30b
e4230b17
260f0202
f1da06e2
fbfe0204
d8db151a
d9051c06
e1000dd4
d2e3ef06
3e181aee
190067cb
ec0a2bf9
083ef0e1
f7fdbdf3
270d11fb
13f9331a
e9acecdb
29eafc07
fdf410f0
f216f4fe
120bebfc
18070313
0ef00305
0cef01d6
b812fbf1
048c07ff
55e1e202
d5e9b1e7
e0f522fb
391ced0a
f4f8e824
e2fcf5fc
f5f23414
e8f60218
17e1d1fe
052d1304
f9fafbf4
173f1710
0aee17fb
f210fe2a
f0cd00f6
f3e80212
0ef939d9
0a0a0d03
0e111303
2a0be304
09ea1cec
d1e204c6
17251017
172a2905
dbf9060a
f50f1505
172009ee
03f2e2d6
dc100206
160e0af7
fb14ebf8
d9231cf5
1dfa020a
2afcefe6
12fcf304
11f3190a
0ff7c7dc
151208c0
1696ff12
0df1da1d
2aff1f0b
e5401825
daeff7fa
edf4e8fc
ea0efb12
f4fe28dd
f822f6f5
18f8effe
0ff01bfc
f212fa03
ed030b0a
07a7fc07
f301ea00
fdfe12e8
ffebfe00
13ee0f14
ef09dc0e
faece90c
151a05fc
199f0705
ed1b3813
28f50a12
a90c0516
f305041c
12eff1fb
0bf0e829
e91e190f
f1fff1f0
e11ecef1
cbdb0225
33d3e91e
e6201ac2
fd311cfb
fa0adafc
fcf4c80f
14b4de0a
14fc110d
2703e722
78fe1bf5
3b21ecf3
e2dd05fd
e4ee6912
0c1c1017
2a09e3b5
2701d1b9
10160312
16ad13f8
eef24524
eb040216
0de9ff07
fe05fa07
eb04dff2
260e0416
fede2602
c9c91407
fdd6d702
080af0fd
fcd10dee
c0170113
ece52807
19fcece1
0405eac9
f2941611
120527e5
aaeef801
e918c111
e4100e02
2afc1013
0ceb2d05
1b09f22a
0b22edd1
0311dce8
16fff906
e023b609
0402f10d
e8050ad2
1ce0f609
0e0ffd01
04ff17eb
0839e8f8
0a09f40b
fdffe9e1
24f90cfe
2210fff6
1e04e700
ecfbe4ff
0206ff2d
d6c1ffe1
1b041708
ed22e9f2
e5dfd106
2fdd020d
f2edf8d5
1804c31c
061af9ca
1804f309
f10a2719
fe2809dd
0af618f1
0ffe354b
16faecff
0117180c
fcd80df6
3a231406
bc0e1402
f007f4e0
0c14fdf8
1d033406
fb0afc0e
0afd05ee
fae8d403
3ef3db0d
1cdfddf9
bf000dd3
2afc0c00
f608fdfb
ae21ecba
ddf910e9
3100da09
0513e318
f7e600fe
2210f501
eef0ea06
110ff9f1
f301f911
13fdf906
030b0d0a
fce2ff09
1ce7ec0a
181605f9
de08f5fc
000c18fb
dbfcecf6
09f90516
0909f4f8
000e2dfe
f7112411
c013f5ed
25eff2f7
120debfd
37d3d911
0709d3bb
f2e6ffea
03fd030f
04c11f05
ee220a18
050eed06
15121fe0
1cfef7fd
10f806f3
07030c16
e3b40ff2
431ef6f5
c1163ad5
10dacfea
29d6c403
020100e9
10ef2a0c
0616fbf4
192800f2
d70e0804
03260ded
e310230a
0d071ae6
46eeda0a
0a07d53f
dcefe009
191e39ed
2e01dd21
d1d64210
1afbc3f5
f7031cc0
edeb13d5
3122c90c
f7db13d9
d30f230e
f4020e24
e9f4e501
3803fff9
f2222124
e90521f7
d004fa3b
4d10e81b
0b1f0cfb
c10edcfd
c625f6fd
20ec03d3
e410f0ea
f4fa2013
071117fd
facd16db
dcc00ab1
ef113b10
eb993410
e6f1cd06
e6dad512
e53ad7e9
1cf6f605
18551201
e6edf8ef
01204006
e1be0b15
04f903fc
0ce4f1f0
ebf3e0f9
42f90b1e
ff29fcd8
110714fb
2000e7fb
f5c7faf5
f30ec302
f0f8020b
e3fbf71b
040bf6fb
09d10cee
e00af3fd
0c252df5
2723da0c
1dd4f1f9
1902f505
e4dc1606
0111e3d3
1338f0e7
0d091129
0c01f900
eb0cf610
14f508ff
ed330b1d
d9050112
e9f8f3ee
dbf6fc1c
e6fa2605
ef1de50c
d110e71d
ffebe6f1
ed07fdf0
dce1362a
f50506fc
18fd0bee
0927e4f0
06f61cf9
f80c05f6
f7ff07fb
ecfe0eec
f3eaf906
1d060de4
db18fef7
d5e4d910
f605220f
dbd70dec
4a05e7fe
0b180e21
ef0b21f1
cef103eb
f7f40418
1c17d405
02010c0e
1e1a301c
f963d8f1
e5e24306
fd044b24
070b0232
f6e5f9ed
df980819
dae10ef4
411af9f9
fb091125
de270ae9
d72f0403
f0e40f07
dbf11813
e6fde909
10090eff
140400ec
e9fa02eb
be06f8d9
2107fe3c
fd0100f8
deeb052e
d21606fe
1cd8d50a
20f001e4
131722f9
0de2e00d
16262b19
eb0dfd0e
e3faf7ea
2ce806ee
dceef0ff
03e2f4d6
e412100e
e918140a
f615f9fd
06fe0a68
ffd0cf11
0d1c1319
15df110f
1015c107
f31421e5
32f500ea
3a09e9bd
f60bf103
e5b4dd08
c80d00f6
14eede04
22e3e005
da08ef15
f00a2208
e0ee1307
19e70ae4
1e261cf6
052318f3
e4e5ec02
e2e6ea09
d4000f05
f810f3e1
d5110ee3
08040f21
dde7f4f9
f5e22337
40fedaf1
061df404
26f412f9
dade2028
ffcbe3fe
f6f4f7c6
bf3938e8
31e7f210
02ec3b00
24e30228
15b70ce8
2802090d
d5e4dbd9
f6f8e1d3
f54cbfdf
0b23d8fa
1403edf2
27f029ec
2611e0f2
d40dd502
350c12e0
defa0d13
f70deb12
f5ecb2d2
bc0132e5
f22432fd
e213ffee
1503cde6
00fc3400
14eb041f
11cc1a1b
eaffeb1d
0214cd07
f1dfc600
ec25e9f9
1dfe1ce7
e8d8f809
190d1519
19fae1f9
434c2009
cce9f3e8
21cd83e6
1e0607f3
200afa23
1ff3791a
fb1f61c4
0ffce309
05ffd304
e9270a03
3f155dff
cf01fd10
daf501fb
07dde619
0301090f
07091e07
58df0e26
f00b02ce
2a123800
d0f0fa08
b207f3f6
ecf3fe1e
071ec5b1
ed281e02
d4d31aed
2809fed2
f7e8f91a
f038f3f3
01efede9
27f21013
130d1b3b
ebe9d30e
e528ed09
a91892a9
2ef615e7
232cfd0a
fdfaec34
f2fc91e7
0de7ba23
10e3eaf6
165fedb6
e02758f4
12d80706
d84cd4f5
faf3e21d
22f218ea
33132c45
560ded34
083af707
1bf8441e
1b1faa1f
eaeb1cfc
07fe1832
fddafa19
1302eaeb
1c4e0319
fa27f4fd
56f4f60f
04f0c50c
09dbcf08
11eb2e02
082ee5dc
0006fb11
f70a4228
1807f408
f7dc2109
9fcaf3e9
33270ef2
10110ed1
e22ff72a
2413fcf6
ddbb1b0a
fee73805
fcebdb08
dde310e7
fcea19ec
f8ecede5
10041412
ef07e5f0
00e4f4e7
052a471e
e126cdfd
3f08d5e8
371d010a
bf0830bf
16b32035
12f21b24
b5634b1f
0ef2191f
05cb3def
1a0b0240
f5fe18f2
18eb10e9
e529f207
e60de7f8
fcdef1e7
ca33f1fe
2e11f9ff
f33513f5
03e8fef9
0f0d1704
1ef8e0ed
f113fdfd
5425f019
1ffdf1f6
0b0636e4
f209e0f5
f9150218
bafef4ec
010605d7
f4180332
41ca3a01
a70dabce
021e2a0c
09da3e1b
8c03dc04
02cd1205
ed04f012
0a1408ce
5f01bcef
47e20610
edefc2e5
0e2adefd
12e103fe
e414e50d
e01b36f3
eaf0d936
1f2916f4
25050703
f6f7200b
10c215f0
07370ff8
e801ef18
dff3061e
faf6ea37
062ffc33
fb04fe01
ff0102ff
fc0003fc
02fe0300
0300fdfb
0600f7fd
fb01000a
01fbfefe
fc465c12
d5e8ebe2
36c0f7da
02fc2b1b
0b0d1ffd
de1d5121
ec0c3119
dce0b6f0
c7e5d8fc
ae08e506
ef2523dd
18160606
11f2ed11
1d2eacf8
16dd0004
ed2f09df
ebce16f9
f90f050c
22f7fd0e
e3ff0d0e
2deb08d6
fcf52443
10060ae1
3fdbc7f1
1b0c3505
bdee9f17
32d00e1c
06d42a12
cd3507ee
272b1f0c
fef8fc22
e4040a12
0a5d0f29
1bf2c50e
181cf0f5
fc18f0fa
02fd19ff
02b2df10
010ffd5f
360d22fc
e3e3e903
fddfedf5
dd1ad609
f1d5ea0c
0dc0ec06
e045fd21
1bcf1b18
4eea1b1a
c4ff3b03
ad24e9fb
af1412e3
1c2b09fd
fb050bdb
0dfa0a9d
2e0527fc
eb15d923
ff03fa05
00ff0100
fcfff703
03fe00ff
fd0001fe
08fa0200
040002ff
01050105
040bff1b
d10f1ce4
12e1e719
09c0f8da
34f542ee
1446bb08
0bdddae3
0df50fe6
1d4c0033
daf526dd
452ae51d
0f041be6
041e07b4
17e9f031
211feae4
0fdbf1f8
ecead3e9
2f240810
f8f22ae1
efdffbf4
35e2f608
4f1027ba
000505dd
08b58135
81d60dde
1a16ce08
f3d411dd
fbd6f901
fc260401
10fcc92a
07fac70a
158efae1
ffdde916
cc1ee50f
07c3480f
0c0717ff
19132aee
d210e0cb
091315d8
1c36dff3
2d4c7ffd
e2fbcacf
4c501d89
39d7f9f1
f1f123db
ec46b417
fe160fb5
f6043fb6
9d1cf8f4
c807ed11
3a28fc21
e713e909
1cee65ed
1e13460b
03f6d9a2
25ea1ddd
32e6fff2
28072105
06fff5fc
0bf9f706
ed00eb0b
1efa14df
0ff8fbe2
141c1825
01e84616
1ff910f9
1e12fa2c
1e02f1f2
8bf83703
14032ced
e3f00fd4
e516f4f1
1295d9d4
f0ecf7fa
2fceecf4
e60f2c00
cff5e008
eb180b20
ea5efaa6
d77103f3
5f5df1fe
cc0e1fd7
aae4a5d3
4a290dee
1cf7f2dc
fee26130
0103ffe5
e7ffc402
12efe00e
e7ee9dec
2729e1d1
0f9cfd26
fe19d8dc
ff02db7f
f5ebb713
f82a5dfd
d40ce600
dde3260d
09f3e309
f2f10200
efee3310
fbfbea00
f50f010b
2a09ffe5
e6161ce0
0e09040b
d6e551ff
1010e6e5
1cf4e22f
0b08ec0a
08fcf5ee
0be3e702
f97f0ae5
b1ec5b1d
e7e1ad02
cbbe0304
1edbe2ec
bbf151ce
eb242a0f
3bd7130c
ee592cfd
a716fe13
c00310d2
b9ebf11f
cdfc0d03
ed183f10
f10b2b00
5a1ce2fa
1410060b
44ece823
f31724ea
39e700d8
fc034e03
0e05e115
0228181c
d9efe1eb
04fb04fd
0000fa04
01fe01fc
0bfa01ff
fe03fc04
0402fd02
0202fdfb
0208faff
2ef6dbee
09f0fa0e
ea05f4d2
fcf1f516
09ee450d
55dae8f0
031af538
46dd0e01
fefb1003
f7efff00
ee0307ff
ed0ddd18
edae0304
2408000f
cafefc06
6bfd041a
f5370800
fc01080c
19021be9
e41417ff
c111ad14
e8eecf2b
0df517f3
c8e7e2e6
fffb1308
ddd94e16
ffe6dd1a
d117fbee
f80611c5
322d3811
f9f6f31a
03bff422
e5fbdaf6
1b1d0bdb
0529f2fd
23e30807
1afbf02c
36d7280c
02fcf52c
f1e75613
000ef305
dfef1b08
d8c3eb0b
ece00ef7
f703f0f9
d6d3cb23
e4eb1d0b
0811fce1
0310080a
81e0c3e9
f035ee23
c6d406f6
25e40781
22f545f0
031dade6
361603ef
fd00fb01
33a105f4
fb14feef
06ee0f07
dcd6ec11
051cfc0d
bd0b0522
1cf6050c
dff9e80d
e6fb2614
3b2adc0e
33f51e18
090c3bd9
272229f1
e328f6f4
0203272a
dd33b1c1
f71bbd0a
d33924c4
fff6faf6
1801083e
e1e2051e
12131f0a
b6100bdc
f20eeb5d
0947eefa
f7f4ff27
fc01d005
3efda528
fe310c0e
d55afd32
e9ed0802
1923190e
26091af7
efedc3e6
f4f92cf9
e3f20bfe
141a21e8
e8e7f800
0c21ecfa
2edd1cfc
f80cd60f
0705d808
120918d6
ffe8e0e2
1416f1fb
08f81108
31db17f5
0af845e1
43092ef1
60c95005
12d7f91a
1508380a
f819f23f
f30e50bb
f5aa469e
b3f51805
edf90ee2
2aef14eb
d80c1822
e1f6dd2a
0f02c901
fb0be80c
f50b15d1
1ee6260d
190c2c00
37e4c520
1ee815e8
dbfe111d
1fe445f0
001b121a
2d0fea22
03b50a9d
bb421c0d
ca814819
fffdd410
011aeb30
ef0afd06
18e70216
fd5508ef
02d5f40d
070944ff
d4250f08
0ff8f020
f7fcd7ef
f522fefb
04e9ecbc
f20d17f8
0a0710e2
260dffd7
221a0732
082bd60e
11e6f502
2ed010d7
272101e7
332b110c
dc1edee0
0f0c35f4
1534f6f7
e42b1200
15fb1df7
161cee0d
090af315
28f1dcf0
07fc2a09
fe06cd24
fe16be32
2c2015f8
ff0d2ff7
b9fbf8d1
f60405fb
201cf91c
170c0cf7
071214f6
0a060e04
eefbfbfe
0951fa06
05eac1e9
e205ee03
1af5ebf4
cb3bfb0b
d21207f2
492b2d05
cc1009fa
080712d4
1feb00ed
09fc0cda
f1264311
36ca0c18
eaf100f3
1d201104
b3f7eb22
24050b02
37fc4cea
030e0416
d916d2fb
2ef018ed
1e210203
d41822f2
00f5eeff
18ecf30d
57f911e2
1d00e9ee
1712d313
e11505f0
d6f0edf4
bf0b46f7
d7f9ffed
1ce4d2ff
1c15e3ea
120816e5
3c261b0f
042a3f12
cbd803fe
fd032722
e7f9ff11
20031109
e9f31ee9
fb0cf0c9
ca181a1a
dfeefb24
4ae80e04
00060d23
13c6f7f1
230a3adc
bee811f6
f11212dd
4831bb22
f24ca91a
f2e9f5f9
ecc6e60b
fe0af9f3
1c0a31d2
b8c6f920
fc12d6ea
0807f306
0cfee1f8
0bffe608
f2d5efe5
1ed8e4f0
05d50119
0eda00e6
1007f01b
1709fcfc
e4030a06
cbfbbe10
f535ccf9
1f221c0f
000d2510
20000efd
01000029
fe03eb1a
59cb4821
6febf3fb
c72238f7
e92cf4f8
1803eafa
150cb700
f3f52ae6
f219e2f8
e8472a19
04140c09
4302e7e1
f2e3d5f1
e704f7e6
09240a0d
26040310
f1b507fd
e6f72326
cbf70509
bc0d43fd
160fe90a
21000aeb
f929111d
00fe0d0a
c30902eb
1901c61b
45ff0706
4806f6f8
19e9f0ef
35070c27
d937151f
f2d90fd5
ef320de0
17caabf2
1a101f2c
d9fe0910
f59add13
e7f5ed04
3ff0fe0f
3201b733
1ffb4a21
44c10c09
18f6b404
dcdd06ef
2ff306ff
1ff20128
1c2df10d
06f61ef3
3824f2c0
c4181ce6
0ff013f7
d2bd2ff2
28c0f7ef
2c24fcf3
06d01b21
1115f2f5
3be4eff3
0415cf04
34bfece8
48d13252
04eb1900
3a0bdb14
04c724f3
e71bf702
3dbee3e4
3330e40f
02f41ff4
e6fdf50e
4ef1ff0d
11ff0445
e41ae230
16e7f5dc
c4d41d09
08011d1c
1bf9e6fc
0533f70f
c7fc0801
fd0c2116
d7de0929
0cfa1feb
1722341b
bbd10403
f713f3ff
eaeddcde
ea23ea0a
c60bce08
ff241dc7
0bebf902
e3e63cfb
f2fcde33
2601cdff
f8f5e9d9
160603f6
e134ff0b
26feb40a
00e317fc
01ec02ff
d00df40c
f114a504
150cd72c
264ce5e4
f4122408
20e16506
f0f8f33c
1b280307
1adafaed
2c0f01eb
fad3f6e6
0db8fb01
32ecdb23
b01714b8
170e07fc
31c63718
11f9f208
2eea0ffc
f0d805eb
2be81b00
190cc8df
0e1524cc
fffe1a15
d3da14e7
c90b0ce4
04fbff09
f32cc9f9
f651eb31
0014de26
1ff4e2c3
25031802
1a0526ed
ede2d017
be07f301
1c0b0d08
e40a1a05
140c05e7
fa1e1d08
f6dc1125
22e3fefb
b1cf1a01
ffaf40ff
0e273612
3e00f1f9
39c1ee1d
043a25eb
e3f5f110
15d7fb15
e13fd0ea
36ee1317
f81325cf
3c69030c
0ff6161b
c8115e0e
09ea62e2
e0d6b91b
04ba1b1b
dddc0b12
25dc0b04
1911edf8
07fff2fb
16f1ece4
fee4f0ec
0ada0f31
b5e46f1b
3832ebf7
022c2e0a
2946f8fc
d50b04e1
163e2908
17e40cd6
f834d4cc
0b1e00fd
d204cd05
f613fe0a
3203e6f2
f60f0810
f9fc14f4
e1eaf62a
f213dfca
fad72c1b
061528cd
1426d8cf
daf1f0f9
cdf8ae2c
2fec2708
f411eef7
d4eeb1c9
efefff0a
f3f1ecf1
fa1506f6
f219fb02
fae7024c
62e8b4e0
22140e45
21f8ebf7
17260111
15e7d40e
0b0521f2
03ee1aed
f81705e1
1e1e06f7
0d06fff8
d61ae412
0a1ce4de
3cedd207
de33e526
e5cbe400
1af8f7e5
ee0d1728
fcf5e41e
fdf51919
fed12205
cff00803
d5251528
02adf2fb
da0a260f
12eaf2fa
0a1fda15
06f40149
cfda4d06
e3060dff
c7f6f4e7
bb1df8ed
15ffe11a
061dc556
f9ea35de
f7f2e400
e3055018
df0a4ae5
c3222f2d
257fffed
34082e49
302e03b5
08ee5fbc
bfe5ec1c
0d16ec18
adfd1a09
c7fe29ff
070a1e11
1110011b
0ff1152b
fd121114
db0a1b14
d5040405
f4ec08e1
d7ec6903
cbfc13f6
1af4f8e0
30f993e6
fdf7e8ea
09c2f524
32cb13e8
3207e50f
fb21f617
3617ee06
0bfa570a
0e220c19
1406fefb
e5ee0613
00050901
33faf004
17f1d636
dbf9f305
03fd310c
f8ffd8eb
0912f95c
2a34fdf0
4333d219
08e5f107
e82fda26
3b09100e
1002cbfa
e0660b1e
f5ee2d1a
33f03a22
dc210c13
f2f337fe
d40f1ae6
fdfbf21b
fcfa4be7
d4dec604
0c14360c
122b43f0
19fa16f2
fad40305
f2d123e6
00f812f6
cef00010
fff9fb14
06031b33
12e4d0f6
290ef816
06ec110b
2b043af5
291311f4
31f41120
11ce1213
3b0adcfd
ac1907f2
1b07a409
0b15e007
d5b90ad9
50fce90c
02f0cd35
efb103cc
05021712
3d0113e3
f82330f2
2bfbabfd
cb08dac8
063afc1d
4ff13f1d
e3e2e113
1d1a1138
10fbf9c7
0a17f7ff
38dd23de
011c5542
154df605
5b02f5f9
bd0702a5
dbf768af
41ede0f6
32f1cd0e
db10fcf4
db2e1901
d720fe08
e012f9e9
042f1e28
f1011906
1605c50e
55c9c106
1a03e9fb
cf0b067f
c41311e7
24fe49f5
63d9e419
020d133b
fd671b02
6932020c
b9eb22c9
f7028efe
48e40706
1411ece4
e717fcfb
c3209be7
18f22e1e
ee2b5714
54f623d6
d0c91594
07def827
130275cc
fc1b46b4
0f1afa43
127fd514
177cbff6
03034103
091807f7
fdfefb0a
f0f5f4d6
ee2dc41e
1806c9ea
4427e6f8
fde61421
fa0b3423
02d50f16
f42708ff
f9110030
0ad91dee
0612bbf3
f61e092d
ffe7ce24
f910eb01
26cdec0d
28d4fcf6
171a1e19
f806cafc
fefa0adc
f3fddf17
09ec0303
fa02e215
ee8df7b7
8158f381
f5034c1d
e77fd7d1
fd07ef08
09d27fff
ffe8191f
ceeb3f0b
d446e203
ec161d13
fa0727eb
e6e729eb
ec180905
e2bcf7ec
e82527f0
09f116c7
34df2913
24f7000b
1dfb2321
05e68118
fee7f22e
0feb023a
2816fe19
e6ef26fc
0a03f5fc
2c080410
fb090007
b5eb13fb
f512f2dd
18fb1e22
0ddd1cf3
34ef39fd
ff3c1f24
c6f4e3f9
3002b3df
162d02fa
1feffdd1
f3c7f8fe
fce6ed11
e5070a03
fc23ec11
e512fa06
c9f6d4d0
e629fc04
03ee09fc
d506fb1e
13f7effe
eaf6a50b
ef6022ee
c829eef8
11f9edc9
2f1504de
0b0b0707
ff411cf6
ea30f1fa
ff0e0d03
f6ed0ce9
f0e3f4df
0ef909e2
eadf37e4
171822e8
350001fc
eee32b04
f907a50c
fa022016
58370bf1
0500e0d3
17d10d06
06fefead
fff0f404
e20de3fb
edf5201c
9d1bdc0a
0fff150b
0f000beb
34f90930
fbf2f501
0a351a16
fef7ff1c
f317f806
faf8fcf5
1df82107
060df6f5
daf00107
3a06faea
d3000609
1e00c921
e8eaebf4
06e7effe
eb2dfa0b
e008f8e9
1d1a160f
01f3f504
e5f0153b
6b38dbf6
0708cc0b
092217e3
01650314
dc02fe09
06f01953
17e705e1
f4f5f1d9
0f0d02fe
ea42f20a
07e5fdfb
f709f0fe
1345faff
f2f004fa
38f800f4
9d11f9fa
fc2004ff
fc0df301
17efeffc
19f6f209
03a1f3f8
fbfeeefa
fb07fdfa
7f0eed0e
0a29e0f5
e9eb06f4
0913fc15
e51cf911
b0121afa
fd060def
e3fe221c
17131ffa
02d202f0
e91ee313
ce240204
d5f1d3ff
23f6fe33
fd0a1d16
1df2fe08
f9000826
26081416
f7e7ebc6
f9f418e8
0d03220c
e136d110
f408f41f
08fa0b4b
bbfce9cf
f7f9f31b
f8f11ce5
0428ecfd
fdf6040c
f709c6e1
da18ddef
08e9ea0a
dc1a25df
ede913e6
38c920fc
fee01804
1200e8e6
08d0fd28
120411f8
c9e9f819
160208d7
0ad6de10
13f51103
320123d8
29040c0a
12faf4ee
f32023d0
da030beb
ff9feaf9
d7f0f4ce
bae627ee
c9d00ffe
fd0106fb
1513cbf9
e8f0fd1a
fdf725f4
42faf6cf
f411ff02
07ec3be7
33f61cf1
d204ecfe
12f4e306
2e341613
edf51818
042ad1c2
f1d90908
14fa12ff
c8d621f6
ead7e807
eff20d25
23f217ed
f2042809
edecfed8
04d91cff
10fd06f4
2b0915e3
0821f402
f9cc1823
2ffb1112
1dfcf90d
f2e20617
f628e911
fd15c6e9
13ec12fe
1ef7f5ee
d50a010b
f3100ad7
0ee5f0fc
f51705d3
ed051a1d
f6d0fa03
cf04d8ff
143215fc
f712ca2e
11f3e0e2
f30dfd0c
c31bf6f9
f0762626
197af401
dd47ee03
f1ef02fd
1bef0bd9
03cf0ccc
d181fd7f
f492ea05
ecf9141c
030711fb
ebdb0527
fef4e4f8
0faa01e8
07fcfde1
25f1edf1
b02dea16
11121edf
e1282ce5
7f1cfafd
e9d40b0d
f4f4eefa
24f32500
3f030202
d811fbfa
f9e8e211
ddf61300
27f5c903
fdc8ed09
f90715f6
0722060d
fd041346
b977bdff
2b50f308
e7f4ef05
1cfdc4cf
f4d1fdf9
40ef08e1
52085100
25fd1eca
feeb1c10
0304381f
ddf5570e
07f215eb
1c060e05
deff0740
e20942f8
02fe16f2
e30d06f2
de0700ea
d71426f8
150727fc
e2f2e6fe
eaf9f1f8
06f30269
f2f70f12
00170afe
f5dd0203
ffe3081d
1321d4e0
1ef80eef
2dfdf714
020a0ff3
fa01d1e9
2714e7ef
f2f8f0e7
01f8ed04
0709fcf1
120a0700
f7fa15fb
f5fde014
0c08ddf8
2f3ded09
091feee8
be0dff1a
dbf0200c
d40fdd07
fc09dcda
12f721fd
f1e60618
43162522
16041eed
0aeff4e4
ecf71203
f6e6f1ef
4bfd08fe
23d11702
00f607b7
def93f0b
32f605ed
faf2e7f5
f53115e1
e924e4f9
e2ed001d
e301e60a
0f0510ca
100afde8
ffe8e208
e205fe00
12ed12fe
2902fcfd
15140509
ea1220f5
fb02f3f6
cdccfeec
07eee915
f8de0cf9
001bf30e
1213e402
161a08fe
e6f22005
0dfafdf1
0b0d0e00
10020c1c
f1c50e08
13fe1001
e90ee011
01e517f5
0df0fa0f
1a03f90f
26fa0221
1006ff02
fb02e6fd
edf52fe8
f9e8fbe1
1e05ff15
01ca0919
08f8ea0c
ee0209e1
03d90222
f4bd15f5
fc11141e
f808d0fa
02221126
030dfded
2bf9fc02
06040ffe
0c0813ef
fd090dee
e316fee9
161bee07
06101821
e1fc2a01
0a0fef02
39baf0cc
e3de4cfe
1116290a
e0eefff3
30e90bfc
1607f1ff
150a0208
0bf5e409
eee50828
2c061c03
e6f9f80c
da00e5ec
0bded212
1dfb14ff
0ede2101
0b00f6cf
08d511ef
0535fd44
02e4fdfd
f4ea0eeb
e109f1f2
1f01fad1
1503fa0d
0124fdfb
07d6f304
3abefef7
e01b0e03
e214f60c
18f6f0fe
f218f0cd
0128e821
06e5f9fc
e131eded
0aeb19f6
d617def1
dbdb1af6
00dff403
0c0bdb0b
f8f322eb
171508f8
08f8f819
2ccadb33
250c270a
0e1917f9
40081a01
0c19f22d
de1afb19
fae40d02
e43ed6e8
52f9e6f7
0de1171a
f32a1817
e63909fc
f8140921
0d04e1fb
e0fcf931
19c119f2
fce6e814
edfd5206
cb2ad9ff
fef806f4
0a210801
ddee1821
d5f8d2dc
fe421901
f2f506f0
f8ff06ed
190b0a12
9fedfc1e
ae0addef
d1d3eaf5
160a1932
32e308e6
ffdddb14
23e40706
013ff609
17f70803
0e0d01eb
fb01a7ee
f1010ae4
d92cf50b
0d0121e1
ebf9d217
09e5fe2e
04fdce0e
f7091409
0104d6ef
17130d4d
f70c03f7
db08feed
2bdc0313
cff5cf14
23e40bec
1e17fae1
edee0ff4
0605f435
15fa101a
cf60114f
07d119e6
cf44bee4
33daf70c
2603fd04
33efe1f7
1ef5e7fe
e3d22a37
12ff1afc
f70be707
19c219fe
d703e10e
e314f102
f3120114
18f70708
faf2f8fa
ed14eefe
faf2041b
fef8d90a
0df70bfb
1601ede1
0413f3fa
06f0fd0f
0423dcde
07f52df6
e6e3e1f7
0c0103f4
1a001100
0015f0e8
060d2905
f7f1f822
08f7122c
2208e7f7
29dcd110
0b023bde
0ede07f4
29fdd2e7
d9dcf2f4
d8e412d0
2864180f
b717e20e
d8f701d6
10f820de
1bf0eadf
e8fb0cc6
4306202f
17113a2e
0ef6edf7
efef0606
faede50d
181b02f5
e219080a
ff0d1c1c
05ed07f8
15ffe5f4
18ef10f6
0b181607
fcfff503
fd0a1608
01f6fbfe
0612f30d
0cf3f7f6
f7fbfc08
fd05f9ff
e531c6d1
1d0917fc
e745e1ec
e6ebe0f5
77d9dd0d
ffc0e5f2
4d100202
2a1dfde7
1e1bb024
0ef639f0
16eceed9
06eaf30e
d503f1cb
0eef0b20
fefadf23
c3fa0b18
2af152fd
fc0511f4
0cee0b00
d21ad8ff
e30cfc17
1506112b
0c10e7fa
fd090f01
13260efc
c2040d13
0ce60d0c
220deafe
11dd2214
140eb5ea
1a13f2d4
4505f5f3
da0e0afb
14f7fc0a
11dd3723
d9daea0e
07f5e8ff
06f135f5
22f90c27
2dc62e0e
e202f812
0806180b
0f090720
00ee0201
0ffefcea
f5e8fce8
f9f62517
071726f1
35d7f8f0
b2e8f9f9
4d00e118
dad1fdfb
f4d512f8
15f3f9f7
09f0a525
ba0a752e
e0ccf3dd
67e2c20c
10360efb
d73a06f6
ed00fef7
f40d0ffd
1208e72c
192b1a24
0d2ecc16
daf0d8ef
321ccbf4
f50a06e8
28f23908
dccb1af8
031115d8
324d2feb
2927fe26
ec0d050a
f2f0e2f7
011e35fd
0f48e0da
ff0ed431
06d01b1b
c2db00fa
0139e303
77033e7f
0efe0106
f80a001a
0e152227
e81531ff
13f64098
e2e611de
cc112932
27e6bbee
3d3ff202
02be2403
4fbf23e0
eeefe539
2509e4cc
f9e70ed7
07f80a08
f900f802
27f707ed
e0e20709
f005d5ec
0d0ff11f
0c13ed23
cfeb0827
c8f10115
2ce8c717
fd39dfe1
e8ff13f7
db001407
02d2e50f
f60e07e1
0c0e02d7
071c0cce
3b10e503
4ee72a0b
e203bf21
fef019e7
1502f71b
4009322d
09400700
0108ffe2
0ced0504
fff8ee11
ec0dd9f8
24f1fbf3
15e8fb04
281cf231
16d8e3fc
782a1b1f
8a181ef6
bb35280a
e82adef1
e3f506e4
01f71aee
1015e2ba
3503e417
1af80100
cce91407
e61d0bf2
0df519fc
10f12e11
1f0a4029
fe0219f3
260bdf16
ea5813f9
02f42c11
200318d2
fd22e70c
ee01d2fa
3511d638
f4dd2ff1
3a3bf8ff
e236cd06
23d5bbf2
2afd2ce3
17fc0cf3
160aedce
e918c3db
030cf246
2cfce9d0
e8bfd5ec
0e1f47ed
99e11dde
1f060ce7
240cbe28
12080f03
fdc8f2ec
a25004f7
0916251a
eaf21d0e
498c2529
08faf8e8
e50119f0
25e91aea
fd060eef
0906c7fa
f80df9f2
b3f7b8ff
47e5daf0
fd08fff2
eb0f08fe
ec0b37dd
13fcfbdf
cae1f411
ffffdeff
e625ddf7
f6fd1d04
f1fbf305
191701e2
fe34f609
00eb18d8
2906c524
edd6560f
c6e7f806
f20ea22e
c920fd15
fef95127
ceef1bfb
f601f92e
01b9fce9
f1acfcf0
5cde18fe
40d24208
54c00702
16ff0428
03fcc90c
fafcf42d
03f6250e
fd000304
03fb00fe
fc02fd01
0101fe03
0500fb00
000204f9
0200fc03
0102fcfe
e5d6df16
f6d8e5fc
fdfb1102
ece913e5
eb2afde3
f70929de
16f41cfd
b512eafd
deedfefb
26a3d6f4
1d38fcf2
0c2810ec
1c090d13
1520fd0b
2108fe42
f3fdf815
1619f3f6
2bf9ff0f
dbdcbde7
130ee7e2
dcfff3f8
13fa1601
28f122df
dd0a07fe
35e7f0db
0be4ff11
1acaf41c
050cda00
fcf3ff18
00f0e1d2
fd09e73a
3f3e06ff
20e729e3
ccfefaf2
2a360ff8
f208f000
1a13fa04
f608f8f9
e1ed010a
0106e508
d3ad03fb
1bef0e0a
189b21e5
1c35291c
e8f0b306
08f4d106
1a08e237
22b703f3
02def513
10faf001
2c2a13d7
0ce1f816
33ec1d38
ca140034
01ea0e08
dc09f7fe
c03314ec
d101130f
1c041504
20e5ec12
f80cdae3
fe0f30d5
04fee4f4
f64130ef
2a052205
dd0a2cf3
ee391609
e722e604
1bf40723
ce1c1d1f
e806fcc4
2a04fc3b
fb19e0f4
27b7f61b
2fdd2ccd
182f080e
d7e0162d
20defef4
132e0150
eeed2ce1
e6f61802
f806da04
2c0624f9
ee15140a
16100c27
2c28f2e4
0ff3f5fe
e8f1fb02
283f2be3
f600f8fc
c80cd1ee
d7e80b01
1c0aed04
1ebeffea
1b07212d
060025d4
01cd1c03
0cda38f6
e0fc453c
a51a0d06
ed03dc03
ce110bbe
e8f3e7ce
fba71df5
cc2b05f9
dcf827e7
b4bbfae5
f01ffefa
26f7b4e8
02f11814
0c172816
3802cfbb
031f270b
f4d41b09
79ca1015
0cc91104
1e0b0ce6
311e1ae3
d3e6e22c
df3d09dc
ea583f2a
efff0a0a
d5c925f3
f9c9050f
07f3100e
1bef0ce8
21002ed1
b1051714
19d50381
f97f1003
0ccff0f5
eefb7f02
c8ee26d8
0002f806
813107be
8e2306f9
faf206e7
28110212
2e2a51ff
cbf3ec12
0ff9ffed
ff00f50d
f606ef26
24df140a
0e1847fd
ebe6fb0a
f3e6d7f3
1e09e80f
afec03df
2ad307f1
f422d81f
1f29f5e5
95cfdee3
e7fff9f4
34d81ef3
0ef6050b
067fe612
fa1c1309
d4ea0f16
2df8e417
bee94a03
e6eb0526
ef0ae3f0
d229fe0a
daef34f2
22fff817
f20ce1e6
2dc0d616
3b4ac539
0e0ae2d9
162009f1
faf1070c
fd0adee4
fedd1de3
180604c2
f70b130d
d89afee6
08f4e6e1
18169fdb
e5fa2b15
e60c06f7
31f50d2a
faf80623
26f5f847
f70ce104
f60929f3
480fca00
db1f06ed
f003f529
f4161d16
00f907d4
0d26ec31
b52eefe5
c6ea8109
f223ac2c
f0540aef
2aee0105
e3da1eec
f604f844
01258e0c
0ebbb8fd
3707d3ff
131608fb
0ee3fd16
f91cf808
0207ced5
e1ecf306
1cf51422
c1ed0ef9
2ae121f6
c04fd4dc
0fc514e1
ecd6cdd9
0f050b13
1af510e0
04080edf
1a110b0a
c507fb0c
ffd82804
3dfee7f4
ea00162c
f9d42223
f705d914
d33b14d8
14e41e0a
d711f7ff
13dedf09
2dedf60e
e5fa0400
ddf82405
f30d1be8
05c12ade
d7d40ded
3fe8ec13
3a2c31f9
e334fcf6
100b06e2
140c1c24
09150b31
daa8e207
d6dfe831
f6f1dc02
1ffed613
13e708f1
e90c2812
ec1b06f2
f6fbf504
dc2c0f15
d1058df1
070410fc
60bae816
42def1f0
f61229f1
0cd337d9
100a7f5c
04b40481
ffc7f6f3
18fa1de4
01e10243
e03df0f6
21ff08d9
edf72c15
18e91105
d4e7edd9
0be166e0
ff0b27f5
bbe64a41
0a48fb10
00ff2123
1341beaf
0d0cf2ef
5af51d51
ff191bf3
31f30009
1afcf9e0
f2ee1801
eced390c
21d6b914
0118cf15
fbf7e81a
2d013e0d
f6f8ebed
010515fc
1ec7020b
fa05fff5
f3d6e6f2
f2051fdc
ebde190f
e8e1c116
22f7e40d
0e0af30b
ebf909fc
fc1eee18
e110dee6
000af4c4
9f2e0217
2c2af6f3
de1ffe01
eeed52ea
fa1d03f5
0afbebfd
f013f1f3
faee0fe3
c1c4dff3
4f2607ee
172c0c1f
05f3e904
04caedea
1604e31b
0625f301
1ce8f9f3
f02df9ff
e517edff
f1f7e914
0cf0ebf2
0027d309
3df433e6
490a09d4
f50ceb04
e619ddf0
fde01bb8
1110f907
0821e8ef
beeef7f0
130afd0b
0c3d090d
db0c0c0d
fe0b13fa
19b816f4
ed2c2115
bfd2de0e
15fdff1d
cafffbf1
eafc20f3
f4e61006
e3cb29f7
053d1329
e122671f
3d1924f9
2e072afe
fdf32fcb
ffc2d6fd
292319cf
b9d4fff2
03b7160d
3dfa0cef
8ce53213
f71837f4
e3fbca00
2104cc52
edf8fed4
f5507218
f2af360f
f9fd56f2
e03b3e1c
40e62cda
c423cef8
ec1ec1c5
e113dceb
f60bfedb
091120f1
ebfae307
d153ca19
39fb07e8
83f5d4f7
0aecf4cd
e21df6f2
0a6906f3
2534cdf4
2b1426ea
dd2c19cb
f50c00f9
d1fc04bb
21223120
eb2207ba
31ddc742
e2fafdd1
e60a2ced
fff1e711
ee2109f8
49fd1321
81eb3409
f9f6e70b
cd22fcf8
440595f1
f6fde6e3
a7d6fe32
d6eb1a3b
f1077ffc
49350d18
020501ad
dfadcfce
2e2c0b0a
37001c16
1eca0629
07fd0c05
cc111800
1c0ce406
e9060bd7
f703fbfc
ea191301
3019ec0c
e2e0fe04
dd26201e
f318ff09
08ead2fe
05f9d102
e149fd2e
d3dffb1c
db051ffe
1ccdf7f7
0a101e11
d615f6f3
33fce6eb
e0eafdf6
dde02607
eee31f1b
ec07fc18
0efa2903
c70b0e24
dafa18e1
0aff0c0c
e4e310e2
20e41311
1306f7d5
fc1a0d0f
0e5d0400
2fc4f2fb
29e822fd
ea2c2809
e7fd0219
d90b2c33
fee004f1
2b0fbf08
d4dfe7ea
6539e30b
b9f8370b
0ad722f9
20183521
cbd90af4
21044110
e3e11c0c
02e40208
db052c06
26161419
17f511f3
c804e308
fbf3df0b
46e60ff4
2ceacafb
5514f726
f7b50df6
05f8430a
ef1f08ba
020c1ff9
edf4f1fa
33cbd401
0708000a
fcfbc9e7
ede81207
f614e607
e8e7f514
f8fde708
4341fb0d
03d2d9df
49240e1c
16d4e014
35c41f0e
18e5e2e8
fff4ff04
fb00ec2b
e3452e0d
ffec2220
7cdef2f7
0d28f9df
f4e922f9
f30a0c34
e4e0d320
e8100223
05edde00
e92619db
da0d2203
1c0aee15
fdcaecdc
05e92a16
f0e738f3
280ff804
fc26e402
94d420fa
ce040ff5
f1f97f67
f8100009
daf323db
bdd00dcb
e5fefe17
f40ae6fc
d6cdf1f2
0cffd513
fc01020e
16132af1
fc1b29c1
f9f0f6f3
f7edf728
bef115d4
ecd2081b
3c181906
fac90b14
e0030b15
d30af502
d1e726e1
06e405f7
fa14f2f2
c8f0d00a
0a0feaff
08f90cd4
da0e1709
e3eac3f0
ead61205
edf8040c
e0131a07
be3ffcfb
d003d300
4ef80de2
ed0913f7
43fe1106
06f63220
f1ed1200
04c2010b
3cce210c
3103d701
ff38dfe9
ed391006
eae5032e
26e8fefd
2b0ce60b
dbfee7ff
dcee1ffb
b9011203
be1cb014
ffeff30f
2f020920
0503c30a
e0f915f0
5c8e1b13
f1eaec14
f51917ee
11f809e6
1ce72303
070c0a01
fa1cf4f6
f2ff0b05
5207e904
11d6c2ce
18f9d908
053bf91a
20bbe10e
fbff20af
0a23e7fc
fe041204
cfc40615
07e7bbe2
0b060b17
e51da8e4
f2ed04f4
25ef0e06
2d36e7d1
010e07ff
4f12fd24
f10000fc
ede6dcef
e41b23d7
16f431f3
2bfd2df2
f214eb0b
e3100d01
e2d8fffb
0025d8f5
080ac4f2
f0f1ed1c
f63e090a
ea0aeafa
00010bf3
1c07edeb
0b2e06f6
0a00c6e1
01eefef2
1714fc00
261506f4
e5220e02
16f80ef3
1112f9f0
021018fb
e2cfb9f6
454c540f
c70545d6
08c5d0fa
d794e608
50dde102
06fd04d0
c1fad9cf
c4f6f10e
2718130e
11260bf0
f0160111
ddfff727
ed1710f3
eedaf33b
f9de3ce8
d94f2feb
f30ef9ea
1c4ea4f6
010bf7f1
e50cf112
05fc210f
121bda2d
20c3ee11
d615e70d
d007eb06
ff2be919
dd492d06
322d033f
1bfe2b14
eae420d7
de2710f6
0be209f8
06f90d01
17d845fe
f7fd0503
14f2da05
28ff11f3
1c091ed2
09f70d08
effaede9
1ff52a02
38e5f4f9
07041807
ff0be6e1
d41fe701
23e1f927
ebc80a02
05d8c10a
120c0c05
fd0dd3d3
2d0d07ee
03f7ebf9
0be2f911
07040210
54ededeb
fde119e2
0a0d20fa
15fe2829
11deef06
1cebe2e4
15f8c920
410efb27
f1dcfaf8
e6da2a1c
060623f2
e4070140
0529ed22
e0070512
c0ffce15
050cf9ea
049d3222
544be5dc
0125060b
05212805
1fd9e406
fde901eb
e42732ec
2cffffe7
0d48eef5
faf624ee
21022afd
ee2fe2dc
fa0e0d16
fc001405
e901ecef
ec20faf0
ed9b1bca
f5f7fa12
e708e7f0
f31adb08
d60806f3
f408082b
d8f2f907
f4f60414
4e1ddf0a
f9e3e7fc
e3e6f013
f4d7cfe4
1cf8fa17
daf0e6fd
e7fc05e0
2a170323
da12f119
ff1e5afa
ff144dfe
4b2af736
200af205
f7ff2200
da32a2f6
19f5e205
eac4fa15
f7e2f4ee
0a07f503
341ee400
f7eb18f1
e31de81e
e5f8fef4
15fe0fe7
e5e6fdf8
a91eb9f2
1cfefa05
c40832ea
f1330a09
cf020504
edd92cdd
eafe170e
3617f913
e64611a4
042cecf8
e5f5fb48
07db6904
81f41e36
0e2d13ee
e502f7b0
e4e8f7f6
62f3f602
07cc3e0c
15f2e408
ecdb20f5
f92fbbfd
26d7b5e0
e50321f1
bbd915fe
e6cad3fd
14efd3ee
3b24c608
190e0917
2bfd15de
18333dea
fb08001b
c2880aff
1c170c17
13eaed00
1fdd10ea
001e2525
07f70e10
dccc2308
e5f8e8fc
10561734
4ce52eed
0217f90a
e02ebbfe
f7eed70f
11fc2a17
c2d9e426
0b000bc3
3ee4f812
e6c50211
49fff2fa
3c0fd40f
2fe0e407
aa061ef4
de243501
02effe30
d6df0d12
fff4e0e0
24e52f08
eed85cfd
2ae5f310
e3e8fb1d
09ced3d9
0d36203b
180d459f
d9dd0e37
cdfd23ec
f6be3df6
ecc90206
00fcff05
33dee3de
d2e40ada
df1cfdcd
f11713e4
f5f922e4
f925eef6
4efe0600
1dfe0311
2719d81c
effa1610
0f0628fd
0ad5e50e
c3fb2ddc
1a3b080b
171d070c
06ffe60c
e4f1f10b
e0ed25f8
d7e30715
eae5ad23
fffbd426
94fa020a
f9971832
b708ef38
e5cf0719
06f4ee39
f73b230f
f10e2b18
e6eafef5
fcf92010
fd150304
edd80bdd
fd1ff133
eced0607
5fe7e8f0
0dd70632
03e5240c
fcf5fff3
04fd0e1b
e502f521
9eeffe0a
dc1eee00
1e05fbf4
3ff2e801
11ef05fe
01bdf917
eb3cf428
fb05eb17
f3d5b3ee
fdf4faf1
fc7bf21a
1529ebf4
3317c000
dac6e91c
083607fb
f81bd9fd
ee28de26
17e20acd
ce5ff9d4
200d4219
b7ddf41d
e92d4cee
f70d0f23
13110810
fe2ceb1a
eded13e2
e22cf3cb
fc1ee10a
2cfcf3fc
f405d0ed
d4f503e8
f4fee830
f3f610d6
f6e8e9f3
f61317f5
dcea23ee
02f20c08
cd003c30
dc10de20
2a0308f1
d00823dd
e702f012
fb1c0eec
f81c8ff6
e51ee40c
30d60c02
f8c800f1
f6ffffb8
1141db04
0bec00e4
79cff21b
032d9e1e
e80b260c
12540432
de130dff
0002fcf6
f8f95100
0e0a03e3
f70b0b13
e13ff501
05f81ecf
f40de4d4
f01b05e9
2822f917
0b2d1e03
09030d07
f00cf5f6
e9e7f21c
08e5fdf3
0d0bee06
0602fe02
e8570317
181fe2da
061911fd
f2e2df30
de22df29
eb07f310
df2ffeee
ff40d0e9
f441c9f0
cecf00ed
ec28eb02
030f2bbe
190803fc
d4fef303
1700e1d8
0216f9f6
091f0d0e
c201ee01
f6fef406
02241506
d5e40ef5
fefb06f0
d9f212e2
efecead4
06140efd
052ce9e8
f0dd1a03
f116f337
080505fc
f60ef5fb
ece409fa
f7f912f8
1607eefa
34191d13
cf1a17f8
fff90c07
3702cd29
e8ea22df
0ffe1cf8
de3818ed
e50508f6
0b0f0a14
f51634e9
ecdfeaf0
15f70aeb
fbfc2e40
4fec0006
f5e729eb
1344a82d
f6d3f4fb
ee042a18
eff8d304
e2221af4
150b04c0
f4d7f80e
43f6e5b9
17ecf306
06fef92c
f103e9f7
ba12e8f2
eccef81b
fe0912f4
e1ee02e9
f70002ef
16f201e1
05002411
f1fdff10
fb030b18
cb09122e
efffc8b3
d03bdd15
09e716f2
2fdcf71c
201914fc
0c0ebc34
351ce1ec
fb090713
0bf4fdf5
f83bf6f6
111213d2
05cb0f25
e03ce1eb
21fcf7dd
00fc12e8
e9baf802
0a1412c6
f0e500fa
24df15da
25200701
230f0429
e70333fb
ef22c6be
ff14e85e
23cc071b
12fef20d
f5fbe500
132113fd
1ef413e3
1117e227
0540fb0f
fe0e150e
1c193c0d
09e9f31d
efc7edea
f8f219ee
f8f4eef2
fc2c0e03
f8caddf0
fac7dff3
ef25f82d
e932d1e5
11fd101b
1ff0c817
f4f0eeca
d0e93df0
f547fa16
fd160811
1310020a
fbf6fe08
f910f702
0a30e10a
e4a702f7
f107f704
fc04de02
0be4f80e
edf7e6fa
0af6210c
27f9e4fa
f7e10005
f19afc12
f31702fc
ed051dd1
0d2d0800
0011f60f
34ee1312
f713f9f5
0b41db0f
37fff2fc
05fd080c
04fc0811
0e190001
fada09f9
07fe07f3
2012d205
092015ef
13c9ff16
13e5fbdf
0b133de7
b9fafffa
034efb0f
1130fd08
000adc15
eedef0f8
eb0b29f7
e80605fc
e6450ef2
35ecc74d
0e2c162c
581fd6e4
0aee070c
ce03111c
f4fedd52
fafdd80d
0b18ff34
f0d4e4d3
060007ff
f651f9d9
0029da08
f01f2f06
0be4f4fa
3ce6e40d
37210424
cd3e35dc
edebe438
e72613ef
18ffdb09
def534c9
1dfa3015
2dfb0804
30cb2bff
05131710
f012f10d
9d1e0edf
01d108fc
b1113c05
0f081a04
10fdebfa
0803ffea
09bd11f6
06111be0
4c1afffe
fb0223ed
0957cf1d
fa0e1cdf
faf21c06
04d9e943
fde61dec
fde5e7db
ddb1f132
2ef500e1
ee1e18ef
02dceeda
0dd4ec03
103314f8
24d7eb0b
fdeae4db
06070414
131519be
effbcd24
0300360c
ef060bea
0a24d72d
0a08d7fa
e706ffc5
fb17f7dd
24071008
ee1c170a
240106dd
ee1ef709
d6f4fef0
110dc4de
13fa15f5
cbeee908
15e31f3a
ef09f2f9
1d070ce0
ddfbf805
ee00003f
101807f8
f9170713
f2f4fafe
e0f30307
fc0cfc0b
040df8f0
25ecfffc
f804e90b
032105ef
05ff1b08
fb10ff16
f527f01f
0104f408
010d0e01
11010602
01f0f700
efe7f0fb
fde53b1c
c8ff2af7
0821eefd
0d352f0f
f70c3901
0cf3bc10
043715cd
1c03f601
0501161a
fd08f30d
e3091c19
0e08fc0d
23100b00
1b121c06
f81f030b
3ab801e9
21eb110a
07f30e10
ee48f01e
e622f901
0bd7d910
c9fbf2f2
d2d21615
15081b09
15d40202
37cf0912
212212d2
fb54f806
0c08f80f
d61d2a0f
04db0131
2af6ff07
21cf06f1
d7f40e12
0ae4ecff
f3f8edf1
ed0245ed
f1042aee
eb1008bb
dcf003ed
eeffe5f1
10d109f9
00eef93a
06bef4e7
4526c10b
0bea2e06
fee91221
fdbfd601
2f3f2906
28eefb15
0a23e4c5
041b2d0b
f012e9f5
3c002f14
ddb5f1df
50f4de11
dee6f6e5
fdf01f2a
039ff05e
83c6eb22
f5dc3936
0b05ebff
d2b3a5ff
410eebd9
fc0df4f8
290b1723
010efe0e
edd6f11a
d6ef250f
0c0c1bf8
12fa1c02
27e53128
f301d4e1
f40feff8
f0f21c05
230b26dc
1afbf7fc
0d00f4f2
d3c03203
e5be3fdb
050c0735
2de30108
e7000e17
0ee3eb1a
2c0bf506
1512f4e4
01db0bee
fb12fe0e
ecf21620
eb010b0a
f7ef1ce4
0f24f424
102cd6de
f014e708
df08e6e4
f7ebe915
0c00e909
02d813fa
f227df21
e703fd1b
1f0dff10
1d01090a
14e4f347
06fdeef7
011211fe
fc01fced
fd1023d8
1b1d13f3
db03e9e3
0c19020e
f7dc0630
2fec05fa
000a0ff2
f2ecfc05
eef9ee09
0de3ff26
1517f61e
f61ad8fc
f8e8fff6
c40aea14
b91ee90b
311dfbf4
0bde0036
25fb34fb
f7e52505
080b1a0f
fdd60edc
d5d5d4fa
021e06e0
cc37f71a
e6e1431e
e8d807ec
222507ef
061df01b
24010c48
02310a04
08081007
112fdefb
f0150426
fa041412
33050008
f5ed2016
f501ea18
e21415e5
e2f7c228
df20f5d7
fae9ea43
f2ef390c
43dc1d07
03f62eee
ea0aed09
d706fedf
0fe52413
52042c1a
15dedd4d
f30031eb
1e133a0f
0811effa
0206e6ae
40edda08
f2fce1d3
f922f913
130cd5f4
e119e716
fbee0d03
01faff13
07ccfdd9
2a1ce9fe
ecea3402
030d06ce
00f509e2
11cf03ce
d60ad9e5
ff07faeb
09351107
2b0bfbf3
f608e003
17fbf70d
05181c0c
fd11f3fd
d41305fb
f70e11f6
f10300fd
e62706ee
043ed949
4105e5fc
e72ad8d8
0502fd20
ddd9f906
fff9de0d
03f2fc3c
e4f2dbf8
fe06af0c
dec61fe3
f4e701ff
dadee123
e4fe15e3
2a05db0e
3ad90029
9be405f4
e7c70e0a
000a0d0d
16d9fe19
36290500
1c09ffdb
f7101e15
f2d1fbb5
1909d417
00f107d4
11ea05f9
fbe4fafd
ea02210a
1802f22f
eeecdcf2
0320ed29
07ebeb00
fefe3001
1dfcd90e
242af127
dcab060d
f001e5fb
e1ca0800
26ce16f7
f60334ed
202ddcf8
1e3e2fee
3fec0103
6a10e4d3
fd0c1645
29d4e81a
d2b1234c
a72414f6
0112d30f
aff707cb
09f613ff
fc1c2422
32f103d5
fa010dff
1002062c
d1def5fc
0d08e30d
efddd5e2
eb1ce5c6
e0de0620
ba06e709
079ed4d1
d8edc712
deff0902
4af4b010
f006dafc
29140cda
30d4e120
04eee4db
1400fc20
40230dfe
1602c224
0b6a5f0f
f4dc1361
8817d4f8
c30589f6
f3fed7d1
04bceb8f
db15259d
0ac30805
d1e0ca25
7cea0d11
25d0da3f
bae3fcf6
d7fefe4d
40de84f9
15ee27c1
17f2ef1e
07f515de
0cc227eb
4831e7ff
d8f9ebf3
ea0407eb
5d342c28
04c7fafb
7902f61d
eef7f9c8
0f48e7d8
00b62273
2405eae1
e9ec23ff
06f03026
f8c020e0
1623e70a
fbedfffe
f30df4e2
db13fd03
11e227e7
cc0e0efd
dfdaca06
dd33f7ec
fa0a080e
faf6e100
a7e5d202
26f81c25
0804f8fc
f6eaf4d5
ebfdff14
27340227
f6e80cea
1ecef5a6
4e26f622
352ee007
f9183915
0306110f
f9eed7df
53c4fe26
d0213b1e
fef32475
fa0a00d4
09e25319
14eb5bfc
1ce62732
1732fd0d
f43ffcf0
0bbbbb1f
faf2482a
ebbbf723
fff419f3
fa0cb4fd
1313dfda
1511d800
2b073315
11e40003
0e20cce2
31261e0e
dd4f0e4a
00fe43e5
4d04a9d2
24cff5c9
f01cf2a0
4d303b3f
f1bb113a
b92405ed
3e152728
1e1df10a
fed5ec16
31472b15
230ef5a2
e4f7f5fe
33d2d909
ebc4112b
3ce0e226
03f51007
f812bf32
15220914
fec3f010
0002f7ef
1ce3fdc3
0214f70d
f3430314
13c11908
d403f3f8
172ad5fc
f3ca0eb6
fcfef906
fa05fc00
07faf903
03ff0503
f9fefefd
0400ff01
0002fb00
050b01fc
c4150fc5
31df17f5
0e0417f7
3ca51d34
0305c31e
1a02f010
02b508e5
0202cce6
f40b1fdd
1bebde06
31e4e818
1133ef01
dd071dcd
daf7f1f7
e9002b1a
de2a05f6
bae610ee
e70022f2
1015fee7
ee1cce20
2f14fee9
12f41e05
f3f20d1c
0e18f8da
f3fd01f1
f2c22cf0
c80beb17
2817efb4
12ffedf3
1d31e5f9
05081706
1df8e603
cd020528
f1f4db18
dcebea0b
05c7210e
da490b16
19f4f802
0607f806
3e1d12c6
59e605f9
e603e218
241b0ffe
201e04f9
c0e1faee
0cc3ce36
0114ecd1
c6f0c1e5
40f8e0db
4c15e4f4
f4c6dbfe
1df2db1f
d503e9ee
0503eea8
d7f610e9
0812f725
fffcfdfb
f9ff0506
00fdfb00
fd06fc00
0105feff
010004fe
010308fe
ff090103
cefac40a
e6d5e618
e308fc0d
fd1329f8
d611fe1b
1eefd8ab
d9391115
cfd0ffd5
1d11ecf0
0df83ef0
f92506da
e6263a17
5ff92aea
3021eaec
16dd10eb
2a330129
dc04c215
351e11f4
2933eeb2
323812c3
c825f508
28e7c520
fca728e9
caf60dae
2a57fce7
d80032ba
f80b08e6
e5fa16e1
09e80d08
452defe6
05ff4b05
f5240132
41bbd933
0017ffe1
d0d7e1ee
0f08330b
e009fc16
da1746ec
0df4fbfe
0d201a3e
2de1ea13
dc12aaf0
97b80e31
ed190639
bbf726f6
d0ee3ace
c253c4c9
cc1fe843
4244f7e3
0c21e4f2
dffa15f9
09cd180d
e209edfb
ecf4fd67
1ff3bff5
d5000230
d22e1104
fcf21011
1a05100d
14e806ff
0feb31ec
fc02fbee
fe14ec12
00d8f516
f9b5de0b
f7dc0e0c
c927e1d9
3bf7d1e5
f0651eee
10f2eecc
281541e8
2622e502
27ced8c8
0902f503
66dd0c13
10d9d9e2
d947ff13
45f2e804
a82f3414
1c1052e9
d0070bcc
eaf3c7dd
0220fd8b
49f4f104
dd2cbd19
1ef31fdf
d6c6be08
04e4fc41
a9f80b7f
8146c409
10fd0f7f
c3f6b6fb
ae0006f1
dc1adff8
ebebd6d9
f42503be
021ef5ea
feffc6eb
b708f311
ed0200ec
fb14e7f4
ceed2ded
f7f93ce6
ef191513
fec3de06
ec0427eb
b0fbf52a
ecf2e51e
dafedae3
26f9f5da
070902fe
cb3528fe
2be571e6
e3d03615
3d23fed2
f9cc3e43
1adf2507
3adaea0a
1122f1fe
171e0d27
1ea9e2fa
0a18f6e8
e1e426e0
05051dc8
331f0100
e9ff02fe
16f200e3
e91105d1
c001e3ec
d8edf2fc
fd3aea07
0821f809
feaf14fb
ecffe9d0
bb0953fe
e4f40002
fafb02fe
020502f5
01fd00ff
01060100
02040501
05fffc02
000200fe
fefc0200
34294ced
fafbf1ce
fa0b2902
fb09ed1c
f2f0f5cd
00f8041e
e3deca09
06c631fc
130c1707
11f5fa05
1f040f03
fdfaf311
fbfc07f0
29b719f0
f3e1ebf9
f90d0df7
e4fc03f9
f63935fb
0f2bfd30
1adba8ee
f6f4e4ea
320c0e4a
09d2c5f4
f130e838
0dd8d111
d4eb0dc0
3820ef24
f9dd43e2
03fbf2e7
0605e9ef
02fd0cf5
2d310fbf
de12dcc8
e9ff14ef
3ef9f162
e4231a01
ff3ded2f
1bfcfc01
f2012b02
cb9823da
def4f910
14e5572f
f6f62add
e4ed24ee
fd233304
c5ff26fa
dded0021
17ddeeff
2de91af8
1c050cf9
23d40321
feebccd8
f109f8f3
cbeae6f0
f2a1da12
e2d31d11
fe14020d
05e300fb
3e0b1c0d
00ea0d06
ffce06dc
14d71ced
07f0f205
db00f9f9
17caf714
1c27bf01
f608ebec
0adc0427
19f41c10
e60bfd12
f5d4eb12
f600e4f3
3b33e947
d3241901
c1e81715
c5041205
184907ed
fffd0e25
da01f2cc
db0f0afc
f834e2d9
00120cde
0f050dff
0e0820ee
d02c14b5
c20002fa
fa31e405
3309c400
1af3c216
49f704f8
ee1716ed
ffbff21f
0e3a09eb
fcf5d215
e63b0211
032f1212
5517c70e
f313fd0b
e017f3f7
f6edbee3
1ff632fb
e0ebca0e
b0cfde03
ffdb0413
ef780c59
defef80c
bacc3464
2d4b690f
0adfe60a
2c076f18
061a45d2
f04e040d
05ea16f9
faf900e9
342f04f0
dff80af9
27e1160a
0af737bf
18fc1006
e1ed2339
44d2fc09
fdf5e6f6
4b07fd0c
1411edcd
11011524
c1fe2215
1e0beac8
0401f9ed
1b0b1703
09d3fea1
dde5f11c
e4eccf0d
afb2bf29
0316110e
e416e106
efc99af9
d3ddfc1e
f2fc3001
0de91230
e1f30acf
250bf706
d7fea6f5
10f12313
e5c9082d
d9cafc05
e5f9040c
d23404d6
ea04fa3b
e0d41ecf
feee16c2
1dd65ae8
fe043bef
f9200e06
1421fbe3
070af3f5
1f080627
f6f4fffc
3b020410
25fa1405
1d15f5d3
34edc3eb
d010d7d8
03f5e71b
aaf93702
f1180dfd
fa1006f7
17c61c0a
2112f107
e601fe13
050517ee
d1fddff6
eb092003
08311d27
e24c02f3
0ce9f504
1d16e404
123820e1
e348dd0d
2be8fc0b
262a060f
35120a16
f703e9ec
002903ea
0cdbf4e2
15e029ff
f50c06ca
f2eafd27
e40ff7f5
0bc6d018
ff01e1ba
fd15e2e4
16fa14f9
24090df9
01d5d61e
1c130110
131037c4
d71019f6
35f3eed5
efd1fada
1cf800eb
13fdfde2
0bf1ef3a
0909eb01
0d13251e
eab6d3e4
1be6eafc
fcd0ed2f
f236ecdb
ece937f8
f3fdbe26
0015150e
2cc8180a
fcfae5e4
28fc09fb
39facc02
f518f0ec
c746f10d
0f2c1a24
1915f657
293213f1
2e1cdce5
130b4430
22cbeecb
19e8102e
8b29114f
fb0112d0
1b5e0f1e
f9a41148
09ce22ff
2d0a24d2
101c3821
144ef72c
39f5dedf
cadd09b4
fbfc0205
eefd52d9
2104a214
48d3e700
fc00eee6
1815f8cb
e809d7b9
fffaf0f7
0b03fef1
130205cd
d518fa07
090a3449
e0140d06
e102e93c
45c81507
f5fae5e8
14ede401
f33d24eb
cecbed18
0202f7e7
0b3d1001
4dc4f3fd
1f0024d2
f20cd30d
5035e718
d4bfea55
33e916f4
020513f7
e60e2016
f9ed1424
05d32cfc
0f1ae506
00ff1028
259d27f9
cfe8360c
12ff3321
1fda05da
fdc0fef9
63e41eed
111cc222
c31df1ec
bbf70dfa
e20528f3
1f041ee2
fbe5d6ee
3d13f326
c71b331f
b098171c
4a1bedd1
210bfce9
45ec01e2
09fb0cd8
f123311e
0d09f22a
b1d9c202
e8c6faee
c01207fd
ef23fed3
f6108f01
bff4e913
e6dc3015
e2ecd7f6
120b0dd1
00e5d8b3
0c17dfd2
f1010cfb
dcf9b504
022ee103
140b04dd
09410e0a
53ecf6fe
f4dee60e
cbeb11f8
fe35a241
e10d43df
020c2509
2cf84eed
a1ecf846
341cd9f9
140cf539
f329f900
fee6e000
38d215fb
0afdd449
14fbcaf3
f72cf4f4
3913f90d
ed27b0f0
3b02f105
ffdad233
f1d01aea
e5102ff3
fcea0c02
f711e606
623dcbeb
063e3910
fbd4003b
f7d70bf2
19161a09
0a0aebf6
ec11dae2
c3beefdf
f9dce7ec
fffd0119
c618140f
fceef7df
fcf0d9e6
0d31f537
c12dfff6
02fe01e5
3e031f0b
ced5edf9
2626ea17
1c2526dc
eefca10f
1611f6ec
07ff183f
250d04df
f5080703
b5480e5a
4214fafd
e5f01721
451b321d
f2f526ae
27f8d3e4
de290eeb
dedceee2
0a11db36
ccb8dbe5
05ee4e40
f1196422
14040e33
160210c9
180aee20
f54efdff
2c165afe
02d1ee0f
d0002c1f
11eee4ee
f613f90d
fa294bdd
f7eff325
090c0c1d
e1d42e0b
361d01f0
06ef2ee4
f83937fb
2e0edcf0
d50a0e12
f927f5d9
d0fe0705
1acaf20e
1e433919
bededb13
cc24eaf4
e5c623ec
0bd7d8db
bc1f0c2a
926fe2c9
15322acb
03811f81
52f025db
3cffcef8
1af345ca
fb691f35
e339fd21
c9e70ee3
16ea1c00
18edf62e
f20f11e3
fd10fefc
02f9e1df
f818d712
02e0ecf0
1be607ec
16dac5f1
cfc5e836
54cc0b0a
fe17afe4
110c1f2a
f6ed1536
f404ed2e
06d1defd
ec060f10
1f10f104
1d14fae9
d725fc1e
030d15e2
372af314
1ffc2c02
d22c3ee3
19f31901
f026edf3
412dd725
b0601d2c
3ef68145
38badce5
bbb2f9d3
457edc23
f7f6322d
280719fd
d3f2c915
12de25f3
abed2600
0e1009cb
ffb92014
ff0a2116
05e30145
0beae633
35fcf3f5
e921ffe4
0a1408de
e808fbfd
f91adbef
f61ef1e8
e1fcf15a
40fc1d0d
ed0ceff5
31e52307
09f722e6
04fc1218
2412113d
e8170108
2508082c
c210d30d
e0fbf8f0
ed04caea
0d0ad1f7
03040808
fcd8f1fe
0b0600d1
dc04de30
eb351ac6
c421fe39
f9331c18
10feefef
eb14ea04
db11efdf
4f52b007
60bc7f4e
1ee2ec8d
a424fbe1
27100602
35034200
dc4509f3
e2bbf05c
3efe1727
e303f02a
23c2f5ec
c049dd1c
1bce3018
010808df
0df32ad1
3311df11
69e50bcf
1c63ef2c
33284103
27f4f408
1afff011
fff021f0
08e834f5
110dc1a4
0c0706f9
e901fc00
390103e7
00182ce0
fb11fd04
d6f801e9
f6103ef7
f5bdd7f7
e821d820
dc0ffb10
f41201f0
f9ab21f8
0edb0b07
500105d3
0cfac9f9
00ecff02
32a0f8fe
0a10ec5b
d8fb11f0
0b07c706
08db2e01
0a02c016
381900ea
ecfffe2f
e6183802
fceac1fa
f0eefa10
0f27ee06
bef1edec
f6fc14e1
e5220302
14c80906
f9190cc1
fdd3ee15
5c183003
e80be008
05de19dc
eaf011e8
08eecf16
f5e0eff1
c6041216
50e6183b
f7232af7
ff0eeb05
2808e2eb
f8ed1822
0722ef1b
17ecfd1f
0811d653
e2f941e3
03c1e5c8
ef27e6f6
2e271511
d1f8fab0
f6f7bee8
e7ff23c6
f972e914
c9224445
fc1a1c3f
241f7f25
03f34b22
21f166e5
03f24ade
00451d2e
195919f2
3d0725a2
e4e82bda
19fdc7e9
51fb8109
e000ef25
0a1b5c0c
df0b08d3
dded2351
1aebbf0e
72fcf2f9
f6dde108
07001d01
f1111cbe
18f644ef
2737ea29
e2cd39b6
f92928dc
1fc9f6ee
0e03267a
2a19cff5
13fbebff
ec279901
812bf602
c1d41407
ce189809
113fc2f7
f93fe60e
3913e927
130ddbf8
f3d20bce
0ddad2b4
16fb2524
d8390d13
edf209fa
b547b5bf
c30a34f0
0504db55
de471e41
2121eef6
31450906
f3e6121f
1a0601e0
e9c42e1a
0cb3df01
02f8d016
0008f31c
151fe616
ee2f0ce1
0612e06c
d63df0ef
ed33e551
fbf4d70d
0813c9f1
e0d8011a
1b20fae2
06de1522
f8d41111
c44814fb
1027e624
19f9ce0a
f411f044
f12ae605
290cf703
86ea4004
031230c7
01b936db
2c19e5fa
0913bffc
2903d3fa
629ee1e3
2c1d0354
e71f4ed3
0d10d0d4
e4ee063b
18e407d3
c53b2216
2806fbe7
00d90df5
efe7d734
73a318c8
4f8c26ee
41bb10f2
332e01b7
2a3ce3e8
dcfc3f15
0610d205
22dd0b5d
15dffd00
1334e4cd
c5d0e3ff
edd906df
1d0dfe1b
d60a2def
1c22caff
d113f73c
dcf3fd05
0f4a021b
66f7cc01
ebfdafaf
d7cebd1b
c30900f6
c616f215
e320eb31
1df8f9d2
e112dbde
14c902ef
fa02c850
11171621
09f2f403
2fdc2f04
47f6f91e
b3ecb32b
1cf5f1ea
f74a050a
d0dbedff
e0eee310
e7f901d2
bcd20bfd
1ecaf402
e4d5eb14
0e0cf9ea
ff0ce5fb
05e725e1
36ffedef
09ff2ce5
00fdf326
09fe0ddc
12182a15
f813faef
2ce621fb
fed31712
de03f309
ed01d91f
344bb3f5
f30bf60a
df0956fa
173cfd36
19260be6
d6b22607
26451ad5
e500e2fb
f4152c0b
13f00747
efdef6f7
001cf9fc
e1f402fc
fdedfaf8
1cfbebed
3807f30b
0f240a02
1402f516
ffdbfb03
09280de8
c0e6f606
dcbf26d6
1ac41a04
ebfc0806
071d3d11
04f2fb27
eed92be2
0c20c495
d5fef0ea
1718cf81
e9e2e410
b0040d0d
0508080c
f90adfba
04e002ff
f8080301
ee0af806
0309fe0a
01251220
e03df624
f1fa02fa
18fb01f6
1f1c080f
03fdfef0
c5e805e3
0605d2fd
140de4f3
1daefefe
050509f1
060217ef
f037f9da
2f190045
060402e4
090ace09
e0dbef05
0d121314
f8f6dbed
24d2f716
eedb18fc
043239f9
1805f43c
ddecc704
0708ec09
bffbf713
151410f6
ecd81631
eff8d6e4
18f4ce22
11dd1bf8
1819f454
bad6cff0
3e33d533
fe9537ee
0ae5def7
fef50208
181dbc17
330018e3
0cf50919
fe1112f2
25081f0e
fc0dfe03
e40902d4
d43efe04
fcd4efe9
290c0304
f6f32dfd
f71d1505
b9d7fd01
0bfad610
b81b18f0
e381c4e0
0f07ede5
cf0211ec
141dfe5d
05451919
28fb1eab
d7390ae9
faddfd26
ba0beafb
f200e5f0
130b0a04
210adced
4936e3eb
bf17dd00
ef2e0f0d
035cd60f
2e143c1a
14051346
c0da1ed0
0eea0b16
3707fb09
1cf8df13
0fee2602
260d21ee
f8ccfbed
01f7f845
ed340c13
020ce436
281cec03
f9edbbdd
f603d70f
2306fde8
eb09effe
e4ed2d02
ec23f908
1d1b00ff
cdde17ec
16cd11fe
eaf60506
f7f7eff3
4410e5e1
fb12e504
17ace52f
0cf41ef7
e437fdef
dc0be4c3
07fddc0e
bee82739
f0fe0108
fabb1d46
e6f8ee18
dd08fc29
3adb1ee7
290a051a
e8102ef8
0009f621
d4072c19
fbf4ec04
982cfcf6
f434251a
2081f6c8
88f716fe
66e3d4f8
e6ec9826
1a0ab2e4
f4201801
cc0f01f8
f5f50b1e
fd1bd32d
f0a8e9e3
ffe2210c
08161528
8f46e405
e71a1cee
1bc5eb31
1736b802
0c27e5f9
eef53906
22ff3bf3
fcc7ff02
e71308fd
0f24360e
ad090007
de15e3f1
fd031521
2a040b2a
e302d907
d134f9fd
e7fe1421
1c023132
011b01ce
01db2020
0028d7c5
0ef20bf4
f500eaf8
4bf72bcc
febce2f8
f112b501
d75b0d08
04f04704
e3c6f8fa
20fdf2f3
2bfce7f5
fc2bfe18
93ebd1e1
1221f907
2c1bfaef
0423def3
06e2f917
29f82520
ce0ad6f4
c7b9dd12
ddf3e9fc
02000f01
f3b50b01
ca2a1e14
621f15e5
e2f9f7da
09380610
15ee0339
e21101f8
0e0c063a
1e1efe00
12221c0b
c7f40eeb
e9fdf8e8
2af9bb0c
fa12010a
2afaed21
0922e911
2000f5ff
edf10b0b
bc39f91a
d40b1018
e82307ff
0cf91cfa
0b48e223
0901dafc
a50d101f
33e6212f
064100f5
effa0b1f
f1e525fb
50a2080d
0612edea
1516e15d
f236f2cd
f6e3061e
1abf2ccc
fcedf7e3
daf7e503
181ff413
1aeb19d8
f50ce9fa
ddeaf7f1
fb0018d4
ee08da3c
0f0ff402
f50f0f0d
d903d90c
d608f8f9
0409eefc
fee2fcf6
f807e705
0d1ef60d
231915fe
250e0905
f8ebe602
ec2bf201
01f2f518
0024f1f7
03ef0b0d
f7020ef7
09e5f8df
3be319fa
0113f2e7
d242de17
02e5f8ca
31e40bfa
f30917dd
e20b000e
19031332
f0211e10
f2bdfbf8
f203f1ea
1f0ffd10
04060708
0802fc02
fa1c0d0c
221ffffc
0dfffd00
f5d5de30
061efc07
f4f31f26
7f1c0305
f6010c1f
0208b9e4
ed16022c
edf3eaf6
d5dd05ff
fae20af0
f0eff714
1812f7f8
13e8fe14
16302606
2f05cded
0016121e
19d4e925
0cf6170f
22fce212
07ffebf4
f803dd05
fb1607ec
04f80e22
cf0b15fb
f31d044c
05df00fd
fee912fa
1c01f70d
100a15fc
39b41c4d
ae02e811
0703f5eb
051928e0
ea20e6fb
12e7fa04
cae31518
eb49211e
c2130803
4e15e918
ebe32ef2
0c2af94c
e8da1409
e9f1fa23
13f10df5
e2f3f10e
001dfa18
c00e2a1e
13dee919
eee70e0d
ddedc9f3
deea28f6
dcf11508
03f81cec
00edef14
5913e81d
eb061a2a
00cdc520
08111301
180740e0
bb1ee72f
1f141ecb
000215f0
3113fbf2
d9fe3b23
e8a7e24f
3aea12e5
fe3303fe
28d706f9
dd192408
24c90c1d
3a1b56f3
f9102d17
34bcccf3
1e0d23cc
07d2dec7
33e404ec
0d073eee
b9e8eae7
190dd426
20e312f9
123ef001
e607fa09
060e1eef
3a0f0d24
f30b0bfe
fe232614
fa090af9
19ff0602
0914f029
180d320f
0cfdfde9
c0f0fe07
f8ec05fb
2a1b01f8
f2070f1b
15ec2d04
0606ece7
3a03ea10
f3fdfff0
e1f008fd
07f11bda
eb12f600
ff1613dd
1a12f905
0a4e13f5
f3c7d3c2
e01b2a12
f32acaee
3f3512cd
451907e0
0a04cdee
17f042e0
fe2e0d01
07f0e917
0917d5d2
e4e8e6f0
002d0c10
00e600ea
fc17e9ed
0a05ed0a
d3f6211d
fb2e07f0
0c101f21
ffe4fa1e
1727f528
e6e800e5
1402040a
e6f113fe
12f404f3
20e7dce4
072940ff
1ce3f6f4
f336ee1e
17ee1002
fd10f702
00e41c0a
2522d6eb
e1e10ee9
f2dce8cf
ce09be17
201c020d
033553df
f7fe0919
cdf2c01c
0707f92a
0f0414fc
3be10d07
afcc333e
e8ee1932
d1c914f7
14fd71f1
16eae3c6
1ef622cb
08f6e2f2
1e100d0c
19290e01
1c0df510
05f511ce
fe0cf000
1c2e0aec
f001ffec
e60203fc
f900ea12
fefb1302
f8eef9fa
f800f50c
1c1202ef
f5020b02
fe2004f2
07ee040e
0df00ac0
3bdd02f8
eee7f610
25f616e4
1bdda11c
3c190e0b
2f1230e3
0714fffd
00f215ee
07d11fd5
05e7cb3a
06443906
f80112ed
e0c6e803
ebe700f6
3101fe31
fc05f105
10c4d9dd
f928ef06
e4cf32f7
f50a2d1f
0cf0e6ef
f3e8f007
3c0ef821
130ef6f3
0834e703
17ecf702
01063203
dfe5d3f8
4606d0fb
0030f716
7fe9fab3
28e9f8fd
163d0f98
060113d2
13caf5f4
ecfbc701
e3c9dcd5
df2c29dc
1aeefe10
101ee6f8
ddddfb03
f424e9e8
192a0512
11000dc8
0117faf6
0fe60f02
c9c7130c
e3f4acdb
4041b15d
cb17feb1
811b46f3
a4d0ecd4
ebd710db
e4bcdbbd
6be0fb01
1633e416
19290901
f2f90dd7
ede12fe4
010516e2
210cde29
2ba71027
054de317
e22b23ee
f21e0d23
af0f380e
09f966fd
e7f41ce3
39f80a11
f9edfcdd
1125f6ed
f701ef35
faf1f315
0bebfefb
d117aa1d
08460c2c
ba2814fa
30f9e4f9
1de07fcd
96bfe7e9
0603ffb5
7fc2f608
11db1a0f
f11669ec
1e591a7f
124de17f
c82e2ff0
f5f125d0
c81500ec
fc2213cb
331401f7
efc2e6c4
2b0f38f8
0b69582b
fdee1fdd
31f1e106
f7c310f0
47ef11d6
1eb4254d
ff0118e8
fb0cff14
f0ffddcb
2810ece8
07230206
d225dc27
fa040cdd
2e1e04fa
f6ffdcf8
e725f4f4
08f7f742
aafb1305
39a616eb
06180320
0712bff8
e2d7fbdc
dbf4f8e0
ede426e0
121f10ee
304d341f
e2d4fcda
e20ff8e5
f6170cf1
1a08e2e0
00f42519
09d01efd
0e1934d7
5e2ffc0a
ebfcdf0f
e8ec0d3a
2c10da30
46dd4be6
11fc07df
04f81c01
071b0af6
1c2a02f7
ff10c911
e6f401c5
f8480cf9
cefbf0fe
caf11cf4
02f91bcf
2505f8e5
0db020e2
eafdd8f7
21d311fa
f11b3904
ec1bd7ca
1107031a
0903b700
191703af
eaddec23
feeae70d
d7c9dcd1
00e80826
deea20fe
f3073f24
05f31bfd
31150cea
0614f5fc
f81b32f9
4ee5fd2b
e1c8ec1c
fb31f52c
06065534
f5f3d30f
fadebbdc
10f0e4b3
daccb700
b6120ac5
f6210dd7
e0c3100c
050211e6
faebedfe
171e2cd8
d72113f6
00fd011b
2dceed2e
0e1afdf6
f81c09e3
180af7ce
1505e9fd
c927cad3
2d200346
efdce5df
43b6e1f7
0115e008
0d34fb12
ab1a01ca
1edff80a
16160bd2
f7f829ff
f706f911
d6d7e104
f2c9e105
e61710fb
06f539bb
020cdd17
26c209f5
da0a0af0
ecff0000
d4dd0deb
e10dfccc
17c4deea
e403bcff
ff07f003
1201e9e2
010104fb
ff030000
0300fffb
f7fe020b
0403fffe
fd020300
05030300
00fbf9fe
25ee07d5
000303ff
d7231723
03153109
f800f81f
d2210418
0c36090e
f2ede7eb
20160afe
0ac3fee8
e73227f9
2c0ff2ef
14d239ce
ae083121
38fbf314
e3be27cf
2a10fff1
14f70108
0f22f131
35f7d516
d5eaf0f3
81ffea50
e71e2dee
f807ecf6
b617d53b
0dc20bd7
f7df00fc
15d5cf0d
d9d229f9
0cf01802
140f04f0
12dff8d9
01f7c010
ede80bb8
fb0c07e5
022a0318
0d2012ff
1e14efed
f40bf5fe
02070af5
ce2d2117
c9f302d4
d6c4fa03
023e0fe0
25f328f7
0ff52cad
2600c604
f71603ae
4eec1713
c91210fd
eaf50ecc
4bf8cff8
ede8e301
d2eb451e
ecd89e0a
19f83215
d9043d07
cf134436
03e51bed
f8d1dfe3
03db23f6
1e0afb31
ef44f7e4
03eacaf0
dff21740
fef938d1
ae382c0a
e6cf0c0c
541f20ff
26f7fdb8
0e1f3110
c61cfefd
062219ff
c0f0c7f3
0f040507
09a6d749
c7da19cf
d7de0513
11d61bf1
0fe029ca
0dfaf801
1823ff01
ebf0f015
03d7da0c
e528eb00
e6101f24
10ded81c
d72afc02
4ca8fcec
2405d809
3b1bf830
0881feff
120917d9
0b0aed06
b1fda9d5
fde8eaff
4d2125f7
1022377f
26ebf60e
f554f1ef
2df301fb
180216d5
f52cf6e2
ee21f0a1
bfc22ce1
0903e4e0
ce221f12
edd0e32e
18eedd1f
f6facc26
1d44e1e0
faea27e1
3ee5d605
e3eeeb0e
f8efeefc
f2f5182b
c40022fa
650701da
e4e9d102
1708e42e
1131dd27
fdd1f105
030708f7
2313daf3
e43ec9ed
d8f0e1bf
02ead0ed
fff032f5
16f5f50b
06f70708
10fd0402
f7e2e0ea
099104d7
eaf3f408
e2f414ff
e30d7fee
210f2227
1c3f1ad2
e0e503f9
e70e22e0
32294120
dcf40517
17ec15fa
01490ac8
e6fcfcfb
0c1603c0
161aebde
11f5180a
eedf0fdd
23eb2a08
f8fd3ac3
ee1df70b
2c0321e9
f7000de4
2b17fee3
f1cc2826
e68302fe
7a7f10ff
f4f9fff9
f7d9b4f8
0ccdecd6
e0cfe3ea
12310907
43fc1826
a1e0fddc
eaf3ee3f
fb02dffa
de251d04
fb32f51c
35e413f6
e3f72e39
f9edc9ee
35cde9ee
1c08cbe5
d404f819
c9070213
653aeaf5
fafd1ff5
05273a0a
322dd54c
20e8eff8
0611dd34
dbd3dafa
291bd4f0
283cf41a
1b1dc935
d60522f4
db160415
c8df1b1c
fe04b4f6
1e0ad30f
e50dff32
eeb1f4fc
392d24ea
3725c7ce
c9b3208b
b230ffe9
e9e881fd
d8a94754
a1e7e6d6
20f61e1e
3434ebff
d8ece503
10070df5
1c0c0510
0b19f3f7
005205fe
1912ff0f
ff42e2e6
051023c5
13cef519
f4ec3700
1afc2ad8
fed6fefc
1c213c08
fffa0cc5
dff8cb19
f102ef35
cfe71406
1bb8081f
46f50406
0e01e905
f7f3cb07
28c7fd05
b1f222ee
cae40b3b
c127fcb0
f21934f9
0929232c
11f6e91d
0f40d8e7
f405dff6
e2260dfe
1006121b
fdfcfd14
ee68fe13
d20539f0
24050022
13ddf6e8
dc112622
2f1e2af2
f6d603da
e9120926
0d1107fb
0f01eb05
1209f2dc
1d1301fc
cee611c6
34c0cd1e
b734d1fd
1d327f02
1c2bb2f5
31f20601
d514c5d8
fb410df8
0d060236
40f8360a
1cf6cff9
37f3f735
f7f50ae4
e2f6fde7
fcffcde9
15e91efc
360b0ce5
6f54f7b8
6c816552
fb1ec39e
df67fce6
3695ccea
160c2b1a
e1240adb
0b0a00bf
5cf8f4e1
e29a1fcf
f03402f5
10f73d05
e70a04f4
39ebf968
0ffde9f3
323411bb
f80de707
eb12412b
23ca03dc
f10f1731
c4f60d02
0701d72a
f7201f2e
01ef01d2
cfc42310
01edd11b
030010e7
e8f8f1ef
20d1fef1
0119ea02
f7030801
e7ddfabe
f2e8e1fb
e72414f7
e5e80729
09c9e4f3
2f111713
14f6dbf7
f7cde328
111215e0
17ffdd01
f728e9fe
00c20e02
f5ccf41a
2ef6f605
e6082111
020507f2
19a035d2
effbfff0
17f63522
4eeffc06
1edd1ef0
e4b32f22
c5f7f508
dbdf1619
e81f4136
3420f71f
e7d40a12
1f08f12d
fa541529
ffffe919
16063610
f1a80609
faf81cc4
1ca818f0
fb16eff8
02e1f0ef
0715dbea
e7390902
20fdfd12
df062f06
ff061101
fd02daf4
ff27e8ff
f4dffbfe
e8ea05f4
1900cd15
1bf315f7
ae04f9dd
1b30202c
933f3b53
c1dbd336
ee46f73f
e33edfc9
721421fb
08faf2e4
f821e9df
ede31904
33df3d19
09af1a11
fc20099c
2e0899df
7410ddf6
e81edd31
bc4df4fb
05b50107
fe053809
30101a00
45360afb
dbf21fd3
dddeb801
41f3fae1
43f8390e
f52a0a15
bf151510
f50e2a1d
e9f71bd8
0ae31008
f8d1eb0f
f4fdf4de
d6f417da
c8f116f1
cbe05ee1
0c2b29fb
faee0d13
3cd945ea
fff8e100
f4f906fa
f8117f02
f8e41c0a
e4e8a4e0
1dd1eefe
ebefce32
b6f10404
25090afb
3305141e
5450a4f5
03f5fdfd
f5e3f202
0018111c
0cdd272c
ce02dfd9
ca06ec13
dd110fca
10d10b15
e5020737
ffd7f108
eed82b0b
0f1eeaef
1ff122ff
ff0a3803
0818adfd
0cf92037
07d8f216
11ddce0c
0830fe45
25e70de4
32420534
1aef2ef5
3a11f310
e8c3e61c
1c0bf5d6
2ded19ff
e4161fec
41f11a03
d8122eea
1803c2fc
0d02f10e
d5f0330f
095e1ae6
f2bae6ff
e1f3d4e0
580b1d10
e7dde6d6
0b0a122e
e4ec12e8
e7090c15
f1ef2a31
133c2b07
20e917f1
fd14e5e5
1ad6b5f4
5ae318fa
d0f71bd9
eff4051f
185408d1
0d14db32
0705fa1c
dfeb32f9
e8d22d17
0aed171b
3b1314fa
fbcde10c
2a00eed9
2c240cc3
f515411e
1213dcf1
f1fcf221
81e2dbf7
def832ca
48e10136
1a953af1
96e9152d
f50bdbbb
eb0ae4f6
07bf2131
d5f70503
f91508cf
f102f7ec
0d1b0007
12cbf537
07eb05d4
38c4f4eb
daec110e
e225ee33
2add1338
dd0110fd
0ceececb
b2351b05
341ffb1a
ce0b2f11
d9df0535
2405e4e7
2f0bf3e8
e3d9122f
e430140d
26f9f410
0debf9ce
c9e4fe24
0ccce9e4
d3ccfef4
e0e78e11
4a2f05ef
11ea11b7
f636fceb
df36f129
391cdbf4
1eded00d
0a1f13f6
38f01226
f4d33700
1cfb0b12
e411c12a
f039f3f0
3f3fe707
0beffad5
c72fe0fe
4413f423
b5390714
1630cc61
030ced13
171813e0
36c2ede8
1f10d4f8
ca01ea1a
d40e0501
1b13fe08
f4010011
00dcd219
1e1419f8
1df0fb0d
f7fcf703
2e0f3521
2fe3f2f2
e22e0704
0cebee08
f2def0ae
2839191e
fbd90bfe
0707fc16
f6efd815
1a0036e6
edec1037
2065fe0b
ddf2192f
fae1ea34
ec09ff2e
150ebee9
033a3fc4
c3ea1ef7
05e5a9ee
fc2857e8
dcf000f3
fc2fcb18
dbb81a24
fe05d62c
b1d0cb09
170804f5
0c0c11f0
094b1b24
ed010fe2
f11ad606
11ed1af8
16f91623
0e100303
12150cef
02dd0dee
f2e3ffef
2be405d1
eb1ffd02
123a2e13
ef2ef9b3
2dfdf2f0
0ffae0fd
edebf7dd
397ff8e6
321be653
dcbdeaea
0f04faf0
1c173704
ee0cfe01
05f5031c
0fdde5fa
f30bfce3
f3270516
f401feff
39e7e921
0ff665f8
10f42217
21f938fd
f2fba9e7
0f09f603
f80d01e2
05f8f421
bfe21707
06d4fde1
07fb1dec
fa0f3724
01f03b07
dcea0811
fbfd01e9
0d0e15fe
d50bec07
0ff0f4e7
08fbfdf2
9825d9fe
19f6f200
03d5f130
0bb7f3b6
f320f5d6
5add02e7
bfde18d0
be7abe7f
1c92011b
02b72d07
2a0edc18
062352d4
07135114
1bcef420
a6cb31cc
fc353c16
52fe25ff
1400f636
01cd2e2b
0533ed15
02f91e0e
97ef0724
eabfc93d
dd4aad0c
b70eee27
1e0216fa
09e2128c
0d0d1d20
13ee0124
bdf80706
03e0f0e2
f344de14
fe280831
091a1214
0723fa04
caed16f4
23f2e30a
bddaeb11
edf706e7
040604f3
c6f2bc01
f9e41e11
ddd7f50f
1e36ece4
ec4310cc
40fafefd
d9dd21ee
f9f3f60f
d207b2e3
031bf0ff
efecf5d8
efcd28f6
1b1810e2
f6ffff18
f9f82bf2
e0e020ff
0ffc0413
20df1603
1a2501ef
be47132b
0d28e80d
88f714ff
f4fcdbc2
0c05dff8
d7e908ed
231cd715
fe1f3b20
ecfb0f00
09019d1b
fbd518fe
e6e7e3dd
ffc50300
3206ee17
29e5d522
ee310a4f
1658f8cb
0a02e520
1c2a0a15
0b640b29
0b0ae7f9
ebee152d
2d0609fe
f71828e5
e9e325b1
15181ef7
311cf613
dff5d202
d3e7ef3b
3b012906
eafcdfd2
f4ffb1fc
f5e7ec10
02f8da1c
382a2eec
0c11fcf3
0debf009
04132af9
0c35e015
06e310df
d73701ee
f10ce3fe
244020f8
08280132
fcf4d1f6
f7f10e10
10e7cefc
e30f07bc
01ba21e2
10811233
0acef0db
122757d9
1950e4f1
e7ff357f
1d7f20dd
1e242ff4
18000307
fcffeffc
d9fafaee
e60fe7ed
fe48f5b3
6d19f7fa
09fcf7fa
05fbc5e4
b908cb1a
e2fa0500
ec0cf8fd
16bb5102
c62017f5
dd07cff4
1a01d7d3
0727fd53
dbdb2d29
051807c1
0af81307
06280d0f
faaf3007
eef7f50e
81e5e602
1ef958f8
d60dd203
ef0cdaf2
a9eaf81a
062bfbfc
f5391915
18250621
f2182a10
10d9cfff
13000935
04e1bd29
070e11ec
0b3afcf3
01258428
f3f515e7
cd25e12c
fbbbf724
9e05f5f1
cdc6e0c3
c5f2db04
1efaf5f5
92351718
f4f5e4d1
05b6bcd9
f9190320
ee265ad8
e21201f8
1a0b19f5
e24cc04f
a60cf0e6
e40414db
fef41616
fcf91e16
dc0eedcc
09dfebff
e6381125
05dde616
a0010809
d209dee3
fee5ec04
e8182127
d31d3631
13f11457
afcff6ec
eab40300
d4f10202
f1eb14bc
10fce809
0dbcf849
03191fec
fa24d8ef
ff020fcc
d0d00ff0
1e21233b
04fcfbea
ea010adb
2d32f006
dcf7110d
fbefd3f4
dac7121b
18b6f80b
422714f8
d9fe16fc
0c1603fd
07f707e3
a419f4ef
04471210
2628ef0b
1324e00f
f7fbe920
32fdfd09
fad8ecff
0ceff212
f10b19ca
ed23e4fd
3ffae4e4
e0e3c0d3
36ff36f2
0202ee00
60ba0529
20cc1e19
0b00fcd0
06fe16fd
02edf80c
1eecfdcc
fad6ef0b
dddbf716
05010d01
f9150f39
04e0040b
0d041aee
1ded2af6
bbe0fb26
3c2eda25
fffd1de0
15d5d217
e8d5e326
3927080d
0efa35fa
fd1d1ce8
04130211
1312f118
e102fe2b
00eece19
34e0d0f0
3f2cd327
e125f34f
0cf4dc02
fefa09b9
4210c812
041af6db
fd16f9fb
1838e00b
e0ee020c
fb06e4ef
4c33e707
2345fdeb
f328f4f6
ff0f04f9
1cf3b4ed
ed2df1e8
3f48f1de
1fceeece
5009e6fa
e2fcd607
ea221b13
01011b06
11fdf4fd
f5020bf8
96e5e008
1a12fb00
11cf0a0b
fc09f2fa
e2dd1a1e
3c0137f6
1f0c20f1
e30bf705
262505f6
f903f2c6
d70efacf
f91b0bd9
1f08921d
f903e1f9
0462fb05
2312f3f1
cabccf0b
e5213d2a
520a0a25
e2f3eacc
09d5d121
fd010221
0ec72016
0718e30b
040bfcec
130af5f9
100b05f6
08060d03
32170a03
eb00fc31
fd0fef01
25e600f4
2b031ec0
0012fe0e
ebf2ee18
fb13f1ca
1ef2daf8
ec170c1b
122df008
2ef31bf5
00ff1cf3
020bd907
dd0f13fe
0eeaf0ca
0622fd09
0119eb27
fb1402fa
0109fbff
1903e80c
10f52102
1bfd0de8
020de606
2ffd3a00
02061721
02de06ff
ebee0402
0ee8effe
0dfffbf8
1906f6f5
f9050a36
e122fe03
00f9e5e0
10e6f101
21e80002
f6fcfd11
f305db06
0100dafe
0ed60c07
0d020d04
22f1e3f6
f8fd18fe
30edfc01
0c0d14eb
03fee4fe
f3ec0b02
05f60b0b
f10106f4
130ff5e5
f5f4e8fe
19ecfc00
0feb01fb
f011340a
2ae60308
12e4e1f6
ecddf5f8
e5fd24ef
071f05fa
ec2aef1c
e204f104
04fbf9ef
ed07fc02
fa17fd01
e525fafb
e60bfd03
fe000601
0fff1502
e0f61d22
dff403d9
e4e2f1f7
ebe92220
df42f8fe
0b0b140f
06f81ffc
e004fef1
e911f018
f104fcfa
08f4ff15
05f01609
e9f4fa00
180909fb
f00af406
34f615ea
0a0509ed
df0d0209
12efe7e4
f5f51509
f4e80cfb
0efffffb
101706f8
3eedf007
02f4f504
fc0705fa
02fc00f2
01010ffa
ee24fcfe
0113f200
fb01fd01
f20f0304
140407ed
fc050b0c
09effe07
eafaf201
16d70602
14060002
0bfc0cfe
2a00010f
05fafbef
05fa06ff
0c1f1211
02f40ff8
0a032200
0afbf6eb
f4ebf703
cc05de0f
f9f70c0f
f1f9f906
180efa0d
fd071407
edfeeb05
130dfa1a
fd081901
fcf5ecef
fd0a13fb
14f62906
16fd2521
fd0e06ef
290ed700
ebfe03ea
09fff102
bf53fcf6
e91419f7
0211cef1
e8fbf51d
fafd0e02
e9d5d104
130ce714
f61ef2fe
0c7fe4fa
290fef05
1600edfd
fd2400ef
1003ed3b
dd16e603
0605f302
02080e01
39f303f8
0ae8e701
2504f10f
00f30714
053eed0e
0c11fd03
0707020d
feea0d06
e9eb23fe
e80a0fd9
1101e2f3
03fb05ef
ebe5f5ff
1d02eb07
19f1fb1e
ffd4ef03
0203d70b
fb1b0706
f0f1f503
f70609fd
fefe04f9
f30c12fc
f803f714
05fd08f8
10fd0005
0f00f310
040c0302
01000df4
05f4f901
fc021b08
0ae8ff00
0cf6fcff
f308f6f1
f510fd12
fafcfa05
15fe020a
f60b011a
e810ff00
ff0109f2
fc0906f8
f4090ef9
0306edfe
f7040af8
0af30d02
da1a1bff
02fef30c
1923f006
fd0fe6fe
ea02110c
cdff1d18
1d08080c
f6dfff04
00162cee
df2416ff
ebcf02f7
fc03e500
0dfbe608
fc0214e3
f301fefe
f40108e4
f20eea2a
d516f100
091a022a
fa02e2ff
f0f7020b
fc15edef
fefc02f1
f7ff04f8
09ec0301
08fbe702
0405ff1c
ff05ef0d
fbfdf602
06f105e7
f8fe13fb
fed5fbe2
fc050a00
0216e9f7
0ff8f819
fbf511f5
130e0a17
f2f90004
e8000007
06e70108
f2f80bef
0b0b2d09
031ef0fa
011d0006
23f904f3
00f7fcfd
fffb0600
00f7fbfe
06f8f8fc
fdf80203
fcfa0501
00020201
fae5f8ff
0605f8f2
f807f5fd
ff06fd02
0101fbff
11f81102
00010104
fbfd07fc
0d01fd03
f10a0f1a
f7ff060b
1a180dec
e2dd0520
5812f5ff
00230cf3
fce01800
f30207fa
0afc0106
f409fd00
0ff1f803
fa00f402
f5000203
08f70001
000e0504
f9eaf5ff
0bf4111c
f1f5f305
071910e9
f80d12e8
e1cc37f5
2c0ff8f2
f3fae307
e6f3efeb
0301f409
f4010d23
2e0c0424
f3050201
40e5fe00
190eff09
1a141afd
1102fde7
0009f201
0209f405
0401f114
08cbfaf2
d012fef9
f8f6fdd3
04e7dc0d
dafd031c
fadaf7f3
0c052408
3401f6f7
e9fed32d
f18519fc
cb0af4bd
02e3e8f7
26ef1bff
08e602f4
fe03f7f1
081a010d
f909e5ff
31fb0503
f3140602
f8fdef00
0811f1f9
dc31f0ee
fefb0f04
d306fee9
fd01fee9
38e5e900
27fef434
f6cf0803
ff0e1beb
0efbec06
fffd16f5
e80322fa
c20f12fd
e9dff9fb
091912b3
f917ef02
1f0b1902
14fcffdf
03f8210b
ef180bf3
041b1302
ff1aed05
f2fe0413
f2102c02
2f00010d
f110f7e2
22ed06fe
20012a14
1e14f313
eb351806
1b0b09dc
09e105ff
35f30a02
1426e9ef
2bf318f5
f334f80e
f8f3e7e3
00ee570b
04f30af4
e30015fb
b3fee8fc
d81104f1
dbe7e705
263605f1
06fbfcd9
dff903f9
12010926
1207f500
db101cec
5412e41c
001902dd
c9f1fcd5
1be51815
31d04d04
171df635
f9e4130b
1705d50a
1c24d4e5
f416ed1a
04db02b7
f1212033
34e225fa
2b09f626
17123004
db03001d
0504ed12
fbf8edf4
fa000109
0704ee0f
14010f09
fd120220
07070afb
f416effa
e4ebf911
f7fee9e9
ea03f104
0f0be100
0cfe0301
e5030205
f33c16ff
ddfef8fa
02f908d8
040d32fe
e5000e22
10060700
1deab803
071706ee
fb1a0afa
fafde5f8
fe050307
ee0308ff
f10efb03
f804f713
09f00303
f60705f2
08f6f804
1404f7fc
2af90100
060cf01a
19c7d7f5
f9bcfa25
e9b814f1
fc0407be
ec040e02
4be735f2
ea1d0d03
00040c0e
f5da0704
fbeaf5e2
3e14c7fc
01e9f9f4
19052500
2106e7e9
f300f83e
1204f9fe
0105f127
0f0a21e1
2c020ff6
0e170c24
f5f8e40d
89f40b18
f2fd0be8
fc05180e
1b1bfd14
f81de3d9
1b4e09fb
c7fe0209
f62fe603
eff00a06
05000a08
01fd0603
fced1304
eae906f0
f118f402
d2f9fc10
f50c15fb
ef0900ff
f40d1cff
09fcf305
100700f9
0bfa0514
0a0ceffd
f70c03c3
0907d70b
f3fa0d0b
1427031e
faeb1f05
07e401df
1afaebea
1117f805
fb01f7dd
f71d13fc
eb09effa
150e09f8
0708f1dd
f3100409
fcd529f7
cf2d0cff
09f8fc10
25e9e401
f8ea1e04
190ad6e7
faf5fd23
12e8120f
da20e7fe
92eb2cfd
f6151207
f9c8edff
b808fa02
f704ff0c
080af503
f50c0ff0
faf401fc
d2ea0300
f901ee0d
0802fb02
09f812f5
14ff19f8
07e7fdfa
e5f1fadb
0619f4e4
0bc90b0e
06ff03dc
f2090302
311de702
fafc040d
0bff070a
fe050b04
fb080a06
fbf10905
18f500ef
f1190c05
080c0308
f304f5f8
f5fc0f07
09f8f500
f8000502
f7fffe04
05fe010e
faf919ff
06010aff
f5faf1fd
fffb15f9
fef90901
f30dfe15
06fb0ffa
fcf1f013
f703ff07
0d040202
0be200d0
03f7d9c8
000f2d0f
051b16f3
22d3fff9
04f1f411
0302bf08
f80bfe0f
f917f8f5
0e0606f7
0afaf800
1a0c13fc
0d04f6fe
0c000038
f602fa07
f8f7fcf9
fb0f03f2
010107f6
fdfdf8f3
07fac911
28fefe03
f7ff0400
f50204f7
ef11fb04
f0eefe14
f6faeef2
fe13f51c
f0120809
c514f7fd
0001faf8
fef603fd
32ebfafc
fbed0719
f3030dfd
f711fb05
17eeeffa
0a401bfe
f70a06ea
ee07dd05
0afff81c
fbfefbf0
0aff0e10
f502fbff
031f07d5
fbfc0d0d
fd0cfa22
fd060900
f1031009
02fffefa
f403f4f9
07fc080b
f4010815
f4efe3fc
0902eb0e
020b1003
fbfeff02
19f3ff03
f3f523ff
18090b09
f7080810
f61ede01
eee108f7
0414f00c
0a090cf1
ff0ceefd
17f621fb
f6091406
070bfc15
cff3f3fb
f51109de
f40c0d03
ebe91a08
fb13f9ff
f3f104ec
f1ef0904
f7fe0201
18f71afb
07ed03fd
01fdfe00
22e9f301
06f501f3
f005f202
ff030e04
feecfdfa
08effffe
e20f0606
f3120b03
300109fb
ffe2fb00
060de916
170cf7f9
100ffe0a
09100a00
fcf5f014
041902ff
2c020afd
810ac135
154c5e04
c0222da5
c8ee75dc
ac9e1ef7
d80ff9e3
cfbcf1fe
1807e07f
060609f4
0703f90c
0503f5e6
f30aea0a
130a02fe
f7150a0b
f5fff4fe
000b1dfe
150b10ff
07020bf9
fe0700f4
01f7f107
e40f2005
050ffb1c
02fd0efa
faf10500
0d11faf2
0cfcf319
0007120d
fa06eafd
e1020d04
1b0bf727
f4ee0f0b
fb0505fc
041d0a0c
060b01f6
e9edf2f4
00f9edf7
f81013fe
040d0d0a
fefdf6fc
060af408
1ef83eeb
00eef0ec
fdd5fdf2
ec06f6eb
d40c0dfb
e4e2f804
0f13fffb
c314c9f3
dd030a08
fd02120e
fbf60516
1bfb07f4
3ba2f6f2
00fbe405
0be9e001
ff17f6f8
eaedf3ef
0109fb08
0402040b
0ff7eaef
ebe7f302
ebfbfb28
eefaee03
e908f1f5
03f6f3fb
dbfc91fc
cdd71afb
11fb0009
d9000d7f
fa817f81
eb2a190f
a9fd32f5
21f0fcef
000cf103
16fef605
fa030e05
0600e1f7
03e4f038
fb0e0406
160cf7fc
0c16fcf6
efee0e00
130b07f3
06ff05ed
ca03db02
000b050b
021202fc
0ff31901
0106f500
fbfcf9f2
0a0103f9
01e40bf2
e1f3f003
f6ee0711
efe002f8
05030bfc
03feffde
f711f10c
08fbfbf5
e80d11f2
fbe5da03
f9fb0af4
0edfeafd
4212fedf
f2040bff
f8f50f0e
f400011e
f2ff00eb
e4d8f20b
f71b15f3
fffa1603
e6de1905
f4111200
fbfcfefc
f708e80a
f413ee0c
e208f0f9
f9fbfc06
fb070500
ce0bf9f5
0409f905
0203f9fe
f701f9fd
06f5fef9
110008f7
1cf906e3
fefd03f7
05ff07fe
08fd03f3
fe06f8f8
f416fc01
f7f30810
12030f04
0610fcee
0004fd0b
f302fa00
23f7f0ed
f6fc04f0
fcfdf2f3
13f6050c
f5ed030b
1608f512
080d0800
b709050b
ebebd5ed
4a0c1bcb
31d7ed17
d709b2f0
b716bbfd
490cf9fb
0348fb07
cc42f1f9
f108ebfe
fcffff02
f10802f8
f7f21810
24f5e5fc
fa04f4c6
0cf8fb00
e20911fe
08f705fc
0608fbff
f9160404
090bff07
fbf3f309
160b0407
040bf602
0901f800
03010e0a
0000effd
090200f8
06f4fbf4
f4f6f602
f9f8010a
f90c0105
04fcfaff
1805faf7
1cf012fa
0512fc03
070adee9
09d31d00
0201fb10
fffdfc01
daf90602
03f30ffb
0702f709
010008f6
fc0cfc03
f8fefbfe
02f7ee01
00091c04
10f1f905
f40c1305
0a040404
fff9fb03
ee00f921
3df10bfc
121100f4
fe10e106
e7effb05
fc011501
01070b00
0df2fd08
02ddfa05
0ed30b00
0a020709
fffcf205
20010603
122db904
0608f32d
f2d60016
0f305d23
6df0aa10
27030a19
f4eb8181
d5000eed
1bf20dfb
0cffe9f3
0b2119fa
0805fbfc
1534f506
ee01fc04
f8040006
2806ee03
ebf90407
0402fa0f
0804fd0a
0ef11209
07120001
0fdce9e8
01060cfd
fb0eeef7
f5f80306
0402fdf8
00050004
fd08030f
f2fcff04
0921070e
fef60b08
eb02f800
fcf60300
fdfd01fc
04ebf9fe
05f9f7fd
0c0802fb
120cff15
fafcfa00
f503f909
1afbf90f
f8091d00
0dfcfbf8
f607030d
f809edf2
ec0413ec
0724f201
17e604eb
ff090910
10f919ef
e31002fd
e7031115
1ae5fc02
0df7f3c2
020ef10c
ea04fcff
260bf1ef
f9000804
01fa08ef
fae2eafa
fdd506fc
fb0408fc
fefceeff
ecf8f703
ef08080d
e9071300
fffefff8
ffd81519
ed24fbfa
05e8fd03
012d01fb
1a0302fe
0ff70f07
05012308
0af50503
fff40205
14050501
03ecefdd
03fc04ff
02f8f603
0af81cf0
fffe0c0a
f7ee0102
0106fef1
effaf705
010507ec
02fc0bff
00fcf602
8a907fe0
9bc23957
d97ef981
69c97f68
7fa748f9
81ccfd1e
f68108fb
810b43cf
06000104
fc01e7ec
f5e2f4f9
07f8f101
0be916f7
fc0504fb
f6040803
06fc10ff
ff100001
fcf70914
0f050309
040bee1e
130010fc
13fffaf6
eaf9f2fe
26140408
0f0a0600
fc020a09
08f4f905
06f206f3
2afd08f9
ff0cfb11
faee0d02
fcf703f6
0ef10906
0a11ed01
fbf705ef
f50006fa
0728fbfd
ef10fe0f
0b0100f9
fffef8ff
f604fcf8
00fbfcff
0cfffd11
06fa0b02
05fd0003
0b02f6ee
fbfb1bfa
1cfa12fd
ebe7f5d0
261eca09
d50bebfd
ef0b1403
0606fa02
f504e3cf
f0cee50c
fa4f1aeb
fe0402f9
05fe09fb
03f1f5f7
ffededee
f3042801
06040234
0b04f8f7
fafe0414
0aff0500
f9fdfaf4
ec01fdf2
f3050507
f6fa0509
0004f4f2
f7f2faff
0afcf5fa
0a11fdf9
03fff407
f0f10003
f6fe0200
f9140404
02fefd20
01e40b08
fcfc0200
07fa17fd
0005f3f6
07010104
f9f5080a
01f60107
0d0702f8
0e06ed00
ef13f4f9
01fe07e5
09f000fd
0b08f9e3
f82403ff
06512206
fdfe0de9
0bee14ff
cddd0404
05ea00fd
f703e203
17160617
0d0bfff4
fac80bfd
21f30a10
f10414fc
0603f5f7
efff0707
03f8f6fd
0f0b07fe
13f30d04
e817000b
0a15faff
03f205ff
05f70710
09f70807
0ff817f9
0b0009fd
040a08fd
e608f2fa
e8fe0ef9
0bfd0004
f9fffafb
00040010
0e0207fd
05e6fdeb
f8f91804
fcfd1a01
f2ecfcfa
00fbfe07
070101fc
00ea04fb
110bd807
e6100907
080fd806
eef20806
0311f911
05f70701
0a0f09f9
ff03fd05
f8010607
fffbfcfb
01f00a02
d502fdfd
fdecfede
0101ff00
01fdfffd
f6fbf301
f1ff0e03
f9020bf5
f40f0fed
fffa08ff
0e020301
12110cfd
fa01f3f7
0712ec11
ea0026fe
f6030801
fefbfe0c
0c0dfbfa
e8f502eb
fb090500
09e2fdfb
0c0607f1
05fb1bfc
fd01f8f1
e60aed03
01e50000
edfe03fb
f80708fd
e3040304
08ef000a
0709f1fd
f000f0fa
ff0402f5
f0090c00
04040306
06f9fefe
190700fd
f80dfd02
ff000706
04f501fb
03fee20a
06fc04f9
eafaf9f6
050500fe
f0fefd01
02faf509
0c011304
0c060504
fd01f900
e6dc0106
03f7f9ea
0afa0bff
18080000
f3f5fe03
060417fc
02f90203
eb070809
faf907fe
fcf5fef5
0901f8fe
e6fcf0f4
f9fcf8f2
fdfe00fe
04040110
fb07fa0d
f71e07fe
f3fb040b
f9f1f3fc
13ff0003
fa03ed05
f3fdf701
0ff50205
fde407f6
f1fa1df8
01da0702
0af3f2fe
f306eefd
3a10e208
02ea1eff
ed18fafb
ee1fd5dd
060710fe
05160807
e6080707
12ad2af8
04f9faf8
f304f607
f60cf905
0202fd06
f7fdebfd
0ef909f5
010b0200
0504f8fc
0d0c0007
fdf90aff
f0fff3fe
0209f303
17100ff8
07fb03f8
f90209ff
f4fb0908
05f616f2
fc0504f9
10f5ffff
0c1d1e05
fb33f1fe
f9fd0106
060be902
fcfbff06
0201fcfa
f7fafc05
faf903ea
0800fff0
f8f3f9ff
130906d7
04f7fa05
14f8f600
0d0908fc
fb02ecfa
eb04f804
fde5190c
e2f00001
0c00f4eb
0303fcff
0be7f503
f7f1f30b
f107e6fe
03fdff10
12f608fc
1016f5ff
f911fefc
021306fe
0b030000
f2fbfbfd
fc00f7ff
03e90106
02f8f9f9
0ae709ff
0c0100fa
f4f8fd00
f5f5fd02
ea04dc01
e1010602
0704f7fd
07faf6fb
10dbf201
0aed040a
fd0afa02
f7060df6
0508fe0f
f600f0ff
08ec07fa
f8fdf30b
1ced0b02
05090bf9
fc04f8fc
07f1e700
ffee1005
0608ef1a
ea02f808
0507f8ee
f51008f7
0b0dfae6
faff0bfe
05060203
070ef514
ee051cf2
fafcf6fa
f5fd231d
f0fafeff
faf4f8f1
1010e2ff
1bf804f3
0ef2fc01
0502fb02
f9030605
0d07f6ff
2709f2ff
0f060311
fdfa0101
19f22205
fb011317
0700fb06
08fc020b
0307010b
0106f3fd
f60504fc
ff15fe0c
fcfd04fc
0aec0e03
ff0208f4
10f80b05
f31a0a11
2710f8fe
f205fbe0
fe0aec05
fcfe0b01
040108fc
070ce8fd
010af902
15fefc08
100cfefd
051bfb02
fb13fd03
f6f800ff
1607ebfa
fa0415fe
040502f8
07fc02f3
0919f8fd
f8170c17
0e14fe0a
18f50a00
f7fc050a
fefe07ff
0df20b03
00060dea
171f0708
f60e0904
fe0c0c00
150a0601
03f00e02
fe080e05
0a07ff0d
0cf70300
1be1eb01
0d020af0
081b0903
07110b02
f502ff08
0802fcf4
fdf60108
f9fd0014
000b1100
02fafe08
fa05fb00
15f702fb
01fa0401
f5fafef6
0df7fd0a
f6fa0500
2819fc00
f206fe0d
04fced02
ef0105fe
0c09f900
03000a03
f712fe06
01040bf7
ff0efc00
eff20908
f3fd020a
fcf5fdf7
edfff0f1
0700fbfc
f70d0c0a
fe09f607
0f09f50a
fb08030d
faf8fe0b
210402fc
11f9f7f9
0a0af900
f907f9f2
13fefcf9
06fff602
f9100e00
fbf502f8
140201fd
f2f80407
08fff6f5
f9070410
050afbf6
10040a02
070106f9
fa01f400
21fd05fd
fdfa06f3
02ff1209
21f9ff0b
f208fff2
13e20203
fa0504f3
fbfa2002
1d00ff0a
e600f9f4
09070c0a
fdf9f0f7
010405fd
ff0d0aff
11f4f5f0
060af105
f80af705
09f500f3
010002f3
ee0305fc
f2f7ec0e
fb0706fe
090d0419
fbebf904
16070100
11f6ff01
06030905
040700fa
01fb08f8
dc0a0d05
0bf9ff00
02fc0002
ecffff03
04fbfa02
fb00e708
edfdf900
fe090afe
e80af3fb
e9f1f8e2
00ff07fc
150afe00
0bee07f1
0e0601ff
f40d06fe
101efaf1
f4fefe02
090effff
130f0afb
fa0ff500
02f60aeb
fff8f6fd
fc0f05f4
0b0af2f3
fd12f500
0b0e00ed
fc04f9ff
0904060d
f40103fe
fffef6fe
1900fdf9
fcf905f0
0ef9ebf9
05ee0006
090afffe
11ff020b
0dfb1102
04001109
050bf602
06fe0709
e115fbfa
0103fd02
ff0f0ffd
d5030702
0804fa15
0afa0cf4
fffcfaf9
fa0c0d0d
dff80bfb
fbe6fae8
0bfceffe
f8f4f8f7
000303fe
fd00fafd
02f9fcfb
fdf8fb00
fff8fa01
05030106
03fe0804
0204fb02
f802fe03
fd03f7ff
fbee06f1
f4f91302
f40508fb
f81100ed
feedfe05
0bf70cfe
0000feff
00010200
01ff0102
02fbff01
06010402
010201fd
0003fd00
00010506
eeff0405
080307fd
01080e0c
01ebfb01
02e81c00
eb03f610
fe0701fb
040a0802
0ffaf2f5
0c01100e
f207fdff
0020deed
fafb0302
11f9f5e0
09fffd04
d9faf1f9
effffd0b
fb07fafd
0b05ff0b
fcfa00f2
f1dc01fd
0d07fef1
f907fa00
ecfbf105
fffd0104
02010202
0206fefb
040103fe
0603f6fe
06fd0005
fcfd03fa
fe01fdfb
0001f904
06fef605
fb1904ff
feeee2eb
ffde0303
0d0908fc
00fbf1f9
fd0cf102
0804fbf3
0bfc0202
fa130608
0505fe02
0d02f001
03fa06ee
01f80902
f8fafffe
f9f9000a
0a09f405
0708070c
ff0df7fd
e818f306
ec0c021d
f90df404
0c090cf9
0dff0209
f0fa090a
02fcf002
0f09f007
1111f4f9
1aff0003
fff40cf6
f5070104
02050709
f9fc1904
0600fbf6
0402f4f5
fe00fb01
f4eef70a
051dfbfe
ea100ffa
02ff04f7
100efbfa
fefef9f2
fa0408fc
17fce9fd
f3ed0d08
051706fe
1efc0d14
fff5f907
0a070205
f4030502
0e07fe02
ecf0f7fe
07fa010a
f9f905ff
e802fff8
fc04ff07
fdfe13fa
f604020c
ff000404
f9030401
fd00fb05
010000f9
eef905f9
ff05040d
fcfcfe03
f70606fb
f1faf6fd
fd050dff
fefd04f6
050304ff
fbfafef8
f707070d
f8fd12f1
00e70d1f
01f6f707
e5f6ed00
e7170e16
fefb0702
1414fc03
ef1200ff
e614de14
fbcadefa
0dd105e8
1b08f8fd
0416f702
fcf61901
1afdee09
1701f704
f6f60a07
0400040d
100bf20b
110afbf4
21090a06
fff4fc08
0d070704
06feffeb
17f705ed
e110f4f9
f61fe3e2
0e041001
fb171008
feec0904
e0f806ff
04ecf900
1003e915
0a060410
0bf1f605
04f3e905
fdf0e9f9
efe00702
f812ef00
0113100f
0afc1d08
e5140c00
0d1d00fb
15340b02
eb1002ca
060c03fc
fdfff60b
f307faef
f7fb0c04
1cf1f309
fe19230b
0810fdf5
14ebfcf5
f7fff1f9
12f4f9fe
fce90012
fa0b190e
f703090e
fe1f0bfc
e1320cfe
e6fdfb0d
f71202ff
fcfb0509
0ff5f312
161000fd
ff120902
09fcf509
fe0132f9
fe190b23
08f7f9fe
1efa05fc
08e20525
f802fd04
1002e9d5
e607081c
e8d01d01
1bd4f60b
0b1af6fa
efed00f0
03fbf602
fffc0d0c
f40bf1fb
070ff4f0
033301fd
f7070905
05fdfaff
e5060801
2606ff04
13f8e2f7
0e330ee2
0901f30e
e831e204
0fedf617
e4ed0400
c8f30fef
ee00f9f6
0702ff01
efe813f1
02efef02
e5fcf200
000505f3
fff702fe
06f80306
fffa21fd
f5f4f200
e60c07e8
05120507
e10ccbf8
16fc05fa
f2030200
01f7edff
ddf8fef0
08fd080b
08e605fe
fafeecfa
d6080a00
040c03ef
03f0fb06
f7150509
15f9ef04
05fb1000
fe010bde
00f3f50b
ddfbfc00
f004061c
fee604fe
08f80909
fcfdfcfd
f3fbfdf9
09f1fff7
120bf800
0833f505
f709f80a
0c0601fc
120c0607
717f57f8
b1198b39
e3113d71
7f696118
14817704
8af3e4d8
02bc3dfe
3a0efb28
fcecfa00
f8fe06f6
00120af5
0616fef5
f7faf600
19020711
0905f603
433af4e6
ecf7f802
f7fcf4dd
0dfd0612
0bf8f908
0ffa02fc
090dfa01
0ae8fcf7
13ff1201
f403f703
ff0206f8
fdf9f603
faf70bf5
f7f00bff
fbfa0000
05f80efe
ff0103fb
09fa0d05
e5031308
11d5effa
f6e81ee2
f60908f9
07e6fb37
010c1bf9
e2f5d107
f6f5f7fc
fdfffbf5
05020901
06fbfcf0
16edea03
0007fff8
050300fe
0000effd
ea10fc12
0702ff05
15e2f806
f004fe04
14e71df7
f1060417
00f2fc01
0a02fce9
05020eec
0e030dfd
1600fe0c
07f5edfb
e10a0af2
ec09fa02
0dfcfffd
e4f71df8
0a071c02
1cfede09
1a0009f3
090020e0
ea22f6ff
2efafc1b
0e160afc
17030cfb
1af202fa
1106dd02
20ebf1fd
16ffdc0e
22efc6fd
fee0e0d9
fffb07fe
27e50e08
09000f16
0a050709
0d03f8f6
0ef1110a
fff50903
210cf814
fc06f900
fffbf8f6
02061bf5
08020c14
f6e9e706
f9060404
ab08f801
09e3090b
04efe802
f50808fd
e5ee020d
e3de2e03
08eaf9f2
0d2cf7bd
e6820e03
1709fcdc
0915e602
26020aff
faf8030c
09f9f701
fa1b0405
faf2fff4
01fcf0fe
fcf8fe16
00030f05
11f40008
f00614fa
02fc07fc
edf7fd1c
05fe0302
fd09fb00
0002f811
effbf601
0a25fbfb
fc0508d4
0b0105f7
06fd0a09
f2f11904
1934faf8
10e1feff
fe0c2bfd
f7f9f7e5
0205fcfd
10fbfb04
fcf900fe
f6fdf7f6
f8ed02f9
000a0029
00f70005
0feaf805
0509f306
f61c120b
fa1f0e1e
18defae9
21070600
24e40970
051df903
b3e91305
fa05f403
fc0dfdf3
f50cf9ef
ebf0f503
f6ee05fc
eef9fd08
f4020cff
fbfcfef2
f0fa0909
fc0b08ff
f9d8f802
0ce8df06
d60af1ff
f3dd03f2
ebf2fdfe
180005ec
dc1808fc
f4f90611
f50cf2ff
e90303f8
fa321cf2
1af30fe5
1c16f204
3ff22912
1df4081c
fa0a03fd
01f5e0f0
e6fa1319
0d0d2205
e3201314
fb120000
0c020ce9
15f3f8f1
000e2c01
10f7ea09
08090806
ecf8e6fd
f9d5f41c
f4041505
2202f5f9
200ef104
fdeeded5
000701fb
07230627
dbdae8f8
fc160cfa
f52201ff
240b06e5
fbf1f40d
0509dffb
1d02fd01
26fd0bfd
dc1401fd
f80afbf3
0bff0500
10fbfcf8
02fffff3
05000204
ffdffcff
f30526ee
10f10b03
0ef0f20f
03150006
c7fdfc07
0cec18ff
00070407
05f4ff06
fcf80426
d3f3f6fb
100709fe
00f00cf7
15011016
043ed115
24f41a01
271614e6
0fe5f7ef
3e0e23ef
da1201b6
e60d0702
2606ee09
faf1020c
ff1c26f3
d919f4f4
04011c08
1e4e1800
f0fffa0e
f9ee0f03
2d01f3f4
14fdf8f4
03f415f1
27e1ff08
1205f12c
33121705
1910f6c0
180c1c01
5dfd20eb
031c0d17
fbfd2102
0c0dedf0
0ee8f1de
072a0ffe
fb13f304
13fffffa
eaea08f4
e4e80d5a
010418ee
d1fbe80e
21ee9cce
771b0f08
2af0f1fd
2cc52905
16f933f0
12140e11
ec030aea
d1fa0c04
f6022f04
f3cb13fc
f22d1121
2bdcea03
e8f8170a
f81110fd
11f0051a
08f7fa03
e019eaef
22f70ffb
e705f8e3
ecf52ffc
ccf00d09
f002fc0a
fffefaf5
051ff909
070a1210
04fc0afc
14f10af5
00fff5f8
f70af9f7
00faf1f1
08fc03fa
fcf0001e
13f4f504
06f90504
27fb00a3
05fff8f8
13fefe03
f7e71311
08164508
08d3fd1e
0fe3d8ed
49a8fdfc
fb16fe1d
efcd00fd
23eeec02
f8090dd2
05ff0dfa
0dfaeaf5
fdff11f9
3b03090e
0f030a03
00fd02fd
0812ecf6
05fa2cf9
1c0dd7fc
fd03ffff
e214f8fd
13b5eafc
e4f91252
fcfefffd
eafe30f6
f3f9f9ea
f3fe0a0f
e70afc16
f10a0902
2e0bfbfd
080304e0
01110500
0bfc0b05
d1fd12fa
0101091a
08e9dcf3
f20d0d19
2b12fafe
f2020a1e
f9060802
15fcf8f8
f32bf100
2e00f60a
fa2814e5
0ffbdbff
e4c6c802
0309030c
fd110503
26ff04dd
f3fc05f0
0306f601
0ffdf811
05fc01e5
fd16fd05
f00301e7
fdffea00
ee010a09
01edda0b
0c0f0613
1fea0b05
ff02c525
c4ebd306
eefc0803
05dbf5fc
a90f0109
fafe0304
06f9fa09
0b1906f5
02fbeefa
c3d00604
0805f1e9
f61b0501
e802110d
f105f4fd
0402fa05
04f5fa01
fbfd0407
1ce90cff
f8f6fcdf
0904f603
08edf600
fdf50f1e
eb05fd04
fb060a11
f8e5fad8
d20919ff
ed1c0cfa
0712f2fd
f80bf8f5
0508fcef
07fc0118
1dee06f5
09fe05ed
1d15fc03
f5050e17
fbed04ff
fbf7ec03
00ff06fb
09f61703
f0fa0407
fb13ed0c
f505fcfd
f206f6f2
ee02f405
0cfb090c
f10aeb18
05fe01f7
18f91ff3
1a030ae8
1df00101
18270939
fff8ce03
1c040e10
0d140bf0
0f04fffb
fd04fbe1
09fd01f2
0edffa02
0c0c050c
e112f308
0b0a0009
fd0f1007
fdfcecff
07fd18f7
310efd04
eee3e7fe
07fff51b
0406eefa
09eb07ec
f6e2f505
0004f305
090efaff
180bee04
f20102fe
fb080815
fde203fe
ec0904ff
11f5e9e6
e6ffd91d
2b0114dd
e4defd11
da2d15fd
f00dfcca
faf4f306
01ede811
f6fd0af3
05f6ffff
0bf7fc01
fa0914e7
f1261007
faecf5fd
02fd00fc
f2f90816
0b01effe
fafbfce7
f5ed0412
f805fcfb
010004fa
f3f60014
05f005ff
03f40a05
27e2ff02
07040b0e
0c0600fd
f90c1d10
dae9e108
10f0f3e6
fe0c1103
e600dff6
f00d13d3
15fed513
14fb011a
12f8f30d
dc94e804
0812f9f3
fa03fafe
d7140a07
f0e0f7fd
12050cf8
00fb0713
06fd0d07
10d7f504
f516f7fe
fdeffc04
07000808
06e9f7fe
051c27fd
04f8f6fc
04eb1706
11052706
fae800e4
fe1ce602
0dff0307
1ceb0818
fef9bff4
fc04fb03
000b0b01
f40f0202
e50ef60a
f0f6fb04
d816eafa
f2f9fefa
ff0e010e
0a080819
fae1eff4
1a1c16fe
ee0f06d5
0f01f600
eef0fd03
fff516f6
e6fa0405
0efdf915
faf5dc0e
f0271704
fb0bfd1d
0601e900
0600ebf9
fbedfdf2
f6fa1818
1d0c0bf5
f8080b00
f03602ff
05fcf9f8
f5df05fc
f901d3fe
e848c70d
f6e4c904
c272811c
14fabd7f
3789e1fe
8cc90359
7f14e4ff
5800815a
e21c1a17
01e5e9df
ea26ff09
23fb17de
2b60fd05
4ef60006
f60f030d
10ea2111
e2101420
fb06e5e9
f9f610fb
fbecff01
f61def01
e12218f6
0e260507
fd18fe0b
0501fbf8
00f0ea02
fef717d9
00f3f101
26d31aff
10e4f8e1
0eece100
ee08fbfa
f91b0603
fefbeaf4
c8caf5fe
e9f31b05
f2f00dfd
fe09fd14
f0ecf709
f5eaec04
f6fff102
f5ff0804
030509f3
011303f1
1cf004fe
ed0603fa
0b1d0100
eaf7f9fa
f4fbf20d
f8060f06
01fb03fb
f705101b
e2da01f9
f5000b06
fa21fd0c
17e4170e
f6ecf503
fdf9eaf8
11f10d0a
09f4f80e
23e0f4fc
07050000
ef0b1500
0fff030e
0d000902
060002f4
fd0ff907
02f60007
da19f1fd
0410ef08
eefe0eff
f1fa0506
effe06ef
0d0801ff
040f0001
fdf0140f
c3f8d806
0a11f703
03000301
e9520dfb
fc1afd0d
e7ea1bef
f2f80ef8
07f8e5f9
de3010fa
e5fdfa1b
fa0d09f8
08bb150b
09fa0bff
f3102805
e1fb060b
fdf4f2ef
f9d9f9f5
eb0815f6
021df003
090602f6
fef70e07
ff0c01ff
f9fafd0b
f805f7f7
28f80bfa
fb0effe4
fc03f3fc
fbf1fbfb
0a080805
f1fcfbfe
fd0d0503
fbfaf007
0ef207ff
09040319
fa04fafc
05f3f204
04fa07f5
03081400
050df807
04f4f5fc
f2f20302
0df6fef5
0504ff02
04f50cff
0816f909
fb0106f8
e9ff05f8
f70411fb
ee0414f9
f50ff7ef
090504fd
e1f4fbf3
f7070cfd
11f913fb
fbf30010
fd1408fe
ea060407
f901f009
0ff90702
fcfe02fd
02393d7f
a65712ba
727f21cd
8a769495
2e04810f
23b5f1ca
fe9c0cfe
260f1831
edff0ff4
0a0204fc
f7f8fd07
0121fff5
e6f014fd
f713050c
fd1e1cfd
e202f901
0a03f6eb
02050b0b
fa08fafd
0206eff4
f0ef0fff
faf001f1
0202f9fc
110119fa
fe0edd0e
edfd25ee
fbf8fcfa
f4031bde
1ff10c04
f1130fe7
f7e80b06
21d816f4
fd03f901
05fc07fe
f8fbfb02
fef3fd01
f3fc0e09
faf5fdfd
08fcfb06
0df5f706
f8f802fd
fb09f309
04f9f4ff
f604f409
f51802fd
080ff10b
f9eeff03
eaeaf509
0a10fa11
f8fa11f6
fef009f5
060809e1
f01e12fb
cc08040d
020fe700
38de14f1
07f9fd09
01fff0fd
10fe0304
01fcfa02
fc161a06
06fef91a
fefc0801
02fafb0c
fb010200
fc0400f1
f206fb10
fcf41319
060a0405
0dfdff03
fc0c05fa
f1090207
f7080d01
f3fd1afe
fc03f20e
fdf905f7
f206f001
f3fa04f7
fc090101
f9fcf5ff
12ff000f
0c02f7f9
fb09f703
0506010e
ebf9ff05
0005ff20
f5e6ff07
f80b0bff
0af3f4fd
fffdfdec
f00cfd08
fffffd09
11070b01
f511fdfe
fdfd0b04
18f70303
03edfd01
02021308
f60a05fc
fe170400
fcff09fd
1b03fff7
090915f9
e00bf908
11070809
eff500fe
04fcf308
fdfd130d
13190203
0e1605fe
fb171004
e3ee1612
03f500fe
ff040e03
070bf10e
fefaeff9
d109fdfc
11070713
0013f503
28fc050f
00f5f004
01f8fcfe
000904ed
09fff3f8
f3eb0a03
050e0cfc
feff0ffc
0c02effa
07f7f7fa
faf5f6e6
f4fd0700
f007090c
13f303f7
fe0c00f9
fef1f700
00f805fb
fe05f90b
f2ffedf9
f9f4f3fe
f90a0efe
07f804f8
0b07f302
0317eeff
13fa09fb
02f4f70f
020410f6
f8f0f507
041211f9
cf0b19f6
19fd0808
080a08fb
07f2f8fa
fc00ff02
00ff040b
020102fb
05010400
f601fd03
0e030303
04000202
0404fff9
eb070804
05060df4
faf8ff10
fd08fe12
be16f8f7
f1021cfc
170d0a01
e218fafe
08fff905
f9fef508
f303fb01
07061003
e8f8f3ff
fc13ff05
092a1ffa
03fb09fa
010402f6
fd0aef03
0df3f8fb
03f5100d
ff0cfafe
fdfa00ff
080304ff
04fa03fb
eb06f5f9
fefbdf03
0e2dfbf3
f5f60af8
e23828fb
14ef020a
fa11edfb
f9e80b01
f6fe01fb
0a010302
fd130419
0005fcfc
fee90503
03f6fee6
08eaf602
fefde9ed
f009fd05
f502f3fa
ef03fa03
22f60af8
3d52f3fd
10110901
0516fd08
240504fb
221215fb
17fd03ed
0ad7fefd
f8f4ff23
d8301204
e70809f9
040003f8
dcec0c0d
03020fff
060f0510
00fa0403
08ffef02
efe90403
fe08f9fe
070a0000
020b06fc
f3ef06fd
f1061908
00e9fe01
12f203f3
ed01f701
050205ff
18061201
fcfffc03
08f10702
f70602f6
12faf5f6
06ec1df6
05d7f901
fa0ff5f4
f6ff0efc
f2feebf1
0ff705f4
03f901f9
030604ff
0a0202f3
f42df003
0709fcec
0206f9fd
fb0ffb06
fdfaf4e6
f500f904
e9fffdff
0e01eee5
0f13f9fd
03fefb14
04fdfe03
020a1501
0dff0efe
0efe0702
09040003
08020001
0e0706ff
f9f4fc02
ff02f3fa
ed030003
06fb0005
03f91202
0d000325
fb0209fb
fa3a0c02
fee3ecd8
07e4ff05
e3f4e708
fdfef80c
15f9fcf8
19020401
09180a14
17f5fbfa
07fb05f7
fce9fc07
edf80608
0bf20a03
fcf91008
04fa010c
fc0609f9
f3f6f9fd
fff3fa01
fc03f9fe
fe010bfc
070b0103
fffd1203
f403f812
0ff9fc0c
fbf4f1f8
fbfcfcef
f90a0505
ffed17ff
ee09fd00
f506150e
07cf0af1
00fd0805
2cfd0df9
08000e06
0e00f500
11fc0403
fa090bfc
02ffeef5
fffff5ec
f4f806fc
e60af8fe
11fcfffb
0afbf202
0709feff
05fd0af8
f9fc1000
ef0900f9
04050202
ecf5f503
0af908e3
fbf7f7fc
f304f2ff
f103fafb
01fafb00
09fe0af6
0b06fdf7
ed16ea02
f5000e10
fefdf700
15fa0203
ecf7f9f9
f800ee03
0aff07ff
05f90e0b
0bf9fcfe
18fbf7ff
06fb0803
eefefb07
fb0edb00
fdf71514
fce00d03
df1002f7
0df124f7
ecdc0119
000f1204
fbf018f7
fefa1f0a
070af0f8
06eff4ec
f9ee1a0e
fef029f7
f601f7fd
1116ecf7
effe0d04
0000f210
09f904f2
f70802fd
f417f3ff
f1030d01
ec190618
f6fe0400
0afc0c01
0bee08fd
10fe0dfc
0f040afa
060a0308
09f8f201
04f60408
fff5f3fb
eb16f009
030800fd
dcfadfec
05effa06
ffe10af2
0a1c00f9
fbf9ff0f
faf505fc
e809fcf9
f80407f1
ff07e8ff
05f402f2
f8f1fff6
0d111f05
f100f717
0700ff00
ef04ff00
f700fbfe
0efa08f8
fc140304
fd10f0fb
fef3e503
fbef09f2
e603f403
f403fd0f
07f7f909
f3fe0b02
0e100110
0514f810
fb020f01
02ff0606
080303f9
10f9faf6
ed05fdfa
fff1faf1
130617ef
0e01190c
e0faf507
fcec0bed
0d300efe
f60ee60b
f6f2fafe
fc020cfe
1006f90a
fe0b0b0a
00edfe0d
fef3f6fd
0a0d0305
e4070502
fbfaea00
02fefcfb
000afb05
010e01f5
0be1fb06
01fffcf5
f707fa00
050002ff
f6f70606
02fcf4f7
ed070708
fd11f90b
e212f603
1101fffd
f9f210fe
1309e903
f7ffe60e
edf42015
27fdfd0e
06fbf000
2f040100
eeebf8f5
f60c0cff
f1f70403
031004f2
0304fe04
ea06fdf2
faf5f1f2
f2e3f101
06ee02e9
0603fef7
07f607fc
fcff07fa
f702f501
f7f50005
04fdef17
0b00f601
ff01f902
f9fdf905
ecfffc01
09faebf0
00f60ffd
1e1c2bf9
0620f5fa
1c25f5fc
000a12ea
08f50602
e601f8fa
0cf8f9fe
feff0c00
1d00fc03
05ed1300
0a190af5
fdc8f5e0
070b00fa
132007f1
ff110717
070002f6
eae6ff0a
07f0f710
1018fb01
eafdff0c
fa05fcff
0a0200fa
fb0403e2
f8fff3fe
01261112
fef4ebf2
f83112fb
0b01fb00
f70cf605
d817ea0a
edf706fe
0506f803
f90505fd
f7f3e907
dee4ff0b
0f0203f4
f601ef01
00fced07
fa07fcfa
ff05fcf2
000003fb
f6030110
f1f3f3fb
1103f810
09030207
e5ef03f9
1a060603
f507ee08
01060013
f9f3fd0a
051debfc
0914fff6
f905fb01
1506fcff
fa07f4f6
f902fa00
0cfd050b
05f50601
180af601
f9fb07fc
fe040800
0f080605
03010309
ff00f904
0d01f702
fef91107
10ebf005
f914fdef
f9f7f2ff
09fffffc
eb0013fa
fefd100d
02f9fe05
fc040408
260ef805
03f7fff5
030006ff
d921011d
fb000604
1104f1f9
f81c02fc
0c05fdfa
2b13d9ff
f720f307
fbfb14ff
e10cf2f3
ff07fef1
08f61bfe
09fdfe0b
050129f8
eef9eefb
f4e4fc04
06fd0bfe
e9f90305
0905f90e
01f31f00
f3f60b07
f806f50a
f2fafcff
ffe90c12
ed160403
f1ee1111
01fcf808
08fdfa03
0ff9fd03
04050afd
f708f302
eaf701ea
00fa0004
f9effe00
0bf20706
fbfef0ed
fe0e07fa
01fbee03
f8f80002
02ed050d
fa240000
ff120307
37071f0b
ece517e1
f0c01b0a
060ffa05
cdcfd209
d9331322
0fce2403
b509dff2
08f505f5
f9f8f203
f1f8fefa
f01605e6
ea0d02fb
00ec091c
f6ee1805
15f90bf9
5496be74
7f81817f
81332132
91814cba
6bef9102
df0bf240
363bed03
4d0ce71f
f80a0616
f501f5f9
10e000fc
06f80bfc
2017edff
01f30411
fffaf202
fef0f4ef
f809fded
f704f508
e2fdf602
e01609f4
06000400
00f4fe1b
01fa0b04
fc0209fc
07fb1302
130801fc
03f90302
0e020cf3
0aebf202
0e010510
f6f7fc02
04110303
0105f10b
f801faf9
02f206f5
120005fa
271d0403
060405f9
f30cfbff
12fe0106
f4101005
f90001fa
fefdf9f8
f4f30009
28fcfe08
f305010d
0906e6fd
061603f3
f200fe08
070be10a
0f1609f6
fee103ef
06000df5
fc05f7f8
f8010e04
eaf51300
f210d7f4
fafbeb03
0d07fbfe
010d0b15
fef30d00
0bfdf904
03ff0002
09ff04fe
0600fefe
01fc05f7
fd0cf0ff
0bff0a0c
f6fbfffc
090202ee
fe02f904
0a0000ff
effa0208
0efcf6f6
fe0cf707
0907fb17
e80df007
fe07080c
f7050eff
040b0ffb
f301eff7
e703fa07
fd08f401
00f5ffe6
d0150903
0f1e0706
fff10b03
0d08f6f7
e9ed0fe3
131cf328
160def10
0ae7f413
f717fa00
22f0e6eb
00fde2fb
ef63ec00
09060b05
10fd0403
0ce4f303
04f9fa0d
112405f5
f9fdfeee
ffcf08fd
e5100106
f3fbf1fc
0703f80b
fc13020a
f11417fe
02f2e8fc
fff1f707
fbf31801
060d0cf1
f0f5fcfd
0d0cf202
e7f7fb0a
fd0ff3ff
e4090001
06ee0008
07f2fbfc
d303fdfc
f10becf8
05ff00fe
05030c0a
f90a00eb
fafbfc06
00ea0319
fafc0502
fffeff02
0b04f905
0503f8ff
0600f7f9
01ff0807
f5f6e500
f20102ef
f605f005
04fa0cfd
fbf7fd0b
050203fb
f4050804
030d07e7
ee1500fe
fbfe07fe
01fa02f9
20fafdfc
0bf2f9f3
05fef10c
0d050cfc
150406f1
fdf90504
02e900fd
06e103fe
ed250203
ed01fdf5
02fe06f5
f4fd0d09
08fbef0d
08f3fefb
09fe02f4
fc07f603
00f7040a
130df8ed
f8e3ecf4
0609002f
0be5ff04
1005fef9
ea07052c
150af905
0806d9ef
0a162ef4
00d9edea
e31c65b7
16ec1313
1104feeb
e90bfdfc
01fbd50d
f5eeffeb
fdf3f1eb
0013f9f3
0f1f0421
fd040317
00010914
ee050803
05ec0c04
f5f0e5f2
4205020f
f4de0b0a
f7f20016
010bfb07
2600ed04
fb031404
0b11fc03
f300f517
e2eef219
f003ebfc
fe101ffe
06080800
ff00f4fe
05f90f14
0b1200f6
05011ffa
c30adf2c
fc02eefe
191917ff
11fbf0fe
e0020e07
0ee7e7f4
f8fd17fe
e2e63100
eeff1207
fef0ff00
0f16cf0d
f50bf80d
f2ff1ff1
def7eef8
f5ed09f5
12041003
0fedfded
07df00f2
dd1f03fa
16d1e306
40ff0bf9
190006d8
e6131413
07e4d9f2
0bfa08fd
f90afc00
000918df
06fd04fc
f5faef0a
f00204fd
f90f0ffc
08fae60d
00f91c10
1304230f
39f42222
f8fc02e9
bcf8fbf9
e5f40d0d
f9010bfb
f7286a21
fc06fb0d
fff4e50f
fefee506
0f0bfaf6
120300f5
010c10db
07dc2002
340ba6f5
fb03f2e8
f603e4fe
f928c21d
0aff0401
06ffdbdf
1103edf5
021f26fc
01e6e605
05f7f611
020afbf4
faf71529
020c04ea
0a000bfa
0009f704
f5ec09fa
f9feb504
0f00f6ef
ff10f0fe
e5f2e00f
fd18f806
fefaf100
f50a1300
e9fffff7
0e09140a
0d0518fb
fd0df211
1102e2d9
eef6e10e
05010ff7
29120206
fdee0ff9
f21dfefe
f2fe0df6
fdf80106
030c1003
01f8fe04
08fd0006
f8fcf309
fefffbfa
f9140cfe
341925f4
03fce4fb
eed931d1
f3f90306
0f06f40e
e2fefc07
0ef1fc05
050b0aee
1022e823
f615fa0b
0e0523e1
19eefefb
c505ebf1
e903e812
e9e715fc
e3f613de
c624e71c
0bfbeaf3
030dc9c9
040f0813
1f02d7fd
03f7ea0a
00e7e9fb
fddae4c7
f9dfede5
07e00b0a
fb050932
e8001216
f8fcf6e7
ee1bfc0e
021cecf9
0af00a03
ef28f013
0b000af6
f5f3f016
100b03e6
17ffe000
e5ffef0f
010cfcfc
f0fd1802
f6f70ff9
f9fdf6fb
ff101107
fb0af908
f7f9ecf4
ff000bfc
fef209ee
06fac8f5
feebfaf8
09120108
fff60dfd
fcf3fa03
09042005
ff031608
02f0fe01
060af3fb
2d0f1d01
050bfc1c
03ed25f8
ffed0d01
1905f0fc
0c00eb04
02f7fe05
15fdf9f3
000bd3f2
010024ed
e7fb13fd
0afb0c03
0f050bfc
f60dde08
13fb0cf1
21f4d0d3
d9e517fa
fc07fb01
f6223704
e9cdf409
41fef9fe
09120610
0807fef6
0d040ef2
ff13ec04
05f9ec01
09e407e8
06e3fef0
16fa0b04
0901fa0b
f8f709f4
10f6eefd
f82502f8
02f2f9f7
f5fd22ed
02040b02
f50300ed
0f0411fe
06080602
08edf50c
07f6e910
fc1411fa
0815ecd3
f5dcfce7
0204f500
ef0ff211
edf7ee03
03240de4
e90dd4e0
00ed1b02
09f83efa
e7120201
24fd190e
1904f5ed
040af7fc
e4f00ffd
eafc0802
000601fb
fdfcf205
fe030201
0001070a
0eff02f4
01f6fc03
02fcf1fc
02020008
04150dff
ff0af9fe
03fd0102
310203f9
f7f8f8f5
04060a02
ffff12ff
f1f3150e
fa010e0e
0711ec37
ece50bf4
2400fd04
04f70b14
e9ed03fa
ec18d9f5
f3f9fa01
010302fc
02060a15
04ff0602
f5030000
0f01fc0b
00f90000
fd04f0fe
00090d15
fceff502
0f26d712
1627fcf6
c2fd0814
2efa0af2
e6fb11fb
090bc7fb
ef0e0217
04fdf2fd
1cdaa8e3
0d29fe17
2401e90b
d5fffa00
f0e50af2
fcefe707
ecf6050b
ff06f5f2
f319d51c
0f05fa04
1c01eaf7
03080217
f9150313
1d001e01
de11e91b
06df0bee
12f9c244
08dafae4
17f7dffe
09e7f9f2
d31f1703
02e424f9
210cf5f3
fb0eff03
f9031115
01ff01fe
04fbf605
e7f8faf5
f6f20207
e30a15ff
34de1a0e
050630fa
1212f8ef
0509f308
2501ed12
22ee16fd
ed2104f7
151afaee
fef6180a
0329090e
d512fce9
f502110b
d0030ffd
f5270929
efe5f3f4
1128d800
bc2cf906
feebfe0d
130e08f0
ec17f3f3
0703f814
09e8f7fc
fb1af400
0727bcfe
f03bd4f4
f8f0cb0f
efd28fff
ecedf5fd
ceff2113
d70826e5
19e2ed01
12f00e2a
c5d4e823
00161209
0d08f12a
1c3f07fa
31fcfc05
1af103e1
01141801
0bcccee9
f5d709e2
0601ef03
01f0bedb
f6f112fd
180b0e04
40ee00f9
0015210b
00f3330d
fdfc0c3c
0b000006
e5ecf8e2
dee7ff22
1000e205
52d0c3f7
e568fe12
0c9ac409
0e4a30bc
fc061b01
0954351c
fef0f603
f202f1e6
2209f6ee
e80403f1
010deb23
f304fbe5
fef0f500
f7faf9ef
04270009
e2f7f6fb
12fd0c22
0308e805
0defd709
04f41d39
080cfd05
f114eff8
160c09fa
d2000cf4
01e727ed
ff2ff70a
0d222f21
e9ff0d17
01e91109
1307f02e
fbe5fc15
160801fc
bffd1c07
f6e0f2ff
1a03811e
1d0212da
0310f007
07ef2bfe
0a01f200
16fcf905
20ff0215
01f00ef9
f8eeed0c
d7f6df3f
01faeee2
252422e2
0ff80811
2d032d08
360c08e2
27dffd03
d9c91606
08fc0a22
ee06100e
fde7f035
1a1efcff
d207e5d8
1e0c10f9
1af6fc01
fa1ed0fb
1b06d800
f6e806f9
08297f46
11f9e101
d3040e1c
bf0e110d
edd62108
f9067c12
fcc21409
06041ee2
dc09e6bd
fdea0303
28060407
06f3021c
0de9f50c
3523f10d
140e0b0e
fef1f007
071818a7
03e10910
16fa0b10
f916ef19
0f1e0b04
e6f3d8ff
ff15fe07
fbecfc09
0608fc09
04faf002
f70404ff
05f9ed0a
10ec080a
f3000b19
15db05fd
14f012ff
07ca24e4
150ff4fa
1ffe0807
f01412e9
f60f0409
000044f7
f04320f2
04f71308
0cde1005
fb080000
1efcf6e1
f905fee1
fff013fd
e90616ec
2b1bdd07
fdca1422
041de2e4
e805f330
d0fe08df
1e0aeb03
fd5cfcf5
0913a311
e0ff0b0f
fb0a05fd
fef50e0f
fefe00f6
fcfc190f
faf10209
faf103fa
fbfd08fe
2425080a
021ee101
f625a9de
0007fe08
f4fbfcfe
fb0502fa
14f60004
ed041307
ccff02fe
0501edfd
ee0edcfa
fd0a01fa
30fa1f0a
f00df109
09080af4
e9fefc0f
fd0afe06
09ed0701
fae8f610
f6f0fd00
19fffcfe
11000af6
fefafd02
0af80901
e01106f9
f90afcf7
11f90e11
000d03f3
03fd05fc
05040604
fef30ef6
0b07f504
e1f10ad5
01060902
f4c5d44f
e701fdec
0803daf4
0e0f01e4
14fcfdff
ecf92bfb
fae102ea
fcef05fb
031310e2
07f5f9fc
060612f8
fb0af7f9
f6fc0702
07f0fb14
181110f2
ffde070d
f6f51aff
06fcf3f3
23ff00fa
eff2fdf0
f6f904fe
00f92c12
fd0f0006
faed21f9
f20434f3
0e1405fc
f700f002
fcfa0efe
f3faf5fe
fa0bcfef
f80c1df4
010c06f4
0812f154
0aebf600
2f02090b
ff00230b
f9e00e0b
fcfec41e
ef050701
03f30c0a
fc021f22
f91602f7
0b030af5
fc060df0
f7fd05ff
f905f602
edf6080a
fc000501
f9e32dfd
1207fcfa
faff11fb
01fde6f8
f3fe0d02
f5fa07fc
f9f5f5ee
03f2ff08
f806d323
f2f60bfa
11fb0ff6
04090b16
fefefbfd
e600fd0c
e1ed0afd
0708f7ff
06052b00
fbf402f9
1cf9fbfa
fc1016f8
ff0d0bfe
13f8f1fc
00fd0909
0806fef1
f618f800
0dedf513
0b04fef3
f50107f2
fb010d0f
f1f9020a
f1f0fbe4
05f6eeff
04151110
f8f7f60c
0af504f6
0c1311f7
f80e0a00
f3070f0b
e6ebfdfb
fbf40fef
0216d6e9
0f0efd02
250006f7
0f0a1303
08f50bfd
f0e5fdf4
2081a881
029a8112
529ce4b0
7f0a7f7e
eb01e0d9
e7b0d095
0d818108
9b761e29
0909feef
fefe0306
05f914ff
03e9fef2
02040008
050412f6
fa05fc06
fe14e4f5
08f804fb
fbf7fd0a
06e50c07
09fbecf9
17fc1afd
05030101
fef3fb01
fa033205
e7100412
0708ed01
f9f21bf4
03eff90e
f3000704
f50400f4
f6dbf903
020a1408
2702fcef
f62406f0
f21909e0
080d04ed
23ff0c06
ea01e911
fb05f2ff
000123f1
ed21dbe4
fff3e9fe
1119f4fa
ed110f0d
1701f9fd
ed0ef1fe
0c070eff
da002212
0eedff28
f50cdaf0
eeeceb26
e9c7eb17
ec08e312
deef04fb
eaf00803
10ea2102
0214090e
fcf20310
090407f1
e9e609ef
ebfbeff8
f007fcfa
09ecf702
effb0904
28eb1805
81f5e881
3c81fcf5
f1ecf30f
dc10f3ee
12fdc1f8
81e5f1ef
0510db07
e0f9dc06
0205ff0b
fef0161b
180bfdf7
fd01fe0c
e704e7fd
031cf707
e5fa60f6
c4e4fde6
01fe0407
011fda54
020b04fb
20000efb
edfbec02
fffa10f6
fe145012
0909060a
0303ff15
0a070206
f50102fc
0101fb0a
02f9fbf6
f0101cf9
06141216
16fa11df
f7effc0f
f804e55b
17e1fff1
fc05e9fa
f212e213
0620fa02
f41646f2
daeb180c
03f1f30d
0b1a170d
fe0e06f1
18fff905
0b0af811
0cf4ecf6
f3fdaffb
180b00f4
010b05fd
0301daff
08f20504
fefbebf2
fcfaed04
000eff05
04050e0f
060100fc
fb0d0d0c
0df1fe0a
fa080108
1e0602f9
0605fa04
090efefd
fe041703
ec040300
010804fd
08f611f1
fcfcfa05
0f040105
24021309
15eaf303
060a1102
f7feff02
0a18f4ff
0633dc07
f41a1f09
0e0603ef
fbfd1c0c
01e9faf7
05f0e803
f3ef2717
feccb2f1
001eec0d
d605f204
b809ef0d
280c17f2
0ce63bde
d4f304e7
1a031015
fdffeff3
fb04e208
02fe0109
0e05f202
eefd1cfa
071c1803
050942fd
f4f1fff6
060808f8
f423fa28
08fd0603
0900f309
05f9f608
fb02f4fd
f3f322f6
02fdfe09
02fef602
f00a06fb
f8f8fa06
0af80405
f7f50400
0bf20302
0716db00
fbf411e0
f608f9fe
0cf418ea
fb130cff
080106f6
fc0a0415
1318fafa
0016111a
03f50e13
f5fa01fe
f7fa0407
0c0bfc05
0ffb1007
0cfa0405
fdfd0004
f3fef909
f2050dfe
0a020eee
07e016e9
100208f2
e508eff3
f00a0904
fe020203
0704edfa
1cf812fc
00fe01fd
0d0125ff
0b13faf6
e2fc0afb
f1000a0a
feff0afa
0705f319
870d2bfb
f3f906f0
f2f318e5
e96b01fe
e9810905
7102f52b
f7b7fa7f
f30ef43d
2616ede0
04fc040f
f3170702
fde80212
fdfe0000
0102e41c
ecf5f400
080a3aef
1310e507
fd05f105
0dfcec05
0903f301
b4051109
f9f3f905
0a060906
f1ef0fe8
fbf6f40d
feff21f4
fd060614
04f0f9fb
f8fe0203
06fbfa09
17f0f002
04fc41ff
07fb01fe
f20907fc
0d051bec
fffe0501
f30a0a08
08fbf80e
0e0d0003
1000070c
16f20dde
ff0206ed
f8fa1116
fdd51017
1b0305f5
e1070d05
04040607
0709fbf6
e3f2fe03
090df6f3
f50029e3
ef1a0600
210016f5
fbf8040c
f20123fb
081c1e04
fd00f607
fa0efdf9
f717fc01
fd000305
08040505
fefdfd01
021f0b03
fa060d18
2b0afbfd
fd0910f3
0706df00
0afefdf4
f904f30e
f9f00512
0d02090b
140c44f1
e1f1fb10
0107fafb
ff03fae9
fe09fdf7
12070008
1100f4fe
01e007fe
020a2109
fbecec00
04f5fe0e
021506f9
07f6f9fd
dd010406
160b0c01
f7e8fa07
01fed3f4
934eba06
fe7f6313
a2fa57dc
3d6dea63
05fe2bc9
8153aece
e722b60e
67abc328
e9ef04fa
f808f90e
030305fa
fa0dfcf2
10f902f7
0103f603
09faf7f8
040dfe0c
eaf00b07
f717fb02
f7e5eb13
08d3f907
f3041002
fffbfdfd
0a0801fd
f0fee10a
fdf7fc10
fae7f9fc
0df21503
1308f50a
1001110d
14fcfcfe
fb000bfd
06fedffb
eeeff119
000c0ef5
061001f4
01f70b08
ff03ee07
fa06f904
eb150605
f60b1af5
080cfe14
02ecf401
fef90d02
06eb0401
0ffff908
f802f9ef
fff9f508
f9e6def9
0828f008
faf0fb03
fdd9fcdc
0cf3feee
f5011d04
190f30e0
f811190c
fa193ed5
f705ed18
fd1000fb
090e04f1
fbf507fc
04faeaf2
ea0408f4
f60907fe
f6fafa03
0efe0502
fef6f813
fcf2ef1f
06f103fa
eb00fc07
f501f021
fe0ef803
00f4060d
f803ee01
0df403fb
0710ee11
040bfa03
e4fef105
0406080e
f20be700
03fa15fb
f601fb12
0711ff03
fdf5f609
050800fb
ee01fff4
faf8fdea
03060c03
f50e1ff2
dee904e7
fbe0f800
020feb05
ff2703e6
2303edf6
fb111c0b
200afef2
ec11a235
0d12fcfb
02f70908
0afc1322
11ecff05
ee040301
16fc03ef
06f0f908
fdf5d1f6
eff6fef3
fff30408
0e16d31f
f604fbfb
e7fdeffd
fe040509
01fe0301
fefdfff9
f9131403
02ff0000
07f115d8
fcff0103
07030208
02f908f5
05fd0706
000c0f05
f2020103
08fd03fc
090412fc
fa13fb03
1f0220fe
09fff809
03f31100
04fbf503
f1f9fbf6
0416f7ff
03081601
fb0605fd
e2ff02fa
0c00faf4
000cf806
e8fb21f0
05fcfd0d
04fff803
f813e4d3
f01a01fb
fe0101f5
08fcfefb
09ee0b01
fbf50a04
0ffcfe0d
000201fc
fdf2060d
08effe02
f60004ff
fe070108
0b040500
fe02f705
1a0c02e6
06fe0a06
06ebf220
f4e3ee01
0c051300
fff1fc02
ec1dfb12
f1040807
0e13f800
04f8fc06
11f1f506
0aeb0102
19fcfe0c
f8f9f513
f1010908
10f4e7f3
11f7fe0c
fd08f5ff
030c1702
040107fb
f1fbf7fd
ec09f709
000704fb
eff41405
f2ef0501
fffaf301
f7feedd3
f70ef9f9
0405ebf0
0401f7fe
03f40a00
00f7f20c
18fffe02
0007f40a
f6091504
f6080305
02fbfefa
f701f913
f1fe05fa
fe0208fd
f403080d
0106fe01
0ae90cd8
05e403fb
08070902
0708fb05
fb010906
07042d01
180c06f0
061503fc
0af503f3
fc07fef6
e0fdfff6
fd00fd03
fd0cf0f6
f806f700
f600f603
f8030b06
081800f1
f9f7f901
0007ff08
fbfc1fff
07fffc06
f508ee0d
ecf00815
f8f72509
f304daf7
eb130c0b
e900e1f7
13070fe8
0af8e5f8
040eeb17
0500fcfe
01000103
fffd03fa
06eafafe
f502fd04
f2fb06fc
0507fb0f
fbfd07f7
eb02fef3
f405060c
fe00d9f8
f7010101
0701f900
0dfefbff
04eefbf9
0ef41604
12f3f5fa
fe0908f8
0cff26ea
fdf6f5fa
12020105
fbf4f9df
10fc1b08
0913e4fd
1009fd0a
070404fd
08ff1a07
0706fb03
20fc0f06
11fb0003
0309fd02
fb05eb02
e9f0f30a
000c03f7
0912f708
0307e904
0b000703
ecf5f7fd
0ef80a00
f2fd3ff7
e107f114
0303ecf6
fc0afbf9
fa100001
ef02f2fa
ef0409f2
050201f7
f5092803
10071f09
05030704
0508ecee
f8f708fd
fd09f6fa
ff0b0100
03f4f807
f0fbe320
1908ea02
06f9fbf9
f40b0117
0ad5fcf7
1efd12ff
05f70afc
0dfefc02
f5fbd90a
1108fd02
04fd0003
f00cf9f1
0605ff07
1107f601
05fefbf3
01fe0105
fdf2e001
ff0302fe
f5f1fa00
fbfe1b12
fc10fe05
0004f70c
12fefafd
1112f703
01fbeb02
26f400f6
f90bfa03
00eb2004
f700f6ff
1a0af501
f4f60f0b
0ae00902
0dedf5f9
0f08e706
fefeecf9
fd15ef17
f9130502
0101f30c
f8fdfffb
0af302fe
fef9fef3
f50310f3
fd0bfc02
fe04ebf6
021c04ff
e500fa08
17050dfd
0ae9f8fc
f4f9f010
f9fbefee
fffafa09
fdfbe41c
03fd00f2
04041cf8
ff03ecfd
f9e50c03
0e17f001
020307e8
020cfcfc
07ff04e9
f7ef06f5
fffbe201
f008f6f2
fbfff901
f9f80d02
07ed0304
fefff8fa
00ff0ffc
04fe0108
00ff02f6
f3050a09
f512f90e
04060e0c
01f90f06
0af40005
f50c1622
fc03fef6
040001f9
f309f4fa
faeffbfd
f50bf216
f3f1110e
fcf6f905
f7142312
06fb030c
27020004
1cfc0cf7
08e6f301
01ed0bf9
13f1f010
07f700fb
fe0a04e4
0005fbfe
00fefff7
f90c0202
f205ff03
ff01e902
11fcfff5
fc07fd01
090223e7
feff0b06
fc03000a
fc0214f8
fe0b0803
f904ea09
ee2316f4
04fa010b
fd11e912
fbedfc01
e50011f6
180112ff
f4e6ea03
fd06f6f3
fc080afd
040103fc
f80df809
fc0908ff
0901f5fc
fe02000a
11fcf604
fdfcf6fe
1e0e08f2
05060204
0fed1d09
fcf6fd04
fb020dff
f7010df5
070e0dfe
f3fe1600
f60f0402
00f60202
fc150316
02fd0300
070304fa
f8fcf6fa
fdf1050a
fcfcf4f8
000d04f6
0504f704
f20003eb
f9f3f604
fffc06fd
13080bfb
eefaf9fd
fc13aa00
f3fefdfa
0205fbf6
04f40f03
fef80af8
0601f5fd
f7080f03
f9071100
08f1f317
0af8f309
fefa06fe
04ed17dd
faf20bf5
f9fbf206
f3090404
f3ff000a
feeb2301
09f7fb0e
0205090b
030b08ea
fb0e0602
e8faf900
fbfc07f5
f9fb0efe
0708dbfc
e70817f0
0afb04fb
05fe09fc
fe1c0105
f60301fe
02ff120c
f8fdfdf6
08fd1cf6
f7f502fc
0cfa09f9
0ee525f5
03fe0009
17fbfbf3
f50afa06
070408fc
f7f7e907
fe00f810
fdf50409
ff000804
02fa0205
0dfbfd07
0ef7f8f0
000b03fd
01fd1bf0
06f10203
00fa00fc
f2e81df8
0e00fb00
f904f5fc
0906ff0d
ff030a05
0500dbf7
04effff4
ed00060a
06020bf3
fb040bf8
de04fd01
08f70000
0c010206
0df616f2
f8030cf5
f90504fe
02ff100d
0d090004
fb0210f5
04011602
0bf613f1
f5fbe711
fdfc05f4
fc060906
fefc0505
fb0802fe
0bfcfeff
f6f7ff02
02fc0003
0303fcfe
1bfa0e14
fcee0efc
fd00f7db
ff12f600
0d00f8ff
190805f4
09f80b04
120602f5
ff0102fe
02020602
03f7ff00
fe0600ff
06ff0400
00000602
0203fdfe
ff00fafb
f60d0cef
000bfcf5
10070bfd
fa0afcf8
f202040b
fcfc10ff
fd100505
fc0d2301
d81106f8
03f10a07
eff0160a
f3000bfb
fffe0df8
f0fd01fa
f2f9eef5
f601f512
03fdfa06
001720f7
fbf718ec
09eef900
01010712
04fbfd05
03fb0400
05040409
0102fd02
06fb00f6
020206fc
fffffffe
0107fd00
0500fb03
f9fd00fe
ff040900
f00c030d
fb0e0703
f3f7f202
00130c06
0608fd03
ff020c10
06f8f8fc
fdf61201
08f70008
01fdfc01
f621f2e7
011506fc
f0fb00ff
f5faf7f6
041507fa
edfc1800
fcf503fd
fc1d0006
010700dc
03220dff
f502000c
fc080d05
04f7fef9
070bde08
280300f3
01f9f6fb
02f1f207
0b070904
f9030104
fbf40201
ff23fefd
fef3defa
fafcfcf8
01f50102
08f90d24
06000002
13fd0501
04f70604
000e09fa
050de309
efef01e1
031a1900
fcf4e2f0
0e0406f8
f601030f
ff07110b
f0130404
f0e806f3
06100903
060305ff
0e0cf1f7
01fb05fa
df06f705
0404f805
02fbfa02
00fb09fa
150cfd0e
09faeefd
ff050bfb
fffffcfc
050911fc
1904f709
fdf8f0fa
fa020505
f407f10d
03020200
f8f40e0b
000c00ff
0403fd06
0cfafafc
07fe0700
f0020503
ec0117fb
09320004
01fff2f1
00ea0202
e2fe13fd
16f9f7f7
e9fdfa01
0bf848e0
2bf21a14
f81810ff
fe081f0a
001ff6fd
f7f709fb
e8eff00b
fd1ceff8
e5f03dfd
0df9e0f3
f3f70bfc
00eef50b
fc1b030b
17010007
07f5fff5
0204fb01
00f0f1ff
deff0503
05fd0309
fbf813f3
ff0405fa
0cfdfbfc
0d0802ff
f30200f4
f0ffd31a
06040bf9
0406e30a
feee2f03
f6f5f904
ed0515f8
0506fb11
fdfd0806
e70008e1
17fe23e0
0401faf2
e7eee224
fb14fd06
0bfdd507
0afdfe04
16f0f4f7
26f209fb
29f504ee
fd0f0c02
0eefe502
fcfffcfb
eb02f506
dafbef0a
0aeffbe9
fbe5acfc
110700f5
03f5e4f8
04f4d22a
1204ef04
1af81115
f904f908
03171500
12fd03f8
0a170efd
010ffddf
fae4f42a
ff1cfc05
11fa08fa
f9fa0217
14f2faf4
0302e6f6
0a13da1b
06de1cf8
1008cc13
feed0803
2c00ee07
e5f60b1f
06f41100
fe07e306
1ff614fb
04f91ef0
010a01e6
faf70c09
f301f9f9
fbfc1006
0106fd05
fbf73dfa
03e402ee
0203090a
fd0919f3
f6d30319
1efbfb25
f1fd15ed
0ada04fa
0718ce01
fafd1206
06080302
04f10115
ee0a06fd
0bfdfafd
ed0204f2
121115fd
02ffe414
f3130b06
0bfa0b03
191a0ee3
fff40809
ff04dd1d
0af3fef2
eb110a07
fe09d805
0417ef02
06f6fc01
fbe13401
f01301eb
fffe0e0a
0bfafcfb
f316fe06
08f6ea0c
fe21f719
fe03f702
fbfde4ff
0617fae7
d6080d02
0efefd16
04edfbfc
f81129fb
02f2fffa
03f30c02
fd17fd0e
06eeff00
0502f8fd
09fdfef3
f1fefb05
fe020812
3328814a
feea4b0e
08e80dcf
2acd71a2
7f050bdc
fdfd5455
fbfb3a06
052f2146
28d905e7
010afe04
f0daf609
0804fc0f
ee0106fa
150b0313
0322f40b
081916f0
03d602f2
fe060cf7
fcfaea22
0ee801fe
22fbf50e
ff0e19fa
00f1eff5
00e2ec00
0705fefa
0306f7fc
fdf5050f
f9fcfaff
1a0209fe
02f9fc07
0bff0103
060601ff
dbfa0012
f803f309
f6e5ed1a
f62f02eb
170402fb
060213e6
e1ff05f5
04033114
f80bf403
f9f5fe08
030afdcd
04fb0605
10fd0905
f602f512
040b02fb
030512e9
1909ebfb
04fef3ee
00da0310
fcfcf3fb
ee00fce7
e80c04fa
0c060602
fb1dd007
0def1619
f5f109f3
001bd901
15f010ef
a9f91ff3
f0f215f7
eff2e9ff
fbecbaf1
fb0d311e
f40b1605
f50db919
f5e1222d
180611f4
0c0008f1
0620dfff
e5fdd5f7
03f0e4db
0102e8f8
f3064119
110ffb12
f0070bfb
fd02f418
13f30afa
1106180e
f4fdf7fe
f909effc
0608ea0c
e9030404
23020702
f5f60503
f9f3fdfe
1317ddef
1224eb01
09fcfe11
140afa05
eb0cfa11
37030811
fdf00301
fef8effb
f6fccc12
2400eaea
0cdb38f3
03d2d4dd
ebffe8fe
0301190a
00f5000b
0e0b0007
e30bfbe8
fb01fd03
0601fc05
16f803fd
0307fcf5
0d0500fb
01f703f3
0509f5fb
0cf202f9
0708f9f8
0104fc05
0af727fe
fff9f3fc
fd080303
f40113fa
0e0804ff
02f504ef
e4d5e810
05fff3fa
100afb06
f90815fe
c70327f3
0bf2e605
0d060903
2d014ff3
0a0100f2
06fe040b
0e000313
03f209f7
04030601
010407fb
04020bf9
0906e7f7
d32110eb
0001e4f5
f3eeff1c
2be5efeb
f30511fb
fe10fae8
2ff819fe
f9151dfb
e70106e2
040204e9
e2f8def3
f9d00af8
35fe05fb
e902ed0a
08061408
fe062209
01c9e3f2
0ad90202
0c130b52
0eeaf805
04fe0507
0cfbee16
1cfc14fc
2ef6d71b
3026d7f3
fcf5fe0b
eadcc1ca
0d40ebe2
a00008f6
1808fc20
050101f2
f7040311
f223200d
09fcf2f3
0916f2d8
00110ff6
0f03000f
f3030ffb
0e0aedfe
f219460d
f3f8fd06
01fc1ef6
0ad5bdf1
0cf6faf6
1bfbeb0a
f3fee60b
0c0ceb00
07f5e412
06fffddf
02fa15fc
e9f007e9
0bf70af5
19fa0b00
ea07dfe7
143ed1f9
c5da52ef
02dbeffe
0023d5fa
021ff104
fb1cfffc
1df9f9ff
f5080ae8
fa0509fb
010ee114
0a09f116
f50cf70f
1704e823
ff29fa03
15ff1306
fceefc03
1108fd00
13ffe8d5
00130e15
fafde405
f7e503f9
0901f5ec
0c04feff
0603fff0
0c080201
0102ebf9
3609e417
fc3628e9
fcf37404
fe14e2fc
e9fbef19
fef8f4fe
ebf2ebfc
e20adfd7
08fc33fd
08290b0d
04d6100e
daf80cf7
2404ecfe
1ce3ffe9
ebf829fb
0de9ae0f
02fed7f3
040ae7f4
0c1168e5
18e50c15
9efe172c
f6e9fbf6
1c22ed0d
3411cf2e
e30af8fd
03f50014
1208c704
fefafb00
fcf9f8f3
1600e014
07f00bf3
0805221d
f01ff9e0
09081008
0fe1d0f2
11be1813
dcf2fe06
0df4d11e
fa22240c
ee27f9fb
dcdc1e08
01d1e20d
d2d716d5
e4fae4f3
ce01e710
d8f3160c
e927e9f1
06eae5f1
23f0e8fc
1028eaec
f0eb1427
f63301db
b1030b10
e2e6e10d
f6c90d0f
1bff7dd3
0f05fdfc
0908f4f6
fb0ee420
f6f9fe05
1e05f7f7
fdf701fb
020803fa
fc05ee0e
faf5f9f6
0d000a00
fc101f00
09190a05
f1030602
ec051df3
fc2debfb
1204e6fc
12fbe515
fc1912f5
0a154049
e3c20323
e7fb14f6
2ce8f4f6
dc021cf3
14f82715
e100f5df
f90af90c
1010e824
08f405e7
05010a04
04fa0beb
051def01
0b0e03f5
29e525dd
0509f015
f1f00833
f8c20918
bb00e8f2
ec170514
0cf1140f
f1fccf04
11fa1611
04fb00f6
f111f6e6
020d000c
f9080803
0cfbfd0b
110bf902
f9fb2cfe
08e5ef24
07d5f6ff
0cebf2f0
0001f0e9
e1050400
f3f10509
f0050d04
faef320e
eb0efa00
f4ea1215
03ed0df5
0e10fdfd
e300eaf4
f81f09ff
0af9f1ec
e2fceffb
edf80ff7
0709fa10
08f00d08
080801f8
0e01fb0d
05060cee
eb140201
230d0ff5
d6dc1c06
fdc35315
062109f4
12dcfe0e
4404f5ee
ec09f729
0420f3f5
1c19d6ec
ddfb0610
02fcef08
f6f0f105
f50f0b09
1bfd0108
06fb0414
f6f10bfc
19f9fd09
0bfa050a
080602f6
ffe915d4
fdf8f907
fefdecfb
f1091108
1118fc02
04062a08
08f511f6
f80bfe0e
fcfaf1e9
050e0cfd
f804fb1e
de09fa03
f1fc040d
f1e12407
1b140913
03fce9f8
f0f10d23
f6e7000e
0d01fcfb
f7fae4fe
140b0007
f6eb28f8
fafa1700
f9fffc01
06ff00f5
03050404
0af7fcff
fd080203
fd0a07f6
06fdf7fd
17fb1505
ff2e26fd
e6d82528
f7f00dfa
e0020af5
08f3e90a
05f6f6ef
fbdebadb
1d0116f4
01f00a13
f5f9d9cf
0821f0f3
c80323f1
1f120003
f8ea0bfc
0404fcfd
fcd4f10c
03f0ee10
100314eb
fd0ce1f4
e805fe0a
f4e7f1e7
fafbf9f6
1725e2fb
ee150df6
ffe9f40a
08ec1cfc
fcf7fef4
0b0004fa
0a0616fb
0100fdfd
0a1005f3
0f0b0aed
fe090cfa
071dae67
013bf7f8
610df008
fc061c0d
06c9e916
070f21df
18121c0b
0afd0ffd
f70a08f3
f2110203
f207fa00
fcf6f403
0af60105
090c03f9
f3fd03f8
f614fe03
000a00f8
0f17fe01
0a061ff9
05070100
01fafdfc
f610e811
f4e90b05
050c2504
07f5f703
eff80b08
fdf9fc04
e603f7fe
fd18fefc
eff650fb
f3fc00fb
0d21f60c
0814132d
f400eb04
e30508e2
f4fcfbf0
00021700
f4f207ef
eb070ef4
fcebea02
0ff1e425
071cfb14
0908fcf8
080a1d04
fa101906
21030cef
14e2130a
08020e0a
0808081e
10fafbf1
e4ff03fc
fa0609fa
f71d0a06
f705b01c
eafc010c
0216fd07
0300cff5
fbf6fc2d
d9fef8ff
01f614db
0df72708
00fcf0f5
0816fa03
f9f6f7ff
f5f024f2
f6f8fdf9
06faf208
f70af90f
0321ee04
000222f4
0906f5ff
fc11fefc
0601f7e5
06ed00fc
e8fceefc
05ff0602
fff5ed05
01f9f3f2
e4fdf60b
fb00fe03
fbf2d9e7
fafaf1ec
22fb1804
0ffc04fb
f616fff3
f51436f4
55d24658
00a91aeb
2df2cd7f
951a580a
88ff7f7f
1f7f8181
18dd0302
3753a4c7
df31f8ff
fd20d0fd
dff636a8
24eefff1
d0fc2d27
ff07fd17
16e3e6f8
fc0f1f08
351f02ee
0032ffff
cf07e4e0
100304e4
b3fe0a09
000c0325
ddf9e30e
151654e4
24fb180c
f5e8ecff
ee0fe6f5
fc16f50b
1cfef20d
fa0419fb
1af200f3
03faf911
0c340b09
fef6f613
010afcd9
f9f4ed13
d4f808fd
ff0a23ef
fcf0fffe
06e806e4
0402fc06
0316f708
02fe0715
f7f20508
0ffdf706
07fd1403
f51af1fe
0c0f1efa
1302f905
040516f8
fa02ef12
f413fafb
25fd0900
edfd1d0a
0efaf50b
f5fce6fc
d40e07f6
ff0201ff
f80f0417
f9240efa
fbfff801
f4fff5f6
071a07f9
f1f3f8fd
1203ef02
eff7fafb
f30fed00
f80bf8fe
27fc0602
fc04fff7
01090106
031bf505
c6f9ec01
f625e90d
1efd1429
0f3301c4
2507fa2d
221000f1
fd19e8fa
e601f3f0
eaeb1af4
fb09e3fa
f01a09e7
fdf903e7
25f90010
f2fcf8fc
f7feffff
13fc08f7
09fa2305
fafd04f9
f21833f1
050804f5
11ff0102
fe070601
0ae4effd
06f1fa07
060c0c06
fa0af404
ff01ebe2
1205fdfd
fb030006
090af105
0102fdfb
0b0c0dfd
f3f6fa05
01f50302
f5030302
01fdfc03
dc01fffd
f1f7ec0f
fcf002fa
f4ee06fb
1cec0810
fffcf803
e41212d2
090d02fe
050106f5
190cfe09
f6f4f303
01fd0807
dafd0ff7
f80ef901
01fefcf3
f0fefc08
0909f4ff
ff09ff01
03fc0001
08062308
08fb0afe
021604fe
0f05eee2
09110006
ebfdf405
fa04fdf7
fe0c0103
fd00f4f4
ea150f36
f815e1e8
7f4c40e7
c24dcdf3
ccfb39cf
bc191bc5
2c4aba2b
4d81222c
e2f917e9
01fb0a04
0ef90f06
ffebfeef
e7fcfef6
fa06f1fa
01edfc07
fced03e5
fe08f9f1
07f7f4f8
00fa0303
0af3fcfc
fc030711
0ffb12fd
03faf602
1c01f400
f0ec1510
faf60e0b
d6f4fa18
fb0cfcf6
22020713
12fe29e0
f0260403
08192005
f906fce7
fcf01300
f70ae6e4
f50a050b
f302f704
05fd0b1c
190bf905
00e82307
eef705ee
f7f31004
fdedf5d8
0e06fffa
ef040500
0d0600f7
f4011900
06e80cef
e3f70103
f7f9ee03
e4f52c0d
f1fff705
12021af0
fd0b12e3
fcf109fa
e600e400
0ff408f5
ff08fc04
f802fc09
050c0001
07f5f8f6
f50d0cf7
fef4fff9
f3f5dbec
17fdff02
0a160f05
0ffcfffa
01f9f605
0907fa05
ff000602
06f0fc03
fdf30efb
14f502e9
01140afe
0508f9e9
02120aff
f601fb09
00f80205
ed17080a
0bfc2103
13f3ff04
040f0901
fd181406
f90ff503
1efefd00
12fcfd00
00faf1fb
fb18ede3
e7f6f314
00f6fb01
fefd24eb
f712f8fe
f3fafdf3
ef050afe
fcef00fc
f4fb03fd
f5fdde0b
f8020402
fdfff71d
06fbf9fc
06040703
0d00f4f8
04040b01
f7f6f8fb
19ebecf1
080f0300
051bef0a
f31e0810
10fdee0b
0d060003
fff2fbf8
06ffe115
fd0bf406
000bebfc
ed0335fa
fb1104f7
fef9f3ee
f906f6fc
e516fa02
0316f1fc
f515f5fb
02fff706
10f00cfa
f608fffd
11060603
0ffe1407
0ae40304
08fce0ee
fbff1afe
04fd17f9
14fbf31d
0a0efe08
0f03010e
f6fb010d
00f104fa
01001d0e
01f1f4fc
fb08f7f6
fcfa0e07
08f4050e
050507f8
fb0004fb
f60b1102
03f918ed
eb0503fd
fd070700
04fc25e7
030705fb
0204f902
030d06f8
fcf6fcff
1304dbf8
fd01fefc
07f703fd
03050c00
ffff0303
edfffbfe
070106fa
fcfd03fc
00fd11f9
281bd0ef
0d06070d
f7f5c1eb
f30bfb0c
e1fcf9fc
1afefe0d
ec030101
0afc2509
fbf6fbf9
0300f703
0f10fd18
0504f40c
0401ffef
f10af600
ff190706
ef1020f0
0a01f9fd
0f0e0200
1df40205
01edf4ff
0003ec01
f605f404
ff05fe0b
f103f803
1510df03
01fd000c
05f706ee
f40af50a
c9ff05fb
07faf81b
0a191cf6
f82bdc13
fbe9e4f2
030f08f9
f80debf8
f916f406
13080009
02f605f7
ffef0c0a
f60e130a
e2fe1703
020bf5f8
f20101f4
fc1004fc
2a09f6f2
1b0611e4
1ae3fcfd
010d380f
edfe0c03
06e9fa10
0f13dce6
fb200207
050106f9
fa02f0f3
f4ff0cf3
ebd0dd01
04f502f2
fa06fb04
fa0c00fa
08fd00fb
09fd0007
fe09eb05
07ff02fe
fb030b01
fcf4e8ff
021c0300
06f72115
00f604ec
e1fe03fc
25fdfe04
05f6f904
edf303fc
110d0afd
0300f9f1
0bf91611
08f507f5
02fcf808
f7fefa11
060efcfd
050fddfe
0026f618
06f50f05
f2050903
fa071206
f402fbef
05fbe6f9
fdf5f8f2
f3034300
1d020e14
03e5180e
0ffe2bfe
ff110707
0bfbf50c
eaf40400
f1ea02fb
fef01507
ef010405
02020006
09fa0601
fcf00304
f505f506
00ff0003
f7f9fdff
f6fb0102
dff20519
f9060c01
dbf7e201
0c060300
e000fd04
fef2fefd
02e4fa03
06fbf0ed
eeecf010
020808fb
03fcecf7
fbe201fd
effdefff
e800fcfb
fe060600
010809fe
fff7f118
fdf900fc
0007eeef
f60a0603
da00ef06
f3fcfefb
070c04f6
04160615
0e06fb0a
01f6e905
fcedf00d
f8fe0103
0903fbf9
f5fced06
00fc000b
fcf20f04
1b00f006
021103f7
fb08ea13
fdfd0201
1405ed05
f70502ea
120b1700
fbf4da1d
01fff404
fb0a0a08
00fc0c1d
13f20303
1d020406
0aff0a12
fa03fb08
080bd8fb
120b0ffc
070007fd
ff1716ec
fdf304fa
00fe01ff
f7020df0
00fb10f9
f3061301
f9f40e02
050e01fb
fafc06fd
07010efd
09010f06
00ff050e
0bf308fb
f9f4eafb
0c04f4ff
f700f900
f7fd0a0d
fbf701fe
1000f803
18fe02fc
18fc0102
01f30ef4
151311f8
03ebecfe
edec04fe
f30d0805
150503ef
fa0f17e4
0e1b0d06
03061605
0e0513ff
fdfef9f1
072910eb
f7fa0b00
2708f3fa
ecf8f206
06e7180a
04f30de4
06030e0a
fcf91500
e80a33e4
03fa02fc
fc04f5fc
f801f7fa
f8030e0a
0206e400
f412020a
fbfc1107
08f6e905
0bfc0400
0c0c02fe
02fd050d
fd03fd03
060808f0
f42e0afa
1404ddfb
0b01fdcb
f7cff90a
f1fe1604
07f9f6f9
00ef05fd
f410fef4
01fdfd07
fb03f307
fe08eb05
fff40102
0bf80008
f1fdfbfd
05010602
07ee0bf7
f50c0cff
04fd1004
e504f4e4
020912fa
1d0004f8
0efd03ff
000300fb
01f7c3da
10ea0908
f8f7fe01
f430fafd
0ff9ff0d
2103f407
f9f6f1fc
0606fc03
01030d07
f810efea
00f70919
00080911
f7fefbfa
d1fcf900
f8fa041b
0a10f0fe
e6f1e505
05080010
05000012
03f6e8f2
05fa01f6
f3faf504
09fc14f7
faf7f8fa
0400f3f7
f213f311
0408010a
fff4fe0b
02fc01fe
01050802
07fb0004
fd000001
000605f6
fb0400e0
02040b05
0203fd0a
0a04fd08
0602fe06
1a040402
f3fd0707
170317ee
1508f4fe
faf7fa06
f818f319
ef0d0cfd
0c07fdfe
13f70607
f2faf200
03051508
050305f2
050d15ff
fcf5ea1e
fbf80bf9
fc0407fc
f7f7fcfc
04100000
f1f85904
fdfafa02
0704f005
fcfbfcf5
fa01fff6
ecfe08fc
07f9fefa
fffff8fb
fcf806ff
37f31ee1
fee80302
dcf3dc22
f0ff08ff
1ffcf204
ef0c0c07
0612ea02
fe18fd13
041af2f5
ffed0cf9
13f8ec14
0c1602f8
0604f016
e8f8e808
0f12040d
ee04ef12
19edf7f7
f608f100
f3180211
ff1afe02
e60301f5
defe0408
0a060007
f9f50eff
fffd00f2
ff0a1310
121310f3
08e7fd04
d301fef8
29120d0f
e2ebf101
f711db08
fb10140d
08fd0705
f1ffffcc
091106e9
ebff0503
f607fc0c
02fefffc
f600fd0e
0efdf902
fa0d16fe
fbf50908
05ef00fa
03fbfe01
fcfbfbfa
01fbfd03
0204f207
f5fffafc
ff021501
f9f101db
03f90106
f004fb00
f809f2fa
fbfaf500
ebfcf4f1
0e0707f6
05000105
f70a0afc
0201fefb
e7fefe04
f3fc03f7
0607fc02
0102f7f8
00002203
0414fb00
190617ea
08f70604
ec01f008
05060116
020601f4
fb000aff
10ed0500
031606f8
fe00e0df
feff04f4
fb04d811
13041214
0419f908
160b33fc
0dfbdae8
06faf0f0
fcf7fff9
f6130500
fcff0707
03080215
eb1cfff8
e8f8be01
fafbf703
fa06fbf7
06f9dc27
f900fb0e
0b020700
f0f709f9
121f1603
f5f6110d
f00900f9
09190f09
091309f7
f62e0cfe
0ffc0704
f7010ffb
f50302f0
f812d50b
e3f91214
fe04f908
f708f9d0
fbfbfffe
f304fdfd
f00713fc
0af9f902
fa0b26f0
ee05f7fe
0ef61209
02f11a06
ff0601ff
05feee02
1803060d
feeceefc
0102dcf9
c6f229fc
0b1ff806
0d22af12
f8d3061b
1201fcff
fdf927c5
f0c4f311
320a5fe0
f5eff1f9
02e11304
00010b22
f90ffbf5
0bfcfd08
0afefbfb
0afdf202
faf9ebf0
7feddbc6
fc0b0efb
401adcb4
1981e081
6a0023b8
01d4e8b7
f30bc5ec
7fc0c97f
15f20200
0b0410f4
fefa2305
f7edfb01
fa06fffd
e5f5fff3
0aee0508
fb15fcfe
f0fff0ec
0bf805f7
ff0a2026
fa07fa00
1c05f2f5
180aee0a
09f7fdfe
f1fd03ff
0a001806
0014fa07
0b0d1303
0afc0403
24fd0b02
0906f3fe
01f903f7
fdfd14f2
02f9e70a
fdf80213
f2ffdb25
01f2f8f9
e7030601
0106f9f7
04fa0102
03f8fd03
11fbe1fb
050008fd
0c14011b
07edfe02
0102f008
fffb05fd
f80b0a01
e8fcd70c
f0f016fd
0401f5f6
f1fe2012
ef120ef9
fbff0a04
10fa0607
f9f117ff
170218f5
ed0812ec
0100eff6
0512ea00
0303fd03
21041800
ecf7ff17
05f7f7f0
fbf7fa03
f0030f0c
02fcfdfd
08ee0509
02f1fcfc
09fc03f8
f7fd0f05
00f4effe
0c023400
fdf7f000
07f30d03
08140ee0
fbf40604
0cfd01fb
04030902
0400fcfd
fefd06fc
0806f304
000300f4
f811fc06
05080cee
f8f8ecfe
0605f5fe
08fcf2f9
160213f8
4aed000b
f018f406
fdf22ef6
07f4fbf1
cb010108
e906ea13
0b29f400
e6012dfc
1704f3f3
fdfef6f6
05e9fd05
f9faf7f9
f90606fc
0dfef500
11fd0202
f4f7e405
20070bfe
00f402f8
fb02dff0
0708020f
f2fff1fe
0a06080e
07140fff
191a1af6
04f7f802
05ff0904
f708ee04
02080103
13070bfa
10060809
0907f6f8
f9f7fefe
211402fe
0100120c
f012f103
03f90409
f7fd08ff
100006fb
f9fa00fc
f2ee04fe
0300fb07
04080503
fb0bfbe4
fdf90901
e9fefd04
0402fc02
02fffffa
03010105
f808f8f6
01f115fd
f70001e9
fef3fd0e
f201050b
0b020cf6
faff08fa
06fd08fd
080c1102
04ec0005
0020f906
ffee0402
e4fcdf01
17fffaf3
0916fbf6
fbf5f500
fdf712fe
01100203
0704e9d4
fa0b03fb
1dff09f1
0f0bff0c
0b05fbfb
0509f8fb
